solid OpenSCAD_Model
  facet normal -0.999701 -0.0244487 0
    outer loop
      vertex 28.25 0 0
      vertex 28.2461 0.15947 8
      vertex 28.2461 0.15947 0
    endloop
  endfacet
  facet normal -0.999701 -0.0244487 0
    outer loop
      vertex 28.2461 0.15947 8
      vertex 28.25 0 0
      vertex 28.25 0 8
    endloop
  endfacet
  facet normal 0.0245067 -0.9997 0
    outer loop
      vertex 24.8405 3.24609 0
      vertex 25 3.25 8
      vertex 24.8405 3.24609 8
    endloop
  endfacet
  facet normal 0.0245067 -0.9997 0
    outer loop
      vertex 25 3.25 8
      vertex 24.8405 3.24609 0
      vertex 25 3.25 0
    endloop
  endfacet
  facet normal -0.0245067 0.9997 0
    outer loop
      vertex 25.1595 -3.24609 0
      vertex 25 -3.25 8
      vertex 25.1595 -3.24609 8
    endloop
  endfacet
  facet normal -0.0245067 0.9997 0
    outer loop
      vertex 25 -3.25 8
      vertex 25.1595 -3.24609 0
      vertex 25 -3.25 0
    endloop
  endfacet
  facet normal -0.689622 -0.724169 0
    outer loop
      vertex 27.1826 2.40809 0
      vertex 27.2981 2.2981 8
      vertex 27.1826 2.40809 8
    endloop
  endfacet
  facet normal -0.689622 -0.724169 -0
    outer loop
      vertex 27.2981 2.2981 8
      vertex 27.1826 2.40809 0
      vertex 27.2981 2.2981 0
    endloop
  endfacet
  facet normal 0.724227 -0.689561 0
    outer loop
      vertex 22.5919 2.18257 8
      vertex 22.7019 2.2981 1
      vertex 22.7019 2.2981 8
    endloop
  endfacet
  facet normal 0.724227 -0.689561 0
    outer loop
      vertex 22.7019 2.2981 1
      vertex 22.5919 2.18257 8
      vertex 22.5919 2.18257 1
    endloop
  endfacet
  facet normal 0.405121 -0.914263 0
    outer loop
      vertex 23.6104 2.93796 1
      vertex 23.7563 3.00261 8
      vertex 23.6104 2.93796 8
    endloop
  endfacet
  facet normal 0.405121 -0.914263 0
    outer loop
      vertex 23.7563 3.00261 8
      vertex 23.6104 2.93796 1
      vertex 23.7563 3.00261 1
    endloop
  endfacet
  facet normal -0.914307 -0.405021 0
    outer loop
      vertex 28.0026 1.24372 0
      vertex 27.938 1.38955 8
      vertex 27.938 1.38955 0
    endloop
  endfacet
  facet normal -0.914307 -0.405021 0
    outer loop
      vertex 27.938 1.38955 8
      vertex 28.0026 1.24372 0
      vertex 28.0026 1.24372 8
    endloop
  endfacet
  facet normal -0.359958 -0.932969 0
    outer loop
      vertex 26.0949 3.06002 0
      vertex 26.2437 3.00261 8
      vertex 26.0949 3.06002 8
    endloop
  endfacet
  facet normal -0.359958 -0.932969 -0
    outer loop
      vertex 26.2437 3.00261 8
      vertex 26.0949 3.06002 0
      vertex 26.2437 3.00261 0
    endloop
  endfacet
  facet normal -0.534903 -0.844914 0
    outer loop
      vertex 26.6708 2.78762 0
      vertex 26.8056 2.70228 8
      vertex 26.6708 2.78762 8
    endloop
  endfacet
  facet normal -0.534903 -0.844914 -0
    outer loop
      vertex 26.8056 2.70228 8
      vertex 26.6708 2.78762 0
      vertex 26.8056 2.70228 0
    endloop
  endfacet
  facet normal 0.933014 -0.35984 0
    outer loop
      vertex 21.94 1.09489 8
      vertex 21.9974 1.24372 1
      vertex 21.9974 1.24372 8
    endloop
  endfacet
  facet normal 0.933014 -0.35984 0
    outer loop
      vertex 21.9974 1.24372 1
      vertex 21.94 1.09489 8
      vertex 21.94 1.09489 1
    endloop
  endfacet
  facet normal 0.21902 -0.97572 0
    outer loop
      vertex 24.2103 3.1526 0
      vertex 24.366 3.18755 8
      vertex 24.2103 3.1526 8
    endloop
  endfacet
  facet normal 0.21902 -0.97572 0
    outer loop
      vertex 24.366 3.18755 8
      vertex 24.2103 3.1526 0
      vertex 24.366 3.18755 0
    endloop
  endfacet
  facet normal -0.975636 -0.219396 0
    outer loop
      vertex 28.1876 0.634043 0
      vertex 28.1526 0.789685 8
      vertex 28.1526 0.789685 0
    endloop
  endfacet
  facet normal -0.975636 -0.219396 0
    outer loop
      vertex 28.1526 0.789685 8
      vertex 28.1876 0.634043 0
      vertex 28.1876 0.634043 8
    endloop
  endfacet
  facet normal -0.817444 -0.576009 0
    outer loop
      vertex 27.7023 1.8056 0
      vertex 27.6104 1.93602 8
      vertex 27.6104 1.93602 0
    endloop
  endfacet
  facet normal -0.817444 -0.576009 0
    outer loop
      vertex 27.6104 1.93602 8
      vertex 27.7023 1.8056 0
      vertex 27.7023 1.8056 8
    endloop
  endfacet
  facet normal -0.87015 -0.492786 0
    outer loop
      vertex 27.8662 1.53204 0
      vertex 27.7876 1.67083 8
      vertex 27.7876 1.67083 0
    endloop
  endfacet
  facet normal -0.87015 -0.492786 0
    outer loop
      vertex 27.7876 1.67083 8
      vertex 27.8662 1.53204 0
      vertex 27.8662 1.53204 8
    endloop
  endfacet
  facet normal -0.171026 -0.985266 0
    outer loop
      vertex 25.4769 3.21482 0
      vertex 25.634 3.18755 8
      vertex 25.4769 3.21482 8
    endloop
  endfacet
  facet normal -0.171026 -0.985266 -0
    outer loop
      vertex 25.634 3.18755 8
      vertex 25.4769 3.21482 0
      vertex 25.634 3.18755 0
    endloop
  endfacet
  facet normal -0.615094 -0.788454 0
    outer loop
      vertex 26.936 2.61042 0
      vertex 27.0618 2.51228 8
      vertex 26.936 2.61042 8
    endloop
  endfacet
  facet normal -0.615094 -0.788454 -0
    outer loop
      vertex 27.0618 2.51228 8
      vertex 26.936 2.61042 0
      vertex 27.0618 2.51228 0
    endloop
  endfacet
  facet normal 0.985353 -0.170526 0
    outer loop
      vertex 21.7852 0.476873 8
      vertex 21.8124 0.634043 1
      vertex 21.8124 0.634043 8
    endloop
  endfacet
  facet normal 0.985353 -0.170526 0
    outer loop
      vertex 21.8124 0.634043 1
      vertex 21.7852 0.476873 8
      vertex 21.7852 0.476873 1
    endloop
  endfacet
  facet normal 0.844973 -0.534809 0
    outer loop
      vertex 22.2124 1.67083 8
      vertex 22.2977 1.8056 1
      vertex 22.2977 1.8056 8
    endloop
  endfacet
  facet normal 0.844973 -0.534809 0
    outer loop
      vertex 22.2977 1.8056 1
      vertex 22.2124 1.67083 8
      vertex 22.2124 1.67083 1
    endloop
  endfacet
  facet normal 0.5759 -0.81752 0
    outer loop
      vertex 23.064 2.61042 1
      vertex 23.1944 2.70228 8
      vertex 23.064 2.61042 8
    endloop
  endfacet
  facet normal 0.5759 -0.81752 0
    outer loop
      vertex 23.1944 2.70228 8
      vertex 23.064 2.61042 1
      vertex 23.1944 2.70228 1
    endloop
  endfacet
  facet normal 0.122445 -0.992475 0
    outer loop
      vertex 24.5231 3.21482 0
      vertex 24.6814 3.23435 8
      vertex 24.5231 3.21482 8
    endloop
  endfacet
  facet normal 0.122445 -0.992475 0
    outer loop
      vertex 24.6814 3.23435 8
      vertex 24.5231 3.21482 0
      vertex 24.6814 3.23435 0
    endloop
  endfacet
  facet normal -0.992424 0.122863 0
    outer loop
      vertex 28.2148 -0.476873 0
      vertex 28.2344 -0.318555 8
      vertex 28.2344 -0.318555 0
    endloop
  endfacet
  facet normal -0.992424 0.122863 0
    outer loop
      vertex 28.2344 -0.318555 8
      vertex 28.2148 -0.476873 0
      vertex 28.2148 -0.476873 8
    endloop
  endfacet
  facet normal -0.724227 0.689561 0
    outer loop
      vertex 27.2981 -2.2981 0
      vertex 27.4081 -2.18257 8
      vertex 27.4081 -2.18257 0
    endloop
  endfacet
  facet normal -0.724227 0.689561 0
    outer loop
      vertex 27.4081 -2.18257 8
      vertex 27.2981 -2.2981 0
      vertex 27.2981 -2.2981 8
    endloop
  endfacet
  facet normal -0.992424 -0.122863 0
    outer loop
      vertex 28.2344 0.318555 0
      vertex 28.2148 0.476873 8
      vertex 28.2148 0.476873 0
    endloop
  endfacet
  facet normal -0.992424 -0.122863 0
    outer loop
      vertex 28.2148 0.476873 8
      vertex 28.2344 0.318555 0
      vertex 28.2344 0.318555 8
    endloop
  endfacet
  facet normal -0.997306 -0.0733475 0
    outer loop
      vertex 28.2461 0.15947 0
      vertex 28.2344 0.318555 8
      vertex 28.2344 0.318555 0
    endloop
  endfacet
  facet normal -0.997306 -0.0733475 0
    outer loop
      vertex 28.2344 0.318555 8
      vertex 28.2461 0.15947 0
      vertex 28.2461 0.15947 8
    endloop
  endfacet
  facet normal -0.985353 -0.170526 0
    outer loop
      vertex 28.2148 0.476873 0
      vertex 28.1876 0.634043 8
      vertex 28.1876 0.634043 0
    endloop
  endfacet
  facet normal -0.985353 -0.170526 0
    outer loop
      vertex 28.1876 0.634043 8
      vertex 28.2148 0.476873 0
      vertex 28.2148 0.476873 8
    endloop
  endfacet
  facet normal -0.949411 -0.314036 0
    outer loop
      vertex 28.1101 0.943425 0
      vertex 28.06 1.09489 8
      vertex 28.06 1.09489 0
    endloop
  endfacet
  facet normal -0.949411 -0.314036 0
    outer loop
      vertex 28.06 1.09489 8
      vertex 28.1101 0.943425 0
      vertex 28.1101 0.943425 8
    endloop
  endfacet
  facet normal -0.933014 -0.35984 0
    outer loop
      vertex 28.06 1.09489 0
      vertex 28.0026 1.24372 8
      vertex 28.0026 1.24372 0
    endloop
  endfacet
  facet normal -0.933014 -0.35984 0
    outer loop
      vertex 28.0026 1.24372 8
      vertex 28.06 1.09489 0
      vertex 28.06 1.09489 8
    endloop
  endfacet
  facet normal -0.963849 -0.266447 0
    outer loop
      vertex 28.1526 0.789685 0
      vertex 28.1101 0.943425 8
      vertex 28.1101 0.943425 0
    endloop
  endfacet
  facet normal -0.963849 -0.266447 0
    outer loop
      vertex 28.1101 0.943425 8
      vertex 28.1526 0.789685 0
      vertex 28.1526 0.789685 8
    endloop
  endfacet
  facet normal -0.757191 -0.653194 0
    outer loop
      vertex 27.5123 2.06178 0
      vertex 27.4081 2.18257 8
      vertex 27.4081 2.18257 0
    endloop
  endfacet
  facet normal -0.757191 -0.653194 0
    outer loop
      vertex 27.4081 2.18257 8
      vertex 27.5123 2.06178 0
      vertex 27.5123 2.06178 8
    endloop
  endfacet
  facet normal -0.78848 -0.61506 0
    outer loop
      vertex 27.6104 1.93602 0
      vertex 27.5123 2.06178 8
      vertex 27.5123 2.06178 0
    endloop
  endfacet
  facet normal -0.78848 -0.61506 0
    outer loop
      vertex 27.5123 2.06178 8
      vertex 27.6104 1.93602 0
      vertex 27.6104 1.93602 8
    endloop
  endfacet
  facet normal -0.724227 -0.689561 0
    outer loop
      vertex 27.4081 2.18257 0
      vertex 27.2981 2.2981 8
      vertex 27.2981 2.2981 0
    endloop
  endfacet
  facet normal -0.724227 -0.689561 0
    outer loop
      vertex 27.2981 2.2981 8
      vertex 27.4081 2.18257 0
      vertex 27.4081 2.18257 8
    endloop
  endfacet
  facet normal -0.844973 -0.534809 0
    outer loop
      vertex 27.7876 1.67083 0
      vertex 27.7023 1.8056 8
      vertex 27.7023 1.8056 0
    endloop
  endfacet
  facet normal -0.844973 -0.534809 0
    outer loop
      vertex 27.7023 1.8056 8
      vertex 27.7876 1.67083 0
      vertex 27.7876 1.67083 8
    endloop
  endfacet
  facet normal -0.893032 -0.449994 0
    outer loop
      vertex 27.938 1.38955 0
      vertex 27.8662 1.53204 8
      vertex 27.8662 1.53204 0
    endloop
  endfacet
  facet normal -0.893032 -0.449994 0
    outer loop
      vertex 27.8662 1.53204 8
      vertex 27.938 1.38955 0
      vertex 27.938 1.38955 8
    endloop
  endfacet
  facet normal -0.07359 -0.997289 0
    outer loop
      vertex 25.1595 3.24609 0
      vertex 25.3186 3.23435 8
      vertex 25.1595 3.24609 8
    endloop
  endfacet
  facet normal -0.07359 -0.997289 -0
    outer loop
      vertex 25.3186 3.23435 8
      vertex 25.1595 3.24609 0
      vertex 25.3186 3.23435 0
    endloop
  endfacet
  facet normal -0.266745 -0.963767 0
    outer loop
      vertex 25.7897 3.1526 0
      vertex 25.9434 3.11006 8
      vertex 25.7897 3.1526 8
    endloop
  endfacet
  facet normal -0.266745 -0.963767 -0
    outer loop
      vertex 25.9434 3.11006 8
      vertex 25.7897 3.1526 0
      vertex 25.9434 3.11006 0
    endloop
  endfacet
  facet normal -0.313632 -0.949545 0
    outer loop
      vertex 25.9434 3.11006 0
      vertex 26.0949 3.06002 8
      vertex 25.9434 3.11006 8
    endloop
  endfacet
  facet normal -0.313632 -0.949545 -0
    outer loop
      vertex 26.0949 3.06002 8
      vertex 25.9434 3.11006 0
      vertex 26.0949 3.06002 0
    endloop
  endfacet
  facet normal -0.21902 -0.97572 0
    outer loop
      vertex 25.634 3.18755 0
      vertex 25.7897 3.1526 8
      vertex 25.634 3.18755 8
    endloop
  endfacet
  facet normal -0.21902 -0.97572 -0
    outer loop
      vertex 25.7897 3.1526 8
      vertex 25.634 3.18755 0
      vertex 25.7897 3.1526 0
    endloop
  endfacet
  facet normal -0.122445 -0.992475 0
    outer loop
      vertex 25.3186 3.23435 0
      vertex 25.4769 3.21482 8
      vertex 25.3186 3.23435 8
    endloop
  endfacet
  facet normal -0.122445 -0.992475 -0
    outer loop
      vertex 25.4769 3.21482 8
      vertex 25.3186 3.23435 0
      vertex 25.4769 3.21482 0
    endloop
  endfacet
  facet normal -0.0245067 -0.9997 0
    outer loop
      vertex 25 3.25 0
      vertex 25.1595 3.24609 8
      vertex 25 3.25 8
    endloop
  endfacet
  facet normal -0.0245067 -0.9997 -0
    outer loop
      vertex 25.1595 3.24609 8
      vertex 25 3.25 0
      vertex 25.1595 3.24609 0
    endloop
  endfacet
  facet normal -0.449821 -0.893119 0
    outer loop
      vertex 26.3896 2.93796 0
      vertex 26.532 2.86624 8
      vertex 26.3896 2.93796 8
    endloop
  endfacet
  facet normal -0.449821 -0.893119 -0
    outer loop
      vertex 26.532 2.86624 8
      vertex 26.3896 2.93796 0
      vertex 26.532 2.86624 0
    endloop
  endfacet
  facet normal -0.492854 -0.870112 0
    outer loop
      vertex 26.532 2.86624 0
      vertex 26.6708 2.78762 8
      vertex 26.532 2.86624 8
    endloop
  endfacet
  facet normal -0.492854 -0.870112 -0
    outer loop
      vertex 26.6708 2.78762 8
      vertex 26.532 2.86624 0
      vertex 26.6708 2.78762 0
    endloop
  endfacet
  facet normal -0.405121 -0.914263 0
    outer loop
      vertex 26.2437 3.00261 0
      vertex 26.3896 2.93796 8
      vertex 26.2437 3.00261 8
    endloop
  endfacet
  facet normal -0.405121 -0.914263 -0
    outer loop
      vertex 26.3896 2.93796 8
      vertex 26.2437 3.00261 0
      vertex 26.3896 2.93796 0
    endloop
  endfacet
  facet normal -0.5759 -0.81752 0
    outer loop
      vertex 26.8056 2.70228 0
      vertex 26.936 2.61042 8
      vertex 26.8056 2.70228 8
    endloop
  endfacet
  facet normal -0.5759 -0.81752 -0
    outer loop
      vertex 26.936 2.61042 8
      vertex 26.8056 2.70228 0
      vertex 26.936 2.61042 0
    endloop
  endfacet
  facet normal -0.653127 -0.757249 0
    outer loop
      vertex 27.0618 2.51228 0
      vertex 27.1826 2.40809 8
      vertex 27.0618 2.51228 8
    endloop
  endfacet
  facet normal -0.653127 -0.757249 -0
    outer loop
      vertex 27.1826 2.40809 8
      vertex 27.0618 2.51228 0
      vertex 27.1826 2.40809 0
    endloop
  endfacet
  facet normal 0.997306 -0.0733475 0
    outer loop
      vertex 21.7539 0.15947 8
      vertex 21.7656 0.318555 1
      vertex 21.7656 0.318555 8
    endloop
  endfacet
  facet normal 0.997306 -0.0733475 0
    outer loop
      vertex 21.7656 0.318555 1
      vertex 21.7539 0.15947 8
      vertex 21.7539 0.15947 1
    endloop
  endfacet
  facet normal 0.78848 -0.61506 0
    outer loop
      vertex 22.3896 1.93602 8
      vertex 22.4877 2.06178 1
      vertex 22.4877 2.06178 8
    endloop
  endfacet
  facet normal 0.78848 -0.61506 0
    outer loop
      vertex 22.4877 2.06178 1
      vertex 22.3896 1.93602 8
      vertex 22.3896 1.93602 1
    endloop
  endfacet
  facet normal 0.757191 -0.653194 0
    outer loop
      vertex 22.4877 2.06178 8
      vertex 22.5919 2.18257 1
      vertex 22.5919 2.18257 8
    endloop
  endfacet
  facet normal 0.757191 -0.653194 0
    outer loop
      vertex 22.5919 2.18257 1
      vertex 22.4877 2.06178 8
      vertex 22.4877 2.06178 1
    endloop
  endfacet
  facet normal 0.817444 -0.576009 0
    outer loop
      vertex 22.2977 1.8056 8
      vertex 22.3896 1.93602 1
      vertex 22.3896 1.93602 8
    endloop
  endfacet
  facet normal 0.817444 -0.576009 0
    outer loop
      vertex 22.3896 1.93602 1
      vertex 22.2977 1.8056 8
      vertex 22.2977 1.8056 1
    endloop
  endfacet
  facet normal 0.893032 -0.449994 0
    outer loop
      vertex 22.062 1.38955 8
      vertex 22.1338 1.53204 1
      vertex 22.1338 1.53204 8
    endloop
  endfacet
  facet normal 0.893032 -0.449994 0
    outer loop
      vertex 22.1338 1.53204 1
      vertex 22.062 1.38955 8
      vertex 22.062 1.38955 1
    endloop
  endfacet
  facet normal 0.914307 -0.405021 0
    outer loop
      vertex 21.9974 1.24372 8
      vertex 22.062 1.38955 1
      vertex 22.062 1.38955 8
    endloop
  endfacet
  facet normal 0.914307 -0.405021 0
    outer loop
      vertex 22.062 1.38955 1
      vertex 21.9974 1.24372 8
      vertex 21.9974 1.24372 1
    endloop
  endfacet
  facet normal 0.87015 -0.492786 0
    outer loop
      vertex 22.1338 1.53204 8
      vertex 22.2124 1.67083 1
      vertex 22.2124 1.67083 8
    endloop
  endfacet
  facet normal 0.87015 -0.492786 0
    outer loop
      vertex 22.2124 1.67083 1
      vertex 22.1338 1.53204 8
      vertex 22.1338 1.53204 1
    endloop
  endfacet
  facet normal 0.963849 -0.266447 0
    outer loop
      vertex 21.8474 0.789685 8
      vertex 21.8899 0.943425 1
      vertex 21.8899 0.943425 8
    endloop
  endfacet
  facet normal 0.963849 -0.266447 0
    outer loop
      vertex 21.8899 0.943425 1
      vertex 21.8474 0.789685 8
      vertex 21.8474 0.789685 1
    endloop
  endfacet
  facet normal 0.949411 -0.314036 0
    outer loop
      vertex 21.8899 0.943425 8
      vertex 21.94 1.09489 1
      vertex 21.94 1.09489 8
    endloop
  endfacet
  facet normal 0.949411 -0.314036 0
    outer loop
      vertex 21.94 1.09489 1
      vertex 21.8899 0.943425 8
      vertex 21.8899 0.943425 1
    endloop
  endfacet
  facet normal 0.975636 -0.219396 0
    outer loop
      vertex 21.8124 0.634043 8
      vertex 21.8474 0.789685 1
      vertex 21.8474 0.789685 8
    endloop
  endfacet
  facet normal 0.975636 -0.219396 0
    outer loop
      vertex 21.8474 0.789685 1
      vertex 21.8124 0.634043 8
      vertex 21.8124 0.634043 1
    endloop
  endfacet
  facet normal 0.992424 -0.122863 0
    outer loop
      vertex 21.7656 0.318555 8
      vertex 21.7852 0.476873 1
      vertex 21.7852 0.476873 8
    endloop
  endfacet
  facet normal 0.992424 -0.122863 0
    outer loop
      vertex 21.7852 0.476873 1
      vertex 21.7656 0.318555 8
      vertex 21.7656 0.318555 1
    endloop
  endfacet
  facet normal 0.999701 -0.0244487 0
    outer loop
      vertex 21.75 0 8
      vertex 21.7539 0.15947 1
      vertex 21.7539 0.15947 8
    endloop
  endfacet
  facet normal 0.999701 -0.0244487 0
    outer loop
      vertex 21.7539 0.15947 1
      vertex 21.75 0 8
      vertex 21.75 0 1
    endloop
  endfacet
  facet normal 0.653127 -0.757249 0
    outer loop
      vertex 22.8174 2.40809 1
      vertex 22.9382 2.51228 8
      vertex 22.8174 2.40809 8
    endloop
  endfacet
  facet normal 0.653127 -0.757249 0
    outer loop
      vertex 22.9382 2.51228 8
      vertex 22.8174 2.40809 1
      vertex 22.9382 2.51228 1
    endloop
  endfacet
  facet normal 0.492854 -0.870112 0
    outer loop
      vertex 23.3292 2.78762 1
      vertex 23.468 2.86624 8
      vertex 23.3292 2.78762 8
    endloop
  endfacet
  facet normal 0.492854 -0.870112 0
    outer loop
      vertex 23.468 2.86624 8
      vertex 23.3292 2.78762 1
      vertex 23.468 2.86624 1
    endloop
  endfacet
  facet normal 0.449821 -0.893119 0
    outer loop
      vertex 23.468 2.86624 1
      vertex 23.6104 2.93796 8
      vertex 23.468 2.86624 8
    endloop
  endfacet
  facet normal 0.449821 -0.893119 0
    outer loop
      vertex 23.6104 2.93796 8
      vertex 23.468 2.86624 1
      vertex 23.6104 2.93796 1
    endloop
  endfacet
  facet normal 0.534903 -0.844914 0
    outer loop
      vertex 23.1944 2.70228 1
      vertex 23.3292 2.78762 8
      vertex 23.1944 2.70228 8
    endloop
  endfacet
  facet normal 0.534903 -0.844914 0
    outer loop
      vertex 23.3292 2.78762 8
      vertex 23.1944 2.70228 1
      vertex 23.3292 2.78762 1
    endloop
  endfacet
  facet normal 0.615094 -0.788454 0
    outer loop
      vertex 22.9382 2.51228 1
      vertex 23.064 2.61042 8
      vertex 22.9382 2.51228 8
    endloop
  endfacet
  facet normal 0.615094 -0.788454 0
    outer loop
      vertex 23.064 2.61042 8
      vertex 22.9382 2.51228 1
      vertex 23.064 2.61042 1
    endloop
  endfacet
  facet normal 0.689622 -0.724169 0
    outer loop
      vertex 22.7019 2.2981 1
      vertex 22.8174 2.40809 8
      vertex 22.7019 2.2981 8
    endloop
  endfacet
  facet normal 0.689622 -0.724169 0
    outer loop
      vertex 22.8174 2.40809 8
      vertex 22.7019 2.2981 1
      vertex 22.8174 2.40809 1
    endloop
  endfacet
  facet normal 0.313632 -0.949545 0
    outer loop
      vertex 23.9051 3.06002 0
      vertex 24.0566 3.11006 8
      vertex 23.9051 3.06002 8
    endloop
  endfacet
  facet normal 0.313632 -0.949545 0
    outer loop
      vertex 24.0566 3.11006 8
      vertex 23.9051 3.06002 0
      vertex 24.0566 3.11006 0
    endloop
  endfacet
  facet normal 0.266745 -0.963767 0
    outer loop
      vertex 24.0566 3.11006 0
      vertex 24.2103 3.1526 8
      vertex 24.0566 3.11006 8
    endloop
  endfacet
  facet normal 0.266745 -0.963767 0
    outer loop
      vertex 24.2103 3.1526 8
      vertex 24.0566 3.11006 0
      vertex 24.2103 3.1526 0
    endloop
  endfacet
  facet normal 0.359958 -0.932969 0
    outer loop
      vertex 23.7563 3.00261 1
      vertex 23.9051 3.06002 8
      vertex 23.7563 3.00261 8
    endloop
  endfacet
  facet normal 0.359904 -0.932989 1.30306e-06
    outer loop
      vertex 23.8995 3.05785 1
      vertex 23.9051 3.06002 8
      vertex 23.7563 3.00261 1
    endloop
  endfacet
  facet normal 0.361321 -0.932441 0
    outer loop
      vertex 23.9051 3.06002 0
      vertex 23.8995 3.05785 1
      vertex 23.8995 3.05785 0
    endloop
  endfacet
  facet normal 0.361321 -0.932441 0
    outer loop
      vertex 23.8995 3.05785 1
      vertex 23.9051 3.06002 0
      vertex 23.9051 3.06002 8
    endloop
  endfacet
  facet normal 0.171026 -0.985266 0
    outer loop
      vertex 24.366 3.18755 0
      vertex 24.5231 3.21482 8
      vertex 24.366 3.18755 8
    endloop
  endfacet
  facet normal 0.171026 -0.985266 0
    outer loop
      vertex 24.5231 3.21482 8
      vertex 24.366 3.18755 0
      vertex 24.5231 3.21482 0
    endloop
  endfacet
  facet normal 0.07359 -0.997289 0
    outer loop
      vertex 24.6814 3.23435 0
      vertex 24.8405 3.24609 8
      vertex 24.6814 3.23435 8
    endloop
  endfacet
  facet normal 0.07359 -0.997289 0
    outer loop
      vertex 24.8405 3.24609 8
      vertex 24.6814 3.23435 0
      vertex 24.8405 3.24609 0
    endloop
  endfacet
  facet normal -0.999701 0.0244487 0
    outer loop
      vertex 28.2461 -0.15947 0
      vertex 28.25 0 8
      vertex 28.25 0 0
    endloop
  endfacet
  facet normal -0.999701 0.0244487 0
    outer loop
      vertex 28.25 0 8
      vertex 28.2461 -0.15947 0
      vertex 28.2461 -0.15947 8
    endloop
  endfacet
  facet normal -0.933014 0.35984 0
    outer loop
      vertex 28.0026 -1.24372 0
      vertex 28.06 -1.09489 8
      vertex 28.06 -1.09489 0
    endloop
  endfacet
  facet normal -0.933014 0.35984 0
    outer loop
      vertex 28.06 -1.09489 8
      vertex 28.0026 -1.24372 0
      vertex 28.0026 -1.24372 8
    endloop
  endfacet
  facet normal -0.757191 0.653194 0
    outer loop
      vertex 27.4081 -2.18257 0
      vertex 27.5123 -2.06178 8
      vertex 27.5123 -2.06178 0
    endloop
  endfacet
  facet normal -0.757191 0.653194 0
    outer loop
      vertex 27.5123 -2.06178 8
      vertex 27.4081 -2.18257 0
      vertex 27.4081 -2.18257 8
    endloop
  endfacet
  facet normal -0.449821 0.893119 0
    outer loop
      vertex 26.532 -2.86624 0
      vertex 26.3896 -2.93796 8
      vertex 26.532 -2.86624 8
    endloop
  endfacet
  facet normal -0.449821 0.893119 0
    outer loop
      vertex 26.3896 -2.93796 8
      vertex 26.532 -2.86624 0
      vertex 26.3896 -2.93796 0
    endloop
  endfacet
  facet normal 0.963849 0.266447 0
    outer loop
      vertex 21.8899 -0.943425 8
      vertex 21.8474 -0.789685 1
      vertex 21.8474 -0.789685 8
    endloop
  endfacet
  facet normal 0.963849 0.266447 0
    outer loop
      vertex 21.8474 -0.789685 1
      vertex 21.8899 -0.943425 8
      vertex 21.8899 -0.943425 1
    endloop
  endfacet
  facet normal -0.21902 0.97572 0
    outer loop
      vertex 25.7897 -3.1526 0
      vertex 25.634 -3.18755 8
      vertex 25.7897 -3.1526 8
    endloop
  endfacet
  facet normal -0.21902 0.97572 0
    outer loop
      vertex 25.634 -3.18755 8
      vertex 25.7897 -3.1526 0
      vertex 25.634 -3.18755 0
    endloop
  endfacet
  facet normal -0.359958 0.932969 0
    outer loop
      vertex 26.2437 -3.00261 0
      vertex 26.0949 -3.06002 8
      vertex 26.2437 -3.00261 8
    endloop
  endfacet
  facet normal -0.359958 0.932969 0
    outer loop
      vertex 26.0949 -3.06002 8
      vertex 26.2437 -3.00261 0
      vertex 26.0949 -3.06002 0
    endloop
  endfacet
  facet normal 0.999701 0.0244487 0
    outer loop
      vertex 21.7539 -0.15947 8
      vertex 21.75 0 1
      vertex 21.75 0 8
    endloop
  endfacet
  facet normal 0.999701 0.0244487 0
    outer loop
      vertex 21.75 0 1
      vertex 21.7539 -0.15947 8
      vertex 21.7539 -0.15947 1
    endloop
  endfacet
  facet normal -0.975636 0.219396 0
    outer loop
      vertex 28.1526 -0.789685 0
      vertex 28.1876 -0.634043 8
      vertex 28.1876 -0.634043 0
    endloop
  endfacet
  facet normal -0.975636 0.219396 0
    outer loop
      vertex 28.1876 -0.634043 8
      vertex 28.1526 -0.789685 0
      vertex 28.1526 -0.789685 8
    endloop
  endfacet
  facet normal -0.985353 0.170526 0
    outer loop
      vertex 28.1876 -0.634043 0
      vertex 28.2148 -0.476873 8
      vertex 28.2148 -0.476873 0
    endloop
  endfacet
  facet normal -0.985353 0.170526 0
    outer loop
      vertex 28.2148 -0.476873 8
      vertex 28.1876 -0.634043 0
      vertex 28.1876 -0.634043 8
    endloop
  endfacet
  facet normal -0.997306 0.0733475 0
    outer loop
      vertex 28.2344 -0.318555 0
      vertex 28.2461 -0.15947 8
      vertex 28.2461 -0.15947 0
    endloop
  endfacet
  facet normal -0.997306 0.0733475 0
    outer loop
      vertex 28.2461 -0.15947 8
      vertex 28.2344 -0.318555 0
      vertex 28.2344 -0.318555 8
    endloop
  endfacet
  facet normal -0.949411 0.314036 0
    outer loop
      vertex 28.06 -1.09489 0
      vertex 28.1101 -0.943425 8
      vertex 28.1101 -0.943425 0
    endloop
  endfacet
  facet normal -0.949411 0.314036 0
    outer loop
      vertex 28.1101 -0.943425 8
      vertex 28.06 -1.09489 0
      vertex 28.06 -1.09489 8
    endloop
  endfacet
  facet normal -0.87015 0.492786 0
    outer loop
      vertex 27.7876 -1.67083 0
      vertex 27.8662 -1.53204 8
      vertex 27.8662 -1.53204 0
    endloop
  endfacet
  facet normal -0.87015 0.492786 0
    outer loop
      vertex 27.8662 -1.53204 8
      vertex 27.7876 -1.67083 0
      vertex 27.7876 -1.67083 8
    endloop
  endfacet
  facet normal -0.914307 0.405021 0
    outer loop
      vertex 27.938 -1.38955 0
      vertex 28.0026 -1.24372 8
      vertex 28.0026 -1.24372 0
    endloop
  endfacet
  facet normal -0.914307 0.405021 0
    outer loop
      vertex 28.0026 -1.24372 8
      vertex 27.938 -1.38955 0
      vertex 27.938 -1.38955 8
    endloop
  endfacet
  facet normal -0.817444 0.576009 0
    outer loop
      vertex 27.6104 -1.93602 0
      vertex 27.7023 -1.8056 8
      vertex 27.7023 -1.8056 0
    endloop
  endfacet
  facet normal -0.817444 0.576009 0
    outer loop
      vertex 27.7023 -1.8056 8
      vertex 27.6104 -1.93602 0
      vertex 27.6104 -1.93602 8
    endloop
  endfacet
  facet normal 0.359958 0.932969 1.25399e-06
    outer loop
      vertex 23.9051 -3.06002 8
      vertex 23.8995 -3.05785 1
      vertex 23.7563 -3.00261 8
    endloop
  endfacet
  facet normal 0.361321 0.932441 -0
    outer loop
      vertex 23.9051 -3.06002 0
      vertex 23.8995 -3.05785 1
      vertex 23.9051 -3.06002 8
    endloop
  endfacet
  facet normal 0.361321 0.932441 0
    outer loop
      vertex 23.8995 -3.05785 1
      vertex 23.9051 -3.06002 0
      vertex 23.8995 -3.05785 0
    endloop
  endfacet
  facet normal 0.359904 0.932989 0
    outer loop
      vertex 23.7563 -3.00261 8
      vertex 23.8995 -3.05785 1
      vertex 23.7563 -3.00261 1
    endloop
  endfacet
  facet normal 0.985353 0.170526 0
    outer loop
      vertex 21.8124 -0.634043 8
      vertex 21.7852 -0.476873 1
      vertex 21.7852 -0.476873 8
    endloop
  endfacet
  facet normal 0.985353 0.170526 0
    outer loop
      vertex 21.7852 -0.476873 1
      vertex 21.8124 -0.634043 8
      vertex 21.8124 -0.634043 1
    endloop
  endfacet
  facet normal -0.405121 0.914263 0
    outer loop
      vertex 26.3896 -2.93796 0
      vertex 26.2437 -3.00261 8
      vertex 26.3896 -2.93796 8
    endloop
  endfacet
  facet normal -0.405121 0.914263 0
    outer loop
      vertex 26.2437 -3.00261 8
      vertex 26.3896 -2.93796 0
      vertex 26.2437 -3.00261 0
    endloop
  endfacet
  facet normal -0.963849 0.266447 0
    outer loop
      vertex 28.1101 -0.943425 0
      vertex 28.1526 -0.789685 8
      vertex 28.1526 -0.789685 0
    endloop
  endfacet
  facet normal -0.963849 0.266447 0
    outer loop
      vertex 28.1526 -0.789685 8
      vertex 28.1101 -0.943425 0
      vertex 28.1101 -0.943425 8
    endloop
  endfacet
  facet normal -0.844973 0.534809 0
    outer loop
      vertex 27.7023 -1.8056 0
      vertex 27.7876 -1.67083 8
      vertex 27.7876 -1.67083 0
    endloop
  endfacet
  facet normal -0.844973 0.534809 0
    outer loop
      vertex 27.7876 -1.67083 8
      vertex 27.7023 -1.8056 0
      vertex 27.7023 -1.8056 8
    endloop
  endfacet
  facet normal -0.78848 0.61506 0
    outer loop
      vertex 27.5123 -2.06178 0
      vertex 27.6104 -1.93602 8
      vertex 27.6104 -1.93602 0
    endloop
  endfacet
  facet normal -0.78848 0.61506 0
    outer loop
      vertex 27.6104 -1.93602 8
      vertex 27.5123 -2.06178 0
      vertex 27.5123 -2.06178 8
    endloop
  endfacet
  facet normal -0.653127 0.757249 0
    outer loop
      vertex 27.1826 -2.40809 0
      vertex 27.0618 -2.51228 8
      vertex 27.1826 -2.40809 8
    endloop
  endfacet
  facet normal -0.653127 0.757249 0
    outer loop
      vertex 27.0618 -2.51228 8
      vertex 27.1826 -2.40809 0
      vertex 27.0618 -2.51228 0
    endloop
  endfacet
  facet normal -0.534903 0.844914 0
    outer loop
      vertex 26.8056 -2.70228 0
      vertex 26.6708 -2.78762 8
      vertex 26.8056 -2.70228 8
    endloop
  endfacet
  facet normal -0.534903 0.844914 0
    outer loop
      vertex 26.6708 -2.78762 8
      vertex 26.8056 -2.70228 0
      vertex 26.6708 -2.78762 0
    endloop
  endfacet
  facet normal 0.0245067 0.9997 -0
    outer loop
      vertex 25 -3.25 0
      vertex 24.8405 -3.24609 8
      vertex 25 -3.25 8
    endloop
  endfacet
  facet normal 0.0245067 0.9997 0
    outer loop
      vertex 24.8405 -3.24609 8
      vertex 25 -3.25 0
      vertex 24.8405 -3.24609 0
    endloop
  endfacet
  facet normal 0.07359 0.997289 -0
    outer loop
      vertex 24.8405 -3.24609 0
      vertex 24.6814 -3.23435 8
      vertex 24.8405 -3.24609 8
    endloop
  endfacet
  facet normal 0.07359 0.997289 0
    outer loop
      vertex 24.6814 -3.23435 8
      vertex 24.8405 -3.24609 0
      vertex 24.6814 -3.23435 0
    endloop
  endfacet
  facet normal 0.615094 0.788454 -0
    outer loop
      vertex 23.064 -2.61042 1
      vertex 22.9382 -2.51228 8
      vertex 23.064 -2.61042 8
    endloop
  endfacet
  facet normal 0.615094 0.788454 0
    outer loop
      vertex 22.9382 -2.51228 8
      vertex 23.064 -2.61042 1
      vertex 22.9382 -2.51228 1
    endloop
  endfacet
  facet normal 0.313632 0.949545 -0
    outer loop
      vertex 24.0566 -3.11006 0
      vertex 23.9051 -3.06002 8
      vertex 24.0566 -3.11006 8
    endloop
  endfacet
  facet normal 0.313632 0.949545 0
    outer loop
      vertex 23.9051 -3.06002 8
      vertex 24.0566 -3.11006 0
      vertex 23.9051 -3.06002 0
    endloop
  endfacet
  facet normal 0.817444 0.576009 0
    outer loop
      vertex 22.3896 -1.93602 8
      vertex 22.2977 -1.8056 1
      vertex 22.2977 -1.8056 8
    endloop
  endfacet
  facet normal 0.817444 0.576009 0
    outer loop
      vertex 22.2977 -1.8056 1
      vertex 22.3896 -1.93602 8
      vertex 22.3896 -1.93602 1
    endloop
  endfacet
  facet normal 0.757191 0.653194 0
    outer loop
      vertex 22.5919 -2.18257 8
      vertex 22.4877 -2.06178 1
      vertex 22.4877 -2.06178 8
    endloop
  endfacet
  facet normal 0.757191 0.653194 0
    outer loop
      vertex 22.4877 -2.06178 1
      vertex 22.5919 -2.18257 8
      vertex 22.5919 -2.18257 1
    endloop
  endfacet
  facet normal 0.689622 0.724169 -0
    outer loop
      vertex 22.8174 -2.40809 1
      vertex 22.7019 -2.2981 8
      vertex 22.8174 -2.40809 8
    endloop
  endfacet
  facet normal 0.689622 0.724169 0
    outer loop
      vertex 22.7019 -2.2981 8
      vertex 22.8174 -2.40809 1
      vertex 22.7019 -2.2981 1
    endloop
  endfacet
  facet normal 0.949411 0.314036 0
    outer loop
      vertex 21.94 -1.09489 8
      vertex 21.8899 -0.943425 1
      vertex 21.8899 -0.943425 8
    endloop
  endfacet
  facet normal 0.949411 0.314036 0
    outer loop
      vertex 21.8899 -0.943425 1
      vertex 21.94 -1.09489 8
      vertex 21.94 -1.09489 1
    endloop
  endfacet
  facet normal 0.914307 0.405021 0
    outer loop
      vertex 22.062 -1.38955 8
      vertex 21.9974 -1.24372 1
      vertex 21.9974 -1.24372 8
    endloop
  endfacet
  facet normal 0.914307 0.405021 0
    outer loop
      vertex 21.9974 -1.24372 1
      vertex 22.062 -1.38955 8
      vertex 22.062 -1.38955 1
    endloop
  endfacet
  facet normal 0.975636 0.219396 0
    outer loop
      vertex 21.8474 -0.789685 8
      vertex 21.8124 -0.634043 1
      vertex 21.8124 -0.634043 8
    endloop
  endfacet
  facet normal 0.975636 0.219396 0
    outer loop
      vertex 21.8124 -0.634043 1
      vertex 21.8474 -0.789685 8
      vertex 21.8474 -0.789685 1
    endloop
  endfacet
  facet normal 0.992424 0.122863 0
    outer loop
      vertex 21.7852 -0.476873 8
      vertex 21.7656 -0.318555 1
      vertex 21.7656 -0.318555 8
    endloop
  endfacet
  facet normal 0.992424 0.122863 0
    outer loop
      vertex 21.7656 -0.318555 1
      vertex 21.7852 -0.476873 8
      vertex 21.7852 -0.476873 1
    endloop
  endfacet
  facet normal 0.997306 0.0733475 0
    outer loop
      vertex 21.7656 -0.318555 8
      vertex 21.7539 -0.15947 1
      vertex 21.7539 -0.15947 8
    endloop
  endfacet
  facet normal 0.997306 0.0733475 0
    outer loop
      vertex 21.7539 -0.15947 1
      vertex 21.7656 -0.318555 8
      vertex 21.7656 -0.318555 1
    endloop
  endfacet
  facet normal -0.313632 0.949545 0
    outer loop
      vertex 26.0949 -3.06002 0
      vertex 25.9434 -3.11006 8
      vertex 26.0949 -3.06002 8
    endloop
  endfacet
  facet normal -0.313632 0.949545 0
    outer loop
      vertex 25.9434 -3.11006 8
      vertex 26.0949 -3.06002 0
      vertex 25.9434 -3.11006 0
    endloop
  endfacet
  facet normal -0.893032 0.449994 0
    outer loop
      vertex 27.8662 -1.53204 0
      vertex 27.938 -1.38955 8
      vertex 27.938 -1.38955 0
    endloop
  endfacet
  facet normal -0.893032 0.449994 0
    outer loop
      vertex 27.938 -1.38955 8
      vertex 27.8662 -1.53204 0
      vertex 27.8662 -1.53204 8
    endloop
  endfacet
  facet normal -0.689622 0.724169 0
    outer loop
      vertex 27.2981 -2.2981 0
      vertex 27.1826 -2.40809 8
      vertex 27.2981 -2.2981 8
    endloop
  endfacet
  facet normal -0.689622 0.724169 0
    outer loop
      vertex 27.1826 -2.40809 8
      vertex 27.2981 -2.2981 0
      vertex 27.1826 -2.40809 0
    endloop
  endfacet
  facet normal -0.5759 0.81752 0
    outer loop
      vertex 26.936 -2.61042 0
      vertex 26.8056 -2.70228 8
      vertex 26.936 -2.61042 8
    endloop
  endfacet
  facet normal -0.5759 0.81752 0
    outer loop
      vertex 26.8056 -2.70228 8
      vertex 26.936 -2.61042 0
      vertex 26.8056 -2.70228 0
    endloop
  endfacet
  facet normal -0.615094 0.788454 0
    outer loop
      vertex 27.0618 -2.51228 0
      vertex 26.936 -2.61042 8
      vertex 27.0618 -2.51228 8
    endloop
  endfacet
  facet normal -0.615094 0.788454 0
    outer loop
      vertex 26.936 -2.61042 8
      vertex 27.0618 -2.51228 0
      vertex 26.936 -2.61042 0
    endloop
  endfacet
  facet normal 0.653127 0.757249 -0
    outer loop
      vertex 22.9382 -2.51228 1
      vertex 22.8174 -2.40809 8
      vertex 22.9382 -2.51228 8
    endloop
  endfacet
  facet normal 0.653127 0.757249 0
    outer loop
      vertex 22.8174 -2.40809 8
      vertex 22.9382 -2.51228 1
      vertex 22.8174 -2.40809 1
    endloop
  endfacet
  facet normal 0.405121 0.914263 -0
    outer loop
      vertex 23.7563 -3.00261 1
      vertex 23.6104 -2.93796 8
      vertex 23.7563 -3.00261 8
    endloop
  endfacet
  facet normal 0.405121 0.914263 0
    outer loop
      vertex 23.6104 -2.93796 8
      vertex 23.7563 -3.00261 1
      vertex 23.6104 -2.93796 1
    endloop
  endfacet
  facet normal 0.266745 0.963767 -0
    outer loop
      vertex 24.2103 -3.1526 0
      vertex 24.0566 -3.11006 8
      vertex 24.2103 -3.1526 8
    endloop
  endfacet
  facet normal 0.266745 0.963767 0
    outer loop
      vertex 24.0566 -3.11006 8
      vertex 24.2103 -3.1526 0
      vertex 24.0566 -3.11006 0
    endloop
  endfacet
  facet normal 0.78848 0.61506 0
    outer loop
      vertex 22.4877 -2.06178 8
      vertex 22.3896 -1.93602 1
      vertex 22.3896 -1.93602 8
    endloop
  endfacet
  facet normal 0.78848 0.61506 0
    outer loop
      vertex 22.3896 -1.93602 1
      vertex 22.4877 -2.06178 8
      vertex 22.4877 -2.06178 1
    endloop
  endfacet
  facet normal 0.724227 0.689561 0
    outer loop
      vertex 22.7019 -2.2981 8
      vertex 22.5919 -2.18257 1
      vertex 22.5919 -2.18257 8
    endloop
  endfacet
  facet normal 0.724227 0.689561 0
    outer loop
      vertex 22.5919 -2.18257 1
      vertex 22.7019 -2.2981 8
      vertex 22.7019 -2.2981 1
    endloop
  endfacet
  facet normal 0.933014 0.35984 0
    outer loop
      vertex 21.9974 -1.24372 8
      vertex 21.94 -1.09489 1
      vertex 21.94 -1.09489 8
    endloop
  endfacet
  facet normal 0.933014 0.35984 0
    outer loop
      vertex 21.94 -1.09489 1
      vertex 21.9974 -1.24372 8
      vertex 21.9974 -1.24372 1
    endloop
  endfacet
  facet normal -0.171026 0.985266 0
    outer loop
      vertex 25.634 -3.18755 0
      vertex 25.4769 -3.21482 8
      vertex 25.634 -3.18755 8
    endloop
  endfacet
  facet normal -0.171026 0.985266 0
    outer loop
      vertex 25.4769 -3.21482 8
      vertex 25.634 -3.18755 0
      vertex 25.4769 -3.21482 0
    endloop
  endfacet
  facet normal -0.122445 0.992475 0
    outer loop
      vertex 25.4769 -3.21482 0
      vertex 25.3186 -3.23435 8
      vertex 25.4769 -3.21482 8
    endloop
  endfacet
  facet normal -0.122445 0.992475 0
    outer loop
      vertex 25.3186 -3.23435 8
      vertex 25.4769 -3.21482 0
      vertex 25.3186 -3.23435 0
    endloop
  endfacet
  facet normal -0.07359 0.997289 0
    outer loop
      vertex 25.3186 -3.23435 0
      vertex 25.1595 -3.24609 8
      vertex 25.3186 -3.23435 8
    endloop
  endfacet
  facet normal -0.07359 0.997289 0
    outer loop
      vertex 25.1595 -3.24609 8
      vertex 25.3186 -3.23435 0
      vertex 25.1595 -3.24609 0
    endloop
  endfacet
  facet normal -0.266745 0.963767 0
    outer loop
      vertex 25.9434 -3.11006 0
      vertex 25.7897 -3.1526 8
      vertex 25.9434 -3.11006 8
    endloop
  endfacet
  facet normal -0.266745 0.963767 0
    outer loop
      vertex 25.7897 -3.1526 8
      vertex 25.9434 -3.11006 0
      vertex 25.7897 -3.1526 0
    endloop
  endfacet
  facet normal -0.492854 0.870112 0
    outer loop
      vertex 26.6708 -2.78762 0
      vertex 26.532 -2.86624 8
      vertex 26.6708 -2.78762 8
    endloop
  endfacet
  facet normal -0.492854 0.870112 0
    outer loop
      vertex 26.532 -2.86624 8
      vertex 26.6708 -2.78762 0
      vertex 26.532 -2.86624 0
    endloop
  endfacet
  facet normal 0.171026 0.985266 -0
    outer loop
      vertex 24.5231 -3.21482 0
      vertex 24.366 -3.18755 8
      vertex 24.5231 -3.21482 8
    endloop
  endfacet
  facet normal 0.171026 0.985266 0
    outer loop
      vertex 24.366 -3.18755 8
      vertex 24.5231 -3.21482 0
      vertex 24.366 -3.18755 0
    endloop
  endfacet
  facet normal 0.21902 0.97572 -0
    outer loop
      vertex 24.366 -3.18755 0
      vertex 24.2103 -3.1526 8
      vertex 24.366 -3.18755 8
    endloop
  endfacet
  facet normal 0.21902 0.97572 0
    outer loop
      vertex 24.2103 -3.1526 8
      vertex 24.366 -3.18755 0
      vertex 24.2103 -3.1526 0
    endloop
  endfacet
  facet normal 0.122445 0.992475 -0
    outer loop
      vertex 24.6814 -3.23435 0
      vertex 24.5231 -3.21482 8
      vertex 24.6814 -3.23435 8
    endloop
  endfacet
  facet normal 0.122445 0.992475 0
    outer loop
      vertex 24.5231 -3.21482 8
      vertex 24.6814 -3.23435 0
      vertex 24.5231 -3.21482 0
    endloop
  endfacet
  facet normal 0.534903 0.844914 -0
    outer loop
      vertex 23.3292 -2.78762 1
      vertex 23.1944 -2.70228 8
      vertex 23.3292 -2.78762 8
    endloop
  endfacet
  facet normal 0.534903 0.844914 0
    outer loop
      vertex 23.1944 -2.70228 8
      vertex 23.3292 -2.78762 1
      vertex 23.1944 -2.70228 1
    endloop
  endfacet
  facet normal 0.492854 0.870112 -0
    outer loop
      vertex 23.468 -2.86624 1
      vertex 23.3292 -2.78762 8
      vertex 23.468 -2.86624 8
    endloop
  endfacet
  facet normal 0.492854 0.870112 0
    outer loop
      vertex 23.3292 -2.78762 8
      vertex 23.468 -2.86624 1
      vertex 23.3292 -2.78762 1
    endloop
  endfacet
  facet normal 0.449821 0.893119 -0
    outer loop
      vertex 23.6104 -2.93796 1
      vertex 23.468 -2.86624 8
      vertex 23.6104 -2.93796 8
    endloop
  endfacet
  facet normal 0.449821 0.893119 0
    outer loop
      vertex 23.468 -2.86624 8
      vertex 23.6104 -2.93796 1
      vertex 23.468 -2.86624 1
    endloop
  endfacet
  facet normal 0.844973 0.534809 0
    outer loop
      vertex 22.2977 -1.8056 8
      vertex 22.2124 -1.67083 1
      vertex 22.2124 -1.67083 8
    endloop
  endfacet
  facet normal 0.844973 0.534809 0
    outer loop
      vertex 22.2124 -1.67083 1
      vertex 22.2977 -1.8056 8
      vertex 22.2977 -1.8056 1
    endloop
  endfacet
  facet normal 0.87015 0.492786 0
    outer loop
      vertex 22.2124 -1.67083 8
      vertex 22.1338 -1.53204 1
      vertex 22.1338 -1.53204 8
    endloop
  endfacet
  facet normal 0.87015 0.492786 0
    outer loop
      vertex 22.1338 -1.53204 1
      vertex 22.2124 -1.67083 8
      vertex 22.2124 -1.67083 1
    endloop
  endfacet
  facet normal 0.893032 0.449994 0
    outer loop
      vertex 22.1338 -1.53204 8
      vertex 22.062 -1.38955 1
      vertex 22.062 -1.38955 8
    endloop
  endfacet
  facet normal 0.893032 0.449994 0
    outer loop
      vertex 22.062 -1.38955 1
      vertex 22.1338 -1.53204 8
      vertex 22.1338 -1.53204 1
    endloop
  endfacet
  facet normal 0.5759 0.81752 -0
    outer loop
      vertex 23.1944 -2.70228 1
      vertex 23.064 -2.61042 8
      vertex 23.1944 -2.70228 8
    endloop
  endfacet
  facet normal 0.5759 0.81752 0
    outer loop
      vertex 23.064 -2.61042 8
      vertex 23.1944 -2.70228 1
      vertex 23.064 -2.61042 1
    endloop
  endfacet
  facet normal 0.0244487 -0.999701 0
    outer loop
      vertex -0.15947 28.2461 0
      vertex 0 28.25 8
      vertex -0.15947 28.2461 8
    endloop
  endfacet
  facet normal 0.0244487 -0.999701 0
    outer loop
      vertex 0 28.25 8
      vertex -0.15947 28.2461 0
      vertex 0 28.25 0
    endloop
  endfacet
  facet normal -0.9997 -0.0245067 0
    outer loop
      vertex 3.25 25 1
      vertex 3.24609 25.1595 8
      vertex 3.24609 25.1595 1
    endloop
  endfacet
  facet normal -0.9997 -0.0245067 0
    outer loop
      vertex 3.24609 25.1595 8
      vertex 3.25 25 1
      vertex 3.25 25 8
    endloop
  endfacet
  facet normal 0.724169 -0.689622 0
    outer loop
      vertex -2.40809 27.1826 8
      vertex -2.2981 27.2981 0
      vertex -2.2981 27.2981 8
    endloop
  endfacet
  facet normal 0.724169 -0.689622 0
    outer loop
      vertex -2.2981 27.2981 0
      vertex -2.40809 27.1826 8
      vertex -2.40809 27.1826 0
    endloop
  endfacet
  facet normal 0.405021 -0.914307 0
    outer loop
      vertex -1.38955 27.938 0
      vertex -1.24372 28.0026 8
      vertex -1.38955 27.938 8
    endloop
  endfacet
  facet normal 0.405021 -0.914307 0
    outer loop
      vertex -1.24372 28.0026 8
      vertex -1.38955 27.938 0
      vertex -1.24372 28.0026 0
    endloop
  endfacet
  facet normal 0.81752 -0.5759 0
    outer loop
      vertex -2.70228 26.8056 8
      vertex -2.61042 26.936 0
      vertex -2.61042 26.936 8
    endloop
  endfacet
  facet normal 0.81752 -0.5759 0
    outer loop
      vertex -2.61042 26.936 0
      vertex -2.70228 26.8056 8
      vertex -2.70228 26.8056 0
    endloop
  endfacet
  facet normal 0.492786 0.87015 -0
    outer loop
      vertex -1.53204 22.1338 1
      vertex -1.67083 22.2124 8
      vertex -1.53204 22.1338 8
    endloop
  endfacet
  facet normal 0.492786 0.87015 0
    outer loop
      vertex -1.67083 22.2124 8
      vertex -1.53204 22.1338 1
      vertex -1.67083 22.2124 1
    endloop
  endfacet
  facet normal 0.724169 0.689622 0
    outer loop
      vertex -2.2981 22.7019 8
      vertex -2.40809 22.8174 1
      vertex -2.40809 22.8174 8
    endloop
  endfacet
  facet normal 0.724169 0.689622 0
    outer loop
      vertex -2.40809 22.8174 1
      vertex -2.2981 22.7019 8
      vertex -2.2981 22.7019 1
    endloop
  endfacet
  facet normal 0.985266 0.171026 0
    outer loop
      vertex -3.18755 24.366 8
      vertex -3.21482 24.5231 1
      vertex -3.21482 24.5231 8
    endloop
  endfacet
  facet normal 0.985266 0.171026 0
    outer loop
      vertex -3.21482 24.5231 1
      vertex -3.18755 24.366 8
      vertex -3.18755 24.366 1
    endloop
  endfacet
  facet normal 0.170526 -0.985353 0
    outer loop
      vertex -0.634043 28.1876 0
      vertex -0.476873 28.2148 8
      vertex -0.634043 28.1876 8
    endloop
  endfacet
  facet normal 0.170526 -0.985353 0
    outer loop
      vertex -0.476873 28.2148 8
      vertex -0.634043 28.1876 0
      vertex -0.476873 28.2148 0
    endloop
  endfacet
  facet normal 0.985266 -0.171026 0
    outer loop
      vertex -3.21482 25.4769 8
      vertex -3.18755 25.634 1
      vertex -3.18755 25.634 8
    endloop
  endfacet
  facet normal 0.985266 -0.171026 0
    outer loop
      vertex -3.18755 25.634 1
      vertex -3.21482 25.4769 8
      vertex -3.21482 25.4769 1
    endloop
  endfacet
  facet normal 0.914263 -0.405121 0
    outer loop
      vertex -3.00261 26.2437 8
      vertex -2.93796 26.3896 0
      vertex -2.93796 26.3896 8
    endloop
  endfacet
  facet normal 0.914263 -0.405121 0
    outer loop
      vertex -2.93796 26.3896 0
      vertex -3.00261 26.2437 8
      vertex -3.00261 26.2437 0
    endloop
  endfacet
  facet normal 0.788454 -0.615094 0
    outer loop
      vertex -2.61042 26.936 8
      vertex -2.51228 27.0618 0
      vertex -2.51228 27.0618 8
    endloop
  endfacet
  facet normal 0.788454 -0.615094 0
    outer loop
      vertex -2.51228 27.0618 0
      vertex -2.61042 26.936 8
      vertex -2.61042 26.936 0
    endloop
  endfacet
  facet normal 0.914263 0.405121 0
    outer loop
      vertex -2.93796 23.6104 8
      vertex -3.00261 23.7563 1
      vertex -3.00261 23.7563 8
    endloop
  endfacet
  facet normal 0.914263 0.405121 0
    outer loop
      vertex -3.00261 23.7563 1
      vertex -2.93796 23.6104 8
      vertex -2.93796 23.6104 1
    endloop
  endfacet
  facet normal 0.932969 0.359958 0
    outer loop
      vertex -3.00261 23.7563 8
      vertex -3.06002 23.9051 1
      vertex -3.06002 23.9051 8
    endloop
  endfacet
  facet normal 0.932969 0.359958 0
    outer loop
      vertex -3.06002 23.9051 1
      vertex -3.00261 23.7563 8
      vertex -3.00261 23.7563 1
    endloop
  endfacet
  facet normal -0.35984 -0.933014 0
    outer loop
      vertex 1.09489 28.06 0
      vertex 1.24372 28.0026 8
      vertex 1.09489 28.06 8
    endloop
  endfacet
  facet normal -0.35984 -0.933014 -0
    outer loop
      vertex 1.24372 28.0026 8
      vertex 1.09489 28.06 0
      vertex 1.24372 28.0026 0
    endloop
  endfacet
  facet normal -0.689561 -0.724227 0
    outer loop
      vertex 2.18257 27.4081 0
      vertex 2.2981 27.2981 8
      vertex 2.18257 27.4081 8
    endloop
  endfacet
  facet normal -0.689561 -0.724227 -0
    outer loop
      vertex 2.2981 27.2981 8
      vertex 2.18257 27.4081 0
      vertex 2.2981 27.2981 0
    endloop
  endfacet
  facet normal -0.932969 0.359958 0
    outer loop
      vertex 3.00261 23.7563 1
      vertex 3.06002 23.9051 8
      vertex 3.06002 23.9051 1
    endloop
  endfacet
  facet normal -0.932969 0.359958 0
    outer loop
      vertex 3.06002 23.9051 8
      vertex 3.00261 23.7563 1
      vertex 3.00261 23.7563 8
    endloop
  endfacet
  facet normal -0.405021 0.914307 0
    outer loop
      vertex 1.38955 22.062 1
      vertex 1.24372 21.9974 8
      vertex 1.38955 22.062 8
    endloop
  endfacet
  facet normal -0.405021 0.914307 0
    outer loop
      vertex 1.24372 21.9974 8
      vertex 1.38955 22.062 1
      vertex 1.24372 21.9974 1
    endloop
  endfacet
  facet normal 0.122863 -0.992424 0
    outer loop
      vertex -0.476873 28.2148 0
      vertex -0.318555 28.2344 8
      vertex -0.476873 28.2148 8
    endloop
  endfacet
  facet normal 0.122863 -0.992424 0
    outer loop
      vertex -0.318555 28.2344 8
      vertex -0.476873 28.2148 0
      vertex -0.318555 28.2344 0
    endloop
  endfacet
  facet normal 0.0733475 -0.997306 0
    outer loop
      vertex -0.318555 28.2344 0
      vertex -0.15947 28.2461 8
      vertex -0.318555 28.2344 8
    endloop
  endfacet
  facet normal 0.0733475 -0.997306 0
    outer loop
      vertex -0.15947 28.2461 8
      vertex -0.318555 28.2344 0
      vertex -0.15947 28.2461 0
    endloop
  endfacet
  facet normal 0.219396 -0.975636 0
    outer loop
      vertex -0.789685 28.1526 0
      vertex -0.634043 28.1876 8
      vertex -0.789685 28.1526 8
    endloop
  endfacet
  facet normal 0.219396 -0.975636 0
    outer loop
      vertex -0.634043 28.1876 8
      vertex -0.789685 28.1526 0
      vertex -0.634043 28.1876 0
    endloop
  endfacet
  facet normal 0.266447 -0.963849 0
    outer loop
      vertex -0.943425 28.1101 0
      vertex -0.789685 28.1526 8
      vertex -0.943425 28.1101 8
    endloop
  endfacet
  facet normal 0.266447 -0.963849 0
    outer loop
      vertex -0.789685 28.1526 8
      vertex -0.943425 28.1101 0
      vertex -0.789685 28.1526 0
    endloop
  endfacet
  facet normal 0.314036 -0.949411 0
    outer loop
      vertex -1.09489 28.06 0
      vertex -0.943425 28.1101 8
      vertex -1.09489 28.06 8
    endloop
  endfacet
  facet normal 0.314036 -0.949411 0
    outer loop
      vertex -0.943425 28.1101 8
      vertex -1.09489 28.06 0
      vertex -0.943425 28.1101 0
    endloop
  endfacet
  facet normal 0.653194 -0.757191 0
    outer loop
      vertex -2.18257 27.4081 0
      vertex -2.06178 27.5123 8
      vertex -2.18257 27.4081 8
    endloop
  endfacet
  facet normal 0.653194 -0.757191 0
    outer loop
      vertex -2.06178 27.5123 8
      vertex -2.18257 27.4081 0
      vertex -2.06178 27.5123 0
    endloop
  endfacet
  facet normal 0.689561 -0.724227 0
    outer loop
      vertex -2.2981 27.2981 0
      vertex -2.18257 27.4081 8
      vertex -2.2981 27.2981 8
    endloop
  endfacet
  facet normal 0.689561 -0.724227 0
    outer loop
      vertex -2.18257 27.4081 8
      vertex -2.2981 27.2981 0
      vertex -2.18257 27.4081 0
    endloop
  endfacet
  facet normal 0.576009 -0.817444 0
    outer loop
      vertex -1.93602 27.6104 0
      vertex -1.8056 27.7023 8
      vertex -1.93602 27.6104 8
    endloop
  endfacet
  facet normal 0.576009 -0.817444 0
    outer loop
      vertex -1.8056 27.7023 8
      vertex -1.93602 27.6104 0
      vertex -1.8056 27.7023 0
    endloop
  endfacet
  facet normal 0.492786 -0.87015 0
    outer loop
      vertex -1.67083 27.7876 0
      vertex -1.53204 27.8662 8
      vertex -1.67083 27.7876 8
    endloop
  endfacet
  facet normal 0.492786 -0.87015 0
    outer loop
      vertex -1.53204 27.8662 8
      vertex -1.67083 27.7876 0
      vertex -1.53204 27.8662 0
    endloop
  endfacet
  facet normal 0.449994 -0.893032 0
    outer loop
      vertex -1.53204 27.8662 0
      vertex -1.38955 27.938 8
      vertex -1.53204 27.8662 8
    endloop
  endfacet
  facet normal 0.449994 -0.893032 0
    outer loop
      vertex -1.38955 27.938 8
      vertex -1.53204 27.8662 0
      vertex -1.38955 27.938 0
    endloop
  endfacet
  facet normal 0.997289 -0.07359 0
    outer loop
      vertex -3.24609 25.1595 8
      vertex -3.23435 25.3186 1
      vertex -3.23435 25.3186 8
    endloop
  endfacet
  facet normal 0.997289 -0.07359 0
    outer loop
      vertex -3.23435 25.3186 1
      vertex -3.24609 25.1595 8
      vertex -3.24609 25.1595 1
    endloop
  endfacet
  facet normal 0.949545 -0.313632 0
    outer loop
      vertex -3.11006 25.9434 8
      vertex -3.06002 26.0949 0
      vertex -3.06002 26.0949 8
    endloop
  endfacet
  facet normal 0.949545 -0.313632 0
    outer loop
      vertex -3.06002 26.0949 0
      vertex -3.11006 25.9434 8
      vertex -3.11006 25.9434 0
    endloop
  endfacet
  facet normal 0.963769 -0.266738 0
    outer loop
      vertex -3.11006 25.9434 8
      vertex -3.12221 25.8995 1
      vertex -3.11006 25.9434 0
    endloop
  endfacet
  facet normal 0.963767 -0.266745 4.56847e-08
    outer loop
      vertex -3.1526 25.7897 8
      vertex -3.12221 25.8995 1
      vertex -3.11006 25.9434 8
    endloop
  endfacet
  facet normal 0.963766 -0.266747 0
    outer loop
      vertex -3.12221 25.8995 1
      vertex -3.1526 25.7897 8
      vertex -3.1526 25.7897 1
    endloop
  endfacet
  facet normal 0.963769 -0.266738 0
    outer loop
      vertex -3.11006 25.9434 0
      vertex -3.12221 25.8995 1
      vertex -3.12221 25.8995 0
    endloop
  endfacet
  facet normal 0.97572 -0.21902 0
    outer loop
      vertex -3.18755 25.634 8
      vertex -3.1526 25.7897 1
      vertex -3.1526 25.7897 8
    endloop
  endfacet
  facet normal 0.97572 -0.21902 0
    outer loop
      vertex -3.1526 25.7897 1
      vertex -3.18755 25.634 8
      vertex -3.18755 25.634 1
    endloop
  endfacet
  facet normal 0.992475 -0.122445 0
    outer loop
      vertex -3.23435 25.3186 8
      vertex -3.21482 25.4769 1
      vertex -3.21482 25.4769 8
    endloop
  endfacet
  facet normal 0.992475 -0.122445 0
    outer loop
      vertex -3.21482 25.4769 1
      vertex -3.23435 25.3186 8
      vertex -3.23435 25.3186 1
    endloop
  endfacet
  facet normal 0.9997 -0.0245067 0
    outer loop
      vertex -3.25 25 8
      vertex -3.24609 25.1595 1
      vertex -3.24609 25.1595 8
    endloop
  endfacet
  facet normal 0.9997 -0.0245067 0
    outer loop
      vertex -3.24609 25.1595 1
      vertex -3.25 25 8
      vertex -3.25 25 1
    endloop
  endfacet
  facet normal 0.932969 -0.359958 0
    outer loop
      vertex -3.06002 26.0949 8
      vertex -3.00261 26.2437 0
      vertex -3.00261 26.2437 8
    endloop
  endfacet
  facet normal 0.932969 -0.359958 0
    outer loop
      vertex -3.00261 26.2437 0
      vertex -3.06002 26.0949 8
      vertex -3.06002 26.0949 0
    endloop
  endfacet
  facet normal 0.870112 -0.492854 0
    outer loop
      vertex -2.86624 26.532 8
      vertex -2.78762 26.6708 0
      vertex -2.78762 26.6708 8
    endloop
  endfacet
  facet normal 0.870112 -0.492854 0
    outer loop
      vertex -2.78762 26.6708 0
      vertex -2.86624 26.532 8
      vertex -2.86624 26.532 0
    endloop
  endfacet
  facet normal 0.893119 -0.449821 0
    outer loop
      vertex -2.93796 26.3896 8
      vertex -2.86624 26.532 0
      vertex -2.86624 26.532 8
    endloop
  endfacet
  facet normal 0.893119 -0.449821 0
    outer loop
      vertex -2.86624 26.532 0
      vertex -2.93796 26.3896 8
      vertex -2.93796 26.3896 0
    endloop
  endfacet
  facet normal 0.844914 -0.534903 0
    outer loop
      vertex -2.78762 26.6708 8
      vertex -2.70228 26.8056 0
      vertex -2.70228 26.8056 8
    endloop
  endfacet
  facet normal 0.844914 -0.534903 0
    outer loop
      vertex -2.70228 26.8056 0
      vertex -2.78762 26.6708 8
      vertex -2.78762 26.6708 0
    endloop
  endfacet
  facet normal 0.757249 -0.653127 0
    outer loop
      vertex -2.51228 27.0618 8
      vertex -2.40809 27.1826 0
      vertex -2.40809 27.1826 8
    endloop
  endfacet
  facet normal 0.757249 -0.653127 0
    outer loop
      vertex -2.40809 27.1826 0
      vertex -2.51228 27.0618 8
      vertex -2.51228 27.0618 0
    endloop
  endfacet
  facet normal 0.653194 0.757191 -0
    outer loop
      vertex -2.06178 22.4877 1
      vertex -2.18257 22.5919 8
      vertex -2.06178 22.4877 8
    endloop
  endfacet
  facet normal 0.653194 0.757191 0
    outer loop
      vertex -2.18257 22.5919 8
      vertex -2.06178 22.4877 1
      vertex -2.18257 22.5919 1
    endloop
  endfacet
  facet normal 0.576009 0.817444 -0
    outer loop
      vertex -1.8056 22.2977 1
      vertex -1.93602 22.3896 8
      vertex -1.8056 22.2977 8
    endloop
  endfacet
  facet normal 0.576009 0.817444 0
    outer loop
      vertex -1.93602 22.3896 8
      vertex -1.8056 22.2977 1
      vertex -1.93602 22.3896 1
    endloop
  endfacet
  facet normal 0.405021 0.914307 -0
    outer loop
      vertex -1.24372 21.9974 1
      vertex -1.38955 22.062 8
      vertex -1.24372 21.9974 8
    endloop
  endfacet
  facet normal 0.405021 0.914307 0
    outer loop
      vertex -1.38955 22.062 8
      vertex -1.24372 21.9974 1
      vertex -1.38955 22.062 1
    endloop
  endfacet
  facet normal 0.35984 0.933014 -0
    outer loop
      vertex -1.09489 21.94 1
      vertex -1.24372 21.9974 8
      vertex -1.09489 21.94 8
    endloop
  endfacet
  facet normal 0.35984 0.933014 0
    outer loop
      vertex -1.24372 21.9974 8
      vertex -1.09489 21.94 1
      vertex -1.24372 21.9974 1
    endloop
  endfacet
  facet normal 0.314036 0.949411 -0
    outer loop
      vertex -0.943425 21.8899 1
      vertex -1.09489 21.94 8
      vertex -0.943425 21.8899 8
    endloop
  endfacet
  facet normal 0.314036 0.949411 0
    outer loop
      vertex -1.09489 21.94 8
      vertex -0.943425 21.8899 1
      vertex -1.09489 21.94 1
    endloop
  endfacet
  facet normal 0.266447 0.963849 -0
    outer loop
      vertex -0.789685 21.8474 1
      vertex -0.943425 21.8899 8
      vertex -0.789685 21.8474 8
    endloop
  endfacet
  facet normal 0.266447 0.963849 0
    outer loop
      vertex -0.943425 21.8899 8
      vertex -0.789685 21.8474 1
      vertex -0.943425 21.8899 1
    endloop
  endfacet
  facet normal 0.219396 0.975636 -0
    outer loop
      vertex -0.634043 21.8124 1
      vertex -0.789685 21.8474 8
      vertex -0.634043 21.8124 8
    endloop
  endfacet
  facet normal 0.219396 0.975636 0
    outer loop
      vertex -0.789685 21.8474 8
      vertex -0.634043 21.8124 1
      vertex -0.789685 21.8474 1
    endloop
  endfacet
  facet normal 0.122863 0.992424 -0
    outer loop
      vertex -0.318555 21.7656 1
      vertex -0.476873 21.7852 8
      vertex -0.318555 21.7656 8
    endloop
  endfacet
  facet normal 0.122863 0.992424 0
    outer loop
      vertex -0.476873 21.7852 8
      vertex -0.318555 21.7656 1
      vertex -0.476873 21.7852 1
    endloop
  endfacet
  facet normal 0.0244487 0.999701 -0
    outer loop
      vertex 0 21.75 1
      vertex -0.15947 21.7539 8
      vertex 0 21.75 8
    endloop
  endfacet
  facet normal 0.0244487 0.999701 0
    outer loop
      vertex -0.15947 21.7539 8
      vertex 0 21.75 1
      vertex -0.15947 21.7539 1
    endloop
  endfacet
  facet normal 0.689561 0.724227 -0
    outer loop
      vertex -2.18257 22.5919 1
      vertex -2.2981 22.7019 8
      vertex -2.18257 22.5919 8
    endloop
  endfacet
  facet normal 0.689561 0.724227 0
    outer loop
      vertex -2.2981 22.7019 8
      vertex -2.18257 22.5919 1
      vertex -2.2981 22.7019 1
    endloop
  endfacet
  facet normal 0.893119 0.449821 0
    outer loop
      vertex -2.86624 23.468 8
      vertex -2.93796 23.6104 1
      vertex -2.93796 23.6104 8
    endloop
  endfacet
  facet normal 0.893119 0.449821 0
    outer loop
      vertex -2.93796 23.6104 1
      vertex -2.86624 23.468 8
      vertex -2.86624 23.468 1
    endloop
  endfacet
  facet normal 0.870112 0.492854 0
    outer loop
      vertex -2.78762 23.3292 8
      vertex -2.86624 23.468 1
      vertex -2.86624 23.468 8
    endloop
  endfacet
  facet normal 0.870112 0.492854 0
    outer loop
      vertex -2.86624 23.468 1
      vertex -2.78762 23.3292 8
      vertex -2.78762 23.3292 1
    endloop
  endfacet
  facet normal 0.844914 0.534903 0
    outer loop
      vertex -2.70228 23.1944 8
      vertex -2.78762 23.3292 1
      vertex -2.78762 23.3292 8
    endloop
  endfacet
  facet normal 0.844914 0.534903 0
    outer loop
      vertex -2.78762 23.3292 1
      vertex -2.70228 23.1944 8
      vertex -2.70228 23.1944 1
    endloop
  endfacet
  facet normal 0.788454 0.615094 0
    outer loop
      vertex -2.51228 22.9382 8
      vertex -2.61042 23.064 1
      vertex -2.61042 23.064 8
    endloop
  endfacet
  facet normal 0.788454 0.615094 0
    outer loop
      vertex -2.61042 23.064 1
      vertex -2.51228 22.9382 8
      vertex -2.51228 22.9382 1
    endloop
  endfacet
  facet normal 0.963767 0.266745 0
    outer loop
      vertex -3.11006 24.0566 8
      vertex -3.1526 24.2103 1
      vertex -3.1526 24.2103 8
    endloop
  endfacet
  facet normal 0.963767 0.266745 0
    outer loop
      vertex -3.1526 24.2103 1
      vertex -3.11006 24.0566 8
      vertex -3.11006 24.0566 1
    endloop
  endfacet
  facet normal 0.997289 0.07359 0
    outer loop
      vertex -3.23435 24.6814 8
      vertex -3.24609 24.8405 1
      vertex -3.24609 24.8405 8
    endloop
  endfacet
  facet normal 0.997289 0.07359 0
    outer loop
      vertex -3.24609 24.8405 1
      vertex -3.23435 24.6814 8
      vertex -3.23435 24.6814 1
    endloop
  endfacet
  facet normal -0.0244487 -0.999701 0
    outer loop
      vertex 0 28.25 0
      vertex 0.15947 28.2461 8
      vertex 0 28.25 8
    endloop
  endfacet
  facet normal -0.0244487 -0.999701 -0
    outer loop
      vertex 0.15947 28.2461 8
      vertex 0 28.25 0
      vertex 0.15947 28.2461 0
    endloop
  endfacet
  facet normal -0.0733475 -0.997306 0
    outer loop
      vertex 0.15947 28.2461 0
      vertex 0.318555 28.2344 8
      vertex 0.15947 28.2461 8
    endloop
  endfacet
  facet normal -0.0733475 -0.997306 -0
    outer loop
      vertex 0.318555 28.2344 8
      vertex 0.15947 28.2461 0
      vertex 0.318555 28.2344 0
    endloop
  endfacet
  facet normal -0.405021 -0.914307 0
    outer loop
      vertex 1.24372 28.0026 0
      vertex 1.38955 27.938 8
      vertex 1.24372 28.0026 8
    endloop
  endfacet
  facet normal -0.405021 -0.914307 -0
    outer loop
      vertex 1.38955 27.938 8
      vertex 1.24372 28.0026 0
      vertex 1.38955 27.938 0
    endloop
  endfacet
  facet normal -0.724169 -0.689622 0
    outer loop
      vertex 2.40809 27.1826 0
      vertex 2.2981 27.2981 8
      vertex 2.2981 27.2981 0
    endloop
  endfacet
  facet normal -0.724169 -0.689622 0
    outer loop
      vertex 2.2981 27.2981 8
      vertex 2.40809 27.1826 0
      vertex 2.40809 27.1826 8
    endloop
  endfacet
  facet normal -0.914263 -0.405121 0
    outer loop
      vertex 3.00261 26.2437 0
      vertex 2.93796 26.3896 8
      vertex 2.93796 26.3896 0
    endloop
  endfacet
  facet normal -0.914263 -0.405121 0
    outer loop
      vertex 2.93796 26.3896 8
      vertex 3.00261 26.2437 0
      vertex 3.00261 26.2437 8
    endloop
  endfacet
  facet normal 0.35984 -0.933014 0
    outer loop
      vertex -1.24372 28.0026 0
      vertex -1.09489 28.06 8
      vertex -1.24372 28.0026 8
    endloop
  endfacet
  facet normal 0.35984 -0.933014 0
    outer loop
      vertex -1.09489 28.06 8
      vertex -1.24372 28.0026 0
      vertex -1.09489 28.06 0
    endloop
  endfacet
  facet normal 0.61506 -0.78848 0
    outer loop
      vertex -2.06178 27.5123 0
      vertex -1.93602 27.6104 8
      vertex -2.06178 27.5123 8
    endloop
  endfacet
  facet normal 0.61506 -0.78848 0
    outer loop
      vertex -1.93602 27.6104 8
      vertex -2.06178 27.5123 0
      vertex -1.93602 27.6104 0
    endloop
  endfacet
  facet normal 0.534809 -0.844973 0
    outer loop
      vertex -1.8056 27.7023 0
      vertex -1.67083 27.7876 8
      vertex -1.8056 27.7023 8
    endloop
  endfacet
  facet normal 0.534809 -0.844973 0
    outer loop
      vertex -1.67083 27.7876 8
      vertex -1.8056 27.7023 0
      vertex -1.67083 27.7876 0
    endloop
  endfacet
  facet normal 0.9997 0.0245067 0
    outer loop
      vertex -3.24609 24.8405 8
      vertex -3.25 25 1
      vertex -3.25 25 8
    endloop
  endfacet
  facet normal 0.9997 0.0245067 0
    outer loop
      vertex -3.25 25 1
      vertex -3.24609 24.8405 8
      vertex -3.24609 24.8405 1
    endloop
  endfacet
  facet normal 0.534809 0.844973 -0
    outer loop
      vertex -1.67083 22.2124 1
      vertex -1.8056 22.2977 8
      vertex -1.67083 22.2124 8
    endloop
  endfacet
  facet normal 0.534809 0.844973 0
    outer loop
      vertex -1.8056 22.2977 8
      vertex -1.67083 22.2124 1
      vertex -1.8056 22.2977 1
    endloop
  endfacet
  facet normal 0.61506 0.78848 -0
    outer loop
      vertex -1.93602 22.3896 1
      vertex -2.06178 22.4877 8
      vertex -1.93602 22.3896 8
    endloop
  endfacet
  facet normal 0.61506 0.78848 0
    outer loop
      vertex -2.06178 22.4877 8
      vertex -1.93602 22.3896 1
      vertex -2.06178 22.4877 1
    endloop
  endfacet
  facet normal 0.449994 0.893032 -0
    outer loop
      vertex -1.38955 22.062 1
      vertex -1.53204 22.1338 8
      vertex -1.38955 22.062 8
    endloop
  endfacet
  facet normal 0.449994 0.893032 0
    outer loop
      vertex -1.53204 22.1338 8
      vertex -1.38955 22.062 1
      vertex -1.53204 22.1338 1
    endloop
  endfacet
  facet normal 0.170526 0.985353 -0
    outer loop
      vertex -0.476873 21.7852 1
      vertex -0.634043 21.8124 8
      vertex -0.476873 21.7852 8
    endloop
  endfacet
  facet normal 0.170526 0.985353 0
    outer loop
      vertex -0.634043 21.8124 8
      vertex -0.476873 21.7852 1
      vertex -0.634043 21.8124 1
    endloop
  endfacet
  facet normal 0.0733475 0.997306 -0
    outer loop
      vertex -0.15947 21.7539 1
      vertex -0.318555 21.7656 8
      vertex -0.15947 21.7539 8
    endloop
  endfacet
  facet normal 0.0733475 0.997306 0
    outer loop
      vertex -0.318555 21.7656 8
      vertex -0.15947 21.7539 1
      vertex -0.318555 21.7656 1
    endloop
  endfacet
  facet normal -0.0244487 0.999701 0
    outer loop
      vertex 0.15947 21.7539 1
      vertex 0 21.75 8
      vertex 0.15947 21.7539 8
    endloop
  endfacet
  facet normal -0.0244487 0.999701 0
    outer loop
      vertex 0 21.75 8
      vertex 0.15947 21.7539 1
      vertex 0 21.75 1
    endloop
  endfacet
  facet normal 0.81752 0.5759 0
    outer loop
      vertex -2.61042 23.064 8
      vertex -2.70228 23.1944 1
      vertex -2.70228 23.1944 8
    endloop
  endfacet
  facet normal 0.81752 0.5759 0
    outer loop
      vertex -2.70228 23.1944 1
      vertex -2.61042 23.064 8
      vertex -2.61042 23.064 1
    endloop
  endfacet
  facet normal 0.757249 0.653127 0
    outer loop
      vertex -2.40809 22.8174 8
      vertex -2.51228 22.9382 1
      vertex -2.51228 22.9382 8
    endloop
  endfacet
  facet normal 0.757249 0.653127 0
    outer loop
      vertex -2.51228 22.9382 1
      vertex -2.40809 22.8174 8
      vertex -2.40809 22.8174 1
    endloop
  endfacet
  facet normal 0.949545 0.313632 0
    outer loop
      vertex -3.06002 23.9051 8
      vertex -3.11006 24.0566 1
      vertex -3.11006 24.0566 8
    endloop
  endfacet
  facet normal 0.949545 0.313632 0
    outer loop
      vertex -3.11006 24.0566 1
      vertex -3.06002 23.9051 8
      vertex -3.06002 23.9051 1
    endloop
  endfacet
  facet normal 0.97572 0.21902 0
    outer loop
      vertex -3.1526 24.2103 8
      vertex -3.18755 24.366 1
      vertex -3.18755 24.366 8
    endloop
  endfacet
  facet normal 0.97572 0.21902 0
    outer loop
      vertex -3.18755 24.366 1
      vertex -3.1526 24.2103 8
      vertex -3.1526 24.2103 1
    endloop
  endfacet
  facet normal 0.992475 0.122445 0
    outer loop
      vertex -3.21482 24.5231 8
      vertex -3.23435 24.6814 1
      vertex -3.23435 24.6814 8
    endloop
  endfacet
  facet normal 0.992475 0.122445 0
    outer loop
      vertex -3.23435 24.6814 1
      vertex -3.21482 24.5231 8
      vertex -3.21482 24.5231 1
    endloop
  endfacet
  facet normal -0.122863 -0.992424 0
    outer loop
      vertex 0.318555 28.2344 0
      vertex 0.476873 28.2148 8
      vertex 0.318555 28.2344 8
    endloop
  endfacet
  facet normal -0.122863 -0.992424 -0
    outer loop
      vertex 0.476873 28.2148 8
      vertex 0.318555 28.2344 0
      vertex 0.476873 28.2148 0
    endloop
  endfacet
  facet normal -0.266447 -0.963849 0
    outer loop
      vertex 0.789685 28.1526 0
      vertex 0.943425 28.1101 8
      vertex 0.789685 28.1526 8
    endloop
  endfacet
  facet normal -0.266447 -0.963849 -0
    outer loop
      vertex 0.943425 28.1101 8
      vertex 0.789685 28.1526 0
      vertex 0.943425 28.1101 0
    endloop
  endfacet
  facet normal -0.992475 0.122445 0
    outer loop
      vertex 3.21482 24.5231 1
      vertex 3.23435 24.6814 8
      vertex 3.23435 24.6814 1
    endloop
  endfacet
  facet normal -0.992475 0.122445 0
    outer loop
      vertex 3.23435 24.6814 8
      vertex 3.21482 24.5231 1
      vertex 3.21482 24.5231 8
    endloop
  endfacet
  facet normal -0.576009 0.817444 0
    outer loop
      vertex 1.93602 22.3896 1
      vertex 1.8056 22.2977 8
      vertex 1.93602 22.3896 8
    endloop
  endfacet
  facet normal -0.576009 0.817444 0
    outer loop
      vertex 1.8056 22.2977 8
      vertex 1.93602 22.3896 1
      vertex 1.8056 22.2977 1
    endloop
  endfacet
  facet normal -0.170526 0.985353 0
    outer loop
      vertex 0.634043 21.8124 1
      vertex 0.476873 21.7852 8
      vertex 0.634043 21.8124 8
    endloop
  endfacet
  facet normal -0.170526 0.985353 0
    outer loop
      vertex 0.476873 21.7852 8
      vertex 0.634043 21.8124 1
      vertex 0.476873 21.7852 1
    endloop
  endfacet
  facet normal -0.219396 0.975636 0
    outer loop
      vertex 0.789685 21.8474 1
      vertex 0.634043 21.8124 8
      vertex 0.789685 21.8474 8
    endloop
  endfacet
  facet normal -0.219396 0.975636 0
    outer loop
      vertex 0.634043 21.8124 8
      vertex 0.789685 21.8474 1
      vertex 0.634043 21.8124 1
    endloop
  endfacet
  facet normal -0.985266 -0.171026 0
    outer loop
      vertex 3.21482 25.4769 1
      vertex 3.18755 25.634 8
      vertex 3.18755 25.634 1
    endloop
  endfacet
  facet normal -0.985266 -0.171026 0
    outer loop
      vertex 3.18755 25.634 8
      vertex 3.21482 25.4769 1
      vertex 3.21482 25.4769 8
    endloop
  endfacet
  facet normal -0.932969 -0.359958 0
    outer loop
      vertex 3.06002 26.0949 0
      vertex 3.00261 26.2437 8
      vertex 3.00261 26.2437 0
    endloop
  endfacet
  facet normal -0.932969 -0.359958 0
    outer loop
      vertex 3.00261 26.2437 8
      vertex 3.06002 26.0949 0
      vertex 3.06002 26.0949 8
    endloop
  endfacet
  facet normal -0.949545 -0.313632 0
    outer loop
      vertex 3.11006 25.9434 0
      vertex 3.06002 26.0949 8
      vertex 3.06002 26.0949 0
    endloop
  endfacet
  facet normal -0.949545 -0.313632 0
    outer loop
      vertex 3.06002 26.0949 8
      vertex 3.11006 25.9434 0
      vertex 3.11006 25.9434 8
    endloop
  endfacet
  facet normal -0.170526 -0.985353 0
    outer loop
      vertex 0.476873 28.2148 0
      vertex 0.634043 28.1876 8
      vertex 0.476873 28.2148 8
    endloop
  endfacet
  facet normal -0.170526 -0.985353 -0
    outer loop
      vertex 0.634043 28.1876 8
      vertex 0.476873 28.2148 0
      vertex 0.634043 28.1876 0
    endloop
  endfacet
  facet normal -0.219396 -0.975636 0
    outer loop
      vertex 0.634043 28.1876 0
      vertex 0.789685 28.1526 8
      vertex 0.634043 28.1876 8
    endloop
  endfacet
  facet normal -0.219396 -0.975636 -0
    outer loop
      vertex 0.789685 28.1526 8
      vertex 0.634043 28.1876 0
      vertex 0.789685 28.1526 0
    endloop
  endfacet
  facet normal -0.314036 -0.949411 0
    outer loop
      vertex 0.943425 28.1101 0
      vertex 1.09489 28.06 8
      vertex 0.943425 28.1101 8
    endloop
  endfacet
  facet normal -0.314036 -0.949411 -0
    outer loop
      vertex 1.09489 28.06 8
      vertex 0.943425 28.1101 0
      vertex 1.09489 28.06 0
    endloop
  endfacet
  facet normal -0.534809 -0.844973 0
    outer loop
      vertex 1.67083 27.7876 0
      vertex 1.8056 27.7023 8
      vertex 1.67083 27.7876 8
    endloop
  endfacet
  facet normal -0.534809 -0.844973 -0
    outer loop
      vertex 1.8056 27.7023 8
      vertex 1.67083 27.7876 0
      vertex 1.8056 27.7023 0
    endloop
  endfacet
  facet normal -0.61506 -0.78848 0
    outer loop
      vertex 1.93602 27.6104 0
      vertex 2.06178 27.5123 8
      vertex 1.93602 27.6104 8
    endloop
  endfacet
  facet normal -0.61506 -0.78848 -0
    outer loop
      vertex 2.06178 27.5123 8
      vertex 1.93602 27.6104 0
      vertex 2.06178 27.5123 0
    endloop
  endfacet
  facet normal -0.653194 -0.757191 0
    outer loop
      vertex 2.06178 27.5123 0
      vertex 2.18257 27.4081 8
      vertex 2.06178 27.5123 8
    endloop
  endfacet
  facet normal -0.653194 -0.757191 -0
    outer loop
      vertex 2.18257 27.4081 8
      vertex 2.06178 27.5123 0
      vertex 2.18257 27.4081 0
    endloop
  endfacet
  facet normal -0.757249 -0.653127 0
    outer loop
      vertex 2.51228 27.0618 0
      vertex 2.40809 27.1826 8
      vertex 2.40809 27.1826 0
    endloop
  endfacet
  facet normal -0.757249 -0.653127 0
    outer loop
      vertex 2.40809 27.1826 8
      vertex 2.51228 27.0618 0
      vertex 2.51228 27.0618 8
    endloop
  endfacet
  facet normal -0.788454 -0.615094 0
    outer loop
      vertex 2.61042 26.936 0
      vertex 2.51228 27.0618 8
      vertex 2.51228 27.0618 0
    endloop
  endfacet
  facet normal -0.788454 -0.615094 0
    outer loop
      vertex 2.51228 27.0618 8
      vertex 2.61042 26.936 0
      vertex 2.61042 26.936 8
    endloop
  endfacet
  facet normal -0.844914 -0.534903 0
    outer loop
      vertex 2.78762 26.6708 0
      vertex 2.70228 26.8056 8
      vertex 2.70228 26.8056 0
    endloop
  endfacet
  facet normal -0.844914 -0.534903 0
    outer loop
      vertex 2.70228 26.8056 8
      vertex 2.78762 26.6708 0
      vertex 2.78762 26.6708 8
    endloop
  endfacet
  facet normal -0.9997 0.0245067 0
    outer loop
      vertex 3.24609 24.8405 1
      vertex 3.25 25 8
      vertex 3.25 25 1
    endloop
  endfacet
  facet normal -0.9997 0.0245067 0
    outer loop
      vertex 3.25 25 8
      vertex 3.24609 24.8405 1
      vertex 3.24609 24.8405 8
    endloop
  endfacet
  facet normal -0.724169 0.689622 0
    outer loop
      vertex 2.2981 22.7019 1
      vertex 2.40809 22.8174 8
      vertex 2.40809 22.8174 1
    endloop
  endfacet
  facet normal -0.724169 0.689622 0
    outer loop
      vertex 2.40809 22.8174 8
      vertex 2.2981 22.7019 1
      vertex 2.2981 22.7019 8
    endloop
  endfacet
  facet normal -0.449994 0.893032 0
    outer loop
      vertex 1.53204 22.1338 1
      vertex 1.38955 22.062 8
      vertex 1.53204 22.1338 8
    endloop
  endfacet
  facet normal -0.449994 0.893032 0
    outer loop
      vertex 1.38955 22.062 8
      vertex 1.53204 22.1338 1
      vertex 1.38955 22.062 1
    endloop
  endfacet
  facet normal -0.61506 0.78848 0
    outer loop
      vertex 2.06178 22.4877 1
      vertex 1.93602 22.3896 8
      vertex 2.06178 22.4877 8
    endloop
  endfacet
  facet normal -0.61506 0.78848 0
    outer loop
      vertex 1.93602 22.3896 8
      vertex 2.06178 22.4877 1
      vertex 1.93602 22.3896 1
    endloop
  endfacet
  facet normal -0.122863 0.992424 0
    outer loop
      vertex 0.476873 21.7852 1
      vertex 0.318555 21.7656 8
      vertex 0.476873 21.7852 8
    endloop
  endfacet
  facet normal -0.122863 0.992424 0
    outer loop
      vertex 0.318555 21.7656 8
      vertex 0.476873 21.7852 1
      vertex 0.318555 21.7656 1
    endloop
  endfacet
  facet normal -0.0733475 0.997306 0
    outer loop
      vertex 0.318555 21.7656 1
      vertex 0.15947 21.7539 8
      vertex 0.318555 21.7656 8
    endloop
  endfacet
  facet normal -0.0733475 0.997306 0
    outer loop
      vertex 0.15947 21.7539 8
      vertex 0.318555 21.7656 1
      vertex 0.15947 21.7539 1
    endloop
  endfacet
  facet normal -0.97572 -0.21902 0
    outer loop
      vertex 3.18755 25.634 1
      vertex 3.1526 25.7897 8
      vertex 3.1526 25.7897 1
    endloop
  endfacet
  facet normal -0.97572 -0.21902 0
    outer loop
      vertex 3.1526 25.7897 8
      vertex 3.18755 25.634 1
      vertex 3.18755 25.634 8
    endloop
  endfacet
  facet normal -0.449994 -0.893032 0
    outer loop
      vertex 1.38955 27.938 0
      vertex 1.53204 27.8662 8
      vertex 1.38955 27.938 8
    endloop
  endfacet
  facet normal -0.449994 -0.893032 -0
    outer loop
      vertex 1.53204 27.8662 8
      vertex 1.38955 27.938 0
      vertex 1.53204 27.8662 0
    endloop
  endfacet
  facet normal -0.492786 -0.87015 0
    outer loop
      vertex 1.53204 27.8662 0
      vertex 1.67083 27.7876 8
      vertex 1.53204 27.8662 8
    endloop
  endfacet
  facet normal -0.492786 -0.87015 -0
    outer loop
      vertex 1.67083 27.7876 8
      vertex 1.53204 27.8662 0
      vertex 1.67083 27.7876 0
    endloop
  endfacet
  facet normal -0.576009 -0.817444 0
    outer loop
      vertex 1.8056 27.7023 0
      vertex 1.93602 27.6104 8
      vertex 1.8056 27.7023 8
    endloop
  endfacet
  facet normal -0.576009 -0.817444 -0
    outer loop
      vertex 1.93602 27.6104 8
      vertex 1.8056 27.7023 0
      vertex 1.93602 27.6104 0
    endloop
  endfacet
  facet normal -0.97572 0.21902 0
    outer loop
      vertex 3.1526 24.2103 1
      vertex 3.18755 24.366 8
      vertex 3.18755 24.366 1
    endloop
  endfacet
  facet normal -0.97572 0.21902 0
    outer loop
      vertex 3.18755 24.366 8
      vertex 3.1526 24.2103 1
      vertex 3.1526 24.2103 8
    endloop
  endfacet
  facet normal -0.985266 0.171026 0
    outer loop
      vertex 3.18755 24.366 1
      vertex 3.21482 24.5231 8
      vertex 3.21482 24.5231 1
    endloop
  endfacet
  facet normal -0.985266 0.171026 0
    outer loop
      vertex 3.21482 24.5231 8
      vertex 3.18755 24.366 1
      vertex 3.18755 24.366 8
    endloop
  endfacet
  facet normal -0.997289 0.07359 0
    outer loop
      vertex 3.23435 24.6814 1
      vertex 3.24609 24.8405 8
      vertex 3.24609 24.8405 1
    endloop
  endfacet
  facet normal -0.997289 0.07359 0
    outer loop
      vertex 3.24609 24.8405 8
      vertex 3.23435 24.6814 1
      vertex 3.23435 24.6814 8
    endloop
  endfacet
  facet normal -0.914263 0.405121 0
    outer loop
      vertex 2.93796 23.6104 1
      vertex 3.00261 23.7563 8
      vertex 3.00261 23.7563 1
    endloop
  endfacet
  facet normal -0.914263 0.405121 0
    outer loop
      vertex 3.00261 23.7563 8
      vertex 2.93796 23.6104 1
      vertex 2.93796 23.6104 8
    endloop
  endfacet
  facet normal -0.844914 0.534903 0
    outer loop
      vertex 2.70228 23.1944 1
      vertex 2.78762 23.3292 8
      vertex 2.78762 23.3292 1
    endloop
  endfacet
  facet normal -0.844914 0.534903 0
    outer loop
      vertex 2.78762 23.3292 8
      vertex 2.70228 23.1944 1
      vertex 2.70228 23.1944 8
    endloop
  endfacet
  facet normal -0.893119 0.449821 0
    outer loop
      vertex 2.86624 23.468 1
      vertex 2.93796 23.6104 8
      vertex 2.93796 23.6104 1
    endloop
  endfacet
  facet normal -0.893119 0.449821 0
    outer loop
      vertex 2.93796 23.6104 8
      vertex 2.86624 23.468 1
      vertex 2.86624 23.468 8
    endloop
  endfacet
  facet normal -0.757249 0.653127 0
    outer loop
      vertex 2.40809 22.8174 1
      vertex 2.51228 22.9382 8
      vertex 2.51228 22.9382 1
    endloop
  endfacet
  facet normal -0.757249 0.653127 0
    outer loop
      vertex 2.51228 22.9382 8
      vertex 2.40809 22.8174 1
      vertex 2.40809 22.8174 8
    endloop
  endfacet
  facet normal -0.963767 0.266745 0
    outer loop
      vertex 3.11006 24.0566 1
      vertex 3.1526 24.2103 8
      vertex 3.1526 24.2103 1
    endloop
  endfacet
  facet normal -0.963767 0.266745 0
    outer loop
      vertex 3.1526 24.2103 8
      vertex 3.11006 24.0566 1
      vertex 3.11006 24.0566 8
    endloop
  endfacet
  facet normal -0.949545 0.313632 0
    outer loop
      vertex 3.06002 23.9051 1
      vertex 3.11006 24.0566 8
      vertex 3.11006 24.0566 1
    endloop
  endfacet
  facet normal -0.949545 0.313632 0
    outer loop
      vertex 3.11006 24.0566 8
      vertex 3.06002 23.9051 1
      vertex 3.06002 23.9051 8
    endloop
  endfacet
  facet normal -0.653194 0.757191 0
    outer loop
      vertex 2.18257 22.5919 1
      vertex 2.06178 22.4877 8
      vertex 2.18257 22.5919 8
    endloop
  endfacet
  facet normal -0.653194 0.757191 0
    outer loop
      vertex 2.06178 22.4877 8
      vertex 2.18257 22.5919 1
      vertex 2.06178 22.4877 1
    endloop
  endfacet
  facet normal -0.689561 0.724227 0
    outer loop
      vertex 2.2981 22.7019 1
      vertex 2.18257 22.5919 8
      vertex 2.2981 22.7019 8
    endloop
  endfacet
  facet normal -0.689561 0.724227 0
    outer loop
      vertex 2.18257 22.5919 8
      vertex 2.2981 22.7019 1
      vertex 2.18257 22.5919 1
    endloop
  endfacet
  facet normal -0.314036 0.949411 0
    outer loop
      vertex 1.09489 21.94 1
      vertex 0.943425 21.8899 8
      vertex 1.09489 21.94 8
    endloop
  endfacet
  facet normal -0.314036 0.949411 0
    outer loop
      vertex 0.943425 21.8899 8
      vertex 1.09489 21.94 1
      vertex 0.943425 21.8899 1
    endloop
  endfacet
  facet normal -0.266447 0.963849 0
    outer loop
      vertex 0.943425 21.8899 1
      vertex 0.789685 21.8474 8
      vertex 0.943425 21.8899 8
    endloop
  endfacet
  facet normal -0.266447 0.963849 0
    outer loop
      vertex 0.789685 21.8474 8
      vertex 0.943425 21.8899 1
      vertex 0.789685 21.8474 1
    endloop
  endfacet
  facet normal -0.35984 0.933014 0
    outer loop
      vertex 1.24372 21.9974 1
      vertex 1.09489 21.94 8
      vertex 1.24372 21.9974 8
    endloop
  endfacet
  facet normal -0.35984 0.933014 0
    outer loop
      vertex 1.09489 21.94 8
      vertex 1.24372 21.9974 1
      vertex 1.09489 21.94 1
    endloop
  endfacet
  facet normal -0.992475 -0.122445 0
    outer loop
      vertex 3.23435 25.3186 1
      vertex 3.21482 25.4769 8
      vertex 3.21482 25.4769 1
    endloop
  endfacet
  facet normal -0.992475 -0.122445 0
    outer loop
      vertex 3.21482 25.4769 8
      vertex 3.23435 25.3186 1
      vertex 3.23435 25.3186 8
    endloop
  endfacet
  facet normal -0.997289 -0.07359 0
    outer loop
      vertex 3.24609 25.1595 1
      vertex 3.23435 25.3186 8
      vertex 3.23435 25.3186 1
    endloop
  endfacet
  facet normal -0.997289 -0.07359 0
    outer loop
      vertex 3.23435 25.3186 8
      vertex 3.24609 25.1595 1
      vertex 3.24609 25.1595 8
    endloop
  endfacet
  facet normal -0.963769 -0.266738 -0
    outer loop
      vertex 3.12221 25.8995 1
      vertex 3.11006 25.9434 0
      vertex 3.12221 25.8995 0
    endloop
  endfacet
  facet normal -0.963769 -0.266738 0
    outer loop
      vertex 3.11006 25.9434 0
      vertex 3.12221 25.8995 1
      vertex 3.11006 25.9434 8
    endloop
  endfacet
  facet normal -0.963766 -0.266747 6.39502e-08
    outer loop
      vertex 3.1526 25.7897 1
      vertex 3.11006 25.9434 8
      vertex 3.12221 25.8995 1
    endloop
  endfacet
  facet normal -0.963767 -0.266745 0
    outer loop
      vertex 3.11006 25.9434 8
      vertex 3.1526 25.7897 1
      vertex 3.1526 25.7897 8
    endloop
  endfacet
  facet normal -0.81752 -0.5759 0
    outer loop
      vertex 2.70228 26.8056 0
      vertex 2.61042 26.936 8
      vertex 2.61042 26.936 0
    endloop
  endfacet
  facet normal -0.81752 -0.5759 0
    outer loop
      vertex 2.61042 26.936 8
      vertex 2.70228 26.8056 0
      vertex 2.70228 26.8056 8
    endloop
  endfacet
  facet normal -0.870112 -0.492854 0
    outer loop
      vertex 2.86624 26.532 0
      vertex 2.78762 26.6708 8
      vertex 2.78762 26.6708 0
    endloop
  endfacet
  facet normal -0.870112 -0.492854 0
    outer loop
      vertex 2.78762 26.6708 8
      vertex 2.86624 26.532 0
      vertex 2.86624 26.532 8
    endloop
  endfacet
  facet normal -0.893119 -0.449821 0
    outer loop
      vertex 2.93796 26.3896 0
      vertex 2.86624 26.532 8
      vertex 2.86624 26.532 0
    endloop
  endfacet
  facet normal -0.893119 -0.449821 0
    outer loop
      vertex 2.86624 26.532 8
      vertex 2.93796 26.3896 0
      vertex 2.93796 26.3896 8
    endloop
  endfacet
  facet normal -0.81752 0.5759 0
    outer loop
      vertex 2.61042 23.064 1
      vertex 2.70228 23.1944 8
      vertex 2.70228 23.1944 1
    endloop
  endfacet
  facet normal -0.81752 0.5759 0
    outer loop
      vertex 2.70228 23.1944 8
      vertex 2.61042 23.064 1
      vertex 2.61042 23.064 8
    endloop
  endfacet
  facet normal -0.788454 0.615094 0
    outer loop
      vertex 2.51228 22.9382 1
      vertex 2.61042 23.064 8
      vertex 2.61042 23.064 1
    endloop
  endfacet
  facet normal -0.788454 0.615094 0
    outer loop
      vertex 2.61042 23.064 8
      vertex 2.51228 22.9382 1
      vertex 2.51228 22.9382 8
    endloop
  endfacet
  facet normal -0.492786 0.87015 0
    outer loop
      vertex 1.67083 22.2124 1
      vertex 1.53204 22.1338 8
      vertex 1.67083 22.2124 8
    endloop
  endfacet
  facet normal -0.492786 0.87015 0
    outer loop
      vertex 1.53204 22.1338 8
      vertex 1.67083 22.2124 1
      vertex 1.53204 22.1338 1
    endloop
  endfacet
  facet normal -0.534809 0.844973 0
    outer loop
      vertex 1.8056 22.2977 1
      vertex 1.67083 22.2124 8
      vertex 1.8056 22.2977 8
    endloop
  endfacet
  facet normal -0.534809 0.844973 0
    outer loop
      vertex 1.67083 22.2124 8
      vertex 1.8056 22.2977 1
      vertex 1.67083 22.2124 1
    endloop
  endfacet
  facet normal -0.870112 0.492854 0
    outer loop
      vertex 2.78762 23.3292 1
      vertex 2.86624 23.468 8
      vertex 2.86624 23.468 1
    endloop
  endfacet
  facet normal -0.870112 0.492854 0
    outer loop
      vertex 2.86624 23.468 8
      vertex 2.78762 23.3292 1
      vertex 2.78762 23.3292 8
    endloop
  endfacet
  facet normal 0.999701 0.0244487 0
    outer loop
      vertex -28.2461 -0.15947 8
      vertex -28.25 0 0
      vertex -28.25 0 8
    endloop
  endfacet
  facet normal 0.999701 0.0244487 0
    outer loop
      vertex -28.25 0 0
      vertex -28.2461 -0.15947 8
      vertex -28.2461 -0.15947 0
    endloop
  endfacet
  facet normal -0.999701 -0.0244487 0
    outer loop
      vertex -21.75 0 1
      vertex -21.7539 0.15947 8
      vertex -21.7539 0.15947 1
    endloop
  endfacet
  facet normal -0.999701 -0.0244487 0
    outer loop
      vertex -21.7539 0.15947 8
      vertex -21.75 0 1
      vertex -21.75 0 8
    endloop
  endfacet
  facet normal 0.5759 0.81752 -0
    outer loop
      vertex -26.8056 -2.70228 0
      vertex -26.936 -2.61042 8
      vertex -26.8056 -2.70228 8
    endloop
  endfacet
  facet normal 0.5759 0.81752 0
    outer loop
      vertex -26.936 -2.61042 8
      vertex -26.8056 -2.70228 0
      vertex -26.936 -2.61042 0
    endloop
  endfacet
  facet normal -0.87015 0.492786 0
    outer loop
      vertex -22.2124 -1.67083 1
      vertex -22.1338 -1.53204 8
      vertex -22.1338 -1.53204 1
    endloop
  endfacet
  facet normal -0.87015 0.492786 0
    outer loop
      vertex -22.1338 -1.53204 8
      vertex -22.2124 -1.67083 1
      vertex -22.2124 -1.67083 8
    endloop
  endfacet
  facet normal -0.78848 0.61506 0
    outer loop
      vertex -22.4877 -2.06178 1
      vertex -22.3896 -1.93602 8
      vertex -22.3896 -1.93602 1
    endloop
  endfacet
  facet normal -0.78848 0.61506 0
    outer loop
      vertex -22.3896 -1.93602 8
      vertex -22.4877 -2.06178 1
      vertex -22.4877 -2.06178 8
    endloop
  endfacet
  facet normal -0.724227 0.689561 0
    outer loop
      vertex -22.7019 -2.2981 1
      vertex -22.5919 -2.18257 8
      vertex -22.5919 -2.18257 1
    endloop
  endfacet
  facet normal -0.724227 0.689561 0
    outer loop
      vertex -22.5919 -2.18257 8
      vertex -22.7019 -2.2981 1
      vertex -22.7019 -2.2981 8
    endloop
  endfacet
  facet normal -0.171026 0.985266 0
    outer loop
      vertex -24.366 -3.18755 0
      vertex -24.5231 -3.21482 8
      vertex -24.366 -3.18755 8
    endloop
  endfacet
  facet normal -0.171026 0.985266 0
    outer loop
      vertex -24.5231 -3.21482 8
      vertex -24.366 -3.18755 0
      vertex -24.5231 -3.21482 0
    endloop
  endfacet
  facet normal 0.985353 0.170526 0
    outer loop
      vertex -28.1876 -0.634043 8
      vertex -28.2148 -0.476873 0
      vertex -28.2148 -0.476873 8
    endloop
  endfacet
  facet normal 0.985353 0.170526 0
    outer loop
      vertex -28.2148 -0.476873 0
      vertex -28.1876 -0.634043 8
      vertex -28.1876 -0.634043 0
    endloop
  endfacet
  facet normal 0.914307 0.405021 0
    outer loop
      vertex -27.938 -1.38955 8
      vertex -28.0026 -1.24372 0
      vertex -28.0026 -1.24372 8
    endloop
  endfacet
  facet normal 0.914307 0.405021 0
    outer loop
      vertex -28.0026 -1.24372 0
      vertex -27.938 -1.38955 8
      vertex -27.938 -1.38955 0
    endloop
  endfacet
  facet normal 0.844973 0.534809 0
    outer loop
      vertex -27.7023 -1.8056 8
      vertex -27.7876 -1.67083 0
      vertex -27.7876 -1.67083 8
    endloop
  endfacet
  facet normal 0.844973 0.534809 0
    outer loop
      vertex -27.7876 -1.67083 0
      vertex -27.7023 -1.8056 8
      vertex -27.7023 -1.8056 0
    endloop
  endfacet
  facet normal 0.359958 0.932969 -0
    outer loop
      vertex -26.0949 -3.06002 0
      vertex -26.2437 -3.00261 8
      vertex -26.0949 -3.06002 8
    endloop
  endfacet
  facet normal 0.359958 0.932969 0
    outer loop
      vertex -26.2437 -3.00261 8
      vertex -26.0949 -3.06002 0
      vertex -26.2437 -3.00261 0
    endloop
  endfacet
  facet normal -0.975636 0.219396 0
    outer loop
      vertex -21.8474 -0.789685 1
      vertex -21.8124 -0.634043 8
      vertex -21.8124 -0.634043 1
    endloop
  endfacet
  facet normal -0.975636 0.219396 0
    outer loop
      vertex -21.8124 -0.634043 8
      vertex -21.8474 -0.789685 1
      vertex -21.8474 -0.789685 8
    endloop
  endfacet
  facet normal -0.817444 0.576009 0
    outer loop
      vertex -22.3896 -1.93602 1
      vertex -22.2977 -1.8056 8
      vertex -22.2977 -1.8056 1
    endloop
  endfacet
  facet normal -0.817444 0.576009 0
    outer loop
      vertex -22.2977 -1.8056 8
      vertex -22.3896 -1.93602 1
      vertex -22.3896 -1.93602 8
    endloop
  endfacet
  facet normal -0.997306 0.0733475 0
    outer loop
      vertex -21.7656 -0.318555 1
      vertex -21.7539 -0.15947 8
      vertex -21.7539 -0.15947 1
    endloop
  endfacet
  facet normal -0.997306 0.0733475 0
    outer loop
      vertex -21.7539 -0.15947 8
      vertex -21.7656 -0.318555 1
      vertex -21.7656 -0.318555 8
    endloop
  endfacet
  facet normal -0.534903 0.844914 0
    outer loop
      vertex -23.1944 -2.70228 1
      vertex -23.3292 -2.78762 8
      vertex -23.1944 -2.70228 8
    endloop
  endfacet
  facet normal -0.534903 0.844914 0
    outer loop
      vertex -23.3292 -2.78762 8
      vertex -23.1944 -2.70228 1
      vertex -23.3292 -2.78762 1
    endloop
  endfacet
  facet normal -0.405121 0.914263 0
    outer loop
      vertex -23.6104 -2.93796 1
      vertex -23.7563 -3.00261 8
      vertex -23.6104 -2.93796 8
    endloop
  endfacet
  facet normal -0.405121 0.914263 0
    outer loop
      vertex -23.7563 -3.00261 8
      vertex -23.6104 -2.93796 1
      vertex -23.7563 -3.00261 1
    endloop
  endfacet
  facet normal 0.949411 -0.314036 0
    outer loop
      vertex -28.1101 0.943425 8
      vertex -28.06 1.09489 0
      vertex -28.06 1.09489 8
    endloop
  endfacet
  facet normal 0.949411 -0.314036 0
    outer loop
      vertex -28.06 1.09489 0
      vertex -28.1101 0.943425 8
      vertex -28.1101 0.943425 0
    endloop
  endfacet
  facet normal 0.997306 0.0733475 0
    outer loop
      vertex -28.2344 -0.318555 8
      vertex -28.2461 -0.15947 0
      vertex -28.2461 -0.15947 8
    endloop
  endfacet
  facet normal 0.997306 0.0733475 0
    outer loop
      vertex -28.2461 -0.15947 0
      vertex -28.2344 -0.318555 8
      vertex -28.2344 -0.318555 0
    endloop
  endfacet
  facet normal 0.963849 0.266447 0
    outer loop
      vertex -28.1101 -0.943425 8
      vertex -28.1526 -0.789685 0
      vertex -28.1526 -0.789685 8
    endloop
  endfacet
  facet normal 0.963849 0.266447 0
    outer loop
      vertex -28.1526 -0.789685 0
      vertex -28.1101 -0.943425 8
      vertex -28.1101 -0.943425 0
    endloop
  endfacet
  facet normal 0.933014 0.35984 0
    outer loop
      vertex -28.0026 -1.24372 8
      vertex -28.06 -1.09489 0
      vertex -28.06 -1.09489 8
    endloop
  endfacet
  facet normal 0.933014 0.35984 0
    outer loop
      vertex -28.06 -1.09489 0
      vertex -28.0026 -1.24372 8
      vertex -28.0026 -1.24372 0
    endloop
  endfacet
  facet normal 0.757191 0.653194 0
    outer loop
      vertex -27.4081 -2.18257 8
      vertex -27.5123 -2.06178 0
      vertex -27.5123 -2.06178 8
    endloop
  endfacet
  facet normal 0.757191 0.653194 0
    outer loop
      vertex -27.5123 -2.06178 0
      vertex -27.4081 -2.18257 8
      vertex -27.4081 -2.18257 0
    endloop
  endfacet
  facet normal 0.78848 0.61506 0
    outer loop
      vertex -27.5123 -2.06178 8
      vertex -27.6104 -1.93602 0
      vertex -27.6104 -1.93602 8
    endloop
  endfacet
  facet normal 0.78848 0.61506 0
    outer loop
      vertex -27.6104 -1.93602 0
      vertex -27.5123 -2.06178 8
      vertex -27.5123 -2.06178 0
    endloop
  endfacet
  facet normal 0.724227 0.689561 0
    outer loop
      vertex -27.2981 -2.2981 8
      vertex -27.4081 -2.18257 0
      vertex -27.4081 -2.18257 8
    endloop
  endfacet
  facet normal 0.724227 0.689561 0
    outer loop
      vertex -27.4081 -2.18257 0
      vertex -27.2981 -2.2981 8
      vertex -27.2981 -2.2981 0
    endloop
  endfacet
  facet normal 0.817444 0.576009 0
    outer loop
      vertex -27.6104 -1.93602 8
      vertex -27.7023 -1.8056 0
      vertex -27.7023 -1.8056 8
    endloop
  endfacet
  facet normal 0.817444 0.576009 0
    outer loop
      vertex -27.7023 -1.8056 0
      vertex -27.6104 -1.93602 8
      vertex -27.6104 -1.93602 0
    endloop
  endfacet
  facet normal 0.893032 0.449994 0
    outer loop
      vertex -27.8662 -1.53204 8
      vertex -27.938 -1.38955 0
      vertex -27.938 -1.38955 8
    endloop
  endfacet
  facet normal 0.893032 0.449994 0
    outer loop
      vertex -27.938 -1.38955 0
      vertex -27.8662 -1.53204 8
      vertex -27.8662 -1.53204 0
    endloop
  endfacet
  facet normal 0.313632 0.949545 -0
    outer loop
      vertex -25.9434 -3.11006 0
      vertex -26.0949 -3.06002 8
      vertex -25.9434 -3.11006 8
    endloop
  endfacet
  facet normal 0.313632 0.949545 0
    outer loop
      vertex -26.0949 -3.06002 8
      vertex -25.9434 -3.11006 0
      vertex -26.0949 -3.06002 0
    endloop
  endfacet
  facet normal 0.266745 0.963767 -0
    outer loop
      vertex -25.7897 -3.1526 0
      vertex -25.9434 -3.11006 8
      vertex -25.7897 -3.1526 8
    endloop
  endfacet
  facet normal 0.266745 0.963767 0
    outer loop
      vertex -25.9434 -3.11006 8
      vertex -25.7897 -3.1526 0
      vertex -25.9434 -3.11006 0
    endloop
  endfacet
  facet normal 0.21902 0.97572 -0
    outer loop
      vertex -25.634 -3.18755 0
      vertex -25.7897 -3.1526 8
      vertex -25.634 -3.18755 8
    endloop
  endfacet
  facet normal 0.21902 0.97572 0
    outer loop
      vertex -25.7897 -3.1526 8
      vertex -25.634 -3.18755 0
      vertex -25.7897 -3.1526 0
    endloop
  endfacet
  facet normal 0.122445 0.992475 -0
    outer loop
      vertex -25.3186 -3.23435 0
      vertex -25.4769 -3.21482 8
      vertex -25.3186 -3.23435 8
    endloop
  endfacet
  facet normal 0.122445 0.992475 0
    outer loop
      vertex -25.4769 -3.21482 8
      vertex -25.3186 -3.23435 0
      vertex -25.4769 -3.21482 0
    endloop
  endfacet
  facet normal 0.0245067 0.9997 -0
    outer loop
      vertex -25 -3.25 0
      vertex -25.1595 -3.24609 8
      vertex -25 -3.25 8
    endloop
  endfacet
  facet normal 0.0245067 0.9997 0
    outer loop
      vertex -25.1595 -3.24609 8
      vertex -25 -3.25 0
      vertex -25.1595 -3.24609 0
    endloop
  endfacet
  facet normal 0.449821 0.893119 -0
    outer loop
      vertex -26.3896 -2.93796 0
      vertex -26.532 -2.86624 8
      vertex -26.3896 -2.93796 8
    endloop
  endfacet
  facet normal 0.449821 0.893119 0
    outer loop
      vertex -26.532 -2.86624 8
      vertex -26.3896 -2.93796 0
      vertex -26.532 -2.86624 0
    endloop
  endfacet
  facet normal 0.492854 0.870112 -0
    outer loop
      vertex -26.532 -2.86624 0
      vertex -26.6708 -2.78762 8
      vertex -26.532 -2.86624 8
    endloop
  endfacet
  facet normal 0.492854 0.870112 0
    outer loop
      vertex -26.6708 -2.78762 8
      vertex -26.532 -2.86624 0
      vertex -26.6708 -2.78762 0
    endloop
  endfacet
  facet normal 0.405121 0.914263 -0
    outer loop
      vertex -26.2437 -3.00261 0
      vertex -26.3896 -2.93796 8
      vertex -26.2437 -3.00261 8
    endloop
  endfacet
  facet normal 0.405121 0.914263 0
    outer loop
      vertex -26.3896 -2.93796 8
      vertex -26.2437 -3.00261 0
      vertex -26.3896 -2.93796 0
    endloop
  endfacet
  facet normal 0.534903 0.844914 -0
    outer loop
      vertex -26.6708 -2.78762 0
      vertex -26.8056 -2.70228 8
      vertex -26.6708 -2.78762 8
    endloop
  endfacet
  facet normal 0.534903 0.844914 0
    outer loop
      vertex -26.8056 -2.70228 8
      vertex -26.6708 -2.78762 0
      vertex -26.8056 -2.70228 0
    endloop
  endfacet
  facet normal 0.653127 0.757249 -0
    outer loop
      vertex -27.0618 -2.51228 0
      vertex -27.1826 -2.40809 8
      vertex -27.0618 -2.51228 8
    endloop
  endfacet
  facet normal 0.653127 0.757249 0
    outer loop
      vertex -27.1826 -2.40809 8
      vertex -27.0618 -2.51228 0
      vertex -27.1826 -2.40809 0
    endloop
  endfacet
  facet normal -0.757191 0.653194 0
    outer loop
      vertex -22.5919 -2.18257 1
      vertex -22.4877 -2.06178 8
      vertex -22.4877 -2.06178 1
    endloop
  endfacet
  facet normal -0.757191 0.653194 0
    outer loop
      vertex -22.4877 -2.06178 8
      vertex -22.5919 -2.18257 1
      vertex -22.5919 -2.18257 8
    endloop
  endfacet
  facet normal -0.914307 0.405021 0
    outer loop
      vertex -22.062 -1.38955 1
      vertex -21.9974 -1.24372 8
      vertex -21.9974 -1.24372 1
    endloop
  endfacet
  facet normal -0.914307 0.405021 0
    outer loop
      vertex -21.9974 -1.24372 8
      vertex -22.062 -1.38955 1
      vertex -22.062 -1.38955 8
    endloop
  endfacet
  facet normal -0.933014 0.35984 0
    outer loop
      vertex -21.9974 -1.24372 1
      vertex -21.94 -1.09489 8
      vertex -21.94 -1.09489 1
    endloop
  endfacet
  facet normal -0.933014 0.35984 0
    outer loop
      vertex -21.94 -1.09489 8
      vertex -21.9974 -1.24372 1
      vertex -21.9974 -1.24372 8
    endloop
  endfacet
  facet normal -0.893032 0.449994 0
    outer loop
      vertex -22.1338 -1.53204 1
      vertex -22.062 -1.38955 8
      vertex -22.062 -1.38955 1
    endloop
  endfacet
  facet normal -0.893032 0.449994 0
    outer loop
      vertex -22.062 -1.38955 8
      vertex -22.1338 -1.53204 1
      vertex -22.1338 -1.53204 8
    endloop
  endfacet
  facet normal -0.949411 0.314036 0
    outer loop
      vertex -21.94 -1.09489 1
      vertex -21.8899 -0.943425 8
      vertex -21.8899 -0.943425 1
    endloop
  endfacet
  facet normal -0.949411 0.314036 0
    outer loop
      vertex -21.8899 -0.943425 8
      vertex -21.94 -1.09489 1
      vertex -21.94 -1.09489 8
    endloop
  endfacet
  facet normal -0.963849 0.266447 0
    outer loop
      vertex -21.8899 -0.943425 1
      vertex -21.8474 -0.789685 8
      vertex -21.8474 -0.789685 1
    endloop
  endfacet
  facet normal -0.963849 0.266447 0
    outer loop
      vertex -21.8474 -0.789685 8
      vertex -21.8899 -0.943425 1
      vertex -21.8899 -0.943425 8
    endloop
  endfacet
  facet normal -0.992424 0.122863 0
    outer loop
      vertex -21.7852 -0.476873 1
      vertex -21.7656 -0.318555 8
      vertex -21.7656 -0.318555 1
    endloop
  endfacet
  facet normal -0.992424 0.122863 0
    outer loop
      vertex -21.7656 -0.318555 8
      vertex -21.7852 -0.476873 1
      vertex -21.7852 -0.476873 8
    endloop
  endfacet
  facet normal -0.999701 0.0244487 0
    outer loop
      vertex -21.7539 -0.15947 1
      vertex -21.75 0 8
      vertex -21.75 0 1
    endloop
  endfacet
  facet normal -0.999701 0.0244487 0
    outer loop
      vertex -21.75 0 8
      vertex -21.7539 -0.15947 1
      vertex -21.7539 -0.15947 8
    endloop
  endfacet
  facet normal -0.449821 0.893119 0
    outer loop
      vertex -23.468 -2.86624 1
      vertex -23.6104 -2.93796 8
      vertex -23.468 -2.86624 8
    endloop
  endfacet
  facet normal -0.449821 0.893119 0
    outer loop
      vertex -23.6104 -2.93796 8
      vertex -23.468 -2.86624 1
      vertex -23.6104 -2.93796 1
    endloop
  endfacet
  facet normal -0.615094 0.788454 0
    outer loop
      vertex -22.9382 -2.51228 1
      vertex -23.064 -2.61042 8
      vertex -22.9382 -2.51228 8
    endloop
  endfacet
  facet normal -0.615094 0.788454 0
    outer loop
      vertex -23.064 -2.61042 8
      vertex -22.9382 -2.51228 1
      vertex -23.064 -2.61042 1
    endloop
  endfacet
  facet normal -0.689622 0.724169 0
    outer loop
      vertex -22.7019 -2.2981 1
      vertex -22.8174 -2.40809 8
      vertex -22.7019 -2.2981 8
    endloop
  endfacet
  facet normal -0.689622 0.724169 0
    outer loop
      vertex -22.8174 -2.40809 8
      vertex -22.7019 -2.2981 1
      vertex -22.8174 -2.40809 1
    endloop
  endfacet
  facet normal -0.492854 0.870112 0
    outer loop
      vertex -23.3292 -2.78762 1
      vertex -23.468 -2.86624 8
      vertex -23.3292 -2.78762 8
    endloop
  endfacet
  facet normal -0.492854 0.870112 0
    outer loop
      vertex -23.468 -2.86624 8
      vertex -23.3292 -2.78762 1
      vertex -23.468 -2.86624 1
    endloop
  endfacet
  facet normal -0.313632 0.949545 0
    outer loop
      vertex -23.9051 -3.06002 0
      vertex -24.0566 -3.11006 8
      vertex -23.9051 -3.06002 8
    endloop
  endfacet
  facet normal -0.313632 0.949545 0
    outer loop
      vertex -24.0566 -3.11006 8
      vertex -23.9051 -3.06002 0
      vertex -24.0566 -3.11006 0
    endloop
  endfacet
  facet normal -0.266745 0.963767 0
    outer loop
      vertex -24.0566 -3.11006 0
      vertex -24.2103 -3.1526 8
      vertex -24.0566 -3.11006 8
    endloop
  endfacet
  facet normal -0.266745 0.963767 0
    outer loop
      vertex -24.2103 -3.1526 8
      vertex -24.0566 -3.11006 0
      vertex -24.2103 -3.1526 0
    endloop
  endfacet
  facet normal -0.359958 0.932969 0
    outer loop
      vertex -23.7563 -3.00261 1
      vertex -23.9051 -3.06002 8
      vertex -23.7563 -3.00261 8
    endloop
  endfacet
  facet normal -0.359904 0.932989 1.30306e-06
    outer loop
      vertex -23.8995 -3.05785 1
      vertex -23.9051 -3.06002 8
      vertex -23.7563 -3.00261 1
    endloop
  endfacet
  facet normal -0.361321 0.932441 0
    outer loop
      vertex -23.9051 -3.06002 0
      vertex -23.8995 -3.05785 1
      vertex -23.8995 -3.05785 0
    endloop
  endfacet
  facet normal -0.361321 0.932441 0
    outer loop
      vertex -23.8995 -3.05785 1
      vertex -23.9051 -3.06002 0
      vertex -23.9051 -3.06002 8
    endloop
  endfacet
  facet normal -0.21902 0.97572 0
    outer loop
      vertex -24.2103 -3.1526 0
      vertex -24.366 -3.18755 8
      vertex -24.2103 -3.1526 8
    endloop
  endfacet
  facet normal -0.21902 0.97572 0
    outer loop
      vertex -24.366 -3.18755 8
      vertex -24.2103 -3.1526 0
      vertex -24.366 -3.18755 0
    endloop
  endfacet
  facet normal -0.07359 0.997289 0
    outer loop
      vertex -24.6814 -3.23435 0
      vertex -24.8405 -3.24609 8
      vertex -24.6814 -3.23435 8
    endloop
  endfacet
  facet normal -0.07359 0.997289 0
    outer loop
      vertex -24.8405 -3.24609 8
      vertex -24.6814 -3.23435 0
      vertex -24.8405 -3.24609 0
    endloop
  endfacet
  facet normal 0.999701 -0.0244487 0
    outer loop
      vertex -28.25 0 8
      vertex -28.2461 0.15947 0
      vertex -28.2461 0.15947 8
    endloop
  endfacet
  facet normal 0.999701 -0.0244487 0
    outer loop
      vertex -28.2461 0.15947 0
      vertex -28.25 0 8
      vertex -28.25 0 0
    endloop
  endfacet
  facet normal 0.992424 -0.122863 0
    outer loop
      vertex -28.2344 0.318555 8
      vertex -28.2148 0.476873 0
      vertex -28.2148 0.476873 8
    endloop
  endfacet
  facet normal 0.992424 -0.122863 0
    outer loop
      vertex -28.2148 0.476873 0
      vertex -28.2344 0.318555 8
      vertex -28.2344 0.318555 0
    endloop
  endfacet
  facet normal 0.724227 -0.689561 0
    outer loop
      vertex -27.4081 2.18257 8
      vertex -27.2981 2.2981 0
      vertex -27.2981 2.2981 8
    endloop
  endfacet
  facet normal 0.724227 -0.689561 0
    outer loop
      vertex -27.2981 2.2981 0
      vertex -27.4081 2.18257 8
      vertex -27.4081 2.18257 0
    endloop
  endfacet
  facet normal 0.405121 -0.914263 0
    outer loop
      vertex -26.3896 2.93796 0
      vertex -26.2437 3.00261 8
      vertex -26.3896 2.93796 8
    endloop
  endfacet
  facet normal 0.405121 -0.914263 0
    outer loop
      vertex -26.2437 3.00261 8
      vertex -26.3896 2.93796 0
      vertex -26.2437 3.00261 0
    endloop
  endfacet
  facet normal 0.992424 0.122863 0
    outer loop
      vertex -28.2148 -0.476873 8
      vertex -28.2344 -0.318555 0
      vertex -28.2344 -0.318555 8
    endloop
  endfacet
  facet normal 0.992424 0.122863 0
    outer loop
      vertex -28.2344 -0.318555 0
      vertex -28.2148 -0.476873 8
      vertex -28.2148 -0.476873 0
    endloop
  endfacet
  facet normal 0.975636 0.219396 0
    outer loop
      vertex -28.1526 -0.789685 8
      vertex -28.1876 -0.634043 0
      vertex -28.1876 -0.634043 8
    endloop
  endfacet
  facet normal 0.975636 0.219396 0
    outer loop
      vertex -28.1876 -0.634043 0
      vertex -28.1526 -0.789685 8
      vertex -28.1526 -0.789685 0
    endloop
  endfacet
  facet normal 0.949411 0.314036 0
    outer loop
      vertex -28.06 -1.09489 8
      vertex -28.1101 -0.943425 0
      vertex -28.1101 -0.943425 8
    endloop
  endfacet
  facet normal 0.949411 0.314036 0
    outer loop
      vertex -28.1101 -0.943425 0
      vertex -28.06 -1.09489 8
      vertex -28.06 -1.09489 0
    endloop
  endfacet
  facet normal 0.689622 0.724169 -0
    outer loop
      vertex -27.1826 -2.40809 0
      vertex -27.2981 -2.2981 8
      vertex -27.1826 -2.40809 8
    endloop
  endfacet
  facet normal 0.689622 0.724169 0
    outer loop
      vertex -27.2981 -2.2981 8
      vertex -27.1826 -2.40809 0
      vertex -27.2981 -2.2981 0
    endloop
  endfacet
  facet normal 0.87015 0.492786 0
    outer loop
      vertex -27.7876 -1.67083 8
      vertex -27.8662 -1.53204 0
      vertex -27.8662 -1.53204 8
    endloop
  endfacet
  facet normal 0.87015 0.492786 0
    outer loop
      vertex -27.8662 -1.53204 0
      vertex -27.7876 -1.67083 8
      vertex -27.7876 -1.67083 0
    endloop
  endfacet
  facet normal 0.171026 0.985266 -0
    outer loop
      vertex -25.4769 -3.21482 0
      vertex -25.634 -3.18755 8
      vertex -25.4769 -3.21482 8
    endloop
  endfacet
  facet normal 0.171026 0.985266 0
    outer loop
      vertex -25.634 -3.18755 8
      vertex -25.4769 -3.21482 0
      vertex -25.634 -3.18755 0
    endloop
  endfacet
  facet normal 0.07359 0.997289 -0
    outer loop
      vertex -25.1595 -3.24609 0
      vertex -25.3186 -3.23435 8
      vertex -25.1595 -3.24609 8
    endloop
  endfacet
  facet normal 0.07359 0.997289 0
    outer loop
      vertex -25.3186 -3.23435 8
      vertex -25.1595 -3.24609 0
      vertex -25.3186 -3.23435 0
    endloop
  endfacet
  facet normal -0.0245067 0.9997 0
    outer loop
      vertex -24.8405 -3.24609 0
      vertex -25 -3.25 8
      vertex -24.8405 -3.24609 8
    endloop
  endfacet
  facet normal -0.0245067 0.9997 0
    outer loop
      vertex -25 -3.25 8
      vertex -24.8405 -3.24609 0
      vertex -25 -3.25 0
    endloop
  endfacet
  facet normal 0.615094 0.788454 -0
    outer loop
      vertex -26.936 -2.61042 0
      vertex -27.0618 -2.51228 8
      vertex -26.936 -2.61042 8
    endloop
  endfacet
  facet normal 0.615094 0.788454 0
    outer loop
      vertex -27.0618 -2.51228 8
      vertex -26.936 -2.61042 0
      vertex -27.0618 -2.51228 0
    endloop
  endfacet
  facet normal -0.844973 0.534809 0
    outer loop
      vertex -22.2977 -1.8056 1
      vertex -22.2124 -1.67083 8
      vertex -22.2124 -1.67083 1
    endloop
  endfacet
  facet normal -0.844973 0.534809 0
    outer loop
      vertex -22.2124 -1.67083 8
      vertex -22.2977 -1.8056 1
      vertex -22.2977 -1.8056 8
    endloop
  endfacet
  facet normal -0.985353 0.170526 0
    outer loop
      vertex -21.8124 -0.634043 1
      vertex -21.7852 -0.476873 8
      vertex -21.7852 -0.476873 1
    endloop
  endfacet
  facet normal -0.985353 0.170526 0
    outer loop
      vertex -21.7852 -0.476873 8
      vertex -21.8124 -0.634043 1
      vertex -21.8124 -0.634043 8
    endloop
  endfacet
  facet normal -0.5759 0.81752 0
    outer loop
      vertex -23.064 -2.61042 1
      vertex -23.1944 -2.70228 8
      vertex -23.064 -2.61042 8
    endloop
  endfacet
  facet normal -0.5759 0.81752 0
    outer loop
      vertex -23.1944 -2.70228 8
      vertex -23.064 -2.61042 1
      vertex -23.1944 -2.70228 1
    endloop
  endfacet
  facet normal -0.653127 0.757249 0
    outer loop
      vertex -22.8174 -2.40809 1
      vertex -22.9382 -2.51228 8
      vertex -22.8174 -2.40809 8
    endloop
  endfacet
  facet normal -0.653127 0.757249 0
    outer loop
      vertex -22.9382 -2.51228 8
      vertex -22.8174 -2.40809 1
      vertex -22.9382 -2.51228 1
    endloop
  endfacet
  facet normal -0.122445 0.992475 0
    outer loop
      vertex -24.5231 -3.21482 0
      vertex -24.6814 -3.23435 8
      vertex -24.5231 -3.21482 8
    endloop
  endfacet
  facet normal -0.122445 0.992475 0
    outer loop
      vertex -24.6814 -3.23435 8
      vertex -24.5231 -3.21482 0
      vertex -24.6814 -3.23435 0
    endloop
  endfacet
  facet normal 0.975636 -0.219396 0
    outer loop
      vertex -28.1876 0.634043 8
      vertex -28.1526 0.789685 0
      vertex -28.1526 0.789685 8
    endloop
  endfacet
  facet normal 0.975636 -0.219396 0
    outer loop
      vertex -28.1526 0.789685 0
      vertex -28.1876 0.634043 8
      vertex -28.1876 0.634043 0
    endloop
  endfacet
  facet normal 0.997306 -0.0733475 0
    outer loop
      vertex -28.2461 0.15947 8
      vertex -28.2344 0.318555 0
      vertex -28.2344 0.318555 8
    endloop
  endfacet
  facet normal 0.997306 -0.0733475 0
    outer loop
      vertex -28.2344 0.318555 0
      vertex -28.2461 0.15947 8
      vertex -28.2461 0.15947 0
    endloop
  endfacet
  facet normal 0.893032 -0.449994 0
    outer loop
      vertex -27.938 1.38955 8
      vertex -27.8662 1.53204 0
      vertex -27.8662 1.53204 8
    endloop
  endfacet
  facet normal 0.893032 -0.449994 0
    outer loop
      vertex -27.8662 1.53204 0
      vertex -27.938 1.38955 8
      vertex -27.938 1.38955 0
    endloop
  endfacet
  facet normal 0.87015 -0.492786 0
    outer loop
      vertex -27.8662 1.53204 8
      vertex -27.7876 1.67083 0
      vertex -27.7876 1.67083 8
    endloop
  endfacet
  facet normal 0.87015 -0.492786 0
    outer loop
      vertex -27.7876 1.67083 0
      vertex -27.8662 1.53204 8
      vertex -27.8662 1.53204 0
    endloop
  endfacet
  facet normal 0.653127 -0.757249 0
    outer loop
      vertex -27.1826 2.40809 0
      vertex -27.0618 2.51228 8
      vertex -27.1826 2.40809 8
    endloop
  endfacet
  facet normal 0.653127 -0.757249 0
    outer loop
      vertex -27.0618 2.51228 8
      vertex -27.1826 2.40809 0
      vertex -27.0618 2.51228 0
    endloop
  endfacet
  facet normal 0.534903 -0.844914 0
    outer loop
      vertex -26.8056 2.70228 0
      vertex -26.6708 2.78762 8
      vertex -26.8056 2.70228 8
    endloop
  endfacet
  facet normal 0.534903 -0.844914 0
    outer loop
      vertex -26.6708 2.78762 8
      vertex -26.8056 2.70228 0
      vertex -26.6708 2.78762 0
    endloop
  endfacet
  facet normal -0.653127 -0.757249 0
    outer loop
      vertex -22.9382 2.51228 1
      vertex -22.8174 2.40809 8
      vertex -22.9382 2.51228 8
    endloop
  endfacet
  facet normal -0.653127 -0.757249 -0
    outer loop
      vertex -22.8174 2.40809 8
      vertex -22.9382 2.51228 1
      vertex -22.8174 2.40809 1
    endloop
  endfacet
  facet normal -0.992424 -0.122863 0
    outer loop
      vertex -21.7656 0.318555 1
      vertex -21.7852 0.476873 8
      vertex -21.7852 0.476873 1
    endloop
  endfacet
  facet normal -0.992424 -0.122863 0
    outer loop
      vertex -21.7852 0.476873 8
      vertex -21.7656 0.318555 1
      vertex -21.7656 0.318555 8
    endloop
  endfacet
  facet normal 0.171026 -0.985266 0
    outer loop
      vertex -25.634 3.18755 0
      vertex -25.4769 3.21482 8
      vertex -25.634 3.18755 8
    endloop
  endfacet
  facet normal 0.171026 -0.985266 0
    outer loop
      vertex -25.4769 3.21482 8
      vertex -25.634 3.18755 0
      vertex -25.4769 3.21482 0
    endloop
  endfacet
  facet normal 0.359958 -0.932969 0
    outer loop
      vertex -26.2437 3.00261 0
      vertex -26.0949 3.06002 8
      vertex -26.2437 3.00261 8
    endloop
  endfacet
  facet normal 0.359958 -0.932969 0
    outer loop
      vertex -26.0949 3.06002 8
      vertex -26.2437 3.00261 0
      vertex -26.0949 3.06002 0
    endloop
  endfacet
  facet normal 0.313632 -0.949545 0
    outer loop
      vertex -26.0949 3.06002 0
      vertex -25.9434 3.11006 8
      vertex -26.0949 3.06002 8
    endloop
  endfacet
  facet normal 0.313632 -0.949545 0
    outer loop
      vertex -25.9434 3.11006 8
      vertex -26.0949 3.06002 0
      vertex -25.9434 3.11006 0
    endloop
  endfacet
  facet normal 0.985353 -0.170526 0
    outer loop
      vertex -28.2148 0.476873 8
      vertex -28.1876 0.634043 0
      vertex -28.1876 0.634043 8
    endloop
  endfacet
  facet normal 0.985353 -0.170526 0
    outer loop
      vertex -28.1876 0.634043 0
      vertex -28.2148 0.476873 8
      vertex -28.2148 0.476873 0
    endloop
  endfacet
  facet normal 0.963849 -0.266447 0
    outer loop
      vertex -28.1526 0.789685 8
      vertex -28.1101 0.943425 0
      vertex -28.1101 0.943425 8
    endloop
  endfacet
  facet normal 0.963849 -0.266447 0
    outer loop
      vertex -28.1101 0.943425 0
      vertex -28.1526 0.789685 8
      vertex -28.1526 0.789685 0
    endloop
  endfacet
  facet normal 0.757191 -0.653194 0
    outer loop
      vertex -27.5123 2.06178 8
      vertex -27.4081 2.18257 0
      vertex -27.4081 2.18257 8
    endloop
  endfacet
  facet normal 0.757191 -0.653194 0
    outer loop
      vertex -27.4081 2.18257 0
      vertex -27.5123 2.06178 8
      vertex -27.5123 2.06178 0
    endloop
  endfacet
  facet normal 0.689622 -0.724169 0
    outer loop
      vertex -27.2981 2.2981 0
      vertex -27.1826 2.40809 8
      vertex -27.2981 2.2981 8
    endloop
  endfacet
  facet normal 0.689622 -0.724169 0
    outer loop
      vertex -27.1826 2.40809 8
      vertex -27.2981 2.2981 0
      vertex -27.1826 2.40809 0
    endloop
  endfacet
  facet normal 0.492854 -0.870112 0
    outer loop
      vertex -26.6708 2.78762 0
      vertex -26.532 2.86624 8
      vertex -26.6708 2.78762 8
    endloop
  endfacet
  facet normal 0.492854 -0.870112 0
    outer loop
      vertex -26.532 2.86624 8
      vertex -26.6708 2.78762 0
      vertex -26.532 2.86624 0
    endloop
  endfacet
  facet normal 0.449821 -0.893119 0
    outer loop
      vertex -26.532 2.86624 0
      vertex -26.3896 2.93796 8
      vertex -26.532 2.86624 8
    endloop
  endfacet
  facet normal 0.449821 -0.893119 0
    outer loop
      vertex -26.3896 2.93796 8
      vertex -26.532 2.86624 0
      vertex -26.3896 2.93796 0
    endloop
  endfacet
  facet normal 0.0245067 -0.9997 0
    outer loop
      vertex -25.1595 3.24609 0
      vertex -25 3.25 8
      vertex -25.1595 3.24609 8
    endloop
  endfacet
  facet normal 0.0245067 -0.9997 0
    outer loop
      vertex -25 3.25 8
      vertex -25.1595 3.24609 0
      vertex -25 3.25 0
    endloop
  endfacet
  facet normal -0.0245067 -0.9997 0
    outer loop
      vertex -25 3.25 0
      vertex -24.8405 3.24609 8
      vertex -25 3.25 8
    endloop
  endfacet
  facet normal -0.0245067 -0.9997 -0
    outer loop
      vertex -24.8405 3.24609 8
      vertex -25 3.25 0
      vertex -24.8405 3.24609 0
    endloop
  endfacet
  facet normal -0.07359 -0.997289 0
    outer loop
      vertex -24.8405 3.24609 0
      vertex -24.6814 3.23435 8
      vertex -24.8405 3.24609 8
    endloop
  endfacet
  facet normal -0.07359 -0.997289 -0
    outer loop
      vertex -24.6814 3.23435 8
      vertex -24.8405 3.24609 0
      vertex -24.6814 3.23435 0
    endloop
  endfacet
  facet normal -0.313632 -0.949545 0
    outer loop
      vertex -24.0566 3.11006 0
      vertex -23.9051 3.06002 8
      vertex -24.0566 3.11006 8
    endloop
  endfacet
  facet normal -0.313632 -0.949545 -0
    outer loop
      vertex -23.9051 3.06002 8
      vertex -24.0566 3.11006 0
      vertex -23.9051 3.06002 0
    endloop
  endfacet
  facet normal -0.689622 -0.724169 0
    outer loop
      vertex -22.8174 2.40809 1
      vertex -22.7019 2.2981 8
      vertex -22.8174 2.40809 8
    endloop
  endfacet
  facet normal -0.689622 -0.724169 -0
    outer loop
      vertex -22.7019 2.2981 8
      vertex -22.8174 2.40809 1
      vertex -22.7019 2.2981 1
    endloop
  endfacet
  facet normal -0.724227 -0.689561 0
    outer loop
      vertex -22.5919 2.18257 1
      vertex -22.7019 2.2981 8
      vertex -22.7019 2.2981 1
    endloop
  endfacet
  facet normal -0.724227 -0.689561 0
    outer loop
      vertex -22.7019 2.2981 8
      vertex -22.5919 2.18257 1
      vertex -22.5919 2.18257 8
    endloop
  endfacet
  facet normal -0.757191 -0.653194 0
    outer loop
      vertex -22.4877 2.06178 1
      vertex -22.5919 2.18257 8
      vertex -22.5919 2.18257 1
    endloop
  endfacet
  facet normal -0.757191 -0.653194 0
    outer loop
      vertex -22.5919 2.18257 8
      vertex -22.4877 2.06178 1
      vertex -22.4877 2.06178 8
    endloop
  endfacet
  facet normal -0.893032 -0.449994 0
    outer loop
      vertex -22.062 1.38955 1
      vertex -22.1338 1.53204 8
      vertex -22.1338 1.53204 1
    endloop
  endfacet
  facet normal -0.893032 -0.449994 0
    outer loop
      vertex -22.1338 1.53204 8
      vertex -22.062 1.38955 1
      vertex -22.062 1.38955 8
    endloop
  endfacet
  facet normal -0.817444 -0.576009 0
    outer loop
      vertex -22.2977 1.8056 1
      vertex -22.3896 1.93602 8
      vertex -22.3896 1.93602 1
    endloop
  endfacet
  facet normal -0.817444 -0.576009 0
    outer loop
      vertex -22.3896 1.93602 8
      vertex -22.2977 1.8056 1
      vertex -22.2977 1.8056 8
    endloop
  endfacet
  facet normal -0.914307 -0.405021 0
    outer loop
      vertex -21.9974 1.24372 1
      vertex -22.062 1.38955 8
      vertex -22.062 1.38955 1
    endloop
  endfacet
  facet normal -0.914307 -0.405021 0
    outer loop
      vertex -22.062 1.38955 8
      vertex -21.9974 1.24372 1
      vertex -21.9974 1.24372 8
    endloop
  endfacet
  facet normal -0.933014 -0.35984 0
    outer loop
      vertex -21.94 1.09489 1
      vertex -21.9974 1.24372 8
      vertex -21.9974 1.24372 1
    endloop
  endfacet
  facet normal -0.933014 -0.35984 0
    outer loop
      vertex -21.9974 1.24372 8
      vertex -21.94 1.09489 1
      vertex -21.94 1.09489 8
    endloop
  endfacet
  facet normal -0.949411 -0.314036 0
    outer loop
      vertex -21.8899 0.943425 1
      vertex -21.94 1.09489 8
      vertex -21.94 1.09489 1
    endloop
  endfacet
  facet normal -0.949411 -0.314036 0
    outer loop
      vertex -21.94 1.09489 8
      vertex -21.8899 0.943425 1
      vertex -21.8899 0.943425 8
    endloop
  endfacet
  facet normal -0.975636 -0.219396 0
    outer loop
      vertex -21.8124 0.634043 1
      vertex -21.8474 0.789685 8
      vertex -21.8474 0.789685 1
    endloop
  endfacet
  facet normal -0.975636 -0.219396 0
    outer loop
      vertex -21.8474 0.789685 8
      vertex -21.8124 0.634043 1
      vertex -21.8124 0.634043 8
    endloop
  endfacet
  facet normal -0.985353 -0.170526 0
    outer loop
      vertex -21.7852 0.476873 1
      vertex -21.8124 0.634043 8
      vertex -21.8124 0.634043 1
    endloop
  endfacet
  facet normal -0.985353 -0.170526 0
    outer loop
      vertex -21.8124 0.634043 8
      vertex -21.7852 0.476873 1
      vertex -21.7852 0.476873 8
    endloop
  endfacet
  facet normal -0.997306 -0.0733475 0
    outer loop
      vertex -21.7539 0.15947 1
      vertex -21.7656 0.318555 8
      vertex -21.7656 0.318555 1
    endloop
  endfacet
  facet normal -0.997306 -0.0733475 0
    outer loop
      vertex -21.7656 0.318555 8
      vertex -21.7539 0.15947 1
      vertex -21.7539 0.15947 8
    endloop
  endfacet
  facet normal 0.122445 -0.992475 0
    outer loop
      vertex -25.4769 3.21482 0
      vertex -25.3186 3.23435 8
      vertex -25.4769 3.21482 8
    endloop
  endfacet
  facet normal 0.122445 -0.992475 0
    outer loop
      vertex -25.3186 3.23435 8
      vertex -25.4769 3.21482 0
      vertex -25.3186 3.23435 0
    endloop
  endfacet
  facet normal 0.933014 -0.35984 0
    outer loop
      vertex -28.06 1.09489 8
      vertex -28.0026 1.24372 0
      vertex -28.0026 1.24372 8
    endloop
  endfacet
  facet normal 0.933014 -0.35984 0
    outer loop
      vertex -28.0026 1.24372 0
      vertex -28.06 1.09489 8
      vertex -28.06 1.09489 0
    endloop
  endfacet
  facet normal 0.914307 -0.405021 0
    outer loop
      vertex -28.0026 1.24372 8
      vertex -27.938 1.38955 0
      vertex -27.938 1.38955 8
    endloop
  endfacet
  facet normal 0.914307 -0.405021 0
    outer loop
      vertex -27.938 1.38955 0
      vertex -28.0026 1.24372 8
      vertex -28.0026 1.24372 0
    endloop
  endfacet
  facet normal 0.844973 -0.534809 0
    outer loop
      vertex -27.7876 1.67083 8
      vertex -27.7023 1.8056 0
      vertex -27.7023 1.8056 8
    endloop
  endfacet
  facet normal 0.844973 -0.534809 0
    outer loop
      vertex -27.7023 1.8056 0
      vertex -27.7876 1.67083 8
      vertex -27.7876 1.67083 0
    endloop
  endfacet
  facet normal 0.817444 -0.576009 0
    outer loop
      vertex -27.7023 1.8056 8
      vertex -27.6104 1.93602 0
      vertex -27.6104 1.93602 8
    endloop
  endfacet
  facet normal 0.817444 -0.576009 0
    outer loop
      vertex -27.6104 1.93602 0
      vertex -27.7023 1.8056 8
      vertex -27.7023 1.8056 0
    endloop
  endfacet
  facet normal 0.78848 -0.61506 0
    outer loop
      vertex -27.6104 1.93602 8
      vertex -27.5123 2.06178 0
      vertex -27.5123 2.06178 8
    endloop
  endfacet
  facet normal 0.78848 -0.61506 0
    outer loop
      vertex -27.5123 2.06178 0
      vertex -27.6104 1.93602 8
      vertex -27.6104 1.93602 0
    endloop
  endfacet
  facet normal 0.615094 -0.788454 0
    outer loop
      vertex -27.0618 2.51228 0
      vertex -26.936 2.61042 8
      vertex -27.0618 2.51228 8
    endloop
  endfacet
  facet normal 0.615094 -0.788454 0
    outer loop
      vertex -26.936 2.61042 8
      vertex -27.0618 2.51228 0
      vertex -26.936 2.61042 0
    endloop
  endfacet
  facet normal -0.122445 -0.992475 0
    outer loop
      vertex -24.6814 3.23435 0
      vertex -24.5231 3.21482 8
      vertex -24.6814 3.23435 8
    endloop
  endfacet
  facet normal -0.122445 -0.992475 -0
    outer loop
      vertex -24.5231 3.21482 8
      vertex -24.6814 3.23435 0
      vertex -24.5231 3.21482 0
    endloop
  endfacet
  facet normal -0.266745 -0.963767 0
    outer loop
      vertex -24.2103 3.1526 0
      vertex -24.0566 3.11006 8
      vertex -24.2103 3.1526 8
    endloop
  endfacet
  facet normal -0.266745 -0.963767 -0
    outer loop
      vertex -24.0566 3.11006 8
      vertex -24.2103 3.1526 0
      vertex -24.0566 3.11006 0
    endloop
  endfacet
  facet normal -0.78848 -0.61506 0
    outer loop
      vertex -22.3896 1.93602 1
      vertex -22.4877 2.06178 8
      vertex -22.4877 2.06178 1
    endloop
  endfacet
  facet normal -0.78848 -0.61506 0
    outer loop
      vertex -22.4877 2.06178 8
      vertex -22.3896 1.93602 1
      vertex -22.3896 1.93602 8
    endloop
  endfacet
  facet normal -0.844973 -0.534809 0
    outer loop
      vertex -22.2124 1.67083 1
      vertex -22.2977 1.8056 8
      vertex -22.2977 1.8056 1
    endloop
  endfacet
  facet normal -0.844973 -0.534809 0
    outer loop
      vertex -22.2977 1.8056 8
      vertex -22.2124 1.67083 1
      vertex -22.2124 1.67083 8
    endloop
  endfacet
  facet normal -0.963849 -0.266447 0
    outer loop
      vertex -21.8474 0.789685 1
      vertex -21.8899 0.943425 8
      vertex -21.8899 0.943425 1
    endloop
  endfacet
  facet normal -0.963849 -0.266447 0
    outer loop
      vertex -21.8899 0.943425 8
      vertex -21.8474 0.789685 1
      vertex -21.8474 0.789685 8
    endloop
  endfacet
  facet normal 0.07359 -0.997289 0
    outer loop
      vertex -25.3186 3.23435 0
      vertex -25.1595 3.24609 8
      vertex -25.3186 3.23435 8
    endloop
  endfacet
  facet normal 0.07359 -0.997289 0
    outer loop
      vertex -25.1595 3.24609 8
      vertex -25.3186 3.23435 0
      vertex -25.1595 3.24609 0
    endloop
  endfacet
  facet normal 0.266745 -0.963767 0
    outer loop
      vertex -25.9434 3.11006 0
      vertex -25.7897 3.1526 8
      vertex -25.9434 3.11006 8
    endloop
  endfacet
  facet normal 0.266745 -0.963767 0
    outer loop
      vertex -25.7897 3.1526 8
      vertex -25.9434 3.11006 0
      vertex -25.7897 3.1526 0
    endloop
  endfacet
  facet normal 0.21902 -0.97572 0
    outer loop
      vertex -25.7897 3.1526 0
      vertex -25.634 3.18755 8
      vertex -25.7897 3.1526 8
    endloop
  endfacet
  facet normal 0.21902 -0.97572 0
    outer loop
      vertex -25.634 3.18755 8
      vertex -25.7897 3.1526 0
      vertex -25.634 3.18755 0
    endloop
  endfacet
  facet normal 0.5759 -0.81752 0
    outer loop
      vertex -26.936 2.61042 0
      vertex -26.8056 2.70228 8
      vertex -26.936 2.61042 8
    endloop
  endfacet
  facet normal 0.5759 -0.81752 0
    outer loop
      vertex -26.8056 2.70228 8
      vertex -26.936 2.61042 0
      vertex -26.8056 2.70228 0
    endloop
  endfacet
  facet normal -0.171026 -0.985266 0
    outer loop
      vertex -24.5231 3.21482 0
      vertex -24.366 3.18755 8
      vertex -24.5231 3.21482 8
    endloop
  endfacet
  facet normal -0.171026 -0.985266 -0
    outer loop
      vertex -24.366 3.18755 8
      vertex -24.5231 3.21482 0
      vertex -24.366 3.18755 0
    endloop
  endfacet
  facet normal -0.21902 -0.97572 0
    outer loop
      vertex -24.366 3.18755 0
      vertex -24.2103 3.1526 8
      vertex -24.366 3.18755 8
    endloop
  endfacet
  facet normal -0.21902 -0.97572 -0
    outer loop
      vertex -24.2103 3.1526 8
      vertex -24.366 3.18755 0
      vertex -24.2103 3.1526 0
    endloop
  endfacet
  facet normal -0.534903 -0.844914 0
    outer loop
      vertex -23.3292 2.78762 1
      vertex -23.1944 2.70228 8
      vertex -23.3292 2.78762 8
    endloop
  endfacet
  facet normal -0.534903 -0.844914 -0
    outer loop
      vertex -23.1944 2.70228 8
      vertex -23.3292 2.78762 1
      vertex -23.1944 2.70228 1
    endloop
  endfacet
  facet normal -0.359958 -0.932969 1.25399e-06
    outer loop
      vertex -23.9051 3.06002 8
      vertex -23.8995 3.05785 1
      vertex -23.7563 3.00261 8
    endloop
  endfacet
  facet normal -0.361321 -0.932441 0
    outer loop
      vertex -23.9051 3.06002 0
      vertex -23.8995 3.05785 1
      vertex -23.9051 3.06002 8
    endloop
  endfacet
  facet normal -0.361321 -0.932441 -0
    outer loop
      vertex -23.8995 3.05785 1
      vertex -23.9051 3.06002 0
      vertex -23.8995 3.05785 0
    endloop
  endfacet
  facet normal -0.359904 -0.932989 -0
    outer loop
      vertex -23.7563 3.00261 8
      vertex -23.8995 3.05785 1
      vertex -23.7563 3.00261 1
    endloop
  endfacet
  facet normal -0.405121 -0.914263 0
    outer loop
      vertex -23.7563 3.00261 1
      vertex -23.6104 2.93796 8
      vertex -23.7563 3.00261 8
    endloop
  endfacet
  facet normal -0.405121 -0.914263 -0
    outer loop
      vertex -23.6104 2.93796 8
      vertex -23.7563 3.00261 1
      vertex -23.6104 2.93796 1
    endloop
  endfacet
  facet normal -0.492854 -0.870112 0
    outer loop
      vertex -23.468 2.86624 1
      vertex -23.3292 2.78762 8
      vertex -23.468 2.86624 8
    endloop
  endfacet
  facet normal -0.492854 -0.870112 -0
    outer loop
      vertex -23.3292 2.78762 8
      vertex -23.468 2.86624 1
      vertex -23.3292 2.78762 1
    endloop
  endfacet
  facet normal -0.449821 -0.893119 0
    outer loop
      vertex -23.6104 2.93796 1
      vertex -23.468 2.86624 8
      vertex -23.6104 2.93796 8
    endloop
  endfacet
  facet normal -0.449821 -0.893119 -0
    outer loop
      vertex -23.468 2.86624 8
      vertex -23.6104 2.93796 1
      vertex -23.468 2.86624 1
    endloop
  endfacet
  facet normal -0.87015 -0.492786 0
    outer loop
      vertex -22.1338 1.53204 1
      vertex -22.2124 1.67083 8
      vertex -22.2124 1.67083 1
    endloop
  endfacet
  facet normal -0.87015 -0.492786 0
    outer loop
      vertex -22.2124 1.67083 8
      vertex -22.1338 1.53204 1
      vertex -22.1338 1.53204 8
    endloop
  endfacet
  facet normal -0.5759 -0.81752 0
    outer loop
      vertex -23.1944 2.70228 1
      vertex -23.064 2.61042 8
      vertex -23.1944 2.70228 8
    endloop
  endfacet
  facet normal -0.5759 -0.81752 -0
    outer loop
      vertex -23.064 2.61042 8
      vertex -23.1944 2.70228 1
      vertex -23.064 2.61042 1
    endloop
  endfacet
  facet normal -0.615094 -0.788454 0
    outer loop
      vertex -23.064 2.61042 1
      vertex -22.9382 2.51228 8
      vertex -23.064 2.61042 8
    endloop
  endfacet
  facet normal -0.615094 -0.788454 -0
    outer loop
      vertex -22.9382 2.51228 8
      vertex -23.064 2.61042 1
      vertex -22.9382 2.51228 1
    endloop
  endfacet
  facet normal -0.9997 0.0245067 0
    outer loop
      vertex 3.24609 -25.1595 1
      vertex 3.25 -25 8
      vertex 3.25 -25 1
    endloop
  endfacet
  facet normal -0.9997 0.0245067 0
    outer loop
      vertex 3.25 -25 8
      vertex 3.24609 -25.1595 1
      vertex 3.24609 -25.1595 8
    endloop
  endfacet
  facet normal -0.932969 0.359958 0
    outer loop
      vertex 3.00261 -26.2437 0
      vertex 3.06002 -26.0949 8
      vertex 3.06002 -26.0949 0
    endloop
  endfacet
  facet normal -0.932969 0.359958 0
    outer loop
      vertex 3.06002 -26.0949 8
      vertex 3.00261 -26.2437 0
      vertex 3.00261 -26.2437 8
    endloop
  endfacet
  facet normal -0.492786 -0.87015 0
    outer loop
      vertex 1.53204 -22.1338 1
      vertex 1.67083 -22.2124 8
      vertex 1.53204 -22.1338 8
    endloop
  endfacet
  facet normal -0.492786 -0.87015 -0
    outer loop
      vertex 1.67083 -22.2124 8
      vertex 1.53204 -22.1338 1
      vertex 1.67083 -22.2124 1
    endloop
  endfacet
  facet normal -0.61506 -0.78848 0
    outer loop
      vertex 1.93602 -22.3896 1
      vertex 2.06178 -22.4877 8
      vertex 1.93602 -22.3896 8
    endloop
  endfacet
  facet normal -0.61506 -0.78848 -0
    outer loop
      vertex 2.06178 -22.4877 8
      vertex 1.93602 -22.3896 1
      vertex 2.06178 -22.4877 1
    endloop
  endfacet
  facet normal -0.170526 0.985353 0
    outer loop
      vertex 0.634043 -28.1876 0
      vertex 0.476873 -28.2148 8
      vertex 0.634043 -28.1876 8
    endloop
  endfacet
  facet normal -0.170526 0.985353 0
    outer loop
      vertex 0.476873 -28.2148 8
      vertex 0.634043 -28.1876 0
      vertex 0.476873 -28.2148 0
    endloop
  endfacet
  facet normal -0.405021 0.914307 0
    outer loop
      vertex 1.38955 -27.938 0
      vertex 1.24372 -28.0026 8
      vertex 1.38955 -27.938 8
    endloop
  endfacet
  facet normal -0.405021 0.914307 0
    outer loop
      vertex 1.24372 -28.0026 8
      vertex 1.38955 -27.938 0
      vertex 1.24372 -28.0026 0
    endloop
  endfacet
  facet normal -0.724169 0.689622 0
    outer loop
      vertex 2.2981 -27.2981 0
      vertex 2.40809 -27.1826 8
      vertex 2.40809 -27.1826 0
    endloop
  endfacet
  facet normal -0.724169 0.689622 0
    outer loop
      vertex 2.40809 -27.1826 8
      vertex 2.2981 -27.2981 0
      vertex 2.2981 -27.2981 8
    endloop
  endfacet
  facet normal -0.534809 0.844973 0
    outer loop
      vertex 1.8056 -27.7023 0
      vertex 1.67083 -27.7876 8
      vertex 1.8056 -27.7023 8
    endloop
  endfacet
  facet normal -0.534809 0.844973 0
    outer loop
      vertex 1.67083 -27.7876 8
      vertex 1.8056 -27.7023 0
      vertex 1.67083 -27.7876 0
    endloop
  endfacet
  facet normal -0.81752 0.5759 0
    outer loop
      vertex 2.61042 -26.936 0
      vertex 2.70228 -26.8056 8
      vertex 2.70228 -26.8056 0
    endloop
  endfacet
  facet normal -0.81752 0.5759 0
    outer loop
      vertex 2.70228 -26.8056 8
      vertex 2.61042 -26.936 0
      vertex 2.61042 -26.936 8
    endloop
  endfacet
  facet normal -0.266447 -0.963849 0
    outer loop
      vertex 0.789685 -21.8474 1
      vertex 0.943425 -21.8899 8
      vertex 0.789685 -21.8474 8
    endloop
  endfacet
  facet normal -0.266447 -0.963849 -0
    outer loop
      vertex 0.943425 -21.8899 8
      vertex 0.789685 -21.8474 1
      vertex 0.943425 -21.8899 1
    endloop
  endfacet
  facet normal -0.576009 -0.817444 0
    outer loop
      vertex 1.8056 -22.2977 1
      vertex 1.93602 -22.3896 8
      vertex 1.8056 -22.2977 8
    endloop
  endfacet
  facet normal -0.576009 -0.817444 -0
    outer loop
      vertex 1.93602 -22.3896 8
      vertex 1.8056 -22.2977 1
      vertex 1.93602 -22.3896 1
    endloop
  endfacet
  facet normal -0.449994 -0.893032 0
    outer loop
      vertex 1.38955 -22.062 1
      vertex 1.53204 -22.1338 8
      vertex 1.38955 -22.062 8
    endloop
  endfacet
  facet normal -0.449994 -0.893032 -0
    outer loop
      vertex 1.53204 -22.1338 8
      vertex 1.38955 -22.062 1
      vertex 1.53204 -22.1338 1
    endloop
  endfacet
  facet normal -0.219396 -0.975636 0
    outer loop
      vertex 0.634043 -21.8124 1
      vertex 0.789685 -21.8474 8
      vertex 0.634043 -21.8124 8
    endloop
  endfacet
  facet normal -0.219396 -0.975636 -0
    outer loop
      vertex 0.789685 -21.8474 8
      vertex 0.634043 -21.8124 1
      vertex 0.789685 -21.8474 1
    endloop
  endfacet
  facet normal -0.870112 -0.492854 0
    outer loop
      vertex 2.86624 -23.468 1
      vertex 2.78762 -23.3292 8
      vertex 2.78762 -23.3292 1
    endloop
  endfacet
  facet normal -0.870112 -0.492854 0
    outer loop
      vertex 2.78762 -23.3292 8
      vertex 2.86624 -23.468 1
      vertex 2.86624 -23.468 8
    endloop
  endfacet
  facet normal -0.844914 -0.534903 0
    outer loop
      vertex 2.78762 -23.3292 1
      vertex 2.70228 -23.1944 8
      vertex 2.70228 -23.1944 1
    endloop
  endfacet
  facet normal -0.844914 -0.534903 0
    outer loop
      vertex 2.70228 -23.1944 8
      vertex 2.78762 -23.3292 1
      vertex 2.78762 -23.3292 8
    endloop
  endfacet
  facet normal -0.985266 -0.171026 0
    outer loop
      vertex 3.21482 -24.5231 1
      vertex 3.18755 -24.366 8
      vertex 3.18755 -24.366 1
    endloop
  endfacet
  facet normal -0.985266 -0.171026 0
    outer loop
      vertex 3.18755 -24.366 8
      vertex 3.21482 -24.5231 1
      vertex 3.21482 -24.5231 8
    endloop
  endfacet
  facet normal 0.266447 0.963849 -0
    outer loop
      vertex -0.789685 -28.1526 0
      vertex -0.943425 -28.1101 8
      vertex -0.789685 -28.1526 8
    endloop
  endfacet
  facet normal 0.266447 0.963849 0
    outer loop
      vertex -0.943425 -28.1101 8
      vertex -0.789685 -28.1526 0
      vertex -0.943425 -28.1101 0
    endloop
  endfacet
  facet normal 0.266447 -0.963849 0
    outer loop
      vertex -0.943425 -21.8899 1
      vertex -0.789685 -21.8474 8
      vertex -0.943425 -21.8899 8
    endloop
  endfacet
  facet normal 0.266447 -0.963849 0
    outer loop
      vertex -0.789685 -21.8474 8
      vertex -0.943425 -21.8899 1
      vertex -0.789685 -21.8474 1
    endloop
  endfacet
  facet normal 0.35984 -0.933014 0
    outer loop
      vertex -1.24372 -21.9974 1
      vertex -1.09489 -21.94 8
      vertex -1.24372 -21.9974 8
    endloop
  endfacet
  facet normal 0.35984 -0.933014 0
    outer loop
      vertex -1.09489 -21.94 8
      vertex -1.24372 -21.9974 1
      vertex -1.09489 -21.94 1
    endloop
  endfacet
  facet normal 0.914263 0.405121 0
    outer loop
      vertex -2.93796 -26.3896 8
      vertex -3.00261 -26.2437 0
      vertex -3.00261 -26.2437 8
    endloop
  endfacet
  facet normal 0.914263 0.405121 0
    outer loop
      vertex -3.00261 -26.2437 0
      vertex -2.93796 -26.3896 8
      vertex -2.93796 -26.3896 0
    endloop
  endfacet
  facet normal -0.0733475 0.997306 0
    outer loop
      vertex 0.318555 -28.2344 0
      vertex 0.15947 -28.2461 8
      vertex 0.318555 -28.2344 8
    endloop
  endfacet
  facet normal -0.0733475 0.997306 0
    outer loop
      vertex 0.15947 -28.2461 8
      vertex 0.318555 -28.2344 0
      vertex 0.15947 -28.2461 0
    endloop
  endfacet
  facet normal -0.122863 0.992424 0
    outer loop
      vertex 0.476873 -28.2148 0
      vertex 0.318555 -28.2344 8
      vertex 0.476873 -28.2148 8
    endloop
  endfacet
  facet normal -0.122863 0.992424 0
    outer loop
      vertex 0.318555 -28.2344 8
      vertex 0.476873 -28.2148 0
      vertex 0.318555 -28.2344 0
    endloop
  endfacet
  facet normal -0.266447 0.963849 0
    outer loop
      vertex 0.943425 -28.1101 0
      vertex 0.789685 -28.1526 8
      vertex 0.943425 -28.1101 8
    endloop
  endfacet
  facet normal -0.266447 0.963849 0
    outer loop
      vertex 0.789685 -28.1526 8
      vertex 0.943425 -28.1101 0
      vertex 0.789685 -28.1526 0
    endloop
  endfacet
  facet normal -0.35984 0.933014 0
    outer loop
      vertex 1.24372 -28.0026 0
      vertex 1.09489 -28.06 8
      vertex 1.24372 -28.0026 8
    endloop
  endfacet
  facet normal -0.35984 0.933014 0
    outer loop
      vertex 1.09489 -28.06 8
      vertex 1.24372 -28.0026 0
      vertex 1.09489 -28.06 0
    endloop
  endfacet
  facet normal -0.653194 0.757191 0
    outer loop
      vertex 2.18257 -27.4081 0
      vertex 2.06178 -27.5123 8
      vertex 2.18257 -27.4081 8
    endloop
  endfacet
  facet normal -0.653194 0.757191 0
    outer loop
      vertex 2.06178 -27.5123 8
      vertex 2.18257 -27.4081 0
      vertex 2.06178 -27.5123 0
    endloop
  endfacet
  facet normal -0.61506 0.78848 0
    outer loop
      vertex 2.06178 -27.5123 0
      vertex 1.93602 -27.6104 8
      vertex 2.06178 -27.5123 8
    endloop
  endfacet
  facet normal -0.61506 0.78848 0
    outer loop
      vertex 1.93602 -27.6104 8
      vertex 2.06178 -27.5123 0
      vertex 1.93602 -27.6104 0
    endloop
  endfacet
  facet normal -0.689561 0.724227 0
    outer loop
      vertex 2.2981 -27.2981 0
      vertex 2.18257 -27.4081 8
      vertex 2.2981 -27.2981 8
    endloop
  endfacet
  facet normal -0.689561 0.724227 0
    outer loop
      vertex 2.18257 -27.4081 8
      vertex 2.2981 -27.2981 0
      vertex 2.18257 -27.4081 0
    endloop
  endfacet
  facet normal -0.576009 0.817444 0
    outer loop
      vertex 1.93602 -27.6104 0
      vertex 1.8056 -27.7023 8
      vertex 1.93602 -27.6104 8
    endloop
  endfacet
  facet normal -0.576009 0.817444 0
    outer loop
      vertex 1.8056 -27.7023 8
      vertex 1.93602 -27.6104 0
      vertex 1.8056 -27.7023 0
    endloop
  endfacet
  facet normal -0.449994 0.893032 0
    outer loop
      vertex 1.53204 -27.8662 0
      vertex 1.38955 -27.938 8
      vertex 1.53204 -27.8662 8
    endloop
  endfacet
  facet normal -0.449994 0.893032 0
    outer loop
      vertex 1.38955 -27.938 8
      vertex 1.53204 -27.8662 0
      vertex 1.38955 -27.938 0
    endloop
  endfacet
  facet normal -0.9997 -0.0245067 0
    outer loop
      vertex 3.25 -25 1
      vertex 3.24609 -24.8405 8
      vertex 3.24609 -24.8405 1
    endloop
  endfacet
  facet normal -0.9997 -0.0245067 0
    outer loop
      vertex 3.24609 -24.8405 8
      vertex 3.25 -25 1
      vertex 3.25 -25 8
    endloop
  endfacet
  facet normal -0.949545 0.313632 0
    outer loop
      vertex 3.06002 -26.0949 0
      vertex 3.11006 -25.9434 8
      vertex 3.11006 -25.9434 0
    endloop
  endfacet
  facet normal -0.949545 0.313632 0
    outer loop
      vertex 3.11006 -25.9434 8
      vertex 3.06002 -26.0949 0
      vertex 3.06002 -26.0949 8
    endloop
  endfacet
  facet normal -0.963769 0.266738 0
    outer loop
      vertex 3.12221 -25.8995 0
      vertex 3.11006 -25.9434 0
      vertex 3.12221 -25.8995 1
    endloop
  endfacet
  facet normal -0.963766 0.266747 0
    outer loop
      vertex 3.12221 -25.8995 1
      vertex 3.1526 -25.7897 8
      vertex 3.1526 -25.7897 1
    endloop
  endfacet
  facet normal -0.963769 0.266738 0
    outer loop
      vertex 3.11006 -25.9434 8
      vertex 3.12221 -25.8995 1
      vertex 3.11006 -25.9434 0
    endloop
  endfacet
  facet normal -0.963767 0.266745 4.56847e-08
    outer loop
      vertex 3.12221 -25.8995 1
      vertex 3.11006 -25.9434 8
      vertex 3.1526 -25.7897 8
    endloop
  endfacet
  facet normal -0.97572 0.21902 0
    outer loop
      vertex 3.1526 -25.7897 1
      vertex 3.18755 -25.634 8
      vertex 3.18755 -25.634 1
    endloop
  endfacet
  facet normal -0.97572 0.21902 0
    outer loop
      vertex 3.18755 -25.634 8
      vertex 3.1526 -25.7897 1
      vertex 3.1526 -25.7897 8
    endloop
  endfacet
  facet normal -0.992475 0.122445 0
    outer loop
      vertex 3.21482 -25.4769 1
      vertex 3.23435 -25.3186 8
      vertex 3.23435 -25.3186 1
    endloop
  endfacet
  facet normal -0.992475 0.122445 0
    outer loop
      vertex 3.23435 -25.3186 8
      vertex 3.21482 -25.4769 1
      vertex 3.21482 -25.4769 8
    endloop
  endfacet
  facet normal -0.870112 0.492854 0
    outer loop
      vertex 2.78762 -26.6708 0
      vertex 2.86624 -26.532 8
      vertex 2.86624 -26.532 0
    endloop
  endfacet
  facet normal -0.870112 0.492854 0
    outer loop
      vertex 2.86624 -26.532 8
      vertex 2.78762 -26.6708 0
      vertex 2.78762 -26.6708 8
    endloop
  endfacet
  facet normal -0.914263 0.405121 0
    outer loop
      vertex 2.93796 -26.3896 0
      vertex 3.00261 -26.2437 8
      vertex 3.00261 -26.2437 0
    endloop
  endfacet
  facet normal -0.914263 0.405121 0
    outer loop
      vertex 3.00261 -26.2437 8
      vertex 2.93796 -26.3896 0
      vertex 2.93796 -26.3896 8
    endloop
  endfacet
  facet normal -0.757249 0.653127 0
    outer loop
      vertex 2.40809 -27.1826 0
      vertex 2.51228 -27.0618 8
      vertex 2.51228 -27.0618 0
    endloop
  endfacet
  facet normal -0.757249 0.653127 0
    outer loop
      vertex 2.51228 -27.0618 8
      vertex 2.40809 -27.1826 0
      vertex 2.40809 -27.1826 8
    endloop
  endfacet
  facet normal 0.0244487 -0.999701 0
    outer loop
      vertex -0.15947 -21.7539 1
      vertex 0 -21.75 8
      vertex -0.15947 -21.7539 8
    endloop
  endfacet
  facet normal 0.0244487 -0.999701 0
    outer loop
      vertex 0 -21.75 8
      vertex -0.15947 -21.7539 1
      vertex 0 -21.75 1
    endloop
  endfacet
  facet normal -0.653194 -0.757191 0
    outer loop
      vertex 2.06178 -22.4877 1
      vertex 2.18257 -22.5919 8
      vertex 2.06178 -22.4877 8
    endloop
  endfacet
  facet normal -0.653194 -0.757191 -0
    outer loop
      vertex 2.18257 -22.5919 8
      vertex 2.06178 -22.4877 1
      vertex 2.18257 -22.5919 1
    endloop
  endfacet
  facet normal -0.405021 -0.914307 0
    outer loop
      vertex 1.24372 -21.9974 1
      vertex 1.38955 -22.062 8
      vertex 1.24372 -21.9974 8
    endloop
  endfacet
  facet normal -0.405021 -0.914307 -0
    outer loop
      vertex 1.38955 -22.062 8
      vertex 1.24372 -21.9974 1
      vertex 1.38955 -22.062 1
    endloop
  endfacet
  facet normal -0.35984 -0.933014 0
    outer loop
      vertex 1.09489 -21.94 1
      vertex 1.24372 -21.9974 8
      vertex 1.09489 -21.94 8
    endloop
  endfacet
  facet normal -0.35984 -0.933014 -0
    outer loop
      vertex 1.24372 -21.9974 8
      vertex 1.09489 -21.94 1
      vertex 1.24372 -21.9974 1
    endloop
  endfacet
  facet normal -0.314036 -0.949411 0
    outer loop
      vertex 0.943425 -21.8899 1
      vertex 1.09489 -21.94 8
      vertex 0.943425 -21.8899 8
    endloop
  endfacet
  facet normal -0.314036 -0.949411 -0
    outer loop
      vertex 1.09489 -21.94 8
      vertex 0.943425 -21.8899 1
      vertex 1.09489 -21.94 1
    endloop
  endfacet
  facet normal -0.122863 -0.992424 0
    outer loop
      vertex 0.318555 -21.7656 1
      vertex 0.476873 -21.7852 8
      vertex 0.318555 -21.7656 8
    endloop
  endfacet
  facet normal -0.122863 -0.992424 -0
    outer loop
      vertex 0.476873 -21.7852 8
      vertex 0.318555 -21.7656 1
      vertex 0.476873 -21.7852 1
    endloop
  endfacet
  facet normal -0.170526 -0.985353 0
    outer loop
      vertex 0.476873 -21.7852 1
      vertex 0.634043 -21.8124 8
      vertex 0.476873 -21.7852 8
    endloop
  endfacet
  facet normal -0.170526 -0.985353 -0
    outer loop
      vertex 0.634043 -21.8124 8
      vertex 0.476873 -21.7852 1
      vertex 0.634043 -21.8124 1
    endloop
  endfacet
  facet normal -0.0733475 -0.997306 0
    outer loop
      vertex 0.15947 -21.7539 1
      vertex 0.318555 -21.7656 8
      vertex 0.15947 -21.7539 8
    endloop
  endfacet
  facet normal -0.0733475 -0.997306 -0
    outer loop
      vertex 0.318555 -21.7656 8
      vertex 0.15947 -21.7539 1
      vertex 0.318555 -21.7656 1
    endloop
  endfacet
  facet normal -0.689561 -0.724227 0
    outer loop
      vertex 2.18257 -22.5919 1
      vertex 2.2981 -22.7019 8
      vertex 2.18257 -22.5919 8
    endloop
  endfacet
  facet normal -0.689561 -0.724227 -0
    outer loop
      vertex 2.2981 -22.7019 8
      vertex 2.18257 -22.5919 1
      vertex 2.2981 -22.7019 1
    endloop
  endfacet
  facet normal -0.893119 -0.449821 0
    outer loop
      vertex 2.93796 -23.6104 1
      vertex 2.86624 -23.468 8
      vertex 2.86624 -23.468 1
    endloop
  endfacet
  facet normal -0.893119 -0.449821 0
    outer loop
      vertex 2.86624 -23.468 8
      vertex 2.93796 -23.6104 1
      vertex 2.93796 -23.6104 8
    endloop
  endfacet
  facet normal -0.788454 -0.615094 0
    outer loop
      vertex 2.61042 -23.064 1
      vertex 2.51228 -22.9382 8
      vertex 2.51228 -22.9382 1
    endloop
  endfacet
  facet normal -0.788454 -0.615094 0
    outer loop
      vertex 2.51228 -22.9382 8
      vertex 2.61042 -23.064 1
      vertex 2.61042 -23.064 8
    endloop
  endfacet
  facet normal -0.81752 -0.5759 0
    outer loop
      vertex 2.70228 -23.1944 1
      vertex 2.61042 -23.064 8
      vertex 2.61042 -23.064 1
    endloop
  endfacet
  facet normal -0.81752 -0.5759 0
    outer loop
      vertex 2.61042 -23.064 8
      vertex 2.70228 -23.1944 1
      vertex 2.70228 -23.1944 8
    endloop
  endfacet
  facet normal -0.757249 -0.653127 0
    outer loop
      vertex 2.51228 -22.9382 1
      vertex 2.40809 -22.8174 8
      vertex 2.40809 -22.8174 1
    endloop
  endfacet
  facet normal -0.757249 -0.653127 0
    outer loop
      vertex 2.40809 -22.8174 8
      vertex 2.51228 -22.9382 1
      vertex 2.51228 -22.9382 8
    endloop
  endfacet
  facet normal -0.914263 -0.405121 0
    outer loop
      vertex 3.00261 -23.7563 1
      vertex 2.93796 -23.6104 8
      vertex 2.93796 -23.6104 1
    endloop
  endfacet
  facet normal -0.914263 -0.405121 0
    outer loop
      vertex 2.93796 -23.6104 8
      vertex 3.00261 -23.7563 1
      vertex 3.00261 -23.7563 8
    endloop
  endfacet
  facet normal -0.963767 -0.266745 0
    outer loop
      vertex 3.1526 -24.2103 1
      vertex 3.11006 -24.0566 8
      vertex 3.11006 -24.0566 1
    endloop
  endfacet
  facet normal -0.963767 -0.266745 0
    outer loop
      vertex 3.11006 -24.0566 8
      vertex 3.1526 -24.2103 1
      vertex 3.1526 -24.2103 8
    endloop
  endfacet
  facet normal -0.949545 -0.313632 0
    outer loop
      vertex 3.11006 -24.0566 1
      vertex 3.06002 -23.9051 8
      vertex 3.06002 -23.9051 1
    endloop
  endfacet
  facet normal -0.949545 -0.313632 0
    outer loop
      vertex 3.06002 -23.9051 8
      vertex 3.11006 -24.0566 1
      vertex 3.11006 -24.0566 8
    endloop
  endfacet
  facet normal -0.997289 -0.07359 0
    outer loop
      vertex 3.24609 -24.8405 1
      vertex 3.23435 -24.6814 8
      vertex 3.23435 -24.6814 1
    endloop
  endfacet
  facet normal -0.997289 -0.07359 0
    outer loop
      vertex 3.23435 -24.6814 8
      vertex 3.24609 -24.8405 1
      vertex 3.24609 -24.8405 8
    endloop
  endfacet
  facet normal -0.992475 -0.122445 0
    outer loop
      vertex 3.23435 -24.6814 1
      vertex 3.21482 -24.5231 8
      vertex 3.21482 -24.5231 1
    endloop
  endfacet
  facet normal -0.992475 -0.122445 0
    outer loop
      vertex 3.21482 -24.5231 8
      vertex 3.23435 -24.6814 1
      vertex 3.23435 -24.6814 8
    endloop
  endfacet
  facet normal -0.97572 -0.21902 0
    outer loop
      vertex 3.18755 -24.366 1
      vertex 3.1526 -24.2103 8
      vertex 3.1526 -24.2103 1
    endloop
  endfacet
  facet normal -0.97572 -0.21902 0
    outer loop
      vertex 3.1526 -24.2103 8
      vertex 3.18755 -24.366 1
      vertex 3.18755 -24.366 8
    endloop
  endfacet
  facet normal -0.0244487 0.999701 0
    outer loop
      vertex 0.15947 -28.2461 0
      vertex 0 -28.25 8
      vertex 0.15947 -28.2461 8
    endloop
  endfacet
  facet normal -0.0244487 0.999701 0
    outer loop
      vertex 0 -28.25 8
      vertex 0.15947 -28.2461 0
      vertex 0 -28.25 0
    endloop
  endfacet
  facet normal 0.219396 0.975636 -0
    outer loop
      vertex -0.634043 -28.1876 0
      vertex -0.789685 -28.1526 8
      vertex -0.634043 -28.1876 8
    endloop
  endfacet
  facet normal 0.219396 0.975636 0
    outer loop
      vertex -0.789685 -28.1526 8
      vertex -0.634043 -28.1876 0
      vertex -0.789685 -28.1526 0
    endloop
  endfacet
  facet normal 0.170526 -0.985353 0
    outer loop
      vertex -0.634043 -21.8124 1
      vertex -0.476873 -21.7852 8
      vertex -0.634043 -21.8124 8
    endloop
  endfacet
  facet normal 0.170526 -0.985353 0
    outer loop
      vertex -0.476873 -21.7852 8
      vertex -0.634043 -21.8124 1
      vertex -0.476873 -21.7852 1
    endloop
  endfacet
  facet normal 0.997289 0.07359 0
    outer loop
      vertex -3.23435 -25.3186 8
      vertex -3.24609 -25.1595 1
      vertex -3.24609 -25.1595 8
    endloop
  endfacet
  facet normal 0.997289 0.07359 0
    outer loop
      vertex -3.24609 -25.1595 1
      vertex -3.23435 -25.3186 8
      vertex -3.23435 -25.3186 1
    endloop
  endfacet
  facet normal 0.932969 0.359958 0
    outer loop
      vertex -3.00261 -26.2437 8
      vertex -3.06002 -26.0949 0
      vertex -3.06002 -26.0949 8
    endloop
  endfacet
  facet normal 0.932969 0.359958 0
    outer loop
      vertex -3.06002 -26.0949 0
      vertex -3.00261 -26.2437 8
      vertex -3.00261 -26.2437 0
    endloop
  endfacet
  facet normal -0.219396 0.975636 0
    outer loop
      vertex 0.789685 -28.1526 0
      vertex 0.634043 -28.1876 8
      vertex 0.789685 -28.1526 8
    endloop
  endfacet
  facet normal -0.219396 0.975636 0
    outer loop
      vertex 0.634043 -28.1876 8
      vertex 0.789685 -28.1526 0
      vertex 0.634043 -28.1876 0
    endloop
  endfacet
  facet normal -0.314036 0.949411 0
    outer loop
      vertex 1.09489 -28.06 0
      vertex 0.943425 -28.1101 8
      vertex 1.09489 -28.06 8
    endloop
  endfacet
  facet normal -0.314036 0.949411 0
    outer loop
      vertex 0.943425 -28.1101 8
      vertex 1.09489 -28.06 0
      vertex 0.943425 -28.1101 0
    endloop
  endfacet
  facet normal -0.492786 0.87015 0
    outer loop
      vertex 1.67083 -27.7876 0
      vertex 1.53204 -27.8662 8
      vertex 1.67083 -27.7876 8
    endloop
  endfacet
  facet normal -0.492786 0.87015 0
    outer loop
      vertex 1.53204 -27.8662 8
      vertex 1.67083 -27.7876 0
      vertex 1.53204 -27.8662 0
    endloop
  endfacet
  facet normal -0.985266 0.171026 0
    outer loop
      vertex 3.18755 -25.634 1
      vertex 3.21482 -25.4769 8
      vertex 3.21482 -25.4769 1
    endloop
  endfacet
  facet normal -0.985266 0.171026 0
    outer loop
      vertex 3.21482 -25.4769 8
      vertex 3.18755 -25.634 1
      vertex 3.18755 -25.634 8
    endloop
  endfacet
  facet normal -0.997289 0.07359 0
    outer loop
      vertex 3.23435 -25.3186 1
      vertex 3.24609 -25.1595 8
      vertex 3.24609 -25.1595 1
    endloop
  endfacet
  facet normal -0.997289 0.07359 0
    outer loop
      vertex 3.24609 -25.1595 8
      vertex 3.23435 -25.3186 1
      vertex 3.23435 -25.3186 8
    endloop
  endfacet
  facet normal -0.893119 0.449821 0
    outer loop
      vertex 2.86624 -26.532 0
      vertex 2.93796 -26.3896 8
      vertex 2.93796 -26.3896 0
    endloop
  endfacet
  facet normal -0.893119 0.449821 0
    outer loop
      vertex 2.93796 -26.3896 8
      vertex 2.86624 -26.532 0
      vertex 2.86624 -26.532 8
    endloop
  endfacet
  facet normal -0.788454 0.615094 0
    outer loop
      vertex 2.51228 -27.0618 0
      vertex 2.61042 -26.936 8
      vertex 2.61042 -26.936 0
    endloop
  endfacet
  facet normal -0.788454 0.615094 0
    outer loop
      vertex 2.61042 -26.936 8
      vertex 2.51228 -27.0618 0
      vertex 2.51228 -27.0618 8
    endloop
  endfacet
  facet normal -0.844914 0.534903 0
    outer loop
      vertex 2.70228 -26.8056 0
      vertex 2.78762 -26.6708 8
      vertex 2.78762 -26.6708 0
    endloop
  endfacet
  facet normal -0.844914 0.534903 0
    outer loop
      vertex 2.78762 -26.6708 8
      vertex 2.70228 -26.8056 0
      vertex 2.70228 -26.8056 8
    endloop
  endfacet
  facet normal -0.534809 -0.844973 0
    outer loop
      vertex 1.67083 -22.2124 1
      vertex 1.8056 -22.2977 8
      vertex 1.67083 -22.2124 8
    endloop
  endfacet
  facet normal -0.534809 -0.844973 -0
    outer loop
      vertex 1.8056 -22.2977 8
      vertex 1.67083 -22.2124 1
      vertex 1.8056 -22.2977 1
    endloop
  endfacet
  facet normal -0.0244487 -0.999701 0
    outer loop
      vertex 0 -21.75 1
      vertex 0.15947 -21.7539 8
      vertex 0 -21.75 8
    endloop
  endfacet
  facet normal -0.0244487 -0.999701 -0
    outer loop
      vertex 0.15947 -21.7539 8
      vertex 0 -21.75 1
      vertex 0.15947 -21.7539 1
    endloop
  endfacet
  facet normal -0.724169 -0.689622 0
    outer loop
      vertex 2.40809 -22.8174 1
      vertex 2.2981 -22.7019 8
      vertex 2.2981 -22.7019 1
    endloop
  endfacet
  facet normal -0.724169 -0.689622 0
    outer loop
      vertex 2.2981 -22.7019 8
      vertex 2.40809 -22.8174 1
      vertex 2.40809 -22.8174 8
    endloop
  endfacet
  facet normal -0.932969 -0.359958 0
    outer loop
      vertex 3.06002 -23.9051 1
      vertex 3.00261 -23.7563 8
      vertex 3.00261 -23.7563 1
    endloop
  endfacet
  facet normal -0.932969 -0.359958 0
    outer loop
      vertex 3.00261 -23.7563 8
      vertex 3.06002 -23.9051 1
      vertex 3.06002 -23.9051 8
    endloop
  endfacet
  facet normal 0.0244487 0.999701 -0
    outer loop
      vertex 0 -28.25 0
      vertex -0.15947 -28.2461 8
      vertex 0 -28.25 8
    endloop
  endfacet
  facet normal 0.0244487 0.999701 0
    outer loop
      vertex -0.15947 -28.2461 8
      vertex 0 -28.25 0
      vertex -0.15947 -28.2461 0
    endloop
  endfacet
  facet normal 0.0733475 0.997306 -0
    outer loop
      vertex -0.15947 -28.2461 0
      vertex -0.318555 -28.2344 8
      vertex -0.15947 -28.2461 8
    endloop
  endfacet
  facet normal 0.0733475 0.997306 0
    outer loop
      vertex -0.318555 -28.2344 8
      vertex -0.15947 -28.2461 0
      vertex -0.318555 -28.2344 0
    endloop
  endfacet
  facet normal 0.405021 0.914307 -0
    outer loop
      vertex -1.24372 -28.0026 0
      vertex -1.38955 -27.938 8
      vertex -1.24372 -28.0026 8
    endloop
  endfacet
  facet normal 0.405021 0.914307 0
    outer loop
      vertex -1.38955 -27.938 8
      vertex -1.24372 -28.0026 0
      vertex -1.38955 -27.938 0
    endloop
  endfacet
  facet normal 0.534809 0.844973 -0
    outer loop
      vertex -1.67083 -27.7876 0
      vertex -1.8056 -27.7023 8
      vertex -1.67083 -27.7876 8
    endloop
  endfacet
  facet normal 0.534809 0.844973 0
    outer loop
      vertex -1.8056 -27.7023 8
      vertex -1.67083 -27.7876 0
      vertex -1.8056 -27.7023 0
    endloop
  endfacet
  facet normal 0.9997 0.0245067 0
    outer loop
      vertex -3.24609 -25.1595 8
      vertex -3.25 -25 1
      vertex -3.25 -25 8
    endloop
  endfacet
  facet normal 0.9997 0.0245067 0
    outer loop
      vertex -3.25 -25 1
      vertex -3.24609 -25.1595 8
      vertex -3.24609 -25.1595 1
    endloop
  endfacet
  facet normal 0.985266 -0.171026 0
    outer loop
      vertex -3.21482 -24.5231 8
      vertex -3.18755 -24.366 1
      vertex -3.18755 -24.366 8
    endloop
  endfacet
  facet normal 0.985266 -0.171026 0
    outer loop
      vertex -3.18755 -24.366 1
      vertex -3.21482 -24.5231 8
      vertex -3.21482 -24.5231 1
    endloop
  endfacet
  facet normal 0.757249 -0.653127 0
    outer loop
      vertex -2.51228 -22.9382 8
      vertex -2.40809 -22.8174 1
      vertex -2.40809 -22.8174 8
    endloop
  endfacet
  facet normal 0.757249 -0.653127 0
    outer loop
      vertex -2.40809 -22.8174 1
      vertex -2.51228 -22.9382 8
      vertex -2.51228 -22.9382 1
    endloop
  endfacet
  facet normal 0.576009 -0.817444 0
    outer loop
      vertex -1.93602 -22.3896 1
      vertex -1.8056 -22.2977 8
      vertex -1.93602 -22.3896 8
    endloop
  endfacet
  facet normal 0.576009 -0.817444 0
    outer loop
      vertex -1.8056 -22.2977 8
      vertex -1.93602 -22.3896 1
      vertex -1.8056 -22.2977 1
    endloop
  endfacet
  facet normal 0.405021 -0.914307 0
    outer loop
      vertex -1.38955 -22.062 1
      vertex -1.24372 -21.9974 8
      vertex -1.38955 -22.062 8
    endloop
  endfacet
  facet normal 0.405021 -0.914307 0
    outer loop
      vertex -1.24372 -21.9974 8
      vertex -1.38955 -22.062 1
      vertex -1.24372 -21.9974 1
    endloop
  endfacet
  facet normal 0.0733475 -0.997306 0
    outer loop
      vertex -0.318555 -21.7656 1
      vertex -0.15947 -21.7539 8
      vertex -0.318555 -21.7656 8
    endloop
  endfacet
  facet normal 0.0733475 -0.997306 0
    outer loop
      vertex -0.15947 -21.7539 8
      vertex -0.318555 -21.7656 1
      vertex -0.15947 -21.7539 1
    endloop
  endfacet
  facet normal 0.949545 0.313632 0
    outer loop
      vertex -3.06002 -26.0949 8
      vertex -3.11006 -25.9434 0
      vertex -3.11006 -25.9434 8
    endloop
  endfacet
  facet normal 0.949545 0.313632 0
    outer loop
      vertex -3.11006 -25.9434 0
      vertex -3.06002 -26.0949 8
      vertex -3.06002 -26.0949 0
    endloop
  endfacet
  facet normal 0.170526 0.985353 -0
    outer loop
      vertex -0.476873 -28.2148 0
      vertex -0.634043 -28.1876 8
      vertex -0.476873 -28.2148 8
    endloop
  endfacet
  facet normal 0.170526 0.985353 0
    outer loop
      vertex -0.634043 -28.1876 8
      vertex -0.476873 -28.2148 0
      vertex -0.634043 -28.1876 0
    endloop
  endfacet
  facet normal 0.122863 0.992424 -0
    outer loop
      vertex -0.318555 -28.2344 0
      vertex -0.476873 -28.2148 8
      vertex -0.318555 -28.2344 8
    endloop
  endfacet
  facet normal 0.122863 0.992424 0
    outer loop
      vertex -0.476873 -28.2148 8
      vertex -0.318555 -28.2344 0
      vertex -0.476873 -28.2148 0
    endloop
  endfacet
  facet normal 0.492786 0.87015 -0
    outer loop
      vertex -1.53204 -27.8662 0
      vertex -1.67083 -27.7876 8
      vertex -1.53204 -27.8662 8
    endloop
  endfacet
  facet normal 0.492786 0.87015 0
    outer loop
      vertex -1.67083 -27.7876 8
      vertex -1.53204 -27.8662 0
      vertex -1.67083 -27.7876 0
    endloop
  endfacet
  facet normal 0.314036 0.949411 -0
    outer loop
      vertex -0.943425 -28.1101 0
      vertex -1.09489 -28.06 8
      vertex -0.943425 -28.1101 8
    endloop
  endfacet
  facet normal 0.314036 0.949411 0
    outer loop
      vertex -1.09489 -28.06 8
      vertex -0.943425 -28.1101 0
      vertex -1.09489 -28.06 0
    endloop
  endfacet
  facet normal 0.653194 0.757191 -0
    outer loop
      vertex -2.06178 -27.5123 0
      vertex -2.18257 -27.4081 8
      vertex -2.06178 -27.5123 8
    endloop
  endfacet
  facet normal 0.653194 0.757191 0
    outer loop
      vertex -2.18257 -27.4081 8
      vertex -2.06178 -27.5123 0
      vertex -2.18257 -27.4081 0
    endloop
  endfacet
  facet normal 0.61506 0.78848 -0
    outer loop
      vertex -1.93602 -27.6104 0
      vertex -2.06178 -27.5123 8
      vertex -1.93602 -27.6104 8
    endloop
  endfacet
  facet normal 0.61506 0.78848 0
    outer loop
      vertex -2.06178 -27.5123 8
      vertex -1.93602 -27.6104 0
      vertex -2.06178 -27.5123 0
    endloop
  endfacet
  facet normal 0.893119 0.449821 0
    outer loop
      vertex -2.86624 -26.532 8
      vertex -2.93796 -26.3896 0
      vertex -2.93796 -26.3896 8
    endloop
  endfacet
  facet normal 0.893119 0.449821 0
    outer loop
      vertex -2.93796 -26.3896 0
      vertex -2.86624 -26.532 8
      vertex -2.86624 -26.532 0
    endloop
  endfacet
  facet normal 0.870112 0.492854 0
    outer loop
      vertex -2.78762 -26.6708 8
      vertex -2.86624 -26.532 0
      vertex -2.86624 -26.532 8
    endloop
  endfacet
  facet normal 0.870112 0.492854 0
    outer loop
      vertex -2.86624 -26.532 0
      vertex -2.78762 -26.6708 8
      vertex -2.78762 -26.6708 0
    endloop
  endfacet
  facet normal 0.81752 0.5759 0
    outer loop
      vertex -2.61042 -26.936 8
      vertex -2.70228 -26.8056 0
      vertex -2.70228 -26.8056 8
    endloop
  endfacet
  facet normal 0.81752 0.5759 0
    outer loop
      vertex -2.70228 -26.8056 0
      vertex -2.61042 -26.936 8
      vertex -2.61042 -26.936 0
    endloop
  endfacet
  facet normal 0.689561 0.724227 -0
    outer loop
      vertex -2.18257 -27.4081 0
      vertex -2.2981 -27.2981 8
      vertex -2.18257 -27.4081 8
    endloop
  endfacet
  facet normal 0.689561 0.724227 0
    outer loop
      vertex -2.2981 -27.2981 8
      vertex -2.18257 -27.4081 0
      vertex -2.2981 -27.2981 0
    endloop
  endfacet
  facet normal 0.724169 0.689622 0
    outer loop
      vertex -2.2981 -27.2981 8
      vertex -2.40809 -27.1826 0
      vertex -2.40809 -27.1826 8
    endloop
  endfacet
  facet normal 0.724169 0.689622 0
    outer loop
      vertex -2.40809 -27.1826 0
      vertex -2.2981 -27.2981 8
      vertex -2.2981 -27.2981 0
    endloop
  endfacet
  facet normal 0.9997 -0.0245067 0
    outer loop
      vertex -3.25 -25 8
      vertex -3.24609 -24.8405 1
      vertex -3.24609 -24.8405 8
    endloop
  endfacet
  facet normal 0.9997 -0.0245067 0
    outer loop
      vertex -3.24609 -24.8405 1
      vertex -3.25 -25 8
      vertex -3.25 -25 1
    endloop
  endfacet
  facet normal 0.724169 -0.689622 0
    outer loop
      vertex -2.40809 -22.8174 8
      vertex -2.2981 -22.7019 1
      vertex -2.2981 -22.7019 8
    endloop
  endfacet
  facet normal 0.724169 -0.689622 0
    outer loop
      vertex -2.2981 -22.7019 1
      vertex -2.40809 -22.8174 8
      vertex -2.40809 -22.8174 1
    endloop
  endfacet
  facet normal 0.689561 -0.724227 0
    outer loop
      vertex -2.2981 -22.7019 1
      vertex -2.18257 -22.5919 8
      vertex -2.2981 -22.7019 8
    endloop
  endfacet
  facet normal 0.689561 -0.724227 0
    outer loop
      vertex -2.18257 -22.5919 8
      vertex -2.2981 -22.7019 1
      vertex -2.18257 -22.5919 1
    endloop
  endfacet
  facet normal 0.534809 -0.844973 0
    outer loop
      vertex -1.8056 -22.2977 1
      vertex -1.67083 -22.2124 8
      vertex -1.8056 -22.2977 8
    endloop
  endfacet
  facet normal 0.534809 -0.844973 0
    outer loop
      vertex -1.67083 -22.2124 8
      vertex -1.8056 -22.2977 1
      vertex -1.67083 -22.2124 1
    endloop
  endfacet
  facet normal 0.314036 -0.949411 0
    outer loop
      vertex -1.09489 -21.94 1
      vertex -0.943425 -21.8899 8
      vertex -1.09489 -21.94 8
    endloop
  endfacet
  facet normal 0.314036 -0.949411 0
    outer loop
      vertex -0.943425 -21.8899 8
      vertex -1.09489 -21.94 1
      vertex -0.943425 -21.8899 1
    endloop
  endfacet
  facet normal 0.219396 -0.975636 0
    outer loop
      vertex -0.789685 -21.8474 1
      vertex -0.634043 -21.8124 8
      vertex -0.789685 -21.8474 8
    endloop
  endfacet
  facet normal 0.219396 -0.975636 0
    outer loop
      vertex -0.634043 -21.8124 8
      vertex -0.789685 -21.8474 1
      vertex -0.634043 -21.8124 1
    endloop
  endfacet
  facet normal 0.122863 -0.992424 0
    outer loop
      vertex -0.476873 -21.7852 1
      vertex -0.318555 -21.7656 8
      vertex -0.476873 -21.7852 8
    endloop
  endfacet
  facet normal 0.122863 -0.992424 0
    outer loop
      vertex -0.318555 -21.7656 8
      vertex -0.476873 -21.7852 1
      vertex -0.318555 -21.7656 1
    endloop
  endfacet
  facet normal 0.985266 0.171026 0
    outer loop
      vertex -3.18755 -25.634 8
      vertex -3.21482 -25.4769 1
      vertex -3.21482 -25.4769 8
    endloop
  endfacet
  facet normal 0.985266 0.171026 0
    outer loop
      vertex -3.21482 -25.4769 1
      vertex -3.18755 -25.634 8
      vertex -3.18755 -25.634 1
    endloop
  endfacet
  facet normal 0.992475 0.122445 0
    outer loop
      vertex -3.21482 -25.4769 8
      vertex -3.23435 -25.3186 1
      vertex -3.23435 -25.3186 8
    endloop
  endfacet
  facet normal 0.992475 0.122445 0
    outer loop
      vertex -3.23435 -25.3186 1
      vertex -3.21482 -25.4769 8
      vertex -3.21482 -25.4769 1
    endloop
  endfacet
  facet normal 0.963766 0.266747 0
    outer loop
      vertex -3.1526 -25.7897 8
      vertex -3.12221 -25.8995 1
      vertex -3.1526 -25.7897 1
    endloop
  endfacet
  facet normal 0.963767 0.266745 4.56847e-08
    outer loop
      vertex -3.11006 -25.9434 8
      vertex -3.12221 -25.8995 1
      vertex -3.1526 -25.7897 8
    endloop
  endfacet
  facet normal 0.963769 0.266738 -0
    outer loop
      vertex -3.11006 -25.9434 0
      vertex -3.12221 -25.8995 1
      vertex -3.11006 -25.9434 8
    endloop
  endfacet
  facet normal 0.963769 0.266738 0
    outer loop
      vertex -3.12221 -25.8995 1
      vertex -3.11006 -25.9434 0
      vertex -3.12221 -25.8995 0
    endloop
  endfacet
  facet normal 0.449994 0.893032 -0
    outer loop
      vertex -1.38955 -27.938 0
      vertex -1.53204 -27.8662 8
      vertex -1.38955 -27.938 8
    endloop
  endfacet
  facet normal 0.449994 0.893032 0
    outer loop
      vertex -1.53204 -27.8662 8
      vertex -1.38955 -27.938 0
      vertex -1.53204 -27.8662 0
    endloop
  endfacet
  facet normal 0.35984 0.933014 -0
    outer loop
      vertex -1.09489 -28.06 0
      vertex -1.24372 -28.0026 8
      vertex -1.09489 -28.06 8
    endloop
  endfacet
  facet normal 0.35984 0.933014 0
    outer loop
      vertex -1.24372 -28.0026 8
      vertex -1.09489 -28.06 0
      vertex -1.24372 -28.0026 0
    endloop
  endfacet
  facet normal 0.576009 0.817444 -0
    outer loop
      vertex -1.8056 -27.7023 0
      vertex -1.93602 -27.6104 8
      vertex -1.8056 -27.7023 8
    endloop
  endfacet
  facet normal 0.576009 0.817444 0
    outer loop
      vertex -1.93602 -27.6104 8
      vertex -1.8056 -27.7023 0
      vertex -1.93602 -27.6104 0
    endloop
  endfacet
  facet normal 0.757249 0.653127 0
    outer loop
      vertex -2.40809 -27.1826 8
      vertex -2.51228 -27.0618 0
      vertex -2.51228 -27.0618 8
    endloop
  endfacet
  facet normal 0.757249 0.653127 0
    outer loop
      vertex -2.51228 -27.0618 0
      vertex -2.40809 -27.1826 8
      vertex -2.40809 -27.1826 0
    endloop
  endfacet
  facet normal 0.788454 0.615094 0
    outer loop
      vertex -2.51228 -27.0618 8
      vertex -2.61042 -26.936 0
      vertex -2.61042 -26.936 8
    endloop
  endfacet
  facet normal 0.788454 0.615094 0
    outer loop
      vertex -2.61042 -26.936 0
      vertex -2.51228 -27.0618 8
      vertex -2.51228 -27.0618 0
    endloop
  endfacet
  facet normal 0.997289 -0.07359 0
    outer loop
      vertex -3.24609 -24.8405 8
      vertex -3.23435 -24.6814 1
      vertex -3.23435 -24.6814 8
    endloop
  endfacet
  facet normal 0.997289 -0.07359 0
    outer loop
      vertex -3.23435 -24.6814 1
      vertex -3.24609 -24.8405 8
      vertex -3.24609 -24.8405 1
    endloop
  endfacet
  facet normal 0.992475 -0.122445 0
    outer loop
      vertex -3.23435 -24.6814 8
      vertex -3.21482 -24.5231 1
      vertex -3.21482 -24.5231 8
    endloop
  endfacet
  facet normal 0.992475 -0.122445 0
    outer loop
      vertex -3.21482 -24.5231 1
      vertex -3.23435 -24.6814 8
      vertex -3.23435 -24.6814 1
    endloop
  endfacet
  facet normal 0.914263 -0.405121 0
    outer loop
      vertex -3.00261 -23.7563 8
      vertex -2.93796 -23.6104 1
      vertex -2.93796 -23.6104 8
    endloop
  endfacet
  facet normal 0.914263 -0.405121 0
    outer loop
      vertex -2.93796 -23.6104 1
      vertex -3.00261 -23.7563 8
      vertex -3.00261 -23.7563 1
    endloop
  endfacet
  facet normal 0.653194 -0.757191 0
    outer loop
      vertex -2.18257 -22.5919 1
      vertex -2.06178 -22.4877 8
      vertex -2.18257 -22.5919 8
    endloop
  endfacet
  facet normal 0.653194 -0.757191 0
    outer loop
      vertex -2.06178 -22.4877 8
      vertex -2.18257 -22.5919 1
      vertex -2.06178 -22.4877 1
    endloop
  endfacet
  facet normal 0.61506 -0.78848 0
    outer loop
      vertex -2.06178 -22.4877 1
      vertex -1.93602 -22.3896 8
      vertex -2.06178 -22.4877 8
    endloop
  endfacet
  facet normal 0.61506 -0.78848 0
    outer loop
      vertex -1.93602 -22.3896 8
      vertex -2.06178 -22.4877 1
      vertex -1.93602 -22.3896 1
    endloop
  endfacet
  facet normal 0.97572 0.21902 0
    outer loop
      vertex -3.1526 -25.7897 8
      vertex -3.18755 -25.634 1
      vertex -3.18755 -25.634 8
    endloop
  endfacet
  facet normal 0.97572 0.21902 0
    outer loop
      vertex -3.18755 -25.634 1
      vertex -3.1526 -25.7897 8
      vertex -3.1526 -25.7897 1
    endloop
  endfacet
  facet normal 0.844914 0.534903 0
    outer loop
      vertex -2.70228 -26.8056 8
      vertex -2.78762 -26.6708 0
      vertex -2.78762 -26.6708 8
    endloop
  endfacet
  facet normal 0.844914 0.534903 0
    outer loop
      vertex -2.78762 -26.6708 0
      vertex -2.70228 -26.8056 8
      vertex -2.70228 -26.8056 0
    endloop
  endfacet
  facet normal 0.97572 -0.21902 0
    outer loop
      vertex -3.18755 -24.366 8
      vertex -3.1526 -24.2103 1
      vertex -3.1526 -24.2103 8
    endloop
  endfacet
  facet normal 0.97572 -0.21902 0
    outer loop
      vertex -3.1526 -24.2103 1
      vertex -3.18755 -24.366 8
      vertex -3.18755 -24.366 1
    endloop
  endfacet
  facet normal 0.963767 -0.266745 0
    outer loop
      vertex -3.1526 -24.2103 8
      vertex -3.11006 -24.0566 1
      vertex -3.11006 -24.0566 8
    endloop
  endfacet
  facet normal 0.963767 -0.266745 0
    outer loop
      vertex -3.11006 -24.0566 1
      vertex -3.1526 -24.2103 8
      vertex -3.1526 -24.2103 1
    endloop
  endfacet
  facet normal 0.949545 -0.313632 0
    outer loop
      vertex -3.11006 -24.0566 8
      vertex -3.06002 -23.9051 1
      vertex -3.06002 -23.9051 8
    endloop
  endfacet
  facet normal 0.949545 -0.313632 0
    outer loop
      vertex -3.06002 -23.9051 1
      vertex -3.11006 -24.0566 8
      vertex -3.11006 -24.0566 1
    endloop
  endfacet
  facet normal 0.844914 -0.534903 0
    outer loop
      vertex -2.78762 -23.3292 8
      vertex -2.70228 -23.1944 1
      vertex -2.70228 -23.1944 8
    endloop
  endfacet
  facet normal 0.844914 -0.534903 0
    outer loop
      vertex -2.70228 -23.1944 1
      vertex -2.78762 -23.3292 8
      vertex -2.78762 -23.3292 1
    endloop
  endfacet
  facet normal 0.893119 -0.449821 0
    outer loop
      vertex -2.93796 -23.6104 8
      vertex -2.86624 -23.468 1
      vertex -2.86624 -23.468 8
    endloop
  endfacet
  facet normal 0.893119 -0.449821 0
    outer loop
      vertex -2.86624 -23.468 1
      vertex -2.93796 -23.6104 8
      vertex -2.93796 -23.6104 1
    endloop
  endfacet
  facet normal 0.870112 -0.492854 0
    outer loop
      vertex -2.86624 -23.468 8
      vertex -2.78762 -23.3292 1
      vertex -2.78762 -23.3292 8
    endloop
  endfacet
  facet normal 0.870112 -0.492854 0
    outer loop
      vertex -2.78762 -23.3292 1
      vertex -2.86624 -23.468 8
      vertex -2.86624 -23.468 1
    endloop
  endfacet
  facet normal 0.932969 -0.359958 0
    outer loop
      vertex -3.06002 -23.9051 8
      vertex -3.00261 -23.7563 1
      vertex -3.00261 -23.7563 8
    endloop
  endfacet
  facet normal 0.932969 -0.359958 0
    outer loop
      vertex -3.00261 -23.7563 1
      vertex -3.06002 -23.9051 8
      vertex -3.06002 -23.9051 1
    endloop
  endfacet
  facet normal 0.492786 -0.87015 0
    outer loop
      vertex -1.67083 -22.2124 1
      vertex -1.53204 -22.1338 8
      vertex -1.67083 -22.2124 8
    endloop
  endfacet
  facet normal 0.492786 -0.87015 0
    outer loop
      vertex -1.53204 -22.1338 8
      vertex -1.67083 -22.2124 1
      vertex -1.53204 -22.1338 1
    endloop
  endfacet
  facet normal 0.449994 -0.893032 0
    outer loop
      vertex -1.53204 -22.1338 1
      vertex -1.38955 -22.062 8
      vertex -1.53204 -22.1338 8
    endloop
  endfacet
  facet normal 0.449994 -0.893032 0
    outer loop
      vertex -1.38955 -22.062 8
      vertex -1.53204 -22.1338 1
      vertex -1.38955 -22.062 1
    endloop
  endfacet
  facet normal 0.81752 -0.5759 0
    outer loop
      vertex -2.70228 -23.1944 8
      vertex -2.61042 -23.064 1
      vertex -2.61042 -23.064 8
    endloop
  endfacet
  facet normal 0.81752 -0.5759 0
    outer loop
      vertex -2.61042 -23.064 1
      vertex -2.70228 -23.1944 8
      vertex -2.70228 -23.1944 1
    endloop
  endfacet
  facet normal 0.788454 -0.615094 0
    outer loop
      vertex -2.61042 -23.064 8
      vertex -2.51228 -22.9382 1
      vertex -2.51228 -22.9382 8
    endloop
  endfacet
  facet normal 0.788454 -0.615094 0
    outer loop
      vertex -2.51228 -22.9382 1
      vertex -2.61042 -23.064 8
      vertex -2.61042 -23.064 1
    endloop
  endfacet
  facet normal -0.689231 -0.724542 0
    outer loop
      vertex 19.6923 19.9005 1
      vertex 19.799 19.799 8
      vertex 19.6923 19.9005 8
    endloop
  endfacet
  facet normal -0.689231 -0.724542 -0
    outer loop
      vertex 19.799 19.799 8
      vertex 19.6923 19.9005 1
      vertex 19.799 19.799 1
    endloop
  endfacet
  facet normal 0.689231 -0.724542 0
    outer loop
      vertex 15.5563 19.799 1
      vertex 15.663 19.9005 8
      vertex 15.5563 19.799 8
    endloop
  endfacet
  facet normal 0.689231 -0.724542 0
    outer loop
      vertex 15.663 19.9005 8
      vertex 15.5563 19.799 1
      vertex 15.663 19.9005 1
    endloop
  endfacet
  facet normal -0.0244492 -0.999701 0
    outer loop
      vertex 17.6777 20.6777 1
      vertex 17.8249 20.6741 8
      vertex 17.6777 20.6777 8
    endloop
  endfacet
  facet normal -0.0244492 -0.999701 -0
    outer loop
      vertex 17.8249 20.6741 8
      vertex 17.6777 20.6777 1
      vertex 17.8249 20.6741 1
    endloop
  endfacet
  facet normal 0.999701 -0.0244492 0
    outer loop
      vertex 14.6777 17.6777 8
      vertex 14.6813 17.8249 1
      vertex 14.6813 17.8249 8
    endloop
  endfacet
  facet normal 0.999701 -0.0244492 0
    outer loop
      vertex 14.6813 17.8249 1
      vertex 14.6777 17.6777 8
      vertex 14.6777 17.6777 1
    endloop
  endfacet
  facet normal -0.359889 -0.932995 0
    outer loop
      vertex 18.6883 20.5023 1
      vertex 18.8257 20.4493 8
      vertex 18.6883 20.5023 8
    endloop
  endfacet
  facet normal -0.359889 -0.932995 -0
    outer loop
      vertex 18.8257 20.4493 8
      vertex 18.6883 20.5023 1
      vertex 18.8257 20.4493 1
    endloop
  endfacet
  facet normal -0.0740468 -0.997255 0
    outer loop
      vertex 17.8249 20.6741 1
      vertex 17.9717 20.6632 8
      vertex 17.8249 20.6741 8
    endloop
  endfacet
  facet normal -0.0740468 -0.997255 -0
    outer loop
      vertex 17.9717 20.6632 8
      vertex 17.8249 20.6741 1
      vertex 17.9717 20.6632 1
    endloop
  endfacet
  facet normal 0.313782 -0.949495 0
    outer loop
      vertex 16.667 20.5023 1
      vertex 16.8068 20.5485 8
      vertex 16.667 20.5023 8
    endloop
  endfacet
  facet normal 0.313782 -0.949495 0
    outer loop
      vertex 16.8068 20.5485 8
      vertex 16.667 20.5023 1
      vertex 16.8068 20.5485 1
    endloop
  endfacet
  facet normal 0.975657 0.219302 0
    outer loop
      vertex 14.7676 16.9487 8
      vertex 14.7353 17.0924 1
      vertex 14.7353 17.0924 8
    endloop
  endfacet
  facet normal 0.975657 0.219302 0
    outer loop
      vertex 14.7353 17.0924 1
      vertex 14.7676 16.9487 8
      vertex 14.7676 16.9487 1
    endloop
  endfacet
  facet normal 0.997305 -0.0733712 0
    outer loop
      vertex 14.6813 17.8249 8
      vertex 14.6921 17.9717 1
      vertex 14.6921 17.9717 8
    endloop
  endfacet
  facet normal 0.997305 -0.0733712 0
    outer loop
      vertex 14.6921 17.9717 1
      vertex 14.6813 17.8249 8
      vertex 14.6813 17.8249 1
    endloop
  endfacet
  facet normal 0.788107 -0.615539 0
    outer loop
      vertex 15.268 19.4648 8
      vertex 15.3586 19.5808 1
      vertex 15.3586 19.5808 8
    endloop
  endfacet
  facet normal 0.788107 -0.615539 0
    outer loop
      vertex 15.3586 19.5808 1
      vertex 15.268 19.4648 8
      vertex 15.268 19.4648 1
    endloop
  endfacet
  facet normal -0.963722 -0.266908 0
    outer loop
      vertex 20.5878 18.4066 1
      vertex 20.5485 18.5485 8
      vertex 20.5485 18.5485 1
    endloop
  endfacet
  facet normal -0.963722 -0.266908 0
    outer loop
      vertex 20.5485 18.5485 8
      vertex 20.5878 18.4066 1
      vertex 20.5878 18.4066 8
    endloop
  endfacet
  facet normal -0.844778 0.535117 0
    outer loop
      vertex 20.1721 16.011 1
      vertex 20.2509 16.1354 8
      vertex 20.2509 16.1354 1
    endloop
  endfacet
  facet normal -0.844778 0.535117 0
    outer loop
      vertex 20.2509 16.1354 8
      vertex 20.1721 16.011 1
      vertex 20.1721 16.011 8
    endloop
  endfacet
  facet normal -0.997258 0.0739967 0
    outer loop
      vertex 20.6632 17.3836 1
      vertex 20.6741 17.5305 8
      vertex 20.6741 17.5305 1
    endloop
  endfacet
  facet normal -0.997258 0.0739967 0
    outer loop
      vertex 20.6741 17.5305 8
      vertex 20.6632 17.3836 1
      vertex 20.6632 17.3836 8
    endloop
  endfacet
  facet normal -0.405445 0.914119 0
    outer loop
      vertex 18.9603 14.9657 1
      vertex 18.8257 14.906 8
      vertex 18.9603 14.9657 8
    endloop
  endfacet
  facet normal -0.405445 0.914119 0
    outer loop
      vertex 18.8257 14.906 8
      vertex 18.9603 14.9657 1
      vertex 18.8257 14.906 1
    endloop
  endfacet
  facet normal -0.49255 -0.870284 0
    outer loop
      vertex 19.0919 20.3234 1
      vertex 19.22 20.2509 8
      vertex 19.0919 20.3234 8
    endloop
  endfacet
  facet normal -0.49255 -0.870284 -0
    outer loop
      vertex 19.22 20.2509 8
      vertex 19.0919 20.3234 1
      vertex 19.22 20.2509 1
    endloop
  endfacet
  facet normal -0.266908 -0.963722 0
    outer loop
      vertex 18.4066 20.5878 1
      vertex 18.5485 20.5485 8
      vertex 18.4066 20.5878 8
    endloop
  endfacet
  facet normal -0.266908 -0.963722 -0
    outer loop
      vertex 18.5485 20.5485 8
      vertex 18.4066 20.5878 1
      vertex 18.5485 20.5485 1
    endloop
  endfacet
  facet normal 0.535117 -0.844778 0
    outer loop
      vertex 16.011 20.1721 1
      vertex 16.1354 20.2509 8
      vertex 16.011 20.1721 8
    endloop
  endfacet
  facet normal 0.535117 -0.844778 0
    outer loop
      vertex 16.1354 20.2509 8
      vertex 16.011 20.1721 1
      vertex 16.1354 20.2509 1
    endloop
  endfacet
  facet normal 0.0739967 -0.997258 0
    outer loop
      vertex 17.3836 20.6632 1
      vertex 17.5305 20.6741 8
      vertex 17.3836 20.6632 8
    endloop
  endfacet
  facet normal 0.0739967 -0.997258 0
    outer loop
      vertex 17.5305 20.6741 8
      vertex 17.3836 20.6632 1
      vertex 17.5305 20.6741 1
    endloop
  endfacet
  facet normal 0.266908 -0.963722 0
    outer loop
      vertex 16.8068 20.5485 1
      vertex 16.9487 20.5878 8
      vertex 16.8068 20.5485 8
    endloop
  endfacet
  facet normal 0.266908 -0.963722 0
    outer loop
      vertex 16.9487 20.5878 8
      vertex 16.8068 20.5485 1
      vertex 16.9487 20.5878 1
    endloop
  endfacet
  facet normal 0.975657 -0.219302 0
    outer loop
      vertex 14.7353 18.2629 8
      vertex 14.7676 18.4066 1
      vertex 14.7676 18.4066 8
    endloop
  endfacet
  facet normal 0.975657 -0.219302 0
    outer loop
      vertex 14.7676 18.4066 1
      vertex 14.7353 18.2629 8
      vertex 14.7353 18.2629 1
    endloop
  endfacet
  facet normal 0.992506 -0.122196 0
    outer loop
      vertex 14.6921 17.9717 8
      vertex 14.7101 18.1179 1
      vertex 14.7101 18.1179 8
    endloop
  endfacet
  facet normal 0.992506 -0.122196 0
    outer loop
      vertex 14.7101 18.1179 1
      vertex 14.6921 17.9717 8
      vertex 14.6921 17.9717 1
    endloop
  endfacet
  facet normal 0.893338 -0.449385 0
    outer loop
      vertex 14.9657 18.9603 8
      vertex 15.0319 19.0919 1
      vertex 15.0319 19.0919 8
    endloop
  endfacet
  facet normal 0.893338 -0.449385 0
    outer loop
      vertex 15.0319 19.0919 1
      vertex 14.9657 18.9603 8
      vertex 14.9657 18.9603 1
    endloop
  endfacet
  facet normal 0.757144 -0.653249 0
    outer loop
      vertex 15.3586 19.5808 8
      vertex 15.4548 19.6923 1
      vertex 15.4548 19.6923 8
    endloop
  endfacet
  facet normal 0.757144 -0.653249 0
    outer loop
      vertex 15.4548 19.6923 1
      vertex 15.3586 19.5808 8
      vertex 15.3586 19.5808 1
    endloop
  endfacet
  facet normal -0.81757 -0.57583 0
    outer loop
      vertex 20.1721 19.3444 1
      vertex 20.0873 19.4648 8
      vertex 20.0873 19.4648 1
    endloop
  endfacet
  facet normal -0.81757 -0.57583 0
    outer loop
      vertex 20.0873 19.4648 8
      vertex 20.1721 19.3444 1
      vertex 20.1721 19.3444 8
    endloop
  endfacet
  facet normal -0.615539 0.788107 0
    outer loop
      vertex 19.5808 15.3586 1
      vertex 19.4648 15.268 8
      vertex 19.5808 15.3586 8
    endloop
  endfacet
  facet normal -0.615539 0.788107 0
    outer loop
      vertex 19.4648 15.268 8
      vertex 19.5808 15.3586 1
      vertex 19.4648 15.268 1
    endloop
  endfacet
  facet normal 0.359889 0.932995 -0
    outer loop
      vertex 16.667 14.853 1
      vertex 16.5296 14.906 8
      vertex 16.667 14.853 8
    endloop
  endfacet
  facet normal 0.359889 0.932995 0
    outer loop
      vertex 16.5296 14.906 8
      vertex 16.667 14.853 1
      vertex 16.5296 14.906 1
    endloop
  endfacet
  facet normal -0.615539 -0.788107 0
    outer loop
      vertex 19.4648 20.0873 1
      vertex 19.5808 19.9967 8
      vertex 19.4648 20.0873 8
    endloop
  endfacet
  facet normal -0.615539 -0.788107 -0
    outer loop
      vertex 19.5808 19.9967 8
      vertex 19.4648 20.0873 1
      vertex 19.5808 19.9967 1
    endloop
  endfacet
  facet normal -0.653249 -0.757144 0
    outer loop
      vertex 19.5808 19.9967 1
      vertex 19.6923 19.9005 8
      vertex 19.5808 19.9967 8
    endloop
  endfacet
  facet normal -0.653249 -0.757144 -0
    outer loop
      vertex 19.6923 19.9005 8
      vertex 19.5808 19.9967 1
      vertex 19.6923 19.9005 1
    endloop
  endfacet
  facet normal -0.535117 -0.844778 0
    outer loop
      vertex 19.22 20.2509 1
      vertex 19.3444 20.1721 8
      vertex 19.22 20.2509 8
    endloop
  endfacet
  facet normal -0.535117 -0.844778 -0
    outer loop
      vertex 19.3444 20.1721 8
      vertex 19.22 20.2509 1
      vertex 19.3444 20.1721 1
    endloop
  endfacet
  facet normal -0.57583 -0.81757 0
    outer loop
      vertex 19.3444 20.1721 1
      vertex 19.4648 20.0873 8
      vertex 19.3444 20.1721 8
    endloop
  endfacet
  facet normal -0.57583 -0.81757 -0
    outer loop
      vertex 19.4648 20.0873 8
      vertex 19.3444 20.1721 1
      vertex 19.4648 20.0873 1
    endloop
  endfacet
  facet normal -0.405445 -0.914119 0
    outer loop
      vertex 18.8257 20.4493 1
      vertex 18.9603 20.3896 8
      vertex 18.8257 20.4493 8
    endloop
  endfacet
  facet normal -0.405445 -0.914119 -0
    outer loop
      vertex 18.9603 20.3896 8
      vertex 18.8257 20.4493 1
      vertex 18.9603 20.3896 1
    endloop
  endfacet
  facet normal -0.449385 -0.893338 0
    outer loop
      vertex 18.9603 20.3896 1
      vertex 19.0919 20.3234 8
      vertex 18.9603 20.3896 8
    endloop
  endfacet
  facet normal -0.449385 -0.893338 -0
    outer loop
      vertex 19.0919 20.3234 8
      vertex 18.9603 20.3896 1
      vertex 19.0919 20.3234 1
    endloop
  endfacet
  facet normal -0.122196 -0.992506 0
    outer loop
      vertex 17.9717 20.6632 1
      vertex 18.1179 20.6452 8
      vertex 17.9717 20.6632 8
    endloop
  endfacet
  facet normal -0.122196 -0.992506 -0
    outer loop
      vertex 18.1179 20.6452 8
      vertex 17.9717 20.6632 1
      vertex 18.1179 20.6452 1
    endloop
  endfacet
  facet normal -0.171226 -0.985232 0
    outer loop
      vertex 18.1179 20.6452 1
      vertex 18.2629 20.62 8
      vertex 18.1179 20.6452 8
    endloop
  endfacet
  facet normal -0.171226 -0.985232 -0
    outer loop
      vertex 18.2629 20.62 8
      vertex 18.1179 20.6452 1
      vertex 18.2629 20.62 1
    endloop
  endfacet
  facet normal -0.218656 -0.975802 0
    outer loop
      vertex 18.2629 20.62 1
      vertex 18.4066 20.5878 8
      vertex 18.2629 20.62 8
    endloop
  endfacet
  facet normal -0.218656 -0.975802 -0
    outer loop
      vertex 18.4066 20.5878 8
      vertex 18.2629 20.62 1
      vertex 18.4066 20.5878 1
    endloop
  endfacet
  facet normal -0.313782 -0.949495 0
    outer loop
      vertex 18.5485 20.5485 1
      vertex 18.6883 20.5023 8
      vertex 18.5485 20.5485 8
    endloop
  endfacet
  facet normal -0.313782 -0.949495 -0
    outer loop
      vertex 18.6883 20.5023 8
      vertex 18.5485 20.5485 1
      vertex 18.6883 20.5023 1
    endloop
  endfacet
  facet normal 0.615209 -0.788364 0
    outer loop
      vertex 15.7745 19.9967 1
      vertex 15.8906 20.0873 8
      vertex 15.7745 19.9967 8
    endloop
  endfacet
  facet normal 0.615209 -0.788364 0
    outer loop
      vertex 15.8906 20.0873 8
      vertex 15.7745 19.9967 1
      vertex 15.8906 20.0873 1
    endloop
  endfacet
  facet normal 0.405445 -0.914119 0
    outer loop
      vertex 16.395 20.3896 1
      vertex 16.5296 20.4493 8
      vertex 16.395 20.3896 8
    endloop
  endfacet
  facet normal 0.405445 -0.914119 0
    outer loop
      vertex 16.5296 20.4493 8
      vertex 16.395 20.3896 1
      vertex 16.5296 20.4493 1
    endloop
  endfacet
  facet normal 0.449657 -0.893201 0
    outer loop
      vertex 16.2635 20.3234 1
      vertex 16.395 20.3896 8
      vertex 16.2635 20.3234 8
    endloop
  endfacet
  facet normal 0.449657 -0.893201 0
    outer loop
      vertex 16.395 20.3896 8
      vertex 16.2635 20.3234 1
      vertex 16.395 20.3896 1
    endloop
  endfacet
  facet normal 0.49255 -0.870284 0
    outer loop
      vertex 16.1354 20.2509 1
      vertex 16.2635 20.3234 8
      vertex 16.1354 20.2509 8
    endloop
  endfacet
  facet normal 0.49255 -0.870284 0
    outer loop
      vertex 16.2635 20.3234 8
      vertex 16.1354 20.2509 1
      vertex 16.2635 20.3234 1
    endloop
  endfacet
  facet normal 0.57583 -0.81757 0
    outer loop
      vertex 15.8906 20.0873 1
      vertex 16.011 20.1721 8
      vertex 15.8906 20.0873 8
    endloop
  endfacet
  facet normal 0.57583 -0.81757 0
    outer loop
      vertex 16.011 20.1721 8
      vertex 15.8906 20.0873 1
      vertex 16.011 20.1721 1
    endloop
  endfacet
  facet normal 0.653249 -0.757144 0
    outer loop
      vertex 15.663 19.9005 1
      vertex 15.7745 19.9967 8
      vertex 15.663 19.9005 8
    endloop
  endfacet
  facet normal 0.653249 -0.757144 0
    outer loop
      vertex 15.7745 19.9967 8
      vertex 15.663 19.9005 1
      vertex 15.7745 19.9967 1
    endloop
  endfacet
  facet normal 0.359889 -0.932995 0
    outer loop
      vertex 16.5296 20.4493 1
      vertex 16.667 20.5023 8
      vertex 16.5296 20.4493 8
    endloop
  endfacet
  facet normal 0.359889 -0.932995 0
    outer loop
      vertex 16.667 20.5023 8
      vertex 16.5296 20.4493 1
      vertex 16.667 20.5023 1
    endloop
  endfacet
  facet normal 0.218656 -0.975802 0
    outer loop
      vertex 16.9487 20.5878 1
      vertex 17.0924 20.62 8
      vertex 16.9487 20.5878 8
    endloop
  endfacet
  facet normal 0.218656 -0.975802 0
    outer loop
      vertex 17.0924 20.62 8
      vertex 16.9487 20.5878 1
      vertex 17.0924 20.62 1
    endloop
  endfacet
  facet normal 0.171112 -0.985252 0
    outer loop
      vertex 17.0924 20.62 1
      vertex 17.2375 20.6452 8
      vertex 17.0924 20.62 8
    endloop
  endfacet
  facet normal 0.171112 -0.985252 0
    outer loop
      vertex 17.2375 20.6452 8
      vertex 17.0924 20.62 1
      vertex 17.2375 20.6452 1
    endloop
  endfacet
  facet normal 0.122279 -0.992496 0
    outer loop
      vertex 17.2375 20.6452 1
      vertex 17.3836 20.6632 8
      vertex 17.2375 20.6452 8
    endloop
  endfacet
  facet normal 0.122279 -0.992496 0
    outer loop
      vertex 17.3836 20.6632 8
      vertex 17.2375 20.6452 1
      vertex 17.3836 20.6632 1
    endloop
  endfacet
  facet normal 0.0244492 -0.999701 0
    outer loop
      vertex 17.5305 20.6741 1
      vertex 17.6777 20.6777 8
      vertex 17.5305 20.6741 8
    endloop
  endfacet
  facet normal 0.0244492 -0.999701 0
    outer loop
      vertex 17.6777 20.6777 8
      vertex 17.5305 20.6741 1
      vertex 17.6777 20.6777 1
    endloop
  endfacet
  facet normal 0.999701 0.0244492 0
    outer loop
      vertex 14.6813 17.5305 8
      vertex 14.6777 17.6777 1
      vertex 14.6777 17.6777 8
    endloop
  endfacet
  facet normal 0.999701 0.0244492 0
    outer loop
      vertex 14.6777 17.6777 1
      vertex 14.6813 17.5305 8
      vertex 14.6813 17.5305 1
    endloop
  endfacet
  facet normal 0.992496 0.122279 0
    outer loop
      vertex 14.7101 17.2375 8
      vertex 14.6921 17.3836 1
      vertex 14.6921 17.3836 8
    endloop
  endfacet
  facet normal 0.992496 0.122279 0
    outer loop
      vertex 14.6921 17.3836 1
      vertex 14.7101 17.2375 8
      vertex 14.7101 17.2375 1
    endloop
  endfacet
  facet normal 0.949495 0.313782 0
    outer loop
      vertex 14.853 16.667 8
      vertex 14.8068 16.8068 1
      vertex 14.8068 16.8068 8
    endloop
  endfacet
  facet normal 0.949495 0.313782 0
    outer loop
      vertex 14.8068 16.8068 1
      vertex 14.853 16.667 8
      vertex 14.853 16.667 1
    endloop
  endfacet
  facet normal 0.914119 0.405445 0
    outer loop
      vertex 14.9657 16.395 8
      vertex 14.906 16.5296 1
      vertex 14.906 16.5296 8
    endloop
  endfacet
  facet normal 0.914119 0.405445 0
    outer loop
      vertex 14.906 16.5296 1
      vertex 14.9657 16.395 8
      vertex 14.9657 16.395 1
    endloop
  endfacet
  facet normal 0.869993 0.493064 0
    outer loop
      vertex 15.1045 16.1354 8
      vertex 15.0319 16.2635 1
      vertex 15.0319 16.2635 8
    endloop
  endfacet
  facet normal 0.869993 0.493064 0
    outer loop
      vertex 15.0319 16.2635 1
      vertex 15.1045 16.1354 8
      vertex 15.1045 16.1354 1
    endloop
  endfacet
  facet normal 0.817889 0.575376 0
    outer loop
      vertex 15.268 15.8906 8
      vertex 15.1833 16.011 1
      vertex 15.1833 16.011 8
    endloop
  endfacet
  facet normal 0.817889 0.575376 0
    outer loop
      vertex 15.1833 16.011 1
      vertex 15.268 15.8906 8
      vertex 15.268 15.8906 1
    endloop
  endfacet
  facet normal 0.757144 0.653249 0
    outer loop
      vertex 15.4548 15.663 8
      vertex 15.3586 15.7745 1
      vertex 15.3586 15.7745 8
    endloop
  endfacet
  facet normal 0.757144 0.653249 0
    outer loop
      vertex 15.3586 15.7745 1
      vertex 15.4548 15.663 8
      vertex 15.4548 15.663 1
    endloop
  endfacet
  facet normal 0.932995 -0.359889 0
    outer loop
      vertex 14.853 18.6883 8
      vertex 14.906 18.8257 1
      vertex 14.906 18.8257 8
    endloop
  endfacet
  facet normal 0.932995 -0.359889 0
    outer loop
      vertex 14.906 18.8257 1
      vertex 14.853 18.6883 8
      vertex 14.853 18.6883 1
    endloop
  endfacet
  facet normal 0.949495 -0.313782 0
    outer loop
      vertex 14.8068 18.5485 8
      vertex 14.853 18.6883 1
      vertex 14.853 18.6883 8
    endloop
  endfacet
  facet normal 0.949495 -0.313782 0
    outer loop
      vertex 14.853 18.6883 1
      vertex 14.8068 18.5485 8
      vertex 14.8068 18.5485 1
    endloop
  endfacet
  facet normal 0.963896 -0.266277 0
    outer loop
      vertex 14.7676 18.4066 8
      vertex 14.8068 18.5485 1
      vertex 14.8068 18.5485 8
    endloop
  endfacet
  facet normal 0.963896 -0.266277 0
    outer loop
      vertex 14.8068 18.5485 1
      vertex 14.7676 18.4066 8
      vertex 14.7676 18.4066 1
    endloop
  endfacet
  facet normal 0.985232 -0.171226 0
    outer loop
      vertex 14.7101 18.1179 8
      vertex 14.7353 18.2629 1
      vertex 14.7353 18.2629 8
    endloop
  endfacet
  facet normal 0.985232 -0.171226 0
    outer loop
      vertex 14.7353 18.2629 1
      vertex 14.7101 18.1179 8
      vertex 14.7101 18.1179 1
    endloop
  endfacet
  facet normal 0.914119 -0.405445 0
    outer loop
      vertex 14.906 18.8257 8
      vertex 14.9657 18.9603 1
      vertex 14.9657 18.9603 8
    endloop
  endfacet
  facet normal 0.914119 -0.405445 0
    outer loop
      vertex 14.9657 18.9603 1
      vertex 14.906 18.8257 8
      vertex 14.906 18.8257 1
    endloop
  endfacet
  facet normal 0.844778 -0.535117 0
    outer loop
      vertex 15.1045 19.22 8
      vertex 15.1833 19.3444 1
      vertex 15.1833 19.3444 8
    endloop
  endfacet
  facet normal 0.844778 -0.535117 0
    outer loop
      vertex 15.1833 19.3444 1
      vertex 15.1045 19.22 8
      vertex 15.1045 19.22 1
    endloop
  endfacet
  facet normal 0.869993 -0.493064 0
    outer loop
      vertex 15.0319 19.0919 8
      vertex 15.1045 19.22 1
      vertex 15.1045 19.22 8
    endloop
  endfacet
  facet normal 0.869993 -0.493064 0
    outer loop
      vertex 15.1045 19.22 1
      vertex 15.0319 19.0919 8
      vertex 15.0319 19.0919 1
    endloop
  endfacet
  facet normal 0.817889 -0.575376 0
    outer loop
      vertex 15.1833 19.3444 8
      vertex 15.268 19.4648 1
      vertex 15.268 19.4648 8
    endloop
  endfacet
  facet normal 0.817889 -0.575376 0
    outer loop
      vertex 15.268 19.4648 1
      vertex 15.1833 19.3444 8
      vertex 15.1833 19.3444 1
    endloop
  endfacet
  facet normal 0.724542 -0.689231 0
    outer loop
      vertex 15.4548 19.6923 8
      vertex 15.5563 19.799 1
      vertex 15.5563 19.799 8
    endloop
  endfacet
  facet normal 0.724542 -0.689231 0
    outer loop
      vertex 15.5563 19.799 1
      vertex 15.4548 19.6923 8
      vertex 15.4548 19.6923 1
    endloop
  endfacet
  facet normal -0.724542 -0.689231 0
    outer loop
      vertex 19.9005 19.6923 1
      vertex 19.799 19.799 8
      vertex 19.799 19.799 1
    endloop
  endfacet
  facet normal -0.724542 -0.689231 0
    outer loop
      vertex 19.799 19.799 8
      vertex 19.9005 19.6923 1
      vertex 19.9005 19.6923 8
    endloop
  endfacet
  facet normal -0.724542 0.689231 0
    outer loop
      vertex 19.799 15.5563 1
      vertex 19.9005 15.663 8
      vertex 19.9005 15.663 1
    endloop
  endfacet
  facet normal -0.724542 0.689231 0
    outer loop
      vertex 19.9005 15.663 8
      vertex 19.799 15.5563 1
      vertex 19.799 15.5563 8
    endloop
  endfacet
  facet normal -0.788364 0.615209 0
    outer loop
      vertex 19.9967 15.7745 1
      vertex 20.0873 15.8906 8
      vertex 20.0873 15.8906 1
    endloop
  endfacet
  facet normal -0.788364 0.615209 0
    outer loop
      vertex 20.0873 15.8906 8
      vertex 19.9967 15.7745 1
      vertex 19.9967 15.7745 8
    endloop
  endfacet
  facet normal -0.893201 0.449657 0
    outer loop
      vertex 20.3234 16.2635 1
      vertex 20.3896 16.395 8
      vertex 20.3896 16.395 1
    endloop
  endfacet
  facet normal -0.893201 0.449657 0
    outer loop
      vertex 20.3896 16.395 8
      vertex 20.3234 16.2635 1
      vertex 20.3234 16.2635 8
    endloop
  endfacet
  facet normal -0.985252 0.171112 0
    outer loop
      vertex 20.62 17.0924 1
      vertex 20.6452 17.2375 8
      vertex 20.6452 17.2375 1
    endloop
  endfacet
  facet normal -0.985252 0.171112 0
    outer loop
      vertex 20.6452 17.2375 8
      vertex 20.62 17.0924 1
      vertex 20.62 17.0924 8
    endloop
  endfacet
  facet normal -0.963722 0.266908 0
    outer loop
      vertex 20.5485 16.8068 1
      vertex 20.5878 16.9487 8
      vertex 20.5878 16.9487 1
    endloop
  endfacet
  facet normal -0.963722 0.266908 0
    outer loop
      vertex 20.5878 16.9487 8
      vertex 20.5485 16.8068 1
      vertex 20.5485 16.8068 8
    endloop
  endfacet
  facet normal -0.932995 0.359889 0
    outer loop
      vertex 20.4493 16.5296 1
      vertex 20.5023 16.667 8
      vertex 20.5023 16.667 1
    endloop
  endfacet
  facet normal -0.932995 0.359889 0
    outer loop
      vertex 20.5023 16.667 8
      vertex 20.4493 16.5296 1
      vertex 20.4493 16.5296 8
    endloop
  endfacet
  facet normal -0.975802 0.218656 0
    outer loop
      vertex 20.5878 16.9487 1
      vertex 20.62 17.0924 8
      vertex 20.62 17.0924 1
    endloop
  endfacet
  facet normal -0.975802 0.218656 0
    outer loop
      vertex 20.62 17.0924 8
      vertex 20.5878 16.9487 1
      vertex 20.5878 16.9487 8
    endloop
  endfacet
  facet normal -0.949495 -0.313782 0
    outer loop
      vertex 20.5485 18.5485 1
      vertex 20.5023 18.6883 8
      vertex 20.5023 18.6883 1
    endloop
  endfacet
  facet normal -0.949495 -0.313782 0
    outer loop
      vertex 20.5023 18.6883 8
      vertex 20.5485 18.5485 1
      vertex 20.5485 18.5485 8
    endloop
  endfacet
  facet normal -0.914119 -0.405445 0
    outer loop
      vertex 20.4493 18.8257 1
      vertex 20.3896 18.9603 8
      vertex 20.3896 18.9603 1
    endloop
  endfacet
  facet normal -0.914119 -0.405445 0
    outer loop
      vertex 20.3896 18.9603 8
      vertex 20.4493 18.8257 1
      vertex 20.4493 18.8257 8
    endloop
  endfacet
  facet normal -0.932995 -0.359889 0
    outer loop
      vertex 20.5023 18.6883 1
      vertex 20.4493 18.8257 8
      vertex 20.4493 18.8257 1
    endloop
  endfacet
  facet normal -0.932995 -0.359889 0
    outer loop
      vertex 20.4493 18.8257 8
      vertex 20.5023 18.6883 1
      vertex 20.5023 18.6883 8
    endloop
  endfacet
  facet normal -0.893338 -0.449385 0
    outer loop
      vertex 20.3896 18.9603 1
      vertex 20.3234 19.0919 8
      vertex 20.3234 19.0919 1
    endloop
  endfacet
  facet normal -0.893338 -0.449385 0
    outer loop
      vertex 20.3234 19.0919 8
      vertex 20.3896 18.9603 1
      vertex 20.3896 18.9603 8
    endloop
  endfacet
  facet normal -0.870284 -0.49255 0
    outer loop
      vertex 20.3234 19.0919 1
      vertex 20.2509 19.22 8
      vertex 20.2509 19.22 1
    endloop
  endfacet
  facet normal -0.870284 -0.49255 0
    outer loop
      vertex 20.2509 19.22 8
      vertex 20.3234 19.0919 1
      vertex 20.3234 19.0919 8
    endloop
  endfacet
  facet normal -0.844778 -0.535117 0
    outer loop
      vertex 20.2509 19.22 1
      vertex 20.1721 19.3444 8
      vertex 20.1721 19.3444 1
    endloop
  endfacet
  facet normal -0.844778 -0.535117 0
    outer loop
      vertex 20.1721 19.3444 8
      vertex 20.2509 19.22 1
      vertex 20.2509 19.22 8
    endloop
  endfacet
  facet normal -0.757144 -0.653249 0
    outer loop
      vertex 19.9967 19.5808 1
      vertex 19.9005 19.6923 8
      vertex 19.9005 19.6923 1
    endloop
  endfacet
  facet normal -0.757144 -0.653249 0
    outer loop
      vertex 19.9005 19.6923 8
      vertex 19.9967 19.5808 1
      vertex 19.9967 19.5808 8
    endloop
  endfacet
  facet normal -0.0244492 0.999701 0
    outer loop
      vertex 17.8249 14.6813 1
      vertex 17.6777 14.6777 8
      vertex 17.8249 14.6813 8
    endloop
  endfacet
  facet normal -0.0244492 0.999701 0
    outer loop
      vertex 17.6777 14.6777 8
      vertex 17.8249 14.6813 1
      vertex 17.6777 14.6777 1
    endloop
  endfacet
  facet normal -0.122196 0.992506 0
    outer loop
      vertex 18.1179 14.7101 1
      vertex 17.9717 14.6921 8
      vertex 18.1179 14.7101 8
    endloop
  endfacet
  facet normal -0.122196 0.992506 0
    outer loop
      vertex 17.9717 14.6921 8
      vertex 18.1179 14.7101 1
      vertex 17.9717 14.6921 1
    endloop
  endfacet
  facet normal -0.313782 0.949495 0
    outer loop
      vertex 18.6883 14.853 1
      vertex 18.5485 14.8068 8
      vertex 18.6883 14.853 8
    endloop
  endfacet
  facet normal -0.313782 0.949495 0
    outer loop
      vertex 18.5485 14.8068 8
      vertex 18.6883 14.853 1
      vertex 18.5485 14.8068 1
    endloop
  endfacet
  facet normal -0.219302 0.975657 0
    outer loop
      vertex 18.4066 14.7676 1
      vertex 18.2629 14.7353 8
      vertex 18.4066 14.7676 8
    endloop
  endfacet
  facet normal -0.219302 0.975657 0
    outer loop
      vertex 18.2629 14.7353 8
      vertex 18.4066 14.7676 1
      vertex 18.2629 14.7353 1
    endloop
  endfacet
  facet normal -0.493064 0.869993 0
    outer loop
      vertex 19.22 15.1045 1
      vertex 19.0919 15.0319 8
      vertex 19.22 15.1045 8
    endloop
  endfacet
  facet normal -0.493064 0.869993 0
    outer loop
      vertex 19.0919 15.0319 8
      vertex 19.22 15.1045 1
      vertex 19.0919 15.0319 1
    endloop
  endfacet
  facet normal -0.575376 0.817889 0
    outer loop
      vertex 19.4648 15.268 1
      vertex 19.3444 15.1833 8
      vertex 19.4648 15.268 8
    endloop
  endfacet
  facet normal -0.575376 0.817889 0
    outer loop
      vertex 19.3444 15.1833 8
      vertex 19.4648 15.268 1
      vertex 19.3444 15.1833 1
    endloop
  endfacet
  facet normal -0.653249 0.757144 0
    outer loop
      vertex 19.6923 15.4548 1
      vertex 19.5808 15.3586 8
      vertex 19.6923 15.4548 8
    endloop
  endfacet
  facet normal -0.653249 0.757144 0
    outer loop
      vertex 19.5808 15.3586 8
      vertex 19.6923 15.4548 1
      vertex 19.5808 15.3586 1
    endloop
  endfacet
  facet normal 0.122279 0.992496 -0
    outer loop
      vertex 17.3836 14.6921 1
      vertex 17.2375 14.7101 8
      vertex 17.3836 14.6921 8
    endloop
  endfacet
  facet normal 0.122279 0.992496 0
    outer loop
      vertex 17.2375 14.7101 8
      vertex 17.3836 14.6921 1
      vertex 17.2375 14.7101 1
    endloop
  endfacet
  facet normal 0.171112 0.985252 -0
    outer loop
      vertex 17.2375 14.7101 1
      vertex 17.0924 14.7353 8
      vertex 17.2375 14.7101 8
    endloop
  endfacet
  facet normal 0.171112 0.985252 0
    outer loop
      vertex 17.0924 14.7353 8
      vertex 17.2375 14.7101 1
      vertex 17.0924 14.7353 1
    endloop
  endfacet
  facet normal 0.0733215 0.997308 -0
    outer loop
      vertex 17.5305 14.6813 1
      vertex 17.3836 14.6921 8
      vertex 17.5305 14.6813 8
    endloop
  endfacet
  facet normal 0.0733215 0.997308 0
    outer loop
      vertex 17.3836 14.6921 8
      vertex 17.5305 14.6813 1
      vertex 17.3836 14.6921 1
    endloop
  endfacet
  facet normal 0.266277 0.963896 -0
    outer loop
      vertex 16.9487 14.7676 1
      vertex 16.8068 14.8068 8
      vertex 16.9487 14.7676 8
    endloop
  endfacet
  facet normal 0.266277 0.963896 0
    outer loop
      vertex 16.8068 14.8068 8
      vertex 16.9487 14.7676 1
      vertex 16.8068 14.8068 1
    endloop
  endfacet
  facet normal 0.493064 0.869993 -0
    outer loop
      vertex 16.2635 15.0319 1
      vertex 16.1354 15.1045 8
      vertex 16.2635 15.0319 8
    endloop
  endfacet
  facet normal 0.493064 0.869993 0
    outer loop
      vertex 16.1354 15.1045 8
      vertex 16.2635 15.0319 1
      vertex 16.1354 15.1045 1
    endloop
  endfacet
  facet normal 0.535117 0.844778 -0
    outer loop
      vertex 16.1354 15.1045 1
      vertex 16.011 15.1833 8
      vertex 16.1354 15.1045 8
    endloop
  endfacet
  facet normal 0.535117 0.844778 0
    outer loop
      vertex 16.011 15.1833 8
      vertex 16.1354 15.1045 1
      vertex 16.011 15.1833 1
    endloop
  endfacet
  facet normal 0.449657 0.893201 -0
    outer loop
      vertex 16.395 14.9657 1
      vertex 16.2635 15.0319 8
      vertex 16.395 14.9657 8
    endloop
  endfacet
  facet normal 0.449657 0.893201 0
    outer loop
      vertex 16.2635 15.0319 8
      vertex 16.395 14.9657 1
      vertex 16.2635 15.0319 1
    endloop
  endfacet
  facet normal 0.615209 0.788364 -0
    outer loop
      vertex 15.8906 15.268 1
      vertex 15.7745 15.3586 8
      vertex 15.8906 15.268 8
    endloop
  endfacet
  facet normal 0.615209 0.788364 0
    outer loop
      vertex 15.7745 15.3586 8
      vertex 15.8906 15.268 1
      vertex 15.7745 15.3586 1
    endloop
  endfacet
  facet normal 0.575376 0.817889 -0
    outer loop
      vertex 16.011 15.1833 1
      vertex 15.8906 15.268 8
      vertex 16.011 15.1833 8
    endloop
  endfacet
  facet normal 0.575376 0.817889 0
    outer loop
      vertex 15.8906 15.268 8
      vertex 16.011 15.1833 1
      vertex 15.8906 15.268 1
    endloop
  endfacet
  facet normal 0.689231 0.724542 -0
    outer loop
      vertex 15.663 15.4548 1
      vertex 15.5563 15.5563 8
      vertex 15.663 15.4548 8
    endloop
  endfacet
  facet normal 0.689231 0.724542 0
    outer loop
      vertex 15.5563 15.5563 8
      vertex 15.663 15.4548 1
      vertex 15.5563 15.5563 1
    endloop
  endfacet
  facet normal 0.985252 0.171112 0
    outer loop
      vertex 14.7353 17.0924 8
      vertex 14.7101 17.2375 1
      vertex 14.7101 17.2375 8
    endloop
  endfacet
  facet normal 0.985252 0.171112 0
    outer loop
      vertex 14.7101 17.2375 1
      vertex 14.7353 17.0924 8
      vertex 14.7353 17.0924 1
    endloop
  endfacet
  facet normal 0.963896 0.266277 0
    outer loop
      vertex 14.8068 16.8068 8
      vertex 14.7676 16.9487 1
      vertex 14.7676 16.9487 8
    endloop
  endfacet
  facet normal 0.963896 0.266277 0
    outer loop
      vertex 14.7676 16.9487 1
      vertex 14.8068 16.8068 8
      vertex 14.8068 16.8068 1
    endloop
  endfacet
  facet normal 0.932995 0.359889 0
    outer loop
      vertex 14.906 16.5296 8
      vertex 14.853 16.667 1
      vertex 14.853 16.667 8
    endloop
  endfacet
  facet normal 0.932995 0.359889 0
    outer loop
      vertex 14.853 16.667 1
      vertex 14.906 16.5296 8
      vertex 14.906 16.5296 1
    endloop
  endfacet
  facet normal 0.893201 0.449657 0
    outer loop
      vertex 15.0319 16.2635 8
      vertex 14.9657 16.395 1
      vertex 14.9657 16.395 8
    endloop
  endfacet
  facet normal 0.893201 0.449657 0
    outer loop
      vertex 14.9657 16.395 1
      vertex 15.0319 16.2635 8
      vertex 15.0319 16.2635 1
    endloop
  endfacet
  facet normal 0.844778 0.535117 0
    outer loop
      vertex 15.1833 16.011 8
      vertex 15.1045 16.1354 1
      vertex 15.1045 16.1354 8
    endloop
  endfacet
  facet normal 0.844778 0.535117 0
    outer loop
      vertex 15.1045 16.1354 1
      vertex 15.1833 16.011 8
      vertex 15.1833 16.011 1
    endloop
  endfacet
  facet normal 0.788364 0.615209 0
    outer loop
      vertex 15.3586 15.7745 8
      vertex 15.268 15.8906 1
      vertex 15.268 15.8906 8
    endloop
  endfacet
  facet normal 0.788364 0.615209 0
    outer loop
      vertex 15.268 15.8906 1
      vertex 15.3586 15.7745 8
      vertex 15.3586 15.7745 1
    endloop
  endfacet
  facet normal 0.724542 0.689231 0
    outer loop
      vertex 15.5563 15.5563 8
      vertex 15.4548 15.663 1
      vertex 15.4548 15.663 8
    endloop
  endfacet
  facet normal 0.724542 0.689231 0
    outer loop
      vertex 15.4548 15.663 1
      vertex 15.5563 15.5563 8
      vertex 15.5563 15.5563 1
    endloop
  endfacet
  facet normal -0.757144 0.653249 0
    outer loop
      vertex 19.9005 15.663 1
      vertex 19.9967 15.7745 8
      vertex 19.9967 15.7745 1
    endloop
  endfacet
  facet normal -0.757144 0.653249 0
    outer loop
      vertex 19.9967 15.7745 8
      vertex 19.9005 15.663 1
      vertex 19.9005 15.663 8
    endloop
  endfacet
  facet normal -0.81757 0.57583 0
    outer loop
      vertex 20.0873 15.8906 1
      vertex 20.1721 16.011 8
      vertex 20.1721 16.011 1
    endloop
  endfacet
  facet normal -0.81757 0.57583 0
    outer loop
      vertex 20.1721 16.011 8
      vertex 20.0873 15.8906 1
      vertex 20.0873 15.8906 8
    endloop
  endfacet
  facet normal -0.870284 0.49255 0
    outer loop
      vertex 20.2509 16.1354 1
      vertex 20.3234 16.2635 8
      vertex 20.3234 16.2635 1
    endloop
  endfacet
  facet normal -0.870284 0.49255 0
    outer loop
      vertex 20.3234 16.2635 8
      vertex 20.2509 16.1354 1
      vertex 20.2509 16.1354 8
    endloop
  endfacet
  facet normal -0.914119 0.405445 0
    outer loop
      vertex 20.3896 16.395 1
      vertex 20.4493 16.5296 8
      vertex 20.4493 16.5296 1
    endloop
  endfacet
  facet normal -0.914119 0.405445 0
    outer loop
      vertex 20.4493 16.5296 8
      vertex 20.3896 16.395 1
      vertex 20.3896 16.395 8
    endloop
  endfacet
  facet normal -0.999701 0.0244492 0
    outer loop
      vertex 20.6741 17.5305 1
      vertex 20.6777 17.6777 8
      vertex 20.6777 17.6777 1
    endloop
  endfacet
  facet normal -0.999701 0.0244492 0
    outer loop
      vertex 20.6777 17.6777 8
      vertex 20.6741 17.5305 1
      vertex 20.6741 17.5305 8
    endloop
  endfacet
  facet normal -0.992496 0.122279 0
    outer loop
      vertex 20.6452 17.2375 1
      vertex 20.6632 17.3836 8
      vertex 20.6632 17.3836 1
    endloop
  endfacet
  facet normal -0.992496 0.122279 0
    outer loop
      vertex 20.6632 17.3836 8
      vertex 20.6452 17.2375 1
      vertex 20.6452 17.2375 8
    endloop
  endfacet
  facet normal -0.949495 0.313782 0
    outer loop
      vertex 20.5023 16.667 1
      vertex 20.5485 16.8068 8
      vertex 20.5485 16.8068 1
    endloop
  endfacet
  facet normal -0.949495 0.313782 0
    outer loop
      vertex 20.5485 16.8068 8
      vertex 20.5023 16.667 1
      vertex 20.5023 16.667 8
    endloop
  endfacet
  facet normal -0.999701 -0.0244492 0
    outer loop
      vertex 20.6777 17.6777 1
      vertex 20.6741 17.8249 8
      vertex 20.6741 17.8249 1
    endloop
  endfacet
  facet normal -0.999701 -0.0244492 0
    outer loop
      vertex 20.6741 17.8249 8
      vertex 20.6777 17.6777 1
      vertex 20.6777 17.6777 8
    endloop
  endfacet
  facet normal -0.975802 -0.218656 0
    outer loop
      vertex 20.62 18.2629 1
      vertex 20.5878 18.4066 8
      vertex 20.5878 18.4066 1
    endloop
  endfacet
  facet normal -0.975802 -0.218656 0
    outer loop
      vertex 20.5878 18.4066 8
      vertex 20.62 18.2629 1
      vertex 20.62 18.2629 8
    endloop
  endfacet
  facet normal -0.985232 -0.171226 0
    outer loop
      vertex 20.6452 18.1179 1
      vertex 20.62 18.2629 8
      vertex 20.62 18.2629 1
    endloop
  endfacet
  facet normal -0.985232 -0.171226 0
    outer loop
      vertex 20.62 18.2629 8
      vertex 20.6452 18.1179 1
      vertex 20.6452 18.1179 8
    endloop
  endfacet
  facet normal -0.997255 -0.0740468 0
    outer loop
      vertex 20.6741 17.8249 1
      vertex 20.6632 17.9717 8
      vertex 20.6632 17.9717 1
    endloop
  endfacet
  facet normal -0.997255 -0.0740468 0
    outer loop
      vertex 20.6632 17.9717 8
      vertex 20.6741 17.8249 1
      vertex 20.6741 17.8249 8
    endloop
  endfacet
  facet normal -0.992506 -0.122196 0
    outer loop
      vertex 20.6632 17.9717 1
      vertex 20.6452 18.1179 8
      vertex 20.6452 18.1179 1
    endloop
  endfacet
  facet normal -0.992506 -0.122196 0
    outer loop
      vertex 20.6452 18.1179 8
      vertex 20.6632 17.9717 1
      vertex 20.6632 17.9717 8
    endloop
  endfacet
  facet normal -0.788107 -0.615539 0
    outer loop
      vertex 20.0873 19.4648 1
      vertex 19.9967 19.5808 8
      vertex 19.9967 19.5808 1
    endloop
  endfacet
  facet normal -0.788107 -0.615539 0
    outer loop
      vertex 19.9967 19.5808 8
      vertex 20.0873 19.4648 1
      vertex 20.0873 19.4648 8
    endloop
  endfacet
  facet normal -0.0733712 0.997305 0
    outer loop
      vertex 17.9717 14.6921 1
      vertex 17.8249 14.6813 8
      vertex 17.9717 14.6921 8
    endloop
  endfacet
  facet normal -0.0733712 0.997305 0
    outer loop
      vertex 17.8249 14.6813 8
      vertex 17.9717 14.6921 1
      vertex 17.8249 14.6813 1
    endloop
  endfacet
  facet normal -0.171226 0.985232 0
    outer loop
      vertex 18.2629 14.7353 1
      vertex 18.1179 14.7101 8
      vertex 18.2629 14.7353 8
    endloop
  endfacet
  facet normal -0.171226 0.985232 0
    outer loop
      vertex 18.1179 14.7101 8
      vertex 18.2629 14.7353 1
      vertex 18.1179 14.7101 1
    endloop
  endfacet
  facet normal -0.359889 0.932995 0
    outer loop
      vertex 18.8257 14.906 1
      vertex 18.6883 14.853 8
      vertex 18.8257 14.906 8
    endloop
  endfacet
  facet normal -0.359889 0.932995 0
    outer loop
      vertex 18.6883 14.853 8
      vertex 18.8257 14.906 1
      vertex 18.6883 14.853 1
    endloop
  endfacet
  facet normal -0.266277 0.963896 0
    outer loop
      vertex 18.5485 14.8068 1
      vertex 18.4066 14.7676 8
      vertex 18.5485 14.8068 8
    endloop
  endfacet
  facet normal -0.266277 0.963896 0
    outer loop
      vertex 18.4066 14.7676 8
      vertex 18.5485 14.8068 1
      vertex 18.4066 14.7676 1
    endloop
  endfacet
  facet normal -0.449385 0.893338 0
    outer loop
      vertex 19.0919 15.0319 1
      vertex 18.9603 14.9657 8
      vertex 19.0919 15.0319 8
    endloop
  endfacet
  facet normal -0.449385 0.893338 0
    outer loop
      vertex 18.9603 14.9657 8
      vertex 19.0919 15.0319 1
      vertex 18.9603 14.9657 1
    endloop
  endfacet
  facet normal -0.535117 0.844778 0
    outer loop
      vertex 19.3444 15.1833 1
      vertex 19.22 15.1045 8
      vertex 19.3444 15.1833 8
    endloop
  endfacet
  facet normal -0.535117 0.844778 0
    outer loop
      vertex 19.22 15.1045 8
      vertex 19.3444 15.1833 1
      vertex 19.22 15.1045 1
    endloop
  endfacet
  facet normal -0.689231 0.724542 0
    outer loop
      vertex 19.799 15.5563 1
      vertex 19.6923 15.4548 8
      vertex 19.799 15.5563 8
    endloop
  endfacet
  facet normal -0.689231 0.724542 0
    outer loop
      vertex 19.6923 15.4548 8
      vertex 19.799 15.5563 1
      vertex 19.6923 15.4548 1
    endloop
  endfacet
  facet normal 0.0244492 0.999701 -0
    outer loop
      vertex 17.6777 14.6777 1
      vertex 17.5305 14.6813 8
      vertex 17.6777 14.6777 8
    endloop
  endfacet
  facet normal 0.0244492 0.999701 0
    outer loop
      vertex 17.5305 14.6813 8
      vertex 17.6777 14.6777 1
      vertex 17.5305 14.6813 1
    endloop
  endfacet
  facet normal 0.313782 0.949495 -0
    outer loop
      vertex 16.8068 14.8068 1
      vertex 16.667 14.853 8
      vertex 16.8068 14.8068 8
    endloop
  endfacet
  facet normal 0.313782 0.949495 0
    outer loop
      vertex 16.667 14.853 8
      vertex 16.8068 14.8068 1
      vertex 16.667 14.853 1
    endloop
  endfacet
  facet normal 0.219302 0.975657 -0
    outer loop
      vertex 17.0924 14.7353 1
      vertex 16.9487 14.7676 8
      vertex 17.0924 14.7353 8
    endloop
  endfacet
  facet normal 0.219302 0.975657 0
    outer loop
      vertex 16.9487 14.7676 8
      vertex 17.0924 14.7353 1
      vertex 16.9487 14.7676 1
    endloop
  endfacet
  facet normal 0.405445 0.914119 -0
    outer loop
      vertex 16.5296 14.906 1
      vertex 16.395 14.9657 8
      vertex 16.5296 14.906 8
    endloop
  endfacet
  facet normal 0.405445 0.914119 0
    outer loop
      vertex 16.395 14.9657 8
      vertex 16.5296 14.906 1
      vertex 16.395 14.9657 1
    endloop
  endfacet
  facet normal 0.653249 0.757144 -0
    outer loop
      vertex 15.7745 15.3586 1
      vertex 15.663 15.4548 8
      vertex 15.7745 15.3586 8
    endloop
  endfacet
  facet normal 0.653249 0.757144 0
    outer loop
      vertex 15.663 15.4548 8
      vertex 15.7745 15.3586 1
      vertex 15.663 15.4548 1
    endloop
  endfacet
  facet normal 0.997308 0.0733215 0
    outer loop
      vertex 14.6921 17.3836 8
      vertex 14.6813 17.5305 1
      vertex 14.6813 17.5305 8
    endloop
  endfacet
  facet normal 0.997308 0.0733215 0
    outer loop
      vertex 14.6813 17.5305 1
      vertex 14.6921 17.3836 8
      vertex 14.6921 17.3836 1
    endloop
  endfacet
  facet normal 0.689231 0.724542 -0
    outer loop
      vertex -19.6923 -19.9005 1
      vertex -19.799 -19.799 8
      vertex -19.6923 -19.9005 8
    endloop
  endfacet
  facet normal 0.689231 0.724542 0
    outer loop
      vertex -19.799 -19.799 8
      vertex -19.6923 -19.9005 1
      vertex -19.799 -19.799 1
    endloop
  endfacet
  facet normal -0.724542 -0.689231 0
    outer loop
      vertex -15.4548 -15.663 1
      vertex -15.5563 -15.5563 8
      vertex -15.5563 -15.5563 1
    endloop
  endfacet
  facet normal -0.724542 -0.689231 0
    outer loop
      vertex -15.5563 -15.5563 8
      vertex -15.4548 -15.663 1
      vertex -15.4548 -15.663 8
    endloop
  endfacet
  facet normal 0.689231 -0.724542 0
    outer loop
      vertex -19.799 -15.5563 1
      vertex -19.6923 -15.4548 8
      vertex -19.799 -15.5563 8
    endloop
  endfacet
  facet normal 0.689231 -0.724542 0
    outer loop
      vertex -19.6923 -15.4548 8
      vertex -19.799 -15.5563 1
      vertex -19.6923 -15.4548 1
    endloop
  endfacet
  facet normal -0.0244492 -0.999701 0
    outer loop
      vertex -17.6777 -14.6777 1
      vertex -17.5305 -14.6813 8
      vertex -17.6777 -14.6777 8
    endloop
  endfacet
  facet normal -0.0244492 -0.999701 -0
    outer loop
      vertex -17.5305 -14.6813 8
      vertex -17.6777 -14.6777 1
      vertex -17.5305 -14.6813 1
    endloop
  endfacet
  facet normal -0.999701 0.0244492 0
    outer loop
      vertex -14.6813 -17.8249 1
      vertex -14.6777 -17.6777 8
      vertex -14.6777 -17.6777 1
    endloop
  endfacet
  facet normal -0.999701 0.0244492 0
    outer loop
      vertex -14.6777 -17.6777 8
      vertex -14.6813 -17.8249 1
      vertex -14.6813 -17.8249 8
    endloop
  endfacet
  facet normal -0.914119 0.405445 0
    outer loop
      vertex -14.9657 -18.9603 1
      vertex -14.906 -18.8257 8
      vertex -14.906 -18.8257 1
    endloop
  endfacet
  facet normal -0.914119 0.405445 0
    outer loop
      vertex -14.906 -18.8257 8
      vertex -14.9657 -18.9603 1
      vertex -14.9657 -18.9603 8
    endloop
  endfacet
  facet normal 0.999701 -0.0244492 0
    outer loop
      vertex -20.6777 -17.6777 8
      vertex -20.6741 -17.5305 1
      vertex -20.6741 -17.5305 8
    endloop
  endfacet
  facet normal 0.999701 -0.0244492 0
    outer loop
      vertex -20.6741 -17.5305 1
      vertex -20.6777 -17.6777 8
      vertex -20.6777 -17.6777 1
    endloop
  endfacet
  facet normal -0.405445 -0.914119 0
    outer loop
      vertex -16.5296 -14.906 1
      vertex -16.395 -14.9657 8
      vertex -16.5296 -14.906 8
    endloop
  endfacet
  facet normal -0.405445 -0.914119 -0
    outer loop
      vertex -16.395 -14.9657 8
      vertex -16.5296 -14.906 1
      vertex -16.395 -14.9657 1
    endloop
  endfacet
  facet normal -0.359889 0.932995 0
    outer loop
      vertex -16.5296 -20.4493 1
      vertex -16.667 -20.5023 8
      vertex -16.5296 -20.4493 8
    endloop
  endfacet
  facet normal -0.359889 0.932995 0
    outer loop
      vertex -16.667 -20.5023 8
      vertex -16.5296 -20.4493 1
      vertex -16.667 -20.5023 1
    endloop
  endfacet
  facet normal -0.932995 -0.359889 0
    outer loop
      vertex -14.853 -16.667 1
      vertex -14.906 -16.5296 8
      vertex -14.906 -16.5296 1
    endloop
  endfacet
  facet normal -0.932995 -0.359889 0
    outer loop
      vertex -14.906 -16.5296 8
      vertex -14.853 -16.667 1
      vertex -14.853 -16.667 8
    endloop
  endfacet
  facet normal 0.914119 -0.405445 0
    outer loop
      vertex -20.4493 -16.5296 8
      vertex -20.3896 -16.395 1
      vertex -20.3896 -16.395 8
    endloop
  endfacet
  facet normal 0.914119 -0.405445 0
    outer loop
      vertex -20.3896 -16.395 1
      vertex -20.4493 -16.5296 8
      vertex -20.4493 -16.5296 1
    endloop
  endfacet
  facet normal 0.359889 -0.932995 0
    outer loop
      vertex -18.8257 -14.906 1
      vertex -18.6883 -14.853 8
      vertex -18.8257 -14.906 8
    endloop
  endfacet
  facet normal 0.359889 -0.932995 0
    outer loop
      vertex -18.6883 -14.853 8
      vertex -18.8257 -14.906 1
      vertex -18.6883 -14.853 1
    endloop
  endfacet
  facet normal -0.615209 -0.788364 0
    outer loop
      vertex -15.8906 -15.268 1
      vertex -15.7745 -15.3586 8
      vertex -15.8906 -15.268 8
    endloop
  endfacet
  facet normal -0.615209 -0.788364 -0
    outer loop
      vertex -15.7745 -15.3586 8
      vertex -15.8906 -15.268 1
      vertex -15.7745 -15.3586 1
    endloop
  endfacet
  facet normal 0.122196 0.992506 -0
    outer loop
      vertex -17.9717 -20.6632 1
      vertex -18.1179 -20.6452 8
      vertex -17.9717 -20.6632 8
    endloop
  endfacet
  facet normal 0.122196 0.992506 0
    outer loop
      vertex -18.1179 -20.6452 8
      vertex -17.9717 -20.6632 1
      vertex -18.1179 -20.6452 1
    endloop
  endfacet
  facet normal -0.844778 -0.535117 0
    outer loop
      vertex -15.1045 -16.1354 1
      vertex -15.1833 -16.011 8
      vertex -15.1833 -16.011 1
    endloop
  endfacet
  facet normal -0.844778 -0.535117 0
    outer loop
      vertex -15.1833 -16.011 8
      vertex -15.1045 -16.1354 1
      vertex -15.1045 -16.1354 8
    endloop
  endfacet
  facet normal -0.985252 -0.171112 0
    outer loop
      vertex -14.7101 -17.2375 1
      vertex -14.7353 -17.0924 8
      vertex -14.7353 -17.0924 1
    endloop
  endfacet
  facet normal -0.985252 -0.171112 0
    outer loop
      vertex -14.7353 -17.0924 8
      vertex -14.7101 -17.2375 1
      vertex -14.7101 -17.2375 8
    endloop
  endfacet
  facet normal 0.81757 -0.57583 0
    outer loop
      vertex -20.1721 -16.011 8
      vertex -20.0873 -15.8906 1
      vertex -20.0873 -15.8906 8
    endloop
  endfacet
  facet normal 0.81757 -0.57583 0
    outer loop
      vertex -20.0873 -15.8906 1
      vertex -20.1721 -16.011 8
      vertex -20.1721 -16.011 1
    endloop
  endfacet
  facet normal 0.975802 -0.218656 0
    outer loop
      vertex -20.62 -17.0924 8
      vertex -20.5878 -16.9487 1
      vertex -20.5878 -16.9487 8
    endloop
  endfacet
  facet normal 0.975802 -0.218656 0
    outer loop
      vertex -20.5878 -16.9487 1
      vertex -20.62 -17.0924 8
      vertex -20.62 -17.0924 1
    endloop
  endfacet
  facet normal 0.949495 -0.313782 0
    outer loop
      vertex -20.5485 -16.8068 8
      vertex -20.5023 -16.667 1
      vertex -20.5023 -16.667 8
    endloop
  endfacet
  facet normal 0.949495 -0.313782 0
    outer loop
      vertex -20.5023 -16.667 1
      vertex -20.5485 -16.8068 8
      vertex -20.5485 -16.8068 1
    endloop
  endfacet
  facet normal 0.535117 -0.844778 0
    outer loop
      vertex -19.3444 -15.1833 1
      vertex -19.22 -15.1045 8
      vertex -19.3444 -15.1833 8
    endloop
  endfacet
  facet normal 0.535117 -0.844778 0
    outer loop
      vertex -19.22 -15.1045 8
      vertex -19.3444 -15.1833 1
      vertex -19.22 -15.1045 1
    endloop
  endfacet
  facet normal 0.122196 -0.992506 0
    outer loop
      vertex -18.1179 -14.7101 1
      vertex -17.9717 -14.6921 8
      vertex -18.1179 -14.7101 8
    endloop
  endfacet
  facet normal 0.122196 -0.992506 0
    outer loop
      vertex -17.9717 -14.6921 8
      vertex -18.1179 -14.7101 1
      vertex -17.9717 -14.6921 1
    endloop
  endfacet
  facet normal 0.449385 -0.893338 0
    outer loop
      vertex -19.0919 -15.0319 1
      vertex -18.9603 -14.9657 8
      vertex -19.0919 -15.0319 8
    endloop
  endfacet
  facet normal 0.449385 -0.893338 0
    outer loop
      vertex -18.9603 -14.9657 8
      vertex -19.0919 -15.0319 1
      vertex -18.9603 -14.9657 1
    endloop
  endfacet
  facet normal -0.266277 -0.963896 0
    outer loop
      vertex -16.9487 -14.7676 1
      vertex -16.8068 -14.8068 8
      vertex -16.9487 -14.7676 8
    endloop
  endfacet
  facet normal -0.266277 -0.963896 -0
    outer loop
      vertex -16.8068 -14.8068 8
      vertex -16.9487 -14.7676 1
      vertex -16.8068 -14.8068 1
    endloop
  endfacet
  facet normal -0.313782 -0.949495 0
    outer loop
      vertex -16.8068 -14.8068 1
      vertex -16.667 -14.853 8
      vertex -16.8068 -14.8068 8
    endloop
  endfacet
  facet normal -0.313782 -0.949495 -0
    outer loop
      vertex -16.667 -14.853 8
      vertex -16.8068 -14.8068 1
      vertex -16.667 -14.853 1
    endloop
  endfacet
  facet normal -0.653249 -0.757144 0
    outer loop
      vertex -15.7745 -15.3586 1
      vertex -15.663 -15.4548 8
      vertex -15.7745 -15.3586 8
    endloop
  endfacet
  facet normal -0.653249 -0.757144 -0
    outer loop
      vertex -15.663 -15.4548 8
      vertex -15.7745 -15.3586 1
      vertex -15.663 -15.4548 1
    endloop
  endfacet
  facet normal 0.653249 0.757144 -0
    outer loop
      vertex -19.5808 -19.9967 1
      vertex -19.6923 -19.9005 8
      vertex -19.5808 -19.9967 8
    endloop
  endfacet
  facet normal 0.653249 0.757144 0
    outer loop
      vertex -19.6923 -19.9005 8
      vertex -19.5808 -19.9967 1
      vertex -19.6923 -19.9005 1
    endloop
  endfacet
  facet normal 0.57583 0.81757 -0
    outer loop
      vertex -19.3444 -20.1721 1
      vertex -19.4648 -20.0873 8
      vertex -19.3444 -20.1721 8
    endloop
  endfacet
  facet normal 0.57583 0.81757 0
    outer loop
      vertex -19.4648 -20.0873 8
      vertex -19.3444 -20.1721 1
      vertex -19.4648 -20.0873 1
    endloop
  endfacet
  facet normal 0.405445 0.914119 -0
    outer loop
      vertex -18.8257 -20.4493 1
      vertex -18.9603 -20.3896 8
      vertex -18.8257 -20.4493 8
    endloop
  endfacet
  facet normal 0.405445 0.914119 0
    outer loop
      vertex -18.9603 -20.3896 8
      vertex -18.8257 -20.4493 1
      vertex -18.9603 -20.3896 1
    endloop
  endfacet
  facet normal 0.49255 0.870284 -0
    outer loop
      vertex -19.0919 -20.3234 1
      vertex -19.22 -20.2509 8
      vertex -19.0919 -20.3234 8
    endloop
  endfacet
  facet normal 0.49255 0.870284 0
    outer loop
      vertex -19.22 -20.2509 8
      vertex -19.0919 -20.3234 1
      vertex -19.22 -20.2509 1
    endloop
  endfacet
  facet normal 0.0740468 0.997255 -0
    outer loop
      vertex -17.8249 -20.6741 1
      vertex -17.9717 -20.6632 8
      vertex -17.8249 -20.6741 8
    endloop
  endfacet
  facet normal 0.0740468 0.997255 0
    outer loop
      vertex -17.9717 -20.6632 8
      vertex -17.8249 -20.6741 1
      vertex -17.9717 -20.6632 1
    endloop
  endfacet
  facet normal 0.218656 0.975802 -0
    outer loop
      vertex -18.2629 -20.62 1
      vertex -18.4066 -20.5878 8
      vertex -18.2629 -20.62 8
    endloop
  endfacet
  facet normal 0.218656 0.975802 0
    outer loop
      vertex -18.4066 -20.5878 8
      vertex -18.2629 -20.62 1
      vertex -18.4066 -20.5878 1
    endloop
  endfacet
  facet normal 0.171226 0.985232 -0
    outer loop
      vertex -18.1179 -20.6452 1
      vertex -18.2629 -20.62 8
      vertex -18.1179 -20.6452 8
    endloop
  endfacet
  facet normal 0.171226 0.985232 0
    outer loop
      vertex -18.2629 -20.62 8
      vertex -18.1179 -20.6452 1
      vertex -18.2629 -20.62 1
    endloop
  endfacet
  facet normal 0.313782 0.949495 -0
    outer loop
      vertex -18.5485 -20.5485 1
      vertex -18.6883 -20.5023 8
      vertex -18.5485 -20.5485 8
    endloop
  endfacet
  facet normal 0.313782 0.949495 0
    outer loop
      vertex -18.6883 -20.5023 8
      vertex -18.5485 -20.5485 1
      vertex -18.6883 -20.5023 1
    endloop
  endfacet
  facet normal -0.405445 0.914119 0
    outer loop
      vertex -16.395 -20.3896 1
      vertex -16.5296 -20.4493 8
      vertex -16.395 -20.3896 8
    endloop
  endfacet
  facet normal -0.405445 0.914119 0
    outer loop
      vertex -16.5296 -20.4493 8
      vertex -16.395 -20.3896 1
      vertex -16.5296 -20.4493 1
    endloop
  endfacet
  facet normal -0.49255 0.870284 0
    outer loop
      vertex -16.1354 -20.2509 1
      vertex -16.2635 -20.3234 8
      vertex -16.1354 -20.2509 8
    endloop
  endfacet
  facet normal -0.49255 0.870284 0
    outer loop
      vertex -16.2635 -20.3234 8
      vertex -16.1354 -20.2509 1
      vertex -16.2635 -20.3234 1
    endloop
  endfacet
  facet normal -0.615209 0.788364 0
    outer loop
      vertex -15.7745 -19.9967 1
      vertex -15.8906 -20.0873 8
      vertex -15.7745 -19.9967 8
    endloop
  endfacet
  facet normal -0.615209 0.788364 0
    outer loop
      vertex -15.8906 -20.0873 8
      vertex -15.7745 -19.9967 1
      vertex -15.8906 -20.0873 1
    endloop
  endfacet
  facet normal -0.57583 0.81757 0
    outer loop
      vertex -15.8906 -20.0873 1
      vertex -16.011 -20.1721 8
      vertex -15.8906 -20.0873 8
    endloop
  endfacet
  facet normal -0.57583 0.81757 0
    outer loop
      vertex -16.011 -20.1721 8
      vertex -15.8906 -20.0873 1
      vertex -16.011 -20.1721 1
    endloop
  endfacet
  facet normal -0.653249 0.757144 0
    outer loop
      vertex -15.663 -19.9005 1
      vertex -15.7745 -19.9967 8
      vertex -15.663 -19.9005 8
    endloop
  endfacet
  facet normal -0.653249 0.757144 0
    outer loop
      vertex -15.7745 -19.9967 8
      vertex -15.663 -19.9005 1
      vertex -15.7745 -19.9967 1
    endloop
  endfacet
  facet normal -0.266908 0.963722 0
    outer loop
      vertex -16.8068 -20.5485 1
      vertex -16.9487 -20.5878 8
      vertex -16.8068 -20.5485 8
    endloop
  endfacet
  facet normal -0.266908 0.963722 0
    outer loop
      vertex -16.9487 -20.5878 8
      vertex -16.8068 -20.5485 1
      vertex -16.9487 -20.5878 1
    endloop
  endfacet
  facet normal -0.218656 0.975802 0
    outer loop
      vertex -16.9487 -20.5878 1
      vertex -17.0924 -20.62 8
      vertex -16.9487 -20.5878 8
    endloop
  endfacet
  facet normal -0.218656 0.975802 0
    outer loop
      vertex -17.0924 -20.62 8
      vertex -16.9487 -20.5878 1
      vertex -17.0924 -20.62 1
    endloop
  endfacet
  facet normal -0.313782 0.949495 0
    outer loop
      vertex -16.667 -20.5023 1
      vertex -16.8068 -20.5485 8
      vertex -16.667 -20.5023 8
    endloop
  endfacet
  facet normal -0.313782 0.949495 0
    outer loop
      vertex -16.8068 -20.5485 8
      vertex -16.667 -20.5023 1
      vertex -16.8068 -20.5485 1
    endloop
  endfacet
  facet normal -0.122279 0.992496 0
    outer loop
      vertex -17.2375 -20.6452 1
      vertex -17.3836 -20.6632 8
      vertex -17.2375 -20.6452 8
    endloop
  endfacet
  facet normal -0.122279 0.992496 0
    outer loop
      vertex -17.3836 -20.6632 8
      vertex -17.2375 -20.6452 1
      vertex -17.3836 -20.6632 1
    endloop
  endfacet
  facet normal -0.171112 0.985252 0
    outer loop
      vertex -17.0924 -20.62 1
      vertex -17.2375 -20.6452 8
      vertex -17.0924 -20.62 8
    endloop
  endfacet
  facet normal -0.171112 0.985252 0
    outer loop
      vertex -17.2375 -20.6452 8
      vertex -17.0924 -20.62 1
      vertex -17.2375 -20.6452 1
    endloop
  endfacet
  facet normal -0.0244492 0.999701 0
    outer loop
      vertex -17.5305 -20.6741 1
      vertex -17.6777 -20.6777 8
      vertex -17.5305 -20.6741 8
    endloop
  endfacet
  facet normal -0.0244492 0.999701 0
    outer loop
      vertex -17.6777 -20.6777 8
      vertex -17.5305 -20.6741 1
      vertex -17.6777 -20.6777 1
    endloop
  endfacet
  facet normal -0.788364 -0.615209 0
    outer loop
      vertex -15.268 -15.8906 1
      vertex -15.3586 -15.7745 8
      vertex -15.3586 -15.7745 1
    endloop
  endfacet
  facet normal -0.788364 -0.615209 0
    outer loop
      vertex -15.3586 -15.7745 8
      vertex -15.268 -15.8906 1
      vertex -15.268 -15.8906 8
    endloop
  endfacet
  facet normal -0.997308 -0.0733215 0
    outer loop
      vertex -14.6813 -17.5305 1
      vertex -14.6921 -17.3836 8
      vertex -14.6921 -17.3836 1
    endloop
  endfacet
  facet normal -0.997308 -0.0733215 0
    outer loop
      vertex -14.6921 -17.3836 8
      vertex -14.6813 -17.5305 1
      vertex -14.6813 -17.5305 8
    endloop
  endfacet
  facet normal -0.999701 -0.0244492 0
    outer loop
      vertex -14.6777 -17.6777 1
      vertex -14.6813 -17.5305 8
      vertex -14.6813 -17.5305 1
    endloop
  endfacet
  facet normal -0.999701 -0.0244492 0
    outer loop
      vertex -14.6813 -17.5305 8
      vertex -14.6777 -17.6777 1
      vertex -14.6777 -17.6777 8
    endloop
  endfacet
  facet normal -0.992496 -0.122279 0
    outer loop
      vertex -14.6921 -17.3836 1
      vertex -14.7101 -17.2375 8
      vertex -14.7101 -17.2375 1
    endloop
  endfacet
  facet normal -0.992496 -0.122279 0
    outer loop
      vertex -14.7101 -17.2375 8
      vertex -14.6921 -17.3836 1
      vertex -14.6921 -17.3836 8
    endloop
  endfacet
  facet normal -0.963896 -0.266277 0
    outer loop
      vertex -14.7676 -16.9487 1
      vertex -14.8068 -16.8068 8
      vertex -14.8068 -16.8068 1
    endloop
  endfacet
  facet normal -0.963896 -0.266277 0
    outer loop
      vertex -14.8068 -16.8068 8
      vertex -14.7676 -16.9487 1
      vertex -14.7676 -16.9487 8
    endloop
  endfacet
  facet normal -0.949495 -0.313782 0
    outer loop
      vertex -14.8068 -16.8068 1
      vertex -14.853 -16.667 8
      vertex -14.853 -16.667 1
    endloop
  endfacet
  facet normal -0.949495 -0.313782 0
    outer loop
      vertex -14.853 -16.667 8
      vertex -14.8068 -16.8068 1
      vertex -14.8068 -16.8068 8
    endloop
  endfacet
  facet normal -0.975657 -0.219302 0
    outer loop
      vertex -14.7353 -17.0924 1
      vertex -14.7676 -16.9487 8
      vertex -14.7676 -16.9487 1
    endloop
  endfacet
  facet normal -0.975657 -0.219302 0
    outer loop
      vertex -14.7676 -16.9487 8
      vertex -14.7353 -17.0924 1
      vertex -14.7353 -17.0924 8
    endloop
  endfacet
  facet normal -0.893201 -0.449657 0
    outer loop
      vertex -14.9657 -16.395 1
      vertex -15.0319 -16.2635 8
      vertex -15.0319 -16.2635 1
    endloop
  endfacet
  facet normal -0.893201 -0.449657 0
    outer loop
      vertex -15.0319 -16.2635 8
      vertex -14.9657 -16.395 1
      vertex -14.9657 -16.395 8
    endloop
  endfacet
  facet normal -0.914119 -0.405445 0
    outer loop
      vertex -14.906 -16.5296 1
      vertex -14.9657 -16.395 8
      vertex -14.9657 -16.395 1
    endloop
  endfacet
  facet normal -0.914119 -0.405445 0
    outer loop
      vertex -14.9657 -16.395 8
      vertex -14.906 -16.5296 1
      vertex -14.906 -16.5296 8
    endloop
  endfacet
  facet normal -0.869993 -0.493064 0
    outer loop
      vertex -15.0319 -16.2635 1
      vertex -15.1045 -16.1354 8
      vertex -15.1045 -16.1354 1
    endloop
  endfacet
  facet normal -0.869993 -0.493064 0
    outer loop
      vertex -15.1045 -16.1354 8
      vertex -15.0319 -16.2635 1
      vertex -15.0319 -16.2635 8
    endloop
  endfacet
  facet normal -0.817889 -0.575376 0
    outer loop
      vertex -15.1833 -16.011 1
      vertex -15.268 -15.8906 8
      vertex -15.268 -15.8906 1
    endloop
  endfacet
  facet normal -0.817889 -0.575376 0
    outer loop
      vertex -15.268 -15.8906 8
      vertex -15.1833 -16.011 1
      vertex -15.1833 -16.011 8
    endloop
  endfacet
  facet normal -0.757144 -0.653249 0
    outer loop
      vertex -15.3586 -15.7745 1
      vertex -15.4548 -15.663 8
      vertex -15.4548 -15.663 1
    endloop
  endfacet
  facet normal -0.757144 -0.653249 0
    outer loop
      vertex -15.4548 -15.663 8
      vertex -15.3586 -15.7745 1
      vertex -15.3586 -15.7745 8
    endloop
  endfacet
  facet normal -0.932995 0.359889 0
    outer loop
      vertex -14.906 -18.8257 1
      vertex -14.853 -18.6883 8
      vertex -14.853 -18.6883 1
    endloop
  endfacet
  facet normal -0.932995 0.359889 0
    outer loop
      vertex -14.853 -18.6883 8
      vertex -14.906 -18.8257 1
      vertex -14.906 -18.8257 8
    endloop
  endfacet
  facet normal -0.963896 0.266277 0
    outer loop
      vertex -14.8068 -18.5485 1
      vertex -14.7676 -18.4066 8
      vertex -14.7676 -18.4066 1
    endloop
  endfacet
  facet normal -0.963896 0.266277 0
    outer loop
      vertex -14.7676 -18.4066 8
      vertex -14.8068 -18.5485 1
      vertex -14.8068 -18.5485 8
    endloop
  endfacet
  facet normal -0.992506 0.122196 0
    outer loop
      vertex -14.7101 -18.1179 1
      vertex -14.6921 -17.9717 8
      vertex -14.6921 -17.9717 1
    endloop
  endfacet
  facet normal -0.992506 0.122196 0
    outer loop
      vertex -14.6921 -17.9717 8
      vertex -14.7101 -18.1179 1
      vertex -14.7101 -18.1179 8
    endloop
  endfacet
  facet normal -0.985232 0.171226 0
    outer loop
      vertex -14.7353 -18.2629 1
      vertex -14.7101 -18.1179 8
      vertex -14.7101 -18.1179 1
    endloop
  endfacet
  facet normal -0.985232 0.171226 0
    outer loop
      vertex -14.7101 -18.1179 8
      vertex -14.7353 -18.2629 1
      vertex -14.7353 -18.2629 8
    endloop
  endfacet
  facet normal -0.997305 0.0733712 0
    outer loop
      vertex -14.6921 -17.9717 1
      vertex -14.6813 -17.8249 8
      vertex -14.6813 -17.8249 1
    endloop
  endfacet
  facet normal -0.997305 0.0733712 0
    outer loop
      vertex -14.6813 -17.8249 8
      vertex -14.6921 -17.9717 1
      vertex -14.6921 -17.9717 8
    endloop
  endfacet
  facet normal -0.869993 0.493064 0
    outer loop
      vertex -15.1045 -19.22 1
      vertex -15.0319 -19.0919 8
      vertex -15.0319 -19.0919 1
    endloop
  endfacet
  facet normal -0.869993 0.493064 0
    outer loop
      vertex -15.0319 -19.0919 8
      vertex -15.1045 -19.22 1
      vertex -15.1045 -19.22 8
    endloop
  endfacet
  facet normal -0.844778 0.535117 0
    outer loop
      vertex -15.1833 -19.3444 1
      vertex -15.1045 -19.22 8
      vertex -15.1045 -19.22 1
    endloop
  endfacet
  facet normal -0.844778 0.535117 0
    outer loop
      vertex -15.1045 -19.22 8
      vertex -15.1833 -19.3444 1
      vertex -15.1833 -19.3444 8
    endloop
  endfacet
  facet normal -0.893338 0.449385 0
    outer loop
      vertex -15.0319 -19.0919 1
      vertex -14.9657 -18.9603 8
      vertex -14.9657 -18.9603 1
    endloop
  endfacet
  facet normal -0.893338 0.449385 0
    outer loop
      vertex -14.9657 -18.9603 8
      vertex -15.0319 -19.0919 1
      vertex -15.0319 -19.0919 8
    endloop
  endfacet
  facet normal -0.788107 0.615539 0
    outer loop
      vertex -15.3586 -19.5808 1
      vertex -15.268 -19.4648 8
      vertex -15.268 -19.4648 1
    endloop
  endfacet
  facet normal -0.788107 0.615539 0
    outer loop
      vertex -15.268 -19.4648 8
      vertex -15.3586 -19.5808 1
      vertex -15.3586 -19.5808 8
    endloop
  endfacet
  facet normal -0.817889 0.575376 0
    outer loop
      vertex -15.268 -19.4648 1
      vertex -15.1833 -19.3444 8
      vertex -15.1833 -19.3444 1
    endloop
  endfacet
  facet normal -0.817889 0.575376 0
    outer loop
      vertex -15.1833 -19.3444 8
      vertex -15.268 -19.4648 1
      vertex -15.268 -19.4648 8
    endloop
  endfacet
  facet normal -0.724542 0.689231 0
    outer loop
      vertex -15.5563 -19.799 1
      vertex -15.4548 -19.6923 8
      vertex -15.4548 -19.6923 1
    endloop
  endfacet
  facet normal -0.724542 0.689231 0
    outer loop
      vertex -15.4548 -19.6923 8
      vertex -15.5563 -19.799 1
      vertex -15.5563 -19.799 8
    endloop
  endfacet
  facet normal 0.757144 -0.653249 0
    outer loop
      vertex -19.9967 -15.7745 8
      vertex -19.9005 -15.663 1
      vertex -19.9005 -15.663 8
    endloop
  endfacet
  facet normal 0.757144 -0.653249 0
    outer loop
      vertex -19.9005 -15.663 1
      vertex -19.9967 -15.7745 8
      vertex -19.9967 -15.7745 1
    endloop
  endfacet
  facet normal 0.724542 -0.689231 0
    outer loop
      vertex -19.9005 -15.663 8
      vertex -19.799 -15.5563 1
      vertex -19.799 -15.5563 8
    endloop
  endfacet
  facet normal 0.724542 -0.689231 0
    outer loop
      vertex -19.799 -15.5563 1
      vertex -19.9005 -15.663 8
      vertex -19.9005 -15.663 1
    endloop
  endfacet
  facet normal 0.788364 -0.615209 0
    outer loop
      vertex -20.0873 -15.8906 8
      vertex -19.9967 -15.7745 1
      vertex -19.9967 -15.7745 8
    endloop
  endfacet
  facet normal 0.788364 -0.615209 0
    outer loop
      vertex -19.9967 -15.7745 1
      vertex -20.0873 -15.8906 8
      vertex -20.0873 -15.8906 1
    endloop
  endfacet
  facet normal 0.870284 -0.49255 0
    outer loop
      vertex -20.3234 -16.2635 8
      vertex -20.2509 -16.1354 1
      vertex -20.2509 -16.1354 8
    endloop
  endfacet
  facet normal 0.870284 -0.49255 0
    outer loop
      vertex -20.2509 -16.1354 1
      vertex -20.3234 -16.2635 8
      vertex -20.3234 -16.2635 1
    endloop
  endfacet
  facet normal 0.893201 -0.449657 0
    outer loop
      vertex -20.3896 -16.395 8
      vertex -20.3234 -16.2635 1
      vertex -20.3234 -16.2635 8
    endloop
  endfacet
  facet normal 0.893201 -0.449657 0
    outer loop
      vertex -20.3234 -16.2635 1
      vertex -20.3896 -16.395 8
      vertex -20.3896 -16.395 1
    endloop
  endfacet
  facet normal 0.844778 -0.535117 0
    outer loop
      vertex -20.2509 -16.1354 8
      vertex -20.1721 -16.011 1
      vertex -20.1721 -16.011 8
    endloop
  endfacet
  facet normal 0.844778 -0.535117 0
    outer loop
      vertex -20.1721 -16.011 1
      vertex -20.2509 -16.1354 8
      vertex -20.2509 -16.1354 1
    endloop
  endfacet
  facet normal 0.992496 -0.122279 0
    outer loop
      vertex -20.6632 -17.3836 8
      vertex -20.6452 -17.2375 1
      vertex -20.6452 -17.2375 8
    endloop
  endfacet
  facet normal 0.992496 -0.122279 0
    outer loop
      vertex -20.6452 -17.2375 1
      vertex -20.6632 -17.3836 8
      vertex -20.6632 -17.3836 1
    endloop
  endfacet
  facet normal 0.997258 -0.0739967 0
    outer loop
      vertex -20.6741 -17.5305 8
      vertex -20.6632 -17.3836 1
      vertex -20.6632 -17.3836 8
    endloop
  endfacet
  facet normal 0.997258 -0.0739967 0
    outer loop
      vertex -20.6632 -17.3836 1
      vertex -20.6741 -17.5305 8
      vertex -20.6741 -17.5305 1
    endloop
  endfacet
  facet normal 0.932995 -0.359889 0
    outer loop
      vertex -20.5023 -16.667 8
      vertex -20.4493 -16.5296 1
      vertex -20.4493 -16.5296 8
    endloop
  endfacet
  facet normal 0.932995 -0.359889 0
    outer loop
      vertex -20.4493 -16.5296 1
      vertex -20.5023 -16.667 8
      vertex -20.5023 -16.667 1
    endloop
  endfacet
  facet normal 0.985232 0.171226 0
    outer loop
      vertex -20.62 -18.2629 8
      vertex -20.6452 -18.1179 1
      vertex -20.6452 -18.1179 8
    endloop
  endfacet
  facet normal 0.985232 0.171226 0
    outer loop
      vertex -20.6452 -18.1179 1
      vertex -20.62 -18.2629 8
      vertex -20.62 -18.2629 1
    endloop
  endfacet
  facet normal 0.932995 0.359889 0
    outer loop
      vertex -20.4493 -18.8257 8
      vertex -20.5023 -18.6883 1
      vertex -20.5023 -18.6883 8
    endloop
  endfacet
  facet normal 0.932995 0.359889 0
    outer loop
      vertex -20.5023 -18.6883 1
      vertex -20.4493 -18.8257 8
      vertex -20.4493 -18.8257 1
    endloop
  endfacet
  facet normal 0.963722 0.266908 0
    outer loop
      vertex -20.5485 -18.5485 8
      vertex -20.5878 -18.4066 1
      vertex -20.5878 -18.4066 8
    endloop
  endfacet
  facet normal 0.963722 0.266908 0
    outer loop
      vertex -20.5878 -18.4066 1
      vertex -20.5485 -18.5485 8
      vertex -20.5485 -18.5485 1
    endloop
  endfacet
  facet normal 0.893338 0.449385 0
    outer loop
      vertex -20.3234 -19.0919 8
      vertex -20.3896 -18.9603 1
      vertex -20.3896 -18.9603 8
    endloop
  endfacet
  facet normal 0.893338 0.449385 0
    outer loop
      vertex -20.3896 -18.9603 1
      vertex -20.3234 -19.0919 8
      vertex -20.3234 -19.0919 1
    endloop
  endfacet
  facet normal 0.844778 0.535117 0
    outer loop
      vertex -20.1721 -19.3444 8
      vertex -20.2509 -19.22 1
      vertex -20.2509 -19.22 8
    endloop
  endfacet
  facet normal 0.844778 0.535117 0
    outer loop
      vertex -20.2509 -19.22 1
      vertex -20.1721 -19.3444 8
      vertex -20.1721 -19.3444 1
    endloop
  endfacet
  facet normal 0.615539 -0.788107 0
    outer loop
      vertex -19.5808 -15.3586 1
      vertex -19.4648 -15.268 8
      vertex -19.5808 -15.3586 8
    endloop
  endfacet
  facet normal 0.615539 -0.788107 0
    outer loop
      vertex -19.4648 -15.268 8
      vertex -19.5808 -15.3586 1
      vertex -19.4648 -15.268 1
    endloop
  endfacet
  facet normal 0.0733712 -0.997305 0
    outer loop
      vertex -17.9717 -14.6921 1
      vertex -17.8249 -14.6813 8
      vertex -17.9717 -14.6921 8
    endloop
  endfacet
  facet normal 0.0733712 -0.997305 0
    outer loop
      vertex -17.8249 -14.6813 8
      vertex -17.9717 -14.6921 1
      vertex -17.8249 -14.6813 1
    endloop
  endfacet
  facet normal 0.0244492 -0.999701 0
    outer loop
      vertex -17.8249 -14.6813 1
      vertex -17.6777 -14.6777 8
      vertex -17.8249 -14.6813 8
    endloop
  endfacet
  facet normal 0.0244492 -0.999701 0
    outer loop
      vertex -17.6777 -14.6777 8
      vertex -17.8249 -14.6813 1
      vertex -17.6777 -14.6777 1
    endloop
  endfacet
  facet normal 0.171226 -0.985232 0
    outer loop
      vertex -18.2629 -14.7353 1
      vertex -18.1179 -14.7101 8
      vertex -18.2629 -14.7353 8
    endloop
  endfacet
  facet normal 0.171226 -0.985232 0
    outer loop
      vertex -18.1179 -14.7101 8
      vertex -18.2629 -14.7353 1
      vertex -18.1179 -14.7101 1
    endloop
  endfacet
  facet normal 0.219302 -0.975657 0
    outer loop
      vertex -18.4066 -14.7676 1
      vertex -18.2629 -14.7353 8
      vertex -18.4066 -14.7676 8
    endloop
  endfacet
  facet normal 0.219302 -0.975657 0
    outer loop
      vertex -18.2629 -14.7353 8
      vertex -18.4066 -14.7676 1
      vertex -18.2629 -14.7353 1
    endloop
  endfacet
  facet normal 0.266277 -0.963896 0
    outer loop
      vertex -18.5485 -14.8068 1
      vertex -18.4066 -14.7676 8
      vertex -18.5485 -14.8068 8
    endloop
  endfacet
  facet normal 0.266277 -0.963896 0
    outer loop
      vertex -18.4066 -14.7676 8
      vertex -18.5485 -14.8068 1
      vertex -18.4066 -14.7676 1
    endloop
  endfacet
  facet normal 0.493064 -0.869993 0
    outer loop
      vertex -19.22 -15.1045 1
      vertex -19.0919 -15.0319 8
      vertex -19.22 -15.1045 8
    endloop
  endfacet
  facet normal 0.493064 -0.869993 0
    outer loop
      vertex -19.0919 -15.0319 8
      vertex -19.22 -15.1045 1
      vertex -19.0919 -15.0319 1
    endloop
  endfacet
  facet normal 0.575376 -0.817889 0
    outer loop
      vertex -19.4648 -15.268 1
      vertex -19.3444 -15.1833 8
      vertex -19.4648 -15.268 8
    endloop
  endfacet
  facet normal 0.575376 -0.817889 0
    outer loop
      vertex -19.3444 -15.1833 8
      vertex -19.4648 -15.268 1
      vertex -19.3444 -15.1833 1
    endloop
  endfacet
  facet normal 0.653249 -0.757144 0
    outer loop
      vertex -19.6923 -15.4548 1
      vertex -19.5808 -15.3586 8
      vertex -19.6923 -15.4548 8
    endloop
  endfacet
  facet normal 0.653249 -0.757144 0
    outer loop
      vertex -19.5808 -15.3586 8
      vertex -19.6923 -15.4548 1
      vertex -19.5808 -15.3586 1
    endloop
  endfacet
  facet normal -0.122279 -0.992496 0
    outer loop
      vertex -17.3836 -14.6921 1
      vertex -17.2375 -14.7101 8
      vertex -17.3836 -14.6921 8
    endloop
  endfacet
  facet normal -0.122279 -0.992496 -0
    outer loop
      vertex -17.2375 -14.7101 8
      vertex -17.3836 -14.6921 1
      vertex -17.2375 -14.7101 1
    endloop
  endfacet
  facet normal -0.359889 -0.932995 0
    outer loop
      vertex -16.667 -14.853 1
      vertex -16.5296 -14.906 8
      vertex -16.667 -14.853 8
    endloop
  endfacet
  facet normal -0.359889 -0.932995 -0
    outer loop
      vertex -16.5296 -14.906 8
      vertex -16.667 -14.853 1
      vertex -16.5296 -14.906 1
    endloop
  endfacet
  facet normal -0.219302 -0.975657 0
    outer loop
      vertex -17.0924 -14.7353 1
      vertex -16.9487 -14.7676 8
      vertex -17.0924 -14.7353 8
    endloop
  endfacet
  facet normal -0.219302 -0.975657 -0
    outer loop
      vertex -16.9487 -14.7676 8
      vertex -17.0924 -14.7353 1
      vertex -16.9487 -14.7676 1
    endloop
  endfacet
  facet normal -0.171112 -0.985252 0
    outer loop
      vertex -17.2375 -14.7101 1
      vertex -17.0924 -14.7353 8
      vertex -17.2375 -14.7101 8
    endloop
  endfacet
  facet normal -0.171112 -0.985252 -0
    outer loop
      vertex -17.0924 -14.7353 8
      vertex -17.2375 -14.7101 1
      vertex -17.0924 -14.7353 1
    endloop
  endfacet
  facet normal -0.0733215 -0.997308 0
    outer loop
      vertex -17.5305 -14.6813 1
      vertex -17.3836 -14.6921 8
      vertex -17.5305 -14.6813 8
    endloop
  endfacet
  facet normal -0.0733215 -0.997308 -0
    outer loop
      vertex -17.3836 -14.6921 8
      vertex -17.5305 -14.6813 1
      vertex -17.3836 -14.6921 1
    endloop
  endfacet
  facet normal -0.535117 -0.844778 0
    outer loop
      vertex -16.1354 -15.1045 1
      vertex -16.011 -15.1833 8
      vertex -16.1354 -15.1045 8
    endloop
  endfacet
  facet normal -0.535117 -0.844778 -0
    outer loop
      vertex -16.011 -15.1833 8
      vertex -16.1354 -15.1045 1
      vertex -16.011 -15.1833 1
    endloop
  endfacet
  facet normal -0.493064 -0.869993 0
    outer loop
      vertex -16.2635 -15.0319 1
      vertex -16.1354 -15.1045 8
      vertex -16.2635 -15.0319 8
    endloop
  endfacet
  facet normal -0.493064 -0.869993 -0
    outer loop
      vertex -16.1354 -15.1045 8
      vertex -16.2635 -15.0319 1
      vertex -16.1354 -15.1045 1
    endloop
  endfacet
  facet normal -0.449657 -0.893201 0
    outer loop
      vertex -16.395 -14.9657 1
      vertex -16.2635 -15.0319 8
      vertex -16.395 -14.9657 8
    endloop
  endfacet
  facet normal -0.449657 -0.893201 -0
    outer loop
      vertex -16.2635 -15.0319 8
      vertex -16.395 -14.9657 1
      vertex -16.2635 -15.0319 1
    endloop
  endfacet
  facet normal -0.575376 -0.817889 0
    outer loop
      vertex -16.011 -15.1833 1
      vertex -15.8906 -15.268 8
      vertex -16.011 -15.1833 8
    endloop
  endfacet
  facet normal -0.575376 -0.817889 -0
    outer loop
      vertex -15.8906 -15.268 8
      vertex -16.011 -15.1833 1
      vertex -15.8906 -15.268 1
    endloop
  endfacet
  facet normal -0.689231 -0.724542 0
    outer loop
      vertex -15.663 -15.4548 1
      vertex -15.5563 -15.5563 8
      vertex -15.663 -15.4548 8
    endloop
  endfacet
  facet normal -0.689231 -0.724542 -0
    outer loop
      vertex -15.5563 -15.5563 8
      vertex -15.663 -15.4548 1
      vertex -15.5563 -15.5563 1
    endloop
  endfacet
  facet normal 0.615539 0.788107 -0
    outer loop
      vertex -19.4648 -20.0873 1
      vertex -19.5808 -19.9967 8
      vertex -19.4648 -20.0873 8
    endloop
  endfacet
  facet normal 0.615539 0.788107 0
    outer loop
      vertex -19.5808 -19.9967 8
      vertex -19.4648 -20.0873 1
      vertex -19.5808 -19.9967 1
    endloop
  endfacet
  facet normal 0.535117 0.844778 -0
    outer loop
      vertex -19.22 -20.2509 1
      vertex -19.3444 -20.1721 8
      vertex -19.22 -20.2509 8
    endloop
  endfacet
  facet normal 0.535117 0.844778 0
    outer loop
      vertex -19.3444 -20.1721 8
      vertex -19.22 -20.2509 1
      vertex -19.3444 -20.1721 1
    endloop
  endfacet
  facet normal 0.359889 0.932995 -0
    outer loop
      vertex -18.6883 -20.5023 1
      vertex -18.8257 -20.4493 8
      vertex -18.6883 -20.5023 8
    endloop
  endfacet
  facet normal 0.359889 0.932995 0
    outer loop
      vertex -18.8257 -20.4493 8
      vertex -18.6883 -20.5023 1
      vertex -18.8257 -20.4493 1
    endloop
  endfacet
  facet normal 0.449385 0.893338 -0
    outer loop
      vertex -18.9603 -20.3896 1
      vertex -19.0919 -20.3234 8
      vertex -18.9603 -20.3896 8
    endloop
  endfacet
  facet normal 0.449385 0.893338 0
    outer loop
      vertex -19.0919 -20.3234 8
      vertex -18.9603 -20.3896 1
      vertex -19.0919 -20.3234 1
    endloop
  endfacet
  facet normal 0.0244492 0.999701 -0
    outer loop
      vertex -17.6777 -20.6777 1
      vertex -17.8249 -20.6741 8
      vertex -17.6777 -20.6777 8
    endloop
  endfacet
  facet normal 0.0244492 0.999701 0
    outer loop
      vertex -17.8249 -20.6741 8
      vertex -17.6777 -20.6777 1
      vertex -17.8249 -20.6741 1
    endloop
  endfacet
  facet normal 0.266908 0.963722 -0
    outer loop
      vertex -18.4066 -20.5878 1
      vertex -18.5485 -20.5485 8
      vertex -18.4066 -20.5878 8
    endloop
  endfacet
  facet normal 0.266908 0.963722 0
    outer loop
      vertex -18.5485 -20.5485 8
      vertex -18.4066 -20.5878 1
      vertex -18.5485 -20.5485 1
    endloop
  endfacet
  facet normal -0.449657 0.893201 0
    outer loop
      vertex -16.2635 -20.3234 1
      vertex -16.395 -20.3896 8
      vertex -16.2635 -20.3234 8
    endloop
  endfacet
  facet normal -0.449657 0.893201 0
    outer loop
      vertex -16.395 -20.3896 8
      vertex -16.2635 -20.3234 1
      vertex -16.395 -20.3896 1
    endloop
  endfacet
  facet normal -0.535117 0.844778 0
    outer loop
      vertex -16.011 -20.1721 1
      vertex -16.1354 -20.2509 8
      vertex -16.011 -20.1721 8
    endloop
  endfacet
  facet normal -0.535117 0.844778 0
    outer loop
      vertex -16.1354 -20.2509 8
      vertex -16.011 -20.1721 1
      vertex -16.1354 -20.2509 1
    endloop
  endfacet
  facet normal -0.689231 0.724542 0
    outer loop
      vertex -15.5563 -19.799 1
      vertex -15.663 -19.9005 8
      vertex -15.5563 -19.799 8
    endloop
  endfacet
  facet normal -0.689231 0.724542 0
    outer loop
      vertex -15.663 -19.9005 8
      vertex -15.5563 -19.799 1
      vertex -15.663 -19.9005 1
    endloop
  endfacet
  facet normal -0.0739967 0.997258 0
    outer loop
      vertex -17.3836 -20.6632 1
      vertex -17.5305 -20.6741 8
      vertex -17.3836 -20.6632 8
    endloop
  endfacet
  facet normal -0.0739967 0.997258 0
    outer loop
      vertex -17.5305 -20.6741 8
      vertex -17.3836 -20.6632 1
      vertex -17.5305 -20.6741 1
    endloop
  endfacet
  facet normal -0.949495 0.313782 0
    outer loop
      vertex -14.853 -18.6883 1
      vertex -14.8068 -18.5485 8
      vertex -14.8068 -18.5485 1
    endloop
  endfacet
  facet normal -0.949495 0.313782 0
    outer loop
      vertex -14.8068 -18.5485 8
      vertex -14.853 -18.6883 1
      vertex -14.853 -18.6883 8
    endloop
  endfacet
  facet normal -0.975657 0.219302 0
    outer loop
      vertex -14.7676 -18.4066 1
      vertex -14.7353 -18.2629 8
      vertex -14.7353 -18.2629 1
    endloop
  endfacet
  facet normal -0.975657 0.219302 0
    outer loop
      vertex -14.7353 -18.2629 8
      vertex -14.7676 -18.4066 1
      vertex -14.7676 -18.4066 8
    endloop
  endfacet
  facet normal -0.757144 0.653249 0
    outer loop
      vertex -15.4548 -19.6923 1
      vertex -15.3586 -19.5808 8
      vertex -15.3586 -19.5808 1
    endloop
  endfacet
  facet normal -0.757144 0.653249 0
    outer loop
      vertex -15.3586 -19.5808 8
      vertex -15.4548 -19.6923 1
      vertex -15.4548 -19.6923 8
    endloop
  endfacet
  facet normal 0.985252 -0.171112 0
    outer loop
      vertex -20.6452 -17.2375 8
      vertex -20.62 -17.0924 1
      vertex -20.62 -17.0924 8
    endloop
  endfacet
  facet normal 0.985252 -0.171112 0
    outer loop
      vertex -20.62 -17.0924 1
      vertex -20.6452 -17.2375 8
      vertex -20.6452 -17.2375 1
    endloop
  endfacet
  facet normal 0.963722 -0.266908 0
    outer loop
      vertex -20.5878 -16.9487 8
      vertex -20.5485 -16.8068 1
      vertex -20.5485 -16.8068 8
    endloop
  endfacet
  facet normal 0.963722 -0.266908 0
    outer loop
      vertex -20.5485 -16.8068 1
      vertex -20.5878 -16.9487 8
      vertex -20.5878 -16.9487 1
    endloop
  endfacet
  facet normal 0.999701 0.0244492 0
    outer loop
      vertex -20.6741 -17.8249 8
      vertex -20.6777 -17.6777 1
      vertex -20.6777 -17.6777 8
    endloop
  endfacet
  facet normal 0.999701 0.0244492 0
    outer loop
      vertex -20.6777 -17.6777 1
      vertex -20.6741 -17.8249 8
      vertex -20.6741 -17.8249 1
    endloop
  endfacet
  facet normal 0.992506 0.122196 0
    outer loop
      vertex -20.6452 -18.1179 8
      vertex -20.6632 -17.9717 1
      vertex -20.6632 -17.9717 8
    endloop
  endfacet
  facet normal 0.992506 0.122196 0
    outer loop
      vertex -20.6632 -17.9717 1
      vertex -20.6452 -18.1179 8
      vertex -20.6452 -18.1179 1
    endloop
  endfacet
  facet normal 0.975802 0.218656 0
    outer loop
      vertex -20.5878 -18.4066 8
      vertex -20.62 -18.2629 1
      vertex -20.62 -18.2629 8
    endloop
  endfacet
  facet normal 0.975802 0.218656 0
    outer loop
      vertex -20.62 -18.2629 1
      vertex -20.5878 -18.4066 8
      vertex -20.5878 -18.4066 1
    endloop
  endfacet
  facet normal 0.914119 0.405445 0
    outer loop
      vertex -20.3896 -18.9603 8
      vertex -20.4493 -18.8257 1
      vertex -20.4493 -18.8257 8
    endloop
  endfacet
  facet normal 0.914119 0.405445 0
    outer loop
      vertex -20.4493 -18.8257 1
      vertex -20.3896 -18.9603 8
      vertex -20.3896 -18.9603 1
    endloop
  endfacet
  facet normal 0.949495 0.313782 0
    outer loop
      vertex -20.5023 -18.6883 8
      vertex -20.5485 -18.5485 1
      vertex -20.5485 -18.5485 8
    endloop
  endfacet
  facet normal 0.949495 0.313782 0
    outer loop
      vertex -20.5485 -18.5485 1
      vertex -20.5023 -18.6883 8
      vertex -20.5023 -18.6883 1
    endloop
  endfacet
  facet normal 0.870284 0.49255 0
    outer loop
      vertex -20.2509 -19.22 8
      vertex -20.3234 -19.0919 1
      vertex -20.3234 -19.0919 8
    endloop
  endfacet
  facet normal 0.870284 0.49255 0
    outer loop
      vertex -20.3234 -19.0919 1
      vertex -20.2509 -19.22 8
      vertex -20.2509 -19.22 1
    endloop
  endfacet
  facet normal 0.81757 0.57583 0
    outer loop
      vertex -20.0873 -19.4648 8
      vertex -20.1721 -19.3444 1
      vertex -20.1721 -19.3444 8
    endloop
  endfacet
  facet normal 0.81757 0.57583 0
    outer loop
      vertex -20.1721 -19.3444 1
      vertex -20.0873 -19.4648 8
      vertex -20.0873 -19.4648 1
    endloop
  endfacet
  facet normal 0.757144 0.653249 0
    outer loop
      vertex -19.9005 -19.6923 8
      vertex -19.9967 -19.5808 1
      vertex -19.9967 -19.5808 8
    endloop
  endfacet
  facet normal 0.757144 0.653249 0
    outer loop
      vertex -19.9967 -19.5808 1
      vertex -19.9005 -19.6923 8
      vertex -19.9005 -19.6923 1
    endloop
  endfacet
  facet normal 0.788107 0.615539 0
    outer loop
      vertex -19.9967 -19.5808 8
      vertex -20.0873 -19.4648 1
      vertex -20.0873 -19.4648 8
    endloop
  endfacet
  facet normal 0.788107 0.615539 0
    outer loop
      vertex -20.0873 -19.4648 1
      vertex -19.9967 -19.5808 8
      vertex -19.9967 -19.5808 1
    endloop
  endfacet
  facet normal 0.724542 0.689231 0
    outer loop
      vertex -19.799 -19.799 8
      vertex -19.9005 -19.6923 1
      vertex -19.9005 -19.6923 8
    endloop
  endfacet
  facet normal 0.724542 0.689231 0
    outer loop
      vertex -19.9005 -19.6923 1
      vertex -19.799 -19.799 8
      vertex -19.799 -19.799 1
    endloop
  endfacet
  facet normal 0.313782 -0.949495 0
    outer loop
      vertex -18.6883 -14.853 1
      vertex -18.5485 -14.8068 8
      vertex -18.6883 -14.853 8
    endloop
  endfacet
  facet normal 0.313782 -0.949495 0
    outer loop
      vertex -18.5485 -14.8068 8
      vertex -18.6883 -14.853 1
      vertex -18.5485 -14.8068 1
    endloop
  endfacet
  facet normal 0.405445 -0.914119 0
    outer loop
      vertex -18.9603 -14.9657 1
      vertex -18.8257 -14.906 8
      vertex -18.9603 -14.9657 8
    endloop
  endfacet
  facet normal 0.405445 -0.914119 0
    outer loop
      vertex -18.8257 -14.906 8
      vertex -18.9603 -14.9657 1
      vertex -18.8257 -14.906 1
    endloop
  endfacet
  facet normal 0.997255 0.0740468 0
    outer loop
      vertex -20.6632 -17.9717 8
      vertex -20.6741 -17.8249 1
      vertex -20.6741 -17.8249 8
    endloop
  endfacet
  facet normal 0.997255 0.0740468 0
    outer loop
      vertex -20.6741 -17.8249 1
      vertex -20.6632 -17.9717 8
      vertex -20.6632 -17.9717 1
    endloop
  endfacet
  facet normal 0.985278 0.170961 0
    outer loop
      vertex 33.632 4.98884 8
      vertex 33.3467 6.63307 0
      vertex 33.3467 6.63307 8
    endloop
  endfacet
  facet normal 0.985278 0.170961 0
    outer loop
      vertex 33.3467 6.63307 0
      vertex 33.632 4.98884 8
      vertex 33.632 4.98884 0
    endloop
  endfacet
  facet normal 0.0245685 0.999698 -0
    outer loop
      vertex 1.6683 33.959 0
      vertex 0 34 8
      vertex 1.6683 33.959 8
    endloop
  endfacet
  facet normal 0.0245685 0.999698 0
    outer loop
      vertex 0 34 8
      vertex 1.6683 33.959 0
      vertex 0 34 0
    endloop
  endfacet
  facet normal 0.170961 -0.985278 0
    outer loop
      vertex 4.98884 -33.632 0
      vertex 6.63307 -33.3467 8
      vertex 4.98884 -33.632 8
    endloop
  endfacet
  facet normal 0.170961 -0.985278 0
    outer loop
      vertex 6.63307 -33.3467 8
      vertex 4.98884 -33.632 0
      vertex 6.63307 -33.3467 0
    endloop
  endfacet
  facet normal -0.757176 -0.653211 0
    outer loop
      vertex -25.1923 -22.833 0
      vertex -26.2824 -21.5694 8
      vertex -26.2824 -21.5694 0
    endloop
  endfacet
  facet normal -0.757176 -0.653211 0
    outer loop
      vertex -26.2824 -21.5694 8
      vertex -25.1923 -22.833 0
      vertex -25.1923 -22.833 8
    endloop
  endfacet
  facet normal -0.844856 0.534994 0
    outer loop
      vertex -29.1628 17.4795 0
      vertex -28.27 18.8894 8
      vertex -28.27 18.8894 0
    endloop
  endfacet
  facet normal -0.844856 0.534994 0
    outer loop
      vertex -28.27 18.8894 8
      vertex -29.1628 17.4795 0
      vertex -29.1628 17.4795 8
    endloop
  endfacet
  facet normal -0.788348 0.61523 0
    outer loop
      vertex -27.3091 20.2538 0
      vertex -26.2824 21.5694 8
      vertex -26.2824 21.5694 0
    endloop
  endfacet
  facet normal -0.788348 0.61523 0
    outer loop
      vertex -26.2824 21.5694 8
      vertex -27.3091 20.2538 0
      vertex -27.3091 20.2538 8
    endloop
  endfacet
  facet normal 0.870099 -0.492876 0
    outer loop
      vertex 29.1628 -17.4795 8
      vertex 29.9853 -16.0275 0
      vertex 29.9853 -16.0275 8
    endloop
  endfacet
  facet normal 0.870099 -0.492876 0
    outer loop
      vertex 29.9853 -16.0275 0
      vertex 29.1628 -17.4795 8
      vertex 29.1628 -17.4795 0
    endloop
  endfacet
  facet normal 0.266718 -0.963775 0
    outer loop
      vertex 8.26133 -32.9811 0
      vertex 9.86968 -32.536 8
      vertex 8.26133 -32.9811 8
    endloop
  endfacet
  facet normal 0.266718 -0.963775 0
    outer loop
      vertex 9.86968 -32.536 8
      vertex 8.26133 -32.9811 0
      vertex 9.86968 -32.536 0
    endloop
  endfacet
  facet normal 0.724242 -0.689546 0
    outer loop
      vertex 24.0416 -24.0416 8
      vertex 25.1923 -22.833 0
      vertex 25.1923 -22.833 8
    endloop
  endfacet
  facet normal 0.724242 -0.689546 0
    outer loop
      vertex 25.1923 -22.833 0
      vertex 24.0416 -24.0416 8
      vertex 24.0416 -24.0416 0
    endloop
  endfacet
  facet normal 0.999698 -0.0245685 0
    outer loop
      vertex 33.959 -1.6683 8
      vertex 34 0 0
      vertex 34 0 8
    endloop
  endfacet
  facet normal 0.999698 -0.0245685 0
    outer loop
      vertex 34 0 0
      vertex 33.959 -1.6683 8
      vertex 33.959 -1.6683 0
    endloop
  endfacet
  facet normal -0.359915 -0.932985 0
    outer loop
      vertex -13.0112 -31.4119 0
      vertex -11.4543 -32.0125 8
      vertex -13.0112 -31.4119 8
    endloop
  endfacet
  facet normal -0.359915 -0.932985 -0
    outer loop
      vertex -11.4543 -32.0125 8
      vertex -13.0112 -31.4119 0
      vertex -11.4543 -32.0125 0
    endloop
  endfacet
  facet normal -0.534994 -0.844856 0
    outer loop
      vertex -18.8894 -28.27 0
      vertex -17.4795 -29.1628 8
      vertex -18.8894 -28.27 8
    endloop
  endfacet
  facet normal -0.534994 -0.844856 -0
    outer loop
      vertex -17.4795 -29.1628 8
      vertex -18.8894 -28.27 0
      vertex -17.4795 -29.1628 0
    endloop
  endfacet
  facet normal -0.975707 -0.21908 0
    outer loop
      vertex -32.9811 -8.26133 0
      vertex -33.3467 -6.63307 8
      vertex -33.3467 -6.63307 0
    endloop
  endfacet
  facet normal -0.975707 -0.21908 0
    outer loop
      vertex -33.3467 -6.63307 8
      vertex -32.9811 -8.26133 0
      vertex -32.9811 -8.26133 8
    endloop
  endfacet
  facet normal 0.949526 0.313688 0
    outer loop
      vertex 32.536 9.86968 8
      vertex 32.0125 11.4543 0
      vertex 32.0125 11.4543 8
    endloop
  endfacet
  facet normal 0.949526 0.313688 0
    outer loop
      vertex 32.0125 11.4543 0
      vertex 32.536 9.86968 8
      vertex 32.536 9.86968 0
    endloop
  endfacet
  facet normal 0.844856 0.534994 0
    outer loop
      vertex 29.1628 17.4795 8
      vertex 28.27 18.8894 0
      vertex 28.27 18.8894 8
    endloop
  endfacet
  facet normal 0.844856 0.534994 0
    outer loop
      vertex 28.27 18.8894 0
      vertex 29.1628 17.4795 8
      vertex 29.1628 17.4795 0
    endloop
  endfacet
  facet normal 0.266718 0.963775 -0
    outer loop
      vertex 9.86968 32.536 0
      vertex 8.26133 32.9811 8
      vertex 9.86968 32.536 8
    endloop
  endfacet
  facet normal 0.266718 0.963775 0
    outer loop
      vertex 8.26133 32.9811 8
      vertex 9.86968 32.536 0
      vertex 8.26133 32.9811 0
    endloop
  endfacet
  facet normal 0.21908 0.975707 -0
    outer loop
      vertex 8.26133 32.9811 0
      vertex 6.63307 33.3467 8
      vertex 8.26133 32.9811 8
    endloop
  endfacet
  facet normal 0.21908 0.975707 0
    outer loop
      vertex 6.63307 33.3467 8
      vertex 8.26133 32.9811 0
      vertex 6.63307 33.3467 0
    endloop
  endfacet
  facet normal 0.575801 0.81759 -0
    outer loop
      vertex 20.2538 27.3091 0
      vertex 18.8894 28.27 8
      vertex 20.2538 27.3091 8
    endloop
  endfacet
  facet normal 0.575801 0.81759 0
    outer loop
      vertex 18.8894 28.27 8
      vertex 20.2538 27.3091 0
      vertex 18.8894 28.27 0
    endloop
  endfacet
  facet normal -0.949526 0.313688 0
    outer loop
      vertex -32.536 9.86968 0
      vertex -32.0125 11.4543 8
      vertex -32.0125 11.4543 0
    endloop
  endfacet
  facet normal -0.949526 0.313688 0
    outer loop
      vertex -32.0125 11.4543 8
      vertex -32.536 9.86968 0
      vertex -32.536 9.86968 8
    endloop
  endfacet
  facet normal -0.870099 0.492876 0
    outer loop
      vertex -29.9853 16.0275 0
      vertex -29.1628 17.4795 8
      vertex -29.1628 17.4795 0
    endloop
  endfacet
  facet normal -0.870099 0.492876 0
    outer loop
      vertex -29.1628 17.4795 8
      vertex -29.9853 16.0275 0
      vertex -29.9853 16.0275 8
    endloop
  endfacet
  facet normal -0.963775 0.266718 0
    outer loop
      vertex -32.9811 8.26133 0
      vertex -32.536 9.86968 8
      vertex -32.536 9.86968 0
    endloop
  endfacet
  facet normal -0.963775 0.266718 0
    outer loop
      vertex -32.536 9.86968 8
      vertex -32.9811 8.26133 0
      vertex -32.9811 8.26133 8
    endloop
  endfacet
  facet normal -0.449609 0.893226 0
    outer loop
      vertex -14.5369 30.7356 0
      vertex -16.0275 29.9853 8
      vertex -14.5369 30.7356 8
    endloop
  endfacet
  facet normal -0.449609 0.893226 0
    outer loop
      vertex -16.0275 29.9853 8
      vertex -14.5369 30.7356 0
      vertex -16.0275 29.9853 0
    endloop
  endfacet
  facet normal -0.492876 0.870099 0
    outer loop
      vertex -16.0275 29.9853 0
      vertex -17.4795 29.1628 8
      vertex -16.0275 29.9853 8
    endloop
  endfacet
  facet normal -0.492876 0.870099 0
    outer loop
      vertex -17.4795 29.1628 8
      vertex -16.0275 29.9853 0
      vertex -17.4795 29.1628 0
    endloop
  endfacet
  facet normal -0.122422 0.992478 0
    outer loop
      vertex -3.33258 33.8363 0
      vertex -4.98884 33.632 8
      vertex -3.33258 33.8363 8
    endloop
  endfacet
  facet normal -0.122422 0.992478 0
    outer loop
      vertex -4.98884 33.632 8
      vertex -3.33258 33.8363 0
      vertex -4.98884 33.632 0
    endloop
  endfacet
  facet normal 0.534994 -0.844856 0
    outer loop
      vertex 17.4795 -29.1628 0
      vertex 18.8894 -28.27 8
      vertex 17.4795 -29.1628 8
    endloop
  endfacet
  facet normal 0.534994 -0.844856 0
    outer loop
      vertex 18.8894 -28.27 8
      vertex 17.4795 -29.1628 0
      vertex 18.8894 -28.27 0
    endloop
  endfacet
  facet normal -0.449609 -0.893226 0
    outer loop
      vertex -16.0275 -29.9853 0
      vertex -14.5369 -30.7356 8
      vertex -16.0275 -29.9853 8
    endloop
  endfacet
  facet normal -0.449609 -0.893226 -0
    outer loop
      vertex -14.5369 -30.7356 8
      vertex -16.0275 -29.9853 0
      vertex -14.5369 -30.7356 0
    endloop
  endfacet
  facet normal -0.073526 -0.997293 0
    outer loop
      vertex -3.33258 -33.8363 0
      vertex -1.6683 -33.959 8
      vertex -3.33258 -33.8363 8
    endloop
  endfacet
  facet normal -0.073526 -0.997293 -0
    outer loop
      vertex -1.6683 -33.959 8
      vertex -3.33258 -33.8363 0
      vertex -1.6683 -33.959 0
    endloop
  endfacet
  facet normal 0.992478 0.122422 0
    outer loop
      vertex 33.8363 3.33258 8
      vertex 33.632 4.98884 0
      vertex 33.632 4.98884 8
    endloop
  endfacet
  facet normal 0.992478 0.122422 0
    outer loop
      vertex 33.632 4.98884 0
      vertex 33.8363 3.33258 8
      vertex 33.8363 3.33258 0
    endloop
  endfacet
  facet normal 0.914209 0.405243 0
    outer loop
      vertex 31.4119 13.0112 8
      vertex 30.7356 14.5369 0
      vertex 30.7356 14.5369 8
    endloop
  endfacet
  facet normal 0.914209 0.405243 0
    outer loop
      vertex 30.7356 14.5369 0
      vertex 31.4119 13.0112 8
      vertex 31.4119 13.0112 0
    endloop
  endfacet
  facet normal 0.689546 0.724242 1.11262e-05
    outer loop
      vertex 24.0416 24.0416 8
      vertex 23.8995 24.177 1
      vertex 22.833 25.1923 8
    endloop
  endfacet
  facet normal 0.689833 0.723968 -0
    outer loop
      vertex 24.0416 24.0416 0
      vertex 23.8995 24.177 1
      vertex 24.0416 24.0416 8
    endloop
  endfacet
  facet normal 0.689833 0.723968 0
    outer loop
      vertex 23.8995 24.177 1
      vertex 24.0416 24.0416 0
      vertex 23.8995 24.177 0
    endloop
  endfacet
  facet normal 0.689508 0.724278 0
    outer loop
      vertex 22.833 25.1923 8
      vertex 23.8995 24.177 1
      vertex 22.833 25.1923 1
    endloop
  endfacet
  facet normal 0.788348 0.61523 0
    outer loop
      vertex 27.3091 20.2538 8
      vertex 26.2824 21.5694 0
      vertex 26.2824 21.5694 8
    endloop
  endfacet
  facet normal 0.788348 0.61523 0
    outer loop
      vertex 26.2824 21.5694 0
      vertex 27.3091 20.2538 8
      vertex 27.3091 20.2538 0
    endloop
  endfacet
  facet normal 0.757176 0.653211 0
    outer loop
      vertex 26.2824 21.5694 8
      vertex 25.1923 22.833 0
      vertex 25.1923 22.833 8
    endloop
  endfacet
  facet normal 0.757176 0.653211 0
    outer loop
      vertex 25.1923 22.833 0
      vertex 26.2824 21.5694 8
      vertex 26.2824 21.5694 0
    endloop
  endfacet
  facet normal 0.893226 0.449609 0
    outer loop
      vertex 30.7356 14.5369 8
      vertex 29.9853 16.0275 0
      vertex 29.9853 16.0275 8
    endloop
  endfacet
  facet normal 0.893226 0.449609 0
    outer loop
      vertex 29.9853 16.0275 0
      vertex 30.7356 14.5369 8
      vertex 30.7356 14.5369 0
    endloop
  endfacet
  facet normal 0.870099 0.492876 0
    outer loop
      vertex 29.9853 16.0275 8
      vertex 29.1628 17.4795 0
      vertex 29.1628 17.4795 8
    endloop
  endfacet
  facet normal 0.870099 0.492876 0
    outer loop
      vertex 29.1628 17.4795 0
      vertex 29.9853 16.0275 8
      vertex 29.9853 16.0275 0
    endloop
  endfacet
  facet normal 0.81759 0.575801 0
    outer loop
      vertex 28.27 18.8894 8
      vertex 27.3091 20.2538 0
      vertex 27.3091 20.2538 8
    endloop
  endfacet
  facet normal 0.81759 0.575801 0
    outer loop
      vertex 27.3091 20.2538 0
      vertex 28.27 18.8894 8
      vertex 28.27 18.8894 0
    endloop
  endfacet
  facet normal 0.313688 0.949526 -0
    outer loop
      vertex 11.4543 32.0125 0
      vertex 9.86968 32.536 8
      vertex 11.4543 32.0125 8
    endloop
  endfacet
  facet normal 0.313688 0.949526 0
    outer loop
      vertex 9.86968 32.536 8
      vertex 11.4543 32.0125 0
      vertex 9.86968 32.536 0
    endloop
  endfacet
  facet normal 0.122422 0.992478 -0
    outer loop
      vertex 4.98884 33.632 0
      vertex 3.33258 33.8363 8
      vertex 4.98884 33.632 8
    endloop
  endfacet
  facet normal 0.122422 0.992478 0
    outer loop
      vertex 3.33258 33.8363 8
      vertex 4.98884 33.632 0
      vertex 3.33258 33.8363 0
    endloop
  endfacet
  facet normal 0.170961 0.985278 -0
    outer loop
      vertex 6.63307 33.3467 0
      vertex 4.98884 33.632 8
      vertex 6.63307 33.3467 8
    endloop
  endfacet
  facet normal 0.170961 0.985278 0
    outer loop
      vertex 4.98884 33.632 8
      vertex 6.63307 33.3467 0
      vertex 4.98884 33.632 0
    endloop
  endfacet
  facet normal 0.073526 0.997293 -0
    outer loop
      vertex 3.33258 33.8363 0
      vertex 1.6683 33.959 8
      vertex 3.33258 33.8363 8
    endloop
  endfacet
  facet normal 0.073526 0.997293 0
    outer loop
      vertex 1.6683 33.959 8
      vertex 3.33258 33.8363 0
      vertex 1.6683 33.959 0
    endloop
  endfacet
  facet normal 0.359915 0.932985 -0
    outer loop
      vertex 13.0112 31.4119 0
      vertex 11.4543 32.0125 8
      vertex 13.0112 31.4119 8
    endloop
  endfacet
  facet normal 0.359915 0.932985 0
    outer loop
      vertex 11.4543 32.0125 8
      vertex 13.0112 31.4119 0
      vertex 11.4543 32.0125 0
    endloop
  endfacet
  facet normal 0.492876 0.870099 -0
    outer loop
      vertex 17.4795 29.1628 0
      vertex 16.0275 29.9853 8
      vertex 17.4795 29.1628 8
    endloop
  endfacet
  facet normal 0.492876 0.870099 0
    outer loop
      vertex 16.0275 29.9853 8
      vertex 17.4795 29.1628 0
      vertex 16.0275 29.9853 0
    endloop
  endfacet
  facet normal 0.405243 0.914209 -0
    outer loop
      vertex 14.5369 30.7356 0
      vertex 13.0112 31.4119 8
      vertex 14.5369 30.7356 8
    endloop
  endfacet
  facet normal 0.405243 0.914209 0
    outer loop
      vertex 13.0112 31.4119 8
      vertex 14.5369 30.7356 0
      vertex 13.0112 31.4119 0
    endloop
  endfacet
  facet normal 0.449609 0.893226 -0
    outer loop
      vertex 16.0275 29.9853 0
      vertex 14.5369 30.7356 8
      vertex 16.0275 29.9853 8
    endloop
  endfacet
  facet normal 0.449609 0.893226 0
    outer loop
      vertex 14.5369 30.7356 8
      vertex 16.0275 29.9853 0
      vertex 14.5369 30.7356 0
    endloop
  endfacet
  facet normal 0.653192 0.757193 0
    outer loop
      vertex 22.0132 25.8995 1
      vertex 22.833 25.1923 8
      vertex 22.833 25.1923 1
    endloop
  endfacet
  facet normal 0.653211 0.757176 -3.94288e-06
    outer loop
      vertex 22.833 25.1923 8
      vertex 22.0132 25.8995 1
      vertex 21.5694 26.2824 8
    endloop
  endfacet
  facet normal 0.653247 0.757145 0
    outer loop
      vertex 21.5694 26.2824 0
      vertex 22.0132 25.8995 1
      vertex 22.0132 25.8995 0
    endloop
  endfacet
  facet normal 0.653247 0.757145 0
    outer loop
      vertex 22.0132 25.8995 1
      vertex 21.5694 26.2824 0
      vertex 21.5694 26.2824 8
    endloop
  endfacet
  facet normal 0.61523 0.788348 -0
    outer loop
      vertex 21.5694 26.2824 0
      vertex 20.2538 27.3091 8
      vertex 21.5694 26.2824 8
    endloop
  endfacet
  facet normal 0.61523 0.788348 0
    outer loop
      vertex 20.2538 27.3091 8
      vertex 21.5694 26.2824 0
      vertex 20.2538 27.3091 0
    endloop
  endfacet
  facet normal 0.534994 0.844856 -0
    outer loop
      vertex 18.8894 28.27 0
      vertex 17.4795 29.1628 8
      vertex 18.8894 28.27 8
    endloop
  endfacet
  facet normal 0.534994 0.844856 0
    outer loop
      vertex 17.4795 29.1628 8
      vertex 18.8894 28.27 0
      vertex 17.4795 29.1628 0
    endloop
  endfacet
  facet normal -0.999698 0.0245685 0
    outer loop
      vertex -34 0 0
      vertex -33.959 1.6683 8
      vertex -33.959 1.6683 0
    endloop
  endfacet
  facet normal -0.999698 0.0245685 0
    outer loop
      vertex -33.959 1.6683 8
      vertex -34 0 0
      vertex -34 0 8
    endloop
  endfacet
  facet normal -0.757176 0.653211 0
    outer loop
      vertex -26.2824 21.5694 0
      vertex -25.1923 22.833 8
      vertex -25.1923 22.833 0
    endloop
  endfacet
  facet normal -0.757176 0.653211 0
    outer loop
      vertex -25.1923 22.833 8
      vertex -26.2824 21.5694 0
      vertex -26.2824 21.5694 8
    endloop
  endfacet
  facet normal -0.914209 0.405243 0
    outer loop
      vertex -31.4119 13.0112 0
      vertex -30.7356 14.5369 8
      vertex -30.7356 14.5369 0
    endloop
  endfacet
  facet normal -0.914209 0.405243 0
    outer loop
      vertex -30.7356 14.5369 8
      vertex -31.4119 13.0112 0
      vertex -31.4119 13.0112 8
    endloop
  endfacet
  facet normal -0.985278 0.170961 0
    outer loop
      vertex -33.632 4.98884 0
      vertex -33.3467 6.63307 8
      vertex -33.3467 6.63307 0
    endloop
  endfacet
  facet normal -0.985278 0.170961 0
    outer loop
      vertex -33.3467 6.63307 8
      vertex -33.632 4.98884 0
      vertex -33.632 4.98884 8
    endloop
  endfacet
  facet normal -0.975707 0.21908 0
    outer loop
      vertex -33.3467 6.63307 0
      vertex -32.9811 8.26133 8
      vertex -32.9811 8.26133 0
    endloop
  endfacet
  facet normal -0.975707 0.21908 0
    outer loop
      vertex -32.9811 8.26133 8
      vertex -33.3467 6.63307 0
      vertex -33.3467 6.63307 8
    endloop
  endfacet
  facet normal -0.992478 0.122422 0
    outer loop
      vertex -33.8363 3.33258 0
      vertex -33.632 4.98884 8
      vertex -33.632 4.98884 0
    endloop
  endfacet
  facet normal -0.992478 0.122422 0
    outer loop
      vertex -33.632 4.98884 8
      vertex -33.8363 3.33258 0
      vertex -33.8363 3.33258 8
    endloop
  endfacet
  facet normal -0.689508 0.724278 0
    outer loop
      vertex -23.8995 24.177 1
      vertex -22.833 25.1923 8
      vertex -22.833 25.1923 1
    endloop
  endfacet
  facet normal -0.689546 0.724242 1.11262e-05
    outer loop
      vertex -22.833 25.1923 8
      vertex -23.8995 24.177 1
      vertex -24.0416 24.0416 8
    endloop
  endfacet
  facet normal -0.689833 0.723968 0
    outer loop
      vertex -24.0416 24.0416 0
      vertex -23.8995 24.177 1
      vertex -23.8995 24.177 0
    endloop
  endfacet
  facet normal -0.689833 0.723968 0
    outer loop
      vertex -23.8995 24.177 1
      vertex -24.0416 24.0416 0
      vertex -24.0416 24.0416 8
    endloop
  endfacet
  facet normal -0.575801 0.81759 0
    outer loop
      vertex -18.8894 28.27 0
      vertex -20.2538 27.3091 8
      vertex -18.8894 28.27 8
    endloop
  endfacet
  facet normal -0.575801 0.81759 0
    outer loop
      vertex -20.2538 27.3091 8
      vertex -18.8894 28.27 0
      vertex -20.2538 27.3091 0
    endloop
  endfacet
  facet normal -0.534994 0.844856 0
    outer loop
      vertex -17.4795 29.1628 0
      vertex -18.8894 28.27 8
      vertex -17.4795 29.1628 8
    endloop
  endfacet
  facet normal -0.534994 0.844856 0
    outer loop
      vertex -18.8894 28.27 8
      vertex -17.4795 29.1628 0
      vertex -18.8894 28.27 0
    endloop
  endfacet
  facet normal -0.61523 0.788348 0
    outer loop
      vertex -20.2538 27.3091 0
      vertex -21.5694 26.2824 8
      vertex -20.2538 27.3091 8
    endloop
  endfacet
  facet normal -0.61523 0.788348 0
    outer loop
      vertex -21.5694 26.2824 8
      vertex -20.2538 27.3091 0
      vertex -21.5694 26.2824 0
    endloop
  endfacet
  facet normal -0.359915 0.932985 0
    outer loop
      vertex -11.4543 32.0125 0
      vertex -13.0112 31.4119 8
      vertex -11.4543 32.0125 8
    endloop
  endfacet
  facet normal -0.359915 0.932985 0
    outer loop
      vertex -13.0112 31.4119 8
      vertex -11.4543 32.0125 0
      vertex -13.0112 31.4119 0
    endloop
  endfacet
  facet normal -0.21908 0.975707 0
    outer loop
      vertex -6.63307 33.3467 0
      vertex -8.26133 32.9811 8
      vertex -6.63307 33.3467 8
    endloop
  endfacet
  facet normal -0.21908 0.975707 0
    outer loop
      vertex -8.26133 32.9811 8
      vertex -6.63307 33.3467 0
      vertex -8.26133 32.9811 0
    endloop
  endfacet
  facet normal -0.266718 0.963775 0
    outer loop
      vertex -8.26133 32.9811 0
      vertex -9.86968 32.536 8
      vertex -8.26133 32.9811 8
    endloop
  endfacet
  facet normal -0.266718 0.963775 0
    outer loop
      vertex -9.86968 32.536 8
      vertex -8.26133 32.9811 0
      vertex -9.86968 32.536 0
    endloop
  endfacet
  facet normal -0.0245685 0.999698 0
    outer loop
      vertex 0 34 0
      vertex -1.6683 33.959 8
      vertex 0 34 8
    endloop
  endfacet
  facet normal -0.0245685 0.999698 0
    outer loop
      vertex -1.6683 33.959 8
      vertex 0 34 0
      vertex -1.6683 33.959 0
    endloop
  endfacet
  facet normal -0.073526 0.997293 0
    outer loop
      vertex -1.6683 33.959 0
      vertex -3.33258 33.8363 8
      vertex -1.6683 33.959 8
    endloop
  endfacet
  facet normal -0.073526 0.997293 0
    outer loop
      vertex -3.33258 33.8363 8
      vertex -1.6683 33.959 0
      vertex -3.33258 33.8363 0
    endloop
  endfacet
  facet normal -0.170961 0.985278 0
    outer loop
      vertex -4.98884 33.632 0
      vertex -6.63307 33.3467 8
      vertex -4.98884 33.632 8
    endloop
  endfacet
  facet normal -0.170961 0.985278 0
    outer loop
      vertex -6.63307 33.3467 8
      vertex -4.98884 33.632 0
      vertex -6.63307 33.3467 0
    endloop
  endfacet
  facet normal 0.999698 0.0245685 0
    outer loop
      vertex 34 0 8
      vertex 33.959 1.6683 0
      vertex 33.959 1.6683 8
    endloop
  endfacet
  facet normal 0.999698 0.0245685 0
    outer loop
      vertex 33.959 1.6683 0
      vertex 34 0 8
      vertex 34 0 0
    endloop
  endfacet
  facet normal 0.0245685 -0.999698 0
    outer loop
      vertex 0 -34 0
      vertex 1.6683 -33.959 8
      vertex 0 -34 8
    endloop
  endfacet
  facet normal 0.0245685 -0.999698 0
    outer loop
      vertex 1.6683 -33.959 8
      vertex 0 -34 0
      vertex 1.6683 -33.959 0
    endloop
  endfacet
  facet normal 0.359915 -0.932985 0
    outer loop
      vertex 11.4543 -32.0125 0
      vertex 13.0112 -31.4119 8
      vertex 11.4543 -32.0125 8
    endloop
  endfacet
  facet normal 0.359915 -0.932985 0
    outer loop
      vertex 13.0112 -31.4119 8
      vertex 11.4543 -32.0125 0
      vertex 13.0112 -31.4119 0
    endloop
  endfacet
  facet normal 0.405243 -0.914209 0
    outer loop
      vertex 13.0112 -31.4119 0
      vertex 14.5369 -30.7356 8
      vertex 13.0112 -31.4119 8
    endloop
  endfacet
  facet normal 0.405243 -0.914209 0
    outer loop
      vertex 14.5369 -30.7356 8
      vertex 13.0112 -31.4119 0
      vertex 14.5369 -30.7356 0
    endloop
  endfacet
  facet normal 0.313688 -0.949526 0
    outer loop
      vertex 9.86968 -32.536 0
      vertex 11.4543 -32.0125 8
      vertex 9.86968 -32.536 8
    endloop
  endfacet
  facet normal 0.313688 -0.949526 0
    outer loop
      vertex 11.4543 -32.0125 8
      vertex 9.86968 -32.536 0
      vertex 11.4543 -32.0125 0
    endloop
  endfacet
  facet normal 0.61523 -0.788348 0
    outer loop
      vertex 20.2538 -27.3091 0
      vertex 21.5694 -26.2824 8
      vertex 20.2538 -27.3091 8
    endloop
  endfacet
  facet normal 0.61523 -0.788348 0
    outer loop
      vertex 21.5694 -26.2824 8
      vertex 20.2538 -27.3091 0
      vertex 21.5694 -26.2824 0
    endloop
  endfacet
  facet normal 0.689508 -0.724278 0
    outer loop
      vertex 23.8995 -24.177 1
      vertex 22.833 -25.1923 8
      vertex 22.833 -25.1923 1
    endloop
  endfacet
  facet normal 0.689546 -0.724242 1.11262e-05
    outer loop
      vertex 22.833 -25.1923 8
      vertex 23.8995 -24.177 1
      vertex 24.0416 -24.0416 8
    endloop
  endfacet
  facet normal 0.689833 -0.723968 0
    outer loop
      vertex 24.0416 -24.0416 0
      vertex 23.8995 -24.177 1
      vertex 23.8995 -24.177 0
    endloop
  endfacet
  facet normal 0.689833 -0.723968 0
    outer loop
      vertex 23.8995 -24.177 1
      vertex 24.0416 -24.0416 0
      vertex 24.0416 -24.0416 8
    endloop
  endfacet
  facet normal 0.653211 -0.757176 -3.94288e-06
    outer loop
      vertex 21.5694 -26.2824 8
      vertex 22.0132 -25.8995 1
      vertex 22.833 -25.1923 8
    endloop
  endfacet
  facet normal 0.653247 -0.757145 0
    outer loop
      vertex 21.5694 -26.2824 0
      vertex 22.0132 -25.8995 1
      vertex 21.5694 -26.2824 8
    endloop
  endfacet
  facet normal 0.653247 -0.757145 0
    outer loop
      vertex 22.0132 -25.8995 1
      vertex 21.5694 -26.2824 0
      vertex 22.0132 -25.8995 0
    endloop
  endfacet
  facet normal 0.653192 -0.757193 0
    outer loop
      vertex 22.833 -25.1923 8
      vertex 22.0132 -25.8995 1
      vertex 22.833 -25.1923 1
    endloop
  endfacet
  facet normal 0.449609 -0.893226 0
    outer loop
      vertex 14.5369 -30.7356 0
      vertex 16.0275 -29.9853 8
      vertex 14.5369 -30.7356 8
    endloop
  endfacet
  facet normal 0.449609 -0.893226 0
    outer loop
      vertex 16.0275 -29.9853 8
      vertex 14.5369 -30.7356 0
      vertex 16.0275 -29.9853 0
    endloop
  endfacet
  facet normal 0.757176 -0.653211 0
    outer loop
      vertex 25.1923 -22.833 8
      vertex 26.2824 -21.5694 0
      vertex 26.2824 -21.5694 8
    endloop
  endfacet
  facet normal 0.757176 -0.653211 0
    outer loop
      vertex 26.2824 -21.5694 0
      vertex 25.1923 -22.833 8
      vertex 25.1923 -22.833 0
    endloop
  endfacet
  facet normal 0.81759 -0.575801 0
    outer loop
      vertex 27.3091 -20.2538 8
      vertex 28.27 -18.8894 0
      vertex 28.27 -18.8894 8
    endloop
  endfacet
  facet normal 0.81759 -0.575801 0
    outer loop
      vertex 28.27 -18.8894 0
      vertex 27.3091 -20.2538 8
      vertex 27.3091 -20.2538 0
    endloop
  endfacet
  facet normal 0.914209 -0.405243 0
    outer loop
      vertex 30.7356 -14.5369 8
      vertex 31.4119 -13.0112 0
      vertex 31.4119 -13.0112 8
    endloop
  endfacet
  facet normal 0.914209 -0.405243 0
    outer loop
      vertex 31.4119 -13.0112 0
      vertex 30.7356 -14.5369 8
      vertex 30.7356 -14.5369 0
    endloop
  endfacet
  facet normal 0.949526 -0.313688 0
    outer loop
      vertex 32.0125 -11.4543 8
      vertex 32.536 -9.86968 0
      vertex 32.536 -9.86968 8
    endloop
  endfacet
  facet normal 0.949526 -0.313688 0
    outer loop
      vertex 32.536 -9.86968 0
      vertex 32.0125 -11.4543 8
      vertex 32.0125 -11.4543 0
    endloop
  endfacet
  facet normal 0.975707 -0.21908 0
    outer loop
      vertex 32.9811 -8.26133 8
      vertex 33.3467 -6.63307 0
      vertex 33.3467 -6.63307 8
    endloop
  endfacet
  facet normal 0.975707 -0.21908 0
    outer loop
      vertex 33.3467 -6.63307 0
      vertex 32.9811 -8.26133 8
      vertex 32.9811 -8.26133 0
    endloop
  endfacet
  facet normal 0.992478 -0.122422 0
    outer loop
      vertex 33.632 -4.98884 8
      vertex 33.8363 -3.33258 0
      vertex 33.8363 -3.33258 8
    endloop
  endfacet
  facet normal 0.992478 -0.122422 0
    outer loop
      vertex 33.8363 -3.33258 0
      vertex 33.632 -4.98884 8
      vertex 33.632 -4.98884 0
    endloop
  endfacet
  facet normal -0.689546 -0.724242 1.11262e-05
    outer loop
      vertex -24.0416 -24.0416 8
      vertex -23.8995 -24.177 1
      vertex -22.833 -25.1923 8
    endloop
  endfacet
  facet normal -0.689833 -0.723968 0
    outer loop
      vertex -24.0416 -24.0416 0
      vertex -23.8995 -24.177 1
      vertex -24.0416 -24.0416 8
    endloop
  endfacet
  facet normal -0.689833 -0.723968 -0
    outer loop
      vertex -23.8995 -24.177 1
      vertex -24.0416 -24.0416 0
      vertex -23.8995 -24.177 0
    endloop
  endfacet
  facet normal -0.689508 -0.724278 -0
    outer loop
      vertex -22.833 -25.1923 8
      vertex -23.8995 -24.177 1
      vertex -22.833 -25.1923 1
    endloop
  endfacet
  facet normal -0.405243 -0.914209 0
    outer loop
      vertex -14.5369 -30.7356 0
      vertex -13.0112 -31.4119 8
      vertex -14.5369 -30.7356 8
    endloop
  endfacet
  facet normal -0.405243 -0.914209 -0
    outer loop
      vertex -13.0112 -31.4119 8
      vertex -14.5369 -30.7356 0
      vertex -13.0112 -31.4119 0
    endloop
  endfacet
  facet normal -0.266718 -0.963775 0
    outer loop
      vertex -9.86968 -32.536 0
      vertex -8.26133 -32.9811 8
      vertex -9.86968 -32.536 8
    endloop
  endfacet
  facet normal -0.266718 -0.963775 -0
    outer loop
      vertex -8.26133 -32.9811 8
      vertex -9.86968 -32.536 0
      vertex -8.26133 -32.9811 0
    endloop
  endfacet
  facet normal -0.170961 -0.985278 0
    outer loop
      vertex -6.63307 -33.3467 0
      vertex -4.98884 -33.632 8
      vertex -6.63307 -33.3467 8
    endloop
  endfacet
  facet normal -0.170961 -0.985278 -0
    outer loop
      vertex -4.98884 -33.632 8
      vertex -6.63307 -33.3467 0
      vertex -4.98884 -33.632 0
    endloop
  endfacet
  facet normal -0.61523 -0.788348 0
    outer loop
      vertex -21.5694 -26.2824 0
      vertex -20.2538 -27.3091 8
      vertex -21.5694 -26.2824 8
    endloop
  endfacet
  facet normal -0.61523 -0.788348 -0
    outer loop
      vertex -20.2538 -27.3091 8
      vertex -21.5694 -26.2824 0
      vertex -20.2538 -27.3091 0
    endloop
  endfacet
  facet normal -0.575801 -0.81759 0
    outer loop
      vertex -20.2538 -27.3091 0
      vertex -18.8894 -28.27 8
      vertex -20.2538 -27.3091 8
    endloop
  endfacet
  facet normal -0.575801 -0.81759 -0
    outer loop
      vertex -18.8894 -28.27 8
      vertex -20.2538 -27.3091 0
      vertex -18.8894 -28.27 0
    endloop
  endfacet
  facet normal -0.724242 -0.689546 0
    outer loop
      vertex -24.0416 -24.0416 0
      vertex -25.1923 -22.833 8
      vertex -25.1923 -22.833 0
    endloop
  endfacet
  facet normal -0.724242 -0.689546 0
    outer loop
      vertex -25.1923 -22.833 8
      vertex -24.0416 -24.0416 0
      vertex -24.0416 -24.0416 8
    endloop
  endfacet
  facet normal -0.81759 -0.575801 0
    outer loop
      vertex -27.3091 -20.2538 0
      vertex -28.27 -18.8894 8
      vertex -28.27 -18.8894 0
    endloop
  endfacet
  facet normal -0.81759 -0.575801 0
    outer loop
      vertex -28.27 -18.8894 8
      vertex -27.3091 -20.2538 0
      vertex -27.3091 -20.2538 8
    endloop
  endfacet
  facet normal -0.870099 -0.492876 0
    outer loop
      vertex -29.1628 -17.4795 0
      vertex -29.9853 -16.0275 8
      vertex -29.9853 -16.0275 0
    endloop
  endfacet
  facet normal -0.870099 -0.492876 0
    outer loop
      vertex -29.9853 -16.0275 8
      vertex -29.1628 -17.4795 0
      vertex -29.1628 -17.4795 8
    endloop
  endfacet
  facet normal -0.914209 -0.405243 0
    outer loop
      vertex -30.7356 -14.5369 0
      vertex -31.4119 -13.0112 8
      vertex -31.4119 -13.0112 0
    endloop
  endfacet
  facet normal -0.914209 -0.405243 0
    outer loop
      vertex -31.4119 -13.0112 8
      vertex -30.7356 -14.5369 0
      vertex -30.7356 -14.5369 8
    endloop
  endfacet
  facet normal -0.844856 -0.534994 0
    outer loop
      vertex -28.27 -18.8894 0
      vertex -29.1628 -17.4795 8
      vertex -29.1628 -17.4795 0
    endloop
  endfacet
  facet normal -0.844856 -0.534994 0
    outer loop
      vertex -29.1628 -17.4795 8
      vertex -28.27 -18.8894 0
      vertex -28.27 -18.8894 8
    endloop
  endfacet
  facet normal -0.992478 -0.122422 0
    outer loop
      vertex -33.632 -4.98884 0
      vertex -33.8363 -3.33258 8
      vertex -33.8363 -3.33258 0
    endloop
  endfacet
  facet normal -0.992478 -0.122422 0
    outer loop
      vertex -33.8363 -3.33258 8
      vertex -33.632 -4.98884 0
      vertex -33.632 -4.98884 8
    endloop
  endfacet
  facet normal -0.999698 -0.0245685 0
    outer loop
      vertex -33.959 -1.6683 0
      vertex -34 0 8
      vertex -34 0 0
    endloop
  endfacet
  facet normal -0.999698 -0.0245685 0
    outer loop
      vertex -34 0 8
      vertex -33.959 -1.6683 0
      vertex -33.959 -1.6683 8
    endloop
  endfacet
  facet normal 0 0 -1
    outer loop
      vertex 28.2344 -0.318555 0
      vertex 34 0 0
      vertex 33.959 -1.6683 0
    endloop
  endfacet
  facet normal 0 0 -1
    outer loop
      vertex 28.06 -1.09489 0
      vertex 33.959 -1.6683 0
      vertex 33.8363 -3.33258 0
    endloop
  endfacet
  facet normal 0 0 -1
    outer loop
      vertex 34 0 0
      vertex 28.2344 -0.318555 0
      vertex 28.2461 -0.15947 0
    endloop
  endfacet
  facet normal 0 0 -1
    outer loop
      vertex 27.7023 -1.8056 0
      vertex 33.8363 -3.33258 0
      vertex 33.632 -4.98884 0
    endloop
  endfacet
  facet normal -0 0 -1
    outer loop
      vertex 34 0 0
      vertex 28.2461 -0.15947 0
      vertex 28.25 0 0
    endloop
  endfacet
  facet normal 0 0 -1
    outer loop
      vertex 27.1826 -2.40809 0
      vertex 33.632 -4.98884 0
      vertex 33.3467 -6.63307 0
    endloop
  endfacet
  facet normal 0 0 -1
    outer loop
      vertex 28.2461 0.15947 0
      vertex 34 0 0
      vertex 28.25 0 0
    endloop
  endfacet
  facet normal 0 0 -1
    outer loop
      vertex 26.6708 -2.78762 0
      vertex 33.3467 -6.63307 0
      vertex 32.9811 -8.26133 0
    endloop
  endfacet
  facet normal 0 0 -1
    outer loop
      vertex 34 0 0
      vertex 28.2344 0.318555 0
      vertex 33.959 1.6683 0
    endloop
  endfacet
  facet normal 0 0 -1
    outer loop
      vertex 26.2437 -3.00261 0
      vertex 32.9811 -8.26133 0
      vertex 32.536 -9.86968 0
    endloop
  endfacet
  facet normal 0 0 -1
    outer loop
      vertex 28.2148 0.476873 0
      vertex 33.959 1.6683 0
      vertex 28.2344 0.318555 0
    endloop
  endfacet
  facet normal 0 0 -1
    outer loop
      vertex 25.634 -3.18755 0
      vertex 32.536 -9.86968 0
      vertex 32.0125 -11.4543 0
    endloop
  endfacet
  facet normal 0 0 -1
    outer loop
      vertex 28.1876 0.634043 0
      vertex 33.959 1.6683 0
      vertex 28.2148 0.476873 0
    endloop
  endfacet
  facet normal 0 0 -1
    outer loop
      vertex 25.1595 -3.24609 0
      vertex 32.0125 -11.4543 0
      vertex 31.4119 -13.0112 0
    endloop
  endfacet
  facet normal 0 0 -1
    outer loop
      vertex 28.1526 0.789685 0
      vertex 33.959 1.6683 0
      vertex 28.1876 0.634043 0
    endloop
  endfacet
  facet normal 0 0 -1
    outer loop
      vertex 24.8405 -3.24609 0
      vertex 31.4119 -13.0112 0
      vertex 30.7356 -14.5369 0
    endloop
  endfacet
  facet normal 0 0 -1
    outer loop
      vertex 28.1101 0.943425 0
      vertex 33.959 1.6683 0
      vertex 28.1526 0.789685 0
    endloop
  endfacet
  facet normal 0 0 -1
    outer loop
      vertex 24.366 -3.18755 0
      vertex 30.7356 -14.5369 0
      vertex 29.9853 -16.0275 0
    endloop
  endfacet
  facet normal 0 0 -1
    outer loop
      vertex 28.06 1.09489 0
      vertex 33.959 1.6683 0
      vertex 28.1101 0.943425 0
    endloop
  endfacet
  facet normal 0 0 -1
    outer loop
      vertex 24.0566 -3.11006 0
      vertex 29.9853 -16.0275 0
      vertex 29.1628 -17.4795 0
    endloop
  endfacet
  facet normal 0 0 -1
    outer loop
      vertex 28.0026 1.24372 0
      vertex 33.8363 3.33258 0
      vertex 28.06 1.09489 0
    endloop
  endfacet
  facet normal 0 0 -1
    outer loop
      vertex 23.8995 -3.05785 0
      vertex 29.1628 -17.4795 0
      vertex 28.27 -18.8894 0
    endloop
  endfacet
  facet normal 0 0 -1
    outer loop
      vertex 27.938 1.38955 0
      vertex 33.8363 3.33258 0
      vertex 28.0026 1.24372 0
    endloop
  endfacet
  facet normal 0 0 -1
    outer loop
      vertex 27.8662 1.53204 0
      vertex 33.8363 3.33258 0
      vertex 27.938 1.38955 0
    endloop
  endfacet
  facet normal -0 0 -1
    outer loop
      vertex 33.959 1.6683 0
      vertex 28.06 1.09489 0
      vertex 33.8363 3.33258 0
    endloop
  endfacet
  facet normal 0 0 -1
    outer loop
      vertex 28.2344 0.318555 0
      vertex 34 0 0
      vertex 28.2461 0.15947 0
    endloop
  endfacet
  facet normal 0 0 -1
    outer loop
      vertex 33.959 -1.6683 0
      vertex 28.2148 -0.476873 0
      vertex 28.2344 -0.318555 0
    endloop
  endfacet
  facet normal 0 0 -1
    outer loop
      vertex 33.959 -1.6683 0
      vertex 28.1876 -0.634043 0
      vertex 28.2148 -0.476873 0
    endloop
  endfacet
  facet normal 0 0 -1
    outer loop
      vertex 33.959 -1.6683 0
      vertex 28.1526 -0.789685 0
      vertex 28.1876 -0.634043 0
    endloop
  endfacet
  facet normal 0 0 -1
    outer loop
      vertex 33.959 -1.6683 0
      vertex 28.1101 -0.943425 0
      vertex 28.1526 -0.789685 0
    endloop
  endfacet
  facet normal 0 0 -1
    outer loop
      vertex 33.959 -1.6683 0
      vertex 28.06 -1.09489 0
      vertex 28.1101 -0.943425 0
    endloop
  endfacet
  facet normal 0 0 -1
    outer loop
      vertex 33.8363 -3.33258 0
      vertex 28.0026 -1.24372 0
      vertex 28.06 -1.09489 0
    endloop
  endfacet
  facet normal 0 0 -1
    outer loop
      vertex 33.8363 -3.33258 0
      vertex 27.938 -1.38955 0
      vertex 28.0026 -1.24372 0
    endloop
  endfacet
  facet normal 0 0 -1
    outer loop
      vertex 33.8363 -3.33258 0
      vertex 27.8662 -1.53204 0
      vertex 27.938 -1.38955 0
    endloop
  endfacet
  facet normal 0 0 -1
    outer loop
      vertex 33.8363 -3.33258 0
      vertex 27.7876 -1.67083 0
      vertex 27.8662 -1.53204 0
    endloop
  endfacet
  facet normal 0 0 -1
    outer loop
      vertex 33.8363 -3.33258 0
      vertex 27.7023 -1.8056 0
      vertex 27.7876 -1.67083 0
    endloop
  endfacet
  facet normal 0 0 -1
    outer loop
      vertex 33.632 -4.98884 0
      vertex 27.6104 -1.93602 0
      vertex 27.7023 -1.8056 0
    endloop
  endfacet
  facet normal 0 0 -1
    outer loop
      vertex 33.632 -4.98884 0
      vertex 27.5123 -2.06178 0
      vertex 27.6104 -1.93602 0
    endloop
  endfacet
  facet normal 0 0 -1
    outer loop
      vertex 33.632 -4.98884 0
      vertex 27.4081 -2.18257 0
      vertex 27.5123 -2.06178 0
    endloop
  endfacet
  facet normal 0 0 -1
    outer loop
      vertex 23.8995 -3.05785 0
      vertex 28.27 -18.8894 0
      vertex 27.3091 -20.2538 0
    endloop
  endfacet
  facet normal 0 0 -1
    outer loop
      vertex 33.632 -4.98884 0
      vertex 27.2981 -2.2981 0
      vertex 27.4081 -2.18257 0
    endloop
  endfacet
  facet normal 0 0 -1
    outer loop
      vertex 33.632 -4.98884 0
      vertex 27.1826 -2.40809 0
      vertex 27.2981 -2.2981 0
    endloop
  endfacet
  facet normal 0 0 -1
    outer loop
      vertex 33.3467 -6.63307 0
      vertex 27.0618 -2.51228 0
      vertex 27.1826 -2.40809 0
    endloop
  endfacet
  facet normal 0 0 -1
    outer loop
      vertex 33.3467 -6.63307 0
      vertex 26.936 -2.61042 0
      vertex 27.0618 -2.51228 0
    endloop
  endfacet
  facet normal 0 0 -1
    outer loop
      vertex 33.3467 -6.63307 0
      vertex 26.8056 -2.70228 0
      vertex 26.936 -2.61042 0
    endloop
  endfacet
  facet normal 0 0 -1
    outer loop
      vertex 33.3467 -6.63307 0
      vertex 26.6708 -2.78762 0
      vertex 26.8056 -2.70228 0
    endloop
  endfacet
  facet normal 0 0 -1
    outer loop
      vertex 32.9811 -8.26133 0
      vertex 26.532 -2.86624 0
      vertex 26.6708 -2.78762 0
    endloop
  endfacet
  facet normal 0 0 -1
    outer loop
      vertex 32.9811 -8.26133 0
      vertex 26.3896 -2.93796 0
      vertex 26.532 -2.86624 0
    endloop
  endfacet
  facet normal 0 0 -1
    outer loop
      vertex 23.8995 -3.05785 0
      vertex 27.3091 -20.2538 0
      vertex 26.2824 -21.5694 0
    endloop
  endfacet
  facet normal 0 0 -1
    outer loop
      vertex 32.9811 -8.26133 0
      vertex 26.2437 -3.00261 0
      vertex 26.3896 -2.93796 0
    endloop
  endfacet
  facet normal 0 0 -1
    outer loop
      vertex 32.536 -9.86968 0
      vertex 26.0949 -3.06002 0
      vertex 26.2437 -3.00261 0
    endloop
  endfacet
  facet normal 0 0 -1
    outer loop
      vertex 32.536 -9.86968 0
      vertex 25.9434 -3.11006 0
      vertex 26.0949 -3.06002 0
    endloop
  endfacet
  facet normal 0 0 -1
    outer loop
      vertex 32.536 -9.86968 0
      vertex 25.7897 -3.1526 0
      vertex 25.9434 -3.11006 0
    endloop
  endfacet
  facet normal 0 0 -1
    outer loop
      vertex 32.536 -9.86968 0
      vertex 25.634 -3.18755 0
      vertex 25.7897 -3.1526 0
    endloop
  endfacet
  facet normal 0 0 -1
    outer loop
      vertex 32.0125 -11.4543 0
      vertex 25.4769 -3.21482 0
      vertex 25.634 -3.18755 0
    endloop
  endfacet
  facet normal 0 0 -1
    outer loop
      vertex 32.0125 -11.4543 0
      vertex 25.3186 -3.23435 0
      vertex 25.4769 -3.21482 0
    endloop
  endfacet
  facet normal 0 0 -1
    outer loop
      vertex 23.8995 -3.05785 0
      vertex 26.2824 -21.5694 0
      vertex 25.1923 -22.833 0
    endloop
  endfacet
  facet normal 0 0 -1
    outer loop
      vertex 32.0125 -11.4543 0
      vertex 25.1595 -3.24609 0
      vertex 25.3186 -3.23435 0
    endloop
  endfacet
  facet normal 0 0 -1
    outer loop
      vertex 31.4119 -13.0112 0
      vertex 25 -3.25 0
      vertex 25.1595 -3.24609 0
    endloop
  endfacet
  facet normal 0 0 -1
    outer loop
      vertex 31.4119 -13.0112 0
      vertex 24.8405 -3.24609 0
      vertex 25 -3.25 0
    endloop
  endfacet
  facet normal 0 0 -1
    outer loop
      vertex 30.7356 -14.5369 0
      vertex 24.6814 -3.23435 0
      vertex 24.8405 -3.24609 0
    endloop
  endfacet
  facet normal 0 0 -1
    outer loop
      vertex 30.7356 -14.5369 0
      vertex 24.5231 -3.21482 0
      vertex 24.6814 -3.23435 0
    endloop
  endfacet
  facet normal 0 0 -1
    outer loop
      vertex 30.7356 -14.5369 0
      vertex 24.366 -3.18755 0
      vertex 24.5231 -3.21482 0
    endloop
  endfacet
  facet normal 0 0 -1
    outer loop
      vertex 29.9853 -16.0275 0
      vertex 24.2103 -3.1526 0
      vertex 24.366 -3.18755 0
    endloop
  endfacet
  facet normal 0 0 -1
    outer loop
      vertex 29.9853 -16.0275 0
      vertex 24.0566 -3.11006 0
      vertex 24.2103 -3.1526 0
    endloop
  endfacet
  facet normal 0 0 -1
    outer loop
      vertex 23.8995 -3.05785 0
      vertex 25.1923 -22.833 0
      vertex 24.0416 -24.0416 0
    endloop
  endfacet
  facet normal 0 0 -1
    outer loop
      vertex 29.1628 -17.4795 0
      vertex 23.9051 -3.06002 0
      vertex 24.0566 -3.11006 0
    endloop
  endfacet
  facet normal 0 0 -1
    outer loop
      vertex 23.8995 -3.05785 0
      vertex 24.0416 -24.0416 0
      vertex 23.8995 -24.177 0
    endloop
  endfacet
  facet normal 0 0 -1
    outer loop
      vertex 29.1628 -17.4795 0
      vertex 23.8995 -3.05785 0
      vertex 23.9051 -3.06002 0
    endloop
  endfacet
  facet normal 0 0 -1
    outer loop
      vertex 27.7876 1.67083 0
      vertex 33.8363 3.33258 0
      vertex 27.8662 1.53204 0
    endloop
  endfacet
  facet normal 0 0 -1
    outer loop
      vertex 27.7023 1.8056 0
      vertex 33.8363 3.33258 0
      vertex 27.7876 1.67083 0
    endloop
  endfacet
  facet normal -0 0 -1
    outer loop
      vertex 33.8363 3.33258 0
      vertex 27.7023 1.8056 0
      vertex 33.632 4.98884 0
    endloop
  endfacet
  facet normal 0 0 -1
    outer loop
      vertex 27.6104 1.93602 0
      vertex 33.632 4.98884 0
      vertex 27.7023 1.8056 0
    endloop
  endfacet
  facet normal 0 0 -1
    outer loop
      vertex 27.5123 2.06178 0
      vertex 33.632 4.98884 0
      vertex 27.6104 1.93602 0
    endloop
  endfacet
  facet normal 0 0 -1
    outer loop
      vertex 27.4081 2.18257 0
      vertex 33.632 4.98884 0
      vertex 27.5123 2.06178 0
    endloop
  endfacet
  facet normal 0 0 -1
    outer loop
      vertex 27.2981 2.2981 0
      vertex 33.632 4.98884 0
      vertex 27.4081 2.18257 0
    endloop
  endfacet
  facet normal 0 0 -1
    outer loop
      vertex 27.1826 2.40809 0
      vertex 33.632 4.98884 0
      vertex 27.2981 2.2981 0
    endloop
  endfacet
  facet normal -0 0 -1
    outer loop
      vertex 33.632 4.98884 0
      vertex 27.1826 2.40809 0
      vertex 33.3467 6.63307 0
    endloop
  endfacet
  facet normal 0 0 -1
    outer loop
      vertex 27.0618 2.51228 0
      vertex 33.3467 6.63307 0
      vertex 27.1826 2.40809 0
    endloop
  endfacet
  facet normal 0 0 -1
    outer loop
      vertex 26.936 2.61042 0
      vertex 33.3467 6.63307 0
      vertex 27.0618 2.51228 0
    endloop
  endfacet
  facet normal 0 0 -1
    outer loop
      vertex 26.8056 2.70228 0
      vertex 33.3467 6.63307 0
      vertex 26.936 2.61042 0
    endloop
  endfacet
  facet normal 0 0 -1
    outer loop
      vertex 26.6708 2.78762 0
      vertex 33.3467 6.63307 0
      vertex 26.8056 2.70228 0
    endloop
  endfacet
  facet normal -0 0 -1
    outer loop
      vertex 33.3467 6.63307 0
      vertex 26.6708 2.78762 0
      vertex 32.9811 8.26133 0
    endloop
  endfacet
  facet normal 0 0 -1
    outer loop
      vertex 26.532 2.86624 0
      vertex 32.9811 8.26133 0
      vertex 26.6708 2.78762 0
    endloop
  endfacet
  facet normal 0 0 -1
    outer loop
      vertex 26.3896 2.93796 0
      vertex 32.9811 8.26133 0
      vertex 26.532 2.86624 0
    endloop
  endfacet
  facet normal 0 0 -1
    outer loop
      vertex 26.2437 3.00261 0
      vertex 32.9811 8.26133 0
      vertex 26.3896 2.93796 0
    endloop
  endfacet
  facet normal -0 0 -1
    outer loop
      vertex 32.9811 8.26133 0
      vertex 26.2437 3.00261 0
      vertex 32.536 9.86968 0
    endloop
  endfacet
  facet normal 0 0 -1
    outer loop
      vertex 26.0949 3.06002 0
      vertex 32.536 9.86968 0
      vertex 26.2437 3.00261 0
    endloop
  endfacet
  facet normal 0 0 -1
    outer loop
      vertex 25.9434 3.11006 0
      vertex 32.536 9.86968 0
      vertex 26.0949 3.06002 0
    endloop
  endfacet
  facet normal 0 0 -1
    outer loop
      vertex 25.7897 3.1526 0
      vertex 32.536 9.86968 0
      vertex 25.9434 3.11006 0
    endloop
  endfacet
  facet normal 0 0 -1
    outer loop
      vertex 25.634 3.18755 0
      vertex 32.536 9.86968 0
      vertex 25.7897 3.1526 0
    endloop
  endfacet
  facet normal -0 0 -1
    outer loop
      vertex 32.536 9.86968 0
      vertex 25.634 3.18755 0
      vertex 32.0125 11.4543 0
    endloop
  endfacet
  facet normal 0 0 -1
    outer loop
      vertex 25.4769 3.21482 0
      vertex 32.0125 11.4543 0
      vertex 25.634 3.18755 0
    endloop
  endfacet
  facet normal 0 0 -1
    outer loop
      vertex 25.3186 3.23435 0
      vertex 32.0125 11.4543 0
      vertex 25.4769 3.21482 0
    endloop
  endfacet
  facet normal 0 0 -1
    outer loop
      vertex 25.1595 3.24609 0
      vertex 32.0125 11.4543 0
      vertex 25.3186 3.23435 0
    endloop
  endfacet
  facet normal -0 0 -1
    outer loop
      vertex 32.0125 11.4543 0
      vertex 25.1595 3.24609 0
      vertex 31.4119 13.0112 0
    endloop
  endfacet
  facet normal 0 0 -1
    outer loop
      vertex 25 3.25 0
      vertex 31.4119 13.0112 0
      vertex 25.1595 3.24609 0
    endloop
  endfacet
  facet normal 0 0 -1
    outer loop
      vertex 24.8405 3.24609 0
      vertex 31.4119 13.0112 0
      vertex 25 3.25 0
    endloop
  endfacet
  facet normal -0 0 -1
    outer loop
      vertex 31.4119 13.0112 0
      vertex 24.8405 3.24609 0
      vertex 30.7356 14.5369 0
    endloop
  endfacet
  facet normal 0 0 -1
    outer loop
      vertex 24.6814 3.23435 0
      vertex 30.7356 14.5369 0
      vertex 24.8405 3.24609 0
    endloop
  endfacet
  facet normal 0 0 -1
    outer loop
      vertex 24.5231 3.21482 0
      vertex 30.7356 14.5369 0
      vertex 24.6814 3.23435 0
    endloop
  endfacet
  facet normal 0 0 -1
    outer loop
      vertex 24.366 3.18755 0
      vertex 30.7356 14.5369 0
      vertex 24.5231 3.21482 0
    endloop
  endfacet
  facet normal -0 0 -1
    outer loop
      vertex 30.7356 14.5369 0
      vertex 24.366 3.18755 0
      vertex 29.9853 16.0275 0
    endloop
  endfacet
  facet normal 0 0 -1
    outer loop
      vertex 24.2103 3.1526 0
      vertex 29.9853 16.0275 0
      vertex 24.366 3.18755 0
    endloop
  endfacet
  facet normal 0 0 -1
    outer loop
      vertex 24.0566 3.11006 0
      vertex 29.9853 16.0275 0
      vertex 24.2103 3.1526 0
    endloop
  endfacet
  facet normal -0 0 -1
    outer loop
      vertex 29.9853 16.0275 0
      vertex 24.0566 3.11006 0
      vertex 29.1628 17.4795 0
    endloop
  endfacet
  facet normal 0 0 -1
    outer loop
      vertex 23.9051 3.06002 0
      vertex 29.1628 17.4795 0
      vertex 24.0566 3.11006 0
    endloop
  endfacet
  facet normal 0 0 -1
    outer loop
      vertex 23.8995 3.05785 0
      vertex 29.1628 17.4795 0
      vertex 23.9051 3.06002 0
    endloop
  endfacet
  facet normal -0 0 -1
    outer loop
      vertex 29.1628 17.4795 0
      vertex 23.8995 3.05785 0
      vertex 28.27 18.8894 0
    endloop
  endfacet
  facet normal -0 0 -1
    outer loop
      vertex 28.27 18.8894 0
      vertex 23.8995 3.05785 0
      vertex 27.3091 20.2538 0
    endloop
  endfacet
  facet normal -0 0 -1
    outer loop
      vertex 27.3091 20.2538 0
      vertex 23.8995 3.05785 0
      vertex 26.2824 21.5694 0
    endloop
  endfacet
  facet normal -0 0 -1
    outer loop
      vertex 26.2824 21.5694 0
      vertex 23.8995 3.05785 0
      vertex 25.1923 22.833 0
    endloop
  endfacet
  facet normal -0 0 -1
    outer loop
      vertex 25.1923 22.833 0
      vertex 23.8995 3.05785 0
      vertex 24.0416 24.0416 0
    endloop
  endfacet
  facet normal -0 0 -1
    outer loop
      vertex 24.0416 24.0416 0
      vertex 23.8995 3.05785 0
      vertex 23.8995 24.177 0
    endloop
  endfacet
  facet normal 0 0 -1
    outer loop
      vertex 3.12221 25.8995 0
      vertex 21.5694 26.2824 0
      vertex 22.0132 25.8995 0
    endloop
  endfacet
  facet normal -0 0 -1
    outer loop
      vertex 21.5694 26.2824 0
      vertex 3.12221 25.8995 0
      vertex 20.2538 27.3091 0
    endloop
  endfacet
  facet normal -0 0 -1
    outer loop
      vertex 20.2538 27.3091 0
      vertex 3.12221 25.8995 0
      vertex 18.8894 28.27 0
    endloop
  endfacet
  facet normal -0 0 -1
    outer loop
      vertex 18.8894 28.27 0
      vertex 3.12221 25.8995 0
      vertex 17.4795 29.1628 0
    endloop
  endfacet
  facet normal -0 0 -1
    outer loop
      vertex 17.4795 29.1628 0
      vertex 3.12221 25.8995 0
      vertex 16.0275 29.9853 0
    endloop
  endfacet
  facet normal -0 0 -1
    outer loop
      vertex 16.0275 29.9853 0
      vertex 3.12221 25.8995 0
      vertex 14.5369 30.7356 0
    endloop
  endfacet
  facet normal -0 0 -1
    outer loop
      vertex 14.5369 30.7356 0
      vertex 3.12221 25.8995 0
      vertex 13.0112 31.4119 0
    endloop
  endfacet
  facet normal -0 0 -1
    outer loop
      vertex 13.0112 31.4119 0
      vertex 3.12221 25.8995 0
      vertex 11.4543 32.0125 0
    endloop
  endfacet
  facet normal -0 0 -1
    outer loop
      vertex 11.4543 32.0125 0
      vertex 3.12221 25.8995 0
      vertex 9.86968 32.536 0
    endloop
  endfacet
  facet normal 0 0 -1
    outer loop
      vertex 3.11006 25.9434 0
      vertex 9.86968 32.536 0
      vertex 3.12221 25.8995 0
    endloop
  endfacet
  facet normal 0 0 -1
    outer loop
      vertex 3.06002 26.0949 0
      vertex 9.86968 32.536 0
      vertex 3.11006 25.9434 0
    endloop
  endfacet
  facet normal -0 0 -1
    outer loop
      vertex 9.86968 32.536 0
      vertex 3.06002 26.0949 0
      vertex 8.26133 32.9811 0
    endloop
  endfacet
  facet normal 0 0 -1
    outer loop
      vertex 3.00261 26.2437 0
      vertex 8.26133 32.9811 0
      vertex 3.06002 26.0949 0
    endloop
  endfacet
  facet normal 0 0 -1
    outer loop
      vertex 2.93796 26.3896 0
      vertex 8.26133 32.9811 0
      vertex 3.00261 26.2437 0
    endloop
  endfacet
  facet normal 0 0 -1
    outer loop
      vertex 2.86624 26.532 0
      vertex 8.26133 32.9811 0
      vertex 2.93796 26.3896 0
    endloop
  endfacet
  facet normal 0 0 -1
    outer loop
      vertex 2.78762 26.6708 0
      vertex 8.26133 32.9811 0
      vertex 2.86624 26.532 0
    endloop
  endfacet
  facet normal -0 0 -1
    outer loop
      vertex 8.26133 32.9811 0
      vertex 2.78762 26.6708 0
      vertex 6.63307 33.3467 0
    endloop
  endfacet
  facet normal 0 0 -1
    outer loop
      vertex 2.70228 26.8056 0
      vertex 6.63307 33.3467 0
      vertex 2.78762 26.6708 0
    endloop
  endfacet
  facet normal 0 0 -1
    outer loop
      vertex 2.61042 26.936 0
      vertex 6.63307 33.3467 0
      vertex 2.70228 26.8056 0
    endloop
  endfacet
  facet normal 0 0 -1
    outer loop
      vertex 2.51228 27.0618 0
      vertex 6.63307 33.3467 0
      vertex 2.61042 26.936 0
    endloop
  endfacet
  facet normal 0 0 -1
    outer loop
      vertex 2.40809 27.1826 0
      vertex 6.63307 33.3467 0
      vertex 2.51228 27.0618 0
    endloop
  endfacet
  facet normal -0 0 -1
    outer loop
      vertex 6.63307 33.3467 0
      vertex 2.40809 27.1826 0
      vertex 4.98884 33.632 0
    endloop
  endfacet
  facet normal 0 0 -1
    outer loop
      vertex 2.2981 27.2981 0
      vertex 4.98884 33.632 0
      vertex 2.40809 27.1826 0
    endloop
  endfacet
  facet normal 0 0 -1
    outer loop
      vertex 2.18257 27.4081 0
      vertex 4.98884 33.632 0
      vertex 2.2981 27.2981 0
    endloop
  endfacet
  facet normal 0 0 -1
    outer loop
      vertex 2.06178 27.5123 0
      vertex 4.98884 33.632 0
      vertex 2.18257 27.4081 0
    endloop
  endfacet
  facet normal 0 0 -1
    outer loop
      vertex 1.93602 27.6104 0
      vertex 4.98884 33.632 0
      vertex 2.06178 27.5123 0
    endloop
  endfacet
  facet normal 0 0 -1
    outer loop
      vertex 1.8056 27.7023 0
      vertex 4.98884 33.632 0
      vertex 1.93602 27.6104 0
    endloop
  endfacet
  facet normal -0 0 -1
    outer loop
      vertex 4.98884 33.632 0
      vertex 1.8056 27.7023 0
      vertex 3.33258 33.8363 0
    endloop
  endfacet
  facet normal 0 0 -1
    outer loop
      vertex 1.67083 27.7876 0
      vertex 3.33258 33.8363 0
      vertex 1.8056 27.7023 0
    endloop
  endfacet
  facet normal 0 0 -1
    outer loop
      vertex 1.53204 27.8662 0
      vertex 3.33258 33.8363 0
      vertex 1.67083 27.7876 0
    endloop
  endfacet
  facet normal 0 0 -1
    outer loop
      vertex 1.38955 27.938 0
      vertex 3.33258 33.8363 0
      vertex 1.53204 27.8662 0
    endloop
  endfacet
  facet normal 0 0 -1
    outer loop
      vertex 1.24372 28.0026 0
      vertex 3.33258 33.8363 0
      vertex 1.38955 27.938 0
    endloop
  endfacet
  facet normal -0 0 -1
    outer loop
      vertex 3.33258 33.8363 0
      vertex 1.24372 28.0026 0
      vertex 1.6683 33.959 0
    endloop
  endfacet
  facet normal 0 0 -1
    outer loop
      vertex 1.09489 28.06 0
      vertex 1.6683 33.959 0
      vertex 1.24372 28.0026 0
    endloop
  endfacet
  facet normal 0 0 -1
    outer loop
      vertex 0.943425 28.1101 0
      vertex 1.6683 33.959 0
      vertex 1.09489 28.06 0
    endloop
  endfacet
  facet normal 0 0 -1
    outer loop
      vertex 0.789685 28.1526 0
      vertex 1.6683 33.959 0
      vertex 0.943425 28.1101 0
    endloop
  endfacet
  facet normal 0 0 -1
    outer loop
      vertex 0.634043 28.1876 0
      vertex 1.6683 33.959 0
      vertex 0.789685 28.1526 0
    endloop
  endfacet
  facet normal 0 0 -1
    outer loop
      vertex 0.476873 28.2148 0
      vertex 1.6683 33.959 0
      vertex 0.634043 28.1876 0
    endloop
  endfacet
  facet normal 0 0 -1
    outer loop
      vertex 0.318555 28.2344 0
      vertex 1.6683 33.959 0
      vertex 0.476873 28.2148 0
    endloop
  endfacet
  facet normal 0 0 -1
    outer loop
      vertex 0 34 0
      vertex 0.318555 28.2344 0
      vertex 0.15947 28.2461 0
    endloop
  endfacet
  facet normal 0 0 -1
    outer loop
      vertex 0 34 0
      vertex 0.15947 28.2461 0
      vertex 0 28.25 0
    endloop
  endfacet
  facet normal 0 0 -1
    outer loop
      vertex 0.318555 28.2344 0
      vertex 0 34 0
      vertex 1.6683 33.959 0
    endloop
  endfacet
  facet normal 0 0 -1
    outer loop
      vertex -0.15947 28.2461 0
      vertex 0 34 0
      vertex 0 28.25 0
    endloop
  endfacet
  facet normal 0 0 -1
    outer loop
      vertex -0.318555 28.2344 0
      vertex 0 34 0
      vertex -0.15947 28.2461 0
    endloop
  endfacet
  facet normal 0 0 -1
    outer loop
      vertex -0.476873 28.2148 0
      vertex 0 34 0
      vertex -0.318555 28.2344 0
    endloop
  endfacet
  facet normal 0 0 -1
    outer loop
      vertex -1.6683 33.959 0
      vertex -0.476873 28.2148 0
      vertex -0.634043 28.1876 0
    endloop
  endfacet
  facet normal 0 0 -1
    outer loop
      vertex -1.6683 33.959 0
      vertex -0.634043 28.1876 0
      vertex -0.789685 28.1526 0
    endloop
  endfacet
  facet normal 0 0 -1
    outer loop
      vertex -1.6683 33.959 0
      vertex -0.789685 28.1526 0
      vertex -0.943425 28.1101 0
    endloop
  endfacet
  facet normal 0 0 -1
    outer loop
      vertex -1.6683 33.959 0
      vertex -0.943425 28.1101 0
      vertex -1.09489 28.06 0
    endloop
  endfacet
  facet normal 0 0 -1
    outer loop
      vertex -1.6683 33.959 0
      vertex -1.09489 28.06 0
      vertex -1.24372 28.0026 0
    endloop
  endfacet
  facet normal 0 0 -1
    outer loop
      vertex -3.33258 33.8363 0
      vertex -1.24372 28.0026 0
      vertex -1.38955 27.938 0
    endloop
  endfacet
  facet normal 0 0 -1
    outer loop
      vertex -3.33258 33.8363 0
      vertex -1.38955 27.938 0
      vertex -1.53204 27.8662 0
    endloop
  endfacet
  facet normal 0 0 -1
    outer loop
      vertex -0.476873 28.2148 0
      vertex -1.6683 33.959 0
      vertex 0 34 0
    endloop
  endfacet
  facet normal 0 0 -1
    outer loop
      vertex -3.33258 33.8363 0
      vertex -1.53204 27.8662 0
      vertex -1.67083 27.7876 0
    endloop
  endfacet
  facet normal 0 0 -1
    outer loop
      vertex -3.33258 33.8363 0
      vertex -1.67083 27.7876 0
      vertex -1.8056 27.7023 0
    endloop
  endfacet
  facet normal 0 0 -1
    outer loop
      vertex -4.98884 33.632 0
      vertex -1.8056 27.7023 0
      vertex -1.93602 27.6104 0
    endloop
  endfacet
  facet normal 0 0 -1
    outer loop
      vertex -4.98884 33.632 0
      vertex -1.93602 27.6104 0
      vertex -2.06178 27.5123 0
    endloop
  endfacet
  facet normal 0 0 -1
    outer loop
      vertex -4.98884 33.632 0
      vertex -2.06178 27.5123 0
      vertex -2.18257 27.4081 0
    endloop
  endfacet
  facet normal 0 0 -1
    outer loop
      vertex -4.98884 33.632 0
      vertex -2.18257 27.4081 0
      vertex -2.2981 27.2981 0
    endloop
  endfacet
  facet normal 0 0 -1
    outer loop
      vertex -4.98884 33.632 0
      vertex -2.2981 27.2981 0
      vertex -2.40809 27.1826 0
    endloop
  endfacet
  facet normal 0 0 -1
    outer loop
      vertex -6.63307 33.3467 0
      vertex -2.40809 27.1826 0
      vertex -2.51228 27.0618 0
    endloop
  endfacet
  facet normal 0 0 -1
    outer loop
      vertex -6.63307 33.3467 0
      vertex -2.51228 27.0618 0
      vertex -2.61042 26.936 0
    endloop
  endfacet
  facet normal 0 0 -1
    outer loop
      vertex -6.63307 33.3467 0
      vertex -2.61042 26.936 0
      vertex -2.70228 26.8056 0
    endloop
  endfacet
  facet normal 0 0 -1
    outer loop
      vertex -6.63307 33.3467 0
      vertex -2.70228 26.8056 0
      vertex -2.78762 26.6708 0
    endloop
  endfacet
  facet normal 0 0 -1
    outer loop
      vertex -8.26133 32.9811 0
      vertex -2.78762 26.6708 0
      vertex -2.86624 26.532 0
    endloop
  endfacet
  facet normal 0 0 -1
    outer loop
      vertex -8.26133 32.9811 0
      vertex -2.86624 26.532 0
      vertex -2.93796 26.3896 0
    endloop
  endfacet
  facet normal 0 0 -1
    outer loop
      vertex -8.26133 32.9811 0
      vertex -2.93796 26.3896 0
      vertex -3.00261 26.2437 0
    endloop
  endfacet
  facet normal 0 0 -1
    outer loop
      vertex -8.26133 32.9811 0
      vertex -3.00261 26.2437 0
      vertex -3.06002 26.0949 0
    endloop
  endfacet
  facet normal 0 0 -1
    outer loop
      vertex -9.86968 32.536 0
      vertex -3.06002 26.0949 0
      vertex -3.11006 25.9434 0
    endloop
  endfacet
  facet normal 0 0 -1
    outer loop
      vertex -9.86968 32.536 0
      vertex -3.11006 25.9434 0
      vertex -3.12221 25.8995 0
    endloop
  endfacet
  facet normal 0 0 -1
    outer loop
      vertex -1.24372 28.0026 0
      vertex -3.33258 33.8363 0
      vertex -1.6683 33.959 0
    endloop
  endfacet
  facet normal 0 0 -1
    outer loop
      vertex -1.8056 27.7023 0
      vertex -4.98884 33.632 0
      vertex -3.33258 33.8363 0
    endloop
  endfacet
  facet normal 0 0 -1
    outer loop
      vertex -2.40809 27.1826 0
      vertex -6.63307 33.3467 0
      vertex -4.98884 33.632 0
    endloop
  endfacet
  facet normal 0 0 -1
    outer loop
      vertex -2.78762 26.6708 0
      vertex -8.26133 32.9811 0
      vertex -6.63307 33.3467 0
    endloop
  endfacet
  facet normal 0 0 -1
    outer loop
      vertex -3.06002 26.0949 0
      vertex -9.86968 32.536 0
      vertex -8.26133 32.9811 0
    endloop
  endfacet
  facet normal 0 0 -1
    outer loop
      vertex -3.12221 25.8995 0
      vertex -11.4543 32.0125 0
      vertex -9.86968 32.536 0
    endloop
  endfacet
  facet normal 0 0 -1
    outer loop
      vertex -3.12221 25.8995 0
      vertex -13.0112 31.4119 0
      vertex -11.4543 32.0125 0
    endloop
  endfacet
  facet normal 0 0 -1
    outer loop
      vertex -3.12221 25.8995 0
      vertex -14.5369 30.7356 0
      vertex -13.0112 31.4119 0
    endloop
  endfacet
  facet normal 0 0 -1
    outer loop
      vertex -3.12221 25.8995 0
      vertex -16.0275 29.9853 0
      vertex -14.5369 30.7356 0
    endloop
  endfacet
  facet normal 0 0 -1
    outer loop
      vertex -3.12221 25.8995 0
      vertex -17.4795 29.1628 0
      vertex -16.0275 29.9853 0
    endloop
  endfacet
  facet normal 0 0 -1
    outer loop
      vertex -3.12221 25.8995 0
      vertex -18.8894 28.27 0
      vertex -17.4795 29.1628 0
    endloop
  endfacet
  facet normal 0 0 -1
    outer loop
      vertex -3.12221 25.8995 0
      vertex -20.2538 27.3091 0
      vertex -18.8894 28.27 0
    endloop
  endfacet
  facet normal 0 0 -1
    outer loop
      vertex -3.12221 25.8995 0
      vertex -21.5694 26.2824 0
      vertex -20.2538 27.3091 0
    endloop
  endfacet
  facet normal 0 -0 -1
    outer loop
      vertex -21.5694 26.2824 0
      vertex -3.12221 25.8995 0
      vertex -22.0132 25.8995 0
    endloop
  endfacet
  facet normal 0 0 -1
    outer loop
      vertex -24.0416 -24.0416 0
      vertex -23.8995 -3.05785 0
      vertex -23.8995 -24.177 0
    endloop
  endfacet
  facet normal 0 0 -1
    outer loop
      vertex -25.1923 -22.833 0
      vertex -23.8995 -3.05785 0
      vertex -24.0416 -24.0416 0
    endloop
  endfacet
  facet normal 0 0 -1
    outer loop
      vertex -26.2824 -21.5694 0
      vertex -23.8995 -3.05785 0
      vertex -25.1923 -22.833 0
    endloop
  endfacet
  facet normal 0 0 -1
    outer loop
      vertex -27.3091 -20.2538 0
      vertex -23.8995 -3.05785 0
      vertex -26.2824 -21.5694 0
    endloop
  endfacet
  facet normal 0 0 -1
    outer loop
      vertex -28.27 -18.8894 0
      vertex -23.8995 -3.05785 0
      vertex -27.3091 -20.2538 0
    endloop
  endfacet
  facet normal 0 0 -1
    outer loop
      vertex -29.1628 -17.4795 0
      vertex -23.8995 -3.05785 0
      vertex -28.27 -18.8894 0
    endloop
  endfacet
  facet normal 0 0 -1
    outer loop
      vertex -23.8995 -3.05785 0
      vertex -29.1628 -17.4795 0
      vertex -23.9051 -3.06002 0
    endloop
  endfacet
  facet normal 0 0 -1
    outer loop
      vertex -23.9051 -3.06002 0
      vertex -29.1628 -17.4795 0
      vertex -24.0566 -3.11006 0
    endloop
  endfacet
  facet normal 0 0 -1
    outer loop
      vertex -29.9853 -16.0275 0
      vertex -24.0566 -3.11006 0
      vertex -29.1628 -17.4795 0
    endloop
  endfacet
  facet normal 0 0 -1
    outer loop
      vertex -24.0566 -3.11006 0
      vertex -29.9853 -16.0275 0
      vertex -24.2103 -3.1526 0
    endloop
  endfacet
  facet normal 0 0 -1
    outer loop
      vertex -24.2103 -3.1526 0
      vertex -29.9853 -16.0275 0
      vertex -24.366 -3.18755 0
    endloop
  endfacet
  facet normal 0 0 -1
    outer loop
      vertex -30.7356 -14.5369 0
      vertex -24.366 -3.18755 0
      vertex -29.9853 -16.0275 0
    endloop
  endfacet
  facet normal 0 0 -1
    outer loop
      vertex -24.366 -3.18755 0
      vertex -30.7356 -14.5369 0
      vertex -24.5231 -3.21482 0
    endloop
  endfacet
  facet normal 0 0 -1
    outer loop
      vertex -24.5231 -3.21482 0
      vertex -30.7356 -14.5369 0
      vertex -24.6814 -3.23435 0
    endloop
  endfacet
  facet normal 0 0 -1
    outer loop
      vertex -24.6814 -3.23435 0
      vertex -30.7356 -14.5369 0
      vertex -24.8405 -3.24609 0
    endloop
  endfacet
  facet normal 0 0 -1
    outer loop
      vertex -31.4119 -13.0112 0
      vertex -24.8405 -3.24609 0
      vertex -30.7356 -14.5369 0
    endloop
  endfacet
  facet normal 0 0 -1
    outer loop
      vertex -24.8405 -3.24609 0
      vertex -31.4119 -13.0112 0
      vertex -25 -3.25 0
    endloop
  endfacet
  facet normal -0 0 -1
    outer loop
      vertex -25 -3.25 0
      vertex -31.4119 -13.0112 0
      vertex -25.1595 -3.24609 0
    endloop
  endfacet
  facet normal 0 0 -1
    outer loop
      vertex -32.0125 -11.4543 0
      vertex -25.1595 -3.24609 0
      vertex -31.4119 -13.0112 0
    endloop
  endfacet
  facet normal -0 0 -1
    outer loop
      vertex -25.1595 -3.24609 0
      vertex -32.0125 -11.4543 0
      vertex -25.3186 -3.23435 0
    endloop
  endfacet
  facet normal -0 0 -1
    outer loop
      vertex -25.3186 -3.23435 0
      vertex -32.0125 -11.4543 0
      vertex -25.4769 -3.21482 0
    endloop
  endfacet
  facet normal -0 0 -1
    outer loop
      vertex -25.4769 -3.21482 0
      vertex -32.0125 -11.4543 0
      vertex -25.634 -3.18755 0
    endloop
  endfacet
  facet normal 0 0 -1
    outer loop
      vertex -32.536 -9.86968 0
      vertex -25.634 -3.18755 0
      vertex -32.0125 -11.4543 0
    endloop
  endfacet
  facet normal -0 0 -1
    outer loop
      vertex -25.634 -3.18755 0
      vertex -32.536 -9.86968 0
      vertex -25.7897 -3.1526 0
    endloop
  endfacet
  facet normal -0 0 -1
    outer loop
      vertex -25.7897 -3.1526 0
      vertex -32.536 -9.86968 0
      vertex -25.9434 -3.11006 0
    endloop
  endfacet
  facet normal -0 0 -1
    outer loop
      vertex -25.9434 -3.11006 0
      vertex -32.536 -9.86968 0
      vertex -26.0949 -3.06002 0
    endloop
  endfacet
  facet normal -0 0 -1
    outer loop
      vertex -26.0949 -3.06002 0
      vertex -32.536 -9.86968 0
      vertex -26.2437 -3.00261 0
    endloop
  endfacet
  facet normal 0 0 -1
    outer loop
      vertex -32.9811 -8.26133 0
      vertex -26.2437 -3.00261 0
      vertex -32.536 -9.86968 0
    endloop
  endfacet
  facet normal -0 0 -1
    outer loop
      vertex -26.2437 -3.00261 0
      vertex -32.9811 -8.26133 0
      vertex -26.3896 -2.93796 0
    endloop
  endfacet
  facet normal -0 0 -1
    outer loop
      vertex -26.3896 -2.93796 0
      vertex -32.9811 -8.26133 0
      vertex -26.532 -2.86624 0
    endloop
  endfacet
  facet normal -0 0 -1
    outer loop
      vertex -26.532 -2.86624 0
      vertex -32.9811 -8.26133 0
      vertex -26.6708 -2.78762 0
    endloop
  endfacet
  facet normal 0 0 -1
    outer loop
      vertex -33.3467 -6.63307 0
      vertex -26.6708 -2.78762 0
      vertex -32.9811 -8.26133 0
    endloop
  endfacet
  facet normal -0 0 -1
    outer loop
      vertex -26.6708 -2.78762 0
      vertex -33.3467 -6.63307 0
      vertex -26.8056 -2.70228 0
    endloop
  endfacet
  facet normal -0 0 -1
    outer loop
      vertex -26.8056 -2.70228 0
      vertex -33.3467 -6.63307 0
      vertex -26.936 -2.61042 0
    endloop
  endfacet
  facet normal -0 0 -1
    outer loop
      vertex -26.936 -2.61042 0
      vertex -33.3467 -6.63307 0
      vertex -27.0618 -2.51228 0
    endloop
  endfacet
  facet normal -0 0 -1
    outer loop
      vertex -27.0618 -2.51228 0
      vertex -33.3467 -6.63307 0
      vertex -27.1826 -2.40809 0
    endloop
  endfacet
  facet normal 0 0 -1
    outer loop
      vertex -33.632 -4.98884 0
      vertex -27.1826 -2.40809 0
      vertex -33.3467 -6.63307 0
    endloop
  endfacet
  facet normal -0 0 -1
    outer loop
      vertex -27.1826 -2.40809 0
      vertex -33.632 -4.98884 0
      vertex -27.2981 -2.2981 0
    endloop
  endfacet
  facet normal -0 0 -1
    outer loop
      vertex -27.2981 -2.2981 0
      vertex -33.632 -4.98884 0
      vertex -27.4081 -2.18257 0
    endloop
  endfacet
  facet normal -0 0 -1
    outer loop
      vertex -27.4081 -2.18257 0
      vertex -33.632 -4.98884 0
      vertex -27.5123 -2.06178 0
    endloop
  endfacet
  facet normal -0 0 -1
    outer loop
      vertex -27.5123 -2.06178 0
      vertex -33.632 -4.98884 0
      vertex -27.6104 -1.93602 0
    endloop
  endfacet
  facet normal -0 0 -1
    outer loop
      vertex -27.6104 -1.93602 0
      vertex -33.632 -4.98884 0
      vertex -27.7023 -1.8056 0
    endloop
  endfacet
  facet normal 0 0 -1
    outer loop
      vertex -33.8363 -3.33258 0
      vertex -27.7023 -1.8056 0
      vertex -33.632 -4.98884 0
    endloop
  endfacet
  facet normal -0 0 -1
    outer loop
      vertex -27.7876 -1.67083 0
      vertex -33.8363 -3.33258 0
      vertex -27.8662 -1.53204 0
    endloop
  endfacet
  facet normal -0 0 -1
    outer loop
      vertex -27.7023 -1.8056 0
      vertex -33.8363 -3.33258 0
      vertex -27.7876 -1.67083 0
    endloop
  endfacet
  facet normal 0 0 -1
    outer loop
      vertex -29.1628 17.4795 0
      vertex -23.8995 3.05785 0
      vertex -23.9051 3.06002 0
    endloop
  endfacet
  facet normal 0 0 -1
    outer loop
      vertex -23.8995 3.05785 0
      vertex -24.0416 24.0416 0
      vertex -23.8995 24.177 0
    endloop
  endfacet
  facet normal 0 0 -1
    outer loop
      vertex -29.1628 17.4795 0
      vertex -23.9051 3.06002 0
      vertex -24.0566 3.11006 0
    endloop
  endfacet
  facet normal 0 0 -1
    outer loop
      vertex -29.9853 16.0275 0
      vertex -24.0566 3.11006 0
      vertex -24.2103 3.1526 0
    endloop
  endfacet
  facet normal 0 0 -1
    outer loop
      vertex -29.9853 16.0275 0
      vertex -24.2103 3.1526 0
      vertex -24.366 3.18755 0
    endloop
  endfacet
  facet normal 0 0 -1
    outer loop
      vertex -30.7356 14.5369 0
      vertex -24.366 3.18755 0
      vertex -24.5231 3.21482 0
    endloop
  endfacet
  facet normal 0 0 -1
    outer loop
      vertex -30.7356 14.5369 0
      vertex -24.5231 3.21482 0
      vertex -24.6814 3.23435 0
    endloop
  endfacet
  facet normal 0 0 -1
    outer loop
      vertex -30.7356 14.5369 0
      vertex -24.6814 3.23435 0
      vertex -24.8405 3.24609 0
    endloop
  endfacet
  facet normal 0 0 -1
    outer loop
      vertex -31.4119 13.0112 0
      vertex -24.8405 3.24609 0
      vertex -25 3.25 0
    endloop
  endfacet
  facet normal 0 0 -1
    outer loop
      vertex -31.4119 13.0112 0
      vertex -25 3.25 0
      vertex -25.1595 3.24609 0
    endloop
  endfacet
  facet normal 0 0 -1
    outer loop
      vertex -23.8995 3.05785 0
      vertex -25.1923 22.833 0
      vertex -24.0416 24.0416 0
    endloop
  endfacet
  facet normal 0 0 -1
    outer loop
      vertex -32.0125 11.4543 0
      vertex -25.1595 3.24609 0
      vertex -25.3186 3.23435 0
    endloop
  endfacet
  facet normal 0 0 -1
    outer loop
      vertex -32.0125 11.4543 0
      vertex -25.3186 3.23435 0
      vertex -25.4769 3.21482 0
    endloop
  endfacet
  facet normal 0 0 -1
    outer loop
      vertex -32.0125 11.4543 0
      vertex -25.4769 3.21482 0
      vertex -25.634 3.18755 0
    endloop
  endfacet
  facet normal 0 0 -1
    outer loop
      vertex -32.536 9.86968 0
      vertex -25.634 3.18755 0
      vertex -25.7897 3.1526 0
    endloop
  endfacet
  facet normal 0 0 -1
    outer loop
      vertex -32.536 9.86968 0
      vertex -25.7897 3.1526 0
      vertex -25.9434 3.11006 0
    endloop
  endfacet
  facet normal 0 0 -1
    outer loop
      vertex -32.536 9.86968 0
      vertex -25.9434 3.11006 0
      vertex -26.0949 3.06002 0
    endloop
  endfacet
  facet normal 0 0 -1
    outer loop
      vertex -32.536 9.86968 0
      vertex -26.0949 3.06002 0
      vertex -26.2437 3.00261 0
    endloop
  endfacet
  facet normal 0 0 -1
    outer loop
      vertex -23.8995 3.05785 0
      vertex -26.2824 21.5694 0
      vertex -25.1923 22.833 0
    endloop
  endfacet
  facet normal 0 0 -1
    outer loop
      vertex -32.9811 8.26133 0
      vertex -26.2437 3.00261 0
      vertex -26.3896 2.93796 0
    endloop
  endfacet
  facet normal 0 0 -1
    outer loop
      vertex -32.9811 8.26133 0
      vertex -26.3896 2.93796 0
      vertex -26.532 2.86624 0
    endloop
  endfacet
  facet normal 0 0 -1
    outer loop
      vertex -32.9811 8.26133 0
      vertex -26.532 2.86624 0
      vertex -26.6708 2.78762 0
    endloop
  endfacet
  facet normal 0 0 -1
    outer loop
      vertex -33.3467 6.63307 0
      vertex -26.6708 2.78762 0
      vertex -26.8056 2.70228 0
    endloop
  endfacet
  facet normal 0 0 -1
    outer loop
      vertex -33.3467 6.63307 0
      vertex -26.8056 2.70228 0
      vertex -26.936 2.61042 0
    endloop
  endfacet
  facet normal 0 0 -1
    outer loop
      vertex -33.3467 6.63307 0
      vertex -26.936 2.61042 0
      vertex -27.0618 2.51228 0
    endloop
  endfacet
  facet normal 0 0 -1
    outer loop
      vertex -33.3467 6.63307 0
      vertex -27.0618 2.51228 0
      vertex -27.1826 2.40809 0
    endloop
  endfacet
  facet normal 0 0 -1
    outer loop
      vertex -33.632 4.98884 0
      vertex -27.1826 2.40809 0
      vertex -27.2981 2.2981 0
    endloop
  endfacet
  facet normal 0 0 -1
    outer loop
      vertex -23.8995 3.05785 0
      vertex -27.3091 20.2538 0
      vertex -26.2824 21.5694 0
    endloop
  endfacet
  facet normal 0 0 -1
    outer loop
      vertex -33.632 4.98884 0
      vertex -27.2981 2.2981 0
      vertex -27.4081 2.18257 0
    endloop
  endfacet
  facet normal 0 0 -1
    outer loop
      vertex -33.632 4.98884 0
      vertex -27.4081 2.18257 0
      vertex -27.5123 2.06178 0
    endloop
  endfacet
  facet normal 0 0 -1
    outer loop
      vertex -33.632 4.98884 0
      vertex -27.5123 2.06178 0
      vertex -27.6104 1.93602 0
    endloop
  endfacet
  facet normal 0 0 -1
    outer loop
      vertex -33.632 4.98884 0
      vertex -27.6104 1.93602 0
      vertex -27.7023 1.8056 0
    endloop
  endfacet
  facet normal 0 0 -1
    outer loop
      vertex -33.8363 3.33258 0
      vertex -27.7023 1.8056 0
      vertex -27.7876 1.67083 0
    endloop
  endfacet
  facet normal 0 0 -1
    outer loop
      vertex -33.8363 3.33258 0
      vertex -27.7876 1.67083 0
      vertex -27.8662 1.53204 0
    endloop
  endfacet
  facet normal 0 0 -1
    outer loop
      vertex -33.8363 3.33258 0
      vertex -27.8662 1.53204 0
      vertex -27.938 1.38955 0
    endloop
  endfacet
  facet normal 0 0 -1
    outer loop
      vertex -33.8363 3.33258 0
      vertex -27.938 1.38955 0
      vertex -28.0026 1.24372 0
    endloop
  endfacet
  facet normal 0 0 -1
    outer loop
      vertex -33.8363 3.33258 0
      vertex -28.0026 1.24372 0
      vertex -28.06 1.09489 0
    endloop
  endfacet
  facet normal 0 0 -1
    outer loop
      vertex -33.959 1.6683 0
      vertex -28.06 1.09489 0
      vertex -28.1101 0.943425 0
    endloop
  endfacet
  facet normal 0 0 -1
    outer loop
      vertex -33.959 1.6683 0
      vertex -28.1101 0.943425 0
      vertex -28.1526 0.789685 0
    endloop
  endfacet
  facet normal 0 0 -1
    outer loop
      vertex -33.959 1.6683 0
      vertex -28.1526 0.789685 0
      vertex -28.1876 0.634043 0
    endloop
  endfacet
  facet normal 0 0 -1
    outer loop
      vertex -33.959 1.6683 0
      vertex -28.1876 0.634043 0
      vertex -28.2148 0.476873 0
    endloop
  endfacet
  facet normal 0 0 -1
    outer loop
      vertex -33.959 1.6683 0
      vertex -28.2148 0.476873 0
      vertex -28.2344 0.318555 0
    endloop
  endfacet
  facet normal 0 0 -1
    outer loop
      vertex -34 0 0
      vertex -28.2344 0.318555 0
      vertex -28.2461 0.15947 0
    endloop
  endfacet
  facet normal 0 0 -1
    outer loop
      vertex -23.8995 3.05785 0
      vertex -28.27 18.8894 0
      vertex -27.3091 20.2538 0
    endloop
  endfacet
  facet normal 0 0 -1
    outer loop
      vertex -34 0 0
      vertex -28.2461 0.15947 0
      vertex -28.25 0 0
    endloop
  endfacet
  facet normal -0 0 -1
    outer loop
      vertex -27.8662 -1.53204 0
      vertex -33.8363 -3.33258 0
      vertex -27.938 -1.38955 0
    endloop
  endfacet
  facet normal -0 0 -1
    outer loop
      vertex -27.938 -1.38955 0
      vertex -33.8363 -3.33258 0
      vertex -28.0026 -1.24372 0
    endloop
  endfacet
  facet normal 0 0 -1
    outer loop
      vertex -23.8995 3.05785 0
      vertex -29.1628 17.4795 0
      vertex -28.27 18.8894 0
    endloop
  endfacet
  facet normal -0 0 -1
    outer loop
      vertex -28.0026 -1.24372 0
      vertex -33.8363 -3.33258 0
      vertex -28.06 -1.09489 0
    endloop
  endfacet
  facet normal 0 0 -1
    outer loop
      vertex -24.0566 3.11006 0
      vertex -29.9853 16.0275 0
      vertex -29.1628 17.4795 0
    endloop
  endfacet
  facet normal 0 0 -1
    outer loop
      vertex -33.959 -1.6683 0
      vertex -28.06 -1.09489 0
      vertex -33.8363 -3.33258 0
    endloop
  endfacet
  facet normal 0 0 -1
    outer loop
      vertex -24.366 3.18755 0
      vertex -30.7356 14.5369 0
      vertex -29.9853 16.0275 0
    endloop
  endfacet
  facet normal -0 0 -1
    outer loop
      vertex -28.06 -1.09489 0
      vertex -33.959 -1.6683 0
      vertex -28.1101 -0.943425 0
    endloop
  endfacet
  facet normal 0 0 -1
    outer loop
      vertex -24.8405 3.24609 0
      vertex -31.4119 13.0112 0
      vertex -30.7356 14.5369 0
    endloop
  endfacet
  facet normal -0 0 -1
    outer loop
      vertex -28.1101 -0.943425 0
      vertex -33.959 -1.6683 0
      vertex -28.1526 -0.789685 0
    endloop
  endfacet
  facet normal 0 0 -1
    outer loop
      vertex -25.1595 3.24609 0
      vertex -32.0125 11.4543 0
      vertex -31.4119 13.0112 0
    endloop
  endfacet
  facet normal -0 0 -1
    outer loop
      vertex -28.1526 -0.789685 0
      vertex -33.959 -1.6683 0
      vertex -28.1876 -0.634043 0
    endloop
  endfacet
  facet normal 0 0 -1
    outer loop
      vertex -25.634 3.18755 0
      vertex -32.536 9.86968 0
      vertex -32.0125 11.4543 0
    endloop
  endfacet
  facet normal -0 0 -1
    outer loop
      vertex -28.1876 -0.634043 0
      vertex -33.959 -1.6683 0
      vertex -28.2148 -0.476873 0
    endloop
  endfacet
  facet normal 0 0 -1
    outer loop
      vertex -26.2437 3.00261 0
      vertex -32.9811 8.26133 0
      vertex -32.536 9.86968 0
    endloop
  endfacet
  facet normal -0 0 -1
    outer loop
      vertex -28.2148 -0.476873 0
      vertex -33.959 -1.6683 0
      vertex -28.2344 -0.318555 0
    endloop
  endfacet
  facet normal 0 0 -1
    outer loop
      vertex -26.6708 2.78762 0
      vertex -33.3467 6.63307 0
      vertex -32.9811 8.26133 0
    endloop
  endfacet
  facet normal 0 0 -1
    outer loop
      vertex -34 0 0
      vertex -28.2344 -0.318555 0
      vertex -33.959 -1.6683 0
    endloop
  endfacet
  facet normal 0 0 -1
    outer loop
      vertex -27.1826 2.40809 0
      vertex -33.632 4.98884 0
      vertex -33.3467 6.63307 0
    endloop
  endfacet
  facet normal 0 0 -1
    outer loop
      vertex -28.2344 -0.318555 0
      vertex -34 0 0
      vertex -28.2461 -0.15947 0
    endloop
  endfacet
  facet normal 0 0 -1
    outer loop
      vertex -27.7023 1.8056 0
      vertex -33.8363 3.33258 0
      vertex -33.632 4.98884 0
    endloop
  endfacet
  facet normal 0 0 -1
    outer loop
      vertex -28.2461 -0.15947 0
      vertex -34 0 0
      vertex -28.25 0 0
    endloop
  endfacet
  facet normal 0 0 -1
    outer loop
      vertex -28.06 1.09489 0
      vertex -33.959 1.6683 0
      vertex -33.8363 3.33258 0
    endloop
  endfacet
  facet normal -0 0 -1
    outer loop
      vertex -28.2344 0.318555 0
      vertex -34 0 0
      vertex -33.959 1.6683 0
    endloop
  endfacet
  facet normal 0 0 -1
    outer loop
      vertex 3.12221 -25.8995 0
      vertex 21.5694 -26.2824 0
      vertex 20.2538 -27.3091 0
    endloop
  endfacet
  facet normal 0 0 -1
    outer loop
      vertex 3.12221 -25.8995 0
      vertex 20.2538 -27.3091 0
      vertex 18.8894 -28.27 0
    endloop
  endfacet
  facet normal 0 0 -1
    outer loop
      vertex 3.12221 -25.8995 0
      vertex 18.8894 -28.27 0
      vertex 17.4795 -29.1628 0
    endloop
  endfacet
  facet normal 0 0 -1
    outer loop
      vertex 3.12221 -25.8995 0
      vertex 17.4795 -29.1628 0
      vertex 16.0275 -29.9853 0
    endloop
  endfacet
  facet normal 0 0 -1
    outer loop
      vertex 3.12221 -25.8995 0
      vertex 16.0275 -29.9853 0
      vertex 14.5369 -30.7356 0
    endloop
  endfacet
  facet normal 0 0 -1
    outer loop
      vertex 3.12221 -25.8995 0
      vertex 14.5369 -30.7356 0
      vertex 13.0112 -31.4119 0
    endloop
  endfacet
  facet normal 0 0 -1
    outer loop
      vertex 3.12221 -25.8995 0
      vertex 13.0112 -31.4119 0
      vertex 11.4543 -32.0125 0
    endloop
  endfacet
  facet normal 0 0 -1
    outer loop
      vertex 3.12221 -25.8995 0
      vertex 11.4543 -32.0125 0
      vertex 9.86968 -32.536 0
    endloop
  endfacet
  facet normal 0 0 -1
    outer loop
      vertex 3.06002 -26.0949 0
      vertex 9.86968 -32.536 0
      vertex 8.26133 -32.9811 0
    endloop
  endfacet
  facet normal 0 0 -1
    outer loop
      vertex 2.78762 -26.6708 0
      vertex 8.26133 -32.9811 0
      vertex 6.63307 -33.3467 0
    endloop
  endfacet
  facet normal 0 0 -1
    outer loop
      vertex 2.40809 -27.1826 0
      vertex 6.63307 -33.3467 0
      vertex 4.98884 -33.632 0
    endloop
  endfacet
  facet normal 0 0 -1
    outer loop
      vertex 1.8056 -27.7023 0
      vertex 4.98884 -33.632 0
      vertex 3.33258 -33.8363 0
    endloop
  endfacet
  facet normal 0 0 -1
    outer loop
      vertex 9.86968 -32.536 0
      vertex 3.06002 -26.0949 0
      vertex 3.11006 -25.9434 0
    endloop
  endfacet
  facet normal 0 0 -1
    outer loop
      vertex 21.5694 -26.2824 0
      vertex 3.12221 -25.8995 0
      vertex 22.0132 -25.8995 0
    endloop
  endfacet
  facet normal 0 0 -1
    outer loop
      vertex 9.86968 -32.536 0
      vertex 3.11006 -25.9434 0
      vertex 3.12221 -25.8995 0
    endloop
  endfacet
  facet normal 0 0 -1
    outer loop
      vertex 8.26133 -32.9811 0
      vertex 3.00261 -26.2437 0
      vertex 3.06002 -26.0949 0
    endloop
  endfacet
  facet normal 0 0 -1
    outer loop
      vertex 8.26133 -32.9811 0
      vertex 2.93796 -26.3896 0
      vertex 3.00261 -26.2437 0
    endloop
  endfacet
  facet normal 0 0 -1
    outer loop
      vertex 8.26133 -32.9811 0
      vertex 2.86624 -26.532 0
      vertex 2.93796 -26.3896 0
    endloop
  endfacet
  facet normal 0 0 -1
    outer loop
      vertex 8.26133 -32.9811 0
      vertex 2.78762 -26.6708 0
      vertex 2.86624 -26.532 0
    endloop
  endfacet
  facet normal 0 0 -1
    outer loop
      vertex 6.63307 -33.3467 0
      vertex 2.70228 -26.8056 0
      vertex 2.78762 -26.6708 0
    endloop
  endfacet
  facet normal 0 0 -1
    outer loop
      vertex 6.63307 -33.3467 0
      vertex 2.61042 -26.936 0
      vertex 2.70228 -26.8056 0
    endloop
  endfacet
  facet normal 0 0 -1
    outer loop
      vertex 6.63307 -33.3467 0
      vertex 2.51228 -27.0618 0
      vertex 2.61042 -26.936 0
    endloop
  endfacet
  facet normal 0 0 -1
    outer loop
      vertex 6.63307 -33.3467 0
      vertex 2.40809 -27.1826 0
      vertex 2.51228 -27.0618 0
    endloop
  endfacet
  facet normal 0 0 -1
    outer loop
      vertex 4.98884 -33.632 0
      vertex 2.2981 -27.2981 0
      vertex 2.40809 -27.1826 0
    endloop
  endfacet
  facet normal 0 0 -1
    outer loop
      vertex 4.98884 -33.632 0
      vertex 2.18257 -27.4081 0
      vertex 2.2981 -27.2981 0
    endloop
  endfacet
  facet normal 0 0 -1
    outer loop
      vertex 4.98884 -33.632 0
      vertex 2.06178 -27.5123 0
      vertex 2.18257 -27.4081 0
    endloop
  endfacet
  facet normal 0 0 -1
    outer loop
      vertex 4.98884 -33.632 0
      vertex 1.93602 -27.6104 0
      vertex 2.06178 -27.5123 0
    endloop
  endfacet
  facet normal 0 0 -1
    outer loop
      vertex 4.98884 -33.632 0
      vertex 1.8056 -27.7023 0
      vertex 1.93602 -27.6104 0
    endloop
  endfacet
  facet normal 0 0 -1
    outer loop
      vertex 3.33258 -33.8363 0
      vertex 1.67083 -27.7876 0
      vertex 1.8056 -27.7023 0
    endloop
  endfacet
  facet normal 0 0 -1
    outer loop
      vertex 1.24372 -28.0026 0
      vertex 3.33258 -33.8363 0
      vertex 1.6683 -33.959 0
    endloop
  endfacet
  facet normal 0 0 -1
    outer loop
      vertex 3.33258 -33.8363 0
      vertex 1.53204 -27.8662 0
      vertex 1.67083 -27.7876 0
    endloop
  endfacet
  facet normal 0 0 -1
    outer loop
      vertex 3.33258 -33.8363 0
      vertex 1.38955 -27.938 0
      vertex 1.53204 -27.8662 0
    endloop
  endfacet
  facet normal 0 0 -1
    outer loop
      vertex 3.33258 -33.8363 0
      vertex 1.24372 -28.0026 0
      vertex 1.38955 -27.938 0
    endloop
  endfacet
  facet normal 0 0 -1
    outer loop
      vertex 1.6683 -33.959 0
      vertex 1.09489 -28.06 0
      vertex 1.24372 -28.0026 0
    endloop
  endfacet
  facet normal 0 0 -1
    outer loop
      vertex 1.6683 -33.959 0
      vertex 0.943425 -28.1101 0
      vertex 1.09489 -28.06 0
    endloop
  endfacet
  facet normal 0 0 -1
    outer loop
      vertex 1.6683 -33.959 0
      vertex 0.789685 -28.1526 0
      vertex 0.943425 -28.1101 0
    endloop
  endfacet
  facet normal 0 0 -1
    outer loop
      vertex 1.6683 -33.959 0
      vertex 0.634043 -28.1876 0
      vertex 0.789685 -28.1526 0
    endloop
  endfacet
  facet normal 0 0 -1
    outer loop
      vertex 1.6683 -33.959 0
      vertex 0.476873 -28.2148 0
      vertex 0.634043 -28.1876 0
    endloop
  endfacet
  facet normal 0 0 -1
    outer loop
      vertex 1.6683 -33.959 0
      vertex 0.318555 -28.2344 0
      vertex 0.476873 -28.2148 0
    endloop
  endfacet
  facet normal 0 0 -1
    outer loop
      vertex 0 -34 0
      vertex 0.318555 -28.2344 0
      vertex 1.6683 -33.959 0
    endloop
  endfacet
  facet normal 0 0 -1
    outer loop
      vertex 0.318555 -28.2344 0
      vertex 0 -34 0
      vertex 0.15947 -28.2461 0
    endloop
  endfacet
  facet normal 0 0 -1
    outer loop
      vertex 0 -34 0
      vertex 0 -28.25 0
      vertex 0.15947 -28.2461 0
    endloop
  endfacet
  facet normal 0 0 -1
    outer loop
      vertex 0 -34 0
      vertex -0.15947 -28.2461 0
      vertex 0 -28.25 0
    endloop
  endfacet
  facet normal 0 0 -1
    outer loop
      vertex 0 -34 0
      vertex -0.318555 -28.2344 0
      vertex -0.15947 -28.2461 0
    endloop
  endfacet
  facet normal 0 0 -1
    outer loop
      vertex 0 -34 0
      vertex -0.476873 -28.2148 0
      vertex -0.318555 -28.2344 0
    endloop
  endfacet
  facet normal 0 0 -1
    outer loop
      vertex -1.6683 -33.959 0
      vertex -0.476873 -28.2148 0
      vertex 0 -34 0
    endloop
  endfacet
  facet normal -0 0 -1
    outer loop
      vertex -0.476873 -28.2148 0
      vertex -1.6683 -33.959 0
      vertex -0.634043 -28.1876 0
    endloop
  endfacet
  facet normal -0 0 -1
    outer loop
      vertex -0.634043 -28.1876 0
      vertex -1.6683 -33.959 0
      vertex -0.789685 -28.1526 0
    endloop
  endfacet
  facet normal -0 0 -1
    outer loop
      vertex -0.789685 -28.1526 0
      vertex -1.6683 -33.959 0
      vertex -0.943425 -28.1101 0
    endloop
  endfacet
  facet normal -0 0 -1
    outer loop
      vertex -0.943425 -28.1101 0
      vertex -1.6683 -33.959 0
      vertex -1.09489 -28.06 0
    endloop
  endfacet
  facet normal -0 0 -1
    outer loop
      vertex -1.09489 -28.06 0
      vertex -1.6683 -33.959 0
      vertex -1.24372 -28.0026 0
    endloop
  endfacet
  facet normal 0 0 -1
    outer loop
      vertex -3.33258 -33.8363 0
      vertex -1.24372 -28.0026 0
      vertex -1.6683 -33.959 0
    endloop
  endfacet
  facet normal -0 0 -1
    outer loop
      vertex -1.24372 -28.0026 0
      vertex -3.33258 -33.8363 0
      vertex -1.38955 -27.938 0
    endloop
  endfacet
  facet normal -0 0 -1
    outer loop
      vertex -1.38955 -27.938 0
      vertex -3.33258 -33.8363 0
      vertex -1.53204 -27.8662 0
    endloop
  endfacet
  facet normal -0 0 -1
    outer loop
      vertex -1.53204 -27.8662 0
      vertex -3.33258 -33.8363 0
      vertex -1.67083 -27.7876 0
    endloop
  endfacet
  facet normal -0 0 -1
    outer loop
      vertex -1.67083 -27.7876 0
      vertex -3.33258 -33.8363 0
      vertex -1.8056 -27.7023 0
    endloop
  endfacet
  facet normal 0 0 -1
    outer loop
      vertex -4.98884 -33.632 0
      vertex -1.8056 -27.7023 0
      vertex -3.33258 -33.8363 0
    endloop
  endfacet
  facet normal -0 0 -1
    outer loop
      vertex -1.8056 -27.7023 0
      vertex -4.98884 -33.632 0
      vertex -1.93602 -27.6104 0
    endloop
  endfacet
  facet normal -0 0 -1
    outer loop
      vertex -1.93602 -27.6104 0
      vertex -4.98884 -33.632 0
      vertex -2.06178 -27.5123 0
    endloop
  endfacet
  facet normal -0 0 -1
    outer loop
      vertex -2.06178 -27.5123 0
      vertex -4.98884 -33.632 0
      vertex -2.18257 -27.4081 0
    endloop
  endfacet
  facet normal -0 0 -1
    outer loop
      vertex -2.18257 -27.4081 0
      vertex -4.98884 -33.632 0
      vertex -2.2981 -27.2981 0
    endloop
  endfacet
  facet normal -0 0 -1
    outer loop
      vertex -2.2981 -27.2981 0
      vertex -4.98884 -33.632 0
      vertex -2.40809 -27.1826 0
    endloop
  endfacet
  facet normal 0 0 -1
    outer loop
      vertex -6.63307 -33.3467 0
      vertex -2.40809 -27.1826 0
      vertex -4.98884 -33.632 0
    endloop
  endfacet
  facet normal -0 0 -1
    outer loop
      vertex -2.40809 -27.1826 0
      vertex -6.63307 -33.3467 0
      vertex -2.51228 -27.0618 0
    endloop
  endfacet
  facet normal -0 0 -1
    outer loop
      vertex -2.51228 -27.0618 0
      vertex -6.63307 -33.3467 0
      vertex -2.61042 -26.936 0
    endloop
  endfacet
  facet normal -0 0 -1
    outer loop
      vertex -2.61042 -26.936 0
      vertex -6.63307 -33.3467 0
      vertex -2.70228 -26.8056 0
    endloop
  endfacet
  facet normal -0 0 -1
    outer loop
      vertex -2.70228 -26.8056 0
      vertex -6.63307 -33.3467 0
      vertex -2.78762 -26.6708 0
    endloop
  endfacet
  facet normal 0 0 -1
    outer loop
      vertex -8.26133 -32.9811 0
      vertex -2.78762 -26.6708 0
      vertex -6.63307 -33.3467 0
    endloop
  endfacet
  facet normal -0 0 -1
    outer loop
      vertex -2.78762 -26.6708 0
      vertex -8.26133 -32.9811 0
      vertex -2.86624 -26.532 0
    endloop
  endfacet
  facet normal -0 0 -1
    outer loop
      vertex -2.86624 -26.532 0
      vertex -8.26133 -32.9811 0
      vertex -2.93796 -26.3896 0
    endloop
  endfacet
  facet normal -0 0 -1
    outer loop
      vertex -2.93796 -26.3896 0
      vertex -8.26133 -32.9811 0
      vertex -3.00261 -26.2437 0
    endloop
  endfacet
  facet normal -0 0 -1
    outer loop
      vertex -3.00261 -26.2437 0
      vertex -8.26133 -32.9811 0
      vertex -3.06002 -26.0949 0
    endloop
  endfacet
  facet normal 0 0 -1
    outer loop
      vertex -9.86968 -32.536 0
      vertex -3.06002 -26.0949 0
      vertex -8.26133 -32.9811 0
    endloop
  endfacet
  facet normal -0 0 -1
    outer loop
      vertex -3.06002 -26.0949 0
      vertex -9.86968 -32.536 0
      vertex -3.11006 -25.9434 0
    endloop
  endfacet
  facet normal -0 0 -1
    outer loop
      vertex -3.11006 -25.9434 0
      vertex -9.86968 -32.536 0
      vertex -3.12221 -25.8995 0
    endloop
  endfacet
  facet normal 0 0 -1
    outer loop
      vertex -11.4543 -32.0125 0
      vertex -3.12221 -25.8995 0
      vertex -9.86968 -32.536 0
    endloop
  endfacet
  facet normal 0 0 -1
    outer loop
      vertex -13.0112 -31.4119 0
      vertex -3.12221 -25.8995 0
      vertex -11.4543 -32.0125 0
    endloop
  endfacet
  facet normal 0 0 -1
    outer loop
      vertex -14.5369 -30.7356 0
      vertex -3.12221 -25.8995 0
      vertex -13.0112 -31.4119 0
    endloop
  endfacet
  facet normal 0 0 -1
    outer loop
      vertex -16.0275 -29.9853 0
      vertex -3.12221 -25.8995 0
      vertex -14.5369 -30.7356 0
    endloop
  endfacet
  facet normal 0 0 -1
    outer loop
      vertex -17.4795 -29.1628 0
      vertex -3.12221 -25.8995 0
      vertex -16.0275 -29.9853 0
    endloop
  endfacet
  facet normal 0 0 -1
    outer loop
      vertex -18.8894 -28.27 0
      vertex -3.12221 -25.8995 0
      vertex -17.4795 -29.1628 0
    endloop
  endfacet
  facet normal 0 0 -1
    outer loop
      vertex -20.2538 -27.3091 0
      vertex -3.12221 -25.8995 0
      vertex -18.8894 -28.27 0
    endloop
  endfacet
  facet normal 0 0 -1
    outer loop
      vertex -21.5694 -26.2824 0
      vertex -3.12221 -25.8995 0
      vertex -20.2538 -27.3091 0
    endloop
  endfacet
  facet normal -0 0 -1
    outer loop
      vertex -3.12221 -25.8995 0
      vertex -21.5694 -26.2824 0
      vertex -22.0132 -25.8995 0
    endloop
  endfacet
  facet normal -0 0 -1
    outer loop
      vertex -15.5205 -3.88768 0
      vertex -19.8995 -7.95979 0
      vertex -15.5768 -3.63708 0
    endloop
  endfacet
  facet normal -0 0 -1
    outer loop
      vertex -15.311 -4.64455 0
      vertex -19.8995 -7.95979 0
      vertex -15.5205 -3.88768 0
    endloop
  endfacet
  facet normal -0 0 -1
    outer loop
      vertex -15.0647 -5.39024 0
      vertex -19.8995 -7.95979 0
      vertex -15.311 -4.64455 0
    endloop
  endfacet
  facet normal -0 0 -1
    outer loop
      vertex -14.7821 -6.12293 0
      vertex -19.8995 -7.95979 0
      vertex -15.0647 -5.39024 0
    endloop
  endfacet
  facet normal -0 0 -1
    outer loop
      vertex -14.4638 -6.84088 0
      vertex -19.8995 -7.95979 0
      vertex -14.7821 -6.12293 0
    endloop
  endfacet
  facet normal -0 0 -1
    outer loop
      vertex -14.1107 -7.54235 0
      vertex -19.8995 -7.95979 0
      vertex -14.4638 -6.84088 0
    endloop
  endfacet
  facet normal 0 0 -1
    outer loop
      vertex -19.8995 -7.95979 0
      vertex -14.1107 -7.54235 0
      vertex -13.8743 -7.95979 0
    endloop
  endfacet
  facet normal 0 0 -1
    outer loop
      vertex 19.8995 -7.95979 0
      vertex 15.5205 -3.88768 0
      vertex 15.5768 -3.63708 0
    endloop
  endfacet
  facet normal 0 0 -1
    outer loop
      vertex 19.8995 -7.95979 0
      vertex 15.311 -4.64455 0
      vertex 15.5205 -3.88768 0
    endloop
  endfacet
  facet normal 0 0 -1
    outer loop
      vertex 19.8995 -7.95979 0
      vertex 15.0647 -5.39024 0
      vertex 15.311 -4.64455 0
    endloop
  endfacet
  facet normal 0 0 -1
    outer loop
      vertex 19.8995 -7.95979 0
      vertex 14.7821 -6.12293 0
      vertex 15.0647 -5.39024 0
    endloop
  endfacet
  facet normal 0 0 -1
    outer loop
      vertex 19.8995 -7.95979 0
      vertex 14.4638 -6.84088 0
      vertex 14.7821 -6.12293 0
    endloop
  endfacet
  facet normal 0 0 -1
    outer loop
      vertex 19.8995 -7.95979 0
      vertex 14.1107 -7.54235 0
      vertex 14.4638 -6.84088 0
    endloop
  endfacet
  facet normal 0 -0 -1
    outer loop
      vertex 14.1107 -7.54235 0
      vertex 19.8995 -7.95979 0
      vertex 13.8743 -7.95979 0
    endloop
  endfacet
  facet normal -0.932985 -0.359915 0
    outer loop
      vertex -31.4119 -13.0112 0
      vertex -32.0125 -11.4543 8
      vertex -32.0125 -11.4543 0
    endloop
  endfacet
  facet normal -0.932985 -0.359915 0
    outer loop
      vertex -32.0125 -11.4543 8
      vertex -31.4119 -13.0112 0
      vertex -31.4119 -13.0112 8
    endloop
  endfacet
  facet normal -0.949526 -0.313688 0
    outer loop
      vertex -32.0125 -11.4543 0
      vertex -32.536 -9.86968 8
      vertex -32.536 -9.86968 0
    endloop
  endfacet
  facet normal -0.949526 -0.313688 0
    outer loop
      vertex -32.536 -9.86968 8
      vertex -32.0125 -11.4543 0
      vertex -32.0125 -11.4543 8
    endloop
  endfacet
  facet normal 0.975707 0.21908 0
    outer loop
      vertex 33.3467 6.63307 8
      vertex 32.9811 8.26133 0
      vertex 32.9811 8.26133 8
    endloop
  endfacet
  facet normal 0.975707 0.21908 0
    outer loop
      vertex 32.9811 8.26133 0
      vertex 33.3467 6.63307 8
      vertex 33.3467 6.63307 0
    endloop
  endfacet
  facet normal 0.932985 0.359915 0
    outer loop
      vertex 32.0125 11.4543 8
      vertex 31.4119 13.0112 0
      vertex 31.4119 13.0112 8
    endloop
  endfacet
  facet normal 0.932985 0.359915 0
    outer loop
      vertex 31.4119 13.0112 0
      vertex 32.0125 11.4543 8
      vertex 32.0125 11.4543 0
    endloop
  endfacet
  facet normal 0.963775 0.266718 0
    outer loop
      vertex 32.9811 8.26133 8
      vertex 32.536 9.86968 0
      vertex 32.536 9.86968 8
    endloop
  endfacet
  facet normal 0.963775 0.266718 0
    outer loop
      vertex 32.536 9.86968 0
      vertex 32.9811 8.26133 8
      vertex 32.9811 8.26133 0
    endloop
  endfacet
  facet normal 0.724242 0.689546 0
    outer loop
      vertex 25.1923 22.833 8
      vertex 24.0416 24.0416 0
      vertex 24.0416 24.0416 8
    endloop
  endfacet
  facet normal 0.724242 0.689546 0
    outer loop
      vertex 24.0416 24.0416 0
      vertex 25.1923 22.833 8
      vertex 25.1923 22.833 0
    endloop
  endfacet
  facet normal -0.81759 0.575801 0
    outer loop
      vertex -28.27 18.8894 0
      vertex -27.3091 20.2538 8
      vertex -27.3091 20.2538 0
    endloop
  endfacet
  facet normal -0.81759 0.575801 0
    outer loop
      vertex -27.3091 20.2538 8
      vertex -28.27 18.8894 0
      vertex -28.27 18.8894 8
    endloop
  endfacet
  facet normal -0.893226 0.449609 0
    outer loop
      vertex -30.7356 14.5369 0
      vertex -29.9853 16.0275 8
      vertex -29.9853 16.0275 0
    endloop
  endfacet
  facet normal -0.893226 0.449609 0
    outer loop
      vertex -29.9853 16.0275 8
      vertex -30.7356 14.5369 0
      vertex -30.7356 14.5369 8
    endloop
  endfacet
  facet normal 0 0 1
    outer loop
      vertex -18.8257 -14.906 8
      vertex -23.7563 -3.00261 8
      vertex -18.9603 -14.9657 8
    endloop
  endfacet
  facet normal -0 0 1
    outer loop
      vertex -23.9051 -3.06002 8
      vertex -18.9603 -14.9657 8
      vertex -23.7563 -3.00261 8
    endloop
  endfacet
  facet normal 0 0 1
    outer loop
      vertex -18.9603 -14.9657 8
      vertex -23.9051 -3.06002 8
      vertex -19.0919 -15.0319 8
    endloop
  endfacet
  facet normal -0 0 1
    outer loop
      vertex -24.0566 -3.11006 8
      vertex -19.0919 -15.0319 8
      vertex -23.9051 -3.06002 8
    endloop
  endfacet
  facet normal 0 0 1
    outer loop
      vertex -19.0919 -15.0319 8
      vertex -24.0566 -3.11006 8
      vertex -19.22 -15.1045 8
    endloop
  endfacet
  facet normal -0 0 1
    outer loop
      vertex -24.2103 -3.1526 8
      vertex -19.22 -15.1045 8
      vertex -24.0566 -3.11006 8
    endloop
  endfacet
  facet normal 0 0 1
    outer loop
      vertex -19.22 -15.1045 8
      vertex -24.2103 -3.1526 8
      vertex -19.3444 -15.1833 8
    endloop
  endfacet
  facet normal -0 0 1
    outer loop
      vertex -24.366 -3.18755 8
      vertex -19.3444 -15.1833 8
      vertex -24.2103 -3.1526 8
    endloop
  endfacet
  facet normal 0 0 1
    outer loop
      vertex -19.3444 -15.1833 8
      vertex -24.366 -3.18755 8
      vertex -19.4648 -15.268 8
    endloop
  endfacet
  facet normal -0 0 1
    outer loop
      vertex -24.5231 -3.21482 8
      vertex -19.4648 -15.268 8
      vertex -24.366 -3.18755 8
    endloop
  endfacet
  facet normal 0 0 1
    outer loop
      vertex -19.4648 -15.268 8
      vertex -24.5231 -3.21482 8
      vertex -19.5808 -15.3586 8
    endloop
  endfacet
  facet normal -0 0 1
    outer loop
      vertex -24.6814 -3.23435 8
      vertex -19.5808 -15.3586 8
      vertex -24.5231 -3.21482 8
    endloop
  endfacet
  facet normal 0 0 1
    outer loop
      vertex -19.5808 -15.3586 8
      vertex -24.6814 -3.23435 8
      vertex -19.6923 -15.4548 8
    endloop
  endfacet
  facet normal -0 0 1
    outer loop
      vertex -24.8405 -3.24609 8
      vertex -19.6923 -15.4548 8
      vertex -24.6814 -3.23435 8
    endloop
  endfacet
  facet normal 0 0 1
    outer loop
      vertex -19.6923 -15.4548 8
      vertex -24.8405 -3.24609 8
      vertex -19.799 -15.5563 8
    endloop
  endfacet
  facet normal -0 0 1
    outer loop
      vertex -31.4119 -13.0112 8
      vertex -19.799 -15.5563 8
      vertex -24.8405 -3.24609 8
    endloop
  endfacet
  facet normal 0 0 1
    outer loop
      vertex -19.799 -15.5563 8
      vertex -31.4119 -13.0112 8
      vertex -19.9005 -15.663 8
    endloop
  endfacet
  facet normal 0 0 1
    outer loop
      vertex -20.6741 -17.5305 8
      vertex -22.833 -25.1923 8
      vertex -21.5694 -26.2824 8
    endloop
  endfacet
  facet normal -0 -0 1
    outer loop
      vertex -30.7356 -14.5369 8
      vertex -19.9005 -15.663 8
      vertex -31.4119 -13.0112 8
    endloop
  endfacet
  facet normal 0 0 1
    outer loop
      vertex -19.9005 -15.663 8
      vertex -30.7356 -14.5369 8
      vertex -19.9967 -15.7745 8
    endloop
  endfacet
  facet normal 0 0 1
    outer loop
      vertex -19.9967 -15.7745 8
      vertex -30.7356 -14.5369 8
      vertex -20.0873 -15.8906 8
    endloop
  endfacet
  facet normal 0 0 1
    outer loop
      vertex -20.0873 -15.8906 8
      vertex -30.7356 -14.5369 8
      vertex -20.1721 -16.011 8
    endloop
  endfacet
  facet normal 0 -0 1
    outer loop
      vertex -29.9853 -16.0275 8
      vertex -20.1721 -16.011 8
      vertex -30.7356 -14.5369 8
    endloop
  endfacet
  facet normal 0 0 1
    outer loop
      vertex -20.1721 -16.011 8
      vertex -29.9853 -16.0275 8
      vertex -20.2509 -16.1354 8
    endloop
  endfacet
  facet normal 0 0 1
    outer loop
      vertex -20.2509 -16.1354 8
      vertex -29.9853 -16.0275 8
      vertex -20.3234 -16.2635 8
    endloop
  endfacet
  facet normal 0 0 1
    outer loop
      vertex -20.3234 -16.2635 8
      vertex -29.9853 -16.0275 8
      vertex -20.3896 -16.395 8
    endloop
  endfacet
  facet normal 0 0 1
    outer loop
      vertex -20.6741 -17.5305 8
      vertex -24.0416 -24.0416 8
      vertex -22.833 -25.1923 8
    endloop
  endfacet
  facet normal 0 -0 1
    outer loop
      vertex -29.1628 -17.4795 8
      vertex -20.3896 -16.395 8
      vertex -29.9853 -16.0275 8
    endloop
  endfacet
  facet normal 0 0 1
    outer loop
      vertex -20.3896 -16.395 8
      vertex -29.1628 -17.4795 8
      vertex -20.4493 -16.5296 8
    endloop
  endfacet
  facet normal 0 0 1
    outer loop
      vertex -20.4493 -16.5296 8
      vertex -29.1628 -17.4795 8
      vertex -20.5023 -16.667 8
    endloop
  endfacet
  facet normal 0 -0 1
    outer loop
      vertex -28.27 -18.8894 8
      vertex -20.5878 -16.9487 8
      vertex -29.1628 -17.4795 8
    endloop
  endfacet
  facet normal 0 0 1
    outer loop
      vertex -20.5878 -16.9487 8
      vertex -28.27 -18.8894 8
      vertex -20.62 -17.0924 8
    endloop
  endfacet
  facet normal 0 0 1
    outer loop
      vertex -20.5485 -16.8068 8
      vertex -29.1628 -17.4795 8
      vertex -20.5878 -16.9487 8
    endloop
  endfacet
  facet normal 0 0 1
    outer loop
      vertex -31.4119 -13.0112 8
      vertex -24.8405 -3.24609 8
      vertex -25 -3.25 8
    endloop
  endfacet
  facet normal 0 0 1
    outer loop
      vertex -31.4119 -13.0112 8
      vertex -25 -3.25 8
      vertex -25.1595 -3.24609 8
    endloop
  endfacet
  facet normal 0 0 1
    outer loop
      vertex -20.6741 -17.5305 8
      vertex -25.1923 -22.833 8
      vertex -24.0416 -24.0416 8
    endloop
  endfacet
  facet normal 0 0 1
    outer loop
      vertex -32.0125 -11.4543 8
      vertex -25.1595 -3.24609 8
      vertex -25.3186 -3.23435 8
    endloop
  endfacet
  facet normal 0 0 1
    outer loop
      vertex -32.0125 -11.4543 8
      vertex -25.3186 -3.23435 8
      vertex -25.4769 -3.21482 8
    endloop
  endfacet
  facet normal 0 0 1
    outer loop
      vertex -32.0125 -11.4543 8
      vertex -25.4769 -3.21482 8
      vertex -25.634 -3.18755 8
    endloop
  endfacet
  facet normal 0 0 1
    outer loop
      vertex -32.536 -9.86968 8
      vertex -25.634 -3.18755 8
      vertex -25.7897 -3.1526 8
    endloop
  endfacet
  facet normal 0 0 1
    outer loop
      vertex -32.536 -9.86968 8
      vertex -25.7897 -3.1526 8
      vertex -25.9434 -3.11006 8
    endloop
  endfacet
  facet normal 0 0 1
    outer loop
      vertex -32.536 -9.86968 8
      vertex -25.9434 -3.11006 8
      vertex -26.0949 -3.06002 8
    endloop
  endfacet
  facet normal 0 0 1
    outer loop
      vertex -32.536 -9.86968 8
      vertex -26.0949 -3.06002 8
      vertex -26.2437 -3.00261 8
    endloop
  endfacet
  facet normal 0 0 1
    outer loop
      vertex -20.6741 -17.5305 8
      vertex -26.2824 -21.5694 8
      vertex -25.1923 -22.833 8
    endloop
  endfacet
  facet normal 0 0 1
    outer loop
      vertex -32.9811 -8.26133 8
      vertex -26.2437 -3.00261 8
      vertex -26.3896 -2.93796 8
    endloop
  endfacet
  facet normal 0 0 1
    outer loop
      vertex -32.9811 -8.26133 8
      vertex -26.3896 -2.93796 8
      vertex -26.532 -2.86624 8
    endloop
  endfacet
  facet normal 0 0 1
    outer loop
      vertex -32.9811 -8.26133 8
      vertex -26.532 -2.86624 8
      vertex -26.6708 -2.78762 8
    endloop
  endfacet
  facet normal 0 0 1
    outer loop
      vertex -33.3467 -6.63307 8
      vertex -26.6708 -2.78762 8
      vertex -26.8056 -2.70228 8
    endloop
  endfacet
  facet normal 0 0 1
    outer loop
      vertex -33.3467 -6.63307 8
      vertex -26.8056 -2.70228 8
      vertex -26.936 -2.61042 8
    endloop
  endfacet
  facet normal 0 0 1
    outer loop
      vertex -33.3467 -6.63307 8
      vertex -26.936 -2.61042 8
      vertex -27.0618 -2.51228 8
    endloop
  endfacet
  facet normal 0 0 1
    outer loop
      vertex -33.3467 -6.63307 8
      vertex -27.0618 -2.51228 8
      vertex -27.1826 -2.40809 8
    endloop
  endfacet
  facet normal 0 0 1
    outer loop
      vertex -33.632 -4.98884 8
      vertex -27.1826 -2.40809 8
      vertex -27.2981 -2.2981 8
    endloop
  endfacet
  facet normal 0 0 1
    outer loop
      vertex -20.6741 -17.5305 8
      vertex -27.3091 -20.2538 8
      vertex -26.2824 -21.5694 8
    endloop
  endfacet
  facet normal 0 0 1
    outer loop
      vertex -33.632 -4.98884 8
      vertex -27.2981 -2.2981 8
      vertex -27.4081 -2.18257 8
    endloop
  endfacet
  facet normal 0 0 1
    outer loop
      vertex -33.632 -4.98884 8
      vertex -27.4081 -2.18257 8
      vertex -27.5123 -2.06178 8
    endloop
  endfacet
  facet normal 0 0 1
    outer loop
      vertex -33.632 -4.98884 8
      vertex -27.5123 -2.06178 8
      vertex -27.6104 -1.93602 8
    endloop
  endfacet
  facet normal 0 0 1
    outer loop
      vertex -33.632 -4.98884 8
      vertex -27.6104 -1.93602 8
      vertex -27.7023 -1.8056 8
    endloop
  endfacet
  facet normal 0 0 1
    outer loop
      vertex -33.8363 -3.33258 8
      vertex -27.7023 -1.8056 8
      vertex -27.7876 -1.67083 8
    endloop
  endfacet
  facet normal 0 0 1
    outer loop
      vertex -33.8363 -3.33258 8
      vertex -27.7876 -1.67083 8
      vertex -27.8662 -1.53204 8
    endloop
  endfacet
  facet normal 0 0 1
    outer loop
      vertex -33.8363 -3.33258 8
      vertex -27.8662 -1.53204 8
      vertex -27.938 -1.38955 8
    endloop
  endfacet
  facet normal 0 0 1
    outer loop
      vertex -33.8363 -3.33258 8
      vertex -27.938 -1.38955 8
      vertex -28.0026 -1.24372 8
    endloop
  endfacet
  facet normal 0 0 1
    outer loop
      vertex -33.8363 -3.33258 8
      vertex -28.0026 -1.24372 8
      vertex -28.06 -1.09489 8
    endloop
  endfacet
  facet normal 0 0 1
    outer loop
      vertex -33.959 -1.6683 8
      vertex -28.06 -1.09489 8
      vertex -28.1101 -0.943425 8
    endloop
  endfacet
  facet normal 0 0 1
    outer loop
      vertex -33.959 -1.6683 8
      vertex -28.1101 -0.943425 8
      vertex -28.1526 -0.789685 8
    endloop
  endfacet
  facet normal 0 0 1
    outer loop
      vertex -33.959 -1.6683 8
      vertex -28.1526 -0.789685 8
      vertex -28.1876 -0.634043 8
    endloop
  endfacet
  facet normal 0 0 1
    outer loop
      vertex -33.959 -1.6683 8
      vertex -28.1876 -0.634043 8
      vertex -28.2148 -0.476873 8
    endloop
  endfacet
  facet normal 0 0 1
    outer loop
      vertex -33.959 -1.6683 8
      vertex -28.2148 -0.476873 8
      vertex -28.2344 -0.318555 8
    endloop
  endfacet
  facet normal 0 0 1
    outer loop
      vertex -34 0 8
      vertex -28.2344 -0.318555 8
      vertex -28.2461 -0.15947 8
    endloop
  endfacet
  facet normal 0 0 1
    outer loop
      vertex -20.6741 -17.5305 8
      vertex -28.27 -18.8894 8
      vertex -27.3091 -20.2538 8
    endloop
  endfacet
  facet normal -0 0 1
    outer loop
      vertex -34 0 8
      vertex -28.2461 -0.15947 8
      vertex -28.25 0 8
    endloop
  endfacet
  facet normal 0 0 1
    outer loop
      vertex -27.8662 1.53204 8
      vertex -33.8363 3.33258 8
      vertex -27.938 1.38955 8
    endloop
  endfacet
  facet normal 0 0 1
    outer loop
      vertex -27.938 1.38955 8
      vertex -33.8363 3.33258 8
      vertex -28.0026 1.24372 8
    endloop
  endfacet
  facet normal 0 0 1
    outer loop
      vertex -20.6632 -17.3836 8
      vertex -28.27 -18.8894 8
      vertex -20.6741 -17.5305 8
    endloop
  endfacet
  facet normal 0 0 1
    outer loop
      vertex -28.0026 1.24372 8
      vertex -33.8363 3.33258 8
      vertex -28.06 1.09489 8
    endloop
  endfacet
  facet normal 0 0 1
    outer loop
      vertex -20.6452 -17.2375 8
      vertex -28.27 -18.8894 8
      vertex -20.6632 -17.3836 8
    endloop
  endfacet
  facet normal -0 0 1
    outer loop
      vertex -33.959 1.6683 8
      vertex -28.06 1.09489 8
      vertex -33.8363 3.33258 8
    endloop
  endfacet
  facet normal 0 0 1
    outer loop
      vertex -20.62 -17.0924 8
      vertex -28.27 -18.8894 8
      vertex -20.6452 -17.2375 8
    endloop
  endfacet
  facet normal 0 0 1
    outer loop
      vertex -28.06 1.09489 8
      vertex -33.959 1.6683 8
      vertex -28.1101 0.943425 8
    endloop
  endfacet
  facet normal 0 0 1
    outer loop
      vertex -20.5023 -16.667 8
      vertex -29.1628 -17.4795 8
      vertex -20.5485 -16.8068 8
    endloop
  endfacet
  facet normal 0 0 1
    outer loop
      vertex -28.1101 0.943425 8
      vertex -33.959 1.6683 8
      vertex -28.1526 0.789685 8
    endloop
  endfacet
  facet normal 0 0 1
    outer loop
      vertex -25.1595 -3.24609 8
      vertex -32.0125 -11.4543 8
      vertex -31.4119 -13.0112 8
    endloop
  endfacet
  facet normal 0 0 1
    outer loop
      vertex -28.1526 0.789685 8
      vertex -33.959 1.6683 8
      vertex -28.1876 0.634043 8
    endloop
  endfacet
  facet normal 0 0 1
    outer loop
      vertex -25.634 -3.18755 8
      vertex -32.536 -9.86968 8
      vertex -32.0125 -11.4543 8
    endloop
  endfacet
  facet normal 0 0 1
    outer loop
      vertex -28.1876 0.634043 8
      vertex -33.959 1.6683 8
      vertex -28.2148 0.476873 8
    endloop
  endfacet
  facet normal 0 0 1
    outer loop
      vertex -26.2437 -3.00261 8
      vertex -32.9811 -8.26133 8
      vertex -32.536 -9.86968 8
    endloop
  endfacet
  facet normal 0 0 1
    outer loop
      vertex -28.2148 0.476873 8
      vertex -33.959 1.6683 8
      vertex -28.2344 0.318555 8
    endloop
  endfacet
  facet normal 0 0 1
    outer loop
      vertex -26.6708 -2.78762 8
      vertex -33.3467 -6.63307 8
      vertex -32.9811 -8.26133 8
    endloop
  endfacet
  facet normal 0 0 1
    outer loop
      vertex -34 0 8
      vertex -28.2344 0.318555 8
      vertex -33.959 1.6683 8
    endloop
  endfacet
  facet normal 0 0 1
    outer loop
      vertex -27.1826 -2.40809 8
      vertex -33.632 -4.98884 8
      vertex -33.3467 -6.63307 8
    endloop
  endfacet
  facet normal 0 0 1
    outer loop
      vertex -28.2344 0.318555 8
      vertex -34 0 8
      vertex -28.2461 0.15947 8
    endloop
  endfacet
  facet normal 0 0 1
    outer loop
      vertex -27.7023 -1.8056 8
      vertex -33.8363 -3.33258 8
      vertex -33.632 -4.98884 8
    endloop
  endfacet
  facet normal 0 0 1
    outer loop
      vertex -28.2461 0.15947 8
      vertex -34 0 8
      vertex -28.25 0 8
    endloop
  endfacet
  facet normal 0 0 1
    outer loop
      vertex -28.06 -1.09489 8
      vertex -33.959 -1.6683 8
      vertex -33.8363 -3.33258 8
    endloop
  endfacet
  facet normal 0 0 1
    outer loop
      vertex -28.2344 -0.318555 8
      vertex -34 0 8
      vertex -33.959 -1.6683 8
    endloop
  endfacet
  facet normal -0 0 1
    outer loop
      vertex -14.9657 -18.9603 8
      vertex -3.06002 -23.9051 8
      vertex -14.906 -18.8257 8
    endloop
  endfacet
  facet normal 0 0 1
    outer loop
      vertex -3.06002 -23.9051 8
      vertex -14.9657 -18.9603 8
      vertex -3.11006 -24.0566 8
    endloop
  endfacet
  facet normal -0 0 1
    outer loop
      vertex -15.0319 -19.0919 8
      vertex -3.11006 -24.0566 8
      vertex -14.9657 -18.9603 8
    endloop
  endfacet
  facet normal 0 0 1
    outer loop
      vertex -3.11006 -24.0566 8
      vertex -15.0319 -19.0919 8
      vertex -3.1526 -24.2103 8
    endloop
  endfacet
  facet normal -0 0 1
    outer loop
      vertex -15.1045 -19.22 8
      vertex -3.1526 -24.2103 8
      vertex -15.0319 -19.0919 8
    endloop
  endfacet
  facet normal 0 0 1
    outer loop
      vertex -3.1526 -24.2103 8
      vertex -15.1045 -19.22 8
      vertex -3.18755 -24.366 8
    endloop
  endfacet
  facet normal -0 0 1
    outer loop
      vertex -15.1833 -19.3444 8
      vertex -3.18755 -24.366 8
      vertex -15.1045 -19.22 8
    endloop
  endfacet
  facet normal 0 0 1
    outer loop
      vertex -3.18755 -24.366 8
      vertex -15.1833 -19.3444 8
      vertex -3.21482 -24.5231 8
    endloop
  endfacet
  facet normal -0 0 1
    outer loop
      vertex -15.268 -19.4648 8
      vertex -3.21482 -24.5231 8
      vertex -15.1833 -19.3444 8
    endloop
  endfacet
  facet normal -0 0 1
    outer loop
      vertex -15.3586 -19.5808 8
      vertex -3.21482 -24.5231 8
      vertex -15.268 -19.4648 8
    endloop
  endfacet
  facet normal 0 0 1
    outer loop
      vertex -3.21482 -24.5231 8
      vertex -15.3586 -19.5808 8
      vertex -3.23435 -24.6814 8
    endloop
  endfacet
  facet normal -0 0 1
    outer loop
      vertex -15.4548 -19.6923 8
      vertex -3.23435 -24.6814 8
      vertex -15.3586 -19.5808 8
    endloop
  endfacet
  facet normal 0 0 1
    outer loop
      vertex -3.23435 -24.6814 8
      vertex -15.4548 -19.6923 8
      vertex -3.24609 -24.8405 8
    endloop
  endfacet
  facet normal -0 0 1
    outer loop
      vertex -15.5563 -19.799 8
      vertex -3.24609 -24.8405 8
      vertex -15.4548 -19.6923 8
    endloop
  endfacet
  facet normal 0 0 1
    outer loop
      vertex -3.24609 -24.8405 8
      vertex -15.5563 -19.799 8
      vertex -13.0112 -31.4119 8
    endloop
  endfacet
  facet normal -0 0 1
    outer loop
      vertex -15.663 -19.9005 8
      vertex -13.0112 -31.4119 8
      vertex -15.5563 -19.799 8
    endloop
  endfacet
  facet normal 0 0 1
    outer loop
      vertex -13.0112 -31.4119 8
      vertex -15.663 -19.9005 8
      vertex -14.5369 -30.7356 8
    endloop
  endfacet
  facet normal -0 0 1
    outer loop
      vertex -15.7745 -19.9967 8
      vertex -14.5369 -30.7356 8
      vertex -15.663 -19.9005 8
    endloop
  endfacet
  facet normal -0 0 1
    outer loop
      vertex -15.8906 -20.0873 8
      vertex -14.5369 -30.7356 8
      vertex -15.7745 -19.9967 8
    endloop
  endfacet
  facet normal -0 0 1
    outer loop
      vertex -16.011 -20.1721 8
      vertex -14.5369 -30.7356 8
      vertex -15.8906 -20.0873 8
    endloop
  endfacet
  facet normal 0 0 1
    outer loop
      vertex -16.011 -20.1721 8
      vertex -16.0275 -29.9853 8
      vertex -14.5369 -30.7356 8
    endloop
  endfacet
  facet normal -0 0 1
    outer loop
      vertex -16.1354 -20.2509 8
      vertex -16.0275 -29.9853 8
      vertex -16.011 -20.1721 8
    endloop
  endfacet
  facet normal -0 0 1
    outer loop
      vertex -16.2635 -20.3234 8
      vertex -16.0275 -29.9853 8
      vertex -16.1354 -20.2509 8
    endloop
  endfacet
  facet normal -0 0 1
    outer loop
      vertex -16.395 -20.3896 8
      vertex -16.0275 -29.9853 8
      vertex -16.2635 -20.3234 8
    endloop
  endfacet
  facet normal 0 0 1
    outer loop
      vertex -17.4795 -29.1628 8
      vertex -16.395 -20.3896 8
      vertex -16.5296 -20.4493 8
    endloop
  endfacet
  facet normal 0 0 1
    outer loop
      vertex -17.4795 -29.1628 8
      vertex -16.5296 -20.4493 8
      vertex -16.667 -20.5023 8
    endloop
  endfacet
  facet normal 0 0 1
    outer loop
      vertex -17.4795 -29.1628 8
      vertex -16.667 -20.5023 8
      vertex -16.8068 -20.5485 8
    endloop
  endfacet
  facet normal 0 0 1
    outer loop
      vertex -17.4795 -29.1628 8
      vertex -16.8068 -20.5485 8
      vertex -16.9487 -20.5878 8
    endloop
  endfacet
  facet normal 0 0 1
    outer loop
      vertex -18.8894 -28.27 8
      vertex -16.9487 -20.5878 8
      vertex -17.0924 -20.62 8
    endloop
  endfacet
  facet normal 0 0 1
    outer loop
      vertex -18.8894 -28.27 8
      vertex -17.0924 -20.62 8
      vertex -17.2375 -20.6452 8
    endloop
  endfacet
  facet normal 0 0 1
    outer loop
      vertex -18.8894 -28.27 8
      vertex -17.2375 -20.6452 8
      vertex -17.3836 -20.6632 8
    endloop
  endfacet
  facet normal 0 0 1
    outer loop
      vertex -16.395 -20.3896 8
      vertex -17.4795 -29.1628 8
      vertex -16.0275 -29.9853 8
    endloop
  endfacet
  facet normal 0 0 1
    outer loop
      vertex -18.8894 -28.27 8
      vertex -17.3836 -20.6632 8
      vertex -17.5305 -20.6741 8
    endloop
  endfacet
  facet normal 0 0 1
    outer loop
      vertex -20.2538 -27.3091 8
      vertex -17.5305 -20.6741 8
      vertex -17.6777 -20.6777 8
    endloop
  endfacet
  facet normal 0 0 1
    outer loop
      vertex -20.2538 -27.3091 8
      vertex -17.6777 -20.6777 8
      vertex -17.8249 -20.6741 8
    endloop
  endfacet
  facet normal 0 0 1
    outer loop
      vertex -20.2538 -27.3091 8
      vertex -17.8249 -20.6741 8
      vertex -17.9717 -20.6632 8
    endloop
  endfacet
  facet normal 0 0 1
    outer loop
      vertex -20.2538 -27.3091 8
      vertex -17.9717 -20.6632 8
      vertex -18.1179 -20.6452 8
    endloop
  endfacet
  facet normal 0 0 1
    outer loop
      vertex -20.2538 -27.3091 8
      vertex -18.1179 -20.6452 8
      vertex -18.2629 -20.62 8
    endloop
  endfacet
  facet normal 0 0 1
    outer loop
      vertex -21.5694 -26.2824 8
      vertex -18.2629 -20.62 8
      vertex -18.4066 -20.5878 8
    endloop
  endfacet
  facet normal 0 0 1
    outer loop
      vertex -21.5694 -26.2824 8
      vertex -18.4066 -20.5878 8
      vertex -18.5485 -20.5485 8
    endloop
  endfacet
  facet normal 0 0 1
    outer loop
      vertex -21.5694 -26.2824 8
      vertex -18.5485 -20.5485 8
      vertex -18.6883 -20.5023 8
    endloop
  endfacet
  facet normal 0 0 1
    outer loop
      vertex -21.5694 -26.2824 8
      vertex -18.6883 -20.5023 8
      vertex -18.8257 -20.4493 8
    endloop
  endfacet
  facet normal 0 0 1
    outer loop
      vertex -16.9487 -20.5878 8
      vertex -18.8894 -28.27 8
      vertex -17.4795 -29.1628 8
    endloop
  endfacet
  facet normal 0 0 1
    outer loop
      vertex -21.5694 -26.2824 8
      vertex -18.8257 -20.4493 8
      vertex -18.9603 -20.3896 8
    endloop
  endfacet
  facet normal 0 0 1
    outer loop
      vertex -21.5694 -26.2824 8
      vertex -18.9603 -20.3896 8
      vertex -19.0919 -20.3234 8
    endloop
  endfacet
  facet normal 0 0 1
    outer loop
      vertex -21.5694 -26.2824 8
      vertex -19.0919 -20.3234 8
      vertex -19.22 -20.2509 8
    endloop
  endfacet
  facet normal 0 0 1
    outer loop
      vertex -21.5694 -26.2824 8
      vertex -19.22 -20.2509 8
      vertex -19.3444 -20.1721 8
    endloop
  endfacet
  facet normal 0 0 1
    outer loop
      vertex -21.5694 -26.2824 8
      vertex -19.3444 -20.1721 8
      vertex -19.4648 -20.0873 8
    endloop
  endfacet
  facet normal 0 0 1
    outer loop
      vertex -21.5694 -26.2824 8
      vertex -19.4648 -20.0873 8
      vertex -19.5808 -19.9967 8
    endloop
  endfacet
  facet normal 0 0 1
    outer loop
      vertex -21.5694 -26.2824 8
      vertex -19.5808 -19.9967 8
      vertex -19.6923 -19.9005 8
    endloop
  endfacet
  facet normal 0 0 1
    outer loop
      vertex -21.5694 -26.2824 8
      vertex -19.6923 -19.9005 8
      vertex -19.799 -19.799 8
    endloop
  endfacet
  facet normal 0 0 1
    outer loop
      vertex -21.5694 -26.2824 8
      vertex -19.799 -19.799 8
      vertex -19.9005 -19.6923 8
    endloop
  endfacet
  facet normal 0 0 1
    outer loop
      vertex -21.5694 -26.2824 8
      vertex -19.9005 -19.6923 8
      vertex -19.9967 -19.5808 8
    endloop
  endfacet
  facet normal 0 0 1
    outer loop
      vertex -21.5694 -26.2824 8
      vertex -19.9967 -19.5808 8
      vertex -20.0873 -19.4648 8
    endloop
  endfacet
  facet normal 0 0 1
    outer loop
      vertex -21.5694 -26.2824 8
      vertex -20.0873 -19.4648 8
      vertex -20.1721 -19.3444 8
    endloop
  endfacet
  facet normal 0 0 1
    outer loop
      vertex -21.5694 -26.2824 8
      vertex -20.1721 -19.3444 8
      vertex -20.2509 -19.22 8
    endloop
  endfacet
  facet normal 0 0 1
    outer loop
      vertex -17.5305 -20.6741 8
      vertex -20.2538 -27.3091 8
      vertex -18.8894 -28.27 8
    endloop
  endfacet
  facet normal 0 0 1
    outer loop
      vertex -21.5694 -26.2824 8
      vertex -20.2509 -19.22 8
      vertex -20.3234 -19.0919 8
    endloop
  endfacet
  facet normal 0 0 1
    outer loop
      vertex -21.5694 -26.2824 8
      vertex -20.3234 -19.0919 8
      vertex -20.3896 -18.9603 8
    endloop
  endfacet
  facet normal 0 0 1
    outer loop
      vertex -21.5694 -26.2824 8
      vertex -20.3896 -18.9603 8
      vertex -20.4493 -18.8257 8
    endloop
  endfacet
  facet normal 0 0 1
    outer loop
      vertex -21.5694 -26.2824 8
      vertex -20.4493 -18.8257 8
      vertex -20.5023 -18.6883 8
    endloop
  endfacet
  facet normal 0 0 1
    outer loop
      vertex -21.5694 -26.2824 8
      vertex -20.5023 -18.6883 8
      vertex -20.5485 -18.5485 8
    endloop
  endfacet
  facet normal 0 0 1
    outer loop
      vertex -21.5694 -26.2824 8
      vertex -20.5485 -18.5485 8
      vertex -20.5878 -18.4066 8
    endloop
  endfacet
  facet normal 0 0 1
    outer loop
      vertex -21.5694 -26.2824 8
      vertex -20.5878 -18.4066 8
      vertex -20.62 -18.2629 8
    endloop
  endfacet
  facet normal 0 0 1
    outer loop
      vertex -21.5694 -26.2824 8
      vertex -20.62 -18.2629 8
      vertex -20.6452 -18.1179 8
    endloop
  endfacet
  facet normal 0 0 1
    outer loop
      vertex -21.5694 -26.2824 8
      vertex -20.6452 -18.1179 8
      vertex -20.6632 -17.9717 8
    endloop
  endfacet
  facet normal 0 0 1
    outer loop
      vertex -21.5694 -26.2824 8
      vertex -20.6632 -17.9717 8
      vertex -20.6741 -17.8249 8
    endloop
  endfacet
  facet normal 0 0 1
    outer loop
      vertex -18.2629 -20.62 8
      vertex -21.5694 -26.2824 8
      vertex -20.2538 -27.3091 8
    endloop
  endfacet
  facet normal 0 0 1
    outer loop
      vertex -20.6777 -17.6777 8
      vertex -21.5694 -26.2824 8
      vertex -20.6741 -17.8249 8
    endloop
  endfacet
  facet normal 0 0 1
    outer loop
      vertex -20.6741 -17.5305 8
      vertex -21.5694 -26.2824 8
      vertex -20.6777 -17.6777 8
    endloop
  endfacet
  facet normal -0 0 1
    outer loop
      vertex -23.7563 -3.00261 8
      vertex -18.8257 -14.906 8
      vertex -23.6104 -2.93796 8
    endloop
  endfacet
  facet normal 0 0 1
    outer loop
      vertex -21.5694 26.2824 8
      vertex -21.7539 0.15947 8
      vertex -21.75 0 8
    endloop
  endfacet
  facet normal 0 0 1
    outer loop
      vertex -21.5694 26.2824 8
      vertex -21.7656 0.318555 8
      vertex -21.7539 0.15947 8
    endloop
  endfacet
  facet normal 0 0 1
    outer loop
      vertex -21.5694 26.2824 8
      vertex -21.7852 0.476873 8
      vertex -21.7656 0.318555 8
    endloop
  endfacet
  facet normal 0 0 1
    outer loop
      vertex -21.5694 26.2824 8
      vertex -21.8124 0.634043 8
      vertex -21.7852 0.476873 8
    endloop
  endfacet
  facet normal 0 0 1
    outer loop
      vertex -21.5694 26.2824 8
      vertex -21.8474 0.789685 8
      vertex -21.8124 0.634043 8
    endloop
  endfacet
  facet normal 0 0 1
    outer loop
      vertex -21.5694 26.2824 8
      vertex -21.8899 0.943425 8
      vertex -21.8474 0.789685 8
    endloop
  endfacet
  facet normal 0 0 1
    outer loop
      vertex -21.5694 26.2824 8
      vertex -21.94 1.09489 8
      vertex -21.8899 0.943425 8
    endloop
  endfacet
  facet normal 0 0 1
    outer loop
      vertex -21.5694 26.2824 8
      vertex -21.9974 1.24372 8
      vertex -21.94 1.09489 8
    endloop
  endfacet
  facet normal 0 0 1
    outer loop
      vertex -21.5694 26.2824 8
      vertex -22.062 1.38955 8
      vertex -21.9974 1.24372 8
    endloop
  endfacet
  facet normal 0 0 1
    outer loop
      vertex -21.5694 26.2824 8
      vertex -22.1338 1.53204 8
      vertex -22.062 1.38955 8
    endloop
  endfacet
  facet normal 0 0 1
    outer loop
      vertex -21.5694 26.2824 8
      vertex -22.2124 1.67083 8
      vertex -22.1338 1.53204 8
    endloop
  endfacet
  facet normal 0 0 1
    outer loop
      vertex -21.5694 26.2824 8
      vertex -22.2977 1.8056 8
      vertex -22.2124 1.67083 8
    endloop
  endfacet
  facet normal 0 0 1
    outer loop
      vertex -21.5694 26.2824 8
      vertex -22.3896 1.93602 8
      vertex -22.2977 1.8056 8
    endloop
  endfacet
  facet normal 0 0 1
    outer loop
      vertex -21.5694 26.2824 8
      vertex -22.4877 2.06178 8
      vertex -22.3896 1.93602 8
    endloop
  endfacet
  facet normal 0 0 1
    outer loop
      vertex -21.5694 26.2824 8
      vertex -22.5919 2.18257 8
      vertex -22.4877 2.06178 8
    endloop
  endfacet
  facet normal 0 0 1
    outer loop
      vertex -21.5694 26.2824 8
      vertex -22.7019 2.2981 8
      vertex -22.5919 2.18257 8
    endloop
  endfacet
  facet normal 0 0 1
    outer loop
      vertex -21.5694 26.2824 8
      vertex -22.8174 2.40809 8
      vertex -22.7019 2.2981 8
    endloop
  endfacet
  facet normal -0 0 1
    outer loop
      vertex -22.833 25.1923 8
      vertex -22.8174 2.40809 8
      vertex -21.5694 26.2824 8
    endloop
  endfacet
  facet normal 0 0 1
    outer loop
      vertex -22.833 25.1923 8
      vertex -22.9382 2.51228 8
      vertex -22.8174 2.40809 8
    endloop
  endfacet
  facet normal -0 0 1
    outer loop
      vertex -24.0416 24.0416 8
      vertex -22.9382 2.51228 8
      vertex -22.833 25.1923 8
    endloop
  endfacet
  facet normal 0 0 1
    outer loop
      vertex -22.9382 2.51228 8
      vertex -24.0416 24.0416 8
      vertex -23.064 2.61042 8
    endloop
  endfacet
  facet normal -0 0 1
    outer loop
      vertex -25.1923 22.833 8
      vertex -23.064 2.61042 8
      vertex -24.0416 24.0416 8
    endloop
  endfacet
  facet normal 0 0 1
    outer loop
      vertex -23.064 2.61042 8
      vertex -25.1923 22.833 8
      vertex -23.1944 2.70228 8
    endloop
  endfacet
  facet normal -0 0 1
    outer loop
      vertex -26.2824 21.5694 8
      vertex -23.1944 2.70228 8
      vertex -25.1923 22.833 8
    endloop
  endfacet
  facet normal 0 0 1
    outer loop
      vertex -23.1944 2.70228 8
      vertex -26.2824 21.5694 8
      vertex -23.3292 2.78762 8
    endloop
  endfacet
  facet normal -0 0 1
    outer loop
      vertex -27.3091 20.2538 8
      vertex -23.3292 2.78762 8
      vertex -26.2824 21.5694 8
    endloop
  endfacet
  facet normal 0 0 1
    outer loop
      vertex -23.3292 2.78762 8
      vertex -27.3091 20.2538 8
      vertex -23.468 2.86624 8
    endloop
  endfacet
  facet normal 0 0 1
    outer loop
      vertex -23.468 2.86624 8
      vertex -27.3091 20.2538 8
      vertex -23.6104 2.93796 8
    endloop
  endfacet
  facet normal -0 0 1
    outer loop
      vertex -28.27 18.8894 8
      vertex -23.6104 2.93796 8
      vertex -27.3091 20.2538 8
    endloop
  endfacet
  facet normal 0 0 1
    outer loop
      vertex -23.6104 2.93796 8
      vertex -28.27 18.8894 8
      vertex -23.7563 3.00261 8
    endloop
  endfacet
  facet normal -0 0 1
    outer loop
      vertex -29.1628 17.4795 8
      vertex -23.7563 3.00261 8
      vertex -28.27 18.8894 8
    endloop
  endfacet
  facet normal 0 0 1
    outer loop
      vertex -23.7563 3.00261 8
      vertex -29.1628 17.4795 8
      vertex -23.9051 3.06002 8
    endloop
  endfacet
  facet normal 0 0 1
    outer loop
      vertex -23.9051 3.06002 8
      vertex -29.1628 17.4795 8
      vertex -24.0566 3.11006 8
    endloop
  endfacet
  facet normal -0 0 1
    outer loop
      vertex -29.9853 16.0275 8
      vertex -24.0566 3.11006 8
      vertex -29.1628 17.4795 8
    endloop
  endfacet
  facet normal 0 0 1
    outer loop
      vertex -24.0566 3.11006 8
      vertex -29.9853 16.0275 8
      vertex -24.2103 3.1526 8
    endloop
  endfacet
  facet normal 0 0 1
    outer loop
      vertex -24.2103 3.1526 8
      vertex -29.9853 16.0275 8
      vertex -24.366 3.18755 8
    endloop
  endfacet
  facet normal -0 0 1
    outer loop
      vertex -30.7356 14.5369 8
      vertex -24.366 3.18755 8
      vertex -29.9853 16.0275 8
    endloop
  endfacet
  facet normal 0 0 1
    outer loop
      vertex -24.366 3.18755 8
      vertex -30.7356 14.5369 8
      vertex -24.5231 3.21482 8
    endloop
  endfacet
  facet normal 0 0 1
    outer loop
      vertex -24.5231 3.21482 8
      vertex -30.7356 14.5369 8
      vertex -24.6814 3.23435 8
    endloop
  endfacet
  facet normal 0 0 1
    outer loop
      vertex -24.6814 3.23435 8
      vertex -30.7356 14.5369 8
      vertex -24.8405 3.24609 8
    endloop
  endfacet
  facet normal -0 0 1
    outer loop
      vertex -31.4119 13.0112 8
      vertex -24.8405 3.24609 8
      vertex -30.7356 14.5369 8
    endloop
  endfacet
  facet normal 0 0 1
    outer loop
      vertex -24.8405 3.24609 8
      vertex -31.4119 13.0112 8
      vertex -25 3.25 8
    endloop
  endfacet
  facet normal 0 0 1
    outer loop
      vertex -25 3.25 8
      vertex -31.4119 13.0112 8
      vertex -25.1595 3.24609 8
    endloop
  endfacet
  facet normal -0 0 1
    outer loop
      vertex -32.0125 11.4543 8
      vertex -25.1595 3.24609 8
      vertex -31.4119 13.0112 8
    endloop
  endfacet
  facet normal 0 0 1
    outer loop
      vertex -25.1595 3.24609 8
      vertex -32.0125 11.4543 8
      vertex -25.3186 3.23435 8
    endloop
  endfacet
  facet normal 0 0 1
    outer loop
      vertex -25.3186 3.23435 8
      vertex -32.0125 11.4543 8
      vertex -25.4769 3.21482 8
    endloop
  endfacet
  facet normal 0 0 1
    outer loop
      vertex -25.4769 3.21482 8
      vertex -32.0125 11.4543 8
      vertex -25.634 3.18755 8
    endloop
  endfacet
  facet normal -0 0 1
    outer loop
      vertex -32.536 9.86968 8
      vertex -25.634 3.18755 8
      vertex -32.0125 11.4543 8
    endloop
  endfacet
  facet normal 0 0 1
    outer loop
      vertex -25.634 3.18755 8
      vertex -32.536 9.86968 8
      vertex -25.7897 3.1526 8
    endloop
  endfacet
  facet normal 0 0 1
    outer loop
      vertex -25.7897 3.1526 8
      vertex -32.536 9.86968 8
      vertex -25.9434 3.11006 8
    endloop
  endfacet
  facet normal 0 0 1
    outer loop
      vertex -25.9434 3.11006 8
      vertex -32.536 9.86968 8
      vertex -26.0949 3.06002 8
    endloop
  endfacet
  facet normal 0 0 1
    outer loop
      vertex -26.0949 3.06002 8
      vertex -32.536 9.86968 8
      vertex -26.2437 3.00261 8
    endloop
  endfacet
  facet normal -0 0 1
    outer loop
      vertex -32.9811 8.26133 8
      vertex -26.2437 3.00261 8
      vertex -32.536 9.86968 8
    endloop
  endfacet
  facet normal 0 0 1
    outer loop
      vertex -26.2437 3.00261 8
      vertex -32.9811 8.26133 8
      vertex -26.3896 2.93796 8
    endloop
  endfacet
  facet normal 0 0 1
    outer loop
      vertex -26.3896 2.93796 8
      vertex -32.9811 8.26133 8
      vertex -26.532 2.86624 8
    endloop
  endfacet
  facet normal 0 0 1
    outer loop
      vertex -26.532 2.86624 8
      vertex -32.9811 8.26133 8
      vertex -26.6708 2.78762 8
    endloop
  endfacet
  facet normal -0 0 1
    outer loop
      vertex -33.3467 6.63307 8
      vertex -26.6708 2.78762 8
      vertex -32.9811 8.26133 8
    endloop
  endfacet
  facet normal 0 0 1
    outer loop
      vertex -26.6708 2.78762 8
      vertex -33.3467 6.63307 8
      vertex -26.8056 2.70228 8
    endloop
  endfacet
  facet normal 0 0 1
    outer loop
      vertex -26.8056 2.70228 8
      vertex -33.3467 6.63307 8
      vertex -26.936 2.61042 8
    endloop
  endfacet
  facet normal 0 0 1
    outer loop
      vertex -26.936 2.61042 8
      vertex -33.3467 6.63307 8
      vertex -27.0618 2.51228 8
    endloop
  endfacet
  facet normal 0 0 1
    outer loop
      vertex -27.0618 2.51228 8
      vertex -33.3467 6.63307 8
      vertex -27.1826 2.40809 8
    endloop
  endfacet
  facet normal -0 0 1
    outer loop
      vertex -33.632 4.98884 8
      vertex -27.1826 2.40809 8
      vertex -33.3467 6.63307 8
    endloop
  endfacet
  facet normal 0 0 1
    outer loop
      vertex -27.1826 2.40809 8
      vertex -33.632 4.98884 8
      vertex -27.2981 2.2981 8
    endloop
  endfacet
  facet normal 0 0 1
    outer loop
      vertex -27.2981 2.2981 8
      vertex -33.632 4.98884 8
      vertex -27.4081 2.18257 8
    endloop
  endfacet
  facet normal 0 0 1
    outer loop
      vertex -27.4081 2.18257 8
      vertex -33.632 4.98884 8
      vertex -27.5123 2.06178 8
    endloop
  endfacet
  facet normal 0 0 1
    outer loop
      vertex -27.5123 2.06178 8
      vertex -33.632 4.98884 8
      vertex -27.6104 1.93602 8
    endloop
  endfacet
  facet normal 0 0 1
    outer loop
      vertex -27.6104 1.93602 8
      vertex -33.632 4.98884 8
      vertex -27.7023 1.8056 8
    endloop
  endfacet
  facet normal -0 0 1
    outer loop
      vertex -33.8363 3.33258 8
      vertex -27.7023 1.8056 8
      vertex -33.632 4.98884 8
    endloop
  endfacet
  facet normal 0 0 1
    outer loop
      vertex -27.7876 1.67083 8
      vertex -33.8363 3.33258 8
      vertex -27.8662 1.53204 8
    endloop
  endfacet
  facet normal 0 0 1
    outer loop
      vertex -27.7023 1.8056 8
      vertex -33.8363 3.33258 8
      vertex -27.7876 1.67083 8
    endloop
  endfacet
  facet normal 0 0 1
    outer loop
      vertex 13.0112 31.4119 8
      vertex 3.24609 25.1595 8
      vertex 3.25 25 8
    endloop
  endfacet
  facet normal 0 0 1
    outer loop
      vertex 4.98884 33.632 8
      vertex 3.23435 25.3186 8
      vertex 3.24609 25.1595 8
    endloop
  endfacet
  facet normal 0 0 1
    outer loop
      vertex 4.98884 33.632 8
      vertex 3.21482 25.4769 8
      vertex 3.23435 25.3186 8
    endloop
  endfacet
  facet normal 0 0 1
    outer loop
      vertex 4.98884 33.632 8
      vertex 3.18755 25.634 8
      vertex 3.21482 25.4769 8
    endloop
  endfacet
  facet normal 0 0 1
    outer loop
      vertex 4.98884 33.632 8
      vertex 3.1526 25.7897 8
      vertex 3.18755 25.634 8
    endloop
  endfacet
  facet normal 0 0 1
    outer loop
      vertex 4.98884 33.632 8
      vertex 3.11006 25.9434 8
      vertex 3.1526 25.7897 8
    endloop
  endfacet
  facet normal 0 0 1
    outer loop
      vertex 4.98884 33.632 8
      vertex 3.06002 26.0949 8
      vertex 3.11006 25.9434 8
    endloop
  endfacet
  facet normal 0 0 1
    outer loop
      vertex 4.98884 33.632 8
      vertex 3.00261 26.2437 8
      vertex 3.06002 26.0949 8
    endloop
  endfacet
  facet normal 0 0 1
    outer loop
      vertex 4.98884 33.632 8
      vertex 2.93796 26.3896 8
      vertex 3.00261 26.2437 8
    endloop
  endfacet
  facet normal 0 0 1
    outer loop
      vertex 4.98884 33.632 8
      vertex 2.86624 26.532 8
      vertex 2.93796 26.3896 8
    endloop
  endfacet
  facet normal 0 0 1
    outer loop
      vertex 4.98884 33.632 8
      vertex 2.78762 26.6708 8
      vertex 2.86624 26.532 8
    endloop
  endfacet
  facet normal 0 0 1
    outer loop
      vertex 4.98884 33.632 8
      vertex 2.70228 26.8056 8
      vertex 2.78762 26.6708 8
    endloop
  endfacet
  facet normal 0 0 1
    outer loop
      vertex 4.98884 33.632 8
      vertex 2.61042 26.936 8
      vertex 2.70228 26.8056 8
    endloop
  endfacet
  facet normal 0 0 1
    outer loop
      vertex 4.98884 33.632 8
      vertex 2.51228 27.0618 8
      vertex 2.61042 26.936 8
    endloop
  endfacet
  facet normal 0 0 1
    outer loop
      vertex 4.98884 33.632 8
      vertex 2.40809 27.1826 8
      vertex 2.51228 27.0618 8
    endloop
  endfacet
  facet normal 0 0 1
    outer loop
      vertex 4.98884 33.632 8
      vertex 2.2981 27.2981 8
      vertex 2.40809 27.1826 8
    endloop
  endfacet
  facet normal 0 0 1
    outer loop
      vertex 4.98884 33.632 8
      vertex 2.18257 27.4081 8
      vertex 2.2981 27.2981 8
    endloop
  endfacet
  facet normal 0 0 1
    outer loop
      vertex 4.98884 33.632 8
      vertex 2.06178 27.5123 8
      vertex 2.18257 27.4081 8
    endloop
  endfacet
  facet normal 0 0 1
    outer loop
      vertex 4.98884 33.632 8
      vertex 1.93602 27.6104 8
      vertex 2.06178 27.5123 8
    endloop
  endfacet
  facet normal 0 0 1
    outer loop
      vertex 4.98884 33.632 8
      vertex 1.8056 27.7023 8
      vertex 1.93602 27.6104 8
    endloop
  endfacet
  facet normal 0 0 1
    outer loop
      vertex 3.33258 33.8363 8
      vertex 1.67083 27.7876 8
      vertex 1.8056 27.7023 8
    endloop
  endfacet
  facet normal 0 0 1
    outer loop
      vertex 1.24372 28.0026 8
      vertex 3.33258 33.8363 8
      vertex 1.6683 33.959 8
    endloop
  endfacet
  facet normal 0 0 1
    outer loop
      vertex 3.33258 33.8363 8
      vertex 1.53204 27.8662 8
      vertex 1.67083 27.7876 8
    endloop
  endfacet
  facet normal 0 0 1
    outer loop
      vertex 3.33258 33.8363 8
      vertex 1.38955 27.938 8
      vertex 1.53204 27.8662 8
    endloop
  endfacet
  facet normal 0 0 1
    outer loop
      vertex 3.33258 33.8363 8
      vertex 1.24372 28.0026 8
      vertex 1.38955 27.938 8
    endloop
  endfacet
  facet normal 0 0 1
    outer loop
      vertex 1.6683 33.959 8
      vertex 1.09489 28.06 8
      vertex 1.24372 28.0026 8
    endloop
  endfacet
  facet normal 0 0 1
    outer loop
      vertex 1.6683 33.959 8
      vertex 0.943425 28.1101 8
      vertex 1.09489 28.06 8
    endloop
  endfacet
  facet normal 0 0 1
    outer loop
      vertex 1.6683 33.959 8
      vertex 0.789685 28.1526 8
      vertex 0.943425 28.1101 8
    endloop
  endfacet
  facet normal 0 0 1
    outer loop
      vertex 1.6683 33.959 8
      vertex 0.634043 28.1876 8
      vertex 0.789685 28.1526 8
    endloop
  endfacet
  facet normal 0 0 1
    outer loop
      vertex 1.6683 33.959 8
      vertex 0.476873 28.2148 8
      vertex 0.634043 28.1876 8
    endloop
  endfacet
  facet normal 0 0 1
    outer loop
      vertex 1.6683 33.959 8
      vertex 0.318555 28.2344 8
      vertex 0.476873 28.2148 8
    endloop
  endfacet
  facet normal 0 0 1
    outer loop
      vertex 0 34 8
      vertex 0.318555 28.2344 8
      vertex 1.6683 33.959 8
    endloop
  endfacet
  facet normal 0 0 1
    outer loop
      vertex 0.318555 28.2344 8
      vertex 0 34 8
      vertex 0.15947 28.2461 8
    endloop
  endfacet
  facet normal 0 0 1
    outer loop
      vertex 0 34 8
      vertex 0 28.25 8
      vertex 0.15947 28.2461 8
    endloop
  endfacet
  facet normal 0 0 1
    outer loop
      vertex 0 34 8
      vertex -0.15947 28.2461 8
      vertex 0 28.25 8
    endloop
  endfacet
  facet normal 0 0 1
    outer loop
      vertex 0 34 8
      vertex -0.318555 28.2344 8
      vertex -0.15947 28.2461 8
    endloop
  endfacet
  facet normal 0 0 1
    outer loop
      vertex 0 34 8
      vertex -0.476873 28.2148 8
      vertex -0.318555 28.2344 8
    endloop
  endfacet
  facet normal -0 0 1
    outer loop
      vertex -1.6683 33.959 8
      vertex -0.476873 28.2148 8
      vertex 0 34 8
    endloop
  endfacet
  facet normal 0 0 1
    outer loop
      vertex -0.476873 28.2148 8
      vertex -1.6683 33.959 8
      vertex -0.634043 28.1876 8
    endloop
  endfacet
  facet normal 0 0 1
    outer loop
      vertex -0.634043 28.1876 8
      vertex -1.6683 33.959 8
      vertex -0.789685 28.1526 8
    endloop
  endfacet
  facet normal 0 0 1
    outer loop
      vertex -0.789685 28.1526 8
      vertex -1.6683 33.959 8
      vertex -0.943425 28.1101 8
    endloop
  endfacet
  facet normal 0 0 1
    outer loop
      vertex -0.943425 28.1101 8
      vertex -1.6683 33.959 8
      vertex -1.09489 28.06 8
    endloop
  endfacet
  facet normal 0 0 1
    outer loop
      vertex -1.09489 28.06 8
      vertex -1.6683 33.959 8
      vertex -1.24372 28.0026 8
    endloop
  endfacet
  facet normal -0 0 1
    outer loop
      vertex -3.33258 33.8363 8
      vertex -1.24372 28.0026 8
      vertex -1.6683 33.959 8
    endloop
  endfacet
  facet normal 0 0 1
    outer loop
      vertex -1.24372 28.0026 8
      vertex -3.33258 33.8363 8
      vertex -1.38955 27.938 8
    endloop
  endfacet
  facet normal 0 0 1
    outer loop
      vertex -1.38955 27.938 8
      vertex -3.33258 33.8363 8
      vertex -1.53204 27.8662 8
    endloop
  endfacet
  facet normal 0 0 1
    outer loop
      vertex -1.53204 27.8662 8
      vertex -3.33258 33.8363 8
      vertex -1.67083 27.7876 8
    endloop
  endfacet
  facet normal 0 0 1
    outer loop
      vertex -1.67083 27.7876 8
      vertex -3.33258 33.8363 8
      vertex -1.8056 27.7023 8
    endloop
  endfacet
  facet normal -0 0 1
    outer loop
      vertex -4.98884 33.632 8
      vertex -1.8056 27.7023 8
      vertex -3.33258 33.8363 8
    endloop
  endfacet
  facet normal 0 0 1
    outer loop
      vertex -1.8056 27.7023 8
      vertex -4.98884 33.632 8
      vertex -1.93602 27.6104 8
    endloop
  endfacet
  facet normal 0 0 1
    outer loop
      vertex -1.93602 27.6104 8
      vertex -4.98884 33.632 8
      vertex -2.06178 27.5123 8
    endloop
  endfacet
  facet normal 0 0 1
    outer loop
      vertex -2.06178 27.5123 8
      vertex -4.98884 33.632 8
      vertex -2.18257 27.4081 8
    endloop
  endfacet
  facet normal 0 0 1
    outer loop
      vertex -2.18257 27.4081 8
      vertex -4.98884 33.632 8
      vertex -2.2981 27.2981 8
    endloop
  endfacet
  facet normal 0 0 1
    outer loop
      vertex -2.2981 27.2981 8
      vertex -4.98884 33.632 8
      vertex -2.40809 27.1826 8
    endloop
  endfacet
  facet normal -0 0 1
    outer loop
      vertex -6.63307 33.3467 8
      vertex -2.40809 27.1826 8
      vertex -4.98884 33.632 8
    endloop
  endfacet
  facet normal 0 0 1
    outer loop
      vertex -2.40809 27.1826 8
      vertex -6.63307 33.3467 8
      vertex -2.51228 27.0618 8
    endloop
  endfacet
  facet normal 0 0 1
    outer loop
      vertex -2.51228 27.0618 8
      vertex -6.63307 33.3467 8
      vertex -2.61042 26.936 8
    endloop
  endfacet
  facet normal 0 0 1
    outer loop
      vertex -2.61042 26.936 8
      vertex -6.63307 33.3467 8
      vertex -2.70228 26.8056 8
    endloop
  endfacet
  facet normal 0 0 1
    outer loop
      vertex -2.70228 26.8056 8
      vertex -6.63307 33.3467 8
      vertex -2.78762 26.6708 8
    endloop
  endfacet
  facet normal -0 0 1
    outer loop
      vertex -8.26133 32.9811 8
      vertex -2.78762 26.6708 8
      vertex -6.63307 33.3467 8
    endloop
  endfacet
  facet normal 0 0 1
    outer loop
      vertex -2.78762 26.6708 8
      vertex -8.26133 32.9811 8
      vertex -2.86624 26.532 8
    endloop
  endfacet
  facet normal 0 0 1
    outer loop
      vertex -2.86624 26.532 8
      vertex -8.26133 32.9811 8
      vertex -2.93796 26.3896 8
    endloop
  endfacet
  facet normal 0 0 1
    outer loop
      vertex -2.93796 26.3896 8
      vertex -8.26133 32.9811 8
      vertex -3.00261 26.2437 8
    endloop
  endfacet
  facet normal 0 0 1
    outer loop
      vertex -3.1526 25.7897 8
      vertex -9.86968 32.536 8
      vertex -3.18755 25.634 8
    endloop
  endfacet
  facet normal 0 0 1
    outer loop
      vertex -3.11006 25.9434 8
      vertex -9.86968 32.536 8
      vertex -3.1526 25.7897 8
    endloop
  endfacet
  facet normal 0 0 1
    outer loop
      vertex -3.06002 26.0949 8
      vertex -9.86968 32.536 8
      vertex -3.11006 25.9434 8
    endloop
  endfacet
  facet normal -0 0 1
    outer loop
      vertex -9.86968 32.536 8
      vertex -3.06002 26.0949 8
      vertex -8.26133 32.9811 8
    endloop
  endfacet
  facet normal 0 0 1
    outer loop
      vertex -3.00261 26.2437 8
      vertex -8.26133 32.9811 8
      vertex -3.06002 26.0949 8
    endloop
  endfacet
  facet normal -0 0 1
    outer loop
      vertex 3.1526 -25.7897 8
      vertex 9.86968 -32.536 8
      vertex 3.18755 -25.634 8
    endloop
  endfacet
  facet normal -0 0 1
    outer loop
      vertex 3.11006 -25.9434 8
      vertex 9.86968 -32.536 8
      vertex 3.1526 -25.7897 8
    endloop
  endfacet
  facet normal -0 0 1
    outer loop
      vertex 3.06002 -26.0949 8
      vertex 9.86968 -32.536 8
      vertex 3.11006 -25.9434 8
    endloop
  endfacet
  facet normal 0 0 1
    outer loop
      vertex 9.86968 -32.536 8
      vertex 3.06002 -26.0949 8
      vertex 8.26133 -32.9811 8
    endloop
  endfacet
  facet normal -0 0 1
    outer loop
      vertex 3.00261 -26.2437 8
      vertex 8.26133 -32.9811 8
      vertex 3.06002 -26.0949 8
    endloop
  endfacet
  facet normal -0 0 1
    outer loop
      vertex 2.93796 -26.3896 8
      vertex 8.26133 -32.9811 8
      vertex 3.00261 -26.2437 8
    endloop
  endfacet
  facet normal -0 0 1
    outer loop
      vertex 2.86624 -26.532 8
      vertex 8.26133 -32.9811 8
      vertex 2.93796 -26.3896 8
    endloop
  endfacet
  facet normal -0 0 1
    outer loop
      vertex 2.78762 -26.6708 8
      vertex 8.26133 -32.9811 8
      vertex 2.86624 -26.532 8
    endloop
  endfacet
  facet normal 0 0 1
    outer loop
      vertex 8.26133 -32.9811 8
      vertex 2.78762 -26.6708 8
      vertex 6.63307 -33.3467 8
    endloop
  endfacet
  facet normal -0 0 1
    outer loop
      vertex 2.70228 -26.8056 8
      vertex 6.63307 -33.3467 8
      vertex 2.78762 -26.6708 8
    endloop
  endfacet
  facet normal -0 0 1
    outer loop
      vertex 2.61042 -26.936 8
      vertex 6.63307 -33.3467 8
      vertex 2.70228 -26.8056 8
    endloop
  endfacet
  facet normal -0 0 1
    outer loop
      vertex 2.51228 -27.0618 8
      vertex 6.63307 -33.3467 8
      vertex 2.61042 -26.936 8
    endloop
  endfacet
  facet normal -0 0 1
    outer loop
      vertex 2.40809 -27.1826 8
      vertex 6.63307 -33.3467 8
      vertex 2.51228 -27.0618 8
    endloop
  endfacet
  facet normal 0 0 1
    outer loop
      vertex 6.63307 -33.3467 8
      vertex 2.40809 -27.1826 8
      vertex 4.98884 -33.632 8
    endloop
  endfacet
  facet normal -0 0 1
    outer loop
      vertex 2.2981 -27.2981 8
      vertex 4.98884 -33.632 8
      vertex 2.40809 -27.1826 8
    endloop
  endfacet
  facet normal -0 0 1
    outer loop
      vertex 2.18257 -27.4081 8
      vertex 4.98884 -33.632 8
      vertex 2.2981 -27.2981 8
    endloop
  endfacet
  facet normal -0 0 1
    outer loop
      vertex 2.06178 -27.5123 8
      vertex 4.98884 -33.632 8
      vertex 2.18257 -27.4081 8
    endloop
  endfacet
  facet normal -0 0 1
    outer loop
      vertex 1.93602 -27.6104 8
      vertex 4.98884 -33.632 8
      vertex 2.06178 -27.5123 8
    endloop
  endfacet
  facet normal -0 0 1
    outer loop
      vertex 1.8056 -27.7023 8
      vertex 4.98884 -33.632 8
      vertex 1.93602 -27.6104 8
    endloop
  endfacet
  facet normal 0 0 1
    outer loop
      vertex 4.98884 -33.632 8
      vertex 1.8056 -27.7023 8
      vertex 3.33258 -33.8363 8
    endloop
  endfacet
  facet normal -0 0 1
    outer loop
      vertex 1.67083 -27.7876 8
      vertex 3.33258 -33.8363 8
      vertex 1.8056 -27.7023 8
    endloop
  endfacet
  facet normal -0 0 1
    outer loop
      vertex 1.53204 -27.8662 8
      vertex 3.33258 -33.8363 8
      vertex 1.67083 -27.7876 8
    endloop
  endfacet
  facet normal -0 0 1
    outer loop
      vertex 1.38955 -27.938 8
      vertex 3.33258 -33.8363 8
      vertex 1.53204 -27.8662 8
    endloop
  endfacet
  facet normal -0 0 1
    outer loop
      vertex 1.24372 -28.0026 8
      vertex 3.33258 -33.8363 8
      vertex 1.38955 -27.938 8
    endloop
  endfacet
  facet normal 0 0 1
    outer loop
      vertex 3.33258 -33.8363 8
      vertex 1.24372 -28.0026 8
      vertex 1.6683 -33.959 8
    endloop
  endfacet
  facet normal -0 0 1
    outer loop
      vertex 1.09489 -28.06 8
      vertex 1.6683 -33.959 8
      vertex 1.24372 -28.0026 8
    endloop
  endfacet
  facet normal -0 0 1
    outer loop
      vertex 0.943425 -28.1101 8
      vertex 1.6683 -33.959 8
      vertex 1.09489 -28.06 8
    endloop
  endfacet
  facet normal -0 0 1
    outer loop
      vertex 0.789685 -28.1526 8
      vertex 1.6683 -33.959 8
      vertex 0.943425 -28.1101 8
    endloop
  endfacet
  facet normal -0 0 1
    outer loop
      vertex 0.634043 -28.1876 8
      vertex 1.6683 -33.959 8
      vertex 0.789685 -28.1526 8
    endloop
  endfacet
  facet normal -0 0 1
    outer loop
      vertex 0.476873 -28.2148 8
      vertex 1.6683 -33.959 8
      vertex 0.634043 -28.1876 8
    endloop
  endfacet
  facet normal -0 0 1
    outer loop
      vertex 0.318555 -28.2344 8
      vertex 1.6683 -33.959 8
      vertex 0.476873 -28.2148 8
    endloop
  endfacet
  facet normal 0 0 1
    outer loop
      vertex 0 -34 8
      vertex 0.318555 -28.2344 8
      vertex 0.15947 -28.2461 8
    endloop
  endfacet
  facet normal 0 0 1
    outer loop
      vertex 0 -34 8
      vertex 0.15947 -28.2461 8
      vertex 0 -28.25 8
    endloop
  endfacet
  facet normal 0 0 1
    outer loop
      vertex 0.318555 -28.2344 8
      vertex 0 -34 8
      vertex 1.6683 -33.959 8
    endloop
  endfacet
  facet normal 0 0 1
    outer loop
      vertex -0.15947 -28.2461 8
      vertex 0 -34 8
      vertex 0 -28.25 8
    endloop
  endfacet
  facet normal 0 0 1
    outer loop
      vertex -0.318555 -28.2344 8
      vertex 0 -34 8
      vertex -0.15947 -28.2461 8
    endloop
  endfacet
  facet normal 0 0 1
    outer loop
      vertex -0.476873 -28.2148 8
      vertex 0 -34 8
      vertex -0.318555 -28.2344 8
    endloop
  endfacet
  facet normal 0 0 1
    outer loop
      vertex -1.6683 -33.959 8
      vertex -0.476873 -28.2148 8
      vertex -0.634043 -28.1876 8
    endloop
  endfacet
  facet normal 0 0 1
    outer loop
      vertex -1.6683 -33.959 8
      vertex -0.634043 -28.1876 8
      vertex -0.789685 -28.1526 8
    endloop
  endfacet
  facet normal 0 0 1
    outer loop
      vertex -1.6683 -33.959 8
      vertex -0.789685 -28.1526 8
      vertex -0.943425 -28.1101 8
    endloop
  endfacet
  facet normal 0 0 1
    outer loop
      vertex -1.6683 -33.959 8
      vertex -0.943425 -28.1101 8
      vertex -1.09489 -28.06 8
    endloop
  endfacet
  facet normal 0 0 1
    outer loop
      vertex -1.6683 -33.959 8
      vertex -1.09489 -28.06 8
      vertex -1.24372 -28.0026 8
    endloop
  endfacet
  facet normal 0 0 1
    outer loop
      vertex -3.33258 -33.8363 8
      vertex -1.24372 -28.0026 8
      vertex -1.38955 -27.938 8
    endloop
  endfacet
  facet normal 0 0 1
    outer loop
      vertex -3.33258 -33.8363 8
      vertex -1.38955 -27.938 8
      vertex -1.53204 -27.8662 8
    endloop
  endfacet
  facet normal 0 0 1
    outer loop
      vertex -0.476873 -28.2148 8
      vertex -1.6683 -33.959 8
      vertex 0 -34 8
    endloop
  endfacet
  facet normal 0 0 1
    outer loop
      vertex -3.33258 -33.8363 8
      vertex -1.53204 -27.8662 8
      vertex -1.67083 -27.7876 8
    endloop
  endfacet
  facet normal 0 0 1
    outer loop
      vertex -3.33258 -33.8363 8
      vertex -1.67083 -27.7876 8
      vertex -1.8056 -27.7023 8
    endloop
  endfacet
  facet normal 0 0 1
    outer loop
      vertex -4.98884 -33.632 8
      vertex -1.8056 -27.7023 8
      vertex -1.93602 -27.6104 8
    endloop
  endfacet
  facet normal 0 0 1
    outer loop
      vertex -4.98884 -33.632 8
      vertex -1.93602 -27.6104 8
      vertex -2.06178 -27.5123 8
    endloop
  endfacet
  facet normal 0 0 1
    outer loop
      vertex -4.98884 -33.632 8
      vertex -2.06178 -27.5123 8
      vertex -2.18257 -27.4081 8
    endloop
  endfacet
  facet normal 0 0 1
    outer loop
      vertex -4.98884 -33.632 8
      vertex -2.18257 -27.4081 8
      vertex -2.2981 -27.2981 8
    endloop
  endfacet
  facet normal 0 0 1
    outer loop
      vertex -4.98884 -33.632 8
      vertex -2.2981 -27.2981 8
      vertex -2.40809 -27.1826 8
    endloop
  endfacet
  facet normal 0 0 1
    outer loop
      vertex -6.63307 -33.3467 8
      vertex -2.40809 -27.1826 8
      vertex -2.51228 -27.0618 8
    endloop
  endfacet
  facet normal 0 0 1
    outer loop
      vertex -6.63307 -33.3467 8
      vertex -2.51228 -27.0618 8
      vertex -2.61042 -26.936 8
    endloop
  endfacet
  facet normal 0 0 1
    outer loop
      vertex -6.63307 -33.3467 8
      vertex -2.61042 -26.936 8
      vertex -2.70228 -26.8056 8
    endloop
  endfacet
  facet normal 0 0 1
    outer loop
      vertex -6.63307 -33.3467 8
      vertex -2.70228 -26.8056 8
      vertex -2.78762 -26.6708 8
    endloop
  endfacet
  facet normal 0 0 1
    outer loop
      vertex -8.26133 -32.9811 8
      vertex -2.78762 -26.6708 8
      vertex -2.86624 -26.532 8
    endloop
  endfacet
  facet normal 0 0 1
    outer loop
      vertex -8.26133 -32.9811 8
      vertex -2.86624 -26.532 8
      vertex -2.93796 -26.3896 8
    endloop
  endfacet
  facet normal 0 0 1
    outer loop
      vertex -8.26133 -32.9811 8
      vertex -2.93796 -26.3896 8
      vertex -3.00261 -26.2437 8
    endloop
  endfacet
  facet normal 0 0 1
    outer loop
      vertex -8.26133 -32.9811 8
      vertex -3.00261 -26.2437 8
      vertex -3.06002 -26.0949 8
    endloop
  endfacet
  facet normal 0 0 1
    outer loop
      vertex -9.86968 -32.536 8
      vertex -3.06002 -26.0949 8
      vertex -3.11006 -25.9434 8
    endloop
  endfacet
  facet normal 0 0 1
    outer loop
      vertex -9.86968 -32.536 8
      vertex -3.11006 -25.9434 8
      vertex -3.1526 -25.7897 8
    endloop
  endfacet
  facet normal 0 0 1
    outer loop
      vertex -9.86968 -32.536 8
      vertex -3.1526 -25.7897 8
      vertex -3.18755 -25.634 8
    endloop
  endfacet
  facet normal 0 0 1
    outer loop
      vertex -1.24372 -28.0026 8
      vertex -3.33258 -33.8363 8
      vertex -1.6683 -33.959 8
    endloop
  endfacet
  facet normal 0 0 1
    outer loop
      vertex -11.4543 -32.0125 8
      vertex -3.18755 -25.634 8
      vertex -3.21482 -25.4769 8
    endloop
  endfacet
  facet normal 0 0 1
    outer loop
      vertex -11.4543 -32.0125 8
      vertex -3.21482 -25.4769 8
      vertex -3.23435 -25.3186 8
    endloop
  endfacet
  facet normal 0 0 1
    outer loop
      vertex -11.4543 -32.0125 8
      vertex -3.23435 -25.3186 8
      vertex -3.24609 -25.1595 8
    endloop
  endfacet
  facet normal 0 0 1
    outer loop
      vertex -13.0112 -31.4119 8
      vertex -3.24609 -25.1595 8
      vertex -3.25 -25 8
    endloop
  endfacet
  facet normal 0 0 1
    outer loop
      vertex 21.7656 0.318555 8
      vertex 15.9807 0.785082 8
      vertex 16 0 8
    endloop
  endfacet
  facet normal 0 0 1
    outer loop
      vertex 16.1354 15.1045 8
      vertex 15.923 1.56827 8
      vertex 15.9807 0.785082 8
    endloop
  endfacet
  facet normal 0 0 1
    outer loop
      vertex 11.8552 10.7449 8
      vertex 16.011 15.1833 8
      vertex 15.8906 15.268 8
    endloop
  endfacet
  facet normal 0 0 1
    outer loop
      vertex 16.1354 15.1045 8
      vertex 15.8268 2.34769 8
      vertex 15.923 1.56827 8
    endloop
  endfacet
  facet normal 0 0 1
    outer loop
      vertex 11.8552 10.7449 8
      vertex 15.8906 15.268 8
      vertex 15.7745 15.3586 8
    endloop
  endfacet
  facet normal 0 0 1
    outer loop
      vertex 16.1354 15.1045 8
      vertex 15.6926 3.12144 8
      vertex 15.8268 2.34769 8
    endloop
  endfacet
  facet normal 0 0 1
    outer loop
      vertex 11.8552 10.7449 8
      vertex 15.7745 15.3586 8
      vertex 15.663 15.4548 8
    endloop
  endfacet
  facet normal 0 0 1
    outer loop
      vertex 11.3137 11.3137 8
      vertex 15.663 15.4548 8
      vertex 15.5563 15.5563 8
    endloop
  endfacet
  facet normal 0 0 1
    outer loop
      vertex 16.1354 15.1045 8
      vertex 15.5205 3.88768 8
      vertex 15.6926 3.12144 8
    endloop
  endfacet
  facet normal 0 0 1
    outer loop
      vertex 11.3137 11.3137 8
      vertex 15.5563 15.5563 8
      vertex 15.4548 15.663 8
    endloop
  endfacet
  facet normal 0 0 1
    outer loop
      vertex 11.3137 11.3137 8
      vertex 15.4548 15.663 8
      vertex 15.3586 15.7745 8
    endloop
  endfacet
  facet normal 0 0 1
    outer loop
      vertex 16.1354 15.1045 8
      vertex 15.311 4.64455 8
      vertex 15.5205 3.88768 8
    endloop
  endfacet
  facet normal 0 0 1
    outer loop
      vertex 10.7449 11.8552 8
      vertex 15.3586 15.7745 8
      vertex 15.268 15.8906 8
    endloop
  endfacet
  facet normal 0 0 1
    outer loop
      vertex 10.7449 11.8552 8
      vertex 15.268 15.8906 8
      vertex 15.1833 16.011 8
    endloop
  endfacet
  facet normal 0 0 1
    outer loop
      vertex 10.7449 11.8552 8
      vertex 15.1833 16.011 8
      vertex 15.1045 16.1354 8
    endloop
  endfacet
  facet normal 0 0 1
    outer loop
      vertex 16.1354 15.1045 8
      vertex 15.0647 5.39024 8
      vertex 15.311 4.64455 8
    endloop
  endfacet
  facet normal 0 0 1
    outer loop
      vertex 10.1503 12.3682 8
      vertex 15.1045 16.1354 8
      vertex 15.0319 16.2635 8
    endloop
  endfacet
  facet normal 0 0 1
    outer loop
      vertex 10.1503 12.3682 8
      vertex 15.0319 16.2635 8
      vertex 14.9657 16.395 8
    endloop
  endfacet
  facet normal 0 0 1
    outer loop
      vertex 10.1503 12.3682 8
      vertex 14.9657 16.395 8
      vertex 14.906 16.5296 8
    endloop
  endfacet
  facet normal 0 0 1
    outer loop
      vertex 9.53119 12.8513 8
      vertex 14.906 16.5296 8
      vertex 14.853 16.667 8
    endloop
  endfacet
  facet normal 0 0 1
    outer loop
      vertex 9.53119 12.8513 8
      vertex 14.853 16.667 8
      vertex 14.8068 16.8068 8
    endloop
  endfacet
  facet normal 0 0 1
    outer loop
      vertex 16.1354 15.1045 8
      vertex 14.7821 6.12293 8
      vertex 15.0647 5.39024 8
    endloop
  endfacet
  facet normal 0 0 1
    outer loop
      vertex 9.53119 12.8513 8
      vertex 14.8068 16.8068 8
      vertex 14.7676 16.9487 8
    endloop
  endfacet
  facet normal 0 0 1
    outer loop
      vertex 8.88912 13.3035 8
      vertex 14.7676 16.9487 8
      vertex 14.7353 17.0924 8
    endloop
  endfacet
  facet normal 0 0 1
    outer loop
      vertex 8.88912 13.3035 8
      vertex 14.7353 17.0924 8
      vertex 14.7101 17.2375 8
    endloop
  endfacet
  facet normal 0 0 1
    outer loop
      vertex 8.88912 13.3035 8
      vertex 14.7101 17.2375 8
      vertex 14.6921 17.3836 8
    endloop
  endfacet
  facet normal 0 0 1
    outer loop
      vertex 8.22564 13.7237 8
      vertex 14.6921 17.3836 8
      vertex 14.6813 17.5305 8
    endloop
  endfacet
  facet normal 0 0 1
    outer loop
      vertex 8.22564 13.7237 8
      vertex 14.6813 17.5305 8
      vertex 14.6777 17.6777 8
    endloop
  endfacet
  facet normal -0 0 1
    outer loop
      vertex 2.93796 23.6104 8
      vertex 14.853 18.6883 8
      vertex 3.00261 23.7563 8
    endloop
  endfacet
  facet normal 0 0 1
    outer loop
      vertex 16.1354 15.1045 8
      vertex 14.4638 6.84088 8
      vertex 14.7821 6.12293 8
    endloop
  endfacet
  facet normal 0 0 1
    outer loop
      vertex 16.1354 15.1045 8
      vertex 14.1107 7.54235 8
      vertex 14.4638 6.84088 8
    endloop
  endfacet
  facet normal 0 0 1
    outer loop
      vertex 16.1354 15.1045 8
      vertex 13.7237 8.22564 8
      vertex 14.1107 7.54235 8
    endloop
  endfacet
  facet normal 0 0 1
    outer loop
      vertex 16.1354 15.1045 8
      vertex 13.3035 8.88912 8
      vertex 13.7237 8.22564 8
    endloop
  endfacet
  facet normal 0 0 1
    outer loop
      vertex 3.23435 24.6814 8
      vertex 14.5369 30.7356 8
      vertex 13.0112 31.4119 8
    endloop
  endfacet
  facet normal 0 0 1
    outer loop
      vertex 16.1354 15.1045 8
      vertex 12.8513 9.53119 8
      vertex 13.3035 8.88912 8
    endloop
  endfacet
  facet normal 0 0 1
    outer loop
      vertex 16.1354 15.1045 8
      vertex 12.3682 10.1503 8
      vertex 12.8513 9.53119 8
    endloop
  endfacet
  facet normal 0 0 1
    outer loop
      vertex 16.1354 15.1045 8
      vertex 11.8552 10.7449 8
      vertex 12.3682 10.1503 8
    endloop
  endfacet
  facet normal 0 0 1
    outer loop
      vertex 3.24609 25.1595 8
      vertex 13.0112 31.4119 8
      vertex 11.4543 32.0125 8
    endloop
  endfacet
  facet normal 0 0 1
    outer loop
      vertex 15.663 15.4548 8
      vertex 11.3137 11.3137 8
      vertex 11.8552 10.7449 8
    endloop
  endfacet
  facet normal 0 0 1
    outer loop
      vertex 15.3586 15.7745 8
      vertex 10.7449 11.8552 8
      vertex 11.3137 11.3137 8
    endloop
  endfacet
  facet normal 0 0 1
    outer loop
      vertex 15.1045 16.1354 8
      vertex 10.1503 12.3682 8
      vertex 10.7449 11.8552 8
    endloop
  endfacet
  facet normal 0 0 1
    outer loop
      vertex 3.24609 25.1595 8
      vertex 11.4543 32.0125 8
      vertex 9.86968 32.536 8
    endloop
  endfacet
  facet normal 0 0 1
    outer loop
      vertex 14.906 16.5296 8
      vertex 9.53119 12.8513 8
      vertex 10.1503 12.3682 8
    endloop
  endfacet
  facet normal 0 0 1
    outer loop
      vertex 14.7676 16.9487 8
      vertex 8.88912 13.3035 8
      vertex 9.53119 12.8513 8
    endloop
  endfacet
  facet normal 0 0 1
    outer loop
      vertex 3.24609 25.1595 8
      vertex 9.86968 32.536 8
      vertex 8.26133 32.9811 8
    endloop
  endfacet
  facet normal 0 0 1
    outer loop
      vertex 14.6921 17.3836 8
      vertex 8.22564 13.7237 8
      vertex 8.88912 13.3035 8
    endloop
  endfacet
  facet normal 0 0 1
    outer loop
      vertex 14.853 18.6883 8
      vertex 2.93796 23.6104 8
      vertex 14.8068 18.5485 8
    endloop
  endfacet
  facet normal 0 -0 1
    outer loop
      vertex 6.12293 14.7821 8
      vertex 14.8068 18.5485 8
      vertex 2.93796 23.6104 8
    endloop
  endfacet
  facet normal 0 0 1
    outer loop
      vertex 3.24609 25.1595 8
      vertex 8.26133 32.9811 8
      vertex 6.63307 33.3467 8
    endloop
  endfacet
  facet normal 0 0 1
    outer loop
      vertex 13.0112 31.4119 8
      vertex 3.24609 24.8405 8
      vertex 3.23435 24.6814 8
    endloop
  endfacet
  facet normal 0 0 1
    outer loop
      vertex 14.6777 17.6777 8
      vertex 7.54235 14.1107 8
      vertex 8.22564 13.7237 8
    endloop
  endfacet
  facet normal 0 0 1
    outer loop
      vertex 3.24609 25.1595 8
      vertex 6.63307 33.3467 8
      vertex 4.98884 33.632 8
    endloop
  endfacet
  facet normal 0 0 1
    outer loop
      vertex 13.0112 31.4119 8
      vertex 3.25 25 8
      vertex 3.24609 24.8405 8
    endloop
  endfacet
  facet normal 0 0 1
    outer loop
      vertex 14.8068 18.5485 8
      vertex 6.84088 14.4638 8
      vertex 14.7676 18.4066 8
    endloop
  endfacet
  facet normal 0 0 1
    outer loop
      vertex 1.8056 27.7023 8
      vertex 4.98884 33.632 8
      vertex 3.33258 33.8363 8
    endloop
  endfacet
  facet normal 0 -0 1
    outer loop
      vertex 6.84088 14.4638 8
      vertex 14.8068 18.5485 8
      vertex 6.12293 14.7821 8
    endloop
  endfacet
  facet normal 0 0 1
    outer loop
      vertex 14.7676 18.4066 8
      vertex 6.84088 14.4638 8
      vertex 14.7353 18.2629 8
    endloop
  endfacet
  facet normal 0 0 1
    outer loop
      vertex 14.6813 17.8249 8
      vertex 7.54235 14.1107 8
      vertex 14.6777 17.6777 8
    endloop
  endfacet
  facet normal 0 0 1
    outer loop
      vertex 14.7353 18.2629 8
      vertex 6.84088 14.4638 8
      vertex 14.7101 18.1179 8
    endloop
  endfacet
  facet normal 0 -0 1
    outer loop
      vertex 7.54235 14.1107 8
      vertex 14.7101 18.1179 8
      vertex 6.84088 14.4638 8
    endloop
  endfacet
  facet normal 0 0 1
    outer loop
      vertex 14.6921 17.9717 8
      vertex 7.54235 14.1107 8
      vertex 14.6813 17.8249 8
    endloop
  endfacet
  facet normal 0 0 1
    outer loop
      vertex 14.7101 18.1179 8
      vertex 7.54235 14.1107 8
      vertex 14.6921 17.9717 8
    endloop
  endfacet
  facet normal -0 0 1
    outer loop
      vertex 2.86624 23.468 8
      vertex 6.12293 14.7821 8
      vertex 2.93796 23.6104 8
    endloop
  endfacet
  facet normal -0 0 1
    outer loop
      vertex 2.78762 23.3292 8
      vertex 6.12293 14.7821 8
      vertex 2.86624 23.468 8
    endloop
  endfacet
  facet normal 0 0 1
    outer loop
      vertex 6.12293 14.7821 8
      vertex 2.78762 23.3292 8
      vertex 5.39024 15.0647 8
    endloop
  endfacet
  facet normal -0 0 1
    outer loop
      vertex 2.70228 23.1944 8
      vertex 5.39024 15.0647 8
      vertex 2.78762 23.3292 8
    endloop
  endfacet
  facet normal -0 0 1
    outer loop
      vertex 2.61042 23.064 8
      vertex 5.39024 15.0647 8
      vertex 2.70228 23.1944 8
    endloop
  endfacet
  facet normal 0 0 1
    outer loop
      vertex 5.39024 15.0647 8
      vertex 2.61042 23.064 8
      vertex 4.64455 15.311 8
    endloop
  endfacet
  facet normal -0 0 1
    outer loop
      vertex 2.51228 22.9382 8
      vertex 4.64455 15.311 8
      vertex 2.61042 23.064 8
    endloop
  endfacet
  facet normal -0 0 1
    outer loop
      vertex 2.40809 22.8174 8
      vertex 4.64455 15.311 8
      vertex 2.51228 22.9382 8
    endloop
  endfacet
  facet normal -0 0 1
    outer loop
      vertex 2.2981 22.7019 8
      vertex 4.64455 15.311 8
      vertex 2.40809 22.8174 8
    endloop
  endfacet
  facet normal 0 0 1
    outer loop
      vertex 4.64455 15.311 8
      vertex 2.2981 22.7019 8
      vertex 3.88768 15.5205 8
    endloop
  endfacet
  facet normal -0 0 1
    outer loop
      vertex 2.18257 22.5919 8
      vertex 3.88768 15.5205 8
      vertex 2.2981 22.7019 8
    endloop
  endfacet
  facet normal -0 0 1
    outer loop
      vertex 2.06178 22.4877 8
      vertex 3.88768 15.5205 8
      vertex 2.18257 22.5919 8
    endloop
  endfacet
  facet normal -0 0 1
    outer loop
      vertex 1.93602 22.3896 8
      vertex 3.88768 15.5205 8
      vertex 2.06178 22.4877 8
    endloop
  endfacet
  facet normal 0 0 1
    outer loop
      vertex 3.88768 15.5205 8
      vertex 1.93602 22.3896 8
      vertex 3.12144 15.6926 8
    endloop
  endfacet
  facet normal -0 0 1
    outer loop
      vertex 1.8056 22.2977 8
      vertex 3.12144 15.6926 8
      vertex 1.93602 22.3896 8
    endloop
  endfacet
  facet normal -0 0 1
    outer loop
      vertex 1.67083 22.2124 8
      vertex 3.12144 15.6926 8
      vertex 1.8056 22.2977 8
    endloop
  endfacet
  facet normal 0 0 1
    outer loop
      vertex 3.12144 15.6926 8
      vertex 1.67083 22.2124 8
      vertex 2.34769 15.8268 8
    endloop
  endfacet
  facet normal -0 0 1
    outer loop
      vertex 1.53204 22.1338 8
      vertex 2.34769 15.8268 8
      vertex 1.67083 22.2124 8
    endloop
  endfacet
  facet normal -0 0 1
    outer loop
      vertex 1.38955 22.062 8
      vertex 2.34769 15.8268 8
      vertex 1.53204 22.1338 8
    endloop
  endfacet
  facet normal -0 0 1
    outer loop
      vertex 1.24372 21.9974 8
      vertex 2.34769 15.8268 8
      vertex 1.38955 22.062 8
    endloop
  endfacet
  facet normal 0 0 1
    outer loop
      vertex 2.34769 15.8268 8
      vertex 1.24372 21.9974 8
      vertex 1.56827 15.923 8
    endloop
  endfacet
  facet normal -0 0 1
    outer loop
      vertex 1.09489 21.94 8
      vertex 1.56827 15.923 8
      vertex 1.24372 21.9974 8
    endloop
  endfacet
  facet normal -0 0 1
    outer loop
      vertex 0.943425 21.8899 8
      vertex 1.56827 15.923 8
      vertex 1.09489 21.94 8
    endloop
  endfacet
  facet normal -0 0 1
    outer loop
      vertex 0.789685 21.8474 8
      vertex 1.56827 15.923 8
      vertex 0.943425 21.8899 8
    endloop
  endfacet
  facet normal 0 0 1
    outer loop
      vertex 0.789685 21.8474 8
      vertex 0.785082 15.9807 8
      vertex 1.56827 15.923 8
    endloop
  endfacet
  facet normal -0 0 1
    outer loop
      vertex 0.634043 21.8124 8
      vertex 0.785082 15.9807 8
      vertex 0.789685 21.8474 8
    endloop
  endfacet
  facet normal -0 0 1
    outer loop
      vertex 0.476873 21.7852 8
      vertex 0.785082 15.9807 8
      vertex 0.634043 21.8124 8
    endloop
  endfacet
  facet normal -0 0 1
    outer loop
      vertex 0.318555 21.7656 8
      vertex 0.785082 15.9807 8
      vertex 0.476873 21.7852 8
    endloop
  endfacet
  facet normal -0 0 1
    outer loop
      vertex 0.15947 21.7539 8
      vertex 0.785082 15.9807 8
      vertex 0.318555 21.7656 8
    endloop
  endfacet
  facet normal 0 0 1
    outer loop
      vertex 0 16 8
      vertex 0.15947 21.7539 8
      vertex 0 21.75 8
    endloop
  endfacet
  facet normal 0 0 1
    outer loop
      vertex 0.15947 21.7539 8
      vertex 0 16 8
      vertex 0.785082 15.9807 8
    endloop
  endfacet
  facet normal 0 0 1
    outer loop
      vertex -0.15947 21.7539 8
      vertex 0 16 8
      vertex 0 21.75 8
    endloop
  endfacet
  facet normal 0 0 1
    outer loop
      vertex -0.318555 21.7656 8
      vertex 0 16 8
      vertex -0.15947 21.7539 8
    endloop
  endfacet
  facet normal 0 0 1
    outer loop
      vertex -0.785082 15.9807 8
      vertex -0.318555 21.7656 8
      vertex -0.476873 21.7852 8
    endloop
  endfacet
  facet normal 0 0 1
    outer loop
      vertex -0.785082 15.9807 8
      vertex -0.476873 21.7852 8
      vertex -0.634043 21.8124 8
    endloop
  endfacet
  facet normal 0 0 1
    outer loop
      vertex -0.318555 21.7656 8
      vertex -0.785082 15.9807 8
      vertex 0 16 8
    endloop
  endfacet
  facet normal 0 0 1
    outer loop
      vertex -0.789685 21.8474 8
      vertex -0.785082 15.9807 8
      vertex -0.634043 21.8124 8
    endloop
  endfacet
  facet normal 0 0 1
    outer loop
      vertex -1.56827 15.923 8
      vertex -0.789685 21.8474 8
      vertex -0.943425 21.8899 8
    endloop
  endfacet
  facet normal 0 0 1
    outer loop
      vertex -1.56827 15.923 8
      vertex -0.943425 21.8899 8
      vertex -1.09489 21.94 8
    endloop
  endfacet
  facet normal 0 0 1
    outer loop
      vertex -1.56827 15.923 8
      vertex -1.09489 21.94 8
      vertex -1.24372 21.9974 8
    endloop
  endfacet
  facet normal 0 0 1
    outer loop
      vertex -2.34769 15.8268 8
      vertex -1.24372 21.9974 8
      vertex -1.38955 22.062 8
    endloop
  endfacet
  facet normal 0 0 1
    outer loop
      vertex -2.34769 15.8268 8
      vertex -1.38955 22.062 8
      vertex -1.53204 22.1338 8
    endloop
  endfacet
  facet normal 0 0 1
    outer loop
      vertex -0.789685 21.8474 8
      vertex -1.56827 15.923 8
      vertex -0.785082 15.9807 8
    endloop
  endfacet
  facet normal 0 0 1
    outer loop
      vertex -2.34769 15.8268 8
      vertex -1.53204 22.1338 8
      vertex -1.67083 22.2124 8
    endloop
  endfacet
  facet normal 0 0 1
    outer loop
      vertex -3.12144 15.6926 8
      vertex -1.67083 22.2124 8
      vertex -1.8056 22.2977 8
    endloop
  endfacet
  facet normal 0 0 1
    outer loop
      vertex -3.12144 15.6926 8
      vertex -1.8056 22.2977 8
      vertex -1.93602 22.3896 8
    endloop
  endfacet
  facet normal 0 0 1
    outer loop
      vertex -3.88768 15.5205 8
      vertex -1.93602 22.3896 8
      vertex -2.06178 22.4877 8
    endloop
  endfacet
  facet normal 0 0 1
    outer loop
      vertex -3.88768 15.5205 8
      vertex -2.06178 22.4877 8
      vertex -2.18257 22.5919 8
    endloop
  endfacet
  facet normal 0 0 1
    outer loop
      vertex -3.88768 15.5205 8
      vertex -2.18257 22.5919 8
      vertex -2.2981 22.7019 8
    endloop
  endfacet
  facet normal 0 0 1
    outer loop
      vertex -1.24372 21.9974 8
      vertex -2.34769 15.8268 8
      vertex -1.56827 15.923 8
    endloop
  endfacet
  facet normal 0 0 1
    outer loop
      vertex -4.64455 15.311 8
      vertex -2.2981 22.7019 8
      vertex -2.40809 22.8174 8
    endloop
  endfacet
  facet normal 0 0 1
    outer loop
      vertex -4.64455 15.311 8
      vertex -2.40809 22.8174 8
      vertex -2.51228 22.9382 8
    endloop
  endfacet
  facet normal 0 0 1
    outer loop
      vertex -4.64455 15.311 8
      vertex -2.51228 22.9382 8
      vertex -2.61042 23.064 8
    endloop
  endfacet
  facet normal 0 0 1
    outer loop
      vertex -5.39024 15.0647 8
      vertex -2.61042 23.064 8
      vertex -2.70228 23.1944 8
    endloop
  endfacet
  facet normal 0 0 1
    outer loop
      vertex -5.39024 15.0647 8
      vertex -2.70228 23.1944 8
      vertex -2.78762 23.3292 8
    endloop
  endfacet
  facet normal 0 0 1
    outer loop
      vertex -6.12293 14.7821 8
      vertex -2.78762 23.3292 8
      vertex -2.86624 23.468 8
    endloop
  endfacet
  facet normal 0 0 1
    outer loop
      vertex -6.12293 14.7821 8
      vertex -2.86624 23.468 8
      vertex -2.93796 23.6104 8
    endloop
  endfacet
  facet normal 0 0 1
    outer loop
      vertex -6.12293 14.7821 8
      vertex -2.93796 23.6104 8
      vertex -3.00261 23.7563 8
    endloop
  endfacet
  facet normal 0 0 1
    outer loop
      vertex -6.84088 14.4638 8
      vertex -3.00261 23.7563 8
      vertex -3.06002 23.9051 8
    endloop
  endfacet
  facet normal 0 0 1
    outer loop
      vertex -6.84088 14.4638 8
      vertex -3.06002 23.9051 8
      vertex -3.11006 24.0566 8
    endloop
  endfacet
  facet normal 0 0 1
    outer loop
      vertex -1.67083 22.2124 8
      vertex -3.12144 15.6926 8
      vertex -2.34769 15.8268 8
    endloop
  endfacet
  facet normal 0 0 1
    outer loop
      vertex -7.54235 14.1107 8
      vertex -3.11006 24.0566 8
      vertex -3.1526 24.2103 8
    endloop
  endfacet
  facet normal 0 0 1
    outer loop
      vertex -16.0275 29.9853 8
      vertex -3.1526 24.2103 8
      vertex -3.18755 24.366 8
    endloop
  endfacet
  facet normal 0 0 1
    outer loop
      vertex -14.5369 30.7356 8
      vertex -3.18755 24.366 8
      vertex -3.21482 24.5231 8
    endloop
  endfacet
  facet normal 0 0 1
    outer loop
      vertex -14.5369 30.7356 8
      vertex -3.21482 24.5231 8
      vertex -3.23435 24.6814 8
    endloop
  endfacet
  facet normal 0 0 1
    outer loop
      vertex -14.5369 30.7356 8
      vertex -3.23435 24.6814 8
      vertex -3.24609 24.8405 8
    endloop
  endfacet
  facet normal 0 0 1
    outer loop
      vertex -13.0112 31.4119 8
      vertex -3.24609 24.8405 8
      vertex -3.25 25 8
    endloop
  endfacet
  facet normal 0 0 1
    outer loop
      vertex -1.93602 22.3896 8
      vertex -3.88768 15.5205 8
      vertex -3.12144 15.6926 8
    endloop
  endfacet
  facet normal -0 0 1
    outer loop
      vertex -11.4543 32.0125 8
      vertex -3.18755 25.634 8
      vertex -9.86968 32.536 8
    endloop
  endfacet
  facet normal 0 0 1
    outer loop
      vertex -3.18755 25.634 8
      vertex -11.4543 32.0125 8
      vertex -3.21482 25.4769 8
    endloop
  endfacet
  facet normal 0 0 1
    outer loop
      vertex -3.21482 25.4769 8
      vertex -11.4543 32.0125 8
      vertex -3.23435 25.3186 8
    endloop
  endfacet
  facet normal 0 0 1
    outer loop
      vertex -3.23435 25.3186 8
      vertex -11.4543 32.0125 8
      vertex -3.24609 25.1595 8
    endloop
  endfacet
  facet normal 0 0 1
    outer loop
      vertex -2.2981 22.7019 8
      vertex -4.64455 15.311 8
      vertex -3.88768 15.5205 8
    endloop
  endfacet
  facet normal -0 0 1
    outer loop
      vertex -13.0112 31.4119 8
      vertex -3.24609 25.1595 8
      vertex -11.4543 32.0125 8
    endloop
  endfacet
  facet normal 0 0 1
    outer loop
      vertex -2.61042 23.064 8
      vertex -5.39024 15.0647 8
      vertex -4.64455 15.311 8
    endloop
  endfacet
  facet normal 0 0 1
    outer loop
      vertex -3.24609 25.1595 8
      vertex -13.0112 31.4119 8
      vertex -3.25 25 8
    endloop
  endfacet
  facet normal 0 0 1
    outer loop
      vertex -2.78762 23.3292 8
      vertex -6.12293 14.7821 8
      vertex -5.39024 15.0647 8
    endloop
  endfacet
  facet normal 0 0 1
    outer loop
      vertex -3.24609 24.8405 8
      vertex -13.0112 31.4119 8
      vertex -14.5369 30.7356 8
    endloop
  endfacet
  facet normal 0 0 1
    outer loop
      vertex -3.00261 23.7563 8
      vertex -6.84088 14.4638 8
      vertex -6.12293 14.7821 8
    endloop
  endfacet
  facet normal 0 0 1
    outer loop
      vertex -3.18755 24.366 8
      vertex -14.5369 30.7356 8
      vertex -16.0275 29.9853 8
    endloop
  endfacet
  facet normal 0 0 1
    outer loop
      vertex -3.11006 24.0566 8
      vertex -7.54235 14.1107 8
      vertex -6.84088 14.4638 8
    endloop
  endfacet
  facet normal 0 0 1
    outer loop
      vertex -3.1526 24.2103 8
      vertex -16.0275 29.9853 8
      vertex -7.54235 14.1107 8
    endloop
  endfacet
  facet normal 0 0 1
    outer loop
      vertex -7.54235 14.1107 8
      vertex -16.0275 29.9853 8
      vertex -8.22564 13.7237 8
    endloop
  endfacet
  facet normal -0 0 1
    outer loop
      vertex -17.4795 29.1628 8
      vertex -8.22564 13.7237 8
      vertex -16.0275 29.9853 8
    endloop
  endfacet
  facet normal 0 0 1
    outer loop
      vertex -8.22564 13.7237 8
      vertex -17.4795 29.1628 8
      vertex -8.88912 13.3035 8
    endloop
  endfacet
  facet normal -0 0 1
    outer loop
      vertex -18.8894 28.27 8
      vertex -8.88912 13.3035 8
      vertex -17.4795 29.1628 8
    endloop
  endfacet
  facet normal 0 0 1
    outer loop
      vertex -8.88912 13.3035 8
      vertex -18.8894 28.27 8
      vertex -9.53119 12.8513 8
    endloop
  endfacet
  facet normal -0 0 1
    outer loop
      vertex -20.2538 27.3091 8
      vertex -9.53119 12.8513 8
      vertex -18.8894 28.27 8
    endloop
  endfacet
  facet normal 0 0 1
    outer loop
      vertex -9.53119 12.8513 8
      vertex -20.2538 27.3091 8
      vertex -10.1503 12.3682 8
    endloop
  endfacet
  facet normal -0 0 1
    outer loop
      vertex -21.5694 26.2824 8
      vertex -10.1503 12.3682 8
      vertex -20.2538 27.3091 8
    endloop
  endfacet
  facet normal 0 0 1
    outer loop
      vertex -10.1503 12.3682 8
      vertex -21.5694 26.2824 8
      vertex -10.7449 11.8552 8
    endloop
  endfacet
  facet normal 0 0 1
    outer loop
      vertex -10.7449 11.8552 8
      vertex -21.5694 26.2824 8
      vertex -11.3137 11.3137 8
    endloop
  endfacet
  facet normal 0 0 1
    outer loop
      vertex -11.3137 11.3137 8
      vertex -21.5694 26.2824 8
      vertex -11.8552 10.7449 8
    endloop
  endfacet
  facet normal 0 0 1
    outer loop
      vertex -11.8552 10.7449 8
      vertex -21.5694 26.2824 8
      vertex -12.3682 10.1503 8
    endloop
  endfacet
  facet normal 0 0 1
    outer loop
      vertex -12.3682 10.1503 8
      vertex -21.5694 26.2824 8
      vertex -12.8513 9.53119 8
    endloop
  endfacet
  facet normal 0 0 1
    outer loop
      vertex -12.8513 9.53119 8
      vertex -21.5694 26.2824 8
      vertex -13.3035 8.88912 8
    endloop
  endfacet
  facet normal 0 0 1
    outer loop
      vertex -13.3035 8.88912 8
      vertex -21.5694 26.2824 8
      vertex -13.7237 8.22564 8
    endloop
  endfacet
  facet normal 0 0 1
    outer loop
      vertex -13.7237 8.22564 8
      vertex -21.5694 26.2824 8
      vertex -14.1107 7.54235 8
    endloop
  endfacet
  facet normal 0 0 1
    outer loop
      vertex -14.1107 7.54235 8
      vertex -21.5694 26.2824 8
      vertex -14.4638 6.84088 8
    endloop
  endfacet
  facet normal 0 0 1
    outer loop
      vertex -21.75 0 8
      vertex -14.4638 6.84088 8
      vertex -21.5694 26.2824 8
    endloop
  endfacet
  facet normal 0 0 1
    outer loop
      vertex -14.4638 6.84088 8
      vertex -21.75 0 8
      vertex -14.7821 6.12293 8
    endloop
  endfacet
  facet normal 0 0 1
    outer loop
      vertex -14.7821 6.12293 8
      vertex -21.75 0 8
      vertex -15.0647 5.39024 8
    endloop
  endfacet
  facet normal 0 0 1
    outer loop
      vertex -15.0647 5.39024 8
      vertex -21.75 0 8
      vertex -15.311 4.64455 8
    endloop
  endfacet
  facet normal 0 0 1
    outer loop
      vertex -15.311 4.64455 8
      vertex -21.75 0 8
      vertex -15.5205 3.88768 8
    endloop
  endfacet
  facet normal 0 0 1
    outer loop
      vertex -15.5205 3.88768 8
      vertex -21.75 0 8
      vertex -15.6926 3.12144 8
    endloop
  endfacet
  facet normal 0 0 1
    outer loop
      vertex -16 0 8
      vertex -16.1354 -15.1045 8
      vertex -16.011 -15.1833 8
    endloop
  endfacet
  facet normal 0 0 1
    outer loop
      vertex -16 0 8
      vertex -16.2635 -15.0319 8
      vertex -16.1354 -15.1045 8
    endloop
  endfacet
  facet normal 0 0 1
    outer loop
      vertex -15.6926 3.12144 8
      vertex -21.75 0 8
      vertex -15.8268 2.34769 8
    endloop
  endfacet
  facet normal 0 0 1
    outer loop
      vertex -15.8268 2.34769 8
      vertex -21.75 0 8
      vertex -15.923 1.56827 8
    endloop
  endfacet
  facet normal 0 0 1
    outer loop
      vertex -16 0 8
      vertex -16.395 -14.9657 8
      vertex -16.2635 -15.0319 8
    endloop
  endfacet
  facet normal 0 0 1
    outer loop
      vertex -15.923 1.56827 8
      vertex -21.75 0 8
      vertex -15.9807 0.785082 8
    endloop
  endfacet
  facet normal 0 0 1
    outer loop
      vertex -17.9717 -14.6921 8
      vertex -23.064 -2.61042 8
      vertex -18.1179 -14.7101 8
    endloop
  endfacet
  facet normal 0 0 1
    outer loop
      vertex -16 0 8
      vertex -16.5296 -14.906 8
      vertex -16.395 -14.9657 8
    endloop
  endfacet
  facet normal 0 0 1
    outer loop
      vertex -16 0 8
      vertex -16.667 -14.853 8
      vertex -16.5296 -14.906 8
    endloop
  endfacet
  facet normal 0 0 1
    outer loop
      vertex -16 0 8
      vertex -16.8068 -14.8068 8
      vertex -16.667 -14.853 8
    endloop
  endfacet
  facet normal 0 0 1
    outer loop
      vertex -16 0 8
      vertex -16.9487 -14.7676 8
      vertex -16.8068 -14.8068 8
    endloop
  endfacet
  facet normal 0 0 1
    outer loop
      vertex -16 0 8
      vertex -17.0924 -14.7353 8
      vertex -16.9487 -14.7676 8
    endloop
  endfacet
  facet normal 0 0 1
    outer loop
      vertex -16 0 8
      vertex -17.2375 -14.7101 8
      vertex -17.0924 -14.7353 8
    endloop
  endfacet
  facet normal 0 0 1
    outer loop
      vertex -16 0 8
      vertex -17.3836 -14.6921 8
      vertex -17.2375 -14.7101 8
    endloop
  endfacet
  facet normal 0 0 1
    outer loop
      vertex -16 0 8
      vertex -17.5305 -14.6813 8
      vertex -17.3836 -14.6921 8
    endloop
  endfacet
  facet normal 0 0 1
    outer loop
      vertex -22.3896 -1.93602 8
      vertex -16 0 8
      vertex -22.2977 -1.8056 8
    endloop
  endfacet
  facet normal 0 0 1
    outer loop
      vertex -21.9974 -1.24372 8
      vertex -16 0 8
      vertex -21.94 -1.09489 8
    endloop
  endfacet
  facet normal 0 0 1
    outer loop
      vertex -21.8124 -0.634043 8
      vertex -16 0 8
      vertex -21.7852 -0.476873 8
    endloop
  endfacet
  facet normal 0 0 1
    outer loop
      vertex -21.7539 -0.15947 8
      vertex -16 0 8
      vertex -21.75 0 8
    endloop
  endfacet
  facet normal 0 0 1
    outer loop
      vertex -21.7656 -0.318555 8
      vertex -16 0 8
      vertex -21.7539 -0.15947 8
    endloop
  endfacet
  facet normal 0 0 1
    outer loop
      vertex -21.7852 -0.476873 8
      vertex -16 0 8
      vertex -21.7656 -0.318555 8
    endloop
  endfacet
  facet normal 0 0 1
    outer loop
      vertex -21.8474 -0.789685 8
      vertex -16 0 8
      vertex -21.8124 -0.634043 8
    endloop
  endfacet
  facet normal 0 0 1
    outer loop
      vertex -21.8899 -0.943425 8
      vertex -16 0 8
      vertex -21.8474 -0.789685 8
    endloop
  endfacet
  facet normal 0 0 1
    outer loop
      vertex -21.94 -1.09489 8
      vertex -16 0 8
      vertex -21.8899 -0.943425 8
    endloop
  endfacet
  facet normal 0 0 1
    outer loop
      vertex -22.062 -1.38955 8
      vertex -16 0 8
      vertex -21.9974 -1.24372 8
    endloop
  endfacet
  facet normal 0 0 1
    outer loop
      vertex -22.1338 -1.53204 8
      vertex -16 0 8
      vertex -22.062 -1.38955 8
    endloop
  endfacet
  facet normal 0 0 1
    outer loop
      vertex -22.2124 -1.67083 8
      vertex -16 0 8
      vertex -22.1338 -1.53204 8
    endloop
  endfacet
  facet normal 0 0 1
    outer loop
      vertex -22.2977 -1.8056 8
      vertex -16 0 8
      vertex -22.2124 -1.67083 8
    endloop
  endfacet
  facet normal 0 0 1
    outer loop
      vertex -22.4877 -2.06178 8
      vertex -16 0 8
      vertex -22.3896 -1.93602 8
    endloop
  endfacet
  facet normal 0 0 1
    outer loop
      vertex -22.5919 -2.18257 8
      vertex -16 0 8
      vertex -22.4877 -2.06178 8
    endloop
  endfacet
  facet normal 0 0 1
    outer loop
      vertex -16 0 8
      vertex -22.5919 -2.18257 8
      vertex -17.5305 -14.6813 8
    endloop
  endfacet
  facet normal -0 0 1
    outer loop
      vertex -22.7019 -2.2981 8
      vertex -17.5305 -14.6813 8
      vertex -22.5919 -2.18257 8
    endloop
  endfacet
  facet normal 0 0 1
    outer loop
      vertex -17.5305 -14.6813 8
      vertex -22.7019 -2.2981 8
      vertex -17.6777 -14.6777 8
    endloop
  endfacet
  facet normal -0 0 1
    outer loop
      vertex -22.8174 -2.40809 8
      vertex -17.6777 -14.6777 8
      vertex -22.7019 -2.2981 8
    endloop
  endfacet
  facet normal 0 0 1
    outer loop
      vertex -17.6777 -14.6777 8
      vertex -22.8174 -2.40809 8
      vertex -17.8249 -14.6813 8
    endloop
  endfacet
  facet normal -0 0 1
    outer loop
      vertex -22.9382 -2.51228 8
      vertex -17.8249 -14.6813 8
      vertex -22.8174 -2.40809 8
    endloop
  endfacet
  facet normal 0 0 1
    outer loop
      vertex -17.8249 -14.6813 8
      vertex -22.9382 -2.51228 8
      vertex -17.9717 -14.6921 8
    endloop
  endfacet
  facet normal -0 0 1
    outer loop
      vertex -23.064 -2.61042 8
      vertex -17.9717 -14.6921 8
      vertex -22.9382 -2.51228 8
    endloop
  endfacet
  facet normal 0 0 1
    outer loop
      vertex -21.75 0 8
      vertex -16 0 8
      vertex -15.9807 0.785082 8
    endloop
  endfacet
  facet normal 0 0 1
    outer loop
      vertex -18.1179 -14.7101 8
      vertex -23.064 -2.61042 8
      vertex -18.2629 -14.7353 8
    endloop
  endfacet
  facet normal -0 0 1
    outer loop
      vertex -23.1944 -2.70228 8
      vertex -18.2629 -14.7353 8
      vertex -23.064 -2.61042 8
    endloop
  endfacet
  facet normal 0 0 1
    outer loop
      vertex -18.2629 -14.7353 8
      vertex -23.1944 -2.70228 8
      vertex -18.4066 -14.7676 8
    endloop
  endfacet
  facet normal -0 0 1
    outer loop
      vertex -23.3292 -2.78762 8
      vertex -18.4066 -14.7676 8
      vertex -23.1944 -2.70228 8
    endloop
  endfacet
  facet normal 0 0 1
    outer loop
      vertex -18.4066 -14.7676 8
      vertex -23.3292 -2.78762 8
      vertex -18.5485 -14.8068 8
    endloop
  endfacet
  facet normal -0 0 1
    outer loop
      vertex -23.468 -2.86624 8
      vertex -18.5485 -14.8068 8
      vertex -23.3292 -2.78762 8
    endloop
  endfacet
  facet normal 0 0 1
    outer loop
      vertex -18.5485 -14.8068 8
      vertex -23.468 -2.86624 8
      vertex -18.6883 -14.853 8
    endloop
  endfacet
  facet normal -0 0 1
    outer loop
      vertex -23.6104 -2.93796 8
      vertex -18.6883 -14.853 8
      vertex -23.468 -2.86624 8
    endloop
  endfacet
  facet normal 0 0 1
    outer loop
      vertex -18.6883 -14.853 8
      vertex -23.6104 -2.93796 8
      vertex -18.8257 -14.906 8
    endloop
  endfacet
  facet normal -0 0 1
    outer loop
      vertex 18.6883 14.853 8
      vertex 23.6104 2.93796 8
      vertex 18.8257 14.906 8
    endloop
  endfacet
  facet normal 0 0 1
    outer loop
      vertex 23.6104 2.93796 8
      vertex 18.6883 14.853 8
      vertex 23.468 2.86624 8
    endloop
  endfacet
  facet normal -0 0 1
    outer loop
      vertex 18.5485 14.8068 8
      vertex 23.468 2.86624 8
      vertex 18.6883 14.853 8
    endloop
  endfacet
  facet normal 0 0 1
    outer loop
      vertex 23.468 2.86624 8
      vertex 18.5485 14.8068 8
      vertex 23.3292 2.78762 8
    endloop
  endfacet
  facet normal -0 0 1
    outer loop
      vertex 18.4066 14.7676 8
      vertex 23.3292 2.78762 8
      vertex 18.5485 14.8068 8
    endloop
  endfacet
  facet normal 0 0 1
    outer loop
      vertex 23.3292 2.78762 8
      vertex 18.4066 14.7676 8
      vertex 23.1944 2.70228 8
    endloop
  endfacet
  facet normal -0 0 1
    outer loop
      vertex 18.2629 14.7353 8
      vertex 23.1944 2.70228 8
      vertex 18.4066 14.7676 8
    endloop
  endfacet
  facet normal 0 0 1
    outer loop
      vertex 23.1944 2.70228 8
      vertex 18.2629 14.7353 8
      vertex 23.064 2.61042 8
    endloop
  endfacet
  facet normal -0 0 1
    outer loop
      vertex 18.1179 14.7101 8
      vertex 23.064 2.61042 8
      vertex 18.2629 14.7353 8
    endloop
  endfacet
  facet normal -0 0 1
    outer loop
      vertex 17.9717 14.6921 8
      vertex 23.064 2.61042 8
      vertex 18.1179 14.7101 8
    endloop
  endfacet
  facet normal 0 0 1
    outer loop
      vertex 15.923 -1.56827 8
      vertex 21.75 0 8
      vertex 15.9807 -0.785082 8
    endloop
  endfacet
  facet normal 0 0 1
    outer loop
      vertex 23.064 2.61042 8
      vertex 17.9717 14.6921 8
      vertex 22.9382 2.51228 8
    endloop
  endfacet
  facet normal -0 0 1
    outer loop
      vertex 17.8249 14.6813 8
      vertex 22.9382 2.51228 8
      vertex 17.9717 14.6921 8
    endloop
  endfacet
  facet normal 0 0 1
    outer loop
      vertex 22.9382 2.51228 8
      vertex 17.8249 14.6813 8
      vertex 22.8174 2.40809 8
    endloop
  endfacet
  facet normal -0 0 1
    outer loop
      vertex 17.6777 14.6777 8
      vertex 22.8174 2.40809 8
      vertex 17.8249 14.6813 8
    endloop
  endfacet
  facet normal 0 0 1
    outer loop
      vertex 15.9807 0.785082 8
      vertex 22.8174 2.40809 8
      vertex 17.6777 14.6777 8
    endloop
  endfacet
  facet normal 0 0 1
    outer loop
      vertex 15.9807 0.785082 8
      vertex 17.6777 14.6777 8
      vertex 17.5305 14.6813 8
    endloop
  endfacet
  facet normal 0 0 1
    outer loop
      vertex 22.8174 2.40809 8
      vertex 15.9807 0.785082 8
      vertex 22.7019 2.2981 8
    endloop
  endfacet
  facet normal 0 0 1
    outer loop
      vertex 22.7019 2.2981 8
      vertex 15.9807 0.785082 8
      vertex 22.5919 2.18257 8
    endloop
  endfacet
  facet normal 0 0 1
    outer loop
      vertex 15.9807 0.785082 8
      vertex 22.4877 2.06178 8
      vertex 22.5919 2.18257 8
    endloop
  endfacet
  facet normal 0 0 1
    outer loop
      vertex 15.9807 0.785082 8
      vertex 22.3896 1.93602 8
      vertex 22.4877 2.06178 8
    endloop
  endfacet
  facet normal 0 0 1
    outer loop
      vertex 15.9807 0.785082 8
      vertex 22.2124 1.67083 8
      vertex 22.2977 1.8056 8
    endloop
  endfacet
  facet normal 0 0 1
    outer loop
      vertex 15.9807 0.785082 8
      vertex 22.1338 1.53204 8
      vertex 22.2124 1.67083 8
    endloop
  endfacet
  facet normal 0 0 1
    outer loop
      vertex 15.9807 0.785082 8
      vertex 22.062 1.38955 8
      vertex 22.1338 1.53204 8
    endloop
  endfacet
  facet normal 0 0 1
    outer loop
      vertex 15.8268 -2.34769 8
      vertex 21.75 0 8
      vertex 15.923 -1.56827 8
    endloop
  endfacet
  facet normal 0 0 1
    outer loop
      vertex 15.9807 0.785082 8
      vertex 21.9974 1.24372 8
      vertex 22.062 1.38955 8
    endloop
  endfacet
  facet normal 0 0 1
    outer loop
      vertex 15.9807 0.785082 8
      vertex 21.8899 0.943425 8
      vertex 21.94 1.09489 8
    endloop
  endfacet
  facet normal 0 0 1
    outer loop
      vertex 15.9807 0.785082 8
      vertex 21.8474 0.789685 8
      vertex 21.8899 0.943425 8
    endloop
  endfacet
  facet normal -0 0 1
    outer loop
      vertex 15.9807 0.785082 8
      vertex 21.8124 0.634043 8
      vertex 21.8474 0.789685 8
    endloop
  endfacet
  facet normal 0 0 1
    outer loop
      vertex 15.9807 0.785082 8
      vertex 21.7656 0.318555 8
      vertex 21.7852 0.476873 8
    endloop
  endfacet
  facet normal 0 0 1
    outer loop
      vertex 21.7656 0.318555 8
      vertex 16 0 8
      vertex 21.7539 0.15947 8
    endloop
  endfacet
  facet normal 0 0 1
    outer loop
      vertex 21.7539 0.15947 8
      vertex 16 0 8
      vertex 21.75 0 8
    endloop
  endfacet
  facet normal 0 0 1
    outer loop
      vertex 15.9807 0.785082 8
      vertex 21.7852 0.476873 8
      vertex 21.8124 0.634043 8
    endloop
  endfacet
  facet normal 0 0 1
    outer loop
      vertex 15.9807 0.785082 8
      vertex 21.94 1.09489 8
      vertex 21.9974 1.24372 8
    endloop
  endfacet
  facet normal 0 0 1
    outer loop
      vertex 15.9807 0.785082 8
      vertex 22.2977 1.8056 8
      vertex 22.3896 1.93602 8
    endloop
  endfacet
  facet normal 0 0 1
    outer loop
      vertex 15.6926 -3.12144 8
      vertex 21.75 0 8
      vertex 15.8268 -2.34769 8
    endloop
  endfacet
  facet normal 0 0 1
    outer loop
      vertex 15.9807 0.785082 8
      vertex 17.5305 14.6813 8
      vertex 17.3836 14.6921 8
    endloop
  endfacet
  facet normal 0 0 1
    outer loop
      vertex 15.9807 0.785082 8
      vertex 17.3836 14.6921 8
      vertex 17.2375 14.7101 8
    endloop
  endfacet
  facet normal 0 0 1
    outer loop
      vertex 15.9807 0.785082 8
      vertex 17.2375 14.7101 8
      vertex 17.0924 14.7353 8
    endloop
  endfacet
  facet normal 0 0 1
    outer loop
      vertex 15.9807 0.785082 8
      vertex 17.0924 14.7353 8
      vertex 16.9487 14.7676 8
    endloop
  endfacet
  facet normal 0 0 1
    outer loop
      vertex 15.9807 0.785082 8
      vertex 16.9487 14.7676 8
      vertex 16.8068 14.8068 8
    endloop
  endfacet
  facet normal 0 0 1
    outer loop
      vertex 15.9807 0.785082 8
      vertex 16.8068 14.8068 8
      vertex 16.667 14.853 8
    endloop
  endfacet
  facet normal 0 0 1
    outer loop
      vertex 15.9807 0.785082 8
      vertex 16.667 14.853 8
      vertex 16.5296 14.906 8
    endloop
  endfacet
  facet normal 0 0 1
    outer loop
      vertex 15.9807 0.785082 8
      vertex 16.5296 14.906 8
      vertex 16.395 14.9657 8
    endloop
  endfacet
  facet normal 0 0 1
    outer loop
      vertex 15.9807 0.785082 8
      vertex 16.395 14.9657 8
      vertex 16.2635 15.0319 8
    endloop
  endfacet
  facet normal 0 0 1
    outer loop
      vertex 15.9807 0.785082 8
      vertex 16.2635 15.0319 8
      vertex 16.1354 15.1045 8
    endloop
  endfacet
  facet normal 0 0 1
    outer loop
      vertex 21.75 0 8
      vertex 16 0 8
      vertex 15.9807 -0.785082 8
    endloop
  endfacet
  facet normal 0 0 1
    outer loop
      vertex 11.8552 10.7449 8
      vertex 16.1354 15.1045 8
      vertex 16.011 15.1833 8
    endloop
  endfacet
  facet normal 0 0 1
    outer loop
      vertex 15.5205 -3.88768 8
      vertex 21.75 0 8
      vertex 15.6926 -3.12144 8
    endloop
  endfacet
  facet normal 0 0 1
    outer loop
      vertex 15.311 -4.64455 8
      vertex 21.75 0 8
      vertex 15.5205 -3.88768 8
    endloop
  endfacet
  facet normal 0 0 1
    outer loop
      vertex 15.0647 -5.39024 8
      vertex 21.75 0 8
      vertex 15.311 -4.64455 8
    endloop
  endfacet
  facet normal 0 0 1
    outer loop
      vertex 14.7821 -6.12293 8
      vertex 21.75 0 8
      vertex 15.0647 -5.39024 8
    endloop
  endfacet
  facet normal 0 0 1
    outer loop
      vertex 14.4638 -6.84088 8
      vertex 21.75 0 8
      vertex 14.7821 -6.12293 8
    endloop
  endfacet
  facet normal 0 0 1
    outer loop
      vertex 21.75 0 8
      vertex 14.4638 -6.84088 8
      vertex 21.5694 -26.2824 8
    endloop
  endfacet
  facet normal -0 0 1
    outer loop
      vertex 14.1107 -7.54235 8
      vertex 21.5694 -26.2824 8
      vertex 14.4638 -6.84088 8
    endloop
  endfacet
  facet normal -0 0 1
    outer loop
      vertex 13.7237 -8.22564 8
      vertex 21.5694 -26.2824 8
      vertex 14.1107 -7.54235 8
    endloop
  endfacet
  facet normal -0 0 1
    outer loop
      vertex 13.3035 -8.88912 8
      vertex 21.5694 -26.2824 8
      vertex 13.7237 -8.22564 8
    endloop
  endfacet
  facet normal -0 0 1
    outer loop
      vertex 12.8513 -9.53119 8
      vertex 21.5694 -26.2824 8
      vertex 13.3035 -8.88912 8
    endloop
  endfacet
  facet normal -0 0 1
    outer loop
      vertex 12.3682 -10.1503 8
      vertex 21.5694 -26.2824 8
      vertex 12.8513 -9.53119 8
    endloop
  endfacet
  facet normal -0 0 1
    outer loop
      vertex 11.8552 -10.7449 8
      vertex 21.5694 -26.2824 8
      vertex 12.3682 -10.1503 8
    endloop
  endfacet
  facet normal -0 0 1
    outer loop
      vertex 11.3137 -11.3137 8
      vertex 21.5694 -26.2824 8
      vertex 11.8552 -10.7449 8
    endloop
  endfacet
  facet normal -0 0 1
    outer loop
      vertex 10.7449 -11.8552 8
      vertex 21.5694 -26.2824 8
      vertex 11.3137 -11.3137 8
    endloop
  endfacet
  facet normal -0 0 1
    outer loop
      vertex 10.1503 -12.3682 8
      vertex 21.5694 -26.2824 8
      vertex 10.7449 -11.8552 8
    endloop
  endfacet
  facet normal 0 0 1
    outer loop
      vertex 21.5694 -26.2824 8
      vertex 10.1503 -12.3682 8
      vertex 20.2538 -27.3091 8
    endloop
  endfacet
  facet normal -0 0 1
    outer loop
      vertex 9.53119 -12.8513 8
      vertex 20.2538 -27.3091 8
      vertex 10.1503 -12.3682 8
    endloop
  endfacet
  facet normal 0 0 1
    outer loop
      vertex 20.2538 -27.3091 8
      vertex 9.53119 -12.8513 8
      vertex 18.8894 -28.27 8
    endloop
  endfacet
  facet normal -0 0 1
    outer loop
      vertex 8.88912 -13.3035 8
      vertex 18.8894 -28.27 8
      vertex 9.53119 -12.8513 8
    endloop
  endfacet
  facet normal 0 0 1
    outer loop
      vertex 18.8894 -28.27 8
      vertex 8.88912 -13.3035 8
      vertex 17.4795 -29.1628 8
    endloop
  endfacet
  facet normal -0 0 1
    outer loop
      vertex 8.22564 -13.7237 8
      vertex 17.4795 -29.1628 8
      vertex 8.88912 -13.3035 8
    endloop
  endfacet
  facet normal 0 0 1
    outer loop
      vertex 17.4795 -29.1628 8
      vertex 8.22564 -13.7237 8
      vertex 16.0275 -29.9853 8
    endloop
  endfacet
  facet normal -0 0 1
    outer loop
      vertex 7.54235 -14.1107 8
      vertex 16.0275 -29.9853 8
      vertex 8.22564 -13.7237 8
    endloop
  endfacet
  facet normal -0 0 1
    outer loop
      vertex 3.1526 -24.2103 8
      vertex 16.0275 -29.9853 8
      vertex 7.54235 -14.1107 8
    endloop
  endfacet
  facet normal -0 -0 1
    outer loop
      vertex 3.18755 -24.366 8
      vertex 16.0275 -29.9853 8
      vertex 3.1526 -24.2103 8
    endloop
  endfacet
  facet normal -0 -0 1
    outer loop
      vertex 3.23435 -24.6814 8
      vertex 14.5369 -30.7356 8
      vertex 3.21482 -24.5231 8
    endloop
  endfacet
  facet normal -0 -0 1
    outer loop
      vertex 3.24609 -24.8405 8
      vertex 13.0112 -31.4119 8
      vertex 3.23435 -24.6814 8
    endloop
  endfacet
  facet normal 0 0 1
    outer loop
      vertex 16.0275 -29.9853 8
      vertex 3.18755 -24.366 8
      vertex 14.5369 -30.7356 8
    endloop
  endfacet
  facet normal 0 0 1
    outer loop
      vertex 3.11006 -24.0566 8
      vertex 7.54235 -14.1107 8
      vertex 6.84088 -14.4638 8
    endloop
  endfacet
  facet normal -0 0 1
    outer loop
      vertex 3.24609 -25.1595 8
      vertex 13.0112 -31.4119 8
      vertex 3.25 -25 8
    endloop
  endfacet
  facet normal 0 0 1
    outer loop
      vertex 3.00261 -23.7563 8
      vertex 6.84088 -14.4638 8
      vertex 6.12293 -14.7821 8
    endloop
  endfacet
  facet normal 0 0 1
    outer loop
      vertex 2.78762 -23.3292 8
      vertex 6.12293 -14.7821 8
      vertex 5.39024 -15.0647 8
    endloop
  endfacet
  facet normal 0 0 1
    outer loop
      vertex 13.0112 -31.4119 8
      vertex 3.24609 -25.1595 8
      vertex 11.4543 -32.0125 8
    endloop
  endfacet
  facet normal 0 0 1
    outer loop
      vertex 2.61042 -23.064 8
      vertex 5.39024 -15.0647 8
      vertex 4.64455 -15.311 8
    endloop
  endfacet
  facet normal 0 0 1
    outer loop
      vertex 2.2981 -22.7019 8
      vertex 4.64455 -15.311 8
      vertex 3.88768 -15.5205 8
    endloop
  endfacet
  facet normal -0 0 1
    outer loop
      vertex 3.21482 -25.4769 8
      vertex 11.4543 -32.0125 8
      vertex 3.23435 -25.3186 8
    endloop
  endfacet
  facet normal 0 0 1
    outer loop
      vertex 11.4543 -32.0125 8
      vertex 3.18755 -25.634 8
      vertex 9.86968 -32.536 8
    endloop
  endfacet
  facet normal -0 0 1
    outer loop
      vertex 3.18755 -25.634 8
      vertex 11.4543 -32.0125 8
      vertex 3.21482 -25.4769 8
    endloop
  endfacet
  facet normal -0 0 1
    outer loop
      vertex 3.23435 -25.3186 8
      vertex 11.4543 -32.0125 8
      vertex 3.24609 -25.1595 8
    endloop
  endfacet
  facet normal -0 -0 1
    outer loop
      vertex 3.25 -25 8
      vertex 13.0112 -31.4119 8
      vertex 3.24609 -24.8405 8
    endloop
  endfacet
  facet normal 0 0 1
    outer loop
      vertex 14.5369 -30.7356 8
      vertex 3.23435 -24.6814 8
      vertex 13.0112 -31.4119 8
    endloop
  endfacet
  facet normal -0 -0 1
    outer loop
      vertex 3.21482 -24.5231 8
      vertex 14.5369 -30.7356 8
      vertex 3.18755 -24.366 8
    endloop
  endfacet
  facet normal 0 0 1
    outer loop
      vertex 1.93602 -22.3896 8
      vertex 3.88768 -15.5205 8
      vertex 3.12144 -15.6926 8
    endloop
  endfacet
  facet normal 0 0 1
    outer loop
      vertex 7.54235 -14.1107 8
      vertex 3.11006 -24.0566 8
      vertex 3.1526 -24.2103 8
    endloop
  endfacet
  facet normal 0 0 1
    outer loop
      vertex 6.84088 -14.4638 8
      vertex 3.06002 -23.9051 8
      vertex 3.11006 -24.0566 8
    endloop
  endfacet
  facet normal 0 0 1
    outer loop
      vertex 6.84088 -14.4638 8
      vertex 3.00261 -23.7563 8
      vertex 3.06002 -23.9051 8
    endloop
  endfacet
  facet normal 0 0 1
    outer loop
      vertex 6.12293 -14.7821 8
      vertex 2.93796 -23.6104 8
      vertex 3.00261 -23.7563 8
    endloop
  endfacet
  facet normal 0 0 1
    outer loop
      vertex 6.12293 -14.7821 8
      vertex 2.86624 -23.468 8
      vertex 2.93796 -23.6104 8
    endloop
  endfacet
  facet normal 0 0 1
    outer loop
      vertex 6.12293 -14.7821 8
      vertex 2.78762 -23.3292 8
      vertex 2.86624 -23.468 8
    endloop
  endfacet
  facet normal 0 0 1
    outer loop
      vertex 5.39024 -15.0647 8
      vertex 2.70228 -23.1944 8
      vertex 2.78762 -23.3292 8
    endloop
  endfacet
  facet normal 0 0 1
    outer loop
      vertex 5.39024 -15.0647 8
      vertex 2.61042 -23.064 8
      vertex 2.70228 -23.1944 8
    endloop
  endfacet
  facet normal 0 0 1
    outer loop
      vertex 4.64455 -15.311 8
      vertex 2.51228 -22.9382 8
      vertex 2.61042 -23.064 8
    endloop
  endfacet
  facet normal 0 0 1
    outer loop
      vertex 4.64455 -15.311 8
      vertex 2.40809 -22.8174 8
      vertex 2.51228 -22.9382 8
    endloop
  endfacet
  facet normal 0 0 1
    outer loop
      vertex 1.67083 -22.2124 8
      vertex 3.12144 -15.6926 8
      vertex 2.34769 -15.8268 8
    endloop
  endfacet
  facet normal 0 0 1
    outer loop
      vertex 4.64455 -15.311 8
      vertex 2.2981 -22.7019 8
      vertex 2.40809 -22.8174 8
    endloop
  endfacet
  facet normal 0 0 1
    outer loop
      vertex 3.88768 -15.5205 8
      vertex 2.18257 -22.5919 8
      vertex 2.2981 -22.7019 8
    endloop
  endfacet
  facet normal 0 0 1
    outer loop
      vertex 3.88768 -15.5205 8
      vertex 2.06178 -22.4877 8
      vertex 2.18257 -22.5919 8
    endloop
  endfacet
  facet normal 0 0 1
    outer loop
      vertex 3.88768 -15.5205 8
      vertex 1.93602 -22.3896 8
      vertex 2.06178 -22.4877 8
    endloop
  endfacet
  facet normal 0 0 1
    outer loop
      vertex 3.12144 -15.6926 8
      vertex 1.8056 -22.2977 8
      vertex 1.93602 -22.3896 8
    endloop
  endfacet
  facet normal 0 0 1
    outer loop
      vertex 3.12144 -15.6926 8
      vertex 1.67083 -22.2124 8
      vertex 1.8056 -22.2977 8
    endloop
  endfacet
  facet normal 0 0 1
    outer loop
      vertex 1.24372 -21.9974 8
      vertex 2.34769 -15.8268 8
      vertex 1.56827 -15.923 8
    endloop
  endfacet
  facet normal 0 0 1
    outer loop
      vertex 2.34769 -15.8268 8
      vertex 1.53204 -22.1338 8
      vertex 1.67083 -22.2124 8
    endloop
  endfacet
  facet normal 0 0 1
    outer loop
      vertex 2.34769 -15.8268 8
      vertex 1.38955 -22.062 8
      vertex 1.53204 -22.1338 8
    endloop
  endfacet
  facet normal 0 0 1
    outer loop
      vertex 2.34769 -15.8268 8
      vertex 1.24372 -21.9974 8
      vertex 1.38955 -22.062 8
    endloop
  endfacet
  facet normal 0 0 1
    outer loop
      vertex 1.56827 -15.923 8
      vertex 1.09489 -21.94 8
      vertex 1.24372 -21.9974 8
    endloop
  endfacet
  facet normal 0 0 1
    outer loop
      vertex 1.56827 -15.923 8
      vertex 0.943425 -21.8899 8
      vertex 1.09489 -21.94 8
    endloop
  endfacet
  facet normal 0 0 1
    outer loop
      vertex 1.56827 -15.923 8
      vertex 0.789685 -21.8474 8
      vertex 0.943425 -21.8899 8
    endloop
  endfacet
  facet normal -0 0 1
    outer loop
      vertex 0.785082 -15.9807 8
      vertex 0.789685 -21.8474 8
      vertex 1.56827 -15.923 8
    endloop
  endfacet
  facet normal 0 0 1
    outer loop
      vertex 0.785082 -15.9807 8
      vertex 0.634043 -21.8124 8
      vertex 0.789685 -21.8474 8
    endloop
  endfacet
  facet normal 0 0 1
    outer loop
      vertex 0.785082 -15.9807 8
      vertex 0.476873 -21.7852 8
      vertex 0.634043 -21.8124 8
    endloop
  endfacet
  facet normal 0 0 1
    outer loop
      vertex 0.785082 -15.9807 8
      vertex 0.318555 -21.7656 8
      vertex 0.476873 -21.7852 8
    endloop
  endfacet
  facet normal 0 0 1
    outer loop
      vertex 0.785082 -15.9807 8
      vertex 0.15947 -21.7539 8
      vertex 0.318555 -21.7656 8
    endloop
  endfacet
  facet normal -0 0 1
    outer loop
      vertex 0 -16 8
      vertex 0.15947 -21.7539 8
      vertex 0.785082 -15.9807 8
    endloop
  endfacet
  facet normal 0 0 1
    outer loop
      vertex 0 -16 8
      vertex 0 -21.75 8
      vertex 0.15947 -21.7539 8
    endloop
  endfacet
  facet normal 0 0 1
    outer loop
      vertex 0 -16 8
      vertex -0.15947 -21.7539 8
      vertex 0 -21.75 8
    endloop
  endfacet
  facet normal 0 0 1
    outer loop
      vertex 0 -16 8
      vertex -0.318555 -21.7656 8
      vertex -0.15947 -21.7539 8
    endloop
  endfacet
  facet normal 0 0 1
    outer loop
      vertex -0.785082 -15.9807 8
      vertex -0.318555 -21.7656 8
      vertex 0 -16 8
    endloop
  endfacet
  facet normal 0 0 1
    outer loop
      vertex -0.318555 -21.7656 8
      vertex -0.785082 -15.9807 8
      vertex -0.476873 -21.7852 8
    endloop
  endfacet
  facet normal 0 0 1
    outer loop
      vertex -0.476873 -21.7852 8
      vertex -0.785082 -15.9807 8
      vertex -0.634043 -21.8124 8
    endloop
  endfacet
  facet normal 0 0 1
    outer loop
      vertex -0.785082 -15.9807 8
      vertex -0.789685 -21.8474 8
      vertex -0.634043 -21.8124 8
    endloop
  endfacet
  facet normal 0 0 1
    outer loop
      vertex -1.56827 -15.923 8
      vertex -0.789685 -21.8474 8
      vertex -0.785082 -15.9807 8
    endloop
  endfacet
  facet normal 0 0 1
    outer loop
      vertex -0.789685 -21.8474 8
      vertex -1.56827 -15.923 8
      vertex -0.943425 -21.8899 8
    endloop
  endfacet
  facet normal 0 0 1
    outer loop
      vertex -0.943425 -21.8899 8
      vertex -1.56827 -15.923 8
      vertex -1.09489 -21.94 8
    endloop
  endfacet
  facet normal 0 0 1
    outer loop
      vertex -1.09489 -21.94 8
      vertex -1.56827 -15.923 8
      vertex -1.24372 -21.9974 8
    endloop
  endfacet
  facet normal 0 0 1
    outer loop
      vertex -2.34769 -15.8268 8
      vertex -1.24372 -21.9974 8
      vertex -1.56827 -15.923 8
    endloop
  endfacet
  facet normal 0 0 1
    outer loop
      vertex -1.24372 -21.9974 8
      vertex -2.34769 -15.8268 8
      vertex -1.38955 -22.062 8
    endloop
  endfacet
  facet normal 0 0 1
    outer loop
      vertex -1.38955 -22.062 8
      vertex -2.34769 -15.8268 8
      vertex -1.53204 -22.1338 8
    endloop
  endfacet
  facet normal 0 0 1
    outer loop
      vertex -1.53204 -22.1338 8
      vertex -2.34769 -15.8268 8
      vertex -1.67083 -22.2124 8
    endloop
  endfacet
  facet normal 0 0 1
    outer loop
      vertex -3.12144 -15.6926 8
      vertex -1.67083 -22.2124 8
      vertex -2.34769 -15.8268 8
    endloop
  endfacet
  facet normal 0 0 1
    outer loop
      vertex -1.67083 -22.2124 8
      vertex -3.12144 -15.6926 8
      vertex -1.8056 -22.2977 8
    endloop
  endfacet
  facet normal 0 0 1
    outer loop
      vertex -1.8056 -22.2977 8
      vertex -3.12144 -15.6926 8
      vertex -1.93602 -22.3896 8
    endloop
  endfacet
  facet normal 0 0 1
    outer loop
      vertex -3.88768 -15.5205 8
      vertex -1.93602 -22.3896 8
      vertex -3.12144 -15.6926 8
    endloop
  endfacet
  facet normal 0 0 1
    outer loop
      vertex -1.93602 -22.3896 8
      vertex -3.88768 -15.5205 8
      vertex -2.06178 -22.4877 8
    endloop
  endfacet
  facet normal 0 0 1
    outer loop
      vertex -2.06178 -22.4877 8
      vertex -3.88768 -15.5205 8
      vertex -2.18257 -22.5919 8
    endloop
  endfacet
  facet normal 0 0 1
    outer loop
      vertex -2.18257 -22.5919 8
      vertex -3.88768 -15.5205 8
      vertex -2.2981 -22.7019 8
    endloop
  endfacet
  facet normal 0 0 1
    outer loop
      vertex -4.64455 -15.311 8
      vertex -2.2981 -22.7019 8
      vertex -3.88768 -15.5205 8
    endloop
  endfacet
  facet normal 0 0 1
    outer loop
      vertex -2.2981 -22.7019 8
      vertex -4.64455 -15.311 8
      vertex -2.40809 -22.8174 8
    endloop
  endfacet
  facet normal 0 0 1
    outer loop
      vertex -2.40809 -22.8174 8
      vertex -4.64455 -15.311 8
      vertex -2.51228 -22.9382 8
    endloop
  endfacet
  facet normal 0 0 1
    outer loop
      vertex -2.51228 -22.9382 8
      vertex -4.64455 -15.311 8
      vertex -2.61042 -23.064 8
    endloop
  endfacet
  facet normal 0 0 1
    outer loop
      vertex -5.39024 -15.0647 8
      vertex -2.61042 -23.064 8
      vertex -4.64455 -15.311 8
    endloop
  endfacet
  facet normal 0 0 1
    outer loop
      vertex -2.61042 -23.064 8
      vertex -5.39024 -15.0647 8
      vertex -2.70228 -23.1944 8
    endloop
  endfacet
  facet normal 0 0 1
    outer loop
      vertex -2.70228 -23.1944 8
      vertex -5.39024 -15.0647 8
      vertex -2.78762 -23.3292 8
    endloop
  endfacet
  facet normal 0 0 1
    outer loop
      vertex -6.12293 -14.7821 8
      vertex -2.78762 -23.3292 8
      vertex -5.39024 -15.0647 8
    endloop
  endfacet
  facet normal 0 0 1
    outer loop
      vertex -2.78762 -23.3292 8
      vertex -6.12293 -14.7821 8
      vertex -2.86624 -23.468 8
    endloop
  endfacet
  facet normal 0 0 1
    outer loop
      vertex -2.86624 -23.468 8
      vertex -6.12293 -14.7821 8
      vertex -2.93796 -23.6104 8
    endloop
  endfacet
  facet normal 0 0 1
    outer loop
      vertex -14.7101 -18.1179 8
      vertex -7.54235 -14.1107 8
      vertex -14.6921 -17.9717 8
    endloop
  endfacet
  facet normal 0 0 1
    outer loop
      vertex -7.54235 -14.1107 8
      vertex -14.7101 -18.1179 8
      vertex -6.84088 -14.4638 8
    endloop
  endfacet
  facet normal 0 0 1
    outer loop
      vertex -14.7353 -18.2629 8
      vertex -6.84088 -14.4638 8
      vertex -14.7101 -18.1179 8
    endloop
  endfacet
  facet normal 0 0 1
    outer loop
      vertex -14.7676 -18.4066 8
      vertex -6.84088 -14.4638 8
      vertex -14.7353 -18.2629 8
    endloop
  endfacet
  facet normal 0 0 1
    outer loop
      vertex -14.8068 -18.5485 8
      vertex -6.84088 -14.4638 8
      vertex -14.7676 -18.4066 8
    endloop
  endfacet
  facet normal 0 0 1
    outer loop
      vertex -6.84088 -14.4638 8
      vertex -14.8068 -18.5485 8
      vertex -6.12293 -14.7821 8
    endloop
  endfacet
  facet normal 0 0 1
    outer loop
      vertex -6.12293 -14.7821 8
      vertex -14.8068 -18.5485 8
      vertex -2.93796 -23.6104 8
    endloop
  endfacet
  facet normal -0 0 1
    outer loop
      vertex -14.853 -18.6883 8
      vertex -2.93796 -23.6104 8
      vertex -14.8068 -18.5485 8
    endloop
  endfacet
  facet normal 0 0 1
    outer loop
      vertex -1.8056 -27.7023 8
      vertex -4.98884 -33.632 8
      vertex -3.33258 -33.8363 8
    endloop
  endfacet
  facet normal 0 0 1
    outer loop
      vertex -2.93796 -23.6104 8
      vertex -14.853 -18.6883 8
      vertex -3.00261 -23.7563 8
    endloop
  endfacet
  facet normal -0 0 1
    outer loop
      vertex -14.906 -18.8257 8
      vertex -3.00261 -23.7563 8
      vertex -14.853 -18.6883 8
    endloop
  endfacet
  facet normal 0 0 1
    outer loop
      vertex -2.40809 -27.1826 8
      vertex -6.63307 -33.3467 8
      vertex -4.98884 -33.632 8
    endloop
  endfacet
  facet normal 0 0 1
    outer loop
      vertex -14.6921 -17.9717 8
      vertex -7.54235 -14.1107 8
      vertex -14.6813 -17.8249 8
    endloop
  endfacet
  facet normal 0 0 1
    outer loop
      vertex -14.6813 -17.8249 8
      vertex -7.54235 -14.1107 8
      vertex -14.6777 -17.6777 8
    endloop
  endfacet
  facet normal 0 0 1
    outer loop
      vertex -14.6777 -17.6777 8
      vertex -7.54235 -14.1107 8
      vertex -8.22564 -13.7237 8
    endloop
  endfacet
  facet normal 0 0 1
    outer loop
      vertex -2.78762 -26.6708 8
      vertex -8.26133 -32.9811 8
      vertex -6.63307 -33.3467 8
    endloop
  endfacet
  facet normal 0 0 1
    outer loop
      vertex -14.6921 -17.3836 8
      vertex -8.22564 -13.7237 8
      vertex -8.88912 -13.3035 8
    endloop
  endfacet
  facet normal 0 0 1
    outer loop
      vertex -14.7676 -16.9487 8
      vertex -8.88912 -13.3035 8
      vertex -9.53119 -12.8513 8
    endloop
  endfacet
  facet normal 0 0 1
    outer loop
      vertex -3.24609 -24.8405 8
      vertex -13.0112 -31.4119 8
      vertex -3.25 -25 8
    endloop
  endfacet
  facet normal 0 0 1
    outer loop
      vertex -14.906 -16.5296 8
      vertex -9.53119 -12.8513 8
      vertex -10.1503 -12.3682 8
    endloop
  endfacet
  facet normal 0 0 1
    outer loop
      vertex -15.1045 -16.1354 8
      vertex -10.1503 -12.3682 8
      vertex -10.7449 -11.8552 8
    endloop
  endfacet
  facet normal 0 0 1
    outer loop
      vertex -15.3586 -15.7745 8
      vertex -10.7449 -11.8552 8
      vertex -11.3137 -11.3137 8
    endloop
  endfacet
  facet normal 0 0 1
    outer loop
      vertex -3.06002 -26.0949 8
      vertex -9.86968 -32.536 8
      vertex -8.26133 -32.9811 8
    endloop
  endfacet
  facet normal 0 0 1
    outer loop
      vertex -15.663 -15.4548 8
      vertex -11.3137 -11.3137 8
      vertex -11.8552 -10.7449 8
    endloop
  endfacet
  facet normal 0 0 1
    outer loop
      vertex -16.011 -15.1833 8
      vertex -11.8552 -10.7449 8
      vertex -12.3682 -10.1503 8
    endloop
  endfacet
  facet normal 0 0 1
    outer loop
      vertex -16.011 -15.1833 8
      vertex -12.3682 -10.1503 8
      vertex -12.8513 -9.53119 8
    endloop
  endfacet
  facet normal 0 0 1
    outer loop
      vertex -3.18755 -25.634 8
      vertex -11.4543 -32.0125 8
      vertex -9.86968 -32.536 8
    endloop
  endfacet
  facet normal 0 0 1
    outer loop
      vertex -16.011 -15.1833 8
      vertex -12.8513 -9.53119 8
      vertex -13.3035 -8.88912 8
    endloop
  endfacet
  facet normal 0 0 1
    outer loop
      vertex -16.011 -15.1833 8
      vertex -13.3035 -8.88912 8
      vertex -13.7237 -8.22564 8
    endloop
  endfacet
  facet normal 0 0 1
    outer loop
      vertex -16.011 -15.1833 8
      vertex -13.7237 -8.22564 8
      vertex -14.1107 -7.54235 8
    endloop
  endfacet
  facet normal 0 0 1
    outer loop
      vertex -16.011 -15.1833 8
      vertex -14.1107 -7.54235 8
      vertex -14.4638 -6.84088 8
    endloop
  endfacet
  facet normal 0 0 1
    outer loop
      vertex -8.22564 -13.7237 8
      vertex -14.6813 -17.5305 8
      vertex -14.6777 -17.6777 8
    endloop
  endfacet
  facet normal 0 0 1
    outer loop
      vertex -3.00261 -23.7563 8
      vertex -14.906 -18.8257 8
      vertex -3.06002 -23.9051 8
    endloop
  endfacet
  facet normal 0 0 1
    outer loop
      vertex -3.24609 -25.1595 8
      vertex -13.0112 -31.4119 8
      vertex -11.4543 -32.0125 8
    endloop
  endfacet
  facet normal 0 0 1
    outer loop
      vertex -8.22564 -13.7237 8
      vertex -14.6921 -17.3836 8
      vertex -14.6813 -17.5305 8
    endloop
  endfacet
  facet normal 0 0 1
    outer loop
      vertex -8.88912 -13.3035 8
      vertex -14.7101 -17.2375 8
      vertex -14.6921 -17.3836 8
    endloop
  endfacet
  facet normal 0 0 1
    outer loop
      vertex -8.88912 -13.3035 8
      vertex -14.7353 -17.0924 8
      vertex -14.7101 -17.2375 8
    endloop
  endfacet
  facet normal 0 0 1
    outer loop
      vertex -8.88912 -13.3035 8
      vertex -14.7676 -16.9487 8
      vertex -14.7353 -17.0924 8
    endloop
  endfacet
  facet normal 0 0 1
    outer loop
      vertex -16.011 -15.1833 8
      vertex -14.4638 -6.84088 8
      vertex -14.7821 -6.12293 8
    endloop
  endfacet
  facet normal 0 0 1
    outer loop
      vertex -9.53119 -12.8513 8
      vertex -14.8068 -16.8068 8
      vertex -14.7676 -16.9487 8
    endloop
  endfacet
  facet normal 0 0 1
    outer loop
      vertex -9.53119 -12.8513 8
      vertex -14.853 -16.667 8
      vertex -14.8068 -16.8068 8
    endloop
  endfacet
  facet normal 0 0 1
    outer loop
      vertex -9.53119 -12.8513 8
      vertex -14.906 -16.5296 8
      vertex -14.853 -16.667 8
    endloop
  endfacet
  facet normal 0 0 1
    outer loop
      vertex -10.1503 -12.3682 8
      vertex -14.9657 -16.395 8
      vertex -14.906 -16.5296 8
    endloop
  endfacet
  facet normal 0 0 1
    outer loop
      vertex -10.1503 -12.3682 8
      vertex -15.0319 -16.2635 8
      vertex -14.9657 -16.395 8
    endloop
  endfacet
  facet normal 0 0 1
    outer loop
      vertex -16.011 -15.1833 8
      vertex -14.7821 -6.12293 8
      vertex -15.0647 -5.39024 8
    endloop
  endfacet
  facet normal 0 0 1
    outer loop
      vertex -10.1503 -12.3682 8
      vertex -15.1045 -16.1354 8
      vertex -15.0319 -16.2635 8
    endloop
  endfacet
  facet normal 0 0 1
    outer loop
      vertex -10.7449 -11.8552 8
      vertex -15.1833 -16.011 8
      vertex -15.1045 -16.1354 8
    endloop
  endfacet
  facet normal 0 0 1
    outer loop
      vertex -10.7449 -11.8552 8
      vertex -15.268 -15.8906 8
      vertex -15.1833 -16.011 8
    endloop
  endfacet
  facet normal 0 0 1
    outer loop
      vertex -16.011 -15.1833 8
      vertex -15.0647 -5.39024 8
      vertex -15.311 -4.64455 8
    endloop
  endfacet
  facet normal 0 0 1
    outer loop
      vertex -10.7449 -11.8552 8
      vertex -15.3586 -15.7745 8
      vertex -15.268 -15.8906 8
    endloop
  endfacet
  facet normal 0 0 1
    outer loop
      vertex -11.3137 -11.3137 8
      vertex -15.4548 -15.663 8
      vertex -15.3586 -15.7745 8
    endloop
  endfacet
  facet normal 0 0 1
    outer loop
      vertex -16.011 -15.1833 8
      vertex -15.311 -4.64455 8
      vertex -15.5205 -3.88768 8
    endloop
  endfacet
  facet normal 0 0 1
    outer loop
      vertex -11.3137 -11.3137 8
      vertex -15.5563 -15.5563 8
      vertex -15.4548 -15.663 8
    endloop
  endfacet
  facet normal 0 0 1
    outer loop
      vertex -11.3137 -11.3137 8
      vertex -15.663 -15.4548 8
      vertex -15.5563 -15.5563 8
    endloop
  endfacet
  facet normal 0 0 1
    outer loop
      vertex -16.011 -15.1833 8
      vertex -15.5205 -3.88768 8
      vertex -15.6926 -3.12144 8
    endloop
  endfacet
  facet normal 0 0 1
    outer loop
      vertex -11.8552 -10.7449 8
      vertex -15.7745 -15.3586 8
      vertex -15.663 -15.4548 8
    endloop
  endfacet
  facet normal 0 0 1
    outer loop
      vertex -16.011 -15.1833 8
      vertex -15.6926 -3.12144 8
      vertex -15.8268 -2.34769 8
    endloop
  endfacet
  facet normal 0 0 1
    outer loop
      vertex -11.8552 -10.7449 8
      vertex -15.8906 -15.268 8
      vertex -15.7745 -15.3586 8
    endloop
  endfacet
  facet normal 0 0 1
    outer loop
      vertex -16.011 -15.1833 8
      vertex -15.8268 -2.34769 8
      vertex -15.923 -1.56827 8
    endloop
  endfacet
  facet normal 0 0 1
    outer loop
      vertex -16.011 -15.1833 8
      vertex -15.923 -1.56827 8
      vertex -15.9807 -0.785082 8
    endloop
  endfacet
  facet normal 0 0 1
    outer loop
      vertex -16.011 -15.1833 8
      vertex -15.9807 -0.785082 8
      vertex -16 0 8
    endloop
  endfacet
  facet normal 0 0 1
    outer loop
      vertex -11.8552 -10.7449 8
      vertex -16.011 -15.1833 8
      vertex -15.8906 -15.268 8
    endloop
  endfacet
  facet normal -0 0 1
    outer loop
      vertex 28.2344 0.318555 8
      vertex 34 0 8
      vertex 33.959 1.6683 8
    endloop
  endfacet
  facet normal 0 0 1
    outer loop
      vertex 28.06 1.09489 8
      vertex 33.959 1.6683 8
      vertex 33.8363 3.33258 8
    endloop
  endfacet
  facet normal 0 0 1
    outer loop
      vertex 34 0 8
      vertex 28.2344 0.318555 8
      vertex 28.2461 0.15947 8
    endloop
  endfacet
  facet normal 0 0 1
    outer loop
      vertex 27.7023 1.8056 8
      vertex 33.8363 3.33258 8
      vertex 33.632 4.98884 8
    endloop
  endfacet
  facet normal 0 0 1
    outer loop
      vertex 34 0 8
      vertex 28.2461 0.15947 8
      vertex 28.25 0 8
    endloop
  endfacet
  facet normal 0 0 1
    outer loop
      vertex 27.1826 2.40809 8
      vertex 33.632 4.98884 8
      vertex 33.3467 6.63307 8
    endloop
  endfacet
  facet normal 0 0 1
    outer loop
      vertex 28.2461 -0.15947 8
      vertex 34 0 8
      vertex 28.25 0 8
    endloop
  endfacet
  facet normal 0 0 1
    outer loop
      vertex 26.6708 2.78762 8
      vertex 33.3467 6.63307 8
      vertex 32.9811 8.26133 8
    endloop
  endfacet
  facet normal 0 0 1
    outer loop
      vertex 34 0 8
      vertex 28.2344 -0.318555 8
      vertex 33.959 -1.6683 8
    endloop
  endfacet
  facet normal 0 0 1
    outer loop
      vertex 26.2437 3.00261 8
      vertex 32.9811 8.26133 8
      vertex 32.536 9.86968 8
    endloop
  endfacet
  facet normal -0 0 1
    outer loop
      vertex 28.2148 -0.476873 8
      vertex 33.959 -1.6683 8
      vertex 28.2344 -0.318555 8
    endloop
  endfacet
  facet normal 0 0 1
    outer loop
      vertex 25.634 3.18755 8
      vertex 32.536 9.86968 8
      vertex 32.0125 11.4543 8
    endloop
  endfacet
  facet normal -0 0 1
    outer loop
      vertex 28.1876 -0.634043 8
      vertex 33.959 -1.6683 8
      vertex 28.2148 -0.476873 8
    endloop
  endfacet
  facet normal 0 0 1
    outer loop
      vertex 25.1595 3.24609 8
      vertex 32.0125 11.4543 8
      vertex 31.4119 13.0112 8
    endloop
  endfacet
  facet normal -0 0 1
    outer loop
      vertex 28.1526 -0.789685 8
      vertex 33.959 -1.6683 8
      vertex 28.1876 -0.634043 8
    endloop
  endfacet
  facet normal 0 0 1
    outer loop
      vertex 20.5023 16.667 8
      vertex 29.1628 17.4795 8
      vertex 20.5485 16.8068 8
    endloop
  endfacet
  facet normal -0 0 1
    outer loop
      vertex 28.1101 -0.943425 8
      vertex 33.959 -1.6683 8
      vertex 28.1526 -0.789685 8
    endloop
  endfacet
  facet normal 0 0 1
    outer loop
      vertex 20.6452 17.2375 8
      vertex 28.27 18.8894 8
      vertex 20.6632 17.3836 8
    endloop
  endfacet
  facet normal -0 0 1
    outer loop
      vertex 28.06 -1.09489 8
      vertex 33.959 -1.6683 8
      vertex 28.1101 -0.943425 8
    endloop
  endfacet
  facet normal 0 0 1
    outer loop
      vertex 20.6632 17.3836 8
      vertex 28.27 18.8894 8
      vertex 20.6741 17.5305 8
    endloop
  endfacet
  facet normal -0 0 1
    outer loop
      vertex 28.0026 -1.24372 8
      vertex 33.8363 -3.33258 8
      vertex 28.06 -1.09489 8
    endloop
  endfacet
  facet normal 0 0 1
    outer loop
      vertex 27.3091 20.2538 8
      vertex 20.6741 17.5305 8
      vertex 28.27 18.8894 8
    endloop
  endfacet
  facet normal -0 0 1
    outer loop
      vertex 27.938 -1.38955 8
      vertex 33.8363 -3.33258 8
      vertex 28.0026 -1.24372 8
    endloop
  endfacet
  facet normal -0 0 1
    outer loop
      vertex 27.8662 -1.53204 8
      vertex 33.8363 -3.33258 8
      vertex 27.938 -1.38955 8
    endloop
  endfacet
  facet normal 0 0 1
    outer loop
      vertex 33.959 -1.6683 8
      vertex 28.06 -1.09489 8
      vertex 33.8363 -3.33258 8
    endloop
  endfacet
  facet normal 0 0 1
    outer loop
      vertex 28.2344 -0.318555 8
      vertex 34 0 8
      vertex 28.2461 -0.15947 8
    endloop
  endfacet
  facet normal 0 0 1
    outer loop
      vertex 33.959 1.6683 8
      vertex 28.2148 0.476873 8
      vertex 28.2344 0.318555 8
    endloop
  endfacet
  facet normal 0 0 1
    outer loop
      vertex 33.959 1.6683 8
      vertex 28.1876 0.634043 8
      vertex 28.2148 0.476873 8
    endloop
  endfacet
  facet normal 0 0 1
    outer loop
      vertex 33.959 1.6683 8
      vertex 28.1526 0.789685 8
      vertex 28.1876 0.634043 8
    endloop
  endfacet
  facet normal 0 0 1
    outer loop
      vertex 33.959 1.6683 8
      vertex 28.1101 0.943425 8
      vertex 28.1526 0.789685 8
    endloop
  endfacet
  facet normal 0 0 1
    outer loop
      vertex 33.959 1.6683 8
      vertex 28.06 1.09489 8
      vertex 28.1101 0.943425 8
    endloop
  endfacet
  facet normal 0 0 1
    outer loop
      vertex 33.8363 3.33258 8
      vertex 28.0026 1.24372 8
      vertex 28.06 1.09489 8
    endloop
  endfacet
  facet normal 0 0 1
    outer loop
      vertex 33.8363 3.33258 8
      vertex 27.938 1.38955 8
      vertex 28.0026 1.24372 8
    endloop
  endfacet
  facet normal 0 0 1
    outer loop
      vertex 33.8363 3.33258 8
      vertex 27.8662 1.53204 8
      vertex 27.938 1.38955 8
    endloop
  endfacet
  facet normal 0 0 1
    outer loop
      vertex 33.8363 3.33258 8
      vertex 27.7876 1.67083 8
      vertex 27.8662 1.53204 8
    endloop
  endfacet
  facet normal 0 0 1
    outer loop
      vertex 33.8363 3.33258 8
      vertex 27.7023 1.8056 8
      vertex 27.7876 1.67083 8
    endloop
  endfacet
  facet normal 0 0 1
    outer loop
      vertex 33.632 4.98884 8
      vertex 27.6104 1.93602 8
      vertex 27.7023 1.8056 8
    endloop
  endfacet
  facet normal 0 0 1
    outer loop
      vertex 33.632 4.98884 8
      vertex 27.5123 2.06178 8
      vertex 27.6104 1.93602 8
    endloop
  endfacet
  facet normal 0 0 1
    outer loop
      vertex 33.632 4.98884 8
      vertex 27.4081 2.18257 8
      vertex 27.5123 2.06178 8
    endloop
  endfacet
  facet normal 0 0 1
    outer loop
      vertex 20.6741 17.5305 8
      vertex 27.3091 20.2538 8
      vertex 20.6777 17.6777 8
    endloop
  endfacet
  facet normal 0 0 1
    outer loop
      vertex 33.632 4.98884 8
      vertex 27.2981 2.2981 8
      vertex 27.4081 2.18257 8
    endloop
  endfacet
  facet normal 0 0 1
    outer loop
      vertex 33.632 4.98884 8
      vertex 27.1826 2.40809 8
      vertex 27.2981 2.2981 8
    endloop
  endfacet
  facet normal 0 0 1
    outer loop
      vertex 33.3467 6.63307 8
      vertex 27.0618 2.51228 8
      vertex 27.1826 2.40809 8
    endloop
  endfacet
  facet normal 0 0 1
    outer loop
      vertex 33.3467 6.63307 8
      vertex 26.936 2.61042 8
      vertex 27.0618 2.51228 8
    endloop
  endfacet
  facet normal 0 0 1
    outer loop
      vertex 33.3467 6.63307 8
      vertex 26.8056 2.70228 8
      vertex 26.936 2.61042 8
    endloop
  endfacet
  facet normal 0 0 1
    outer loop
      vertex 33.3467 6.63307 8
      vertex 26.6708 2.78762 8
      vertex 26.8056 2.70228 8
    endloop
  endfacet
  facet normal 0 0 1
    outer loop
      vertex 32.9811 8.26133 8
      vertex 26.532 2.86624 8
      vertex 26.6708 2.78762 8
    endloop
  endfacet
  facet normal 0 0 1
    outer loop
      vertex 32.9811 8.26133 8
      vertex 26.3896 2.93796 8
      vertex 26.532 2.86624 8
    endloop
  endfacet
  facet normal 0 0 1
    outer loop
      vertex 20.6777 17.6777 8
      vertex 27.3091 20.2538 8
      vertex 26.2824 21.5694 8
    endloop
  endfacet
  facet normal 0 0 1
    outer loop
      vertex 32.9811 8.26133 8
      vertex 26.2437 3.00261 8
      vertex 26.3896 2.93796 8
    endloop
  endfacet
  facet normal 0 0 1
    outer loop
      vertex 32.536 9.86968 8
      vertex 26.0949 3.06002 8
      vertex 26.2437 3.00261 8
    endloop
  endfacet
  facet normal 0 0 1
    outer loop
      vertex 32.536 9.86968 8
      vertex 25.9434 3.11006 8
      vertex 26.0949 3.06002 8
    endloop
  endfacet
  facet normal 0 0 1
    outer loop
      vertex 20.62 17.0924 8
      vertex 28.27 18.8894 8
      vertex 20.6452 17.2375 8
    endloop
  endfacet
  facet normal 0 0 1
    outer loop
      vertex 32.536 9.86968 8
      vertex 25.7897 3.1526 8
      vertex 25.9434 3.11006 8
    endloop
  endfacet
  facet normal 0 0 1
    outer loop
      vertex 32.536 9.86968 8
      vertex 25.634 3.18755 8
      vertex 25.7897 3.1526 8
    endloop
  endfacet
  facet normal 0 0 1
    outer loop
      vertex 32.0125 11.4543 8
      vertex 25.4769 3.21482 8
      vertex 25.634 3.18755 8
    endloop
  endfacet
  facet normal 0 0 1
    outer loop
      vertex 20.6777 17.6777 8
      vertex 26.2824 21.5694 8
      vertex 25.1923 22.833 8
    endloop
  endfacet
  facet normal 0 0 1
    outer loop
      vertex 32.0125 11.4543 8
      vertex 25.3186 3.23435 8
      vertex 25.4769 3.21482 8
    endloop
  endfacet
  facet normal 0 0 1
    outer loop
      vertex 32.0125 11.4543 8
      vertex 25.1595 3.24609 8
      vertex 25.3186 3.23435 8
    endloop
  endfacet
  facet normal 0 0 1
    outer loop
      vertex 31.4119 13.0112 8
      vertex 25 3.25 8
      vertex 25.1595 3.24609 8
    endloop
  endfacet
  facet normal 0 0 1
    outer loop
      vertex 31.4119 13.0112 8
      vertex 24.8405 3.24609 8
      vertex 25 3.25 8
    endloop
  endfacet
  facet normal 0 0 1
    outer loop
      vertex 20.5485 16.8068 8
      vertex 29.1628 17.4795 8
      vertex 20.5878 16.9487 8
    endloop
  endfacet
  facet normal 0 0 1
    outer loop
      vertex 20.5878 16.9487 8
      vertex 28.27 18.8894 8
      vertex 20.62 17.0924 8
    endloop
  endfacet
  facet normal 0 0 1
    outer loop
      vertex 28.27 18.8894 8
      vertex 20.5878 16.9487 8
      vertex 29.1628 17.4795 8
    endloop
  endfacet
  facet normal 0 0 1
    outer loop
      vertex 20.4493 16.5296 8
      vertex 29.1628 17.4795 8
      vertex 20.5023 16.667 8
    endloop
  endfacet
  facet normal 0 0 1
    outer loop
      vertex 20.6777 17.6777 8
      vertex 25.1923 22.833 8
      vertex 24.0416 24.0416 8
    endloop
  endfacet
  facet normal 0 0 1
    outer loop
      vertex 20.3896 16.395 8
      vertex 29.1628 17.4795 8
      vertex 20.4493 16.5296 8
    endloop
  endfacet
  facet normal 0 0 1
    outer loop
      vertex 29.1628 17.4795 8
      vertex 20.3896 16.395 8
      vertex 29.9853 16.0275 8
    endloop
  endfacet
  facet normal -0 0 1
    outer loop
      vertex 20.3234 16.2635 8
      vertex 29.9853 16.0275 8
      vertex 20.3896 16.395 8
    endloop
  endfacet
  facet normal -0 0 1
    outer loop
      vertex 20.2509 16.1354 8
      vertex 29.9853 16.0275 8
      vertex 20.3234 16.2635 8
    endloop
  endfacet
  facet normal 0 0 1
    outer loop
      vertex 20.1721 16.011 8
      vertex 29.9853 16.0275 8
      vertex 20.2509 16.1354 8
    endloop
  endfacet
  facet normal 0 0 1
    outer loop
      vertex 29.9853 16.0275 8
      vertex 20.1721 16.011 8
      vertex 30.7356 14.5369 8
    endloop
  endfacet
  facet normal -0 0 1
    outer loop
      vertex 20.0873 15.8906 8
      vertex 30.7356 14.5369 8
      vertex 20.1721 16.011 8
    endloop
  endfacet
  facet normal -0 0 1
    outer loop
      vertex 19.9967 15.7745 8
      vertex 30.7356 14.5369 8
      vertex 20.0873 15.8906 8
    endloop
  endfacet
  facet normal 0 0 1
    outer loop
      vertex 20.6777 17.6777 8
      vertex 24.0416 24.0416 8
      vertex 22.833 25.1923 8
    endloop
  endfacet
  facet normal -0 0 1
    outer loop
      vertex 19.9005 15.663 8
      vertex 30.7356 14.5369 8
      vertex 19.9967 15.7745 8
    endloop
  endfacet
  facet normal 0 0 1
    outer loop
      vertex 30.7356 14.5369 8
      vertex 19.9005 15.663 8
      vertex 31.4119 13.0112 8
    endloop
  endfacet
  facet normal -0 0 1
    outer loop
      vertex 19.799 15.5563 8
      vertex 31.4119 13.0112 8
      vertex 19.9005 15.663 8
    endloop
  endfacet
  facet normal 0 0 1
    outer loop
      vertex 31.4119 13.0112 8
      vertex 19.799 15.5563 8
      vertex 24.8405 3.24609 8
    endloop
  endfacet
  facet normal -0 0 1
    outer loop
      vertex 19.6923 15.4548 8
      vertex 24.8405 3.24609 8
      vertex 19.799 15.5563 8
    endloop
  endfacet
  facet normal 0 0 1
    outer loop
      vertex 24.8405 3.24609 8
      vertex 19.6923 15.4548 8
      vertex 24.6814 3.23435 8
    endloop
  endfacet
  facet normal -0 0 1
    outer loop
      vertex 19.5808 15.3586 8
      vertex 24.6814 3.23435 8
      vertex 19.6923 15.4548 8
    endloop
  endfacet
  facet normal 0 0 1
    outer loop
      vertex 24.6814 3.23435 8
      vertex 19.5808 15.3586 8
      vertex 24.5231 3.21482 8
    endloop
  endfacet
  facet normal -0 0 1
    outer loop
      vertex 19.4648 15.268 8
      vertex 24.5231 3.21482 8
      vertex 19.5808 15.3586 8
    endloop
  endfacet
  facet normal 0 0 1
    outer loop
      vertex 24.5231 3.21482 8
      vertex 19.4648 15.268 8
      vertex 24.366 3.18755 8
    endloop
  endfacet
  facet normal -0 0 1
    outer loop
      vertex 19.3444 15.1833 8
      vertex 24.366 3.18755 8
      vertex 19.4648 15.268 8
    endloop
  endfacet
  facet normal 0 0 1
    outer loop
      vertex 24.366 3.18755 8
      vertex 19.3444 15.1833 8
      vertex 24.2103 3.1526 8
    endloop
  endfacet
  facet normal -0 0 1
    outer loop
      vertex 19.22 15.1045 8
      vertex 24.2103 3.1526 8
      vertex 19.3444 15.1833 8
    endloop
  endfacet
  facet normal 0 0 1
    outer loop
      vertex 24.2103 3.1526 8
      vertex 19.22 15.1045 8
      vertex 24.0566 3.11006 8
    endloop
  endfacet
  facet normal -0 0 1
    outer loop
      vertex 19.0919 15.0319 8
      vertex 24.0566 3.11006 8
      vertex 19.22 15.1045 8
    endloop
  endfacet
  facet normal 0 0 1
    outer loop
      vertex 24.0566 3.11006 8
      vertex 19.0919 15.0319 8
      vertex 23.9051 3.06002 8
    endloop
  endfacet
  facet normal -0 0 1
    outer loop
      vertex 18.9603 14.9657 8
      vertex 23.9051 3.06002 8
      vertex 19.0919 15.0319 8
    endloop
  endfacet
  facet normal 0 0 1
    outer loop
      vertex 23.9051 3.06002 8
      vertex 18.9603 14.9657 8
      vertex 23.7563 3.00261 8
    endloop
  endfacet
  facet normal 0 0 1
    outer loop
      vertex 20.6777 17.6777 8
      vertex 22.833 25.1923 8
      vertex 21.5694 26.2824 8
    endloop
  endfacet
  facet normal -0 0 1
    outer loop
      vertex 27.7876 -1.67083 8
      vertex 33.8363 -3.33258 8
      vertex 27.8662 -1.53204 8
    endloop
  endfacet
  facet normal -0 0 1
    outer loop
      vertex 27.7023 -1.8056 8
      vertex 33.8363 -3.33258 8
      vertex 27.7876 -1.67083 8
    endloop
  endfacet
  facet normal 0 0 1
    outer loop
      vertex 33.8363 -3.33258 8
      vertex 27.7023 -1.8056 8
      vertex 33.632 -4.98884 8
    endloop
  endfacet
  facet normal -0 0 1
    outer loop
      vertex 27.6104 -1.93602 8
      vertex 33.632 -4.98884 8
      vertex 27.7023 -1.8056 8
    endloop
  endfacet
  facet normal -0 0 1
    outer loop
      vertex 27.5123 -2.06178 8
      vertex 33.632 -4.98884 8
      vertex 27.6104 -1.93602 8
    endloop
  endfacet
  facet normal -0 0 1
    outer loop
      vertex 27.4081 -2.18257 8
      vertex 33.632 -4.98884 8
      vertex 27.5123 -2.06178 8
    endloop
  endfacet
  facet normal -0 0 1
    outer loop
      vertex 27.2981 -2.2981 8
      vertex 33.632 -4.98884 8
      vertex 27.4081 -2.18257 8
    endloop
  endfacet
  facet normal -0 0 1
    outer loop
      vertex 27.1826 -2.40809 8
      vertex 33.632 -4.98884 8
      vertex 27.2981 -2.2981 8
    endloop
  endfacet
  facet normal 0 0 1
    outer loop
      vertex 33.632 -4.98884 8
      vertex 27.1826 -2.40809 8
      vertex 33.3467 -6.63307 8
    endloop
  endfacet
  facet normal -0 0 1
    outer loop
      vertex 27.0618 -2.51228 8
      vertex 33.3467 -6.63307 8
      vertex 27.1826 -2.40809 8
    endloop
  endfacet
  facet normal -0 0 1
    outer loop
      vertex 26.936 -2.61042 8
      vertex 33.3467 -6.63307 8
      vertex 27.0618 -2.51228 8
    endloop
  endfacet
  facet normal -0 0 1
    outer loop
      vertex 26.8056 -2.70228 8
      vertex 33.3467 -6.63307 8
      vertex 26.936 -2.61042 8
    endloop
  endfacet
  facet normal -0 0 1
    outer loop
      vertex 26.6708 -2.78762 8
      vertex 33.3467 -6.63307 8
      vertex 26.8056 -2.70228 8
    endloop
  endfacet
  facet normal 0 0 1
    outer loop
      vertex 33.3467 -6.63307 8
      vertex 26.6708 -2.78762 8
      vertex 32.9811 -8.26133 8
    endloop
  endfacet
  facet normal -0 0 1
    outer loop
      vertex 26.532 -2.86624 8
      vertex 32.9811 -8.26133 8
      vertex 26.6708 -2.78762 8
    endloop
  endfacet
  facet normal -0 0 1
    outer loop
      vertex 26.3896 -2.93796 8
      vertex 32.9811 -8.26133 8
      vertex 26.532 -2.86624 8
    endloop
  endfacet
  facet normal -0 0 1
    outer loop
      vertex 26.2437 -3.00261 8
      vertex 32.9811 -8.26133 8
      vertex 26.3896 -2.93796 8
    endloop
  endfacet
  facet normal 0 0 1
    outer loop
      vertex 32.9811 -8.26133 8
      vertex 26.2437 -3.00261 8
      vertex 32.536 -9.86968 8
    endloop
  endfacet
  facet normal -0 0 1
    outer loop
      vertex 26.0949 -3.06002 8
      vertex 32.536 -9.86968 8
      vertex 26.2437 -3.00261 8
    endloop
  endfacet
  facet normal -0 0 1
    outer loop
      vertex 25.9434 -3.11006 8
      vertex 32.536 -9.86968 8
      vertex 26.0949 -3.06002 8
    endloop
  endfacet
  facet normal -0 0 1
    outer loop
      vertex 25.7897 -3.1526 8
      vertex 32.536 -9.86968 8
      vertex 25.9434 -3.11006 8
    endloop
  endfacet
  facet normal -0 0 1
    outer loop
      vertex 25.634 -3.18755 8
      vertex 32.536 -9.86968 8
      vertex 25.7897 -3.1526 8
    endloop
  endfacet
  facet normal 0 0 1
    outer loop
      vertex 32.536 -9.86968 8
      vertex 25.634 -3.18755 8
      vertex 32.0125 -11.4543 8
    endloop
  endfacet
  facet normal -0 0 1
    outer loop
      vertex 25.4769 -3.21482 8
      vertex 32.0125 -11.4543 8
      vertex 25.634 -3.18755 8
    endloop
  endfacet
  facet normal -0 0 1
    outer loop
      vertex 25.3186 -3.23435 8
      vertex 32.0125 -11.4543 8
      vertex 25.4769 -3.21482 8
    endloop
  endfacet
  facet normal -0 0 1
    outer loop
      vertex 25.1595 -3.24609 8
      vertex 32.0125 -11.4543 8
      vertex 25.3186 -3.23435 8
    endloop
  endfacet
  facet normal 0 0 1
    outer loop
      vertex 32.0125 -11.4543 8
      vertex 25.1595 -3.24609 8
      vertex 31.4119 -13.0112 8
    endloop
  endfacet
  facet normal -0 0 1
    outer loop
      vertex 25 -3.25 8
      vertex 31.4119 -13.0112 8
      vertex 25.1595 -3.24609 8
    endloop
  endfacet
  facet normal 0 0 1
    outer loop
      vertex 24.8405 -3.24609 8
      vertex 31.4119 -13.0112 8
      vertex 25 -3.25 8
    endloop
  endfacet
  facet normal 0 0 1
    outer loop
      vertex 31.4119 -13.0112 8
      vertex 24.8405 -3.24609 8
      vertex 30.7356 -14.5369 8
    endloop
  endfacet
  facet normal 0 0 1
    outer loop
      vertex 24.6814 -3.23435 8
      vertex 30.7356 -14.5369 8
      vertex 24.8405 -3.24609 8
    endloop
  endfacet
  facet normal 0 0 1
    outer loop
      vertex 24.5231 -3.21482 8
      vertex 30.7356 -14.5369 8
      vertex 24.6814 -3.23435 8
    endloop
  endfacet
  facet normal 0 0 1
    outer loop
      vertex 24.366 -3.18755 8
      vertex 30.7356 -14.5369 8
      vertex 24.5231 -3.21482 8
    endloop
  endfacet
  facet normal 0 0 1
    outer loop
      vertex 30.7356 -14.5369 8
      vertex 24.366 -3.18755 8
      vertex 29.9853 -16.0275 8
    endloop
  endfacet
  facet normal 0 0 1
    outer loop
      vertex 24.2103 -3.1526 8
      vertex 29.9853 -16.0275 8
      vertex 24.366 -3.18755 8
    endloop
  endfacet
  facet normal 0 0 1
    outer loop
      vertex 24.0566 -3.11006 8
      vertex 29.9853 -16.0275 8
      vertex 24.2103 -3.1526 8
    endloop
  endfacet
  facet normal 0 0 1
    outer loop
      vertex 29.9853 -16.0275 8
      vertex 24.0566 -3.11006 8
      vertex 29.1628 -17.4795 8
    endloop
  endfacet
  facet normal 0 0 1
    outer loop
      vertex 23.9051 -3.06002 8
      vertex 29.1628 -17.4795 8
      vertex 24.0566 -3.11006 8
    endloop
  endfacet
  facet normal 0 0 1
    outer loop
      vertex 23.7563 -3.00261 8
      vertex 29.1628 -17.4795 8
      vertex 23.9051 -3.06002 8
    endloop
  endfacet
  facet normal 0 0 1
    outer loop
      vertex 29.1628 -17.4795 8
      vertex 23.7563 -3.00261 8
      vertex 28.27 -18.8894 8
    endloop
  endfacet
  facet normal 0 0 1
    outer loop
      vertex 23.6104 -2.93796 8
      vertex 28.27 -18.8894 8
      vertex 23.7563 -3.00261 8
    endloop
  endfacet
  facet normal 0 0 1
    outer loop
      vertex 28.27 -18.8894 8
      vertex 23.6104 -2.93796 8
      vertex 27.3091 -20.2538 8
    endloop
  endfacet
  facet normal 0 0 1
    outer loop
      vertex 23.468 -2.86624 8
      vertex 27.3091 -20.2538 8
      vertex 23.6104 -2.93796 8
    endloop
  endfacet
  facet normal 0 0 1
    outer loop
      vertex 23.3292 -2.78762 8
      vertex 27.3091 -20.2538 8
      vertex 23.468 -2.86624 8
    endloop
  endfacet
  facet normal 0 0 1
    outer loop
      vertex 27.3091 -20.2538 8
      vertex 23.3292 -2.78762 8
      vertex 26.2824 -21.5694 8
    endloop
  endfacet
  facet normal 0 0 1
    outer loop
      vertex 23.1944 -2.70228 8
      vertex 26.2824 -21.5694 8
      vertex 23.3292 -2.78762 8
    endloop
  endfacet
  facet normal 0 0 1
    outer loop
      vertex 26.2824 -21.5694 8
      vertex 23.1944 -2.70228 8
      vertex 25.1923 -22.833 8
    endloop
  endfacet
  facet normal 0 0 1
    outer loop
      vertex 23.064 -2.61042 8
      vertex 25.1923 -22.833 8
      vertex 23.1944 -2.70228 8
    endloop
  endfacet
  facet normal 0 0 1
    outer loop
      vertex 25.1923 -22.833 8
      vertex 23.064 -2.61042 8
      vertex 24.0416 -24.0416 8
    endloop
  endfacet
  facet normal 0 0 1
    outer loop
      vertex 22.9382 -2.51228 8
      vertex 24.0416 -24.0416 8
      vertex 23.064 -2.61042 8
    endloop
  endfacet
  facet normal 0 0 1
    outer loop
      vertex 22.9382 -2.51228 8
      vertex 22.833 -25.1923 8
      vertex 24.0416 -24.0416 8
    endloop
  endfacet
  facet normal 0 0 1
    outer loop
      vertex 22.8174 -2.40809 8
      vertex 22.833 -25.1923 8
      vertex 22.9382 -2.51228 8
    endloop
  endfacet
  facet normal 0 0 1
    outer loop
      vertex 22.7019 -2.2981 8
      vertex 22.833 -25.1923 8
      vertex 22.8174 -2.40809 8
    endloop
  endfacet
  facet normal 0 0 1
    outer loop
      vertex 21.5694 -26.2824 8
      vertex 22.7019 -2.2981 8
      vertex 22.5919 -2.18257 8
    endloop
  endfacet
  facet normal 0 0 1
    outer loop
      vertex 21.5694 -26.2824 8
      vertex 22.5919 -2.18257 8
      vertex 22.4877 -2.06178 8
    endloop
  endfacet
  facet normal 0 0 1
    outer loop
      vertex 21.5694 -26.2824 8
      vertex 22.4877 -2.06178 8
      vertex 22.3896 -1.93602 8
    endloop
  endfacet
  facet normal 0 0 1
    outer loop
      vertex 21.5694 -26.2824 8
      vertex 22.3896 -1.93602 8
      vertex 22.2977 -1.8056 8
    endloop
  endfacet
  facet normal 0 0 1
    outer loop
      vertex 21.5694 -26.2824 8
      vertex 22.2977 -1.8056 8
      vertex 22.2124 -1.67083 8
    endloop
  endfacet
  facet normal 0 0 1
    outer loop
      vertex 21.5694 -26.2824 8
      vertex 22.2124 -1.67083 8
      vertex 22.1338 -1.53204 8
    endloop
  endfacet
  facet normal 0 0 1
    outer loop
      vertex 21.5694 -26.2824 8
      vertex 22.1338 -1.53204 8
      vertex 22.062 -1.38955 8
    endloop
  endfacet
  facet normal 0 0 1
    outer loop
      vertex 21.5694 -26.2824 8
      vertex 22.062 -1.38955 8
      vertex 21.9974 -1.24372 8
    endloop
  endfacet
  facet normal 0 0 1
    outer loop
      vertex 21.5694 -26.2824 8
      vertex 21.9974 -1.24372 8
      vertex 21.94 -1.09489 8
    endloop
  endfacet
  facet normal 0 0 1
    outer loop
      vertex 21.5694 -26.2824 8
      vertex 21.94 -1.09489 8
      vertex 21.8899 -0.943425 8
    endloop
  endfacet
  facet normal 0 0 1
    outer loop
      vertex 21.5694 -26.2824 8
      vertex 21.8899 -0.943425 8
      vertex 21.8474 -0.789685 8
    endloop
  endfacet
  facet normal 0 0 1
    outer loop
      vertex 21.5694 -26.2824 8
      vertex 21.8474 -0.789685 8
      vertex 21.8124 -0.634043 8
    endloop
  endfacet
  facet normal 0 0 1
    outer loop
      vertex 21.5694 -26.2824 8
      vertex 21.8124 -0.634043 8
      vertex 21.7852 -0.476873 8
    endloop
  endfacet
  facet normal 0 0 1
    outer loop
      vertex 21.5694 -26.2824 8
      vertex 21.7852 -0.476873 8
      vertex 21.7656 -0.318555 8
    endloop
  endfacet
  facet normal 0 0 1
    outer loop
      vertex 21.5694 -26.2824 8
      vertex 21.7656 -0.318555 8
      vertex 21.7539 -0.15947 8
    endloop
  endfacet
  facet normal 0 0 1
    outer loop
      vertex 22.7019 -2.2981 8
      vertex 21.5694 -26.2824 8
      vertex 22.833 -25.1923 8
    endloop
  endfacet
  facet normal 0 0 1
    outer loop
      vertex 21.75 0 8
      vertex 21.5694 -26.2824 8
      vertex 21.7539 -0.15947 8
    endloop
  endfacet
  facet normal -0 0 1
    outer loop
      vertex 18.8257 14.906 8
      vertex 23.7563 3.00261 8
      vertex 18.9603 14.9657 8
    endloop
  endfacet
  facet normal 0 0 1
    outer loop
      vertex 23.7563 3.00261 8
      vertex 18.8257 14.906 8
      vertex 23.6104 2.93796 8
    endloop
  endfacet
  facet normal 0 0 1
    outer loop
      vertex 21.5694 26.2824 8
      vertex 20.6741 17.8249 8
      vertex 20.6777 17.6777 8
    endloop
  endfacet
  facet normal 0 0 1
    outer loop
      vertex 21.5694 26.2824 8
      vertex 20.6632 17.9717 8
      vertex 20.6741 17.8249 8
    endloop
  endfacet
  facet normal 0 0 1
    outer loop
      vertex 21.5694 26.2824 8
      vertex 20.6452 18.1179 8
      vertex 20.6632 17.9717 8
    endloop
  endfacet
  facet normal 0 0 1
    outer loop
      vertex 21.5694 26.2824 8
      vertex 20.62 18.2629 8
      vertex 20.6452 18.1179 8
    endloop
  endfacet
  facet normal 0 0 1
    outer loop
      vertex 21.5694 26.2824 8
      vertex 20.5878 18.4066 8
      vertex 20.62 18.2629 8
    endloop
  endfacet
  facet normal 0 0 1
    outer loop
      vertex 21.5694 26.2824 8
      vertex 20.5485 18.5485 8
      vertex 20.5878 18.4066 8
    endloop
  endfacet
  facet normal 0 0 1
    outer loop
      vertex 21.5694 26.2824 8
      vertex 20.5023 18.6883 8
      vertex 20.5485 18.5485 8
    endloop
  endfacet
  facet normal 0 0 1
    outer loop
      vertex 21.5694 26.2824 8
      vertex 20.4493 18.8257 8
      vertex 20.5023 18.6883 8
    endloop
  endfacet
  facet normal 0 0 1
    outer loop
      vertex 21.5694 26.2824 8
      vertex 20.3896 18.9603 8
      vertex 20.4493 18.8257 8
    endloop
  endfacet
  facet normal 0 0 1
    outer loop
      vertex 21.5694 26.2824 8
      vertex 20.3234 19.0919 8
      vertex 20.3896 18.9603 8
    endloop
  endfacet
  facet normal 0 0 1
    outer loop
      vertex 18.2629 20.62 8
      vertex 21.5694 26.2824 8
      vertex 20.2538 27.3091 8
    endloop
  endfacet
  facet normal 0 0 1
    outer loop
      vertex 21.5694 26.2824 8
      vertex 20.2509 19.22 8
      vertex 20.3234 19.0919 8
    endloop
  endfacet
  facet normal 0 0 1
    outer loop
      vertex 21.5694 26.2824 8
      vertex 20.1721 19.3444 8
      vertex 20.2509 19.22 8
    endloop
  endfacet
  facet normal 0 0 1
    outer loop
      vertex 21.5694 26.2824 8
      vertex 20.0873 19.4648 8
      vertex 20.1721 19.3444 8
    endloop
  endfacet
  facet normal 0 0 1
    outer loop
      vertex 21.5694 26.2824 8
      vertex 19.9967 19.5808 8
      vertex 20.0873 19.4648 8
    endloop
  endfacet
  facet normal 0 0 1
    outer loop
      vertex 21.5694 26.2824 8
      vertex 19.9005 19.6923 8
      vertex 19.9967 19.5808 8
    endloop
  endfacet
  facet normal 0 0 1
    outer loop
      vertex 21.5694 26.2824 8
      vertex 19.799 19.799 8
      vertex 19.9005 19.6923 8
    endloop
  endfacet
  facet normal 0 0 1
    outer loop
      vertex 21.5694 26.2824 8
      vertex 19.6923 19.9005 8
      vertex 19.799 19.799 8
    endloop
  endfacet
  facet normal 0 0 1
    outer loop
      vertex 21.5694 26.2824 8
      vertex 19.5808 19.9967 8
      vertex 19.6923 19.9005 8
    endloop
  endfacet
  facet normal 0 0 1
    outer loop
      vertex 21.5694 26.2824 8
      vertex 19.4648 20.0873 8
      vertex 19.5808 19.9967 8
    endloop
  endfacet
  facet normal 0 0 1
    outer loop
      vertex 21.5694 26.2824 8
      vertex 19.3444 20.1721 8
      vertex 19.4648 20.0873 8
    endloop
  endfacet
  facet normal 0 0 1
    outer loop
      vertex 21.5694 26.2824 8
      vertex 19.22 20.2509 8
      vertex 19.3444 20.1721 8
    endloop
  endfacet
  facet normal 0 0 1
    outer loop
      vertex 21.5694 26.2824 8
      vertex 19.0919 20.3234 8
      vertex 19.22 20.2509 8
    endloop
  endfacet
  facet normal 0 0 1
    outer loop
      vertex 21.5694 26.2824 8
      vertex 18.9603 20.3896 8
      vertex 19.0919 20.3234 8
    endloop
  endfacet
  facet normal 0 0 1
    outer loop
      vertex 17.5305 20.6741 8
      vertex 20.2538 27.3091 8
      vertex 18.8894 28.27 8
    endloop
  endfacet
  facet normal 0 0 1
    outer loop
      vertex 21.5694 26.2824 8
      vertex 18.8257 20.4493 8
      vertex 18.9603 20.3896 8
    endloop
  endfacet
  facet normal 0 0 1
    outer loop
      vertex 21.5694 26.2824 8
      vertex 18.6883 20.5023 8
      vertex 18.8257 20.4493 8
    endloop
  endfacet
  facet normal 0 0 1
    outer loop
      vertex 21.5694 26.2824 8
      vertex 18.5485 20.5485 8
      vertex 18.6883 20.5023 8
    endloop
  endfacet
  facet normal 0 0 1
    outer loop
      vertex 21.5694 26.2824 8
      vertex 18.4066 20.5878 8
      vertex 18.5485 20.5485 8
    endloop
  endfacet
  facet normal 0 0 1
    outer loop
      vertex 21.5694 26.2824 8
      vertex 18.2629 20.62 8
      vertex 18.4066 20.5878 8
    endloop
  endfacet
  facet normal 0 0 1
    outer loop
      vertex 20.2538 27.3091 8
      vertex 18.1179 20.6452 8
      vertex 18.2629 20.62 8
    endloop
  endfacet
  facet normal 0 0 1
    outer loop
      vertex 20.2538 27.3091 8
      vertex 17.9717 20.6632 8
      vertex 18.1179 20.6452 8
    endloop
  endfacet
  facet normal 0 0 1
    outer loop
      vertex 20.2538 27.3091 8
      vertex 17.8249 20.6741 8
      vertex 17.9717 20.6632 8
    endloop
  endfacet
  facet normal 0 0 1
    outer loop
      vertex 20.2538 27.3091 8
      vertex 17.6777 20.6777 8
      vertex 17.8249 20.6741 8
    endloop
  endfacet
  facet normal 0 0 1
    outer loop
      vertex 20.2538 27.3091 8
      vertex 17.5305 20.6741 8
      vertex 17.6777 20.6777 8
    endloop
  endfacet
  facet normal 0 0 1
    outer loop
      vertex 16.9487 20.5878 8
      vertex 18.8894 28.27 8
      vertex 17.4795 29.1628 8
    endloop
  endfacet
  facet normal 0 0 1
    outer loop
      vertex 18.8894 28.27 8
      vertex 17.3836 20.6632 8
      vertex 17.5305 20.6741 8
    endloop
  endfacet
  facet normal 0 0 1
    outer loop
      vertex 18.8894 28.27 8
      vertex 17.2375 20.6452 8
      vertex 17.3836 20.6632 8
    endloop
  endfacet
  facet normal 0 0 1
    outer loop
      vertex 18.8894 28.27 8
      vertex 17.0924 20.62 8
      vertex 17.2375 20.6452 8
    endloop
  endfacet
  facet normal 0 0 1
    outer loop
      vertex 18.8894 28.27 8
      vertex 16.9487 20.5878 8
      vertex 17.0924 20.62 8
    endloop
  endfacet
  facet normal 0 0 1
    outer loop
      vertex 17.4795 29.1628 8
      vertex 16.8068 20.5485 8
      vertex 16.9487 20.5878 8
    endloop
  endfacet
  facet normal 0 0 1
    outer loop
      vertex 17.4795 29.1628 8
      vertex 16.667 20.5023 8
      vertex 16.8068 20.5485 8
    endloop
  endfacet
  facet normal 0 0 1
    outer loop
      vertex 17.4795 29.1628 8
      vertex 16.5296 20.4493 8
      vertex 16.667 20.5023 8
    endloop
  endfacet
  facet normal 0 0 1
    outer loop
      vertex 17.4795 29.1628 8
      vertex 16.395 20.3896 8
      vertex 16.5296 20.4493 8
    endloop
  endfacet
  facet normal 0 0 1
    outer loop
      vertex 16.0275 29.9853 8
      vertex 16.395 20.3896 8
      vertex 17.4795 29.1628 8
    endloop
  endfacet
  facet normal 0 0 1
    outer loop
      vertex 16.395 20.3896 8
      vertex 16.0275 29.9853 8
      vertex 16.2635 20.3234 8
    endloop
  endfacet
  facet normal 0 0 1
    outer loop
      vertex 16.2635 20.3234 8
      vertex 16.0275 29.9853 8
      vertex 16.1354 20.2509 8
    endloop
  endfacet
  facet normal 0 0 1
    outer loop
      vertex 16.0275 29.9853 8
      vertex 16.011 20.1721 8
      vertex 16.1354 20.2509 8
    endloop
  endfacet
  facet normal 0 0 1
    outer loop
      vertex 14.5369 30.7356 8
      vertex 16.011 20.1721 8
      vertex 16.0275 29.9853 8
    endloop
  endfacet
  facet normal 0 0 1
    outer loop
      vertex 16.011 20.1721 8
      vertex 14.5369 30.7356 8
      vertex 15.8906 20.0873 8
    endloop
  endfacet
  facet normal 0 0 1
    outer loop
      vertex 15.8906 20.0873 8
      vertex 14.5369 30.7356 8
      vertex 15.7745 19.9967 8
    endloop
  endfacet
  facet normal 0 0 1
    outer loop
      vertex 15.7745 19.9967 8
      vertex 14.5369 30.7356 8
      vertex 15.663 19.9005 8
    endloop
  endfacet
  facet normal 0 0 1
    outer loop
      vertex 15.663 19.9005 8
      vertex 14.5369 30.7356 8
      vertex 15.5563 19.799 8
    endloop
  endfacet
  facet normal -0 0 1
    outer loop
      vertex 3.23435 24.6814 8
      vertex 15.5563 19.799 8
      vertex 14.5369 30.7356 8
    endloop
  endfacet
  facet normal 0 0 1
    outer loop
      vertex 15.5563 19.799 8
      vertex 3.23435 24.6814 8
      vertex 15.4548 19.6923 8
    endloop
  endfacet
  facet normal 0 0 1
    outer loop
      vertex 15.4548 19.6923 8
      vertex 3.23435 24.6814 8
      vertex 15.3586 19.5808 8
    endloop
  endfacet
  facet normal -0 0 1
    outer loop
      vertex 3.21482 24.5231 8
      vertex 15.3586 19.5808 8
      vertex 3.23435 24.6814 8
    endloop
  endfacet
  facet normal 0 0 1
    outer loop
      vertex 15.3586 19.5808 8
      vertex 3.21482 24.5231 8
      vertex 15.268 19.4648 8
    endloop
  endfacet
  facet normal 0 0 1
    outer loop
      vertex 15.268 19.4648 8
      vertex 3.21482 24.5231 8
      vertex 15.1833 19.3444 8
    endloop
  endfacet
  facet normal -0 0 1
    outer loop
      vertex 3.18755 24.366 8
      vertex 15.1833 19.3444 8
      vertex 3.21482 24.5231 8
    endloop
  endfacet
  facet normal 0 0 1
    outer loop
      vertex 15.1833 19.3444 8
      vertex 3.18755 24.366 8
      vertex 15.1045 19.22 8
    endloop
  endfacet
  facet normal -0 0 1
    outer loop
      vertex 3.1526 24.2103 8
      vertex 15.1045 19.22 8
      vertex 3.18755 24.366 8
    endloop
  endfacet
  facet normal 0 0 1
    outer loop
      vertex 15.1045 19.22 8
      vertex 3.1526 24.2103 8
      vertex 15.0319 19.0919 8
    endloop
  endfacet
  facet normal -0 0 1
    outer loop
      vertex 3.11006 24.0566 8
      vertex 15.0319 19.0919 8
      vertex 3.1526 24.2103 8
    endloop
  endfacet
  facet normal 0 0 1
    outer loop
      vertex 15.0319 19.0919 8
      vertex 3.11006 24.0566 8
      vertex 14.9657 18.9603 8
    endloop
  endfacet
  facet normal -0 0 1
    outer loop
      vertex 3.06002 23.9051 8
      vertex 14.9657 18.9603 8
      vertex 3.11006 24.0566 8
    endloop
  endfacet
  facet normal 0 0 1
    outer loop
      vertex 14.906 18.8257 8
      vertex 3.00261 23.7563 8
      vertex 14.853 18.6883 8
    endloop
  endfacet
  facet normal -0 0 1
    outer loop
      vertex 3.00261 23.7563 8
      vertex 14.906 18.8257 8
      vertex 3.06002 23.9051 8
    endloop
  endfacet
  facet normal 0 0 1
    outer loop
      vertex 14.9657 18.9603 8
      vertex 3.06002 23.9051 8
      vertex 14.906 18.8257 8
    endloop
  endfacet
  facet normal -0.997293 0.073526 0
    outer loop
      vertex -33.959 1.6683 0
      vertex -33.8363 3.33258 8
      vertex -33.8363 3.33258 0
    endloop
  endfacet
  facet normal -0.997293 0.073526 0
    outer loop
      vertex -33.8363 3.33258 8
      vertex -33.959 1.6683 0
      vertex -33.959 1.6683 8
    endloop
  endfacet
  facet normal -0.932985 0.359915 0
    outer loop
      vertex -32.0125 11.4543 0
      vertex -31.4119 13.0112 8
      vertex -31.4119 13.0112 0
    endloop
  endfacet
  facet normal -0.932985 0.359915 0
    outer loop
      vertex -31.4119 13.0112 8
      vertex -32.0125 11.4543 0
      vertex -32.0125 11.4543 8
    endloop
  endfacet
  facet normal -0.653211 0.757176 -3.94288e-06
    outer loop
      vertex -21.5694 26.2824 8
      vertex -22.0132 25.8995 1
      vertex -22.833 25.1923 8
    endloop
  endfacet
  facet normal -0.653247 0.757145 0
    outer loop
      vertex -21.5694 26.2824 0
      vertex -22.0132 25.8995 1
      vertex -21.5694 26.2824 8
    endloop
  endfacet
  facet normal -0.653247 0.757145 0
    outer loop
      vertex -22.0132 25.8995 1
      vertex -21.5694 26.2824 0
      vertex -22.0132 25.8995 0
    endloop
  endfacet
  facet normal -0.653192 0.757193 0
    outer loop
      vertex -22.833 25.1923 8
      vertex -22.0132 25.8995 1
      vertex -22.833 25.1923 1
    endloop
  endfacet
  facet normal -0.405243 0.914209 0
    outer loop
      vertex -13.0112 31.4119 0
      vertex -14.5369 30.7356 8
      vertex -13.0112 31.4119 8
    endloop
  endfacet
  facet normal -0.405243 0.914209 0
    outer loop
      vertex -14.5369 30.7356 8
      vertex -13.0112 31.4119 0
      vertex -14.5369 30.7356 0
    endloop
  endfacet
  facet normal -0.313688 0.949526 0
    outer loop
      vertex -9.86968 32.536 0
      vertex -11.4543 32.0125 8
      vertex -9.86968 32.536 8
    endloop
  endfacet
  facet normal -0.313688 0.949526 0
    outer loop
      vertex -11.4543 32.0125 8
      vertex -9.86968 32.536 0
      vertex -11.4543 32.0125 0
    endloop
  endfacet
  facet normal 0.122422 -0.992478 0
    outer loop
      vertex 3.33258 -33.8363 0
      vertex 4.98884 -33.632 8
      vertex 3.33258 -33.8363 8
    endloop
  endfacet
  facet normal 0.122422 -0.992478 0
    outer loop
      vertex 4.98884 -33.632 8
      vertex 3.33258 -33.8363 0
      vertex 4.98884 -33.632 0
    endloop
  endfacet
  facet normal 0.21908 -0.975707 0
    outer loop
      vertex 6.63307 -33.3467 0
      vertex 8.26133 -32.9811 8
      vertex 6.63307 -33.3467 8
    endloop
  endfacet
  facet normal 0.21908 -0.975707 0
    outer loop
      vertex 8.26133 -32.9811 8
      vertex 6.63307 -33.3467 0
      vertex 8.26133 -32.9811 0
    endloop
  endfacet
  facet normal 0.492876 -0.870099 0
    outer loop
      vertex 16.0275 -29.9853 0
      vertex 17.4795 -29.1628 8
      vertex 16.0275 -29.9853 8
    endloop
  endfacet
  facet normal 0.492876 -0.870099 0
    outer loop
      vertex 17.4795 -29.1628 8
      vertex 16.0275 -29.9853 0
      vertex 17.4795 -29.1628 0
    endloop
  endfacet
  facet normal 0.575801 -0.81759 0
    outer loop
      vertex 18.8894 -28.27 0
      vertex 20.2538 -27.3091 8
      vertex 18.8894 -28.27 8
    endloop
  endfacet
  facet normal 0.575801 -0.81759 0
    outer loop
      vertex 20.2538 -27.3091 8
      vertex 18.8894 -28.27 0
      vertex 20.2538 -27.3091 0
    endloop
  endfacet
  facet normal 0.844856 -0.534994 0
    outer loop
      vertex 28.27 -18.8894 8
      vertex 29.1628 -17.4795 0
      vertex 29.1628 -17.4795 8
    endloop
  endfacet
  facet normal 0.844856 -0.534994 0
    outer loop
      vertex 29.1628 -17.4795 0
      vertex 28.27 -18.8894 8
      vertex 28.27 -18.8894 0
    endloop
  endfacet
  facet normal 0.788348 -0.61523 0
    outer loop
      vertex 26.2824 -21.5694 8
      vertex 27.3091 -20.2538 0
      vertex 27.3091 -20.2538 8
    endloop
  endfacet
  facet normal 0.788348 -0.61523 0
    outer loop
      vertex 27.3091 -20.2538 0
      vertex 26.2824 -21.5694 8
      vertex 26.2824 -21.5694 0
    endloop
  endfacet
  facet normal 0.893226 -0.449609 0
    outer loop
      vertex 29.9853 -16.0275 8
      vertex 30.7356 -14.5369 0
      vertex 30.7356 -14.5369 8
    endloop
  endfacet
  facet normal 0.893226 -0.449609 0
    outer loop
      vertex 30.7356 -14.5369 0
      vertex 29.9853 -16.0275 8
      vertex 29.9853 -16.0275 0
    endloop
  endfacet
  facet normal 0.932985 -0.359915 0
    outer loop
      vertex 31.4119 -13.0112 8
      vertex 32.0125 -11.4543 0
      vertex 32.0125 -11.4543 8
    endloop
  endfacet
  facet normal 0.932985 -0.359915 0
    outer loop
      vertex 32.0125 -11.4543 0
      vertex 31.4119 -13.0112 8
      vertex 31.4119 -13.0112 0
    endloop
  endfacet
  facet normal 0.963775 -0.266718 0
    outer loop
      vertex 32.536 -9.86968 8
      vertex 32.9811 -8.26133 0
      vertex 32.9811 -8.26133 8
    endloop
  endfacet
  facet normal 0.963775 -0.266718 0
    outer loop
      vertex 32.9811 -8.26133 0
      vertex 32.536 -9.86968 8
      vertex 32.536 -9.86968 0
    endloop
  endfacet
  facet normal 0.985278 -0.170961 0
    outer loop
      vertex 33.3467 -6.63307 8
      vertex 33.632 -4.98884 0
      vertex 33.632 -4.98884 8
    endloop
  endfacet
  facet normal 0.985278 -0.170961 0
    outer loop
      vertex 33.632 -4.98884 0
      vertex 33.3467 -6.63307 8
      vertex 33.3467 -6.63307 0
    endloop
  endfacet
  facet normal 0.997293 -0.073526 0
    outer loop
      vertex 33.8363 -3.33258 8
      vertex 33.959 -1.6683 0
      vertex 33.959 -1.6683 8
    endloop
  endfacet
  facet normal 0.997293 -0.073526 0
    outer loop
      vertex 33.959 -1.6683 0
      vertex 33.8363 -3.33258 8
      vertex 33.8363 -3.33258 0
    endloop
  endfacet
  facet normal -0.313688 -0.949526 0
    outer loop
      vertex -11.4543 -32.0125 0
      vertex -9.86968 -32.536 8
      vertex -11.4543 -32.0125 8
    endloop
  endfacet
  facet normal -0.313688 -0.949526 -0
    outer loop
      vertex -9.86968 -32.536 8
      vertex -11.4543 -32.0125 0
      vertex -9.86968 -32.536 0
    endloop
  endfacet
  facet normal -0.21908 -0.975707 0
    outer loop
      vertex -8.26133 -32.9811 0
      vertex -6.63307 -33.3467 8
      vertex -8.26133 -32.9811 8
    endloop
  endfacet
  facet normal -0.21908 -0.975707 -0
    outer loop
      vertex -6.63307 -33.3467 8
      vertex -8.26133 -32.9811 0
      vertex -6.63307 -33.3467 0
    endloop
  endfacet
  facet normal -0.0245685 -0.999698 0
    outer loop
      vertex -1.6683 -33.959 0
      vertex 0 -34 8
      vertex -1.6683 -33.959 8
    endloop
  endfacet
  facet normal -0.0245685 -0.999698 -0
    outer loop
      vertex 0 -34 8
      vertex -1.6683 -33.959 0
      vertex 0 -34 0
    endloop
  endfacet
  facet normal -0.122422 -0.992478 0
    outer loop
      vertex -4.98884 -33.632 0
      vertex -3.33258 -33.8363 8
      vertex -4.98884 -33.632 8
    endloop
  endfacet
  facet normal -0.122422 -0.992478 -0
    outer loop
      vertex -3.33258 -33.8363 8
      vertex -4.98884 -33.632 0
      vertex -3.33258 -33.8363 0
    endloop
  endfacet
  facet normal -0.492876 -0.870099 0
    outer loop
      vertex -17.4795 -29.1628 0
      vertex -16.0275 -29.9853 8
      vertex -17.4795 -29.1628 8
    endloop
  endfacet
  facet normal -0.492876 -0.870099 -0
    outer loop
      vertex -16.0275 -29.9853 8
      vertex -17.4795 -29.1628 0
      vertex -16.0275 -29.9853 0
    endloop
  endfacet
  facet normal -0.653192 -0.757193 0
    outer loop
      vertex -22.0132 -25.8995 1
      vertex -22.833 -25.1923 8
      vertex -22.833 -25.1923 1
    endloop
  endfacet
  facet normal -0.653211 -0.757176 -3.94288e-06
    outer loop
      vertex -22.833 -25.1923 8
      vertex -22.0132 -25.8995 1
      vertex -21.5694 -26.2824 8
    endloop
  endfacet
  facet normal -0.653247 -0.757145 0
    outer loop
      vertex -21.5694 -26.2824 0
      vertex -22.0132 -25.8995 1
      vertex -22.0132 -25.8995 0
    endloop
  endfacet
  facet normal -0.653247 -0.757145 0
    outer loop
      vertex -22.0132 -25.8995 1
      vertex -21.5694 -26.2824 0
      vertex -21.5694 -26.2824 8
    endloop
  endfacet
  facet normal -0.788348 -0.61523 0
    outer loop
      vertex -26.2824 -21.5694 0
      vertex -27.3091 -20.2538 8
      vertex -27.3091 -20.2538 0
    endloop
  endfacet
  facet normal -0.788348 -0.61523 0
    outer loop
      vertex -27.3091 -20.2538 8
      vertex -26.2824 -21.5694 0
      vertex -26.2824 -21.5694 8
    endloop
  endfacet
  facet normal -0.893226 -0.449609 0
    outer loop
      vertex -29.9853 -16.0275 0
      vertex -30.7356 -14.5369 8
      vertex -30.7356 -14.5369 0
    endloop
  endfacet
  facet normal -0.893226 -0.449609 0
    outer loop
      vertex -30.7356 -14.5369 8
      vertex -29.9853 -16.0275 0
      vertex -29.9853 -16.0275 8
    endloop
  endfacet
  facet normal -0.997293 -0.073526 0
    outer loop
      vertex -33.8363 -3.33258 0
      vertex -33.959 -1.6683 8
      vertex -33.959 -1.6683 0
    endloop
  endfacet
  facet normal -0.997293 -0.073526 0
    outer loop
      vertex -33.959 -1.6683 8
      vertex -33.8363 -3.33258 0
      vertex -33.8363 -3.33258 8
    endloop
  endfacet
  facet normal -0.985278 -0.170961 0
    outer loop
      vertex -33.3467 -6.63307 0
      vertex -33.632 -4.98884 8
      vertex -33.632 -4.98884 0
    endloop
  endfacet
  facet normal -0.985278 -0.170961 0
    outer loop
      vertex -33.632 -4.98884 8
      vertex -33.3467 -6.63307 0
      vertex -33.3467 -6.63307 8
    endloop
  endfacet
  facet normal -0.963775 -0.266718 0
    outer loop
      vertex -32.536 -9.86968 0
      vertex -32.9811 -8.26133 8
      vertex -32.9811 -8.26133 0
    endloop
  endfacet
  facet normal -0.963775 -0.266718 0
    outer loop
      vertex -32.9811 -8.26133 8
      vertex -32.536 -9.86968 0
      vertex -32.536 -9.86968 8
    endloop
  endfacet
  facet normal 0.997293 0.073526 0
    outer loop
      vertex 33.959 1.6683 8
      vertex 33.8363 3.33258 0
      vertex 33.8363 3.33258 8
    endloop
  endfacet
  facet normal 0.997293 0.073526 0
    outer loop
      vertex 33.8363 3.33258 0
      vertex 33.959 1.6683 8
      vertex 33.959 1.6683 0
    endloop
  endfacet
  facet normal -0.724242 0.689546 0
    outer loop
      vertex -25.1923 22.833 0
      vertex -24.0416 24.0416 8
      vertex -24.0416 24.0416 0
    endloop
  endfacet
  facet normal -0.724242 0.689546 0
    outer loop
      vertex -24.0416 24.0416 8
      vertex -25.1923 22.833 0
      vertex -25.1923 22.833 8
    endloop
  endfacet
  facet normal 0.073526 -0.997293 0
    outer loop
      vertex 1.6683 -33.959 0
      vertex 3.33258 -33.8363 8
      vertex 1.6683 -33.959 8
    endloop
  endfacet
  facet normal 0.073526 -0.997293 0
    outer loop
      vertex 3.33258 -33.8363 8
      vertex 1.6683 -33.959 0
      vertex 3.33258 -33.8363 0
    endloop
  endfacet
  facet normal -0.999698 -0.024576 0
    outer loop
      vertex 16 0 1
      vertex 15.9807 0.785082 8
      vertex 15.9807 0.785082 1
    endloop
  endfacet
  facet normal -0.999698 -0.024576 0
    outer loop
      vertex 15.9807 0.785082 8
      vertex 16 0 1
      vertex 16 0 8
    endloop
  endfacet
  facet normal 0.999698 -0.024576 0
    outer loop
      vertex -16 0 8
      vertex -15.9807 0.785082 1
      vertex -15.9807 0.785082 8
    endloop
  endfacet
  facet normal 0.999698 -0.024576 0
    outer loop
      vertex -15.9807 0.785082 1
      vertex -16 0 8
      vertex -16 0 1
    endloop
  endfacet
  facet normal -0.024576 -0.999698 0
    outer loop
      vertex 0 16 1
      vertex 0.785082 15.9807 8
      vertex 0 16 8
    endloop
  endfacet
  facet normal -0.024576 -0.999698 -0
    outer loop
      vertex 0.785082 15.9807 8
      vertex 0 16 1
      vertex 0.785082 15.9807 1
    endloop
  endfacet
  facet normal -0.724274 -0.689512 0
    outer loop
      vertex 11.8552 10.7449 1
      vertex 11.3137 11.3137 8
      vertex 11.3137 11.3137 1
    endloop
  endfacet
  facet normal -0.724274 -0.689512 0
    outer loop
      vertex 11.3137 11.3137 8
      vertex 11.8552 10.7449 1
      vertex 11.8552 10.7449 8
    endloop
  endfacet
  facet normal 0.689512 -0.724274 0
    outer loop
      vertex -11.3137 11.3137 1
      vertex -10.7449 11.8552 8
      vertex -11.3137 11.3137 8
    endloop
  endfacet
  facet normal 0.689512 -0.724274 0
    outer loop
      vertex -10.7449 11.8552 8
      vertex -11.3137 11.3137 1
      vertex -10.7449 11.8552 1
    endloop
  endfacet
  facet normal 0.359862 -0.933006 0
    outer loop
      vertex -6.12293 14.7821 1
      vertex -5.39024 15.0647 8
      vertex -6.12293 14.7821 8
    endloop
  endfacet
  facet normal 0.359862 -0.933006 0
    outer loop
      vertex -5.39024 15.0647 8
      vertex -6.12293 14.7821 1
      vertex -5.39024 15.0647 1
    endloop
  endfacet
  facet normal -0.914184 -0.405299 0
    outer loop
      vertex 14.7821 6.12293 1
      vertex 14.4638 6.84088 8
      vertex 14.4638 6.84088 1
    endloop
  endfacet
  facet normal -0.914184 -0.405299 0
    outer loop
      vertex 14.4638 6.84088 8
      vertex 14.7821 6.12293 1
      vertex 14.7821 6.12293 8
    endloop
  endfacet
  facet normal -0.405299 -0.914184 0
    outer loop
      vertex 6.12293 14.7821 1
      vertex 6.84088 14.4638 8
      vertex 6.12293 14.7821 8
    endloop
  endfacet
  facet normal -0.405299 -0.914184 -0
    outer loop
      vertex 6.84088 14.4638 8
      vertex 6.12293 14.7821 1
      vertex 6.84088 14.4638 1
    endloop
  endfacet
  facet normal -0.575811 -0.817583 0
    outer loop
      vertex 8.88912 13.3035 1
      vertex 9.53119 12.8513 8
      vertex 8.88912 13.3035 8
    endloop
  endfacet
  facet normal -0.575811 -0.817583 -0
    outer loop
      vertex 9.53119 12.8513 8
      vertex 8.88912 13.3035 1
      vertex 9.53119 12.8513 1
    endloop
  endfacet
  facet normal 0.914184 -0.405299 0
    outer loop
      vertex -14.7821 6.12293 8
      vertex -14.4638 6.84088 1
      vertex -14.4638 6.84088 8
    endloop
  endfacet
  facet normal 0.914184 -0.405299 0
    outer loop
      vertex -14.4638 6.84088 1
      vertex -14.7821 6.12293 8
      vertex -14.7821 6.12293 1
    endloop
  endfacet
  facet normal 0.17089 -0.98529 0
    outer loop
      vertex -3.12144 15.6926 1
      vertex -2.34769 15.8268 8
      vertex -3.12144 15.6926 8
    endloop
  endfacet
  facet normal 0.17089 -0.98529 0
    outer loop
      vertex -2.34769 15.8268 8
      vertex -3.12144 15.6926 1
      vertex -2.34769 15.8268 1
    endloop
  endfacet
  facet normal 0.992469 0.122496 0
    outer loop
      vertex -15.8268 -2.34769 8
      vertex -15.923 -1.56827 1
      vertex -15.923 -1.56827 8
    endloop
  endfacet
  facet normal 0.992469 0.122496 0
    outer loop
      vertex -15.923 -1.56827 1
      vertex -15.8268 -2.34769 8
      vertex -15.8268 -2.34769 1
    endloop
  endfacet
  facet normal -0.975693 -0.219144 0
    outer loop
      vertex 15.6926 3.12144 1
      vertex 15.5205 3.88768 8
      vertex 15.5205 3.88768 1
    endloop
  endfacet
  facet normal -0.975693 -0.219144 0
    outer loop
      vertex 15.5205 3.88768 8
      vertex 15.6926 3.12144 1
      vertex 15.6926 3.12144 8
    endloop
  endfacet
  facet normal -0.844821 -0.535048 0
    outer loop
      vertex 13.7237 8.22564 1
      vertex 13.3035 8.88912 8
      vertex 13.3035 8.88912 1
    endloop
  endfacet
  facet normal -0.844821 -0.535048 0
    outer loop
      vertex 13.3035 8.88912 8
      vertex 13.7237 8.22564 1
      vertex 13.7237 8.22564 8
    endloop
  endfacet
  facet normal -0.87013 -0.492822 0
    outer loop
      vertex 14.1107 7.54235 1
      vertex 13.7237 8.22564 8
      vertex 13.7237 8.22564 1
    endloop
  endfacet
  facet normal -0.87013 -0.492822 0
    outer loop
      vertex 13.7237 8.22564 8
      vertex 14.1107 7.54235 1
      vertex 14.1107 7.54235 8
    endloop
  endfacet
  facet normal -0.219144 -0.975693 0
    outer loop
      vertex 3.12144 15.6926 1
      vertex 3.88768 15.5205 8
      vertex 3.12144 15.6926 8
    endloop
  endfacet
  facet normal -0.219144 -0.975693 -0
    outer loop
      vertex 3.88768 15.5205 8
      vertex 3.12144 15.6926 1
      vertex 3.88768 15.5205 1
    endloop
  endfacet
  facet normal -0.653242 -0.757149 0
    outer loop
      vertex 10.1503 12.3682 1
      vertex 10.7449 11.8552 8
      vertex 10.1503 12.3682 8
    endloop
  endfacet
  facet normal -0.653242 -0.757149 -0
    outer loop
      vertex 10.7449 11.8552 8
      vertex 10.1503 12.3682 1
      vertex 10.7449 11.8552 1
    endloop
  endfacet
  facet normal 0.975693 -0.219144 0
    outer loop
      vertex -15.6926 3.12144 8
      vertex -15.5205 3.88768 1
      vertex -15.5205 3.88768 8
    endloop
  endfacet
  facet normal 0.975693 -0.219144 0
    outer loop
      vertex -15.5205 3.88768 1
      vertex -15.6926 3.12144 8
      vertex -15.6926 3.12144 1
    endloop
  endfacet
  facet normal 0.817583 -0.575811 0
    outer loop
      vertex -13.3035 8.88912 8
      vertex -12.8513 9.53119 1
      vertex -12.8513 9.53119 8
    endloop
  endfacet
  facet normal 0.817583 -0.575811 0
    outer loop
      vertex -12.8513 9.53119 1
      vertex -13.3035 8.88912 8
      vertex -13.3035 8.88912 1
    endloop
  endfacet
  facet normal 0.535048 -0.844821 0
    outer loop
      vertex -8.88912 13.3035 1
      vertex -8.22564 13.7237 8
      vertex -8.88912 13.3035 8
    endloop
  endfacet
  facet normal 0.535048 -0.844821 0
    outer loop
      vertex -8.22564 13.7237 8
      vertex -8.88912 13.3035 1
      vertex -8.22564 13.7237 1
    endloop
  endfacet
  facet normal 0.0734741 -0.997297 0
    outer loop
      vertex -1.56827 15.923 1
      vertex -0.785082 15.9807 8
      vertex -1.56827 15.923 8
    endloop
  endfacet
  facet normal 0.0734741 -0.997297 0
    outer loop
      vertex -0.785082 15.9807 8
      vertex -1.56827 15.923 1
      vertex -0.785082 15.9807 1
    endloop
  endfacet
  facet normal -0.98529 0.17089 0
    outer loop
      vertex 15.6926 -3.12144 1
      vertex 15.8268 -2.34769 8
      vertex 15.8268 -2.34769 1
    endloop
  endfacet
  facet normal -0.98529 0.17089 0
    outer loop
      vertex 15.8268 -2.34769 8
      vertex 15.6926 -3.12144 1
      vertex 15.6926 -3.12144 8
    endloop
  endfacet
  facet normal -0.535048 0.844821 0
    outer loop
      vertex 8.88912 -13.3035 1
      vertex 8.22564 -13.7237 8
      vertex 8.88912 -13.3035 8
    endloop
  endfacet
  facet normal -0.535048 0.844821 0
    outer loop
      vertex 8.22564 -13.7237 8
      vertex 8.88912 -13.3035 1
      vertex 8.22564 -13.7237 1
    endloop
  endfacet
  facet normal -0.992469 0.122496 0
    outer loop
      vertex 15.8268 -2.34769 1
      vertex 15.923 -1.56827 8
      vertex 15.923 -1.56827 1
    endloop
  endfacet
  facet normal -0.992469 0.122496 0
    outer loop
      vertex 15.923 -1.56827 8
      vertex 15.8268 -2.34769 1
      vertex 15.8268 -2.34769 8
    endloop
  endfacet
  facet normal 0.949544 0.313633 0
    outer loop
      vertex -15.0647 -5.39024 8
      vertex -15.311 -4.64455 0
      vertex -15.311 -4.64455 8
    endloop
  endfacet
  facet normal 0.949544 0.313633 0
    outer loop
      vertex -15.311 -4.64455 0
      vertex -15.0647 -5.39024 8
      vertex -15.0647 -5.39024 0
    endloop
  endfacet
  facet normal -0.992469 -0.122496 0
    outer loop
      vertex 15.923 1.56827 1
      vertex 15.8268 2.34769 8
      vertex 15.8268 2.34769 1
    endloop
  endfacet
  facet normal -0.992469 -0.122496 0
    outer loop
      vertex 15.8268 2.34769 8
      vertex 15.923 1.56827 1
      vertex 15.923 1.56827 8
    endloop
  endfacet
  facet normal -0.997297 -0.0734741 0
    outer loop
      vertex 15.9807 0.785082 1
      vertex 15.923 1.56827 8
      vertex 15.923 1.56827 1
    endloop
  endfacet
  facet normal -0.997297 -0.0734741 0
    outer loop
      vertex 15.923 1.56827 8
      vertex 15.9807 0.785082 1
      vertex 15.9807 0.785082 8
    endloop
  endfacet
  facet normal -0.98529 -0.17089 0
    outer loop
      vertex 15.8268 2.34769 1
      vertex 15.6926 3.12144 8
      vertex 15.6926 3.12144 1
    endloop
  endfacet
  facet normal -0.98529 -0.17089 0
    outer loop
      vertex 15.6926 3.12144 8
      vertex 15.8268 2.34769 1
      vertex 15.8268 2.34769 8
    endloop
  endfacet
  facet normal -0.949544 -0.313633 0
    outer loop
      vertex 15.311 4.64455 1
      vertex 15.0647 5.39024 8
      vertex 15.0647 5.39024 1
    endloop
  endfacet
  facet normal -0.949544 -0.313633 0
    outer loop
      vertex 15.0647 5.39024 8
      vertex 15.311 4.64455 1
      vertex 15.311 4.64455 8
    endloop
  endfacet
  facet normal -0.933006 -0.359862 0
    outer loop
      vertex 15.0647 5.39024 1
      vertex 14.7821 6.12293 8
      vertex 14.7821 6.12293 1
    endloop
  endfacet
  facet normal -0.933006 -0.359862 0
    outer loop
      vertex 14.7821 6.12293 8
      vertex 15.0647 5.39024 1
      vertex 15.0647 5.39024 8
    endloop
  endfacet
  facet normal -0.963761 -0.266767 0
    outer loop
      vertex 15.5205 3.88768 1
      vertex 15.311 4.64455 8
      vertex 15.311 4.64455 1
    endloop
  endfacet
  facet normal -0.963761 -0.266767 0
    outer loop
      vertex 15.311 4.64455 8
      vertex 15.5205 3.88768 1
      vertex 15.5205 3.88768 8
    endloop
  endfacet
  facet normal -0.788382 -0.615186 0
    outer loop
      vertex 12.8513 9.53119 1
      vertex 12.3682 10.1503 8
      vertex 12.3682 10.1503 1
    endloop
  endfacet
  facet normal -0.788382 -0.615186 0
    outer loop
      vertex 12.3682 10.1503 8
      vertex 12.8513 9.53119 1
      vertex 12.8513 9.53119 8
    endloop
  endfacet
  facet normal -0.757149 -0.653242 0
    outer loop
      vertex 12.3682 10.1503 1
      vertex 11.8552 10.7449 8
      vertex 11.8552 10.7449 1
    endloop
  endfacet
  facet normal -0.757149 -0.653242 0
    outer loop
      vertex 11.8552 10.7449 8
      vertex 12.3682 10.1503 1
      vertex 12.3682 10.1503 8
    endloop
  endfacet
  facet normal -0.893219 -0.449621 0
    outer loop
      vertex 14.4638 6.84088 1
      vertex 14.1107 7.54235 8
      vertex 14.1107 7.54235 1
    endloop
  endfacet
  facet normal -0.893219 -0.449621 0
    outer loop
      vertex 14.1107 7.54235 8
      vertex 14.4638 6.84088 1
      vertex 14.4638 6.84088 8
    endloop
  endfacet
  facet normal -0.122496 -0.992469 0
    outer loop
      vertex 1.56827 15.923 1
      vertex 2.34769 15.8268 8
      vertex 1.56827 15.923 8
    endloop
  endfacet
  facet normal -0.122496 -0.992469 -0
    outer loop
      vertex 2.34769 15.8268 8
      vertex 1.56827 15.923 1
      vertex 2.34769 15.8268 1
    endloop
  endfacet
  facet normal -0.313633 -0.949544 0
    outer loop
      vertex 4.64455 15.311 1
      vertex 5.39024 15.0647 8
      vertex 4.64455 15.311 8
    endloop
  endfacet
  facet normal -0.313633 -0.949544 -0
    outer loop
      vertex 5.39024 15.0647 8
      vertex 4.64455 15.311 1
      vertex 5.39024 15.0647 1
    endloop
  endfacet
  facet normal -0.359862 -0.933006 0
    outer loop
      vertex 5.39024 15.0647 1
      vertex 6.12293 14.7821 8
      vertex 5.39024 15.0647 8
    endloop
  endfacet
  facet normal -0.359862 -0.933006 -0
    outer loop
      vertex 6.12293 14.7821 8
      vertex 5.39024 15.0647 1
      vertex 6.12293 14.7821 1
    endloop
  endfacet
  facet normal -0.266767 -0.963761 0
    outer loop
      vertex 3.88768 15.5205 1
      vertex 4.64455 15.311 8
      vertex 3.88768 15.5205 8
    endloop
  endfacet
  facet normal -0.266767 -0.963761 -0
    outer loop
      vertex 4.64455 15.311 8
      vertex 3.88768 15.5205 1
      vertex 4.64455 15.311 1
    endloop
  endfacet
  facet normal -0.0734741 -0.997297 0
    outer loop
      vertex 0.785082 15.9807 1
      vertex 1.56827 15.923 8
      vertex 0.785082 15.9807 8
    endloop
  endfacet
  facet normal -0.0734741 -0.997297 -0
    outer loop
      vertex 1.56827 15.923 8
      vertex 0.785082 15.9807 1
      vertex 1.56827 15.923 1
    endloop
  endfacet
  facet normal -0.492822 -0.87013 0
    outer loop
      vertex 7.54235 14.1107 1
      vertex 8.22564 13.7237 8
      vertex 7.54235 14.1107 8
    endloop
  endfacet
  facet normal -0.492822 -0.87013 -0
    outer loop
      vertex 8.22564 13.7237 8
      vertex 7.54235 14.1107 1
      vertex 8.22564 13.7237 1
    endloop
  endfacet
  facet normal -0.449621 -0.893219 0
    outer loop
      vertex 6.84088 14.4638 1
      vertex 7.54235 14.1107 8
      vertex 6.84088 14.4638 8
    endloop
  endfacet
  facet normal -0.449621 -0.893219 -0
    outer loop
      vertex 7.54235 14.1107 8
      vertex 6.84088 14.4638 1
      vertex 7.54235 14.1107 1
    endloop
  endfacet
  facet normal -0.689512 -0.724274 0
    outer loop
      vertex 10.7449 11.8552 1
      vertex 11.3137 11.3137 8
      vertex 10.7449 11.8552 8
    endloop
  endfacet
  facet normal -0.689512 -0.724274 -0
    outer loop
      vertex 11.3137 11.3137 8
      vertex 10.7449 11.8552 1
      vertex 11.3137 11.3137 1
    endloop
  endfacet
  facet normal 0.992469 -0.122496 0
    outer loop
      vertex -15.923 1.56827 8
      vertex -15.8268 2.34769 1
      vertex -15.8268 2.34769 8
    endloop
  endfacet
  facet normal 0.992469 -0.122496 0
    outer loop
      vertex -15.8268 2.34769 1
      vertex -15.923 1.56827 8
      vertex -15.923 1.56827 1
    endloop
  endfacet
  facet normal 0.757149 -0.653242 0
    outer loop
      vertex -12.3682 10.1503 8
      vertex -11.8552 10.7449 1
      vertex -11.8552 10.7449 8
    endloop
  endfacet
  facet normal 0.757149 -0.653242 0
    outer loop
      vertex -11.8552 10.7449 1
      vertex -12.3682 10.1503 8
      vertex -12.3682 10.1503 1
    endloop
  endfacet
  facet normal 0.724274 -0.689512 0
    outer loop
      vertex -11.8552 10.7449 8
      vertex -11.3137 11.3137 1
      vertex -11.3137 11.3137 8
    endloop
  endfacet
  facet normal 0.724274 -0.689512 0
    outer loop
      vertex -11.3137 11.3137 1
      vertex -11.8552 10.7449 8
      vertex -11.8552 10.7449 1
    endloop
  endfacet
  facet normal 0.788382 -0.615186 0
    outer loop
      vertex -12.8513 9.53119 8
      vertex -12.3682 10.1503 1
      vertex -12.3682 10.1503 8
    endloop
  endfacet
  facet normal 0.788382 -0.615186 0
    outer loop
      vertex -12.3682 10.1503 1
      vertex -12.8513 9.53119 8
      vertex -12.8513 9.53119 1
    endloop
  endfacet
  facet normal 0.87013 -0.492822 0
    outer loop
      vertex -14.1107 7.54235 8
      vertex -13.7237 8.22564 1
      vertex -13.7237 8.22564 8
    endloop
  endfacet
  facet normal 0.87013 -0.492822 0
    outer loop
      vertex -13.7237 8.22564 1
      vertex -14.1107 7.54235 8
      vertex -14.1107 7.54235 1
    endloop
  endfacet
  facet normal 0.893219 -0.449621 0
    outer loop
      vertex -14.4638 6.84088 8
      vertex -14.1107 7.54235 1
      vertex -14.1107 7.54235 8
    endloop
  endfacet
  facet normal 0.893219 -0.449621 0
    outer loop
      vertex -14.1107 7.54235 1
      vertex -14.4638 6.84088 8
      vertex -14.4638 6.84088 1
    endloop
  endfacet
  facet normal 0.844821 -0.535048 0
    outer loop
      vertex -13.7237 8.22564 8
      vertex -13.3035 8.88912 1
      vertex -13.3035 8.88912 8
    endloop
  endfacet
  facet normal 0.844821 -0.535048 0
    outer loop
      vertex -13.3035 8.88912 1
      vertex -13.7237 8.22564 8
      vertex -13.7237 8.22564 1
    endloop
  endfacet
  facet normal 0.949544 -0.313633 0
    outer loop
      vertex -15.311 4.64455 8
      vertex -15.0647 5.39024 1
      vertex -15.0647 5.39024 8
    endloop
  endfacet
  facet normal 0.949544 -0.313633 0
    outer loop
      vertex -15.0647 5.39024 1
      vertex -15.311 4.64455 8
      vertex -15.311 4.64455 1
    endloop
  endfacet
  facet normal 0.933006 -0.359862 0
    outer loop
      vertex -15.0647 5.39024 8
      vertex -14.7821 6.12293 1
      vertex -14.7821 6.12293 8
    endloop
  endfacet
  facet normal 0.933006 -0.359862 0
    outer loop
      vertex -14.7821 6.12293 1
      vertex -15.0647 5.39024 8
      vertex -15.0647 5.39024 1
    endloop
  endfacet
  facet normal 0.963761 -0.266767 0
    outer loop
      vertex -15.5205 3.88768 8
      vertex -15.311 4.64455 1
      vertex -15.311 4.64455 8
    endloop
  endfacet
  facet normal 0.963761 -0.266767 0
    outer loop
      vertex -15.311 4.64455 1
      vertex -15.5205 3.88768 8
      vertex -15.5205 3.88768 1
    endloop
  endfacet
  facet normal 0.997297 -0.0734741 0
    outer loop
      vertex -15.9807 0.785082 8
      vertex -15.923 1.56827 1
      vertex -15.923 1.56827 8
    endloop
  endfacet
  facet normal 0.997297 -0.0734741 0
    outer loop
      vertex -15.923 1.56827 1
      vertex -15.9807 0.785082 8
      vertex -15.9807 0.785082 1
    endloop
  endfacet
  facet normal 0.615186 -0.788382 0
    outer loop
      vertex -10.1503 12.3682 1
      vertex -9.53119 12.8513 8
      vertex -10.1503 12.3682 8
    endloop
  endfacet
  facet normal 0.615186 -0.788382 0
    outer loop
      vertex -9.53119 12.8513 8
      vertex -10.1503 12.3682 1
      vertex -9.53119 12.8513 1
    endloop
  endfacet
  facet normal 0.449621 -0.893219 0
    outer loop
      vertex -7.54235 14.1107 1
      vertex -6.84088 14.4638 8
      vertex -7.54235 14.1107 8
    endloop
  endfacet
  facet normal 0.449621 -0.893219 0
    outer loop
      vertex -6.84088 14.4638 8
      vertex -7.54235 14.1107 1
      vertex -6.84088 14.4638 1
    endloop
  endfacet
  facet normal 0.405299 -0.914184 0
    outer loop
      vertex -6.84088 14.4638 1
      vertex -6.12293 14.7821 8
      vertex -6.84088 14.4638 8
    endloop
  endfacet
  facet normal 0.405299 -0.914184 0
    outer loop
      vertex -6.12293 14.7821 8
      vertex -6.84088 14.4638 1
      vertex -6.12293 14.7821 1
    endloop
  endfacet
  facet normal 0.492822 -0.87013 0
    outer loop
      vertex -8.22564 13.7237 1
      vertex -7.54235 14.1107 8
      vertex -8.22564 13.7237 8
    endloop
  endfacet
  facet normal 0.492822 -0.87013 0
    outer loop
      vertex -7.54235 14.1107 8
      vertex -8.22564 13.7237 1
      vertex -7.54235 14.1107 1
    endloop
  endfacet
  facet normal 0.653242 -0.757149 0
    outer loop
      vertex -10.7449 11.8552 1
      vertex -10.1503 12.3682 8
      vertex -10.7449 11.8552 8
    endloop
  endfacet
  facet normal 0.653242 -0.757149 0
    outer loop
      vertex -10.1503 12.3682 8
      vertex -10.7449 11.8552 1
      vertex -10.1503 12.3682 1
    endloop
  endfacet
  facet normal 0.266767 -0.963761 0
    outer loop
      vertex -4.64455 15.311 1
      vertex -3.88768 15.5205 8
      vertex -4.64455 15.311 8
    endloop
  endfacet
  facet normal 0.266767 -0.963761 0
    outer loop
      vertex -3.88768 15.5205 8
      vertex -4.64455 15.311 1
      vertex -3.88768 15.5205 1
    endloop
  endfacet
  facet normal 0.313633 -0.949544 0
    outer loop
      vertex -5.39024 15.0647 1
      vertex -4.64455 15.311 8
      vertex -5.39024 15.0647 8
    endloop
  endfacet
  facet normal 0.313633 -0.949544 0
    outer loop
      vertex -4.64455 15.311 8
      vertex -5.39024 15.0647 1
      vertex -4.64455 15.311 1
    endloop
  endfacet
  facet normal 0.024576 -0.999698 0
    outer loop
      vertex -0.785082 15.9807 1
      vertex 0 16 8
      vertex -0.785082 15.9807 8
    endloop
  endfacet
  facet normal 0.024576 -0.999698 0
    outer loop
      vertex 0 16 8
      vertex -0.785082 15.9807 1
      vertex 0 16 1
    endloop
  endfacet
  facet normal -0.999698 0.024576 0
    outer loop
      vertex 15.9807 -0.785082 1
      vertex 16 0 8
      vertex 16 0 1
    endloop
  endfacet
  facet normal -0.999698 0.024576 0
    outer loop
      vertex 16 0 8
      vertex 15.9807 -0.785082 1
      vertex 15.9807 -0.785082 8
    endloop
  endfacet
  facet normal -0.024576 0.999698 0
    outer loop
      vertex 0.785082 -15.9807 1
      vertex 0 -16 8
      vertex 0.785082 -15.9807 8
    endloop
  endfacet
  facet normal -0.024576 0.999698 0
    outer loop
      vertex 0 -16 8
      vertex 0.785082 -15.9807 1
      vertex 0 -16 1
    endloop
  endfacet
  facet normal -0.122496 0.992469 0
    outer loop
      vertex 2.34769 -15.8268 1
      vertex 1.56827 -15.923 8
      vertex 2.34769 -15.8268 8
    endloop
  endfacet
  facet normal -0.122496 0.992469 0
    outer loop
      vertex 1.56827 -15.923 8
      vertex 2.34769 -15.8268 1
      vertex 1.56827 -15.923 1
    endloop
  endfacet
  facet normal -0.266767 0.963761 0
    outer loop
      vertex 4.64455 -15.311 1
      vertex 3.88768 -15.5205 8
      vertex 4.64455 -15.311 8
    endloop
  endfacet
  facet normal -0.266767 0.963761 0
    outer loop
      vertex 3.88768 -15.5205 8
      vertex 4.64455 -15.311 1
      vertex 3.88768 -15.5205 1
    endloop
  endfacet
  facet normal -0.313633 0.949544 0
    outer loop
      vertex 5.39024 -15.0647 1
      vertex 4.64455 -15.311 8
      vertex 5.39024 -15.0647 8
    endloop
  endfacet
  facet normal -0.313633 0.949544 0
    outer loop
      vertex 4.64455 -15.311 8
      vertex 5.39024 -15.0647 1
      vertex 4.64455 -15.311 1
    endloop
  endfacet
  facet normal -0.219144 0.975693 0
    outer loop
      vertex 3.88768 -15.5205 1
      vertex 3.12144 -15.6926 8
      vertex 3.88768 -15.5205 8
    endloop
  endfacet
  facet normal -0.219144 0.975693 0
    outer loop
      vertex 3.12144 -15.6926 8
      vertex 3.88768 -15.5205 1
      vertex 3.12144 -15.6926 1
    endloop
  endfacet
  facet normal -0.575811 0.817583 0
    outer loop
      vertex 9.53119 -12.8513 1
      vertex 8.88912 -13.3035 8
      vertex 9.53119 -12.8513 8
    endloop
  endfacet
  facet normal -0.575811 0.817583 0
    outer loop
      vertex 8.88912 -13.3035 8
      vertex 9.53119 -12.8513 1
      vertex 8.88912 -13.3035 1
    endloop
  endfacet
  facet normal -0.653242 0.757149 0
    outer loop
      vertex 10.7449 -11.8552 1
      vertex 10.1503 -12.3682 8
      vertex 10.7449 -11.8552 8
    endloop
  endfacet
  facet normal -0.653242 0.757149 0
    outer loop
      vertex 10.1503 -12.3682 8
      vertex 10.7449 -11.8552 1
      vertex 10.1503 -12.3682 1
    endloop
  endfacet
  facet normal -0.492822 0.87013 0
    outer loop
      vertex 8.22564 -13.7237 1
      vertex 7.54235 -14.1107 8
      vertex 8.22564 -13.7237 8
    endloop
  endfacet
  facet normal -0.492822 0.87013 0
    outer loop
      vertex 7.54235 -14.1107 8
      vertex 8.22564 -13.7237 1
      vertex 7.54235 -14.1107 1
    endloop
  endfacet
  facet normal -0.405299 0.914184 0
    outer loop
      vertex 6.84088 -14.4638 1
      vertex 6.12293 -14.7821 8
      vertex 6.84088 -14.4638 8
    endloop
  endfacet
  facet normal -0.405299 0.914184 0
    outer loop
      vertex 6.12293 -14.7821 8
      vertex 6.84088 -14.4638 1
      vertex 6.12293 -14.7821 1
    endloop
  endfacet
  facet normal -0.724274 0.689512 0
    outer loop
      vertex 11.3137 -11.3137 1
      vertex 11.8552 -10.7449 8
      vertex 11.8552 -10.7449 1
    endloop
  endfacet
  facet normal -0.724274 0.689512 0
    outer loop
      vertex 11.8552 -10.7449 8
      vertex 11.3137 -11.3137 1
      vertex 11.3137 -11.3137 8
    endloop
  endfacet
  facet normal -0.914184 0.405299 0
    outer loop
      vertex 14.4638 -6.84088 0
      vertex 14.7821 -6.12293 8
      vertex 14.7821 -6.12293 0
    endloop
  endfacet
  facet normal -0.914184 0.405299 0
    outer loop
      vertex 14.7821 -6.12293 8
      vertex 14.4638 -6.84088 0
      vertex 14.4638 -6.84088 8
    endloop
  endfacet
  facet normal -0.870156 0.492777 0
    outer loop
      vertex 13.8743 -7.95979 1
      vertex 14.1107 -7.54235 0
      vertex 13.8743 -7.95979 0
    endloop
  endfacet
  facet normal -0.870156 0.492777 0
    outer loop
      vertex 14.1107 -7.54235 0
      vertex 13.8743 -7.95979 1
      vertex 14.1107 -7.54235 8
    endloop
  endfacet
  facet normal -0.87009 0.492893 0
    outer loop
      vertex 13.7237 -8.22564 8
      vertex 13.8743 -7.95979 1
      vertex 13.7237 -8.22564 1
    endloop
  endfacet
  facet normal -0.87013 0.492822 -3.55181e-06
    outer loop
      vertex 13.8743 -7.95979 1
      vertex 13.7237 -8.22564 8
      vertex 14.1107 -7.54235 8
    endloop
  endfacet
  facet normal -0.949544 0.313633 0
    outer loop
      vertex 15.0647 -5.39024 0
      vertex 15.311 -4.64455 8
      vertex 15.311 -4.64455 0
    endloop
  endfacet
  facet normal -0.949544 0.313633 0
    outer loop
      vertex 15.311 -4.64455 8
      vertex 15.0647 -5.39024 0
      vertex 15.0647 -5.39024 8
    endloop
  endfacet
  facet normal -0.975681 0.219197 0
    outer loop
      vertex 15.5768 -3.63708 0
      vertex 15.5205 -3.88768 0
      vertex 15.5768 -3.63708 1
    endloop
  endfacet
  facet normal -0.975698 0.219118 0
    outer loop
      vertex 15.5768 -3.63708 1
      vertex 15.6926 -3.12144 8
      vertex 15.6926 -3.12144 1
    endloop
  endfacet
  facet normal -0.975681 0.219197 0
    outer loop
      vertex 15.5205 -3.88768 8
      vertex 15.5768 -3.63708 1
      vertex 15.5205 -3.88768 0
    endloop
  endfacet
  facet normal -0.975693 0.219144 -2.01044e-06
    outer loop
      vertex 15.5768 -3.63708 1
      vertex 15.5205 -3.88768 8
      vertex 15.6926 -3.12144 8
    endloop
  endfacet
  facet normal 0.689512 0.724274 -0
    outer loop
      vertex -10.7449 -11.8552 1
      vertex -11.3137 -11.3137 8
      vertex -10.7449 -11.8552 8
    endloop
  endfacet
  facet normal 0.689512 0.724274 0
    outer loop
      vertex -11.3137 -11.3137 8
      vertex -10.7449 -11.8552 1
      vertex -11.3137 -11.3137 1
    endloop
  endfacet
  facet normal 0.615186 0.788382 -0
    outer loop
      vertex -9.53119 -12.8513 1
      vertex -10.1503 -12.3682 8
      vertex -9.53119 -12.8513 8
    endloop
  endfacet
  facet normal 0.615186 0.788382 0
    outer loop
      vertex -10.1503 -12.3682 8
      vertex -9.53119 -12.8513 1
      vertex -10.1503 -12.3682 1
    endloop
  endfacet
  facet normal 0.449621 0.893219 -0
    outer loop
      vertex -6.84088 -14.4638 1
      vertex -7.54235 -14.1107 8
      vertex -6.84088 -14.4638 8
    endloop
  endfacet
  facet normal 0.449621 0.893219 0
    outer loop
      vertex -7.54235 -14.1107 8
      vertex -6.84088 -14.4638 1
      vertex -7.54235 -14.1107 1
    endloop
  endfacet
  facet normal 0.535048 0.844821 -0
    outer loop
      vertex -8.22564 -13.7237 1
      vertex -8.88912 -13.3035 8
      vertex -8.22564 -13.7237 8
    endloop
  endfacet
  facet normal 0.535048 0.844821 0
    outer loop
      vertex -8.88912 -13.3035 8
      vertex -8.22564 -13.7237 1
      vertex -8.88912 -13.3035 1
    endloop
  endfacet
  facet normal 0.359862 0.933006 -0
    outer loop
      vertex -5.39024 -15.0647 1
      vertex -6.12293 -14.7821 8
      vertex -5.39024 -15.0647 8
    endloop
  endfacet
  facet normal 0.359862 0.933006 0
    outer loop
      vertex -6.12293 -14.7821 8
      vertex -5.39024 -15.0647 1
      vertex -6.12293 -14.7821 1
    endloop
  endfacet
  facet normal 0.266767 0.963761 -0
    outer loop
      vertex -3.88768 -15.5205 1
      vertex -4.64455 -15.311 8
      vertex -3.88768 -15.5205 8
    endloop
  endfacet
  facet normal 0.266767 0.963761 0
    outer loop
      vertex -4.64455 -15.311 8
      vertex -3.88768 -15.5205 1
      vertex -4.64455 -15.311 1
    endloop
  endfacet
  facet normal 0.17089 0.98529 -0
    outer loop
      vertex -2.34769 -15.8268 1
      vertex -3.12144 -15.6926 8
      vertex -2.34769 -15.8268 8
    endloop
  endfacet
  facet normal 0.17089 0.98529 0
    outer loop
      vertex -3.12144 -15.6926 8
      vertex -2.34769 -15.8268 1
      vertex -3.12144 -15.6926 1
    endloop
  endfacet
  facet normal 0.0734741 0.997297 -0
    outer loop
      vertex -0.785082 -15.9807 1
      vertex -1.56827 -15.923 8
      vertex -0.785082 -15.9807 8
    endloop
  endfacet
  facet normal 0.0734741 0.997297 0
    outer loop
      vertex -1.56827 -15.923 8
      vertex -0.785082 -15.9807 1
      vertex -1.56827 -15.923 1
    endloop
  endfacet
  facet normal 0.914184 0.405299 0
    outer loop
      vertex -14.4638 -6.84088 8
      vertex -14.7821 -6.12293 0
      vertex -14.7821 -6.12293 8
    endloop
  endfacet
  facet normal 0.914184 0.405299 0
    outer loop
      vertex -14.7821 -6.12293 0
      vertex -14.4638 -6.84088 8
      vertex -14.4638 -6.84088 0
    endloop
  endfacet
  facet normal 0.870156 0.492777 0
    outer loop
      vertex -14.1107 -7.54235 8
      vertex -13.8743 -7.95979 1
      vertex -14.1107 -7.54235 0
    endloop
  endfacet
  facet normal 0.87013 0.492822 -3.55181e-06
    outer loop
      vertex -13.7237 -8.22564 8
      vertex -13.8743 -7.95979 1
      vertex -14.1107 -7.54235 8
    endloop
  endfacet
  facet normal 0.87009 0.492893 0
    outer loop
      vertex -13.8743 -7.95979 1
      vertex -13.7237 -8.22564 8
      vertex -13.7237 -8.22564 1
    endloop
  endfacet
  facet normal 0.870156 0.492777 0
    outer loop
      vertex -14.1107 -7.54235 0
      vertex -13.8743 -7.95979 1
      vertex -13.8743 -7.95979 0
    endloop
  endfacet
  facet normal 0.817583 0.575811 0
    outer loop
      vertex -12.8513 -9.53119 8
      vertex -13.3035 -8.88912 1
      vertex -13.3035 -8.88912 8
    endloop
  endfacet
  facet normal 0.817583 0.575811 0
    outer loop
      vertex -13.3035 -8.88912 1
      vertex -12.8513 -9.53119 8
      vertex -12.8513 -9.53119 1
    endloop
  endfacet
  facet normal 0.757149 0.653242 0
    outer loop
      vertex -11.8552 -10.7449 8
      vertex -12.3682 -10.1503 1
      vertex -12.3682 -10.1503 8
    endloop
  endfacet
  facet normal 0.757149 0.653242 0
    outer loop
      vertex -12.3682 -10.1503 1
      vertex -11.8552 -10.7449 8
      vertex -11.8552 -10.7449 1
    endloop
  endfacet
  facet normal 0.975698 0.219118 0
    outer loop
      vertex -15.6926 -3.12144 8
      vertex -15.5768 -3.63708 1
      vertex -15.6926 -3.12144 1
    endloop
  endfacet
  facet normal 0.975693 0.219144 -2.01044e-06
    outer loop
      vertex -15.5205 -3.88768 8
      vertex -15.5768 -3.63708 1
      vertex -15.6926 -3.12144 8
    endloop
  endfacet
  facet normal 0.975681 0.219197 -0
    outer loop
      vertex -15.5205 -3.88768 0
      vertex -15.5768 -3.63708 1
      vertex -15.5205 -3.88768 8
    endloop
  endfacet
  facet normal 0.975681 0.219197 0
    outer loop
      vertex -15.5768 -3.63708 1
      vertex -15.5205 -3.88768 0
      vertex -15.5768 -3.63708 0
    endloop
  endfacet
  facet normal 0.98529 0.17089 0
    outer loop
      vertex -15.6926 -3.12144 8
      vertex -15.8268 -2.34769 1
      vertex -15.8268 -2.34769 8
    endloop
  endfacet
  facet normal 0.98529 0.17089 0
    outer loop
      vertex -15.8268 -2.34769 1
      vertex -15.6926 -3.12144 8
      vertex -15.6926 -3.12144 1
    endloop
  endfacet
  facet normal 0.999698 0.024576 0
    outer loop
      vertex -15.9807 -0.785082 8
      vertex -16 0 1
      vertex -16 0 8
    endloop
  endfacet
  facet normal 0.999698 0.024576 0
    outer loop
      vertex -16 0 1
      vertex -15.9807 -0.785082 8
      vertex -15.9807 -0.785082 1
    endloop
  endfacet
  facet normal -0.817583 -0.575811 0
    outer loop
      vertex 13.3035 8.88912 1
      vertex 12.8513 9.53119 8
      vertex 12.8513 9.53119 1
    endloop
  endfacet
  facet normal -0.817583 -0.575811 0
    outer loop
      vertex 12.8513 9.53119 8
      vertex 13.3035 8.88912 1
      vertex 13.3035 8.88912 8
    endloop
  endfacet
  facet normal -0.17089 -0.98529 0
    outer loop
      vertex 2.34769 15.8268 1
      vertex 3.12144 15.6926 8
      vertex 2.34769 15.8268 8
    endloop
  endfacet
  facet normal -0.17089 -0.98529 -0
    outer loop
      vertex 3.12144 15.6926 8
      vertex 2.34769 15.8268 1
      vertex 3.12144 15.6926 1
    endloop
  endfacet
  facet normal -0.535048 -0.844821 0
    outer loop
      vertex 8.22564 13.7237 1
      vertex 8.88912 13.3035 8
      vertex 8.22564 13.7237 8
    endloop
  endfacet
  facet normal -0.535048 -0.844821 -0
    outer loop
      vertex 8.88912 13.3035 8
      vertex 8.22564 13.7237 1
      vertex 8.88912 13.3035 1
    endloop
  endfacet
  facet normal -0.615186 -0.788382 0
    outer loop
      vertex 9.53119 12.8513 1
      vertex 10.1503 12.3682 8
      vertex 9.53119 12.8513 8
    endloop
  endfacet
  facet normal -0.615186 -0.788382 -0
    outer loop
      vertex 10.1503 12.3682 8
      vertex 9.53119 12.8513 1
      vertex 10.1503 12.3682 1
    endloop
  endfacet
  facet normal 0.98529 -0.17089 0
    outer loop
      vertex -15.8268 2.34769 8
      vertex -15.6926 3.12144 1
      vertex -15.6926 3.12144 8
    endloop
  endfacet
  facet normal 0.98529 -0.17089 0
    outer loop
      vertex -15.6926 3.12144 1
      vertex -15.8268 2.34769 8
      vertex -15.8268 2.34769 1
    endloop
  endfacet
  facet normal 0.575811 -0.817583 0
    outer loop
      vertex -9.53119 12.8513 1
      vertex -8.88912 13.3035 8
      vertex -9.53119 12.8513 8
    endloop
  endfacet
  facet normal 0.575811 -0.817583 0
    outer loop
      vertex -8.88912 13.3035 8
      vertex -9.53119 12.8513 1
      vertex -8.88912 13.3035 1
    endloop
  endfacet
  facet normal 0.219144 -0.975693 0
    outer loop
      vertex -3.88768 15.5205 1
      vertex -3.12144 15.6926 8
      vertex -3.88768 15.5205 8
    endloop
  endfacet
  facet normal 0.219144 -0.975693 0
    outer loop
      vertex -3.12144 15.6926 8
      vertex -3.88768 15.5205 1
      vertex -3.12144 15.6926 1
    endloop
  endfacet
  facet normal 0.122496 -0.992469 0
    outer loop
      vertex -2.34769 15.8268 1
      vertex -1.56827 15.923 8
      vertex -2.34769 15.8268 8
    endloop
  endfacet
  facet normal 0.122496 -0.992469 0
    outer loop
      vertex -1.56827 15.923 8
      vertex -2.34769 15.8268 1
      vertex -1.56827 15.923 1
    endloop
  endfacet
  facet normal -0.0734741 0.997297 0
    outer loop
      vertex 1.56827 -15.923 1
      vertex 0.785082 -15.9807 8
      vertex 1.56827 -15.923 8
    endloop
  endfacet
  facet normal -0.0734741 0.997297 0
    outer loop
      vertex 0.785082 -15.9807 8
      vertex 1.56827 -15.923 1
      vertex 0.785082 -15.9807 1
    endloop
  endfacet
  facet normal -0.17089 0.98529 0
    outer loop
      vertex 3.12144 -15.6926 1
      vertex 2.34769 -15.8268 8
      vertex 3.12144 -15.6926 8
    endloop
  endfacet
  facet normal -0.17089 0.98529 0
    outer loop
      vertex 2.34769 -15.8268 8
      vertex 3.12144 -15.6926 1
      vertex 2.34769 -15.8268 1
    endloop
  endfacet
  facet normal -0.359862 0.933006 0
    outer loop
      vertex 6.12293 -14.7821 1
      vertex 5.39024 -15.0647 8
      vertex 6.12293 -14.7821 8
    endloop
  endfacet
  facet normal -0.359862 0.933006 0
    outer loop
      vertex 5.39024 -15.0647 8
      vertex 6.12293 -14.7821 1
      vertex 5.39024 -15.0647 1
    endloop
  endfacet
  facet normal -0.615186 0.788382 0
    outer loop
      vertex 10.1503 -12.3682 1
      vertex 9.53119 -12.8513 8
      vertex 10.1503 -12.3682 8
    endloop
  endfacet
  facet normal -0.615186 0.788382 0
    outer loop
      vertex 9.53119 -12.8513 8
      vertex 10.1503 -12.3682 1
      vertex 9.53119 -12.8513 1
    endloop
  endfacet
  facet normal -0.689512 0.724274 0
    outer loop
      vertex 11.3137 -11.3137 1
      vertex 10.7449 -11.8552 8
      vertex 11.3137 -11.3137 8
    endloop
  endfacet
  facet normal -0.689512 0.724274 0
    outer loop
      vertex 10.7449 -11.8552 8
      vertex 11.3137 -11.3137 1
      vertex 10.7449 -11.8552 1
    endloop
  endfacet
  facet normal -0.449621 0.893219 0
    outer loop
      vertex 7.54235 -14.1107 1
      vertex 6.84088 -14.4638 8
      vertex 7.54235 -14.1107 8
    endloop
  endfacet
  facet normal -0.449621 0.893219 0
    outer loop
      vertex 6.84088 -14.4638 8
      vertex 7.54235 -14.1107 1
      vertex 6.84088 -14.4638 1
    endloop
  endfacet
  facet normal -0.757149 0.653242 0
    outer loop
      vertex 11.8552 -10.7449 1
      vertex 12.3682 -10.1503 8
      vertex 12.3682 -10.1503 1
    endloop
  endfacet
  facet normal -0.757149 0.653242 0
    outer loop
      vertex 12.3682 -10.1503 8
      vertex 11.8552 -10.7449 1
      vertex 11.8552 -10.7449 8
    endloop
  endfacet
  facet normal -0.788382 0.615186 0
    outer loop
      vertex 12.3682 -10.1503 1
      vertex 12.8513 -9.53119 8
      vertex 12.8513 -9.53119 1
    endloop
  endfacet
  facet normal -0.788382 0.615186 0
    outer loop
      vertex 12.8513 -9.53119 8
      vertex 12.3682 -10.1503 1
      vertex 12.3682 -10.1503 8
    endloop
  endfacet
  facet normal -0.844821 0.535048 0
    outer loop
      vertex 13.3035 -8.88912 1
      vertex 13.7237 -8.22564 8
      vertex 13.7237 -8.22564 1
    endloop
  endfacet
  facet normal -0.844821 0.535048 0
    outer loop
      vertex 13.7237 -8.22564 8
      vertex 13.3035 -8.88912 1
      vertex 13.3035 -8.88912 8
    endloop
  endfacet
  facet normal -0.817583 0.575811 0
    outer loop
      vertex 12.8513 -9.53119 1
      vertex 13.3035 -8.88912 8
      vertex 13.3035 -8.88912 1
    endloop
  endfacet
  facet normal -0.817583 0.575811 0
    outer loop
      vertex 13.3035 -8.88912 8
      vertex 12.8513 -9.53119 1
      vertex 12.8513 -9.53119 8
    endloop
  endfacet
  facet normal -0.933006 0.359862 0
    outer loop
      vertex 14.7821 -6.12293 0
      vertex 15.0647 -5.39024 8
      vertex 15.0647 -5.39024 0
    endloop
  endfacet
  facet normal -0.933006 0.359862 0
    outer loop
      vertex 15.0647 -5.39024 8
      vertex 14.7821 -6.12293 0
      vertex 14.7821 -6.12293 8
    endloop
  endfacet
  facet normal -0.893219 0.449621 0
    outer loop
      vertex 14.1107 -7.54235 0
      vertex 14.4638 -6.84088 8
      vertex 14.4638 -6.84088 0
    endloop
  endfacet
  facet normal -0.893219 0.449621 0
    outer loop
      vertex 14.4638 -6.84088 8
      vertex 14.1107 -7.54235 0
      vertex 14.1107 -7.54235 8
    endloop
  endfacet
  facet normal -0.963761 0.266767 0
    outer loop
      vertex 15.311 -4.64455 0
      vertex 15.5205 -3.88768 8
      vertex 15.5205 -3.88768 0
    endloop
  endfacet
  facet normal -0.963761 0.266767 0
    outer loop
      vertex 15.5205 -3.88768 8
      vertex 15.311 -4.64455 0
      vertex 15.311 -4.64455 8
    endloop
  endfacet
  facet normal -0.997297 0.0734741 0
    outer loop
      vertex 15.923 -1.56827 1
      vertex 15.9807 -0.785082 8
      vertex 15.9807 -0.785082 1
    endloop
  endfacet
  facet normal -0.997297 0.0734741 0
    outer loop
      vertex 15.9807 -0.785082 8
      vertex 15.923 -1.56827 1
      vertex 15.923 -1.56827 8
    endloop
  endfacet
  facet normal 0.653242 0.757149 -0
    outer loop
      vertex -10.1503 -12.3682 1
      vertex -10.7449 -11.8552 8
      vertex -10.1503 -12.3682 8
    endloop
  endfacet
  facet normal 0.653242 0.757149 0
    outer loop
      vertex -10.7449 -11.8552 8
      vertex -10.1503 -12.3682 1
      vertex -10.7449 -11.8552 1
    endloop
  endfacet
  facet normal 0.575811 0.817583 -0
    outer loop
      vertex -8.88912 -13.3035 1
      vertex -9.53119 -12.8513 8
      vertex -8.88912 -13.3035 8
    endloop
  endfacet
  facet normal 0.575811 0.817583 0
    outer loop
      vertex -9.53119 -12.8513 8
      vertex -8.88912 -13.3035 1
      vertex -9.53119 -12.8513 1
    endloop
  endfacet
  facet normal 0.405299 0.914184 -0
    outer loop
      vertex -6.12293 -14.7821 1
      vertex -6.84088 -14.4638 8
      vertex -6.12293 -14.7821 8
    endloop
  endfacet
  facet normal 0.405299 0.914184 0
    outer loop
      vertex -6.84088 -14.4638 8
      vertex -6.12293 -14.7821 1
      vertex -6.84088 -14.4638 1
    endloop
  endfacet
  facet normal 0.492822 0.87013 -0
    outer loop
      vertex -7.54235 -14.1107 1
      vertex -8.22564 -13.7237 8
      vertex -7.54235 -14.1107 8
    endloop
  endfacet
  facet normal 0.492822 0.87013 0
    outer loop
      vertex -8.22564 -13.7237 8
      vertex -7.54235 -14.1107 1
      vertex -8.22564 -13.7237 1
    endloop
  endfacet
  facet normal 0.313633 0.949544 -0
    outer loop
      vertex -4.64455 -15.311 1
      vertex -5.39024 -15.0647 8
      vertex -4.64455 -15.311 8
    endloop
  endfacet
  facet normal 0.313633 0.949544 0
    outer loop
      vertex -5.39024 -15.0647 8
      vertex -4.64455 -15.311 1
      vertex -5.39024 -15.0647 1
    endloop
  endfacet
  facet normal 0.219144 0.975693 -0
    outer loop
      vertex -3.12144 -15.6926 1
      vertex -3.88768 -15.5205 8
      vertex -3.12144 -15.6926 8
    endloop
  endfacet
  facet normal 0.219144 0.975693 0
    outer loop
      vertex -3.88768 -15.5205 8
      vertex -3.12144 -15.6926 1
      vertex -3.88768 -15.5205 1
    endloop
  endfacet
  facet normal 0.122496 0.992469 -0
    outer loop
      vertex -1.56827 -15.923 1
      vertex -2.34769 -15.8268 8
      vertex -1.56827 -15.923 8
    endloop
  endfacet
  facet normal 0.122496 0.992469 0
    outer loop
      vertex -2.34769 -15.8268 8
      vertex -1.56827 -15.923 1
      vertex -2.34769 -15.8268 1
    endloop
  endfacet
  facet normal 0.024576 0.999698 -0
    outer loop
      vertex 0 -16 1
      vertex -0.785082 -15.9807 8
      vertex 0 -16 8
    endloop
  endfacet
  facet normal 0.024576 0.999698 0
    outer loop
      vertex -0.785082 -15.9807 8
      vertex 0 -16 1
      vertex -0.785082 -15.9807 1
    endloop
  endfacet
  facet normal 0.893219 0.449621 0
    outer loop
      vertex -14.1107 -7.54235 8
      vertex -14.4638 -6.84088 0
      vertex -14.4638 -6.84088 8
    endloop
  endfacet
  facet normal 0.893219 0.449621 0
    outer loop
      vertex -14.4638 -6.84088 0
      vertex -14.1107 -7.54235 8
      vertex -14.1107 -7.54235 0
    endloop
  endfacet
  facet normal 0.844821 0.535048 0
    outer loop
      vertex -13.3035 -8.88912 8
      vertex -13.7237 -8.22564 1
      vertex -13.7237 -8.22564 8
    endloop
  endfacet
  facet normal 0.844821 0.535048 0
    outer loop
      vertex -13.7237 -8.22564 1
      vertex -13.3035 -8.88912 8
      vertex -13.3035 -8.88912 1
    endloop
  endfacet
  facet normal 0.788382 0.615186 0
    outer loop
      vertex -12.3682 -10.1503 8
      vertex -12.8513 -9.53119 1
      vertex -12.8513 -9.53119 8
    endloop
  endfacet
  facet normal 0.788382 0.615186 0
    outer loop
      vertex -12.8513 -9.53119 1
      vertex -12.3682 -10.1503 8
      vertex -12.3682 -10.1503 1
    endloop
  endfacet
  facet normal 0.724274 0.689512 0
    outer loop
      vertex -11.3137 -11.3137 8
      vertex -11.8552 -10.7449 1
      vertex -11.8552 -10.7449 8
    endloop
  endfacet
  facet normal 0.724274 0.689512 0
    outer loop
      vertex -11.8552 -10.7449 1
      vertex -11.3137 -11.3137 8
      vertex -11.3137 -11.3137 1
    endloop
  endfacet
  facet normal 0.933006 0.359862 0
    outer loop
      vertex -14.7821 -6.12293 8
      vertex -15.0647 -5.39024 0
      vertex -15.0647 -5.39024 8
    endloop
  endfacet
  facet normal 0.933006 0.359862 0
    outer loop
      vertex -15.0647 -5.39024 0
      vertex -14.7821 -6.12293 8
      vertex -14.7821 -6.12293 0
    endloop
  endfacet
  facet normal 0.963761 0.266767 0
    outer loop
      vertex -15.311 -4.64455 8
      vertex -15.5205 -3.88768 0
      vertex -15.5205 -3.88768 8
    endloop
  endfacet
  facet normal 0.963761 0.266767 0
    outer loop
      vertex -15.5205 -3.88768 0
      vertex -15.311 -4.64455 8
      vertex -15.311 -4.64455 0
    endloop
  endfacet
  facet normal 0.997297 0.0734741 0
    outer loop
      vertex -15.923 -1.56827 8
      vertex -15.9807 -0.785082 1
      vertex -15.9807 -0.785082 8
    endloop
  endfacet
  facet normal 0.997297 0.0734741 0
    outer loop
      vertex -15.9807 -0.785082 1
      vertex -15.923 -1.56827 8
      vertex -15.923 -1.56827 1
    endloop
  endfacet
  facet normal -1 0 0
    outer loop
      vertex -23.8995 25.8995 -35
      vertex -23.8995 24.177 0
      vertex -23.8995 25.8995 1
    endloop
  endfacet
  facet normal -1 0 0
    outer loop
      vertex -23.8995 25.8995 -35
      vertex -23.8995 3.05785 0
      vertex -23.8995 24.177 0
    endloop
  endfacet
  facet normal -1 0 0
    outer loop
      vertex -23.8995 3.05785 0
      vertex -23.8995 -3.05785 0
      vertex -23.8995 3.05785 1
    endloop
  endfacet
  facet normal -1 0 0
    outer loop
      vertex -23.8995 25.8995 -35
      vertex -23.8995 -3.05785 0
      vertex -23.8995 3.05785 0
    endloop
  endfacet
  facet normal -1 0 0
    outer loop
      vertex -23.8995 -25.8995 -35
      vertex -23.8995 -3.05785 0
      vertex -23.8995 25.8995 -35
    endloop
  endfacet
  facet normal -1 -0 0
    outer loop
      vertex -23.8995 -3.05785 0
      vertex -23.8995 -25.8995 -35
      vertex -23.8995 -24.177 0
    endloop
  endfacet
  facet normal -1 0 0
    outer loop
      vertex -23.8995 -25.8995 1
      vertex -23.8995 -24.177 0
      vertex -23.8995 -25.8995 -35
    endloop
  endfacet
  facet normal -1 0 0
    outer loop
      vertex -23.8995 -24.177 0
      vertex -23.8995 -25.8995 1
      vertex -23.8995 -24.177 1
    endloop
  endfacet
  facet normal -1 -0 0
    outer loop
      vertex -23.8995 25.8995 1
      vertex -23.8995 24.177 0
      vertex -23.8995 24.177 1
    endloop
  endfacet
  facet normal -1 -0 0
    outer loop
      vertex -23.8995 3.05785 1
      vertex -23.8995 -3.05785 0
      vertex -23.8995 -3.05785 1
    endloop
  endfacet
  facet normal -0 0 1
    outer loop
      vertex 22.833 -25.1923 1
      vertex 23.8995 -25.8995 1
      vertex 23.8995 -24.177 1
    endloop
  endfacet
  facet normal 0 0 1
    outer loop
      vertex 23.8995 -25.8995 1
      vertex 22.833 -25.1923 1
      vertex 22.0132 -25.8995 1
    endloop
  endfacet
  facet normal 0 0 1
    outer loop
      vertex -22.833 -25.1923 1
      vertex -23.8995 -25.8995 1
      vertex -22.0132 -25.8995 1
    endloop
  endfacet
  facet normal 0 0 1
    outer loop
      vertex -23.8995 -25.8995 1
      vertex -22.833 -25.1923 1
      vertex -23.8995 -24.177 1
    endloop
  endfacet
  facet normal 0 0 1
    outer loop
      vertex 23.8995 25.8995 1
      vertex 22.833 25.1923 1
      vertex 23.8995 24.177 1
    endloop
  endfacet
  facet normal 0 -0 1
    outer loop
      vertex 22.833 25.1923 1
      vertex 23.8995 25.8995 1
      vertex 22.0132 25.8995 1
    endloop
  endfacet
  facet normal -0 0 1
    outer loop
      vertex -23.8995 25.8995 1
      vertex -22.833 25.1923 1
      vertex -22.0132 25.8995 1
    endloop
  endfacet
  facet normal 0 0 1
    outer loop
      vertex -22.833 25.1923 1
      vertex -23.8995 25.8995 1
      vertex -23.8995 24.177 1
    endloop
  endfacet
  facet normal 0 0 1
    outer loop
      vertex 0 11.9397 1
      vertex 16 0 1
      vertex 15.9807 0.785082 1
    endloop
  endfacet
  facet normal 0 0 1
    outer loop
      vertex 0 11.9397 1
      vertex 15.9807 0.785082 1
      vertex 15.923 1.56827 1
    endloop
  endfacet
  facet normal 0 0 1
    outer loop
      vertex 16 0 1
      vertex 0 11.9397 1
      vertex 15.9807 -0.785082 1
    endloop
  endfacet
  facet normal 0 0 1
    outer loop
      vertex 0 11.9397 1
      vertex 15.923 1.56827 1
      vertex 15.8268 2.34769 1
    endloop
  endfacet
  facet normal 0 0 1
    outer loop
      vertex 15.9807 -0.785082 1
      vertex 0 11.9397 1
      vertex 15.923 -1.56827 1
    endloop
  endfacet
  facet normal 0 0 1
    outer loop
      vertex 0 11.9397 1
      vertex 15.8268 2.34769 1
      vertex 15.6926 3.12144 1
    endloop
  endfacet
  facet normal 0 0 1
    outer loop
      vertex 15.923 -1.56827 1
      vertex 0 11.9397 1
      vertex 15.8268 -2.34769 1
    endloop
  endfacet
  facet normal 0 0 1
    outer loop
      vertex 15.8268 -2.34769 1
      vertex 0 11.9397 1
      vertex 15.6926 -3.12144 1
    endloop
  endfacet
  facet normal 0 0 1
    outer loop
      vertex 0 11.9397 1
      vertex 15.6926 3.12144 1
      vertex 15.5205 3.88768 1
    endloop
  endfacet
  facet normal 0 0 1
    outer loop
      vertex 0 11.9397 1
      vertex 15.5205 3.88768 1
      vertex 15.311 4.64455 1
    endloop
  endfacet
  facet normal 0 0 1
    outer loop
      vertex 0 11.9397 1
      vertex 15.311 4.64455 1
      vertex 15.0647 5.39024 1
    endloop
  endfacet
  facet normal 0 0 1
    outer loop
      vertex 0 11.9397 1
      vertex 15.0647 5.39024 1
      vertex 14.7821 6.12293 1
    endloop
  endfacet
  facet normal 0 0 1
    outer loop
      vertex 0 11.9397 1
      vertex 14.7821 6.12293 1
      vertex 14.4638 6.84088 1
    endloop
  endfacet
  facet normal 0 0 1
    outer loop
      vertex 0 11.9397 1
      vertex 14.4638 6.84088 1
      vertex 14.1107 7.54235 1
    endloop
  endfacet
  facet normal 0 0 1
    outer loop
      vertex 0 11.9397 1
      vertex 14.1107 7.54235 1
      vertex 13.7237 8.22564 1
    endloop
  endfacet
  facet normal 0 0 1
    outer loop
      vertex 0 11.9397 1
      vertex 13.7237 8.22564 1
      vertex 13.3035 8.88912 1
    endloop
  endfacet
  facet normal 0 0 1
    outer loop
      vertex 0 11.9397 1
      vertex 13.3035 8.88912 1
      vertex 12.8513 9.53119 1
    endloop
  endfacet
  facet normal 0 0 1
    outer loop
      vertex 0 11.9397 1
      vertex 12.8513 9.53119 1
      vertex 12.3682 10.1503 1
    endloop
  endfacet
  facet normal 0 0 1
    outer loop
      vertex 0 11.9397 1
      vertex 12.3682 10.1503 1
      vertex 11.8552 10.7449 1
    endloop
  endfacet
  facet normal 0 0 1
    outer loop
      vertex 0 11.9397 1
      vertex 11.8552 10.7449 1
      vertex 11.3137 11.3137 1
    endloop
  endfacet
  facet normal 0 0 1
    outer loop
      vertex 0 11.9397 1
      vertex 11.3137 11.3137 1
      vertex 10.7449 11.8552 1
    endloop
  endfacet
  facet normal -0 0 1
    outer loop
      vertex 0 11.9397 1
      vertex 10.7449 11.8552 1
      vertex 10.1503 12.3682 1
    endloop
  endfacet
  facet normal 0 0 1
    outer loop
      vertex 0 11.9397 1
      vertex 10.1503 12.3682 1
      vertex 9.53119 12.8513 1
    endloop
  endfacet
  facet normal 0 0 1
    outer loop
      vertex 0 11.9397 1
      vertex 9.53119 12.8513 1
      vertex 8.88912 13.3035 1
    endloop
  endfacet
  facet normal 0 0 1
    outer loop
      vertex 0 11.9397 1
      vertex 8.88912 13.3035 1
      vertex 8.22564 13.7237 1
    endloop
  endfacet
  facet normal 0 0 1
    outer loop
      vertex 0 11.9397 1
      vertex 8.22564 13.7237 1
      vertex 7.54235 14.1107 1
    endloop
  endfacet
  facet normal 0 0 1
    outer loop
      vertex 0 11.9397 1
      vertex 7.54235 14.1107 1
      vertex 6.84088 14.4638 1
    endloop
  endfacet
  facet normal 0 0 1
    outer loop
      vertex 0 11.9397 1
      vertex 6.84088 14.4638 1
      vertex 6.12293 14.7821 1
    endloop
  endfacet
  facet normal 0 0 1
    outer loop
      vertex 0 11.9397 1
      vertex 6.12293 14.7821 1
      vertex 5.39024 15.0647 1
    endloop
  endfacet
  facet normal 0 0 1
    outer loop
      vertex 0 11.9397 1
      vertex 5.39024 15.0647 1
      vertex 4.64455 15.311 1
    endloop
  endfacet
  facet normal 0 0 1
    outer loop
      vertex 0 11.9397 1
      vertex 4.64455 15.311 1
      vertex 3.88768 15.5205 1
    endloop
  endfacet
  facet normal 0 0 1
    outer loop
      vertex 0 11.9397 1
      vertex 3.88768 15.5205 1
      vertex 3.12144 15.6926 1
    endloop
  endfacet
  facet normal 0 0 1
    outer loop
      vertex 0 11.9397 1
      vertex 3.12144 15.6926 1
      vertex 2.34769 15.8268 1
    endloop
  endfacet
  facet normal 0 0 1
    outer loop
      vertex 0 11.9397 1
      vertex 2.34769 15.8268 1
      vertex 1.56827 15.923 1
    endloop
  endfacet
  facet normal 0 0 1
    outer loop
      vertex 0 11.9397 1
      vertex 1.56827 15.923 1
      vertex 0.785082 15.9807 1
    endloop
  endfacet
  facet normal 0 0 1
    outer loop
      vertex 0 11.9397 1
      vertex 0.785082 15.9807 1
      vertex 0 16 1
    endloop
  endfacet
  facet normal 0 0 1
    outer loop
      vertex 15.6926 -3.12144 1
      vertex 0 11.9397 1
      vertex 15.5768 -3.63708 1
    endloop
  endfacet
  facet normal -0 0 1
    outer loop
      vertex -0.785082 15.9807 1
      vertex 0 11.9397 1
      vertex 0 16 1
    endloop
  endfacet
  facet normal -0 0 1
    outer loop
      vertex -1.56827 15.923 1
      vertex 0 11.9397 1
      vertex -0.785082 15.9807 1
    endloop
  endfacet
  facet normal -0 0 1
    outer loop
      vertex -2.34769 15.8268 1
      vertex 0 11.9397 1
      vertex -1.56827 15.923 1
    endloop
  endfacet
  facet normal -0 0 1
    outer loop
      vertex -3.12144 15.6926 1
      vertex 0 11.9397 1
      vertex -2.34769 15.8268 1
    endloop
  endfacet
  facet normal -0 0 1
    outer loop
      vertex -3.88768 15.5205 1
      vertex 0 11.9397 1
      vertex -3.12144 15.6926 1
    endloop
  endfacet
  facet normal -0 0 1
    outer loop
      vertex -4.64455 15.311 1
      vertex 0 11.9397 1
      vertex -3.88768 15.5205 1
    endloop
  endfacet
  facet normal -0 0 1
    outer loop
      vertex -5.39024 15.0647 1
      vertex 0 11.9397 1
      vertex -4.64455 15.311 1
    endloop
  endfacet
  facet normal -0 0 1
    outer loop
      vertex -6.12293 14.7821 1
      vertex 0 11.9397 1
      vertex -5.39024 15.0647 1
    endloop
  endfacet
  facet normal -0 0 1
    outer loop
      vertex -6.84088 14.4638 1
      vertex 0 11.9397 1
      vertex -6.12293 14.7821 1
    endloop
  endfacet
  facet normal -0 0 1
    outer loop
      vertex -7.54235 14.1107 1
      vertex 0 11.9397 1
      vertex -6.84088 14.4638 1
    endloop
  endfacet
  facet normal -0 0 1
    outer loop
      vertex -8.22564 13.7237 1
      vertex 0 11.9397 1
      vertex -7.54235 14.1107 1
    endloop
  endfacet
  facet normal -0 0 1
    outer loop
      vertex -8.88912 13.3035 1
      vertex 0 11.9397 1
      vertex -8.22564 13.7237 1
    endloop
  endfacet
  facet normal -0 0 1
    outer loop
      vertex -9.53119 12.8513 1
      vertex 0 11.9397 1
      vertex -8.88912 13.3035 1
    endloop
  endfacet
  facet normal -0 0 1
    outer loop
      vertex -10.1503 12.3682 1
      vertex 0 11.9397 1
      vertex -9.53119 12.8513 1
    endloop
  endfacet
  facet normal 0 0 1
    outer loop
      vertex -10.7449 11.8552 1
      vertex 0 11.9397 1
      vertex -10.1503 12.3682 1
    endloop
  endfacet
  facet normal 0 0 1
    outer loop
      vertex -11.3137 11.3137 1
      vertex 0 11.9397 1
      vertex -10.7449 11.8552 1
    endloop
  endfacet
  facet normal 0 0 1
    outer loop
      vertex -11.8552 10.7449 1
      vertex 0 11.9397 1
      vertex -11.3137 11.3137 1
    endloop
  endfacet
  facet normal 0 0 1
    outer loop
      vertex -12.3682 10.1503 1
      vertex 0 11.9397 1
      vertex -11.8552 10.7449 1
    endloop
  endfacet
  facet normal 0 0 1
    outer loop
      vertex -12.8513 9.53119 1
      vertex 0 11.9397 1
      vertex -12.3682 10.1503 1
    endloop
  endfacet
  facet normal 0 0 1
    outer loop
      vertex -13.3035 8.88912 1
      vertex 0 11.9397 1
      vertex -12.8513 9.53119 1
    endloop
  endfacet
  facet normal 0 0 1
    outer loop
      vertex -13.7237 8.22564 1
      vertex 0 11.9397 1
      vertex -13.3035 8.88912 1
    endloop
  endfacet
  facet normal 0 0 1
    outer loop
      vertex -14.1107 7.54235 1
      vertex 0 11.9397 1
      vertex -13.7237 8.22564 1
    endloop
  endfacet
  facet normal 0 0 1
    outer loop
      vertex -14.4638 6.84088 1
      vertex 0 11.9397 1
      vertex -14.1107 7.54235 1
    endloop
  endfacet
  facet normal 0 0 1
    outer loop
      vertex -14.7821 6.12293 1
      vertex 0 11.9397 1
      vertex -14.4638 6.84088 1
    endloop
  endfacet
  facet normal 0 0 1
    outer loop
      vertex -15.0647 5.39024 1
      vertex 0 11.9397 1
      vertex -14.7821 6.12293 1
    endloop
  endfacet
  facet normal 0 0 1
    outer loop
      vertex -15.311 4.64455 1
      vertex 0 11.9397 1
      vertex -15.0647 5.39024 1
    endloop
  endfacet
  facet normal 0 0 1
    outer loop
      vertex -15.5205 3.88768 1
      vertex 0 11.9397 1
      vertex -15.311 4.64455 1
    endloop
  endfacet
  facet normal 0 0 1
    outer loop
      vertex -15.6926 3.12144 1
      vertex 0 11.9397 1
      vertex -15.5205 3.88768 1
    endloop
  endfacet
  facet normal 0 0 1
    outer loop
      vertex -15.8268 2.34769 1
      vertex 0 11.9397 1
      vertex -15.6926 3.12144 1
    endloop
  endfacet
  facet normal 0 0 1
    outer loop
      vertex 0 11.9397 1
      vertex -15.6926 -3.12144 1
      vertex -15.5768 -3.63708 1
    endloop
  endfacet
  facet normal 0 0 1
    outer loop
      vertex -15.923 1.56827 1
      vertex 0 11.9397 1
      vertex -15.8268 2.34769 1
    endloop
  endfacet
  facet normal 0 0 1
    outer loop
      vertex 0 11.9397 1
      vertex -15.8268 -2.34769 1
      vertex -15.6926 -3.12144 1
    endloop
  endfacet
  facet normal 0 0 1
    outer loop
      vertex -15.9807 0.785082 1
      vertex 0 11.9397 1
      vertex -15.923 1.56827 1
    endloop
  endfacet
  facet normal 0 0 1
    outer loop
      vertex 0 11.9397 1
      vertex -15.923 -1.56827 1
      vertex -15.8268 -2.34769 1
    endloop
  endfacet
  facet normal 0 0 1
    outer loop
      vertex -16 0 1
      vertex 0 11.9397 1
      vertex -15.9807 0.785082 1
    endloop
  endfacet
  facet normal 0 0 1
    outer loop
      vertex 0 11.9397 1
      vertex -15.9807 -0.785082 1
      vertex -15.923 -1.56827 1
    endloop
  endfacet
  facet normal 0 0 1
    outer loop
      vertex 0 11.9397 1
      vertex -16 0 1
      vertex -15.9807 -0.785082 1
    endloop
  endfacet
  facet normal 0 0 1
    outer loop
      vertex -21.7539 0.15947 1
      vertex -21.7539 -0.15947 1
      vertex -21.75 0 1
    endloop
  endfacet
  facet normal 0 0 1
    outer loop
      vertex -21.7656 0.318555 1
      vertex -21.7539 -0.15947 1
      vertex -21.7539 0.15947 1
    endloop
  endfacet
  facet normal 0 0 1
    outer loop
      vertex -21.7656 0.318555 1
      vertex -21.7656 -0.318555 1
      vertex -21.7539 -0.15947 1
    endloop
  endfacet
  facet normal 0 0 1
    outer loop
      vertex -21.7852 0.476873 1
      vertex -21.7656 -0.318555 1
      vertex -21.7656 0.318555 1
    endloop
  endfacet
  facet normal 0 0 1
    outer loop
      vertex -21.7852 0.476873 1
      vertex -21.7852 -0.476873 1
      vertex -21.7656 -0.318555 1
    endloop
  endfacet
  facet normal 0 0 1
    outer loop
      vertex -21.8124 0.634043 1
      vertex -21.7852 -0.476873 1
      vertex -21.7852 0.476873 1
    endloop
  endfacet
  facet normal 0 0 1
    outer loop
      vertex -21.8124 0.634043 1
      vertex -21.8124 -0.634043 1
      vertex -21.7852 -0.476873 1
    endloop
  endfacet
  facet normal 0 0 1
    outer loop
      vertex -21.8474 0.789685 1
      vertex -21.8124 -0.634043 1
      vertex -21.8124 0.634043 1
    endloop
  endfacet
  facet normal 0 0 1
    outer loop
      vertex -21.8474 0.789685 1
      vertex -21.8474 -0.789685 1
      vertex -21.8124 -0.634043 1
    endloop
  endfacet
  facet normal 0 0 1
    outer loop
      vertex -21.8899 0.943425 1
      vertex -21.8474 -0.789685 1
      vertex -21.8474 0.789685 1
    endloop
  endfacet
  facet normal 0 0 1
    outer loop
      vertex -21.8899 0.943425 1
      vertex -21.8899 -0.943425 1
      vertex -21.8474 -0.789685 1
    endloop
  endfacet
  facet normal 0 0 1
    outer loop
      vertex -21.94 1.09489 1
      vertex -21.8899 -0.943425 1
      vertex -21.8899 0.943425 1
    endloop
  endfacet
  facet normal 0 0 1
    outer loop
      vertex -21.94 1.09489 1
      vertex -21.94 -1.09489 1
      vertex -21.8899 -0.943425 1
    endloop
  endfacet
  facet normal 0 0 1
    outer loop
      vertex -21.9974 1.24372 1
      vertex -21.94 -1.09489 1
      vertex -21.94 1.09489 1
    endloop
  endfacet
  facet normal 0 0 1
    outer loop
      vertex -21.9974 1.24372 1
      vertex -21.9974 -1.24372 1
      vertex -21.94 -1.09489 1
    endloop
  endfacet
  facet normal 0 0 1
    outer loop
      vertex -22.062 1.38955 1
      vertex -21.9974 -1.24372 1
      vertex -21.9974 1.24372 1
    endloop
  endfacet
  facet normal 0 0 1
    outer loop
      vertex -22.062 1.38955 1
      vertex -22.062 -1.38955 1
      vertex -21.9974 -1.24372 1
    endloop
  endfacet
  facet normal 0 0 1
    outer loop
      vertex -22.1338 1.53204 1
      vertex -22.062 -1.38955 1
      vertex -22.062 1.38955 1
    endloop
  endfacet
  facet normal 0 0 1
    outer loop
      vertex -22.1338 1.53204 1
      vertex -22.1338 -1.53204 1
      vertex -22.062 -1.38955 1
    endloop
  endfacet
  facet normal 0 0 1
    outer loop
      vertex -22.2124 1.67083 1
      vertex -22.1338 -1.53204 1
      vertex -22.1338 1.53204 1
    endloop
  endfacet
  facet normal 0 0 1
    outer loop
      vertex -22.2124 1.67083 1
      vertex -22.2124 -1.67083 1
      vertex -22.1338 -1.53204 1
    endloop
  endfacet
  facet normal 0 0 1
    outer loop
      vertex -22.2977 1.8056 1
      vertex -22.2124 -1.67083 1
      vertex -22.2124 1.67083 1
    endloop
  endfacet
  facet normal 0 0 1
    outer loop
      vertex -22.2977 1.8056 1
      vertex -22.2977 -1.8056 1
      vertex -22.2124 -1.67083 1
    endloop
  endfacet
  facet normal 0 0 1
    outer loop
      vertex -22.3896 1.93602 1
      vertex -22.2977 -1.8056 1
      vertex -22.2977 1.8056 1
    endloop
  endfacet
  facet normal 0 0 1
    outer loop
      vertex -22.3896 1.93602 1
      vertex -22.3896 -1.93602 1
      vertex -22.2977 -1.8056 1
    endloop
  endfacet
  facet normal 0 0 1
    outer loop
      vertex -22.4877 2.06178 1
      vertex -22.3896 -1.93602 1
      vertex -22.3896 1.93602 1
    endloop
  endfacet
  facet normal 0 0 1
    outer loop
      vertex -22.4877 2.06178 1
      vertex -22.4877 -2.06178 1
      vertex -22.3896 -1.93602 1
    endloop
  endfacet
  facet normal 0 0 1
    outer loop
      vertex -22.5919 2.18257 1
      vertex -22.4877 -2.06178 1
      vertex -22.4877 2.06178 1
    endloop
  endfacet
  facet normal 0 0 1
    outer loop
      vertex -22.5919 2.18257 1
      vertex -22.5919 -2.18257 1
      vertex -22.4877 -2.06178 1
    endloop
  endfacet
  facet normal 0 0 1
    outer loop
      vertex -22.7019 2.2981 1
      vertex -22.5919 -2.18257 1
      vertex -22.5919 2.18257 1
    endloop
  endfacet
  facet normal 0 0 1
    outer loop
      vertex -22.7019 2.2981 1
      vertex -22.7019 -2.2981 1
      vertex -22.5919 -2.18257 1
    endloop
  endfacet
  facet normal 0 0 1
    outer loop
      vertex -22.8174 2.40809 1
      vertex -22.7019 -2.2981 1
      vertex -22.7019 2.2981 1
    endloop
  endfacet
  facet normal 0 0 1
    outer loop
      vertex -22.8174 2.40809 1
      vertex -22.8174 -2.40809 1
      vertex -22.7019 -2.2981 1
    endloop
  endfacet
  facet normal 0 0 1
    outer loop
      vertex -22.9382 2.51228 1
      vertex -22.8174 -2.40809 1
      vertex -22.8174 2.40809 1
    endloop
  endfacet
  facet normal 0 0 1
    outer loop
      vertex -22.9382 2.51228 1
      vertex -22.9382 -2.51228 1
      vertex -22.8174 -2.40809 1
    endloop
  endfacet
  facet normal 0 0 1
    outer loop
      vertex -23.064 2.61042 1
      vertex -22.9382 -2.51228 1
      vertex -22.9382 2.51228 1
    endloop
  endfacet
  facet normal 0 0 1
    outer loop
      vertex -23.064 2.61042 1
      vertex -23.064 -2.61042 1
      vertex -22.9382 -2.51228 1
    endloop
  endfacet
  facet normal 0 0 1
    outer loop
      vertex -23.1944 2.70228 1
      vertex -23.064 -2.61042 1
      vertex -23.064 2.61042 1
    endloop
  endfacet
  facet normal 0 0 1
    outer loop
      vertex -23.1944 2.70228 1
      vertex -23.1944 -2.70228 1
      vertex -23.064 -2.61042 1
    endloop
  endfacet
  facet normal 0 0 1
    outer loop
      vertex -23.3292 2.78762 1
      vertex -23.1944 -2.70228 1
      vertex -23.1944 2.70228 1
    endloop
  endfacet
  facet normal 0 0 1
    outer loop
      vertex -23.3292 2.78762 1
      vertex -23.3292 -2.78762 1
      vertex -23.1944 -2.70228 1
    endloop
  endfacet
  facet normal 0 0 1
    outer loop
      vertex -23.468 2.86624 1
      vertex -23.3292 -2.78762 1
      vertex -23.3292 2.78762 1
    endloop
  endfacet
  facet normal 0 0 1
    outer loop
      vertex -23.468 2.86624 1
      vertex -23.468 -2.86624 1
      vertex -23.3292 -2.78762 1
    endloop
  endfacet
  facet normal 0 0 1
    outer loop
      vertex -23.6104 2.93796 1
      vertex -23.468 -2.86624 1
      vertex -23.468 2.86624 1
    endloop
  endfacet
  facet normal 0 0 1
    outer loop
      vertex -23.6104 2.93796 1
      vertex -23.6104 -2.93796 1
      vertex -23.468 -2.86624 1
    endloop
  endfacet
  facet normal 0 0 1
    outer loop
      vertex -23.7563 3.00261 1
      vertex -23.6104 -2.93796 1
      vertex -23.6104 2.93796 1
    endloop
  endfacet
  facet normal 0 0 1
    outer loop
      vertex -23.7563 3.00261 1
      vertex -23.7563 -3.00261 1
      vertex -23.6104 -2.93796 1
    endloop
  endfacet
  facet normal 0 0 1
    outer loop
      vertex -23.8995 3.05785 1
      vertex -23.7563 -3.00261 1
      vertex -23.7563 3.00261 1
    endloop
  endfacet
  facet normal 0 0 1
    outer loop
      vertex -23.7563 -3.00261 1
      vertex -23.8995 3.05785 1
      vertex -23.8995 -3.05785 1
    endloop
  endfacet
  facet normal 0 0 1
    outer loop
      vertex 3.24609 -24.8405 1
      vertex 3.24609 -25.1595 1
      vertex 3.25 -25 1
    endloop
  endfacet
  facet normal 0 0 1
    outer loop
      vertex 3.23435 -24.6814 1
      vertex 3.24609 -25.1595 1
      vertex 3.24609 -24.8405 1
    endloop
  endfacet
  facet normal 0 0 1
    outer loop
      vertex 3.23435 -24.6814 1
      vertex 3.23435 -25.3186 1
      vertex 3.24609 -25.1595 1
    endloop
  endfacet
  facet normal 0 0 1
    outer loop
      vertex 3.21482 -24.5231 1
      vertex 3.23435 -25.3186 1
      vertex 3.23435 -24.6814 1
    endloop
  endfacet
  facet normal 0 0 1
    outer loop
      vertex 3.21482 -24.5231 1
      vertex 3.21482 -25.4769 1
      vertex 3.23435 -25.3186 1
    endloop
  endfacet
  facet normal 0 0 1
    outer loop
      vertex 3.18755 -24.366 1
      vertex 3.21482 -25.4769 1
      vertex 3.21482 -24.5231 1
    endloop
  endfacet
  facet normal 0 0 1
    outer loop
      vertex 3.18755 -24.366 1
      vertex 3.18755 -25.634 1
      vertex 3.21482 -25.4769 1
    endloop
  endfacet
  facet normal 0 0 1
    outer loop
      vertex 3.1526 -24.2103 1
      vertex 3.18755 -25.634 1
      vertex 3.18755 -24.366 1
    endloop
  endfacet
  facet normal 0 0 1
    outer loop
      vertex 3.1526 -24.2103 1
      vertex 3.1526 -25.7897 1
      vertex 3.18755 -25.634 1
    endloop
  endfacet
  facet normal 0 0 1
    outer loop
      vertex 3.1526 -24.2103 1
      vertex 3.12221 -25.8995 1
      vertex 3.1526 -25.7897 1
    endloop
  endfacet
  facet normal 0 0 1
    outer loop
      vertex 3.11006 -24.0566 1
      vertex 3.12221 -25.8995 1
      vertex 3.1526 -24.2103 1
    endloop
  endfacet
  facet normal 0 0 1
    outer loop
      vertex 3.06002 -23.9051 1
      vertex 3.12221 -25.8995 1
      vertex 3.11006 -24.0566 1
    endloop
  endfacet
  facet normal 0 0 1
    outer loop
      vertex 3.00261 -23.7563 1
      vertex 3.12221 -25.8995 1
      vertex 3.06002 -23.9051 1
    endloop
  endfacet
  facet normal 0 0 1
    outer loop
      vertex 2.93796 -23.6104 1
      vertex 3.12221 -25.8995 1
      vertex 3.00261 -23.7563 1
    endloop
  endfacet
  facet normal 0 0 1
    outer loop
      vertex 2.86624 -23.468 1
      vertex 3.12221 -25.8995 1
      vertex 2.93796 -23.6104 1
    endloop
  endfacet
  facet normal 0 0 1
    outer loop
      vertex 2.78762 -23.3292 1
      vertex 3.12221 -25.8995 1
      vertex 2.86624 -23.468 1
    endloop
  endfacet
  facet normal 0 0 1
    outer loop
      vertex 2.70228 -23.1944 1
      vertex 3.12221 -25.8995 1
      vertex 2.78762 -23.3292 1
    endloop
  endfacet
  facet normal 0 0 1
    outer loop
      vertex 2.61042 -23.064 1
      vertex 3.12221 -25.8995 1
      vertex 2.70228 -23.1944 1
    endloop
  endfacet
  facet normal 0 0 1
    outer loop
      vertex 2.51228 -22.9382 1
      vertex 3.12221 -25.8995 1
      vertex 2.61042 -23.064 1
    endloop
  endfacet
  facet normal 0 0 1
    outer loop
      vertex 2.40809 -22.8174 1
      vertex 3.12221 -25.8995 1
      vertex 2.51228 -22.9382 1
    endloop
  endfacet
  facet normal 0 0 1
    outer loop
      vertex 2.2981 -22.7019 1
      vertex 3.12221 -25.8995 1
      vertex 2.40809 -22.8174 1
    endloop
  endfacet
  facet normal 0 0 1
    outer loop
      vertex 2.18257 -22.5919 1
      vertex 3.12221 -25.8995 1
      vertex 2.2981 -22.7019 1
    endloop
  endfacet
  facet normal 0 0 1
    outer loop
      vertex 2.06178 -22.4877 1
      vertex 3.12221 -25.8995 1
      vertex 2.18257 -22.5919 1
    endloop
  endfacet
  facet normal 0 0 1
    outer loop
      vertex 1.93602 -22.3896 1
      vertex 3.12221 -25.8995 1
      vertex 2.06178 -22.4877 1
    endloop
  endfacet
  facet normal 0 0 1
    outer loop
      vertex 1.8056 -22.2977 1
      vertex 3.12221 -25.8995 1
      vertex 1.93602 -22.3896 1
    endloop
  endfacet
  facet normal 0 0 1
    outer loop
      vertex 1.67083 -22.2124 1
      vertex 3.12221 -25.8995 1
      vertex 1.8056 -22.2977 1
    endloop
  endfacet
  facet normal 0 0 1
    outer loop
      vertex 1.53204 -22.1338 1
      vertex 3.12221 -25.8995 1
      vertex 1.67083 -22.2124 1
    endloop
  endfacet
  facet normal 0 0 1
    outer loop
      vertex 1.38955 -22.062 1
      vertex 3.12221 -25.8995 1
      vertex 1.53204 -22.1338 1
    endloop
  endfacet
  facet normal 0 0 1
    outer loop
      vertex 1.24372 -21.9974 1
      vertex 3.12221 -25.8995 1
      vertex 1.38955 -22.062 1
    endloop
  endfacet
  facet normal 0 0 1
    outer loop
      vertex 1.09489 -21.94 1
      vertex 3.12221 -25.8995 1
      vertex 1.24372 -21.9974 1
    endloop
  endfacet
  facet normal 0 0 1
    outer loop
      vertex 0.943425 -21.8899 1
      vertex 3.12221 -25.8995 1
      vertex 1.09489 -21.94 1
    endloop
  endfacet
  facet normal 0 0 1
    outer loop
      vertex 0.789685 -21.8474 1
      vertex 3.12221 -25.8995 1
      vertex 0.943425 -21.8899 1
    endloop
  endfacet
  facet normal 0 0 1
    outer loop
      vertex 0.634043 -21.8124 1
      vertex 3.12221 -25.8995 1
      vertex 0.789685 -21.8474 1
    endloop
  endfacet
  facet normal 0 0 1
    outer loop
      vertex 0.476873 -21.7852 1
      vertex 3.12221 -25.8995 1
      vertex 0.634043 -21.8124 1
    endloop
  endfacet
  facet normal 0 0 1
    outer loop
      vertex 0.318555 -21.7656 1
      vertex 3.12221 -25.8995 1
      vertex 0.476873 -21.7852 1
    endloop
  endfacet
  facet normal 0 0 1
    outer loop
      vertex 0.15947 -21.7539 1
      vertex 3.12221 -25.8995 1
      vertex 0.318555 -21.7656 1
    endloop
  endfacet
  facet normal 0 0 1
    outer loop
      vertex 0 -21.75 1
      vertex 3.12221 -25.8995 1
      vertex 0.15947 -21.7539 1
    endloop
  endfacet
  facet normal -0 0 1
    outer loop
      vertex -0.15947 -21.7539 1
      vertex 3.12221 -25.8995 1
      vertex 0 -21.75 1
    endloop
  endfacet
  facet normal -0 0 1
    outer loop
      vertex -0.318555 -21.7656 1
      vertex 3.12221 -25.8995 1
      vertex -0.15947 -21.7539 1
    endloop
  endfacet
  facet normal -0 0 1
    outer loop
      vertex -0.476873 -21.7852 1
      vertex 3.12221 -25.8995 1
      vertex -0.318555 -21.7656 1
    endloop
  endfacet
  facet normal -0 0 1
    outer loop
      vertex -0.634043 -21.8124 1
      vertex 3.12221 -25.8995 1
      vertex -0.476873 -21.7852 1
    endloop
  endfacet
  facet normal -0 0 1
    outer loop
      vertex -0.789685 -21.8474 1
      vertex 3.12221 -25.8995 1
      vertex -0.634043 -21.8124 1
    endloop
  endfacet
  facet normal -0 0 1
    outer loop
      vertex -0.943425 -21.8899 1
      vertex 3.12221 -25.8995 1
      vertex -0.789685 -21.8474 1
    endloop
  endfacet
  facet normal -0 0 1
    outer loop
      vertex -1.09489 -21.94 1
      vertex 3.12221 -25.8995 1
      vertex -0.943425 -21.8899 1
    endloop
  endfacet
  facet normal -0 0 1
    outer loop
      vertex -1.24372 -21.9974 1
      vertex 3.12221 -25.8995 1
      vertex -1.09489 -21.94 1
    endloop
  endfacet
  facet normal -0 0 1
    outer loop
      vertex -1.38955 -22.062 1
      vertex 3.12221 -25.8995 1
      vertex -1.24372 -21.9974 1
    endloop
  endfacet
  facet normal -0 0 1
    outer loop
      vertex -1.53204 -22.1338 1
      vertex 3.12221 -25.8995 1
      vertex -1.38955 -22.062 1
    endloop
  endfacet
  facet normal -0 0 1
    outer loop
      vertex -1.67083 -22.2124 1
      vertex 3.12221 -25.8995 1
      vertex -1.53204 -22.1338 1
    endloop
  endfacet
  facet normal -0 0 1
    outer loop
      vertex -1.8056 -22.2977 1
      vertex 3.12221 -25.8995 1
      vertex -1.67083 -22.2124 1
    endloop
  endfacet
  facet normal -0 0 1
    outer loop
      vertex -1.93602 -22.3896 1
      vertex 3.12221 -25.8995 1
      vertex -1.8056 -22.2977 1
    endloop
  endfacet
  facet normal -0 0 1
    outer loop
      vertex -2.06178 -22.4877 1
      vertex 3.12221 -25.8995 1
      vertex -1.93602 -22.3896 1
    endloop
  endfacet
  facet normal -0 0 1
    outer loop
      vertex -2.18257 -22.5919 1
      vertex 3.12221 -25.8995 1
      vertex -2.06178 -22.4877 1
    endloop
  endfacet
  facet normal -0 0 1
    outer loop
      vertex -2.2981 -22.7019 1
      vertex 3.12221 -25.8995 1
      vertex -2.18257 -22.5919 1
    endloop
  endfacet
  facet normal -0 0 1
    outer loop
      vertex -2.40809 -22.8174 1
      vertex 3.12221 -25.8995 1
      vertex -2.2981 -22.7019 1
    endloop
  endfacet
  facet normal -0 0 1
    outer loop
      vertex -2.51228 -22.9382 1
      vertex 3.12221 -25.8995 1
      vertex -2.40809 -22.8174 1
    endloop
  endfacet
  facet normal -0 0 1
    outer loop
      vertex -2.61042 -23.064 1
      vertex 3.12221 -25.8995 1
      vertex -2.51228 -22.9382 1
    endloop
  endfacet
  facet normal -0 0 1
    outer loop
      vertex -2.70228 -23.1944 1
      vertex 3.12221 -25.8995 1
      vertex -2.61042 -23.064 1
    endloop
  endfacet
  facet normal -0 0 1
    outer loop
      vertex -2.78762 -23.3292 1
      vertex 3.12221 -25.8995 1
      vertex -2.70228 -23.1944 1
    endloop
  endfacet
  facet normal -0 0 1
    outer loop
      vertex -2.86624 -23.468 1
      vertex 3.12221 -25.8995 1
      vertex -2.78762 -23.3292 1
    endloop
  endfacet
  facet normal -0 0 1
    outer loop
      vertex -2.93796 -23.6104 1
      vertex 3.12221 -25.8995 1
      vertex -2.86624 -23.468 1
    endloop
  endfacet
  facet normal -0 0 1
    outer loop
      vertex -3.00261 -23.7563 1
      vertex 3.12221 -25.8995 1
      vertex -2.93796 -23.6104 1
    endloop
  endfacet
  facet normal -0 0 1
    outer loop
      vertex -3.06002 -23.9051 1
      vertex 3.12221 -25.8995 1
      vertex -3.00261 -23.7563 1
    endloop
  endfacet
  facet normal -0 0 1
    outer loop
      vertex -3.11006 -24.0566 1
      vertex 3.12221 -25.8995 1
      vertex -3.06002 -23.9051 1
    endloop
  endfacet
  facet normal 0 0 1
    outer loop
      vertex -3.11006 -24.0566 1
      vertex -3.12221 -25.8995 1
      vertex 3.12221 -25.8995 1
    endloop
  endfacet
  facet normal -0 0 1
    outer loop
      vertex -3.1526 -24.2103 1
      vertex -3.12221 -25.8995 1
      vertex -3.11006 -24.0566 1
    endloop
  endfacet
  facet normal 0 0 1
    outer loop
      vertex -3.1526 -24.2103 1
      vertex -3.1526 -25.7897 1
      vertex -3.12221 -25.8995 1
    endloop
  endfacet
  facet normal -0 0 1
    outer loop
      vertex -3.18755 -24.366 1
      vertex -3.1526 -25.7897 1
      vertex -3.1526 -24.2103 1
    endloop
  endfacet
  facet normal 0 0 1
    outer loop
      vertex -3.18755 -24.366 1
      vertex -3.18755 -25.634 1
      vertex -3.1526 -25.7897 1
    endloop
  endfacet
  facet normal -0 0 1
    outer loop
      vertex -3.21482 -24.5231 1
      vertex -3.18755 -25.634 1
      vertex -3.18755 -24.366 1
    endloop
  endfacet
  facet normal 0 0 1
    outer loop
      vertex -3.21482 -24.5231 1
      vertex -3.21482 -25.4769 1
      vertex -3.18755 -25.634 1
    endloop
  endfacet
  facet normal -0 0 1
    outer loop
      vertex -3.23435 -24.6814 1
      vertex -3.21482 -25.4769 1
      vertex -3.21482 -24.5231 1
    endloop
  endfacet
  facet normal 0 0 1
    outer loop
      vertex -3.23435 -24.6814 1
      vertex -3.23435 -25.3186 1
      vertex -3.21482 -25.4769 1
    endloop
  endfacet
  facet normal -0 0 1
    outer loop
      vertex -3.24609 -24.8405 1
      vertex -3.23435 -25.3186 1
      vertex -3.23435 -24.6814 1
    endloop
  endfacet
  facet normal 0 0 1
    outer loop
      vertex -3.24609 -24.8405 1
      vertex -3.24609 -25.1595 1
      vertex -3.23435 -25.3186 1
    endloop
  endfacet
  facet normal 0 -0 1
    outer loop
      vertex -3.24609 -25.1595 1
      vertex -3.24609 -24.8405 1
      vertex -3.25 -25 1
    endloop
  endfacet
  facet normal 0 0 1
    outer loop
      vertex 3.24609 25.1595 1
      vertex 3.24609 24.8405 1
      vertex 3.25 25 1
    endloop
  endfacet
  facet normal 0 0 1
    outer loop
      vertex 3.23435 25.3186 1
      vertex 3.24609 24.8405 1
      vertex 3.24609 25.1595 1
    endloop
  endfacet
  facet normal 0 0 1
    outer loop
      vertex 3.23435 25.3186 1
      vertex 3.23435 24.6814 1
      vertex 3.24609 24.8405 1
    endloop
  endfacet
  facet normal 0 0 1
    outer loop
      vertex 3.21482 25.4769 1
      vertex 3.23435 24.6814 1
      vertex 3.23435 25.3186 1
    endloop
  endfacet
  facet normal 0 0 1
    outer loop
      vertex 3.21482 25.4769 1
      vertex 3.21482 24.5231 1
      vertex 3.23435 24.6814 1
    endloop
  endfacet
  facet normal 0 0 1
    outer loop
      vertex 3.18755 25.634 1
      vertex 3.21482 24.5231 1
      vertex 3.21482 25.4769 1
    endloop
  endfacet
  facet normal 0 0 1
    outer loop
      vertex 3.18755 25.634 1
      vertex 3.18755 24.366 1
      vertex 3.21482 24.5231 1
    endloop
  endfacet
  facet normal 0 0 1
    outer loop
      vertex 3.1526 25.7897 1
      vertex 3.18755 24.366 1
      vertex 3.18755 25.634 1
    endloop
  endfacet
  facet normal 0 0 1
    outer loop
      vertex 3.1526 25.7897 1
      vertex 3.1526 24.2103 1
      vertex 3.18755 24.366 1
    endloop
  endfacet
  facet normal 0 0 1
    outer loop
      vertex 3.12221 25.8995 1
      vertex 3.1526 24.2103 1
      vertex 3.1526 25.7897 1
    endloop
  endfacet
  facet normal 0 0 1
    outer loop
      vertex 3.12221 25.8995 1
      vertex 3.11006 24.0566 1
      vertex 3.1526 24.2103 1
    endloop
  endfacet
  facet normal 0 0 1
    outer loop
      vertex 3.12221 25.8995 1
      vertex 3.06002 23.9051 1
      vertex 3.11006 24.0566 1
    endloop
  endfacet
  facet normal 0 0 1
    outer loop
      vertex 3.12221 25.8995 1
      vertex 3.00261 23.7563 1
      vertex 3.06002 23.9051 1
    endloop
  endfacet
  facet normal 0 0 1
    outer loop
      vertex 3.12221 25.8995 1
      vertex 2.93796 23.6104 1
      vertex 3.00261 23.7563 1
    endloop
  endfacet
  facet normal 0 0 1
    outer loop
      vertex 3.12221 25.8995 1
      vertex 2.86624 23.468 1
      vertex 2.93796 23.6104 1
    endloop
  endfacet
  facet normal 0 0 1
    outer loop
      vertex 3.12221 25.8995 1
      vertex 2.78762 23.3292 1
      vertex 2.86624 23.468 1
    endloop
  endfacet
  facet normal 0 0 1
    outer loop
      vertex 3.12221 25.8995 1
      vertex 2.70228 23.1944 1
      vertex 2.78762 23.3292 1
    endloop
  endfacet
  facet normal 0 0 1
    outer loop
      vertex 3.12221 25.8995 1
      vertex 2.61042 23.064 1
      vertex 2.70228 23.1944 1
    endloop
  endfacet
  facet normal 0 0 1
    outer loop
      vertex 3.12221 25.8995 1
      vertex 2.51228 22.9382 1
      vertex 2.61042 23.064 1
    endloop
  endfacet
  facet normal 0 0 1
    outer loop
      vertex 3.12221 25.8995 1
      vertex 2.40809 22.8174 1
      vertex 2.51228 22.9382 1
    endloop
  endfacet
  facet normal 0 0 1
    outer loop
      vertex 3.12221 25.8995 1
      vertex 2.2981 22.7019 1
      vertex 2.40809 22.8174 1
    endloop
  endfacet
  facet normal 0 0 1
    outer loop
      vertex 3.12221 25.8995 1
      vertex 2.18257 22.5919 1
      vertex 2.2981 22.7019 1
    endloop
  endfacet
  facet normal 0 0 1
    outer loop
      vertex 3.12221 25.8995 1
      vertex 2.06178 22.4877 1
      vertex 2.18257 22.5919 1
    endloop
  endfacet
  facet normal 0 0 1
    outer loop
      vertex 3.12221 25.8995 1
      vertex 1.93602 22.3896 1
      vertex 2.06178 22.4877 1
    endloop
  endfacet
  facet normal 0 0 1
    outer loop
      vertex 3.12221 25.8995 1
      vertex 1.8056 22.2977 1
      vertex 1.93602 22.3896 1
    endloop
  endfacet
  facet normal 0 0 1
    outer loop
      vertex 3.12221 25.8995 1
      vertex 1.67083 22.2124 1
      vertex 1.8056 22.2977 1
    endloop
  endfacet
  facet normal 0 0 1
    outer loop
      vertex 3.12221 25.8995 1
      vertex 1.53204 22.1338 1
      vertex 1.67083 22.2124 1
    endloop
  endfacet
  facet normal 0 0 1
    outer loop
      vertex 3.12221 25.8995 1
      vertex 1.38955 22.062 1
      vertex 1.53204 22.1338 1
    endloop
  endfacet
  facet normal 0 0 1
    outer loop
      vertex 3.12221 25.8995 1
      vertex 1.24372 21.9974 1
      vertex 1.38955 22.062 1
    endloop
  endfacet
  facet normal 0 0 1
    outer loop
      vertex 3.12221 25.8995 1
      vertex 1.09489 21.94 1
      vertex 1.24372 21.9974 1
    endloop
  endfacet
  facet normal 0 0 1
    outer loop
      vertex 3.12221 25.8995 1
      vertex 0.943425 21.8899 1
      vertex 1.09489 21.94 1
    endloop
  endfacet
  facet normal 0 0 1
    outer loop
      vertex 3.12221 25.8995 1
      vertex 0.789685 21.8474 1
      vertex 0.943425 21.8899 1
    endloop
  endfacet
  facet normal 0 0 1
    outer loop
      vertex 3.12221 25.8995 1
      vertex 0.634043 21.8124 1
      vertex 0.789685 21.8474 1
    endloop
  endfacet
  facet normal 0 0 1
    outer loop
      vertex 3.12221 25.8995 1
      vertex 0.476873 21.7852 1
      vertex 0.634043 21.8124 1
    endloop
  endfacet
  facet normal 0 0 1
    outer loop
      vertex 3.12221 25.8995 1
      vertex 0.318555 21.7656 1
      vertex 0.476873 21.7852 1
    endloop
  endfacet
  facet normal 0 0 1
    outer loop
      vertex 3.12221 25.8995 1
      vertex 0.15947 21.7539 1
      vertex 0.318555 21.7656 1
    endloop
  endfacet
  facet normal 0 0 1
    outer loop
      vertex 3.12221 25.8995 1
      vertex 0 21.75 1
      vertex 0.15947 21.7539 1
    endloop
  endfacet
  facet normal 0 0 1
    outer loop
      vertex 3.12221 25.8995 1
      vertex -0.15947 21.7539 1
      vertex 0 21.75 1
    endloop
  endfacet
  facet normal 0 0 1
    outer loop
      vertex 3.12221 25.8995 1
      vertex -0.318555 21.7656 1
      vertex -0.15947 21.7539 1
    endloop
  endfacet
  facet normal 0 0 1
    outer loop
      vertex 3.12221 25.8995 1
      vertex -0.476873 21.7852 1
      vertex -0.318555 21.7656 1
    endloop
  endfacet
  facet normal 0 0 1
    outer loop
      vertex 3.12221 25.8995 1
      vertex -0.634043 21.8124 1
      vertex -0.476873 21.7852 1
    endloop
  endfacet
  facet normal 0 0 1
    outer loop
      vertex 3.12221 25.8995 1
      vertex -0.789685 21.8474 1
      vertex -0.634043 21.8124 1
    endloop
  endfacet
  facet normal 0 0 1
    outer loop
      vertex 3.12221 25.8995 1
      vertex -0.943425 21.8899 1
      vertex -0.789685 21.8474 1
    endloop
  endfacet
  facet normal 0 0 1
    outer loop
      vertex 3.12221 25.8995 1
      vertex -1.09489 21.94 1
      vertex -0.943425 21.8899 1
    endloop
  endfacet
  facet normal 0 0 1
    outer loop
      vertex 3.12221 25.8995 1
      vertex -1.24372 21.9974 1
      vertex -1.09489 21.94 1
    endloop
  endfacet
  facet normal 0 0 1
    outer loop
      vertex 3.12221 25.8995 1
      vertex -1.38955 22.062 1
      vertex -1.24372 21.9974 1
    endloop
  endfacet
  facet normal 0 0 1
    outer loop
      vertex 3.12221 25.8995 1
      vertex -1.53204 22.1338 1
      vertex -1.38955 22.062 1
    endloop
  endfacet
  facet normal 0 0 1
    outer loop
      vertex 3.12221 25.8995 1
      vertex -1.67083 22.2124 1
      vertex -1.53204 22.1338 1
    endloop
  endfacet
  facet normal 0 0 1
    outer loop
      vertex 3.12221 25.8995 1
      vertex -1.8056 22.2977 1
      vertex -1.67083 22.2124 1
    endloop
  endfacet
  facet normal 0 0 1
    outer loop
      vertex 3.12221 25.8995 1
      vertex -1.93602 22.3896 1
      vertex -1.8056 22.2977 1
    endloop
  endfacet
  facet normal 0 0 1
    outer loop
      vertex 3.12221 25.8995 1
      vertex -2.06178 22.4877 1
      vertex -1.93602 22.3896 1
    endloop
  endfacet
  facet normal 0 0 1
    outer loop
      vertex 3.12221 25.8995 1
      vertex -2.18257 22.5919 1
      vertex -2.06178 22.4877 1
    endloop
  endfacet
  facet normal 0 0 1
    outer loop
      vertex 3.12221 25.8995 1
      vertex -2.2981 22.7019 1
      vertex -2.18257 22.5919 1
    endloop
  endfacet
  facet normal 0 0 1
    outer loop
      vertex 3.12221 25.8995 1
      vertex -2.40809 22.8174 1
      vertex -2.2981 22.7019 1
    endloop
  endfacet
  facet normal 0 0 1
    outer loop
      vertex 3.12221 25.8995 1
      vertex -2.51228 22.9382 1
      vertex -2.40809 22.8174 1
    endloop
  endfacet
  facet normal 0 0 1
    outer loop
      vertex 3.12221 25.8995 1
      vertex -2.61042 23.064 1
      vertex -2.51228 22.9382 1
    endloop
  endfacet
  facet normal 0 0 1
    outer loop
      vertex 3.12221 25.8995 1
      vertex -2.70228 23.1944 1
      vertex -2.61042 23.064 1
    endloop
  endfacet
  facet normal 0 0 1
    outer loop
      vertex 3.12221 25.8995 1
      vertex -2.78762 23.3292 1
      vertex -2.70228 23.1944 1
    endloop
  endfacet
  facet normal 0 0 1
    outer loop
      vertex 3.12221 25.8995 1
      vertex -2.86624 23.468 1
      vertex -2.78762 23.3292 1
    endloop
  endfacet
  facet normal 0 0 1
    outer loop
      vertex 3.12221 25.8995 1
      vertex -2.93796 23.6104 1
      vertex -2.86624 23.468 1
    endloop
  endfacet
  facet normal 0 0 1
    outer loop
      vertex 3.12221 25.8995 1
      vertex -3.00261 23.7563 1
      vertex -2.93796 23.6104 1
    endloop
  endfacet
  facet normal 0 0 1
    outer loop
      vertex 3.12221 25.8995 1
      vertex -3.06002 23.9051 1
      vertex -3.00261 23.7563 1
    endloop
  endfacet
  facet normal 0 0 1
    outer loop
      vertex 3.12221 25.8995 1
      vertex -3.11006 24.0566 1
      vertex -3.06002 23.9051 1
    endloop
  endfacet
  facet normal -0 0 1
    outer loop
      vertex -3.12221 25.8995 1
      vertex -3.11006 24.0566 1
      vertex 3.12221 25.8995 1
    endloop
  endfacet
  facet normal -0 0 1
    outer loop
      vertex -3.1526 25.7897 1
      vertex -3.11006 24.0566 1
      vertex -3.12221 25.8995 1
    endloop
  endfacet
  facet normal 0 0 1
    outer loop
      vertex -3.1526 25.7897 1
      vertex -3.1526 24.2103 1
      vertex -3.11006 24.0566 1
    endloop
  endfacet
  facet normal -0 0 1
    outer loop
      vertex -3.18755 25.634 1
      vertex -3.1526 24.2103 1
      vertex -3.1526 25.7897 1
    endloop
  endfacet
  facet normal 0 0 1
    outer loop
      vertex -3.18755 25.634 1
      vertex -3.18755 24.366 1
      vertex -3.1526 24.2103 1
    endloop
  endfacet
  facet normal -0 0 1
    outer loop
      vertex -3.21482 25.4769 1
      vertex -3.18755 24.366 1
      vertex -3.18755 25.634 1
    endloop
  endfacet
  facet normal 0 0 1
    outer loop
      vertex -3.21482 25.4769 1
      vertex -3.21482 24.5231 1
      vertex -3.18755 24.366 1
    endloop
  endfacet
  facet normal -0 0 1
    outer loop
      vertex -3.23435 25.3186 1
      vertex -3.21482 24.5231 1
      vertex -3.21482 25.4769 1
    endloop
  endfacet
  facet normal 0 0 1
    outer loop
      vertex -3.23435 25.3186 1
      vertex -3.23435 24.6814 1
      vertex -3.21482 24.5231 1
    endloop
  endfacet
  facet normal -0 0 1
    outer loop
      vertex -3.24609 25.1595 1
      vertex -3.23435 24.6814 1
      vertex -3.23435 25.3186 1
    endloop
  endfacet
  facet normal 0 0 1
    outer loop
      vertex -3.24609 25.1595 1
      vertex -3.24609 24.8405 1
      vertex -3.23435 24.6814 1
    endloop
  endfacet
  facet normal 0 -0 1
    outer loop
      vertex -3.24609 24.8405 1
      vertex -3.24609 25.1595 1
      vertex -3.25 25 1
    endloop
  endfacet
  facet normal 0 0 1
    outer loop
      vertex 13.8743 -7.95979 1
      vertex 13.3035 -8.88912 1
      vertex 13.7237 -8.22564 1
    endloop
  endfacet
  facet normal 0 0 1
    outer loop
      vertex 13.8743 -7.95979 1
      vertex 12.8513 -9.53119 1
      vertex 13.3035 -8.88912 1
    endloop
  endfacet
  facet normal 0 0 1
    outer loop
      vertex 13.8743 -7.95979 1
      vertex 12.3682 -10.1503 1
      vertex 12.8513 -9.53119 1
    endloop
  endfacet
  facet normal 0 0 1
    outer loop
      vertex 13.8743 -7.95979 1
      vertex 11.8552 -10.7449 1
      vertex 12.3682 -10.1503 1
    endloop
  endfacet
  facet normal 0 0 1
    outer loop
      vertex 13.8743 -7.95979 1
      vertex 11.3137 -11.3137 1
      vertex 11.8552 -10.7449 1
    endloop
  endfacet
  facet normal 0 0 1
    outer loop
      vertex 13.8743 -7.95979 1
      vertex 10.7449 -11.8552 1
      vertex 11.3137 -11.3137 1
    endloop
  endfacet
  facet normal 0 0 1
    outer loop
      vertex 13.8743 -7.95979 1
      vertex 10.1503 -12.3682 1
      vertex 10.7449 -11.8552 1
    endloop
  endfacet
  facet normal 0 0 1
    outer loop
      vertex 13.8743 -7.95979 1
      vertex 9.53119 -12.8513 1
      vertex 10.1503 -12.3682 1
    endloop
  endfacet
  facet normal 0 0 1
    outer loop
      vertex 13.8743 -7.95979 1
      vertex 8.88912 -13.3035 1
      vertex 9.53119 -12.8513 1
    endloop
  endfacet
  facet normal 0 0 1
    outer loop
      vertex 13.8743 -7.95979 1
      vertex 8.22564 -13.7237 1
      vertex 8.88912 -13.3035 1
    endloop
  endfacet
  facet normal 0 0 1
    outer loop
      vertex 13.8743 -7.95979 1
      vertex 7.54235 -14.1107 1
      vertex 8.22564 -13.7237 1
    endloop
  endfacet
  facet normal 0 0 1
    outer loop
      vertex 13.8743 -7.95979 1
      vertex 6.84088 -14.4638 1
      vertex 7.54235 -14.1107 1
    endloop
  endfacet
  facet normal 0 0 1
    outer loop
      vertex 13.8743 -7.95979 1
      vertex 6.12293 -14.7821 1
      vertex 6.84088 -14.4638 1
    endloop
  endfacet
  facet normal 0 0 1
    outer loop
      vertex 13.8743 -7.95979 1
      vertex 5.39024 -15.0647 1
      vertex 6.12293 -14.7821 1
    endloop
  endfacet
  facet normal 0 0 1
    outer loop
      vertex 13.8743 -7.95979 1
      vertex 4.64455 -15.311 1
      vertex 5.39024 -15.0647 1
    endloop
  endfacet
  facet normal 0 0 1
    outer loop
      vertex 13.8743 -7.95979 1
      vertex 3.88768 -15.5205 1
      vertex 4.64455 -15.311 1
    endloop
  endfacet
  facet normal 0 0 1
    outer loop
      vertex 13.8743 -7.95979 1
      vertex 3.12144 -15.6926 1
      vertex 3.88768 -15.5205 1
    endloop
  endfacet
  facet normal 0 0 1
    outer loop
      vertex 13.8743 -7.95979 1
      vertex 2.34769 -15.8268 1
      vertex 3.12144 -15.6926 1
    endloop
  endfacet
  facet normal 0 0 1
    outer loop
      vertex 13.8743 -7.95979 1
      vertex 1.56827 -15.923 1
      vertex 2.34769 -15.8268 1
    endloop
  endfacet
  facet normal 0 0 1
    outer loop
      vertex 13.8743 -7.95979 1
      vertex 0.785082 -15.9807 1
      vertex 1.56827 -15.923 1
    endloop
  endfacet
  facet normal 0 0 1
    outer loop
      vertex 13.8743 -7.95979 1
      vertex 0 -16 1
      vertex 0.785082 -15.9807 1
    endloop
  endfacet
  facet normal 0 0 1
    outer loop
      vertex 13.8743 -7.95979 1
      vertex -0.785082 -15.9807 1
      vertex 0 -16 1
    endloop
  endfacet
  facet normal 0 0 1
    outer loop
      vertex 13.8743 -7.95979 1
      vertex -1.56827 -15.923 1
      vertex -0.785082 -15.9807 1
    endloop
  endfacet
  facet normal 0 0 1
    outer loop
      vertex 13.8743 -7.95979 1
      vertex -2.34769 -15.8268 1
      vertex -1.56827 -15.923 1
    endloop
  endfacet
  facet normal 0 0 1
    outer loop
      vertex 13.8743 -7.95979 1
      vertex -3.12144 -15.6926 1
      vertex -2.34769 -15.8268 1
    endloop
  endfacet
  facet normal 0 0 1
    outer loop
      vertex 13.8743 -7.95979 1
      vertex -3.88768 -15.5205 1
      vertex -3.12144 -15.6926 1
    endloop
  endfacet
  facet normal 0 0 1
    outer loop
      vertex 13.8743 -7.95979 1
      vertex -4.64455 -15.311 1
      vertex -3.88768 -15.5205 1
    endloop
  endfacet
  facet normal 0 0 1
    outer loop
      vertex 13.8743 -7.95979 1
      vertex -5.39024 -15.0647 1
      vertex -4.64455 -15.311 1
    endloop
  endfacet
  facet normal 0 0 1
    outer loop
      vertex 13.8743 -7.95979 1
      vertex -6.12293 -14.7821 1
      vertex -5.39024 -15.0647 1
    endloop
  endfacet
  facet normal 0 0 1
    outer loop
      vertex 13.8743 -7.95979 1
      vertex -6.84088 -14.4638 1
      vertex -6.12293 -14.7821 1
    endloop
  endfacet
  facet normal 0 0 1
    outer loop
      vertex 13.8743 -7.95979 1
      vertex -7.54235 -14.1107 1
      vertex -6.84088 -14.4638 1
    endloop
  endfacet
  facet normal 0 0 1
    outer loop
      vertex 13.8743 -7.95979 1
      vertex -8.22564 -13.7237 1
      vertex -7.54235 -14.1107 1
    endloop
  endfacet
  facet normal 0 0 1
    outer loop
      vertex 13.8743 -7.95979 1
      vertex -8.88912 -13.3035 1
      vertex -8.22564 -13.7237 1
    endloop
  endfacet
  facet normal 0 0 1
    outer loop
      vertex 13.8743 -7.95979 1
      vertex -9.53119 -12.8513 1
      vertex -8.88912 -13.3035 1
    endloop
  endfacet
  facet normal 0 0 1
    outer loop
      vertex 13.8743 -7.95979 1
      vertex -10.1503 -12.3682 1
      vertex -9.53119 -12.8513 1
    endloop
  endfacet
  facet normal 0 0 1
    outer loop
      vertex 13.8743 -7.95979 1
      vertex -10.7449 -11.8552 1
      vertex -10.1503 -12.3682 1
    endloop
  endfacet
  facet normal 0 0 1
    outer loop
      vertex 13.8743 -7.95979 1
      vertex -11.3137 -11.3137 1
      vertex -10.7449 -11.8552 1
    endloop
  endfacet
  facet normal 0 0 1
    outer loop
      vertex 13.8743 -7.95979 1
      vertex -11.8552 -10.7449 1
      vertex -11.3137 -11.3137 1
    endloop
  endfacet
  facet normal 0 0 1
    outer loop
      vertex 13.8743 -7.95979 1
      vertex -12.3682 -10.1503 1
      vertex -11.8552 -10.7449 1
    endloop
  endfacet
  facet normal 0 0 1
    outer loop
      vertex 13.8743 -7.95979 1
      vertex -12.8513 -9.53119 1
      vertex -12.3682 -10.1503 1
    endloop
  endfacet
  facet normal 0 0 1
    outer loop
      vertex 13.8743 -7.95979 1
      vertex -13.3035 -8.88912 1
      vertex -12.8513 -9.53119 1
    endloop
  endfacet
  facet normal -0 0 1
    outer loop
      vertex -13.8743 -7.95979 1
      vertex -13.3035 -8.88912 1
      vertex 13.8743 -7.95979 1
    endloop
  endfacet
  facet normal 0 0 1
    outer loop
      vertex -13.3035 -8.88912 1
      vertex -13.8743 -7.95979 1
      vertex -13.7237 -8.22564 1
    endloop
  endfacet
  facet normal -0 0 1
    outer loop
      vertex 23.7563 3.00261 1
      vertex 23.8995 -3.05785 1
      vertex 23.8995 3.05785 1
    endloop
  endfacet
  facet normal 0 0 1
    outer loop
      vertex 23.7563 3.00261 1
      vertex 23.7563 -3.00261 1
      vertex 23.8995 -3.05785 1
    endloop
  endfacet
  facet normal -0 0 1
    outer loop
      vertex 23.6104 2.93796 1
      vertex 23.7563 -3.00261 1
      vertex 23.7563 3.00261 1
    endloop
  endfacet
  facet normal 0 0 1
    outer loop
      vertex 23.6104 2.93796 1
      vertex 23.6104 -2.93796 1
      vertex 23.7563 -3.00261 1
    endloop
  endfacet
  facet normal -0 0 1
    outer loop
      vertex 23.468 2.86624 1
      vertex 23.6104 -2.93796 1
      vertex 23.6104 2.93796 1
    endloop
  endfacet
  facet normal 0 0 1
    outer loop
      vertex 23.468 2.86624 1
      vertex 23.468 -2.86624 1
      vertex 23.6104 -2.93796 1
    endloop
  endfacet
  facet normal -0 0 1
    outer loop
      vertex 23.3292 2.78762 1
      vertex 23.468 -2.86624 1
      vertex 23.468 2.86624 1
    endloop
  endfacet
  facet normal 0 0 1
    outer loop
      vertex 23.3292 2.78762 1
      vertex 23.3292 -2.78762 1
      vertex 23.468 -2.86624 1
    endloop
  endfacet
  facet normal -0 0 1
    outer loop
      vertex 23.1944 2.70228 1
      vertex 23.3292 -2.78762 1
      vertex 23.3292 2.78762 1
    endloop
  endfacet
  facet normal 0 0 1
    outer loop
      vertex 23.1944 2.70228 1
      vertex 23.1944 -2.70228 1
      vertex 23.3292 -2.78762 1
    endloop
  endfacet
  facet normal -0 0 1
    outer loop
      vertex 23.064 2.61042 1
      vertex 23.1944 -2.70228 1
      vertex 23.1944 2.70228 1
    endloop
  endfacet
  facet normal 0 0 1
    outer loop
      vertex 23.064 2.61042 1
      vertex 23.064 -2.61042 1
      vertex 23.1944 -2.70228 1
    endloop
  endfacet
  facet normal -0 0 1
    outer loop
      vertex 22.9382 2.51228 1
      vertex 23.064 -2.61042 1
      vertex 23.064 2.61042 1
    endloop
  endfacet
  facet normal 0 0 1
    outer loop
      vertex 22.9382 2.51228 1
      vertex 22.9382 -2.51228 1
      vertex 23.064 -2.61042 1
    endloop
  endfacet
  facet normal -0 0 1
    outer loop
      vertex 22.8174 2.40809 1
      vertex 22.9382 -2.51228 1
      vertex 22.9382 2.51228 1
    endloop
  endfacet
  facet normal 0 0 1
    outer loop
      vertex 22.8174 2.40809 1
      vertex 22.8174 -2.40809 1
      vertex 22.9382 -2.51228 1
    endloop
  endfacet
  facet normal -0 0 1
    outer loop
      vertex 22.7019 2.2981 1
      vertex 22.8174 -2.40809 1
      vertex 22.8174 2.40809 1
    endloop
  endfacet
  facet normal 0 0 1
    outer loop
      vertex 22.7019 2.2981 1
      vertex 22.7019 -2.2981 1
      vertex 22.8174 -2.40809 1
    endloop
  endfacet
  facet normal -0 0 1
    outer loop
      vertex 22.5919 2.18257 1
      vertex 22.7019 -2.2981 1
      vertex 22.7019 2.2981 1
    endloop
  endfacet
  facet normal 0 0 1
    outer loop
      vertex 22.5919 2.18257 1
      vertex 22.5919 -2.18257 1
      vertex 22.7019 -2.2981 1
    endloop
  endfacet
  facet normal -0 0 1
    outer loop
      vertex 22.4877 2.06178 1
      vertex 22.5919 -2.18257 1
      vertex 22.5919 2.18257 1
    endloop
  endfacet
  facet normal 0 0 1
    outer loop
      vertex 22.4877 2.06178 1
      vertex 22.4877 -2.06178 1
      vertex 22.5919 -2.18257 1
    endloop
  endfacet
  facet normal -0 0 1
    outer loop
      vertex 22.3896 1.93602 1
      vertex 22.4877 -2.06178 1
      vertex 22.4877 2.06178 1
    endloop
  endfacet
  facet normal 0 0 1
    outer loop
      vertex 22.3896 1.93602 1
      vertex 22.3896 -1.93602 1
      vertex 22.4877 -2.06178 1
    endloop
  endfacet
  facet normal -0 0 1
    outer loop
      vertex 22.2977 1.8056 1
      vertex 22.3896 -1.93602 1
      vertex 22.3896 1.93602 1
    endloop
  endfacet
  facet normal 0 0 1
    outer loop
      vertex 22.2977 1.8056 1
      vertex 22.2977 -1.8056 1
      vertex 22.3896 -1.93602 1
    endloop
  endfacet
  facet normal -0 0 1
    outer loop
      vertex 22.2124 1.67083 1
      vertex 22.2977 -1.8056 1
      vertex 22.2977 1.8056 1
    endloop
  endfacet
  facet normal 0 0 1
    outer loop
      vertex 22.2124 1.67083 1
      vertex 22.2124 -1.67083 1
      vertex 22.2977 -1.8056 1
    endloop
  endfacet
  facet normal -0 0 1
    outer loop
      vertex 22.1338 1.53204 1
      vertex 22.2124 -1.67083 1
      vertex 22.2124 1.67083 1
    endloop
  endfacet
  facet normal 0 0 1
    outer loop
      vertex 22.1338 1.53204 1
      vertex 22.1338 -1.53204 1
      vertex 22.2124 -1.67083 1
    endloop
  endfacet
  facet normal -0 0 1
    outer loop
      vertex 22.062 1.38955 1
      vertex 22.1338 -1.53204 1
      vertex 22.1338 1.53204 1
    endloop
  endfacet
  facet normal 0 0 1
    outer loop
      vertex 22.062 1.38955 1
      vertex 22.062 -1.38955 1
      vertex 22.1338 -1.53204 1
    endloop
  endfacet
  facet normal -0 0 1
    outer loop
      vertex 21.9974 1.24372 1
      vertex 22.062 -1.38955 1
      vertex 22.062 1.38955 1
    endloop
  endfacet
  facet normal 0 0 1
    outer loop
      vertex 21.9974 1.24372 1
      vertex 21.9974 -1.24372 1
      vertex 22.062 -1.38955 1
    endloop
  endfacet
  facet normal -0 0 1
    outer loop
      vertex 21.94 1.09489 1
      vertex 21.9974 -1.24372 1
      vertex 21.9974 1.24372 1
    endloop
  endfacet
  facet normal 0 0 1
    outer loop
      vertex 21.94 1.09489 1
      vertex 21.94 -1.09489 1
      vertex 21.9974 -1.24372 1
    endloop
  endfacet
  facet normal -0 0 1
    outer loop
      vertex 21.8899 0.943425 1
      vertex 21.94 -1.09489 1
      vertex 21.94 1.09489 1
    endloop
  endfacet
  facet normal 0 0 1
    outer loop
      vertex 21.8899 0.943425 1
      vertex 21.8899 -0.943425 1
      vertex 21.94 -1.09489 1
    endloop
  endfacet
  facet normal -0 0 1
    outer loop
      vertex 21.8474 0.789685 1
      vertex 21.8899 -0.943425 1
      vertex 21.8899 0.943425 1
    endloop
  endfacet
  facet normal 0 0 1
    outer loop
      vertex 21.8474 0.789685 1
      vertex 21.8474 -0.789685 1
      vertex 21.8899 -0.943425 1
    endloop
  endfacet
  facet normal -0 0 1
    outer loop
      vertex 21.8124 0.634043 1
      vertex 21.8474 -0.789685 1
      vertex 21.8474 0.789685 1
    endloop
  endfacet
  facet normal 0 0 1
    outer loop
      vertex 21.8124 0.634043 1
      vertex 21.8124 -0.634043 1
      vertex 21.8474 -0.789685 1
    endloop
  endfacet
  facet normal -0 0 1
    outer loop
      vertex 21.7852 0.476873 1
      vertex 21.8124 -0.634043 1
      vertex 21.8124 0.634043 1
    endloop
  endfacet
  facet normal 0 0 1
    outer loop
      vertex 21.7852 0.476873 1
      vertex 21.7852 -0.476873 1
      vertex 21.8124 -0.634043 1
    endloop
  endfacet
  facet normal -0 0 1
    outer loop
      vertex 21.7656 0.318555 1
      vertex 21.7852 -0.476873 1
      vertex 21.7852 0.476873 1
    endloop
  endfacet
  facet normal 0 0 1
    outer loop
      vertex 21.7656 0.318555 1
      vertex 21.7656 -0.318555 1
      vertex 21.7852 -0.476873 1
    endloop
  endfacet
  facet normal -0 0 1
    outer loop
      vertex 21.7539 0.15947 1
      vertex 21.7656 -0.318555 1
      vertex 21.7656 0.318555 1
    endloop
  endfacet
  facet normal 0 0 1
    outer loop
      vertex 21.7539 0.15947 1
      vertex 21.7539 -0.15947 1
      vertex 21.7656 -0.318555 1
    endloop
  endfacet
  facet normal 0 -0 1
    outer loop
      vertex 21.7539 -0.15947 1
      vertex 21.7539 0.15947 1
      vertex 21.75 0 1
    endloop
  endfacet
  facet normal 0 0 1
    outer loop
      vertex -14.6813 -17.5305 1
      vertex -14.6813 -17.8249 1
      vertex -14.6777 -17.6777 1
    endloop
  endfacet
  facet normal 0 0 1
    outer loop
      vertex -14.6921 -17.3836 1
      vertex -14.6813 -17.8249 1
      vertex -14.6813 -17.5305 1
    endloop
  endfacet
  facet normal 0 0 1
    outer loop
      vertex -14.6921 -17.3836 1
      vertex -14.6921 -17.9717 1
      vertex -14.6813 -17.8249 1
    endloop
  endfacet
  facet normal 0 0 1
    outer loop
      vertex -14.7101 -17.2375 1
      vertex -14.6921 -17.9717 1
      vertex -14.6921 -17.3836 1
    endloop
  endfacet
  facet normal 0 0 1
    outer loop
      vertex -14.7101 -17.2375 1
      vertex -14.7101 -18.1179 1
      vertex -14.6921 -17.9717 1
    endloop
  endfacet
  facet normal 0 0 1
    outer loop
      vertex -14.7353 -17.0924 1
      vertex -14.7101 -18.1179 1
      vertex -14.7101 -17.2375 1
    endloop
  endfacet
  facet normal 0 0 1
    outer loop
      vertex -14.7353 -17.0924 1
      vertex -14.7353 -18.2629 1
      vertex -14.7101 -18.1179 1
    endloop
  endfacet
  facet normal 0 0 1
    outer loop
      vertex -14.7676 -16.9487 1
      vertex -14.7353 -18.2629 1
      vertex -14.7353 -17.0924 1
    endloop
  endfacet
  facet normal 0 0 1
    outer loop
      vertex -14.7676 -16.9487 1
      vertex -14.7676 -18.4066 1
      vertex -14.7353 -18.2629 1
    endloop
  endfacet
  facet normal 0 0 1
    outer loop
      vertex -14.8068 -16.8068 1
      vertex -14.7676 -18.4066 1
      vertex -14.7676 -16.9487 1
    endloop
  endfacet
  facet normal 0 0 1
    outer loop
      vertex -14.8068 -16.8068 1
      vertex -14.8068 -18.5485 1
      vertex -14.7676 -18.4066 1
    endloop
  endfacet
  facet normal 0 0 1
    outer loop
      vertex -14.853 -16.667 1
      vertex -14.8068 -18.5485 1
      vertex -14.8068 -16.8068 1
    endloop
  endfacet
  facet normal 0 0 1
    outer loop
      vertex -14.853 -16.667 1
      vertex -14.853 -18.6883 1
      vertex -14.8068 -18.5485 1
    endloop
  endfacet
  facet normal 0 0 1
    outer loop
      vertex -14.906 -16.5296 1
      vertex -14.853 -18.6883 1
      vertex -14.853 -16.667 1
    endloop
  endfacet
  facet normal 0 0 1
    outer loop
      vertex -14.906 -16.5296 1
      vertex -14.906 -18.8257 1
      vertex -14.853 -18.6883 1
    endloop
  endfacet
  facet normal 0 0 1
    outer loop
      vertex -14.9657 -16.395 1
      vertex -14.906 -18.8257 1
      vertex -14.906 -16.5296 1
    endloop
  endfacet
  facet normal 0 0 1
    outer loop
      vertex -14.9657 -16.395 1
      vertex -14.9657 -18.9603 1
      vertex -14.906 -18.8257 1
    endloop
  endfacet
  facet normal 0 0 1
    outer loop
      vertex -15.0319 -16.2635 1
      vertex -14.9657 -18.9603 1
      vertex -14.9657 -16.395 1
    endloop
  endfacet
  facet normal 0 0 1
    outer loop
      vertex -15.0319 -16.2635 1
      vertex -15.0319 -19.0919 1
      vertex -14.9657 -18.9603 1
    endloop
  endfacet
  facet normal 0 0 1
    outer loop
      vertex -15.1045 -16.1354 1
      vertex -15.0319 -19.0919 1
      vertex -15.0319 -16.2635 1
    endloop
  endfacet
  facet normal 0 0 1
    outer loop
      vertex -15.1045 -16.1354 1
      vertex -15.1045 -19.22 1
      vertex -15.0319 -19.0919 1
    endloop
  endfacet
  facet normal 0 0 1
    outer loop
      vertex -15.1833 -16.011 1
      vertex -15.1045 -19.22 1
      vertex -15.1045 -16.1354 1
    endloop
  endfacet
  facet normal 0 0 1
    outer loop
      vertex -15.1833 -16.011 1
      vertex -15.1833 -19.3444 1
      vertex -15.1045 -19.22 1
    endloop
  endfacet
  facet normal 0 0 1
    outer loop
      vertex -15.268 -15.8906 1
      vertex -15.1833 -19.3444 1
      vertex -15.1833 -16.011 1
    endloop
  endfacet
  facet normal 0 0 1
    outer loop
      vertex -15.268 -15.8906 1
      vertex -15.268 -19.4648 1
      vertex -15.1833 -19.3444 1
    endloop
  endfacet
  facet normal 0 0 1
    outer loop
      vertex -15.3586 -15.7745 1
      vertex -15.268 -19.4648 1
      vertex -15.268 -15.8906 1
    endloop
  endfacet
  facet normal 0 0 1
    outer loop
      vertex -15.3586 -15.7745 1
      vertex -15.3586 -19.5808 1
      vertex -15.268 -19.4648 1
    endloop
  endfacet
  facet normal 0 0 1
    outer loop
      vertex -15.4548 -15.663 1
      vertex -15.3586 -19.5808 1
      vertex -15.3586 -15.7745 1
    endloop
  endfacet
  facet normal 0 0 1
    outer loop
      vertex -15.4548 -15.663 1
      vertex -15.4548 -19.6923 1
      vertex -15.3586 -19.5808 1
    endloop
  endfacet
  facet normal 0 0 1
    outer loop
      vertex -15.5563 -15.5563 1
      vertex -15.4548 -19.6923 1
      vertex -15.4548 -15.663 1
    endloop
  endfacet
  facet normal 0 0 1
    outer loop
      vertex -15.5563 -15.5563 1
      vertex -15.5563 -19.799 1
      vertex -15.4548 -19.6923 1
    endloop
  endfacet
  facet normal 0 0 1
    outer loop
      vertex -15.663 -15.4548 1
      vertex -15.5563 -19.799 1
      vertex -15.5563 -15.5563 1
    endloop
  endfacet
  facet normal 0 0 1
    outer loop
      vertex -15.663 -15.4548 1
      vertex -15.663 -19.9005 1
      vertex -15.5563 -19.799 1
    endloop
  endfacet
  facet normal 0 0 1
    outer loop
      vertex -15.7745 -15.3586 1
      vertex -15.663 -19.9005 1
      vertex -15.663 -15.4548 1
    endloop
  endfacet
  facet normal 0 0 1
    outer loop
      vertex -15.7745 -15.3586 1
      vertex -15.7745 -19.9967 1
      vertex -15.663 -19.9005 1
    endloop
  endfacet
  facet normal 0 0 1
    outer loop
      vertex -15.8906 -15.268 1
      vertex -15.7745 -19.9967 1
      vertex -15.7745 -15.3586 1
    endloop
  endfacet
  facet normal 0 0 1
    outer loop
      vertex -15.8906 -15.268 1
      vertex -15.8906 -20.0873 1
      vertex -15.7745 -19.9967 1
    endloop
  endfacet
  facet normal 0 0 1
    outer loop
      vertex -16.011 -15.1833 1
      vertex -15.8906 -20.0873 1
      vertex -15.8906 -15.268 1
    endloop
  endfacet
  facet normal 0 0 1
    outer loop
      vertex -16.011 -15.1833 1
      vertex -16.011 -20.1721 1
      vertex -15.8906 -20.0873 1
    endloop
  endfacet
  facet normal 0 0 1
    outer loop
      vertex -16.1354 -15.1045 1
      vertex -16.011 -20.1721 1
      vertex -16.011 -15.1833 1
    endloop
  endfacet
  facet normal 0 0 1
    outer loop
      vertex -16.1354 -15.1045 1
      vertex -16.1354 -20.2509 1
      vertex -16.011 -20.1721 1
    endloop
  endfacet
  facet normal 0 0 1
    outer loop
      vertex -16.2635 -15.0319 1
      vertex -16.1354 -20.2509 1
      vertex -16.1354 -15.1045 1
    endloop
  endfacet
  facet normal 0 0 1
    outer loop
      vertex -16.2635 -15.0319 1
      vertex -16.2635 -20.3234 1
      vertex -16.1354 -20.2509 1
    endloop
  endfacet
  facet normal 0 0 1
    outer loop
      vertex -16.395 -14.9657 1
      vertex -16.2635 -20.3234 1
      vertex -16.2635 -15.0319 1
    endloop
  endfacet
  facet normal 0 0 1
    outer loop
      vertex -16.395 -14.9657 1
      vertex -16.395 -20.3896 1
      vertex -16.2635 -20.3234 1
    endloop
  endfacet
  facet normal 0 0 1
    outer loop
      vertex -16.5296 -14.906 1
      vertex -16.395 -20.3896 1
      vertex -16.395 -14.9657 1
    endloop
  endfacet
  facet normal 0 0 1
    outer loop
      vertex -16.5296 -14.906 1
      vertex -16.5296 -20.4493 1
      vertex -16.395 -20.3896 1
    endloop
  endfacet
  facet normal 0 0 1
    outer loop
      vertex -16.667 -14.853 1
      vertex -16.5296 -20.4493 1
      vertex -16.5296 -14.906 1
    endloop
  endfacet
  facet normal 0 0 1
    outer loop
      vertex -16.667 -14.853 1
      vertex -16.667 -20.5023 1
      vertex -16.5296 -20.4493 1
    endloop
  endfacet
  facet normal 0 0 1
    outer loop
      vertex -16.8068 -14.8068 1
      vertex -16.667 -20.5023 1
      vertex -16.667 -14.853 1
    endloop
  endfacet
  facet normal 0 0 1
    outer loop
      vertex -16.8068 -14.8068 1
      vertex -16.8068 -20.5485 1
      vertex -16.667 -20.5023 1
    endloop
  endfacet
  facet normal 0 0 1
    outer loop
      vertex -16.9487 -14.7676 1
      vertex -16.8068 -20.5485 1
      vertex -16.8068 -14.8068 1
    endloop
  endfacet
  facet normal 0 0 1
    outer loop
      vertex -16.9487 -14.7676 1
      vertex -16.9487 -20.5878 1
      vertex -16.8068 -20.5485 1
    endloop
  endfacet
  facet normal 0 0 1
    outer loop
      vertex -17.0924 -14.7353 1
      vertex -16.9487 -20.5878 1
      vertex -16.9487 -14.7676 1
    endloop
  endfacet
  facet normal 0 0 1
    outer loop
      vertex -17.0924 -14.7353 1
      vertex -17.0924 -20.62 1
      vertex -16.9487 -20.5878 1
    endloop
  endfacet
  facet normal 0 0 1
    outer loop
      vertex -17.2375 -14.7101 1
      vertex -17.0924 -20.62 1
      vertex -17.0924 -14.7353 1
    endloop
  endfacet
  facet normal 0 0 1
    outer loop
      vertex -17.2375 -14.7101 1
      vertex -17.2375 -20.6452 1
      vertex -17.0924 -20.62 1
    endloop
  endfacet
  facet normal 0 0 1
    outer loop
      vertex -17.3836 -14.6921 1
      vertex -17.2375 -20.6452 1
      vertex -17.2375 -14.7101 1
    endloop
  endfacet
  facet normal 0 0 1
    outer loop
      vertex -17.3836 -14.6921 1
      vertex -17.3836 -20.6632 1
      vertex -17.2375 -20.6452 1
    endloop
  endfacet
  facet normal 0 0 1
    outer loop
      vertex -17.5305 -14.6813 1
      vertex -17.3836 -20.6632 1
      vertex -17.3836 -14.6921 1
    endloop
  endfacet
  facet normal 0 0 1
    outer loop
      vertex -17.5305 -14.6813 1
      vertex -17.5305 -20.6741 1
      vertex -17.3836 -20.6632 1
    endloop
  endfacet
  facet normal 0 0 1
    outer loop
      vertex -17.6777 -14.6777 1
      vertex -17.5305 -20.6741 1
      vertex -17.5305 -14.6813 1
    endloop
  endfacet
  facet normal 0 0 1
    outer loop
      vertex -17.6777 -14.6777 1
      vertex -17.6777 -20.6777 1
      vertex -17.5305 -20.6741 1
    endloop
  endfacet
  facet normal -0 0 1
    outer loop
      vertex -17.8249 -14.6813 1
      vertex -17.6777 -20.6777 1
      vertex -17.6777 -14.6777 1
    endloop
  endfacet
  facet normal 0 0 1
    outer loop
      vertex -17.8249 -14.6813 1
      vertex -17.8249 -20.6741 1
      vertex -17.6777 -20.6777 1
    endloop
  endfacet
  facet normal -0 0 1
    outer loop
      vertex -17.9717 -14.6921 1
      vertex -17.8249 -20.6741 1
      vertex -17.8249 -14.6813 1
    endloop
  endfacet
  facet normal 0 0 1
    outer loop
      vertex -17.9717 -14.6921 1
      vertex -17.9717 -20.6632 1
      vertex -17.8249 -20.6741 1
    endloop
  endfacet
  facet normal -0 0 1
    outer loop
      vertex -18.1179 -14.7101 1
      vertex -17.9717 -20.6632 1
      vertex -17.9717 -14.6921 1
    endloop
  endfacet
  facet normal 0 0 1
    outer loop
      vertex -18.1179 -14.7101 1
      vertex -18.1179 -20.6452 1
      vertex -17.9717 -20.6632 1
    endloop
  endfacet
  facet normal -0 0 1
    outer loop
      vertex -18.2629 -14.7353 1
      vertex -18.1179 -20.6452 1
      vertex -18.1179 -14.7101 1
    endloop
  endfacet
  facet normal 0 0 1
    outer loop
      vertex -18.2629 -14.7353 1
      vertex -18.2629 -20.62 1
      vertex -18.1179 -20.6452 1
    endloop
  endfacet
  facet normal -0 0 1
    outer loop
      vertex -18.4066 -14.7676 1
      vertex -18.2629 -20.62 1
      vertex -18.2629 -14.7353 1
    endloop
  endfacet
  facet normal 0 0 1
    outer loop
      vertex -18.4066 -14.7676 1
      vertex -18.4066 -20.5878 1
      vertex -18.2629 -20.62 1
    endloop
  endfacet
  facet normal -0 0 1
    outer loop
      vertex -18.5485 -14.8068 1
      vertex -18.4066 -20.5878 1
      vertex -18.4066 -14.7676 1
    endloop
  endfacet
  facet normal 0 0 1
    outer loop
      vertex -18.5485 -14.8068 1
      vertex -18.5485 -20.5485 1
      vertex -18.4066 -20.5878 1
    endloop
  endfacet
  facet normal -0 0 1
    outer loop
      vertex -18.6883 -14.853 1
      vertex -18.5485 -20.5485 1
      vertex -18.5485 -14.8068 1
    endloop
  endfacet
  facet normal 0 0 1
    outer loop
      vertex -18.6883 -14.853 1
      vertex -18.6883 -20.5023 1
      vertex -18.5485 -20.5485 1
    endloop
  endfacet
  facet normal -0 0 1
    outer loop
      vertex -18.8257 -14.906 1
      vertex -18.6883 -20.5023 1
      vertex -18.6883 -14.853 1
    endloop
  endfacet
  facet normal 0 0 1
    outer loop
      vertex -18.8257 -14.906 1
      vertex -18.8257 -20.4493 1
      vertex -18.6883 -20.5023 1
    endloop
  endfacet
  facet normal -0 0 1
    outer loop
      vertex -18.9603 -14.9657 1
      vertex -18.8257 -20.4493 1
      vertex -18.8257 -14.906 1
    endloop
  endfacet
  facet normal 0 0 1
    outer loop
      vertex -18.9603 -14.9657 1
      vertex -18.9603 -20.3896 1
      vertex -18.8257 -20.4493 1
    endloop
  endfacet
  facet normal -0 0 1
    outer loop
      vertex -19.0919 -15.0319 1
      vertex -18.9603 -20.3896 1
      vertex -18.9603 -14.9657 1
    endloop
  endfacet
  facet normal 0 0 1
    outer loop
      vertex -19.0919 -15.0319 1
      vertex -19.0919 -20.3234 1
      vertex -18.9603 -20.3896 1
    endloop
  endfacet
  facet normal -0 0 1
    outer loop
      vertex -19.22 -15.1045 1
      vertex -19.0919 -20.3234 1
      vertex -19.0919 -15.0319 1
    endloop
  endfacet
  facet normal 0 0 1
    outer loop
      vertex -19.22 -15.1045 1
      vertex -19.22 -20.2509 1
      vertex -19.0919 -20.3234 1
    endloop
  endfacet
  facet normal -0 0 1
    outer loop
      vertex -19.3444 -15.1833 1
      vertex -19.22 -20.2509 1
      vertex -19.22 -15.1045 1
    endloop
  endfacet
  facet normal 0 0 1
    outer loop
      vertex -19.3444 -15.1833 1
      vertex -19.3444 -20.1721 1
      vertex -19.22 -20.2509 1
    endloop
  endfacet
  facet normal -0 0 1
    outer loop
      vertex -19.4648 -15.268 1
      vertex -19.3444 -20.1721 1
      vertex -19.3444 -15.1833 1
    endloop
  endfacet
  facet normal 0 0 1
    outer loop
      vertex -19.4648 -15.268 1
      vertex -19.4648 -20.0873 1
      vertex -19.3444 -20.1721 1
    endloop
  endfacet
  facet normal -0 0 1
    outer loop
      vertex -19.5808 -15.3586 1
      vertex -19.4648 -20.0873 1
      vertex -19.4648 -15.268 1
    endloop
  endfacet
  facet normal 0 0 1
    outer loop
      vertex -19.5808 -15.3586 1
      vertex -19.5808 -19.9967 1
      vertex -19.4648 -20.0873 1
    endloop
  endfacet
  facet normal -0 0 1
    outer loop
      vertex -19.6923 -15.4548 1
      vertex -19.5808 -19.9967 1
      vertex -19.5808 -15.3586 1
    endloop
  endfacet
  facet normal 0 0 1
    outer loop
      vertex -19.6923 -15.4548 1
      vertex -19.6923 -19.9005 1
      vertex -19.5808 -19.9967 1
    endloop
  endfacet
  facet normal -0 0 1
    outer loop
      vertex -19.799 -15.5563 1
      vertex -19.6923 -19.9005 1
      vertex -19.6923 -15.4548 1
    endloop
  endfacet
  facet normal 0 0 1
    outer loop
      vertex -19.799 -15.5563 1
      vertex -19.799 -19.799 1
      vertex -19.6923 -19.9005 1
    endloop
  endfacet
  facet normal -0 0 1
    outer loop
      vertex -19.9005 -15.663 1
      vertex -19.799 -19.799 1
      vertex -19.799 -15.5563 1
    endloop
  endfacet
  facet normal 0 0 1
    outer loop
      vertex -19.9005 -15.663 1
      vertex -19.9005 -19.6923 1
      vertex -19.799 -19.799 1
    endloop
  endfacet
  facet normal -0 0 1
    outer loop
      vertex -19.9967 -15.7745 1
      vertex -19.9005 -19.6923 1
      vertex -19.9005 -15.663 1
    endloop
  endfacet
  facet normal 0 0 1
    outer loop
      vertex -19.9967 -15.7745 1
      vertex -19.9967 -19.5808 1
      vertex -19.9005 -19.6923 1
    endloop
  endfacet
  facet normal -0 0 1
    outer loop
      vertex -20.0873 -15.8906 1
      vertex -19.9967 -19.5808 1
      vertex -19.9967 -15.7745 1
    endloop
  endfacet
  facet normal 0 0 1
    outer loop
      vertex -20.0873 -15.8906 1
      vertex -20.0873 -19.4648 1
      vertex -19.9967 -19.5808 1
    endloop
  endfacet
  facet normal -0 0 1
    outer loop
      vertex -20.1721 -16.011 1
      vertex -20.0873 -19.4648 1
      vertex -20.0873 -15.8906 1
    endloop
  endfacet
  facet normal 0 0 1
    outer loop
      vertex -20.1721 -16.011 1
      vertex -20.1721 -19.3444 1
      vertex -20.0873 -19.4648 1
    endloop
  endfacet
  facet normal -0 0 1
    outer loop
      vertex -20.2509 -16.1354 1
      vertex -20.1721 -19.3444 1
      vertex -20.1721 -16.011 1
    endloop
  endfacet
  facet normal 0 0 1
    outer loop
      vertex -20.2509 -16.1354 1
      vertex -20.2509 -19.22 1
      vertex -20.1721 -19.3444 1
    endloop
  endfacet
  facet normal -0 0 1
    outer loop
      vertex -20.3234 -16.2635 1
      vertex -20.2509 -19.22 1
      vertex -20.2509 -16.1354 1
    endloop
  endfacet
  facet normal 0 0 1
    outer loop
      vertex -20.3234 -16.2635 1
      vertex -20.3234 -19.0919 1
      vertex -20.2509 -19.22 1
    endloop
  endfacet
  facet normal -0 0 1
    outer loop
      vertex -20.3896 -16.395 1
      vertex -20.3234 -19.0919 1
      vertex -20.3234 -16.2635 1
    endloop
  endfacet
  facet normal 0 0 1
    outer loop
      vertex -20.3896 -16.395 1
      vertex -20.3896 -18.9603 1
      vertex -20.3234 -19.0919 1
    endloop
  endfacet
  facet normal -0 0 1
    outer loop
      vertex -20.4493 -16.5296 1
      vertex -20.3896 -18.9603 1
      vertex -20.3896 -16.395 1
    endloop
  endfacet
  facet normal 0 0 1
    outer loop
      vertex -20.4493 -16.5296 1
      vertex -20.4493 -18.8257 1
      vertex -20.3896 -18.9603 1
    endloop
  endfacet
  facet normal -0 0 1
    outer loop
      vertex -20.5023 -16.667 1
      vertex -20.4493 -18.8257 1
      vertex -20.4493 -16.5296 1
    endloop
  endfacet
  facet normal 0 0 1
    outer loop
      vertex -20.5023 -16.667 1
      vertex -20.5023 -18.6883 1
      vertex -20.4493 -18.8257 1
    endloop
  endfacet
  facet normal -0 0 1
    outer loop
      vertex -20.5485 -16.8068 1
      vertex -20.5023 -18.6883 1
      vertex -20.5023 -16.667 1
    endloop
  endfacet
  facet normal 0 0 1
    outer loop
      vertex -20.5485 -16.8068 1
      vertex -20.5485 -18.5485 1
      vertex -20.5023 -18.6883 1
    endloop
  endfacet
  facet normal -0 0 1
    outer loop
      vertex -20.5878 -16.9487 1
      vertex -20.5485 -18.5485 1
      vertex -20.5485 -16.8068 1
    endloop
  endfacet
  facet normal 0 0 1
    outer loop
      vertex -20.5878 -16.9487 1
      vertex -20.5878 -18.4066 1
      vertex -20.5485 -18.5485 1
    endloop
  endfacet
  facet normal -0 0 1
    outer loop
      vertex -20.62 -17.0924 1
      vertex -20.5878 -18.4066 1
      vertex -20.5878 -16.9487 1
    endloop
  endfacet
  facet normal 0 0 1
    outer loop
      vertex -20.62 -17.0924 1
      vertex -20.62 -18.2629 1
      vertex -20.5878 -18.4066 1
    endloop
  endfacet
  facet normal -0 0 1
    outer loop
      vertex -20.6452 -17.2375 1
      vertex -20.62 -18.2629 1
      vertex -20.62 -17.0924 1
    endloop
  endfacet
  facet normal 0 0 1
    outer loop
      vertex -20.6452 -17.2375 1
      vertex -20.6452 -18.1179 1
      vertex -20.62 -18.2629 1
    endloop
  endfacet
  facet normal -0 0 1
    outer loop
      vertex -20.6632 -17.3836 1
      vertex -20.6452 -18.1179 1
      vertex -20.6452 -17.2375 1
    endloop
  endfacet
  facet normal 0 0 1
    outer loop
      vertex -20.6632 -17.3836 1
      vertex -20.6632 -17.9717 1
      vertex -20.6452 -18.1179 1
    endloop
  endfacet
  facet normal -0 0 1
    outer loop
      vertex -20.6741 -17.5305 1
      vertex -20.6632 -17.9717 1
      vertex -20.6632 -17.3836 1
    endloop
  endfacet
  facet normal 0 0 1
    outer loop
      vertex -20.6741 -17.5305 1
      vertex -20.6741 -17.8249 1
      vertex -20.6632 -17.9717 1
    endloop
  endfacet
  facet normal 0 -0 1
    outer loop
      vertex -20.6741 -17.8249 1
      vertex -20.6741 -17.5305 1
      vertex -20.6777 -17.6777 1
    endloop
  endfacet
  facet normal 0 0 1
    outer loop
      vertex 20.6741 17.8249 1
      vertex 20.6741 17.5305 1
      vertex 20.6777 17.6777 1
    endloop
  endfacet
  facet normal 0 0 1
    outer loop
      vertex 20.6632 17.9717 1
      vertex 20.6741 17.5305 1
      vertex 20.6741 17.8249 1
    endloop
  endfacet
  facet normal 0 0 1
    outer loop
      vertex 20.6632 17.9717 1
      vertex 20.6632 17.3836 1
      vertex 20.6741 17.5305 1
    endloop
  endfacet
  facet normal 0 0 1
    outer loop
      vertex 20.6452 18.1179 1
      vertex 20.6632 17.3836 1
      vertex 20.6632 17.9717 1
    endloop
  endfacet
  facet normal 0 0 1
    outer loop
      vertex 20.6452 18.1179 1
      vertex 20.6452 17.2375 1
      vertex 20.6632 17.3836 1
    endloop
  endfacet
  facet normal 0 0 1
    outer loop
      vertex 20.62 18.2629 1
      vertex 20.6452 17.2375 1
      vertex 20.6452 18.1179 1
    endloop
  endfacet
  facet normal 0 0 1
    outer loop
      vertex 20.62 18.2629 1
      vertex 20.62 17.0924 1
      vertex 20.6452 17.2375 1
    endloop
  endfacet
  facet normal 0 0 1
    outer loop
      vertex 20.5878 18.4066 1
      vertex 20.62 17.0924 1
      vertex 20.62 18.2629 1
    endloop
  endfacet
  facet normal 0 0 1
    outer loop
      vertex 20.5878 18.4066 1
      vertex 20.5878 16.9487 1
      vertex 20.62 17.0924 1
    endloop
  endfacet
  facet normal 0 0 1
    outer loop
      vertex 20.5485 18.5485 1
      vertex 20.5878 16.9487 1
      vertex 20.5878 18.4066 1
    endloop
  endfacet
  facet normal 0 0 1
    outer loop
      vertex 20.5485 18.5485 1
      vertex 20.5485 16.8068 1
      vertex 20.5878 16.9487 1
    endloop
  endfacet
  facet normal 0 0 1
    outer loop
      vertex 20.5023 18.6883 1
      vertex 20.5485 16.8068 1
      vertex 20.5485 18.5485 1
    endloop
  endfacet
  facet normal 0 0 1
    outer loop
      vertex 20.5023 18.6883 1
      vertex 20.5023 16.667 1
      vertex 20.5485 16.8068 1
    endloop
  endfacet
  facet normal 0 0 1
    outer loop
      vertex 20.4493 18.8257 1
      vertex 20.5023 16.667 1
      vertex 20.5023 18.6883 1
    endloop
  endfacet
  facet normal 0 0 1
    outer loop
      vertex 20.4493 18.8257 1
      vertex 20.4493 16.5296 1
      vertex 20.5023 16.667 1
    endloop
  endfacet
  facet normal 0 0 1
    outer loop
      vertex 20.3896 18.9603 1
      vertex 20.4493 16.5296 1
      vertex 20.4493 18.8257 1
    endloop
  endfacet
  facet normal 0 0 1
    outer loop
      vertex 20.3896 18.9603 1
      vertex 20.3896 16.395 1
      vertex 20.4493 16.5296 1
    endloop
  endfacet
  facet normal 0 0 1
    outer loop
      vertex 20.3234 19.0919 1
      vertex 20.3896 16.395 1
      vertex 20.3896 18.9603 1
    endloop
  endfacet
  facet normal 0 0 1
    outer loop
      vertex 20.3234 19.0919 1
      vertex 20.3234 16.2635 1
      vertex 20.3896 16.395 1
    endloop
  endfacet
  facet normal 0 0 1
    outer loop
      vertex 20.2509 19.22 1
      vertex 20.3234 16.2635 1
      vertex 20.3234 19.0919 1
    endloop
  endfacet
  facet normal 0 0 1
    outer loop
      vertex 20.2509 19.22 1
      vertex 20.2509 16.1354 1
      vertex 20.3234 16.2635 1
    endloop
  endfacet
  facet normal 0 0 1
    outer loop
      vertex 20.1721 19.3444 1
      vertex 20.2509 16.1354 1
      vertex 20.2509 19.22 1
    endloop
  endfacet
  facet normal 0 0 1
    outer loop
      vertex 20.1721 19.3444 1
      vertex 20.1721 16.011 1
      vertex 20.2509 16.1354 1
    endloop
  endfacet
  facet normal 0 0 1
    outer loop
      vertex 20.0873 19.4648 1
      vertex 20.1721 16.011 1
      vertex 20.1721 19.3444 1
    endloop
  endfacet
  facet normal 0 0 1
    outer loop
      vertex 20.0873 19.4648 1
      vertex 20.0873 15.8906 1
      vertex 20.1721 16.011 1
    endloop
  endfacet
  facet normal 0 0 1
    outer loop
      vertex 19.9967 19.5808 1
      vertex 20.0873 15.8906 1
      vertex 20.0873 19.4648 1
    endloop
  endfacet
  facet normal 0 0 1
    outer loop
      vertex 19.9967 19.5808 1
      vertex 19.9967 15.7745 1
      vertex 20.0873 15.8906 1
    endloop
  endfacet
  facet normal 0 0 1
    outer loop
      vertex 19.9005 19.6923 1
      vertex 19.9967 15.7745 1
      vertex 19.9967 19.5808 1
    endloop
  endfacet
  facet normal 0 0 1
    outer loop
      vertex 19.9005 19.6923 1
      vertex 19.9005 15.663 1
      vertex 19.9967 15.7745 1
    endloop
  endfacet
  facet normal 0 0 1
    outer loop
      vertex 19.799 19.799 1
      vertex 19.9005 15.663 1
      vertex 19.9005 19.6923 1
    endloop
  endfacet
  facet normal 0 0 1
    outer loop
      vertex 19.799 19.799 1
      vertex 19.799 15.5563 1
      vertex 19.9005 15.663 1
    endloop
  endfacet
  facet normal 0 0 1
    outer loop
      vertex 19.6923 19.9005 1
      vertex 19.799 15.5563 1
      vertex 19.799 19.799 1
    endloop
  endfacet
  facet normal 0 0 1
    outer loop
      vertex 19.6923 19.9005 1
      vertex 19.6923 15.4548 1
      vertex 19.799 15.5563 1
    endloop
  endfacet
  facet normal 0 0 1
    outer loop
      vertex 19.5808 19.9967 1
      vertex 19.6923 15.4548 1
      vertex 19.6923 19.9005 1
    endloop
  endfacet
  facet normal 0 0 1
    outer loop
      vertex 19.5808 19.9967 1
      vertex 19.5808 15.3586 1
      vertex 19.6923 15.4548 1
    endloop
  endfacet
  facet normal 0 0 1
    outer loop
      vertex 19.4648 20.0873 1
      vertex 19.5808 15.3586 1
      vertex 19.5808 19.9967 1
    endloop
  endfacet
  facet normal 0 0 1
    outer loop
      vertex 19.4648 20.0873 1
      vertex 19.4648 15.268 1
      vertex 19.5808 15.3586 1
    endloop
  endfacet
  facet normal 0 0 1
    outer loop
      vertex 19.3444 20.1721 1
      vertex 19.4648 15.268 1
      vertex 19.4648 20.0873 1
    endloop
  endfacet
  facet normal 0 0 1
    outer loop
      vertex 19.3444 20.1721 1
      vertex 19.3444 15.1833 1
      vertex 19.4648 15.268 1
    endloop
  endfacet
  facet normal 0 0 1
    outer loop
      vertex 19.22 20.2509 1
      vertex 19.3444 15.1833 1
      vertex 19.3444 20.1721 1
    endloop
  endfacet
  facet normal 0 0 1
    outer loop
      vertex 19.22 20.2509 1
      vertex 19.22 15.1045 1
      vertex 19.3444 15.1833 1
    endloop
  endfacet
  facet normal 0 0 1
    outer loop
      vertex 19.0919 20.3234 1
      vertex 19.22 15.1045 1
      vertex 19.22 20.2509 1
    endloop
  endfacet
  facet normal 0 0 1
    outer loop
      vertex 19.0919 20.3234 1
      vertex 19.0919 15.0319 1
      vertex 19.22 15.1045 1
    endloop
  endfacet
  facet normal 0 0 1
    outer loop
      vertex 18.9603 20.3896 1
      vertex 19.0919 15.0319 1
      vertex 19.0919 20.3234 1
    endloop
  endfacet
  facet normal 0 0 1
    outer loop
      vertex 18.9603 20.3896 1
      vertex 18.9603 14.9657 1
      vertex 19.0919 15.0319 1
    endloop
  endfacet
  facet normal 0 0 1
    outer loop
      vertex 18.8257 20.4493 1
      vertex 18.9603 14.9657 1
      vertex 18.9603 20.3896 1
    endloop
  endfacet
  facet normal 0 0 1
    outer loop
      vertex 18.8257 20.4493 1
      vertex 18.8257 14.906 1
      vertex 18.9603 14.9657 1
    endloop
  endfacet
  facet normal 0 0 1
    outer loop
      vertex 18.6883 20.5023 1
      vertex 18.8257 14.906 1
      vertex 18.8257 20.4493 1
    endloop
  endfacet
  facet normal 0 0 1
    outer loop
      vertex 18.6883 20.5023 1
      vertex 18.6883 14.853 1
      vertex 18.8257 14.906 1
    endloop
  endfacet
  facet normal 0 0 1
    outer loop
      vertex 18.5485 20.5485 1
      vertex 18.6883 14.853 1
      vertex 18.6883 20.5023 1
    endloop
  endfacet
  facet normal 0 0 1
    outer loop
      vertex 18.5485 20.5485 1
      vertex 18.5485 14.8068 1
      vertex 18.6883 14.853 1
    endloop
  endfacet
  facet normal 0 0 1
    outer loop
      vertex 18.4066 20.5878 1
      vertex 18.5485 14.8068 1
      vertex 18.5485 20.5485 1
    endloop
  endfacet
  facet normal 0 0 1
    outer loop
      vertex 18.4066 20.5878 1
      vertex 18.4066 14.7676 1
      vertex 18.5485 14.8068 1
    endloop
  endfacet
  facet normal 0 0 1
    outer loop
      vertex 18.2629 20.62 1
      vertex 18.4066 14.7676 1
      vertex 18.4066 20.5878 1
    endloop
  endfacet
  facet normal 0 0 1
    outer loop
      vertex 18.2629 20.62 1
      vertex 18.2629 14.7353 1
      vertex 18.4066 14.7676 1
    endloop
  endfacet
  facet normal 0 0 1
    outer loop
      vertex 18.1179 20.6452 1
      vertex 18.2629 14.7353 1
      vertex 18.2629 20.62 1
    endloop
  endfacet
  facet normal 0 0 1
    outer loop
      vertex 18.1179 20.6452 1
      vertex 18.1179 14.7101 1
      vertex 18.2629 14.7353 1
    endloop
  endfacet
  facet normal 0 0 1
    outer loop
      vertex 17.9717 20.6632 1
      vertex 18.1179 14.7101 1
      vertex 18.1179 20.6452 1
    endloop
  endfacet
  facet normal 0 0 1
    outer loop
      vertex 17.9717 20.6632 1
      vertex 17.9717 14.6921 1
      vertex 18.1179 14.7101 1
    endloop
  endfacet
  facet normal 0 0 1
    outer loop
      vertex 17.8249 20.6741 1
      vertex 17.9717 14.6921 1
      vertex 17.9717 20.6632 1
    endloop
  endfacet
  facet normal 0 0 1
    outer loop
      vertex 17.8249 20.6741 1
      vertex 17.8249 14.6813 1
      vertex 17.9717 14.6921 1
    endloop
  endfacet
  facet normal 0 0 1
    outer loop
      vertex 17.6777 20.6777 1
      vertex 17.8249 14.6813 1
      vertex 17.8249 20.6741 1
    endloop
  endfacet
  facet normal 0 0 1
    outer loop
      vertex 17.6777 20.6777 1
      vertex 17.6777 14.6777 1
      vertex 17.8249 14.6813 1
    endloop
  endfacet
  facet normal -0 0 1
    outer loop
      vertex 17.5305 20.6741 1
      vertex 17.6777 14.6777 1
      vertex 17.6777 20.6777 1
    endloop
  endfacet
  facet normal 0 0 1
    outer loop
      vertex 17.5305 20.6741 1
      vertex 17.5305 14.6813 1
      vertex 17.6777 14.6777 1
    endloop
  endfacet
  facet normal -0 0 1
    outer loop
      vertex 17.3836 20.6632 1
      vertex 17.5305 14.6813 1
      vertex 17.5305 20.6741 1
    endloop
  endfacet
  facet normal 0 0 1
    outer loop
      vertex 17.3836 20.6632 1
      vertex 17.3836 14.6921 1
      vertex 17.5305 14.6813 1
    endloop
  endfacet
  facet normal -0 0 1
    outer loop
      vertex 17.2375 20.6452 1
      vertex 17.3836 14.6921 1
      vertex 17.3836 20.6632 1
    endloop
  endfacet
  facet normal 0 0 1
    outer loop
      vertex 17.2375 20.6452 1
      vertex 17.2375 14.7101 1
      vertex 17.3836 14.6921 1
    endloop
  endfacet
  facet normal -0 0 1
    outer loop
      vertex 17.0924 20.62 1
      vertex 17.2375 14.7101 1
      vertex 17.2375 20.6452 1
    endloop
  endfacet
  facet normal 0 0 1
    outer loop
      vertex 17.0924 20.62 1
      vertex 17.0924 14.7353 1
      vertex 17.2375 14.7101 1
    endloop
  endfacet
  facet normal -0 0 1
    outer loop
      vertex 16.9487 20.5878 1
      vertex 17.0924 14.7353 1
      vertex 17.0924 20.62 1
    endloop
  endfacet
  facet normal 0 0 1
    outer loop
      vertex 16.9487 20.5878 1
      vertex 16.9487 14.7676 1
      vertex 17.0924 14.7353 1
    endloop
  endfacet
  facet normal -0 0 1
    outer loop
      vertex 16.8068 20.5485 1
      vertex 16.9487 14.7676 1
      vertex 16.9487 20.5878 1
    endloop
  endfacet
  facet normal 0 0 1
    outer loop
      vertex 16.8068 20.5485 1
      vertex 16.8068 14.8068 1
      vertex 16.9487 14.7676 1
    endloop
  endfacet
  facet normal -0 0 1
    outer loop
      vertex 16.667 20.5023 1
      vertex 16.8068 14.8068 1
      vertex 16.8068 20.5485 1
    endloop
  endfacet
  facet normal 0 0 1
    outer loop
      vertex 16.667 20.5023 1
      vertex 16.667 14.853 1
      vertex 16.8068 14.8068 1
    endloop
  endfacet
  facet normal -0 0 1
    outer loop
      vertex 16.5296 20.4493 1
      vertex 16.667 14.853 1
      vertex 16.667 20.5023 1
    endloop
  endfacet
  facet normal 0 0 1
    outer loop
      vertex 16.5296 20.4493 1
      vertex 16.5296 14.906 1
      vertex 16.667 14.853 1
    endloop
  endfacet
  facet normal -0 0 1
    outer loop
      vertex 16.395 20.3896 1
      vertex 16.5296 14.906 1
      vertex 16.5296 20.4493 1
    endloop
  endfacet
  facet normal 0 0 1
    outer loop
      vertex 16.395 20.3896 1
      vertex 16.395 14.9657 1
      vertex 16.5296 14.906 1
    endloop
  endfacet
  facet normal -0 0 1
    outer loop
      vertex 16.2635 20.3234 1
      vertex 16.395 14.9657 1
      vertex 16.395 20.3896 1
    endloop
  endfacet
  facet normal 0 0 1
    outer loop
      vertex 16.2635 20.3234 1
      vertex 16.2635 15.0319 1
      vertex 16.395 14.9657 1
    endloop
  endfacet
  facet normal -0 0 1
    outer loop
      vertex 16.1354 20.2509 1
      vertex 16.2635 15.0319 1
      vertex 16.2635 20.3234 1
    endloop
  endfacet
  facet normal 0 0 1
    outer loop
      vertex 16.1354 20.2509 1
      vertex 16.1354 15.1045 1
      vertex 16.2635 15.0319 1
    endloop
  endfacet
  facet normal -0 0 1
    outer loop
      vertex 16.011 20.1721 1
      vertex 16.1354 15.1045 1
      vertex 16.1354 20.2509 1
    endloop
  endfacet
  facet normal 0 0 1
    outer loop
      vertex 16.011 20.1721 1
      vertex 16.011 15.1833 1
      vertex 16.1354 15.1045 1
    endloop
  endfacet
  facet normal -0 0 1
    outer loop
      vertex 15.8906 20.0873 1
      vertex 16.011 15.1833 1
      vertex 16.011 20.1721 1
    endloop
  endfacet
  facet normal 0 0 1
    outer loop
      vertex 15.8906 20.0873 1
      vertex 15.8906 15.268 1
      vertex 16.011 15.1833 1
    endloop
  endfacet
  facet normal -0 0 1
    outer loop
      vertex 15.7745 19.9967 1
      vertex 15.8906 15.268 1
      vertex 15.8906 20.0873 1
    endloop
  endfacet
  facet normal 0 0 1
    outer loop
      vertex 15.7745 19.9967 1
      vertex 15.7745 15.3586 1
      vertex 15.8906 15.268 1
    endloop
  endfacet
  facet normal -0 0 1
    outer loop
      vertex 15.663 19.9005 1
      vertex 15.7745 15.3586 1
      vertex 15.7745 19.9967 1
    endloop
  endfacet
  facet normal 0 0 1
    outer loop
      vertex 15.663 19.9005 1
      vertex 15.663 15.4548 1
      vertex 15.7745 15.3586 1
    endloop
  endfacet
  facet normal -0 0 1
    outer loop
      vertex 15.5563 19.799 1
      vertex 15.663 15.4548 1
      vertex 15.663 19.9005 1
    endloop
  endfacet
  facet normal 0 0 1
    outer loop
      vertex 15.5563 19.799 1
      vertex 15.5563 15.5563 1
      vertex 15.663 15.4548 1
    endloop
  endfacet
  facet normal -0 0 1
    outer loop
      vertex 15.4548 19.6923 1
      vertex 15.5563 15.5563 1
      vertex 15.5563 19.799 1
    endloop
  endfacet
  facet normal 0 0 1
    outer loop
      vertex 15.4548 19.6923 1
      vertex 15.4548 15.663 1
      vertex 15.5563 15.5563 1
    endloop
  endfacet
  facet normal -0 0 1
    outer loop
      vertex 15.3586 19.5808 1
      vertex 15.4548 15.663 1
      vertex 15.4548 19.6923 1
    endloop
  endfacet
  facet normal 0 0 1
    outer loop
      vertex 15.3586 19.5808 1
      vertex 15.3586 15.7745 1
      vertex 15.4548 15.663 1
    endloop
  endfacet
  facet normal -0 0 1
    outer loop
      vertex 15.268 19.4648 1
      vertex 15.3586 15.7745 1
      vertex 15.3586 19.5808 1
    endloop
  endfacet
  facet normal 0 0 1
    outer loop
      vertex 15.268 19.4648 1
      vertex 15.268 15.8906 1
      vertex 15.3586 15.7745 1
    endloop
  endfacet
  facet normal -0 0 1
    outer loop
      vertex 15.1833 19.3444 1
      vertex 15.268 15.8906 1
      vertex 15.268 19.4648 1
    endloop
  endfacet
  facet normal 0 0 1
    outer loop
      vertex 15.1833 19.3444 1
      vertex 15.1833 16.011 1
      vertex 15.268 15.8906 1
    endloop
  endfacet
  facet normal -0 0 1
    outer loop
      vertex 15.1045 19.22 1
      vertex 15.1833 16.011 1
      vertex 15.1833 19.3444 1
    endloop
  endfacet
  facet normal 0 0 1
    outer loop
      vertex 15.1045 19.22 1
      vertex 15.1045 16.1354 1
      vertex 15.1833 16.011 1
    endloop
  endfacet
  facet normal -0 0 1
    outer loop
      vertex 15.0319 19.0919 1
      vertex 15.1045 16.1354 1
      vertex 15.1045 19.22 1
    endloop
  endfacet
  facet normal 0 0 1
    outer loop
      vertex 15.0319 19.0919 1
      vertex 15.0319 16.2635 1
      vertex 15.1045 16.1354 1
    endloop
  endfacet
  facet normal -0 0 1
    outer loop
      vertex 14.9657 18.9603 1
      vertex 15.0319 16.2635 1
      vertex 15.0319 19.0919 1
    endloop
  endfacet
  facet normal 0 0 1
    outer loop
      vertex 14.9657 18.9603 1
      vertex 14.9657 16.395 1
      vertex 15.0319 16.2635 1
    endloop
  endfacet
  facet normal -0 0 1
    outer loop
      vertex 14.906 18.8257 1
      vertex 14.9657 16.395 1
      vertex 14.9657 18.9603 1
    endloop
  endfacet
  facet normal 0 0 1
    outer loop
      vertex 14.906 18.8257 1
      vertex 14.906 16.5296 1
      vertex 14.9657 16.395 1
    endloop
  endfacet
  facet normal -0 0 1
    outer loop
      vertex 14.853 18.6883 1
      vertex 14.906 16.5296 1
      vertex 14.906 18.8257 1
    endloop
  endfacet
  facet normal 0 0 1
    outer loop
      vertex 14.853 18.6883 1
      vertex 14.853 16.667 1
      vertex 14.906 16.5296 1
    endloop
  endfacet
  facet normal -0 0 1
    outer loop
      vertex 14.8068 18.5485 1
      vertex 14.853 16.667 1
      vertex 14.853 18.6883 1
    endloop
  endfacet
  facet normal 0 0 1
    outer loop
      vertex 14.8068 18.5485 1
      vertex 14.8068 16.8068 1
      vertex 14.853 16.667 1
    endloop
  endfacet
  facet normal -0 0 1
    outer loop
      vertex 14.7676 18.4066 1
      vertex 14.8068 16.8068 1
      vertex 14.8068 18.5485 1
    endloop
  endfacet
  facet normal 0 0 1
    outer loop
      vertex 14.7676 18.4066 1
      vertex 14.7676 16.9487 1
      vertex 14.8068 16.8068 1
    endloop
  endfacet
  facet normal -0 0 1
    outer loop
      vertex 14.7353 18.2629 1
      vertex 14.7676 16.9487 1
      vertex 14.7676 18.4066 1
    endloop
  endfacet
  facet normal 0 0 1
    outer loop
      vertex 14.7353 18.2629 1
      vertex 14.7353 17.0924 1
      vertex 14.7676 16.9487 1
    endloop
  endfacet
  facet normal -0 0 1
    outer loop
      vertex 14.7101 18.1179 1
      vertex 14.7353 17.0924 1
      vertex 14.7353 18.2629 1
    endloop
  endfacet
  facet normal 0 0 1
    outer loop
      vertex 14.7101 18.1179 1
      vertex 14.7101 17.2375 1
      vertex 14.7353 17.0924 1
    endloop
  endfacet
  facet normal -0 0 1
    outer loop
      vertex 14.6921 17.9717 1
      vertex 14.7101 17.2375 1
      vertex 14.7101 18.1179 1
    endloop
  endfacet
  facet normal 0 0 1
    outer loop
      vertex 14.6921 17.9717 1
      vertex 14.6921 17.3836 1
      vertex 14.7101 17.2375 1
    endloop
  endfacet
  facet normal -0 0 1
    outer loop
      vertex 14.6813 17.8249 1
      vertex 14.6921 17.3836 1
      vertex 14.6921 17.9717 1
    endloop
  endfacet
  facet normal 0 0 1
    outer loop
      vertex 14.6813 17.8249 1
      vertex 14.6813 17.5305 1
      vertex 14.6921 17.3836 1
    endloop
  endfacet
  facet normal 0 -0 1
    outer loop
      vertex 14.6813 17.5305 1
      vertex 14.6813 17.8249 1
      vertex 14.6777 17.6777 1
    endloop
  endfacet
  facet normal 1 0 0
    outer loop
      vertex 23.8995 -24.177 1
      vertex 23.8995 -25.8995 1
      vertex 23.8995 -24.177 0
    endloop
  endfacet
  facet normal 1 0 0
    outer loop
      vertex 23.8995 3.05785 1
      vertex 23.8995 -3.05785 1
      vertex 23.8995 3.05785 0
    endloop
  endfacet
  facet normal 1 0 0
    outer loop
      vertex 23.8995 24.177 0
      vertex 23.8995 25.8995 1
      vertex 23.8995 24.177 1
    endloop
  endfacet
  facet normal 1 0 0
    outer loop
      vertex 23.8995 25.8995 1
      vertex 23.8995 24.177 0
      vertex 23.8995 25.8995 -35
    endloop
  endfacet
  facet normal 1 -0 0
    outer loop
      vertex 23.8995 3.05785 0
      vertex 23.8995 25.8995 -35
      vertex 23.8995 24.177 0
    endloop
  endfacet
  facet normal 1 0 0
    outer loop
      vertex 23.8995 -3.05785 0
      vertex 23.8995 3.05785 0
      vertex 23.8995 -3.05785 1
    endloop
  endfacet
  facet normal 1 0 0
    outer loop
      vertex 23.8995 3.05785 0
      vertex 23.8995 -3.05785 0
      vertex 23.8995 25.8995 -35
    endloop
  endfacet
  facet normal 1 0 0
    outer loop
      vertex 23.8995 -25.8995 -35
      vertex 23.8995 -3.05785 0
      vertex 23.8995 -24.177 0
    endloop
  endfacet
  facet normal 1 0 0
    outer loop
      vertex 23.8995 -25.8995 -35
      vertex 23.8995 -24.177 0
      vertex 23.8995 -25.8995 1
    endloop
  endfacet
  facet normal 1 0 0
    outer loop
      vertex 23.8995 -3.05785 0
      vertex 23.8995 -25.8995 -35
      vertex 23.8995 25.8995 -35
    endloop
  endfacet
  facet normal 0 1 0
    outer loop
      vertex 23.8995 25.8995 1
      vertex 22.0132 25.8995 0
      vertex 22.0132 25.8995 1
    endloop
  endfacet
  facet normal 0 1 0
    outer loop
      vertex 23.8995 25.8995 -35
      vertex 3.12221 25.8995 0
      vertex 22.0132 25.8995 0
    endloop
  endfacet
  facet normal 0 1 0
    outer loop
      vertex 3.12221 25.8995 0
      vertex 23.8995 25.8995 -35
      vertex -3.12221 25.8995 0
    endloop
  endfacet
  facet normal 0 1 0
    outer loop
      vertex -23.8995 25.8995 -35
      vertex -3.12221 25.8995 0
      vertex 23.8995 25.8995 -35
    endloop
  endfacet
  facet normal 0 1 -0
    outer loop
      vertex 23.8995 25.8995 -35
      vertex 22.0132 25.8995 0
      vertex 23.8995 25.8995 1
    endloop
  endfacet
  facet normal 0 1 -0
    outer loop
      vertex 3.12221 25.8995 0
      vertex -3.12221 25.8995 1
      vertex 3.12221 25.8995 1
    endloop
  endfacet
  facet normal 0 1 0
    outer loop
      vertex -3.12221 25.8995 1
      vertex 3.12221 25.8995 0
      vertex -3.12221 25.8995 0
    endloop
  endfacet
  facet normal 0 1 -0
    outer loop
      vertex -22.0132 25.8995 0
      vertex -23.8995 25.8995 1
      vertex -22.0132 25.8995 1
    endloop
  endfacet
  facet normal 0 1 0
    outer loop
      vertex -3.12221 25.8995 0
      vertex -23.8995 25.8995 -35
      vertex -22.0132 25.8995 0
    endloop
  endfacet
  facet normal 0 1 0
    outer loop
      vertex -22.0132 25.8995 0
      vertex -23.8995 25.8995 -35
      vertex -23.8995 25.8995 1
    endloop
  endfacet
  facet normal 0 0 -1
    outer loop
      vertex 23.8995 -25.8995 -35
      vertex 19.8995 -7.95979 -35
      vertex 23.8995 25.8995 -35
    endloop
  endfacet
  facet normal 0 0 -1
    outer loop
      vertex 23.8995 -25.8995 -35
      vertex -19.8995 -7.95979 -35
      vertex 19.8995 -7.95979 -35
    endloop
  endfacet
  facet normal 0 -0 -1
    outer loop
      vertex -19.8995 -7.95979 -35
      vertex 23.8995 -25.8995 -35
      vertex -23.8995 -25.8995 -35
    endloop
  endfacet
  facet normal 0 0 -1
    outer loop
      vertex 0 11.9397 -35
      vertex 23.8995 25.8995 -35
      vertex 19.8995 -7.95979 -35
    endloop
  endfacet
  facet normal 0 0 -1
    outer loop
      vertex 0 11.9397 -35
      vertex -23.8995 25.8995 -35
      vertex 23.8995 25.8995 -35
    endloop
  endfacet
  facet normal 0 0 -1
    outer loop
      vertex -19.8995 -7.95979 -35
      vertex -23.8995 25.8995 -35
      vertex 0 11.9397 -35
    endloop
  endfacet
  facet normal 0 0 -1
    outer loop
      vertex -23.8995 25.8995 -35
      vertex -19.8995 -7.95979 -35
      vertex -23.8995 -25.8995 -35
    endloop
  endfacet
  facet normal 0 -1 0
    outer loop
      vertex -23.8995 -25.8995 1
      vertex -22.0132 -25.8995 0
      vertex -22.0132 -25.8995 1
    endloop
  endfacet
  facet normal 0 -1 0
    outer loop
      vertex -2.00802 -25.8995 -16.0108
      vertex -3.12221 -25.8995 0
      vertex -22.0132 -25.8995 0
    endloop
  endfacet
  facet normal -0 -1 0
    outer loop
      vertex -1.38893 -25.8995 -15.4213
      vertex -3.12221 -25.8995 0
      vertex -1.48925 -25.8995 -15.492
    endloop
  endfacet
  facet normal 0 -1 0
    outer loop
      vertex 0.122668 -25.8995 -15.003
      vertex 3.12221 -25.8995 0
      vertex 0 -25.8995 -15
    endloop
  endfacet
  facet normal 0 -1 0
    outer loop
      vertex -23.8995 -25.8995 -35
      vertex -22.0132 -25.8995 0
      vertex -23.8995 -25.8995 1
    endloop
  endfacet
  facet normal 0 -1 0
    outer loop
      vertex -3.12221 -25.8995 0
      vertex 0 -25.8995 -15
      vertex 3.12221 -25.8995 0
    endloop
  endfacet
  facet normal -0 -1 0
    outer loop
      vertex 0 -25.8995 -15
      vertex -3.12221 -25.8995 0
      vertex -0.122668 -25.8995 -15.003
    endloop
  endfacet
  facet normal -0 -1 0
    outer loop
      vertex -0.122668 -25.8995 -15.003
      vertex -3.12221 -25.8995 0
      vertex -0.245043 -25.8995 -15.012
    endloop
  endfacet
  facet normal -0 -1 0
    outer loop
      vertex -0.245043 -25.8995 -15.012
      vertex -3.12221 -25.8995 0
      vertex -0.366826 -25.8995 -15.0271
    endloop
  endfacet
  facet normal -0 -1 0
    outer loop
      vertex -0.366826 -25.8995 -15.0271
      vertex -3.12221 -25.8995 0
      vertex -0.487725 -25.8995 -15.048
    endloop
  endfacet
  facet normal -0 -1 0
    outer loop
      vertex -0.487725 -25.8995 -15.048
      vertex -3.12221 -25.8995 0
      vertex -0.60745 -25.8995 -15.0749
    endloop
  endfacet
  facet normal -0 -1 0
    outer loop
      vertex -0.60745 -25.8995 -15.0749
      vertex -3.12221 -25.8995 0
      vertex -0.725711 -25.8995 -15.1076
    endloop
  endfacet
  facet normal -0 -1 0
    outer loop
      vertex -0.725711 -25.8995 -15.1076
      vertex -3.12221 -25.8995 0
      vertex -0.842224 -25.8995 -15.1461
    endloop
  endfacet
  facet normal -0 -1 0
    outer loop
      vertex -0.842224 -25.8995 -15.1461
      vertex -3.12221 -25.8995 0
      vertex -0.956708 -25.8995 -15.1903
    endloop
  endfacet
  facet normal -0 -1 0
    outer loop
      vertex -0.956708 -25.8995 -15.1903
      vertex -3.12221 -25.8995 0
      vertex -1.06889 -25.8995 -15.24
    endloop
  endfacet
  facet normal -0 -1 0
    outer loop
      vertex -1.06889 -25.8995 -15.24
      vertex -3.12221 -25.8995 0
      vertex -1.17849 -25.8995 -15.2952
    endloop
  endfacet
  facet normal -0 -1 0
    outer loop
      vertex -1.17849 -25.8995 -15.2952
      vertex -3.12221 -25.8995 0
      vertex -1.28526 -25.8995 -15.3557
    endloop
  endfacet
  facet normal -0 -1 0
    outer loop
      vertex -1.28526 -25.8995 -15.3557
      vertex -3.12221 -25.8995 0
      vertex -1.38893 -25.8995 -15.4213
    endloop
  endfacet
  facet normal 0 -1 0
    outer loop
      vertex -3.12221 -25.8995 0
      vertex -1.58598 -25.8995 -15.5675
      vertex -1.48925 -25.8995 -15.492
    endloop
  endfacet
  facet normal 0 -1 0
    outer loop
      vertex -3.12221 -25.8995 0
      vertex -1.6789 -25.8995 -15.6476
      vertex -1.58598 -25.8995 -15.5675
    endloop
  endfacet
  facet normal 0 -1 0
    outer loop
      vertex -3.12221 -25.8995 0
      vertex -1.76777 -25.8995 -15.7322
      vertex -1.6789 -25.8995 -15.6476
    endloop
  endfacet
  facet normal 0 -1 0
    outer loop
      vertex -3.12221 -25.8995 0
      vertex -1.85238 -25.8995 -15.8211
      vertex -1.76777 -25.8995 -15.7322
    endloop
  endfacet
  facet normal 0 -1 0
    outer loop
      vertex -3.12221 -25.8995 0
      vertex -1.93253 -25.8995 -15.914
      vertex -1.85238 -25.8995 -15.8211
    endloop
  endfacet
  facet normal 0 -1 0
    outer loop
      vertex -3.12221 -25.8995 0
      vertex -2.00802 -25.8995 -16.0108
      vertex -1.93253 -25.8995 -15.914
    endloop
  endfacet
  facet normal 0 -1 0
    outer loop
      vertex -22.0132 -25.8995 0
      vertex -2.07867 -25.8995 -16.1111
      vertex -2.00802 -25.8995 -16.0108
    endloop
  endfacet
  facet normal 0 -1 0
    outer loop
      vertex -22.0132 -25.8995 0
      vertex -2.14432 -25.8995 -16.2147
      vertex -2.07867 -25.8995 -16.1111
    endloop
  endfacet
  facet normal 0 -1 0
    outer loop
      vertex -22.0132 -25.8995 0
      vertex -2.2048 -25.8995 -16.3215
      vertex -2.14432 -25.8995 -16.2147
    endloop
  endfacet
  facet normal 0 -1 0
    outer loop
      vertex -22.0132 -25.8995 0
      vertex -2.25997 -25.8995 -16.4311
      vertex -2.2048 -25.8995 -16.3215
    endloop
  endfacet
  facet normal 0 -1 0
    outer loop
      vertex -22.0132 -25.8995 0
      vertex -2.3097 -25.8995 -16.5433
      vertex -2.25997 -25.8995 -16.4311
    endloop
  endfacet
  facet normal 0 -1 0
    outer loop
      vertex -22.0132 -25.8995 0
      vertex -2.35386 -25.8995 -16.6578
      vertex -2.3097 -25.8995 -16.5433
    endloop
  endfacet
  facet normal 0 -1 0
    outer loop
      vertex -22.0132 -25.8995 0
      vertex -2.39235 -25.8995 -16.7743
      vertex -2.35386 -25.8995 -16.6578
    endloop
  endfacet
  facet normal 0 -1 0
    outer loop
      vertex -22.0132 -25.8995 0
      vertex -2.42508 -25.8995 -16.8925
      vertex -2.39235 -25.8995 -16.7743
    endloop
  endfacet
  facet normal 0 -1 0
    outer loop
      vertex -22.0132 -25.8995 0
      vertex -2.45196 -25.8995 -17.0123
      vertex -2.42508 -25.8995 -16.8925
    endloop
  endfacet
  facet normal 0 -1 0
    outer loop
      vertex -22.0132 -25.8995 0
      vertex -2.47294 -25.8995 -17.1332
      vertex -2.45196 -25.8995 -17.0123
    endloop
  endfacet
  facet normal 0 -1 0
    outer loop
      vertex -22.0132 -25.8995 0
      vertex -2.48796 -25.8995 -17.255
      vertex -2.47294 -25.8995 -17.1332
    endloop
  endfacet
  facet normal 0 -1 0
    outer loop
      vertex -22.0132 -25.8995 0
      vertex -2.49699 -25.8995 -17.3773
      vertex -2.48796 -25.8995 -17.255
    endloop
  endfacet
  facet normal 0 -1 0
    outer loop
      vertex -22.0132 -25.8995 0
      vertex -2.5 -25.8995 -17.5
      vertex -2.49699 -25.8995 -17.3773
    endloop
  endfacet
  facet normal 0 -1 -0
    outer loop
      vertex -22.0132 -25.8995 0
      vertex -23.8995 -25.8995 -35
      vertex -2.5 -25.8995 -17.5
    endloop
  endfacet
  facet normal 0 -1 -0
    outer loop
      vertex -2.5 -25.8995 -17.5
      vertex -23.8995 -25.8995 -35
      vertex -2.49699 -25.8995 -17.6227
    endloop
  endfacet
  facet normal 0 -1 -0
    outer loop
      vertex -2.49699 -25.8995 -17.6227
      vertex -23.8995 -25.8995 -35
      vertex -2.48796 -25.8995 -17.745
    endloop
  endfacet
  facet normal 0 -1 -0
    outer loop
      vertex -2.48796 -25.8995 -17.745
      vertex -23.8995 -25.8995 -35
      vertex -2.47294 -25.8995 -17.8668
    endloop
  endfacet
  facet normal 0 -1 -0
    outer loop
      vertex -2.47294 -25.8995 -17.8668
      vertex -23.8995 -25.8995 -35
      vertex -2.45196 -25.8995 -17.9877
    endloop
  endfacet
  facet normal 0 -1 -0
    outer loop
      vertex -2.45196 -25.8995 -17.9877
      vertex -23.8995 -25.8995 -35
      vertex -2.42508 -25.8995 -18.1074
    endloop
  endfacet
  facet normal 0 -1 -0
    outer loop
      vertex -2.42508 -25.8995 -18.1074
      vertex -23.8995 -25.8995 -35
      vertex -2.39235 -25.8995 -18.2257
    endloop
  endfacet
  facet normal 0 -1 -0
    outer loop
      vertex -2.39235 -25.8995 -18.2257
      vertex -23.8995 -25.8995 -35
      vertex -2.35386 -25.8995 -18.3422
    endloop
  endfacet
  facet normal 0 -1 -0
    outer loop
      vertex -2.35386 -25.8995 -18.3422
      vertex -23.8995 -25.8995 -35
      vertex -2.3097 -25.8995 -18.4567
    endloop
  endfacet
  facet normal 0 -1 -0
    outer loop
      vertex -2.3097 -25.8995 -18.4567
      vertex -23.8995 -25.8995 -35
      vertex -2.25997 -25.8995 -18.5689
    endloop
  endfacet
  facet normal 0 -1 -0
    outer loop
      vertex -2.25997 -25.8995 -18.5689
      vertex -23.8995 -25.8995 -35
      vertex -2.2048 -25.8995 -18.6785
    endloop
  endfacet
  facet normal 0 -1 -0
    outer loop
      vertex -2.2048 -25.8995 -18.6785
      vertex -23.8995 -25.8995 -35
      vertex -2.14432 -25.8995 -18.7853
    endloop
  endfacet
  facet normal 0 -1 -0
    outer loop
      vertex -2.14432 -25.8995 -18.7853
      vertex -23.8995 -25.8995 -35
      vertex -2.07867 -25.8995 -18.8889
    endloop
  endfacet
  facet normal 0 -1 -0
    outer loop
      vertex -2.07867 -25.8995 -18.8889
      vertex -23.8995 -25.8995 -35
      vertex -2.00802 -25.8995 -18.9892
    endloop
  endfacet
  facet normal 0 -1 -0
    outer loop
      vertex -2.00802 -25.8995 -18.9892
      vertex -23.8995 -25.8995 -35
      vertex -1.93253 -25.8995 -19.086
    endloop
  endfacet
  facet normal 0 -1 -0
    outer loop
      vertex -1.93253 -25.8995 -19.086
      vertex -23.8995 -25.8995 -35
      vertex -1.85238 -25.8995 -19.1789
    endloop
  endfacet
  facet normal 0 -1 -0
    outer loop
      vertex -1.85238 -25.8995 -19.1789
      vertex -23.8995 -25.8995 -35
      vertex -1.76777 -25.8995 -19.2678
    endloop
  endfacet
  facet normal 0 -1 -0
    outer loop
      vertex -0.122668 -25.8995 -19.997
      vertex -23.8995 -25.8995 -35
      vertex 0 -25.8995 -20
    endloop
  endfacet
  facet normal 0 -1 -0
    outer loop
      vertex -0.245043 -25.8995 -19.988
      vertex -23.8995 -25.8995 -35
      vertex -0.122668 -25.8995 -19.997
    endloop
  endfacet
  facet normal 0 -1 -0
    outer loop
      vertex -0.366826 -25.8995 -19.9729
      vertex -23.8995 -25.8995 -35
      vertex -0.245043 -25.8995 -19.988
    endloop
  endfacet
  facet normal 0 -1 -0
    outer loop
      vertex -0.487725 -25.8995 -19.952
      vertex -23.8995 -25.8995 -35
      vertex -0.366826 -25.8995 -19.9729
    endloop
  endfacet
  facet normal 0 -1 -0
    outer loop
      vertex -0.60745 -25.8995 -19.9251
      vertex -23.8995 -25.8995 -35
      vertex -0.487725 -25.8995 -19.952
    endloop
  endfacet
  facet normal 0 -1 -0
    outer loop
      vertex -0.725711 -25.8995 -19.8923
      vertex -23.8995 -25.8995 -35
      vertex -0.60745 -25.8995 -19.9251
    endloop
  endfacet
  facet normal 0 -1 -0
    outer loop
      vertex -0.842224 -25.8995 -19.8539
      vertex -23.8995 -25.8995 -35
      vertex -0.725711 -25.8995 -19.8923
    endloop
  endfacet
  facet normal 0 -1 -0
    outer loop
      vertex -0.956708 -25.8995 -19.8097
      vertex -23.8995 -25.8995 -35
      vertex -0.842224 -25.8995 -19.8539
    endloop
  endfacet
  facet normal 0 -1 -0
    outer loop
      vertex -1.06889 -25.8995 -19.76
      vertex -23.8995 -25.8995 -35
      vertex -0.956708 -25.8995 -19.8097
    endloop
  endfacet
  facet normal 0 -1 -0
    outer loop
      vertex -1.17849 -25.8995 -19.7048
      vertex -23.8995 -25.8995 -35
      vertex -1.06889 -25.8995 -19.76
    endloop
  endfacet
  facet normal 0 -1 -0
    outer loop
      vertex -1.28526 -25.8995 -19.6443
      vertex -23.8995 -25.8995 -35
      vertex -1.17849 -25.8995 -19.7048
    endloop
  endfacet
  facet normal 0 -1 -0
    outer loop
      vertex -1.38893 -25.8995 -19.5787
      vertex -23.8995 -25.8995 -35
      vertex -1.28526 -25.8995 -19.6443
    endloop
  endfacet
  facet normal 0 -1 -0
    outer loop
      vertex -1.48925 -25.8995 -19.508
      vertex -23.8995 -25.8995 -35
      vertex -1.38893 -25.8995 -19.5787
    endloop
  endfacet
  facet normal 0 -1 -0
    outer loop
      vertex -1.58598 -25.8995 -19.4325
      vertex -23.8995 -25.8995 -35
      vertex -1.48925 -25.8995 -19.508
    endloop
  endfacet
  facet normal 0 -1 -0
    outer loop
      vertex -1.6789 -25.8995 -19.3524
      vertex -23.8995 -25.8995 -35
      vertex -1.58598 -25.8995 -19.4325
    endloop
  endfacet
  facet normal 0 -1 -0
    outer loop
      vertex -1.76777 -25.8995 -19.2678
      vertex -23.8995 -25.8995 -35
      vertex -1.6789 -25.8995 -19.3524
    endloop
  endfacet
  facet normal 0 -1 0
    outer loop
      vertex -3.12221 -25.8995 0
      vertex 3.12221 -25.8995 1
      vertex -3.12221 -25.8995 1
    endloop
  endfacet
  facet normal 0 -1 -0
    outer loop
      vertex 3.12221 -25.8995 1
      vertex -3.12221 -25.8995 0
      vertex 3.12221 -25.8995 0
    endloop
  endfacet
  facet normal 0 -1 0
    outer loop
      vertex 22.0132 -25.8995 0
      vertex 23.8995 -25.8995 1
      vertex 22.0132 -25.8995 1
    endloop
  endfacet
  facet normal 0 -1 0
    outer loop
      vertex 0.245043 -25.8995 -15.012
      vertex 3.12221 -25.8995 0
      vertex 0.122668 -25.8995 -15.003
    endloop
  endfacet
  facet normal 0 -1 0
    outer loop
      vertex 0.366826 -25.8995 -15.0271
      vertex 3.12221 -25.8995 0
      vertex 0.245043 -25.8995 -15.012
    endloop
  endfacet
  facet normal 0 -1 0
    outer loop
      vertex 0.487725 -25.8995 -15.048
      vertex 3.12221 -25.8995 0
      vertex 0.366826 -25.8995 -15.0271
    endloop
  endfacet
  facet normal 0 -1 0
    outer loop
      vertex 0.60745 -25.8995 -15.0749
      vertex 3.12221 -25.8995 0
      vertex 0.487725 -25.8995 -15.048
    endloop
  endfacet
  facet normal 0 -1 0
    outer loop
      vertex 0.725711 -25.8995 -15.1076
      vertex 3.12221 -25.8995 0
      vertex 0.60745 -25.8995 -15.0749
    endloop
  endfacet
  facet normal 0 -1 0
    outer loop
      vertex 0.842224 -25.8995 -15.1461
      vertex 3.12221 -25.8995 0
      vertex 0.725711 -25.8995 -15.1076
    endloop
  endfacet
  facet normal 0 -1 0
    outer loop
      vertex 0.956708 -25.8995 -15.1903
      vertex 3.12221 -25.8995 0
      vertex 0.842224 -25.8995 -15.1461
    endloop
  endfacet
  facet normal 0 -1 0
    outer loop
      vertex 1.06889 -25.8995 -15.24
      vertex 3.12221 -25.8995 0
      vertex 0.956708 -25.8995 -15.1903
    endloop
  endfacet
  facet normal 0 -1 0
    outer loop
      vertex 1.17849 -25.8995 -15.2952
      vertex 3.12221 -25.8995 0
      vertex 1.06889 -25.8995 -15.24
    endloop
  endfacet
  facet normal 0 -1 0
    outer loop
      vertex 1.28526 -25.8995 -15.3557
      vertex 3.12221 -25.8995 0
      vertex 1.17849 -25.8995 -15.2952
    endloop
  endfacet
  facet normal 0 -1 0
    outer loop
      vertex 1.38893 -25.8995 -15.4213
      vertex 3.12221 -25.8995 0
      vertex 1.28526 -25.8995 -15.3557
    endloop
  endfacet
  facet normal 0 -1 0
    outer loop
      vertex 1.48925 -25.8995 -15.492
      vertex 3.12221 -25.8995 0
      vertex 1.38893 -25.8995 -15.4213
    endloop
  endfacet
  facet normal 0 -1 0
    outer loop
      vertex 1.58598 -25.8995 -15.5675
      vertex 3.12221 -25.8995 0
      vertex 1.48925 -25.8995 -15.492
    endloop
  endfacet
  facet normal 0 -1 0
    outer loop
      vertex 1.6789 -25.8995 -15.6476
      vertex 3.12221 -25.8995 0
      vertex 1.58598 -25.8995 -15.5675
    endloop
  endfacet
  facet normal 0 -1 0
    outer loop
      vertex 1.76777 -25.8995 -15.7322
      vertex 3.12221 -25.8995 0
      vertex 1.6789 -25.8995 -15.6476
    endloop
  endfacet
  facet normal 0 -1 0
    outer loop
      vertex 1.85238 -25.8995 -15.8211
      vertex 3.12221 -25.8995 0
      vertex 1.76777 -25.8995 -15.7322
    endloop
  endfacet
  facet normal 0 -1 0
    outer loop
      vertex 1.93253 -25.8995 -15.914
      vertex 3.12221 -25.8995 0
      vertex 1.85238 -25.8995 -15.8211
    endloop
  endfacet
  facet normal 0 -1 0
    outer loop
      vertex 2.00802 -25.8995 -16.0108
      vertex 3.12221 -25.8995 0
      vertex 1.93253 -25.8995 -15.914
    endloop
  endfacet
  facet normal 0 -1 -0
    outer loop
      vertex 3.12221 -25.8995 0
      vertex 2.00802 -25.8995 -16.0108
      vertex 22.0132 -25.8995 0
    endloop
  endfacet
  facet normal 0 -1 0
    outer loop
      vertex 2.07867 -25.8995 -16.1111
      vertex 22.0132 -25.8995 0
      vertex 2.00802 -25.8995 -16.0108
    endloop
  endfacet
  facet normal 0 -1 0
    outer loop
      vertex 2.14432 -25.8995 -16.2147
      vertex 22.0132 -25.8995 0
      vertex 2.07867 -25.8995 -16.1111
    endloop
  endfacet
  facet normal 0 -1 0
    outer loop
      vertex 2.2048 -25.8995 -16.3215
      vertex 22.0132 -25.8995 0
      vertex 2.14432 -25.8995 -16.2147
    endloop
  endfacet
  facet normal 0 -1 0
    outer loop
      vertex 2.25997 -25.8995 -16.4311
      vertex 22.0132 -25.8995 0
      vertex 2.2048 -25.8995 -16.3215
    endloop
  endfacet
  facet normal 0 -1 0
    outer loop
      vertex 2.3097 -25.8995 -16.5433
      vertex 22.0132 -25.8995 0
      vertex 2.25997 -25.8995 -16.4311
    endloop
  endfacet
  facet normal 0 -1 0
    outer loop
      vertex 2.35386 -25.8995 -16.6578
      vertex 22.0132 -25.8995 0
      vertex 2.3097 -25.8995 -16.5433
    endloop
  endfacet
  facet normal 0 -1 0
    outer loop
      vertex 2.39235 -25.8995 -16.7743
      vertex 22.0132 -25.8995 0
      vertex 2.35386 -25.8995 -16.6578
    endloop
  endfacet
  facet normal 0 -1 0
    outer loop
      vertex 2.42508 -25.8995 -16.8925
      vertex 22.0132 -25.8995 0
      vertex 2.39235 -25.8995 -16.7743
    endloop
  endfacet
  facet normal 0 -1 0
    outer loop
      vertex 2.45196 -25.8995 -17.0123
      vertex 22.0132 -25.8995 0
      vertex 2.42508 -25.8995 -16.8925
    endloop
  endfacet
  facet normal 0 -1 0
    outer loop
      vertex 2.47294 -25.8995 -17.1332
      vertex 22.0132 -25.8995 0
      vertex 2.45196 -25.8995 -17.0123
    endloop
  endfacet
  facet normal 0 -1 0
    outer loop
      vertex 2.48796 -25.8995 -17.255
      vertex 22.0132 -25.8995 0
      vertex 2.47294 -25.8995 -17.1332
    endloop
  endfacet
  facet normal 0 -1 0
    outer loop
      vertex 2.49699 -25.8995 -17.3773
      vertex 22.0132 -25.8995 0
      vertex 2.48796 -25.8995 -17.255
    endloop
  endfacet
  facet normal 0 -1 0
    outer loop
      vertex 2.5 -25.8995 -17.5
      vertex 22.0132 -25.8995 0
      vertex 2.49699 -25.8995 -17.3773
    endloop
  endfacet
  facet normal 0 -1 0
    outer loop
      vertex 23.8995 -25.8995 -35
      vertex 22.0132 -25.8995 0
      vertex 2.5 -25.8995 -17.5
    endloop
  endfacet
  facet normal 0 -1 0
    outer loop
      vertex 23.8995 -25.8995 -35
      vertex 2.5 -25.8995 -17.5
      vertex 2.49699 -25.8995 -17.6227
    endloop
  endfacet
  facet normal 0 -1 0
    outer loop
      vertex 23.8995 -25.8995 -35
      vertex 2.49699 -25.8995 -17.6227
      vertex 2.48796 -25.8995 -17.745
    endloop
  endfacet
  facet normal 0 -1 0
    outer loop
      vertex 23.8995 -25.8995 -35
      vertex 2.48796 -25.8995 -17.745
      vertex 2.47294 -25.8995 -17.8668
    endloop
  endfacet
  facet normal 0 -1 0
    outer loop
      vertex 23.8995 -25.8995 -35
      vertex 2.47294 -25.8995 -17.8668
      vertex 2.45196 -25.8995 -17.9877
    endloop
  endfacet
  facet normal 0 -1 0
    outer loop
      vertex 23.8995 -25.8995 -35
      vertex 2.45196 -25.8995 -17.9877
      vertex 2.42508 -25.8995 -18.1074
    endloop
  endfacet
  facet normal 0 -1 0
    outer loop
      vertex 23.8995 -25.8995 -35
      vertex 2.42508 -25.8995 -18.1074
      vertex 2.39235 -25.8995 -18.2257
    endloop
  endfacet
  facet normal 0 -1 0
    outer loop
      vertex 23.8995 -25.8995 -35
      vertex 2.39235 -25.8995 -18.2257
      vertex 2.35386 -25.8995 -18.3422
    endloop
  endfacet
  facet normal 0 -1 0
    outer loop
      vertex 23.8995 -25.8995 -35
      vertex 2.35386 -25.8995 -18.3422
      vertex 2.3097 -25.8995 -18.4567
    endloop
  endfacet
  facet normal 0 -1 0
    outer loop
      vertex 23.8995 -25.8995 -35
      vertex 2.3097 -25.8995 -18.4567
      vertex 2.25997 -25.8995 -18.5689
    endloop
  endfacet
  facet normal 0 -1 0
    outer loop
      vertex 23.8995 -25.8995 -35
      vertex 2.25997 -25.8995 -18.5689
      vertex 2.2048 -25.8995 -18.6785
    endloop
  endfacet
  facet normal 0 -1 0
    outer loop
      vertex 23.8995 -25.8995 -35
      vertex 2.2048 -25.8995 -18.6785
      vertex 2.14432 -25.8995 -18.7853
    endloop
  endfacet
  facet normal 0 -1 0
    outer loop
      vertex 23.8995 -25.8995 -35
      vertex 2.14432 -25.8995 -18.7853
      vertex 2.07867 -25.8995 -18.8889
    endloop
  endfacet
  facet normal 0 -1 0
    outer loop
      vertex 23.8995 -25.8995 -35
      vertex 2.07867 -25.8995 -18.8889
      vertex 2.00802 -25.8995 -18.9892
    endloop
  endfacet
  facet normal 0 -1 0
    outer loop
      vertex 23.8995 -25.8995 -35
      vertex 2.00802 -25.8995 -18.9892
      vertex 1.93253 -25.8995 -19.086
    endloop
  endfacet
  facet normal 0 -1 0
    outer loop
      vertex 23.8995 -25.8995 -35
      vertex 1.93253 -25.8995 -19.086
      vertex 1.85238 -25.8995 -19.1789
    endloop
  endfacet
  facet normal 0 -1 0
    outer loop
      vertex 23.8995 -25.8995 -35
      vertex 1.85238 -25.8995 -19.1789
      vertex 1.76777 -25.8995 -19.2678
    endloop
  endfacet
  facet normal 0 -1 0
    outer loop
      vertex 23.8995 -25.8995 -35
      vertex 1.76777 -25.8995 -19.2678
      vertex 1.6789 -25.8995 -19.3524
    endloop
  endfacet
  facet normal 0 -1 0
    outer loop
      vertex 23.8995 -25.8995 -35
      vertex 0 -25.8995 -20
      vertex -23.8995 -25.8995 -35
    endloop
  endfacet
  facet normal 0 -1 0
    outer loop
      vertex 0 -25.8995 -20
      vertex 23.8995 -25.8995 -35
      vertex 0.122668 -25.8995 -19.997
    endloop
  endfacet
  facet normal 0 -1 0
    outer loop
      vertex 0.122668 -25.8995 -19.997
      vertex 23.8995 -25.8995 -35
      vertex 0.245043 -25.8995 -19.988
    endloop
  endfacet
  facet normal 0 -1 0
    outer loop
      vertex 0.245043 -25.8995 -19.988
      vertex 23.8995 -25.8995 -35
      vertex 0.366826 -25.8995 -19.9729
    endloop
  endfacet
  facet normal 0 -1 0
    outer loop
      vertex 0.366826 -25.8995 -19.9729
      vertex 23.8995 -25.8995 -35
      vertex 0.487725 -25.8995 -19.952
    endloop
  endfacet
  facet normal 0 -1 0
    outer loop
      vertex 0.487725 -25.8995 -19.952
      vertex 23.8995 -25.8995 -35
      vertex 0.60745 -25.8995 -19.9251
    endloop
  endfacet
  facet normal 0 -1 0
    outer loop
      vertex 0.60745 -25.8995 -19.9251
      vertex 23.8995 -25.8995 -35
      vertex 0.725711 -25.8995 -19.8923
    endloop
  endfacet
  facet normal 0 -1 0
    outer loop
      vertex 0.725711 -25.8995 -19.8923
      vertex 23.8995 -25.8995 -35
      vertex 0.842224 -25.8995 -19.8539
    endloop
  endfacet
  facet normal 0 -1 0
    outer loop
      vertex 0.842224 -25.8995 -19.8539
      vertex 23.8995 -25.8995 -35
      vertex 0.956708 -25.8995 -19.8097
    endloop
  endfacet
  facet normal 0 -1 0
    outer loop
      vertex 0.956708 -25.8995 -19.8097
      vertex 23.8995 -25.8995 -35
      vertex 1.06889 -25.8995 -19.76
    endloop
  endfacet
  facet normal 0 -1 0
    outer loop
      vertex 1.06889 -25.8995 -19.76
      vertex 23.8995 -25.8995 -35
      vertex 1.17849 -25.8995 -19.7048
    endloop
  endfacet
  facet normal 0 -1 0
    outer loop
      vertex 22.0132 -25.8995 0
      vertex 23.8995 -25.8995 -35
      vertex 23.8995 -25.8995 1
    endloop
  endfacet
  facet normal 0 -1 0
    outer loop
      vertex 1.58598 -25.8995 -19.4325
      vertex 23.8995 -25.8995 -35
      vertex 1.6789 -25.8995 -19.3524
    endloop
  endfacet
  facet normal 0 -1 0
    outer loop
      vertex 1.48925 -25.8995 -19.508
      vertex 23.8995 -25.8995 -35
      vertex 1.58598 -25.8995 -19.4325
    endloop
  endfacet
  facet normal 0 -1 0
    outer loop
      vertex 1.38893 -25.8995 -19.5787
      vertex 23.8995 -25.8995 -35
      vertex 1.48925 -25.8995 -19.508
    endloop
  endfacet
  facet normal 0 -1 0
    outer loop
      vertex 1.28526 -25.8995 -19.6443
      vertex 23.8995 -25.8995 -35
      vertex 1.38893 -25.8995 -19.5787
    endloop
  endfacet
  facet normal 0 -1 0
    outer loop
      vertex 1.17849 -25.8995 -19.7048
      vertex 23.8995 -25.8995 -35
      vertex 1.28526 -25.8995 -19.6443
    endloop
  endfacet
  facet normal 0 1 0
    outer loop
      vertex 2.45196 -7.95979 -17.0123
      vertex 13.8743 -7.95979 0
      vertex 19.8995 -7.95979 0
    endloop
  endfacet
  facet normal -0 1 0
    outer loop
      vertex 0.245043 -7.95979 -15.012
      vertex 13.8743 -7.95979 0
      vertex 0.366826 -7.95979 -15.0271
    endloop
  endfacet
  facet normal 0 1 -0
    outer loop
      vertex -0.122668 -7.95979 -15.003
      vertex -13.8743 -7.95979 0
      vertex 0 -7.95979 -15
    endloop
  endfacet
  facet normal 0 1 0
    outer loop
      vertex 13.8743 -7.95979 0
      vertex 0 -7.95979 -15
      vertex -13.8743 -7.95979 0
    endloop
  endfacet
  facet normal -0 1 0
    outer loop
      vertex 0 -7.95979 -15
      vertex 13.8743 -7.95979 0
      vertex 0.122668 -7.95979 -15.003
    endloop
  endfacet
  facet normal -0 1 0
    outer loop
      vertex 0.122668 -7.95979 -15.003
      vertex 13.8743 -7.95979 0
      vertex 0.245043 -7.95979 -15.012
    endloop
  endfacet
  facet normal 0 1 0
    outer loop
      vertex 13.8743 -7.95979 0
      vertex 0.487725 -7.95979 -15.048
      vertex 0.366826 -7.95979 -15.0271
    endloop
  endfacet
  facet normal 0 1 0
    outer loop
      vertex 13.8743 -7.95979 0
      vertex 0.60745 -7.95979 -15.0749
      vertex 0.487725 -7.95979 -15.048
    endloop
  endfacet
  facet normal 0 1 0
    outer loop
      vertex 13.8743 -7.95979 0
      vertex 0.725711 -7.95979 -15.1076
      vertex 0.60745 -7.95979 -15.0749
    endloop
  endfacet
  facet normal 0 1 0
    outer loop
      vertex 13.8743 -7.95979 0
      vertex 0.842224 -7.95979 -15.1461
      vertex 0.725711 -7.95979 -15.1076
    endloop
  endfacet
  facet normal 0 1 0
    outer loop
      vertex 13.8743 -7.95979 0
      vertex 0.956708 -7.95979 -15.1903
      vertex 0.842224 -7.95979 -15.1461
    endloop
  endfacet
  facet normal 0 1 0
    outer loop
      vertex 13.8743 -7.95979 0
      vertex 1.06889 -7.95979 -15.24
      vertex 0.956708 -7.95979 -15.1903
    endloop
  endfacet
  facet normal 0 1 0
    outer loop
      vertex 13.8743 -7.95979 0
      vertex 1.17849 -7.95979 -15.2952
      vertex 1.06889 -7.95979 -15.24
    endloop
  endfacet
  facet normal 0 1 0
    outer loop
      vertex 13.8743 -7.95979 0
      vertex 1.28526 -7.95979 -15.3557
      vertex 1.17849 -7.95979 -15.2952
    endloop
  endfacet
  facet normal 0 1 0
    outer loop
      vertex 13.8743 -7.95979 0
      vertex 1.38893 -7.95979 -15.4213
      vertex 1.28526 -7.95979 -15.3557
    endloop
  endfacet
  facet normal 0 1 0
    outer loop
      vertex 13.8743 -7.95979 0
      vertex 1.48925 -7.95979 -15.492
      vertex 1.38893 -7.95979 -15.4213
    endloop
  endfacet
  facet normal 0 1 0
    outer loop
      vertex 13.8743 -7.95979 0
      vertex 1.58598 -7.95979 -15.5675
      vertex 1.48925 -7.95979 -15.492
    endloop
  endfacet
  facet normal 0 1 0
    outer loop
      vertex 13.8743 -7.95979 0
      vertex 1.6789 -7.95979 -15.6476
      vertex 1.58598 -7.95979 -15.5675
    endloop
  endfacet
  facet normal 0 1 0
    outer loop
      vertex 13.8743 -7.95979 0
      vertex 1.76777 -7.95979 -15.7322
      vertex 1.6789 -7.95979 -15.6476
    endloop
  endfacet
  facet normal 0 1 0
    outer loop
      vertex 13.8743 -7.95979 0
      vertex 1.85238 -7.95979 -15.8211
      vertex 1.76777 -7.95979 -15.7322
    endloop
  endfacet
  facet normal 0 1 0
    outer loop
      vertex 13.8743 -7.95979 0
      vertex 1.93253 -7.95979 -15.914
      vertex 1.85238 -7.95979 -15.8211
    endloop
  endfacet
  facet normal 0 1 0
    outer loop
      vertex 13.8743 -7.95979 0
      vertex 2.00802 -7.95979 -16.0108
      vertex 1.93253 -7.95979 -15.914
    endloop
  endfacet
  facet normal 0 1 0
    outer loop
      vertex 13.8743 -7.95979 0
      vertex 2.07867 -7.95979 -16.1111
      vertex 2.00802 -7.95979 -16.0108
    endloop
  endfacet
  facet normal 0 1 0
    outer loop
      vertex 13.8743 -7.95979 0
      vertex 2.14432 -7.95979 -16.2147
      vertex 2.07867 -7.95979 -16.1111
    endloop
  endfacet
  facet normal 0 1 0
    outer loop
      vertex 13.8743 -7.95979 0
      vertex 2.2048 -7.95979 -16.3215
      vertex 2.14432 -7.95979 -16.2147
    endloop
  endfacet
  facet normal 0 1 0
    outer loop
      vertex 13.8743 -7.95979 0
      vertex 2.25997 -7.95979 -16.4311
      vertex 2.2048 -7.95979 -16.3215
    endloop
  endfacet
  facet normal 0 1 0
    outer loop
      vertex 13.8743 -7.95979 0
      vertex 2.3097 -7.95979 -16.5433
      vertex 2.25997 -7.95979 -16.4311
    endloop
  endfacet
  facet normal 0 1 0
    outer loop
      vertex 13.8743 -7.95979 0
      vertex 2.35386 -7.95979 -16.6578
      vertex 2.3097 -7.95979 -16.5433
    endloop
  endfacet
  facet normal 0 1 0
    outer loop
      vertex 13.8743 -7.95979 0
      vertex 2.39235 -7.95979 -16.7743
      vertex 2.35386 -7.95979 -16.6578
    endloop
  endfacet
  facet normal 0 1 0
    outer loop
      vertex 13.8743 -7.95979 0
      vertex 2.42508 -7.95979 -16.8925
      vertex 2.39235 -7.95979 -16.7743
    endloop
  endfacet
  facet normal 0 1 0
    outer loop
      vertex 13.8743 -7.95979 0
      vertex 2.45196 -7.95979 -17.0123
      vertex 2.42508 -7.95979 -16.8925
    endloop
  endfacet
  facet normal 0 1 0
    outer loop
      vertex 19.8995 -7.95979 0
      vertex 2.47294 -7.95979 -17.1332
      vertex 2.45196 -7.95979 -17.0123
    endloop
  endfacet
  facet normal 0 1 0
    outer loop
      vertex 19.8995 -7.95979 0
      vertex 2.48796 -7.95979 -17.255
      vertex 2.47294 -7.95979 -17.1332
    endloop
  endfacet
  facet normal 0 1 0
    outer loop
      vertex 19.8995 -7.95979 0
      vertex 2.49699 -7.95979 -17.3773
      vertex 2.48796 -7.95979 -17.255
    endloop
  endfacet
  facet normal 0 1 0
    outer loop
      vertex 19.8995 -7.95979 0
      vertex 2.5 -7.95979 -17.5
      vertex 2.49699 -7.95979 -17.3773
    endloop
  endfacet
  facet normal 0 1 -0
    outer loop
      vertex 19.8995 -7.95979 -35
      vertex 2.5 -7.95979 -17.5
      vertex 19.8995 -7.95979 0
    endloop
  endfacet
  facet normal 0 1 0
    outer loop
      vertex 2.5 -7.95979 -17.5
      vertex 19.8995 -7.95979 -35
      vertex 2.49699 -7.95979 -17.6227
    endloop
  endfacet
  facet normal 0 1 0
    outer loop
      vertex 2.49699 -7.95979 -17.6227
      vertex 19.8995 -7.95979 -35
      vertex 2.48796 -7.95979 -17.745
    endloop
  endfacet
  facet normal 0 1 0
    outer loop
      vertex 2.48796 -7.95979 -17.745
      vertex 19.8995 -7.95979 -35
      vertex 2.47294 -7.95979 -17.8668
    endloop
  endfacet
  facet normal 0 1 0
    outer loop
      vertex 2.47294 -7.95979 -17.8668
      vertex 19.8995 -7.95979 -35
      vertex 2.45196 -7.95979 -17.9877
    endloop
  endfacet
  facet normal 0 1 0
    outer loop
      vertex 2.45196 -7.95979 -17.9877
      vertex 19.8995 -7.95979 -35
      vertex 2.42508 -7.95979 -18.1074
    endloop
  endfacet
  facet normal 0 1 0
    outer loop
      vertex 2.42508 -7.95979 -18.1074
      vertex 19.8995 -7.95979 -35
      vertex 2.39235 -7.95979 -18.2257
    endloop
  endfacet
  facet normal 0 1 0
    outer loop
      vertex 2.39235 -7.95979 -18.2257
      vertex 19.8995 -7.95979 -35
      vertex 2.35386 -7.95979 -18.3422
    endloop
  endfacet
  facet normal 0 1 0
    outer loop
      vertex 2.35386 -7.95979 -18.3422
      vertex 19.8995 -7.95979 -35
      vertex 2.3097 -7.95979 -18.4567
    endloop
  endfacet
  facet normal 0 1 0
    outer loop
      vertex 2.3097 -7.95979 -18.4567
      vertex 19.8995 -7.95979 -35
      vertex 2.25997 -7.95979 -18.5689
    endloop
  endfacet
  facet normal 0 1 0
    outer loop
      vertex 2.25997 -7.95979 -18.5689
      vertex 19.8995 -7.95979 -35
      vertex 2.2048 -7.95979 -18.6785
    endloop
  endfacet
  facet normal 0 1 0
    outer loop
      vertex 2.2048 -7.95979 -18.6785
      vertex 19.8995 -7.95979 -35
      vertex 2.14432 -7.95979 -18.7853
    endloop
  endfacet
  facet normal 0 1 0
    outer loop
      vertex 2.14432 -7.95979 -18.7853
      vertex 19.8995 -7.95979 -35
      vertex 2.07867 -7.95979 -18.8889
    endloop
  endfacet
  facet normal 0 1 0
    outer loop
      vertex 2.07867 -7.95979 -18.8889
      vertex 19.8995 -7.95979 -35
      vertex 2.00802 -7.95979 -18.9892
    endloop
  endfacet
  facet normal 0 1 0
    outer loop
      vertex 2.00802 -7.95979 -18.9892
      vertex 19.8995 -7.95979 -35
      vertex 1.93253 -7.95979 -19.086
    endloop
  endfacet
  facet normal 0 1 0
    outer loop
      vertex 0.122668 -7.95979 -19.997
      vertex 19.8995 -7.95979 -35
      vertex 0 -7.95979 -20
    endloop
  endfacet
  facet normal 0 1 0
    outer loop
      vertex 0.245043 -7.95979 -19.988
      vertex 19.8995 -7.95979 -35
      vertex 0.122668 -7.95979 -19.997
    endloop
  endfacet
  facet normal 0 1 0
    outer loop
      vertex 0.366826 -7.95979 -19.9729
      vertex 19.8995 -7.95979 -35
      vertex 0.245043 -7.95979 -19.988
    endloop
  endfacet
  facet normal 0 1 0
    outer loop
      vertex 0.487725 -7.95979 -19.952
      vertex 19.8995 -7.95979 -35
      vertex 0.366826 -7.95979 -19.9729
    endloop
  endfacet
  facet normal 0 1 0
    outer loop
      vertex 0.60745 -7.95979 -19.9251
      vertex 19.8995 -7.95979 -35
      vertex 0.487725 -7.95979 -19.952
    endloop
  endfacet
  facet normal 0 1 0
    outer loop
      vertex 0.725711 -7.95979 -19.8923
      vertex 19.8995 -7.95979 -35
      vertex 0.60745 -7.95979 -19.9251
    endloop
  endfacet
  facet normal 0 1 0
    outer loop
      vertex 0.842224 -7.95979 -19.8539
      vertex 19.8995 -7.95979 -35
      vertex 0.725711 -7.95979 -19.8923
    endloop
  endfacet
  facet normal 0 1 0
    outer loop
      vertex 0.956708 -7.95979 -19.8097
      vertex 19.8995 -7.95979 -35
      vertex 0.842224 -7.95979 -19.8539
    endloop
  endfacet
  facet normal 0 1 0
    outer loop
      vertex 1.06889 -7.95979 -19.76
      vertex 19.8995 -7.95979 -35
      vertex 0.956708 -7.95979 -19.8097
    endloop
  endfacet
  facet normal 0 1 0
    outer loop
      vertex 1.17849 -7.95979 -19.7048
      vertex 19.8995 -7.95979 -35
      vertex 1.06889 -7.95979 -19.76
    endloop
  endfacet
  facet normal 0 1 0
    outer loop
      vertex 1.28526 -7.95979 -19.6443
      vertex 19.8995 -7.95979 -35
      vertex 1.17849 -7.95979 -19.7048
    endloop
  endfacet
  facet normal 0 1 0
    outer loop
      vertex 1.38893 -7.95979 -19.5787
      vertex 19.8995 -7.95979 -35
      vertex 1.28526 -7.95979 -19.6443
    endloop
  endfacet
  facet normal 0 1 0
    outer loop
      vertex 1.48925 -7.95979 -19.508
      vertex 19.8995 -7.95979 -35
      vertex 1.38893 -7.95979 -19.5787
    endloop
  endfacet
  facet normal 0 1 0
    outer loop
      vertex 1.58598 -7.95979 -19.4325
      vertex 19.8995 -7.95979 -35
      vertex 1.48925 -7.95979 -19.508
    endloop
  endfacet
  facet normal 0 1 0
    outer loop
      vertex 1.6789 -7.95979 -19.3524
      vertex 19.8995 -7.95979 -35
      vertex 1.58598 -7.95979 -19.4325
    endloop
  endfacet
  facet normal 0 1 0
    outer loop
      vertex 1.76777 -7.95979 -19.2678
      vertex 19.8995 -7.95979 -35
      vertex 1.6789 -7.95979 -19.3524
    endloop
  endfacet
  facet normal 0 1 0
    outer loop
      vertex 1.85238 -7.95979 -19.1789
      vertex 19.8995 -7.95979 -35
      vertex 1.76777 -7.95979 -19.2678
    endloop
  endfacet
  facet normal 0 1 0
    outer loop
      vertex 1.93253 -7.95979 -19.086
      vertex 19.8995 -7.95979 -35
      vertex 1.85238 -7.95979 -19.1789
    endloop
  endfacet
  facet normal 0 1 -0
    outer loop
      vertex 13.8743 -7.95979 0
      vertex -13.8743 -7.95979 1
      vertex 13.8743 -7.95979 1
    endloop
  endfacet
  facet normal 0 1 0
    outer loop
      vertex -13.8743 -7.95979 1
      vertex 13.8743 -7.95979 0
      vertex -13.8743 -7.95979 0
    endloop
  endfacet
  facet normal 0 1 -0
    outer loop
      vertex -0.245043 -7.95979 -15.012
      vertex -13.8743 -7.95979 0
      vertex -0.122668 -7.95979 -15.003
    endloop
  endfacet
  facet normal 0 1 -0
    outer loop
      vertex -0.366826 -7.95979 -15.0271
      vertex -13.8743 -7.95979 0
      vertex -0.245043 -7.95979 -15.012
    endloop
  endfacet
  facet normal 0 1 -0
    outer loop
      vertex -0.487725 -7.95979 -15.048
      vertex -13.8743 -7.95979 0
      vertex -0.366826 -7.95979 -15.0271
    endloop
  endfacet
  facet normal 0 1 -0
    outer loop
      vertex -0.60745 -7.95979 -15.0749
      vertex -13.8743 -7.95979 0
      vertex -0.487725 -7.95979 -15.048
    endloop
  endfacet
  facet normal 0 1 -0
    outer loop
      vertex -0.725711 -7.95979 -15.1076
      vertex -13.8743 -7.95979 0
      vertex -0.60745 -7.95979 -15.0749
    endloop
  endfacet
  facet normal 0 1 -0
    outer loop
      vertex -0.842224 -7.95979 -15.1461
      vertex -13.8743 -7.95979 0
      vertex -0.725711 -7.95979 -15.1076
    endloop
  endfacet
  facet normal 0 1 -0
    outer loop
      vertex -0.956708 -7.95979 -15.1903
      vertex -13.8743 -7.95979 0
      vertex -0.842224 -7.95979 -15.1461
    endloop
  endfacet
  facet normal 0 1 -0
    outer loop
      vertex -1.06889 -7.95979 -15.24
      vertex -13.8743 -7.95979 0
      vertex -0.956708 -7.95979 -15.1903
    endloop
  endfacet
  facet normal 0 1 -0
    outer loop
      vertex -1.17849 -7.95979 -15.2952
      vertex -13.8743 -7.95979 0
      vertex -1.06889 -7.95979 -15.24
    endloop
  endfacet
  facet normal 0 1 -0
    outer loop
      vertex -1.28526 -7.95979 -15.3557
      vertex -13.8743 -7.95979 0
      vertex -1.17849 -7.95979 -15.2952
    endloop
  endfacet
  facet normal 0 1 -0
    outer loop
      vertex -1.38893 -7.95979 -15.4213
      vertex -13.8743 -7.95979 0
      vertex -1.28526 -7.95979 -15.3557
    endloop
  endfacet
  facet normal 0 1 -0
    outer loop
      vertex -1.48925 -7.95979 -15.492
      vertex -13.8743 -7.95979 0
      vertex -1.38893 -7.95979 -15.4213
    endloop
  endfacet
  facet normal 0 1 -0
    outer loop
      vertex -1.58598 -7.95979 -15.5675
      vertex -13.8743 -7.95979 0
      vertex -1.48925 -7.95979 -15.492
    endloop
  endfacet
  facet normal 0 1 -0
    outer loop
      vertex -1.6789 -7.95979 -15.6476
      vertex -13.8743 -7.95979 0
      vertex -1.58598 -7.95979 -15.5675
    endloop
  endfacet
  facet normal 0 1 -0
    outer loop
      vertex -1.76777 -7.95979 -15.7322
      vertex -13.8743 -7.95979 0
      vertex -1.6789 -7.95979 -15.6476
    endloop
  endfacet
  facet normal 0 1 -0
    outer loop
      vertex -1.85238 -7.95979 -15.8211
      vertex -13.8743 -7.95979 0
      vertex -1.76777 -7.95979 -15.7322
    endloop
  endfacet
  facet normal 0 1 -0
    outer loop
      vertex -1.93253 -7.95979 -15.914
      vertex -13.8743 -7.95979 0
      vertex -1.85238 -7.95979 -15.8211
    endloop
  endfacet
  facet normal 0 1 -0
    outer loop
      vertex -2.00802 -7.95979 -16.0108
      vertex -13.8743 -7.95979 0
      vertex -1.93253 -7.95979 -15.914
    endloop
  endfacet
  facet normal 0 1 -0
    outer loop
      vertex -2.07867 -7.95979 -16.1111
      vertex -13.8743 -7.95979 0
      vertex -2.00802 -7.95979 -16.0108
    endloop
  endfacet
  facet normal 0 1 -0
    outer loop
      vertex -2.14432 -7.95979 -16.2147
      vertex -13.8743 -7.95979 0
      vertex -2.07867 -7.95979 -16.1111
    endloop
  endfacet
  facet normal 0 1 -0
    outer loop
      vertex -2.2048 -7.95979 -16.3215
      vertex -13.8743 -7.95979 0
      vertex -2.14432 -7.95979 -16.2147
    endloop
  endfacet
  facet normal 0 1 -0
    outer loop
      vertex -2.25997 -7.95979 -16.4311
      vertex -13.8743 -7.95979 0
      vertex -2.2048 -7.95979 -16.3215
    endloop
  endfacet
  facet normal 0 1 -0
    outer loop
      vertex -2.3097 -7.95979 -16.5433
      vertex -13.8743 -7.95979 0
      vertex -2.25997 -7.95979 -16.4311
    endloop
  endfacet
  facet normal 0 1 -0
    outer loop
      vertex -2.35386 -7.95979 -16.6578
      vertex -13.8743 -7.95979 0
      vertex -2.3097 -7.95979 -16.5433
    endloop
  endfacet
  facet normal 0 1 -0
    outer loop
      vertex -2.39235 -7.95979 -16.7743
      vertex -13.8743 -7.95979 0
      vertex -2.35386 -7.95979 -16.6578
    endloop
  endfacet
  facet normal 0 1 -0
    outer loop
      vertex -2.42508 -7.95979 -16.8925
      vertex -13.8743 -7.95979 0
      vertex -2.39235 -7.95979 -16.7743
    endloop
  endfacet
  facet normal 0 1 -0
    outer loop
      vertex -2.45196 -7.95979 -17.0123
      vertex -13.8743 -7.95979 0
      vertex -2.42508 -7.95979 -16.8925
    endloop
  endfacet
  facet normal 0 1 0
    outer loop
      vertex -13.8743 -7.95979 0
      vertex -2.45196 -7.95979 -17.0123
      vertex -19.8995 -7.95979 0
    endloop
  endfacet
  facet normal 0 1 -0
    outer loop
      vertex -2.47294 -7.95979 -17.1332
      vertex -19.8995 -7.95979 0
      vertex -2.45196 -7.95979 -17.0123
    endloop
  endfacet
  facet normal 0 1 -0
    outer loop
      vertex -2.48796 -7.95979 -17.255
      vertex -19.8995 -7.95979 0
      vertex -2.47294 -7.95979 -17.1332
    endloop
  endfacet
  facet normal 0 1 -0
    outer loop
      vertex -2.49699 -7.95979 -17.3773
      vertex -19.8995 -7.95979 0
      vertex -2.48796 -7.95979 -17.255
    endloop
  endfacet
  facet normal 0 1 -0
    outer loop
      vertex -2.5 -7.95979 -17.5
      vertex -19.8995 -7.95979 0
      vertex -2.49699 -7.95979 -17.3773
    endloop
  endfacet
  facet normal 0 1 0
    outer loop
      vertex -19.8995 -7.95979 -35
      vertex -2.5 -7.95979 -17.5
      vertex -2.49699 -7.95979 -17.6227
    endloop
  endfacet
  facet normal 0 1 0
    outer loop
      vertex -19.8995 -7.95979 -35
      vertex -2.49699 -7.95979 -17.6227
      vertex -2.48796 -7.95979 -17.745
    endloop
  endfacet
  facet normal 0 1 0
    outer loop
      vertex -19.8995 -7.95979 -35
      vertex -2.48796 -7.95979 -17.745
      vertex -2.47294 -7.95979 -17.8668
    endloop
  endfacet
  facet normal 0 1 0
    outer loop
      vertex -19.8995 -7.95979 -35
      vertex -2.47294 -7.95979 -17.8668
      vertex -2.45196 -7.95979 -17.9877
    endloop
  endfacet
  facet normal 0 1 0
    outer loop
      vertex -19.8995 -7.95979 -35
      vertex -2.45196 -7.95979 -17.9877
      vertex -2.42508 -7.95979 -18.1074
    endloop
  endfacet
  facet normal 0 1 0
    outer loop
      vertex -19.8995 -7.95979 -35
      vertex -2.42508 -7.95979 -18.1074
      vertex -2.39235 -7.95979 -18.2257
    endloop
  endfacet
  facet normal 0 1 0
    outer loop
      vertex -19.8995 -7.95979 -35
      vertex -2.39235 -7.95979 -18.2257
      vertex -2.35386 -7.95979 -18.3422
    endloop
  endfacet
  facet normal 0 1 0
    outer loop
      vertex -19.8995 -7.95979 -35
      vertex -2.35386 -7.95979 -18.3422
      vertex -2.3097 -7.95979 -18.4567
    endloop
  endfacet
  facet normal 0 1 0
    outer loop
      vertex -19.8995 -7.95979 -35
      vertex -2.3097 -7.95979 -18.4567
      vertex -2.25997 -7.95979 -18.5689
    endloop
  endfacet
  facet normal 0 1 0
    outer loop
      vertex -19.8995 -7.95979 -35
      vertex -2.25997 -7.95979 -18.5689
      vertex -2.2048 -7.95979 -18.6785
    endloop
  endfacet
  facet normal 0 1 0
    outer loop
      vertex -19.8995 -7.95979 -35
      vertex -2.2048 -7.95979 -18.6785
      vertex -2.14432 -7.95979 -18.7853
    endloop
  endfacet
  facet normal 0 1 0
    outer loop
      vertex -19.8995 -7.95979 -35
      vertex -2.14432 -7.95979 -18.7853
      vertex -2.07867 -7.95979 -18.8889
    endloop
  endfacet
  facet normal 0 1 0
    outer loop
      vertex -19.8995 -7.95979 -35
      vertex -2.07867 -7.95979 -18.8889
      vertex -2.00802 -7.95979 -18.9892
    endloop
  endfacet
  facet normal 0 1 0
    outer loop
      vertex -19.8995 -7.95979 -35
      vertex -2.00802 -7.95979 -18.9892
      vertex -1.93253 -7.95979 -19.086
    endloop
  endfacet
  facet normal 0 1 0
    outer loop
      vertex -19.8995 -7.95979 -35
      vertex -1.93253 -7.95979 -19.086
      vertex -1.85238 -7.95979 -19.1789
    endloop
  endfacet
  facet normal 0 1 0
    outer loop
      vertex -19.8995 -7.95979 -35
      vertex 0 -7.95979 -20
      vertex 19.8995 -7.95979 -35
    endloop
  endfacet
  facet normal 0 1 0
    outer loop
      vertex 0 -7.95979 -20
      vertex -19.8995 -7.95979 -35
      vertex -0.122668 -7.95979 -19.997
    endloop
  endfacet
  facet normal 0 1 0
    outer loop
      vertex -0.122668 -7.95979 -19.997
      vertex -19.8995 -7.95979 -35
      vertex -0.245043 -7.95979 -19.988
    endloop
  endfacet
  facet normal 0 1 0
    outer loop
      vertex -0.245043 -7.95979 -19.988
      vertex -19.8995 -7.95979 -35
      vertex -0.366826 -7.95979 -19.9729
    endloop
  endfacet
  facet normal 0 1 0
    outer loop
      vertex -0.366826 -7.95979 -19.9729
      vertex -19.8995 -7.95979 -35
      vertex -0.487725 -7.95979 -19.952
    endloop
  endfacet
  facet normal 0 1 0
    outer loop
      vertex -0.487725 -7.95979 -19.952
      vertex -19.8995 -7.95979 -35
      vertex -0.60745 -7.95979 -19.9251
    endloop
  endfacet
  facet normal 0 1 0
    outer loop
      vertex -0.60745 -7.95979 -19.9251
      vertex -19.8995 -7.95979 -35
      vertex -0.725711 -7.95979 -19.8923
    endloop
  endfacet
  facet normal 0 1 0
    outer loop
      vertex -0.725711 -7.95979 -19.8923
      vertex -19.8995 -7.95979 -35
      vertex -0.842224 -7.95979 -19.8539
    endloop
  endfacet
  facet normal 0 1 0
    outer loop
      vertex -0.842224 -7.95979 -19.8539
      vertex -19.8995 -7.95979 -35
      vertex -0.956708 -7.95979 -19.8097
    endloop
  endfacet
  facet normal 0 1 0
    outer loop
      vertex -0.956708 -7.95979 -19.8097
      vertex -19.8995 -7.95979 -35
      vertex -1.06889 -7.95979 -19.76
    endloop
  endfacet
  facet normal 0 1 0
    outer loop
      vertex -1.06889 -7.95979 -19.76
      vertex -19.8995 -7.95979 -35
      vertex -1.17849 -7.95979 -19.7048
    endloop
  endfacet
  facet normal 0 1 0
    outer loop
      vertex -1.17849 -7.95979 -19.7048
      vertex -19.8995 -7.95979 -35
      vertex -1.28526 -7.95979 -19.6443
    endloop
  endfacet
  facet normal 0 1 0
    outer loop
      vertex -1.28526 -7.95979 -19.6443
      vertex -19.8995 -7.95979 -35
      vertex -1.38893 -7.95979 -19.5787
    endloop
  endfacet
  facet normal 0 1 0
    outer loop
      vertex -2.5 -7.95979 -17.5
      vertex -19.8995 -7.95979 -35
      vertex -19.8995 -7.95979 0
    endloop
  endfacet
  facet normal 0 1 0
    outer loop
      vertex -1.76777 -7.95979 -19.2678
      vertex -19.8995 -7.95979 -35
      vertex -1.85238 -7.95979 -19.1789
    endloop
  endfacet
  facet normal 0 1 0
    outer loop
      vertex -1.6789 -7.95979 -19.3524
      vertex -19.8995 -7.95979 -35
      vertex -1.76777 -7.95979 -19.2678
    endloop
  endfacet
  facet normal 0 1 0
    outer loop
      vertex -1.58598 -7.95979 -19.4325
      vertex -19.8995 -7.95979 -35
      vertex -1.6789 -7.95979 -19.3524
    endloop
  endfacet
  facet normal 0 1 0
    outer loop
      vertex -1.48925 -7.95979 -19.508
      vertex -19.8995 -7.95979 -35
      vertex -1.58598 -7.95979 -19.4325
    endloop
  endfacet
  facet normal 0 1 0
    outer loop
      vertex -1.38893 -7.95979 -19.5787
      vertex -19.8995 -7.95979 -35
      vertex -1.48925 -7.95979 -19.508
    endloop
  endfacet
  facet normal -0.707106 -0.707107 0
    outer loop
      vertex 0 11.9397 1
      vertex 15.5768 -3.63708 0
      vertex 15.5768 -3.63708 1
    endloop
  endfacet
  facet normal -0.707106 -0.707107 0
    outer loop
      vertex 0 11.9397 -35
      vertex 15.5768 -3.63708 0
      vertex 0 11.9397 1
    endloop
  endfacet
  facet normal -0.707107 -0.707107 2.45917e-07
    outer loop
      vertex 19.8995 -7.95979 -35
      vertex 15.5768 -3.63708 0
      vertex 0 11.9397 -35
    endloop
  endfacet
  facet normal -0.707108 -0.707106 0
    outer loop
      vertex 15.5768 -3.63708 0
      vertex 19.8995 -7.95979 -35
      vertex 19.8995 -7.95979 0
    endloop
  endfacet
  facet normal 0.707108 -0.707106 0
    outer loop
      vertex -19.8995 -7.95979 0
      vertex -19.8995 -7.95979 -35
      vertex -15.5768 -3.63708 0
    endloop
  endfacet
  facet normal 0.707106 -0.707107 0
    outer loop
      vertex -15.5768 -3.63708 0
      vertex 0 11.9397 1
      vertex -15.5768 -3.63708 1
    endloop
  endfacet
  facet normal 0.707107 -0.707107 2.45917e-07
    outer loop
      vertex 0 11.9397 -35
      vertex -15.5768 -3.63708 0
      vertex -19.8995 -7.95979 -35
    endloop
  endfacet
  facet normal 0.707106 -0.707107 0
    outer loop
      vertex -15.5768 -3.63708 0
      vertex 0 11.9397 -35
      vertex 0 11.9397 1
    endloop
  endfacet
  facet normal -0.992482 0 0.12239
    outer loop
      vertex 2.47294 -25.8995 -17.8668
      vertex 2.48796 -7.95979 -17.745
      vertex 2.47294 -7.95979 -17.8668
    endloop
  endfacet
  facet normal -0.992482 0 0.12239
    outer loop
      vertex 2.48796 -7.95979 -17.745
      vertex 2.47294 -25.8995 -17.8668
      vertex 2.48796 -25.8995 -17.745
    endloop
  endfacet
  facet normal -0.999699 0 0.024524
    outer loop
      vertex 2.49699 -25.8995 -17.6227
      vertex 2.5 -7.95979 -17.5
      vertex 2.49699 -7.95979 -17.6227
    endloop
  endfacet
  facet normal -0.999699 0 0.024524
    outer loop
      vertex 2.5 -7.95979 -17.5
      vertex 2.49699 -25.8995 -17.6227
      vertex 2.5 -25.8995 -17.5
    endloop
  endfacet
  facet normal 0.0244489 0 0.999701
    outer loop
      vertex -0.122668 -7.95979 -19.997
      vertex 0 -25.8995 -20
      vertex 0 -7.95979 -20
    endloop
  endfacet
  facet normal 0.0244489 0 0.999701
    outer loop
      vertex 0 -25.8995 -20
      vertex -0.122668 -7.95979 -19.997
      vertex -0.122668 -25.8995 -19.997
    endloop
  endfacet
  facet normal -0.689492 0 0.724293
    outer loop
      vertex 1.6789 -7.95979 -19.3524
      vertex 1.76777 -25.8995 -19.2678
      vertex 1.76777 -7.95979 -19.2678
    endloop
  endfacet
  facet normal -0.689492 0 0.724293
    outer loop
      vertex 1.76777 -25.8995 -19.2678
      vertex 1.6789 -7.95979 -19.3524
      vertex 1.6789 -25.8995 -19.3524
    endloop
  endfacet
  facet normal 0.724368 -0 0.689413
    outer loop
      vertex -1.85238 -25.8995 -19.1789
      vertex -1.76777 -7.95979 -19.2678
      vertex -1.85238 -7.95979 -19.1789
    endloop
  endfacet
  facet normal 0.724368 0 0.689413
    outer loop
      vertex -1.76777 -7.95979 -19.2678
      vertex -1.85238 -25.8995 -19.1789
      vertex -1.76777 -25.8995 -19.2678
    endloop
  endfacet
  facet normal 0.405058 0 0.914291
    outer loop
      vertex -1.06889 -7.95979 -19.76
      vertex -0.956708 -25.8995 -19.8097
      vertex -0.956708 -7.95979 -19.8097
    endloop
  endfacet
  facet normal 0.405058 0 0.914291
    outer loop
      vertex -0.956708 -25.8995 -19.8097
      vertex -1.06889 -7.95979 -19.76
      vertex -1.06889 -25.8995 -19.76
    endloop
  endfacet
  facet normal -0.914224 0 0.405208
    outer loop
      vertex 2.25997 -25.8995 -18.5689
      vertex 2.3097 -7.95979 -18.4567
      vertex 2.25997 -7.95979 -18.5689
    endloop
  endfacet
  facet normal -0.914224 0 0.405208
    outer loop
      vertex 2.3097 -7.95979 -18.4567
      vertex 2.25997 -25.8995 -18.5689
      vertex 2.3097 -25.8995 -18.4567
    endloop
  endfacet
  facet normal -0.360169 0 0.932887
    outer loop
      vertex 0.842224 -7.95979 -19.8539
      vertex 0.956708 -25.8995 -19.8097
      vertex 0.956708 -7.95979 -19.8097
    endloop
  endfacet
  facet normal -0.360169 0 0.932887
    outer loop
      vertex 0.956708 -25.8995 -19.8097
      vertex 0.842224 -7.95979 -19.8539
      vertex 0.842224 -25.8995 -19.8539
    endloop
  endfacet
  facet normal -0.534717 0 0.845031
    outer loop
      vertex 1.28526 -7.95979 -19.6443
      vertex 1.38893 -25.8995 -19.5787
      vertex 1.38893 -7.95979 -19.5787
    endloop
  endfacet
  facet normal -0.534717 0 0.845031
    outer loop
      vertex 1.38893 -25.8995 -19.5787
      vertex 1.28526 -7.95979 -19.6443
      vertex 1.28526 -25.8995 -19.6443
    endloop
  endfacet
  facet normal 0.933013 -0 0.359842
    outer loop
      vertex -2.35386 -25.8995 -18.3422
      vertex -2.3097 -7.95979 -18.4567
      vertex -2.35386 -7.95979 -18.3422
    endloop
  endfacet
  facet normal 0.933013 0 0.359842
    outer loop
      vertex -2.3097 -7.95979 -18.4567
      vertex -2.35386 -25.8995 -18.3422
      vertex -2.3097 -25.8995 -18.4567
    endloop
  endfacet
  facet normal 0.788558 -0 0.614961
    outer loop
      vertex -2.00802 -25.8995 -18.9892
      vertex -1.93253 -7.95979 -19.086
      vertex -2.00802 -7.95979 -18.9892
    endloop
  endfacet
  facet normal 0.788558 0 0.614961
    outer loop
      vertex -1.93253 -7.95979 -19.086
      vertex -2.00802 -25.8995 -18.9892
      vertex -1.93253 -25.8995 -19.086
    endloop
  endfacet
  facet normal 0.219216 0 0.975676
    outer loop
      vertex -0.60745 -7.95979 -19.9251
      vertex -0.487725 -25.8995 -19.952
      vertex -0.487725 -7.95979 -19.952
    endloop
  endfacet
  facet normal 0.219216 0 0.975676
    outer loop
      vertex -0.487725 -25.8995 -19.952
      vertex -0.60745 -7.95979 -19.9251
      vertex -0.60745 -25.8995 -19.9251
    endloop
  endfacet
  facet normal 0.689492 0 -0.724293
    outer loop
      vertex -1.76777 -25.8995 -15.7322
      vertex -1.6789 -7.95979 -15.6476
      vertex -1.6789 -25.8995 -15.6476
    endloop
  endfacet
  facet normal 0.689492 0 -0.724293
    outer loop
      vertex -1.6789 -7.95979 -15.6476
      vertex -1.76777 -25.8995 -15.7322
      vertex -1.76777 -7.95979 -15.7322
    endloop
  endfacet
  facet normal 0.914224 0 -0.405208
    outer loop
      vertex -2.25997 -25.8995 -16.4311
      vertex -2.3097 -7.95979 -16.5433
      vertex -2.25997 -7.95979 -16.4311
    endloop
  endfacet
  facet normal 0.914224 0 -0.405208
    outer loop
      vertex -2.3097 -7.95979 -16.5433
      vertex -2.25997 -25.8995 -16.4311
      vertex -2.3097 -25.8995 -16.5433
    endloop
  endfacet
  facet normal -0.985275 0 0.170977
    outer loop
      vertex 2.45196 -25.8995 -17.9877
      vertex 2.47294 -7.95979 -17.8668
      vertex 2.45196 -7.95979 -17.9877
    endloop
  endfacet
  facet normal -0.985275 0 0.170977
    outer loop
      vertex 2.47294 -7.95979 -17.8668
      vertex 2.45196 -25.8995 -17.9877
      vertex 2.47294 -25.8995 -17.8668
    endloop
  endfacet
  facet normal -0.817543 0 0.575867
    outer loop
      vertex 2.00802 -25.8995 -18.9892
      vertex 2.07867 -7.95979 -18.8889
      vertex 2.00802 -7.95979 -18.9892
    endloop
  endfacet
  facet normal -0.817543 0 0.575867
    outer loop
      vertex 2.07867 -7.95979 -18.8889
      vertex 2.00802 -25.8995 -18.9892
      vertex 2.07867 -25.8995 -18.8889
    endloop
  endfacet
  facet normal -0.219216 0 0.975676
    outer loop
      vertex 0.487725 -7.95979 -19.952
      vertex 0.60745 -25.8995 -19.9251
      vertex 0.60745 -7.95979 -19.9251
    endloop
  endfacet
  facet normal -0.219216 0 0.975676
    outer loop
      vertex 0.60745 -25.8995 -19.9251
      vertex 0.487725 -7.95979 -19.952
      vertex 0.487725 -25.8995 -19.952
    endloop
  endfacet
  facet normal -0.267264 0 0.963623
    outer loop
      vertex 0.60745 -7.95979 -19.9251
      vertex 0.725711 -25.8995 -19.8923
      vertex 0.725711 -7.95979 -19.8923
    endloop
  endfacet
  facet normal -0.267264 0 0.963623
    outer loop
      vertex 0.725711 -25.8995 -19.8923
      vertex 0.60745 -7.95979 -19.9251
      vertex 0.60745 -25.8995 -19.9251
    endloop
  endfacet
  facet normal 0.975701 -0 0.219105
    outer loop
      vertex -2.45196 -25.8995 -17.9877
      vertex -2.42508 -7.95979 -18.1074
      vertex -2.45196 -7.95979 -17.9877
    endloop
  endfacet
  facet normal 0.975701 0 0.219105
    outer loop
      vertex -2.42508 -7.95979 -18.1074
      vertex -2.45196 -25.8995 -17.9877
      vertex -2.42508 -25.8995 -18.1074
    endloop
  endfacet
  facet normal 0.817543 -0 0.575867
    outer loop
      vertex -2.07867 -25.8995 -18.8889
      vertex -2.00802 -7.95979 -18.9892
      vertex -2.07867 -7.95979 -18.8889
    endloop
  endfacet
  facet normal 0.817543 0 0.575867
    outer loop
      vertex -2.00802 -7.95979 -18.9892
      vertex -2.07867 -25.8995 -18.8889
      vertex -2.00802 -25.8995 -18.9892
    endloop
  endfacet
  facet normal 0.963793 -0 0.266652
    outer loop
      vertex -2.42508 -25.8995 -18.1074
      vertex -2.39235 -7.95979 -18.2257
      vertex -2.42508 -7.95979 -18.1074
    endloop
  endfacet
  facet normal 0.963793 0 0.266652
    outer loop
      vertex -2.39235 -7.95979 -18.2257
      vertex -2.42508 -25.8995 -18.1074
      vertex -2.39235 -25.8995 -18.2257
    endloop
  endfacet
  facet normal 0.999699 0 -0.024524
    outer loop
      vertex -2.49699 -25.8995 -17.3773
      vertex -2.5 -7.95979 -17.5
      vertex -2.49699 -7.95979 -17.3773
    endloop
  endfacet
  facet normal 0.999699 0 -0.024524
    outer loop
      vertex -2.5 -7.95979 -17.5
      vertex -2.49699 -25.8995 -17.3773
      vertex -2.5 -25.8995 -17.5
    endloop
  endfacet
  facet normal 0.534717 0 0.845031
    outer loop
      vertex -1.38893 -7.95979 -19.5787
      vertex -1.28526 -25.8995 -19.6443
      vertex -1.28526 -7.95979 -19.6443
    endloop
  endfacet
  facet normal 0.534717 0 0.845031
    outer loop
      vertex -1.28526 -25.8995 -19.6443
      vertex -1.38893 -7.95979 -19.5787
      vertex -1.38893 -25.8995 -19.5787
    endloop
  endfacet
  facet normal 0.492994 0 0.870033
    outer loop
      vertex -1.28526 -7.95979 -19.6443
      vertex -1.17849 -25.8995 -19.7048
      vertex -1.17849 -7.95979 -19.7048
    endloop
  endfacet
  facet normal 0.492994 0 0.870033
    outer loop
      vertex -1.17849 -25.8995 -19.7048
      vertex -1.28526 -7.95979 -19.6443
      vertex -1.28526 -25.8995 -19.6443
    endloop
  endfacet
  facet normal -0.97574 0 -0.218931
    outer loop
      vertex 2.45196 -25.8995 -17.0123
      vertex 2.42508 -7.95979 -16.8925
      vertex 2.45196 -7.95979 -17.0123
    endloop
  endfacet
  facet normal -0.97574 -0 -0.218931
    outer loop
      vertex 2.42508 -7.95979 -16.8925
      vertex 2.45196 -25.8995 -17.0123
      vertex 2.42508 -25.8995 -16.8925
    endloop
  endfacet
  facet normal -0.170345 0 -0.985384
    outer loop
      vertex 0.366826 -25.8995 -15.0271
      vertex 0.487725 -7.95979 -15.048
      vertex 0.487725 -25.8995 -15.048
    endloop
  endfacet
  facet normal -0.170345 0 -0.985384
    outer loop
      vertex 0.487725 -7.95979 -15.048
      vertex 0.366826 -25.8995 -15.0271
      vertex 0.366826 -7.95979 -15.0271
    endloop
  endfacet
  facet normal -0.405058 0 -0.914291
    outer loop
      vertex 0.956708 -25.8995 -15.1903
      vertex 1.06889 -7.95979 -15.24
      vertex 1.06889 -25.8995 -15.24
    endloop
  endfacet
  facet normal -0.405058 0 -0.914291
    outer loop
      vertex 1.06889 -7.95979 -15.24
      vertex 0.956708 -25.8995 -15.1903
      vertex 0.956708 -7.95979 -15.1903
    endloop
  endfacet
  facet normal -0.724368 0 -0.689413
    outer loop
      vertex 1.85238 -25.8995 -15.8211
      vertex 1.76777 -7.95979 -15.7322
      vertex 1.85238 -7.95979 -15.8211
    endloop
  endfacet
  facet normal -0.724368 -0 -0.689413
    outer loop
      vertex 1.76777 -7.95979 -15.7322
      vertex 1.85238 -25.8995 -15.8211
      vertex 1.76777 -25.8995 -15.7322
    endloop
  endfacet
  facet normal -0.576062 0 -0.817406
    outer loop
      vertex 1.38893 -25.8995 -15.4213
      vertex 1.48925 -7.95979 -15.492
      vertex 1.48925 -25.8995 -15.492
    endloop
  endfacet
  facet normal -0.576062 0 -0.817406
    outer loop
      vertex 1.48925 -7.95979 -15.492
      vertex 1.38893 -25.8995 -15.4213
      vertex 1.38893 -7.95979 -15.4213
    endloop
  endfacet
  facet normal -0.817543 0 -0.575867
    outer loop
      vertex 2.07867 -25.8995 -16.1111
      vertex 2.00802 -7.95979 -16.0108
      vertex 2.07867 -7.95979 -16.1111
    endloop
  endfacet
  facet normal -0.817543 -0 -0.575867
    outer loop
      vertex 2.00802 -7.95979 -16.0108
      vertex 2.07867 -25.8995 -16.1111
      vertex 2.00802 -25.8995 -16.0108
    endloop
  endfacet
  facet normal -0.933013 0 -0.359842
    outer loop
      vertex 2.35386 -25.8995 -16.6578
      vertex 2.3097 -7.95979 -16.5433
      vertex 2.35386 -7.95979 -16.6578
    endloop
  endfacet
  facet normal -0.933013 -0 -0.359842
    outer loop
      vertex 2.3097 -7.95979 -16.5433
      vertex 2.35386 -25.8995 -16.6578
      vertex 2.3097 -25.8995 -16.5433
    endloop
  endfacet
  facet normal -0.997285 0 -0.0736344
    outer loop
      vertex 2.49699 -25.8995 -17.3773
      vertex 2.48796 -7.95979 -17.255
      vertex 2.49699 -7.95979 -17.3773
    endloop
  endfacet
  facet normal -0.997285 -0 -0.0736344
    outer loop
      vertex 2.48796 -7.95979 -17.255
      vertex 2.49699 -25.8995 -17.3773
      vertex 2.48796 -25.8995 -17.255
    endloop
  endfacet
  facet normal -0.992482 0 -0.12239
    outer loop
      vertex 2.48796 -25.8995 -17.255
      vertex 2.47294 -7.95979 -17.1332
      vertex 2.48796 -7.95979 -17.255
    endloop
  endfacet
  facet normal -0.992482 -0 -0.12239
    outer loop
      vertex 2.47294 -7.95979 -17.1332
      vertex 2.48796 -25.8995 -17.255
      vertex 2.47294 -25.8995 -17.1332
    endloop
  endfacet
  facet normal 0.219216 0 -0.975676
    outer loop
      vertex -0.60745 -25.8995 -15.0749
      vertex -0.487725 -7.95979 -15.048
      vertex -0.487725 -25.8995 -15.048
    endloop
  endfacet
  facet normal 0.219216 0 -0.975676
    outer loop
      vertex -0.487725 -7.95979 -15.048
      vertex -0.60745 -25.8995 -15.0749
      vertex -0.60745 -7.95979 -15.0749
    endloop
  endfacet
  facet normal 0.576062 0 -0.817406
    outer loop
      vertex -1.48925 -25.8995 -15.492
      vertex -1.38893 -7.95979 -15.4213
      vertex -1.38893 -25.8995 -15.4213
    endloop
  endfacet
  facet normal 0.576062 0 -0.817406
    outer loop
      vertex -1.38893 -7.95979 -15.4213
      vertex -1.48925 -25.8995 -15.492
      vertex -1.48925 -7.95979 -15.492
    endloop
  endfacet
  facet normal 0.360169 0 -0.932887
    outer loop
      vertex -0.956708 -25.8995 -15.1903
      vertex -0.842224 -7.95979 -15.1461
      vertex -0.842224 -25.8995 -15.1461
    endloop
  endfacet
  facet normal 0.360169 0 -0.932887
    outer loop
      vertex -0.842224 -7.95979 -15.1461
      vertex -0.956708 -25.8995 -15.1903
      vertex -0.956708 -7.95979 -15.1903
    endloop
  endfacet
  facet normal 0.123049 0 -0.992401
    outer loop
      vertex -0.366826 -25.8995 -15.0271
      vertex -0.245043 -7.95979 -15.012
      vertex -0.245043 -25.8995 -15.012
    endloop
  endfacet
  facet normal 0.123049 0 -0.992401
    outer loop
      vertex -0.245043 -7.95979 -15.012
      vertex -0.366826 -25.8995 -15.0271
      vertex -0.366826 -7.95979 -15.0271
    endloop
  endfacet
  facet normal -0.0244489 0 -0.999701
    outer loop
      vertex 0 -25.8995 -15
      vertex 0.122668 -7.95979 -15.003
      vertex 0.122668 -25.8995 -15.003
    endloop
  endfacet
  facet normal -0.0244489 0 -0.999701
    outer loop
      vertex 0.122668 -7.95979 -15.003
      vertex 0 -25.8995 -15
      vertex 0 -7.95979 -15
    endloop
  endfacet
  facet normal 0.844684 0 -0.535265
    outer loop
      vertex -2.07867 -25.8995 -16.1111
      vertex -2.14432 -7.95979 -16.2147
      vertex -2.07867 -7.95979 -16.1111
    endloop
  endfacet
  facet normal 0.844684 0 -0.535265
    outer loop
      vertex -2.14432 -7.95979 -16.2147
      vertex -2.07867 -25.8995 -16.1111
      vertex -2.14432 -25.8995 -16.2147
    endloop
  endfacet
  facet normal 0.985275 0 -0.170977
    outer loop
      vertex -2.45196 -25.8995 -17.0123
      vertex -2.47294 -7.95979 -17.1332
      vertex -2.45196 -7.95979 -17.0123
    endloop
  endfacet
  facet normal 0.985275 0 -0.170977
    outer loop
      vertex -2.47294 -7.95979 -17.1332
      vertex -2.45196 -25.8995 -17.0123
      vertex -2.47294 -25.8995 -17.1332
    endloop
  endfacet
  facet normal -0.975701 0 0.219105
    outer loop
      vertex 2.42508 -25.8995 -18.1074
      vertex 2.45196 -7.95979 -17.9877
      vertex 2.42508 -7.95979 -18.1074
    endloop
  endfacet
  facet normal -0.975701 0 0.219105
    outer loop
      vertex 2.45196 -7.95979 -17.9877
      vertex 2.42508 -25.8995 -18.1074
      vertex 2.45196 -25.8995 -17.9877
    endloop
  endfacet
  facet normal -0.963793 0 0.266652
    outer loop
      vertex 2.39235 -25.8995 -18.2257
      vertex 2.42508 -7.95979 -18.1074
      vertex 2.39235 -7.95979 -18.2257
    endloop
  endfacet
  facet normal -0.963793 0 0.266652
    outer loop
      vertex 2.42508 -7.95979 -18.1074
      vertex 2.39235 -25.8995 -18.2257
      vertex 2.42508 -25.8995 -18.1074
    endloop
  endfacet
  facet normal -0.933013 0 0.359842
    outer loop
      vertex 2.3097 -25.8995 -18.4567
      vertex 2.35386 -7.95979 -18.3422
      vertex 2.3097 -7.95979 -18.4567
    endloop
  endfacet
  facet normal -0.933013 0 0.359842
    outer loop
      vertex 2.35386 -7.95979 -18.3422
      vertex 2.3097 -25.8995 -18.4567
      vertex 2.35386 -25.8995 -18.3422
    endloop
  endfacet
  facet normal -0.949519 0 0.313708
    outer loop
      vertex 2.35386 -25.8995 -18.3422
      vertex 2.39235 -7.95979 -18.2257
      vertex 2.35386 -7.95979 -18.3422
    endloop
  endfacet
  facet normal -0.949519 0 0.313708
    outer loop
      vertex 2.39235 -7.95979 -18.2257
      vertex 2.35386 -25.8995 -18.3422
      vertex 2.39235 -25.8995 -18.2257
    endloop
  endfacet
  facet normal -0.757153 0 0.653238
    outer loop
      vertex 1.85238 -25.8995 -19.1789
      vertex 1.93253 -7.95979 -19.086
      vertex 1.85238 -7.95979 -19.1789
    endloop
  endfacet
  facet normal -0.757153 0 0.653238
    outer loop
      vertex 1.93253 -7.95979 -19.086
      vertex 1.85238 -25.8995 -19.1789
      vertex 1.93253 -25.8995 -19.086
    endloop
  endfacet
  facet normal -0.893218 0 0.449624
    outer loop
      vertex 2.2048 -25.8995 -18.6785
      vertex 2.25997 -7.95979 -18.5689
      vertex 2.2048 -7.95979 -18.6785
    endloop
  endfacet
  facet normal -0.893218 0 0.449624
    outer loop
      vertex 2.25997 -7.95979 -18.5689
      vertex 2.2048 -25.8995 -18.6785
      vertex 2.25997 -25.8995 -18.5689
    endloop
  endfacet
  facet normal -0.844684 0 0.535265
    outer loop
      vertex 2.07867 -25.8995 -18.8889
      vertex 2.14432 -7.95979 -18.7853
      vertex 2.07867 -7.95979 -18.8889
    endloop
  endfacet
  facet normal -0.844684 0 0.535265
    outer loop
      vertex 2.14432 -7.95979 -18.7853
      vertex 2.07867 -25.8995 -18.8889
      vertex 2.14432 -25.8995 -18.7853
    endloop
  endfacet
  facet normal -0.870162 0 0.492766
    outer loop
      vertex 2.14432 -25.8995 -18.7853
      vertex 2.2048 -7.95979 -18.6785
      vertex 2.14432 -7.95979 -18.7853
    endloop
  endfacet
  facet normal -0.870162 0 0.492766
    outer loop
      vertex 2.2048 -7.95979 -18.6785
      vertex 2.14432 -25.8995 -18.7853
      vertex 2.2048 -25.8995 -18.6785
    endloop
  endfacet
  facet normal -0.170345 0 0.985384
    outer loop
      vertex 0.366826 -7.95979 -19.9729
      vertex 0.487725 -25.8995 -19.952
      vertex 0.487725 -7.95979 -19.952
    endloop
  endfacet
  facet normal -0.170345 0 0.985384
    outer loop
      vertex 0.487725 -25.8995 -19.952
      vertex 0.366826 -7.95979 -19.9729
      vertex 0.366826 -25.8995 -19.9729
    endloop
  endfacet
  facet normal -0.0733463 0 0.997307
    outer loop
      vertex 0.122668 -7.95979 -19.997
      vertex 0.245043 -25.8995 -19.988
      vertex 0.245043 -7.95979 -19.988
    endloop
  endfacet
  facet normal -0.0733463 0 0.997307
    outer loop
      vertex 0.245043 -25.8995 -19.988
      vertex 0.122668 -7.95979 -19.997
      vertex 0.122668 -25.8995 -19.997
    endloop
  endfacet
  facet normal -0.449819 0 0.89312
    outer loop
      vertex 1.06889 -7.95979 -19.76
      vertex 1.17849 -25.8995 -19.7048
      vertex 1.17849 -7.95979 -19.7048
    endloop
  endfacet
  facet normal -0.449819 0 0.89312
    outer loop
      vertex 1.17849 -25.8995 -19.7048
      vertex 1.06889 -7.95979 -19.76
      vertex 1.06889 -25.8995 -19.76
    endloop
  endfacet
  facet normal -0.652923 0 0.757424
    outer loop
      vertex 1.58598 -7.95979 -19.4325
      vertex 1.6789 -25.8995 -19.3524
      vertex 1.6789 -7.95979 -19.3524
    endloop
  endfacet
  facet normal -0.652923 0 0.757424
    outer loop
      vertex 1.6789 -25.8995 -19.3524
      vertex 1.58598 -7.95979 -19.4325
      vertex 1.58598 -25.8995 -19.4325
    endloop
  endfacet
  facet normal -0.615288 0 0.788302
    outer loop
      vertex 1.48925 -7.95979 -19.508
      vertex 1.58598 -25.8995 -19.4325
      vertex 1.58598 -7.95979 -19.4325
    endloop
  endfacet
  facet normal -0.615288 0 0.788302
    outer loop
      vertex 1.58598 -25.8995 -19.4325
      vertex 1.48925 -7.95979 -19.508
      vertex 1.48925 -25.8995 -19.508
    endloop
  endfacet
  facet normal 0.844684 -0 0.535265
    outer loop
      vertex -2.14432 -25.8995 -18.7853
      vertex -2.07867 -7.95979 -18.8889
      vertex -2.14432 -7.95979 -18.7853
    endloop
  endfacet
  facet normal 0.844684 0 0.535265
    outer loop
      vertex -2.07867 -7.95979 -18.8889
      vertex -2.14432 -25.8995 -18.7853
      vertex -2.07867 -25.8995 -18.8889
    endloop
  endfacet
  facet normal 0.870162 -0 0.492766
    outer loop
      vertex -2.2048 -25.8995 -18.6785
      vertex -2.14432 -7.95979 -18.7853
      vertex -2.2048 -7.95979 -18.6785
    endloop
  endfacet
  facet normal 0.870162 0 0.492766
    outer loop
      vertex -2.14432 -7.95979 -18.7853
      vertex -2.2048 -25.8995 -18.6785
      vertex -2.14432 -25.8995 -18.7853
    endloop
  endfacet
  facet normal 0.893218 -0 0.449624
    outer loop
      vertex -2.25997 -25.8995 -18.5689
      vertex -2.2048 -7.95979 -18.6785
      vertex -2.25997 -7.95979 -18.5689
    endloop
  endfacet
  facet normal 0.893218 0 0.449624
    outer loop
      vertex -2.2048 -7.95979 -18.6785
      vertex -2.25997 -25.8995 -18.5689
      vertex -2.2048 -25.8995 -18.6785
    endloop
  endfacet
  facet normal 0.985275 -0 0.170977
    outer loop
      vertex -2.47294 -25.8995 -17.8668
      vertex -2.45196 -7.95979 -17.9877
      vertex -2.47294 -7.95979 -17.8668
    endloop
  endfacet
  facet normal 0.985275 0 0.170977
    outer loop
      vertex -2.45196 -7.95979 -17.9877
      vertex -2.47294 -25.8995 -17.8668
      vertex -2.45196 -25.8995 -17.9877
    endloop
  endfacet
  facet normal 0.997285 -0 0.0736344
    outer loop
      vertex -2.49699 -25.8995 -17.6227
      vertex -2.48796 -7.95979 -17.745
      vertex -2.49699 -7.95979 -17.6227
    endloop
  endfacet
  facet normal 0.997285 0 0.0736344
    outer loop
      vertex -2.48796 -7.95979 -17.745
      vertex -2.49699 -25.8995 -17.6227
      vertex -2.48796 -25.8995 -17.745
    endloop
  endfacet
  facet normal 0.576062 0 0.817406
    outer loop
      vertex -1.48925 -7.95979 -19.508
      vertex -1.38893 -25.8995 -19.5787
      vertex -1.38893 -7.95979 -19.5787
    endloop
  endfacet
  facet normal 0.576062 0 0.817406
    outer loop
      vertex -1.38893 -25.8995 -19.5787
      vertex -1.48925 -7.95979 -19.508
      vertex -1.48925 -25.8995 -19.508
    endloop
  endfacet
  facet normal 0.652923 0 0.757424
    outer loop
      vertex -1.6789 -7.95979 -19.3524
      vertex -1.58598 -25.8995 -19.4325
      vertex -1.58598 -7.95979 -19.4325
    endloop
  endfacet
  facet normal 0.652923 0 0.757424
    outer loop
      vertex -1.58598 -25.8995 -19.4325
      vertex -1.6789 -7.95979 -19.3524
      vertex -1.6789 -25.8995 -19.3524
    endloop
  endfacet
  facet normal 0.313015 0 0.949748
    outer loop
      vertex -0.842224 -7.95979 -19.8539
      vertex -0.725711 -25.8995 -19.8923
      vertex -0.725711 -7.95979 -19.8923
    endloop
  endfacet
  facet normal 0.313015 0 0.949748
    outer loop
      vertex -0.725711 -25.8995 -19.8923
      vertex -0.842224 -7.95979 -19.8539
      vertex -0.842224 -25.8995 -19.8539
    endloop
  endfacet
  facet normal 0.0733463 0 0.997307
    outer loop
      vertex -0.245043 -7.95979 -19.988
      vertex -0.122668 -25.8995 -19.997
      vertex -0.122668 -7.95979 -19.997
    endloop
  endfacet
  facet normal 0.0733463 0 0.997307
    outer loop
      vertex -0.122668 -25.8995 -19.997
      vertex -0.245043 -7.95979 -19.988
      vertex -0.245043 -25.8995 -19.988
    endloop
  endfacet
  facet normal 0.123049 0 0.992401
    outer loop
      vertex -0.366826 -7.95979 -19.9729
      vertex -0.245043 -25.8995 -19.988
      vertex -0.245043 -7.95979 -19.988
    endloop
  endfacet
  facet normal 0.123049 0 0.992401
    outer loop
      vertex -0.245043 -25.8995 -19.988
      vertex -0.366826 -7.95979 -19.9729
      vertex -0.366826 -25.8995 -19.9729
    endloop
  endfacet
  facet normal -0.0733463 0 -0.997307
    outer loop
      vertex 0.122668 -25.8995 -15.003
      vertex 0.245043 -7.95979 -15.012
      vertex 0.245043 -25.8995 -15.012
    endloop
  endfacet
  facet normal -0.0733463 0 -0.997307
    outer loop
      vertex 0.245043 -7.95979 -15.012
      vertex 0.122668 -25.8995 -15.003
      vertex 0.122668 -7.95979 -15.003
    endloop
  endfacet
  facet normal -0.123049 0 -0.992401
    outer loop
      vertex 0.245043 -25.8995 -15.012
      vertex 0.366826 -7.95979 -15.0271
      vertex 0.366826 -25.8995 -15.0271
    endloop
  endfacet
  facet normal -0.123049 0 -0.992401
    outer loop
      vertex 0.366826 -7.95979 -15.0271
      vertex 0.245043 -25.8995 -15.012
      vertex 0.245043 -7.95979 -15.012
    endloop
  endfacet
  facet normal -0.266507 0 -0.963833
    outer loop
      vertex 0.60745 -25.8995 -15.0749
      vertex 0.725711 -7.95979 -15.1076
      vertex 0.725711 -25.8995 -15.1076
    endloop
  endfacet
  facet normal -0.266507 0 -0.963833
    outer loop
      vertex 0.725711 -7.95979 -15.1076
      vertex 0.60745 -25.8995 -15.0749
      vertex 0.60745 -7.95979 -15.0749
    endloop
  endfacet
  facet normal -0.360169 0 -0.932887
    outer loop
      vertex 0.842224 -25.8995 -15.1461
      vertex 0.956708 -7.95979 -15.1903
      vertex 0.956708 -25.8995 -15.1903
    endloop
  endfacet
  facet normal -0.360169 0 -0.932887
    outer loop
      vertex 0.956708 -7.95979 -15.1903
      vertex 0.842224 -25.8995 -15.1461
      vertex 0.842224 -7.95979 -15.1461
    endloop
  endfacet
  facet normal -0.652923 0 -0.757424
    outer loop
      vertex 1.58598 -25.8995 -15.5675
      vertex 1.6789 -7.95979 -15.6476
      vertex 1.6789 -25.8995 -15.6476
    endloop
  endfacet
  facet normal -0.652923 0 -0.757424
    outer loop
      vertex 1.6789 -7.95979 -15.6476
      vertex 1.58598 -25.8995 -15.5675
      vertex 1.58598 -7.95979 -15.5675
    endloop
  endfacet
  facet normal -0.615288 0 -0.788302
    outer loop
      vertex 1.48925 -25.8995 -15.492
      vertex 1.58598 -7.95979 -15.5675
      vertex 1.58598 -25.8995 -15.5675
    endloop
  endfacet
  facet normal -0.615288 0 -0.788302
    outer loop
      vertex 1.58598 -7.95979 -15.5675
      vertex 1.48925 -25.8995 -15.492
      vertex 1.48925 -7.95979 -15.492
    endloop
  endfacet
  facet normal -0.689492 0 -0.724293
    outer loop
      vertex 1.6789 -25.8995 -15.6476
      vertex 1.76777 -7.95979 -15.7322
      vertex 1.76777 -25.8995 -15.7322
    endloop
  endfacet
  facet normal -0.689492 0 -0.724293
    outer loop
      vertex 1.76777 -7.95979 -15.7322
      vertex 1.6789 -25.8995 -15.6476
      vertex 1.6789 -7.95979 -15.6476
    endloop
  endfacet
  facet normal -0.449819 0 -0.89312
    outer loop
      vertex 1.06889 -25.8995 -15.24
      vertex 1.17849 -7.95979 -15.2952
      vertex 1.17849 -25.8995 -15.2952
    endloop
  endfacet
  facet normal -0.449819 0 -0.89312
    outer loop
      vertex 1.17849 -7.95979 -15.2952
      vertex 1.06889 -25.8995 -15.24
      vertex 1.06889 -7.95979 -15.24
    endloop
  endfacet
  facet normal -0.534717 0 -0.845031
    outer loop
      vertex 1.28526 -25.8995 -15.3557
      vertex 1.38893 -7.95979 -15.4213
      vertex 1.38893 -25.8995 -15.4213
    endloop
  endfacet
  facet normal -0.534717 0 -0.845031
    outer loop
      vertex 1.38893 -7.95979 -15.4213
      vertex 1.28526 -25.8995 -15.3557
      vertex 1.28526 -7.95979 -15.3557
    endloop
  endfacet
  facet normal -0.757153 0 -0.653238
    outer loop
      vertex 1.93253 -25.8995 -15.914
      vertex 1.85238 -7.95979 -15.8211
      vertex 1.93253 -7.95979 -15.914
    endloop
  endfacet
  facet normal -0.757153 -0 -0.653238
    outer loop
      vertex 1.85238 -7.95979 -15.8211
      vertex 1.93253 -25.8995 -15.914
      vertex 1.85238 -25.8995 -15.8211
    endloop
  endfacet
  facet normal -0.788558 0 -0.614961
    outer loop
      vertex 2.00802 -25.8995 -16.0108
      vertex 1.93253 -7.95979 -15.914
      vertex 2.00802 -7.95979 -16.0108
    endloop
  endfacet
  facet normal -0.788558 -0 -0.614961
    outer loop
      vertex 1.93253 -7.95979 -15.914
      vertex 2.00802 -25.8995 -16.0108
      vertex 1.93253 -25.8995 -15.914
    endloop
  endfacet
  facet normal -0.870162 0 -0.492766
    outer loop
      vertex 2.2048 -25.8995 -16.3215
      vertex 2.14432 -7.95979 -16.2147
      vertex 2.2048 -7.95979 -16.3215
    endloop
  endfacet
  facet normal -0.870162 -0 -0.492766
    outer loop
      vertex 2.14432 -7.95979 -16.2147
      vertex 2.2048 -25.8995 -16.3215
      vertex 2.14432 -25.8995 -16.2147
    endloop
  endfacet
  facet normal -0.914224 0 -0.405208
    outer loop
      vertex 2.3097 -25.8995 -16.5433
      vertex 2.25997 -7.95979 -16.4311
      vertex 2.3097 -7.95979 -16.5433
    endloop
  endfacet
  facet normal -0.914224 -0 -0.405208
    outer loop
      vertex 2.25997 -7.95979 -16.4311
      vertex 2.3097 -25.8995 -16.5433
      vertex 2.25997 -25.8995 -16.4311
    endloop
  endfacet
  facet normal -0.893218 0 -0.449624
    outer loop
      vertex 2.25997 -25.8995 -16.4311
      vertex 2.2048 -7.95979 -16.3215
      vertex 2.25997 -7.95979 -16.4311
    endloop
  endfacet
  facet normal -0.893218 -0 -0.449624
    outer loop
      vertex 2.2048 -7.95979 -16.3215
      vertex 2.25997 -25.8995 -16.4311
      vertex 2.2048 -25.8995 -16.3215
    endloop
  endfacet
  facet normal -0.949519 0 -0.313708
    outer loop
      vertex 2.39235 -25.8995 -16.7743
      vertex 2.35386 -7.95979 -16.6578
      vertex 2.39235 -7.95979 -16.7743
    endloop
  endfacet
  facet normal -0.949519 -0 -0.313708
    outer loop
      vertex 2.35386 -7.95979 -16.6578
      vertex 2.39235 -25.8995 -16.7743
      vertex 2.35386 -25.8995 -16.6578
    endloop
  endfacet
  facet normal -0.963735 0 -0.266862
    outer loop
      vertex 2.42508 -25.8995 -16.8925
      vertex 2.39235 -7.95979 -16.7743
      vertex 2.42508 -7.95979 -16.8925
    endloop
  endfacet
  facet normal -0.963735 -0 -0.266862
    outer loop
      vertex 2.39235 -7.95979 -16.7743
      vertex 2.42508 -25.8995 -16.8925
      vertex 2.39235 -25.8995 -16.7743
    endloop
  endfacet
  facet normal 0.0733463 0 -0.997307
    outer loop
      vertex -0.245043 -25.8995 -15.012
      vertex -0.122668 -7.95979 -15.003
      vertex -0.122668 -25.8995 -15.003
    endloop
  endfacet
  facet normal 0.0733463 0 -0.997307
    outer loop
      vertex -0.122668 -7.95979 -15.003
      vertex -0.245043 -25.8995 -15.012
      vertex -0.245043 -7.95979 -15.012
    endloop
  endfacet
  facet normal 0.652923 0 -0.757424
    outer loop
      vertex -1.6789 -25.8995 -15.6476
      vertex -1.58598 -7.95979 -15.5675
      vertex -1.58598 -25.8995 -15.5675
    endloop
  endfacet
  facet normal 0.652923 0 -0.757424
    outer loop
      vertex -1.58598 -7.95979 -15.5675
      vertex -1.6789 -25.8995 -15.6476
      vertex -1.6789 -7.95979 -15.6476
    endloop
  endfacet
  facet normal 0.615288 0 -0.788302
    outer loop
      vertex -1.58598 -25.8995 -15.5675
      vertex -1.48925 -7.95979 -15.492
      vertex -1.48925 -25.8995 -15.492
    endloop
  endfacet
  facet normal 0.615288 0 -0.788302
    outer loop
      vertex -1.48925 -7.95979 -15.492
      vertex -1.58598 -25.8995 -15.5675
      vertex -1.58598 -7.95979 -15.5675
    endloop
  endfacet
  facet normal 0.492994 0 -0.870033
    outer loop
      vertex -1.28526 -25.8995 -15.3557
      vertex -1.17849 -7.95979 -15.2952
      vertex -1.17849 -25.8995 -15.2952
    endloop
  endfacet
  facet normal 0.492994 0 -0.870033
    outer loop
      vertex -1.17849 -7.95979 -15.2952
      vertex -1.28526 -25.8995 -15.3557
      vertex -1.28526 -7.95979 -15.3557
    endloop
  endfacet
  facet normal 0.405058 0 -0.914291
    outer loop
      vertex -1.06889 -25.8995 -15.24
      vertex -0.956708 -7.95979 -15.1903
      vertex -0.956708 -25.8995 -15.1903
    endloop
  endfacet
  facet normal 0.405058 0 -0.914291
    outer loop
      vertex -0.956708 -7.95979 -15.1903
      vertex -1.06889 -25.8995 -15.24
      vertex -1.06889 -7.95979 -15.24
    endloop
  endfacet
  facet normal 0.449819 0 -0.89312
    outer loop
      vertex -1.17849 -25.8995 -15.2952
      vertex -1.06889 -7.95979 -15.24
      vertex -1.06889 -25.8995 -15.24
    endloop
  endfacet
  facet normal 0.449819 0 -0.89312
    outer loop
      vertex -1.06889 -7.95979 -15.24
      vertex -1.17849 -25.8995 -15.2952
      vertex -1.17849 -7.95979 -15.2952
    endloop
  endfacet
  facet normal 0.31375 0 -0.949506
    outer loop
      vertex -0.842224 -25.8995 -15.1461
      vertex -0.725711 -7.95979 -15.1076
      vertex -0.725711 -25.8995 -15.1076
    endloop
  endfacet
  facet normal 0.31375 0 -0.949506
    outer loop
      vertex -0.725711 -7.95979 -15.1076
      vertex -0.842224 -25.8995 -15.1461
      vertex -0.842224 -7.95979 -15.1461
    endloop
  endfacet
  facet normal 0.266507 0 -0.963833
    outer loop
      vertex -0.725711 -25.8995 -15.1076
      vertex -0.60745 -7.95979 -15.0749
      vertex -0.60745 -25.8995 -15.0749
    endloop
  endfacet
  facet normal 0.266507 0 -0.963833
    outer loop
      vertex -0.60745 -7.95979 -15.0749
      vertex -0.725711 -25.8995 -15.1076
      vertex -0.725711 -7.95979 -15.1076
    endloop
  endfacet
  facet normal 0.0244489 0 -0.999701
    outer loop
      vertex -0.122668 -25.8995 -15.003
      vertex 0 -7.95979 -15
      vertex 0 -25.8995 -15
    endloop
  endfacet
  facet normal 0.0244489 0 -0.999701
    outer loop
      vertex 0 -7.95979 -15
      vertex -0.122668 -25.8995 -15.003
      vertex -0.122668 -7.95979 -15.003
    endloop
  endfacet
  facet normal 0.893218 0 -0.449624
    outer loop
      vertex -2.2048 -25.8995 -16.3215
      vertex -2.25997 -7.95979 -16.4311
      vertex -2.2048 -7.95979 -16.3215
    endloop
  endfacet
  facet normal 0.893218 0 -0.449624
    outer loop
      vertex -2.25997 -7.95979 -16.4311
      vertex -2.2048 -25.8995 -16.3215
      vertex -2.25997 -25.8995 -16.4311
    endloop
  endfacet
  facet normal 0.788558 0 -0.614961
    outer loop
      vertex -1.93253 -25.8995 -15.914
      vertex -2.00802 -7.95979 -16.0108
      vertex -1.93253 -7.95979 -15.914
    endloop
  endfacet
  facet normal 0.788558 0 -0.614961
    outer loop
      vertex -2.00802 -7.95979 -16.0108
      vertex -1.93253 -25.8995 -15.914
      vertex -2.00802 -25.8995 -16.0108
    endloop
  endfacet
  facet normal 0.724368 0 -0.689413
    outer loop
      vertex -1.76777 -25.8995 -15.7322
      vertex -1.85238 -7.95979 -15.8211
      vertex -1.76777 -7.95979 -15.7322
    endloop
  endfacet
  facet normal 0.724368 0 -0.689413
    outer loop
      vertex -1.85238 -7.95979 -15.8211
      vertex -1.76777 -25.8995 -15.7322
      vertex -1.85238 -25.8995 -15.8211
    endloop
  endfacet
  facet normal 0.870162 0 -0.492766
    outer loop
      vertex -2.14432 -25.8995 -16.2147
      vertex -2.2048 -7.95979 -16.3215
      vertex -2.14432 -7.95979 -16.2147
    endloop
  endfacet
  facet normal 0.870162 0 -0.492766
    outer loop
      vertex -2.2048 -7.95979 -16.3215
      vertex -2.14432 -25.8995 -16.2147
      vertex -2.2048 -25.8995 -16.3215
    endloop
  endfacet
  facet normal 0.757153 0 -0.653238
    outer loop
      vertex -1.85238 -25.8995 -15.8211
      vertex -1.93253 -7.95979 -15.914
      vertex -1.85238 -7.95979 -15.8211
    endloop
  endfacet
  facet normal 0.757153 0 -0.653238
    outer loop
      vertex -1.93253 -7.95979 -15.914
      vertex -1.85238 -25.8995 -15.8211
      vertex -1.93253 -25.8995 -15.914
    endloop
  endfacet
  facet normal 0.963735 0 -0.266862
    outer loop
      vertex -2.39235 -25.8995 -16.7743
      vertex -2.42508 -7.95979 -16.8925
      vertex -2.39235 -7.95979 -16.7743
    endloop
  endfacet
  facet normal 0.963735 0 -0.266862
    outer loop
      vertex -2.42508 -7.95979 -16.8925
      vertex -2.39235 -25.8995 -16.7743
      vertex -2.42508 -25.8995 -16.8925
    endloop
  endfacet
  facet normal 0.933013 0 -0.359842
    outer loop
      vertex -2.3097 -25.8995 -16.5433
      vertex -2.35386 -7.95979 -16.6578
      vertex -2.3097 -7.95979 -16.5433
    endloop
  endfacet
  facet normal 0.933013 0 -0.359842
    outer loop
      vertex -2.35386 -7.95979 -16.6578
      vertex -2.3097 -25.8995 -16.5433
      vertex -2.35386 -25.8995 -16.6578
    endloop
  endfacet
  facet normal 0.949519 0 -0.313708
    outer loop
      vertex -2.35386 -25.8995 -16.6578
      vertex -2.39235 -7.95979 -16.7743
      vertex -2.35386 -7.95979 -16.6578
    endloop
  endfacet
  facet normal 0.949519 0 -0.313708
    outer loop
      vertex -2.39235 -7.95979 -16.7743
      vertex -2.35386 -25.8995 -16.6578
      vertex -2.39235 -25.8995 -16.7743
    endloop
  endfacet
  facet normal 0.997285 0 -0.0736344
    outer loop
      vertex -2.48796 -25.8995 -17.255
      vertex -2.49699 -7.95979 -17.3773
      vertex -2.48796 -7.95979 -17.255
    endloop
  endfacet
  facet normal 0.997285 0 -0.0736344
    outer loop
      vertex -2.49699 -7.95979 -17.3773
      vertex -2.48796 -25.8995 -17.255
      vertex -2.49699 -25.8995 -17.3773
    endloop
  endfacet
  facet normal -0.997285 0 0.0736344
    outer loop
      vertex 2.48796 -25.8995 -17.745
      vertex 2.49699 -7.95979 -17.6227
      vertex 2.48796 -7.95979 -17.745
    endloop
  endfacet
  facet normal -0.997285 0 0.0736344
    outer loop
      vertex 2.49699 -7.95979 -17.6227
      vertex 2.48796 -25.8995 -17.745
      vertex 2.49699 -25.8995 -17.6227
    endloop
  endfacet
  facet normal -0.724368 0 0.689413
    outer loop
      vertex 1.76777 -25.8995 -19.2678
      vertex 1.85238 -7.95979 -19.1789
      vertex 1.76777 -7.95979 -19.2678
    endloop
  endfacet
  facet normal -0.724368 0 0.689413
    outer loop
      vertex 1.85238 -7.95979 -19.1789
      vertex 1.76777 -25.8995 -19.2678
      vertex 1.85238 -25.8995 -19.1789
    endloop
  endfacet
  facet normal -0.788558 0 0.614961
    outer loop
      vertex 1.93253 -25.8995 -19.086
      vertex 2.00802 -7.95979 -18.9892
      vertex 1.93253 -7.95979 -19.086
    endloop
  endfacet
  facet normal -0.788558 0 0.614961
    outer loop
      vertex 2.00802 -7.95979 -18.9892
      vertex 1.93253 -25.8995 -19.086
      vertex 2.00802 -25.8995 -18.9892
    endloop
  endfacet
  facet normal -0.313015 0 0.949748
    outer loop
      vertex 0.725711 -7.95979 -19.8923
      vertex 0.842224 -25.8995 -19.8539
      vertex 0.842224 -7.95979 -19.8539
    endloop
  endfacet
  facet normal -0.313015 0 0.949748
    outer loop
      vertex 0.842224 -25.8995 -19.8539
      vertex 0.725711 -7.95979 -19.8923
      vertex 0.725711 -25.8995 -19.8923
    endloop
  endfacet
  facet normal -0.0244489 0 0.999701
    outer loop
      vertex 0 -7.95979 -20
      vertex 0.122668 -25.8995 -19.997
      vertex 0.122668 -7.95979 -19.997
    endloop
  endfacet
  facet normal -0.0244489 0 0.999701
    outer loop
      vertex 0.122668 -25.8995 -19.997
      vertex 0 -7.95979 -20
      vertex 0 -25.8995 -20
    endloop
  endfacet
  facet normal -0.123049 0 0.992401
    outer loop
      vertex 0.245043 -7.95979 -19.988
      vertex 0.366826 -25.8995 -19.9729
      vertex 0.366826 -7.95979 -19.9729
    endloop
  endfacet
  facet normal -0.123049 0 0.992401
    outer loop
      vertex 0.366826 -25.8995 -19.9729
      vertex 0.245043 -7.95979 -19.988
      vertex 0.245043 -25.8995 -19.988
    endloop
  endfacet
  facet normal -0.405058 0 0.914291
    outer loop
      vertex 0.956708 -7.95979 -19.8097
      vertex 1.06889 -25.8995 -19.76
      vertex 1.06889 -7.95979 -19.76
    endloop
  endfacet
  facet normal -0.405058 0 0.914291
    outer loop
      vertex 1.06889 -25.8995 -19.76
      vertex 0.956708 -7.95979 -19.8097
      vertex 0.956708 -25.8995 -19.8097
    endloop
  endfacet
  facet normal -0.492994 0 0.870033
    outer loop
      vertex 1.17849 -7.95979 -19.7048
      vertex 1.28526 -25.8995 -19.6443
      vertex 1.28526 -7.95979 -19.6443
    endloop
  endfacet
  facet normal -0.492994 0 0.870033
    outer loop
      vertex 1.28526 -25.8995 -19.6443
      vertex 1.17849 -7.95979 -19.7048
      vertex 1.17849 -25.8995 -19.7048
    endloop
  endfacet
  facet normal -0.576062 0 0.817406
    outer loop
      vertex 1.38893 -7.95979 -19.5787
      vertex 1.48925 -25.8995 -19.508
      vertex 1.48925 -7.95979 -19.508
    endloop
  endfacet
  facet normal -0.576062 0 0.817406
    outer loop
      vertex 1.48925 -25.8995 -19.508
      vertex 1.38893 -7.95979 -19.5787
      vertex 1.38893 -25.8995 -19.5787
    endloop
  endfacet
  facet normal 0.757153 -0 0.653238
    outer loop
      vertex -1.93253 -25.8995 -19.086
      vertex -1.85238 -7.95979 -19.1789
      vertex -1.93253 -7.95979 -19.086
    endloop
  endfacet
  facet normal 0.757153 0 0.653238
    outer loop
      vertex -1.85238 -7.95979 -19.1789
      vertex -1.93253 -25.8995 -19.086
      vertex -1.85238 -25.8995 -19.1789
    endloop
  endfacet
  facet normal 0.914224 -0 0.405208
    outer loop
      vertex -2.3097 -25.8995 -18.4567
      vertex -2.25997 -7.95979 -18.5689
      vertex -2.3097 -7.95979 -18.4567
    endloop
  endfacet
  facet normal 0.914224 0 0.405208
    outer loop
      vertex -2.25997 -7.95979 -18.5689
      vertex -2.3097 -25.8995 -18.4567
      vertex -2.25997 -25.8995 -18.5689
    endloop
  endfacet
  facet normal 0.949519 -0 0.313708
    outer loop
      vertex -2.39235 -25.8995 -18.2257
      vertex -2.35386 -7.95979 -18.3422
      vertex -2.39235 -7.95979 -18.2257
    endloop
  endfacet
  facet normal 0.949519 0 0.313708
    outer loop
      vertex -2.35386 -7.95979 -18.3422
      vertex -2.39235 -25.8995 -18.2257
      vertex -2.35386 -25.8995 -18.3422
    endloop
  endfacet
  facet normal 0.999699 -0 0.024524
    outer loop
      vertex -2.5 -25.8995 -17.5
      vertex -2.49699 -7.95979 -17.6227
      vertex -2.5 -7.95979 -17.5
    endloop
  endfacet
  facet normal 0.999699 0 0.024524
    outer loop
      vertex -2.49699 -7.95979 -17.6227
      vertex -2.5 -25.8995 -17.5
      vertex -2.49699 -25.8995 -17.6227
    endloop
  endfacet
  facet normal 0.992482 -0 0.12239
    outer loop
      vertex -2.48796 -25.8995 -17.745
      vertex -2.47294 -7.95979 -17.8668
      vertex -2.48796 -7.95979 -17.745
    endloop
  endfacet
  facet normal 0.992482 0 0.12239
    outer loop
      vertex -2.47294 -7.95979 -17.8668
      vertex -2.48796 -25.8995 -17.745
      vertex -2.47294 -25.8995 -17.8668
    endloop
  endfacet
  facet normal 0.449819 0 0.89312
    outer loop
      vertex -1.17849 -7.95979 -19.7048
      vertex -1.06889 -25.8995 -19.76
      vertex -1.06889 -7.95979 -19.76
    endloop
  endfacet
  facet normal 0.449819 0 0.89312
    outer loop
      vertex -1.06889 -25.8995 -19.76
      vertex -1.17849 -7.95979 -19.7048
      vertex -1.17849 -25.8995 -19.7048
    endloop
  endfacet
  facet normal 0.689492 0 0.724293
    outer loop
      vertex -1.76777 -7.95979 -19.2678
      vertex -1.6789 -25.8995 -19.3524
      vertex -1.6789 -7.95979 -19.3524
    endloop
  endfacet
  facet normal 0.689492 0 0.724293
    outer loop
      vertex -1.6789 -25.8995 -19.3524
      vertex -1.76777 -7.95979 -19.2678
      vertex -1.76777 -25.8995 -19.2678
    endloop
  endfacet
  facet normal 0.615288 0 0.788302
    outer loop
      vertex -1.58598 -7.95979 -19.4325
      vertex -1.48925 -25.8995 -19.508
      vertex -1.48925 -7.95979 -19.508
    endloop
  endfacet
  facet normal 0.615288 0 0.788302
    outer loop
      vertex -1.48925 -25.8995 -19.508
      vertex -1.58598 -7.95979 -19.4325
      vertex -1.58598 -25.8995 -19.4325
    endloop
  endfacet
  facet normal 0.360169 0 0.932887
    outer loop
      vertex -0.956708 -7.95979 -19.8097
      vertex -0.842224 -25.8995 -19.8539
      vertex -0.842224 -7.95979 -19.8539
    endloop
  endfacet
  facet normal 0.360169 0 0.932887
    outer loop
      vertex -0.842224 -25.8995 -19.8539
      vertex -0.956708 -7.95979 -19.8097
      vertex -0.956708 -25.8995 -19.8097
    endloop
  endfacet
  facet normal 0.267264 0 0.963623
    outer loop
      vertex -0.725711 -7.95979 -19.8923
      vertex -0.60745 -25.8995 -19.9251
      vertex -0.60745 -7.95979 -19.9251
    endloop
  endfacet
  facet normal 0.267264 0 0.963623
    outer loop
      vertex -0.60745 -25.8995 -19.9251
      vertex -0.725711 -7.95979 -19.8923
      vertex -0.725711 -25.8995 -19.8923
    endloop
  endfacet
  facet normal 0.170345 0 0.985384
    outer loop
      vertex -0.487725 -7.95979 -19.952
      vertex -0.366826 -25.8995 -19.9729
      vertex -0.366826 -7.95979 -19.9729
    endloop
  endfacet
  facet normal 0.170345 0 0.985384
    outer loop
      vertex -0.366826 -25.8995 -19.9729
      vertex -0.487725 -7.95979 -19.952
      vertex -0.487725 -25.8995 -19.952
    endloop
  endfacet
  facet normal -0.219216 0 -0.975676
    outer loop
      vertex 0.487725 -25.8995 -15.048
      vertex 0.60745 -7.95979 -15.0749
      vertex 0.60745 -25.8995 -15.0749
    endloop
  endfacet
  facet normal -0.219216 0 -0.975676
    outer loop
      vertex 0.60745 -7.95979 -15.0749
      vertex 0.487725 -25.8995 -15.048
      vertex 0.487725 -7.95979 -15.048
    endloop
  endfacet
  facet normal -0.31375 0 -0.949506
    outer loop
      vertex 0.725711 -25.8995 -15.1076
      vertex 0.842224 -7.95979 -15.1461
      vertex 0.842224 -25.8995 -15.1461
    endloop
  endfacet
  facet normal -0.31375 0 -0.949506
    outer loop
      vertex 0.842224 -7.95979 -15.1461
      vertex 0.725711 -25.8995 -15.1076
      vertex 0.725711 -7.95979 -15.1076
    endloop
  endfacet
  facet normal -0.492994 0 -0.870033
    outer loop
      vertex 1.17849 -25.8995 -15.2952
      vertex 1.28526 -7.95979 -15.3557
      vertex 1.28526 -25.8995 -15.3557
    endloop
  endfacet
  facet normal -0.492994 0 -0.870033
    outer loop
      vertex 1.28526 -7.95979 -15.3557
      vertex 1.17849 -25.8995 -15.2952
      vertex 1.17849 -7.95979 -15.2952
    endloop
  endfacet
  facet normal -0.844684 0 -0.535265
    outer loop
      vertex 2.14432 -25.8995 -16.2147
      vertex 2.07867 -7.95979 -16.1111
      vertex 2.14432 -7.95979 -16.2147
    endloop
  endfacet
  facet normal -0.844684 -0 -0.535265
    outer loop
      vertex 2.07867 -7.95979 -16.1111
      vertex 2.14432 -25.8995 -16.2147
      vertex 2.07867 -25.8995 -16.1111
    endloop
  endfacet
  facet normal -0.985275 0 -0.170977
    outer loop
      vertex 2.47294 -25.8995 -17.1332
      vertex 2.45196 -7.95979 -17.0123
      vertex 2.47294 -7.95979 -17.1332
    endloop
  endfacet
  facet normal -0.985275 -0 -0.170977
    outer loop
      vertex 2.45196 -7.95979 -17.0123
      vertex 2.47294 -25.8995 -17.1332
      vertex 2.45196 -25.8995 -17.0123
    endloop
  endfacet
  facet normal 0.534717 0 -0.845031
    outer loop
      vertex -1.38893 -25.8995 -15.4213
      vertex -1.28526 -7.95979 -15.3557
      vertex -1.28526 -25.8995 -15.3557
    endloop
  endfacet
  facet normal 0.534717 0 -0.845031
    outer loop
      vertex -1.28526 -7.95979 -15.3557
      vertex -1.38893 -25.8995 -15.4213
      vertex -1.38893 -7.95979 -15.4213
    endloop
  endfacet
  facet normal 0.170345 0 -0.985384
    outer loop
      vertex -0.487725 -25.8995 -15.048
      vertex -0.366826 -7.95979 -15.0271
      vertex -0.366826 -25.8995 -15.0271
    endloop
  endfacet
  facet normal 0.170345 0 -0.985384
    outer loop
      vertex -0.366826 -7.95979 -15.0271
      vertex -0.487725 -25.8995 -15.048
      vertex -0.487725 -7.95979 -15.048
    endloop
  endfacet
  facet normal 0.817543 0 -0.575867
    outer loop
      vertex -2.00802 -25.8995 -16.0108
      vertex -2.07867 -7.95979 -16.1111
      vertex -2.00802 -7.95979 -16.0108
    endloop
  endfacet
  facet normal 0.817543 0 -0.575867
    outer loop
      vertex -2.07867 -7.95979 -16.1111
      vertex -2.00802 -25.8995 -16.0108
      vertex -2.07867 -25.8995 -16.1111
    endloop
  endfacet
  facet normal 0.992482 0 -0.12239
    outer loop
      vertex -2.47294 -25.8995 -17.1332
      vertex -2.48796 -7.95979 -17.255
      vertex -2.47294 -7.95979 -17.1332
    endloop
  endfacet
  facet normal 0.992482 0 -0.12239
    outer loop
      vertex -2.48796 -7.95979 -17.255
      vertex -2.47294 -25.8995 -17.1332
      vertex -2.48796 -25.8995 -17.255
    endloop
  endfacet
  facet normal 0.97574 0 -0.218931
    outer loop
      vertex -2.42508 -25.8995 -16.8925
      vertex -2.45196 -7.95979 -17.0123
      vertex -2.42508 -7.95979 -16.8925
    endloop
  endfacet
  facet normal 0.97574 0 -0.218931
    outer loop
      vertex -2.45196 -7.95979 -17.0123
      vertex -2.42508 -25.8995 -16.8925
      vertex -2.45196 -25.8995 -17.0123
    endloop
  endfacet
  facet normal -0.999699 0 -0.024524
    outer loop
      vertex 2.5 -25.8995 -17.5
      vertex 2.49699 -7.95979 -17.3773
      vertex 2.5 -7.95979 -17.5
    endloop
  endfacet
  facet normal -0.999699 -0 -0.024524
    outer loop
      vertex 2.49699 -7.95979 -17.3773
      vertex 2.5 -25.8995 -17.5
      vertex 2.49699 -25.8995 -17.3773
    endloop
  endfacet
endsolid OpenSCAD_Model
