t_ms,Fx,Fy,Fz,Mx,My,Mz,pose_x,pose_y,pose_z,pose_rx,pose_ry,pose_rz,ff_enabled,acc_x,acc_y,acc_z,is_still
18960937,0.003,0.018,0.008,0.000,0.000,0.000,-35.319,-295.475,417.500,-173.252,-14.098,-108.365,1,0.0000,0.0000,0.0000,1
18960984,0.040,0.227,0.048,0.002,0.004,0.000,-35.319,-295.475,417.500,-173.252,-14.098,-108.365,1,0.0000,0.0000,0.0000,1
18961109,0.046,0.284,0.075,0.002,0.005,-0.001,-35.319,-295.475,417.500,-173.252,-14.098,-108.365,1,0.0000,0.0000,0.0000,1
18961156,0.057,0.292,0.053,0.002,0.005,0.000,-35.319,-295.475,417.500,-173.252,-14.098,-108.365,1,0.0000,0.0000,0.0000,1
18961203,0.052,0.292,0.036,0.002,0.005,0.001,-35.319,-295.475,417.500,-173.252,-14.098,-108.365,1,0.0000,0.0000,0.0000,1
18961281,0.051,0.300,0.022,0.003,0.005,0.002,-35.319,-295.475,417.500,-173.252,-14.098,-108.365,1,0.0000,0.0000,0.0000,1
18961359,0.037,0.281,0.095,0.002,0.005,-0.000,-35.319,-295.475,417.500,-173.252,-14.098,-108.365,1,0.0000,0.0000,0.0000,1
18961453,0.044,0.274,0.019,0.002,0.005,0.001,-35.319,-295.475,417.500,-173.252,-14.098,-108.365,1,0.0000,0.0000,0.0000,1
18961531,0.065,0.259,0.061,0.001,0.005,-0.001,-35.319,-295.475,417.500,-173.252,-14.098,-108.365,1,0.0000,0.0000,0.0000,1
18961640,0.046,0.286,0.047,0.003,0.005,0.001,-35.319,-295.475,417.500,-173.252,-14.098,-108.365,1,0.0000,0.0000,0.0000,1
18961734,0.046,0.284,0.027,0.002,0.005,0.002,-35.319,-295.475,417.500,-173.252,-14.098,-108.365,1,0.0000,0.0000,0.0000,1
18961875,0.050,0.276,0.084,0.002,0.005,-0.000,-35.319,-295.475,417.500,-173.252,-14.098,-108.365,1,0.0000,0.0000,0.0000,1
18961921,0.056,0.278,0.053,0.002,0.005,0.001,-35.319,-295.475,417.500,-173.252,-14.098,-108.365,1,0.0000,0.0000,0.0000,1
18961968,0.065,0.274,0.055,0.002,0.005,0.001,-35.319,-295.475,417.500,-173.252,-14.098,-108.365,1,0.0000,0.0000,0.0000,1
18962046,0.070,0.303,-0.004,0.002,0.005,0.002,-35.319,-295.475,417.500,-173.252,-14.098,-108.365,1,0.0000,0.0000,0.0000,1
18962187,0.036,0.285,0.024,0.002,0.005,0.001,-35.319,-295.475,417.500,-173.252,-14.098,-108.365,1,0.0000,0.0000,0.0000,1
18962281,0.049,0.283,0.066,0.002,0.005,0.000,-35.319,-295.475,417.500,-173.252,-14.098,-108.365,1,0.0000,0.0000,0.0000,1
18962328,0.046,0.275,0.072,0.002,0.005,0.000,-35.319,-295.475,417.500,-173.252,-14.098,-108.365,1,0.0000,0.0000,0.0000,1
18962406,0.048,0.277,0.042,0.002,0.005,0.001,-35.319,-295.475,417.500,-173.252,-14.098,-108.365,1,0.0000,0.0000,0.0000,1
18962484,0.043,0.288,0.021,0.002,0.006,0.002,-35.319,-295.475,417.500,-173.252,-14.098,-108.365,1,0.0000,0.0000,0.0000,1
18962562,0.039,0.283,0.071,0.002,0.005,0.000,-35.319,-295.475,417.500,-173.252,-14.098,-108.365,1,0.0000,0.0000,0.0000,1
18962656,0.181,0.885,-0.261,-0.047,0.014,0.001,-36.478,-294.969,415.888,-174.083,-13.858,-108.268,1,0.0000,0.0000,0.0000,1
18962734,0.136,0.298,0.156,-0.001,0.009,0.000,-36.478,-294.969,415.888,-174.083,-13.858,-108.268,1,0.0000,0.0000,0.0000,1
18962843,0.173,0.805,-0.073,-0.042,0.022,0.003,-44.230,-292.382,407.694,-179.313,-13.035,-107.240,1,0.0000,0.0000,0.0000,1
18962937,0.181,0.263,0.255,0.006,0.005,-0.000,-44.230,-292.382,407.694,-179.313,-13.035,-107.240,1,0.0000,0.0000,0.0000,1
18963078,0.106,0.566,0.133,-0.009,0.012,-0.001,-56.930,-288.609,398.057,172.466,-12.224,-104.814,1,0.0000,0.0000,0.0000,1
18963125,-0.012,0.383,0.181,0.003,0.006,-0.000,-56.930,-288.609,398.057,172.466,-12.224,-104.814,1,0.0000,0.0000,0.0000,1
18963171,-0.062,0.188,0.162,0.012,0.001,-0.000,-56.930,-288.609,398.057,172.466,-12.224,-104.814,1,0.0000,0.0000,0.0000,1
18963250,0.046,0.186,0.021,0.003,0.000,0.003,-56.865,-288.993,398.614,172.723,-12.536,-105.525,1,0.0000,0.0000,0.0000,1
18963390,-0.040,0.019,0.084,0.003,0.004,0.002,-56.865,-288.993,398.614,172.723,-12.536,-105.525,1,0.0000,0.0000,0.0000,0
18963484,-0.127,0.035,0.072,0.003,0.005,0.001,-54.668,-290.001,400.595,174.352,-12.944,-106.632,1,0.0000,0.0000,0.0000,0
18963593,-0.119,0.210,0.018,0.004,0.007,0.004,-54.668,-290.001,400.595,174.352,-12.944,-106.632,1,0.0000,0.0000,0.0000,0
18963671,-0.077,0.183,0.019,0.006,0.005,0.002,-52.749,-290.942,402.509,175.719,-13.284,-107.215,1,0.0000,0.0000,0.0000,0
18963765,-0.008,0.232,0.070,0.001,0.006,0.001,-52.749,-290.942,402.509,175.719,-13.284,-107.215,1,-0.0003,0.0001,-0.0001,0
18963843,-0.011,0.225,0.052,0.002,0.005,0.002,-51.923,-291.439,403.504,176.325,-13.486,-107.431,1,-0.0003,0.0001,-0.0001,0
18963921,0.005,0.232,0.087,0.001,0.005,0.001,-51.923,-291.439,403.504,176.325,-13.486,-107.431,1,-0.0027,0.0009,-0.0017,0
18964031,0.015,0.238,0.036,0.001,0.005,0.001,-51.686,-291.638,403.880,176.528,-13.583,-107.559,1,-0.0081,0.0031,-0.0061,0
18964140,0.020,0.255,0.027,0.001,0.005,0.002,-51.686,-291.638,403.880,176.528,-13.583,-107.559,1,-0.0081,0.0031,-0.0061,0
18964281,0.031,0.252,0.079,0.000,0.005,0.001,-51.959,-291.648,403.814,176.396,-13.633,-107.616,1,-0.0081,0.0031,-0.0061,0
18964328,0.035,0.241,0.085,0.001,0.005,0.001,-51.959,-291.648,403.814,176.396,-13.633,-107.616,1,-0.0131,0.0054,-0.0108,0
18964375,0.044,0.233,0.103,0.001,0.005,0.001,-51.959,-291.648,403.814,176.396,-13.633,-107.616,1,-0.0131,0.0054,-0.0108,0
18964453,0.045,0.207,0.038,-0.000,0.004,0.001,-52.398,-291.557,403.544,176.154,-13.646,-107.682,1,-0.0131,0.0054,-0.0108,0
18964578,0.054,0.191,0.087,0.000,0.003,0.001,-52.398,-291.557,403.544,176.154,-13.646,-107.682,1,-0.0150,0.0063,-0.0129,0
18964687,0.062,0.176,0.055,-0.001,0.003,0.001,-52.651,-291.576,403.499,176.066,-13.708,-107.871,1,-0.0138,0.0060,-0.0123,0
18964796,0.046,0.136,0.054,-0.001,0.003,0.001,-52.651,-291.576,403.499,176.066,-13.708,-107.871,1,-0.0138,0.0060,-0.0123,0
18964875,0.023,0.104,0.090,-0.001,0.004,0.000,-52.692,-291.639,403.584,176.114,-13.769,-108.108,1,-0.0138,0.0060,-0.0123,0
18964968,-0.013,0.093,0.067,-0.001,0.005,0.002,-52.692,-291.639,403.584,176.114,-13.769,-108.108,1,-0.0104,0.0046,-0.0095,0
18965046,-0.015,0.073,0.074,-0.001,0.005,0.001,-52.452,-291.885,404.032,176.349,-13.898,-108.310,1,-0.0104,0.0046,-0.0095,0
18965125,-0.030,0.085,0.109,-0.002,0.005,0.000,-52.452,-291.885,404.032,176.349,-13.898,-108.310,1,-0.0057,0.0026,-0.0053,0
18965218,-0.048,0.020,0.089,0.000,0.005,0.000,-51.969,-292.252,404.745,176.741,-14.064,-108.496,1,-0.0008,0.0003,-0.0005,0
18965328,-0.105,0.021,0.102,0.003,0.005,0.000,-51.969,-292.252,404.745,176.741,-14.064,-108.496,1,-0.0008,0.0003,-0.0005,0
18965468,-0.148,-0.025,0.090,0.005,0.004,0.001,-49.217,-293.203,407.145,178.577,-14.264,-108.951,1,-0.0008,0.0003,-0.0005,0
18965515,-0.138,0.031,0.047,0.002,0.005,0.002,-49.217,-293.203,407.145,178.577,-14.264,-108.951,1,0.0044,-0.0019,0.0044,0
18965562,-0.110,0.112,0.028,-0.000,0.007,0.002,-49.217,-293.203,407.145,178.577,-14.264,-108.951,1,0.0044,-0.0019,0.0044,0
18965656,-0.143,0.115,0.045,-0.002,0.005,0.001,-46.986,-293.706,408.777,179.968,-14.263,-109.150,1,0.0044,-0.0019,0.0044,0
18965781,-0.104,0.097,0.066,0.000,0.008,0.002,-46.986,-293.706,408.777,179.968,-14.263,-109.150,1,0.0087,-0.0029,0.0075,0
18965875,-0.089,0.055,0.055,0.000,0.005,0.001,-45.184,-293.906,409.820,-179.012,-14.139,-109.083,1,0.0086,-0.0016,0.0057,0
18965984,-0.035,0.092,0.101,0.001,0.005,0.000,-45.184,-293.906,409.820,-179.012,-14.139,-109.083,1,0.0086,-0.0016,0.0057,0
18966062,-0.007,0.113,0.045,0.001,0.005,0.001,-43.590,-294.228,411.040,-178.104,-14.143,-108.866,1,0.0086,-0.0016,0.0057,0
18966156,0.057,0.161,0.079,-0.001,0.004,0.000,-43.590,-294.228,411.040,-178.104,-14.143,-108.866,1,0.0051,0.0005,0.0017,0
18966234,0.064,0.171,0.067,-0.001,0.003,-0.000,-42.622,-294.435,411.826,-177.579,-14.168,-108.599,1,0.0051,0.0005,0.0017,0
18966312,0.101,0.262,0.038,-0.001,0.004,0.001,-42.622,-294.435,411.826,-177.579,-14.168,-108.599,1,0.0005,0.0016,-0.0014,0
18966421,0.070,0.302,0.076,-0.000,0.005,-0.000,-42.315,-294.350,411.818,-177.512,-14.085,-108.276,1,-0.0051,0.0025,-0.0050,0
18966531,0.055,0.339,0.091,-0.001,0.006,0.000,-42.315,-294.350,411.818,-177.512,-14.085,-108.276,1,-0.0051,0.0025,-0.0050,0
18966671,0.058,0.369,0.098,-0.001,0.008,-0.000,-43.816,-293.632,409.929,-178.632,-13.800,-107.850,1,-0.0051,0.0025,-0.0050,0
18966718,0.032,0.332,0.096,-0.001,0.008,-0.001,-43.816,-293.632,409.929,-178.632,-13.800,-107.850,1,-0.0112,0.0040,-0.0102,0
18966765,0.024,0.297,0.051,0.001,0.008,0.000,-43.816,-293.632,409.929,-178.632,-13.800,-107.850,1,-0.0112,0.0040,-0.0102,0
18966843,-0.006,0.351,0.059,-0.003,0.009,0.001,-45.596,-293.127,408.359,-179.793,-13.695,-107.614,1,-0.0112,0.0040,-0.0102,0
18966984,-0.026,0.337,0.015,-0.002,0.009,0.002,-45.596,-293.127,408.359,-179.793,-13.695,-107.614,1,-0.0159,0.0049,-0.0141,0
18967078,-0.014,0.342,0.088,-0.002,0.009,0.001,-48.462,-292.435,406.174,178.416,-13.622,-107.363,1,-0.0184,0.0044,-0.0143,0
18967187,-0.100,0.226,0.136,0.003,0.006,-0.000,-48.462,-292.435,406.174,178.416,-13.622,-107.363,1,-0.0184,0.0044,-0.0143,0
18967265,-0.070,0.286,0.058,0.000,0.008,0.001,-49.975,-292.076,405.097,177.472,-13.596,-107.204,1,-0.0184,0.0044,-0.0143,0
18967343,-0.073,0.244,0.074,0.002,0.007,0.001,-49.975,-292.076,405.097,177.472,-13.596,-107.204,1,-0.0173,0.0030,-0.0112,0
18967437,-0.071,0.259,0.097,0.002,0.007,0.000,-50.178,-292.054,404.995,177.362,-13.611,-107.229,1,-0.0173,0.0030,-0.0112,0
18967515,-0.077,0.249,0.073,0.003,0.006,0.001,-50.178,-292.054,404.995,177.362,-13.611,-107.229,1,-0.0095,0.0007,-0.0042,0
18967625,-0.050,0.263,0.061,0.002,0.005,0.001,-49.970,-292.069,405.087,177.511,-13.597,-107.365,1,0.0023,-0.0021,0.0046,0
18967718,-0.061,0.226,0.068,0.006,0.003,0.002,-49.970,-292.069,405.087,177.511,-13.597,-107.365,1,0.0023,-0.0021,0.0046,0
18967859,-0.002,0.180,0.066,0.005,0.002,0.001,-48.124,-292.139,405.824,178.655,-13.399,-107.899,1,0.0023,-0.0021,0.0046,0
18967906,0.032,0.178,0.089,0.003,0.003,0.000,-48.124,-292.139,405.824,178.655,-13.399,-107.899,1,0.0123,-0.0037,0.0107,0
18967953,0.019,0.174,0.049,0.003,0.004,0.002,-48.124,-292.139,405.824,178.655,-13.399,-107.899,1,0.0123,-0.0037,0.0107,0
18968031,0.029,0.121,0.041,0.002,0.002,0.002,-46.335,-292.284,406.708,179.749,-13.247,-108.277,1,0.0123,-0.0037,0.0107,0
18968171,0.033,0.149,0.096,-0.000,0.004,0.001,-46.335,-292.284,406.708,179.749,-13.247,-108.277,1,0.0178,-0.0041,0.0132,0
18968265,0.024,0.142,0.056,0.002,0.002,0.001,-44.572,-292.548,407.824,-179.221,-13.175,-108.292,1,0.0183,-0.0039,0.0132,0
18968375,0.071,0.234,0.052,-0.000,0.004,0.001,-44.572,-292.548,407.824,-179.221,-13.175,-108.292,1,0.0183,-0.0039,0.0132,0
18968453,0.051,0.216,0.074,0.001,0.003,0.001,-43.571,-292.645,408.397,-178.676,-13.108,-108.172,1,0.0183,-0.0039,0.0132,0
18968546,0.057,0.228,0.075,-0.000,0.004,0.001,-43.571,-292.645,408.397,-178.676,-13.108,-108.172,1,0.0142,-0.0033,0.0108,0
18968625,0.063,0.226,0.068,-0.001,0.004,0.001,-43.363,-292.419,408.115,-178.610,-12.931,-108.217,1,0.0142,-0.0033,0.0108,0
18968703,0.064,0.234,0.037,0.001,0.005,0.002,-43.363,-292.419,408.115,-178.610,-12.931,-108.217,1,0.0065,-0.0016,0.0053,0
18968812,0.055,0.302,0.064,0.001,0.005,0.002,-43.583,-292.088,407.485,-178.859,-12.748,-108.015,1,-0.0024,0.0009,-0.0022,0
18968921,0.038,0.307,0.055,0.001,0.006,0.002,-43.583,-292.088,407.485,-178.859,-12.748,-108.015,1,-0.0024,0.0009,-0.0022,0
18969062,-0.007,0.349,0.056,0.000,0.006,0.002,-44.382,-291.569,406.331,-179.513,-12.524,-107.596,1,-0.0024,0.0009,-0.0022,0
18969125,-0.059,0.334,0.072,-0.001,0.008,0.001,-44.382,-291.569,406.331,-179.513,-12.524,-107.596,1,-0.0093,0.0029,-0.0083,0
18969218,-0.080,0.265,0.089,-0.004,0.010,0.001,-45.595,-291.119,405.152,179.613,-12.394,-107.098,1,-0.0093,0.0029,-0.0083,0
18969359,0.028,0.193,0.051,-0.001,0.007,0.002,-45.595,-291.119,405.152,179.613,-12.394,-107.098,1,-0.0132,0.0036,-0.0110,0
18969453,0.087,0.286,0.071,-0.001,0.004,0.001,-47.552,-290.583,403.614,178.223,-12.289,-106.135,1,-0.0153,0.0033,-0.0110,0
18969562,0.029,0.325,0.089,0.003,0.005,0.001,-47.552,-290.583,403.614,178.223,-12.289,-106.135,1,-0.0153,0.0033,-0.0110,0
18969640,-0.051,0.329,0.040,0.002,0.008,0.003,-48.443,-290.519,403.211,177.556,-12.332,-105.347,1,-0.0153,0.0033,-0.0110,0
18969734,-0.089,0.212,0.081,0.001,0.007,0.001,-48.443,-290.519,403.211,177.556,-12.332,-105.347,1,-0.0141,0.0019,-0.0082,0
18969812,-0.062,0.187,0.011,-0.001,0.007,0.003,-48.817,-290.530,403.101,177.277,-12.367,-104.987,1,-0.0141,0.0019,-0.0082,0
18969890,-0.054,0.178,0.050,-0.000,0.006,0.001,-48.817,-290.530,403.101,177.277,-12.367,-104.987,1,-0.0080,-0.0004,-0.0022,0
18970000,-0.032,0.169,0.045,-0.001,0.007,0.001,-49.064,-290.550,403.050,177.132,-12.406,-104.923,1,-0.0006,-0.0023,0.0035,1
18970109,-0.030,0.160,0.049,-0.001,0.006,0.002,-49.064,-290.550,403.050,177.132,-12.406,-104.923,1,-0.0006,-0.0023,0.0035,1
18970250,0.054,0.178,0.082,-0.001,0.006,0.001,-49.649,-290.733,403.136,176.766,-12.572,-104.543,1,-0.0006,-0.0023,0.0035,1
18970296,0.071,0.200,0.087,-0.000,0.005,0.002,-49.649,-290.733,403.136,176.766,-12.572,-104.543,1,0.0040,-0.0031,0.0063,0
18970343,0.091,0.228,0.055,-0.001,0.004,0.002,-49.649,-290.733,403.136,176.766,-12.572,-104.543,1,0.0040,-0.0031,0.0063,0
18970421,0.099,0.279,0.048,-0.000,0.004,0.001,-50.281,-290.961,403.279,176.374,-12.765,-104.138,1,0.0040,-0.0031,0.0063,0
18970562,0.026,0.337,0.030,-0.001,0.005,0.001,-50.281,-290.961,403.279,176.374,-12.765,-104.138,1,0.0051,-0.0032,0.0069,0
18970656,-0.082,0.274,0.060,-0.003,0.008,0.002,-51.750,-290.512,402.154,175.278,-12.577,-103.185,1,0.0035,-0.0023,0.0050,0
18970765,0.044,0.131,0.112,0.001,0.006,-0.000,-51.750,-290.512,402.154,175.278,-12.577,-103.185,1,0.0035,-0.0023,0.0050,0
18970843,0.075,0.248,0.071,-0.002,0.003,0.002,-52.934,-289.876,400.874,174.318,-12.220,-102.237,1,0.0035,-0.0023,0.0050,0
18970937,0.074,0.257,0.089,0.003,0.004,0.002,-52.934,-289.876,400.874,174.318,-12.220,-102.237,1,0.0007,0.0000,0.0006,0
18971015,0.018,0.302,0.065,0.004,0.006,0.002,-53.578,-289.898,400.730,173.846,-12.242,-101.665,1,0.0007,0.0000,0.0006,0
18971093,-0.090,0.273,0.064,0.003,0.007,0.002,-53.578,-289.898,400.730,173.846,-12.242,-101.665,1,-0.0001,0.0012,-0.0014,0
18971203,-0.104,0.211,0.065,-0.001,0.007,0.001,-53.915,-290.175,401.046,173.620,-12.408,-101.283,1,0.0020,-0.0007,0.0019,0
18971312,-0.097,0.265,0.054,0.000,0.008,0.002,-53.915,-290.175,401.046,173.620,-12.408,-101.283,1,0.0020,-0.0007,0.0019,0
18971453,0.036,0.289,0.073,0.002,0.006,0.002,-54.789,-290.114,400.729,173.240,-12.516,-101.801,1,0.0020,-0.0007,0.0019,0
18971500,0.040,0.272,0.050,0.001,0.005,0.003,-54.789,-290.114,400.729,173.240,-12.516,-101.801,1,0.0041,-0.0031,0.0060,0
18971546,0.047,0.268,0.049,0.002,0.004,0.002,-54.789,-290.114,400.729,173.240,-12.516,-101.801,1,0.0041,-0.0031,0.0060,0
18971625,0.046,0.280,0.047,0.003,0.004,0.004,-55.500,-290.099,400.528,172.848,-12.582,-101.812,1,0.0041,-0.0031,0.0060,0
18971765,0.025,0.274,0.054,0.003,0.004,0.002,-55.500,-290.099,400.528,172.848,-12.582,-101.812,1,0.0044,-0.0037,0.0069,0
18971859,0.013,0.292,0.039,0.004,0.006,0.003,-55.991,-290.206,400.566,172.539,-12.669,-101.560,1,0.0041,-0.0034,0.0063,0
18971968,-0.059,0.252,0.073,0.002,0.006,0.002,-55.991,-290.206,400.566,172.539,-12.669,-101.560,1,0.0041,-0.0034,0.0063,0
18972046,-0.077,0.230,0.092,0.001,0.006,-0.000,-56.045,-290.637,401.186,172.525,-12.917,-101.344,1,0.0041,-0.0034,0.0063,0
18972140,-0.091,0.253,0.064,0.004,0.006,0.003,-56.045,-290.637,401.186,172.525,-12.917,-101.344,1,0.0044,-0.0033,0.0062,0
18972218,0.004,0.282,0.059,0.003,0.003,0.002,-55.830,-290.762,401.424,172.757,-13.027,-101.765,1,0.0044,-0.0033,0.0062,0
18972296,0.056,0.233,0.079,0.004,0.001,0.002,-55.830,-290.762,401.424,172.757,-13.027,-101.765,1,0.0053,-0.0030,0.0059,0
18972406,-0.055,0.085,0.086,0.002,0.004,0.002,-55.116,-290.715,401.532,173.361,-13.034,-102.730,1,0.0069,-0.0014,0.0039,0
18972515,-0.043,0.214,0.057,0.005,0.006,0.003,-55.116,-290.715,401.532,173.361,-13.034,-102.730,1,0.0069,-0.0014,0.0039,0
18972640,-0.093,0.055,0.062,0.002,0.004,0.002,-53.268,-291.243,402.818,175.002,-13.374,-105.062,1,0.0069,-0.0014,0.0039,0
18972703,-0.118,0.182,0.056,0.004,0.007,0.002,-53.268,-291.243,402.818,175.002,-13.374,-105.062,1,0.0092,0.0002,0.0021,0
18972828,0.094,0.230,-0.005,-0.006,0.008,0.004,-52.847,-291.509,403.340,175.572,-13.583,-106.292,1,0.0092,0.0002,0.0021,0
18972968,0.130,0.315,0.043,-0.016,0.013,0.000,-52.847,-291.509,403.340,175.572,-13.583,-106.292,1,0.0093,0.0007,0.0013,0
18973062,0.149,0.410,0.054,-0.013,0.013,0.002,-58.408,-290.564,400.539,172.158,-13.702,-105.446,1,-0.0011,0.0023,-0.0036,0
18973156,0.086,0.438,0.021,-0.012,0.014,0.003,-58.408,-290.564,400.539,172.158,-13.702,-105.446,1,-0.0011,0.0023,-0.0036,0
18973250,0.226,0.558,0.026,-0.018,0.013,0.002,-67.533,-288.942,396.784,166.181,-13.493,-102.484,1,-0.0011,0.0023,-0.0036,0
18973343,0.059,0.344,0.062,-0.004,0.004,0.003,-67.533,-288.942,396.784,166.181,-13.493,-102.484,1,-0.0235,0.0061,-0.0139,0
18973421,0.020,0.470,0.053,-0.008,0.006,0.002,-75.727,-287.169,393.894,160.628,-12.646,-99.266,1,-0.0424,0.0097,-0.0204,0
18973500,-0.015,0.224,0.100,-0.006,0.002,0.001,-75.727,-287.169,393.894,160.628,-12.646,-99.266,1,-0.0424,0.0097,-0.0204,0
18973609,-0.017,0.411,0.062,-0.005,0.005,0.003,-81.107,-285.612,391.937,156.938,-11.615,-97.106,1,-0.0405,0.0106,-0.0167,0
18973718,-0.051,0.134,0.078,0.001,0.000,0.002,-81.107,-285.612,391.937,156.938,-11.615,-97.106,1,-0.0405,0.0106,-0.0167,0
18973859,-0.051,0.120,0.065,0.006,-0.003,0.004,-83.511,-284.688,390.891,155.286,-10.967,-96.166,1,-0.0405,0.0106,-0.0167,0
18973906,-0.109,0.033,0.132,0.013,-0.003,0.004,-83.511,-284.688,390.891,155.286,-10.967,-96.166,1,-0.0199,0.0083,-0.0069,0
18973953,-0.134,0.047,0.186,0.016,-0.001,0.003,-83.511,-284.688,390.891,155.286,-10.967,-96.166,1,-0.0199,0.0083,-0.0069,0
18974031,-0.036,0.038,0.157,0.018,-0.002,0.004,-78.573,-285.932,392.276,158.655,-11.903,-98.182,1,-0.0199,0.0083,-0.0069,0
18974171,-0.036,0.065,0.222,0.012,-0.000,0.000,-78.573,-285.932,392.276,158.655,-11.903,-98.182,1,0.0136,0.0010,0.0056,0
18974265,-0.161,-0.207,0.203,0.023,-0.003,0.003,-69.092,-288.243,395.672,165.054,-13.119,-101.770,1,0.0568,-0.0109,0.0208,0
18974375,-0.038,0.010,0.143,0.009,0.000,0.001,-69.092,-288.243,395.672,165.054,-13.119,-101.770,1,0.0568,-0.0109,0.0208,0
18974453,-0.277,-0.111,0.176,0.019,-0.000,0.003,-59.915,-290.058,399.497,171.116,-13.536,-104.901,1,0.0568,-0.0109,0.0208,0
18974546,-0.053,0.030,0.113,0.007,-0.001,0.002,-59.915,-290.058,399.497,171.116,-13.536,-104.901,1,0.0874,-0.0197,0.0326,0
18974609,-0.195,-0.101,0.130,0.008,0.001,0.000,-52.098,-291.318,403.267,176.116,-13.411,-107.056,1,0.0874,-0.0197,0.0326,0
18974687,-0.102,0.133,0.033,0.006,0.003,0.003,-52.098,-291.318,403.267,176.116,-13.411,-107.056,1,0.0879,-0.0194,0.0352,0
18974796,-0.078,-0.048,0.071,0.007,-0.001,0.001,-45.628,-292.049,406.603,-179.905,-12.997,-108.363,1,0.0652,-0.0125,0.0296,0
18974906,-0.041,0.061,0.074,-0.002,0.006,-0.000,-45.628,-292.049,406.603,-179.905,-12.997,-108.363,1,0.0652,-0.0125,0.0296,0
18975046,-0.201,-0.044,0.024,0.007,0.002,0.002,-39.462,-292.509,410.026,-176.245,-12.438,-109.148,1,0.0652,-0.0125,0.0296,0
18975093,-0.154,0.038,0.060,0.003,0.004,0.000,-39.462,-292.509,410.026,-176.245,-12.438,-109.148,1,0.0354,-0.0041,0.0200,0
18975140,-0.121,0.116,0.090,0.001,0.008,0.000,-39.462,-292.509,410.026,-176.245,-12.438,-109.148,1,0.0354,-0.0041,0.0200,0
18975218,-0.151,0.136,0.061,0.005,0.006,0.002,-36.842,-292.660,411.601,-174.690,-12.177,-109.467,1,0.0354,-0.0041,0.0200,0
18975359,-0.071,0.167,0.125,0.008,0.002,-0.001,-36.842,-292.660,411.601,-174.690,-12.177,-109.467,1,0.0061,0.0025,0.0081,0
18975453,-0.092,0.051,0.064,0.013,-0.002,0.001,-32.324,-292.968,414.702,-171.968,-11.771,-110.012,1,-0.0189,0.0063,-0.0034,0
18975562,-0.024,0.036,0.055,0.005,0.003,0.002,-32.324,-292.968,414.702,-171.968,-11.771,-110.012,1,-0.0189,0.0063,-0.0034,0
18975640,-0.181,-0.055,0.057,0.006,0.003,0.001,-26.140,-293.413,419.704,-168.164,-11.290,-110.672,1,-0.0189,0.0063,-0.0034,0
18975734,-0.123,0.122,0.047,0.001,0.009,0.001,-26.140,-293.413,419.704,-168.164,-11.290,-110.672,1,-0.0277,0.0070,-0.0063,0
18975812,-0.126,0.146,0.046,0.002,0.008,-0.000,-21.895,-293.620,423.503,-165.523,-10.952,-111.046,1,-0.0277,0.0070,-0.0063,0
18975890,-0.061,0.221,0.029,0.003,0.008,0.000,-21.895,-293.620,423.503,-165.523,-10.952,-111.046,1,-0.0244,0.0060,-0.0027,0
18976000,-0.058,0.118,0.071,0.010,0.001,-0.001,-18.443,-293.676,426.742,-163.377,-10.658,-111.247,1,-0.0237,0.0052,-0.0029,0
18976093,0.034,0.164,0.053,0.002,0.003,-0.001,-18.443,-293.676,426.742,-163.377,-10.658,-111.247,1,-0.0237,0.0052,-0.0029,0
18976234,-0.101,-0.049,0.017,0.010,-0.002,-0.001,-11.917,-293.463,433.218,-159.322,-10.079,-111.343,1,-0.0237,0.0052,-0.0029,0
18976281,-0.098,-0.044,0.035,0.008,-0.001,-0.002,-11.917,-293.463,433.218,-159.322,-10.079,-111.343,1,-0.0225,0.0049,-0.0040,0
18976328,-0.039,0.044,0.026,0.002,0.004,-0.001,-11.917,-293.463,433.218,-159.322,-10.079,-111.343,1,-0.0225,0.0049,-0.0040,0
18976421,-0.086,0.009,0.032,0.003,0.004,-0.002,-7.455,-293.115,438.088,-156.504,-9.731,-111.221,1,-0.0225,0.0049,-0.0040,0
18976546,-0.214,-0.065,0.072,0.009,0.001,-0.002,-7.455,-293.115,438.088,-156.504,-9.731,-111.221,1,-0.0182,0.0046,-0.0030,0
18976640,-0.276,-0.065,-0.044,0.009,0.004,-0.000,0.067,-292.025,447.103,-151.660,-9.294,-110.580,1,-0.0143,0.0050,-0.0009,0
18976750,-0.011,0.300,-0.096,-0.006,0.018,-0.001,0.067,-292.025,447.103,-151.660,-9.294,-110.580,1,-0.0143,0.0050,-0.0009,0
18976828,-0.010,0.279,-0.151,-0.007,0.018,-0.002,5.305,-290.791,453.995,-148.176,-9.048,-109.930,1,-0.0143,0.0050,-0.0009,0
18976921,0.991,1.619,-0.709,-0.121,0.097,-0.001,5.305,-290.791,453.995,-148.176,-9.048,-109.930,1,-0.0097,0.0060,0.0033,0
18977000,-0.468,-0.152,0.455,0.029,-0.012,-0.002,-3.794,-292.449,441.715,-154.294,-9.262,-110.966,1,-0.0097,0.0060,0.0033,0
18977078,0.280,0.751,-0.112,-0.044,0.029,-0.002,-3.794,-292.449,441.715,-154.294,-9.262,-110.966,1,-0.0346,0.0010,-0.0318,0
18977187,0.320,0.687,0.259,-0.031,0.032,0.002,-15.290,-292.272,426.845,-161.920,-9.088,-111.839,1,-0.1005,-0.0094,-0.1215,0
18977296,0.268,0.970,0.193,-0.042,0.014,0.002,-15.290,-292.272,426.845,-161.920,-9.088,-111.839,1,-0.1005,-0.0094,-0.1215,0
18977437,0.874,1.321,0.483,-0.054,0.046,-0.001,-49.799,-284.670,394.560,176.349,-9.240,-109.226,1,-0.1005,-0.0094,-0.1215,0
18977484,0.663,0.908,0.403,-0.029,0.036,-0.000,-49.799,-284.670,394.560,176.349,-9.240,-109.226,1,-0.1638,-0.0075,-0.1986,0
18977531,0.344,0.682,0.233,-0.019,0.019,0.003,-49.799,-284.670,394.560,176.349,-9.240,-109.226,1,-0.1638,-0.0075,-0.1986,0
18977609,0.489,0.913,0.149,-0.024,0.024,0.003,-73.216,-277.476,382.310,162.000,-8.660,-104.796,1,-0.1638,-0.0075,-0.1986,0
18977750,0.015,0.256,0.163,0.009,-0.010,0.001,-73.216,-277.476,382.310,162.000,-8.660,-104.796,1,-0.1811,0.0067,-0.1954,0
18977843,0.242,0.581,-0.026,-0.008,0.006,0.002,-89.669,-272.908,378.185,151.878,-8.240,-101.865,1,-0.1300,0.0135,-0.0988,0
18977953,-0.100,0.139,0.179,0.015,-0.004,0.001,-89.669,-272.908,378.185,151.878,-8.240,-101.865,1,-0.1300,0.0135,-0.0988,0
18978031,0.090,0.167,0.113,0.004,-0.001,0.001,-90.331,-273.295,378.655,151.741,-9.340,-103.280,1,-0.1300,0.0135,-0.0988,0
18978125,-0.094,-0.001,0.145,0.010,-0.000,0.003,-90.331,-273.295,378.655,151.741,-9.340,-103.280,1,-0.0348,0.0039,0.0182,0
18978203,-0.111,0.106,0.122,0.013,0.002,0.003,-87.514,-274.730,379.823,153.726,-10.143,-104.667,1,-0.0348,0.0039,0.0182,0
18978281,0.029,0.184,0.092,0.007,-0.003,0.002,-87.514,-274.730,379.823,153.726,-10.143,-104.667,1,0.0623,-0.0157,0.0905,0
18978390,0.001,0.004,0.079,0.006,-0.001,0.002,-83.085,-276.714,381.583,156.714,-10.832,-106.181,1,0.1294,-0.0320,0.1173,0
18978500,-0.088,0.034,0.081,0.001,0.001,0.002,-83.085,-276.714,381.583,156.714,-10.832,-106.181,1,0.1294,-0.0320,0.1173,0
18978640,-0.093,0.083,0.006,-0.004,0.006,0.003,-78.072,-278.453,383.318,159.944,-11.086,-107.465,1,0.1294,-0.0320,0.1173,0
18978687,-0.089,0.113,-0.004,-0.002,0.005,0.002,-78.072,-278.453,383.318,159.944,-11.086,-107.465,1,0.1505,-0.0376,0.1120,0
18978734,-0.076,0.126,-0.012,-0.002,0.005,0.002,-78.072,-278.453,383.318,159.944,-11.086,-107.465,1,0.1505,-0.0376,0.1120,0
18978812,-0.093,0.124,0.013,-0.000,0.005,0.002,-77.975,-278.483,383.351,160.006,-11.089,-107.490,1,0.1505,-0.0376,0.1120,0
18978953,-0.072,0.134,0.042,-0.000,0.005,0.001,-77.975,-278.483,383.351,160.006,-11.089,-107.490,1,0.1287,-0.0313,0.0870,0
18979046,-0.088,0.161,0.081,0.000,0.005,0.001,-77.977,-278.482,383.349,160.004,-11.089,-107.490,1,0.0792,-0.0169,0.0532,0
18979156,-0.089,0.178,0.040,-0.000,0.005,0.004,-77.977,-278.482,383.349,160.004,-11.089,-107.490,1,0.0792,-0.0169,0.0532,0
18979234,-0.056,0.155,0.014,0.000,0.003,0.004,-78.042,-278.417,383.277,159.921,-10.997,-107.290,1,0.0792,-0.0169,0.0532,0
18979328,0.007,0.162,0.052,-0.000,0.003,0.002,-78.042,-278.417,383.277,159.921,-10.997,-107.290,1,0.0323,-0.0039,0.0240,0
18979406,-0.018,0.110,0.103,0.001,-0.000,0.001,-77.822,-278.398,383.254,160.014,-10.893,-107.164,1,0.0323,-0.0039,0.0240,0
18979468,-0.023,0.066,0.170,0.006,-0.002,0.000,-77.822,-278.398,383.254,160.014,-10.893,-107.164,1,0.0035,0.0033,0.0051,0
18979578,-0.091,0.040,0.129,0.007,-0.001,0.003,-75.826,-278.822,383.732,161.220,-10.785,-107.495,1,-0.0077,0.0055,-0.0043,0
18979687,-0.221,-0.034,0.137,0.011,-0.001,0.002,-75.826,-278.822,383.732,161.220,-10.785,-107.495,1,-0.0077,0.0055,-0.0043,0
18979828,-0.197,-0.015,0.227,0.020,-0.005,0.003,-66.768,-281.211,386.984,166.792,-10.619,-109.391,1,-0.0077,0.0055,-0.0043,0
18979875,-0.096,0.089,0.168,0.015,-0.004,0.003,-66.768,-281.211,386.984,166.792,-10.619,-109.391,1,-0.0012,0.0028,-0.0046,0
18979921,-0.000,0.135,0.145,0.010,-0.003,0.002,-66.768,-281.211,386.984,166.792,-10.619,-109.391,1,-0.0012,0.0028,-0.0046,0
18980000,-0.114,-0.036,0.134,0.008,-0.003,0.002,-59.377,-283.061,390.259,171.321,-10.372,-111.078,1,-0.0012,0.0028,-0.0046,0
18980140,-0.114,0.116,0.100,0.004,0.004,0.001,-59.377,-283.061,390.259,171.321,-10.372,-111.078,1,0.0117,-0.0015,0.0005,0
18980234,-0.190,0.074,0.113,0.011,-0.001,0.002,-52.162,-284.536,393.728,175.591,-9.821,-112.274,1,0.0151,-0.0025,0.0050,0
18980343,-0.010,0.241,0.080,0.004,0.005,0.001,-52.162,-284.536,393.728,175.591,-9.821,-112.274,1,0.0151,-0.0025,0.0050,0
18980421,-0.010,0.180,0.062,0.006,0.001,0.001,-47.635,-285.403,396.195,178.231,-9.419,-112.814,1,0.0151,-0.0025,0.0050,0
18980515,0.060,0.248,0.069,0.001,0.004,0.000,-47.635,-285.403,396.195,178.231,-9.419,-112.814,1,0.0080,-0.0002,0.0057,0
18980593,0.053,0.210,0.048,0.002,0.003,0.001,-45.471,-285.660,397.265,179.453,-9.139,-113.043,1,0.0080,-0.0002,0.0057,0
18980671,0.068,0.236,0.063,0.001,0.004,0.001,-45.471,-285.660,397.265,179.453,-9.139,-113.043,1,-0.0069,0.0037,0.0008,0
18980781,0.077,0.221,0.075,0.001,0.003,0.000,-44.281,-285.761,397.827,-179.884,-8.963,-113.171,1,-0.0248,0.0078,-0.0081,0
18980890,0.088,0.242,0.057,0.002,0.004,0.001,-44.281,-285.761,397.827,-179.884,-8.963,-113.171,1,-0.0248,0.0078,-0.0081,0
18981031,0.070,0.190,0.086,0.001,0.002,-0.000,-43.320,-285.998,398.509,-179.302,-8.910,-113.303,1,-0.0248,0.0078,-0.0081,0
18981078,0.086,0.193,0.096,0.001,0.003,-0.000,-43.320,-285.998,398.509,-179.302,-8.910,-113.303,1,-0.0359,0.0097,-0.0146,0
18981125,0.091,0.208,0.107,-0.000,0.003,-0.000,-43.320,-285.998,398.509,-179.302,-8.910,-113.303,1,-0.0359,0.0097,-0.0146,0
18981203,0.082,0.174,0.110,-0.000,0.003,-0.001,-42.692,-286.170,398.987,-178.917,-8.884,-113.387,1,-0.0359,0.0097,-0.0146,0
18981343,0.073,0.183,0.038,-0.001,0.004,0.002,-42.692,-286.170,398.987,-178.917,-8.884,-113.387,1,-0.0371,0.0090,-0.0161,0
18981437,0.051,0.175,0.034,-0.000,0.004,0.002,-42.047,-286.368,399.516,-178.512,-8.870,-113.488,1,-0.0320,0.0071,-0.0144,0
18981546,0.060,0.179,0.052,-0.000,0.004,0.002,-42.047,-286.368,399.516,-178.512,-8.870,-113.488,1,-0.0320,0.0071,-0.0144,0
18981625,0.057,0.160,0.069,-0.002,0.004,-0.000,-41.727,-286.485,399.808,-178.301,-8.873,-113.565,1,-0.0320,0.0071,-0.0144,0
18981718,0.066,0.182,-0.023,-0.001,0.004,0.003,-41.727,-286.485,399.808,-178.301,-8.873,-113.565,1,-0.0244,0.0050,-0.0113,0
18981796,0.059,0.171,0.048,-0.001,0.004,0.001,-41.584,-286.540,399.943,-178.205,-8.876,-113.609,1,-0.0244,0.0050,-0.0113,0
18981875,0.053,0.180,0.033,-0.001,0.005,0.002,-41.584,-286.540,399.943,-178.205,-8.876,-113.609,1,-0.0172,0.0033,-0.0085,0
18981984,0.059,0.143,0.060,-0.003,0.005,-0.000,-41.539,-286.560,399.990,-178.174,-8.879,-113.621,1,-0.0115,0.0022,-0.0064,0
18982093,0.045,0.158,0.035,-0.002,0.005,0.001,-41.539,-286.560,399.990,-178.174,-8.879,-113.621,1,-0.0115,0.0022,-0.0064,0
18982234,0.047,0.152,0.064,-0.002,0.005,-0.000,-41.539,-286.560,399.989,-178.174,-8.878,-113.622,1,-0.0115,0.0022,-0.0064,0
18982281,0.054,0.144,0.066,-0.002,0.004,-0.000,-41.539,-286.560,399.989,-178.174,-8.878,-113.622,1,-0.0072,0.0015,-0.0048,0
18982328,0.049,0.166,0.042,-0.002,0.004,0.001,-41.539,-286.560,399.989,-178.174,-8.878,-113.622,1,-0.0072,0.0015,-0.0048,0
18982390,0.055,0.151,0.105,-0.002,0.004,-0.002,-41.539,-286.560,399.989,-178.174,-8.878,-113.622,1,-0.0072,0.0015,-0.0048,0
18982546,0.039,0.172,0.034,-0.001,0.005,0.001,-41.539,-286.560,399.989,-178.174,-8.878,-113.622,1,-0.0072,0.0015,-0.0048,0
18982640,0.069,0.182,0.061,-0.001,0.004,-0.001,-41.539,-286.560,399.989,-178.174,-8.878,-113.622,1,-0.0072,0.0015,-0.0048,0
18982734,0.046,0.152,0.085,-0.002,0.004,-0.000,-41.539,-286.560,399.989,-178.174,-8.878,-113.622,1,-0.0072,0.0015,-0.0048,0
18982812,0.047,0.154,0.050,-0.002,0.004,0.000,-41.539,-286.560,399.989,-178.174,-8.878,-113.622,1,-0.0072,0.0015,-0.0048,0
18982906,0.051,0.155,0.063,-0.002,0.004,-0.000,-41.539,-286.560,399.989,-178.174,-8.878,-113.622,1,-0.0072,0.0015,-0.0048,0
18982984,0.041,0.156,0.053,-0.002,0.005,0.001,-41.539,-286.560,399.989,-178.174,-8.878,-113.622,1,-0.0072,0.0015,-0.0048,0
18983062,0.046,0.163,0.042,-0.002,0.005,0.001,-41.539,-286.560,399.989,-178.174,-8.878,-113.622,1,-0.0072,0.0015,-0.0048,0
18983171,0.033,0.154,0.086,-0.002,0.005,-0.000,-41.539,-286.560,399.989,-178.174,-8.878,-113.622,1,-0.0072,0.0015,-0.0048,0
18983281,0.042,0.165,0.044,-0.002,0.005,0.001,-41.539,-286.560,399.989,-178.174,-8.878,-113.622,1,-0.0072,0.0015,-0.0048,0
18983421,0.051,0.156,0.050,-0.002,0.004,0.001,-41.539,-286.560,399.989,-178.174,-8.878,-113.622,1,-0.0072,0.0015,-0.0048,0
18983468,0.039,0.172,0.066,-0.002,0.005,0.000,-41.539,-286.560,399.989,-178.174,-8.878,-113.622,1,-0.0072,0.0015,-0.0048,0
18983515,0.036,0.165,0.078,-0.002,0.005,-0.000,-41.539,-286.560,399.989,-178.174,-8.878,-113.622,1,-0.0072,0.0015,-0.0048,0
18983593,0.029,0.163,0.095,-0.001,0.005,-0.000,-41.539,-286.560,399.989,-178.174,-8.878,-113.622,1,-0.0072,0.0015,-0.0048,0
18983734,0.026,0.161,0.053,-0.001,0.005,0.001,-41.539,-286.560,399.989,-178.174,-8.878,-113.622,1,-0.0072,0.0015,-0.0048,0
18983828,0.034,0.141,0.071,-0.002,0.005,0.000,-41.539,-286.560,399.989,-178.174,-8.878,-113.622,1,-0.0072,0.0015,-0.0048,0
18983937,0.032,0.163,0.026,-0.002,0.005,0.001,-41.539,-286.560,399.989,-178.174,-8.878,-113.622,1,-0.0072,0.0015,-0.0048,0
18984015,0.035,0.156,0.049,-0.002,0.005,0.001,-41.539,-286.560,399.989,-178.174,-8.878,-113.622,1,-0.0072,0.0015,-0.0048,0
18984109,0.030,0.147,0.065,-0.002,0.005,0.000,-41.539,-286.560,399.989,-178.174,-8.878,-113.622,1,-0.0072,0.0015,-0.0048,0
18984187,0.038,0.167,0.081,-0.001,0.005,0.001,-41.539,-286.560,399.989,-178.174,-8.878,-113.622,1,-0.0072,0.0015,-0.0048,0
18984265,0.045,0.156,0.081,-0.002,0.005,-0.001,-41.539,-286.560,399.989,-178.174,-8.878,-113.622,1,-0.0072,0.0015,-0.0048,0
18984375,0.024,0.160,0.051,-0.001,0.005,0.001,-41.539,-286.560,399.989,-178.174,-8.878,-113.622,1,-0.0072,0.0015,-0.0048,0
18984484,0.031,0.151,0.096,-0.002,0.005,-0.001,-41.539,-286.560,399.989,-178.174,-8.878,-113.622,1,-0.0072,0.0015,-0.0048,0
18984625,0.022,0.153,0.072,-0.002,0.005,0.001,-41.539,-286.560,399.989,-178.174,-8.878,-113.622,1,-0.0072,0.0015,-0.0048,0
18984671,0.029,0.153,0.077,-0.001,0.005,0.001,-41.539,-286.560,399.989,-178.174,-8.878,-113.622,1,-0.0072,0.0015,-0.0048,0
18984796,0.040,0.151,0.032,-0.002,0.005,0.001,-41.539,-286.560,399.989,-178.174,-8.878,-113.622,1,-0.0072,0.0015,-0.0048,0
18984937,0.037,0.159,0.029,-0.002,0.005,0.001,-41.539,-286.560,399.989,-178.174,-8.878,-113.622,1,-0.0072,0.0015,-0.0048,0
18985031,0.025,0.172,0.055,-0.001,0.005,0.001,-41.539,-286.560,399.989,-178.174,-8.878,-113.622,1,-0.0072,0.0015,-0.0048,0
18985125,0.026,0.166,0.066,-0.001,0.005,0.001,-41.539,-286.560,399.989,-178.174,-8.878,-113.622,1,-0.0072,0.0015,-0.0048,0
18985203,0.026,0.163,0.039,-0.002,0.005,0.001,-41.539,-286.560,399.989,-178.174,-8.878,-113.622,1,-0.0072,0.0015,-0.0048,0
18985296,0.038,0.146,0.054,-0.002,0.005,0.001,-41.539,-286.560,399.989,-178.174,-8.878,-113.622,1,-0.0072,0.0015,-0.0048,0
18985375,0.023,0.152,0.042,-0.002,0.005,0.001,-41.539,-286.560,399.989,-178.174,-8.878,-113.622,1,-0.0072,0.0015,-0.0048,0
18985453,0.027,0.149,0.050,-0.002,0.005,0.001,-41.539,-286.560,399.989,-178.174,-8.878,-113.622,1,-0.0072,0.0015,-0.0048,0
18985562,0.028,0.154,0.043,-0.001,0.005,0.002,-41.539,-286.560,399.989,-178.174,-8.878,-113.622,1,-0.0072,0.0015,-0.0048,0
18985671,0.031,0.167,0.031,-0.001,0.005,0.002,-41.539,-286.560,399.989,-178.174,-8.878,-113.622,1,-0.0072,0.0015,-0.0048,0
18985812,0.046,0.157,0.050,-0.002,0.004,0.000,-41.539,-286.560,399.989,-178.174,-8.878,-113.622,1,-0.0072,0.0015,-0.0048,0
18985859,0.036,0.168,0.031,-0.001,0.005,0.002,-41.539,-286.560,399.989,-178.174,-8.878,-113.622,1,-0.0072,0.0015,-0.0048,0
18985906,0.042,0.164,0.022,-0.002,0.005,0.001,-41.539,-286.560,399.989,-178.174,-8.878,-113.622,1,-0.0072,0.0015,-0.0048,0
18985984,0.024,0.162,0.025,-0.001,0.005,0.003,-41.539,-286.560,399.989,-178.174,-8.878,-113.622,1,-0.0072,0.0015,-0.0048,0
18986125,0.029,0.156,0.031,-0.001,0.005,0.002,-41.539,-286.560,399.989,-178.174,-8.878,-113.622,1,-0.0072,0.0015,-0.0048,0
18986218,0.029,0.150,0.040,-0.001,0.005,0.001,-41.539,-286.560,399.989,-178.174,-8.878,-113.622,1,-0.0072,0.0015,-0.0048,0
18986328,0.046,0.162,0.065,-0.001,0.005,0.000,-41.539,-286.560,399.989,-178.174,-8.878,-113.622,1,-0.0072,0.0015,-0.0048,0
18986406,0.046,0.162,0.057,-0.001,0.004,0.001,-41.539,-286.560,399.989,-178.174,-8.878,-113.622,1,-0.0072,0.0015,-0.0048,0
18986500,0.056,0.146,0.045,-0.002,0.004,0.000,-41.539,-286.560,399.989,-178.174,-8.878,-113.622,1,-0.0072,0.0015,-0.0048,0
18986578,0.053,0.151,0.037,-0.002,0.004,0.001,-41.539,-286.560,399.989,-178.174,-8.878,-113.622,1,-0.0072,0.0015,-0.0048,0
18986656,0.033,0.176,0.050,-0.000,0.005,0.002,-41.539,-286.560,399.989,-178.174,-8.878,-113.622,1,-0.0072,0.0015,-0.0048,0
18986765,0.014,0.173,0.025,-0.001,0.005,0.002,-41.539,-286.560,399.989,-178.174,-8.878,-113.622,1,-0.0072,0.0015,-0.0048,0
18986875,0.055,0.156,0.047,-0.002,0.004,0.001,-41.539,-286.560,399.989,-178.174,-8.878,-113.622,1,-0.0072,0.0015,-0.0048,0
18987015,0.034,0.152,0.041,-0.001,0.005,0.002,-41.539,-286.560,399.989,-178.174,-8.878,-113.622,1,-0.0072,0.0015,-0.0048,0
18987062,0.031,0.158,0.028,-0.001,0.005,0.002,-41.539,-286.560,399.989,-178.174,-8.878,-113.622,1,-0.0072,0.0015,-0.0048,0
18987109,0.047,0.153,0.072,-0.002,0.004,-0.000,-41.539,-286.560,399.989,-178.174,-8.878,-113.622,1,-0.0072,0.0015,-0.0048,0
18987187,0.034,0.159,0.021,-0.001,0.005,0.001,-41.539,-286.560,399.989,-178.174,-8.878,-113.622,1,-0.0072,0.0015,-0.0048,0
18987328,0.047,0.160,0.042,-0.001,0.004,0.001,-41.539,-286.560,399.989,-178.174,-8.878,-113.622,1,-0.0072,0.0015,-0.0048,0
18987421,0.049,0.161,0.043,-0.002,0.004,0.001,-41.539,-286.560,399.989,-178.174,-8.878,-113.622,1,-0.0072,0.0015,-0.0048,0
18987515,0.035,0.158,0.004,-0.001,0.005,0.003,-41.539,-286.560,399.989,-178.174,-8.878,-113.622,1,-0.0072,0.0015,-0.0048,0
18987609,0.055,0.146,0.088,-0.002,0.004,-0.000,-41.539,-286.560,399.989,-178.174,-8.878,-113.622,1,-0.0072,0.0015,-0.0048,0
18987703,0.041,0.156,0.052,-0.001,0.005,0.001,-41.539,-286.560,399.989,-178.174,-8.878,-113.622,1,-0.0072,0.0015,-0.0048,0
18987781,0.054,0.154,0.039,-0.001,0.004,0.001,-41.539,-286.560,399.989,-178.174,-8.878,-113.622,1,-0.0072,0.0015,-0.0048,0
18987859,0.047,0.149,0.035,-0.002,0.004,0.001,-41.539,-286.560,399.989,-178.174,-8.878,-113.622,1,-0.0072,0.0015,-0.0048,0
18987968,0.047,0.143,0.047,-0.002,0.004,0.000,-41.539,-286.560,399.989,-178.174,-8.878,-113.622,1,-0.0072,0.0015,-0.0048,0
18988078,0.054,0.147,0.055,-0.002,0.004,0.000,-41.539,-286.560,399.989,-178.174,-8.878,-113.622,1,-0.0072,0.0015,-0.0048,0
18988218,0.068,0.140,0.060,-0.002,0.004,0.001,-41.539,-286.560,399.989,-178.174,-8.878,-113.622,1,-0.0072,0.0015,-0.0048,0
18988265,0.068,0.160,0.001,-0.001,0.004,0.002,-41.539,-286.560,399.989,-178.174,-8.878,-113.622,1,-0.0072,0.0015,-0.0048,0
18988312,0.059,0.158,0.037,-0.001,0.004,0.001,-41.539,-286.560,399.989,-178.174,-8.878,-113.622,1,-0.0072,0.0015,-0.0048,0
18988390,0.059,0.156,0.043,-0.002,0.004,0.001,-41.539,-286.560,399.989,-178.174,-8.878,-113.622,1,-0.0072,0.0015,-0.0048,0
18988531,0.068,0.158,0.072,-0.001,0.004,0.000,-41.539,-286.560,399.989,-178.174,-8.878,-113.622,1,-0.0072,0.0015,-0.0048,0
18988625,0.039,0.155,0.033,-0.002,0.005,0.001,-41.539,-286.560,399.989,-178.174,-8.878,-113.622,1,-0.0072,0.0015,-0.0048,0
18988734,0.043,0.154,0.023,-0.002,0.004,0.001,-41.539,-286.560,399.989,-178.174,-8.878,-113.622,1,-0.0072,0.0015,-0.0048,0
18988812,0.045,0.153,0.040,-0.001,0.005,0.001,-41.539,-286.560,399.989,-178.174,-8.878,-113.622,1,-0.0072,0.0015,-0.0048,0
18988906,0.046,0.162,0.042,-0.001,0.004,0.001,-41.539,-286.560,399.989,-178.174,-8.878,-113.622,1,-0.0072,0.0015,-0.0048,0
18988984,0.057,0.152,0.081,-0.001,0.005,-0.001,-41.539,-286.560,399.989,-178.174,-8.878,-113.622,1,-0.0072,0.0015,-0.0048,0
18989062,0.050,0.172,0.030,-0.001,0.004,0.002,-41.539,-286.560,399.989,-178.174,-8.878,-113.622,1,-0.0072,0.0015,-0.0048,0
18989171,0.060,0.165,0.064,-0.002,0.004,0.000,-41.539,-286.560,399.989,-178.174,-8.878,-113.622,1,-0.0072,0.0015,-0.0048,0
18989265,0.063,0.175,0.030,-0.001,0.004,0.001,-41.539,-286.560,399.989,-178.174,-8.878,-113.622,1,-0.0072,0.0015,-0.0048,0
18989406,0.056,0.143,0.066,-0.002,0.004,-0.001,-41.539,-286.560,399.989,-178.174,-8.878,-113.622,1,-0.0072,0.0015,-0.0048,0
18989453,0.046,0.150,0.036,-0.002,0.005,0.001,-41.539,-286.560,399.989,-178.174,-8.878,-113.622,1,-0.0072,0.0015,-0.0048,0
18989500,0.048,0.152,0.024,-0.002,0.004,0.002,-41.539,-286.560,399.989,-178.174,-8.878,-113.622,1,-0.0072,0.0015,-0.0048,0
18989578,0.045,0.157,0.047,-0.001,0.004,0.001,-41.539,-286.560,399.989,-178.174,-8.878,-113.622,1,-0.0072,0.0015,-0.0048,0
18989718,0.059,0.135,0.114,-0.002,0.004,-0.002,-41.539,-286.560,399.989,-178.174,-8.878,-113.622,1,-0.0072,0.0015,-0.0048,0
18989812,0.067,0.155,0.018,-0.002,0.004,0.001,-41.539,-286.560,399.989,-178.174,-8.878,-113.622,1,-0.0072,0.0015,-0.0048,0
18989906,0.056,0.156,0.050,-0.002,0.004,0.000,-41.539,-286.560,399.989,-178.174,-8.878,-113.622,1,-0.0072,0.0015,-0.0048,0
18989984,0.045,0.145,0.078,-0.002,0.004,-0.001,-41.539,-286.560,399.989,-178.174,-8.878,-113.622,1,-0.0072,0.0015,-0.0048,0
18990078,0.045,0.133,0.020,-0.002,0.004,0.001,-41.539,-286.560,399.989,-178.174,-8.878,-113.622,1,-0.0072,0.0015,-0.0048,0
18990156,0.047,0.240,0.015,-0.010,0.003,-0.000,-41.552,-286.544,399.962,-178.184,-8.872,-113.626,1,-0.0072,0.0015,-0.0048,0
18990234,-0.002,0.170,0.015,-0.008,0.006,0.000,-41.552,-286.544,399.962,-178.184,-8.872,-113.626,1,0.0000,0.0000,0.0000,1
18990343,-0.096,0.357,0.081,-0.009,0.007,-0.000,-43.492,-284.217,396.033,-179.739,-7.933,-114.163,1,0.0000,0.0000,0.0000,1
18990468,0.029,0.373,0.021,-0.004,0.003,0.001,-43.492,-284.217,396.033,-179.739,-7.933,-114.163,1,0.0000,0.0000,0.0000,1
18990609,0.026,0.396,0.035,-0.017,0.004,0.001,-46.964,-279.115,388.514,177.334,-5.987,-115.265,1,0.0000,0.0000,0.0000,1
18990656,-0.062,0.319,0.019,-0.009,0.007,0.003,-46.964,-279.115,388.514,177.334,-5.987,-115.265,1,0.0000,0.0000,0.0000,1
18990765,0.031,0.427,0.069,-0.007,0.005,-0.000,-49.818,-275.463,383.590,175.103,-4.858,-115.906,1,0.0000,0.0000,0.0000,1
18990906,0.119,0.266,0.031,-0.005,0.002,0.002,-49.818,-275.463,383.590,175.103,-4.858,-115.906,1,0.0000,0.0000,0.0000,0
18991000,0.062,0.256,0.032,-0.010,0.005,0.001,-53.330,-271.313,378.440,172.490,-3.790,-116.543,1,0.0000,0.0000,0.0000,0
18991109,0.004,0.173,0.063,-0.005,0.005,-0.000,-53.330,-271.313,378.440,172.490,-3.790,-116.543,1,0.0000,0.0000,0.0000,0
18991187,0.008,0.216,0.051,-0.007,0.005,0.001,-56.006,-268.048,374.753,170.493,-2.956,-116.595,1,0.0000,0.0000,0.0000,0
18991281,0.022,0.142,0.017,-0.002,0.004,0.003,-56.006,-268.048,374.753,170.493,-2.956,-116.595,1,0.0009,-0.0010,0.0016,0
18991359,0.015,0.186,0.021,-0.005,0.004,0.002,-57.556,-266.132,372.719,169.343,-2.458,-116.482,1,0.0009,-0.0010,0.0016,0
18991437,0.009,0.126,0.069,-0.002,0.003,0.001,-57.556,-266.132,372.719,169.343,-2.458,-116.482,1,0.0052,-0.0058,0.0085,0
18991546,0.016,0.169,0.023,-0.004,0.004,0.001,-58.572,-264.922,371.474,168.607,-2.158,-116.410,1,0.0124,-0.0143,0.0195,0
18991656,0.028,0.167,-0.007,-0.008,0.005,0.001,-58.572,-264.922,371.474,168.607,-2.158,-116.410,1,0.0124,-0.0143,0.0195,0
18991796,-0.009,0.212,0.054,-0.007,0.007,0.000,-60.817,-262.469,369.027,167.050,-1.667,-116.510,1,0.0124,-0.0143,0.0195,0
18991843,-0.042,0.191,0.065,-0.004,0.007,0.000,-60.817,-262.469,369.027,167.050,-1.667,-116.510,1,0.0167,-0.0198,0.0261,0
18991890,-0.063,0.217,-0.006,-0.002,0.006,0.002,-60.817,-262.469,369.027,167.050,-1.667,-116.510,1,0.0167,-0.0198,0.0261,0
18991968,-0.051,0.267,0.030,-0.002,0.005,0.002,-62.375,-260.809,367.448,165.990,-1.393,-116.703,1,0.0167,-0.0198,0.0261,0
18992109,0.036,0.304,-0.003,-0.001,0.004,0.001,-62.375,-260.809,367.448,165.990,-1.393,-116.703,1,0.0160,-0.0196,0.0255,0
18992203,0.067,0.350,0.017,-0.005,0.003,0.001,-64.318,-258.657,365.501,164.660,-1.013,-116.846,1,0.0136,-0.0170,0.0221,0
18992312,0.095,0.281,0.013,-0.003,0.002,0.001,-64.318,-258.657,365.501,164.660,-1.013,-116.846,1,0.0136,-0.0170,0.0221,0
18992390,0.095,0.310,-0.010,-0.004,0.002,0.002,-66.398,-256.263,363.457,163.229,-0.558,-116.895,1,0.0136,-0.0170,0.0221,0
18992468,0.083,0.245,0.044,-0.002,0.000,0.001,-66.398,-256.263,363.457,163.229,-0.558,-116.895,1,0.0101,-0.0126,0.0169,0
18992562,0.107,0.255,0.061,-0.002,0.002,0.001,-68.045,-254.363,361.915,162.105,-0.209,-116.931,1,0.0101,-0.0126,0.0169,0
18992640,0.106,0.210,0.041,-0.001,0.000,0.002,-68.045,-254.363,361.915,162.105,-0.209,-116.931,1,0.0066,-0.0079,0.0114,0
18992734,0.114,0.190,0.026,-0.003,0.001,0.001,-69.206,-253.051,360.889,161.321,0.003,-117.001,1,0.0055,-0.0063,0.0089,0
18992843,0.100,0.163,0.007,-0.002,0.000,0.002,-69.206,-253.051,360.889,161.321,0.003,-117.001,1,0.0055,-0.0063,0.0089,0
18992984,0.081,0.168,0.025,-0.002,0.002,0.002,-70.279,-251.860,359.985,160.603,0.182,-117.070,1,0.0055,-0.0063,0.0089,0
18993031,0.063,0.160,0.072,-0.000,0.001,0.001,-70.279,-251.860,359.985,160.603,0.182,-117.070,1,0.0063,-0.0071,0.0085,0
18993078,0.054,0.117,0.109,0.002,0.001,0.000,-70.279,-251.860,359.985,160.603,0.182,-117.070,1,0.0063,-0.0071,0.0085,0
18993156,0.040,0.080,0.078,0.002,0.001,0.001,-70.142,-252.130,360.181,160.715,0.072,-117.164,1,0.0063,-0.0071,0.0085,0
18993296,0.037,-0.021,0.116,0.007,0.002,-0.000,-70.142,-252.130,360.181,160.715,0.072,-117.164,1,0.0083,-0.0095,0.0094,0
18993390,0.012,-0.012,0.106,0.005,0.003,0.001,-67.998,-255.025,362.405,162.250,-0.657,-117.464,1,0.0132,-0.0158,0.0134,0
18993500,0.002,0.016,0.108,0.003,0.003,0.001,-67.998,-255.025,362.405,162.250,-0.657,-117.464,1,0.0132,-0.0158,0.0134,0
18993578,-0.009,-0.044,0.096,0.006,0.003,0.001,-64.933,-259.289,365.938,164.507,-1.703,-117.696,1,0.0132,-0.0158,0.0134,0
18993671,-0.002,0.035,0.068,0.002,0.002,0.000,-64.933,-259.289,365.938,164.507,-1.703,-117.696,1,0.0195,-0.0242,0.0194,0
18993750,0.001,-0.002,0.062,0.004,0.001,0.001,-62.300,-262.795,369.109,166.455,-2.535,-117.817,1,0.0195,-0.0242,0.0194,0
18993828,0.027,0.021,0.053,0.003,0.002,0.000,-62.300,-262.795,369.109,166.455,-2.535,-117.817,1,0.0220,-0.0277,0.0228,0
18993937,0.030,-0.004,0.083,0.005,0.002,0.001,-59.422,-266.593,372.834,168.625,-3.465,-117.960,1,0.0189,-0.0235,0.0212,0
18994046,0.038,0.044,0.033,0.001,0.003,0.000,-59.422,-266.593,372.834,168.625,-3.465,-117.960,1,0.0189,-0.0235,0.0212,0
18994187,0.008,-0.100,0.091,0.010,0.002,0.000,-55.448,-272.124,378.813,171.788,-4.969,-118.241,1,0.0189,-0.0235,0.0212,0
18994234,0.032,-0.023,0.057,0.006,0.003,0.001,-55.448,-272.124,378.813,171.788,-4.969,-118.241,1,0.0146,-0.0177,0.0191,0
18994281,0.045,0.062,0.045,0.001,0.002,0.001,-55.448,-272.124,378.813,171.788,-4.969,-118.241,1,0.0146,-0.0177,0.0191,0
18994359,0.033,0.003,0.055,0.006,0.003,0.001,-53.091,-275.529,382.861,173.762,-5.967,-118.378,1,0.0146,-0.0177,0.0191,0
18994500,0.151,0.120,0.077,0.004,0.006,0.000,-53.091,-275.529,382.861,173.762,-5.967,-118.378,1,0.0091,-0.0110,0.0153,0
18994593,0.156,0.103,0.038,0.008,0.004,0.001,-50.992,-280.178,388.631,175.971,-7.683,-118.191,1,0.0001,-0.0014,0.0077,0
18994640,0.116,0.208,0.049,0.005,0.003,0.000,-50.992,-280.178,388.631,175.971,-7.683,-118.191,1,0.0001,-0.0014,0.0077,0
18994718,0.109,0.261,0.032,0.004,0.004,0.001,-50.992,-280.178,388.631,175.971,-7.683,-118.191,1,0.0001,-0.0014,0.0077,0
18994796,0.096,0.226,0.015,0.007,0.006,0.001,-50.120,-284.076,393.694,177.481,-9.456,-118.115,1,0.0001,-0.0014,0.0077,0
18994875,0.084,0.284,0.022,0.002,0.004,0.001,-50.120,-284.076,393.694,177.481,-9.456,-118.115,1,-0.0085,0.0053,0.0022,0
18994968,0.098,0.258,0.018,0.001,0.003,0.001,-50.001,-285.754,395.937,178.076,-10.321,-118.343,1,-0.0085,0.0053,0.0022,0
18995046,0.085,0.264,0.033,-0.001,0.002,0.001,-50.001,-285.754,395.937,178.076,-10.321,-118.343,1,-0.0150,0.0113,-0.0050,0
18995156,0.111,0.244,0.014,-0.005,0.002,0.001,-50.253,-286.420,396.763,178.211,-10.750,-118.651,1,-0.0195,0.0214,-0.0194,0
18995234,0.089,0.311,0.028,-0.011,0.001,0.001,-50.253,-286.420,396.763,178.211,-10.750,-118.651,1,-0.0195,0.0214,-0.0194,0
18995375,0.069,0.355,0.016,-0.013,0.001,0.002,-52.241,-283.828,392.796,176.441,-9.892,-118.559,1,-0.0195,0.0214,-0.0194,0
18995421,0.049,0.279,0.057,-0.009,0.002,0.001,-52.241,-283.828,392.796,176.441,-9.892,-118.559,1,-0.0218,0.0314,-0.0352,0
18995468,0.047,0.228,0.063,-0.006,0.003,0.001,-52.241,-283.828,392.796,176.441,-9.892,-118.559,1,-0.0218,0.0314,-0.0352,0
18995546,0.013,0.271,0.087,-0.010,0.004,0.001,-54.051,-280.274,387.990,174.564,-8.565,-118.564,1,-0.0218,0.0314,-0.0352,0
18995687,-0.046,0.224,0.127,-0.006,0.005,0.001,-54.051,-280.274,387.990,174.564,-8.565,-118.564,1,-0.0217,0.0385,-0.0471,0
18995781,-0.071,0.313,0.073,-0.008,0.005,0.002,-56.267,-276.228,382.938,172.452,-7.203,-118.691,1,-0.0189,0.0408,-0.0507,0
18995890,-0.035,0.328,0.064,-0.003,0.005,0.002,-56.267,-276.228,382.938,172.452,-7.203,-118.691,1,-0.0189,0.0408,-0.0507,0
18995968,0.003,0.390,0.103,-0.003,0.005,0.002,-57.909,-273.159,379.401,170.925,-6.229,-118.851,1,-0.0189,0.0408,-0.0507,0
18996062,0.035,0.356,0.079,-0.002,0.003,0.002,-57.909,-273.159,379.401,170.925,-6.229,-118.851,1,-0.0140,0.0359,-0.0432,0
18996140,0.088,0.361,0.044,-0.005,0.003,0.002,-59.517,-270.500,376.484,169.549,-5.493,-119.075,1,-0.0140,0.0359,-0.0432,0
18996218,0.070,0.332,0.068,-0.005,0.001,0.002,-59.517,-270.500,376.484,169.549,-5.493,-119.075,1,-0.0081,0.0246,-0.0275,0
18996328,0.048,0.224,0.067,-0.007,0.003,0.001,-61.505,-267.372,373.242,167.922,-4.727,-119.450,1,-0.0035,0.0127,-0.0115,0
18996437,-0.022,0.176,0.055,-0.002,0.004,0.001,-61.505,-267.372,373.242,167.922,-4.727,-119.450,1,-0.0035,0.0127,-0.0115,0
18996578,-0.047,0.283,0.090,-0.002,0.005,0.001,-63.571,-263.721,369.746,166.177,-3.848,-119.981,1,-0.0035,0.0127,-0.0115,0
18996625,-0.026,0.237,0.112,0.003,0.004,0.001,-63.571,-263.721,369.746,166.177,-3.848,-119.981,1,-0.0015,0.0055,-0.0016,0
18996671,0.012,0.199,0.119,0.007,0.002,0.001,-63.571,-263.721,369.746,166.177,-3.848,-119.981,1,-0.0015,0.0055,-0.0016,0
18996750,0.082,0.159,0.117,0.008,0.000,0.000,-63.088,-264.016,370.056,166.497,-3.939,-120.432,1,-0.0015,0.0055,-0.0016,0
18996890,0.118,0.059,0.102,0.008,0.000,0.001,-63.088,-264.016,370.056,166.497,-3.939,-120.432,1,0.0030,-0.0038,0.0087,0
18996984,0.095,-0.010,0.086,0.007,0.002,0.002,-60.352,-267.697,373.704,168.683,-4.892,-121.235,1,0.0148,-0.0229,0.0271,0
18997093,0.053,0.022,0.065,0.003,0.004,0.002,-60.352,-267.697,373.704,168.683,-4.892,-121.235,1,0.0148,-0.0229,0.0271,0
18997171,0.079,-0.039,0.057,0.006,0.005,0.001,-57.936,-272.347,378.572,171.020,-6.317,-121.727,1,0.0148,-0.0229,0.0271,0
18997265,0.050,0.066,0.042,0.001,0.005,0.001,-57.936,-272.347,378.572,171.020,-6.317,-121.727,1,0.0259,-0.0419,0.0449,0
18997343,0.096,0.049,0.021,0.002,0.003,0.001,-56.619,-276.037,382.663,172.630,-7.612,-121.749,1,0.0259,-0.0419,0.0449,0
18997421,0.155,0.135,0.026,-0.000,0.003,0.000,-56.619,-276.037,382.663,172.630,-7.612,-121.749,1,0.0263,-0.0474,0.0502,0
18997531,0.183,0.188,0.017,0.004,0.005,0.002,-56.169,-278.748,385.760,173.574,-8.725,-121.535,1,0.0165,-0.0380,0.0409,0
18997640,0.185,0.277,0.066,0.003,0.006,0.000,-56.169,-278.748,385.760,173.574,-8.725,-121.535,1,0.0165,-0.0380,0.0409,0
18997781,0.205,0.225,-0.003,0.005,0.007,0.001,-57.483,-282.367,389.766,173.976,-10.832,-121.302,1,0.0165,-0.0380,0.0409,0
18997828,0.152,0.262,-0.021,0.004,0.006,0.002,-57.483,-282.367,389.766,173.976,-10.832,-121.302,1,0.0031,-0.0224,0.0250,0
18997875,0.136,0.289,-0.003,0.001,0.004,0.002,-57.483,-282.367,389.766,173.976,-10.832,-121.302,1,0.0031,-0.0224,0.0250,0
18997953,0.170,0.265,0.013,0.001,0.005,0.002,-58.904,-284.031,391.557,173.815,-12.075,-121.357,1,0.0031,-0.0224,0.0250,0
18998093,0.176,0.310,0.002,-0.003,0.003,0.001,-58.904,-284.031,391.557,173.815,-12.075,-121.357,1,-0.0079,-0.0072,0.0088,0
18998187,0.249,0.266,0.032,-0.004,0.006,0.001,-61.330,-284.497,391.721,172.827,-13.042,-121.464,1,-0.0143,0.0083,-0.0087,0
18998296,0.262,0.255,0.002,-0.007,0.010,0.001,-61.330,-284.497,391.721,172.827,-13.042,-121.464,1,-0.0143,0.0083,-0.0087,0
18998375,0.351,0.301,0.002,-0.010,0.018,0.002,-66.406,-284.004,390.408,170.246,-14.347,-121.377,1,-0.0143,0.0083,-0.0087,0
18998468,0.161,0.204,0.048,-0.005,0.011,0.001,-66.406,-284.004,390.408,170.246,-14.347,-121.377,1,-0.0199,0.0208,-0.0239,0
18998546,0.182,0.342,-0.000,-0.005,0.014,0.001,-73.785,-283.679,389.479,166.568,-16.535,-121.127,1,-0.0199,0.0208,-0.0239,0
18998625,0.233,0.344,0.040,-0.000,0.008,0.003,-73.785,-283.679,389.479,166.568,-16.535,-121.127,1,-0.0294,0.0261,-0.0313,0
18998734,0.236,0.261,-0.025,-0.008,0.008,0.003,-81.143,-283.333,389.081,162.902,-18.913,-121.000,1,-0.0389,0.0245,-0.0287,0
18998828,0.106,0.343,0.033,0.000,0.003,0.003,-81.143,-283.333,389.081,162.902,-18.913,-121.000,1,-0.0389,0.0245,-0.0287,0
18998968,0.300,0.378,-0.021,-0.003,0.007,0.003,-88.949,-281.805,387.858,158.508,-20.989,-120.411,1,-0.0389,0.0245,-0.0287,0
18999015,0.184,0.267,0.015,-0.002,-0.001,0.003,-88.949,-281.805,387.858,158.508,-20.989,-120.411,1,-0.0402,0.0198,-0.0204,0
18999062,0.062,0.232,0.064,0.002,-0.007,0.003,-88.949,-281.805,387.858,158.508,-20.989,-120.411,1,-0.0402,0.0198,-0.0204,0
18999140,0.038,0.337,0.128,0.004,-0.006,0.004,-89.901,-280.818,386.808,157.572,-20.673,-119.792,1,-0.0402,0.0198,-0.0204,0
18999281,-0.173,0.303,0.168,0.004,-0.009,0.003,-89.901,-280.818,386.808,157.572,-20.673,-119.792,1,-0.0233,0.0145,-0.0126,0
18999375,-0.251,0.232,0.179,-0.001,-0.011,0.003,-86.205,-278.843,384.147,158.928,-18.317,-119.877,1,0.0149,0.0093,-0.0079,0
18999484,-0.117,0.166,0.168,-0.000,-0.005,0.003,-86.205,-278.843,384.147,158.928,-18.317,-119.877,1,0.0149,0.0093,-0.0079,0
18999562,-0.238,0.156,0.274,-0.001,-0.016,0.002,-79.920,-275.526,380.189,161.386,-14.747,-120.738,1,0.0149,0.0093,-0.0079,0
18999656,-0.104,0.182,0.168,-0.002,-0.011,0.003,-79.920,-275.526,380.189,161.386,-14.747,-120.738,1,0.0534,0.0076,-0.0085,0
18999734,-0.134,0.304,0.209,-0.001,-0.016,0.003,-73.371,-271.658,376.292,163.575,-10.777,-120.940,1,0.0534,0.0076,-0.0085,0
18999812,-0.164,0.315,0.172,0.001,-0.008,0.003,-73.371,-271.658,376.292,163.575,-10.777,-120.940,1,0.0732,0.0101,-0.0115,0
18999921,-0.293,0.240,0.184,-0.008,-0.018,0.002,-65.960,-266.574,372.002,165.785,-6.040,-120.743,1,0.0745,0.0147,-0.0128,0
19000031,-0.160,0.263,0.177,0.001,-0.014,0.002,-65.960,-266.574,372.002,165.785,-6.040,-120.743,1,0.0745,0.0147,-0.0128,0
19000171,-0.538,0.395,0.180,-0.008,-0.022,0.002,-53.036,-255.859,365.028,169.267,2.499,-121.177,1,0.0745,0.0147,-0.0128,0
19000218,-0.340,0.300,0.181,-0.005,-0.005,0.002,-53.036,-255.859,365.028,169.267,2.499,-121.177,1,0.0686,0.0230,-0.0142,0
19000265,-0.229,0.212,0.144,-0.002,0.004,0.003,-53.036,-255.859,365.028,169.267,2.499,-121.177,1,0.0686,0.0230,-0.0142,0
19000343,-0.380,0.231,0.129,-0.006,-0.007,0.002,-45.999,-248.688,361.408,170.810,7.574,-121.739,1,0.0686,0.0230,-0.0142,0
19000484,-0.135,0.305,0.077,-0.001,0.004,0.001,-45.999,-248.688,361.408,170.810,7.574,-121.739,1,0.0534,0.0276,-0.0116,0
19000578,-0.246,0.374,0.058,-0.005,-0.004,0.000,-39.924,-239.851,357.381,171.397,12.938,-123.016,1,0.0208,0.0195,-0.0001,0
19000687,-0.059,0.298,0.050,0.000,0.009,0.000,-39.924,-239.851,357.381,171.397,12.938,-123.016,1,0.0208,0.0195,-0.0001,0
19000765,-0.123,0.295,0.064,-0.002,0.005,-0.001,-38.060,-234.594,354.929,170.994,15.600,-123.607,1,-0.0148,0.0055,0.0118,0
19000859,0.240,0.262,0.027,0.002,0.025,-0.000,-38.060,-234.594,354.929,170.994,15.600,-123.607,1,-0.0148,0.0055,0.0118,0
19000937,0.212,0.266,0.080,0.003,0.030,0.001,-40.831,-234.233,353.952,169.733,14.845,-123.645,1,-0.0148,0.0055,0.0118,0
19001015,0.271,0.251,0.064,0.003,0.025,0.000,-40.831,-234.233,353.952,169.733,14.845,-123.645,1,-0.0472,-0.0164,0.0209,0
19001125,0.371,0.275,0.040,0.001,0.025,-0.001,-49.032,-238.845,354.542,167.316,10.516,-122.757,1,-0.0820,-0.0512,0.0303,0
19001234,0.260,0.313,0.000,0.001,0.012,0.001,-49.032,-238.845,354.542,167.316,10.516,-122.757,1,-0.0820,-0.0512,0.0303,0
19001375,0.622,0.218,-0.035,0.003,0.024,0.001,-62.280,-248.094,358.093,163.476,2.795,-121.582,1,-0.0820,-0.0512,0.0303,0
19001421,0.379,0.152,-0.009,-0.001,0.011,0.001,-62.280,-248.094,358.093,163.476,2.795,-121.582,1,-0.1115,-0.0850,0.0385,0
19001468,0.155,0.145,0.001,-0.003,0.005,0.001,-62.280,-248.094,358.093,163.476,2.795,-121.582,1,-0.1115,-0.0850,0.0385,0
19001546,0.295,0.261,-0.041,-0.001,0.020,0.003,-67.742,-252.641,360.696,161.959,-0.907,-121.653,1,-0.1115,-0.0850,0.0385,0
19001687,0.296,0.404,-0.068,-0.010,0.008,0.001,-67.742,-252.641,360.696,161.959,-0.907,-121.653,1,-0.1082,-0.0923,0.0402,0
19001781,0.395,0.413,-0.101,-0.009,0.011,0.002,-76.523,-255.392,362.348,158.466,-4.661,-120.583,1,-0.0685,-0.0654,0.0317,0
19001890,0.261,0.394,-0.033,-0.004,0.001,0.002,-76.523,-255.392,362.348,158.466,-4.661,-120.583,1,-0.0685,-0.0654,0.0317,0
19001968,0.313,0.425,-0.072,-0.010,0.006,0.002,-84.079,-252.903,360.730,154.327,-5.727,-119.311,1,-0.0685,-0.0654,0.0317,0
19002046,0.180,0.307,0.027,0.000,-0.001,0.002,-84.079,-252.903,360.730,154.327,-5.727,-119.311,1,-0.0291,-0.0233,0.0146,0
19002125,0.204,0.300,-0.003,-0.001,-0.000,0.003,-88.655,-250.566,359.426,151.647,-6.078,-118.641,1,-0.0291,-0.0233,0.0146,0
19002203,0.159,0.212,0.024,0.001,-0.004,0.002,-88.655,-250.566,359.426,151.647,-6.078,-118.641,1,-0.0001,0.0149,-0.0042,0
19002312,0.064,0.193,0.072,-0.001,-0.003,0.003,-90.921,-249.131,358.673,150.275,-6.182,-118.386,1,0.0284,0.0349,-0.0145,0
19002421,0.035,0.120,0.057,-0.001,-0.002,0.003,-90.921,-249.131,358.673,150.275,-6.182,-118.386,1,0.0284,0.0349,-0.0145,0
19002562,0.038,0.144,0.056,-0.001,-0.001,0.004,-91.152,-247.877,357.864,149.970,-5.841,-118.588,1,0.0284,0.0349,-0.0145,0
19002609,0.041,0.148,0.059,-0.001,-0.001,0.004,-91.152,-247.877,357.864,149.970,-5.841,-118.588,1,0.0504,0.0352,-0.0147,0
19002656,0.046,0.135,0.063,-0.001,-0.001,0.003,-91.152,-247.877,357.864,149.970,-5.841,-118.588,1,0.0504,0.0352,-0.0147,0
19002734,0.074,0.159,0.084,-0.001,-0.002,0.002,-90.603,-247.726,357.706,150.207,-5.549,-118.566,1,0.0504,0.0352,-0.0147,0
19002875,0.098,0.190,0.076,0.000,-0.002,0.002,-90.603,-247.726,357.706,150.207,-5.549,-118.566,1,0.0596,0.0251,-0.0101,0
19002968,0.091,0.223,0.115,0.001,-0.003,0.002,-89.990,-247.754,357.663,150.498,-5.260,-118.452,1,0.0575,0.0110,-0.0034,0
19003015,0.089,0.236,0.087,0.002,-0.001,0.002,-89.990,-247.754,357.663,150.498,-5.260,-118.452,1,0.0575,0.0110,-0.0034,0
19003093,0.092,0.258,0.086,0.002,-0.001,0.002,-89.990,-247.754,357.663,150.498,-5.260,-118.452,1,0.0575,0.0110,-0.0034,0
19003171,0.081,0.267,0.077,0.002,-0.003,0.002,-89.591,-247.780,357.641,150.688,-5.076,-118.375,1,0.0575,0.0110,-0.0034,0
19003250,0.093,0.258,0.056,0.002,-0.002,0.003,-89.591,-247.780,357.641,150.688,-5.076,-118.375,1,0.0472,-0.0003,0.0019,0
19003343,0.101,0.220,0.070,0.003,-0.003,0.003,-89.119,-247.783,357.598,150.942,-5.058,-118.663,1,0.0472,-0.0003,0.0019,0
19003421,0.087,0.162,0.100,0.001,-0.004,0.002,-89.119,-247.783,357.598,150.942,-5.058,-118.663,1,0.0331,-0.0059,0.0043,0
19003531,0.037,0.041,0.123,0.003,-0.003,0.002,-87.904,-247.976,357.619,151.613,-5.022,-119.292,1,0.0212,-0.0078,0.0048,0
19003625,-0.018,0.025,0.144,0.007,-0.002,0.002,-87.904,-247.976,357.619,151.613,-5.022,-119.292,1,0.0212,-0.0078,0.0048,0
19003765,-0.017,-0.050,0.200,0.010,-0.003,0.002,-82.580,-251.215,359.471,154.807,-4.925,-120.302,1,0.0212,-0.0078,0.0048,0
19003812,0.006,0.025,0.157,0.007,-0.001,0.003,-82.580,-251.215,359.471,154.807,-4.925,-120.302,1,0.0169,-0.0101,0.0056,0
19003859,0.079,0.023,0.147,0.005,-0.002,0.001,-82.580,-251.215,359.471,154.807,-4.925,-120.302,1,0.0169,-0.0101,0.0056,0
19003937,0.078,0.079,0.173,0.005,-0.003,0.001,-77.614,-255.362,362.325,157.964,-5.072,-120.689,1,0.0169,-0.0101,0.0056,0
19004078,0.065,0.213,0.112,0.006,-0.001,0.001,-77.614,-255.362,362.325,157.964,-5.072,-120.689,1,0.0183,-0.0156,0.0094,0
19004171,-0.051,0.105,0.172,0.014,-0.004,0.002,-72.878,-259.341,365.447,160.992,-5.198,-120.852,1,0.0174,-0.0203,0.0142,0
19004281,-0.036,0.185,0.154,0.010,-0.001,0.001,-72.878,-259.341,365.447,160.992,-5.198,-120.852,1,0.0174,-0.0203,0.0142,0
19004359,-0.124,0.063,0.196,0.014,-0.001,0.002,-67.088,-263.799,369.463,164.683,-5.347,-121.345,1,0.0174,-0.0203,0.0142,0
19004453,-0.098,0.132,0.128,0.005,0.005,0.003,-67.088,-263.799,369.463,164.683,-5.347,-121.345,1,0.0139,-0.0205,0.0171,0
19004515,-0.071,0.008,0.107,0.005,0.003,0.000,-62.170,-267.843,373.587,167.916,-5.593,-121.572,1,0.0139,-0.0205,0.0171,0
19004609,-0.033,0.072,0.079,0.001,0.004,0.000,-62.170,-267.843,373.587,167.916,-5.593,-121.572,1,0.0101,-0.0170,0.0178,0
19004718,-0.032,0.003,0.059,0.005,0.002,0.002,-58.098,-271.589,377.787,170.743,-6.019,-121.690,1,0.0029,-0.0106,0.0164,0
19004812,0.063,0.123,0.041,0.003,0.002,0.002,-58.098,-271.589,377.787,170.743,-6.019,-121.690,1,0.0029,-0.0106,0.0164,0
19004968,0.055,0.053,0.090,0.010,-0.002,0.001,-53.640,-275.933,383.173,173.963,-6.656,-121.584,1,0.0029,-0.0106,0.0164,0
19005015,0.116,0.157,0.181,0.007,0.001,-0.002,-53.640,-275.933,383.173,173.963,-6.656,-121.584,1,-0.0052,-0.0041,0.0138,0
19005125,0.054,0.221,0.071,0.005,0.003,0.001,-51.666,-277.897,385.815,175.421,-6.991,-121.413,1,-0.0052,-0.0041,0.0138,0
19005265,0.041,0.368,-0.028,-0.006,0.006,0.002,-51.666,-277.897,385.815,175.421,-6.991,-121.413,1,-0.0130,0.0033,0.0072,0
19005359,0.017,0.253,0.051,0.003,0.004,0.001,-50.612,-278.944,387.283,176.200,-7.179,-121.252,1,-0.0230,0.0144,-0.0065,0
19005468,0.007,0.291,0.095,0.001,0.005,0.000,-50.612,-278.944,387.283,176.200,-7.179,-121.252,1,-0.0230,0.0144,-0.0065,0
19005546,0.040,0.285,0.078,0.001,0.004,-0.000,-50.615,-278.942,387.280,176.199,-7.179,-121.254,1,-0.0230,0.0144,-0.0065,0
19005640,0.025,0.294,0.059,0.001,0.005,0.001,-50.615,-278.942,387.280,176.199,-7.179,-121.254,1,-0.0308,0.0242,-0.0207,0
19005718,0.014,0.298,0.043,0.001,0.005,0.002,-50.615,-278.941,387.280,176.199,-7.178,-121.254,1,-0.0308,0.0242,-0.0207,0
19005796,0.027,0.282,0.124,0.002,0.005,0.001,-50.615,-278.941,387.280,176.199,-7.178,-121.254,1,-0.0323,0.0279,-0.0284,0
19005906,0.024,0.296,0.062,0.001,0.005,0.001,-50.615,-278.941,387.280,176.199,-7.178,-121.254,1,-0.0323,0.0279,-0.0284,0
19006015,0.018,0.300,0.041,0.001,0.005,0.001,-50.615,-278.941,387.280,176.199,-7.178,-121.254,1,-0.0323,0.0279,-0.0284,0
19006156,0.019,0.285,0.088,0.001,0.005,0.000,-50.615,-278.941,387.280,176.199,-7.178,-121.254,1,-0.0323,0.0279,-0.0284,0
19006203,0.021,0.294,0.078,0.002,0.005,0.001,-50.615,-278.941,387.280,176.199,-7.178,-121.254,1,-0.0323,0.0279,-0.0284,0
19006250,0.026,0.293,0.069,0.001,0.005,0.000,-50.615,-278.941,387.280,176.199,-7.178,-121.254,1,-0.0323,0.0279,-0.0284,0
19006328,0.028,0.297,0.062,0.001,0.004,0.001,-50.615,-278.941,387.280,176.199,-7.178,-121.254,1,-0.0323,0.0279,-0.0284,0
19006468,0.024,0.301,0.084,0.001,0.005,0.001,-50.615,-278.941,387.280,176.199,-7.178,-121.254,1,-0.0323,0.0279,-0.0284,0
19006562,0.022,0.295,0.065,0.001,0.005,0.001,-50.615,-278.941,387.280,176.199,-7.178,-121.254,1,-0.0323,0.0279,-0.0284,0
19006671,0.023,0.301,0.045,0.001,0.005,0.002,-50.615,-278.941,387.280,176.199,-7.178,-121.254,1,-0.0323,0.0279,-0.0284,0
19006750,0.021,0.299,0.056,0.002,0.005,0.002,-50.615,-278.941,387.280,176.199,-7.178,-121.254,1,-0.0323,0.0279,-0.0284,0
19006843,0.016,0.283,0.130,0.001,0.004,-0.002,-50.615,-278.941,387.280,176.199,-7.178,-121.254,1,-0.0323,0.0279,-0.0284,0
19006921,0.025,0.292,0.096,0.001,0.005,-0.000,-50.615,-278.941,387.280,176.199,-7.178,-121.254,1,-0.0323,0.0279,-0.0284,0
19007000,0.018,0.309,0.046,0.002,0.005,0.002,-50.615,-278.941,387.280,176.199,-7.178,-121.254,1,-0.0323,0.0279,-0.0284,0
19007109,0.029,0.284,0.050,0.001,0.005,0.001,-50.615,-278.941,387.280,176.199,-7.178,-121.254,1,-0.0323,0.0279,-0.0284,0
19007218,0.026,0.288,0.113,0.001,0.005,-0.000,-50.615,-278.941,387.280,176.199,-7.178,-121.254,1,-0.0323,0.0279,-0.0284,0
19007359,0.024,0.301,0.049,0.001,0.005,0.001,-50.615,-278.941,387.280,176.199,-7.178,-121.254,1,-0.0323,0.0279,-0.0284,0
19007406,0.017,0.295,0.047,0.002,0.005,0.001,-50.615,-278.941,387.280,176.199,-7.178,-121.254,1,-0.0323,0.0279,-0.0284,0
19007453,0.024,0.298,0.055,0.001,0.005,0.001,-50.615,-278.941,387.280,176.199,-7.178,-121.254,1,-0.0323,0.0279,-0.0284,0
19007531,0.024,0.309,0.038,0.002,0.005,0.001,-50.615,-278.941,387.280,176.199,-7.178,-121.254,1,-0.0323,0.0279,-0.0284,0
19007671,0.021,0.283,0.097,0.001,0.005,-0.000,-50.615,-278.941,387.280,176.199,-7.178,-121.254,1,-0.0323,0.0279,-0.0284,0
19007765,0.025,0.291,0.066,0.001,0.004,-0.000,-50.615,-278.941,387.280,176.199,-7.178,-121.254,1,-0.0323,0.0279,-0.0284,0
19007875,0.012,0.295,0.051,0.002,0.005,0.001,-50.615,-278.941,387.280,176.199,-7.178,-121.254,1,-0.0323,0.0279,-0.0284,0
19007953,0.010,0.307,0.080,0.002,0.005,0.001,-50.615,-278.941,387.280,176.199,-7.178,-121.254,1,-0.0323,0.0279,-0.0284,0
19008046,0.027,0.295,0.057,0.001,0.005,0.001,-50.615,-278.941,387.280,176.199,-7.178,-121.254,1,-0.0323,0.0279,-0.0284,0
19008125,0.014,0.292,0.084,0.001,0.005,-0.000,-50.615,-278.941,387.280,176.199,-7.178,-121.254,1,-0.0323,0.0279,-0.0284,0
19008203,0.009,0.297,0.083,0.002,0.005,0.001,-50.615,-278.941,387.280,176.199,-7.178,-121.254,1,-0.0323,0.0279,-0.0284,0
19008312,0.029,0.285,0.110,0.001,0.004,-0.001,-50.615,-278.941,387.280,176.199,-7.178,-121.254,1,-0.0323,0.0279,-0.0284,0
19008421,0.024,0.287,0.045,0.001,0.005,0.001,-50.615,-278.941,387.280,176.199,-7.178,-121.254,1,-0.0323,0.0279,-0.0284,0
19008562,0.024,0.292,0.088,0.001,0.004,0.000,-50.615,-278.941,387.280,176.199,-7.178,-121.254,1,-0.0323,0.0279,-0.0284,0
19008609,0.027,0.286,0.078,0.002,0.004,0.000,-50.615,-278.941,387.280,176.199,-7.178,-121.254,1,-0.0323,0.0279,-0.0284,0
19008656,0.019,0.305,0.085,0.002,0.004,0.001,-50.615,-278.941,387.280,176.199,-7.178,-121.254,1,-0.0323,0.0279,-0.0284,0
19008734,0.025,0.292,0.077,0.001,0.004,0.001,-50.615,-278.941,387.280,176.199,-7.178,-121.254,1,-0.0323,0.0279,-0.0284,0
19008875,0.014,0.283,0.088,0.002,0.005,0.001,-50.615,-278.941,387.280,176.199,-7.178,-121.254,1,-0.0323,0.0279,-0.0284,0
19008968,0.035,0.292,0.091,0.001,0.004,-0.001,-50.615,-278.941,387.280,176.199,-7.178,-121.254,1,-0.0323,0.0279,-0.0284,0
19009078,0.007,0.310,0.002,0.002,0.005,0.003,-50.615,-278.941,387.280,176.199,-7.178,-121.254,1,-0.0323,0.0279,-0.0284,0
19009156,0.014,0.308,0.007,0.002,0.005,0.003,-50.615,-278.941,387.280,176.199,-7.178,-121.254,1,-0.0323,0.0279,-0.0284,0
19009250,0.018,0.311,0.061,0.002,0.005,0.001,-50.615,-278.941,387.280,176.199,-7.178,-121.254,1,-0.0323,0.0279,-0.0284,0
19009328,0.029,0.299,0.062,0.002,0.004,0.001,-50.615,-278.941,387.280,176.199,-7.178,-121.254,1,-0.0323,0.0279,-0.0284,0
19009406,0.027,0.291,0.078,0.001,0.004,0.000,-50.615,-278.941,387.280,176.199,-7.178,-121.254,1,-0.0323,0.0279,-0.0284,0
19009515,0.014,0.299,0.061,0.002,0.005,0.001,-50.615,-278.941,387.280,176.199,-7.178,-121.254,1,-0.0323,0.0279,-0.0284,0
19009625,0.036,0.287,0.105,0.002,0.005,-0.001,-50.615,-278.941,387.280,176.199,-7.178,-121.254,1,-0.0323,0.0279,-0.0284,0
19009765,0.006,0.298,0.059,0.002,0.005,0.001,-50.615,-278.941,387.280,176.199,-7.178,-121.254,1,-0.0323,0.0279,-0.0284,0
19009812,0.032,0.297,0.047,0.001,0.004,0.001,-50.615,-278.941,387.280,176.199,-7.178,-121.254,1,-0.0323,0.0279,-0.0284,0
19009859,0.030,0.295,0.078,0.001,0.004,0.000,-50.615,-278.941,387.280,176.199,-7.178,-121.254,1,-0.0323,0.0279,-0.0284,0
19009937,0.040,0.258,0.063,0.001,0.004,-0.001,-50.615,-278.941,387.280,176.199,-7.178,-121.254,1,-0.0323,0.0279,-0.0284,0
19010078,0.041,0.277,0.066,0.001,0.004,-0.000,-50.615,-278.941,387.280,176.199,-7.178,-121.254,1,-0.0323,0.0279,-0.0284,0
19010171,0.041,0.276,0.133,0.001,0.004,-0.002,-50.615,-278.941,387.280,176.199,-7.178,-121.254,1,-0.0323,0.0279,-0.0284,0
19010265,0.059,0.281,0.075,0.001,0.003,0.000,-50.615,-278.941,387.280,176.199,-7.178,-121.254,1,-0.0323,0.0279,-0.0284,0
19010343,0.023,0.314,0.039,0.002,0.004,0.002,-50.615,-278.941,387.280,176.199,-7.178,-121.254,1,-0.0323,0.0279,-0.0284,0
19010437,0.028,0.304,0.083,0.002,0.004,0.001,-50.615,-278.941,387.280,176.199,-7.178,-121.254,1,-0.0323,0.0279,-0.0284,0
19010515,0.045,0.317,0.057,0.002,0.004,0.000,-50.615,-278.941,387.280,176.199,-7.178,-121.254,1,-0.0323,0.0279,-0.0284,0
19010593,0.024,0.305,0.076,0.002,0.004,0.000,-50.615,-278.941,387.280,176.199,-7.178,-121.254,1,-0.0323,0.0279,-0.0284,0
19010703,0.024,0.297,0.061,0.002,0.005,0.001,-50.615,-278.941,387.280,176.199,-7.178,-121.254,1,-0.0323,0.0279,-0.0284,0
19010812,0.027,0.299,0.059,0.002,0.004,0.001,-50.615,-278.941,387.280,176.199,-7.178,-121.254,1,-0.0323,0.0279,-0.0284,0
19010953,0.034,0.291,0.114,0.002,0.004,-0.001,-50.615,-278.941,387.280,176.199,-7.178,-121.254,1,-0.0323,0.0279,-0.0284,0
19011000,0.038,0.299,0.062,0.002,0.004,0.001,-50.615,-278.941,387.280,176.199,-7.178,-121.254,1,-0.0323,0.0279,-0.0284,0
19011046,0.035,0.301,0.038,0.002,0.004,0.001,-50.615,-278.941,387.280,176.199,-7.178,-121.254,1,-0.0323,0.0279,-0.0284,0
19011125,0.027,0.300,0.071,0.002,0.004,0.001,-50.615,-278.941,387.280,176.199,-7.178,-121.254,1,-0.0323,0.0279,-0.0284,0
19011265,0.047,0.298,0.076,0.002,0.004,-0.000,-50.615,-278.941,387.280,176.199,-7.178,-121.254,1,-0.0323,0.0279,-0.0284,0
19011359,0.048,0.281,0.053,0.000,0.003,0.001,-50.615,-278.941,387.280,176.199,-7.178,-121.254,1,-0.0323,0.0279,-0.0284,0
19011468,0.026,0.292,0.051,0.002,0.005,0.002,-50.615,-278.941,387.280,176.199,-7.178,-121.254,1,-0.0323,0.0279,-0.0284,0
19011546,0.044,0.277,0.095,0.001,0.004,-0.001,-50.615,-278.941,387.280,176.199,-7.178,-121.254,1,-0.0323,0.0279,-0.0284,0
19011640,0.020,0.296,0.023,0.002,0.005,0.002,-50.615,-278.941,387.280,176.199,-7.178,-121.254,1,-0.0323,0.0279,-0.0284,0
19011718,0.030,0.292,0.032,0.002,0.004,0.002,-50.615,-278.941,387.280,176.199,-7.178,-121.254,1,-0.0323,0.0279,-0.0284,0
19011796,0.021,0.300,0.072,0.002,0.005,0.001,-50.615,-278.941,387.280,176.199,-7.178,-121.254,1,-0.0323,0.0279,-0.0284,0
19011906,0.049,0.304,0.056,0.002,0.004,0.001,-50.615,-278.941,387.280,176.199,-7.178,-121.254,1,-0.0323,0.0279,-0.0284,0
19012015,0.025,0.327,0.030,0.002,0.005,0.002,-50.615,-278.941,387.280,176.199,-7.178,-121.254,1,-0.0323,0.0279,-0.0284,0
19012156,0.023,0.294,0.065,0.002,0.005,-0.000,-50.615,-278.941,387.280,176.199,-7.178,-121.254,1,-0.0323,0.0279,-0.0284,0
19012203,0.025,0.291,0.063,0.002,0.005,0.000,-50.615,-278.941,387.280,176.199,-7.178,-121.254,1,-0.0323,0.0279,-0.0284,0
19012250,0.029,0.295,0.067,0.002,0.005,0.000,-50.615,-278.941,387.280,176.199,-7.178,-121.254,1,-0.0323,0.0279,-0.0284,0
19012328,0.029,0.296,0.043,0.001,0.004,0.001,-50.615,-278.941,387.280,176.199,-7.178,-121.254,1,-0.0323,0.0279,-0.0284,0
19012468,0.023,0.294,0.075,0.001,0.004,-0.000,-50.615,-278.941,387.280,176.199,-7.178,-121.254,1,-0.0323,0.0279,-0.0284,0
19012546,0.040,0.306,0.049,0.002,0.004,0.001,-50.615,-278.941,387.280,176.199,-7.178,-121.254,1,-0.0323,0.0279,-0.0284,0
19012656,0.021,0.301,0.043,0.002,0.005,0.002,-50.615,-278.941,387.280,176.199,-7.178,-121.254,1,-0.0323,0.0279,-0.0284,0
19012734,0.026,0.302,0.075,0.001,0.005,0.001,-50.615,-278.941,387.280,176.199,-7.178,-121.254,1,-0.0323,0.0279,-0.0284,0
19012828,0.025,0.273,0.054,0.001,0.004,0.001,-50.615,-278.941,387.280,176.199,-7.178,-121.254,1,-0.0323,0.0279,-0.0284,0
19012906,0.030,0.275,0.066,0.001,0.004,0.001,-50.615,-278.941,387.280,176.199,-7.178,-121.254,1,-0.0323,0.0279,-0.0284,0
19012984,0.032,0.282,0.071,0.001,0.004,0.001,-50.615,-278.941,387.280,176.199,-7.178,-121.254,1,-0.0323,0.0279,-0.0284,0
19013093,0.034,0.282,0.052,0.001,0.004,0.001,-50.615,-278.941,387.280,176.199,-7.178,-121.254,1,-0.0323,0.0279,-0.0284,0
19013203,0.030,0.294,0.048,0.002,0.005,0.002,-50.615,-278.941,387.280,176.199,-7.178,-121.254,1,-0.0323,0.0279,-0.0284,0
19013343,0.034,0.296,0.046,0.002,0.004,0.002,-50.615,-278.941,387.280,176.199,-7.178,-121.254,1,-0.0323,0.0279,-0.0284,0
19013390,0.035,0.296,0.071,0.001,0.004,0.000,-50.615,-278.941,387.280,176.199,-7.178,-121.254,1,-0.0323,0.0279,-0.0284,0
19013437,0.027,0.302,0.070,0.002,0.004,0.001,-50.615,-278.941,387.280,176.199,-7.178,-121.254,1,-0.0323,0.0279,-0.0284,0
19013515,0.050,0.308,0.104,0.001,0.004,-0.001,-50.615,-278.941,387.280,176.199,-7.178,-121.254,1,-0.0323,0.0279,-0.0284,0
19013656,0.016,0.289,0.052,0.002,0.005,0.001,-50.615,-278.941,387.280,176.199,-7.178,-121.254,1,-0.0323,0.0279,-0.0284,0
19013750,0.018,0.296,0.051,0.002,0.005,0.002,-50.615,-278.941,387.280,176.199,-7.178,-121.254,1,-0.0323,0.0279,-0.0284,0
19013859,0.029,0.291,0.068,0.002,0.004,0.001,-50.615,-278.941,387.280,176.199,-7.178,-121.254,1,-0.0323,0.0279,-0.0284,0
19013937,0.031,0.290,0.088,0.002,0.004,0.000,-50.615,-278.941,387.280,176.199,-7.178,-121.254,1,-0.0323,0.0279,-0.0284,0
19014031,0.024,0.302,0.038,0.002,0.004,0.002,-50.615,-278.941,387.280,176.199,-7.178,-121.254,1,-0.0323,0.0279,-0.0284,0
19014109,0.030,0.302,0.055,0.002,0.004,0.001,-50.615,-278.941,387.280,176.199,-7.178,-121.254,1,-0.0323,0.0279,-0.0284,0
19014187,0.038,0.305,0.057,0.002,0.004,0.001,-50.615,-278.941,387.280,176.199,-7.178,-121.254,1,-0.0323,0.0279,-0.0284,0
19014281,0.034,0.278,0.066,0.001,0.005,0.000,-50.615,-278.941,387.280,176.199,-7.178,-121.254,1,-0.0323,0.0279,-0.0284,0
19014390,0.018,0.292,0.062,0.002,0.005,0.001,-50.615,-278.941,387.280,176.199,-7.178,-121.254,1,-0.0323,0.0279,-0.0284,0
19014531,0.027,0.288,0.061,0.002,0.004,0.001,-50.615,-278.941,387.280,176.199,-7.178,-121.254,1,-0.0323,0.0279,-0.0284,0
19014578,0.040,0.284,0.046,0.001,0.004,0.001,-50.615,-278.941,387.280,176.199,-7.178,-121.254,1,-0.0323,0.0279,-0.0284,0
19014625,0.035,0.291,0.055,0.001,0.004,0.001,-50.615,-278.941,387.280,176.199,-7.178,-121.254,1,-0.0323,0.0279,-0.0284,0
19014703,0.056,0.279,0.063,0.001,0.004,-0.001,-50.615,-278.941,387.280,176.199,-7.178,-121.254,1,-0.0323,0.0279,-0.0284,0
19014843,0.020,0.296,0.072,0.002,0.005,0.001,-50.615,-278.941,387.280,176.199,-7.178,-121.254,1,-0.0323,0.0279,-0.0284,0
19014937,0.010,0.286,0.059,0.002,0.005,0.001,-50.615,-278.941,387.280,176.199,-7.178,-121.254,1,-0.0323,0.0279,-0.0284,0
19015046,0.011,0.291,0.060,0.002,0.005,0.001,-50.615,-278.941,387.280,176.199,-7.178,-121.254,1,-0.0323,0.0279,-0.0284,0
19015125,0.015,0.299,0.041,0.002,0.005,0.002,-50.615,-278.941,387.280,176.199,-7.178,-121.254,1,-0.0323,0.0279,-0.0284,0
19015218,0.021,0.296,0.056,0.002,0.004,0.001,-50.615,-278.941,387.280,176.199,-7.178,-121.254,1,-0.0323,0.0279,-0.0284,0
19015296,0.025,0.291,0.060,0.001,0.004,-0.000,-50.615,-278.941,387.280,176.199,-7.178,-121.254,1,-0.0323,0.0279,-0.0284,0
19015375,0.019,0.306,0.052,0.002,0.004,0.002,-50.615,-278.941,387.280,176.199,-7.178,-121.254,1,-0.0323,0.0279,-0.0284,0
19015484,0.019,0.297,0.092,0.002,0.005,0.001,-50.615,-278.941,387.280,176.199,-7.178,-121.254,1,-0.0323,0.0279,-0.0284,0
19015593,0.015,0.296,0.054,0.002,0.005,0.001,-50.615,-278.941,387.280,176.199,-7.178,-121.254,1,-0.0323,0.0279,-0.0284,0
19015734,0.005,0.302,0.027,0.002,0.005,0.003,-50.615,-278.941,387.280,176.199,-7.178,-121.254,1,-0.0323,0.0279,-0.0284,0
19015781,0.017,0.295,0.051,0.002,0.005,0.001,-50.615,-278.941,387.280,176.199,-7.178,-121.254,1,-0.0323,0.0279,-0.0284,0
19015828,0.031,0.278,0.041,0.001,0.004,0.001,-50.615,-278.941,387.280,176.199,-7.178,-121.254,1,-0.0323,0.0279,-0.0284,0
19015906,0.025,0.290,0.045,0.002,0.004,0.002,-50.615,-278.941,387.280,176.199,-7.178,-121.254,1,-0.0323,0.0279,-0.0284,0
19016046,0.027,0.292,0.060,0.002,0.004,0.001,-50.615,-278.941,387.280,176.199,-7.178,-121.254,1,-0.0323,0.0279,-0.0284,0
19016140,0.016,0.296,0.047,0.002,0.005,0.002,-50.615,-278.941,387.280,176.199,-7.178,-121.254,1,-0.0323,0.0279,-0.0284,0
19016250,0.009,0.308,0.043,0.002,0.005,0.002,-50.615,-278.941,387.280,176.199,-7.178,-121.254,1,-0.0323,0.0279,-0.0284,0
19016328,0.004,0.303,0.019,0.002,0.005,0.003,-50.615,-278.941,387.280,176.199,-7.178,-121.254,1,-0.0323,0.0279,-0.0284,0
19016421,0.026,0.296,0.076,0.002,0.005,-0.000,-50.615,-278.941,387.280,176.199,-7.178,-121.254,1,-0.0323,0.0279,-0.0284,0
19016500,0.014,0.293,0.068,0.001,0.004,0.000,-50.615,-278.941,387.280,176.199,-7.178,-121.254,1,-0.0323,0.0279,-0.0284,0
19016578,0.018,0.289,0.076,0.001,0.004,-0.000,-50.615,-278.941,387.280,176.199,-7.178,-121.254,1,-0.0323,0.0279,-0.0284,0
19016687,0.016,0.295,0.038,0.002,0.005,0.001,-50.615,-278.941,387.280,176.199,-7.178,-121.254,1,-0.0323,0.0279,-0.0284,0
19016796,0.019,0.301,0.060,0.002,0.004,0.001,-50.615,-278.941,387.280,176.199,-7.178,-121.254,1,-0.0323,0.0279,-0.0284,0
19016937,-0.004,0.306,0.024,0.003,0.005,0.004,-50.615,-278.941,387.280,176.199,-7.178,-121.254,1,-0.0323,0.0279,-0.0284,0
19016984,0.000,0.310,0.032,0.003,0.005,0.003,-50.615,-278.941,387.280,176.199,-7.178,-121.254,1,-0.0323,0.0279,-0.0284,0
19017031,0.011,0.304,0.038,0.002,0.005,0.002,-50.615,-278.941,387.280,176.199,-7.178,-121.254,1,-0.0323,0.0279,-0.0284,0
19017109,0.014,0.311,0.024,0.002,0.005,0.002,-50.615,-278.941,387.280,176.199,-7.178,-121.254,1,-0.0323,0.0279,-0.0284,0
19017250,0.013,0.299,0.061,0.002,0.005,0.001,-50.615,-278.941,387.280,176.199,-7.178,-121.254,1,-0.0323,0.0279,-0.0284,0
19017343,0.019,0.292,0.042,0.002,0.004,0.002,-50.615,-278.941,387.280,176.199,-7.178,-121.254,1,-0.0323,0.0279,-0.0284,0
19017453,0.029,0.293,0.051,0.001,0.004,0.001,-50.615,-278.941,387.280,176.199,-7.178,-121.254,1,-0.0323,0.0279,-0.0284,0
19017531,0.028,0.297,0.072,0.002,0.004,0.001,-50.615,-278.941,387.280,176.199,-7.178,-121.254,1,-0.0323,0.0279,-0.0284,0
19017625,0.014,0.305,0.060,0.002,0.005,0.001,-50.615,-278.941,387.280,176.199,-7.178,-121.254,1,-0.0323,0.0279,-0.0284,0
19017703,0.005,0.309,0.034,0.003,0.005,0.002,-50.615,-278.941,387.280,176.199,-7.178,-121.254,1,-0.0323,0.0279,-0.0284,0
19017781,0.027,0.292,0.079,0.002,0.004,0.000,-50.615,-278.941,387.280,176.199,-7.178,-121.254,1,-0.0323,0.0279,-0.0284,0
19017890,0.018,0.290,0.059,0.001,0.005,-0.000,-50.615,-278.941,387.280,176.199,-7.178,-121.254,1,-0.0323,0.0279,-0.0284,0
19018000,0.005,0.304,0.045,0.003,0.005,0.003,-50.615,-278.941,387.280,176.199,-7.178,-121.254,1,-0.0323,0.0279,-0.0284,0
19018140,0.001,0.304,0.027,0.002,0.005,0.003,-50.615,-278.941,387.280,176.199,-7.178,-121.254,1,-0.0323,0.0279,-0.0284,0
19018187,0.020,0.301,0.065,0.001,0.004,0.000,-50.615,-278.941,387.280,176.199,-7.178,-121.254,1,-0.0323,0.0279,-0.0284,0
19018234,0.025,0.303,0.063,0.001,0.004,-0.000,-50.615,-278.941,387.280,176.199,-7.178,-121.254,1,-0.0323,0.0279,-0.0284,0
19018312,-0.006,0.298,0.026,0.002,0.005,0.003,-50.615,-278.941,387.280,176.199,-7.178,-121.254,1,-0.0323,0.0279,-0.0284,0
19018453,0.008,0.296,0.058,0.002,0.005,0.002,-50.615,-278.941,387.280,176.199,-7.178,-121.254,1,-0.0323,0.0279,-0.0284,0
19018546,0.035,0.288,0.082,0.001,0.004,-0.000,-50.615,-278.941,387.280,176.199,-7.178,-121.254,1,-0.0323,0.0279,-0.0284,0
19018640,0.016,0.293,0.066,0.002,0.005,0.001,-50.615,-278.941,387.280,176.199,-7.178,-121.254,1,-0.0323,0.0279,-0.0284,0
19018718,-0.006,0.311,0.036,0.003,0.005,0.003,-50.615,-278.941,387.280,176.199,-7.178,-121.254,1,-0.0323,0.0279,-0.0284,0
19018812,0.010,0.298,0.072,0.002,0.005,0.001,-50.615,-278.941,387.280,176.199,-7.178,-121.254,1,-0.0323,0.0279,-0.0284,0
19018890,0.014,0.300,0.085,0.002,0.005,0.000,-50.615,-278.941,387.280,176.199,-7.178,-121.254,1,-0.0323,0.0279,-0.0284,0
19018968,0.006,0.299,0.069,0.002,0.005,0.001,-50.615,-278.941,387.280,176.199,-7.178,-121.254,1,-0.0323,0.0279,-0.0284,0
19019078,-0.004,0.308,0.047,0.003,0.005,0.002,-50.615,-278.941,387.280,176.199,-7.178,-121.254,1,-0.0323,0.0279,-0.0284,0
19019187,0.009,0.298,0.029,0.002,0.005,0.002,-50.615,-278.941,387.280,176.199,-7.178,-121.254,1,-0.0323,0.0279,-0.0284,0
19019328,0.003,0.288,0.051,0.002,0.005,0.001,-50.615,-278.941,387.280,176.199,-7.178,-121.254,1,-0.0323,0.0279,-0.0284,0
19019375,0.007,0.290,0.062,0.002,0.004,0.000,-50.615,-278.941,387.280,176.199,-7.178,-121.254,1,-0.0323,0.0279,-0.0284,0
19019421,-0.000,0.300,0.058,0.002,0.005,0.001,-50.615,-278.941,387.280,176.199,-7.178,-121.254,1,-0.0323,0.0279,-0.0284,0
19019500,-0.001,0.303,0.036,0.002,0.005,0.003,-50.615,-278.941,387.280,176.199,-7.178,-121.254,1,-0.0323,0.0279,-0.0284,0
19019640,-0.006,0.300,0.025,0.002,0.005,0.003,-50.615,-278.941,387.280,176.199,-7.178,-121.254,1,-0.0323,0.0279,-0.0284,0
19019734,0.009,0.305,0.037,0.002,0.005,0.002,-50.615,-278.941,387.280,176.199,-7.178,-121.254,1,-0.0323,0.0279,-0.0284,0
19019843,-0.001,0.289,0.070,0.001,0.005,0.001,-50.615,-278.941,387.280,176.199,-7.178,-121.254,1,-0.0323,0.0279,-0.0284,0
19019921,0.013,0.298,0.039,0.001,0.005,0.001,-50.615,-278.941,387.280,176.199,-7.178,-121.254,1,-0.0323,0.0279,-0.0284,0
19020015,0.012,0.281,0.070,0.001,0.005,0.001,-50.615,-278.941,387.280,176.199,-7.178,-121.254,1,-0.0323,0.0279,-0.0284,0
19020093,-0.007,0.298,0.047,0.002,0.005,0.002,-50.615,-278.941,387.280,176.199,-7.178,-121.254,1,-0.0323,0.0279,-0.0284,0
19020171,-0.014,0.309,0.039,0.003,0.005,0.003,-50.615,-278.941,387.280,176.199,-7.178,-121.254,1,-0.0323,0.0279,-0.0284,0
19020265,0.008,0.293,0.072,0.002,0.005,0.001,-50.615,-278.941,387.280,176.199,-7.178,-121.254,1,-0.0323,0.0279,-0.0284,0
19020375,-0.010,0.310,0.028,0.002,0.005,0.003,-50.615,-278.941,387.280,176.199,-7.178,-121.254,1,-0.0323,0.0279,-0.0284,0
19020515,0.020,0.294,0.063,0.001,0.005,0.001,-50.615,-278.941,387.280,176.199,-7.178,-121.254,1,-0.0323,0.0279,-0.0284,0
19020562,0.006,0.295,0.059,0.002,0.005,0.002,-50.615,-278.941,387.280,176.199,-7.178,-121.254,1,-0.0323,0.0279,-0.0284,0
19020609,0.016,0.297,0.059,0.002,0.004,0.002,-50.615,-278.941,387.280,176.199,-7.178,-121.254,1,-0.0323,0.0279,-0.0284,0
19020687,0.013,0.301,0.037,0.002,0.005,0.002,-50.615,-278.941,387.280,176.199,-7.178,-121.254,1,-0.0323,0.0279,-0.0284,0
19020828,-0.001,0.298,0.063,0.002,0.005,0.002,-50.615,-278.941,387.280,176.199,-7.178,-121.254,1,-0.0323,0.0279,-0.0284,0
19020921,0.003,0.304,0.062,0.002,0.005,0.002,-50.615,-278.941,387.280,176.199,-7.178,-121.254,1,-0.0323,0.0279,-0.0284,0
19021031,0.009,0.296,0.061,0.002,0.005,0.001,-50.615,-278.941,387.280,176.199,-7.178,-121.254,1,-0.0323,0.0279,-0.0284,0
19021109,0.021,0.294,0.090,0.001,0.004,-0.001,-50.615,-278.941,387.280,176.199,-7.178,-121.254,1,-0.0323,0.0279,-0.0284,0
19021203,0.003,0.308,0.043,0.002,0.005,0.002,-50.615,-278.941,387.280,176.199,-7.178,-121.254,1,-0.0323,0.0279,-0.0284,0
19021281,0.012,0.302,0.061,0.001,0.004,0.001,-50.615,-278.941,387.280,176.199,-7.178,-121.254,1,-0.0323,0.0279,-0.0284,0
19021359,0.012,0.307,0.054,0.002,0.005,0.001,-50.615,-278.941,387.280,176.199,-7.178,-121.254,1,-0.0323,0.0279,-0.0284,0
19021468,0.003,0.303,0.028,0.002,0.005,0.002,-50.615,-278.941,387.280,176.199,-7.178,-121.254,1,-0.0323,0.0279,-0.0284,0
19021578,-0.004,0.305,0.090,0.002,0.005,0.001,-50.615,-278.941,387.280,176.199,-7.178,-121.254,1,-0.0323,0.0279,-0.0284,0
19021718,0.002,0.294,0.054,0.002,0.005,0.001,-50.615,-278.941,387.280,176.199,-7.178,-121.254,1,-0.0323,0.0279,-0.0284,0
19021765,-0.006,0.303,0.035,0.002,0.005,0.002,-50.615,-278.941,387.280,176.199,-7.178,-121.254,1,-0.0323,0.0279,-0.0284,0
19021812,-0.007,0.308,0.032,0.002,0.005,0.002,-50.615,-278.941,387.280,176.199,-7.178,-121.254,1,-0.0323,0.0279,-0.0284,0
19021890,-0.005,0.311,0.029,0.002,0.005,0.003,-50.615,-278.941,387.280,176.199,-7.178,-121.254,1,-0.0323,0.0279,-0.0284,0
19022031,-0.005,0.306,0.058,0.002,0.005,0.001,-50.615,-278.941,387.280,176.199,-7.178,-121.254,1,-0.0323,0.0279,-0.0284,0
19022125,-0.002,0.305,0.052,0.002,0.005,0.001,-50.615,-278.941,387.280,176.199,-7.178,-121.254,1,-0.0323,0.0279,-0.0284,0
19022234,-0.009,0.287,0.043,0.001,0.005,0.001,-50.615,-278.941,387.280,176.199,-7.178,-121.254,1,-0.0323,0.0279,-0.0284,0
19022312,0.007,0.287,0.059,0.001,0.004,-0.000,-50.615,-278.941,387.280,176.199,-7.178,-121.254,1,-0.0323,0.0279,-0.0284,0
19022406,-0.003,0.293,0.068,0.002,0.005,0.001,-50.615,-278.941,387.280,176.199,-7.178,-121.254,1,-0.0323,0.0279,-0.0284,0
19022484,-0.009,0.308,0.034,0.002,0.005,0.002,-50.615,-278.941,387.280,176.199,-7.178,-121.254,1,-0.0323,0.0279,-0.0284,0
19022562,-0.013,0.305,0.037,0.002,0.005,0.002,-50.615,-278.941,387.280,176.199,-7.178,-121.254,1,-0.0323,0.0279,-0.0284,0
19022671,0.011,0.304,0.063,0.002,0.004,0.001,-50.615,-278.941,387.280,176.199,-7.178,-121.254,1,-0.0323,0.0279,-0.0284,0
19022781,0.005,0.300,0.058,0.002,0.005,0.001,-50.615,-278.941,387.280,176.199,-7.178,-121.254,1,-0.0323,0.0279,-0.0284,0
19022921,-0.012,0.291,0.030,0.002,0.005,0.002,-50.615,-278.941,387.280,176.199,-7.178,-121.254,1,-0.0323,0.0279,-0.0284,0
19022968,-0.014,0.286,0.022,0.001,0.005,0.002,-50.615,-278.941,387.280,176.199,-7.178,-121.254,1,-0.0323,0.0279,-0.0284,0
19023015,-0.011,0.293,0.046,0.002,0.005,0.001,-50.615,-278.941,387.280,176.199,-7.178,-121.254,1,-0.0323,0.0279,-0.0284,0
19023093,0.012,0.285,0.083,0.001,0.005,-0.000,-50.615,-278.941,387.280,176.199,-7.178,-121.254,1,-0.0323,0.0279,-0.0284,0
19023234,0.009,0.294,0.065,0.001,0.005,0.001,-50.615,-278.941,387.280,176.199,-7.178,-121.254,1,-0.0323,0.0279,-0.0284,0
19023328,-0.000,0.306,0.037,0.002,0.005,0.002,-50.615,-278.941,387.280,176.199,-7.178,-121.254,1,-0.0323,0.0279,-0.0284,0
19023375,0.009,0.294,0.075,0.002,0.004,0.000,-50.615,-278.941,387.280,176.199,-7.178,-121.254,1,-0.0323,0.0279,-0.0284,0
19023453,0.013,0.295,0.059,0.001,0.005,0.001,-50.615,-278.941,387.280,176.199,-7.178,-121.254,1,-0.0323,0.0279,-0.0284,0
19023531,0.010,0.296,0.053,0.002,0.005,0.001,-50.615,-278.941,387.280,176.199,-7.178,-121.254,1,-0.0323,0.0279,-0.0284,0
19023609,-0.007,0.284,0.046,0.001,0.005,0.001,-50.615,-278.941,387.280,176.199,-7.178,-121.254,1,-0.0323,0.0279,-0.0284,0
19023703,0.000,0.265,0.065,0.000,0.004,0.000,-50.615,-278.941,387.280,176.199,-7.178,-121.254,1,-0.0323,0.0279,-0.0284,0
19023781,-0.018,0.308,0.032,0.002,0.005,0.003,-50.615,-278.941,387.280,176.199,-7.178,-121.254,1,-0.0323,0.0279,-0.0284,0
19023890,-0.016,0.299,0.049,0.002,0.005,0.001,-50.615,-278.941,387.280,176.199,-7.178,-121.254,1,-0.0323,0.0279,-0.0284,0
19023984,-0.002,0.300,0.067,0.001,0.005,0.000,-50.615,-278.941,387.280,176.199,-7.178,-121.254,1,-0.0323,0.0279,-0.0284,0
19024125,-0.009,0.310,0.030,0.002,0.005,0.002,-50.615,-278.941,387.280,176.199,-7.178,-121.254,1,-0.0323,0.0279,-0.0284,0
19024171,-0.012,0.303,0.045,0.002,0.005,0.002,-50.615,-278.941,387.280,176.199,-7.178,-121.254,1,-0.0323,0.0279,-0.0284,0
19024218,-0.008,0.296,0.065,0.001,0.005,0.001,-50.615,-278.941,387.280,176.199,-7.178,-121.254,1,-0.0323,0.0279,-0.0284,0
19024296,0.006,0.303,0.079,0.001,0.004,-0.001,-50.615,-278.941,387.280,176.199,-7.178,-121.254,1,-0.0323,0.0279,-0.0284,0
19024437,-0.018,0.295,0.039,0.002,0.005,0.002,-50.615,-278.941,387.280,176.199,-7.178,-121.254,1,-0.0323,0.0279,-0.0284,0
19024531,-0.002,0.288,0.053,0.002,0.005,0.001,-50.615,-278.941,387.280,176.199,-7.178,-121.254,1,-0.0323,0.0279,-0.0284,0
19024640,-0.003,0.288,0.045,0.001,0.005,0.001,-50.615,-278.941,387.280,176.199,-7.178,-121.254,1,-0.0323,0.0279,-0.0284,0
19024718,-0.003,0.290,0.061,0.001,0.005,0.001,-50.615,-278.941,387.280,176.199,-7.178,-121.254,1,-0.0323,0.0279,-0.0284,0
19024812,-0.013,0.309,0.012,0.002,0.005,0.003,-50.615,-278.941,387.280,176.199,-7.178,-121.254,1,-0.0323,0.0279,-0.0284,0
19024890,0.010,0.290,0.049,0.002,0.004,0.001,-50.615,-278.941,387.280,176.199,-7.178,-121.254,1,-0.0323,0.0279,-0.0284,0
19024968,0.009,0.299,0.037,0.002,0.005,0.002,-50.615,-278.941,387.280,176.199,-7.178,-121.254,1,-0.0323,0.0279,-0.0284,0
19025078,-0.013,0.298,0.034,0.002,0.005,0.002,-50.615,-278.941,387.280,176.199,-7.178,-121.254,1,-0.0323,0.0279,-0.0284,0
19025187,0.008,0.268,0.093,0.000,0.005,-0.001,-50.615,-278.941,387.280,176.199,-7.178,-121.254,1,-0.0323,0.0279,-0.0284,0
19025328,-0.012,0.296,0.076,0.001,0.005,0.000,-50.615,-278.941,387.280,176.199,-7.178,-121.254,1,-0.0323,0.0279,-0.0284,0
19025375,-0.020,0.299,0.031,0.002,0.005,0.002,-50.615,-278.941,387.280,176.199,-7.178,-121.254,1,-0.0323,0.0279,-0.0284,0
19025421,-0.022,0.302,-0.001,0.002,0.005,0.003,-50.615,-278.941,387.280,176.199,-7.178,-121.254,1,-0.0323,0.0279,-0.0284,0
19025500,-0.012,0.311,0.019,0.002,0.005,0.002,-50.615,-278.941,387.280,176.199,-7.178,-121.254,1,-0.0323,0.0279,-0.0284,0
19025625,0.004,0.293,0.070,0.001,0.005,-0.000,-50.615,-278.941,387.280,176.199,-7.178,-121.254,1,-0.0323,0.0279,-0.0284,0
19025718,-0.000,0.297,0.079,0.001,0.004,0.000,-50.615,-278.941,387.280,176.199,-7.178,-121.254,1,-0.0323,0.0279,-0.0284,0
19025765,-0.002,0.293,0.046,0.001,0.005,0.001,-50.615,-278.941,387.280,176.199,-7.178,-121.254,1,-0.0323,0.0279,-0.0284,0
19025843,-0.021,0.285,0.031,0.001,0.005,0.002,-50.615,-278.941,387.280,176.199,-7.178,-121.254,1,-0.0323,0.0279,-0.0284,0
19025921,-0.005,0.275,0.079,0.000,0.005,-0.001,-50.615,-278.941,387.280,176.199,-7.178,-121.254,1,-0.0323,0.0279,-0.0284,0
19026000,-0.004,0.281,0.056,0.001,0.005,0.001,-50.615,-278.941,387.280,176.199,-7.178,-121.254,1,-0.0323,0.0279,-0.0284,0
19026093,-0.012,0.289,0.048,0.002,0.005,0.002,-50.615,-278.941,387.280,176.199,-7.178,-121.254,1,-0.0323,0.0279,-0.0284,0
19026171,-0.005,0.295,-0.004,0.001,0.005,0.003,-50.615,-278.941,387.280,176.199,-7.178,-121.254,1,-0.0323,0.0279,-0.0284,0
19026281,0.010,0.282,0.064,0.001,0.004,0.000,-50.615,-278.941,387.280,176.199,-7.178,-121.254,1,-0.0323,0.0279,-0.0284,0
19026375,-0.003,0.282,0.089,0.001,0.005,-0.000,-50.615,-278.941,387.280,176.199,-7.178,-121.254,1,-0.0323,0.0279,-0.0284,0
19026515,-0.012,0.265,0.027,0.000,0.005,0.001,-50.615,-278.941,387.280,176.199,-7.178,-121.254,1,-0.0323,0.0279,-0.0284,0
19026562,-0.004,0.266,0.061,0.000,0.005,0.000,-50.615,-278.941,387.280,176.199,-7.178,-121.254,1,-0.0323,0.0279,-0.0284,0
19026609,0.006,0.264,0.040,0.000,0.005,0.001,-50.615,-278.941,387.280,176.199,-7.178,-121.254,1,-0.0323,0.0279,-0.0284,0
19026687,-0.008,0.278,0.068,0.001,0.005,0.000,-50.615,-278.941,387.280,176.199,-7.178,-121.254,1,-0.0323,0.0279,-0.0284,0
19026828,-0.008,0.274,0.084,0.001,0.005,0.000,-50.615,-278.941,387.280,176.199,-7.178,-121.254,1,-0.0323,0.0279,-0.0284,0
19026921,-0.008,0.297,0.047,0.001,0.004,0.001,-50.615,-278.941,387.280,176.199,-7.178,-121.254,1,-0.0323,0.0279,-0.0284,0
19027031,-0.009,0.308,0.034,0.002,0.005,0.002,-50.615,-278.941,387.280,176.199,-7.178,-121.254,1,-0.0323,0.0279,-0.0284,0
19027109,-0.002,0.312,0.042,0.002,0.005,0.001,-50.615,-278.941,387.280,176.199,-7.178,-121.254,1,-0.0323,0.0279,-0.0284,0
19027203,-0.007,0.288,0.075,0.001,0.005,-0.000,-50.615,-278.941,387.280,176.199,-7.178,-121.254,1,-0.0323,0.0279,-0.0284,0
19027281,-0.016,0.289,0.053,0.001,0.005,0.001,-50.615,-278.941,387.280,176.199,-7.178,-121.254,1,-0.0323,0.0279,-0.0284,0
19027359,-0.011,0.282,0.055,0.001,0.005,0.000,-50.615,-278.941,387.280,176.199,-7.178,-121.254,1,-0.0323,0.0279,-0.0284,0
19027468,-0.008,0.285,0.068,0.001,0.005,0.000,-50.615,-278.941,387.280,176.199,-7.178,-121.254,1,-0.0323,0.0279,-0.0284,0
19027578,-0.006,0.287,0.072,0.001,0.005,-0.000,-50.615,-278.941,387.280,176.199,-7.178,-121.254,1,-0.0323,0.0279,-0.0284,0
19027718,-0.011,0.288,0.079,0.001,0.005,-0.000,-50.615,-278.941,387.280,176.199,-7.178,-121.254,1,-0.0323,0.0279,-0.0284,0
19027765,-0.011,0.284,0.076,0.001,0.005,-0.000,-50.615,-278.941,387.280,176.199,-7.178,-121.254,1,-0.0323,0.0279,-0.0284,0
19027812,-0.001,0.286,0.077,0.001,0.005,-0.000,-50.615,-278.941,387.280,176.199,-7.178,-121.254,1,-0.0323,0.0279,-0.0284,0
19027890,-0.005,0.294,0.076,0.001,0.005,0.000,-50.615,-278.941,387.280,176.199,-7.178,-121.254,1,-0.0323,0.0279,-0.0284,0
19028031,-0.003,0.276,0.084,0.000,0.005,-0.000,-50.615,-278.941,387.280,176.199,-7.178,-121.254,1,-0.0323,0.0279,-0.0284,0
19028125,-0.018,0.285,0.028,0.001,0.005,0.001,-50.615,-278.941,387.280,176.199,-7.178,-121.254,1,-0.0323,0.0279,-0.0284,0
19028234,-0.011,0.286,0.061,0.001,0.005,0.000,-50.615,-278.941,387.280,176.199,-7.178,-121.254,1,-0.0323,0.0279,-0.0284,0
19028312,-0.005,0.282,0.082,0.001,0.005,-0.000,-50.615,-278.941,387.280,176.199,-7.178,-121.254,1,-0.0323,0.0279,-0.0284,0
19028406,-0.018,0.294,0.043,0.001,0.005,0.002,-50.615,-278.941,387.280,176.199,-7.178,-121.254,1,-0.0323,0.0279,-0.0284,0
19028484,-0.015,0.301,0.033,0.002,0.005,0.002,-50.615,-278.941,387.280,176.199,-7.178,-121.254,1,-0.0323,0.0279,-0.0284,0
19028562,-0.008,0.287,0.087,0.001,0.005,-0.001,-50.615,-278.941,387.280,176.199,-7.178,-121.254,1,-0.0323,0.0279,-0.0284,0
19028671,-0.001,0.309,0.068,0.001,0.005,0.001,-50.615,-278.941,387.280,176.199,-7.178,-121.254,1,-0.0323,0.0279,-0.0284,0
19028781,-0.006,0.290,0.085,0.001,0.005,-0.000,-50.615,-278.941,387.280,176.199,-7.178,-121.254,1,-0.0323,0.0279,-0.0284,0
19028906,-0.019,0.293,0.032,0.001,0.005,0.001,-50.615,-278.941,387.280,176.199,-7.178,-121.254,1,-0.0323,0.0279,-0.0284,0
19028953,-0.023,0.292,0.067,0.001,0.005,0.000,-50.615,-278.941,387.280,176.199,-7.178,-121.254,1,-0.0323,0.0279,-0.0284,0
19029000,-0.023,0.287,0.095,0.001,0.005,-0.000,-50.615,-278.941,387.280,176.199,-7.178,-121.254,1,-0.0323,0.0279,-0.0284,0
19029078,-0.012,0.297,0.042,0.001,0.005,0.001,-50.615,-278.941,387.280,176.199,-7.178,-121.254,1,-0.0323,0.0279,-0.0284,0
19029218,-0.014,0.302,0.026,0.001,0.005,0.001,-50.615,-278.941,387.280,176.199,-7.178,-121.254,1,-0.0323,0.0279,-0.0284,0
19029312,-0.016,0.295,0.064,0.001,0.005,0.001,-50.615,-278.941,387.280,176.199,-7.178,-121.254,1,-0.0323,0.0279,-0.0284,0
19029421,-0.010,0.284,0.083,0.001,0.005,-0.000,-50.615,-278.941,387.280,176.199,-7.178,-121.254,1,-0.0323,0.0279,-0.0284,0
19029500,-0.015,0.290,0.024,0.001,0.005,0.002,-50.615,-278.941,387.280,176.199,-7.178,-121.254,1,-0.0323,0.0279,-0.0284,0
19029593,-0.015,0.291,0.060,0.001,0.005,0.001,-50.615,-278.941,387.280,176.199,-7.178,-121.254,1,-0.0323,0.0279,-0.0284,0
19029671,-0.018,0.287,0.083,0.001,0.005,0.000,-50.615,-278.941,387.280,176.199,-7.178,-121.254,1,-0.0323,0.0279,-0.0284,0
19029750,-0.024,0.299,0.061,0.001,0.005,0.001,-50.615,-278.941,387.280,176.199,-7.178,-121.254,1,-0.0323,0.0279,-0.0284,0
19029859,-0.015,0.296,0.044,0.001,0.005,0.001,-50.615,-278.941,387.280,176.199,-7.178,-121.254,1,-0.0323,0.0279,-0.0284,0
19029968,-0.011,0.285,0.072,0.001,0.005,0.000,-50.615,-278.941,387.280,176.199,-7.178,-121.254,1,-0.0323,0.0279,-0.0284,0
19030109,-0.018,0.294,0.068,0.001,0.005,0.001,-50.615,-278.941,387.280,176.199,-7.178,-121.254,1,-0.0323,0.0279,-0.0284,0
19030156,-0.016,0.304,0.052,0.001,0.005,0.001,-50.615,-278.941,387.280,176.199,-7.178,-121.254,1,-0.0323,0.0279,-0.0284,0
19030203,-0.013,0.311,0.075,0.002,0.005,0.002,-50.615,-278.941,387.280,176.199,-7.178,-121.254,1,-0.0323,0.0279,-0.0284,0
19030281,-0.017,0.307,0.089,0.002,0.005,0.001,-50.615,-278.941,387.280,176.199,-7.178,-121.254,1,-0.0323,0.0279,-0.0284,0
19030421,-0.037,0.303,0.036,0.002,0.006,0.002,-50.615,-278.941,387.280,176.199,-7.178,-121.254,1,-0.0323,0.0279,-0.0284,0
19030515,-0.020,0.300,0.049,0.001,0.005,0.001,-50.615,-278.941,387.280,176.199,-7.178,-121.254,1,-0.0323,0.0279,-0.0284,0
19030625,-0.016,0.297,0.070,0.001,0.005,0.000,-50.615,-278.941,387.280,176.199,-7.178,-121.254,1,-0.0323,0.0279,-0.0284,0
19030703,-0.011,0.303,0.047,0.001,0.005,0.001,-50.615,-278.941,387.280,176.199,-7.178,-121.254,1,-0.0323,0.0279,-0.0284,0
19030796,-0.027,0.288,0.072,0.001,0.005,0.000,-50.615,-278.941,387.280,176.199,-7.178,-121.254,1,-0.0323,0.0279,-0.0284,0
19030875,-0.013,0.300,0.077,0.001,0.005,0.001,-50.615,-278.941,387.280,176.199,-7.178,-121.254,1,-0.0323,0.0279,-0.0284,0
19030953,-0.018,0.320,0.078,0.002,0.005,0.001,-50.615,-278.941,387.280,176.199,-7.178,-121.254,1,-0.0323,0.0279,-0.0284,0
19031062,-0.015,0.304,0.062,0.001,0.005,0.001,-50.615,-278.941,387.280,176.199,-7.178,-121.254,1,-0.0323,0.0279,-0.0284,0
19031171,-0.016,0.303,0.044,0.002,0.005,0.002,-50.615,-278.941,387.280,176.199,-7.178,-121.254,1,-0.0323,0.0279,-0.0284,0
19031312,-0.021,0.307,0.067,0.002,0.005,0.001,-50.615,-278.941,387.280,176.199,-7.178,-121.254,1,-0.0323,0.0279,-0.0284,0
19031359,-0.016,0.300,0.060,0.002,0.005,0.001,-50.615,-278.941,387.280,176.199,-7.178,-121.254,1,-0.0323,0.0279,-0.0284,0
19031406,-0.008,0.300,0.065,0.001,0.005,0.001,-50.615,-278.941,387.280,176.199,-7.178,-121.254,1,-0.0323,0.0279,-0.0284,0
19031484,0.009,0.291,0.040,0.000,0.004,0.001,-50.615,-278.941,387.280,176.199,-7.178,-121.254,1,-0.0323,0.0279,-0.0284,0
19031625,-0.005,0.303,0.075,0.002,0.005,0.001,-50.615,-278.941,387.280,176.199,-7.178,-121.254,1,-0.0323,0.0279,-0.0284,0
19031718,-0.009,0.300,0.059,0.002,0.005,0.001,-50.615,-278.941,387.280,176.199,-7.178,-121.254,1,-0.0323,0.0279,-0.0284,0
19031828,-0.001,0.299,0.043,0.001,0.004,0.001,-50.615,-278.941,387.280,176.199,-7.178,-121.254,1,-0.0323,0.0279,-0.0284,0
19031906,-0.014,0.304,0.045,0.002,0.005,0.002,-50.615,-278.941,387.280,176.199,-7.178,-121.254,1,-0.0323,0.0279,-0.0284,0
19032000,-0.003,0.306,0.062,0.001,0.005,0.001,-50.615,-278.941,387.280,176.199,-7.178,-121.254,1,-0.0323,0.0279,-0.0284,0
19032078,0.000,0.306,0.052,0.001,0.005,0.001,-50.615,-278.941,387.280,176.199,-7.178,-121.254,1,-0.0323,0.0279,-0.0284,0
19032156,-0.030,0.292,0.051,0.002,0.005,0.002,-50.615,-278.941,387.280,176.199,-7.178,-121.254,1,-0.0323,0.0279,-0.0284,0
19032265,-0.003,0.287,0.096,0.001,0.005,-0.001,-50.615,-278.941,387.280,176.199,-7.178,-121.254,1,-0.0323,0.0279,-0.0284,0
19032375,0.001,0.283,0.048,0.001,0.005,0.000,-50.615,-278.941,387.280,176.199,-7.178,-121.254,1,-0.0323,0.0279,-0.0284,0
19032515,-0.005,0.310,0.050,0.002,0.005,0.002,-50.615,-278.941,387.280,176.199,-7.178,-121.254,1,-0.0323,0.0279,-0.0284,0
19032562,-0.015,0.312,0.068,0.002,0.006,0.002,-50.615,-278.941,387.280,176.199,-7.178,-121.254,1,-0.0323,0.0279,-0.0284,0
19032609,-0.015,0.313,0.076,0.002,0.006,0.002,-50.615,-278.941,387.280,176.199,-7.178,-121.254,1,-0.0323,0.0279,-0.0284,0
19032687,-0.002,0.301,0.055,0.001,0.005,0.001,-50.615,-278.941,387.280,176.199,-7.178,-121.254,1,-0.0323,0.0279,-0.0284,0
19032812,-0.003,0.305,0.065,0.002,0.005,0.001,-50.615,-278.941,387.280,176.199,-7.178,-121.254,1,-0.0323,0.0279,-0.0284,0
19032906,-0.012,0.312,0.054,0.002,0.005,0.001,-50.615,-278.941,387.280,176.199,-7.178,-121.254,1,-0.0323,0.0279,-0.0284,0
19033015,-0.020,0.318,0.050,0.002,0.005,0.001,-50.615,-278.941,387.280,176.199,-7.178,-121.254,1,-0.0323,0.0279,-0.0284,0
19033093,-0.024,0.335,0.045,0.003,0.006,0.003,-50.615,-278.941,387.280,176.199,-7.178,-121.254,1,-0.0323,0.0279,-0.0284,0
19033187,-0.006,0.311,0.048,0.002,0.005,0.002,-50.615,-278.941,387.280,176.199,-7.178,-121.254,1,-0.0323,0.0279,-0.0284,0
19033265,0.002,0.300,0.070,0.002,0.005,0.001,-50.615,-278.941,387.280,176.199,-7.178,-121.254,1,-0.0323,0.0279,-0.0284,0
19033343,0.004,0.304,0.055,0.001,0.005,0.001,-50.615,-278.941,387.280,176.199,-7.178,-121.254,1,-0.0323,0.0279,-0.0284,0
19033453,0.002,0.301,0.054,0.002,0.005,0.001,-50.615,-278.941,387.280,176.199,-7.178,-121.254,1,-0.0323,0.0279,-0.0284,0
19033578,0.003,0.303,0.063,0.002,0.005,0.001,-50.615,-278.941,387.280,176.199,-7.178,-121.254,1,-0.0323,0.0279,-0.0284,0
19033703,0.020,0.315,0.045,0.002,0.004,0.001,-50.615,-278.941,387.280,176.199,-7.178,-121.254,1,-0.0323,0.0279,-0.0284,0
19033750,0.002,0.323,0.041,0.002,0.005,0.002,-50.615,-278.941,387.280,176.199,-7.178,-121.254,1,-0.0323,0.0279,-0.0284,0
19033796,-0.001,0.311,0.041,0.002,0.005,0.002,-50.615,-278.941,387.280,176.199,-7.178,-121.254,1,-0.0323,0.0279,-0.0284,0
19033875,0.022,0.288,0.043,0.001,0.004,0.000,-50.615,-278.941,387.280,176.199,-7.178,-121.254,1,-0.0323,0.0279,-0.0284,0
19034015,-0.003,0.302,0.064,0.002,0.005,0.001,-50.615,-278.941,387.280,176.199,-7.178,-121.254,1,-0.0323,0.0279,-0.0284,0
19034109,0.006,0.302,0.055,0.002,0.005,0.001,-50.615,-278.941,387.280,176.199,-7.178,-121.254,1,-0.0323,0.0279,-0.0284,0
19034218,-0.000,0.306,0.046,0.002,0.005,0.002,-50.615,-278.941,387.280,176.199,-7.178,-121.254,1,-0.0323,0.0279,-0.0284,0
19034296,-0.007,0.304,0.070,0.002,0.005,0.001,-50.615,-278.941,387.280,176.199,-7.178,-121.254,1,-0.0323,0.0279,-0.0284,0
19034390,0.008,0.300,0.072,0.002,0.005,0.001,-50.615,-278.941,387.280,176.199,-7.178,-121.254,1,-0.0323,0.0279,-0.0284,0
19034468,0.023,0.297,0.073,0.001,0.004,0.001,-50.615,-278.941,387.280,176.199,-7.178,-121.254,1,-0.0323,0.0279,-0.0284,0
19034546,-0.011,0.315,0.035,0.002,0.005,0.002,-50.615,-278.941,387.280,176.199,-7.178,-121.254,1,-0.0323,0.0279,-0.0284,0
19034656,-0.009,0.315,0.050,0.003,0.005,0.002,-50.615,-278.941,387.280,176.199,-7.178,-121.254,1,-0.0323,0.0279,-0.0284,0
19034750,0.012,0.299,0.070,0.001,0.005,0.000,-50.615,-278.941,387.280,176.199,-7.178,-121.254,1,-0.0323,0.0279,-0.0284,0
19034890,-0.004,0.311,0.026,0.002,0.005,0.003,-50.615,-278.941,387.280,176.199,-7.178,-121.254,1,-0.0323,0.0279,-0.0284,0
19034937,-0.001,0.312,0.046,0.002,0.004,0.002,-50.615,-278.941,387.280,176.199,-7.178,-121.254,1,-0.0323,0.0279,-0.0284,0
19034984,0.009,0.307,0.069,0.001,0.004,0.001,-50.615,-278.941,387.280,176.199,-7.178,-121.254,1,-0.0323,0.0279,-0.0284,0
19035062,0.011,0.304,0.066,0.002,0.005,0.001,-50.615,-278.941,387.280,176.199,-7.178,-121.254,1,-0.0323,0.0279,-0.0284,0
19035203,0.012,0.309,0.047,0.002,0.005,0.001,-50.615,-278.941,387.280,176.199,-7.178,-121.254,1,-0.0323,0.0279,-0.0284,0
19035296,-0.003,0.286,0.025,0.001,0.005,0.001,-50.615,-278.941,387.280,176.199,-7.178,-121.254,1,-0.0323,0.0279,-0.0284,0
19035406,0.013,0.289,0.058,0.001,0.005,0.001,-50.615,-278.941,387.280,176.199,-7.178,-121.254,1,-0.0323,0.0279,-0.0284,0
19035484,0.004,0.312,0.047,0.002,0.005,0.002,-50.615,-278.941,387.280,176.199,-7.178,-121.254,1,-0.0323,0.0279,-0.0284,0
19035578,0.029,0.290,0.084,0.001,0.004,-0.000,-50.615,-278.941,387.280,176.199,-7.178,-121.254,1,-0.0323,0.0279,-0.0284,0
19035656,-0.001,0.315,0.029,0.002,0.005,0.003,-50.615,-278.941,387.280,176.199,-7.178,-121.254,1,-0.0323,0.0279,-0.0284,0
19035734,0.005,0.309,0.044,0.002,0.005,0.002,-50.615,-278.941,387.280,176.199,-7.178,-121.254,1,-0.0323,0.0279,-0.0284,0
19035843,0.039,0.300,0.068,0.001,0.004,0.000,-50.615,-278.941,387.280,176.199,-7.178,-121.254,1,-0.0323,0.0279,-0.0284,0
19035953,-0.005,0.314,0.009,0.002,0.005,0.003,-50.615,-278.941,387.280,176.199,-7.178,-121.254,1,-0.0323,0.0279,-0.0284,0
19036093,-0.014,0.323,0.030,0.003,0.005,0.003,-50.615,-278.941,387.280,176.199,-7.178,-121.254,1,-0.0323,0.0279,-0.0284,0
19036140,0.015,0.292,0.085,0.001,0.005,-0.000,-50.615,-278.941,387.280,176.199,-7.178,-121.254,1,-0.0323,0.0279,-0.0284,0
19036187,0.025,0.283,0.067,0.001,0.004,0.000,-50.615,-278.941,387.280,176.199,-7.178,-121.254,1,-0.0323,0.0279,-0.0284,0
19036265,0.011,0.301,0.069,0.001,0.005,0.000,-50.615,-278.941,387.280,176.199,-7.178,-121.254,1,-0.0323,0.0279,-0.0284,0
19036406,0.002,0.316,0.024,0.002,0.005,0.002,-50.615,-278.941,387.280,176.199,-7.178,-121.254,1,-0.0323,0.0279,-0.0284,0
19036500,0.011,0.326,0.049,0.002,0.004,0.002,-50.615,-278.941,387.280,176.199,-7.178,-121.254,1,-0.0323,0.0279,-0.0284,0
19036609,0.026,0.320,0.076,0.002,0.004,-0.000,-50.615,-278.941,387.280,176.199,-7.178,-121.254,1,-0.0323,0.0279,-0.0284,0
19036687,0.018,0.312,0.070,0.002,0.004,0.000,-50.615,-278.941,387.280,176.199,-7.178,-121.254,1,-0.0323,0.0279,-0.0284,0
19036781,-0.001,0.300,0.036,0.002,0.005,0.002,-50.615,-278.941,387.280,176.199,-7.178,-121.254,1,-0.0323,0.0279,-0.0284,0
19036859,0.000,0.305,0.056,0.001,0.005,0.001,-50.615,-278.941,387.280,176.199,-7.178,-121.254,1,-0.0323,0.0279,-0.0284,0
19036937,0.016,0.300,0.094,0.001,0.004,-0.000,-50.615,-278.941,387.280,176.199,-7.178,-121.254,1,-0.0323,0.0279,-0.0284,0
19037046,0.006,0.310,0.047,0.001,0.004,0.002,-50.615,-278.941,387.280,176.199,-7.178,-121.254,1,-0.0323,0.0279,-0.0284,0
19037156,0.010,0.315,0.030,0.002,0.005,0.002,-50.615,-278.941,387.280,176.199,-7.178,-121.254,1,-0.0323,0.0279,-0.0284,0
19037296,0.033,0.312,0.044,0.002,0.004,0.001,-50.615,-278.941,387.280,176.199,-7.178,-121.254,1,-0.0323,0.0279,-0.0284,0
19037343,0.030,0.309,0.074,0.002,0.004,0.000,-50.615,-278.941,387.280,176.199,-7.178,-121.254,1,-0.0323,0.0279,-0.0284,0
19037390,0.048,0.315,0.052,0.002,0.004,0.001,-50.615,-278.941,387.280,176.199,-7.178,-121.254,1,-0.0323,0.0279,-0.0284,0
19037468,0.018,0.301,0.067,0.002,0.005,0.000,-50.615,-278.941,387.280,176.199,-7.178,-121.254,1,-0.0323,0.0279,-0.0284,0
19037609,0.023,0.285,0.053,0.001,0.004,0.001,-50.615,-278.941,387.280,176.199,-7.178,-121.254,1,-0.0323,0.0279,-0.0284,0
19037703,0.025,0.287,0.078,0.001,0.004,0.001,-50.615,-278.941,387.280,176.199,-7.178,-121.254,1,-0.0323,0.0279,-0.0284,0
19037812,0.020,0.301,0.080,0.001,0.004,-0.000,-50.615,-278.941,387.280,176.199,-7.178,-121.254,1,-0.0323,0.0279,-0.0284,0
19037890,0.013,0.317,0.039,0.002,0.005,0.001,-50.615,-278.941,387.280,176.199,-7.178,-121.254,1,-0.0323,0.0279,-0.0284,0
19037984,0.013,0.330,0.021,0.002,0.004,0.002,-50.615,-278.941,387.280,176.199,-7.178,-121.254,1,-0.0323,0.0279,-0.0284,0
19038062,0.012,0.320,0.048,0.002,0.004,0.002,-50.615,-278.941,387.280,176.199,-7.178,-121.254,1,-0.0323,0.0279,-0.0284,0
19038140,0.023,0.317,0.068,0.002,0.004,0.001,-50.615,-278.941,387.280,176.199,-7.178,-121.254,1,-0.0323,0.0279,-0.0284,0
19038250,0.012,0.318,0.061,0.002,0.005,0.001,-50.615,-278.941,387.280,176.199,-7.178,-121.254,1,-0.0323,0.0279,-0.0284,0
19038343,0.014,0.291,0.097,0.001,0.004,-0.001,-50.615,-278.941,387.280,176.199,-7.178,-121.254,1,-0.0323,0.0279,-0.0284,0
19038484,0.013,0.303,0.011,0.002,0.005,0.002,-50.615,-278.941,387.280,176.199,-7.178,-121.254,1,-0.0323,0.0279,-0.0284,0
19038531,0.013,0.306,0.009,0.002,0.005,0.002,-50.615,-278.941,387.280,176.199,-7.178,-121.254,1,-0.0323,0.0279,-0.0284,0
19038578,0.023,0.301,0.068,0.001,0.004,0.000,-50.615,-278.941,387.280,176.199,-7.178,-121.254,1,-0.0323,0.0279,-0.0284,0
19038656,0.024,0.303,0.068,0.001,0.004,0.000,-50.615,-278.941,387.280,176.199,-7.178,-121.254,1,-0.0323,0.0279,-0.0284,0
19038796,0.037,0.309,0.049,0.002,0.004,0.001,-50.615,-278.941,387.280,176.199,-7.178,-121.254,1,-0.0323,0.0279,-0.0284,0
19038890,0.027,0.312,0.041,0.002,0.004,0.002,-50.615,-278.941,387.280,176.199,-7.178,-121.254,1,-0.0323,0.0279,-0.0284,0
19039000,0.017,0.296,0.033,0.001,0.005,0.002,-50.615,-278.941,387.280,176.199,-7.178,-121.254,1,-0.0323,0.0279,-0.0284,0
19039078,0.028,0.286,0.080,0.001,0.005,-0.000,-50.615,-278.941,387.280,176.199,-7.178,-121.254,1,-0.0323,0.0279,-0.0284,0
19039156,0.012,0.297,0.070,0.001,0.005,0.000,-50.615,-278.941,387.280,176.199,-7.178,-121.254,1,-0.0323,0.0279,-0.0284,0
19039234,0.027,0.283,0.057,0.001,0.004,0.001,-50.615,-278.941,387.280,176.199,-7.178,-121.254,1,-0.0323,0.0279,-0.0284,0
19039312,0.033,0.289,0.061,0.001,0.004,0.001,-50.615,-278.941,387.280,176.199,-7.178,-121.254,1,-0.0323,0.0279,-0.0284,0
19039421,0.018,0.304,0.064,0.002,0.004,0.001,-50.615,-278.941,387.280,176.199,-7.178,-121.254,1,-0.0323,0.0279,-0.0284,0
19039531,0.028,0.306,0.083,0.001,0.004,-0.000,-50.615,-278.941,387.280,176.199,-7.178,-121.254,1,-0.0323,0.0279,-0.0284,0
19039671,0.021,0.296,0.050,0.001,0.004,0.001,-50.615,-278.941,387.280,176.199,-7.178,-121.254,1,-0.0323,0.0279,-0.0284,0
19039718,0.019,0.290,0.057,0.001,0.004,0.001,-50.615,-278.941,387.280,176.199,-7.178,-121.254,1,-0.0323,0.0279,-0.0284,0
19039765,0.019,0.291,0.063,0.001,0.004,0.000,-50.615,-278.941,387.280,176.199,-7.178,-121.254,1,-0.0323,0.0279,-0.0284,0
19039859,0.028,0.295,0.082,0.001,0.004,-0.000,-50.615,-278.941,387.280,176.199,-7.178,-121.254,1,-0.0323,0.0279,-0.0284,0
19039984,0.025,0.297,0.044,0.001,0.004,0.001,-50.615,-278.941,387.280,176.199,-7.178,-121.254,1,-0.0323,0.0279,-0.0284,0
19040078,0.020,0.302,0.025,0.002,0.004,0.001,-50.615,-278.941,387.280,176.199,-7.178,-121.254,1,-0.0323,0.0279,-0.0284,0
19040187,0.024,0.304,0.060,0.002,0.004,0.001,-50.615,-278.941,387.280,176.199,-7.178,-121.254,1,-0.0323,0.0279,-0.0284,0
19040265,0.025,0.293,0.090,0.001,0.004,0.000,-50.615,-278.941,387.280,176.199,-7.178,-121.254,1,-0.0323,0.0279,-0.0284,0
19040359,0.032,0.300,0.077,0.002,0.004,0.001,-50.615,-278.941,387.280,176.199,-7.178,-121.254,1,-0.0323,0.0279,-0.0284,0
19040453,0.020,0.281,0.042,0.001,0.004,0.001,-50.615,-278.941,387.280,176.199,-7.178,-121.254,1,-0.0323,0.0279,-0.0284,0
19040531,0.028,0.298,0.079,0.001,0.004,0.000,-50.615,-278.941,387.280,176.199,-7.178,-121.254,1,-0.0323,0.0279,-0.0284,0
19040640,0.029,0.291,0.083,0.001,0.004,0.000,-50.615,-278.941,387.280,176.199,-7.178,-121.254,1,-0.0323,0.0279,-0.0284,0
19040734,0.025,0.292,0.048,0.001,0.004,0.001,-50.615,-278.941,387.280,176.199,-7.178,-121.254,1,-0.0323,0.0279,-0.0284,0
19040875,0.026,0.287,0.058,0.001,0.004,0.001,-50.615,-278.941,387.280,176.199,-7.178,-121.254,1,-0.0323,0.0279,-0.0284,0
19040921,0.032,0.307,0.068,0.001,0.004,-0.000,-50.615,-278.941,387.280,176.199,-7.178,-121.254,1,-0.0323,0.0279,-0.0284,0
19040968,0.027,0.295,0.083,0.001,0.004,-0.000,-50.615,-278.941,387.280,176.199,-7.178,-121.254,1,-0.0323,0.0279,-0.0284,0
19041031,0.018,0.301,0.047,0.001,0.004,0.001,-50.615,-278.941,387.280,176.199,-7.178,-121.254,1,-0.0323,0.0279,-0.0284,0
19041171,0.030,0.301,0.075,0.001,0.004,0.000,-50.615,-278.941,387.280,176.199,-7.178,-121.254,1,-0.0323,0.0279,-0.0284,0
19041265,0.019,0.294,0.069,0.001,0.004,-0.000,-50.615,-278.941,387.280,176.199,-7.178,-121.254,1,-0.0323,0.0279,-0.0284,0
19041390,0.025,0.288,0.058,0.001,0.004,0.000,-50.615,-278.941,387.280,176.199,-7.178,-121.254,1,-0.0323,0.0279,-0.0284,0
19041468,0.026,0.287,0.111,0.001,0.004,-0.001,-50.615,-278.941,387.280,176.199,-7.178,-121.254,1,-0.0323,0.0279,-0.0284,0
19041562,0.028,0.290,0.072,0.001,0.005,-0.000,-50.615,-278.941,387.280,176.199,-7.178,-121.254,1,-0.0323,0.0279,-0.0284,0
19041625,0.032,0.307,0.030,0.002,0.005,0.002,-50.615,-278.941,387.280,176.199,-7.178,-121.254,1,-0.0323,0.0279,-0.0284,0
19041703,0.029,0.296,0.066,0.002,0.004,0.001,-50.615,-278.941,387.280,176.199,-7.178,-121.254,1,-0.0323,0.0279,-0.0284,0
19041812,0.050,0.299,0.085,0.001,0.004,-0.000,-50.615,-278.941,387.280,176.199,-7.178,-121.254,1,-0.0323,0.0279,-0.0284,0
19041921,0.028,0.286,0.055,0.001,0.004,0.001,-50.615,-278.941,387.280,176.199,-7.178,-121.254,1,-0.0323,0.0279,-0.0284,0
19042062,0.029,0.301,0.087,0.001,0.004,-0.000,-50.615,-278.941,387.280,176.199,-7.178,-121.254,1,-0.0323,0.0279,-0.0284,0
19042109,0.035,0.294,0.060,0.001,0.004,0.000,-50.615,-278.941,387.280,176.199,-7.178,-121.254,1,-0.0323,0.0279,-0.0284,0
19042156,0.041,0.283,0.014,0.001,0.004,0.001,-50.615,-278.941,387.280,176.199,-7.178,-121.254,1,-0.0323,0.0279,-0.0284,0
19042234,0.030,0.278,0.084,0.001,0.004,-0.000,-50.615,-278.941,387.280,176.199,-7.178,-121.254,1,-0.0323,0.0279,-0.0284,0
19042375,0.033,0.286,0.055,0.000,0.004,0.001,-50.615,-278.941,387.280,176.199,-7.178,-121.254,1,-0.0323,0.0279,-0.0284,0
19042468,0.045,0.313,0.074,0.001,0.004,0.000,-50.615,-278.941,387.280,176.199,-7.178,-121.254,1,-0.0323,0.0279,-0.0284,0
19042578,0.023,0.288,0.083,0.002,0.004,0.001,-50.615,-278.941,387.280,176.199,-7.178,-121.254,1,-0.0323,0.0279,-0.0284,0
19042656,0.018,0.288,0.061,0.002,0.004,0.000,-50.615,-278.941,387.280,176.199,-7.178,-121.254,1,-0.0323,0.0279,-0.0284,0
19042750,0.031,0.295,0.047,0.001,0.004,0.000,-50.615,-278.941,387.280,176.199,-7.178,-121.254,1,-0.0323,0.0279,-0.0284,0
19042828,0.026,0.295,0.084,0.002,0.004,-0.000,-50.615,-278.941,387.280,176.199,-7.178,-121.254,1,-0.0323,0.0279,-0.0284,0
19042906,0.033,0.297,0.051,0.001,0.004,0.001,-50.615,-278.941,387.280,176.199,-7.178,-121.254,1,-0.0323,0.0279,-0.0284,0
19043015,0.045,0.291,0.106,0.001,0.004,-0.001,-50.615,-278.941,387.280,176.199,-7.178,-121.254,1,-0.0323,0.0279,-0.0284,0
19043125,0.029,0.306,0.056,0.001,0.004,0.001,-50.615,-278.941,387.280,176.199,-7.178,-121.254,1,-0.0323,0.0279,-0.0284,0
19043265,0.036,0.317,0.014,0.002,0.004,0.002,-50.615,-278.941,387.280,176.199,-7.178,-121.254,1,-0.0323,0.0279,-0.0284,0
19043312,0.048,0.303,0.082,0.001,0.004,-0.000,-50.615,-278.941,387.280,176.199,-7.178,-121.254,1,-0.0323,0.0279,-0.0284,0
19043359,0.030,0.296,0.066,0.001,0.004,0.000,-50.615,-278.941,387.280,176.199,-7.178,-121.254,1,-0.0323,0.0279,-0.0284,0
19043437,0.028,0.306,0.093,0.002,0.004,-0.000,-50.615,-278.941,387.280,176.199,-7.178,-121.254,1,-0.0323,0.0279,-0.0284,0
19043578,0.032,0.284,0.063,0.001,0.004,0.000,-50.615,-278.941,387.280,176.199,-7.178,-121.254,1,-0.0323,0.0279,-0.0284,0
19043671,0.027,0.300,0.045,0.001,0.004,0.001,-50.615,-278.941,387.280,176.199,-7.178,-121.254,1,-0.0323,0.0279,-0.0284,0
19043781,0.031,0.296,0.060,0.002,0.004,0.001,-50.615,-278.941,387.280,176.199,-7.178,-121.254,1,-0.0323,0.0279,-0.0284,0
19043859,0.028,0.300,0.053,0.002,0.004,0.002,-50.615,-278.941,387.280,176.199,-7.178,-121.254,1,-0.0323,0.0279,-0.0284,0
19043953,0.035,0.296,0.074,0.001,0.004,0.000,-50.615,-278.941,387.280,176.199,-7.178,-121.254,1,-0.0323,0.0279,-0.0284,0
19044031,0.029,0.292,0.092,0.001,0.004,-0.000,-50.615,-278.941,387.280,176.199,-7.178,-121.254,1,-0.0323,0.0279,-0.0284,0
19044109,0.044,0.332,0.033,0.002,0.004,0.001,-50.615,-278.941,387.280,176.199,-7.178,-121.254,1,-0.0323,0.0279,-0.0284,0
19044218,0.017,0.302,0.009,0.002,0.004,0.001,-50.615,-278.941,387.280,176.199,-7.178,-121.254,1,-0.0323,0.0279,-0.0284,0
19044312,0.026,0.299,0.082,0.001,0.004,0.000,-50.615,-278.941,387.280,176.199,-7.178,-121.254,1,-0.0323,0.0279,-0.0284,0
19044453,0.020,0.295,0.058,0.001,0.004,0.000,-50.615,-278.941,387.280,176.199,-7.178,-121.254,1,-0.0323,0.0279,-0.0284,0
19044500,0.037,0.294,0.090,0.000,0.004,-0.001,-50.615,-278.941,387.280,176.199,-7.178,-121.254,1,-0.0323,0.0279,-0.0284,0
19044546,0.036,0.303,0.063,0.001,0.004,0.000,-50.615,-278.941,387.280,176.199,-7.178,-121.254,1,-0.0323,0.0279,-0.0284,0
19044625,0.031,0.303,0.065,0.002,0.004,0.000,-50.615,-278.941,387.280,176.199,-7.178,-121.254,1,-0.0323,0.0279,-0.0284,0
19044765,0.035,0.305,0.086,0.001,0.004,-0.001,-50.615,-278.941,387.280,176.199,-7.178,-121.254,1,-0.0323,0.0279,-0.0284,0
19044859,0.031,0.316,0.033,0.002,0.004,0.002,-50.615,-278.941,387.280,176.199,-7.178,-121.254,1,-0.0323,0.0279,-0.0284,0
19044968,0.039,0.314,0.107,0.003,0.004,-0.000,-50.615,-278.941,387.280,176.199,-7.178,-121.254,1,-0.0323,0.0279,-0.0284,0
19045046,0.026,0.300,0.096,0.002,0.004,-0.000,-50.615,-278.941,387.280,176.199,-7.178,-121.254,1,-0.0323,0.0279,-0.0284,0
19045140,0.029,0.300,0.050,0.001,0.004,0.001,-50.615,-278.941,387.280,176.199,-7.178,-121.254,1,-0.0323,0.0279,-0.0284,0
19045218,0.035,0.295,0.072,0.001,0.004,-0.000,-50.615,-278.941,387.280,176.199,-7.178,-121.254,1,-0.0323,0.0279,-0.0284,0
19045296,0.035,0.300,0.009,0.002,0.004,0.002,-50.615,-278.941,387.280,176.199,-7.178,-121.254,1,-0.0323,0.0279,-0.0284,0
19045406,0.039,0.303,0.063,0.001,0.004,0.001,-50.615,-278.941,387.280,176.199,-7.178,-121.254,1,-0.0323,0.0279,-0.0284,0
19045515,0.031,0.308,0.061,0.002,0.004,0.001,-50.615,-278.941,387.280,176.199,-7.178,-121.254,1,-0.0323,0.0279,-0.0284,0
19045656,0.057,0.317,0.033,0.002,0.003,0.002,-50.615,-278.941,387.280,176.199,-7.178,-121.254,1,-0.0323,0.0279,-0.0284,0
19045703,0.035,0.312,0.073,0.002,0.004,0.001,-50.615,-278.941,387.280,176.199,-7.178,-121.254,1,-0.0323,0.0279,-0.0284,0
19045750,0.021,0.310,0.042,0.002,0.005,0.001,-50.615,-278.941,387.280,176.199,-7.178,-121.254,1,-0.0323,0.0279,-0.0284,0
19045828,0.035,0.302,0.074,0.001,0.004,0.000,-50.615,-278.941,387.280,176.199,-7.178,-121.254,1,-0.0323,0.0279,-0.0284,0
19045968,0.033,0.302,0.083,0.002,0.004,-0.001,-50.615,-278.941,387.280,176.199,-7.178,-121.254,1,-0.0323,0.0279,-0.0284,0
19046062,0.028,0.318,0.041,0.002,0.004,0.002,-50.615,-278.941,387.280,176.199,-7.178,-121.254,1,-0.0323,0.0279,-0.0284,0
19046171,0.035,0.317,0.039,0.002,0.004,0.001,-50.615,-278.941,387.280,176.199,-7.178,-121.254,1,-0.0323,0.0279,-0.0284,0
19046265,0.032,0.309,0.080,0.002,0.004,0.000,-50.615,-278.941,387.280,176.199,-7.178,-121.254,1,-0.0323,0.0279,-0.0284,0
19046343,0.045,0.319,0.065,0.002,0.004,0.000,-50.615,-278.941,387.280,176.199,-7.178,-121.254,1,-0.0323,0.0279,-0.0284,0
19046421,0.035,0.298,0.112,0.001,0.004,-0.000,-50.615,-278.941,387.280,176.199,-7.178,-121.254,1,-0.0323,0.0279,-0.0284,0
19046500,0.024,0.304,0.027,0.001,0.004,0.002,-50.615,-278.941,387.280,176.199,-7.178,-121.254,1,-0.0323,0.0279,-0.0284,0
19046609,0.023,0.311,0.047,0.002,0.004,0.002,-50.615,-278.941,387.280,176.199,-7.178,-121.254,1,-0.0323,0.0279,-0.0284,0
19046703,0.030,0.307,0.067,0.002,0.004,0.001,-50.615,-278.941,387.280,176.199,-7.178,-121.254,1,-0.0323,0.0279,-0.0284,0
19046843,0.033,0.317,0.022,0.002,0.004,0.002,-50.615,-278.941,387.280,176.199,-7.178,-121.254,1,-0.0323,0.0279,-0.0284,0
19046890,0.038,0.317,0.018,0.002,0.004,0.002,-50.615,-278.941,387.280,176.199,-7.178,-121.254,1,-0.0323,0.0279,-0.0284,0
19046937,0.046,0.308,0.048,0.002,0.004,0.001,-50.615,-278.941,387.280,176.199,-7.178,-121.254,1,-0.0323,0.0279,-0.0284,0
19047015,0.030,0.303,0.080,0.002,0.004,0.000,-50.615,-278.941,387.280,176.199,-7.178,-121.254,1,-0.0323,0.0279,-0.0284,0
19047156,0.016,0.296,0.032,0.002,0.005,0.003,-50.615,-278.941,387.280,176.199,-7.178,-121.254,1,-0.0323,0.0279,-0.0284,0
19047250,0.021,0.309,0.047,0.002,0.004,0.001,-50.615,-278.941,387.280,176.199,-7.178,-121.254,1,-0.0323,0.0279,-0.0284,0
19047359,0.027,0.306,0.060,0.002,0.004,0.001,-50.615,-278.941,387.280,176.199,-7.178,-121.254,1,-0.0323,0.0279,-0.0284,0
19047437,0.029,0.305,0.057,0.002,0.004,0.000,-50.615,-278.941,387.280,176.199,-7.178,-121.254,1,-0.0323,0.0279,-0.0284,0
19047531,0.034,0.305,0.071,0.002,0.004,0.000,-50.615,-278.941,387.280,176.199,-7.178,-121.254,1,-0.0323,0.0279,-0.0284,0
19047609,0.031,0.321,0.052,0.002,0.004,0.001,-50.615,-278.941,387.280,176.199,-7.178,-121.254,1,-0.0323,0.0279,-0.0284,0
19047687,0.026,0.320,0.044,0.002,0.004,0.002,-50.615,-278.941,387.280,176.199,-7.178,-121.254,1,-0.0323,0.0279,-0.0284,0
19047796,0.039,0.321,0.054,0.002,0.004,0.001,-50.615,-278.941,387.280,176.199,-7.178,-121.254,1,-0.0323,0.0279,-0.0284,0
19047906,0.030,0.324,0.026,0.002,0.004,0.002,-50.615,-278.941,387.280,176.199,-7.178,-121.254,1,-0.0323,0.0279,-0.0284,0
19048046,0.031,0.293,0.052,0.001,0.004,0.001,-50.615,-278.941,387.280,176.199,-7.178,-121.254,1,-0.0323,0.0279,-0.0284,0
19048093,0.031,0.300,0.078,0.001,0.004,0.000,-50.615,-278.941,387.280,176.199,-7.178,-121.254,1,-0.0323,0.0279,-0.0284,0
19048140,0.041,0.299,0.083,0.001,0.004,-0.000,-50.615,-278.941,387.280,176.199,-7.178,-121.254,1,-0.0323,0.0279,-0.0284,0
19048218,0.027,0.306,0.075,0.002,0.004,0.001,-50.615,-278.941,387.280,176.199,-7.178,-121.254,1,-0.0323,0.0279,-0.0284,0
19048359,0.025,0.308,0.066,0.002,0.004,0.001,-50.615,-278.941,387.280,176.199,-7.178,-121.254,1,-0.0323,0.0279,-0.0284,0
19048453,0.027,0.314,0.067,0.002,0.004,0.001,-50.615,-278.941,387.280,176.199,-7.178,-121.254,1,-0.0323,0.0279,-0.0284,0
19048562,0.034,0.312,0.064,0.002,0.004,0.001,-50.615,-278.941,387.280,176.199,-7.178,-121.254,1,-0.0323,0.0279,-0.0284,0
19048640,0.041,0.310,0.052,0.002,0.004,0.001,-50.615,-278.941,387.280,176.199,-7.178,-121.254,1,-0.0323,0.0279,-0.0284,0
19048734,0.045,0.290,0.089,0.001,0.004,-0.001,-50.615,-278.941,387.280,176.199,-7.178,-121.254,1,-0.0323,0.0279,-0.0284,0
19048812,0.017,0.317,0.025,0.002,0.005,0.002,-50.615,-278.941,387.280,176.199,-7.178,-121.254,1,-0.0323,0.0279,-0.0284,0
19048890,0.024,0.318,0.049,0.002,0.004,0.001,-50.615,-278.941,387.280,176.199,-7.178,-121.254,1,-0.0323,0.0279,-0.0284,0
19049000,0.023,0.318,0.062,0.002,0.004,0.002,-50.615,-278.941,387.280,176.199,-7.178,-121.254,1,-0.0323,0.0279,-0.0284,0
19049109,0.015,0.316,0.028,0.002,0.005,0.002,-50.615,-278.941,387.280,176.199,-7.178,-121.254,1,-0.0323,0.0279,-0.0284,0
19049250,0.028,0.313,0.050,0.002,0.004,0.002,-50.615,-278.941,387.280,176.199,-7.178,-121.254,1,-0.0323,0.0279,-0.0284,0
19049296,0.027,0.312,0.047,0.002,0.004,0.001,-50.615,-278.941,387.280,176.199,-7.178,-121.254,1,-0.0323,0.0279,-0.0284,0
19049343,0.039,0.318,0.054,0.002,0.004,0.001,-50.615,-278.941,387.280,176.199,-7.178,-121.254,1,-0.0323,0.0279,-0.0284,0
19049421,0.012,0.324,0.026,0.002,0.004,0.003,-50.615,-278.941,387.280,176.199,-7.178,-121.254,1,-0.0323,0.0279,-0.0284,0
19049562,0.018,0.321,0.054,0.002,0.004,0.002,-50.615,-278.941,387.280,176.199,-7.178,-121.254,1,-0.0323,0.0279,-0.0284,0
19049656,0.034,0.302,0.067,0.002,0.004,0.001,-50.615,-278.941,387.280,176.199,-7.178,-121.254,1,-0.0323,0.0279,-0.0284,0
19049765,0.021,0.316,0.058,0.002,0.004,0.001,-50.615,-278.941,387.280,176.199,-7.178,-121.254,1,-0.0323,0.0279,-0.0284,0
19049843,0.021,0.321,0.066,0.002,0.004,0.001,-50.615,-278.941,387.280,176.199,-7.178,-121.254,1,-0.0323,0.0279,-0.0284,0
19049937,0.015,0.320,0.050,0.003,0.004,0.002,-50.615,-278.941,387.280,176.199,-7.178,-121.254,1,-0.0323,0.0279,-0.0284,0
19050015,0.019,0.314,0.037,0.002,0.004,0.002,-50.615,-278.941,387.280,176.199,-7.178,-121.254,1,-0.0323,0.0279,-0.0284,0
19050093,0.019,0.324,0.046,0.002,0.004,0.002,-50.615,-278.941,387.280,176.199,-7.178,-121.254,1,-0.0323,0.0279,-0.0284,0
19050203,0.006,0.331,0.032,0.003,0.005,0.003,-50.615,-278.941,387.280,176.199,-7.178,-121.254,1,-0.0323,0.0279,-0.0284,0
19050312,0.005,0.331,-0.007,0.003,0.005,0.004,-50.615,-278.941,387.280,176.199,-7.178,-121.254,1,-0.0323,0.0279,-0.0284,0
19050453,0.024,0.319,0.047,0.002,0.005,0.001,-50.615,-278.941,387.280,176.199,-7.178,-121.254,1,-0.0323,0.0279,-0.0284,0
19050500,0.004,0.314,0.029,0.002,0.005,0.003,-50.615,-278.941,387.280,176.199,-7.178,-121.254,1,-0.0323,0.0279,-0.0284,0
19050546,0.010,0.314,0.050,0.002,0.004,0.002,-50.615,-278.941,387.280,176.199,-7.178,-121.254,1,-0.0323,0.0279,-0.0284,0
19050625,0.005,0.318,0.039,0.003,0.005,0.002,-50.615,-278.941,387.280,176.199,-7.178,-121.254,1,-0.0323,0.0279,-0.0284,0
19050765,0.030,0.313,0.038,0.001,0.004,0.001,-50.615,-278.941,387.280,176.199,-7.178,-121.254,1,-0.0323,0.0279,-0.0284,0
19050859,0.023,0.307,0.053,0.002,0.004,0.001,-50.615,-278.941,387.280,176.199,-7.178,-121.254,1,-0.0323,0.0279,-0.0284,0
19050968,0.013,0.318,0.070,0.002,0.004,0.002,-50.615,-278.941,387.280,176.199,-7.178,-121.254,1,-0.0323,0.0279,-0.0284,0
19051046,0.001,0.340,0.038,0.003,0.005,0.003,-50.615,-278.941,387.280,176.199,-7.178,-121.254,1,-0.0323,0.0279,-0.0284,0
19051140,0.031,0.310,0.077,0.002,0.004,0.001,-50.615,-278.941,387.280,176.199,-7.178,-121.254,1,-0.0323,0.0279,-0.0284,0
19051218,0.016,0.321,0.030,0.002,0.004,0.002,-50.615,-278.941,387.280,176.199,-7.178,-121.254,1,-0.0323,0.0279,-0.0284,0
19051296,0.027,0.317,0.023,0.002,0.005,0.002,-50.615,-278.941,387.280,176.199,-7.178,-121.254,1,-0.0323,0.0279,-0.0284,0
19051406,-0.006,0.314,0.059,0.002,0.005,0.002,-50.615,-278.941,387.280,176.199,-7.178,-121.254,1,-0.0323,0.0279,-0.0284,0
19051500,0.004,0.322,0.058,0.002,0.005,0.001,-50.615,-278.941,387.280,176.199,-7.178,-121.254,1,-0.0323,0.0279,-0.0284,0
19051640,0.028,0.302,0.053,0.001,0.004,0.001,-50.615,-278.941,387.280,176.199,-7.178,-121.254,1,-0.0323,0.0279,-0.0284,0
19051687,0.014,0.311,0.058,0.002,0.005,0.002,-50.615,-278.941,387.280,176.199,-7.178,-121.254,1,-0.0323,0.0279,-0.0284,0
19051734,0.021,0.316,0.070,0.002,0.005,0.001,-50.615,-278.941,387.280,176.199,-7.178,-121.254,1,-0.0323,0.0279,-0.0284,0
19051812,0.008,0.311,0.062,0.002,0.004,0.002,-50.615,-278.941,387.280,176.199,-7.178,-121.254,1,-0.0323,0.0279,-0.0284,0
19051953,0.018,0.316,0.043,0.002,0.005,0.002,-50.615,-278.941,387.280,176.199,-7.178,-121.254,1,-0.0323,0.0279,-0.0284,0
19052046,0.009,0.298,0.084,0.002,0.005,0.001,-50.615,-278.941,387.280,176.199,-7.178,-121.254,1,-0.0323,0.0279,-0.0284,0
19052156,0.019,0.315,0.052,0.001,0.005,0.001,-50.615,-278.941,387.280,176.199,-7.178,-121.254,1,-0.0323,0.0279,-0.0284,0
19052234,0.024,0.320,0.056,0.001,0.004,0.001,-50.615,-278.941,387.280,176.199,-7.178,-121.254,1,-0.0323,0.0279,-0.0284,0
19052328,0.006,0.326,0.079,0.002,0.005,0.002,-50.615,-278.941,387.280,176.199,-7.178,-121.254,1,-0.0323,0.0279,-0.0284,0
19052406,0.024,0.310,0.051,0.001,0.005,0.001,-50.615,-278.941,387.280,176.199,-7.178,-121.254,1,-0.0323,0.0279,-0.0284,0
19052484,0.014,0.313,0.070,0.002,0.004,0.001,-50.615,-278.941,387.280,176.199,-7.178,-121.254,1,-0.0323,0.0279,-0.0284,0
19052593,-0.002,0.314,0.045,0.002,0.005,0.001,-50.615,-278.941,387.280,176.199,-7.178,-121.254,1,-0.0323,0.0279,-0.0284,0
19052703,0.015,0.313,0.026,0.002,0.004,0.002,-50.615,-278.941,387.280,176.199,-7.178,-121.254,1,-0.0323,0.0279,-0.0284,0
19052843,-0.002,0.307,0.061,0.002,0.005,0.001,-50.615,-278.941,387.280,176.199,-7.178,-121.254,1,-0.0323,0.0279,-0.0284,0
19052890,0.002,0.316,0.056,0.002,0.005,0.001,-50.615,-278.941,387.280,176.199,-7.178,-121.254,1,-0.0323,0.0279,-0.0284,0
19052937,0.013,0.332,0.089,0.002,0.004,0.001,-50.615,-278.941,387.280,176.199,-7.178,-121.254,1,-0.0323,0.0279,-0.0284,0
19053015,0.024,0.308,0.075,0.001,0.004,0.000,-50.615,-278.941,387.280,176.199,-7.178,-121.254,1,-0.0323,0.0279,-0.0284,0
19053156,0.012,0.316,0.028,0.002,0.005,0.002,-50.615,-278.941,387.280,176.199,-7.178,-121.254,1,-0.0323,0.0279,-0.0284,0
19053250,0.017,0.304,0.069,0.001,0.004,0.001,-50.615,-278.941,387.280,176.199,-7.178,-121.254,1,-0.0323,0.0279,-0.0284,0
19053359,0.011,0.303,0.052,0.001,0.005,0.001,-50.615,-278.941,387.280,176.199,-7.178,-121.254,1,-0.0323,0.0279,-0.0284,0
19053437,0.019,0.305,0.066,0.002,0.004,0.001,-50.615,-278.941,387.280,176.199,-7.178,-121.254,1,-0.0323,0.0279,-0.0284,0
19053531,0.007,0.293,0.119,0.002,0.005,-0.000,-50.615,-278.941,387.280,176.199,-7.178,-121.254,1,-0.0323,0.0279,-0.0284,0
19053609,0.011,0.316,0.059,0.002,0.005,0.001,-50.615,-278.941,387.280,176.199,-7.178,-121.254,1,-0.0323,0.0279,-0.0284,0
19053687,0.014,0.319,0.046,0.002,0.005,0.001,-50.615,-278.941,387.280,176.199,-7.178,-121.254,1,-0.0323,0.0279,-0.0284,0
19053796,0.017,0.314,0.062,0.002,0.004,0.001,-50.615,-278.941,387.280,176.199,-7.178,-121.254,1,-0.0323,0.0279,-0.0284,0
19053890,0.016,0.311,0.039,0.001,0.005,0.002,-50.615,-278.941,387.280,176.199,-7.178,-121.254,1,-0.0323,0.0279,-0.0284,0
19054031,0.030,0.291,0.102,0.001,0.004,-0.001,-50.615,-278.941,387.280,176.199,-7.178,-121.254,1,-0.0323,0.0279,-0.0284,0
19054078,0.035,0.299,0.055,0.001,0.004,0.000,-50.615,-278.941,387.280,176.199,-7.178,-121.254,1,-0.0323,0.0279,-0.0284,0
19054125,0.027,0.309,0.045,0.001,0.004,0.001,-50.615,-278.941,387.280,176.199,-7.178,-121.254,1,-0.0323,0.0279,-0.0284,0
19054203,0.023,0.300,0.087,0.001,0.004,-0.000,-50.615,-278.941,387.280,176.199,-7.178,-121.254,1,-0.0323,0.0279,-0.0284,0
19054343,0.039,0.304,0.087,0.001,0.004,-0.000,-50.615,-278.941,387.280,176.199,-7.178,-121.254,1,-0.0323,0.0279,-0.0284,0
19054437,0.018,0.325,0.101,0.002,0.004,-0.000,-50.615,-278.941,387.280,176.199,-7.178,-121.254,1,-0.0323,0.0279,-0.0284,0
19054546,0.027,0.290,0.048,0.001,0.005,0.001,-50.615,-278.941,387.280,176.199,-7.178,-121.254,1,-0.0323,0.0279,-0.0284,0
19054625,0.015,0.310,0.059,0.001,0.004,0.000,-50.615,-278.941,387.280,176.199,-7.178,-121.254,1,-0.0323,0.0279,-0.0284,0
19054718,0.017,0.300,0.089,0.001,0.005,-0.000,-50.615,-278.941,387.280,176.199,-7.178,-121.254,1,-0.0323,0.0279,-0.0284,0
19054796,0.022,0.304,0.091,0.001,0.004,-0.000,-50.615,-278.941,387.280,176.199,-7.178,-121.254,1,-0.0323,0.0279,-0.0284,0
19054875,0.021,0.312,0.063,0.002,0.004,0.001,-50.615,-278.941,387.280,176.199,-7.178,-121.254,1,-0.0323,0.0279,-0.0284,0
19054984,0.013,0.324,0.035,0.002,0.005,0.002,-50.615,-278.941,387.280,176.199,-7.178,-121.254,1,-0.0323,0.0279,-0.0284,0
19055093,0.029,0.319,0.052,0.002,0.004,0.001,-50.615,-278.941,387.280,176.199,-7.178,-121.254,1,-0.0323,0.0279,-0.0284,0
19055234,0.035,0.293,0.115,0.001,0.004,-0.002,-50.615,-278.941,387.280,176.199,-7.178,-121.254,1,-0.0323,0.0279,-0.0284,0
19055281,0.014,0.313,0.033,0.002,0.005,0.002,-50.615,-278.941,387.280,176.199,-7.178,-121.254,1,-0.0323,0.0279,-0.0284,0
19055328,0.023,0.304,0.066,0.001,0.005,0.000,-50.615,-278.941,387.280,176.199,-7.178,-121.254,1,-0.0323,0.0279,-0.0284,0
19055406,0.012,0.320,0.041,0.002,0.005,0.002,-50.615,-278.941,387.280,176.199,-7.178,-121.254,1,-0.0323,0.0279,-0.0284,0
19055546,0.037,0.300,0.090,0.001,0.004,-0.001,-50.615,-278.941,387.280,176.199,-7.178,-121.254,1,-0.0323,0.0279,-0.0284,0
19055640,0.033,0.300,0.085,0.001,0.004,0.000,-50.615,-278.941,387.280,176.199,-7.178,-121.254,1,-0.0323,0.0279,-0.0284,0
19055750,0.027,0.320,0.051,0.002,0.004,0.002,-50.615,-278.941,387.280,176.199,-7.178,-121.254,1,-0.0323,0.0279,-0.0284,0
19055828,0.025,0.320,0.049,0.003,0.005,0.003,-50.615,-278.941,387.280,176.199,-7.178,-121.254,1,-0.0323,0.0279,-0.0284,0
19055921,0.023,0.301,0.084,0.002,0.005,0.000,-50.615,-278.941,387.280,176.199,-7.178,-121.254,1,-0.0323,0.0279,-0.0284,0
19056000,0.031,0.290,0.090,0.001,0.004,-0.001,-50.615,-278.941,387.280,176.199,-7.178,-121.254,1,-0.0323,0.0279,-0.0284,0
19056078,0.010,0.319,0.053,0.002,0.005,0.001,-50.615,-278.941,387.280,176.199,-7.178,-121.254,1,-0.0323,0.0279,-0.0284,0
19056187,0.013,0.311,0.071,0.002,0.005,0.001,-50.615,-278.941,387.280,176.199,-7.178,-121.254,1,-0.0323,0.0279,-0.0284,0
19056296,0.029,0.317,0.065,0.001,0.004,0.000,-50.615,-278.941,387.280,176.199,-7.178,-121.254,1,-0.0323,0.0279,-0.0284,0
19056437,0.045,0.338,0.034,0.002,0.004,0.001,-50.615,-278.941,387.280,176.199,-7.178,-121.254,1,-0.0323,0.0279,-0.0284,0
19056484,0.008,0.315,0.030,0.003,0.005,0.003,-50.615,-278.941,387.280,176.199,-7.178,-121.254,1,-0.0323,0.0279,-0.0284,0
19056531,0.018,0.311,0.079,0.002,0.005,0.000,-50.615,-278.941,387.280,176.199,-7.178,-121.254,1,-0.0323,0.0279,-0.0284,0
19056609,0.017,0.300,0.037,0.002,0.005,0.001,-50.615,-278.941,387.280,176.199,-7.178,-121.254,1,-0.0323,0.0279,-0.0284,0
19056750,0.010,0.319,0.028,0.003,0.005,0.003,-50.615,-278.941,387.280,176.199,-7.178,-121.254,1,-0.0323,0.0279,-0.0284,0
19056843,0.014,0.319,0.059,0.002,0.005,0.001,-50.615,-278.941,387.280,176.199,-7.178,-121.254,1,-0.0323,0.0279,-0.0284,0
19056953,0.027,0.316,0.066,0.002,0.004,0.000,-50.615,-278.941,387.280,176.199,-7.178,-121.254,1,-0.0323,0.0279,-0.0284,0
19057031,0.038,0.304,0.062,0.002,0.004,0.000,-50.615,-278.941,387.280,176.199,-7.178,-121.254,1,-0.0323,0.0279,-0.0284,0
19057125,0.023,0.309,0.062,0.002,0.004,0.000,-50.615,-278.941,387.280,176.199,-7.178,-121.254,1,-0.0323,0.0279,-0.0284,0
19057203,-0.003,0.318,0.036,0.003,0.005,0.002,-50.615,-278.941,387.280,176.199,-7.178,-121.254,1,-0.0323,0.0279,-0.0284,0
19057281,-0.000,0.318,0.049,0.003,0.005,0.002,-50.615,-278.941,387.280,176.199,-7.178,-121.254,1,-0.0323,0.0279,-0.0284,0
19057390,0.006,0.331,0.060,0.003,0.005,0.002,-50.615,-278.941,387.280,176.199,-7.178,-121.254,1,-0.0323,0.0279,-0.0284,0
19057500,0.005,0.327,0.030,0.003,0.004,0.002,-50.615,-278.941,387.280,176.199,-7.178,-121.254,1,-0.0323,0.0279,-0.0284,0
19057640,0.024,0.316,0.046,0.001,0.004,0.001,-50.615,-278.941,387.280,176.199,-7.178,-121.254,1,-0.0323,0.0279,-0.0284,0
19057687,0.012,0.311,0.039,0.002,0.005,0.002,-50.615,-278.941,387.280,176.199,-7.178,-121.254,1,-0.0323,0.0279,-0.0284,0
19057734,-0.001,0.309,0.054,0.003,0.006,0.003,-50.615,-278.941,387.280,176.199,-7.178,-121.254,1,-0.0323,0.0279,-0.0284,0
19057812,-0.002,0.307,0.069,0.002,0.005,0.002,-50.615,-278.941,387.280,176.199,-7.178,-121.254,1,-0.0323,0.0279,-0.0284,0
19057953,0.022,0.318,0.040,0.002,0.004,0.001,-50.615,-278.941,387.280,176.199,-7.178,-121.254,1,-0.0323,0.0279,-0.0284,0
19058046,0.003,0.317,0.082,0.003,0.005,0.002,-50.615,-278.941,387.280,176.199,-7.178,-121.254,1,-0.0323,0.0279,-0.0284,0
19058156,0.010,0.324,0.061,0.002,0.004,0.002,-50.615,-278.941,387.280,176.199,-7.178,-121.254,1,-0.0323,0.0279,-0.0284,0
19058234,0.016,0.318,0.080,0.002,0.005,0.001,-50.615,-278.941,387.280,176.199,-7.178,-121.254,1,-0.0323,0.0279,-0.0284,0
19058328,-0.004,0.329,0.056,0.003,0.005,0.002,-50.615,-278.941,387.280,176.199,-7.178,-121.254,1,-0.0323,0.0279,-0.0284,0
19058406,-0.009,0.331,0.041,0.003,0.006,0.003,-50.615,-278.941,387.280,176.199,-7.178,-121.254,1,-0.0323,0.0279,-0.0284,0
19058484,-0.009,0.324,0.044,0.002,0.005,0.002,-50.615,-278.941,387.280,176.199,-7.178,-121.254,1,-0.0323,0.0279,-0.0284,0
19058593,0.018,0.310,0.060,0.002,0.004,0.000,-50.615,-278.941,387.280,176.199,-7.178,-121.254,1,-0.0323,0.0279,-0.0284,0
19058703,-0.007,0.306,0.062,0.002,0.005,0.001,-50.615,-278.941,387.280,176.199,-7.178,-121.254,1,-0.0323,0.0279,-0.0284,0
19058843,0.015,0.325,0.062,0.002,0.004,0.001,-50.615,-278.941,387.280,176.199,-7.178,-121.254,1,-0.0323,0.0279,-0.0284,0
19058890,0.008,0.334,0.068,0.002,0.005,0.001,-50.615,-278.941,387.280,176.199,-7.178,-121.254,1,-0.0323,0.0279,-0.0284,0
19058937,0.003,0.336,0.065,0.003,0.005,0.002,-50.615,-278.941,387.280,176.199,-7.178,-121.254,1,-0.0323,0.0279,-0.0284,0
19059015,0.010,0.313,0.060,0.002,0.004,0.001,-50.615,-278.941,387.280,176.199,-7.178,-121.254,1,-0.0323,0.0279,-0.0284,0
19059156,0.009,0.292,0.100,0.001,0.005,0.000,-50.615,-278.941,387.280,176.199,-7.178,-121.254,1,-0.0323,0.0279,-0.0284,0
19059250,0.018,0.319,0.056,0.002,0.004,0.001,-50.615,-278.941,387.280,176.199,-7.178,-121.254,1,-0.0323,0.0279,-0.0284,0
19059359,0.005,0.307,0.074,0.002,0.005,0.001,-50.615,-278.941,387.280,176.199,-7.178,-121.254,1,-0.0323,0.0279,-0.0284,0
19059437,0.006,0.313,0.060,0.001,0.005,0.001,-50.615,-278.941,387.280,176.199,-7.178,-121.254,1,-0.0323,0.0279,-0.0284,0
19059531,0.018,0.329,0.065,0.002,0.005,0.001,-50.615,-278.941,387.280,176.199,-7.178,-121.254,1,-0.0323,0.0279,-0.0284,0
19059609,0.018,0.307,0.050,0.001,0.005,-0.000,-50.615,-278.941,387.280,176.199,-7.178,-121.254,1,-0.0323,0.0279,-0.0284,0
19059687,0.013,0.317,0.048,0.002,0.005,0.001,-50.615,-278.941,387.280,176.199,-7.178,-121.254,1,-0.0323,0.0279,-0.0284,0
19059781,0.002,0.315,0.050,0.002,0.005,0.001,-50.615,-278.941,387.280,176.199,-7.178,-121.254,1,-0.0323,0.0279,-0.0284,0
19059890,0.023,0.312,0.071,0.002,0.004,0.001,-50.615,-278.941,387.280,176.199,-7.178,-121.254,1,-0.0323,0.0279,-0.0284,0
19060031,0.011,0.321,0.034,0.002,0.004,0.002,-50.615,-278.941,387.280,176.199,-7.178,-121.254,1,-0.0323,0.0279,-0.0284,0
19060078,0.020,0.322,0.020,0.002,0.005,0.002,-50.615,-278.941,387.280,176.199,-7.178,-121.254,1,-0.0323,0.0279,-0.0284,0
19060125,0.004,0.305,0.091,0.002,0.005,-0.000,-50.615,-278.941,387.280,176.199,-7.178,-121.254,1,-0.0323,0.0279,-0.0284,0
19060203,0.008,0.295,0.074,0.001,0.004,0.000,-50.615,-278.941,387.280,176.199,-7.178,-121.254,1,-0.0323,0.0279,-0.0284,0
19060343,0.015,0.311,0.039,0.002,0.004,0.002,-50.615,-278.941,387.280,176.199,-7.178,-121.254,1,-0.0323,0.0279,-0.0284,0
19060437,0.019,0.302,0.078,0.001,0.004,0.000,-50.615,-278.941,387.280,176.199,-7.178,-121.254,1,-0.0323,0.0279,-0.0284,0
19060484,0.032,0.298,0.135,0.001,0.004,-0.001,-50.615,-278.941,387.280,176.199,-7.178,-121.254,1,-0.0323,0.0279,-0.0284,0
19060562,0.019,0.315,0.061,0.002,0.004,0.001,-50.615,-278.941,387.280,176.199,-7.178,-121.254,1,-0.0323,0.0279,-0.0284,0
19060640,0.018,0.298,0.090,0.001,0.004,-0.001,-50.615,-278.941,387.280,176.199,-7.178,-121.254,1,-0.0323,0.0279,-0.0284,0
19060718,0.016,0.319,0.022,0.002,0.005,0.002,-50.615,-278.941,387.280,176.199,-7.178,-121.254,1,-0.0323,0.0279,-0.0284,0
19060812,0.019,0.322,0.048,0.002,0.004,0.001,-50.615,-278.941,387.280,176.199,-7.178,-121.254,1,-0.0323,0.0279,-0.0284,0
19060890,0.013,0.316,0.063,0.002,0.005,0.001,-50.615,-278.941,387.280,176.199,-7.178,-121.254,1,-0.0323,0.0279,-0.0284,0
19061000,0.022,0.318,0.058,0.002,0.004,0.001,-50.615,-278.941,387.280,176.199,-7.178,-121.254,1,-0.0323,0.0279,-0.0284,0
19061093,0.015,0.309,0.067,0.002,0.004,0.000,-50.615,-278.941,387.280,176.199,-7.178,-121.254,1,-0.0323,0.0279,-0.0284,0
19061234,0.017,0.308,0.042,0.002,0.005,0.002,-50.615,-278.941,387.280,176.199,-7.178,-121.254,1,-0.0323,0.0279,-0.0284,0
19061281,0.025,0.308,0.063,0.001,0.004,0.001,-50.615,-278.941,387.280,176.199,-7.178,-121.254,1,-0.0323,0.0279,-0.0284,0
19061328,0.016,0.307,0.077,0.001,0.005,0.000,-50.615,-278.941,387.280,176.199,-7.178,-121.254,1,-0.0323,0.0279,-0.0284,0
19061406,0.027,0.310,0.055,0.001,0.004,0.002,-50.615,-278.941,387.280,176.199,-7.178,-121.254,1,-0.0323,0.0279,-0.0284,0
19061546,0.010,0.319,0.042,0.002,0.005,0.002,-50.615,-278.941,387.280,176.199,-7.178,-121.254,1,-0.0323,0.0279,-0.0284,0
19061640,0.018,0.317,0.051,0.002,0.005,0.002,-50.615,-278.941,387.280,176.199,-7.178,-121.254,1,-0.0323,0.0279,-0.0284,0
19061750,0.027,0.296,0.035,0.001,0.004,0.001,-50.615,-278.941,387.280,176.199,-7.178,-121.254,1,-0.0323,0.0279,-0.0284,0
19061828,0.021,0.305,0.026,0.002,0.004,0.002,-50.615,-278.941,387.280,176.199,-7.178,-121.254,1,-0.0323,0.0279,-0.0284,0
19061921,0.024,0.313,0.046,0.002,0.004,0.001,-50.615,-278.941,387.280,176.199,-7.178,-121.254,1,-0.0323,0.0279,-0.0284,0
19062000,0.013,0.320,0.049,0.002,0.005,0.002,-50.615,-278.941,387.280,176.199,-7.178,-121.254,1,-0.0323,0.0279,-0.0284,0
19062078,0.019,0.318,0.056,0.002,0.004,0.001,-50.615,-278.941,387.280,176.199,-7.178,-121.254,1,-0.0323,0.0279,-0.0284,0
19062187,0.029,0.319,0.068,0.002,0.004,-0.000,-50.615,-278.941,387.280,176.199,-7.178,-121.254,1,-0.0323,0.0279,-0.0284,0
19062281,0.021,0.325,0.044,0.002,0.004,0.002,-50.615,-278.941,387.280,176.199,-7.178,-121.254,1,-0.0323,0.0279,-0.0284,0
19062421,0.012,0.297,0.037,0.002,0.004,0.001,-50.615,-278.941,387.280,176.199,-7.178,-121.254,1,-0.0323,0.0279,-0.0284,0
19062484,0.012,0.300,0.042,0.002,0.004,0.001,-50.615,-278.941,387.280,176.199,-7.178,-121.254,1,-0.0323,0.0279,-0.0284,0
19062593,0.007,0.321,0.029,0.002,0.005,0.003,-50.615,-278.941,387.280,176.199,-7.178,-121.254,1,-0.0323,0.0279,-0.0284,0
19062734,0.021,0.309,0.096,0.002,0.005,-0.000,-50.615,-278.941,387.280,176.199,-7.178,-121.254,1,-0.0323,0.0279,-0.0284,0
19062828,0.030,0.318,0.055,0.002,0.004,0.002,-50.615,-278.941,387.280,176.199,-7.178,-121.254,1,-0.0323,0.0279,-0.0284,0
19062937,0.034,0.308,0.115,0.001,0.004,-0.001,-50.615,-278.941,387.280,176.199,-7.178,-121.254,1,-0.0323,0.0279,-0.0284,0
19063015,0.018,0.322,0.068,0.002,0.004,0.001,-50.615,-278.941,387.280,176.199,-7.178,-121.254,1,-0.0323,0.0279,-0.0284,0
19063109,-0.011,0.318,0.034,0.003,0.005,0.003,-50.615,-278.941,387.280,176.199,-7.178,-121.254,1,-0.0323,0.0279,-0.0284,0
19063187,0.008,0.312,0.051,0.002,0.005,0.001,-50.615,-278.941,387.280,176.199,-7.178,-121.254,1,-0.0323,0.0279,-0.0284,0
19063265,0.011,0.305,0.048,0.002,0.005,0.001,-50.615,-278.941,387.280,176.199,-7.178,-121.254,1,-0.0323,0.0279,-0.0284,0
19063375,0.007,0.325,0.053,0.003,0.005,0.002,-50.615,-278.941,387.280,176.199,-7.178,-121.254,1,-0.0323,0.0279,-0.0284,0
19063484,0.019,0.316,0.077,0.002,0.004,-0.000,-50.615,-278.941,387.280,176.199,-7.178,-121.254,1,-0.0323,0.0279,-0.0284,0
19063625,0.019,0.323,0.040,0.002,0.004,0.001,-50.615,-278.941,387.280,176.199,-7.178,-121.254,1,-0.0323,0.0279,-0.0284,0
19063671,0.004,0.318,0.040,0.002,0.004,0.002,-50.615,-278.941,387.280,176.199,-7.178,-121.254,1,-0.0323,0.0279,-0.0284,0
19063718,0.004,0.308,0.060,0.002,0.004,0.001,-50.615,-278.941,387.280,176.199,-7.178,-121.254,1,-0.0323,0.0279,-0.0284,0
19063796,0.013,0.311,0.093,0.002,0.004,0.000,-50.615,-278.941,387.280,176.199,-7.178,-121.254,1,-0.0323,0.0279,-0.0284,0
19063937,0.017,0.298,0.047,0.001,0.004,0.000,-50.615,-278.941,387.280,176.199,-7.178,-121.254,1,-0.0323,0.0279,-0.0284,0
19064031,0.014,0.312,0.077,0.002,0.004,0.000,-50.615,-278.941,387.280,176.199,-7.178,-121.254,1,-0.0323,0.0279,-0.0284,0
19064140,0.002,0.325,0.049,0.002,0.004,0.002,-50.615,-278.941,387.280,176.199,-7.178,-121.254,1,-0.0323,0.0279,-0.0284,0
19064218,0.008,0.324,0.058,0.003,0.004,0.002,-50.615,-278.941,387.280,176.199,-7.178,-121.254,1,-0.0323,0.0279,-0.0284,0
19064312,0.003,0.314,0.051,0.002,0.005,0.001,-50.615,-278.941,387.280,176.199,-7.178,-121.254,1,-0.0323,0.0279,-0.0284,0
19064390,0.006,0.310,0.057,0.002,0.004,0.001,-50.615,-278.941,387.280,176.199,-7.178,-121.254,1,-0.0323,0.0279,-0.0284,0
19064468,-0.007,0.313,0.045,0.003,0.005,0.002,-50.615,-278.941,387.280,176.199,-7.178,-121.254,1,-0.0323,0.0279,-0.0284,0
19064578,-0.011,0.322,-0.002,0.002,0.005,0.003,-50.615,-278.941,387.280,176.199,-7.178,-121.254,1,-0.0323,0.0279,-0.0284,0
19064687,-0.003,0.307,0.055,0.002,0.005,0.001,-50.615,-278.941,387.280,176.199,-7.178,-121.254,1,-0.0323,0.0279,-0.0284,0
19064828,-0.006,0.327,0.048,0.002,0.005,0.002,-50.615,-278.941,387.280,176.199,-7.178,-121.254,1,-0.0323,0.0279,-0.0284,0
19064875,0.003,0.329,0.056,0.002,0.005,0.001,-50.615,-278.941,387.280,176.199,-7.178,-121.254,1,-0.0323,0.0279,-0.0284,0
19064921,0.007,0.318,0.070,0.002,0.005,0.001,-50.615,-278.941,387.280,176.199,-7.178,-121.254,1,-0.0323,0.0279,-0.0284,0
19065000,0.009,0.321,0.052,0.002,0.004,0.001,-50.615,-278.941,387.280,176.199,-7.178,-121.254,1,-0.0323,0.0279,-0.0284,0
19065140,0.000,0.322,0.049,0.002,0.005,0.002,-50.615,-278.941,387.280,176.199,-7.178,-121.254,1,-0.0323,0.0279,-0.0284,0
19065234,-0.008,0.306,0.087,0.002,0.005,0.001,-50.615,-278.941,387.280,176.199,-7.178,-121.254,1,-0.0323,0.0279,-0.0284,0
19065343,0.022,0.309,0.080,0.001,0.004,-0.000,-50.615,-278.941,387.280,176.199,-7.178,-121.254,1,-0.0323,0.0279,-0.0284,0
19065421,0.007,0.295,0.061,0.000,0.005,-0.000,-50.615,-278.941,387.280,176.199,-7.178,-121.254,1,-0.0323,0.0279,-0.0284,0
19065515,-0.001,0.332,0.058,0.003,0.005,0.002,-50.615,-278.941,387.280,176.199,-7.178,-121.254,1,-0.0323,0.0279,-0.0284,0
19065593,-0.009,0.327,0.025,0.002,0.005,0.003,-50.615,-278.941,387.280,176.199,-7.178,-121.254,1,-0.0323,0.0279,-0.0284,0
19065671,0.007,0.314,0.085,0.001,0.005,0.000,-50.615,-278.941,387.280,176.199,-7.178,-121.254,1,-0.0323,0.0279,-0.0284,0
19065781,0.009,0.320,0.047,0.002,0.004,0.001,-50.615,-278.941,387.280,176.199,-7.178,-121.254,1,-0.0323,0.0279,-0.0284,0
19065890,0.013,0.316,0.074,0.002,0.005,0.001,-50.615,-278.941,387.280,176.199,-7.178,-121.254,1,-0.0323,0.0279,-0.0284,0
19066031,0.003,0.324,0.047,0.002,0.005,0.002,-50.615,-278.941,387.280,176.199,-7.178,-121.254,1,-0.0323,0.0279,-0.0284,0
19066078,0.008,0.323,0.035,0.002,0.005,0.002,-50.615,-278.941,387.280,176.199,-7.178,-121.254,1,-0.0323,0.0279,-0.0284,0
19066125,0.005,0.320,0.043,0.002,0.005,0.001,-50.615,-278.941,387.280,176.199,-7.178,-121.254,1,-0.0323,0.0279,-0.0284,0
19066203,0.010,0.309,0.077,0.002,0.004,-0.000,-50.615,-278.941,387.280,176.199,-7.178,-121.254,1,-0.0323,0.0279,-0.0284,0
19066343,0.009,0.326,0.061,0.002,0.005,0.001,-50.615,-278.941,387.280,176.199,-7.178,-121.254,1,-0.0323,0.0279,-0.0284,0
19066437,0.010,0.320,0.065,0.002,0.005,0.001,-50.615,-278.941,387.280,176.199,-7.178,-121.254,1,-0.0323,0.0279,-0.0284,0
19066546,0.008,0.323,0.040,0.002,0.005,0.001,-50.615,-278.941,387.280,176.199,-7.178,-121.254,1,-0.0323,0.0279,-0.0284,0
19066625,0.015,0.300,0.130,0.001,0.004,-0.001,-50.615,-278.941,387.280,176.199,-7.178,-121.254,1,-0.0323,0.0279,-0.0284,0
19066718,0.016,0.331,0.024,0.002,0.004,0.001,-50.615,-278.941,387.280,176.199,-7.178,-121.254,1,-0.0323,0.0279,-0.0284,0
19066796,0.015,0.329,0.024,0.002,0.004,0.001,-50.615,-278.941,387.280,176.199,-7.178,-121.254,1,-0.0323,0.0279,-0.0284,0
19066859,0.015,0.337,0.053,0.002,0.004,0.001,-50.615,-278.941,387.280,176.199,-7.178,-121.254,1,-0.0323,0.0279,-0.0284,0
19066984,0.009,0.330,0.048,0.002,0.005,0.001,-50.615,-278.941,387.280,176.199,-7.178,-121.254,1,-0.0323,0.0279,-0.0284,0
19067093,0.013,0.323,0.074,0.002,0.005,-0.000,-50.615,-278.941,387.280,176.199,-7.178,-121.254,1,-0.0323,0.0279,-0.0284,0
19067218,0.021,0.312,0.123,0.001,0.004,-0.002,-50.615,-278.941,387.280,176.199,-7.178,-121.254,1,-0.0323,0.0279,-0.0284,0
19067265,0.019,0.311,0.087,0.002,0.005,-0.001,-50.615,-278.941,387.280,176.199,-7.178,-121.254,1,-0.0323,0.0279,-0.0284,0
19067312,0.031,0.313,0.066,0.002,0.004,-0.001,-50.615,-278.941,387.280,176.199,-7.178,-121.254,1,-0.0323,0.0279,-0.0284,0
19067406,0.020,0.310,0.080,0.001,0.004,-0.001,-50.615,-278.941,387.280,176.199,-7.178,-121.254,1,-0.0323,0.0279,-0.0284,0
19067531,0.019,0.319,0.095,0.001,0.004,-0.001,-50.615,-278.941,387.280,176.199,-7.178,-121.254,1,-0.0323,0.0279,-0.0284,0
19067625,0.050,0.324,0.087,0.002,0.004,0.000,-50.615,-278.941,387.280,176.199,-7.178,-121.254,1,-0.0323,0.0279,-0.0284,0
19067734,0.029,0.295,0.068,0.001,0.004,-0.000,-50.615,-278.941,387.280,176.199,-7.178,-121.254,1,-0.0323,0.0279,-0.0284,0
19067812,0.023,0.305,0.050,0.002,0.004,0.000,-50.615,-278.941,387.280,176.199,-7.178,-121.254,1,-0.0323,0.0279,-0.0284,0
19067906,0.009,0.324,0.029,0.003,0.005,0.002,-50.615,-278.941,387.280,176.199,-7.178,-121.254,1,-0.0323,0.0279,-0.0284,0
19067984,0.018,0.314,0.091,0.002,0.004,-0.000,-50.615,-278.941,387.280,176.199,-7.178,-121.254,1,-0.0323,0.0279,-0.0284,0
19068062,0.017,0.328,0.056,0.002,0.004,0.000,-50.615,-278.941,387.280,176.199,-7.178,-121.254,1,-0.0323,0.0279,-0.0284,0
19068171,0.015,0.324,0.060,0.002,0.004,0.000,-50.615,-278.941,387.280,176.199,-7.178,-121.254,1,-0.0323,0.0279,-0.0284,0
19068281,0.025,0.338,0.046,0.003,0.005,0.001,-50.615,-278.941,387.280,176.199,-7.178,-121.254,1,-0.0323,0.0279,-0.0284,0
19068421,0.027,0.323,0.092,0.001,0.004,-0.000,-50.615,-278.941,387.280,176.199,-7.178,-121.254,1,-0.0323,0.0279,-0.0284,0
19068468,0.015,0.319,0.059,0.002,0.004,0.001,-50.615,-278.941,387.280,176.199,-7.178,-121.254,1,-0.0323,0.0279,-0.0284,0
19068515,0.000,0.332,0.034,0.003,0.005,0.002,-50.615,-278.941,387.280,176.199,-7.178,-121.254,1,-0.0323,0.0279,-0.0284,0
19068593,0.018,0.325,0.051,0.003,0.004,0.001,-50.615,-278.941,387.280,176.199,-7.178,-121.254,1,-0.0323,0.0279,-0.0284,0
19068734,0.015,0.325,0.029,0.002,0.005,0.002,-50.615,-278.941,387.280,176.199,-7.178,-121.254,1,-0.0323,0.0279,-0.0284,0
19068828,0.012,0.339,0.004,0.002,0.005,0.003,-50.615,-278.941,387.280,176.199,-7.178,-121.254,1,-0.0323,0.0279,-0.0284,0
19068937,0.031,0.324,0.094,0.002,0.004,0.000,-50.615,-278.941,387.280,176.199,-7.178,-121.254,1,-0.0323,0.0279,-0.0284,0
19069015,0.035,0.316,0.097,0.001,0.004,-0.001,-50.615,-278.941,387.280,176.199,-7.178,-121.254,1,-0.0323,0.0279,-0.0284,0
19069109,0.003,0.326,0.023,0.002,0.005,0.002,-50.615,-278.941,387.280,176.199,-7.178,-121.254,1,-0.0323,0.0279,-0.0284,0
19069187,0.001,0.324,0.061,0.002,0.005,0.001,-50.615,-278.941,387.280,176.199,-7.178,-121.254,1,-0.0323,0.0279,-0.0284,0
19069265,-0.011,0.345,0.027,0.003,0.005,0.003,-50.615,-278.941,387.280,176.199,-7.178,-121.254,1,-0.0323,0.0279,-0.0284,0
19069375,0.027,0.309,0.044,0.001,0.004,0.000,-50.615,-278.941,387.280,176.199,-7.178,-121.254,1,-0.0323,0.0279,-0.0284,0
19069484,0.003,0.332,0.040,0.002,0.005,0.002,-50.615,-278.941,387.280,176.199,-7.178,-121.254,1,-0.0323,0.0279,-0.0284,0
19069625,0.019,0.319,0.080,0.002,0.005,0.000,-50.615,-278.941,387.280,176.199,-7.178,-121.254,1,-0.0323,0.0279,-0.0284,0
19069671,0.016,0.313,0.097,0.002,0.005,-0.000,-50.615,-278.941,387.280,176.199,-7.178,-121.254,1,-0.0323,0.0279,-0.0284,0
19069718,0.002,0.321,0.041,0.002,0.005,0.002,-50.615,-278.941,387.280,176.199,-7.178,-121.254,1,-0.0323,0.0279,-0.0284,0
19069796,0.020,0.331,0.040,0.002,0.004,0.001,-50.615,-278.941,387.280,176.199,-7.178,-121.254,1,-0.0323,0.0279,-0.0284,0
19069937,-0.005,0.319,0.039,0.003,0.005,0.003,-50.615,-278.941,387.280,176.199,-7.178,-121.254,1,-0.0323,0.0279,-0.0284,0
19070031,0.005,0.325,0.059,0.002,0.004,0.001,-50.615,-278.941,387.280,176.199,-7.178,-121.254,1,-0.0323,0.0279,-0.0284,0
19070140,0.003,0.328,0.084,0.003,0.005,0.001,-50.615,-278.941,387.280,176.199,-7.178,-121.254,1,-0.0323,0.0279,-0.0284,0
19070218,0.011,0.319,0.062,0.002,0.005,0.001,-50.615,-278.941,387.280,176.199,-7.178,-121.254,1,-0.0323,0.0279,-0.0284,0
19070312,0.008,0.321,0.052,0.002,0.004,0.001,-50.615,-278.941,387.280,176.199,-7.178,-121.254,1,-0.0323,0.0279,-0.0284,0
19070390,0.012,0.317,0.084,0.002,0.004,0.000,-50.615,-278.941,387.280,176.199,-7.178,-121.254,1,-0.0323,0.0279,-0.0284,0
19070468,0.012,0.320,0.038,0.002,0.004,0.001,-50.615,-278.941,387.280,176.199,-7.178,-121.254,1,-0.0323,0.0279,-0.0284,0
19070578,-0.009,0.318,0.056,0.002,0.005,0.001,-50.615,-278.941,387.280,176.199,-7.178,-121.254,1,-0.0323,0.0279,-0.0284,0
19070687,-0.006,0.343,0.055,0.003,0.005,0.002,-50.615,-278.941,387.280,176.199,-7.178,-121.254,1,-0.0323,0.0279,-0.0284,0
19070828,-0.023,0.347,0.079,0.003,0.005,0.002,-50.615,-278.941,387.280,176.199,-7.178,-121.254,1,-0.0323,0.0279,-0.0284,0
19070875,-0.008,0.324,0.108,0.003,0.005,0.001,-50.615,-278.941,387.280,176.199,-7.178,-121.254,1,-0.0323,0.0279,-0.0284,0
19070921,-0.004,0.311,0.074,0.002,0.005,0.001,-50.615,-278.941,387.280,176.199,-7.178,-121.254,1,-0.0323,0.0279,-0.0284,0
19071000,0.015,0.315,0.055,0.002,0.005,0.001,-50.615,-278.941,387.280,176.199,-7.178,-121.254,1,-0.0323,0.0279,-0.0284,0
19071140,0.010,0.316,0.072,0.002,0.004,0.000,-50.615,-278.941,387.280,176.199,-7.178,-121.254,1,-0.0323,0.0279,-0.0284,0
19071234,-0.016,0.305,0.050,0.002,0.005,0.002,-50.615,-278.941,387.280,176.199,-7.178,-121.254,1,-0.0323,0.0279,-0.0284,0
19071343,0.006,0.316,0.069,0.002,0.005,0.002,-50.615,-278.941,387.280,176.199,-7.178,-121.254,1,-0.0323,0.0279,-0.0284,0
19071421,0.007,0.319,0.064,0.002,0.005,0.001,-50.615,-278.941,387.280,176.199,-7.178,-121.254,1,-0.0323,0.0279,-0.0284,0
19071515,-0.003,0.334,0.056,0.003,0.005,0.003,-50.615,-278.941,387.280,176.199,-7.178,-121.254,1,-0.0323,0.0279,-0.0284,0
19071593,-0.001,0.324,0.063,0.003,0.005,0.002,-50.615,-278.941,387.280,176.199,-7.178,-121.254,1,-0.0323,0.0279,-0.0284,0
19071671,-0.001,0.316,0.059,0.002,0.005,0.001,-50.615,-278.941,387.280,176.199,-7.178,-121.254,1,-0.0323,0.0279,-0.0284,0
19071781,0.012,0.315,0.039,0.001,0.005,0.001,-50.615,-278.941,387.280,176.199,-7.178,-121.254,1,-0.0323,0.0279,-0.0284,0
19071890,-0.024,0.305,0.077,0.002,0.005,0.001,-50.615,-278.941,387.280,176.199,-7.178,-121.254,1,-0.0323,0.0279,-0.0284,0
19072031,-0.020,0.302,0.080,0.002,0.005,0.000,-50.615,-278.941,387.280,176.199,-7.178,-121.254,1,-0.0323,0.0279,-0.0284,0
19072078,0.010,0.298,0.054,0.001,0.004,0.000,-50.615,-278.941,387.280,176.199,-7.178,-121.254,1,-0.0323,0.0279,-0.0284,0
19072125,0.007,0.317,0.062,0.002,0.005,0.001,-50.615,-278.941,387.280,176.199,-7.178,-121.254,1,-0.0323,0.0279,-0.0284,0
19072203,0.003,0.320,0.057,0.001,0.005,0.001,-50.615,-278.941,387.280,176.199,-7.178,-121.254,1,-0.0323,0.0279,-0.0284,0
19072343,-0.002,0.317,0.103,0.002,0.005,-0.000,-50.615,-278.941,387.280,176.199,-7.178,-121.254,1,-0.0323,0.0279,-0.0284,0
19072437,0.006,0.316,0.068,0.002,0.005,0.001,-50.615,-278.941,387.280,176.199,-7.178,-121.254,1,-0.0323,0.0279,-0.0284,0
19072531,0.001,0.315,0.055,0.002,0.005,0.001,-50.615,-278.941,387.280,176.199,-7.178,-121.254,1,-0.0323,0.0279,-0.0284,0
19072609,-0.007,0.288,0.085,0.001,0.005,0.000,-50.615,-278.941,387.280,176.199,-7.178,-121.254,1,-0.0323,0.0279,-0.0284,0
19072703,0.009,0.313,0.078,0.001,0.005,0.000,-50.615,-278.941,387.280,176.199,-7.178,-121.254,1,-0.0323,0.0279,-0.0284,0
19072781,0.004,0.312,0.053,0.002,0.005,0.001,-50.615,-278.941,387.280,176.199,-7.178,-121.254,1,-0.0323,0.0279,-0.0284,0
19072859,0.001,0.322,0.036,0.002,0.005,0.002,-50.615,-278.941,387.280,176.199,-7.178,-121.254,1,-0.0323,0.0279,-0.0284,0
19072968,0.006,0.320,0.049,0.002,0.005,0.001,-50.615,-278.941,387.280,176.199,-7.178,-121.254,1,-0.0323,0.0279,-0.0284,0
19073078,0.011,0.317,0.064,0.002,0.004,0.000,-50.615,-278.941,387.280,176.199,-7.178,-121.254,1,-0.0323,0.0279,-0.0284,0
19073218,0.012,0.307,0.122,0.001,0.004,-0.001,-50.615,-278.941,387.280,176.199,-7.178,-121.254,1,-0.0323,0.0279,-0.0284,0
19073265,0.015,0.304,0.123,0.001,0.004,-0.001,-50.615,-278.941,387.280,176.199,-7.178,-121.254,1,-0.0323,0.0279,-0.0284,0
19073312,0.020,0.320,0.071,0.002,0.004,0.000,-50.615,-278.941,387.280,176.199,-7.178,-121.254,1,-0.0323,0.0279,-0.0284,0
19073390,0.011,0.324,0.044,0.002,0.004,0.001,-50.615,-278.941,387.280,176.199,-7.178,-121.254,1,-0.0323,0.0279,-0.0284,0
19073531,0.018,0.316,0.082,0.002,0.004,-0.000,-50.615,-278.941,387.280,176.199,-7.178,-121.254,1,-0.0323,0.0279,-0.0284,0
19073625,0.015,0.312,0.051,0.001,0.004,0.001,-50.615,-278.941,387.280,176.199,-7.178,-121.254,1,-0.0323,0.0279,-0.0284,0
19073671,0.007,0.320,0.079,0.002,0.004,0.000,-50.615,-278.941,387.280,176.199,-7.178,-121.254,1,-0.0323,0.0279,-0.0284,0
19073750,0.034,0.301,0.084,0.001,0.004,-0.000,-50.615,-278.941,387.280,176.199,-7.178,-121.254,1,-0.0323,0.0279,-0.0284,0
19073828,0.016,0.317,0.036,0.002,0.005,0.001,-50.615,-278.941,387.280,176.199,-7.178,-121.254,1,-0.0323,0.0279,-0.0284,0
19073906,0.032,0.313,0.042,0.001,0.004,0.001,-50.615,-278.941,387.280,176.199,-7.178,-121.254,1,-0.0323,0.0279,-0.0284,0
19074000,0.016,0.313,0.089,0.002,0.005,-0.000,-50.615,-278.941,387.280,176.199,-7.178,-121.254,1,-0.0323,0.0279,-0.0284,0
19074078,0.014,0.338,0.040,0.002,0.004,0.001,-50.615,-278.941,387.280,176.199,-7.178,-121.254,1,-0.0323,0.0279,-0.0284,0
19074187,0.031,0.349,0.040,0.002,0.004,0.000,-50.615,-278.941,387.280,176.199,-7.178,-121.254,1,-0.0323,0.0279,-0.0284,0
19074281,0.015,0.332,0.024,0.002,0.004,0.001,-50.615,-278.941,387.280,176.199,-7.178,-121.254,1,-0.0323,0.0279,-0.0284,0
19074421,0.016,0.318,0.081,0.002,0.005,-0.000,-50.615,-278.941,387.280,176.199,-7.178,-121.254,1,-0.0323,0.0279,-0.0284,0
19074468,0.010,0.323,0.067,0.002,0.005,0.001,-50.615,-278.941,387.280,176.199,-7.178,-121.254,1,-0.0323,0.0279,-0.0284,0
19074515,0.022,0.324,0.042,0.002,0.004,0.001,-50.615,-278.941,387.280,176.199,-7.178,-121.254,1,-0.0323,0.0279,-0.0284,0
19074593,0.015,0.329,0.011,0.002,0.004,0.002,-50.615,-278.941,387.280,176.199,-7.178,-121.254,1,-0.0323,0.0279,-0.0284,0
19074734,0.024,0.324,0.070,0.002,0.004,-0.000,-50.615,-278.941,387.280,176.199,-7.178,-121.254,1,-0.0323,0.0279,-0.0284,0
19074828,0.028,0.340,0.034,0.003,0.004,0.002,-50.615,-278.941,387.280,176.199,-7.178,-121.254,1,-0.0323,0.0279,-0.0284,0
19074937,0.038,0.322,0.076,0.002,0.004,-0.001,-50.615,-278.941,387.280,176.199,-7.178,-121.254,1,-0.0323,0.0279,-0.0284,0
19075015,-0.002,0.332,0.016,0.003,0.005,0.003,-50.615,-278.941,387.280,176.199,-7.178,-121.254,1,-0.0323,0.0279,-0.0284,0
19075109,0.035,0.291,0.087,0.001,0.004,-0.001,-50.615,-278.941,387.280,176.199,-7.178,-121.254,1,-0.0323,0.0279,-0.0284,0
19075187,0.036,0.288,0.063,0.001,0.004,-0.000,-50.615,-278.941,387.280,176.199,-7.178,-121.254,1,-0.0323,0.0279,-0.0284,0
19075265,0.030,0.304,0.009,0.001,0.004,0.002,-50.615,-278.941,387.280,176.199,-7.178,-121.254,1,-0.0323,0.0279,-0.0284,0
19075375,0.020,0.321,0.075,0.002,0.004,0.001,-50.615,-278.941,387.280,176.199,-7.178,-121.254,1,-0.0323,0.0279,-0.0284,0
19075484,0.033,0.327,0.054,0.002,0.004,0.001,-50.615,-278.941,387.280,176.199,-7.178,-121.254,1,-0.0323,0.0279,-0.0284,0
19075625,0.026,0.365,0.004,0.003,0.004,0.002,-50.615,-278.941,387.280,176.199,-7.178,-121.254,1,-0.0323,0.0279,-0.0284,0
19075671,0.025,0.327,0.049,0.002,0.004,0.001,-50.615,-278.941,387.280,176.199,-7.178,-121.254,1,-0.0323,0.0279,-0.0284,0
19075718,0.008,0.307,0.045,0.001,0.005,-0.000,-50.615,-278.941,387.280,176.199,-7.178,-121.254,1,-0.0323,0.0279,-0.0284,0
19075796,0.023,0.318,0.094,0.002,0.004,-0.001,-50.615,-278.941,387.280,176.199,-7.178,-121.254,1,-0.0323,0.0279,-0.0284,0
19075921,0.012,0.330,0.073,0.003,0.005,0.001,-50.615,-278.941,387.280,176.199,-7.178,-121.254,1,-0.0323,0.0279,-0.0284,0
19076015,0.021,0.330,0.056,0.002,0.004,0.001,-50.615,-278.941,387.280,176.199,-7.178,-121.254,1,-0.0323,0.0279,-0.0284,0
19076062,0.014,0.330,0.043,0.002,0.004,0.002,-50.615,-278.941,387.280,176.199,-7.178,-121.254,1,-0.0323,0.0279,-0.0284,0
19076140,0.030,0.332,0.054,0.002,0.004,0.001,-50.615,-278.941,387.280,176.199,-7.178,-121.254,1,-0.0323,0.0279,-0.0284,0
19076218,0.027,0.326,0.071,0.002,0.004,0.001,-50.615,-278.941,387.280,176.199,-7.178,-121.254,1,-0.0323,0.0279,-0.0284,0
19076296,0.010,0.328,0.058,0.003,0.005,0.002,-50.615,-278.941,387.280,176.199,-7.178,-121.254,1,-0.0323,0.0279,-0.0284,0
19076390,0.010,0.332,0.034,0.003,0.005,0.002,-50.615,-278.941,387.280,176.199,-7.178,-121.254,1,-0.0323,0.0279,-0.0284,0
19076468,0.011,0.318,0.054,0.002,0.005,0.001,-50.615,-278.941,387.280,176.199,-7.178,-121.254,1,-0.0323,0.0279,-0.0284,0
19076578,0.020,0.322,0.060,0.002,0.004,0.001,-50.615,-278.941,387.280,176.199,-7.178,-121.254,1,-0.0323,0.0279,-0.0284,0
19076671,0.015,0.327,0.069,0.002,0.005,0.001,-50.615,-278.941,387.280,176.199,-7.178,-121.254,1,-0.0323,0.0279,-0.0284,0
19076812,0.003,0.344,0.022,0.003,0.005,0.003,-50.615,-278.941,387.280,176.199,-7.178,-121.254,1,-0.0323,0.0279,-0.0284,0
19076859,0.018,0.347,0.033,0.003,0.005,0.002,-50.615,-278.941,387.280,176.199,-7.178,-121.254,1,-0.0323,0.0279,-0.0284,0
19076906,0.009,0.344,0.043,0.003,0.005,0.002,-50.615,-278.941,387.280,176.199,-7.178,-121.254,1,-0.0323,0.0279,-0.0284,0
19076984,0.004,0.335,0.054,0.003,0.005,0.002,-50.615,-278.941,387.280,176.199,-7.178,-121.254,1,-0.0323,0.0279,-0.0284,0
19077125,0.011,0.324,0.078,0.002,0.004,0.000,-50.615,-278.941,387.280,176.199,-7.178,-121.254,1,-0.0323,0.0279,-0.0284,0
19077218,0.005,0.340,0.028,0.003,0.005,0.003,-50.615,-278.941,387.280,176.199,-7.178,-121.254,1,-0.0323,0.0279,-0.0284,0
19077328,0.023,0.327,0.066,0.002,0.004,-0.000,-50.615,-278.941,387.280,176.199,-7.178,-121.254,1,-0.0323,0.0279,-0.0284,0
19077406,0.007,0.335,0.036,0.003,0.005,0.002,-50.615,-278.941,387.280,176.199,-7.178,-121.254,1,-0.0323,0.0279,-0.0284,0
19077500,0.013,0.332,0.071,0.002,0.004,0.001,-50.615,-278.941,387.280,176.199,-7.178,-121.254,1,-0.0323,0.0279,-0.0284,0
19077578,0.010,0.338,0.046,0.003,0.005,0.002,-50.615,-278.941,387.280,176.199,-7.178,-121.254,1,-0.0323,0.0279,-0.0284,0
19077656,0.030,0.334,0.042,0.002,0.004,0.001,-50.615,-278.941,387.280,176.199,-7.178,-121.254,1,-0.0323,0.0279,-0.0284,0
19077765,0.009,0.321,0.067,0.003,0.005,0.002,-50.615,-278.941,387.280,176.199,-7.178,-121.254,1,-0.0323,0.0279,-0.0284,0
19077875,0.014,0.319,0.060,0.002,0.004,0.000,-50.615,-278.941,387.280,176.199,-7.178,-121.254,1,-0.0323,0.0279,-0.0284,0
19078015,-0.005,0.348,0.027,0.003,0.005,0.004,-50.615,-278.941,387.280,176.199,-7.178,-121.254,1,-0.0323,0.0279,-0.0284,0
19078062,0.010,0.339,0.042,0.003,0.005,0.002,-50.615,-278.941,387.280,176.199,-7.178,-121.254,1,-0.0323,0.0279,-0.0284,0
19078109,0.027,0.323,0.086,0.002,0.004,-0.001,-50.615,-278.941,387.280,176.199,-7.178,-121.254,1,-0.0323,0.0279,-0.0284,0
19078187,0.012,0.330,0.067,0.002,0.005,0.001,-50.615,-278.941,387.280,176.199,-7.178,-121.254,1,-0.0323,0.0279,-0.0284,0
19078328,-0.010,0.350,0.047,0.003,0.005,0.003,-50.615,-278.941,387.280,176.199,-7.178,-121.254,1,-0.0323,0.0279,-0.0284,0
19078421,0.015,0.335,0.072,0.002,0.005,0.000,-50.615,-278.941,387.280,176.199,-7.178,-121.254,1,-0.0323,0.0279,-0.0284,0
19078531,0.030,0.334,0.071,0.002,0.004,0.001,-50.615,-278.941,387.280,176.199,-7.178,-121.254,1,-0.0323,0.0279,-0.0284,0
19078609,-0.006,0.362,0.035,0.004,0.005,0.002,-50.615,-278.941,387.280,176.199,-7.178,-121.254,1,-0.0323,0.0279,-0.0284,0
19078703,0.011,0.340,0.053,0.002,0.004,0.001,-50.615,-278.941,387.280,176.199,-7.178,-121.254,1,-0.0323,0.0279,-0.0284,0
19078781,0.013,0.339,0.055,0.003,0.005,0.002,-50.615,-278.941,387.280,176.199,-7.178,-121.254,1,-0.0323,0.0279,-0.0284,0
19078859,0.015,0.332,0.082,0.003,0.004,0.001,-50.615,-278.941,387.280,176.199,-7.178,-121.254,1,-0.0323,0.0279,-0.0284,0
19078968,0.000,0.341,0.057,0.003,0.005,0.003,-50.615,-278.941,387.280,176.199,-7.178,-121.254,1,-0.0323,0.0279,-0.0284,0
19079062,0.017,0.338,0.067,0.002,0.004,0.001,-50.615,-278.941,387.280,176.199,-7.178,-121.254,1,-0.0323,0.0279,-0.0284,0
19079203,-0.004,0.327,0.030,0.003,0.005,0.002,-50.615,-278.941,387.280,176.199,-7.178,-121.254,1,-0.0323,0.0279,-0.0284,0
19079265,-0.001,0.326,0.043,0.003,0.005,0.002,-50.615,-278.941,387.280,176.199,-7.178,-121.254,1,-0.0323,0.0279,-0.0284,0
19079375,0.024,0.332,0.050,0.002,0.004,0.001,-50.615,-278.941,387.280,176.199,-7.178,-121.254,1,-0.0323,0.0279,-0.0284,0
19079515,0.002,0.343,0.074,0.003,0.005,0.002,-50.615,-278.941,387.280,176.199,-7.178,-121.254,1,-0.0323,0.0279,-0.0284,0
19079609,0.019,0.339,0.033,0.002,0.004,0.002,-50.615,-278.941,387.280,176.199,-7.178,-121.254,1,-0.0323,0.0279,-0.0284,0
19079718,0.019,0.334,0.055,0.002,0.004,0.001,-50.615,-278.941,387.280,176.199,-7.178,-121.254,1,-0.0323,0.0279,-0.0284,0
19079796,0.000,0.339,0.060,0.003,0.005,0.001,-50.615,-278.941,387.280,176.199,-7.178,-121.254,1,-0.0323,0.0279,-0.0284,0
19079906,-0.002,0.330,0.062,0.003,0.004,0.001,-50.615,-278.941,387.280,176.199,-7.178,-121.254,1,-0.0323,0.0279,-0.0284,0
19079984,-0.011,0.336,0.074,0.003,0.005,0.001,-50.615,-278.941,387.280,176.199,-7.178,-121.254,1,-0.0323,0.0279,-0.0284,0
19080062,0.016,0.360,0.060,0.003,0.005,0.001,-50.615,-278.941,387.280,176.199,-7.178,-121.254,1,-0.0323,0.0279,-0.0284,0
19080156,0.021,0.342,0.058,0.002,0.004,0.001,-50.615,-278.941,387.280,176.199,-7.178,-121.254,1,-0.0323,0.0279,-0.0284,0
19080265,0.015,0.337,0.038,0.002,0.005,0.002,-50.615,-278.941,387.280,176.199,-7.178,-121.254,1,-0.0323,0.0279,-0.0284,0
19080421,0.008,0.331,0.059,0.003,0.004,0.002,-50.615,-278.941,387.280,176.199,-7.178,-121.254,1,-0.0323,0.0279,-0.0284,0
19080468,0.007,0.325,0.078,0.003,0.004,0.001,-50.615,-278.941,387.280,176.199,-7.178,-121.254,1,-0.0323,0.0279,-0.0284,0
19080515,0.023,0.345,0.049,0.002,0.004,0.001,-50.615,-278.941,387.280,176.199,-7.178,-121.254,1,-0.0323,0.0279,-0.0284,0
19080593,0.012,0.338,0.020,0.003,0.005,0.002,-50.615,-278.941,387.280,176.199,-7.178,-121.254,1,-0.0323,0.0279,-0.0284,0
19080718,0.005,0.317,0.066,0.002,0.005,0.001,-50.615,-278.941,387.280,176.199,-7.178,-121.254,1,-0.0323,0.0279,-0.0284,0
19080828,0.020,0.344,0.074,0.003,0.004,0.001,-50.615,-278.941,387.280,176.199,-7.178,-121.254,1,-0.0323,0.0279,-0.0284,0
19080921,0.027,0.338,0.062,0.002,0.004,0.001,-50.615,-278.941,387.280,176.199,-7.178,-121.254,1,-0.0323,0.0279,-0.0284,0
19081000,0.011,0.337,0.045,0.002,0.004,0.002,-50.615,-278.941,387.280,176.199,-7.178,-121.254,1,-0.0323,0.0279,-0.0284,0
19081093,0.019,0.338,0.069,0.002,0.004,0.001,-50.615,-278.941,387.280,176.199,-7.178,-121.254,1,-0.0323,0.0279,-0.0284,0
19081171,0.028,0.334,0.080,0.002,0.004,0.000,-50.615,-278.941,387.280,176.199,-7.178,-121.254,1,-0.0323,0.0279,-0.0284,0
19081250,0.013,0.331,0.070,0.002,0.004,0.000,-50.615,-278.941,387.280,176.199,-7.178,-121.254,1,-0.0323,0.0279,-0.0284,0
19081359,0.016,0.329,0.058,0.002,0.004,0.001,-50.615,-278.941,387.280,176.199,-7.178,-121.254,1,-0.0323,0.0279,-0.0284,0
19081468,0.015,0.336,0.068,0.002,0.004,0.001,-50.615,-278.941,387.280,176.199,-7.178,-121.254,1,-0.0323,0.0279,-0.0284,0
19081609,0.021,0.346,0.043,0.003,0.004,0.001,-50.615,-278.941,387.280,176.199,-7.178,-121.254,1,-0.0323,0.0279,-0.0284,0
19081656,0.016,0.361,0.060,0.003,0.005,0.001,-50.615,-278.941,387.280,176.199,-7.178,-121.254,1,-0.0323,0.0279,-0.0284,0
19081703,0.024,0.345,0.096,0.002,0.005,-0.000,-50.615,-278.941,387.280,176.199,-7.178,-121.254,1,-0.0323,0.0279,-0.0284,0
19081781,0.014,0.333,0.053,0.003,0.004,0.002,-50.615,-278.941,387.280,176.199,-7.178,-121.254,1,-0.0323,0.0279,-0.0284,0
19081921,0.020,0.330,0.055,0.002,0.004,0.001,-50.615,-278.941,387.280,176.199,-7.178,-121.254,1,-0.0323,0.0279,-0.0284,0
19082015,0.024,0.326,0.059,0.002,0.004,0.001,-50.615,-278.941,387.280,176.199,-7.178,-121.254,1,-0.0323,0.0279,-0.0284,0
19082125,0.011,0.306,0.070,0.002,0.005,0.001,-50.615,-278.941,387.280,176.199,-7.178,-121.254,1,-0.0323,0.0279,-0.0284,0
19082203,0.020,0.332,0.066,0.002,0.004,0.001,-50.615,-278.941,387.280,176.199,-7.178,-121.254,1,-0.0323,0.0279,-0.0284,0
19082296,0.025,0.338,0.060,0.002,0.004,0.001,-50.615,-278.941,387.280,176.199,-7.178,-121.254,1,-0.0323,0.0279,-0.0284,0
19082375,0.018,0.343,0.060,0.002,0.005,0.002,-50.615,-278.941,387.280,176.199,-7.178,-121.254,1,-0.0323,0.0279,-0.0284,0
19082453,0.017,0.341,0.086,0.002,0.004,0.001,-50.615,-278.941,387.280,176.199,-7.178,-121.254,1,-0.0323,0.0279,-0.0284,0
19082562,0.017,0.332,0.057,0.002,0.004,0.001,-50.615,-278.941,387.280,176.199,-7.178,-121.254,1,-0.0323,0.0279,-0.0284,0
19082671,0.024,0.333,0.039,0.002,0.004,0.002,-50.615,-278.941,387.280,176.199,-7.178,-121.254,1,-0.0323,0.0279,-0.0284,0
19082812,0.009,0.329,0.048,0.002,0.005,0.001,-50.615,-278.941,387.280,176.199,-7.178,-121.254,1,-0.0323,0.0279,-0.0284,0
19082859,0.019,0.322,0.077,0.001,0.005,-0.000,-50.615,-278.941,387.280,176.199,-7.178,-121.254,1,-0.0323,0.0279,-0.0284,0
19082906,0.014,0.322,0.080,0.002,0.004,0.000,-50.615,-278.941,387.280,176.199,-7.178,-121.254,1,-0.0323,0.0279,-0.0284,0
19082984,0.033,0.353,0.046,0.002,0.004,0.002,-50.615,-278.941,387.280,176.199,-7.178,-121.254,1,-0.0323,0.0279,-0.0284,0
19083125,0.027,0.324,0.041,0.001,0.004,0.001,-50.615,-278.941,387.280,176.199,-7.178,-121.254,1,-0.0323,0.0279,-0.0284,0
19083218,0.031,0.329,0.051,0.002,0.004,0.001,-50.615,-278.941,387.280,176.199,-7.178,-121.254,1,-0.0323,0.0279,-0.0284,0
19083328,0.016,0.339,0.081,0.003,0.004,0.001,-50.615,-278.941,387.280,176.199,-7.178,-121.254,1,-0.0323,0.0279,-0.0284,0
19083406,0.024,0.318,0.074,0.002,0.004,0.001,-50.615,-278.941,387.280,176.199,-7.178,-121.254,1,-0.0323,0.0279,-0.0284,0
19083500,0.035,0.324,0.061,0.002,0.004,0.001,-50.615,-278.941,387.280,176.199,-7.178,-121.254,1,-0.0323,0.0279,-0.0284,0
19083578,0.030,0.328,0.040,0.002,0.004,0.001,-50.615,-278.941,387.280,176.199,-7.178,-121.254,1,-0.0323,0.0279,-0.0284,0
19083656,0.010,0.309,0.075,0.002,0.005,0.001,-50.615,-278.941,387.280,176.199,-7.178,-121.254,1,-0.0323,0.0279,-0.0284,0
19083765,0.045,0.328,0.070,0.002,0.004,0.000,-50.615,-278.941,387.280,176.199,-7.178,-121.254,1,-0.0323,0.0279,-0.0284,0
19083875,0.032,0.330,0.027,0.002,0.004,0.002,-50.615,-278.941,387.280,176.199,-7.178,-121.254,1,-0.0323,0.0279,-0.0284,0
19084015,0.029,0.338,0.035,0.002,0.004,0.002,-50.615,-278.941,387.280,176.199,-7.178,-121.254,1,-0.0323,0.0279,-0.0284,0
19084062,0.027,0.335,0.044,0.002,0.004,0.002,-50.615,-278.941,387.280,176.199,-7.178,-121.254,1,-0.0323,0.0279,-0.0284,0
19084109,0.032,0.328,0.058,0.002,0.004,0.001,-50.615,-278.941,387.280,176.199,-7.178,-121.254,1,-0.0323,0.0279,-0.0284,0
19084187,0.020,0.326,0.067,0.002,0.005,0.001,-50.615,-278.941,387.280,176.199,-7.178,-121.254,1,-0.0323,0.0279,-0.0284,0
19084312,0.032,0.327,0.062,0.002,0.004,0.000,-50.615,-278.941,387.280,176.199,-7.178,-121.254,1,-0.0323,0.0279,-0.0284,0
19084421,0.025,0.344,0.095,0.003,0.005,0.001,-50.615,-278.941,387.280,176.199,-7.178,-121.254,1,-0.0323,0.0279,-0.0284,0
19084515,0.032,0.333,0.051,0.002,0.004,0.001,-50.615,-278.941,387.280,176.199,-7.178,-121.254,1,-0.0323,0.0279,-0.0284,0
19084593,0.034,0.334,0.049,0.002,0.004,0.001,-50.615,-278.941,387.280,176.199,-7.178,-121.254,1,-0.0323,0.0279,-0.0284,0
19084687,0.034,0.331,0.065,0.002,0.004,0.001,-50.615,-278.941,387.280,176.199,-7.178,-121.254,1,-0.0323,0.0279,-0.0284,0
19084781,0.031,0.329,0.059,0.002,0.004,0.001,-50.615,-278.941,387.280,176.199,-7.178,-121.254,1,-0.0323,0.0279,-0.0284,0
19084859,0.038,0.312,0.065,0.002,0.004,0.001,-50.615,-278.941,387.280,176.199,-7.178,-121.254,1,-0.0323,0.0279,-0.0284,0
19084968,0.021,0.300,0.067,0.002,0.004,0.001,-50.615,-278.941,387.280,176.199,-7.178,-121.254,1,-0.0323,0.0279,-0.0284,0
19085078,0.019,0.305,0.095,0.001,0.004,0.001,-50.615,-278.941,387.280,176.199,-7.178,-121.254,1,-0.0323,0.0279,-0.0284,0
19085203,0.036,0.330,0.039,0.002,0.004,0.001,-50.615,-278.941,387.280,176.199,-7.178,-121.254,1,-0.0323,0.0279,-0.0284,0
19085250,0.027,0.331,0.031,0.002,0.004,0.002,-50.615,-278.941,387.280,176.199,-7.178,-121.254,1,-0.0323,0.0279,-0.0284,0
19085312,0.030,0.331,0.050,0.003,0.004,0.002,-50.615,-278.941,387.280,176.199,-7.178,-121.254,1,-0.0323,0.0279,-0.0284,0
19085390,0.025,0.321,0.068,0.002,0.004,0.001,-50.615,-278.941,387.280,176.199,-7.178,-121.254,1,-0.0323,0.0279,-0.0284,0
19085531,0.039,0.318,0.040,0.002,0.004,0.002,-50.615,-278.941,387.280,176.199,-7.178,-121.254,1,-0.0323,0.0279,-0.0284,0
19085609,0.008,0.315,0.105,0.002,0.004,0.001,-50.615,-278.941,387.280,176.199,-7.178,-121.254,1,-0.0323,0.0279,-0.0284,0
19085718,0.025,0.317,0.073,0.002,0.005,0.000,-50.615,-278.941,387.280,176.199,-7.178,-121.254,1,-0.0323,0.0279,-0.0284,0
19085796,0.032,0.321,0.050,0.002,0.004,0.001,-50.615,-278.941,387.280,176.199,-7.178,-121.254,1,-0.0323,0.0279,-0.0284,0
19085890,0.036,0.342,0.079,0.003,0.004,0.001,-50.615,-278.941,387.280,176.199,-7.178,-121.254,1,-0.0323,0.0279,-0.0284,0
19085968,0.021,0.359,0.081,0.003,0.004,0.001,-50.615,-278.941,387.280,176.199,-7.178,-121.254,1,-0.0323,0.0279,-0.0284,0
19086046,0.040,0.313,0.047,0.002,0.004,0.001,-50.615,-278.941,387.280,176.199,-7.178,-121.254,1,-0.0323,0.0279,-0.0284,0
19086156,0.029,0.326,0.025,0.002,0.004,0.002,-50.615,-278.941,387.280,176.199,-7.178,-121.254,1,-0.0323,0.0279,-0.0284,0
19086281,0.027,0.324,0.073,0.002,0.004,0.000,-50.615,-278.941,387.280,176.199,-7.178,-121.254,1,-0.0323,0.0279,-0.0284,0
19086421,0.033,0.320,0.045,0.002,0.004,0.001,-50.615,-278.941,387.280,176.199,-7.178,-121.254,1,-0.0323,0.0279,-0.0284,0
19086468,0.020,0.303,0.073,0.001,0.004,0.002,-50.615,-278.941,387.280,176.199,-7.178,-121.254,1,-0.0323,0.0279,-0.0284,0
19086515,0.031,0.318,0.065,0.002,0.004,0.001,-50.615,-278.941,387.280,176.199,-7.178,-121.254,1,-0.0323,0.0279,-0.0284,0
19086593,0.035,0.317,0.069,0.002,0.004,0.000,-50.615,-278.941,387.280,176.199,-7.178,-121.254,1,-0.0323,0.0279,-0.0284,0
19086718,0.037,0.323,0.058,0.002,0.004,0.001,-50.615,-278.941,387.280,176.199,-7.178,-121.254,1,-0.0323,0.0279,-0.0284,0
19086812,0.033,0.323,0.065,0.003,0.004,0.002,-50.615,-278.941,387.280,176.199,-7.178,-121.254,1,-0.0323,0.0279,-0.0284,0
19086859,0.031,0.323,0.061,0.002,0.004,0.002,-50.615,-278.941,387.280,176.199,-7.178,-121.254,1,-0.0323,0.0279,-0.0284,0
19086921,0.034,0.317,0.063,0.002,0.004,0.001,-50.615,-278.941,387.280,176.199,-7.178,-121.254,1,-0.0323,0.0279,-0.0284,0
19087000,0.019,0.314,0.069,0.002,0.004,0.002,-50.615,-278.941,387.280,176.199,-7.178,-121.254,1,-0.0323,0.0279,-0.0284,0
19087093,0.040,0.319,0.052,0.002,0.004,0.001,-50.615,-278.941,387.280,176.199,-7.178,-121.254,1,-0.0323,0.0279,-0.0284,0
19087171,0.020,0.305,0.094,0.001,0.004,0.000,-50.615,-278.941,387.280,176.199,-7.178,-121.254,1,-0.0323,0.0279,-0.0284,0
19087250,0.043,0.317,0.069,0.002,0.004,0.000,-50.615,-278.941,387.280,176.199,-7.178,-121.254,1,-0.0323,0.0279,-0.0284,0
19087359,0.038,0.335,0.049,0.002,0.004,0.001,-50.615,-278.941,387.280,176.199,-7.178,-121.254,1,-0.0323,0.0279,-0.0284,0
19087468,0.027,0.343,0.073,0.003,0.004,0.001,-50.615,-278.941,387.280,176.199,-7.178,-121.254,1,-0.0323,0.0279,-0.0284,0
19087609,0.041,0.315,0.068,0.002,0.004,0.001,-50.615,-278.941,387.280,176.199,-7.178,-121.254,1,-0.0323,0.0279,-0.0284,0
19087656,0.044,0.319,0.058,0.002,0.004,0.001,-50.615,-278.941,387.280,176.199,-7.178,-121.254,1,-0.0323,0.0279,-0.0284,0
19087703,0.023,0.336,0.065,0.003,0.005,0.001,-50.615,-278.941,387.280,176.199,-7.178,-121.254,1,-0.0323,0.0279,-0.0284,0
19087781,0.026,0.332,0.062,0.002,0.004,0.001,-50.615,-278.941,387.280,176.199,-7.178,-121.254,1,-0.0323,0.0279,-0.0284,0
19087921,0.035,0.320,0.045,0.001,0.004,0.001,-50.615,-278.941,387.280,176.199,-7.178,-121.254,1,-0.0323,0.0279,-0.0284,0
19088015,0.031,0.319,0.055,0.002,0.004,0.001,-50.615,-278.941,387.280,176.199,-7.178,-121.254,1,-0.0323,0.0279,-0.0284,0
19088125,0.029,0.319,0.071,0.002,0.004,0.002,-50.615,-278.941,387.280,176.199,-7.178,-121.254,1,-0.0323,0.0279,-0.0284,0
19088203,0.040,0.329,0.088,0.002,0.004,0.001,-50.615,-278.941,387.280,176.199,-7.178,-121.254,1,-0.0323,0.0279,-0.0284,0
19088296,0.032,0.325,0.051,0.002,0.004,0.001,-50.615,-278.941,387.280,176.199,-7.178,-121.254,1,-0.0323,0.0279,-0.0284,0
19088375,0.024,0.326,0.068,0.003,0.004,0.002,-50.615,-278.941,387.280,176.199,-7.178,-121.254,1,-0.0323,0.0279,-0.0284,0
19088453,0.014,0.330,0.056,0.003,0.005,0.003,-50.615,-278.941,387.280,176.199,-7.178,-121.254,1,-0.0323,0.0279,-0.0284,0
19088562,0.033,0.323,0.059,0.002,0.004,0.001,-50.615,-278.941,387.280,176.199,-7.178,-121.254,1,-0.0323,0.0279,-0.0284,0
19088671,0.043,0.319,0.078,0.002,0.004,0.000,-50.615,-278.941,387.280,176.199,-7.178,-121.254,1,-0.0323,0.0279,-0.0284,0
19088812,0.008,0.315,0.052,0.003,0.005,0.002,-50.615,-278.941,387.280,176.199,-7.178,-121.254,1,-0.0323,0.0279,-0.0284,0
19088859,0.034,0.316,0.073,0.002,0.004,0.000,-50.615,-278.941,387.280,176.199,-7.178,-121.254,1,-0.0323,0.0279,-0.0284,0
19088906,0.040,0.339,0.105,0.003,0.004,-0.000,-50.615,-278.941,387.280,176.199,-7.178,-121.254,1,-0.0323,0.0279,-0.0284,0
19088984,0.045,0.324,0.055,0.002,0.004,0.001,-50.615,-278.941,387.280,176.199,-7.178,-121.254,1,-0.0323,0.0279,-0.0284,0
19089125,0.028,0.350,0.035,0.003,0.004,0.003,-50.615,-278.941,387.280,176.199,-7.178,-121.254,1,-0.0323,0.0279,-0.0284,0
19089218,0.025,0.339,0.059,0.002,0.004,0.002,-50.615,-278.941,387.280,176.199,-7.178,-121.254,1,-0.0323,0.0279,-0.0284,0
19089328,0.024,0.334,0.055,0.002,0.004,0.001,-50.615,-278.941,387.280,176.199,-7.178,-121.254,1,-0.0323,0.0279,-0.0284,0
19089406,0.019,0.333,0.080,0.003,0.004,0.000,-50.615,-278.941,387.280,176.199,-7.178,-121.254,1,-0.0323,0.0279,-0.0284,0
19089500,0.040,0.327,0.057,0.002,0.004,0.001,-50.615,-278.941,387.280,176.199,-7.178,-121.254,1,-0.0323,0.0279,-0.0284,0
19089578,0.033,0.317,0.065,0.003,0.004,0.002,-50.615,-278.941,387.280,176.199,-7.178,-121.254,1,-0.0323,0.0279,-0.0284,0
19089640,0.039,0.332,0.065,0.002,0.004,0.002,-50.615,-278.941,387.280,176.199,-7.178,-121.254,1,-0.0323,0.0279,-0.0284,0
19089750,0.043,0.325,0.062,0.002,0.003,0.001,-50.615,-278.941,387.280,176.199,-7.178,-121.254,1,-0.0323,0.0279,-0.0284,0
19089859,0.031,0.340,0.035,0.003,0.005,0.003,-50.615,-278.941,387.280,176.199,-7.178,-121.254,1,-0.0323,0.0279,-0.0284,0
19090000,0.054,0.322,0.067,0.002,0.004,0.000,-50.615,-278.941,387.280,176.199,-7.178,-121.254,1,-0.0323,0.0279,-0.0284,0
19090046,0.058,0.332,0.042,0.002,0.004,0.001,-50.615,-278.941,387.280,176.199,-7.178,-121.254,1,-0.0323,0.0279,-0.0284,0
19090093,0.049,0.325,0.045,0.002,0.004,0.001,-50.615,-278.941,387.280,176.199,-7.178,-121.254,1,-0.0323,0.0279,-0.0284,0
19090171,0.033,0.319,0.056,0.002,0.004,0.002,-50.615,-278.941,387.280,176.199,-7.178,-121.254,1,-0.0323,0.0279,-0.0284,0
19090312,0.045,0.325,0.080,0.003,0.004,0.000,-50.615,-278.941,387.280,176.199,-7.178,-121.254,1,-0.0323,0.0279,-0.0284,0
19090406,0.042,0.328,0.056,0.002,0.004,0.001,-50.615,-278.941,387.280,176.199,-7.178,-121.254,1,-0.0323,0.0279,-0.0284,0
19090515,0.049,0.320,0.044,0.002,0.004,0.001,-50.615,-278.941,387.280,176.199,-7.178,-121.254,1,-0.0323,0.0279,-0.0284,0
19090593,0.041,0.338,0.047,0.002,0.004,0.001,-50.615,-278.941,387.280,176.199,-7.178,-121.254,1,-0.0323,0.0279,-0.0284,0
19090687,0.036,0.339,0.058,0.003,0.004,0.002,-50.615,-278.941,387.280,176.199,-7.178,-121.254,1,-0.0323,0.0279,-0.0284,0
19090765,0.030,0.334,0.053,0.003,0.005,0.002,-50.615,-278.941,387.280,176.199,-7.178,-121.254,1,-0.0323,0.0279,-0.0284,0
19090843,0.049,0.325,0.062,0.002,0.004,0.001,-50.615,-278.941,387.280,176.199,-7.178,-121.254,1,-0.0323,0.0279,-0.0284,0
19090953,0.030,0.334,0.048,0.003,0.004,0.001,-50.615,-278.941,387.280,176.199,-7.178,-121.254,1,-0.0323,0.0279,-0.0284,0
19091062,0.015,0.334,0.056,0.003,0.005,0.002,-50.615,-278.941,387.280,176.199,-7.178,-121.254,1,-0.0323,0.0279,-0.0284,0
19091203,0.037,0.333,0.056,0.002,0.004,0.002,-50.615,-278.941,387.280,176.199,-7.178,-121.254,1,-0.0323,0.0279,-0.0284,0
19091250,0.040,0.334,0.070,0.002,0.004,0.001,-50.615,-278.941,387.280,176.199,-7.178,-121.254,1,-0.0323,0.0279,-0.0284,0
19091296,0.043,0.329,0.074,0.002,0.003,0.001,-50.615,-278.941,387.280,176.199,-7.178,-121.254,1,-0.0323,0.0279,-0.0284,0
19091375,0.042,0.330,0.044,0.003,0.004,0.003,-50.615,-278.941,387.280,176.199,-7.178,-121.254,1,-0.0323,0.0279,-0.0284,0
19091515,0.040,0.330,0.058,0.002,0.004,0.001,-50.615,-278.941,387.280,176.199,-7.178,-121.254,1,-0.0323,0.0279,-0.0284,0
19091609,0.060,0.328,0.057,0.002,0.004,0.001,-50.615,-278.941,387.280,176.199,-7.178,-121.254,1,-0.0323,0.0279,-0.0284,0
19091718,0.045,0.322,0.065,0.002,0.004,0.001,-50.615,-278.941,387.280,176.199,-7.178,-121.254,1,-0.0323,0.0279,-0.0284,0
19091796,0.035,0.331,0.051,0.002,0.004,0.002,-50.615,-278.941,387.280,176.199,-7.178,-121.254,1,-0.0323,0.0279,-0.0284,0
19091890,0.037,0.305,0.052,0.002,0.004,0.001,-50.615,-278.941,387.280,176.199,-7.178,-121.254,1,-0.0323,0.0279,-0.0284,0
19091968,0.031,0.335,0.005,0.003,0.004,0.003,-50.615,-278.941,387.280,176.199,-7.178,-121.254,1,-0.0323,0.0279,-0.0284,0
19092046,0.057,0.317,0.054,0.002,0.004,0.000,-50.615,-278.941,387.280,176.199,-7.178,-121.254,1,-0.0323,0.0279,-0.0284,0
19092156,0.039,0.328,0.066,0.003,0.004,0.002,-50.615,-278.941,387.280,176.199,-7.178,-121.254,1,-0.0323,0.0279,-0.0284,0
19092265,0.026,0.340,0.036,0.004,0.004,0.003,-50.615,-278.941,387.280,176.199,-7.178,-121.254,1,-0.0323,0.0279,-0.0284,0
19092406,0.054,0.346,0.026,0.002,0.003,0.002,-50.615,-278.941,387.280,176.199,-7.178,-121.254,1,-0.0323,0.0279,-0.0284,0
19092453,0.059,0.330,0.042,0.002,0.003,0.001,-50.615,-278.941,387.280,176.199,-7.178,-121.254,1,-0.0323,0.0279,-0.0284,0
19092500,0.050,0.328,0.041,0.003,0.004,0.002,-50.615,-278.941,387.280,176.199,-7.178,-121.254,1,-0.0323,0.0279,-0.0284,0
19092578,0.035,0.314,0.071,0.002,0.004,0.000,-50.615,-278.941,387.280,176.199,-7.178,-121.254,1,-0.0323,0.0279,-0.0284,0
19092718,0.041,0.323,0.054,0.002,0.004,0.001,-50.615,-278.941,387.280,176.199,-7.178,-121.254,1,-0.0323,0.0279,-0.0284,0
19092812,0.043,0.334,0.050,0.002,0.004,0.001,-50.615,-278.941,387.280,176.199,-7.178,-121.254,1,-0.0323,0.0279,-0.0284,0
19092921,0.051,0.321,0.058,0.002,0.004,0.001,-50.615,-278.941,387.280,176.199,-7.178,-121.254,1,-0.0323,0.0279,-0.0284,0
19093000,0.046,0.334,0.052,0.002,0.004,0.002,-50.615,-278.941,387.280,176.199,-7.178,-121.254,1,-0.0323,0.0279,-0.0284,0
19093093,0.064,0.323,0.088,0.002,0.004,-0.000,-50.615,-278.941,387.280,176.199,-7.178,-121.254,1,-0.0323,0.0279,-0.0284,0
19093171,0.062,0.328,0.049,0.002,0.004,0.001,-50.615,-278.941,387.280,176.199,-7.178,-121.254,1,-0.0323,0.0279,-0.0284,0
19093250,0.054,0.324,0.028,0.003,0.004,0.002,-50.615,-278.941,387.280,176.199,-7.178,-121.254,1,-0.0323,0.0279,-0.0284,0
19093359,0.042,0.320,0.043,0.002,0.004,0.001,-50.615,-278.941,387.280,176.199,-7.178,-121.254,1,-0.0323,0.0279,-0.0284,0
19093468,0.054,0.311,0.054,0.001,0.003,0.000,-50.615,-278.941,387.280,176.199,-7.178,-121.254,1,-0.0323,0.0279,-0.0284,0
19093609,0.047,0.326,0.010,0.002,0.004,0.003,-50.615,-278.941,387.280,176.199,-7.178,-121.254,1,-0.0323,0.0279,-0.0284,0
19093656,0.046,0.330,0.038,0.002,0.004,0.002,-50.615,-278.941,387.280,176.199,-7.178,-121.254,1,-0.0323,0.0279,-0.0284,0
19093703,0.063,0.315,0.073,0.001,0.004,-0.000,-50.615,-278.941,387.280,176.199,-7.178,-121.254,1,-0.0323,0.0279,-0.0284,0
19093781,0.060,0.322,0.054,0.002,0.004,0.001,-50.615,-278.941,387.280,176.199,-7.178,-121.254,1,-0.0323,0.0279,-0.0284,0
19093921,0.063,0.320,0.038,0.002,0.003,0.002,-50.615,-278.941,387.280,176.199,-7.178,-121.254,1,-0.0323,0.0279,-0.0284,0
19094015,0.073,0.317,0.066,0.001,0.003,0.000,-50.615,-278.941,387.280,176.199,-7.178,-121.254,1,-0.0323,0.0279,-0.0284,0
19094125,0.044,0.314,0.057,0.002,0.004,0.001,-50.615,-278.941,387.280,176.199,-7.178,-121.254,1,-0.0323,0.0279,-0.0284,0
19094203,0.044,0.318,0.025,0.002,0.004,0.001,-50.615,-278.941,387.280,176.199,-7.178,-121.254,1,-0.0323,0.0279,-0.0284,0
19094296,0.052,0.309,0.081,0.002,0.004,-0.000,-50.615,-278.941,387.280,176.199,-7.178,-121.254,1,-0.0323,0.0279,-0.0284,0
19094375,0.046,0.326,0.057,0.002,0.004,0.001,-50.615,-278.941,387.280,176.199,-7.178,-121.254,1,-0.0323,0.0279,-0.0284,0
19094453,0.036,0.315,0.045,0.001,0.004,0.001,-50.615,-278.941,387.280,176.199,-7.178,-121.254,1,-0.0323,0.0279,-0.0284,0
19094562,0.048,0.320,0.063,0.002,0.004,0.001,-50.615,-278.941,387.280,176.199,-7.178,-121.254,1,-0.0323,0.0279,-0.0284,0
19094671,0.045,0.321,0.058,0.002,0.004,0.001,-50.615,-278.941,387.280,176.199,-7.178,-121.254,1,-0.0323,0.0279,-0.0284,0
19094812,0.032,0.321,0.037,0.003,0.004,0.002,-50.615,-278.941,387.280,176.199,-7.178,-121.254,1,-0.0323,0.0279,-0.0284,0
19094859,0.046,0.315,0.062,0.002,0.004,0.000,-50.615,-278.941,387.280,176.199,-7.178,-121.254,1,-0.0323,0.0279,-0.0284,0
19094906,0.047,0.312,0.065,0.001,0.004,-0.000,-50.615,-278.941,387.280,176.199,-7.178,-121.254,1,-0.0323,0.0279,-0.0284,0
19094984,0.038,0.313,0.062,0.002,0.004,0.001,-50.615,-278.941,387.280,176.199,-7.178,-121.254,1,-0.0323,0.0279,-0.0284,0
19095125,0.037,0.313,0.036,0.002,0.004,0.002,-50.615,-278.941,387.280,176.199,-7.178,-121.254,1,-0.0323,0.0279,-0.0284,0
19095218,0.049,0.305,0.070,0.001,0.004,0.000,-50.615,-278.941,387.280,176.199,-7.178,-121.254,1,-0.0323,0.0279,-0.0284,0
19095328,0.054,0.310,0.025,0.002,0.004,0.001,-50.615,-278.941,387.280,176.199,-7.178,-121.254,1,-0.0323,0.0279,-0.0284,0
19095406,0.055,0.315,0.017,0.001,0.003,0.002,-50.615,-278.941,387.280,176.199,-7.178,-121.254,1,-0.0323,0.0279,-0.0284,0
19095500,0.035,0.306,0.078,0.001,0.004,-0.000,-50.615,-278.941,387.280,176.199,-7.178,-121.254,1,-0.0323,0.0279,-0.0284,0
19095578,0.038,0.288,0.033,0.001,0.004,0.001,-50.615,-278.941,387.280,176.199,-7.178,-121.254,1,-0.0323,0.0279,-0.0284,0
19095656,0.044,0.302,0.041,0.001,0.004,0.001,-50.615,-278.941,387.280,176.199,-7.178,-121.254,1,-0.0323,0.0279,-0.0284,0
19095765,0.043,0.299,0.061,0.002,0.004,0.001,-50.615,-278.941,387.280,176.199,-7.178,-121.254,1,-0.0323,0.0279,-0.0284,0
19095875,0.035,0.299,0.079,0.002,0.004,-0.000,-50.615,-278.941,387.280,176.199,-7.178,-121.254,1,-0.0323,0.0279,-0.0284,0
19096015,0.032,0.316,0.040,0.002,0.004,0.002,-50.615,-278.941,387.280,176.199,-7.178,-121.254,1,-0.0323,0.0279,-0.0284,0
19096062,0.045,0.312,0.062,0.002,0.004,0.001,-50.615,-278.941,387.280,176.199,-7.178,-121.254,1,-0.0323,0.0279,-0.0284,0
19096109,0.040,0.305,0.086,0.002,0.004,0.000,-50.615,-278.941,387.280,176.199,-7.178,-121.254,1,-0.0323,0.0279,-0.0284,0
19096187,0.047,0.322,0.051,0.002,0.004,0.001,-50.615,-278.941,387.280,176.199,-7.178,-121.254,1,-0.0323,0.0279,-0.0284,0
19096328,0.025,0.312,0.047,0.001,0.004,0.001,-50.615,-278.941,387.280,176.199,-7.178,-121.254,1,-0.0323,0.0279,-0.0284,0
19096421,0.029,0.315,0.092,0.002,0.004,0.000,-50.615,-278.941,387.280,176.199,-7.178,-121.254,1,-0.0323,0.0279,-0.0284,0
19096531,0.023,0.308,0.054,0.001,0.004,0.001,-50.615,-278.941,387.280,176.199,-7.178,-121.254,1,-0.0323,0.0279,-0.0284,0
19096609,0.029,0.311,0.033,0.002,0.004,0.002,-50.615,-278.941,387.280,176.199,-7.178,-121.254,1,-0.0323,0.0279,-0.0284,0
19096703,0.021,0.304,0.085,0.001,0.004,-0.000,-50.615,-278.941,387.280,176.199,-7.178,-121.254,1,-0.0323,0.0279,-0.0284,0
19096781,0.028,0.302,0.055,0.001,0.004,0.001,-50.615,-278.941,387.280,176.199,-7.178,-121.254,1,-0.0323,0.0279,-0.0284,0
19096859,0.042,0.304,0.045,0.002,0.004,0.001,-50.615,-278.941,387.280,176.199,-7.178,-121.254,1,-0.0323,0.0279,-0.0284,0
19096968,0.025,0.299,0.075,0.001,0.005,0.000,-50.615,-278.941,387.280,176.199,-7.178,-121.254,1,-0.0323,0.0279,-0.0284,0
19097078,0.029,0.315,0.084,0.002,0.004,0.000,-50.615,-278.941,387.280,176.199,-7.178,-121.254,1,-0.0323,0.0279,-0.0284,0
19097218,0.020,0.303,0.049,0.002,0.005,0.002,-50.615,-278.941,387.280,176.199,-7.178,-121.254,1,-0.0323,0.0279,-0.0284,0
19097265,0.015,0.317,0.017,0.002,0.005,0.002,-50.615,-278.941,387.280,176.199,-7.178,-121.254,1,-0.0323,0.0279,-0.0284,0
19097312,0.024,0.306,0.047,0.002,0.004,0.001,-50.615,-278.941,387.280,176.199,-7.178,-121.254,1,-0.0323,0.0279,-0.0284,0
19097390,0.023,0.290,0.086,0.001,0.004,0.000,-50.615,-278.941,387.280,176.199,-7.178,-121.254,1,-0.0323,0.0279,-0.0284,0
19097531,0.022,0.290,0.069,0.001,0.004,0.001,-50.615,-278.941,387.280,176.199,-7.178,-121.254,1,-0.0323,0.0279,-0.0284,0
19097609,0.023,0.295,0.064,0.002,0.004,0.001,-50.615,-278.941,387.280,176.199,-7.178,-121.254,1,-0.0323,0.0279,-0.0284,0
19097718,0.005,0.297,0.066,0.002,0.004,0.001,-50.615,-278.941,387.280,176.199,-7.178,-121.254,1,-0.0323,0.0279,-0.0284,0
19097796,0.020,0.320,0.088,0.002,0.004,0.001,-50.615,-278.941,387.280,176.199,-7.178,-121.254,1,-0.0323,0.0279,-0.0284,0
19097890,0.022,0.310,0.065,0.002,0.004,0.001,-50.615,-278.941,387.280,176.199,-7.178,-121.254,1,-0.0323,0.0279,-0.0284,0
19097968,0.022,0.308,0.069,0.002,0.004,0.001,-50.615,-278.941,387.280,176.199,-7.178,-121.254,1,-0.0323,0.0279,-0.0284,0
19098046,0.010,0.311,0.042,0.002,0.005,0.002,-50.615,-278.941,387.280,176.199,-7.178,-121.254,1,-0.0323,0.0279,-0.0284,0
19098156,0.009,0.310,0.059,0.002,0.005,0.001,-50.615,-278.941,387.280,176.199,-7.178,-121.254,1,-0.0323,0.0279,-0.0284,0
19098265,0.025,0.301,0.064,0.002,0.004,0.001,-50.615,-278.941,387.280,176.199,-7.178,-121.254,1,-0.0323,0.0279,-0.0284,0
19098406,0.001,0.293,0.078,0.002,0.004,0.001,-50.615,-278.941,387.280,176.199,-7.178,-121.254,1,-0.0323,0.0279,-0.0284,0
19098453,0.003,0.299,0.082,0.002,0.004,0.001,-50.615,-278.941,387.280,176.199,-7.178,-121.254,1,-0.0323,0.0279,-0.0284,0
19098500,0.020,0.322,0.067,0.002,0.004,0.001,-50.615,-278.941,387.280,176.199,-7.178,-121.254,1,-0.0323,0.0279,-0.0284,0
19098578,0.024,0.295,0.050,0.001,0.004,0.001,-50.615,-278.941,387.280,176.199,-7.178,-121.254,1,-0.0323,0.0279,-0.0284,0
19098718,0.019,0.308,0.075,0.002,0.005,0.001,-50.615,-278.941,387.280,176.199,-7.178,-121.254,1,-0.0323,0.0279,-0.0284,0
19098812,-0.000,0.312,0.086,0.002,0.005,0.001,-50.615,-278.941,387.280,176.199,-7.178,-121.254,1,-0.0323,0.0279,-0.0284,0
19098921,0.012,0.299,0.055,0.001,0.005,0.001,-50.615,-278.941,387.280,176.199,-7.178,-121.254,1,-0.0323,0.0279,-0.0284,0
19099000,0.008,0.291,0.058,0.002,0.005,0.002,-50.615,-278.941,387.280,176.199,-7.178,-121.254,1,-0.0323,0.0279,-0.0284,0
19099093,-0.002,0.291,0.038,0.002,0.005,0.002,-50.615,-278.941,387.280,176.199,-7.178,-121.254,1,-0.0323,0.0279,-0.0284,0
19099171,-0.009,0.271,0.057,0.002,0.005,0.001,-50.615,-278.941,387.280,176.199,-7.178,-121.254,1,-0.0323,0.0279,-0.0284,0
19099250,0.013,0.297,0.050,0.001,0.004,0.001,-50.615,-278.941,387.280,176.199,-7.178,-121.254,1,-0.0323,0.0279,-0.0284,0
19099359,0.025,0.303,0.057,0.001,0.004,0.000,-50.615,-278.941,387.280,176.199,-7.178,-121.254,1,-0.0323,0.0279,-0.0284,0
19099468,0.005,0.316,0.074,0.002,0.004,0.002,-50.615,-278.941,387.280,176.199,-7.178,-121.254,1,-0.0323,0.0279,-0.0284,0
19099609,0.003,0.306,0.067,0.002,0.005,0.002,-50.615,-278.941,387.280,176.199,-7.178,-121.254,1,-0.0323,0.0279,-0.0284,0
19099656,0.022,0.304,0.048,0.001,0.004,0.001,-50.615,-278.941,387.280,176.199,-7.178,-121.254,1,-0.0323,0.0279,-0.0284,0
19099703,0.012,0.300,0.042,0.002,0.005,0.002,-50.615,-278.941,387.280,176.199,-7.178,-121.254,1,-0.0323,0.0279,-0.0284,0
19099781,0.001,0.306,0.038,0.002,0.005,0.002,-50.615,-278.941,387.280,176.199,-7.178,-121.254,1,-0.0323,0.0279,-0.0284,0
19099906,-0.010,0.283,0.066,0.002,0.005,0.001,-50.615,-278.941,387.280,176.199,-7.178,-121.254,1,-0.0323,0.0279,-0.0284,0
19100015,0.018,0.302,0.084,0.002,0.004,0.001,-50.615,-278.941,387.280,176.199,-7.178,-121.254,1,-0.0323,0.0279,-0.0284,0
19100109,0.004,0.317,0.052,0.002,0.005,0.002,-50.615,-278.941,387.280,176.199,-7.178,-121.254,1,-0.0323,0.0279,-0.0284,0
19100187,0.008,0.308,0.052,0.002,0.005,0.001,-50.615,-278.941,387.280,176.199,-7.178,-121.254,1,-0.0323,0.0279,-0.0284,0
19100281,0.016,0.307,0.055,0.002,0.004,0.001,-50.615,-278.941,387.280,176.199,-7.178,-121.254,1,-0.0323,0.0279,-0.0284,0
19100359,-0.002,0.322,0.049,0.002,0.005,0.003,-50.615,-278.941,387.280,176.199,-7.178,-121.254,1,-0.0323,0.0279,-0.0284,0
19100437,0.016,0.302,0.058,0.001,0.005,0.001,-50.615,-278.941,387.280,176.199,-7.178,-121.254,1,-0.0323,0.0279,-0.0284,0
19100546,0.029,0.310,0.063,0.001,0.004,0.000,-50.615,-278.941,387.280,176.199,-7.178,-121.254,1,-0.0323,0.0279,-0.0284,0
19100656,-0.003,0.287,0.049,0.002,0.005,0.002,-50.615,-278.941,387.280,176.199,-7.178,-121.254,1,-0.0323,0.0279,-0.0284,0
19100796,0.009,0.298,0.045,0.002,0.005,0.002,-50.615,-278.941,387.280,176.199,-7.178,-121.254,1,-0.0323,0.0279,-0.0284,0
19100843,0.010,0.294,0.052,0.001,0.005,0.001,-50.615,-278.941,387.280,176.199,-7.178,-121.254,1,-0.0323,0.0279,-0.0284,0
19100890,0.003,0.306,0.049,0.002,0.005,0.002,-50.615,-278.941,387.280,176.199,-7.178,-121.254,1,-0.0323,0.0279,-0.0284,0
19100968,0.003,0.308,0.056,0.002,0.005,0.002,-50.615,-278.941,387.280,176.199,-7.178,-121.254,1,-0.0323,0.0279,-0.0284,0
19101109,0.010,0.306,0.060,0.001,0.004,0.001,-50.615,-278.941,387.280,176.199,-7.178,-121.254,1,-0.0323,0.0279,-0.0284,0
19101203,0.035,0.299,0.075,0.001,0.004,0.000,-50.615,-278.941,387.280,176.199,-7.178,-121.254,1,-0.0323,0.0279,-0.0284,0
19101312,0.005,0.302,0.027,0.002,0.005,0.002,-50.615,-278.941,387.280,176.199,-7.178,-121.254,1,-0.0323,0.0279,-0.0284,0
19101390,0.005,0.303,0.039,0.002,0.005,0.002,-50.615,-278.941,387.280,176.199,-7.178,-121.254,1,-0.0323,0.0279,-0.0284,0
19101484,0.020,0.290,0.077,0.001,0.004,-0.000,-50.615,-278.941,387.280,176.199,-7.178,-121.254,1,-0.0323,0.0279,-0.0284,0
19101562,0.005,0.304,0.057,0.002,0.005,0.001,-50.615,-278.941,387.280,176.199,-7.178,-121.254,1,-0.0323,0.0279,-0.0284,0
19101640,0.011,0.305,0.084,0.002,0.005,0.000,-50.615,-278.941,387.280,176.199,-7.178,-121.254,1,-0.0323,0.0279,-0.0284,0
19101750,0.009,0.309,0.053,0.002,0.005,0.002,-50.615,-278.941,387.280,176.199,-7.178,-121.254,1,-0.0323,0.0279,-0.0284,0
19101859,0.013,0.297,0.082,0.002,0.005,0.000,-50.615,-278.941,387.280,176.199,-7.178,-121.254,1,-0.0323,0.0279,-0.0284,0
19102000,-0.001,0.313,0.020,0.002,0.005,0.003,-50.615,-278.941,387.280,176.199,-7.178,-121.254,1,-0.0323,0.0279,-0.0284,0
19102046,0.023,0.310,0.054,0.002,0.004,0.001,-50.615,-278.941,387.280,176.199,-7.178,-121.254,1,-0.0323,0.0279,-0.0284,0
19102093,0.029,0.309,0.058,0.002,0.004,0.001,-50.615,-278.941,387.280,176.199,-7.178,-121.254,1,-0.0323,0.0279,-0.0284,0
19102171,0.016,0.294,0.072,0.001,0.004,0.000,-50.615,-278.941,387.280,176.199,-7.178,-121.254,1,-0.0323,0.0279,-0.0284,0
19102296,0.000,0.315,0.006,0.003,0.005,0.004,-50.615,-278.941,387.280,176.199,-7.178,-121.254,1,-0.0323,0.0279,-0.0284,0
19102390,0.016,0.310,0.035,0.002,0.005,0.002,-50.615,-278.941,387.280,176.199,-7.178,-121.254,1,-0.0323,0.0279,-0.0284,0
19102500,0.018,0.297,0.065,0.001,0.005,0.000,-50.615,-278.941,387.280,176.199,-7.178,-121.254,1,-0.0323,0.0279,-0.0284,0
19102578,0.024,0.311,0.047,0.002,0.004,0.001,-50.615,-278.941,387.280,176.199,-7.178,-121.254,1,-0.0323,0.0279,-0.0284,0
19102671,0.017,0.310,0.036,0.002,0.005,0.002,-50.615,-278.941,387.280,176.199,-7.178,-121.254,1,-0.0323,0.0279,-0.0284,0
19102750,0.020,0.312,0.033,0.002,0.004,0.002,-50.615,-278.941,387.280,176.199,-7.178,-121.254,1,-0.0323,0.0279,-0.0284,0
19102828,0.033,0.289,0.079,0.001,0.004,-0.000,-50.615,-278.941,387.280,176.199,-7.178,-121.254,1,-0.0323,0.0279,-0.0284,0
19102937,0.013,0.289,0.038,0.002,0.005,0.001,-50.615,-278.941,387.280,176.199,-7.178,-121.254,1,-0.0323,0.0279,-0.0284,0
19103046,0.011,0.308,0.007,0.002,0.005,0.003,-50.615,-278.941,387.280,176.199,-7.178,-121.254,1,-0.0323,0.0279,-0.0284,0
19103187,0.032,0.289,0.077,0.001,0.004,0.000,-50.615,-278.941,387.280,176.199,-7.178,-121.254,1,-0.0323,0.0279,-0.0284,0
19103234,0.019,0.292,0.063,0.001,0.004,0.000,-50.615,-278.941,387.280,176.199,-7.178,-121.254,1,-0.0323,0.0279,-0.0284,0
19103281,-0.003,0.311,0.064,0.002,0.005,0.001,-50.615,-278.941,387.280,176.199,-7.178,-121.254,1,-0.0323,0.0279,-0.0284,0
19103359,0.020,0.315,0.048,0.002,0.005,0.001,-50.615,-278.941,387.280,176.199,-7.178,-121.254,1,-0.0323,0.0279,-0.0284,0
19103500,0.029,0.310,0.070,0.002,0.004,0.000,-50.615,-278.941,387.280,176.199,-7.178,-121.254,1,-0.0323,0.0279,-0.0284,0
19103593,0.014,0.310,0.042,0.002,0.005,0.001,-50.615,-278.941,387.280,176.199,-7.178,-121.254,1,-0.0323,0.0279,-0.0284,0
19103703,0.019,0.304,0.054,0.002,0.004,0.001,-50.615,-278.941,387.280,176.199,-7.178,-121.254,1,-0.0323,0.0279,-0.0284,0
19103781,0.023,0.296,0.072,0.001,0.004,-0.000,-50.615,-278.941,387.280,176.199,-7.178,-121.254,1,-0.0323,0.0279,-0.0284,0
19103875,0.022,0.295,0.089,0.001,0.004,-0.000,-50.615,-278.941,387.280,176.199,-7.178,-121.254,1,-0.0323,0.0279,-0.0284,0
19103953,0.017,0.306,0.039,0.002,0.005,0.002,-50.615,-278.941,387.280,176.199,-7.178,-121.254,1,-0.0323,0.0279,-0.0284,0
19104031,0.027,0.301,0.051,0.001,0.004,0.001,-50.615,-278.941,387.280,176.199,-7.178,-121.254,1,-0.0323,0.0279,-0.0284,0
19104140,0.038,0.322,0.005,0.002,0.004,0.002,-50.615,-278.941,387.280,176.199,-7.178,-121.254,1,-0.0323,0.0279,-0.0284,0
19104250,0.025,0.317,0.026,0.002,0.004,0.002,-50.615,-278.941,387.280,176.199,-7.178,-121.254,1,-0.0323,0.0279,-0.0284,0
19104390,0.034,0.288,0.101,0.001,0.004,-0.002,-50.615,-278.941,387.280,176.199,-7.178,-121.254,1,-0.0323,0.0279,-0.0284,0
19104437,0.033,0.287,0.090,0.001,0.004,-0.001,-50.615,-278.941,387.280,176.199,-7.178,-121.254,1,-0.0323,0.0279,-0.0284,0
19104484,0.025,0.295,0.054,0.001,0.004,0.001,-50.615,-278.941,387.280,176.199,-7.178,-121.254,1,-0.0323,0.0279,-0.0284,0
19104562,0.021,0.291,0.052,0.001,0.005,0.001,-50.615,-278.941,387.280,176.199,-7.178,-121.254,1,-0.0323,0.0279,-0.0284,0
19104703,0.011,0.294,0.103,0.001,0.004,-0.001,-50.615,-278.941,387.280,176.199,-7.178,-121.254,1,-0.0323,0.0279,-0.0284,0
19104796,0.009,0.292,0.094,0.001,0.005,-0.001,-50.615,-278.941,387.280,176.199,-7.178,-121.254,1,-0.0323,0.0279,-0.0284,0
19104906,0.019,0.327,0.009,0.002,0.004,0.002,-50.615,-278.941,387.280,176.199,-7.178,-121.254,1,-0.0323,0.0279,-0.0284,0
19104984,0.018,0.314,0.055,0.002,0.004,0.001,-50.615,-278.941,387.280,176.199,-7.178,-121.254,1,-0.0323,0.0279,-0.0284,0
19105078,0.029,0.323,0.066,0.002,0.004,0.001,-50.615,-278.941,387.280,176.199,-7.178,-121.254,1,-0.0323,0.0279,-0.0284,0
19105156,0.030,0.303,0.104,0.001,0.004,-0.000,-50.615,-278.941,387.280,176.199,-7.178,-121.254,1,-0.0323,0.0279,-0.0284,0
19105234,0.009,0.320,0.040,0.002,0.005,0.002,-50.615,-278.941,387.280,176.199,-7.178,-121.254,1,-0.0323,0.0279,-0.0284,0
19105343,0.010,0.311,0.058,0.002,0.005,0.001,-50.615,-278.941,387.280,176.199,-7.178,-121.254,1,-0.0323,0.0279,-0.0284,0
19105453,0.017,0.316,0.049,0.002,0.004,0.001,-50.615,-278.941,387.280,176.199,-7.178,-121.254,1,-0.0323,0.0279,-0.0284,0
19105593,0.013,0.306,0.080,0.001,0.005,-0.001,-50.615,-278.941,387.280,176.199,-7.178,-121.254,1,-0.0323,0.0279,-0.0284,0
19105640,0.006,0.302,0.074,0.001,0.005,0.000,-50.615,-278.941,387.280,176.199,-7.178,-121.254,1,-0.0323,0.0279,-0.0284,0
19105687,0.003,0.302,0.096,0.001,0.005,0.000,-50.615,-278.941,387.280,176.199,-7.178,-121.254,1,-0.0323,0.0279,-0.0284,0
19105765,0.016,0.317,0.041,0.002,0.005,0.002,-50.615,-278.941,387.280,176.199,-7.178,-121.254,1,-0.0323,0.0279,-0.0284,0
19105906,-0.003,0.332,0.029,0.003,0.005,0.003,-50.615,-278.941,387.280,176.199,-7.178,-121.254,1,-0.0323,0.0279,-0.0284,0
19106000,-0.000,0.326,0.083,0.002,0.005,0.001,-50.615,-278.941,387.280,176.199,-7.178,-121.254,1,-0.0323,0.0279,-0.0284,0
19106109,0.005,0.313,0.067,0.001,0.005,0.001,-50.615,-278.941,387.280,176.199,-7.178,-121.254,1,-0.0323,0.0279,-0.0284,0
19106187,0.017,0.302,0.063,0.001,0.005,0.001,-50.615,-278.941,387.280,176.199,-7.178,-121.254,1,-0.0323,0.0279,-0.0284,0
19106281,0.002,0.303,0.076,0.001,0.005,0.000,-50.615,-278.941,387.280,176.199,-7.178,-121.254,1,-0.0323,0.0279,-0.0284,0
19106359,-0.009,0.306,0.072,0.002,0.005,0.001,-50.615,-278.941,387.280,176.199,-7.178,-121.254,1,-0.0323,0.0279,-0.0284,0
19106437,0.010,0.316,0.094,0.001,0.005,-0.000,-50.615,-278.941,387.280,176.199,-7.178,-121.254,1,-0.0323,0.0279,-0.0284,0
19106546,0.011,0.306,0.026,0.001,0.005,0.001,-50.615,-278.941,387.280,176.199,-7.178,-121.254,1,-0.0323,0.0279,-0.0284,0
19106656,0.012,0.327,0.083,0.002,0.004,0.002,-50.615,-278.941,387.280,176.199,-7.178,-121.254,1,-0.0323,0.0279,-0.0284,0
19106796,0.005,0.318,0.077,0.003,0.005,0.002,-50.615,-278.941,387.280,176.199,-7.178,-121.254,1,-0.0323,0.0279,-0.0284,0
19106843,0.013,0.314,0.059,0.002,0.004,0.001,-50.615,-278.941,387.280,176.199,-7.178,-121.254,1,-0.0323,0.0279,-0.0284,0
19106890,0.009,0.313,0.053,0.001,0.004,0.001,-50.615,-278.941,387.280,176.199,-7.178,-121.254,1,-0.0323,0.0279,-0.0284,0
19106968,0.009,0.318,0.056,0.002,0.005,0.001,-50.615,-278.941,387.280,176.199,-7.178,-121.254,1,-0.0323,0.0279,-0.0284,0
19107109,-0.013,0.310,0.065,0.002,0.005,0.001,-50.615,-278.941,387.280,176.199,-7.178,-121.254,1,-0.0323,0.0279,-0.0284,0
19107203,0.009,0.310,0.076,0.002,0.005,0.001,-50.615,-278.941,387.280,176.199,-7.178,-121.254,1,-0.0323,0.0279,-0.0284,0
19107312,0.008,0.297,0.054,0.001,0.004,0.001,-50.615,-278.941,387.280,176.199,-7.178,-121.254,1,-0.0323,0.0279,-0.0284,0
19107390,0.003,0.328,0.036,0.002,0.005,0.002,-50.615,-278.941,387.280,176.199,-7.178,-121.254,1,-0.0323,0.0279,-0.0284,0
19107484,0.002,0.326,0.036,0.003,0.005,0.003,-50.615,-278.941,387.280,176.199,-7.178,-121.254,1,-0.0323,0.0279,-0.0284,0
19107562,-0.002,0.328,0.051,0.003,0.005,0.002,-50.615,-278.941,387.280,176.199,-7.178,-121.254,1,-0.0323,0.0279,-0.0284,0
19107640,-0.013,0.339,0.045,0.003,0.005,0.003,-50.615,-278.941,387.280,176.199,-7.178,-121.254,1,-0.0323,0.0279,-0.0284,0
19107750,0.005,0.325,0.068,0.002,0.005,0.001,-50.615,-278.941,387.280,176.199,-7.178,-121.254,1,-0.0323,0.0279,-0.0284,0
19107859,0.002,0.316,0.061,0.002,0.005,0.001,-50.615,-278.941,387.280,176.199,-7.178,-121.254,1,-0.0323,0.0279,-0.0284,0
19108000,0.006,0.318,0.054,0.002,0.005,0.001,-50.615,-278.941,387.280,176.199,-7.178,-121.254,1,-0.0323,0.0279,-0.0284,0
19108046,0.010,0.323,0.068,0.002,0.005,0.001,-50.615,-278.941,387.280,176.199,-7.178,-121.254,1,-0.0323,0.0279,-0.0284,0
19108093,-0.002,0.329,0.051,0.003,0.005,0.003,-50.615,-278.941,387.280,176.199,-7.178,-121.254,1,-0.0323,0.0279,-0.0284,0
19108171,0.004,0.324,0.052,0.002,0.005,0.002,-50.615,-278.941,387.280,176.199,-7.178,-121.254,1,-0.0323,0.0279,-0.0284,0
19108312,0.019,0.314,0.071,0.002,0.004,0.000,-50.615,-278.941,387.280,176.199,-7.178,-121.254,1,-0.0323,0.0279,-0.0284,0
19108406,0.000,0.327,0.030,0.003,0.005,0.003,-50.615,-278.941,387.280,176.199,-7.178,-121.254,1,-0.0323,0.0279,-0.0284,0
19108515,0.015,0.329,0.036,0.003,0.005,0.002,-50.615,-278.941,387.280,176.199,-7.178,-121.254,1,-0.0323,0.0279,-0.0284,0
19108593,0.000,0.319,0.033,0.002,0.005,0.002,-50.615,-278.941,387.280,176.199,-7.178,-121.254,1,-0.0323,0.0279,-0.0284,0
19108687,0.038,0.320,0.056,0.002,0.004,0.001,-50.615,-278.941,387.280,176.199,-7.178,-121.254,1,-0.0323,0.0279,-0.0284,0
19108765,0.017,0.319,0.058,0.002,0.005,0.002,-50.615,-278.941,387.280,176.199,-7.178,-121.254,1,-0.0323,0.0279,-0.0284,0
19108843,0.000,0.313,0.049,0.003,0.005,0.002,-50.615,-278.941,387.280,176.199,-7.178,-121.254,1,-0.0323,0.0279,-0.0284,0
19108953,-0.017,0.333,0.020,0.003,0.005,0.003,-50.615,-278.941,387.280,176.199,-7.178,-121.254,1,-0.0323,0.0279,-0.0284,0
19109062,-0.004,0.323,0.033,0.002,0.005,0.003,-50.615,-278.941,387.280,176.199,-7.178,-121.254,1,-0.0323,0.0279,-0.0284,0
19109203,0.017,0.315,0.047,0.002,0.005,0.001,-50.615,-278.941,387.280,176.199,-7.178,-121.254,1,-0.0323,0.0279,-0.0284,0
19109250,0.018,0.310,0.092,0.002,0.005,-0.000,-50.615,-278.941,387.280,176.199,-7.178,-121.254,1,-0.0323,0.0279,-0.0284,0
19109296,0.021,0.304,0.105,0.001,0.004,-0.001,-50.615,-278.941,387.280,176.199,-7.178,-121.254,1,-0.0323,0.0279,-0.0284,0
19109375,0.001,0.320,0.042,0.002,0.005,0.002,-50.615,-278.941,387.280,176.199,-7.178,-121.254,1,-0.0323,0.0279,-0.0284,0
19109515,0.022,0.313,0.089,0.002,0.005,0.000,-50.615,-278.941,387.280,176.199,-7.178,-121.254,1,-0.0323,0.0279,-0.0284,0
19109609,0.009,0.306,0.088,0.002,0.005,-0.000,-50.615,-278.941,387.280,176.199,-7.178,-121.254,1,-0.0323,0.0279,-0.0284,0
19109718,0.012,0.316,0.060,0.002,0.005,0.000,-50.615,-278.941,387.280,176.199,-7.178,-121.254,1,-0.0323,0.0279,-0.0284,0
19109796,0.013,0.306,0.063,0.002,0.005,-0.000,-50.615,-278.941,387.280,176.199,-7.178,-121.254,1,-0.0323,0.0279,-0.0284,0
19109875,0.008,0.300,0.097,0.001,0.005,-0.001,-50.615,-278.941,387.280,176.199,-7.178,-121.254,1,-0.0323,0.0279,-0.0284,0
19109968,0.010,0.319,0.060,0.002,0.005,0.001,-50.615,-278.941,387.280,176.199,-7.178,-121.254,1,-0.0323,0.0279,-0.0284,0
19110046,0.028,0.332,0.070,0.002,0.004,0.001,-50.615,-278.941,387.280,176.199,-7.178,-121.254,1,-0.0323,0.0279,-0.0284,0
19110156,0.013,0.322,0.043,0.002,0.005,0.001,-50.615,-278.941,387.280,176.199,-7.178,-121.254,1,-0.0323,0.0279,-0.0284,0
19110250,0.019,0.316,0.055,0.002,0.005,0.000,-50.615,-278.941,387.280,176.199,-7.178,-121.254,1,-0.0323,0.0279,-0.0284,0
19110390,0.007,0.301,0.038,0.002,0.005,0.002,-50.615,-278.941,387.280,176.199,-7.178,-121.254,1,-0.0323,0.0279,-0.0284,0
19110437,-0.000,0.298,0.056,0.002,0.005,0.001,-50.615,-278.941,387.280,176.199,-7.178,-121.254,1,-0.0323,0.0279,-0.0284,0
19110484,0.000,0.301,0.044,0.001,0.005,0.001,-50.615,-278.941,387.280,176.199,-7.178,-121.254,1,-0.0323,0.0279,-0.0284,0
19110562,0.010,0.309,0.075,0.002,0.005,0.001,-50.615,-278.941,387.280,176.199,-7.178,-121.254,1,-0.0323,0.0279,-0.0284,0
19110703,0.012,0.301,0.074,0.001,0.005,-0.000,-50.615,-278.941,387.280,176.199,-7.178,-121.254,1,-0.0323,0.0279,-0.0284,0
19110796,0.014,0.309,0.071,0.002,0.005,0.001,-50.615,-278.941,387.280,176.199,-7.178,-121.254,1,-0.0323,0.0279,-0.0284,0
19110906,0.003,0.308,0.061,0.002,0.005,0.001,-50.615,-278.941,387.280,176.199,-7.178,-121.254,1,-0.0323,0.0279,-0.0284,0
19110984,-0.012,0.318,0.016,0.002,0.005,0.003,-50.615,-278.941,387.280,176.199,-7.178,-121.254,1,-0.0323,0.0279,-0.0284,0
19111078,0.002,0.299,0.072,0.002,0.005,0.001,-50.615,-278.941,387.280,176.199,-7.178,-121.254,1,-0.0323,0.0279,-0.0284,0
19111156,0.009,0.308,0.040,0.002,0.004,0.000,-50.615,-278.941,387.280,176.199,-7.178,-121.254,1,-0.0323,0.0279,-0.0284,0
19111234,0.010,0.296,0.109,0.001,0.004,-0.001,-50.615,-278.941,387.280,176.199,-7.178,-121.254,1,-0.0323,0.0279,-0.0284,0
19111343,0.010,0.301,0.082,0.001,0.005,-0.000,-50.615,-278.941,387.280,176.199,-7.178,-121.254,1,-0.0323,0.0279,-0.0284,0
19111453,0.006,0.311,0.064,0.001,0.005,0.000,-50.615,-278.941,387.280,176.199,-7.178,-121.254,1,-0.0323,0.0279,-0.0284,0
19111656,0.006,0.320,0.039,0.002,0.005,0.002,-50.615,-278.941,387.280,176.199,-7.178,-121.254,1,-0.0323,0.0279,-0.0284,0
19111703,-0.008,0.296,0.047,0.001,0.005,0.001,-50.615,-278.941,387.280,176.199,-7.178,-121.254,1,-0.0323,0.0279,-0.0284,0
19111750,0.003,0.305,0.057,0.001,0.005,0.001,-50.615,-278.941,387.280,176.199,-7.178,-121.254,1,-0.0323,0.0279,-0.0284,0
19111906,0.007,0.309,0.072,0.001,0.005,0.000,-50.615,-278.941,387.280,176.199,-7.178,-121.254,1,-0.0323,0.0279,-0.0284,0
19111984,0.009,0.305,0.047,0.002,0.004,0.001,-50.615,-278.941,387.280,176.199,-7.178,-121.254,1,-0.0323,0.0279,-0.0284,0
19112078,0.002,0.304,0.046,0.001,0.005,0.001,-50.615,-278.941,387.280,176.199,-7.178,-121.254,1,-0.0323,0.0279,-0.0284,0
19112125,0.001,0.302,0.062,0.002,0.005,0.001,-50.615,-278.941,387.280,176.199,-7.178,-121.254,1,-0.0323,0.0279,-0.0284,0
19112203,-0.002,0.303,0.089,0.002,0.005,-0.000,-50.615,-278.941,387.280,176.199,-7.178,-121.254,1,-0.0323,0.0279,-0.0284,0
19112343,0.003,0.308,0.070,0.002,0.005,0.001,-50.615,-278.941,387.280,176.199,-7.178,-121.254,1,-0.0323,0.0279,-0.0284,0
19112468,-0.005,0.327,0.066,0.002,0.005,0.001,-50.615,-278.941,387.280,176.199,-7.178,-121.254,1,-0.0323,0.0279,-0.0284,0
19112578,0.019,0.297,0.036,0.001,0.004,0.001,-50.615,-278.941,387.280,176.199,-7.178,-121.254,1,-0.0323,0.0279,-0.0284,0
19112718,0.016,0.298,0.057,0.002,0.004,0.001,-50.615,-278.941,387.280,176.199,-7.178,-121.254,1,-0.0323,0.0279,-0.0284,0
19112765,0.005,0.293,0.076,0.002,0.005,0.001,-50.615,-278.941,387.280,176.199,-7.178,-121.254,1,-0.0323,0.0279,-0.0284,0
19112812,-0.000,0.296,0.083,0.002,0.004,0.001,-50.615,-278.941,387.280,176.199,-7.178,-121.254,1,-0.0323,0.0279,-0.0284,0
19112890,-0.001,0.295,0.073,0.002,0.005,0.001,-50.615,-278.941,387.280,176.199,-7.178,-121.254,1,-0.0323,0.0279,-0.0284,0
19113031,0.005,0.305,0.034,0.002,0.005,0.002,-50.615,-278.941,387.280,176.199,-7.178,-121.254,1,-0.0323,0.0279,-0.0284,0
19113125,0.011,0.314,0.029,0.001,0.004,0.001,-50.615,-278.941,387.280,176.199,-7.178,-121.254,1,-0.0323,0.0279,-0.0284,0
19113234,0.007,0.313,0.070,0.002,0.005,0.002,-50.615,-278.941,387.280,176.199,-7.178,-121.254,1,-0.0323,0.0279,-0.0284,0
19113296,0.008,0.320,0.028,0.002,0.004,0.002,-50.615,-278.941,387.280,176.199,-7.178,-121.254,1,-0.0323,0.0279,-0.0284,0
19113406,0.013,0.304,0.080,0.002,0.004,0.000,-50.615,-278.941,387.280,176.199,-7.178,-121.254,1,-0.0323,0.0279,-0.0284,0
19113468,0.012,0.305,0.099,0.002,0.004,-0.000,-50.615,-278.941,387.280,176.199,-7.178,-121.254,1,-0.0323,0.0279,-0.0284,0
19113546,-0.006,0.313,0.055,0.003,0.005,0.001,-50.615,-278.941,387.280,176.199,-7.178,-121.254,1,-0.0323,0.0279,-0.0284,0
19113671,0.017,0.310,0.053,0.001,0.005,0.001,-50.615,-278.941,387.280,176.199,-7.178,-121.254,1,-0.0323,0.0279,-0.0284,0
19113781,-0.012,0.304,0.058,0.002,0.005,0.001,-50.615,-278.941,387.280,176.199,-7.178,-121.254,1,-0.0323,0.0279,-0.0284,0
19113921,0.018,0.321,0.078,0.002,0.004,0.001,-50.615,-278.941,387.280,176.199,-7.178,-121.254,1,-0.0323,0.0279,-0.0284,0
19113968,0.016,0.314,0.080,0.002,0.004,0.001,-50.615,-278.941,387.280,176.199,-7.178,-121.254,1,-0.0323,0.0279,-0.0284,0
19114015,0.021,0.293,0.060,0.001,0.004,0.001,-50.615,-278.941,387.280,176.199,-7.178,-121.254,1,-0.0323,0.0279,-0.0284,0
19114093,-0.009,0.335,0.044,0.003,0.005,0.002,-50.615,-278.941,387.280,176.199,-7.178,-121.254,1,-0.0323,0.0279,-0.0284,0
19114234,0.007,0.296,0.061,0.002,0.005,0.002,-50.615,-278.941,387.280,176.199,-7.178,-121.254,1,-0.0323,0.0279,-0.0284,0
19114312,0.012,0.309,0.048,0.002,0.005,0.002,-50.615,-278.941,387.280,176.199,-7.178,-121.254,1,-0.0323,0.0279,-0.0284,0
19114421,0.001,0.291,0.073,0.002,0.005,0.002,-50.615,-278.941,387.280,176.199,-7.178,-121.254,1,-0.0323,0.0279,-0.0284,0
19114500,0.004,0.292,0.059,0.002,0.005,0.002,-50.615,-278.941,387.280,176.199,-7.178,-121.254,1,-0.0323,0.0279,-0.0284,0
19114593,0.022,0.306,0.054,0.002,0.004,0.001,-50.615,-278.941,387.280,176.199,-7.178,-121.254,1,-0.0323,0.0279,-0.0284,0
19114671,0.018,0.305,0.038,0.002,0.005,0.002,-50.615,-278.941,387.280,176.199,-7.178,-121.254,1,-0.0323,0.0279,-0.0284,0
19114750,0.005,0.323,0.051,0.003,0.005,0.003,-50.615,-278.941,387.280,176.199,-7.178,-121.254,1,-0.0323,0.0279,-0.0284,0
19114859,0.025,0.306,0.078,0.002,0.004,0.000,-50.615,-278.941,387.280,176.199,-7.178,-121.254,1,-0.0323,0.0279,-0.0284,0
19114984,0.012,0.306,0.061,0.002,0.004,0.001,-50.615,-278.941,387.280,176.199,-7.178,-121.254,1,-0.0323,0.0279,-0.0284,0
19115125,-0.004,0.312,0.049,0.003,0.005,0.002,-50.615,-278.941,387.280,176.199,-7.178,-121.254,1,-0.0323,0.0279,-0.0284,0
19115171,-0.005,0.318,0.044,0.003,0.005,0.003,-50.615,-278.941,387.280,176.199,-7.178,-121.254,1,-0.0323,0.0279,-0.0284,0
19115218,0.023,0.312,0.056,0.002,0.005,0.001,-50.615,-278.941,387.280,176.199,-7.178,-121.254,1,-0.0323,0.0279,-0.0284,0
19115296,0.029,0.305,0.041,0.002,0.004,0.002,-50.615,-278.941,387.280,176.199,-7.178,-121.254,1,-0.0323,0.0279,-0.0284,0
19115437,0.011,0.320,0.024,0.003,0.005,0.003,-50.615,-278.941,387.280,176.199,-7.178,-121.254,1,-0.0323,0.0279,-0.0284,0
19115531,0.022,0.299,0.056,0.002,0.004,0.001,-50.615,-278.941,387.280,176.199,-7.178,-121.254,1,-0.0323,0.0279,-0.0284,0
19115625,0.024,0.308,0.050,0.002,0.004,0.001,-50.615,-278.941,387.280,176.199,-7.178,-121.254,1,-0.0323,0.0279,-0.0284,0
19115718,0.023,0.308,0.057,0.002,0.004,0.001,-50.615,-278.941,387.280,176.199,-7.178,-121.254,1,-0.0323,0.0279,-0.0284,0
19115812,0.022,0.304,0.075,0.002,0.004,0.001,-50.615,-278.941,387.280,176.199,-7.178,-121.254,1,-0.0323,0.0279,-0.0284,0
19115890,0.018,0.322,0.029,0.003,0.004,0.003,-50.615,-278.941,387.280,176.199,-7.178,-121.254,1,-0.0323,0.0279,-0.0284,0
19115968,0.034,0.306,0.071,0.002,0.004,-0.000,-50.615,-278.941,387.280,176.199,-7.178,-121.254,1,-0.0323,0.0279,-0.0284,0
19116078,0.030,0.319,0.044,0.002,0.004,0.002,-50.615,-278.941,387.280,176.199,-7.178,-121.254,1,-0.0323,0.0279,-0.0284,0
19116187,0.018,0.306,0.045,0.002,0.004,0.002,-50.615,-278.941,387.280,176.199,-7.178,-121.254,1,-0.0323,0.0279,-0.0284,0
19116312,0.031,0.305,0.056,0.002,0.004,0.001,-50.615,-278.941,387.280,176.199,-7.178,-121.254,1,-0.0323,0.0279,-0.0284,0
19116359,0.034,0.304,0.047,0.001,0.004,0.001,-50.615,-278.941,387.280,176.199,-7.178,-121.254,1,-0.0323,0.0279,-0.0284,0
19116406,0.030,0.304,0.054,0.002,0.004,0.001,-50.615,-278.941,387.280,176.199,-7.178,-121.254,1,-0.0323,0.0279,-0.0284,0
19116484,0.030,0.317,0.012,0.002,0.004,0.002,-50.615,-278.941,387.280,176.199,-7.178,-121.254,1,-0.0323,0.0279,-0.0284,0
19116625,0.038,0.308,0.065,0.002,0.004,0.001,-50.615,-278.941,387.280,176.199,-7.178,-121.254,1,-0.0323,0.0279,-0.0284,0
19116718,0.034,0.304,0.101,0.002,0.004,-0.000,-50.615,-278.941,387.280,176.199,-7.178,-121.254,1,-0.0323,0.0279,-0.0284,0
19116765,0.044,0.304,0.096,0.001,0.004,-0.000,-50.615,-278.941,387.280,176.199,-7.178,-121.254,1,-0.0323,0.0279,-0.0284,0
19116843,0.021,0.324,0.016,0.002,0.005,0.003,-50.615,-278.941,387.280,176.199,-7.178,-121.254,1,-0.0323,0.0279,-0.0284,0
19116921,0.030,0.290,0.031,0.001,0.004,0.001,-50.615,-278.941,387.280,176.199,-7.178,-121.254,1,-0.0323,0.0279,-0.0284,0
19117000,0.025,0.298,0.047,0.002,0.004,0.001,-50.615,-278.941,387.280,176.199,-7.178,-121.254,1,-0.0323,0.0279,-0.0284,0
19117093,0.028,0.305,0.071,0.001,0.004,0.000,-50.615,-278.941,387.280,176.199,-7.178,-121.254,1,-0.0323,0.0279,-0.0284,0
19117171,0.022,0.308,0.067,0.002,0.004,0.001,-50.615,-278.941,387.280,176.199,-7.178,-121.254,1,-0.0323,0.0279,-0.0284,0
19117281,0.028,0.320,0.022,0.002,0.004,0.002,-50.615,-278.941,387.280,176.199,-7.178,-121.254,1,-0.0323,0.0279,-0.0284,0
19117375,0.028,0.331,0.020,0.002,0.004,0.001,-50.615,-278.941,387.280,176.199,-7.178,-121.254,1,-0.0323,0.0279,-0.0284,0
19117515,0.036,0.311,0.087,0.001,0.004,-0.000,-50.615,-278.941,387.280,176.199,-7.178,-121.254,1,-0.0323,0.0279,-0.0284,0
19117562,0.041,0.317,0.068,0.002,0.004,-0.000,-50.615,-278.941,387.280,176.199,-7.178,-121.254,1,-0.0323,0.0279,-0.0284,0
19117609,0.024,0.316,0.029,0.002,0.004,0.002,-50.615,-278.941,387.280,176.199,-7.178,-121.254,1,-0.0323,0.0279,-0.0284,0
19117687,0.026,0.310,0.070,0.001,0.004,0.000,-50.615,-278.941,387.280,176.199,-7.178,-121.254,1,-0.0323,0.0279,-0.0284,0
19117828,0.035,0.309,0.093,0.001,0.004,-0.001,-50.615,-278.941,387.280,176.199,-7.178,-121.254,1,-0.0323,0.0279,-0.0284,0
19117921,0.034,0.311,0.076,0.002,0.004,-0.000,-50.615,-278.941,387.280,176.199,-7.178,-121.254,1,-0.0323,0.0279,-0.0284,0
19118031,0.025,0.319,0.005,0.002,0.004,0.002,-50.615,-278.941,387.280,176.199,-7.178,-121.254,1,-0.0323,0.0279,-0.0284,0
19118109,0.031,0.305,0.096,0.002,0.004,-0.001,-50.615,-278.941,387.280,176.199,-7.178,-121.254,1,-0.0323,0.0279,-0.0284,0
19118203,0.033,0.312,0.079,0.002,0.004,0.000,-50.615,-278.941,387.280,176.199,-7.178,-121.254,1,-0.0323,0.0279,-0.0284,0
19118281,0.027,0.319,0.074,0.002,0.004,0.001,-50.615,-278.941,387.280,176.199,-7.178,-121.254,1,-0.0323,0.0279,-0.0284,0
19118359,0.022,0.313,0.021,0.002,0.004,0.002,-50.615,-278.941,387.280,176.199,-7.178,-121.254,1,-0.0323,0.0279,-0.0284,0
19118468,0.034,0.312,0.095,0.001,0.004,-0.001,-50.615,-278.941,387.280,176.199,-7.178,-121.254,1,-0.0323,0.0279,-0.0284,0
19118578,0.035,0.306,0.113,0.002,0.004,-0.001,-50.615,-278.941,387.280,176.199,-7.178,-121.254,1,-0.0323,0.0279,-0.0284,0
19118718,0.030,0.304,0.065,0.001,0.004,0.001,-50.615,-278.941,387.280,176.199,-7.178,-121.254,1,-0.0323,0.0279,-0.0284,0
19118765,0.020,0.312,0.086,0.002,0.004,0.000,-50.615,-278.941,387.280,176.199,-7.178,-121.254,1,-0.0323,0.0279,-0.0284,0
19118812,0.026,0.322,0.068,0.002,0.004,0.001,-50.615,-278.941,387.280,176.199,-7.178,-121.254,1,-0.0323,0.0279,-0.0284,0
19118890,0.033,0.306,0.090,0.001,0.004,-0.001,-50.615,-278.941,387.280,176.199,-7.178,-121.254,1,-0.0323,0.0279,-0.0284,0
19119031,0.034,0.340,0.028,0.002,0.004,0.002,-50.615,-278.941,387.280,176.199,-7.178,-121.254,1,-0.0323,0.0279,-0.0284,0
19119125,0.027,0.321,0.072,0.002,0.005,-0.000,-50.615,-278.941,387.280,176.199,-7.178,-121.254,1,-0.0323,0.0279,-0.0284,0
19119234,0.010,0.318,0.037,0.002,0.005,0.002,-50.615,-278.941,387.280,176.199,-7.178,-121.254,1,-0.0323,0.0279,-0.0284,0
19119312,0.014,0.323,0.051,0.002,0.004,0.001,-50.615,-278.941,387.280,176.199,-7.178,-121.254,1,-0.0323,0.0279,-0.0284,0
19119406,0.018,0.309,0.098,0.002,0.004,-0.000,-50.615,-278.941,387.280,176.199,-7.178,-121.254,1,-0.0323,0.0279,-0.0284,0
19119484,0.015,0.312,0.106,0.002,0.004,-0.000,-50.615,-278.941,387.280,176.199,-7.178,-121.254,1,-0.0323,0.0279,-0.0284,0
19119562,0.032,0.313,0.057,0.002,0.004,0.001,-50.615,-278.941,387.280,176.199,-7.178,-121.254,1,-0.0323,0.0279,-0.0284,0
19119671,0.003,0.320,0.025,0.002,0.005,0.002,-50.615,-278.941,387.280,176.199,-7.178,-121.254,1,-0.0323,0.0279,-0.0284,0
19119781,0.017,0.304,0.101,0.001,0.005,-0.001,-50.615,-278.941,387.280,176.199,-7.178,-121.254,1,-0.0323,0.0279,-0.0284,0
19119921,0.018,0.317,0.041,0.002,0.004,0.001,-50.615,-278.941,387.280,176.199,-7.178,-121.254,1,-0.0323,0.0279,-0.0284,0
19119968,0.014,0.316,0.038,0.002,0.004,0.001,-50.615,-278.941,387.280,176.199,-7.178,-121.254,1,-0.0323,0.0279,-0.0284,0
19120015,0.023,0.318,0.070,0.002,0.004,0.001,-50.615,-278.941,387.280,176.199,-7.178,-121.254,1,-0.0323,0.0279,-0.0284,0
19120093,0.018,0.321,0.072,0.002,0.004,0.001,-50.615,-278.941,387.280,176.199,-7.178,-121.254,1,-0.0323,0.0279,-0.0284,0
19120234,0.024,0.308,0.040,0.002,0.004,0.001,-50.615,-278.941,387.280,176.199,-7.178,-121.254,1,-0.0323,0.0279,-0.0284,0
19120328,0.024,0.313,0.044,0.001,0.004,0.001,-50.615,-278.941,387.280,176.199,-7.178,-121.254,1,-0.0323,0.0279,-0.0284,0
19120437,0.021,0.305,0.086,0.002,0.004,0.000,-50.615,-278.941,387.280,176.199,-7.178,-121.254,1,-0.0323,0.0279,-0.0284,0
19120515,0.025,0.315,0.047,0.002,0.004,0.001,-50.615,-278.941,387.280,176.199,-7.178,-121.254,1,-0.0323,0.0279,-0.0284,0
19120609,0.023,0.293,0.034,0.001,0.004,0.000,-50.615,-278.941,387.280,176.199,-7.178,-121.254,1,-0.0323,0.0279,-0.0284,0
19120687,0.028,0.311,0.058,0.001,0.005,0.001,-50.615,-278.941,387.280,176.199,-7.178,-121.254,1,-0.0323,0.0279,-0.0284,0
19120765,0.025,0.312,0.055,0.002,0.005,0.001,-50.615,-278.941,387.280,176.199,-7.178,-121.254,1,-0.0323,0.0279,-0.0284,0
19120875,0.024,0.311,0.050,0.002,0.004,0.001,-50.615,-278.941,387.280,176.199,-7.178,-121.254,1,-0.0323,0.0279,-0.0284,0
19120984,0.006,0.299,0.084,0.002,0.004,0.001,-50.615,-278.941,387.280,176.199,-7.178,-121.254,1,-0.0323,0.0279,-0.0284,0
19121125,0.020,0.304,0.061,0.002,0.004,0.001,-50.615,-278.941,387.280,176.199,-7.178,-121.254,1,-0.0323,0.0279,-0.0284,0
19121171,0.025,0.308,0.059,0.002,0.004,0.001,-50.615,-278.941,387.280,176.199,-7.178,-121.254,1,-0.0323,0.0279,-0.0284,0
19121218,0.018,0.308,0.050,0.002,0.005,0.001,-50.615,-278.941,387.280,176.199,-7.178,-121.254,1,-0.0323,0.0279,-0.0284,0
19121296,0.021,0.312,0.053,0.002,0.004,0.001,-50.615,-278.941,387.280,176.199,-7.178,-121.254,1,-0.0323,0.0279,-0.0284,0
19121437,0.027,0.304,0.068,0.001,0.004,-0.000,-50.615,-278.941,387.280,176.199,-7.178,-121.254,1,-0.0323,0.0279,-0.0284,0
19121531,0.029,0.297,0.050,0.001,0.004,0.000,-50.615,-278.941,387.280,176.199,-7.178,-121.254,1,-0.0323,0.0279,-0.0284,0
19121640,0.030,0.310,0.035,0.002,0.004,0.002,-50.615,-278.941,387.280,176.199,-7.178,-121.254,1,-0.0323,0.0279,-0.0284,0
19121718,0.012,0.309,0.031,0.002,0.005,0.001,-50.615,-278.941,387.280,176.199,-7.178,-121.254,1,-0.0323,0.0279,-0.0284,0
19121812,0.003,0.306,0.069,0.002,0.005,-0.000,-50.615,-278.941,387.280,176.199,-7.178,-121.254,1,-0.0323,0.0279,-0.0284,0
19121890,0.014,0.307,0.064,0.002,0.005,0.001,-50.615,-278.941,387.280,176.199,-7.178,-121.254,1,-0.0323,0.0279,-0.0284,0
19121968,0.043,0.308,0.039,0.001,0.004,0.002,-50.615,-278.941,387.280,176.199,-7.178,-121.254,1,-0.0323,0.0279,-0.0284,0
19122078,0.029,0.301,0.076,0.001,0.004,0.000,-50.615,-278.941,387.280,176.199,-7.178,-121.254,1,-0.0323,0.0279,-0.0284,0
19122187,0.020,0.310,0.060,0.002,0.005,0.002,-50.615,-278.941,387.280,176.199,-7.178,-121.254,1,-0.0323,0.0279,-0.0284,0
19122328,0.021,0.305,0.068,0.002,0.004,0.001,-50.615,-278.941,387.280,176.199,-7.178,-121.254,1,-0.0323,0.0279,-0.0284,0
19122375,0.020,0.302,0.063,0.002,0.004,0.001,-50.615,-278.941,387.280,176.199,-7.178,-121.254,1,-0.0323,0.0279,-0.0284,0
19122421,0.019,0.308,0.044,0.002,0.005,0.001,-50.615,-278.941,387.280,176.199,-7.178,-121.254,1,-0.0323,0.0279,-0.0284,0
19122500,0.018,0.302,0.058,0.001,0.005,0.001,-50.615,-278.941,387.280,176.199,-7.178,-121.254,1,-0.0323,0.0279,-0.0284,0
19122640,-0.004,0.297,0.066,0.002,0.005,0.002,-50.615,-278.941,387.280,176.199,-7.178,-121.254,1,-0.0323,0.0279,-0.0284,0
19122734,0.011,0.311,0.069,0.002,0.005,0.001,-50.615,-278.941,387.280,176.199,-7.178,-121.254,1,-0.0323,0.0279,-0.0284,0
19122843,0.031,0.305,0.071,0.001,0.004,0.000,-50.615,-278.941,387.280,176.199,-7.178,-121.254,1,-0.0323,0.0279,-0.0284,0
19122921,0.023,0.315,0.050,0.002,0.004,0.001,-50.615,-278.941,387.280,176.199,-7.178,-121.254,1,-0.0323,0.0279,-0.0284,0
19123015,0.020,0.317,0.062,0.002,0.004,0.001,-50.615,-278.941,387.280,176.199,-7.178,-121.254,1,-0.0323,0.0279,-0.0284,0
19123093,0.009,0.321,0.049,0.002,0.004,0.002,-50.615,-278.941,387.280,176.199,-7.178,-121.254,1,-0.0323,0.0279,-0.0284,0
19123171,0.020,0.315,0.049,0.002,0.004,0.001,-50.615,-278.941,387.280,176.199,-7.178,-121.254,1,-0.0323,0.0279,-0.0284,0
19123281,-0.008,0.305,0.061,0.002,0.005,0.001,-50.615,-278.941,387.280,176.199,-7.178,-121.254,1,-0.0323,0.0279,-0.0284,0
19123390,0.004,0.311,0.069,0.002,0.005,0.001,-50.615,-278.941,387.280,176.199,-7.178,-121.254,1,-0.0323,0.0279,-0.0284,0
19123531,0.022,0.342,0.071,0.003,0.004,0.002,-50.615,-278.941,387.280,176.199,-7.178,-121.254,1,-0.0323,0.0279,-0.0284,0
19123578,0.024,0.341,0.093,0.003,0.004,0.002,-50.615,-278.941,387.280,176.199,-7.178,-121.254,1,-0.0323,0.0279,-0.0284,0
19123625,0.026,0.312,0.077,0.002,0.004,0.001,-50.615,-278.941,387.280,176.199,-7.178,-121.254,1,-0.0323,0.0279,-0.0284,0
19123703,0.022,0.313,0.047,0.002,0.004,0.001,-50.615,-278.941,387.280,176.199,-7.178,-121.254,1,-0.0323,0.0279,-0.0284,0
19123843,0.011,0.308,0.058,0.002,0.005,0.001,-50.615,-278.941,387.280,176.199,-7.178,-121.254,1,-0.0323,0.0279,-0.0284,0
19123937,0.010,0.301,0.069,0.002,0.005,0.001,-50.615,-278.941,387.280,176.199,-7.178,-121.254,1,-0.0323,0.0279,-0.0284,0
19124046,0.011,0.304,0.048,0.001,0.004,0.001,-50.615,-278.941,387.280,176.199,-7.178,-121.254,1,-0.0323,0.0279,-0.0284,0
19124125,0.018,0.313,0.033,0.002,0.004,0.002,-50.615,-278.941,387.280,176.199,-7.178,-121.254,1,-0.0323,0.0279,-0.0284,0
19124218,0.019,0.329,0.089,0.002,0.004,0.002,-50.615,-278.941,387.280,176.199,-7.178,-121.254,1,-0.0323,0.0279,-0.0284,0
19124296,0.024,0.328,0.060,0.003,0.004,0.001,-50.615,-278.941,387.280,176.199,-7.178,-121.254,1,-0.0323,0.0279,-0.0284,0
19124375,0.027,0.312,0.043,0.002,0.004,0.001,-50.615,-278.941,387.280,176.199,-7.178,-121.254,1,-0.0323,0.0279,-0.0284,0
19124484,0.029,0.308,0.080,0.001,0.004,-0.000,-50.615,-278.941,387.280,176.199,-7.178,-121.254,1,-0.0323,0.0279,-0.0284,0
19124593,0.014,0.313,0.091,0.002,0.004,0.000,-50.615,-278.941,387.280,176.199,-7.178,-121.254,1,-0.0323,0.0279,-0.0284,0
19124734,0.031,0.316,0.011,0.002,0.004,0.002,-50.615,-278.941,387.280,176.199,-7.178,-121.254,1,-0.0323,0.0279,-0.0284,0
19124781,0.024,0.314,0.044,0.002,0.004,0.001,-50.615,-278.941,387.280,176.199,-7.178,-121.254,1,-0.0323,0.0279,-0.0284,0
19124828,0.025,0.310,0.066,0.002,0.004,0.000,-50.615,-278.941,387.280,176.199,-7.178,-121.254,1,-0.0323,0.0279,-0.0284,0
19124906,0.022,0.339,0.083,0.003,0.005,0.001,-50.615,-278.941,387.280,176.199,-7.178,-121.254,1,-0.0323,0.0279,-0.0284,0
19125046,0.019,0.325,0.049,0.002,0.004,0.001,-50.615,-278.941,387.280,176.199,-7.178,-121.254,1,-0.0323,0.0279,-0.0284,0
19125140,0.029,0.309,0.045,0.001,0.004,0.001,-50.615,-278.941,387.280,176.199,-7.178,-121.254,1,-0.0323,0.0279,-0.0284,0
19125250,0.038,0.290,0.077,0.002,0.004,0.001,-50.615,-278.941,387.280,176.199,-7.178,-121.254,1,-0.0323,0.0279,-0.0284,0
19125328,0.019,0.295,0.072,0.002,0.005,0.001,-50.615,-278.941,387.280,176.199,-7.178,-121.254,1,-0.0323,0.0279,-0.0284,0
19125421,0.025,0.277,0.100,0.001,0.005,-0.000,-50.615,-278.941,387.280,176.199,-7.178,-121.254,1,-0.0323,0.0279,-0.0284,0
19125500,0.029,0.311,0.054,0.002,0.004,0.001,-50.615,-278.941,387.280,176.199,-7.178,-121.254,1,-0.0323,0.0279,-0.0284,0
19125578,0.037,0.316,0.067,0.002,0.004,0.001,-50.615,-278.941,387.280,176.199,-7.178,-121.254,1,-0.0323,0.0279,-0.0284,0
19125687,0.030,0.317,0.068,0.002,0.004,0.001,-50.615,-278.941,387.280,176.199,-7.178,-121.254,1,-0.0323,0.0279,-0.0284,0
19125796,0.027,0.306,0.065,0.002,0.004,0.001,-50.615,-278.941,387.280,176.199,-7.178,-121.254,1,-0.0323,0.0279,-0.0284,0
19125937,0.029,0.310,0.063,0.001,0.004,0.000,-50.615,-278.941,387.280,176.199,-7.178,-121.254,1,-0.0323,0.0279,-0.0284,0
19125984,0.016,0.307,0.091,0.002,0.004,0.000,-50.615,-278.941,387.280,176.199,-7.178,-121.254,1,-0.0323,0.0279,-0.0284,0
19126031,0.017,0.304,0.099,0.002,0.005,0.000,-50.615,-278.941,387.280,176.199,-7.178,-121.254,1,-0.0323,0.0279,-0.0284,0
19126109,0.025,0.310,0.047,0.002,0.004,0.001,-50.615,-278.941,387.280,176.199,-7.178,-121.254,1,-0.0323,0.0279,-0.0284,0
19126250,0.025,0.306,0.076,0.001,0.004,0.000,-50.615,-278.941,387.280,176.199,-7.178,-121.254,1,-0.0323,0.0279,-0.0284,0
19126343,0.030,0.322,0.050,0.003,0.004,0.002,-50.615,-278.941,387.280,176.199,-7.178,-121.254,1,-0.0323,0.0279,-0.0284,0
19126453,0.030,0.311,0.054,0.002,0.004,0.001,-50.615,-278.941,387.280,176.199,-7.178,-121.254,1,-0.0323,0.0279,-0.0284,0
19126531,0.034,0.299,0.054,0.001,0.004,0.001,-50.615,-278.941,387.280,176.199,-7.178,-121.254,1,-0.0323,0.0279,-0.0284,0
19126625,0.019,0.314,0.079,0.002,0.004,0.000,-50.615,-278.941,387.280,176.199,-7.178,-121.254,1,-0.0323,0.0279,-0.0284,0
19126687,0.022,0.299,0.081,0.002,0.004,0.000,-50.615,-278.941,387.280,176.199,-7.178,-121.254,1,-0.0323,0.0279,-0.0284,0
19126765,0.022,0.298,0.078,0.002,0.004,0.000,-50.615,-278.941,387.280,176.199,-7.178,-121.254,1,-0.0323,0.0279,-0.0284,0
19126875,0.018,0.283,0.073,0.002,0.005,0.001,-50.615,-278.941,387.280,176.199,-7.178,-121.254,1,-0.0323,0.0279,-0.0284,0
19127000,0.042,0.315,0.045,0.002,0.004,0.001,-50.615,-278.941,387.280,176.199,-7.178,-121.254,1,-0.0323,0.0279,-0.0284,0
19127125,0.036,0.307,0.037,0.001,0.004,0.001,-50.615,-278.941,387.280,176.199,-7.178,-121.254,1,-0.0323,0.0279,-0.0284,0
19127171,0.031,0.308,0.073,0.002,0.004,0.001,-50.615,-278.941,387.280,176.199,-7.178,-121.254,1,-0.0323,0.0279,-0.0284,0
19127218,0.034,0.307,0.098,0.002,0.004,0.000,-50.615,-278.941,387.280,176.199,-7.178,-121.254,1,-0.0323,0.0279,-0.0284,0
19127312,0.035,0.304,0.068,0.001,0.004,0.000,-50.615,-278.941,387.280,176.199,-7.178,-121.254,1,-0.0323,0.0279,-0.0284,0
19127437,0.024,0.301,0.064,0.002,0.004,0.000,-50.615,-278.941,387.280,176.199,-7.178,-121.254,1,-0.0323,0.0279,-0.0284,0
19127531,0.016,0.291,0.098,0.002,0.004,-0.000,-50.615,-278.941,387.280,176.199,-7.178,-121.254,1,-0.0323,0.0279,-0.0284,0
19127640,0.026,0.303,0.061,0.002,0.004,0.001,-50.615,-278.941,387.280,176.199,-7.178,-121.254,1,-0.0323,0.0279,-0.0284,0
19127718,0.012,0.306,0.065,0.002,0.004,0.001,-50.615,-278.941,387.280,176.199,-7.178,-121.254,1,-0.0323,0.0279,-0.0284,0
19127812,0.040,0.318,0.107,0.002,0.004,-0.000,-50.615,-278.941,387.280,176.199,-7.178,-121.254,1,-0.0323,0.0279,-0.0284,0
19127890,0.035,0.308,0.049,0.002,0.004,0.001,-50.615,-278.941,387.280,176.199,-7.178,-121.254,1,-0.0323,0.0279,-0.0284,0
19127968,0.023,0.308,0.043,0.002,0.004,0.001,-50.615,-278.941,387.280,176.199,-7.178,-121.254,1,-0.0323,0.0279,-0.0284,0
19128078,0.040,0.300,0.048,0.002,0.004,0.001,-50.615,-278.941,387.280,176.199,-7.178,-121.254,1,-0.0323,0.0279,-0.0284,0
19128187,0.039,0.295,0.071,0.001,0.004,0.001,-50.615,-278.941,387.280,176.199,-7.178,-121.254,1,-0.0323,0.0279,-0.0284,0
19128328,0.032,0.305,0.045,0.002,0.004,0.001,-50.615,-278.941,387.280,176.199,-7.178,-121.254,1,-0.0323,0.0279,-0.0284,0
19128375,0.031,0.319,0.017,0.002,0.004,0.002,-50.615,-278.941,387.280,176.199,-7.178,-121.254,1,-0.0323,0.0279,-0.0284,0
19128421,0.026,0.314,0.036,0.002,0.004,0.002,-50.615,-278.941,387.280,176.199,-7.178,-121.254,1,-0.0323,0.0279,-0.0284,0
19128500,0.031,0.306,0.064,0.002,0.004,0.001,-50.615,-278.941,387.280,176.199,-7.178,-121.254,1,-0.0323,0.0279,-0.0284,0
19128640,0.039,0.310,0.058,0.001,0.004,0.000,-50.615,-278.941,387.280,176.199,-7.178,-121.254,1,-0.0323,0.0279,-0.0284,0
19128734,0.027,0.305,0.091,0.001,0.004,0.000,-50.615,-278.941,387.280,176.199,-7.178,-121.254,1,-0.0323,0.0279,-0.0284,0
19128843,0.035,0.302,0.039,0.001,0.004,-0.000,-50.615,-278.941,387.280,176.199,-7.178,-121.254,1,-0.0323,0.0279,-0.0284,0
19128921,0.034,0.297,0.091,0.001,0.004,-0.001,-50.615,-278.941,387.280,176.199,-7.178,-121.254,1,-0.0323,0.0279,-0.0284,0
19129015,0.043,0.316,0.042,0.002,0.004,0.001,-50.615,-278.941,387.280,176.199,-7.178,-121.254,1,-0.0323,0.0279,-0.0284,0
19129093,0.030,0.302,0.081,0.002,0.004,-0.000,-50.615,-278.941,387.280,176.199,-7.178,-121.254,1,-0.0323,0.0279,-0.0284,0
19129171,0.039,0.318,0.074,0.002,0.004,0.001,-50.615,-278.941,387.280,176.199,-7.178,-121.254,1,-0.0323,0.0279,-0.0284,0
19129281,0.040,0.306,0.056,0.002,0.004,0.001,-50.615,-278.941,387.280,176.199,-7.178,-121.254,1,-0.0323,0.0279,-0.0284,0
19129390,0.037,0.302,0.030,0.001,0.004,0.001,-50.615,-278.941,387.280,176.199,-7.178,-121.254,1,-0.0323,0.0279,-0.0284,0
19129531,0.040,0.303,0.064,0.001,0.004,0.000,-50.615,-278.941,387.280,176.199,-7.178,-121.254,1,-0.0323,0.0279,-0.0284,0
19129578,0.040,0.307,0.045,0.002,0.004,0.001,-50.615,-278.941,387.280,176.199,-7.178,-121.254,1,-0.0323,0.0279,-0.0284,0
19129625,0.043,0.310,0.044,0.002,0.004,0.001,-50.615,-278.941,387.280,176.199,-7.178,-121.254,1,-0.0323,0.0279,-0.0284,0
19129703,0.053,0.306,0.065,0.002,0.003,0.000,-50.615,-278.941,387.280,176.199,-7.178,-121.254,1,-0.0323,0.0279,-0.0284,0
19129828,0.053,0.311,0.056,0.002,0.004,0.001,-50.615,-278.941,387.280,176.199,-7.178,-121.254,1,-0.0323,0.0279,-0.0284,0
19129921,0.045,0.309,0.040,0.002,0.004,0.002,-50.615,-278.941,387.280,176.199,-7.178,-121.254,1,-0.0323,0.0279,-0.0284,0
19130031,0.032,0.309,0.060,0.002,0.004,0.001,-50.615,-278.941,387.280,176.199,-7.178,-121.254,1,-0.0323,0.0279,-0.0284,0
19130109,0.038,0.303,0.084,0.001,0.004,-0.001,-50.615,-278.941,387.280,176.199,-7.178,-121.254,1,-0.0323,0.0279,-0.0284,0
19130203,0.029,0.322,0.013,0.002,0.004,0.002,-50.615,-278.941,387.280,176.199,-7.178,-121.254,1,-0.0323,0.0279,-0.0284,0
19130281,0.037,0.315,0.069,0.002,0.004,0.000,-50.615,-278.941,387.280,176.199,-7.178,-121.254,1,-0.0323,0.0279,-0.0284,0
19130359,0.038,0.313,0.069,0.002,0.004,0.000,-50.615,-278.941,387.280,176.199,-7.178,-121.254,1,-0.0323,0.0279,-0.0284,0
19130468,0.053,0.317,0.061,0.001,0.003,0.000,-50.615,-278.941,387.280,176.199,-7.178,-121.254,1,-0.0323,0.0279,-0.0284,0
19130578,0.031,0.320,0.043,0.002,0.004,0.002,-50.615,-278.941,387.280,176.199,-7.178,-121.254,1,-0.0323,0.0279,-0.0284,0
19130718,0.032,0.305,0.043,0.002,0.004,0.001,-50.615,-278.941,387.280,176.199,-7.178,-121.254,1,-0.0323,0.0279,-0.0284,0
19130765,0.020,0.307,-0.010,0.002,0.005,0.003,-50.615,-278.941,387.280,176.199,-7.178,-121.254,1,-0.0323,0.0279,-0.0284,0
19130812,0.030,0.306,0.012,0.002,0.004,0.002,-50.615,-278.941,387.280,176.199,-7.178,-121.254,1,-0.0323,0.0279,-0.0284,0
19130890,0.025,0.308,0.037,0.002,0.004,0.002,-50.615,-278.941,387.280,176.199,-7.178,-121.254,1,-0.0323,0.0279,-0.0284,0
19131031,0.036,0.311,0.048,0.002,0.004,0.002,-50.615,-278.941,387.280,176.199,-7.178,-121.254,1,-0.0323,0.0279,-0.0284,0
19131125,0.028,0.313,0.052,0.002,0.004,0.001,-50.615,-278.941,387.280,176.199,-7.178,-121.254,1,-0.0323,0.0279,-0.0284,0
19131234,0.035,0.322,0.014,0.002,0.004,0.002,-50.615,-278.941,387.280,176.199,-7.178,-121.254,1,-0.0323,0.0279,-0.0284,0
19131312,0.052,0.313,0.046,0.002,0.004,0.001,-50.615,-278.941,387.280,176.199,-7.178,-121.254,1,-0.0323,0.0279,-0.0284,0
19131406,0.029,0.312,0.043,0.002,0.004,0.002,-50.615,-278.941,387.280,176.199,-7.178,-121.254,1,-0.0323,0.0279,-0.0284,0
19131484,0.035,0.287,0.062,0.001,0.004,-0.000,-50.615,-278.941,387.280,176.199,-7.178,-121.254,1,-0.0323,0.0279,-0.0284,0
19131562,0.036,0.298,0.081,0.002,0.004,0.000,-50.615,-278.941,387.280,176.199,-7.178,-121.254,1,-0.0323,0.0279,-0.0284,0
19131671,0.025,0.316,0.050,0.002,0.004,0.002,-50.615,-278.941,387.280,176.199,-7.178,-121.254,1,-0.0323,0.0279,-0.0284,0
19131781,0.034,0.314,0.048,0.002,0.004,0.001,-50.615,-278.941,387.280,176.199,-7.178,-121.254,1,-0.0323,0.0279,-0.0284,0
19131921,0.024,0.312,0.045,0.002,0.004,0.002,-50.615,-278.941,387.280,176.199,-7.178,-121.254,1,-0.0323,0.0279,-0.0284,0
19131968,0.021,0.311,0.059,0.002,0.004,0.001,-50.615,-278.941,387.280,176.199,-7.178,-121.254,1,-0.0323,0.0279,-0.0284,0
19132015,0.025,0.326,0.034,0.002,0.004,0.002,-50.615,-278.941,387.280,176.199,-7.178,-121.254,1,-0.0323,0.0279,-0.0284,0
19132093,0.036,0.311,0.073,0.002,0.004,0.000,-50.615,-278.941,387.280,176.199,-7.178,-121.254,1,-0.0323,0.0279,-0.0284,0
19132234,0.022,0.312,0.052,0.002,0.004,0.002,-50.615,-278.941,387.280,176.199,-7.178,-121.254,1,-0.0323,0.0279,-0.0284,0
19132312,0.019,0.318,0.043,0.003,0.004,0.002,-50.615,-278.941,387.280,176.199,-7.178,-121.254,1,-0.0323,0.0279,-0.0284,0
19132421,0.032,0.310,0.053,0.002,0.004,0.001,-50.615,-278.941,387.280,176.199,-7.178,-121.254,1,-0.0323,0.0279,-0.0284,0
19132500,0.039,0.301,0.051,0.001,0.004,0.001,-50.615,-278.941,387.280,176.199,-7.178,-121.254,1,-0.0323,0.0279,-0.0284,0
19132593,0.018,0.305,0.051,0.002,0.005,0.002,-50.615,-278.941,387.280,176.199,-7.178,-121.254,1,-0.0323,0.0279,-0.0284,0
19132671,0.006,0.303,0.054,0.002,0.005,0.001,-50.615,-278.941,387.280,176.199,-7.178,-121.254,1,-0.0323,0.0279,-0.0284,0
19132750,0.032,0.302,0.050,0.001,0.004,0.001,-50.615,-278.941,387.280,176.199,-7.178,-121.254,1,-0.0323,0.0279,-0.0284,0
19132859,0.001,0.332,0.060,0.003,0.004,0.002,-50.615,-278.941,387.280,176.199,-7.178,-121.254,1,-0.0323,0.0279,-0.0284,0
19132968,0.029,0.292,0.066,0.002,0.004,0.001,-50.615,-278.941,387.280,176.199,-7.178,-121.254,1,-0.0323,0.0279,-0.0284,0
19133109,0.022,0.307,0.057,0.002,0.004,0.001,-50.615,-278.941,387.280,176.199,-7.178,-121.254,1,-0.0323,0.0279,-0.0284,0
19133156,0.002,0.328,0.057,0.003,0.005,0.002,-50.615,-278.941,387.280,176.199,-7.178,-121.254,1,-0.0323,0.0279,-0.0284,0
19133203,0.010,0.313,0.077,0.002,0.005,0.001,-50.615,-278.941,387.280,176.199,-7.178,-121.254,1,-0.0323,0.0279,-0.0284,0
19133281,0.014,0.287,0.063,0.001,0.005,0.001,-50.615,-278.941,387.280,176.199,-7.178,-121.254,1,-0.0323,0.0279,-0.0284,0
19133421,0.002,0.282,0.063,0.002,0.004,0.001,-50.615,-278.941,387.280,176.199,-7.178,-121.254,1,-0.0323,0.0279,-0.0284,0
19133515,-0.001,0.272,0.072,0.002,0.004,0.002,-50.615,-278.941,387.280,176.199,-7.178,-121.254,1,-0.0323,0.0279,-0.0284,0
19133562,0.021,0.285,0.088,0.001,0.004,0.000,-50.615,-278.941,387.280,176.199,-7.178,-121.254,1,-0.0323,0.0279,-0.0284,0
19133640,0.027,0.304,0.061,0.002,0.005,0.001,-50.615,-278.941,387.280,176.199,-7.178,-121.254,1,-0.0323,0.0279,-0.0284,0
19133718,0.026,0.301,0.033,0.002,0.004,0.002,-50.615,-278.941,387.280,176.199,-7.178,-121.254,1,-0.0323,0.0279,-0.0284,0
19133796,0.021,0.298,0.090,0.002,0.004,0.001,-50.615,-278.941,387.280,176.199,-7.178,-121.254,1,-0.0323,0.0279,-0.0284,0
19133890,0.030,0.295,0.062,0.001,0.004,0.000,-50.615,-278.941,387.280,176.199,-7.178,-121.254,1,-0.0323,0.0279,-0.0284,0
19133968,0.021,0.295,0.083,0.001,0.004,0.000,-50.615,-278.941,387.280,176.199,-7.178,-121.254,1,-0.0323,0.0279,-0.0284,0
19134078,0.014,0.297,0.045,0.002,0.004,0.001,-50.615,-278.941,387.280,176.199,-7.178,-121.254,1,-0.0323,0.0279,-0.0284,0
19134171,0.026,0.304,0.032,0.001,0.004,0.002,-50.615,-278.941,387.280,176.199,-7.178,-121.254,1,-0.0323,0.0279,-0.0284,0
19134312,0.021,0.310,0.081,0.002,0.004,0.000,-50.615,-278.941,387.280,176.199,-7.178,-121.254,1,-0.0323,0.0279,-0.0284,0
19134359,0.025,0.312,0.068,0.001,0.004,0.001,-50.615,-278.941,387.280,176.199,-7.178,-121.254,1,-0.0323,0.0279,-0.0284,0
19134406,0.021,0.305,0.047,0.002,0.004,0.001,-50.615,-278.941,387.280,176.199,-7.178,-121.254,1,-0.0323,0.0279,-0.0284,0
19134484,0.028,0.297,0.024,0.002,0.004,0.002,-50.615,-278.941,387.280,176.199,-7.178,-121.254,1,-0.0323,0.0279,-0.0284,0
19134625,0.028,0.284,0.106,0.001,0.004,-0.001,-50.615,-278.941,387.280,176.199,-7.178,-121.254,1,-0.0323,0.0279,-0.0284,0
19134718,0.019,0.288,0.055,0.001,0.004,0.000,-50.615,-278.941,387.280,176.199,-7.178,-121.254,1,-0.0323,0.0279,-0.0284,0
19134828,0.024,0.298,0.060,0.002,0.004,0.001,-50.615,-278.941,387.280,176.199,-7.178,-121.254,1,-0.0323,0.0279,-0.0284,0
19134906,0.033,0.301,0.081,0.001,0.004,-0.000,-50.615,-278.941,387.280,176.199,-7.178,-121.254,1,-0.0323,0.0279,-0.0284,0
19135000,0.037,0.320,0.045,0.001,0.004,0.001,-50.615,-278.941,387.280,176.199,-7.178,-121.254,1,-0.0323,0.0279,-0.0284,0
19135078,0.017,0.310,0.018,0.002,0.004,0.002,-50.615,-278.941,387.280,176.199,-7.178,-121.254,1,-0.0323,0.0279,-0.0284,0
19135156,0.018,0.295,0.048,0.001,0.004,0.001,-50.615,-278.941,387.280,176.199,-7.178,-121.254,1,-0.0323,0.0279,-0.0284,0
19135265,0.021,0.294,0.054,0.001,0.004,0.001,-50.615,-278.941,387.280,176.199,-7.178,-121.254,1,-0.0323,0.0279,-0.0284,0
19135375,0.029,0.285,0.086,0.001,0.004,-0.001,-50.615,-278.941,387.280,176.199,-7.178,-121.254,1,-0.0323,0.0279,-0.0284,0
19135515,0.041,0.298,0.091,0.001,0.004,-0.001,-50.615,-278.941,387.280,176.199,-7.178,-121.254,1,-0.0323,0.0279,-0.0284,0
19135562,0.034,0.300,0.074,0.001,0.004,-0.000,-50.615,-278.941,387.280,176.199,-7.178,-121.254,1,-0.0323,0.0279,-0.0284,0
19135671,0.035,0.297,0.090,0.001,0.004,-0.000,-50.615,-278.941,387.280,176.199,-7.178,-121.254,1,-0.0323,0.0279,-0.0284,0
19135812,0.029,0.288,0.064,0.001,0.004,-0.000,-50.615,-278.941,387.280,176.199,-7.178,-121.254,1,-0.0323,0.0279,-0.0284,0
19135906,0.020,0.291,0.023,0.002,0.004,0.002,-50.615,-278.941,387.280,176.199,-7.178,-121.254,1,-0.0323,0.0279,-0.0284,0
19136015,0.019,0.298,0.044,0.001,0.004,0.001,-50.615,-278.941,387.280,176.199,-7.178,-121.254,1,-0.0323,0.0279,-0.0284,0
19136093,0.030,0.284,0.076,0.001,0.004,-0.001,-50.615,-278.941,387.280,176.199,-7.178,-121.254,1,-0.0323,0.0279,-0.0284,0
19136187,0.017,0.310,0.034,0.002,0.005,0.002,-50.615,-278.941,387.280,176.199,-7.178,-121.254,1,-0.0323,0.0279,-0.0284,0
19136265,0.021,0.303,0.046,0.002,0.004,0.002,-50.615,-278.941,387.280,176.199,-7.178,-121.254,1,-0.0323,0.0279,-0.0284,0
19136343,0.023,0.289,0.073,0.001,0.004,0.000,-50.615,-278.941,387.280,176.199,-7.178,-121.254,1,-0.0323,0.0279,-0.0284,0
19136453,0.018,0.287,0.043,0.001,0.005,0.000,-50.615,-278.941,387.280,176.199,-7.178,-121.254,1,-0.0323,0.0279,-0.0284,0
19136562,0.013,0.307,0.043,0.002,0.005,0.001,-50.615,-278.941,387.280,176.199,-7.178,-121.254,1,-0.0323,0.0279,-0.0284,0
19136703,0.012,0.304,0.048,0.002,0.004,0.002,-50.615,-278.941,387.280,176.199,-7.178,-121.254,1,-0.0323,0.0279,-0.0284,0
19136750,0.015,0.303,0.021,0.001,0.004,0.002,-50.615,-278.941,387.280,176.199,-7.178,-121.254,1,-0.0323,0.0279,-0.0284,0
19136796,0.024,0.298,0.057,0.001,0.004,0.000,-50.615,-278.941,387.280,176.199,-7.178,-121.254,1,-0.0323,0.0279,-0.0284,0
19136875,0.025,0.309,0.041,0.002,0.004,0.002,-50.615,-278.941,387.280,176.199,-7.178,-121.254,1,-0.0323,0.0279,-0.0284,0
19137015,0.022,0.301,0.038,0.002,0.004,0.002,-50.615,-278.941,387.280,176.199,-7.178,-121.254,1,-0.0323,0.0279,-0.0284,0
19137109,0.019,0.287,0.098,0.001,0.004,-0.000,-50.615,-278.941,387.280,176.199,-7.178,-121.254,1,-0.0323,0.0279,-0.0284,0
19137218,0.019,0.288,0.071,0.001,0.004,0.000,-50.615,-278.941,387.280,176.199,-7.178,-121.254,1,-0.0323,0.0279,-0.0284,0
19137296,0.012,0.292,0.055,0.002,0.005,0.001,-50.615,-278.941,387.280,176.199,-7.178,-121.254,1,-0.0323,0.0279,-0.0284,0
19137390,0.001,0.316,0.048,0.003,0.005,0.003,-50.615,-278.941,387.280,176.199,-7.178,-121.254,1,-0.0323,0.0279,-0.0284,0
19137468,0.014,0.303,0.049,0.002,0.005,0.002,-50.615,-278.941,387.280,176.199,-7.178,-121.254,1,-0.0323,0.0279,-0.0284,0
19137546,0.009,0.298,0.052,0.002,0.004,0.001,-50.615,-278.941,387.280,176.199,-7.178,-121.254,1,-0.0323,0.0279,-0.0284,0
19137656,0.014,0.294,0.094,0.002,0.004,0.000,-50.615,-278.941,387.280,176.199,-7.178,-121.254,1,-0.0323,0.0279,-0.0284,0
19137765,-0.008,0.305,0.049,0.002,0.005,0.001,-50.615,-278.941,387.280,176.199,-7.178,-121.254,1,-0.0323,0.0279,-0.0284,0
19137906,0.022,0.289,0.079,0.001,0.005,0.000,-50.615,-278.941,387.280,176.199,-7.178,-121.254,1,-0.0323,0.0279,-0.0284,0
19137953,-0.003,0.320,0.057,0.002,0.005,0.002,-50.615,-278.941,387.280,176.199,-7.178,-121.254,1,-0.0323,0.0279,-0.0284,0
19138000,-0.011,0.336,0.053,0.003,0.006,0.003,-50.615,-278.941,387.280,176.199,-7.178,-121.254,1,-0.0323,0.0279,-0.0284,0
19138078,0.012,0.301,0.094,0.002,0.005,0.001,-50.615,-278.941,387.280,176.199,-7.178,-121.254,1,-0.0323,0.0279,-0.0284,0
19138218,0.024,0.301,0.075,0.002,0.004,0.000,-50.615,-278.941,387.280,176.199,-7.178,-121.254,1,-0.0323,0.0279,-0.0284,0
19138312,0.011,0.309,0.038,0.002,0.005,0.002,-50.615,-278.941,387.280,176.199,-7.178,-121.254,1,-0.0323,0.0279,-0.0284,0
19138421,0.008,0.304,0.048,0.002,0.005,0.001,-50.615,-278.941,387.280,176.199,-7.178,-121.254,1,-0.0323,0.0279,-0.0284,0
19138500,0.022,0.300,0.043,0.001,0.004,0.001,-50.615,-278.941,387.280,176.199,-7.178,-121.254,1,-0.0323,0.0279,-0.0284,0
19138593,0.003,0.296,0.078,0.001,0.005,0.000,-50.615,-278.941,387.280,176.199,-7.178,-121.254,1,-0.0323,0.0279,-0.0284,0
19138671,-0.005,0.309,0.074,0.002,0.005,0.002,-50.615,-278.941,387.280,176.199,-7.178,-121.254,1,-0.0323,0.0279,-0.0284,0
19138750,0.000,0.327,0.058,0.003,0.006,0.002,-50.615,-278.941,387.280,176.199,-7.178,-121.254,1,-0.0323,0.0279,-0.0284,0
19138859,-0.007,0.311,0.053,0.002,0.005,0.001,-50.615,-278.941,387.280,176.199,-7.178,-121.254,1,-0.0323,0.0279,-0.0284,0
19138968,0.013,0.300,0.069,0.002,0.005,0.000,-50.615,-278.941,387.280,176.199,-7.178,-121.254,1,-0.0323,0.0279,-0.0284,0
19139109,0.009,0.302,0.044,0.001,0.004,0.001,-50.615,-278.941,387.280,176.199,-7.178,-121.254,1,-0.0323,0.0279,-0.0284,0
19139156,-0.011,0.298,0.076,0.001,0.005,0.001,-50.615,-278.941,387.280,176.199,-7.178,-121.254,1,-0.0323,0.0279,-0.0284,0
19139203,-0.029,0.298,0.068,0.002,0.005,0.001,-50.615,-278.941,387.280,176.199,-7.178,-121.254,1,-0.0323,0.0279,-0.0284,0
19139281,-0.014,0.298,0.058,0.002,0.005,0.001,-50.615,-278.941,387.280,176.199,-7.178,-121.254,1,-0.0323,0.0279,-0.0284,0
19139421,-0.002,0.301,0.044,0.002,0.005,0.001,-50.615,-278.941,387.280,176.199,-7.178,-121.254,1,-0.0323,0.0279,-0.0284,0
19139515,0.008,0.290,0.020,0.001,0.004,0.001,-50.615,-278.941,387.280,176.199,-7.178,-121.254,1,-0.0323,0.0279,-0.0284,0
19139625,-0.005,0.304,0.058,0.002,0.004,0.002,-50.615,-278.941,387.280,176.199,-7.178,-121.254,1,-0.0323,0.0279,-0.0284,0
19139703,0.006,0.293,0.062,0.002,0.004,0.002,-50.615,-278.941,387.280,176.199,-7.178,-121.254,1,-0.0323,0.0279,-0.0284,0
19139796,0.005,0.301,0.040,0.001,0.005,0.001,-50.615,-278.941,387.280,176.199,-7.178,-121.254,1,-0.0323,0.0279,-0.0284,0
19139875,0.010,0.287,0.065,0.000,0.004,-0.000,-50.615,-278.941,387.280,176.199,-7.178,-121.254,1,-0.0323,0.0279,-0.0284,0
19139953,-0.005,0.287,0.063,0.001,0.005,0.001,-50.615,-278.941,387.280,176.199,-7.178,-121.254,1,-0.0323,0.0279,-0.0284,0
19140062,0.006,0.285,0.089,0.001,0.005,0.000,-50.615,-278.941,387.280,176.199,-7.178,-121.254,1,-0.0323,0.0279,-0.0284,0
19140171,0.018,0.300,0.094,0.001,0.004,-0.000,-50.615,-278.941,387.280,176.199,-7.178,-121.254,1,-0.0323,0.0279,-0.0284,0
19140312,-0.001,0.306,0.045,0.002,0.005,0.001,-50.615,-278.941,387.280,176.199,-7.178,-121.254,1,-0.0323,0.0279,-0.0284,0
19140359,0.005,0.296,0.050,0.002,0.005,0.001,-50.615,-278.941,387.280,176.199,-7.178,-121.254,1,-0.0323,0.0279,-0.0284,0
19140406,0.002,0.294,0.073,0.001,0.005,0.000,-50.615,-278.941,387.280,176.199,-7.178,-121.254,1,-0.0323,0.0279,-0.0284,0
19140484,0.010,0.292,0.065,0.001,0.005,-0.000,-50.615,-278.941,387.280,176.199,-7.178,-121.254,1,-0.0323,0.0279,-0.0284,0
19140625,0.025,0.294,0.053,0.001,0.004,0.000,-50.615,-278.941,387.280,176.199,-7.178,-121.254,1,-0.0323,0.0279,-0.0284,0
19140718,0.011,0.292,0.089,0.000,0.004,-0.001,-50.615,-278.941,387.280,176.199,-7.178,-121.254,1,-0.0323,0.0279,-0.0284,0
19140828,0.036,0.309,0.079,0.002,0.004,0.000,-50.615,-278.941,387.280,176.199,-7.178,-121.254,1,-0.0323,0.0279,-0.0284,0
19140890,-0.001,0.318,0.027,0.002,0.005,0.003,-50.615,-278.941,387.280,176.199,-7.178,-121.254,1,-0.0323,0.0279,-0.0284,0
19140984,0.007,0.304,0.043,0.002,0.005,0.001,-50.615,-278.941,387.280,176.199,-7.178,-121.254,1,-0.0323,0.0279,-0.0284,0
19141062,0.021,0.275,0.079,0.000,0.004,-0.001,-50.615,-278.941,387.280,176.199,-7.178,-121.254,1,-0.0323,0.0279,-0.0284,0
19141140,0.003,0.294,0.081,0.001,0.005,0.000,-50.615,-278.941,387.280,176.199,-7.178,-121.254,1,-0.0323,0.0279,-0.0284,0
19141250,0.020,0.289,-0.001,0.002,0.005,0.002,-50.615,-278.941,387.280,176.199,-7.178,-121.254,1,-0.0323,0.0279,-0.0284,0
19141359,0.011,0.307,0.048,0.001,0.004,0.001,-50.615,-278.941,387.280,176.199,-7.178,-121.254,1,-0.0323,0.0279,-0.0284,0
19141500,0.014,0.285,0.103,0.001,0.004,-0.001,-50.615,-278.941,387.280,176.199,-7.178,-121.254,1,-0.0323,0.0279,-0.0284,0
19141546,0.012,0.301,0.073,0.002,0.004,-0.000,-50.615,-278.941,387.280,176.199,-7.178,-121.254,1,-0.0323,0.0279,-0.0284,0
19141593,0.001,0.304,0.033,0.001,0.005,0.001,-50.615,-278.941,387.280,176.199,-7.178,-121.254,1,-0.0323,0.0279,-0.0284,0
19141671,0.006,0.296,0.033,0.001,0.005,0.001,-50.615,-278.941,387.280,176.199,-7.178,-121.254,1,-0.0323,0.0279,-0.0284,0
19141812,0.006,0.290,0.070,0.002,0.005,0.001,-50.615,-278.941,387.280,176.199,-7.178,-121.254,1,-0.0323,0.0279,-0.0284,0
19141906,0.011,0.288,0.099,0.001,0.005,-0.001,-50.615,-278.941,387.280,176.199,-7.178,-121.254,1,-0.0323,0.0279,-0.0284,0
19142015,0.007,0.298,0.019,0.002,0.005,0.002,-50.615,-278.941,387.280,176.199,-7.178,-121.254,1,-0.0323,0.0279,-0.0284,0
19142093,0.009,0.302,0.015,0.001,0.004,0.002,-50.615,-278.941,387.280,176.199,-7.178,-121.254,1,-0.0323,0.0279,-0.0284,0
19142187,0.019,0.290,0.069,0.001,0.004,0.000,-50.615,-278.941,387.280,176.199,-7.178,-121.254,1,-0.0323,0.0279,-0.0284,0
19142265,0.030,0.299,0.055,0.001,0.004,0.000,-50.615,-278.941,387.280,176.199,-7.178,-121.254,1,-0.0323,0.0279,-0.0284,0
19142343,0.014,0.283,0.069,0.001,0.004,0.000,-50.615,-278.941,387.280,176.199,-7.178,-121.254,1,-0.0323,0.0279,-0.0284,0
19142453,0.006,0.275,0.003,0.001,0.005,0.003,-50.615,-278.941,387.280,176.199,-7.178,-121.254,1,-0.0323,0.0279,-0.0284,0
19142562,0.010,0.289,0.052,0.002,0.005,0.001,-50.615,-278.941,387.280,176.199,-7.178,-121.254,1,-0.0323,0.0279,-0.0284,0
19142703,0.039,0.271,0.072,0.001,0.004,-0.001,-50.615,-278.941,387.280,176.199,-7.178,-121.254,1,-0.0323,0.0279,-0.0284,0
19142750,0.026,0.291,0.032,0.001,0.004,0.001,-50.615,-278.941,387.280,176.199,-7.178,-121.254,1,-0.0323,0.0279,-0.0284,0
19142796,0.014,0.295,0.044,0.002,0.004,0.001,-50.615,-278.941,387.280,176.199,-7.178,-121.254,1,-0.0323,0.0279,-0.0284,0
19142875,0.025,0.299,0.030,0.002,0.004,0.002,-50.615,-278.941,387.280,176.199,-7.178,-121.254,1,-0.0323,0.0279,-0.0284,0
19143015,0.018,0.300,0.073,0.001,0.004,-0.000,-50.615,-278.941,387.280,176.199,-7.178,-121.254,1,-0.0323,0.0279,-0.0284,0
19143109,0.008,0.283,0.026,0.001,0.005,0.000,-50.615,-278.941,387.280,176.199,-7.178,-121.254,1,-0.0323,0.0279,-0.0284,0
19143218,0.003,0.293,0.021,0.001,0.005,0.002,-50.615,-278.941,387.280,176.199,-7.178,-121.254,1,-0.0323,0.0279,-0.0284,0
19143296,0.010,0.301,0.041,0.002,0.004,0.002,-50.615,-278.941,387.280,176.199,-7.178,-121.254,1,-0.0323,0.0279,-0.0284,0
19143390,0.021,0.298,0.074,0.001,0.004,0.000,-50.615,-278.941,387.280,176.199,-7.178,-121.254,1,-0.0323,0.0279,-0.0284,0
19143468,0.025,0.304,0.036,0.001,0.004,0.001,-50.615,-278.941,387.280,176.199,-7.178,-121.254,1,-0.0323,0.0279,-0.0284,0
19143546,0.015,0.298,0.047,0.002,0.004,0.001,-50.615,-278.941,387.280,176.199,-7.178,-121.254,1,-0.0323,0.0279,-0.0284,0
19143656,0.002,0.292,0.023,0.002,0.005,0.003,-50.615,-278.941,387.280,176.199,-7.178,-121.254,1,-0.0323,0.0279,-0.0284,0
19143750,0.023,0.281,0.056,0.001,0.004,0.000,-50.615,-278.941,387.280,176.199,-7.178,-121.254,1,-0.0323,0.0279,-0.0284,0
19143906,0.035,0.280,0.086,0.001,0.004,-0.001,-50.615,-278.941,387.280,176.199,-7.178,-121.254,1,-0.0323,0.0279,-0.0284,0
19143953,0.020,0.296,0.066,0.002,0.004,0.001,-50.615,-278.941,387.280,176.199,-7.178,-121.254,1,-0.0323,0.0279,-0.0284,0
19144000,0.013,0.306,0.055,0.002,0.005,0.002,-50.615,-278.941,387.280,176.199,-7.178,-121.254,1,-0.0323,0.0279,-0.0284,0
19144062,0.013,0.302,0.056,0.002,0.004,0.001,-50.615,-278.941,387.280,176.199,-7.178,-121.254,1,-0.0323,0.0279,-0.0284,0
19144203,0.039,0.289,0.056,0.001,0.004,0.001,-50.615,-278.941,387.280,176.199,-7.178,-121.254,1,-0.0323,0.0279,-0.0284,0
19144296,-0.009,0.305,0.071,0.002,0.005,0.002,-50.615,-278.941,387.280,176.199,-7.178,-121.254,1,-0.0323,0.0279,-0.0284,0
19144406,0.001,0.328,0.042,0.003,0.005,0.002,-50.615,-278.941,387.280,176.199,-7.178,-121.254,1,-0.0323,0.0279,-0.0284,0
19144484,0.007,0.308,0.026,0.002,0.005,0.002,-50.615,-278.941,387.280,176.199,-7.178,-121.254,1,-0.0323,0.0279,-0.0284,0
19144578,0.011,0.306,0.031,0.002,0.005,0.003,-50.615,-278.941,387.280,176.199,-7.178,-121.254,1,-0.0323,0.0279,-0.0284,0
19144656,0.008,0.302,0.053,0.002,0.005,0.002,-50.615,-278.941,387.280,176.199,-7.178,-121.254,1,-0.0323,0.0279,-0.0284,0
19144734,0.017,0.293,0.099,0.002,0.004,0.000,-50.615,-278.941,387.280,176.199,-7.178,-121.254,1,-0.0323,0.0279,-0.0284,0
19144843,0.003,0.308,0.030,0.002,0.005,0.002,-50.615,-278.941,387.280,176.199,-7.178,-121.254,1,-0.0323,0.0279,-0.0284,0
19144953,-0.006,0.292,0.055,0.002,0.005,0.002,-50.615,-278.941,387.280,176.199,-7.178,-121.254,1,-0.0323,0.0279,-0.0284,0
19145093,0.008,0.298,0.026,0.002,0.005,0.002,-50.615,-278.941,387.280,176.199,-7.178,-121.254,1,-0.0323,0.0279,-0.0284,0
19145140,0.013,0.308,0.046,0.002,0.004,0.002,-50.615,-278.941,387.280,176.199,-7.178,-121.254,1,-0.0323,0.0279,-0.0284,0
19145187,0.015,0.303,0.067,0.001,0.004,0.001,-50.615,-278.941,387.280,176.199,-7.178,-121.254,1,-0.0323,0.0279,-0.0284,0
19145265,0.007,0.317,0.056,0.002,0.004,0.002,-50.615,-278.941,387.280,176.199,-7.178,-121.254,1,-0.0323,0.0279,-0.0284,0
19145406,0.013,0.301,0.060,0.002,0.005,0.001,-50.615,-278.941,387.280,176.199,-7.178,-121.254,1,-0.0323,0.0279,-0.0284,0
19145500,-0.004,0.302,0.064,0.001,0.005,0.001,-50.615,-278.941,387.280,176.199,-7.178,-121.254,1,-0.0323,0.0279,-0.0284,0
19145609,-0.009,0.301,0.060,0.002,0.005,0.001,-50.615,-278.941,387.280,176.199,-7.178,-121.254,1,-0.0323,0.0279,-0.0284,0
19145687,0.007,0.300,0.058,0.001,0.004,0.001,-50.615,-278.941,387.280,176.199,-7.178,-121.254,1,-0.0323,0.0279,-0.0284,0
19145781,-0.012,0.294,0.058,0.001,0.005,0.001,-50.615,-278.941,387.280,176.199,-7.178,-121.254,1,-0.0323,0.0279,-0.0284,0
19145859,0.005,0.312,0.077,0.001,0.004,0.000,-50.615,-278.941,387.280,176.199,-7.178,-121.254,1,-0.0323,0.0279,-0.0284,0
19145937,0.007,0.324,0.067,0.002,0.005,0.001,-50.615,-278.941,387.280,176.199,-7.178,-121.254,1,-0.0323,0.0279,-0.0284,0
19146046,0.015,0.294,0.048,0.001,0.005,0.001,-50.615,-278.941,387.280,176.199,-7.178,-121.254,1,-0.0323,0.0279,-0.0284,0
19146156,0.021,0.288,0.066,0.000,0.004,0.000,-50.615,-278.941,387.280,176.199,-7.178,-121.254,1,-0.0323,0.0279,-0.0284,0
19146296,-0.002,0.281,0.071,0.001,0.005,0.001,-50.615,-278.941,387.280,176.199,-7.178,-121.254,1,-0.0323,0.0279,-0.0284,0
19146343,0.014,0.297,0.048,0.001,0.004,0.001,-50.615,-278.941,387.280,176.199,-7.178,-121.254,1,-0.0323,0.0279,-0.0284,0
19146390,0.016,0.298,0.045,0.001,0.004,0.001,-50.615,-278.941,387.280,176.199,-7.178,-121.254,1,-0.0323,0.0279,-0.0284,0
19146468,0.018,0.286,0.065,0.001,0.004,0.000,-50.615,-278.941,387.280,176.199,-7.178,-121.254,1,-0.0323,0.0279,-0.0284,0
19146609,0.010,0.304,0.047,0.001,0.004,0.001,-50.615,-278.941,387.280,176.199,-7.178,-121.254,1,-0.0323,0.0279,-0.0284,0
19146703,0.015,0.310,0.065,0.002,0.004,0.001,-50.615,-278.941,387.280,176.199,-7.178,-121.254,1,-0.0323,0.0279,-0.0284,0
19146812,0.012,0.302,0.056,0.001,0.004,0.001,-50.615,-278.941,387.280,176.199,-7.178,-121.254,1,-0.0323,0.0279,-0.0284,0
19146890,-0.005,0.312,0.055,0.002,0.005,0.002,-50.615,-278.941,387.280,176.199,-7.178,-121.254,1,-0.0323,0.0279,-0.0284,0
19146984,0.018,0.287,0.082,0.001,0.004,-0.000,-50.615,-278.941,387.280,176.199,-7.178,-121.254,1,-0.0323,0.0279,-0.0284,0
19147062,0.010,0.291,0.086,0.002,0.005,0.000,-50.615,-278.941,387.280,176.199,-7.178,-121.254,1,-0.0323,0.0279,-0.0284,0
19147140,0.023,0.302,0.035,0.001,0.004,0.001,-50.615,-278.941,387.280,176.199,-7.178,-121.254,1,-0.0323,0.0279,-0.0284,0
19147250,0.024,0.310,0.045,0.001,0.004,0.001,-50.615,-278.941,387.280,176.199,-7.178,-121.254,1,-0.0323,0.0279,-0.0284,0
19147359,0.022,0.306,0.059,0.001,0.004,0.000,-50.615,-278.941,387.280,176.199,-7.178,-121.254,1,-0.0323,0.0279,-0.0284,0
19147500,0.018,0.305,0.093,0.001,0.005,-0.000,-50.615,-278.941,387.280,176.199,-7.178,-121.254,1,-0.0323,0.0279,-0.0284,0
19147546,0.022,0.294,0.054,0.001,0.004,0.001,-50.615,-278.941,387.280,176.199,-7.178,-121.254,1,-0.0323,0.0279,-0.0284,0
19147593,0.025,0.287,0.039,0.000,0.004,0.001,-50.615,-278.941,387.280,176.199,-7.178,-121.254,1,-0.0323,0.0279,-0.0284,0
19147671,0.022,0.299,0.040,0.001,0.004,0.001,-50.615,-278.941,387.280,176.199,-7.178,-121.254,1,-0.0323,0.0279,-0.0284,0
19147796,0.022,0.290,0.091,0.001,0.004,-0.000,-50.615,-278.941,387.280,176.199,-7.178,-121.254,1,-0.0323,0.0279,-0.0284,0
19147906,0.014,0.282,0.072,0.002,0.005,0.000,-50.615,-278.941,387.280,176.199,-7.178,-121.254,1,-0.0323,0.0279,-0.0284,0
19148000,0.028,0.309,0.033,0.001,0.004,0.001,-50.615,-278.941,387.280,176.199,-7.178,-121.254,1,-0.0323,0.0279,-0.0284,0
19148078,0.025,0.305,0.059,0.001,0.004,-0.000,-50.615,-278.941,387.280,176.199,-7.178,-121.254,1,-0.0323,0.0279,-0.0284,0
19148171,0.027,0.301,0.067,0.001,0.004,-0.000,-50.615,-278.941,387.280,176.199,-7.178,-121.254,1,-0.0323,0.0279,-0.0284,0
19148250,0.013,0.308,0.060,0.002,0.005,0.001,-50.615,-278.941,387.280,176.199,-7.178,-121.254,1,-0.0323,0.0279,-0.0284,0
19148328,0.024,0.303,0.055,0.002,0.004,0.000,-50.615,-278.941,387.280,176.199,-7.178,-121.254,1,-0.0323,0.0279,-0.0284,0
19148453,0.038,0.309,0.057,0.001,0.004,0.001,-50.615,-278.941,387.280,176.199,-7.178,-121.254,1,-0.0323,0.0279,-0.0284,0
19148546,0.025,0.318,0.041,0.002,0.004,0.001,-50.615,-278.941,387.280,176.199,-7.178,-121.254,1,-0.0323,0.0279,-0.0284,0
19148687,0.028,0.292,0.048,0.001,0.004,0.000,-50.615,-278.941,387.280,176.199,-7.178,-121.254,1,-0.0323,0.0279,-0.0284,0
19148734,0.042,0.266,0.040,0.000,0.004,-0.001,-50.615,-278.941,387.280,176.199,-7.178,-121.254,1,-0.0323,0.0279,-0.0284,0
19148796,0.033,0.292,0.044,0.001,0.004,0.001,-50.615,-278.941,387.280,176.199,-7.178,-121.254,1,-0.0323,0.0279,-0.0284,0
19148859,0.036,0.298,0.064,0.002,0.004,0.000,-50.615,-278.941,387.280,176.199,-7.178,-121.254,1,-0.0323,0.0279,-0.0284,0
19149015,0.041,0.300,0.063,0.001,0.004,0.000,-50.615,-278.941,387.280,176.199,-7.178,-121.254,1,-0.0323,0.0279,-0.0284,0
19149093,0.034,0.308,0.052,0.001,0.004,0.001,-50.615,-278.941,387.280,176.199,-7.178,-121.254,1,-0.0323,0.0279,-0.0284,0
19149140,0.033,0.326,0.042,0.002,0.004,0.002,-50.615,-278.941,387.280,176.199,-7.178,-121.254,1,-0.0323,0.0279,-0.0284,0
19149218,0.023,0.325,0.043,0.002,0.004,0.001,-50.615,-278.941,387.280,176.199,-7.178,-121.254,1,-0.0323,0.0279,-0.0284,0
19149296,0.031,0.318,0.045,0.002,0.004,0.001,-50.615,-278.941,387.280,176.199,-7.178,-121.254,1,-0.0323,0.0279,-0.0284,0
19149375,0.029,0.329,0.027,0.002,0.004,0.002,-50.615,-278.941,387.280,176.199,-7.178,-121.254,1,-0.0323,0.0279,-0.0284,0
19149484,0.030,0.316,0.041,0.002,0.004,0.001,-50.615,-278.941,387.280,176.199,-7.178,-121.254,1,-0.0323,0.0279,-0.0284,0
19149546,0.028,0.305,0.080,0.002,0.004,-0.000,-50.615,-278.941,387.280,176.199,-7.178,-121.254,1,-0.0323,0.0279,-0.0284,0
19149671,0.027,0.319,0.012,0.002,0.004,0.002,-50.615,-278.941,387.280,176.199,-7.178,-121.254,1,-0.0323,0.0279,-0.0284,0
19149750,0.033,0.322,0.014,0.002,0.004,0.002,-50.615,-278.941,387.280,176.199,-7.178,-121.254,1,-0.0323,0.0279,-0.0284,0
19149890,0.024,0.324,0.063,0.002,0.004,0.002,-50.615,-278.941,387.280,176.199,-7.178,-121.254,1,-0.0323,0.0279,-0.0284,0
19149937,0.034,0.330,0.047,0.002,0.004,0.002,-50.615,-278.941,387.280,176.199,-7.178,-121.254,1,-0.0323,0.0279,-0.0284,0
19149984,0.034,0.329,0.027,0.002,0.004,0.002,-50.615,-278.941,387.280,176.199,-7.178,-121.254,1,-0.0323,0.0279,-0.0284,0
19150062,0.036,0.326,0.071,0.001,0.004,0.000,-50.615,-278.941,387.280,176.199,-7.178,-121.254,1,-0.0323,0.0279,-0.0284,0
19150203,0.016,0.333,0.036,0.003,0.005,0.003,-50.615,-278.941,387.280,176.199,-7.178,-121.254,1,-0.0323,0.0279,-0.0284,0
19150296,0.023,0.310,0.068,0.002,0.004,0.000,-50.615,-278.941,387.280,176.199,-7.178,-121.254,1,-0.0323,0.0279,-0.0284,0
19150406,0.037,0.308,0.065,0.002,0.004,0.000,-50.615,-278.941,387.280,176.199,-7.178,-121.254,1,-0.0323,0.0279,-0.0284,0
19150484,0.030,0.326,0.060,0.002,0.004,0.001,-50.615,-278.941,387.280,176.199,-7.178,-121.254,1,-0.0323,0.0279,-0.0284,0
19150578,0.023,0.338,0.019,0.003,0.005,0.003,-50.615,-278.941,387.280,176.199,-7.178,-121.254,1,-0.0323,0.0279,-0.0284,0
19150656,0.026,0.333,0.041,0.003,0.005,0.002,-50.615,-278.941,387.280,176.199,-7.178,-121.254,1,-0.0323,0.0279,-0.0284,0
19150734,0.031,0.319,0.060,0.002,0.004,0.001,-50.615,-278.941,387.280,176.199,-7.178,-121.254,1,-0.0323,0.0279,-0.0284,0
19150843,0.024,0.333,0.043,0.002,0.004,0.001,-50.615,-278.941,387.280,176.199,-7.178,-121.254,1,-0.0323,0.0279,-0.0284,0
19150953,0.016,0.321,0.043,0.002,0.004,0.001,-50.615,-278.941,387.280,176.199,-7.178,-121.254,1,-0.0323,0.0279,-0.0284,0
19151093,0.021,0.324,0.038,0.002,0.004,0.002,-50.615,-278.941,387.280,176.199,-7.178,-121.254,1,-0.0323,0.0279,-0.0284,0
19151140,0.024,0.322,0.043,0.002,0.004,0.001,-50.615,-278.941,387.280,176.199,-7.178,-121.254,1,-0.0323,0.0279,-0.0284,0
19151187,0.026,0.318,0.056,0.002,0.004,0.000,-50.615,-278.941,387.280,176.199,-7.178,-121.254,1,-0.0323,0.0279,-0.0284,0
19151265,0.035,0.323,0.038,0.002,0.004,0.001,-50.615,-278.941,387.280,176.199,-7.178,-121.254,1,-0.0323,0.0279,-0.0284,0
19151406,0.019,0.322,0.049,0.002,0.004,0.002,-50.615,-278.941,387.280,176.199,-7.178,-121.254,1,-0.0323,0.0279,-0.0284,0
19151500,0.022,0.320,0.029,0.002,0.004,0.002,-50.615,-278.941,387.280,176.199,-7.178,-121.254,1,-0.0323,0.0279,-0.0284,0
19151609,0.014,0.326,0.018,0.003,0.005,0.003,-50.615,-278.941,387.280,176.199,-7.178,-121.254,1,-0.0323,0.0279,-0.0284,0
19151687,0.017,0.315,0.045,0.002,0.004,0.001,-50.615,-278.941,387.280,176.199,-7.178,-121.254,1,-0.0323,0.0279,-0.0284,0
19151781,0.015,0.326,0.066,0.002,0.005,0.001,-50.615,-278.941,387.280,176.199,-7.178,-121.254,1,-0.0323,0.0279,-0.0284,0
19151859,0.036,0.297,0.062,0.001,0.004,-0.000,-50.615,-278.941,387.280,176.199,-7.178,-121.254,1,-0.0323,0.0279,-0.0284,0
19151937,0.010,0.325,0.055,0.002,0.004,0.002,-50.615,-278.941,387.280,176.199,-7.178,-121.254,1,-0.0323,0.0279,-0.0284,0
19152046,0.029,0.317,0.056,0.002,0.004,0.001,-50.615,-278.941,387.280,176.199,-7.178,-121.254,1,-0.0323,0.0279,-0.0284,0
19152156,0.031,0.322,0.055,0.002,0.004,0.001,-50.615,-278.941,387.280,176.199,-7.178,-121.254,1,-0.0323,0.0279,-0.0284,0
19152296,0.005,0.327,0.009,0.003,0.005,0.003,-50.615,-278.941,387.280,176.199,-7.178,-121.254,1,-0.0323,0.0279,-0.0284,0
19152343,0.005,0.321,0.035,0.002,0.005,0.001,-50.615,-278.941,387.280,176.199,-7.178,-121.254,1,-0.0323,0.0279,-0.0284,0
19152390,0.016,0.312,0.057,0.002,0.005,0.000,-50.615,-278.941,387.280,176.199,-7.178,-121.254,1,-0.0323,0.0279,-0.0284,0
19152468,0.022,0.307,0.070,0.001,0.004,-0.001,-50.615,-278.941,387.280,176.199,-7.178,-121.254,1,-0.0323,0.0279,-0.0284,0
19152609,0.010,0.326,0.034,0.003,0.005,0.003,-50.615,-278.941,387.280,176.199,-7.178,-121.254,1,-0.0323,0.0279,-0.0284,0
19152703,0.010,0.321,0.039,0.003,0.005,0.002,-50.615,-278.941,387.280,176.199,-7.178,-121.254,1,-0.0323,0.0279,-0.0284,0
19152812,0.026,0.320,0.037,0.002,0.004,0.001,-50.615,-278.941,387.280,176.199,-7.178,-121.254,1,-0.0323,0.0279,-0.0284,0
19152890,0.004,0.314,0.050,0.002,0.004,0.002,-50.615,-278.941,387.280,176.199,-7.178,-121.254,1,-0.0323,0.0279,-0.0284,0
19152984,0.014,0.311,0.063,0.002,0.004,0.001,-50.615,-278.941,387.280,176.199,-7.178,-121.254,1,-0.0323,0.0279,-0.0284,0
19153062,0.010,0.305,0.064,0.002,0.005,0.002,-50.615,-278.941,387.280,176.199,-7.178,-121.254,1,-0.0323,0.0279,-0.0284,0
19153140,0.009,0.328,0.034,0.003,0.005,0.003,-50.615,-278.941,387.280,176.199,-7.178,-121.254,1,-0.0323,0.0279,-0.0284,0
19153250,0.010,0.318,0.054,0.002,0.005,0.002,-50.615,-278.941,387.280,176.199,-7.178,-121.254,1,-0.0323,0.0279,-0.0284,0
19153359,0.019,0.318,0.042,0.002,0.004,0.002,-50.615,-278.941,387.280,176.199,-7.178,-121.254,1,-0.0323,0.0279,-0.0284,0
19153500,0.031,0.311,0.062,0.002,0.004,0.001,-50.615,-278.941,387.280,176.199,-7.178,-121.254,1,-0.0323,0.0279,-0.0284,0
19153546,0.026,0.314,0.052,0.002,0.004,0.001,-50.615,-278.941,387.280,176.199,-7.178,-121.254,1,-0.0323,0.0279,-0.0284,0
19153593,-0.001,0.324,0.044,0.002,0.005,0.002,-50.615,-278.941,387.280,176.199,-7.178,-121.254,1,-0.0323,0.0279,-0.0284,0
19153671,-0.002,0.324,0.039,0.003,0.005,0.002,-50.615,-278.941,387.280,176.199,-7.178,-121.254,1,-0.0323,0.0279,-0.0284,0
19153812,0.027,0.326,0.062,0.002,0.004,0.001,-50.615,-278.941,387.280,176.199,-7.178,-121.254,1,-0.0323,0.0279,-0.0284,0
19153906,0.023,0.319,0.098,0.002,0.005,0.001,-50.615,-278.941,387.280,176.199,-7.178,-121.254,1,-0.0323,0.0279,-0.0284,0
19154015,0.018,0.317,0.064,0.002,0.005,0.001,-50.615,-278.941,387.280,176.199,-7.178,-121.254,1,-0.0323,0.0279,-0.0284,0
19154093,-0.001,0.320,0.036,0.003,0.005,0.003,-50.615,-278.941,387.280,176.199,-7.178,-121.254,1,-0.0323,0.0279,-0.0284,0
19154187,0.005,0.306,0.055,0.002,0.005,0.002,-50.615,-278.941,387.280,176.199,-7.178,-121.254,1,-0.0323,0.0279,-0.0284,0
19154265,0.029,0.311,0.058,0.001,0.004,0.000,-50.615,-278.941,387.280,176.199,-7.178,-121.254,1,-0.0323,0.0279,-0.0284,0
19154343,0.012,0.309,0.052,0.002,0.004,0.001,-50.615,-278.941,387.280,176.199,-7.178,-121.254,1,-0.0323,0.0279,-0.0284,0
19154453,0.026,0.313,0.052,0.002,0.004,0.001,-50.615,-278.941,387.280,176.199,-7.178,-121.254,1,-0.0323,0.0279,-0.0284,0
19154562,0.007,0.333,0.061,0.003,0.005,0.003,-50.615,-278.941,387.280,176.199,-7.178,-121.254,1,-0.0323,0.0279,-0.0284,0
19154703,0.020,0.320,0.045,0.002,0.004,0.001,-50.615,-278.941,387.280,176.199,-7.178,-121.254,1,-0.0323,0.0279,-0.0284,0
19154750,0.030,0.310,0.047,0.002,0.004,0.001,-50.615,-278.941,387.280,176.199,-7.178,-121.254,1,-0.0323,0.0279,-0.0284,0
19154796,0.019,0.318,0.046,0.002,0.004,0.002,-50.615,-278.941,387.280,176.199,-7.178,-121.254,1,-0.0323,0.0279,-0.0284,0
19154875,0.016,0.322,0.053,0.002,0.004,0.002,-50.615,-278.941,387.280,176.199,-7.178,-121.254,1,-0.0323,0.0279,-0.0284,0
19155015,0.016,0.312,0.050,0.002,0.004,0.001,-50.615,-278.941,387.280,176.199,-7.178,-121.254,1,-0.0323,0.0279,-0.0284,0
19155109,0.012,0.315,0.051,0.002,0.005,0.001,-50.615,-278.941,387.280,176.199,-7.178,-121.254,1,-0.0323,0.0279,-0.0284,0
19155218,0.003,0.311,0.052,0.002,0.005,0.001,-50.615,-278.941,387.280,176.199,-7.178,-121.254,1,-0.0323,0.0279,-0.0284,0
19155281,0.034,0.307,0.054,0.001,0.004,0.001,-50.615,-278.941,387.280,176.199,-7.178,-121.254,1,-0.0323,0.0279,-0.0284,0
19155390,0.032,0.311,0.067,0.002,0.004,0.001,-50.615,-278.941,387.280,176.199,-7.178,-121.254,1,-0.0323,0.0279,-0.0284,0
19155453,0.024,0.315,0.063,0.002,0.004,0.001,-50.615,-278.941,387.280,176.199,-7.178,-121.254,1,-0.0323,0.0279,-0.0284,0
19155531,0.012,0.313,0.044,0.003,0.005,0.002,-50.615,-278.941,387.280,176.199,-7.178,-121.254,1,-0.0323,0.0279,-0.0284,0
19155640,0.034,0.317,0.047,0.001,0.004,0.000,-50.615,-278.941,387.280,176.199,-7.178,-121.254,1,-0.0323,0.0279,-0.0284,0
19155687,0.024,0.316,0.039,0.002,0.004,0.001,-50.615,-278.941,387.280,176.199,-7.178,-121.254,1,-0.0323,0.0279,-0.0284,0
19155750,0.007,0.307,0.063,0.002,0.004,0.002,-50.615,-278.941,387.280,176.199,-7.178,-121.254,1,-0.0323,0.0279,-0.0284,0
19155890,-0.005,0.296,0.069,0.002,0.005,0.002,-50.615,-278.941,387.280,176.199,-7.178,-121.254,1,-0.0323,0.0279,-0.0284,0
19155937,0.013,0.296,0.113,0.002,0.005,0.000,-50.615,-278.941,387.280,176.199,-7.178,-121.254,1,-0.0323,0.0279,-0.0284,0
19155984,0.020,0.329,0.066,0.003,0.005,0.002,-50.615,-278.941,387.280,176.199,-7.178,-121.254,1,-0.0323,0.0279,-0.0284,0
19156062,0.029,0.323,0.060,0.002,0.004,0.001,-50.615,-278.941,387.280,176.199,-7.178,-121.254,1,-0.0323,0.0279,-0.0284,0
19156203,0.033,0.316,0.090,0.002,0.004,0.000,-50.615,-278.941,387.280,176.199,-7.178,-121.254,1,-0.0323,0.0279,-0.0284,0
19156296,0.012,0.325,0.089,0.002,0.004,0.001,-50.615,-278.941,387.280,176.199,-7.178,-121.254,1,-0.0323,0.0279,-0.0284,0
19156406,0.012,0.305,0.105,0.001,0.004,-0.000,-50.615,-278.941,387.280,176.199,-7.178,-121.254,1,-0.0323,0.0279,-0.0284,0
19156484,-0.011,0.327,0.029,0.002,0.006,0.003,-50.615,-278.941,387.280,176.199,-7.178,-121.254,1,-0.0323,0.0279,-0.0284,0
19156578,0.020,0.314,0.059,0.002,0.004,0.001,-50.615,-278.941,387.280,176.199,-7.178,-121.254,1,-0.0323,0.0279,-0.0284,0
19156656,0.021,0.318,0.089,0.002,0.004,0.000,-50.615,-278.941,387.280,176.199,-7.178,-121.254,1,-0.0323,0.0279,-0.0284,0
19156734,0.030,0.309,0.048,0.001,0.004,0.001,-50.615,-278.941,387.280,176.199,-7.178,-121.254,1,-0.0323,0.0279,-0.0284,0
19156843,0.033,0.318,0.095,0.002,0.004,0.000,-50.615,-278.941,387.280,176.199,-7.178,-121.254,1,-0.0323,0.0279,-0.0284,0
19156953,0.036,0.312,0.068,0.002,0.004,0.000,-50.615,-278.941,387.280,176.199,-7.178,-121.254,1,-0.0323,0.0279,-0.0284,0
19157093,0.025,0.309,0.067,0.002,0.004,0.001,-50.615,-278.941,387.280,176.199,-7.178,-121.254,1,-0.0323,0.0279,-0.0284,0
19157140,0.031,0.306,0.083,0.002,0.004,0.000,-50.615,-278.941,387.280,176.199,-7.178,-121.254,1,-0.0323,0.0279,-0.0284,0
19157187,0.021,0.306,0.073,0.002,0.005,0.001,-50.615,-278.941,387.280,176.199,-7.178,-121.254,1,-0.0323,0.0279,-0.0284,0
19157265,0.020,0.306,0.082,0.002,0.005,0.001,-50.615,-278.941,387.280,176.199,-7.178,-121.254,1,-0.0323,0.0279,-0.0284,0
19157406,0.010,0.315,0.027,0.002,0.004,0.003,-50.615,-278.941,387.280,176.199,-7.178,-121.254,1,-0.0323,0.0279,-0.0284,0
19157500,0.035,0.311,0.056,0.001,0.004,0.000,-50.615,-278.941,387.280,176.199,-7.178,-121.254,1,-0.0323,0.0279,-0.0284,0
19157609,0.020,0.329,0.043,0.002,0.004,0.002,-50.615,-278.941,387.280,176.199,-7.178,-121.254,1,-0.0323,0.0279,-0.0284,0
19157687,0.020,0.330,0.053,0.002,0.004,0.002,-50.615,-278.941,387.280,176.199,-7.178,-121.254,1,-0.0323,0.0279,-0.0284,0
19157781,0.029,0.314,0.049,0.001,0.004,0.001,-50.615,-278.941,387.280,176.199,-7.178,-121.254,1,-0.0323,0.0279,-0.0284,0
19157859,0.027,0.318,0.049,0.002,0.004,0.001,-50.615,-278.941,387.280,176.199,-7.178,-121.254,1,-0.0323,0.0279,-0.0284,0
19157937,0.029,0.309,0.065,0.002,0.004,0.001,-50.615,-278.941,387.280,176.199,-7.178,-121.254,1,-0.0323,0.0279,-0.0284,0
19158046,-0.007,0.318,0.036,0.003,0.005,0.001,-50.615,-278.941,387.280,176.199,-7.178,-121.254,1,-0.0323,0.0279,-0.0284,0
19158156,0.004,0.312,0.063,0.002,0.005,0.001,-50.615,-278.941,387.280,176.199,-7.178,-121.254,1,-0.0323,0.0279,-0.0284,0
19158296,0.027,0.329,0.042,0.002,0.004,0.002,-50.615,-278.941,387.280,176.199,-7.178,-121.254,1,-0.0323,0.0279,-0.0284,0
19158343,0.039,0.313,0.083,0.002,0.004,0.001,-50.615,-278.941,387.280,176.199,-7.178,-121.254,1,-0.0323,0.0279,-0.0284,0
19158390,0.049,0.310,0.076,0.001,0.004,0.000,-50.615,-278.941,387.280,176.199,-7.178,-121.254,1,-0.0323,0.0279,-0.0284,0
19158468,0.035,0.306,0.078,0.002,0.004,0.001,-50.615,-278.941,387.280,176.199,-7.178,-121.254,1,-0.0323,0.0279,-0.0284,0
19158609,0.019,0.304,0.066,0.002,0.005,0.002,-50.615,-278.941,387.280,176.199,-7.178,-121.254,1,-0.0323,0.0279,-0.0284,0
19158703,0.039,0.308,0.054,0.002,0.004,0.001,-50.615,-278.941,387.280,176.199,-7.178,-121.254,1,-0.0323,0.0279,-0.0284,0
19158812,0.008,0.291,0.060,0.002,0.004,0.001,-50.615,-278.941,387.280,176.199,-7.178,-121.254,1,-0.0323,0.0279,-0.0284,0
19158890,0.028,0.309,0.044,0.002,0.004,0.001,-50.615,-278.941,387.280,176.199,-7.178,-121.254,1,-0.0323,0.0279,-0.0284,0
19158984,0.036,0.311,0.064,0.002,0.004,0.001,-50.615,-278.941,387.280,176.199,-7.178,-121.254,1,-0.0323,0.0279,-0.0284,0
19159046,0.028,0.317,0.051,0.002,0.004,0.002,-50.615,-278.941,387.280,176.199,-7.178,-121.254,1,-0.0323,0.0279,-0.0284,0
19159125,0.025,0.324,0.058,0.002,0.004,0.002,-50.615,-278.941,387.280,176.199,-7.178,-121.254,1,-0.0323,0.0279,-0.0284,0
19159234,0.025,0.310,0.048,0.002,0.004,0.002,-50.615,-278.941,387.280,176.199,-7.178,-121.254,1,-0.0323,0.0279,-0.0284,0
19159343,0.025,0.311,0.050,0.002,0.004,0.001,-50.615,-278.941,387.280,176.199,-7.178,-121.254,1,-0.0323,0.0279,-0.0284,0
19159484,0.028,0.301,0.051,0.001,0.004,0.001,-50.615,-278.941,387.280,176.199,-7.178,-121.254,1,-0.0323,0.0279,-0.0284,0
19159531,0.021,0.308,0.058,0.002,0.004,0.001,-50.615,-278.941,387.280,176.199,-7.178,-121.254,1,-0.0323,0.0279,-0.0284,0
19159578,0.009,0.307,0.049,0.002,0.005,0.001,-50.615,-278.941,387.280,176.199,-7.178,-121.254,1,-0.0323,0.0279,-0.0284,0
19159656,0.017,0.317,0.033,0.002,0.005,0.002,-50.615,-278.941,387.280,176.199,-7.178,-121.254,1,-0.0323,0.0279,-0.0284,0
19159796,0.014,0.342,0.077,0.003,0.004,0.002,-50.615,-278.941,387.280,176.199,-7.178,-121.254,1,-0.0323,0.0279,-0.0284,0
19159890,0.038,0.319,0.053,0.002,0.004,0.000,-50.615,-278.941,387.280,176.199,-7.178,-121.254,1,-0.0323,0.0279,-0.0284,0
19159937,0.033,0.312,0.039,0.002,0.004,0.002,-50.615,-278.941,387.280,176.199,-7.178,-121.254,1,-0.0323,0.0279,-0.0284,0
19160015,0.037,0.304,0.049,0.002,0.004,0.001,-50.615,-278.941,387.280,176.199,-7.178,-121.254,1,-0.0323,0.0279,-0.0284,0
19160093,0.020,0.295,0.056,0.002,0.005,0.002,-50.615,-278.941,387.280,176.199,-7.178,-121.254,1,-0.0323,0.0279,-0.0284,0
19160171,0.023,0.288,0.061,0.002,0.004,0.001,-50.615,-278.941,387.280,176.199,-7.178,-121.254,1,-0.0323,0.0279,-0.0284,0
19160265,0.032,0.302,0.046,0.002,0.004,0.002,-50.615,-278.941,387.280,176.199,-7.178,-121.254,1,-0.0323,0.0279,-0.0284,0
19160343,0.033,0.291,0.075,0.001,0.004,0.001,-50.615,-278.941,387.280,176.199,-7.178,-121.254,1,-0.0323,0.0279,-0.0284,0
19160453,0.037,0.305,0.069,0.002,0.004,0.001,-50.615,-278.941,387.280,176.199,-7.178,-121.254,1,-0.0323,0.0279,-0.0284,0
19160546,0.037,0.313,0.068,0.002,0.004,0.001,-50.615,-278.941,387.280,176.199,-7.178,-121.254,1,-0.0323,0.0279,-0.0284,0
19160687,0.032,0.317,0.060,0.002,0.004,0.002,-50.615,-278.941,387.280,176.199,-7.178,-121.254,1,-0.0323,0.0279,-0.0284,0
19160734,0.034,0.311,0.057,0.002,0.004,0.001,-50.615,-278.941,387.280,176.199,-7.178,-121.254,1,-0.0323,0.0279,-0.0284,0
19160781,0.031,0.309,0.082,0.002,0.004,0.001,-50.615,-278.941,387.280,176.199,-7.178,-121.254,1,-0.0323,0.0279,-0.0284,0
19160859,0.015,0.315,0.043,0.003,0.004,0.002,-50.615,-278.941,387.280,176.199,-7.178,-121.254,1,-0.0323,0.0279,-0.0284,0
19161000,0.034,0.309,0.056,0.002,0.004,0.001,-50.615,-278.941,387.280,176.199,-7.178,-121.254,1,-0.0323,0.0279,-0.0284,0
19161093,0.037,0.308,0.058,0.002,0.004,0.001,-50.615,-278.941,387.280,176.199,-7.178,-121.254,1,-0.0323,0.0279,-0.0284,0
19161203,0.034,0.317,0.052,0.002,0.004,0.001,-50.615,-278.941,387.280,176.199,-7.178,-121.254,1,-0.0323,0.0279,-0.0284,0
19161281,0.062,0.298,0.077,0.001,0.003,-0.000,-50.615,-278.941,387.280,176.199,-7.178,-121.254,1,-0.0323,0.0279,-0.0284,0
19161375,0.034,0.324,0.049,0.002,0.004,0.002,-50.615,-278.941,387.280,176.199,-7.178,-121.254,1,-0.0323,0.0279,-0.0284,0
19161453,0.035,0.309,0.032,0.002,0.004,0.002,-50.615,-278.941,387.280,176.199,-7.178,-121.254,1,-0.0323,0.0279,-0.0284,0
19161531,0.038,0.312,0.033,0.002,0.004,0.002,-50.615,-278.941,387.280,176.199,-7.178,-121.254,1,-0.0323,0.0279,-0.0284,0
19161640,0.034,0.313,0.025,0.002,0.004,0.002,-50.615,-278.941,387.280,176.199,-7.178,-121.254,1,-0.0323,0.0279,-0.0284,0
19161750,0.050,0.310,0.057,0.002,0.004,0.001,-50.615,-278.941,387.280,176.199,-7.178,-121.254,1,-0.0323,0.0279,-0.0284,0
19161890,0.033,0.304,0.058,0.002,0.004,0.002,-50.615,-278.941,387.280,176.199,-7.178,-121.254,1,-0.0323,0.0279,-0.0284,0
19161937,0.032,0.315,0.039,0.002,0.004,0.003,-50.615,-278.941,387.280,176.199,-7.178,-121.254,1,-0.0323,0.0279,-0.0284,0
19161984,0.033,0.317,0.029,0.002,0.004,0.003,-50.615,-278.941,387.280,176.199,-7.178,-121.254,1,-0.0323,0.0279,-0.0284,0
19162062,0.052,0.308,0.060,0.002,0.004,0.001,-50.615,-278.941,387.280,176.199,-7.178,-121.254,1,-0.0323,0.0279,-0.0284,0
19162203,0.059,0.308,0.063,0.001,0.004,0.000,-50.615,-278.941,387.280,176.199,-7.178,-121.254,1,-0.0323,0.0279,-0.0284,0
19162296,0.038,0.323,0.043,0.003,0.004,0.002,-50.615,-278.941,387.280,176.199,-7.178,-121.254,1,-0.0323,0.0279,-0.0284,0
19162406,0.039,0.316,0.034,0.002,0.004,0.002,-50.615,-278.941,387.280,176.199,-7.178,-121.254,1,-0.0323,0.0279,-0.0284,0
19162484,0.082,0.332,-0.007,0.002,0.003,0.002,-50.615,-278.941,387.280,176.199,-7.178,-121.254,1,-0.0323,0.0279,-0.0284,0
19162578,0.054,0.296,0.097,0.001,0.003,-0.001,-50.615,-278.941,387.280,176.199,-7.178,-121.254,1,-0.0323,0.0279,-0.0284,0
19162656,0.051,0.299,0.072,0.001,0.003,-0.000,-50.615,-278.941,387.280,176.199,-7.178,-121.254,1,-0.0323,0.0279,-0.0284,0
19162734,0.037,0.314,0.005,0.002,0.004,0.003,-50.615,-278.941,387.280,176.199,-7.178,-121.254,1,-0.0323,0.0279,-0.0284,0
19162828,0.053,0.302,0.068,0.002,0.004,0.000,-50.615,-278.941,387.280,176.199,-7.178,-121.254,1,-0.0323,0.0279,-0.0284,0
19162875,0.044,0.308,0.049,0.002,0.004,0.001,-50.615,-278.941,387.280,176.199,-7.178,-121.254,1,-0.0323,0.0279,-0.0284,0
19162937,0.041,0.313,0.050,0.002,0.004,0.001,-50.615,-278.941,387.280,176.199,-7.178,-121.254,1,-0.0323,0.0279,-0.0284,0
19163078,0.066,0.300,0.085,0.001,0.003,-0.000,-50.615,-278.941,387.280,176.199,-7.178,-121.254,1,-0.0323,0.0279,-0.0284,0
19163125,0.053,0.326,0.052,0.002,0.003,0.001,-50.615,-278.941,387.280,176.199,-7.178,-121.254,1,-0.0323,0.0279,-0.0284,0
19163171,0.048,0.322,0.071,0.002,0.004,0.000,-50.615,-278.941,387.280,176.199,-7.178,-121.254,1,-0.0323,0.0279,-0.0284,0
19163250,0.037,0.324,0.042,0.002,0.004,0.002,-50.615,-278.941,387.280,176.199,-7.178,-121.254,1,-0.0323,0.0279,-0.0284,0
19163390,0.041,0.312,0.052,0.002,0.004,0.000,-50.615,-278.941,387.280,176.199,-7.178,-121.254,1,-0.0323,0.0279,-0.0284,0
19163484,0.053,0.302,0.090,0.001,0.003,-0.002,-50.615,-278.941,387.280,176.199,-7.178,-121.254,1,-0.0323,0.0279,-0.0284,0
19163593,0.040,0.315,0.071,0.001,0.004,0.000,-50.615,-278.941,387.280,176.199,-7.178,-121.254,1,-0.0323,0.0279,-0.0284,0
19163671,0.043,0.313,0.074,0.002,0.004,0.001,-50.615,-278.941,387.280,176.199,-7.178,-121.254,1,-0.0323,0.0279,-0.0284,0
19163765,0.049,0.319,0.066,0.002,0.004,0.001,-50.615,-278.941,387.280,176.199,-7.178,-121.254,1,-0.0323,0.0279,-0.0284,0
19163843,0.055,0.320,0.050,0.002,0.004,0.001,-50.615,-278.941,387.280,176.199,-7.178,-121.254,1,-0.0323,0.0279,-0.0284,0
19163921,0.050,0.324,0.027,0.002,0.004,0.002,-50.615,-278.941,387.280,176.199,-7.178,-121.254,1,-0.0323,0.0279,-0.0284,0
19164031,0.059,0.324,0.064,0.002,0.003,-0.000,-50.615,-278.941,387.280,176.199,-7.178,-121.254,1,-0.0323,0.0279,-0.0284,0
19164140,0.055,0.311,0.099,0.001,0.003,-0.001,-50.615,-278.941,387.280,176.199,-7.178,-121.254,1,-0.0323,0.0279,-0.0284,0
19164281,0.047,0.312,0.041,0.001,0.004,0.001,-50.615,-278.941,387.280,176.199,-7.178,-121.254,1,-0.0323,0.0279,-0.0284,0
19164328,0.051,0.304,0.047,0.001,0.004,0.001,-50.615,-278.941,387.280,176.199,-7.178,-121.254,1,-0.0323,0.0279,-0.0284,0
19164375,0.048,0.306,0.036,0.002,0.004,0.002,-50.615,-278.941,387.280,176.199,-7.178,-121.254,1,-0.0323,0.0279,-0.0284,0
19164453,0.037,0.304,0.107,0.001,0.004,-0.001,-50.615,-278.941,387.280,176.199,-7.178,-121.254,1,-0.0323,0.0279,-0.0284,0
19164593,0.046,0.312,0.076,0.002,0.004,0.000,-50.615,-278.941,387.280,176.199,-7.178,-121.254,1,-0.0323,0.0279,-0.0284,0
19164687,0.053,0.308,0.056,0.001,0.004,0.001,-50.615,-278.941,387.280,176.199,-7.178,-121.254,1,-0.0323,0.0279,-0.0284,0
19164796,0.028,0.310,0.051,0.002,0.004,0.000,-50.615,-278.941,387.280,176.199,-7.178,-121.254,1,-0.0323,0.0279,-0.0284,0
19164875,0.039,0.314,0.056,0.002,0.004,0.000,-50.615,-278.941,387.280,176.199,-7.178,-121.254,1,-0.0323,0.0279,-0.0284,0
19164968,0.038,0.304,0.080,0.001,0.004,0.000,-50.615,-278.941,387.280,176.199,-7.178,-121.254,1,-0.0323,0.0279,-0.0284,0
19165046,0.028,0.314,0.030,0.002,0.004,0.002,-50.615,-278.941,387.280,176.199,-7.178,-121.254,1,-0.0323,0.0279,-0.0284,0
19165125,0.043,0.317,0.054,0.001,0.004,0.000,-50.615,-278.941,387.280,176.199,-7.178,-121.254,1,-0.0323,0.0279,-0.0284,0
19165234,0.025,0.309,0.065,0.002,0.004,0.001,-50.615,-278.941,387.280,176.199,-7.178,-121.254,1,-0.0323,0.0279,-0.0284,0
19165343,0.040,0.312,0.068,0.002,0.004,0.000,-50.615,-278.941,387.280,176.199,-7.178,-121.254,1,-0.0323,0.0279,-0.0284,0
19165484,0.022,0.326,0.069,0.002,0.004,0.002,-50.615,-278.941,387.280,176.199,-7.178,-121.254,1,-0.0323,0.0279,-0.0284,0
19165531,0.018,0.348,0.057,0.003,0.005,0.003,-50.615,-278.941,387.280,176.199,-7.178,-121.254,1,-0.0323,0.0279,-0.0284,0
19165578,0.039,0.321,0.051,0.002,0.004,0.001,-50.615,-278.941,387.280,176.199,-7.178,-121.254,1,-0.0323,0.0279,-0.0284,0
19165656,0.032,0.322,0.061,0.002,0.004,0.000,-50.615,-278.941,387.280,176.199,-7.178,-121.254,1,-0.0323,0.0279,-0.0284,0
19165796,0.028,0.322,0.089,0.002,0.004,0.000,-50.615,-278.941,387.280,176.199,-7.178,-121.254,1,-0.0323,0.0279,-0.0284,0
19165890,0.033,0.320,0.027,0.002,0.004,0.001,-50.615,-278.941,387.280,176.199,-7.178,-121.254,1,-0.0323,0.0279,-0.0284,0
19166000,0.040,0.314,0.026,0.002,0.004,0.002,-50.615,-278.941,387.280,176.199,-7.178,-121.254,1,-0.0323,0.0279,-0.0284,0
19166062,0.038,0.309,0.088,0.001,0.004,-0.001,-50.615,-278.941,387.280,176.199,-7.178,-121.254,1,-0.0323,0.0279,-0.0284,0
19166171,0.024,0.314,0.066,0.002,0.004,0.001,-50.615,-278.941,387.280,176.199,-7.178,-121.254,1,-0.0323,0.0279,-0.0284,0
19166250,0.035,0.335,0.075,0.002,0.004,0.001,-50.615,-278.941,387.280,176.199,-7.178,-121.254,1,-0.0323,0.0279,-0.0284,0
19166328,0.034,0.318,0.050,0.002,0.004,0.001,-50.615,-278.941,387.280,176.199,-7.178,-121.254,1,-0.0323,0.0279,-0.0284,0
19166421,0.039,0.316,0.098,0.002,0.004,0.001,-50.615,-278.941,387.280,176.199,-7.178,-121.254,1,-0.0323,0.0279,-0.0284,0
19166531,0.030,0.314,0.080,0.002,0.004,0.001,-50.615,-278.941,387.280,176.199,-7.178,-121.254,1,-0.0323,0.0279,-0.0284,0
19166671,0.031,0.311,0.049,0.001,0.004,0.001,-50.615,-278.941,387.280,176.199,-7.178,-121.254,1,-0.0323,0.0279,-0.0284,0
19166718,0.036,0.315,0.065,0.002,0.004,0.001,-50.615,-278.941,387.280,176.199,-7.178,-121.254,1,-0.0323,0.0279,-0.0284,0
19166765,0.045,0.321,0.057,0.002,0.004,0.001,-50.615,-278.941,387.280,176.199,-7.178,-121.254,1,-0.0323,0.0279,-0.0284,0
19166843,0.025,0.304,0.057,0.002,0.004,0.001,-50.615,-278.941,387.280,176.199,-7.178,-121.254,1,-0.0323,0.0279,-0.0284,0
19166984,0.031,0.314,0.052,0.002,0.004,0.001,-50.615,-278.941,387.280,176.199,-7.178,-121.254,1,-0.0323,0.0279,-0.0284,0
19167078,0.035,0.322,0.053,0.002,0.003,0.002,-50.615,-278.941,387.280,176.199,-7.178,-121.254,1,-0.0323,0.0279,-0.0284,0
19167187,0.029,0.334,0.026,0.003,0.004,0.003,-50.615,-278.941,387.280,176.199,-7.178,-121.254,1,-0.0323,0.0279,-0.0284,0
19167265,0.023,0.324,0.039,0.003,0.004,0.002,-50.615,-278.941,387.280,176.199,-7.178,-121.254,1,-0.0323,0.0279,-0.0284,0
19167359,0.029,0.326,0.039,0.003,0.004,0.002,-50.615,-278.941,387.280,176.199,-7.178,-121.254,1,-0.0323,0.0279,-0.0284,0
19167437,0.034,0.321,0.040,0.002,0.004,0.001,-50.615,-278.941,387.280,176.199,-7.178,-121.254,1,-0.0323,0.0279,-0.0284,0
19167515,0.033,0.320,0.031,0.002,0.004,0.002,-50.615,-278.941,387.280,176.199,-7.178,-121.254,1,-0.0323,0.0279,-0.0284,0
19167625,0.035,0.321,0.061,0.003,0.004,0.002,-50.615,-278.941,387.280,176.199,-7.178,-121.254,1,-0.0323,0.0279,-0.0284,0
19167734,0.043,0.301,0.047,0.002,0.004,0.001,-50.615,-278.941,387.280,176.199,-7.178,-121.254,1,-0.0323,0.0279,-0.0284,0
19167875,0.036,0.335,0.036,0.003,0.004,0.002,-50.615,-278.941,387.280,176.199,-7.178,-121.254,1,-0.0323,0.0279,-0.0284,0
19167921,0.043,0.324,0.058,0.002,0.004,0.001,-50.615,-278.941,387.280,176.199,-7.178,-121.254,1,-0.0323,0.0279,-0.0284,0
19167968,0.052,0.313,0.081,0.002,0.003,-0.000,-50.615,-278.941,387.280,176.199,-7.178,-121.254,1,-0.0323,0.0279,-0.0284,0
19168046,0.044,0.334,0.023,0.003,0.004,0.002,-50.615,-278.941,387.280,176.199,-7.178,-121.254,1,-0.0323,0.0279,-0.0284,0
19168187,0.035,0.328,0.036,0.002,0.004,0.002,-50.615,-278.941,387.280,176.199,-7.178,-121.254,1,-0.0323,0.0279,-0.0284,0
19168281,0.038,0.335,0.019,0.002,0.004,0.002,-50.615,-278.941,387.280,176.199,-7.178,-121.254,1,-0.0323,0.0279,-0.0284,0
19168390,0.053,0.315,0.073,0.001,0.003,-0.000,-50.615,-278.941,387.280,176.199,-7.178,-121.254,1,-0.0323,0.0279,-0.0284,0
19168468,0.033,0.320,0.025,0.002,0.004,0.002,-50.615,-278.941,387.280,176.199,-7.178,-121.254,1,-0.0323,0.0279,-0.0284,0
19168562,0.050,0.325,0.005,0.002,0.004,0.002,-50.615,-278.941,387.280,176.199,-7.178,-121.254,1,-0.0323,0.0279,-0.0284,0
19168640,0.057,0.318,0.047,0.001,0.003,0.001,-50.615,-278.941,387.280,176.199,-7.178,-121.254,1,-0.0323,0.0279,-0.0284,0
19168718,0.056,0.316,0.042,0.001,0.003,0.001,-50.615,-278.941,387.280,176.199,-7.178,-121.254,1,-0.0323,0.0279,-0.0284,0
19168828,0.040,0.332,0.039,0.003,0.004,0.002,-50.615,-278.941,387.280,176.199,-7.178,-121.254,1,-0.0323,0.0279,-0.0284,0
19168937,0.068,0.324,0.075,0.002,0.003,-0.001,-50.615,-278.941,387.280,176.199,-7.178,-121.254,1,-0.0323,0.0279,-0.0284,0
19169078,0.044,0.308,0.038,0.002,0.004,0.001,-50.615,-278.941,387.280,176.199,-7.178,-121.254,1,-0.0323,0.0279,-0.0284,0
19169125,0.044,0.304,0.017,0.002,0.004,0.002,-50.615,-278.941,387.280,176.199,-7.178,-121.254,1,-0.0323,0.0279,-0.0284,0
19169171,0.048,0.296,0.038,0.001,0.003,0.001,-50.615,-278.941,387.280,176.199,-7.178,-121.254,1,-0.0323,0.0279,-0.0284,0
19169250,0.065,0.288,0.091,0.000,0.003,-0.001,-50.615,-278.941,387.280,176.199,-7.178,-121.254,1,-0.0323,0.0279,-0.0284,0
19169390,0.048,0.321,0.030,0.002,0.004,0.002,-50.615,-278.941,387.280,176.199,-7.178,-121.254,1,-0.0323,0.0279,-0.0284,0
19169484,0.059,0.305,0.088,0.001,0.003,-0.001,-50.615,-278.941,387.280,176.199,-7.178,-121.254,1,-0.0323,0.0279,-0.0284,0
19169593,0.040,0.325,0.022,0.003,0.004,0.002,-50.615,-278.941,387.280,176.199,-7.178,-121.254,1,-0.0323,0.0279,-0.0284,0
19169671,0.063,0.326,0.061,0.002,0.003,0.001,-50.615,-278.941,387.280,176.199,-7.178,-121.254,1,-0.0323,0.0279,-0.0284,0
19169765,0.042,0.305,0.039,0.001,0.004,0.001,-50.615,-278.941,387.280,176.199,-7.178,-121.254,1,-0.0323,0.0279,-0.0284,0
19169843,0.047,0.311,0.076,0.001,0.004,-0.000,-50.615,-278.941,387.280,176.199,-7.178,-121.254,1,-0.0323,0.0279,-0.0284,0
19169921,0.047,0.319,0.052,0.002,0.004,0.001,-50.615,-278.941,387.280,176.199,-7.178,-121.254,1,-0.0323,0.0279,-0.0284,0
19170031,0.045,0.311,0.067,0.001,0.004,0.001,-50.615,-278.941,387.280,176.199,-7.178,-121.254,1,-0.0323,0.0279,-0.0284,0
19170140,0.043,0.312,0.085,0.002,0.004,-0.000,-50.615,-278.941,387.280,176.199,-7.178,-121.254,1,-0.0323,0.0279,-0.0284,0
19170281,0.038,0.313,0.063,0.002,0.004,0.000,-50.615,-278.941,387.280,176.199,-7.178,-121.254,1,-0.0323,0.0279,-0.0284,0
19170328,0.033,0.316,0.046,0.002,0.004,0.001,-50.615,-278.941,387.280,176.199,-7.178,-121.254,1,-0.0323,0.0279,-0.0284,0
19170375,0.036,0.317,0.064,0.002,0.004,0.000,-50.615,-278.941,387.280,176.199,-7.178,-121.254,1,-0.0323,0.0279,-0.0284,0
19170453,0.032,0.303,0.102,0.002,0.004,-0.001,-50.615,-278.941,387.280,176.199,-7.178,-121.254,1,-0.0323,0.0279,-0.0284,0
19170593,0.054,0.321,0.048,0.002,0.004,0.001,-50.615,-278.941,387.280,176.199,-7.178,-121.254,1,-0.0323,0.0279,-0.0284,0
19170687,0.039,0.322,0.056,0.002,0.004,0.001,-50.615,-278.941,387.280,176.199,-7.178,-121.254,1,-0.0323,0.0279,-0.0284,0
19170796,0.032,0.321,0.051,0.002,0.004,0.001,-50.615,-278.941,387.280,176.199,-7.178,-121.254,1,-0.0323,0.0279,-0.0284,0
19170875,0.037,0.323,0.075,0.002,0.004,0.001,-50.615,-278.941,387.280,176.199,-7.178,-121.254,1,-0.0323,0.0279,-0.0284,0
19170968,0.026,0.324,0.048,0.002,0.004,0.002,-50.615,-278.941,387.280,176.199,-7.178,-121.254,1,-0.0323,0.0279,-0.0284,0
19171046,0.010,0.319,0.092,0.002,0.004,0.001,-50.615,-278.941,387.280,176.199,-7.178,-121.254,1,-0.0323,0.0279,-0.0284,0
19171125,0.036,0.318,0.039,0.002,0.004,0.001,-50.615,-278.941,387.280,176.199,-7.178,-121.254,1,-0.0323,0.0279,-0.0284,0
19171234,0.050,0.327,0.037,0.003,0.004,0.002,-50.615,-278.941,387.280,176.199,-7.178,-121.254,1,-0.0323,0.0279,-0.0284,0
19171343,0.054,0.319,0.063,0.002,0.004,0.001,-50.615,-278.941,387.280,176.199,-7.178,-121.254,1,-0.0323,0.0279,-0.0284,0
19171484,0.035,0.319,0.053,0.002,0.004,0.002,-50.615,-278.941,387.280,176.199,-7.178,-121.254,1,-0.0323,0.0279,-0.0284,0
19171531,0.032,0.321,0.070,0.002,0.004,0.002,-50.615,-278.941,387.280,176.199,-7.178,-121.254,1,-0.0323,0.0279,-0.0284,0
19171578,0.037,0.319,0.067,0.002,0.004,0.001,-50.615,-278.941,387.280,176.199,-7.178,-121.254,1,-0.0323,0.0279,-0.0284,0
19171656,0.054,0.317,0.071,0.002,0.003,0.001,-50.615,-278.941,387.280,176.199,-7.178,-121.254,1,-0.0323,0.0279,-0.0284,0
19171796,0.020,0.309,0.040,0.003,0.005,0.002,-50.615,-278.941,387.280,176.199,-7.178,-121.254,1,-0.0323,0.0279,-0.0284,0
19171890,0.020,0.306,0.044,0.002,0.004,0.002,-50.615,-278.941,387.280,176.199,-7.178,-121.254,1,-0.0323,0.0279,-0.0284,0
19172000,0.053,0.305,0.061,0.002,0.004,0.000,-50.615,-278.941,387.280,176.199,-7.178,-121.254,1,-0.0323,0.0279,-0.0284,0
19172062,0.051,0.316,0.063,0.001,0.004,0.001,-50.615,-278.941,387.280,176.199,-7.178,-121.254,1,-0.0323,0.0279,-0.0284,0
19172156,0.044,0.324,0.062,0.002,0.004,0.002,-50.615,-278.941,387.280,176.199,-7.178,-121.254,1,-0.0323,0.0279,-0.0284,0
19172234,0.041,0.326,0.055,0.003,0.004,0.002,-50.615,-278.941,387.280,176.199,-7.178,-121.254,1,-0.0323,0.0279,-0.0284,0
19172312,0.053,0.314,0.070,0.002,0.004,0.001,-50.615,-278.941,387.280,176.199,-7.178,-121.254,1,-0.0323,0.0279,-0.0284,0
19172421,0.042,0.328,0.025,0.002,0.004,0.003,-50.615,-278.941,387.280,176.199,-7.178,-121.254,1,-0.0323,0.0279,-0.0284,0
19172531,0.001,0.322,0.051,0.003,0.004,0.002,-50.615,-278.941,387.280,176.199,-7.178,-121.254,1,-0.0323,0.0279,-0.0284,0
19172671,0.024,0.349,0.037,0.003,0.004,0.002,-50.615,-278.941,387.280,176.199,-7.178,-121.254,1,-0.0323,0.0279,-0.0284,0
19172718,0.058,0.314,0.065,0.002,0.003,0.000,-50.615,-278.941,387.280,176.199,-7.178,-121.254,1,-0.0323,0.0279,-0.0284,0
19172765,0.058,0.302,0.067,0.001,0.003,0.000,-50.615,-278.941,387.280,176.199,-7.178,-121.254,1,-0.0323,0.0279,-0.0284,0
19172843,0.048,0.327,0.049,0.003,0.004,0.001,-50.615,-278.941,387.280,176.199,-7.178,-121.254,1,-0.0323,0.0279,-0.0284,0
19172984,0.054,0.323,0.061,0.002,0.004,0.000,-50.615,-278.941,387.280,176.199,-7.178,-121.254,1,-0.0323,0.0279,-0.0284,0
19173078,0.044,0.329,-0.003,0.002,0.004,0.003,-50.615,-278.941,387.280,176.199,-7.178,-121.254,1,-0.0323,0.0279,-0.0284,0
19173187,0.061,0.332,0.036,0.001,0.003,0.002,-50.615,-278.941,387.280,176.199,-7.178,-121.254,1,-0.0323,0.0279,-0.0284,0
19173265,0.051,0.331,0.031,0.002,0.004,0.002,-50.615,-278.941,387.280,176.199,-7.178,-121.254,1,-0.0323,0.0279,-0.0284,0
19173359,0.058,0.311,0.068,0.002,0.003,0.001,-50.615,-278.941,387.280,176.199,-7.178,-121.254,1,-0.0323,0.0279,-0.0284,0
19173437,0.048,0.307,0.040,0.002,0.004,0.001,-50.615,-278.941,387.280,176.199,-7.178,-121.254,1,-0.0323,0.0279,-0.0284,0
19173515,0.046,0.316,0.019,0.002,0.004,0.002,-50.615,-278.941,387.280,176.199,-7.178,-121.254,1,-0.0323,0.0279,-0.0284,0
19173625,0.041,0.326,0.025,0.002,0.004,0.002,-50.615,-278.941,387.280,176.199,-7.178,-121.254,1,-0.0323,0.0279,-0.0284,0
19173734,0.065,0.308,0.073,0.002,0.003,0.000,-50.615,-278.941,387.280,176.199,-7.178,-121.254,1,-0.0323,0.0279,-0.0284,0
19173875,0.042,0.317,0.029,0.002,0.004,0.002,-50.615,-278.941,387.280,176.199,-7.178,-121.254,1,-0.0323,0.0279,-0.0284,0
19173921,0.054,0.315,0.069,0.002,0.004,0.000,-50.615,-278.941,387.280,176.199,-7.178,-121.254,1,-0.0323,0.0279,-0.0284,0
19173968,0.040,0.313,0.102,0.002,0.004,-0.000,-50.615,-278.941,387.280,176.199,-7.178,-121.254,1,-0.0323,0.0279,-0.0284,0
19174046,0.061,0.316,0.073,0.002,0.003,0.000,-50.615,-278.941,387.280,176.199,-7.178,-121.254,1,-0.0323,0.0279,-0.0284,0
19174187,0.048,0.313,0.013,0.002,0.004,0.002,-50.615,-278.941,387.280,176.199,-7.178,-121.254,1,-0.0323,0.0279,-0.0284,0
19174281,0.064,0.294,0.067,0.001,0.003,0.000,-50.615,-278.941,387.280,176.199,-7.178,-121.254,1,-0.0323,0.0279,-0.0284,0
19174390,0.054,0.308,0.042,0.002,0.003,0.001,-50.615,-278.941,387.280,176.199,-7.178,-121.254,1,-0.0323,0.0279,-0.0284,0
19174468,0.062,0.318,0.055,0.002,0.003,0.001,-50.615,-278.941,387.280,176.199,-7.178,-121.254,1,-0.0323,0.0279,-0.0284,0
19174562,0.060,0.308,0.081,0.002,0.003,-0.000,-50.615,-278.941,387.280,176.199,-7.178,-121.254,1,-0.0323,0.0279,-0.0284,0
19174640,0.048,0.341,0.018,0.002,0.004,0.002,-50.615,-278.941,387.280,176.199,-7.178,-121.254,1,-0.0323,0.0279,-0.0284,0
19174718,0.061,0.324,0.064,0.002,0.004,0.000,-50.615,-278.941,387.280,176.199,-7.178,-121.254,1,-0.0323,0.0279,-0.0284,0
19174828,0.059,0.315,0.067,0.001,0.003,0.000,-50.615,-278.941,387.280,176.199,-7.178,-121.254,1,-0.0323,0.0279,-0.0284,0
19174937,0.060,0.307,0.089,0.001,0.003,-0.001,-50.615,-278.941,387.280,176.199,-7.178,-121.254,1,-0.0323,0.0279,-0.0284,0
19175078,0.052,0.321,0.052,0.001,0.003,0.000,-50.615,-278.941,387.280,176.199,-7.178,-121.254,1,-0.0323,0.0279,-0.0284,0
19175125,0.052,0.318,0.036,0.001,0.003,0.000,-50.615,-278.941,387.280,176.199,-7.178,-121.254,1,-0.0323,0.0279,-0.0284,0
19175171,0.048,0.317,0.071,0.001,0.004,-0.001,-50.615,-278.941,387.280,176.199,-7.178,-121.254,1,-0.0323,0.0279,-0.0284,0
19175250,0.047,0.327,0.039,0.002,0.004,0.002,-50.615,-278.941,387.280,176.199,-7.178,-121.254,1,-0.0323,0.0279,-0.0284,0
19175390,0.069,0.318,0.098,0.001,0.003,-0.001,-50.615,-278.941,387.280,176.199,-7.178,-121.254,1,-0.0323,0.0279,-0.0284,0
19175484,0.059,0.330,0.052,0.002,0.004,0.001,-50.615,-278.941,387.280,176.199,-7.178,-121.254,1,-0.0323,0.0279,-0.0284,0
19175593,0.048,0.335,0.060,0.002,0.004,0.001,-50.615,-278.941,387.280,176.199,-7.178,-121.254,1,-0.0323,0.0279,-0.0284,0
19175671,0.050,0.324,0.074,0.002,0.004,0.000,-50.615,-278.941,387.280,176.199,-7.178,-121.254,1,-0.0323,0.0279,-0.0284,0
19175765,0.044,0.321,0.062,0.002,0.004,0.001,-50.615,-278.941,387.280,176.199,-7.178,-121.254,1,-0.0323,0.0279,-0.0284,0
19175843,0.063,0.298,0.046,0.001,0.003,-0.000,-50.615,-278.941,387.280,176.199,-7.178,-121.254,1,-0.0323,0.0279,-0.0284,0
19175921,0.050,0.314,0.050,0.001,0.004,0.001,-50.615,-278.941,387.280,176.199,-7.178,-121.254,1,-0.0323,0.0279,-0.0284,0
19176031,0.043,0.319,0.056,0.002,0.004,0.001,-50.615,-278.941,387.280,176.199,-7.178,-121.254,1,-0.0323,0.0279,-0.0284,0
19176125,0.046,0.316,0.071,0.002,0.003,0.000,-50.615,-278.941,387.280,176.199,-7.178,-121.254,1,-0.0323,0.0279,-0.0284,0
19176265,0.050,0.324,0.069,0.002,0.004,0.000,-50.615,-278.941,387.280,176.199,-7.178,-121.254,1,-0.0323,0.0279,-0.0284,0
19176312,0.049,0.328,0.065,0.002,0.004,0.001,-50.615,-278.941,387.280,176.199,-7.178,-121.254,1,-0.0323,0.0279,-0.0284,0
19176359,0.047,0.332,0.084,0.003,0.004,0.001,-50.615,-278.941,387.280,176.199,-7.178,-121.254,1,-0.0323,0.0279,-0.0284,0
19176437,0.048,0.324,0.072,0.002,0.004,0.000,-50.615,-278.941,387.280,176.199,-7.178,-121.254,1,-0.0323,0.0279,-0.0284,0
19176578,0.041,0.324,0.078,0.002,0.004,0.000,-50.615,-278.941,387.280,176.199,-7.178,-121.254,1,-0.0323,0.0279,-0.0284,0
19176671,0.039,0.322,0.068,0.002,0.004,0.001,-50.615,-278.941,387.280,176.199,-7.178,-121.254,1,-0.0323,0.0279,-0.0284,0
19176781,0.035,0.328,0.038,0.002,0.004,0.002,-50.615,-278.941,387.280,176.199,-7.178,-121.254,1,-0.0323,0.0279,-0.0284,0
19176859,0.033,0.328,0.051,0.002,0.004,0.001,-50.615,-278.941,387.280,176.199,-7.178,-121.254,1,-0.0323,0.0279,-0.0284,0
19176953,0.018,0.320,0.080,0.002,0.005,0.000,-50.615,-278.941,387.280,176.199,-7.178,-121.254,1,-0.0323,0.0279,-0.0284,0
19177031,0.035,0.334,0.057,0.002,0.004,0.001,-50.615,-278.941,387.280,176.199,-7.178,-121.254,1,-0.0323,0.0279,-0.0284,0
19177109,0.044,0.331,0.053,0.002,0.004,0.001,-50.615,-278.941,387.280,176.199,-7.178,-121.254,1,-0.0323,0.0279,-0.0284,0
19177218,0.026,0.338,0.036,0.002,0.004,0.002,-50.615,-278.941,387.280,176.199,-7.178,-121.254,1,-0.0323,0.0279,-0.0284,0
19177328,0.053,0.328,0.059,0.001,0.003,0.001,-50.615,-278.941,387.280,176.199,-7.178,-121.254,1,-0.0323,0.0279,-0.0284,0
19177468,0.017,0.342,0.040,0.003,0.004,0.001,-50.615,-278.941,387.280,176.199,-7.178,-121.254,1,-0.0323,0.0279,-0.0284,0
19177515,0.012,0.340,0.042,0.003,0.004,0.002,-50.615,-278.941,387.280,176.199,-7.178,-121.254,1,-0.0323,0.0279,-0.0284,0
19177562,0.001,0.338,0.062,0.003,0.005,0.001,-50.615,-278.941,387.280,176.199,-7.178,-121.254,1,-0.0323,0.0279,-0.0284,0
19177640,0.033,0.334,0.072,0.002,0.004,0.000,-50.615,-278.941,387.280,176.199,-7.178,-121.254,1,-0.0323,0.0279,-0.0284,0
19177781,0.035,0.331,0.044,0.002,0.004,0.001,-50.615,-278.941,387.280,176.199,-7.178,-121.254,1,-0.0323,0.0279,-0.0284,0
19177875,0.041,0.327,0.081,0.002,0.004,0.000,-50.615,-278.941,387.280,176.199,-7.178,-121.254,1,-0.0323,0.0279,-0.0284,0
19177984,0.039,0.335,0.047,0.002,0.004,0.001,-50.615,-278.941,387.280,176.199,-7.178,-121.254,1,-0.0323,0.0279,-0.0284,0
19178062,0.033,0.331,0.072,0.003,0.004,0.001,-50.615,-278.941,387.280,176.199,-7.178,-121.254,1,-0.0323,0.0279,-0.0284,0
19178156,0.035,0.332,0.036,0.002,0.004,0.002,-50.615,-278.941,387.280,176.199,-7.178,-121.254,1,-0.0323,0.0279,-0.0284,0
19178234,0.057,0.340,0.034,0.002,0.004,0.001,-50.615,-278.941,387.280,176.199,-7.178,-121.254,1,-0.0323,0.0279,-0.0284,0
19178312,0.021,0.321,0.034,0.002,0.005,0.002,-50.615,-278.941,387.280,176.199,-7.178,-121.254,1,-0.0323,0.0279,-0.0284,0
19178421,0.061,0.350,0.096,0.002,0.003,-0.000,-50.615,-278.941,387.280,176.199,-7.178,-121.254,1,-0.0323,0.0279,-0.0284,0
19178531,0.046,0.320,0.053,0.002,0.004,0.000,-50.615,-278.941,387.280,176.199,-7.178,-121.254,1,-0.0323,0.0279,-0.0284,0
19178671,0.047,0.326,0.071,0.002,0.004,0.001,-50.615,-278.941,387.280,176.199,-7.178,-121.254,1,-0.0323,0.0279,-0.0284,0
19178718,0.039,0.340,0.057,0.003,0.004,0.002,-50.615,-278.941,387.280,176.199,-7.178,-121.254,1,-0.0323,0.0279,-0.0284,0
19178765,0.046,0.337,0.048,0.002,0.004,0.001,-50.615,-278.941,387.280,176.199,-7.178,-121.254,1,-0.0323,0.0279,-0.0284,0
19178843,0.049,0.344,0.028,0.002,0.004,0.002,-50.615,-278.941,387.280,176.199,-7.178,-121.254,1,-0.0323,0.0279,-0.0284,0
19178984,0.044,0.342,0.049,0.003,0.004,0.002,-50.615,-278.941,387.280,176.199,-7.178,-121.254,1,-0.0323,0.0279,-0.0284,0
19179078,0.042,0.334,0.042,0.002,0.004,0.001,-50.615,-278.941,387.280,176.199,-7.178,-121.254,1,-0.0323,0.0279,-0.0284,0
19179125,0.028,0.328,0.043,0.002,0.004,0.002,-50.615,-278.941,387.280,176.199,-7.178,-121.254,1,-0.0323,0.0279,-0.0284,0
19179203,0.048,0.316,0.050,0.002,0.004,0.000,-50.615,-278.941,387.280,176.199,-7.178,-121.254,1,-0.0323,0.0279,-0.0284,0
19179281,0.042,0.325,0.029,0.003,0.004,0.002,-50.615,-278.941,387.280,176.199,-7.178,-121.254,1,-0.0323,0.0279,-0.0284,0
19179359,0.041,0.346,0.039,0.003,0.004,0.002,-50.615,-278.941,387.280,176.199,-7.178,-121.254,1,-0.0323,0.0279,-0.0284,0
19179453,0.051,0.339,0.047,0.002,0.004,0.000,-50.615,-278.941,387.280,176.199,-7.178,-121.254,1,-0.0323,0.0279,-0.0284,0
19179531,0.047,0.336,0.058,0.002,0.004,0.001,-50.615,-278.941,387.280,176.199,-7.178,-121.254,1,-0.0323,0.0279,-0.0284,0
19179640,0.049,0.335,0.082,0.003,0.004,0.001,-50.615,-278.941,387.280,176.199,-7.178,-121.254,1,-0.0323,0.0279,-0.0284,0
19179734,0.048,0.330,0.075,0.002,0.004,0.001,-50.615,-278.941,387.280,176.199,-7.178,-121.254,1,-0.0323,0.0279,-0.0284,0
19179875,0.052,0.342,0.075,0.002,0.004,0.001,-50.615,-278.941,387.280,176.199,-7.178,-121.254,1,-0.0323,0.0279,-0.0284,0
19179921,0.042,0.337,0.052,0.002,0.004,0.001,-50.615,-278.941,387.280,176.199,-7.178,-121.254,1,-0.0323,0.0279,-0.0284,0
19179968,0.036,0.334,0.038,0.003,0.004,0.002,-50.615,-278.941,387.280,176.199,-7.178,-121.254,1,-0.0323,0.0279,-0.0284,0
19180046,0.034,0.341,0.046,0.003,0.004,0.002,-50.615,-278.941,387.280,176.199,-7.178,-121.254,1,-0.0323,0.0279,-0.0284,0
19180187,0.039,0.339,0.019,0.002,0.004,0.002,-50.615,-278.941,387.280,176.199,-7.178,-121.254,1,-0.0323,0.0279,-0.0284,0
19180281,0.057,0.328,0.062,0.002,0.004,0.000,-50.615,-278.941,387.280,176.199,-7.178,-121.254,1,-0.0323,0.0279,-0.0284,0
19180390,0.059,0.328,0.094,0.002,0.003,-0.000,-50.615,-278.941,387.280,176.199,-7.178,-121.254,1,-0.0323,0.0279,-0.0284,0
19180468,0.063,0.336,0.061,0.002,0.003,0.001,-50.615,-278.941,387.280,176.199,-7.178,-121.254,1,-0.0323,0.0279,-0.0284,0
19180562,0.054,0.337,0.047,0.002,0.003,0.001,-50.615,-278.941,387.280,176.199,-7.178,-121.254,1,-0.0323,0.0279,-0.0284,0
19180640,0.047,0.344,0.021,0.002,0.004,0.002,-50.615,-278.941,387.280,176.199,-7.178,-121.254,1,-0.0323,0.0279,-0.0284,0
19180718,0.051,0.319,0.059,0.002,0.004,0.001,-50.615,-278.941,387.280,176.199,-7.178,-121.254,1,-0.0323,0.0279,-0.0284,0
19180828,0.048,0.323,0.054,0.001,0.004,0.000,-50.615,-278.941,387.280,176.199,-7.178,-121.254,1,-0.0323,0.0279,-0.0284,0
19180937,0.047,0.343,0.055,0.002,0.004,0.000,-50.615,-278.941,387.280,176.199,-7.178,-121.254,1,-0.0323,0.0279,-0.0284,0
19181062,0.051,0.339,0.057,0.002,0.003,0.001,-50.615,-278.941,387.280,176.199,-7.178,-121.254,1,-0.0323,0.0279,-0.0284,0
19181109,0.048,0.328,0.075,0.001,0.003,-0.001,-50.615,-278.941,387.280,176.199,-7.178,-121.254,1,-0.0323,0.0279,-0.0284,0
19181156,0.049,0.338,0.077,0.002,0.004,-0.001,-50.615,-278.941,387.280,176.199,-7.178,-121.254,1,-0.0323,0.0279,-0.0284,0
19181234,0.058,0.349,0.036,0.002,0.003,0.001,-50.615,-278.941,387.280,176.199,-7.178,-121.254,1,-0.0323,0.0279,-0.0284,0
19181375,0.052,0.352,0.076,0.003,0.003,0.000,-50.615,-278.941,387.280,176.199,-7.178,-121.254,1,-0.0323,0.0279,-0.0284,0
19181468,0.050,0.344,0.069,0.002,0.003,-0.000,-50.615,-278.941,387.280,176.199,-7.178,-121.254,1,-0.0323,0.0279,-0.0284,0
19181578,0.049,0.337,0.083,0.002,0.004,0.000,-50.615,-278.941,387.280,176.199,-7.178,-121.254,1,-0.0323,0.0279,-0.0284,0
19181656,0.049,0.343,0.034,0.002,0.004,0.001,-50.615,-278.941,387.280,176.199,-7.178,-121.254,1,-0.0323,0.0279,-0.0284,0
19181750,0.041,0.325,0.100,0.002,0.004,-0.001,-50.615,-278.941,387.280,176.199,-7.178,-121.254,1,-0.0323,0.0279,-0.0284,0
19181828,0.061,0.339,0.025,0.002,0.003,0.002,-50.615,-278.941,387.280,176.199,-7.178,-121.254,1,-0.0323,0.0279,-0.0284,0
19181906,0.041,0.338,0.037,0.002,0.004,0.001,-50.615,-278.941,387.280,176.199,-7.178,-121.254,1,-0.0323,0.0279,-0.0284,0
19182015,0.027,0.341,0.072,0.002,0.004,0.001,-50.615,-278.941,387.280,176.199,-7.178,-121.254,1,-0.0323,0.0279,-0.0284,0
19182125,0.049,0.340,0.088,0.002,0.004,-0.000,-50.615,-278.941,387.280,176.199,-7.178,-121.254,1,-0.0323,0.0279,-0.0284,0
19182265,0.048,0.329,0.034,0.002,0.004,0.001,-50.615,-278.941,387.280,176.199,-7.178,-121.254,1,-0.0323,0.0279,-0.0284,0
19182312,0.049,0.331,0.052,0.002,0.004,0.000,-50.615,-278.941,387.280,176.199,-7.178,-121.254,1,-0.0323,0.0279,-0.0284,0
19182359,0.049,0.333,0.068,0.002,0.004,0.000,-50.615,-278.941,387.280,176.199,-7.178,-121.254,1,-0.0323,0.0279,-0.0284,0
19182437,0.039,0.337,0.077,0.002,0.004,0.000,-50.615,-278.941,387.280,176.199,-7.178,-121.254,1,-0.0323,0.0279,-0.0284,0
19182578,0.045,0.324,0.051,0.002,0.004,0.001,-50.615,-278.941,387.280,176.199,-7.178,-121.254,1,-0.0323,0.0279,-0.0284,0
19182671,0.048,0.324,0.070,0.002,0.004,0.001,-50.615,-278.941,387.280,176.199,-7.178,-121.254,1,-0.0323,0.0279,-0.0284,0
19182781,0.031,0.313,0.085,0.002,0.004,0.001,-50.615,-278.941,387.280,176.199,-7.178,-121.254,1,-0.0323,0.0279,-0.0284,0
19182859,0.045,0.345,0.058,0.002,0.004,0.001,-50.615,-278.941,387.280,176.199,-7.178,-121.254,1,-0.0323,0.0279,-0.0284,0
19182937,0.047,0.349,0.042,0.002,0.004,0.001,-50.615,-278.941,387.280,176.199,-7.178,-121.254,1,-0.0323,0.0279,-0.0284,0
19183031,0.037,0.338,0.027,0.002,0.004,0.002,-50.615,-278.941,387.280,176.199,-7.178,-121.254,1,-0.0323,0.0279,-0.0284,0
19183109,0.030,0.342,0.081,0.003,0.004,0.001,-50.615,-278.941,387.280,176.199,-7.178,-121.254,1,-0.0323,0.0279,-0.0284,0
19183218,0.033,0.338,0.072,0.002,0.004,0.001,-50.615,-278.941,387.280,176.199,-7.178,-121.254,1,-0.0323,0.0279,-0.0284,0
19183312,0.045,0.339,0.038,0.002,0.004,0.001,-50.615,-278.941,387.280,176.199,-7.178,-121.254,1,-0.0323,0.0279,-0.0284,0
19183453,0.022,0.334,0.055,0.002,0.004,0.001,-50.615,-278.941,387.280,176.199,-7.178,-121.254,1,-0.0323,0.0279,-0.0284,0
19183500,0.023,0.334,0.058,0.003,0.004,0.001,-50.615,-278.941,387.280,176.199,-7.178,-121.254,1,-0.0323,0.0279,-0.0284,0
19183546,0.026,0.346,0.073,0.003,0.004,0.001,-50.615,-278.941,387.280,176.199,-7.178,-121.254,1,-0.0323,0.0279,-0.0284,0
19183625,0.050,0.328,0.038,0.002,0.004,0.001,-50.615,-278.941,387.280,176.199,-7.178,-121.254,1,-0.0323,0.0279,-0.0284,0
19183765,0.044,0.343,0.055,0.002,0.004,0.001,-50.615,-278.941,387.280,176.199,-7.178,-121.254,1,-0.0323,0.0279,-0.0284,0
19183859,0.034,0.360,0.062,0.003,0.004,0.001,-50.615,-278.941,387.280,176.199,-7.178,-121.254,1,-0.0323,0.0279,-0.0284,0
19183968,0.042,0.347,0.048,0.003,0.004,0.001,-50.615,-278.941,387.280,176.199,-7.178,-121.254,1,-0.0323,0.0279,-0.0284,0
19184046,0.035,0.337,0.073,0.002,0.004,0.001,-50.615,-278.941,387.280,176.199,-7.178,-121.254,1,-0.0323,0.0279,-0.0284,0
19184140,0.017,0.327,0.052,0.003,0.005,0.002,-50.615,-278.941,387.280,176.199,-7.178,-121.254,1,-0.0323,0.0279,-0.0284,0
19184218,0.025,0.325,0.062,0.003,0.004,0.002,-50.615,-278.941,387.280,176.199,-7.178,-121.254,1,-0.0323,0.0279,-0.0284,0
19184296,0.045,0.347,0.067,0.003,0.004,0.002,-50.615,-278.941,387.280,176.199,-7.178,-121.254,1,-0.0323,0.0279,-0.0284,0
19184406,0.037,0.348,0.053,0.003,0.004,0.002,-50.615,-278.941,387.280,176.199,-7.178,-121.254,1,-0.0323,0.0279,-0.0284,0
19184515,0.049,0.338,0.051,0.002,0.004,0.001,-50.615,-278.941,387.280,176.199,-7.178,-121.254,1,-0.0323,0.0279,-0.0284,0
19184656,0.059,0.334,0.056,0.002,0.004,-0.000,-50.615,-278.941,387.280,176.199,-7.178,-121.254,1,-0.0323,0.0279,-0.0284,0
19184703,0.049,0.338,0.061,0.002,0.004,0.001,-50.615,-278.941,387.280,176.199,-7.178,-121.254,1,-0.0323,0.0279,-0.0284,0
19184750,0.034,0.344,0.069,0.003,0.004,0.002,-50.615,-278.941,387.280,176.199,-7.178,-121.254,1,-0.0323,0.0279,-0.0284,0
19184828,0.034,0.336,0.056,0.003,0.004,0.002,-50.615,-278.941,387.280,176.199,-7.178,-121.254,1,-0.0323,0.0279,-0.0284,0
19184968,0.029,0.339,0.040,0.003,0.004,0.001,-50.615,-278.941,387.280,176.199,-7.178,-121.254,1,-0.0323,0.0279,-0.0284,0
19185062,0.040,0.342,0.042,0.003,0.004,0.001,-50.615,-278.941,387.280,176.199,-7.178,-121.254,1,-0.0323,0.0279,-0.0284,0
19185171,0.053,0.337,0.064,0.002,0.004,0.001,-50.615,-278.941,387.280,176.199,-7.178,-121.254,1,-0.0323,0.0279,-0.0284,0
19185250,0.040,0.353,0.057,0.003,0.004,0.002,-50.615,-278.941,387.280,176.199,-7.178,-121.254,1,-0.0323,0.0279,-0.0284,0
19185343,0.042,0.352,0.048,0.003,0.004,0.002,-50.615,-278.941,387.280,176.199,-7.178,-121.254,1,-0.0323,0.0279,-0.0284,0
19185421,0.065,0.330,0.065,0.002,0.003,0.000,-50.615,-278.941,387.280,176.199,-7.178,-121.254,1,-0.0323,0.0279,-0.0284,0
19185500,0.030,0.353,0.015,0.004,0.004,0.003,-50.615,-278.941,387.280,176.199,-7.178,-121.254,1,-0.0323,0.0279,-0.0284,0
19185609,0.042,0.354,0.034,0.003,0.004,0.002,-50.615,-278.941,387.280,176.199,-7.178,-121.254,1,-0.0323,0.0279,-0.0284,0
19185718,0.060,0.356,0.055,0.002,0.004,0.000,-50.615,-278.941,387.280,176.199,-7.178,-121.254,1,-0.0323,0.0279,-0.0284,0
19185859,0.040,0.339,0.043,0.003,0.004,0.002,-50.615,-278.941,387.280,176.199,-7.178,-121.254,1,-0.0323,0.0279,-0.0284,0
19185906,0.043,0.343,0.043,0.003,0.004,0.002,-50.615,-278.941,387.280,176.199,-7.178,-121.254,1,-0.0323,0.0279,-0.0284,0
19185953,0.046,0.344,0.050,0.002,0.003,0.001,-50.615,-278.941,387.280,176.199,-7.178,-121.254,1,-0.0323,0.0279,-0.0284,0
19186031,0.053,0.341,0.064,0.002,0.004,0.000,-50.615,-278.941,387.280,176.199,-7.178,-121.254,1,-0.0323,0.0279,-0.0284,0
19186171,0.051,0.351,0.034,0.002,0.004,0.002,-50.615,-278.941,387.280,176.199,-7.178,-121.254,1,-0.0323,0.0279,-0.0284,0
19186265,0.044,0.353,0.037,0.003,0.004,0.002,-50.615,-278.941,387.280,176.199,-7.178,-121.254,1,-0.0323,0.0279,-0.0284,0
19186375,0.070,0.345,0.095,0.002,0.003,-0.001,-50.615,-278.941,387.280,176.199,-7.178,-121.254,1,-0.0323,0.0279,-0.0284,0
19186453,0.056,0.347,0.036,0.002,0.003,0.002,-50.615,-278.941,387.280,176.199,-7.178,-121.254,1,-0.0323,0.0279,-0.0284,0
19186546,0.046,0.335,0.008,0.002,0.004,0.002,-50.615,-278.941,387.280,176.199,-7.178,-121.254,1,-0.0323,0.0279,-0.0284,0
19186625,0.053,0.340,0.093,0.002,0.004,-0.000,-50.615,-278.941,387.280,176.199,-7.178,-121.254,1,-0.0323,0.0279,-0.0284,0
19186703,0.049,0.341,0.034,0.003,0.004,0.002,-50.615,-278.941,387.280,176.199,-7.178,-121.254,1,-0.0323,0.0279,-0.0284,0
19186812,0.060,0.336,0.052,0.002,0.004,0.001,-50.615,-278.941,387.280,176.199,-7.178,-121.254,1,-0.0323,0.0279,-0.0284,0
19186921,0.045,0.343,0.073,0.003,0.004,0.000,-50.615,-278.941,387.280,176.199,-7.178,-121.254,1,-0.0323,0.0279,-0.0284,0
19187062,0.056,0.347,0.078,0.002,0.003,0.000,-50.615,-278.941,387.280,176.199,-7.178,-121.254,1,-0.0323,0.0279,-0.0284,0
19187109,0.050,0.333,0.100,0.002,0.004,-0.000,-50.615,-278.941,387.280,176.199,-7.178,-121.254,1,-0.0323,0.0279,-0.0284,0
19187156,0.060,0.348,0.088,0.002,0.004,-0.000,-50.615,-278.941,387.280,176.199,-7.178,-121.254,1,-0.0323,0.0279,-0.0284,0
19187234,0.049,0.352,0.046,0.003,0.004,0.001,-50.615,-278.941,387.280,176.199,-7.178,-121.254,1,-0.0323,0.0279,-0.0284,0
19187375,0.047,0.339,0.037,0.002,0.003,0.001,-50.615,-278.941,387.280,176.199,-7.178,-121.254,1,-0.0323,0.0279,-0.0284,0
19187468,0.050,0.343,0.065,0.002,0.003,0.000,-50.615,-278.941,387.280,176.199,-7.178,-121.254,1,-0.0323,0.0279,-0.0284,0
19187578,0.048,0.342,0.076,0.002,0.004,0.000,-50.615,-278.941,387.280,176.199,-7.178,-121.254,1,-0.0323,0.0279,-0.0284,0
19187656,0.039,0.347,0.038,0.002,0.004,0.001,-50.615,-278.941,387.280,176.199,-7.178,-121.254,1,-0.0323,0.0279,-0.0284,0
19187750,0.049,0.358,0.026,0.002,0.004,0.002,-50.615,-278.941,387.280,176.199,-7.178,-121.254,1,-0.0323,0.0279,-0.0284,0
19187828,0.041,0.333,0.087,0.002,0.004,-0.000,-50.615,-278.941,387.280,176.199,-7.178,-121.254,1,-0.0323,0.0279,-0.0284,0
19187906,0.039,0.338,0.083,0.002,0.004,-0.000,-50.615,-278.941,387.280,176.199,-7.178,-121.254,1,-0.0323,0.0279,-0.0284,0
19188015,0.046,0.345,0.055,0.002,0.004,0.001,-50.615,-278.941,387.280,176.199,-7.178,-121.254,1,-0.0323,0.0279,-0.0284,0
19188125,0.042,0.342,0.053,0.002,0.004,0.000,-50.615,-278.941,387.280,176.199,-7.178,-121.254,1,-0.0323,0.0279,-0.0284,0
19188265,0.041,0.345,0.062,0.002,0.004,0.001,-50.615,-278.941,387.280,176.199,-7.178,-121.254,1,-0.0323,0.0279,-0.0284,0
19188312,0.040,0.346,0.060,0.002,0.004,0.001,-50.615,-278.941,387.280,176.199,-7.178,-121.254,1,-0.0323,0.0279,-0.0284,0
19188359,0.051,0.339,0.049,0.002,0.004,0.001,-50.615,-278.941,387.280,176.199,-7.178,-121.254,1,-0.0323,0.0279,-0.0284,0
19188437,0.038,0.339,0.079,0.002,0.004,-0.000,-50.615,-278.941,387.280,176.199,-7.178,-121.254,1,-0.0323,0.0279,-0.0284,0
19188578,0.035,0.335,0.073,0.002,0.004,0.000,-50.615,-278.941,387.280,176.199,-7.178,-121.254,1,-0.0323,0.0279,-0.0284,0
19188671,0.039,0.349,0.040,0.002,0.004,0.001,-50.615,-278.941,387.280,176.199,-7.178,-121.254,1,-0.0323,0.0279,-0.0284,0
19188781,0.041,0.344,0.081,0.002,0.004,0.000,-50.615,-278.941,387.280,176.199,-7.178,-121.254,1,-0.0323,0.0279,-0.0284,0
19188859,0.038,0.345,0.068,0.002,0.004,0.001,-50.615,-278.941,387.280,176.199,-7.178,-121.254,1,-0.0323,0.0279,-0.0284,0
19188953,0.023,0.349,0.031,0.003,0.004,0.002,-50.615,-278.941,387.280,176.199,-7.178,-121.254,1,-0.0323,0.0279,-0.0284,0
19189031,0.023,0.344,0.055,0.003,0.004,0.001,-50.615,-278.941,387.280,176.199,-7.178,-121.254,1,-0.0323,0.0279,-0.0284,0
19189109,0.029,0.341,0.080,0.002,0.004,0.000,-50.615,-278.941,387.280,176.199,-7.178,-121.254,1,-0.0323,0.0279,-0.0284,0
19189218,0.031,0.348,0.052,0.002,0.004,0.001,-50.615,-278.941,387.280,176.199,-7.178,-121.254,1,-0.0323,0.0279,-0.0284,0
19189328,0.024,0.339,0.066,0.002,0.004,0.001,-50.615,-278.941,387.280,176.199,-7.178,-121.254,1,-0.0323,0.0279,-0.0284,0
19189468,0.042,0.359,0.063,0.003,0.004,0.001,-50.615,-278.941,387.280,176.199,-7.178,-121.254,1,-0.0323,0.0279,-0.0284,0
19189515,0.041,0.347,0.053,0.002,0.004,0.001,-50.615,-278.941,387.280,176.199,-7.178,-121.254,1,-0.0323,0.0279,-0.0284,0
19189625,0.015,0.364,0.058,0.003,0.004,0.001,-50.615,-278.941,387.280,176.199,-7.178,-121.254,1,-0.0323,0.0279,-0.0284,0
19189765,0.035,0.351,0.057,0.002,0.004,0.001,-50.615,-278.941,387.280,176.199,-7.178,-121.254,1,-0.0323,0.0279,-0.0284,0
19189859,0.015,0.354,0.055,0.003,0.004,0.001,-50.615,-278.941,387.280,176.199,-7.178,-121.254,1,-0.0323,0.0279,-0.0284,0
19189968,0.001,0.346,0.076,0.003,0.005,0.001,-50.615,-278.941,387.280,176.199,-7.178,-121.254,1,-0.0323,0.0279,-0.0284,0
19190046,0.037,0.337,0.066,0.002,0.004,0.000,-50.615,-278.941,387.280,176.199,-7.178,-121.254,1,-0.0323,0.0279,-0.0284,0
19190140,0.042,0.347,0.053,0.002,0.004,0.001,-50.615,-278.941,387.280,176.199,-7.178,-121.254,1,-0.0323,0.0279,-0.0284,0
19190218,0.031,0.351,0.072,0.003,0.004,0.002,-50.615,-278.941,387.280,176.199,-7.178,-121.254,1,-0.0323,0.0279,-0.0284,0
19190296,0.039,0.345,0.071,0.002,0.004,0.001,-50.615,-278.941,387.280,176.199,-7.178,-121.254,1,-0.0323,0.0279,-0.0284,0
19190406,0.035,0.350,0.038,0.003,0.004,0.002,-50.615,-278.941,387.280,176.199,-7.178,-121.254,1,-0.0323,0.0279,-0.0284,0
19190515,0.038,0.343,0.062,0.003,0.004,0.001,-50.615,-278.941,387.280,176.199,-7.178,-121.254,1,-0.0323,0.0279,-0.0284,0
19190656,0.045,0.342,0.047,0.002,0.004,0.001,-50.615,-278.941,387.280,176.199,-7.178,-121.254,1,-0.0323,0.0279,-0.0284,0
19190703,0.028,0.337,0.050,0.002,0.004,0.002,-50.615,-278.941,387.280,176.199,-7.178,-121.254,1,-0.0323,0.0279,-0.0284,0
19190750,0.008,0.330,0.071,0.003,0.005,0.002,-50.615,-278.941,387.280,176.199,-7.178,-121.254,1,-0.0323,0.0279,-0.0284,0
19190828,0.031,0.362,0.065,0.003,0.004,0.002,-50.615,-278.941,387.280,176.199,-7.178,-121.254,1,-0.0323,0.0279,-0.0284,0
19190968,0.044,0.339,0.052,0.002,0.004,0.001,-50.615,-278.941,387.280,176.199,-7.178,-121.254,1,-0.0323,0.0279,-0.0284,0
19191062,0.029,0.352,0.058,0.003,0.004,0.001,-50.615,-278.941,387.280,176.199,-7.178,-121.254,1,-0.0323,0.0279,-0.0284,0
19191171,0.030,0.355,0.068,0.003,0.004,0.001,-50.615,-278.941,387.280,176.199,-7.178,-121.254,1,-0.0323,0.0279,-0.0284,0
19191250,0.052,0.338,0.100,0.002,0.004,-0.000,-50.615,-278.941,387.280,176.199,-7.178,-121.254,1,-0.0323,0.0279,-0.0284,0
19191343,0.034,0.346,0.058,0.003,0.004,0.001,-50.615,-278.941,387.280,176.199,-7.178,-121.254,1,-0.0323,0.0279,-0.0284,0
19191421,0.012,0.350,0.049,0.003,0.005,0.002,-50.615,-278.941,387.280,176.199,-7.178,-121.254,1,-0.0323,0.0279,-0.0284,0
19191500,0.025,0.332,0.046,0.003,0.004,0.002,-50.615,-278.941,387.280,176.199,-7.178,-121.254,1,-0.0323,0.0279,-0.0284,0
19191625,0.030,0.342,0.036,0.003,0.004,0.001,-50.615,-278.941,387.280,176.199,-7.178,-121.254,1,-0.0323,0.0279,-0.0284,0
19191703,0.033,0.355,0.016,0.003,0.004,0.003,-50.615,-278.941,387.280,176.199,-7.178,-121.254,1,-0.0323,0.0279,-0.0284,0
19191843,0.045,0.341,0.056,0.002,0.004,0.001,-50.615,-278.941,387.280,176.199,-7.178,-121.254,1,-0.0323,0.0279,-0.0284,0
19191890,0.048,0.344,0.053,0.002,0.004,0.000,-50.615,-278.941,387.280,176.199,-7.178,-121.254,1,-0.0323,0.0279,-0.0284,0
19191937,0.040,0.347,0.032,0.002,0.004,0.002,-50.615,-278.941,387.280,176.199,-7.178,-121.254,1,-0.0323,0.0279,-0.0284,0
19192015,0.054,0.343,0.067,0.002,0.004,0.000,-50.615,-278.941,387.280,176.199,-7.178,-121.254,1,-0.0323,0.0279,-0.0284,0
19192156,0.068,0.352,0.052,0.002,0.003,0.000,-50.615,-278.941,387.280,176.199,-7.178,-121.254,1,-0.0323,0.0279,-0.0284,0
19192250,0.032,0.339,0.060,0.003,0.004,0.002,-50.615,-278.941,387.280,176.199,-7.178,-121.254,1,-0.0323,0.0279,-0.0284,0
19192359,0.049,0.324,0.046,0.002,0.004,0.000,-50.615,-278.941,387.280,176.199,-7.178,-121.254,1,-0.0323,0.0279,-0.0284,0
19192437,0.048,0.330,0.063,0.002,0.004,0.001,-50.615,-278.941,387.280,176.199,-7.178,-121.254,1,-0.0323,0.0279,-0.0284,0
19192531,0.029,0.351,0.021,0.004,0.004,0.003,-50.615,-278.941,387.280,176.199,-7.178,-121.254,1,-0.0323,0.0279,-0.0284,0
19192609,0.038,0.351,0.048,0.003,0.004,0.002,-50.615,-278.941,387.280,176.199,-7.178,-121.254,1,-0.0323,0.0279,-0.0284,0
19192687,0.042,0.348,0.046,0.003,0.004,0.002,-50.615,-278.941,387.280,176.199,-7.178,-121.254,1,-0.0323,0.0279,-0.0284,0
19192796,0.058,0.338,0.055,0.002,0.003,0.001,-50.615,-278.941,387.280,176.199,-7.178,-121.254,1,-0.0323,0.0279,-0.0284,0
19192906,0.040,0.341,0.048,0.003,0.004,0.002,-50.615,-278.941,387.280,176.199,-7.178,-121.254,1,-0.0323,0.0279,-0.0284,0
19193046,0.034,0.337,0.040,0.002,0.004,0.001,-50.615,-278.941,387.280,176.199,-7.178,-121.254,1,-0.0323,0.0279,-0.0284,0
19193093,0.045,0.329,0.063,0.002,0.004,0.000,-50.615,-278.941,387.280,176.199,-7.178,-121.254,1,-0.0323,0.0279,-0.0284,0
19193140,0.033,0.344,0.017,0.003,0.004,0.003,-50.615,-278.941,387.280,176.199,-7.178,-121.254,1,-0.0323,0.0279,-0.0284,0
19193218,0.047,0.337,0.058,0.002,0.004,0.000,-50.615,-278.941,387.280,176.199,-7.178,-121.254,1,-0.0323,0.0279,-0.0284,0
19193359,0.053,0.334,0.052,0.002,0.004,-0.000,-50.615,-278.941,387.280,176.199,-7.178,-121.254,1,-0.0323,0.0279,-0.0284,0
19193453,0.036,0.352,0.018,0.002,0.004,0.003,-50.615,-278.941,387.280,176.199,-7.178,-121.254,1,-0.0323,0.0279,-0.0284,0
19193562,0.048,0.339,0.069,0.002,0.004,0.001,-50.615,-278.941,387.280,176.199,-7.178,-121.254,1,-0.0323,0.0279,-0.0284,0
19193640,0.053,0.342,0.060,0.002,0.004,0.001,-50.615,-278.941,387.280,176.199,-7.178,-121.254,1,-0.0323,0.0279,-0.0284,0
19193734,0.044,0.330,0.040,0.002,0.004,0.001,-50.615,-278.941,387.280,176.199,-7.178,-121.254,1,-0.0323,0.0279,-0.0284,0
19193812,0.055,0.322,0.042,0.002,0.004,0.001,-50.615,-278.941,387.280,176.199,-7.178,-121.254,1,-0.0323,0.0279,-0.0284,0
19193890,0.059,0.320,0.053,0.002,0.004,-0.000,-50.615,-278.941,387.280,176.199,-7.178,-121.254,1,-0.0323,0.0279,-0.0284,0
19194000,0.057,0.328,0.064,0.002,0.003,0.001,-50.615,-278.941,387.280,176.199,-7.178,-121.254,1,-0.0323,0.0279,-0.0284,0
19194109,0.048,0.340,0.041,0.003,0.004,0.002,-50.615,-278.941,387.280,176.199,-7.178,-121.254,1,-0.0323,0.0279,-0.0284,0
19194250,0.075,0.329,0.067,0.002,0.003,-0.000,-50.615,-278.941,387.280,176.199,-7.178,-121.254,1,-0.0323,0.0279,-0.0284,0
19194296,0.068,0.328,0.087,0.002,0.003,-0.001,-50.615,-278.941,387.280,176.199,-7.178,-121.254,1,-0.0323,0.0279,-0.0284,0
19194343,0.064,0.340,0.073,0.002,0.004,-0.000,-50.615,-278.941,387.280,176.199,-7.178,-121.254,1,-0.0323,0.0279,-0.0284,0
19194421,0.039,0.339,0.045,0.003,0.004,0.002,-50.615,-278.941,387.280,176.199,-7.178,-121.254,1,-0.0323,0.0279,-0.0284,0
19194562,0.045,0.335,0.037,0.002,0.004,0.001,-50.615,-278.941,387.280,176.199,-7.178,-121.254,1,-0.0323,0.0279,-0.0284,0
19194656,0.059,0.331,0.061,0.002,0.003,0.000,-50.615,-278.941,387.280,176.199,-7.178,-121.254,1,-0.0323,0.0279,-0.0284,0
19194765,0.053,0.327,0.072,0.002,0.004,-0.000,-50.615,-278.941,387.280,176.199,-7.178,-121.254,1,-0.0323,0.0279,-0.0284,0
19194843,0.039,0.345,0.054,0.003,0.004,0.001,-50.615,-278.941,387.280,176.199,-7.178,-121.254,1,-0.0323,0.0279,-0.0284,0
19194921,0.051,0.323,0.098,0.002,0.004,-0.000,-50.615,-278.941,387.280,176.199,-7.178,-121.254,1,-0.0323,0.0279,-0.0284,0
19195015,0.053,0.326,0.089,0.002,0.004,-0.000,-50.615,-278.941,387.280,176.199,-7.178,-121.254,1,-0.0323,0.0279,-0.0284,0
19195093,0.057,0.347,0.043,0.002,0.004,0.002,-50.615,-278.941,387.280,176.199,-7.178,-121.254,1,-0.0323,0.0279,-0.0284,0
19195203,0.041,0.334,0.044,0.003,0.004,0.001,-50.615,-278.941,387.280,176.199,-7.178,-121.254,1,-0.0323,0.0279,-0.0284,0
19195296,0.044,0.321,0.063,0.002,0.004,0.000,-50.615,-278.941,387.280,176.199,-7.178,-121.254,1,-0.0323,0.0279,-0.0284,0
19195437,0.063,0.316,0.061,0.002,0.003,-0.000,-50.615,-278.941,387.280,176.199,-7.178,-121.254,1,-0.0323,0.0279,-0.0284,0
19195484,0.051,0.325,0.045,0.002,0.003,0.001,-50.615,-278.941,387.280,176.199,-7.178,-121.254,1,-0.0323,0.0279,-0.0284,0
19195531,0.055,0.324,0.050,0.002,0.003,0.001,-50.615,-278.941,387.280,176.199,-7.178,-121.254,1,-0.0323,0.0279,-0.0284,0
19195609,0.059,0.315,0.075,0.002,0.003,0.000,-50.615,-278.941,387.280,176.199,-7.178,-121.254,1,-0.0323,0.0279,-0.0284,0
19195750,0.053,0.327,0.059,0.002,0.003,0.001,-50.615,-278.941,387.280,176.199,-7.178,-121.254,1,-0.0323,0.0279,-0.0284,0
19195843,0.039,0.318,0.055,0.002,0.004,0.000,-50.615,-278.941,387.280,176.199,-7.178,-121.254,1,-0.0323,0.0279,-0.0284,0
19195953,0.037,0.326,0.033,0.002,0.004,0.001,-50.615,-278.941,387.280,176.199,-7.178,-121.254,1,-0.0323,0.0279,-0.0284,0
19196031,0.044,0.326,0.053,0.002,0.003,0.000,-50.615,-278.941,387.280,176.199,-7.178,-121.254,1,-0.0323,0.0279,-0.0284,0
19196125,0.044,0.320,0.074,0.001,0.004,-0.000,-50.615,-278.941,387.280,176.199,-7.178,-121.254,1,-0.0323,0.0279,-0.0284,0
19196203,0.045,0.325,0.064,0.002,0.004,0.000,-50.615,-278.941,387.280,176.199,-7.178,-121.254,1,-0.0323,0.0279,-0.0284,0
19196281,0.060,0.332,0.044,0.002,0.003,0.000,-50.615,-278.941,387.280,176.199,-7.178,-121.254,1,-0.0323,0.0279,-0.0284,0
19196390,0.050,0.336,0.028,0.002,0.004,0.001,-50.615,-278.941,387.280,176.199,-7.178,-121.254,1,-0.0323,0.0279,-0.0284,0
19196500,0.050,0.337,0.040,0.002,0.004,0.001,-50.615,-278.941,387.280,176.199,-7.178,-121.254,1,-0.0323,0.0279,-0.0284,0
19196640,0.038,0.313,0.065,0.002,0.004,0.000,-50.615,-278.941,387.280,176.199,-7.178,-121.254,1,-0.0323,0.0279,-0.0284,0
19196687,0.042,0.327,0.089,0.002,0.004,0.000,-50.615,-278.941,387.280,176.199,-7.178,-121.254,1,-0.0323,0.0279,-0.0284,0
19196734,0.044,0.338,0.116,0.002,0.004,-0.000,-50.615,-278.941,387.280,176.199,-7.178,-121.254,1,-0.0323,0.0279,-0.0284,0
19196812,0.039,0.324,0.094,0.002,0.004,-0.000,-50.615,-278.941,387.280,176.199,-7.178,-121.254,1,-0.0323,0.0279,-0.0284,0
19196953,0.038,0.313,0.069,0.002,0.004,-0.000,-50.615,-278.941,387.280,176.199,-7.178,-121.254,1,-0.0323,0.0279,-0.0284,0
19197046,0.034,0.320,0.061,0.001,0.004,-0.000,-50.615,-278.941,387.280,176.199,-7.178,-121.254,1,-0.0323,0.0279,-0.0284,0
19197156,0.035,0.318,0.069,0.001,0.004,0.000,-50.615,-278.941,387.280,176.199,-7.178,-121.254,1,-0.0323,0.0279,-0.0284,0
19197234,0.030,0.323,0.057,0.002,0.004,0.001,-50.615,-278.941,387.280,176.199,-7.178,-121.254,1,-0.0323,0.0279,-0.0284,0
19197328,0.040,0.338,0.092,0.002,0.004,-0.000,-50.615,-278.941,387.280,176.199,-7.178,-121.254,1,-0.0323,0.0279,-0.0284,0
19197390,0.030,0.329,0.045,0.002,0.004,0.000,-50.615,-278.941,387.280,176.199,-7.178,-121.254,1,-0.0323,0.0279,-0.0284,0
19197484,0.044,0.309,0.102,0.002,0.004,-0.001,-50.615,-278.941,387.280,176.199,-7.178,-121.254,1,-0.0323,0.0279,-0.0284,0
19197593,0.031,0.325,0.048,0.002,0.004,0.001,-50.615,-278.941,387.280,176.199,-7.178,-121.254,1,-0.0323,0.0279,-0.0284,0
19197703,0.034,0.318,0.083,0.002,0.004,0.000,-50.615,-278.941,387.280,176.199,-7.178,-121.254,1,-0.0323,0.0279,-0.0284,0
19197828,0.030,0.328,0.045,0.002,0.004,0.001,-50.615,-278.941,387.280,176.199,-7.178,-121.254,1,-0.0323,0.0279,-0.0284,0
19197875,0.042,0.327,0.073,0.002,0.004,0.000,-50.615,-278.941,387.280,176.199,-7.178,-121.254,1,-0.0323,0.0279,-0.0284,0
19197921,0.042,0.336,0.048,0.002,0.004,0.001,-50.615,-278.941,387.280,176.199,-7.178,-121.254,1,-0.0323,0.0279,-0.0284,0
19198000,0.035,0.322,0.059,0.002,0.004,0.001,-50.615,-278.941,387.280,176.199,-7.178,-121.254,1,-0.0323,0.0279,-0.0284,0
19198140,0.029,0.327,0.055,0.002,0.004,0.000,-50.615,-278.941,387.280,176.199,-7.178,-121.254,1,-0.0323,0.0279,-0.0284,0
19198234,0.024,0.325,0.051,0.002,0.004,0.001,-50.615,-278.941,387.280,176.199,-7.178,-121.254,1,-0.0323,0.0279,-0.0284,0
19198281,0.028,0.322,0.083,0.002,0.004,-0.000,-50.615,-278.941,387.280,176.199,-7.178,-121.254,1,-0.0323,0.0279,-0.0284,0
19198359,0.025,0.326,0.048,0.002,0.004,0.001,-50.615,-278.941,387.280,176.199,-7.178,-121.254,1,-0.0323,0.0279,-0.0284,0
19198437,0.038,0.325,0.011,0.002,0.004,0.001,-50.615,-278.941,387.280,176.199,-7.178,-121.254,1,-0.0323,0.0279,-0.0284,0
19198515,0.024,0.316,0.081,0.002,0.004,-0.001,-50.615,-278.941,387.280,176.199,-7.178,-121.254,1,-0.0323,0.0279,-0.0284,0
19198609,0.043,0.315,0.086,0.001,0.004,0.000,-50.615,-278.941,387.280,176.199,-7.178,-121.254,1,-0.0323,0.0279,-0.0284,0
19198687,0.026,0.321,0.051,0.001,0.004,0.001,-50.615,-278.941,387.280,176.199,-7.178,-121.254,1,-0.0323,0.0279,-0.0284,0
19198796,0.042,0.335,0.066,0.002,0.004,0.001,-50.615,-278.941,387.280,176.199,-7.178,-121.254,1,-0.0323,0.0279,-0.0284,0
19198890,0.030,0.317,0.075,0.001,0.004,0.000,-50.615,-278.941,387.280,176.199,-7.178,-121.254,1,-0.0323,0.0279,-0.0284,0
19199031,0.018,0.322,0.036,0.002,0.004,0.000,-50.615,-278.941,387.280,176.199,-7.178,-121.254,1,-0.0323,0.0279,-0.0284,0
19199078,0.013,0.323,0.032,0.002,0.004,0.001,-50.615,-278.941,387.280,176.199,-7.178,-121.254,1,-0.0323,0.0279,-0.0284,0
19199125,0.021,0.324,0.052,0.001,0.004,0.000,-50.615,-278.941,387.280,176.199,-7.178,-121.254,1,-0.0323,0.0279,-0.0284,0
19199203,0.023,0.315,0.077,0.001,0.004,-0.000,-50.615,-278.941,387.280,176.199,-7.178,-121.254,1,-0.0323,0.0279,-0.0284,0
19199343,0.019,0.327,0.073,0.002,0.004,0.000,-50.615,-278.941,387.280,176.199,-7.178,-121.254,1,-0.0323,0.0279,-0.0284,0
19199437,0.028,0.328,0.035,0.002,0.004,0.001,-50.615,-278.941,387.280,176.199,-7.178,-121.254,1,-0.0323,0.0279,-0.0284,0
19199546,0.017,0.338,0.044,0.002,0.004,0.002,-50.615,-278.941,387.280,176.199,-7.178,-121.254,1,-0.0323,0.0279,-0.0284,0
19199625,0.019,0.337,0.084,0.002,0.005,-0.000,-50.615,-278.941,387.280,176.199,-7.178,-121.254,1,-0.0323,0.0279,-0.0284,0
19199718,0.024,0.321,0.083,0.001,0.004,-0.001,-50.615,-278.941,387.280,176.199,-7.178,-121.254,1,-0.0323,0.0279,-0.0284,0
19199796,0.030,0.318,0.026,0.001,0.004,0.001,-50.615,-278.941,387.280,176.199,-7.178,-121.254,1,-0.0323,0.0279,-0.0284,0
19199875,0.020,0.321,0.026,0.001,0.004,0.001,-50.615,-278.941,387.280,176.199,-7.178,-121.254,1,-0.0323,0.0279,-0.0284,0
19199984,0.020,0.335,0.024,0.002,0.005,0.002,-50.615,-278.941,387.280,176.199,-7.178,-121.254,1,-0.0323,0.0279,-0.0284,0
19200093,0.016,0.319,0.084,0.001,0.004,-0.000,-50.615,-278.941,387.280,176.199,-7.178,-121.254,1,-0.0323,0.0279,-0.0284,0
19200234,0.026,0.328,0.032,0.002,0.004,0.001,-50.615,-278.941,387.280,176.199,-7.178,-121.254,1,-0.0323,0.0279,-0.0284,0
19200281,0.030,0.321,0.054,0.002,0.004,0.001,-50.615,-278.941,387.280,176.199,-7.178,-121.254,1,-0.0323,0.0279,-0.0284,0
19200328,0.028,0.326,0.086,0.002,0.004,0.000,-50.615,-278.941,387.280,176.199,-7.178,-121.254,1,-0.0323,0.0279,-0.0284,0
19200406,0.023,0.323,0.095,0.002,0.004,0.000,-50.615,-278.941,387.280,176.199,-7.178,-121.254,1,-0.0323,0.0279,-0.0284,0
19200546,0.021,0.335,0.027,0.002,0.005,0.001,-50.615,-278.941,387.280,176.199,-7.178,-121.254,1,-0.0323,0.0279,-0.0284,0
19200640,0.017,0.328,0.061,0.001,0.005,0.000,-50.615,-278.941,387.280,176.199,-7.178,-121.254,1,-0.0323,0.0279,-0.0284,0
19200750,0.018,0.339,0.059,0.002,0.004,0.000,-50.615,-278.941,387.280,176.199,-7.178,-121.254,1,-0.0323,0.0279,-0.0284,0
19200828,0.023,0.337,0.040,0.002,0.004,0.001,-50.615,-278.941,387.280,176.199,-7.178,-121.254,1,-0.0323,0.0279,-0.0284,0
19200921,0.020,0.335,0.048,0.002,0.004,0.001,-50.615,-278.941,387.280,176.199,-7.178,-121.254,1,-0.0323,0.0279,-0.0284,0
19201000,0.015,0.334,0.073,0.002,0.004,0.000,-50.615,-278.941,387.280,176.199,-7.178,-121.254,1,-0.0323,0.0279,-0.0284,0
19201078,0.028,0.333,0.083,0.002,0.004,-0.001,-50.615,-278.941,387.280,176.199,-7.178,-121.254,1,-0.0323,0.0279,-0.0284,0
19201187,0.039,0.309,0.063,0.001,0.003,-0.000,-50.615,-278.941,387.280,176.199,-7.178,-121.254,1,-0.0323,0.0279,-0.0284,0
19201296,0.021,0.334,0.056,0.002,0.004,0.001,-50.615,-278.941,387.280,176.199,-7.178,-121.254,1,-0.0323,0.0279,-0.0284,0
19201437,0.014,0.328,0.062,0.002,0.004,0.001,-50.615,-278.941,387.280,176.199,-7.178,-121.254,1,-0.0323,0.0279,-0.0284,0
19201484,0.009,0.334,0.026,0.002,0.005,0.002,-50.615,-278.941,387.280,176.199,-7.178,-121.254,1,-0.0323,0.0279,-0.0284,0
19201531,0.012,0.339,0.049,0.002,0.004,0.001,-50.615,-278.941,387.280,176.199,-7.178,-121.254,1,-0.0323,0.0279,-0.0284,0
19201609,0.036,0.343,0.026,0.002,0.004,0.002,-50.615,-278.941,387.280,176.199,-7.178,-121.254,1,-0.0323,0.0279,-0.0284,0
19201750,0.029,0.335,0.082,0.002,0.004,0.000,-50.615,-278.941,387.280,176.199,-7.178,-121.254,1,-0.0323,0.0279,-0.0284,0
19201843,0.018,0.333,0.043,0.002,0.004,0.000,-50.615,-278.941,387.280,176.199,-7.178,-121.254,1,-0.0323,0.0279,-0.0284,0
19201953,0.019,0.336,0.064,0.002,0.004,0.000,-50.615,-278.941,387.280,176.199,-7.178,-121.254,1,-0.0323,0.0279,-0.0284,0
19202031,0.019,0.324,0.085,0.002,0.004,-0.000,-50.615,-278.941,387.280,176.199,-7.178,-121.254,1,-0.0323,0.0279,-0.0284,0
19202125,0.018,0.345,0.031,0.003,0.005,0.001,-50.615,-278.941,387.280,176.199,-7.178,-121.254,1,-0.0323,0.0279,-0.0284,0
19202203,0.011,0.328,0.067,0.002,0.005,0.000,-50.615,-278.941,387.280,176.199,-7.178,-121.254,1,-0.0323,0.0279,-0.0284,0
19202281,0.033,0.332,0.080,0.002,0.004,-0.000,-50.615,-278.941,387.280,176.199,-7.178,-121.254,1,-0.0323,0.0279,-0.0284,0
19202390,0.020,0.335,0.016,0.002,0.004,0.002,-50.615,-278.941,387.280,176.199,-7.178,-121.254,1,-0.0323,0.0279,-0.0284,0
19202500,0.027,0.334,0.053,0.002,0.004,0.000,-50.615,-278.941,387.280,176.199,-7.178,-121.254,1,-0.0323,0.0279,-0.0284,0
19202640,0.027,0.333,0.049,0.002,0.004,0.001,-50.615,-278.941,387.280,176.199,-7.178,-121.254,1,-0.0323,0.0279,-0.0284,0
19202687,0.016,0.342,0.037,0.003,0.004,0.002,-50.615,-278.941,387.280,176.199,-7.178,-121.254,1,-0.0323,0.0279,-0.0284,0
19202734,0.020,0.343,0.029,0.002,0.004,0.002,-50.615,-278.941,387.280,176.199,-7.178,-121.254,1,-0.0323,0.0279,-0.0284,0
19202812,0.036,0.333,0.058,0.002,0.004,0.001,-50.615,-278.941,387.280,176.199,-7.178,-121.254,1,-0.0323,0.0279,-0.0284,0
19202953,0.047,0.329,0.099,0.001,0.004,-0.002,-50.615,-278.941,387.280,176.199,-7.178,-121.254,1,-0.0323,0.0279,-0.0284,0
19203046,0.035,0.355,0.011,0.003,0.004,0.002,-50.615,-278.941,387.280,176.199,-7.178,-121.254,1,-0.0323,0.0279,-0.0284,0
19203140,0.028,0.318,0.042,0.002,0.003,0.001,-50.615,-278.941,387.280,176.199,-7.178,-121.254,1,-0.0323,0.0279,-0.0284,0
19203218,0.026,0.327,0.062,0.002,0.004,0.000,-50.615,-278.941,387.280,176.199,-7.178,-121.254,1,-0.0323,0.0279,-0.0284,0
19203312,0.027,0.348,0.044,0.002,0.004,0.001,-50.615,-278.941,387.280,176.199,-7.178,-121.254,1,-0.0323,0.0279,-0.0284,0
19203390,0.022,0.342,0.041,0.002,0.004,0.001,-50.615,-278.941,387.280,176.199,-7.178,-121.254,1,-0.0323,0.0279,-0.0284,0
19203468,0.019,0.359,-0.004,0.003,0.004,0.002,-50.615,-278.941,387.280,176.199,-7.178,-121.254,1,-0.0323,0.0279,-0.0284,0
19203578,0.034,0.353,0.043,0.003,0.004,0.001,-50.615,-278.941,387.280,176.199,-7.178,-121.254,1,-0.0323,0.0279,-0.0284,0
19203687,0.036,0.349,0.084,0.002,0.004,-0.001,-50.615,-278.941,387.280,176.199,-7.178,-121.254,1,-0.0323,0.0279,-0.0284,0
19203828,0.029,0.338,0.030,0.002,0.004,0.001,-50.615,-278.941,387.280,176.199,-7.178,-121.254,1,-0.0323,0.0279,-0.0284,0
19203875,0.022,0.336,0.029,0.002,0.004,0.001,-50.615,-278.941,387.280,176.199,-7.178,-121.254,1,-0.0323,0.0279,-0.0284,0
19203921,0.024,0.341,0.048,0.002,0.004,0.001,-50.615,-278.941,387.280,176.199,-7.178,-121.254,1,-0.0323,0.0279,-0.0284,0
19204000,0.036,0.335,0.093,0.002,0.004,-0.001,-50.615,-278.941,387.280,176.199,-7.178,-121.254,1,-0.0323,0.0279,-0.0284,0
19204140,0.023,0.344,0.053,0.002,0.005,0.000,-50.615,-278.941,387.280,176.199,-7.178,-121.254,1,-0.0323,0.0279,-0.0284,0
19204234,0.024,0.348,0.056,0.002,0.004,0.001,-50.615,-278.941,387.280,176.199,-7.178,-121.254,1,-0.0323,0.0279,-0.0284,0
19204281,0.040,0.339,0.067,0.002,0.004,0.000,-50.615,-278.941,387.280,176.199,-7.178,-121.254,1,-0.0323,0.0279,-0.0284,0
19204343,0.043,0.346,0.059,0.002,0.004,0.001,-50.615,-278.941,387.280,176.199,-7.178,-121.254,1,-0.0323,0.0279,-0.0284,0
19204421,0.030,0.353,0.035,0.003,0.004,0.002,-50.615,-278.941,387.280,176.199,-7.178,-121.254,1,-0.0323,0.0279,-0.0284,0
19204515,0.018,0.353,0.009,0.003,0.005,0.002,-50.615,-278.941,387.280,176.199,-7.178,-121.254,1,-0.0323,0.0279,-0.0284,0
19204593,0.037,0.331,0.058,0.002,0.004,0.000,-50.615,-278.941,387.280,176.199,-7.178,-121.254,1,-0.0323,0.0279,-0.0284,0
19204671,0.031,0.349,0.067,0.003,0.004,0.000,-50.615,-278.941,387.280,176.199,-7.178,-121.254,1,-0.0323,0.0279,-0.0284,0
19204781,0.023,0.359,0.027,0.003,0.004,0.001,-50.615,-278.941,387.280,176.199,-7.178,-121.254,1,-0.0323,0.0279,-0.0284,0
19204875,0.020,0.370,0.008,0.003,0.004,0.002,-50.615,-278.941,387.280,176.199,-7.178,-121.254,1,-0.0323,0.0279,-0.0284,0
19205015,0.022,0.353,0.062,0.002,0.004,0.000,-50.615,-278.941,387.280,176.199,-7.178,-121.254,1,-0.0323,0.0279,-0.0284,0
19205062,0.038,0.348,0.080,0.002,0.004,-0.001,-50.615,-278.941,387.280,176.199,-7.178,-121.254,1,-0.0323,0.0279,-0.0284,0
19205109,0.032,0.354,0.041,0.003,0.004,0.001,-50.615,-278.941,387.280,176.199,-7.178,-121.254,1,-0.0323,0.0279,-0.0284,0
19205187,0.016,0.357,0.009,0.003,0.005,0.003,-50.615,-278.941,387.280,176.199,-7.178,-121.254,1,-0.0323,0.0279,-0.0284,0
19205328,0.035,0.337,0.070,0.002,0.004,-0.000,-50.615,-278.941,387.280,176.199,-7.178,-121.254,1,-0.0323,0.0279,-0.0284,0
19205421,0.023,0.359,0.048,0.003,0.004,0.001,-50.615,-278.941,387.280,176.199,-7.178,-121.254,1,-0.0323,0.0279,-0.0284,0
19205531,0.023,0.363,0.035,0.003,0.004,0.002,-50.615,-278.941,387.280,176.199,-7.178,-121.254,1,-0.0323,0.0279,-0.0284,0
19205609,0.020,0.360,0.041,0.003,0.004,0.002,-50.615,-278.941,387.280,176.199,-7.178,-121.254,1,-0.0323,0.0279,-0.0284,0
19205703,0.027,0.354,0.065,0.003,0.004,0.001,-50.615,-278.941,387.280,176.199,-7.178,-121.254,1,-0.0323,0.0279,-0.0284,0
19205781,0.032,0.361,0.037,0.003,0.004,0.002,-50.615,-278.941,387.280,176.199,-7.178,-121.254,1,-0.0323,0.0279,-0.0284,0
19205859,0.012,0.358,0.034,0.003,0.005,0.002,-50.615,-278.941,387.280,176.199,-7.178,-121.254,1,-0.0323,0.0279,-0.0284,0
19205968,0.005,0.393,0.058,0.004,0.004,0.002,-50.615,-278.941,387.280,176.199,-7.178,-121.254,1,-0.0323,0.0279,-0.0284,0
19206078,0.017,0.364,0.033,0.003,0.004,0.002,-50.615,-278.941,387.280,176.199,-7.178,-121.254,1,-0.0323,0.0279,-0.0284,0
19206218,0.030,0.360,0.072,0.003,0.004,0.000,-50.615,-278.941,387.280,176.199,-7.178,-121.254,1,-0.0323,0.0279,-0.0284,0
19206265,0.035,0.363,0.088,0.003,0.004,-0.000,-50.615,-278.941,387.280,176.199,-7.178,-121.254,1,-0.0323,0.0279,-0.0284,0
19206312,0.035,0.356,0.102,0.002,0.004,-0.001,-50.615,-278.941,387.280,176.199,-7.178,-121.254,1,-0.0323,0.0279,-0.0284,0
19206390,0.037,0.367,0.061,0.002,0.004,-0.000,-50.615,-278.941,387.280,176.199,-7.178,-121.254,1,-0.0323,0.0279,-0.0284,0
19206531,0.012,0.364,0.028,0.004,0.005,0.003,-50.615,-278.941,387.280,176.199,-7.178,-121.254,1,-0.0323,0.0279,-0.0284,0
19206625,0.015,0.363,0.044,0.003,0.004,0.002,-50.615,-278.941,387.280,176.199,-7.178,-121.254,1,-0.0323,0.0279,-0.0284,0
19206734,0.015,0.356,0.050,0.003,0.004,0.001,-50.615,-278.941,387.280,176.199,-7.178,-121.254,1,-0.0323,0.0279,-0.0284,0
19206812,0.007,0.374,0.026,0.004,0.005,0.003,-50.615,-278.941,387.280,176.199,-7.178,-121.254,1,-0.0323,0.0279,-0.0284,0
19206906,0.025,0.349,0.069,0.002,0.004,-0.001,-50.615,-278.941,387.280,176.199,-7.178,-121.254,1,-0.0323,0.0279,-0.0284,0
19206984,0.016,0.353,0.096,0.003,0.004,-0.000,-50.615,-278.941,387.280,176.199,-7.178,-121.254,1,-0.0323,0.0279,-0.0284,0
19207062,0.018,0.349,0.125,0.002,0.004,-0.001,-50.615,-278.941,387.280,176.199,-7.178,-121.254,1,-0.0323,0.0279,-0.0284,0
19207171,0.011,0.356,0.074,0.003,0.004,0.001,-50.615,-278.941,387.280,176.199,-7.178,-121.254,1,-0.0323,0.0279,-0.0284,0
19207281,0.013,0.360,0.048,0.003,0.004,0.001,-50.615,-278.941,387.280,176.199,-7.178,-121.254,1,-0.0323,0.0279,-0.0284,0
19207421,0.005,0.370,0.061,0.003,0.005,0.001,-50.615,-278.941,387.280,176.199,-7.178,-121.254,1,-0.0323,0.0279,-0.0284,0
19207468,0.015,0.352,0.073,0.002,0.004,0.000,-50.615,-278.941,387.280,176.199,-7.178,-121.254,1,-0.0323,0.0279,-0.0284,0
19207515,0.035,0.334,0.105,0.001,0.004,-0.001,-50.615,-278.941,387.280,176.199,-7.178,-121.254,1,-0.0323,0.0279,-0.0284,0
19207593,0.015,0.345,0.084,0.002,0.004,0.001,-50.615,-278.941,387.280,176.199,-7.178,-121.254,1,-0.0323,0.0279,-0.0284,0
19207734,0.007,0.344,0.055,0.003,0.005,0.001,-50.615,-278.941,387.280,176.199,-7.178,-121.254,1,-0.0323,0.0279,-0.0284,0
19207828,0.001,0.355,0.011,0.002,0.005,0.002,-50.615,-278.941,387.280,176.199,-7.178,-121.254,1,-0.0323,0.0279,-0.0284,0
19207937,0.006,0.343,0.047,0.002,0.004,0.001,-50.615,-278.941,387.280,176.199,-7.178,-121.254,1,-0.0323,0.0279,-0.0284,0
19208015,0.006,0.356,0.068,0.003,0.004,0.001,-50.615,-278.941,387.280,176.199,-7.178,-121.254,1,-0.0323,0.0279,-0.0284,0
19208109,0.027,0.357,0.120,0.003,0.004,-0.001,-50.615,-278.941,387.280,176.199,-7.178,-121.254,1,-0.0323,0.0279,-0.0284,0
19208187,0.014,0.351,0.040,0.003,0.005,0.001,-50.615,-278.941,387.280,176.199,-7.178,-121.254,1,-0.0323,0.0279,-0.0284,0
19208265,0.007,0.352,0.039,0.002,0.004,0.001,-50.615,-278.941,387.280,176.199,-7.178,-121.254,1,-0.0323,0.0279,-0.0284,0
19208375,0.004,0.346,0.090,0.002,0.005,-0.000,-50.615,-278.941,387.280,176.199,-7.178,-121.254,1,-0.0323,0.0279,-0.0284,0
19208484,0.017,0.348,0.077,0.002,0.004,0.001,-50.615,-278.941,387.280,176.199,-7.178,-121.254,1,-0.0323,0.0279,-0.0284,0
19208625,-0.003,0.343,0.086,0.002,0.004,-0.000,-50.615,-278.941,387.280,176.199,-7.178,-121.254,1,-0.0323,0.0279,-0.0284,0
19208671,-0.005,0.347,0.067,0.002,0.005,0.000,-50.615,-278.941,387.280,176.199,-7.178,-121.254,1,-0.0323,0.0279,-0.0284,0
19208718,0.012,0.361,0.060,0.003,0.004,0.001,-50.615,-278.941,387.280,176.199,-7.178,-121.254,1,-0.0323,0.0279,-0.0284,0
19208796,0.029,0.353,0.100,0.003,0.004,-0.001,-50.615,-278.941,387.280,176.199,-7.178,-121.254,1,-0.0323,0.0279,-0.0284,0
19208937,0.013,0.343,0.030,0.002,0.004,0.001,-50.615,-278.941,387.280,176.199,-7.178,-121.254,1,-0.0323,0.0279,-0.0284,0
19209031,0.032,0.324,0.092,0.001,0.004,-0.001,-50.615,-278.941,387.280,176.199,-7.178,-121.254,1,-0.0323,0.0279,-0.0284,0
19209140,0.013,0.346,0.038,0.002,0.004,0.001,-50.615,-278.941,387.280,176.199,-7.178,-121.254,1,-0.0323,0.0279,-0.0284,0
19209218,0.014,0.340,0.047,0.002,0.004,0.000,-50.615,-278.941,387.280,176.199,-7.178,-121.254,1,-0.0323,0.0279,-0.0284,0
19209296,0.018,0.329,0.097,0.002,0.004,-0.001,-50.615,-278.941,387.280,176.199,-7.178,-121.254,1,-0.0323,0.0279,-0.0284,0
19209390,0.011,0.341,0.056,0.002,0.004,0.001,-50.615,-278.941,387.280,176.199,-7.178,-121.254,1,-0.0323,0.0279,-0.0284,0
19209468,0.017,0.345,0.059,0.002,0.004,0.001,-50.615,-278.941,387.280,176.199,-7.178,-121.254,1,-0.0323,0.0279,-0.0284,0
19209578,0.010,0.346,0.030,0.002,0.004,0.001,-50.615,-278.941,387.280,176.199,-7.178,-121.254,1,-0.0323,0.0279,-0.0284,0
19209671,0.013,0.334,0.062,0.002,0.004,0.000,-50.615,-278.941,387.280,176.199,-7.178,-121.254,1,-0.0323,0.0279,-0.0284,0
19209812,0.027,0.325,0.078,0.001,0.004,-0.001,-50.615,-278.941,387.280,176.199,-7.178,-121.254,1,-0.0323,0.0279,-0.0284,0
19209859,0.014,0.332,0.071,0.002,0.004,-0.000,-50.615,-278.941,387.280,176.199,-7.178,-121.254,1,-0.0323,0.0279,-0.0284,0
19209906,0.018,0.349,0.015,0.002,0.004,0.002,-50.615,-278.941,387.280,176.199,-7.178,-121.254,1,-0.0323,0.0279,-0.0284,0
19209984,0.026,0.332,0.075,0.002,0.004,-0.000,-50.615,-278.941,387.280,176.199,-7.178,-121.254,1,-0.0323,0.0279,-0.0284,0
19210125,0.030,0.327,0.084,0.002,0.004,-0.001,-50.615,-278.941,387.280,176.199,-7.178,-121.254,1,-0.0323,0.0279,-0.0284,0
19210218,0.022,0.322,0.039,0.002,0.004,0.001,-50.615,-278.941,387.280,176.199,-7.178,-121.254,1,-0.0323,0.0279,-0.0284,0
19210328,0.026,0.327,0.069,0.002,0.004,0.000,-50.615,-278.941,387.280,176.199,-7.178,-121.254,1,-0.0323,0.0279,-0.0284,0
19210406,0.025,0.329,0.057,0.002,0.004,0.001,-50.615,-278.941,387.280,176.199,-7.178,-121.254,1,-0.0323,0.0279,-0.0284,0
19210500,0.028,0.328,0.046,0.002,0.004,0.001,-50.615,-278.941,387.280,176.199,-7.178,-121.254,1,-0.0323,0.0279,-0.0284,0
19210578,0.030,0.346,0.013,0.003,0.004,0.002,-50.615,-278.941,387.280,176.199,-7.178,-121.254,1,-0.0323,0.0279,-0.0284,0
19210656,0.038,0.352,0.049,0.002,0.004,-0.000,-50.615,-278.941,387.280,176.199,-7.178,-121.254,1,-0.0323,0.0279,-0.0284,0
19210765,0.041,0.345,0.084,0.002,0.004,-0.001,-50.615,-278.941,387.280,176.199,-7.178,-121.254,1,-0.0323,0.0279,-0.0284,0
19210875,0.033,0.349,0.071,0.002,0.004,0.000,-50.615,-278.941,387.280,176.199,-7.178,-121.254,1,-0.0323,0.0279,-0.0284,0
19211000,0.014,0.338,0.033,0.002,0.004,0.001,-50.615,-278.941,387.280,176.199,-7.178,-121.254,1,-0.0323,0.0279,-0.0284,0
19211046,0.012,0.344,0.015,0.003,0.004,0.002,-50.615,-278.941,387.280,176.199,-7.178,-121.254,1,-0.0323,0.0279,-0.0284,0
19211093,0.019,0.349,0.001,0.003,0.004,0.002,-50.615,-278.941,387.280,176.199,-7.178,-121.254,1,-0.0323,0.0279,-0.0284,0
19211171,0.027,0.343,0.013,0.003,0.004,0.002,-50.615,-278.941,387.280,176.199,-7.178,-121.254,1,-0.0323,0.0279,-0.0284,0
19211312,0.031,0.341,0.052,0.002,0.004,0.001,-50.615,-278.941,387.280,176.199,-7.178,-121.254,1,-0.0323,0.0279,-0.0284,0
19211406,0.045,0.338,0.060,0.002,0.003,0.001,-50.615,-278.941,387.280,176.199,-7.178,-121.254,1,-0.0323,0.0279,-0.0284,0
19211515,0.028,0.347,0.051,0.003,0.004,0.001,-50.615,-278.941,387.280,176.199,-7.178,-121.254,1,-0.0323,0.0279,-0.0284,0
19211593,0.012,0.355,0.038,0.004,0.004,0.003,-50.615,-278.941,387.280,176.199,-7.178,-121.254,1,-0.0323,0.0279,-0.0284,0
19211687,0.019,0.336,0.023,0.003,0.004,0.002,-50.615,-278.941,387.280,176.199,-7.178,-121.254,1,-0.0323,0.0279,-0.0284,0
19211765,0.034,0.334,0.033,0.002,0.004,0.001,-50.615,-278.941,387.280,176.199,-7.178,-121.254,1,-0.0323,0.0279,-0.0284,0
19211843,0.021,0.350,0.031,0.003,0.004,0.002,-50.615,-278.941,387.280,176.199,-7.178,-121.254,1,-0.0323,0.0279,-0.0284,0
19211953,0.029,0.349,0.044,0.003,0.004,0.002,-50.615,-278.941,387.280,176.199,-7.178,-121.254,1,-0.0323,0.0279,-0.0284,0
19212062,0.037,0.338,0.063,0.002,0.004,0.000,-50.615,-278.941,387.280,176.199,-7.178,-121.254,1,-0.0323,0.0279,-0.0284,0
19212203,0.021,0.347,0.024,0.003,0.004,0.002,-50.615,-278.941,387.280,176.199,-7.178,-121.254,1,-0.0323,0.0279,-0.0284,0
19212250,0.021,0.343,0.032,0.003,0.004,0.002,-50.615,-278.941,387.280,176.199,-7.178,-121.254,1,-0.0323,0.0279,-0.0284,0
19212296,0.023,0.325,0.052,0.002,0.004,0.001,-50.615,-278.941,387.280,176.199,-7.178,-121.254,1,-0.0323,0.0279,-0.0284,0
19212375,0.042,0.331,0.081,0.002,0.004,0.000,-50.615,-278.941,387.280,176.199,-7.178,-121.254,1,-0.0323,0.0279,-0.0284,0
19212515,0.024,0.345,0.052,0.003,0.004,0.002,-50.615,-278.941,387.280,176.199,-7.178,-121.254,1,-0.0323,0.0279,-0.0284,0
19212609,0.024,0.333,0.109,0.003,0.004,0.001,-50.615,-278.941,387.280,176.199,-7.178,-121.254,1,-0.0323,0.0279,-0.0284,0
19212718,0.041,0.333,0.061,0.002,0.004,-0.000,-50.615,-278.941,387.280,176.199,-7.178,-121.254,1,-0.0323,0.0279,-0.0284,0
19212796,0.039,0.336,0.050,0.002,0.004,0.001,-50.615,-278.941,387.280,176.199,-7.178,-121.254,1,-0.0323,0.0279,-0.0284,0
19212890,0.015,0.321,0.050,0.003,0.004,0.001,-50.615,-278.941,387.280,176.199,-7.178,-121.254,1,-0.0323,0.0279,-0.0284,0
19212968,0.000,0.325,0.058,0.003,0.005,0.001,-50.615,-278.941,387.280,176.199,-7.178,-121.254,1,-0.0323,0.0279,-0.0284,0
19213046,0.023,0.343,0.048,0.003,0.004,0.002,-50.615,-278.941,387.280,176.199,-7.178,-121.254,1,-0.0323,0.0279,-0.0284,0
19213156,0.022,0.346,0.059,0.003,0.004,0.001,-50.615,-278.941,387.280,176.199,-7.178,-121.254,1,-0.0323,0.0279,-0.0284,0
19213265,0.021,0.341,0.067,0.003,0.004,0.001,-50.615,-278.941,387.280,176.199,-7.178,-121.254,1,-0.0323,0.0279,-0.0284,0
19213406,0.025,0.336,0.046,0.002,0.004,0.001,-50.615,-278.941,387.280,176.199,-7.178,-121.254,1,-0.0323,0.0279,-0.0284,0
19213453,0.020,0.331,0.044,0.002,0.004,0.001,-50.615,-278.941,387.280,176.199,-7.178,-121.254,1,-0.0323,0.0279,-0.0284,0
19213500,0.028,0.323,0.060,0.002,0.004,0.000,-50.615,-278.941,387.280,176.199,-7.178,-121.254,1,-0.0323,0.0279,-0.0284,0
19213578,0.011,0.325,0.071,0.002,0.004,0.001,-50.615,-278.941,387.280,176.199,-7.178,-121.254,1,-0.0323,0.0279,-0.0284,0
19213718,0.026,0.315,0.110,0.002,0.004,0.000,-50.615,-278.941,387.280,176.199,-7.178,-121.254,1,-0.0323,0.0279,-0.0284,0
19213812,0.030,0.327,0.046,0.001,0.004,0.001,-50.615,-278.941,387.280,176.199,-7.178,-121.254,1,-0.0323,0.0279,-0.0284,0
19213921,0.030,0.322,0.069,0.002,0.004,0.000,-50.615,-278.941,387.280,176.199,-7.178,-121.254,1,-0.0323,0.0279,-0.0284,0
19214000,0.025,0.327,0.078,0.002,0.005,0.001,-50.615,-278.941,387.280,176.199,-7.178,-121.254,1,-0.0323,0.0279,-0.0284,0
19214093,0.025,0.324,0.067,0.002,0.004,0.000,-50.615,-278.941,387.280,176.199,-7.178,-121.254,1,-0.0323,0.0279,-0.0284,0
19214171,0.025,0.326,0.045,0.002,0.004,0.001,-50.615,-278.941,387.280,176.199,-7.178,-121.254,1,-0.0323,0.0279,-0.0284,0
19214234,0.025,0.329,0.062,0.002,0.004,0.001,-50.615,-278.941,387.280,176.199,-7.178,-121.254,1,-0.0323,0.0279,-0.0284,0
19214343,0.016,0.324,0.073,0.002,0.004,0.001,-50.615,-278.941,387.280,176.199,-7.178,-121.254,1,-0.0323,0.0279,-0.0284,0
19214453,0.027,0.323,0.039,0.002,0.004,0.001,-50.615,-278.941,387.280,176.199,-7.178,-121.254,1,-0.0323,0.0279,-0.0284,0
19214593,0.016,0.354,0.076,0.003,0.004,0.001,-50.615,-278.941,387.280,176.199,-7.178,-121.254,1,-0.0323,0.0279,-0.0284,0
19214640,0.017,0.355,0.085,0.003,0.005,0.001,-50.615,-278.941,387.280,176.199,-7.178,-121.254,1,-0.0323,0.0279,-0.0284,0
19214687,0.027,0.341,0.060,0.002,0.004,0.001,-50.615,-278.941,387.280,176.199,-7.178,-121.254,1,-0.0323,0.0279,-0.0284,0
19214765,0.036,0.324,0.031,0.002,0.004,0.001,-50.615,-278.941,387.280,176.199,-7.178,-121.254,1,-0.0323,0.0279,-0.0284,0
19214906,0.025,0.318,0.044,0.001,0.004,0.001,-50.615,-278.941,387.280,176.199,-7.178,-121.254,1,-0.0323,0.0279,-0.0284,0
19215000,0.028,0.321,0.090,0.002,0.004,-0.000,-50.615,-278.941,387.280,176.199,-7.178,-121.254,1,-0.0323,0.0279,-0.0284,0
19215109,0.042,0.322,0.069,0.002,0.004,0.000,-50.615,-278.941,387.280,176.199,-7.178,-121.254,1,-0.0323,0.0279,-0.0284,0
19215187,0.021,0.328,0.025,0.002,0.004,0.001,-50.615,-278.941,387.280,176.199,-7.178,-121.254,1,-0.0323,0.0279,-0.0284,0
19215281,0.024,0.329,0.074,0.002,0.004,0.001,-50.615,-278.941,387.280,176.199,-7.178,-121.254,1,-0.0323,0.0279,-0.0284,0
19215359,0.027,0.323,0.076,0.002,0.004,0.000,-50.615,-278.941,387.280,176.199,-7.178,-121.254,1,-0.0323,0.0279,-0.0284,0
19215437,0.025,0.327,0.063,0.002,0.004,-0.000,-50.615,-278.941,387.280,176.199,-7.178,-121.254,1,-0.0323,0.0279,-0.0284,0
19215546,0.027,0.322,0.066,0.002,0.004,0.000,-50.615,-278.941,387.280,176.199,-7.178,-121.254,1,-0.0323,0.0279,-0.0284,0
19215640,0.021,0.327,0.050,0.002,0.004,0.001,-50.615,-278.941,387.280,176.199,-7.178,-121.254,1,-0.0323,0.0279,-0.0284,0
19215781,0.036,0.333,0.064,0.002,0.004,0.000,-50.615,-278.941,387.280,176.199,-7.178,-121.254,1,-0.0323,0.0279,-0.0284,0
19215828,0.031,0.330,0.062,0.002,0.004,0.000,-50.615,-278.941,387.280,176.199,-7.178,-121.254,1,-0.0323,0.0279,-0.0284,0
19215875,0.014,0.321,0.036,0.002,0.004,0.001,-50.615,-278.941,387.280,176.199,-7.178,-121.254,1,-0.0323,0.0279,-0.0284,0
19215953,0.025,0.322,0.066,0.002,0.004,0.001,-50.615,-278.941,387.280,176.199,-7.178,-121.254,1,-0.0323,0.0279,-0.0284,0
19216093,0.030,0.322,0.041,0.002,0.004,0.001,-50.615,-278.941,387.280,176.199,-7.178,-121.254,1,-0.0323,0.0279,-0.0284,0
19216187,0.026,0.317,0.046,0.002,0.004,0.001,-50.615,-278.941,387.280,176.199,-7.178,-121.254,1,-0.0323,0.0279,-0.0284,0
19216296,0.035,0.316,0.081,0.001,0.004,-0.001,-50.615,-278.941,387.280,176.199,-7.178,-121.254,1,-0.0323,0.0279,-0.0284,0
19216375,0.054,0.323,0.044,0.002,0.003,0.002,-50.615,-278.941,387.280,176.199,-7.178,-121.254,1,-0.0323,0.0279,-0.0284,0
19216468,0.020,0.328,0.046,0.002,0.004,0.001,-50.615,-278.941,387.280,176.199,-7.178,-121.254,1,-0.0323,0.0279,-0.0284,0
19216546,0.028,0.324,0.039,0.002,0.004,0.001,-50.615,-278.941,387.280,176.199,-7.178,-121.254,1,-0.0323,0.0279,-0.0284,0
19216625,0.030,0.319,0.082,0.002,0.004,-0.001,-50.615,-278.941,387.280,176.199,-7.178,-121.254,1,-0.0323,0.0279,-0.0284,0
19216734,0.020,0.314,0.052,0.001,0.004,-0.001,-50.615,-278.941,387.280,176.199,-7.178,-121.254,1,-0.0323,0.0279,-0.0284,0
19216843,0.010,0.339,0.029,0.003,0.005,0.003,-50.615,-278.941,387.280,176.199,-7.178,-121.254,1,-0.0323,0.0279,-0.0284,0
19216984,0.036,0.324,0.061,0.002,0.004,0.000,-50.615,-278.941,387.280,176.199,-7.178,-121.254,1,-0.0323,0.0279,-0.0284,0
19217031,0.042,0.320,0.080,0.002,0.004,-0.000,-50.615,-278.941,387.280,176.199,-7.178,-121.254,1,-0.0323,0.0279,-0.0284,0
19217078,0.034,0.333,0.052,0.002,0.004,0.001,-50.615,-278.941,387.280,176.199,-7.178,-121.254,1,-0.0323,0.0279,-0.0284,0
19217156,0.009,0.336,0.005,0.003,0.005,0.004,-50.615,-278.941,387.280,176.199,-7.178,-121.254,1,-0.0323,0.0279,-0.0284,0
19217296,0.027,0.320,0.045,0.002,0.004,0.000,-50.615,-278.941,387.280,176.199,-7.178,-121.254,1,-0.0323,0.0279,-0.0284,0
19217390,0.029,0.312,0.092,0.002,0.004,-0.001,-50.615,-278.941,387.280,176.199,-7.178,-121.254,1,-0.0323,0.0279,-0.0284,0
19217500,0.016,0.323,0.047,0.003,0.004,0.002,-50.615,-278.941,387.280,176.199,-7.178,-121.254,1,-0.0323,0.0279,-0.0284,0
19217578,0.027,0.321,0.051,0.002,0.004,0.002,-50.615,-278.941,387.280,176.199,-7.178,-121.254,1,-0.0323,0.0279,-0.0284,0
19217671,0.031,0.316,0.065,0.002,0.004,0.000,-50.615,-278.941,387.280,176.199,-7.178,-121.254,1,-0.0323,0.0279,-0.0284,0
19217750,0.008,0.336,0.033,0.003,0.005,0.002,-50.615,-278.941,387.280,176.199,-7.178,-121.254,1,-0.0323,0.0279,-0.0284,0
19217828,0.036,0.322,0.053,0.002,0.004,0.000,-50.615,-278.941,387.280,176.199,-7.178,-121.254,1,-0.0323,0.0279,-0.0284,0
19217937,0.031,0.313,0.073,0.002,0.004,0.000,-50.615,-278.941,387.280,176.199,-7.178,-121.254,1,-0.0323,0.0279,-0.0284,0
19218046,-0.000,0.336,0.023,0.003,0.005,0.002,-50.615,-278.941,387.280,176.199,-7.178,-121.254,1,-0.0323,0.0279,-0.0284,0
19218187,0.009,0.333,0.039,0.002,0.005,0.002,-50.615,-278.941,387.280,176.199,-7.178,-121.254,1,-0.0323,0.0279,-0.0284,0
19218234,0.025,0.320,0.052,0.002,0.004,0.000,-50.615,-278.941,387.280,176.199,-7.178,-121.254,1,-0.0323,0.0279,-0.0284,0
19218281,0.025,0.319,0.070,0.002,0.004,0.000,-50.615,-278.941,387.280,176.199,-7.178,-121.254,1,-0.0323,0.0279,-0.0284,0
19218359,0.024,0.329,0.061,0.002,0.004,0.001,-50.615,-278.941,387.280,176.199,-7.178,-121.254,1,-0.0323,0.0279,-0.0284,0
19218500,0.010,0.321,0.045,0.002,0.004,0.002,-50.615,-278.941,387.280,176.199,-7.178,-121.254,1,-0.0323,0.0279,-0.0284,0
19218593,0.025,0.325,0.053,0.002,0.004,0.001,-50.615,-278.941,387.280,176.199,-7.178,-121.254,1,-0.0323,0.0279,-0.0284,0
19218703,0.004,0.310,0.039,0.002,0.005,0.001,-50.615,-278.941,387.280,176.199,-7.178,-121.254,1,-0.0323,0.0279,-0.0284,0
19218781,0.005,0.325,0.040,0.002,0.005,0.003,-50.615,-278.941,387.280,176.199,-7.178,-121.254,1,-0.0323,0.0279,-0.0284,0
19218875,0.017,0.322,0.053,0.002,0.004,0.002,-50.615,-278.941,387.280,176.199,-7.178,-121.254,1,-0.0323,0.0279,-0.0284,0
19218953,0.023,0.318,0.069,0.001,0.004,0.000,-50.615,-278.941,387.280,176.199,-7.178,-121.254,1,-0.0323,0.0279,-0.0284,0
19219031,0.028,0.324,0.062,0.002,0.004,0.000,-50.615,-278.941,387.280,176.199,-7.178,-121.254,1,-0.0323,0.0279,-0.0284,0
19219140,0.007,0.329,0.041,0.003,0.004,0.002,-50.615,-278.941,387.280,176.199,-7.178,-121.254,1,-0.0323,0.0279,-0.0284,0
19219250,-0.008,0.322,0.069,0.003,0.005,0.001,-50.615,-278.941,387.280,176.199,-7.178,-121.254,1,-0.0323,0.0279,-0.0284,0
19219390,0.011,0.312,0.048,0.001,0.004,0.001,-50.615,-278.941,387.280,176.199,-7.178,-121.254,1,-0.0323,0.0279,-0.0284,0
19219437,-0.005,0.322,0.073,0.002,0.004,0.001,-50.615,-278.941,387.280,176.199,-7.178,-121.254,1,-0.0323,0.0279,-0.0284,0
19219484,-0.003,0.325,0.061,0.002,0.005,0.001,-50.615,-278.941,387.280,176.199,-7.178,-121.254,1,-0.0323,0.0279,-0.0284,0
19219546,0.003,0.351,0.060,0.003,0.005,0.001,-50.615,-278.941,387.280,176.199,-7.178,-121.254,1,-0.0323,0.0279,-0.0284,0
19219687,0.011,0.328,0.041,0.002,0.004,0.001,-50.615,-278.941,387.280,176.199,-7.178,-121.254,1,-0.0323,0.0279,-0.0284,0
19219781,0.026,0.306,0.056,0.001,0.004,0.000,-50.615,-278.941,387.280,176.199,-7.178,-121.254,1,-0.0323,0.0279,-0.0284,0
19219890,0.003,0.303,0.086,0.002,0.004,0.001,-50.615,-278.941,387.280,176.199,-7.178,-121.254,1,-0.0323,0.0279,-0.0284,0
19219968,-0.000,0.304,0.064,0.002,0.004,0.002,-50.615,-278.941,387.280,176.199,-7.178,-121.254,1,-0.0323,0.0279,-0.0284,0
19220062,0.023,0.311,0.057,0.001,0.004,0.000,-50.615,-278.941,387.280,176.199,-7.178,-121.254,1,-0.0323,0.0279,-0.0284,0
19220140,0.005,0.319,0.033,0.001,0.004,0.001,-50.615,-278.941,387.280,176.199,-7.178,-121.254,1,-0.0323,0.0279,-0.0284,0
19220218,0.009,0.315,0.026,0.001,0.004,0.001,-50.615,-278.941,387.280,176.199,-7.178,-121.254,1,-0.0323,0.0279,-0.0284,0
19220343,0.008,0.335,0.096,0.002,0.005,0.001,-50.615,-278.941,387.280,176.199,-7.178,-121.254,1,-0.0323,0.0279,-0.0284,0
19220437,0.002,0.328,0.075,0.002,0.004,0.001,-50.615,-278.941,387.280,176.199,-7.178,-121.254,1,-0.0323,0.0279,-0.0284,0
19220593,-0.001,0.324,0.034,0.002,0.005,0.002,-50.615,-278.941,387.280,176.199,-7.178,-121.254,1,-0.0323,0.0279,-0.0284,0
19220640,0.012,0.322,0.046,0.002,0.004,0.001,-50.615,-278.941,387.280,176.199,-7.178,-121.254,1,-0.0323,0.0279,-0.0284,0
19220687,0.014,0.324,0.034,0.002,0.004,0.001,-50.615,-278.941,387.280,176.199,-7.178,-121.254,1,-0.0323,0.0279,-0.0284,0
19220765,-0.017,0.314,0.069,0.002,0.005,0.001,-50.615,-278.941,387.280,176.199,-7.178,-121.254,1,-0.0323,0.0279,-0.0284,0
19220890,0.010,0.345,0.091,0.002,0.005,0.001,-50.615,-278.941,387.280,176.199,-7.178,-121.254,1,-0.0323,0.0279,-0.0284,0
19221000,0.014,0.322,0.067,0.002,0.004,0.000,-50.615,-278.941,387.280,176.199,-7.178,-121.254,1,-0.0323,0.0279,-0.0284,0
19221093,0.010,0.327,0.029,0.002,0.004,0.001,-50.615,-278.941,387.280,176.199,-7.178,-121.254,1,-0.0323,0.0279,-0.0284,0
19221171,0.008,0.323,0.048,0.002,0.005,0.001,-50.615,-278.941,387.280,176.199,-7.178,-121.254,1,-0.0323,0.0279,-0.0284,0
19221265,-0.003,0.324,0.075,0.002,0.004,-0.000,-50.615,-278.941,387.280,176.199,-7.178,-121.254,1,-0.0323,0.0279,-0.0284,0
19221343,0.005,0.321,0.069,0.002,0.004,0.001,-50.615,-278.941,387.280,176.199,-7.178,-121.254,1,-0.0323,0.0279,-0.0284,0
19221421,0.013,0.335,0.028,0.002,0.004,0.001,-50.615,-278.941,387.280,176.199,-7.178,-121.254,1,-0.0323,0.0279,-0.0284,0
19221546,0.012,0.321,0.040,0.002,0.004,0.001,-50.615,-278.941,387.280,176.199,-7.178,-121.254,1,-0.0323,0.0279,-0.0284,0
19221625,0.015,0.335,0.063,0.002,0.005,0.001,-50.615,-278.941,387.280,176.199,-7.178,-121.254,1,-0.0323,0.0279,-0.0284,0
19221765,0.021,0.323,0.075,0.002,0.004,0.000,-50.615,-278.941,387.280,176.199,-7.178,-121.254,1,-0.0323,0.0279,-0.0284,0
19221812,0.020,0.321,0.062,0.002,0.004,0.001,-50.615,-278.941,387.280,176.199,-7.178,-121.254,1,-0.0323,0.0279,-0.0284,0
19221859,0.015,0.324,0.038,0.002,0.004,0.001,-50.615,-278.941,387.280,176.199,-7.178,-121.254,1,-0.0323,0.0279,-0.0284,0
19221937,0.007,0.321,0.086,0.001,0.004,-0.000,-50.615,-278.941,387.280,176.199,-7.178,-121.254,1,-0.0323,0.0279,-0.0284,0
19222078,0.024,0.329,0.053,0.002,0.004,0.001,-50.615,-278.941,387.280,176.199,-7.178,-121.254,1,-0.0323,0.0279,-0.0284,0
19222171,0.011,0.335,0.033,0.002,0.004,0.001,-50.615,-278.941,387.280,176.199,-7.178,-121.254,1,-0.0323,0.0279,-0.0284,0
19222281,0.014,0.323,0.081,0.001,0.004,-0.001,-50.615,-278.941,387.280,176.199,-7.178,-121.254,1,-0.0323,0.0279,-0.0284,0
19222359,0.020,0.325,0.037,0.002,0.004,0.000,-50.615,-278.941,387.280,176.199,-7.178,-121.254,1,-0.0323,0.0279,-0.0284,0
19222453,0.017,0.325,0.064,0.002,0.004,-0.000,-50.615,-278.941,387.280,176.199,-7.178,-121.254,1,-0.0323,0.0279,-0.0284,0
19222546,0.021,0.327,0.044,0.002,0.004,0.001,-50.615,-278.941,387.280,176.199,-7.178,-121.254,1,-0.0323,0.0279,-0.0284,0
19222625,0.018,0.317,0.091,0.001,0.004,-0.002,-50.615,-278.941,387.280,176.199,-7.178,-121.254,1,-0.0323,0.0279,-0.0284,0
19222734,0.016,0.320,0.079,0.001,0.004,-0.000,-50.615,-278.941,387.280,176.199,-7.178,-121.254,1,-0.0323,0.0279,-0.0284,0
19222843,0.028,0.330,0.035,0.002,0.004,0.001,-50.615,-278.941,387.280,176.199,-7.178,-121.254,1,-0.0323,0.0279,-0.0284,0
19222984,0.025,0.321,0.074,0.002,0.004,-0.001,-50.615,-278.941,387.280,176.199,-7.178,-121.254,1,-0.0323,0.0279,-0.0284,0
19223031,0.014,0.331,0.072,0.002,0.004,-0.000,-50.615,-278.941,387.280,176.199,-7.178,-121.254,1,-0.0323,0.0279,-0.0284,0
19223140,0.010,0.335,0.036,0.002,0.004,0.001,-50.615,-278.941,387.280,176.199,-7.178,-121.254,1,-0.0323,0.0279,-0.0284,0
19223281,0.017,0.335,0.050,0.002,0.004,0.000,-50.615,-278.941,387.280,176.199,-7.178,-121.254,1,-0.0323,0.0279,-0.0284,0
19223375,0.017,0.329,0.083,0.002,0.004,-0.001,-50.615,-278.941,387.280,176.199,-7.178,-121.254,1,-0.0323,0.0279,-0.0284,0
19223484,0.019,0.340,0.036,0.003,0.004,0.001,-50.615,-278.941,387.280,176.199,-7.178,-121.254,1,-0.0323,0.0279,-0.0284,0
19223562,0.032,0.356,-0.001,0.003,0.004,0.002,-50.615,-278.941,387.280,176.199,-7.178,-121.254,1,-0.0323,0.0279,-0.0284,0
19223656,0.028,0.340,0.067,0.002,0.005,0.000,-50.615,-278.941,387.280,176.199,-7.178,-121.254,1,-0.0323,0.0279,-0.0284,0
19223734,0.015,0.332,0.051,0.002,0.004,0.001,-50.615,-278.941,387.280,176.199,-7.178,-121.254,1,-0.0323,0.0279,-0.0284,0
19223812,0.016,0.325,0.086,0.002,0.003,-0.001,-50.615,-278.941,387.280,176.199,-7.178,-121.254,1,-0.0323,0.0279,-0.0284,0
19223921,0.023,0.325,0.048,0.002,0.004,-0.000,-50.615,-278.941,387.280,176.199,-7.178,-121.254,1,-0.0323,0.0279,-0.0284,0
19224031,0.027,0.330,0.002,0.002,0.004,0.002,-50.615,-278.941,387.280,176.199,-7.178,-121.254,1,-0.0323,0.0279,-0.0284,0
19224171,0.030,0.334,0.071,0.002,0.004,0.000,-50.615,-278.941,387.280,176.199,-7.178,-121.254,1,-0.0323,0.0279,-0.0284,0
19224218,0.022,0.331,0.085,0.002,0.004,-0.000,-50.615,-278.941,387.280,176.199,-7.178,-121.254,1,-0.0323,0.0279,-0.0284,0
19224265,0.022,0.331,0.067,0.002,0.004,0.000,-50.615,-278.941,387.280,176.199,-7.178,-121.254,1,-0.0323,0.0279,-0.0284,0
19224343,0.026,0.347,0.006,0.002,0.004,0.002,-50.615,-278.941,387.280,176.199,-7.178,-121.254,1,-0.0323,0.0279,-0.0284,0
19224484,0.013,0.324,0.040,0.002,0.004,0.000,-50.615,-278.941,387.280,176.199,-7.178,-121.254,1,-0.0323,0.0279,-0.0284,0
19224578,0.013,0.338,0.050,0.002,0.005,-0.000,-50.615,-278.941,387.280,176.199,-7.178,-121.254,1,-0.0323,0.0279,-0.0284,0
19224687,0.007,0.346,0.026,0.002,0.004,0.002,-50.615,-278.941,387.280,176.199,-7.178,-121.254,1,-0.0323,0.0279,-0.0284,0
19224765,0.014,0.346,0.035,0.002,0.004,0.001,-50.615,-278.941,387.280,176.199,-7.178,-121.254,1,-0.0323,0.0279,-0.0284,0
19224859,0.030,0.339,0.068,0.002,0.004,-0.001,-50.615,-278.941,387.280,176.199,-7.178,-121.254,1,-0.0323,0.0279,-0.0284,0
19224937,0.030,0.357,0.034,0.002,0.004,0.001,-50.615,-278.941,387.280,176.199,-7.178,-121.254,1,-0.0323,0.0279,-0.0284,0
19225015,0.026,0.346,0.040,0.002,0.004,0.000,-50.615,-278.941,387.280,176.199,-7.178,-121.254,1,-0.0323,0.0279,-0.0284,0
19225125,0.018,0.331,0.063,0.002,0.004,0.001,-50.615,-278.941,387.280,176.199,-7.178,-121.254,1,-0.0323,0.0279,-0.0284,0
19225234,0.021,0.322,0.086,0.002,0.004,-0.000,-50.615,-278.941,387.280,176.199,-7.178,-121.254,1,-0.0323,0.0279,-0.0284,0
19225375,0.026,0.323,0.021,0.002,0.004,0.001,-50.615,-278.941,387.280,176.199,-7.178,-121.254,1,-0.0323,0.0279,-0.0284,0
19225421,0.021,0.333,0.012,0.002,0.004,0.002,-50.615,-278.941,387.280,176.199,-7.178,-121.254,1,-0.0323,0.0279,-0.0284,0
19225468,0.026,0.335,0.043,0.002,0.004,0.001,-50.615,-278.941,387.280,176.199,-7.178,-121.254,1,-0.0323,0.0279,-0.0284,0
19225546,0.028,0.327,0.061,0.002,0.004,-0.000,-50.615,-278.941,387.280,176.199,-7.178,-121.254,1,-0.0323,0.0279,-0.0284,0
19225671,0.016,0.346,0.025,0.002,0.004,0.002,-50.615,-278.941,387.280,176.199,-7.178,-121.254,1,-0.0323,0.0279,-0.0284,0
19225765,0.032,0.340,0.052,0.002,0.004,0.001,-50.615,-278.941,387.280,176.199,-7.178,-121.254,1,-0.0323,0.0279,-0.0284,0
19225812,0.028,0.313,0.062,0.002,0.004,-0.000,-50.615,-278.941,387.280,176.199,-7.178,-121.254,1,-0.0323,0.0279,-0.0284,0
19225890,0.031,0.318,0.083,0.001,0.004,-0.001,-50.615,-278.941,387.280,176.199,-7.178,-121.254,1,-0.0323,0.0279,-0.0284,0
19225968,0.021,0.328,0.047,0.002,0.005,0.001,-50.615,-278.941,387.280,176.199,-7.178,-121.254,1,-0.0323,0.0279,-0.0284,0
19226046,0.006,0.335,0.043,0.002,0.005,0.001,-50.615,-278.941,387.280,176.199,-7.178,-121.254,1,-0.0323,0.0279,-0.0284,0
19226140,0.008,0.346,0.033,0.003,0.004,0.002,-50.615,-278.941,387.280,176.199,-7.178,-121.254,1,-0.0323,0.0279,-0.0284,0
19226218,0.032,0.340,0.063,0.002,0.004,-0.001,-50.615,-278.941,387.280,176.199,-7.178,-121.254,1,-0.0323,0.0279,-0.0284,0
19226328,0.014,0.338,0.065,0.002,0.004,0.000,-50.615,-278.941,387.280,176.199,-7.178,-121.254,1,-0.0323,0.0279,-0.0284,0
19226421,0.031,0.346,0.041,0.003,0.004,0.001,-50.615,-278.941,387.280,176.199,-7.178,-121.254,1,-0.0323,0.0279,-0.0284,0
19226562,0.027,0.337,0.053,0.002,0.004,0.000,-50.615,-278.941,387.280,176.199,-7.178,-121.254,1,-0.0323,0.0279,-0.0284,0
19226609,0.024,0.334,0.101,0.002,0.004,-0.001,-50.615,-278.941,387.280,176.199,-7.178,-121.254,1,-0.0323,0.0279,-0.0284,0
19226656,0.031,0.324,0.105,0.001,0.004,-0.001,-50.615,-278.941,387.280,176.199,-7.178,-121.254,1,-0.0323,0.0279,-0.0284,0
19226734,0.008,0.335,0.030,0.003,0.005,0.002,-50.615,-278.941,387.280,176.199,-7.178,-121.254,1,-0.0323,0.0279,-0.0284,0
19226875,0.016,0.331,0.031,0.002,0.004,0.002,-50.615,-278.941,387.280,176.199,-7.178,-121.254,1,-0.0323,0.0279,-0.0284,0
19226968,0.024,0.328,0.044,0.002,0.004,0.001,-50.615,-278.941,387.280,176.199,-7.178,-121.254,1,-0.0323,0.0279,-0.0284,0
19227078,0.023,0.332,0.065,0.002,0.004,0.001,-50.615,-278.941,387.280,176.199,-7.178,-121.254,1,-0.0323,0.0279,-0.0284,0
19227156,0.030,0.339,0.037,0.002,0.004,0.001,-50.615,-278.941,387.280,176.199,-7.178,-121.254,1,-0.0323,0.0279,-0.0284,0
19227250,0.003,0.355,-0.001,0.003,0.005,0.003,-50.615,-278.941,387.280,176.199,-7.178,-121.254,1,-0.0323,0.0279,-0.0284,0
19227328,0.005,0.339,0.023,0.003,0.005,0.002,-50.615,-278.941,387.280,176.199,-7.178,-121.254,1,-0.0323,0.0279,-0.0284,0
19227406,0.015,0.324,0.033,0.002,0.004,0.002,-50.615,-278.941,387.280,176.199,-7.178,-121.254,1,-0.0323,0.0279,-0.0284,0
19227515,0.006,0.357,0.015,0.003,0.005,0.002,-50.615,-278.941,387.280,176.199,-7.178,-121.254,1,-0.0323,0.0279,-0.0284,0
19227625,0.028,0.339,0.053,0.002,0.004,-0.000,-50.615,-278.941,387.280,176.199,-7.178,-121.254,1,-0.0323,0.0279,-0.0284,0
19227765,0.026,0.345,0.069,0.002,0.004,0.001,-50.615,-278.941,387.280,176.199,-7.178,-121.254,1,-0.0323,0.0279,-0.0284,0
19227812,0.014,0.344,0.050,0.003,0.005,0.002,-50.615,-278.941,387.280,176.199,-7.178,-121.254,1,-0.0323,0.0279,-0.0284,0
19227859,0.010,0.327,0.072,0.002,0.004,0.001,-50.615,-278.941,387.280,176.199,-7.178,-121.254,1,-0.0323,0.0279,-0.0284,0
19227937,0.034,0.345,0.065,0.002,0.004,0.000,-50.615,-278.941,387.280,176.199,-7.178,-121.254,1,-0.0323,0.0279,-0.0284,0
19228078,0.013,0.334,0.031,0.003,0.004,0.002,-50.615,-278.941,387.280,176.199,-7.178,-121.254,1,-0.0323,0.0279,-0.0284,0
19228171,0.019,0.332,0.049,0.003,0.004,0.001,-50.615,-278.941,387.280,176.199,-7.178,-121.254,1,-0.0323,0.0279,-0.0284,0
19228281,0.022,0.337,0.031,0.002,0.004,0.001,-50.615,-278.941,387.280,176.199,-7.178,-121.254,1,-0.0323,0.0279,-0.0284,0
19228359,0.030,0.342,0.020,0.002,0.004,0.001,-50.615,-278.941,387.280,176.199,-7.178,-121.254,1,-0.0323,0.0279,-0.0284,0
19228453,0.020,0.353,0.037,0.003,0.004,0.002,-50.615,-278.941,387.280,176.199,-7.178,-121.254,1,-0.0323,0.0279,-0.0284,0
19228531,0.027,0.333,0.099,0.002,0.004,-0.001,-50.615,-278.941,387.280,176.199,-7.178,-121.254,1,-0.0323,0.0279,-0.0284,0
19228609,0.027,0.330,0.081,0.002,0.004,-0.000,-50.615,-278.941,387.280,176.199,-7.178,-121.254,1,-0.0323,0.0279,-0.0284,0
19228718,0.009,0.338,0.016,0.003,0.004,0.002,-50.615,-278.941,387.280,176.199,-7.178,-121.254,1,-0.0323,0.0279,-0.0284,0
19228828,0.016,0.343,0.039,0.003,0.004,0.002,-50.615,-278.941,387.280,176.199,-7.178,-121.254,1,-0.0323,0.0279,-0.0284,0
19228968,0.046,0.311,0.058,0.001,0.003,-0.001,-50.615,-278.941,387.280,176.199,-7.178,-121.254,1,-0.0323,0.0279,-0.0284,0
19229015,0.041,0.325,0.038,0.002,0.004,0.000,-50.615,-278.941,387.280,176.199,-7.178,-121.254,1,-0.0323,0.0279,-0.0284,0
19229062,0.027,0.362,0.003,0.003,0.004,0.002,-50.615,-278.941,387.280,176.199,-7.178,-121.254,1,-0.0323,0.0279,-0.0284,0
19229140,0.023,0.349,0.027,0.003,0.004,0.001,-50.615,-278.941,387.280,176.199,-7.178,-121.254,1,-0.0323,0.0279,-0.0284,0
19229281,0.045,0.350,0.074,0.002,0.004,-0.000,-50.615,-278.941,387.280,176.199,-7.178,-121.254,1,-0.0323,0.0279,-0.0284,0
19229375,0.013,0.334,0.014,0.003,0.004,0.002,-50.615,-278.941,387.280,176.199,-7.178,-121.254,1,-0.0323,0.0279,-0.0284,0
19229484,0.020,0.339,0.041,0.003,0.004,0.001,-50.615,-278.941,387.280,176.199,-7.178,-121.254,1,-0.0323,0.0279,-0.0284,0
19229562,0.038,0.324,0.066,0.002,0.004,-0.001,-50.615,-278.941,387.280,176.199,-7.178,-121.254,1,-0.0323,0.0279,-0.0284,0
19229656,0.021,0.337,0.043,0.003,0.004,0.002,-50.615,-278.941,387.280,176.199,-7.178,-121.254,1,-0.0323,0.0279,-0.0284,0
19229734,0.034,0.336,0.036,0.002,0.004,0.001,-50.615,-278.941,387.280,176.199,-7.178,-121.254,1,-0.0323,0.0279,-0.0284,0
19229812,0.026,0.333,0.048,0.002,0.004,0.001,-50.615,-278.941,387.280,176.199,-7.178,-121.254,1,-0.0323,0.0279,-0.0284,0
19229921,0.023,0.334,0.026,0.003,0.004,0.002,-50.615,-278.941,387.280,176.199,-7.178,-121.254,1,-0.0323,0.0279,-0.0284,0
19230031,0.042,0.347,0.038,0.003,0.004,0.002,-50.615,-278.941,387.280,176.199,-7.178,-121.254,1,-0.0323,0.0279,-0.0284,0
19230171,0.043,0.296,0.086,0.001,0.004,-0.001,-50.615,-278.941,387.280,176.199,-7.178,-121.254,1,-0.0323,0.0279,-0.0284,0
19230218,0.043,0.307,0.077,0.001,0.003,-0.001,-50.615,-278.941,387.280,176.199,-7.178,-121.254,1,-0.0323,0.0279,-0.0284,0
19230265,0.030,0.329,0.049,0.002,0.004,0.001,-50.615,-278.941,387.280,176.199,-7.178,-121.254,1,-0.0323,0.0279,-0.0284,0
19230343,0.029,0.328,0.026,0.002,0.004,0.002,-50.615,-278.941,387.280,176.199,-7.178,-121.254,1,-0.0323,0.0279,-0.0284,0
19230484,0.033,0.326,0.073,0.002,0.004,-0.000,-50.615,-278.941,387.280,176.199,-7.178,-121.254,1,-0.0323,0.0279,-0.0284,0
19230578,0.039,0.338,0.025,0.002,0.004,0.002,-50.615,-278.941,387.280,176.199,-7.178,-121.254,1,-0.0323,0.0279,-0.0284,0
19230687,0.022,0.350,0.036,0.003,0.004,0.002,-50.615,-278.941,387.280,176.199,-7.178,-121.254,1,-0.0323,0.0279,-0.0284,0
19230765,0.032,0.346,0.073,0.003,0.004,0.001,-50.615,-278.941,387.280,176.199,-7.178,-121.254,1,-0.0323,0.0279,-0.0284,0
19230859,0.027,0.331,0.054,0.002,0.004,0.000,-50.615,-278.941,387.280,176.199,-7.178,-121.254,1,-0.0323,0.0279,-0.0284,0
19230937,0.038,0.322,0.085,0.001,0.004,-0.001,-50.615,-278.941,387.280,176.199,-7.178,-121.254,1,-0.0323,0.0279,-0.0284,0
19231015,0.021,0.336,0.028,0.002,0.004,0.002,-50.615,-278.941,387.280,176.199,-7.178,-121.254,1,-0.0323,0.0279,-0.0284,0
19231125,0.033,0.334,0.034,0.002,0.004,0.001,-50.615,-278.941,387.280,176.199,-7.178,-121.254,1,-0.0323,0.0279,-0.0284,0
19231234,0.042,0.324,0.092,0.002,0.003,-0.001,-50.615,-278.941,387.280,176.199,-7.178,-121.254,1,-0.0323,0.0279,-0.0284,0
19231375,0.032,0.340,0.040,0.002,0.004,0.001,-50.615,-278.941,387.280,176.199,-7.178,-121.254,1,-0.0323,0.0279,-0.0284,0
19231421,0.030,0.347,0.016,0.003,0.004,0.003,-50.615,-278.941,387.280,176.199,-7.178,-121.254,1,-0.0323,0.0279,-0.0284,0
19231468,0.026,0.339,0.033,0.003,0.004,0.002,-50.615,-278.941,387.280,176.199,-7.178,-121.254,1,-0.0323,0.0279,-0.0284,0
19231546,0.036,0.328,0.096,0.002,0.004,-0.001,-50.615,-278.941,387.280,176.199,-7.178,-121.254,1,-0.0323,0.0279,-0.0284,0
19231687,0.034,0.324,0.040,0.002,0.004,0.001,-50.615,-278.941,387.280,176.199,-7.178,-121.254,1,-0.0323,0.0279,-0.0284,0
19231781,0.039,0.319,0.031,0.002,0.003,0.001,-50.615,-278.941,387.280,176.199,-7.178,-121.254,1,-0.0323,0.0279,-0.0284,0
19231890,0.045,0.320,0.077,0.001,0.004,-0.000,-50.615,-278.941,387.280,176.199,-7.178,-121.254,1,-0.0323,0.0279,-0.0284,0
19231968,0.026,0.337,0.037,0.002,0.004,0.001,-50.615,-278.941,387.280,176.199,-7.178,-121.254,1,-0.0323,0.0279,-0.0284,0
19232062,0.033,0.340,0.014,0.002,0.004,0.002,-50.615,-278.941,387.280,176.199,-7.178,-121.254,1,-0.0323,0.0279,-0.0284,0
19232140,0.032,0.329,0.077,0.002,0.004,-0.000,-50.615,-278.941,387.280,176.199,-7.178,-121.254,1,-0.0323,0.0279,-0.0284,0
19232218,0.032,0.332,0.063,0.002,0.004,0.000,-50.615,-278.941,387.280,176.199,-7.178,-121.254,1,-0.0323,0.0279,-0.0284,0
19232328,0.027,0.333,0.058,0.002,0.004,0.000,-50.615,-278.941,387.280,176.199,-7.178,-121.254,1,-0.0323,0.0279,-0.0284,0
19232437,0.029,0.332,0.061,0.002,0.004,0.000,-50.615,-278.941,387.280,176.199,-7.178,-121.254,1,-0.0323,0.0279,-0.0284,0
19232578,0.027,0.324,0.081,0.002,0.004,-0.000,-50.615,-278.941,387.280,176.199,-7.178,-121.254,1,-0.0323,0.0279,-0.0284,0
19232625,0.027,0.324,0.089,0.001,0.004,-0.001,-50.615,-278.941,387.280,176.199,-7.178,-121.254,1,-0.0323,0.0279,-0.0284,0
19232671,0.030,0.339,0.057,0.002,0.004,0.000,-50.615,-278.941,387.280,176.199,-7.178,-121.254,1,-0.0323,0.0279,-0.0284,0
19232734,0.027,0.322,0.093,0.002,0.004,-0.001,-50.615,-278.941,387.280,176.199,-7.178,-121.254,1,-0.0323,0.0279,-0.0284,0
19232875,0.024,0.333,0.059,0.002,0.004,0.000,-50.615,-278.941,387.280,176.199,-7.178,-121.254,1,-0.0323,0.0279,-0.0284,0
19232968,0.033,0.338,0.074,0.002,0.004,0.000,-50.615,-278.941,387.280,176.199,-7.178,-121.254,1,-0.0323,0.0279,-0.0284,0
19233078,0.023,0.336,0.043,0.002,0.004,0.001,-50.615,-278.941,387.280,176.199,-7.178,-121.254,1,-0.0323,0.0279,-0.0284,0
19233156,0.027,0.324,0.045,0.002,0.004,0.000,-50.615,-278.941,387.280,176.199,-7.178,-121.254,1,-0.0323,0.0279,-0.0284,0
19233250,0.027,0.331,0.024,0.002,0.004,0.001,-50.615,-278.941,387.280,176.199,-7.178,-121.254,1,-0.0323,0.0279,-0.0284,0
19233328,0.026,0.330,0.082,0.002,0.004,-0.000,-50.615,-278.941,387.280,176.199,-7.178,-121.254,1,-0.0323,0.0279,-0.0284,0
19233406,0.029,0.333,0.061,0.002,0.004,0.000,-50.615,-278.941,387.280,176.199,-7.178,-121.254,1,-0.0323,0.0279,-0.0284,0
19233515,0.032,0.330,0.047,0.002,0.004,0.001,-50.615,-278.941,387.280,176.199,-7.178,-121.254,1,-0.0323,0.0279,-0.0284,0
19233625,0.031,0.327,0.098,0.001,0.004,-0.001,-50.615,-278.941,387.280,176.199,-7.178,-121.254,1,-0.0323,0.0279,-0.0284,0
19233765,0.021,0.338,0.044,0.002,0.005,0.001,-50.615,-278.941,387.280,176.199,-7.178,-121.254,1,-0.0323,0.0279,-0.0284,0
19233812,0.020,0.330,0.039,0.002,0.004,0.001,-50.615,-278.941,387.280,176.199,-7.178,-121.254,1,-0.0323,0.0279,-0.0284,0
19233859,0.035,0.318,0.034,0.001,0.004,0.001,-50.615,-278.941,387.280,176.199,-7.178,-121.254,1,-0.0323,0.0279,-0.0284,0
19233937,0.030,0.329,0.047,0.002,0.004,0.001,-50.615,-278.941,387.280,176.199,-7.178,-121.254,1,-0.0323,0.0279,-0.0284,0
19234078,0.020,0.329,0.058,0.002,0.004,0.001,-50.615,-278.941,387.280,176.199,-7.178,-121.254,1,-0.0323,0.0279,-0.0284,0
19234171,0.023,0.337,0.021,0.002,0.004,0.001,-50.615,-278.941,387.280,176.199,-7.178,-121.254,1,-0.0323,0.0279,-0.0284,0
19234281,0.009,0.306,0.097,0.002,0.004,0.000,-50.615,-278.941,387.280,176.199,-7.178,-121.254,1,-0.0323,0.0279,-0.0284,0
19234359,0.026,0.325,0.083,0.002,0.004,-0.000,-50.615,-278.941,387.280,176.199,-7.178,-121.254,1,-0.0323,0.0279,-0.0284,0
19234453,0.017,0.322,0.041,0.002,0.004,0.001,-50.615,-278.941,387.280,176.199,-7.178,-121.254,1,-0.0323,0.0279,-0.0284,0
19234531,0.027,0.340,0.053,0.002,0.004,0.001,-50.615,-278.941,387.280,176.199,-7.178,-121.254,1,-0.0323,0.0279,-0.0284,0
19234609,0.018,0.346,0.085,0.003,0.004,0.001,-50.615,-278.941,387.280,176.199,-7.178,-121.254,1,-0.0323,0.0279,-0.0284,0
19234718,0.028,0.333,0.058,0.002,0.004,0.001,-50.615,-278.941,387.280,176.199,-7.178,-121.254,1,-0.0323,0.0279,-0.0284,0
19234812,0.018,0.332,0.034,0.002,0.004,0.001,-50.615,-278.941,387.280,176.199,-7.178,-121.254,1,-0.0323,0.0279,-0.0284,0
19234953,0.008,0.323,0.071,0.002,0.005,0.000,-50.615,-278.941,387.280,176.199,-7.178,-121.254,1,-0.0323,0.0279,-0.0284,0
19235000,0.033,0.327,0.077,0.002,0.004,0.000,-50.615,-278.941,387.280,176.199,-7.178,-121.254,1,-0.0323,0.0279,-0.0284,0
19235046,0.048,0.326,0.063,0.001,0.004,-0.000,-50.615,-278.941,387.280,176.199,-7.178,-121.254,1,-0.0323,0.0279,-0.0284,0
19235125,0.013,0.332,0.065,0.002,0.004,0.001,-50.615,-278.941,387.280,176.199,-7.178,-121.254,1,-0.0323,0.0279,-0.0284,0
19235265,0.004,0.354,0.075,0.003,0.005,0.002,-50.615,-278.941,387.280,176.199,-7.178,-121.254,1,-0.0323,0.0279,-0.0284,0
19235359,0.028,0.327,0.066,0.002,0.004,0.001,-50.615,-278.941,387.280,176.199,-7.178,-121.254,1,-0.0323,0.0279,-0.0284,0
19235468,0.017,0.321,0.055,0.003,0.004,0.002,-50.615,-278.941,387.280,176.199,-7.178,-121.254,1,-0.0323,0.0279,-0.0284,0
19235546,0.027,0.329,0.053,0.003,0.004,0.002,-50.615,-278.941,387.280,176.199,-7.178,-121.254,1,-0.0323,0.0279,-0.0284,0
19235640,0.033,0.335,0.059,0.002,0.004,0.001,-50.615,-278.941,387.280,176.199,-7.178,-121.254,1,-0.0323,0.0279,-0.0284,0
19235718,0.018,0.325,0.054,0.002,0.004,0.001,-50.615,-278.941,387.280,176.199,-7.178,-121.254,1,-0.0323,0.0279,-0.0284,0
19235796,0.022,0.322,0.067,0.002,0.004,0.001,-50.615,-278.941,387.280,176.199,-7.178,-121.254,1,-0.0323,0.0279,-0.0284,0
19235906,0.022,0.339,0.051,0.003,0.005,0.002,-50.615,-278.941,387.280,176.199,-7.178,-121.254,1,-0.0323,0.0279,-0.0284,0
19236015,0.021,0.342,0.050,0.003,0.005,0.002,-50.615,-278.941,387.280,176.199,-7.178,-121.254,1,-0.0323,0.0279,-0.0284,0
19236156,0.035,0.334,0.060,0.002,0.004,0.001,-50.615,-278.941,387.280,176.199,-7.178,-121.254,1,-0.0323,0.0279,-0.0284,0
19236203,0.035,0.336,0.056,0.002,0.004,0.001,-50.615,-278.941,387.280,176.199,-7.178,-121.254,1,-0.0323,0.0279,-0.0284,0
19236250,0.023,0.334,0.061,0.003,0.004,0.001,-50.615,-278.941,387.280,176.199,-7.178,-121.254,1,-0.0323,0.0279,-0.0284,0
19236328,0.006,0.332,0.048,0.003,0.004,0.002,-50.615,-278.941,387.280,176.199,-7.178,-121.254,1,-0.0323,0.0279,-0.0284,0
19236468,0.033,0.323,0.062,0.002,0.004,0.001,-50.615,-278.941,387.280,176.199,-7.178,-121.254,1,-0.0323,0.0279,-0.0284,0
19236562,0.040,0.317,0.063,0.001,0.004,-0.000,-50.615,-278.941,387.280,176.199,-7.178,-121.254,1,-0.0323,0.0279,-0.0284,0
19236671,0.025,0.326,0.033,0.003,0.004,0.002,-50.615,-278.941,387.280,176.199,-7.178,-121.254,1,-0.0323,0.0279,-0.0284,0
19236750,0.028,0.337,0.048,0.002,0.004,0.001,-50.615,-278.941,387.280,176.199,-7.178,-121.254,1,-0.0323,0.0279,-0.0284,0
19236843,0.028,0.336,0.057,0.003,0.004,0.002,-50.615,-278.941,387.280,176.199,-7.178,-121.254,1,-0.0323,0.0279,-0.0284,0
19236921,0.022,0.342,0.040,0.003,0.004,0.002,-50.615,-278.941,387.280,176.199,-7.178,-121.254,1,-0.0323,0.0279,-0.0284,0
19237000,0.032,0.327,0.064,0.002,0.004,0.001,-50.615,-278.941,387.280,176.199,-7.178,-121.254,1,-0.0323,0.0279,-0.0284,0
19237109,0.028,0.322,0.062,0.002,0.004,0.001,-50.615,-278.941,387.280,176.199,-7.178,-121.254,1,-0.0323,0.0279,-0.0284,0
19237218,0.036,0.338,0.044,0.002,0.004,0.001,-50.615,-278.941,387.280,176.199,-7.178,-121.254,1,-0.0323,0.0279,-0.0284,0
19237359,0.025,0.337,0.011,0.003,0.004,0.002,-50.615,-278.941,387.280,176.199,-7.178,-121.254,1,-0.0323,0.0279,-0.0284,0
19237406,0.019,0.334,0.017,0.003,0.004,0.003,-50.615,-278.941,387.280,176.199,-7.178,-121.254,1,-0.0323,0.0279,-0.0284,0
19237453,0.031,0.324,0.045,0.002,0.004,0.001,-50.615,-278.941,387.280,176.199,-7.178,-121.254,1,-0.0323,0.0279,-0.0284,0
19237531,0.032,0.328,0.042,0.002,0.004,0.001,-50.615,-278.941,387.280,176.199,-7.178,-121.254,1,-0.0323,0.0279,-0.0284,0
19237671,0.042,0.330,0.062,0.002,0.004,0.000,-50.615,-278.941,387.280,176.199,-7.178,-121.254,1,-0.0323,0.0279,-0.0284,0
19237765,0.036,0.326,0.070,0.002,0.004,0.000,-50.615,-278.941,387.280,176.199,-7.178,-121.254,1,-0.0323,0.0279,-0.0284,0
19237875,0.038,0.331,0.040,0.002,0.004,0.001,-50.615,-278.941,387.280,176.199,-7.178,-121.254,1,-0.0323,0.0279,-0.0284,0
19237953,0.042,0.334,0.069,0.002,0.004,0.000,-50.615,-278.941,387.280,176.199,-7.178,-121.254,1,-0.0323,0.0279,-0.0284,0
19238046,0.030,0.327,0.036,0.002,0.004,0.002,-50.615,-278.941,387.280,176.199,-7.178,-121.254,1,-0.0323,0.0279,-0.0284,0
19238125,0.037,0.309,0.018,0.002,0.003,0.002,-50.615,-278.941,387.280,176.199,-7.178,-121.254,1,-0.0323,0.0279,-0.0284,0
19238203,0.027,0.316,0.063,0.002,0.004,0.000,-50.615,-278.941,387.280,176.199,-7.178,-121.254,1,-0.0323,0.0279,-0.0284,0
19238312,0.047,0.309,0.068,0.001,0.004,-0.000,-50.615,-278.941,387.280,176.199,-7.178,-121.254,1,-0.0323,0.0279,-0.0284,0
19238421,0.034,0.325,0.033,0.002,0.004,0.002,-50.615,-278.941,387.280,176.199,-7.178,-121.254,1,-0.0323,0.0279,-0.0284,0
19238562,0.044,0.322,0.064,0.002,0.004,0.000,-50.615,-278.941,387.280,176.199,-7.178,-121.254,1,-0.0323,0.0279,-0.0284,0
19238609,0.045,0.328,0.034,0.002,0.004,0.001,-50.615,-278.941,387.280,176.199,-7.178,-121.254,1,-0.0323,0.0279,-0.0284,0
19238656,0.037,0.338,0.001,0.002,0.004,0.003,-50.615,-278.941,387.280,176.199,-7.178,-121.254,1,-0.0323,0.0279,-0.0284,0
19238734,0.044,0.330,0.009,0.002,0.004,0.002,-50.615,-278.941,387.280,176.199,-7.178,-121.254,1,-0.0323,0.0279,-0.0284,0
19238875,0.045,0.319,0.120,0.001,0.004,-0.001,-50.615,-278.941,387.280,176.199,-7.178,-121.254,1,-0.0323,0.0279,-0.0284,0
19238968,0.034,0.314,0.099,0.002,0.004,0.000,-50.615,-278.941,387.280,176.199,-7.178,-121.254,1,-0.0323,0.0279,-0.0284,0
19239078,0.034,0.316,0.077,0.001,0.004,-0.000,-50.615,-278.941,387.280,176.199,-7.178,-121.254,1,-0.0323,0.0279,-0.0284,0
19239156,0.038,0.314,0.092,0.001,0.004,-0.002,-50.615,-278.941,387.280,176.199,-7.178,-121.254,1,-0.0323,0.0279,-0.0284,0
19239250,0.025,0.326,0.034,0.002,0.004,0.002,-50.615,-278.941,387.280,176.199,-7.178,-121.254,1,-0.0323,0.0279,-0.0284,0
19239312,0.021,0.314,0.081,0.002,0.004,0.000,-50.615,-278.941,387.280,176.199,-7.178,-121.254,1,-0.0323,0.0279,-0.0284,0
19239390,0.015,0.315,0.054,0.002,0.005,0.001,-50.615,-278.941,387.280,176.199,-7.178,-121.254,1,-0.0323,0.0279,-0.0284,0
19239500,0.025,0.340,0.051,0.002,0.004,0.002,-50.615,-278.941,387.280,176.199,-7.178,-121.254,1,-0.0323,0.0279,-0.0284,0
19239546,0.039,0.318,0.071,0.001,0.004,-0.000,-50.615,-278.941,387.280,176.199,-7.178,-121.254,1,-0.0323,0.0279,-0.0284,0
19239625,0.030,0.326,0.072,0.002,0.004,0.000,-50.615,-278.941,387.280,176.199,-7.178,-121.254,1,-0.0323,0.0279,-0.0284,0
19239765,0.014,0.329,0.055,0.002,0.004,0.001,-50.615,-278.941,387.280,176.199,-7.178,-121.254,1,-0.0323,0.0279,-0.0284,0
19239812,0.026,0.315,0.052,0.001,0.004,0.000,-50.615,-278.941,387.280,176.199,-7.178,-121.254,1,-0.0323,0.0279,-0.0284,0
19239859,0.022,0.324,0.033,0.001,0.004,0.001,-50.615,-278.941,387.280,176.199,-7.178,-121.254,1,-0.0323,0.0279,-0.0284,0
19239937,0.025,0.307,0.105,0.001,0.004,-0.001,-50.615,-278.941,387.280,176.199,-7.178,-121.254,1,-0.0323,0.0279,-0.0284,0
19240078,0.030,0.325,0.053,0.002,0.004,0.001,-50.615,-278.941,387.280,176.199,-7.178,-121.254,1,-0.0323,0.0279,-0.0284,0
19240171,0.034,0.337,0.079,0.002,0.004,0.000,-50.615,-278.941,387.280,176.199,-7.178,-121.254,1,-0.0323,0.0279,-0.0284,0
19240281,0.024,0.340,0.035,0.002,0.004,0.001,-50.615,-278.941,387.280,176.199,-7.178,-121.254,1,-0.0323,0.0279,-0.0284,0
19240359,0.014,0.338,0.045,0.002,0.004,0.002,-50.615,-278.941,387.280,176.199,-7.178,-121.254,1,-0.0323,0.0279,-0.0284,0
19240453,0.034,0.309,0.115,0.002,0.004,-0.000,-50.615,-278.941,387.280,176.199,-7.178,-121.254,1,-0.0323,0.0279,-0.0284,0
19240515,0.036,0.311,0.080,0.002,0.004,0.000,-50.615,-278.941,387.280,176.199,-7.178,-121.254,1,-0.0323,0.0279,-0.0284,0
19240609,0.010,0.320,0.022,0.002,0.005,0.003,-50.615,-278.941,387.280,176.199,-7.178,-121.254,1,-0.0323,0.0279,-0.0284,0
19240703,0.004,0.300,0.070,0.002,0.005,0.002,-50.615,-278.941,387.280,176.199,-7.178,-121.254,1,-0.0323,0.0279,-0.0284,0
19240812,0.021,0.310,0.062,0.002,0.004,0.001,-50.615,-278.941,387.280,176.199,-7.178,-121.254,1,-0.0323,0.0279,-0.0284,0
19240953,0.031,0.322,0.062,0.002,0.004,0.001,-50.615,-278.941,387.280,176.199,-7.178,-121.254,1,-0.0323,0.0279,-0.0284,0
19241000,0.031,0.321,0.062,0.002,0.004,0.001,-50.615,-278.941,387.280,176.199,-7.178,-121.254,1,-0.0323,0.0279,-0.0284,0
19241046,0.028,0.318,0.039,0.001,0.004,0.001,-50.615,-278.941,387.280,176.199,-7.178,-121.254,1,-0.0323,0.0279,-0.0284,0
19241125,0.016,0.329,0.024,0.003,0.005,0.003,-50.615,-278.941,387.280,176.199,-7.178,-121.254,1,-0.0323,0.0279,-0.0284,0
19241265,0.018,0.323,0.066,0.002,0.004,0.001,-50.615,-278.941,387.280,176.199,-7.178,-121.254,1,-0.0323,0.0279,-0.0284,0
19241359,0.043,0.319,0.047,0.001,0.004,0.001,-50.615,-278.941,387.280,176.199,-7.178,-121.254,1,-0.0323,0.0279,-0.0284,0
19241468,0.019,0.311,0.085,0.002,0.004,0.001,-50.615,-278.941,387.280,176.199,-7.178,-121.254,1,-0.0323,0.0279,-0.0284,0
19241546,0.030,0.304,0.101,0.002,0.004,-0.000,-50.615,-278.941,387.280,176.199,-7.178,-121.254,1,-0.0323,0.0279,-0.0284,0
19241640,0.039,0.293,0.061,0.001,0.004,0.000,-50.615,-278.941,387.280,176.199,-7.178,-121.254,1,-0.0323,0.0279,-0.0284,0
19241718,0.031,0.315,0.045,0.002,0.004,0.001,-50.615,-278.941,387.280,176.199,-7.178,-121.254,1,-0.0323,0.0279,-0.0284,0
19241796,0.020,0.331,0.040,0.003,0.005,0.002,-50.615,-278.941,387.280,176.199,-7.178,-121.254,1,-0.0323,0.0279,-0.0284,0
19241906,0.021,0.328,0.048,0.002,0.004,0.001,-50.615,-278.941,387.280,176.199,-7.178,-121.254,1,-0.0323,0.0279,-0.0284,0
19242015,0.028,0.335,0.000,0.002,0.004,0.002,-50.615,-278.941,387.280,176.199,-7.178,-121.254,1,-0.0323,0.0279,-0.0284,0
19242156,0.022,0.333,0.045,0.003,0.004,0.002,-50.615,-278.941,387.280,176.199,-7.178,-121.254,1,-0.0323,0.0279,-0.0284,0
19242203,0.025,0.330,0.039,0.003,0.004,0.002,-50.615,-278.941,387.280,176.199,-7.178,-121.254,1,-0.0323,0.0279,-0.0284,0
19242250,0.042,0.330,0.057,0.002,0.004,0.001,-50.615,-278.941,387.280,176.199,-7.178,-121.254,1,-0.0323,0.0279,-0.0284,0
19242328,0.029,0.322,0.028,0.002,0.005,0.002,-50.615,-278.941,387.280,176.199,-7.178,-121.254,1,-0.0323,0.0279,-0.0284,0
19242468,0.027,0.317,0.031,0.002,0.004,0.002,-50.615,-278.941,387.280,176.199,-7.178,-121.254,1,-0.0323,0.0279,-0.0284,0
19242562,0.017,0.325,0.013,0.002,0.005,0.003,-50.615,-278.941,387.280,176.199,-7.178,-121.254,1,-0.0323,0.0279,-0.0284,0
19242671,0.038,0.304,0.075,0.001,0.004,-0.000,-50.615,-278.941,387.280,176.199,-7.178,-121.254,1,-0.0323,0.0279,-0.0284,0
19242750,0.035,0.316,0.067,0.002,0.004,0.000,-50.615,-278.941,387.280,176.199,-7.178,-121.254,1,-0.0323,0.0279,-0.0284,0
19242843,0.039,0.316,0.070,0.002,0.004,0.000,-50.615,-278.941,387.280,176.199,-7.178,-121.254,1,-0.0323,0.0279,-0.0284,0
19242921,0.038,0.321,0.054,0.002,0.004,0.002,-50.615,-278.941,387.280,176.199,-7.178,-121.254,1,-0.0323,0.0279,-0.0284,0
19243000,0.039,0.328,0.037,0.002,0.004,0.001,-50.615,-278.941,387.280,176.199,-7.178,-121.254,1,-0.0323,0.0279,-0.0284,0
19243109,0.034,0.306,0.077,0.001,0.004,-0.000,-50.615,-278.941,387.280,176.199,-7.178,-121.254,1,-0.0323,0.0279,-0.0284,0
19243218,0.030,0.303,0.039,0.002,0.004,0.001,-50.615,-278.941,387.280,176.199,-7.178,-121.254,1,-0.0323,0.0279,-0.0284,0
19243359,0.035,0.313,0.012,0.002,0.004,0.002,-50.615,-278.941,387.280,176.199,-7.178,-121.254,1,-0.0323,0.0279,-0.0284,0
19243406,0.030,0.315,0.040,0.002,0.004,0.001,-50.615,-278.941,387.280,176.199,-7.178,-121.254,1,-0.0323,0.0279,-0.0284,0
19243453,0.032,0.314,0.038,0.001,0.004,0.001,-50.615,-278.941,387.280,176.199,-7.178,-121.254,1,-0.0323,0.0279,-0.0284,0
19243531,0.026,0.315,0.076,0.002,0.004,-0.000,-50.615,-278.941,387.280,176.199,-7.178,-121.254,1,-0.0323,0.0279,-0.0284,0
19243671,0.048,0.332,0.033,0.002,0.004,0.003,-50.615,-278.941,387.280,176.199,-7.178,-121.254,1,-0.0323,0.0279,-0.0284,0
19243765,0.026,0.321,0.059,0.002,0.004,0.001,-50.615,-278.941,387.280,176.199,-7.178,-121.254,1,-0.0323,0.0279,-0.0284,0
19243875,0.030,0.316,0.060,0.002,0.004,0.000,-50.615,-278.941,387.280,176.199,-7.178,-121.254,1,-0.0323,0.0279,-0.0284,0
19243953,0.026,0.313,0.058,0.001,0.004,-0.000,-50.615,-278.941,387.280,176.199,-7.178,-121.254,1,-0.0323,0.0279,-0.0284,0
19244046,0.011,0.314,0.053,0.002,0.004,0.001,-50.615,-278.941,387.280,176.199,-7.178,-121.254,1,-0.0323,0.0279,-0.0284,0
19244125,0.021,0.322,0.018,0.002,0.004,0.002,-50.615,-278.941,387.280,176.199,-7.178,-121.254,1,-0.0323,0.0279,-0.0284,0
19244203,0.024,0.318,0.046,0.001,0.004,0.001,-50.615,-278.941,387.280,176.199,-7.178,-121.254,1,-0.0323,0.0279,-0.0284,0
19244312,0.031,0.319,0.065,0.002,0.004,0.000,-50.615,-278.941,387.280,176.199,-7.178,-121.254,1,-0.0323,0.0279,-0.0284,0
19244406,0.018,0.308,0.105,0.002,0.004,-0.001,-50.615,-278.941,387.280,176.199,-7.178,-121.254,1,-0.0323,0.0279,-0.0284,0
19244546,0.014,0.322,0.001,0.002,0.004,0.002,-50.615,-278.941,387.280,176.199,-7.178,-121.254,1,-0.0323,0.0279,-0.0284,0
19244593,0.010,0.320,-0.018,0.002,0.005,0.003,-50.615,-278.941,387.280,176.199,-7.178,-121.254,1,-0.0323,0.0279,-0.0284,0
19244640,0.016,0.324,0.040,0.002,0.004,0.001,-50.615,-278.941,387.280,176.199,-7.178,-121.254,1,-0.0323,0.0279,-0.0284,0
19244718,0.025,0.324,0.052,0.002,0.004,0.001,-50.615,-278.941,387.280,176.199,-7.178,-121.254,1,-0.0323,0.0279,-0.0284,0
19244859,0.026,0.315,0.021,0.002,0.004,0.001,-50.615,-278.941,387.280,176.199,-7.178,-121.254,1,-0.0323,0.0279,-0.0284,0
19244953,0.029,0.300,0.067,0.001,0.004,-0.000,-50.615,-278.941,387.280,176.199,-7.178,-121.254,1,-0.0323,0.0279,-0.0284,0
19245062,0.016,0.320,0.037,0.002,0.004,0.001,-50.615,-278.941,387.280,176.199,-7.178,-121.254,1,-0.0323,0.0279,-0.0284,0
19245140,0.043,0.316,0.064,0.002,0.004,0.001,-50.615,-278.941,387.280,176.199,-7.178,-121.254,1,-0.0323,0.0279,-0.0284,0
19245234,0.025,0.306,0.054,0.001,0.004,0.001,-50.615,-278.941,387.280,176.199,-7.178,-121.254,1,-0.0323,0.0279,-0.0284,0
19245312,0.024,0.327,0.093,0.002,0.004,-0.000,-50.615,-278.941,387.280,176.199,-7.178,-121.254,1,-0.0323,0.0279,-0.0284,0
19245390,0.020,0.309,0.047,0.001,0.004,0.000,-50.615,-278.941,387.280,176.199,-7.178,-121.254,1,-0.0323,0.0279,-0.0284,0
19245500,0.017,0.316,0.039,0.002,0.004,0.001,-50.615,-278.941,387.280,176.199,-7.178,-121.254,1,-0.0323,0.0279,-0.0284,0
19245609,0.011,0.311,0.063,0.002,0.004,0.002,-50.615,-278.941,387.280,176.199,-7.178,-121.254,1,-0.0323,0.0279,-0.0284,0
19245750,0.020,0.310,0.046,0.002,0.004,0.001,-50.615,-278.941,387.280,176.199,-7.178,-121.254,1,-0.0323,0.0279,-0.0284,0
19245796,0.020,0.313,0.038,0.001,0.004,0.001,-50.615,-278.941,387.280,176.199,-7.178,-121.254,1,-0.0323,0.0279,-0.0284,0
19245843,0.009,0.300,0.058,0.002,0.005,0.001,-50.615,-278.941,387.280,176.199,-7.178,-121.254,1,-0.0323,0.0279,-0.0284,0
19245921,0.023,0.323,0.085,0.002,0.004,0.001,-50.615,-278.941,387.280,176.199,-7.178,-121.254,1,-0.0323,0.0279,-0.0284,0
19246062,0.023,0.306,0.070,0.001,0.004,0.000,-50.615,-278.941,387.280,176.199,-7.178,-121.254,1,-0.0323,0.0279,-0.0284,0
19246156,0.023,0.314,0.053,0.001,0.004,0.000,-50.615,-278.941,387.280,176.199,-7.178,-121.254,1,-0.0323,0.0279,-0.0284,0
19246265,0.002,0.329,0.052,0.002,0.005,0.001,-50.615,-278.941,387.280,176.199,-7.178,-121.254,1,-0.0323,0.0279,-0.0284,0
19246343,-0.021,0.324,0.041,0.003,0.005,0.002,-50.615,-278.941,387.280,176.199,-7.178,-121.254,1,-0.0323,0.0279,-0.0284,0
19246437,0.020,0.318,0.056,0.001,0.004,0.001,-50.615,-278.941,387.280,176.199,-7.178,-121.254,1,-0.0323,0.0279,-0.0284,0
19246515,-0.003,0.314,0.066,0.002,0.004,0.001,-50.615,-278.941,387.280,176.199,-7.178,-121.254,1,-0.0323,0.0279,-0.0284,0
19246593,-0.014,0.335,0.052,0.002,0.005,0.002,-50.615,-278.941,387.280,176.199,-7.178,-121.254,1,-0.0323,0.0279,-0.0284,0
19246703,0.017,0.327,0.067,0.002,0.004,0.001,-50.615,-278.941,387.280,176.199,-7.178,-121.254,1,-0.0323,0.0279,-0.0284,0
19246812,0.020,0.318,0.051,0.001,0.004,0.001,-50.615,-278.941,387.280,176.199,-7.178,-121.254,1,-0.0323,0.0279,-0.0284,0
19246953,0.011,0.332,0.032,0.002,0.004,0.002,-50.615,-278.941,387.280,176.199,-7.178,-121.254,1,-0.0323,0.0279,-0.0284,0
19247000,0.022,0.338,0.036,0.002,0.004,0.001,-50.615,-278.941,387.280,176.199,-7.178,-121.254,1,-0.0323,0.0279,-0.0284,0
19247046,0.003,0.325,0.031,0.002,0.004,0.002,-50.615,-278.941,387.280,176.199,-7.178,-121.254,1,-0.0323,0.0279,-0.0284,0
19247125,0.028,0.318,0.073,0.002,0.004,0.000,-50.615,-278.941,387.280,176.199,-7.178,-121.254,1,-0.0323,0.0279,-0.0284,0
19247265,0.004,0.319,0.040,0.002,0.004,0.002,-50.615,-278.941,387.280,176.199,-7.178,-121.254,1,-0.0323,0.0279,-0.0284,0
19247359,0.013,0.321,0.049,0.002,0.005,0.001,-50.615,-278.941,387.280,176.199,-7.178,-121.254,1,-0.0323,0.0279,-0.0284,0
19247468,0.029,0.308,0.097,0.002,0.004,-0.001,-50.615,-278.941,387.280,176.199,-7.178,-121.254,1,-0.0323,0.0279,-0.0284,0
19247546,0.015,0.323,0.054,0.002,0.004,0.001,-50.615,-278.941,387.280,176.199,-7.178,-121.254,1,-0.0323,0.0279,-0.0284,0
19247625,0.013,0.328,0.068,0.002,0.004,0.002,-50.615,-278.941,387.280,176.199,-7.178,-121.254,1,-0.0323,0.0279,-0.0284,0
19247703,0.022,0.318,0.064,0.002,0.004,0.001,-50.615,-278.941,387.280,176.199,-7.178,-121.254,1,-0.0323,0.0279,-0.0284,0
19247781,0.040,0.316,0.072,0.002,0.004,0.000,-50.615,-278.941,387.280,176.199,-7.178,-121.254,1,-0.0323,0.0279,-0.0284,0
19247890,0.041,0.322,0.070,0.002,0.004,0.000,-50.615,-278.941,387.280,176.199,-7.178,-121.254,1,-0.0323,0.0279,-0.0284,0
19248000,0.032,0.320,0.066,0.001,0.004,-0.000,-50.615,-278.941,387.280,176.199,-7.178,-121.254,1,-0.0323,0.0279,-0.0284,0
19248140,-0.008,0.353,0.023,0.003,0.005,0.003,-50.615,-278.941,387.280,176.199,-7.178,-121.254,1,-0.0323,0.0279,-0.0284,0
19248187,0.029,0.309,0.047,0.001,0.003,0.001,-50.615,-278.941,387.280,176.199,-7.178,-121.254,1,-0.0323,0.0279,-0.0284,0
19248234,0.032,0.306,0.054,0.001,0.003,0.000,-50.615,-278.941,387.280,176.199,-7.178,-121.254,1,-0.0323,0.0279,-0.0284,0
19248312,0.012,0.340,0.030,0.003,0.005,0.003,-50.615,-278.941,387.280,176.199,-7.178,-121.254,1,-0.0323,0.0279,-0.0284,0
19248453,0.023,0.328,0.040,0.002,0.004,0.001,-50.615,-278.941,387.280,176.199,-7.178,-121.254,1,-0.0323,0.0279,-0.0284,0
19248546,0.033,0.335,0.046,0.002,0.004,0.000,-50.615,-278.941,387.280,176.199,-7.178,-121.254,1,-0.0323,0.0279,-0.0284,0
19248593,0.013,0.338,0.005,0.003,0.004,0.003,-50.615,-278.941,387.280,176.199,-7.178,-121.254,1,-0.0323,0.0279,-0.0284,0
19248671,0.025,0.336,0.033,0.002,0.004,0.001,-50.615,-278.941,387.280,176.199,-7.178,-121.254,1,-0.0323,0.0279,-0.0284,0
19248750,0.029,0.317,0.063,0.002,0.004,-0.000,-50.615,-278.941,387.280,176.199,-7.178,-121.254,1,-0.0323,0.0279,-0.0284,0
19248828,0.022,0.311,0.025,0.001,0.004,-0.000,-50.615,-278.941,387.280,176.199,-7.178,-121.254,1,-0.0323,0.0279,-0.0284,0
19248921,0.024,0.322,0.052,0.002,0.004,0.001,-50.615,-278.941,387.280,176.199,-7.178,-121.254,1,-0.0323,0.0279,-0.0284,0
19249000,0.022,0.330,0.033,0.002,0.004,0.001,-50.615,-278.941,387.280,176.199,-7.178,-121.254,1,-0.0323,0.0279,-0.0284,0
19249109,0.026,0.334,0.024,0.003,0.004,0.002,-50.615,-278.941,387.280,176.199,-7.178,-121.254,1,-0.0323,0.0279,-0.0284,0
19249203,0.036,0.336,0.015,0.002,0.004,0.002,-50.615,-278.941,387.280,176.199,-7.178,-121.254,1,-0.0323,0.0279,-0.0284,0
19249343,0.021,0.335,0.023,0.002,0.004,0.002,-50.615,-278.941,387.280,176.199,-7.178,-121.254,1,-0.0323,0.0279,-0.0284,0
19249390,0.024,0.325,0.056,0.002,0.004,0.001,-50.615,-278.941,387.280,176.199,-7.178,-121.254,1,-0.0323,0.0279,-0.0284,0
19249437,0.030,0.319,0.084,0.001,0.004,-0.001,-50.615,-278.941,387.280,176.199,-7.178,-121.254,1,-0.0323,0.0279,-0.0284,0
19249515,0.021,0.320,0.002,0.002,0.004,0.002,-50.615,-278.941,387.280,176.199,-7.178,-121.254,1,-0.0323,0.0279,-0.0284,0
19249656,0.023,0.323,0.014,0.002,0.004,0.002,-50.615,-278.941,387.280,176.199,-7.178,-121.254,1,-0.0323,0.0279,-0.0284,0
19249750,0.034,0.307,0.077,0.001,0.004,0.000,-50.615,-278.941,387.280,176.199,-7.178,-121.254,1,-0.0323,0.0279,-0.0284,0
19249859,0.028,0.326,0.051,0.001,0.004,0.001,-50.615,-278.941,387.280,176.199,-7.178,-121.254,1,-0.0323,0.0279,-0.0284,0
19249937,0.031,0.311,0.086,0.001,0.004,-0.000,-50.615,-278.941,387.280,176.199,-7.178,-121.254,1,-0.0323,0.0279,-0.0284,0
19250031,0.021,0.315,0.084,0.001,0.004,-0.000,-50.615,-278.941,387.280,176.199,-7.178,-121.254,1,-0.0323,0.0279,-0.0284,0
19250109,0.024,0.348,0.017,0.003,0.004,0.002,-50.615,-278.941,387.280,176.199,-7.178,-121.254,1,-0.0323,0.0279,-0.0284,0
19250187,0.018,0.330,0.010,0.002,0.004,0.000,-50.615,-278.941,387.280,176.199,-7.178,-121.254,1,-0.0323,0.0279,-0.0284,0
19250296,0.020,0.333,0.019,0.001,0.004,0.001,-50.615,-278.941,387.280,176.199,-7.178,-121.254,1,-0.0323,0.0279,-0.0284,0
19250406,0.025,0.330,0.082,0.001,0.004,-0.000,-50.615,-278.941,387.280,176.199,-7.178,-121.254,1,-0.0323,0.0279,-0.0284,0
19250546,0.020,0.322,0.065,0.001,0.004,-0.000,-50.615,-278.941,387.280,176.199,-7.178,-121.254,1,-0.0323,0.0279,-0.0284,0
19250593,0.026,0.337,0.036,0.002,0.004,0.001,-50.615,-278.941,387.280,176.199,-7.178,-121.254,1,-0.0323,0.0279,-0.0284,0
19250640,0.018,0.339,0.041,0.002,0.004,0.001,-50.615,-278.941,387.280,176.199,-7.178,-121.254,1,-0.0323,0.0279,-0.0284,0
19250718,0.024,0.341,0.049,0.002,0.004,0.000,-50.615,-278.941,387.280,176.199,-7.178,-121.254,1,-0.0323,0.0279,-0.0284,0
19250859,0.022,0.338,0.061,0.002,0.004,0.001,-50.615,-278.941,387.280,176.199,-7.178,-121.254,1,-0.0323,0.0279,-0.0284,0
19250953,0.008,0.350,0.095,0.003,0.005,0.001,-50.615,-278.941,387.280,176.199,-7.178,-121.254,1,-0.0323,0.0279,-0.0284,0
19251062,0.024,0.336,0.033,0.002,0.004,0.001,-50.615,-278.941,387.280,176.199,-7.178,-121.254,1,-0.0323,0.0279,-0.0284,0
19251140,0.013,0.336,0.012,0.002,0.004,0.002,-50.615,-278.941,387.280,176.199,-7.178,-121.254,1,-0.0323,0.0279,-0.0284,0
19251234,0.022,0.319,0.066,0.002,0.005,-0.000,-50.615,-278.941,387.280,176.199,-7.178,-121.254,1,-0.0323,0.0279,-0.0284,0
19251312,0.004,0.334,0.062,0.002,0.005,0.000,-50.615,-278.941,387.280,176.199,-7.178,-121.254,1,-0.0323,0.0279,-0.0284,0
19251390,0.002,0.333,0.073,0.002,0.005,0.000,-50.615,-278.941,387.280,176.199,-7.178,-121.254,1,-0.0323,0.0279,-0.0284,0
19251500,0.011,0.334,0.044,0.002,0.004,0.001,-50.615,-278.941,387.280,176.199,-7.178,-121.254,1,-0.0323,0.0279,-0.0284,0
19251609,0.019,0.347,0.073,0.003,0.004,0.002,-50.615,-278.941,387.280,176.199,-7.178,-121.254,1,-0.0323,0.0279,-0.0284,0
19251750,0.015,0.337,0.068,0.002,0.004,0.001,-50.615,-278.941,387.280,176.199,-7.178,-121.254,1,-0.0323,0.0279,-0.0284,0
19251796,0.015,0.331,0.046,0.002,0.004,0.001,-50.615,-278.941,387.280,176.199,-7.178,-121.254,1,-0.0323,0.0279,-0.0284,0
19251906,0.009,0.334,0.054,0.002,0.005,0.001,-50.615,-278.941,387.280,176.199,-7.178,-121.254,1,-0.0323,0.0279,-0.0284,0
19252062,0.012,0.340,0.031,0.002,0.004,0.001,-50.615,-278.941,387.280,176.199,-7.178,-121.254,1,-0.0323,0.0279,-0.0284,0
19252140,0.007,0.339,0.055,0.002,0.004,0.001,-50.615,-278.941,387.280,176.199,-7.178,-121.254,1,-0.0323,0.0279,-0.0284,0
19252187,0.015,0.327,0.079,0.002,0.004,0.000,-50.615,-278.941,387.280,176.199,-7.178,-121.254,1,-0.0323,0.0279,-0.0284,0
19252265,0.007,0.346,0.026,0.003,0.004,0.002,-50.615,-278.941,387.280,176.199,-7.178,-121.254,1,-0.0323,0.0279,-0.0284,0
19252343,0.016,0.351,0.049,0.002,0.004,0.001,-50.615,-278.941,387.280,176.199,-7.178,-121.254,1,-0.0323,0.0279,-0.0284,0
19252421,0.016,0.359,0.049,0.003,0.004,0.001,-50.615,-278.941,387.280,176.199,-7.178,-121.254,1,-0.0323,0.0279,-0.0284,0
19252515,0.024,0.342,0.057,0.002,0.004,0.001,-50.615,-278.941,387.280,176.199,-7.178,-121.254,1,-0.0323,0.0279,-0.0284,0
19252593,0.008,0.343,0.044,0.002,0.004,0.001,-50.615,-278.941,387.280,176.199,-7.178,-121.254,1,-0.0323,0.0279,-0.0284,0
19252703,0.025,0.326,0.094,0.001,0.004,-0.001,-50.615,-278.941,387.280,176.199,-7.178,-121.254,1,-0.0323,0.0279,-0.0284,0
19252796,0.026,0.333,0.080,0.002,0.004,-0.000,-50.615,-278.941,387.280,176.199,-7.178,-121.254,1,-0.0323,0.0279,-0.0284,0
19252937,-0.010,0.359,0.056,0.003,0.005,0.002,-50.615,-278.941,387.280,176.199,-7.178,-121.254,1,-0.0323,0.0279,-0.0284,0
19252984,0.009,0.365,0.105,0.003,0.005,0.000,-50.615,-278.941,387.280,176.199,-7.178,-121.254,1,-0.0323,0.0279,-0.0284,0
19253031,0.007,0.373,0.099,0.003,0.005,0.001,-50.615,-278.941,387.280,176.199,-7.178,-121.254,1,-0.0323,0.0279,-0.0284,0
19253109,0.021,0.348,0.061,0.002,0.004,0.001,-50.615,-278.941,387.280,176.199,-7.178,-121.254,1,-0.0323,0.0279,-0.0284,0
19253250,0.015,0.355,0.010,0.002,0.004,0.002,-50.615,-278.941,387.280,176.199,-7.178,-121.254,1,-0.0323,0.0279,-0.0284,0
19253343,0.011,0.348,0.033,0.003,0.004,0.002,-50.615,-278.941,387.280,176.199,-7.178,-121.254,1,-0.0323,0.0279,-0.0284,0
19253453,0.027,0.343,0.050,0.003,0.004,0.001,-50.615,-278.941,387.280,176.199,-7.178,-121.254,1,-0.0323,0.0279,-0.0284,0
19253531,-0.010,0.334,0.039,0.003,0.005,0.002,-50.615,-278.941,387.280,176.199,-7.178,-121.254,1,-0.0323,0.0279,-0.0284,0
19253625,0.023,0.327,0.058,0.002,0.004,0.000,-50.615,-278.941,387.280,176.199,-7.178,-121.254,1,-0.0323,0.0279,-0.0284,0
19253703,0.017,0.339,0.047,0.003,0.004,0.001,-50.615,-278.941,387.280,176.199,-7.178,-121.254,1,-0.0323,0.0279,-0.0284,0
19253781,0.018,0.346,0.051,0.003,0.004,0.002,-50.615,-278.941,387.280,176.199,-7.178,-121.254,1,-0.0323,0.0279,-0.0284,0
19253890,0.030,0.342,0.041,0.002,0.004,0.001,-50.615,-278.941,387.280,176.199,-7.178,-121.254,1,-0.0323,0.0279,-0.0284,0
19254000,0.006,0.359,0.027,0.003,0.005,0.003,-50.615,-278.941,387.280,176.199,-7.178,-121.254,1,-0.0323,0.0279,-0.0284,0
19254140,0.027,0.344,0.044,0.003,0.004,0.001,-50.615,-278.941,387.280,176.199,-7.178,-121.254,1,-0.0323,0.0279,-0.0284,0
19254187,0.042,0.342,0.047,0.002,0.004,0.000,-50.615,-278.941,387.280,176.199,-7.178,-121.254,1,-0.0323,0.0279,-0.0284,0
19254312,0.006,0.353,0.067,0.003,0.005,0.001,-50.615,-278.941,387.280,176.199,-7.178,-121.254,1,-0.0323,0.0279,-0.0284,0
19254437,0.008,0.351,0.027,0.003,0.004,0.002,-50.615,-278.941,387.280,176.199,-7.178,-121.254,1,-0.0323,0.0279,-0.0284,0
19254531,0.039,0.327,0.073,0.001,0.004,-0.000,-50.615,-278.941,387.280,176.199,-7.178,-121.254,1,-0.0323,0.0279,-0.0284,0
19254640,0.046,0.329,0.101,0.002,0.004,-0.001,-50.615,-278.941,387.280,176.199,-7.178,-121.254,1,-0.0323,0.0279,-0.0284,0
19254718,0.025,0.349,0.046,0.003,0.004,0.001,-50.615,-278.941,387.280,176.199,-7.178,-121.254,1,-0.0323,0.0279,-0.0284,0
19254812,0.030,0.351,0.064,0.002,0.004,0.000,-50.615,-278.941,387.280,176.199,-7.178,-121.254,1,-0.0323,0.0279,-0.0284,0
19254890,0.021,0.363,0.035,0.003,0.004,0.002,-50.615,-278.941,387.280,176.199,-7.178,-121.254,1,-0.0323,0.0279,-0.0284,0
19254968,0.037,0.362,0.058,0.002,0.004,0.000,-50.615,-278.941,387.280,176.199,-7.178,-121.254,1,-0.0323,0.0279,-0.0284,0
19255078,0.034,0.348,0.074,0.002,0.004,-0.000,-50.615,-278.941,387.280,176.199,-7.178,-121.254,1,-0.0323,0.0279,-0.0284,0
19255187,0.028,0.346,0.023,0.002,0.005,0.001,-50.615,-278.941,387.280,176.199,-7.178,-121.254,1,-0.0323,0.0279,-0.0284,0
19255328,0.022,0.342,0.087,0.002,0.004,-0.000,-50.615,-278.941,387.280,176.199,-7.178,-121.254,1,-0.0323,0.0279,-0.0284,0
19255375,0.019,0.350,0.043,0.002,0.004,0.001,-50.615,-278.941,387.280,176.199,-7.178,-121.254,1,-0.0323,0.0279,-0.0284,0
19255421,0.033,0.348,0.028,0.002,0.004,0.002,-50.615,-278.941,387.280,176.199,-7.178,-121.254,1,-0.0323,0.0279,-0.0284,0
19255500,0.030,0.336,0.059,0.002,0.004,0.001,-50.615,-278.941,387.280,176.199,-7.178,-121.254,1,-0.0323,0.0279,-0.0284,0
19255640,0.023,0.354,0.038,0.002,0.004,0.001,-50.615,-278.941,387.280,176.199,-7.178,-121.254,1,-0.0323,0.0279,-0.0284,0
19255734,0.025,0.347,0.052,0.002,0.004,0.000,-50.615,-278.941,387.280,176.199,-7.178,-121.254,1,-0.0323,0.0279,-0.0284,0
19255843,0.034,0.338,0.076,0.002,0.004,-0.001,-50.615,-278.941,387.280,176.199,-7.178,-121.254,1,-0.0323,0.0279,-0.0284,0
19255921,0.024,0.340,0.037,0.002,0.004,0.001,-50.615,-278.941,387.280,176.199,-7.178,-121.254,1,-0.0323,0.0279,-0.0284,0
19256015,0.031,0.339,0.042,0.002,0.004,0.001,-50.615,-278.941,387.280,176.199,-7.178,-121.254,1,-0.0323,0.0279,-0.0284,0
19256093,0.026,0.349,0.029,0.002,0.004,0.002,-50.615,-278.941,387.280,176.199,-7.178,-121.254,1,-0.0323,0.0279,-0.0284,0
19256171,0.015,0.351,0.045,0.002,0.004,0.001,-50.615,-278.941,387.280,176.199,-7.178,-121.254,1,-0.0323,0.0279,-0.0284,0
19256281,0.016,0.354,0.026,0.003,0.004,0.002,-50.615,-278.941,387.280,176.199,-7.178,-121.254,1,-0.0323,0.0279,-0.0284,0
19256390,0.023,0.372,0.014,0.002,0.004,0.002,-50.615,-278.941,387.280,176.199,-7.178,-121.254,1,-0.0323,0.0279,-0.0284,0
19256531,0.018,0.345,0.064,0.002,0.004,0.001,-50.615,-278.941,387.280,176.199,-7.178,-121.254,1,-0.0323,0.0279,-0.0284,0
19256578,0.016,0.352,0.052,0.002,0.004,0.001,-50.615,-278.941,387.280,176.199,-7.178,-121.254,1,-0.0323,0.0279,-0.0284,0
19256625,0.025,0.344,0.064,0.002,0.004,0.000,-50.615,-278.941,387.280,176.199,-7.178,-121.254,1,-0.0323,0.0279,-0.0284,0
19256703,0.015,0.347,0.069,0.002,0.004,-0.000,-50.615,-278.941,387.280,176.199,-7.178,-121.254,1,-0.0323,0.0279,-0.0284,0
19256843,0.017,0.357,0.022,0.002,0.004,0.002,-50.615,-278.941,387.280,176.199,-7.178,-121.254,1,-0.0323,0.0279,-0.0284,0
19256937,0.008,0.351,0.064,0.002,0.005,0.001,-50.615,-278.941,387.280,176.199,-7.178,-121.254,1,-0.0323,0.0279,-0.0284,0
19257046,0.008,0.341,0.073,0.002,0.004,0.000,-50.615,-278.941,387.280,176.199,-7.178,-121.254,1,-0.0323,0.0279,-0.0284,0
19257125,0.003,0.346,0.047,0.002,0.005,0.001,-50.615,-278.941,387.280,176.199,-7.178,-121.254,1,-0.0323,0.0279,-0.0284,0
19257218,0.009,0.356,0.057,0.002,0.004,0.001,-50.615,-278.941,387.280,176.199,-7.178,-121.254,1,-0.0323,0.0279,-0.0284,0
19257296,0.016,0.355,0.095,0.002,0.004,-0.000,-50.615,-278.941,387.280,176.199,-7.178,-121.254,1,-0.0323,0.0279,-0.0284,0
19257359,0.024,0.329,0.091,0.001,0.004,-0.002,-50.615,-278.941,387.280,176.199,-7.178,-121.254,1,-0.0323,0.0279,-0.0284,0
19257468,-0.001,0.347,0.059,0.002,0.005,0.001,-50.615,-278.941,387.280,176.199,-7.178,-121.254,1,-0.0323,0.0279,-0.0284,0
19257578,-0.011,0.347,0.086,0.002,0.005,0.000,-50.615,-278.941,387.280,176.199,-7.178,-121.254,1,-0.0323,0.0279,-0.0284,0
19257718,-0.002,0.321,0.082,0.002,0.005,0.000,-50.615,-278.941,387.280,176.199,-7.178,-121.254,1,-0.0323,0.0279,-0.0284,0
19257765,0.006,0.352,0.027,0.002,0.005,0.002,-50.615,-278.941,387.280,176.199,-7.178,-121.254,1,-0.0323,0.0279,-0.0284,0
19257812,0.004,0.355,0.037,0.002,0.004,0.002,-50.615,-278.941,387.280,176.199,-7.178,-121.254,1,-0.0323,0.0279,-0.0284,0
19257890,0.016,0.345,0.063,0.002,0.004,0.001,-50.615,-278.941,387.280,176.199,-7.178,-121.254,1,-0.0323,0.0279,-0.0284,0
19258031,0.013,0.341,0.100,0.002,0.004,-0.000,-50.615,-278.941,387.280,176.199,-7.178,-121.254,1,-0.0323,0.0279,-0.0284,0
19258125,-0.002,0.347,0.058,0.002,0.005,0.001,-50.615,-278.941,387.280,176.199,-7.178,-121.254,1,-0.0323,0.0279,-0.0284,0
19258234,0.008,0.343,0.054,0.002,0.005,0.001,-50.615,-278.941,387.280,176.199,-7.178,-121.254,1,-0.0323,0.0279,-0.0284,0
19258312,0.011,0.345,0.052,0.002,0.004,0.001,-50.615,-278.941,387.280,176.199,-7.178,-121.254,1,-0.0323,0.0279,-0.0284,0
19258406,0.001,0.343,0.044,0.002,0.005,0.001,-50.615,-278.941,387.280,176.199,-7.178,-121.254,1,-0.0323,0.0279,-0.0284,0
19258484,-0.010,0.338,0.072,0.003,0.005,0.000,-50.615,-278.941,387.280,176.199,-7.178,-121.254,1,-0.0323,0.0279,-0.0284,0
19258562,0.008,0.354,0.043,0.003,0.004,0.002,-50.615,-278.941,387.280,176.199,-7.178,-121.254,1,-0.0323,0.0279,-0.0284,0
19258671,0.003,0.368,0.065,0.003,0.004,0.002,-50.615,-278.941,387.280,176.199,-7.178,-121.254,1,-0.0323,0.0279,-0.0284,0
19258781,-0.001,0.362,0.065,0.003,0.004,0.001,-50.615,-278.941,387.280,176.199,-7.178,-121.254,1,-0.0323,0.0279,-0.0284,0
19258921,-0.017,0.365,0.035,0.003,0.006,0.002,-50.615,-278.941,387.280,176.199,-7.178,-121.254,1,-0.0323,0.0279,-0.0284,0
19258968,-0.010,0.358,0.057,0.003,0.005,0.001,-50.615,-278.941,387.280,176.199,-7.178,-121.254,1,-0.0323,0.0279,-0.0284,0
19259015,-0.016,0.351,0.059,0.003,0.006,0.001,-50.615,-278.941,387.280,176.199,-7.178,-121.254,1,-0.0323,0.0279,-0.0284,0
19259093,0.028,0.344,0.053,0.002,0.004,0.001,-50.615,-278.941,387.280,176.199,-7.178,-121.254,1,-0.0323,0.0279,-0.0284,0
19259234,-0.001,0.335,0.047,0.002,0.005,0.001,-50.615,-278.941,387.280,176.199,-7.178,-121.254,1,-0.0323,0.0279,-0.0284,0
19259328,0.005,0.354,0.062,0.003,0.004,0.002,-50.615,-278.941,387.280,176.199,-7.178,-121.254,1,-0.0323,0.0279,-0.0284,0
19259437,0.008,0.353,0.030,0.003,0.005,0.002,-50.615,-278.941,387.280,176.199,-7.178,-121.254,1,-0.0323,0.0279,-0.0284,0
19259515,0.010,0.349,0.057,0.003,0.005,0.001,-50.615,-278.941,387.280,176.199,-7.178,-121.254,1,-0.0323,0.0279,-0.0284,0
19259609,0.018,0.354,0.020,0.002,0.004,0.002,-50.615,-278.941,387.280,176.199,-7.178,-121.254,1,-0.0323,0.0279,-0.0284,0
19259687,0.016,0.340,0.078,0.002,0.004,-0.000,-50.615,-278.941,387.280,176.199,-7.178,-121.254,1,-0.0323,0.0279,-0.0284,0
19259765,-0.005,0.340,0.055,0.003,0.005,0.002,-50.615,-278.941,387.280,176.199,-7.178,-121.254,1,-0.0323,0.0279,-0.0284,0
19259859,0.024,0.347,0.060,0.002,0.004,0.001,-50.615,-278.941,387.280,176.199,-7.178,-121.254,1,-0.0323,0.0279,-0.0284,0
19259984,0.019,0.340,0.058,0.002,0.004,0.001,-50.615,-278.941,387.280,176.199,-7.178,-121.254,1,-0.0323,0.0279,-0.0284,0
19260125,-0.009,0.366,0.004,0.004,0.005,0.003,-50.615,-278.941,387.280,176.199,-7.178,-121.254,1,-0.0323,0.0279,-0.0284,0
19260171,-0.000,0.354,0.037,0.003,0.005,0.003,-50.615,-278.941,387.280,176.199,-7.178,-121.254,1,-0.0323,0.0279,-0.0284,0
19260218,0.012,0.348,0.047,0.003,0.004,0.002,-50.615,-278.941,387.280,176.199,-7.178,-121.254,1,-0.0323,0.0279,-0.0284,0
19260296,0.022,0.338,0.059,0.002,0.004,0.000,-50.615,-278.941,387.280,176.199,-7.178,-121.254,1,-0.0323,0.0279,-0.0284,0
19260437,0.028,0.339,0.034,0.002,0.004,0.001,-50.615,-278.941,387.280,176.199,-7.178,-121.254,1,-0.0323,0.0279,-0.0284,0
19260531,0.019,0.353,0.024,0.002,0.004,0.003,-50.615,-278.941,387.280,176.199,-7.178,-121.254,1,-0.0323,0.0279,-0.0284,0
19260640,0.035,0.326,0.067,0.001,0.004,0.000,-50.615,-278.941,387.280,176.199,-7.178,-121.254,1,-0.0323,0.0279,-0.0284,0
19260718,0.006,0.345,0.020,0.003,0.004,0.002,-50.615,-278.941,387.280,176.199,-7.178,-121.254,1,-0.0323,0.0279,-0.0284,0
19260812,0.023,0.342,0.037,0.002,0.004,0.000,-50.615,-278.941,387.280,176.199,-7.178,-121.254,1,-0.0323,0.0279,-0.0284,0
19260890,0.018,0.342,0.029,0.002,0.004,0.001,-50.615,-278.941,387.280,176.199,-7.178,-121.254,1,-0.0323,0.0279,-0.0284,0
19260968,0.036,0.329,0.070,0.001,0.004,-0.001,-50.615,-278.941,387.280,176.199,-7.178,-121.254,1,-0.0323,0.0279,-0.0284,0
19261062,0.024,0.344,0.038,0.003,0.004,0.002,-50.615,-278.941,387.280,176.199,-7.178,-121.254,1,-0.0323,0.0279,-0.0284,0
19261109,0.023,0.346,0.030,0.002,0.004,0.002,-50.615,-278.941,387.280,176.199,-7.178,-121.254,1,-0.0323,0.0279,-0.0284,0
19261187,0.019,0.343,0.021,0.002,0.004,0.002,-50.615,-278.941,387.280,176.199,-7.178,-121.254,1,-0.0323,0.0279,-0.0284,0
19261328,0.040,0.351,0.054,0.003,0.004,0.001,-50.615,-278.941,387.280,176.199,-7.178,-121.254,1,-0.0323,0.0279,-0.0284,0
19261375,0.027,0.341,0.020,0.002,0.005,0.002,-50.615,-278.941,387.280,176.199,-7.178,-121.254,1,-0.0323,0.0279,-0.0284,0
19261421,0.025,0.311,0.000,0.002,0.005,0.001,-50.615,-278.941,387.280,176.199,-7.178,-121.254,1,-0.0323,0.0279,-0.0284,0
19261500,0.023,0.318,0.043,0.002,0.004,0.001,-50.615,-278.941,387.280,176.199,-7.178,-121.254,1,-0.0323,0.0279,-0.0284,0
19261625,0.022,0.335,0.015,0.002,0.004,0.002,-50.615,-278.941,387.280,176.199,-7.178,-121.254,1,-0.0323,0.0279,-0.0284,0
19261718,0.039,0.322,0.066,0.001,0.004,-0.001,-50.615,-278.941,387.280,176.199,-7.178,-121.254,1,-0.0323,0.0279,-0.0284,0
19261765,0.032,0.329,0.067,0.002,0.004,0.000,-50.615,-278.941,387.280,176.199,-7.178,-121.254,1,-0.0323,0.0279,-0.0284,0
19261843,0.034,0.326,0.060,0.002,0.004,0.000,-50.615,-278.941,387.280,176.199,-7.178,-121.254,1,-0.0323,0.0279,-0.0284,0
19261921,0.025,0.341,0.029,0.002,0.004,0.001,-50.615,-278.941,387.280,176.199,-7.178,-121.254,1,-0.0323,0.0279,-0.0284,0
19262000,0.040,0.337,0.054,0.001,0.004,0.001,-50.615,-278.941,387.280,176.199,-7.178,-121.254,1,-0.0323,0.0279,-0.0284,0
19262093,0.049,0.339,0.063,0.002,0.004,0.001,-50.615,-278.941,387.280,176.199,-7.178,-121.254,1,-0.0323,0.0279,-0.0284,0
19262171,0.030,0.319,0.064,0.002,0.004,0.000,-50.615,-278.941,387.280,176.199,-7.178,-121.254,1,-0.0323,0.0279,-0.0284,0
19262281,0.015,0.334,0.011,0.002,0.004,0.002,-50.615,-278.941,387.280,176.199,-7.178,-121.254,1,-0.0323,0.0279,-0.0284,0
19262375,0.021,0.333,0.033,0.002,0.004,0.000,-50.615,-278.941,387.280,176.199,-7.178,-121.254,1,-0.0323,0.0279,-0.0284,0
19262515,0.037,0.340,0.073,0.003,0.004,0.000,-50.615,-278.941,387.280,176.199,-7.178,-121.254,1,-0.0323,0.0279,-0.0284,0
19262562,0.031,0.350,0.022,0.002,0.004,0.002,-50.615,-278.941,387.280,176.199,-7.178,-121.254,1,-0.0323,0.0279,-0.0284,0
19262609,0.024,0.327,0.068,0.002,0.004,0.000,-50.615,-278.941,387.280,176.199,-7.178,-121.254,1,-0.0323,0.0279,-0.0284,0
19262687,0.032,0.341,0.039,0.002,0.004,0.001,-50.615,-278.941,387.280,176.199,-7.178,-121.254,1,-0.0323,0.0279,-0.0284,0
19262828,0.031,0.339,0.037,0.003,0.004,0.001,-50.615,-278.941,387.280,176.199,-7.178,-121.254,1,-0.0323,0.0279,-0.0284,0
19262921,0.035,0.320,0.087,0.002,0.004,-0.001,-50.615,-278.941,387.280,176.199,-7.178,-121.254,1,-0.0323,0.0279,-0.0284,0
19263031,0.027,0.327,0.056,0.002,0.004,0.001,-50.615,-278.941,387.280,176.199,-7.178,-121.254,1,-0.0323,0.0279,-0.0284,0
19263109,0.033,0.329,0.056,0.002,0.004,0.000,-50.615,-278.941,387.280,176.199,-7.178,-121.254,1,-0.0323,0.0279,-0.0284,0
19263203,0.026,0.321,0.080,0.001,0.004,-0.000,-50.615,-278.941,387.280,176.199,-7.178,-121.254,1,-0.0323,0.0279,-0.0284,0
19263281,0.033,0.330,0.036,0.001,0.004,0.001,-50.615,-278.941,387.280,176.199,-7.178,-121.254,1,-0.0323,0.0279,-0.0284,0
19263359,0.030,0.334,0.004,0.002,0.004,0.002,-50.615,-278.941,387.280,176.199,-7.178,-121.254,1,-0.0323,0.0279,-0.0284,0
19263468,0.021,0.331,0.048,0.002,0.004,0.001,-50.615,-278.941,387.280,176.199,-7.178,-121.254,1,-0.0323,0.0279,-0.0284,0
19263578,0.039,0.320,0.080,0.001,0.004,-0.001,-50.615,-278.941,387.280,176.199,-7.178,-121.254,1,-0.0323,0.0279,-0.0284,0
19263718,0.028,0.318,0.025,0.002,0.004,0.002,-50.615,-278.941,387.280,176.199,-7.178,-121.254,1,-0.0323,0.0279,-0.0284,0
19263765,0.026,0.324,0.047,0.001,0.004,0.001,-50.615,-278.941,387.280,176.199,-7.178,-121.254,1,-0.0323,0.0279,-0.0284,0
19263812,0.014,0.336,0.096,0.002,0.004,-0.000,-50.615,-278.941,387.280,176.199,-7.178,-121.254,1,-0.0323,0.0279,-0.0284,0
19263890,0.029,0.312,0.081,0.002,0.004,-0.000,-50.615,-278.941,387.280,176.199,-7.178,-121.254,1,-0.0323,0.0279,-0.0284,0
19264031,0.018,0.331,0.031,0.002,0.004,0.002,-50.615,-278.941,387.280,176.199,-7.178,-121.254,1,-0.0323,0.0279,-0.0284,0
19264125,0.018,0.316,0.064,0.002,0.004,0.000,-50.615,-278.941,387.280,176.199,-7.178,-121.254,1,-0.0323,0.0279,-0.0284,0
19264234,0.025,0.318,0.055,0.002,0.004,0.001,-50.615,-278.941,387.280,176.199,-7.178,-121.254,1,-0.0323,0.0279,-0.0284,0
19264312,0.029,0.331,0.060,0.002,0.004,0.001,-50.615,-278.941,387.280,176.199,-7.178,-121.254,1,-0.0323,0.0279,-0.0284,0
19264406,0.019,0.335,0.045,0.002,0.004,0.002,-50.615,-278.941,387.280,176.199,-7.178,-121.254,1,-0.0323,0.0279,-0.0284,0
19264484,0.018,0.328,0.105,0.002,0.004,0.001,-50.615,-278.941,387.280,176.199,-7.178,-121.254,1,-0.0323,0.0279,-0.0284,0
19264562,0.013,0.332,0.083,0.002,0.005,0.000,-50.615,-278.941,387.280,176.199,-7.178,-121.254,1,-0.0323,0.0279,-0.0284,0
19264671,0.021,0.331,0.016,0.002,0.004,0.002,-50.615,-278.941,387.280,176.199,-7.178,-121.254,1,-0.0323,0.0279,-0.0284,0
19264781,0.017,0.319,0.051,0.002,0.004,0.001,-50.615,-278.941,387.280,176.199,-7.178,-121.254,1,-0.0323,0.0279,-0.0284,0
19264921,0.024,0.322,0.056,0.002,0.004,0.001,-50.615,-278.941,387.280,176.199,-7.178,-121.254,1,-0.0323,0.0279,-0.0284,0
19264968,0.036,0.317,0.072,0.001,0.004,-0.000,-50.615,-278.941,387.280,176.199,-7.178,-121.254,1,-0.0323,0.0279,-0.0284,0
19265015,0.037,0.317,0.088,0.001,0.004,-0.001,-50.615,-278.941,387.280,176.199,-7.178,-121.254,1,-0.0323,0.0279,-0.0284,0
19265093,0.026,0.332,0.049,0.002,0.004,0.001,-50.615,-278.941,387.280,176.199,-7.178,-121.254,1,-0.0323,0.0279,-0.0284,0
19265234,0.025,0.323,0.059,0.002,0.004,0.000,-50.615,-278.941,387.280,176.199,-7.178,-121.254,1,-0.0323,0.0279,-0.0284,0
19265328,0.037,0.317,0.057,0.001,0.004,0.001,-50.615,-278.941,387.280,176.199,-7.178,-121.254,1,-0.0323,0.0279,-0.0284,0
19265437,0.018,0.318,0.044,0.002,0.004,0.002,-50.615,-278.941,387.280,176.199,-7.178,-121.254,1,-0.0323,0.0279,-0.0284,0
19265515,0.011,0.307,0.066,0.002,0.004,0.001,-50.615,-278.941,387.280,176.199,-7.178,-121.254,1,-0.0323,0.0279,-0.0284,0
19265609,0.030,0.319,0.061,0.002,0.004,0.001,-50.615,-278.941,387.280,176.199,-7.178,-121.254,1,-0.0323,0.0279,-0.0284,0
19265687,0.024,0.318,0.049,0.001,0.004,0.001,-50.615,-278.941,387.280,176.199,-7.178,-121.254,1,-0.0323,0.0279,-0.0284,0
19265765,0.025,0.329,0.042,0.002,0.004,0.001,-50.615,-278.941,387.280,176.199,-7.178,-121.254,1,-0.0323,0.0279,-0.0284,0
19265875,0.021,0.334,0.078,0.002,0.004,0.001,-50.615,-278.941,387.280,176.199,-7.178,-121.254,1,-0.0323,0.0279,-0.0284,0
19265984,0.030,0.322,0.045,0.002,0.004,0.001,-50.615,-278.941,387.280,176.199,-7.178,-121.254,1,-0.0323,0.0279,-0.0284,0
19266125,0.020,0.326,0.056,0.002,0.004,0.001,-50.615,-278.941,387.280,176.199,-7.178,-121.254,1,-0.0323,0.0279,-0.0284,0
19266171,0.009,0.328,0.048,0.002,0.005,0.001,-50.615,-278.941,387.280,176.199,-7.178,-121.254,1,-0.0323,0.0279,-0.0284,0
19266218,-0.005,0.331,0.019,0.003,0.005,0.002,-50.615,-278.941,387.280,176.199,-7.178,-121.254,1,-0.0323,0.0279,-0.0284,0
19266296,0.016,0.325,0.042,0.003,0.004,0.001,-50.615,-278.941,387.280,176.199,-7.178,-121.254,1,-0.0323,0.0279,-0.0284,0
19266421,0.010,0.330,0.038,0.003,0.004,0.002,-50.615,-278.941,387.280,176.199,-7.178,-121.254,1,-0.0323,0.0279,-0.0284,0
19266515,0.016,0.343,0.062,0.002,0.004,0.002,-50.615,-278.941,387.280,176.199,-7.178,-121.254,1,-0.0323,0.0279,-0.0284,0
19266562,0.021,0.336,0.078,0.002,0.004,0.001,-50.615,-278.941,387.280,176.199,-7.178,-121.254,1,-0.0323,0.0279,-0.0284,0
19266640,0.006,0.349,0.040,0.003,0.005,0.002,-50.615,-278.941,387.280,176.199,-7.178,-121.254,1,-0.0323,0.0279,-0.0284,0
19266718,0.002,0.345,0.050,0.003,0.005,0.002,-50.615,-278.941,387.280,176.199,-7.178,-121.254,1,-0.0323,0.0279,-0.0284,0
19266796,0.005,0.345,0.051,0.002,0.005,0.001,-50.615,-278.941,387.280,176.199,-7.178,-121.254,1,-0.0323,0.0279,-0.0284,0
19266890,0.026,0.319,0.055,0.001,0.004,0.000,-50.615,-278.941,387.280,176.199,-7.178,-121.254,1,-0.0323,0.0279,-0.0284,0
19266968,0.020,0.321,0.064,0.002,0.004,0.001,-50.615,-278.941,387.280,176.199,-7.178,-121.254,1,-0.0323,0.0279,-0.0284,0
19267078,0.008,0.309,0.062,0.002,0.004,0.001,-50.615,-278.941,387.280,176.199,-7.178,-121.254,1,-0.0323,0.0279,-0.0284,0
19267171,0.021,0.332,0.049,0.003,0.005,0.002,-50.615,-278.941,387.280,176.199,-7.178,-121.254,1,-0.0323,0.0279,-0.0284,0
19267312,0.016,0.331,0.050,0.002,0.005,0.001,-50.615,-278.941,387.280,176.199,-7.178,-121.254,1,-0.0323,0.0279,-0.0284,0
19267359,0.023,0.326,0.088,0.002,0.004,0.001,-50.615,-278.941,387.280,176.199,-7.178,-121.254,1,-0.0323,0.0279,-0.0284,0
19267406,0.021,0.330,0.083,0.002,0.004,0.001,-50.615,-278.941,387.280,176.199,-7.178,-121.254,1,-0.0323,0.0279,-0.0284,0
19267484,0.023,0.327,0.067,0.002,0.004,0.001,-50.615,-278.941,387.280,176.199,-7.178,-121.254,1,-0.0323,0.0279,-0.0284,0
19267625,0.016,0.327,0.049,0.003,0.005,0.001,-50.615,-278.941,387.280,176.199,-7.178,-121.254,1,-0.0323,0.0279,-0.0284,0
19267718,-0.005,0.322,0.061,0.003,0.005,0.001,-50.615,-278.941,387.280,176.199,-7.178,-121.254,1,-0.0323,0.0279,-0.0284,0
19267828,0.022,0.317,0.068,0.002,0.004,0.001,-50.615,-278.941,387.280,176.199,-7.178,-121.254,1,-0.0323,0.0279,-0.0284,0
19267906,0.007,0.333,0.045,0.003,0.005,0.002,-50.615,-278.941,387.280,176.199,-7.178,-121.254,1,-0.0323,0.0279,-0.0284,0
19268000,0.020,0.322,0.056,0.002,0.004,0.001,-50.615,-278.941,387.280,176.199,-7.178,-121.254,1,-0.0323,0.0279,-0.0284,0
19268078,0.011,0.333,0.044,0.002,0.004,0.002,-50.615,-278.941,387.280,176.199,-7.178,-121.254,1,-0.0323,0.0279,-0.0284,0
19268156,0.038,0.315,0.076,0.001,0.004,-0.000,-50.615,-278.941,387.280,176.199,-7.178,-121.254,1,-0.0323,0.0279,-0.0284,0
19268265,0.018,0.345,0.046,0.003,0.005,0.002,-50.615,-278.941,387.280,176.199,-7.178,-121.254,1,-0.0323,0.0279,-0.0284,0
19268375,0.001,0.325,0.046,0.003,0.005,0.002,-50.615,-278.941,387.280,176.199,-7.178,-121.254,1,-0.0323,0.0279,-0.0284,0
19268515,0.024,0.332,0.053,0.002,0.004,0.001,-50.615,-278.941,387.280,176.199,-7.178,-121.254,1,-0.0323,0.0279,-0.0284,0
19268562,0.014,0.328,0.067,0.002,0.005,0.001,-50.615,-278.941,387.280,176.199,-7.178,-121.254,1,-0.0323,0.0279,-0.0284,0
19268609,0.008,0.323,0.045,0.002,0.005,0.002,-50.615,-278.941,387.280,176.199,-7.178,-121.254,1,-0.0323,0.0279,-0.0284,0
19268687,0.008,0.338,0.038,0.003,0.005,0.003,-50.615,-278.941,387.280,176.199,-7.178,-121.254,1,-0.0323,0.0279,-0.0284,0
19268812,0.026,0.325,0.046,0.002,0.004,0.001,-50.615,-278.941,387.280,176.199,-7.178,-121.254,1,-0.0323,0.0279,-0.0284,0
19268906,0.025,0.325,0.066,0.002,0.004,0.001,-50.615,-278.941,387.280,176.199,-7.178,-121.254,1,-0.0323,0.0279,-0.0284,0
19269015,0.041,0.318,0.112,0.002,0.004,-0.001,-50.615,-278.941,387.280,176.199,-7.178,-121.254,1,-0.0323,0.0279,-0.0284,0
19269109,0.036,0.330,0.061,0.002,0.004,0.000,-50.615,-278.941,387.280,176.199,-7.178,-121.254,1,-0.0323,0.0279,-0.0284,0
19269203,0.029,0.336,0.032,0.002,0.004,0.002,-50.615,-278.941,387.280,176.199,-7.178,-121.254,1,-0.0323,0.0279,-0.0284,0
19269281,0.017,0.343,0.024,0.003,0.004,0.002,-50.615,-278.941,387.280,176.199,-7.178,-121.254,1,-0.0323,0.0279,-0.0284,0
19269359,0.015,0.328,0.058,0.003,0.004,0.001,-50.615,-278.941,387.280,176.199,-7.178,-121.254,1,-0.0323,0.0279,-0.0284,0
19269468,0.032,0.318,0.061,0.002,0.004,0.000,-50.615,-278.941,387.280,176.199,-7.178,-121.254,1,-0.0323,0.0279,-0.0284,0
19269562,0.023,0.335,-0.030,0.002,0.004,0.003,-50.615,-278.941,387.280,176.199,-7.178,-121.254,1,-0.0323,0.0279,-0.0284,0
19269703,0.026,0.336,0.060,0.002,0.004,0.001,-50.615,-278.941,387.280,176.199,-7.178,-121.254,1,-0.0323,0.0279,-0.0284,0
19269750,0.030,0.318,0.071,0.001,0.004,0.001,-50.615,-278.941,387.280,176.199,-7.178,-121.254,1,-0.0323,0.0279,-0.0284,0
19269796,0.028,0.330,0.075,0.002,0.004,0.000,-50.615,-278.941,387.280,176.199,-7.178,-121.254,1,-0.0323,0.0279,-0.0284,0
19269875,0.019,0.345,0.051,0.002,0.004,0.001,-50.615,-278.941,387.280,176.199,-7.178,-121.254,1,-0.0323,0.0279,-0.0284,0
19270015,0.025,0.346,0.034,0.003,0.004,0.001,-50.615,-278.941,387.280,176.199,-7.178,-121.254,1,-0.0323,0.0279,-0.0284,0
19270109,0.015,0.328,0.076,0.002,0.004,-0.000,-50.615,-278.941,387.280,176.199,-7.178,-121.254,1,-0.0323,0.0279,-0.0284,0
19270156,0.018,0.333,0.063,0.002,0.004,0.000,-50.615,-278.941,387.280,176.199,-7.178,-121.254,1,-0.0323,0.0279,-0.0284,0
19270234,0.011,0.333,0.022,0.002,0.004,0.002,-50.615,-278.941,387.280,176.199,-7.178,-121.254,1,-0.0323,0.0279,-0.0284,0
19270296,0.014,0.337,0.004,0.002,0.004,0.002,-50.615,-278.941,387.280,176.199,-7.178,-121.254,1,-0.0323,0.0279,-0.0284,0
19270390,0.018,0.332,0.081,0.002,0.004,-0.000,-50.615,-278.941,387.280,176.199,-7.178,-121.254,1,-0.0323,0.0279,-0.0284,0
19270484,0.029,0.341,0.058,0.002,0.004,0.001,-50.615,-278.941,387.280,176.199,-7.178,-121.254,1,-0.0323,0.0279,-0.0284,0
19270562,0.021,0.338,0.063,0.003,0.004,0.001,-50.615,-278.941,387.280,176.199,-7.178,-121.254,1,-0.0323,0.0279,-0.0284,0
19270671,0.042,0.352,0.009,0.002,0.004,0.002,-50.615,-278.941,387.280,176.199,-7.178,-121.254,1,-0.0323,0.0279,-0.0284,0
19270765,0.020,0.319,0.061,0.002,0.004,0.000,-50.615,-278.941,387.280,176.199,-7.178,-121.254,1,-0.0323,0.0279,-0.0284,0
19270906,0.029,0.310,0.052,0.002,0.004,0.000,-50.615,-278.941,387.280,176.199,-7.178,-121.254,1,-0.0323,0.0279,-0.0284,0
19270953,0.020,0.324,0.026,0.002,0.004,0.002,-50.615,-278.941,387.280,176.199,-7.178,-121.254,1,-0.0323,0.0279,-0.0284,0
19271000,0.028,0.318,0.036,0.002,0.004,0.001,-50.615,-278.941,387.280,176.199,-7.178,-121.254,1,-0.0323,0.0279,-0.0284,0
19271078,0.028,0.328,0.048,0.002,0.004,0.001,-50.615,-278.941,387.280,176.199,-7.178,-121.254,1,-0.0323,0.0279,-0.0284,0
19271203,0.043,0.332,0.015,0.002,0.004,0.002,-50.615,-278.941,387.280,176.199,-7.178,-121.254,1,-0.0323,0.0279,-0.0284,0
19271296,0.029,0.328,0.071,0.001,0.004,-0.000,-50.615,-278.941,387.280,176.199,-7.178,-121.254,1,-0.0323,0.0279,-0.0284,0
19271406,0.033,0.351,0.066,0.002,0.004,0.000,-50.615,-278.941,387.280,176.199,-7.178,-121.254,1,-0.0323,0.0279,-0.0284,0
19271484,0.027,0.329,0.077,0.002,0.004,-0.000,-50.615,-278.941,387.280,176.199,-7.178,-121.254,1,-0.0323,0.0279,-0.0284,0
19271578,0.011,0.333,0.032,0.002,0.005,0.002,-50.615,-278.941,387.280,176.199,-7.178,-121.254,1,-0.0323,0.0279,-0.0284,0
19271656,0.012,0.341,0.056,0.003,0.005,0.001,-50.615,-278.941,387.280,176.199,-7.178,-121.254,1,-0.0323,0.0279,-0.0284,0
19271734,0.022,0.327,0.073,0.002,0.004,-0.000,-50.615,-278.941,387.280,176.199,-7.178,-121.254,1,-0.0323,0.0279,-0.0284,0
19271843,0.034,0.329,0.076,0.001,0.004,-0.001,-50.615,-278.941,387.280,176.199,-7.178,-121.254,1,-0.0323,0.0279,-0.0284,0
19271953,0.019,0.346,0.009,0.002,0.004,0.002,-50.615,-278.941,387.280,176.199,-7.178,-121.254,1,-0.0323,0.0279,-0.0284,0
19272093,0.015,0.326,0.075,0.002,0.004,0.000,-50.615,-278.941,387.280,176.199,-7.178,-121.254,1,-0.0323,0.0279,-0.0284,0
19272140,0.016,0.345,0.036,0.002,0.004,0.002,-50.615,-278.941,387.280,176.199,-7.178,-121.254,1,-0.0323,0.0279,-0.0284,0
19272187,0.017,0.332,0.035,0.002,0.004,0.001,-50.615,-278.941,387.280,176.199,-7.178,-121.254,1,-0.0323,0.0279,-0.0284,0
19272265,0.015,0.321,0.031,0.001,0.004,0.001,-50.615,-278.941,387.280,176.199,-7.178,-121.254,1,-0.0323,0.0279,-0.0284,0
19272406,0.022,0.322,0.065,0.002,0.004,-0.000,-50.615,-278.941,387.280,176.199,-7.178,-121.254,1,-0.0323,0.0279,-0.0284,0
19272500,0.021,0.319,0.039,0.001,0.004,0.001,-50.615,-278.941,387.280,176.199,-7.178,-121.254,1,-0.0323,0.0279,-0.0284,0
19272609,0.004,0.326,0.072,0.002,0.004,0.001,-50.615,-278.941,387.280,176.199,-7.178,-121.254,1,-0.0323,0.0279,-0.0284,0
19272687,0.011,0.322,0.091,0.002,0.004,-0.001,-50.615,-278.941,387.280,176.199,-7.178,-121.254,1,-0.0323,0.0279,-0.0284,0
19272781,0.024,0.332,0.063,0.002,0.004,0.001,-50.615,-278.941,387.280,176.199,-7.178,-121.254,1,-0.0323,0.0279,-0.0284,0
19272859,0.021,0.339,0.051,0.002,0.004,0.000,-50.615,-278.941,387.280,176.199,-7.178,-121.254,1,-0.0323,0.0279,-0.0284,0
19272937,0.016,0.322,0.086,0.002,0.004,-0.001,-50.615,-278.941,387.280,176.199,-7.178,-121.254,1,-0.0323,0.0279,-0.0284,0
19273046,0.004,0.338,0.018,0.002,0.004,0.002,-50.615,-278.941,387.280,176.199,-7.178,-121.254,1,-0.0323,0.0279,-0.0284,0
19273140,0.018,0.318,0.107,0.002,0.004,-0.001,-50.615,-278.941,387.280,176.199,-7.178,-121.254,1,-0.0323,0.0279,-0.0284,0
19273281,0.015,0.318,0.102,0.001,0.004,-0.001,-50.615,-278.941,387.280,176.199,-7.178,-121.254,1,-0.0323,0.0279,-0.0284,0
19273328,0.017,0.338,0.058,0.002,0.004,0.000,-50.615,-278.941,387.280,176.199,-7.178,-121.254,1,-0.0323,0.0279,-0.0284,0
19273375,0.015,0.341,0.041,0.002,0.004,0.001,-50.615,-278.941,387.280,176.199,-7.178,-121.254,1,-0.0323,0.0279,-0.0284,0
19273453,0.027,0.332,0.088,0.001,0.004,-0.001,-50.615,-278.941,387.280,176.199,-7.178,-121.254,1,-0.0323,0.0279,-0.0284,0
19273593,0.018,0.346,0.049,0.002,0.004,0.001,-50.615,-278.941,387.280,176.199,-7.178,-121.254,1,-0.0323,0.0279,-0.0284,0
19273687,0.014,0.331,0.057,0.001,0.004,-0.000,-50.615,-278.941,387.280,176.199,-7.178,-121.254,1,-0.0323,0.0279,-0.0284,0
19273796,0.016,0.328,0.068,0.002,0.004,0.000,-50.615,-278.941,387.280,176.199,-7.178,-121.254,1,-0.0323,0.0279,-0.0284,0
19273875,0.017,0.329,0.047,0.002,0.004,0.001,-50.615,-278.941,387.280,176.199,-7.178,-121.254,1,-0.0323,0.0279,-0.0284,0
19273968,0.022,0.322,0.062,0.001,0.004,0.001,-50.615,-278.941,387.280,176.199,-7.178,-121.254,1,-0.0323,0.0279,-0.0284,0
19274046,0.006,0.331,0.037,0.002,0.004,0.001,-50.615,-278.941,387.280,176.199,-7.178,-121.254,1,-0.0323,0.0279,-0.0284,0
19274125,0.011,0.333,0.030,0.002,0.004,0.002,-50.615,-278.941,387.280,176.199,-7.178,-121.254,1,-0.0323,0.0279,-0.0284,0
19274234,0.031,0.325,0.050,0.001,0.004,0.001,-50.615,-278.941,387.280,176.199,-7.178,-121.254,1,-0.0323,0.0279,-0.0284,0
19274343,0.016,0.317,0.050,0.002,0.004,0.001,-50.615,-278.941,387.280,176.199,-7.178,-121.254,1,-0.0323,0.0279,-0.0284,0
19274484,0.013,0.322,0.085,0.002,0.004,0.000,-50.615,-278.941,387.280,176.199,-7.178,-121.254,1,-0.0323,0.0279,-0.0284,0
19274531,0.008,0.327,0.038,0.001,0.004,0.001,-50.615,-278.941,387.280,176.199,-7.178,-121.254,1,-0.0323,0.0279,-0.0284,0
19274578,0.010,0.334,0.026,0.001,0.004,0.001,-50.615,-278.941,387.280,176.199,-7.178,-121.254,1,-0.0323,0.0279,-0.0284,0
19274656,0.009,0.326,0.063,0.001,0.004,-0.000,-50.615,-278.941,387.280,176.199,-7.178,-121.254,1,-0.0323,0.0279,-0.0284,0
19274796,0.005,0.314,0.097,0.002,0.004,0.000,-50.615,-278.941,387.280,176.199,-7.178,-121.254,1,-0.0323,0.0279,-0.0284,0
19274890,0.003,0.324,0.069,0.002,0.005,-0.000,-50.615,-278.941,387.280,176.199,-7.178,-121.254,1,-0.0323,0.0279,-0.0284,0
19275000,0.007,0.337,0.029,0.002,0.004,0.002,-50.615,-278.941,387.280,176.199,-7.178,-121.254,1,-0.0323,0.0279,-0.0284,0
19275078,0.006,0.341,0.038,0.002,0.004,0.002,-50.615,-278.941,387.280,176.199,-7.178,-121.254,1,-0.0323,0.0279,-0.0284,0
19275171,0.015,0.332,0.055,0.002,0.004,0.000,-50.615,-278.941,387.280,176.199,-7.178,-121.254,1,-0.0323,0.0279,-0.0284,0
19275250,0.009,0.330,0.053,0.002,0.005,0.001,-50.615,-278.941,387.280,176.199,-7.178,-121.254,1,-0.0323,0.0279,-0.0284,0
19275328,0.014,0.339,0.015,0.002,0.005,0.001,-50.615,-278.941,387.280,176.199,-7.178,-121.254,1,-0.0323,0.0279,-0.0284,0
19275437,0.004,0.334,0.065,0.002,0.005,0.001,-50.615,-278.941,387.280,176.199,-7.178,-121.254,1,-0.0323,0.0279,-0.0284,0
19275546,0.010,0.332,0.051,0.002,0.004,0.001,-50.615,-278.941,387.280,176.199,-7.178,-121.254,1,-0.0323,0.0279,-0.0284,0
19275687,0.001,0.329,0.100,0.002,0.004,-0.000,-50.615,-278.941,387.280,176.199,-7.178,-121.254,1,-0.0323,0.0279,-0.0284,0
19275734,0.001,0.333,0.054,0.002,0.004,0.001,-50.615,-278.941,387.280,176.199,-7.178,-121.254,1,-0.0323,0.0279,-0.0284,0
19275781,0.009,0.345,0.071,0.002,0.004,0.001,-50.615,-278.941,387.280,176.199,-7.178,-121.254,1,-0.0323,0.0279,-0.0284,0
19275859,0.010,0.341,0.049,0.002,0.004,0.001,-50.615,-278.941,387.280,176.199,-7.178,-121.254,1,-0.0323,0.0279,-0.0284,0
19275984,0.015,0.329,0.056,0.002,0.004,0.001,-50.615,-278.941,387.280,176.199,-7.178,-121.254,1,-0.0323,0.0279,-0.0284,0
19276078,0.009,0.333,0.045,0.002,0.004,0.001,-50.615,-278.941,387.280,176.199,-7.178,-121.254,1,-0.0323,0.0279,-0.0284,0
19276187,0.005,0.323,0.072,0.002,0.004,0.001,-50.615,-278.941,387.280,176.199,-7.178,-121.254,1,-0.0323,0.0279,-0.0284,0
19276265,0.014,0.334,0.066,0.002,0.004,0.000,-50.615,-278.941,387.280,176.199,-7.178,-121.254,1,-0.0323,0.0279,-0.0284,0
19276359,0.010,0.334,0.067,0.002,0.004,0.000,-50.615,-278.941,387.280,176.199,-7.178,-121.254,1,-0.0323,0.0279,-0.0284,0
19276437,0.014,0.351,0.070,0.002,0.005,0.001,-50.615,-278.941,387.280,176.199,-7.178,-121.254,1,-0.0323,0.0279,-0.0284,0
19276515,0.007,0.345,0.070,0.002,0.005,0.000,-50.615,-278.941,387.280,176.199,-7.178,-121.254,1,-0.0323,0.0279,-0.0284,0
19276625,0.003,0.340,0.016,0.002,0.004,0.002,-50.615,-278.941,387.280,176.199,-7.178,-121.254,1,-0.0323,0.0279,-0.0284,0
19276734,0.005,0.334,0.081,0.002,0.004,-0.000,-50.615,-278.941,387.280,176.199,-7.178,-121.254,1,-0.0323,0.0279,-0.0284,0
19276875,0.017,0.328,0.079,0.001,0.004,-0.001,-50.615,-278.941,387.280,176.199,-7.178,-121.254,1,-0.0323,0.0279,-0.0284,0
19276921,0.013,0.330,0.061,0.002,0.004,0.000,-50.615,-278.941,387.280,176.199,-7.178,-121.254,1,-0.0323,0.0279,-0.0284,0
19276968,0.020,0.340,0.023,0.002,0.004,0.002,-50.615,-278.941,387.280,176.199,-7.178,-121.254,1,-0.0323,0.0279,-0.0284,0
19277046,-0.000,0.336,0.064,0.002,0.005,0.001,-50.615,-278.941,387.280,176.199,-7.178,-121.254,1,-0.0323,0.0279,-0.0284,0
19277187,0.011,0.355,0.085,0.002,0.004,0.000,-50.615,-278.941,387.280,176.199,-7.178,-121.254,1,-0.0323,0.0279,-0.0284,0
19277281,0.014,0.335,0.012,0.002,0.004,0.002,-50.615,-278.941,387.280,176.199,-7.178,-121.254,1,-0.0323,0.0279,-0.0284,0
19277390,0.011,0.335,0.052,0.002,0.004,0.001,-50.615,-278.941,387.280,176.199,-7.178,-121.254,1,-0.0323,0.0279,-0.0284,0
19277468,-0.003,0.342,0.051,0.002,0.005,0.001,-50.615,-278.941,387.280,176.199,-7.178,-121.254,1,-0.0323,0.0279,-0.0284,0
19277562,0.018,0.341,0.044,0.002,0.004,0.001,-50.615,-278.941,387.280,176.199,-7.178,-121.254,1,-0.0323,0.0279,-0.0284,0
19277640,0.008,0.320,0.092,0.002,0.004,0.000,-50.615,-278.941,387.280,176.199,-7.178,-121.254,1,-0.0323,0.0279,-0.0284,0
19277718,0.032,0.342,0.075,0.001,0.004,-0.000,-50.615,-278.941,387.280,176.199,-7.178,-121.254,1,-0.0323,0.0279,-0.0284,0
19277828,0.009,0.331,0.089,0.002,0.004,0.001,-50.615,-278.941,387.280,176.199,-7.178,-121.254,1,-0.0323,0.0279,-0.0284,0
19277937,0.019,0.337,0.064,0.002,0.005,0.000,-50.615,-278.941,387.280,176.199,-7.178,-121.254,1,-0.0323,0.0279,-0.0284,0
19278078,0.023,0.330,0.096,0.002,0.004,-0.001,-50.615,-278.941,387.280,176.199,-7.178,-121.254,1,-0.0323,0.0279,-0.0284,0
19278125,0.015,0.337,0.074,0.002,0.004,0.000,-50.615,-278.941,387.280,176.199,-7.178,-121.254,1,-0.0323,0.0279,-0.0284,0
19278171,0.008,0.343,0.039,0.002,0.004,0.001,-50.615,-278.941,387.280,176.199,-7.178,-121.254,1,-0.0323,0.0279,-0.0284,0
19278250,0.003,0.331,0.045,0.001,0.004,0.001,-50.615,-278.941,387.280,176.199,-7.178,-121.254,1,-0.0323,0.0279,-0.0284,0
19278375,0.004,0.337,0.065,0.002,0.004,0.001,-50.615,-278.941,387.280,176.199,-7.178,-121.254,1,-0.0323,0.0279,-0.0284,0
19278468,0.011,0.332,0.067,0.002,0.005,0.000,-50.615,-278.941,387.280,176.199,-7.178,-121.254,1,-0.0323,0.0279,-0.0284,0
19278578,0.015,0.356,0.089,0.003,0.005,0.000,-50.615,-278.941,387.280,176.199,-7.178,-121.254,1,-0.0323,0.0279,-0.0284,0
19278656,0.019,0.343,0.066,0.002,0.004,0.000,-50.615,-278.941,387.280,176.199,-7.178,-121.254,1,-0.0323,0.0279,-0.0284,0
19278750,0.023,0.324,0.060,0.001,0.004,0.000,-50.615,-278.941,387.280,176.199,-7.178,-121.254,1,-0.0323,0.0279,-0.0284,0
19278828,0.023,0.322,0.043,0.001,0.004,0.001,-50.615,-278.941,387.280,176.199,-7.178,-121.254,1,-0.0323,0.0279,-0.0284,0
19278906,-0.018,0.344,0.062,0.002,0.005,0.001,-50.615,-278.941,387.280,176.199,-7.178,-121.254,1,-0.0323,0.0279,-0.0284,0
19279015,0.006,0.350,0.042,0.002,0.004,0.001,-50.615,-278.941,387.280,176.199,-7.178,-121.254,1,-0.0323,0.0279,-0.0284,0
19279125,0.010,0.325,0.083,0.002,0.004,0.000,-50.615,-278.941,387.280,176.199,-7.178,-121.254,1,-0.0323,0.0279,-0.0284,0
19279265,0.009,0.337,0.015,0.002,0.005,0.002,-50.615,-278.941,387.280,176.199,-7.178,-121.254,1,-0.0323,0.0279,-0.0284,0
19279312,0.017,0.340,0.038,0.002,0.004,0.001,-50.615,-278.941,387.280,176.199,-7.178,-121.254,1,-0.0323,0.0279,-0.0284,0
19279359,0.026,0.341,0.096,0.002,0.004,0.000,-50.615,-278.941,387.280,176.199,-7.178,-121.254,1,-0.0323,0.0279,-0.0284,0
19279437,0.018,0.336,0.069,0.002,0.004,0.000,-50.615,-278.941,387.280,176.199,-7.178,-121.254,1,-0.0323,0.0279,-0.0284,0
19279578,0.003,0.346,0.031,0.002,0.005,0.001,-50.615,-278.941,387.280,176.199,-7.178,-121.254,1,-0.0323,0.0279,-0.0284,0
19279671,0.025,0.351,0.032,0.002,0.004,0.001,-50.615,-278.941,387.280,176.199,-7.178,-121.254,1,-0.0323,0.0279,-0.0284,0
19279781,-0.003,0.332,0.098,0.002,0.005,-0.000,-50.615,-278.941,387.280,176.199,-7.178,-121.254,1,-0.0323,0.0279,-0.0284,0
19279859,0.012,0.339,0.066,0.002,0.004,0.001,-50.615,-278.941,387.280,176.199,-7.178,-121.254,1,-0.0323,0.0279,-0.0284,0
19279953,0.024,0.339,0.043,0.002,0.004,0.001,-50.615,-278.941,387.280,176.199,-7.178,-121.254,1,-0.0323,0.0279,-0.0284,0
19280031,0.016,0.346,0.048,0.002,0.004,0.001,-50.615,-278.941,387.280,176.199,-7.178,-121.254,1,-0.0323,0.0279,-0.0284,0
19280109,0.019,0.342,0.067,0.002,0.004,-0.000,-50.615,-278.941,387.280,176.199,-7.178,-121.254,1,-0.0323,0.0279,-0.0284,0
19280218,0.010,0.338,0.064,0.002,0.004,0.001,-50.615,-278.941,387.280,176.199,-7.178,-121.254,1,-0.0323,0.0279,-0.0284,0
19280328,0.016,0.328,0.056,0.002,0.004,0.000,-50.615,-278.941,387.280,176.199,-7.178,-121.254,1,-0.0323,0.0279,-0.0284,0
19280468,0.009,0.341,0.069,0.002,0.005,0.000,-50.615,-278.941,387.280,176.199,-7.178,-121.254,1,-0.0323,0.0279,-0.0284,0
19280515,0.016,0.342,0.044,0.002,0.005,0.001,-50.615,-278.941,387.280,176.199,-7.178,-121.254,1,-0.0323,0.0279,-0.0284,0
19280562,0.022,0.347,0.053,0.002,0.004,0.001,-50.615,-278.941,387.280,176.199,-7.178,-121.254,1,-0.0323,0.0279,-0.0284,0
19280640,0.012,0.346,0.044,0.002,0.004,0.001,-50.615,-278.941,387.280,176.199,-7.178,-121.254,1,-0.0323,0.0279,-0.0284,0
19280781,0.023,0.332,0.100,0.002,0.004,-0.001,-50.615,-278.941,387.280,176.199,-7.178,-121.254,1,-0.0323,0.0279,-0.0284,0
19280875,0.017,0.340,0.057,0.002,0.004,-0.000,-50.615,-278.941,387.280,176.199,-7.178,-121.254,1,-0.0323,0.0279,-0.0284,0
19280984,0.009,0.350,0.041,0.002,0.005,0.001,-50.615,-278.941,387.280,176.199,-7.178,-121.254,1,-0.0323,0.0279,-0.0284,0
19281062,0.015,0.345,0.031,0.002,0.004,0.001,-50.615,-278.941,387.280,176.199,-7.178,-121.254,1,-0.0323,0.0279,-0.0284,0
19281156,0.007,0.325,0.097,0.001,0.005,-0.001,-50.615,-278.941,387.280,176.199,-7.178,-121.254,1,-0.0323,0.0279,-0.0284,0
19281234,0.016,0.352,0.027,0.002,0.004,0.002,-50.615,-278.941,387.280,176.199,-7.178,-121.254,1,-0.0323,0.0279,-0.0284,0
19281312,0.014,0.344,0.048,0.002,0.004,0.001,-50.615,-278.941,387.280,176.199,-7.178,-121.254,1,-0.0323,0.0279,-0.0284,0
19281421,0.016,0.346,0.084,0.002,0.004,-0.000,-50.615,-278.941,387.280,176.199,-7.178,-121.254,1,-0.0323,0.0279,-0.0284,0
19281531,0.013,0.345,0.063,0.002,0.005,0.000,-50.615,-278.941,387.280,176.199,-7.178,-121.254,1,-0.0323,0.0279,-0.0284,0
19281671,0.000,0.345,0.056,0.002,0.005,0.001,-50.615,-278.941,387.280,176.199,-7.178,-121.254,1,-0.0323,0.0279,-0.0284,0
19281718,-0.007,0.346,0.067,0.003,0.005,0.001,-50.615,-278.941,387.280,176.199,-7.178,-121.254,1,-0.0323,0.0279,-0.0284,0
19281765,0.008,0.334,0.074,0.002,0.005,0.000,-50.615,-278.941,387.280,176.199,-7.178,-121.254,1,-0.0323,0.0279,-0.0284,0
19281843,0.022,0.344,0.038,0.002,0.004,0.001,-50.615,-278.941,387.280,176.199,-7.178,-121.254,1,-0.0323,0.0279,-0.0284,0
19281984,0.024,0.353,0.029,0.002,0.004,0.002,-50.615,-278.941,387.280,176.199,-7.178,-121.254,1,-0.0323,0.0279,-0.0284,0
19282078,0.006,0.357,0.053,0.002,0.004,-0.000,-50.615,-278.941,387.280,176.199,-7.178,-121.254,1,-0.0323,0.0279,-0.0284,0
19282187,0.013,0.340,0.022,0.002,0.004,0.001,-50.615,-278.941,387.280,176.199,-7.178,-121.254,1,-0.0323,0.0279,-0.0284,0
19282265,0.019,0.336,0.046,0.002,0.004,0.000,-50.615,-278.941,387.280,176.199,-7.178,-121.254,1,-0.0323,0.0279,-0.0284,0
19282359,0.020,0.332,0.100,0.002,0.004,-0.001,-50.615,-278.941,387.280,176.199,-7.178,-121.254,1,-0.0323,0.0279,-0.0284,0
19282437,0.019,0.343,0.068,0.002,0.004,-0.000,-50.615,-278.941,387.280,176.199,-7.178,-121.254,1,-0.0323,0.0279,-0.0284,0
19282515,0.021,0.351,0.040,0.002,0.004,0.001,-50.615,-278.941,387.280,176.199,-7.178,-121.254,1,-0.0323,0.0279,-0.0284,0
19282625,0.017,0.354,0.063,0.002,0.004,0.001,-50.615,-278.941,387.280,176.199,-7.178,-121.254,1,-0.0323,0.0279,-0.0284,0
19282734,0.018,0.349,0.073,0.002,0.004,0.000,-50.615,-278.941,387.280,176.199,-7.178,-121.254,1,-0.0323,0.0279,-0.0284,0
19282875,0.016,0.342,0.055,0.002,0.004,0.000,-50.615,-278.941,387.280,176.199,-7.178,-121.254,1,-0.0323,0.0279,-0.0284,0
19282921,0.015,0.339,0.027,0.002,0.005,0.001,-50.615,-278.941,387.280,176.199,-7.178,-121.254,1,-0.0323,0.0279,-0.0284,0
19282968,0.012,0.342,0.038,0.002,0.005,0.001,-50.615,-278.941,387.280,176.199,-7.178,-121.254,1,-0.0323,0.0279,-0.0284,0
19283046,0.013,0.338,0.059,0.002,0.004,0.000,-50.615,-278.941,387.280,176.199,-7.178,-121.254,1,-0.0323,0.0279,-0.0284,0
19283187,0.019,0.350,0.022,0.002,0.004,0.002,-50.615,-278.941,387.280,176.199,-7.178,-121.254,1,-0.0323,0.0279,-0.0284,0
19283281,0.027,0.352,0.027,0.002,0.004,0.001,-50.615,-278.941,387.280,176.199,-7.178,-121.254,1,-0.0323,0.0279,-0.0284,0
19283390,0.020,0.348,0.062,0.002,0.004,0.000,-50.615,-278.941,387.280,176.199,-7.178,-121.254,1,-0.0323,0.0279,-0.0284,0
19283468,0.016,0.339,0.040,0.002,0.004,0.001,-50.615,-278.941,387.280,176.199,-7.178,-121.254,1,-0.0323,0.0279,-0.0284,0
19283562,0.010,0.344,0.041,0.002,0.004,0.001,-50.615,-278.941,387.280,176.199,-7.178,-121.254,1,-0.0323,0.0279,-0.0284,0
19283640,0.019,0.353,0.042,0.002,0.004,0.001,-50.615,-278.941,387.280,176.199,-7.178,-121.254,1,-0.0323,0.0279,-0.0284,0
19283718,0.018,0.344,0.072,0.002,0.004,0.000,-50.615,-278.941,387.280,176.199,-7.178,-121.254,1,-0.0323,0.0279,-0.0284,0
19283828,0.016,0.355,0.033,0.002,0.004,0.001,-50.615,-278.941,387.280,176.199,-7.178,-121.254,1,-0.0323,0.0279,-0.0284,0
19283937,0.028,0.350,0.064,0.002,0.005,-0.000,-50.615,-278.941,387.280,176.199,-7.178,-121.254,1,-0.0323,0.0279,-0.0284,0
19284062,0.025,0.351,0.076,0.002,0.004,-0.000,-50.615,-278.941,387.280,176.199,-7.178,-121.254,1,-0.0323,0.0279,-0.0284,0
19284109,0.023,0.358,0.057,0.003,0.004,0.001,-50.615,-278.941,387.280,176.199,-7.178,-121.254,1,-0.0323,0.0279,-0.0284,0
19284156,0.021,0.366,0.037,0.003,0.004,0.001,-50.615,-278.941,387.280,176.199,-7.178,-121.254,1,-0.0323,0.0279,-0.0284,0
19284234,0.013,0.344,0.020,0.002,0.005,0.002,-50.615,-278.941,387.280,176.199,-7.178,-121.254,1,-0.0323,0.0279,-0.0284,0
19284375,0.018,0.347,0.058,0.002,0.005,0.000,-50.615,-278.941,387.280,176.199,-7.178,-121.254,1,-0.0323,0.0279,-0.0284,0
19284468,0.017,0.352,0.074,0.003,0.004,0.001,-50.615,-278.941,387.280,176.199,-7.178,-121.254,1,-0.0323,0.0279,-0.0284,0
19284515,0.014,0.357,0.040,0.002,0.004,0.002,-50.615,-278.941,387.280,176.199,-7.178,-121.254,1,-0.0323,0.0279,-0.0284,0
19284593,0.017,0.348,0.063,0.002,0.004,0.000,-50.615,-278.941,387.280,176.199,-7.178,-121.254,1,-0.0323,0.0279,-0.0284,0
19284671,0.052,0.343,0.087,0.002,0.003,-0.001,-50.615,-278.941,387.280,176.199,-7.178,-121.254,1,-0.0323,0.0279,-0.0284,0
19284750,0.042,0.348,0.065,0.002,0.004,-0.000,-50.615,-278.941,387.280,176.199,-7.178,-121.254,1,-0.0323,0.0279,-0.0284,0
19284843,0.021,0.359,0.007,0.003,0.004,0.003,-50.615,-278.941,387.280,176.199,-7.178,-121.254,1,-0.0323,0.0279,-0.0284,0
19284921,0.016,0.343,0.028,0.002,0.005,0.001,-50.615,-278.941,387.280,176.199,-7.178,-121.254,1,-0.0323,0.0279,-0.0284,0
19285031,0.024,0.338,0.080,0.002,0.004,-0.000,-50.615,-278.941,387.280,176.199,-7.178,-121.254,1,-0.0323,0.0279,-0.0284,0
19285125,0.026,0.342,0.064,0.002,0.004,0.001,-50.615,-278.941,387.280,176.199,-7.178,-121.254,1,-0.0323,0.0279,-0.0284,0
19285265,0.025,0.355,0.057,0.003,0.004,0.001,-50.615,-278.941,387.280,176.199,-7.178,-121.254,1,-0.0323,0.0279,-0.0284,0
19285312,0.032,0.351,0.074,0.002,0.004,-0.000,-50.615,-278.941,387.280,176.199,-7.178,-121.254,1,-0.0323,0.0279,-0.0284,0
19285359,0.022,0.360,0.042,0.003,0.004,0.001,-50.615,-278.941,387.280,176.199,-7.178,-121.254,1,-0.0323,0.0279,-0.0284,0
19285437,0.035,0.361,0.060,0.003,0.004,-0.001,-50.615,-278.941,387.280,176.199,-7.178,-121.254,1,-0.0323,0.0279,-0.0284,0
19285578,0.030,0.380,0.017,0.004,0.004,0.002,-50.615,-278.941,387.280,176.199,-7.178,-121.254,1,-0.0323,0.0279,-0.0284,0
19285671,0.014,0.338,0.052,0.002,0.004,0.000,-50.615,-278.941,387.280,176.199,-7.178,-121.254,1,-0.0323,0.0279,-0.0284,0
19285781,0.018,0.349,0.050,0.003,0.004,0.001,-50.615,-278.941,387.280,176.199,-7.178,-121.254,1,-0.0323,0.0279,-0.0284,0
19285859,0.025,0.341,0.065,0.002,0.004,-0.000,-50.615,-278.941,387.280,176.199,-7.178,-121.254,1,-0.0323,0.0279,-0.0284,0
19285953,0.021,0.359,0.036,0.003,0.004,0.002,-50.615,-278.941,387.280,176.199,-7.178,-121.254,1,-0.0323,0.0279,-0.0284,0
19286031,0.044,0.342,0.075,0.002,0.003,-0.000,-50.615,-278.941,387.280,176.199,-7.178,-121.254,1,-0.0323,0.0279,-0.0284,0
19286109,0.030,0.348,0.069,0.002,0.004,0.000,-50.615,-278.941,387.280,176.199,-7.178,-121.254,1,-0.0323,0.0279,-0.0284,0
19286218,0.009,0.351,0.026,0.003,0.005,0.003,-50.615,-278.941,387.280,176.199,-7.178,-121.254,1,-0.0323,0.0279,-0.0284,0
19286328,0.012,0.352,0.059,0.003,0.005,0.001,-50.615,-278.941,387.280,176.199,-7.178,-121.254,1,-0.0323,0.0279,-0.0284,0
19286468,0.031,0.323,0.066,0.002,0.004,-0.000,-50.615,-278.941,387.280,176.199,-7.178,-121.254,1,-0.0323,0.0279,-0.0284,0
19286515,0.025,0.338,0.041,0.002,0.004,0.001,-50.615,-278.941,387.280,176.199,-7.178,-121.254,1,-0.0323,0.0279,-0.0284,0
19286562,0.026,0.337,0.051,0.002,0.004,0.001,-50.615,-278.941,387.280,176.199,-7.178,-121.254,1,-0.0323,0.0279,-0.0284,0
19286640,0.013,0.355,0.031,0.003,0.004,0.002,-50.615,-278.941,387.280,176.199,-7.178,-121.254,1,-0.0323,0.0279,-0.0284,0
19286781,0.035,0.345,0.038,0.002,0.004,0.001,-50.615,-278.941,387.280,176.199,-7.178,-121.254,1,-0.0323,0.0279,-0.0284,0
19286875,0.021,0.349,0.056,0.003,0.005,0.001,-50.615,-278.941,387.280,176.199,-7.178,-121.254,1,-0.0323,0.0279,-0.0284,0
19286984,0.020,0.354,0.032,0.003,0.004,0.002,-50.615,-278.941,387.280,176.199,-7.178,-121.254,1,-0.0323,0.0279,-0.0284,0
19287062,0.010,0.334,0.059,0.002,0.004,0.001,-50.615,-278.941,387.280,176.199,-7.178,-121.254,1,-0.0323,0.0279,-0.0284,0
19287156,0.019,0.334,0.051,0.002,0.004,0.000,-50.615,-278.941,387.280,176.199,-7.178,-121.254,1,-0.0323,0.0279,-0.0284,0
19287234,0.027,0.331,0.062,0.002,0.004,0.000,-50.615,-278.941,387.280,176.199,-7.178,-121.254,1,-0.0323,0.0279,-0.0284,0
19287312,0.025,0.342,0.049,0.003,0.004,0.001,-50.615,-278.941,387.280,176.199,-7.178,-121.254,1,-0.0323,0.0279,-0.0284,0
19287421,0.018,0.349,0.021,0.003,0.005,0.003,-50.615,-278.941,387.280,176.199,-7.178,-121.254,1,-0.0323,0.0279,-0.0284,0
19287531,0.039,0.341,0.050,0.002,0.004,0.001,-50.615,-278.941,387.280,176.199,-7.178,-121.254,1,-0.0323,0.0279,-0.0284,0
19287656,0.028,0.338,0.075,0.002,0.004,0.000,-50.615,-278.941,387.280,176.199,-7.178,-121.254,1,-0.0323,0.0279,-0.0284,0
19287703,0.026,0.345,0.052,0.003,0.004,0.001,-50.615,-278.941,387.280,176.199,-7.178,-121.254,1,-0.0323,0.0279,-0.0284,0
19287750,0.008,0.366,0.033,0.004,0.004,0.003,-50.615,-278.941,387.280,176.199,-7.178,-121.254,1,-0.0323,0.0279,-0.0284,0
19287828,0.004,0.347,0.016,0.003,0.005,0.003,-50.615,-278.941,387.280,176.199,-7.178,-121.254,1,-0.0323,0.0279,-0.0284,0
19287968,0.031,0.325,0.056,0.002,0.004,0.000,-50.615,-278.941,387.280,176.199,-7.178,-121.254,1,-0.0323,0.0279,-0.0284,0
19288062,0.023,0.338,0.059,0.002,0.004,0.001,-50.615,-278.941,387.280,176.199,-7.178,-121.254,1,-0.0323,0.0279,-0.0284,0
19288171,0.007,0.355,0.031,0.003,0.005,0.002,-50.615,-278.941,387.280,176.199,-7.178,-121.254,1,-0.0323,0.0279,-0.0284,0
19288250,0.027,0.325,0.094,0.002,0.004,-0.001,-50.615,-278.941,387.280,176.199,-7.178,-121.254,1,-0.0323,0.0279,-0.0284,0
19288343,0.012,0.342,0.030,0.003,0.005,0.002,-50.615,-278.941,387.280,176.199,-7.178,-121.254,1,-0.0323,0.0279,-0.0284,0
19288421,-0.003,0.326,0.033,0.003,0.005,0.003,-50.615,-278.941,387.280,176.199,-7.178,-121.254,1,-0.0323,0.0279,-0.0284,0
19288500,0.016,0.340,0.069,0.003,0.004,0.002,-50.615,-278.941,387.280,176.199,-7.178,-121.254,1,-0.0323,0.0279,-0.0284,0
19288609,0.021,0.328,0.061,0.002,0.004,0.000,-50.615,-278.941,387.280,176.199,-7.178,-121.254,1,-0.0323,0.0279,-0.0284,0
19288718,0.023,0.327,0.072,0.002,0.004,0.000,-50.615,-278.941,387.280,176.199,-7.178,-121.254,1,-0.0323,0.0279,-0.0284,0
19288859,0.011,0.336,0.067,0.003,0.005,0.001,-50.615,-278.941,387.280,176.199,-7.178,-121.254,1,-0.0323,0.0279,-0.0284,0
19288906,0.022,0.324,0.084,0.002,0.004,0.000,-50.615,-278.941,387.280,176.199,-7.178,-121.254,1,-0.0323,0.0279,-0.0284,0
19288953,0.020,0.327,0.075,0.002,0.004,0.001,-50.615,-278.941,387.280,176.199,-7.178,-121.254,1,-0.0323,0.0279,-0.0284,0
19289031,0.020,0.329,0.060,0.002,0.004,0.001,-50.615,-278.941,387.280,176.199,-7.178,-121.254,1,-0.0323,0.0279,-0.0284,0
19289171,-0.001,0.325,0.034,0.002,0.005,0.002,-50.615,-278.941,387.280,176.199,-7.178,-121.254,1,-0.0323,0.0279,-0.0284,0
19289265,0.018,0.324,0.060,0.002,0.004,0.001,-50.615,-278.941,387.280,176.199,-7.178,-121.254,1,-0.0323,0.0279,-0.0284,0
19289375,-0.002,0.344,0.043,0.003,0.005,0.002,-50.615,-278.941,387.280,176.199,-7.178,-121.254,1,-0.0323,0.0279,-0.0284,0
19289453,-0.006,0.342,0.060,0.003,0.005,0.002,-50.615,-278.941,387.280,176.199,-7.178,-121.254,1,-0.0323,0.0279,-0.0284,0
19289546,0.006,0.328,0.054,0.002,0.004,0.001,-50.615,-278.941,387.280,176.199,-7.178,-121.254,1,-0.0323,0.0279,-0.0284,0
19289625,0.024,0.317,0.085,0.002,0.004,-0.001,-50.615,-278.941,387.280,176.199,-7.178,-121.254,1,-0.0323,0.0279,-0.0284,0
19289703,-0.003,0.329,0.044,0.003,0.005,0.001,-50.615,-278.941,387.280,176.199,-7.178,-121.254,1,-0.0323,0.0279,-0.0284,0
19289812,-0.000,0.312,0.062,0.002,0.005,0.000,-50.615,-278.941,387.280,176.199,-7.178,-121.254,1,-0.0323,0.0279,-0.0284,0
19289921,0.016,0.333,0.059,0.003,0.004,0.002,-50.615,-278.941,387.280,176.199,-7.178,-121.254,1,-0.0323,0.0279,-0.0284,0
19290062,0.008,0.324,0.053,0.003,0.005,0.002,-50.615,-278.941,387.280,176.199,-7.178,-121.254,1,-0.0323,0.0279,-0.0284,0
19290109,0.012,0.321,0.053,0.002,0.005,0.001,-50.615,-278.941,387.280,176.199,-7.178,-121.254,1,-0.0323,0.0279,-0.0284,0
19290156,0.013,0.320,0.050,0.002,0.005,0.001,-50.615,-278.941,387.280,176.199,-7.178,-121.254,1,-0.0323,0.0279,-0.0284,0
19290234,0.019,0.328,0.037,0.002,0.004,0.001,-50.615,-278.941,387.280,176.199,-7.178,-121.254,1,-0.0323,0.0279,-0.0284,0
19290375,-0.010,0.311,0.079,0.002,0.005,0.002,-50.615,-278.941,387.280,176.199,-7.178,-121.254,1,-0.0323,0.0279,-0.0284,0
19290468,0.005,0.318,0.043,0.002,0.005,0.001,-50.615,-278.941,387.280,176.199,-7.178,-121.254,1,-0.0323,0.0279,-0.0284,0
19290515,0.014,0.317,0.068,0.002,0.005,0.001,-50.615,-278.941,387.280,176.199,-7.178,-121.254,1,-0.0323,0.0279,-0.0284,0
19290593,0.003,0.339,0.053,0.002,0.005,0.001,-50.615,-278.941,387.280,176.199,-7.178,-121.254,1,-0.0323,0.0279,-0.0284,0
19290671,0.008,0.330,0.043,0.002,0.005,0.002,-50.615,-278.941,387.280,176.199,-7.178,-121.254,1,-0.0323,0.0279,-0.0284,0
19290750,0.019,0.320,0.052,0.002,0.004,0.001,-50.615,-278.941,387.280,176.199,-7.178,-121.254,1,-0.0323,0.0279,-0.0284,0
19290843,0.004,0.329,0.073,0.003,0.005,0.001,-50.615,-278.941,387.280,176.199,-7.178,-121.254,1,-0.0323,0.0279,-0.0284,0
19290921,0.002,0.326,0.054,0.002,0.005,0.001,-50.615,-278.941,387.280,176.199,-7.178,-121.254,1,-0.0323,0.0279,-0.0284,0
19291031,0.005,0.319,0.053,0.001,0.005,0.001,-50.615,-278.941,387.280,176.199,-7.178,-121.254,1,-0.0323,0.0279,-0.0284,0
19291125,-0.002,0.322,0.035,0.002,0.005,0.001,-50.615,-278.941,387.280,176.199,-7.178,-121.254,1,-0.0323,0.0279,-0.0284,0
19291265,0.001,0.339,0.066,0.003,0.005,0.001,-50.615,-278.941,387.280,176.199,-7.178,-121.254,1,-0.0323,0.0279,-0.0284,0
19291312,0.003,0.331,0.032,0.002,0.005,0.002,-50.615,-278.941,387.280,176.199,-7.178,-121.254,1,-0.0323,0.0279,-0.0284,0
19291359,0.017,0.320,0.040,0.002,0.004,0.001,-50.615,-278.941,387.280,176.199,-7.178,-121.254,1,-0.0323,0.0279,-0.0284,0
19291421,0.019,0.319,0.054,0.002,0.004,0.001,-50.615,-278.941,387.280,176.199,-7.178,-121.254,1,-0.0323,0.0279,-0.0284,0
19291562,0.003,0.313,0.080,0.002,0.005,0.001,-50.615,-278.941,387.280,176.199,-7.178,-121.254,1,-0.0323,0.0279,-0.0284,0
19291656,0.011,0.310,0.033,0.001,0.004,0.001,-50.615,-278.941,387.280,176.199,-7.178,-121.254,1,-0.0323,0.0279,-0.0284,0
19291703,0.006,0.307,0.040,0.002,0.004,0.001,-50.615,-278.941,387.280,176.199,-7.178,-121.254,1,-0.0323,0.0279,-0.0284,0
19291765,-0.014,0.301,0.022,0.002,0.005,0.002,-50.615,-278.941,387.280,176.199,-7.178,-121.254,1,-0.0323,0.0279,-0.0284,0
19291859,-0.001,0.300,0.069,0.002,0.004,0.001,-50.615,-278.941,387.280,176.199,-7.178,-121.254,1,-0.0323,0.0279,-0.0284,0
19291953,0.016,0.329,0.006,0.002,0.004,0.002,-50.615,-278.941,387.280,176.199,-7.178,-121.254,1,-0.0323,0.0279,-0.0284,0
19292031,0.012,0.321,0.031,0.002,0.004,0.001,-50.615,-278.941,387.280,176.199,-7.178,-121.254,1,-0.0323,0.0279,-0.0284,0
19292109,0.010,0.329,0.062,0.002,0.005,0.001,-50.615,-278.941,387.280,176.199,-7.178,-121.254,1,-0.0323,0.0279,-0.0284,0
19292203,0.006,0.323,0.079,0.002,0.004,0.000,-50.615,-278.941,387.280,176.199,-7.178,-121.254,1,-0.0323,0.0279,-0.0284,0
19292312,0.016,0.317,0.042,0.002,0.004,0.001,-50.615,-278.941,387.280,176.199,-7.178,-121.254,1,-0.0323,0.0279,-0.0284,0
19292453,-0.002,0.317,0.045,0.002,0.005,0.001,-50.615,-278.941,387.280,176.199,-7.178,-121.254,1,-0.0323,0.0279,-0.0284,0
19292500,-0.006,0.314,0.083,0.002,0.004,-0.000,-50.615,-278.941,387.280,176.199,-7.178,-121.254,1,-0.0323,0.0279,-0.0284,0
19292546,-0.009,0.317,0.045,0.002,0.005,0.001,-50.615,-278.941,387.280,176.199,-7.178,-121.254,1,-0.0323,0.0279,-0.0284,0
19292625,-0.010,0.316,0.067,0.002,0.005,0.000,-50.615,-278.941,387.280,176.199,-7.178,-121.254,1,-0.0323,0.0279,-0.0284,0
19292765,0.001,0.316,0.022,0.001,0.005,0.002,-50.615,-278.941,387.280,176.199,-7.178,-121.254,1,-0.0323,0.0279,-0.0284,0
19292859,0.006,0.316,0.063,0.001,0.004,0.001,-50.615,-278.941,387.280,176.199,-7.178,-121.254,1,-0.0323,0.0279,-0.0284,0
19292968,-0.001,0.320,0.009,0.002,0.005,0.002,-50.615,-278.941,387.280,176.199,-7.178,-121.254,1,-0.0323,0.0279,-0.0284,0
19293046,0.002,0.307,0.073,0.002,0.005,0.000,-50.615,-278.941,387.280,176.199,-7.178,-121.254,1,-0.0323,0.0279,-0.0284,0
19293140,0.004,0.300,0.077,0.002,0.005,-0.000,-50.615,-278.941,387.280,176.199,-7.178,-121.254,1,-0.0323,0.0279,-0.0284,0
19293218,-0.001,0.310,0.067,0.001,0.005,0.000,-50.615,-278.941,387.280,176.199,-7.178,-121.254,1,-0.0323,0.0279,-0.0284,0
19293296,0.015,0.334,0.018,0.002,0.004,0.002,-50.615,-278.941,387.280,176.199,-7.178,-121.254,1,-0.0323,0.0279,-0.0284,0
19293406,0.005,0.310,0.060,0.001,0.005,0.000,-50.615,-278.941,387.280,176.199,-7.178,-121.254,1,-0.0323,0.0279,-0.0284,0
19293515,0.004,0.308,0.074,0.001,0.005,-0.000,-50.615,-278.941,387.280,176.199,-7.178,-121.254,1,-0.0323,0.0279,-0.0284,0
19293656,0.008,0.309,0.026,0.002,0.004,0.001,-50.615,-278.941,387.280,176.199,-7.178,-121.254,1,-0.0323,0.0279,-0.0284,0
19293703,0.007,0.310,0.044,0.002,0.004,0.001,-50.615,-278.941,387.280,176.199,-7.178,-121.254,1,-0.0323,0.0279,-0.0284,0
19293750,0.007,0.306,0.077,0.001,0.005,-0.000,-50.615,-278.941,387.280,176.199,-7.178,-121.254,1,-0.0323,0.0279,-0.0284,0
19293828,0.001,0.305,0.075,0.001,0.005,-0.000,-50.615,-278.941,387.280,176.199,-7.178,-121.254,1,-0.0323,0.0279,-0.0284,0
19293968,0.024,0.317,0.024,0.001,0.005,0.002,-50.615,-278.941,387.280,176.199,-7.178,-121.254,1,-0.0323,0.0279,-0.0284,0
19294062,0.018,0.281,0.050,0.001,0.004,0.001,-50.615,-278.941,387.280,176.199,-7.178,-121.254,1,-0.0323,0.0279,-0.0284,0
19294171,0.006,0.304,0.088,0.001,0.005,-0.001,-50.615,-278.941,387.280,176.199,-7.178,-121.254,1,-0.0323,0.0279,-0.0284,0
19294250,0.002,0.309,0.029,0.001,0.005,0.001,-50.615,-278.941,387.280,176.199,-7.178,-121.254,1,-0.0323,0.0279,-0.0284,0
19294343,0.000,0.318,0.009,0.002,0.005,0.002,-50.615,-278.941,387.280,176.199,-7.178,-121.254,1,-0.0323,0.0279,-0.0284,0
19294421,0.004,0.317,0.026,0.002,0.005,0.001,-50.615,-278.941,387.280,176.199,-7.178,-121.254,1,-0.0323,0.0279,-0.0284,0
19294500,-0.003,0.302,0.068,0.001,0.005,-0.000,-50.615,-278.941,387.280,176.199,-7.178,-121.254,1,-0.0323,0.0279,-0.0284,0
19294609,0.005,0.305,0.072,0.001,0.005,-0.001,-50.615,-278.941,387.280,176.199,-7.178,-121.254,1,-0.0323,0.0279,-0.0284,0
19294718,0.014,0.336,0.042,0.002,0.004,0.002,-50.615,-278.941,387.280,176.199,-7.178,-121.254,1,-0.0323,0.0279,-0.0284,0
19294859,0.008,0.309,0.072,0.001,0.004,-0.000,-50.615,-278.941,387.280,176.199,-7.178,-121.254,1,-0.0323,0.0279,-0.0284,0
19294906,0.007,0.307,0.086,0.001,0.005,-0.001,-50.615,-278.941,387.280,176.199,-7.178,-121.254,1,-0.0323,0.0279,-0.0284,0
19294953,0.006,0.303,0.036,0.001,0.005,0.001,-50.615,-278.941,387.280,176.199,-7.178,-121.254,1,-0.0323,0.0279,-0.0284,0
19295031,0.007,0.303,0.047,0.002,0.004,0.001,-50.615,-278.941,387.280,176.199,-7.178,-121.254,1,-0.0323,0.0279,-0.0284,0
19295171,0.006,0.311,0.067,0.001,0.004,-0.000,-50.615,-278.941,387.280,176.199,-7.178,-121.254,1,-0.0323,0.0279,-0.0284,0
19295265,0.017,0.307,0.069,0.001,0.004,-0.000,-50.615,-278.941,387.280,176.199,-7.178,-121.254,1,-0.0323,0.0279,-0.0284,0
19295375,0.020,0.313,0.046,0.002,0.004,0.001,-50.615,-278.941,387.280,176.199,-7.178,-121.254,1,-0.0323,0.0279,-0.0284,0
19295453,0.010,0.300,-0.009,0.001,0.005,0.002,-50.615,-278.941,387.280,176.199,-7.178,-121.254,1,-0.0323,0.0279,-0.0284,0
19295546,0.016,0.296,0.065,0.001,0.004,0.000,-50.615,-278.941,387.280,176.199,-7.178,-121.254,1,-0.0323,0.0279,-0.0284,0
19295625,0.001,0.296,0.061,0.001,0.004,0.000,-50.615,-278.941,387.280,176.199,-7.178,-121.254,1,-0.0323,0.0279,-0.0284,0
19295703,0.011,0.293,0.040,0.001,0.004,0.001,-50.615,-278.941,387.280,176.199,-7.178,-121.254,1,-0.0323,0.0279,-0.0284,0
19295812,0.006,0.316,0.044,0.001,0.004,0.000,-50.615,-278.941,387.280,176.199,-7.178,-121.254,1,-0.0323,0.0279,-0.0284,0
19295906,0.008,0.326,0.034,0.002,0.005,0.001,-50.615,-278.941,387.280,176.199,-7.178,-121.254,1,-0.0323,0.0279,-0.0284,0
19296046,0.013,0.327,0.030,0.002,0.005,0.001,-50.615,-278.941,387.280,176.199,-7.178,-121.254,1,-0.0323,0.0279,-0.0284,0
19296093,0.021,0.335,0.052,0.002,0.004,0.001,-50.615,-278.941,387.280,176.199,-7.178,-121.254,1,-0.0323,0.0279,-0.0284,0
19296140,0.010,0.322,0.045,0.001,0.004,0.001,-50.615,-278.941,387.280,176.199,-7.178,-121.254,1,-0.0323,0.0279,-0.0284,0
19296218,0.003,0.301,0.049,0.001,0.005,0.001,-50.615,-278.941,387.280,176.199,-7.178,-121.254,1,-0.0323,0.0279,-0.0284,0
19296359,-0.002,0.310,0.051,0.002,0.005,0.001,-50.615,-278.941,387.280,176.199,-7.178,-121.254,1,-0.0323,0.0279,-0.0284,0
19296453,0.009,0.307,0.034,0.002,0.005,0.001,-50.615,-278.941,387.280,176.199,-7.178,-121.254,1,-0.0323,0.0279,-0.0284,0
19296562,0.011,0.303,0.084,0.002,0.005,-0.000,-50.615,-278.941,387.280,176.199,-7.178,-121.254,1,-0.0323,0.0279,-0.0284,0
19296640,0.013,0.315,0.060,0.001,0.004,0.001,-50.615,-278.941,387.280,176.199,-7.178,-121.254,1,-0.0323,0.0279,-0.0284,0
19296734,0.014,0.311,0.072,0.001,0.005,0.000,-50.615,-278.941,387.280,176.199,-7.178,-121.254,1,-0.0323,0.0279,-0.0284,0
19296812,-0.010,0.323,0.000,0.003,0.005,0.004,-50.615,-278.941,387.280,176.199,-7.178,-121.254,1,-0.0323,0.0279,-0.0284,0
19296890,-0.006,0.290,0.017,0.001,0.005,0.002,-50.615,-278.941,387.280,176.199,-7.178,-121.254,1,-0.0323,0.0279,-0.0284,0
19297000,0.007,0.299,0.072,0.001,0.004,-0.000,-50.615,-278.941,387.280,176.199,-7.178,-121.254,1,-0.0323,0.0279,-0.0284,0
19297109,0.012,0.296,0.062,0.001,0.004,0.000,-50.615,-278.941,387.280,176.199,-7.178,-121.254,1,-0.0323,0.0279,-0.0284,0
19297250,0.016,0.304,0.058,0.002,0.004,0.001,-50.615,-278.941,387.280,176.199,-7.178,-121.254,1,-0.0323,0.0279,-0.0284,0
19297296,0.025,0.301,0.053,0.001,0.004,0.000,-50.615,-278.941,387.280,176.199,-7.178,-121.254,1,-0.0323,0.0279,-0.0284,0
19297343,0.021,0.302,0.078,0.001,0.004,-0.000,-50.615,-278.941,387.280,176.199,-7.178,-121.254,1,-0.0323,0.0279,-0.0284,0
19297421,0.007,0.320,0.051,0.002,0.005,0.001,-50.615,-278.941,387.280,176.199,-7.178,-121.254,1,-0.0323,0.0279,-0.0284,0
19297562,-0.011,0.320,0.009,0.003,0.005,0.003,-50.615,-278.941,387.280,176.199,-7.178,-121.254,1,-0.0323,0.0279,-0.0284,0
19297656,0.015,0.300,0.098,0.001,0.004,-0.001,-50.615,-278.941,387.280,176.199,-7.178,-121.254,1,-0.0323,0.0279,-0.0284,0
19297765,0.001,0.313,-0.008,0.002,0.005,0.003,-50.615,-278.941,387.280,176.199,-7.178,-121.254,1,-0.0323,0.0279,-0.0284,0
19297843,0.015,0.313,0.028,0.002,0.004,0.001,-50.615,-278.941,387.280,176.199,-7.178,-121.254,1,-0.0323,0.0279,-0.0284,0
19297937,0.014,0.305,0.065,0.001,0.004,0.000,-50.615,-278.941,387.280,176.199,-7.178,-121.254,1,-0.0323,0.0279,-0.0284,0
19298015,0.012,0.318,0.007,0.001,0.005,0.003,-50.615,-278.941,387.280,176.199,-7.178,-121.254,1,-0.0323,0.0279,-0.0284,0
19298093,0.016,0.315,0.028,0.002,0.005,0.002,-50.615,-278.941,387.280,176.199,-7.178,-121.254,1,-0.0323,0.0279,-0.0284,0
19298203,0.015,0.320,0.023,0.002,0.004,0.002,-50.615,-278.941,387.280,176.199,-7.178,-121.254,1,-0.0323,0.0279,-0.0284,0
19298312,0.021,0.290,0.063,0.001,0.004,0.000,-50.615,-278.941,387.280,176.199,-7.178,-121.254,1,-0.0323,0.0279,-0.0284,0
19298453,0.017,0.302,0.015,0.001,0.004,0.002,-50.615,-278.941,387.280,176.199,-7.178,-121.254,1,-0.0323,0.0279,-0.0284,0
19298500,0.013,0.305,0.008,0.002,0.005,0.002,-50.615,-278.941,387.280,176.199,-7.178,-121.254,1,-0.0323,0.0279,-0.0284,0
19298546,0.026,0.289,0.038,0.001,0.004,0.000,-50.615,-278.941,387.280,176.199,-7.178,-121.254,1,-0.0323,0.0279,-0.0284,0
19298625,0.020,0.300,0.041,0.002,0.004,0.001,-50.615,-278.941,387.280,176.199,-7.178,-121.254,1,-0.0323,0.0279,-0.0284,0
19298765,0.022,0.311,0.020,0.001,0.004,0.002,-50.615,-278.941,387.280,176.199,-7.178,-121.254,1,-0.0323,0.0279,-0.0284,0
19298859,0.008,0.309,0.045,0.002,0.005,0.002,-50.615,-278.941,387.280,176.199,-7.178,-121.254,1,-0.0323,0.0279,-0.0284,0
19298906,-0.004,0.312,0.021,0.002,0.005,0.002,-50.615,-278.941,387.280,176.199,-7.178,-121.254,1,-0.0323,0.0279,-0.0284,0
19298968,0.017,0.294,0.067,0.001,0.004,-0.000,-50.615,-278.941,387.280,176.199,-7.178,-121.254,1,-0.0323,0.0279,-0.0284,0
19299046,0.012,0.309,0.033,0.001,0.004,0.001,-50.615,-278.941,387.280,176.199,-7.178,-121.254,1,-0.0323,0.0279,-0.0284,0
19299125,0.017,0.304,0.023,0.002,0.004,0.001,-50.615,-278.941,387.280,176.199,-7.178,-121.254,1,-0.0323,0.0279,-0.0284,0
19299234,0.007,0.315,0.021,0.002,0.005,0.003,-50.615,-278.941,387.280,176.199,-7.178,-121.254,1,-0.0323,0.0279,-0.0284,0
19299312,0.030,0.304,0.045,0.001,0.003,-0.000,-50.615,-278.941,387.280,176.199,-7.178,-121.254,1,-0.0323,0.0279,-0.0284,0
19299421,0.023,0.311,0.062,0.001,0.004,0.000,-50.615,-278.941,387.280,176.199,-7.178,-121.254,1,-0.0323,0.0279,-0.0284,0
19299500,0.012,0.313,0.016,0.002,0.004,0.003,-50.615,-278.941,387.280,176.199,-7.178,-121.254,1,-0.0323,0.0279,-0.0284,0
19299578,0.001,0.309,0.040,0.002,0.004,0.002,-50.615,-278.941,387.280,176.199,-7.178,-121.254,1,-0.0323,0.0279,-0.0284,0
19299656,0.022,0.303,0.070,0.001,0.004,0.000,-50.615,-278.941,387.280,176.199,-7.178,-121.254,1,-0.0323,0.0279,-0.0284,0
19299703,0.019,0.305,0.060,0.001,0.004,0.000,-50.615,-278.941,387.280,176.199,-7.178,-121.254,1,-0.0323,0.0279,-0.0284,0
19299750,0.022,0.292,0.041,0.001,0.004,0.001,-50.615,-278.941,387.280,176.199,-7.178,-121.254,1,-0.0323,0.0279,-0.0284,0
19299828,0.016,0.308,0.003,0.002,0.004,0.002,-50.615,-278.941,387.280,176.199,-7.178,-121.254,1,-0.0323,0.0279,-0.0284,0
19299968,0.034,0.301,0.062,0.001,0.004,0.000,-50.615,-278.941,387.280,176.199,-7.178,-121.254,1,-0.0323,0.0279,-0.0284,0
19300062,0.027,0.309,0.051,0.002,0.004,0.001,-50.615,-278.941,387.280,176.199,-7.178,-121.254,1,-0.0323,0.0279,-0.0284,0
19300171,0.016,0.318,0.032,0.002,0.004,0.002,-50.615,-278.941,387.280,176.199,-7.178,-121.254,1,-0.0323,0.0279,-0.0284,0
19300250,0.037,0.305,0.067,0.001,0.004,0.001,-50.615,-278.941,387.280,176.199,-7.178,-121.254,1,-0.0323,0.0279,-0.0284,0
19300343,0.020,0.309,0.041,0.002,0.004,0.002,-50.615,-278.941,387.280,176.199,-7.178,-121.254,1,-0.0323,0.0279,-0.0284,0
19300421,0.003,0.310,0.037,0.002,0.005,0.002,-50.615,-278.941,387.280,176.199,-7.178,-121.254,1,-0.0323,0.0279,-0.0284,0
19300500,0.017,0.300,0.049,0.001,0.004,0.000,-50.615,-278.941,387.280,176.199,-7.178,-121.254,1,-0.0323,0.0279,-0.0284,0
19300609,0.014,0.313,0.048,0.002,0.004,0.001,-50.615,-278.941,387.280,176.199,-7.178,-121.254,1,-0.0323,0.0279,-0.0284,0
19300718,0.009,0.321,0.024,0.002,0.004,0.003,-50.615,-278.941,387.280,176.199,-7.178,-121.254,1,-0.0323,0.0279,-0.0284,0
19300843,0.031,0.315,0.059,0.002,0.004,0.001,-50.615,-278.941,387.280,176.199,-7.178,-121.254,1,-0.0323,0.0279,-0.0284,0
19300890,0.036,0.321,0.042,0.001,0.004,0.001,-50.615,-278.941,387.280,176.199,-7.178,-121.254,1,-0.0323,0.0279,-0.0284,0
19300937,0.033,0.318,0.046,0.002,0.004,0.001,-50.615,-278.941,387.280,176.199,-7.178,-121.254,1,-0.0323,0.0279,-0.0284,0
19301031,0.021,0.288,0.112,0.001,0.004,-0.002,-50.615,-278.941,387.280,176.199,-7.178,-121.254,1,-0.0323,0.0279,-0.0284,0
19301156,0.018,0.299,0.056,0.001,0.004,0.001,-50.615,-278.941,387.280,176.199,-7.178,-121.254,1,-0.0323,0.0279,-0.0284,0
19301250,0.008,0.306,0.042,0.001,0.005,0.001,-50.615,-278.941,387.280,176.199,-7.178,-121.254,1,-0.0323,0.0279,-0.0284,0
19301359,0.013,0.316,0.026,0.002,0.005,0.002,-50.615,-278.941,387.280,176.199,-7.178,-121.254,1,-0.0323,0.0279,-0.0284,0
19301437,0.034,0.300,0.062,0.001,0.004,0.000,-50.615,-278.941,387.280,176.199,-7.178,-121.254,1,-0.0323,0.0279,-0.0284,0
19301531,0.021,0.311,0.049,0.001,0.004,0.001,-50.615,-278.941,387.280,176.199,-7.178,-121.254,1,-0.0323,0.0279,-0.0284,0
19301609,0.019,0.309,0.058,0.001,0.004,0.001,-50.615,-278.941,387.280,176.199,-7.178,-121.254,1,-0.0323,0.0279,-0.0284,0
19301687,0.017,0.310,0.047,0.002,0.004,0.001,-50.615,-278.941,387.280,176.199,-7.178,-121.254,1,-0.0323,0.0279,-0.0284,0
19301796,0.002,0.315,0.029,0.002,0.005,0.002,-50.615,-278.941,387.280,176.199,-7.178,-121.254,1,-0.0323,0.0279,-0.0284,0
19301906,0.014,0.311,0.050,0.002,0.004,0.001,-50.615,-278.941,387.280,176.199,-7.178,-121.254,1,-0.0323,0.0279,-0.0284,0
19302046,0.028,0.304,0.043,0.001,0.004,-0.001,-50.615,-278.941,387.280,176.199,-7.178,-121.254,1,-0.0323,0.0279,-0.0284,0
19302093,0.018,0.313,0.043,0.002,0.004,0.001,-50.615,-278.941,387.280,176.199,-7.178,-121.254,1,-0.0323,0.0279,-0.0284,0
19302140,0.005,0.320,0.030,0.002,0.005,0.003,-50.615,-278.941,387.280,176.199,-7.178,-121.254,1,-0.0323,0.0279,-0.0284,0
19302218,0.010,0.316,0.056,0.002,0.004,0.001,-50.615,-278.941,387.280,176.199,-7.178,-121.254,1,-0.0323,0.0279,-0.0284,0
19302359,0.017,0.310,0.061,0.002,0.004,0.000,-50.615,-278.941,387.280,176.199,-7.178,-121.254,1,-0.0323,0.0279,-0.0284,0
19302453,0.009,0.310,0.048,0.002,0.004,0.002,-50.615,-278.941,387.280,176.199,-7.178,-121.254,1,-0.0323,0.0279,-0.0284,0
19302562,0.015,0.297,0.022,0.001,0.004,0.001,-50.615,-278.941,387.280,176.199,-7.178,-121.254,1,-0.0323,0.0279,-0.0284,0
19302640,0.023,0.300,0.056,0.001,0.004,0.000,-50.615,-278.941,387.280,176.199,-7.178,-121.254,1,-0.0323,0.0279,-0.0284,0
19302734,0.013,0.312,0.015,0.001,0.004,0.002,-50.615,-278.941,387.280,176.199,-7.178,-121.254,1,-0.0323,0.0279,-0.0284,0
19302812,0.011,0.314,0.031,0.002,0.004,0.002,-50.615,-278.941,387.280,176.199,-7.178,-121.254,1,-0.0323,0.0279,-0.0284,0
19302890,0.013,0.311,0.056,0.002,0.004,0.001,-50.615,-278.941,387.280,176.199,-7.178,-121.254,1,-0.0323,0.0279,-0.0284,0
19303000,0.026,0.311,0.039,0.001,0.004,0.001,-50.615,-278.941,387.280,176.199,-7.178,-121.254,1,-0.0323,0.0279,-0.0284,0
19303109,0.019,0.310,0.037,0.002,0.004,0.001,-50.615,-278.941,387.280,176.199,-7.178,-121.254,1,-0.0323,0.0279,-0.0284,0
19303250,0.013,0.320,0.069,0.003,0.005,0.002,-50.615,-278.941,387.280,176.199,-7.178,-121.254,1,-0.0323,0.0279,-0.0284,0
19303296,-0.006,0.323,0.015,0.003,0.005,0.003,-50.615,-278.941,387.280,176.199,-7.178,-121.254,1,-0.0323,0.0279,-0.0284,0
19303343,0.000,0.318,0.032,0.002,0.005,0.002,-50.615,-278.941,387.280,176.199,-7.178,-121.254,1,-0.0323,0.0279,-0.0284,0
19303421,0.017,0.318,0.039,0.002,0.004,0.001,-50.615,-278.941,387.280,176.199,-7.178,-121.254,1,-0.0323,0.0279,-0.0284,0
19303562,0.031,0.331,0.034,0.002,0.004,0.001,-50.615,-278.941,387.280,176.199,-7.178,-121.254,1,-0.0323,0.0279,-0.0284,0
19303656,0.012,0.315,0.061,0.002,0.004,0.001,-50.615,-278.941,387.280,176.199,-7.178,-121.254,1,-0.0323,0.0279,-0.0284,0
19303703,0.010,0.310,0.073,0.002,0.004,0.000,-50.615,-278.941,387.280,176.199,-7.178,-121.254,1,-0.0323,0.0279,-0.0284,0
19303781,0.025,0.320,0.027,0.002,0.004,0.001,-50.615,-278.941,387.280,176.199,-7.178,-121.254,1,-0.0323,0.0279,-0.0284,0
19303859,0.030,0.296,0.059,0.001,0.004,-0.001,-50.615,-278.941,387.280,176.199,-7.178,-121.254,1,-0.0323,0.0279,-0.0284,0
19303937,0.020,0.292,0.043,0.001,0.004,0.000,-50.615,-278.941,387.280,176.199,-7.178,-121.254,1,-0.0323,0.0279,-0.0284,0
19304031,0.020,0.293,0.091,0.001,0.004,-0.001,-50.615,-278.941,387.280,176.199,-7.178,-121.254,1,-0.0323,0.0279,-0.0284,0
19304109,0.015,0.312,0.028,0.002,0.004,0.002,-50.615,-278.941,387.280,176.199,-7.178,-121.254,1,-0.0323,0.0279,-0.0284,0
19304218,0.013,0.305,0.050,0.001,0.004,0.001,-50.615,-278.941,387.280,176.199,-7.178,-121.254,1,-0.0323,0.0279,-0.0284,0
19304312,0.007,0.313,0.028,0.002,0.004,0.002,-50.615,-278.941,387.280,176.199,-7.178,-121.254,1,-0.0323,0.0279,-0.0284,0
19304453,0.018,0.312,0.037,0.002,0.004,0.001,-50.615,-278.941,387.280,176.199,-7.178,-121.254,1,-0.0323,0.0279,-0.0284,0
19304500,0.024,0.310,0.045,0.002,0.004,0.001,-50.615,-278.941,387.280,176.199,-7.178,-121.254,1,-0.0323,0.0279,-0.0284,0
19304546,0.006,0.304,0.046,0.002,0.004,0.001,-50.615,-278.941,387.280,176.199,-7.178,-121.254,1,-0.0323,0.0279,-0.0284,0
19304625,0.014,0.296,0.052,0.001,0.004,0.000,-50.615,-278.941,387.280,176.199,-7.178,-121.254,1,-0.0323,0.0279,-0.0284,0
19304765,0.029,0.298,0.087,0.001,0.003,-0.002,-50.615,-278.941,387.280,176.199,-7.178,-121.254,1,-0.0323,0.0279,-0.0284,0
19304859,0.000,0.313,0.005,0.002,0.005,0.003,-50.615,-278.941,387.280,176.199,-7.178,-121.254,1,-0.0323,0.0279,-0.0284,0
19304968,0.003,0.308,0.061,0.002,0.005,0.001,-50.615,-278.941,387.280,176.199,-7.178,-121.254,1,-0.0323,0.0279,-0.0284,0
19305046,0.009,0.313,0.047,0.002,0.005,0.001,-50.615,-278.941,387.280,176.199,-7.178,-121.254,1,-0.0323,0.0279,-0.0284,0
19305140,-0.001,0.321,0.020,0.002,0.005,0.002,-50.615,-278.941,387.280,176.199,-7.178,-121.254,1,-0.0323,0.0279,-0.0284,0
19305218,0.002,0.317,0.023,0.002,0.005,0.002,-50.615,-278.941,387.280,176.199,-7.178,-121.254,1,-0.0323,0.0279,-0.0284,0
19305296,0.000,0.304,0.024,0.002,0.005,0.002,-50.615,-278.941,387.280,176.199,-7.178,-121.254,1,-0.0323,0.0279,-0.0284,0
19305406,0.014,0.301,0.091,0.002,0.004,-0.000,-50.615,-278.941,387.280,176.199,-7.178,-121.254,1,-0.0323,0.0279,-0.0284,0
19305515,0.002,0.310,0.092,0.002,0.005,0.000,-50.615,-278.941,387.280,176.199,-7.178,-121.254,1,-0.0323,0.0279,-0.0284,0
19305656,0.014,0.310,0.008,0.001,0.004,0.002,-50.615,-278.941,387.280,176.199,-7.178,-121.254,1,-0.0323,0.0279,-0.0284,0
19305703,0.028,0.292,0.093,0.001,0.004,-0.001,-50.615,-278.941,387.280,176.199,-7.178,-121.254,1,-0.0323,0.0279,-0.0284,0
19305750,0.002,0.305,0.067,0.002,0.005,0.001,-50.615,-278.941,387.280,176.199,-7.178,-121.254,1,-0.0323,0.0279,-0.0284,0
19305828,-0.001,0.312,0.041,0.002,0.005,0.002,-50.615,-278.941,387.280,176.199,-7.178,-121.254,1,-0.0323,0.0279,-0.0284,0
19305968,0.019,0.304,0.073,0.001,0.004,0.000,-50.615,-278.941,387.280,176.199,-7.178,-121.254,1,-0.0323,0.0279,-0.0284,0
19306062,-0.005,0.308,-0.003,0.002,0.005,0.002,-50.615,-278.941,387.280,176.199,-7.178,-121.254,1,-0.0323,0.0279,-0.0284,0
19306171,0.006,0.319,0.028,0.002,0.004,0.001,-50.615,-278.941,387.280,176.199,-7.178,-121.254,1,-0.0323,0.0279,-0.0284,0
19306250,0.000,0.315,0.063,0.002,0.005,0.001,-50.615,-278.941,387.280,176.199,-7.178,-121.254,1,-0.0323,0.0279,-0.0284,0
19306343,0.021,0.313,0.084,0.001,0.004,-0.001,-50.615,-278.941,387.280,176.199,-7.178,-121.254,1,-0.0323,0.0279,-0.0284,0
19306421,0.006,0.323,0.023,0.002,0.005,0.002,-50.615,-278.941,387.280,176.199,-7.178,-121.254,1,-0.0323,0.0279,-0.0284,0
19306500,-0.002,0.301,0.068,0.002,0.005,0.001,-50.615,-278.941,387.280,176.199,-7.178,-121.254,1,-0.0323,0.0279,-0.0284,0
19306609,0.025,0.321,0.079,0.001,0.004,-0.001,-50.615,-278.941,387.280,176.199,-7.178,-121.254,1,-0.0323,0.0279,-0.0284,0
19306718,0.004,0.319,0.026,0.002,0.005,0.002,-50.615,-278.941,387.280,176.199,-7.178,-121.254,1,-0.0323,0.0279,-0.0284,0
19306859,-0.000,0.321,0.048,0.002,0.005,0.002,-50.615,-278.941,387.280,176.199,-7.178,-121.254,1,-0.0323,0.0279,-0.0284,0
19306906,0.015,0.305,0.083,0.001,0.004,-0.000,-50.615,-278.941,387.280,176.199,-7.178,-121.254,1,-0.0323,0.0279,-0.0284,0
19306953,0.013,0.302,0.068,0.001,0.004,0.000,-50.615,-278.941,387.280,176.199,-7.178,-121.254,1,-0.0323,0.0279,-0.0284,0
19307031,0.018,0.294,0.100,0.001,0.004,-0.001,-50.615,-278.941,387.280,176.199,-7.178,-121.254,1,-0.0323,0.0279,-0.0284,0
19307171,0.012,0.314,0.016,0.002,0.004,0.001,-50.615,-278.941,387.280,176.199,-7.178,-121.254,1,-0.0323,0.0279,-0.0284,0
19307265,0.019,0.309,0.022,0.001,0.004,0.002,-50.615,-278.941,387.280,176.199,-7.178,-121.254,1,-0.0323,0.0279,-0.0284,0
19307375,0.034,0.303,0.084,0.001,0.004,-0.001,-50.615,-278.941,387.280,176.199,-7.178,-121.254,1,-0.0323,0.0279,-0.0284,0
19307453,-0.000,0.318,0.014,0.002,0.005,0.002,-50.615,-278.941,387.280,176.199,-7.178,-121.254,1,-0.0323,0.0279,-0.0284,0
19307546,0.011,0.296,0.024,0.001,0.004,0.001,-50.615,-278.941,387.280,176.199,-7.178,-121.254,1,-0.0323,0.0279,-0.0284,0
19307625,0.017,0.303,0.085,0.001,0.004,-0.000,-50.615,-278.941,387.280,176.199,-7.178,-121.254,1,-0.0323,0.0279,-0.0284,0
19307703,0.021,0.293,0.111,0.001,0.005,-0.002,-50.615,-278.941,387.280,176.199,-7.178,-121.254,1,-0.0323,0.0279,-0.0284,0
19307812,0.002,0.309,0.061,0.002,0.005,0.000,-50.615,-278.941,387.280,176.199,-7.178,-121.254,1,-0.0323,0.0279,-0.0284,0
19307921,0.005,0.329,0.014,0.002,0.004,0.002,-50.615,-278.941,387.280,176.199,-7.178,-121.254,1,-0.0323,0.0279,-0.0284,0
19308062,0.026,0.324,0.074,0.001,0.004,-0.001,-50.615,-278.941,387.280,176.199,-7.178,-121.254,1,-0.0323,0.0279,-0.0284,0
19308109,0.021,0.318,0.071,0.001,0.004,-0.001,-50.615,-278.941,387.280,176.199,-7.178,-121.254,1,-0.0323,0.0279,-0.0284,0
19308156,0.009,0.313,0.056,0.002,0.004,0.000,-50.615,-278.941,387.280,176.199,-7.178,-121.254,1,-0.0323,0.0279,-0.0284,0
19308234,0.010,0.305,0.040,0.001,0.005,0.000,-50.615,-278.941,387.280,176.199,-7.178,-121.254,1,-0.0323,0.0279,-0.0284,0
19308375,0.013,0.307,0.074,0.001,0.004,-0.001,-50.615,-278.941,387.280,176.199,-7.178,-121.254,1,-0.0323,0.0279,-0.0284,0
19308468,0.007,0.317,0.021,0.001,0.004,0.002,-50.615,-278.941,387.280,176.199,-7.178,-121.254,1,-0.0323,0.0279,-0.0284,0
19308578,0.004,0.305,0.044,0.001,0.004,0.001,-50.615,-278.941,387.280,176.199,-7.178,-121.254,1,-0.0323,0.0279,-0.0284,0
19308656,0.005,0.314,0.061,0.002,0.005,0.000,-50.615,-278.941,387.280,176.199,-7.178,-121.254,1,-0.0323,0.0279,-0.0284,0
19308750,0.010,0.315,0.039,0.001,0.004,0.002,-50.615,-278.941,387.280,176.199,-7.178,-121.254,1,-0.0323,0.0279,-0.0284,0
19308828,0.010,0.319,-0.013,0.002,0.004,0.003,-50.615,-278.941,387.280,176.199,-7.178,-121.254,1,-0.0323,0.0279,-0.0284,0
19308906,0.016,0.299,0.048,0.001,0.004,-0.000,-50.615,-278.941,387.280,176.199,-7.178,-121.254,1,-0.0323,0.0279,-0.0284,0
19309015,0.004,0.305,0.063,0.001,0.005,0.000,-50.615,-278.941,387.280,176.199,-7.178,-121.254,1,-0.0323,0.0279,-0.0284,0
19309125,0.000,0.314,0.038,0.001,0.005,0.001,-50.615,-278.941,387.280,176.199,-7.178,-121.254,1,-0.0323,0.0279,-0.0284,0
19309265,0.007,0.314,0.058,0.001,0.004,-0.000,-50.615,-278.941,387.280,176.199,-7.178,-121.254,1,-0.0323,0.0279,-0.0284,0
19309312,0.001,0.309,0.067,0.001,0.004,0.000,-50.615,-278.941,387.280,176.199,-7.178,-121.254,1,-0.0323,0.0279,-0.0284,0
19309359,0.002,0.303,0.078,0.001,0.005,-0.000,-50.615,-278.941,387.280,176.199,-7.178,-121.254,1,-0.0323,0.0279,-0.0284,0
19309437,-0.001,0.322,0.042,0.002,0.005,0.001,-50.615,-278.941,387.280,176.199,-7.178,-121.254,1,-0.0323,0.0279,-0.0284,0
19309578,0.007,0.312,0.065,0.002,0.004,-0.001,-50.615,-278.941,387.280,176.199,-7.178,-121.254,1,-0.0323,0.0279,-0.0284,0
19309671,-0.002,0.315,0.089,0.001,0.004,-0.000,-50.615,-278.941,387.280,176.199,-7.178,-121.254,1,-0.0323,0.0279,-0.0284,0
19309781,-0.009,0.308,0.052,0.002,0.005,0.000,-50.615,-278.941,387.280,176.199,-7.178,-121.254,1,-0.0323,0.0279,-0.0284,0
19309859,-0.004,0.314,0.029,0.001,0.005,0.002,-50.615,-278.941,387.280,176.199,-7.178,-121.254,1,-0.0323,0.0279,-0.0284,0
19309953,0.003,0.315,0.037,0.001,0.005,0.001,-50.615,-278.941,387.280,176.199,-7.178,-121.254,1,-0.0323,0.0279,-0.0284,0
19310031,0.004,0.311,0.058,0.001,0.005,0.001,-50.615,-278.941,387.280,176.199,-7.178,-121.254,1,-0.0323,0.0279,-0.0284,0
19310109,-0.005,0.308,0.057,0.001,0.005,0.000,-50.615,-278.941,387.280,176.199,-7.178,-121.254,1,-0.0323,0.0279,-0.0284,0
19310234,0.006,0.315,0.034,0.001,0.005,0.001,-50.615,-278.941,387.280,176.199,-7.178,-121.254,1,-0.0323,0.0279,-0.0284,0
19310343,0.012,0.300,0.097,0.001,0.004,-0.001,-50.615,-278.941,387.280,176.199,-7.178,-121.254,1,-0.0323,0.0279,-0.0284,0
19310484,-0.002,0.307,0.034,0.001,0.005,0.001,-50.615,-278.941,387.280,176.199,-7.178,-121.254,1,-0.0323,0.0279,-0.0284,0
19310531,-0.003,0.309,0.046,0.001,0.005,0.001,-50.615,-278.941,387.280,176.199,-7.178,-121.254,1,-0.0323,0.0279,-0.0284,0
19310578,-0.007,0.310,0.060,0.001,0.005,0.001,-50.615,-278.941,387.280,176.199,-7.178,-121.254,1,-0.0323,0.0279,-0.0284,0
19310640,-0.003,0.302,0.077,0.001,0.005,0.000,-50.615,-278.941,387.280,176.199,-7.178,-121.254,1,-0.0323,0.0279,-0.0284,0
19310796,-0.006,0.301,0.052,0.001,0.005,0.001,-50.615,-278.941,387.280,176.199,-7.178,-121.254,1,-0.0323,0.0279,-0.0284,0
19310890,-0.006,0.320,0.019,0.002,0.005,0.002,-50.615,-278.941,387.280,176.199,-7.178,-121.254,1,-0.0323,0.0279,-0.0284,0
19311000,-0.013,0.317,0.056,0.002,0.005,0.002,-50.615,-278.941,387.280,176.199,-7.178,-121.254,1,-0.0323,0.0279,-0.0284,0
19311078,-0.003,0.320,0.054,0.002,0.004,0.002,-50.615,-278.941,387.280,176.199,-7.178,-121.254,1,-0.0323,0.0279,-0.0284,0
19311156,-0.003,0.326,0.081,0.002,0.004,0.001,-50.615,-278.941,387.280,176.199,-7.178,-121.254,1,-0.0323,0.0279,-0.0284,0
19311250,-0.004,0.320,0.045,0.002,0.005,0.002,-50.615,-278.941,387.280,176.199,-7.178,-121.254,1,-0.0323,0.0279,-0.0284,0
19311328,-0.006,0.320,0.049,0.002,0.005,0.001,-50.615,-278.941,387.280,176.199,-7.178,-121.254,1,-0.0323,0.0279,-0.0284,0
19311437,-0.011,0.309,0.060,0.002,0.005,0.001,-50.615,-278.941,387.280,176.199,-7.178,-121.254,1,-0.0323,0.0279,-0.0284,0
19311515,-0.007,0.311,0.066,0.002,0.005,0.000,-50.615,-278.941,387.280,176.199,-7.178,-121.254,1,-0.0323,0.0279,-0.0284,0
19311593,-0.011,0.311,0.051,0.001,0.005,0.001,-50.615,-278.941,387.280,176.199,-7.178,-121.254,1,-0.0323,0.0279,-0.0284,0
19311671,-0.033,0.309,0.041,0.002,0.005,0.002,-50.615,-278.941,387.280,176.199,-7.178,-121.254,1,-0.0323,0.0279,-0.0284,0
19311718,-0.026,0.336,0.044,0.003,0.005,0.002,-50.615,-278.941,387.280,176.199,-7.178,-121.254,1,-0.0323,0.0279,-0.0284,0
19311765,-0.016,0.356,0.055,0.003,0.005,0.003,-50.615,-278.941,387.280,176.199,-7.178,-121.254,1,-0.0323,0.0279,-0.0284,0
19311828,-0.004,0.332,0.062,0.002,0.005,0.001,-50.615,-278.941,387.280,176.199,-7.178,-121.254,1,-0.0323,0.0279,-0.0284,0
19311984,-0.012,0.332,0.050,0.002,0.005,0.001,-50.615,-278.941,387.280,176.199,-7.178,-121.254,1,-0.0323,0.0279,-0.0284,0
19312062,-0.030,0.339,0.050,0.003,0.006,0.002,-50.615,-278.941,387.280,176.199,-7.178,-121.254,1,-0.0323,0.0279,-0.0284,0
19312171,0.010,0.307,0.048,0.001,0.004,0.001,-50.615,-278.941,387.280,176.199,-7.178,-121.254,1,-0.0323,0.0279,-0.0284,0
19312250,0.004,0.319,0.048,0.001,0.005,0.001,-50.615,-278.941,387.280,176.199,-7.178,-121.254,1,-0.0323,0.0279,-0.0284,0
19312343,-0.020,0.298,0.080,0.002,0.005,0.001,-50.615,-278.941,387.280,176.199,-7.178,-121.254,1,-0.0323,0.0279,-0.0284,0
19312421,-0.009,0.313,0.070,0.002,0.005,0.002,-50.615,-278.941,387.280,176.199,-7.178,-121.254,1,-0.0323,0.0279,-0.0284,0
19312500,0.001,0.323,0.040,0.002,0.005,0.002,-50.615,-278.941,387.280,176.199,-7.178,-121.254,1,-0.0323,0.0279,-0.0284,0
19312609,0.000,0.316,0.061,0.002,0.005,0.001,-50.615,-278.941,387.280,176.199,-7.178,-121.254,1,-0.0323,0.0279,-0.0284,0
19312718,-0.005,0.320,0.057,0.002,0.005,0.002,-50.615,-278.941,387.280,176.199,-7.178,-121.254,1,-0.0323,0.0279,-0.0284,0
19312859,0.011,0.321,0.038,0.001,0.004,0.001,-50.615,-278.941,387.280,176.199,-7.178,-121.254,1,-0.0323,0.0279,-0.0284,0
19312906,0.007,0.321,0.041,0.001,0.004,0.001,-50.615,-278.941,387.280,176.199,-7.178,-121.254,1,-0.0323,0.0279,-0.0284,0
19312953,-0.015,0.315,0.029,0.002,0.005,0.002,-50.615,-278.941,387.280,176.199,-7.178,-121.254,1,-0.0323,0.0279,-0.0284,0
19313031,-0.002,0.314,0.061,0.002,0.005,0.001,-50.615,-278.941,387.280,176.199,-7.178,-121.254,1,-0.0323,0.0279,-0.0284,0
19313171,0.011,0.292,0.058,0.001,0.005,-0.000,-50.615,-278.941,387.280,176.199,-7.178,-121.254,1,-0.0323,0.0279,-0.0284,0
19313265,-0.017,0.332,0.022,0.002,0.005,0.003,-50.615,-278.941,387.280,176.199,-7.178,-121.254,1,-0.0323,0.0279,-0.0284,0
19313375,-0.002,0.320,0.033,0.002,0.005,0.002,-50.615,-278.941,387.280,176.199,-7.178,-121.254,1,-0.0323,0.0279,-0.0284,0
19313453,0.013,0.308,0.063,0.001,0.004,0.000,-50.615,-278.941,387.280,176.199,-7.178,-121.254,1,-0.0323,0.0279,-0.0284,0
19313546,-0.018,0.327,0.034,0.003,0.005,0.002,-50.615,-278.941,387.280,176.199,-7.178,-121.254,1,-0.0323,0.0279,-0.0284,0
19313625,-0.013,0.323,0.041,0.002,0.005,0.002,-50.615,-278.941,387.280,176.199,-7.178,-121.254,1,-0.0323,0.0279,-0.0284,0
19313703,-0.018,0.321,0.038,0.002,0.005,0.002,-50.615,-278.941,387.280,176.199,-7.178,-121.254,1,-0.0323,0.0279,-0.0284,0
19313812,0.023,0.338,0.041,0.002,0.004,0.000,-50.615,-278.941,387.280,176.199,-7.178,-121.254,1,-0.0323,0.0279,-0.0284,0
19313921,0.001,0.310,0.069,0.002,0.005,0.001,-50.615,-278.941,387.280,176.199,-7.178,-121.254,1,-0.0323,0.0279,-0.0284,0
19314062,-0.004,0.320,0.028,0.002,0.005,0.002,-50.615,-278.941,387.280,176.199,-7.178,-121.254,1,-0.0323,0.0279,-0.0284,0
19314109,-0.002,0.319,0.031,0.002,0.005,0.002,-50.615,-278.941,387.280,176.199,-7.178,-121.254,1,-0.0323,0.0279,-0.0284,0
19314156,0.003,0.319,0.023,0.002,0.005,0.002,-50.615,-278.941,387.280,176.199,-7.178,-121.254,1,-0.0323,0.0279,-0.0284,0
19314234,0.003,0.308,0.067,0.001,0.004,-0.000,-50.615,-278.941,387.280,176.199,-7.178,-121.254,1,-0.0323,0.0279,-0.0284,0
19314375,-0.001,0.322,0.031,0.002,0.005,0.002,-50.615,-278.941,387.280,176.199,-7.178,-121.254,1,-0.0323,0.0279,-0.0284,0
19314468,-0.012,0.320,0.028,0.002,0.005,0.002,-50.615,-278.941,387.280,176.199,-7.178,-121.254,1,-0.0323,0.0279,-0.0284,0
19314515,-0.004,0.321,0.039,0.002,0.005,0.002,-50.615,-278.941,387.280,176.199,-7.178,-121.254,1,-0.0323,0.0279,-0.0284,0
19314593,0.013,0.291,0.087,0.001,0.004,-0.001,-50.615,-278.941,387.280,176.199,-7.178,-121.254,1,-0.0323,0.0279,-0.0284,0
19314671,-0.002,0.303,0.014,0.002,0.005,0.002,-50.615,-278.941,387.280,176.199,-7.178,-121.254,1,-0.0323,0.0279,-0.0284,0
19314750,0.000,0.308,0.007,0.001,0.005,0.002,-50.615,-278.941,387.280,176.199,-7.178,-121.254,1,-0.0323,0.0279,-0.0284,0
19314828,0.005,0.302,0.075,0.001,0.005,-0.000,-50.615,-278.941,387.280,176.199,-7.178,-121.254,1,-0.0323,0.0279,-0.0284,0
19314921,0.001,0.314,0.029,0.002,0.004,0.002,-50.615,-278.941,387.280,176.199,-7.178,-121.254,1,-0.0323,0.0279,-0.0284,0
19315015,0.001,0.311,0.043,0.002,0.005,0.002,-50.615,-278.941,387.280,176.199,-7.178,-121.254,1,-0.0323,0.0279,-0.0284,0
19315125,0.005,0.308,0.070,0.001,0.004,-0.000,-50.615,-278.941,387.280,176.199,-7.178,-121.254,1,-0.0323,0.0279,-0.0284,0
19315265,0.011,0.326,0.059,0.001,0.005,0.000,-50.615,-278.941,387.280,176.199,-7.178,-121.254,1,-0.0323,0.0279,-0.0284,0
19315312,-0.008,0.318,0.042,0.002,0.005,0.001,-50.615,-278.941,387.280,176.199,-7.178,-121.254,1,-0.0323,0.0279,-0.0284,0
19315359,-0.014,0.314,0.036,0.002,0.005,0.001,-50.615,-278.941,387.280,176.199,-7.178,-121.254,1,-0.0323,0.0279,-0.0284,0
19315437,-0.003,0.306,0.037,0.001,0.005,0.000,-50.615,-278.941,387.280,176.199,-7.178,-121.254,1,-0.0323,0.0279,-0.0284,0
19315578,-0.003,0.316,0.031,0.001,0.004,0.001,-50.615,-278.941,387.280,176.199,-7.178,-121.254,1,-0.0323,0.0279,-0.0284,0
19315671,-0.007,0.321,0.014,0.002,0.005,0.002,-50.615,-278.941,387.280,176.199,-7.178,-121.254,1,-0.0323,0.0279,-0.0284,0
19315781,-0.005,0.306,0.082,0.001,0.004,-0.001,-50.615,-278.941,387.280,176.199,-7.178,-121.254,1,-0.0323,0.0279,-0.0284,0
19315859,0.001,0.318,0.030,0.001,0.005,0.001,-50.615,-278.941,387.280,176.199,-7.178,-121.254,1,-0.0323,0.0279,-0.0284,0
19315953,0.008,0.315,0.050,0.001,0.005,0.001,-50.615,-278.941,387.280,176.199,-7.178,-121.254,1,-0.0323,0.0279,-0.0284,0
19316031,0.005,0.326,0.045,0.001,0.004,0.001,-50.615,-278.941,387.280,176.199,-7.178,-121.254,1,-0.0323,0.0279,-0.0284,0
19316109,-0.008,0.322,0.060,0.001,0.005,0.000,-50.615,-278.941,387.280,176.199,-7.178,-121.254,1,-0.0323,0.0279,-0.0284,0
19316218,0.005,0.312,0.087,0.001,0.005,-0.000,-50.615,-278.941,387.280,176.199,-7.178,-121.254,1,-0.0323,0.0279,-0.0284,0
19316328,0.000,0.302,0.023,0.001,0.004,0.001,-50.615,-278.941,387.280,176.199,-7.178,-121.254,1,-0.0323,0.0279,-0.0284,0
19316468,-0.007,0.313,0.023,0.002,0.005,0.001,-50.615,-278.941,387.280,176.199,-7.178,-121.254,1,-0.0323,0.0279,-0.0284,0
19316515,-0.009,0.309,0.062,0.002,0.005,0.000,-50.615,-278.941,387.280,176.199,-7.178,-121.254,1,-0.0323,0.0279,-0.0284,0
19316562,-0.017,0.316,0.055,0.002,0.005,0.001,-50.615,-278.941,387.280,176.199,-7.178,-121.254,1,-0.0323,0.0279,-0.0284,0
19316640,-0.010,0.316,0.042,0.001,0.005,0.001,-50.615,-278.941,387.280,176.199,-7.178,-121.254,1,-0.0323,0.0279,-0.0284,0
19316781,0.001,0.326,0.071,0.002,0.004,0.001,-50.615,-278.941,387.280,176.199,-7.178,-121.254,1,-0.0323,0.0279,-0.0284,0
19316875,-0.000,0.316,0.076,0.001,0.004,0.001,-50.615,-278.941,387.280,176.199,-7.178,-121.254,1,-0.0323,0.0279,-0.0284,0
19316984,-0.007,0.321,0.060,0.002,0.005,0.001,-50.615,-278.941,387.280,176.199,-7.178,-121.254,1,-0.0323,0.0279,-0.0284,0
19317062,0.005,0.306,0.082,0.000,0.004,-0.002,-50.615,-278.941,387.280,176.199,-7.178,-121.254,1,-0.0323,0.0279,-0.0284,0
19317140,-0.025,0.309,0.081,0.001,0.005,0.000,-50.615,-278.941,387.280,176.199,-7.178,-121.254,1,-0.0323,0.0279,-0.0284,0
19317234,-0.009,0.313,0.080,0.001,0.005,-0.000,-50.615,-278.941,387.280,176.199,-7.178,-121.254,1,-0.0323,0.0279,-0.0284,0
19317312,-0.009,0.315,0.083,0.001,0.005,0.001,-50.615,-278.941,387.280,176.199,-7.178,-121.254,1,-0.0323,0.0279,-0.0284,0
19317421,-0.030,0.311,0.064,0.002,0.005,0.001,-50.615,-278.941,387.280,176.199,-7.178,-121.254,1,-0.0323,0.0279,-0.0284,0
19317515,-0.021,0.329,0.047,0.002,0.005,0.001,-50.615,-278.941,387.280,176.199,-7.178,-121.254,1,-0.0323,0.0279,-0.0284,0
19317656,-0.006,0.325,0.039,0.001,0.005,0.001,-50.615,-278.941,387.280,176.199,-7.178,-121.254,1,-0.0323,0.0279,-0.0284,0
19317703,-0.011,0.328,0.019,0.001,0.005,0.002,-50.615,-278.941,387.280,176.199,-7.178,-121.254,1,-0.0323,0.0279,-0.0284,0
19317750,-0.008,0.322,0.043,0.001,0.005,0.001,-50.615,-278.941,387.280,176.199,-7.178,-121.254,1,-0.0323,0.0279,-0.0284,0
19317828,-0.021,0.332,0.070,0.002,0.005,0.001,-50.615,-278.941,387.280,176.199,-7.178,-121.254,1,-0.0323,0.0279,-0.0284,0
19317968,-0.016,0.320,0.051,0.001,0.005,0.001,-50.615,-278.941,387.280,176.199,-7.178,-121.254,1,-0.0323,0.0279,-0.0284,0
19318062,-0.018,0.324,0.049,0.002,0.005,0.001,-50.615,-278.941,387.280,176.199,-7.178,-121.254,1,-0.0323,0.0279,-0.0284,0
19318171,-0.051,0.323,0.028,0.003,0.006,0.001,-50.615,-278.941,387.280,176.199,-7.178,-121.254,1,-0.0323,0.0279,-0.0284,0
19318250,-0.020,0.337,0.035,0.002,0.005,0.001,-50.615,-278.941,387.280,176.199,-7.178,-121.254,1,-0.0323,0.0279,-0.0284,0
19318343,-0.001,0.331,0.059,0.002,0.004,0.001,-50.615,-278.941,387.280,176.199,-7.178,-121.254,1,-0.0323,0.0279,-0.0284,0
19318421,0.000,0.328,0.064,0.002,0.005,0.000,-50.615,-278.941,387.280,176.199,-7.178,-121.254,1,-0.0323,0.0279,-0.0284,0
19318500,-0.017,0.330,0.077,0.002,0.005,0.002,-50.615,-278.941,387.280,176.199,-7.178,-121.254,1,-0.0323,0.0279,-0.0284,0
19318609,-0.024,0.326,0.047,0.002,0.005,0.002,-50.615,-278.941,387.280,176.199,-7.178,-121.254,1,-0.0323,0.0279,-0.0284,0
19318718,0.001,0.330,0.045,0.002,0.004,0.001,-50.615,-278.941,387.280,176.199,-7.178,-121.254,1,-0.0323,0.0279,-0.0284,0
19318859,-0.018,0.324,0.047,0.002,0.005,0.001,-50.615,-278.941,387.280,176.199,-7.178,-121.254,1,-0.0323,0.0279,-0.0284,0
19318906,-0.035,0.318,0.059,0.002,0.005,0.001,-50.615,-278.941,387.280,176.199,-7.178,-121.254,1,-0.0323,0.0279,-0.0284,0
19318953,-0.020,0.324,0.062,0.002,0.005,0.001,-50.615,-278.941,387.280,176.199,-7.178,-121.254,1,-0.0323,0.0279,-0.0284,0
19319031,0.009,0.321,0.079,0.001,0.004,-0.001,-50.615,-278.941,387.280,176.199,-7.178,-121.254,1,-0.0323,0.0279,-0.0284,0
19319171,-0.002,0.332,0.079,0.002,0.004,0.000,-50.615,-278.941,387.280,176.199,-7.178,-121.254,1,-0.0323,0.0279,-0.0284,0
19319265,-0.002,0.334,0.050,0.002,0.005,0.001,-50.615,-278.941,387.280,176.199,-7.178,-121.254,1,-0.0323,0.0279,-0.0284,0
19319375,-0.015,0.338,0.061,0.002,0.005,0.002,-50.615,-278.941,387.280,176.199,-7.178,-121.254,1,-0.0323,0.0279,-0.0284,0
19319453,0.004,0.335,0.036,0.002,0.004,0.001,-50.615,-278.941,387.280,176.199,-7.178,-121.254,1,-0.0323,0.0279,-0.0284,0
19319546,-0.014,0.334,0.049,0.002,0.005,0.001,-50.615,-278.941,387.280,176.199,-7.178,-121.254,1,-0.0323,0.0279,-0.0284,0
19319625,-0.008,0.343,0.038,0.002,0.005,0.002,-50.615,-278.941,387.280,176.199,-7.178,-121.254,1,-0.0323,0.0279,-0.0284,0
19319703,-0.030,0.364,0.013,0.004,0.005,0.003,-50.615,-278.941,387.280,176.199,-7.178,-121.254,1,-0.0323,0.0279,-0.0284,0
19319812,-0.012,0.342,0.028,0.003,0.005,0.002,-50.615,-278.941,387.280,176.199,-7.178,-121.254,1,-0.0323,0.0279,-0.0284,0
19319921,0.002,0.342,0.049,0.002,0.005,-0.000,-50.615,-278.941,387.280,176.199,-7.178,-121.254,1,-0.0323,0.0279,-0.0284,0
19320062,0.010,0.342,0.046,0.002,0.004,0.000,-50.615,-278.941,387.280,176.199,-7.178,-121.254,1,-0.0323,0.0279,-0.0284,0
19320109,-0.002,0.340,0.054,0.002,0.005,0.002,-50.615,-278.941,387.280,176.199,-7.178,-121.254,1,-0.0323,0.0279,-0.0284,0
19320156,-0.010,0.344,0.048,0.003,0.005,0.002,-50.615,-278.941,387.280,176.199,-7.178,-121.254,1,-0.0323,0.0279,-0.0284,0
19320234,0.001,0.345,0.050,0.002,0.005,0.001,-50.615,-278.941,387.280,176.199,-7.178,-121.254,1,-0.0323,0.0279,-0.0284,0
19320375,-0.003,0.338,0.044,0.003,0.005,0.002,-50.615,-278.941,387.280,176.199,-7.178,-121.254,1,-0.0323,0.0279,-0.0284,0
19320468,-0.011,0.343,0.021,0.003,0.005,0.002,-50.615,-278.941,387.280,176.199,-7.178,-121.254,1,-0.0323,0.0279,-0.0284,0
19320578,0.007,0.334,0.048,0.002,0.005,0.001,-50.615,-278.941,387.280,176.199,-7.178,-121.254,1,-0.0323,0.0279,-0.0284,0
19320656,0.018,0.320,0.073,0.001,0.004,-0.001,-50.615,-278.941,387.280,176.199,-7.178,-121.254,1,-0.0323,0.0279,-0.0284,0
19320750,0.003,0.343,0.027,0.003,0.004,0.002,-50.615,-278.941,387.280,176.199,-7.178,-121.254,1,-0.0323,0.0279,-0.0284,0
19320828,0.021,0.341,0.050,0.002,0.004,0.001,-50.615,-278.941,387.280,176.199,-7.178,-121.254,1,-0.0323,0.0279,-0.0284,0
19320906,0.012,0.352,0.012,0.002,0.004,0.002,-50.615,-278.941,387.280,176.199,-7.178,-121.254,1,-0.0323,0.0279,-0.0284,0
19321015,0.033,0.342,0.039,0.002,0.004,0.001,-50.615,-278.941,387.280,176.199,-7.178,-121.254,1,-0.0323,0.0279,-0.0284,0
19321125,0.013,0.341,0.038,0.003,0.005,0.001,-50.615,-278.941,387.280,176.199,-7.178,-121.254,1,-0.0323,0.0279,-0.0284,0
19321265,0.006,0.328,0.059,0.001,0.004,0.000,-50.615,-278.941,387.280,176.199,-7.178,-121.254,1,-0.0323,0.0279,-0.0284,0
19321312,-0.005,0.341,0.010,0.002,0.004,0.002,-50.615,-278.941,387.280,176.199,-7.178,-121.254,1,-0.0323,0.0279,-0.0284,0
19321359,-0.000,0.349,-0.021,0.003,0.005,0.003,-50.615,-278.941,387.280,176.199,-7.178,-121.254,1,-0.0323,0.0279,-0.0284,0
19321437,0.003,0.354,0.031,0.003,0.005,0.001,-50.615,-278.941,387.280,176.199,-7.178,-121.254,1,-0.0323,0.0279,-0.0284,0
19321578,0.017,0.342,0.059,0.002,0.004,-0.001,-50.615,-278.941,387.280,176.199,-7.178,-121.254,1,-0.0323,0.0279,-0.0284,0
19321671,0.014,0.360,0.015,0.002,0.005,0.002,-50.615,-278.941,387.280,176.199,-7.178,-121.254,1,-0.0323,0.0279,-0.0284,0
19321781,0.029,0.363,0.062,0.002,0.004,0.001,-50.615,-278.941,387.280,176.199,-7.178,-121.254,1,-0.0323,0.0279,-0.0284,0
19321859,0.015,0.341,0.063,0.002,0.004,0.000,-50.615,-278.941,387.280,176.199,-7.178,-121.254,1,-0.0323,0.0279,-0.0284,0
19321953,0.008,0.334,0.054,0.002,0.004,0.000,-50.615,-278.941,387.280,176.199,-7.178,-121.254,1,-0.0323,0.0279,-0.0284,0
19322031,0.008,0.338,0.040,0.002,0.004,0.001,-50.615,-278.941,387.280,176.199,-7.178,-121.254,1,-0.0323,0.0279,-0.0284,0
19322109,0.010,0.352,-0.014,0.003,0.005,0.003,-50.615,-278.941,387.280,176.199,-7.178,-121.254,1,-0.0323,0.0279,-0.0284,0
19322218,0.013,0.335,0.062,0.002,0.004,-0.000,-50.615,-278.941,387.280,176.199,-7.178,-121.254,1,-0.0323,0.0279,-0.0284,0
19322328,0.017,0.338,0.087,0.002,0.004,-0.001,-50.615,-278.941,387.280,176.199,-7.178,-121.254,1,-0.0323,0.0279,-0.0284,0
19322468,0.039,0.347,0.046,0.002,0.004,0.000,-50.615,-278.941,387.280,176.199,-7.178,-121.254,1,-0.0323,0.0279,-0.0284,0
19322515,0.038,0.349,0.067,0.002,0.004,-0.000,-50.615,-278.941,387.280,176.199,-7.178,-121.254,1,-0.0323,0.0279,-0.0284,0
19322562,0.029,0.345,0.067,0.002,0.004,-0.000,-50.615,-278.941,387.280,176.199,-7.178,-121.254,1,-0.0323,0.0279,-0.0284,0
19322640,0.013,0.339,0.040,0.002,0.004,0.001,-50.615,-278.941,387.280,176.199,-7.178,-121.254,1,-0.0323,0.0279,-0.0284,0
19322781,0.006,0.337,0.060,0.002,0.005,0.000,-50.615,-278.941,387.280,176.199,-7.178,-121.254,1,-0.0323,0.0279,-0.0284,0
19322875,0.018,0.336,0.044,0.002,0.004,0.000,-50.615,-278.941,387.280,176.199,-7.178,-121.254,1,-0.0323,0.0279,-0.0284,0
19322984,0.018,0.358,0.021,0.002,0.004,0.001,-50.615,-278.941,387.280,176.199,-7.178,-121.254,1,-0.0323,0.0279,-0.0284,0
19323062,0.022,0.358,0.020,0.002,0.004,0.001,-50.615,-278.941,387.280,176.199,-7.178,-121.254,1,-0.0323,0.0279,-0.0284,0
19323156,0.022,0.355,0.032,0.002,0.005,0.001,-50.615,-278.941,387.280,176.199,-7.178,-121.254,1,-0.0323,0.0279,-0.0284,0
19323234,0.015,0.337,0.079,0.002,0.004,-0.000,-50.615,-278.941,387.280,176.199,-7.178,-121.254,1,-0.0323,0.0279,-0.0284,0
19323312,0.014,0.342,0.033,0.002,0.004,0.001,-50.615,-278.941,387.280,176.199,-7.178,-121.254,1,-0.0323,0.0279,-0.0284,0
19323421,0.009,0.339,0.069,0.002,0.004,0.000,-50.615,-278.941,387.280,176.199,-7.178,-121.254,1,-0.0323,0.0279,-0.0284,0
19323531,0.005,0.341,0.061,0.002,0.004,-0.000,-50.615,-278.941,387.280,176.199,-7.178,-121.254,1,-0.0323,0.0279,-0.0284,0
19323671,0.013,0.334,0.062,0.002,0.004,-0.000,-50.615,-278.941,387.280,176.199,-7.178,-121.254,1,-0.0323,0.0279,-0.0284,0
19323718,0.007,0.330,0.068,0.002,0.004,-0.001,-50.615,-278.941,387.280,176.199,-7.178,-121.254,1,-0.0323,0.0279,-0.0284,0
19323765,0.015,0.336,0.059,0.002,0.004,0.000,-50.615,-278.941,387.280,176.199,-7.178,-121.254,1,-0.0323,0.0279,-0.0284,0
19323843,0.017,0.342,0.048,0.002,0.004,0.001,-50.615,-278.941,387.280,176.199,-7.178,-121.254,1,-0.0323,0.0279,-0.0284,0
19323984,0.012,0.350,0.067,0.002,0.004,0.000,-50.615,-278.941,387.280,176.199,-7.178,-121.254,1,-0.0323,0.0279,-0.0284,0
19324078,0.019,0.327,0.045,0.001,0.004,0.000,-50.615,-278.941,387.280,176.199,-7.178,-121.254,1,-0.0323,0.0279,-0.0284,0
19324187,0.005,0.347,0.022,0.002,0.005,0.002,-50.615,-278.941,387.280,176.199,-7.178,-121.254,1,-0.0323,0.0279,-0.0284,0
19324265,-0.006,0.349,0.054,0.003,0.006,0.001,-50.615,-278.941,387.280,176.199,-7.178,-121.254,1,-0.0323,0.0279,-0.0284,0
19324359,0.009,0.335,0.032,0.002,0.004,0.001,-50.615,-278.941,387.280,176.199,-7.178,-121.254,1,-0.0323,0.0279,-0.0284,0
19324437,0.017,0.341,0.052,0.002,0.004,0.000,-50.615,-278.941,387.280,176.199,-7.178,-121.254,1,-0.0323,0.0279,-0.0284,0
19324515,0.005,0.336,0.051,0.002,0.004,0.001,-50.615,-278.941,387.280,176.199,-7.178,-121.254,1,-0.0323,0.0279,-0.0284,0
19324625,0.003,0.306,0.121,0.002,0.004,-0.001,-50.615,-278.941,387.280,176.199,-7.178,-121.254,1,-0.0323,0.0279,-0.0284,0
19324734,0.005,0.342,0.059,0.002,0.004,0.001,-50.615,-278.941,387.280,176.199,-7.178,-121.254,1,-0.0323,0.0279,-0.0284,0
19324875,0.008,0.337,0.070,0.001,0.005,-0.000,-50.615,-278.941,387.280,176.199,-7.178,-121.254,1,-0.0323,0.0279,-0.0284,0
19324921,0.006,0.342,0.082,0.002,0.005,0.001,-50.615,-278.941,387.280,176.199,-7.178,-121.254,1,-0.0323,0.0279,-0.0284,0
19324968,-0.000,0.340,0.076,0.002,0.005,0.001,-50.615,-278.941,387.280,176.199,-7.178,-121.254,1,-0.0323,0.0279,-0.0284,0
19325046,0.011,0.339,0.048,0.002,0.004,0.001,-50.615,-278.941,387.280,176.199,-7.178,-121.254,1,-0.0323,0.0279,-0.0284,0
19325187,0.004,0.333,0.049,0.002,0.005,0.000,-50.615,-278.941,387.280,176.199,-7.178,-121.254,1,-0.0323,0.0279,-0.0284,0
19325281,-0.022,0.331,0.053,0.002,0.005,0.001,-50.615,-278.941,387.280,176.199,-7.178,-121.254,1,-0.0323,0.0279,-0.0284,0
19325390,0.001,0.336,0.066,0.003,0.005,0.001,-50.615,-278.941,387.280,176.199,-7.178,-121.254,1,-0.0323,0.0279,-0.0284,0
19325468,0.012,0.347,0.055,0.002,0.004,0.001,-50.615,-278.941,387.280,176.199,-7.178,-121.254,1,-0.0323,0.0279,-0.0284,0
19325562,0.007,0.352,0.045,0.002,0.005,0.002,-50.615,-278.941,387.280,176.199,-7.178,-121.254,1,-0.0323,0.0279,-0.0284,0
19325640,-0.007,0.349,0.060,0.002,0.005,0.001,-50.615,-278.941,387.280,176.199,-7.178,-121.254,1,-0.0323,0.0279,-0.0284,0
19325718,0.005,0.343,0.066,0.002,0.004,0.001,-50.615,-278.941,387.280,176.199,-7.178,-121.254,1,-0.0323,0.0279,-0.0284,0
19325828,0.003,0.337,0.046,0.002,0.005,0.001,-50.615,-278.941,387.280,176.199,-7.178,-121.254,1,-0.0323,0.0279,-0.0284,0
19325921,-0.019,0.310,0.032,0.002,0.005,0.002,-50.615,-278.941,387.280,176.199,-7.178,-121.254,1,-0.0323,0.0279,-0.0284,0
19326062,-0.003,0.319,0.081,0.002,0.005,0.001,-50.615,-278.941,387.280,176.199,-7.178,-121.254,1,-0.0323,0.0279,-0.0284,0
19326109,0.008,0.339,0.069,0.002,0.004,0.001,-50.615,-278.941,387.280,176.199,-7.178,-121.254,1,-0.0323,0.0279,-0.0284,0
19326156,0.016,0.333,0.057,0.002,0.004,0.000,-50.615,-278.941,387.280,176.199,-7.178,-121.254,1,-0.0323,0.0279,-0.0284,0
19326234,0.006,0.336,0.036,0.002,0.005,0.001,-50.615,-278.941,387.280,176.199,-7.178,-121.254,1,-0.0323,0.0279,-0.0284,0
19326375,0.011,0.340,0.048,0.002,0.004,0.001,-50.615,-278.941,387.280,176.199,-7.178,-121.254,1,-0.0323,0.0279,-0.0284,0
19326484,0.004,0.343,0.049,0.003,0.005,0.002,-50.615,-278.941,387.280,176.199,-7.178,-121.254,1,-0.0323,0.0279,-0.0284,0
19326593,0.003,0.336,0.051,0.003,0.004,0.001,-50.615,-278.941,387.280,176.199,-7.178,-121.254,1,-0.0323,0.0279,-0.0284,0
19326671,0.019,0.324,0.083,0.001,0.004,-0.001,-50.615,-278.941,387.280,176.199,-7.178,-121.254,1,-0.0323,0.0279,-0.0284,0
19326750,0.019,0.336,0.056,0.002,0.004,0.001,-50.615,-278.941,387.280,176.199,-7.178,-121.254,1,-0.0323,0.0279,-0.0284,0
19326843,-0.005,0.354,0.037,0.003,0.005,0.002,-50.615,-278.941,387.280,176.199,-7.178,-121.254,1,-0.0323,0.0279,-0.0284,0
19326921,0.010,0.335,0.068,0.002,0.004,0.000,-50.615,-278.941,387.280,176.199,-7.178,-121.254,1,-0.0323,0.0279,-0.0284,0
19327031,0.002,0.339,0.043,0.002,0.005,0.001,-50.615,-278.941,387.280,176.199,-7.178,-121.254,1,-0.0323,0.0279,-0.0284,0
19327125,-0.000,0.347,0.050,0.002,0.005,0.001,-50.615,-278.941,387.280,176.199,-7.178,-121.254,1,-0.0323,0.0279,-0.0284,0
19327265,0.014,0.342,0.058,0.002,0.004,0.001,-50.615,-278.941,387.280,176.199,-7.178,-121.254,1,-0.0323,0.0279,-0.0284,0
19327312,0.007,0.334,0.059,0.002,0.005,0.001,-50.615,-278.941,387.280,176.199,-7.178,-121.254,1,-0.0323,0.0279,-0.0284,0
19327359,-0.007,0.329,0.046,0.003,0.005,0.002,-50.615,-278.941,387.280,176.199,-7.178,-121.254,1,-0.0323,0.0279,-0.0284,0
19327437,0.008,0.343,0.040,0.002,0.004,0.001,-50.615,-278.941,387.280,176.199,-7.178,-121.254,1,-0.0323,0.0279,-0.0284,0
19327578,0.015,0.329,0.068,0.002,0.004,0.000,-50.615,-278.941,387.280,176.199,-7.178,-121.254,1,-0.0323,0.0279,-0.0284,0
19327671,0.027,0.327,0.062,0.002,0.004,-0.000,-50.615,-278.941,387.280,176.199,-7.178,-121.254,1,-0.0323,0.0279,-0.0284,0
19327781,-0.009,0.344,0.038,0.003,0.005,0.003,-50.615,-278.941,387.280,176.199,-7.178,-121.254,1,-0.0323,0.0279,-0.0284,0
19327859,0.017,0.332,0.085,0.002,0.004,-0.000,-50.615,-278.941,387.280,176.199,-7.178,-121.254,1,-0.0323,0.0279,-0.0284,0
19327953,0.019,0.338,0.054,0.002,0.004,0.000,-50.615,-278.941,387.280,176.199,-7.178,-121.254,1,-0.0323,0.0279,-0.0284,0
19328031,0.010,0.336,0.041,0.002,0.005,0.001,-50.615,-278.941,387.280,176.199,-7.178,-121.254,1,-0.0323,0.0279,-0.0284,0
19328109,-0.005,0.333,0.043,0.003,0.005,0.002,-50.615,-278.941,387.280,176.199,-7.178,-121.254,1,-0.0323,0.0279,-0.0284,0
19328218,0.007,0.323,0.050,0.002,0.004,0.000,-50.615,-278.941,387.280,176.199,-7.178,-121.254,1,-0.0323,0.0279,-0.0284,0
19328328,0.022,0.326,0.060,0.002,0.004,-0.000,-50.615,-278.941,387.280,176.199,-7.178,-121.254,1,-0.0323,0.0279,-0.0284,0
19328468,0.006,0.340,0.039,0.003,0.005,0.002,-50.615,-278.941,387.280,176.199,-7.178,-121.254,1,-0.0323,0.0279,-0.0284,0
19328515,0.004,0.344,0.023,0.003,0.005,0.003,-50.615,-278.941,387.280,176.199,-7.178,-121.254,1,-0.0323,0.0279,-0.0284,0
19328562,0.009,0.343,0.026,0.002,0.005,0.002,-50.615,-278.941,387.280,176.199,-7.178,-121.254,1,-0.0323,0.0279,-0.0284,0
19328640,0.039,0.326,0.080,0.002,0.004,-0.000,-50.615,-278.941,387.280,176.199,-7.178,-121.254,1,-0.0323,0.0279,-0.0284,0
19328781,0.004,0.342,0.035,0.003,0.005,0.002,-50.615,-278.941,387.280,176.199,-7.178,-121.254,1,-0.0323,0.0279,-0.0284,0
19328875,0.007,0.348,0.047,0.002,0.004,0.001,-50.615,-278.941,387.280,176.199,-7.178,-121.254,1,-0.0323,0.0279,-0.0284,0
19328984,0.015,0.341,0.033,0.002,0.004,0.001,-50.615,-278.941,387.280,176.199,-7.178,-121.254,1,-0.0323,0.0279,-0.0284,0
19329062,0.011,0.334,0.043,0.002,0.004,0.001,-50.615,-278.941,387.280,176.199,-7.178,-121.254,1,-0.0323,0.0279,-0.0284,0
19329156,0.011,0.336,0.042,0.002,0.004,0.001,-50.615,-278.941,387.280,176.199,-7.178,-121.254,1,-0.0323,0.0279,-0.0284,0
19329234,0.030,0.326,0.051,0.001,0.004,-0.001,-50.615,-278.941,387.280,176.199,-7.178,-121.254,1,-0.0323,0.0279,-0.0284,0
19329312,0.006,0.347,0.004,0.003,0.004,0.003,-50.615,-278.941,387.280,176.199,-7.178,-121.254,1,-0.0323,0.0279,-0.0284,0
19329421,0.009,0.343,0.046,0.003,0.004,0.002,-50.615,-278.941,387.280,176.199,-7.178,-121.254,1,-0.0323,0.0279,-0.0284,0
19329531,0.025,0.340,0.081,0.002,0.004,-0.000,-50.615,-278.941,387.280,176.199,-7.178,-121.254,1,-0.0323,0.0279,-0.0284,0
19329656,0.022,0.341,0.048,0.002,0.004,0.001,-50.615,-278.941,387.280,176.199,-7.178,-121.254,1,-0.0323,0.0279,-0.0284,0
19329703,0.021,0.322,0.054,0.002,0.004,0.000,-50.615,-278.941,387.280,176.199,-7.178,-121.254,1,-0.0323,0.0279,-0.0284,0
19329765,0.020,0.314,0.049,0.002,0.004,-0.000,-50.615,-278.941,387.280,176.199,-7.178,-121.254,1,-0.0323,0.0279,-0.0284,0
19329843,0.020,0.329,0.079,0.002,0.005,0.000,-50.615,-278.941,387.280,176.199,-7.178,-121.254,1,-0.0323,0.0279,-0.0284,0
19329984,0.029,0.318,0.060,0.001,0.004,-0.000,-50.615,-278.941,387.280,176.199,-7.178,-121.254,1,-0.0323,0.0279,-0.0284,0
19330078,0.022,0.333,0.039,0.002,0.004,0.001,-50.615,-278.941,387.280,176.199,-7.178,-121.254,1,-0.0323,0.0279,-0.0284,0
19330187,0.021,0.345,0.024,0.002,0.004,0.002,-50.615,-278.941,387.280,176.199,-7.178,-121.254,1,-0.0323,0.0279,-0.0284,0
19330265,0.021,0.336,0.049,0.002,0.004,0.001,-50.615,-278.941,387.280,176.199,-7.178,-121.254,1,-0.0323,0.0279,-0.0284,0
19330359,0.019,0.351,0.012,0.002,0.004,0.002,-50.615,-278.941,387.280,176.199,-7.178,-121.254,1,-0.0323,0.0279,-0.0284,0
19330437,0.018,0.329,0.074,0.001,0.004,-0.000,-50.615,-278.941,387.280,176.199,-7.178,-121.254,1,-0.0323,0.0279,-0.0284,0
19330515,0.003,0.336,0.032,0.002,0.004,0.001,-50.615,-278.941,387.280,176.199,-7.178,-121.254,1,-0.0323,0.0279,-0.0284,0
19330625,0.013,0.339,0.051,0.002,0.004,0.001,-50.615,-278.941,387.280,176.199,-7.178,-121.254,1,-0.0323,0.0279,-0.0284,0
19330734,0.016,0.336,0.065,0.002,0.004,-0.000,-50.615,-278.941,387.280,176.199,-7.178,-121.254,1,-0.0323,0.0279,-0.0284,0
19330875,0.018,0.339,0.062,0.002,0.004,0.000,-50.615,-278.941,387.280,176.199,-7.178,-121.254,1,-0.0323,0.0279,-0.0284,0
19330921,0.016,0.353,0.034,0.002,0.004,0.002,-50.615,-278.941,387.280,176.199,-7.178,-121.254,1,-0.0323,0.0279,-0.0284,0
19330968,0.005,0.353,0.031,0.003,0.004,0.002,-50.615,-278.941,387.280,176.199,-7.178,-121.254,1,-0.0323,0.0279,-0.0284,0
19331046,0.014,0.343,0.050,0.003,0.004,0.001,-50.615,-278.941,387.280,176.199,-7.178,-121.254,1,-0.0323,0.0279,-0.0284,0
19331187,0.014,0.341,0.072,0.002,0.004,0.000,-50.615,-278.941,387.280,176.199,-7.178,-121.254,1,-0.0323,0.0279,-0.0284,0
19331281,0.011,0.331,0.056,0.002,0.004,0.000,-50.615,-278.941,387.280,176.199,-7.178,-121.254,1,-0.0323,0.0279,-0.0284,0
19331390,0.011,0.332,0.030,0.002,0.004,0.001,-50.615,-278.941,387.280,176.199,-7.178,-121.254,1,-0.0323,0.0279,-0.0284,0
19331468,0.019,0.332,0.045,0.001,0.005,0.001,-50.615,-278.941,387.280,176.199,-7.178,-121.254,1,-0.0323,0.0279,-0.0284,0
19331562,0.021,0.326,0.071,0.001,0.004,0.000,-50.615,-278.941,387.280,176.199,-7.178,-121.254,1,-0.0323,0.0279,-0.0284,0
19331640,0.015,0.340,0.041,0.002,0.004,0.001,-50.615,-278.941,387.280,176.199,-7.178,-121.254,1,-0.0323,0.0279,-0.0284,0
19331718,0.033,0.347,0.022,0.002,0.004,0.002,-50.615,-278.941,387.280,176.199,-7.178,-121.254,1,-0.0323,0.0279,-0.0284,0
19331828,0.025,0.334,0.069,0.002,0.004,0.000,-50.615,-278.941,387.280,176.199,-7.178,-121.254,1,-0.0323,0.0279,-0.0284,0
19331937,0.019,0.327,0.056,0.002,0.005,-0.000,-50.615,-278.941,387.280,176.199,-7.178,-121.254,1,-0.0323,0.0279,-0.0284,0
19332078,0.005,0.338,0.033,0.002,0.004,0.001,-50.615,-278.941,387.280,176.199,-7.178,-121.254,1,-0.0323,0.0279,-0.0284,0
19332125,0.013,0.329,0.076,0.002,0.004,0.001,-50.615,-278.941,387.280,176.199,-7.178,-121.254,1,-0.0323,0.0279,-0.0284,0
19332171,0.016,0.342,0.038,0.002,0.004,0.001,-50.615,-278.941,387.280,176.199,-7.178,-121.254,1,-0.0323,0.0279,-0.0284,0
19332250,0.014,0.329,0.061,0.001,0.004,-0.000,-50.615,-278.941,387.280,176.199,-7.178,-121.254,1,-0.0323,0.0279,-0.0284,0
19332390,0.020,0.333,0.079,0.002,0.004,-0.001,-50.615,-278.941,387.280,176.199,-7.178,-121.254,1,-0.0323,0.0279,-0.0284,0
19332484,0.027,0.351,0.044,0.002,0.004,0.001,-50.615,-278.941,387.280,176.199,-7.178,-121.254,1,-0.0323,0.0279,-0.0284,0
19332593,0.001,0.343,0.045,0.002,0.005,0.001,-50.615,-278.941,387.280,176.199,-7.178,-121.254,1,-0.0323,0.0279,-0.0284,0
19332671,0.009,0.339,0.068,0.002,0.004,0.000,-50.615,-278.941,387.280,176.199,-7.178,-121.254,1,-0.0323,0.0279,-0.0284,0
19332765,0.022,0.330,0.035,0.002,0.004,0.000,-50.615,-278.941,387.280,176.199,-7.178,-121.254,1,-0.0323,0.0279,-0.0284,0
19332843,0.004,0.345,0.050,0.002,0.004,0.001,-50.615,-278.941,387.280,176.199,-7.178,-121.254,1,-0.0323,0.0279,-0.0284,0
19332921,0.013,0.342,0.014,0.001,0.004,0.002,-50.615,-278.941,387.280,176.199,-7.178,-121.254,1,-0.0323,0.0279,-0.0284,0
19333031,-0.007,0.340,0.078,0.002,0.005,-0.000,-50.615,-278.941,387.280,176.199,-7.178,-121.254,1,-0.0323,0.0279,-0.0284,0
19333140,0.023,0.347,0.043,0.002,0.004,0.001,-50.615,-278.941,387.280,176.199,-7.178,-121.254,1,-0.0323,0.0279,-0.0284,0
19333281,0.022,0.339,0.093,0.002,0.004,-0.001,-50.615,-278.941,387.280,176.199,-7.178,-121.254,1,-0.0323,0.0279,-0.0284,0
19333328,0.017,0.348,0.104,0.002,0.004,-0.000,-50.615,-278.941,387.280,176.199,-7.178,-121.254,1,-0.0323,0.0279,-0.0284,0
19333375,0.021,0.348,0.091,0.002,0.004,0.000,-50.615,-278.941,387.280,176.199,-7.178,-121.254,1,-0.0323,0.0279,-0.0284,0
19333453,0.015,0.332,0.038,0.002,0.004,0.001,-50.615,-278.941,387.280,176.199,-7.178,-121.254,1,-0.0323,0.0279,-0.0284,0
19333593,0.009,0.340,0.046,0.002,0.004,0.001,-50.615,-278.941,387.280,176.199,-7.178,-121.254,1,-0.0323,0.0279,-0.0284,0
19333687,0.021,0.334,0.070,0.002,0.004,-0.000,-50.615,-278.941,387.280,176.199,-7.178,-121.254,1,-0.0323,0.0279,-0.0284,0
19333796,0.019,0.349,0.046,0.002,0.004,0.000,-50.615,-278.941,387.280,176.199,-7.178,-121.254,1,-0.0323,0.0279,-0.0284,0
19333875,0.021,0.352,0.042,0.002,0.004,0.000,-50.615,-278.941,387.280,176.199,-7.178,-121.254,1,-0.0323,0.0279,-0.0284,0
19333968,0.027,0.356,0.084,0.002,0.004,-0.000,-50.615,-278.941,387.280,176.199,-7.178,-121.254,1,-0.0323,0.0279,-0.0284,0
19334046,0.013,0.360,0.049,0.002,0.004,0.001,-50.615,-278.941,387.280,176.199,-7.178,-121.254,1,-0.0323,0.0279,-0.0284,0
19334125,0.009,0.348,0.059,0.002,0.004,0.000,-50.615,-278.941,387.280,176.199,-7.178,-121.254,1,-0.0323,0.0279,-0.0284,0
19334234,0.006,0.350,0.031,0.002,0.004,0.002,-50.615,-278.941,387.280,176.199,-7.178,-121.254,1,-0.0323,0.0279,-0.0284,0
19334343,-0.004,0.352,0.079,0.002,0.004,0.000,-50.615,-278.941,387.280,176.199,-7.178,-121.254,1,-0.0323,0.0279,-0.0284,0
19334484,-0.008,0.345,0.036,0.002,0.004,0.001,-50.615,-278.941,387.280,176.199,-7.178,-121.254,1,-0.0323,0.0279,-0.0284,0
19334531,0.010,0.347,0.053,0.002,0.004,0.000,-50.615,-278.941,387.280,176.199,-7.178,-121.254,1,-0.0323,0.0279,-0.0284,0
19334578,0.018,0.352,0.031,0.002,0.004,0.001,-50.615,-278.941,387.280,176.199,-7.178,-121.254,1,-0.0323,0.0279,-0.0284,0
19334656,0.002,0.341,0.076,0.002,0.005,-0.000,-50.615,-278.941,387.280,176.199,-7.178,-121.254,1,-0.0323,0.0279,-0.0284,0
19334796,0.012,0.363,0.067,0.003,0.004,0.001,-50.615,-278.941,387.280,176.199,-7.178,-121.254,1,-0.0323,0.0279,-0.0284,0
19334890,0.009,0.352,0.041,0.002,0.004,0.002,-50.615,-278.941,387.280,176.199,-7.178,-121.254,1,-0.0323,0.0279,-0.0284,0
19335000,0.003,0.335,0.055,0.003,0.005,0.001,-50.615,-278.941,387.280,176.199,-7.178,-121.254,1,-0.0323,0.0279,-0.0284,0
19335078,0.010,0.340,0.047,0.002,0.004,0.001,-50.615,-278.941,387.280,176.199,-7.178,-121.254,1,-0.0323,0.0279,-0.0284,0
19335171,0.002,0.332,0.059,0.002,0.005,0.001,-50.615,-278.941,387.280,176.199,-7.178,-121.254,1,-0.0323,0.0279,-0.0284,0
19335250,-0.001,0.345,0.058,0.002,0.005,0.001,-50.615,-278.941,387.280,176.199,-7.178,-121.254,1,-0.0323,0.0279,-0.0284,0
19335328,0.012,0.351,0.025,0.002,0.004,0.001,-50.615,-278.941,387.280,176.199,-7.178,-121.254,1,-0.0323,0.0279,-0.0284,0
19335437,0.009,0.354,0.063,0.002,0.004,0.001,-50.615,-278.941,387.280,176.199,-7.178,-121.254,1,-0.0323,0.0279,-0.0284,0
19335546,0.001,0.359,0.005,0.002,0.004,0.003,-50.615,-278.941,387.280,176.199,-7.178,-121.254,1,-0.0323,0.0279,-0.0284,0
19335687,0.008,0.344,0.052,0.002,0.004,0.000,-50.615,-278.941,387.280,176.199,-7.178,-121.254,1,-0.0323,0.0279,-0.0284,0
19335734,0.008,0.346,0.036,0.002,0.004,0.000,-50.615,-278.941,387.280,176.199,-7.178,-121.254,1,-0.0323,0.0279,-0.0284,0
19335781,0.006,0.354,0.034,0.002,0.004,0.001,-50.615,-278.941,387.280,176.199,-7.178,-121.254,1,-0.0323,0.0279,-0.0284,0
19335859,0.002,0.347,0.076,0.002,0.004,-0.000,-50.615,-278.941,387.280,176.199,-7.178,-121.254,1,-0.0323,0.0279,-0.0284,0
19336000,-0.005,0.347,0.039,0.002,0.005,0.001,-50.615,-278.941,387.280,176.199,-7.178,-121.254,1,-0.0323,0.0279,-0.0284,0
19336093,-0.001,0.359,0.000,0.002,0.005,0.002,-50.615,-278.941,387.280,176.199,-7.178,-121.254,1,-0.0323,0.0279,-0.0284,0
19336203,-0.003,0.385,0.068,0.003,0.005,0.002,-50.615,-278.941,387.280,176.199,-7.178,-121.254,1,-0.0323,0.0279,-0.0284,0
19336281,-0.009,0.375,0.048,0.003,0.005,0.002,-50.615,-278.941,387.280,176.199,-7.178,-121.254,1,-0.0323,0.0279,-0.0284,0
19336375,0.001,0.350,0.092,0.003,0.004,0.001,-50.615,-278.941,387.280,176.199,-7.178,-121.254,1,-0.0323,0.0279,-0.0284,0
19336453,0.018,0.344,0.070,0.002,0.004,-0.000,-50.615,-278.941,387.280,176.199,-7.178,-121.254,1,-0.0323,0.0279,-0.0284,0
19336531,0.017,0.349,0.051,0.002,0.004,0.001,-50.615,-278.941,387.280,176.199,-7.178,-121.254,1,-0.0323,0.0279,-0.0284,0
19336640,-0.008,0.341,0.057,0.003,0.005,0.002,-50.615,-278.941,387.280,176.199,-7.178,-121.254,1,-0.0323,0.0279,-0.0284,0
19336750,0.005,0.354,0.045,0.002,0.004,0.001,-50.615,-278.941,387.280,176.199,-7.178,-121.254,1,-0.0323,0.0279,-0.0284,0
19336906,0.005,0.349,0.108,0.002,0.004,0.000,-50.615,-278.941,387.280,176.199,-7.178,-121.254,1,-0.0323,0.0279,-0.0284,0
19336953,0.011,0.349,0.096,0.002,0.004,-0.000,-50.615,-278.941,387.280,176.199,-7.178,-121.254,1,-0.0323,0.0279,-0.0284,0
19337000,0.007,0.346,0.076,0.002,0.004,0.000,-50.615,-278.941,387.280,176.199,-7.178,-121.254,1,-0.0323,0.0279,-0.0284,0
19337078,0.002,0.359,0.027,0.003,0.005,0.002,-50.615,-278.941,387.280,176.199,-7.178,-121.254,1,-0.0323,0.0279,-0.0284,0
19337218,-0.021,0.361,0.025,0.002,0.005,0.002,-50.615,-278.941,387.280,176.199,-7.178,-121.254,1,-0.0323,0.0279,-0.0284,0
19337312,-0.023,0.357,0.058,0.003,0.005,0.002,-50.615,-278.941,387.280,176.199,-7.178,-121.254,1,-0.0323,0.0279,-0.0284,0
19337421,0.001,0.333,0.124,0.002,0.004,-0.001,-50.615,-278.941,387.280,176.199,-7.178,-121.254,1,-0.0323,0.0279,-0.0284,0
19337500,-0.018,0.358,0.018,0.003,0.005,0.003,-50.615,-278.941,387.280,176.199,-7.178,-121.254,1,-0.0323,0.0279,-0.0284,0
19337593,-0.005,0.357,0.088,0.003,0.005,-0.000,-50.615,-278.941,387.280,176.199,-7.178,-121.254,1,-0.0323,0.0279,-0.0284,0
19337671,-0.002,0.386,0.097,0.004,0.005,-0.000,-50.615,-278.941,387.280,176.199,-7.178,-121.254,1,-0.0323,0.0279,-0.0284,0
19337750,0.007,0.353,0.087,0.002,0.005,-0.000,-50.615,-278.941,387.280,176.199,-7.178,-121.254,1,-0.0323,0.0279,-0.0284,0
19337859,0.009,0.349,0.077,0.003,0.004,0.001,-50.615,-278.941,387.280,176.199,-7.178,-121.254,1,-0.0323,0.0279,-0.0284,0
19337968,-0.009,0.351,0.046,0.003,0.005,0.002,-50.615,-278.941,387.280,176.199,-7.178,-121.254,1,-0.0323,0.0279,-0.0284,0
19338109,-0.005,0.343,0.068,0.002,0.005,0.001,-50.615,-278.941,387.280,176.199,-7.178,-121.254,1,-0.0323,0.0279,-0.0284,0
19338156,-0.016,0.336,0.065,0.002,0.005,0.001,-50.615,-278.941,387.280,176.199,-7.178,-121.254,1,-0.0323,0.0279,-0.0284,0
19338203,0.004,0.339,0.088,0.003,0.005,-0.000,-50.615,-278.941,387.280,176.199,-7.178,-121.254,1,-0.0323,0.0279,-0.0284,0
19338281,-0.014,0.357,0.033,0.003,0.005,0.003,-50.615,-278.941,387.280,176.199,-7.178,-121.254,1,-0.0323,0.0279,-0.0284,0
19338421,0.009,0.354,0.064,0.002,0.004,0.001,-50.615,-278.941,387.280,176.199,-7.178,-121.254,1,-0.0323,0.0279,-0.0284,0
19338515,-0.017,0.375,0.021,0.004,0.005,0.003,-50.615,-278.941,387.280,176.199,-7.178,-121.254,1,-0.0323,0.0279,-0.0284,0
19338562,-0.016,0.373,0.027,0.003,0.005,0.003,-50.615,-278.941,387.280,176.199,-7.178,-121.254,1,-0.0323,0.0279,-0.0284,0
19338625,-0.007,0.372,0.050,0.003,0.005,0.002,-50.615,-278.941,387.280,176.199,-7.178,-121.254,1,-0.0323,0.0279,-0.0284,0
19338703,0.009,0.353,0.047,0.002,0.005,0.001,-50.615,-278.941,387.280,176.199,-7.178,-121.254,1,-0.0323,0.0279,-0.0284,0
19338781,0.015,0.355,0.063,0.003,0.004,0.000,-50.615,-278.941,387.280,176.199,-7.178,-121.254,1,-0.0323,0.0279,-0.0284,0
19338875,-0.016,0.356,0.052,0.003,0.005,0.002,-50.615,-278.941,387.280,176.199,-7.178,-121.254,1,-0.0323,0.0279,-0.0284,0
19338953,-0.020,0.345,0.077,0.003,0.005,0.001,-50.615,-278.941,387.280,176.199,-7.178,-121.254,1,-0.0323,0.0279,-0.0284,0
19339062,-0.006,0.366,0.012,0.003,0.005,0.002,-50.615,-278.941,387.280,176.199,-7.178,-121.254,1,-0.0323,0.0279,-0.0284,0
19339156,-0.011,0.367,0.028,0.003,0.005,0.002,-50.615,-278.941,387.280,176.199,-7.178,-121.254,1,-0.0323,0.0279,-0.0284,0
19339312,0.001,0.359,0.056,0.002,0.004,0.001,-50.615,-278.941,387.280,176.199,-7.178,-121.254,1,-0.0323,0.0279,-0.0284,0
19339359,0.004,0.361,0.049,0.003,0.004,0.001,-50.615,-278.941,387.280,176.199,-7.178,-121.254,1,-0.0323,0.0279,-0.0284,0
19339406,0.004,0.357,0.054,0.003,0.004,0.001,-50.615,-278.941,387.280,176.199,-7.178,-121.254,1,-0.0323,0.0279,-0.0284,0
19339484,-0.003,0.366,0.016,0.003,0.005,0.002,-50.615,-278.941,387.280,176.199,-7.178,-121.254,1,-0.0323,0.0279,-0.0284,0
19339625,-0.009,0.353,0.037,0.003,0.005,0.002,-50.615,-278.941,387.280,176.199,-7.178,-121.254,1,-0.0323,0.0279,-0.0284,0
19339718,-0.000,0.361,0.045,0.003,0.005,0.002,-50.615,-278.941,387.280,176.199,-7.178,-121.254,1,-0.0323,0.0279,-0.0284,0
19339828,-0.008,0.369,0.038,0.003,0.005,0.002,-50.615,-278.941,387.280,176.199,-7.178,-121.254,1,-0.0323,0.0279,-0.0284,0
19339906,0.022,0.338,0.056,0.002,0.004,-0.001,-50.615,-278.941,387.280,176.199,-7.178,-121.254,1,-0.0323,0.0279,-0.0284,0
19340000,-0.000,0.359,0.051,0.003,0.005,0.001,-50.615,-278.941,387.280,176.199,-7.178,-121.254,1,-0.0323,0.0279,-0.0284,0
19340078,0.015,0.351,0.057,0.002,0.004,0.000,-50.615,-278.941,387.280,176.199,-7.178,-121.254,1,-0.0323,0.0279,-0.0284,0
19340156,0.001,0.368,0.020,0.003,0.005,0.002,-50.615,-278.941,387.280,176.199,-7.178,-121.254,1,-0.0323,0.0279,-0.0284,0
19340265,-0.011,0.369,0.017,0.003,0.005,0.003,-50.615,-278.941,387.280,176.199,-7.178,-121.254,1,-0.0323,0.0279,-0.0284,0
19340375,0.020,0.352,0.077,0.002,0.004,-0.000,-50.615,-278.941,387.280,176.199,-7.178,-121.254,1,-0.0323,0.0279,-0.0284,0
19340515,0.002,0.350,0.051,0.002,0.004,0.001,-50.615,-278.941,387.280,176.199,-7.178,-121.254,1,-0.0323,0.0279,-0.0284,0
19340562,-0.011,0.365,0.023,0.003,0.005,0.002,-50.615,-278.941,387.280,176.199,-7.178,-121.254,1,-0.0323,0.0279,-0.0284,0
19340609,0.000,0.355,0.054,0.002,0.005,0.000,-50.615,-278.941,387.280,176.199,-7.178,-121.254,1,-0.0323,0.0279,-0.0284,0
19340687,0.017,0.345,0.079,0.002,0.004,-0.001,-50.615,-278.941,387.280,176.199,-7.178,-121.254,1,-0.0323,0.0279,-0.0284,0
19340828,0.009,0.356,0.057,0.002,0.004,-0.000,-50.615,-278.941,387.280,176.199,-7.178,-121.254,1,-0.0323,0.0279,-0.0284,0
19340921,0.009,0.356,0.052,0.002,0.004,0.000,-50.615,-278.941,387.280,176.199,-7.178,-121.254,1,-0.0323,0.0279,-0.0284,0
19341031,0.028,0.365,0.059,0.002,0.004,0.001,-50.615,-278.941,387.280,176.199,-7.178,-121.254,1,-0.0323,0.0279,-0.0284,0
19341109,0.013,0.361,0.068,0.003,0.004,0.001,-50.615,-278.941,387.280,176.199,-7.178,-121.254,1,-0.0323,0.0279,-0.0284,0
19341203,0.000,0.341,0.041,0.002,0.005,0.001,-50.615,-278.941,387.280,176.199,-7.178,-121.254,1,-0.0323,0.0279,-0.0284,0
19341281,0.003,0.347,0.033,0.003,0.005,0.001,-50.615,-278.941,387.280,176.199,-7.178,-121.254,1,-0.0323,0.0279,-0.0284,0
19341359,0.001,0.356,0.017,0.003,0.005,0.002,-50.615,-278.941,387.280,176.199,-7.178,-121.254,1,-0.0323,0.0279,-0.0284,0
19341468,0.012,0.347,0.060,0.002,0.004,0.000,-50.615,-278.941,387.280,176.199,-7.178,-121.254,1,-0.0323,0.0279,-0.0284,0
19341578,0.023,0.337,0.087,0.002,0.004,-0.001,-50.615,-278.941,387.280,176.199,-7.178,-121.254,1,-0.0323,0.0279,-0.0284,0
19341718,0.015,0.355,0.018,0.002,0.004,0.002,-50.615,-278.941,387.280,176.199,-7.178,-121.254,1,-0.0323,0.0279,-0.0284,0
19341765,0.009,0.345,0.078,0.002,0.004,0.000,-50.615,-278.941,387.280,176.199,-7.178,-121.254,1,-0.0323,0.0279,-0.0284,0
19341812,0.009,0.349,0.053,0.003,0.005,0.001,-50.615,-278.941,387.280,176.199,-7.178,-121.254,1,-0.0323,0.0279,-0.0284,0
19341890,0.033,0.324,0.050,0.002,0.004,0.001,-50.615,-278.941,387.280,176.199,-7.178,-121.254,1,-0.0323,0.0279,-0.0284,0
19342031,0.010,0.342,0.048,0.002,0.005,0.000,-50.615,-278.941,387.280,176.199,-7.178,-121.254,1,-0.0323,0.0279,-0.0284,0
19342125,0.008,0.347,0.068,0.002,0.005,0.001,-50.615,-278.941,387.280,176.199,-7.178,-121.254,1,-0.0323,0.0279,-0.0284,0
19342234,0.010,0.350,0.042,0.002,0.004,0.001,-50.615,-278.941,387.280,176.199,-7.178,-121.254,1,-0.0323,0.0279,-0.0284,0
19342312,0.007,0.351,0.046,0.002,0.004,0.001,-50.615,-278.941,387.280,176.199,-7.178,-121.254,1,-0.0323,0.0279,-0.0284,0
19342406,0.014,0.355,0.042,0.002,0.005,0.001,-50.615,-278.941,387.280,176.199,-7.178,-121.254,1,-0.0323,0.0279,-0.0284,0
19342484,0.029,0.362,0.039,0.002,0.005,0.001,-50.615,-278.941,387.280,176.199,-7.178,-121.254,1,-0.0323,0.0279,-0.0284,0
19342562,0.027,0.356,0.067,0.002,0.004,0.000,-50.615,-278.941,387.280,176.199,-7.178,-121.254,1,-0.0323,0.0279,-0.0284,0
19342671,0.003,0.340,0.032,0.002,0.004,0.002,-50.615,-278.941,387.280,176.199,-7.178,-121.254,1,-0.0323,0.0279,-0.0284,0
19342781,0.015,0.333,0.066,0.002,0.004,0.000,-50.615,-278.941,387.280,176.199,-7.178,-121.254,1,-0.0323,0.0279,-0.0284,0
19342906,0.005,0.348,0.027,0.003,0.005,0.002,-50.615,-278.941,387.280,176.199,-7.178,-121.254,1,-0.0323,0.0279,-0.0284,0
19342953,0.013,0.347,0.035,0.003,0.004,0.002,-50.615,-278.941,387.280,176.199,-7.178,-121.254,1,-0.0323,0.0279,-0.0284,0
19343000,0.014,0.341,0.045,0.003,0.005,0.001,-50.615,-278.941,387.280,176.199,-7.178,-121.254,1,-0.0323,0.0279,-0.0284,0
19343078,0.018,0.327,0.113,0.002,0.004,-0.002,-50.615,-278.941,387.280,176.199,-7.178,-121.254,1,-0.0323,0.0279,-0.0284,0
19343218,0.009,0.340,0.090,0.001,0.004,-0.001,-50.615,-278.941,387.280,176.199,-7.178,-121.254,1,-0.0323,0.0279,-0.0284,0
19343312,0.033,0.356,0.041,0.002,0.004,0.002,-50.615,-278.941,387.280,176.199,-7.178,-121.254,1,-0.0323,0.0279,-0.0284,0
19343437,0.015,0.327,0.064,0.002,0.005,0.000,-50.615,-278.941,387.280,176.199,-7.178,-121.254,1,-0.0323,0.0279,-0.0284,0
19343515,0.007,0.347,0.095,0.002,0.004,-0.000,-50.615,-278.941,387.280,176.199,-7.178,-121.254,1,-0.0323,0.0279,-0.0284,0
19343609,0.005,0.354,0.025,0.002,0.004,0.001,-50.615,-278.941,387.280,176.199,-7.178,-121.254,1,-0.0323,0.0279,-0.0284,0
19343687,0.001,0.349,0.027,0.002,0.004,0.001,-50.615,-278.941,387.280,176.199,-7.178,-121.254,1,-0.0323,0.0279,-0.0284,0
19343765,0.014,0.353,0.031,0.002,0.004,0.001,-50.615,-278.941,387.280,176.199,-7.178,-121.254,1,-0.0323,0.0279,-0.0284,0
19343875,0.013,0.350,0.055,0.002,0.004,0.000,-50.615,-278.941,387.280,176.199,-7.178,-121.254,1,-0.0323,0.0279,-0.0284,0
19343984,0.015,0.350,0.063,0.002,0.004,-0.000,-50.615,-278.941,387.280,176.199,-7.178,-121.254,1,-0.0323,0.0279,-0.0284,0
19344125,0.001,0.347,0.068,0.003,0.005,0.001,-50.615,-278.941,387.280,176.199,-7.178,-121.254,1,-0.0323,0.0279,-0.0284,0
19344171,0.018,0.338,0.093,0.002,0.004,-0.001,-50.615,-278.941,387.280,176.199,-7.178,-121.254,1,-0.0323,0.0279,-0.0284,0
19344218,0.017,0.334,0.049,0.001,0.004,-0.000,-50.615,-278.941,387.280,176.199,-7.178,-121.254,1,-0.0323,0.0279,-0.0284,0
19344296,0.002,0.344,0.020,0.002,0.005,0.002,-50.615,-278.941,387.280,176.199,-7.178,-121.254,1,-0.0323,0.0279,-0.0284,0
19344437,0.009,0.337,0.062,0.002,0.004,-0.000,-50.615,-278.941,387.280,176.199,-7.178,-121.254,1,-0.0323,0.0279,-0.0284,0
19344531,0.035,0.359,-0.002,0.002,0.004,0.003,-50.615,-278.941,387.280,176.199,-7.178,-121.254,1,-0.0323,0.0279,-0.0284,0
19344640,0.027,0.339,0.060,0.002,0.004,0.001,-50.615,-278.941,387.280,176.199,-7.178,-121.254,1,-0.0323,0.0279,-0.0284,0
19344718,0.003,0.347,0.046,0.002,0.005,0.001,-50.615,-278.941,387.280,176.199,-7.178,-121.254,1,-0.0323,0.0279,-0.0284,0
19344812,0.022,0.320,0.062,0.001,0.004,-0.000,-50.615,-278.941,387.280,176.199,-7.178,-121.254,1,-0.0323,0.0279,-0.0284,0
19344890,0.010,0.332,0.088,0.002,0.004,-0.000,-50.615,-278.941,387.280,176.199,-7.178,-121.254,1,-0.0323,0.0279,-0.0284,0
19344968,0.003,0.350,0.044,0.002,0.004,0.000,-50.615,-278.941,387.280,176.199,-7.178,-121.254,1,-0.0323,0.0279,-0.0284,0
19345078,0.011,0.331,0.074,0.001,0.004,-0.001,-50.615,-278.941,387.280,176.199,-7.178,-121.254,1,-0.0323,0.0279,-0.0284,0
19345187,0.012,0.350,0.043,0.002,0.004,0.001,-50.615,-278.941,387.280,176.199,-7.178,-121.254,1,-0.0323,0.0279,-0.0284,0
19345328,0.012,0.359,0.023,0.002,0.005,0.002,-50.615,-278.941,387.280,176.199,-7.178,-121.254,1,-0.0323,0.0279,-0.0284,0
19345375,0.007,0.336,0.087,0.002,0.004,-0.000,-50.615,-278.941,387.280,176.199,-7.178,-121.254,1,-0.0323,0.0279,-0.0284,0
19345421,0.018,0.346,0.068,0.002,0.004,0.000,-50.615,-278.941,387.280,176.199,-7.178,-121.254,1,-0.0323,0.0279,-0.0284,0
19345500,0.009,0.349,0.028,0.002,0.005,0.001,-50.615,-278.941,387.280,176.199,-7.178,-121.254,1,-0.0323,0.0279,-0.0284,0
19345640,0.005,0.343,0.088,0.002,0.004,-0.000,-50.615,-278.941,387.280,176.199,-7.178,-121.254,1,-0.0323,0.0279,-0.0284,0
19345734,0.013,0.331,0.053,0.002,0.004,-0.000,-50.615,-278.941,387.280,176.199,-7.178,-121.254,1,-0.0323,0.0279,-0.0284,0
19345843,0.002,0.331,0.085,0.001,0.004,-0.001,-50.615,-278.941,387.280,176.199,-7.178,-121.254,1,-0.0323,0.0279,-0.0284,0
19345921,0.016,0.341,0.035,0.002,0.004,0.001,-50.615,-278.941,387.280,176.199,-7.178,-121.254,1,-0.0323,0.0279,-0.0284,0
19346000,0.001,0.338,0.044,0.002,0.005,0.001,-50.615,-278.941,387.280,176.199,-7.178,-121.254,1,-0.0323,0.0279,-0.0284,0
19346093,0.024,0.340,0.064,0.002,0.004,-0.000,-50.615,-278.941,387.280,176.199,-7.178,-121.254,1,-0.0323,0.0279,-0.0284,0
19346171,0.015,0.311,0.039,0.001,0.004,0.001,-50.615,-278.941,387.280,176.199,-7.178,-121.254,1,-0.0323,0.0279,-0.0284,0
19346281,0.010,0.334,0.050,0.002,0.004,0.000,-50.615,-278.941,387.280,176.199,-7.178,-121.254,1,-0.0323,0.0279,-0.0284,0
19346375,0.009,0.328,0.084,0.001,0.004,-0.000,-50.615,-278.941,387.280,176.199,-7.178,-121.254,1,-0.0323,0.0279,-0.0284,0
19346531,0.005,0.336,0.033,0.002,0.005,0.001,-50.615,-278.941,387.280,176.199,-7.178,-121.254,1,-0.0323,0.0279,-0.0284,0
19346578,0.003,0.332,0.035,0.002,0.005,0.001,-50.615,-278.941,387.280,176.199,-7.178,-121.254,1,-0.0323,0.0279,-0.0284,0
19346625,0.002,0.324,0.055,0.002,0.005,0.000,-50.615,-278.941,387.280,176.199,-7.178,-121.254,1,-0.0323,0.0279,-0.0284,0
19346703,-0.012,0.332,0.050,0.002,0.005,0.001,-50.615,-278.941,387.280,176.199,-7.178,-121.254,1,-0.0323,0.0279,-0.0284,0
19346843,0.005,0.326,0.081,0.002,0.005,-0.000,-50.615,-278.941,387.280,176.199,-7.178,-121.254,1,-0.0323,0.0279,-0.0284,0
19346937,-0.002,0.333,0.025,0.001,0.004,0.001,-50.615,-278.941,387.280,176.199,-7.178,-121.254,1,-0.0323,0.0279,-0.0284,0
19347046,-0.001,0.340,0.078,0.002,0.005,0.001,-50.615,-278.941,387.280,176.199,-7.178,-121.254,1,-0.0323,0.0279,-0.0284,0
19347125,0.003,0.338,0.072,0.002,0.005,0.000,-50.615,-278.941,387.280,176.199,-7.178,-121.254,1,-0.0323,0.0279,-0.0284,0
19347218,0.003,0.334,0.062,0.002,0.005,0.000,-50.615,-278.941,387.280,176.199,-7.178,-121.254,1,-0.0323,0.0279,-0.0284,0
19347296,-0.003,0.335,0.068,0.002,0.004,-0.000,-50.615,-278.941,387.280,176.199,-7.178,-121.254,1,-0.0323,0.0279,-0.0284,0
19347375,-0.000,0.328,0.076,0.002,0.005,-0.000,-50.615,-278.941,387.280,176.199,-7.178,-121.254,1,-0.0323,0.0279,-0.0284,0
19347484,0.005,0.338,0.048,0.002,0.005,0.001,-50.615,-278.941,387.280,176.199,-7.178,-121.254,1,-0.0323,0.0279,-0.0284,0
19347593,0.015,0.311,0.088,0.001,0.004,-0.001,-50.615,-278.941,387.280,176.199,-7.178,-121.254,1,-0.0323,0.0279,-0.0284,0
19347734,0.006,0.331,0.059,0.002,0.005,0.000,-50.615,-278.941,387.280,176.199,-7.178,-121.254,1,-0.0323,0.0279,-0.0284,0
19347781,-0.010,0.345,0.084,0.002,0.005,0.000,-50.615,-278.941,387.280,176.199,-7.178,-121.254,1,-0.0323,0.0279,-0.0284,0
19347828,-0.008,0.335,0.126,0.002,0.004,-0.001,-50.615,-278.941,387.280,176.199,-7.178,-121.254,1,-0.0323,0.0279,-0.0284,0
19347906,-0.002,0.331,0.045,0.001,0.005,0.001,-50.615,-278.941,387.280,176.199,-7.178,-121.254,1,-0.0323,0.0279,-0.0284,0
19348046,0.007,0.321,0.073,0.001,0.004,-0.000,-50.615,-278.941,387.280,176.199,-7.178,-121.254,1,-0.0323,0.0279,-0.0284,0
19348140,0.000,0.324,0.070,0.002,0.005,0.001,-50.615,-278.941,387.280,176.199,-7.178,-121.254,1,-0.0323,0.0279,-0.0284,0
19348250,0.005,0.334,0.060,0.002,0.005,0.001,-50.615,-278.941,387.280,176.199,-7.178,-121.254,1,-0.0323,0.0279,-0.0284,0
19348328,0.001,0.334,0.042,0.002,0.005,0.001,-50.615,-278.941,387.280,176.199,-7.178,-121.254,1,-0.0323,0.0279,-0.0284,0
19348421,0.000,0.339,0.048,0.002,0.005,0.001,-50.615,-278.941,387.280,176.199,-7.178,-121.254,1,-0.0323,0.0279,-0.0284,0
19348500,0.002,0.338,0.076,0.002,0.004,0.000,-50.615,-278.941,387.280,176.199,-7.178,-121.254,1,-0.0323,0.0279,-0.0284,0
19348578,-0.008,0.343,0.059,0.003,0.005,0.001,-50.615,-278.941,387.280,176.199,-7.178,-121.254,1,-0.0323,0.0279,-0.0284,0
19348687,-0.006,0.335,0.070,0.002,0.005,0.000,-50.615,-278.941,387.280,176.199,-7.178,-121.254,1,-0.0323,0.0279,-0.0284,0
19348796,-0.010,0.326,0.078,0.002,0.005,-0.000,-50.615,-278.941,387.280,176.199,-7.178,-121.254,1,-0.0323,0.0279,-0.0284,0
19348937,-0.014,0.331,0.085,0.002,0.005,0.000,-50.615,-278.941,387.280,176.199,-7.178,-121.254,1,-0.0323,0.0279,-0.0284,0
19348984,-0.008,0.337,0.064,0.002,0.005,0.001,-50.615,-278.941,387.280,176.199,-7.178,-121.254,1,-0.0323,0.0279,-0.0284,0
19349031,-0.015,0.353,0.089,0.002,0.005,0.001,-50.615,-278.941,387.280,176.199,-7.178,-121.254,1,-0.0323,0.0279,-0.0284,0
19349109,-0.015,0.355,-0.015,0.002,0.005,0.003,-50.615,-278.941,387.280,176.199,-7.178,-121.254,1,-0.0323,0.0279,-0.0284,0
19349250,0.004,0.327,0.065,0.002,0.005,0.001,-50.615,-278.941,387.280,176.199,-7.178,-121.254,1,-0.0323,0.0279,-0.0284,0
19349343,0.004,0.334,0.048,0.002,0.005,0.001,-50.615,-278.941,387.280,176.199,-7.178,-121.254,1,-0.0323,0.0279,-0.0284,0
19349453,-0.001,0.327,0.046,0.002,0.004,0.001,-50.615,-278.941,387.280,176.199,-7.178,-121.254,1,-0.0323,0.0279,-0.0284,0
19349531,-0.006,0.316,0.072,0.002,0.005,0.001,-50.615,-278.941,387.280,176.199,-7.178,-121.254,1,-0.0323,0.0279,-0.0284,0
19349625,-0.015,0.311,0.072,0.002,0.005,0.001,-50.615,-278.941,387.280,176.199,-7.178,-121.254,1,-0.0323,0.0279,-0.0284,0
19349703,-0.001,0.310,0.099,0.002,0.005,-0.000,-50.615,-278.941,387.280,176.199,-7.178,-121.254,1,-0.0323,0.0279,-0.0284,0
19349781,0.010,0.335,0.057,0.002,0.004,0.001,-50.615,-278.941,387.280,176.199,-7.178,-121.254,1,-0.0323,0.0279,-0.0284,0
19349890,-0.002,0.348,0.060,0.002,0.005,0.002,-50.615,-278.941,387.280,176.199,-7.178,-121.254,1,-0.0323,0.0279,-0.0284,0
19350000,-0.012,0.344,0.067,0.003,0.005,0.001,-50.615,-278.941,387.280,176.199,-7.178,-121.254,1,-0.0323,0.0279,-0.0284,0
19350140,0.010,0.327,0.079,0.002,0.005,-0.001,-50.615,-278.941,387.280,176.199,-7.178,-121.254,1,-0.0323,0.0279,-0.0284,0
19350187,-0.006,0.323,0.084,0.002,0.005,-0.001,-50.615,-278.941,387.280,176.199,-7.178,-121.254,1,-0.0323,0.0279,-0.0284,0
19350234,-0.026,0.337,0.062,0.003,0.006,0.001,-50.615,-278.941,387.280,176.199,-7.178,-121.254,1,-0.0323,0.0279,-0.0284,0
19350312,-0.004,0.339,0.020,0.002,0.005,0.002,-50.615,-278.941,387.280,176.199,-7.178,-121.254,1,-0.0323,0.0279,-0.0284,0
19350453,-0.016,0.339,0.054,0.002,0.005,0.001,-50.615,-278.941,387.280,176.199,-7.178,-121.254,1,-0.0323,0.0279,-0.0284,0
19350546,0.000,0.352,0.077,0.002,0.005,0.001,-50.615,-278.941,387.280,176.199,-7.178,-121.254,1,-0.0323,0.0279,-0.0284,0
19350656,-0.006,0.342,0.024,0.002,0.005,0.002,-50.615,-278.941,387.280,176.199,-7.178,-121.254,1,-0.0323,0.0279,-0.0284,0
19350734,0.004,0.335,0.043,0.003,0.005,0.002,-50.615,-278.941,387.280,176.199,-7.178,-121.254,1,-0.0323,0.0279,-0.0284,0
19350828,-0.002,0.321,0.073,0.003,0.005,0.001,-50.615,-278.941,387.280,176.199,-7.178,-121.254,1,-0.0323,0.0279,-0.0284,0
19350906,-0.002,0.328,0.045,0.002,0.005,0.001,-50.615,-278.941,387.280,176.199,-7.178,-121.254,1,-0.0323,0.0279,-0.0284,0
19350984,-0.005,0.332,0.045,0.002,0.005,0.001,-50.615,-278.941,387.280,176.199,-7.178,-121.254,1,-0.0323,0.0279,-0.0284,0
19351093,-0.018,0.320,0.065,0.002,0.005,0.001,-50.615,-278.941,387.280,176.199,-7.178,-121.254,1,-0.0323,0.0279,-0.0284,0
19351203,0.001,0.323,0.049,0.002,0.005,0.001,-50.615,-278.941,387.280,176.199,-7.178,-121.254,1,-0.0323,0.0279,-0.0284,0
19351343,0.004,0.336,0.033,0.002,0.005,0.001,-50.615,-278.941,387.280,176.199,-7.178,-121.254,1,-0.0323,0.0279,-0.0284,0
19351390,-0.004,0.341,0.037,0.002,0.005,0.002,-50.615,-278.941,387.280,176.199,-7.178,-121.254,1,-0.0323,0.0279,-0.0284,0
19351437,-0.010,0.344,0.056,0.003,0.005,0.002,-50.615,-278.941,387.280,176.199,-7.178,-121.254,1,-0.0323,0.0279,-0.0284,0
19351500,0.010,0.325,0.069,0.002,0.005,0.001,-50.615,-278.941,387.280,176.199,-7.178,-121.254,1,-0.0323,0.0279,-0.0284,0
19351640,-0.001,0.336,0.077,0.002,0.004,0.000,-50.615,-278.941,387.280,176.199,-7.178,-121.254,1,-0.0323,0.0279,-0.0284,0
19351734,-0.002,0.334,0.055,0.002,0.005,0.000,-50.615,-278.941,387.280,176.199,-7.178,-121.254,1,-0.0323,0.0279,-0.0284,0
19351843,-0.015,0.333,0.060,0.002,0.005,0.001,-50.615,-278.941,387.280,176.199,-7.178,-121.254,1,-0.0323,0.0279,-0.0284,0
19351921,-0.032,0.333,0.082,0.003,0.006,0.001,-50.615,-278.941,387.280,176.199,-7.178,-121.254,1,-0.0323,0.0279,-0.0284,0
19352015,-0.005,0.348,0.057,0.002,0.005,0.001,-50.615,-278.941,387.280,176.199,-7.178,-121.254,1,-0.0323,0.0279,-0.0284,0
19352093,0.011,0.333,0.038,0.002,0.005,0.001,-50.615,-278.941,387.280,176.199,-7.178,-121.254,1,-0.0323,0.0279,-0.0284,0
19352171,-0.009,0.338,0.040,0.003,0.005,0.002,-50.615,-278.941,387.280,176.199,-7.178,-121.254,1,-0.0323,0.0279,-0.0284,0
19352281,0.004,0.335,0.042,0.002,0.005,0.001,-50.615,-278.941,387.280,176.199,-7.178,-121.254,1,-0.0323,0.0279,-0.0284,0
19352390,-0.016,0.319,0.060,0.002,0.005,0.002,-50.615,-278.941,387.280,176.199,-7.178,-121.254,1,-0.0323,0.0279,-0.0284,0
19352531,0.004,0.315,0.069,0.002,0.005,0.000,-50.615,-278.941,387.280,176.199,-7.178,-121.254,1,-0.0323,0.0279,-0.0284,0
19352578,-0.017,0.315,0.074,0.002,0.005,0.001,-50.615,-278.941,387.280,176.199,-7.178,-121.254,1,-0.0323,0.0279,-0.0284,0
19352625,-0.019,0.305,0.082,0.002,0.005,0.001,-50.615,-278.941,387.280,176.199,-7.178,-121.254,1,-0.0323,0.0279,-0.0284,0
19352703,-0.006,0.322,0.025,0.002,0.005,0.001,-50.615,-278.941,387.280,176.199,-7.178,-121.254,1,-0.0323,0.0279,-0.0284,0
19352859,-0.008,0.345,0.047,0.003,0.005,0.002,-50.615,-278.941,387.280,176.199,-7.178,-121.254,1,-0.0323,0.0279,-0.0284,0
19352953,-0.002,0.334,0.046,0.002,0.005,0.001,-50.615,-278.941,387.280,176.199,-7.178,-121.254,1,-0.0323,0.0279,-0.0284,0
19353062,-0.002,0.331,0.059,0.002,0.005,0.001,-50.615,-278.941,387.280,176.199,-7.178,-121.254,1,-0.0323,0.0279,-0.0284,0
19353140,-0.020,0.336,0.069,0.003,0.005,0.001,-50.615,-278.941,387.280,176.199,-7.178,-121.254,1,-0.0323,0.0279,-0.0284,0
19353234,-0.007,0.342,0.033,0.002,0.004,0.002,-50.615,-278.941,387.280,176.199,-7.178,-121.254,1,-0.0323,0.0279,-0.0284,0
19353312,-0.025,0.326,0.050,0.002,0.005,0.001,-50.615,-278.941,387.280,176.199,-7.178,-121.254,1,-0.0323,0.0279,-0.0284,0
19353390,-0.006,0.340,0.058,0.002,0.005,0.001,-50.615,-278.941,387.280,176.199,-7.178,-121.254,1,-0.0323,0.0279,-0.0284,0
19353500,-0.008,0.334,0.035,0.002,0.005,0.001,-50.615,-278.941,387.280,176.199,-7.178,-121.254,1,-0.0323,0.0279,-0.0284,0
19353609,0.011,0.319,0.050,0.001,0.004,0.000,-50.615,-278.941,387.280,176.199,-7.178,-121.254,1,-0.0323,0.0279,-0.0284,0
19353750,-0.001,0.334,0.051,0.002,0.004,0.001,-50.615,-278.941,387.280,176.199,-7.178,-121.254,1,-0.0323,0.0279,-0.0284,0
19353796,-0.012,0.328,0.045,0.002,0.005,0.001,-50.615,-278.941,387.280,176.199,-7.178,-121.254,1,-0.0323,0.0279,-0.0284,0
19353843,-0.026,0.313,0.049,0.003,0.005,0.002,-50.615,-278.941,387.280,176.199,-7.178,-121.254,1,-0.0323,0.0279,-0.0284,0
19353921,-0.009,0.330,0.046,0.002,0.005,0.001,-50.615,-278.941,387.280,176.199,-7.178,-121.254,1,-0.0323,0.0279,-0.0284,0
19354062,-0.021,0.321,0.081,0.002,0.005,0.001,-50.615,-278.941,387.280,176.199,-7.178,-121.254,1,-0.0323,0.0279,-0.0284,0
19354156,-0.017,0.351,0.097,0.003,0.005,0.002,-50.615,-278.941,387.280,176.199,-7.178,-121.254,1,-0.0323,0.0279,-0.0284,0
19354265,-0.019,0.342,0.003,0.002,0.005,0.003,-50.615,-278.941,387.280,176.199,-7.178,-121.254,1,-0.0323,0.0279,-0.0284,0
19354343,-0.009,0.344,0.033,0.003,0.005,0.002,-50.615,-278.941,387.280,176.199,-7.178,-121.254,1,-0.0323,0.0279,-0.0284,0
19354421,-0.020,0.335,0.044,0.003,0.005,0.002,-50.615,-278.941,387.280,176.199,-7.178,-121.254,1,-0.0323,0.0279,-0.0284,0
19354500,-0.013,0.330,0.070,0.002,0.005,0.001,-50.615,-278.941,387.280,176.199,-7.178,-121.254,1,-0.0323,0.0279,-0.0284,0
19354578,-0.016,0.332,0.039,0.002,0.005,0.001,-50.615,-278.941,387.280,176.199,-7.178,-121.254,1,-0.0323,0.0279,-0.0284,0
19354687,-0.020,0.324,0.053,0.001,0.005,0.001,-50.615,-278.941,387.280,176.199,-7.178,-121.254,1,-0.0323,0.0279,-0.0284,0
19354796,-0.006,0.321,0.080,0.002,0.005,-0.000,-50.615,-278.941,387.280,176.199,-7.178,-121.254,1,-0.0323,0.0279,-0.0284,0
19354953,-0.008,0.335,0.054,0.002,0.005,0.001,-50.615,-278.941,387.280,176.199,-7.178,-121.254,1,-0.0323,0.0279,-0.0284,0
19355000,-0.014,0.342,0.049,0.002,0.005,0.001,-50.615,-278.941,387.280,176.199,-7.178,-121.254,1,-0.0323,0.0279,-0.0284,0
19355046,-0.030,0.360,0.044,0.003,0.005,0.002,-50.615,-278.941,387.280,176.199,-7.178,-121.254,1,-0.0323,0.0279,-0.0284,0
19355125,-0.025,0.338,0.050,0.003,0.005,0.002,-50.615,-278.941,387.280,176.199,-7.178,-121.254,1,-0.0323,0.0279,-0.0284,0
19355265,0.002,0.325,0.096,0.002,0.005,-0.000,-50.615,-278.941,387.280,176.199,-7.178,-121.254,1,-0.0323,0.0279,-0.0284,0
19355359,-0.030,0.304,0.055,0.002,0.006,0.001,-50.615,-278.941,387.280,176.199,-7.178,-121.254,1,-0.0323,0.0279,-0.0284,0
19355453,0.001,0.332,0.045,0.002,0.004,0.001,-50.615,-278.941,387.280,176.199,-7.178,-121.254,1,-0.0323,0.0279,-0.0284,0
19355531,-0.005,0.342,0.057,0.002,0.005,0.001,-50.615,-278.941,387.280,176.199,-7.178,-121.254,1,-0.0323,0.0279,-0.0284,0
19355625,-0.006,0.330,0.060,0.001,0.004,0.000,-50.615,-278.941,387.280,176.199,-7.178,-121.254,1,-0.0323,0.0279,-0.0284,0
19355718,-0.010,0.338,0.049,0.003,0.005,0.002,-50.615,-278.941,387.280,176.199,-7.178,-121.254,1,-0.0323,0.0279,-0.0284,0
19355781,-0.020,0.339,0.035,0.002,0.005,0.002,-50.615,-278.941,387.280,176.199,-7.178,-121.254,1,-0.0323,0.0279,-0.0284,0
19355890,0.004,0.332,0.058,0.002,0.005,0.001,-50.615,-278.941,387.280,176.199,-7.178,-121.254,1,-0.0323,0.0279,-0.0284,0
19356000,-0.027,0.327,0.057,0.002,0.005,0.002,-50.615,-278.941,387.280,176.199,-7.178,-121.254,1,-0.0323,0.0279,-0.0284,0
19356140,-0.008,0.331,0.089,0.002,0.005,0.000,-50.615,-278.941,387.280,176.199,-7.178,-121.254,1,-0.0323,0.0279,-0.0284,0
19356187,-0.002,0.332,0.065,0.002,0.005,0.001,-50.615,-278.941,387.280,176.199,-7.178,-121.254,1,-0.0323,0.0279,-0.0284,0
19356234,-0.010,0.345,0.059,0.002,0.005,0.001,-50.615,-278.941,387.280,176.199,-7.178,-121.254,1,-0.0323,0.0279,-0.0284,0
19356312,-0.014,0.352,0.069,0.003,0.005,0.001,-50.615,-278.941,387.280,176.199,-7.178,-121.254,1,-0.0323,0.0279,-0.0284,0
19356453,-0.009,0.342,0.055,0.003,0.005,0.001,-50.615,-278.941,387.280,176.199,-7.178,-121.254,1,-0.0323,0.0279,-0.0284,0
19356546,-0.007,0.332,0.070,0.002,0.005,0.001,-50.615,-278.941,387.280,176.199,-7.178,-121.254,1,-0.0323,0.0279,-0.0284,0
19356656,-0.015,0.333,0.043,0.002,0.005,0.002,-50.615,-278.941,387.280,176.199,-7.178,-121.254,1,-0.0323,0.0279,-0.0284,0
19356750,-0.003,0.317,0.067,0.001,0.005,0.000,-50.615,-278.941,387.280,176.199,-7.178,-121.254,1,-0.0323,0.0279,-0.0284,0
19356828,-0.001,0.330,0.044,0.001,0.005,0.001,-50.615,-278.941,387.280,176.199,-7.178,-121.254,1,-0.0323,0.0279,-0.0284,0
19356906,-0.015,0.337,0.029,0.003,0.005,0.003,-50.615,-278.941,387.280,176.199,-7.178,-121.254,1,-0.0323,0.0279,-0.0284,0
19356984,-0.013,0.342,0.050,0.003,0.005,0.002,-50.615,-278.941,387.280,176.199,-7.178,-121.254,1,-0.0323,0.0279,-0.0284,0
19357093,0.007,0.327,0.042,0.002,0.005,0.001,-50.615,-278.941,387.280,176.199,-7.178,-121.254,1,-0.0323,0.0279,-0.0284,0
19357203,-0.017,0.337,0.052,0.003,0.005,0.002,-50.615,-278.941,387.280,176.199,-7.178,-121.254,1,-0.0323,0.0279,-0.0284,0
19357343,-0.008,0.329,0.057,0.002,0.005,0.001,-50.615,-278.941,387.280,176.199,-7.178,-121.254,1,-0.0323,0.0279,-0.0284,0
19357390,-0.001,0.334,0.033,0.002,0.005,0.002,-50.615,-278.941,387.280,176.199,-7.178,-121.254,1,-0.0323,0.0279,-0.0284,0
19357437,0.013,0.327,0.053,0.002,0.004,0.000,-50.615,-278.941,387.280,176.199,-7.178,-121.254,1,-0.0323,0.0279,-0.0284,0
19357515,0.002,0.324,0.067,0.002,0.005,0.000,-50.615,-278.941,387.280,176.199,-7.178,-121.254,1,-0.0323,0.0279,-0.0284,0
19357656,-0.015,0.361,0.037,0.003,0.004,0.002,-50.615,-278.941,387.280,176.199,-7.178,-121.254,1,-0.0323,0.0279,-0.0284,0
19357750,-0.019,0.350,0.059,0.003,0.005,0.002,-50.615,-278.941,387.280,176.199,-7.178,-121.254,1,-0.0323,0.0279,-0.0284,0
19357859,0.011,0.327,0.047,0.001,0.004,0.001,-50.615,-278.941,387.280,176.199,-7.178,-121.254,1,-0.0323,0.0279,-0.0284,0
19357937,0.001,0.324,0.058,0.002,0.005,0.000,-50.615,-278.941,387.280,176.199,-7.178,-121.254,1,-0.0323,0.0279,-0.0284,0
19358031,-0.015,0.330,0.060,0.002,0.005,0.001,-50.615,-278.941,387.280,176.199,-7.178,-121.254,1,-0.0323,0.0279,-0.0284,0
19358109,0.001,0.323,0.053,0.002,0.005,0.001,-50.615,-278.941,387.280,176.199,-7.178,-121.254,1,-0.0323,0.0279,-0.0284,0
19358187,0.010,0.337,0.039,0.002,0.004,0.000,-50.615,-278.941,387.280,176.199,-7.178,-121.254,1,-0.0323,0.0279,-0.0284,0
19358296,0.008,0.324,0.060,0.002,0.004,0.001,-50.615,-278.941,387.280,176.199,-7.178,-121.254,1,-0.0323,0.0279,-0.0284,0
19358390,-0.002,0.328,0.040,0.002,0.005,0.001,-50.615,-278.941,387.280,176.199,-7.178,-121.254,1,-0.0323,0.0279,-0.0284,0
19358531,0.008,0.325,0.045,0.002,0.004,0.001,-50.615,-278.941,387.280,176.199,-7.178,-121.254,1,-0.0323,0.0279,-0.0284,0
19358578,0.003,0.325,0.044,0.001,0.004,0.001,-50.615,-278.941,387.280,176.199,-7.178,-121.254,1,-0.0323,0.0279,-0.0284,0
19358625,-0.001,0.327,0.053,0.002,0.005,0.001,-50.615,-278.941,387.280,176.199,-7.178,-121.254,1,-0.0323,0.0279,-0.0284,0
19358703,-0.012,0.333,0.050,0.002,0.005,0.002,-50.615,-278.941,387.280,176.199,-7.178,-121.254,1,-0.0323,0.0279,-0.0284,0
19358843,0.005,0.323,0.040,0.002,0.004,0.001,-50.615,-278.941,387.280,176.199,-7.178,-121.254,1,-0.0323,0.0279,-0.0284,0
19358937,0.003,0.325,0.034,0.002,0.005,0.001,-50.615,-278.941,387.280,176.199,-7.178,-121.254,1,-0.0323,0.0279,-0.0284,0
19359046,0.003,0.318,0.055,0.002,0.005,0.001,-50.615,-278.941,387.280,176.199,-7.178,-121.254,1,-0.0323,0.0279,-0.0284,0
19359125,0.013,0.322,0.083,0.001,0.004,-0.000,-50.615,-278.941,387.280,176.199,-7.178,-121.254,1,-0.0323,0.0279,-0.0284,0
19359218,0.001,0.348,0.061,0.003,0.005,0.001,-50.615,-278.941,387.280,176.199,-7.178,-121.254,1,-0.0323,0.0279,-0.0284,0
19359296,0.000,0.338,0.038,0.002,0.005,0.002,-50.615,-278.941,387.280,176.199,-7.178,-121.254,1,-0.0323,0.0279,-0.0284,0
19359375,-0.005,0.342,0.004,0.002,0.005,0.003,-50.615,-278.941,387.280,176.199,-7.178,-121.254,1,-0.0323,0.0279,-0.0284,0
19359484,-0.008,0.337,0.073,0.002,0.005,0.001,-50.615,-278.941,387.280,176.199,-7.178,-121.254,1,-0.0323,0.0279,-0.0284,0
19359593,-0.018,0.332,0.063,0.002,0.005,0.001,-50.615,-278.941,387.280,176.199,-7.178,-121.254,1,-0.0323,0.0279,-0.0284,0
19359734,0.002,0.315,0.054,0.002,0.004,0.001,-50.615,-278.941,387.280,176.199,-7.178,-121.254,1,-0.0323,0.0279,-0.0284,0
19359781,0.006,0.318,0.090,0.002,0.004,0.000,-50.615,-278.941,387.280,176.199,-7.178,-121.254,1,-0.0323,0.0279,-0.0284,0
19359828,0.010,0.330,0.074,0.002,0.004,0.001,-50.615,-278.941,387.280,176.199,-7.178,-121.254,1,-0.0323,0.0279,-0.0284,0
19359906,0.012,0.332,0.047,0.002,0.005,0.001,-50.615,-278.941,387.280,176.199,-7.178,-121.254,1,-0.0323,0.0279,-0.0284,0
19360046,-0.008,0.339,0.021,0.003,0.005,0.003,-50.615,-278.941,387.280,176.199,-7.178,-121.254,1,-0.0323,0.0279,-0.0284,0
19360140,-0.008,0.330,0.070,0.002,0.005,0.001,-50.615,-278.941,387.280,176.199,-7.178,-121.254,1,-0.0323,0.0279,-0.0284,0
19360250,0.001,0.328,0.068,0.002,0.005,0.001,-50.615,-278.941,387.280,176.199,-7.178,-121.254,1,-0.0323,0.0279,-0.0284,0
19360328,-0.001,0.338,0.014,0.002,0.005,0.002,-50.615,-278.941,387.280,176.199,-7.178,-121.254,1,-0.0323,0.0279,-0.0284,0
19360421,0.001,0.331,0.017,0.002,0.004,0.002,-50.615,-278.941,387.280,176.199,-7.178,-121.254,1,-0.0323,0.0279,-0.0284,0
19360500,0.001,0.351,0.023,0.003,0.005,0.002,-50.615,-278.941,387.280,176.199,-7.178,-121.254,1,-0.0323,0.0279,-0.0284,0
19360578,0.004,0.347,0.049,0.003,0.005,0.002,-50.615,-278.941,387.280,176.199,-7.178,-121.254,1,-0.0323,0.0279,-0.0284,0
19360687,0.009,0.329,0.040,0.002,0.005,0.001,-50.615,-278.941,387.280,176.199,-7.178,-121.254,1,-0.0323,0.0279,-0.0284,0
19360796,-0.009,0.343,0.074,0.002,0.005,0.001,-50.615,-278.941,387.280,176.199,-7.178,-121.254,1,-0.0323,0.0279,-0.0284,0
19360937,0.011,0.335,0.037,0.002,0.004,0.001,-50.615,-278.941,387.280,176.199,-7.178,-121.254,1,-0.0323,0.0279,-0.0284,0
19360984,0.006,0.333,0.049,0.002,0.005,0.001,-50.615,-278.941,387.280,176.199,-7.178,-121.254,1,-0.0323,0.0279,-0.0284,0
19361031,0.004,0.333,0.064,0.002,0.004,-0.000,-50.615,-278.941,387.280,176.199,-7.178,-121.254,1,-0.0323,0.0279,-0.0284,0
19361109,-0.003,0.328,0.072,0.002,0.005,0.000,-50.615,-278.941,387.280,176.199,-7.178,-121.254,1,-0.0323,0.0279,-0.0284,0
19361250,-0.001,0.333,0.059,0.002,0.004,0.001,-50.615,-278.941,387.280,176.199,-7.178,-121.254,1,-0.0323,0.0279,-0.0284,0
19361343,0.019,0.331,0.040,0.002,0.005,0.001,-50.615,-278.941,387.280,176.199,-7.178,-121.254,1,-0.0323,0.0279,-0.0284,0
19361453,0.006,0.339,0.045,0.002,0.005,0.001,-50.615,-278.941,387.280,176.199,-7.178,-121.254,1,-0.0323,0.0279,-0.0284,0
19361531,-0.004,0.335,0.057,0.002,0.005,0.001,-50.615,-278.941,387.280,176.199,-7.178,-121.254,1,-0.0323,0.0279,-0.0284,0
19361625,0.002,0.316,0.089,0.002,0.005,-0.000,-50.615,-278.941,387.280,176.199,-7.178,-121.254,1,-0.0323,0.0279,-0.0284,0
19361703,0.005,0.330,0.068,0.002,0.005,0.001,-50.615,-278.941,387.280,176.199,-7.178,-121.254,1,-0.0323,0.0279,-0.0284,0
19361765,0.021,0.337,0.044,0.001,0.004,0.001,-50.615,-278.941,387.280,176.199,-7.178,-121.254,1,-0.0323,0.0279,-0.0284,0
19361875,0.009,0.339,0.036,0.002,0.005,0.001,-50.615,-278.941,387.280,176.199,-7.178,-121.254,1,-0.0323,0.0279,-0.0284,0
19361984,0.003,0.344,0.070,0.002,0.005,0.001,-50.615,-278.941,387.280,176.199,-7.178,-121.254,1,-0.0323,0.0279,-0.0284,0
19362125,0.012,0.331,0.051,0.002,0.004,0.000,-50.615,-278.941,387.280,176.199,-7.178,-121.254,1,-0.0323,0.0279,-0.0284,0
19362171,0.006,0.329,0.043,0.002,0.004,0.001,-50.615,-278.941,387.280,176.199,-7.178,-121.254,1,-0.0323,0.0279,-0.0284,0
19362218,-0.003,0.342,0.076,0.002,0.005,0.000,-50.615,-278.941,387.280,176.199,-7.178,-121.254,1,-0.0323,0.0279,-0.0284,0
19362296,0.017,0.329,0.072,0.002,0.004,-0.000,-50.615,-278.941,387.280,176.199,-7.178,-121.254,1,-0.0323,0.0279,-0.0284,0
19362437,0.014,0.339,0.038,0.002,0.004,0.001,-50.615,-278.941,387.280,176.199,-7.178,-121.254,1,-0.0323,0.0279,-0.0284,0
19362531,0.016,0.340,0.031,0.002,0.004,0.001,-50.615,-278.941,387.280,176.199,-7.178,-121.254,1,-0.0323,0.0279,-0.0284,0
19362640,0.011,0.334,0.072,0.002,0.004,0.000,-50.615,-278.941,387.280,176.199,-7.178,-121.254,1,-0.0323,0.0279,-0.0284,0
19362718,0.013,0.340,0.077,0.002,0.004,0.001,-50.615,-278.941,387.280,176.199,-7.178,-121.254,1,-0.0323,0.0279,-0.0284,0
19362812,0.009,0.337,0.063,0.002,0.004,0.001,-50.615,-278.941,387.280,176.199,-7.178,-121.254,1,-0.0323,0.0279,-0.0284,0
19362890,0.005,0.334,0.037,0.002,0.005,0.001,-50.615,-278.941,387.280,176.199,-7.178,-121.254,1,-0.0323,0.0279,-0.0284,0
19362968,0.008,0.333,0.052,0.002,0.004,0.000,-50.615,-278.941,387.280,176.199,-7.178,-121.254,1,-0.0323,0.0279,-0.0284,0
19363078,0.012,0.348,0.038,0.002,0.004,0.000,-50.615,-278.941,387.280,176.199,-7.178,-121.254,1,-0.0323,0.0279,-0.0284,0
19363187,0.009,0.340,0.059,0.002,0.004,0.000,-50.615,-278.941,387.280,176.199,-7.178,-121.254,1,-0.0323,0.0279,-0.0284,0
19363328,0.011,0.343,0.073,0.002,0.004,-0.000,-50.615,-278.941,387.280,176.199,-7.178,-121.254,1,-0.0323,0.0279,-0.0284,0
19363375,0.025,0.359,0.031,0.002,0.004,0.001,-50.615,-278.941,387.280,176.199,-7.178,-121.254,1,-0.0323,0.0279,-0.0284,0
19363421,0.016,0.349,0.079,0.003,0.005,0.000,-50.615,-278.941,387.280,176.199,-7.178,-121.254,1,-0.0323,0.0279,-0.0284,0
19363500,0.023,0.326,0.055,0.001,0.004,-0.000,-50.615,-278.941,387.280,176.199,-7.178,-121.254,1,-0.0323,0.0279,-0.0284,0
19363640,0.019,0.339,0.031,0.002,0.004,0.001,-50.615,-278.941,387.280,176.199,-7.178,-121.254,1,-0.0323,0.0279,-0.0284,0
19363718,0.014,0.321,0.018,0.002,0.004,0.001,-50.615,-278.941,387.280,176.199,-7.178,-121.254,1,-0.0323,0.0279,-0.0284,0
19363828,0.019,0.331,0.071,0.002,0.004,0.000,-50.615,-278.941,387.280,176.199,-7.178,-121.254,1,-0.0323,0.0279,-0.0284,0
19363906,0.008,0.334,0.083,0.002,0.004,0.000,-50.615,-278.941,387.280,176.199,-7.178,-121.254,1,-0.0323,0.0279,-0.0284,0
19364000,0.019,0.342,0.040,0.002,0.004,0.002,-50.615,-278.941,387.280,176.199,-7.178,-121.254,1,-0.0323,0.0279,-0.0284,0
19364078,0.008,0.362,0.029,0.002,0.004,0.002,-50.615,-278.941,387.280,176.199,-7.178,-121.254,1,-0.0323,0.0279,-0.0284,0
19364156,0.008,0.347,0.031,0.002,0.004,0.001,-50.615,-278.941,387.280,176.199,-7.178,-121.254,1,-0.0323,0.0279,-0.0284,0
19364265,0.007,0.336,0.002,0.002,0.004,0.001,-50.615,-278.941,387.280,176.199,-7.178,-121.254,1,-0.0323,0.0279,-0.0284,0
19364375,0.004,0.342,0.000,0.002,0.005,0.001,-50.615,-278.941,387.280,176.199,-7.178,-121.254,1,-0.0323,0.0279,-0.0284,0
19364515,0.018,0.336,0.085,0.002,0.004,-0.000,-50.615,-278.941,387.280,176.199,-7.178,-121.254,1,-0.0323,0.0279,-0.0284,0
19364562,0.018,0.332,0.082,0.002,0.004,-0.000,-50.615,-278.941,387.280,176.199,-7.178,-121.254,1,-0.0323,0.0279,-0.0284,0
19364609,0.012,0.345,0.028,0.002,0.004,0.001,-50.615,-278.941,387.280,176.199,-7.178,-121.254,1,-0.0323,0.0279,-0.0284,0
19364687,0.019,0.346,0.049,0.002,0.004,0.001,-50.615,-278.941,387.280,176.199,-7.178,-121.254,1,-0.0323,0.0279,-0.0284,0
19364828,0.021,0.341,0.080,0.002,0.004,-0.001,-50.615,-278.941,387.280,176.199,-7.178,-121.254,1,-0.0323,0.0279,-0.0284,0
19364921,0.026,0.338,0.072,0.002,0.004,-0.000,-50.615,-278.941,387.280,176.199,-7.178,-121.254,1,-0.0323,0.0279,-0.0284,0
19365031,-0.003,0.336,0.030,0.002,0.005,0.002,-50.615,-278.941,387.280,176.199,-7.178,-121.254,1,-0.0323,0.0279,-0.0284,0
19365109,0.019,0.329,0.100,0.002,0.004,-0.001,-50.615,-278.941,387.280,176.199,-7.178,-121.254,1,-0.0323,0.0279,-0.0284,0
19365203,0.015,0.330,0.058,0.002,0.004,0.001,-50.615,-278.941,387.280,176.199,-7.178,-121.254,1,-0.0323,0.0279,-0.0284,0
19365281,0.023,0.328,0.056,0.002,0.004,0.000,-50.615,-278.941,387.280,176.199,-7.178,-121.254,1,-0.0323,0.0279,-0.0284,0
19365359,0.031,0.327,0.074,0.002,0.004,-0.000,-50.615,-278.941,387.280,176.199,-7.178,-121.254,1,-0.0323,0.0279,-0.0284,0
19365468,0.032,0.343,0.026,0.002,0.004,0.001,-50.615,-278.941,387.280,176.199,-7.178,-121.254,1,-0.0323,0.0279,-0.0284,0
19365578,0.015,0.363,0.048,0.003,0.004,0.002,-50.615,-278.941,387.280,176.199,-7.178,-121.254,1,-0.0323,0.0279,-0.0284,0
19365718,0.012,0.326,0.061,0.002,0.004,-0.001,-50.615,-278.941,387.280,176.199,-7.178,-121.254,1,-0.0323,0.0279,-0.0284,0
19365765,0.005,0.338,-0.004,0.003,0.005,0.002,-50.615,-278.941,387.280,176.199,-7.178,-121.254,1,-0.0323,0.0279,-0.0284,0
19365812,0.004,0.344,0.014,0.003,0.005,0.002,-50.615,-278.941,387.280,176.199,-7.178,-121.254,1,-0.0323,0.0279,-0.0284,0
19365890,0.008,0.349,0.037,0.003,0.005,0.002,-50.615,-278.941,387.280,176.199,-7.178,-121.254,1,-0.0323,0.0279,-0.0284,0
19366031,0.030,0.335,0.094,0.002,0.004,-0.001,-50.615,-278.941,387.280,176.199,-7.178,-121.254,1,-0.0323,0.0279,-0.0284,0
19366125,0.020,0.342,0.051,0.002,0.004,0.001,-50.615,-278.941,387.280,176.199,-7.178,-121.254,1,-0.0323,0.0279,-0.0284,0
19366234,0.015,0.343,0.040,0.003,0.004,0.001,-50.615,-278.941,387.280,176.199,-7.178,-121.254,1,-0.0323,0.0279,-0.0284,0
19366312,0.014,0.332,0.046,0.002,0.004,0.001,-50.615,-278.941,387.280,176.199,-7.178,-121.254,1,-0.0323,0.0279,-0.0284,0
19366406,0.016,0.329,0.050,0.002,0.004,-0.000,-50.615,-278.941,387.280,176.199,-7.178,-121.254,1,-0.0323,0.0279,-0.0284,0
19366468,0.022,0.328,0.046,0.002,0.004,0.001,-50.615,-278.941,387.280,176.199,-7.178,-121.254,1,-0.0323,0.0279,-0.0284,0
19366562,0.000,0.346,0.020,0.003,0.005,0.003,-50.615,-278.941,387.280,176.199,-7.178,-121.254,1,-0.0323,0.0279,-0.0284,0
19366656,-0.003,0.363,0.024,0.003,0.005,0.003,-50.615,-278.941,387.280,176.199,-7.178,-121.254,1,-0.0323,0.0279,-0.0284,0
19366765,0.039,0.335,0.054,0.001,0.004,0.000,-50.615,-278.941,387.280,176.199,-7.178,-121.254,1,-0.0323,0.0279,-0.0284,0
19366906,0.025,0.345,0.052,0.002,0.004,0.001,-50.615,-278.941,387.280,176.199,-7.178,-121.254,1,-0.0323,0.0279,-0.0284,0
19366953,0.002,0.350,0.050,0.003,0.005,0.002,-50.615,-278.941,387.280,176.199,-7.178,-121.254,1,-0.0323,0.0279,-0.0284,0
19367000,0.007,0.355,0.067,0.003,0.005,0.001,-50.615,-278.941,387.280,176.199,-7.178,-121.254,1,-0.0323,0.0279,-0.0284,0
19367078,-0.002,0.345,0.033,0.002,0.005,0.002,-50.615,-278.941,387.280,176.199,-7.178,-121.254,1,-0.0323,0.0279,-0.0284,0
19367218,0.011,0.343,0.058,0.002,0.004,0.000,-50.615,-278.941,387.280,176.199,-7.178,-121.254,1,-0.0323,0.0279,-0.0284,0
19367312,0.002,0.348,0.039,0.003,0.005,0.002,-50.615,-278.941,387.280,176.199,-7.178,-121.254,1,-0.0323,0.0279,-0.0284,0
19367421,0.007,0.356,0.015,0.002,0.004,0.002,-50.615,-278.941,387.280,176.199,-7.178,-121.254,1,-0.0323,0.0279,-0.0284,0
19367500,0.006,0.343,0.048,0.002,0.004,0.002,-50.615,-278.941,387.280,176.199,-7.178,-121.254,1,-0.0323,0.0279,-0.0284,0
19367593,0.009,0.336,0.089,0.002,0.004,-0.000,-50.615,-278.941,387.280,176.199,-7.178,-121.254,1,-0.0323,0.0279,-0.0284,0
19367671,0.018,0.339,0.070,0.002,0.004,-0.000,-50.615,-278.941,387.280,176.199,-7.178,-121.254,1,-0.0323,0.0279,-0.0284,0
19367750,-0.006,0.350,0.031,0.002,0.005,0.002,-50.615,-278.941,387.280,176.199,-7.178,-121.254,1,-0.0323,0.0279,-0.0284,0
19367859,-0.003,0.354,0.066,0.003,0.005,0.002,-50.615,-278.941,387.280,176.199,-7.178,-121.254,1,-0.0323,0.0279,-0.0284,0
19367968,0.015,0.338,0.052,0.002,0.004,0.001,-50.615,-278.941,387.280,176.199,-7.178,-121.254,1,-0.0323,0.0279,-0.0284,0
19368109,0.012,0.330,0.060,0.001,0.004,-0.001,-50.615,-278.941,387.280,176.199,-7.178,-121.254,1,-0.0323,0.0279,-0.0284,0
19368156,-0.010,0.351,0.008,0.002,0.005,0.002,-50.615,-278.941,387.280,176.199,-7.178,-121.254,1,-0.0323,0.0279,-0.0284,0
19368203,-0.013,0.348,0.005,0.002,0.005,0.002,-50.615,-278.941,387.280,176.199,-7.178,-121.254,1,-0.0323,0.0279,-0.0284,0
19368281,0.013,0.347,0.036,0.002,0.004,0.001,-50.615,-278.941,387.280,176.199,-7.178,-121.254,1,-0.0323,0.0279,-0.0284,0
19368421,0.017,0.343,0.041,0.002,0.004,0.001,-50.615,-278.941,387.280,176.199,-7.178,-121.254,1,-0.0323,0.0279,-0.0284,0
19368515,0.006,0.347,0.047,0.002,0.004,0.001,-50.615,-278.941,387.280,176.199,-7.178,-121.254,1,-0.0323,0.0279,-0.0284,0
19368625,-0.001,0.342,0.043,0.003,0.005,0.002,-50.615,-278.941,387.280,176.199,-7.178,-121.254,1,-0.0323,0.0279,-0.0284,0
19368703,0.000,0.349,0.037,0.003,0.005,0.002,-50.615,-278.941,387.280,176.199,-7.178,-121.254,1,-0.0323,0.0279,-0.0284,0
19368796,-0.005,0.340,0.051,0.003,0.004,0.002,-50.615,-278.941,387.280,176.199,-7.178,-121.254,1,-0.0323,0.0279,-0.0284,0
19368875,0.012,0.340,0.046,0.002,0.004,0.000,-50.615,-278.941,387.280,176.199,-7.178,-121.254,1,-0.0323,0.0279,-0.0284,0
19368953,0.010,0.343,0.060,0.002,0.004,0.000,-50.615,-278.941,387.280,176.199,-7.178,-121.254,1,-0.0323,0.0279,-0.0284,0
19369062,-0.001,0.339,0.035,0.002,0.004,0.002,-50.615,-278.941,387.280,176.199,-7.178,-121.254,1,-0.0323,0.0279,-0.0284,0
19369171,0.007,0.335,0.069,0.002,0.005,-0.000,-50.615,-278.941,387.280,176.199,-7.178,-121.254,1,-0.0323,0.0279,-0.0284,0
19369312,0.006,0.341,0.046,0.002,0.005,0.001,-50.615,-278.941,387.280,176.199,-7.178,-121.254,1,-0.0323,0.0279,-0.0284,0
19369359,0.007,0.340,0.031,0.002,0.004,0.002,-50.615,-278.941,387.280,176.199,-7.178,-121.254,1,-0.0323,0.0279,-0.0284,0
19369406,0.013,0.340,0.043,0.002,0.005,0.001,-50.615,-278.941,387.280,176.199,-7.178,-121.254,1,-0.0323,0.0279,-0.0284,0
19369484,0.006,0.350,0.054,0.002,0.004,0.001,-50.615,-278.941,387.280,176.199,-7.178,-121.254,1,-0.0323,0.0279,-0.0284,0
19369625,-0.023,0.346,0.075,0.003,0.005,0.001,-50.615,-278.941,387.280,176.199,-7.178,-121.254,1,-0.0323,0.0279,-0.0284,0
19369718,0.011,0.343,0.051,0.002,0.004,0.001,-50.615,-278.941,387.280,176.199,-7.178,-121.254,1,-0.0323,0.0279,-0.0284,0
19369828,-0.003,0.346,0.044,0.002,0.005,0.001,-50.615,-278.941,387.280,176.199,-7.178,-121.254,1,-0.0323,0.0279,-0.0284,0
19369906,-0.029,0.333,0.069,0.002,0.005,0.001,-50.615,-278.941,387.280,176.199,-7.178,-121.254,1,-0.0323,0.0279,-0.0284,0
19370000,0.008,0.339,0.050,0.002,0.004,0.001,-50.615,-278.941,387.280,176.199,-7.178,-121.254,1,-0.0323,0.0279,-0.0284,0
19370078,0.010,0.349,0.052,0.003,0.004,0.002,-50.615,-278.941,387.280,176.199,-7.178,-121.254,1,-0.0323,0.0279,-0.0284,0
19370156,0.006,0.345,0.034,0.002,0.005,0.001,-50.615,-278.941,387.280,176.199,-7.178,-121.254,1,-0.0323,0.0279,-0.0284,0
19370265,0.001,0.348,0.022,0.002,0.005,0.002,-50.615,-278.941,387.280,176.199,-7.178,-121.254,1,-0.0323,0.0279,-0.0284,0
19370375,-0.006,0.341,0.035,0.003,0.005,0.002,-50.615,-278.941,387.280,176.199,-7.178,-121.254,1,-0.0323,0.0279,-0.0284,0
19370515,0.004,0.324,0.106,0.002,0.004,-0.001,-50.615,-278.941,387.280,176.199,-7.178,-121.254,1,-0.0323,0.0279,-0.0284,0
19370562,0.005,0.332,0.082,0.001,0.004,-0.000,-50.615,-278.941,387.280,176.199,-7.178,-121.254,1,-0.0323,0.0279,-0.0284,0
19370609,-0.007,0.342,0.061,0.002,0.005,0.001,-50.615,-278.941,387.280,176.199,-7.178,-121.254,1,-0.0323,0.0279,-0.0284,0
19370687,-0.011,0.356,0.011,0.002,0.005,0.003,-50.615,-278.941,387.280,176.199,-7.178,-121.254,1,-0.0323,0.0279,-0.0284,0
19370828,-0.002,0.365,0.027,0.003,0.005,0.002,-50.615,-278.941,387.280,176.199,-7.178,-121.254,1,-0.0323,0.0279,-0.0284,0
19370921,-0.004,0.351,0.060,0.002,0.005,0.001,-50.615,-278.941,387.280,176.199,-7.178,-121.254,1,-0.0323,0.0279,-0.0284,0
19371031,0.012,0.340,0.060,0.002,0.004,-0.000,-50.615,-278.941,387.280,176.199,-7.178,-121.254,1,-0.0323,0.0279,-0.0284,0
19371109,-0.019,0.351,0.082,0.002,0.005,0.001,-50.615,-278.941,387.280,176.199,-7.178,-121.254,1,-0.0323,0.0279,-0.0284,0
19371203,0.006,0.356,0.028,0.002,0.004,0.001,-50.615,-278.941,387.280,176.199,-7.178,-121.254,1,-0.0323,0.0279,-0.0284,0
19371265,-0.005,0.351,0.030,0.002,0.005,0.001,-50.615,-278.941,387.280,176.199,-7.178,-121.254,1,-0.0323,0.0279,-0.0284,0
19371359,0.013,0.353,0.086,0.002,0.004,-0.000,-50.615,-278.941,387.280,176.199,-7.178,-121.254,1,-0.0323,0.0279,-0.0284,0
19371468,0.022,0.335,0.072,0.001,0.004,-0.001,-50.615,-278.941,387.280,176.199,-7.178,-121.254,1,-0.0323,0.0279,-0.0284,0
19371578,0.017,0.338,0.104,0.001,0.004,-0.001,-50.615,-278.941,387.280,176.199,-7.178,-121.254,1,-0.0323,0.0279,-0.0284,0
19371718,0.007,0.355,0.038,0.002,0.004,-0.000,-50.615,-278.941,387.280,176.199,-7.178,-121.254,1,-0.0323,0.0279,-0.0284,0
19371765,0.001,0.350,0.049,0.002,0.004,0.000,-50.615,-278.941,387.280,176.199,-7.178,-121.254,1,-0.0323,0.0279,-0.0284,0
19371812,0.004,0.343,0.081,0.002,0.004,-0.000,-50.615,-278.941,387.280,176.199,-7.178,-121.254,1,-0.0323,0.0279,-0.0284,0
19371890,0.013,0.337,0.103,0.002,0.004,-0.001,-50.615,-278.941,387.280,176.199,-7.178,-121.254,1,-0.0323,0.0279,-0.0284,0
19372015,0.016,0.367,0.018,0.002,0.004,0.001,-50.615,-278.941,387.280,176.199,-7.178,-121.254,1,-0.0323,0.0279,-0.0284,0
19372109,0.008,0.363,0.024,0.002,0.004,0.001,-50.615,-278.941,387.280,176.199,-7.178,-121.254,1,-0.0323,0.0279,-0.0284,0
19372218,0.004,0.354,0.066,0.002,0.004,-0.000,-50.615,-278.941,387.280,176.199,-7.178,-121.254,1,-0.0323,0.0279,-0.0284,0
19372296,0.002,0.354,0.069,0.002,0.005,-0.000,-50.615,-278.941,387.280,176.199,-7.178,-121.254,1,-0.0323,0.0279,-0.0284,0
19372390,0.023,0.345,0.048,0.002,0.004,-0.000,-50.615,-278.941,387.280,176.199,-7.178,-121.254,1,-0.0323,0.0279,-0.0284,0
19372468,0.015,0.353,0.037,0.002,0.004,0.001,-50.615,-278.941,387.280,176.199,-7.178,-121.254,1,-0.0323,0.0279,-0.0284,0
19372546,0.029,0.352,0.017,0.002,0.004,0.001,-50.615,-278.941,387.280,176.199,-7.178,-121.254,1,-0.0323,0.0279,-0.0284,0
19372656,0.016,0.367,0.008,0.003,0.004,0.002,-50.615,-278.941,387.280,176.199,-7.178,-121.254,1,-0.0323,0.0279,-0.0284,0
19372765,0.002,0.332,0.063,0.002,0.005,-0.001,-50.615,-278.941,387.280,176.199,-7.178,-121.254,1,-0.0323,0.0279,-0.0284,0
19372906,0.008,0.353,0.075,0.002,0.004,0.000,-50.615,-278.941,387.280,176.199,-7.178,-121.254,1,-0.0323,0.0279,-0.0284,0
19372953,0.015,0.346,0.095,0.002,0.004,-0.000,-50.615,-278.941,387.280,176.199,-7.178,-121.254,1,-0.0323,0.0279,-0.0284,0
19373000,0.013,0.342,0.069,0.002,0.004,0.000,-50.615,-278.941,387.280,176.199,-7.178,-121.254,1,-0.0323,0.0279,-0.0284,0
19373078,0.019,0.338,0.023,0.002,0.004,0.001,-50.615,-278.941,387.280,176.199,-7.178,-121.254,1,-0.0323,0.0279,-0.0284,0
19373218,0.008,0.343,0.068,0.002,0.005,-0.000,-50.615,-278.941,387.280,176.199,-7.178,-121.254,1,-0.0323,0.0279,-0.0284,0
19373312,0.014,0.352,0.065,0.002,0.004,0.000,-50.615,-278.941,387.280,176.199,-7.178,-121.254,1,-0.0323,0.0279,-0.0284,0
19373421,0.011,0.367,0.024,0.003,0.004,0.001,-50.615,-278.941,387.280,176.199,-7.178,-121.254,1,-0.0323,0.0279,-0.0284,0
19373500,-0.001,0.362,0.017,0.003,0.005,0.002,-50.615,-278.941,387.280,176.199,-7.178,-121.254,1,-0.0323,0.0279,-0.0284,0
19373593,0.009,0.351,0.025,0.003,0.005,0.002,-50.615,-278.941,387.280,176.199,-7.178,-121.254,1,-0.0323,0.0279,-0.0284,0
19373671,0.014,0.343,0.094,0.002,0.004,-0.001,-50.615,-278.941,387.280,176.199,-7.178,-121.254,1,-0.0323,0.0279,-0.0284,0
19373750,0.008,0.355,0.006,0.002,0.004,0.002,-50.615,-278.941,387.280,176.199,-7.178,-121.254,1,-0.0323,0.0279,-0.0284,0
19373859,0.012,0.355,0.030,0.002,0.004,0.002,-50.615,-278.941,387.280,176.199,-7.178,-121.254,1,-0.0323,0.0279,-0.0284,0
19373968,0.012,0.343,0.070,0.002,0.004,-0.001,-50.615,-278.941,387.280,176.199,-7.178,-121.254,1,-0.0323,0.0279,-0.0284,0
19374109,0.022,0.356,0.034,0.002,0.004,0.001,-50.615,-278.941,387.280,176.199,-7.178,-121.254,1,-0.0323,0.0279,-0.0284,0
19374156,0.016,0.357,0.013,0.002,0.004,0.002,-50.615,-278.941,387.280,176.199,-7.178,-121.254,1,-0.0323,0.0279,-0.0284,0
19374203,0.028,0.362,0.038,0.002,0.004,0.001,-50.615,-278.941,387.280,176.199,-7.178,-121.254,1,-0.0323,0.0279,-0.0284,0
19374265,0.023,0.331,0.115,0.002,0.004,-0.002,-50.615,-278.941,387.280,176.199,-7.178,-121.254,1,-0.0323,0.0279,-0.0284,0
19374406,0.003,0.344,0.034,0.002,0.005,0.002,-50.615,-278.941,387.280,176.199,-7.178,-121.254,1,-0.0323,0.0279,-0.0284,0
19374500,-0.001,0.356,-0.001,0.003,0.005,0.003,-50.615,-278.941,387.280,176.199,-7.178,-121.254,1,-0.0323,0.0279,-0.0284,0
19374609,0.029,0.329,0.096,0.002,0.004,-0.001,-50.615,-278.941,387.280,176.199,-7.178,-121.254,1,-0.0323,0.0279,-0.0284,0
19374687,0.011,0.336,0.092,0.002,0.004,0.000,-50.615,-278.941,387.280,176.199,-7.178,-121.254,1,-0.0323,0.0279,-0.0284,0
19374781,0.003,0.359,0.025,0.002,0.004,0.002,-50.615,-278.941,387.280,176.199,-7.178,-121.254,1,-0.0323,0.0279,-0.0284,0
19374859,-0.000,0.354,0.028,0.002,0.005,0.002,-50.615,-278.941,387.280,176.199,-7.178,-121.254,1,-0.0323,0.0279,-0.0284,0
19374937,-0.000,0.335,0.058,0.003,0.004,0.000,-50.615,-278.941,387.280,176.199,-7.178,-121.254,1,-0.0323,0.0279,-0.0284,0
19375046,0.011,0.332,0.068,0.001,0.005,-0.001,-50.615,-278.941,387.280,176.199,-7.178,-121.254,1,-0.0323,0.0279,-0.0284,0
19375156,-0.000,0.354,0.005,0.002,0.005,0.002,-50.615,-278.941,387.280,176.199,-7.178,-121.254,1,-0.0323,0.0279,-0.0284,0
19375296,0.010,0.354,0.038,0.002,0.004,0.001,-50.615,-278.941,387.280,176.199,-7.178,-121.254,1,-0.0323,0.0279,-0.0284,0
19375343,0.026,0.348,0.060,0.002,0.004,0.000,-50.615,-278.941,387.280,176.199,-7.178,-121.254,1,-0.0323,0.0279,-0.0284,0
19375390,0.015,0.345,0.055,0.002,0.004,0.001,-50.615,-278.941,387.280,176.199,-7.178,-121.254,1,-0.0323,0.0279,-0.0284,0
19375468,0.025,0.347,0.053,0.002,0.004,0.000,-50.615,-278.941,387.280,176.199,-7.178,-121.254,1,-0.0323,0.0279,-0.0284,0
19375609,0.004,0.340,0.080,0.002,0.005,-0.000,-50.615,-278.941,387.280,176.199,-7.178,-121.254,1,-0.0323,0.0279,-0.0284,0
19375703,0.008,0.322,0.049,0.002,0.005,0.000,-50.615,-278.941,387.280,176.199,-7.178,-121.254,1,-0.0323,0.0279,-0.0284,0
19375812,-0.002,0.347,0.042,0.003,0.005,0.001,-50.615,-278.941,387.280,176.199,-7.178,-121.254,1,-0.0323,0.0279,-0.0284,0
19375890,-0.008,0.359,0.023,0.003,0.005,0.002,-50.615,-278.941,387.280,176.199,-7.178,-121.254,1,-0.0323,0.0279,-0.0284,0
19375984,-0.002,0.354,0.028,0.003,0.005,0.002,-50.615,-278.941,387.280,176.199,-7.178,-121.254,1,-0.0323,0.0279,-0.0284,0
19376062,0.012,0.343,0.050,0.002,0.004,0.001,-50.615,-278.941,387.280,176.199,-7.178,-121.254,1,-0.0323,0.0279,-0.0284,0
19376140,-0.020,0.356,0.039,0.003,0.005,0.002,-50.615,-278.941,387.280,176.199,-7.178,-121.254,1,-0.0323,0.0279,-0.0284,0
19376250,-0.002,0.346,0.040,0.002,0.005,0.002,-50.615,-278.941,387.280,176.199,-7.178,-121.254,1,-0.0323,0.0279,-0.0284,0
19376359,0.003,0.336,0.078,0.002,0.004,-0.001,-50.615,-278.941,387.280,176.199,-7.178,-121.254,1,-0.0323,0.0279,-0.0284,0
19376500,-0.002,0.353,0.030,0.003,0.005,0.003,-50.615,-278.941,387.280,176.199,-7.178,-121.254,1,-0.0323,0.0279,-0.0284,0
19376546,0.003,0.348,0.058,0.003,0.005,0.002,-50.615,-278.941,387.280,176.199,-7.178,-121.254,1,-0.0323,0.0279,-0.0284,0
19376593,-0.005,0.354,0.026,0.003,0.005,0.003,-50.615,-278.941,387.280,176.199,-7.178,-121.254,1,-0.0323,0.0279,-0.0284,0
19376671,0.011,0.344,0.045,0.002,0.004,0.000,-50.615,-278.941,387.280,176.199,-7.178,-121.254,1,-0.0323,0.0279,-0.0284,0
19376812,0.012,0.348,0.046,0.002,0.004,0.001,-50.615,-278.941,387.280,176.199,-7.178,-121.254,1,-0.0323,0.0279,-0.0284,0
19376906,-0.017,0.336,0.042,0.002,0.005,0.002,-50.615,-278.941,387.280,176.199,-7.178,-121.254,1,-0.0323,0.0279,-0.0284,0
19377015,0.008,0.341,0.040,0.002,0.005,0.001,-50.615,-278.941,387.280,176.199,-7.178,-121.254,1,-0.0323,0.0279,-0.0284,0
19377093,-0.004,0.348,0.047,0.002,0.005,0.001,-50.615,-278.941,387.280,176.199,-7.178,-121.254,1,-0.0323,0.0279,-0.0284,0
19377187,-0.008,0.347,0.038,0.002,0.005,0.002,-50.615,-278.941,387.280,176.199,-7.178,-121.254,1,-0.0323,0.0279,-0.0284,0
19377265,-0.020,0.367,0.057,0.004,0.005,0.003,-50.615,-278.941,387.280,176.199,-7.178,-121.254,1,-0.0323,0.0279,-0.0284,0
19377343,0.002,0.351,0.051,0.002,0.004,0.002,-50.615,-278.941,387.280,176.199,-7.178,-121.254,1,-0.0323,0.0279,-0.0284,0
19377453,-0.005,0.340,0.073,0.002,0.005,0.000,-50.615,-278.941,387.280,176.199,-7.178,-121.254,1,-0.0323,0.0279,-0.0284,0
19377562,-0.028,0.359,0.057,0.003,0.006,0.002,-50.615,-278.941,387.280,176.199,-7.178,-121.254,1,-0.0323,0.0279,-0.0284,0
19377703,-0.001,0.351,0.024,0.002,0.005,0.001,-50.615,-278.941,387.280,176.199,-7.178,-121.254,1,-0.0323,0.0279,-0.0284,0
19377750,-0.004,0.338,0.030,0.002,0.005,0.001,-50.615,-278.941,387.280,176.199,-7.178,-121.254,1,-0.0323,0.0279,-0.0284,0
19377796,-0.005,0.342,0.042,0.002,0.005,0.001,-50.615,-278.941,387.280,176.199,-7.178,-121.254,1,-0.0323,0.0279,-0.0284,0
19377875,0.004,0.340,0.063,0.003,0.004,0.002,-50.615,-278.941,387.280,176.199,-7.178,-121.254,1,-0.0323,0.0279,-0.0284,0
19378015,0.002,0.338,0.044,0.002,0.005,0.001,-50.615,-278.941,387.280,176.199,-7.178,-121.254,1,-0.0323,0.0279,-0.0284,0
19378109,-0.007,0.337,0.044,0.002,0.004,0.002,-50.615,-278.941,387.280,176.199,-7.178,-121.254,1,-0.0323,0.0279,-0.0284,0
19378218,-0.005,0.328,0.088,0.002,0.005,0.001,-50.615,-278.941,387.280,176.199,-7.178,-121.254,1,-0.0323,0.0279,-0.0284,0
19378296,-0.008,0.332,0.073,0.002,0.005,0.001,-50.615,-278.941,387.280,176.199,-7.178,-121.254,1,-0.0323,0.0279,-0.0284,0
19378390,0.009,0.344,0.020,0.002,0.004,0.001,-50.615,-278.941,387.280,176.199,-7.178,-121.254,1,-0.0323,0.0279,-0.0284,0
19378468,0.010,0.352,0.052,0.003,0.004,0.001,-50.615,-278.941,387.280,176.199,-7.178,-121.254,1,-0.0323,0.0279,-0.0284,0
19378546,-0.005,0.360,0.043,0.003,0.005,0.002,-50.615,-278.941,387.280,176.199,-7.178,-121.254,1,-0.0323,0.0279,-0.0284,0
19378640,0.011,0.329,0.056,0.002,0.004,-0.000,-50.615,-278.941,387.280,176.199,-7.178,-121.254,1,-0.0323,0.0279,-0.0284,0
19378750,-0.015,0.349,0.079,0.003,0.005,0.001,-50.615,-278.941,387.280,176.199,-7.178,-121.254,1,-0.0323,0.0279,-0.0284,0
19378906,-0.009,0.351,0.058,0.003,0.005,0.001,-50.615,-278.941,387.280,176.199,-7.178,-121.254,1,-0.0323,0.0279,-0.0284,0
19378953,-0.001,0.339,0.036,0.002,0.005,0.001,-50.615,-278.941,387.280,176.199,-7.178,-121.254,1,-0.0323,0.0279,-0.0284,0
19379000,-0.019,0.341,0.050,0.002,0.005,0.001,-50.615,-278.941,387.280,176.199,-7.178,-121.254,1,-0.0323,0.0279,-0.0284,0
19379078,-0.008,0.331,0.044,0.001,0.005,0.000,-50.615,-278.941,387.280,176.199,-7.178,-121.254,1,-0.0323,0.0279,-0.0284,0
19379203,-0.019,0.372,0.052,0.003,0.005,0.002,-50.615,-278.941,387.280,176.199,-7.178,-121.254,1,-0.0323,0.0279,-0.0284,0
19379296,0.009,0.327,0.027,0.001,0.005,0.001,-50.615,-278.941,387.280,176.199,-7.178,-121.254,1,-0.0323,0.0279,-0.0284,0
19379406,0.004,0.338,0.032,0.002,0.004,0.001,-50.615,-278.941,387.280,176.199,-7.178,-121.254,1,-0.0323,0.0279,-0.0284,0
19379484,-0.008,0.332,0.053,0.002,0.005,0.001,-50.615,-278.941,387.280,176.199,-7.178,-121.254,1,-0.0323,0.0279,-0.0284,0
19379578,-0.012,0.332,0.067,0.002,0.005,0.001,-50.615,-278.941,387.280,176.199,-7.178,-121.254,1,-0.0323,0.0279,-0.0284,0
19379656,-0.007,0.336,0.073,0.002,0.005,0.001,-50.615,-278.941,387.280,176.199,-7.178,-121.254,1,-0.0323,0.0279,-0.0284,0
19379734,-0.006,0.339,0.023,0.002,0.005,0.001,-50.615,-278.941,387.280,176.199,-7.178,-121.254,1,-0.0323,0.0279,-0.0284,0
19379843,-0.013,0.333,0.048,0.001,0.005,0.000,-50.615,-278.941,387.280,176.199,-7.178,-121.254,1,-0.0323,0.0279,-0.0284,0
19379953,-0.001,0.362,0.047,0.003,0.005,0.001,-50.615,-278.941,387.280,176.199,-7.178,-121.254,1,-0.0323,0.0279,-0.0284,0
19380093,0.003,0.344,0.065,0.002,0.005,-0.000,-50.615,-278.941,387.280,176.199,-7.178,-121.254,1,-0.0323,0.0279,-0.0284,0
19380140,-0.007,0.346,0.053,0.002,0.005,0.000,-50.615,-278.941,387.280,176.199,-7.178,-121.254,1,-0.0323,0.0279,-0.0284,0
19380187,-0.008,0.348,0.017,0.002,0.005,0.002,-50.615,-278.941,387.280,176.199,-7.178,-121.254,1,-0.0323,0.0279,-0.0284,0
19380265,-0.007,0.339,0.067,0.002,0.005,0.000,-50.615,-278.941,387.280,176.199,-7.178,-121.254,1,-0.0323,0.0279,-0.0284,0
19380406,-0.001,0.329,0.059,0.001,0.005,-0.001,-50.615,-278.941,387.280,176.199,-7.178,-121.254,1,-0.0323,0.0279,-0.0284,0
19380500,-0.013,0.337,0.044,0.002,0.005,0.000,-50.615,-278.941,387.280,176.199,-7.178,-121.254,1,-0.0323,0.0279,-0.0284,0
19380546,-0.011,0.334,0.063,0.002,0.005,-0.000,-50.615,-278.941,387.280,176.199,-7.178,-121.254,1,-0.0323,0.0279,-0.0284,0
19380625,-0.000,0.344,0.026,0.002,0.004,0.001,-50.615,-278.941,387.280,176.199,-7.178,-121.254,1,-0.0323,0.0279,-0.0284,0
19380703,-0.005,0.336,0.037,0.002,0.005,0.001,-50.615,-278.941,387.280,176.199,-7.178,-121.254,1,-0.0323,0.0279,-0.0284,0
19380781,0.001,0.339,0.046,0.002,0.005,0.001,-50.615,-278.941,387.280,176.199,-7.178,-121.254,1,-0.0323,0.0279,-0.0284,0
19380875,-0.017,0.350,0.064,0.002,0.005,0.001,-50.615,-278.941,387.280,176.199,-7.178,-121.254,1,-0.0323,0.0279,-0.0284,0
19380953,-0.014,0.345,0.055,0.002,0.005,0.001,-50.615,-278.941,387.280,176.199,-7.178,-121.254,1,-0.0323,0.0279,-0.0284,0
19381062,0.001,0.336,0.037,0.002,0.004,0.001,-50.615,-278.941,387.280,176.199,-7.178,-121.254,1,-0.0323,0.0279,-0.0284,0
19381140,-0.001,0.330,0.059,0.001,0.004,-0.000,-50.615,-278.941,387.280,176.199,-7.178,-121.254,1,-0.0323,0.0279,-0.0284,0
19381218,-0.009,0.332,0.057,0.001,0.005,0.000,-50.615,-278.941,387.280,176.199,-7.178,-121.254,1,-0.0323,0.0279,-0.0284,0
19381296,-0.008,0.344,0.036,0.002,0.005,0.001,-50.615,-278.941,387.280,176.199,-7.178,-121.254,1,-0.0323,0.0279,-0.0284,0
19381343,-0.002,0.334,0.063,0.002,0.004,-0.000,-50.615,-278.941,387.280,176.199,-7.178,-121.254,1,-0.0323,0.0279,-0.0284,0
19381390,0.009,0.351,0.045,0.002,0.005,0.000,-50.615,-278.941,387.280,176.199,-7.178,-121.254,1,-0.0323,0.0279,-0.0284,0
19381468,-0.001,0.345,0.054,0.002,0.005,0.000,-50.615,-278.941,387.280,176.199,-7.178,-121.254,1,-0.0323,0.0279,-0.0284,0
19381609,-0.011,0.342,0.074,0.002,0.005,0.000,-50.615,-278.941,387.280,176.199,-7.178,-121.254,1,-0.0323,0.0279,-0.0284,0
19381703,0.001,0.346,0.038,0.002,0.004,0.000,-50.615,-278.941,387.280,176.199,-7.178,-121.254,1,-0.0323,0.0279,-0.0284,0
19381812,-0.006,0.336,0.069,0.002,0.005,-0.000,-50.615,-278.941,387.280,176.199,-7.178,-121.254,1,-0.0323,0.0279,-0.0284,0
19381890,-0.003,0.338,0.072,0.002,0.005,-0.000,-50.615,-278.941,387.280,176.199,-7.178,-121.254,1,-0.0323,0.0279,-0.0284,0
19381984,0.011,0.353,0.007,0.002,0.004,0.001,-50.615,-278.941,387.280,176.199,-7.178,-121.254,1,-0.0323,0.0279,-0.0284,0
19382062,0.007,0.357,0.034,0.002,0.004,0.001,-50.615,-278.941,387.280,176.199,-7.178,-121.254,1,-0.0323,0.0279,-0.0284,0
19382140,0.007,0.340,0.077,0.002,0.004,-0.000,-50.615,-278.941,387.280,176.199,-7.178,-121.254,1,-0.0323,0.0279,-0.0284,0
19382250,-0.003,0.346,0.073,0.002,0.005,-0.000,-50.615,-278.941,387.280,176.199,-7.178,-121.254,1,-0.0323,0.0279,-0.0284,0
19382359,-0.000,0.341,0.039,0.002,0.005,0.001,-50.615,-278.941,387.280,176.199,-7.178,-121.254,1,-0.0323,0.0279,-0.0284,0
19382500,-0.012,0.336,0.118,0.002,0.005,-0.001,-50.615,-278.941,387.280,176.199,-7.178,-121.254,1,-0.0323,0.0279,-0.0284,0
19382546,-0.007,0.340,0.082,0.002,0.005,-0.000,-50.615,-278.941,387.280,176.199,-7.178,-121.254,1,-0.0323,0.0279,-0.0284,0
19382593,0.000,0.350,0.017,0.002,0.004,0.002,-50.615,-278.941,387.280,176.199,-7.178,-121.254,1,-0.0323,0.0279,-0.0284,0
19382671,-0.003,0.339,0.044,0.002,0.005,0.000,-50.615,-278.941,387.280,176.199,-7.178,-121.254,1,-0.0323,0.0279,-0.0284,0
19382812,0.001,0.335,0.096,0.002,0.004,-0.000,-50.615,-278.941,387.280,176.199,-7.178,-121.254,1,-0.0323,0.0279,-0.0284,0
19382906,-0.004,0.345,0.016,0.002,0.005,0.001,-50.615,-278.941,387.280,176.199,-7.178,-121.254,1,-0.0323,0.0279,-0.0284,0
19383015,-0.009,0.349,0.008,0.002,0.005,0.001,-50.615,-278.941,387.280,176.199,-7.178,-121.254,1,-0.0323,0.0279,-0.0284,0
19383093,-0.005,0.343,0.067,0.002,0.005,-0.001,-50.615,-278.941,387.280,176.199,-7.178,-121.254,1,-0.0323,0.0279,-0.0284,0
19383187,0.004,0.342,0.093,0.002,0.004,-0.001,-50.615,-278.941,387.280,176.199,-7.178,-121.254,1,-0.0323,0.0279,-0.0284,0
19383265,-0.005,0.346,0.057,0.002,0.005,0.000,-50.615,-278.941,387.280,176.199,-7.178,-121.254,1,-0.0323,0.0279,-0.0284,0
19383343,-0.005,0.362,0.007,0.002,0.005,0.002,-50.615,-278.941,387.280,176.199,-7.178,-121.254,1,-0.0323,0.0279,-0.0284,0
19383453,0.013,0.346,0.075,0.002,0.004,-0.001,-50.615,-278.941,387.280,176.199,-7.178,-121.254,1,-0.0323,0.0279,-0.0284,0
19383562,0.015,0.369,0.033,0.002,0.005,0.001,-50.615,-278.941,387.280,176.199,-7.178,-121.254,1,-0.0323,0.0279,-0.0284,0
19383703,-0.002,0.341,0.060,0.002,0.005,0.001,-50.615,-278.941,387.280,176.199,-7.178,-121.254,1,-0.0323,0.0279,-0.0284,0
19383750,-0.004,0.340,0.049,0.002,0.005,0.001,-50.615,-278.941,387.280,176.199,-7.178,-121.254,1,-0.0323,0.0279,-0.0284,0
19383796,0.002,0.344,0.058,0.002,0.005,0.001,-50.615,-278.941,387.280,176.199,-7.178,-121.254,1,-0.0323,0.0279,-0.0284,0
19383875,0.006,0.327,0.108,0.001,0.004,-0.002,-50.615,-278.941,387.280,176.199,-7.178,-121.254,1,-0.0323,0.0279,-0.0284,0
19384015,0.008,0.352,-0.000,0.002,0.005,0.002,-50.615,-278.941,387.280,176.199,-7.178,-121.254,1,-0.0323,0.0279,-0.0284,0
19384109,-0.003,0.357,0.017,0.003,0.005,0.002,-50.615,-278.941,387.280,176.199,-7.178,-121.254,1,-0.0323,0.0279,-0.0284,0
19384218,0.014,0.345,0.080,0.001,0.004,0.000,-50.615,-278.941,387.280,176.199,-7.178,-121.254,1,-0.0323,0.0279,-0.0284,0
19384296,0.009,0.356,0.078,0.002,0.005,0.001,-50.615,-278.941,387.280,176.199,-7.178,-121.254,1,-0.0323,0.0279,-0.0284,0
19384390,-0.006,0.342,0.019,0.002,0.005,0.002,-50.615,-278.941,387.280,176.199,-7.178,-121.254,1,-0.0323,0.0279,-0.0284,0
19384468,0.001,0.341,0.059,0.002,0.005,0.000,-50.615,-278.941,387.280,176.199,-7.178,-121.254,1,-0.0323,0.0279,-0.0284,0
19384546,0.003,0.335,0.081,0.001,0.005,-0.001,-50.615,-278.941,387.280,176.199,-7.178,-121.254,1,-0.0323,0.0279,-0.0284,0
19384656,-0.007,0.359,0.013,0.002,0.005,0.002,-50.615,-278.941,387.280,176.199,-7.178,-121.254,1,-0.0323,0.0279,-0.0284,0
19384765,-0.005,0.346,0.082,0.002,0.005,-0.000,-50.615,-278.941,387.280,176.199,-7.178,-121.254,1,-0.0323,0.0279,-0.0284,0
19384906,-0.002,0.356,0.067,0.002,0.005,0.000,-50.615,-278.941,387.280,176.199,-7.178,-121.254,1,-0.0323,0.0279,-0.0284,0
19384953,-0.008,0.367,0.037,0.003,0.005,0.002,-50.615,-278.941,387.280,176.199,-7.178,-121.254,1,-0.0323,0.0279,-0.0284,0
19385000,-0.015,0.362,0.002,0.003,0.005,0.003,-50.615,-278.941,387.280,176.199,-7.178,-121.254,1,-0.0323,0.0279,-0.0284,0
19385078,-0.008,0.338,0.019,0.002,0.005,0.001,-50.615,-278.941,387.280,176.199,-7.178,-121.254,1,-0.0323,0.0279,-0.0284,0
19385218,-0.005,0.338,0.090,0.002,0.005,-0.001,-50.615,-278.941,387.280,176.199,-7.178,-121.254,1,-0.0323,0.0279,-0.0284,0
19385312,-0.007,0.345,0.056,0.002,0.005,0.001,-50.615,-278.941,387.280,176.199,-7.178,-121.254,1,-0.0323,0.0279,-0.0284,0
19385421,0.008,0.341,0.043,0.002,0.004,0.001,-50.615,-278.941,387.280,176.199,-7.178,-121.254,1,-0.0323,0.0279,-0.0284,0
19385500,0.001,0.335,0.079,0.002,0.004,-0.001,-50.615,-278.941,387.280,176.199,-7.178,-121.254,1,-0.0323,0.0279,-0.0284,0
19385593,0.009,0.342,0.022,0.002,0.004,0.001,-50.615,-278.941,387.280,176.199,-7.178,-121.254,1,-0.0323,0.0279,-0.0284,0
19385671,-0.008,0.352,0.010,0.003,0.005,0.002,-50.615,-278.941,387.280,176.199,-7.178,-121.254,1,-0.0323,0.0279,-0.0284,0
19385734,-0.011,0.345,0.009,0.002,0.005,0.003,-50.615,-278.941,387.280,176.199,-7.178,-121.254,1,-0.0323,0.0279,-0.0284,0
19385843,0.007,0.319,0.074,0.001,0.004,-0.000,-50.615,-278.941,387.280,176.199,-7.178,-121.254,1,-0.0323,0.0279,-0.0284,0
19385968,0.009,0.314,0.061,0.001,0.004,-0.000,-50.615,-278.941,387.280,176.199,-7.178,-121.254,1,-0.0323,0.0279,-0.0284,0
19386109,-0.004,0.340,0.067,0.002,0.005,-0.000,-50.615,-278.941,387.280,176.199,-7.178,-121.254,1,-0.0323,0.0279,-0.0284,0
19386156,0.006,0.347,0.047,0.002,0.005,-0.001,-50.615,-278.941,387.280,176.199,-7.178,-121.254,1,-0.0323,0.0279,-0.0284,0
19386203,0.004,0.350,0.037,0.002,0.005,-0.000,-50.615,-278.941,387.280,176.199,-7.178,-121.254,1,-0.0323,0.0279,-0.0284,0
19386281,-0.001,0.347,0.048,0.002,0.005,0.001,-50.615,-278.941,387.280,176.199,-7.178,-121.254,1,-0.0323,0.0279,-0.0284,0
19386406,-0.002,0.356,0.042,0.003,0.005,0.002,-50.615,-278.941,387.280,176.199,-7.178,-121.254,1,-0.0323,0.0279,-0.0284,0
19386515,0.002,0.344,0.071,0.002,0.005,-0.000,-50.615,-278.941,387.280,176.199,-7.178,-121.254,1,-0.0323,0.0279,-0.0284,0
19386625,0.000,0.335,0.027,0.002,0.005,-0.000,-50.615,-278.941,387.280,176.199,-7.178,-121.254,1,-0.0323,0.0279,-0.0284,0
19386703,-0.006,0.347,0.027,0.003,0.005,0.001,-50.615,-278.941,387.280,176.199,-7.178,-121.254,1,-0.0323,0.0279,-0.0284,0
19386796,-0.001,0.344,0.047,0.002,0.004,0.001,-50.615,-278.941,387.280,176.199,-7.178,-121.254,1,-0.0323,0.0279,-0.0284,0
19386859,0.003,0.345,0.049,0.002,0.004,0.001,-50.615,-278.941,387.280,176.199,-7.178,-121.254,1,-0.0323,0.0279,-0.0284,0
19386953,0.009,0.343,0.064,0.002,0.004,-0.000,-50.615,-278.941,387.280,176.199,-7.178,-121.254,1,-0.0323,0.0279,-0.0284,0
19387046,0.014,0.353,0.026,0.002,0.005,0.002,-50.615,-278.941,387.280,176.199,-7.178,-121.254,1,-0.0323,0.0279,-0.0284,0
19387156,0.010,0.350,0.043,0.003,0.005,0.001,-50.615,-278.941,387.280,176.199,-7.178,-121.254,1,-0.0323,0.0279,-0.0284,0
19387296,0.001,0.327,0.044,0.002,0.005,0.001,-50.615,-278.941,387.280,176.199,-7.178,-121.254,1,-0.0323,0.0279,-0.0284,0
19387343,0.014,0.313,0.067,0.001,0.004,-0.001,-50.615,-278.941,387.280,176.199,-7.178,-121.254,1,-0.0323,0.0279,-0.0284,0
19387390,0.004,0.328,0.020,0.002,0.004,0.001,-50.615,-278.941,387.280,176.199,-7.178,-121.254,1,-0.0323,0.0279,-0.0284,0
19387468,-0.005,0.347,0.033,0.003,0.005,0.002,-50.615,-278.941,387.280,176.199,-7.178,-121.254,1,-0.0323,0.0279,-0.0284,0
19387609,0.014,0.328,0.052,0.002,0.004,-0.000,-50.615,-278.941,387.280,176.199,-7.178,-121.254,1,-0.0323,0.0279,-0.0284,0
19387703,-0.003,0.353,0.010,0.002,0.005,0.002,-50.615,-278.941,387.280,176.199,-7.178,-121.254,1,-0.0323,0.0279,-0.0284,0
19387812,0.016,0.348,0.080,0.002,0.004,-0.000,-50.615,-278.941,387.280,176.199,-7.178,-121.254,1,-0.0323,0.0279,-0.0284,0
19387890,0.010,0.366,0.034,0.003,0.004,0.002,-50.615,-278.941,387.280,176.199,-7.178,-121.254,1,-0.0323,0.0279,-0.0284,0
19387984,0.001,0.339,0.078,0.002,0.005,-0.000,-50.615,-278.941,387.280,176.199,-7.178,-121.254,1,-0.0323,0.0279,-0.0284,0
19388062,0.008,0.335,0.076,0.002,0.004,-0.001,-50.615,-278.941,387.280,176.199,-7.178,-121.254,1,-0.0323,0.0279,-0.0284,0
19388140,0.006,0.345,0.034,0.002,0.004,0.000,-50.615,-278.941,387.280,176.199,-7.178,-121.254,1,-0.0323,0.0279,-0.0284,0
19388250,0.001,0.348,0.029,0.003,0.005,0.002,-50.615,-278.941,387.280,176.199,-7.178,-121.254,1,-0.0323,0.0279,-0.0284,0
19388359,0.003,0.340,0.063,0.002,0.004,0.000,-50.615,-278.941,387.280,176.199,-7.178,-121.254,1,-0.0323,0.0279,-0.0284,0
19388500,0.015,0.345,0.079,0.002,0.004,-0.000,-50.615,-278.941,387.280,176.199,-7.178,-121.254,1,-0.0323,0.0279,-0.0284,0
19388546,0.020,0.347,0.085,0.002,0.004,-0.001,-50.615,-278.941,387.280,176.199,-7.178,-121.254,1,-0.0323,0.0279,-0.0284,0
19388593,0.010,0.360,0.030,0.003,0.005,0.002,-50.615,-278.941,387.280,176.199,-7.178,-121.254,1,-0.0323,0.0279,-0.0284,0
19388671,-0.001,0.358,0.022,0.003,0.005,0.003,-50.615,-278.941,387.280,176.199,-7.178,-121.254,1,-0.0323,0.0279,-0.0284,0
19388812,0.017,0.340,0.066,0.002,0.004,-0.001,-50.615,-278.941,387.280,176.199,-7.178,-121.254,1,-0.0323,0.0279,-0.0284,0
19388906,0.009,0.347,0.066,0.002,0.004,0.000,-50.615,-278.941,387.280,176.199,-7.178,-121.254,1,-0.0323,0.0279,-0.0284,0
19389015,0.001,0.359,0.035,0.003,0.005,0.001,-50.615,-278.941,387.280,176.199,-7.178,-121.254,1,-0.0323,0.0279,-0.0284,0
19389093,0.004,0.357,0.053,0.003,0.005,0.000,-50.615,-278.941,387.280,176.199,-7.178,-121.254,1,-0.0323,0.0279,-0.0284,0
19389187,0.003,0.370,0.013,0.003,0.005,0.002,-50.615,-278.941,387.280,176.199,-7.178,-121.254,1,-0.0323,0.0279,-0.0284,0
19389265,0.021,0.349,0.064,0.002,0.004,-0.000,-50.615,-278.941,387.280,176.199,-7.178,-121.254,1,-0.0323,0.0279,-0.0284,0
19389343,0.015,0.352,0.055,0.002,0.005,0.000,-50.615,-278.941,387.280,176.199,-7.178,-121.254,1,-0.0323,0.0279,-0.0284,0
19389453,-0.014,0.354,0.028,0.003,0.005,0.001,-50.615,-278.941,387.280,176.199,-7.178,-121.254,1,-0.0323,0.0279,-0.0284,0
19389562,0.013,0.350,0.058,0.002,0.004,-0.001,-50.615,-278.941,387.280,176.199,-7.178,-121.254,1,-0.0323,0.0279,-0.0284,0
19389703,0.001,0.366,0.019,0.003,0.005,0.001,-50.615,-278.941,387.280,176.199,-7.178,-121.254,1,-0.0323,0.0279,-0.0284,0
19389750,0.004,0.362,0.026,0.003,0.004,0.001,-50.615,-278.941,387.280,176.199,-7.178,-121.254,1,-0.0323,0.0279,-0.0284,0
19389796,0.010,0.364,0.030,0.003,0.004,0.001,-50.615,-278.941,387.280,176.199,-7.178,-121.254,1,-0.0323,0.0279,-0.0284,0
19389875,0.009,0.371,0.031,0.003,0.004,0.002,-50.615,-278.941,387.280,176.199,-7.178,-121.254,1,-0.0323,0.0279,-0.0284,0
19390015,0.011,0.363,0.047,0.003,0.004,0.001,-50.615,-278.941,387.280,176.199,-7.178,-121.254,1,-0.0323,0.0279,-0.0284,0
19390109,0.017,0.377,0.021,0.003,0.004,0.002,-50.615,-278.941,387.280,176.199,-7.178,-121.254,1,-0.0323,0.0279,-0.0284,0
19390218,0.017,0.362,0.036,0.002,0.004,0.000,-50.615,-278.941,387.280,176.199,-7.178,-121.254,1,-0.0323,0.0279,-0.0284,0
19390296,0.013,0.348,0.024,0.002,0.004,0.000,-50.615,-278.941,387.280,176.199,-7.178,-121.254,1,-0.0323,0.0279,-0.0284,0
19390390,0.008,0.354,0.037,0.002,0.004,0.001,-50.615,-278.941,387.280,176.199,-7.178,-121.254,1,-0.0323,0.0279,-0.0284,0
19390468,0.008,0.364,0.060,0.003,0.004,0.001,-50.615,-278.941,387.280,176.199,-7.178,-121.254,1,-0.0323,0.0279,-0.0284,0
19390546,0.021,0.356,0.059,0.002,0.004,-0.000,-50.615,-278.941,387.280,176.199,-7.178,-121.254,1,-0.0323,0.0279,-0.0284,0
19390656,0.008,0.361,0.034,0.002,0.005,0.001,-50.615,-278.941,387.280,176.199,-7.178,-121.254,1,-0.0323,0.0279,-0.0284,0
19390750,0.016,0.365,0.034,0.003,0.004,0.001,-50.615,-278.941,387.280,176.199,-7.178,-121.254,1,-0.0323,0.0279,-0.0284,0
19390890,0.015,0.365,0.069,0.003,0.004,0.001,-50.615,-278.941,387.280,176.199,-7.178,-121.254,1,-0.0323,0.0279,-0.0284,0
19390937,0.024,0.352,0.094,0.002,0.004,-0.001,-50.615,-278.941,387.280,176.199,-7.178,-121.254,1,-0.0323,0.0279,-0.0284,0
19390984,0.028,0.332,0.067,0.002,0.004,-0.001,-50.615,-278.941,387.280,176.199,-7.178,-121.254,1,-0.0323,0.0279,-0.0284,0
19391062,0.011,0.358,0.036,0.002,0.004,0.000,-50.615,-278.941,387.280,176.199,-7.178,-121.254,1,-0.0323,0.0279,-0.0284,0
19391203,0.003,0.365,0.053,0.003,0.004,0.001,-50.615,-278.941,387.280,176.199,-7.178,-121.254,1,-0.0323,0.0279,-0.0284,0
19391296,0.019,0.367,0.051,0.002,0.004,-0.000,-50.615,-278.941,387.280,176.199,-7.178,-121.254,1,-0.0323,0.0279,-0.0284,0
19391406,0.009,0.375,0.028,0.003,0.004,0.001,-50.615,-278.941,387.280,176.199,-7.178,-121.254,1,-0.0323,0.0279,-0.0284,0
19391484,0.029,0.384,0.021,0.003,0.004,0.002,-50.615,-278.941,387.280,176.199,-7.178,-121.254,1,-0.0323,0.0279,-0.0284,0
19391578,0.030,0.378,0.057,0.003,0.004,0.000,-50.615,-278.941,387.280,176.199,-7.178,-121.254,1,-0.0323,0.0279,-0.0284,0
19391656,0.011,0.361,0.045,0.002,0.004,0.000,-50.615,-278.941,387.280,176.199,-7.178,-121.254,1,-0.0323,0.0279,-0.0284,0
19391734,0.016,0.352,0.062,0.002,0.004,-0.001,-50.615,-278.941,387.280,176.199,-7.178,-121.254,1,-0.0323,0.0279,-0.0284,0
19391843,0.017,0.363,0.026,0.002,0.004,0.000,-50.615,-278.941,387.280,176.199,-7.178,-121.254,1,-0.0323,0.0279,-0.0284,0
19391953,0.003,0.360,0.037,0.003,0.004,0.001,-50.615,-278.941,387.280,176.199,-7.178,-121.254,1,-0.0323,0.0279,-0.0284,0
19392093,0.023,0.350,0.071,0.002,0.004,-0.000,-50.615,-278.941,387.280,176.199,-7.178,-121.254,1,-0.0323,0.0279,-0.0284,0
19392140,0.016,0.358,0.077,0.002,0.004,-0.001,-50.615,-278.941,387.280,176.199,-7.178,-121.254,1,-0.0323,0.0279,-0.0284,0
19392187,0.029,0.360,0.092,0.002,0.004,-0.001,-50.615,-278.941,387.280,176.199,-7.178,-121.254,1,-0.0323,0.0279,-0.0284,0
19392265,0.035,0.371,0.016,0.003,0.004,0.002,-50.615,-278.941,387.280,176.199,-7.178,-121.254,1,-0.0323,0.0279,-0.0284,0
19392406,0.023,0.341,0.050,0.002,0.004,0.000,-50.615,-278.941,387.280,176.199,-7.178,-121.254,1,-0.0323,0.0279,-0.0284,0
19392500,0.027,0.344,0.075,0.002,0.004,-0.001,-50.615,-278.941,387.280,176.199,-7.178,-121.254,1,-0.0323,0.0279,-0.0284,0
19392609,0.007,0.369,0.015,0.003,0.004,0.002,-50.615,-278.941,387.280,176.199,-7.178,-121.254,1,-0.0323,0.0279,-0.0284,0
19392687,0.003,0.381,0.011,0.003,0.005,0.002,-50.615,-278.941,387.280,176.199,-7.178,-121.254,1,-0.0323,0.0279,-0.0284,0
19392781,0.015,0.358,0.077,0.002,0.004,-0.000,-50.615,-278.941,387.280,176.199,-7.178,-121.254,1,-0.0323,0.0279,-0.0284,0
19392859,0.017,0.358,0.064,0.002,0.004,0.000,-50.615,-278.941,387.280,176.199,-7.178,-121.254,1,-0.0323,0.0279,-0.0284,0
19392937,0.025,0.363,0.081,0.002,0.004,-0.001,-50.615,-278.941,387.280,176.199,-7.178,-121.254,1,-0.0323,0.0279,-0.0284,0
19393046,0.014,0.378,0.053,0.003,0.004,0.001,-50.615,-278.941,387.280,176.199,-7.178,-121.254,1,-0.0323,0.0279,-0.0284,0
19393156,0.014,0.358,0.040,0.002,0.004,0.001,-50.615,-278.941,387.280,176.199,-7.178,-121.254,1,-0.0323,0.0279,-0.0284,0
19393296,0.009,0.362,0.003,0.003,0.005,0.002,-50.615,-278.941,387.280,176.199,-7.178,-121.254,1,-0.0323,0.0279,-0.0284,0
19393343,0.011,0.365,0.008,0.003,0.005,0.002,-50.615,-278.941,387.280,176.199,-7.178,-121.254,1,-0.0323,0.0279,-0.0284,0
19393390,0.011,0.362,0.039,0.003,0.004,0.001,-50.615,-278.941,387.280,176.199,-7.178,-121.254,1,-0.0323,0.0279,-0.0284,0
19393468,0.025,0.361,0.071,0.002,0.004,-0.000,-50.615,-278.941,387.280,176.199,-7.178,-121.254,1,-0.0323,0.0279,-0.0284,0
19393609,0.030,0.362,0.053,0.002,0.004,0.000,-50.615,-278.941,387.280,176.199,-7.178,-121.254,1,-0.0323,0.0279,-0.0284,0
19393703,0.026,0.374,0.030,0.003,0.004,0.001,-50.615,-278.941,387.280,176.199,-7.178,-121.254,1,-0.0323,0.0279,-0.0284,0
19393812,0.012,0.354,0.050,0.002,0.004,0.001,-50.615,-278.941,387.280,176.199,-7.178,-121.254,1,-0.0323,0.0279,-0.0284,0
19393890,0.019,0.348,0.077,0.002,0.004,-0.000,-50.615,-278.941,387.280,176.199,-7.178,-121.254,1,-0.0323,0.0279,-0.0284,0
19393984,0.026,0.346,0.044,0.002,0.004,0.001,-50.615,-278.941,387.280,176.199,-7.178,-121.254,1,-0.0323,0.0279,-0.0284,0
19394062,0.023,0.352,0.029,0.002,0.004,0.002,-50.615,-278.941,387.280,176.199,-7.178,-121.254,1,-0.0323,0.0279,-0.0284,0
19394140,0.016,0.349,0.066,0.002,0.004,0.000,-50.615,-278.941,387.280,176.199,-7.178,-121.254,1,-0.0323,0.0279,-0.0284,0
19394250,0.007,0.359,0.066,0.002,0.004,0.000,-50.615,-278.941,387.280,176.199,-7.178,-121.254,1,-0.0323,0.0279,-0.0284,0
19394359,0.016,0.374,0.023,0.003,0.004,0.001,-50.615,-278.941,387.280,176.199,-7.178,-121.254,1,-0.0323,0.0279,-0.0284,0
19394500,0.035,0.387,0.051,0.002,0.004,0.000,-50.615,-278.941,387.280,176.199,-7.178,-121.254,1,-0.0323,0.0279,-0.0284,0
19394546,0.020,0.373,0.043,0.002,0.004,0.001,-50.615,-278.941,387.280,176.199,-7.178,-121.254,1,-0.0323,0.0279,-0.0284,0
19394671,0.003,0.364,0.019,0.003,0.004,0.001,-50.615,-278.941,387.280,176.199,-7.178,-121.254,1,-0.0323,0.0279,-0.0284,0
19394812,0.011,0.362,0.035,0.002,0.004,0.001,-50.615,-278.941,387.280,176.199,-7.178,-121.254,1,-0.0323,0.0279,-0.0284,0
19394906,0.006,0.360,0.073,0.002,0.004,-0.000,-50.615,-278.941,387.280,176.199,-7.178,-121.254,1,-0.0323,0.0279,-0.0284,0
19395015,0.008,0.363,0.056,0.002,0.004,0.000,-50.615,-278.941,387.280,176.199,-7.178,-121.254,1,-0.0323,0.0279,-0.0284,0
19395093,0.014,0.373,0.028,0.002,0.004,0.001,-50.615,-278.941,387.280,176.199,-7.178,-121.254,1,-0.0323,0.0279,-0.0284,0
19395187,0.003,0.364,0.057,0.002,0.004,-0.000,-50.615,-278.941,387.280,176.199,-7.178,-121.254,1,-0.0323,0.0279,-0.0284,0
19395265,0.013,0.363,0.062,0.002,0.004,-0.000,-50.615,-278.941,387.280,176.199,-7.178,-121.254,1,-0.0323,0.0279,-0.0284,0
19395343,0.014,0.372,0.058,0.002,0.004,-0.000,-50.615,-278.941,387.280,176.199,-7.178,-121.254,1,-0.0323,0.0279,-0.0284,0
19395453,0.002,0.367,0.036,0.003,0.004,0.001,-50.615,-278.941,387.280,176.199,-7.178,-121.254,1,-0.0323,0.0279,-0.0284,0
19395562,0.008,0.364,0.037,0.002,0.004,0.001,-50.615,-278.941,387.280,176.199,-7.178,-121.254,1,-0.0323,0.0279,-0.0284,0
19395703,0.017,0.357,0.066,0.002,0.004,-0.000,-50.615,-278.941,387.280,176.199,-7.178,-121.254,1,-0.0323,0.0279,-0.0284,0
19395750,0.018,0.350,0.078,0.002,0.004,-0.000,-50.615,-278.941,387.280,176.199,-7.178,-121.254,1,-0.0323,0.0279,-0.0284,0
19395796,0.012,0.349,0.065,0.002,0.004,0.001,-50.615,-278.941,387.280,176.199,-7.178,-121.254,1,-0.0323,0.0279,-0.0284,0
19395875,0.009,0.355,0.041,0.002,0.004,0.001,-50.615,-278.941,387.280,176.199,-7.178,-121.254,1,-0.0323,0.0279,-0.0284,0
19396015,0.020,0.371,0.068,0.003,0.004,0.001,-50.615,-278.941,387.280,176.199,-7.178,-121.254,1,-0.0323,0.0279,-0.0284,0
19396109,0.008,0.370,0.055,0.002,0.004,0.001,-50.615,-278.941,387.280,176.199,-7.178,-121.254,1,-0.0323,0.0279,-0.0284,0
19396218,0.020,0.354,0.050,0.001,0.004,-0.001,-50.615,-278.941,387.280,176.199,-7.178,-121.254,1,-0.0323,0.0279,-0.0284,0
19396296,0.018,0.364,0.032,0.002,0.004,0.001,-50.615,-278.941,387.280,176.199,-7.178,-121.254,1,-0.0323,0.0279,-0.0284,0
19396390,0.018,0.365,0.026,0.003,0.004,0.001,-50.615,-278.941,387.280,176.199,-7.178,-121.254,1,-0.0323,0.0279,-0.0284,0
19396468,-0.005,0.352,0.060,0.003,0.005,0.000,-50.615,-278.941,387.280,176.199,-7.178,-121.254,1,-0.0323,0.0279,-0.0284,0
19396531,0.005,0.349,0.075,0.002,0.004,-0.000,-50.615,-278.941,387.280,176.199,-7.178,-121.254,1,-0.0323,0.0279,-0.0284,0
19396640,0.021,0.378,0.023,0.002,0.004,0.001,-50.615,-278.941,387.280,176.199,-7.178,-121.254,1,-0.0323,0.0279,-0.0284,0
19396750,0.009,0.383,0.091,0.003,0.004,0.000,-50.615,-278.941,387.280,176.199,-7.178,-121.254,1,-0.0323,0.0279,-0.0284,0
19396890,0.017,0.367,0.044,0.003,0.004,0.001,-50.615,-278.941,387.280,176.199,-7.178,-121.254,1,-0.0323,0.0279,-0.0284,0
19396937,0.007,0.367,0.033,0.002,0.004,0.001,-50.615,-278.941,387.280,176.199,-7.178,-121.254,1,-0.0323,0.0279,-0.0284,0
19396984,0.002,0.367,0.052,0.003,0.004,0.000,-50.615,-278.941,387.280,176.199,-7.178,-121.254,1,-0.0323,0.0279,-0.0284,0
19397062,-0.005,0.368,0.059,0.003,0.005,0.000,-50.615,-278.941,387.280,176.199,-7.178,-121.254,1,-0.0323,0.0279,-0.0284,0
19397203,0.017,0.357,0.054,0.002,0.004,0.000,-50.615,-278.941,387.280,176.199,-7.178,-121.254,1,-0.0323,0.0279,-0.0284,0
19397296,-0.021,0.367,0.055,0.003,0.005,0.001,-50.615,-278.941,387.280,176.199,-7.178,-121.254,1,-0.0323,0.0279,-0.0284,0
19397406,0.020,0.367,0.069,0.003,0.004,0.001,-50.615,-278.941,387.280,176.199,-7.178,-121.254,1,-0.0323,0.0279,-0.0284,0
19397484,0.023,0.364,0.042,0.003,0.004,0.001,-50.615,-278.941,387.280,176.199,-7.178,-121.254,1,-0.0323,0.0279,-0.0284,0
19397578,0.012,0.368,0.030,0.003,0.004,0.002,-50.615,-278.941,387.280,176.199,-7.178,-121.254,1,-0.0323,0.0279,-0.0284,0
19397656,0.007,0.364,0.058,0.003,0.004,0.002,-50.615,-278.941,387.280,176.199,-7.178,-121.254,1,-0.0323,0.0279,-0.0284,0
19397734,0.006,0.358,0.042,0.003,0.004,0.002,-50.615,-278.941,387.280,176.199,-7.178,-121.254,1,-0.0323,0.0279,-0.0284,0
19397843,0.030,0.363,0.041,0.002,0.004,0.001,-50.615,-278.941,387.280,176.199,-7.178,-121.254,1,-0.0323,0.0279,-0.0284,0
19397953,0.002,0.344,0.096,0.002,0.005,-0.000,-50.615,-278.941,387.280,176.199,-7.178,-121.254,1,-0.0323,0.0279,-0.0284,0
19398093,0.011,0.336,0.054,0.002,0.005,0.000,-50.615,-278.941,387.280,176.199,-7.178,-121.254,1,-0.0323,0.0279,-0.0284,0
19398140,0.022,0.348,0.053,0.002,0.004,-0.000,-50.615,-278.941,387.280,176.199,-7.178,-121.254,1,-0.0323,0.0279,-0.0284,0
19398187,0.021,0.361,0.074,0.002,0.004,-0.000,-50.615,-278.941,387.280,176.199,-7.178,-121.254,1,-0.0323,0.0279,-0.0284,0
19398265,0.008,0.380,0.038,0.003,0.004,0.002,-50.615,-278.941,387.280,176.199,-7.178,-121.254,1,-0.0323,0.0279,-0.0284,0
19398406,0.025,0.365,0.058,0.002,0.004,0.000,-50.615,-278.941,387.280,176.199,-7.178,-121.254,1,-0.0323,0.0279,-0.0284,0
19398500,0.014,0.367,0.029,0.002,0.004,0.001,-50.615,-278.941,387.280,176.199,-7.178,-121.254,1,-0.0323,0.0279,-0.0284,0
19398609,0.001,0.365,0.049,0.003,0.005,0.001,-50.615,-278.941,387.280,176.199,-7.178,-121.254,1,-0.0323,0.0279,-0.0284,0
19398687,0.009,0.366,0.043,0.003,0.005,0.001,-50.615,-278.941,387.280,176.199,-7.178,-121.254,1,-0.0323,0.0279,-0.0284,0
19398781,0.034,0.371,0.027,0.003,0.004,0.001,-50.615,-278.941,387.280,176.199,-7.178,-121.254,1,-0.0323,0.0279,-0.0284,0
19398859,0.002,0.385,0.032,0.004,0.004,0.003,-50.615,-278.941,387.280,176.199,-7.178,-121.254,1,-0.0323,0.0279,-0.0284,0
19398937,0.001,0.400,0.048,0.004,0.004,0.001,-50.615,-278.941,387.280,176.199,-7.178,-121.254,1,-0.0323,0.0279,-0.0284,0
19399046,0.015,0.370,0.028,0.003,0.004,0.002,-50.615,-278.941,387.280,176.199,-7.178,-121.254,1,-0.0323,0.0279,-0.0284,0
19399156,0.027,0.352,0.080,0.002,0.004,-0.001,-50.615,-278.941,387.280,176.199,-7.178,-121.254,1,-0.0323,0.0279,-0.0284,0
19399296,0.008,0.369,0.029,0.003,0.005,0.002,-50.615,-278.941,387.280,176.199,-7.178,-121.254,1,-0.0323,0.0279,-0.0284,0
19399343,0.019,0.374,0.029,0.003,0.004,0.002,-50.615,-278.941,387.280,176.199,-7.178,-121.254,1,-0.0323,0.0279,-0.0284,0
19399390,0.029,0.372,0.031,0.003,0.004,0.001,-50.615,-278.941,387.280,176.199,-7.178,-121.254,1,-0.0323,0.0279,-0.0284,0
19399468,0.043,0.366,0.067,0.003,0.004,-0.000,-50.615,-278.941,387.280,176.199,-7.178,-121.254,1,-0.0323,0.0279,-0.0284,0
19399609,0.023,0.365,0.038,0.003,0.004,0.001,-50.615,-278.941,387.280,176.199,-7.178,-121.254,1,-0.0323,0.0279,-0.0284,0
19399703,0.038,0.351,0.071,0.002,0.004,-0.000,-50.615,-278.941,387.280,176.199,-7.178,-121.254,1,-0.0323,0.0279,-0.0284,0
19399812,0.014,0.374,0.043,0.004,0.004,0.002,-50.615,-278.941,387.280,176.199,-7.178,-121.254,1,-0.0323,0.0279,-0.0284,0
19399890,0.004,0.384,0.033,0.004,0.004,0.003,-50.615,-278.941,387.280,176.199,-7.178,-121.254,1,-0.0323,0.0279,-0.0284,0
19399984,0.045,0.351,0.072,0.002,0.003,-0.001,-50.615,-278.941,387.280,176.199,-7.178,-121.254,1,-0.0323,0.0279,-0.0284,0
19400062,0.006,0.379,0.011,0.003,0.005,0.003,-50.615,-278.941,387.280,176.199,-7.178,-121.254,1,-0.0323,0.0279,-0.0284,0
19400140,0.019,0.375,0.028,0.003,0.004,0.002,-50.615,-278.941,387.280,176.199,-7.178,-121.254,1,-0.0323,0.0279,-0.0284,0
19400250,0.028,0.348,0.074,0.002,0.004,-0.001,-50.615,-278.941,387.280,176.199,-7.178,-121.254,1,-0.0323,0.0279,-0.0284,0
19400359,0.023,0.358,0.045,0.002,0.004,0.001,-50.615,-278.941,387.280,176.199,-7.178,-121.254,1,-0.0323,0.0279,-0.0284,0
19400500,0.021,0.375,0.053,0.003,0.004,0.000,-50.615,-278.941,387.280,176.199,-7.178,-121.254,1,-0.0323,0.0279,-0.0284,0
19400546,0.027,0.373,0.051,0.002,0.004,0.000,-50.615,-278.941,387.280,176.199,-7.178,-121.254,1,-0.0323,0.0279,-0.0284,0
19400593,0.032,0.376,0.061,0.002,0.004,-0.000,-50.615,-278.941,387.280,176.199,-7.178,-121.254,1,-0.0323,0.0279,-0.0284,0
19400671,0.023,0.385,0.022,0.004,0.004,0.002,-50.615,-278.941,387.280,176.199,-7.178,-121.254,1,-0.0323,0.0279,-0.0284,0
19400812,0.025,0.381,0.015,0.003,0.004,0.001,-50.615,-278.941,387.280,176.199,-7.178,-121.254,1,-0.0323,0.0279,-0.0284,0
19400906,0.043,0.382,0.066,0.003,0.004,-0.001,-50.615,-278.941,387.280,176.199,-7.178,-121.254,1,-0.0323,0.0279,-0.0284,0
19401015,0.030,0.355,0.048,0.003,0.004,-0.000,-50.615,-278.941,387.280,176.199,-7.178,-121.254,1,-0.0323,0.0279,-0.0284,0
19401093,0.015,0.364,0.019,0.003,0.004,0.002,-50.615,-278.941,387.280,176.199,-7.178,-121.254,1,-0.0323,0.0279,-0.0284,0
19401187,0.032,0.347,0.087,0.002,0.004,-0.001,-50.615,-278.941,387.280,176.199,-7.178,-121.254,1,-0.0323,0.0279,-0.0284,0
19401265,0.025,0.356,0.065,0.002,0.004,0.000,-50.615,-278.941,387.280,176.199,-7.178,-121.254,1,-0.0323,0.0279,-0.0284,0
19401343,0.015,0.366,0.050,0.003,0.004,0.001,-50.615,-278.941,387.280,176.199,-7.178,-121.254,1,-0.0323,0.0279,-0.0284,0
19401453,0.031,0.371,0.015,0.003,0.004,0.001,-50.615,-278.941,387.280,176.199,-7.178,-121.254,1,-0.0323,0.0279,-0.0284,0
19401562,0.035,0.367,0.042,0.002,0.004,0.001,-50.615,-278.941,387.280,176.199,-7.178,-121.254,1,-0.0323,0.0279,-0.0284,0
19401703,0.030,0.353,0.059,0.002,0.004,0.000,-50.615,-278.941,387.280,176.199,-7.178,-121.254,1,-0.0323,0.0279,-0.0284,0
19401750,0.029,0.342,0.034,0.002,0.004,0.001,-50.615,-278.941,387.280,176.199,-7.178,-121.254,1,-0.0323,0.0279,-0.0284,0
19401796,0.029,0.356,0.053,0.002,0.004,0.001,-50.615,-278.941,387.280,176.199,-7.178,-121.254,1,-0.0323,0.0279,-0.0284,0
19401875,0.027,0.353,0.014,0.002,0.004,0.001,-50.615,-278.941,387.280,176.199,-7.178,-121.254,1,-0.0323,0.0279,-0.0284,0
19402015,0.028,0.356,0.063,0.002,0.004,-0.000,-50.615,-278.941,387.280,176.199,-7.178,-121.254,1,-0.0323,0.0279,-0.0284,0
19402109,0.016,0.361,0.033,0.002,0.004,0.001,-50.615,-278.941,387.280,176.199,-7.178,-121.254,1,-0.0323,0.0279,-0.0284,0
19402218,0.010,0.359,0.024,0.002,0.005,0.002,-50.615,-278.941,387.280,176.199,-7.178,-121.254,1,-0.0323,0.0279,-0.0284,0
19402296,0.020,0.365,0.043,0.003,0.004,0.001,-50.615,-278.941,387.280,176.199,-7.178,-121.254,1,-0.0323,0.0279,-0.0284,0
19402390,0.032,0.364,0.040,0.002,0.004,-0.000,-50.615,-278.941,387.280,176.199,-7.178,-121.254,1,-0.0323,0.0279,-0.0284,0
19402468,0.016,0.376,0.037,0.003,0.004,0.001,-50.615,-278.941,387.280,176.199,-7.178,-121.254,1,-0.0323,0.0279,-0.0284,0
19402546,0.014,0.368,0.052,0.002,0.004,0.001,-50.615,-278.941,387.280,176.199,-7.178,-121.254,1,-0.0323,0.0279,-0.0284,0
19402656,0.010,0.370,-0.018,0.002,0.005,0.003,-50.615,-278.941,387.280,176.199,-7.178,-121.254,1,-0.0323,0.0279,-0.0284,0
19402750,0.008,0.368,0.019,0.002,0.004,0.002,-50.615,-278.941,387.280,176.199,-7.178,-121.254,1,-0.0323,0.0279,-0.0284,0
19402890,0.021,0.350,0.058,0.001,0.004,-0.001,-50.615,-278.941,387.280,176.199,-7.178,-121.254,1,-0.0323,0.0279,-0.0284,0
19402937,0.034,0.364,0.035,0.002,0.004,0.000,-50.615,-278.941,387.280,176.199,-7.178,-121.254,1,-0.0323,0.0279,-0.0284,0
19402984,0.033,0.369,0.038,0.002,0.004,0.001,-50.615,-278.941,387.280,176.199,-7.178,-121.254,1,-0.0323,0.0279,-0.0284,0
19403062,0.014,0.362,0.037,0.002,0.004,0.001,-50.615,-278.941,387.280,176.199,-7.178,-121.254,1,-0.0323,0.0279,-0.0284,0
19403203,0.001,0.392,0.015,0.003,0.005,0.002,-50.615,-278.941,387.280,176.199,-7.178,-121.254,1,-0.0323,0.0279,-0.0284,0
19403296,0.009,0.374,0.050,0.003,0.004,0.001,-50.615,-278.941,387.280,176.199,-7.178,-121.254,1,-0.0323,0.0279,-0.0284,0
19403390,0.047,0.327,0.083,0.001,0.003,-0.002,-50.615,-278.941,387.280,176.199,-7.178,-121.254,1,-0.0323,0.0279,-0.0284,0
19403468,0.018,0.368,0.009,0.002,0.004,0.001,-50.615,-278.941,387.280,176.199,-7.178,-121.254,1,-0.0323,0.0279,-0.0284,0
19403562,0.010,0.352,0.028,0.002,0.005,0.001,-50.615,-278.941,387.280,176.199,-7.178,-121.254,1,-0.0323,0.0279,-0.0284,0
19403640,0.014,0.358,0.048,0.002,0.004,0.001,-50.615,-278.941,387.280,176.199,-7.178,-121.254,1,-0.0323,0.0279,-0.0284,0
19403718,0.017,0.363,0.030,0.003,0.004,0.001,-50.615,-278.941,387.280,176.199,-7.178,-121.254,1,-0.0323,0.0279,-0.0284,0
19403828,0.020,0.374,0.018,0.003,0.004,0.002,-50.615,-278.941,387.280,176.199,-7.178,-121.254,1,-0.0323,0.0279,-0.0284,0
19403937,0.022,0.357,0.044,0.001,0.004,0.000,-50.615,-278.941,387.280,176.199,-7.178,-121.254,1,-0.0323,0.0279,-0.0284,0
19404078,0.003,0.365,0.029,0.003,0.005,0.002,-50.615,-278.941,387.280,176.199,-7.178,-121.254,1,-0.0323,0.0279,-0.0284,0
19404125,0.003,0.360,0.033,0.003,0.005,0.002,-50.615,-278.941,387.280,176.199,-7.178,-121.254,1,-0.0323,0.0279,-0.0284,0
19404171,0.006,0.355,0.050,0.003,0.005,0.001,-50.615,-278.941,387.280,176.199,-7.178,-121.254,1,-0.0323,0.0279,-0.0284,0
19404250,0.025,0.359,0.028,0.002,0.004,0.001,-50.615,-278.941,387.280,176.199,-7.178,-121.254,1,-0.0323,0.0279,-0.0284,0
19404390,0.022,0.359,0.054,0.002,0.004,0.001,-50.615,-278.941,387.280,176.199,-7.178,-121.254,1,-0.0323,0.0279,-0.0284,0
19404484,0.010,0.381,0.019,0.003,0.004,0.002,-50.615,-278.941,387.280,176.199,-7.178,-121.254,1,-0.0323,0.0279,-0.0284,0
19404593,0.016,0.371,0.053,0.003,0.004,0.001,-50.615,-278.941,387.280,176.199,-7.178,-121.254,1,-0.0323,0.0279,-0.0284,0
19404671,0.029,0.352,0.059,0.002,0.004,0.001,-50.615,-278.941,387.280,176.199,-7.178,-121.254,1,-0.0323,0.0279,-0.0284,0
19404765,0.010,0.370,0.014,0.003,0.004,0.002,-50.615,-278.941,387.280,176.199,-7.178,-121.254,1,-0.0323,0.0279,-0.0284,0
19404843,0.009,0.375,0.046,0.003,0.005,0.001,-50.615,-278.941,387.280,176.199,-7.178,-121.254,1,-0.0323,0.0279,-0.0284,0
19404921,0.013,0.366,0.053,0.003,0.004,0.001,-50.615,-278.941,387.280,176.199,-7.178,-121.254,1,-0.0323,0.0279,-0.0284,0
19405031,0.012,0.328,0.081,0.002,0.004,0.001,-50.615,-278.941,387.280,176.199,-7.178,-121.254,1,-0.0323,0.0279,-0.0284,0
19405140,0.016,0.339,0.052,0.003,0.004,0.001,-50.615,-278.941,387.280,176.199,-7.178,-121.254,1,-0.0323,0.0279,-0.0284,0
19405281,0.024,0.350,0.034,0.002,0.004,0.001,-50.615,-278.941,387.280,176.199,-7.178,-121.254,1,-0.0323,0.0279,-0.0284,0
19405328,0.027,0.354,0.039,0.002,0.004,0.001,-50.615,-278.941,387.280,176.199,-7.178,-121.254,1,-0.0323,0.0279,-0.0284,0
19405375,0.017,0.368,0.031,0.003,0.004,0.002,-50.615,-278.941,387.280,176.199,-7.178,-121.254,1,-0.0323,0.0279,-0.0284,0
19405453,0.024,0.363,0.054,0.003,0.004,0.001,-50.615,-278.941,387.280,176.199,-7.178,-121.254,1,-0.0323,0.0279,-0.0284,0
19405593,0.025,0.355,0.060,0.002,0.004,0.000,-50.615,-278.941,387.280,176.199,-7.178,-121.254,1,-0.0323,0.0279,-0.0284,0
19405687,0.004,0.357,0.047,0.003,0.005,0.002,-50.615,-278.941,387.280,176.199,-7.178,-121.254,1,-0.0323,0.0279,-0.0284,0
19405734,0.007,0.357,0.040,0.003,0.005,0.002,-50.615,-278.941,387.280,176.199,-7.178,-121.254,1,-0.0323,0.0279,-0.0284,0
19405812,0.015,0.351,0.032,0.003,0.004,0.001,-50.615,-278.941,387.280,176.199,-7.178,-121.254,1,-0.0323,0.0279,-0.0284,0
19405890,0.044,0.354,0.059,0.002,0.004,0.000,-50.615,-278.941,387.280,176.199,-7.178,-121.254,1,-0.0323,0.0279,-0.0284,0
19405968,0.039,0.361,0.089,0.002,0.004,-0.000,-50.615,-278.941,387.280,176.199,-7.178,-121.254,1,-0.0323,0.0279,-0.0284,0
19406062,0.019,0.369,0.033,0.003,0.004,0.002,-50.615,-278.941,387.280,176.199,-7.178,-121.254,1,-0.0323,0.0279,-0.0284,0
19406140,0.031,0.354,0.047,0.002,0.004,0.001,-50.615,-278.941,387.280,176.199,-7.178,-121.254,1,-0.0323,0.0279,-0.0284,0
19406250,0.040,0.345,0.088,0.002,0.004,-0.001,-50.615,-278.941,387.280,176.199,-7.178,-121.254,1,-0.0323,0.0279,-0.0284,0
19406343,0.027,0.352,0.048,0.002,0.004,0.001,-50.615,-278.941,387.280,176.199,-7.178,-121.254,1,-0.0323,0.0279,-0.0284,0
19406484,0.020,0.352,0.040,0.003,0.004,0.002,-50.615,-278.941,387.280,176.199,-7.178,-121.254,1,-0.0323,0.0279,-0.0284,0
19406531,0.038,0.357,0.055,0.003,0.004,0.001,-50.615,-278.941,387.280,176.199,-7.178,-121.254,1,-0.0323,0.0279,-0.0284,0
19406578,0.049,0.369,0.052,0.002,0.004,0.000,-50.615,-278.941,387.280,176.199,-7.178,-121.254,1,-0.0323,0.0279,-0.0284,0
19406656,0.033,0.352,0.056,0.002,0.004,-0.000,-50.615,-278.941,387.280,176.199,-7.178,-121.254,1,-0.0323,0.0279,-0.0284,0
19406796,0.019,0.361,0.019,0.004,0.004,0.003,-50.615,-278.941,387.280,176.199,-7.178,-121.254,1,-0.0323,0.0279,-0.0284,0
19406890,0.030,0.350,0.040,0.002,0.004,0.001,-50.615,-278.941,387.280,176.199,-7.178,-121.254,1,-0.0323,0.0279,-0.0284,0
19407000,0.052,0.346,0.057,0.002,0.004,-0.001,-50.615,-278.941,387.280,176.199,-7.178,-121.254,1,-0.0323,0.0279,-0.0284,0
19407078,0.028,0.359,0.032,0.003,0.004,0.002,-50.615,-278.941,387.280,176.199,-7.178,-121.254,1,-0.0323,0.0279,-0.0284,0
19407171,0.035,0.357,0.051,0.003,0.004,0.001,-50.615,-278.941,387.280,176.199,-7.178,-121.254,1,-0.0323,0.0279,-0.0284,0
19407250,0.036,0.346,0.055,0.002,0.004,0.001,-50.615,-278.941,387.280,176.199,-7.178,-121.254,1,-0.0323,0.0279,-0.0284,0
19407328,0.041,0.359,0.015,0.002,0.004,0.002,-50.615,-278.941,387.280,176.199,-7.178,-121.254,1,-0.0323,0.0279,-0.0284,0
19407437,0.016,0.353,0.023,0.003,0.004,0.002,-50.615,-278.941,387.280,176.199,-7.178,-121.254,1,-0.0323,0.0279,-0.0284,0
19407546,0.030,0.341,0.061,0.002,0.004,0.000,-50.615,-278.941,387.280,176.199,-7.178,-121.254,1,-0.0323,0.0279,-0.0284,0
19407671,0.022,0.364,-0.007,0.003,0.004,0.003,-50.615,-278.941,387.280,176.199,-7.178,-121.254,1,-0.0323,0.0279,-0.0284,0
19407718,0.025,0.357,0.042,0.002,0.004,0.001,-50.615,-278.941,387.280,176.199,-7.178,-121.254,1,-0.0323,0.0279,-0.0284,0
19407765,0.040,0.336,0.084,0.002,0.004,-0.001,-50.615,-278.941,387.280,176.199,-7.178,-121.254,1,-0.0323,0.0279,-0.0284,0
19407843,0.030,0.349,0.074,0.002,0.004,-0.000,-50.615,-278.941,387.280,176.199,-7.178,-121.254,1,-0.0323,0.0279,-0.0284,0
19407984,0.020,0.369,-0.002,0.002,0.004,0.002,-50.615,-278.941,387.280,176.199,-7.178,-121.254,1,-0.0323,0.0279,-0.0284,0
19408078,0.022,0.350,0.045,0.003,0.004,0.001,-50.615,-278.941,387.280,176.199,-7.178,-121.254,1,-0.0323,0.0279,-0.0284,0
19408187,0.034,0.348,0.070,0.002,0.004,-0.001,-50.615,-278.941,387.280,176.199,-7.178,-121.254,1,-0.0323,0.0279,-0.0284,0
19408265,0.037,0.349,0.080,0.002,0.004,-0.000,-50.615,-278.941,387.280,176.199,-7.178,-121.254,1,-0.0323,0.0279,-0.0284,0
19408359,0.036,0.352,0.020,0.002,0.004,0.001,-50.615,-278.941,387.280,176.199,-7.178,-121.254,1,-0.0323,0.0279,-0.0284,0
19408437,0.042,0.348,0.071,0.002,0.003,-0.001,-50.615,-278.941,387.280,176.199,-7.178,-121.254,1,-0.0323,0.0279,-0.0284,0
19408515,0.036,0.357,0.060,0.002,0.004,-0.000,-50.615,-278.941,387.280,176.199,-7.178,-121.254,1,-0.0323,0.0279,-0.0284,0
19408625,0.033,0.365,0.032,0.003,0.004,0.001,-50.615,-278.941,387.280,176.199,-7.178,-121.254,1,-0.0323,0.0279,-0.0284,0
19408734,0.054,0.363,0.059,0.002,0.004,0.000,-50.615,-278.941,387.280,176.199,-7.178,-121.254,1,-0.0323,0.0279,-0.0284,0
19408875,0.033,0.349,0.039,0.002,0.004,0.001,-50.615,-278.941,387.280,176.199,-7.178,-121.254,1,-0.0323,0.0279,-0.0284,0
19408921,0.026,0.353,0.033,0.002,0.004,0.001,-50.615,-278.941,387.280,176.199,-7.178,-121.254,1,-0.0323,0.0279,-0.0284,0
19408968,0.029,0.359,0.078,0.003,0.004,0.000,-50.615,-278.941,387.280,176.199,-7.178,-121.254,1,-0.0323,0.0279,-0.0284,0
19409046,0.033,0.344,0.051,0.002,0.004,0.000,-50.615,-278.941,387.280,176.199,-7.178,-121.254,1,-0.0323,0.0279,-0.0284,0
19409187,0.037,0.352,0.019,0.002,0.004,0.001,-50.615,-278.941,387.280,176.199,-7.178,-121.254,1,-0.0323,0.0279,-0.0284,0
19409281,0.052,0.345,0.057,0.001,0.003,0.001,-50.615,-278.941,387.280,176.199,-7.178,-121.254,1,-0.0323,0.0279,-0.0284,0
19409390,0.039,0.352,0.058,0.002,0.004,0.000,-50.615,-278.941,387.280,176.199,-7.178,-121.254,1,-0.0323,0.0279,-0.0284,0
19409468,0.036,0.353,0.088,0.002,0.004,-0.001,-50.615,-278.941,387.280,176.199,-7.178,-121.254,1,-0.0323,0.0279,-0.0284,0
19409562,0.026,0.352,0.025,0.002,0.004,0.001,-50.615,-278.941,387.280,176.199,-7.178,-121.254,1,-0.0323,0.0279,-0.0284,0
19409640,0.020,0.362,-0.006,0.003,0.004,0.002,-50.615,-278.941,387.280,176.199,-7.178,-121.254,1,-0.0323,0.0279,-0.0284,0
19409718,0.028,0.355,0.055,0.002,0.004,-0.000,-50.615,-278.941,387.280,176.199,-7.178,-121.254,1,-0.0323,0.0279,-0.0284,0
19409828,0.034,0.355,0.027,0.002,0.003,0.000,-50.615,-278.941,387.280,176.199,-7.178,-121.254,1,-0.0323,0.0279,-0.0284,0
19409937,0.027,0.369,0.012,0.002,0.004,0.002,-50.615,-278.941,387.280,176.199,-7.178,-121.254,1,-0.0323,0.0279,-0.0284,0
19410078,0.039,0.356,0.057,0.002,0.004,-0.001,-50.615,-278.941,387.280,176.199,-7.178,-121.254,1,-0.0323,0.0279,-0.0284,0
19410125,0.028,0.351,0.070,0.002,0.004,0.000,-50.615,-278.941,387.280,176.199,-7.178,-121.254,1,-0.0323,0.0279,-0.0284,0
19410171,0.021,0.347,0.090,0.002,0.004,-0.001,-50.615,-278.941,387.280,176.199,-7.178,-121.254,1,-0.0323,0.0279,-0.0284,0
19410250,0.030,0.348,0.034,0.002,0.004,0.001,-50.615,-278.941,387.280,176.199,-7.178,-121.254,1,-0.0323,0.0279,-0.0284,0
19410390,0.029,0.363,0.048,0.002,0.004,0.001,-50.615,-278.941,387.280,176.199,-7.178,-121.254,1,-0.0323,0.0279,-0.0284,0
19410484,0.028,0.353,0.046,0.002,0.004,0.000,-50.615,-278.941,387.280,176.199,-7.178,-121.254,1,-0.0323,0.0279,-0.0284,0
19410593,0.013,0.363,0.058,0.002,0.004,0.000,-50.615,-278.941,387.280,176.199,-7.178,-121.254,1,-0.0323,0.0279,-0.0284,0
19410671,0.012,0.358,0.056,0.002,0.004,0.000,-50.615,-278.941,387.280,176.199,-7.178,-121.254,1,-0.0323,0.0279,-0.0284,0
19410765,0.037,0.353,0.032,0.001,0.004,0.001,-50.615,-278.941,387.280,176.199,-7.178,-121.254,1,-0.0323,0.0279,-0.0284,0
19410843,0.020,0.357,0.046,0.002,0.004,0.000,-50.615,-278.941,387.280,176.199,-7.178,-121.254,1,-0.0323,0.0279,-0.0284,0
19410921,0.040,0.368,0.071,0.003,0.004,0.001,-50.615,-278.941,387.280,176.199,-7.178,-121.254,1,-0.0323,0.0279,-0.0284,0
19411031,0.026,0.359,0.046,0.002,0.004,0.000,-50.615,-278.941,387.280,176.199,-7.178,-121.254,1,-0.0323,0.0279,-0.0284,0
19411140,0.035,0.357,0.071,0.002,0.004,0.000,-50.615,-278.941,387.280,176.199,-7.178,-121.254,1,-0.0323,0.0279,-0.0284,0
19411281,0.034,0.359,0.047,0.002,0.004,0.001,-50.615,-278.941,387.280,176.199,-7.178,-121.254,1,-0.0323,0.0279,-0.0284,0
19411328,0.041,0.351,0.066,0.002,0.004,-0.001,-50.615,-278.941,387.280,176.199,-7.178,-121.254,1,-0.0323,0.0279,-0.0284,0
19411375,0.034,0.358,0.041,0.002,0.004,0.000,-50.615,-278.941,387.280,176.199,-7.178,-121.254,1,-0.0323,0.0279,-0.0284,0
19411453,0.022,0.355,0.049,0.002,0.004,0.001,-50.615,-278.941,387.280,176.199,-7.178,-121.254,1,-0.0323,0.0279,-0.0284,0
19411593,-0.002,0.348,0.072,0.002,0.004,0.000,-50.615,-278.941,387.280,176.199,-7.178,-121.254,1,-0.0323,0.0279,-0.0284,0
19411687,0.031,0.377,0.056,0.003,0.004,0.001,-50.615,-278.941,387.280,176.199,-7.178,-121.254,1,-0.0323,0.0279,-0.0284,0
19411796,0.025,0.373,0.044,0.003,0.004,0.001,-50.615,-278.941,387.280,176.199,-7.178,-121.254,1,-0.0323,0.0279,-0.0284,0
19411875,0.024,0.372,0.066,0.003,0.005,0.001,-50.615,-278.941,387.280,176.199,-7.178,-121.254,1,-0.0323,0.0279,-0.0284,0
19411968,0.025,0.371,0.018,0.002,0.004,0.002,-50.615,-278.941,387.280,176.199,-7.178,-121.254,1,-0.0323,0.0279,-0.0284,0
19412046,0.034,0.358,0.044,0.002,0.004,0.001,-50.615,-278.941,387.280,176.199,-7.178,-121.254,1,-0.0323,0.0279,-0.0284,0
19412125,0.009,0.359,0.060,0.003,0.004,0.001,-50.615,-278.941,387.280,176.199,-7.178,-121.254,1,-0.0323,0.0279,-0.0284,0
19412234,0.038,0.353,0.033,0.001,0.004,0.000,-50.615,-278.941,387.280,176.199,-7.178,-121.254,1,-0.0323,0.0279,-0.0284,0
19412343,0.041,0.367,0.051,0.003,0.004,0.001,-50.615,-278.941,387.280,176.199,-7.178,-121.254,1,-0.0323,0.0279,-0.0284,0
19412484,0.033,0.370,0.062,0.003,0.004,0.002,-50.615,-278.941,387.280,176.199,-7.178,-121.254,1,-0.0323,0.0279,-0.0284,0
19412531,0.031,0.361,0.061,0.002,0.004,0.002,-50.615,-278.941,387.280,176.199,-7.178,-121.254,1,-0.0323,0.0279,-0.0284,0
19412656,0.044,0.361,0.046,0.002,0.004,0.000,-50.615,-278.941,387.280,176.199,-7.178,-121.254,1,-0.0323,0.0279,-0.0284,0
19412781,0.028,0.351,0.047,0.003,0.004,0.001,-50.615,-278.941,387.280,176.199,-7.178,-121.254,1,-0.0323,0.0279,-0.0284,0
19412875,0.025,0.347,0.029,0.003,0.004,0.002,-50.615,-278.941,387.280,176.199,-7.178,-121.254,1,-0.0323,0.0279,-0.0284,0
19412984,0.035,0.359,0.031,0.002,0.004,0.001,-50.615,-278.941,387.280,176.199,-7.178,-121.254,1,-0.0323,0.0279,-0.0284,0
19413062,0.034,0.364,0.041,0.003,0.004,0.001,-50.615,-278.941,387.280,176.199,-7.178,-121.254,1,-0.0323,0.0279,-0.0284,0
19413156,0.027,0.378,0.044,0.003,0.004,0.003,-50.615,-278.941,387.280,176.199,-7.178,-121.254,1,-0.0323,0.0279,-0.0284,0
19413234,0.036,0.372,0.066,0.003,0.004,0.002,-50.615,-278.941,387.280,176.199,-7.178,-121.254,1,-0.0323,0.0279,-0.0284,0
19413312,0.044,0.361,0.035,0.002,0.003,0.001,-50.615,-278.941,387.280,176.199,-7.178,-121.254,1,-0.0323,0.0279,-0.0284,0
19413421,0.037,0.369,0.049,0.003,0.004,0.001,-50.615,-278.941,387.280,176.199,-7.178,-121.254,1,-0.0323,0.0279,-0.0284,0
19413531,0.050,0.358,0.061,0.003,0.003,0.000,-50.615,-278.941,387.280,176.199,-7.178,-121.254,1,-0.0323,0.0279,-0.0284,0
19413671,0.031,0.356,0.042,0.002,0.004,0.001,-50.615,-278.941,387.280,176.199,-7.178,-121.254,1,-0.0323,0.0279,-0.0284,0
19413718,0.011,0.353,0.047,0.003,0.004,0.001,-50.615,-278.941,387.280,176.199,-7.178,-121.254,1,-0.0323,0.0279,-0.0284,0
19413765,0.010,0.383,0.033,0.004,0.004,0.002,-50.615,-278.941,387.280,176.199,-7.178,-121.254,1,-0.0323,0.0279,-0.0284,0
19413843,0.029,0.394,0.050,0.004,0.004,0.001,-50.615,-278.941,387.280,176.199,-7.178,-121.254,1,-0.0323,0.0279,-0.0284,0
19413984,0.047,0.364,0.042,0.003,0.004,0.001,-50.615,-278.941,387.280,176.199,-7.178,-121.254,1,-0.0323,0.0279,-0.0284,0
19414078,0.042,0.370,0.033,0.003,0.004,0.002,-50.615,-278.941,387.280,176.199,-7.178,-121.254,1,-0.0323,0.0279,-0.0284,0
19414187,0.045,0.365,0.039,0.003,0.004,0.001,-50.615,-278.941,387.280,176.199,-7.178,-121.254,1,-0.0323,0.0279,-0.0284,0
19414265,0.035,0.359,0.018,0.003,0.004,0.002,-50.615,-278.941,387.280,176.199,-7.178,-121.254,1,-0.0323,0.0279,-0.0284,0
19414359,0.057,0.354,0.072,0.002,0.003,-0.001,-50.615,-278.941,387.280,176.199,-7.178,-121.254,1,-0.0323,0.0279,-0.0284,0
19414437,0.043,0.356,0.052,0.003,0.004,0.001,-50.615,-278.941,387.280,176.199,-7.178,-121.254,1,-0.0323,0.0279,-0.0284,0
19414515,0.041,0.371,0.058,0.003,0.004,0.002,-50.615,-278.941,387.280,176.199,-7.178,-121.254,1,-0.0323,0.0279,-0.0284,0
19414625,0.056,0.355,0.029,0.002,0.003,0.000,-50.615,-278.941,387.280,176.199,-7.178,-121.254,1,-0.0323,0.0279,-0.0284,0
19414734,0.055,0.357,0.032,0.002,0.003,0.001,-50.615,-278.941,387.280,176.199,-7.178,-121.254,1,-0.0323,0.0279,-0.0284,0
19414875,0.018,0.375,0.008,0.004,0.004,0.002,-50.615,-278.941,387.280,176.199,-7.178,-121.254,1,-0.0323,0.0279,-0.0284,0
19414921,0.048,0.368,0.029,0.003,0.004,0.002,-50.615,-278.941,387.280,176.199,-7.178,-121.254,1,-0.0323,0.0279,-0.0284,0
19414968,0.042,0.370,0.025,0.003,0.004,0.002,-50.615,-278.941,387.280,176.199,-7.178,-121.254,1,-0.0323,0.0279,-0.0284,0
19415046,0.055,0.363,0.040,0.003,0.003,0.001,-50.615,-278.941,387.280,176.199,-7.178,-121.254,1,-0.0323,0.0279,-0.0284,0
19415187,0.028,0.346,0.024,0.003,0.004,0.001,-50.615,-278.941,387.280,176.199,-7.178,-121.254,1,-0.0323,0.0279,-0.0284,0
19415281,0.045,0.365,0.014,0.003,0.004,0.002,-50.615,-278.941,387.280,176.199,-7.178,-121.254,1,-0.0323,0.0279,-0.0284,0
19415390,0.056,0.372,0.051,0.002,0.003,-0.000,-50.615,-278.941,387.280,176.199,-7.178,-121.254,1,-0.0323,0.0279,-0.0284,0
19415468,0.054,0.364,0.057,0.002,0.003,-0.000,-50.615,-278.941,387.280,176.199,-7.178,-121.254,1,-0.0323,0.0279,-0.0284,0
19415562,0.051,0.369,0.033,0.003,0.004,0.001,-50.615,-278.941,387.280,176.199,-7.178,-121.254,1,-0.0323,0.0279,-0.0284,0
19415640,0.032,0.352,0.043,0.003,0.004,0.002,-50.615,-278.941,387.280,176.199,-7.178,-121.254,1,-0.0323,0.0279,-0.0284,0
19415718,0.049,0.364,0.037,0.003,0.004,0.001,-50.615,-278.941,387.280,176.199,-7.178,-121.254,1,-0.0323,0.0279,-0.0284,0
19415828,0.057,0.359,0.048,0.003,0.003,0.001,-50.615,-278.941,387.280,176.199,-7.178,-121.254,1,-0.0323,0.0279,-0.0284,0
19415937,0.048,0.352,0.029,0.002,0.004,0.001,-50.615,-278.941,387.280,176.199,-7.178,-121.254,1,-0.0323,0.0279,-0.0284,0
19416078,0.053,0.355,0.037,0.003,0.003,0.001,-50.615,-278.941,387.280,176.199,-7.178,-121.254,1,-0.0323,0.0279,-0.0284,0
19416125,0.042,0.364,0.029,0.003,0.004,0.002,-50.615,-278.941,387.280,176.199,-7.178,-121.254,1,-0.0323,0.0279,-0.0284,0
19416171,0.061,0.350,0.056,0.002,0.004,-0.000,-50.615,-278.941,387.280,176.199,-7.178,-121.254,1,-0.0323,0.0279,-0.0284,0
19416250,0.051,0.361,0.032,0.003,0.004,0.002,-50.615,-278.941,387.280,176.199,-7.178,-121.254,1,-0.0323,0.0279,-0.0284,0
19416390,0.041,0.358,0.048,0.003,0.004,0.001,-50.615,-278.941,387.280,176.199,-7.178,-121.254,1,-0.0323,0.0279,-0.0284,0
19416484,0.081,0.358,0.061,0.002,0.003,0.000,-50.615,-278.941,387.280,176.199,-7.178,-121.254,1,-0.0323,0.0279,-0.0284,0
19416593,0.043,0.357,0.021,0.003,0.004,0.002,-50.615,-278.941,387.280,176.199,-7.178,-121.254,1,-0.0323,0.0279,-0.0284,0
19416671,0.052,0.344,0.034,0.002,0.004,0.001,-50.615,-278.941,387.280,176.199,-7.178,-121.254,1,-0.0323,0.0279,-0.0284,0
19416765,0.044,0.360,0.071,0.002,0.004,0.000,-50.615,-278.941,387.280,176.199,-7.178,-121.254,1,-0.0323,0.0279,-0.0284,0
19416843,0.039,0.365,0.045,0.003,0.004,0.002,-50.615,-278.941,387.280,176.199,-7.178,-121.254,1,-0.0323,0.0279,-0.0284,0
19416921,0.056,0.352,0.069,0.002,0.004,-0.001,-50.615,-278.941,387.280,176.199,-7.178,-121.254,1,-0.0323,0.0279,-0.0284,0
19417015,0.046,0.367,0.008,0.003,0.004,0.002,-50.615,-278.941,387.280,176.199,-7.178,-121.254,1,-0.0323,0.0279,-0.0284,0
19417125,0.045,0.368,0.017,0.003,0.004,0.002,-50.615,-278.941,387.280,176.199,-7.178,-121.254,1,-0.0323,0.0279,-0.0284,0
19417265,0.051,0.367,0.054,0.003,0.003,0.002,-50.615,-278.941,387.280,176.199,-7.178,-121.254,1,-0.0323,0.0279,-0.0284,0
19417312,0.047,0.351,0.051,0.002,0.003,0.001,-50.615,-278.941,387.280,176.199,-7.178,-121.254,1,-0.0323,0.0279,-0.0284,0
19417359,0.040,0.353,0.024,0.002,0.004,0.001,-50.615,-278.941,387.280,176.199,-7.178,-121.254,1,-0.0323,0.0279,-0.0284,0
19417437,0.043,0.353,0.018,0.002,0.004,0.001,-50.615,-278.941,387.280,176.199,-7.178,-121.254,1,-0.0323,0.0279,-0.0284,0
19417578,0.066,0.350,0.065,0.002,0.004,0.000,-50.615,-278.941,387.280,176.199,-7.178,-121.254,1,-0.0323,0.0279,-0.0284,0
19417671,0.054,0.354,0.059,0.002,0.004,0.000,-50.615,-278.941,387.280,176.199,-7.178,-121.254,1,-0.0323,0.0279,-0.0284,0
19417781,0.048,0.361,0.011,0.003,0.004,0.002,-50.615,-278.941,387.280,176.199,-7.178,-121.254,1,-0.0323,0.0279,-0.0284,0
19417859,0.059,0.362,0.044,0.003,0.003,0.001,-50.615,-278.941,387.280,176.199,-7.178,-121.254,1,-0.0323,0.0279,-0.0284,0
19417968,0.044,0.346,0.071,0.003,0.004,0.001,-50.615,-278.941,387.280,176.199,-7.178,-121.254,1,-0.0323,0.0279,-0.0284,0
19418031,0.056,0.332,0.063,0.002,0.003,0.000,-50.615,-278.941,387.280,176.199,-7.178,-121.254,1,-0.0323,0.0279,-0.0284,0
19418109,0.047,0.346,0.044,0.002,0.004,0.001,-50.615,-278.941,387.280,176.199,-7.178,-121.254,1,-0.0323,0.0279,-0.0284,0
19418218,0.054,0.348,0.015,0.002,0.004,0.001,-50.615,-278.941,387.280,176.199,-7.178,-121.254,1,-0.0323,0.0279,-0.0284,0
19418328,0.053,0.354,0.074,0.002,0.004,-0.000,-50.615,-278.941,387.280,176.199,-7.178,-121.254,1,-0.0323,0.0279,-0.0284,0
19418468,0.055,0.347,0.057,0.002,0.003,0.000,-50.615,-278.941,387.280,176.199,-7.178,-121.254,1,-0.0323,0.0279,-0.0284,0
19418515,0.054,0.364,0.024,0.002,0.003,0.001,-50.615,-278.941,387.280,176.199,-7.178,-121.254,1,-0.0323,0.0279,-0.0284,0
19418562,0.041,0.369,0.013,0.003,0.004,0.002,-50.615,-278.941,387.280,176.199,-7.178,-121.254,1,-0.0323,0.0279,-0.0284,0
19418640,0.045,0.335,0.079,0.002,0.004,-0.001,-50.615,-278.941,387.280,176.199,-7.178,-121.254,1,-0.0323,0.0279,-0.0284,0
19418781,0.041,0.345,0.049,0.002,0.004,0.001,-50.615,-278.941,387.280,176.199,-7.178,-121.254,1,-0.0323,0.0279,-0.0284,0
19418875,0.043,0.339,0.045,0.002,0.004,0.001,-50.615,-278.941,387.280,176.199,-7.178,-121.254,1,-0.0323,0.0279,-0.0284,0
19418984,0.054,0.334,0.066,0.002,0.004,-0.000,-50.615,-278.941,387.280,176.199,-7.178,-121.254,1,-0.0323,0.0279,-0.0284,0
19419062,0.046,0.342,0.047,0.002,0.004,0.001,-50.615,-278.941,387.280,176.199,-7.178,-121.254,1,-0.0323,0.0279,-0.0284,0
19419156,0.049,0.357,0.001,0.003,0.004,0.002,-50.615,-278.941,387.280,176.199,-7.178,-121.254,1,-0.0323,0.0279,-0.0284,0
19419234,0.063,0.348,0.035,0.002,0.004,0.001,-50.615,-278.941,387.280,176.199,-7.178,-121.254,1,-0.0323,0.0279,-0.0284,0
19419312,0.065,0.340,0.060,0.002,0.003,0.000,-50.615,-278.941,387.280,176.199,-7.178,-121.254,1,-0.0323,0.0279,-0.0284,0
19419421,0.051,0.313,0.046,0.001,0.003,-0.000,-50.615,-278.941,387.280,176.199,-7.178,-121.254,1,-0.0323,0.0279,-0.0284,0
19419531,0.051,0.325,0.048,0.002,0.004,0.001,-50.615,-278.941,387.280,176.199,-7.178,-121.254,1,-0.0323,0.0279,-0.0284,0
19419671,0.048,0.325,0.075,0.001,0.004,-0.000,-50.615,-278.941,387.280,176.199,-7.178,-121.254,1,-0.0323,0.0279,-0.0284,0
19419718,0.047,0.334,0.073,0.001,0.004,-0.001,-50.615,-278.941,387.280,176.199,-7.178,-121.254,1,-0.0323,0.0279,-0.0284,0
19419765,0.036,0.352,0.025,0.002,0.004,0.001,-50.615,-278.941,387.280,176.199,-7.178,-121.254,1,-0.0323,0.0279,-0.0284,0
19419843,0.042,0.350,0.037,0.003,0.004,0.001,-50.615,-278.941,387.280,176.199,-7.178,-121.254,1,-0.0323,0.0279,-0.0284,0
19419984,0.045,0.333,0.083,0.002,0.004,-0.001,-50.615,-278.941,387.280,176.199,-7.178,-121.254,1,-0.0323,0.0279,-0.0284,0
19420078,0.043,0.326,0.079,0.002,0.004,-0.001,-50.615,-278.941,387.280,176.199,-7.178,-121.254,1,-0.0323,0.0279,-0.0284,0
19420125,0.041,0.324,0.072,0.002,0.004,-0.001,-50.615,-278.941,387.280,176.199,-7.178,-121.254,1,-0.0323,0.0279,-0.0284,0
19420203,0.030,0.334,0.026,0.003,0.004,0.002,-50.615,-278.941,387.280,176.199,-7.178,-121.254,1,-0.0323,0.0279,-0.0284,0
19420281,0.040,0.326,0.043,0.002,0.004,0.000,-50.615,-278.941,387.280,176.199,-7.178,-121.254,1,-0.0323,0.0279,-0.0284,0
19420359,0.043,0.327,0.067,0.001,0.004,-0.000,-50.615,-278.941,387.280,176.199,-7.178,-121.254,1,-0.0323,0.0279,-0.0284,0
19420453,0.035,0.340,0.038,0.002,0.004,0.002,-50.615,-278.941,387.280,176.199,-7.178,-121.254,1,-0.0323,0.0279,-0.0284,0
19420531,0.041,0.349,0.007,0.003,0.004,0.003,-50.615,-278.941,387.280,176.199,-7.178,-121.254,1,-0.0323,0.0279,-0.0284,0
19420640,0.053,0.335,0.061,0.002,0.004,0.000,-50.615,-278.941,387.280,176.199,-7.178,-121.254,1,-0.0323,0.0279,-0.0284,0
19420734,0.050,0.333,0.068,0.002,0.004,-0.000,-50.615,-278.941,387.280,176.199,-7.178,-121.254,1,-0.0323,0.0279,-0.0284,0
19420875,0.035,0.316,0.064,0.001,0.004,-0.001,-50.615,-278.941,387.280,176.199,-7.178,-121.254,1,-0.0323,0.0279,-0.0284,0
19420921,0.036,0.311,0.066,0.001,0.004,-0.000,-50.615,-278.941,387.280,176.199,-7.178,-121.254,1,-0.0323,0.0279,-0.0284,0
19420968,0.028,0.326,0.057,0.002,0.004,0.001,-50.615,-278.941,387.280,176.199,-7.178,-121.254,1,-0.0323,0.0279,-0.0284,0
19421046,0.036,0.326,0.037,0.002,0.004,0.001,-50.615,-278.941,387.280,176.199,-7.178,-121.254,1,-0.0323,0.0279,-0.0284,0
19421171,0.034,0.327,0.080,0.002,0.004,-0.000,-50.615,-278.941,387.280,176.199,-7.178,-121.254,1,-0.0323,0.0279,-0.0284,0
19421265,0.037,0.354,0.026,0.002,0.004,0.001,-50.615,-278.941,387.280,176.199,-7.178,-121.254,1,-0.0323,0.0279,-0.0284,0
19421312,0.033,0.358,0.004,0.003,0.004,0.002,-50.615,-278.941,387.280,176.199,-7.178,-121.254,1,-0.0323,0.0279,-0.0284,0
19421375,0.048,0.337,0.073,0.002,0.003,-0.001,-50.615,-278.941,387.280,176.199,-7.178,-121.254,1,-0.0323,0.0279,-0.0284,0
19421468,0.050,0.339,0.085,0.002,0.003,-0.001,-50.615,-278.941,387.280,176.199,-7.178,-121.254,1,-0.0323,0.0279,-0.0284,0
19421562,0.020,0.333,0.026,0.002,0.004,0.002,-50.615,-278.941,387.280,176.199,-7.178,-121.254,1,-0.0323,0.0279,-0.0284,0
19421640,0.028,0.333,0.075,0.002,0.004,0.000,-50.615,-278.941,387.280,176.199,-7.178,-121.254,1,-0.0323,0.0279,-0.0284,0
19421718,0.034,0.333,0.023,0.002,0.004,0.001,-50.615,-278.941,387.280,176.199,-7.178,-121.254,1,-0.0323,0.0279,-0.0284,0
19421812,0.029,0.337,0.047,0.002,0.004,0.001,-50.615,-278.941,387.280,176.199,-7.178,-121.254,1,-0.0323,0.0279,-0.0284,0
19421859,0.029,0.345,0.033,0.002,0.004,0.002,-50.615,-278.941,387.280,176.199,-7.178,-121.254,1,-0.0323,0.0279,-0.0284,0
19421937,0.031,0.332,0.069,0.002,0.004,-0.000,-50.615,-278.941,387.280,176.199,-7.178,-121.254,1,-0.0323,0.0279,-0.0284,0
19422078,0.049,0.335,0.040,0.002,0.003,0.001,-50.615,-278.941,387.280,176.199,-7.178,-121.254,1,-0.0323,0.0279,-0.0284,0
19422125,0.031,0.321,0.036,0.002,0.004,0.001,-50.615,-278.941,387.280,176.199,-7.178,-121.254,1,-0.0323,0.0279,-0.0284,0
19422171,0.015,0.312,-0.006,0.002,0.004,0.002,-50.615,-278.941,387.280,176.199,-7.178,-121.254,1,-0.0323,0.0279,-0.0284,0
19422250,0.031,0.321,0.072,0.001,0.004,-0.000,-50.615,-278.941,387.280,176.199,-7.178,-121.254,1,-0.0323,0.0279,-0.0284,0
19422390,0.042,0.322,0.065,0.001,0.004,-0.000,-50.615,-278.941,387.280,176.199,-7.178,-121.254,1,-0.0323,0.0279,-0.0284,0
19422484,0.027,0.336,-0.004,0.002,0.004,0.003,-50.615,-278.941,387.280,176.199,-7.178,-121.254,1,-0.0323,0.0279,-0.0284,0
19422593,0.042,0.328,0.040,0.002,0.004,0.001,-50.615,-278.941,387.280,176.199,-7.178,-121.254,1,-0.0323,0.0279,-0.0284,0
19422671,0.036,0.335,0.068,0.002,0.004,-0.001,-50.615,-278.941,387.280,176.199,-7.178,-121.254,1,-0.0323,0.0279,-0.0284,0
19422765,0.033,0.331,0.079,0.002,0.004,-0.001,-50.615,-278.941,387.280,176.199,-7.178,-121.254,1,-0.0323,0.0279,-0.0284,0
19422843,0.026,0.339,0.004,0.002,0.004,0.002,-50.615,-278.941,387.280,176.199,-7.178,-121.254,1,-0.0323,0.0279,-0.0284,0
19422921,0.026,0.324,0.057,0.001,0.004,-0.000,-50.615,-278.941,387.280,176.199,-7.178,-121.254,1,-0.0323,0.0279,-0.0284,0
19423015,0.027,0.326,0.067,0.001,0.004,-0.000,-50.615,-278.941,387.280,176.199,-7.178,-121.254,1,-0.0323,0.0279,-0.0284,0
19423125,0.028,0.332,0.017,0.002,0.004,0.001,-50.615,-278.941,387.280,176.199,-7.178,-121.254,1,-0.0323,0.0279,-0.0284,0
19423265,0.031,0.342,0.003,0.002,0.004,0.002,-50.615,-278.941,387.280,176.199,-7.178,-121.254,1,-0.0323,0.0279,-0.0284,0
19423312,0.025,0.333,0.052,0.002,0.004,-0.000,-50.615,-278.941,387.280,176.199,-7.178,-121.254,1,-0.0323,0.0279,-0.0284,0
19423359,0.044,0.334,0.058,0.001,0.003,-0.001,-50.615,-278.941,387.280,176.199,-7.178,-121.254,1,-0.0323,0.0279,-0.0284,0
19423437,0.032,0.331,0.080,0.002,0.004,-0.001,-50.615,-278.941,387.280,176.199,-7.178,-121.254,1,-0.0323,0.0279,-0.0284,0
19423593,0.023,0.330,0.025,0.002,0.004,0.001,-50.615,-278.941,387.280,176.199,-7.178,-121.254,1,-0.0323,0.0279,-0.0284,0
19423687,0.029,0.320,0.024,0.002,0.004,0.001,-50.615,-278.941,387.280,176.199,-7.178,-121.254,1,-0.0323,0.0279,-0.0284,0
19423781,0.035,0.320,0.078,0.001,0.004,-0.001,-50.615,-278.941,387.280,176.199,-7.178,-121.254,1,-0.0323,0.0279,-0.0284,0
19423859,0.042,0.318,0.059,0.001,0.004,0.000,-50.615,-278.941,387.280,176.199,-7.178,-121.254,1,-0.0323,0.0279,-0.0284,0
19423953,0.037,0.327,0.041,0.001,0.003,0.001,-50.615,-278.941,387.280,176.199,-7.178,-121.254,1,-0.0323,0.0279,-0.0284,0
19424031,0.024,0.335,0.067,0.002,0.004,-0.000,-50.615,-278.941,387.280,176.199,-7.178,-121.254,1,-0.0323,0.0279,-0.0284,0
19424109,0.044,0.331,0.070,0.002,0.004,-0.000,-50.615,-278.941,387.280,176.199,-7.178,-121.254,1,-0.0323,0.0279,-0.0284,0
19424218,0.037,0.350,0.028,0.002,0.004,0.002,-50.615,-278.941,387.280,176.199,-7.178,-121.254,1,-0.0323,0.0279,-0.0284,0
19424328,0.028,0.325,0.038,0.002,0.004,0.000,-50.615,-278.941,387.280,176.199,-7.178,-121.254,1,-0.0323,0.0279,-0.0284,0
19424468,0.041,0.335,0.027,0.002,0.004,0.001,-50.615,-278.941,387.280,176.199,-7.178,-121.254,1,-0.0323,0.0279,-0.0284,0
19424515,0.035,0.330,0.041,0.002,0.004,0.001,-50.615,-278.941,387.280,176.199,-7.178,-121.254,1,-0.0323,0.0279,-0.0284,0
19424562,0.040,0.335,0.024,0.002,0.004,0.001,-50.615,-278.941,387.280,176.199,-7.178,-121.254,1,-0.0323,0.0279,-0.0284,0
19424640,0.037,0.331,0.058,0.002,0.004,0.000,-50.615,-278.941,387.280,176.199,-7.178,-121.254,1,-0.0323,0.0279,-0.0284,0
19424781,0.049,0.333,0.047,0.002,0.004,-0.000,-50.615,-278.941,387.280,176.199,-7.178,-121.254,1,-0.0323,0.0279,-0.0284,0
19424875,0.044,0.340,0.032,0.002,0.003,0.001,-50.615,-278.941,387.280,176.199,-7.178,-121.254,1,-0.0323,0.0279,-0.0284,0
19424984,0.038,0.318,0.028,0.001,0.004,0.001,-50.615,-278.941,387.280,176.199,-7.178,-121.254,1,-0.0323,0.0279,-0.0284,0
19425062,0.042,0.314,0.071,0.001,0.004,-0.000,-50.615,-278.941,387.280,176.199,-7.178,-121.254,1,-0.0323,0.0279,-0.0284,0
19425156,0.045,0.324,0.053,0.002,0.004,0.001,-50.615,-278.941,387.280,176.199,-7.178,-121.254,1,-0.0323,0.0279,-0.0284,0
19425234,0.051,0.316,0.023,0.002,0.004,0.001,-50.615,-278.941,387.280,176.199,-7.178,-121.254,1,-0.0323,0.0279,-0.0284,0
19425312,0.051,0.319,0.021,0.001,0.004,0.001,-50.615,-278.941,387.280,176.199,-7.178,-121.254,1,-0.0323,0.0279,-0.0284,0
19425421,0.055,0.322,0.052,0.001,0.003,0.000,-50.615,-278.941,387.280,176.199,-7.178,-121.254,1,-0.0323,0.0279,-0.0284,0
19425531,0.058,0.334,0.039,0.002,0.003,0.001,-50.615,-278.941,387.280,176.199,-7.178,-121.254,1,-0.0323,0.0279,-0.0284,0
19425671,0.023,0.330,-0.009,0.002,0.004,0.002,-50.615,-278.941,387.280,176.199,-7.178,-121.254,1,-0.0323,0.0279,-0.0284,0
19425718,0.024,0.325,0.014,0.002,0.004,0.002,-50.615,-278.941,387.280,176.199,-7.178,-121.254,1,-0.0323,0.0279,-0.0284,0
19425765,0.042,0.315,0.072,0.001,0.004,-0.001,-50.615,-278.941,387.280,176.199,-7.178,-121.254,1,-0.0323,0.0279,-0.0284,0
19425843,0.045,0.318,0.056,0.002,0.004,-0.001,-50.615,-278.941,387.280,176.199,-7.178,-121.254,1,-0.0323,0.0279,-0.0284,0
19425984,0.034,0.343,-0.003,0.002,0.004,0.002,-50.615,-278.941,387.280,176.199,-7.178,-121.254,1,-0.0323,0.0279,-0.0284,0
19426078,0.038,0.326,0.043,0.002,0.004,0.000,-50.615,-278.941,387.280,176.199,-7.178,-121.254,1,-0.0323,0.0279,-0.0284,0
19426187,0.026,0.327,0.063,0.003,0.004,0.001,-50.615,-278.941,387.280,176.199,-7.178,-121.254,1,-0.0323,0.0279,-0.0284,0
19426265,0.042,0.339,0.021,0.003,0.004,0.002,-50.615,-278.941,387.280,176.199,-7.178,-121.254,1,-0.0323,0.0279,-0.0284,0
19426359,0.032,0.326,0.023,0.002,0.004,0.001,-50.615,-278.941,387.280,176.199,-7.178,-121.254,1,-0.0323,0.0279,-0.0284,0
19426437,0.049,0.308,0.066,0.001,0.004,-0.000,-50.615,-278.941,387.280,176.199,-7.178,-121.254,1,-0.0323,0.0279,-0.0284,0
19426515,0.043,0.318,0.067,0.002,0.004,-0.000,-50.615,-278.941,387.280,176.199,-7.178,-121.254,1,-0.0323,0.0279,-0.0284,0
19426625,0.043,0.317,0.048,0.002,0.004,0.001,-50.615,-278.941,387.280,176.199,-7.178,-121.254,1,-0.0323,0.0279,-0.0284,0
19426734,0.051,0.326,0.016,0.002,0.003,0.001,-50.615,-278.941,387.280,176.199,-7.178,-121.254,1,-0.0323,0.0279,-0.0284,0
19426875,0.066,0.322,0.057,0.001,0.003,-0.000,-50.615,-278.941,387.280,176.199,-7.178,-121.254,1,-0.0323,0.0279,-0.0284,0
19426921,0.045,0.329,0.049,0.002,0.004,0.001,-50.615,-278.941,387.280,176.199,-7.178,-121.254,1,-0.0323,0.0279,-0.0284,0
19426968,0.063,0.326,0.059,0.001,0.003,0.000,-50.615,-278.941,387.280,176.199,-7.178,-121.254,1,-0.0323,0.0279,-0.0284,0
19427046,0.029,0.322,0.029,0.002,0.004,0.001,-50.615,-278.941,387.280,176.199,-7.178,-121.254,1,-0.0323,0.0279,-0.0284,0
19427187,0.041,0.322,0.039,0.001,0.004,-0.000,-50.615,-278.941,387.280,176.199,-7.178,-121.254,1,-0.0323,0.0279,-0.0284,0
19427281,0.043,0.313,0.071,0.001,0.004,-0.001,-50.615,-278.941,387.280,176.199,-7.178,-121.254,1,-0.0323,0.0279,-0.0284,0
19427390,0.042,0.331,0.005,0.002,0.003,0.002,-50.615,-278.941,387.280,176.199,-7.178,-121.254,1,-0.0323,0.0279,-0.0284,0
19427468,0.038,0.330,0.024,0.002,0.004,0.002,-50.615,-278.941,387.280,176.199,-7.178,-121.254,1,-0.0323,0.0279,-0.0284,0
19427546,0.047,0.319,0.056,0.002,0.003,-0.000,-50.615,-278.941,387.280,176.199,-7.178,-121.254,1,-0.0323,0.0279,-0.0284,0
19427625,0.055,0.325,0.038,0.002,0.003,0.000,-50.615,-278.941,387.280,176.199,-7.178,-121.254,1,-0.0323,0.0279,-0.0284,0
19427703,0.038,0.305,0.040,0.002,0.004,0.001,-50.615,-278.941,387.280,176.199,-7.178,-121.254,1,-0.0323,0.0279,-0.0284,0
19427812,0.041,0.313,0.034,0.002,0.004,0.000,-50.615,-278.941,387.280,176.199,-7.178,-121.254,1,-0.0323,0.0279,-0.0284,0
19427921,0.053,0.308,0.069,0.001,0.003,-0.000,-50.615,-278.941,387.280,176.199,-7.178,-121.254,1,-0.0323,0.0279,-0.0284,0
19428062,0.045,0.321,0.034,0.002,0.004,0.001,-50.615,-278.941,387.280,176.199,-7.178,-121.254,1,-0.0323,0.0279,-0.0284,0
19428109,0.045,0.327,0.022,0.002,0.004,0.002,-50.615,-278.941,387.280,176.199,-7.178,-121.254,1,-0.0323,0.0279,-0.0284,0
19428156,0.051,0.322,0.010,0.002,0.003,0.002,-50.615,-278.941,387.280,176.199,-7.178,-121.254,1,-0.0323,0.0279,-0.0284,0
19428234,0.067,0.313,0.037,0.002,0.003,0.000,-50.615,-278.941,387.280,176.199,-7.178,-121.254,1,-0.0323,0.0279,-0.0284,0
19428375,0.054,0.294,0.057,0.001,0.003,0.001,-50.615,-278.941,387.280,176.199,-7.178,-121.254,1,-0.0323,0.0279,-0.0284,0
19428468,0.040,0.310,0.014,0.002,0.004,0.002,-50.615,-278.941,387.280,176.199,-7.178,-121.254,1,-0.0323,0.0279,-0.0284,0
19428515,0.052,0.298,0.038,0.001,0.003,0.001,-50.615,-278.941,387.280,176.199,-7.178,-121.254,1,-0.0323,0.0279,-0.0284,0
19428593,0.043,0.325,0.026,0.002,0.004,0.001,-50.615,-278.941,387.280,176.199,-7.178,-121.254,1,-0.0323,0.0279,-0.0284,0
19428671,0.054,0.315,0.059,0.001,0.003,-0.001,-50.615,-278.941,387.280,176.199,-7.178,-121.254,1,-0.0323,0.0279,-0.0284,0
19428750,0.046,0.331,0.013,0.003,0.004,0.002,-50.615,-278.941,387.280,176.199,-7.178,-121.254,1,-0.0323,0.0279,-0.0284,0
19428843,0.042,0.319,0.044,0.002,0.004,0.001,-50.615,-278.941,387.280,176.199,-7.178,-121.254,1,-0.0323,0.0279,-0.0284,0
19428921,0.051,0.317,0.042,0.002,0.004,0.001,-50.615,-278.941,387.280,176.199,-7.178,-121.254,1,-0.0323,0.0279,-0.0284,0
19429031,0.056,0.319,0.030,0.002,0.003,0.001,-50.615,-278.941,387.280,176.199,-7.178,-121.254,1,-0.0323,0.0279,-0.0284,0
19429125,0.046,0.303,0.060,0.002,0.004,0.000,-50.615,-278.941,387.280,176.199,-7.178,-121.254,1,-0.0323,0.0279,-0.0284,0
19429265,0.059,0.300,0.094,0.001,0.003,-0.001,-50.615,-278.941,387.280,176.199,-7.178,-121.254,1,-0.0323,0.0279,-0.0284,0
19429312,0.060,0.301,0.065,0.002,0.003,-0.000,-50.615,-278.941,387.280,176.199,-7.178,-121.254,1,-0.0323,0.0279,-0.0284,0
19429359,0.059,0.305,0.052,0.001,0.003,0.001,-50.615,-278.941,387.280,176.199,-7.178,-121.254,1,-0.0323,0.0279,-0.0284,0
19429437,0.047,0.312,0.033,0.002,0.004,0.002,-50.615,-278.941,387.280,176.199,-7.178,-121.254,1,-0.0323,0.0279,-0.0284,0
19429578,0.071,0.308,0.040,0.002,0.003,0.001,-50.615,-278.941,387.280,176.199,-7.178,-121.254,1,-0.0323,0.0279,-0.0284,0
19429671,0.054,0.308,0.039,0.002,0.003,0.000,-50.615,-278.941,387.280,176.199,-7.178,-121.254,1,-0.0323,0.0279,-0.0284,0
19429781,0.047,0.310,0.018,0.002,0.004,0.002,-50.615,-278.941,387.280,176.199,-7.178,-121.254,1,-0.0323,0.0279,-0.0284,0
19429859,0.041,0.308,0.034,0.002,0.004,0.002,-50.615,-278.941,387.280,176.199,-7.178,-121.254,1,-0.0323,0.0279,-0.0284,0
19429953,0.050,0.308,0.017,0.002,0.004,0.002,-50.615,-278.941,387.280,176.199,-7.178,-121.254,1,-0.0323,0.0279,-0.0284,0
19430031,0.069,0.284,0.059,0.000,0.003,-0.000,-50.615,-278.941,387.280,176.199,-7.178,-121.254,1,-0.0323,0.0279,-0.0284,0
19430109,0.048,0.315,0.033,0.002,0.004,0.002,-50.615,-278.941,387.280,176.199,-7.178,-121.254,1,-0.0323,0.0279,-0.0284,0
19430218,0.042,0.314,0.040,0.002,0.004,0.002,-50.615,-278.941,387.280,176.199,-7.178,-121.254,1,-0.0323,0.0279,-0.0284,0
19430328,0.063,0.315,0.051,0.002,0.003,-0.000,-50.615,-278.941,387.280,176.199,-7.178,-121.254,1,-0.0323,0.0279,-0.0284,0
19430468,0.054,0.299,0.049,0.001,0.003,0.001,-50.615,-278.941,387.280,176.199,-7.178,-121.254,1,-0.0323,0.0279,-0.0284,0
19430515,0.046,0.307,0.031,0.002,0.004,0.002,-50.615,-278.941,387.280,176.199,-7.178,-121.254,1,-0.0323,0.0279,-0.0284,0
19430562,0.042,0.318,0.018,0.003,0.004,0.003,-50.615,-278.941,387.280,176.199,-7.178,-121.254,1,-0.0323,0.0279,-0.0284,0
19430640,0.046,0.310,0.033,0.002,0.003,0.001,-50.615,-278.941,387.280,176.199,-7.178,-121.254,1,-0.0323,0.0279,-0.0284,0
19430781,0.052,0.301,0.051,0.001,0.003,0.001,-50.615,-278.941,387.280,176.199,-7.178,-121.254,1,-0.0323,0.0279,-0.0284,0
19430875,0.042,0.317,0.037,0.002,0.003,0.003,-50.615,-278.941,387.280,176.199,-7.178,-121.254,1,-0.0323,0.0279,-0.0284,0
19430984,0.047,0.304,0.036,0.002,0.004,0.001,-50.615,-278.941,387.280,176.199,-7.178,-121.254,1,-0.0323,0.0279,-0.0284,0
19431062,0.047,0.308,0.041,0.001,0.004,0.001,-50.615,-278.941,387.280,176.199,-7.178,-121.254,1,-0.0323,0.0279,-0.0284,0
19431156,0.046,0.300,0.026,0.002,0.004,0.002,-50.615,-278.941,387.280,176.199,-7.178,-121.254,1,-0.0323,0.0279,-0.0284,0
19431234,0.047,0.306,0.035,0.002,0.003,0.001,-50.615,-278.941,387.280,176.199,-7.178,-121.254,1,-0.0323,0.0279,-0.0284,0
19431312,0.041,0.322,0.044,0.002,0.003,0.001,-50.615,-278.941,387.280,176.199,-7.178,-121.254,1,-0.0323,0.0279,-0.0284,0
19431421,0.044,0.309,0.038,0.002,0.004,0.001,-50.615,-278.941,387.280,176.199,-7.178,-121.254,1,-0.0323,0.0279,-0.0284,0
19431531,0.052,0.303,0.034,0.002,0.003,0.001,-50.615,-278.941,387.280,176.199,-7.178,-121.254,1,-0.0323,0.0279,-0.0284,0
19431671,0.035,0.315,0.055,0.002,0.004,0.001,-50.615,-278.941,387.280,176.199,-7.178,-121.254,1,-0.0323,0.0279,-0.0284,0
19431718,0.025,0.301,0.061,0.002,0.004,0.001,-50.615,-278.941,387.280,176.199,-7.178,-121.254,1,-0.0323,0.0279,-0.0284,0
19431765,0.017,0.295,0.048,0.002,0.004,0.002,-50.615,-278.941,387.280,176.199,-7.178,-121.254,1,-0.0323,0.0279,-0.0284,0
19431843,0.029,0.291,0.057,0.001,0.004,0.002,-50.615,-278.941,387.280,176.199,-7.178,-121.254,1,-0.0323,0.0279,-0.0284,0
19431984,0.062,0.307,0.063,0.002,0.003,-0.000,-50.615,-278.941,387.280,176.199,-7.178,-121.254,1,-0.0323,0.0279,-0.0284,0
19432078,0.051,0.306,0.038,0.001,0.004,0.001,-50.615,-278.941,387.280,176.199,-7.178,-121.254,1,-0.0323,0.0279,-0.0284,0
19432187,0.046,0.303,0.085,0.002,0.004,0.001,-50.615,-278.941,387.280,176.199,-7.178,-121.254,1,-0.0323,0.0279,-0.0284,0
19432265,0.058,0.307,0.050,0.002,0.003,0.001,-50.615,-278.941,387.280,176.199,-7.178,-121.254,1,-0.0323,0.0279,-0.0284,0
19432359,0.052,0.302,0.061,0.001,0.003,-0.000,-50.615,-278.941,387.280,176.199,-7.178,-121.254,1,-0.0323,0.0279,-0.0284,0
19432437,0.034,0.295,0.058,0.001,0.004,0.001,-50.615,-278.941,387.280,176.199,-7.178,-121.254,1,-0.0323,0.0279,-0.0284,0
19432515,0.030,0.294,0.067,0.002,0.004,0.000,-50.615,-278.941,387.280,176.199,-7.178,-121.254,1,-0.0323,0.0279,-0.0284,0
19432625,0.042,0.306,0.034,0.002,0.004,0.001,-50.615,-278.941,387.280,176.199,-7.178,-121.254,1,-0.0323,0.0279,-0.0284,0
19432734,0.055,0.300,0.037,0.001,0.004,0.001,-50.615,-278.941,387.280,176.199,-7.178,-121.254,1,-0.0323,0.0279,-0.0284,0
19432859,0.047,0.310,0.044,0.002,0.003,0.001,-50.615,-278.941,387.280,176.199,-7.178,-121.254,1,-0.0323,0.0279,-0.0284,0
19432921,0.047,0.312,0.028,0.002,0.004,0.001,-50.615,-278.941,387.280,176.199,-7.178,-121.254,1,-0.0323,0.0279,-0.0284,0
19432968,0.045,0.313,0.022,0.002,0.004,0.002,-50.615,-278.941,387.280,176.199,-7.178,-121.254,1,-0.0323,0.0279,-0.0284,0
19433046,0.033,0.311,0.058,0.002,0.004,0.001,-50.615,-278.941,387.280,176.199,-7.178,-121.254,1,-0.0323,0.0279,-0.0284,0
19433187,0.058,0.304,0.023,0.001,0.003,0.001,-50.615,-278.941,387.280,176.199,-7.178,-121.254,1,-0.0323,0.0279,-0.0284,0
19433281,0.056,0.309,0.058,0.002,0.003,0.001,-50.615,-278.941,387.280,176.199,-7.178,-121.254,1,-0.0323,0.0279,-0.0284,0
19433375,0.052,0.312,0.066,0.002,0.003,0.001,-50.615,-278.941,387.280,176.199,-7.178,-121.254,1,-0.0323,0.0279,-0.0284,0
19433453,0.055,0.302,0.043,0.001,0.003,0.000,-50.615,-278.941,387.280,176.199,-7.178,-121.254,1,-0.0323,0.0279,-0.0284,0
19433546,0.053,0.297,0.058,0.001,0.003,-0.000,-50.615,-278.941,387.280,176.199,-7.178,-121.254,1,-0.0323,0.0279,-0.0284,0
19433625,0.042,0.297,0.069,0.002,0.004,0.001,-50.615,-278.941,387.280,176.199,-7.178,-121.254,1,-0.0323,0.0279,-0.0284,0
19433703,0.051,0.296,0.076,0.001,0.003,-0.000,-50.615,-278.941,387.280,176.199,-7.178,-121.254,1,-0.0323,0.0279,-0.0284,0
19433812,0.057,0.286,0.074,-0.000,0.003,-0.001,-50.615,-278.941,387.280,176.199,-7.178,-121.254,1,-0.0323,0.0279,-0.0284,0
19433921,0.030,0.294,0.056,0.002,0.004,0.000,-50.615,-278.941,387.280,176.199,-7.178,-121.254,1,-0.0323,0.0279,-0.0284,0
19434062,0.043,0.314,0.026,0.002,0.004,0.002,-50.615,-278.941,387.280,176.199,-7.178,-121.254,1,-0.0323,0.0279,-0.0284,0
19434109,0.048,0.311,0.029,0.002,0.004,0.002,-50.615,-278.941,387.280,176.199,-7.178,-121.254,1,-0.0323,0.0279,-0.0284,0
19434156,0.042,0.320,-0.011,0.002,0.004,0.003,-50.615,-278.941,387.280,176.199,-7.178,-121.254,1,-0.0323,0.0279,-0.0284,0
19434234,0.045,0.314,0.078,0.002,0.004,0.000,-50.615,-278.941,387.280,176.199,-7.178,-121.254,1,-0.0323,0.0279,-0.0284,0
19434375,0.039,0.296,0.118,0.001,0.003,-0.002,-50.615,-278.941,387.280,176.199,-7.178,-121.254,1,-0.0323,0.0279,-0.0284,0
19434468,0.042,0.317,-0.012,0.002,0.004,0.003,-50.615,-278.941,387.280,176.199,-7.178,-121.254,1,-0.0323,0.0279,-0.0284,0
19434578,0.064,0.305,0.018,0.001,0.003,0.002,-50.615,-278.941,387.280,176.199,-7.178,-121.254,1,-0.0323,0.0279,-0.0284,0
19434656,0.048,0.300,0.079,0.002,0.003,-0.000,-50.615,-278.941,387.280,176.199,-7.178,-121.254,1,-0.0323,0.0279,-0.0284,0
19434750,0.044,0.316,0.026,0.002,0.004,0.002,-50.615,-278.941,387.280,176.199,-7.178,-121.254,1,-0.0323,0.0279,-0.0284,0
19434828,0.059,0.303,0.046,0.001,0.004,0.001,-50.615,-278.941,387.280,176.199,-7.178,-121.254,1,-0.0323,0.0279,-0.0284,0
19434906,0.049,0.308,0.024,0.001,0.004,0.001,-50.615,-278.941,387.280,176.199,-7.178,-121.254,1,-0.0323,0.0279,-0.0284,0
19435015,0.052,0.296,0.069,0.001,0.004,-0.000,-50.615,-278.941,387.280,176.199,-7.178,-121.254,1,-0.0323,0.0279,-0.0284,0
19435125,0.048,0.306,0.045,0.001,0.004,0.001,-50.615,-278.941,387.280,176.199,-7.178,-121.254,1,-0.0323,0.0279,-0.0284,0
19435265,0.058,0.314,0.047,0.002,0.003,0.000,-50.615,-278.941,387.280,176.199,-7.178,-121.254,1,-0.0323,0.0279,-0.0284,0
19435312,0.067,0.311,0.068,0.001,0.003,-0.001,-50.615,-278.941,387.280,176.199,-7.178,-121.254,1,-0.0323,0.0279,-0.0284,0
19435359,0.048,0.303,0.069,0.002,0.003,0.000,-50.615,-278.941,387.280,176.199,-7.178,-121.254,1,-0.0323,0.0279,-0.0284,0
19435437,0.041,0.313,0.036,0.001,0.003,0.002,-50.615,-278.941,387.280,176.199,-7.178,-121.254,1,-0.0323,0.0279,-0.0284,0
19435578,0.054,0.295,0.059,0.001,0.003,-0.001,-50.615,-278.941,387.280,176.199,-7.178,-121.254,1,-0.0323,0.0279,-0.0284,0
19435671,0.067,0.301,0.072,0.001,0.003,-0.001,-50.615,-278.941,387.280,176.199,-7.178,-121.254,1,-0.0323,0.0279,-0.0284,0
19435718,0.057,0.308,0.072,0.002,0.003,-0.000,-50.615,-278.941,387.280,176.199,-7.178,-121.254,1,-0.0323,0.0279,-0.0284,0
19435796,0.055,0.307,0.051,0.002,0.004,0.000,-50.615,-278.941,387.280,176.199,-7.178,-121.254,1,-0.0323,0.0279,-0.0284,0
19435875,0.048,0.310,0.033,0.001,0.004,0.001,-50.615,-278.941,387.280,176.199,-7.178,-121.254,1,-0.0323,0.0279,-0.0284,0
19435953,0.086,0.308,0.030,0.001,0.002,0.000,-50.615,-278.941,387.280,176.199,-7.178,-121.254,1,-0.0323,0.0279,-0.0284,0
19436046,0.081,0.306,0.082,0.001,0.003,-0.001,-50.615,-278.941,387.280,176.199,-7.178,-121.254,1,-0.0323,0.0279,-0.0284,0
19436125,0.058,0.288,0.000,0.001,0.004,0.002,-50.615,-278.941,387.280,176.199,-7.178,-121.254,1,-0.0323,0.0279,-0.0284,0
19436234,0.056,0.295,0.050,0.002,0.003,0.000,-50.615,-278.941,387.280,176.199,-7.178,-121.254,1,-0.0323,0.0279,-0.0284,0
19436328,0.042,0.312,0.049,0.002,0.004,0.001,-50.615,-278.941,387.280,176.199,-7.178,-121.254,1,-0.0323,0.0279,-0.0284,0
19436453,0.040,0.331,0.002,0.002,0.004,0.002,-50.615,-278.941,387.280,176.199,-7.178,-121.254,1,-0.0323,0.0279,-0.0284,0
19436500,0.051,0.328,0.035,0.002,0.003,0.001,-50.615,-278.941,387.280,176.199,-7.178,-121.254,1,-0.0323,0.0279,-0.0284,0
19436546,0.046,0.318,0.044,0.002,0.004,0.001,-50.615,-278.941,387.280,176.199,-7.178,-121.254,1,-0.0323,0.0279,-0.0284,0
19436625,0.047,0.314,0.057,0.002,0.004,0.001,-50.615,-278.941,387.280,176.199,-7.178,-121.254,1,-0.0323,0.0279,-0.0284,0
19436765,0.043,0.309,0.046,0.002,0.004,0.001,-50.615,-278.941,387.280,176.199,-7.178,-121.254,1,-0.0323,0.0279,-0.0284,0
19436859,0.032,0.328,0.029,0.002,0.004,0.002,-50.615,-278.941,387.280,176.199,-7.178,-121.254,1,-0.0323,0.0279,-0.0284,0
19436968,0.050,0.315,0.075,0.002,0.004,0.001,-50.615,-278.941,387.280,176.199,-7.178,-121.254,1,-0.0323,0.0279,-0.0284,0
19437046,0.047,0.305,0.058,0.002,0.004,0.001,-50.615,-278.941,387.280,176.199,-7.178,-121.254,1,-0.0323,0.0279,-0.0284,0
19437140,0.037,0.310,0.028,0.002,0.004,0.001,-50.615,-278.941,387.280,176.199,-7.178,-121.254,1,-0.0323,0.0279,-0.0284,0
19437218,0.039,0.313,0.032,0.002,0.004,0.002,-50.615,-278.941,387.280,176.199,-7.178,-121.254,1,-0.0323,0.0279,-0.0284,0
19437296,0.055,0.321,0.008,0.002,0.003,0.002,-50.615,-278.941,387.280,176.199,-7.178,-121.254,1,-0.0323,0.0279,-0.0284,0
19437406,0.053,0.306,0.069,0.002,0.004,-0.000,-50.615,-278.941,387.280,176.199,-7.178,-121.254,1,-0.0323,0.0279,-0.0284,0
19437515,0.038,0.308,0.041,0.001,0.004,0.001,-50.615,-278.941,387.280,176.199,-7.178,-121.254,1,-0.0323,0.0279,-0.0284,0
19437656,0.052,0.296,0.043,0.002,0.003,0.001,-50.615,-278.941,387.280,176.199,-7.178,-121.254,1,-0.0323,0.0279,-0.0284,0
19437703,0.062,0.287,0.039,0.001,0.003,0.000,-50.615,-278.941,387.280,176.199,-7.178,-121.254,1,-0.0323,0.0279,-0.0284,0
19437750,0.040,0.308,0.016,0.002,0.004,0.002,-50.615,-278.941,387.280,176.199,-7.178,-121.254,1,-0.0323,0.0279,-0.0284,0
19437828,0.047,0.307,0.078,0.002,0.003,-0.000,-50.615,-278.941,387.280,176.199,-7.178,-121.254,1,-0.0323,0.0279,-0.0284,0
19437968,0.039,0.311,0.056,0.002,0.004,0.001,-50.615,-278.941,387.280,176.199,-7.178,-121.254,1,-0.0323,0.0279,-0.0284,0
19438062,0.022,0.288,0.050,0.002,0.004,0.001,-50.615,-278.941,387.280,176.199,-7.178,-121.254,1,-0.0323,0.0279,-0.0284,0
19438171,0.039,0.315,0.022,0.001,0.004,0.001,-50.615,-278.941,387.280,176.199,-7.178,-121.254,1,-0.0323,0.0279,-0.0284,0
19438250,0.030,0.321,0.030,0.002,0.004,0.003,-50.615,-278.941,387.280,176.199,-7.178,-121.254,1,-0.0323,0.0279,-0.0284,0
19438343,0.039,0.304,0.052,0.001,0.004,0.001,-50.615,-278.941,387.280,176.199,-7.178,-121.254,1,-0.0323,0.0279,-0.0284,0
19438421,0.035,0.310,0.047,0.002,0.004,0.001,-50.615,-278.941,387.280,176.199,-7.178,-121.254,1,-0.0323,0.0279,-0.0284,0
19438500,0.027,0.316,0.020,0.002,0.004,0.002,-50.615,-278.941,387.280,176.199,-7.178,-121.254,1,-0.0323,0.0279,-0.0284,0
19438609,0.034,0.308,0.061,0.002,0.004,0.001,-50.615,-278.941,387.280,176.199,-7.178,-121.254,1,-0.0323,0.0279,-0.0284,0
19438718,0.014,0.305,0.039,0.002,0.004,0.002,-50.615,-278.941,387.280,176.199,-7.178,-121.254,1,-0.0323,0.0279,-0.0284,0
19438859,0.045,0.304,0.041,0.001,0.004,0.001,-50.615,-278.941,387.280,176.199,-7.178,-121.254,1,-0.0323,0.0279,-0.0284,0
19438906,0.025,0.310,0.020,0.002,0.004,0.002,-50.615,-278.941,387.280,176.199,-7.178,-121.254,1,-0.0323,0.0279,-0.0284,0
19438953,0.015,0.334,0.041,0.002,0.004,0.002,-50.615,-278.941,387.280,176.199,-7.178,-121.254,1,-0.0323,0.0279,-0.0284,0
19439031,0.033,0.311,0.051,0.001,0.003,0.001,-50.615,-278.941,387.280,176.199,-7.178,-121.254,1,-0.0323,0.0279,-0.0284,0
19439171,0.022,0.325,0.061,0.002,0.004,0.001,-50.615,-278.941,387.280,176.199,-7.178,-121.254,1,-0.0323,0.0279,-0.0284,0
19439250,0.021,0.314,0.035,0.002,0.004,0.001,-50.615,-278.941,387.280,176.199,-7.178,-121.254,1,-0.0323,0.0279,-0.0284,0
19439359,0.020,0.307,0.067,0.002,0.004,0.001,-50.615,-278.941,387.280,176.199,-7.178,-121.254,1,-0.0323,0.0279,-0.0284,0
19439437,0.010,0.303,0.054,0.002,0.004,0.001,-50.615,-278.941,387.280,176.199,-7.178,-121.254,1,-0.0323,0.0279,-0.0284,0
19439531,0.035,0.285,0.062,0.000,0.004,-0.000,-50.615,-278.941,387.280,176.199,-7.178,-121.254,1,-0.0323,0.0279,-0.0284,0
19439609,0.043,0.304,0.053,0.001,0.004,-0.000,-50.615,-278.941,387.280,176.199,-7.178,-121.254,1,-0.0323,0.0279,-0.0284,0
19439687,0.031,0.309,0.052,0.002,0.004,0.001,-50.615,-278.941,387.280,176.199,-7.178,-121.254,1,-0.0323,0.0279,-0.0284,0
19439796,0.033,0.302,0.058,0.001,0.004,0.001,-50.615,-278.941,387.280,176.199,-7.178,-121.254,1,-0.0323,0.0279,-0.0284,0
19439906,0.035,0.301,0.059,0.001,0.004,0.000,-50.615,-278.941,387.280,176.199,-7.178,-121.254,1,-0.0323,0.0279,-0.0284,0
19440046,0.034,0.299,0.050,0.002,0.004,-0.000,-50.615,-278.941,387.280,176.199,-7.178,-121.254,1,-0.0323,0.0279,-0.0284,0
19440093,0.030,0.299,0.046,0.001,0.004,0.000,-50.615,-278.941,387.280,176.199,-7.178,-121.254,1,-0.0323,0.0279,-0.0284,0
19440140,0.029,0.298,0.042,0.001,0.004,0.001,-50.615,-278.941,387.280,176.199,-7.178,-121.254,1,-0.0323,0.0279,-0.0284,0
19440218,0.030,0.303,0.048,0.001,0.004,0.001,-50.615,-278.941,387.280,176.199,-7.178,-121.254,1,-0.0323,0.0279,-0.0284,0
19440359,0.041,0.311,0.027,0.002,0.004,0.001,-50.615,-278.941,387.280,176.199,-7.178,-121.254,1,-0.0323,0.0279,-0.0284,0
19440453,0.037,0.308,0.057,0.001,0.004,-0.000,-50.615,-278.941,387.280,176.199,-7.178,-121.254,1,-0.0323,0.0279,-0.0284,0
19440562,0.040,0.303,0.088,0.001,0.004,-0.001,-50.615,-278.941,387.280,176.199,-7.178,-121.254,1,-0.0323,0.0279,-0.0284,0
19440640,0.041,0.297,0.053,0.001,0.003,0.000,-50.615,-278.941,387.280,176.199,-7.178,-121.254,1,-0.0323,0.0279,-0.0284,0
19440734,0.035,0.296,0.065,0.001,0.004,-0.000,-50.615,-278.941,387.280,176.199,-7.178,-121.254,1,-0.0323,0.0279,-0.0284,0
19440812,0.028,0.303,0.051,0.002,0.004,0.001,-50.615,-278.941,387.280,176.199,-7.178,-121.254,1,-0.0323,0.0279,-0.0284,0
19440890,0.050,0.287,0.073,0.001,0.004,-0.000,-50.615,-278.941,387.280,176.199,-7.178,-121.254,1,-0.0323,0.0279,-0.0284,0
19441000,0.057,0.303,0.070,0.000,0.004,-0.001,-50.615,-278.941,387.280,176.199,-7.178,-121.254,1,-0.0323,0.0279,-0.0284,0
19441109,0.030,0.296,0.037,0.001,0.004,0.001,-50.615,-278.941,387.280,176.199,-7.178,-121.254,1,-0.0323,0.0279,-0.0284,0
19441250,0.033,0.298,0.045,0.001,0.004,0.001,-50.615,-278.941,387.280,176.199,-7.178,-121.254,1,-0.0323,0.0279,-0.0284,0
19441296,0.036,0.295,0.080,0.001,0.003,-0.001,-50.615,-278.941,387.280,176.199,-7.178,-121.254,1,-0.0323,0.0279,-0.0284,0
19441343,0.030,0.300,0.036,0.001,0.003,0.000,-50.615,-278.941,387.280,176.199,-7.178,-121.254,1,-0.0323,0.0279,-0.0284,0
19441421,0.044,0.298,0.068,0.001,0.004,-0.000,-50.615,-278.941,387.280,176.199,-7.178,-121.254,1,-0.0323,0.0279,-0.0284,0
19441562,0.038,0.309,0.058,0.001,0.004,0.001,-50.615,-278.941,387.280,176.199,-7.178,-121.254,1,-0.0323,0.0279,-0.0284,0
19441656,0.047,0.306,0.055,0.001,0.003,0.000,-50.615,-278.941,387.280,176.199,-7.178,-121.254,1,-0.0323,0.0279,-0.0284,0
19441765,0.035,0.292,0.054,0.001,0.004,0.001,-50.615,-278.941,387.280,176.199,-7.178,-121.254,1,-0.0323,0.0279,-0.0284,0
19441843,0.037,0.298,0.022,0.002,0.004,0.002,-50.615,-278.941,387.280,176.199,-7.178,-121.254,1,-0.0323,0.0279,-0.0284,0
19441937,0.063,0.282,0.059,0.001,0.003,-0.002,-50.615,-278.941,387.280,176.199,-7.178,-121.254,1,-0.0323,0.0279,-0.0284,0
19442015,0.047,0.298,0.029,0.002,0.004,0.000,-50.615,-278.941,387.280,176.199,-7.178,-121.254,1,-0.0323,0.0279,-0.0284,0
19442093,0.063,0.282,0.074,0.001,0.003,-0.001,-50.615,-278.941,387.280,176.199,-7.178,-121.254,1,-0.0323,0.0279,-0.0284,0
19442203,0.043,0.301,0.069,0.002,0.004,-0.000,-50.615,-278.941,387.280,176.199,-7.178,-121.254,1,-0.0323,0.0279,-0.0284,0
19442312,0.041,0.312,0.021,0.002,0.004,0.002,-50.615,-278.941,387.280,176.199,-7.178,-121.254,1,-0.0323,0.0279,-0.0284,0
19442453,0.021,0.284,0.045,0.002,0.004,0.000,-50.615,-278.941,387.280,176.199,-7.178,-121.254,1,-0.0323,0.0279,-0.0284,0
19442500,0.045,0.264,0.054,0.000,0.004,-0.001,-50.615,-278.941,387.280,176.199,-7.178,-121.254,1,-0.0323,0.0279,-0.0284,0
19442546,0.053,0.271,0.074,0.001,0.003,-0.002,-50.615,-278.941,387.280,176.199,-7.178,-121.254,1,-0.0323,0.0279,-0.0284,0
19442625,0.036,0.305,0.071,0.002,0.004,0.000,-50.615,-278.941,387.280,176.199,-7.178,-121.254,1,-0.0323,0.0279,-0.0284,0
19442765,0.036,0.311,0.040,0.002,0.004,0.001,-50.615,-278.941,387.280,176.199,-7.178,-121.254,1,-0.0323,0.0279,-0.0284,0
19442859,0.031,0.312,0.042,0.002,0.004,0.002,-50.615,-278.941,387.280,176.199,-7.178,-121.254,1,-0.0323,0.0279,-0.0284,0
19442968,0.037,0.300,0.057,0.002,0.004,0.001,-50.615,-278.941,387.280,176.199,-7.178,-121.254,1,-0.0323,0.0279,-0.0284,0
19443046,0.022,0.311,0.033,0.002,0.004,0.002,-50.615,-278.941,387.280,176.199,-7.178,-121.254,1,-0.0323,0.0279,-0.0284,0
19443140,0.041,0.310,0.035,0.002,0.004,0.001,-50.615,-278.941,387.280,176.199,-7.178,-121.254,1,-0.0323,0.0279,-0.0284,0
19443218,0.037,0.304,0.063,0.001,0.004,0.000,-50.615,-278.941,387.280,176.199,-7.178,-121.254,1,-0.0323,0.0279,-0.0284,0
19443296,0.024,0.310,0.023,0.002,0.004,0.002,-50.615,-278.941,387.280,176.199,-7.178,-121.254,1,-0.0323,0.0279,-0.0284,0
19443390,0.030,0.308,0.030,0.002,0.004,0.002,-50.615,-278.941,387.280,176.199,-7.178,-121.254,1,-0.0323,0.0279,-0.0284,0
19443500,0.041,0.302,0.049,0.002,0.004,0.000,-50.615,-278.941,387.280,176.199,-7.178,-121.254,1,-0.0323,0.0279,-0.0284,0
19443640,0.038,0.311,0.045,0.001,0.004,0.001,-50.615,-278.941,387.280,176.199,-7.178,-121.254,1,-0.0323,0.0279,-0.0284,0
19443687,0.049,0.307,0.056,0.001,0.003,0.000,-50.615,-278.941,387.280,176.199,-7.178,-121.254,1,-0.0323,0.0279,-0.0284,0
19443734,0.032,0.308,0.041,0.002,0.004,0.001,-50.615,-278.941,387.280,176.199,-7.178,-121.254,1,-0.0323,0.0279,-0.0284,0
19443812,0.002,0.311,0.033,0.002,0.005,0.001,-50.615,-278.941,387.280,176.199,-7.178,-121.254,1,-0.0323,0.0279,-0.0284,0
19443953,0.024,0.316,0.056,0.002,0.004,0.001,-50.615,-278.941,387.280,176.199,-7.178,-121.254,1,-0.0323,0.0279,-0.0284,0
19444046,0.011,0.327,0.043,0.002,0.004,0.002,-50.615,-278.941,387.280,176.199,-7.178,-121.254,1,-0.0323,0.0279,-0.0284,0
19444156,0.021,0.318,0.042,0.002,0.004,0.001,-50.615,-278.941,387.280,176.199,-7.178,-121.254,1,-0.0323,0.0279,-0.0284,0
19444234,0.016,0.311,0.033,0.002,0.004,0.002,-50.615,-278.941,387.280,176.199,-7.178,-121.254,1,-0.0323,0.0279,-0.0284,0
19444328,0.029,0.315,0.036,0.002,0.004,0.001,-50.615,-278.941,387.280,176.199,-7.178,-121.254,1,-0.0323,0.0279,-0.0284,0
19444406,0.031,0.320,0.040,0.002,0.004,0.001,-50.615,-278.941,387.280,176.199,-7.178,-121.254,1,-0.0323,0.0279,-0.0284,0
19444484,0.017,0.311,0.032,0.002,0.004,0.002,-50.615,-278.941,387.280,176.199,-7.178,-121.254,1,-0.0323,0.0279,-0.0284,0
19444593,0.038,0.329,0.053,0.002,0.004,0.001,-50.615,-278.941,387.280,176.199,-7.178,-121.254,1,-0.0323,0.0279,-0.0284,0
19444703,0.027,0.311,0.056,0.002,0.004,0.001,-50.615,-278.941,387.280,176.199,-7.178,-121.254,1,-0.0323,0.0279,-0.0284,0
19444843,0.012,0.321,0.030,0.002,0.004,0.002,-50.615,-278.941,387.280,176.199,-7.178,-121.254,1,-0.0323,0.0279,-0.0284,0
19444890,0.025,0.310,0.055,0.002,0.004,0.000,-50.615,-278.941,387.280,176.199,-7.178,-121.254,1,-0.0323,0.0279,-0.0284,0
19444937,0.031,0.309,0.039,0.001,0.004,0.001,-50.615,-278.941,387.280,176.199,-7.178,-121.254,1,-0.0323,0.0279,-0.0284,0
19445015,0.026,0.311,0.056,0.002,0.004,0.000,-50.615,-278.941,387.280,176.199,-7.178,-121.254,1,-0.0323,0.0279,-0.0284,0
19445156,0.006,0.321,0.046,0.002,0.004,0.001,-50.615,-278.941,387.280,176.199,-7.178,-121.254,1,-0.0323,0.0279,-0.0284,0
19445250,-0.003,0.304,0.062,0.002,0.005,0.000,-50.615,-278.941,387.280,176.199,-7.178,-121.254,1,-0.0323,0.0279,-0.0284,0
19445296,0.001,0.296,0.069,0.002,0.005,0.000,-50.615,-278.941,387.280,176.199,-7.178,-121.254,1,-0.0323,0.0279,-0.0284,0
19445375,0.014,0.332,0.057,0.002,0.005,0.001,-50.615,-278.941,387.280,176.199,-7.178,-121.254,1,-0.0323,0.0279,-0.0284,0
19445453,0.001,0.353,0.049,0.003,0.005,0.002,-50.615,-278.941,387.280,176.199,-7.178,-121.254,1,-0.0323,0.0279,-0.0284,0
19445531,-0.000,0.350,0.046,0.003,0.004,0.002,-50.615,-278.941,387.280,176.199,-7.178,-121.254,1,-0.0323,0.0279,-0.0284,0
19445625,0.008,0.338,0.066,0.002,0.004,0.001,-50.615,-278.941,387.280,176.199,-7.178,-121.254,1,-0.0323,0.0279,-0.0284,0
19445703,0.003,0.320,0.046,0.002,0.005,0.001,-50.615,-278.941,387.280,176.199,-7.178,-121.254,1,-0.0323,0.0279,-0.0284,0
19445812,0.010,0.318,0.021,0.002,0.004,0.002,-50.615,-278.941,387.280,176.199,-7.178,-121.254,1,-0.0323,0.0279,-0.0284,0
19445906,0.003,0.300,0.042,0.002,0.005,0.002,-50.615,-278.941,387.280,176.199,-7.178,-121.254,1,-0.0323,0.0279,-0.0284,0
19446046,0.000,0.322,0.009,0.002,0.005,0.003,-50.615,-278.941,387.280,176.199,-7.178,-121.254,1,-0.0323,0.0279,-0.0284,0
19446093,0.007,0.332,0.035,0.002,0.005,0.003,-50.615,-278.941,387.280,176.199,-7.178,-121.254,1,-0.0323,0.0279,-0.0284,0
19446140,0.011,0.327,0.071,0.002,0.004,0.002,-50.615,-278.941,387.280,176.199,-7.178,-121.254,1,-0.0323,0.0279,-0.0284,0
19446218,0.028,0.320,0.050,0.002,0.004,0.001,-50.615,-278.941,387.280,176.199,-7.178,-121.254,1,-0.0323,0.0279,-0.0284,0
19446343,0.007,0.322,0.025,0.002,0.004,0.002,-50.615,-278.941,387.280,176.199,-7.178,-121.254,1,-0.0323,0.0279,-0.0284,0
19446453,0.016,0.310,0.074,0.001,0.004,0.000,-50.615,-278.941,387.280,176.199,-7.178,-121.254,1,-0.0323,0.0279,-0.0284,0
19446562,0.003,0.302,0.098,0.002,0.004,-0.000,-50.615,-278.941,387.280,176.199,-7.178,-121.254,1,-0.0323,0.0279,-0.0284,0
19446640,0.001,0.310,0.081,0.002,0.004,0.000,-50.615,-278.941,387.280,176.199,-7.178,-121.254,1,-0.0323,0.0279,-0.0284,0
19446718,0.001,0.307,0.058,0.002,0.005,0.000,-50.615,-278.941,387.280,176.199,-7.178,-121.254,1,-0.0323,0.0279,-0.0284,0
19446812,0.020,0.344,0.025,0.002,0.004,0.002,-50.615,-278.941,387.280,176.199,-7.178,-121.254,1,-0.0323,0.0279,-0.0284,0
19446890,0.017,0.311,0.029,0.001,0.004,0.001,-50.615,-278.941,387.280,176.199,-7.178,-121.254,1,-0.0323,0.0279,-0.0284,0
19447000,0.007,0.348,0.068,0.002,0.004,0.001,-50.615,-278.941,387.280,176.199,-7.178,-121.254,1,-0.0323,0.0279,-0.0284,0
19447078,0.025,0.303,0.065,0.001,0.004,-0.001,-50.615,-278.941,387.280,176.199,-7.178,-121.254,1,-0.0323,0.0279,-0.0284,0
19447218,0.024,0.310,0.035,0.001,0.004,0.001,-50.615,-278.941,387.280,176.199,-7.178,-121.254,1,-0.0323,0.0279,-0.0284,0
19447265,0.018,0.312,0.028,0.001,0.004,0.001,-50.615,-278.941,387.280,176.199,-7.178,-121.254,1,-0.0323,0.0279,-0.0284,0
19447312,0.021,0.312,0.034,0.001,0.004,0.001,-50.615,-278.941,387.280,176.199,-7.178,-121.254,1,-0.0323,0.0279,-0.0284,0
19447390,0.019,0.306,0.043,0.001,0.004,0.001,-50.615,-278.941,387.280,176.199,-7.178,-121.254,1,-0.0323,0.0279,-0.0284,0
19447531,0.027,0.320,0.024,0.001,0.004,0.001,-50.615,-278.941,387.280,176.199,-7.178,-121.254,1,-0.0323,0.0279,-0.0284,0
19447625,0.029,0.323,0.052,0.001,0.004,0.000,-50.615,-278.941,387.280,176.199,-7.178,-121.254,1,-0.0323,0.0279,-0.0284,0
19447734,0.023,0.317,0.056,0.002,0.004,0.001,-50.615,-278.941,387.280,176.199,-7.178,-121.254,1,-0.0323,0.0279,-0.0284,0
19447812,0.020,0.313,0.050,0.002,0.004,0.000,-50.615,-278.941,387.280,176.199,-7.178,-121.254,1,-0.0323,0.0279,-0.0284,0
19447906,0.023,0.318,0.037,0.001,0.004,0.001,-50.615,-278.941,387.280,176.199,-7.178,-121.254,1,-0.0323,0.0279,-0.0284,0
19447984,0.014,0.319,0.035,0.002,0.004,0.001,-50.615,-278.941,387.280,176.199,-7.178,-121.254,1,-0.0323,0.0279,-0.0284,0
19448062,0.020,0.315,0.086,0.002,0.004,-0.001,-50.615,-278.941,387.280,176.199,-7.178,-121.254,1,-0.0323,0.0279,-0.0284,0
19448171,0.028,0.319,0.045,0.002,0.004,0.001,-50.615,-278.941,387.280,176.199,-7.178,-121.254,1,-0.0323,0.0279,-0.0284,0
19448281,0.037,0.326,0.053,0.001,0.004,0.000,-50.615,-278.941,387.280,176.199,-7.178,-121.254,1,-0.0323,0.0279,-0.0284,0
19448421,0.034,0.313,0.057,0.001,0.004,-0.000,-50.615,-278.941,387.280,176.199,-7.178,-121.254,1,-0.0323,0.0279,-0.0284,0
19448468,0.016,0.323,0.070,0.002,0.004,0.000,-50.615,-278.941,387.280,176.199,-7.178,-121.254,1,-0.0323,0.0279,-0.0284,0
19448515,0.011,0.322,0.095,0.002,0.004,-0.001,-50.615,-278.941,387.280,176.199,-7.178,-121.254,1,-0.0323,0.0279,-0.0284,0
19448593,0.039,0.308,0.022,0.001,0.004,0.001,-50.615,-278.941,387.280,176.199,-7.178,-121.254,1,-0.0323,0.0279,-0.0284,0
19448734,0.031,0.310,0.023,0.001,0.004,0.001,-50.615,-278.941,387.280,176.199,-7.178,-121.254,1,-0.0323,0.0279,-0.0284,0
19448828,0.017,0.302,0.082,0.002,0.004,-0.000,-50.615,-278.941,387.280,176.199,-7.178,-121.254,1,-0.0323,0.0279,-0.0284,0
19448937,0.031,0.310,0.063,0.001,0.004,-0.000,-50.615,-278.941,387.280,176.199,-7.178,-121.254,1,-0.0323,0.0279,-0.0284,0
19449015,0.027,0.320,0.019,0.001,0.004,0.001,-50.615,-278.941,387.280,176.199,-7.178,-121.254,1,-0.0323,0.0279,-0.0284,0
19449109,0.033,0.313,0.077,0.001,0.004,-0.001,-50.615,-278.941,387.280,176.199,-7.178,-121.254,1,-0.0323,0.0279,-0.0284,0
19449187,0.031,0.317,0.019,0.002,0.004,0.001,-50.615,-278.941,387.280,176.199,-7.178,-121.254,1,-0.0323,0.0279,-0.0284,0
19449265,0.027,0.318,0.052,0.001,0.004,-0.000,-50.615,-278.941,387.280,176.199,-7.178,-121.254,1,-0.0323,0.0279,-0.0284,0
19449375,0.023,0.312,0.061,0.001,0.004,0.000,-50.615,-278.941,387.280,176.199,-7.178,-121.254,1,-0.0323,0.0279,-0.0284,0
19449484,0.030,0.315,0.060,0.001,0.004,0.000,-50.615,-278.941,387.280,176.199,-7.178,-121.254,1,-0.0323,0.0279,-0.0284,0
19449625,0.043,0.332,0.016,0.002,0.003,0.001,-50.615,-278.941,387.280,176.199,-7.178,-121.254,1,-0.0323,0.0279,-0.0284,0
19449671,0.047,0.331,0.002,0.002,0.004,0.001,-50.615,-278.941,387.280,176.199,-7.178,-121.254,1,-0.0323,0.0279,-0.0284,0
19449718,0.044,0.323,0.038,0.002,0.004,0.000,-50.615,-278.941,387.280,176.199,-7.178,-121.254,1,-0.0323,0.0279,-0.0284,0
19449796,0.040,0.303,0.061,0.001,0.004,0.000,-50.615,-278.941,387.280,176.199,-7.178,-121.254,1,-0.0323,0.0279,-0.0284,0
19449937,0.035,0.304,0.035,0.001,0.004,0.000,-50.615,-278.941,387.280,176.199,-7.178,-121.254,1,-0.0323,0.0279,-0.0284,0
19450031,0.027,0.322,0.009,0.001,0.004,0.002,-50.615,-278.941,387.280,176.199,-7.178,-121.254,1,-0.0323,0.0279,-0.0284,0
19450140,0.027,0.316,0.066,0.002,0.004,0.000,-50.615,-278.941,387.280,176.199,-7.178,-121.254,1,-0.0323,0.0279,-0.0284,0
19450218,0.053,0.305,0.022,0.002,0.004,0.001,-50.615,-278.941,387.280,176.199,-7.178,-121.254,1,-0.0323,0.0279,-0.0284,0
19450312,0.054,0.303,0.059,0.001,0.003,0.000,-50.615,-278.941,387.280,176.199,-7.178,-121.254,1,-0.0323,0.0279,-0.0284,0
19450390,0.042,0.312,0.022,0.002,0.003,0.002,-50.615,-278.941,387.280,176.199,-7.178,-121.254,1,-0.0323,0.0279,-0.0284,0
19450468,0.030,0.301,0.083,0.002,0.004,-0.000,-50.615,-278.941,387.280,176.199,-7.178,-121.254,1,-0.0323,0.0279,-0.0284,0
19450578,0.043,0.313,0.091,0.001,0.004,-0.001,-50.615,-278.941,387.280,176.199,-7.178,-121.254,1,-0.0323,0.0279,-0.0284,0
19450687,0.024,0.323,0.010,0.002,0.004,0.001,-50.615,-278.941,387.280,176.199,-7.178,-121.254,1,-0.0323,0.0279,-0.0284,0
19450828,0.034,0.338,0.000,0.002,0.003,0.002,-50.615,-278.941,387.280,176.199,-7.178,-121.254,1,-0.0323,0.0279,-0.0284,0
19450875,0.025,0.330,0.013,0.002,0.004,0.002,-50.615,-278.941,387.280,176.199,-7.178,-121.254,1,-0.0323,0.0279,-0.0284,0
19450921,0.034,0.307,0.066,0.001,0.004,-0.001,-50.615,-278.941,387.280,176.199,-7.178,-121.254,1,-0.0323,0.0279,-0.0284,0
19451000,0.042,0.322,0.047,0.001,0.004,0.001,-50.615,-278.941,387.280,176.199,-7.178,-121.254,1,-0.0323,0.0279,-0.0284,0
19451140,0.036,0.319,0.040,0.002,0.004,0.001,-50.615,-278.941,387.280,176.199,-7.178,-121.254,1,-0.0323,0.0279,-0.0284,0
19451234,0.045,0.314,0.070,0.001,0.004,-0.001,-50.615,-278.941,387.280,176.199,-7.178,-121.254,1,-0.0323,0.0279,-0.0284,0
19451328,0.025,0.313,0.030,0.001,0.004,0.002,-50.615,-278.941,387.280,176.199,-7.178,-121.254,1,-0.0323,0.0279,-0.0284,0
19451406,0.049,0.304,0.084,0.001,0.003,-0.001,-50.615,-278.941,387.280,176.199,-7.178,-121.254,1,-0.0323,0.0279,-0.0284,0
19451500,0.035,0.321,0.051,0.002,0.004,0.000,-50.615,-278.941,387.280,176.199,-7.178,-121.254,1,-0.0323,0.0279,-0.0284,0
19451578,0.040,0.322,0.036,0.002,0.004,0.001,-50.615,-278.941,387.280,176.199,-7.178,-121.254,1,-0.0323,0.0279,-0.0284,0
19451656,0.050,0.315,0.033,0.002,0.003,0.001,-50.615,-278.941,387.280,176.199,-7.178,-121.254,1,-0.0323,0.0279,-0.0284,0
19451765,0.055,0.315,0.046,0.001,0.003,0.000,-50.615,-278.941,387.280,176.199,-7.178,-121.254,1,-0.0323,0.0279,-0.0284,0
19451875,0.053,0.325,0.032,0.001,0.003,0.002,-50.615,-278.941,387.280,176.199,-7.178,-121.254,1,-0.0323,0.0279,-0.0284,0
19452015,0.040,0.314,0.052,0.001,0.004,0.000,-50.615,-278.941,387.280,176.199,-7.178,-121.254,1,-0.0323,0.0279,-0.0284,0
19452062,0.031,0.316,0.036,0.001,0.004,0.000,-50.615,-278.941,387.280,176.199,-7.178,-121.254,1,-0.0323,0.0279,-0.0284,0
19452109,0.027,0.317,0.035,0.002,0.004,0.001,-50.615,-278.941,387.280,176.199,-7.178,-121.254,1,-0.0323,0.0279,-0.0284,0
19452187,0.033,0.316,0.035,0.001,0.004,-0.000,-50.615,-278.941,387.280,176.199,-7.178,-121.254,1,-0.0323,0.0279,-0.0284,0
19452328,0.037,0.326,0.027,0.002,0.004,0.001,-50.615,-278.941,387.280,176.199,-7.178,-121.254,1,-0.0323,0.0279,-0.0284,0
19452421,0.032,0.316,0.055,0.002,0.003,0.000,-50.615,-278.941,387.280,176.199,-7.178,-121.254,1,-0.0323,0.0279,-0.0284,0
19452531,0.032,0.333,0.011,0.002,0.004,0.002,-50.615,-278.941,387.280,176.199,-7.178,-121.254,1,-0.0323,0.0279,-0.0284,0
19452609,0.050,0.330,0.044,0.002,0.004,0.001,-50.615,-278.941,387.280,176.199,-7.178,-121.254,1,-0.0323,0.0279,-0.0284,0
19452703,0.048,0.316,0.062,0.001,0.004,-0.000,-50.615,-278.941,387.280,176.199,-7.178,-121.254,1,-0.0323,0.0279,-0.0284,0
19452781,0.034,0.303,-0.000,0.001,0.004,0.001,-50.615,-278.941,387.280,176.199,-7.178,-121.254,1,-0.0323,0.0279,-0.0284,0
19452859,0.033,0.311,0.011,0.002,0.004,0.002,-50.615,-278.941,387.280,176.199,-7.178,-121.254,1,-0.0323,0.0279,-0.0284,0
19452968,0.042,0.314,0.067,0.001,0.004,0.000,-50.615,-278.941,387.280,176.199,-7.178,-121.254,1,-0.0323,0.0279,-0.0284,0
19453078,0.049,0.311,0.059,0.001,0.003,-0.000,-50.615,-278.941,387.280,176.199,-7.178,-121.254,1,-0.0323,0.0279,-0.0284,0
19453218,0.048,0.316,0.032,0.001,0.004,0.001,-50.615,-278.941,387.280,176.199,-7.178,-121.254,1,-0.0323,0.0279,-0.0284,0
19453265,0.036,0.319,0.060,0.002,0.004,0.001,-50.615,-278.941,387.280,176.199,-7.178,-121.254,1,-0.0323,0.0279,-0.0284,0
19453312,0.060,0.314,0.088,0.001,0.003,-0.001,-50.615,-278.941,387.280,176.199,-7.178,-121.254,1,-0.0323,0.0279,-0.0284,0
19453390,0.066,0.323,0.067,0.001,0.003,0.000,-50.615,-278.941,387.280,176.199,-7.178,-121.254,1,-0.0323,0.0279,-0.0284,0
19453531,0.020,0.304,0.028,0.001,0.004,0.001,-50.615,-278.941,387.280,176.199,-7.178,-121.254,1,-0.0323,0.0279,-0.0284,0
19453625,0.031,0.319,0.059,0.002,0.004,0.000,-50.615,-278.941,387.280,176.199,-7.178,-121.254,1,-0.0323,0.0279,-0.0284,0
19453734,0.028,0.328,0.015,0.002,0.004,0.002,-50.615,-278.941,387.280,176.199,-7.178,-121.254,1,-0.0323,0.0279,-0.0284,0
19453812,0.048,0.320,0.037,0.002,0.004,-0.000,-50.615,-278.941,387.280,176.199,-7.178,-121.254,1,-0.0323,0.0279,-0.0284,0
19453906,0.035,0.327,0.051,0.002,0.004,0.001,-50.615,-278.941,387.280,176.199,-7.178,-121.254,1,-0.0323,0.0279,-0.0284,0
19453984,0.048,0.333,0.075,0.002,0.004,-0.000,-50.615,-278.941,387.280,176.199,-7.178,-121.254,1,-0.0323,0.0279,-0.0284,0
19454062,0.029,0.339,0.017,0.002,0.004,0.002,-50.615,-278.941,387.280,176.199,-7.178,-121.254,1,-0.0323,0.0279,-0.0284,0
19454171,0.031,0.317,0.002,0.002,0.004,0.002,-50.615,-278.941,387.280,176.199,-7.178,-121.254,1,-0.0323,0.0279,-0.0284,0
19454281,0.027,0.324,0.009,0.002,0.004,0.002,-50.615,-278.941,387.280,176.199,-7.178,-121.254,1,-0.0323,0.0279,-0.0284,0
19454421,0.032,0.313,0.047,0.001,0.003,0.001,-50.615,-278.941,387.280,176.199,-7.178,-121.254,1,-0.0323,0.0279,-0.0284,0
19454468,0.028,0.327,0.016,0.002,0.004,0.003,-50.615,-278.941,387.280,176.199,-7.178,-121.254,1,-0.0323,0.0279,-0.0284,0
19454515,0.039,0.319,0.034,0.002,0.004,0.001,-50.615,-278.941,387.280,176.199,-7.178,-121.254,1,-0.0323,0.0279,-0.0284,0
19454593,0.044,0.322,0.041,0.002,0.004,0.001,-50.615,-278.941,387.280,176.199,-7.178,-121.254,1,-0.0323,0.0279,-0.0284,0
19454734,0.045,0.326,0.048,0.002,0.004,0.001,-50.615,-278.941,387.280,176.199,-7.178,-121.254,1,-0.0323,0.0279,-0.0284,0
19454828,0.046,0.325,0.047,0.002,0.004,0.001,-50.615,-278.941,387.280,176.199,-7.178,-121.254,1,-0.0323,0.0279,-0.0284,0
19454937,0.020,0.332,0.034,0.003,0.004,0.002,-50.615,-278.941,387.280,176.199,-7.178,-121.254,1,-0.0323,0.0279,-0.0284,0
19455015,0.044,0.299,0.072,0.001,0.003,-0.001,-50.615,-278.941,387.280,176.199,-7.178,-121.254,1,-0.0323,0.0279,-0.0284,0
19455109,0.030,0.336,0.004,0.002,0.004,0.002,-50.615,-278.941,387.280,176.199,-7.178,-121.254,1,-0.0323,0.0279,-0.0284,0
19455187,0.038,0.326,0.064,0.002,0.004,-0.001,-50.615,-278.941,387.280,176.199,-7.178,-121.254,1,-0.0323,0.0279,-0.0284,0
19455265,0.023,0.338,0.053,0.003,0.004,0.001,-50.615,-278.941,387.280,176.199,-7.178,-121.254,1,-0.0323,0.0279,-0.0284,0
19455375,0.027,0.344,0.009,0.002,0.004,0.002,-50.615,-278.941,387.280,176.199,-7.178,-121.254,1,-0.0323,0.0279,-0.0284,0
19455468,0.030,0.332,0.045,0.002,0.004,0.001,-50.615,-278.941,387.280,176.199,-7.178,-121.254,1,-0.0323,0.0279,-0.0284,0
19455609,0.041,0.323,0.086,0.001,0.004,-0.001,-50.615,-278.941,387.280,176.199,-7.178,-121.254,1,-0.0323,0.0279,-0.0284,0
19455656,0.045,0.321,0.086,0.001,0.003,-0.001,-50.615,-278.941,387.280,176.199,-7.178,-121.254,1,-0.0323,0.0279,-0.0284,0
19455703,0.040,0.319,0.071,0.002,0.003,-0.001,-50.615,-278.941,387.280,176.199,-7.178,-121.254,1,-0.0323,0.0279,-0.0284,0
19455781,0.033,0.331,0.028,0.002,0.004,0.001,-50.615,-278.941,387.280,176.199,-7.178,-121.254,1,-0.0323,0.0279,-0.0284,0
19455921,0.037,0.325,0.036,0.002,0.004,0.001,-50.615,-278.941,387.280,176.199,-7.178,-121.254,1,-0.0323,0.0279,-0.0284,0
19456015,0.041,0.325,0.060,0.002,0.004,0.001,-50.615,-278.941,387.280,176.199,-7.178,-121.254,1,-0.0323,0.0279,-0.0284,0
19456125,0.032,0.333,0.039,0.002,0.004,0.002,-50.615,-278.941,387.280,176.199,-7.178,-121.254,1,-0.0323,0.0279,-0.0284,0
19456203,0.035,0.337,0.039,0.002,0.004,0.001,-50.615,-278.941,387.280,176.199,-7.178,-121.254,1,-0.0323,0.0279,-0.0284,0
19456296,0.042,0.332,0.043,0.002,0.004,0.001,-50.615,-278.941,387.280,176.199,-7.178,-121.254,1,-0.0323,0.0279,-0.0284,0
19456375,0.049,0.293,0.064,0.000,0.004,-0.002,-50.615,-278.941,387.280,176.199,-7.178,-121.254,1,-0.0323,0.0279,-0.0284,0
19456453,0.033,0.313,-0.012,0.001,0.004,0.002,-50.615,-278.941,387.280,176.199,-7.178,-121.254,1,-0.0323,0.0279,-0.0284,0
19456562,0.039,0.326,0.023,0.002,0.003,0.001,-50.615,-278.941,387.280,176.199,-7.178,-121.254,1,-0.0323,0.0279,-0.0284,0
19456671,0.051,0.313,0.068,0.001,0.004,-0.000,-50.615,-278.941,387.280,176.199,-7.178,-121.254,1,-0.0323,0.0279,-0.0284,0
19456812,0.038,0.351,0.020,0.002,0.004,0.001,-50.615,-278.941,387.280,176.199,-7.178,-121.254,1,-0.0323,0.0279,-0.0284,0
19456859,0.032,0.353,0.018,0.002,0.004,0.002,-50.615,-278.941,387.280,176.199,-7.178,-121.254,1,-0.0323,0.0279,-0.0284,0
19456906,0.030,0.356,0.010,0.002,0.004,0.002,-50.615,-278.941,387.280,176.199,-7.178,-121.254,1,-0.0323,0.0279,-0.0284,0
19456984,0.048,0.346,0.081,0.001,0.003,-0.001,-50.615,-278.941,387.280,176.199,-7.178,-121.254,1,-0.0323,0.0279,-0.0284,0
19457125,0.034,0.329,0.063,0.001,0.003,-0.001,-50.615,-278.941,387.280,176.199,-7.178,-121.254,1,-0.0323,0.0279,-0.0284,0
19457218,0.029,0.337,-0.016,0.002,0.004,0.002,-50.615,-278.941,387.280,176.199,-7.178,-121.254,1,-0.0323,0.0279,-0.0284,0
19457328,0.038,0.342,0.018,0.002,0.004,0.001,-50.615,-278.941,387.280,176.199,-7.178,-121.254,1,-0.0323,0.0279,-0.0284,0
19457406,0.048,0.327,0.073,0.002,0.004,-0.001,-50.615,-278.941,387.280,176.199,-7.178,-121.254,1,-0.0323,0.0279,-0.0284,0
19457500,0.033,0.341,0.020,0.002,0.004,0.002,-50.615,-278.941,387.280,176.199,-7.178,-121.254,1,-0.0323,0.0279,-0.0284,0
19457578,0.039,0.345,0.021,0.002,0.004,0.002,-50.615,-278.941,387.280,176.199,-7.178,-121.254,1,-0.0323,0.0279,-0.0284,0
19457656,0.045,0.356,0.024,0.002,0.004,0.002,-50.615,-278.941,387.280,176.199,-7.178,-121.254,1,-0.0323,0.0279,-0.0284,0
19457765,0.047,0.331,0.083,0.002,0.003,-0.001,-50.615,-278.941,387.280,176.199,-7.178,-121.254,1,-0.0323,0.0279,-0.0284,0
19457875,0.030,0.333,0.019,0.002,0.004,0.001,-50.615,-278.941,387.280,176.199,-7.178,-121.254,1,-0.0323,0.0279,-0.0284,0
19458015,0.038,0.331,0.082,0.002,0.004,-0.001,-50.615,-278.941,387.280,176.199,-7.178,-121.254,1,-0.0323,0.0279,-0.0284,0
19458062,0.052,0.324,0.092,0.002,0.003,-0.001,-50.615,-278.941,387.280,176.199,-7.178,-121.254,1,-0.0323,0.0279,-0.0284,0
19458109,0.043,0.336,0.052,0.002,0.003,0.001,-50.615,-278.941,387.280,176.199,-7.178,-121.254,1,-0.0323,0.0279,-0.0284,0
19458187,0.041,0.330,0.056,0.002,0.004,0.000,-50.615,-278.941,387.280,176.199,-7.178,-121.254,1,-0.0323,0.0279,-0.0284,0
19458328,0.048,0.329,0.075,0.001,0.004,-0.000,-50.615,-278.941,387.280,176.199,-7.178,-121.254,1,-0.0323,0.0279,-0.0284,0
19458421,0.041,0.332,0.060,0.002,0.004,-0.000,-50.615,-278.941,387.280,176.199,-7.178,-121.254,1,-0.0323,0.0279,-0.0284,0
19458531,0.025,0.337,0.029,0.002,0.004,0.001,-50.615,-278.941,387.280,176.199,-7.178,-121.254,1,-0.0323,0.0279,-0.0284,0
19458609,0.030,0.344,0.019,0.002,0.004,0.002,-50.615,-278.941,387.280,176.199,-7.178,-121.254,1,-0.0323,0.0279,-0.0284,0
19458703,0.036,0.339,0.025,0.002,0.003,0.000,-50.615,-278.941,387.280,176.199,-7.178,-121.254,1,-0.0323,0.0279,-0.0284,0
19458781,0.034,0.337,0.047,0.002,0.003,0.000,-50.615,-278.941,387.280,176.199,-7.178,-121.254,1,-0.0323,0.0279,-0.0284,0
19458859,0.046,0.340,0.056,0.002,0.004,-0.000,-50.615,-278.941,387.280,176.199,-7.178,-121.254,1,-0.0323,0.0279,-0.0284,0
19458968,0.039,0.336,0.063,0.002,0.004,0.000,-50.615,-278.941,387.280,176.199,-7.178,-121.254,1,-0.0323,0.0279,-0.0284,0
19459078,0.044,0.347,0.037,0.002,0.003,0.000,-50.615,-278.941,387.280,176.199,-7.178,-121.254,1,-0.0323,0.0279,-0.0284,0
19459218,0.051,0.322,0.090,0.001,0.003,-0.002,-50.615,-278.941,387.280,176.199,-7.178,-121.254,1,-0.0323,0.0279,-0.0284,0
19459265,0.046,0.329,0.069,0.001,0.003,-0.000,-50.615,-278.941,387.280,176.199,-7.178,-121.254,1,-0.0323,0.0279,-0.0284,0
19459312,0.043,0.332,0.040,0.002,0.004,0.001,-50.615,-278.941,387.280,176.199,-7.178,-121.254,1,-0.0323,0.0279,-0.0284,0
19459390,0.040,0.322,0.045,0.002,0.004,0.000,-50.615,-278.941,387.280,176.199,-7.178,-121.254,1,-0.0323,0.0279,-0.0284,0
19459531,0.038,0.334,0.040,0.002,0.004,0.001,-50.615,-278.941,387.280,176.199,-7.178,-121.254,1,-0.0323,0.0279,-0.0284,0
19459625,0.050,0.319,0.052,0.001,0.003,-0.000,-50.615,-278.941,387.280,176.199,-7.178,-121.254,1,-0.0323,0.0279,-0.0284,0
19459734,0.041,0.324,0.078,0.002,0.004,-0.000,-50.615,-278.941,387.280,176.199,-7.178,-121.254,1,-0.0323,0.0279,-0.0284,0
19459796,0.047,0.335,0.024,0.002,0.004,0.002,-50.615,-278.941,387.280,176.199,-7.178,-121.254,1,-0.0323,0.0279,-0.0284,0
19459890,0.047,0.338,0.095,0.002,0.003,-0.001,-50.615,-278.941,387.280,176.199,-7.178,-121.254,1,-0.0323,0.0279,-0.0284,0
19459984,0.040,0.330,0.072,0.001,0.003,-0.001,-50.615,-278.941,387.280,176.199,-7.178,-121.254,1,-0.0323,0.0279,-0.0284,0
19460046,0.039,0.336,0.008,0.002,0.004,0.001,-50.615,-278.941,387.280,176.199,-7.178,-121.254,1,-0.0323,0.0279,-0.0284,0
19460156,0.046,0.319,0.055,0.001,0.004,-0.000,-50.615,-278.941,387.280,176.199,-7.178,-121.254,1,-0.0323,0.0279,-0.0284,0
19460265,0.044,0.326,0.046,0.001,0.004,0.000,-50.615,-278.941,387.280,176.199,-7.178,-121.254,1,-0.0323,0.0279,-0.0284,0
19460406,0.046,0.332,0.039,0.002,0.004,0.001,-50.615,-278.941,387.280,176.199,-7.178,-121.254,1,-0.0323,0.0279,-0.0284,0
19460453,0.044,0.330,0.035,0.002,0.004,0.001,-50.615,-278.941,387.280,176.199,-7.178,-121.254,1,-0.0323,0.0279,-0.0284,0
19460500,0.046,0.326,0.067,0.002,0.004,-0.000,-50.615,-278.941,387.280,176.199,-7.178,-121.254,1,-0.0323,0.0279,-0.0284,0
19460578,0.042,0.338,0.067,0.002,0.004,0.001,-50.615,-278.941,387.280,176.199,-7.178,-121.254,1,-0.0323,0.0279,-0.0284,0
19460718,0.042,0.323,0.038,0.002,0.003,0.000,-50.615,-278.941,387.280,176.199,-7.178,-121.254,1,-0.0323,0.0279,-0.0284,0
19460812,0.052,0.318,0.062,0.002,0.003,-0.000,-50.615,-278.941,387.280,176.199,-7.178,-121.254,1,-0.0323,0.0279,-0.0284,0
19460921,0.026,0.327,0.067,0.002,0.003,0.000,-50.615,-278.941,387.280,176.199,-7.178,-121.254,1,-0.0323,0.0279,-0.0284,0
19461000,0.038,0.323,0.035,0.001,0.004,0.001,-50.615,-278.941,387.280,176.199,-7.178,-121.254,1,-0.0323,0.0279,-0.0284,0
19461093,0.029,0.323,0.053,0.001,0.004,0.000,-50.615,-278.941,387.280,176.199,-7.178,-121.254,1,-0.0323,0.0279,-0.0284,0
19461171,0.029,0.330,0.028,0.002,0.004,0.001,-50.615,-278.941,387.280,176.199,-7.178,-121.254,1,-0.0323,0.0279,-0.0284,0
19461250,0.016,0.315,0.073,0.002,0.004,-0.000,-50.615,-278.941,387.280,176.199,-7.178,-121.254,1,-0.0323,0.0279,-0.0284,0
19461359,0.035,0.346,0.069,0.002,0.004,0.000,-50.615,-278.941,387.280,176.199,-7.178,-121.254,1,-0.0323,0.0279,-0.0284,0
19461468,0.034,0.321,0.025,0.001,0.004,0.001,-50.615,-278.941,387.280,176.199,-7.178,-121.254,1,-0.0323,0.0279,-0.0284,0
19461609,0.041,0.314,0.039,0.001,0.004,0.000,-50.615,-278.941,387.280,176.199,-7.178,-121.254,1,-0.0323,0.0279,-0.0284,0
19461656,0.034,0.309,0.039,0.002,0.004,0.001,-50.615,-278.941,387.280,176.199,-7.178,-121.254,1,-0.0323,0.0279,-0.0284,0
19461703,0.038,0.313,0.047,0.002,0.004,0.001,-50.615,-278.941,387.280,176.199,-7.178,-121.254,1,-0.0323,0.0279,-0.0284,0
19461781,0.029,0.321,0.030,0.002,0.004,0.001,-50.615,-278.941,387.280,176.199,-7.178,-121.254,1,-0.0323,0.0279,-0.0284,0
19461921,0.035,0.315,0.055,0.002,0.004,0.000,-50.615,-278.941,387.280,176.199,-7.178,-121.254,1,-0.0323,0.0279,-0.0284,0
19462015,0.033,0.336,0.070,0.003,0.004,0.002,-50.615,-278.941,387.280,176.199,-7.178,-121.254,1,-0.0323,0.0279,-0.0284,0
19462125,0.036,0.331,0.047,0.002,0.004,0.001,-50.615,-278.941,387.280,176.199,-7.178,-121.254,1,-0.0323,0.0279,-0.0284,0
19462203,0.026,0.336,0.037,0.002,0.005,0.002,-50.615,-278.941,387.280,176.199,-7.178,-121.254,1,-0.0323,0.0279,-0.0284,0
19462296,0.015,0.341,0.046,0.003,0.005,0.002,-50.615,-278.941,387.280,176.199,-7.178,-121.254,1,-0.0323,0.0279,-0.0284,0
19462375,0.037,0.327,0.041,0.002,0.004,0.001,-50.615,-278.941,387.280,176.199,-7.178,-121.254,1,-0.0323,0.0279,-0.0284,0
19462453,0.044,0.323,0.031,0.002,0.004,0.001,-50.615,-278.941,387.280,176.199,-7.178,-121.254,1,-0.0323,0.0279,-0.0284,0
19462562,0.010,0.327,0.041,0.002,0.004,0.001,-50.615,-278.941,387.280,176.199,-7.178,-121.254,1,-0.0323,0.0279,-0.0284,0
19462671,0.037,0.337,0.079,0.002,0.004,0.000,-50.615,-278.941,387.280,176.199,-7.178,-121.254,1,-0.0323,0.0279,-0.0284,0
19462812,0.027,0.346,0.042,0.002,0.004,0.001,-50.615,-278.941,387.280,176.199,-7.178,-121.254,1,-0.0323,0.0279,-0.0284,0
19462859,0.020,0.359,0.056,0.003,0.004,0.002,-50.615,-278.941,387.280,176.199,-7.178,-121.254,1,-0.0323,0.0279,-0.0284,0
19462906,0.036,0.344,0.060,0.003,0.004,0.001,-50.615,-278.941,387.280,176.199,-7.178,-121.254,1,-0.0323,0.0279,-0.0284,0
19462984,0.017,0.356,0.033,0.003,0.005,0.002,-50.615,-278.941,387.280,176.199,-7.178,-121.254,1,-0.0323,0.0279,-0.0284,0
19463125,0.032,0.321,0.072,0.002,0.004,0.001,-50.615,-278.941,387.280,176.199,-7.178,-121.254,1,-0.0323,0.0279,-0.0284,0
19463218,0.027,0.321,0.053,0.003,0.004,0.002,-50.615,-278.941,387.280,176.199,-7.178,-121.254,1,-0.0323,0.0279,-0.0284,0
19463328,0.036,0.328,0.043,0.002,0.004,0.000,-50.615,-278.941,387.280,176.199,-7.178,-121.254,1,-0.0323,0.0279,-0.0284,0
19463406,0.026,0.321,0.029,0.002,0.004,0.002,-50.615,-278.941,387.280,176.199,-7.178,-121.254,1,-0.0323,0.0279,-0.0284,0
19463500,0.027,0.339,0.040,0.003,0.004,0.002,-50.615,-278.941,387.280,176.199,-7.178,-121.254,1,-0.0323,0.0279,-0.0284,0
19463578,0.034,0.333,0.045,0.002,0.004,0.002,-50.615,-278.941,387.280,176.199,-7.178,-121.254,1,-0.0323,0.0279,-0.0284,0
19463656,0.029,0.338,0.054,0.003,0.004,0.002,-50.615,-278.941,387.280,176.199,-7.178,-121.254,1,-0.0323,0.0279,-0.0284,0
19463765,0.042,0.334,0.046,0.002,0.004,0.001,-50.615,-278.941,387.280,176.199,-7.178,-121.254,1,-0.0323,0.0279,-0.0284,0
19463875,0.047,0.336,0.037,0.002,0.004,0.001,-50.615,-278.941,387.280,176.199,-7.178,-121.254,1,-0.0323,0.0279,-0.0284,0
19464000,0.059,0.337,0.046,0.002,0.003,0.000,-50.615,-278.941,387.280,176.199,-7.178,-121.254,1,-0.0323,0.0279,-0.0284,0
19464046,0.058,0.337,0.034,0.002,0.003,0.001,-50.615,-278.941,387.280,176.199,-7.178,-121.254,1,-0.0323,0.0279,-0.0284,0
19464093,0.049,0.333,0.047,0.002,0.003,0.000,-50.615,-278.941,387.280,176.199,-7.178,-121.254,1,-0.0323,0.0279,-0.0284,0
19464171,0.034,0.320,0.053,0.002,0.004,0.000,-50.615,-278.941,387.280,176.199,-7.178,-121.254,1,-0.0323,0.0279,-0.0284,0
19464312,0.045,0.326,0.052,0.002,0.003,0.001,-50.615,-278.941,387.280,176.199,-7.178,-121.254,1,-0.0323,0.0279,-0.0284,0
19464406,0.022,0.355,0.031,0.004,0.004,0.002,-50.615,-278.941,387.280,176.199,-7.178,-121.254,1,-0.0323,0.0279,-0.0284,0
19464515,0.033,0.340,0.079,0.002,0.004,-0.000,-50.615,-278.941,387.280,176.199,-7.178,-121.254,1,-0.0323,0.0279,-0.0284,0
19464593,0.036,0.338,0.049,0.002,0.004,0.001,-50.615,-278.941,387.280,176.199,-7.178,-121.254,1,-0.0323,0.0279,-0.0284,0
19464687,0.040,0.345,0.032,0.002,0.004,0.001,-50.615,-278.941,387.280,176.199,-7.178,-121.254,1,-0.0323,0.0279,-0.0284,0
19464765,0.045,0.363,0.025,0.003,0.003,0.001,-50.615,-278.941,387.280,176.199,-7.178,-121.254,1,-0.0323,0.0279,-0.0284,0
19464843,0.031,0.335,0.046,0.002,0.004,0.000,-50.615,-278.941,387.280,176.199,-7.178,-121.254,1,-0.0323,0.0279,-0.0284,0
19464953,0.044,0.331,0.038,0.002,0.003,-0.000,-50.615,-278.941,387.280,176.199,-7.178,-121.254,1,-0.0323,0.0279,-0.0284,0
19465062,0.040,0.333,0.032,0.002,0.004,0.000,-50.615,-278.941,387.280,176.199,-7.178,-121.254,1,-0.0323,0.0279,-0.0284,0
19465203,0.044,0.330,0.073,0.002,0.004,-0.001,-50.615,-278.941,387.280,176.199,-7.178,-121.254,1,-0.0323,0.0279,-0.0284,0
19465250,0.055,0.337,0.091,0.001,0.004,-0.001,-50.615,-278.941,387.280,176.199,-7.178,-121.254,1,-0.0323,0.0279,-0.0284,0
19465296,0.052,0.348,0.044,0.002,0.003,0.001,-50.615,-278.941,387.280,176.199,-7.178,-121.254,1,-0.0323,0.0279,-0.0284,0
19465375,0.034,0.347,0.041,0.002,0.004,0.001,-50.615,-278.941,387.280,176.199,-7.178,-121.254,1,-0.0323,0.0279,-0.0284,0
19465515,0.041,0.331,0.074,0.001,0.004,-0.001,-50.615,-278.941,387.280,176.199,-7.178,-121.254,1,-0.0323,0.0279,-0.0284,0
19465609,0.032,0.332,0.023,0.002,0.004,0.001,-50.615,-278.941,387.280,176.199,-7.178,-121.254,1,-0.0323,0.0279,-0.0284,0
19465718,0.046,0.323,-0.003,0.002,0.004,0.001,-50.615,-278.941,387.280,176.199,-7.178,-121.254,1,-0.0323,0.0279,-0.0284,0
19465796,0.035,0.332,0.039,0.002,0.004,0.001,-50.615,-278.941,387.280,176.199,-7.178,-121.254,1,-0.0323,0.0279,-0.0284,0
19465890,0.048,0.318,0.049,0.001,0.003,0.001,-50.615,-278.941,387.280,176.199,-7.178,-121.254,1,-0.0323,0.0279,-0.0284,0
19465968,0.046,0.324,0.042,0.001,0.004,0.001,-50.615,-278.941,387.280,176.199,-7.178,-121.254,1,-0.0323,0.0279,-0.0284,0
19466046,0.053,0.328,0.067,0.001,0.004,-0.000,-50.615,-278.941,387.280,176.199,-7.178,-121.254,1,-0.0323,0.0279,-0.0284,0
19466156,0.037,0.324,0.077,0.001,0.004,-0.001,-50.615,-278.941,387.280,176.199,-7.178,-121.254,1,-0.0323,0.0279,-0.0284,0
19466250,0.026,0.334,0.012,0.002,0.004,0.000,-50.615,-278.941,387.280,176.199,-7.178,-121.254,1,-0.0323,0.0279,-0.0284,0
19466390,0.038,0.333,0.076,0.002,0.004,-0.001,-50.615,-278.941,387.280,176.199,-7.178,-121.254,1,-0.0323,0.0279,-0.0284,0
19466437,0.036,0.328,0.091,0.002,0.004,-0.001,-50.615,-278.941,387.280,176.199,-7.178,-121.254,1,-0.0323,0.0279,-0.0284,0
19466484,0.028,0.338,0.048,0.002,0.004,0.000,-50.615,-278.941,387.280,176.199,-7.178,-121.254,1,-0.0323,0.0279,-0.0284,0
19466562,0.030,0.334,0.061,0.002,0.004,0.000,-50.615,-278.941,387.280,176.199,-7.178,-121.254,1,-0.0323,0.0279,-0.0284,0
19466703,0.032,0.343,0.053,0.002,0.004,0.000,-50.615,-278.941,387.280,176.199,-7.178,-121.254,1,-0.0323,0.0279,-0.0284,0
19466812,0.040,0.350,0.022,0.002,0.004,0.002,-50.615,-278.941,387.280,176.199,-7.178,-121.254,1,-0.0323,0.0279,-0.0284,0
19466921,0.025,0.342,0.053,0.002,0.004,0.001,-50.615,-278.941,387.280,176.199,-7.178,-121.254,1,-0.0323,0.0279,-0.0284,0
19467000,0.026,0.354,0.053,0.002,0.004,0.001,-50.615,-278.941,387.280,176.199,-7.178,-121.254,1,-0.0323,0.0279,-0.0284,0
19467078,0.022,0.338,0.057,0.002,0.004,0.001,-50.615,-278.941,387.280,176.199,-7.178,-121.254,1,-0.0323,0.0279,-0.0284,0
19467156,0.028,0.333,0.055,0.002,0.004,0.000,-50.615,-278.941,387.280,176.199,-7.178,-121.254,1,-0.0323,0.0279,-0.0284,0
19467234,0.022,0.345,0.049,0.002,0.004,0.001,-50.615,-278.941,387.280,176.199,-7.178,-121.254,1,-0.0323,0.0279,-0.0284,0
19467343,0.012,0.344,0.041,0.003,0.004,0.001,-50.615,-278.941,387.280,176.199,-7.178,-121.254,1,-0.0323,0.0279,-0.0284,0
19467453,0.025,0.328,0.061,0.002,0.004,-0.000,-50.615,-278.941,387.280,176.199,-7.178,-121.254,1,-0.0323,0.0279,-0.0284,0
19467593,0.029,0.336,0.037,0.002,0.004,0.001,-50.615,-278.941,387.280,176.199,-7.178,-121.254,1,-0.0323,0.0279,-0.0284,0
19467640,0.039,0.339,0.057,0.002,0.004,0.001,-50.615,-278.941,387.280,176.199,-7.178,-121.254,1,-0.0323,0.0279,-0.0284,0
19467687,0.032,0.343,0.057,0.002,0.004,0.002,-50.615,-278.941,387.280,176.199,-7.178,-121.254,1,-0.0323,0.0279,-0.0284,0
19467765,0.022,0.335,0.032,0.002,0.004,0.001,-50.615,-278.941,387.280,176.199,-7.178,-121.254,1,-0.0323,0.0279,-0.0284,0
19467921,0.026,0.325,0.068,0.002,0.004,-0.000,-50.615,-278.941,387.280,176.199,-7.178,-121.254,1,-0.0323,0.0279,-0.0284,0
19468015,0.021,0.334,0.031,0.002,0.004,0.001,-50.615,-278.941,387.280,176.199,-7.178,-121.254,1,-0.0323,0.0279,-0.0284,0
19468125,0.021,0.328,0.066,0.002,0.004,0.001,-50.615,-278.941,387.280,176.199,-7.178,-121.254,1,-0.0323,0.0279,-0.0284,0
19468203,0.026,0.324,0.062,0.002,0.004,0.000,-50.615,-278.941,387.280,176.199,-7.178,-121.254,1,-0.0323,0.0279,-0.0284,0
19468296,0.016,0.333,0.032,0.002,0.004,0.002,-50.615,-278.941,387.280,176.199,-7.178,-121.254,1,-0.0323,0.0279,-0.0284,0
19468375,0.021,0.333,0.025,0.002,0.004,0.001,-50.615,-278.941,387.280,176.199,-7.178,-121.254,1,-0.0323,0.0279,-0.0284,0
19468453,0.028,0.334,0.076,0.002,0.004,0.000,-50.615,-278.941,387.280,176.199,-7.178,-121.254,1,-0.0323,0.0279,-0.0284,0
19468562,0.024,0.352,0.067,0.003,0.004,0.001,-50.615,-278.941,387.280,176.199,-7.178,-121.254,1,-0.0323,0.0279,-0.0284,0
19468656,0.017,0.336,0.027,0.002,0.004,0.002,-50.615,-278.941,387.280,176.199,-7.178,-121.254,1,-0.0323,0.0279,-0.0284,0
19468812,0.034,0.337,0.036,0.002,0.004,0.001,-50.615,-278.941,387.280,176.199,-7.178,-121.254,1,-0.0323,0.0279,-0.0284,0
19468859,0.010,0.341,0.016,0.003,0.004,0.002,-50.615,-278.941,387.280,176.199,-7.178,-121.254,1,-0.0323,0.0279,-0.0284,0
19468906,0.031,0.332,0.044,0.002,0.004,0.001,-50.615,-278.941,387.280,176.199,-7.178,-121.254,1,-0.0323,0.0279,-0.0284,0
19468984,0.024,0.332,0.031,0.002,0.004,0.002,-50.615,-278.941,387.280,176.199,-7.178,-121.254,1,-0.0323,0.0279,-0.0284,0
19469109,0.018,0.342,-0.010,0.003,0.004,0.002,-50.615,-278.941,387.280,176.199,-7.178,-121.254,1,-0.0323,0.0279,-0.0284,0
19469203,0.042,0.332,0.042,0.002,0.004,-0.001,-50.615,-278.941,387.280,176.199,-7.178,-121.254,1,-0.0323,0.0279,-0.0284,0
19469250,0.025,0.336,0.016,0.002,0.004,0.001,-50.615,-278.941,387.280,176.199,-7.178,-121.254,1,-0.0323,0.0279,-0.0284,0
19469328,0.033,0.325,0.081,0.002,0.004,-0.000,-50.615,-278.941,387.280,176.199,-7.178,-121.254,1,-0.0323,0.0279,-0.0284,0
19469406,0.025,0.327,0.065,0.003,0.004,0.001,-50.615,-278.941,387.280,176.199,-7.178,-121.254,1,-0.0323,0.0279,-0.0284,0
19469484,0.023,0.340,0.038,0.003,0.004,0.002,-50.615,-278.941,387.280,176.199,-7.178,-121.254,1,-0.0323,0.0279,-0.0284,0
19469578,0.042,0.337,0.045,0.002,0.004,0.000,-50.615,-278.941,387.280,176.199,-7.178,-121.254,1,-0.0323,0.0279,-0.0284,0
19469656,0.038,0.335,0.040,0.002,0.004,0.001,-50.615,-278.941,387.280,176.199,-7.178,-121.254,1,-0.0323,0.0279,-0.0284,0
19469765,0.033,0.336,0.056,0.002,0.004,0.001,-50.615,-278.941,387.280,176.199,-7.178,-121.254,1,-0.0323,0.0279,-0.0284,0
19469859,0.030,0.328,0.046,0.002,0.004,0.001,-50.615,-278.941,387.280,176.199,-7.178,-121.254,1,-0.0323,0.0279,-0.0284,0
19470000,0.038,0.326,0.044,0.002,0.004,0.001,-50.615,-278.941,387.280,176.199,-7.178,-121.254,1,-0.0323,0.0279,-0.0284,0
19470046,0.039,0.322,0.065,0.002,0.004,0.000,-50.615,-278.941,387.280,176.199,-7.178,-121.254,1,-0.0323,0.0279,-0.0284,0
19470093,0.039,0.320,0.065,0.002,0.004,-0.000,-50.615,-278.941,387.280,176.199,-7.178,-121.254,1,-0.0323,0.0279,-0.0284,0
19470171,0.031,0.335,0.034,0.002,0.004,0.002,-50.615,-278.941,387.280,176.199,-7.178,-121.254,1,-0.0323,0.0279,-0.0284,0
19470312,0.064,0.330,0.040,0.002,0.004,0.000,-50.615,-278.941,387.280,176.199,-7.178,-121.254,1,-0.0323,0.0279,-0.0284,0
19470406,0.050,0.322,0.079,0.001,0.003,-0.001,-50.615,-278.941,387.280,176.199,-7.178,-121.254,1,-0.0323,0.0279,-0.0284,0
19470515,0.023,0.332,0.025,0.003,0.004,0.003,-50.615,-278.941,387.280,176.199,-7.178,-121.254,1,-0.0323,0.0279,-0.0284,0
19470593,0.029,0.335,0.032,0.003,0.004,0.001,-50.615,-278.941,387.280,176.199,-7.178,-121.254,1,-0.0323,0.0279,-0.0284,0
19470687,0.031,0.324,0.043,0.002,0.004,0.000,-50.615,-278.941,387.280,176.199,-7.178,-121.254,1,-0.0323,0.0279,-0.0284,0
19470765,0.041,0.320,0.080,0.001,0.004,-0.001,-50.615,-278.941,387.280,176.199,-7.178,-121.254,1,-0.0323,0.0279,-0.0284,0
19470843,0.029,0.322,0.066,0.002,0.004,0.000,-50.615,-278.941,387.280,176.199,-7.178,-121.254,1,-0.0323,0.0279,-0.0284,0
19470953,0.042,0.355,0.021,0.002,0.003,0.001,-50.615,-278.941,387.280,176.199,-7.178,-121.254,1,-0.0323,0.0279,-0.0284,0
19471062,0.039,0.330,0.088,0.001,0.004,-0.001,-50.615,-278.941,387.280,176.199,-7.178,-121.254,1,-0.0323,0.0279,-0.0284,0
19471203,0.037,0.330,0.070,0.001,0.004,-0.001,-50.615,-278.941,387.280,176.199,-7.178,-121.254,1,-0.0323,0.0279,-0.0284,0
19471250,0.035,0.320,0.056,0.001,0.004,-0.001,-50.615,-278.941,387.280,176.199,-7.178,-121.254,1,-0.0323,0.0279,-0.0284,0
19471296,0.037,0.320,0.060,0.002,0.004,-0.000,-50.615,-278.941,387.280,176.199,-7.178,-121.254,1,-0.0323,0.0279,-0.0284,0
19471375,0.032,0.317,0.076,0.002,0.004,-0.001,-50.615,-278.941,387.280,176.199,-7.178,-121.254,1,-0.0323,0.0279,-0.0284,0
19471515,0.029,0.331,0.042,0.002,0.004,0.001,-50.615,-278.941,387.280,176.199,-7.178,-121.254,1,-0.0323,0.0279,-0.0284,0
19471609,0.031,0.333,0.033,0.002,0.004,0.001,-50.615,-278.941,387.280,176.199,-7.178,-121.254,1,-0.0323,0.0279,-0.0284,0
19471718,0.028,0.332,0.052,0.002,0.004,0.001,-50.615,-278.941,387.280,176.199,-7.178,-121.254,1,-0.0323,0.0279,-0.0284,0
19471796,0.012,0.315,0.108,0.002,0.004,-0.001,-50.615,-278.941,387.280,176.199,-7.178,-121.254,1,-0.0323,0.0279,-0.0284,0
19471890,0.036,0.326,0.055,0.002,0.004,0.000,-50.615,-278.941,387.280,176.199,-7.178,-121.254,1,-0.0323,0.0279,-0.0284,0
19471968,0.046,0.304,0.037,0.001,0.003,-0.000,-50.615,-278.941,387.280,176.199,-7.178,-121.254,1,-0.0323,0.0279,-0.0284,0
19472046,0.036,0.310,0.019,0.000,0.003,-0.000,-50.615,-278.941,387.280,176.199,-7.178,-121.254,1,-0.0323,0.0279,-0.0284,0
19472156,0.018,0.326,0.042,0.002,0.004,0.001,-50.615,-278.941,387.280,176.199,-7.178,-121.254,1,-0.0323,0.0279,-0.0284,0
19472250,0.023,0.308,0.096,0.002,0.004,0.000,-50.615,-278.941,387.280,176.199,-7.178,-121.254,1,-0.0323,0.0279,-0.0284,0
19472390,0.019,0.318,0.048,0.002,0.004,0.001,-50.615,-278.941,387.280,176.199,-7.178,-121.254,1,-0.0323,0.0279,-0.0284,0
19472437,0.019,0.317,0.061,0.002,0.004,-0.000,-50.615,-278.941,387.280,176.199,-7.178,-121.254,1,-0.0323,0.0279,-0.0284,0
19472484,0.023,0.325,0.059,0.002,0.004,0.000,-50.615,-278.941,387.280,176.199,-7.178,-121.254,1,-0.0323,0.0279,-0.0284,0
19472562,0.034,0.343,0.064,0.002,0.004,0.001,-50.615,-278.941,387.280,176.199,-7.178,-121.254,1,-0.0323,0.0279,-0.0284,0
19472703,0.018,0.339,0.089,0.002,0.004,0.001,-50.615,-278.941,387.280,176.199,-7.178,-121.254,1,-0.0323,0.0279,-0.0284,0
19472796,0.017,0.329,0.049,0.002,0.004,0.000,-50.615,-278.941,387.280,176.199,-7.178,-121.254,1,-0.0323,0.0279,-0.0284,0
19472906,0.006,0.329,0.044,0.002,0.005,0.000,-50.615,-278.941,387.280,176.199,-7.178,-121.254,1,-0.0323,0.0279,-0.0284,0
19472984,0.014,0.329,0.073,0.002,0.004,-0.000,-50.615,-278.941,387.280,176.199,-7.178,-121.254,1,-0.0323,0.0279,-0.0284,0
19473078,0.024,0.321,0.058,0.001,0.004,-0.000,-50.615,-278.941,387.280,176.199,-7.178,-121.254,1,-0.0323,0.0279,-0.0284,0
19473156,0.016,0.326,0.029,0.002,0.004,0.002,-50.615,-278.941,387.280,176.199,-7.178,-121.254,1,-0.0323,0.0279,-0.0284,0
19473234,0.022,0.335,0.033,0.002,0.004,0.001,-50.615,-278.941,387.280,176.199,-7.178,-121.254,1,-0.0323,0.0279,-0.0284,0
19473343,0.036,0.330,0.101,0.002,0.004,-0.001,-50.615,-278.941,387.280,176.199,-7.178,-121.254,1,-0.0323,0.0279,-0.0284,0
19473453,0.021,0.333,0.041,0.002,0.004,0.001,-50.615,-278.941,387.280,176.199,-7.178,-121.254,1,-0.0323,0.0279,-0.0284,0
19473593,0.032,0.307,0.084,0.002,0.004,-0.000,-50.615,-278.941,387.280,176.199,-7.178,-121.254,1,-0.0323,0.0279,-0.0284,0
19473640,0.018,0.318,0.062,0.002,0.004,0.001,-50.615,-278.941,387.280,176.199,-7.178,-121.254,1,-0.0323,0.0279,-0.0284,0
19473687,0.008,0.317,0.042,0.002,0.004,0.002,-50.615,-278.941,387.280,176.199,-7.178,-121.254,1,-0.0323,0.0279,-0.0284,0
19473765,0.024,0.315,0.046,0.002,0.004,0.001,-50.615,-278.941,387.280,176.199,-7.178,-121.254,1,-0.0323,0.0279,-0.0284,0
19473906,0.025,0.328,0.037,0.002,0.004,0.001,-50.615,-278.941,387.280,176.199,-7.178,-121.254,1,-0.0323,0.0279,-0.0284,0
19474000,0.019,0.328,0.051,0.002,0.004,0.002,-50.615,-278.941,387.280,176.199,-7.178,-121.254,1,-0.0323,0.0279,-0.0284,0
19474109,0.031,0.323,0.080,0.002,0.004,-0.000,-50.615,-278.941,387.280,176.199,-7.178,-121.254,1,-0.0323,0.0279,-0.0284,0
19474187,0.033,0.321,0.030,0.002,0.004,0.001,-50.615,-278.941,387.280,176.199,-7.178,-121.254,1,-0.0323,0.0279,-0.0284,0
19474281,0.026,0.323,0.047,0.002,0.004,0.001,-50.615,-278.941,387.280,176.199,-7.178,-121.254,1,-0.0323,0.0279,-0.0284,0
19474343,0.014,0.328,0.029,0.002,0.004,0.002,-50.615,-278.941,387.280,176.199,-7.178,-121.254,1,-0.0323,0.0279,-0.0284,0
19474421,0.011,0.326,0.038,0.003,0.004,0.002,-50.615,-278.941,387.280,176.199,-7.178,-121.254,1,-0.0323,0.0279,-0.0284,0
19474531,0.025,0.317,0.050,0.002,0.004,0.001,-50.615,-278.941,387.280,176.199,-7.178,-121.254,1,-0.0323,0.0279,-0.0284,0
19474640,0.022,0.318,0.048,0.002,0.004,0.001,-50.615,-278.941,387.280,176.199,-7.178,-121.254,1,-0.0323,0.0279,-0.0284,0
19474781,0.031,0.322,0.050,0.002,0.004,0.000,-50.615,-278.941,387.280,176.199,-7.178,-121.254,1,-0.0323,0.0279,-0.0284,0
19474828,0.016,0.340,0.035,0.003,0.004,0.002,-50.615,-278.941,387.280,176.199,-7.178,-121.254,1,-0.0323,0.0279,-0.0284,0
19474875,0.028,0.335,0.027,0.003,0.004,0.002,-50.615,-278.941,387.280,176.199,-7.178,-121.254,1,-0.0323,0.0279,-0.0284,0
19474953,0.008,0.344,0.026,0.003,0.005,0.002,-50.615,-278.941,387.280,176.199,-7.178,-121.254,1,-0.0323,0.0279,-0.0284,0
19475093,0.019,0.334,0.013,0.002,0.004,0.002,-50.615,-278.941,387.280,176.199,-7.178,-121.254,1,-0.0323,0.0279,-0.0284,0
19475187,0.042,0.335,0.029,0.002,0.004,0.001,-50.615,-278.941,387.280,176.199,-7.178,-121.254,1,-0.0323,0.0279,-0.0284,0
19475234,0.039,0.337,0.034,0.002,0.004,0.001,-50.615,-278.941,387.280,176.199,-7.178,-121.254,1,-0.0323,0.0279,-0.0284,0
19475312,0.026,0.332,0.035,0.003,0.004,0.002,-50.615,-278.941,387.280,176.199,-7.178,-121.254,1,-0.0323,0.0279,-0.0284,0
19475390,0.028,0.313,0.035,0.002,0.004,0.000,-50.615,-278.941,387.280,176.199,-7.178,-121.254,1,-0.0323,0.0279,-0.0284,0
19475468,0.027,0.323,0.041,0.002,0.004,0.001,-50.615,-278.941,387.280,176.199,-7.178,-121.254,1,-0.0323,0.0279,-0.0284,0
19475562,0.032,0.319,0.033,0.002,0.004,0.001,-50.615,-278.941,387.280,176.199,-7.178,-121.254,1,-0.0323,0.0279,-0.0284,0
19475640,0.038,0.319,0.045,0.002,0.004,0.001,-50.615,-278.941,387.280,176.199,-7.178,-121.254,1,-0.0323,0.0279,-0.0284,0
19475750,0.044,0.315,0.057,0.002,0.004,0.000,-50.615,-278.941,387.280,176.199,-7.178,-121.254,1,-0.0323,0.0279,-0.0284,0
19475843,0.047,0.317,0.043,0.002,0.004,0.000,-50.615,-278.941,387.280,176.199,-7.178,-121.254,1,-0.0323,0.0279,-0.0284,0
19475984,0.048,0.331,0.034,0.002,0.003,0.002,-50.615,-278.941,387.280,176.199,-7.178,-121.254,1,-0.0323,0.0279,-0.0284,0
19476031,0.045,0.316,0.052,0.001,0.003,0.001,-50.615,-278.941,387.280,176.199,-7.178,-121.254,1,-0.0323,0.0279,-0.0284,0
19476078,0.048,0.302,0.081,0.001,0.003,-0.001,-50.615,-278.941,387.280,176.199,-7.178,-121.254,1,-0.0323,0.0279,-0.0284,0
19476156,0.044,0.305,0.064,0.001,0.003,-0.001,-50.615,-278.941,387.280,176.199,-7.178,-121.254,1,-0.0323,0.0279,-0.0284,0
19476296,0.032,0.325,0.017,0.002,0.004,0.002,-50.615,-278.941,387.280,176.199,-7.178,-121.254,1,-0.0323,0.0279,-0.0284,0
19476390,0.034,0.310,0.030,0.002,0.004,0.001,-50.615,-278.941,387.280,176.199,-7.178,-121.254,1,-0.0323,0.0279,-0.0284,0
19476500,0.039,0.319,0.054,0.002,0.004,0.000,-50.615,-278.941,387.280,176.199,-7.178,-121.254,1,-0.0323,0.0279,-0.0284,0
19476578,0.047,0.349,0.021,0.002,0.003,0.001,-50.615,-278.941,387.280,176.199,-7.178,-121.254,1,-0.0323,0.0279,-0.0284,0
19476671,0.042,0.329,0.041,0.002,0.004,0.001,-50.615,-278.941,387.280,176.199,-7.178,-121.254,1,-0.0323,0.0279,-0.0284,0
19476750,0.052,0.339,0.056,0.002,0.003,-0.000,-50.615,-278.941,387.280,176.199,-7.178,-121.254,1,-0.0323,0.0279,-0.0284,0
19476828,0.042,0.315,0.060,0.001,0.003,-0.001,-50.615,-278.941,387.280,176.199,-7.178,-121.254,1,-0.0323,0.0279,-0.0284,0
19476937,0.023,0.316,0.014,0.001,0.004,0.001,-50.615,-278.941,387.280,176.199,-7.178,-121.254,1,-0.0323,0.0279,-0.0284,0
19477046,0.035,0.315,0.051,0.001,0.004,-0.000,-50.615,-278.941,387.280,176.199,-7.178,-121.254,1,-0.0323,0.0279,-0.0284,0
19477187,0.036,0.311,0.070,0.002,0.004,-0.000,-50.615,-278.941,387.280,176.199,-7.178,-121.254,1,-0.0323,0.0279,-0.0284,0
19477234,0.037,0.306,0.068,0.001,0.004,-0.000,-50.615,-278.941,387.280,176.199,-7.178,-121.254,1,-0.0323,0.0279,-0.0284,0
19477281,0.025,0.308,0.077,0.001,0.004,-0.000,-50.615,-278.941,387.280,176.199,-7.178,-121.254,1,-0.0323,0.0279,-0.0284,0
19477359,0.018,0.314,0.069,0.002,0.004,-0.000,-50.615,-278.941,387.280,176.199,-7.178,-121.254,1,-0.0323,0.0279,-0.0284,0
19477500,0.036,0.320,0.036,0.002,0.004,0.001,-50.615,-278.941,387.280,176.199,-7.178,-121.254,1,-0.0323,0.0279,-0.0284,0
19477593,0.030,0.326,0.067,0.002,0.004,0.000,-50.615,-278.941,387.280,176.199,-7.178,-121.254,1,-0.0323,0.0279,-0.0284,0
19477703,0.030,0.306,0.023,0.001,0.004,0.001,-50.615,-278.941,387.280,176.199,-7.178,-121.254,1,-0.0323,0.0279,-0.0284,0
19477781,0.035,0.311,0.044,0.001,0.004,0.000,-50.615,-278.941,387.280,176.199,-7.178,-121.254,1,-0.0323,0.0279,-0.0284,0
19477875,0.028,0.312,0.071,0.002,0.004,-0.000,-50.615,-278.941,387.280,176.199,-7.178,-121.254,1,-0.0323,0.0279,-0.0284,0
19477953,0.018,0.317,0.063,0.001,0.004,-0.000,-50.615,-278.941,387.280,176.199,-7.178,-121.254,1,-0.0323,0.0279,-0.0284,0
19478031,0.023,0.326,0.030,0.002,0.004,0.001,-50.615,-278.941,387.280,176.199,-7.178,-121.254,1,-0.0323,0.0279,-0.0284,0
19478140,0.024,0.293,0.080,0.001,0.004,-0.000,-50.615,-278.941,387.280,176.199,-7.178,-121.254,1,-0.0323,0.0279,-0.0284,0
19478250,0.035,0.316,0.067,0.001,0.004,0.000,-50.615,-278.941,387.280,176.199,-7.178,-121.254,1,-0.0323,0.0279,-0.0284,0
19478390,0.021,0.327,0.059,0.002,0.003,0.002,-50.615,-278.941,387.280,176.199,-7.178,-121.254,1,-0.0323,0.0279,-0.0284,0
19478437,0.022,0.324,0.044,0.002,0.004,0.001,-50.615,-278.941,387.280,176.199,-7.178,-121.254,1,-0.0323,0.0279,-0.0284,0
19478484,0.022,0.318,0.047,0.002,0.004,0.002,-50.615,-278.941,387.280,176.199,-7.178,-121.254,1,-0.0323,0.0279,-0.0284,0
19478562,0.033,0.310,0.047,0.002,0.004,0.001,-50.615,-278.941,387.280,176.199,-7.178,-121.254,1,-0.0323,0.0279,-0.0284,0
19478703,0.025,0.310,0.062,0.001,0.004,0.000,-50.615,-278.941,387.280,176.199,-7.178,-121.254,1,-0.0323,0.0279,-0.0284,0
19478796,0.015,0.306,0.074,0.002,0.004,0.000,-50.615,-278.941,387.280,176.199,-7.178,-121.254,1,-0.0323,0.0279,-0.0284,0
19478906,0.040,0.323,-0.000,0.001,0.004,0.001,-50.615,-278.941,387.280,176.199,-7.178,-121.254,1,-0.0323,0.0279,-0.0284,0
19478968,0.035,0.333,0.045,0.002,0.003,0.001,-50.615,-278.941,387.280,176.199,-7.178,-121.254,1,-0.0323,0.0279,-0.0284,0
19479078,0.028,0.331,0.051,0.003,0.004,0.001,-50.615,-278.941,387.280,176.199,-7.178,-121.254,1,-0.0323,0.0279,-0.0284,0
19479140,0.017,0.333,0.057,0.003,0.004,0.001,-50.615,-278.941,387.280,176.199,-7.178,-121.254,1,-0.0323,0.0279,-0.0284,0
19479234,0.037,0.311,0.038,0.001,0.004,0.000,-50.615,-278.941,387.280,176.199,-7.178,-121.254,1,-0.0323,0.0279,-0.0284,0
19479328,0.014,0.330,0.021,0.002,0.004,0.002,-50.615,-278.941,387.280,176.199,-7.178,-121.254,1,-0.0323,0.0279,-0.0284,0
19479437,0.017,0.316,0.073,0.002,0.004,0.000,-50.615,-278.941,387.280,176.199,-7.178,-121.254,1,-0.0323,0.0279,-0.0284,0
19479578,0.029,0.291,0.077,0.002,0.004,0.000,-50.615,-278.941,387.280,176.199,-7.178,-121.254,1,-0.0323,0.0279,-0.0284,0
19479625,0.022,0.290,0.061,0.002,0.005,0.001,-50.615,-278.941,387.280,176.199,-7.178,-121.254,1,-0.0323,0.0279,-0.0284,0
19479671,0.028,0.303,0.037,0.002,0.004,0.002,-50.615,-278.941,387.280,176.199,-7.178,-121.254,1,-0.0323,0.0279,-0.0284,0
19479750,0.036,0.313,0.046,0.002,0.004,0.001,-50.615,-278.941,387.280,176.199,-7.178,-121.254,1,-0.0323,0.0279,-0.0284,0
19479890,0.024,0.319,0.043,0.003,0.004,0.002,-50.615,-278.941,387.280,176.199,-7.178,-121.254,1,-0.0323,0.0279,-0.0284,0
19479984,0.037,0.305,0.075,0.001,0.004,0.000,-50.615,-278.941,387.280,176.199,-7.178,-121.254,1,-0.0323,0.0279,-0.0284,0
19480093,0.044,0.313,0.041,0.002,0.003,0.001,-50.615,-278.941,387.280,176.199,-7.178,-121.254,1,-0.0323,0.0279,-0.0284,0
19480171,0.014,0.314,0.027,0.002,0.004,0.002,-50.615,-278.941,387.280,176.199,-7.178,-121.254,1,-0.0323,0.0279,-0.0284,0
19480265,0.018,0.308,0.054,0.002,0.004,0.001,-50.615,-278.941,387.280,176.199,-7.178,-121.254,1,-0.0323,0.0279,-0.0284,0
19480343,0.021,0.307,0.055,0.002,0.004,0.001,-50.615,-278.941,387.280,176.199,-7.178,-121.254,1,-0.0323,0.0279,-0.0284,0
19480421,0.035,0.304,0.052,0.001,0.004,-0.000,-50.615,-278.941,387.280,176.199,-7.178,-121.254,1,-0.0323,0.0279,-0.0284,0
19480531,0.019,0.328,0.034,0.002,0.004,0.002,-50.615,-278.941,387.280,176.199,-7.178,-121.254,1,-0.0323,0.0279,-0.0284,0
19480640,0.024,0.319,0.044,0.002,0.004,0.001,-50.615,-278.941,387.280,176.199,-7.178,-121.254,1,-0.0323,0.0279,-0.0284,0
19480781,-0.006,0.340,0.023,0.003,0.005,0.003,-50.615,-278.941,387.280,176.199,-7.178,-121.254,1,-0.0323,0.0279,-0.0284,0
19480828,0.023,0.329,0.041,0.003,0.004,0.001,-50.615,-278.941,387.280,176.199,-7.178,-121.254,1,-0.0323,0.0279,-0.0284,0
19480875,0.049,0.311,0.056,0.002,0.003,-0.000,-50.615,-278.941,387.280,176.199,-7.178,-121.254,1,-0.0323,0.0279,-0.0284,0
19480953,0.034,0.319,0.034,0.002,0.004,0.001,-50.615,-278.941,387.280,176.199,-7.178,-121.254,1,-0.0323,0.0279,-0.0284,0
19481093,0.011,0.314,0.013,0.003,0.004,0.003,-50.615,-278.941,387.280,176.199,-7.178,-121.254,1,-0.0323,0.0279,-0.0284,0
19481187,0.022,0.313,0.031,0.002,0.004,0.001,-50.615,-278.941,387.280,176.199,-7.178,-121.254,1,-0.0323,0.0279,-0.0284,0
19481234,0.029,0.312,0.055,0.002,0.004,0.000,-50.615,-278.941,387.280,176.199,-7.178,-121.254,1,-0.0323,0.0279,-0.0284,0
19481312,0.032,0.304,0.075,0.002,0.004,-0.000,-50.615,-278.941,387.280,176.199,-7.178,-121.254,1,-0.0323,0.0279,-0.0284,0
19481390,0.028,0.318,0.041,0.002,0.004,0.001,-50.615,-278.941,387.280,176.199,-7.178,-121.254,1,-0.0323,0.0279,-0.0284,0
19481468,0.027,0.326,0.023,0.003,0.004,0.003,-50.615,-278.941,387.280,176.199,-7.178,-121.254,1,-0.0323,0.0279,-0.0284,0
19481562,0.043,0.311,0.063,0.001,0.004,-0.000,-50.615,-278.941,387.280,176.199,-7.178,-121.254,1,-0.0323,0.0279,-0.0284,0
19481640,0.052,0.312,0.065,0.001,0.003,-0.000,-50.615,-278.941,387.280,176.199,-7.178,-121.254,1,-0.0323,0.0279,-0.0284,0
19481750,0.030,0.313,0.034,0.002,0.004,0.001,-50.615,-278.941,387.280,176.199,-7.178,-121.254,1,-0.0323,0.0279,-0.0284,0
19481843,0.023,0.309,0.024,0.002,0.004,0.002,-50.615,-278.941,387.280,176.199,-7.178,-121.254,1,-0.0323,0.0279,-0.0284,0
19481984,0.041,0.294,0.036,0.001,0.004,0.000,-50.615,-278.941,387.280,176.199,-7.178,-121.254,1,-0.0323,0.0279,-0.0284,0
19482031,0.030,0.300,0.030,0.001,0.004,0.001,-50.615,-278.941,387.280,176.199,-7.178,-121.254,1,-0.0323,0.0279,-0.0284,0
19482078,0.046,0.298,0.055,0.001,0.003,-0.000,-50.615,-278.941,387.280,176.199,-7.178,-121.254,1,-0.0323,0.0279,-0.0284,0
19482156,0.024,0.321,0.027,0.002,0.004,0.002,-50.615,-278.941,387.280,176.199,-7.178,-121.254,1,-0.0323,0.0279,-0.0284,0
19482296,0.034,0.312,0.036,0.002,0.004,0.001,-50.615,-278.941,387.280,176.199,-7.178,-121.254,1,-0.0323,0.0279,-0.0284,0
19482390,0.060,0.303,0.057,0.001,0.003,-0.001,-50.615,-278.941,387.280,176.199,-7.178,-121.254,1,-0.0323,0.0279,-0.0284,0
19482500,0.015,0.316,0.022,0.002,0.004,0.001,-50.615,-278.941,387.280,176.199,-7.178,-121.254,1,-0.0323,0.0279,-0.0284,0
19482578,0.021,0.317,0.028,0.002,0.004,0.001,-50.615,-278.941,387.280,176.199,-7.178,-121.254,1,-0.0323,0.0279,-0.0284,0
19482671,0.035,0.303,0.083,0.001,0.004,-0.001,-50.615,-278.941,387.280,176.199,-7.178,-121.254,1,-0.0323,0.0279,-0.0284,0
19482750,0.029,0.310,0.053,0.001,0.004,-0.000,-50.615,-278.941,387.280,176.199,-7.178,-121.254,1,-0.0323,0.0279,-0.0284,0
19482828,0.025,0.316,0.031,0.002,0.004,0.001,-50.615,-278.941,387.280,176.199,-7.178,-121.254,1,-0.0323,0.0279,-0.0284,0
19482937,0.035,0.319,0.051,0.002,0.004,-0.000,-50.615,-278.941,387.280,176.199,-7.178,-121.254,1,-0.0323,0.0279,-0.0284,0
19483031,0.046,0.321,0.046,0.001,0.003,-0.001,-50.615,-278.941,387.280,176.199,-7.178,-121.254,1,-0.0323,0.0279,-0.0284,0
19483171,0.018,0.295,0.052,0.001,0.004,0.000,-50.615,-278.941,387.280,176.199,-7.178,-121.254,1,-0.0323,0.0279,-0.0284,0
19483218,0.018,0.293,0.027,0.001,0.004,0.001,-50.615,-278.941,387.280,176.199,-7.178,-121.254,1,-0.0323,0.0279,-0.0284,0
19483265,0.019,0.304,0.039,0.001,0.004,0.001,-50.615,-278.941,387.280,176.199,-7.178,-121.254,1,-0.0323,0.0279,-0.0284,0
19483343,0.034,0.300,0.069,0.001,0.004,-0.001,-50.615,-278.941,387.280,176.199,-7.178,-121.254,1,-0.0323,0.0279,-0.0284,0
19483484,0.032,0.304,0.046,0.001,0.004,-0.000,-50.615,-278.941,387.280,176.199,-7.178,-121.254,1,-0.0323,0.0279,-0.0284,0
19483578,0.031,0.311,-0.014,0.001,0.004,0.001,-50.615,-278.941,387.280,176.199,-7.178,-121.254,1,-0.0323,0.0279,-0.0284,0
19483687,0.034,0.308,0.034,0.001,0.004,0.001,-50.615,-278.941,387.280,176.199,-7.178,-121.254,1,-0.0323,0.0279,-0.0284,0
19483765,0.023,0.298,0.088,0.001,0.004,-0.001,-50.615,-278.941,387.280,176.199,-7.178,-121.254,1,-0.0323,0.0279,-0.0284,0
19483859,0.053,0.314,0.077,0.001,0.003,-0.000,-50.615,-278.941,387.280,176.199,-7.178,-121.254,1,-0.0323,0.0279,-0.0284,0
19483937,0.029,0.304,0.031,0.001,0.004,0.001,-50.615,-278.941,387.280,176.199,-7.178,-121.254,1,-0.0323,0.0279,-0.0284,0
19484015,0.030,0.296,0.059,0.001,0.004,0.000,-50.615,-278.941,387.280,176.199,-7.178,-121.254,1,-0.0323,0.0279,-0.0284,0
19484125,0.026,0.307,0.043,0.001,0.004,0.000,-50.615,-278.941,387.280,176.199,-7.178,-121.254,1,-0.0323,0.0279,-0.0284,0
19484234,0.020,0.305,0.031,0.001,0.004,0.001,-50.615,-278.941,387.280,176.199,-7.178,-121.254,1,-0.0323,0.0279,-0.0284,0
19484375,0.014,0.316,0.031,0.001,0.004,0.001,-50.615,-278.941,387.280,176.199,-7.178,-121.254,1,-0.0323,0.0279,-0.0284,0
19484421,0.011,0.310,0.051,0.001,0.004,0.000,-50.615,-278.941,387.280,176.199,-7.178,-121.254,1,-0.0323,0.0279,-0.0284,0
19484468,0.015,0.305,0.076,0.001,0.004,-0.000,-50.615,-278.941,387.280,176.199,-7.178,-121.254,1,-0.0323,0.0279,-0.0284,0
19484546,0.030,0.317,0.039,0.001,0.004,0.001,-50.615,-278.941,387.280,176.199,-7.178,-121.254,1,-0.0323,0.0279,-0.0284,0
19484687,0.021,0.321,0.031,0.001,0.004,0.001,-50.615,-278.941,387.280,176.199,-7.178,-121.254,1,-0.0323,0.0279,-0.0284,0
19484781,0.021,0.317,0.062,0.001,0.004,-0.000,-50.615,-278.941,387.280,176.199,-7.178,-121.254,1,-0.0323,0.0279,-0.0284,0
19484890,0.023,0.309,0.061,0.001,0.004,0.000,-50.615,-278.941,387.280,176.199,-7.178,-121.254,1,-0.0323,0.0279,-0.0284,0
19484968,0.027,0.309,0.033,0.001,0.004,0.000,-50.615,-278.941,387.280,176.199,-7.178,-121.254,1,-0.0323,0.0279,-0.0284,0
19485062,0.021,0.311,0.014,0.001,0.004,0.001,-50.615,-278.941,387.280,176.199,-7.178,-121.254,1,-0.0323,0.0279,-0.0284,0
19485140,0.009,0.309,0.086,0.001,0.004,-0.001,-50.615,-278.941,387.280,176.199,-7.178,-121.254,1,-0.0323,0.0279,-0.0284,0
19485218,0.011,0.309,0.045,0.001,0.004,0.001,-50.615,-278.941,387.280,176.199,-7.178,-121.254,1,-0.0323,0.0279,-0.0284,0
19485328,0.018,0.291,0.027,0.001,0.004,0.001,-50.615,-278.941,387.280,176.199,-7.178,-121.254,1,-0.0323,0.0279,-0.0284,0
19485437,0.011,0.338,0.067,0.002,0.004,0.001,-50.615,-278.941,387.280,176.199,-7.178,-121.254,1,-0.0323,0.0279,-0.0284,0
19485578,0.021,0.310,0.087,0.002,0.004,0.001,-50.615,-278.941,387.280,176.199,-7.178,-121.254,1,-0.0323,0.0279,-0.0284,0
19485625,0.022,0.319,0.039,0.002,0.004,0.001,-50.615,-278.941,387.280,176.199,-7.178,-121.254,1,-0.0323,0.0279,-0.0284,0
19485671,0.018,0.313,0.029,0.002,0.004,0.001,-50.615,-278.941,387.280,176.199,-7.178,-121.254,1,-0.0323,0.0279,-0.0284,0
19485750,0.022,0.324,0.015,0.002,0.004,0.001,-50.615,-278.941,387.280,176.199,-7.178,-121.254,1,-0.0323,0.0279,-0.0284,0
19485890,0.004,0.300,0.074,0.001,0.005,0.000,-50.615,-278.941,387.280,176.199,-7.178,-121.254,1,-0.0323,0.0279,-0.0284,0
19485984,0.036,0.327,0.066,0.001,0.004,-0.000,-50.615,-278.941,387.280,176.199,-7.178,-121.254,1,-0.0323,0.0279,-0.0284,0
19486093,0.011,0.325,0.053,0.002,0.004,0.001,-50.615,-278.941,387.280,176.199,-7.178,-121.254,1,-0.0323,0.0279,-0.0284,0
19486171,0.022,0.330,0.069,0.002,0.004,0.001,-50.615,-278.941,387.280,176.199,-7.178,-121.254,1,-0.0323,0.0279,-0.0284,0
19486265,0.011,0.332,0.034,0.002,0.004,0.001,-50.615,-278.941,387.280,176.199,-7.178,-121.254,1,-0.0323,0.0279,-0.0284,0
19486328,0.018,0.319,0.040,0.002,0.004,0.001,-50.615,-278.941,387.280,176.199,-7.178,-121.254,1,-0.0323,0.0279,-0.0284,0
19486406,0.001,0.327,0.056,0.002,0.005,0.001,-50.615,-278.941,387.280,176.199,-7.178,-121.254,1,-0.0323,0.0279,-0.0284,0
19486515,0.009,0.326,0.057,0.002,0.005,0.001,-50.615,-278.941,387.280,176.199,-7.178,-121.254,1,-0.0323,0.0279,-0.0284,0
19486625,-0.016,0.314,0.078,0.002,0.004,0.000,-50.615,-278.941,387.280,176.199,-7.178,-121.254,1,-0.0323,0.0279,-0.0284,0
19486765,0.013,0.338,0.035,0.002,0.004,0.001,-50.615,-278.941,387.280,176.199,-7.178,-121.254,1,-0.0323,0.0279,-0.0284,0
19486812,0.012,0.346,0.053,0.003,0.004,0.001,-50.615,-278.941,387.280,176.199,-7.178,-121.254,1,-0.0323,0.0279,-0.0284,0
19486859,0.005,0.345,0.045,0.003,0.004,0.001,-50.615,-278.941,387.280,176.199,-7.178,-121.254,1,-0.0323,0.0279,-0.0284,0
19486937,0.004,0.345,0.047,0.003,0.004,0.001,-50.615,-278.941,387.280,176.199,-7.178,-121.254,1,-0.0323,0.0279,-0.0284,0
19487078,0.020,0.327,0.024,0.002,0.004,0.000,-50.615,-278.941,387.280,176.199,-7.178,-121.254,1,-0.0323,0.0279,-0.0284,0
19487171,0.014,0.321,0.045,0.002,0.004,0.001,-50.615,-278.941,387.280,176.199,-7.178,-121.254,1,-0.0323,0.0279,-0.0284,0
19487281,0.026,0.330,0.054,0.001,0.004,0.000,-50.615,-278.941,387.280,176.199,-7.178,-121.254,1,-0.0323,0.0279,-0.0284,0
19487359,0.018,0.325,0.036,0.001,0.004,0.000,-50.615,-278.941,387.280,176.199,-7.178,-121.254,1,-0.0323,0.0279,-0.0284,0
19487453,0.029,0.332,0.040,0.002,0.004,0.001,-50.615,-278.941,387.280,176.199,-7.178,-121.254,1,-0.0323,0.0279,-0.0284,0
19487531,0.023,0.332,0.037,0.002,0.004,0.002,-50.615,-278.941,387.280,176.199,-7.178,-121.254,1,-0.0323,0.0279,-0.0284,0
19487609,0.009,0.333,0.034,0.002,0.004,0.002,-50.615,-278.941,387.280,176.199,-7.178,-121.254,1,-0.0323,0.0279,-0.0284,0
19487718,0.026,0.314,0.035,0.001,0.004,0.000,-50.615,-278.941,387.280,176.199,-7.178,-121.254,1,-0.0323,0.0279,-0.0284,0
19487828,0.023,0.327,0.030,0.002,0.004,0.001,-50.615,-278.941,387.280,176.199,-7.178,-121.254,1,-0.0323,0.0279,-0.0284,0
19487968,0.005,0.333,0.011,0.002,0.004,0.002,-50.615,-278.941,387.280,176.199,-7.178,-121.254,1,-0.0323,0.0279,-0.0284,0
19488015,0.024,0.327,0.025,0.002,0.004,0.001,-50.615,-278.941,387.280,176.199,-7.178,-121.254,1,-0.0323,0.0279,-0.0284,0
19488062,0.045,0.321,0.027,0.001,0.004,0.001,-50.615,-278.941,387.280,176.199,-7.178,-121.254,1,-0.0323,0.0279,-0.0284,0
19488140,-0.003,0.321,0.004,0.002,0.004,0.002,-50.615,-278.941,387.280,176.199,-7.178,-121.254,1,-0.0323,0.0279,-0.0284,0
19488296,0.002,0.338,0.025,0.003,0.004,0.002,-50.615,-278.941,387.280,176.199,-7.178,-121.254,1,-0.0323,0.0279,-0.0284,0
19488390,0.035,0.304,0.053,0.001,0.004,-0.000,-50.615,-278.941,387.280,176.199,-7.178,-121.254,1,-0.0323,0.0279,-0.0284,0
19488500,0.036,0.323,0.042,0.002,0.004,-0.000,-50.615,-278.941,387.280,176.199,-7.178,-121.254,1,-0.0323,0.0279,-0.0284,0
19488578,0.012,0.319,0.037,0.002,0.004,0.001,-50.615,-278.941,387.280,176.199,-7.178,-121.254,1,-0.0323,0.0279,-0.0284,0
19488671,0.026,0.324,0.036,0.002,0.004,0.001,-50.615,-278.941,387.280,176.199,-7.178,-121.254,1,-0.0323,0.0279,-0.0284,0
19488750,0.025,0.315,0.042,0.001,0.004,0.001,-50.615,-278.941,387.280,176.199,-7.178,-121.254,1,-0.0323,0.0279,-0.0284,0
19488828,0.030,0.322,0.051,0.001,0.004,0.000,-50.615,-278.941,387.280,176.199,-7.178,-121.254,1,-0.0323,0.0279,-0.0284,0
19488937,0.023,0.305,0.047,0.001,0.004,0.000,-50.615,-278.941,387.280,176.199,-7.178,-121.254,1,-0.0323,0.0279,-0.0284,0
19489046,0.022,0.307,0.017,0.002,0.004,0.001,-50.615,-278.941,387.280,176.199,-7.178,-121.254,1,-0.0323,0.0279,-0.0284,0
19489187,0.009,0.330,0.018,0.002,0.004,0.003,-50.615,-278.941,387.280,176.199,-7.178,-121.254,1,-0.0323,0.0279,-0.0284,0
19489234,0.026,0.314,0.029,0.002,0.004,0.001,-50.615,-278.941,387.280,176.199,-7.178,-121.254,1,-0.0323,0.0279,-0.0284,0
19489281,0.046,0.305,0.034,0.001,0.003,0.000,-50.615,-278.941,387.280,176.199,-7.178,-121.254,1,-0.0323,0.0279,-0.0284,0
19489359,0.032,0.314,0.048,0.001,0.004,0.000,-50.615,-278.941,387.280,176.199,-7.178,-121.254,1,-0.0323,0.0279,-0.0284,0
19489500,0.008,0.322,0.016,0.003,0.004,0.002,-50.615,-278.941,387.280,176.199,-7.178,-121.254,1,-0.0323,0.0279,-0.0284,0
19489593,0.053,0.315,0.046,0.001,0.003,0.000,-50.615,-278.941,387.280,176.199,-7.178,-121.254,1,-0.0323,0.0279,-0.0284,0
19489703,0.022,0.311,0.026,0.002,0.004,0.001,-50.615,-278.941,387.280,176.199,-7.178,-121.254,1,-0.0323,0.0279,-0.0284,0
19489781,0.012,0.314,0.009,0.002,0.004,0.002,-50.615,-278.941,387.280,176.199,-7.178,-121.254,1,-0.0323,0.0279,-0.0284,0
19489875,0.032,0.311,0.046,0.002,0.004,0.000,-50.615,-278.941,387.280,176.199,-7.178,-121.254,1,-0.0323,0.0279,-0.0284,0
19489953,0.027,0.319,0.034,0.001,0.004,-0.000,-50.615,-278.941,387.280,176.199,-7.178,-121.254,1,-0.0323,0.0279,-0.0284,0
19490031,0.032,0.315,0.075,0.001,0.004,-0.000,-50.615,-278.941,387.280,176.199,-7.178,-121.254,1,-0.0323,0.0279,-0.0284,0
19490140,0.031,0.323,0.020,0.002,0.004,0.002,-50.615,-278.941,387.280,176.199,-7.178,-121.254,1,-0.0323,0.0279,-0.0284,0
19490250,0.026,0.313,0.037,0.002,0.004,0.001,-50.615,-278.941,387.280,176.199,-7.178,-121.254,1,-0.0323,0.0279,-0.0284,0
19490390,0.031,0.298,0.043,0.001,0.004,-0.000,-50.615,-278.941,387.280,176.199,-7.178,-121.254,1,-0.0323,0.0279,-0.0284,0
19490437,0.022,0.309,0.019,0.001,0.004,0.001,-50.615,-278.941,387.280,176.199,-7.178,-121.254,1,-0.0323,0.0279,-0.0284,0
19490484,0.023,0.314,0.024,0.002,0.004,0.001,-50.615,-278.941,387.280,176.199,-7.178,-121.254,1,-0.0323,0.0279,-0.0284,0
19490562,0.026,0.315,0.019,0.002,0.004,0.002,-50.615,-278.941,387.280,176.199,-7.178,-121.254,1,-0.0323,0.0279,-0.0284,0
19490703,0.033,0.303,0.047,0.001,0.004,-0.000,-50.615,-278.941,387.280,176.199,-7.178,-121.254,1,-0.0323,0.0279,-0.0284,0
19490796,0.029,0.314,0.051,0.001,0.004,0.001,-50.615,-278.941,387.280,176.199,-7.178,-121.254,1,-0.0323,0.0279,-0.0284,0
19490843,0.022,0.327,0.016,0.002,0.004,0.003,-50.615,-278.941,387.280,176.199,-7.178,-121.254,1,-0.0323,0.0279,-0.0284,0
19490906,0.042,0.304,0.066,0.001,0.003,-0.000,-50.615,-278.941,387.280,176.199,-7.178,-121.254,1,-0.0323,0.0279,-0.0284,0
19490984,0.057,0.313,0.069,0.001,0.003,-0.000,-50.615,-278.941,387.280,176.199,-7.178,-121.254,1,-0.0323,0.0279,-0.0284,0
19491062,0.041,0.300,0.059,0.001,0.004,-0.000,-50.615,-278.941,387.280,176.199,-7.178,-121.254,1,-0.0323,0.0279,-0.0284,0
19491156,0.029,0.304,-0.022,0.002,0.004,0.003,-50.615,-278.941,387.280,176.199,-7.178,-121.254,1,-0.0323,0.0279,-0.0284,0
19491234,0.033,0.305,0.005,0.002,0.004,0.002,-50.615,-278.941,387.280,176.199,-7.178,-121.254,1,-0.0323,0.0279,-0.0284,0
19491359,0.030,0.305,0.074,0.001,0.004,-0.000,-50.615,-278.941,387.280,176.199,-7.178,-121.254,1,-0.0323,0.0279,-0.0284,0
19491453,0.034,0.312,0.065,0.001,0.004,-0.001,-50.615,-278.941,387.280,176.199,-7.178,-121.254,1,-0.0323,0.0279,-0.0284,0
19491593,0.043,0.324,0.052,0.001,0.004,0.000,-50.615,-278.941,387.280,176.199,-7.178,-121.254,1,-0.0323,0.0279,-0.0284,0
19491640,0.035,0.310,0.059,0.001,0.004,-0.000,-50.615,-278.941,387.280,176.199,-7.178,-121.254,1,-0.0323,0.0279,-0.0284,0
19491687,0.032,0.309,0.061,0.001,0.004,-0.000,-50.615,-278.941,387.280,176.199,-7.178,-121.254,1,-0.0323,0.0279,-0.0284,0
19491765,0.042,0.317,0.051,0.001,0.003,-0.000,-50.615,-278.941,387.280,176.199,-7.178,-121.254,1,-0.0323,0.0279,-0.0284,0
19491890,0.028,0.301,-0.002,0.001,0.004,0.001,-50.615,-278.941,387.280,176.199,-7.178,-121.254,1,-0.0323,0.0279,-0.0284,0
19491984,0.034,0.297,0.073,0.001,0.003,-0.001,-50.615,-278.941,387.280,176.199,-7.178,-121.254,1,-0.0323,0.0279,-0.0284,0
19492031,0.034,0.301,0.060,0.001,0.003,-0.001,-50.615,-278.941,387.280,176.199,-7.178,-121.254,1,-0.0323,0.0279,-0.0284,0
19492109,0.027,0.319,0.004,0.002,0.004,0.002,-50.615,-278.941,387.280,176.199,-7.178,-121.254,1,-0.0323,0.0279,-0.0284,0
19492187,0.044,0.310,0.024,0.001,0.004,0.001,-50.615,-278.941,387.280,176.199,-7.178,-121.254,1,-0.0323,0.0279,-0.0284,0
19492265,0.046,0.299,0.074,0.001,0.004,-0.001,-50.615,-278.941,387.280,176.199,-7.178,-121.254,1,-0.0323,0.0279,-0.0284,0
19492375,0.041,0.315,0.049,0.001,0.004,0.001,-50.615,-278.941,387.280,176.199,-7.178,-121.254,1,-0.0323,0.0279,-0.0284,0
19492437,0.044,0.318,0.030,0.001,0.003,0.002,-50.615,-278.941,387.280,176.199,-7.178,-121.254,1,-0.0323,0.0279,-0.0284,0
19492546,0.032,0.299,0.014,0.001,0.004,0.001,-50.615,-278.941,387.280,176.199,-7.178,-121.254,1,-0.0323,0.0279,-0.0284,0
19492640,0.041,0.285,0.063,0.001,0.004,-0.001,-50.615,-278.941,387.280,176.199,-7.178,-121.254,1,-0.0323,0.0279,-0.0284,0
19492781,0.025,0.321,0.049,0.002,0.004,0.001,-50.615,-278.941,387.280,176.199,-7.178,-121.254,1,-0.0323,0.0279,-0.0284,0
19492828,0.030,0.315,0.050,0.001,0.004,0.000,-50.615,-278.941,387.280,176.199,-7.178,-121.254,1,-0.0323,0.0279,-0.0284,0
19492875,0.032,0.306,0.071,0.001,0.004,-0.001,-50.615,-278.941,387.280,176.199,-7.178,-121.254,1,-0.0323,0.0279,-0.0284,0
19492953,0.032,0.317,0.034,0.001,0.004,0.001,-50.615,-278.941,387.280,176.199,-7.178,-121.254,1,-0.0323,0.0279,-0.0284,0
19493093,0.031,0.300,0.071,0.001,0.004,-0.000,-50.615,-278.941,387.280,176.199,-7.178,-121.254,1,-0.0323,0.0279,-0.0284,0
19493187,0.035,0.313,0.026,0.002,0.004,0.001,-50.615,-278.941,387.280,176.199,-7.178,-121.254,1,-0.0323,0.0279,-0.0284,0
19493296,0.029,0.310,0.006,0.002,0.004,0.002,-50.615,-278.941,387.280,176.199,-7.178,-121.254,1,-0.0323,0.0279,-0.0284,0
19493375,0.038,0.302,0.069,0.001,0.004,-0.001,-50.615,-278.941,387.280,176.199,-7.178,-121.254,1,-0.0323,0.0279,-0.0284,0
19493468,0.042,0.294,0.063,0.000,0.003,-0.001,-50.615,-278.941,387.280,176.199,-7.178,-121.254,1,-0.0323,0.0279,-0.0284,0
19493546,0.034,0.303,0.047,0.001,0.004,-0.000,-50.615,-278.941,387.280,176.199,-7.178,-121.254,1,-0.0323,0.0279,-0.0284,0
19493625,0.037,0.307,0.047,0.002,0.004,0.000,-50.615,-278.941,387.280,176.199,-7.178,-121.254,1,-0.0323,0.0279,-0.0284,0
19493734,0.054,0.319,0.006,0.002,0.004,0.002,-50.615,-278.941,387.280,176.199,-7.178,-121.254,1,-0.0323,0.0279,-0.0284,0
19493843,0.041,0.300,0.071,0.001,0.004,-0.001,-50.615,-278.941,387.280,176.199,-7.178,-121.254,1,-0.0323,0.0279,-0.0284,0
19493984,0.041,0.293,0.035,0.001,0.003,0.000,-50.615,-278.941,387.280,176.199,-7.178,-121.254,1,-0.0323,0.0279,-0.0284,0
19494031,0.039,0.293,0.051,0.001,0.003,-0.000,-50.615,-278.941,387.280,176.199,-7.178,-121.254,1,-0.0323,0.0279,-0.0284,0
19494078,0.041,0.301,0.049,0.001,0.003,-0.000,-50.615,-278.941,387.280,176.199,-7.178,-121.254,1,-0.0323,0.0279,-0.0284,0
19494156,0.052,0.291,0.041,0.000,0.004,0.000,-50.615,-278.941,387.280,176.199,-7.178,-121.254,1,-0.0323,0.0279,-0.0284,0
19494296,0.037,0.307,0.049,0.001,0.004,-0.000,-50.615,-278.941,387.280,176.199,-7.178,-121.254,1,-0.0323,0.0279,-0.0284,0
19494390,0.042,0.311,0.072,0.001,0.003,-0.001,-50.615,-278.941,387.280,176.199,-7.178,-121.254,1,-0.0323,0.0279,-0.0284,0
19494500,0.041,0.312,0.068,0.001,0.004,-0.000,-50.615,-278.941,387.280,176.199,-7.178,-121.254,1,-0.0323,0.0279,-0.0284,0
19494578,0.039,0.326,0.029,0.002,0.003,0.001,-50.615,-278.941,387.280,176.199,-7.178,-121.254,1,-0.0323,0.0279,-0.0284,0
19494671,0.030,0.303,0.004,0.001,0.004,0.001,-50.615,-278.941,387.280,176.199,-7.178,-121.254,1,-0.0323,0.0279,-0.0284,0
19494750,0.038,0.294,0.101,0.001,0.004,-0.002,-50.615,-278.941,387.280,176.199,-7.178,-121.254,1,-0.0323,0.0279,-0.0284,0
19494828,0.042,0.302,0.053,0.000,0.003,-0.000,-50.615,-278.941,387.280,176.199,-7.178,-121.254,1,-0.0323,0.0279,-0.0284,0
19494937,0.043,0.306,0.032,0.001,0.004,0.001,-50.615,-278.941,387.280,176.199,-7.178,-121.254,1,-0.0323,0.0279,-0.0284,0
19495046,0.052,0.319,0.019,0.001,0.003,0.001,-50.615,-278.941,387.280,176.199,-7.178,-121.254,1,-0.0323,0.0279,-0.0284,0
19495187,0.036,0.312,0.049,0.001,0.004,0.000,-50.615,-278.941,387.280,176.199,-7.178,-121.254,1,-0.0323,0.0279,-0.0284,0
19495234,0.034,0.304,0.062,0.001,0.004,-0.000,-50.615,-278.941,387.280,176.199,-7.178,-121.254,1,-0.0323,0.0279,-0.0284,0
19495281,0.038,0.295,0.038,0.001,0.004,0.001,-50.615,-278.941,387.280,176.199,-7.178,-121.254,1,-0.0323,0.0279,-0.0284,0
19495359,0.030,0.303,0.045,0.001,0.004,0.001,-50.615,-278.941,387.280,176.199,-7.178,-121.254,1,-0.0323,0.0279,-0.0284,0
19495500,0.032,0.303,0.056,0.001,0.004,0.000,-50.615,-278.941,387.280,176.199,-7.178,-121.254,1,-0.0323,0.0279,-0.0284,0
19495593,0.033,0.309,0.063,0.001,0.004,0.000,-50.615,-278.941,387.280,176.199,-7.178,-121.254,1,-0.0323,0.0279,-0.0284,0
19495703,0.036,0.326,0.024,0.002,0.004,0.001,-50.615,-278.941,387.280,176.199,-7.178,-121.254,1,-0.0323,0.0279,-0.0284,0
19495781,0.039,0.327,0.024,0.001,0.003,0.001,-50.615,-278.941,387.280,176.199,-7.178,-121.254,1,-0.0323,0.0279,-0.0284,0
19495875,0.039,0.315,0.066,0.001,0.004,-0.001,-50.615,-278.941,387.280,176.199,-7.178,-121.254,1,-0.0323,0.0279,-0.0284,0
19495953,0.035,0.302,0.043,0.001,0.004,0.000,-50.615,-278.941,387.280,176.199,-7.178,-121.254,1,-0.0323,0.0279,-0.0284,0
19496031,0.019,0.307,0.018,0.002,0.004,0.001,-50.615,-278.941,387.280,176.199,-7.178,-121.254,1,-0.0323,0.0279,-0.0284,0
19496140,0.032,0.300,0.045,0.001,0.004,-0.000,-50.615,-278.941,387.280,176.199,-7.178,-121.254,1,-0.0323,0.0279,-0.0284,0
19496250,0.031,0.314,0.041,0.001,0.004,0.000,-50.615,-278.941,387.280,176.199,-7.178,-121.254,1,-0.0323,0.0279,-0.0284,0
19496390,0.037,0.320,0.029,0.002,0.004,0.001,-50.615,-278.941,387.280,176.199,-7.178,-121.254,1,-0.0323,0.0279,-0.0284,0
19496437,0.027,0.307,0.083,0.001,0.004,-0.001,-50.615,-278.941,387.280,176.199,-7.178,-121.254,1,-0.0323,0.0279,-0.0284,0
19496484,0.031,0.309,0.047,0.001,0.004,0.001,-50.615,-278.941,387.280,176.199,-7.178,-121.254,1,-0.0323,0.0279,-0.0284,0
19496546,0.035,0.311,0.067,0.001,0.004,-0.000,-50.615,-278.941,387.280,176.199,-7.178,-121.254,1,-0.0323,0.0279,-0.0284,0
19496687,0.026,0.310,0.011,0.002,0.004,0.002,-50.615,-278.941,387.280,176.199,-7.178,-121.254,1,-0.0323,0.0279,-0.0284,0
19496781,0.027,0.298,0.061,0.001,0.004,0.000,-50.615,-278.941,387.280,176.199,-7.178,-121.254,1,-0.0323,0.0279,-0.0284,0
19496890,0.034,0.290,0.090,0.001,0.004,-0.001,-50.615,-278.941,387.280,176.199,-7.178,-121.254,1,-0.0323,0.0279,-0.0284,0
19496968,0.036,0.331,0.017,0.002,0.004,0.001,-50.615,-278.941,387.280,176.199,-7.178,-121.254,1,-0.0323,0.0279,-0.0284,0
19497062,0.029,0.322,0.020,0.002,0.004,0.001,-50.615,-278.941,387.280,176.199,-7.178,-121.254,1,-0.0323,0.0279,-0.0284,0
19497140,0.035,0.320,0.032,0.002,0.004,0.001,-50.615,-278.941,387.280,176.199,-7.178,-121.254,1,-0.0323,0.0279,-0.0284,0
19497218,0.040,0.308,0.087,0.001,0.004,-0.001,-50.615,-278.941,387.280,176.199,-7.178,-121.254,1,-0.0323,0.0279,-0.0284,0
19497328,0.032,0.308,0.067,0.001,0.003,-0.001,-50.615,-278.941,387.280,176.199,-7.178,-121.254,1,-0.0323,0.0279,-0.0284,0
19497437,0.033,0.310,0.067,0.002,0.004,0.000,-50.615,-278.941,387.280,176.199,-7.178,-121.254,1,-0.0323,0.0279,-0.0284,0
19497578,0.032,0.314,0.027,0.002,0.004,0.001,-50.615,-278.941,387.280,176.199,-7.178,-121.254,1,-0.0323,0.0279,-0.0284,0
19497625,0.037,0.312,0.068,0.002,0.004,-0.000,-50.615,-278.941,387.280,176.199,-7.178,-121.254,1,-0.0323,0.0279,-0.0284,0
19497671,0.046,0.310,0.067,0.001,0.004,-0.001,-50.615,-278.941,387.280,176.199,-7.178,-121.254,1,-0.0323,0.0279,-0.0284,0
19497750,0.043,0.313,0.058,0.001,0.004,0.000,-50.615,-278.941,387.280,176.199,-7.178,-121.254,1,-0.0323,0.0279,-0.0284,0
19497890,0.034,0.330,-0.007,0.002,0.004,0.002,-50.615,-278.941,387.280,176.199,-7.178,-121.254,1,-0.0323,0.0279,-0.0284,0
19497984,0.045,0.298,0.046,0.001,0.003,-0.000,-50.615,-278.941,387.280,176.199,-7.178,-121.254,1,-0.0323,0.0279,-0.0284,0
19498093,0.031,0.306,0.061,0.001,0.004,-0.000,-50.615,-278.941,387.280,176.199,-7.178,-121.254,1,-0.0323,0.0279,-0.0284,0
19498171,0.030,0.302,0.013,0.002,0.004,0.002,-50.615,-278.941,387.280,176.199,-7.178,-121.254,1,-0.0323,0.0279,-0.0284,0
19498265,0.030,0.325,0.035,0.002,0.004,0.001,-50.615,-278.941,387.280,176.199,-7.178,-121.254,1,-0.0323,0.0279,-0.0284,0
19498343,0.039,0.320,0.070,0.002,0.004,-0.001,-50.615,-278.941,387.280,176.199,-7.178,-121.254,1,-0.0323,0.0279,-0.0284,0
19498421,0.032,0.308,0.084,0.001,0.004,-0.001,-50.615,-278.941,387.280,176.199,-7.178,-121.254,1,-0.0323,0.0279,-0.0284,0
19498531,0.023,0.336,0.004,0.002,0.004,0.002,-50.615,-278.941,387.280,176.199,-7.178,-121.254,1,-0.0323,0.0279,-0.0284,0
19498640,0.012,0.303,0.038,0.002,0.004,0.001,-50.615,-278.941,387.280,176.199,-7.178,-121.254,1,-0.0323,0.0279,-0.0284,0
19498781,0.031,0.307,0.060,0.001,0.004,-0.000,-50.615,-278.941,387.280,176.199,-7.178,-121.254,1,-0.0323,0.0279,-0.0284,0
19498828,0.029,0.311,0.041,0.002,0.004,0.001,-50.615,-278.941,387.280,176.199,-7.178,-121.254,1,-0.0323,0.0279,-0.0284,0
19498875,0.035,0.309,0.058,0.002,0.004,0.000,-50.615,-278.941,387.280,176.199,-7.178,-121.254,1,-0.0323,0.0279,-0.0284,0
19498953,0.033,0.308,0.051,0.001,0.004,-0.000,-50.615,-278.941,387.280,176.199,-7.178,-121.254,1,-0.0323,0.0279,-0.0284,0
19499093,0.043,0.314,0.022,0.002,0.004,0.001,-50.615,-278.941,387.280,176.199,-7.178,-121.254,1,-0.0323,0.0279,-0.0284,0
19499187,0.040,0.317,0.065,0.001,0.003,-0.000,-50.615,-278.941,387.280,176.199,-7.178,-121.254,1,-0.0323,0.0279,-0.0284,0
19499296,0.034,0.300,0.063,0.001,0.004,-0.000,-50.615,-278.941,387.280,176.199,-7.178,-121.254,1,-0.0323,0.0279,-0.0284,0
19499375,0.019,0.313,0.018,0.002,0.004,0.002,-50.615,-278.941,387.280,176.199,-7.178,-121.254,1,-0.0323,0.0279,-0.0284,0
19499468,0.030,0.312,0.024,0.002,0.004,0.002,-50.615,-278.941,387.280,176.199,-7.178,-121.254,1,-0.0323,0.0279,-0.0284,0
19499546,0.034,0.308,0.070,0.002,0.004,-0.000,-50.615,-278.941,387.280,176.199,-7.178,-121.254,1,-0.0323,0.0279,-0.0284,0
19499625,0.029,0.323,0.052,0.002,0.004,0.000,-50.615,-278.941,387.280,176.199,-7.178,-121.254,1,-0.0323,0.0279,-0.0284,0
19499734,0.033,0.321,0.066,0.002,0.004,-0.000,-50.615,-278.941,387.280,176.199,-7.178,-121.254,1,-0.0323,0.0279,-0.0284,0
19499843,0.040,0.339,0.025,0.002,0.003,0.001,-50.615,-278.941,387.280,176.199,-7.178,-121.254,1,-0.0323,0.0279,-0.0284,0
19499984,0.042,0.326,0.056,0.002,0.004,-0.000,-50.615,-278.941,387.280,176.199,-7.178,-121.254,1,-0.0323,0.0279,-0.0284,0
19500031,0.032,0.317,0.042,0.002,0.004,0.000,-50.615,-278.941,387.280,176.199,-7.178,-121.254,1,-0.0323,0.0279,-0.0284,0
19500078,0.026,0.318,0.022,0.002,0.004,0.001,-50.615,-278.941,387.280,176.199,-7.178,-121.254,1,-0.0323,0.0279,-0.0284,0
19500156,0.020,0.333,0.012,0.003,0.004,0.003,-50.615,-278.941,387.280,176.199,-7.178,-121.254,1,-0.0323,0.0279,-0.0284,0
19500296,0.039,0.323,0.043,0.001,0.004,0.001,-50.615,-278.941,387.280,176.199,-7.178,-121.254,1,-0.0323,0.0279,-0.0284,0
19500390,0.052,0.329,0.025,0.002,0.003,0.001,-50.615,-278.941,387.280,176.199,-7.178,-121.254,1,-0.0323,0.0279,-0.0284,0
19500500,0.027,0.334,0.019,0.002,0.004,0.002,-50.615,-278.941,387.280,176.199,-7.178,-121.254,1,-0.0323,0.0279,-0.0284,0
19500578,0.052,0.335,0.006,0.002,0.004,0.001,-50.615,-278.941,387.280,176.199,-7.178,-121.254,1,-0.0323,0.0279,-0.0284,0
19500671,0.028,0.338,0.041,0.002,0.004,0.001,-50.615,-278.941,387.280,176.199,-7.178,-121.254,1,-0.0323,0.0279,-0.0284,0
19500750,0.026,0.335,0.047,0.003,0.004,0.001,-50.615,-278.941,387.280,176.199,-7.178,-121.254,1,-0.0323,0.0279,-0.0284,0
19500828,0.031,0.325,0.052,0.002,0.004,0.000,-50.615,-278.941,387.280,176.199,-7.178,-121.254,1,-0.0323,0.0279,-0.0284,0
19500937,0.030,0.332,0.053,0.002,0.004,0.000,-50.615,-278.941,387.280,176.199,-7.178,-121.254,1,-0.0323,0.0279,-0.0284,0
19501046,0.028,0.349,0.007,0.002,0.004,0.002,-50.615,-278.941,387.280,176.199,-7.178,-121.254,1,-0.0323,0.0279,-0.0284,0
19501187,0.016,0.354,-0.007,0.003,0.004,0.003,-50.615,-278.941,387.280,176.199,-7.178,-121.254,1,-0.0323,0.0279,-0.0284,0
19501234,0.006,0.332,0.011,0.003,0.005,0.003,-50.615,-278.941,387.280,176.199,-7.178,-121.254,1,-0.0323,0.0279,-0.0284,0
19501281,0.019,0.327,0.043,0.002,0.004,0.001,-50.615,-278.941,387.280,176.199,-7.178,-121.254,1,-0.0323,0.0279,-0.0284,0
19501359,0.034,0.327,0.062,0.002,0.004,0.000,-50.615,-278.941,387.280,176.199,-7.178,-121.254,1,-0.0323,0.0279,-0.0284,0
19501500,0.028,0.329,0.039,0.002,0.004,0.001,-50.615,-278.941,387.280,176.199,-7.178,-121.254,1,-0.0323,0.0279,-0.0284,0
19501593,0.034,0.331,0.115,0.002,0.004,-0.001,-50.615,-278.941,387.280,176.199,-7.178,-121.254,1,-0.0323,0.0279,-0.0284,0
19501703,0.008,0.343,0.018,0.003,0.004,0.003,-50.615,-278.941,387.280,176.199,-7.178,-121.254,1,-0.0323,0.0279,-0.0284,0
19501781,0.042,0.332,0.040,0.002,0.004,0.001,-50.615,-278.941,387.280,176.199,-7.178,-121.254,1,-0.0323,0.0279,-0.0284,0
19501875,0.019,0.336,0.040,0.002,0.004,0.001,-50.615,-278.941,387.280,176.199,-7.178,-121.254,1,-0.0323,0.0279,-0.0284,0
19501953,0.020,0.329,0.056,0.002,0.004,0.000,-50.615,-278.941,387.280,176.199,-7.178,-121.254,1,-0.0323,0.0279,-0.0284,0
19502031,0.021,0.334,0.070,0.002,0.004,0.000,-50.615,-278.941,387.280,176.199,-7.178,-121.254,1,-0.0323,0.0279,-0.0284,0
19502140,0.016,0.335,0.020,0.002,0.004,0.002,-50.615,-278.941,387.280,176.199,-7.178,-121.254,1,-0.0323,0.0279,-0.0284,0
19502250,0.016,0.355,0.051,0.003,0.004,0.001,-50.615,-278.941,387.280,176.199,-7.178,-121.254,1,-0.0323,0.0279,-0.0284,0
19502390,0.008,0.332,0.039,0.002,0.005,0.002,-50.615,-278.941,387.280,176.199,-7.178,-121.254,1,-0.0323,0.0279,-0.0284,0
19502437,0.017,0.333,0.036,0.002,0.004,0.001,-50.615,-278.941,387.280,176.199,-7.178,-121.254,1,-0.0323,0.0279,-0.0284,0
19502484,0.022,0.330,0.048,0.002,0.004,0.001,-50.615,-278.941,387.280,176.199,-7.178,-121.254,1,-0.0323,0.0279,-0.0284,0
19502562,0.024,0.340,0.021,0.002,0.004,0.001,-50.615,-278.941,387.280,176.199,-7.178,-121.254,1,-0.0323,0.0279,-0.0284,0
19502718,0.017,0.333,0.027,0.003,0.004,0.002,-50.615,-278.941,387.280,176.199,-7.178,-121.254,1,-0.0323,0.0279,-0.0284,0
19502812,0.028,0.340,0.035,0.002,0.004,0.002,-50.615,-278.941,387.280,176.199,-7.178,-121.254,1,-0.0323,0.0279,-0.0284,0
19502921,0.008,0.341,-0.004,0.002,0.004,0.003,-50.615,-278.941,387.280,176.199,-7.178,-121.254,1,-0.0323,0.0279,-0.0284,0
19503000,0.024,0.338,0.023,0.002,0.004,0.001,-50.615,-278.941,387.280,176.199,-7.178,-121.254,1,-0.0323,0.0279,-0.0284,0
19503093,-0.006,0.341,0.022,0.003,0.005,0.002,-50.615,-278.941,387.280,176.199,-7.178,-121.254,1,-0.0323,0.0279,-0.0284,0
19503171,0.000,0.340,0.028,0.003,0.005,0.002,-50.615,-278.941,387.280,176.199,-7.178,-121.254,1,-0.0323,0.0279,-0.0284,0
19503250,-0.006,0.331,0.066,0.003,0.005,0.001,-50.615,-278.941,387.280,176.199,-7.178,-121.254,1,-0.0323,0.0279,-0.0284,0
19503359,0.029,0.329,0.062,0.001,0.004,-0.000,-50.615,-278.941,387.280,176.199,-7.178,-121.254,1,-0.0323,0.0279,-0.0284,0
19503468,0.017,0.346,0.047,0.002,0.004,0.001,-50.615,-278.941,387.280,176.199,-7.178,-121.254,1,-0.0323,0.0279,-0.0284,0
19503609,0.020,0.345,0.054,0.002,0.004,0.000,-50.615,-278.941,387.280,176.199,-7.178,-121.254,1,-0.0323,0.0279,-0.0284,0
19503656,0.033,0.321,0.043,0.001,0.004,0.000,-50.615,-278.941,387.280,176.199,-7.178,-121.254,1,-0.0323,0.0279,-0.0284,0
19503703,0.031,0.328,0.041,0.002,0.004,0.000,-50.615,-278.941,387.280,176.199,-7.178,-121.254,1,-0.0323,0.0279,-0.0284,0
19503781,0.014,0.324,0.051,0.001,0.004,0.001,-50.615,-278.941,387.280,176.199,-7.178,-121.254,1,-0.0323,0.0279,-0.0284,0
19503921,0.016,0.323,0.081,0.002,0.004,-0.000,-50.615,-278.941,387.280,176.199,-7.178,-121.254,1,-0.0323,0.0279,-0.0284,0
19504015,0.021,0.328,0.042,0.002,0.004,0.001,-50.615,-278.941,387.280,176.199,-7.178,-121.254,1,-0.0323,0.0279,-0.0284,0
19504125,0.022,0.339,0.028,0.002,0.004,0.001,-50.615,-278.941,387.280,176.199,-7.178,-121.254,1,-0.0323,0.0279,-0.0284,0
19504187,0.026,0.351,0.052,0.002,0.004,0.001,-50.615,-278.941,387.280,176.199,-7.178,-121.254,1,-0.0323,0.0279,-0.0284,0
19504296,0.023,0.333,0.055,0.002,0.004,0.000,-50.615,-278.941,387.280,176.199,-7.178,-121.254,1,-0.0323,0.0279,-0.0284,0
19504375,0.011,0.346,0.038,0.002,0.004,0.001,-50.615,-278.941,387.280,176.199,-7.178,-121.254,1,-0.0323,0.0279,-0.0284,0
19504453,0.013,0.342,0.028,0.002,0.004,0.001,-50.615,-278.941,387.280,176.199,-7.178,-121.254,1,-0.0323,0.0279,-0.0284,0
19504562,0.029,0.344,0.022,0.002,0.004,0.001,-50.615,-278.941,387.280,176.199,-7.178,-121.254,1,-0.0323,0.0279,-0.0284,0
19504656,0.023,0.334,0.059,0.002,0.004,-0.000,-50.615,-278.941,387.280,176.199,-7.178,-121.254,1,-0.0323,0.0279,-0.0284,0
19504796,0.034,0.356,0.085,0.002,0.004,-0.001,-50.615,-278.941,387.280,176.199,-7.178,-121.254,1,-0.0323,0.0279,-0.0284,0
19504843,0.035,0.345,0.063,0.002,0.004,-0.000,-50.615,-278.941,387.280,176.199,-7.178,-121.254,1,-0.0323,0.0279,-0.0284,0
19504890,0.035,0.330,0.020,0.002,0.004,0.001,-50.615,-278.941,387.280,176.199,-7.178,-121.254,1,-0.0323,0.0279,-0.0284,0
19504953,0.028,0.327,0.065,0.002,0.004,-0.000,-50.615,-278.941,387.280,176.199,-7.178,-121.254,1,-0.0323,0.0279,-0.0284,0
19505093,0.034,0.326,0.078,0.002,0.004,-0.001,-50.615,-278.941,387.280,176.199,-7.178,-121.254,1,-0.0323,0.0279,-0.0284,0
19505187,0.044,0.357,0.055,0.002,0.003,-0.001,-50.615,-278.941,387.280,176.199,-7.178,-121.254,1,-0.0323,0.0279,-0.0284,0
19505296,0.036,0.353,0.043,0.002,0.004,0.001,-50.615,-278.941,387.280,176.199,-7.178,-121.254,1,-0.0323,0.0279,-0.0284,0
19505375,0.028,0.358,0.047,0.002,0.004,0.000,-50.615,-278.941,387.280,176.199,-7.178,-121.254,1,-0.0323,0.0279,-0.0284,0
19505468,0.026,0.339,0.050,0.002,0.004,-0.000,-50.615,-278.941,387.280,176.199,-7.178,-121.254,1,-0.0323,0.0279,-0.0284,0
19505546,0.038,0.341,0.078,0.002,0.004,-0.001,-50.615,-278.941,387.280,176.199,-7.178,-121.254,1,-0.0323,0.0279,-0.0284,0
19505625,0.030,0.352,0.030,0.003,0.004,0.002,-50.615,-278.941,387.280,176.199,-7.178,-121.254,1,-0.0323,0.0279,-0.0284,0
19505734,0.039,0.343,0.047,0.002,0.004,0.000,-50.615,-278.941,387.280,176.199,-7.178,-121.254,1,-0.0323,0.0279,-0.0284,0
19505843,0.045,0.337,0.075,0.002,0.003,-0.002,-50.615,-278.941,387.280,176.199,-7.178,-121.254,1,-0.0323,0.0279,-0.0284,0
19505984,0.035,0.351,0.048,0.003,0.004,0.001,-50.615,-278.941,387.280,176.199,-7.178,-121.254,1,-0.0323,0.0279,-0.0284,0
19506031,0.037,0.355,0.040,0.003,0.004,0.001,-50.615,-278.941,387.280,176.199,-7.178,-121.254,1,-0.0323,0.0279,-0.0284,0
19506078,0.034,0.369,0.013,0.003,0.004,0.002,-50.615,-278.941,387.280,176.199,-7.178,-121.254,1,-0.0323,0.0279,-0.0284,0
19506156,0.045,0.320,0.035,0.001,0.003,0.000,-50.615,-278.941,387.280,176.199,-7.178,-121.254,1,-0.0323,0.0279,-0.0284,0
19506296,0.030,0.341,0.032,0.002,0.004,0.001,-50.615,-278.941,387.280,176.199,-7.178,-121.254,1,-0.0323,0.0279,-0.0284,0
19506390,0.024,0.362,0.004,0.003,0.004,0.002,-50.615,-278.941,387.280,176.199,-7.178,-121.254,1,-0.0323,0.0279,-0.0284,0
19506437,0.035,0.360,0.037,0.002,0.004,0.000,-50.615,-278.941,387.280,176.199,-7.178,-121.254,1,-0.0323,0.0279,-0.0284,0
19506515,0.039,0.372,0.030,0.003,0.003,0.001,-50.615,-278.941,387.280,176.199,-7.178,-121.254,1,-0.0323,0.0279,-0.0284,0
19506593,0.046,0.361,0.054,0.002,0.003,-0.000,-50.615,-278.941,387.280,176.199,-7.178,-121.254,1,-0.0323,0.0279,-0.0284,0
19506671,0.041,0.350,0.067,0.002,0.004,-0.000,-50.615,-278.941,387.280,176.199,-7.178,-121.254,1,-0.0323,0.0279,-0.0284,0
19506765,0.033,0.346,0.060,0.002,0.004,-0.000,-50.615,-278.941,387.280,176.199,-7.178,-121.254,1,-0.0323,0.0279,-0.0284,0
19506843,0.027,0.349,0.047,0.002,0.004,0.000,-50.615,-278.941,387.280,176.199,-7.178,-121.254,1,-0.0323,0.0279,-0.0284,0
19506953,0.028,0.345,0.051,0.002,0.004,0.001,-50.615,-278.941,387.280,176.199,-7.178,-121.254,1,-0.0323,0.0279,-0.0284,0
19507046,0.017,0.360,0.049,0.003,0.004,0.002,-50.615,-278.941,387.280,176.199,-7.178,-121.254,1,-0.0323,0.0279,-0.0284,0
19507187,0.042,0.345,0.034,0.002,0.004,0.001,-50.615,-278.941,387.280,176.199,-7.178,-121.254,1,-0.0323,0.0279,-0.0284,0
19507234,0.040,0.345,0.037,0.002,0.004,0.001,-50.615,-278.941,387.280,176.199,-7.178,-121.254,1,-0.0323,0.0279,-0.0284,0
19507281,0.030,0.348,0.042,0.002,0.004,0.001,-50.615,-278.941,387.280,176.199,-7.178,-121.254,1,-0.0323,0.0279,-0.0284,0
19507359,0.039,0.349,0.048,0.002,0.004,0.001,-50.615,-278.941,387.280,176.199,-7.178,-121.254,1,-0.0323,0.0279,-0.0284,0
19507500,0.030,0.332,0.055,0.002,0.004,0.000,-50.615,-278.941,387.280,176.199,-7.178,-121.254,1,-0.0323,0.0279,-0.0284,0
19507593,0.015,0.373,0.023,0.004,0.004,0.002,-50.615,-278.941,387.280,176.199,-7.178,-121.254,1,-0.0323,0.0279,-0.0284,0
19507703,0.008,0.373,0.036,0.004,0.004,0.002,-50.615,-278.941,387.280,176.199,-7.178,-121.254,1,-0.0323,0.0279,-0.0284,0
19507781,0.012,0.354,0.030,0.003,0.004,0.002,-50.615,-278.941,387.280,176.199,-7.178,-121.254,1,-0.0323,0.0279,-0.0284,0
19507875,0.028,0.344,0.064,0.002,0.004,0.000,-50.615,-278.941,387.280,176.199,-7.178,-121.254,1,-0.0323,0.0279,-0.0284,0
19507953,0.019,0.352,0.028,0.003,0.004,0.002,-50.615,-278.941,387.280,176.199,-7.178,-121.254,1,-0.0323,0.0279,-0.0284,0
19508031,0.029,0.345,0.029,0.002,0.004,0.001,-50.615,-278.941,387.280,176.199,-7.178,-121.254,1,-0.0323,0.0279,-0.0284,0
19508140,0.022,0.354,0.063,0.003,0.004,0.001,-50.615,-278.941,387.280,176.199,-7.178,-121.254,1,-0.0323,0.0279,-0.0284,0
19508250,0.027,0.358,0.046,0.003,0.004,0.002,-50.615,-278.941,387.280,176.199,-7.178,-121.254,1,-0.0323,0.0279,-0.0284,0
19508390,0.008,0.361,0.045,0.003,0.004,0.002,-50.615,-278.941,387.280,176.199,-7.178,-121.254,1,-0.0323,0.0279,-0.0284,0
19508437,0.020,0.353,0.046,0.002,0.004,0.001,-50.615,-278.941,387.280,176.199,-7.178,-121.254,1,-0.0323,0.0279,-0.0284,0
19508484,0.014,0.351,0.047,0.002,0.005,0.000,-50.615,-278.941,387.280,176.199,-7.178,-121.254,1,-0.0323,0.0279,-0.0284,0
19508562,0.026,0.344,0.052,0.002,0.004,0.000,-50.615,-278.941,387.280,176.199,-7.178,-121.254,1,-0.0323,0.0279,-0.0284,0
19508703,0.021,0.344,0.040,0.002,0.004,0.000,-50.615,-278.941,387.280,176.199,-7.178,-121.254,1,-0.0323,0.0279,-0.0284,0
19508796,0.006,0.353,0.060,0.002,0.004,0.001,-50.615,-278.941,387.280,176.199,-7.178,-121.254,1,-0.0323,0.0279,-0.0284,0
19508906,0.008,0.377,0.075,0.003,0.004,0.001,-50.615,-278.941,387.280,176.199,-7.178,-121.254,1,-0.0323,0.0279,-0.0284,0
19508984,0.023,0.345,0.029,0.002,0.004,0.001,-50.615,-278.941,387.280,176.199,-7.178,-121.254,1,-0.0323,0.0279,-0.0284,0
19509078,0.028,0.344,0.039,0.002,0.004,0.001,-50.615,-278.941,387.280,176.199,-7.178,-121.254,1,-0.0323,0.0279,-0.0284,0
19509156,0.013,0.341,0.057,0.002,0.005,0.002,-50.615,-278.941,387.280,176.199,-7.178,-121.254,1,-0.0323,0.0279,-0.0284,0
19509234,0.012,0.338,0.071,0.002,0.004,0.001,-50.615,-278.941,387.280,176.199,-7.178,-121.254,1,-0.0323,0.0279,-0.0284,0
19509343,0.023,0.342,0.042,0.002,0.004,0.001,-50.615,-278.941,387.280,176.199,-7.178,-121.254,1,-0.0323,0.0279,-0.0284,0
19509453,0.008,0.338,0.041,0.002,0.005,0.001,-50.615,-278.941,387.280,176.199,-7.178,-121.254,1,-0.0323,0.0279,-0.0284,0
19509593,0.032,0.360,0.081,0.003,0.004,0.000,-50.615,-278.941,387.280,176.199,-7.178,-121.254,1,-0.0323,0.0279,-0.0284,0
19509640,0.029,0.357,0.076,0.003,0.004,0.000,-50.615,-278.941,387.280,176.199,-7.178,-121.254,1,-0.0323,0.0279,-0.0284,0
19509687,0.025,0.350,0.032,0.002,0.004,0.001,-50.615,-278.941,387.280,176.199,-7.178,-121.254,1,-0.0323,0.0279,-0.0284,0
19509765,0.028,0.341,0.092,0.002,0.004,-0.001,-50.615,-278.941,387.280,176.199,-7.178,-121.254,1,-0.0323,0.0279,-0.0284,0
19509906,0.022,0.342,0.061,0.002,0.004,-0.000,-50.615,-278.941,387.280,176.199,-7.178,-121.254,1,-0.0323,0.0279,-0.0284,0
19510000,0.032,0.353,0.024,0.002,0.004,0.002,-50.615,-278.941,387.280,176.199,-7.178,-121.254,1,-0.0323,0.0279,-0.0284,0
19510109,0.032,0.348,0.046,0.002,0.004,0.001,-50.615,-278.941,387.280,176.199,-7.178,-121.254,1,-0.0323,0.0279,-0.0284,0
19510187,0.035,0.345,0.069,0.002,0.004,-0.000,-50.615,-278.941,387.280,176.199,-7.178,-121.254,1,-0.0323,0.0279,-0.0284,0
19510281,0.028,0.348,0.088,0.002,0.004,-0.000,-50.615,-278.941,387.280,176.199,-7.178,-121.254,1,-0.0323,0.0279,-0.0284,0
19510359,0.027,0.343,0.028,0.002,0.004,0.001,-50.615,-278.941,387.280,176.199,-7.178,-121.254,1,-0.0323,0.0279,-0.0284,0
19510437,0.024,0.330,0.045,0.002,0.004,0.000,-50.615,-278.941,387.280,176.199,-7.178,-121.254,1,-0.0323,0.0279,-0.0284,0
19510546,0.032,0.334,0.084,0.002,0.004,-0.001,-50.615,-278.941,387.280,176.199,-7.178,-121.254,1,-0.0323,0.0279,-0.0284,0
19510656,0.032,0.361,0.019,0.002,0.004,0.002,-50.615,-278.941,387.280,176.199,-7.178,-121.254,1,-0.0323,0.0279,-0.0284,0
19510796,0.030,0.360,0.013,0.003,0.004,0.002,-50.615,-278.941,387.280,176.199,-7.178,-121.254,1,-0.0323,0.0279,-0.0284,0
19510843,0.035,0.346,0.069,0.002,0.004,-0.001,-50.615,-278.941,387.280,176.199,-7.178,-121.254,1,-0.0323,0.0279,-0.0284,0
19510890,0.037,0.346,0.069,0.002,0.004,-0.000,-50.615,-278.941,387.280,176.199,-7.178,-121.254,1,-0.0323,0.0279,-0.0284,0
19510968,0.029,0.338,0.055,0.002,0.004,0.000,-50.615,-278.941,387.280,176.199,-7.178,-121.254,1,-0.0323,0.0279,-0.0284,0
19511109,0.028,0.332,0.039,0.002,0.004,0.000,-50.615,-278.941,387.280,176.199,-7.178,-121.254,1,-0.0323,0.0279,-0.0284,0
19511203,0.036,0.325,0.055,0.002,0.004,0.000,-50.615,-278.941,387.280,176.199,-7.178,-121.254,1,-0.0323,0.0279,-0.0284,0
19511312,0.034,0.332,0.071,0.002,0.004,-0.000,-50.615,-278.941,387.280,176.199,-7.178,-121.254,1,-0.0323,0.0279,-0.0284,0
19511390,0.039,0.352,0.013,0.002,0.003,0.002,-50.615,-278.941,387.280,176.199,-7.178,-121.254,1,-0.0323,0.0279,-0.0284,0
19511484,0.038,0.347,0.033,0.002,0.004,0.001,-50.615,-278.941,387.280,176.199,-7.178,-121.254,1,-0.0323,0.0279,-0.0284,0
19511562,0.033,0.337,0.038,0.002,0.004,0.001,-50.615,-278.941,387.280,176.199,-7.178,-121.254,1,-0.0323,0.0279,-0.0284,0
19511640,0.035,0.325,0.027,0.002,0.004,0.001,-50.615,-278.941,387.280,176.199,-7.178,-121.254,1,-0.0323,0.0279,-0.0284,0
19511750,0.043,0.309,0.056,0.001,0.003,-0.001,-50.615,-278.941,387.280,176.199,-7.178,-121.254,1,-0.0323,0.0279,-0.0284,0
19511843,0.030,0.336,0.038,0.002,0.004,-0.000,-50.615,-278.941,387.280,176.199,-7.178,-121.254,1,-0.0323,0.0279,-0.0284,0
19511984,0.017,0.354,0.014,0.003,0.004,0.003,-50.615,-278.941,387.280,176.199,-7.178,-121.254,1,-0.0323,0.0279,-0.0284,0
19512031,0.028,0.346,0.045,0.003,0.004,0.001,-50.615,-278.941,387.280,176.199,-7.178,-121.254,1,-0.0323,0.0279,-0.0284,0
19512078,0.037,0.336,0.074,0.002,0.004,-0.000,-50.615,-278.941,387.280,176.199,-7.178,-121.254,1,-0.0323,0.0279,-0.0284,0
19512156,0.034,0.341,0.052,0.002,0.004,0.000,-50.615,-278.941,387.280,176.199,-7.178,-121.254,1,-0.0323,0.0279,-0.0284,0
19512296,0.033,0.338,0.071,0.002,0.004,-0.000,-50.615,-278.941,387.280,176.199,-7.178,-121.254,1,-0.0323,0.0279,-0.0284,0
19512390,0.046,0.326,0.040,0.002,0.003,-0.001,-50.615,-278.941,387.280,176.199,-7.178,-121.254,1,-0.0323,0.0279,-0.0284,0
19512500,0.035,0.340,0.059,0.003,0.004,0.000,-50.615,-278.941,387.280,176.199,-7.178,-121.254,1,-0.0323,0.0279,-0.0284,0
19512578,0.034,0.338,0.041,0.002,0.004,0.001,-50.615,-278.941,387.280,176.199,-7.178,-121.254,1,-0.0323,0.0279,-0.0284,0
19512671,0.047,0.333,0.064,0.002,0.004,-0.000,-50.615,-278.941,387.280,176.199,-7.178,-121.254,1,-0.0323,0.0279,-0.0284,0
19512750,0.045,0.343,0.021,0.002,0.004,0.002,-50.615,-278.941,387.280,176.199,-7.178,-121.254,1,-0.0323,0.0279,-0.0284,0
19512828,0.025,0.340,0.022,0.002,0.004,0.002,-50.615,-278.941,387.280,176.199,-7.178,-121.254,1,-0.0323,0.0279,-0.0284,0
19512937,0.033,0.317,0.047,0.002,0.003,0.000,-50.615,-278.941,387.280,176.199,-7.178,-121.254,1,-0.0323,0.0279,-0.0284,0
19513046,0.038,0.336,0.033,0.002,0.004,0.001,-50.615,-278.941,387.280,176.199,-7.178,-121.254,1,-0.0323,0.0279,-0.0284,0
19513187,0.027,0.347,0.022,0.003,0.004,0.002,-50.615,-278.941,387.280,176.199,-7.178,-121.254,1,-0.0323,0.0279,-0.0284,0
19513234,0.020,0.350,0.004,0.003,0.004,0.003,-50.615,-278.941,387.280,176.199,-7.178,-121.254,1,-0.0323,0.0279,-0.0284,0
19513281,0.026,0.346,0.025,0.003,0.004,0.002,-50.615,-278.941,387.280,176.199,-7.178,-121.254,1,-0.0323,0.0279,-0.0284,0
19513359,0.040,0.334,0.050,0.002,0.004,0.000,-50.615,-278.941,387.280,176.199,-7.178,-121.254,1,-0.0323,0.0279,-0.0284,0
19513500,0.012,0.329,0.017,0.002,0.004,0.002,-50.615,-278.941,387.280,176.199,-7.178,-121.254,1,-0.0323,0.0279,-0.0284,0
19513593,0.026,0.320,0.060,0.002,0.004,0.000,-50.615,-278.941,387.280,176.199,-7.178,-121.254,1,-0.0323,0.0279,-0.0284,0
19513703,0.025,0.335,0.044,0.003,0.004,0.001,-50.615,-278.941,387.280,176.199,-7.178,-121.254,1,-0.0323,0.0279,-0.0284,0
19513781,0.026,0.332,0.050,0.002,0.004,0.001,-50.615,-278.941,387.280,176.199,-7.178,-121.254,1,-0.0323,0.0279,-0.0284,0
19513875,0.027,0.338,0.055,0.002,0.004,0.001,-50.615,-278.941,387.280,176.199,-7.178,-121.254,1,-0.0323,0.0279,-0.0284,0
19513953,0.029,0.336,0.038,0.002,0.004,0.001,-50.615,-278.941,387.280,176.199,-7.178,-121.254,1,-0.0323,0.0279,-0.0284,0
19514031,0.009,0.335,0.041,0.003,0.004,0.001,-50.615,-278.941,387.280,176.199,-7.178,-121.254,1,-0.0323,0.0279,-0.0284,0
19514140,-0.000,0.332,0.060,0.003,0.005,0.001,-50.615,-278.941,387.280,176.199,-7.178,-121.254,1,-0.0323,0.0279,-0.0284,0
19514250,0.024,0.326,0.050,0.002,0.004,0.000,-50.615,-278.941,387.280,176.199,-7.178,-121.254,1,-0.0323,0.0279,-0.0284,0
19514390,0.022,0.344,0.047,0.002,0.004,0.001,-50.615,-278.941,387.280,176.199,-7.178,-121.254,1,-0.0323,0.0279,-0.0284,0
19514437,0.018,0.336,0.030,0.003,0.004,0.002,-50.615,-278.941,387.280,176.199,-7.178,-121.254,1,-0.0323,0.0279,-0.0284,0
19514484,0.015,0.337,0.031,0.003,0.004,0.002,-50.615,-278.941,387.280,176.199,-7.178,-121.254,1,-0.0323,0.0279,-0.0284,0
19514562,0.022,0.334,0.046,0.002,0.004,0.001,-50.615,-278.941,387.280,176.199,-7.178,-121.254,1,-0.0323,0.0279,-0.0284,0
19514703,0.023,0.332,0.037,0.002,0.004,0.001,-50.615,-278.941,387.280,176.199,-7.178,-121.254,1,-0.0323,0.0279,-0.0284,0
19514796,0.016,0.330,0.051,0.002,0.004,0.000,-50.615,-278.941,387.280,176.199,-7.178,-121.254,1,-0.0323,0.0279,-0.0284,0
19514906,0.015,0.317,0.068,0.002,0.004,-0.000,-50.615,-278.941,387.280,176.199,-7.178,-121.254,1,-0.0323,0.0279,-0.0284,0
19514984,0.021,0.338,0.061,0.002,0.004,0.000,-50.615,-278.941,387.280,176.199,-7.178,-121.254,1,-0.0323,0.0279,-0.0284,0
19515078,0.014,0.342,0.034,0.002,0.004,0.001,-50.615,-278.941,387.280,176.199,-7.178,-121.254,1,-0.0323,0.0279,-0.0284,0
19515156,0.021,0.337,0.026,0.001,0.004,0.000,-50.615,-278.941,387.280,176.199,-7.178,-121.254,1,-0.0323,0.0279,-0.0284,0
19515234,0.016,0.337,0.054,0.002,0.004,0.001,-50.615,-278.941,387.280,176.199,-7.178,-121.254,1,-0.0323,0.0279,-0.0284,0
19515343,0.012,0.334,0.071,0.002,0.004,0.000,-50.615,-278.941,387.280,176.199,-7.178,-121.254,1,-0.0323,0.0279,-0.0284,0
19515453,0.016,0.337,0.027,0.002,0.004,0.001,-50.615,-278.941,387.280,176.199,-7.178,-121.254,1,-0.0323,0.0279,-0.0284,0
19515593,0.009,0.341,0.074,0.002,0.005,0.000,-50.615,-278.941,387.280,176.199,-7.178,-121.254,1,-0.0323,0.0279,-0.0284,0
19515640,0.022,0.353,0.080,0.003,0.004,0.000,-50.615,-278.941,387.280,176.199,-7.178,-121.254,1,-0.0323,0.0279,-0.0284,0
19515687,0.024,0.348,0.057,0.002,0.004,0.001,-50.615,-278.941,387.280,176.199,-7.178,-121.254,1,-0.0323,0.0279,-0.0284,0
19515765,0.021,0.341,0.024,0.002,0.004,0.001,-50.615,-278.941,387.280,176.199,-7.178,-121.254,1,-0.0323,0.0279,-0.0284,0
19515906,0.025,0.321,0.047,0.002,0.004,0.000,-50.615,-278.941,387.280,176.199,-7.178,-121.254,1,-0.0323,0.0279,-0.0284,0
19516000,0.027,0.328,0.060,0.002,0.004,-0.000,-50.615,-278.941,387.280,176.199,-7.178,-121.254,1,-0.0323,0.0279,-0.0284,0
19516109,0.027,0.348,0.017,0.002,0.004,0.001,-50.615,-278.941,387.280,176.199,-7.178,-121.254,1,-0.0323,0.0279,-0.0284,0
19516187,0.018,0.318,0.079,0.001,0.004,-0.000,-50.615,-278.941,387.280,176.199,-7.178,-121.254,1,-0.0323,0.0279,-0.0284,0
19516265,0.033,0.347,0.060,0.003,0.004,0.001,-50.615,-278.941,387.280,176.199,-7.178,-121.254,1,-0.0323,0.0279,-0.0284,0
19516343,0.034,0.334,0.045,0.002,0.004,0.000,-50.615,-278.941,387.280,176.199,-7.178,-121.254,1,-0.0323,0.0279,-0.0284,0
19516421,0.037,0.330,0.049,0.001,0.004,-0.000,-50.615,-278.941,387.280,176.199,-7.178,-121.254,1,-0.0323,0.0279,-0.0284,0
19516531,0.038,0.323,0.053,0.001,0.004,-0.001,-50.615,-278.941,387.280,176.199,-7.178,-121.254,1,-0.0323,0.0279,-0.0284,0
19516640,0.033,0.337,0.041,0.002,0.004,0.001,-50.615,-278.941,387.280,176.199,-7.178,-121.254,1,-0.0323,0.0279,-0.0284,0
19516781,0.032,0.330,0.063,0.001,0.004,-0.001,-50.615,-278.941,387.280,176.199,-7.178,-121.254,1,-0.0323,0.0279,-0.0284,0
19516828,0.044,0.338,0.068,0.002,0.003,-0.000,-50.615,-278.941,387.280,176.199,-7.178,-121.254,1,-0.0323,0.0279,-0.0284,0
19516875,0.035,0.341,0.058,0.002,0.004,0.000,-50.615,-278.941,387.280,176.199,-7.178,-121.254,1,-0.0323,0.0279,-0.0284,0
19516953,0.034,0.334,0.015,0.002,0.004,0.002,-50.615,-278.941,387.280,176.199,-7.178,-121.254,1,-0.0323,0.0279,-0.0284,0
19517093,0.038,0.320,0.075,0.001,0.004,-0.001,-50.615,-278.941,387.280,176.199,-7.178,-121.254,1,-0.0323,0.0279,-0.0284,0
19517187,0.055,0.296,0.059,0.000,0.004,-0.001,-50.615,-278.941,387.280,176.199,-7.178,-121.254,1,-0.0323,0.0279,-0.0284,0
19517296,0.036,0.353,0.017,0.003,0.004,0.001,-50.615,-278.941,387.280,176.199,-7.178,-121.254,1,-0.0323,0.0279,-0.0284,0
19517375,0.034,0.329,0.075,0.002,0.004,-0.001,-50.615,-278.941,387.280,176.199,-7.178,-121.254,1,-0.0323,0.0279,-0.0284,0
19517468,0.044,0.343,0.048,0.002,0.003,0.000,-50.615,-278.941,387.280,176.199,-7.178,-121.254,1,-0.0323,0.0279,-0.0284,0
19517546,0.042,0.342,0.056,0.002,0.004,0.000,-50.615,-278.941,387.280,176.199,-7.178,-121.254,1,-0.0323,0.0279,-0.0284,0
19517625,0.029,0.336,-0.005,0.002,0.004,0.002,-50.615,-278.941,387.280,176.199,-7.178,-121.254,1,-0.0323,0.0279,-0.0284,0
19517734,0.041,0.329,0.063,0.002,0.004,-0.001,-50.615,-278.941,387.280,176.199,-7.178,-121.254,1,-0.0323,0.0279,-0.0284,0
19517843,0.049,0.323,0.044,0.001,0.003,-0.000,-50.615,-278.941,387.280,176.199,-7.178,-121.254,1,-0.0323,0.0279,-0.0284,0
19517984,0.037,0.326,0.061,0.002,0.004,-0.001,-50.615,-278.941,387.280,176.199,-7.178,-121.254,1,-0.0323,0.0279,-0.0284,0
19518031,0.050,0.327,0.046,0.001,0.003,-0.000,-50.615,-278.941,387.280,176.199,-7.178,-121.254,1,-0.0323,0.0279,-0.0284,0
19518078,0.043,0.339,0.020,0.002,0.004,0.001,-50.615,-278.941,387.280,176.199,-7.178,-121.254,1,-0.0323,0.0279,-0.0284,0
19518156,0.048,0.339,0.051,0.002,0.004,0.000,-50.615,-278.941,387.280,176.199,-7.178,-121.254,1,-0.0323,0.0279,-0.0284,0
19518296,0.043,0.326,0.037,0.002,0.004,0.001,-50.615,-278.941,387.280,176.199,-7.178,-121.254,1,-0.0323,0.0279,-0.0284,0
19518390,0.033,0.319,0.057,0.002,0.004,0.001,-50.615,-278.941,387.280,176.199,-7.178,-121.254,1,-0.0323,0.0279,-0.0284,0
19518500,0.033,0.339,0.024,0.002,0.004,0.001,-50.615,-278.941,387.280,176.199,-7.178,-121.254,1,-0.0323,0.0279,-0.0284,0
19518578,0.038,0.331,0.035,0.002,0.004,0.001,-50.615,-278.941,387.280,176.199,-7.178,-121.254,1,-0.0323,0.0279,-0.0284,0
19518671,0.031,0.355,0.017,0.003,0.004,0.002,-50.615,-278.941,387.280,176.199,-7.178,-121.254,1,-0.0323,0.0279,-0.0284,0
19518750,0.037,0.329,0.086,0.002,0.004,-0.001,-50.615,-278.941,387.280,176.199,-7.178,-121.254,1,-0.0323,0.0279,-0.0284,0
19518828,0.041,0.342,0.063,0.002,0.003,-0.000,-50.615,-278.941,387.280,176.199,-7.178,-121.254,1,-0.0323,0.0279,-0.0284,0
19518937,0.018,0.338,0.033,0.002,0.004,0.002,-50.615,-278.941,387.280,176.199,-7.178,-121.254,1,-0.0323,0.0279,-0.0284,0
19519046,0.029,0.336,0.025,0.003,0.004,0.002,-50.615,-278.941,387.280,176.199,-7.178,-121.254,1,-0.0323,0.0279,-0.0284,0
19519187,0.038,0.333,0.042,0.002,0.004,0.000,-50.615,-278.941,387.280,176.199,-7.178,-121.254,1,-0.0323,0.0279,-0.0284,0
19519234,0.045,0.330,0.048,0.002,0.004,0.000,-50.615,-278.941,387.280,176.199,-7.178,-121.254,1,-0.0323,0.0279,-0.0284,0
19519281,0.038,0.337,0.039,0.002,0.003,0.001,-50.615,-278.941,387.280,176.199,-7.178,-121.254,1,-0.0323,0.0279,-0.0284,0
19519359,0.024,0.346,0.018,0.003,0.004,0.002,-50.615,-278.941,387.280,176.199,-7.178,-121.254,1,-0.0323,0.0279,-0.0284,0
19519500,0.044,0.336,0.048,0.002,0.004,0.001,-50.615,-278.941,387.280,176.199,-7.178,-121.254,1,-0.0323,0.0279,-0.0284,0
19519593,0.004,0.337,0.032,0.003,0.005,0.002,-50.615,-278.941,387.280,176.199,-7.178,-121.254,1,-0.0323,0.0279,-0.0284,0
19519703,0.030,0.347,0.040,0.003,0.004,0.001,-50.615,-278.941,387.280,176.199,-7.178,-121.254,1,-0.0323,0.0279,-0.0284,0
19519781,0.034,0.337,0.064,0.002,0.004,0.000,-50.615,-278.941,387.280,176.199,-7.178,-121.254,1,-0.0323,0.0279,-0.0284,0
19519875,0.032,0.329,0.046,0.002,0.004,0.000,-50.615,-278.941,387.280,176.199,-7.178,-121.254,1,-0.0323,0.0279,-0.0284,0
19519953,0.023,0.344,0.023,0.003,0.004,0.002,-50.615,-278.941,387.280,176.199,-7.178,-121.254,1,-0.0323,0.0279,-0.0284,0
19520031,0.027,0.335,0.028,0.002,0.004,0.002,-50.615,-278.941,387.280,176.199,-7.178,-121.254,1,-0.0323,0.0279,-0.0284,0
19520140,0.042,0.346,0.029,0.002,0.004,0.000,-50.615,-278.941,387.280,176.199,-7.178,-121.254,1,-0.0323,0.0279,-0.0284,0
19520250,0.034,0.321,0.073,0.002,0.004,-0.000,-50.615,-278.941,387.280,176.199,-7.178,-121.254,1,-0.0323,0.0279,-0.0284,0
19520390,0.027,0.346,0.035,0.003,0.004,0.002,-50.615,-278.941,387.280,176.199,-7.178,-121.254,1,-0.0323,0.0279,-0.0284,0
19520437,0.037,0.332,0.049,0.002,0.004,0.000,-50.615,-278.941,387.280,176.199,-7.178,-121.254,1,-0.0323,0.0279,-0.0284,0
19520484,0.033,0.339,0.042,0.002,0.004,0.001,-50.615,-278.941,387.280,176.199,-7.178,-121.254,1,-0.0323,0.0279,-0.0284,0
19520562,0.032,0.342,0.045,0.003,0.004,0.001,-50.615,-278.941,387.280,176.199,-7.178,-121.254,1,-0.0323,0.0279,-0.0284,0
19520703,0.008,0.342,0.039,0.002,0.004,0.002,-50.615,-278.941,387.280,176.199,-7.178,-121.254,1,-0.0323,0.0279,-0.0284,0
19520796,0.009,0.332,0.063,0.002,0.004,0.001,-50.615,-278.941,387.280,176.199,-7.178,-121.254,1,-0.0323,0.0279,-0.0284,0
19520906,0.044,0.329,0.040,0.001,0.003,-0.000,-50.615,-278.941,387.280,176.199,-7.178,-121.254,1,-0.0323,0.0279,-0.0284,0
19520984,0.025,0.323,0.071,0.002,0.004,-0.001,-50.615,-278.941,387.280,176.199,-7.178,-121.254,1,-0.0323,0.0279,-0.0284,0
19521078,0.031,0.333,0.019,0.002,0.004,0.001,-50.615,-278.941,387.280,176.199,-7.178,-121.254,1,-0.0323,0.0279,-0.0284,0
19521156,0.020,0.364,0.068,0.003,0.004,0.001,-50.615,-278.941,387.280,176.199,-7.178,-121.254,1,-0.0323,0.0279,-0.0284,0
19521234,0.024,0.342,0.060,0.002,0.004,0.001,-50.615,-278.941,387.280,176.199,-7.178,-121.254,1,-0.0323,0.0279,-0.0284,0
19521343,0.022,0.330,0.039,0.002,0.005,0.002,-50.615,-278.941,387.280,176.199,-7.178,-121.254,1,-0.0323,0.0279,-0.0284,0
19521453,0.017,0.313,0.051,0.002,0.005,0.002,-50.615,-278.941,387.280,176.199,-7.178,-121.254,1,-0.0323,0.0279,-0.0284,0
19521593,0.012,0.311,0.044,0.002,0.004,0.001,-50.615,-278.941,387.280,176.199,-7.178,-121.254,1,-0.0323,0.0279,-0.0284,0
19521640,0.015,0.317,0.054,0.002,0.004,0.001,-50.615,-278.941,387.280,176.199,-7.178,-121.254,1,-0.0323,0.0279,-0.0284,0
19521765,0.030,0.340,0.048,0.002,0.004,0.001,-50.615,-278.941,387.280,176.199,-7.178,-121.254,1,-0.0323,0.0279,-0.0284,0
19521890,0.022,0.339,0.029,0.002,0.004,0.001,-50.615,-278.941,387.280,176.199,-7.178,-121.254,1,-0.0323,0.0279,-0.0284,0
19522000,0.024,0.336,0.053,0.002,0.004,0.000,-50.615,-278.941,387.280,176.199,-7.178,-121.254,1,-0.0323,0.0279,-0.0284,0
19522109,0.017,0.328,0.058,0.002,0.004,0.000,-50.615,-278.941,387.280,176.199,-7.178,-121.254,1,-0.0323,0.0279,-0.0284,0
19522187,0.039,0.328,0.002,0.001,0.003,0.001,-50.615,-278.941,387.280,176.199,-7.178,-121.254,1,-0.0323,0.0279,-0.0284,0
19522281,0.019,0.325,0.040,0.002,0.004,0.001,-50.615,-278.941,387.280,176.199,-7.178,-121.254,1,-0.0323,0.0279,-0.0284,0
19522359,0.013,0.331,0.040,0.002,0.004,0.001,-50.615,-278.941,387.280,176.199,-7.178,-121.254,1,-0.0323,0.0279,-0.0284,0
19522437,0.030,0.334,0.066,0.002,0.004,0.000,-50.615,-278.941,387.280,176.199,-7.178,-121.254,1,-0.0323,0.0279,-0.0284,0
19522546,0.029,0.332,0.064,0.002,0.004,0.000,-50.615,-278.941,387.280,176.199,-7.178,-121.254,1,-0.0323,0.0279,-0.0284,0
19522656,0.035,0.306,0.053,0.001,0.004,0.001,-50.615,-278.941,387.280,176.199,-7.178,-121.254,1,-0.0323,0.0279,-0.0284,0
19522796,0.028,0.309,0.086,0.002,0.004,-0.000,-50.615,-278.941,387.280,176.199,-7.178,-121.254,1,-0.0323,0.0279,-0.0284,0
19522843,0.042,0.324,0.045,0.001,0.003,-0.000,-50.615,-278.941,387.280,176.199,-7.178,-121.254,1,-0.0323,0.0279,-0.0284,0
19522953,0.032,0.323,0.050,0.002,0.004,-0.000,-50.615,-278.941,387.280,176.199,-7.178,-121.254,1,-0.0323,0.0279,-0.0284,0
19523093,0.038,0.332,0.012,0.002,0.004,0.001,-50.615,-278.941,387.280,176.199,-7.178,-121.254,1,-0.0323,0.0279,-0.0284,0
19523187,0.031,0.333,0.015,0.002,0.004,0.001,-50.615,-278.941,387.280,176.199,-7.178,-121.254,1,-0.0323,0.0279,-0.0284,0
19523296,0.040,0.327,0.083,0.001,0.004,-0.001,-50.615,-278.941,387.280,176.199,-7.178,-121.254,1,-0.0323,0.0279,-0.0284,0
19523375,0.046,0.321,0.054,0.001,0.003,-0.001,-50.615,-278.941,387.280,176.199,-7.178,-121.254,1,-0.0323,0.0279,-0.0284,0
19523468,0.050,0.321,0.067,0.001,0.003,-0.001,-50.615,-278.941,387.280,176.199,-7.178,-121.254,1,-0.0323,0.0279,-0.0284,0
19523546,0.058,0.330,0.018,0.002,0.003,0.001,-50.615,-278.941,387.280,176.199,-7.178,-121.254,1,-0.0323,0.0279,-0.0284,0
19523625,0.056,0.330,0.022,0.002,0.003,0.001,-50.615,-278.941,387.280,176.199,-7.178,-121.254,1,-0.0323,0.0279,-0.0284,0
19523734,0.046,0.309,0.073,0.001,0.004,-0.001,-50.615,-278.941,387.280,176.199,-7.178,-121.254,1,-0.0323,0.0279,-0.0284,0
19523843,0.047,0.320,0.044,0.002,0.004,0.001,-50.615,-278.941,387.280,176.199,-7.178,-121.254,1,-0.0323,0.0279,-0.0284,0
19523984,0.038,0.331,0.004,0.002,0.003,0.002,-50.615,-278.941,387.280,176.199,-7.178,-121.254,1,-0.0323,0.0279,-0.0284,0
19524031,0.042,0.328,0.028,0.002,0.004,0.001,-50.615,-278.941,387.280,176.199,-7.178,-121.254,1,-0.0323,0.0279,-0.0284,0
19524078,0.051,0.326,0.051,0.002,0.003,-0.000,-50.615,-278.941,387.280,176.199,-7.178,-121.254,1,-0.0323,0.0279,-0.0284,0
19524156,0.053,0.329,0.060,0.002,0.003,-0.000,-50.615,-278.941,387.280,176.199,-7.178,-121.254,1,-0.0323,0.0279,-0.0284,0
19524296,0.063,0.362,-0.008,0.002,0.004,0.002,-50.615,-278.941,387.280,176.199,-7.178,-121.254,1,-0.0323,0.0279,-0.0284,0
19524390,0.062,0.339,0.047,0.002,0.003,0.001,-50.615,-278.941,387.280,176.199,-7.178,-121.254,1,-0.0323,0.0279,-0.0284,0
19524500,0.051,0.320,0.084,0.002,0.003,-0.000,-50.615,-278.941,387.280,176.199,-7.178,-121.254,1,-0.0323,0.0279,-0.0284,0
19524578,0.045,0.319,-0.012,0.002,0.004,0.002,-50.615,-278.941,387.280,176.199,-7.178,-121.254,1,-0.0323,0.0279,-0.0284,0
19524671,0.048,0.314,0.052,0.001,0.003,-0.000,-50.615,-278.941,387.280,176.199,-7.178,-121.254,1,-0.0323,0.0279,-0.0284,0
19524750,0.065,0.315,0.030,0.001,0.003,-0.001,-50.615,-278.941,387.280,176.199,-7.178,-121.254,1,-0.0323,0.0279,-0.0284,0
19524828,0.062,0.326,0.041,0.002,0.003,0.000,-50.615,-278.941,387.280,176.199,-7.178,-121.254,1,-0.0323,0.0279,-0.0284,0
19524937,0.054,0.327,0.061,0.002,0.003,0.000,-50.615,-278.941,387.280,176.199,-7.178,-121.254,1,-0.0323,0.0279,-0.0284,0
19525046,0.062,0.325,0.050,0.002,0.003,0.000,-50.615,-278.941,387.280,176.199,-7.178,-121.254,1,-0.0323,0.0279,-0.0284,0
19525187,0.040,0.329,0.022,0.002,0.004,0.002,-50.615,-278.941,387.280,176.199,-7.178,-121.254,1,-0.0323,0.0279,-0.0284,0
19525234,0.050,0.320,0.033,0.002,0.003,0.001,-50.615,-278.941,387.280,176.199,-7.178,-121.254,1,-0.0323,0.0279,-0.0284,0
19525281,0.045,0.317,0.012,0.001,0.004,0.001,-50.615,-278.941,387.280,176.199,-7.178,-121.254,1,-0.0323,0.0279,-0.0284,0
19525359,0.044,0.319,0.033,0.002,0.003,0.001,-50.615,-278.941,387.280,176.199,-7.178,-121.254,1,-0.0323,0.0279,-0.0284,0
19525500,0.059,0.327,0.037,0.002,0.003,0.001,-50.615,-278.941,387.280,176.199,-7.178,-121.254,1,-0.0323,0.0279,-0.0284,0
19525593,0.057,0.342,0.039,0.002,0.004,0.001,-50.615,-278.941,387.280,176.199,-7.178,-121.254,1,-0.0323,0.0279,-0.0284,0
19525703,0.061,0.333,0.040,0.002,0.004,0.000,-50.615,-278.941,387.280,176.199,-7.178,-121.254,1,-0.0323,0.0279,-0.0284,0
19525781,0.061,0.327,0.047,0.002,0.003,0.000,-50.615,-278.941,387.280,176.199,-7.178,-121.254,1,-0.0323,0.0279,-0.0284,0
19525875,0.042,0.319,0.029,0.002,0.003,0.001,-50.615,-278.941,387.280,176.199,-7.178,-121.254,1,-0.0323,0.0279,-0.0284,0
19525953,0.043,0.331,0.019,0.003,0.004,0.002,-50.615,-278.941,387.280,176.199,-7.178,-121.254,1,-0.0323,0.0279,-0.0284,0
19526031,0.055,0.307,0.056,0.001,0.003,-0.001,-50.615,-278.941,387.280,176.199,-7.178,-121.254,1,-0.0323,0.0279,-0.0284,0
19526140,0.050,0.312,0.050,0.002,0.003,-0.000,-50.615,-278.941,387.280,176.199,-7.178,-121.254,1,-0.0323,0.0279,-0.0284,0
19526265,0.035,0.330,0.033,0.003,0.004,0.002,-50.615,-278.941,387.280,176.199,-7.178,-121.254,1,-0.0323,0.0279,-0.0284,0
19526406,0.031,0.316,0.028,0.002,0.004,0.001,-50.615,-278.941,387.280,176.199,-7.178,-121.254,1,-0.0323,0.0279,-0.0284,0
19526453,0.052,0.317,0.049,0.001,0.003,0.000,-50.615,-278.941,387.280,176.199,-7.178,-121.254,1,-0.0323,0.0279,-0.0284,0
19526500,0.068,0.312,0.052,0.001,0.003,-0.000,-50.615,-278.941,387.280,176.199,-7.178,-121.254,1,-0.0323,0.0279,-0.0284,0
19526578,0.034,0.315,0.034,0.002,0.004,0.001,-50.615,-278.941,387.280,176.199,-7.178,-121.254,1,-0.0323,0.0279,-0.0284,0
19526718,0.035,0.335,0.009,0.002,0.004,0.002,-50.615,-278.941,387.280,176.199,-7.178,-121.254,1,-0.0323,0.0279,-0.0284,0
19526812,0.034,0.330,0.041,0.002,0.004,0.002,-50.615,-278.941,387.280,176.199,-7.178,-121.254,1,-0.0323,0.0279,-0.0284,0
19526921,0.045,0.314,0.056,0.002,0.004,0.001,-50.615,-278.941,387.280,176.199,-7.178,-121.254,1,-0.0323,0.0279,-0.0284,0
19527000,0.030,0.326,0.010,0.002,0.004,0.002,-50.615,-278.941,387.280,176.199,-7.178,-121.254,1,-0.0323,0.0279,-0.0284,0
19527093,0.037,0.319,0.021,0.002,0.004,0.002,-50.615,-278.941,387.280,176.199,-7.178,-121.254,1,-0.0323,0.0279,-0.0284,0
19527171,0.040,0.318,0.036,0.002,0.004,0.001,-50.615,-278.941,387.280,176.199,-7.178,-121.254,1,-0.0323,0.0279,-0.0284,0
19527250,0.032,0.327,0.045,0.002,0.004,0.002,-50.615,-278.941,387.280,176.199,-7.178,-121.254,1,-0.0323,0.0279,-0.0284,0
19527359,0.037,0.325,0.044,0.003,0.004,0.002,-50.615,-278.941,387.280,176.199,-7.178,-121.254,1,-0.0323,0.0279,-0.0284,0
19527468,0.031,0.325,0.022,0.002,0.004,0.002,-50.615,-278.941,387.280,176.199,-7.178,-121.254,1,-0.0323,0.0279,-0.0284,0
19527609,0.030,0.315,0.058,0.002,0.004,0.002,-50.615,-278.941,387.280,176.199,-7.178,-121.254,1,-0.0323,0.0279,-0.0284,0
19527656,0.045,0.318,0.056,0.002,0.004,0.000,-50.615,-278.941,387.280,176.199,-7.178,-121.254,1,-0.0323,0.0279,-0.0284,0
19527703,0.052,0.322,0.034,0.002,0.004,0.001,-50.615,-278.941,387.280,176.199,-7.178,-121.254,1,-0.0323,0.0279,-0.0284,0
19527781,0.035,0.324,0.018,0.002,0.004,0.001,-50.615,-278.941,387.280,176.199,-7.178,-121.254,1,-0.0323,0.0279,-0.0284,0
19527921,0.020,0.343,0.012,0.003,0.004,0.002,-50.615,-278.941,387.280,176.199,-7.178,-121.254,1,-0.0323,0.0279,-0.0284,0
19528015,0.023,0.346,0.034,0.003,0.004,0.002,-50.615,-278.941,387.280,176.199,-7.178,-121.254,1,-0.0323,0.0279,-0.0284,0
19528125,0.051,0.314,0.073,0.001,0.003,-0.001,-50.615,-278.941,387.280,176.199,-7.178,-121.254,1,-0.0323,0.0279,-0.0284,0
19528203,0.042,0.317,0.047,0.001,0.004,0.001,-50.615,-278.941,387.280,176.199,-7.178,-121.254,1,-0.0323,0.0279,-0.0284,0
19528296,0.017,0.328,0.081,0.002,0.004,0.001,-50.615,-278.941,387.280,176.199,-7.178,-121.254,1,-0.0323,0.0279,-0.0284,0
19528375,0.032,0.307,0.068,0.002,0.004,0.000,-50.615,-278.941,387.280,176.199,-7.178,-121.254,1,-0.0323,0.0279,-0.0284,0
19528453,0.045,0.323,0.061,0.001,0.004,-0.001,-50.615,-278.941,387.280,176.199,-7.178,-121.254,1,-0.0323,0.0279,-0.0284,0
19528562,0.025,0.313,0.035,0.001,0.004,0.001,-50.615,-278.941,387.280,176.199,-7.178,-121.254,1,-0.0323,0.0279,-0.0284,0
19528671,0.032,0.327,0.037,0.002,0.004,0.002,-50.615,-278.941,387.280,176.199,-7.178,-121.254,1,-0.0323,0.0279,-0.0284,0
19528812,0.037,0.319,0.049,0.001,0.004,0.001,-50.615,-278.941,387.280,176.199,-7.178,-121.254,1,-0.0323,0.0279,-0.0284,0
19528859,0.041,0.320,0.048,0.001,0.004,0.000,-50.615,-278.941,387.280,176.199,-7.178,-121.254,1,-0.0323,0.0279,-0.0284,0
19528984,0.023,0.313,0.062,0.002,0.004,0.001,-50.615,-278.941,387.280,176.199,-7.178,-121.254,1,-0.0323,0.0279,-0.0284,0
19529125,0.031,0.311,0.040,0.001,0.003,0.000,-50.615,-278.941,387.280,176.199,-7.178,-121.254,1,-0.0323,0.0279,-0.0284,0
19529218,0.034,0.316,0.049,0.001,0.004,0.000,-50.615,-278.941,387.280,176.199,-7.178,-121.254,1,-0.0323,0.0279,-0.0284,0
19529328,0.037,0.319,0.038,0.002,0.004,0.000,-50.615,-278.941,387.280,176.199,-7.178,-121.254,1,-0.0323,0.0279,-0.0284,0
19529406,0.024,0.337,0.043,0.002,0.004,0.001,-50.615,-278.941,387.280,176.199,-7.178,-121.254,1,-0.0323,0.0279,-0.0284,0
19529500,0.015,0.341,0.047,0.003,0.004,0.001,-50.615,-278.941,387.280,176.199,-7.178,-121.254,1,-0.0323,0.0279,-0.0284,0
19529578,0.025,0.326,0.051,0.002,0.004,0.001,-50.615,-278.941,387.280,176.199,-7.178,-121.254,1,-0.0323,0.0279,-0.0284,0
19529656,0.045,0.323,0.039,0.002,0.003,0.000,-50.615,-278.941,387.280,176.199,-7.178,-121.254,1,-0.0323,0.0279,-0.0284,0
19529765,0.038,0.286,0.120,0.001,0.003,-0.001,-50.615,-278.941,387.280,176.199,-7.178,-121.254,1,-0.0323,0.0279,-0.0284,0
19529875,0.023,0.305,0.029,0.001,0.004,0.001,-50.615,-278.941,387.280,176.199,-7.178,-121.254,1,-0.0323,0.0279,-0.0284,0
19530015,0.031,0.316,0.020,0.001,0.004,0.001,-50.615,-278.941,387.280,176.199,-7.178,-121.254,1,-0.0323,0.0279,-0.0284,0
19530062,0.030,0.324,0.026,0.002,0.004,0.002,-50.615,-278.941,387.280,176.199,-7.178,-121.254,1,-0.0323,0.0279,-0.0284,0
19530109,0.027,0.337,0.052,0.003,0.004,0.002,-50.615,-278.941,387.280,176.199,-7.178,-121.254,1,-0.0323,0.0279,-0.0284,0
19530187,0.036,0.324,0.033,0.001,0.004,0.001,-50.615,-278.941,387.280,176.199,-7.178,-121.254,1,-0.0323,0.0279,-0.0284,0
19530328,0.037,0.321,0.016,0.002,0.004,0.001,-50.615,-278.941,387.280,176.199,-7.178,-121.254,1,-0.0323,0.0279,-0.0284,0
19530421,0.010,0.318,0.020,0.002,0.004,0.001,-50.615,-278.941,387.280,176.199,-7.178,-121.254,1,-0.0323,0.0279,-0.0284,0
19530531,0.039,0.315,0.054,0.001,0.004,-0.000,-50.615,-278.941,387.280,176.199,-7.178,-121.254,1,-0.0323,0.0279,-0.0284,0
19530609,0.026,0.320,0.041,0.002,0.004,0.001,-50.615,-278.941,387.280,176.199,-7.178,-121.254,1,-0.0323,0.0279,-0.0284,0
19530703,0.033,0.341,0.105,0.002,0.004,-0.000,-50.615,-278.941,387.280,176.199,-7.178,-121.254,1,-0.0323,0.0279,-0.0284,0
19530765,0.019,0.343,0.092,0.002,0.004,0.000,-50.615,-278.941,387.280,176.199,-7.178,-121.254,1,-0.0323,0.0279,-0.0284,0
19530843,0.008,0.343,0.052,0.002,0.005,0.001,-50.615,-278.941,387.280,176.199,-7.178,-121.254,1,-0.0323,0.0279,-0.0284,0
19530968,0.029,0.319,0.053,0.001,0.004,0.000,-50.615,-278.941,387.280,176.199,-7.178,-121.254,1,-0.0323,0.0279,-0.0284,0
19531062,0.031,0.311,0.049,0.001,0.004,0.000,-50.615,-278.941,387.280,176.199,-7.178,-121.254,1,-0.0323,0.0279,-0.0284,0
19531203,0.013,0.293,0.064,0.001,0.004,0.000,-50.615,-278.941,387.280,176.199,-7.178,-121.254,1,-0.0323,0.0279,-0.0284,0
19531250,0.018,0.300,0.046,0.001,0.004,0.001,-50.615,-278.941,387.280,176.199,-7.178,-121.254,1,-0.0323,0.0279,-0.0284,0
19531296,0.025,0.314,0.051,0.002,0.004,0.001,-50.615,-278.941,387.280,176.199,-7.178,-121.254,1,-0.0323,0.0279,-0.0284,0
19531375,0.039,0.314,0.083,0.001,0.004,-0.001,-50.615,-278.941,387.280,176.199,-7.178,-121.254,1,-0.0323,0.0279,-0.0284,0
19531515,0.030,0.320,0.033,0.001,0.004,0.001,-50.615,-278.941,387.280,176.199,-7.178,-121.254,1,-0.0323,0.0279,-0.0284,0
19531609,0.007,0.330,0.006,0.002,0.004,0.003,-50.615,-278.941,387.280,176.199,-7.178,-121.254,1,-0.0323,0.0279,-0.0284,0
19531718,0.019,0.312,0.069,0.001,0.004,-0.000,-50.615,-278.941,387.280,176.199,-7.178,-121.254,1,-0.0323,0.0279,-0.0284,0
19531796,-0.004,0.311,0.060,0.002,0.004,0.001,-50.615,-278.941,387.280,176.199,-7.178,-121.254,1,-0.0323,0.0279,-0.0284,0
19531890,0.003,0.323,-0.005,0.002,0.005,0.002,-50.615,-278.941,387.280,176.199,-7.178,-121.254,1,-0.0323,0.0279,-0.0284,0
19531968,0.031,0.319,0.006,0.001,0.004,0.001,-50.615,-278.941,387.280,176.199,-7.178,-121.254,1,-0.0323,0.0279,-0.0284,0
19532046,0.043,0.308,0.061,0.000,0.003,-0.001,-50.615,-278.941,387.280,176.199,-7.178,-121.254,1,-0.0323,0.0279,-0.0284,0
19532156,0.035,0.310,0.075,0.001,0.004,-0.001,-50.615,-278.941,387.280,176.199,-7.178,-121.254,1,-0.0323,0.0279,-0.0284,0
19532265,0.011,0.330,0.081,0.002,0.004,-0.000,-50.615,-278.941,387.280,176.199,-7.178,-121.254,1,-0.0323,0.0279,-0.0284,0
19532406,0.035,0.313,0.027,0.001,0.004,0.000,-50.615,-278.941,387.280,176.199,-7.178,-121.254,1,-0.0323,0.0279,-0.0284,0
19532453,0.019,0.317,0.027,0.001,0.004,0.001,-50.615,-278.941,387.280,176.199,-7.178,-121.254,1,-0.0323,0.0279,-0.0284,0
19532500,0.011,0.307,0.025,0.002,0.004,0.001,-50.615,-278.941,387.280,176.199,-7.178,-121.254,1,-0.0323,0.0279,-0.0284,0
19532578,0.016,0.303,0.050,0.002,0.004,0.001,-50.615,-278.941,387.280,176.199,-7.178,-121.254,1,-0.0323,0.0279,-0.0284,0
19532718,0.028,0.321,0.070,0.002,0.004,0.001,-50.615,-278.941,387.280,176.199,-7.178,-121.254,1,-0.0323,0.0279,-0.0284,0
19532812,0.034,0.321,0.029,0.001,0.004,0.001,-50.615,-278.941,387.280,176.199,-7.178,-121.254,1,-0.0323,0.0279,-0.0284,0
19532921,0.014,0.325,0.025,0.002,0.004,0.002,-50.615,-278.941,387.280,176.199,-7.178,-121.254,1,-0.0323,0.0279,-0.0284,0
19533000,0.016,0.316,0.096,0.002,0.005,0.000,-50.615,-278.941,387.280,176.199,-7.178,-121.254,1,-0.0323,0.0279,-0.0284,0
19533093,0.020,0.313,0.041,0.001,0.004,0.001,-50.615,-278.941,387.280,176.199,-7.178,-121.254,1,-0.0323,0.0279,-0.0284,0
19533171,0.019,0.316,0.026,0.002,0.004,0.001,-50.615,-278.941,387.280,176.199,-7.178,-121.254,1,-0.0323,0.0279,-0.0284,0
19533250,0.025,0.307,0.080,0.001,0.004,-0.001,-50.615,-278.941,387.280,176.199,-7.178,-121.254,1,-0.0323,0.0279,-0.0284,0
19533359,0.018,0.299,0.062,0.001,0.004,-0.000,-50.615,-278.941,387.280,176.199,-7.178,-121.254,1,-0.0323,0.0279,-0.0284,0
19533468,0.037,0.312,0.032,0.001,0.004,0.001,-50.615,-278.941,387.280,176.199,-7.178,-121.254,1,-0.0323,0.0279,-0.0284,0
19533609,0.016,0.330,0.053,0.002,0.004,0.001,-50.615,-278.941,387.280,176.199,-7.178,-121.254,1,-0.0323,0.0279,-0.0284,0
19533656,0.022,0.327,0.028,0.002,0.004,0.001,-50.615,-278.941,387.280,176.199,-7.178,-121.254,1,-0.0323,0.0279,-0.0284,0
19533703,0.018,0.329,0.004,0.002,0.004,0.002,-50.615,-278.941,387.280,176.199,-7.178,-121.254,1,-0.0323,0.0279,-0.0284,0
19533781,-0.007,0.346,0.004,0.003,0.005,0.003,-50.615,-278.941,387.280,176.199,-7.178,-121.254,1,-0.0323,0.0279,-0.0284,0
19533921,0.011,0.317,0.047,0.002,0.004,0.001,-50.615,-278.941,387.280,176.199,-7.178,-121.254,1,-0.0323,0.0279,-0.0284,0
19534015,0.016,0.299,0.038,0.001,0.004,0.001,-50.615,-278.941,387.280,176.199,-7.178,-121.254,1,-0.0323,0.0279,-0.0284,0
19534109,0.030,0.310,0.064,0.001,0.004,-0.001,-50.615,-278.941,387.280,176.199,-7.178,-121.254,1,-0.0323,0.0279,-0.0284,0
19534187,0.032,0.316,0.071,0.001,0.004,-0.000,-50.615,-278.941,387.280,176.199,-7.178,-121.254,1,-0.0323,0.0279,-0.0284,0
19534281,0.024,0.317,0.052,0.002,0.004,0.001,-50.615,-278.941,387.280,176.199,-7.178,-121.254,1,-0.0323,0.0279,-0.0284,0
19534359,0.022,0.316,0.088,0.002,0.005,0.001,-50.615,-278.941,387.280,176.199,-7.178,-121.254,1,-0.0323,0.0279,-0.0284,0
19534437,0.023,0.329,0.005,0.003,0.004,0.003,-50.615,-278.941,387.280,176.199,-7.178,-121.254,1,-0.0323,0.0279,-0.0284,0
19534546,0.029,0.296,0.089,0.001,0.004,-0.002,-50.615,-278.941,387.280,176.199,-7.178,-121.254,1,-0.0323,0.0279,-0.0284,0
19534656,0.014,0.315,0.009,0.002,0.004,0.002,-50.615,-278.941,387.280,176.199,-7.178,-121.254,1,-0.0323,0.0279,-0.0284,0
19534796,0.030,0.327,0.053,0.002,0.004,0.001,-50.615,-278.941,387.280,176.199,-7.178,-121.254,1,-0.0323,0.0279,-0.0284,0
19534843,0.023,0.324,0.064,0.002,0.004,0.000,-50.615,-278.941,387.280,176.199,-7.178,-121.254,1,-0.0323,0.0279,-0.0284,0
19534890,0.010,0.337,0.040,0.002,0.005,0.001,-50.615,-278.941,387.280,176.199,-7.178,-121.254,1,-0.0323,0.0279,-0.0284,0
19534968,0.026,0.322,0.057,0.002,0.004,0.000,-50.615,-278.941,387.280,176.199,-7.178,-121.254,1,-0.0323,0.0279,-0.0284,0
19535109,0.013,0.324,0.016,0.002,0.004,0.002,-50.615,-278.941,387.280,176.199,-7.178,-121.254,1,-0.0323,0.0279,-0.0284,0
19535203,0.009,0.326,0.070,0.002,0.004,0.000,-50.615,-278.941,387.280,176.199,-7.178,-121.254,1,-0.0323,0.0279,-0.0284,0
19535312,0.003,0.311,0.049,0.002,0.004,0.001,-50.615,-278.941,387.280,176.199,-7.178,-121.254,1,-0.0323,0.0279,-0.0284,0
19535390,0.027,0.307,0.054,0.001,0.004,0.001,-50.615,-278.941,387.280,176.199,-7.178,-121.254,1,-0.0323,0.0279,-0.0284,0
19535484,0.028,0.320,0.025,0.001,0.004,0.001,-50.615,-278.941,387.280,176.199,-7.178,-121.254,1,-0.0323,0.0279,-0.0284,0
19535562,0.023,0.318,0.022,0.002,0.004,0.001,-50.615,-278.941,387.280,176.199,-7.178,-121.254,1,-0.0323,0.0279,-0.0284,0
19535640,0.029,0.322,-0.003,0.002,0.004,0.002,-50.615,-278.941,387.280,176.199,-7.178,-121.254,1,-0.0323,0.0279,-0.0284,0
19535734,0.010,0.323,0.016,0.002,0.004,0.003,-50.615,-278.941,387.280,176.199,-7.178,-121.254,1,-0.0323,0.0279,-0.0284,0
19535843,0.032,0.310,0.078,0.001,0.003,-0.000,-50.615,-278.941,387.280,176.199,-7.178,-121.254,1,-0.0323,0.0279,-0.0284,0
19535984,0.042,0.319,0.031,0.001,0.003,0.001,-50.615,-278.941,387.280,176.199,-7.178,-121.254,1,-0.0323,0.0279,-0.0284,0
19536031,0.040,0.329,0.021,0.001,0.003,0.001,-50.615,-278.941,387.280,176.199,-7.178,-121.254,1,-0.0323,0.0279,-0.0284,0
19536078,0.055,0.328,0.033,0.002,0.003,0.001,-50.615,-278.941,387.280,176.199,-7.178,-121.254,1,-0.0323,0.0279,-0.0284,0
19536156,0.026,0.335,0.041,0.002,0.004,0.002,-50.615,-278.941,387.280,176.199,-7.178,-121.254,1,-0.0323,0.0279,-0.0284,0
19536296,0.033,0.315,0.041,0.002,0.004,0.001,-50.615,-278.941,387.280,176.199,-7.178,-121.254,1,-0.0323,0.0279,-0.0284,0
19536390,0.037,0.307,0.062,0.001,0.004,0.000,-50.615,-278.941,387.280,176.199,-7.178,-121.254,1,-0.0323,0.0279,-0.0284,0
19536500,0.034,0.328,0.005,0.002,0.004,0.002,-50.615,-278.941,387.280,176.199,-7.178,-121.254,1,-0.0323,0.0279,-0.0284,0
19536578,0.049,0.314,0.062,0.002,0.004,0.000,-50.615,-278.941,387.280,176.199,-7.178,-121.254,1,-0.0323,0.0279,-0.0284,0
19536671,0.025,0.316,0.058,0.002,0.004,0.001,-50.615,-278.941,387.280,176.199,-7.178,-121.254,1,-0.0323,0.0279,-0.0284,0
19536750,0.038,0.323,0.051,0.001,0.004,-0.000,-50.615,-278.941,387.280,176.199,-7.178,-121.254,1,-0.0323,0.0279,-0.0284,0
19536828,0.027,0.296,0.077,0.001,0.004,0.000,-50.615,-278.941,387.280,176.199,-7.178,-121.254,1,-0.0323,0.0279,-0.0284,0
19536937,0.038,0.300,0.056,0.001,0.003,-0.001,-50.615,-278.941,387.280,176.199,-7.178,-121.254,1,-0.0323,0.0279,-0.0284,0
19537046,0.039,0.310,0.044,0.002,0.004,0.000,-50.615,-278.941,387.280,176.199,-7.178,-121.254,1,-0.0323,0.0279,-0.0284,0
19537187,0.049,0.318,0.049,0.001,0.004,-0.000,-50.615,-278.941,387.280,176.199,-7.178,-121.254,1,-0.0323,0.0279,-0.0284,0
19537234,0.044,0.323,0.038,0.002,0.004,0.001,-50.615,-278.941,387.280,176.199,-7.178,-121.254,1,-0.0323,0.0279,-0.0284,0
19537281,0.026,0.326,0.008,0.002,0.004,0.003,-50.615,-278.941,387.280,176.199,-7.178,-121.254,1,-0.0323,0.0279,-0.0284,0
19537359,0.028,0.324,0.028,0.002,0.004,0.002,-50.615,-278.941,387.280,176.199,-7.178,-121.254,1,-0.0323,0.0279,-0.0284,0
19537500,0.063,0.306,0.090,0.001,0.003,-0.001,-50.615,-278.941,387.280,176.199,-7.178,-121.254,1,-0.0323,0.0279,-0.0284,0
19537593,0.038,0.297,0.006,0.001,0.004,0.001,-50.615,-278.941,387.280,176.199,-7.178,-121.254,1,-0.0323,0.0279,-0.0284,0
19537703,0.042,0.310,0.062,0.002,0.004,-0.000,-50.615,-278.941,387.280,176.199,-7.178,-121.254,1,-0.0323,0.0279,-0.0284,0
19537781,0.042,0.300,0.067,0.001,0.004,-0.000,-50.615,-278.941,387.280,176.199,-7.178,-121.254,1,-0.0323,0.0279,-0.0284,0
19537875,0.045,0.303,0.053,0.001,0.004,0.000,-50.615,-278.941,387.280,176.199,-7.178,-121.254,1,-0.0323,0.0279,-0.0284,0
19537953,0.057,0.292,0.088,0.000,0.003,-0.001,-50.615,-278.941,387.280,176.199,-7.178,-121.254,1,-0.0323,0.0279,-0.0284,0
19538015,0.043,0.317,0.019,0.002,0.004,0.002,-50.615,-278.941,387.280,176.199,-7.178,-121.254,1,-0.0323,0.0279,-0.0284,0
19538125,0.050,0.337,0.030,0.002,0.004,0.001,-50.615,-278.941,387.280,176.199,-7.178,-121.254,1,-0.0323,0.0279,-0.0284,0
19538234,0.047,0.315,0.052,0.001,0.003,0.000,-50.615,-278.941,387.280,176.199,-7.178,-121.254,1,-0.0323,0.0279,-0.0284,0
19538375,0.029,0.299,0.049,0.001,0.004,0.000,-50.615,-278.941,387.280,176.199,-7.178,-121.254,1,-0.0323,0.0279,-0.0284,0
19538421,0.029,0.304,0.035,0.001,0.004,0.000,-50.615,-278.941,387.280,176.199,-7.178,-121.254,1,-0.0323,0.0279,-0.0284,0
19538468,0.030,0.309,0.030,0.001,0.004,0.001,-50.615,-278.941,387.280,176.199,-7.178,-121.254,1,-0.0323,0.0279,-0.0284,0
19538546,0.021,0.310,0.015,0.001,0.004,0.002,-50.615,-278.941,387.280,176.199,-7.178,-121.254,1,-0.0323,0.0279,-0.0284,0
19538687,0.037,0.297,0.087,0.001,0.004,-0.001,-50.615,-278.941,387.280,176.199,-7.178,-121.254,1,-0.0323,0.0279,-0.0284,0
19538781,0.051,0.314,0.040,0.001,0.003,0.000,-50.615,-278.941,387.280,176.199,-7.178,-121.254,1,-0.0323,0.0279,-0.0284,0
19538890,0.056,0.308,0.069,0.001,0.003,-0.000,-50.615,-278.941,387.280,176.199,-7.178,-121.254,1,-0.0323,0.0279,-0.0284,0
19538968,0.037,0.302,0.030,0.001,0.004,0.001,-50.615,-278.941,387.280,176.199,-7.178,-121.254,1,-0.0323,0.0279,-0.0284,0
19539062,0.037,0.295,0.025,0.001,0.004,0.000,-50.615,-278.941,387.280,176.199,-7.178,-121.254,1,-0.0323,0.0279,-0.0284,0
19539140,0.032,0.295,0.036,0.001,0.004,0.000,-50.615,-278.941,387.280,176.199,-7.178,-121.254,1,-0.0323,0.0279,-0.0284,0
19539218,0.030,0.298,0.065,0.001,0.004,-0.001,-50.615,-278.941,387.280,176.199,-7.178,-121.254,1,-0.0323,0.0279,-0.0284,0
19539328,0.030,0.298,0.061,0.001,0.004,-0.000,-50.615,-278.941,387.280,176.199,-7.178,-121.254,1,-0.0323,0.0279,-0.0284,0
19539437,0.039,0.300,0.042,0.001,0.004,-0.000,-50.615,-278.941,387.280,176.199,-7.178,-121.254,1,-0.0323,0.0279,-0.0284,0
19539578,0.035,0.313,0.028,0.001,0.004,0.001,-50.615,-278.941,387.280,176.199,-7.178,-121.254,1,-0.0323,0.0279,-0.0284,0
19539625,0.033,0.308,0.063,0.001,0.004,0.001,-50.615,-278.941,387.280,176.199,-7.178,-121.254,1,-0.0323,0.0279,-0.0284,0
19539671,0.036,0.315,0.079,0.001,0.004,0.000,-50.615,-278.941,387.280,176.199,-7.178,-121.254,1,-0.0323,0.0279,-0.0284,0
19539750,0.029,0.312,0.100,0.002,0.004,0.001,-50.615,-278.941,387.280,176.199,-7.178,-121.254,1,-0.0323,0.0279,-0.0284,0
19539890,0.030,0.305,0.055,0.001,0.004,-0.000,-50.615,-278.941,387.280,176.199,-7.178,-121.254,1,-0.0323,0.0279,-0.0284,0
19539984,0.032,0.310,0.065,0.002,0.004,-0.000,-50.615,-278.941,387.280,176.199,-7.178,-121.254,1,-0.0323,0.0279,-0.0284,0
19540093,0.015,0.303,0.063,0.002,0.004,0.000,-50.615,-278.941,387.280,176.199,-7.178,-121.254,1,-0.0323,0.0279,-0.0284,0
19540171,-0.002,0.304,0.063,0.002,0.004,0.001,-50.615,-278.941,387.280,176.199,-7.178,-121.254,1,-0.0323,0.0279,-0.0284,0
19540265,0.013,0.297,0.071,0.001,0.004,-0.000,-50.615,-278.941,387.280,176.199,-7.178,-121.254,1,-0.0323,0.0279,-0.0284,0
19540343,0.035,0.315,0.037,0.001,0.004,0.001,-50.615,-278.941,387.280,176.199,-7.178,-121.254,1,-0.0323,0.0279,-0.0284,0
19540421,0.036,0.306,0.045,0.001,0.003,0.000,-50.615,-278.941,387.280,176.199,-7.178,-121.254,1,-0.0323,0.0279,-0.0284,0
19540531,0.039,0.304,0.043,0.001,0.004,0.000,-50.615,-278.941,387.280,176.199,-7.178,-121.254,1,-0.0323,0.0279,-0.0284,0
19540625,0.038,0.311,0.014,0.001,0.004,0.001,-50.615,-278.941,387.280,176.199,-7.178,-121.254,1,-0.0323,0.0279,-0.0284,0
19540765,0.024,0.299,0.044,0.001,0.004,0.001,-50.615,-278.941,387.280,176.199,-7.178,-121.254,1,-0.0323,0.0279,-0.0284,0
19540812,0.029,0.300,0.050,0.002,0.004,0.001,-50.615,-278.941,387.280,176.199,-7.178,-121.254,1,-0.0323,0.0279,-0.0284,0
19540859,0.031,0.291,0.070,0.002,0.004,0.000,-50.615,-278.941,387.280,176.199,-7.178,-121.254,1,-0.0323,0.0279,-0.0284,0
19540937,0.020,0.301,0.026,0.002,0.004,0.002,-50.615,-278.941,387.280,176.199,-7.178,-121.254,1,-0.0323,0.0279,-0.0284,0
19541078,0.035,0.318,0.058,0.002,0.004,0.002,-50.615,-278.941,387.280,176.199,-7.178,-121.254,1,-0.0323,0.0279,-0.0284,0
19541171,0.034,0.314,0.048,0.002,0.004,0.001,-50.615,-278.941,387.280,176.199,-7.178,-121.254,1,-0.0323,0.0279,-0.0284,0
19541281,0.033,0.313,0.029,0.002,0.004,0.001,-50.615,-278.941,387.280,176.199,-7.178,-121.254,1,-0.0323,0.0279,-0.0284,0
19541359,0.040,0.316,0.015,0.002,0.004,0.002,-50.615,-278.941,387.280,176.199,-7.178,-121.254,1,-0.0323,0.0279,-0.0284,0
19541453,0.040,0.312,0.031,0.002,0.004,0.001,-50.615,-278.941,387.280,176.199,-7.178,-121.254,1,-0.0323,0.0279,-0.0284,0
19541531,0.037,0.311,0.005,0.002,0.004,0.002,-50.615,-278.941,387.280,176.199,-7.178,-121.254,1,-0.0323,0.0279,-0.0284,0
19541609,0.023,0.318,0.007,0.003,0.004,0.003,-50.615,-278.941,387.280,176.199,-7.178,-121.254,1,-0.0323,0.0279,-0.0284,0
19541718,0.049,0.296,0.029,0.001,0.003,0.001,-50.615,-278.941,387.280,176.199,-7.178,-121.254,1,-0.0323,0.0279,-0.0284,0
19541828,0.057,0.284,0.060,0.001,0.003,-0.000,-50.615,-278.941,387.280,176.199,-7.178,-121.254,1,-0.0323,0.0279,-0.0284,0
19541968,0.050,0.306,0.042,0.001,0.003,-0.000,-50.615,-278.941,387.280,176.199,-7.178,-121.254,1,-0.0323,0.0279,-0.0284,0
19542015,0.047,0.314,0.036,0.002,0.004,0.001,-50.615,-278.941,387.280,176.199,-7.178,-121.254,1,-0.0323,0.0279,-0.0284,0
19542062,0.046,0.322,0.020,0.002,0.004,0.001,-50.615,-278.941,387.280,176.199,-7.178,-121.254,1,-0.0323,0.0279,-0.0284,0
19542140,0.049,0.321,0.021,0.002,0.003,0.001,-50.615,-278.941,387.280,176.199,-7.178,-121.254,1,-0.0323,0.0279,-0.0284,0
19542281,0.067,0.315,0.069,0.001,0.003,-0.001,-50.615,-278.941,387.280,176.199,-7.178,-121.254,1,-0.0323,0.0279,-0.0284,0
19542375,0.046,0.301,0.024,0.001,0.003,0.001,-50.615,-278.941,387.280,176.199,-7.178,-121.254,1,-0.0323,0.0279,-0.0284,0
19542468,0.044,0.292,0.049,0.001,0.004,0.001,-50.615,-278.941,387.280,176.199,-7.178,-121.254,1,-0.0323,0.0279,-0.0284,0
19542546,0.058,0.297,0.078,0.001,0.003,-0.001,-50.615,-278.941,387.280,176.199,-7.178,-121.254,1,-0.0323,0.0279,-0.0284,0
19542640,0.051,0.311,0.001,0.002,0.004,0.002,-50.615,-278.941,387.280,176.199,-7.178,-121.254,1,-0.0323,0.0279,-0.0284,0
19542718,0.042,0.317,0.005,0.002,0.004,0.002,-50.615,-278.941,387.280,176.199,-7.178,-121.254,1,-0.0323,0.0279,-0.0284,0
19542812,0.060,0.310,0.035,0.002,0.003,0.001,-50.615,-278.941,387.280,176.199,-7.178,-121.254,1,-0.0323,0.0279,-0.0284,0
19542921,0.079,0.313,0.029,0.001,0.002,0.001,-50.615,-278.941,387.280,176.199,-7.178,-121.254,1,-0.0323,0.0279,-0.0284,0
19543015,0.062,0.309,0.081,0.001,0.003,-0.001,-50.615,-278.941,387.280,176.199,-7.178,-121.254,1,-0.0323,0.0279,-0.0284,0
19543156,0.040,0.301,0.000,0.002,0.004,0.002,-50.615,-278.941,387.280,176.199,-7.178,-121.254,1,-0.0323,0.0279,-0.0284,0
19543203,0.045,0.299,0.015,0.001,0.004,0.001,-50.615,-278.941,387.280,176.199,-7.178,-121.254,1,-0.0323,0.0279,-0.0284,0
19543250,0.055,0.295,0.015,0.001,0.004,0.001,-50.615,-278.941,387.280,176.199,-7.178,-121.254,1,-0.0323,0.0279,-0.0284,0
19543312,0.049,0.296,0.070,0.001,0.003,-0.001,-50.615,-278.941,387.280,176.199,-7.178,-121.254,1,-0.0323,0.0279,-0.0284,0
19543453,0.052,0.302,0.069,0.001,0.003,-0.000,-50.615,-278.941,387.280,176.199,-7.178,-121.254,1,-0.0323,0.0279,-0.0284,0
19543546,0.048,0.320,0.023,0.002,0.003,0.001,-50.615,-278.941,387.280,176.199,-7.178,-121.254,1,-0.0323,0.0279,-0.0284,0
19543656,0.053,0.305,0.045,0.001,0.003,-0.000,-50.615,-278.941,387.280,176.199,-7.178,-121.254,1,-0.0323,0.0279,-0.0284,0
19543734,0.054,0.306,0.040,0.001,0.003,0.000,-50.615,-278.941,387.280,176.199,-7.178,-121.254,1,-0.0323,0.0279,-0.0284,0
19543828,0.043,0.308,0.030,0.001,0.004,0.001,-50.615,-278.941,387.280,176.199,-7.178,-121.254,1,-0.0323,0.0279,-0.0284,0
19543906,0.048,0.299,0.077,0.001,0.003,-0.000,-50.615,-278.941,387.280,176.199,-7.178,-121.254,1,-0.0323,0.0279,-0.0284,0
19543984,0.051,0.303,0.022,0.001,0.003,0.001,-50.615,-278.941,387.280,176.199,-7.178,-121.254,1,-0.0323,0.0279,-0.0284,0
19544093,0.035,0.292,0.068,0.001,0.003,-0.001,-50.615,-278.941,387.280,176.199,-7.178,-121.254,1,-0.0323,0.0279,-0.0284,0
19544203,0.059,0.299,0.021,0.001,0.003,0.001,-50.615,-278.941,387.280,176.199,-7.178,-121.254,1,-0.0323,0.0279,-0.0284,0
19544343,0.060,0.305,0.051,0.001,0.003,0.000,-50.615,-278.941,387.280,176.199,-7.178,-121.254,1,-0.0323,0.0279,-0.0284,0
19544390,0.059,0.315,0.077,0.002,0.003,-0.000,-50.615,-278.941,387.280,176.199,-7.178,-121.254,1,-0.0323,0.0279,-0.0284,0
19544437,0.053,0.309,0.087,0.001,0.003,-0.001,-50.615,-278.941,387.280,176.199,-7.178,-121.254,1,-0.0323,0.0279,-0.0284,0
19544515,0.033,0.320,0.031,0.002,0.003,0.001,-50.615,-278.941,387.280,176.199,-7.178,-121.254,1,-0.0323,0.0279,-0.0284,0
19544656,0.047,0.300,0.044,0.001,0.003,0.001,-50.615,-278.941,387.280,176.199,-7.178,-121.254,1,-0.0323,0.0279,-0.0284,0
19544750,0.040,0.291,0.052,0.001,0.003,0.001,-50.615,-278.941,387.280,176.199,-7.178,-121.254,1,-0.0323,0.0279,-0.0284,0
19544859,0.038,0.292,0.058,0.001,0.004,0.000,-50.615,-278.941,387.280,176.199,-7.178,-121.254,1,-0.0323,0.0279,-0.0284,0
19544937,0.037,0.310,-0.018,0.001,0.003,0.003,-50.615,-278.941,387.280,176.199,-7.178,-121.254,1,-0.0323,0.0279,-0.0284,0
19545031,0.029,0.289,0.059,0.001,0.004,0.001,-50.615,-278.941,387.280,176.199,-7.178,-121.254,1,-0.0323,0.0279,-0.0284,0
19545109,0.045,0.301,0.023,0.001,0.004,0.001,-50.615,-278.941,387.280,176.199,-7.178,-121.254,1,-0.0323,0.0279,-0.0284,0
19545187,0.045,0.321,0.047,0.002,0.003,0.001,-50.615,-278.941,387.280,176.199,-7.178,-121.254,1,-0.0323,0.0279,-0.0284,0
19545296,0.037,0.312,0.019,0.002,0.004,0.001,-50.615,-278.941,387.280,176.199,-7.178,-121.254,1,-0.0323,0.0279,-0.0284,0
19545406,0.036,0.305,0.051,0.002,0.004,0.001,-50.615,-278.941,387.280,176.199,-7.178,-121.254,1,-0.0323,0.0279,-0.0284,0
19545546,0.047,0.296,0.064,0.001,0.003,-0.000,-50.615,-278.941,387.280,176.199,-7.178,-121.254,1,-0.0323,0.0279,-0.0284,0
19545593,0.055,0.299,0.041,0.001,0.003,0.000,-50.615,-278.941,387.280,176.199,-7.178,-121.254,1,-0.0323,0.0279,-0.0284,0
19545640,0.053,0.304,0.026,0.001,0.003,0.001,-50.615,-278.941,387.280,176.199,-7.178,-121.254,1,-0.0323,0.0279,-0.0284,0
19545718,0.045,0.306,0.024,0.001,0.003,0.001,-50.615,-278.941,387.280,176.199,-7.178,-121.254,1,-0.0323,0.0279,-0.0284,0
19545859,0.059,0.304,0.059,0.001,0.003,-0.000,-50.615,-278.941,387.280,176.199,-7.178,-121.254,1,-0.0323,0.0279,-0.0284,0
19545953,0.055,0.306,0.041,0.002,0.003,0.001,-50.615,-278.941,387.280,176.199,-7.178,-121.254,1,-0.0323,0.0279,-0.0284,0
19546062,0.059,0.293,0.056,0.001,0.003,-0.000,-50.615,-278.941,387.280,176.199,-7.178,-121.254,1,-0.0323,0.0279,-0.0284,0
19546140,0.064,0.298,0.030,0.001,0.003,0.000,-50.615,-278.941,387.280,176.199,-7.178,-121.254,1,-0.0323,0.0279,-0.0284,0
19546218,0.040,0.299,0.042,0.002,0.004,0.002,-50.615,-278.941,387.280,176.199,-7.178,-121.254,1,-0.0323,0.0279,-0.0284,0
19546296,0.049,0.295,0.029,0.001,0.003,0.001,-50.615,-278.941,387.280,176.199,-7.178,-121.254,1,-0.0323,0.0279,-0.0284,0
19546375,0.053,0.300,0.027,0.001,0.003,0.001,-50.615,-278.941,387.280,176.199,-7.178,-121.254,1,-0.0323,0.0279,-0.0284,0
19546484,0.051,0.314,0.032,0.002,0.003,0.002,-50.615,-278.941,387.280,176.199,-7.178,-121.254,1,-0.0323,0.0279,-0.0284,0
19546593,0.063,0.304,0.032,0.002,0.003,0.001,-50.615,-278.941,387.280,176.199,-7.178,-121.254,1,-0.0323,0.0279,-0.0284,0
19546734,0.058,0.307,0.044,0.002,0.003,0.001,-50.615,-278.941,387.280,176.199,-7.178,-121.254,1,-0.0323,0.0279,-0.0284,0
19546781,0.056,0.307,0.008,0.002,0.003,0.002,-50.615,-278.941,387.280,176.199,-7.178,-121.254,1,-0.0323,0.0279,-0.0284,0
19546828,0.043,0.310,0.012,0.002,0.004,0.002,-50.615,-278.941,387.280,176.199,-7.178,-121.254,1,-0.0323,0.0279,-0.0284,0
19546906,0.076,0.300,0.045,0.001,0.002,0.000,-50.615,-278.941,387.280,176.199,-7.178,-121.254,1,-0.0323,0.0279,-0.0284,0
19547046,0.058,0.266,0.097,0.000,0.003,-0.002,-50.615,-278.941,387.280,176.199,-7.178,-121.254,1,-0.0323,0.0279,-0.0284,0
19547140,0.049,0.302,0.007,0.002,0.003,0.002,-50.615,-278.941,387.280,176.199,-7.178,-121.254,1,-0.0323,0.0279,-0.0284,0
19547250,0.057,0.307,0.013,0.001,0.003,0.001,-50.615,-278.941,387.280,176.199,-7.178,-121.254,1,-0.0323,0.0279,-0.0284,0
19547328,0.056,0.311,0.016,0.002,0.003,0.002,-50.615,-278.941,387.280,176.199,-7.178,-121.254,1,-0.0323,0.0279,-0.0284,0
19547421,0.061,0.306,0.048,0.002,0.003,0.000,-50.615,-278.941,387.280,176.199,-7.178,-121.254,1,-0.0323,0.0279,-0.0284,0
19547500,0.076,0.310,0.039,0.002,0.003,0.000,-50.615,-278.941,387.280,176.199,-7.178,-121.254,1,-0.0323,0.0279,-0.0284,0
19547578,0.054,0.307,0.013,0.002,0.003,0.002,-50.615,-278.941,387.280,176.199,-7.178,-121.254,1,-0.0323,0.0279,-0.0284,0
19547687,0.085,0.299,0.058,0.001,0.003,-0.001,-50.615,-278.941,387.280,176.199,-7.178,-121.254,1,-0.0323,0.0279,-0.0284,0
19547796,0.072,0.290,0.059,0.001,0.003,-0.000,-50.615,-278.941,387.280,176.199,-7.178,-121.254,1,-0.0323,0.0279,-0.0284,0
19547937,0.070,0.290,0.027,0.001,0.003,0.001,-50.615,-278.941,387.280,176.199,-7.178,-121.254,1,-0.0323,0.0279,-0.0284,0
19547984,0.071,0.294,0.043,0.001,0.003,0.000,-50.615,-278.941,387.280,176.199,-7.178,-121.254,1,-0.0323,0.0279,-0.0284,0
19548031,0.062,0.300,0.053,0.002,0.003,0.001,-50.615,-278.941,387.280,176.199,-7.178,-121.254,1,-0.0323,0.0279,-0.0284,0
19548109,0.070,0.300,0.041,0.002,0.003,0.001,-50.615,-278.941,387.280,176.199,-7.178,-121.254,1,-0.0323,0.0279,-0.0284,0
19548250,0.076,0.295,0.003,0.001,0.003,0.001,-50.615,-278.941,387.280,176.199,-7.178,-121.254,1,-0.0323,0.0279,-0.0284,0
19548343,0.087,0.295,0.040,0.001,0.002,0.000,-50.615,-278.941,387.280,176.199,-7.178,-121.254,1,-0.0323,0.0279,-0.0284,0
19548453,0.087,0.290,0.082,0.001,0.003,-0.001,-50.615,-278.941,387.280,176.199,-7.178,-121.254,1,-0.0323,0.0279,-0.0284,0
19548531,0.071,0.280,0.023,0.001,0.003,0.001,-50.615,-278.941,387.280,176.199,-7.178,-121.254,1,-0.0323,0.0279,-0.0284,0
19548625,0.064,0.296,0.030,0.001,0.003,0.000,-50.615,-278.941,387.280,176.199,-7.178,-121.254,1,-0.0323,0.0279,-0.0284,0
19548703,0.059,0.304,-0.003,0.002,0.003,0.001,-50.615,-278.941,387.280,176.199,-7.178,-121.254,1,-0.0323,0.0279,-0.0284,0
19548781,0.071,0.296,0.055,0.001,0.003,-0.001,-50.615,-278.941,387.280,176.199,-7.178,-121.254,1,-0.0323,0.0279,-0.0284,0
19548890,0.068,0.293,0.061,0.002,0.003,0.001,-50.615,-278.941,387.280,176.199,-7.178,-121.254,1,-0.0323,0.0279,-0.0284,0
19549000,0.055,0.306,-0.012,0.002,0.003,0.002,-50.615,-278.941,387.280,176.199,-7.178,-121.254,1,-0.0323,0.0279,-0.0284,0
19549140,0.087,0.311,0.002,0.001,0.003,0.001,-50.615,-278.941,387.280,176.199,-7.178,-121.254,1,-0.0323,0.0279,-0.0284,0
19549187,0.077,0.295,-0.002,0.001,0.003,0.001,-50.615,-278.941,387.280,176.199,-7.178,-121.254,1,-0.0323,0.0279,-0.0284,0
19549234,0.064,0.285,-0.005,0.001,0.003,0.001,-50.615,-278.941,387.280,176.199,-7.178,-121.254,1,-0.0323,0.0279,-0.0284,0
19549312,0.057,0.288,0.022,0.001,0.003,0.001,-50.615,-278.941,387.280,176.199,-7.178,-121.254,1,-0.0323,0.0279,-0.0284,0
19549453,0.069,0.285,0.052,0.001,0.003,-0.000,-50.615,-278.941,387.280,176.199,-7.178,-121.254,1,-0.0323,0.0279,-0.0284,0
19549546,0.071,0.288,0.054,0.001,0.003,-0.000,-50.615,-278.941,387.280,176.199,-7.178,-121.254,1,-0.0323,0.0279,-0.0284,0
19549656,0.068,0.289,0.018,0.001,0.003,0.001,-50.615,-278.941,387.280,176.199,-7.178,-121.254,1,-0.0323,0.0279,-0.0284,0
19549734,0.081,0.289,0.007,0.001,0.003,0.001,-50.615,-278.941,387.280,176.199,-7.178,-121.254,1,-0.0323,0.0279,-0.0284,0
19549828,0.076,0.287,0.064,0.001,0.003,-0.001,-50.615,-278.941,387.280,176.199,-7.178,-121.254,1,-0.0323,0.0279,-0.0284,0
19549906,0.077,0.287,0.063,0.000,0.003,-0.000,-50.615,-278.941,387.280,176.199,-7.178,-121.254,1,-0.0323,0.0279,-0.0284,0
19549984,0.062,0.298,0.037,0.001,0.003,0.001,-50.615,-278.941,387.280,176.199,-7.178,-121.254,1,-0.0323,0.0279,-0.0284,0
19550078,0.064,0.288,0.055,0.001,0.003,-0.000,-50.615,-278.941,387.280,176.199,-7.178,-121.254,1,-0.0323,0.0279,-0.0284,0
19550187,0.067,0.296,0.018,0.001,0.003,0.000,-50.615,-278.941,387.280,176.199,-7.178,-121.254,1,-0.0323,0.0279,-0.0284,0
19550328,0.071,0.295,0.047,0.001,0.003,-0.001,-50.615,-278.941,387.280,176.199,-7.178,-121.254,1,-0.0323,0.0279,-0.0284,0
19550375,0.073,0.299,0.040,0.001,0.003,-0.000,-50.615,-278.941,387.280,176.199,-7.178,-121.254,1,-0.0323,0.0279,-0.0284,0
19550421,0.064,0.290,0.061,0.001,0.003,-0.001,-50.615,-278.941,387.280,176.199,-7.178,-121.254,1,-0.0323,0.0279,-0.0284,0
19550500,0.077,0.304,0.039,0.001,0.003,0.000,-50.615,-278.941,387.280,176.199,-7.178,-121.254,1,-0.0323,0.0279,-0.0284,0
19550640,0.073,0.291,0.039,0.001,0.003,-0.000,-50.615,-278.941,387.280,176.199,-7.178,-121.254,1,-0.0323,0.0279,-0.0284,0
19550734,0.067,0.299,0.051,0.001,0.003,0.000,-50.615,-278.941,387.280,176.199,-7.178,-121.254,1,-0.0323,0.0279,-0.0284,0
19550843,0.056,0.304,0.048,0.001,0.004,0.000,-50.615,-278.941,387.280,176.199,-7.178,-121.254,1,-0.0323,0.0279,-0.0284,0
19550921,0.072,0.285,0.084,0.000,0.003,-0.002,-50.615,-278.941,387.280,176.199,-7.178,-121.254,1,-0.0323,0.0279,-0.0284,0
19551015,0.054,0.290,0.067,0.001,0.003,-0.000,-50.615,-278.941,387.280,176.199,-7.178,-121.254,1,-0.0323,0.0279,-0.0284,0
19551093,0.064,0.287,0.026,0.001,0.003,0.001,-50.615,-278.941,387.280,176.199,-7.178,-121.254,1,-0.0323,0.0279,-0.0284,0
19551171,0.066,0.288,0.039,0.001,0.003,0.001,-50.615,-278.941,387.280,176.199,-7.178,-121.254,1,-0.0323,0.0279,-0.0284,0
19551281,0.068,0.301,0.056,0.001,0.003,0.000,-50.615,-278.941,387.280,176.199,-7.178,-121.254,1,-0.0323,0.0279,-0.0284,0
19551390,0.075,0.289,0.052,0.001,0.003,-0.000,-50.615,-278.941,387.280,176.199,-7.178,-121.254,1,-0.0323,0.0279,-0.0284,0
19551531,0.062,0.292,0.072,0.001,0.003,0.000,-50.615,-278.941,387.280,176.199,-7.178,-121.254,1,-0.0323,0.0279,-0.0284,0
19551578,0.060,0.287,0.076,0.001,0.003,0.000,-50.615,-278.941,387.280,176.199,-7.178,-121.254,1,-0.0323,0.0279,-0.0284,0
19551625,0.052,0.286,0.070,0.001,0.003,0.001,-50.615,-278.941,387.280,176.199,-7.178,-121.254,1,-0.0323,0.0279,-0.0284,0
19551703,0.052,0.281,0.061,0.001,0.003,0.001,-50.615,-278.941,387.280,176.199,-7.178,-121.254,1,-0.0323,0.0279,-0.0284,0
19551843,0.055,0.294,0.012,0.002,0.003,0.001,-50.615,-278.941,387.280,176.199,-7.178,-121.254,1,-0.0323,0.0279,-0.0284,0
19551937,0.042,0.283,0.050,0.002,0.004,0.000,-50.615,-278.941,387.280,176.199,-7.178,-121.254,1,-0.0323,0.0279,-0.0284,0
19552046,0.062,0.297,0.031,0.001,0.003,0.001,-50.615,-278.941,387.280,176.199,-7.178,-121.254,1,-0.0323,0.0279,-0.0284,0
19552125,0.065,0.312,0.086,0.002,0.003,0.000,-50.615,-278.941,387.280,176.199,-7.178,-121.254,1,-0.0323,0.0279,-0.0284,0
19552218,0.055,0.314,0.043,0.002,0.003,0.002,-50.615,-278.941,387.280,176.199,-7.178,-121.254,1,-0.0323,0.0279,-0.0284,0
19552296,0.060,0.304,0.049,0.001,0.003,0.001,-50.615,-278.941,387.280,176.199,-7.178,-121.254,1,-0.0323,0.0279,-0.0284,0
19552375,0.059,0.296,0.035,0.002,0.003,0.001,-50.615,-278.941,387.280,176.199,-7.178,-121.254,1,-0.0323,0.0279,-0.0284,0
19552484,0.059,0.297,0.022,0.001,0.003,0.001,-50.615,-278.941,387.280,176.199,-7.178,-121.254,1,-0.0323,0.0279,-0.0284,0
19552593,0.052,0.298,0.033,0.001,0.003,0.001,-50.615,-278.941,387.280,176.199,-7.178,-121.254,1,-0.0323,0.0279,-0.0284,0
19552734,0.058,0.310,0.045,0.002,0.003,0.003,-50.615,-278.941,387.280,176.199,-7.178,-121.254,1,-0.0323,0.0279,-0.0284,0
19552781,0.062,0.303,0.042,0.002,0.003,0.002,-50.615,-278.941,387.280,176.199,-7.178,-121.254,1,-0.0323,0.0279,-0.0284,0
19552828,0.066,0.301,0.040,0.002,0.003,0.002,-50.615,-278.941,387.280,176.199,-7.178,-121.254,1,-0.0323,0.0279,-0.0284,0
19552906,0.068,0.299,0.038,0.001,0.003,0.001,-50.615,-278.941,387.280,176.199,-7.178,-121.254,1,-0.0323,0.0279,-0.0284,0
19553031,0.073,0.297,0.042,0.001,0.003,0.001,-50.615,-278.941,387.280,176.199,-7.178,-121.254,1,-0.0323,0.0279,-0.0284,0
19553125,0.067,0.307,0.017,0.001,0.003,0.002,-50.615,-278.941,387.280,176.199,-7.178,-121.254,1,-0.0323,0.0279,-0.0284,0
19553234,0.053,0.300,0.024,0.002,0.003,0.002,-50.615,-278.941,387.280,176.199,-7.178,-121.254,1,-0.0323,0.0279,-0.0284,0
19553312,0.065,0.305,0.039,0.001,0.003,0.001,-50.615,-278.941,387.280,176.199,-7.178,-121.254,1,-0.0323,0.0279,-0.0284,0
19553406,0.069,0.312,0.025,0.002,0.003,0.002,-50.615,-278.941,387.280,176.199,-7.178,-121.254,1,-0.0323,0.0279,-0.0284,0
19553484,0.057,0.313,0.034,0.002,0.003,0.002,-50.615,-278.941,387.280,176.199,-7.178,-121.254,1,-0.0323,0.0279,-0.0284,0
19553562,0.054,0.312,0.023,0.002,0.003,0.002,-50.615,-278.941,387.280,176.199,-7.178,-121.254,1,-0.0323,0.0279,-0.0284,0
19553671,0.079,0.295,0.024,0.001,0.003,0.001,-50.615,-278.941,387.280,176.199,-7.178,-121.254,1,-0.0323,0.0279,-0.0284,0
19553781,0.063,0.305,0.041,0.002,0.003,0.001,-50.615,-278.941,387.280,176.199,-7.178,-121.254,1,-0.0323,0.0279,-0.0284,0
19553921,0.049,0.314,0.027,0.003,0.004,0.002,-50.615,-278.941,387.280,176.199,-7.178,-121.254,1,-0.0323,0.0279,-0.0284,0
19553968,0.057,0.307,0.039,0.002,0.003,0.001,-50.615,-278.941,387.280,176.199,-7.178,-121.254,1,-0.0323,0.0279,-0.0284,0
19554015,0.082,0.299,0.062,0.001,0.003,-0.000,-50.615,-278.941,387.280,176.199,-7.178,-121.254,1,-0.0323,0.0279,-0.0284,0
19554093,0.079,0.299,0.074,0.001,0.003,-0.001,-50.615,-278.941,387.280,176.199,-7.178,-121.254,1,-0.0323,0.0279,-0.0284,0
19554234,0.062,0.307,0.022,0.002,0.003,0.002,-50.615,-278.941,387.280,176.199,-7.178,-121.254,1,-0.0323,0.0279,-0.0284,0
19554328,0.066,0.308,0.033,0.002,0.003,0.002,-50.615,-278.941,387.280,176.199,-7.178,-121.254,1,-0.0323,0.0279,-0.0284,0
19554437,0.078,0.305,0.054,0.001,0.003,-0.000,-50.615,-278.941,387.280,176.199,-7.178,-121.254,1,-0.0323,0.0279,-0.0284,0
19554515,0.075,0.313,0.016,0.002,0.003,0.001,-50.615,-278.941,387.280,176.199,-7.178,-121.254,1,-0.0323,0.0279,-0.0284,0
19554609,0.086,0.312,0.041,0.001,0.002,-0.000,-50.615,-278.941,387.280,176.199,-7.178,-121.254,1,-0.0323,0.0279,-0.0284,0
19554687,0.063,0.308,0.028,0.002,0.003,0.002,-50.615,-278.941,387.280,176.199,-7.178,-121.254,1,-0.0323,0.0279,-0.0284,0
19554765,0.082,0.290,0.038,0.001,0.003,-0.001,-50.615,-278.941,387.280,176.199,-7.178,-121.254,1,-0.0323,0.0279,-0.0284,0
19554875,0.077,0.287,0.047,0.001,0.003,-0.000,-50.615,-278.941,387.280,176.199,-7.178,-121.254,1,-0.0323,0.0279,-0.0284,0
19554984,0.074,0.299,0.070,0.002,0.003,-0.000,-50.615,-278.941,387.280,176.199,-7.178,-121.254,1,-0.0323,0.0279,-0.0284,0
19555125,0.088,0.292,0.066,0.001,0.003,-0.001,-50.615,-278.941,387.280,176.199,-7.178,-121.254,1,-0.0323,0.0279,-0.0284,0
19555171,0.077,0.312,0.013,0.001,0.003,0.001,-50.615,-278.941,387.280,176.199,-7.178,-121.254,1,-0.0323,0.0279,-0.0284,0
19555218,0.090,0.305,0.016,0.001,0.003,0.001,-50.615,-278.941,387.280,176.199,-7.178,-121.254,1,-0.0323,0.0279,-0.0284,0
19555296,0.073,0.317,0.009,0.002,0.003,0.002,-50.615,-278.941,387.280,176.199,-7.178,-121.254,1,-0.0323,0.0279,-0.0284,0
19555421,0.094,0.302,0.045,0.001,0.002,0.000,-50.615,-278.941,387.280,176.199,-7.178,-121.254,1,-0.0323,0.0279,-0.0284,0
19555515,0.076,0.297,0.056,0.001,0.002,-0.001,-50.615,-278.941,387.280,176.199,-7.178,-121.254,1,-0.0323,0.0279,-0.0284,0
19555625,0.067,0.311,0.012,0.002,0.003,0.001,-50.615,-278.941,387.280,176.199,-7.178,-121.254,1,-0.0323,0.0279,-0.0284,0
19555703,0.073,0.312,0.023,0.002,0.003,0.001,-50.615,-278.941,387.280,176.199,-7.178,-121.254,1,-0.0323,0.0279,-0.0284,0
19555796,0.073,0.298,0.071,0.001,0.003,-0.001,-50.615,-278.941,387.280,176.199,-7.178,-121.254,1,-0.0323,0.0279,-0.0284,0
19555875,0.071,0.299,0.052,0.001,0.003,0.000,-50.615,-278.941,387.280,176.199,-7.178,-121.254,1,-0.0323,0.0279,-0.0284,0
19555953,0.061,0.306,0.026,0.001,0.003,0.001,-50.615,-278.941,387.280,176.199,-7.178,-121.254,1,-0.0323,0.0279,-0.0284,0
19556062,0.083,0.299,0.065,0.001,0.003,-0.001,-50.615,-278.941,387.280,176.199,-7.178,-121.254,1,-0.0323,0.0279,-0.0284,0
19556171,0.085,0.308,0.045,0.001,0.003,-0.000,-50.615,-278.941,387.280,176.199,-7.178,-121.254,1,-0.0323,0.0279,-0.0284,0
19556312,0.069,0.302,0.038,0.001,0.003,0.000,-50.615,-278.941,387.280,176.199,-7.178,-121.254,1,-0.0323,0.0279,-0.0284,0
19556359,0.070,0.298,0.034,0.001,0.003,0.001,-50.615,-278.941,387.280,176.199,-7.178,-121.254,1,-0.0323,0.0279,-0.0284,0
19556406,0.072,0.297,0.050,0.001,0.003,-0.000,-50.615,-278.941,387.280,176.199,-7.178,-121.254,1,-0.0323,0.0279,-0.0284,0
19556484,0.080,0.285,0.056,0.000,0.003,-0.000,-50.615,-278.941,387.280,176.199,-7.178,-121.254,1,-0.0323,0.0279,-0.0284,0
19556625,0.084,0.303,-0.004,0.001,0.003,0.002,-50.615,-278.941,387.280,176.199,-7.178,-121.254,1,-0.0323,0.0279,-0.0284,0
19556718,0.072,0.293,0.067,0.001,0.003,-0.001,-50.615,-278.941,387.280,176.199,-7.178,-121.254,1,-0.0323,0.0279,-0.0284,0
19556828,0.070,0.300,0.026,0.001,0.003,0.000,-50.615,-278.941,387.280,176.199,-7.178,-121.254,1,-0.0323,0.0279,-0.0284,0
19556906,0.081,0.301,0.071,0.001,0.003,-0.000,-50.615,-278.941,387.280,176.199,-7.178,-121.254,1,-0.0323,0.0279,-0.0284,0
19557000,0.069,0.308,0.039,0.001,0.003,0.000,-50.615,-278.941,387.280,176.199,-7.178,-121.254,1,-0.0323,0.0279,-0.0284,0
19557078,0.068,0.301,0.034,0.001,0.003,0.000,-50.615,-278.941,387.280,176.199,-7.178,-121.254,1,-0.0323,0.0279,-0.0284,0
19557156,0.069,0.298,0.046,0.001,0.003,0.000,-50.615,-278.941,387.280,176.199,-7.178,-121.254,1,-0.0323,0.0279,-0.0284,0
19557265,0.062,0.298,0.055,0.001,0.003,0.000,-50.615,-278.941,387.280,176.199,-7.178,-121.254,1,-0.0323,0.0279,-0.0284,0
19557375,0.068,0.300,0.034,0.001,0.003,0.001,-50.615,-278.941,387.280,176.199,-7.178,-121.254,1,-0.0323,0.0279,-0.0284,0
19557515,0.057,0.295,0.053,0.001,0.003,-0.000,-50.615,-278.941,387.280,176.199,-7.178,-121.254,1,-0.0323,0.0279,-0.0284,0
19557562,0.068,0.307,0.044,0.001,0.003,-0.000,-50.615,-278.941,387.280,176.199,-7.178,-121.254,1,-0.0323,0.0279,-0.0284,0
19557609,0.075,0.301,0.029,0.001,0.003,0.000,-50.615,-278.941,387.280,176.199,-7.178,-121.254,1,-0.0323,0.0279,-0.0284,0
19557671,0.067,0.305,0.054,0.001,0.003,-0.000,-50.615,-278.941,387.280,176.199,-7.178,-121.254,1,-0.0323,0.0279,-0.0284,0
19557812,0.064,0.316,0.037,0.002,0.003,0.001,-50.615,-278.941,387.280,176.199,-7.178,-121.254,1,-0.0323,0.0279,-0.0284,0
19557906,0.067,0.301,0.051,0.001,0.003,0.000,-50.615,-278.941,387.280,176.199,-7.178,-121.254,1,-0.0323,0.0279,-0.0284,0
19558015,0.067,0.304,0.035,0.001,0.003,0.001,-50.615,-278.941,387.280,176.199,-7.178,-121.254,1,-0.0323,0.0279,-0.0284,0
19558093,0.033,0.312,0.062,0.002,0.004,0.001,-50.615,-278.941,387.280,176.199,-7.178,-121.254,1,-0.0323,0.0279,-0.0284,0
19558187,0.060,0.290,0.062,0.001,0.003,0.000,-50.615,-278.941,387.280,176.199,-7.178,-121.254,1,-0.0323,0.0279,-0.0284,0
19558265,0.071,0.311,0.037,0.001,0.003,0.001,-50.615,-278.941,387.280,176.199,-7.178,-121.254,1,-0.0323,0.0279,-0.0284,0
19558343,0.070,0.315,0.045,0.001,0.003,0.001,-50.615,-278.941,387.280,176.199,-7.178,-121.254,1,-0.0323,0.0279,-0.0284,0
19558453,0.066,0.305,0.032,0.001,0.003,0.001,-50.615,-278.941,387.280,176.199,-7.178,-121.254,1,-0.0323,0.0279,-0.0284,0
19558562,0.065,0.302,0.055,0.001,0.003,-0.000,-50.615,-278.941,387.280,176.199,-7.178,-121.254,1,-0.0323,0.0279,-0.0284,0
19558703,0.066,0.307,0.050,0.001,0.003,0.001,-50.615,-278.941,387.280,176.199,-7.178,-121.254,1,-0.0323,0.0279,-0.0284,0
19558750,0.076,0.310,0.025,0.002,0.003,0.001,-50.615,-278.941,387.280,176.199,-7.178,-121.254,1,-0.0323,0.0279,-0.0284,0
19558796,0.068,0.313,0.021,0.002,0.003,0.001,-50.615,-278.941,387.280,176.199,-7.178,-121.254,1,-0.0323,0.0279,-0.0284,0
19558875,0.057,0.304,0.033,0.001,0.004,0.000,-50.615,-278.941,387.280,176.199,-7.178,-121.254,1,-0.0323,0.0279,-0.0284,0
19559015,0.056,0.318,0.036,0.002,0.004,0.001,-50.615,-278.941,387.280,176.199,-7.178,-121.254,1,-0.0323,0.0279,-0.0284,0
19559109,0.066,0.306,0.039,0.001,0.003,0.000,-50.615,-278.941,387.280,176.199,-7.178,-121.254,1,-0.0323,0.0279,-0.0284,0
19559218,0.051,0.331,0.049,0.002,0.003,0.001,-50.615,-278.941,387.280,176.199,-7.178,-121.254,1,-0.0323,0.0279,-0.0284,0
19559296,0.037,0.331,0.052,0.002,0.003,0.002,-50.615,-278.941,387.280,176.199,-7.178,-121.254,1,-0.0323,0.0279,-0.0284,0
19559375,0.065,0.312,0.059,0.001,0.003,0.000,-50.615,-278.941,387.280,176.199,-7.178,-121.254,1,-0.0323,0.0279,-0.0284,0
19559453,0.059,0.310,0.035,0.002,0.003,0.001,-50.615,-278.941,387.280,176.199,-7.178,-121.254,1,-0.0323,0.0279,-0.0284,0
19559531,0.072,0.304,0.029,0.001,0.003,0.001,-50.615,-278.941,387.280,176.199,-7.178,-121.254,1,-0.0323,0.0279,-0.0284,0
19559640,0.065,0.301,0.069,0.001,0.003,-0.000,-50.615,-278.941,387.280,176.199,-7.178,-121.254,1,-0.0323,0.0279,-0.0284,0
19559750,0.069,0.304,0.039,0.001,0.003,0.000,-50.615,-278.941,387.280,176.199,-7.178,-121.254,1,-0.0323,0.0279,-0.0284,0
19559890,0.067,0.316,0.044,0.002,0.003,0.001,-50.615,-278.941,387.280,176.199,-7.178,-121.254,1,-0.0323,0.0279,-0.0284,0
19559937,0.070,0.312,0.048,0.001,0.003,-0.000,-50.615,-278.941,387.280,176.199,-7.178,-121.254,1,-0.0323,0.0279,-0.0284,0
19559984,0.068,0.312,0.039,0.001,0.003,0.000,-50.615,-278.941,387.280,176.199,-7.178,-121.254,1,-0.0323,0.0279,-0.0284,0
19560062,0.054,0.313,0.066,0.002,0.003,0.001,-50.615,-278.941,387.280,176.199,-7.178,-121.254,1,-0.0323,0.0279,-0.0284,0
19560203,0.036,0.311,0.036,0.002,0.004,0.002,-50.615,-278.941,387.280,176.199,-7.178,-121.254,1,-0.0323,0.0279,-0.0284,0
19560296,0.083,0.316,0.040,0.001,0.003,0.000,-50.615,-278.941,387.280,176.199,-7.178,-121.254,1,-0.0323,0.0279,-0.0284,0
19560406,0.067,0.306,0.048,0.001,0.003,-0.000,-50.615,-278.941,387.280,176.199,-7.178,-121.254,1,-0.0323,0.0279,-0.0284,0
19560484,0.050,0.326,0.019,0.002,0.004,0.002,-50.615,-278.941,387.280,176.199,-7.178,-121.254,1,-0.0323,0.0279,-0.0284,0
19560578,0.053,0.327,0.024,0.002,0.004,0.002,-50.615,-278.941,387.280,176.199,-7.178,-121.254,1,-0.0323,0.0279,-0.0284,0
19560656,0.066,0.320,0.026,0.002,0.003,0.001,-50.615,-278.941,387.280,176.199,-7.178,-121.254,1,-0.0323,0.0279,-0.0284,0
19560734,0.072,0.316,0.048,0.002,0.003,0.001,-50.615,-278.941,387.280,176.199,-7.178,-121.254,1,-0.0323,0.0279,-0.0284,0
19560843,0.056,0.319,0.036,0.002,0.003,0.002,-50.615,-278.941,387.280,176.199,-7.178,-121.254,1,-0.0323,0.0279,-0.0284,0
19560953,0.067,0.322,0.037,0.002,0.003,0.001,-50.615,-278.941,387.280,176.199,-7.178,-121.254,1,-0.0323,0.0279,-0.0284,0
19561093,0.078,0.327,0.061,0.002,0.003,-0.000,-50.615,-278.941,387.280,176.199,-7.178,-121.254,1,-0.0323,0.0279,-0.0284,0
19561140,0.061,0.325,0.033,0.002,0.004,0.001,-50.615,-278.941,387.280,176.199,-7.178,-121.254,1,-0.0323,0.0279,-0.0284,0
19561187,0.055,0.315,0.034,0.002,0.004,0.002,-50.615,-278.941,387.280,176.199,-7.178,-121.254,1,-0.0323,0.0279,-0.0284,0
19561265,0.063,0.321,0.039,0.002,0.003,0.002,-50.615,-278.941,387.280,176.199,-7.178,-121.254,1,-0.0323,0.0279,-0.0284,0
19561406,0.076,0.314,0.070,0.001,0.003,-0.000,-50.615,-278.941,387.280,176.199,-7.178,-121.254,1,-0.0323,0.0279,-0.0284,0
19561500,0.073,0.318,0.033,0.002,0.003,0.001,-50.615,-278.941,387.280,176.199,-7.178,-121.254,1,-0.0323,0.0279,-0.0284,0
19561609,0.070,0.320,-0.000,0.002,0.003,0.002,-50.615,-278.941,387.280,176.199,-7.178,-121.254,1,-0.0323,0.0279,-0.0284,0
19561671,0.078,0.325,0.022,0.002,0.003,0.001,-50.615,-278.941,387.280,176.199,-7.178,-121.254,1,-0.0323,0.0279,-0.0284,0
19561765,0.076,0.325,0.023,0.002,0.004,0.001,-50.615,-278.941,387.280,176.199,-7.178,-121.254,1,-0.0323,0.0279,-0.0284,0
19561843,0.085,0.322,0.023,0.002,0.003,0.002,-50.615,-278.941,387.280,176.199,-7.178,-121.254,1,-0.0323,0.0279,-0.0284,0
19561921,0.061,0.317,0.007,0.002,0.003,0.003,-50.615,-278.941,387.280,176.199,-7.178,-121.254,1,-0.0323,0.0279,-0.0284,0
19562031,0.069,0.312,0.025,0.002,0.003,0.001,-50.615,-278.941,387.280,176.199,-7.178,-121.254,1,-0.0323,0.0279,-0.0284,0
19562140,0.071,0.309,0.048,0.002,0.003,0.001,-50.615,-278.941,387.280,176.199,-7.178,-121.254,1,-0.0323,0.0279,-0.0284,0
19562281,0.082,0.302,0.070,0.002,0.003,-0.001,-50.615,-278.941,387.280,176.199,-7.178,-121.254,1,-0.0323,0.0279,-0.0284,0
19562328,0.093,0.313,0.042,0.001,0.003,-0.000,-50.615,-278.941,387.280,176.199,-7.178,-121.254,1,-0.0323,0.0279,-0.0284,0
19562375,0.075,0.325,0.028,0.002,0.003,0.001,-50.615,-278.941,387.280,176.199,-7.178,-121.254,1,-0.0323,0.0279,-0.0284,0
19562453,0.076,0.316,0.083,0.001,0.003,-0.001,-50.615,-278.941,387.280,176.199,-7.178,-121.254,1,-0.0323,0.0279,-0.0284,0
19562593,0.075,0.317,0.070,0.001,0.003,-0.000,-50.615,-278.941,387.280,176.199,-7.178,-121.254,1,-0.0323,0.0279,-0.0284,0
19562687,0.073,0.311,0.066,0.001,0.003,-0.000,-50.615,-278.941,387.280,176.199,-7.178,-121.254,1,-0.0323,0.0279,-0.0284,0
19562796,0.057,0.319,-0.012,0.002,0.004,0.002,-50.615,-278.941,387.280,176.199,-7.178,-121.254,1,-0.0323,0.0279,-0.0284,0
19562875,0.057,0.312,0.025,0.001,0.003,0.000,-50.615,-278.941,387.280,176.199,-7.178,-121.254,1,-0.0323,0.0279,-0.0284,0
19562968,0.071,0.307,0.062,0.001,0.003,-0.001,-50.615,-278.941,387.280,176.199,-7.178,-121.254,1,-0.0323,0.0279,-0.0284,0
19563046,0.079,0.319,0.039,0.001,0.003,0.000,-50.615,-278.941,387.280,176.199,-7.178,-121.254,1,-0.0323,0.0279,-0.0284,0
19563125,0.078,0.321,0.028,0.001,0.003,0.001,-50.615,-278.941,387.280,176.199,-7.178,-121.254,1,-0.0323,0.0279,-0.0284,0
19563234,0.082,0.321,0.063,0.001,0.003,-0.000,-50.615,-278.941,387.280,176.199,-7.178,-121.254,1,-0.0323,0.0279,-0.0284,0
19563343,0.071,0.312,0.073,0.001,0.003,-0.001,-50.615,-278.941,387.280,176.199,-7.178,-121.254,1,-0.0323,0.0279,-0.0284,0
19563484,0.066,0.304,0.045,0.001,0.003,0.000,-50.615,-278.941,387.280,176.199,-7.178,-121.254,1,-0.0323,0.0279,-0.0284,0
19563531,0.069,0.300,0.014,0.001,0.003,0.001,-50.615,-278.941,387.280,176.199,-7.178,-121.254,1,-0.0323,0.0279,-0.0284,0
19563578,0.070,0.307,0.035,0.001,0.003,0.001,-50.615,-278.941,387.280,176.199,-7.178,-121.254,1,-0.0323,0.0279,-0.0284,0
19563656,0.066,0.303,0.047,0.001,0.003,-0.000,-50.615,-278.941,387.280,176.199,-7.178,-121.254,1,-0.0323,0.0279,-0.0284,0
19563796,0.071,0.317,0.063,0.001,0.003,-0.001,-50.615,-278.941,387.280,176.199,-7.178,-121.254,1,-0.0323,0.0279,-0.0284,0
19563890,0.069,0.317,0.043,0.002,0.003,0.001,-50.615,-278.941,387.280,176.199,-7.178,-121.254,1,-0.0323,0.0279,-0.0284,0
19564000,0.065,0.311,0.063,0.002,0.003,0.000,-50.615,-278.941,387.280,176.199,-7.178,-121.254,1,-0.0323,0.0279,-0.0284,0
19564078,0.063,0.315,0.059,0.002,0.003,0.000,-50.615,-278.941,387.280,176.199,-7.178,-121.254,1,-0.0323,0.0279,-0.0284,0
19564171,0.058,0.316,0.023,0.001,0.003,0.001,-50.615,-278.941,387.280,176.199,-7.178,-121.254,1,-0.0323,0.0279,-0.0284,0
19564250,0.057,0.314,0.067,0.002,0.003,0.000,-50.615,-278.941,387.280,176.199,-7.178,-121.254,1,-0.0323,0.0279,-0.0284,0
19564328,0.062,0.314,0.056,0.001,0.003,-0.000,-50.615,-278.941,387.280,176.199,-7.178,-121.254,1,-0.0323,0.0279,-0.0284,0
19564437,0.056,0.312,0.033,0.001,0.004,0.000,-50.615,-278.941,387.280,176.199,-7.178,-121.254,1,-0.0323,0.0279,-0.0284,0
19564546,0.064,0.318,0.034,0.001,0.003,0.001,-50.615,-278.941,387.280,176.199,-7.178,-121.254,1,-0.0323,0.0279,-0.0284,0
19564687,0.049,0.307,0.067,0.001,0.004,-0.000,-50.615,-278.941,387.280,176.199,-7.178,-121.254,1,-0.0323,0.0279,-0.0284,0
19564734,0.044,0.311,0.069,0.001,0.004,-0.000,-50.615,-278.941,387.280,176.199,-7.178,-121.254,1,-0.0323,0.0279,-0.0284,0
19564781,0.058,0.315,0.041,0.001,0.003,0.000,-50.615,-278.941,387.280,176.199,-7.178,-121.254,1,-0.0323,0.0279,-0.0284,0
19564859,0.053,0.336,0.081,0.002,0.003,0.000,-50.615,-278.941,387.280,176.199,-7.178,-121.254,1,-0.0323,0.0279,-0.0284,0
19565000,0.059,0.311,0.023,0.001,0.003,0.001,-50.615,-278.941,387.280,176.199,-7.178,-121.254,1,-0.0323,0.0279,-0.0284,0
19565093,0.059,0.308,0.046,0.001,0.003,0.000,-50.615,-278.941,387.280,176.199,-7.178,-121.254,1,-0.0323,0.0279,-0.0284,0
19565203,0.054,0.319,0.034,0.001,0.003,-0.000,-50.615,-278.941,387.280,176.199,-7.178,-121.254,1,-0.0323,0.0279,-0.0284,0
19565281,0.056,0.306,0.058,0.002,0.003,0.000,-50.615,-278.941,387.280,176.199,-7.178,-121.254,1,-0.0323,0.0279,-0.0284,0
19565375,0.052,0.309,0.030,0.001,0.003,0.001,-50.615,-278.941,387.280,176.199,-7.178,-121.254,1,-0.0323,0.0279,-0.0284,0
19565453,0.062,0.324,0.024,0.002,0.003,0.001,-50.615,-278.941,387.280,176.199,-7.178,-121.254,1,-0.0323,0.0279,-0.0284,0
19565531,0.057,0.326,0.022,0.001,0.003,0.001,-50.615,-278.941,387.280,176.199,-7.178,-121.254,1,-0.0323,0.0279,-0.0284,0
19565640,0.061,0.320,0.069,0.002,0.004,0.001,-50.615,-278.941,387.280,176.199,-7.178,-121.254,1,-0.0323,0.0279,-0.0284,0
19565750,0.067,0.306,0.068,0.001,0.003,-0.001,-50.615,-278.941,387.280,176.199,-7.178,-121.254,1,-0.0323,0.0279,-0.0284,0
19565890,0.041,0.319,0.048,0.002,0.003,0.001,-50.615,-278.941,387.280,176.199,-7.178,-121.254,1,-0.0323,0.0279,-0.0284,0
19565937,0.036,0.314,0.049,0.001,0.003,0.001,-50.615,-278.941,387.280,176.199,-7.178,-121.254,1,-0.0323,0.0279,-0.0284,0
19565984,0.035,0.314,0.049,0.002,0.004,0.000,-50.615,-278.941,387.280,176.199,-7.178,-121.254,1,-0.0323,0.0279,-0.0284,0
19566062,0.064,0.318,0.044,0.001,0.003,0.000,-50.615,-278.941,387.280,176.199,-7.178,-121.254,1,-0.0323,0.0279,-0.0284,0
19566187,0.040,0.342,0.011,0.002,0.004,0.002,-50.615,-278.941,387.280,176.199,-7.178,-121.254,1,-0.0323,0.0279,-0.0284,0
19566281,0.060,0.320,0.049,0.001,0.003,0.000,-50.615,-278.941,387.280,176.199,-7.178,-121.254,1,-0.0323,0.0279,-0.0284,0
19566390,0.077,0.307,0.072,0.001,0.003,-0.000,-50.615,-278.941,387.280,176.199,-7.178,-121.254,1,-0.0323,0.0279,-0.0284,0
19566468,0.066,0.316,0.011,0.001,0.003,0.001,-50.615,-278.941,387.280,176.199,-7.178,-121.254,1,-0.0323,0.0279,-0.0284,0
19566562,0.056,0.306,0.030,0.002,0.003,0.001,-50.615,-278.941,387.280,176.199,-7.178,-121.254,1,-0.0323,0.0279,-0.0284,0
19566640,0.065,0.311,0.036,0.001,0.003,0.000,-50.615,-278.941,387.280,176.199,-7.178,-121.254,1,-0.0323,0.0279,-0.0284,0
19566718,0.058,0.311,0.009,0.002,0.003,0.001,-50.615,-278.941,387.280,176.199,-7.178,-121.254,1,-0.0323,0.0279,-0.0284,0
19566828,0.035,0.285,0.054,0.001,0.004,0.001,-50.615,-278.941,387.280,176.199,-7.178,-121.254,1,-0.0323,0.0279,-0.0284,0
19566937,0.056,0.330,0.054,0.002,0.003,0.002,-50.615,-278.941,387.280,176.199,-7.178,-121.254,1,-0.0323,0.0279,-0.0284,0
19567078,0.060,0.305,0.032,0.001,0.003,0.001,-50.615,-278.941,387.280,176.199,-7.178,-121.254,1,-0.0323,0.0279,-0.0284,0
19567125,0.060,0.312,0.051,0.002,0.003,0.000,-50.615,-278.941,387.280,176.199,-7.178,-121.254,1,-0.0323,0.0279,-0.0284,0
19567171,0.059,0.321,0.024,0.002,0.004,0.002,-50.615,-278.941,387.280,176.199,-7.178,-121.254,1,-0.0323,0.0279,-0.0284,0
19567250,0.068,0.308,0.040,0.001,0.003,0.000,-50.615,-278.941,387.280,176.199,-7.178,-121.254,1,-0.0323,0.0279,-0.0284,0
19567390,0.054,0.311,0.032,0.002,0.003,0.001,-50.615,-278.941,387.280,176.199,-7.178,-121.254,1,-0.0323,0.0279,-0.0284,0
19567484,0.066,0.311,0.029,0.001,0.003,0.001,-50.615,-278.941,387.280,176.199,-7.178,-121.254,1,-0.0323,0.0279,-0.0284,0
19567593,0.074,0.306,0.042,0.001,0.003,0.000,-50.615,-278.941,387.280,176.199,-7.178,-121.254,1,-0.0323,0.0279,-0.0284,0
19567671,0.063,0.313,0.034,0.001,0.003,0.001,-50.615,-278.941,387.280,176.199,-7.178,-121.254,1,-0.0323,0.0279,-0.0284,0
19567765,0.065,0.324,0.040,0.002,0.003,0.001,-50.615,-278.941,387.280,176.199,-7.178,-121.254,1,-0.0323,0.0279,-0.0284,0
19567843,0.058,0.324,0.023,0.002,0.003,0.001,-50.615,-278.941,387.280,176.199,-7.178,-121.254,1,-0.0323,0.0279,-0.0284,0
19567921,0.052,0.310,0.029,0.002,0.003,0.002,-50.615,-278.941,387.280,176.199,-7.178,-121.254,1,-0.0323,0.0279,-0.0284,0
19568031,0.075,0.309,0.052,0.001,0.003,0.000,-50.615,-278.941,387.280,176.199,-7.178,-121.254,1,-0.0323,0.0279,-0.0284,0
19568140,0.065,0.300,0.043,0.001,0.003,0.000,-50.615,-278.941,387.280,176.199,-7.178,-121.254,1,-0.0323,0.0279,-0.0284,0
19568281,0.062,0.299,0.065,0.001,0.003,0.000,-50.615,-278.941,387.280,176.199,-7.178,-121.254,1,-0.0323,0.0279,-0.0284,0
19568328,0.052,0.307,0.040,0.002,0.003,0.002,-50.615,-278.941,387.280,176.199,-7.178,-121.254,1,-0.0323,0.0279,-0.0284,0
19568375,0.055,0.313,0.033,0.002,0.003,0.003,-50.615,-278.941,387.280,176.199,-7.178,-121.254,1,-0.0323,0.0279,-0.0284,0
19568453,0.076,0.299,0.032,0.001,0.003,0.000,-50.615,-278.941,387.280,176.199,-7.178,-121.254,1,-0.0323,0.0279,-0.0284,0
19568593,0.059,0.318,0.035,0.002,0.003,0.001,-50.615,-278.941,387.280,176.199,-7.178,-121.254,1,-0.0323,0.0279,-0.0284,0
19568687,0.075,0.311,0.041,0.002,0.003,0.001,-50.615,-278.941,387.280,176.199,-7.178,-121.254,1,-0.0323,0.0279,-0.0284,0
19568796,0.079,0.307,0.049,0.001,0.003,0.000,-50.615,-278.941,387.280,176.199,-7.178,-121.254,1,-0.0323,0.0279,-0.0284,0
19568875,0.069,0.311,0.011,0.002,0.003,0.002,-50.615,-278.941,387.280,176.199,-7.178,-121.254,1,-0.0323,0.0279,-0.0284,0
19568968,0.084,0.310,0.025,0.001,0.003,0.001,-50.615,-278.941,387.280,176.199,-7.178,-121.254,1,-0.0323,0.0279,-0.0284,0
19569046,0.090,0.291,0.045,0.000,0.002,-0.000,-50.615,-278.941,387.280,176.199,-7.178,-121.254,1,-0.0323,0.0279,-0.0284,0
19569125,0.062,0.317,0.039,0.002,0.003,0.001,-50.615,-278.941,387.280,176.199,-7.178,-121.254,1,-0.0323,0.0279,-0.0284,0
19569234,0.062,0.320,0.023,0.002,0.003,0.001,-50.615,-278.941,387.280,176.199,-7.178,-121.254,1,-0.0323,0.0279,-0.0284,0
19569343,0.080,0.312,0.064,0.001,0.003,-0.001,-50.615,-278.941,387.280,176.199,-7.178,-121.254,1,-0.0323,0.0279,-0.0284,0
19569468,0.070,0.300,0.094,0.002,0.003,-0.001,-50.615,-278.941,387.280,176.199,-7.178,-121.254,1,-0.0323,0.0279,-0.0284,0
19569515,0.066,0.311,0.047,0.002,0.003,0.001,-50.615,-278.941,387.280,176.199,-7.178,-121.254,1,-0.0323,0.0279,-0.0284,0
19569562,0.066,0.320,0.013,0.002,0.003,0.002,-50.615,-278.941,387.280,176.199,-7.178,-121.254,1,-0.0323,0.0279,-0.0284,0
19569640,0.085,0.311,0.055,0.001,0.002,-0.001,-50.615,-278.941,387.280,176.199,-7.178,-121.254,1,-0.0323,0.0279,-0.0284,0
19569781,0.076,0.286,0.042,0.001,0.003,-0.001,-50.615,-278.941,387.280,176.199,-7.178,-121.254,1,-0.0323,0.0279,-0.0284,0
19569875,0.063,0.316,0.017,0.002,0.003,0.003,-50.615,-278.941,387.280,176.199,-7.178,-121.254,1,-0.0323,0.0279,-0.0284,0
19569984,0.080,0.313,0.007,0.001,0.003,0.002,-50.615,-278.941,387.280,176.199,-7.178,-121.254,1,-0.0323,0.0279,-0.0284,0
19570062,0.086,0.302,0.060,0.001,0.003,-0.000,-50.615,-278.941,387.280,176.199,-7.178,-121.254,1,-0.0323,0.0279,-0.0284,0
19570156,0.065,0.326,-0.006,0.002,0.003,0.003,-50.615,-278.941,387.280,176.199,-7.178,-121.254,1,-0.0323,0.0279,-0.0284,0
19570234,0.072,0.317,0.026,0.002,0.003,0.002,-50.615,-278.941,387.280,176.199,-7.178,-121.254,1,-0.0323,0.0279,-0.0284,0
19570312,0.073,0.310,0.064,0.001,0.003,-0.000,-50.615,-278.941,387.280,176.199,-7.178,-121.254,1,-0.0323,0.0279,-0.0284,0
19570421,0.087,0.308,0.031,0.001,0.003,0.000,-50.615,-278.941,387.280,176.199,-7.178,-121.254,1,-0.0323,0.0279,-0.0284,0
19570531,0.071,0.312,0.030,0.002,0.003,0.001,-50.615,-278.941,387.280,176.199,-7.178,-121.254,1,-0.0323,0.0279,-0.0284,0
19570671,0.072,0.316,0.025,0.001,0.003,0.001,-50.615,-278.941,387.280,176.199,-7.178,-121.254,1,-0.0323,0.0279,-0.0284,0
19570718,0.076,0.314,0.044,0.001,0.003,-0.000,-50.615,-278.941,387.280,176.199,-7.178,-121.254,1,-0.0323,0.0279,-0.0284,0
19570765,0.079,0.317,0.032,0.001,0.003,0.000,-50.615,-278.941,387.280,176.199,-7.178,-121.254,1,-0.0323,0.0279,-0.0284,0
19570843,0.078,0.319,0.019,0.001,0.003,0.001,-50.615,-278.941,387.280,176.199,-7.178,-121.254,1,-0.0323,0.0279,-0.0284,0
19570984,0.082,0.332,0.004,0.002,0.003,0.002,-50.615,-278.941,387.280,176.199,-7.178,-121.254,1,-0.0323,0.0279,-0.0284,0
19571078,0.088,0.334,0.012,0.002,0.002,0.001,-50.615,-278.941,387.280,176.199,-7.178,-121.254,1,-0.0323,0.0279,-0.0284,0
19571187,0.083,0.297,0.082,0.001,0.003,-0.002,-50.615,-278.941,387.280,176.199,-7.178,-121.254,1,-0.0323,0.0279,-0.0284,0
19571265,0.071,0.310,0.022,0.002,0.003,0.001,-50.615,-278.941,387.280,176.199,-7.178,-121.254,1,-0.0323,0.0279,-0.0284,0
19571359,0.071,0.315,0.016,0.002,0.003,0.001,-50.615,-278.941,387.280,176.199,-7.178,-121.254,1,-0.0323,0.0279,-0.0284,0
19571437,0.078,0.310,0.058,0.001,0.003,-0.001,-50.615,-278.941,387.280,176.199,-7.178,-121.254,1,-0.0323,0.0279,-0.0284,0
19571515,0.083,0.307,0.047,0.001,0.003,-0.000,-50.615,-278.941,387.280,176.199,-7.178,-121.254,1,-0.0323,0.0279,-0.0284,0
19571625,0.097,0.320,0.041,0.001,0.002,0.001,-50.615,-278.941,387.280,176.199,-7.178,-121.254,1,-0.0323,0.0279,-0.0284,0
19571734,0.093,0.308,0.054,0.001,0.002,-0.000,-50.615,-278.941,387.280,176.199,-7.178,-121.254,1,-0.0323,0.0279,-0.0284,0
19571875,0.072,0.306,0.028,0.001,0.003,0.000,-50.615,-278.941,387.280,176.199,-7.178,-121.254,1,-0.0323,0.0279,-0.0284,0
19571921,0.070,0.314,0.021,0.002,0.003,0.001,-50.615,-278.941,387.280,176.199,-7.178,-121.254,1,-0.0323,0.0279,-0.0284,0
19571968,0.068,0.321,0.015,0.002,0.004,0.001,-50.615,-278.941,387.280,176.199,-7.178,-121.254,1,-0.0323,0.0279,-0.0284,0
19572046,0.071,0.316,0.051,0.001,0.003,-0.001,-50.615,-278.941,387.280,176.199,-7.178,-121.254,1,-0.0323,0.0279,-0.0284,0
19572187,0.076,0.328,0.016,0.002,0.003,0.001,-50.615,-278.941,387.280,176.199,-7.178,-121.254,1,-0.0323,0.0279,-0.0284,0
19572281,0.074,0.327,0.010,0.002,0.003,0.001,-50.615,-278.941,387.280,176.199,-7.178,-121.254,1,-0.0323,0.0279,-0.0284,0
19572390,0.085,0.320,0.058,0.001,0.003,-0.001,-50.615,-278.941,387.280,176.199,-7.178,-121.254,1,-0.0323,0.0279,-0.0284,0
19572468,0.087,0.331,0.023,0.002,0.003,0.000,-50.615,-278.941,387.280,176.199,-7.178,-121.254,1,-0.0323,0.0279,-0.0284,0
19572562,0.066,0.310,0.011,0.001,0.003,0.001,-50.615,-278.941,387.280,176.199,-7.178,-121.254,1,-0.0323,0.0279,-0.0284,0
19572640,0.077,0.316,0.068,0.002,0.003,-0.001,-50.615,-278.941,387.280,176.199,-7.178,-121.254,1,-0.0323,0.0279,-0.0284,0
19572718,0.071,0.313,0.062,0.002,0.003,-0.000,-50.615,-278.941,387.280,176.199,-7.178,-121.254,1,-0.0323,0.0279,-0.0284,0
19572828,0.077,0.321,0.025,0.002,0.003,0.001,-50.615,-278.941,387.280,176.199,-7.178,-121.254,1,-0.0323,0.0279,-0.0284,0
19572937,0.079,0.312,0.050,0.001,0.003,-0.000,-50.615,-278.941,387.280,176.199,-7.178,-121.254,1,-0.0323,0.0279,-0.0284,0
19573078,0.085,0.326,0.034,0.002,0.003,0.001,-50.615,-278.941,387.280,176.199,-7.178,-121.254,1,-0.0323,0.0279,-0.0284,0
19573125,0.088,0.332,0.021,0.002,0.003,0.002,-50.615,-278.941,387.280,176.199,-7.178,-121.254,1,-0.0323,0.0279,-0.0284,0
19573171,0.103,0.327,0.048,0.001,0.002,0.000,-50.615,-278.941,387.280,176.199,-7.178,-121.254,1,-0.0323,0.0279,-0.0284,0
19573250,0.075,0.328,0.040,0.002,0.003,0.000,-50.615,-278.941,387.280,176.199,-7.178,-121.254,1,-0.0323,0.0279,-0.0284,0
19573390,0.069,0.323,0.007,0.002,0.004,0.001,-50.615,-278.941,387.280,176.199,-7.178,-121.254,1,-0.0323,0.0279,-0.0284,0
19573484,0.068,0.334,0.023,0.002,0.003,0.001,-50.615,-278.941,387.280,176.199,-7.178,-121.254,1,-0.0323,0.0279,-0.0284,0
19573593,0.079,0.314,0.085,0.001,0.003,-0.001,-50.615,-278.941,387.280,176.199,-7.178,-121.254,1,-0.0323,0.0279,-0.0284,0
19573671,0.091,0.332,0.039,0.001,0.002,-0.000,-50.615,-278.941,387.280,176.199,-7.178,-121.254,1,-0.0323,0.0279,-0.0284,0
19573765,0.074,0.331,0.024,0.002,0.003,0.001,-50.615,-278.941,387.280,176.199,-7.178,-121.254,1,-0.0323,0.0279,-0.0284,0
19573843,0.077,0.329,0.039,0.002,0.003,0.000,-50.615,-278.941,387.280,176.199,-7.178,-121.254,1,-0.0323,0.0279,-0.0284,0
19573906,0.081,0.315,0.109,0.001,0.003,-0.002,-50.615,-278.941,387.280,176.199,-7.178,-121.254,1,-0.0323,0.0279,-0.0284,0
19574015,0.073,0.312,0.023,0.001,0.003,0.001,-50.615,-278.941,387.280,176.199,-7.178,-121.254,1,-0.0323,0.0279,-0.0284,0
19574125,0.063,0.333,0.051,0.002,0.003,0.001,-50.615,-278.941,387.280,176.199,-7.178,-121.254,1,-0.0323,0.0279,-0.0284,0
19574265,0.082,0.307,0.033,0.001,0.003,-0.000,-50.615,-278.941,387.280,176.199,-7.178,-121.254,1,-0.0323,0.0279,-0.0284,0
19574312,0.076,0.319,0.052,0.001,0.003,-0.000,-50.615,-278.941,387.280,176.199,-7.178,-121.254,1,-0.0323,0.0279,-0.0284,0
19574359,0.062,0.319,0.055,0.002,0.003,0.000,-50.615,-278.941,387.280,176.199,-7.178,-121.254,1,-0.0323,0.0279,-0.0284,0
19574437,0.078,0.324,0.061,0.002,0.003,-0.000,-50.615,-278.941,387.280,176.199,-7.178,-121.254,1,-0.0323,0.0279,-0.0284,0
19574578,0.073,0.350,0.035,0.002,0.003,0.002,-50.615,-278.941,387.280,176.199,-7.178,-121.254,1,-0.0323,0.0279,-0.0284,0
19574671,0.064,0.320,0.046,0.001,0.003,0.000,-50.615,-278.941,387.280,176.199,-7.178,-121.254,1,-0.0323,0.0279,-0.0284,0
19574781,0.068,0.329,0.054,0.001,0.003,-0.000,-50.615,-278.941,387.280,176.199,-7.178,-121.254,1,-0.0323,0.0279,-0.0284,0
19574859,0.059,0.323,0.030,0.001,0.003,0.000,-50.615,-278.941,387.280,176.199,-7.178,-121.254,1,-0.0323,0.0279,-0.0284,0
19574953,0.065,0.333,0.025,0.002,0.004,0.000,-50.615,-278.941,387.280,176.199,-7.178,-121.254,1,-0.0323,0.0279,-0.0284,0
19575031,0.069,0.324,0.065,0.002,0.003,-0.001,-50.615,-278.941,387.280,176.199,-7.178,-121.254,1,-0.0323,0.0279,-0.0284,0
19575109,0.064,0.325,0.066,0.001,0.003,-0.001,-50.615,-278.941,387.280,176.199,-7.178,-121.254,1,-0.0323,0.0279,-0.0284,0
19575218,0.077,0.351,0.028,0.002,0.003,0.001,-50.615,-278.941,387.280,176.199,-7.178,-121.254,1,-0.0323,0.0279,-0.0284,0
19575328,0.065,0.340,0.008,0.002,0.003,0.001,-50.615,-278.941,387.280,176.199,-7.178,-121.254,1,-0.0323,0.0279,-0.0284,0
19575468,0.060,0.332,0.104,0.002,0.003,-0.001,-50.615,-278.941,387.280,176.199,-7.178,-121.254,1,-0.0323,0.0279,-0.0284,0
19575515,0.058,0.340,0.069,0.002,0.003,-0.000,-50.615,-278.941,387.280,176.199,-7.178,-121.254,1,-0.0323,0.0279,-0.0284,0
19575562,0.062,0.332,0.070,0.002,0.004,-0.001,-50.615,-278.941,387.280,176.199,-7.178,-121.254,1,-0.0323,0.0279,-0.0284,0
19575640,0.062,0.330,0.026,0.002,0.003,0.001,-50.615,-278.941,387.280,176.199,-7.178,-121.254,1,-0.0323,0.0279,-0.0284,0
19575781,0.069,0.329,0.048,0.002,0.003,0.000,-50.615,-278.941,387.280,176.199,-7.178,-121.254,1,-0.0323,0.0279,-0.0284,0
19575875,0.064,0.326,0.068,0.002,0.003,-0.000,-50.615,-278.941,387.280,176.199,-7.178,-121.254,1,-0.0323,0.0279,-0.0284,0
19575984,0.066,0.365,-0.004,0.002,0.004,0.002,-50.615,-278.941,387.280,176.199,-7.178,-121.254,1,-0.0323,0.0279,-0.0284,0
19576062,0.056,0.337,0.034,0.001,0.003,0.000,-50.615,-278.941,387.280,176.199,-7.178,-121.254,1,-0.0323,0.0279,-0.0284,0
19576156,0.062,0.333,0.064,0.002,0.003,0.000,-50.615,-278.941,387.280,176.199,-7.178,-121.254,1,-0.0323,0.0279,-0.0284,0
19576234,0.062,0.332,0.081,0.002,0.003,-0.001,-50.615,-278.941,387.280,176.199,-7.178,-121.254,1,-0.0323,0.0279,-0.0284,0
19576312,0.061,0.333,0.037,0.002,0.003,0.000,-50.615,-278.941,387.280,176.199,-7.178,-121.254,1,-0.0323,0.0279,-0.0284,0
19576421,0.048,0.336,0.040,0.002,0.004,0.000,-50.615,-278.941,387.280,176.199,-7.178,-121.254,1,-0.0323,0.0279,-0.0284,0
19576531,0.054,0.332,0.070,0.002,0.004,-0.001,-50.615,-278.941,387.280,176.199,-7.178,-121.254,1,-0.0323,0.0279,-0.0284,0
19576671,0.070,0.342,0.063,0.001,0.003,-0.001,-50.615,-278.941,387.280,176.199,-7.178,-121.254,1,-0.0323,0.0279,-0.0284,0
19576718,0.071,0.338,0.036,0.002,0.003,0.000,-50.615,-278.941,387.280,176.199,-7.178,-121.254,1,-0.0323,0.0279,-0.0284,0
19576765,0.057,0.343,0.040,0.002,0.004,0.001,-50.615,-278.941,387.280,176.199,-7.178,-121.254,1,-0.0323,0.0279,-0.0284,0
19576843,0.061,0.354,0.085,0.002,0.003,-0.000,-50.615,-278.941,387.280,176.199,-7.178,-121.254,1,-0.0323,0.0279,-0.0284,0
19576984,0.064,0.330,0.046,0.001,0.003,0.000,-50.615,-278.941,387.280,176.199,-7.178,-121.254,1,-0.0323,0.0279,-0.0284,0
19577078,0.050,0.340,0.044,0.002,0.004,0.000,-50.615,-278.941,387.280,176.199,-7.178,-121.254,1,-0.0323,0.0279,-0.0284,0
19577187,0.050,0.331,0.072,0.002,0.004,-0.000,-50.615,-278.941,387.280,176.199,-7.178,-121.254,1,-0.0323,0.0279,-0.0284,0
19577250,0.061,0.342,0.051,0.002,0.003,0.000,-50.615,-278.941,387.280,176.199,-7.178,-121.254,1,-0.0323,0.0279,-0.0284,0
19577359,0.067,0.349,0.047,0.002,0.003,-0.000,-50.615,-278.941,387.280,176.199,-7.178,-121.254,1,-0.0323,0.0279,-0.0284,0
19577437,0.057,0.353,0.089,0.002,0.003,-0.001,-50.615,-278.941,387.280,176.199,-7.178,-121.254,1,-0.0323,0.0279,-0.0284,0
19577515,0.054,0.339,0.027,0.001,0.003,0.000,-50.615,-278.941,387.280,176.199,-7.178,-121.254,1,-0.0323,0.0279,-0.0284,0
19577609,0.056,0.345,0.016,0.002,0.003,0.001,-50.615,-278.941,387.280,176.199,-7.178,-121.254,1,-0.0323,0.0279,-0.0284,0
19577718,0.050,0.342,0.077,0.002,0.004,-0.001,-50.615,-278.941,387.280,176.199,-7.178,-121.254,1,-0.0323,0.0279,-0.0284,0
19577859,0.062,0.345,0.070,0.002,0.003,-0.001,-50.615,-278.941,387.280,176.199,-7.178,-121.254,1,-0.0323,0.0279,-0.0284,0
19577906,0.055,0.351,0.025,0.002,0.004,0.001,-50.615,-278.941,387.280,176.199,-7.178,-121.254,1,-0.0323,0.0279,-0.0284,0
19577953,0.057,0.355,0.004,0.002,0.004,0.002,-50.615,-278.941,387.280,176.199,-7.178,-121.254,1,-0.0323,0.0279,-0.0284,0
19578031,0.042,0.337,0.066,0.002,0.004,-0.001,-50.615,-278.941,387.280,176.199,-7.178,-121.254,1,-0.0323,0.0279,-0.0284,0
19578171,0.059,0.338,0.042,0.001,0.003,0.000,-50.615,-278.941,387.280,176.199,-7.178,-121.254,1,-0.0323,0.0279,-0.0284,0
19578265,0.046,0.344,0.019,0.002,0.004,0.001,-50.615,-278.941,387.280,176.199,-7.178,-121.254,1,-0.0323,0.0279,-0.0284,0
19578375,0.059,0.337,0.072,0.002,0.003,-0.001,-50.615,-278.941,387.280,176.199,-7.178,-121.254,1,-0.0323,0.0279,-0.0284,0
19578453,0.053,0.335,0.050,0.002,0.003,0.000,-50.615,-278.941,387.280,176.199,-7.178,-121.254,1,-0.0323,0.0279,-0.0284,0
19578546,0.057,0.361,0.021,0.002,0.003,0.001,-50.615,-278.941,387.280,176.199,-7.178,-121.254,1,-0.0323,0.0279,-0.0284,0
19578625,0.043,0.337,0.049,0.002,0.004,0.001,-50.615,-278.941,387.280,176.199,-7.178,-121.254,1,-0.0323,0.0279,-0.0284,0
19578703,0.063,0.359,0.011,0.002,0.003,0.002,-50.615,-278.941,387.280,176.199,-7.178,-121.254,1,-0.0323,0.0279,-0.0284,0
19578812,0.061,0.349,0.081,0.002,0.003,-0.000,-50.615,-278.941,387.280,176.199,-7.178,-121.254,1,-0.0323,0.0279,-0.0284,0
19578921,0.059,0.342,0.062,0.002,0.003,-0.000,-50.615,-278.941,387.280,176.199,-7.178,-121.254,1,-0.0323,0.0279,-0.0284,0
19579062,0.054,0.340,0.061,0.002,0.003,-0.000,-50.615,-278.941,387.280,176.199,-7.178,-121.254,1,-0.0323,0.0279,-0.0284,0
19579109,0.048,0.337,0.066,0.002,0.004,-0.001,-50.615,-278.941,387.280,176.199,-7.178,-121.254,1,-0.0323,0.0279,-0.0284,0
19579156,0.053,0.331,0.067,0.002,0.003,-0.000,-50.615,-278.941,387.280,176.199,-7.178,-121.254,1,-0.0323,0.0279,-0.0284,0
19579234,0.053,0.350,0.038,0.002,0.003,0.001,-50.615,-278.941,387.280,176.199,-7.178,-121.254,1,-0.0323,0.0279,-0.0284,0
19579375,0.053,0.341,0.049,0.002,0.003,0.000,-50.615,-278.941,387.280,176.199,-7.178,-121.254,1,-0.0323,0.0279,-0.0284,0
19579468,0.059,0.346,0.032,0.002,0.003,0.000,-50.615,-278.941,387.280,176.199,-7.178,-121.254,1,-0.0323,0.0279,-0.0284,0
19579578,0.055,0.360,0.055,0.002,0.004,0.001,-50.615,-278.941,387.280,176.199,-7.178,-121.254,1,-0.0323,0.0279,-0.0284,0
19579656,0.065,0.344,0.046,0.002,0.003,0.000,-50.615,-278.941,387.280,176.199,-7.178,-121.254,1,-0.0323,0.0279,-0.0284,0
19579750,0.048,0.346,0.013,0.002,0.004,0.002,-50.615,-278.941,387.280,176.199,-7.178,-121.254,1,-0.0323,0.0279,-0.0284,0
19579828,0.052,0.348,0.009,0.002,0.004,0.001,-50.615,-278.941,387.280,176.199,-7.178,-121.254,1,-0.0323,0.0279,-0.0284,0
19579906,0.057,0.341,0.054,0.001,0.003,-0.001,-50.615,-278.941,387.280,176.199,-7.178,-121.254,1,-0.0323,0.0279,-0.0284,0
19580015,0.060,0.344,0.036,0.002,0.003,0.000,-50.615,-278.941,387.280,176.199,-7.178,-121.254,1,-0.0323,0.0279,-0.0284,0
19580125,0.066,0.363,0.028,0.002,0.003,0.001,-50.615,-278.941,387.280,176.199,-7.178,-121.254,1,-0.0323,0.0279,-0.0284,0
19580265,0.052,0.350,0.052,0.002,0.003,0.000,-50.615,-278.941,387.280,176.199,-7.178,-121.254,1,-0.0323,0.0279,-0.0284,0
19580312,0.049,0.350,0.085,0.002,0.003,-0.000,-50.615,-278.941,387.280,176.199,-7.178,-121.254,1,-0.0323,0.0279,-0.0284,0
19580359,0.051,0.344,0.082,0.002,0.003,-0.001,-50.615,-278.941,387.280,176.199,-7.178,-121.254,1,-0.0323,0.0279,-0.0284,0
19580437,0.064,0.338,-0.018,0.002,0.003,0.000,-50.615,-278.941,387.280,176.199,-7.178,-121.254,1,-0.0323,0.0279,-0.0284,0
19580578,0.061,0.343,0.036,0.002,0.003,0.001,-50.615,-278.941,387.280,176.199,-7.178,-121.254,1,-0.0323,0.0279,-0.0284,0
19580671,0.050,0.350,0.020,0.002,0.003,0.001,-50.615,-278.941,387.280,176.199,-7.178,-121.254,1,-0.0323,0.0279,-0.0284,0
19580781,0.071,0.347,0.026,0.002,0.003,0.001,-50.615,-278.941,387.280,176.199,-7.178,-121.254,1,-0.0323,0.0279,-0.0284,0
19580859,0.056,0.344,0.071,0.002,0.003,-0.000,-50.615,-278.941,387.280,176.199,-7.178,-121.254,1,-0.0323,0.0279,-0.0284,0
19580953,0.052,0.356,0.067,0.002,0.004,-0.000,-50.615,-278.941,387.280,176.199,-7.178,-121.254,1,-0.0323,0.0279,-0.0284,0
19581031,0.065,0.326,0.033,0.001,0.003,0.000,-50.615,-278.941,387.280,176.199,-7.178,-121.254,1,-0.0323,0.0279,-0.0284,0
19581109,0.064,0.325,0.063,0.002,0.003,0.000,-50.615,-278.941,387.280,176.199,-7.178,-121.254,1,-0.0323,0.0279,-0.0284,0
19581218,0.059,0.325,0.079,0.001,0.003,-0.001,-50.615,-278.941,387.280,176.199,-7.178,-121.254,1,-0.0323,0.0279,-0.0284,0
19581328,0.062,0.356,0.010,0.003,0.003,0.001,-50.615,-278.941,387.280,176.199,-7.178,-121.254,1,-0.0323,0.0279,-0.0284,0
19581468,0.059,0.337,0.042,0.002,0.003,0.000,-50.615,-278.941,387.280,176.199,-7.178,-121.254,1,-0.0323,0.0279,-0.0284,0
19581515,0.067,0.350,0.051,0.002,0.003,0.000,-50.615,-278.941,387.280,176.199,-7.178,-121.254,1,-0.0323,0.0279,-0.0284,0
19581562,0.064,0.346,0.036,0.002,0.003,0.000,-50.615,-278.941,387.280,176.199,-7.178,-121.254,1,-0.0323,0.0279,-0.0284,0
19581640,0.059,0.342,0.021,0.002,0.003,0.001,-50.615,-278.941,387.280,176.199,-7.178,-121.254,1,-0.0323,0.0279,-0.0284,0
19581781,0.065,0.330,0.064,0.002,0.003,-0.001,-50.615,-278.941,387.280,176.199,-7.178,-121.254,1,-0.0323,0.0279,-0.0284,0
19581875,0.056,0.329,0.074,0.002,0.003,-0.001,-50.615,-278.941,387.280,176.199,-7.178,-121.254,1,-0.0323,0.0279,-0.0284,0
19581984,0.063,0.338,0.027,0.002,0.003,0.001,-50.615,-278.941,387.280,176.199,-7.178,-121.254,1,-0.0323,0.0279,-0.0284,0
19582062,0.072,0.332,0.056,0.001,0.003,-0.000,-50.615,-278.941,387.280,176.199,-7.178,-121.254,1,-0.0323,0.0279,-0.0284,0
19582156,0.053,0.331,0.072,0.002,0.004,-0.000,-50.615,-278.941,387.280,176.199,-7.178,-121.254,1,-0.0323,0.0279,-0.0284,0
19582234,0.064,0.324,0.063,0.002,0.003,-0.000,-50.615,-278.941,387.280,176.199,-7.178,-121.254,1,-0.0323,0.0279,-0.0284,0
19582312,0.063,0.336,0.021,0.002,0.003,0.001,-50.615,-278.941,387.280,176.199,-7.178,-121.254,1,-0.0323,0.0279,-0.0284,0
19582421,0.069,0.320,0.026,0.002,0.003,0.001,-50.615,-278.941,387.280,176.199,-7.178,-121.254,1,-0.0323,0.0279,-0.0284,0
19582531,0.068,0.325,0.074,0.001,0.003,-0.001,-50.615,-278.941,387.280,176.199,-7.178,-121.254,1,-0.0323,0.0279,-0.0284,0
19582671,0.067,0.332,0.035,0.002,0.003,0.000,-50.615,-278.941,387.280,176.199,-7.178,-121.254,1,-0.0323,0.0279,-0.0284,0
19582718,0.062,0.322,0.046,0.002,0.003,0.000,-50.615,-278.941,387.280,176.199,-7.178,-121.254,1,-0.0323,0.0279,-0.0284,0
19582765,0.069,0.321,0.074,0.002,0.003,-0.000,-50.615,-278.941,387.280,176.199,-7.178,-121.254,1,-0.0323,0.0279,-0.0284,0
19582843,0.069,0.335,0.072,0.002,0.003,-0.001,-50.615,-278.941,387.280,176.199,-7.178,-121.254,1,-0.0323,0.0279,-0.0284,0
19582984,0.054,0.331,0.025,0.002,0.003,0.001,-50.615,-278.941,387.280,176.199,-7.178,-121.254,1,-0.0323,0.0279,-0.0284,0
19583078,0.063,0.335,0.036,0.002,0.003,0.000,-50.615,-278.941,387.280,176.199,-7.178,-121.254,1,-0.0323,0.0279,-0.0284,0
19583187,0.063,0.328,0.020,0.001,0.003,0.000,-50.615,-278.941,387.280,176.199,-7.178,-121.254,1,-0.0323,0.0279,-0.0284,0
19583265,0.068,0.324,0.046,0.001,0.003,-0.000,-50.615,-278.941,387.280,176.199,-7.178,-121.254,1,-0.0323,0.0279,-0.0284,0
19583359,0.066,0.331,0.024,0.002,0.003,0.001,-50.615,-278.941,387.280,176.199,-7.178,-121.254,1,-0.0323,0.0279,-0.0284,0
19583437,0.080,0.322,0.067,0.001,0.003,-0.001,-50.615,-278.941,387.280,176.199,-7.178,-121.254,1,-0.0323,0.0279,-0.0284,0
19583515,0.072,0.325,0.074,0.002,0.003,-0.001,-50.615,-278.941,387.280,176.199,-7.178,-121.254,1,-0.0323,0.0279,-0.0284,0
19583625,0.068,0.342,0.021,0.002,0.003,0.001,-50.615,-278.941,387.280,176.199,-7.178,-121.254,1,-0.0323,0.0279,-0.0284,0
19583734,0.069,0.320,-0.002,0.002,0.003,0.001,-50.615,-278.941,387.280,176.199,-7.178,-121.254,1,-0.0323,0.0279,-0.0284,0
19583875,0.067,0.334,0.059,0.002,0.003,-0.000,-50.615,-278.941,387.280,176.199,-7.178,-121.254,1,-0.0323,0.0279,-0.0284,0
19583921,0.072,0.337,0.046,0.002,0.003,-0.000,-50.615,-278.941,387.280,176.199,-7.178,-121.254,1,-0.0323,0.0279,-0.0284,0
19583968,0.075,0.337,0.044,0.002,0.003,0.000,-50.615,-278.941,387.280,176.199,-7.178,-121.254,1,-0.0323,0.0279,-0.0284,0
19584046,0.072,0.333,0.052,0.002,0.003,-0.000,-50.615,-278.941,387.280,176.199,-7.178,-121.254,1,-0.0323,0.0279,-0.0284,0
19584187,0.067,0.339,0.049,0.001,0.003,-0.001,-50.615,-278.941,387.280,176.199,-7.178,-121.254,1,-0.0323,0.0279,-0.0284,0
19584281,0.070,0.349,0.016,0.002,0.003,0.001,-50.615,-278.941,387.280,176.199,-7.178,-121.254,1,-0.0323,0.0279,-0.0284,0
19584390,0.070,0.338,0.059,0.002,0.003,-0.000,-50.615,-278.941,387.280,176.199,-7.178,-121.254,1,-0.0323,0.0279,-0.0284,0
19584468,0.077,0.332,0.076,0.002,0.003,-0.001,-50.615,-278.941,387.280,176.199,-7.178,-121.254,1,-0.0323,0.0279,-0.0284,0
19584562,0.068,0.343,0.031,0.002,0.003,0.001,-50.615,-278.941,387.280,176.199,-7.178,-121.254,1,-0.0323,0.0279,-0.0284,0
19584640,0.080,0.325,0.084,0.001,0.003,-0.001,-50.615,-278.941,387.280,176.199,-7.178,-121.254,1,-0.0323,0.0279,-0.0284,0
19584718,0.078,0.334,0.058,0.002,0.003,-0.000,-50.615,-278.941,387.280,176.199,-7.178,-121.254,1,-0.0323,0.0279,-0.0284,0
19584828,0.074,0.341,0.035,0.003,0.003,0.001,-50.615,-278.941,387.280,176.199,-7.178,-121.254,1,-0.0323,0.0279,-0.0284,0
19584937,0.075,0.347,0.018,0.002,0.003,0.001,-50.615,-278.941,387.280,176.199,-7.178,-121.254,1,-0.0323,0.0279,-0.0284,0
19585078,0.093,0.321,0.079,0.001,0.002,-0.002,-50.615,-278.941,387.280,176.199,-7.178,-121.254,1,-0.0323,0.0279,-0.0284,0
19585125,0.092,0.311,0.052,0.001,0.002,-0.001,-50.615,-278.941,387.280,176.199,-7.178,-121.254,1,-0.0323,0.0279,-0.0284,0
19585171,0.068,0.338,0.011,0.002,0.003,0.001,-50.615,-278.941,387.280,176.199,-7.178,-121.254,1,-0.0323,0.0279,-0.0284,0
19585250,0.064,0.348,0.037,0.002,0.004,0.000,-50.615,-278.941,387.280,176.199,-7.178,-121.254,1,-0.0323,0.0279,-0.0284,0
19585390,0.069,0.335,0.059,0.002,0.003,-0.001,-50.615,-278.941,387.280,176.199,-7.178,-121.254,1,-0.0323,0.0279,-0.0284,0
19585484,0.071,0.347,0.038,0.002,0.003,0.000,-50.615,-278.941,387.280,176.199,-7.178,-121.254,1,-0.0323,0.0279,-0.0284,0
19585578,0.066,0.354,0.029,0.003,0.003,0.001,-50.615,-278.941,387.280,176.199,-7.178,-121.254,1,-0.0323,0.0279,-0.0284,0
19585656,0.058,0.359,-0.018,0.003,0.003,0.003,-50.615,-278.941,387.280,176.199,-7.178,-121.254,1,-0.0323,0.0279,-0.0284,0
19585750,0.076,0.336,0.017,0.002,0.003,0.000,-50.615,-278.941,387.280,176.199,-7.178,-121.254,1,-0.0323,0.0279,-0.0284,0
19585828,0.066,0.336,0.029,0.002,0.003,-0.000,-50.615,-278.941,387.280,176.199,-7.178,-121.254,1,-0.0323,0.0279,-0.0284,0
19585906,0.076,0.341,0.038,0.002,0.003,0.000,-50.615,-278.941,387.280,176.199,-7.178,-121.254,1,-0.0323,0.0279,-0.0284,0
19586015,0.072,0.337,0.044,0.002,0.003,-0.000,-50.615,-278.941,387.280,176.199,-7.178,-121.254,1,-0.0323,0.0279,-0.0284,0
19586125,0.085,0.335,0.063,0.001,0.003,-0.001,-50.615,-278.941,387.280,176.199,-7.178,-121.254,1,-0.0323,0.0279,-0.0284,0
19586265,0.077,0.353,0.038,0.003,0.003,0.001,-50.615,-278.941,387.280,176.199,-7.178,-121.254,1,-0.0323,0.0279,-0.0284,0
19586312,0.070,0.351,0.013,0.003,0.003,0.002,-50.615,-278.941,387.280,176.199,-7.178,-121.254,1,-0.0323,0.0279,-0.0284,0
19586359,0.069,0.357,-0.012,0.002,0.003,0.002,-50.615,-278.941,387.280,176.199,-7.178,-121.254,1,-0.0323,0.0279,-0.0284,0
19586437,0.080,0.337,0.031,0.002,0.003,0.000,-50.615,-278.941,387.280,176.199,-7.178,-121.254,1,-0.0323,0.0279,-0.0284,0
19586578,0.063,0.351,0.015,0.003,0.003,0.001,-50.615,-278.941,387.280,176.199,-7.178,-121.254,1,-0.0323,0.0279,-0.0284,0
19586671,0.054,0.361,0.009,0.003,0.004,0.002,-50.615,-278.941,387.280,176.199,-7.178,-121.254,1,-0.0323,0.0279,-0.0284,0
19586781,0.081,0.349,0.037,0.002,0.003,-0.000,-50.615,-278.941,387.280,176.199,-7.178,-121.254,1,-0.0323,0.0279,-0.0284,0
19586859,0.076,0.349,0.063,0.002,0.002,-0.000,-50.615,-278.941,387.280,176.199,-7.178,-121.254,1,-0.0323,0.0279,-0.0284,0
19586953,0.072,0.354,0.025,0.003,0.003,0.001,-50.615,-278.941,387.280,176.199,-7.178,-121.254,1,-0.0323,0.0279,-0.0284,0
19587031,0.081,0.348,0.048,0.002,0.003,-0.000,-50.615,-278.941,387.280,176.199,-7.178,-121.254,1,-0.0323,0.0279,-0.0284,0
19587109,0.080,0.346,0.031,0.002,0.003,0.000,-50.615,-278.941,387.280,176.199,-7.178,-121.254,1,-0.0323,0.0279,-0.0284,0
19587218,0.069,0.343,0.023,0.002,0.003,0.001,-50.615,-278.941,387.280,176.199,-7.178,-121.254,1,-0.0323,0.0279,-0.0284,0
19587328,0.058,0.352,0.037,0.004,0.004,0.002,-50.615,-278.941,387.280,176.199,-7.178,-121.254,1,-0.0323,0.0279,-0.0284,0
19587468,0.075,0.341,0.042,0.002,0.003,0.000,-50.615,-278.941,387.280,176.199,-7.178,-121.254,1,-0.0323,0.0279,-0.0284,0
19587515,0.076,0.345,0.035,0.002,0.003,0.001,-50.615,-278.941,387.280,176.199,-7.178,-121.254,1,-0.0323,0.0279,-0.0284,0
19587562,0.086,0.344,0.019,0.002,0.003,0.001,-50.615,-278.941,387.280,176.199,-7.178,-121.254,1,-0.0323,0.0279,-0.0284,0
19587640,0.054,0.354,0.035,0.003,0.004,0.001,-50.615,-278.941,387.280,176.199,-7.178,-121.254,1,-0.0323,0.0279,-0.0284,0
19587781,0.059,0.349,0.013,0.002,0.003,0.002,-50.615,-278.941,387.280,176.199,-7.178,-121.254,1,-0.0323,0.0279,-0.0284,0
19587875,0.062,0.339,0.055,0.002,0.003,-0.001,-50.615,-278.941,387.280,176.199,-7.178,-121.254,1,-0.0323,0.0279,-0.0284,0
19587984,0.061,0.350,0.033,0.002,0.003,0.001,-50.615,-278.941,387.280,176.199,-7.178,-121.254,1,-0.0323,0.0279,-0.0284,0
19588062,0.064,0.350,0.035,0.003,0.004,0.001,-50.615,-278.941,387.280,176.199,-7.178,-121.254,1,-0.0323,0.0279,-0.0284,0
19588156,0.067,0.347,0.040,0.002,0.003,0.000,-50.615,-278.941,387.280,176.199,-7.178,-121.254,1,-0.0323,0.0279,-0.0284,0
19588234,0.054,0.364,0.017,0.002,0.004,0.002,-50.615,-278.941,387.280,176.199,-7.178,-121.254,1,-0.0323,0.0279,-0.0284,0
19588312,0.052,0.351,0.040,0.003,0.003,0.002,-50.615,-278.941,387.280,176.199,-7.178,-121.254,1,-0.0323,0.0279,-0.0284,0
19588421,0.076,0.342,0.049,0.002,0.003,-0.000,-50.615,-278.941,387.280,176.199,-7.178,-121.254,1,-0.0323,0.0279,-0.0284,0
19588531,0.051,0.337,0.029,0.002,0.004,0.001,-50.615,-278.941,387.280,176.199,-7.178,-121.254,1,-0.0323,0.0279,-0.0284,0
19588671,0.051,0.357,0.012,0.003,0.004,0.002,-50.615,-278.941,387.280,176.199,-7.178,-121.254,1,-0.0323,0.0279,-0.0284,0
19588718,0.056,0.359,0.018,0.003,0.003,0.002,-50.615,-278.941,387.280,176.199,-7.178,-121.254,1,-0.0323,0.0279,-0.0284,0
19588843,0.043,0.360,0.004,0.003,0.004,0.002,-50.615,-278.941,387.280,176.199,-7.178,-121.254,1,-0.0323,0.0279,-0.0284,0
19588968,0.041,0.369,0.022,0.003,0.004,0.002,-50.615,-278.941,387.280,176.199,-7.178,-121.254,1,-0.0323,0.0279,-0.0284,0
19589062,0.089,0.339,0.037,0.002,0.003,0.000,-50.615,-278.941,387.280,176.199,-7.178,-121.254,1,-0.0323,0.0279,-0.0284,0
19589109,0.068,0.353,0.034,0.002,0.003,0.001,-50.615,-278.941,387.280,176.199,-7.178,-121.254,1,-0.0323,0.0279,-0.0284,0
19589187,0.043,0.357,0.024,0.003,0.004,0.001,-50.615,-278.941,387.280,176.199,-7.178,-121.254,1,-0.0323,0.0279,-0.0284,0
19589265,0.044,0.354,0.030,0.003,0.003,0.002,-50.615,-278.941,387.280,176.199,-7.178,-121.254,1,-0.0323,0.0279,-0.0284,0
19589343,0.061,0.349,0.064,0.001,0.003,-0.000,-50.615,-278.941,387.280,176.199,-7.178,-121.254,1,-0.0323,0.0279,-0.0284,0
19589437,0.058,0.345,0.056,0.002,0.003,-0.000,-50.615,-278.941,387.280,176.199,-7.178,-121.254,1,-0.0323,0.0279,-0.0284,0
19589515,0.070,0.347,0.054,0.002,0.003,-0.000,-50.615,-278.941,387.280,176.199,-7.178,-121.254,1,-0.0323,0.0279,-0.0284,0
19589625,0.040,0.353,0.039,0.003,0.004,0.002,-50.615,-278.941,387.280,176.199,-7.178,-121.254,1,-0.0323,0.0279,-0.0284,0
19589718,0.030,0.347,0.044,0.003,0.004,0.002,-50.615,-278.941,387.280,176.199,-7.178,-121.254,1,-0.0323,0.0279,-0.0284,0
19589859,0.045,0.352,0.011,0.002,0.004,0.001,-50.615,-278.941,387.280,176.199,-7.178,-121.254,1,-0.0323,0.0279,-0.0284,0
19589906,0.052,0.351,0.046,0.003,0.003,0.001,-50.615,-278.941,387.280,176.199,-7.178,-121.254,1,-0.0323,0.0279,-0.0284,0
19589953,0.065,0.352,0.043,0.002,0.004,0.000,-50.615,-278.941,387.280,176.199,-7.178,-121.254,1,-0.0323,0.0279,-0.0284,0
19590031,0.038,0.371,0.031,0.004,0.004,0.002,-50.615,-278.941,387.280,176.199,-7.178,-121.254,1,-0.0323,0.0279,-0.0284,0
19590171,0.049,0.353,0.035,0.002,0.003,0.000,-50.615,-278.941,387.280,176.199,-7.178,-121.254,1,-0.0323,0.0279,-0.0284,0
19590265,0.044,0.358,0.062,0.002,0.003,0.000,-50.615,-278.941,387.280,176.199,-7.178,-121.254,1,-0.0323,0.0279,-0.0284,0
19590375,0.022,0.372,0.033,0.003,0.005,0.001,-50.615,-278.941,387.280,176.199,-7.178,-121.254,1,-0.0323,0.0279,-0.0284,0
19590453,0.024,0.360,0.044,0.003,0.004,0.001,-50.615,-278.941,387.280,176.199,-7.178,-121.254,1,-0.0323,0.0279,-0.0284,0
19590546,0.045,0.352,0.036,0.002,0.004,0.001,-50.615,-278.941,387.280,176.199,-7.178,-121.254,1,-0.0323,0.0279,-0.0284,0
19590625,0.047,0.366,0.031,0.003,0.004,0.002,-50.615,-278.941,387.280,176.199,-7.178,-121.254,1,-0.0323,0.0279,-0.0284,0
19590703,0.043,0.369,0.054,0.003,0.003,0.002,-50.615,-278.941,387.280,176.199,-7.178,-121.254,1,-0.0323,0.0279,-0.0284,0
19590812,0.045,0.363,0.042,0.003,0.004,0.001,-50.615,-278.941,387.280,176.199,-7.178,-121.254,1,-0.0323,0.0279,-0.0284,0
19590906,0.050,0.361,0.029,0.002,0.004,0.001,-50.615,-278.941,387.280,176.199,-7.178,-121.254,1,-0.0323,0.0279,-0.0284,0
19591046,0.058,0.358,0.046,0.002,0.003,0.000,-50.615,-278.941,387.280,176.199,-7.178,-121.254,1,-0.0323,0.0279,-0.0284,0
19591093,0.047,0.354,0.053,0.002,0.004,0.001,-50.615,-278.941,387.280,176.199,-7.178,-121.254,1,-0.0323,0.0279,-0.0284,0
19591140,0.029,0.348,0.065,0.003,0.004,0.001,-50.615,-278.941,387.280,176.199,-7.178,-121.254,1,-0.0323,0.0279,-0.0284,0
19591218,0.025,0.353,0.055,0.002,0.004,0.000,-50.615,-278.941,387.280,176.199,-7.178,-121.254,1,-0.0323,0.0279,-0.0284,0
19591359,0.057,0.358,0.062,0.002,0.003,-0.000,-50.615,-278.941,387.280,176.199,-7.178,-121.254,1,-0.0323,0.0279,-0.0284,0
19591453,0.037,0.370,0.032,0.003,0.004,0.002,-50.615,-278.941,387.280,176.199,-7.178,-121.254,1,-0.0323,0.0279,-0.0284,0
19591562,0.029,0.380,0.059,0.003,0.004,0.001,-50.615,-278.941,387.280,176.199,-7.178,-121.254,1,-0.0323,0.0279,-0.0284,0
19591640,0.052,0.360,0.016,0.002,0.003,0.001,-50.615,-278.941,387.280,176.199,-7.178,-121.254,1,-0.0323,0.0279,-0.0284,0
19591734,0.054,0.358,0.050,0.002,0.003,-0.000,-50.615,-278.941,387.280,176.199,-7.178,-121.254,1,-0.0323,0.0279,-0.0284,0
19591812,0.032,0.360,0.059,0.003,0.004,0.000,-50.615,-278.941,387.280,176.199,-7.178,-121.254,1,-0.0323,0.0279,-0.0284,0
19591890,0.042,0.366,0.039,0.002,0.004,0.000,-50.615,-278.941,387.280,176.199,-7.178,-121.254,1,-0.0323,0.0279,-0.0284,0
19592000,0.046,0.357,0.031,0.002,0.004,0.001,-50.615,-278.941,387.280,176.199,-7.178,-121.254,1,-0.0323,0.0279,-0.0284,0
19592109,0.046,0.363,0.064,0.003,0.003,0.001,-50.615,-278.941,387.280,176.199,-7.178,-121.254,1,-0.0323,0.0279,-0.0284,0
19592250,0.042,0.363,0.065,0.002,0.003,0.001,-50.615,-278.941,387.280,176.199,-7.178,-121.254,1,-0.0323,0.0279,-0.0284,0
19592296,0.045,0.359,0.026,0.002,0.004,0.000,-50.615,-278.941,387.280,176.199,-7.178,-121.254,1,-0.0323,0.0279,-0.0284,0
19592343,0.040,0.356,0.013,0.002,0.004,0.001,-50.615,-278.941,387.280,176.199,-7.178,-121.254,1,-0.0323,0.0279,-0.0284,0
19592421,0.042,0.355,0.025,0.002,0.004,0.001,-50.615,-278.941,387.280,176.199,-7.178,-121.254,1,-0.0323,0.0279,-0.0284,0
19592562,0.037,0.353,0.051,0.002,0.004,0.000,-50.615,-278.941,387.280,176.199,-7.178,-121.254,1,-0.0323,0.0279,-0.0284,0
19592656,0.056,0.361,0.042,0.002,0.003,-0.000,-50.615,-278.941,387.280,176.199,-7.178,-121.254,1,-0.0323,0.0279,-0.0284,0
19592703,0.054,0.358,0.056,0.002,0.003,-0.001,-50.615,-278.941,387.280,176.199,-7.178,-121.254,1,-0.0323,0.0279,-0.0284,0
19592781,0.046,0.366,0.059,0.003,0.003,-0.000,-50.615,-278.941,387.280,176.199,-7.178,-121.254,1,-0.0323,0.0279,-0.0284,0
19592859,0.055,0.357,0.094,0.003,0.004,-0.001,-50.615,-278.941,387.280,176.199,-7.178,-121.254,1,-0.0323,0.0279,-0.0284,0
19592937,0.056,0.343,0.042,0.001,0.003,-0.000,-50.615,-278.941,387.280,176.199,-7.178,-121.254,1,-0.0323,0.0279,-0.0284,0
19593031,0.042,0.349,0.055,0.002,0.004,-0.000,-50.615,-278.941,387.280,176.199,-7.178,-121.254,1,-0.0323,0.0279,-0.0284,0
19593109,0.026,0.358,0.081,0.002,0.004,-0.000,-50.615,-278.941,387.280,176.199,-7.178,-121.254,1,-0.0323,0.0279,-0.0284,0
19593218,0.060,0.357,0.009,0.002,0.003,0.002,-50.615,-278.941,387.280,176.199,-7.178,-121.254,1,-0.0323,0.0279,-0.0284,0
19593312,0.039,0.350,0.038,0.002,0.004,0.000,-50.615,-278.941,387.280,176.199,-7.178,-121.254,1,-0.0323,0.0279,-0.0284,0
19593453,0.053,0.365,0.081,0.003,0.004,0.001,-50.615,-278.941,387.280,176.199,-7.178,-121.254,1,-0.0323,0.0279,-0.0284,0
19593500,0.043,0.362,0.059,0.003,0.004,0.001,-50.615,-278.941,387.280,176.199,-7.178,-121.254,1,-0.0323,0.0279,-0.0284,0
19593546,0.046,0.355,0.063,0.003,0.004,0.001,-50.615,-278.941,387.280,176.199,-7.178,-121.254,1,-0.0323,0.0279,-0.0284,0
19593625,0.049,0.353,0.045,0.002,0.003,0.001,-50.615,-278.941,387.280,176.199,-7.178,-121.254,1,-0.0323,0.0279,-0.0284,0
19593765,0.041,0.349,0.048,0.002,0.003,0.000,-50.615,-278.941,387.280,176.199,-7.178,-121.254,1,-0.0323,0.0279,-0.0284,0
19593859,0.039,0.348,0.058,0.002,0.004,-0.001,-50.615,-278.941,387.280,176.199,-7.178,-121.254,1,-0.0323,0.0279,-0.0284,0
19593968,0.032,0.359,0.042,0.003,0.004,0.001,-50.615,-278.941,387.280,176.199,-7.178,-121.254,1,-0.0323,0.0279,-0.0284,0
19594046,0.048,0.351,0.035,0.002,0.004,0.001,-50.615,-278.941,387.280,176.199,-7.178,-121.254,1,-0.0323,0.0279,-0.0284,0
19594140,0.054,0.356,0.047,0.002,0.004,0.000,-50.615,-278.941,387.280,176.199,-7.178,-121.254,1,-0.0323,0.0279,-0.0284,0
19594218,0.035,0.373,0.062,0.003,0.004,0.000,-50.615,-278.941,387.280,176.199,-7.178,-121.254,1,-0.0323,0.0279,-0.0284,0
19594296,0.059,0.345,0.022,0.002,0.003,0.001,-50.615,-278.941,387.280,176.199,-7.178,-121.254,1,-0.0323,0.0279,-0.0284,0
19594406,0.038,0.347,0.060,0.002,0.004,-0.001,-50.615,-278.941,387.280,176.199,-7.178,-121.254,1,-0.0323,0.0279,-0.0284,0
19594515,0.057,0.349,0.081,0.002,0.003,-0.001,-50.615,-278.941,387.280,176.199,-7.178,-121.254,1,-0.0323,0.0279,-0.0284,0
19594656,0.065,0.354,0.073,0.002,0.003,-0.001,-50.615,-278.941,387.280,176.199,-7.178,-121.254,1,-0.0323,0.0279,-0.0284,0
19594703,0.066,0.364,0.074,0.002,0.003,-0.001,-50.615,-278.941,387.280,176.199,-7.178,-121.254,1,-0.0323,0.0279,-0.0284,0
19594750,0.059,0.358,0.059,0.002,0.003,-0.001,-50.615,-278.941,387.280,176.199,-7.178,-121.254,1,-0.0323,0.0279,-0.0284,0
19594828,0.047,0.361,0.044,0.002,0.003,0.000,-50.615,-278.941,387.280,176.199,-7.178,-121.254,1,-0.0323,0.0279,-0.0284,0
19594953,0.049,0.355,0.025,0.002,0.003,0.001,-50.615,-278.941,387.280,176.199,-7.178,-121.254,1,-0.0323,0.0279,-0.0284,0
19595062,0.057,0.354,0.060,0.002,0.003,-0.001,-50.615,-278.941,387.280,176.199,-7.178,-121.254,1,-0.0323,0.0279,-0.0284,0
19595171,0.057,0.363,0.018,0.002,0.003,0.000,-50.615,-278.941,387.280,176.199,-7.178,-121.254,1,-0.0323,0.0279,-0.0284,0
19595250,0.055,0.372,0.017,0.003,0.003,0.001,-50.615,-278.941,387.280,176.199,-7.178,-121.254,1,-0.0323,0.0279,-0.0284,0
19595328,0.051,0.353,0.054,0.002,0.004,-0.000,-50.615,-278.941,387.280,176.199,-7.178,-121.254,1,-0.0323,0.0279,-0.0284,0
19595421,0.057,0.368,0.056,0.002,0.003,0.000,-50.615,-278.941,387.280,176.199,-7.178,-121.254,1,-0.0323,0.0279,-0.0284,0
19595500,0.052,0.345,0.037,0.002,0.003,0.000,-50.615,-278.941,387.280,176.199,-7.178,-121.254,1,-0.0323,0.0279,-0.0284,0
19595593,0.051,0.365,0.039,0.003,0.004,0.001,-50.615,-278.941,387.280,176.199,-7.178,-121.254,1,-0.0323,0.0279,-0.0284,0
19595703,0.052,0.356,0.040,0.002,0.003,0.000,-50.615,-278.941,387.280,176.199,-7.178,-121.254,1,-0.0323,0.0279,-0.0284,0
19595843,0.062,0.351,0.060,0.002,0.003,-0.000,-50.615,-278.941,387.280,176.199,-7.178,-121.254,1,-0.0323,0.0279,-0.0284,0
19595890,0.060,0.359,0.038,0.002,0.003,0.001,-50.615,-278.941,387.280,176.199,-7.178,-121.254,1,-0.0323,0.0279,-0.0284,0
19595937,0.068,0.363,0.030,0.002,0.003,0.001,-50.615,-278.941,387.280,176.199,-7.178,-121.254,1,-0.0323,0.0279,-0.0284,0
19596015,0.047,0.370,0.048,0.003,0.003,-0.000,-50.615,-278.941,387.280,176.199,-7.178,-121.254,1,-0.0323,0.0279,-0.0284,0
19596156,0.060,0.353,0.047,0.002,0.003,-0.001,-50.615,-278.941,387.280,176.199,-7.178,-121.254,1,-0.0323,0.0279,-0.0284,0
19596250,0.045,0.358,0.021,0.003,0.004,0.001,-50.615,-278.941,387.280,176.199,-7.178,-121.254,1,-0.0323,0.0279,-0.0284,0
19596359,0.047,0.362,0.024,0.003,0.003,0.001,-50.615,-278.941,387.280,176.199,-7.178,-121.254,1,-0.0323,0.0279,-0.0284,0
19596437,0.057,0.356,0.049,0.003,0.003,-0.000,-50.615,-278.941,387.280,176.199,-7.178,-121.254,1,-0.0323,0.0279,-0.0284,0
19596531,0.042,0.352,0.076,0.003,0.004,0.000,-50.615,-278.941,387.280,176.199,-7.178,-121.254,1,-0.0323,0.0279,-0.0284,0
19596609,0.066,0.369,0.040,0.002,0.003,0.000,-50.615,-278.941,387.280,176.199,-7.178,-121.254,1,-0.0323,0.0279,-0.0284,0
19596687,0.077,0.364,0.038,0.002,0.003,0.000,-50.615,-278.941,387.280,176.199,-7.178,-121.254,1,-0.0323,0.0279,-0.0284,0
19596796,0.047,0.351,0.031,0.002,0.003,0.001,-50.615,-278.941,387.280,176.199,-7.178,-121.254,1,-0.0323,0.0279,-0.0284,0
19596906,0.049,0.353,0.029,0.003,0.003,0.001,-50.615,-278.941,387.280,176.199,-7.178,-121.254,1,-0.0323,0.0279,-0.0284,0
19597046,0.064,0.354,-0.013,0.002,0.003,0.002,-50.615,-278.941,387.280,176.199,-7.178,-121.254,1,-0.0323,0.0279,-0.0284,0
19597093,0.068,0.341,0.015,0.002,0.003,0.000,-50.615,-278.941,387.280,176.199,-7.178,-121.254,1,-0.0323,0.0279,-0.0284,0
19597140,0.057,0.357,0.025,0.003,0.003,0.001,-50.615,-278.941,387.280,176.199,-7.178,-121.254,1,-0.0323,0.0279,-0.0284,0
19597218,0.047,0.359,0.051,0.003,0.004,0.001,-50.615,-278.941,387.280,176.199,-7.178,-121.254,1,-0.0323,0.0279,-0.0284,0
19597359,0.066,0.363,0.049,0.002,0.003,0.000,-50.615,-278.941,387.280,176.199,-7.178,-121.254,1,-0.0323,0.0279,-0.0284,0
19597453,0.043,0.348,0.012,0.002,0.003,-0.001,-50.615,-278.941,387.280,176.199,-7.178,-121.254,1,-0.0323,0.0279,-0.0284,0
19597562,0.052,0.355,0.061,0.002,0.003,-0.001,-50.615,-278.941,387.280,176.199,-7.178,-121.254,1,-0.0323,0.0279,-0.0284,0
19597640,0.052,0.366,0.015,0.003,0.004,0.001,-50.615,-278.941,387.280,176.199,-7.178,-121.254,1,-0.0323,0.0279,-0.0284,0
19597734,0.046,0.366,0.014,0.003,0.004,0.001,-50.615,-278.941,387.280,176.199,-7.178,-121.254,1,-0.0323,0.0279,-0.0284,0
19597812,0.038,0.362,0.032,0.003,0.004,0.001,-50.615,-278.941,387.280,176.199,-7.178,-121.254,1,-0.0323,0.0279,-0.0284,0
19597890,0.077,0.362,0.091,0.002,0.003,-0.001,-50.615,-278.941,387.280,176.199,-7.178,-121.254,1,-0.0323,0.0279,-0.0284,0
19598000,0.055,0.369,0.040,0.003,0.004,0.001,-50.615,-278.941,387.280,176.199,-7.178,-121.254,1,-0.0323,0.0279,-0.0284,0
19598109,0.054,0.365,0.002,0.003,0.004,0.001,-50.615,-278.941,387.280,176.199,-7.178,-121.254,1,-0.0323,0.0279,-0.0284,0
19598250,0.049,0.343,0.007,0.002,0.003,0.001,-50.615,-278.941,387.280,176.199,-7.178,-121.254,1,-0.0323,0.0279,-0.0284,0
19598296,0.052,0.347,0.033,0.002,0.003,0.001,-50.615,-278.941,387.280,176.199,-7.178,-121.254,1,-0.0323,0.0279,-0.0284,0
19598343,0.048,0.364,0.039,0.003,0.003,0.001,-50.615,-278.941,387.280,176.199,-7.178,-121.254,1,-0.0323,0.0279,-0.0284,0
19598421,0.043,0.380,0.002,0.003,0.004,0.003,-50.615,-278.941,387.280,176.199,-7.178,-121.254,1,-0.0323,0.0279,-0.0284,0
19598562,0.073,0.360,0.058,0.002,0.003,-0.000,-50.615,-278.941,387.280,176.199,-7.178,-121.254,1,-0.0323,0.0279,-0.0284,0
19598656,0.037,0.378,0.044,0.004,0.004,0.001,-50.615,-278.941,387.280,176.199,-7.178,-121.254,1,-0.0323,0.0279,-0.0284,0
19598765,0.038,0.368,0.034,0.003,0.004,0.002,-50.615,-278.941,387.280,176.199,-7.178,-121.254,1,-0.0323,0.0279,-0.0284,0
19598828,0.042,0.361,0.030,0.002,0.004,0.001,-50.615,-278.941,387.280,176.199,-7.178,-121.254,1,-0.0323,0.0279,-0.0284,0
19598921,0.059,0.359,0.050,0.002,0.003,-0.000,-50.615,-278.941,387.280,176.199,-7.178,-121.254,1,-0.0323,0.0279,-0.0284,0
19599000,0.050,0.371,0.014,0.003,0.003,0.001,-50.615,-278.941,387.280,176.199,-7.178,-121.254,1,-0.0323,0.0279,-0.0284,0
19599078,0.056,0.363,0.035,0.003,0.003,0.000,-50.615,-278.941,387.280,176.199,-7.178,-121.254,1,-0.0323,0.0279,-0.0284,0
19599187,0.054,0.371,0.013,0.003,0.003,0.001,-50.615,-278.941,387.280,176.199,-7.178,-121.254,1,-0.0323,0.0279,-0.0284,0
19599296,0.058,0.362,0.065,0.002,0.003,-0.000,-50.615,-278.941,387.280,176.199,-7.178,-121.254,1,-0.0323,0.0279,-0.0284,0
19599437,0.046,0.361,0.009,0.003,0.003,0.001,-50.615,-278.941,387.280,176.199,-7.178,-121.254,1,-0.0323,0.0279,-0.0284,0
19599484,0.033,0.386,-0.016,0.003,0.004,0.003,-50.615,-278.941,387.280,176.199,-7.178,-121.254,1,-0.0323,0.0279,-0.0284,0
19599531,0.031,0.382,-0.015,0.003,0.004,0.003,-50.615,-278.941,387.280,176.199,-7.178,-121.254,1,-0.0323,0.0279,-0.0284,0
19599609,0.052,0.365,0.016,0.003,0.003,0.001,-50.615,-278.941,387.280,176.199,-7.178,-121.254,1,-0.0323,0.0279,-0.0284,0
19599750,0.054,0.365,0.010,0.003,0.003,0.002,-50.615,-278.941,387.280,176.199,-7.178,-121.254,1,-0.0323,0.0279,-0.0284,0
19599843,0.034,0.379,-0.005,0.003,0.004,0.003,-50.615,-278.941,387.280,176.199,-7.178,-121.254,1,-0.0323,0.0279,-0.0284,0
19599953,0.041,0.367,0.052,0.003,0.004,-0.000,-50.615,-278.941,387.280,176.199,-7.178,-121.254,1,-0.0323,0.0279,-0.0284,0
19600031,0.046,0.364,0.079,0.003,0.003,-0.001,-50.615,-278.941,387.280,176.199,-7.178,-121.254,1,-0.0323,0.0279,-0.0284,0
19600125,0.039,0.365,0.064,0.003,0.004,0.000,-50.615,-278.941,387.280,176.199,-7.178,-121.254,1,-0.0323,0.0279,-0.0284,0
19600203,0.046,0.375,0.002,0.003,0.004,0.002,-50.615,-278.941,387.280,176.199,-7.178,-121.254,1,-0.0323,0.0279,-0.0284,0
19600281,0.055,0.363,0.060,0.003,0.004,0.001,-50.615,-278.941,387.280,176.199,-7.178,-121.254,1,-0.0323,0.0279,-0.0284,0
19600390,0.048,0.368,0.051,0.003,0.004,0.001,-50.615,-278.941,387.280,176.199,-7.178,-121.254,1,-0.0323,0.0279,-0.0284,0
19600500,0.054,0.359,0.063,0.002,0.004,-0.000,-50.615,-278.941,387.280,176.199,-7.178,-121.254,1,-0.0323,0.0279,-0.0284,0
19600640,0.043,0.355,0.054,0.003,0.003,0.001,-50.615,-278.941,387.280,176.199,-7.178,-121.254,1,-0.0323,0.0279,-0.0284,0
19600687,0.027,0.353,0.024,0.003,0.004,0.002,-50.615,-278.941,387.280,176.199,-7.178,-121.254,1,-0.0323,0.0279,-0.0284,0
19600734,0.020,0.344,0.026,0.003,0.004,0.002,-50.615,-278.941,387.280,176.199,-7.178,-121.254,1,-0.0323,0.0279,-0.0284,0
19600812,0.039,0.353,-0.002,0.003,0.004,0.002,-50.615,-278.941,387.280,176.199,-7.178,-121.254,1,-0.0323,0.0279,-0.0284,0
19600953,0.039,0.382,-0.003,0.003,0.004,0.003,-50.615,-278.941,387.280,176.199,-7.178,-121.254,1,-0.0323,0.0279,-0.0284,0
19601046,0.046,0.376,0.075,0.003,0.004,0.001,-50.615,-278.941,387.280,176.199,-7.178,-121.254,1,-0.0323,0.0279,-0.0284,0
19601156,0.046,0.354,0.092,0.002,0.004,-0.001,-50.615,-278.941,387.280,176.199,-7.178,-121.254,1,-0.0323,0.0279,-0.0284,0
19601234,0.057,0.355,0.057,0.002,0.003,-0.000,-50.615,-278.941,387.280,176.199,-7.178,-121.254,1,-0.0323,0.0279,-0.0284,0
19601328,0.048,0.362,0.072,0.003,0.004,-0.000,-50.615,-278.941,387.280,176.199,-7.178,-121.254,1,-0.0323,0.0279,-0.0284,0
19601406,0.024,0.360,0.055,0.003,0.004,-0.000,-50.615,-278.941,387.280,176.199,-7.178,-121.254,1,-0.0323,0.0279,-0.0284,0
19601484,0.050,0.378,0.041,0.003,0.004,0.002,-50.615,-278.941,387.280,176.199,-7.178,-121.254,1,-0.0323,0.0279,-0.0284,0
19601593,0.048,0.356,0.068,0.002,0.003,0.000,-50.615,-278.941,387.280,176.199,-7.178,-121.254,1,-0.0323,0.0279,-0.0284,0
19601703,0.048,0.364,0.013,0.002,0.004,0.002,-50.615,-278.941,387.280,176.199,-7.178,-121.254,1,-0.0323,0.0279,-0.0284,0
19601828,0.035,0.355,0.036,0.003,0.004,0.001,-50.615,-278.941,387.280,176.199,-7.178,-121.254,1,-0.0323,0.0279,-0.0284,0
19601875,0.040,0.350,0.038,0.002,0.004,0.001,-50.615,-278.941,387.280,176.199,-7.178,-121.254,1,-0.0323,0.0279,-0.0284,0
19601921,0.031,0.352,0.024,0.002,0.004,0.001,-50.615,-278.941,387.280,176.199,-7.178,-121.254,1,-0.0323,0.0279,-0.0284,0
19602000,0.062,0.365,0.034,0.002,0.003,0.001,-50.615,-278.941,387.280,176.199,-7.178,-121.254,1,-0.0323,0.0279,-0.0284,0
19602140,0.043,0.364,0.052,0.003,0.004,0.000,-50.615,-278.941,387.280,176.199,-7.178,-121.254,1,-0.0323,0.0279,-0.0284,0
19602234,0.049,0.371,0.048,0.003,0.004,0.001,-50.615,-278.941,387.280,176.199,-7.178,-121.254,1,-0.0323,0.0279,-0.0284,0
19602343,0.038,0.358,0.044,0.002,0.004,0.001,-50.615,-278.941,387.280,176.199,-7.178,-121.254,1,-0.0323,0.0279,-0.0284,0
19602421,0.027,0.364,0.042,0.003,0.004,0.002,-50.615,-278.941,387.280,176.199,-7.178,-121.254,1,-0.0323,0.0279,-0.0284,0
19602515,0.028,0.362,0.043,0.003,0.004,0.001,-50.615,-278.941,387.280,176.199,-7.178,-121.254,1,-0.0323,0.0279,-0.0284,0
19602593,0.023,0.351,0.085,0.002,0.003,-0.001,-50.615,-278.941,387.280,176.199,-7.178,-121.254,1,-0.0323,0.0279,-0.0284,0
19602671,0.047,0.355,0.034,0.002,0.003,0.001,-50.615,-278.941,387.280,176.199,-7.178,-121.254,1,-0.0323,0.0279,-0.0284,0
19602781,0.051,0.364,0.029,0.002,0.004,0.001,-50.615,-278.941,387.280,176.199,-7.178,-121.254,1,-0.0323,0.0279,-0.0284,0
19602890,0.051,0.362,0.054,0.003,0.004,0.001,-50.615,-278.941,387.280,176.199,-7.178,-121.254,1,-0.0323,0.0279,-0.0284,0
19603031,0.044,0.347,0.070,0.002,0.004,0.001,-50.615,-278.941,387.280,176.199,-7.178,-121.254,1,-0.0323,0.0279,-0.0284,0
19603078,0.046,0.341,0.091,0.002,0.004,0.000,-50.615,-278.941,387.280,176.199,-7.178,-121.254,1,-0.0323,0.0279,-0.0284,0
19603125,0.049,0.347,0.063,0.002,0.003,0.001,-50.615,-278.941,387.280,176.199,-7.178,-121.254,1,-0.0323,0.0279,-0.0284,0
19603203,0.034,0.353,0.010,0.002,0.004,0.001,-50.615,-278.941,387.280,176.199,-7.178,-121.254,1,-0.0323,0.0279,-0.0284,0
19603343,0.028,0.334,0.079,0.002,0.004,-0.000,-50.615,-278.941,387.280,176.199,-7.178,-121.254,1,-0.0323,0.0279,-0.0284,0
19603437,0.040,0.360,0.038,0.002,0.004,0.001,-50.615,-278.941,387.280,176.199,-7.178,-121.254,1,-0.0323,0.0279,-0.0284,0
19603546,0.048,0.354,-0.001,0.002,0.004,0.001,-50.615,-278.941,387.280,176.199,-7.178,-121.254,1,-0.0323,0.0279,-0.0284,0
19603625,0.046,0.358,0.062,0.002,0.004,-0.000,-50.615,-278.941,387.280,176.199,-7.178,-121.254,1,-0.0323,0.0279,-0.0284,0
19603718,0.058,0.345,0.010,0.001,0.003,-0.000,-50.615,-278.941,387.280,176.199,-7.178,-121.254,1,-0.0323,0.0279,-0.0284,0
19603796,0.040,0.348,0.063,0.002,0.003,-0.001,-50.615,-278.941,387.280,176.199,-7.178,-121.254,1,-0.0323,0.0279,-0.0284,0
19603875,0.036,0.347,0.045,0.002,0.004,-0.000,-50.615,-278.941,387.280,176.199,-7.178,-121.254,1,-0.0323,0.0279,-0.0284,0
19603984,0.037,0.340,0.085,0.002,0.003,-0.001,-50.615,-278.941,387.280,176.199,-7.178,-121.254,1,-0.0323,0.0279,-0.0284,0
19604093,0.059,0.355,0.030,0.002,0.003,0.001,-50.615,-278.941,387.280,176.199,-7.178,-121.254,1,-0.0323,0.0279,-0.0284,0
19604234,0.044,0.353,0.015,0.002,0.004,0.001,-50.615,-278.941,387.280,176.199,-7.178,-121.254,1,-0.0323,0.0279,-0.0284,0
19604281,0.053,0.350,0.066,0.002,0.004,-0.000,-50.615,-278.941,387.280,176.199,-7.178,-121.254,1,-0.0323,0.0279,-0.0284,0
19604328,0.050,0.349,0.046,0.002,0.004,0.000,-50.615,-278.941,387.280,176.199,-7.178,-121.254,1,-0.0323,0.0279,-0.0284,0
19604406,0.051,0.349,0.037,0.002,0.003,0.001,-50.615,-278.941,387.280,176.199,-7.178,-121.254,1,-0.0323,0.0279,-0.0284,0
19604546,0.056,0.338,0.078,0.002,0.003,-0.001,-50.615,-278.941,387.280,176.199,-7.178,-121.254,1,-0.0323,0.0279,-0.0284,0
19604640,0.067,0.338,0.081,0.002,0.003,-0.002,-50.615,-278.941,387.280,176.199,-7.178,-121.254,1,-0.0323,0.0279,-0.0284,0
19604750,0.049,0.369,0.022,0.003,0.003,0.001,-50.615,-278.941,387.280,176.199,-7.178,-121.254,1,-0.0323,0.0279,-0.0284,0
19604828,0.054,0.364,0.064,0.003,0.003,-0.000,-50.615,-278.941,387.280,176.199,-7.178,-121.254,1,-0.0323,0.0279,-0.0284,0
19604921,0.052,0.360,0.038,0.002,0.003,0.000,-50.615,-278.941,387.280,176.199,-7.178,-121.254,1,-0.0323,0.0279,-0.0284,0
19605000,0.056,0.350,0.052,0.002,0.003,-0.000,-50.615,-278.941,387.280,176.199,-7.178,-121.254,1,-0.0323,0.0279,-0.0284,0
19605062,0.066,0.348,0.009,0.002,0.003,0.000,-50.615,-278.941,387.280,176.199,-7.178,-121.254,1,-0.0323,0.0279,-0.0284,0
19605171,0.053,0.346,0.083,0.002,0.003,-0.001,-50.615,-278.941,387.280,176.199,-7.178,-121.254,1,-0.0323,0.0279,-0.0284,0
19605281,0.047,0.352,0.030,0.002,0.003,0.001,-50.615,-278.941,387.280,176.199,-7.178,-121.254,1,-0.0323,0.0279,-0.0284,0
19605421,0.061,0.353,0.063,0.002,0.003,-0.000,-50.615,-278.941,387.280,176.199,-7.178,-121.254,1,-0.0323,0.0279,-0.0284,0
19605468,0.063,0.355,0.061,0.002,0.003,-0.000,-50.615,-278.941,387.280,176.199,-7.178,-121.254,1,-0.0323,0.0279,-0.0284,0
19605515,0.058,0.336,0.003,0.002,0.003,0.001,-50.615,-278.941,387.280,176.199,-7.178,-121.254,1,-0.0323,0.0279,-0.0284,0
19605593,0.050,0.346,0.023,0.002,0.003,0.001,-50.615,-278.941,387.280,176.199,-7.178,-121.254,1,-0.0323,0.0279,-0.0284,0
19605734,0.053,0.349,0.052,0.002,0.003,-0.000,-50.615,-278.941,387.280,176.199,-7.178,-121.254,1,-0.0323,0.0279,-0.0284,0
19605828,0.065,0.365,0.045,0.003,0.003,-0.000,-50.615,-278.941,387.280,176.199,-7.178,-121.254,1,-0.0323,0.0279,-0.0284,0
19605937,0.056,0.364,0.035,0.002,0.004,-0.000,-50.615,-278.941,387.280,176.199,-7.178,-121.254,1,-0.0323,0.0279,-0.0284,0
19606015,0.066,0.370,0.031,0.002,0.004,0.000,-50.615,-278.941,387.280,176.199,-7.178,-121.254,1,-0.0323,0.0279,-0.0284,0
19606109,0.077,0.362,0.067,0.002,0.003,-0.001,-50.615,-278.941,387.280,176.199,-7.178,-121.254,1,-0.0323,0.0279,-0.0284,0
19606187,0.058,0.366,0.024,0.003,0.003,0.002,-50.615,-278.941,387.280,176.199,-7.178,-121.254,1,-0.0323,0.0279,-0.0284,0
19606265,0.055,0.341,0.038,0.002,0.003,-0.001,-50.615,-278.941,387.280,176.199,-7.178,-121.254,1,-0.0323,0.0279,-0.0284,0
19606375,0.053,0.353,0.005,0.003,0.004,0.001,-50.615,-278.941,387.280,176.199,-7.178,-121.254,1,-0.0323,0.0279,-0.0284,0
19606484,0.051,0.358,0.010,0.003,0.004,0.002,-50.615,-278.941,387.280,176.199,-7.178,-121.254,1,-0.0323,0.0279,-0.0284,0
19606625,0.064,0.351,0.048,0.002,0.003,0.000,-50.615,-278.941,387.280,176.199,-7.178,-121.254,1,-0.0323,0.0279,-0.0284,0
19606671,0.068,0.348,0.064,0.002,0.003,-0.000,-50.615,-278.941,387.280,176.199,-7.178,-121.254,1,-0.0323,0.0279,-0.0284,0
19606718,0.060,0.357,0.036,0.003,0.003,0.001,-50.615,-278.941,387.280,176.199,-7.178,-121.254,1,-0.0323,0.0279,-0.0284,0
19606796,0.059,0.352,0.034,0.003,0.003,0.001,-50.615,-278.941,387.280,176.199,-7.178,-121.254,1,-0.0323,0.0279,-0.0284,0
19606937,0.058,0.350,0.049,0.003,0.003,0.001,-50.615,-278.941,387.280,176.199,-7.178,-121.254,1,-0.0323,0.0279,-0.0284,0
19607031,0.062,0.336,0.038,0.002,0.003,-0.000,-50.615,-278.941,387.280,176.199,-7.178,-121.254,1,-0.0323,0.0279,-0.0284,0
19607140,0.048,0.350,0.042,0.003,0.003,0.001,-50.615,-278.941,387.280,176.199,-7.178,-121.254,1,-0.0323,0.0279,-0.0284,0
19607218,0.051,0.366,0.045,0.003,0.004,0.001,-50.615,-278.941,387.280,176.199,-7.178,-121.254,1,-0.0323,0.0279,-0.0284,0
19607312,0.060,0.362,0.048,0.002,0.003,0.000,-50.615,-278.941,387.280,176.199,-7.178,-121.254,1,-0.0323,0.0279,-0.0284,0
19607390,0.063,0.364,0.043,0.002,0.003,-0.000,-50.615,-278.941,387.280,176.199,-7.178,-121.254,1,-0.0323,0.0279,-0.0284,0
19607468,0.071,0.361,0.063,0.002,0.003,-0.001,-50.615,-278.941,387.280,176.199,-7.178,-121.254,1,-0.0323,0.0279,-0.0284,0
19607578,0.046,0.360,0.036,0.003,0.004,0.002,-50.615,-278.941,387.280,176.199,-7.178,-121.254,1,-0.0323,0.0279,-0.0284,0
19607687,0.039,0.350,0.027,0.002,0.004,0.001,-50.615,-278.941,387.280,176.199,-7.178,-121.254,1,-0.0323,0.0279,-0.0284,0
19607828,0.051,0.351,0.030,0.003,0.003,0.001,-50.615,-278.941,387.280,176.199,-7.178,-121.254,1,-0.0323,0.0279,-0.0284,0
19607875,0.054,0.347,0.057,0.002,0.003,-0.000,-50.615,-278.941,387.280,176.199,-7.178,-121.254,1,-0.0323,0.0279,-0.0284,0
19607921,0.059,0.350,0.048,0.002,0.003,0.000,-50.615,-278.941,387.280,176.199,-7.178,-121.254,1,-0.0323,0.0279,-0.0284,0
19608000,0.044,0.361,0.019,0.003,0.004,0.002,-50.615,-278.941,387.280,176.199,-7.178,-121.254,1,-0.0323,0.0279,-0.0284,0
19608140,0.069,0.346,0.049,0.002,0.003,0.000,-50.615,-278.941,387.280,176.199,-7.178,-121.254,1,-0.0323,0.0279,-0.0284,0
19608234,0.038,0.344,0.031,0.003,0.004,0.001,-50.615,-278.941,387.280,176.199,-7.178,-121.254,1,-0.0323,0.0279,-0.0284,0
19608281,0.029,0.353,0.022,0.003,0.004,0.002,-50.615,-278.941,387.280,176.199,-7.178,-121.254,1,-0.0323,0.0279,-0.0284,0
19608359,0.046,0.353,0.033,0.003,0.004,0.001,-50.615,-278.941,387.280,176.199,-7.178,-121.254,1,-0.0323,0.0279,-0.0284,0
19608437,0.058,0.346,0.048,0.002,0.003,0.000,-50.615,-278.941,387.280,176.199,-7.178,-121.254,1,-0.0323,0.0279,-0.0284,0
19608515,0.049,0.354,0.041,0.003,0.003,0.001,-50.615,-278.941,387.280,176.199,-7.178,-121.254,1,-0.0323,0.0279,-0.0284,0
19608609,0.026,0.379,0.022,0.004,0.004,0.002,-50.615,-278.941,387.280,176.199,-7.178,-121.254,1,-0.0323,0.0279,-0.0284,0
19608687,0.037,0.359,0.032,0.003,0.004,0.001,-50.615,-278.941,387.280,176.199,-7.178,-121.254,1,-0.0323,0.0279,-0.0284,0
19608796,0.049,0.348,0.019,0.003,0.004,0.001,-50.615,-278.941,387.280,176.199,-7.178,-121.254,1,-0.0323,0.0279,-0.0284,0
19608890,0.031,0.339,0.022,0.002,0.004,0.002,-50.615,-278.941,387.280,176.199,-7.178,-121.254,1,-0.0323,0.0279,-0.0284,0
19609031,0.046,0.355,0.043,0.002,0.003,0.002,-50.615,-278.941,387.280,176.199,-7.178,-121.254,1,-0.0323,0.0279,-0.0284,0
19609093,0.058,0.345,0.053,0.002,0.003,0.001,-50.615,-278.941,387.280,176.199,-7.178,-121.254,1,-0.0323,0.0279,-0.0284,0
19609203,0.038,0.355,0.033,0.003,0.004,0.002,-50.615,-278.941,387.280,176.199,-7.178,-121.254,1,-0.0323,0.0279,-0.0284,0
19609343,0.038,0.340,0.041,0.002,0.004,0.001,-50.615,-278.941,387.280,176.199,-7.178,-121.254,1,-0.0323,0.0279,-0.0284,0
19609421,0.070,0.339,0.031,0.002,0.003,0.000,-50.615,-278.941,387.280,176.199,-7.178,-121.254,1,-0.0323,0.0279,-0.0284,0
19609468,0.045,0.340,0.037,0.002,0.003,0.001,-50.615,-278.941,387.280,176.199,-7.178,-121.254,1,-0.0323,0.0279,-0.0284,0
19609546,0.032,0.337,0.059,0.002,0.004,0.000,-50.615,-278.941,387.280,176.199,-7.178,-121.254,1,-0.0323,0.0279,-0.0284,0
19609625,0.019,0.342,0.052,0.002,0.004,0.000,-50.615,-278.941,387.280,176.199,-7.178,-121.254,1,-0.0323,0.0279,-0.0284,0
19609703,0.054,0.331,0.022,0.002,0.004,0.001,-50.615,-278.941,387.280,176.199,-7.178,-121.254,1,-0.0323,0.0279,-0.0284,0
19609796,0.054,0.343,0.020,0.002,0.003,0.001,-50.615,-278.941,387.280,176.199,-7.178,-121.254,1,-0.0323,0.0279,-0.0284,0
19609875,0.035,0.360,0.054,0.003,0.003,0.000,-50.615,-278.941,387.280,176.199,-7.178,-121.254,1,-0.0323,0.0279,-0.0284,0
19609984,0.024,0.360,0.051,0.003,0.003,0.001,-50.615,-278.941,387.280,176.199,-7.178,-121.254,1,-0.0323,0.0279,-0.0284,0
19610078,0.052,0.340,0.034,0.002,0.003,0.001,-50.615,-278.941,387.280,176.199,-7.178,-121.254,1,-0.0323,0.0279,-0.0284,0
19610218,0.039,0.323,0.028,0.002,0.004,0.001,-50.615,-278.941,387.280,176.199,-7.178,-121.254,1,-0.0323,0.0279,-0.0284,0
19610265,0.024,0.317,0.033,0.002,0.004,0.001,-50.615,-278.941,387.280,176.199,-7.178,-121.254,1,-0.0323,0.0279,-0.0284,0
19610312,0.024,0.307,0.066,0.002,0.004,0.001,-50.615,-278.941,387.280,176.199,-7.178,-121.254,1,-0.0323,0.0279,-0.0284,0
19610390,0.051,0.336,0.030,0.002,0.003,0.001,-50.615,-278.941,387.280,176.199,-7.178,-121.254,1,-0.0323,0.0279,-0.0284,0
19610531,0.059,0.338,0.008,0.002,0.003,0.000,-50.615,-278.941,387.280,176.199,-7.178,-121.254,1,-0.0323,0.0279,-0.0284,0
19610625,0.042,0.346,0.032,0.003,0.004,0.001,-50.615,-278.941,387.280,176.199,-7.178,-121.254,1,-0.0323,0.0279,-0.0284,0
19610734,0.057,0.329,0.062,0.002,0.003,-0.000,-50.615,-278.941,387.280,176.199,-7.178,-121.254,1,-0.0323,0.0279,-0.0284,0
19610812,0.052,0.335,0.026,0.002,0.004,0.001,-50.615,-278.941,387.280,176.199,-7.178,-121.254,1,-0.0323,0.0279,-0.0284,0
19610906,0.064,0.322,0.107,0.002,0.003,-0.002,-50.615,-278.941,387.280,176.199,-7.178,-121.254,1,-0.0323,0.0279,-0.0284,0
19610984,0.044,0.329,0.066,0.002,0.003,0.000,-50.615,-278.941,387.280,176.199,-7.178,-121.254,1,-0.0323,0.0279,-0.0284,0
19611062,0.056,0.344,0.085,0.002,0.003,0.000,-50.615,-278.941,387.280,176.199,-7.178,-121.254,1,-0.0323,0.0279,-0.0284,0
19611171,0.062,0.351,0.060,0.003,0.004,0.000,-50.615,-278.941,387.280,176.199,-7.178,-121.254,1,-0.0323,0.0279,-0.0284,0
19611281,0.073,0.327,0.011,0.001,0.003,0.001,-50.615,-278.941,387.280,176.199,-7.178,-121.254,1,-0.0323,0.0279,-0.0284,0
19611421,0.059,0.330,0.039,0.002,0.003,0.000,-50.615,-278.941,387.280,176.199,-7.178,-121.254,1,-0.0323,0.0279,-0.0284,0
19611468,0.069,0.328,0.047,0.002,0.003,-0.000,-50.615,-278.941,387.280,176.199,-7.178,-121.254,1,-0.0323,0.0279,-0.0284,0
19611515,0.066,0.330,0.045,0.002,0.003,0.000,-50.615,-278.941,387.280,176.199,-7.178,-121.254,1,-0.0323,0.0279,-0.0284,0
19611593,0.076,0.347,0.027,0.002,0.003,0.000,-50.615,-278.941,387.280,176.199,-7.178,-121.254,1,-0.0323,0.0279,-0.0284,0
19611718,0.068,0.338,0.054,0.002,0.003,-0.000,-50.615,-278.941,387.280,176.199,-7.178,-121.254,1,-0.0323,0.0279,-0.0284,0
19611812,0.063,0.338,0.019,0.002,0.003,0.001,-50.615,-278.941,387.280,176.199,-7.178,-121.254,1,-0.0323,0.0279,-0.0284,0
19611921,0.055,0.338,0.029,0.002,0.003,0.000,-50.615,-278.941,387.280,176.199,-7.178,-121.254,1,-0.0323,0.0279,-0.0284,0
19612000,0.065,0.336,0.035,0.002,0.003,0.000,-50.615,-278.941,387.280,176.199,-7.178,-121.254,1,-0.0323,0.0279,-0.0284,0
19612093,0.067,0.343,0.021,0.002,0.003,0.001,-50.615,-278.941,387.280,176.199,-7.178,-121.254,1,-0.0323,0.0279,-0.0284,0
19612171,0.075,0.348,0.030,0.002,0.003,0.000,-50.615,-278.941,387.280,176.199,-7.178,-121.254,1,-0.0323,0.0279,-0.0284,0
19612250,0.071,0.342,0.065,0.002,0.003,-0.001,-50.615,-278.941,387.280,176.199,-7.178,-121.254,1,-0.0323,0.0279,-0.0284,0
19612359,0.070,0.339,0.036,0.002,0.003,0.000,-50.615,-278.941,387.280,176.199,-7.178,-121.254,1,-0.0323,0.0279,-0.0284,0
19612468,0.076,0.333,-0.001,0.002,0.003,0.001,-50.615,-278.941,387.280,176.199,-7.178,-121.254,1,-0.0323,0.0279,-0.0284,0
19612609,0.069,0.331,0.054,0.001,0.003,-0.001,-50.615,-278.941,387.280,176.199,-7.178,-121.254,1,-0.0323,0.0279,-0.0284,0
19612656,0.070,0.333,0.025,0.001,0.003,0.001,-50.615,-278.941,387.280,176.199,-7.178,-121.254,1,-0.0323,0.0279,-0.0284,0
19612703,0.078,0.334,0.018,0.001,0.003,0.001,-50.615,-278.941,387.280,176.199,-7.178,-121.254,1,-0.0323,0.0279,-0.0284,0
19612781,0.070,0.340,0.022,0.002,0.003,0.001,-50.615,-278.941,387.280,176.199,-7.178,-121.254,1,-0.0323,0.0279,-0.0284,0
19612921,0.078,0.332,0.080,0.001,0.003,-0.001,-50.615,-278.941,387.280,176.199,-7.178,-121.254,1,-0.0323,0.0279,-0.0284,0
19613015,0.078,0.340,0.077,0.002,0.003,-0.001,-50.615,-278.941,387.280,176.199,-7.178,-121.254,1,-0.0323,0.0279,-0.0284,0
19613125,0.058,0.349,-0.006,0.002,0.003,0.002,-50.615,-278.941,387.280,176.199,-7.178,-121.254,1,-0.0323,0.0279,-0.0284,0
19613203,0.077,0.332,0.057,0.001,0.002,-0.002,-50.615,-278.941,387.280,176.199,-7.178,-121.254,1,-0.0323,0.0279,-0.0284,0
19613296,0.074,0.332,0.063,0.002,0.003,-0.001,-50.615,-278.941,387.280,176.199,-7.178,-121.254,1,-0.0323,0.0279,-0.0284,0
19613375,0.064,0.347,0.023,0.002,0.003,0.001,-50.615,-278.941,387.280,176.199,-7.178,-121.254,1,-0.0323,0.0279,-0.0284,0
19613453,0.057,0.358,-0.029,0.003,0.003,0.003,-50.615,-278.941,387.280,176.199,-7.178,-121.254,1,-0.0323,0.0279,-0.0284,0
19613562,0.079,0.344,0.024,0.002,0.003,0.001,-50.615,-278.941,387.280,176.199,-7.178,-121.254,1,-0.0323,0.0279,-0.0284,0
19613671,0.080,0.335,0.086,0.002,0.003,-0.002,-50.615,-278.941,387.280,176.199,-7.178,-121.254,1,-0.0323,0.0279,-0.0284,0
19613812,0.074,0.355,0.015,0.002,0.003,0.001,-50.615,-278.941,387.280,176.199,-7.178,-121.254,1,-0.0323,0.0279,-0.0284,0
19613859,0.064,0.351,0.010,0.003,0.003,0.002,-50.615,-278.941,387.280,176.199,-7.178,-121.254,1,-0.0323,0.0279,-0.0284,0
19613906,0.069,0.340,0.026,0.002,0.003,0.001,-50.615,-278.941,387.280,176.199,-7.178,-121.254,1,-0.0323,0.0279,-0.0284,0
19613984,0.071,0.346,0.028,0.003,0.003,0.001,-50.615,-278.941,387.280,176.199,-7.178,-121.254,1,-0.0323,0.0279,-0.0284,0
19614109,0.065,0.343,0.023,0.002,0.003,0.001,-50.615,-278.941,387.280,176.199,-7.178,-121.254,1,-0.0323,0.0279,-0.0284,0
19614203,0.062,0.360,0.011,0.003,0.004,0.002,-50.615,-278.941,387.280,176.199,-7.178,-121.254,1,-0.0323,0.0279,-0.0284,0
19614312,0.076,0.360,0.033,0.003,0.003,0.000,-50.615,-278.941,387.280,176.199,-7.178,-121.254,1,-0.0323,0.0279,-0.0284,0
19614390,0.098,0.363,0.043,0.002,0.002,-0.001,-50.615,-278.941,387.280,176.199,-7.178,-121.254,1,-0.0323,0.0279,-0.0284,0
19614484,0.069,0.353,0.002,0.002,0.003,0.002,-50.615,-278.941,387.280,176.199,-7.178,-121.254,1,-0.0323,0.0279,-0.0284,0
19614562,0.063,0.340,0.027,0.002,0.003,0.001,-50.615,-278.941,387.280,176.199,-7.178,-121.254,1,-0.0323,0.0279,-0.0284,0
19614640,0.071,0.347,0.034,0.002,0.003,0.000,-50.615,-278.941,387.280,176.199,-7.178,-121.254,1,-0.0323,0.0279,-0.0284,0
19614750,0.061,0.352,0.016,0.003,0.003,0.002,-50.615,-278.941,387.280,176.199,-7.178,-121.254,1,-0.0323,0.0279,-0.0284,0
19614859,0.061,0.352,0.019,0.002,0.003,0.002,-50.615,-278.941,387.280,176.199,-7.178,-121.254,1,-0.0323,0.0279,-0.0284,0
19615000,0.088,0.342,0.026,0.002,0.003,0.000,-50.615,-278.941,387.280,176.199,-7.178,-121.254,1,-0.0323,0.0279,-0.0284,0
19615046,0.063,0.353,0.005,0.003,0.003,0.002,-50.615,-278.941,387.280,176.199,-7.178,-121.254,1,-0.0323,0.0279,-0.0284,0
19615093,0.045,0.350,0.018,0.003,0.004,0.002,-50.615,-278.941,387.280,176.199,-7.178,-121.254,1,-0.0323,0.0279,-0.0284,0
19615171,0.067,0.336,0.044,0.002,0.003,0.001,-50.615,-278.941,387.280,176.199,-7.178,-121.254,1,-0.0323,0.0279,-0.0284,0
19615312,0.061,0.344,0.037,0.002,0.004,0.002,-50.615,-278.941,387.280,176.199,-7.178,-121.254,1,-0.0323,0.0279,-0.0284,0
19615406,0.043,0.366,0.035,0.003,0.003,0.002,-50.615,-278.941,387.280,176.199,-7.178,-121.254,1,-0.0323,0.0279,-0.0284,0
19615515,0.080,0.330,0.047,0.002,0.003,-0.000,-50.615,-278.941,387.280,176.199,-7.178,-121.254,1,-0.0323,0.0279,-0.0284,0
19615593,0.063,0.340,0.051,0.002,0.003,0.001,-50.615,-278.941,387.280,176.199,-7.178,-121.254,1,-0.0323,0.0279,-0.0284,0
19615687,0.045,0.335,0.019,0.003,0.004,0.002,-50.615,-278.941,387.280,176.199,-7.178,-121.254,1,-0.0323,0.0279,-0.0284,0
19615765,0.063,0.348,0.023,0.002,0.004,0.001,-50.615,-278.941,387.280,176.199,-7.178,-121.254,1,-0.0323,0.0279,-0.0284,0
19615843,0.062,0.339,0.044,0.002,0.003,0.000,-50.615,-278.941,387.280,176.199,-7.178,-121.254,1,-0.0323,0.0279,-0.0284,0
19615953,0.038,0.326,0.035,0.002,0.004,0.002,-50.615,-278.941,387.280,176.199,-7.178,-121.254,1,-0.0323,0.0279,-0.0284,0
19616062,0.063,0.343,0.064,0.002,0.003,0.001,-50.615,-278.941,387.280,176.199,-7.178,-121.254,1,-0.0323,0.0279,-0.0284,0
19616203,0.061,0.334,0.053,0.002,0.003,0.000,-50.615,-278.941,387.280,176.199,-7.178,-121.254,1,-0.0323,0.0279,-0.0284,0
19616250,0.055,0.340,0.046,0.002,0.003,0.001,-50.615,-278.941,387.280,176.199,-7.178,-121.254,1,-0.0323,0.0279,-0.0284,0
19616296,0.051,0.342,0.040,0.002,0.003,0.001,-50.615,-278.941,387.280,176.199,-7.178,-121.254,1,-0.0323,0.0279,-0.0284,0
19616375,0.049,0.339,0.056,0.002,0.004,0.001,-50.615,-278.941,387.280,176.199,-7.178,-121.254,1,-0.0323,0.0279,-0.0284,0
19616515,0.028,0.335,0.069,0.002,0.004,0.001,-50.615,-278.941,387.280,176.199,-7.178,-121.254,1,-0.0323,0.0279,-0.0284,0
19616609,0.044,0.343,0.033,0.002,0.004,0.001,-50.615,-278.941,387.280,176.199,-7.178,-121.254,1,-0.0323,0.0279,-0.0284,0
19616718,0.055,0.335,0.031,0.002,0.003,0.001,-50.615,-278.941,387.280,176.199,-7.178,-121.254,1,-0.0323,0.0279,-0.0284,0
19616796,0.042,0.377,0.033,0.004,0.004,0.002,-50.615,-278.941,387.280,176.199,-7.178,-121.254,1,-0.0323,0.0279,-0.0284,0
19616890,0.035,0.363,0.029,0.003,0.004,0.002,-50.615,-278.941,387.280,176.199,-7.178,-121.254,1,-0.0323,0.0279,-0.0284,0
19616968,0.038,0.356,0.051,0.003,0.004,0.001,-50.615,-278.941,387.280,176.199,-7.178,-121.254,1,-0.0323,0.0279,-0.0284,0
19617046,0.042,0.344,0.057,0.002,0.004,0.001,-50.615,-278.941,387.280,176.199,-7.178,-121.254,1,-0.0323,0.0279,-0.0284,0
19617156,0.066,0.330,0.054,0.001,0.003,-0.001,-50.615,-278.941,387.280,176.199,-7.178,-121.254,1,-0.0323,0.0279,-0.0284,0
19617265,0.042,0.321,0.045,0.002,0.004,0.001,-50.615,-278.941,387.280,176.199,-7.178,-121.254,1,-0.0323,0.0279,-0.0284,0
19617406,0.053,0.344,0.057,0.003,0.003,0.001,-50.615,-278.941,387.280,176.199,-7.178,-121.254,1,-0.0323,0.0279,-0.0284,0
19617453,0.058,0.347,0.042,0.002,0.003,0.001,-50.615,-278.941,387.280,176.199,-7.178,-121.254,1,-0.0323,0.0279,-0.0284,0
19617500,0.053,0.345,0.013,0.002,0.003,0.001,-50.615,-278.941,387.280,176.199,-7.178,-121.254,1,-0.0323,0.0279,-0.0284,0
19617578,0.043,0.347,0.067,0.002,0.003,0.001,-50.615,-278.941,387.280,176.199,-7.178,-121.254,1,-0.0323,0.0279,-0.0284,0
19617718,0.045,0.339,0.065,0.003,0.004,-0.000,-50.615,-278.941,387.280,176.199,-7.178,-121.254,1,-0.0323,0.0279,-0.0284,0
19617812,0.050,0.341,0.018,0.002,0.003,0.001,-50.615,-278.941,387.280,176.199,-7.178,-121.254,1,-0.0323,0.0279,-0.0284,0
19617921,0.059,0.340,-0.001,0.002,0.003,0.001,-50.615,-278.941,387.280,176.199,-7.178,-121.254,1,-0.0323,0.0279,-0.0284,0
19618000,0.048,0.327,0.073,0.002,0.003,-0.001,-50.615,-278.941,387.280,176.199,-7.178,-121.254,1,-0.0323,0.0279,-0.0284,0
19618093,0.045,0.333,0.013,0.002,0.004,0.001,-50.615,-278.941,387.280,176.199,-7.178,-121.254,1,-0.0323,0.0279,-0.0284,0
19618171,0.064,0.334,0.027,0.002,0.003,0.000,-50.615,-278.941,387.280,176.199,-7.178,-121.254,1,-0.0323,0.0279,-0.0284,0
19618250,0.062,0.336,0.041,0.002,0.003,0.000,-50.615,-278.941,387.280,176.199,-7.178,-121.254,1,-0.0323,0.0279,-0.0284,0
19618359,0.050,0.336,0.071,0.001,0.003,-0.001,-50.615,-278.941,387.280,176.199,-7.178,-121.254,1,-0.0323,0.0279,-0.0284,0
19618468,0.061,0.332,0.034,0.002,0.003,0.000,-50.615,-278.941,387.280,176.199,-7.178,-121.254,1,-0.0323,0.0279,-0.0284,0
19618609,0.060,0.344,0.018,0.002,0.003,0.001,-50.615,-278.941,387.280,176.199,-7.178,-121.254,1,-0.0323,0.0279,-0.0284,0
19618656,0.059,0.327,0.050,0.001,0.003,-0.000,-50.615,-278.941,387.280,176.199,-7.178,-121.254,1,-0.0323,0.0279,-0.0284,0
19618703,0.057,0.330,0.062,0.001,0.003,-0.000,-50.615,-278.941,387.280,176.199,-7.178,-121.254,1,-0.0323,0.0279,-0.0284,0
19618781,0.052,0.337,0.037,0.002,0.003,0.001,-50.615,-278.941,387.280,176.199,-7.178,-121.254,1,-0.0323,0.0279,-0.0284,0
19618921,0.054,0.325,0.005,0.001,0.003,0.001,-50.615,-278.941,387.280,176.199,-7.178,-121.254,1,-0.0323,0.0279,-0.0284,0
19619015,0.056,0.325,0.032,0.001,0.003,-0.000,-50.615,-278.941,387.280,176.199,-7.178,-121.254,1,-0.0323,0.0279,-0.0284,0
19619125,0.053,0.330,0.047,0.002,0.003,0.000,-50.615,-278.941,387.280,176.199,-7.178,-121.254,1,-0.0323,0.0279,-0.0284,0
19619203,0.057,0.333,0.019,0.002,0.003,0.001,-50.615,-278.941,387.280,176.199,-7.178,-121.254,1,-0.0323,0.0279,-0.0284,0
19619296,0.060,0.334,0.044,0.002,0.003,0.000,-50.615,-278.941,387.280,176.199,-7.178,-121.254,1,-0.0323,0.0279,-0.0284,0
19619375,0.063,0.330,0.072,0.002,0.003,-0.001,-50.615,-278.941,387.280,176.199,-7.178,-121.254,1,-0.0323,0.0279,-0.0284,0
19619437,0.072,0.336,0.061,0.002,0.003,-0.000,-50.615,-278.941,387.280,176.199,-7.178,-121.254,1,-0.0323,0.0279,-0.0284,0
19619546,0.071,0.328,0.078,0.002,0.003,-0.001,-50.615,-278.941,387.280,176.199,-7.178,-121.254,1,-0.0323,0.0279,-0.0284,0
19619656,0.058,0.319,0.014,0.002,0.003,0.001,-50.615,-278.941,387.280,176.199,-7.178,-121.254,1,-0.0323,0.0279,-0.0284,0
19619796,0.061,0.325,0.032,0.002,0.003,0.001,-50.615,-278.941,387.280,176.199,-7.178,-121.254,1,-0.0323,0.0279,-0.0284,0
19619843,0.064,0.318,0.080,0.001,0.003,-0.001,-50.615,-278.941,387.280,176.199,-7.178,-121.254,1,-0.0323,0.0279,-0.0284,0
19619890,0.071,0.320,0.086,0.001,0.003,-0.001,-50.615,-278.941,387.280,176.199,-7.178,-121.254,1,-0.0323,0.0279,-0.0284,0
19619968,0.062,0.338,0.047,0.002,0.003,-0.000,-50.615,-278.941,387.280,176.199,-7.178,-121.254,1,-0.0323,0.0279,-0.0284,0
19620109,0.064,0.348,0.043,0.002,0.004,-0.000,-50.615,-278.941,387.280,176.199,-7.178,-121.254,1,-0.0323,0.0279,-0.0284,0
19620203,0.060,0.329,0.056,0.001,0.003,-0.001,-50.615,-278.941,387.280,176.199,-7.178,-121.254,1,-0.0323,0.0279,-0.0284,0
19620312,0.043,0.329,0.034,0.002,0.004,0.001,-50.615,-278.941,387.280,176.199,-7.178,-121.254,1,-0.0323,0.0279,-0.0284,0
19620390,0.044,0.340,-0.011,0.002,0.004,0.002,-50.615,-278.941,387.280,176.199,-7.178,-121.254,1,-0.0323,0.0279,-0.0284,0
19620484,0.063,0.329,0.050,0.002,0.003,-0.001,-50.615,-278.941,387.280,176.199,-7.178,-121.254,1,-0.0323,0.0279,-0.0284,0
19620562,0.056,0.335,0.040,0.002,0.003,0.000,-50.615,-278.941,387.280,176.199,-7.178,-121.254,1,-0.0323,0.0279,-0.0284,0
19620640,0.066,0.332,0.049,0.002,0.003,0.000,-50.615,-278.941,387.280,176.199,-7.178,-121.254,1,-0.0323,0.0279,-0.0284,0
19620750,0.070,0.340,0.040,0.002,0.003,0.001,-50.615,-278.941,387.280,176.199,-7.178,-121.254,1,-0.0323,0.0279,-0.0284,0
19620859,0.068,0.334,0.067,0.002,0.003,-0.000,-50.615,-278.941,387.280,176.199,-7.178,-121.254,1,-0.0323,0.0279,-0.0284,0
19621000,0.048,0.327,-0.009,0.002,0.004,0.002,-50.615,-278.941,387.280,176.199,-7.178,-121.254,1,-0.0323,0.0279,-0.0284,0
19621046,0.056,0.320,0.039,0.001,0.003,0.000,-50.615,-278.941,387.280,176.199,-7.178,-121.254,1,-0.0323,0.0279,-0.0284,0
19621093,0.058,0.328,0.067,0.002,0.003,-0.000,-50.615,-278.941,387.280,176.199,-7.178,-121.254,1,-0.0323,0.0279,-0.0284,0
19621171,0.059,0.322,0.055,0.002,0.003,0.000,-50.615,-278.941,387.280,176.199,-7.178,-121.254,1,-0.0323,0.0279,-0.0284,0
19621312,0.044,0.344,0.009,0.002,0.004,0.002,-50.615,-278.941,387.280,176.199,-7.178,-121.254,1,-0.0323,0.0279,-0.0284,0
19621406,0.056,0.346,0.049,0.002,0.004,-0.000,-50.615,-278.941,387.280,176.199,-7.178,-121.254,1,-0.0323,0.0279,-0.0284,0
19621515,0.050,0.338,0.032,0.002,0.004,0.001,-50.615,-278.941,387.280,176.199,-7.178,-121.254,1,-0.0323,0.0279,-0.0284,0
19621593,0.044,0.335,0.012,0.002,0.004,0.002,-50.615,-278.941,387.280,176.199,-7.178,-121.254,1,-0.0323,0.0279,-0.0284,0
19621687,0.051,0.324,0.044,0.002,0.003,-0.000,-50.615,-278.941,387.280,176.199,-7.178,-121.254,1,-0.0323,0.0279,-0.0284,0
19621765,0.049,0.332,0.022,0.002,0.004,0.001,-50.615,-278.941,387.280,176.199,-7.178,-121.254,1,-0.0323,0.0279,-0.0284,0
19621843,0.052,0.336,0.018,0.003,0.004,0.002,-50.615,-278.941,387.280,176.199,-7.178,-121.254,1,-0.0323,0.0279,-0.0284,0
19621953,0.057,0.333,0.047,0.002,0.003,-0.000,-50.615,-278.941,387.280,176.199,-7.178,-121.254,1,-0.0323,0.0279,-0.0284,0
19622062,0.056,0.335,0.019,0.002,0.003,0.001,-50.615,-278.941,387.280,176.199,-7.178,-121.254,1,-0.0323,0.0279,-0.0284,0
19622203,0.049,0.332,0.043,0.002,0.004,0.001,-50.615,-278.941,387.280,176.199,-7.178,-121.254,1,-0.0323,0.0279,-0.0284,0
19622250,0.038,0.333,0.025,0.003,0.004,0.001,-50.615,-278.941,387.280,176.199,-7.178,-121.254,1,-0.0323,0.0279,-0.0284,0
19622296,0.057,0.342,0.033,0.002,0.004,0.001,-50.615,-278.941,387.280,176.199,-7.178,-121.254,1,-0.0323,0.0279,-0.0284,0
19622375,0.045,0.330,0.018,0.002,0.004,0.001,-50.615,-278.941,387.280,176.199,-7.178,-121.254,1,-0.0323,0.0279,-0.0284,0
19622515,0.061,0.321,0.045,0.002,0.003,-0.000,-50.615,-278.941,387.280,176.199,-7.178,-121.254,1,-0.0323,0.0279,-0.0284,0
19622593,0.038,0.339,0.027,0.003,0.004,0.002,-50.615,-278.941,387.280,176.199,-7.178,-121.254,1,-0.0323,0.0279,-0.0284,0
19622640,0.042,0.339,0.028,0.002,0.004,0.002,-50.615,-278.941,387.280,176.199,-7.178,-121.254,1,-0.0323,0.0279,-0.0284,0
19622718,0.054,0.342,0.025,0.002,0.003,0.001,-50.615,-278.941,387.280,176.199,-7.178,-121.254,1,-0.0323,0.0279,-0.0284,0
19622796,0.053,0.335,0.058,0.002,0.003,-0.000,-50.615,-278.941,387.280,176.199,-7.178,-121.254,1,-0.0323,0.0279,-0.0284,0
19622890,0.037,0.327,0.044,0.003,0.004,0.001,-50.615,-278.941,387.280,176.199,-7.178,-121.254,1,-0.0323,0.0279,-0.0284,0
19622968,0.026,0.317,0.044,0.002,0.004,0.001,-50.615,-278.941,387.280,176.199,-7.178,-121.254,1,-0.0323,0.0279,-0.0284,0
19623046,0.044,0.318,0.067,0.002,0.003,-0.000,-50.615,-278.941,387.280,176.199,-7.178,-121.254,1,-0.0323,0.0279,-0.0284,0
19623156,0.047,0.323,0.038,0.002,0.003,0.000,-50.615,-278.941,387.280,176.199,-7.178,-121.254,1,-0.0323,0.0279,-0.0284,0
19623265,0.047,0.334,0.035,0.002,0.004,0.001,-50.615,-278.941,387.280,176.199,-7.178,-121.254,1,-0.0323,0.0279,-0.0284,0
19623406,0.027,0.345,-0.007,0.002,0.004,0.003,-50.615,-278.941,387.280,176.199,-7.178,-121.254,1,-0.0323,0.0279,-0.0284,0
19623453,0.027,0.338,-0.001,0.002,0.004,0.003,-50.615,-278.941,387.280,176.199,-7.178,-121.254,1,-0.0323,0.0279,-0.0284,0
19623500,0.058,0.328,0.034,0.002,0.004,0.001,-50.615,-278.941,387.280,176.199,-7.178,-121.254,1,-0.0323,0.0279,-0.0284,0
19623562,0.036,0.328,0.035,0.002,0.004,0.001,-50.615,-278.941,387.280,176.199,-7.178,-121.254,1,-0.0323,0.0279,-0.0284,0
19623703,0.051,0.325,0.052,0.002,0.003,-0.000,-50.615,-278.941,387.280,176.199,-7.178,-121.254,1,-0.0323,0.0279,-0.0284,0
19623796,0.034,0.345,0.021,0.002,0.004,0.001,-50.615,-278.941,387.280,176.199,-7.178,-121.254,1,-0.0323,0.0279,-0.0284,0
19623906,0.019,0.355,0.039,0.003,0.004,0.002,-50.615,-278.941,387.280,176.199,-7.178,-121.254,1,-0.0323,0.0279,-0.0284,0
19623984,0.037,0.333,0.036,0.002,0.004,-0.000,-50.615,-278.941,387.280,176.199,-7.178,-121.254,1,-0.0323,0.0279,-0.0284,0
19624078,0.045,0.329,0.025,0.002,0.004,0.001,-50.615,-278.941,387.280,176.199,-7.178,-121.254,1,-0.0323,0.0279,-0.0284,0
19624156,0.053,0.338,0.043,0.002,0.003,0.000,-50.615,-278.941,387.280,176.199,-7.178,-121.254,1,-0.0323,0.0279,-0.0284,0
19624234,0.030,0.328,0.025,0.003,0.004,0.002,-50.615,-278.941,387.280,176.199,-7.178,-121.254,1,-0.0323,0.0279,-0.0284,0
19624343,0.019,0.312,0.041,0.002,0.004,0.001,-50.615,-278.941,387.280,176.199,-7.178,-121.254,1,-0.0323,0.0279,-0.0284,0
19624453,0.054,0.337,0.036,0.002,0.004,0.000,-50.615,-278.941,387.280,176.199,-7.178,-121.254,1,-0.0323,0.0279,-0.0284,0
19624593,0.031,0.332,0.031,0.002,0.004,0.002,-50.615,-278.941,387.280,176.199,-7.178,-121.254,1,-0.0323,0.0279,-0.0284,0
19624640,0.024,0.340,0.042,0.003,0.004,0.001,-50.615,-278.941,387.280,176.199,-7.178,-121.254,1,-0.0323,0.0279,-0.0284,0
19624687,0.025,0.343,0.048,0.003,0.004,0.001,-50.615,-278.941,387.280,176.199,-7.178,-121.254,1,-0.0323,0.0279,-0.0284,0
19624765,0.044,0.325,0.032,0.002,0.003,0.000,-50.615,-278.941,387.280,176.199,-7.178,-121.254,1,-0.0323,0.0279,-0.0284,0
19624906,0.047,0.325,0.039,0.002,0.004,0.000,-50.615,-278.941,387.280,176.199,-7.178,-121.254,1,-0.0323,0.0279,-0.0284,0
19625000,0.024,0.333,0.055,0.002,0.004,0.001,-50.615,-278.941,387.280,176.199,-7.178,-121.254,1,-0.0323,0.0279,-0.0284,0
19625109,0.011,0.329,0.010,0.002,0.004,0.001,-50.615,-278.941,387.280,176.199,-7.178,-121.254,1,-0.0323,0.0279,-0.0284,0
19625187,0.048,0.325,0.037,0.002,0.003,0.000,-50.615,-278.941,387.280,176.199,-7.178,-121.254,1,-0.0323,0.0279,-0.0284,0
19625281,0.036,0.341,0.035,0.002,0.004,0.001,-50.615,-278.941,387.280,176.199,-7.178,-121.254,1,-0.0323,0.0279,-0.0284,0
19625359,0.030,0.342,0.049,0.002,0.004,0.001,-50.615,-278.941,387.280,176.199,-7.178,-121.254,1,-0.0323,0.0279,-0.0284,0
19625437,0.036,0.325,0.037,0.002,0.004,0.001,-50.615,-278.941,387.280,176.199,-7.178,-121.254,1,-0.0323,0.0279,-0.0284,0
19625546,0.035,0.326,0.009,0.002,0.004,0.002,-50.615,-278.941,387.280,176.199,-7.178,-121.254,1,-0.0323,0.0279,-0.0284,0
19625656,0.026,0.315,0.030,0.002,0.004,0.001,-50.615,-278.941,387.280,176.199,-7.178,-121.254,1,-0.0323,0.0279,-0.0284,0
19625796,0.031,0.312,0.051,0.002,0.004,0.000,-50.615,-278.941,387.280,176.199,-7.178,-121.254,1,-0.0323,0.0279,-0.0284,0
19625843,0.047,0.323,0.052,0.002,0.003,0.000,-50.615,-278.941,387.280,176.199,-7.178,-121.254,1,-0.0323,0.0279,-0.0284,0
19625890,0.034,0.337,0.022,0.002,0.004,0.002,-50.615,-278.941,387.280,176.199,-7.178,-121.254,1,-0.0323,0.0279,-0.0284,0
19625968,0.041,0.332,0.042,0.002,0.004,0.001,-50.615,-278.941,387.280,176.199,-7.178,-121.254,1,-0.0323,0.0279,-0.0284,0
19626109,0.045,0.330,0.032,0.002,0.004,0.001,-50.615,-278.941,387.280,176.199,-7.178,-121.254,1,-0.0323,0.0279,-0.0284,0
19626203,0.036,0.331,0.027,0.002,0.004,0.002,-50.615,-278.941,387.280,176.199,-7.178,-121.254,1,-0.0323,0.0279,-0.0284,0
19626312,0.016,0.332,0.035,0.003,0.004,0.001,-50.615,-278.941,387.280,176.199,-7.178,-121.254,1,-0.0323,0.0279,-0.0284,0
19626390,0.045,0.321,0.044,0.002,0.004,0.000,-50.615,-278.941,387.280,176.199,-7.178,-121.254,1,-0.0323,0.0279,-0.0284,0
19626484,0.039,0.319,0.042,0.001,0.004,-0.000,-50.615,-278.941,387.280,176.199,-7.178,-121.254,1,-0.0323,0.0279,-0.0284,0
19626562,0.048,0.319,0.061,0.002,0.003,-0.000,-50.615,-278.941,387.280,176.199,-7.178,-121.254,1,-0.0323,0.0279,-0.0284,0
19626640,0.032,0.329,0.038,0.002,0.004,0.001,-50.615,-278.941,387.280,176.199,-7.178,-121.254,1,-0.0323,0.0279,-0.0284,0
19626750,0.042,0.328,0.027,0.001,0.003,0.000,-50.615,-278.941,387.280,176.199,-7.178,-121.254,1,-0.0323,0.0279,-0.0284,0
19626859,0.039,0.327,0.061,0.002,0.004,0.002,-50.615,-278.941,387.280,176.199,-7.178,-121.254,1,-0.0323,0.0279,-0.0284,0
19627000,0.036,0.328,0.052,0.002,0.004,0.001,-50.615,-278.941,387.280,176.199,-7.178,-121.254,1,-0.0323,0.0279,-0.0284,0
19627046,0.038,0.330,0.035,0.002,0.004,0.000,-50.615,-278.941,387.280,176.199,-7.178,-121.254,1,-0.0323,0.0279,-0.0284,0
19627093,0.029,0.319,0.022,0.002,0.004,0.001,-50.615,-278.941,387.280,176.199,-7.178,-121.254,1,-0.0323,0.0279,-0.0284,0
19627171,0.047,0.325,0.015,0.001,0.004,0.001,-50.615,-278.941,387.280,176.199,-7.178,-121.254,1,-0.0323,0.0279,-0.0284,0
19627312,0.023,0.323,0.067,0.002,0.004,0.001,-50.615,-278.941,387.280,176.199,-7.178,-121.254,1,-0.0323,0.0279,-0.0284,0
19627406,0.043,0.341,0.068,0.002,0.003,0.001,-50.615,-278.941,387.280,176.199,-7.178,-121.254,1,-0.0323,0.0279,-0.0284,0
19627515,0.047,0.321,0.008,0.001,0.003,0.000,-50.615,-278.941,387.280,176.199,-7.178,-121.254,1,-0.0323,0.0279,-0.0284,0
19627593,0.031,0.326,0.041,0.002,0.004,-0.000,-50.615,-278.941,387.280,176.199,-7.178,-121.254,1,-0.0323,0.0279,-0.0284,0
19627687,0.032,0.325,0.040,0.002,0.004,0.001,-50.615,-278.941,387.280,176.199,-7.178,-121.254,1,-0.0323,0.0279,-0.0284,0
19627765,0.044,0.307,0.062,0.001,0.003,-0.001,-50.615,-278.941,387.280,176.199,-7.178,-121.254,1,-0.0323,0.0279,-0.0284,0
19627843,0.039,0.310,0.048,0.001,0.003,-0.000,-50.615,-278.941,387.280,176.199,-7.178,-121.254,1,-0.0323,0.0279,-0.0284,0
19627953,0.027,0.313,0.083,0.002,0.003,-0.000,-50.615,-278.941,387.280,176.199,-7.178,-121.254,1,-0.0323,0.0279,-0.0284,0
19628062,0.042,0.336,0.039,0.002,0.004,0.001,-50.615,-278.941,387.280,176.199,-7.178,-121.254,1,-0.0323,0.0279,-0.0284,0
19628203,0.058,0.311,0.029,0.001,0.003,-0.000,-50.615,-278.941,387.280,176.199,-7.178,-121.254,1,-0.0323,0.0279,-0.0284,0
19628250,0.050,0.313,0.017,0.001,0.003,0.001,-50.615,-278.941,387.280,176.199,-7.178,-121.254,1,-0.0323,0.0279,-0.0284,0
19628296,0.041,0.308,0.026,0.001,0.003,0.001,-50.615,-278.941,387.280,176.199,-7.178,-121.254,1,-0.0323,0.0279,-0.0284,0
19628359,0.034,0.306,0.032,0.002,0.003,0.002,-50.615,-278.941,387.280,176.199,-7.178,-121.254,1,-0.0323,0.0279,-0.0284,0
19628500,0.051,0.314,0.034,0.002,0.003,0.000,-50.615,-278.941,387.280,176.199,-7.178,-121.254,1,-0.0323,0.0279,-0.0284,0
19628593,0.056,0.307,0.057,0.001,0.003,-0.001,-50.615,-278.941,387.280,176.199,-7.178,-121.254,1,-0.0323,0.0279,-0.0284,0
19628703,0.053,0.323,0.029,0.002,0.003,0.002,-50.615,-278.941,387.280,176.199,-7.178,-121.254,1,-0.0323,0.0279,-0.0284,0
19628781,0.057,0.328,0.070,0.002,0.003,0.001,-50.615,-278.941,387.280,176.199,-7.178,-121.254,1,-0.0323,0.0279,-0.0284,0
19628875,0.055,0.319,0.062,0.001,0.003,0.001,-50.615,-278.941,387.280,176.199,-7.178,-121.254,1,-0.0323,0.0279,-0.0284,0
19628953,0.052,0.318,0.044,0.001,0.003,0.000,-50.615,-278.941,387.280,176.199,-7.178,-121.254,1,-0.0323,0.0279,-0.0284,0
19629031,0.076,0.307,0.042,0.001,0.003,0.000,-50.615,-278.941,387.280,176.199,-7.178,-121.254,1,-0.0323,0.0279,-0.0284,0
19629140,0.052,0.310,0.035,0.002,0.004,0.000,-50.615,-278.941,387.280,176.199,-7.178,-121.254,1,-0.0323,0.0279,-0.0284,0
19629250,0.049,0.303,0.044,0.001,0.003,-0.000,-50.615,-278.941,387.280,176.199,-7.178,-121.254,1,-0.0323,0.0279,-0.0284,0
19629390,0.065,0.312,0.052,0.001,0.003,0.000,-50.615,-278.941,387.280,176.199,-7.178,-121.254,1,-0.0323,0.0279,-0.0284,0
19629437,0.052,0.333,0.068,0.002,0.003,0.001,-50.615,-278.941,387.280,176.199,-7.178,-121.254,1,-0.0323,0.0279,-0.0284,0
19629484,0.048,0.346,0.069,0.003,0.004,0.001,-50.615,-278.941,387.280,176.199,-7.178,-121.254,1,-0.0323,0.0279,-0.0284,0
19629562,0.059,0.314,0.052,0.002,0.004,0.002,-50.615,-278.941,387.280,176.199,-7.178,-121.254,1,-0.0323,0.0279,-0.0284,0
19629703,0.056,0.299,0.013,0.001,0.003,0.001,-50.615,-278.941,387.280,176.199,-7.178,-121.254,1,-0.0323,0.0279,-0.0284,0
19629796,0.053,0.291,0.073,0.001,0.003,0.000,-50.615,-278.941,387.280,176.199,-7.178,-121.254,1,-0.0323,0.0279,-0.0284,0
19629906,0.071,0.301,0.054,0.001,0.003,-0.000,-50.615,-278.941,387.280,176.199,-7.178,-121.254,1,-0.0323,0.0279,-0.0284,0
19629984,0.070,0.304,0.030,0.001,0.003,0.001,-50.615,-278.941,387.280,176.199,-7.178,-121.254,1,-0.0323,0.0279,-0.0284,0
19630078,0.068,0.295,0.028,0.001,0.003,0.000,-50.615,-278.941,387.280,176.199,-7.178,-121.254,1,-0.0323,0.0279,-0.0284,0
19630156,0.067,0.316,0.022,0.002,0.003,0.002,-50.615,-278.941,387.280,176.199,-7.178,-121.254,1,-0.0323,0.0279,-0.0284,0
19630234,0.061,0.322,0.073,0.002,0.003,0.001,-50.615,-278.941,387.280,176.199,-7.178,-121.254,1,-0.0323,0.0279,-0.0284,0
19630343,0.067,0.308,0.046,0.001,0.003,0.000,-50.615,-278.941,387.280,176.199,-7.178,-121.254,1,-0.0323,0.0279,-0.0284,0
19630453,0.050,0.317,0.014,0.002,0.003,0.002,-50.615,-278.941,387.280,176.199,-7.178,-121.254,1,-0.0323,0.0279,-0.0284,0
19630593,0.059,0.310,0.018,0.002,0.003,0.001,-50.615,-278.941,387.280,176.199,-7.178,-121.254,1,-0.0323,0.0279,-0.0284,0
19630640,0.052,0.319,-0.032,0.002,0.003,0.003,-50.615,-278.941,387.280,176.199,-7.178,-121.254,1,-0.0323,0.0279,-0.0284,0
19630687,0.074,0.309,0.030,0.002,0.003,-0.000,-50.615,-278.941,387.280,176.199,-7.178,-121.254,1,-0.0323,0.0279,-0.0284,0
19630765,0.069,0.318,0.046,0.001,0.002,0.000,-50.615,-278.941,387.280,176.199,-7.178,-121.254,1,-0.0323,0.0279,-0.0284,0
19630906,0.047,0.330,-0.010,0.002,0.004,0.003,-50.615,-278.941,387.280,176.199,-7.178,-121.254,1,-0.0323,0.0279,-0.0284,0
19631000,0.074,0.286,0.072,0.002,0.003,-0.000,-50.615,-278.941,387.280,176.199,-7.178,-121.254,1,-0.0323,0.0279,-0.0284,0
19631109,0.055,0.306,0.016,0.002,0.003,0.002,-50.615,-278.941,387.280,176.199,-7.178,-121.254,1,-0.0323,0.0279,-0.0284,0
19631187,0.065,0.300,0.036,0.002,0.003,0.001,-50.615,-278.941,387.280,176.199,-7.178,-121.254,1,-0.0323,0.0279,-0.0284,0
19631265,0.088,0.312,0.065,0.001,0.002,-0.001,-50.615,-278.941,387.280,176.199,-7.178,-121.254,1,-0.0323,0.0279,-0.0284,0
19631359,0.064,0.306,0.026,0.001,0.003,0.001,-50.615,-278.941,387.280,176.199,-7.178,-121.254,1,-0.0323,0.0279,-0.0284,0
19631437,0.048,0.283,0.080,0.001,0.003,-0.000,-50.615,-278.941,387.280,176.199,-7.178,-121.254,1,-0.0323,0.0279,-0.0284,0
19631546,0.059,0.328,0.029,0.002,0.003,0.002,-50.615,-278.941,387.280,176.199,-7.178,-121.254,1,-0.0323,0.0279,-0.0284,0
19631640,0.063,0.313,0.053,0.001,0.002,-0.000,-50.615,-278.941,387.280,176.199,-7.178,-121.254,1,-0.0323,0.0279,-0.0284,0
19631781,0.072,0.313,0.039,0.002,0.003,0.000,-50.615,-278.941,387.280,176.199,-7.178,-121.254,1,-0.0323,0.0279,-0.0284,0
19631828,0.069,0.311,0.011,0.001,0.003,0.000,-50.615,-278.941,387.280,176.199,-7.178,-121.254,1,-0.0323,0.0279,-0.0284,0
19631875,0.074,0.299,0.027,0.002,0.003,0.001,-50.615,-278.941,387.280,176.199,-7.178,-121.254,1,-0.0323,0.0279,-0.0284,0
19631953,0.070,0.314,0.008,0.002,0.004,0.001,-50.615,-278.941,387.280,176.199,-7.178,-121.254,1,-0.0323,0.0279,-0.0284,0
19632093,0.104,0.297,0.030,0.001,0.002,-0.000,-50.615,-278.941,387.280,176.199,-7.178,-121.254,1,-0.0323,0.0279,-0.0284,0
19632187,0.041,0.326,0.021,0.002,0.003,0.002,-50.615,-278.941,387.280,176.199,-7.178,-121.254,1,-0.0323,0.0279,-0.0284,0
19632296,0.065,0.320,0.033,0.003,0.004,0.002,-50.615,-278.941,387.280,176.199,-7.178,-121.254,1,-0.0323,0.0279,-0.0284,0
19632375,0.073,0.341,0.031,0.001,0.003,0.001,-50.615,-278.941,387.280,176.199,-7.178,-121.254,1,-0.0323,0.0279,-0.0284,0
19632468,0.057,0.306,0.044,0.004,0.004,0.002,-50.615,-278.941,387.280,176.199,-7.178,-121.254,1,-0.0323,0.0279,-0.0284,0
19632546,0.054,0.311,0.055,0.002,0.002,0.001,-50.615,-278.941,387.280,176.199,-7.178,-121.254,1,-0.0323,0.0279,-0.0284,0
19632625,0.078,0.317,0.012,0.002,0.003,0.001,-50.615,-278.941,387.280,176.199,-7.178,-121.254,1,-0.0323,0.0279,-0.0284,0
19632734,0.069,0.301,0.062,0.001,0.003,-0.000,-50.615,-278.941,387.280,176.199,-7.178,-121.254,1,-0.0323,0.0279,-0.0284,0
19632843,0.090,0.321,-0.027,0.002,0.003,0.001,-50.615,-278.941,387.280,176.199,-7.178,-121.254,1,-0.0323,0.0279,-0.0284,0
19632984,0.148,0.250,0.099,-0.001,0.003,-0.002,-50.615,-278.941,387.280,176.199,-7.178,-121.254,1,-0.0323,0.0279,-0.0284,0
19633031,0.121,0.312,0.014,0.004,0.003,0.000,-50.615,-278.941,387.280,176.199,-7.178,-121.254,1,0.0000,0.0000,0.0000,1
19633078,0.110,0.317,0.022,0.003,0.002,0.001,-50.615,-278.941,387.280,176.199,-7.178,-121.254,1,0.0000,0.0000,0.0000,1
19633156,0.081,0.299,0.022,0.002,0.002,0.000,-50.615,-278.941,387.280,176.199,-7.178,-121.254,1,0.0000,0.0000,0.0000,1
19633296,0.099,0.271,0.030,0.001,0.003,-0.001,-50.615,-278.941,387.280,176.199,-7.178,-121.254,1,0.0000,0.0000,0.0000,1
19633390,0.080,0.299,0.047,0.003,0.005,0.001,-50.615,-278.941,387.280,176.199,-7.178,-121.254,1,0.0000,0.0000,0.0000,1
19633500,0.078,0.317,0.040,0.000,0.003,0.000,-50.615,-278.941,387.280,176.199,-7.178,-121.254,1,0.0000,0.0000,0.0000,1
19633578,0.085,0.281,-0.026,0.027,0.014,0.003,-50.615,-278.941,387.280,176.199,-7.178,-121.254,1,0.0000,0.0000,0.0000,1
19633671,0.014,-0.020,0.009,0.007,0.002,0.001,-50.615,-278.941,387.280,176.199,-7.178,-121.254,1,0.0000,0.0000,0.0000,1
19633750,-0.004,-0.004,-0.001,-0.002,-0.001,-0.000,-50.615,-278.941,387.280,176.199,-7.178,-121.254,1,0.0000,0.0000,0.0000,1
19633828,-0.000,0.001,-0.000,-0.000,-0.000,-0.000,-50.615,-278.941,387.280,176.199,-7.178,-121.254,1,0.0000,0.0000,0.0000,1
19633937,0.000,-0.000,0.000,0.000,0.000,0.000,-50.615,-278.941,387.280,176.199,-7.178,-121.254,1,0.0000,0.0000,0.0000,1
19634046,-0.000,-0.000,-0.000,-0.000,-0.000,-0.000,-50.615,-278.941,387.280,176.199,-7.178,-121.254,1,0.0000,0.0000,0.0000,1
19634187,0.000,0.000,0.000,0.000,0.000,0.000,-50.615,-278.941,387.280,176.199,-7.178,-121.254,1,0.0000,0.0000,0.0000,1
19634234,0.000,-0.000,0.000,0.000,0.000,0.000,-50.615,-278.941,387.280,176.199,-7.178,-121.254,1,0.0000,0.0000,0.0000,1
19634281,-0.000,-0.000,0.000,-0.000,-0.000,-0.000,-50.615,-278.941,387.280,176.199,-7.178,-121.254,1,0.0000,0.0000,0.0000,1
19634359,-0.000,0.000,-0.000,-0.000,-0.000,-0.000,-50.615,-278.941,387.280,176.199,-7.178,-121.254,1,0.0000,0.0000,0.0000,1
19634484,0.000,0.000,0.000,0.000,0.000,0.000,-50.615,-278.941,387.280,176.199,-7.178,-121.254,1,0.0000,0.0000,0.0000,1
19634578,-0.000,-0.000,-0.000,-0.000,-0.000,-0.000,-50.615,-278.941,387.280,176.199,-7.178,-121.254,1,0.0000,0.0000,0.0000,1
19634625,-0.000,-0.000,-0.000,-0.000,-0.000,-0.000,-50.615,-278.941,387.280,176.199,-7.178,-121.254,1,0.0000,0.0000,0.0000,1
19634703,0.000,0.000,-0.000,0.000,0.000,0.000,-50.615,-278.941,387.280,176.199,-7.178,-121.254,1,0.0000,0.0000,0.0000,1
19634781,0.000,-0.000,0.000,0.000,0.000,0.000,-50.615,-278.941,387.280,176.199,-7.178,-121.254,1,0.0000,0.0000,0.0000,1
19634859,-0.000,-0.000,0.000,-0.000,-0.000,-0.000,-50.615,-278.941,387.280,176.199,-7.178,-121.254,1,0.0000,0.0000,0.0000,1
19634953,-0.000,0.000,-0.000,-0.000,-0.000,-0.000,-50.615,-278.941,387.280,176.199,-7.178,-121.254,1,0.0000,0.0000,0.0000,1
19635031,0.000,0.000,0.000,0.000,0.000,0.000,-50.615,-278.941,387.280,176.199,-7.178,-121.254,1,0.0000,0.0000,0.0000,1
19635140,-0.000,-0.000,0.000,-0.000,-0.000,-0.000,-50.615,-278.941,387.280,176.199,-7.178,-121.254,1,0.0000,0.0000,0.0000,1
19635234,-0.000,0.000,-0.000,-0.000,-0.000,-0.000,-50.615,-278.941,387.280,176.199,-7.178,-121.254,1,0.0000,0.0000,0.0000,1
19635375,0.000,-0.000,0.000,0.000,0.000,0.000,-50.615,-278.941,387.280,176.199,-7.178,-121.254,1,0.0000,0.0000,0.0000,1
19635421,-0.000,-0.000,0.000,-0.000,-0.000,-0.000,-50.615,-278.941,387.280,176.199,-7.178,-121.254,1,0.0000,0.0000,0.0000,1
19635468,-0.000,-0.000,-0.000,-0.000,-0.000,-0.000,-50.615,-278.941,387.280,176.199,-7.178,-121.254,1,0.0000,0.0000,0.0000,1
19635546,0.000,0.000,-0.000,0.000,0.000,0.000,-50.615,-278.941,387.280,176.199,-7.178,-121.254,1,0.0000,0.0000,0.0000,1
19635687,-0.000,-0.000,0.000,-0.000,-0.000,-0.000,-50.615,-278.941,387.280,176.199,-7.178,-121.254,1,0.