
[2026-09-18 18:55:55] === SESSION START ===

[2026-09-18 18:57:15] === SESSION START ===
[2026-09-18 18:57:39] === SESSION END === errors: WARN=0 DEGRADE=0 REJECT=0 FATAL=0 total_events=0


[2026-09-18 19:02:28] === SESSION START ===

[2026-09-18 19:05:34] === SESSION START ===
[2026-09-18 19:07:30] INFO: OK target=(0,0,0) joints=(0,0,0,0,0,0) speed=1.00 constraint=0.0N
[2026-09-18 19:08:43] INFO: OK target=(0,0,0) joints=(0,0,0,0,0,0) speed=1.00 constraint=0.0N
[2026-09-18 19:08:47] INFO: OK target=(0,0,0) joints=(0,0,0,0,0,0) speed=1.00 constraint=0.0N
[2026-09-18 19:08:48] INFO: OK target=(0,0,0) joints=(0,0,0,0,0,0) speed=1.00 constraint=0.0N
[2026-09-18 19:08:52] INFO: OK target=(0,0,0) joints=(0,0,0,0,0,0) speed=1.00 constraint=0.0N
[2026-09-18 19:08:56] INFO: OK target=(0,0,0) joints=(0,0,0,0,0,0) speed=1.00 constraint=0.0N

[2026-09-18 19:15:12] === SESSION START ===
[2026-09-18 19:21:23] === SESSION END === errors: WARN=0 DEGRADE=0 REJECT=0 FATAL=0 total_events=0


[2026-09-18 19:24:00] === SESSION START ===

[2026-09-18 19:28:20] === SESSION START ===

[2026-09-18 19:51:05] === SESSION START ===

[2026-09-18 19:51:38] === SESSION START ===

[2026-09-18 21:22:39] === SESSION START ===

[2026-09-18 21:31:55] === SESSION START ===

[2026-09-18 21:44:15] === SESSION START ===
[2026-09-18 21:44:39] INFO: OK target=(0,0,0) joints=(0,0,0,0,0,0) speed=1.00 constraint=0.0N
[2026-09-18 21:45:18] INFO: OK target=(0,0,0) joints=(0,0,0,0,0,0) speed=1.00 constraint=0.0N

[2026-09-18 21:50:05] === SESSION START ===

[2026-09-18 21:55:30] === SESSION START ===
[2026-09-18 21:57:01] INFO: OK target=(0,0,0) joints=(0,0,0,0,0,0) speed=1.00 constraint=0.0N

[2026-09-18 22:01:00] === SESSION START ===
[2026-09-18 22:02:14] INFO: OK target=(0,0,0) joints=(0,0,0,0,0,0) speed=1.00 constraint=0.0N

[2026-09-18 22:04:36] === SESSION START ===

[2026-09-18 22:08:34] === SESSION START ===

[2026-09-18 22:11:33] === SESSION START ===

[2026-09-18 22:17:29] === SESSION START ===

[2026-09-18 22:52:14] === SESSION START ===

[2026-09-18 22:54:58] === SESSION START ===

[2026-09-18 23:16:14] === SESSION START ===

[2026-09-18 23:26:31] === SESSION START ===

[2026-09-19 12:00:10] === SESSION START ===

[2026-09-19 12:05:46] === SESSION START ===
[2026-09-19 12:06:42] INFO: OK target=(0,0,0) joints=(0,0,0,0,0,0) speed=1.00 constraint=0.0N
[2026-09-19 12:07:12] INFO: OK target=(0,0,0) joints=(0,0,0,0,0,0) speed=1.00 constraint=0.0N
[2026-09-19 12:07:16] INFO: OK target=(0,0,0) joints=(0,0,0,0,0,0) speed=1.00 constraint=0.0N
[2026-09-19 12:07:17] INFO: OK target=(0,0,0) joints=(0,0,0,0,0,0) speed=1.00 constraint=0.0N
[2026-09-19 12:07:22] INFO: OK target=(0,0,0) joints=(0,0,0,0,0,0) speed=1.00 constraint=0.0N
[2026-09-19 12:07:29] INFO: OK target=(0,0,0) joints=(0,0,0,0,0,0) speed=1.00 constraint=0.0N
[2026-09-19 12:09:17] INFO: OK target=(0,0,0) joints=(0,0,0,0,0,0) speed=1.00 constraint=0.0N

[2026-09-19 12:20:20] === SESSION START ===
[2026-09-19 12:21:16] INFO: OK target=(0,0,0) joints=(0,0,0,0,0,0) speed=1.00 constraint=0.0N

[2026-09-19 12:22:17] === SESSION START ===

[2026-09-19 12:36:21] === SESSION START ===

[2026-09-19 12:36:55] === SESSION START ===

[2026-09-19 15:23:02] === SESSION START ===

[2026-09-19 18:41:20] === SESSION START ===

[2026-09-19 18:43:29] === SESSION START ===
[2026-09-19 18:44:32] === SESSION END === errors: WARN=0 DEGRADE=0 REJECT=0 FATAL=0 total_events=0


[2026-09-19 18:44:45] === SESSION START ===

[2026-09-19 18:48:34] === SESSION START ===

[2026-09-20 20:05:17] === SESSION START ===
[2026-09-20 20:05:17] REJECT: ERR_FORCE_UNCALIBRATED target=(-65,-74,407) joints=(0,0,0,0,0,0) speed=0.00 constraint=0.0N
[2026-09-20 20:05:22] REJECT: ERR_FORCE_UNCALIBRATED target=(-65,-74,407) joints=(0,0,0,0,0,0) speed=0.00 constraint=0.0N
[2026-09-20 20:05:27] REJECT: ERR_FORCE_UNCALIBRATED target=(-65,-74,407) joints=(0,0,0,0,0,0) speed=0.00 constraint=0.0N
[2026-09-20 20:05:32] REJECT: ERR_FORCE_UNCALIBRATED target=(-65,-74,407) joints=(0,0,0,0,0,0) speed=0.00 constraint=0.0N
[2026-09-20 20:05:37] REJECT: ERR_FORCE_UNCALIBRATED target=(-65,-74,407) joints=(0,0,0,0,0,0) speed=0.00 constraint=0.0N
[2026-09-20 20:05:42] REJECT: ERR_FORCE_UNCALIBRATED target=(-65,-74,407) joints=(0,0,0,0,0,0) speed=0.00 constraint=0.0N
[2026-09-20 20:05:47] REJECT: ERR_FORCE_UNCALIBRATED target=(-65,-74,407) joints=(0,0,0,0,0,0) speed=0.00 constraint=0.0N
[2026-09-20 20:05:52] REJECT: ERR_FORCE_UNCALIBRATED target=(-65,-74,407) joints=(0,0,0,0,0,0) speed=0.00 constraint=0.0N
[2026-09-20 20:05:57] REJECT: ERR_FORCE_UNCALIBRATED target=(-142,21,581) joints=(0,0,0,0,0,0) speed=0.00 constraint=0.0N
[2026-09-20 20:06:02] REJECT: ERR_FORCE_UNCALIBRATED target=(-142,22,581) joints=(0,0,0,0,0,0) speed=0.00 constraint=0.0N
[2026-09-20 20:06:07] REJECT: ERR_FORCE_UNCALIBRATED target=(-142,22,581) joints=(0,0,0,0,0,0) speed=0.00 constraint=0.0N
[2026-09-20 20:06:12] REJECT: ERR_FORCE_UNCALIBRATED target=(-142,22,581) joints=(0,0,0,0,0,0) speed=0.00 constraint=0.0N
[2026-09-20 20:06:17] REJECT: ERR_FORCE_UNCALIBRATED target=(-231,87,526) joints=(0,0,0,0,0,0) speed=0.00 constraint=0.0N
[2026-09-20 20:06:23] REJECT: ERR_FORCE_UNCALIBRATED target=(-231,87,526) joints=(0,0,0,0,0,0) speed=0.00 constraint=0.0N
[2026-09-20 20:06:28] REJECT: ERR_FORCE_UNCALIBRATED target=(-231,87,526) joints=(0,0,0,0,0,0) speed=0.00 constraint=0.0N
[2026-09-20 20:06:33] REJECT: ERR_FORCE_UNCALIBRATED target=(-200,306,553) joints=(0,0,0,0,0,0) speed=0.00 constraint=0.0N
[2026-09-20 20:06:38] REJECT: ERR_FORCE_UNCALIBRATED target=(-200,306,553) joints=(0,0,0,0,0,0) speed=0.00 constraint=0.0N
[2026-09-20 20:06:43] REJECT: ERR_FORCE_UNCALIBRATED target=(-199,301,553) joints=(0,0,0,0,0,0) speed=0.00 constraint=0.0N
[2026-09-20 20:06:48] REJECT: ERR_FORCE_UNCALIBRATED target=(-84,16,518) joints=(0,0,0,0,0,0) speed=0.00 constraint=0.0N
[2026-09-20 20:06:53] REJECT: ERR_FORCE_UNCALIBRATED target=(-88,-30,417) joints=(0,0,0,0,0,0) speed=0.00 constraint=0.0N
[2026-09-20 20:06:58] REJECT: ERR_FORCE_UNCALIBRATED target=(-88,-30,417) joints=(0,0,0,0,0,0) speed=0.00 constraint=0.0N
[2026-09-20 20:07:03] REJECT: ERR_FORCE_UNCALIBRATED target=(-88,-30,417) joints=(0,0,0,0,0,0) speed=0.00 constraint=0.0N
[2026-09-20 20:07:08] REJECT: ERR_FORCE_UNCALIBRATED target=(-88,-30,417) joints=(0,0,0,0,0,0) speed=0.00 constraint=0.0N
[2026-09-20 20:07:13] REJECT: ERR_FORCE_UNCALIBRATED target=(-88,-30,417) joints=(0,0,0,0,0,0) speed=0.00 constraint=0.0N
[2026-09-20 20:07:18] REJECT: ERR_FORCE_UNCALIBRATED target=(-88,-30,417) joints=(0,0,0,0,0,0) speed=0.00 constraint=0.0N
[2026-09-20 20:07:23] REJECT: ERR_FORCE_UNCALIBRATED target=(-88,-30,417) joints=(0,0,0,0,0,0) speed=0.00 constraint=0.0N
[2026-09-20 20:07:28] REJECT: ERR_FORCE_UNCALIBRATED target=(-88,-30,417) joints=(0,0,0,0,0,0) speed=0.00 constraint=0.0N
[2026-09-20 20:07:33] REJECT: ERR_FORCE_UNCALIBRATED target=(-88,-30,417) joints=(0,0,0,0,0,0) speed=0.00 constraint=0.0N
[2026-09-20 20:07:39] REJECT: ERR_FORCE_UNCALIBRATED target=(-88,-30,417) joints=(0,0,0,0,0,0) speed=0.00 constraint=0.0N
[2026-09-20 20:07:44] REJECT: ERR_FORCE_UNCALIBRATED target=(-88,-30,417) joints=(0,0,0,0,0,0) speed=0.00 constraint=0.0N
[2026-09-20 20:07:49] REJECT: ERR_FORCE_UNCALIBRATED target=(-88,-30,417) joints=(0,0,0,0,0,0) speed=0.00 constraint=0.0N
[2026-09-20 20:07:54] REJECT: ERR_FORCE_UNCALIBRATED target=(-88,-30,417) joints=(0,0,0,0,0,0) speed=0.00 constraint=0.0N
[2026-09-20 20:07:59] REJECT: ERR_FORCE_UNCALIBRATED target=(-88,-30,417) joints=(0,0,0,0,0,0) speed=0.00 constraint=0.0N
[2026-09-20 20:08:04] REJECT: ERR_FORCE_UNCALIBRATED target=(-88,-30,417) joints=(0,0,0,0,0,0) speed=0.00 constraint=0.0N
[2026-09-20 20:08:09] REJECT: ERR_FORCE_UNCALIBRATED target=(-88,-30,417) joints=(0,0,0,0,0,0) speed=0.00 constraint=0.0N
[2026-09-20 20:08:14] REJECT: ERR_FORCE_UNCALIBRATED target=(-88,-30,417) joints=(0,0,0,0,0,0) speed=0.00 constraint=0.0N
[2026-09-20 20:08:19] REJECT: ERR_FORCE_UNCALIBRATED target=(-88,-30,417) joints=(0,0,0,0,0,0) speed=0.00 constraint=0.0N
[2026-09-20 20:08:24] REJECT: ERR_FORCE_UNCALIBRATED target=(-88,-30,417) joints=(0,0,0,0,0,0) speed=0.00 constraint=0.0N
[2026-09-20 20:08:29] REJECT: ERR_FORCE_UNCALIBRATED target=(-88,-30,417) joints=(0,0,0,0,0,0) speed=0.00 constraint=0.0N
[2026-09-20 20:08:34] REJECT: ERR_FORCE_UNCALIBRATED target=(-88,-30,417) joints=(0,0,0,0,0,0) speed=0.00 constraint=0.0N
[2026-09-20 20:08:39] REJECT: ERR_FORCE_UNCALIBRATED target=(-88,-30,417) joints=(0,0,0,0,0,0) speed=0.00 constraint=0.0N
[2026-09-20 20:08:44] REJECT: ERR_FORCE_UNCALIBRATED target=(-88,-30,417) joints=(0,0,0,0,0,0) speed=0.00 constraint=0.0N
[2026-09-20 20:08:49] REJECT: ERR_FORCE_UNCALIBRATED target=(-88,-30,417) joints=(0,0,0,0,0,0) speed=0.00 constraint=0.0N
[2026-09-20 20:08:54] REJECT: ERR_FORCE_UNCALIBRATED target=(-88,-30,417) joints=(0,0,0,0,0,0) speed=0.00 constraint=0.0N
[2026-09-20 20:09:00] REJECT: ERR_FORCE_UNCALIBRATED target=(-88,-30,417) joints=(0,0,0,0,0,0) speed=0.00 constraint=0.0N
[2026-09-20 20:09:05] REJECT: ERR_FORCE_UNCALIBRATED target=(-88,-30,417) joints=(0,0,0,0,0,0) speed=0.00 constraint=0.0N
[2026-09-20 20:09:10] REJECT: ERR_FORCE_UNCALIBRATED target=(-88,-30,417) joints=(0,0,0,0,0,0) speed=0.00 constraint=0.0N
[2026-09-20 20:09:15] REJECT: ERR_FORCE_UNCALIBRATED target=(-88,-30,417) joints=(0,0,0,0,0,0) speed=0.00 constraint=0.0N
[2026-09-20 20:09:20] REJECT: ERR_FORCE_UNCALIBRATED target=(-88,-30,417) joints=(0,0,0,0,0,0) speed=0.00 constraint=0.0N
[2026-09-20 20:09:25] REJECT: ERR_FORCE_UNCALIBRATED target=(-88,-30,417) joints=(0,0,0,0,0,0) speed=0.00 constraint=0.0N
[2026-09-20 20:09:30] REJECT: ERR_FORCE_UNCALIBRATED target=(-88,-30,417) joints=(0,0,0,0,0,0) speed=0.00 constraint=0.0N
[2026-09-20 20:09:35] REJECT: ERR_FORCE_UNCALIBRATED target=(-88,-30,417) joints=(0,0,0,0,0,0) speed=0.00 constraint=0.0N
[2026-09-20 20:09:40] REJECT: ERR_FORCE_UNCALIBRATED target=(-88,-30,417) joints=(0,0,0,0,0,0) speed=0.00 constraint=0.0N
[2026-09-20 20:09:45] REJECT: ERR_FORCE_UNCALIBRATED target=(-88,-30,417) joints=(0,0,0,0,0,0) speed=0.00 constraint=0.0N

[2026-09-20 20:11:45] === SESSION START ===
[2026-09-20 20:11:45] REJECT: ERR_FORCE_UNCALIBRATED target=(-88,-30,417) joints=(0,0,0,0,0,0) speed=0.00 constraint=0.0N
[2026-09-20 20:11:50] REJECT: ERR_FORCE_UNCALIBRATED target=(-88,-30,417) joints=(0,0,0,0,0,0) speed=0.00 constraint=0.0N
[2026-09-20 20:11:51] === SESSION END === errors: WARN=0 DEGRADE=0 REJECT=2 FATAL=0 total_events=2


[2026-09-20 20:14:46] === SESSION START ===
[2026-09-20 20:14:46] REJECT: ERR_FORCE_UNCALIBRATED target=(-88,-30,416) joints=(0,0,0,0,0,0) speed=0.00 constraint=0.0N
[2026-09-20 20:14:52] REJECT: ERR_FORCE_UNCALIBRATED target=(-88,-30,416) joints=(0,0,0,0,0,0) speed=0.00 constraint=0.0N
[2026-09-20 20:14:57] REJECT: ERR_FORCE_UNCALIBRATED target=(-88,-30,416) joints=(0,0,0,0,0,0) speed=0.00 constraint=0.0N
[2026-09-20 20:15:02] REJECT: ERR_FORCE_UNCALIBRATED target=(-88,-30,416) joints=(0,0,0,0,0,0) speed=0.00 constraint=0.0N
[2026-09-20 20:15:07] REJECT: ERR_FORCE_UNCALIBRATED target=(-96,10,483) joints=(0,0,0,0,0,0) speed=0.00 constraint=0.0N
[2026-09-20 20:15:12] REJECT: ERR_FORCE_UNCALIBRATED target=(-88,120,557) joints=(0,0,0,0,0,0) speed=0.00 constraint=0.0N
[2026-09-20 20:15:17] REJECT: ERR_FORCE_UNCALIBRATED target=(-88,120,557) joints=(0,0,0,0,0,0) speed=0.00 constraint=0.0N
[2026-09-20 20:15:22] REJECT: ERR_FORCE_UNCALIBRATED target=(-88,120,557) joints=(0,0,0,0,0,0) speed=0.00 constraint=0.0N
[2026-09-20 20:15:27] REJECT: ERR_FORCE_UNCALIBRATED target=(-236,217,608) joints=(0,0,0,0,0,0) speed=0.00 constraint=0.0N
[2026-09-20 20:15:32] REJECT: ERR_FORCE_UNCALIBRATED target=(-244,240,597) joints=(0,0,0,0,0,0) speed=0.00 constraint=0.0N
[2026-09-20 20:15:37] REJECT: ERR_FORCE_UNCALIBRATED target=(-244,240,597) joints=(0,0,0,0,0,0) speed=0.00 constraint=0.0N
[2026-09-20 20:15:42] REJECT: ERR_FORCE_UNCALIBRATED target=(-244,240,597) joints=(0,0,0,0,0,0) speed=0.00 constraint=0.0N
[2026-09-20 20:15:47] REJECT: ERR_FORCE_UNCALIBRATED target=(-194,-90,535) joints=(0,0,0,0,0,0) speed=0.00 constraint=0.0N
[2026-09-20 20:15:52] REJECT: ERR_FORCE_UNCALIBRATED target=(-194,-90,535) joints=(0,0,0,0,0,0) speed=0.00 constraint=0.0N
[2026-09-20 20:15:57] REJECT: ERR_FORCE_UNCALIBRATED target=(-194,-90,535) joints=(0,0,0,0,0,0) speed=0.00 constraint=0.0N
[2026-09-20 20:16:02] REJECT: ERR_FORCE_UNCALIBRATED target=(-221,-40,472) joints=(0,0,0,0,0,0) speed=0.00 constraint=0.0N
[2026-09-20 20:16:07] REJECT: ERR_FORCE_UNCALIBRATED target=(-139,-97,350) joints=(0,0,0,0,0,0) speed=0.00 constraint=0.0N
[2026-09-20 20:16:12] REJECT: ERR_FORCE_UNCALIBRATED target=(-139,-97,350) joints=(0,0,0,0,0,0) speed=0.00 constraint=0.0N
[2026-09-20 20:16:18] REJECT: ERR_FORCE_UNCALIBRATED target=(-139,-97,350) joints=(0,0,0,0,0,0) speed=0.00 constraint=0.0N
[2026-09-20 20:16:23] REJECT: ERR_FORCE_UNCALIBRATED target=(-139,-97,350) joints=(0,0,0,0,0,0) speed=0.00 constraint=0.0N
[2026-09-20 20:16:28] REJECT: ERR_FORCE_UNCALIBRATED target=(-139,-97,350) joints=(0,0,0,0,0,0) speed=0.00 constraint=0.0N
[2026-09-20 20:16:33] REJECT: ERR_FORCE_UNCALIBRATED target=(-139,-97,350) joints=(0,0,0,0,0,0) speed=0.00 constraint=0.0N
[2026-09-20 20:16:38] REJECT: ERR_FORCE_UNCALIBRATED target=(-139,-97,350) joints=(0,0,0,0,0,0) speed=0.00 constraint=0.0N
[2026-09-20 20:16:43] REJECT: ERR_FORCE_UNCALIBRATED target=(-139,-97,350) joints=(0,0,0,0,0,0) speed=0.00 constraint=0.0N
[2026-09-20 20:16:48] REJECT: ERR_FORCE_UNCALIBRATED target=(-139,-97,350) joints=(0,0,0,0,0,0) speed=0.00 constraint=0.0N
[2026-09-20 20:16:53] REJECT: ERR_FORCE_UNCALIBRATED target=(-139,-97,350) joints=(0,0,0,0,0,0) speed=0.00 constraint=0.0N
[2026-09-20 20:16:58] REJECT: ERR_FORCE_UNCALIBRATED target=(-139,-97,350) joints=(0,0,0,0,0,0) speed=0.00 constraint=0.0N
[2026-09-20 20:17:03] REJECT: ERR_FORCE_UNCALIBRATED target=(-139,-97,350) joints=(0,0,0,0,0,0) speed=0.00 constraint=0.0N
[2026-09-20 20:17:08] REJECT: ERR_FORCE_UNCALIBRATED target=(-139,-97,350) joints=(0,0,0,0,0,0) speed=0.00 constraint=0.0N
[2026-09-20 20:17:13] REJECT: ERR_FORCE_UNCALIBRATED target=(-139,-97,350) joints=(0,0,0,0,0,0) speed=0.00 constraint=0.0N
[2026-09-20 20:17:18] REJECT: ERR_FORCE_UNCALIBRATED target=(-139,-97,350) joints=(0,0,0,0,0,0) speed=0.00 constraint=0.0N
[2026-09-20 20:17:23] REJECT: ERR_FORCE_UNCALIBRATED target=(-139,-97,350) joints=(0,0,0,0,0,0) speed=0.00 constraint=0.0N
[2026-09-20 20:17:29] REJECT: ERR_FORCE_UNCALIBRATED target=(-139,-97,350) joints=(0,0,0,0,0,0) speed=0.00 constraint=0.0N
[2026-09-20 20:17:34] REJECT: ERR_FORCE_UNCALIBRATED target=(-139,-97,350) joints=(0,0,0,0,0,0) speed=0.00 constraint=0.0N

[2026-09-20 20:19:49] === SESSION START ===
[2026-09-20 20:19:49] REJECT: ERR_FORCE_UNCALIBRATED target=(-139,-97,350) joints=(0,0,0,0,0,0) speed=0.00 constraint=0.0N
[2026-09-20 20:19:54] REJECT: ERR_FORCE_UNCALIBRATED target=(-139,-97,350) joints=(0,0,0,0,0,0) speed=0.00 constraint=0.0N
[2026-09-20 20:19:59] REJECT: ERR_FORCE_UNCALIBRATED target=(-139,-97,350) joints=(0,0,0,0,0,0) speed=0.00 constraint=0.0N
[2026-09-20 20:20:04] REJECT: ERR_FORCE_UNCALIBRATED target=(-139,-97,350) joints=(0,0,0,0,0,0) speed=0.00 constraint=0.0N
[2026-09-20 20:20:09] REJECT: ERR_FORCE_UNCALIBRATED target=(-139,-97,350) joints=(0,0,0,0,0,0) speed=0.00 constraint=0.0N
[2026-09-20 20:20:14] REJECT: ERR_FORCE_UNCALIBRATED target=(-139,-97,350) joints=(0,0,0,0,0,0) speed=0.00 constraint=0.0N
[2026-09-20 20:20:19] REJECT: ERR_FORCE_UNCALIBRATED target=(-139,-97,350) joints=(0,0,0,0,0,0) speed=0.00 constraint=0.0N

[2026-09-20 20:20:28] === SESSION START ===
[2026-09-20 20:20:28] REJECT: ERR_FORCE_UNCALIBRATED target=(-139,-97,350) joints=(0,0,0,0,0,0) speed=0.00 constraint=0.0N
[2026-09-20 20:20:33] REJECT: ERR_FORCE_UNCALIBRATED target=(-139,-97,350) joints=(0,0,0,0,0,0) speed=0.00 constraint=0.0N
[2026-09-20 20:20:38] REJECT: ERR_FORCE_UNCALIBRATED target=(-139,-97,350) joints=(0,0,0,0,0,0) speed=0.00 constraint=0.0N
[2026-09-20 20:20:43] REJECT: ERR_FORCE_UNCALIBRATED target=(-139,-97,350) joints=(0,0,0,0,0,0) speed=0.00 constraint=0.0N
[2026-09-20 20:20:48] REJECT: ERR_FORCE_UNCALIBRATED target=(-139,-97,350) joints=(0,0,0,0,0,0) speed=0.00 constraint=0.0N
[2026-09-20 20:20:53] REJECT: ERR_FORCE_UNCALIBRATED target=(-139,-97,350) joints=(0,0,0,0,0,0) speed=0.00 constraint=0.0N
[2026-09-20 20:20:58] REJECT: ERR_FORCE_UNCALIBRATED target=(-139,-97,350) joints=(0,0,0,0,0,0) speed=0.00 constraint=0.0N
[2026-09-20 20:21:03] REJECT: ERR_FORCE_UNCALIBRATED target=(-139,-97,350) joints=(0,0,0,0,0,0) speed=0.00 constraint=0.0N
[2026-09-20 20:21:08] REJECT: ERR_FORCE_UNCALIBRATED target=(-139,-97,350) joints=(0,0,0,0,0,0) speed=0.00 constraint=0.0N
[2026-09-20 20:21:13] REJECT: ERR_FORCE_UNCALIBRATED target=(-139,-97,350) joints=(0,0,0,0,0,0) speed=0.00 constraint=0.0N
[2026-09-20 20:21:19] REJECT: ERR_FORCE_UNCALIBRATED target=(-139,-97,350) joints=(0,0,0,0,0,0) speed=0.00 constraint=0.0N
[2026-09-20 20:21:24] REJECT: ERR_FORCE_UNCALIBRATED target=(-139,-97,350) joints=(0,0,0,0,0,0) speed=0.00 constraint=0.0N
[2026-09-20 20:21:29] REJECT: ERR_FORCE_UNCALIBRATED target=(-139,-97,350) joints=(0,0,0,0,0,0) speed=0.00 constraint=0.0N
[2026-09-20 20:21:34] REJECT: ERR_FORCE_UNCALIBRATED target=(-139,-97,350) joints=(0,0,0,0,0,0) speed=0.00 constraint=0.0N
[2026-09-20 20:21:39] REJECT: ERR_FORCE_UNCALIBRATED target=(-139,-97,350) joints=(0,0,0,0,0,0) speed=0.00 constraint=0.0N
[2026-09-20 20:21:44] REJECT: ERR_FORCE_UNCALIBRATED target=(-139,-97,350) joints=(0,0,0,0,0,0) speed=0.00 constraint=0.0N
[2026-09-20 20:21:49] REJECT: ERR_FORCE_UNCALIBRATED target=(-139,-97,350) joints=(0,0,0,0,0,0) speed=0.00 constraint=0.0N
[2026-09-20 20:21:54] REJECT: ERR_FORCE_UNCALIBRATED target=(-139,-97,350) joints=(0,0,0,0,0,0) speed=0.00 constraint=0.0N
[2026-09-20 20:21:59] REJECT: ERR_FORCE_UNCALIBRATED target=(-139,-97,350) joints=(0,0,0,0,0,0) speed=0.00 constraint=0.0N
[2026-09-20 20:22:04] REJECT: ERR_FORCE_UNCALIBRATED target=(-139,-97,350) joints=(0,0,0,0,0,0) speed=0.00 constraint=0.0N
[2026-09-20 20:22:09] REJECT: ERR_FORCE_UNCALIBRATED target=(-139,-97,350) joints=(0,0,0,0,0,0) speed=0.00 constraint=0.0N
[2026-09-20 20:22:14] REJECT: ERR_FORCE_UNCALIBRATED target=(-139,-97,350) joints=(0,0,0,0,0,0) speed=0.00 constraint=0.0N
[2026-09-20 20:22:19] REJECT: ERR_FORCE_UNCALIBRATED target=(-139,-97,350) joints=(0,0,0,0,0,0) speed=0.00 constraint=0.0N
[2026-09-20 20:22:24] REJECT: ERR_FORCE_UNCALIBRATED target=(-139,-97,350) joints=(0,0,0,0,0,0) speed=0.00 constraint=0.0N
[2026-09-20 20:22:29] REJECT: ERR_FORCE_UNCALIBRATED target=(-139,-97,350) joints=(0,0,0,0,0,0) speed=0.00 constraint=0.0N
[2026-09-20 20:22:34] REJECT: ERR_FORCE_UNCALIBRATED target=(-139,-97,350) joints=(0,0,0,0,0,0) speed=0.00 constraint=0.0N
[2026-09-20 20:22:39] REJECT: ERR_FORCE_UNCALIBRATED target=(-139,-97,350) joints=(0,0,0,0,0,0) speed=0.00 constraint=0.0N
[2026-09-20 20:22:44] REJECT: ERR_FORCE_UNCALIBRATED target=(-139,-97,350) joints=(0,0,0,0,0,0) speed=0.00 constraint=0.0N
[2026-09-20 20:22:49] REJECT: ERR_FORCE_UNCALIBRATED target=(-139,-97,350) joints=(0,0,0,0,0,0) speed=0.00 constraint=0.0N
[2026-09-20 20:22:54] REJECT: ERR_FORCE_UNCALIBRATED target=(-139,-97,350) joints=(0,0,0,0,0,0) speed=0.00 constraint=0.0N
[2026-09-20 20:23:00] REJECT: ERR_FORCE_UNCALIBRATED target=(-139,-97,350) joints=(0,0,0,0,0,0) speed=0.00 constraint=0.0N
[2026-09-20 20:23:05] REJECT: ERR_FORCE_UNCALIBRATED target=(-139,-97,350) joints=(0,0,0,0,0,0) speed=0.00 constraint=0.0N
[2026-09-20 20:23:10] REJECT: ERR_FORCE_UNCALIBRATED target=(-139,-97,350) joints=(0,0,0,0,0,0) speed=0.00 constraint=0.0N
[2026-09-20 20:23:15] REJECT: ERR_FORCE_UNCALIBRATED target=(-139,-97,350) joints=(0,0,0,0,0,0) speed=0.00 constraint=0.0N
[2026-09-20 20:23:20] REJECT: ERR_FORCE_UNCALIBRATED target=(-139,-97,350) joints=(0,0,0,0,0,0) speed=0.00 constraint=0.0N
[2026-09-20 20:23:25] REJECT: ERR_FORCE_UNCALIBRATED target=(-139,-97,350) joints=(0,0,0,0,0,0) speed=0.00 constraint=0.0N
[2026-09-20 20:23:30] REJECT: ERR_FORCE_UNCALIBRATED target=(-139,-97,350) joints=(0,0,0,0,0,0) speed=0.00 constraint=0.0N
[2026-09-20 20:23:35] REJECT: ERR_FORCE_UNCALIBRATED target=(-139,-97,350) joints=(0,0,0,0,0,0) speed=0.00 constraint=0.0N
[2026-09-20 20:23:40] REJECT: ERR_FORCE_UNCALIBRATED target=(-139,-97,350) joints=(0,0,0,0,0,0) speed=0.00 constraint=0.0N
[2026-09-20 20:23:45] REJECT: ERR_FORCE_UNCALIBRATED target=(-139,-97,350) joints=(0,0,0,0,0,0) speed=0.00 constraint=0.0N
[2026-09-20 20:23:50] REJECT: ERR_FORCE_UNCALIBRATED target=(-139,-97,350) joints=(0,0,0,0,0,0) speed=0.00 constraint=0.0N
[2026-09-20 20:23:55] REJECT: ERR_FORCE_UNCALIBRATED target=(-139,-97,350) joints=(0,0,0,0,0,0) speed=0.00 constraint=0.0N
[2026-09-20 20:24:00] REJECT: ERR_FORCE_UNCALIBRATED target=(-139,-97,350) joints=(0,0,0,0,0,0) speed=0.00 constraint=0.0N
[2026-09-20 20:24:05] REJECT: ERR_FORCE_UNCALIBRATED target=(-139,-97,350) joints=(0,0,0,0,0,0) speed=0.00 constraint=0.0N
[2026-09-20 20:24:10] REJECT: ERR_FORCE_UNCALIBRATED target=(-139,-97,350) joints=(0,0,0,0,0,0) speed=0.00 constraint=0.0N
[2026-09-20 20:24:15] REJECT: ERR_FORCE_UNCALIBRATED target=(-139,-97,350) joints=(0,0,0,0,0,0) speed=0.00 constraint=0.0N
[2026-09-20 20:24:20] REJECT: ERR_FORCE_UNCALIBRATED target=(-139,-97,350) joints=(0,0,0,0,0,0) speed=0.00 constraint=0.0N
[2026-09-20 20:24:25] REJECT: ERR_FORCE_UNCALIBRATED target=(-139,-97,350) joints=(0,0,0,0,0,0) speed=0.00 constraint=0.0N
[2026-09-20 20:24:31] REJECT: ERR_FORCE_UNCALIBRATED target=(-139,-97,350) joints=(0,0,0,0,0,0) speed=0.00 constraint=0.0N
[2026-09-20 20:24:36] REJECT: ERR_FORCE_UNCALIBRATED target=(-139,-97,350) joints=(0,0,0,0,0,0) speed=0.00 constraint=0.0N
[2026-09-20 20:24:41] REJECT: ERR_FORCE_UNCALIBRATED target=(-139,-97,350) joints=(0,0,0,0,0,0) speed=0.00 constraint=0.0N
[2026-09-20 20:24:46] REJECT: ERR_FORCE_UNCALIBRATED target=(-139,-97,350) joints=(0,0,0,0,0,0) speed=0.00 constraint=0.0N
[2026-09-20 20:24:51] REJECT: ERR_FORCE_UNCALIBRATED target=(-139,-97,350) joints=(0,0,0,0,0,0) speed=0.00 constraint=0.0N
[2026-09-20 20:24:56] REJECT: ERR_FORCE_UNCALIBRATED target=(-139,-97,350) joints=(0,0,0,0,0,0) speed=0.00 constraint=0.0N
[2026-09-20 20:25:01] REJECT: ERR_FORCE_UNCALIBRATED target=(-139,-97,350) joints=(0,0,0,0,0,0) speed=0.00 constraint=0.0N
[2026-09-20 20:25:06] REJECT: ERR_FORCE_UNCALIBRATED target=(-139,-97,350) joints=(0,0,0,0,0,0) speed=0.00 constraint=0.0N
[2026-09-20 20:25:11] REJECT: ERR_FORCE_UNCALIBRATED target=(-139,-97,350) joints=(0,0,0,0,0,0) speed=0.00 constraint=0.0N
[2026-09-20 20:25:16] REJECT: ERR_FORCE_UNCALIBRATED target=(-139,-97,350) joints=(0,0,0,0,0,0) speed=0.00 constraint=0.0N
[2026-09-20 20:25:21] REJECT: ERR_FORCE_UNCALIBRATED target=(-139,-97,350) joints=(0,0,0,0,0,0) speed=0.00 constraint=0.0N
[2026-09-20 20:25:26] REJECT: ERR_FORCE_UNCALIBRATED target=(-139,-97,350) joints=(0,0,0,0,0,0) speed=0.00 constraint=0.0N
[2026-09-20 20:25:31] REJECT: ERR_FORCE_UNCALIBRATED target=(-139,-97,350) joints=(0,0,0,0,0,0) speed=0.00 constraint=0.0N
[2026-09-20 20:25:36] REJECT: ERR_FORCE_UNCALIBRATED target=(-139,-97,350) joints=(0,0,0,0,0,0) speed=0.00 constraint=0.0N

[2026-09-20 20:25:58] === SESSION START ===
[2026-09-20 20:25:58] REJECT: ERR_FORCE_UNCALIBRATED target=(-139,-97,350) joints=(0,0,0,0,0,0) speed=0.00 constraint=0.0N
[2026-09-20 20:26:03] REJECT: ERR_FORCE_UNCALIBRATED target=(-139,-97,350) joints=(0,0,0,0,0,0) speed=0.00 constraint=0.0N
[2026-09-20 20:26:08] REJECT: ERR_FORCE_UNCALIBRATED target=(-139,-97,350) joints=(0,0,0,0,0,0) speed=0.00 constraint=0.0N
[2026-09-20 20:26:14] REJECT: ERR_FORCE_UNCALIBRATED target=(-139,-97,350) joints=(0,0,0,0,0,0) speed=0.00 constraint=0.0N
[2026-09-20 20:26:19] REJECT: ERR_FORCE_UNCALIBRATED target=(-139,-97,350) joints=(0,0,0,0,0,0) speed=0.00 constraint=0.0N
[2026-09-20 20:26:24] REJECT: ERR_FORCE_UNCALIBRATED target=(-139,-97,350) joints=(0,0,0,0,0,0) speed=0.00 constraint=0.0N
[2026-09-20 20:26:29] REJECT: ERR_FORCE_UNCALIBRATED target=(-85,65,516) joints=(0,0,0,0,0,0) speed=0.00 constraint=0.0N
[2026-09-20 20:26:34] REJECT: ERR_FORCE_UNCALIBRATED target=(-85,65,516) joints=(0,0,0,0,0,0) speed=0.00 constraint=0.0N
[2026-09-20 20:26:39] REJECT: ERR_FORCE_UNCALIBRATED target=(-85,65,516) joints=(0,0,0,0,0,0) speed=0.00 constraint=0.0N
[2026-09-20 20:26:44] REJECT: ERR_FORCE_UNCALIBRATED target=(-143,171,512) joints=(0,0,0,0,0,0) speed=0.00 constraint=0.0N
[2026-09-20 20:26:49] REJECT: ERR_FORCE_UNCALIBRATED target=(-137,190,468) joints=(0,0,0,0,0,0) speed=0.00 constraint=0.0N
[2026-09-20 20:26:54] REJECT: ERR_FORCE_UNCALIBRATED target=(-137,190,468) joints=(0,0,0,0,0,0) speed=0.00 constraint=0.0N
[2026-09-20 20:26:59] REJECT: ERR_FORCE_UNCALIBRATED target=(-137,190,468) joints=(0,0,0,0,0,0) speed=0.00 constraint=0.0N
[2026-09-20 20:27:04] REJECT: ERR_FORCE_UNCALIBRATED target=(-83,221,576) joints=(0,0,0,0,0,0) speed=0.00 constraint=0.0N
[2026-09-20 20:27:09] REJECT: ERR_FORCE_UNCALIBRATED target=(-72,255,536) joints=(0,0,0,0,0,0) speed=0.00 constraint=0.0N
[2026-09-20 20:27:14] REJECT: ERR_FORCE_UNCALIBRATED target=(-72,255,536) joints=(0,0,0,0,0,0) speed=0.00 constraint=0.0N
[2026-09-20 20:27:20] REJECT: ERR_FORCE_UNCALIBRATED target=(-142,22,554) joints=(0,0,0,0,0,0) speed=0.00 constraint=0.0N
[2026-09-20 20:27:25] REJECT: ERR_FORCE_UNCALIBRATED target=(-41,107,554) joints=(0,0,0,0,0,0) speed=0.00 constraint=0.0N
[2026-09-20 20:27:30] REJECT: ERR_FORCE_UNCALIBRATED target=(-41,108,554) joints=(0,0,0,0,0,0) speed=0.00 constraint=0.0N
[2026-09-20 20:27:35] REJECT: ERR_FORCE_UNCALIBRATED target=(-41,108,554) joints=(0,0,0,0,0,0) speed=0.00 constraint=0.0N
[2026-09-20 20:27:40] REJECT: ERR_FORCE_UNCALIBRATED target=(-41,108,554) joints=(0,0,0,0,0,0) speed=0.00 constraint=0.0N
[2026-09-20 20:27:45] REJECT: ERR_FORCE_UNCALIBRATED target=(-41,108,554) joints=(0,0,0,0,0,0) speed=0.00 constraint=0.0N
[2026-09-20 20:27:50] REJECT: ERR_FORCE_UNCALIBRATED target=(-41,108,554) joints=(0,0,0,0,0,0) speed=0.00 constraint=0.0N
[2026-09-20 20:27:55] REJECT: ERR_FORCE_UNCALIBRATED target=(-41,108,554) joints=(0,0,0,0,0,0) speed=0.00 constraint=0.0N
[2026-09-20 20:28:00] REJECT: ERR_FORCE_UNCALIBRATED target=(-41,108,554) joints=(0,0,0,0,0,0) speed=0.00 constraint=0.0N
[2026-09-20 20:28:05] REJECT: ERR_FORCE_UNCALIBRATED target=(-41,108,554) joints=(0,0,0,0,0,0) speed=0.00 constraint=0.0N
[2026-09-20 20:28:10] REJECT: ERR_FORCE_UNCALIBRATED target=(-41,108,554) joints=(0,0,0,0,0,0) speed=0.00 constraint=0.0N
[2026-09-20 20:28:15] REJECT: ERR_FORCE_UNCALIBRATED target=(-41,108,554) joints=(0,0,0,0,0,0) speed=0.00 constraint=0.0N
[2026-09-20 20:28:20] REJECT: ERR_FORCE_UNCALIBRATED target=(-41,108,554) joints=(0,0,0,0,0,0) speed=0.00 constraint=0.0N
[2026-09-20 20:28:25] REJECT: ERR_FORCE_UNCALIBRATED target=(-41,108,554) joints=(0,0,0,0,0,0) speed=0.00 constraint=0.0N
[2026-09-20 20:28:31] REJECT: ERR_FORCE_UNCALIBRATED target=(-41,108,554) joints=(0,0,0,0,0,0) speed=0.00 constraint=0.0N
[2026-09-20 20:28:36] REJECT: ERR_FORCE_UNCALIBRATED target=(-41,108,554) joints=(0,0,0,0,0,0) speed=0.00 constraint=0.0N
[2026-09-20 20:28:41] REJECT: ERR_FORCE_UNCALIBRATED target=(-41,108,554) joints=(0,0,0,0,0,0) speed=0.00 constraint=0.0N
[2026-09-20 20:28:46] REJECT: ERR_FORCE_UNCALIBRATED target=(-41,108,554) joints=(0,0,0,0,0,0) speed=0.00 constraint=0.0N
[2026-09-20 20:28:51] REJECT: ERR_FORCE_UNCALIBRATED target=(-41,108,554) joints=(0,0,0,0,0,0) speed=0.00 constraint=0.0N
[2026-09-20 20:28:56] REJECT: ERR_FORCE_UNCALIBRATED target=(-41,108,554) joints=(0,0,0,0,0,0) speed=0.00 constraint=0.0N
[2026-09-20 20:29:01] REJECT: ERR_FORCE_UNCALIBRATED target=(-41,108,554) joints=(0,0,0,0,0,0) speed=0.00 constraint=0.0N
[2026-09-20 20:29:06] REJECT: ERR_FORCE_UNCALIBRATED target=(-41,108,554) joints=(0,0,0,0,0,0) speed=0.00 constraint=0.0N
[2026-09-20 20:29:11] REJECT: ERR_FORCE_UNCALIBRATED target=(-41,108,554) joints=(0,0,0,0,0,0) speed=0.00 constraint=0.0N
[2026-09-20 20:29:16] REJECT: ERR_FORCE_UNCALIBRATED target=(-41,108,554) joints=(0,0,0,0,0,0) speed=0.00 constraint=0.0N
[2026-09-20 20:29:21] REJECT: ERR_FORCE_UNCALIBRATED target=(-41,108,554) joints=(0,0,0,0,0,0) speed=0.00 constraint=0.0N
[2026-09-20 20:29:26] REJECT: ERR_FORCE_UNCALIBRATED target=(-41,108,554) joints=(0,0,0,0,0,0) speed=0.00 constraint=0.0N
[2026-09-20 20:29:31] REJECT: ERR_FORCE_UNCALIBRATED target=(-41,108,554) joints=(0,0,0,0,0,0) speed=0.00 constraint=0.0N
[2026-09-20 20:29:36] REJECT: ERR_FORCE_UNCALIBRATED target=(-41,108,554) joints=(0,0,0,0,0,0) speed=0.00 constraint=0.0N
[2026-09-20 20:29:41] REJECT: ERR_FORCE_UNCALIBRATED target=(-41,108,554) joints=(0,0,0,0,0,0) speed=0.00 constraint=0.0N
[2026-09-20 20:29:46] REJECT: ERR_FORCE_UNCALIBRATED target=(-41,108,554) joints=(0,0,0,0,0,0) speed=0.00 constraint=0.0N
[2026-09-20 20:29:52] REJECT: ERR_FORCE_UNCALIBRATED target=(-41,108,554) joints=(0,0,0,0,0,0) speed=0.00 constraint=0.0N
[2026-09-20 20:29:57] REJECT: ERR_FORCE_UNCALIBRATED target=(-41,108,554) joints=(0,0,0,0,0,0) speed=0.00 constraint=0.0N
[2026-09-20 20:30:02] REJECT: ERR_FORCE_UNCALIBRATED target=(-41,108,554) joints=(0,0,0,0,0,0) speed=0.00 constraint=0.0N

[2026-09-20 20:50:22] === SESSION START ===
[2026-09-20 20:50:22] REJECT: ERR_FORCE_UNCALIBRATED target=(-41,108,554) joints=(0,0,0,0,0,0) speed=0.00 constraint=0.0N
[2026-09-20 20:50:27] REJECT: ERR_FORCE_UNCALIBRATED target=(-41,108,554) joints=(0,0,0,0,0,0) speed=0.00 constraint=0.0N
[2026-09-20 20:50:32] REJECT: ERR_FORCE_UNCALIBRATED target=(-41,108,554) joints=(0,0,0,0,0,0) speed=0.00 constraint=0.0N
[2026-09-20 20:50:37] REJECT: ERR_FORCE_UNCALIBRATED target=(-41,108,554) joints=(0,0,0,0,0,0) speed=0.00 constraint=0.0N
[2026-09-20 20:50:42] REJECT: ERR_FORCE_UNCALIBRATED target=(-41,108,554) joints=(0,0,0,0,0,0) speed=0.00 constraint=0.0N
[2026-09-20 20:50:47] REJECT: ERR_FORCE_UNCALIBRATED target=(-138,180,583) joints=(0,0,0,0,0,0) speed=0.00 constraint=0.0N
[2026-09-20 20:50:52] REJECT: ERR_FORCE_UNCALIBRATED target=(-142,231,558) joints=(0,0,0,0,0,0) speed=0.00 constraint=0.0N
[2026-09-20 20:50:57] REJECT: ERR_FORCE_UNCALIBRATED target=(-142,231,558) joints=(0,0,0,0,0,0) speed=0.00 constraint=0.0N
[2026-09-20 20:51:02] REJECT: ERR_FORCE_UNCALIBRATED target=(-142,231,558) joints=(0,0,0,0,0,0) speed=0.00 constraint=0.0N
[2026-09-20 20:51:07] REJECT: ERR_FORCE_UNCALIBRATED target=(-142,231,558) joints=(0,0,0,0,0,0) speed=0.00 constraint=0.0N
[2026-09-20 20:51:12] REJECT: ERR_FORCE_UNCALIBRATED target=(-141,51,602) joints=(0,0,0,0,0,0) speed=0.00 constraint=0.0N
[2026-09-20 20:51:17] REJECT: ERR_FORCE_UNCALIBRATED target=(-221,27,527) joints=(0,0,0,0,0,0) speed=0.00 constraint=0.0N
[2026-09-20 20:51:22] REJECT: ERR_FORCE_UNCALIBRATED target=(-221,27,527) joints=(0,0,0,0,0,0) speed=0.00 constraint=0.0N
[2026-09-20 20:51:27] REJECT: ERR_FORCE_UNCALIBRATED target=(-221,27,527) joints=(0,0,0,0,0,0) speed=0.00 constraint=0.0N
[2026-09-20 20:51:32] REJECT: ERR_FORCE_UNCALIBRATED target=(-221,27,527) joints=(0,0,0,0,0,0) speed=0.00 constraint=0.0N
[2026-09-20 20:51:37] REJECT: ERR_FORCE_UNCALIBRATED target=(-173,-34,420) joints=(0,0,0,0,0,0) speed=0.00 constraint=0.0N
[2026-09-20 20:51:42] REJECT: ERR_FORCE_UNCALIBRATED target=(-173,-34,420) joints=(0,0,0,0,0,0) speed=0.00 constraint=0.0N
[2026-09-20 20:51:47] REJECT: ERR_FORCE_UNCALIBRATED target=(-173,-34,420) joints=(0,0,0,0,0,0) speed=0.00 constraint=0.0N
[2026-09-20 20:51:53] REJECT: ERR_FORCE_UNCALIBRATED target=(-65,-113,351) joints=(0,0,0,0,0,0) speed=0.00 constraint=0.0N
[2026-09-20 20:51:58] REJECT: ERR_FORCE_UNCALIBRATED target=(-65,-113,351) joints=(0,0,0,0,0,0) speed=0.00 constraint=0.0N
[2026-09-20 20:52:03] REJECT: ERR_FORCE_UNCALIBRATED target=(-65,-113,351) joints=(0,0,0,0,0,0) speed=0.00 constraint=0.0N
[2026-09-20 20:52:08] REJECT: ERR_FORCE_UNCALIBRATED target=(-65,-113,351) joints=(0,0,0,0,0,0) speed=0.00 constraint=0.0N
[2026-09-20 20:52:13] REJECT: ERR_FORCE_UNCALIBRATED target=(-65,-113,351) joints=(0,0,0,0,0,0) speed=0.00 constraint=0.0N
[2026-09-20 20:52:18] REJECT: ERR_FORCE_UNCALIBRATED target=(-65,-113,351) joints=(0,0,0,0,0,0) speed=0.00 constraint=0.0N
[2026-09-20 20:52:23] REJECT: ERR_FORCE_UNCALIBRATED target=(-65,-113,351) joints=(0,0,0,0,0,0) speed=0.00 constraint=0.0N
[2026-09-20 20:52:28] REJECT: ERR_FORCE_UNCALIBRATED target=(-65,-113,351) joints=(0,0,0,0,0,0) speed=0.00 constraint=0.0N
[2026-09-20 20:52:33] REJECT: ERR_FORCE_UNCALIBRATED target=(-65,-113,351) joints=(0,0,0,0,0,0) speed=0.00 constraint=0.0N
[2026-09-20 20:52:38] REJECT: ERR_FORCE_UNCALIBRATED target=(-65,-113,351) joints=(0,0,0,0,0,0) speed=0.00 constraint=0.0N
[2026-09-20 20:52:43] REJECT: ERR_FORCE_UNCALIBRATED target=(-65,-113,351) joints=(0,0,0,0,0,0) speed=0.00 constraint=0.0N
[2026-09-20 20:52:48] REJECT: ERR_FORCE_UNCALIBRATED target=(-65,-113,351) joints=(0,0,0,0,0,0) speed=0.00 constraint=0.0N
[2026-09-20 20:52:53] REJECT: ERR_FORCE_UNCALIBRATED target=(-65,-113,351) joints=(0,0,0,0,0,0) speed=0.00 constraint=0.0N
[2026-09-20 20:52:58] REJECT: ERR_FORCE_UNCALIBRATED target=(-65,-113,351) joints=(0,0,0,0,0,0) speed=0.00 constraint=0.0N
[2026-09-20 20:53:03] REJECT: ERR_FORCE_UNCALIBRATED target=(-65,-113,351) joints=(0,0,0,0,0,0) speed=0.00 constraint=0.0N
[2026-09-20 20:53:08] REJECT: ERR_FORCE_UNCALIBRATED target=(-65,-113,351) joints=(0,0,0,0,0,0) speed=0.00 constraint=0.0N
[2026-09-20 20:53:13] REJECT: ERR_FORCE_UNCALIBRATED target=(-65,-113,351) joints=(0,0,0,0,0,0) speed=0.00 constraint=0.0N
[2026-09-20 20:53:18] REJECT: ERR_FORCE_UNCALIBRATED target=(-65,-113,351) joints=(0,0,0,0,0,0) speed=0.00 constraint=0.0N
[2026-09-20 20:53:23] REJECT: ERR_FORCE_UNCALIBRATED target=(-65,-113,351) joints=(0,0,0,0,0,0) speed=0.00 constraint=0.0N
[2026-09-20 20:53:29] REJECT: ERR_FORCE_UNCALIBRATED target=(-65,-113,351) joints=(0,0,0,0,0,0) speed=0.00 constraint=0.0N
[2026-09-20 20:53:34] REJECT: ERR_FORCE_UNCALIBRATED target=(-65,-113,351) joints=(0,0,0,0,0,0) speed=0.00 constraint=0.0N
[2026-09-20 20:53:39] REJECT: ERR_FORCE_UNCALIBRATED target=(-65,-113,351) joints=(0,0,0,0,0,0) speed=0.00 constraint=0.0N
[2026-09-20 20:53:44] REJECT: ERR_FORCE_UNCALIBRATED target=(-65,-113,351) joints=(0,0,0,0,0,0) speed=0.00 constraint=0.0N
[2026-09-20 20:53:49] REJECT: ERR_FORCE_UNCALIBRATED target=(-65,-113,351) joints=(0,0,0,0,0,0) speed=0.00 constraint=0.0N
[2026-09-20 20:53:54] REJECT: ERR_FORCE_UNCALIBRATED target=(-65,-113,351) joints=(0,0,0,0,0,0) speed=0.00 constraint=0.0N
[2026-09-20 20:53:59] REJECT: ERR_FORCE_UNCALIBRATED target=(-65,-113,351) joints=(0,0,0,0,0,0) speed=0.00 constraint=0.0N
[2026-09-20 20:54:04] REJECT: ERR_FORCE_UNCALIBRATED target=(-65,-113,351) joints=(0,0,0,0,0,0) speed=0.00 constraint=0.0N
[2026-09-20 20:54:09] REJECT: ERR_FORCE_UNCALIBRATED target=(-65,-113,351) joints=(0,0,0,0,0,0) speed=0.00 constraint=0.0N
[2026-09-20 20:54:14] REJECT: ERR_FORCE_UNCALIBRATED target=(-65,-113,351) joints=(0,0,0,0,0,0) speed=0.00 constraint=0.0N
[2026-09-20 20:54:19] REJECT: ERR_FORCE_UNCALIBRATED target=(-65,-113,351) joints=(0,0,0,0,0,0) speed=0.00 constraint=0.0N
[2026-09-20 20:54:24] REJECT: ERR_FORCE_UNCALIBRATED target=(-65,-113,351) joints=(0,0,0,0,0,0) speed=0.00 constraint=0.0N
[2026-09-20 20:54:29] REJECT: ERR_FORCE_UNCALIBRATED target=(-65,-113,351) joints=(0,0,0,0,0,0) speed=0.00 constraint=0.0N
[2026-09-20 20:54:34] REJECT: ERR_FORCE_UNCALIBRATED target=(-65,-113,351) joints=(0,0,0,0,0,0) speed=0.00 constraint=0.0N
[2026-09-20 20:54:39] REJECT: ERR_FORCE_UNCALIBRATED target=(-65,-113,351) joints=(0,0,0,0,0,0) speed=0.00 constraint=0.0N
[2026-09-20 20:54:44] REJECT: ERR_FORCE_UNCALIBRATED target=(-65,-113,351) joints=(0,0,0,0,0,0) speed=0.00 constraint=0.0N
[2026-09-20 20:54:49] REJECT: ERR_FORCE_UNCALIBRATED target=(-65,-113,351) joints=(0,0,0,0,0,0) speed=0.00 constraint=0.0N
[2026-09-20 20:54:55] REJECT: ERR_FORCE_UNCALIBRATED target=(-65,-113,351) joints=(0,0,0,0,0,0) speed=0.00 constraint=0.0N
[2026-09-20 20:55:00] REJECT: ERR_FORCE_UNCALIBRATED target=(-65,-113,351) joints=(0,0,0,0,0,0) speed=0.00 constraint=0.0N
[2026-09-20 20:55:05] REJECT: ERR_FORCE_UNCALIBRATED target=(-65,-113,351) joints=(0,0,0,0,0,0) speed=0.00 constraint=0.0N
[2026-09-20 20:55:10] REJECT: ERR_FORCE_UNCALIBRATED target=(-65,-113,351) joints=(0,0,0,0,0,0) speed=0.00 constraint=0.0N
[2026-09-20 20:55:15] REJECT: ERR_FORCE_UNCALIBRATED target=(-65,-113,351) joints=(0,0,0,0,0,0) speed=0.00 constraint=0.0N
[2026-09-20 20:55:20] REJECT: ERR_FORCE_UNCALIBRATED target=(-65,-113,351) joints=(0,0,0,0,0,0) speed=0.00 constraint=0.0N
[2026-09-20 20:55:25] REJECT: ERR_FORCE_UNCALIBRATED target=(-65,-113,351) joints=(0,0,0,0,0,0) speed=0.00 constraint=0.0N
[2026-09-20 20:55:30] REJECT: ERR_FORCE_UNCALIBRATED target=(-65,-113,351) joints=(0,0,0,0,0,0) speed=0.00 constraint=0.0N
[2026-09-20 20:55:35] REJECT: ERR_FORCE_UNCALIBRATED target=(-65,-113,351) joints=(0,0,0,0,0,0) speed=0.00 constraint=0.0N
[2026-09-20 20:55:40] REJECT: ERR_FORCE_UNCALIBRATED target=(-65,-113,351) joints=(0,0,0,0,0,0) speed=0.00 constraint=0.0N
[2026-09-20 20:55:45] REJECT: ERR_FORCE_UNCALIBRATED target=(-65,-113,351) joints=(0,0,0,0,0,0) speed=0.00 constraint=0.0N
[2026-09-20 20:55:50] REJECT: ERR_FORCE_UNCALIBRATED target=(-65,-113,351) joints=(0,0,0,0,0,0) speed=0.00 constraint=0.0N
[2026-09-20 20:55:55] REJECT: ERR_FORCE_UNCALIBRATED target=(-65,-113,351) joints=(0,0,0,0,0,0) speed=0.00 constraint=0.0N
[2026-09-20 20:56:00] REJECT: ERR_FORCE_UNCALIBRATED target=(-65,-113,351) joints=(0,0,0,0,0,0) speed=0.00 constraint=0.0N
[2026-09-20 20:56:05] REJECT: ERR_FORCE_UNCALIBRATED target=(-65,-113,351) joints=(0,0,0,0,0,0) speed=0.00 constraint=0.0N
[2026-09-20 20:56:11] REJECT: ERR_FORCE_UNCALIBRATED target=(-65,-113,351) joints=(0,0,0,0,0,0) speed=0.00 constraint=0.0N
[2026-09-20 20:56:16] REJECT: ERR_FORCE_UNCALIBRATED target=(-65,-113,351) joints=(0,0,0,0,0,0) speed=0.00 constraint=0.0N
[2026-09-20 20:56:21] REJECT: ERR_FORCE_UNCALIBRATED target=(-65,-113,351) joints=(0,0,0,0,0,0) speed=0.00 constraint=0.0N
[2026-09-20 20:56:26] REJECT: ERR_FORCE_UNCALIBRATED target=(-65,-113,351) joints=(0,0,0,0,0,0) speed=0.00 constraint=0.0N
[2026-09-20 20:56:31] REJECT: ERR_FORCE_UNCALIBRATED target=(-65,-113,351) joints=(0,0,0,0,0,0) speed=0.00 constraint=0.0N
[2026-09-20 20:56:36] REJECT: ERR_FORCE_UNCALIBRATED target=(-65,-113,351) joints=(0,0,0,0,0,0) speed=0.00 constraint=0.0N
[2026-09-20 20:56:41] REJECT: ERR_FORCE_UNCALIBRATED target=(-65,-113,351) joints=(0,0,0,0,0,0) speed=0.00 constraint=0.0N
[2026-09-20 20:56:46] REJECT: ERR_FORCE_UNCALIBRATED target=(-65,-113,351) joints=(0,0,0,0,0,0) speed=0.00 constraint=0.0N
[2026-09-20 20:56:51] REJECT: ERR_FORCE_UNCALIBRATED target=(-65,-113,351) joints=(0,0,0,0,0,0) speed=0.00 constraint=0.0N
[2026-09-20 20:56:56] REJECT: ERR_FORCE_UNCALIBRATED target=(-65,-113,351) joints=(0,0,0,0,0,0) speed=0.00 constraint=0.0N
[2026-09-20 20:57:01] REJECT: ERR_FORCE_UNCALIBRATED target=(-65,-113,351) joints=(0,0,0,0,0,0) speed=0.00 constraint=0.0N
[2026-09-20 20:57:06] REJECT: ERR_FORCE_UNCALIBRATED target=(-65,-113,351) joints=(0,0,0,0,0,0) speed=0.00 constraint=0.0N
[2026-09-20 20:57:11] REJECT: ERR_FORCE_UNCALIBRATED target=(-65,-113,351) joints=(0,0,0,0,0,0) speed=0.00 constraint=0.0N
[2026-09-20 20:57:16] REJECT: ERR_FORCE_UNCALIBRATED target=(-65,-113,351) joints=(0,0,0,0,0,0) speed=0.00 constraint=0.0N
[2026-09-20 20:57:21] REJECT: ERR_FORCE_UNCALIBRATED target=(-65,-113,351) joints=(0,0,0,0,0,0) speed=0.00 constraint=0.0N
[2026-09-20 20:57:26] REJECT: ERR_FORCE_UNCALIBRATED target=(-65,-113,351) joints=(0,0,0,0,0,0) speed=0.00 constraint=0.0N
[2026-09-20 20:57:31] REJECT: ERR_FORCE_UNCALIBRATED target=(-65,-113,351) joints=(0,0,0,0,0,0) speed=0.00 constraint=0.0N
[2026-09-20 20:57:36] REJECT: ERR_FORCE_UNCALIBRATED target=(-65,-113,351) joints=(0,0,0,0,0,0) speed=0.00 constraint=0.0N
[2026-09-20 20:57:41] REJECT: ERR_FORCE_UNCALIBRATED target=(-65,-113,351) joints=(0,0,0,0,0,0) speed=0.00 constraint=0.0N
[2026-09-20 20:57:46] REJECT: ERR_FORCE_UNCALIBRATED target=(-65,-113,351) joints=(0,0,0,0,0,0) speed=0.00 constraint=0.0N
[2026-09-20 20:57:52] REJECT: ERR_FORCE_UNCALIBRATED target=(-65,-113,351) joints=(0,0,0,0,0,0) speed=0.00 constraint=0.0N
[2026-09-20 20:57:57] REJECT: ERR_FORCE_UNCALIBRATED target=(-65,-113,351) joints=(0,0,0,0,0,0) speed=0.00 constraint=0.0N
[2026-09-20 20:58:02] REJECT: ERR_FORCE_UNCALIBRATED target=(-65,-113,351) joints=(0,0,0,0,0,0) speed=0.00 constraint=0.0N
[2026-09-20 20:58:07] REJECT: ERR_FORCE_UNCALIBRATED target=(-65,-113,351) joints=(0,0,0,0,0,0) speed=0.00 constraint=0.0N
[2026-09-20 20:58:12] REJECT: ERR_FORCE_UNCALIBRATED target=(-65,-113,351) joints=(0,0,0,0,0,0) speed=0.00 constraint=0.0N
[2026-09-20 20:58:17] REJECT: ERR_FORCE_UNCALIBRATED target=(-65,-113,351) joints=(0,0,0,0,0,0) speed=0.00 constraint=0.0N
[2026-09-20 20:58:22] REJECT: ERR_FORCE_UNCALIBRATED target=(-65,-113,351) joints=(0,0,0,0,0,0) speed=0.00 constraint=0.0N
[2026-09-20 20:58:27] REJECT: ERR_FORCE_UNCALIBRATED target=(-65,-113,351) joints=(0,0,0,0,0,0) speed=0.00 constraint=0.0N
[2026-09-20 20:58:32] REJECT: ERR_FORCE_UNCALIBRATED target=(-65,-113,351) joints=(0,0,0,0,0,0) speed=0.00 constraint=0.0N
[2026-09-20 20:58:37] REJECT: ERR_FORCE_UNCALIBRATED target=(-65,-113,351) joints=(0,0,0,0,0,0) speed=0.00 constraint=0.0N
[2026-09-20 20:58:42] REJECT: ERR_FORCE_UNCALIBRATED target=(-65,-113,351) joints=(0,0,0,0,0,0) speed=0.00 constraint=0.0N
[2026-09-20 20:58:47] REJECT: ERR_FORCE_UNCALIBRATED target=(-65,-113,351) joints=(0,0,0,0,0,0) speed=0.00 constraint=0.0N
[2026-09-20 20:58:52] REJECT: ERR_FORCE_UNCALIBRATED target=(-65,-113,351) joints=(0,0,0,0,0,0) speed=0.00 constraint=0.0N
[2026-09-20 20:58:57] REJECT: ERR_FORCE_UNCALIBRATED target=(-65,-113,351) joints=(0,0,0,0,0,0) speed=0.00 constraint=0.0N
[2026-09-20 20:59:02] REJECT: ERR_FORCE_UNCALIBRATED target=(-65,-113,351) joints=(0,0,0,0,0,0) speed=0.00 constraint=0.0N
[2026-09-20 20:59:07] REJECT: ERR_FORCE_UNCALIBRATED target=(-65,-113,351) joints=(0,0,0,0,0,0) speed=0.00 constraint=0.0N
[2026-09-20 20:59:12] REJECT: ERR_FORCE_UNCALIBRATED target=(-65,-113,351) joints=(0,0,0,0,0,0) speed=0.00 constraint=0.0N
[2026-09-20 20:59:17] REJECT: ERR_FORCE_UNCALIBRATED target=(-65,-113,351) joints=(0,0,0,0,0,0) speed=0.00 constraint=0.0N
[2026-09-20 20:59:23] REJECT: ERR_FORCE_UNCALIBRATED target=(-65,-113,351) joints=(0,0,0,0,0,0) speed=0.00 constraint=0.0N
[2026-09-20 20:59:28] REJECT: ERR_FORCE_UNCALIBRATED target=(-65,-113,351) joints=(0,0,0,0,0,0) speed=0.00 constraint=0.0N
[2026-09-20 20:59:33] REJECT: ERR_FORCE_UNCALIBRATED target=(-65,-113,351) joints=(0,0,0,0,0,0) speed=0.00 constraint=0.0N
[2026-09-20 20:59:38] REJECT: ERR_FORCE_UNCALIBRATED target=(-65,-113,351) joints=(0,0,0,0,0,0) speed=0.00 constraint=0.0N

[2026-09-20 21:00:52] === SESSION START ===
[2026-09-20 21:00:52] REJECT: ERR_FORCE_UNCALIBRATED target=(-65,-113,351) joints=(0,0,0,0,0,0) speed=0.00 constraint=0.0N
[2026-09-20 21:00:57] REJECT: ERR_FORCE_UNCALIBRATED target=(-65,-113,351) joints=(0,0,0,0,0,0) speed=0.00 constraint=0.0N
[2026-09-20 21:01:02] REJECT: ERR_FORCE_UNCALIBRATED target=(-65,-113,351) joints=(0,0,0,0,0,0) speed=0.00 constraint=0.0N
[2026-09-20 21:01:07] REJECT: ERR_FORCE_UNCALIBRATED target=(-65,-113,351) joints=(0,0,0,0,0,0) speed=0.00 constraint=0.0N
[2026-09-20 21:01:12] REJECT: ERR_FORCE_UNCALIBRATED target=(-130,33,577) joints=(0,0,0,0,0,0) speed=0.00 constraint=0.0N
[2026-09-20 21:01:17] REJECT: ERR_FORCE_UNCALIBRATED target=(-130,33,577) joints=(0,0,0,0,0,0) speed=0.00 constraint=0.0N
[2026-09-20 21:01:22] REJECT: ERR_FORCE_UNCALIBRATED target=(-204,43,557) joints=(0,0,0,0,0,0) speed=0.00 constraint=0.0N
[2026-09-20 21:01:27] REJECT: ERR_FORCE_UNCALIBRATED target=(-213,47,515) joints=(0,0,0,0,0,0) speed=0.00 constraint=0.0N
[2026-09-20 21:01:32] REJECT: ERR_FORCE_UNCALIBRATED target=(-213,47,515) joints=(0,0,0,0,0,0) speed=0.00 constraint=0.0N
[2026-09-20 21:01:37] REJECT: ERR_FORCE_UNCALIBRATED target=(-213,47,515) joints=(0,0,0,0,0,0) speed=0.00 constraint=0.0N
[2026-09-20 21:01:42] REJECT: ERR_FORCE_UNCALIBRATED target=(-213,47,515) joints=(0,0,0,0,0,0) speed=0.00 constraint=0.0N
[2026-09-20 21:01:48] REJECT: ERR_FORCE_UNCALIBRATED target=(-153,234,517) joints=(0,0,0,0,0,0) speed=0.00 constraint=0.0N
[2026-09-20 21:01:53] REJECT: ERR_FORCE_UNCALIBRATED target=(-153,234,517) joints=(0,0,0,0,0,0) speed=0.00 constraint=0.0N
[2026-09-20 21:01:58] REJECT: ERR_FORCE_UNCALIBRATED target=(-153,234,517) joints=(0,0,0,0,0,0) speed=0.00 constraint=0.0N
[2026-09-20 21:02:03] REJECT: ERR_FORCE_UNCALIBRATED target=(-124,-58,488) joints=(0,0,0,0,0,0) speed=0.00 constraint=0.0N
[2026-09-20 21:02:08] REJECT: ERR_FORCE_UNCALIBRATED target=(-52,21,471) joints=(0,0,0,0,0,0) speed=0.00 constraint=0.0N
[2026-09-20 21:02:13] REJECT: ERR_FORCE_UNCALIBRATED target=(-52,21,471) joints=(0,0,0,0,0,0) speed=0.00 constraint=0.0N
[2026-09-20 21:02:15] REJECT: ERR_FORCE_INCONSISTENT target=(-52,21,471) joints=(0,0,0,0,0,0) speed=0.00 constraint=0.0N
[2026-09-20 21:02:20] REJECT: ERR_FORCE_INCONSISTENT target=(-52,21,471) joints=(0,0,0,0,0,0) speed=0.00 constraint=0.0N
[2026-09-20 21:02:25] REJECT: ERR_FORCE_INCONSISTENT target=(-52,21,471) joints=(0,0,0,0,0,0) speed=0.00 constraint=0.0N
[2026-09-20 21:02:30] REJECT: ERR_FORCE_INCONSISTENT target=(-52,21,471) joints=(0,0,0,0,0,0) speed=0.00 constraint=0.0N
[2026-09-20 21:02:35] REJECT: ERR_FORCE_INCONSISTENT target=(-52,21,471) joints=(0,0,0,0,0,0) speed=0.00 constraint=0.0N
[2026-09-20 21:02:40] REJECT: ERR_FORCE_INCONSISTENT target=(-52,21,471) joints=(0,0,0,0,0,0) speed=0.00 constraint=0.0N
[2026-09-20 21:02:46] REJECT: ERR_FORCE_INCONSISTENT target=(-52,21,471) joints=(0,0,0,0,0,0) speed=0.00 constraint=0.0N
[2026-09-20 21:02:51] REJECT: ERR_FORCE_INCONSISTENT target=(-52,21,471) joints=(0,0,0,0,0,0) speed=0.00 constraint=0.0N
[2026-09-20 21:02:56] REJECT: ERR_FORCE_INCONSISTENT target=(-52,21,471) joints=(0,0,0,0,0,0) speed=0.00 constraint=0.0N
[2026-09-20 21:03:01] REJECT: ERR_FORCE_INCONSISTENT target=(-52,21,471) joints=(0,0,0,0,0,0) speed=0.00 constraint=0.0N
[2026-09-20 21:03:06] REJECT: ERR_FORCE_INCONSISTENT target=(-52,21,471) joints=(0,0,0,0,0,0) speed=0.00 constraint=0.0N
[2026-09-20 21:03:11] REJECT: ERR_FORCE_INCONSISTENT target=(-52,21,471) joints=(0,0,0,0,0,0) speed=0.00 constraint=0.0N
[2026-09-20 21:03:16] REJECT: ERR_FORCE_INCONSISTENT target=(-52,21,471) joints=(0,0,0,0,0,0) speed=0.00 constraint=0.0N
[2026-09-20 21:03:21] REJECT: ERR_FORCE_INCONSISTENT target=(-52,21,471) joints=(0,0,0,0,0,0) speed=0.00 constraint=0.0N
[2026-09-20 21:03:26] REJECT: ERR_FORCE_INCONSISTENT target=(-52,21,471) joints=(0,0,0,0,0,0) speed=0.00 constraint=0.0N
[2026-09-20 21:03:31] REJECT: ERR_FORCE_INCONSISTENT target=(-52,21,471) joints=(0,0,0,0,0,0) speed=0.00 constraint=0.0N
[2026-09-20 21:03:36] REJECT: ERR_FORCE_INCONSISTENT target=(-52,21,471) joints=(0,0,0,0,0,0) speed=0.00 constraint=0.0N
[2026-09-20 21:03:41] REJECT: ERR_FORCE_INCONSISTENT target=(-52,21,471) joints=(0,0,0,0,0,0) speed=0.00 constraint=0.0N
[2026-09-20 21:03:46] REJECT: ERR_FORCE_INCONSISTENT target=(-52,21,471) joints=(0,0,0,0,0,0) speed=0.00 constraint=0.0N
[2026-09-20 21:03:51] REJECT: ERR_FORCE_INCONSISTENT target=(-52,21,471) joints=(0,0,0,0,0,0) speed=0.00 constraint=0.0N
[2026-09-20 21:03:56] REJECT: ERR_FORCE_INCONSISTENT target=(-52,21,471) joints=(0,0,0,0,0,0) speed=0.00 constraint=0.0N
[2026-09-20 21:04:01] REJECT: ERR_FORCE_INCONSISTENT target=(-52,21,471) joints=(0,0,0,0,0,0) speed=0.00 constraint=0.0N
[2026-09-20 21:04:06] REJECT: ERR_FORCE_INCONSISTENT target=(-52,21,471) joints=(0,0,0,0,0,0) speed=0.00 constraint=0.0N
[2026-09-20 21:04:11] REJECT: ERR_FORCE_INCONSISTENT target=(-52,21,471) joints=(0,0,0,0,0,0) speed=0.00 constraint=0.0N
[2026-09-20 21:04:16] REJECT: ERR_FORCE_INCONSISTENT target=(-52,21,471) joints=(0,0,0,0,0,0) speed=0.00 constraint=0.0N
[2026-09-20 21:04:21] REJECT: ERR_FORCE_INCONSISTENT target=(-52,21,471) joints=(0,0,0,0,0,0) speed=0.00 constraint=0.0N
[2026-09-20 21:04:27] REJECT: ERR_FORCE_INCONSISTENT target=(-52,21,471) joints=(0,0,0,0,0,0) speed=0.00 constraint=0.0N
[2026-09-20 21:04:32] REJECT: ERR_FORCE_INCONSISTENT target=(-52,21,471) joints=(0,0,0,0,0,0) speed=0.00 constraint=0.0N
[2026-09-20 21:04:37] REJECT: ERR_FORCE_INCONSISTENT target=(-52,21,471) joints=(0,0,0,0,0,0) speed=0.00 constraint=0.0N
[2026-09-20 21:04:42] REJECT: ERR_FORCE_INCONSISTENT target=(-52,21,471) joints=(0,0,0,0,0,0) speed=0.00 constraint=0.0N
[2026-09-20 21:04:47] REJECT: ERR_FORCE_INCONSISTENT target=(-52,21,471) joints=(0,0,0,0,0,0) speed=0.00 constraint=0.0N
[2026-09-20 21:04:52] REJECT: ERR_FORCE_INCONSISTENT target=(-52,21,471) joints=(0,0,0,0,0,0) speed=0.00 constraint=0.0N
[2026-09-20 21:04:57] REJECT: ERR_FORCE_INCONSISTENT target=(-52,21,471) joints=(0,0,0,0,0,0) speed=0.00 constraint=0.0N
[2026-09-20 21:05:02] REJECT: ERR_FORCE_INCONSISTENT target=(-52,21,471) joints=(0,0,0,0,0,0) speed=0.00 constraint=0.0N
[2026-09-20 21:05:07] REJECT: ERR_FORCE_INCONSISTENT target=(-52,21,471) joints=(0,0,0,0,0,0) speed=0.00 constraint=0.0N
[2026-09-20 21:05:12] REJECT: ERR_FORCE_INCONSISTENT target=(-52,21,471) joints=(0,0,0,0,0,0) speed=0.00 constraint=0.0N
[2026-09-20 21:05:17] REJECT: ERR_FORCE_INCONSISTENT target=(-52,21,471) joints=(0,0,0,0,0,0) speed=0.00 constraint=0.0N
[2026-09-20 21:05:22] REJECT: ERR_FORCE_INCONSISTENT target=(-52,21,471) joints=(0,0,0,0,0,0) speed=0.00 constraint=0.0N
[2026-09-20 21:05:27] REJECT: ERR_FORCE_INCONSISTENT target=(-52,21,471) joints=(0,0,0,0,0,0) speed=0.00 constraint=0.0N
[2026-09-20 21:05:32] REJECT: ERR_FORCE_INCONSISTENT target=(-52,21,471) joints=(0,0,0,0,0,0) speed=0.00 constraint=0.0N
[2026-09-20 21:05:37] REJECT: ERR_FORCE_INCONSISTENT target=(-52,21,471) joints=(0,0,0,0,0,0) speed=0.00 constraint=0.0N
[2026-09-20 21:05:42] REJECT: ERR_FORCE_INCONSISTENT target=(-52,21,471) joints=(0,0,0,0,0,0) speed=0.00 constraint=0.0N
[2026-09-20 21:05:47] REJECT: ERR_FORCE_INCONSISTENT target=(-52,21,471) joints=(0,0,0,0,0,0) speed=0.00 constraint=0.0N
[2026-09-20 21:05:53] REJECT: ERR_FORCE_INCONSISTENT target=(-52,21,471) joints=(0,0,0,0,0,0) speed=0.00 constraint=0.0N
[2026-09-20 21:05:58] REJECT: ERR_FORCE_INCONSISTENT target=(-52,21,471) joints=(0,0,0,0,0,0) speed=0.00 constraint=0.0N
[2026-09-20 21:06:03] REJECT: ERR_FORCE_INCONSISTENT target=(-52,21,471) joints=(0,0,0,0,0,0) speed=0.00 constraint=0.0N
[2026-09-20 21:06:08] REJECT: ERR_FORCE_INCONSISTENT target=(-52,21,471) joints=(0,0,0,0,0,0) speed=0.00 constraint=0.0N
[2026-09-20 21:06:13] REJECT: ERR_FORCE_INCONSISTENT target=(-52,21,471) joints=(0,0,0,0,0,0) speed=0.00 constraint=0.0N
[2026-09-20 21:06:18] REJECT: ERR_FORCE_INCONSISTENT target=(-52,21,471) joints=(0,0,0,0,0,0) speed=0.00 constraint=0.0N
[2026-09-20 21:06:23] REJECT: ERR_FORCE_INCONSISTENT target=(-52,21,471) joints=(0,0,0,0,0,0) speed=0.00 constraint=0.0N
[2026-09-20 21:06:28] REJECT: ERR_FORCE_INCONSISTENT target=(-52,21,471) joints=(0,0,0,0,0,0) speed=0.00 constraint=0.0N
[2026-09-20 21:06:33] REJECT: ERR_FORCE_INCONSISTENT target=(-52,21,471) joints=(0,0,0,0,0,0) speed=0.00 constraint=0.0N
[2026-09-20 21:06:38] REJECT: ERR_FORCE_INCONSISTENT target=(-52,21,471) joints=(0,0,0,0,0,0) speed=0.00 constraint=0.0N
[2026-09-20 21:06:43] REJECT: ERR_FORCE_INCONSISTENT target=(-52,21,471) joints=(0,0,0,0,0,0) speed=0.00 constraint=0.0N
[2026-09-20 21:06:48] REJECT: ERR_FORCE_INCONSISTENT target=(-52,21,471) joints=(0,0,0,0,0,0) speed=0.00 constraint=0.0N
[2026-09-20 21:06:53] REJECT: ERR_FORCE_INCONSISTENT target=(-52,21,471) joints=(0,0,0,0,0,0) speed=0.00 constraint=0.0N
[2026-09-20 21:06:58] REJECT: ERR_FORCE_INCONSISTENT target=(-52,21,471) joints=(0,0,0,0,0,0) speed=0.00 constraint=0.0N
[2026-09-20 21:07:03] REJECT: ERR_FORCE_INCONSISTENT target=(-52,21,471) joints=(0,0,0,0,0,0) speed=0.00 constraint=0.0N
[2026-09-20 21:07:08] REJECT: ERR_FORCE_INCONSISTENT target=(-52,21,471) joints=(0,0,0,0,0,0) speed=0.00 constraint=0.0N
[2026-09-20 21:07:13] REJECT: ERR_FORCE_INCONSISTENT target=(-52,21,471) joints=(0,0,0,0,0,0) speed=0.00 constraint=0.0N
[2026-09-20 21:07:18] REJECT: ERR_FORCE_INCONSISTENT target=(-52,21,471) joints=(0,0,0,0,0,0) speed=0.00 constraint=0.0N
[2026-09-20 21:07:23] REJECT: ERR_FORCE_INCONSISTENT target=(-52,21,471) joints=(0,0,0,0,0,0) speed=0.00 constraint=0.0N
[2026-09-20 21:07:29] REJECT: ERR_FORCE_INCONSISTENT target=(-52,21,471) joints=(0,0,0,0,0,0) speed=0.00 constraint=0.0N
[2026-09-20 21:07:34] REJECT: ERR_FORCE_INCONSISTENT target=(-52,21,471) joints=(0,0,0,0,0,0) speed=0.00 constraint=0.0N
[2026-09-20 21:07:39] REJECT: ERR_FORCE_INCONSISTENT target=(-52,21,471) joints=(0,0,0,0,0,0) speed=0.00 constraint=0.0N
[2026-09-20 21:07:44] REJECT: ERR_FORCE_INCONSISTENT target=(-52,21,471) joints=(0,0,0,0,0,0) speed=0.00 constraint=0.0N
[2026-09-20 21:07:49] REJECT: ERR_FORCE_INCONSISTENT target=(-52,21,471) joints=(0,0,0,0,0,0) speed=0.00 constraint=0.0N
[2026-09-20 21:07:54] REJECT: ERR_FORCE_INCONSISTENT target=(-52,21,471) joints=(0,0,0,0,0,0) speed=0.00 constraint=0.0N
[2026-09-20 21:07:59] REJECT: ERR_FORCE_INCONSISTENT target=(-52,21,471) joints=(0,0,0,0,0,0) speed=0.00 constraint=0.0N
[2026-09-20 21:08:04] REJECT: ERR_FORCE_INCONSISTENT target=(-52,21,471) joints=(0,0,0,0,0,0) speed=0.00 constraint=0.0N

[2026-09-20 21:19:34] === SESSION START ===
[2026-09-20 21:19:34] REJECT: ERR_FORCE_INCONSISTENT target=(-52,21,471) joints=(0,0,0,0,0,0) speed=0.00 constraint=0.0N
[2026-09-20 21:19:39] REJECT: ERR_FORCE_INCONSISTENT target=(-52,21,471) joints=(0,0,0,0,0,0) speed=0.00 constraint=0.0N
[2026-09-20 21:19:44] REJECT: ERR_FORCE_INCONSISTENT target=(-52,21,471) joints=(0,0,0,0,0,0) speed=0.00 constraint=0.0N
[2026-09-20 21:19:49] REJECT: ERR_FORCE_INCONSISTENT target=(-52,21,471) joints=(0,0,0,0,0,0) speed=0.00 constraint=0.0N

[2026-09-20 21:23:06] === SESSION START ===
[2026-09-20 21:23:06] REJECT: ERR_FORCE_INCONSISTENT target=(-52,21,471) joints=(0,0,0,0,0,0) speed=0.00 constraint=0.0N
[2026-09-20 21:23:11] REJECT: ERR_FORCE_INCONSISTENT target=(-52,21,471) joints=(0,0,0,0,0,0) speed=0.00 constraint=0.0N
[2026-09-20 21:23:17] REJECT: ERR_FORCE_INCONSISTENT target=(-52,21,471) joints=(0,0,0,0,0,0) speed=0.00 constraint=0.0N
[2026-09-20 21:23:22] REJECT: ERR_FORCE_INCONSISTENT target=(-52,21,471) joints=(0,0,0,0,0,0) speed=0.00 constraint=0.0N
[2026-09-20 21:23:27] REJECT: ERR_FORCE_INCONSISTENT target=(-52,21,471) joints=(0,0,0,0,0,0) speed=0.00 constraint=0.0N
[2026-09-20 21:23:32] REJECT: ERR_FORCE_INCONSISTENT target=(-52,21,471) joints=(0,0,0,0,0,0) speed=0.00 constraint=0.0N
[2026-09-20 21:23:37] REJECT: ERR_FORCE_INCONSISTENT target=(-52,21,471) joints=(0,0,0,0,0,0) speed=0.00 constraint=0.0N
[2026-09-20 21:23:42] REJECT: ERR_FORCE_INCONSISTENT target=(-52,21,471) joints=(0,0,0,0,0,0) speed=0.00 constraint=0.0N
[2026-09-20 21:23:47] REJECT: ERR_FORCE_INCONSISTENT target=(-52,21,471) joints=(0,0,0,0,0,0) speed=0.00 constraint=0.0N
[2026-09-20 21:23:52] REJECT: ERR_FORCE_INCONSISTENT target=(-52,21,471) joints=(0,0,0,0,0,0) speed=0.00 constraint=0.0N
[2026-09-20 21:23:57] REJECT: ERR_FORCE_INCONSISTENT target=(-52,21,471) joints=(0,0,0,0,0,0) speed=0.00 constraint=0.0N
[2026-09-20 21:24:02] REJECT: ERR_FORCE_INCONSISTENT target=(-52,21,471) joints=(0,0,0,0,0,0) speed=0.00 constraint=0.0N
[2026-09-20 21:24:07] REJECT: ERR_FORCE_INCONSISTENT target=(-52,21,471) joints=(0,0,0,0,0,0) speed=0.00 constraint=0.0N
[2026-09-20 21:24:12] REJECT: ERR_FORCE_INCONSISTENT target=(-52,21,471) joints=(0,0,0,0,0,0) speed=0.00 constraint=0.0N
[2026-09-20 21:24:17] REJECT: ERR_FORCE_INCONSISTENT target=(-52,21,471) joints=(0,0,0,0,0,0) speed=0.00 constraint=0.0N
[2026-09-20 21:24:22] REJECT: ERR_FORCE_INCONSISTENT target=(-52,21,471) joints=(0,0,0,0,0,0) speed=0.00 constraint=0.0N
[2026-09-20 21:24:27] REJECT: ERR_FORCE_INCONSISTENT target=(-52,21,471) joints=(0,0,0,0,0,0) speed=0.00 constraint=0.0N
[2026-09-20 21:24:32] REJECT: ERR_FORCE_INCONSISTENT target=(-52,21,471) joints=(0,0,0,0,0,0) speed=0.00 constraint=0.0N
[2026-09-20 21:24:37] REJECT: ERR_FORCE_INCONSISTENT target=(-52,21,471) joints=(0,0,0,0,0,0) speed=0.00 constraint=0.0N
[2026-09-20 21:24:42] REJECT: ERR_FORCE_INCONSISTENT target=(-52,21,471) joints=(0,0,0,0,0,0) speed=0.00 constraint=0.0N
[2026-09-20 21:24:48] REJECT: ERR_FORCE_INCONSISTENT target=(-52,21,471) joints=(0,0,0,0,0,0) speed=0.00 constraint=0.0N
[2026-09-20 21:24:53] REJECT: ERR_FORCE_INCONSISTENT target=(-52,21,471) joints=(0,0,0,0,0,0) speed=0.00 constraint=0.0N
[2026-09-20 21:24:58] REJECT: ERR_FORCE_INCONSISTENT target=(-52,21,471) joints=(0,0,0,0,0,0) speed=0.00 constraint=0.0N
[2026-09-20 21:25:03] REJECT: ERR_FORCE_INCONSISTENT target=(-52,21,471) joints=(0,0,0,0,0,0) speed=0.00 constraint=0.0N
[2026-09-20 21:25:08] REJECT: ERR_FORCE_INCONSISTENT target=(-52,21,471) joints=(0,0,0,0,0,0) speed=0.00 constraint=0.0N
[2026-09-20 21:25:13] REJECT: ERR_FORCE_INCONSISTENT target=(-52,21,471) joints=(0,0,0,0,0,0) speed=0.00 constraint=0.0N
[2026-09-20 21:25:18] REJECT: ERR_FORCE_INCONSISTENT target=(-52,21,471) joints=(0,0,0,0,0,0) speed=0.00 constraint=0.0N
[2026-09-20 21:25:23] REJECT: ERR_FORCE_INCONSISTENT target=(-52,21,471) joints=(0,0,0,0,0,0) speed=0.00 constraint=0.0N
[2026-09-20 21:25:28] REJECT: ERR_FORCE_INCONSISTENT target=(-52,21,471) joints=(0,0,0,0,0,0) speed=0.00 constraint=0.0N
[2026-09-20 21:25:33] REJECT: ERR_FORCE_INCONSISTENT target=(-52,21,471) joints=(0,0,0,0,0,0) speed=0.00 constraint=0.0N
[2026-09-20 21:25:38] REJECT: ERR_FORCE_INCONSISTENT target=(-52,21,471) joints=(0,0,0,0,0,0) speed=0.00 constraint=0.0N
[2026-09-20 21:25:43] REJECT: ERR_FORCE_INCONSISTENT target=(-52,21,471) joints=(0,0,0,0,0,0) speed=0.00 constraint=0.0N
[2026-09-20 21:25:48] REJECT: ERR_FORCE_INCONSISTENT target=(-52,21,471) joints=(0,0,0,0,0,0) speed=0.00 constraint=0.0N
[2026-09-20 21:25:53] REJECT: ERR_FORCE_INCONSISTENT target=(-52,21,471) joints=(0,0,0,0,0,0) speed=0.00 constraint=0.0N
[2026-09-20 21:25:58] REJECT: ERR_FORCE_INCONSISTENT target=(-52,21,471) joints=(0,0,0,0,0,0) speed=0.00 constraint=0.0N
[2026-09-20 21:26:03] REJECT: ERR_FORCE_INCONSISTENT target=(-52,21,471) joints=(0,0,0,0,0,0) speed=0.00 constraint=0.0N
[2026-09-20 21:26:08] REJECT: ERR_FORCE_INCONSISTENT target=(-52,21,471) joints=(0,0,0,0,0,0) speed=0.00 constraint=0.0N
[2026-09-20 21:26:13] REJECT: ERR_FORCE_INCONSISTENT target=(-52,21,471) joints=(0,0,0,0,0,0) speed=0.00 constraint=0.0N
[2026-09-20 21:26:18] REJECT: ERR_FORCE_INCONSISTENT target=(-52,21,471) joints=(0,0,0,0,0,0) speed=0.00 constraint=0.0N
[2026-09-20 21:26:23] REJECT: ERR_FORCE_INCONSISTENT target=(-52,21,471) joints=(0,0,0,0,0,0) speed=0.00 constraint=0.0N
[2026-09-20 21:26:28] REJECT: ERR_FORCE_INCONSISTENT target=(-52,21,471) joints=(0,0,0,0,0,0) speed=0.00 constraint=0.0N
[2026-09-20 21:26:34] REJECT: ERR_FORCE_INCONSISTENT target=(-52,21,471) joints=(0,0,0,0,0,0) speed=0.00 constraint=0.0N
[2026-09-20 21:26:39] REJECT: ERR_FORCE_INCONSISTENT target=(-52,21,471) joints=(0,0,0,0,0,0) speed=0.00 constraint=0.0N
[2026-09-20 21:26:44] REJECT: ERR_FORCE_INCONSISTENT target=(-52,21,471) joints=(0,0,0,0,0,0) speed=0.00 constraint=0.0N
[2026-09-20 21:26:49] REJECT: ERR_FORCE_INCONSISTENT target=(-52,21,471) joints=(0,0,0,0,0,0) speed=0.00 constraint=0.0N
[2026-09-20 21:26:54] REJECT: ERR_FORCE_INCONSISTENT target=(-52,21,471) joints=(0,0,0,0,0,0) speed=0.00 constraint=0.0N
[2026-09-20 21:26:59] REJECT: ERR_FORCE_INCONSISTENT target=(-52,21,471) joints=(0,0,0,0,0,0) speed=0.00 constraint=0.0N
[2026-09-20 21:27:04] REJECT: ERR_FORCE_INCONSISTENT target=(-52,21,471) joints=(0,0,0,0,0,0) speed=0.00 constraint=0.0N
[2026-09-20 21:27:09] REJECT: ERR_FORCE_INCONSISTENT target=(-52,21,471) joints=(0,0,0,0,0,0) speed=0.00 constraint=0.0N
[2026-09-20 21:27:14] REJECT: ERR_FORCE_INCONSISTENT target=(-52,21,471) joints=(0,0,0,0,0,0) speed=0.00 constraint=0.0N
[2026-09-20 21:27:19] REJECT: ERR_FORCE_INCONSISTENT target=(-52,21,471) joints=(0,0,0,0,0,0) speed=0.00 constraint=0.0N
[2026-09-20 21:27:24] REJECT: ERR_FORCE_INCONSISTENT target=(-52,21,471) joints=(0,0,0,0,0,0) speed=0.00 constraint=0.0N
[2026-09-20 21:27:29] REJECT: ERR_FORCE_INCONSISTENT target=(-52,21,471) joints=(0,0,0,0,0,0) speed=0.00 constraint=0.0N
[2026-09-20 21:27:34] REJECT: ERR_FORCE_INCONSISTENT target=(-52,21,471) joints=(0,0,0,0,0,0) speed=0.00 constraint=0.0N
[2026-09-20 21:27:39] REJECT: ERR_FORCE_INCONSISTENT target=(-52,21,471) joints=(0,0,0,0,0,0) speed=0.00 constraint=0.0N
[2026-09-20 21:27:44] REJECT: ERR_FORCE_INCONSISTENT target=(-52,21,471) joints=(0,0,0,0,0,0) speed=0.00 constraint=0.0N
[2026-09-20 21:27:49] REJECT: ERR_FORCE_INCONSISTENT target=(-52,21,471) joints=(0,0,0,0,0,0) speed=0.00 constraint=0.0N
[2026-09-20 21:27:55] REJECT: ERR_FORCE_INCONSISTENT target=(-52,21,471) joints=(0,0,0,0,0,0) speed=0.00 constraint=0.0N
[2026-09-20 21:28:00] REJECT: ERR_FORCE_INCONSISTENT target=(-52,21,471) joints=(0,0,0,0,0,0) speed=0.00 constraint=0.0N
[2026-09-20 21:28:05] REJECT: ERR_FORCE_INCONSISTENT target=(-52,21,471) joints=(0,0,0,0,0,0) speed=0.00 constraint=0.0N
[2026-09-20 21:28:10] REJECT: ERR_FORCE_INCONSISTENT target=(-52,21,471) joints=(0,0,0,0,0,0) speed=0.00 constraint=0.0N
[2026-09-20 21:28:15] REJECT: ERR_FORCE_INCONSISTENT target=(-52,21,471) joints=(0,0,0,0,0,0) speed=0.00 constraint=0.0N
[2026-09-20 21:28:20] REJECT: ERR_FORCE_INCONSISTENT target=(-52,21,471) joints=(0,0,0,0,0,0) speed=0.00 constraint=0.0N
[2026-09-20 21:28:25] REJECT: ERR_FORCE_INCONSISTENT target=(-52,21,471) joints=(0,0,0,0,0,0) speed=0.00 constraint=0.0N
[2026-09-20 21:28:30] REJECT: ERR_FORCE_INCONSISTENT target=(-52,21,471) joints=(0,0,0,0,0,0) speed=0.00 constraint=0.0N
[2026-09-20 21:28:35] REJECT: ERR_FORCE_INCONSISTENT target=(-52,21,471) joints=(0,0,0,0,0,0) speed=0.00 constraint=0.0N
[2026-09-20 21:28:40] REJECT: ERR_FORCE_INCONSISTENT target=(-52,21,471) joints=(0,0,0,0,0,0) speed=0.00 constraint=0.0N
[2026-09-20 21:28:45] REJECT: ERR_FORCE_INCONSISTENT target=(-52,21,471) joints=(0,0,0,0,0,0) speed=0.00 constraint=0.0N
[2026-09-20 21:28:50] REJECT: ERR_FORCE_INCONSISTENT target=(-52,21,471) joints=(0,0,0,0,0,0) speed=0.00 constraint=0.0N
[2026-09-20 21:28:55] REJECT: ERR_FORCE_INCONSISTENT target=(-52,21,471) joints=(0,0,0,0,0,0) speed=0.00 constraint=0.0N
[2026-09-20 21:29:00] REJECT: ERR_FORCE_INCONSISTENT target=(-52,21,471) joints=(0,0,0,0,0,0) speed=0.00 constraint=0.0N
[2026-09-20 21:29:05] REJECT: ERR_FORCE_INCONSISTENT target=(-52,21,471) joints=(0,0,0,0,0,0) speed=0.00 constraint=0.0N
[2026-09-20 21:29:10] REJECT: ERR_FORCE_INCONSISTENT target=(-52,21,471) joints=(0,0,0,0,0,0) speed=0.00 constraint=0.0N
[2026-09-20 21:29:15] REJECT: ERR_FORCE_INCONSISTENT target=(-52,21,471) joints=(0,0,0,0,0,0) speed=0.00 constraint=0.0N
[2026-09-20 21:29:20] REJECT: ERR_FORCE_INCONSISTENT target=(-52,21,471) joints=(0,0,0,0,0,0) speed=0.00 constraint=0.0N
[2026-09-20 21:29:25] REJECT: ERR_FORCE_INCONSISTENT target=(-52,21,471) joints=(0,0,0,0,0,0) speed=0.00 constraint=0.0N
[2026-09-20 21:29:30] REJECT: ERR_FORCE_INCONSISTENT target=(-52,21,471) joints=(0,0,0,0,0,0) speed=0.00 constraint=0.0N
[2026-09-20 21:29:36] REJECT: ERR_FORCE_INCONSISTENT target=(-52,21,471) joints=(0,0,0,0,0,0) speed=0.00 constraint=0.0N
[2026-09-20 21:29:41] REJECT: ERR_FORCE_INCONSISTENT target=(-52,21,471) joints=(0,0,0,0,0,0) speed=0.00 constraint=0.0N
[2026-09-20 21:29:46] REJECT: ERR_FORCE_INCONSISTENT target=(-52,21,471) joints=(0,0,0,0,0,0) speed=0.00 constraint=0.0N
[2026-09-20 21:29:51] REJECT: ERR_FORCE_INCONSISTENT target=(-52,21,471) joints=(0,0,0,0,0,0) speed=0.00 constraint=0.0N
[2026-09-20 21:29:56] REJECT: ERR_FORCE_INCONSISTENT target=(-52,21,471) joints=(0,0,0,0,0,0) speed=0.00 constraint=0.0N
[2026-09-20 21:30:01] REJECT: ERR_FORCE_INCONSISTENT target=(-52,21,471) joints=(0,0,0,0,0,0) speed=0.00 constraint=0.0N
[2026-09-20 21:30:06] REJECT: ERR_FORCE_INCONSISTENT target=(-52,21,471) joints=(0,0,0,0,0,0) speed=0.00 constraint=0.0N
[2026-09-20 21:30:11] REJECT: ERR_FORCE_INCONSISTENT target=(-52,21,471) joints=(0,0,0,0,0,0) speed=0.00 constraint=0.0N
[2026-09-20 21:30:16] REJECT: ERR_FORCE_INCONSISTENT target=(-52,21,471) joints=(0,0,0,0,0,0) speed=0.00 constraint=0.0N
[2026-09-20 21:30:21] REJECT: ERR_FORCE_INCONSISTENT target=(-52,21,471) joints=(0,0,0,0,0,0) speed=0.00 constraint=0.0N
[2026-09-20 21:30:26] REJECT: ERR_FORCE_INCONSISTENT target=(-52,21,471) joints=(0,0,0,0,0,0) speed=0.00 constraint=0.0N
[2026-09-20 21:30:31] REJECT: ERR_FORCE_INCONSISTENT target=(-52,21,471) joints=(0,0,0,0,0,0) speed=0.00 constraint=0.0N
[2026-09-20 21:30:36] REJECT: ERR_FORCE_INCONSISTENT target=(-52,21,471) joints=(0,0,0,0,0,0) speed=0.00 constraint=0.0N
[2026-09-20 21:30:41] REJECT: ERR_FORCE_INCONSISTENT target=(-52,21,471) joints=(0,0,0,0,0,0) speed=0.00 constraint=0.0N
[2026-09-20 21:30:46] REJECT: ERR_FORCE_INCONSISTENT target=(-52,21,471) joints=(0,0,0,0,0,0) speed=0.00 constraint=0.0N
[2026-09-20 21:30:51] REJECT: ERR_FORCE_INCONSISTENT target=(-52,21,471) joints=(0,0,0,0,0,0) speed=0.00 constraint=0.0N
[2026-09-20 21:30:57] REJECT: ERR_FORCE_INCONSISTENT target=(-52,21,471) joints=(0,0,0,0,0,0) speed=0.00 constraint=0.0N
[2026-09-20 21:31:02] REJECT: ERR_FORCE_INCONSISTENT target=(-52,21,471) joints=(0,0,0,0,0,0) speed=0.00 constraint=0.0N
[2026-09-20 21:31:07] REJECT: ERR_FORCE_INCONSISTENT target=(-52,21,471) joints=(0,0,0,0,0,0) speed=0.00 constraint=0.0N
[2026-09-20 21:31:12] REJECT: ERR_FORCE_INCONSISTENT target=(-52,21,471) joints=(0,0,0,0,0,0) speed=0.00 constraint=0.0N
[2026-09-20 21:31:17] REJECT: ERR_FORCE_INCONSISTENT target=(-52,21,471) joints=(0,0,0,0,0,0) speed=0.00 constraint=0.0N
[2026-09-20 21:31:22] REJECT: ERR_FORCE_INCONSISTENT target=(-52,21,471) joints=(0,0,0,0,0,0) speed=0.00 constraint=0.0N
[2026-09-20 21:31:27] REJECT: ERR_FORCE_INCONSISTENT target=(-182,29,487) joints=(0,0,0,0,0,0) speed=0.00 constraint=0.0N
[2026-09-20 21:31:32] REJECT: ERR_FORCE_INCONSISTENT target=(-182,29,487) joints=(0,0,0,0,0,0) speed=0.00 constraint=0.0N
[2026-09-20 21:31:37] REJECT: ERR_FORCE_INCONSISTENT target=(-182,29,487) joints=(0,0,0,0,0,0) speed=0.00 constraint=0.0N
[2026-09-20 21:31:42] REJECT: ERR_FORCE_INCONSISTENT target=(-182,29,487) joints=(0,0,0,0,0,0) speed=0.00 constraint=0.0N
[2026-09-20 21:31:47] REJECT: ERR_FORCE_INCONSISTENT target=(-182,29,487) joints=(0,0,0,0,0,0) speed=0.00 constraint=0.0N
[2026-09-20 21:31:52] REJECT: ERR_FORCE_INCONSISTENT target=(-182,29,487) joints=(0,0,0,0,0,0) speed=0.00 constraint=0.0N
[2026-09-20 21:31:57] REJECT: ERR_FORCE_INCONSISTENT target=(-182,29,487) joints=(0,0,0,0,0,0) speed=0.00 constraint=0.0N
[2026-09-20 21:32:02] REJECT: ERR_FORCE_INCONSISTENT target=(-182,29,487) joints=(0,0,0,0,0,0) speed=0.00 constraint=0.0N
[2026-09-20 21:32:07] REJECT: ERR_FORCE_INCONSISTENT target=(-226,125,549) joints=(0,0,0,0,0,0) speed=0.00 constraint=0.0N
[2026-09-20 21:32:12] REJECT: ERR_FORCE_INCONSISTENT target=(-249,188,557) joints=(0,0,0,0,0,0) speed=0.00 constraint=0.0N
[2026-09-20 21:32:18] REJECT: ERR_FORCE_INCONSISTENT target=(-249,188,557) joints=(0,0,0,0,0,0) speed=0.00 constraint=0.0N
[2026-09-20 21:32:23] REJECT: ERR_FORCE_INCONSISTENT target=(-249,188,557) joints=(0,0,0,0,0,0) speed=0.00 constraint=0.0N
[2026-09-20 21:32:28] REJECT: ERR_FORCE_INCONSISTENT target=(-249,188,557) joints=(0,0,0,0,0,0) speed=0.00 constraint=0.0N
[2026-09-20 21:32:33] REJECT: ERR_FORCE_INCONSISTENT target=(-249,188,557) joints=(0,0,0,0,0,0) speed=0.00 constraint=0.0N
[2026-09-20 21:32:38] REJECT: ERR_FORCE_INCONSISTENT target=(-249,188,557) joints=(0,0,0,0,0,0) speed=0.00 constraint=0.0N
[2026-09-20 21:32:43] REJECT: ERR_FORCE_INCONSISTENT target=(-249,188,557) joints=(0,0,0,0,0,0) speed=0.00 constraint=0.0N
[2026-09-20 21:32:48] REJECT: ERR_FORCE_INCONSISTENT target=(-205,-48,449) joints=(0,0,0,0,0,0) speed=0.00 constraint=0.0N
[2026-09-20 21:32:53] REJECT: ERR_FORCE_INCONSISTENT target=(-157,-86,363) joints=(0,0,0,0,0,0) speed=0.00 constraint=0.0N
[2026-09-20 21:32:58] REJECT: ERR_FORCE_INCONSISTENT target=(-157,-86,363) joints=(0,0,0,0,0,0) speed=0.00 constraint=0.0N
[2026-09-20 21:33:03] REJECT: ERR_FORCE_INCONSISTENT target=(-157,-86,363) joints=(0,0,0,0,0,0) speed=0.00 constraint=0.0N
[2026-09-20 21:33:08] REJECT: ERR_FORCE_INCONSISTENT target=(-157,-86,363) joints=(0,0,0,0,0,0) speed=0.00 constraint=0.0N
[2026-09-20 21:33:13] REJECT: ERR_FORCE_INCONSISTENT target=(-157,-86,363) joints=(0,0,0,0,0,0) speed=0.00 constraint=0.0N
[2026-09-20 21:33:18] REJECT: ERR_FORCE_INCONSISTENT target=(-157,-86,363) joints=(0,0,0,0,0,0) speed=0.00 constraint=0.0N
[2026-09-20 21:33:23] REJECT: ERR_FORCE_INCONSISTENT target=(-157,-86,363) joints=(0,0,0,0,0,0) speed=0.00 constraint=0.0N
[2026-09-20 21:33:28] REJECT: ERR_FORCE_INCONSISTENT target=(-157,-86,363) joints=(0,0,0,0,0,0) speed=0.00 constraint=0.0N
[2026-09-20 21:33:33] REJECT: ERR_FORCE_INCONSISTENT target=(-157,-86,363) joints=(0,0,0,0,0,0) speed=0.00 constraint=0.0N
[2026-09-20 21:33:38] REJECT: ERR_FORCE_INCONSISTENT target=(-157,-86,363) joints=(0,0,0,0,0,0) speed=0.00 constraint=0.0N
[2026-09-20 21:33:43] REJECT: ERR_FORCE_INCONSISTENT target=(-157,-86,363) joints=(0,0,0,0,0,0) speed=0.00 constraint=0.0N
[2026-09-20 21:33:48] REJECT: ERR_FORCE_INCONSISTENT target=(-157,-86,363) joints=(0,0,0,0,0,0) speed=0.00 constraint=0.0N
[2026-09-20 21:33:53] REJECT: ERR_FORCE_INCONSISTENT target=(-157,-86,363) joints=(0,0,0,0,0,0) speed=0.00 constraint=0.0N
[2026-09-20 21:33:58] REJECT: ERR_FORCE_INCONSISTENT target=(-157,-86,363) joints=(0,0,0,0,0,0) speed=0.00 constraint=0.0N
[2026-09-20 21:34:04] REJECT: ERR_FORCE_INCONSISTENT target=(-157,-86,363) joints=(0,0,0,0,0,0) speed=0.00 constraint=0.0N
[2026-09-20 21:34:09] REJECT: ERR_FORCE_INCONSISTENT target=(-157,-86,363) joints=(0,0,0,0,0,0) speed=0.00 constraint=0.0N
[2026-09-20 21:34:14] REJECT: ERR_FORCE_INCONSISTENT target=(-157,-86,363) joints=(0,0,0,0,0,0) speed=0.00 constraint=0.0N
[2026-09-20 21:34:19] REJECT: ERR_FORCE_INCONSISTENT target=(-157,-86,363) joints=(0,0,0,0,0,0) speed=0.00 constraint=0.0N
[2026-09-20 21:34:24] REJECT: ERR_FORCE_INCONSISTENT target=(-157,-86,363) joints=(0,0,0,0,0,0) speed=0.00 constraint=0.0N
[2026-09-20 21:34:29] REJECT: ERR_FORCE_INCONSISTENT target=(-157,-86,363) joints=(0,0,0,0,0,0) speed=0.00 constraint=0.0N
[2026-09-20 21:34:34] REJECT: ERR_FORCE_INCONSISTENT target=(-157,-86,363) joints=(0,0,0,0,0,0) speed=0.00 constraint=0.0N
[2026-09-20 21:34:39] REJECT: ERR_FORCE_INCONSISTENT target=(-157,-86,363) joints=(0,0,0,0,0,0) speed=0.00 constraint=0.0N
[2026-09-20 21:34:44] REJECT: ERR_FORCE_INCONSISTENT target=(-157,-86,363) joints=(0,0,0,0,0,0) speed=0.00 constraint=0.0N
[2026-09-20 21:34:49] REJECT: ERR_FORCE_INCONSISTENT target=(-157,-86,363) joints=(0,0,0,0,0,0) speed=0.00 constraint=0.0N
[2026-09-20 21:34:54] REJECT: ERR_FORCE_INCONSISTENT target=(-157,-86,363) joints=(0,0,0,0,0,0) speed=0.00 constraint=0.0N
[2026-09-20 21:34:59] REJECT: ERR_FORCE_INCONSISTENT target=(-157,-86,363) joints=(0,0,0,0,0,0) speed=0.00 constraint=0.0N
[2026-09-20 21:35:04] REJECT: ERR_FORCE_INCONSISTENT target=(-157,-86,363) joints=(0,0,0,0,0,0) speed=0.00 constraint=0.0N
[2026-09-20 21:35:10] REJECT: ERR_FORCE_INCONSISTENT target=(-157,-86,363) joints=(0,0,0,0,0,0) speed=0.00 constraint=0.0N
[2026-09-20 21:35:15] REJECT: ERR_FORCE_INCONSISTENT target=(-157,-86,363) joints=(0,0,0,0,0,0) speed=0.00 constraint=0.0N
[2026-09-20 21:35:20] REJECT: ERR_FORCE_INCONSISTENT target=(-157,-86,363) joints=(0,0,0,0,0,0) speed=0.00 constraint=0.0N
[2026-09-20 21:35:25] REJECT: ERR_FORCE_INCONSISTENT target=(-157,-86,363) joints=(0,0,0,0,0,0) speed=0.00 constraint=0.0N
[2026-09-20 21:35:30] REJECT: ERR_FORCE_INCONSISTENT target=(-157,-86,363) joints=(0,0,0,0,0,0) speed=0.00 constraint=0.0N
[2026-09-20 21:35:35] REJECT: ERR_FORCE_INCONSISTENT target=(-157,-86,363) joints=(0,0,0,0,0,0) speed=0.00 constraint=0.0N
[2026-09-20 21:35:40] REJECT: ERR_FORCE_INCONSISTENT target=(-157,-86,363) joints=(0,0,0,0,0,0) speed=0.00 constraint=0.0N
[2026-09-20 21:35:45] REJECT: ERR_FORCE_INCONSISTENT target=(-157,-86,363) joints=(0,0,0,0,0,0) speed=0.00 constraint=0.0N
[2026-09-20 21:35:50] REJECT: ERR_FORCE_INCONSISTENT target=(-157,-86,363) joints=(0,0,0,0,0,0) speed=0.00 constraint=0.0N
[2026-09-20 21:35:55] REJECT: ERR_FORCE_INCONSISTENT target=(-157,-86,363) joints=(0,0,0,0,0,0) speed=0.00 constraint=0.0N
[2026-09-20 21:36:00] REJECT: ERR_FORCE_INCONSISTENT target=(-157,-86,363) joints=(0,0,0,0,0,0) speed=0.00 constraint=0.0N
[2026-09-20 21:36:05] REJECT: ERR_FORCE_INCONSISTENT target=(-157,-86,363) joints=(0,0,0,0,0,0) speed=0.00 constraint=0.0N
[2026-09-20 21:36:10] REJECT: ERR_FORCE_INCONSISTENT target=(-157,-86,363) joints=(0,0,0,0,0,0) speed=0.00 constraint=0.0N
[2026-09-20 21:36:15] REJECT: ERR_FORCE_INCONSISTENT target=(-157,-86,363) joints=(0,0,0,0,0,0) speed=0.00 constraint=0.0N
[2026-09-20 21:36:20] REJECT: ERR_FORCE_INCONSISTENT target=(-157,-86,363) joints=(0,0,0,0,0,0) speed=0.00 constraint=0.0N
[2026-09-20 21:36:25] REJECT: ERR_FORCE_INCONSISTENT target=(-157,-86,363) joints=(0,0,0,0,0,0) speed=0.00 constraint=0.0N
[2026-09-20 21:36:30] REJECT: ERR_FORCE_INCONSISTENT target=(-157,-86,363) joints=(0,0,0,0,0,0) speed=0.00 constraint=0.0N
[2026-09-20 21:36:35] REJECT: ERR_FORCE_INCONSISTENT target=(-157,-86,363) joints=(0,0,0,0,0,0) speed=0.00 constraint=0.0N
[2026-09-20 21:36:40] REJECT: ERR_FORCE_INCONSISTENT target=(-157,-86,363) joints=(0,0,0,0,0,0) speed=0.00 constraint=0.0N
[2026-09-20 21:36:45] REJECT: ERR_FORCE_INCONSISTENT target=(-157,-86,363) joints=(0,0,0,0,0,0) speed=0.00 constraint=0.0N
[2026-09-20 21:36:50] REJECT: ERR_FORCE_INCONSISTENT target=(-157,-86,363) joints=(0,0,0,0,0,0) speed=0.00 constraint=0.0N
[2026-09-20 21:36:55] REJECT: ERR_FORCE_INCONSISTENT target=(-157,-86,363) joints=(0,0,0,0,0,0) speed=0.00 constraint=0.0N
[2026-09-20 21:37:00] REJECT: ERR_FORCE_INCONSISTENT target=(-157,-86,363) joints=(0,0,0,0,0,0) speed=0.00 constraint=0.0N
[2026-09-20 21:37:06] REJECT: ERR_FORCE_INCONSISTENT target=(-157,-86,363) joints=(0,0,0,0,0,0) speed=0.00 constraint=0.0N
[2026-09-20 21:37:11] REJECT: ERR_FORCE_INCONSISTENT target=(-157,-86,363) joints=(0,0,0,0,0,0) speed=0.00 constraint=0.0N
[2026-09-20 21:37:16] REJECT: ERR_FORCE_INCONSISTENT target=(-157,-86,363) joints=(0,0,0,0,0,0) speed=0.00 constraint=0.0N
[2026-09-20 21:37:21] REJECT: ERR_FORCE_INCONSISTENT target=(-157,-86,363) joints=(0,0,0,0,0,0) speed=0.00 constraint=0.0N
[2026-09-20 21:37:26] REJECT: ERR_FORCE_INCONSISTENT target=(-157,-86,363) joints=(0,0,0,0,0,0) speed=0.00 constraint=0.0N
[2026-09-20 21:37:31] REJECT: ERR_FORCE_INCONSISTENT target=(-157,-86,363) joints=(0,0,0,0,0,0) speed=0.00 constraint=0.0N
[2026-09-20 21:37:36] REJECT: ERR_FORCE_INCONSISTENT target=(-157,-86,363) joints=(0,0,0,0,0,0) speed=0.00 constraint=0.0N
[2026-09-20 21:37:41] REJECT: ERR_FORCE_INCONSISTENT target=(-157,-86,363) joints=(0,0,0,0,0,0) speed=0.00 constraint=0.0N
[2026-09-20 21:37:46] REJECT: ERR_FORCE_INCONSISTENT target=(-157,-86,363) joints=(0,0,0,0,0,0) speed=0.00 constraint=0.0N
[2026-09-20 21:37:51] REJECT: ERR_FORCE_INCONSISTENT target=(-157,-86,363) joints=(0,0,0,0,0,0) speed=0.00 constraint=0.0N
[2026-09-20 21:37:56] REJECT: ERR_FORCE_INCONSISTENT target=(-157,-86,363) joints=(0,0,0,0,0,0) speed=0.00 constraint=0.0N
[2026-09-20 21:38:01] REJECT: ERR_FORCE_INCONSISTENT target=(-157,-86,363) joints=(0,0,0,0,0,0) speed=0.00 constraint=0.0N
[2026-09-20 21:38:06] REJECT: ERR_FORCE_INCONSISTENT target=(-157,-86,363) joints=(0,0,0,0,0,0) speed=0.00 constraint=0.0N
[2026-09-20 21:38:11] REJECT: ERR_FORCE_INCONSISTENT target=(-157,-86,363) joints=(0,0,0,0,0,0) speed=0.00 constraint=0.0N
[2026-09-20 21:38:16] REJECT: ERR_FORCE_INCONSISTENT target=(-157,-86,363) joints=(0,0,0,0,0,0) speed=0.00 constraint=0.0N
[2026-09-20 21:38:21] REJECT: ERR_FORCE_INCONSISTENT target=(-157,-86,363) joints=(0,0,0,0,0,0) speed=0.00 constraint=0.0N
[2026-09-20 21:38:26] REJECT: ERR_FORCE_INCONSISTENT target=(-157,-86,363) joints=(0,0,0,0,0,0) speed=0.00 constraint=0.0N
[2026-09-20 21:38:31] REJECT: ERR_FORCE_INCONSISTENT target=(-157,-86,363) joints=(0,0,0,0,0,0) speed=0.00 constraint=0.0N
[2026-09-20 21:38:36] REJECT: ERR_FORCE_INCONSISTENT target=(-157,-86,363) joints=(0,0,0,0,0,0) speed=0.00 constraint=0.0N
[2026-09-20 21:38:41] REJECT: ERR_FORCE_INCONSISTENT target=(-157,-86,363) joints=(0,0,0,0,0,0) speed=0.00 constraint=0.0N
[2026-09-20 21:38:46] REJECT: ERR_FORCE_INCONSISTENT target=(-157,-86,363) joints=(0,0,0,0,0,0) speed=0.00 constraint=0.0N
[2026-09-20 21:38:52] REJECT: ERR_FORCE_INCONSISTENT target=(-157,-86,363) joints=(0,0,0,0,0,0) speed=0.00 constraint=0.0N
[2026-09-20 21:38:57] REJECT: ERR_FORCE_INCONSISTENT target=(-157,-86,363) joints=(0,0,0,0,0,0) speed=0.00 constraint=0.0N
[2026-09-20 21:39:02] REJECT: ERR_FORCE_INCONSISTENT target=(-157,-86,363) joints=(0,0,0,0,0,0) speed=0.00 constraint=0.0N
[2026-09-20 21:39:07] REJECT: ERR_FORCE_INCONSISTENT target=(-157,-86,363) joints=(0,0,0,0,0,0) speed=0.00 constraint=0.0N
[2026-09-20 21:39:12] REJECT: ERR_FORCE_INCONSISTENT target=(-157,-86,363) joints=(0,0,0,0,0,0) speed=0.00 constraint=0.0N
[2026-09-20 21:39:17] REJECT: ERR_FORCE_INCONSISTENT target=(-157,-86,363) joints=(0,0,0,0,0,0) speed=0.00 constraint=0.0N
[2026-09-20 21:39:22] REJECT: ERR_FORCE_INCONSISTENT target=(-157,-86,363) joints=(0,0,0,0,0,0) speed=0.00 constraint=0.0N
[2026-09-20 21:39:27] REJECT: ERR_FORCE_INCONSISTENT target=(-157,-86,363) joints=(0,0,0,0,0,0) speed=0.00 constraint=0.0N
[2026-09-20 21:39:32] REJECT: ERR_FORCE_INCONSISTENT target=(-157,-86,363) joints=(0,0,0,0,0,0) speed=0.00 constraint=0.0N
[2026-09-20 21:39:37] REJECT: ERR_FORCE_INCONSISTENT target=(-157,-86,363) joints=(0,0,0,0,0,0) speed=0.00 constraint=0.0N
[2026-09-20 21:39:42] REJECT: ERR_FORCE_INCONSISTENT target=(-157,-86,363) joints=(0,0,0,0,0,0) speed=0.00 constraint=0.0N
[2026-09-20 21:39:47] REJECT: ERR_FORCE_INCONSISTENT target=(-157,-86,363) joints=(0,0,0,0,0,0) speed=0.00 constraint=0.0N
[2026-09-20 21:39:52] REJECT: ERR_FORCE_INCONSISTENT target=(-157,-86,363) joints=(0,0,0,0,0,0) speed=0.00 constraint=0.0N
[2026-09-20 21:39:57] REJECT: ERR_FORCE_INCONSISTENT target=(-157,-86,363) joints=(0,0,0,0,0,0) speed=0.00 constraint=0.0N
[2026-09-20 21:40:02] REJECT: ERR_FORCE_INCONSISTENT target=(-157,-86,363) joints=(0,0,0,0,0,0) speed=0.00 constraint=0.0N
[2026-09-20 21:40:07] REJECT: ERR_FORCE_INCONSISTENT target=(-157,-86,363) joints=(0,0,0,0,0,0) speed=0.00 constraint=0.0N
[2026-09-20 21:40:13] REJECT: ERR_FORCE_INCONSISTENT target=(-157,-86,363) joints=(0,0,0,0,0,0) speed=0.00 constraint=0.0N
[2026-09-20 21:40:18] REJECT: ERR_FORCE_INCONSISTENT target=(-157,-86,363) joints=(0,0,0,0,0,0) speed=0.00 constraint=0.0N
[2026-09-20 21:40:23] REJECT: ERR_FORCE_INCONSISTENT target=(-157,-86,363) joints=(0,0,0,0,0,0) speed=0.00 constraint=0.0N
[2026-09-20 21:40:28] REJECT: ERR_FORCE_INCONSISTENT target=(-157,-86,363) joints=(0,0,0,0,0,0) speed=0.00 constraint=0.0N
[2026-09-20 21:40:33] REJECT: ERR_FORCE_INCONSISTENT target=(-157,-86,363) joints=(0,0,0,0,0,0) speed=0.00 constraint=0.0N
[2026-09-20 21:40:38] REJECT: ERR_FORCE_INCONSISTENT target=(-157,-86,363) joints=(0,0,0,0,0,0) speed=0.00 constraint=0.0N
[2026-09-20 21:40:43] REJECT: ERR_FORCE_INCONSISTENT target=(-157,-86,363) joints=(0,0,0,0,0,0) speed=0.00 constraint=0.0N

[2026-09-20 21:43:06] === SESSION START ===
[2026-09-20 21:43:06] REJECT: ERR_FORCE_INCONSISTENT target=(-157,-86,363) joints=(0,0,0,0,0,0) speed=0.00 constraint=0.0N
[2026-09-20 21:43:11] REJECT: ERR_FORCE_INCONSISTENT target=(-157,-86,363) joints=(0,0,0,0,0,0) speed=0.00 constraint=0.0N
[2026-09-20 21:43:16] REJECT: ERR_FORCE_INCONSISTENT target=(-157,-86,363) joints=(0,0,0,0,0,0) speed=0.00 constraint=0.0N
[2026-09-20 21:43:21] REJECT: ERR_FORCE_INCONSISTENT target=(-157,-86,363) joints=(0,0,0,0,0,0) speed=0.00 constraint=0.0N
[2026-09-20 21:43:26] REJECT: ERR_FORCE_INCONSISTENT target=(-157,-86,363) joints=(0,0,0,0,0,0) speed=0.00 constraint=0.0N
[2026-09-20 21:43:31] REJECT: ERR_FORCE_INCONSISTENT target=(-157,-86,363) joints=(0,0,0,0,0,0) speed=0.00 constraint=0.0N
[2026-09-20 21:43:36] REJECT: ERR_FORCE_INCONSISTENT target=(-157,-86,363) joints=(0,0,0,0,0,0) speed=0.00 constraint=0.0N
[2026-09-20 21:43:41] REJECT: ERR_FORCE_INCONSISTENT target=(-157,-86,363) joints=(0,0,0,0,0,0) speed=0.00 constraint=0.0N
[2026-09-20 21:43:46] REJECT: ERR_FORCE_INCONSISTENT target=(-157,-86,363) joints=(0,0,0,0,0,0) speed=0.00 constraint=0.0N
[2026-09-20 21:43:51] REJECT: ERR_FORCE_INCONSISTENT target=(-157,-86,363) joints=(0,0,0,0,0,0) speed=0.00 constraint=0.0N
[2026-09-20 21:43:56] REJECT: ERR_FORCE_INCONSISTENT target=(-157,-86,363) joints=(0,0,0,0,0,0) speed=0.00 constraint=0.0N
[2026-09-20 21:44:02] REJECT: ERR_FORCE_INCONSISTENT target=(-157,-86,363) joints=(0,0,0,0,0,0) speed=0.00 constraint=0.0N
[2026-09-20 21:44:07] REJECT: ERR_FORCE_INCONSISTENT target=(-157,-86,363) joints=(0,0,0,0,0,0) speed=0.00 constraint=0.0N
[2026-09-20 21:44:12] REJECT: ERR_FORCE_INCONSISTENT target=(-157,-86,363) joints=(0,0,0,0,0,0) speed=0.00 constraint=0.0N
[2026-09-20 21:44:17] REJECT: ERR_FORCE_INCONSISTENT target=(-218,84,509) joints=(0,0,0,0,0,0) speed=0.00 constraint=0.0N
[2026-09-20 21:44:22] REJECT: ERR_FORCE_INCONSISTENT target=(-218,84,509) joints=(0,0,0,0,0,0) speed=0.00 constraint=0.0N
[2026-09-20 21:44:27] REJECT: ERR_FORCE_INCONSISTENT target=(-218,84,509) joints=(0,0,0,0,0,0) speed=0.00 constraint=0.0N
[2026-09-20 21:44:32] REJECT: ERR_FORCE_INCONSISTENT target=(-218,84,509) joints=(0,0,0,0,0,0) speed=0.00 constraint=0.0N
[2026-09-20 21:44:37] REJECT: ERR_FORCE_INCONSISTENT target=(-218,84,509) joints=(0,0,0,0,0,0) speed=0.00 constraint=0.0N
[2026-09-20 21:44:42] REJECT: ERR_FORCE_INCONSISTENT target=(-218,84,509) joints=(0,0,0,0,0,0) speed=0.00 constraint=0.0N
[2026-09-20 21:44:47] REJECT: ERR_FORCE_INCONSISTENT target=(-243,158,526) joints=(0,0,0,0,0,0) speed=0.00 constraint=0.0N
[2026-09-20 21:44:52] REJECT: ERR_FORCE_INCONSISTENT target=(-244,162,504) joints=(0,0,0,0,0,0) speed=0.00 constraint=0.0N
[2026-09-20 21:44:57] REJECT: ERR_FORCE_INCONSISTENT target=(-244,162,504) joints=(0,0,0,0,0,0) speed=0.00 constraint=0.0N
[2026-09-20 21:45:02] REJECT: ERR_FORCE_INCONSISTENT target=(-244,162,504) joints=(0,0,0,0,0,0) speed=0.00 constraint=0.0N
[2026-09-20 21:45:07] REJECT: ERR_FORCE_INCONSISTENT target=(-244,162,504) joints=(0,0,0,0,0,0) speed=0.00 constraint=0.0N
[2026-09-20 21:45:12] REJECT: ERR_FORCE_INCONSISTENT target=(-244,162,504) joints=(0,0,0,0,0,0) speed=0.00 constraint=0.0N
[2026-09-20 21:45:17] REJECT: ERR_FORCE_INCONSISTENT target=(-179,-24,362) joints=(0,0,0,0,0,0) speed=0.00 constraint=0.0N
[2026-09-20 21:45:23] REJECT: ERR_FORCE_INCONSISTENT target=(-24,-109,345) joints=(0,0,0,0,0,0) speed=0.00 constraint=0.0N
[2026-09-20 21:45:28] REJECT: ERR_FORCE_INCONSISTENT target=(-24,-109,345) joints=(0,0,0,0,0,0) speed=0.00 constraint=0.0N
[2026-09-20 21:45:33] REJECT: ERR_FORCE_INCONSISTENT target=(-24,-109,345) joints=(0,0,0,0,0,0) speed=0.00 constraint=0.0N
[2026-09-20 21:45:38] REJECT: ERR_FORCE_INCONSISTENT target=(-24,-109,345) joints=(0,0,0,0,0,0) speed=0.00 constraint=0.0N
[2026-09-20 21:45:43] REJECT: ERR_FORCE_INCONSISTENT target=(-24,-109,345) joints=(0,0,0,0,0,0) speed=0.00 constraint=0.0N

[2026-09-20 21:46:54] === SESSION START ===
[2026-09-20 21:46:54] REJECT: ERR_FORCE_INCONSISTENT target=(-24,-109,345) joints=(0,0,0,0,0,0) speed=0.00 constraint=0.0N
[2026-09-20 21:46:59] REJECT: ERR_FORCE_INCONSISTENT target=(-24,-109,345) joints=(0,0,0,0,0,0) speed=0.00 constraint=0.0N
[2026-09-20 21:47:04] REJECT: ERR_FORCE_INCONSISTENT target=(-24,-109,345) joints=(0,0,0,0,0,0) speed=0.00 constraint=0.0N
[2026-09-20 21:47:09] REJECT: ERR_FORCE_INCONSISTENT target=(-24,-109,345) joints=(0,0,0,0,0,0) speed=0.00 constraint=0.0N
[2026-09-20 21:47:14] REJECT: ERR_FORCE_INCONSISTENT target=(-24,-109,345) joints=(0,0,0,0,0,0) speed=0.00 constraint=0.0N
[2026-09-20 21:47:19] REJECT: ERR_FORCE_INCONSISTENT target=(-193,-58,515) joints=(0,0,0,0,0,0) speed=0.00 constraint=0.0N
[2026-09-20 21:47:24] REJECT: ERR_FORCE_INCONSISTENT target=(-193,-58,515) joints=(0,0,0,0,0,0) speed=0.00 constraint=0.0N
[2026-09-20 21:47:29] REJECT: ERR_FORCE_INCONSISTENT target=(-212,-53,362) joints=(0,0,0,0,0,0) speed=0.00 constraint=0.0N
[2026-09-20 21:47:34] REJECT: ERR_FORCE_INCONSISTENT target=(-212,-53,362) joints=(0,0,0,0,0,0) speed=0.00 constraint=0.0N
[2026-09-20 21:47:39] REJECT: ERR_FORCE_INCONSISTENT target=(-212,-53,362) joints=(0,0,0,0,0,0) speed=0.00 constraint=0.0N
[2026-09-20 21:47:44] REJECT: ERR_FORCE_INCONSISTENT target=(-212,-53,362) joints=(0,0,0,0,0,0) speed=0.00 constraint=0.0N
[2026-09-20 21:47:49] REJECT: ERR_FORCE_INCONSISTENT target=(-212,-53,362) joints=(0,0,0,0,0,0) speed=0.00 constraint=0.0N
[2026-09-20 21:47:54] REJECT: ERR_FORCE_INCONSISTENT target=(-212,-53,362) joints=(0,0,0,0,0,0) speed=0.00 constraint=0.0N
[2026-09-20 21:47:59] REJECT: ERR_FORCE_INCONSISTENT target=(-212,-53,362) joints=(0,0,0,0,0,0) speed=0.00 constraint=0.0N
[2026-09-20 21:48:04] REJECT: ERR_FORCE_INCONSISTENT target=(-212,-53,362) joints=(0,0,0,0,0,0) speed=0.00 constraint=0.0N
[2026-09-20 21:48:09] REJECT: ERR_FORCE_INCONSISTENT target=(-212,-53,362) joints=(0,0,0,0,0,0) speed=0.00 constraint=0.0N
[2026-09-20 21:48:15] REJECT: ERR_FORCE_INCONSISTENT target=(-212,-53,362) joints=(0,0,0,0,0,0) speed=0.00 constraint=0.0N
[2026-09-20 21:48:20] REJECT: ERR_FORCE_INCONSISTENT target=(-212,-53,362) joints=(0,0,0,0,0,0) speed=0.00 constraint=0.0N
[2026-09-20 21:48:25] REJECT: ERR_FORCE_INCONSISTENT target=(-212,-53,362) joints=(0,0,0,0,0,0) speed=0.00 constraint=0.0N
[2026-09-20 21:48:30] REJECT: ERR_FORCE_INCONSISTENT target=(-212,-53,362) joints=(0,0,0,0,0,0) speed=0.00 constraint=0.0N
[2026-09-20 21:48:35] REJECT: ERR_FORCE_INCONSISTENT target=(-212,-53,362) joints=(0,0,0,0,0,0) speed=0.00 constraint=0.0N
[2026-09-20 21:48:40] REJECT: ERR_FORCE_INCONSISTENT target=(-212,-53,362) joints=(0,0,0,0,0,0) speed=0.00 constraint=0.0N
[2026-09-20 21:48:45] REJECT: ERR_FORCE_INCONSISTENT target=(-212,-53,362) joints=(0,0,0,0,0,0) speed=0.00 constraint=0.0N
[2026-09-20 21:48:50] REJECT: ERR_FORCE_INCONSISTENT target=(-212,-53,362) joints=(0,0,0,0,0,0) speed=0.00 constraint=0.0N
[2026-09-20 21:48:55] REJECT: ERR_FORCE_INCONSISTENT target=(-212,-53,362) joints=(0,0,0,0,0,0) speed=0.00 constraint=0.0N
[2026-09-20 21:49:00] REJECT: ERR_FORCE_INCONSISTENT target=(-212,-53,362) joints=(0,0,0,0,0,0) speed=0.00 constraint=0.0N
[2026-09-20 21:49:05] REJECT: ERR_FORCE_INCONSISTENT target=(-212,-53,362) joints=(0,0,0,0,0,0) speed=0.00 constraint=0.0N
[2026-09-20 21:49:10] REJECT: ERR_FORCE_INCONSISTENT target=(-212,-53,362) joints=(0,0,0,0,0,0) speed=0.00 constraint=0.0N
[2026-09-20 21:49:15] REJECT: ERR_FORCE_INCONSISTENT target=(-212,-53,362) joints=(0,0,0,0,0,0) speed=0.00 constraint=0.0N
[2026-09-20 21:49:20] REJECT: ERR_FORCE_INCONSISTENT target=(-212,-53,362) joints=(0,0,0,0,0,0) speed=0.00 constraint=0.0N
[2026-09-20 21:49:25] REJECT: ERR_FORCE_INCONSISTENT target=(-212,-53,362) joints=(0,0,0,0,0,0) speed=0.00 constraint=0.0N
[2026-09-20 21:49:30] REJECT: ERR_FORCE_INCONSISTENT target=(-212,-53,362) joints=(0,0,0,0,0,0) speed=0.00 constraint=0.0N
[2026-09-20 21:49:35] REJECT: ERR_FORCE_INCONSISTENT target=(-212,-53,362) joints=(0,0,0,0,0,0) speed=0.00 constraint=0.0N
[2026-09-20 21:49:41] REJECT: ERR_FORCE_INCONSISTENT target=(-212,-53,362) joints=(0,0,0,0,0,0) speed=0.00 constraint=0.0N
[2026-09-20 21:49:46] REJECT: ERR_FORCE_INCONSISTENT target=(-212,-53,362) joints=(0,0,0,0,0,0) speed=0.00 constraint=0.0N
[2026-09-20 21:49:51] REJECT: ERR_FORCE_INCONSISTENT target=(-212,-53,362) joints=(0,0,0,0,0,0) speed=0.00 constraint=0.0N
[2026-09-20 21:49:56] REJECT: ERR_FORCE_INCONSISTENT target=(-212,-53,362) joints=(0,0,0,0,0,0) speed=0.00 constraint=0.0N
[2026-09-20 21:50:01] REJECT: ERR_FORCE_INCONSISTENT target=(-212,-53,362) joints=(0,0,0,0,0,0) speed=0.00 constraint=0.0N
[2026-09-20 21:50:06] REJECT: ERR_FORCE_INCONSISTENT target=(-212,-53,362) joints=(0,0,0,0,0,0) speed=0.00 constraint=0.0N
[2026-09-20 21:50:11] REJECT: ERR_FORCE_INCONSISTENT target=(-212,-53,362) joints=(0,0,0,0,0,0) speed=0.00 constraint=0.0N
[2026-09-20 21:50:16] REJECT: ERR_FORCE_INCONSISTENT target=(-212,-53,362) joints=(0,0,0,0,0,0) speed=0.00 constraint=0.0N
[2026-09-20 21:50:21] REJECT: ERR_FORCE_INCONSISTENT target=(-179,-103,487) joints=(0,0,0,0,0,0) speed=0.00 constraint=0.0N
[2026-09-20 21:50:26] REJECT: ERR_FORCE_INCONSISTENT target=(-202,-29,466) joints=(0,0,0,0,0,0) speed=0.00 constraint=0.0N
[2026-09-20 21:50:31] REJECT: ERR_FORCE_INCONSISTENT target=(-202,-29,466) joints=(0,0,0,0,0,0) speed=0.00 constraint=0.0N
[2026-09-20 21:50:36] REJECT: ERR_FORCE_INCONSISTENT target=(-202,-29,466) joints=(0,0,0,0,0,0) speed=0.00 constraint=0.0N
[2026-09-20 21:50:41] REJECT: ERR_FORCE_INCONSISTENT target=(-202,-29,466) joints=(0,0,0,0,0,0) speed=0.00 constraint=0.0N
[2026-09-20 21:50:46] REJECT: ERR_FORCE_INCONSISTENT target=(-216,85,572) joints=(0,0,0,0,0,0) speed=0.00 constraint=0.0N
[2026-09-20 21:50:51] REJECT: ERR_FORCE_INCONSISTENT target=(-216,85,572) joints=(0,0,0,0,0,0) speed=0.00 constraint=0.0N
[2026-09-20 21:50:56] REJECT: ERR_FORCE_INCONSISTENT target=(-216,85,572) joints=(0,0,0,0,0,0) speed=0.00 constraint=0.0N
[2026-09-20 21:51:02] REJECT: ERR_FORCE_INCONSISTENT target=(-235,178,587) joints=(0,0,0,0,0,0) speed=0.00 constraint=0.0N
[2026-09-20 21:51:07] REJECT: ERR_FORCE_INCONSISTENT target=(-243,253,534) joints=(0,0,0,0,0,0) speed=0.00 constraint=0.0N
[2026-09-20 21:51:12] REJECT: ERR_FORCE_INCONSISTENT target=(-243,253,534) joints=(0,0,0,0,0,0) speed=0.00 constraint=0.0N
[2026-09-20 21:51:17] REJECT: ERR_FORCE_INCONSISTENT target=(-243,253,534) joints=(0,0,0,0,0,0) speed=0.00 constraint=0.0N
[2026-09-20 21:51:22] REJECT: ERR_FORCE_INCONSISTENT target=(-243,253,534) joints=(0,0,0,0,0,0) speed=0.00 constraint=0.0N
[2026-09-20 21:51:27] REJECT: ERR_FORCE_INCONSISTENT target=(-100,255,550) joints=(0,0,0,0,0,0) speed=0.00 constraint=0.0N
[2026-09-20 21:51:32] REJECT: ERR_FORCE_INCONSISTENT target=(-83,257,531) joints=(0,0,0,0,0,0) speed=0.00 constraint=0.0N
[2026-09-20 21:51:37] REJECT: ERR_FORCE_INCONSISTENT target=(-83,257,531) joints=(0,0,0,0,0,0) speed=0.00 constraint=0.0N
[2026-09-20 21:51:42] REJECT: ERR_FORCE_INCONSISTENT target=(-83,257,531) joints=(0,0,0,0,0,0) speed=0.00 constraint=0.0N
[2026-09-20 21:51:47] REJECT: ERR_FORCE_INCONSISTENT target=(-83,257,531) joints=(0,0,0,0,0,0) speed=0.00 constraint=0.0N
[2026-09-20 21:51:52] REJECT: ERR_FORCE_INCONSISTENT target=(-83,257,531) joints=(0,0,0,0,0,0) speed=0.00 constraint=0.0N
[2026-09-20 21:51:57] REJECT: ERR_FORCE_INCONSISTENT target=(-83,257,531) joints=(0,0,0,0,0,0) speed=0.00 constraint=0.0N
[2026-09-20 21:52:02] REJECT: ERR_FORCE_INCONSISTENT target=(-83,257,531) joints=(0,0,0,0,0,0) speed=0.00 constraint=0.0N
[2026-09-20 21:52:07] REJECT: ERR_FORCE_INCONSISTENT target=(-83,257,531) joints=(0,0,0,0,0,0) speed=0.00 constraint=0.0N
[2026-09-20 21:52:12] REJECT: ERR_FORCE_INCONSISTENT target=(-83,257,531) joints=(0,0,0,0,0,0) speed=0.00 constraint=0.0N
[2026-09-20 21:52:17] REJECT: ERR_FORCE_INCONSISTENT target=(-83,257,531) joints=(0,0,0,0,0,0) speed=0.00 constraint=0.0N
[2026-09-20 21:52:22] REJECT: ERR_FORCE_INCONSISTENT target=(-83,257,531) joints=(0,0,0,0,0,0) speed=0.00 constraint=0.0N
[2026-09-20 21:52:27] REJECT: ERR_FORCE_INCONSISTENT target=(-83,257,531) joints=(0,0,0,0,0,0) speed=0.00 constraint=0.0N
[2026-09-20 21:52:33] REJECT: ERR_FORCE_INCONSISTENT target=(-83,257,531) joints=(0,0,0,0,0,0) speed=0.00 constraint=0.0N
[2026-09-20 21:52:38] REJECT: ERR_FORCE_INCONSISTENT target=(-83,257,531) joints=(0,0,0,0,0,0) speed=0.00 constraint=0.0N
[2026-09-20 21:52:43] REJECT: ERR_FORCE_INCONSISTENT target=(-83,257,531) joints=(0,0,0,0,0,0) speed=0.00 constraint=0.0N
[2026-09-20 21:52:48] REJECT: ERR_FORCE_INCONSISTENT target=(-83,257,531) joints=(0,0,0,0,0,0) speed=0.00 constraint=0.0N
[2026-09-20 21:52:53] REJECT: ERR_FORCE_INCONSISTENT target=(-83,257,531) joints=(0,0,0,0,0,0) speed=0.00 constraint=0.0N
[2026-09-20 21:52:58] REJECT: ERR_FORCE_INCONSISTENT target=(-83,257,531) joints=(0,0,0,0,0,0) speed=0.00 constraint=0.0N
[2026-09-20 21:53:03] REJECT: ERR_FORCE_INCONSISTENT target=(-83,257,531) joints=(0,0,0,0,0,0) speed=0.00 constraint=0.0N
[2026-09-20 21:53:08] REJECT: ERR_FORCE_INCONSISTENT target=(-83,257,531) joints=(0,0,0,0,0,0) speed=0.00 constraint=0.0N
[2026-09-20 21:53:13] REJECT: ERR_FORCE_INCONSISTENT target=(-83,257,531) joints=(0,0,0,0,0,0) speed=0.00 constraint=0.0N
[2026-09-20 21:53:18] REJECT: ERR_FORCE_INCONSISTENT target=(-83,257,531) joints=(0,0,0,0,0,0) speed=0.00 constraint=0.0N
[2026-09-20 21:53:23] REJECT: ERR_FORCE_INCONSISTENT target=(-83,257,531) joints=(0,0,0,0,0,0) speed=0.00 constraint=0.0N
[2026-09-20 21:53:28] REJECT: ERR_FORCE_INCONSISTENT target=(-83,257,531) joints=(0,0,0,0,0,0) speed=0.00 constraint=0.0N
[2026-09-20 21:53:33] REJECT: ERR_FORCE_INCONSISTENT target=(-83,257,531) joints=(0,0,0,0,0,0) speed=0.00 constraint=0.0N
[2026-09-20 21:53:38] REJECT: ERR_FORCE_INCONSISTENT target=(-83,257,531) joints=(0,0,0,0,0,0) speed=0.00 constraint=0.0N
[2026-09-20 21:53:43] REJECT: ERR_FORCE_INCONSISTENT target=(-83,257,531) joints=(0,0,0,0,0,0) speed=0.00 constraint=0.0N
[2026-09-20 21:53:48] REJECT: ERR_FORCE_INCONSISTENT target=(-83,257,531) joints=(0,0,0,0,0,0) speed=0.00 constraint=0.0N
[2026-09-20 21:53:53] REJECT: ERR_FORCE_INCONSISTENT target=(-83,257,531) joints=(0,0,0,0,0,0) speed=0.00 constraint=0.0N
[2026-09-20 21:53:58] REJECT: ERR_FORCE_INCONSISTENT target=(-83,257,531) joints=(0,0,0,0,0,0) speed=0.00 constraint=0.0N
[2026-09-20 21:54:03] REJECT: ERR_FORCE_INCONSISTENT target=(-83,257,531) joints=(0,0,0,0,0,0) speed=0.00 constraint=0.0N
[2026-09-20 21:54:08] REJECT: ERR_FORCE_INCONSISTENT target=(-83,257,531) joints=(0,0,0,0,0,0) speed=0.00 constraint=0.0N
[2026-09-20 21:54:13] REJECT: ERR_FORCE_INCONSISTENT target=(-83,257,531) joints=(0,0,0,0,0,0) speed=0.00 constraint=0.0N
[2026-09-20 21:54:18] REJECT: ERR_FORCE_INCONSISTENT target=(-83,257,531) joints=(0,0,0,0,0,0) speed=0.00 constraint=0.0N
[2026-09-20 21:54:24] REJECT: ERR_FORCE_INCONSISTENT target=(-83,257,531) joints=(0,0,0,0,0,0) speed=0.00 constraint=0.0N
[2026-09-20 21:54:29] REJECT: ERR_FORCE_INCONSISTENT target=(-83,257,531) joints=(0,0,0,0,0,0) speed=0.00 constraint=0.0N
[2026-09-20 21:54:34] REJECT: ERR_FORCE_INCONSISTENT target=(-83,257,531) joints=(0,0,0,0,0,0) speed=0.00 constraint=0.0N
[2026-09-20 21:54:39] REJECT: ERR_FORCE_INCONSISTENT target=(-83,257,531) joints=(0,0,0,0,0,0) speed=0.00 constraint=0.0N
[2026-09-20 21:54:44] REJECT: ERR_FORCE_INCONSISTENT target=(-83,257,531) joints=(0,0,0,0,0,0) speed=0.00 constraint=0.0N
[2026-09-20 21:54:49] REJECT: ERR_FORCE_INCONSISTENT target=(-83,257,531) joints=(0,0,0,0,0,0) speed=0.00 constraint=0.0N
[2026-09-20 21:54:54] REJECT: ERR_FORCE_INCONSISTENT target=(-83,257,531) joints=(0,0,0,0,0,0) speed=0.00 constraint=0.0N
[2026-09-20 21:54:59] REJECT: ERR_FORCE_INCONSISTENT target=(-83,257,531) joints=(0,0,0,0,0,0) speed=0.00 constraint=0.0N
[2026-09-20 21:55:04] REJECT: ERR_FORCE_INCONSISTENT target=(-83,257,531) joints=(0,0,0,0,0,0) speed=0.00 constraint=0.0N
[2026-09-20 21:55:09] REJECT: ERR_FORCE_INCONSISTENT target=(-83,257,531) joints=(0,0,0,0,0,0) speed=0.00 constraint=0.0N
[2026-09-20 21:55:14] REJECT: ERR_FORCE_INCONSISTENT target=(-83,257,531) joints=(0,0,0,0,0,0) speed=0.00 constraint=0.0N
[2026-09-20 21:55:19] REJECT: ERR_FORCE_INCONSISTENT target=(-83,257,531) joints=(0,0,0,0,0,0) speed=0.00 constraint=0.0N
[2026-09-20 21:55:24] REJECT: ERR_FORCE_INCONSISTENT target=(-83,257,531) joints=(0,0,0,0,0,0) speed=0.00 constraint=0.0N
[2026-09-20 21:55:29] REJECT: ERR_FORCE_INCONSISTENT target=(-83,257,531) joints=(0,0,0,0,0,0) speed=0.00 constraint=0.0N
[2026-09-20 21:55:34] REJECT: ERR_FORCE_INCONSISTENT target=(-83,257,531) joints=(0,0,0,0,0,0) speed=0.00 constraint=0.0N
[2026-09-20 21:55:39] REJECT: ERR_FORCE_INCONSISTENT target=(-83,257,531) joints=(0,0,0,0,0,0) speed=0.00 constraint=0.0N
[2026-09-20 21:55:44] REJECT: ERR_FORCE_INCONSISTENT target=(-83,257,531) joints=(0,0,0,0,0,0) speed=0.00 constraint=0.0N
[2026-09-20 21:55:49] REJECT: ERR_FORCE_INCONSISTENT target=(-83,257,531) joints=(0,0,0,0,0,0) speed=0.00 constraint=0.0N
[2026-09-20 21:55:55] REJECT: ERR_FORCE_INCONSISTENT target=(-83,257,531) joints=(0,0,0,0,0,0) speed=0.00 constraint=0.0N
[2026-09-20 21:56:00] REJECT: ERR_FORCE_INCONSISTENT target=(-83,257,531) joints=(0,0,0,0,0,0) speed=0.00 constraint=0.0N
[2026-09-20 21:56:05] REJECT: ERR_FORCE_INCONSISTENT target=(-83,257,531) joints=(0,0,0,0,0,0) speed=0.00 constraint=0.0N
[2026-09-20 21:56:10] REJECT: ERR_FORCE_INCONSISTENT target=(-83,257,531) joints=(0,0,0,0,0,0) speed=0.00 constraint=0.0N
[2026-09-20 21:56:15] REJECT: ERR_FORCE_INCONSISTENT target=(-83,257,531) joints=(0,0,0,0,0,0) speed=0.00 constraint=0.0N
[2026-09-20 21:56:20] REJECT: ERR_FORCE_INCONSISTENT target=(-83,257,531) joints=(0,0,0,0,0,0) speed=0.00 constraint=0.0N

[2026-09-20 21:57:07] === SESSION START ===
[2026-09-20 21:57:07] REJECT: ERR_FORCE_INCONSISTENT target=(-83,257,531) joints=(0,0,0,0,0,0) speed=0.00 constraint=0.0N
[2026-09-20 21:57:12] REJECT: ERR_FORCE_INCONSISTENT target=(-83,257,531) joints=(0,0,0,0,0,0) speed=0.00 constraint=0.0N
[2026-09-20 21:57:17] REJECT: ERR_FORCE_INCONSISTENT target=(-83,257,531) joints=(0,0,0,0,0,0) speed=0.00 constraint=0.0N
[2026-09-20 21:57:22] REJECT: ERR_FORCE_INCONSISTENT target=(-83,257,531) joints=(0,0,0,0,0,0) speed=0.00 constraint=0.0N
[2026-09-20 21:57:27] REJECT: ERR_FORCE_INCONSISTENT target=(-83,257,531) joints=(0,0,0,0,0,0) speed=0.00 constraint=0.0N
[2026-09-20 21:57:32] REJECT: ERR_FORCE_INCONSISTENT target=(-46,16,546) joints=(0,0,0,0,0,0) speed=0.00 constraint=0.0N
[2026-09-20 21:57:38] REJECT: ERR_FORCE_INCONSISTENT target=(-32,-69,450) joints=(0,0,0,0,0,0) speed=0.00 constraint=0.0N
[2026-09-20 21:57:43] REJECT: ERR_FORCE_INCONSISTENT target=(-32,-69,450) joints=(0,0,0,0,0,0) speed=0.00 constraint=0.0N
[2026-09-20 21:57:48] REJECT: ERR_FORCE_INCONSISTENT target=(-177,-112,399) joints=(0,0,0,0,0,0) speed=0.00 constraint=0.0N
[2026-09-20 21:57:53] REJECT: ERR_FORCE_INCONSISTENT target=(-177,-113,395) joints=(0,0,0,0,0,0) speed=0.00 constraint=0.0N
[2026-09-20 21:57:58] REJECT: ERR_FORCE_INCONSISTENT target=(-177,-113,395) joints=(0,0,0,0,0,0) speed=0.00 constraint=0.0N
[2026-09-20 21:58:03] REJECT: ERR_FORCE_INCONSISTENT target=(-229,-74,410) joints=(0,0,0,0,0,0) speed=0.00 constraint=0.0N
[2026-09-20 21:58:08] REJECT: ERR_FORCE_INCONSISTENT target=(-183,-182,415) joints=(0,0,0,0,0,0) speed=0.00 constraint=0.0N
[2026-09-20 21:58:13] REJECT: ERR_FORCE_INCONSISTENT target=(-172,-156,308) joints=(0,0,0,0,0,0) speed=0.00 constraint=0.0N
[2026-09-20 21:58:18] REJECT: ERR_FORCE_INCONSISTENT target=(-172,-156,308) joints=(0,0,0,0,0,0) speed=0.00 constraint=0.0N
[2026-09-20 21:58:23] REJECT: ERR_FORCE_INCONSISTENT target=(-172,-156,308) joints=(0,0,0,0,0,0) speed=0.00 constraint=0.0N
[2026-09-20 21:58:28] REJECT: ERR_FORCE_INCONSISTENT target=(-180,-125,546) joints=(0,0,0,0,0,0) speed=0.00 constraint=0.0N
[2026-09-20 21:58:33] REJECT: ERR_FORCE_INCONSISTENT target=(-186,-109,509) joints=(0,0,0,0,0,0) speed=0.00 constraint=0.0N
[2026-09-20 21:58:38] REJECT: ERR_FORCE_INCONSISTENT target=(-170,-42,530) joints=(0,0,0,0,0,0) speed=0.00 constraint=0.0N
[2026-09-20 21:58:44] REJECT: ERR_FORCE_INCONSISTENT target=(-170,-42,530) joints=(0,0,0,0,0,0) speed=0.00 constraint=0.0N
[2026-09-20 21:58:49] REJECT: ERR_FORCE_INCONSISTENT target=(-170,-42,530) joints=(0,0,0,0,0,0) speed=0.00 constraint=0.0N
[2026-09-20 21:58:54] REJECT: ERR_FORCE_INCONSISTENT target=(-170,-42,530) joints=(0,0,0,0,0,0) speed=0.00 constraint=0.0N
[2026-09-20 21:58:59] REJECT: ERR_FORCE_INCONSISTENT target=(-170,-42,530) joints=(0,0,0,0,0,0) speed=0.00 constraint=0.0N
[2026-09-20 21:59:04] REJECT: ERR_FORCE_INCONSISTENT target=(-170,-42,530) joints=(0,0,0,0,0,0) speed=0.00 constraint=0.0N
[2026-09-20 21:59:09] REJECT: ERR_FORCE_INCONSISTENT target=(-170,-42,530) joints=(0,0,0,0,0,0) speed=0.00 constraint=0.0N
[2026-09-20 21:59:14] REJECT: ERR_FORCE_INCONSISTENT target=(-170,-42,530) joints=(0,0,0,0,0,0) speed=0.00 constraint=0.0N
[2026-09-20 21:59:19] REJECT: ERR_FORCE_INCONSISTENT target=(-170,-42,530) joints=(0,0,0,0,0,0) speed=0.00 constraint=0.0N
[2026-09-20 21:59:24] REJECT: ERR_FORCE_INCONSISTENT target=(-170,-42,530) joints=(0,0,0,0,0,0) speed=0.00 constraint=0.0N
[2026-09-20 21:59:29] REJECT: ERR_FORCE_INCONSISTENT target=(-170,-42,530) joints=(0,0,0,0,0,0) speed=0.00 constraint=0.0N
[2026-09-20 21:59:34] REJECT: ERR_FORCE_INCONSISTENT target=(-170,-42,530) joints=(0,0,0,0,0,0) speed=0.00 constraint=0.0N
[2026-09-20 21:59:39] REJECT: ERR_FORCE_INCONSISTENT target=(-170,-42,530) joints=(0,0,0,0,0,0) speed=0.00 constraint=0.0N
[2026-09-20 21:59:44] REJECT: ERR_FORCE_INCONSISTENT target=(-170,-42,530) joints=(0,0,0,0,0,0) speed=0.00 constraint=0.0N
[2026-09-20 21:59:49] REJECT: ERR_FORCE_INCONSISTENT target=(-170,-42,530) joints=(0,0,0,0,0,0) speed=0.00 constraint=0.0N
[2026-09-20 21:59:54] REJECT: ERR_FORCE_INCONSISTENT target=(-170,-42,530) joints=(0,0,0,0,0,0) speed=0.00 constraint=0.0N
[2026-09-20 21:59:59] REJECT: ERR_FORCE_INCONSISTENT target=(-170,-42,530) joints=(0,0,0,0,0,0) speed=0.00 constraint=0.0N
[2026-09-20 22:00:05] REJECT: ERR_FORCE_INCONSISTENT target=(-170,-42,530) joints=(0,0,0,0,0,0) speed=0.00 constraint=0.0N
[2026-09-20 22:00:10] REJECT: ERR_FORCE_INCONSISTENT target=(-170,-42,530) joints=(0,0,0,0,0,0) speed=0.00 constraint=0.0N
[2026-09-20 22:00:15] REJECT: ERR_FORCE_INCONSISTENT target=(-170,-42,530) joints=(0,0,0,0,0,0) speed=0.00 constraint=0.0N
[2026-09-20 22:00:20] REJECT: ERR_FORCE_INCONSISTENT target=(-170,-42,530) joints=(0,0,0,0,0,0) speed=0.00 constraint=0.0N
[2026-09-20 22:00:25] REJECT: ERR_FORCE_INCONSISTENT target=(-170,-42,530) joints=(0,0,0,0,0,0) speed=0.00 constraint=0.0N
[2026-09-20 22:00:30] REJECT: ERR_FORCE_INCONSISTENT target=(-170,-42,530) joints=(0,0,0,0,0,0) speed=0.00 constraint=0.0N
[2026-09-20 22:00:35] REJECT: ERR_FORCE_INCONSISTENT target=(-170,-42,530) joints=(0,0,0,0,0,0) speed=0.00 constraint=0.0N
[2026-09-20 22:00:40] REJECT: ERR_FORCE_INCONSISTENT target=(-170,-42,530) joints=(0,0,0,0,0,0) speed=0.00 constraint=0.0N
[2026-09-20 22:00:45] REJECT: ERR_FORCE_INCONSISTENT target=(-170,-42,530) joints=(0,0,0,0,0,0) speed=0.00 constraint=0.0N
[2026-09-20 22:00:50] REJECT: ERR_FORCE_INCONSISTENT target=(-170,-42,530) joints=(0,0,0,0,0,0) speed=0.00 constraint=0.0N
[2026-09-20 22:00:55] REJECT: ERR_FORCE_INCONSISTENT target=(-170,-42,530) joints=(0,0,0,0,0,0) speed=0.00 constraint=0.0N
[2026-09-20 22:01:00] REJECT: ERR_FORCE_INCONSISTENT target=(-170,-42,530) joints=(0,0,0,0,0,0) speed=0.00 constraint=0.0N
[2026-09-20 22:01:05] REJECT: ERR_FORCE_INCONSISTENT target=(-170,-42,530) joints=(0,0,0,0,0,0) speed=0.00 constraint=0.0N
[2026-09-20 22:01:10] REJECT: ERR_FORCE_INCONSISTENT target=(-170,-42,530) joints=(0,0,0,0,0,0) speed=0.00 constraint=0.0N
[2026-09-20 22:01:15] REJECT: ERR_FORCE_INCONSISTENT target=(-170,-42,530) joints=(0,0,0,0,0,0) speed=0.00 constraint=0.0N
[2026-09-20 22:01:20] REJECT: ERR_FORCE_INCONSISTENT target=(-170,-42,530) joints=(0,0,0,0,0,0) speed=0.00 constraint=0.0N
[2026-09-20 22:01:25] REJECT: ERR_FORCE_INCONSISTENT target=(-170,-42,530) joints=(0,0,0,0,0,0) speed=0.00 constraint=0.0N
[2026-09-20 22:01:30] REJECT: ERR_FORCE_INCONSISTENT target=(-170,-42,530) joints=(0,0,0,0,0,0) speed=0.00 constraint=0.0N
[2026-09-20 22:01:35] REJECT: ERR_FORCE_INCONSISTENT target=(-170,-42,530) joints=(0,0,0,0,0,0) speed=0.00 constraint=0.0N
[2026-09-20 22:01:41] REJECT: ERR_FORCE_INCONSISTENT target=(-170,-42,530) joints=(0,0,0,0,0,0) speed=0.00 constraint=0.0N
[2026-09-20 22:01:46] REJECT: ERR_FORCE_INCONSISTENT target=(-170,-42,530) joints=(0,0,0,0,0,0) speed=0.00 constraint=0.0N
[2026-09-20 22:01:51] REJECT: ERR_FORCE_INCONSISTENT target=(-170,-42,530) joints=(0,0,0,0,0,0) speed=0.00 constraint=0.0N
[2026-09-20 22:01:56] REJECT: ERR_FORCE_INCONSISTENT target=(-170,-42,530) joints=(0,0,0,0,0,0) speed=0.00 constraint=0.0N
[2026-09-20 22:02:01] REJECT: ERR_FORCE_INCONSISTENT target=(-170,-42,530) joints=(0,0,0,0,0,0) speed=0.00 constraint=0.0N
[2026-09-20 22:02:06] REJECT: ERR_FORCE_INCONSISTENT target=(-170,-42,530) joints=(0,0,0,0,0,0) speed=0.00 constraint=0.0N
[2026-09-20 22:02:11] REJECT: ERR_FORCE_INCONSISTENT target=(-170,-42,530) joints=(0,0,0,0,0,0) speed=0.00 constraint=0.0N
[2026-09-20 22:02:16] REJECT: ERR_FORCE_INCONSISTENT target=(-170,-42,530) joints=(0,0,0,0,0,0) speed=0.00 constraint=0.0N
[2026-09-20 22:02:21] REJECT: ERR_FORCE_INCONSISTENT target=(-170,-42,530) joints=(0,0,0,0,0,0) speed=0.00 constraint=0.0N
[2026-09-20 22:02:26] REJECT: ERR_FORCE_INCONSISTENT target=(-170,-42,530) joints=(0,0,0,0,0,0) speed=0.00 constraint=0.0N
[2026-09-20 22:02:31] REJECT: ERR_FORCE_INCONSISTENT target=(-170,-42,530) joints=(0,0,0,0,0,0) speed=0.00 constraint=0.0N
[2026-09-20 22:02:36] REJECT: ERR_FORCE_INCONSISTENT target=(-170,-42,530) joints=(0,0,0,0,0,0) speed=0.00 constraint=0.0N
[2026-09-20 22:02:41] REJECT: ERR_FORCE_INCONSISTENT target=(-170,-42,530) joints=(0,0,0,0,0,0) speed=0.00 constraint=0.0N
[2026-09-20 22:02:46] REJECT: ERR_FORCE_INCONSISTENT target=(-170,-42,530) joints=(0,0,0,0,0,0) speed=0.00 constraint=0.0N
[2026-09-20 22:02:51] REJECT: ERR_FORCE_INCONSISTENT target=(-170,-42,530) joints=(0,0,0,0,0,0) speed=0.00 constraint=0.0N
[2026-09-20 22:02:56] REJECT: ERR_FORCE_INCONSISTENT target=(-170,-42,530) joints=(0,0,0,0,0,0) speed=0.00 constraint=0.0N
[2026-09-20 22:03:01] REJECT: ERR_FORCE_INCONSISTENT target=(-170,-42,530) joints=(0,0,0,0,0,0) speed=0.00 constraint=0.0N
[2026-09-20 22:03:06] REJECT: ERR_FORCE_INCONSISTENT target=(-170,-42,530) joints=(0,0,0,0,0,0) speed=0.00 constraint=0.0N
[2026-09-20 22:03:11] REJECT: ERR_FORCE_INCONSISTENT target=(-170,-42,530) joints=(0,0,0,0,0,0) speed=0.00 constraint=0.0N
[2026-09-20 22:03:16] REJECT: ERR_FORCE_INCONSISTENT target=(-170,-42,530) joints=(0,0,0,0,0,0) speed=0.00 constraint=0.0N
[2026-09-20 22:03:21] REJECT: ERR_FORCE_INCONSISTENT target=(-170,-42,530) joints=(0,0,0,0,0,0) speed=0.00 constraint=0.0N
[2026-09-20 22:03:26] REJECT: ERR_FORCE_INCONSISTENT target=(-170,-42,530) joints=(0,0,0,0,0,0) speed=0.00 constraint=0.0N
[2026-09-20 22:03:31] REJECT: ERR_FORCE_INCONSISTENT target=(-170,-42,530) joints=(0,0,0,0,0,0) speed=0.00 constraint=0.0N
[2026-09-20 22:03:36] REJECT: ERR_FORCE_INCONSISTENT target=(-170,-42,530) joints=(0,0,0,0,0,0) speed=0.00 constraint=0.0N
[2026-09-20 22:03:42] REJECT: ERR_FORCE_INCONSISTENT target=(-170,-42,530) joints=(0,0,0,0,0,0) speed=0.00 constraint=0.0N
[2026-09-20 22:03:47] REJECT: ERR_FORCE_INCONSISTENT target=(-170,-42,530) joints=(0,0,0,0,0,0) speed=0.00 constraint=0.0N
[2026-09-20 22:03:52] REJECT: ERR_FORCE_INCONSISTENT target=(-170,-42,530) joints=(0,0,0,0,0,0) speed=0.00 constraint=0.0N
[2026-09-20 22:03:57] REJECT: ERR_FORCE_INCONSISTENT target=(-170,-42,530) joints=(0,0,0,0,0,0) speed=0.00 constraint=0.0N
[2026-09-20 22:04:02] REJECT: ERR_FORCE_INCONSISTENT target=(-170,-42,530) joints=(0,0,0,0,0,0) speed=0.00 constraint=0.0N
[2026-09-20 22:04:07] REJECT: ERR_FORCE_INCONSISTENT target=(-170,-42,530) joints=(0,0,0,0,0,0) speed=0.00 constraint=0.0N
[2026-09-20 22:04:12] REJECT: ERR_FORCE_INCONSISTENT target=(-170,-42,530) joints=(0,0,0,0,0,0) speed=0.00 constraint=0.0N
[2026-09-20 22:04:17] REJECT: ERR_FORCE_INCONSISTENT target=(-170,-42,530) joints=(0,0,0,0,0,0) speed=0.00 constraint=0.0N
[2026-09-20 22:04:22] REJECT: ERR_FORCE_INCONSISTENT target=(-170,-42,530) joints=(0,0,0,0,0,0) speed=0.00 constraint=0.0N
[2026-09-20 22:04:27] REJECT: ERR_FORCE_INCONSISTENT target=(-170,-42,530) joints=(0,0,0,0,0,0) speed=0.00 constraint=0.0N
[2026-09-20 22:04:32] REJECT: ERR_FORCE_INCONSISTENT target=(-170,-42,530) joints=(0,0,0,0,0,0) speed=0.00 constraint=0.0N
[2026-09-20 22:04:37] REJECT: ERR_FORCE_INCONSISTENT target=(-170,-42,530) joints=(0,0,0,0,0,0) speed=0.00 constraint=0.0N
[2026-09-20 22:04:42] REJECT: ERR_FORCE_INCONSISTENT target=(-170,-42,530) joints=(0,0,0,0,0,0) speed=0.00 constraint=0.0N
[2026-09-20 22:04:47] REJECT: ERR_FORCE_INCONSISTENT target=(-170,-42,530) joints=(0,0,0,0,0,0) speed=0.00 constraint=0.0N
[2026-09-20 22:04:52] REJECT: ERR_FORCE_INCONSISTENT target=(-170,-42,530) joints=(0,0,0,0,0,0) speed=0.00 constraint=0.0N
[2026-09-20 22:04:57] REJECT: ERR_FORCE_INCONSISTENT target=(-170,-42,530) joints=(0,0,0,0,0,0) speed=0.00 constraint=0.0N
[2026-09-20 22:05:02] REJECT: ERR_FORCE_INCONSISTENT target=(-170,-42,530) joints=(0,0,0,0,0,0) speed=0.00 constraint=0.0N
[2026-09-20 22:05:07] REJECT: ERR_FORCE_INCONSISTENT target=(-170,-42,530) joints=(0,0,0,0,0,0) speed=0.00 constraint=0.0N
[2026-09-20 22:05:12] REJECT: ERR_FORCE_INCONSISTENT target=(-170,-42,530) joints=(0,0,0,0,0,0) speed=0.00 constraint=0.0N
[2026-09-20 22:05:17] REJECT: ERR_FORCE_INCONSISTENT target=(-170,-42,530) joints=(0,0,0,0,0,0) speed=0.00 constraint=0.0N
[2026-09-20 22:05:22] REJECT: ERR_FORCE_INCONSISTENT target=(-170,-42,530) joints=(0,0,0,0,0,0) speed=0.00 constraint=0.0N
[2026-09-20 22:05:28] REJECT: ERR_FORCE_INCONSISTENT target=(-170,-42,530) joints=(0,0,0,0,0,0) speed=0.00 constraint=0.0N
[2026-09-20 22:05:33] REJECT: ERR_FORCE_INCONSISTENT target=(-170,-42,530) joints=(0,0,0,0,0,0) speed=0.00 constraint=0.0N
[2026-09-20 22:05:38] REJECT: ERR_FORCE_INCONSISTENT target=(-170,-42,530) joints=(0,0,0,0,0,0) speed=0.00 constraint=0.0N
[2026-09-20 22:05:43] REJECT: ERR_FORCE_INCONSISTENT target=(-170,-42,530) joints=(0,0,0,0,0,0) speed=0.00 constraint=0.0N
[2026-09-20 22:05:48] REJECT: ERR_FORCE_INCONSISTENT target=(-170,-42,530) joints=(0,0,0,0,0,0) speed=0.00 constraint=0.0N
[2026-09-20 22:05:53] REJECT: ERR_FORCE_INCONSISTENT target=(-170,-42,530) joints=(0,0,0,0,0,0) speed=0.00 constraint=0.0N
[2026-09-20 22:05:58] REJECT: ERR_FORCE_INCONSISTENT target=(-170,-42,530) joints=(0,0,0,0,0,0) speed=0.00 constraint=0.0N
[2026-09-20 22:06:03] REJECT: ERR_FORCE_INCONSISTENT target=(-170,-42,530) joints=(0,0,0,0,0,0) speed=0.00 constraint=0.0N
[2026-09-20 22:06:08] REJECT: ERR_FORCE_INCONSISTENT target=(-170,-42,530) joints=(0,0,0,0,0,0) speed=0.00 constraint=0.0N
[2026-09-20 22:06:13] REJECT: ERR_FORCE_INCONSISTENT target=(-170,-42,530) joints=(0,0,0,0,0,0) speed=0.00 constraint=0.0N
[2026-09-20 22:06:18] REJECT: ERR_FORCE_INCONSISTENT target=(-170,-42,530) joints=(0,0,0,0,0,0) speed=0.00 constraint=0.0N
[2026-09-20 22:06:23] REJECT: ERR_FORCE_INCONSISTENT target=(-170,-42,530) joints=(0,0,0,0,0,0) speed=0.00 constraint=0.0N
[2026-09-20 22:06:28] REJECT: ERR_FORCE_INCONSISTENT target=(-170,-42,530) joints=(0,0,0,0,0,0) speed=0.00 constraint=0.0N
[2026-09-20 22:06:33] REJECT: ERR_FORCE_INCONSISTENT target=(-170,-42,530) joints=(0,0,0,0,0,0) speed=0.00 constraint=0.0N
[2026-09-20 22:06:38] REJECT: ERR_FORCE_INCONSISTENT target=(-170,-42,530) joints=(0,0,0,0,0,0) speed=0.00 constraint=0.0N
[2026-09-20 22:06:43] REJECT: ERR_FORCE_INCONSISTENT target=(-170,-42,530) joints=(0,0,0,0,0,0) speed=0.00 constraint=0.0N
[2026-09-20 22:06:48] REJECT: ERR_FORCE_INCONSISTENT target=(-170,-42,530) joints=(0,0,0,0,0,0) speed=0.00 constraint=0.0N
[2026-09-20 22:06:53] REJECT: ERR_FORCE_INCONSISTENT target=(-170,-42,530) joints=(0,0,0,0,0,0) speed=0.00 constraint=0.0N
[2026-09-20 22:06:58] REJECT: ERR_FORCE_INCONSISTENT target=(-170,-42,530) joints=(0,0,0,0,0,0) speed=0.00 constraint=0.0N
[2026-09-20 22:07:03] REJECT: ERR_FORCE_INCONSISTENT target=(-170,-42,530) joints=(0,0,0,0,0,0) speed=0.00 constraint=0.0N
[2026-09-20 22:07:08] REJECT: ERR_FORCE_INCONSISTENT target=(-170,-42,530) joints=(0,0,0,0,0,0) speed=0.00 constraint=0.0N
[2026-09-20 22:07:14] REJECT: ERR_FORCE_INCONSISTENT target=(-170,-42,530) joints=(0,0,0,0,0,0) speed=0.00 constraint=0.0N
[2026-09-20 22:07:19] REJECT: ERR_FORCE_INCONSISTENT target=(-170,-42,530) joints=(0,0,0,0,0,0) speed=0.00 constraint=0.0N
[2026-09-20 22:07:24] REJECT: ERR_FORCE_INCONSISTENT target=(-170,-42,530) joints=(0,0,0,0,0,0) speed=0.00 constraint=0.0N
[2026-09-20 22:07:29] REJECT: ERR_FORCE_INCONSISTENT target=(-170,-42,530) joints=(0,0,0,0,0,0) speed=0.00 constraint=0.0N
[2026-09-20 22:07:34] REJECT: ERR_FORCE_INCONSISTENT target=(-170,-42,530) joints=(0,0,0,0,0,0) speed=0.00 constraint=0.0N
[2026-09-20 22:07:39] REJECT: ERR_FORCE_INCONSISTENT target=(-170,-42,530) joints=(0,0,0,0,0,0) speed=0.00 constraint=0.0N
[2026-09-20 22:07:44] REJECT: ERR_FORCE_INCONSISTENT target=(-170,-42,530) joints=(0,0,0,0,0,0) speed=0.00 constraint=0.0N
[2026-09-20 22:07:49] REJECT: ERR_FORCE_INCONSISTENT target=(-170,-42,530) joints=(0,0,0,0,0,0) speed=0.00 constraint=0.0N
[2026-09-20 22:07:54] REJECT: ERR_FORCE_INCONSISTENT target=(-170,-42,530) joints=(0,0,0,0,0,0) speed=0.00 constraint=0.0N
[2026-09-20 22:07:59] REJECT: ERR_FORCE_INCONSISTENT target=(-170,-42,530) joints=(0,0,0,0,0,0) speed=0.00 constraint=0.0N
[2026-09-20 22:08:04] REJECT: ERR_FORCE_INCONSISTENT target=(-170,-42,530) joints=(0,0,0,0,0,0) speed=0.00 constraint=0.0N
[2026-09-20 22:08:09] REJECT: ERR_FORCE_INCONSISTENT target=(-170,-42,530) joints=(0,0,0,0,0,0) speed=0.00 constraint=0.0N
[2026-09-20 22:08:14] REJECT: ERR_FORCE_INCONSISTENT target=(-170,-42,530) joints=(0,0,0,0,0,0) speed=0.00 constraint=0.0N

[2026-09-20 22:10:08] === SESSION START ===
[2026-09-20 22:10:08] REJECT: ERR_FORCE_INCONSISTENT target=(-170,-42,530) joints=(0,0,0,0,0,0) speed=0.00 constraint=0.0N
[2026-09-20 22:10:13] REJECT: ERR_FORCE_INCONSISTENT target=(-170,-42,530) joints=(0,0,0,0,0,0) speed=0.00 constraint=0.0N
[2026-09-20 22:10:18] REJECT: ERR_FORCE_INCONSISTENT target=(-170,-42,530) joints=(0,0,0,0,0,0) speed=0.00 constraint=0.0N
[2026-09-20 22:10:23] REJECT: ERR_FORCE_INCONSISTENT target=(-170,-42,530) joints=(0,0,0,0,0,0) speed=0.00 constraint=0.0N
[2026-09-20 22:10:28] REJECT: ERR_FORCE_INCONSISTENT target=(-170,-42,530) joints=(0,0,0,0,0,0) speed=0.00 constraint=0.0N
[2026-09-20 22:10:33] REJECT: ERR_FORCE_INCONSISTENT target=(-170,-42,530) joints=(0,0,0,0,0,0) speed=0.00 constraint=0.0N
[2026-09-20 22:10:38] REJECT: ERR_FORCE_INCONSISTENT target=(-170,-42,530) joints=(0,0,0,0,0,0) speed=0.00 constraint=0.0N
[2026-09-20 22:10:43] REJECT: ERR_FORCE_INCONSISTENT target=(-170,-42,530) joints=(0,0,0,0,0,0) speed=0.00 constraint=0.0N
[2026-09-20 22:10:48] REJECT: ERR_FORCE_INCONSISTENT target=(-170,-42,530) joints=(0,0,0,0,0,0) speed=0.00 constraint=0.0N

[2026-09-20 22:10:56] === SESSION START ===
[2026-09-20 22:10:56] REJECT: ERR_FORCE_INCONSISTENT target=(-170,-42,530) joints=(0,0,0,0,0,0) speed=0.00 constraint=0.0N
[2026-09-20 22:11:01] REJECT: ERR_FORCE_INCONSISTENT target=(-170,-42,530) joints=(0,0,0,0,0,0) speed=0.00 constraint=0.0N
[2026-09-20 22:11:06] REJECT: ERR_FORCE_INCONSISTENT target=(-170,-42,530) joints=(0,0,0,0,0,0) speed=0.00 constraint=0.0N
[2026-09-20 22:11:11] REJECT: ERR_FORCE_INCONSISTENT target=(-170,-42,530) joints=(0,0,0,0,0,0) speed=0.00 constraint=0.0N
[2026-09-20 22:11:16] REJECT: ERR_FORCE_INCONSISTENT target=(-171,-106,423) joints=(0,0,0,0,0,0) speed=0.00 constraint=0.0N
[2026-09-20 22:11:21] REJECT: ERR_FORCE_INCONSISTENT target=(-171,-106,423) joints=(0,0,0,0,0,0) speed=0.00 constraint=0.0N
[2026-09-20 22:11:27] REJECT: ERR_FORCE_INCONSISTENT target=(-171,-106,423) joints=(0,0,0,0,0,0) speed=0.00 constraint=0.0N
[2026-09-20 22:11:32] REJECT: ERR_FORCE_INCONSISTENT target=(-163,99,597) joints=(0,0,0,0,0,0) speed=0.00 constraint=0.0N
[2026-09-20 22:11:37] REJECT: ERR_FORCE_INCONSISTENT target=(-149,102,597) joints=(0,0,0,0,0,0) speed=0.00 constraint=0.0N
[2026-09-20 22:11:42] REJECT: ERR_FORCE_INCONSISTENT target=(-149,102,597) joints=(0,0,0,0,0,0) speed=0.00 constraint=0.0N
[2026-09-20 22:11:47] REJECT: ERR_FORCE_INCONSISTENT target=(-117,-43,642) joints=(0,0,0,0,0,0) speed=0.00 constraint=0.0N
[2026-09-20 22:11:52] REJECT: ERR_FORCE_INCONSISTENT target=(-6,-87,464) joints=(0,0,0,0,0,0) speed=0.00 constraint=0.0N
[2026-09-20 22:11:57] REJECT: ERR_FORCE_INCONSISTENT target=(-6,-87,464) joints=(0,0,0,0,0,0) speed=0.00 constraint=0.0N
[2026-09-20 22:12:02] REJECT: ERR_FORCE_INCONSISTENT target=(-6,-87,464) joints=(0,0,0,0,0,0) speed=0.00 constraint=0.0N
[2026-09-20 22:12:07] REJECT: ERR_FORCE_INCONSISTENT target=(-7,-86,465) joints=(0,0,0,0,0,0) speed=0.00 constraint=0.0N
[2026-09-20 22:12:12] REJECT: ERR_FORCE_INCONSISTENT target=(-17,-121,439) joints=(0,0,0,0,0,0) speed=0.00 constraint=0.0N
[2026-09-20 22:12:17] REJECT: ERR_FORCE_INCONSISTENT target=(27,-98,566) joints=(0,0,0,0,0,0) speed=0.00 constraint=0.0N
[2026-09-20 22:12:22] REJECT: ERR_FORCE_INCONSISTENT target=(27,-98,566) joints=(0,0,0,0,0,0) speed=0.00 constraint=0.0N
[2026-09-20 22:12:27] REJECT: ERR_FORCE_INCONSISTENT target=(27,-98,566) joints=(0,0,0,0,0,0) speed=0.00 constraint=0.0N
[2026-09-20 22:12:33] REJECT: ERR_FORCE_INCONSISTENT target=(27,-98,566) joints=(0,0,0,0,0,0) speed=0.00 constraint=0.0N
[2026-09-20 22:12:38] REJECT: ERR_FORCE_INCONSISTENT target=(27,-98,566) joints=(0,0,0,0,0,0) speed=0.00 constraint=0.0N
[2026-09-20 22:12:43] REJECT: ERR_FORCE_INCONSISTENT target=(27,-98,566) joints=(0,0,0,0,0,0) speed=0.00 constraint=0.0N
[2026-09-20 22:12:48] REJECT: ERR_FORCE_INCONSISTENT target=(27,-98,566) joints=(0,0,0,0,0,0) speed=0.00 constraint=0.0N
[2026-09-20 22:12:53] REJECT: ERR_FORCE_INCONSISTENT target=(27,-98,566) joints=(0,0,0,0,0,0) speed=0.00 constraint=0.0N
[2026-09-20 22:12:58] REJECT: ERR_FORCE_INCONSISTENT target=(27,-98,566) joints=(0,0,0,0,0,0) speed=0.00 constraint=0.0N
[2026-09-20 22:13:03] REJECT: ERR_FORCE_INCONSISTENT target=(27,-98,566) joints=(0,0,0,0,0,0) speed=0.00 constraint=0.0N
[2026-09-20 22:13:08] REJECT: ERR_FORCE_INCONSISTENT target=(27,-98,566) joints=(0,0,0,0,0,0) speed=0.00 constraint=0.0N
[2026-09-20 22:13:13] REJECT: ERR_FORCE_INCONSISTENT target=(27,-98,566) joints=(0,0,0,0,0,0) speed=0.00 constraint=0.0N
[2026-09-20 22:13:18] REJECT: ERR_FORCE_INCONSISTENT target=(27,-98,566) joints=(0,0,0,0,0,0) speed=0.00 constraint=0.0N
[2026-09-20 22:13:23] REJECT: ERR_FORCE_INCONSISTENT target=(27,-98,566) joints=(0,0,0,0,0,0) speed=0.00 constraint=0.0N
[2026-09-20 22:13:28] REJECT: ERR_FORCE_INCONSISTENT target=(27,-98,566) joints=(0,0,0,0,0,0) speed=0.00 constraint=0.0N
[2026-09-20 22:13:33] REJECT: ERR_FORCE_INCONSISTENT target=(27,-98,566) joints=(0,0,0,0,0,0) speed=0.00 constraint=0.0N
[2026-09-20 22:13:38] REJECT: ERR_FORCE_INCONSISTENT target=(27,-98,566) joints=(0,0,0,0,0,0) speed=0.00 constraint=0.0N
[2026-09-20 22:13:43] REJECT: ERR_FORCE_INCONSISTENT target=(27,-98,566) joints=(0,0,0,0,0,0) speed=0.00 constraint=0.0N
[2026-09-20 22:13:48] REJECT: ERR_FORCE_INCONSISTENT target=(27,-98,566) joints=(0,0,0,0,0,0) speed=0.00 constraint=0.0N
[2026-09-20 22:13:53] REJECT: ERR_FORCE_INCONSISTENT target=(27,-98,566) joints=(0,0,0,0,0,0) speed=0.00 constraint=0.0N
[2026-09-20 22:13:58] REJECT: ERR_FORCE_INCONSISTENT target=(27,-98,566) joints=(0,0,0,0,0,0) speed=0.00 constraint=0.0N
[2026-09-20 22:14:03] REJECT: ERR_FORCE_INCONSISTENT target=(27,-98,566) joints=(0,0,0,0,0,0) speed=0.00 constraint=0.0N
[2026-09-20 22:14:08] REJECT: ERR_FORCE_INCONSISTENT target=(27,-98,566) joints=(0,0,0,0,0,0) speed=0.00 constraint=0.0N
[2026-09-20 22:14:13] REJECT: ERR_FORCE_INCONSISTENT target=(62,-161,450) joints=(0,0,0,0,0,0) speed=0.00 constraint=0.0N
[2026-09-20 22:14:19] REJECT: ERR_FORCE_INCONSISTENT target=(62,-161,450) joints=(0,0,0,0,0,0) speed=0.00 constraint=0.0N
[2026-09-20 22:14:24] REJECT: ERR_FORCE_INCONSISTENT target=(62,-161,450) joints=(0,0,0,0,0,0) speed=0.00 constraint=0.0N
[2026-09-20 22:14:29] REJECT: ERR_FORCE_INCONSISTENT target=(-123,-191,431) joints=(0,0,0,0,0,0) speed=0.00 constraint=0.0N
[2026-09-20 22:14:34] REJECT: ERR_FORCE_INCONSISTENT target=(-123,-191,431) joints=(0,0,0,0,0,0) speed=0.00 constraint=0.0N
[2026-09-20 22:14:39] REJECT: ERR_FORCE_INCONSISTENT target=(-123,-191,431) joints=(0,0,0,0,0,0) speed=0.00 constraint=0.0N
[2026-09-20 22:14:44] REJECT: ERR_FORCE_INCONSISTENT target=(-123,-191,431) joints=(0,0,0,0,0,0) speed=0.00 constraint=0.0N
[2026-09-20 22:14:49] REJECT: ERR_FORCE_INCONSISTENT target=(-123,-191,431) joints=(0,0,0,0,0,0) speed=0.00 constraint=0.0N
[2026-09-20 22:14:54] REJECT: ERR_FORCE_INCONSISTENT target=(-123,-191,431) joints=(0,0,0,0,0,0) speed=0.00 constraint=0.0N
[2026-09-20 22:14:59] REJECT: ERR_FORCE_INCONSISTENT target=(-123,-191,431) joints=(0,0,0,0,0,0) speed=0.00 constraint=0.0N
[2026-09-20 22:15:04] REJECT: ERR_FORCE_INCONSISTENT target=(-123,-191,431) joints=(0,0,0,0,0,0) speed=0.00 constraint=0.0N
[2026-09-20 22:15:09] REJECT: ERR_FORCE_INCONSISTENT target=(-123,-191,431) joints=(0,0,0,0,0,0) speed=0.00 constraint=0.0N
[2026-09-20 22:15:14] REJECT: ERR_FORCE_INCONSISTENT target=(-123,-191,431) joints=(0,0,0,0,0,0) speed=0.00 constraint=0.0N
[2026-09-20 22:15:19] REJECT: ERR_FORCE_INCONSISTENT target=(-123,-191,431) joints=(0,0,0,0,0,0) speed=0.00 constraint=0.0N
[2026-09-20 22:15:24] REJECT: ERR_FORCE_INCONSISTENT target=(-123,-191,431) joints=(0,0,0,0,0,0) speed=0.00 constraint=0.0N
[2026-09-20 22:15:29] REJECT: ERR_FORCE_INCONSISTENT target=(-123,-191,431) joints=(0,0,0,0,0,0) speed=0.00 constraint=0.0N
[2026-09-20 22:15:34] REJECT: ERR_FORCE_INCONSISTENT target=(-123,-191,431) joints=(0,0,0,0,0,0) speed=0.00 constraint=0.0N
[2026-09-20 22:15:39] REJECT: ERR_FORCE_INCONSISTENT target=(-123,-191,431) joints=(0,0,0,0,0,0) speed=0.00 constraint=0.0N
[2026-09-20 22:15:44] REJECT: ERR_FORCE_INCONSISTENT target=(-123,-191,431) joints=(0,0,0,0,0,0) speed=0.00 constraint=0.0N
[2026-09-20 22:15:49] REJECT: ERR_FORCE_INCONSISTENT target=(-123,-191,431) joints=(0,0,0,0,0,0) speed=0.00 constraint=0.0N
[2026-09-20 22:15:54] REJECT: ERR_FORCE_INCONSISTENT target=(-123,-191,431) joints=(0,0,0,0,0,0) speed=0.00 constraint=0.0N
[2026-09-20 22:15:59] REJECT: ERR_FORCE_INCONSISTENT target=(-123,-191,431) joints=(0,0,0,0,0,0) speed=0.00 constraint=0.0N
[2026-09-20 22:16:05] REJECT: ERR_FORCE_INCONSISTENT target=(-123,-191,431) joints=(0,0,0,0,0,0) speed=0.00 constraint=0.0N
[2026-09-20 22:16:10] REJECT: ERR_FORCE_INCONSISTENT target=(-123,-191,431) joints=(0,0,0,0,0,0) speed=0.00 constraint=0.0N
[2026-09-20 22:16:15] REJECT: ERR_FORCE_INCONSISTENT target=(-123,-191,431) joints=(0,0,0,0,0,0) speed=0.00 constraint=0.0N
[2026-09-20 22:16:20] REJECT: ERR_FORCE_INCONSISTENT target=(-123,-191,431) joints=(0,0,0,0,0,0) speed=0.00 constraint=0.0N
[2026-09-20 22:16:25] REJECT: ERR_FORCE_INCONSISTENT target=(-123,-191,431) joints=(0,0,0,0,0,0) speed=0.00 constraint=0.0N
[2026-09-20 22:16:30] REJECT: ERR_FORCE_INCONSISTENT target=(-123,-191,431) joints=(0,0,0,0,0,0) speed=0.00 constraint=0.0N
[2026-09-20 22:16:35] REJECT: ERR_FORCE_INCONSISTENT target=(-123,-191,431) joints=(0,0,0,0,0,0) speed=0.00 constraint=0.0N
[2026-09-20 22:16:40] REJECT: ERR_FORCE_INCONSISTENT target=(-123,-191,431) joints=(0,0,0,0,0,0) speed=0.00 constraint=0.0N
[2026-09-20 22:16:45] REJECT: ERR_FORCE_INCONSISTENT target=(-123,-191,431) joints=(0,0,0,0,0,0) speed=0.00 constraint=0.0N
[2026-09-20 22:16:50] REJECT: ERR_FORCE_INCONSISTENT target=(-123,-191,431) joints=(0,0,0,0,0,0) speed=0.00 constraint=0.0N
[2026-09-20 22:16:55] REJECT: ERR_FORCE_INCONSISTENT target=(-123,-191,431) joints=(0,0,0,0,0,0) speed=0.00 constraint=0.0N
[2026-09-20 22:17:00] REJECT: ERR_FORCE_INCONSISTENT target=(-123,-191,431) joints=(0,0,0,0,0,0) speed=0.00 constraint=0.0N
[2026-09-20 22:17:05] REJECT: ERR_FORCE_INCONSISTENT target=(-123,-191,431) joints=(0,0,0,0,0,0) speed=0.00 constraint=0.0N
[2026-09-20 22:17:10] REJECT: ERR_FORCE_INCONSISTENT target=(-123,-191,431) joints=(0,0,0,0,0,0) speed=0.00 constraint=0.0N
[2026-09-20 22:17:15] REJECT: ERR_FORCE_INCONSISTENT target=(-123,-191,431) joints=(0,0,0,0,0,0) speed=0.00 constraint=0.0N
[2026-09-20 22:17:20] REJECT: ERR_FORCE_INCONSISTENT target=(-123,-191,431) joints=(0,0,0,0,0,0) speed=0.00 constraint=0.0N
[2026-09-20 22:17:25] REJECT: ERR_FORCE_INCONSISTENT target=(-123,-191,431) joints=(0,0,0,0,0,0) speed=0.00 constraint=0.0N
[2026-09-20 22:17:30] REJECT: ERR_FORCE_INCONSISTENT target=(-123,-191,431) joints=(0,0,0,0,0,0) speed=0.00 constraint=0.0N
[2026-09-20 22:17:35] REJECT: ERR_FORCE_INCONSISTENT target=(-123,-191,431) joints=(0,0,0,0,0,0) speed=0.00 constraint=0.0N
[2026-09-20 22:17:40] REJECT: ERR_FORCE_INCONSISTENT target=(-123,-191,431) joints=(0,0,0,0,0,0) speed=0.00 constraint=0.0N
[2026-09-20 22:17:46] REJECT: ERR_FORCE_INCONSISTENT target=(-92,-194,317) joints=(0,0,0,0,0,0) speed=0.00 constraint=0.0N
[2026-09-20 22:17:51] REJECT: ERR_FORCE_INCONSISTENT target=(-84,-181,331) joints=(0,0,0,0,0,0) speed=0.00 constraint=0.0N
[2026-09-20 22:17:56] REJECT: ERR_FORCE_INCONSISTENT target=(-85,-180,435) joints=(0,0,0,0,0,0) speed=0.00 constraint=0.0N
[2026-09-20 22:18:01] REJECT: ERR_FORCE_INCONSISTENT target=(-227,6,527) joints=(0,0,0,0,0,0) speed=0.00 constraint=0.0N
[2026-09-20 22:18:06] REJECT: ERR_FORCE_INCONSISTENT target=(-202,25,542) joints=(0,0,0,0,0,0) speed=0.00 constraint=0.0N
[2026-09-20 22:18:11] REJECT: ERR_FORCE_INCONSISTENT target=(-202,25,542) joints=(0,0,0,0,0,0) speed=0.00 constraint=0.0N
[2026-09-20 22:18:16] REJECT: ERR_FORCE_INCONSISTENT target=(-202,25,542) joints=(0,0,0,0,0,0) speed=0.00 constraint=0.0N
[2026-09-20 22:18:21] REJECT: ERR_FORCE_INCONSISTENT target=(-116,44,569) joints=(0,0,0,0,0,0) speed=0.00 constraint=0.0N
[2026-09-20 22:18:26] REJECT: ERR_FORCE_INCONSISTENT target=(-145,74,554) joints=(0,0,0,0,0,0) speed=0.00 constraint=0.0N
[2026-09-20 22:18:31] REJECT: ERR_FORCE_INCONSISTENT target=(-121,47,561) joints=(0,0,0,0,0,0) speed=0.00 constraint=0.0N
[2026-09-20 22:18:36] REJECT: ERR_FORCE_INCONSISTENT target=(-46,-34,450) joints=(0,0,0,0,0,0) speed=0.00 constraint=0.0N
[2026-09-20 22:18:41] REJECT: ERR_FORCE_INCONSISTENT target=(-46,-34,450) joints=(0,0,0,0,0,0) speed=0.00 constraint=0.0N
[2026-09-20 22:18:46] REJECT: ERR_FORCE_INCONSISTENT target=(-46,-34,450) joints=(0,0,0,0,0,0) speed=0.00 constraint=0.0N
[2026-09-20 22:18:51] REJECT: ERR_FORCE_INCONSISTENT target=(-46,-34,450) joints=(0,0,0,0,0,0) speed=0.00 constraint=0.0N
[2026-09-20 22:18:56] REJECT: ERR_FORCE_INCONSISTENT target=(-46,-34,450) joints=(0,0,0,0,0,0) speed=0.00 constraint=0.0N
[2026-09-20 22:19:01] REJECT: ERR_FORCE_INCONSISTENT target=(-46,-34,450) joints=(0,0,0,0,0,0) speed=0.00 constraint=0.0N
[2026-09-20 22:19:06] REJECT: ERR_FORCE_INCONSISTENT target=(-46,-34,450) joints=(0,0,0,0,0,0) speed=0.00 constraint=0.0N
[2026-09-20 22:19:11] REJECT: ERR_FORCE_INCONSISTENT target=(-46,-34,450) joints=(0,0,0,0,0,0) speed=0.00 constraint=0.0N
[2026-09-20 22:19:16] REJECT: ERR_FORCE_INCONSISTENT target=(-46,-34,450) joints=(0,0,0,0,0,0) speed=0.00 constraint=0.0N
[2026-09-20 22:19:21] REJECT: ERR_FORCE_INCONSISTENT target=(-46,-34,450) joints=(0,0,0,0,0,0) speed=0.00 constraint=0.0N
[2026-09-20 22:19:26] REJECT: ERR_FORCE_INCONSISTENT target=(-46,-34,450) joints=(0,0,0,0,0,0) speed=0.00 constraint=0.0N
[2026-09-20 22:19:32] REJECT: ERR_FORCE_INCONSISTENT target=(-46,-34,450) joints=(0,0,0,0,0,0) speed=0.00 constraint=0.0N
[2026-09-20 22:19:37] REJECT: ERR_FORCE_INCONSISTENT target=(-46,-34,450) joints=(0,0,0,0,0,0) speed=0.00 constraint=0.0N
[2026-09-20 22:19:42] REJECT: ERR_FORCE_INCONSISTENT target=(-46,-34,450) joints=(0,0,0,0,0,0) speed=0.00 constraint=0.0N
[2026-09-20 22:19:47] REJECT: ERR_FORCE_INCONSISTENT target=(-46,-34,450) joints=(0,0,0,0,0,0) speed=0.00 constraint=0.0N
[2026-09-20 22:19:52] REJECT: ERR_FORCE_INCONSISTENT target=(-46,-34,450) joints=(0,0,0,0,0,0) speed=0.00 constraint=0.0N
[2026-09-20 22:19:57] REJECT: ERR_FORCE_INCONSISTENT target=(-46,-34,450) joints=(0,0,0,0,0,0) speed=0.00 constraint=0.0N
[2026-09-20 22:20:02] REJECT: ERR_FORCE_INCONSISTENT target=(-46,-34,450) joints=(0,0,0,0,0,0) speed=0.00 constraint=0.0N
[2026-09-20 22:20:07] REJECT: ERR_FORCE_INCONSISTENT target=(-46,-34,450) joints=(0,0,0,0,0,0) speed=0.00 constraint=0.0N
[2026-09-20 22:20:12] REJECT: ERR_FORCE_INCONSISTENT target=(-46,-34,450) joints=(0,0,0,0,0,0) speed=0.00 constraint=0.0N
[2026-09-20 22:20:17] REJECT: ERR_FORCE_INCONSISTENT target=(-46,-34,450) joints=(0,0,0,0,0,0) speed=0.00 constraint=0.0N
[2026-09-20 22:20:22] REJECT: ERR_FORCE_INCONSISTENT target=(-46,-34,450) joints=(0,0,0,0,0,0) speed=0.00 constraint=0.0N
[2026-09-20 22:20:27] REJECT: ERR_FORCE_INCONSISTENT target=(-46,-34,450) joints=(0,0,0,0,0,0) speed=0.00 constraint=0.0N
[2026-09-20 22:20:32] REJECT: ERR_FORCE_INCONSISTENT target=(-46,-34,450) joints=(0,0,0,0,0,0) speed=0.00 constraint=0.0N
[2026-09-20 22:20:37] REJECT: ERR_FORCE_INCONSISTENT target=(-46,-34,450) joints=(0,0,0,0,0,0) speed=0.00 constraint=0.0N
[2026-09-20 22:20:42] REJECT: ERR_FORCE_INCONSISTENT target=(-46,-34,450) joints=(0,0,0,0,0,0) speed=0.00 constraint=0.0N
[2026-09-20 22:20:47] REJECT: ERR_FORCE_INCONSISTENT target=(-46,-34,450) joints=(0,0,0,0,0,0) speed=0.00 constraint=0.0N
[2026-09-20 22:20:52] REJECT: ERR_FORCE_INCONSISTENT target=(-46,-34,450) joints=(0,0,0,0,0,0) speed=0.00 constraint=0.0N
[2026-09-20 22:20:57] REJECT: ERR_FORCE_INCONSISTENT target=(-46,-34,450) joints=(0,0,0,0,0,0) speed=0.00 constraint=0.0N
[2026-09-20 22:21:02] REJECT: ERR_FORCE_INCONSISTENT target=(-46,-34,450) joints=(0,0,0,0,0,0) speed=0.00 constraint=0.0N
[2026-09-20 22:21:08] REJECT: ERR_FORCE_INCONSISTENT target=(-46,-34,450) joints=(0,0,0,0,0,0) speed=0.00 constraint=0.0N
[2026-09-20 22:21:13] REJECT: ERR_FORCE_INCONSISTENT target=(-46,-34,450) joints=(0,0,0,0,0,0) speed=0.00 constraint=0.0N
[2026-09-20 22:21:18] REJECT: ERR_FORCE_INCONSISTENT target=(-46,-34,450) joints=(0,0,0,0,0,0) speed=0.00 constraint=0.0N
[2026-09-20 22:21:23] REJECT: ERR_FORCE_INCONSISTENT target=(-46,-34,450) joints=(0,0,0,0,0,0) speed=0.00 constraint=0.0N
[2026-09-20 22:21:28] REJECT: ERR_FORCE_INCONSISTENT target=(-46,-34,450) joints=(0,0,0,0,0,0) speed=0.00 constraint=0.0N
[2026-09-20 22:21:33] REJECT: ERR_FORCE_INCONSISTENT target=(-46,-34,450) joints=(0,0,0,0,0,0) speed=0.00 constraint=0.0N
[2026-09-20 22:21:38] REJECT: ERR_FORCE_INCONSISTENT target=(-46,-34,450) joints=(0,0,0,0,0,0) speed=0.00 constraint=0.0N
[2026-09-20 22:21:43] REJECT: ERR_FORCE_INCONSISTENT target=(-46,-34,450) joints=(0,0,0,0,0,0) speed=0.00 constraint=0.0N
[2026-09-20 22:21:48] REJECT: ERR_FORCE_INCONSISTENT target=(-46,-34,450) joints=(0,0,0,0,0,0) speed=0.00 constraint=0.0N
[2026-09-20 22:21:53] REJECT: ERR_FORCE_INCONSISTENT target=(-46,-34,450) joints=(0,0,0,0,0,0) speed=0.00 constraint=0.0N
[2026-09-20 22:21:58] REJECT: ERR_FORCE_INCONSISTENT target=(-46,-34,450) joints=(0,0,0,0,0,0) speed=0.00 constraint=0.0N
[2026-09-20 22:22:03] REJECT: ERR_FORCE_INCONSISTENT target=(-46,-34,450) joints=(0,0,0,0,0,0) speed=0.00 constraint=0.0N
[2026-09-20 22:22:08] REJECT: ERR_FORCE_INCONSISTENT target=(-46,-34,450) joints=(0,0,0,0,0,0) speed=0.00 constraint=0.0N
[2026-09-20 22:22:13] REJECT: ERR_FORCE_INCONSISTENT target=(-46,-34,450) joints=(0,0,0,0,0,0) speed=0.00 constraint=0.0N
[2026-09-20 22:22:18] REJECT: ERR_FORCE_INCONSISTENT target=(-46,-34,450) joints=(0,0,0,0,0,0) speed=0.00 constraint=0.0N
[2026-09-20 22:22:23] REJECT: ERR_FORCE_INCONSISTENT target=(-46,-34,450) joints=(0,0,0,0,0,0) speed=0.00 constraint=0.0N
[2026-09-20 22:22:28] REJECT: ERR_FORCE_INCONSISTENT target=(-46,-34,450) joints=(0,0,0,0,0,0) speed=0.00 constraint=0.0N
[2026-09-20 22:22:33] REJECT: ERR_FORCE_INCONSISTENT target=(-46,-34,450) joints=(0,0,0,0,0,0) speed=0.00 constraint=0.0N
[2026-09-20 22:22:38] REJECT: ERR_FORCE_INCONSISTENT target=(-46,-34,450) joints=(0,0,0,0,0,0) speed=0.00 constraint=0.0N
[2026-09-20 22:22:44] REJECT: ERR_FORCE_INCONSISTENT target=(-46,-34,450) joints=(0,0,0,0,0,0) speed=0.00 constraint=0.0N
[2026-09-20 22:22:49] REJECT: ERR_FORCE_INCONSISTENT target=(-46,-34,450) joints=(0,0,0,0,0,0) speed=0.00 constraint=0.0N
[2026-09-20 22:22:54] REJECT: ERR_FORCE_INCONSISTENT target=(-46,-34,450) joints=(0,0,0,0,0,0) speed=0.00 constraint=0.0N
[2026-09-20 22:22:59] REJECT: ERR_FORCE_INCONSISTENT target=(-46,-34,450) joints=(0,0,0,0,0,0) speed=0.00 constraint=0.0N
[2026-09-20 22:23:04] REJECT: ERR_FORCE_INCONSISTENT target=(-46,-34,450) joints=(0,0,0,0,0,0) speed=0.00 constraint=0.0N
[2026-09-20 22:23:09] REJECT: ERR_FORCE_INCONSISTENT target=(-46,-34,450) joints=(0,0,0,0,0,0) speed=0.00 constraint=0.0N
[2026-09-20 22:23:14] REJECT: ERR_FORCE_INCONSISTENT target=(-46,-34,450) joints=(0,0,0,0,0,0) speed=0.00 constraint=0.0N
[2026-09-20 22:23:19] REJECT: ERR_FORCE_INCONSISTENT target=(-46,-34,450) joints=(0,0,0,0,0,0) speed=0.00 constraint=0.0N
[2026-09-20 22:23:24] REJECT: ERR_FORCE_INCONSISTENT target=(-46,-34,450) joints=(0,0,0,0,0,0) speed=0.00 constraint=0.0N
[2026-09-20 22:23:29] REJECT: ERR_FORCE_INCONSISTENT target=(-46,-34,450) joints=(0,0,0,0,0,0) speed=0.00 constraint=0.0N
[2026-09-20 22:23:34] REJECT: ERR_FORCE_INCONSISTENT target=(-46,-34,450) joints=(0,0,0,0,0,0) speed=0.00 constraint=0.0N
[2026-09-20 22:23:39] REJECT: ERR_FORCE_INCONSISTENT target=(-46,-34,450) joints=(0,0,0,0,0,0) speed=0.00 constraint=0.0N
[2026-09-20 22:23:44] REJECT: ERR_FORCE_INCONSISTENT target=(-46,-34,450) joints=(0,0,0,0,0,0) speed=0.00 constraint=0.0N
[2026-09-20 22:23:49] REJECT: ERR_FORCE_INCONSISTENT target=(-46,-34,450) joints=(0,0,0,0,0,0) speed=0.00 constraint=0.0N
[2026-09-20 22:23:54] REJECT: ERR_FORCE_INCONSISTENT target=(-46,-34,450) joints=(0,0,0,0,0,0) speed=0.00 constraint=0.0N
[2026-09-20 22:23:59] REJECT: ERR_FORCE_INCONSISTENT target=(-46,-34,450) joints=(0,0,0,0,0,0) speed=0.00 constraint=0.0N
[2026-09-20 22:24:04] REJECT: ERR_FORCE_INCONSISTENT target=(-46,-34,450) joints=(0,0,0,0,0,0) speed=0.00 constraint=0.0N
[2026-09-20 22:24:09] REJECT: ERR_FORCE_INCONSISTENT target=(-46,-34,450) joints=(0,0,0,0,0,0) speed=0.00 constraint=0.0N
[2026-09-20 22:24:14] REJECT: ERR_FORCE_INCONSISTENT target=(-46,-34,450) joints=(0,0,0,0,0,0) speed=0.00 constraint=0.0N
[2026-09-20 22:24:19] REJECT: ERR_FORCE_INCONSISTENT target=(-46,-34,450) joints=(0,0,0,0,0,0) speed=0.00 constraint=0.0N
[2026-09-20 22:24:25] REJECT: ERR_FORCE_INCONSISTENT target=(-46,-34,450) joints=(0,0,0,0,0,0) speed=0.00 constraint=0.0N
[2026-09-20 22:24:30] REJECT: ERR_FORCE_INCONSISTENT target=(-46,-34,450) joints=(0,0,0,0,0,0) speed=0.00 constraint=0.0N
[2026-09-20 22:24:35] REJECT: ERR_FORCE_INCONSISTENT target=(-46,-34,450) joints=(0,0,0,0,0,0) speed=0.00 constraint=0.0N
[2026-09-20 22:24:40] REJECT: ERR_FORCE_INCONSISTENT target=(-46,-34,450) joints=(0,0,0,0,0,0) speed=0.00 constraint=0.0N
[2026-09-20 22:24:45] REJECT: ERR_FORCE_INCONSISTENT target=(-46,-34,450) joints=(0,0,0,0,0,0) speed=0.00 constraint=0.0N
[2026-09-20 22:24:50] REJECT: ERR_FORCE_INCONSISTENT target=(-46,-34,450) joints=(0,0,0,0,0,0) speed=0.00 constraint=0.0N
[2026-09-20 22:24:55] REJECT: ERR_FORCE_INCONSISTENT target=(-46,-34,450) joints=(0,0,0,0,0,0) speed=0.00 constraint=0.0N
[2026-09-20 22:25:00] REJECT: ERR_FORCE_INCONSISTENT target=(-46,-34,450) joints=(0,0,0,0,0,0) speed=0.00 constraint=0.0N
[2026-09-20 22:25:05] REJECT: ERR_FORCE_INCONSISTENT target=(-46,-34,450) joints=(0,0,0,0,0,0) speed=0.00 constraint=0.0N
[2026-09-20 22:25:10] REJECT: ERR_FORCE_INCONSISTENT target=(-46,-34,450) joints=(0,0,0,0,0,0) speed=0.00 constraint=0.0N
[2026-09-20 22:25:15] REJECT: ERR_FORCE_INCONSISTENT target=(-46,-34,450) joints=(0,0,0,0,0,0) speed=0.00 constraint=0.0N
[2026-09-20 22:25:20] REJECT: ERR_FORCE_INCONSISTENT target=(-46,-34,450) joints=(0,0,0,0,0,0) speed=0.00 constraint=0.0N
[2026-09-20 22:25:25] REJECT: ERR_FORCE_INCONSISTENT target=(-46,-34,450) joints=(0,0,0,0,0,0) speed=0.00 constraint=0.0N
[2026-09-20 22:25:30] REJECT: ERR_FORCE_INCONSISTENT target=(-46,-34,450) joints=(0,0,0,0,0,0) speed=0.00 constraint=0.0N
[2026-09-20 22:25:35] REJECT: ERR_FORCE_INCONSISTENT target=(-46,-34,450) joints=(0,0,0,0,0,0) speed=0.00 constraint=0.0N
[2026-09-20 22:25:40] REJECT: ERR_FORCE_INCONSISTENT target=(-46,-34,450) joints=(0,0,0,0,0,0) speed=0.00 constraint=0.0N
[2026-09-20 22:25:45] REJECT: ERR_FORCE_INCONSISTENT target=(-46,-34,450) joints=(0,0,0,0,0,0) speed=0.00 constraint=0.0N
[2026-09-20 22:25:50] REJECT: ERR_FORCE_INCONSISTENT target=(-46,-34,450) joints=(0,0,0,0,0,0) speed=0.00 constraint=0.0N
[2026-09-20 22:25:55] REJECT: ERR_FORCE_INCONSISTENT target=(-46,-34,450) joints=(0,0,0,0,0,0) speed=0.00 constraint=0.0N
[2026-09-20 22:26:00] REJECT: ERR_FORCE_INCONSISTENT target=(-46,-34,450) joints=(0,0,0,0,0,0) speed=0.00 constraint=0.0N
[2026-09-20 22:26:05] REJECT: ERR_FORCE_INCONSISTENT target=(-46,-34,450) joints=(0,0,0,0,0,0) speed=0.00 constraint=0.0N
[2026-09-20 22:26:10] REJECT: ERR_FORCE_INCONSISTENT target=(-46,-34,450) joints=(0,0,0,0,0,0) speed=0.00 constraint=0.0N
[2026-09-20 22:26:15] REJECT: ERR_FORCE_INCONSISTENT target=(-46,-34,450) joints=(0,0,0,0,0,0) speed=0.00 constraint=0.0N
[2026-09-20 22:26:21] REJECT: ERR_FORCE_INCONSISTENT target=(-46,-34,450) joints=(0,0,0,0,0,0) speed=0.00 constraint=0.0N
[2026-09-20 22:26:26] REJECT: ERR_FORCE_INCONSISTENT target=(-46,-34,450) joints=(0,0,0,0,0,0) speed=0.00 constraint=0.0N
[2026-09-20 22:26:31] REJECT: ERR_FORCE_INCONSISTENT target=(-46,-34,450) joints=(0,0,0,0,0,0) speed=0.00 constraint=0.0N
[2026-09-20 22:26:36] REJECT: ERR_FORCE_INCONSISTENT target=(-46,-34,450) joints=(0,0,0,0,0,0) speed=0.00 constraint=0.0N
[2026-09-20 22:26:41] REJECT: ERR_FORCE_INCONSISTENT target=(-46,-34,450) joints=(0,0,0,0,0,0) speed=0.00 constraint=0.0N
[2026-09-20 22:26:46] REJECT: ERR_FORCE_INCONSISTENT target=(-46,-34,450) joints=(0,0,0,0,0,0) speed=0.00 constraint=0.0N
[2026-09-20 22:26:51] REJECT: ERR_FORCE_INCONSISTENT target=(-46,-34,450) joints=(0,0,0,0,0,0) speed=0.00 constraint=0.0N
[2026-09-20 22:26:56] REJECT: ERR_FORCE_INCONSISTENT target=(-46,-34,450) joints=(0,0,0,0,0,0) speed=0.00 constraint=0.0N
[2026-09-20 22:27:01] REJECT: ERR_FORCE_INCONSISTENT target=(-46,-34,450) joints=(0,0,0,0,0,0) speed=0.00 constraint=0.0N
[2026-09-20 22:27:06] REJECT: ERR_FORCE_INCONSISTENT target=(-46,-34,450) joints=(0,0,0,0,0,0) speed=0.00 constraint=0.0N
[2026-09-20 22:27:11] REJECT: ERR_FORCE_INCONSISTENT target=(-46,-34,450) joints=(0,0,0,0,0,0) speed=0.00 constraint=0.0N
[2026-09-20 22:27:16] REJECT: ERR_FORCE_INCONSISTENT target=(-46,-34,450) joints=(0,0,0,0,0,0) speed=0.00 constraint=0.0N
[2026-09-20 22:27:21] REJECT: ERR_FORCE_INCONSISTENT target=(-46,-34,450) joints=(0,0,0,0,0,0) speed=0.00 constraint=0.0N
[2026-09-20 22:27:26] REJECT: ERR_FORCE_INCONSISTENT target=(-46,-34,450) joints=(0,0,0,0,0,0) speed=0.00 constraint=0.0N
[2026-09-20 22:27:31] REJECT: ERR_FORCE_INCONSISTENT target=(-46,-34,450) joints=(0,0,0,0,0,0) speed=0.00 constraint=0.0N
[2026-09-20 22:27:36] REJECT: ERR_FORCE_INCONSISTENT target=(-46,-34,450) joints=(0,0,0,0,0,0) speed=0.00 constraint=0.0N
[2026-09-20 22:27:41] REJECT: ERR_FORCE_INCONSISTENT target=(-46,-34,450) joints=(0,0,0,0,0,0) speed=0.00 constraint=0.0N
[2026-09-20 22:27:46] REJECT: ERR_FORCE_INCONSISTENT target=(-46,-34,450) joints=(0,0,0,0,0,0) speed=0.00 constraint=0.0N
[2026-09-20 22:27:52] REJECT: ERR_FORCE_INCONSISTENT target=(-46,-34,450) joints=(0,0,0,0,0,0) speed=0.00 constraint=0.0N
[2026-09-20 22:27:57] REJECT: ERR_FORCE_INCONSISTENT target=(-46,-34,450) joints=(0,0,0,0,0,0) speed=0.00 constraint=0.0N
[2026-09-20 22:28:02] REJECT: ERR_FORCE_INCONSISTENT target=(-46,-34,450) joints=(0,0,0,0,0,0) speed=0.00 constraint=0.0N
[2026-09-20 22:28:07] REJECT: ERR_FORCE_INCONSISTENT target=(-46,-34,450) joints=(0,0,0,0,0,0) speed=0.00 constraint=0.0N
[2026-09-20 22:28:12] REJECT: ERR_FORCE_INCONSISTENT target=(-46,-34,450) joints=(0,0,0,0,0,0) speed=0.00 constraint=0.0N
[2026-09-20 22:28:17] REJECT: ERR_FORCE_INCONSISTENT target=(-46,-34,450) joints=(0,0,0,0,0,0) speed=0.00 constraint=0.0N
[2026-09-20 22:28:22] REJECT: ERR_FORCE_INCONSISTENT target=(-46,-34,450) joints=(0,0,0,0,0,0) speed=0.00 constraint=0.0N
[2026-09-20 22:28:27] REJECT: ERR_FORCE_INCONSISTENT target=(-46,-34,450) joints=(0,0,0,0,0,0) speed=0.00 constraint=0.0N
[2026-09-20 22:28:32] REJECT: ERR_FORCE_INCONSISTENT target=(-46,-34,450) joints=(0,0,0,0,0,0) speed=0.00 constraint=0.0N
[2026-09-20 22:28:37] REJECT: ERR_FORCE_INCONSISTENT target=(-46,-34,450) joints=(0,0,0,0,0,0) speed=0.00 constraint=0.0N
[2026-09-20 22:28:42] REJECT: ERR_FORCE_INCONSISTENT target=(-46,-34,450) joints=(0,0,0,0,0,0) speed=0.00 constraint=0.0N
[2026-09-20 22:28:47] REJECT: ERR_FORCE_INCONSISTENT target=(-46,-34,450) joints=(0,0,0,0,0,0) speed=0.00 constraint=0.0N
[2026-09-20 22:28:52] REJECT: ERR_FORCE_INCONSISTENT target=(-46,-34,450) joints=(0,0,0,0,0,0) speed=0.00 constraint=0.0N
[2026-09-20 22:28:57] REJECT: ERR_FORCE_INCONSISTENT target=(-46,-34,450) joints=(0,0,0,0,0,0) speed=0.00 constraint=0.0N
[2026-09-20 22:29:02] REJECT: ERR_FORCE_INCONSISTENT target=(-46,-34,450) joints=(0,0,0,0,0,0) speed=0.00 constraint=0.0N
[2026-09-20 22:29:07] REJECT: ERR_FORCE_INCONSISTENT target=(-46,-34,450) joints=(0,0,0,0,0,0) speed=0.00 constraint=0.0N
[2026-09-20 22:29:12] REJECT: ERR_FORCE_INCONSISTENT target=(-46,-34,450) joints=(0,0,0,0,0,0) speed=0.00 constraint=0.0N
[2026-09-20 22:29:17] REJECT: ERR_FORCE_INCONSISTENT target=(-46,-34,450) joints=(0,0,0,0,0,0) speed=0.00 constraint=0.0N
[2026-09-20 22:29:22] REJECT: ERR_FORCE_INCONSISTENT target=(-46,-34,450) joints=(0,0,0,0,0,0) speed=0.00 constraint=0.0N
[2026-09-20 22:29:28] REJECT: ERR_FORCE_INCONSISTENT target=(-46,-34,450) joints=(0,0,0,0,0,0) speed=0.00 constraint=0.0N
[2026-09-20 22:29:33] REJECT: ERR_FORCE_INCONSISTENT target=(-46,-34,450) joints=(0,0,0,0,0,0) speed=0.00 constraint=0.0N
[2026-09-20 22:29:38] REJECT: ERR_FORCE_INCONSISTENT target=(-46,-34,450) joints=(0,0,0,0,0,0) speed=0.00 constraint=0.0N
[2026-09-20 22:29:43] REJECT: ERR_FORCE_INCONSISTENT target=(-46,-34,450) joints=(0,0,0,0,0,0) speed=0.00 constraint=0.0N
[2026-09-20 22:29:48] REJECT: ERR_FORCE_INCONSISTENT target=(-46,-34,450) joints=(0,0,0,0,0,0) speed=0.00 constraint=0.0N
[2026-09-20 22:29:53] REJECT: ERR_FORCE_INCONSISTENT target=(-46,-34,450) joints=(0,0,0,0,0,0) speed=0.00 constraint=0.0N
[2026-09-20 22:29:58] REJECT: ERR_FORCE_INCONSISTENT target=(-46,-34,450) joints=(0,0,0,0,0,0) speed=0.00 constraint=0.0N
[2026-09-20 22:30:03] REJECT: ERR_FORCE_INCONSISTENT target=(-46,-34,450) joints=(0,0,0,0,0,0) speed=0.00 constraint=0.0N
[2026-09-20 22:30:08] REJECT: ERR_FORCE_INCONSISTENT target=(-46,-34,450) joints=(0,0,0,0,0,0) speed=0.00 constraint=0.0N
[2026-09-20 22:30:13] REJECT: ERR_FORCE_INCONSISTENT target=(-46,-34,450) joints=(0,0,0,0,0,0) speed=0.00 constraint=0.0N
[2026-09-20 22:30:18] REJECT: ERR_FORCE_INCONSISTENT target=(-46,-34,450) joints=(0,0,0,0,0,0) speed=0.00 constraint=0.0N
[2026-09-20 22:30:23] REJECT: ERR_FORCE_INCONSISTENT target=(-46,-34,450) joints=(0,0,0,0,0,0) speed=0.00 constraint=0.0N
[2026-09-20 22:30:28] REJECT: ERR_FORCE_INCONSISTENT target=(-46,-34,450) joints=(0,0,0,0,0,0) speed=0.00 constraint=0.0N

[2026-09-20 22:31:00] === SESSION START ===
[2026-09-20 22:31:00] REJECT: ERR_FORCE_INCONSISTENT target=(-46,-34,450) joints=(0,0,0,0,0,0) speed=0.00 constraint=0.0N
[2026-09-20 22:31:05] REJECT: ERR_FORCE_INCONSISTENT target=(-46,-34,450) joints=(0,0,0,0,0,0) speed=0.00 constraint=0.0N
[2026-09-20 22:31:10] REJECT: ERR_FORCE_INCONSISTENT target=(-46,-34,450) joints=(0,0,0,0,0,0) speed=0.00 constraint=0.0N
[2026-09-20 22:31:16] REJECT: ERR_FORCE_INCONSISTENT target=(-46,-34,450) joints=(0,0,0,0,0,0) speed=0.00 constraint=0.0N
[2026-09-20 22:31:21] REJECT: ERR_FORCE_INCONSISTENT target=(-46,-34,450) joints=(0,0,0,0,0,0) speed=0.00 constraint=0.0N
[2026-09-20 22:31:26] REJECT: ERR_FORCE_INCONSISTENT target=(-46,-34,450) joints=(0,0,0,0,0,0) speed=0.00 constraint=0.0N
[2026-09-20 22:31:31] REJECT: ERR_FORCE_INCONSISTENT target=(-46,-34,450) joints=(0,0,0,0,0,0) speed=0.00 constraint=0.0N
[2026-09-20 22:31:36] REJECT: ERR_FORCE_INCONSISTENT target=(-46,-34,450) joints=(0,0,0,0,0,0) speed=0.00 constraint=0.0N
[2026-09-20 22:31:41] REJECT: ERR_FORCE_INCONSISTENT target=(-46,-34,450) joints=(0,0,0,0,0,0) speed=0.00 constraint=0.0N
[2026-09-20 22:31:46] REJECT: ERR_FORCE_INCONSISTENT target=(-46,-34,450) joints=(0,0,0,0,0,0) speed=0.00 constraint=0.0N

[2026-09-20 22:32:58] === SESSION START ===
[2026-09-20 22:32:58] REJECT: ERR_FORCE_INCONSISTENT target=(-46,-34,450) joints=(0,0,0,0,0,0) speed=0.00 constraint=0.0N
[2026-09-20 22:33:03] REJECT: ERR_FORCE_INCONSISTENT target=(-46,-34,450) joints=(0,0,0,0,0,0) speed=0.00 constraint=0.0N
[2026-09-20 22:33:08] REJECT: ERR_FORCE_INCONSISTENT target=(-46,-34,450) joints=(0,0,0,0,0,0) speed=0.00 constraint=0.0N
[2026-09-20 22:33:13] REJECT: ERR_FORCE_INCONSISTENT target=(-46,-34,450) joints=(0,0,0,0,0,0) speed=0.00 constraint=0.0N
[2026-09-20 22:33:18] REJECT: ERR_FORCE_INCONSISTENT target=(-46,-34,450) joints=(0,0,0,0,0,0) speed=0.00 constraint=0.0N

[2026-09-20 22:33:25] === SESSION START ===
[2026-09-20 22:33:25] REJECT: ERR_FORCE_INCONSISTENT target=(-46,-34,450) joints=(0,0,0,0,0,0) speed=0.00 constraint=0.0N
[2026-09-20 22:33:30] REJECT: ERR_FORCE_INCONSISTENT target=(-46,-34,450) joints=(0,0,0,0,0,0) speed=0.00 constraint=0.0N
[2026-09-20 22:33:35] REJECT: ERR_FORCE_INCONSISTENT target=(-46,-34,450) joints=(0,0,0,0,0,0) speed=0.00 constraint=0.0N
[2026-09-20 22:33:40] REJECT: ERR_FORCE_INCONSISTENT target=(-66,-75,432) joints=(0,0,0,0,0,0) speed=0.00 constraint=0.0N
[2026-09-20 22:33:45] REJECT: ERR_FORCE_INCONSISTENT target=(-132,-124,439) joints=(0,0,0,0,0,0) speed=0.00 constraint=0.0N
[2026-09-20 22:33:50] REJECT: ERR_FORCE_INCONSISTENT target=(-134,-121,439) joints=(0,0,0,0,0,0) speed=0.00 constraint=0.0N
[2026-09-20 22:33:55] REJECT: ERR_FORCE_INCONSISTENT target=(-185,-93,442) joints=(0,0,0,0,0,0) speed=0.00 constraint=0.0N
[2026-09-20 22:34:01] REJECT: ERR_FORCE_INCONSISTENT target=(-128,-71,424) joints=(0,0,0,0,0,0) speed=0.00 constraint=0.0N
[2026-09-20 22:34:06] REJECT: ERR_FORCE_INCONSISTENT target=(-254,-71,493) joints=(0,0,0,0,0,0) speed=0.00 constraint=0.0N
[2026-09-20 22:34:11] REJECT: ERR_FORCE_INCONSISTENT target=(-269,-31,523) joints=(0,0,0,0,0,0) speed=0.00 constraint=0.0N
[2026-09-20 22:34:16] REJECT: ERR_FORCE_INCONSISTENT target=(-264,-54,507) joints=(0,0,0,0,0,0) speed=0.00 constraint=0.0N
[2026-09-20 22:34:21] REJECT: ERR_FORCE_INCONSISTENT target=(-247,-60,486) joints=(0,0,0,0,0,0) speed=0.00 constraint=0.0N
[2026-09-20 22:34:26] REJECT: ERR_FORCE_INCONSISTENT target=(-173,-94,455) joints=(0,0,0,0,0,0) speed=0.00 constraint=0.0N
[2026-09-20 22:34:31] REJECT: ERR_FORCE_INCONSISTENT target=(-199,-89,478) joints=(0,0,0,0,0,0) speed=0.00 constraint=0.0N
[2026-09-20 22:34:36] REJECT: ERR_FORCE_INCONSISTENT target=(-199,-89,478) joints=(0,0,0,0,0,0) speed=0.00 constraint=0.0N
[2026-09-20 22:34:41] REJECT: ERR_FORCE_INCONSISTENT target=(-123,-82,428) joints=(0,0,0,0,0,0) speed=0.00 constraint=0.0N
[2026-09-20 22:34:46] REJECT: ERR_FORCE_INCONSISTENT target=(-165,-51,411) joints=(0,0,0,0,0,0) speed=0.00 constraint=0.0N
[2026-09-20 22:34:51] REJECT: ERR_FORCE_INCONSISTENT target=(-187,-52,422) joints=(0,0,0,0,0,0) speed=0.00 constraint=0.0N
[2026-09-20 22:34:56] REJECT: ERR_FORCE_INCONSISTENT target=(-196,-25,453) joints=(0,0,0,0,0,0) speed=0.00 constraint=0.0N
[2026-09-20 22:35:01] REJECT: ERR_FORCE_INCONSISTENT target=(-196,-25,453) joints=(0,0,0,0,0,0) speed=0.00 constraint=0.0N
[2026-09-20 22:35:07] REJECT: ERR_FORCE_INCONSISTENT target=(-196,-25,453) joints=(0,0,0,0,0,0) speed=0.00 constraint=0.0N
[2026-09-20 22:35:12] REJECT: ERR_FORCE_INCONSISTENT target=(-196,-25,453) joints=(0,0,0,0,0,0) speed=0.00 constraint=0.0N

[2026-09-20 22:39:47] === SESSION START ===
[2026-09-20 22:39:47] REJECT: ERR_FORCE_INCONSISTENT target=(-196,-25,453) joints=(0,0,0,0,0,0) speed=0.00 constraint=0.0N
[2026-09-20 22:39:52] REJECT: ERR_FORCE_INCONSISTENT target=(-196,-25,453) joints=(0,0,0,0,0,0) speed=0.00 constraint=0.0N
[2026-09-20 22:39:57] REJECT: ERR_FORCE_INCONSISTENT target=(-196,-25,453) joints=(0,0,0,0,0,0) speed=0.00 constraint=0.0N
[2026-09-20 22:40:02] REJECT: ERR_FORCE_INCONSISTENT target=(-196,-25,453) joints=(0,0,0,0,0,0) speed=0.00 constraint=0.0N
[2026-09-20 22:40:07] REJECT: ERR_FORCE_INCONSISTENT target=(-196,-25,453) joints=(0,0,0,0,0,0) speed=0.00 constraint=0.0N
[2026-09-20 22:40:12] REJECT: ERR_FORCE_INCONSISTENT target=(-196,-25,453) joints=(0,0,0,0,0,0) speed=0.00 constraint=0.0N
[2026-09-20 22:40:17] REJECT: ERR_FORCE_INCONSISTENT target=(-196,-25,453) joints=(0,0,0,0,0,0) speed=0.00 constraint=0.0N
[2026-09-20 22:40:22] REJECT: ERR_FORCE_INCONSISTENT target=(-196,-25,453) joints=(0,0,0,0,0,0) speed=0.00 constraint=0.0N
[2026-09-20 22:40:27] REJECT: ERR_FORCE_INCONSISTENT target=(-196,-25,453) joints=(0,0,0,0,0,0) speed=0.00 constraint=0.0N
[2026-09-20 22:40:32] REJECT: ERR_FORCE_INCONSISTENT target=(-196,-25,453) joints=(0,0,0,0,0,0) speed=0.00 constraint=0.0N
[2026-09-20 22:40:37] REJECT: ERR_FORCE_INCONSISTENT target=(-196,-25,453) joints=(0,0,0,0,0,0) speed=0.00 constraint=0.0N
[2026-09-20 22:40:42] REJECT: ERR_FORCE_INCONSISTENT target=(-196,-25,453) joints=(0,0,0,0,0,0) speed=0.00 constraint=0.0N
[2026-09-20 22:40:47] REJECT: ERR_FORCE_INCONSISTENT target=(-196,-25,453) joints=(0,0,0,0,0,0) speed=0.00 constraint=0.0N
[2026-09-20 22:40:52] REJECT: ERR_FORCE_INCONSISTENT target=(-196,-25,453) joints=(0,0,0,0,0,0) speed=0.00 constraint=0.0N
[2026-09-20 22:40:57] REJECT: ERR_FORCE_INCONSISTENT target=(-196,-25,453) joints=(0,0,0,0,0,0) speed=0.00 constraint=0.0N
[2026-09-20 22:41:02] REJECT: ERR_FORCE_INCONSISTENT target=(-196,-25,453) joints=(0,0,0,0,0,0) speed=0.00 constraint=0.0N
[2026-09-20 22:41:07] REJECT: ERR_FORCE_INCONSISTENT target=(-196,-25,453) joints=(0,0,0,0,0,0) speed=0.00 constraint=0.0N
[2026-09-20 22:41:12] REJECT: ERR_FORCE_INCONSISTENT target=(-196,-25,453) joints=(0,0,0,0,0,0) speed=0.00 constraint=0.0N
[2026-09-20 22:41:17] REJECT: ERR_FORCE_INCONSISTENT target=(-196,-25,453) joints=(0,0,0,0,0,0) speed=0.00 constraint=0.0N
[2026-09-20 22:41:22] REJECT: ERR_FORCE_INCONSISTENT target=(-196,-25,453) joints=(0,0,0,0,0,0) speed=0.00 constraint=0.0N
[2026-09-20 22:41:28] REJECT: ERR_FORCE_INCONSISTENT target=(-196,-25,453) joints=(0,0,0,0,0,0) speed=0.00 constraint=0.0N
[2026-09-20 22:41:33] REJECT: ERR_FORCE_INCONSISTENT target=(-196,-25,453) joints=(0,0,0,0,0,0) speed=0.00 constraint=0.0N
[2026-09-20 22:41:38] REJECT: ERR_FORCE_INCONSISTENT target=(-196,-25,453) joints=(0,0,0,0,0,0) speed=0.00 constraint=0.0N
[2026-09-20 22:41:43] REJECT: ERR_FORCE_INCONSISTENT target=(-196,-25,453) joints=(0,0,0,0,0,0) speed=0.00 constraint=0.0N
[2026-09-20 22:41:48] REJECT: ERR_FORCE_INCONSISTENT target=(-196,-25,453) joints=(0,0,0,0,0,0) speed=0.00 constraint=0.0N
[2026-09-20 22:41:53] REJECT: ERR_FORCE_INCONSISTENT target=(-196,-25,453) joints=(0,0,0,0,0,0) speed=0.00 constraint=0.0N
[2026-09-20 22:41:58] REJECT: ERR_FORCE_INCONSISTENT target=(-196,-25,453) joints=(0,0,0,0,0,0) speed=0.00 constraint=0.0N
[2026-09-20 22:42:03] REJECT: ERR_FORCE_INCONSISTENT target=(-196,-25,453) joints=(0,0,0,0,0,0) speed=0.00 constraint=0.0N
[2026-09-20 22:42:08] REJECT: ERR_FORCE_INCONSISTENT target=(-196,-25,453) joints=(0,0,0,0,0,0) speed=0.00 constraint=0.0N
[2026-09-20 22:42:13] REJECT: ERR_FORCE_INCONSISTENT target=(-196,-25,453) joints=(0,0,0,0,0,0) speed=0.00 constraint=0.0N
[2026-09-20 22:42:18] REJECT: ERR_FORCE_INCONSISTENT target=(-196,-25,453) joints=(0,0,0,0,0,0) speed=0.00 constraint=0.0N
[2026-09-20 22:42:23] REJECT: ERR_FORCE_INCONSISTENT target=(-196,-25,453) joints=(0,0,0,0,0,0) speed=0.00 constraint=0.0N
[2026-09-20 22:42:28] REJECT: ERR_FORCE_INCONSISTENT target=(-196,-25,453) joints=(0,0,0,0,0,0) speed=0.00 constraint=0.0N

[2026-09-21 17:49:43] === SESSION START ===
[2026-09-21 17:50:43] REJECT: ERR_FORCE_INCONSISTENT target=(-63,-5,593) joints=(0,0,0,0,0,0) speed=0.00 constraint=0.0N
[2026-09-21 17:50:56] INFO: OK target=(0,0,0) joints=(0,0,0,0,0,0) speed=1.00 constraint=0.0N

[2026-09-21 17:51:55] === SESSION START ===
[2026-09-21 17:52:24] REJECT: ERR_FORCE_INCONSISTENT target=(-184,-83,524) joints=(0,0,0,0,0,0) speed=0.00 constraint=0.0N
[2026-09-21 18:06:57] REJECT: ERR_FORCE_INCONSISTENT target=(-125,-23,516) joints=(0,0,0,0,0,0) speed=0.00 constraint=0.0N
[2026-09-21 18:09:39] REJECT: ERR_FORCE_INCONSISTENT target=(-125,-23,516) joints=(0,0,0,0,0,0) speed=0.00 constraint=0.0N
[2026-09-21 18:09:44] REJECT: ERR_FORCE_INCONSISTENT target=(-125,-23,516) joints=(0,0,0,0,0,0) speed=0.00 constraint=0.0N
[2026-09-21 18:10:10] REJECT: ERR_FORCE_INCONSISTENT target=(-125,-23,516) joints=(0,0,0,0,0,0) speed=0.00 constraint=0.0N
[2026-09-21 18:13:04] REJECT: ERR_FORCE_INCONSISTENT target=(-125,-23,516) joints=(0,0,0,0,0,0) speed=0.00 constraint=0.0N

[2026-09-21 18:38:38] === SESSION START ===
[2026-09-21 18:38:58] === SESSION END === errors: WARN=0 DEGRADE=0 REJECT=0 FATAL=0 total_events=0


[2026-09-21 18:41:13] === SESSION START ===

[2026-09-21 18:58:32] === SESSION START ===

[2026-09-21 19:09:00] === SESSION START ===
[2026-09-21 19:19:25] REJECT: ERR_FORCE_INCONSISTENT target=(-110,-138,489) joints=(0,0,0,0,0,0) speed=0.00 constraint=0.0N
[2026-09-21 19:19:31] REJECT: ERR_FORCE_INCONSISTENT target=(-110,-138,489) joints=(0,0,0,0,0,0) speed=0.00 constraint=0.0N
[2026-09-21 19:19:38] REJECT: ERR_FORCE_INCONSISTENT target=(-110,-138,489) joints=(0,0,0,0,0,0) speed=0.00 constraint=0.0N
[2026-09-21 19:20:27] REJECT: ERR_FORCE_INCONSISTENT target=(-110,-138,489) joints=(0,0,0,0,0,0) speed=0.00 constraint=0.0N
[2026-09-21 19:20:35] REJECT: ERR_FORCE_INCONSISTENT target=(-110,-138,489) joints=(0,0,0,0,0,0) speed=0.00 constraint=0.0N
[2026-09-21 19:20:40] REJECT: ERR_FORCE_INCONSISTENT target=(-110,-138,489) joints=(0,0,0,0,0,0) speed=0.00 constraint=0.0N

[2026-09-21 19:35:00] === SESSION START ===
[2026-09-21 19:40:44] === SESSION END === errors: WARN=0 DEGRADE=0 REJECT=0 FATAL=0 total_events=0


[2026-09-21 19:41:20] === SESSION START ===
[2026-09-21 19:41:50] === SESSION END === errors: WARN=0 DEGRADE=0 REJECT=0 FATAL=0 total_events=0


[2026-09-21 19:43:28] === SESSION START ===

[2026-09-21 19:49:09] === SESSION START ===
[2026-09-21 19:50:07] REJECT: ERR_FORCE_INCONSISTENT target=(-139,-234,532) joints=(0,0,0,0,0,0) speed=0.00 constraint=0.0N
[2026-09-21 19:50:20] === SESSION END === errors: WARN=0 DEGRADE=0 REJECT=1 FATAL=0 total_events=1


[2026-09-21 19:53:09] === SESSION START ===
[2026-09-21 19:53:17] INFO: OK target=(0,0,0) joints=(0,0,0,0,0,0) speed=1.00 constraint=0.0N
[2026-09-21 19:53:17] INFO: OK target=(0,0,0) joints=(0,0,0,0,0,0) speed=1.00 constraint=0.0N
[2026-09-21 19:53:17] INFO: OK target=(0,0,0) joints=(0,0,0,0,0,0) speed=1.00 constraint=0.0N
[2026-09-21 19:53:19] INFO: OK target=(0,0,0) joints=(0,0,0,0,0,0) speed=1.00 constraint=0.0N
[2026-09-21 19:53:21] INFO: OK target=(0,0,0) joints=(0,0,0,0,0,0) speed=1.00 constraint=0.0N
[2026-09-21 19:53:22] INFO: OK target=(0,0,0) joints=(0,0,0,0,0,0) speed=1.00 constraint=0.0N
[2026-09-21 19:53:23] INFO: OK target=(0,0,0) joints=(0,0,0,0,0,0) speed=1.00 constraint=0.0N
[2026-09-21 19:53:26] INFO: OK target=(0,0,0) joints=(0,0,0,0,0,0) speed=1.00 constraint=0.0N
[2026-09-21 19:53:27] INFO: OK target=(0,0,0) joints=(0,0,0,0,0,0) speed=1.00 constraint=0.0N
[2026-09-21 19:53:28] INFO: OK target=(0,0,0) joints=(0,0,0,0,0,0) speed=1.00 constraint=0.0N
[2026-09-21 19:53:28] INFO: OK target=(0,0,0) joints=(0,0,0,0,0,0) speed=1.00 constraint=0.0N
[2026-09-21 19:53:29] INFO: OK target=(0,0,0) joints=(0,0,0,0,0,0) speed=1.00 constraint=0.0N
[2026-09-21 19:53:30] INFO: OK target=(0,0,0) joints=(0,0,0,0,0,0) speed=1.00 constraint=0.0N
[2026-09-21 19:53:30] INFO: OK target=(0,0,0) joints=(0,0,0,0,0,0) speed=1.00 constraint=0.0N
[2026-09-21 19:53:32] INFO: OK target=(0,0,0) joints=(0,0,0,0,0,0) speed=1.00 constraint=0.0N
[2026-09-21 19:53:33] INFO: OK target=(0,0,0) joints=(0,0,0,0,0,0) speed=1.00 constraint=0.0N
[2026-09-21 19:53:35] INFO: OK target=(0,0,0) joints=(0,0,0,0,0,0) speed=1.00 constraint=0.0N
[2026-09-21 19:53:36] INFO: OK target=(0,0,0) joints=(0,0,0,0,0,0) speed=1.00 constraint=0.0N
[2026-09-21 19:53:37] INFO: OK target=(0,0,0) joints=(0,0,0,0,0,0) speed=1.00 constraint=0.0N
[2026-09-21 19:53:39] INFO: OK target=(0,0,0) joints=(0,0,0,0,0,0) speed=1.00 constraint=0.0N
[2026-09-21 19:53:47] === SESSION END === errors: WARN=0 DEGRADE=0 REJECT=0 FATAL=0 total_events=20


[2026-09-21 20:05:47] === SESSION START ===
[2026-09-21 20:06:00] INFO: OK target=(0,0,0) joints=(0,0,0,0,0,0) speed=1.00 constraint=0.0N
[2026-09-21 20:06:02] INFO: OK target=(0,0,0) joints=(0,0,0,0,0,0) speed=1.00 constraint=0.0N
[2026-09-21 20:06:03] INFO: OK target=(0,0,0) joints=(0,0,0,0,0,0) speed=1.00 constraint=0.0N
[2026-09-21 20:06:06] INFO: OK target=(0,0,0) joints=(0,0,0,0,0,0) speed=1.00 constraint=0.0N
[2026-09-21 20:06:07] INFO: OK target=(0,0,0) joints=(0,0,0,0,0,0) speed=1.00 constraint=0.0N
[2026-09-21 20:06:08] INFO: OK target=(0,0,0) joints=(0,0,0,0,0,0) speed=1.00 constraint=0.0N
[2026-09-21 20:06:09] INFO: OK target=(0,0,0) joints=(0,0,0,0,0,0) speed=1.00 constraint=0.0N
[2026-09-21 20:06:09] INFO: OK target=(0,0,0) joints=(0,0,0,0,0,0) speed=1.00 constraint=0.0N
[2026-09-21 20:06:10] INFO: OK target=(0,0,0) joints=(0,0,0,0,0,0) speed=1.00 constraint=0.0N
[2026-09-21 20:06:18] INFO: OK target=(0,0,0) joints=(0,0,0,0,0,0) speed=1.00 constraint=0.0N
[2026-09-21 20:06:19] INFO: OK target=(0,0,0) joints=(0,0,0,0,0,0) speed=1.00 constraint=0.0N
[2026-09-21 20:06:20] INFO: OK target=(0,0,0) joints=(0,0,0,0,0,0) speed=1.00 constraint=0.0N
[2026-09-21 20:06:21] INFO: OK target=(0,0,0) joints=(0,0,0,0,0,0) speed=1.00 constraint=0.0N
[2026-09-21 20:06:23] INFO: OK target=(0,0,0) joints=(0,0,0,0,0,0) speed=1.00 constraint=0.0N

[2026-09-21 20:11:30] === SESSION START ===
[2026-09-21 20:11:50] INFO: OK target=(0,0,0) joints=(0,0,0,0,0,0) speed=1.00 constraint=0.0N
[2026-09-21 20:11:51] INFO: OK target=(0,0,0) joints=(0,0,0,0,0,0) speed=1.00 constraint=0.0N
[2026-09-21 20:11:51] INFO: OK target=(0,0,0) joints=(0,0,0,0,0,0) speed=1.00 constraint=0.0N
[2026-09-21 20:11:52] INFO: OK target=(0,0,0) joints=(0,0,0,0,0,0) speed=1.00 constraint=0.0N
[2026-09-21 20:12:01] INFO: OK target=(0,0,0) joints=(0,0,0,0,0,0) speed=1.00 constraint=0.0N
[2026-09-21 20:12:02] INFO: OK target=(0,0,0) joints=(0,0,0,0,0,0) speed=1.00 constraint=0.0N
[2026-09-21 20:12:03] INFO: OK target=(0,0,0) joints=(0,0,0,0,0,0) speed=1.00 constraint=0.0N
[2026-09-21 20:12:04] INFO: OK target=(0,0,0) joints=(0,0,0,0,0,0) speed=1.00 constraint=0.0N
[2026-09-21 20:12:05] INFO: OK target=(0,0,0) joints=(0,0,0,0,0,0) speed=1.00 constraint=0.0N
[2026-09-21 20:12:07] INFO: OK target=(0,0,0) joints=(0,0,0,0,0,0) speed=1.00 constraint=0.0N
[2026-09-21 20:12:14] INFO: OK target=(0,0,0) joints=(0,0,0,0,0,0) speed=1.00 constraint=0.0N
[2026-09-21 20:12:15] INFO: OK target=(0,0,0) joints=(0,0,0,0,0,0) speed=1.00 constraint=0.0N
[2026-09-21 20:12:16] INFO: OK target=(0,0,0) joints=(0,0,0,0,0,0) speed=1.00 constraint=0.0N
[2026-09-21 20:12:16] INFO: OK target=(0,0,0) joints=(0,0,0,0,0,0) speed=1.00 constraint=0.0N
[2026-09-21 20:12:17] INFO: OK target=(0,0,0) joints=(0,0,0,0,0,0) speed=1.00 constraint=0.0N
[2026-09-21 20:12:17] INFO: OK target=(0,0,0) joints=(0,0,0,0,0,0) speed=1.00 constraint=0.0N

[2026-09-21 20:17:05] === SESSION START ===
[2026-09-21 20:17:14] INFO: OK target=(0,0,0) joints=(0,0,0,0,0,0) speed=1.00 constraint=0.0N
[2026-09-21 20:17:14] INFO: OK target=(0,0,0) joints=(0,0,0,0,0,0) speed=1.00 constraint=0.0N
[2026-09-21 20:17:15] INFO: OK target=(0,0,0) joints=(0,0,0,0,0,0) speed=1.00 constraint=0.0N
[2026-09-21 20:17:15] INFO: OK target=(0,0,0) joints=(0,0,0,0,0,0) speed=1.00 constraint=0.0N
[2026-09-21 20:17:16] INFO: OK target=(0,0,0) joints=(0,0,0,0,0,0) speed=1.00 constraint=0.0N
[2026-09-21 20:17:17] INFO: OK target=(0,0,0) joints=(0,0,0,0,0,0) speed=1.00 constraint=0.0N
[2026-09-21 20:17:18] INFO: OK target=(0,0,0) joints=(0,0,0,0,0,0) speed=1.00 constraint=0.0N
[2026-09-21 20:17:19] INFO: OK target=(0,0,0) joints=(0,0,0,0,0,0) speed=1.00 constraint=0.0N
[2026-09-21 20:17:19] INFO: OK target=(0,0,0) joints=(0,0,0,0,0,0) speed=1.00 constraint=0.0N
[2026-09-21 20:17:19] INFO: OK target=(0,0,0) joints=(0,0,0,0,0,0) speed=1.00 constraint=0.0N
[2026-09-21 20:17:19] INFO: OK target=(0,0,0) joints=(0,0,0,0,0,0) speed=1.00 constraint=0.0N
[2026-09-21 20:17:19] INFO: OK target=(0,0,0) joints=(0,0,0,0,0,0) speed=1.00 constraint=0.0N
[2026-09-21 20:17:19] INFO: OK target=(0,0,0) joints=(0,0,0,0,0,0) speed=1.00 constraint=0.0N
[2026-09-21 20:17:29] INFO: OK target=(0,0,0) joints=(0,0,0,0,0,0) speed=1.00 constraint=0.0N

[2026-09-21 20:21:22] === SESSION START ===
[2026-09-21 20:21:55] INFO: OK target=(0,0,0) joints=(0,0,0,0,0,0) speed=1.00 constraint=0.0N
[2026-09-21 20:21:57] INFO: OK target=(0,0,0) joints=(0,0,0,0,0,0) speed=1.00 constraint=0.0N
[2026-09-21 20:21:57] INFO: OK target=(0,0,0) joints=(0,0,0,0,0,0) speed=1.00 constraint=0.0N
[2026-09-21 20:22:12] INFO: OK target=(0,0,0) joints=(0,0,0,0,0,0) speed=1.00 constraint=0.0N
[2026-09-21 20:22:13] INFO: OK target=(0,0,0) joints=(0,0,0,0,0,0) speed=1.00 constraint=0.0N
[2026-09-21 20:22:19] INFO: OK target=(0,0,0) joints=(0,0,0,0,0,0) speed=1.00 constraint=0.0N
[2026-09-21 20:22:22] INFO: OK target=(0,0,0) joints=(0,0,0,0,0,0) speed=1.00 constraint=0.0N
[2026-09-21 20:22:26] INFO: OK target=(0,0,0) joints=(0,0,0,0,0,0) speed=1.00 constraint=0.0N

[2026-09-21 20:27:09] === SESSION START ===
[2026-09-21 20:27:24] REJECT: ERR_FORCE_INCONSISTENT target=(-64,-204,370) joints=(0,0,0,0,0,0) speed=0.00 constraint=0.0N
[2026-09-21 20:27:29] REJECT: ERR_FORCE_INCONSISTENT target=(-64,-204,370) joints=(0,0,0,0,0,0) speed=0.00 constraint=0.0N
[2026-09-21 20:27:34] REJECT: ERR_FORCE_INCONSISTENT target=(-64,-204,370) joints=(0,0,0,0,0,0) speed=0.00 constraint=0.0N
[2026-09-21 20:27:39] REJECT: ERR_FORCE_INCONSISTENT target=(-64,-204,370) joints=(0,0,0,0,0,0) speed=0.00 constraint=0.0N
[2026-09-21 20:27:44] REJECT: ERR_FORCE_INCONSISTENT target=(-64,-204,370) joints=(0,0,0,0,0,0) speed=0.00 constraint=0.0N
[2026-09-21 20:27:49] REJECT: ERR_FORCE_INCONSISTENT target=(-64,-204,370) joints=(0,0,0,0,0,0) speed=0.00 constraint=0.0N
[2026-09-21 20:27:54] REJECT: ERR_FORCE_INCONSISTENT target=(-64,-204,370) joints=(0,0,0,0,0,0) speed=0.00 constraint=0.0N
[2026-09-21 20:27:59] REJECT: ERR_FORCE_INCONSISTENT target=(-64,-204,370) joints=(0,0,0,0,0,0) speed=0.00 constraint=0.0N
[2026-09-21 20:28:04] REJECT: ERR_FORCE_INCONSISTENT target=(-64,-204,370) joints=(0,0,0,0,0,0) speed=0.00 constraint=0.0N
[2026-09-21 20:28:09] REJECT: ERR_FORCE_INCONSISTENT target=(-64,-204,370) joints=(0,0,0,0,0,0) speed=0.00 constraint=0.0N
[2026-09-21 20:28:14] REJECT: ERR_FORCE_INCONSISTENT target=(-64,-204,370) joints=(0,0,0,0,0,0) speed=0.00 constraint=0.0N
[2026-09-21 20:28:19] REJECT: ERR_FORCE_INCONSISTENT target=(-64,-204,370) joints=(0,0,0,0,0,0) speed=0.00 constraint=0.0N
[2026-09-21 20:28:24] REJECT: ERR_FORCE_INCONSISTENT target=(-64,-204,370) joints=(0,0,0,0,0,0) speed=0.00 constraint=0.0N
[2026-09-21 20:28:29] REJECT: ERR_FORCE_INCONSISTENT target=(-64,-204,370) joints=(0,0,0,0,0,0) speed=0.00 constraint=0.0N
[2026-09-21 20:28:34] REJECT: ERR_FORCE_INCONSISTENT target=(-64,-204,370) joints=(0,0,0,0,0,0) speed=0.00 constraint=0.0N
[2026-09-21 20:28:39] REJECT: ERR_FORCE_INCONSISTENT target=(-64,-204,370) joints=(0,0,0,0,0,0) speed=0.00 constraint=0.0N
[2026-09-21 20:28:45] REJECT: ERR_FORCE_INCONSISTENT target=(-64,-204,370) joints=(0,0,0,0,0,0) speed=0.00 constraint=0.0N
[2026-09-21 20:28:50] REJECT: ERR_FORCE_INCONSISTENT target=(-64,-204,370) joints=(0,0,0,0,0,0) speed=0.00 constraint=0.0N
[2026-09-21 20:28:55] REJECT: ERR_FORCE_INCONSISTENT target=(-64,-204,370) joints=(0,0,0,0,0,0) speed=0.00 constraint=0.0N
[2026-09-21 20:29:00] REJECT: ERR_FORCE_INCONSISTENT target=(-64,-204,370) joints=(0,0,0,0,0,0) speed=0.00 constraint=0.0N
[2026-09-21 20:29:05] REJECT: ERR_FORCE_INCONSISTENT target=(-64,-204,370) joints=(0,0,0,0,0,0) speed=0.00 constraint=0.0N
[2026-09-21 20:29:10] REJECT: ERR_FORCE_INCONSISTENT target=(-64,-204,370) joints=(0,0,0,0,0,0) speed=0.00 constraint=0.0N
[2026-09-21 20:29:15] REJECT: ERR_FORCE_INCONSISTENT target=(-64,-204,370) joints=(0,0,0,0,0,0) speed=0.00 constraint=0.0N
[2026-09-21 20:29:20] REJECT: ERR_FORCE_INCONSISTENT target=(-64,-204,370) joints=(0,0,0,0,0,0) speed=0.00 constraint=0.0N
[2026-09-21 20:29:25] REJECT: ERR_FORCE_INCONSISTENT target=(-64,-204,370) joints=(0,0,0,0,0,0) speed=0.00 constraint=0.0N
[2026-09-21 20:29:30] REJECT: ERR_FORCE_INCONSISTENT target=(-64,-204,370) joints=(0,0,0,0,0,0) speed=0.00 constraint=0.0N
[2026-09-21 20:29:35] REJECT: ERR_FORCE_INCONSISTENT target=(-64,-204,370) joints=(0,0,0,0,0,0) speed=0.00 constraint=0.0N
[2026-09-21 20:29:40] REJECT: ERR_FORCE_INCONSISTENT target=(-64,-204,370) joints=(0,0,0,0,0,0) speed=0.00 constraint=0.0N
[2026-09-21 20:29:45] REJECT: ERR_FORCE_INCONSISTENT target=(-64,-204,370) joints=(0,0,0,0,0,0) speed=0.00 constraint=0.0N
[2026-09-21 20:29:50] REJECT: ERR_FORCE_INCONSISTENT target=(-64,-204,370) joints=(0,0,0,0,0,0) speed=0.00 constraint=0.0N
[2026-09-21 20:29:55] REJECT: ERR_FORCE_INCONSISTENT target=(-64,-204,370) joints=(0,0,0,0,0,0) speed=0.00 constraint=0.0N

[2026-09-21 20:31:16] === SESSION START ===
[2026-09-21 20:31:16] REJECT: ERR_FORCE_INCONSISTENT target=(-64,-204,370) joints=(0,0,0,0,0,0) speed=0.00 constraint=0.0N
[2026-09-21 20:31:21] REJECT: ERR_FORCE_INCONSISTENT target=(-64,-204,370) joints=(0,0,0,0,0,0) speed=0.00 constraint=0.0N
[2026-09-21 20:31:26] REJECT: ERR_FORCE_INCONSISTENT target=(-64,-204,370) joints=(0,0,0,0,0,0) speed=0.00 constraint=0.0N
[2026-09-21 20:31:31] REJECT: ERR_FORCE_INCONSISTENT target=(-64,-204,370) joints=(0,0,0,0,0,0) speed=0.00 constraint=0.0N
[2026-09-21 20:31:36] REJECT: ERR_FORCE_INCONSISTENT target=(-64,-204,370) joints=(0,0,0,0,0,0) speed=0.00 constraint=0.0N
[2026-09-21 20:31:41] REJECT: ERR_FORCE_INCONSISTENT target=(-64,-204,370) joints=(0,0,0,0,0,0) speed=0.00 constraint=0.0N
[2026-09-21 20:31:46] REJECT: ERR_FORCE_INCONSISTENT target=(-64,-204,370) joints=(0,0,0,0,0,0) speed=0.00 constraint=0.0N
[2026-09-21 20:31:51] REJECT: ERR_FORCE_INCONSISTENT target=(-64,-204,370) joints=(0,0,0,0,0,0) speed=0.00 constraint=0.0N
[2026-09-21 20:31:56] REJECT: ERR_FORCE_INCONSISTENT target=(-64,-204,370) joints=(0,0,0,0,0,0) speed=0.00 constraint=0.0N
[2026-09-21 20:32:01] REJECT: ERR_FORCE_INCONSISTENT target=(-64,-204,370) joints=(0,0,0,0,0,0) speed=0.00 constraint=0.0N
[2026-09-21 20:32:07] REJECT: ERR_FORCE_INCONSISTENT target=(-64,-204,370) joints=(0,0,0,0,0,0) speed=0.00 constraint=0.0N
[2026-09-21 20:32:12] REJECT: ERR_FORCE_INCONSISTENT target=(-64,-204,370) joints=(0,0,0,0,0,0) speed=0.00 constraint=0.0N
[2026-09-21 20:32:17] REJECT: ERR_FORCE_INCONSISTENT target=(-64,-204,370) joints=(0,0,0,0,0,0) speed=0.00 constraint=0.0N
[2026-09-21 20:32:22] REJECT: ERR_FORCE_INCONSISTENT target=(-64,-204,370) joints=(0,0,0,0,0,0) speed=0.00 constraint=0.0N
[2026-09-21 20:32:27] REJECT: ERR_FORCE_INCONSISTENT target=(-64,-204,370) joints=(0,0,0,0,0,0) speed=0.00 constraint=0.0N
[2026-09-21 20:32:32] REJECT: ERR_FORCE_INCONSISTENT target=(-64,-204,370) joints=(0,0,0,0,0,0) speed=0.00 constraint=0.0N
[2026-09-21 20:32:37] REJECT: ERR_FORCE_INCONSISTENT target=(-64,-204,370) joints=(0,0,0,0,0,0) speed=0.00 constraint=0.0N
[2026-09-21 20:32:42] REJECT: ERR_FORCE_INCONSISTENT target=(-64,-204,370) joints=(0,0,0,0,0,0) speed=0.00 constraint=0.0N
[2026-09-21 20:32:47] REJECT: ERR_FORCE_INCONSISTENT target=(-64,-204,370) joints=(0,0,0,0,0,0) speed=0.00 constraint=0.0N
[2026-09-21 20:32:52] REJECT: ERR_FORCE_INCONSISTENT target=(-64,-204,370) joints=(0,0,0,0,0,0) speed=0.00 constraint=0.0N
[2026-09-21 20:32:57] REJECT: ERR_FORCE_INCONSISTENT target=(-64,-204,370) joints=(0,0,0,0,0,0) speed=0.00 constraint=0.0N
[2026-09-21 20:33:02] REJECT: ERR_FORCE_INCONSISTENT target=(-64,-204,370) joints=(0,0,0,0,0,0) speed=0.00 constraint=0.0N

[2026-09-21 20:35:21] === SESSION START ===
[2026-09-21 20:38:52] INFO: OK target=(0,0,0) joints=(0,0,0,0,0,0) speed=1.00 constraint=0.0N
[2026-09-21 20:38:55] INFO: OK target=(0,0,0) joints=(0,0,0,0,0,0) speed=1.00 constraint=0.0N
[2026-09-21 20:39:01] INFO: OK target=(0,0,0) joints=(0,0,0,0,0,0) speed=1.00 constraint=0.0N
[2026-09-21 20:39:05] INFO: OK target=(0,0,0) joints=(0,0,0,0,0,0) speed=1.00 constraint=0.0N
[2026-09-21 20:39:21] INFO: OK target=(0,0,0) joints=(0,0,0,0,0,0) speed=1.00 constraint=0.0N
[2026-09-21 20:39:22] INFO: OK target=(0,0,0) joints=(0,0,0,0,0,0) speed=1.00 constraint=0.0N
[2026-09-21 20:39:40] INFO: OK target=(0,0,0) joints=(0,0,0,0,0,0) speed=1.00 constraint=0.0N
[2026-09-21 20:39:41] INFO: OK target=(0,0,0) joints=(0,0,0,0,0,0) speed=1.00 constraint=0.0N
[2026-09-21 20:39:43] INFO: OK target=(0,0,0) joints=(0,0,0,0,0,0) speed=1.00 constraint=0.0N
[2026-09-21 20:39:43] INFO: OK target=(0,0,0) joints=(0,0,0,0,0,0) speed=1.00 constraint=0.0N
[2026-09-21 20:39:43] INFO: OK target=(0,0,0) joints=(0,0,0,0,0,0) speed=1.00 constraint=0.0N
[2026-09-21 20:39:43] INFO: OK target=(0,0,0) joints=(0,0,0,0,0,0) speed=1.00 constraint=0.0N
[2026-09-21 20:39:43] INFO: OK target=(0,0,0) joints=(0,0,0,0,0,0) speed=1.00 constraint=0.0N
[2026-09-21 20:40:13] INFO: OK target=(0,0,0) joints=(0,0,0,0,0,0) speed=1.00 constraint=0.0N
[2026-09-21 20:40:41] INFO: OK target=(0,0,0) joints=(0,0,0,0,0,0) speed=1.00 constraint=0.0N
[2026-09-21 20:40:41] INFO: OK target=(0,0,0) joints=(0,0,0,0,0,0) speed=1.00 constraint=0.0N
[2026-09-21 20:40:42] INFO: OK target=(0,0,0) joints=(0,0,0,0,0,0) speed=1.00 constraint=0.0N
[2026-09-21 20:40:42] INFO: OK target=(0,0,0) joints=(0,0,0,0,0,0) speed=1.00 constraint=0.0N
[2026-09-21 20:40:43] INFO: OK target=(0,0,0) joints=(0,0,0,0,0,0) speed=1.00 constraint=0.0N
[2026-09-21 20:40:43] INFO: OK target=(0,0,0) joints=(0,0,0,0,0,0) speed=1.00 constraint=0.0N

[2026-09-21 20:40:54] === SESSION START ===
[2026-09-21 20:40:56] INFO: OK target=(0,0,0) joints=(0,0,0,0,0,0) speed=1.00 constraint=0.0N
[2026-09-21 20:40:57] INFO: OK target=(0,0,0) joints=(0,0,0,0,0,0) speed=1.00 constraint=0.0N

[2026-09-21 20:42:08] === SESSION START ===
[2026-09-21 20:43:06] INFO: OK target=(0,0,0) joints=(0,0,0,0,0,0) speed=1.00 constraint=0.0N
[2026-09-21 20:43:07] INFO: OK target=(0,0,0) joints=(0,0,0,0,0,0) speed=1.00 constraint=0.0N

[2026-09-21 20:44:07] === SESSION START ===
[2026-09-21 20:44:18] INFO: OK target=(0,0,0) joints=(0,0,0,0,0,0) speed=1.00 constraint=0.0N
[2026-09-21 20:44:20] INFO: OK target=(0,0,0) joints=(0,0,0,0,0,0) speed=1.00 constraint=0.0N
[2026-09-21 20:44:21] INFO: OK target=(0,0,0) joints=(0,0,0,0,0,0) speed=1.00 constraint=0.0N
[2026-09-21 20:44:22] INFO: OK target=(0,0,0) joints=(0,0,0,0,0,0) speed=1.00 constraint=0.0N

[2026-09-21 20:50:38] === SESSION START ===
[2026-09-21 20:50:40] INFO: OK target=(0,0,0) joints=(0,0,0,0,0,0) speed=1.00 constraint=0.0N
[2026-09-21 20:50:40] INFO: OK target=(0,0,0) joints=(0,0,0,0,0,0) speed=1.00 constraint=0.0N
[2026-09-21 20:50:52] INFO: OK target=(0,0,0) joints=(0,0,0,0,0,0) speed=1.00 constraint=0.0N

[2026-09-21 20:51:38] === SESSION START ===
[2026-09-21 20:51:45] INFO: OK target=(0,0,0) joints=(0,0,0,0,0,0) speed=1.00 constraint=0.0N
[2026-09-21 20:51:47] INFO: OK target=(0,0,0) joints=(0,0,0,0,0,0) speed=1.00 constraint=0.0N
[2026-09-21 20:51:48] INFO: OK target=(0,0,0) joints=(0,0,0,0,0,0) speed=1.00 constraint=0.0N
[2026-09-21 20:51:53] INFO: OK target=(0,0,0) joints=(0,0,0,0,0,0) speed=1.00 constraint=0.0N
[2026-09-21 20:51:58] INFO: OK target=(0,0,0) joints=(0,0,0,0,0,0) speed=1.00 constraint=0.0N
[2026-09-21 20:52:03] INFO: OK target=(0,0,0) joints=(0,0,0,0,0,0) speed=1.00 constraint=0.0N
[2026-09-21 20:52:03] INFO: OK target=(0,0,0) joints=(0,0,0,0,0,0) speed=1.00 constraint=0.0N
[2026-09-21 20:52:09] INFO: OK target=(0,0,0) joints=(0,0,0,0,0,0) speed=1.00 constraint=0.0N
[2026-09-21 20:52:09] INFO: OK target=(0,0,0) joints=(0,0,0,0,0,0) speed=1.00 constraint=0.0N
[2026-09-21 20:52:16] INFO: OK target=(0,0,0) joints=(0,0,0,0,0,0) speed=1.00 constraint=0.0N
[2026-09-21 20:52:21] INFO: OK target=(0,0,0) joints=(0,0,0,0,0,0) speed=1.00 constraint=0.0N
[2026-09-21 20:52:28] INFO: OK target=(0,0,0) joints=(0,0,0,0,0,0) speed=1.00 constraint=0.0N

[2026-09-21 20:55:34] === SESSION START ===
[2026-09-21 20:55:51] INFO: OK target=(0,0,0) joints=(0,0,0,0,0,0) speed=1.00 constraint=0.0N
[2026-09-21 20:55:55] INFO: OK target=(0,0,0) joints=(0,0,0,0,0,0) speed=1.00 constraint=0.0N

[2026-09-21 21:08:42] === SESSION START ===
[2026-09-21 21:08:51] INFO: OK target=(0,0,0) joints=(0,0,0,0,0,0) speed=1.00 constraint=0.0N
[2026-09-21 21:08:58] INFO: OK target=(0,0,0) joints=(0,0,0,0,0,0) speed=1.00 constraint=0.0N
[2026-09-21 21:08:59] INFO: OK target=(0,0,0) joints=(0,0,0,0,0,0) speed=1.00 constraint=0.0N
[2026-09-21 21:09:00] INFO: OK target=(0,0,0) joints=(0,0,0,0,0,0) speed=1.00 constraint=0.0N
[2026-09-21 21:09:01] INFO: OK target=(0,0,0) joints=(0,0,0,0,0,0) speed=1.00 constraint=0.0N
[2026-09-21 21:09:01] INFO: OK target=(0,0,0) joints=(0,0,0,0,0,0) speed=1.00 constraint=0.0N
[2026-09-21 21:09:02] INFO: OK target=(0,0,0) joints=(0,0,0,0,0,0) speed=1.00 constraint=0.0N
[2026-09-21 21:09:15] INFO: OK target=(0,0,0) joints=(0,0,0,0,0,0) speed=1.00 constraint=0.0N
[2026-09-21 21:09:15] INFO: OK target=(0,0,0) joints=(0,0,0,0,0,0) speed=1.00 constraint=0.0N
[2026-09-21 21:09:18] INFO: OK target=(0,0,0) joints=(0,0,0,0,0,0) speed=1.00 constraint=0.0N
[2026-09-21 21:09:20] INFO: OK target=(0,0,0) joints=(0,0,0,0,0,0) speed=1.00 constraint=0.0N
[2026-09-21 21:09:21] INFO: OK target=(0,0,0) joints=(0,0,0,0,0,0) speed=1.00 constraint=0.0N
[2026-09-21 21:09:22] INFO: OK target=(0,0,0) joints=(0,0,0,0,0,0) speed=1.00 constraint=0.0N
[2026-09-21 21:09:28] INFO: OK target=(0,0,0) joints=(0,0,0,0,0,0) speed=1.00 constraint=0.0N
[2026-09-21 21:09:29] INFO: OK target=(0,0,0) joints=(0,0,0,0,0,0) speed=1.00 constraint=0.0N
[2026-09-21 21:09:33] INFO: OK target=(0,0,0) joints=(0,0,0,0,0,0) speed=1.00 constraint=0.0N
[2026-09-21 21:09:43] INFO: OK target=(0,0,0) joints=(0,0,0,0,0,0) speed=1.00 constraint=0.0N
[2026-09-21 21:09:53] INFO: OK target=(0,0,0) joints=(0,0,0,0,0,0) speed=1.00 constraint=0.0N

[2026-09-21 21:14:08] === SESSION START ===
[2026-09-21 21:14:14] INFO: OK target=(0,0,0) joints=(0,0,0,0,0,0) speed=1.00 constraint=0.0N
[2026-09-21 21:14:16] INFO: OK target=(0,0,0) joints=(0,0,0,0,0,0) speed=1.00 constraint=0.0N
[2026-09-21 21:14:27] INFO: OK target=(0,0,0) joints=(0,0,0,0,0,0) speed=1.00 constraint=0.0N
[2026-09-21 21:14:52] INFO: OK target=(0,0,0) joints=(0,0,0,0,0,0) speed=1.00 constraint=0.0N
[2026-09-21 21:14:53] INFO: OK target=(0,0,0) joints=(0,0,0,0,0,0) speed=1.00 constraint=0.0N
[2026-09-21 21:15:00] INFO: OK target=(0,0,0) joints=(0,0,0,0,0,0) speed=1.00 constraint=0.0N
[2026-09-21 21:15:01] INFO: OK target=(0,0,0) joints=(0,0,0,0,0,0) speed=1.00 constraint=0.0N
[2026-09-21 21:15:08] INFO: OK target=(0,0,0) joints=(0,0,0,0,0,0) speed=1.00 constraint=0.0N
[2026-09-21 21:15:15] INFO: OK target=(0,0,0) joints=(0,0,0,0,0,0) speed=1.00 constraint=0.0N
[2026-09-21 21:15:15] INFO: OK target=(0,0,0) joints=(0,0,0,0,0,0) speed=1.00 constraint=0.0N

[2026-09-21 21:16:26] === SESSION START ===
[2026-09-21 21:16:32] INFO: OK target=(0,0,0) joints=(0,0,0,0,0,0) speed=1.00 constraint=0.0N
[2026-09-21 21:16:40] INFO: OK target=(0,0,0) joints=(0,0,0,0,0,0) speed=1.00 constraint=0.0N
[2026-09-21 21:16:56] INFO: OK target=(0,0,0) joints=(0,0,0,0,0,0) speed=1.00 constraint=0.0N

[2026-09-21 21:18:05] === SESSION START ===
[2026-09-21 21:18:14] INFO: OK target=(0,0,0) joints=(0,0,0,0,0,0) speed=1.00 constraint=0.0N
[2026-09-21 21:18:41] INFO: OK target=(0,0,0) joints=(0,0,0,0,0,0) speed=1.00 constraint=0.0N

[2026-09-21 21:20:17] === SESSION START ===
[2026-09-21 21:20:20] INFO: OK target=(0,0,0) joints=(0,0,0,0,0,0) speed=1.00 constraint=0.0N
[2026-09-21 21:20:35] INFO: OK target=(0,0,0) joints=(0,0,0,0,0,0) speed=1.00 constraint=0.0N
[2026-09-21 21:20:35] INFO: OK target=(0,0,0) joints=(0,0,0,0,0,0) speed=1.00 constraint=0.0N
[2026-09-21 21:20:36] INFO: OK target=(0,0,0) joints=(0,0,0,0,0,0) speed=1.00 constraint=0.0N
[2026-09-21 21:20:51] INFO: OK target=(0,0,0) joints=(0,0,0,0,0,0) speed=1.00 constraint=0.0N
[2026-09-21 21:20:51] INFO: OK target=(0,0,0) joints=(0,0,0,0,0,0) speed=1.00 constraint=0.0N
[2026-09-21 21:20:52] INFO: OK target=(0,0,0) joints=(0,0,0,0,0,0) speed=1.00 constraint=0.0N
[2026-09-21 21:20:53] INFO: OK target=(0,0,0) joints=(0,0,0,0,0,0) speed=1.00 constraint=0.0N

[2026-09-21 21:21:04] === SESSION START ===
[2026-09-21 21:21:11] INFO: OK target=(0,0,0) joints=(0,0,0,0,0,0) speed=1.00 constraint=0.0N
[2026-09-21 21:21:20] INFO: OK target=(0,0,0) joints=(0,0,0,0,0,0) speed=1.00 constraint=0.0N
[2026-09-21 21:21:21] INFO: OK target=(0,0,0) joints=(0,0,0,0,0,0) speed=1.00 constraint=0.0N
[2026-09-21 21:21:40] INFO: OK target=(0,0,0) joints=(0,0,0,0,0,0) speed=1.00 constraint=0.0N
[2026-09-21 21:21:49] === SESSION END === errors: WARN=0 DEGRADE=0 REJECT=0 FATAL=0 total_events=4


[2026-09-21 21:24:31] === SESSION START ===

[2026-09-21 21:30:47] === SESSION START ===

[2026-09-21 21:35:03] === SESSION START ===
[2026-09-21 21:38:30] INFO: OK target=(0,0,0) joints=(0,0,0,0,0,0) speed=1.00 constraint=0.0N
[2026-09-21 21:38:32] INFO: OK target=(0,0,0) joints=(0,0,0,0,0,0) speed=1.00 constraint=0.0N
[2026-09-21 21:38:33] INFO: OK target=(0,0,0) joints=(0,0,0,0,0,0) speed=1.00 constraint=0.0N
[2026-09-21 21:38:34] INFO: OK target=(0,0,0) joints=(0,0,0,0,0,0) speed=1.00 constraint=0.0N
[2026-09-21 21:38:35] INFO: OK target=(0,0,0) joints=(0,0,0,0,0,0) speed=1.00 constraint=0.0N
[2026-09-21 21:38:36] INFO: OK target=(0,0,0) joints=(0,0,0,0,0,0) speed=1.00 constraint=0.0N
[2026-09-21 21:38:37] INFO: OK target=(0,0,0) joints=(0,0,0,0,0,0) speed=1.00 constraint=0.0N
[2026-09-21 21:38:38] INFO: OK target=(0,0,0) joints=(0,0,0,0,0,0) speed=1.00 constraint=0.0N
[2026-09-21 21:38:39] INFO: OK target=(0,0,0) joints=(0,0,0,0,0,0) speed=1.00 constraint=0.0N
[2026-09-21 21:38:40] INFO: OK target=(0,0,0) joints=(0,0,0,0,0,0) speed=1.00 constraint=0.0N
[2026-09-21 21:38:40] INFO: OK target=(0,0,0) joints=(0,0,0,0,0,0) speed=1.00 constraint=0.0N
[2026-09-21 21:38:40] INFO: OK target=(0,0,0) joints=(0,0,0,0,0,0) speed=1.00 constraint=0.0N
[2026-09-21 21:38:40] INFO: OK target=(0,0,0) joints=(0,0,0,0,0,0) speed=1.00 constraint=0.0N
[2026-09-21 21:38:43] INFO: OK target=(0,0,0) joints=(0,0,0,0,0,0) speed=1.00 constraint=0.0N
[2026-09-21 21:38:45] INFO: OK target=(0,0,0) joints=(0,0,0,0,0,0) speed=1.00 constraint=0.0N
[2026-09-21 21:38:45] INFO: OK target=(0,0,0) joints=(0,0,0,0,0,0) speed=1.00 constraint=0.0N
[2026-09-21 21:38:46] INFO: OK target=(0,0,0) joints=(0,0,0,0,0,0) speed=1.00 constraint=0.0N
[2026-09-21 21:38:47] INFO: OK target=(0,0,0) joints=(0,0,0,0,0,0) speed=1.00 constraint=0.0N
[2026-09-21 21:38:47] INFO: OK target=(0,0,0) joints=(0,0,0,0,0,0) speed=1.00 constraint=0.0N
[2026-09-21 21:38:48] REJECT: ERR_FORCE_INCONSISTENT target=(-103,-325,192) joints=(0,0,0,0,0,0) speed=0.00 constraint=0.0N
[2026-09-21 21:38:53] REJECT: ERR_FORCE_INCONSISTENT target=(-103,-325,193) joints=(0,0,0,0,0,0) speed=0.00 constraint=0.0N
[2026-09-21 21:38:58] REJECT: ERR_FORCE_INCONSISTENT target=(-103,-325,193) joints=(0,0,0,0,0,0) speed=0.00 constraint=0.0N
[2026-09-21 21:39:03] REJECT: ERR_FORCE_INCONSISTENT target=(-103,-325,193) joints=(0,0,0,0,0,0) speed=0.00 constraint=0.0N
[2026-09-21 21:39:08] REJECT: ERR_FORCE_INCONSISTENT target=(-103,-325,193) joints=(0,0,0,0,0,0) speed=0.00 constraint=0.0N
[2026-09-21 21:39:13] REJECT: ERR_FORCE_INCONSISTENT target=(-103,-325,193) joints=(0,0,0,0,0,0) speed=0.00 constraint=0.0N
[2026-09-21 21:39:15] INFO: OK target=(0,0,0) joints=(0,0,0,0,0,0) speed=1.00 constraint=0.0N
[2026-09-21 21:39:18] REJECT: ERR_FORCE_INCONSISTENT target=(-103,-325,193) joints=(0,0,0,0,0,0) speed=0.00 constraint=0.0N
[2026-09-21 21:39:23] REJECT: ERR_FORCE_INCONSISTENT target=(-103,-325,193) joints=(0,0,0,0,0,0) speed=0.00 constraint=0.0N
[2026-09-21 21:39:29] REJECT: ERR_FORCE_INCONSISTENT target=(-103,-325,193) joints=(0,0,0,0,0,0) speed=0.00 constraint=0.0N
[2026-09-21 21:39:34] REJECT: ERR_FORCE_INCONSISTENT target=(-103,-325,193) joints=(0,0,0,0,0,0) speed=0.00 constraint=0.0N
[2026-09-21 21:39:39] REJECT: ERR_FORCE_INCONSISTENT target=(-103,-325,193) joints=(0,0,0,0,0,0) speed=0.00 constraint=0.0N
[2026-09-21 21:39:44] REJECT: ERR_FORCE_INCONSISTENT target=(-103,-325,193) joints=(0,0,0,0,0,0) speed=0.00 constraint=0.0N
[2026-09-21 21:39:49] REJECT: ERR_FORCE_INCONSISTENT target=(-103,-325,193) joints=(0,0,0,0,0,0) speed=0.00 constraint=0.0N

[2026-09-21 21:41:29] === SESSION START ===
[2026-09-21 21:41:35] INFO: OK target=(0,0,0) joints=(0,0,0,0,0,0) speed=1.00 constraint=0.0N
[2026-09-21 21:41:36] INFO: OK target=(0,0,0) joints=(0,0,0,0,0,0) speed=1.00 constraint=0.0N
[2026-09-21 21:41:36] INFO: OK target=(0,0,0) joints=(0,0,0,0,0,0) speed=1.00 constraint=0.0N
[2026-09-21 21:41:37] INFO: OK target=(0,0,0) joints=(0,0,0,0,0,0) speed=1.00 constraint=0.0N
[2026-09-21 21:41:38] INFO: OK target=(0,0,0) joints=(0,0,0,0,0,0) speed=1.00 constraint=0.0N
[2026-09-21 21:41:38] INFO: OK target=(0,0,0) joints=(0,0,0,0,0,0) speed=1.00 constraint=0.0N
[2026-09-21 21:41:39] INFO: OK target=(0,0,0) joints=(0,0,0,0,0,0) speed=1.00 constraint=0.0N
[2026-09-21 21:41:39] INFO: OK target=(0,0,0) joints=(0,0,0,0,0,0) speed=1.00 constraint=0.0N
[2026-09-21 21:41:40] INFO: OK target=(0,0,0) joints=(0,0,0,0,0,0) speed=1.00 constraint=0.0N
[2026-09-21 21:41:41] INFO: OK target=(0,0,0) joints=(0,0,0,0,0,0) speed=1.00 constraint=0.0N
[2026-09-21 21:41:41] INFO: OK target=(0,0,0) joints=(0,0,0,0,0,0) speed=1.00 constraint=0.0N
[2026-09-21 21:41:42] INFO: OK target=(0,0,0) joints=(0,0,0,0,0,0) speed=1.00 constraint=0.0N
[2026-09-21 21:41:43] INFO: OK target=(0,0,0) joints=(0,0,0,0,0,0) speed=1.00 constraint=0.0N
[2026-09-21 21:41:43] INFO: OK target=(0,0,0) joints=(0,0,0,0,0,0) speed=1.00 constraint=0.0N
[2026-09-21 21:41:44] INFO: OK target=(0,0,0) joints=(0,0,0,0,0,0) speed=1.00 constraint=0.0N
[2026-09-21 21:41:44] INFO: OK target=(0,0,0) joints=(0,0,0,0,0,0) speed=1.00 constraint=0.0N
[2026-09-21 21:41:45] INFO: OK target=(0,0,0) joints=(0,0,0,0,0,0) speed=1.00 constraint=0.0N
[2026-09-21 21:41:45] INFO: OK target=(0,0,0) joints=(0,0,0,0,0,0) speed=1.00 constraint=0.0N
[2026-09-21 21:41:46] INFO: OK target=(0,0,0) joints=(0,0,0,0,0,0) speed=1.00 constraint=0.0N
[2026-09-21 21:41:47] INFO: OK target=(0,0,0) joints=(0,0,0,0,0,0) speed=1.00 constraint=0.0N
[2026-09-21 21:41:47] INFO: OK target=(0,0,0) joints=(0,0,0,0,0,0) speed=1.00 constraint=0.0N
[2026-09-21 21:41:48] INFO: OK target=(0,0,0) joints=(0,0,0,0,0,0) speed=1.00 constraint=0.0N
[2026-09-21 21:41:48] INFO: OK target=(0,0,0) joints=(0,0,0,0,0,0) speed=1.00 constraint=0.0N
[2026-09-21 21:41:49] INFO: OK target=(0,0,0) joints=(0,0,0,0,0,0) speed=1.00 constraint=0.0N
[2026-09-21 21:41:49] INFO: OK target=(0,0,0) joints=(0,0,0,0,0,0) speed=1.00 constraint=0.0N
[2026-09-21 21:41:50] INFO: OK target=(0,0,0) joints=(0,0,0,0,0,0) speed=1.00 constraint=0.0N
[2026-09-21 21:41:50] INFO: OK target=(0,0,0) joints=(0,0,0,0,0,0) speed=1.00 constraint=0.0N
[2026-09-21 21:41:51] INFO: OK target=(0,0,0) joints=(0,0,0,0,0,0) speed=1.00 constraint=0.0N
[2026-09-21 21:41:52] INFO: OK target=(0,0,0) joints=(0,0,0,0,0,0) speed=1.00 constraint=0.0N
[2026-09-21 21:41:52] INFO: OK target=(0,0,0) joints=(0,0,0,0,0,0) speed=1.00 constraint=0.0N
[2026-09-21 21:41:54] INFO: OK target=(0,0,0) joints=(0,0,0,0,0,0) speed=1.00 constraint=0.0N
[2026-09-21 21:41:56] INFO: OK target=(0,0,0) joints=(0,0,0,0,0,0) speed=1.00 constraint=0.0N

[2026-09-21 21:46:12] === SESSION START ===
[2026-09-21 21:46:14] INFO: OK target=(0,0,0) joints=(0,0,0,0,0,0) speed=1.00 constraint=0.0N
[2026-09-21 21:46:15] INFO: OK target=(0,0,0) joints=(0,0,0,0,0,0) speed=1.00 constraint=0.0N
[2026-09-21 21:46:16] INFO: OK target=(0,0,0) joints=(0,0,0,0,0,0) speed=1.00 constraint=0.0N
[2026-09-21 21:46:17] INFO: OK target=(0,0,0) joints=(0,0,0,0,0,0) speed=1.00 constraint=0.0N
[2026-09-21 21:46:17] INFO: OK target=(0,0,0) joints=(0,0,0,0,0,0) speed=1.00 constraint=0.0N
[2026-09-21 21:46:19] INFO: OK target=(0,0,0) joints=(0,0,0,0,0,0) speed=1.00 constraint=0.0N
[2026-09-21 21:46:20] INFO: OK target=(0,0,0) joints=(0,0,0,0,0,0) speed=1.00 constraint=0.0N
[2026-09-21 21:46:22] INFO: OK target=(0,0,0) joints=(0,0,0,0,0,0) speed=1.00 constraint=0.0N
[2026-09-21 21:46:22] INFO: OK target=(0,0,0) joints=(0,0,0,0,0,0) speed=1.00 constraint=0.0N
[2026-09-21 21:46:27] INFO: OK target=(0,0,0) joints=(0,0,0,0,0,0) speed=1.00 constraint=0.0N
[2026-09-21 21:46:30] INFO: OK target=(0,0,0) joints=(0,0,0,0,0,0) speed=1.00 constraint=0.0N
[2026-09-21 21:46:33] INFO: OK target=(0,0,0) joints=(0,0,0,0,0,0) speed=1.00 constraint=0.0N
[2026-09-21 21:46:35] INFO: OK target=(0,0,0) joints=(0,0,0,0,0,0) speed=1.00 constraint=0.0N
[2026-09-21 21:46:36] INFO: OK target=(0,0,0) joints=(0,0,0,0,0,0) speed=1.00 constraint=0.0N
[2026-09-21 21:46:36] INFO: OK target=(0,0,0) joints=(0,0,0,0,0,0) speed=1.00 constraint=0.0N
[2026-09-21 21:46:37] INFO: OK target=(0,0,0) joints=(0,0,0,0,0,0) speed=1.00 constraint=0.0N
[2026-09-21 21:46:37] INFO: OK target=(0,0,0) joints=(0,0,0,0,0,0) speed=1.00 constraint=0.0N
[2026-09-21 21:46:47] INFO: OK target=(0,0,0) joints=(0,0,0,0,0,0) speed=1.00 constraint=0.0N
[2026-09-21 21:46:48] INFO: OK target=(0,0,0) joints=(0,0,0,0,0,0) speed=1.00 constraint=0.0N
[2026-09-21 21:47:00] INFO: OK target=(0,0,0) joints=(0,0,0,0,0,0) speed=1.00 constraint=0.0N
[2026-09-21 21:47:01] INFO: OK target=(0,0,0) joints=(0,0,0,0,0,0) speed=1.00 constraint=0.0N
[2026-09-21 21:47:03] INFO: OK target=(0,0,0) joints=(0,0,0,0,0,0) speed=1.00 constraint=0.0N
[2026-09-21 21:47:05] INFO: OK target=(0,0,0) joints=(0,0,0,0,0,0) speed=1.00 constraint=0.0N
[2026-09-21 21:47:07] INFO: OK target=(0,0,0) joints=(0,0,0,0,0,0) speed=1.00 constraint=0.0N
[2026-09-21 21:47:08] INFO: OK target=(0,0,0) joints=(0,0,0,0,0,0) speed=1.00 constraint=0.0N
[2026-09-21 21:47:11] INFO: OK target=(0,0,0) joints=(0,0,0,0,0,0) speed=1.00 constraint=0.0N
[2026-09-21 21:47:17] INFO: OK target=(0,0,0) joints=(0,0,0,0,0,0) speed=1.00 constraint=0.0N
[2026-09-21 21:47:19] INFO: OK target=(0,0,0) joints=(0,0,0,0,0,0) speed=1.00 constraint=0.0N
[2026-09-21 21:47:20] INFO: OK target=(0,0,0) joints=(0,0,0,0,0,0) speed=1.00 constraint=0.0N
[2026-09-21 21:47:34] INFO: OK target=(0,0,0) joints=(0,0,0,0,0,0) speed=1.00 constraint=0.0N
[2026-09-21 21:47:36] INFO: OK target=(0,0,0) joints=(0,0,0,0,0,0) speed=1.00 constraint=0.0N
[2026-09-21 21:47:36] INFO: OK target=(0,0,0) joints=(0,0,0,0,0,0) speed=1.00 constraint=0.0N
[2026-09-21 21:47:37] INFO: OK target=(0,0,0) joints=(0,0,0,0,0,0) speed=1.00 constraint=0.0N
[2026-09-21 21:47:38] INFO: OK target=(0,0,0) joints=(0,0,0,0,0,0) speed=1.00 constraint=0.0N
[2026-09-21 21:47:46] INFO: OK target=(0,0,0) joints=(0,0,0,0,0,0) speed=1.00 constraint=0.0N
[2026-09-21 21:47:46] INFO: OK target=(0,0,0) joints=(0,0,0,0,0,0) speed=1.00 constraint=0.0N
[2026-09-21 21:47:47] INFO: OK target=(0,0,0) joints=(0,0,0,0,0,0) speed=1.00 constraint=0.0N
[2026-09-21 21:47:48] INFO: OK target=(0,0,0) joints=(0,0,0,0,0,0) speed=1.00 constraint=0.0N
[2026-09-21 21:47:48] INFO: OK target=(0,0,0) joints=(0,0,0,0,0,0) speed=1.00 constraint=0.0N
[2026-09-21 21:47:49] INFO: OK target=(0,0,0) joints=(0,0,0,0,0,0) speed=1.00 constraint=0.0N
[2026-09-21 21:47:49] INFO: OK target=(0,0,0) joints=(0,0,0,0,0,0) speed=1.00 constraint=0.0N
[2026-09-21 21:47:50] INFO: OK target=(0,0,0) joints=(0,0,0,0,0,0) speed=1.00 constraint=0.0N
[2026-09-21 21:47:51] INFO: OK target=(0,0,0) joints=(0,0,0,0,0,0) speed=1.00 constraint=0.0N
[2026-09-21 21:47:51] INFO: OK target=(0,0,0) joints=(0,0,0,0,0,0) speed=1.00 constraint=0.0N
[2026-09-21 21:47:52] INFO: OK target=(0,0,0) joints=(0,0,0,0,0,0) speed=1.00 constraint=0.0N
[2026-09-21 21:47:53] INFO: OK target=(0,0,0) joints=(0,0,0,0,0,0) speed=1.00 constraint=0.0N
[2026-09-21 21:47:54] INFO: OK target=(0,0,0) joints=(0,0,0,0,0,0) speed=1.00 constraint=0.0N
[2026-09-21 21:47:55] INFO: OK target=(0,0,0) joints=(0,0,0,0,0,0) speed=1.00 constraint=0.0N
[2026-09-21 21:47:55] INFO: OK target=(0,0,0) joints=(0,0,0,0,0,0) speed=1.00 constraint=0.0N
[2026-09-21 21:48:00] INFO: OK target=(0,0,0) joints=(0,0,0,0,0,0) speed=1.00 constraint=0.0N
[2026-09-21 21:48:00] INFO: OK target=(0,0,0) joints=(0,0,0,0,0,0) speed=1.00 constraint=0.0N
[2026-09-21 21:48:03] INFO: OK target=(0,0,0) joints=(0,0,0,0,0,0) speed=1.00 constraint=0.0N
[2026-09-21 21:48:03] INFO: OK target=(0,0,0) joints=(0,0,0,0,0,0) speed=1.00 constraint=0.0N
[2026-09-21 21:48:03] INFO: OK target=(0,0,0) joints=(0,0,0,0,0,0) speed=1.00 constraint=0.0N
[2026-09-21 21:48:03] INFO: OK target=(0,0,0) joints=(0,0,0,0,0,0) speed=1.00 constraint=0.0N
[2026-09-21 21:48:03] INFO: OK target=(0,0,0) joints=(0,0,0,0,0,0) speed=1.00 constraint=0.0N
[2026-09-21 21:49:42] INFO: OK target=(0,0,0) joints=(0,0,0,0,0,0) speed=1.00 constraint=0.0N
[2026-09-21 21:49:43] INFO: OK target=(0,0,0) joints=(0,0,0,0,0,0) speed=1.00 constraint=0.0N

[2026-09-21 21:54:00] === SESSION START ===
[2026-09-21 21:54:02] INFO: OK target=(0,0,0) joints=(0,0,0,0,0,0) speed=1.00 constraint=0.0N
[2026-09-21 21:54:04] INFO: OK target=(0,0,0) joints=(0,0,0,0,0,0) speed=1.00 constraint=0.0N
[2026-09-21 21:54:04] INFO: OK target=(0,0,0) joints=(0,0,0,0,0,0) speed=1.00 constraint=0.0N
[2026-09-21 21:54:05] INFO: OK target=(0,0,0) joints=(0,0,0,0,0,0) speed=1.00 constraint=0.0N
[2026-09-21 21:54:09] INFO: OK target=(0,0,0) joints=(0,0,0,0,0,0) speed=1.00 constraint=0.0N
[2026-09-21 21:54:18] INFO: OK target=(0,0,0) joints=(0,0,0,0,0,0) speed=1.00 constraint=0.0N
[2026-09-21 21:54:19] INFO: OK target=(0,0,0) joints=(0,0,0,0,0,0) speed=1.00 constraint=0.0N
[2026-09-21 21:54:20] INFO: OK target=(0,0,0) joints=(0,0,0,0,0,0) speed=1.00 constraint=0.0N
[2026-09-21 21:54:20] REJECT: ERR_FORCE_INCONSISTENT target=(6,-321,195) joints=(0,0,0,0,0,0) speed=0.00 constraint=0.0N
[2026-09-21 21:54:25] REJECT: ERR_FORCE_INCONSISTENT target=(20,-312,195) joints=(0,0,0,0,0,0) speed=0.00 constraint=0.0N
[2026-09-21 21:54:30] REJECT: ERR_FORCE_INCONSISTENT target=(20,-312,195) joints=(0,0,0,0,0,0) speed=0.00 constraint=0.0N
[2026-09-21 21:54:35] REJECT: ERR_FORCE_INCONSISTENT target=(20,-312,195) joints=(0,0,0,0,0,0) speed=0.00 constraint=0.0N
[2026-09-21 21:54:40] REJECT: ERR_FORCE_INCONSISTENT target=(20,-312,195) joints=(0,0,0,0,0,0) speed=0.00 constraint=0.0N
[2026-09-21 21:54:45] REJECT: ERR_FORCE_INCONSISTENT target=(20,-312,195) joints=(0,0,0,0,0,0) speed=0.00 constraint=0.0N
[2026-09-21 21:54:50] REJECT: ERR_FORCE_INCONSISTENT target=(20,-312,195) joints=(0,0,0,0,0,0) speed=0.00 constraint=0.0N
[2026-09-21 21:54:55] REJECT: ERR_FORCE_INCONSISTENT target=(20,-312,195) joints=(0,0,0,0,0,0) speed=0.00 constraint=0.0N
[2026-09-21 21:55:01] REJECT: ERR_FORCE_INCONSISTENT target=(20,-312,195) joints=(0,0,0,0,0,0) speed=0.00 constraint=0.0N
[2026-09-21 21:55:06] REJECT: ERR_FORCE_INCONSISTENT target=(20,-312,195) joints=(0,0,0,0,0,0) speed=0.00 constraint=0.0N

[2026-09-21 21:57:32] === SESSION START ===
[2026-09-21 21:57:40] INFO: OK target=(0,0,0) joints=(0,0,0,0,0,0) speed=1.00 constraint=0.0N
[2026-09-21 21:57:42] INFO: OK target=(0,0,0) joints=(0,0,0,0,0,0) speed=1.00 constraint=0.0N
[2026-09-21 21:57:47] INFO: OK target=(0,0,0) joints=(0,0,0,0,0,0) speed=1.00 constraint=0.0N
[2026-09-21 21:57:49] INFO: OK target=(0,0,0) joints=(0,0,0,0,0,0) speed=1.00 constraint=0.0N
[2026-09-21 21:57:51] INFO: OK target=(0,0,0) joints=(0,0,0,0,0,0) speed=1.00 constraint=0.0N
[2026-09-21 21:57:52] INFO: OK target=(0,0,0) joints=(0,0,0,0,0,0) speed=1.00 constraint=0.0N
[2026-09-21 21:57:54] INFO: OK target=(0,0,0) joints=(0,0,0,0,0,0) speed=1.00 constraint=0.0N
[2026-09-21 21:57:55] INFO: OK target=(0,0,0) joints=(0,0,0,0,0,0) speed=1.00 constraint=0.0N
[2026-09-21 21:58:04] INFO: OK target=(0,0,0) joints=(0,0,0,0,0,0) speed=1.00 constraint=0.0N
[2026-09-21 21:58:06] INFO: OK target=(0,0,0) joints=(0,0,0,0,0,0) speed=1.00 constraint=0.0N
[2026-09-21 21:58:09] INFO: OK target=(0,0,0) joints=(0,0,0,0,0,0) speed=1.00 constraint=0.0N
[2026-09-21 21:58:10] INFO: OK target=(0,0,0) joints=(0,0,0,0,0,0) speed=1.00 constraint=0.0N

[2026-09-21 22:04:55] === SESSION START ===
[2026-09-21 22:05:23] INFO: OK target=(0,0,0) joints=(0,0,0,0,0,0) speed=1.00 constraint=0.0N
[2026-09-21 22:05:24] INFO: OK target=(0,0,0) joints=(0,0,0,0,0,0) speed=1.00 constraint=0.0N
[2026-09-21 22:05:28] INFO: OK target=(0,0,0) joints=(0,0,0,0,0,0) speed=1.00 constraint=0.0N
[2026-09-21 22:05:30] INFO: OK target=(0,0,0) joints=(0,0,0,0,0,0) speed=1.00 constraint=0.0N
[2026-09-21 22:05:30] INFO: OK target=(0,0,0) joints=(0,0,0,0,0,0) speed=1.00 constraint=0.0N
[2026-09-21 22:05:30] INFO: OK target=(0,0,0) joints=(0,0,0,0,0,0) speed=1.00 constraint=0.0N
[2026-09-21 22:05:32] INFO: OK target=(0,0,0) joints=(0,0,0,0,0,0) speed=1.00 constraint=0.0N
[2026-09-21 22:05:35] INFO: OK target=(0,0,0) joints=(0,0,0,0,0,0) speed=1.00 constraint=0.0N
[2026-09-21 22:05:38] INFO: OK target=(0,0,0) joints=(0,0,0,0,0,0) speed=1.00 constraint=0.0N
[2026-09-21 22:05:39] INFO: OK target=(0,0,0) joints=(0,0,0,0,0,0) speed=1.00 constraint=0.0N
[2026-09-21 22:06:08] INFO: OK target=(0,0,0) joints=(0,0,0,0,0,0) speed=1.00 constraint=0.0N
[2026-09-21 22:06:09] INFO: OK target=(0,0,0) joints=(0,0,0,0,0,0) speed=1.00 constraint=0.0N
[2026-09-21 22:06:10] INFO: OK target=(0,0,0) joints=(0,0,0,0,0,0) speed=1.00 constraint=0.0N
[2026-09-21 22:06:11] INFO: OK target=(0,0,0) joints=(0,0,0,0,0,0) speed=1.00 constraint=0.0N
[2026-09-21 22:06:11] INFO: OK target=(0,0,0) joints=(0,0,0,0,0,0) speed=1.00 constraint=0.0N
[2026-09-21 22:06:12] INFO: OK target=(0,0,0) joints=(0,0,0,0,0,0) speed=1.00 constraint=0.0N

[2026-09-21 22:13:36] === SESSION START ===
[2026-09-21 22:14:14] INFO: OK target=(0,0,0) joints=(0,0,0,0,0,0) speed=1.00 constraint=0.0N
[2026-09-21 22:14:17] INFO: OK target=(0,0,0) joints=(0,0,0,0,0,0) speed=1.00 constraint=0.0N
[2026-09-21 22:14:22] INFO: OK target=(0,0,0) joints=(0,0,0,0,0,0) speed=1.00 constraint=0.0N
[2026-09-21 22:14:24] INFO: OK target=(0,0,0) joints=(0,0,0,0,0,0) speed=1.00 constraint=0.0N
[2026-09-21 22:14:24] INFO: OK target=(0,0,0) joints=(0,0,0,0,0,0) speed=1.00 constraint=0.0N
[2026-09-21 22:14:24] INFO: OK target=(0,0,0) joints=(0,0,0,0,0,0) speed=1.00 constraint=0.0N

[2026-09-21 22:22:25] === SESSION START ===
[2026-09-21 22:22:57] === SESSION END === errors: WARN=0 DEGRADE=0 REJECT=0 FATAL=0 total_events=0


[2026-09-21 22:24:17] === SESSION START ===
[2026-09-21 22:24:19] INFO: OK target=(0,0,0) joints=(0,0,0,0,0,0) speed=1.00 constraint=0.0N
[2026-09-21 22:24:20] INFO: OK target=(0,0,0) joints=(0,0,0,0,0,0) speed=1.00 constraint=0.0N
[2026-09-21 22:24:30] INFO: OK target=(0,0,0) joints=(0,0,0,0,0,0) speed=1.00 constraint=0.0N
[2026-09-21 22:24:30] INFO: OK target=(0,0,0) joints=(0,0,0,0,0,0) speed=1.00 constraint=0.0N
[2026-09-21 22:24:30] INFO: OK target=(0,0,0) joints=(0,0,0,0,0,0) speed=1.00 constraint=0.0N
[2026-09-21 22:24:31] INFO: OK target=(0,0,0) joints=(0,0,0,0,0,0) speed=1.00 constraint=0.0N
[2026-09-21 22:24:32] INFO: OK target=(0,0,0) joints=(0,0,0,0,0,0) speed=1.00 constraint=0.0N
[2026-09-21 22:24:33] INFO: OK target=(0,0,0) joints=(0,0,0,0,0,0) speed=1.00 constraint=0.0N
[2026-09-21 22:24:33] INFO: OK target=(0,0,0) joints=(0,0,0,0,0,0) speed=1.00 constraint=0.0N
[2026-09-21 22:24:35] INFO: OK target=(0,0,0) joints=(0,0,0,0,0,0) speed=1.00 constraint=0.0N
[2026-09-21 22:24:35] INFO: OK target=(0,0,0) joints=(0,0,0,0,0,0) speed=1.00 constraint=0.0N
[2026-09-21 22:24:37] INFO: OK target=(0,0,0) joints=(0,0,0,0,0,0) speed=1.00 constraint=0.0N
[2026-09-21 22:24:37] INFO: OK target=(0,0,0) joints=(0,0,0,0,0,0) speed=1.00 constraint=0.0N
[2026-09-21 22:24:39] INFO: OK target=(0,0,0) joints=(0,0,0,0,0,0) speed=1.00 constraint=0.0N
[2026-09-21 22:24:39] INFO: OK target=(0,0,0) joints=(0,0,0,0,0,0) speed=1.00 constraint=0.0N
[2026-09-21 22:24:44] INFO: OK target=(0,0,0) joints=(0,0,0,0,0,0) speed=1.00 constraint=0.0N
[2026-09-21 22:24:44] INFO: OK target=(0,0,0) joints=(0,0,0,0,0,0) speed=1.00 constraint=0.0N
[2026-09-21 22:24:44] INFO: OK target=(0,0,0) joints=(0,0,0,0,0,0) speed=1.00 constraint=0.0N
[2026-09-21 22:25:52] INFO: OK target=(0,0,0) joints=(0,0,0,0,0,0) speed=1.00 constraint=0.0N
[2026-09-21 22:25:52] INFO: OK target=(0,0,0) joints=(0,0,0,0,0,0) speed=1.00 constraint=0.0N
[2026-09-21 22:25:52] REJECT: ERR_FORCE_INCONSISTENT target=(-19,-282,186) joints=(0,0,0,0,0,0) speed=0.00 constraint=0.0N
[2026-09-21 22:25:58] REJECT: ERR_FORCE_INCONSISTENT target=(-19,-282,186) joints=(0,0,0,0,0,0) speed=0.00 constraint=0.0N
[2026-09-21 22:26:02] REJECT: ERR_FORCE_INCONSISTENT target=(-2,-315,320) joints=(0,0,0,0,0,0) speed=0.00 constraint=0.0N
[2026-09-21 22:26:05] REJECT: ERR_FORCE_INCONSISTENT target=(-22,-274,396) joints=(0,0,0,0,0,0) speed=0.00 constraint=0.0N
[2026-09-21 22:26:08] REJECT: ERR_FORCE_INCONSISTENT target=(-46,-225,488) joints=(0,0,0,0,0,0) speed=0.00 constraint=0.0N
[2026-09-21 22:26:10] REJECT: ERR_FORCE_INCONSISTENT target=(-56,-208,430) joints=(0,0,0,0,0,0) speed=0.00 constraint=0.0N
[2026-09-21 22:28:43] === SESSION END === errors: WARN=0 DEGRADE=0 REJECT=6 FATAL=0 total_events=26


[2026-09-21 22:29:24] === SESSION START ===
[2026-09-21 22:29:31] INFO: OK target=(0,0,0) joints=(0,0,0,0,0,0) speed=1.00 constraint=0.0N
[2026-09-21 22:29:32] INFO: OK target=(0,0,0) joints=(0,0,0,0,0,0) speed=1.00 constraint=0.0N
[2026-09-21 22:29:33] INFO: OK target=(0,0,0) joints=(0,0,0,0,0,0) speed=1.00 constraint=0.0N
[2026-09-21 22:29:34] INFO: OK target=(0,0,0) joints=(0,0,0,0,0,0) speed=1.00 constraint=0.0N
[2026-09-21 22:29:34] INFO: OK target=(0,0,0) joints=(0,0,0,0,0,0) speed=1.00 constraint=0.0N
[2026-09-21 22:29:36] INFO: OK target=(0,0,0) joints=(0,0,0,0,0,0) speed=1.00 constraint=0.0N
[2026-09-21 22:29:37] INFO: OK target=(0,0,0) joints=(0,0,0,0,0,0) speed=1.00 constraint=0.0N
[2026-09-21 22:29:43] INFO: OK target=(0,0,0) joints=(0,0,0,0,0,0) speed=1.00 constraint=0.0N
[2026-09-21 22:29:44] INFO: OK target=(0,0,0) joints=(0,0,0,0,0,0) speed=1.00 constraint=0.0N
[2026-09-21 22:29:49] INFO: OK target=(0,0,0) joints=(0,0,0,0,0,0) speed=1.00 constraint=0.0N

[2026-09-21 22:30:16] === SESSION START ===
[2026-09-21 22:30:16] INFO: OK target=(0,0,0) joints=(0,0,0,0,0,0) speed=1.00 constraint=0.0N
[2026-09-21 22:30:17] INFO: OK target=(0,0,0) joints=(0,0,0,0,0,0) speed=1.00 constraint=0.0N
[2026-09-21 22:30:17] INFO: OK target=(0,0,0) joints=(0,0,0,0,0,0) speed=1.00 constraint=0.0N
[2026-09-21 22:30:18] INFO: OK target=(0,0,0) joints=(0,0,0,0,0,0) speed=1.00 constraint=0.0N
[2026-09-21 22:30:18] INFO: OK target=(0,0,0) joints=(0,0,0,0,0,0) speed=1.00 constraint=0.0N
[2026-09-21 22:30:19] INFO: OK target=(0,0,0) joints=(0,0,0,0,0,0) speed=1.00 constraint=0.0N
[2026-09-21 22:30:19] INFO: OK target=(0,0,0) joints=(0,0,0,0,0,0) speed=1.00 constraint=0.0N
[2026-09-21 22:30:19] INFO: OK target=(0,0,0) joints=(0,0,0,0,0,0) speed=1.00 constraint=0.0N

[2026-09-21 22:32:49] === SESSION START ===
[2026-09-21 22:32:49] INFO: OK target=(0,0,0) joints=(0,0,0,0,0,0) speed=1.00 constraint=0.0N
[2026-09-21 22:32:53] INFO: OK target=(0,0,0) joints=(0,0,0,0,0,0) speed=1.00 constraint=0.0N
[2026-09-21 22:32:53] INFO: OK target=(0,0,0) joints=(0,0,0,0,0,0) speed=1.00 constraint=0.0N
[2026-09-21 22:32:53] INFO: OK target=(0,0,0) joints=(0,0,0,0,0,0) speed=1.00 constraint=0.0N
[2026-09-21 22:32:53] INFO: OK target=(0,0,0) joints=(0,0,0,0,0,0) speed=1.00 constraint=0.0N
[2026-09-21 22:32:56] INFO: OK target=(0,0,0) joints=(0,0,0,0,0,0) speed=1.00 constraint=0.0N
[2026-09-21 22:32:57] INFO: OK target=(0,0,0) joints=(0,0,0,0,0,0) speed=1.00 constraint=0.0N
[2026-09-21 22:32:58] INFO: OK target=(0,0,0) joints=(0,0,0,0,0,0) speed=1.00 constraint=0.0N
[2026-09-21 22:32:59] INFO: OK target=(0,0,0) joints=(0,0,0,0,0,0) speed=1.00 constraint=0.0N
[2026-09-21 22:33:00] INFO: OK target=(0,0,0) joints=(0,0,0,0,0,0) speed=1.00 constraint=0.0N
[2026-09-21 22:33:00] INFO: OK target=(0,0,0) joints=(0,0,0,0,0,0) speed=1.00 constraint=0.0N
[2026-09-21 22:33:01] INFO: OK target=(0,0,0) joints=(0,0,0,0,0,0) speed=1.00 constraint=0.0N
[2026-09-21 22:33:02] INFO: OK target=(0,0,0) joints=(0,0,0,0,0,0) speed=1.00 constraint=0.0N
[2026-09-21 22:33:07] INFO: OK target=(0,0,0) joints=(0,0,0,0,0,0) speed=1.00 constraint=0.0N
[2026-09-21 22:33:08] INFO: OK target=(0,0,0) joints=(0,0,0,0,0,0) speed=1.00 constraint=0.0N
[2026-09-21 22:33:09] INFO: OK target=(0,0,0) joints=(0,0,0,0,0,0) speed=1.00 constraint=0.0N
[2026-09-21 22:33:09] INFO: OK target=(0,0,0) joints=(0,0,0,0,0,0) speed=1.00 constraint=0.0N
[2026-09-21 22:33:11] INFO: OK target=(0,0,0) joints=(0,0,0,0,0,0) speed=1.00 constraint=0.0N
[2026-09-21 22:33:11] INFO: OK target=(0,0,0) joints=(0,0,0,0,0,0) speed=1.00 constraint=0.0N
[2026-09-21 22:33:13] INFO: OK target=(0,0,0) joints=(0,0,0,0,0,0) speed=1.00 constraint=0.0N
[2026-09-21 22:33:14] INFO: OK target=(0,0,0) joints=(0,0,0,0,0,0) speed=1.00 constraint=0.0N
[2026-09-21 22:33:18] INFO: OK target=(0,0,0) joints=(0,0,0,0,0,0) speed=1.00 constraint=0.0N
[2026-09-21 22:33:18] INFO: OK target=(0,0,0) joints=(0,0,0,0,0,0) speed=1.00 constraint=0.0N
[2026-09-21 22:33:18] INFO: OK target=(0,0,0) joints=(0,0,0,0,0,0) speed=1.00 constraint=0.0N

[2026-09-21 22:38:36] === SESSION START ===

[2026-09-21 22:38:58] === SESSION START ===
[2026-09-21 22:38:59] INFO: OK target=(0,0,0) joints=(0,0,0,0,0,0) speed=1.00 constraint=0.0N
[2026-09-21 22:39:04] INFO: OK target=(0,0,0) joints=(0,0,0,0,0,0) speed=1.00 constraint=0.0N
[2026-09-21 22:39:04] INFO: OK target=(0,0,0) joints=(0,0,0,0,0,0) speed=1.00 constraint=0.0N
[2026-09-21 22:39:12] INFO: OK target=(0,0,0) joints=(0,0,0,0,0,0) speed=1.00 constraint=0.0N
[2026-09-21 22:39:12] INFO: OK target=(0,0,0) joints=(0,0,0,0,0,0) speed=1.00 constraint=0.0N
[2026-09-21 22:39:16] INFO: OK target=(0,0,0) joints=(0,0,0,0,0,0) speed=1.00 constraint=0.0N
[2026-09-21 22:39:17] INFO: OK target=(0,0,0) joints=(0,0,0,0,0,0) speed=1.00 constraint=0.0N
[2026-09-21 22:39:17] INFO: OK target=(0,0,0) joints=(0,0,0,0,0,0) speed=1.00 constraint=0.0N
[2026-09-21 22:39:17] INFO: OK target=(0,0,0) joints=(0,0,0,0,0,0) speed=1.00 constraint=0.0N
[2026-09-21 22:39:18] INFO: OK target=(0,0,0) joints=(0,0,0,0,0,0) speed=1.00 constraint=0.0N
[2026-09-21 22:39:30] INFO: OK target=(0,0,0) joints=(0,0,0,0,0,0) speed=1.00 constraint=0.0N
[2026-09-21 22:39:31] INFO: OK target=(0,0,0) joints=(0,0,0,0,0,0) speed=1.00 constraint=0.0N
[2026-09-21 22:39:32] INFO: OK target=(0,0,0) joints=(0,0,0,0,0,0) speed=1.00 constraint=0.0N
[2026-09-21 22:39:33] INFO: OK target=(0,0,0) joints=(0,0,0,0,0,0) speed=1.00 constraint=0.0N
[2026-09-21 22:39:33] INFO: OK target=(0,0,0) joints=(0,0,0,0,0,0) speed=1.00 constraint=0.0N
[2026-09-21 22:39:34] INFO: OK target=(0,0,0) joints=(0,0,0,0,0,0) speed=1.00 constraint=0.0N
[2026-09-21 22:39:34] INFO: OK target=(0,0,0) joints=(0,0,0,0,0,0) speed=1.00 constraint=0.0N
[2026-09-21 22:39:38] INFO: OK target=(0,0,0) joints=(0,0,0,0,0,0) speed=1.00 constraint=0.0N
[2026-09-21 22:39:39] INFO: OK target=(0,0,0) joints=(0,0,0,0,0,0) speed=1.00 constraint=0.0N
[2026-09-21 22:39:42] INFO: OK target=(0,0,0) joints=(0,0,0,0,0,0) speed=1.00 constraint=0.0N
[2026-09-21 22:39:43] INFO: OK target=(0,0,0) joints=(0,0,0,0,0,0) speed=1.00 constraint=0.0N
[2026-09-21 22:39:48] INFO: OK target=(0,0,0) joints=(0,0,0,0,0,0) speed=1.00 constraint=0.0N
[2026-09-21 22:39:50] INFO: OK target=(0,0,0) joints=(0,0,0,0,0,0) speed=1.00 constraint=0.0N
[2026-09-21 22:39:50] INFO: OK target=(0,0,0) joints=(0,0,0,0,0,0) speed=1.00 constraint=0.0N
[2026-09-21 22:39:52] INFO: OK target=(0,0,0) joints=(0,0,0,0,0,0) speed=1.00 constraint=0.0N
[2026-09-21 22:39:54] INFO: OK target=(0,0,0) joints=(0,0,0,0,0,0) speed=1.00 constraint=0.0N
[2026-09-21 22:39:59] INFO: OK target=(0,0,0) joints=(0,0,0,0,0,0) speed=1.00 constraint=0.0N
[2026-09-21 22:40:01] INFO: OK target=(0,0,0) joints=(0,0,0,0,0,0) speed=1.00 constraint=0.0N
[2026-09-21 22:40:05] INFO: OK target=(0,0,0) joints=(0,0,0,0,0,0) speed=1.00 constraint=0.0N
[2026-09-21 22:40:08] INFO: OK target=(0,0,0) joints=(0,0,0,0,0,0) speed=1.00 constraint=0.0N
[2026-09-21 22:40:11] INFO: OK target=(0,0,0) joints=(0,0,0,0,0,0) speed=1.00 constraint=0.0N
[2026-09-21 22:40:12] INFO: OK target=(0,0,0) joints=(0,0,0,0,0,0) speed=1.00 constraint=0.0N

[2026-09-21 22:46:11] === SESSION START ===
[2026-09-21 22:46:21] INFO: OK target=(0,0,0) joints=(0,0,0,0,0,0) speed=1.00 constraint=0.0N
[2026-09-21 22:46:23] INFO: OK target=(0,0,0) joints=(0,0,0,0,0,0) speed=1.00 constraint=0.0N
[2026-09-21 22:46:25] INFO: OK target=(0,0,0) joints=(0,0,0,0,0,0) speed=1.00 constraint=0.0N
[2026-09-21 22:46:26] INFO: OK target=(0,0,0) joints=(0,0,0,0,0,0) speed=1.00 constraint=0.0N
[2026-09-21 22:46:26] INFO: OK target=(0,0,0) joints=(0,0,0,0,0,0) speed=1.00 constraint=0.0N
[2026-09-21 22:46:27] INFO: OK target=(0,0,0) joints=(0,0,0,0,0,0) speed=1.00 constraint=0.0N
[2026-09-21 22:46:27] INFO: OK target=(0,0,0) joints=(0,0,0,0,0,0) speed=1.00 constraint=0.0N
[2026-09-21 22:46:28] INFO: OK target=(0,0,0) joints=(0,0,0,0,0,0) speed=1.00 constraint=0.0N
[2026-09-21 22:46:29] INFO: OK target=(0,0,0) joints=(0,0,0,0,0,0) speed=1.00 constraint=0.0N
[2026-09-21 22:46:29] INFO: OK target=(0,0,0) joints=(0,0,0,0,0,0) speed=1.00 constraint=0.0N
[2026-09-21 22:46:30] INFO: OK target=(0,0,0) joints=(0,0,0,0,0,0) speed=1.00 constraint=0.0N
[2026-09-21 22:46:31] INFO: OK target=(0,0,0) joints=(0,0,0,0,0,0) speed=1.00 constraint=0.0N
[2026-09-21 22:46:31] INFO: OK target=(0,0,0) joints=(0,0,0,0,0,0) speed=1.00 constraint=0.0N
[2026-09-21 22:46:32] INFO: OK target=(0,0,0) joints=(0,0,0,0,0,0) speed=1.00 constraint=0.0N
[2026-09-21 22:46:32] INFO: OK target=(0,0,0) joints=(0,0,0,0,0,0) speed=1.00 constraint=0.0N
[2026-09-21 22:46:35] INFO: OK target=(0,0,0) joints=(0,0,0,0,0,0) speed=1.00 constraint=0.0N
[2026-09-21 22:46:38] INFO: OK target=(0,0,0) joints=(0,0,0,0,0,0) speed=1.00 constraint=0.0N
[2026-09-21 22:46:44] INFO: OK target=(0,0,0) joints=(0,0,0,0,0,0) speed=1.00 constraint=0.0N
[2026-09-21 22:46:44] INFO: OK target=(0,0,0) joints=(0,0,0,0,0,0) speed=1.00 constraint=0.0N
[2026-09-21 22:46:46] INFO: OK target=(0,0,0) joints=(0,0,0,0,0,0) speed=1.00 constraint=0.0N
[2026-09-21 22:46:46] INFO: OK target=(0,0,0) joints=(0,0,0,0,0,0) speed=1.00 constraint=0.0N
[2026-09-21 22:46:47] INFO: OK target=(0,0,0) joints=(0,0,0,0,0,0) speed=1.00 constraint=0.0N
[2026-09-21 22:46:48] INFO: OK target=(0,0,0) joints=(0,0,0,0,0,0) speed=1.00 constraint=0.0N
[2026-09-21 22:46:49] INFO: OK target=(0,0,0) joints=(0,0,0,0,0,0) speed=1.00 constraint=0.0N
[2026-09-21 22:46:50] INFO: OK target=(0,0,0) joints=(0,0,0,0,0,0) speed=1.00 constraint=0.0N
[2026-09-21 22:46:51] INFO: OK target=(0,0,0) joints=(0,0,0,0,0,0) speed=1.00 constraint=0.0N
[2026-09-21 22:46:52] INFO: OK target=(0,0,0) joints=(0,0,0,0,0,0) speed=1.00 constraint=0.0N
[2026-09-21 22:46:52] INFO: OK target=(0,0,0) joints=(0,0,0,0,0,0) speed=1.00 constraint=0.0N
[2026-09-21 22:46:53] INFO: OK target=(0,0,0) joints=(0,0,0,0,0,0) speed=1.00 constraint=0.0N
[2026-09-21 22:46:54] INFO: OK target=(0,0,0) joints=(0,0,0,0,0,0) speed=1.00 constraint=0.0N
[2026-09-21 22:46:55] INFO: OK target=(0,0,0) joints=(0,0,0,0,0,0) speed=1.00 constraint=0.0N
[2026-09-21 22:47:08] INFO: OK target=(0,0,0) joints=(0,0,0,0,0,0) speed=1.00 constraint=0.0N
[2026-09-21 22:47:08] INFO: OK target=(0,0,0) joints=(0,0,0,0,0,0) speed=1.00 constraint=0.0N
[2026-09-21 22:47:12] INFO: OK target=(0,0,0) joints=(0,0,0,0,0,0) speed=1.00 constraint=0.0N
[2026-09-21 22:47:14] INFO: OK target=(0,0,0) joints=(0,0,0,0,0,0) speed=1.00 constraint=0.0N
[2026-09-21 22:47:14] INFO: OK target=(0,0,0) joints=(0,0,0,0,0,0) speed=1.00 constraint=0.0N
[2026-09-21 22:47:15] INFO: OK target=(0,0,0) joints=(0,0,0,0,0,0) speed=1.00 constraint=0.0N
[2026-09-21 22:47:15] INFO: OK target=(0,0,0) joints=(0,0,0,0,0,0) speed=1.00 constraint=0.0N
[2026-09-21 22:47:16] INFO: OK target=(0,0,0) joints=(0,0,0,0,0,0) speed=1.00 constraint=0.0N
[2026-09-21 22:47:17] INFO: OK target=(0,0,0) joints=(0,0,0,0,0,0) speed=1.00 constraint=0.0N
[2026-09-21 22:47:40] REJECT: ERR_FORCE_UNCALIBRATED target=(-76,-342,383) joints=(0,0,0,0,0,0) speed=0.00 constraint=0.0N
[2026-09-21 22:47:47] INFO: OK target=(0,0,0) joints=(0,0,0,0,0,0) speed=1.00 constraint=0.0N
[2026-09-21 22:47:47] INFO: OK target=(0,0,0) joints=(0,0,0,0,0,0) speed=1.00 constraint=0.0N
[2026-09-21 22:47:48] INFO: OK target=(0,0,0) joints=(0,0,0,0,0,0) speed=1.00 constraint=0.0N
[2026-09-21 22:47:49] INFO: OK target=(0,0,0) joints=(0,0,0,0,0,0) speed=1.00 constraint=0.0N
[2026-09-21 22:47:49] INFO: OK target=(0,0,0) joints=(0,0,0,0,0,0) speed=1.00 constraint=0.0N
[2026-09-21 22:47:50] INFO: OK target=(0,0,0) joints=(0,0,0,0,0,0) speed=1.00 constraint=0.0N
[2026-09-21 22:47:50] INFO: OK target=(0,0,0) joints=(0,0,0,0,0,0) speed=1.00 constraint=0.0N
[2026-09-21 22:47:55] INFO: OK target=(0,0,0) joints=(0,0,0,0,0,0) speed=1.00 constraint=0.0N
[2026-09-21 22:47:55] INFO: OK target=(0,0,0) joints=(0,0,0,0,0,0) speed=1.00 constraint=0.0N
[2026-09-21 22:47:58] INFO: OK target=(0,0,0) joints=(0,0,0,0,0,0) speed=1.00 constraint=0.0N
[2026-09-21 22:47:58] INFO: OK target=(0,0,0) joints=(0,0,0,0,0,0) speed=1.00 constraint=0.0N
[2026-09-21 22:47:59] INFO: OK target=(0,0,0) joints=(0,0,0,0,0,0) speed=1.00 constraint=0.0N
[2026-09-21 22:48:00] INFO: OK target=(0,0,0) joints=(0,0,0,0,0,0) speed=1.00 constraint=0.0N
[2026-09-21 22:48:04] INFO: OK target=(0,0,0) joints=(0,0,0,0,0,0) speed=1.00 constraint=0.0N
[2026-09-21 22:48:04] INFO: OK target=(0,0,0) joints=(0,0,0,0,0,0) speed=1.00 constraint=0.0N
[2026-09-21 22:48:04] INFO: OK target=(0,0,0) joints=(0,0,0,0,0,0) speed=1.00 constraint=0.0N
[2026-09-21 22:50:39] INFO: OK target=(0,0,0) joints=(0,0,0,0,0,0) speed=1.00 constraint=0.0N
[2026-09-21 22:50:41] INFO: OK target=(0,0,0) joints=(0,0,0,0,0,0) speed=1.00 constraint=0.0N
[2026-09-21 22:50:41] INFO: OK target=(0,0,0) joints=(0,0,0,0,0,0) speed=1.00 constraint=0.0N
[2026-09-21 22:50:44] INFO: OK target=(0,0,0) joints=(0,0,0,0,0,0) speed=1.00 constraint=0.0N
[2026-09-21 22:50:45] INFO: OK target=(0,0,0) joints=(0,0,0,0,0,0) speed=1.00 constraint=0.0N
[2026-09-21 22:50:47] INFO: OK target=(0,0,0) joints=(0,0,0,0,0,0) speed=1.00 constraint=0.0N
[2026-09-21 22:50:48] INFO: OK target=(0,0,0) joints=(0,0,0,0,0,0) speed=1.00 constraint=0.0N
[2026-09-21 22:50:49] INFO: OK target=(0,0,0) joints=(0,0,0,0,0,0) speed=1.00 constraint=0.0N
[2026-09-21 22:50:49] INFO: OK target=(0,0,0) joints=(0,0,0,0,0,0) speed=1.00 constraint=0.0N
[2026-09-21 22:50:50] INFO: OK target=(0,0,0) joints=(0,0,0,0,0,0) speed=1.00 constraint=0.0N

[2026-09-21 23:02:01] === SESSION START ===
[2026-09-21 23:02:17] INFO: OK target=(0,0,0) joints=(0,0,0,0,0,0) speed=1.00 constraint=0.0N
[2026-09-21 23:02:20] INFO: OK target=(0,0,0) joints=(0,0,0,0,0,0) speed=1.00 constraint=0.0N
[2026-09-21 23:16:46] INFO: OK target=(0,0,0) joints=(0,0,0,0,0,0) speed=1.00 constraint=0.0N
[2026-09-21 23:16:47] INFO: OK target=(0,0,0) joints=(0,0,0,0,0,0) speed=1.00 constraint=0.0N
[2026-09-21 23:16:47] INFO: OK target=(0,0,0) joints=(0,0,0,0,0,0) speed=1.00 constraint=0.0N
[2026-09-21 23:16:49] INFO: OK target=(0,0,0) joints=(0,0,0,0,0,0) speed=1.00 constraint=0.0N
[2026-09-21 23:18:24] INFO: OK target=(0,0,0) joints=(0,0,0,0,0,0) speed=1.00 constraint=0.0N
[2026-09-21 23:18:25] INFO: OK target=(0,0,0) joints=(0,0,0,0,0,0) speed=1.00 constraint=0.0N
[2026-09-21 23:23:12] INFO: OK target=(0,0,0) joints=(0,0,0,0,0,0) speed=1.00 constraint=0.0N
[2026-09-21 23:23:12] INFO: OK target=(0,0,0) joints=(0,0,0,0,0,0) speed=1.00 constraint=0.0N
[2026-09-21 23:23:13] INFO: OK target=(0,0,0) joints=(0,0,0,0,0,0) speed=1.00 constraint=0.0N
[2026-09-21 23:23:15] INFO: OK target=(0,0,0) joints=(0,0,0,0,0,0) speed=1.00 constraint=0.0N
[2026-09-21 23:23:15] INFO: OK target=(0,0,0) joints=(0,0,0,0,0,0) speed=1.00 constraint=0.0N
[2026-09-21 23:23:19] INFO: OK target=(0,0,0) joints=(0,0,0,0,0,0) speed=1.00 constraint=0.0N
[2026-09-21 23:23:47] INFO: OK target=(0,0,0) joints=(0,0,0,0,0,0) speed=1.00 constraint=0.0N
[2026-09-21 23:23:48] INFO: OK target=(0,0,0) joints=(0,0,0,0,0,0) speed=1.00 constraint=0.0N
[2026-09-21 23:23:49] INFO: OK target=(0,0,0) joints=(0,0,0,0,0,0) speed=1.00 constraint=0.0N
[2026-09-21 23:23:49] INFO: OK target=(0,0,0) joints=(0,0,0,0,0,0) speed=1.00 constraint=0.0N
[2026-09-21 23:24:08] REJECT: ERR_FORCE_REFERENCE_UNAVAILABLE target=(66,-320,315) joints=(0,0,0,0,0,0) speed=0.00 constraint=0.0N
[2026-09-21 23:24:32] INFO: OK target=(0,0,0) joints=(0,0,0,0,0,0) speed=1.00 constraint=0.0N
[2026-09-21 23:24:32] REJECT: ERR_FORCE_REFERENCE_UNAVAILABLE target=(66,-320,315) joints=(0,0,0,0,0,0) speed=0.00 constraint=0.0N

[2026-09-22 18:00:27] === SESSION START ===

[2026-09-22 18:07:39] === SESSION START ===
[2026-09-22 18:08:51] REJECT: ERR_FORCE_INCONSISTENT target=(39,-282,389) joints=(0,0,0,0,0,0) speed=0.00 constraint=0.0N

[2026-09-22 18:10:33] === SESSION START ===

[2026-09-22 18:12:40] === SESSION START ===
[2026-09-22 18:20:54] REJECT: ERR_FORCE_INCONSISTENT target=(-19,-202,395) joints=(0,0,0,0,0,0) speed=0.00 constraint=0.0N
[2026-09-22 18:21:08] REJECT: ERR_FORCE_REFERENCE_UNAVAILABLE target=(-19,-202,395) joints=(0,0,0,0,0,0) speed=0.00 constraint=0.0N
[2026-09-22 18:21:33] REJECT: ERR_FORCE_REFERENCE_UNAVAILABLE target=(-19,-202,395) joints=(0,0,0,0,0,0) speed=0.00 constraint=0.0N

[2026-09-22 18:33:00] === SESSION START ===
[2026-09-22 18:33:00] INFO: OK target=(0,0,0) joints=(0,0,0,0,0,0) speed=1.00 constraint=0.0N
[2026-09-22 18:33:01] INFO: OK target=(0,0,0) joints=(0,0,0,0,0,0) speed=1.00 constraint=0.0N
[2026-09-22 18:33:08] INFO: OK target=(0,0,0) joints=(0,0,0,0,0,0) speed=1.00 constraint=0.0N
[2026-09-22 18:33:33] INFO: OK target=(0,0,0) joints=(0,0,0,0,0,0) speed=1.00 constraint=0.0N
[2026-09-22 18:33:39] INFO: OK target=(0,0,0) joints=(0,0,0,0,0,0) speed=1.00 constraint=0.0N
[2026-09-22 18:33:39] INFO: OK target=(0,0,0) joints=(0,0,0,0,0,0) speed=1.00 constraint=0.0N
[2026-09-22 18:33:40] INFO: OK target=(0,0,0) joints=(0,0,0,0,0,0) speed=1.00 constraint=0.0N
[2026-09-22 18:33:41] INFO: OK target=(0,0,0) joints=(0,0,0,0,0,0) speed=1.00 constraint=0.0N
[2026-09-22 18:33:42] INFO: OK target=(0,0,0) joints=(0,0,0,0,0,0) speed=1.00 constraint=0.0N
[2026-09-22 18:33:46] INFO: OK target=(0,0,0) joints=(0,0,0,0,0,0) speed=1.00 constraint=0.0N
[2026-09-22 18:33:47] INFO: OK target=(0,0,0) joints=(0,0,0,0,0,0) speed=1.00 constraint=0.0N
[2026-09-22 18:33:54] INFO: OK target=(0,0,0) joints=(0,0,0,0,0,0) speed=1.00 constraint=0.0N
[2026-09-22 18:35:23] REJECT: ERR_FORCE_UNCALIBRATED target=(1,-203,405) joints=(0,0,0,0,0,0) speed=0.00 constraint=0.0N
[2026-09-22 18:35:54] INFO: OK target=(0,0,0) joints=(0,0,0,0,0,0) speed=1.00 constraint=0.0N
[2026-09-22 18:36:02] INFO: OK target=(0,0,0) joints=(0,0,0,0,0,0) speed=1.00 constraint=0.0N
[2026-09-22 18:36:02] INFO: OK target=(0,0,0) joints=(0,0,0,0,0,0) speed=1.00 constraint=0.0N
[2026-09-22 18:36:03] INFO: OK target=(0,0,0) joints=(0,0,0,0,0,0) speed=1.00 constraint=0.0N
[2026-09-22 18:36:04] INFO: OK target=(0,0,0) joints=(0,0,0,0,0,0) speed=1.00 constraint=0.0N
[2026-09-22 18:36:04] INFO: OK target=(0,0,0) joints=(0,0,0,0,0,0) speed=1.00 constraint=0.0N
[2026-09-22 18:36:05] INFO: OK target=(0,0,0) joints=(0,0,0,0,0,0) speed=1.00 constraint=0.0N
[2026-09-22 18:36:24] INFO: OK target=(0,0,0) joints=(0,0,0,0,0,0) speed=1.00 constraint=0.0N
[2026-09-22 18:45:07] INFO: OK target=(0,0,0) joints=(0,0,0,0,0,0) speed=1.00 constraint=0.0N
[2026-09-22 18:45:23] INFO: OK target=(0,0,0) joints=(0,0,0,0,0,0) speed=1.00 constraint=0.0N
[2026-09-22 18:46:41] INFO: OK target=(0,0,0) joints=(0,0,0,0,0,0) speed=1.00 constraint=0.0N
[2026-09-22 18:46:43] INFO: OK target=(0,0,0) joints=(0,0,0,0,0,0) speed=1.00 constraint=0.0N
[2026-09-22 18:46:44] INFO: OK target=(0,0,0) joints=(0,0,0,0,0,0) speed=1.00 constraint=0.0N
[2026-09-22 18:46:47] INFO: OK target=(0,0,0) joints=(0,0,0,0,0,0) speed=1.00 constraint=0.0N
[2026-09-22 18:46:51] INFO: OK target=(0,0,0) joints=(0,0,0,0,0,0) speed=1.00 constraint=0.0N
[2026-09-22 18:47:10] INFO: OK target=(0,0,0) joints=(0,0,0,0,0,0) speed=1.00 constraint=0.0N
[2026-09-22 18:47:10] INFO: OK target=(0,0,0) joints=(0,0,0,0,0,0) speed=1.00 constraint=0.0N
[2026-09-22 18:47:12] INFO: OK target=(0,0,0) joints=(0,0,0,0,0,0) speed=1.00 constraint=0.0N
[2026-09-22 18:47:12] INFO: OK target=(0,0,0) joints=(0,0,0,0,0,0) speed=1.00 constraint=0.0N
[2026-09-22 18:47:14] INFO: OK target=(0,0,0) joints=(0,0,0,0,0,0) speed=1.00 constraint=0.0N
[2026-09-22 18:47:15] INFO: OK target=(0,0,0) joints=(0,0,0,0,0,0) speed=1.00 constraint=0.0N
[2026-09-22 18:47:15] INFO: OK target=(0,0,0) joints=(0,0,0,0,0,0) speed=1.00 constraint=0.0N
[2026-09-22 18:47:16] INFO: OK target=(0,0,0) joints=(0,0,0,0,0,0) speed=1.00 constraint=0.0N
[2026-09-22 18:47:17] INFO: OK target=(0,0,0) joints=(0,0,0,0,0,0) speed=1.00 constraint=0.0N
[2026-09-22 18:47:17] INFO: OK target=(0,0,0) joints=(0,0,0,0,0,0) speed=1.00 constraint=0.0N
[2026-09-22 18:47:18] INFO: OK target=(0,0,0) joints=(0,0,0,0,0,0) speed=1.00 constraint=0.0N
[2026-09-22 18:47:18] INFO: OK target=(0,0,0) joints=(0,0,0,0,0,0) speed=1.00 constraint=0.0N
[2026-09-22 18:47:19] INFO: OK target=(0,0,0) joints=(0,0,0,0,0,0) speed=1.00 constraint=0.0N
[2026-09-22 18:47:20] INFO: OK target=(0,0,0) joints=(0,0,0,0,0,0) speed=1.00 constraint=0.0N
[2026-09-22 18:47:21] INFO: OK target=(0,0,0) joints=(0,0,0,0,0,0) speed=1.00 constraint=0.0N
[2026-09-22 18:47:21] INFO: OK target=(0,0,0) joints=(0,0,0,0,0,0) speed=1.00 constraint=0.0N
[2026-09-22 18:47:29] INFO: OK target=(0,0,0) joints=(0,0,0,0,0,0) speed=1.00 constraint=0.0N
[2026-09-22 18:47:29] INFO: OK target=(0,0,0) joints=(0,0,0,0,0,0) speed=1.00 constraint=0.0N
[2026-09-22 18:47:30] INFO: OK target=(0,0,0) joints=(0,0,0,0,0,0) speed=1.00 constraint=0.0N
[2026-09-22 18:47:30] INFO: OK target=(0,0,0) joints=(0,0,0,0,0,0) speed=1.00 constraint=0.0N
[2026-09-22 18:47:40] INFO: OK target=(0,0,0) joints=(0,0,0,0,0,0) speed=1.00 constraint=0.0N
[2026-09-22 18:47:40] INFO: OK target=(0,0,0) joints=(0,0,0,0,0,0) speed=1.00 constraint=0.0N
[2026-09-22 18:47:41] INFO: OK target=(0,0,0) joints=(0,0,0,0,0,0) speed=1.00 constraint=0.0N
[2026-09-22 18:47:41] INFO: OK target=(0,0,0) joints=(0,0,0,0,0,0) speed=1.00 constraint=0.0N
[2026-09-22 18:47:42] INFO: OK target=(0,0,0) joints=(0,0,0,0,0,0) speed=1.00 constraint=0.0N
[2026-09-22 18:47:42] INFO: OK target=(0,0,0) joints=(0,0,0,0,0,0) speed=1.00 constraint=0.0N
[2026-09-22 18:47:47] INFO: OK target=(0,0,0) joints=(0,0,0,0,0,0) speed=1.00 constraint=0.0N
[2026-09-22 18:47:48] INFO: OK target=(0,0,0) joints=(0,0,0,0,0,0) speed=1.00 constraint=0.0N
[2026-09-22 18:47:48] INFO: OK target=(0,0,0) joints=(0,0,0,0,0,0) speed=1.00 constraint=0.0N
[2026-09-22 18:47:49] INFO: OK target=(0,0,0) joints=(0,0,0,0,0,0) speed=1.00 constraint=0.0N
[2026-09-22 18:47:54] INFO: OK target=(0,0,0) joints=(0,0,0,0,0,0) speed=1.00 constraint=0.0N
[2026-09-22 18:47:55] INFO: OK target=(0,0,0) joints=(0,0,0,0,0,0) speed=1.00 constraint=0.0N
[2026-09-22 18:48:01] INFO: OK target=(0,0,0) joints=(0,0,0,0,0,0) speed=1.00 constraint=0.0N
[2026-09-22 18:48:02] INFO: OK target=(0,0,0) joints=(0,0,0,0,0,0) speed=1.00 constraint=0.0N
[2026-09-22 18:48:02] INFO: OK target=(0,0,0) joints=(0,0,0,0,0,0) speed=1.00 constraint=0.0N

[2026-09-22 18:54:10] === SESSION START ===
[2026-09-22 18:54:11] INFO: OK target=(0,0,0) joints=(0,0,0,0,0,0) speed=1.00 constraint=0.0N
[2026-09-22 18:54:19] INFO: OK target=(0,0,0) joints=(0,0,0,0,0,0) speed=1.00 constraint=0.0N
[2026-09-22 18:54:21] INFO: OK target=(0,0,0) joints=(0,0,0,0,0,0) speed=1.00 constraint=0.0N
[2026-09-22 18:54:32] INFO: OK target=(0,0,0) joints=(0,0,0,0,0,0) speed=1.00 constraint=0.0N
[2026-09-22 18:54:32] INFO: OK target=(0,0,0) joints=(0,0,0,0,0,0) speed=1.00 constraint=0.0N
[2026-09-22 18:54:59] INFO: OK target=(0,0,0) joints=(0,0,0,0,0,0) speed=1.00 constraint=0.0N
[2026-09-22 18:56:28] INFO: OK target=(0,0,0) joints=(0,0,0,0,0,0) speed=1.00 constraint=0.0N
[2026-09-22 18:56:45] INFO: OK target=(0,0,0) joints=(0,0,0,0,0,0) speed=1.00 constraint=0.0N
[2026-09-22 18:56:47] INFO: OK target=(0,0,0) joints=(0,0,0,0,0,0) speed=1.00 constraint=0.0N
[2026-09-22 18:57:05] INFO: OK target=(0,0,0) joints=(0,0,0,0,0,0) speed=1.00 constraint=0.0N
[2026-09-22 18:57:26] INFO: OK target=(0,0,0) joints=(0,0,0,0,0,0) speed=1.00 constraint=0.0N
[2026-09-22 18:57:28] INFO: OK target=(0,0,0) joints=(0,0,0,0,0,0) speed=1.00 constraint=0.0N
[2026-09-22 18:57:39] INFO: OK target=(0,0,0) joints=(0,0,0,0,0,0) speed=1.00 constraint=0.0N
[2026-09-22 18:57:45] INFO: OK target=(0,0,0) joints=(0,0,0,0,0,0) speed=1.00 constraint=0.0N
[2026-09-22 18:59:14] INFO: OK target=(0,0,0) joints=(0,0,0,0,0,0) speed=1.00 constraint=0.0N
[2026-09-22 18:59:24] INFO: OK target=(0,0,0) joints=(0,0,0,0,0,0) speed=1.00 constraint=0.0N
[2026-09-22 18:59:24] INFO: OK target=(0,0,0) joints=(0,0,0,0,0,0) speed=1.00 constraint=0.0N
[2026-09-22 18:59:29] INFO: OK target=(0,0,0) joints=(0,0,0,0,0,0) speed=1.00 constraint=0.0N
[2026-09-22 18:59:30] INFO: OK target=(0,0,0) joints=(0,0,0,0,0,0) speed=1.00 constraint=0.0N
[2026-09-22 18:59:31] INFO: OK target=(0,0,0) joints=(0,0,0,0,0,0) speed=1.00 constraint=0.0N
[2026-09-22 18:59:32] INFO: OK target=(0,0,0) joints=(0,0,0,0,0,0) speed=1.00 constraint=0.0N
[2026-09-22 18:59:42] INFO: OK target=(0,0,0) joints=(0,0,0,0,0,0) speed=1.00 constraint=0.0N
[2026-09-22 18:59:54] INFO: OK target=(0,0,0) joints=(0,0,0,0,0,0) speed=1.00 constraint=0.0N
[2026-09-22 18:59:56] INFO: OK target=(0,0,0) joints=(0,0,0,0,0,0) speed=1.00 constraint=0.0N
[2026-09-22 18:59:56] INFO: OK target=(0,0,0) joints=(0,0,0,0,0,0) speed=1.00 constraint=0.0N
[2026-09-22 18:59:57] INFO: OK target=(0,0,0) joints=(0,0,0,0,0,0) speed=1.00 constraint=0.0N
[2026-09-22 19:00:02] INFO: OK target=(0,0,0) joints=(0,0,0,0,0,0) speed=1.00 constraint=0.0N
[2026-09-22 19:00:05] INFO: OK target=(0,0,0) joints=(0,0,0,0,0,0) speed=1.00 constraint=0.0N
[2026-09-22 19:00:19] INFO: OK target=(0,0,0) joints=(0,0,0,0,0,0) speed=1.00 constraint=0.0N
[2026-09-22 19:00:24] INFO: OK target=(0,0,0) joints=(0,0,0,0,0,0) speed=1.00 constraint=0.0N
[2026-09-22 19:00:48] INFO: OK target=(0,0,0) joints=(0,0,0,0,0,0) speed=1.00 constraint=0.0N
[2026-09-22 19:00:49] INFO: OK target=(0,0,0) joints=(0,0,0,0,0,0) speed=1.00 constraint=0.0N
[2026-09-22 19:00:49] INFO: OK target=(0,0,0) joints=(0,0,0,0,0,0) speed=1.00 constraint=0.0N
[2026-09-22 19:00:51] INFO: OK target=(0,0,0) joints=(0,0,0,0,0,0) speed=1.00 constraint=0.0N
[2026-09-22 19:01:00] INFO: OK target=(0,0,0) joints=(0,0,0,0,0,0) speed=1.00 constraint=0.0N
[2026-09-22 19:01:01] INFO: OK target=(0,0,0) joints=(0,0,0,0,0,0) speed=1.00 constraint=0.0N
[2026-09-22 19:01:01] INFO: OK target=(0,0,0) joints=(0,0,0,0,0,0) speed=1.00 constraint=0.0N
[2026-09-22 19:01:02] INFO: OK target=(0,0,0) joints=(0,0,0,0,0,0) speed=1.00 constraint=0.0N
[2026-09-22 19:01:03] INFO: OK target=(0,0,0) joints=(0,0,0,0,0,0) speed=1.00 constraint=0.0N
[2026-09-22 19:01:04] INFO: OK target=(0,0,0) joints=(0,0,0,0,0,0) speed=1.00 constraint=0.0N
[2026-09-22 19:01:05] INFO: OK target=(0,0,0) joints=(0,0,0,0,0,0) speed=1.00 constraint=0.0N
[2026-09-22 19:01:19] INFO: OK target=(0,0,0) joints=(0,0,0,0,0,0) speed=1.00 constraint=0.0N
[2026-09-22 19:01:21] INFO: OK target=(0,0,0) joints=(0,0,0,0,0,0) speed=1.00 constraint=0.0N
[2026-09-22 19:01:26] INFO: OK target=(0,0,0) joints=(0,0,0,0,0,0) speed=1.00 constraint=0.0N
[2026-09-22 19:01:26] INFO: OK target=(0,0,0) joints=(0,0,0,0,0,0) speed=1.00 constraint=0.0N
[2026-09-22 19:01:27] INFO: OK target=(0,0,0) joints=(0,0,0,0,0,0) speed=1.00 constraint=0.0N
[2026-09-22 19:01:27] INFO: OK target=(0,0,0) joints=(0,0,0,0,0,0) speed=1.00 constraint=0.0N
[2026-09-22 19:01:27] INFO: OK target=(0,0,0) joints=(0,0,0,0,0,0) speed=1.00 constraint=0.0N
[2026-09-22 19:01:27] INFO: OK target=(0,0,0) joints=(0,0,0,0,0,0) speed=1.00 constraint=0.0N
[2026-09-22 19:01:29] INFO: OK target=(0,0,0) joints=(0,0,0,0,0,0) speed=1.00 constraint=0.0N
[2026-09-22 19:01:29] INFO: OK target=(0,0,0) joints=(0,0,0,0,0,0) speed=1.00 constraint=0.0N
[2026-09-22 19:01:29] INFO: OK target=(0,0,0) joints=(0,0,0,0,0,0) speed=1.00 constraint=0.0N
[2026-09-22 19:01:29] INFO: OK target=(0,0,0) joints=(0,0,0,0,0,0) speed=1.00 constraint=0.0N
[2026-09-22 19:01:29] INFO: OK target=(0,0,0) joints=(0,0,0,0,0,0) speed=1.00 constraint=0.0N
[2026-09-22 19:01:29] INFO: OK target=(0,0,0) joints=(0,0,0,0,0,0) speed=1.00 constraint=0.0N
[2026-09-22 19:01:29] INFO: OK target=(0,0,0) joints=(0,0,0,0,0,0) speed=1.00 constraint=0.0N
[2026-09-22 19:01:29] INFO: OK target=(0,0,0) joints=(0,0,0,0,0,0) speed=1.00 constraint=0.0N
[2026-09-22 19:01:29] INFO: OK target=(0,0,0) joints=(0,0,0,0,0,0) speed=1.00 constraint=0.0N
[2026-09-22 19:01:29] INFO: OK target=(0,0,0) joints=(0,0,0,0,0,0) speed=1.00 constraint=0.0N
[2026-09-22 19:01:29] INFO: OK target=(0,0,0) joints=(0,0,0,0,0,0) speed=1.00 constraint=0.0N
[2026-09-22 19:01:34] INFO: OK target=(0,0,0) joints=(0,0,0,0,0,0) speed=1.00 constraint=0.0N
[2026-09-22 19:01:40] INFO: OK target=(0,0,0) joints=(0,0,0,0,0,0) speed=1.00 constraint=0.0N
[2026-09-22 19:01:41] INFO: OK target=(0,0,0) joints=(0,0,0,0,0,0) speed=1.00 constraint=0.0N
[2026-09-22 19:01:42] INFO: OK target=(0,0,0) joints=(0,0,0,0,0,0) speed=1.00 constraint=0.0N
[2026-09-22 19:01:55] INFO: OK target=(0,0,0) joints=(0,0,0,0,0,0) speed=1.00 constraint=0.0N
[2026-09-22 19:02:01] INFO: OK target=(0,0,0) joints=(0,0,0,0,0,0) speed=1.00 constraint=0.0N
[2026-09-22 19:02:02] INFO: OK target=(0,0,0) joints=(0,0,0,0,0,0) speed=1.00 constraint=0.0N
[2026-09-22 19:02:08] INFO: OK target=(0,0,0) joints=(0,0,0,0,0,0) speed=1.00 constraint=0.0N
[2026-09-22 19:02:09] INFO: OK target=(0,0,0) joints=(0,0,0,0,0,0) speed=1.00 constraint=0.0N
[2026-09-22 19:02:10] INFO: OK target=(0,0,0) joints=(0,0,0,0,0,0) speed=1.00 constraint=0.0N
[2026-09-22 19:02:10] INFO: OK target=(0,0,0) joints=(0,0,0,0,0,0) speed=1.00 constraint=0.0N
[2026-09-22 19:02:11] INFO: OK target=(0,0,0) joints=(0,0,0,0,0,0) speed=1.00 constraint=0.0N
[2026-09-22 19:02:11] INFO: OK target=(0,0,0) joints=(0,0,0,0,0,0) speed=1.00 constraint=0.0N
[2026-09-22 19:02:11] INFO: OK target=(0,0,0) joints=(0,0,0,0,0,0) speed=1.00 constraint=0.0N
[2026-09-22 19:02:12] INFO: OK target=(0,0,0) joints=(0,0,0,0,0,0) speed=1.00 constraint=0.0N
[2026-09-22 19:02:12] INFO: OK target=(0,0,0) joints=(0,0,0,0,0,0) speed=1.00 constraint=0.0N
[2026-09-22 19:02:12] INFO: OK target=(0,0,0) joints=(0,0,0,0,0,0) speed=1.00 constraint=0.0N

[2026-09-22 19:05:46] === SESSION START ===
[2026-09-22 19:05:47] INFO: OK target=(0,0,0) joints=(0,0,0,0,0,0) speed=1.00 constraint=0.0N
[2026-09-22 19:05:47] INFO: OK target=(0,0,0) joints=(0,0,0,0,0,0) speed=1.00 constraint=0.0N
[2026-09-22 19:05:51] INFO: OK target=(0,0,0) joints=(0,0,0,0,0,0) speed=1.00 constraint=0.0N
[2026-09-22 19:05:52] INFO: OK target=(0,0,0) joints=(0,0,0,0,0,0) speed=1.00 constraint=0.0N
[2026-09-22 19:05:53] INFO: OK target=(0,0,0) joints=(0,0,0,0,0,0) speed=1.00 constraint=0.0N
[2026-09-22 19:06:09] INFO: OK target=(0,0,0) joints=(0,0,0,0,0,0) speed=1.00 constraint=0.0N
[2026-09-22 19:06:11] INFO: OK target=(0,0,0) joints=(0,0,0,0,0,0) speed=1.00 constraint=0.0N
[2026-09-22 19:06:11] INFO: OK target=(0,0,0) joints=(0,0,0,0,0,0) speed=1.00 constraint=0.0N
[2026-09-22 19:06:13] INFO: OK target=(0,0,0) joints=(0,0,0,0,0,0) speed=1.00 constraint=0.0N
[2026-09-22 19:06:13] INFO: OK target=(0,0,0) joints=(0,0,0,0,0,0) speed=1.00 constraint=0.0N
[2026-09-22 19:06:13] INFO: OK target=(0,0,0) joints=(0,0,0,0,0,0) speed=1.00 constraint=0.0N
[2026-09-22 19:06:13] INFO: OK target=(0,0,0) joints=(0,0,0,0,0,0) speed=1.00 constraint=0.0N
[2026-09-22 19:06:13] INFO: OK target=(0,0,0) joints=(0,0,0,0,0,0) speed=1.00 constraint=0.0N
[2026-09-22 19:06:13] INFO: OK target=(0,0,0) joints=(0,0,0,0,0,0) speed=1.00 constraint=0.0N
[2026-09-22 19:06:13] INFO: OK target=(0,0,0) joints=(0,0,0,0,0,0) speed=1.00 constraint=0.0N
[2026-09-22 19:06:13] INFO: OK target=(0,0,0) joints=(0,0,0,0,0,0) speed=1.00 constraint=0.0N
[2026-09-22 19:06:13] INFO: OK target=(0,0,0) joints=(0,0,0,0,0,0) speed=1.00 constraint=0.0N
[2026-09-22 19:06:14] INFO: OK target=(0,0,0) joints=(0,0,0,0,0,0) speed=1.00 constraint=0.0N
[2026-09-22 19:06:16] INFO: OK target=(0,0,0) joints=(0,0,0,0,0,0) speed=1.00 constraint=0.0N
[2026-09-22 19:06:24] REJECT: ERR_FORCE_INCONSISTENT target=(-186,-301,257) joints=(0,0,0,0,0,0) speed=0.00 constraint=0.0N
[2026-09-22 19:06:28] INFO: OK target=(0,0,0) joints=(0,0,0,0,0,0) speed=1.00 constraint=0.0N
[2026-09-22 19:06:29] REJECT: ERR_FORCE_INCONSISTENT target=(-186,-301,257) joints=(0,0,0,0,0,0) speed=0.00 constraint=0.0N
[2026-09-22 19:06:29] INFO: OK target=(0,0,0) joints=(0,0,0,0,0,0) speed=1.00 constraint=0.0N
[2026-09-22 19:06:29] INFO: OK target=(0,0,0) joints=(0,0,0,0,0,0) speed=1.00 constraint=0.0N
[2026-09-22 19:06:30] INFO: OK target=(0,0,0) joints=(0,0,0,0,0,0) speed=1.00 constraint=0.0N
[2026-09-22 19:06:34] REJECT: ERR_FORCE_INCONSISTENT target=(-186,-301,257) joints=(0,0,0,0,0,0) speed=0.00 constraint=0.0N
[2026-09-22 19:06:39] REJECT: ERR_FORCE_INCONSISTENT target=(-186,-301,257) joints=(0,0,0,0,0,0) speed=0.00 constraint=0.0N
[2026-09-22 19:06:44] REJECT: ERR_FORCE_INCONSISTENT target=(-186,-301,257) joints=(0,0,0,0,0,0) speed=0.00 constraint=0.0N
[2026-09-22 19:06:49] REJECT: ERR_FORCE_INCONSISTENT target=(-186,-301,257) joints=(0,0,0,0,0,0) speed=0.00 constraint=0.0N
[2026-09-22 19:06:54] REJECT: ERR_FORCE_INCONSISTENT target=(-186,-301,257) joints=(0,0,0,0,0,0) speed=0.00 constraint=0.0N
[2026-09-22 19:06:59] REJECT: ERR_FORCE_INCONSISTENT target=(-186,-301,257) joints=(0,0,0,0,0,0) speed=0.00 constraint=0.0N
[2026-09-22 19:07:04] REJECT: ERR_FORCE_INCONSISTENT target=(-186,-301,257) joints=(0,0,0,0,0,0) speed=0.00 constraint=0.0N
[2026-09-22 19:07:09] REJECT: ERR_FORCE_INCONSISTENT target=(-186,-301,257) joints=(0,0,0,0,0,0) speed=0.00 constraint=0.0N
[2026-09-22 19:07:14] REJECT: ERR_FORCE_INCONSISTENT target=(-186,-301,257) joints=(0,0,0,0,0,0) speed=0.00 constraint=0.0N
[2026-09-22 19:07:19] REJECT: ERR_FORCE_INCONSISTENT target=(-186,-301,257) joints=(0,0,0,0,0,0) speed=0.00 constraint=0.0N
[2026-09-22 19:07:24] REJECT: ERR_FORCE_INCONSISTENT target=(-186,-301,257) joints=(0,0,0,0,0,0) speed=0.00 constraint=0.0N
[2026-09-22 19:07:37] REJECT: ERR_FORCE_INCONSISTENT target=(-186,-301,257) joints=(0,0,0,0,0,0) speed=0.00 constraint=0.0N

[2026-09-22 19:13:08] === SESSION START ===
[2026-09-22 19:13:32] REJECT: ERR_FORCE_UNCALIBRATED target=(-167,-149,335) joints=(0,0,0,0,0,0) speed=0.00 constraint=0.0N
[2026-09-22 19:13:44] INFO: OK target=(0,0,0) joints=(0,0,0,0,0,0) speed=1.00 constraint=0.0N
[2026-09-22 19:13:44] INFO: OK target=(0,0,0) joints=(0,0,0,0,0,0) speed=1.00 constraint=0.0N
[2026-09-22 19:13:45] INFO: OK target=(0,0,0) joints=(0,0,0,0,0,0) speed=1.00 constraint=0.0N
[2026-09-22 19:13:46] INFO: OK target=(0,0,0) joints=(0,0,0,0,0,0) speed=1.00 constraint=0.0N
[2026-09-22 19:13:46] INFO: OK target=(0,0,0) joints=(0,0,0,0,0,0) speed=1.00 constraint=0.0N
[2026-09-22 19:13:47] INFO: OK target=(0,0,0) joints=(0,0,0,0,0,0) speed=1.00 constraint=0.0N
[2026-09-22 19:13:48] INFO: OK target=(0,0,0) joints=(0,0,0,0,0,0) speed=1.00 constraint=0.0N
[2026-09-22 19:13:49] INFO: OK target=(0,0,0) joints=(0,0,0,0,0,0) speed=1.00 constraint=0.0N
[2026-09-22 19:13:49] INFO: OK target=(0,0,0) joints=(0,0,0,0,0,0) speed=1.00 constraint=0.0N
[2026-09-22 19:14:04] INFO: OK target=(0,0,0) joints=(0,0,0,0,0,0) speed=1.00 constraint=0.0N
[2026-09-22 19:14:05] INFO: OK target=(0,0,0) joints=(0,0,0,0,0,0) speed=1.00 constraint=0.0N
[2026-09-22 19:14:14] INFO: OK target=(0,0,0) joints=(0,0,0,0,0,0) speed=1.00 constraint=0.0N
[2026-09-22 19:14:14] INFO: OK target=(0,0,0) joints=(0,0,0,0,0,0) speed=1.00 constraint=0.0N
[2026-09-22 19:14:16] INFO: OK target=(0,0,0) joints=(0,0,0,0,0,0) speed=1.00 constraint=0.0N
[2026-09-22 19:14:16] INFO: OK target=(0,0,0) joints=(0,0,0,0,0,0) speed=1.00 constraint=0.0N
[2026-09-22 19:14:22] INFO: OK target=(0,0,0) joints=(0,0,0,0,0,0) speed=1.00 constraint=0.0N
[2026-09-22 19:19:33] INFO: OK target=(0,0,0) joints=(0,0,0,0,0,0) speed=1.00 constraint=0.0N
[2026-09-22 19:19:34] INFO: OK target=(0,0,0) joints=(0,0,0,0,0,0) speed=1.00 constraint=0.0N
[2026-09-22 19:19:34] INFO: OK target=(0,0,0) joints=(0,0,0,0,0,0) speed=1.00 constraint=0.0N
[2026-09-22 19:19:45] INFO: OK target=(0,0,0) joints=(0,0,0,0,0,0) speed=1.00 constraint=0.0N
[2026-09-22 19:19:46] INFO: OK target=(0,0,0) joints=(0,0,0,0,0,0) speed=1.00 constraint=0.0N
[2026-09-22 19:19:52] INFO: OK target=(0,0,0) joints=(0,0,0,0,0,0) speed=1.00 constraint=0.0N
[2026-09-22 19:19:53] INFO: OK target=(0,0,0) joints=(0,0,0,0,0,0) speed=1.00 constraint=0.0N
[2026-09-22 19:19:53] INFO: OK target=(0,0,0) joints=(0,0,0,0,0,0) speed=1.00 constraint=0.0N
[2026-09-22 19:19:54] INFO: OK target=(0,0,0) joints=(0,0,0,0,0,0) speed=1.00 constraint=0.0N
[2026-09-22 19:20:02] INFO: OK target=(0,0,0) joints=(0,0,0,0,0,0) speed=1.00 constraint=0.0N
[2026-09-22 19:20:03] INFO: OK target=(0,0,0) joints=(0,0,0,0,0,0) speed=1.00 constraint=0.0N
[2026-09-22 19:20:05] INFO: OK target=(0,0,0) joints=(0,0,0,0,0,0) speed=1.00 constraint=0.0N
[2026-09-22 19:20:05] INFO: OK target=(0,0,0) joints=(0,0,0,0,0,0) speed=1.00 constraint=0.0N
[2026-09-22 19:20:10] INFO: OK target=(0,0,0) joints=(0,0,0,0,0,0) speed=1.00 constraint=0.0N

[2026-09-23 23:08:02] === SESSION START ===

[2026-09-23 23:08:53] === SESSION START ===
[2026-09-23 23:08:56] INFO: OK target=(0,0,0) joints=(0,0,0,0,0,0) speed=1.00 constraint=0.0N
[2026-09-23 23:08:57] INFO: OK target=(0,0,0) joints=(0,0,0,0,0,0) speed=1.00 constraint=0.0N
[2026-09-23 23:08:57] INFO: OK target=(0,0,0) joints=(0,0,0,0,0,0) speed=1.00 constraint=0.0N
[2026-09-23 23:08:58] INFO: OK target=(0,0,0) joints=(0,0,0,0,0,0) speed=1.00 constraint=0.0N
[2026-09-23 23:09:00] INFO: OK target=(0,0,0) joints=(0,0,0,0,0,0) speed=1.00 constraint=0.0N
[2026-09-23 23:09:23] INFO: OK target=(0,0,0) joints=(0,0,0,0,0,0) speed=1.00 constraint=0.0N
[2026-09-23 23:09:26] INFO: OK target=(0,0,0) joints=(0,0,0,0,0,0) speed=1.00 constraint=0.0N
[2026-09-23 23:09:28] INFO: OK target=(0,0,0) joints=(0,0,0,0,0,0) speed=1.00 constraint=0.0N

[2026-09-23 23:11:14] === SESSION START ===
[2026-09-23 23:11:15] INFO: OK target=(0,0,0) joints=(0,0,0,0,0,0) speed=1.00 constraint=0.0N
[2026-09-23 23:11:29] INFO: OK target=(0,0,0) joints=(0,0,0,0,0,0) speed=1.00 constraint=0.0N
[2026-09-23 23:11:29] INFO: OK target=(0,0,0) joints=(0,0,0,0,0,0) speed=1.00 constraint=0.0N
[2026-09-23 23:11:29] INFO: OK target=(0,0,0) joints=(0,0,0,0,0,0) speed=1.00 constraint=0.0N
[2026-09-23 23:11:30] INFO: OK target=(0,0,0) joints=(0,0,0,0,0,0) speed=1.00 constraint=0.0N
[2026-09-23 23:11:31] INFO: OK target=(0,0,0) joints=(0,0,0,0,0,0) speed=1.00 constraint=0.0N
[2026-09-23 23:11:32] INFO: OK target=(0,0,0) joints=(0,0,0,0,0,0) speed=1.00 constraint=0.0N
[2026-09-23 23:11:34] INFO: OK target=(0,0,0) joints=(0,0,0,0,0,0) speed=1.00 constraint=0.0N
[2026-09-23 23:11:43] INFO: OK target=(0,0,0) joints=(0,0,0,0,0,0) speed=1.00 constraint=0.0N
[2026-09-23 23:11:58] INFO: OK target=(0,0,0) joints=(0,0,0,0,0,0) speed=1.00 constraint=0.0N
[2026-09-23 23:22:26] REJECT: ERR_FORCE_REFERENCE_UNAVAILABLE target=(-51,-279,387) joints=(0,0,0,0,0,0) speed=0.00 constraint=0.0N
[2026-09-23 23:22:51] INFO: OK target=(0,0,0) joints=(0,0,0,0,0,0) speed=1.00 constraint=0.0N
[2026-09-23 23:22:51] REJECT: ERR_FORCE_REFERENCE_UNAVAILABLE target=(-51,-279,387) joints=(0,0,0,0,0,0) speed=0.00 constraint=0.0N
