=== Touch-Dobot Digital Twin System v3.0 ===
Robot: 192.168.101.11
Touch: enabled
Safety: X[-300,250] Y[-350,250] Z[140,500]
[Tuning] 力反射增益 = 120.0 (来源: D:\Projects\Touch\Touch_Client\calib\force_tuning.json)
Initializing Touch device...
Touch 设备初始化成功
[Payload] Loaded payload_calib.json (mass=0.404kg, com=(0.3,-0.1,68.7)mm, 6 poses, psi=90deg, sign_z=+1)
Initializing robot via Relay...
已连接使能端口 29999
已连接运动端口 30003
[StateMachine] DISCONNECTED → CONNECTED
[Relay] GUI reporting 【已重连】到 127.0.0.1:8888
[Relay] 使能 EnableRobot(0.404,0.3,-0.1,68.7)  (实机标定值)
[Relay] 机械臂使能成功
[Relay] 机械臂状态正常 (mode=0)
[Relay] GetPose retry 1/5...
[Relay] 基准位姿: (-62.9227,-307.026,432.56)
[StateMachine] CONNECTED → READY
[Relay] GUI reporting 【未连接】—— 127.0.0.1:8888 上没有在听 (MATLAB relay_gui 没在跑?)
[Relay]   影响: P| / J| / RP| / C| / FB| 全部发不出去 (位置 / 关节角 / 实际位姿 / 命令回显 / 反馈回显)。
[Relay]   不影响: 机械臂控制、力数据采集 (@576/@720/@1304)、一致性闸门、本地补偿 —— 它们都不走这条 socket。
[Relay]   要恢复: 在 MATLAB 那一侧起 relay_gui 即可 —— ★ 本程序会【自动按秒重连】, 不必重启 (2026-09-21 起; 从前是只在启动时连一次, 所以那时确实要重启)。
[Force] Loaded force_calib.json (mass scale=0.419631kg, bias=-18.1778,-2.44562,0.869821N, c_s=(0.0361314,1.08794,55.4161)mm)
[Force] Reader thread started, connecting to port 30004...
[Force] Connected to realtime port 30004
[Force] Reader thread receiving at 125Hz...
[STL] Binary: 42500 triangles
[Force] 30004 帧自检通过: TestValue @48 = 0x0123456789ABCDEF (小端字节序) ⇒ 帧布局与我们的假设一致
[Relay] 机械臂实际负载 (【首个合格帧】的快照): load=0.404 kg  center=(0.3, -0.1, 68.7) mm
[Force] 一致性闸门: 放行 (本地全量模型与【参考量】在【投票通道】上一致; 参考量本帧【可用】)
[STL] Binary: 5004 triangles
[STL] Binary: 11932 triangles
[STL] Binary: 15904 triangles
[STL] Binary: 4810 triangles
[STL] Binary: 4898 triangles
[STL] Binary: 8976 triangles
[RobotModel] STL models loaded (models/cr3)
[Calib] No calibration file, using default axis mapping
[TCP] No tcp_calib.json — press 't' to calibrate TCP offset

System ready.
  q/ESC: quit
  Touch button 1: control robot


############################################################
##  ⚠⚠  触觉安全提示已关闭  (Config::FORCE_CONSTRAINT_FORCES_ENABLED = false)
##   虚拟约束力已【全部】停用 —— 现在【没有任何】推力提示:
##     · 靠近安全边界 (SAFE_X/Y/Z)
##     · 靠近圆柱奇异 (半径 < 80mm)
##     · 靠近工作空间边缘 (半径 > 550mm)
##     · 靠近历史报警点 (真报过警的位置)
##   ⇒ 请靠【视觉】与【报警指示灯】判断危险。
##   (机械臂自身的碰撞检测与安全皮肤由机械臂侧做, 不受本开关影响。)
##   本横幅每 60 秒复报一次。
############################################################

[Force] 运动检测 #01: pos=(-62.923,-307.026,432.560)mm  tcp=(-62.923,-307.026,432.560)mm  vel=0.000000 m/s (阈值 0.0020)  acc=0.000000 m/s² (阈值 0.0050)  tcpV=(0.0000,0.0003,0.0003)  isStill=1
[Force] 运动检测 #02: pos=(-62.923,-307.026,432.560)mm  tcp=(-62.923,-307.026,432.560)mm  vel=0.000000 m/s (阈值 0.0020)  acc=0.000000 m/s² (阈值 0.0050)  tcpV=(0.0000,-0.0000,-0.0003)  isStill=1
[Force] 运动检测 #03: pos=(-62.923,-307.026,432.560)mm  tcp=(-62.923,-307.026,432.560)mm  vel=0.000000 m/s (阈值 0.0020)  acc=0.000000 m/s² (阈值 0.0050)  tcpV=(0.0000,0.0000,0.0000)  isStill=1
[Force] 运动检测 #04: pos=(-62.923,-307.026,432.560)mm  tcp=(-62.923,-307.026,432.560)mm  vel=0.000000 m/s (阈值 0.0020)  acc=0.000000 m/s² (阈值 0.0050)  tcpV=(0.0001,0.0000,-0.0000)  isStill=1
[Force] 运动检测 #05: pos=(-62.923,-307.026,432.560)mm  tcp=(-62.923,-307.026,432.560)mm  vel=0.000000 m/s (阈值 0.0020)  acc=0.000000 m/s² (阈值 0.0050)  tcpV=(0.0000,0.0000,0.0000)  isStill=1
[Force] 运动检测 #06: pos=(-62.923,-307.026,432.560)mm  tcp=(-62.923,-307.026,432.560)mm  vel=0.000000 m/s (阈值 0.0020)  acc=0.000000 m/s² (阈值 0.0050)  tcpV=(-0.0002,0.0003,0.0002)  isStill=1
[Force] 运动检测 #07: pos=(-62.923,-307.026,432.560)mm  tcp=(-62.923,-307.026,432.560)mm  vel=0.000000 m/s (阈值 0.0020)  acc=0.000000 m/s² (阈值 0.0050)  tcpV=(0.0000,0.0003,-0.0000)  isStill=1
[Force] 运动检测 #08: pos=(-62.923,-307.026,432.560)mm  tcp=(-62.923,-307.026,432.560)mm  vel=0.000000 m/s (阈值 0.0020)  acc=0.000000 m/s² (阈值 0.0050)  tcpV=(-0.0004,0.0002,0.0002)  isStill=1
[Force] 运动检测 #09: pos=(-62.923,-307.026,432.560)mm  tcp=(-62.923,-307.026,432.560)mm  vel=0.000000 m/s (阈值 0.0020)  acc=0.000000 m/s² (阈值 0.0050)  tcpV=(0.0000,-0.0001,0.0001)  isStill=1
[Force] 运动检测 #10: pos=(-62.923,-307.026,432.560)mm  tcp=(-62.923,-307.026,432.560)mm  vel=0.000000 m/s (阈值 0.0020)  acc=0.000000 m/s² (阈值 0.0050)  tcpV=(-0.0002,0.0002,0.0002)  isStill=1
[Force] 运动检测 #11: pos=(-62.923,-307.026,432.560)mm  tcp=(-62.923,-307.026,432.560)mm  vel=0.000000 m/s (阈值 0.0020)  acc=0.000000 m/s² (阈值 0.0050)  tcpV=(-0.0002,-0.0003,-0.0005)  isStill=1
[Force] 运动检测 #12: pos=(-62.923,-307.026,432.560)mm  tcp=(-62.923,-307.026,432.560)mm  vel=0.000000 m/s (阈值 0.0020)  acc=0.000000 m/s² (阈值 0.0050)  tcpV=(0.0000,-0.0001,0.0004)  isStill=1
[Force] 运动检测 #13: pos=(-62.923,-307.026,432.560)mm  tcp=(-62.923,-307.026,432.560)mm  vel=0.000000 m/s (阈值 0.0020)  acc=0.000000 m/s² (阈值 0.0050)  tcpV=(0.0000,-0.0000,-0.0003)  isStill=1
[Force] 运动检测 #14: pos=(-62.923,-307.026,432.560)mm  tcp=(-62.923,-307.026,432.560)mm  vel=0.000000 m/s (阈值 0.0020)  acc=0.000000 m/s² (阈值 0.0050)  tcpV=(0.0001,-0.0003,-0.0006)  isStill=1
[Force] 运动检测 #15: pos=(-62.923,-307.026,432.560)mm  tcp=(-62.923,-307.026,432.560)mm  vel=0.000000 m/s (阈值 0.0020)  acc=0.000000 m/s² (阈值 0.0050)  tcpV=(-0.0004,0.0003,0.0003)  isStill=1
[Force] 运动检测 #16: pos=(-62.923,-307.026,432.560)mm  tcp=(-62.923,-307.026,432.560)mm  vel=0.000000 m/s (阈值 0.0020)  acc=0.000000 m/s² (阈值 0.0050)  tcpV=(-0.0002,0.0003,0.0003)  isStill=1
[Force] 运动检测 #17: pos=(-62.923,-307.026,432.560)mm  tcp=(-62.923,-307.026,432.560)mm  vel=0.000000 m/s (阈值 0.0020)  acc=0.000000 m/s² (阈值 0.0050)  tcpV=(0.0003,-0.0001,0.0000)  isStill=1
[Force] 运动检测 #18: pos=(-62.923,-307.026,432.560)mm  tcp=(-62.923,-307.026,432.560)mm  vel=0.000000 m/s (阈值 0.0020)  acc=0.000000 m/s² (阈值 0.0050)  tcpV=(0.0001,-0.0000,-0.0003)  isStill=1
[Force] 运动检测 #19: pos=(-62.923,-307.026,432.560)mm  tcp=(-62.923,-307.026,432.560)mm  vel=0.000000 m/s (阈值 0.0020)  acc=0.000000 m/s² (阈值 0.0050)  tcpV=(0.0003,-0.0001,0.0000)  isStill=1
[Force] 零偏漂移检查: 补偿后读数 0.114717 N, 正常 (< 0.5 N)
[Force] 运动检测 #20: pos=(-62.923,-307.026,432.560)mm  tcp=(-62.923,-307.026,432.560)mm  vel=0.000000 m/s (阈值 0.0020)  acc=0.000000 m/s² (阈值 0.0050)  tcpV=(-0.0001,-0.0000,0.0000)  isStill=1
[Force] 运动检测 #21: pos=(-62.923,-307.026,432.560)mm  tcp=(-62.923,-307.026,432.560)mm  vel=0.000000 m/s (阈值 0.0020)  acc=0.000000 m/s² (阈值 0.0050)  tcpV=(-0.0001,0.0001,-0.0001)  isStill=1
[Force] 运动检测 #22: pos=(-62.923,-307.026,432.560)mm  tcp=(-62.923,-307.026,432.560)mm  vel=0.000000 m/s (阈值 0.0020)  acc=0.000000 m/s² (阈值 0.0050)  tcpV=(-0.0000,0.0001,-0.0001)  isStill=1
[Force] 运动检测 #23: pos=(-62.923,-307.026,432.560)mm  tcp=(-62.923,-307.026,432.560)mm  vel=0.000000 m/s (阈值 0.0020)  acc=0.000000 m/s² (阈值 0.0050)  tcpV=(0.0004,-0.0004,0.0001)  isStill=1
[Force] 运动检测 #24: pos=(-62.923,-307.026,432.560)mm  tcp=(-62.923,-307.026,432.560)mm  vel=0.000000 m/s (阈值 0.0020)  acc=0.000000 m/s² (阈值 0.0050)  tcpV=(-0.0004,0.0003,-0.0000)  isStill=1
[Force] 运动检测 #25: pos=(-62.923,-307.026,432.560)mm  tcp=(-62.923,-307.026,432.560)mm  vel=0.000000 m/s (阈值 0.0020)  acc=0.000000 m/s² (阈值 0.0050)  tcpV=(0.0002,-0.0001,-0.0003)  isStill=1
[Force] 运动检测 #26: pos=(-62.923,-307.026,432.560)mm  tcp=(-62.923,-307.026,432.560)mm  vel=0.000000 m/s (阈值 0.0020)  acc=0.000000 m/s² (阈值 0.0050)  tcpV=(0.0000,-0.0001,0.0001)  isStill=1
[Force] 运动检测 #27: pos=(-62.923,-307.026,432.560)mm  tcp=(-62.923,-307.026,432.560)mm  vel=0.000000 m/s (阈值 0.0020)  acc=0.000000 m/s² (阈值 0.0050)  tcpV=(0.0002,-0.0001,0.0000)  isStill=1
[Force] 运动检测 #28: pos=(-62.923,-307.026,432.560)mm  tcp=(-62.923,-307.026,432.560)mm  vel=0.000000 m/s (阈值 0.0020)  acc=0.000000 m/s² (阈值 0.0050)  tcpV=(0.0001,-0.0003,-0.0003)  isStill=1
[Force] 运动检测 #29: pos=(-62.923,-307.026,432.560)mm  tcp=(-62.923,-307.026,432.560)mm  vel=0.000000 m/s (阈值 0.0020)  acc=0.000000 m/s² (阈值 0.0050)  tcpV=(-0.0003,0.0002,0.0004)  isStill=1
[Force] 运动检测 #30: pos=(-62.923,-307.026,432.560)mm  tcp=(-62.923,-307.026,432.560)mm  vel=0.000000 m/s (阈值 0.0020)  acc=0.000000 m/s² (阈值 0.0050)  tcpV=(0.0003,-0.0000,0.0003)  isStill=1

===== 帧率噪声探针 (原始 @1304, 未补偿; 最近 1024 帧) =====
  帧率: 平均间隔 8.143 ms (= 122.8 Hz)   最大间隔 10.5 ms   跨度 8330 ms
        (文档值: 8 ms / 125 Hz —— 实测对得上)

  轴    mean          sd(单帧)     lag1自相关   lag2        lag4
  x    -18.1576      0.0679     -0.311     +0.037     -0.272
  y     -2.4785      0.0407     -0.177     +0.006     -0.164
  z     +4.9040      0.1572     -0.508     +0.193     -0.399

  块平均 (连续 k 帧取平均后的 sd / 单帧 sd);  理论值 = 1/sqrt(k)
    k        Fx        Fy        Fz      理论
    2      0.578      0.655      0.496     0.707
    4      0.362      0.442      0.356     0.500
    8      0.245      0.314      0.215     0.354
   16      0.197      0.230      0.140     0.250
   32      0.153      0.155      0.101     0.177

  ☞ 判决 (看 k=16 那一行 Fz):
     ✔ Fz 的块平均【跟着 1/sqrt(k) 掉】⇒ 样本近似独立 (宽带噪声)。
       ⇒ 把补偿+滤波挪到【帧率】上跑就能白赚 √N; 现在跑在 ~11 Hz 上,
         等于把 8 ms 一档的信息丢了 11 分之 10。

  平稳性体检 (前半段均值 − 后半段均值, 单位 N):
    x:   +0.0156   噪声允许 ~0.0030 (3σ 门限 0.0090)   ★ 明显更大 ⇒ 这段在漂, 上一张表不作数
    y:   +0.0004   噪声允许 ~0.0018 (3σ 门限 0.0054)   在容许内 ⇒ 这一段可当平稳
    z:   -0.0042   噪声允许 ~0.0069 (3σ 门限 0.0208)   在容许内 ⇒ 这一段可当平稳
[StateMachine] READY → RUNNING
[Relay] Button PRESS  — target start=(-62.9227,-307.026,432.56)
[Relay] Hold button + move Touch (incremental mode)
[StateMachine] RUNNING → READY
[Relay] Button RELEASE — motion stopped
[StateMachine] READY → RUNNING
[Relay] Button PRESS  — target start=(-102.58,-362.54,403.072)
[Relay] Hold button + move Touch (incremental mode)
[Relay] Motion sends: 50 ok, 0 fail  target=(-130.416,-349.531,388.254) orient=(179.12,-1.57,-118.83)
[StateMachine] RUNNING → READY
[Relay] Button RELEASE — motion stopped
[StateMachine] READY → RUNNING
[Relay] Button PRESS  — target start=(-130.42,-349.53,388.25)
[Relay] Hold button + move Touch (incremental mode)
[Haptic] Force applied: (-0.0158881, -0, -0.000951972) N  mag=0.0159166  stale=0  button1=1  button2=0
[StateMachine] RUNNING → READY
[Relay] Button RELEASE — motion stopped
[StateMachine] READY → RUNNING
[Relay] Button PRESS  — target start=(-160.85,-354.08,364.09)
[Relay] Hold button + move Touch (incremental mode)
[StateMachine] RUNNING → READY
[Relay] Button RELEASE — motion stopped
[StateMachine] READY → RUNNING
[Relay] Button PRESS  — target start=(-183.333,-354.437,323.843)
[Relay] Hold button + move Touch (incremental mode)
[Haptic] Force applied: (-0.0211439, -0, 0.00266649) N  mag=0.0213114  stale=0  button1=1  button2=0
[StateMachine] RUNNING → READY
[Relay] Button RELEASE — motion stopped
[StateMachine] READY → RUNNING
[Relay] Button PRESS  — target start=(-177.85,-337.65,289.79)
[Relay] Hold button + move Touch (incremental mode)
[Relay] Motion sends: 100 ok, 0 fail  target=(-184.66,-324.78,254.181) orient=(179.12,-1.56999,-118.83)
[Haptic] Force applied: (-0.22836, -0, 0.262835) N  mag=0.348182  stale=0  button1=1  button2=0
[Relay] Motion sends: 150 ok, 0 fail  target=(-202.626,-343.451,217.656) orient=(179.27,-1.5015,-118.79)
[Haptic] Force applied: (-0.180189, -0, 0.0637303) N  mag=0.191127  stale=0  button1=1  button2=0

############################################################
##  ⚠⚠  触觉安全提示已关闭  (Config::FORCE_CONSTRAINT_FORCES_ENABLED = false)
##   虚拟约束力已【全部】停用 —— 现在【没有任何】推力提示:
##     · 靠近安全边界 (SAFE_X/Y/Z)
##     · 靠近圆柱奇异 (半径 < 80mm)
##     · 靠近工作空间边缘 (半径 > 550mm)
##     · 靠近历史报警点 (真报过警的位置)
##   ⇒ 请靠【视觉】与【报警指示灯】判断危险。
##   (机械臂自身的碰撞检测与安全皮肤由机械臂侧做, 不受本开关影响。)
##   本横幅每 60 秒复报一次。
############################################################

[Haptic] Force applied: (-0.00129345, -0, -0.0350336) N  mag=0.0350575  stale=0  button1=1  button2=0
[Relay] Motion sends: 200 ok, 0 fail  target=(-187.207,-320.616,248.018) orient=(179.496,-1.5,-118.77)
[Haptic] Force applied: (-0.0086718, -0, 0.00724192) N  mag=0.011298  stale=0  button1=1  button2=0
[Relay] Motion sends: 250 ok, 0 fail  target=(-167.994,-351.02,210.87) orient=(179.5,-1.49,-118.73)
[Haptic] Force applied: (1.00746, -0, -0.296233) N  mag=1.05011  stale=0  button1=1  button2=0
[Relay] Motion sends: 300 ok, 0 fail  target=(-146.45,-318.487,235.684) orient=(179.5,-1.35084,-118.73)
[Haptic] Force applied: (-0.0244121, -0, -0.151091) N  mag=0.153051  stale=0  button1=1  button2=0

===== 帧率噪声探针 (原始 @1304, 未补偿; 最近 1024 帧) =====
  帧率: 平均间隔 8.152 ms (= 122.7 Hz)   最大间隔 10.2 ms   跨度 8340 ms
        (文档值: 8 ms / 125 Hz —— 实测对得上)

  轴    mean          sd(单帧)     lag1自相关   lag2        lag4
  x    -18.0979      0.2045     +0.513     +0.066     +0.349
  y     -2.4239      0.3038     +0.773     +0.511     +0.742
  z     +4.6264      0.4779     +0.698     +0.653     +0.727

  块平均 (连续 k 帧取平均后的 sd / 单帧 sd);  理论值 = 1/sqrt(k)
    k        Fx        Fy        Fz      理论
    2      0.867      0.942      0.917     0.707
    4      0.693      0.863      0.876     0.500
    8      0.619      0.839      0.861     0.354
   16      0.533      0.817      0.852     0.250
   32      0.390      0.747      0.823     0.177

  ☞ 判决 (看 k=16 那一行 Fz):
     ✗ Fz 的块平均【基本不掉】⇒ 噪声落在比 16 帧更慢的频带上 (慢漂/机械)。
       ⇒ 挪到帧率上跑【没用】, 别白改一遍滤波; 得换修法。

  平稳性体检 (前半段均值 − 后半段均值, 单位 N):
    x:   +0.0271   噪声允许 ~0.0090 (3σ 门限 0.0271)   在容许内 ⇒ 这一段可当平稳
    y:   -0.0769   噪声允许 ~0.0134 (3σ 门限 0.0403)   ★ 明显更大 ⇒ 这段在漂, 上一张表不作数
    z:   +0.2335   噪声允许 ~0.0211 (3σ 门限 0.0634)   ★ 明显更大 ⇒ 这段在漂, 上一张表不作数
[Relay] Motion sends: 350 ok, 0 fail  target=(-146.63,-298.817,220.984) orient=(179.5,-1.35,-118.65)
[Haptic] Force applied: (0.000482361, -0, 0.0820057) N  mag=0.0820071  stale=0  button1=1  button2=0
[Relay] Motion sends: 400 ok, 0 fail  target=(-96.6027,-306.875,219.986) orient=(179.5,-1.35,-118.686)
[Haptic] Force applied: (0.451417, -0, 0.374168) N  mag=0.586327  stale=0  button1=1  button2=0
[Relay] Motion sends: 450 ok, 0 fail  target=(-74.4054,-317.864,221.043) orient=(179.5,-1.35,-118.69)
[Haptic] Force applied: (-0.658347, -0, -0.130424) N  mag=0.671142  stale=0  button1=1  button2=0
[Haptic] Force applied: (0.0728076, -0, -1.01691) N  mag=1.01951  stale=0  button1=1  button2=0
[Relay] Motion sends: 500 ok, 0 fail  target=(-108.287,-366.049,210.891) orient=(179.5,-1.35,-118.69)
[StateMachine] RUNNING → READY
[Relay] Button RELEASE — motion stopped
[StateMachine] READY → RUNNING
[Relay] Button PRESS  — target start=(-78.14,-336.318,257.452)
[Relay] Hold button + move Touch (incremental mode)
[Haptic] Force applied: (-0.00778636, -0, 0.27257) N  mag=0.272681  stale=0  button1=1  button2=0
[StateMachine] RUNNING → READY
[Relay] Button RELEASE — motion stopped
[StateMachine] READY → RUNNING
[Relay] Button PRESS  — target start=(-22.3616,-322.533,244.669)
[Relay] Hold button + move Touch (incremental mode)
[Relay] Motion sends: 550 ok, 0 fail  target=(-20.8777,-308.49,230.451) orient=(179.5,-1.35,-118.69)
[Haptic] Force applied: (0.00640945, -0, 0.326336) N  mag=0.326399  stale=0  button1=1  button2=0
[Relay] Motion sends: 600 ok, 0 fail  target=(55.1258,-360.723,209.178) orient=(179.68,-1.17004,-118.64)
[Haptic] Force applied: (0.503124, -0, 0.000184642) N  mag=0.503124  stale=0  button1=1  button2=0
[StateMachine] RUNNING → READY
[Relay] Button RELEASE — motion stopped
[StateMachine] READY → RUNNING
[Relay] Button PRESS  — target start=(35.1301,-284.02,276.91)
[Relay] Hold button + move Touch (incremental mode)
[Relay] Motion sends: 650 ok, 0 fail  target=(30.0888,-296.012,288.538) orient=(179.68,-1.17,-118.64)
[Haptic] Force applied: (-0.689183, 0, 0.423874) N  mag=0.8091  stale=0  button1=1  button2=0
[StateMachine] RUNNING → READY
[Relay] Button RELEASE — motion stopped
[StateMachine] READY → RUNNING
[Relay] Button PRESS  — target start=(23.3001,-295.07,329.36)
[Relay] Hold button + move Touch (incremental mode)
[StateMachine] RUNNING → READY
[Relay] Button RELEASE — motion stopped
[StateMachine] READY → RUNNING
[Relay] Button PRESS  — target start=(25.6758,-285.504,356.952)
[Relay] Hold button + move Touch (incremental mode)
[StateMachine] RUNNING → READY
[Relay] Button RELEASE — motion stopped
[StateMachine] READY → RUNNING
[Relay] Button PRESS  — target start=(23.7601,-283.56,369.88)
[Relay] Hold button + move Touch (incremental mode)
[StateMachine] RUNNING → READY
[Relay] Button RELEASE — motion stopped

############################################################
##  ⚠⚠  触觉安全提示已关闭  (Config::FORCE_CONSTRAINT_FORCES_ENABLED = false)
##   虚拟约束力已【全部】停用 —— 现在【没有任何】推力提示:
##     · 靠近安全边界 (SAFE_X/Y/Z)
##     · 靠近圆柱奇异 (半径 < 80mm)
##     · 靠近工作空间边缘 (半径 > 550mm)
##     · 靠近历史报警点 (真报过警的位置)
##   ⇒ 请靠【视觉】与【报警指示灯】判断危险。
##   (机械臂自身的碰撞检测与安全皮肤由机械臂侧做, 不受本开关影响。)
##   本横幅每 60 秒复报一次。
############################################################


############################################################
##  ⚠⚠  触觉安全提示已关闭  (Config::FORCE_CONSTRAINT_FORCES_ENABLED = false)
##   虚拟约束力已【全部】停用 —— 现在【没有任何】推力提示:
##     · 靠近安全边界 (SAFE_X/Y/Z)
##     · 靠近圆柱奇异 (半径 < 80mm)
##     · 靠近工作空间边缘 (半径 > 550mm)
##     · 靠近历史报警点 (真报过警的位置)
##   ⇒ 请靠【视觉】与【报警指示灯】判断危险。
##   (机械臂自身的碰撞检测与安全皮肤由机械臂侧做, 不受本开关影响。)
##   本横幅每 60 秒复报一次。
############################################################


############################################################
##  ⚠⚠  触觉安全提示已关闭  (Config::FORCE_CONSTRAINT_FORCES_ENABLED = false)
##   虚拟约束力已【全部】停用 —— 现在【没有任何】推力提示:
##     · 靠近安全边界 (SAFE_X/Y/Z)
##     · 靠近圆柱奇异 (半径 < 80mm)
##     · 靠近工作空间边缘 (半径 > 550mm)
##     · 靠近历史报警点 (真报过警的位置)
##   ⇒ 请靠【视觉】与【报警指示灯】判断危险。
##   (机械臂自身的碰撞检测与安全皮肤由机械臂侧做, 不受本开关影响。)
##   本横幅每 60 秒复报一次。
############################################################

[StateMachine] READY → RUNNING
[Relay] Button PRESS  — target start=(-4.4099,-267.71,394.53)
[Relay] Hold button + move Touch (incremental mode)
[Haptic] Force applied: (-0.214459, -0, 0.0650372) N  mag=0.224104  stale=0  button1=1  button2=0
[Relay] Motion sends: 700 ok, 0 fail  target=(-64.78,-297.013,411.487) orient=(179.68,-1.17,-118.64)
[StateMachine] RUNNING → READY
[Relay] Button RELEASE — motion stopped
[StateMachine] READY → RUNNING
[Relay] Button PRESS  — target start=(-86.3899,-309.26,393.8)
[Relay] Hold button + move Touch (incremental mode)
[StateMachine] RUNNING → READY
[Relay] Button RELEASE — motion stopped
[StateMachine] READY → RUNNING
[Relay] Button PRESS  — target start=(-176.26,-314.26,338.4)
[Relay] Hold button + move Touch (incremental mode)
[Haptic] Force applied: (0.00317649, -0, 0.145138) N  mag=0.145173  stale=0  button1=1  button2=0
[Relay] Motion sends: 750 ok, 0 fail  target=(-174.611,-311.605,341.305) orient=(180,-0.930048,-118.42)
[Haptic] Force applied: (-0.0132393, 0, -0.0428864) N  mag=0.0448835  stale=0  button1=1  button2=0
[Relay] Motion sends: 800 ok, 0 fail  target=(-226.945,-320.77,265.115) orient=(-180,-0.93,-118.331)
[StateMachine] RUNNING → READY
[Relay] Button RELEASE — motion stopped
[StateMachine] READY → RUNNING
[Relay] Button PRESS  — target start=(-225.55,-320.11,255.65)
[Relay] Hold button + move Touch (incremental mode)
[Haptic] Force applied: (-0.0723663, 0, 0.00477124) N  mag=0.0725234  stale=0  button1=1  button2=0
[Relay] Motion sends: 850 ok, 0 fail  target=(-219.405,-333.303,223.408) orient=(-180,-0.73,-118.33)
[Haptic] Force applied: (-0.437243, -0, 0.00493553) N  mag=0.437271  stale=0  button1=1  button2=0
[Relay] Motion sends: 900 ok, 0 fail  target=(-217.27,-349.85,242.618) orient=(-180,-0.73,-118.26)
[Haptic] Force applied: (-7.80966e-05, -0, 0.0420172) N  mag=0.0420173  stale=0  button1=1  button2=0
[Relay] Motion sends: 950 ok, 0 fail  target=(-191.891,-343.625,223.026) orient=(-180,-0.73,-118.23)
[Haptic] Force applied: (-0.136384, -0, -1.90545e-07) N  mag=0.136384  stale=0  button1=1  button2=0
[Haptic] Force applied: (-0.000637496, -0, -0.0834449) N  mag=0.0834474  stale=0  button1=1  button2=0
[Relay] Motion sends: 1000 ok, 0 fail  target=(-169.254,-356.742,221.43) orient=(-180,-0.73,-118.22)
[Haptic] Force applied: (4.08492e-05, 0, 0.267793) N  mag=0.267793  stale=0  button1=1  button2=0
[StateMachine] RUNNING → READY
[Relay] Button RELEASE — motion stopped
[StateMachine] READY → RUNNING
[Relay] Button PRESS  — target start=(-115.36,-312.83,273.5)
[Relay] Hold button + move Touch (incremental mode)
[Relay] Motion sends: 1050 ok, 0 fail  target=(-125.745,-314.103,265.82) orient=(180,-0.67,-118.22)
[Haptic] Force applied: (-0.103996, -0, 0.0123556) N  mag=0.104728  stale=0  button1=1  button2=0
[Relay] Motion sends: 1100 ok, 0 fail  target=(-107.076,-308.849,224.838) orient=(180,-0.67,-118.2)
[Haptic] Force applied: (0.0010259, -0, 0.361238) N  mag=0.36124  stale=0  button1=1  button2=0

############################################################
##  ⚠⚠  触觉安全提示已关闭  (Config::FORCE_CONSTRAINT_FORCES_ENABLED = false)
##   虚拟约束力已【全部】停用 —— 现在【没有任何】推力提示:
##     · 靠近安全边界 (SAFE_X/Y/Z)
##     · 靠近圆柱奇异 (半径 < 80mm)
##     · 靠近工作空间边缘 (半径 > 550mm)
##     · 靠近历史报警点 (真报过警的位置)
##   ⇒ 请靠【视觉】与【报警指示灯】判断危险。
##   (机械臂自身的碰撞检测与安全皮肤由机械臂侧做, 不受本开关影响。)
##   本横幅每 60 秒复报一次。
############################################################

[Relay] Motion sends: 1150 ok, 0 fail  target=(-90.5484,-310.394,247.27) orient=(-180,-0.67,-118.063)
[Haptic] Force applied: (-0.0836796, -0, -0.00289854) N  mag=0.0837298  stale=0  button1=1  button2=0
[Haptic] Force applied: (-0.181843, -0, 0.158855) N  mag=0.241458  stale=0  button1=1  button2=0
[Relay] Motion sends: 1200 ok, 0 fail  target=(-82.4602,-356.765,219.39) orient=(-180,-0.67,-118.04)
[Relay] Motion sends: 1250 ok, 0 fail  target=(-115.651,-353.508,232.929) orient=(180,-0.67,-118.05)
[Haptic] Force applied: (-0.357275, -0, -0.0248536) N  mag=0.358138  stale=0  button1=1  button2=0
[Relay] Motion sends: 1300 ok, 0 fail  target=(-107.997,-343.534,235.855) orient=(-180,-0.67,-118.04)
[StateMachine] RUNNING → READY
[Relay] Button RELEASE — motion stopped
[StateMachine] READY → RUNNING
[Relay] Button PRESS  — target start=(-69.8801,-334.67,256.56)
[Relay] Hold button + move Touch (incremental mode)
[StateMachine] RUNNING → READY
[Relay] Button RELEASE — motion stopped
[StateMachine] READY → RUNNING
[Relay] Button PRESS  — target start=(-17.8001,-312.13,248.33)
[Relay] Hold button + move Touch (incremental mode)
[Haptic] Force applied: (9.66353e-05, 0, 0.0598275) N  mag=0.0598275  stale=0  button1=1  button2=0
[Relay] Motion sends: 1350 ok, 0 fail  target=(-30.3951,-306.974,223.816) orient=(180,-0.67,-117.72)
[Haptic] Force applied: (-0.461271, -0, 0.0683352) N  mag=0.466305  stale=0  button1=1  button2=0
[Relay] Motion sends: 1400 ok, 0 fail  target=(7.57748,-371.627,214.552) orient=(180,-0.65,-117.653)
[Haptic] Force applied: (0.465025, -0, -0.0303765) N  mag=0.466016  stale=0  button1=1  button2=0
[Relay] Motion sends: 1450 ok, 0 fail  target=(22.6386,-295.12,217.459) orient=(-180,-0.570173,-117.64)
[Haptic] Force applied: (-0.0640566, -0, 0.139512) N  mag=0.153515  stale=0  button1=1  button2=0
[StateMachine] RUNNING → READY
[Relay] Button RELEASE — motion stopped
[StateMachine] READY → RUNNING
[Relay] Button PRESS  — target start=(5.8601,-262.5,299.37)
[Relay] Hold button + move Touch (incremental mode)
[Haptic] Force applied: (-0.650987, 0, 0.000600475) N  mag=0.650988  stale=0  button1=1  button2=0
[StateMachine] RUNNING → READY
[Relay] Button RELEASE — motion stopped

############################################################
##  ⚠⚠  触觉安全提示已关闭  (Config::FORCE_CONSTRAINT_FORCES_ENABLED = false)
##   虚拟约束力已【全部】停用 —— 现在【没有任何】推力提示:
##     · 靠近安全边界 (SAFE_X/Y/Z)
##     · 靠近圆柱奇异 (半径 < 80mm)
##     · 靠近工作空间边缘 (半径 > 550mm)
##     · 靠近历史报警点 (真报过警的位置)
##   ⇒ 请靠【视觉】与【报警指示灯】判断危险。
##   (机械臂自身的碰撞检测与安全皮肤由机械臂侧做, 不受本开关影响。)
##   本横幅每 60 秒复报一次。
############################################################


############################################################
##  ⚠⚠  触觉安全提示已关闭  (Config::FORCE_CONSTRAINT_FORCES_ENABLED = false)
##   虚拟约束力已【全部】停用 —— 现在【没有任何】推力提示:
##     · 靠近安全边界 (SAFE_X/Y/Z)
##     · 靠近圆柱奇异 (半径 < 80mm)
##     · 靠近工作空间边缘 (半径 > 550mm)
##     · 靠近历史报警点 (真报过警的位置)
##   ⇒ 请靠【视觉】与【报警指示灯】判断危险。
##   (机械臂自身的碰撞检测与安全皮肤由机械臂侧做, 不受本开关影响。)
##   本横幅每 60 秒复报一次。
############################################################


############################################################
##  ⚠⚠  触觉安全提示已关闭  (Config::FORCE_CONSTRAINT_FORCES_ENABLED = false)
##   虚拟约束力已【全部】停用 —— 现在【没有任何】推力提示:
##     · 靠近安全边界 (SAFE_X/Y/Z)
##     · 靠近圆柱奇异 (半径 < 80mm)
##     · 靠近工作空间边缘 (半径 > 550mm)
##     · 靠近历史报警点 (真报过警的位置)
##   ⇒ 请靠【视觉】与【报警指示灯】判断危险。
##   (机械臂自身的碰撞检测与安全皮肤由机械臂侧做, 不受本开关影响。)
##   本横幅每 60 秒复报一次。
############################################################

[StateMachine] READY → RUNNING
[Relay] Button2 PRESS — orient ref=(-54.4147,18.4338,-10.0867) robot ref=(-180,-0.57,-117.64)
[Relay] Motion sends: 1500 ok, 0 fail  target=(-4.8199,-246.89,335.48) orient=(-179.883,-0.47444,-117.437)
[Haptic] Force applied: (-0.297863, -0, 0.0208323) N  mag=0.298591  stale=0  button1=0  button2=1
[Haptic] Force applied: (-0.165714, 0, 0.0089224) N  mag=0.165954  stale=0  button1=0  button2=1
[Relay] Motion sends: 1550 ok, 0 fail  target=(-4.8199,-246.89,335.48) orient=(-175.143,2.616,-115.509)
[Haptic] Force applied: (-0.25966, -0, 0.00136779) N  mag=0.259664  stale=0  button1=0  button2=1
[Relay] Motion sends: 1600 ok, 0 fail  target=(-4.8199,-246.89,335.48) orient=(-169.981,2.65439,-113.989)

############################################################
##  ⚠⚠  触觉安全提示已关闭  (Config::FORCE_CONSTRAINT_FORCES_ENABLED = false)
##   虚拟约束力已【全部】停用 —— 现在【没有任何】推力提示:
##     · 靠近安全边界 (SAFE_X/Y/Z)
##     · 靠近圆柱奇异 (半径 < 80mm)
##     · 靠近工作空间边缘 (半径 > 550mm)
##     · 靠近历史报警点 (真报过警的位置)
##   ⇒ 请靠【视觉】与【报警指示灯】判断危险。
##   (机械臂自身的碰撞检测与安全皮肤由机械臂侧做, 不受本开关影响。)
##   本横幅每 60 秒复报一次。
############################################################

[Haptic] Force applied: (1.20599e-06, -0, 0.0644728) N  mag=0.0644728  stale=0  button1=0  button2=1
[Relay] Motion sends: 1650 ok, 0 fail  target=(-4.8199,-246.89,335.48) orient=(-164.927,2.57157,-114.359)
[Haptic] Force applied: (-0.247938, -0, 0.000416914) N  mag=0.247938  stale=0  button1=0  button2=1
[Relay] Motion sends: 1700 ok, 0 fail  target=(-4.8199,-246.89,335.48) orient=(-176.232,0.761481,-113.368)
[Haptic] Force applied: (-0.00369626, -0, 0.0990135) N  mag=0.0990825  stale=0  button1=0  button2=1
[StateMachine] RUNNING → READY
[Relay] Button2 RELEASE — all motion stopped
[StateMachine] READY → RUNNING
[Relay] Button2 PRESS — orient ref=(-50.3726,14.5822,-24.1487) robot ref=(-176.71,1.75,-113.94)
[Safety] Orientation target out of bounds, clamped. Original: (-180.049,7.98154,-114.312)
[Safety] Orientation target out of bounds, clamped. Original: (-180.547,8.78812,-114.394)
[Safety] Orientation target out of bounds, clamped. Original: (-181.012,9.45515,-114.478)
[Safety] Orientation target out of bounds, clamped. Original: (-181.459,10.0569,-114.574)
[Safety] Orientation target out of bounds, clamped. Original: (-181.918,10.6267,-114.676)
[Safety] Orientation target out of bounds, clamped. Original: (-182.365,11.1738,-114.776)
[Safety] Orientation target out of bounds, clamped. Original: (-182.831,11.7189,-114.886)
[Safety] Orientation target out of bounds, clamped. Original: (-183,12.3103,-115.039)
[Safety] Orientation target out of bounds, clamped. Original: (-183,12.9157,-115.217)
[Safety] Orientation target out of bounds, clamped. Original: (-183,13.5229,-115.417)
[Safety] Orientation target out of bounds, clamped. Original: (-183,14.0819,-115.618)
[Safety] Orientation target out of bounds, clamped. Original: (-183,14.5927,-115.805)
[Safety] Orientation target out of bounds, clamped. Original: (-183,15.0283,-115.973)
[Safety] Orientation target out of bounds, clamped. Original: (-183,15.4007,-116.124)
[Safety] Orientation target out of bounds, clamped. Original: (-183,15.7141,-116.252)
[Safety] Orientation target out of bounds, clamped. Original: (-183,15.9702,-116.363)
[Safety] Orientation target out of bounds, clamped. Original: (-183,16.1938,-116.458)
[Safety] Orientation target out of bounds, clamped. Original: (-183,16.3743,-116.542)
[Safety] Orientation target out of bounds, clamped. Original: (-183,16.5234,-116.612)
[Safety] Orientation target out of bounds, clamped. Original: (-183,16.646,-116.661)
[Safety] Orientation target out of bounds, clamped. Original: (-183,16.7493,-116.703)
[Safety] Orientation target out of bounds, clamped. Original: (-183,16.834,-116.753)
[Safety] Orientation target out of bounds, clamped. Original: (-183,16.8828,-116.829)
[Haptic] Force applied: (-0.0296789, -0, 0.162327) N  mag=0.165018  stale=0  button1=0  button2=1
[Safety] Orientation target out of bounds, clamped. Original: (-183,16.879,-116.959)
[Safety] Orientation target out of bounds, clamped. Original: (-183,16.7815,-117.13)
[Relay] Motion sends: 1750 ok, 0 fail  target=(0.18,-246.89,335.48) orient=(-180,16.7815,-117.13)
[Safety] Orientation target out of bounds, clamped. Original: (-183,16.5033,-117.242)
[Safety] Orientation target out of bounds, clamped. Original: (-183,16.0589,-117.317)
[Safety] Orientation target out of bounds, clamped. Original: (-183,15.4766,-117.325)
[Safety] Orientation target out of bounds, clamped. Original: (-183,14.778,-117.255)
[Safety] Orientation target out of bounds, clamped. Original: (-183,13.9811,-117.169)
[Safety] Orientation target out of bounds, clamped. Original: (-183,13.0217,-116.967)
[Safety] Orientation target out of bounds, clamped. Original: (-183,11.9425,-116.744)
[Safety] Orientation target out of bounds, clamped. Original: (-182.54,10.7751,-116.5)
[Safety] Orientation target out of bounds, clamped. Original: (-181.649,9.52041,-116.169)
[Safety] Orientation target out of bounds, clamped. Original: (-180.782,8.23127,-115.784)
[Relay] Motion sends: 1800 ok, 0 fail  target=(0.18,-246.89,335.48) orient=(-164.934,-8.36495,-111.177)
[Haptic] Force applied: (-0.0631097, -0, 0.0108022) N  mag=0.0640275  stale=0  button1=0  button2=1
[Relay] Motion sends: 1850 ok, 0 fail  target=(0.18,-246.89,335.48) orient=(-176.257,9.65751,-111.294)
[Haptic] Force applied: (-0.497782, -0, 0.0238411) N  mag=0.498352  stale=0  button1=0  button2=1
[Relay] Motion sends: 1900 ok, 0 fail  target=(0.18,-246.89,335.48) orient=(-170.75,-19.6434,-111.842)
[Safety] Orientation target out of bounds, clamped. Original: (-180.091,-11.9808,-112.316)
[Safety] Orientation target out of bounds, clamped. Original: (-180.453,-11.6068,-112.435)
[Safety] Orientation target out of bounds, clamped. Original: (-180.773,-11.2634,-112.54)
[Safety] Orientation target out of bounds, clamped. Original: (-181.048,-10.9524,-112.63)
[Safety] Orientation target out of bounds, clamped. Original: (-181.312,-10.6355,-112.719)
[Safety] Orientation target out of bounds, clamped. Original: (-181.564,-10.3121,-112.803)
[Safety] Orientation target out of bounds, clamped. Original: (-181.806,-10.0085,-112.867)
[Safety] Orientation target out of bounds, clamped. Original: (-182.026,-9.73083,-112.906)
[Safety] Orientation target out of bounds, clamped. Original: (-182.209,-9.48541,-112.923)
[Safety] Orientation target out of bounds, clamped. Original: (-182.378,-9.27555,-112.939)
[Safety] Orientation target out of bounds, clamped. Original: (-182.518,-9.08718,-112.936)
[Safety] Orientation target out of bounds, clamped. Original: (-182.646,-8.91674,-112.921)
[Safety] Orientation target out of bounds, clamped. Original: (-182.77,-8.76705,-112.896)
[Safety] Orientation target out of bounds, clamped. Original: (-182.885,-8.6326,-112.851)
[Safety] Orientation target out of bounds, clamped. Original: (-183,-8.46272,-112.813)
[Safety] Orientation target out of bounds, clamped. Original: (-183,-8.22032,-112.818)
[Safety] Orientation target out of bounds, clamped. Original: (-183,-7.94629,-112.866)
[Safety] Orientation target out of bounds, clamped. Original: (-183,-7.67579,-112.936)
[Safety] Orientation target out of bounds, clamped. Original: (-183,-7.43548,-113.01)
[Safety] Orientation target out of bounds, clamped. Original: (-183,-7.23188,-113.095)
[Safety] Orientation target out of bounds, clamped. Original: (-183,-7.05077,-113.177)
[Safety] Orientation target out of bounds, clamped. Original: (-183,-6.89945,-113.255)
[Safety] Orientation target out of bounds, clamped. Original: (-183,-6.77404,-113.342)
[Safety] Orientation target out of bounds, clamped. Original: (-183,-6.66951,-113.417)
[Safety] Orientation target out of bounds, clamped. Original: (-183,-6.5783,-113.483)
[Safety] Orientation target out of bounds, clamped. Original: (-183,-6.48507,-113.532)
[Safety] Orientation target out of bounds, clamped. Original: (-183,-6.38922,-113.551)
[Safety] Orientation target out of bounds, clamped. Original: (-183,-6.30617,-113.559)
[Safety] Orientation target out of bounds, clamped. Original: (-183,-6.22843,-113.525)
[Safety] Orientation target out of bounds, clamped. Original: (-183,-6.1563,-113.455)
[Safety] Orientation target out of bounds, clamped. Original: (-183,-6.0947,-113.382)
[Safety] Orientation target out of bounds, clamped. Original: (-183,-6.04343,-113.323)
[Safety] Orientation target out of bounds, clamped. Original: (-183,-6.00087,-113.271)
[Safety] Orientation target out of bounds, clamped. Original: (-183,-5.96595,-113.246)
[Relay] Motion sends: 1950 ok, 0 fail  target=(0.18,-246.89,335.48) orient=(-180,-5.96595,-113.246)
[Safety] Orientation target out of bounds, clamped. Original: (-183,-5.93578,-113.205)
[Safety] Orientation target out of bounds, clamped. Original: (-183,-5.912,-113.18)
[Safety] Orientation target out of bounds, clamped. Original: (-183,-5.887,-113.148)
[Safety] Orientation target out of bounds, clamped. Original: (-183,-5.85754,-113.096)
[Safety] Orientation target out of bounds, clamped. Original: (-183,-5.83073,-113.023)
[Safety] Orientation target out of bounds, clamped. Original: (-183,-5.79595,-112.95)
[Safety] Orientation target out of bounds, clamped. Original: (-183,-5.75755,-112.877)
[Safety] Orientation target out of bounds, clamped. Original: (-183,-5.7005,-112.809)
[Safety] Orientation target out of bounds, clamped. Original: (-183,-5.64347,-112.729)
[Safety] Orientation target out of bounds, clamped. Original: (-183,-5.58374,-112.648)
[Safety] Orientation target out of bounds, clamped. Original: (-183,-5.5314,-112.567)
[Safety] Orientation target out of bounds, clamped. Original: (-183,-5.48604,-112.485)
[Safety] Orientation target out of bounds, clamped. Original: (-183,-5.4525,-112.419)
[Safety] Orientation target out of bounds, clamped. Original: (-183,-5.42342,-112.352)
[Safety] Orientation target out of bounds, clamped. Original: (-183,-5.38326,-112.279)
[Safety] Orientation target out of bounds, clamped. Original: (-183,-5.34134,-112.205)
[Safety] Orientation target out of bounds, clamped. Original: (-183,-5.30519,-112.132)
[Safety] Orientation target out of bounds, clamped. Original: (-183,-5.27497,-112.068)
[Safety] Orientation target out of bounds, clamped. Original: (-183,-5.24173,-112.011)
[Safety] Orientation target out of bounds, clamped. Original: (-183,-5.21375,-111.964)
[Safety] Orientation target out of bounds, clamped. Original: (-183,-5.14799,-111.931)
[Safety] Orientation target out of bounds, clamped. Original: (-183,-5.02723,-111.917)
[Safety] Orientation target out of bounds, clamped. Original: (-183,-4.86976,-111.916)
[Safety] Orientation target out of bounds, clamped. Original: (-183,-4.70242,-111.92)
[Safety] Orientation target out of bounds, clamped. Original: (-183,-4.54826,-111.932)
[Safety] Orientation target out of bounds, clamped. Original: (-183,-4.41475,-111.952)
[Safety] Orientation target out of bounds, clamped. Original: (-183,-4.29281,-111.969)
[Safety] Orientation target out of bounds, clamped. Original: (-183,-4.19016,-111.982)
[Safety] Orientation target out of bounds, clamped. Original: (-183,-4.10376,-111.994)
[Safety] Orientation target out of bounds, clamped. Original: (-183,-4.03104,-112.004)
[Safety] Orientation target out of bounds, clamped. Original: (-183,-3.96982,-112.012)
[Safety] Orientation target out of bounds, clamped. Original: (-183,-3.91829,-112.019)
[Safety] Orientation target out of bounds, clamped. Original: (-183,-3.87491,-112.025)
[Safety] Orientation target out of bounds, clamped. Original: (-183,-3.83265,-112.036)
[Safety] Orientation target out of bounds, clamped. Original: (-183,-3.80247,-112.035)
[Safety] Orientation target out of bounds, clamped. Original: (-183,-3.77707,-112.035)
[Safety] Orientation target out of bounds, clamped. Original: (-183,-3.74951,-112.045)
[Safety] Orientation target out of bounds, clamped. Original: (-183,-3.72632,-112.053)
[Safety] Orientation target out of bounds, clamped. Original: (-183,-3.71903,-112.064)
[Safety] Orientation target out of bounds, clamped. Original: (-183,-3.70345,-112.102)
[Safety] Orientation target out of bounds, clamped. Original: (-183,-3.69324,-112.154)
[Safety] Orientation target out of bounds, clamped. Original: (-183,-3.69265,-112.21)
[Safety] Orientation target out of bounds, clamped. Original: (-183,-3.69304,-112.268)
[Safety] Orientation target out of bounds, clamped. Original: (-183,-3.69515,-112.34)
[Safety] Orientation target out of bounds, clamped. Original: (-183,-3.7029,-112.414)
[Safety] Orientation target out of bounds, clamped. Original: (-183,-3.7052,-112.484)
[Safety] Orientation target out of bounds, clamped. Original: (-183,-3.70713,-112.543)
[Safety] Orientation target out of bounds, clamped. Original: (-183,-3.70876,-112.593)
[Safety] Orientation target out of bounds, clamped. Original: (-183,-3.70591,-112.643)
[Safety] Orientation target out of bounds, clamped. Original: (-183,-3.70355,-112.684)
[Relay] Motion sends: 2000 ok, 0 fail  target=(0.18,-246.89,335.48) orient=(-180,-3.70355,-112.684)
[Safety] Orientation target out of bounds, clamped. Original: (-183,-3.69851,-112.742)
[Safety] Orientation target out of bounds, clamped. Original: (-183,-3.69004,-112.799)
[Safety] Orientation target out of bounds, clamped. Original: (-183,-3.67449,-112.863)
[StateMachine] RUNNING → READY
[Relay] Button2 RELEASE — all motion stopped
[StateMachine] READY → RUNNING
[Relay] Button2 PRESS — orient ref=(-56.893,12.4717,-27.5186) robot ref=(180,-3.67005,-112.86)
[Haptic] Force applied: (-0.0136665, -0, -0.0674942) N  mag=0.0688639  stale=0  button1=0  button2=1
[Relay] Motion sends: 2050 ok, 0 fail  target=(5.18,-246.89,335.48) orient=(175.361,1.03388,-113.799)
[Haptic] Force applied: (-0.0129321, 0, -1.05549e-06) N  mag=0.0129321  stale=0  button1=0  button2=1
[Relay] Motion sends: 2100 ok, 0 fail  target=(5.18,-246.89,335.48) orient=(178.503,0.876982,-114.116)
[StateMachine] RUNNING → READY
[Relay] Button2 RELEASE — all motion stopped

############################################################
##  ⚠⚠  触觉安全提示已关闭  (Config::FORCE_CONSTRAINT_FORCES_ENABLED = false)
##   虚拟约束力已【全部】停用 —— 现在【没有任何】推力提示:
##     · 靠近安全边界 (SAFE_X/Y/Z)
##     · 靠近圆柱奇异 (半径 < 80mm)
##     · 靠近工作空间边缘 (半径 > 550mm)
##     · 靠近历史报警点 (真报过警的位置)
##   ⇒ 请靠【视觉】与【报警指示灯】判断危险。
##   (机械臂自身的碰撞检测与安全皮肤由机械臂侧做, 不受本开关影响。)
##   本横幅每 60 秒复报一次。
############################################################

[StateMachine] READY → RUNNING
[Relay] Button PRESS  — target start=(5.18,-246.89,335.48)
[Relay] Hold button + move Touch (incremental mode)
[StateMachine] RUNNING → READY
[Relay] Button RELEASE — motion stopped
[StateMachine] READY → RUNNING
[Relay] Button2 PRESS — orient ref=(-59.2297,22.8831,-28.5892) robot ref=(179.74,-1.13,-113.77)
[Relay] Motion sends: 2150 ok, 0 fail  target=(-104.45,-227.33,347.15) orient=(179.74,-0.551766,-116.109)
[Haptic] Force applied: (-0.0266464, -0, -0.0039064) N  mag=0.0269312  stale=0  button1=0  button2=1
[Safety] Orientation target out of bounds, clamped. Original: (180.102,2.50688,-120.686)
[Relay] Motion sends: 2200 ok, 0 fail  target=(-104.45,-227.33,347.15) orient=(180,2.50688,-120.686)
[Safety] Orientation target out of bounds, clamped. Original: (180.479,2.14105,-120.496)
[Safety] Orientation target out of bounds, clamped. Original: (180.854,1.7264,-120.256)
[Safety] Orientation target out of bounds, clamped. Original: (181.22,1.29079,-119.996)
[Safety] Orientation target out of bounds, clamped. Original: (181.606,0.831023,-119.705)
[Safety] Orientation target out of bounds, clamped. Original: (182.029,0.341869,-119.413)
[Safety] Orientation target out of bounds, clamped. Original: (182.466,-0.171825,-119.159)
[Safety] Orientation target out of bounds, clamped. Original: (182.885,-0.655289,-118.957)
[Safety] Orientation target out of bounds, clamped. Original: (183,-1.13,-118.781)
[Safety] Orientation target out of bounds, clamped. Original: (183,-1.5395,-118.618)
[Safety] Orientation target out of bounds, clamped. Original: (183,-1.91634,-118.476)
[Safety] Orientation target out of bounds, clamped. Original: (183,-2.27016,-118.33)
[Safety] Orientation target out of bounds, clamped. Original: (183,-2.60469,-118.184)
[Safety] Orientation target out of bounds, clamped. Original: (183,-2.915,-118.05)
[Safety] Orientation target out of bounds, clamped. Original: (183,-3.20244,-117.907)
[Safety] Orientation target out of bounds, clamped. Original: (183,-3.46841,-117.755)
[Safety] Orientation target out of bounds, clamped. Original: (183,-3.72449,-117.581)
[Safety] Orientation target out of bounds, clamped. Original: (183,-3.97464,-117.389)
[Safety] Orientation target out of bounds, clamped. Original: (183,-4.24369,-117.184)
[Safety] Orientation target out of bounds, clamped. Original: (183,-4.56122,-116.952)
[Safety] Orientation target out of bounds, clamped. Original: (183,-4.88937,-116.732)
[Safety] Orientation target out of bounds, clamped. Original: (183,-5.20561,-116.519)
[Safety] Orientation target out of bounds, clamped. Original: (183,-5.50247,-116.327)
[Safety] Orientation target out of bounds, clamped. Original: (183,-5.75767,-116.164)
[Safety] Orientation target out of bounds, clamped. Original: (183,-5.98938,-116.019)
[Safety] Orientation target out of bounds, clamped. Original: (183,-6.196,-115.885)
[Safety] Orientation target out of bounds, clamped. Original: (183,-6.37942,-115.761)
[Safety] Orientation target out of bounds, clamped. Original: (183,-6.54517,-115.656)
[Safety] Orientation target out of bounds, clamped. Original: (183,-6.69055,-115.568)
[Safety] Orientation target out of bounds, clamped. Original: (183,-6.81959,-115.492)
[Safety] Orientation target out of bounds, clamped. Original: (183,-6.94067,-115.419)
[Safety] Orientation target out of bounds, clamped. Original: (183,-7.04995,-115.363)
[Safety] Orientation target out of bounds, clamped. Original: (183,-7.14766,-115.315)
[Safety] Orientation target out of bounds, clamped. Original: (183,-7.23677,-115.287)
[Safety] Orientation target out of bounds, clamped. Original: (183,-7.31,-115.253)
[Safety] Orientation target out of bounds, clamped. Original: (183,-7.37286,-115.231)
[Safety] Orientation target out of bounds, clamped. Original: (183,-7.42909,-115.204)
[Safety] Orientation target out of bounds, clamped. Original: (183,-7.48609,-115.183)
[Safety] Orientation target out of bounds, clamped. Original: (183,-7.53565,-115.163)
[Safety] Orientation target out of bounds, clamped. Original: (183,-7.57896,-115.142)
[Safety] Orientation target out of bounds, clamped. Original: (183,-7.60419,-115.113)
[StateMachine] RUNNING → READY
[Relay] Button2 RELEASE — all motion stopped

############################################################
##  ⚠⚠  触觉安全提示已关闭  (Config::FORCE_CONSTRAINT_FORCES_ENABLED = false)
##   虚拟约束力已【全部】停用 —— 现在【没有任何】推力提示:
##     · 靠近安全边界 (SAFE_X/Y/Z)
##     · 靠近圆柱奇异 (半径 < 80mm)
##     · 靠近工作空间边缘 (半径 > 550mm)
##     · 靠近历史报警点 (真报过警的位置)
##   ⇒ 请靠【视觉】与【报警指示灯】判断危险。
##   (机械臂自身的碰撞检测与安全皮肤由机械臂侧做, 不受本开关影响。)
##   本横幅每 60 秒复报一次。
############################################################


############################################################
##  ⚠⚠  触觉安全提示已关闭  (Config::FORCE_CONSTRAINT_FORCES_ENABLED = false)
##   虚拟约束力已【全部】停用 —— 现在【没有任何】推力提示:
##     · 靠近安全边界 (SAFE_X/Y/Z)
##     · 靠近圆柱奇异 (半径 < 80mm)
##     · 靠近工作空间边缘 (半径 > 550mm)
##     · 靠近历史报警点 (真报过警的位置)
##   ⇒ 请靠【视觉】与【报警指示灯】判断危险。
##   (机械臂自身的碰撞检测与安全皮肤由机械臂侧做, 不受本开关影响。)
##   本横幅每 60 秒复报一次。
############################################################

[StateMachine] READY → RUNNING
[Relay] Button2 PRESS — orient ref=(-51.1606,18.2982,-3.72128) robot ref=(-180,-7.59995,-115.11)
[Safety] Orientation target out of bounds, clamped. Original: (-181.71,-5.09701,-115.416)
[Safety] Orientation target out of bounds, clamped. Original: (-181.896,-4.81873,-115.471)
[Safety] Orientation target out of bounds, clamped. Original: (-182.156,-4.45582,-115.486)
[Safety] Orientation target out of bounds, clamped. Original: (-182.44,-4.07877,-115.453)
[Safety] Orientation target out of bounds, clamped. Original: (-182.702,-3.72822,-115.376)
[Safety] Orientation target out of bounds, clamped. Original: (-182.954,-3.39737,-115.284)
[Safety] Orientation target out of bounds, clamped. Original: (-183,-3.08946,-115.198)
[Safety] Orientation target out of bounds, clamped. Original: (-183,-2.82321,-115.11)
[Safety] Orientation target out of bounds, clamped. Original: (-183,-2.59018,-115.11)
[Safety] Orientation target out of bounds, clamped. Original: (-183,-2.38561,-114.99)
[Relay] Motion sends: 2250 ok, 0 fail  target=(-99.45,-227.33,347.15) orient=(-180,-2.38561,-114.99)
[Safety] Orientation target out of bounds, clamped. Original: (-183,-2.20146,-114.925)
[Safety] Orientation target out of bounds, clamped. Original: (-183,-2.02087,-114.875)
[Safety] Orientation target out of bounds, clamped. Original: (-183,-1.8612,-114.832)
[Safety] Orientation target out of bounds, clamped. Original: (-183,-1.71915,-114.793)
[Safety] Orientation target out of bounds, clamped. Original: (-183,-1.59113,-114.747)
[Safety] Orientation target out of bounds, clamped. Original: (-183,-1.41933,-114.761)
[Safety] Orientation target out of bounds, clamped. Original: (-183,-1.15663,-114.858)
[Safety] Orientation target out of bounds, clamped. Original: (-183,-0.792399,-115.023)
[Safety] Orientation target out of bounds, clamped. Original: (-183,-0.375547,-115.202)
[Safety] Orientation target out of bounds, clamped. Original: (-183,0.0376569,-115.358)
[Safety] Orientation target out of bounds, clamped. Original: (-183,0.412234,-115.471)
[Safety] Orientation target out of bounds, clamped. Original: (-183,0.739525,-115.554)
[Safety] Orientation target out of bounds, clamped. Original: (-183,1.02334,-115.612)
[Safety] Orientation target out of bounds, clamped. Original: (-183,1.28344,-115.667)
[Safety] Orientation target out of bounds, clamped. Original: (-183,1.53512,-115.755)
[Safety] Orientation target out of bounds, clamped. Original: (-183,1.76683,-115.851)
[Safety] Orientation target out of bounds, clamped. Original: (-183,1.96529,-115.933)
[Safety] Orientation target out of bounds, clamped. Original: (-183,2.13627,-115.999)
[Safety] Orientation target out of bounds, clamped. Original: (-183,2.28018,-116.055)
[Safety] Orientation target out of bounds, clamped. Original: (-183,2.4104,-116.109)
[Safety] Orientation target out of bounds, clamped. Original: (-183,2.52028,-116.149)
[Safety] Orientation target out of bounds, clamped. Original: (-183,2.60822,-116.192)
[Safety] Orientation target out of bounds, clamped. Original: (-183,2.67483,-116.212)
[Safety] Orientation target out of bounds, clamped. Original: (-183,2.74448,-116.239)
[Safety] Orientation target out of bounds, clamped. Original: (-183,2.80377,-116.255)
[Safety] Orientation target out of bounds, clamped. Original: (-183,2.86522,-116.306)
[Safety] Orientation target out of bounds, clamped. Original: (-183,2.92206,-116.378)
[Safety] Orientation target out of bounds, clamped. Original: (-183,2.968,-116.48)
[Safety] Orientation target out of bounds, clamped. Original: (-183,3.01171,-116.612)
[Safety] Orientation target out of bounds, clamped. Original: (-183,3.05895,-116.763)
[Safety] Orientation target out of bounds, clamped. Original: (-183,3.10957,-116.925)
[Safety] Orientation target out of bounds, clamped. Original: (-183,3.16663,-117.112)
[Safety] Orientation target out of bounds, clamped. Original: (-183,3.22629,-117.307)
[Safety] Orientation target out of bounds, clamped. Original: (-183,3.23656,-117.488)
[Safety] Orientation target out of bounds, clamped. Original: (-183,3.19197,-117.637)
[Safety] Orientation target out of bounds, clamped. Original: (-183,3.11312,-117.76)
[Safety] Orientation target out of bounds, clamped. Original: (-183,3.0049,-117.838)
[Safety] Orientation target out of bounds, clamped. Original: (-182.94,2.87627,-117.866)
[Safety] Orientation target out of bounds, clamped. Original: (-182.451,2.67012,-117.816)
[Safety] Orientation target out of bounds, clamped. Original: (-181.903,2.39719,-117.721)
[Safety] Orientation target out of bounds, clamped. Original: (-181.334,2.11153,-117.603)
[Safety] Orientation target out of bounds, clamped. Original: (-180.766,1.82433,-117.453)
[Safety] Orientation target out of bounds, clamped. Original: (-180.238,1.54789,-117.355)
[Relay] Motion sends: 2300 ok, 0 fail  target=(-99.45,-227.33,347.15) orient=(-177.885,0.250025,-117.263)
[StateMachine] RUNNING → READY
[Relay] Button2 RELEASE — all motion stopped

############################################################
##  ⚠⚠  触觉安全提示已关闭  (Config::FORCE_CONSTRAINT_FORCES_ENABLED = false)
##   虚拟约束力已【全部】停用 —— 现在【没有任何】推力提示:
##     · 靠近安全边界 (SAFE_X/Y/Z)
##     · 靠近圆柱奇异 (半径 < 80mm)
##     · 靠近工作空间边缘 (半径 > 550mm)
##     · 靠近历史报警点 (真报过警的位置)
##   ⇒ 请靠【视觉】与【报警指示灯】判断危险。
##   (机械臂自身的碰撞检测与安全皮肤由机械臂侧做, 不受本开关影响。)
##   本横幅每 60 秒复报一次。
############################################################


############################################################
##  ⚠⚠  触觉安全提示已关闭  (Config::FORCE_CONSTRAINT_FORCES_ENABLED = false)
##   虚拟约束力已【全部】停用 —— 现在【没有任何】推力提示:
##     · 靠近安全边界 (SAFE_X/Y/Z)
##     · 靠近圆柱奇异 (半径 < 80mm)
##     · 靠近工作空间边缘 (半径 > 550mm)
##     · 靠近历史报警点 (真报过警的位置)
##   ⇒ 请靠【视觉】与【报警指示灯】判断危险。
##   (机械臂自身的碰撞检测与安全皮肤由机械臂侧做, 不受本开关影响。)
##   本横幅每 60 秒复报一次。
############################################################

[StateMachine] READY → RUNNING
[Relay] Button2 PRESS — orient ref=(-49.0699,24.4125,-1.67017) robot ref=(-176.59,-0.369952,-117.18)
[Haptic] Force applied: (-3.58903e-05, -0, 0.0368092) N  mag=0.0368092  stale=0  button1=0  button2=1
[Safety] Orientation target out of bounds, clamped. Original: (-180.006,0.594431,-114.335)
[Safety] Orientation target out of bounds, clamped. Original: (-180.18,0.676064,-114.297)
[Safety] Orientation target out of bounds, clamped. Original: (-180.338,0.745544,-114.265)
[Safety] Orientation target out of bounds, clamped. Original: (-180.48,0.803729,-114.238)
[Safety] Orientation target out of bounds, clamped. Original: (-180.618,0.86225,-114.223)
[Relay] Motion sends: 2350 ok, 0 fail  target=(-94.45,-227.33,347.15) orient=(-180,0.86225,-114.223)
[Safety] Orientation target out of bounds, clamped. Original: (-180.742,0.910333,-114.21)
[Safety] Orientation target out of bounds, clamped. Original: (-180.842,0.943104,-114.19)
[Safety] Orientation target out of bounds, clamped. Original: (-180.923,0.968754,-114.173)
[Haptic] Force applied: (0.00245875, -0, 0.0249622) N  mag=0.025083  stale=0  button1=0  button2=1
[Safety] Orientation target out of bounds, clamped. Original: (-181.006,0.998807,-114.167)
[Safety] Orientation target out of bounds, clamped. Original: (-181.077,1.02698,-114.151)
[Safety] Orientation target out of bounds, clamped. Original: (-181.149,1.05432,-114.126)
[Safety] Orientation target out of bounds, clamped. Original: (-181.241,1.09911,-114.1)
[Safety] Orientation target out of bounds, clamped. Original: (-181.336,1.14889,-114.076)
[Safety] Orientation target out of bounds, clamped. Original: (-181.432,1.20203,-114.053)
[Safety] Orientation target out of bounds, clamped. Original: (-181.525,1.25895,-114.02)
[Safety] Orientation target out of bounds, clamped. Original: (-181.617,1.31046,-113.981)
[Safety] Orientation target out of bounds, clamped. Original: (-181.71,1.37356,-113.943)
[Safety] Orientation target out of bounds, clamped. Original: (-181.809,1.44539,-113.919)
[Safety] Orientation target out of bounds, clamped. Original: (-181.892,1.50585,-113.898)
[Safety] Orientation target out of bounds, clamped. Original: (-181.972,1.56482,-113.879)
[Safety] Orientation target out of bounds, clamped. Original: (-182.048,1.61978,-113.871)
[Safety] Orientation target out of bounds, clamped. Original: (-182.133,1.66825,-113.852)
[Safety] Orientation target out of bounds, clamped. Original: (-182.216,1.71813,-113.833)
[Safety] Orientation target out of bounds, clamped. Original: (-182.302,1.77113,-113.815)
[Safety] Orientation target out of bounds, clamped. Original: (-182.388,1.81927,-113.789)
[Safety] Orientation target out of bounds, clamped. Original: (-182.461,1.87118,-113.753)
[Safety] Orientation target out of bounds, clamped. Original: (-182.537,1.92431,-113.689)
[Safety] Orientation target out of bounds, clamped. Original: (-182.617,1.99021,-113.621)
[Safety] Orientation target out of bounds, clamped. Original: (-182.715,2.06678,-113.558)
[Safety] Orientation target out of bounds, clamped. Original: (-182.833,2.14117,-113.502)
[Safety] Orientation target out of bounds, clamped. Original: (-182.952,2.20564,-113.446)
[Safety] Orientation target out of bounds, clamped. Original: (-183,2.27857,-113.407)
[Safety] Orientation target out of bounds, clamped. Original: (-183,2.3645,-113.359)
[Safety] Orientation target out of bounds, clamped. Original: (-183,2.46008,-113.335)
[Safety] Orientation target out of bounds, clamped. Original: (-183,2.57969,-113.32)
[Safety] Orientation target out of bounds, clamped. Original: (-183,2.74456,-113.35)
[Safety] Orientation target out of bounds, clamped. Original: (-183,2.9263,-113.401)
[Safety] Orientation target out of bounds, clamped. Original: (-183,3.08958,-113.443)
[Safety] Orientation target out of bounds, clamped. Original: (-183,3.24428,-113.486)
[Safety] Orientation target out of bounds, clamped. Original: (-183,3.39482,-113.52)
[Safety] Orientation target out of bounds, clamped. Original: (-183,3.52976,-113.546)
[Safety] Orientation target out of bounds, clamped. Original: (-183,3.65351,-113.567)
[Safety] Orientation target out of bounds, clamped. Original: (-183,3.76098,-113.573)
[Safety] Orientation target out of bounds, clamped. Original: (-183,3.8499,-113.578)
[Safety] Orientation target out of bounds, clamped. Original: (-183,3.92969,-113.571)
[Safety] Orientation target out of bounds, clamped. Original: (-183,3.99686,-113.565)
[Safety] Orientation target out of bounds, clamped. Original: (-183,4.05663,-113.549)
[Safety] Orientation target out of bounds, clamped. Original: (-183,4.10827,-113.523)
[Safety] Orientation target out of bounds, clamped. Original: (-183,4.15864,-113.512)
[Safety] Orientation target out of bounds, clamped. Original: (-183,4.20111,-113.502)
[Safety] Orientation target out of bounds, clamped. Original: (-183,4.23693,-113.494)
[Haptic] Force applied: (0.0468884, -0, 0.00963315) N  mag=0.0478678  stale=0  button1=0  button2=1
[Safety] Orientation target out of bounds, clamped. Original: (-183,4.26971,-113.476)
[Safety] Orientation target out of bounds, clamped. Original: (-183,4.29804,-113.46)
[Safety] Orientation target out of bounds, clamped. Original: (-183,4.32203,-113.447)
[Safety] Orientation target out of bounds, clamped. Original: (-183,4.34552,-113.425)
[Relay] Motion sends: 2400 ok, 0 fail  target=(-94.45,-227.33,347.15) orient=(-180,4.34552,-113.425)
[Safety] Orientation target out of bounds, clamped. Original: (-183,4.37531,-113.405)
[Safety] Orientation target out of bounds, clamped. Original: (-183,4.40372,-113.376)
[Safety] Orientation target out of bounds, clamped. Original: (-183,4.42775,-113.353)
[Safety] Orientation target out of bounds, clamped. Original: (-183,4.45133,-113.321)
[Safety] Orientation target out of bounds, clamped. Original: (-183,4.47725,-113.305)
[Safety] Orientation target out of bounds, clamped. Original: (-183,4.49964,-113.291)
[Safety] Orientation target out of bounds, clamped. Original: (-183,4.53779,-113.277)
[Safety] Orientation target out of bounds, clamped. Original: (-183,4.57954,-113.264)
[Safety] Orientation target out of bounds, clamped. Original: (-183,4.62427,-113.252)
[Safety] Orientation target out of bounds, clamped. Original: (-183,4.6651,-113.231)
[Safety] Orientation target out of bounds, clamped. Original: (-183,4.70897,-113.212)
[Safety] Orientation target out of bounds, clamped. Original: (-183,4.74588,-113.196)
[Safety] Orientation target out of bounds, clamped. Original: (-183,4.78569,-113.182)
[Safety] Orientation target out of bounds, clamped. Original: (-183,4.82311,-113.158)
[Safety] Orientation target out of bounds, clamped. Original: (-183,4.86406,-113.137)
[Safety] Orientation target out of bounds, clamped. Original: (-183,4.9017,-113.109)
[Safety] Orientation target out of bounds, clamped. Original: (-183,4.94279,-113.084)
[Safety] Orientation target out of bounds, clamped. Original: (-183,4.98685,-113.061)
[Safety] Orientation target out of bounds, clamped. Original: (-183,5.03128,-113.041)
[Safety] Orientation target out of bounds, clamped. Original: (-183,5.07194,-113.013)
[Safety] Orientation target out of bounds, clamped. Original: (-183,5.09958,-112.989)
[Safety] Orientation target out of bounds, clamped. Original: (-183,5.1308,-112.966)
[Safety] Orientation target out of bounds, clamped. Original: (-183,5.1529,-112.946)
[Safety] Orientation target out of bounds, clamped. Original: (-183,5.17556,-112.939)
[Safety] Orientation target out of bounds, clamped. Original: (-183,5.1957,-112.921)
[Safety] Orientation target out of bounds, clamped. Original: (-183,5.21266,-112.907)
[Safety] Orientation target out of bounds, clamped. Original: (-183,5.22679,-112.894)
[Safety] Orientation target out of bounds, clamped. Original: (-183,5.23666,-112.883)
[Safety] Orientation target out of bounds, clamped. Original: (-183,5.24071,-112.874)
[Safety] Orientation target out of bounds, clamped. Original: (-183,5.24419,-112.865)
[Safety] Orientation target out of bounds, clamped. Original: (-183,5.24698,-112.858)
[Safety] Orientation target out of bounds, clamped. Original: (-183,5.24933,-112.852)
[Safety] Orientation target out of bounds, clamped. Original: (-183,5.24609,-112.858)
[Safety] Orientation target out of bounds, clamped. Original: (-183,5.24641,-112.851)
[Safety] Orientation target out of bounds, clamped. Original: (-183,5.24669,-112.846)
[Safety] Orientation target out of bounds, clamped. Original: (-183,5.2449,-112.841)
[Safety] Orientation target out of bounds, clamped. Original: (-183,5.24142,-112.837)
[Safety] Orientation target out of bounds, clamped. Original: (-183,5.24257,-112.843)
[Safety] Orientation target out of bounds, clamped. Original: (-183,5.23698,-112.841)
[Haptic] Force applied: (-0.0304652, -0, 0.00949099) N  mag=0.0319094  stale=0  button1=0  button2=1
[Safety] Orientation target out of bounds, clamped. Original: (-183,5.22896,-112.851)
[Safety] Orientation target out of bounds, clamped. Original: (-183,5.2222,-112.859)
[Safety] Orientation target out of bounds, clamped. Original: (-183,5.2145,-112.866)
[Safety] Orientation target out of bounds, clamped. Original: (-183,5.20599,-112.871)
[Safety] Orientation target out of bounds, clamped. Original: (-183,5.19793,-112.863)
[Safety] Orientation target out of bounds, clamped. Original: (-183,5.1842,-112.867)
[Safety] Orientation target out of bounds, clamped. Original: (-183,5.17147,-112.858)
[Safety] Orientation target out of bounds, clamped. Original: (-183,5.1556,-112.861)
[Safety] Orientation target out of bounds, clamped. Original: (-183,5.14224,-112.864)
[Safety] Orientation target out of bounds, clamped. Original: (-183,5.12897,-112.866)
[Safety] Orientation target out of bounds, clamped. Original: (-183,5.11578,-112.867)
[Relay] Motion sends: 2450 ok, 0 fail  target=(-94.45,-227.33,347.15) orient=(-180,5.11578,-112.867)
[Safety] Orientation target out of bounds, clamped. Original: (-183,5.10156,-112.879)
[Safety] Orientation target out of bounds, clamped. Original: (-183,5.08649,-112.9)
[Safety] Orientation target out of bounds, clamped. Original: (-183,5.07403,-112.918)
[Safety] Orientation target out of bounds, clamped. Original: (-183,5.05834,-112.944)
[Safety] Orientation target out of bounds, clamped. Original: (-183,5.0454,-112.966)
[Safety] Orientation target out of bounds, clamped. Original: (-183,5.02661,-113.006)
[Safety] Orientation target out of bounds, clamped. Original: (-183,5.00599,-113.051)
[Safety] Orientation target out of bounds, clamped. Original: (-183,4.98372,-113.099)
[Safety] Orientation target out of bounds, clamped. Original: (-183,4.96311,-113.139)
[Safety] Orientation target out of bounds, clamped. Original: (-183,4.93796,-113.171)
[Safety] Orientation target out of bounds, clamped. Original: (-183,4.91237,-113.208)
[Safety] Orientation target out of bounds, clamped. Original: (-183,4.8905,-113.24)
[Safety] Orientation target out of bounds, clamped. Original: (-183,4.86934,-113.278)
[Safety] Orientation target out of bounds, clamped. Original: (-183,4.85166,-113.31)
[Safety] Orientation target out of bounds, clamped. Original: (-183,4.83691,-113.336)
[Safety] Orientation target out of bounds, clamped. Original: (-183,4.82463,-113.359)
[Safety] Orientation target out of bounds, clamped. Original: (-183,4.81244,-113.377)
[Safety] Orientation target out of bounds, clamped. Original: (-183,4.80232,-113.393)
[Safety] Orientation target out of bounds, clamped. Original: (-183,4.79408,-113.405)
[Safety] Orientation target out of bounds, clamped. Original: (-183,4.78515,-113.416)
[Safety] Orientation target out of bounds, clamped. Original: (-183,4.77566,-113.424)
[Safety] Orientation target out of bounds, clamped. Original: (-183,4.7627,-113.442)
[Safety] Orientation target out of bounds, clamped. Original: (-183,4.74982,-113.456)
[Safety] Orientation target out of bounds, clamped. Original: (-183,4.73911,-113.469)
[Safety] Orientation target out of bounds, clamped. Original: (-183,4.72812,-113.479)
[Safety] Orientation target out of bounds, clamped. Original: (-183,4.71987,-113.475)
[Safety] Orientation target out of bounds, clamped. Original: (-183,4.70819,-113.483)
[Safety] Orientation target out of bounds, clamped. Original: (-183,4.69443,-113.485)
[Safety] Orientation target out of bounds, clamped. Original: (-183,4.68285,-113.487)
[Safety] Orientation target out of bounds, clamped. Original: (-183,4.67323,-113.488)
[Safety] Orientation target out of bounds, clamped. Original: (-183,4.66513,-113.49)
[Safety] Orientation target out of bounds, clamped. Original: (-183,4.65648,-113.49)
[Safety] Orientation target out of bounds, clamped. Original: (-183,4.64624,-113.502)
[Safety] Orientation target out of bounds, clamped. Original: (-183,4.63382,-113.511)
[Safety] Orientation target out of bounds, clamped. Original: (-183,4.61968,-113.517)
[Safety] Orientation target out of bounds, clamped. Original: (-183,4.60371,-113.522)
[Safety] Orientation target out of bounds, clamped. Original: (-183,4.58646,-113.525)
[Safety] Orientation target out of bounds, clamped. Original: (-183,4.56537,-113.538)
[Safety] Orientation target out of bounds, clamped. Original: (-183,4.54382,-113.548)
[Safety] Orientation target out of bounds, clamped. Original: (-183,4.52384,-113.556)
[Safety] Orientation target out of bounds, clamped. Original: (-183,4.50715,-113.563)
[Safety] Orientation target out of bounds, clamped. Original: (-183,4.48917,-113.567)
[Safety] Orientation target out of bounds, clamped. Original: (-183,4.4743,-113.571)
[Safety] Orientation target out of bounds, clamped. Original: (-183,4.4567,-113.586)
[Safety] Orientation target out of bounds, clamped. Original: (-183,4.44474,-113.586)
[Safety] Orientation target out of bounds, clamped. Original: (-183,4.4327,-113.586)
[Safety] Orientation target out of bounds, clamped. Original: (-183,4.41863,-113.586)
[Safety] Orientation target out of bounds, clamped. Original: (-183,4.40678,-113.585)
[Safety] Orientation target out of bounds, clamped. Original: (-183,4.39681,-113.585)
[Safety] Orientation target out of bounds, clamped. Original: (-183,4.3866,-113.581)
[Relay] Motion sends: 2500 ok, 0 fail  target=(-94.45,-227.33,347.15) orient=(-180,4.3866,-113.581)
[Safety] Orientation target out of bounds, clamped. Original: (-183,4.37928,-113.563)
[Safety] Orientation target out of bounds, clamped. Original: (-183,4.37488,-113.521)
[Safety] Orientation target out of bounds, clamped. Original: (-183,4.37165,-113.481)
[Safety] Orientation target out of bounds, clamped. Original: (-183,4.36933,-113.448)
[Safety] Orientation target out of bounds, clamped. Original: (-183,4.39221,-113.402)
[Safety] Orientation target out of bounds, clamped. Original: (-183,4.44726,-113.353)
[Safety] Orientation target out of bounds, clamped. Original: (-183,4.50545,-113.322)
[Safety] Orientation target out of bounds, clamped. Original: (-183,4.55143,-113.342)
[Safety] Orientation target out of bounds, clamped. Original: (-183,4.58719,-113.366)
[Safety] Orientation target out of bounds, clamped. Original: (-183,4.61541,-113.398)
[Safety] Orientation target out of bounds, clamped. Original: (-183,4.65508,-113.4)
[Safety] Orientation target out of bounds, clamped. Original: (-183,4.80597,-113.435)
[Safety] Orientation target out of bounds, clamped. Original: (-183,5.09999,-113.473)
[Safety] Orientation target out of bounds, clamped. Original: (-183,5.54731,-113.579)
[Safety] Orientation target out of bounds, clamped. Original: (-183,6.07392,-113.709)
[Safety] Orientation target out of bounds, clamped. Original: (-183,6.60221,-113.822)
[Safety] Orientation target out of bounds, clamped. Original: (-183,7.11542,-113.9)
[Safety] Orientation target out of bounds, clamped. Original: (-183,7.67292,-113.97)
[Safety] Orientation target out of bounds, clamped. Original: (-183,8.25501,-114.032)
[Safety] Orientation target out of bounds, clamped. Original: (-183,8.8294,-114.098)
[Safety] Orientation target out of bounds, clamped. Original: (-183,9.35133,-114.163)
[Safety] Orientation target out of bounds, clamped. Original: (-183,9.80688,-114.218)
[Safety] Orientation target out of bounds, clamped. Original: (-183,10.207,-114.262)
[Safety] Orientation target out of bounds, clamped. Original: (-183,10.5639,-114.304)
[Safety] Orientation target out of bounds, clamped. Original: (-183,10.8781,-114.328)
[Safety] Orientation target out of bounds, clamped. Original: (-183,11.171,-114.349)
[Safety] Orientation target out of bounds, clamped. Original: (-183,11.4308,-114.367)
[Safety] Orientation target out of bounds, clamped. Original: (-183,11.6367,-114.413)
[Safety] Orientation target out of bounds, clamped. Original: (-183,11.8052,-114.456)
[Safety] Orientation target out of bounds, clamped. Original: (-183,11.9484,-114.467)
[Safety] Orientation target out of bounds, clamped. Original: (-183,12.0682,-114.466)
[Safety] Orientation target out of bounds, clamped. Original: (-183,12.175,-114.472)
[Safety] Orientation target out of bounds, clamped. Original: (-183,12.2757,-114.465)
[Safety] Orientation target out of bounds, clamped. Original: (-183,12.3897,-114.458)
[Safety] Orientation target out of bounds, clamped. Original: (-183,12.5296,-114.476)
[Safety] Orientation target out of bounds, clamped. Original: (-183,12.6899,-114.49)
[Safety] Orientation target out of bounds, clamped. Original: (-183,12.8406,-114.498)
[Safety] Orientation target out of bounds, clamped. Original: (-183,12.9709,-114.508)
[Safety] Orientation target out of bounds, clamped. Original: (-183,13.0812,-114.526)
[Safety] Orientation target out of bounds, clamped. Original: (-183,13.1623,-114.55)
[Safety] Orientation target out of bounds, clamped. Original: (-183,13.2169,-114.589)
[Safety] Orientation target out of bounds, clamped. Original: (-183,13.2762,-114.616)
[Safety] Orientation target out of bounds, clamped. Original: (-183,13.3365,-114.644)
[Safety] Orientation target out of bounds, clamped. Original: (-183,13.3956,-114.664)
[Safety] Orientation target out of bounds, clamped. Original: (-183,13.46,-114.678)
[Safety] Orientation target out of bounds, clamped. Original: (-183,13.5308,-114.667)
[Safety] Orientation target out of bounds, clamped. Original: (-183,13.606,-114.646)
[Safety] Orientation target out of bounds, clamped. Original: (-183,13.673,-114.617)
[Safety] Orientation target out of bounds, clamped. Original: (-183,13.7391,-114.607)
[Safety] Orientation target out of bounds, clamped. Original: (-183,13.7816,-114.657)
[Relay] Motion sends: 2550 ok, 0 fail  target=(-94.45,-227.33,347.15) orient=(-180,13.7816,-114.657)
[Safety] Orientation target out of bounds, clamped. Original: (-183,13.8013,-114.778)
[Safety] Orientation target out of bounds, clamped. Original: (-183,13.7628,-114.907)
[Safety] Orientation target out of bounds, clamped. Original: (-183,13.652,-115.025)
[Safety] Orientation target out of bounds, clamped. Original: (-183,13.4995,-115.176)
[Safety] Orientation target out of bounds, clamped. Original: (-183,13.3192,-115.344)
[Safety] Orientation target out of bounds, clamped. Original: (-183,13.1297,-115.504)
[Safety] Orientation target out of bounds, clamped. Original: (-183,12.966,-115.654)
[Safety] Orientation target out of bounds, clamped. Original: (-183,12.815,-115.791)
[Safety] Orientation target out of bounds, clamped. Original: (-183,12.668,-115.917)
[Safety] Orientation target out of bounds, clamped. Original: (-183,12.5107,-116.048)
[Safety] Orientation target out of bounds, clamped. Original: (-183,12.3491,-116.145)
[Safety] Orientation target out of bounds, clamped. Original: (-183,12.1659,-116.221)
[Safety] Orientation target out of bounds, clamped. Original: (-183,11.9834,-116.273)
[Safety] Orientation target out of bounds, clamped. Original: (-183,11.8268,-116.32)
[Safety] Orientation target out of bounds, clamped. Original: (-183,11.6885,-116.352)
[Safety] Orientation target out of bounds, clamped. Original: (-183,11.5521,-116.369)
[Safety] Orientation target out of bounds, clamped. Original: (-183,11.4302,-116.398)
[Haptic] Force applied: (-0.000457713, -0, -0.0104923) N  mag=0.0105023  stale=0  button1=0  button2=1
[Safety] Orientation target out of bounds, clamped. Original: (-183,11.3033,-116.413)
[Safety] Orientation target out of bounds, clamped. Original: (-183,11.1261,-116.398)
[Safety] Orientation target out of bounds, clamped. Original: (-183,10.8969,-116.306)
[Safety] Orientation target out of bounds, clamped. Original: (-183,10.5863,-116.178)
[Safety] Orientation target out of bounds, clamped. Original: (-183,10.2662,-116.046)
[Safety] Orientation target out of bounds, clamped. Original: (-183,9.98148,-115.914)
[Safety] Orientation target out of bounds, clamped. Original: (-182.956,9.70802,-115.824)
[Safety] Orientation target out of bounds, clamped. Original: (-182.632,9.47011,-115.752)
[Safety] Orientation target out of bounds, clamped. Original: (-182.334,9.25969,-115.697)
[Safety] Orientation target out of bounds, clamped. Original: (-182.045,9.0631,-115.652)
[Safety] Orientation target out of bounds, clamped. Original: (-181.745,8.87237,-115.606)
[Safety] Orientation target out of bounds, clamped. Original: (-181.5,8.70166,-115.578)
[Safety] Orientation target out of bounds, clamped. Original: (-181.309,8.54743,-115.59)
[Safety] Orientation target out of bounds, clamped. Original: (-181.154,8.40553,-115.618)
[Safety] Orientation target out of bounds, clamped. Original: (-181.021,8.2886,-115.662)
[Safety] Orientation target out of bounds, clamped. Original: (-180.905,8.18854,-115.699)
[Safety] Orientation target out of bounds, clamped. Original: (-180.804,8.10268,-115.729)
[Safety] Orientation target out of bounds, clamped. Original: (-180.719,8.03041,-115.754)
[Safety] Orientation target out of bounds, clamped. Original: (-180.631,7.96302,-115.773)
[Safety] Orientation target out of bounds, clamped. Original: (-180.549,7.90333,-115.784)
[Safety] Orientation target out of bounds, clamped. Original: (-180.477,7.85145,-115.793)
[Safety] Orientation target out of bounds, clamped. Original: (-180.395,7.79883,-115.789)
[Safety] Orientation target out of bounds, clamped. Original: (-180.323,7.75978,-115.794)
[Safety] Orientation target out of bounds, clamped. Original: (-180.256,7.72067,-115.813)
[Safety] Orientation target out of bounds, clamped. Original: (-180.185,7.68377,-115.851)
[Safety] Orientation target out of bounds, clamped. Original: (-180.099,7.64648,-115.891)
[Safety] Orientation target out of bounds, clamped. Original: (-180.004,7.60825,-115.942)
[Relay] Motion sends: 2600 ok, 0 fail  target=(-94.45,-227.33,347.15) orient=(-179.258,7.1588,-116.522)
[StateMachine] RUNNING → READY
[Relay] Button2 RELEASE — all motion stopped

############################################################
##  ⚠⚠  触觉安全提示已关闭  (Config::FORCE_CONSTRAINT_FORCES_ENABLED = false)
##   虚拟约束力已【全部】停用 —— 现在【没有任何】推力提示:
##     · 靠近安全边界 (SAFE_X/Y/Z)
##     · 靠近圆柱奇异 (半径 < 80mm)
##     · 靠近工作空间边缘 (半径 > 550mm)
##     · 靠近历史报警点 (真报过警的位置)
##   ⇒ 请靠【视觉】与【报警指示灯】判断危险。
##   (机械臂自身的碰撞检测与安全皮肤由机械臂侧做, 不受本开关影响。)
##   本横幅每 60 秒复报一次。
############################################################


############################################################
##  ⚠⚠  触觉安全提示已关闭  (Config::FORCE_CONSTRAINT_FORCES_ENABLED = false)
##   虚拟约束力已【全部】停用 —— 现在【没有任何】推力提示:
##     · 靠近安全边界 (SAFE_X/Y/Z)
##     · 靠近圆柱奇异 (半径 < 80mm)
##     · 靠近工作空间边缘 (半径 > 550mm)
##     · 靠近历史报警点 (真报过警的位置)
##   ⇒ 请靠【视觉】与【报警指示灯】判断危险。
##   (机械臂自身的碰撞检测与安全皮肤由机械臂侧做, 不受本开关影响。)
##   本横幅每 60 秒复报一次。
############################################################


############################################################
##  ⚠⚠  触觉安全提示已关闭  (Config::FORCE_CONSTRAINT_FORCES_ENABLED = false)
##   虚拟约束力已【全部】停用 —— 现在【没有任何】推力提示:
##     · 靠近安全边界 (SAFE_X/Y/Z)
##     · 靠近圆柱奇异 (半径 < 80mm)
##     · 靠近工作空间边缘 (半径 > 550mm)
##     · 靠近历史报警点 (真报过警的位置)
##   ⇒ 请靠【视觉】与【报警指示灯】判断危险。
##   (机械臂自身的碰撞检测与安全皮肤由机械臂侧做, 不受本开关影响。)
##   本横幅每 60 秒复报一次。
############################################################


############################################################
##  ⚠⚠  触觉安全提示已关闭  (Config::FORCE_CONSTRAINT_FORCES_ENABLED = false)
##   虚拟约束力已【全部】停用 —— 现在【没有任何】推力提示:
##     · 靠近安全边界 (SAFE_X/Y/Z)
##     · 靠近圆柱奇异 (半径 < 80mm)
##     · 靠近工作空间边缘 (半径 > 550mm)
##     · 靠近历史报警点 (真报过警的位置)
##   ⇒ 请靠【视觉】与【报警指示灯】判断危险。
##   (机械臂自身的碰撞检测与安全皮肤由机械臂侧做, 不受本开关影响。)
##   本横幅每 60 秒复报一次。
############################################################


############################################################
##  ⚠⚠  触觉安全提示已关闭  (Config::FORCE_CONSTRAINT_FORCES_ENABLED = false)
##   虚拟约束力已【全部】停用 —— 现在【没有任何】推力提示:
##     · 靠近安全边界 (SAFE_X/Y/Z)
##     · 靠近圆柱奇异 (半径 < 80mm)
##     · 靠近工作空间边缘 (半径 > 550mm)
##     · 靠近历史报警点 (真报过警的位置)
##   ⇒ 请靠【视觉】与【报警指示灯】判断危险。
##   (机械臂自身的碰撞检测与安全皮肤由机械臂侧做, 不受本开关影响。)
##   本横幅每 60 秒复报一次。
############################################################


############################################################
##  ⚠⚠  触觉安全提示已关闭  (Config::FORCE_CONSTRAINT_FORCES_ENABLED = false)
##   虚拟约束力已【全部】停用 —— 现在【没有任何】推力提示:
##     · 靠近安全边界 (SAFE_X/Y/Z)
##     · 靠近圆柱奇异 (半径 < 80mm)
##     · 靠近工作空间边缘 (半径 > 550mm)
##     · 靠近历史报警点 (真报过警的位置)
##   ⇒ 请靠【视觉】与【报警指示灯】判断危险。
##   (机械臂自身的碰撞检测与安全皮肤由机械臂侧做, 不受本开关影响。)
##   本横幅每 60 秒复报一次。
############################################################


############################################################
##  ⚠⚠  触觉安全提示已关闭  (Config::FORCE_CONSTRAINT_FORCES_ENABLED = false)
##   虚拟约束力已【全部】停用 —— 现在【没有任何】推力提示:
##     · 靠近安全边界 (SAFE_X/Y/Z)
##     · 靠近圆柱奇异 (半径 < 80mm)
##     · 靠近工作空间边缘 (半径 > 550mm)
##     · 靠近历史报警点 (真报过警的位置)
##   ⇒ 请靠【视觉】与【报警指示灯】判断危险。
##   (机械臂自身的碰撞检测与安全皮肤由机械臂侧做, 不受本开关影响。)
##   本横幅每 60 秒复报一次。
############################################################


############################################################
##  ⚠⚠  触觉安全提示已关闭  (Config::FORCE_CONSTRAINT_FORCES_ENABLED = false)
##   虚拟约束力已【全部】停用 —— 现在【没有任何】推力提示:
##     · 靠近安全边界 (SAFE_X/Y/Z)
##     · 靠近圆柱奇异 (半径 < 80mm)
##     · 靠近工作空间边缘 (半径 > 550mm)
##     · 靠近历史报警点 (真报过警的位置)
##   ⇒ 请靠【视觉】与【报警指示灯】判断危险。
##   (机械臂自身的碰撞检测与安全皮肤由机械臂侧做, 不受本开关影响。)
##   本横幅每 60 秒复报一次。
############################################################

[StateMachine] READY → RUNNING
[Relay] Button PRESS  — target start=(-94.45,-227.33,347.15)
[Relay] Hold button + move Touch (incremental mode)
[Haptic] Force applied: (0.131128, 0, 0.056486) N  mag=0.142777  stale=0  button1=1  button2=0
[StateMachine] RUNNING → READY
[Relay] Button RELEASE — motion stopped
[StateMachine] READY → RUNNING
[Relay] Button2 PRESS — orient ref=(-51.9872,23.2685,-19.4448) robot ref=(-178.09,6.57,-117.18)
[Haptic] Force applied: (0.023525, -0, 0.00351205) N  mag=0.0237857  stale=0  button1=0  button2=1
[Safety] Orientation target out of bounds, clamped. Original: (-180.118,8.7661,-117.658)
[Safety] Orientation target out of bounds, clamped. Original: (-180.362,8.98057,-117.725)
[Safety] Orientation target out of bounds, clamped. Original: (-180.586,9.18227,-117.791)
[Safety] Orientation target out of bounds, clamped. Original: (-180.747,9.3604,-117.856)
[Relay] Motion sends: 2650 ok, 0 fail  target=(-96.4699,-206.8,366.26) orient=(-180,9.3604,-117.856)
[Safety] Orientation target out of bounds, clamped. Original: (-180.836,9.51951,-117.922)
[Safety] Orientation target out of bounds, clamped. Original: (-180.838,9.65094,-118)
[Safety] Orientation target out of bounds, clamped. Original: (-180.737,9.75634,-118.093)
[Safety] Orientation target out of bounds, clamped. Original: (-180.534,9.84271,-118.193)
[Safety] Orientation target out of bounds, clamped. Original: (-180.236,9.91603,-118.303)
[Haptic] Force applied: (-0.00304572, 0, 0.411206) N  mag=0.411217  stale=0  button1=0  button2=1
[Relay] Motion sends: 2700 ok, 0 fail  target=(-96.4699,-206.8,366.26) orient=(-165.972,-4.72381,-117.789)
[Relay] Motion sends: 2750 ok, 0 fail  target=(-96.4699,-206.8,366.26) orient=(-176.043,-5.59197,-120.76)
[Haptic] Force applied: (-0.000178365, -0, 0.240125) N  mag=0.240125  stale=0  button1=0  button2=1
[Safety] Orientation target out of bounds, clamped. Original: (-180.031,-6.66645,-120.842)
[Safety] Orientation target out of bounds, clamped. Original: (-180.148,-6.71582,-120.828)
[Safety] Orientation target out of bounds, clamped. Original: (-180.238,-6.7504,-120.798)
[Safety] Orientation target out of bounds, clamped. Original: (-180.303,-6.7731,-120.768)
[Safety] Orientation target out of bounds, clamped. Original: (-180.362,-6.77889,-120.71)
[Safety] Orientation target out of bounds, clamped. Original: (-180.392,-6.77317,-120.632)
[Safety] Orientation target out of bounds, clamped. Original: (-180.388,-6.75714,-120.532)
[Safety] Orientation target out of bounds, clamped. Original: (-180.345,-6.7253,-120.391)
[Safety] Orientation target out of bounds, clamped. Original: (-180.275,-6.66605,-120.21)
[Safety] Orientation target out of bounds, clamped. Original: (-180.206,-6.58748,-119.969)
[Safety] Orientation target out of bounds, clamped. Original: (-180.138,-6.48572,-119.701)
[Safety] Orientation target out of bounds, clamped. Original: (-180.092,-6.34242,-119.407)
[Safety] Orientation target out of bounds, clamped. Original: (-180.063,-6.17039,-119.102)
[Safety] Orientation target out of bounds, clamped. Original: (-180.056,-5.99225,-118.807)
[Safety] Orientation target out of bounds, clamped. Original: (-180.055,-5.82425,-118.54)
[Safety] Orientation target out of bounds, clamped. Original: (-180.058,-5.6757,-118.297)
[Safety] Orientation target out of bounds, clamped. Original: (-180.067,-5.53583,-118.08)
[Safety] Orientation target out of bounds, clamped. Original: (-180.084,-5.39955,-117.873)
[Safety] Orientation target out of bounds, clamped. Original: (-180.109,-5.25881,-117.685)
[Safety] Orientation target out of bounds, clamped. Original: (-180.128,-5.12125,-117.502)
[Safety] Orientation target out of bounds, clamped. Original: (-180.139,-4.99005,-117.335)
[Safety] Orientation target out of bounds, clamped. Original: (-180.151,-4.87429,-117.18)
[Safety] Orientation target out of bounds, clamped. Original: (-180.174,-4.77195,-117.092)
[Safety] Orientation target out of bounds, clamped. Original: (-180.193,-4.68254,-116.993)
[Safety] Orientation target out of bounds, clamped. Original: (-180.211,-4.60062,-116.929)
[Safety] Orientation target out of bounds, clamped. Original: (-180.227,-4.52839,-116.872)
[Safety] Orientation target out of bounds, clamped. Original: (-180.245,-4.45367,-116.826)
[Safety] Orientation target out of bounds, clamped. Original: (-180.284,-4.36164,-116.766)
[Safety] Orientation target out of bounds, clamped. Original: (-180.323,-4.27299,-116.714)
[Safety] Orientation target out of bounds, clamped. Original: (-180.361,-4.18527,-116.662)
[Safety] Orientation target out of bounds, clamped. Original: (-180.404,-4.11065,-116.621)
[Safety] Orientation target out of bounds, clamped. Original: (-180.436,-4.04988,-116.593)
[Relay] Motion sends: 2800 ok, 0 fail  target=(-96.4699,-206.8,366.26) orient=(-180,-4.04988,-116.593)
[Safety] Orientation target out of bounds, clamped. Original: (-180.472,-3.99981,-116.578)
[Safety] Orientation target out of bounds, clamped. Original: (-180.5,-3.95873,-116.58)
[Safety] Orientation target out of bounds, clamped. Original: (-180.533,-3.92549,-116.593)
[Safety] Orientation target out of bounds, clamped. Original: (-180.559,-3.8983,-116.615)
[Safety] Orientation target out of bounds, clamped. Original: (-180.592,-3.87298,-116.633)
[Safety] Orientation target out of bounds, clamped. Original: (-180.619,-3.84962,-116.656)
[Safety] Orientation target out of bounds, clamped. Original: (-180.652,-3.82438,-116.68)
[Safety] Orientation target out of bounds, clamped. Original: (-180.674,-3.80875,-116.709)
[Safety] Orientation target out of bounds, clamped. Original: (-180.691,-3.79015,-116.74)
[Safety] Orientation target out of bounds, clamped. Original: (-180.72,-3.76205,-116.78)
[Safety] Orientation target out of bounds, clamped. Original: (-180.744,-3.73219,-116.81)
[Safety] Orientation target out of bounds, clamped. Original: (-180.768,-3.69979,-116.817)
[Safety] Orientation target out of bounds, clamped. Original: (-180.788,-3.67605,-116.802)
[Safety] Orientation target out of bounds, clamped. Original: (-180.806,-3.65271,-116.779)
[Safety] Orientation target out of bounds, clamped. Original: (-180.835,-3.62618,-116.773)
[Safety] Orientation target out of bounds, clamped. Original: (-180.847,-3.60355,-116.771)
[Safety] Orientation target out of bounds, clamped. Original: (-180.855,-3.59179,-116.76)
[Safety] Orientation target out of bounds, clamped. Original: (-180.855,-3.57025,-116.748)
[Safety] Orientation target out of bounds, clamped. Original: (-180.842,-3.5551,-116.718)
[Safety] Orientation target out of bounds, clamped. Original: (-180.819,-3.54557,-116.703)
[Safety] Orientation target out of bounds, clamped. Original: (-180.789,-3.53321,-116.679)
[Safety] Orientation target out of bounds, clamped. Original: (-180.757,-3.51521,-116.668)
[Safety] Orientation target out of bounds, clamped. Original: (-180.726,-3.5071,-116.649)
[Safety] Orientation target out of bounds, clamped. Original: (-180.68,-3.49178,-116.642)
[StateMachine] RUNNING → READY
[Relay] Button2 RELEASE — all motion stopped

############################################################
##  ⚠⚠  触觉安全提示已关闭  (Config::FORCE_CONSTRAINT_FORCES_ENABLED = false)
##   虚拟约束力已【全部】停用 —— 现在【没有任何】推力提示:
##     · 靠近安全边界 (SAFE_X/Y/Z)
##     · 靠近圆柱奇异 (半径 < 80mm)
##     · 靠近工作空间边缘 (半径 > 550mm)
##     · 靠近历史报警点 (真报过警的位置)
##   ⇒ 请靠【视觉】与【报警指示灯】判断危险。
##   (机械臂自身的碰撞检测与安全皮肤由机械臂侧做, 不受本开关影响。)
##   本横幅每 60 秒复报一次。
############################################################


############################################################
##  ⚠⚠  触觉安全提示已关闭  (Config::FORCE_CONSTRAINT_FORCES_ENABLED = false)
##   虚拟约束力已【全部】停用 —— 现在【没有任何】推力提示:
##     · 靠近安全边界 (SAFE_X/Y/Z)
##     · 靠近圆柱奇异 (半径 < 80mm)
##     · 靠近工作空间边缘 (半径 > 550mm)
##     · 靠近历史报警点 (真报过警的位置)
##   ⇒ 请靠【视觉】与【报警指示灯】判断危险。
##   (机械臂自身的碰撞检测与安全皮肤由机械臂侧做, 不受本开关影响。)
##   本横幅每 60 秒复报一次。
############################################################

[Relay] GUI reporting 【连接已断】(send() 失败) —— P| / J| / RP| / C| / FB| 全部发不出去了。
[Relay]   现场表现: MATLAB 的孪生会【停在最后一次收到的位置】; 若从启动起一帧都没收到, 就是它的初值 (关节全 0 = 一个默认姿势)。
[Relay]   本程序会自动按秒重连; 重连上会再报一句。
[Relay] GUI reporting 【已重连】到 127.0.0.1:8888

############################################################
##  ⚠⚠  触觉安全提示已关闭  (Config::FORCE_CONSTRAINT_FORCES_ENABLED = false)
##   虚拟约束力已【全部】停用 —— 现在【没有任何】推力提示:
##     · 靠近安全边界 (SAFE_X/Y/Z)
##     · 靠近圆柱奇异 (半径 < 80mm)
##     · 靠近工作空间边缘 (半径 > 550mm)
##     · 靠近历史报警点 (真报过警的位置)
##   ⇒ 请靠【视觉】与【报警指示灯】判断危险。
##   (机械臂自身的碰撞检测与安全皮肤由机械臂侧做, 不受本开关影响。)
##   本横幅每 60 秒复报一次。
############################################################


[BIAS] Mode ON — 笔尖悬空, 只改姿态(位置尽量不变), 每到一个姿态按 SPACE (采样 1s)
       'd' 拖拽模式开关 (摆姿态用; 摆好一定要关掉再采样) / 'm' 退出并输出报告
       's' 用这批数据【求解原始通道】, 只打印、不改动任何东西 (不写补偿 / 不写 json / 不下发机械臂)
       'p' 【唯一】会把负载参数发给机械臂的键 —— 它只摆出安全规程与 这一次要发的命令,【要再按 'y' 才真正发出】; 按任何其他键取消。
       ★ 重复对 (模型形式检验的尺子): 摆姿态 → SPACE 采样;
         ★ 保持不动 → 按 'r' → 再按 SPACE 采一次（同一姿态）。
         两次采样之间机械臂【不许移动】—— 'r' 配的是【上一次采样】, 一移动, 这一对量到的就是两个姿态之间的重力差, 不是复现性。
         ★ 每一对都要【换一个姿态】: 挑 5 个以上姿态, 每个姿态采两次配成 一对; 不要在同一个姿态上连着配对 —— 那样相邻两对共用一次采样, 尺子的真实自由度只有约 2R/3, 而这里按对数 R 报。
         ★ 为什么是 5 而不是 2~3: 力矩分支的冤枉率在 R=3 时实测 7~23%, 到 R=5 才降到 1% 量级 (力通道在 R=3 就已经是 0.05%, 两条门差得远)。
         每一对再按 'r' 是【追加】一对 (尺子的自由度跟着涨): 模型正确时的假拒率 (α=0.9999) —— 力通道: R=1 约 2.1%、R=2 0.27%、R=3 0.05%;  力矩分支: R=3 约 7~23%、R=5 约 1~5% (随采集而变, 且是下界)。
         同一姿态的两次采样之差是【姿态间复现性】: 模型形式检验 (残差是否超出这台设备复现一个姿态的能力) 就拿它当尺子。
         每采完一对, 结算行会打出这一对的【尺子读数 σ_rep】: 它该与 's' 屏幕上的 rmsF 同量级 —— 明显偏大才是中间机械臂动过。
         一对都没有的话, 模型形式无从判定, 求解会拒绝给参数 (不是少一个可有可无的步骤)。

############################################################
##  ⚠⚠  触觉安全提示已关闭  (Config::FORCE_CONSTRAINT_FORCES_ENABLED = false)
##   虚拟约束力已【全部】停用 —— 现在【没有任何】推力提示:
##     · 靠近安全边界 (SAFE_X/Y/Z)
##     · 靠近圆柱奇异 (半径 < 80mm)
##     · 靠近工作空间边缘 (半径 > 550mm)
##     · 靠近历史报警点 (真报过警的位置)
##   ⇒ 请靠【视觉】与【报警指示灯】判断危险。
##   (机械臂自身的碰撞检测与安全皮肤由机械臂侧做, 不受本开关影响。)
##   本横幅每 60 秒复报一次。
############################################################

[StateMachine] READY → RUNNING
[Relay] Button2 PRESS — orient ref=(-18.672,30.2564,1.4068) robot ref=(180,-3.49005,-116.64)
[Safety] Orientation target out of bounds, clamped. Original: (180.288,-1.20615,-117.365)
[Safety] Orientation target out of bounds, clamped. Original: (180.668,-1.16131,-117.4)
[Safety] Orientation target out of bounds, clamped. Original: (181.07,-1.11395,-117.443)
[Safety] Orientation target out of bounds, clamped. Original: (181.469,-1.06814,-117.491)
[Safety] Orientation target out of bounds, clamped. Original: (181.867,-1.02787,-117.544)
[Safety] Orientation target out of bounds, clamped. Original: (182.226,-0.995007,-117.6)
[Safety] Orientation target out of bounds, clamped. Original: (182.562,-0.967384,-117.647)
[Safety] Orientation target out of bounds, clamped. Original: (182.852,-0.938603,-117.687)
[Safety] Orientation target out of bounds, clamped. Original: (183,-0.903295,-117.721)
[Safety] Orientation target out of bounds, clamped. Original: (183,-0.865945,-117.75)
[Relay] Motion sends: 2850 ok, 0 fail  target=(-91.47,-206.8,366.26) orient=(180,-0.865945,-117.75)
[Safety] Orientation target out of bounds, clamped. Original: (183,-0.817335,-117.765)
[Safety] Orientation target out of bounds, clamped. Original: (183,-0.761032,-117.778)
[Safety] Orientation target out of bounds, clamped. Original: (183,-0.702419,-117.789)
[Safety] Orientation target out of bounds, clamped. Original: (182.962,-0.65037,-117.776)
[Safety] Orientation target out of bounds, clamped. Original: (182.709,-0.602419,-117.741)
[Safety] Orientation target out of bounds, clamped. Original: (182.396,-0.553595,-117.689)
[Safety] Orientation target out of bounds, clamped. Original: (182.004,-0.508278,-117.61)
[Safety] Orientation target out of bounds, clamped. Original: (181.572,-0.467984,-117.537)
[Safety] Orientation target out of bounds, clamped. Original: (181.059,-0.426023,-117.451)
[Safety] Orientation target out of bounds, clamped. Original: (180.491,-0.384783,-117.355)
[Haptic] Force applied: (0.00942004, 0, 0.0129426) N  mag=0.0160077  stale=0  button1=0  button2=1
[Relay] Motion sends: 2900 ok, 0 fail  target=(-91.47,-206.8,366.26) orient=(175.338,4.16991,-117.436)
[Haptic] Force applied: (0.000915814, -0, 0.21791) N  mag=0.217912  stale=0  button1=0  button2=1
[Relay] Motion sends: 2950 ok, 0 fail  target=(-91.47,-206.8,366.26) orient=(177.073,6.68121,-117.846)
[Haptic] Force applied: (-0.0165403, 0, 0.121314) N  mag=0.122437  stale=0  button1=0  button2=1
[Relay] Motion sends: 3000 ok, 0 fail  target=(-91.47,-206.8,366.26) orient=(172.86,9.13508,-118.753)
[Haptic] Force applied: (-0.0127178, -0, 0.000986051) N  mag=0.012756  stale=0  button1=0  button2=1
[Relay] Motion sends: 3050 ok, 0 fail  target=(-91.47,-206.8,366.26) orient=(176.939,9.55118,-118.551)
[Haptic] Force applied: (0.0196355, -0, 8.28771e-05) N  mag=0.0196357  stale=0  button1=0  button2=1
[Relay] Motion sends: 3100 ok, 0 fail  target=(-91.47,-206.8,366.26) orient=(176.981,9.54039,-118.485)
[Haptic] Force applied: (0.0196019, -0, 0.000190279) N  mag=0.0196028  stale=0  button1=0  button2=1
[Relay] Motion sends: 3150 ok, 0 fail  target=(-91.47,-206.8,366.26) orient=(177.093,9.53669,-118.462)
[Haptic] Force applied: (0.0399623, -0, 0.013122) N  mag=0.0420615  stale=0  button1=0  button2=1

############################################################
##  ⚠⚠  触觉安全提示已关闭  (Config::FORCE_CONSTRAINT_FORCES_ENABLED = false)
##   虚拟约束力已【全部】停用 —— 现在【没有任何】推力提示:
##     · 靠近安全边界 (SAFE_X/Y/Z)
##     · 靠近圆柱奇异 (半径 < 80mm)
##     · 靠近工作空间边缘 (半径 > 550mm)
##     · 靠近历史报警点 (真报过警的位置)
##   ⇒ 请靠【视觉】与【报警指示灯】判断危险。
##   (机械臂自身的碰撞检测与安全皮肤由机械臂侧做, 不受本开关影响。)
##   本横幅每 60 秒复报一次。
############################################################

[Haptic] Force applied: (-0.00455359, -0, 0.0616314) N  mag=0.0617994  stale=0  button1=0  button2=1
[Relay] Motion sends: 3200 ok, 0 fail  target=(-91.47,-206.8,366.26) orient=(169.198,12.8632,-117.651)
[Haptic] Force applied: (-2.11226e-05, 0, 0.0138816) N  mag=0.0138816  stale=0  button1=0  button2=1
[Relay] Motion sends: 3250 ok, 0 fail  target=(-91.47,-206.8,366.26) orient=(171.91,11.4168,-117.469)
[StateMachine] RUNNING → READY
[Relay] Button2 RELEASE — all motion stopped
[StateMachine] READY → RUNNING
[Relay] Button2 PRESS — orient ref=(-46.7494,31.2747,-18.5641) robot ref=(172.2,9.05995,-116.38)
[Relay] Motion sends: 3300 ok, 0 fail  target=(-86.47,-206.8,366.26) orient=(173.612,12.3252,-119)
[Haptic] Force applied: (-0.0107017, -0, 0.214312) N  mag=0.214579  stale=0  button1=0  button2=1
[Safety] Orientation target out of bounds, clamped. Original: (180.065,11.7666,-117.342)
[Safety] Orientation target out of bounds, clamped. Original: (180.583,11.6691,-117.267)
[Safety] Orientation target out of bounds, clamped. Original: (181.082,11.5752,-117.194)
[Safety] Orientation target out of bounds, clamped. Original: (181.566,11.4713,-117.121)
[Safety] Orientation target out of bounds, clamped. Original: (182.04,11.3579,-117.03)
[Safety] Orientation target out of bounds, clamped. Original: (182.486,11.2183,-116.92)
[Safety] Orientation target out of bounds, clamped. Original: (182.897,11.0546,-116.811)
[Safety] Orientation target out of bounds, clamped. Original: (183,10.8817,-116.702)
[Safety] Orientation target out of bounds, clamped. Original: (183,10.7043,-116.587)
[Safety] Orientation target out of bounds, clamped. Original: (183,10.5172,-116.38)
[Safety] Orientation target out of bounds, clamped. Original: (183,10.3373,-116.23)
[Safety] Orientation target out of bounds, clamped. Original: (183,10.1687,-116.038)
[Safety] Orientation target out of bounds, clamped. Original: (183,10.0052,-115.887)
[Safety] Orientation target out of bounds, clamped. Original: (183,9.86748,-115.768)
[Safety] Orientation target out of bounds, clamped. Original: (183,9.76069,-115.692)
[Safety] Orientation target out of bounds, clamped. Original: (183,9.67148,-115.629)
[Safety] Orientation target out of bounds, clamped. Original: (183,9.59703,-115.581)
[Safety] Orientation target out of bounds, clamped. Original: (183,9.51556,-115.519)
[Safety] Orientation target out of bounds, clamped. Original: (183,9.39737,-115.394)
[Safety] Orientation target out of bounds, clamped. Original: (183,9.13003,-115.265)
[Safety] Orientation target out of bounds, clamped. Original: (183,8.82879,-115.27)
[Safety] Orientation target out of bounds, clamped. Original: (183,8.53088,-115.354)
[Safety] Orientation target out of bounds, clamped. Original: (183,8.26492,-115.486)
[Safety] Orientation target out of bounds, clamped. Original: (183,8.01255,-115.689)
[Safety] Orientation target out of bounds, clamped. Original: (183,7.78119,-115.969)
[Safety] Orientation target out of bounds, clamped. Original: (183,7.55605,-116.267)
[Safety] Orientation target out of bounds, clamped. Original: (183,7.2138,-116.532)
[Safety] Orientation target out of bounds, clamped. Original: (183,6.79716,-116.779)
[Safety] Orientation target out of bounds, clamped. Original: (183,6.37196,-117.022)
[Safety] Orientation target out of bounds, clamped. Original: (183,5.93877,-117.265)
[Safety] Orientation target out of bounds, clamped. Original: (183,5.53743,-117.478)
[Safety] Orientation target out of bounds, clamped. Original: (183,5.16804,-117.651)
[Safety] Orientation target out of bounds, clamped. Original: (183,4.8173,-117.885)
[Safety] Orientation target out of bounds, clamped. Original: (183,4.49724,-118.178)
[Safety] Orientation target out of bounds, clamped. Original: (183,4.21632,-118.524)
[Safety] Orientation target out of bounds, clamped. Original: (183,3.97556,-118.863)
[Relay] Motion sends: 3350 ok, 0 fail  target=(-86.47,-206.8,366.26) orient=(180,3.97556,-118.863)
[Safety] Orientation target out of bounds, clamped. Original: (183,3.76158,-119.17)
[Safety] Orientation target out of bounds, clamped. Original: (183,3.5339,-119.433)
[Safety] Orientation target out of bounds, clamped. Original: (183,3.31942,-119.661)
[Safety] Orientation target out of bounds, clamped. Original: (183,3.12493,-119.86)
[Safety] Orientation target out of bounds, clamped. Original: (183,2.91682,-120.021)
[Safety] Orientation target out of bounds, clamped. Original: (183,2.68433,-120.142)
[Safety] Orientation target out of bounds, clamped. Original: (183,2.45861,-120.247)
[Safety] Orientation target out of bounds, clamped. Original: (183,2.24091,-120.36)
[Safety] Orientation target out of bounds, clamped. Original: (183,2.01223,-120.478)
[Safety] Orientation target out of bounds, clamped. Original: (183,1.81109,-120.598)
[Safety] Orientation target out of bounds, clamped. Original: (183,1.63184,-120.709)
[Safety] Orientation target out of bounds, clamped. Original: (183,1.4817,-120.819)
[Safety] Orientation target out of bounds, clamped. Original: (183,1.35999,-120.883)
[Safety] Orientation target out of bounds, clamped. Original: (183,1.26213,-120.957)
[Safety] Orientation target out of bounds, clamped. Original: (183,1.18221,-121.087)
[Safety] Orientation target out of bounds, clamped. Original: (183,1.11563,-121.243)
[Safety] Orientation target out of bounds, clamped. Original: (183,1.05206,-121.415)
[Safety] Orientation target out of bounds, clamped. Original: (183,0.967759,-121.605)
[Safety] Orientation target out of bounds, clamped. Original: (183,0.889231,-121.799)
[Safety] Orientation target out of bounds, clamped. Original: (183,0.814426,-121.991)
[Safety] Orientation target out of bounds, clamped. Original: (183,0.754016,-122.176)
[Safety] Orientation target out of bounds, clamped. Original: (183,0.705018,-122.371)
[Safety] Orientation target out of bounds, clamped. Original: (183,0.664788,-122.569)
[Safety] Orientation target out of bounds, clamped. Original: (183,0.632643,-122.766)
[Safety] Orientation target out of bounds, clamped. Original: (183,0.608273,-122.964)
[Safety] Orientation target out of bounds, clamped. Original: (183,0.600788,-123.196)
[Safety] Orientation target out of bounds, clamped. Original: (183,0.5835,-123.482)
[Safety] Orientation target out of bounds, clamped. Original: (183,0.565912,-123.835)
[Safety] Orientation target out of bounds, clamped. Original: (183,0.545234,-124.265)
[Safety] Orientation target out of bounds, clamped. Original: (183,0.521842,-124.729)
[Safety] Orientation target out of bounds, clamped. Original: (183,0.510036,-125.184)
[Safety] Orientation target out of bounds, clamped. Original: (183,0.499341,-125.61)
[Safety] Orientation target out of bounds, clamped. Original: (183,0.489199,-125.988)
[Safety] Orientation target out of bounds, clamped. Original: (183,0.479924,-126.323)
[Safety] Orientation target out of bounds, clamped. Original: (183,0.471964,-126.61)
[Safety] Orientation target out of bounds, clamped. Original: (183,0.46612,-126.862)
[Safety] Orientation target out of bounds, clamped. Original: (183,0.450956,-127.081)
[StateMachine] RUNNING → READY
[Relay] Button2 RELEASE — all motion stopped
[StateMachine] READY → RUNNING
[Relay] Button2 PRESS — orient ref=(-44.3703,26.3513,-22.7774) robot ref=(-180,0.450048,-127.08)
[Relay] Motion sends: 3400 ok, 0 fail  target=(-81.47,-206.8,366.26) orient=(-178.344,-0.422519,-128.265)
[Haptic] Force applied: (-0.108227, -0, 0.344416) N  mag=0.36102  stale=0  button1=0  button2=1
[StateMachine] RUNNING → READY
[Relay] Button2 RELEASE — all motion stopped

############################################################
##  ⚠⚠  触觉安全提示已关闭  (Config::FORCE_CONSTRAINT_FORCES_ENABLED = false)
##   虚拟约束力已【全部】停用 —— 现在【没有任何】推力提示:
##     · 靠近安全边界 (SAFE_X/Y/Z)
##     · 靠近圆柱奇异 (半径 < 80mm)
##     · 靠近工作空间边缘 (半径 > 550mm)
##     · 靠近历史报警点 (真报过警的位置)
##   ⇒ 请靠【视觉】与【报警指示灯】判断危险。
##   (机械臂自身的碰撞检测与安全皮肤由机械臂侧做, 不受本开关影响。)
##   本横幅每 60 秒复报一次。
############################################################

[StateMachine] READY → RUNNING
[Relay] Button2 PRESS — orient ref=(-41.8999,32.355,-15.5794) robot ref=(-176.24,-3.69995,-127.67)
[Relay] Motion sends: 3450 ok, 0 fail  target=(-76.47,-206.8,366.26) orient=(-174.638,-1.59078,-129.278)
[Haptic] Force applied: (-0.149449, -0, 0.0285668) N  mag=0.152154  stale=0  button1=0  button2=1
[Haptic] Force applied: (0.000119213, -0, 0.0960778) N  mag=0.0960779  stale=0  button1=0  button2=1
[Relay] Motion sends: 3500 ok, 0 fail  target=(-76.47,-206.8,366.26) orient=(-172.954,-7.06859,-126.458)
[Haptic] Force applied: (-0.0393545, 0, 0.0252025) N  mag=0.0467327  stale=0  button1=0  button2=1
[Relay] Motion sends: 3550 ok, 0 fail  target=(-76.47,-206.8,366.26) orient=(-168.654,-6.41036,-126.746)
[Haptic] Force applied: (-1.58796e-05, -0, 0.0292834) N  mag=0.0292834  stale=0  button1=0  button2=1
[Relay] Motion sends: 3600 ok, 0 fail  target=(-76.47,-206.8,366.26) orient=(-171.083,-7.11057,-126.484)
[Haptic] Force applied: (-0.124864, -0, 0.0475755) N  mag=0.133621  stale=0  button1=0  button2=1
[Relay] Motion sends: 3650 ok, 0 fail  target=(-76.47,-206.8,366.26) orient=(-162.623,-8.87904,-126.932)
[Relay] Motion sends: 3700 ok, 0 fail  target=(-76.47,-206.8,366.26) orient=(-174.786,-4.19048,-126.138)
[Haptic] Force applied: (0.0102338, 0, 0.0162472) N  mag=0.0192016  stale=0  button1=0  button2=1
[Safety] Orientation target out of bounds, clamped. Original: (-180.065,4.09154,-125.733)
[Safety] Orientation target out of bounds, clamped. Original: (-180.173,4.2122,-125.937)
[Safety] Orientation target out of bounds, clamped. Original: (-180.222,4.24983,-126.17)
[Safety] Orientation target out of bounds, clamped. Original: (-180.231,4.23248,-126.394)
[Safety] Orientation target out of bounds, clamped. Original: (-180.241,4.20391,-126.574)
[Safety] Orientation target out of bounds, clamped. Original: (-180.253,4.17018,-126.743)
[Safety] Orientation target out of bounds, clamped. Original: (-180.24,4.11089,-126.931)
[Safety] Orientation target out of bounds, clamped. Original: (-180.199,4.00355,-127.134)
[Safety] Orientation target out of bounds, clamped. Original: (-180.111,3.83067,-127.331)
[Safety] Orientation target out of bounds, clamped. Original: (-180,3.59724,-127.496)
[Relay] Motion sends: 3750 ok, 0 fail  target=(-76.47,-206.8,366.26) orient=(-179.852,-5.70374,-133.468)
[Safety] Orientation target out of bounds, clamped. Original: (-180.056,-6.0291,-133.903)
[Safety] Orientation target out of bounds, clamped. Original: (-180.257,-6.31645,-134.347)
[Haptic] Force applied: (-0.187913, 0, 0.0457043) N  mag=0.193392  stale=0  button1=0  button2=1
[Safety] Orientation target out of bounds, clamped. Original: (-180.439,-6.58502,-134.777)
[Safety] Orientation target out of bounds, clamped. Original: (-180.618,-6.82569,-135.161)
[Safety] Orientation target out of bounds, clamped. Original: (-180.779,-7.04342,-135.522)
[Safety] Orientation target out of bounds, clamped. Original: (-180.929,-7.2396,-135.872)
[Safety] Orientation target out of bounds, clamped. Original: (-181.072,-7.41052,-136.169)
[Safety] Orientation target out of bounds, clamped. Original: (-181.186,-7.58103,-136.428)
[Safety] Orientation target out of bounds, clamped. Original: (-181.286,-7.74738,-136.674)
[Safety] Orientation target out of bounds, clamped. Original: (-181.395,-7.90536,-136.866)
[Safety] Orientation target out of bounds, clamped. Original: (-181.498,-8.05688,-137.08)
[Safety] Orientation target out of bounds, clamped. Original: (-181.586,-8.20494,-137.342)
[Safety] Orientation target out of bounds, clamped. Original: (-181.679,-8.35479,-137.673)
[Safety] Orientation target out of bounds, clamped. Original: (-181.749,-8.49632,-138.056)
[Safety] Orientation target out of bounds, clamped. Original: (-181.82,-8.62887,-138.463)
[Safety] Orientation target out of bounds, clamped. Original: (-181.87,-8.74438,-138.837)
[Safety] Orientation target out of bounds, clamped. Original: (-181.916,-8.85127,-139.191)
[Safety] Orientation target out of bounds, clamped. Original: (-181.971,-8.94954,-139.516)
[Safety] Orientation target out of bounds, clamped. Original: (-181.999,-9.06268,-139.812)
[Safety] Orientation target out of bounds, clamped. Original: (-182.027,-9.19873,-140.065)
[Safety] Orientation target out of bounds, clamped. Original: (-182.046,-9.34385,-140.288)
[Safety] Orientation target out of bounds, clamped. Original: (-182.06,-9.50789,-140.497)
[Safety] Orientation target out of bounds, clamped. Original: (-182.054,-9.70919,-140.677)
[Safety] Orientation target out of bounds, clamped. Original: (-182.041,-9.91258,-140.758)
[Safety] Orientation target out of bounds, clamped. Original: (-182.01,-10.119,-140.817)
[Safety] Orientation target out of bounds, clamped. Original: (-182.006,-10.3033,-140.8)
[Safety] Orientation target out of bounds, clamped. Original: (-181.998,-10.4631,-140.775)
[Safety] Orientation target out of bounds, clamped. Original: (-181.998,-10.5932,-140.778)
[Safety] Orientation target out of bounds, clamped. Original: (-181.997,-10.6957,-140.809)
[Safety] Orientation target out of bounds, clamped. Original: (-181.974,-10.8281,-140.839)
[Safety] Orientation target out of bounds, clamped. Original: (-181.931,-11.014,-140.875)
[Safety] Orientation target out of bounds, clamped. Original: (-181.939,-11.1845,-140.85)
[Safety] Orientation target out of bounds, clamped. Original: (-181.961,-11.3439,-140.748)
[Safety] Orientation target out of bounds, clamped. Original: (-182.003,-11.4839,-140.579)
[Safety] Orientation target out of bounds, clamped. Original: (-182.079,-11.5844,-140.322)
[Safety] Orientation target out of bounds, clamped. Original: (-182.219,-11.5565,-139.971)
[Safety] Orientation target out of bounds, clamped. Original: (-182.41,-11.3625,-139.547)
[Safety] Orientation target out of bounds, clamped. Original: (-182.614,-11.0705,-139.045)
[Safety] Orientation target out of bounds, clamped. Original: (-182.797,-10.7736,-138.528)
[Safety] Orientation target out of bounds, clamped. Original: (-182.991,-10.4506,-138.13)
[Safety] Orientation target out of bounds, clamped. Original: (-183,-10.0167,-137.735)
[Safety] Orientation target out of bounds, clamped. Original: (-183,-9.53138,-137.311)
[Safety] Orientation target out of bounds, clamped. Original: (-183,-9.05008,-136.918)
[Safety] Orientation target out of bounds, clamped. Original: (-183,-8.60099,-136.549)
[Safety] Orientation target out of bounds, clamped. Original: (-183,-8.19428,-136.232)
[Safety] Orientation target out of bounds, clamped. Original: (-183,-7.82961,-135.939)
[Safety] Orientation target out of bounds, clamped. Original: (-183,-7.51097,-135.656)
[Safety] Orientation target out of bounds, clamped. Original: (-183,-7.2304,-135.394)
[Safety] Orientation target out of bounds, clamped. Original: (-183,-6.97962,-135.13)
[Safety] Orientation target out of bounds, clamped. Original: (-183,-6.76721,-134.913)
[Relay] Motion sends: 3800 ok, 0 fail  target=(-76.47,-206.8,366.26) orient=(-180,-6.76721,-134.913)
[Safety] Orientation target out of bounds, clamped. Original: (-183,-6.57708,-134.732)
[Safety] Orientation target out of bounds, clamped. Original: (-183,-6.38867,-134.564)
[Safety] Orientation target out of bounds, clamped. Original: (-183,-6.19179,-134.404)
[Safety] Orientation target out of bounds, clamped. Original: (-183,-5.99429,-134.216)
[Safety] Orientation target out of bounds, clamped. Original: (-183,-5.75157,-134.042)
[Safety] Orientation target out of bounds, clamped. Original: (-183,-5.45016,-133.894)
[Safety] Orientation target out of bounds, clamped. Original: (-183,-5.12692,-133.758)
[Safety] Orientation target out of bounds, clamped. Original: (-183,-4.8184,-133.646)
[Safety] Orientation target out of bounds, clamped. Original: (-183,-4.53384,-133.513)
[Safety] Orientation target out of bounds, clamped. Original: (-183,-4.27101,-133.374)
[Safety] Orientation target out of bounds, clamped. Original: (-183,-4.03324,-133.238)
[Safety] Orientation target out of bounds, clamped. Original: (-183,-3.8231,-133.132)
[Safety] Orientation target out of bounds, clamped. Original: (-183,-3.62841,-133.06)
[Safety] Orientation target out of bounds, clamped. Original: (-183,-3.45733,-132.988)
[Safety] Orientation target out of bounds, clamped. Original: (-183,-3.29707,-132.898)
[Safety] Orientation target out of bounds, clamped. Original: (-183,-3.15149,-132.787)
[Safety] Orientation target out of bounds, clamped. Original: (-183,-3.02415,-132.677)
[Safety] Orientation target out of bounds, clamped. Original: (-183,-2.91123,-132.564)
[Safety] Orientation target out of bounds, clamped. Original: (-183,-2.81135,-132.463)
[Safety] Orientation target out of bounds, clamped. Original: (-183,-2.71634,-132.365)
[Safety] Orientation target out of bounds, clamped. Original: (-183,-2.6225,-132.267)
[Safety] Orientation target out of bounds, clamped. Original: (-183,-2.53694,-132.188)
[Safety] Orientation target out of bounds, clamped. Original: (-183,-2.46334,-132.125)
[Safety] Orientation target out of bounds, clamped. Original: (-183,-2.40177,-132.079)
[Safety] Orientation target out of bounds, clamped. Original: (-183,-2.34525,-132.033)
[Safety] Orientation target out of bounds, clamped. Original: (-183,-2.29548,-131.984)
[Safety] Orientation target out of bounds, clamped. Original: (-183,-2.24809,-131.929)
[Safety] Orientation target out of bounds, clamped. Original: (-183,-2.20248,-131.866)
[Safety] Orientation target out of bounds, clamped. Original: (-183,-2.15322,-131.784)
[Safety] Orientation target out of bounds, clamped. Original: (-183,-2.10199,-131.672)
[Safety] Orientation target out of bounds, clamped. Original: (-183,-2.05149,-131.536)
[Safety] Orientation target out of bounds, clamped. Original: (-183,-2.01205,-131.428)
[Safety] Orientation target out of bounds, clamped. Original: (-183,-1.98308,-131.368)
[Safety] Orientation target out of bounds, clamped. Original: (-183,-1.95182,-131.386)
[Safety] Orientation target out of bounds, clamped. Original: (-183,-1.95989,-131.477)
[Safety] Orientation target out of bounds, clamped. Original: (-183,-2.12482,-131.585)
[Safety] Orientation target out of bounds, clamped. Original: (-183,-2.48249,-131.681)
[Safety] Orientation target out of bounds, clamped. Original: (-183,-2.98894,-131.783)
[Haptic] Force applied: (-0.00465565, -0, 0.291075) N  mag=0.291113  stale=0  button1=0  button2=1
[Safety] Orientation target out of bounds, clamped. Original: (-183,-3.62892,-131.974)
[Safety] Orientation target out of bounds, clamped. Original: (-183,-4.32491,-132.238)
[Safety] Orientation target out of bounds, clamped. Original: (-183,-5.06984,-132.462)
[Safety] Orientation target out of bounds, clamped. Original: (-183,-5.83641,-132.636)
[Safety] Orientation target out of bounds, clamped. Original: (-183,-6.55959,-132.814)
[Safety] Orientation target out of bounds, clamped. Original: (-183,-7.20057,-133.001)
[Safety] Orientation target out of bounds, clamped. Original: (-183,-7.76345,-133.208)
[Safety] Orientation target out of bounds, clamped. Original: (-183,-8.26153,-133.49)
[Safety] Orientation target out of bounds, clamped. Original: (-183,-8.69979,-133.785)
[Safety] Orientation target out of bounds, clamped. Original: (-183,-9.12059,-134.009)
[Safety] Orientation target out of bounds, clamped. Original: (-183,-9.54937,-134.248)
[Safety] Orientation target out of bounds, clamped. Original: (-183,-9.9647,-134.506)
[Relay] Motion sends: 3850 ok, 0 fail  target=(-76.47,-206.8,366.26) orient=(-180,-9.9647,-134.506)
[Safety] Orientation target out of bounds, clamped. Original: (-183,-10.4115,-134.693)
[Safety] Orientation target out of bounds, clamped. Original: (-183,-10.9235,-134.857)
[Safety] Orientation target out of bounds, clamped. Original: (-183,-11.4059,-135.021)
[Safety] Orientation target out of bounds, clamped. Original: (-183,-11.8425,-135.176)
[Safety] Orientation target out of bounds, clamped. Original: (-183,-12.2694,-135.324)
[Safety] Orientation target out of bounds, clamped. Original: (-183,-12.7138,-135.462)
[Safety] Orientation target out of bounds, clamped. Original: (-183,-13.1426,-135.612)
[Safety] Orientation target out of bounds, clamped. Original: (-183,-13.5367,-135.784)
[Safety] Orientation target out of bounds, clamped. Original: (-183,-13.8995,-136.002)
[Safety] Orientation target out of bounds, clamped. Original: (-183,-14.2609,-136.245)
[Safety] Orientation target out of bounds, clamped. Original: (-183,-14.6113,-136.503)
[Safety] Orientation target out of bounds, clamped. Original: (-183,-14.9158,-136.77)
[Safety] Orientation target out of bounds, clamped. Original: (-183,-15.1899,-137.025)
[Safety] Orientation target out of bounds, clamped. Original: (-183,-15.5047,-137.225)
[Safety] Orientation target out of bounds, clamped. Original: (-183,-15.8265,-137.42)
[Safety] Orientation target out of bounds, clamped. Original: (-183,-16.1246,-137.571)
[Safety] Orientation target out of bounds, clamped. Original: (-183,-16.3882,-137.706)
[Safety] Orientation target out of bounds, clamped. Original: (-183,-16.64,-137.813)
[Safety] Orientation target out of bounds, clamped. Original: (-183,-16.8578,-137.931)
[Safety] Orientation target out of bounds, clamped. Original: (-183,-17.0403,-138.075)
[Safety] Orientation target out of bounds, clamped. Original: (-182.986,-17.1973,-138.21)
[Safety] Orientation target out of bounds, clamped. Original: (-182.989,-17.3291,-138.32)
[Safety] Orientation target out of bounds, clamped. Original: (-182.988,-17.4433,-138.398)
[Safety] Orientation target out of bounds, clamped. Original: (-183,-17.5419,-138.462)
[Safety] Orientation target out of bounds, clamped. Original: (-183,-17.6268,-138.531)
[Safety] Orientation target out of bounds, clamped. Original: (-183,-17.6993,-138.589)
[Safety] Orientation target out of bounds, clamped. Original: (-183,-17.7614,-138.649)
[Safety] Orientation target out of bounds, clamped. Original: (-183,-17.8129,-138.698)
[Safety] Orientation target out of bounds, clamped. Original: (-183,-17.8531,-138.682)
[Safety] Orientation target out of bounds, clamped. Original: (-183,-17.8795,-138.561)
[Haptic] Force applied: (-0.0700718, 0, 0.203468) N  mag=0.215196  stale=0  button1=0  button2=1
[Safety] Orientation target out of bounds, clamped. Original: (-183,-17.8061,-138.272)
[Safety] Orientation target out of bounds, clamped. Original: (-183,-17.609,-137.895)
[Safety] Orientation target out of bounds, clamped. Original: (-183,-17.2628,-137.476)
[Safety] Orientation target out of bounds, clamped. Original: (-183,-16.7451,-137.083)
[Safety] Orientation target out of bounds, clamped. Original: (-183,-16.0858,-136.706)
[Safety] Orientation target out of bounds, clamped. Original: (-183,-15.3359,-136.332)
[Safety] Orientation target out of bounds, clamped. Original: (-183,-14.5469,-135.937)
[Safety] Orientation target out of bounds, clamped. Original: (-183,-13.7986,-135.53)
[Safety] Orientation target out of bounds, clamped. Original: (-183,-13.0509,-135.162)
[Safety] Orientation target out of bounds, clamped. Original: (-183,-12.2024,-134.837)
[Safety] Orientation target out of bounds, clamped. Original: (-183,-11.2152,-134.497)
[Safety] Orientation target out of bounds, clamped. Original: (-183,-10.1652,-134.201)
[Safety] Orientation target out of bounds, clamped. Original: (-183,-9.06688,-133.949)
[Safety] Orientation target out of bounds, clamped. Original: (-183,-7.94151,-133.704)
[Safety] Orientation target out of bounds, clamped. Original: (-183,-6.70621,-133.445)
[Safety] Orientation target out of bounds, clamped. Original: (-183,-5.38664,-133.222)
[Safety] Orientation target out of bounds, clamped. Original: (-183,-4.06098,-133.02)
[Safety] Orientation target out of bounds, clamped. Original: (-183,-2.77227,-132.841)
[Safety] Orientation target out of bounds, clamped. Original: (-183,-1.52842,-132.763)
[Safety] Orientation target out of bounds, clamped. Original: (-183,-0.302152,-132.767)
[Relay] Motion sends: 3900 ok, 0 fail  target=(-76.47,-206.8,366.26) orient=(-180,-0.302152,-132.767)
[Safety] Orientation target out of bounds, clamped. Original: (-183,0.829216,-132.782)
[Safety] Orientation target out of bounds, clamped. Original: (-183,1.82699,-132.814)
[Safety] Orientation target out of bounds, clamped. Original: (-183,2.8104,-132.8)
[Safety] Orientation target out of bounds, clamped. Original: (-183,3.74482,-132.802)
[Safety] Orientation target out of bounds, clamped. Original: (-183,4.57948,-132.785)
[Safety] Orientation target out of bounds, clamped. Original: (-183,5.24202,-132.837)
[Safety] Orientation target out of bounds, clamped. Original: (-183,5.69769,-133.015)
[Safety] Orientation target out of bounds, clamped. Original: (-183,5.98028,-133.256)
[Safety] Orientation target out of bounds, clamped. Original: (-183,6.14323,-133.499)
[Safety] Orientation target out of bounds, clamped. Original: (-183,6.23052,-133.716)
[Safety] Orientation target out of bounds, clamped. Original: (-183,6.28976,-133.905)
[Safety] Orientation target out of bounds, clamped. Original: (-183,6.33046,-134.064)
[Safety] Orientation target out of bounds, clamped. Original: (-183,6.36566,-134.2)
[Safety] Orientation target out of bounds, clamped. Original: (-183,6.38834,-134.305)
[Safety] Orientation target out of bounds, clamped. Original: (-183,6.39838,-134.388)
[Safety] Orientation target out of bounds, clamped. Original: (-183,6.38941,-134.45)
[Safety] Orientation target out of bounds, clamped. Original: (-183,6.27395,-134.447)
[Safety] Orientation target out of bounds, clamped. Original: (-183,5.93591,-134.345)
[Safety] Orientation target out of bounds, clamped. Original: (-183,5.40417,-134.225)
[Safety] Orientation target out of bounds, clamped. Original: (-183,4.8309,-134.134)
[Safety] Orientation target out of bounds, clamped. Original: (-183,4.26058,-134.064)
[Safety] Orientation target out of bounds, clamped. Original: (-183,3.62369,-134)
[Safety] Orientation target out of bounds, clamped. Original: (-183,2.91156,-134.016)
[Haptic] Force applied: (-0.224081, -0, 0.0196186) N  mag=0.224938  stale=0  button1=0  button2=1
[Safety] Orientation target out of bounds, clamped. Original: (-183,2.20911,-134.059)
[Safety] Orientation target out of bounds, clamped. Original: (-183,1.55955,-134.126)
[Safety] Orientation target out of bounds, clamped. Original: (-183,0.932136,-134.203)
[Safety] Orientation target out of bounds, clamped. Original: (-183,0.325086,-134.274)
[Safety] Orientation target out of bounds, clamped. Original: (-183,-0.241334,-134.332)
[Safety] Orientation target out of bounds, clamped. Original: (-183,-0.814176,-134.392)
[Safety] Orientation target out of bounds, clamped. Original: (-183,-1.35122,-134.464)
[Safety] Orientation target out of bounds, clamped. Original: (-183,-1.83289,-134.525)
[Safety] Orientation target out of bounds, clamped. Original: (-183,-2.2757,-134.574)
[Safety] Orientation target out of bounds, clamped. Original: (-183,-2.74525,-134.561)
[Safety] Orientation target out of bounds, clamped. Original: (-183,-3.26984,-134.463)
[Safety] Orientation target out of bounds, clamped. Original: (-183,-3.84751,-134.401)
[Safety] Orientation target out of bounds, clamped. Original: (-183,-4.38631,-134.376)
[Safety] Orientation target out of bounds, clamped. Original: (-183,-4.88676,-134.386)
[Safety] Orientation target out of bounds, clamped. Original: (-183,-5.36142,-134.415)
[Safety] Orientation target out of bounds, clamped. Original: (-183,-5.8733,-134.446)
[Safety] Orientation target out of bounds, clamped. Original: (-183,-6.41896,-134.538)
[Safety] Orientation target out of bounds, clamped. Original: (-183,-6.94124,-134.658)
[Safety] Orientation target out of bounds, clamped. Original: (-183,-7.42705,-134.832)
[Safety] Orientation target out of bounds, clamped. Original: (-183,-7.8723,-135.024)
[Safety] Orientation target out of bounds, clamped. Original: (-183,-8.2777,-135.215)
[Safety] Orientation target out of bounds, clamped. Original: (-183,-8.6841,-135.346)
[Safety] Orientation target out of bounds, clamped. Original: (-183,-9.13585,-135.506)
[Safety] Orientation target out of bounds, clamped. Original: (-183,-9.57352,-135.709)
[Safety] Orientation target out of bounds, clamped. Original: (-183,-9.97,-135.926)
[Safety] Orientation target out of bounds, clamped. Original: (-183,-10.3195,-136.128)
[Safety] Orientation target out of bounds, clamped. Original: (-183,-10.6295,-136.317)
[Relay] Motion sends: 3950 ok, 0 fail  target=(-76.47,-206.8,366.26) orient=(-180,-10.6295,-136.317)
[Safety] Orientation target out of bounds, clamped. Original: (-183,-10.9153,-136.488)
[Safety] Orientation target out of bounds, clamped. Original: (-183,-11.1662,-136.658)
[Safety] Orientation target out of bounds, clamped. Original: (-183,-11.3776,-136.809)
[Safety] Orientation target out of bounds, clamped. Original: (-183,-11.5621,-136.9)
[Safety] Orientation target out of bounds, clamped. Original: (-183,-11.7135,-136.916)
[Safety] Orientation target out of bounds, clamped. Original: (-183,-11.8293,-136.892)
[Safety] Orientation target out of bounds, clamped. Original: (-183,-11.9235,-136.808)
[Safety] Orientation target out of bounds, clamped. Original: (-183,-11.9982,-136.704)
[Safety] Orientation target out of bounds, clamped. Original: (-183,-12.0608,-136.593)
[Safety] Orientation target out of bounds, clamped. Original: (-183,-12.1117,-136.475)
[Safety] Orientation target out of bounds, clamped. Original: (-183,-12.1519,-136.342)
[Safety] Orientation target out of bounds, clamped. Original: (-183,-12.1816,-136.195)
[Safety] Orientation target out of bounds, clamped. Original: (-183,-12.2029,-136.025)
[Safety] Orientation target out of bounds, clamped. Original: (-183,-12.2182,-135.868)
[Safety] Orientation target out of bounds, clamped. Original: (-183,-12.13,-135.794)
[Safety] Orientation target out of bounds, clamped. Original: (-183,-11.9037,-135.834)
[Haptic] Force applied: (-0.203107, 0, -4.56599e-05) N  mag=0.203107  stale=0  button1=0  button2=1
[Safety] Orientation target out of bounds, clamped. Original: (-183,-11.5398,-135.996)
[Safety] Orientation target out of bounds, clamped. Original: (-183,-11.0377,-136.304)
[Safety] Orientation target out of bounds, clamped. Original: (-183,-10.4041,-136.78)
[Safety] Orientation target out of bounds, clamped. Original: (-183,-9.67433,-137.413)
[Safety] Orientation target out of bounds, clamped. Original: (-183,-8.88401,-138.173)
[Safety] Orientation target out of bounds, clamped. Original: (-183,-7.94852,-139.135)
[Safety] Orientation target out of bounds, clamped. Original: (-183,-6.80994,-140.356)
[Safety] Orientation target out of bounds, clamped. Original: (-183,-5.55509,-141.757)
[Safety] Orientation target out of bounds, clamped. Original: (-183,-4.2166,-143.321)
[Safety] Orientation target out of bounds, clamped. Original: (-183,-2.88625,-144.902)
[Safety] Orientation target out of bounds, clamped. Original: (-183,-1.66141,-146.368)
[Safety] Orientation target out of bounds, clamped. Original: (-183,-0.590422,-147.646)
[Safety] Orientation target out of bounds, clamped. Original: (-183,0.333029,-148.724)
[Safety] Orientation target out of bounds, clamped. Original: (-183,1.11923,-149.599)
[Safety] Orientation target out of bounds, clamped. Original: (-183,1.7905,-150.289)
[Safety] Orientation target out of bounds, clamped. Original: (-183,2.36085,-150.822)
[Safety] Orientation target out of bounds, clamped. Original: (-183,2.83666,-151.224)
[Safety] Orientation target out of bounds, clamped. Original: (-183,3.20758,-151.501)
[Safety] Orientation target out of bounds, clamped. Original: (-183,3.5036,-151.673)
[Safety] Orientation target out of bounds, clamped. Original: (-183,3.75436,-151.797)
[Safety] Orientation target out of bounds, clamped. Original: (-183,3.9732,-151.89)
[Safety] Orientation target out of bounds, clamped. Original: (-183,4.20123,-152.027)
[Safety] Orientation target out of bounds, clamped. Original: (-183,4.47917,-152.29)
[Safety] Orientation target out of bounds, clamped. Original: (-183,4.82778,-152.732)
[Safety] Orientation target out of bounds, clamped. Original: (-183,5.2612,-153.319)
[Safety] Orientation target out of bounds, clamped. Original: (-183,5.72849,-153.965)
[Safety] Orientation target out of bounds, clamped. Original: (-183,6.17403,-154.62)
[Safety] Orientation target out of bounds, clamped. Original: (-183,6.61575,-155.242)
[Safety] Orientation target out of bounds, clamped. Original: (-183,7.04083,-155.823)
[Safety] Orientation target out of bounds, clamped. Original: (-183,7.45833,-156.371)
[Safety] Orientation target out of bounds, clamped. Original: (-183,7.83124,-156.85)
[Safety] Orientation target out of bounds, clamped. Original: (-183,8.14246,-157.271)
[Safety] Orientation target out of bounds, clamped. Original: (-183,8.40724,-157.641)
[Safety] Orientation target out of bounds, clamped. Original: (-183,8.62376,-157.906)
[Relay] Motion sends: 4000 ok, 0 fail  target=(-76.47,-206.8,366.26) orient=(-180,8.62376,-157.906)
[Safety] Orientation target out of bounds, clamped. Original: (-183,8.81836,-158.109)
[Safety] Orientation target out of bounds, clamped. Original: (-183,9.00355,-158.252)
[Safety] Orientation target out of bounds, clamped. Original: (-183,9.18242,-158.339)
[Safety] Orientation target out of bounds, clamped. Original: (-183,9.34103,-158.388)
[Safety] Orientation target out of bounds, clamped. Original: (-183,9.47485,-158.419)
[Safety] Orientation target out of bounds, clamped. Original: (-183,9.59343,-158.42)
[Safety] Orientation target out of bounds, clamped. Original: (-183,9.69607,-158.402)
[Safety] Orientation target out of bounds, clamped. Original: (-183,9.79099,-158.352)
[Haptic] Force applied: (-0.0235135, -0, -0.00865577) N  mag=0.0250561  stale=0  button1=0  button2=1
[Safety] Orientation target out of bounds, clamped. Original: (-183,9.88698,-158.271)
[Safety] Orientation target out of bounds, clamped. Original: (-183,9.94212,-158.118)
[Safety] Orientation target out of bounds, clamped. Original: (-183,9.90757,-157.808)
[Safety] Orientation target out of bounds, clamped. Original: (-183,9.79512,-157.37)
[Safety] Orientation target out of bounds, clamped. Original: (-183,9.57439,-156.789)
[Safety] Orientation target out of bounds, clamped. Original: (-183,9.21615,-155.994)
[Safety] Orientation target out of bounds, clamped. Original: (-183,8.62575,-154.874)
[Safety] Orientation target out of bounds, clamped. Original: (-183,7.83598,-153.478)
[Safety] Orientation target out of bounds, clamped. Original: (-183,6.87511,-151.923)
[Safety] Orientation target out of bounds, clamped. Original: (-183,5.7665,-150.258)
[Safety] Orientation target out of bounds, clamped. Original: (-183,4.53954,-148.556)
[Safety] Orientation target out of bounds, clamped. Original: (-183,3.20277,-146.826)
[Safety] Orientation target out of bounds, clamped. Original: (-183,1.76723,-145.056)
[Safety] Orientation target out of bounds, clamped. Original: (-183,0.272692,-143.28)
[Safety] Orientation target out of bounds, clamped. Original: (-183,-1.31511,-141.486)
[Safety] Orientation target out of bounds, clamped. Original: (-183,-2.91457,-139.788)
[Safety] Orientation target out of bounds, clamped. Original: (-183,-4.51537,-138.177)
[Safety] Orientation target out of bounds, clamped. Original: (-183,-6.03909,-136.648)
[Safety] Orientation target out of bounds, clamped. Original: (-183,-7.51345,-135.088)
[Safety] Orientation target out of bounds, clamped. Original: (-183,-9.0495,-133.522)
[Safety] Orientation target out of bounds, clamped. Original: (-183,-10.5924,-132.058)
[Safety] Orientation target out of bounds, clamped. Original: (-183,-12.0145,-130.77)
[Safety] Orientation target out of bounds, clamped. Original: (-183,-13.3306,-129.611)
[Safety] Orientation target out of bounds, clamped. Original: (-183,-14.5223,-128.592)
[Safety] Orientation target out of bounds, clamped. Original: (-182.801,-15.6075,-127.67)
[Safety] Orientation target out of bounds, clamped. Original: (-182.221,-16.5839,-126.958)
[Safety] Orientation target out of bounds, clamped. Original: (-181.683,-17.4601,-126.24)
[Safety] Orientation target out of bounds, clamped. Original: (-181.158,-18.2551,-125.59)
[Safety] Orientation target out of bounds, clamped. Original: (-180.7,-18.9462,-125.121)
[Safety] Orientation target out of bounds, clamped. Original: (-180.333,-19.5166,-124.717)
[Safety] Orientation target out of bounds, clamped. Original: (-180.033,-19.9965,-124.35)
[Safety] Orientation target out of bounds, clamped. Original: (-180.035,-20.2507,-123.937)
[Safety] Orientation target out of bounds, clamped. Original: (-180.37,-19.8464,-124.097)
[Safety] Orientation target out of bounds, clamped. Original: (-180.785,-19.2895,-124.367)
[Safety] Orientation target out of bounds, clamped. Original: (-181.321,-18.5285,-124.826)
[Safety] Orientation target out of bounds, clamped. Original: (-181.996,-17.5433,-125.506)
[Safety] Orientation target out of bounds, clamped. Original: (-182.766,-16.3909,-126.374)
[Safety] Orientation target out of bounds, clamped. Original: (-183,-15.1547,-127.39)
[Safety] Orientation target out of bounds, clamped. Original: (-183,-13.8728,-128.505)
[Safety] Orientation target out of bounds, clamped. Original: (-183,-12.5665,-129.7)
[Relay] Motion sends: 4050 ok, 0 fail  target=(-76.47,-206.8,366.26) orient=(-180,-12.5665,-129.7)
[Safety] Orientation target out of bounds, clamped. Original: (-183,-11.2208,-131.012)
[Haptic] Force applied: (0.382895, 0, -0.000402188) N  mag=0.382895  stale=0  button1=0  button2=1
[Safety] Orientation target out of bounds, clamped. Original: (-183,-9.85886,-132.389)
[Safety] Orientation target out of bounds, clamped. Original: (-183,-8.48636,-133.829)
[Safety] Orientation target out of bounds, clamped. Original: (-183,-7.13874,-135.287)
[Safety] Orientation target out of bounds, clamped. Original: (-183,-5.79595,-136.769)
[Safety] Orientation target out of bounds, clamped. Original: (-183,-4.5551,-138.169)
[Safety] Orientation target out of bounds, clamped. Original: (-183,-3.40267,-139.51)
[Safety] Orientation target out of bounds, clamped. Original: (-183,-2.33071,-140.78)
[Safety] Orientation target out of bounds, clamped. Original: (-183,-1.34158,-141.981)
[Safety] Orientation target out of bounds, clamped. Original: (-183,-0.427197,-143.091)
[Safety] Orientation target out of bounds, clamped. Original: (-183,0.424801,-144.192)
[Safety] Orientation target out of bounds, clamped. Original: (-183,1.19854,-145.227)
[Safety] Orientation target out of bounds, clamped. Original: (-183,1.92428,-146.197)
[Safety] Orientation target out of bounds, clamped. Original: (-183,2.58957,-147.08)
[Safety] Orientation target out of bounds, clamped. Original: (-183,3.21303,-147.935)
[Safety] Orientation target out of bounds, clamped. Original: (-183,3.83604,-148.816)
[Safety] Orientation target out of bounds, clamped. Original: (-183,4.41757,-149.655)
[Safety] Orientation target out of bounds, clamped. Original: (-183,4.93679,-150.395)
[Safety] Orientation target out of bounds, clamped. Original: (-183,5.38545,-151.04)
[Safety] Orientation target out of bounds, clamped. Original: (-183,5.77071,-151.557)
[Safety] Orientation target out of bounds, clamped. Original: (-183,6.10397,-151.983)
[Safety] Orientation target out of bounds, clamped. Original: (-183,6.40567,-152.324)
[Safety] Orientation target out of bounds, clamped. Original: (-183,6.6687,-152.582)
[Safety] Orientation target out of bounds, clamped. Original: (-183,6.85285,-152.701)
[Safety] Orientation target out of bounds, clamped. Original: (-183,6.92326,-152.629)
[Safety] Orientation target out of bounds, clamped. Original: (-183,6.90111,-152.42)
[Safety] Orientation target out of bounds, clamped. Original: (-183,6.80439,-152.117)
[Safety] Orientation target out of bounds, clamped. Original: (-183,6.61807,-151.697)
[Safety] Orientation target out of bounds, clamped. Original: (-183,6.31055,-151.113)
[Safety] Orientation target out of bounds, clamped. Original: (-183,5.89686,-150.381)
[Safety] Orientation target out of bounds, clamped. Original: (-183,5.37383,-149.478)
[Safety] Orientation target out of bounds, clamped. Original: (-183,4.7378,-148.428)
[Safety] Orientation target out of bounds, clamped. Original: (-183,3.98137,-147.202)
[Safety] Orientation target out of bounds, clamped. Original: (-183,3.13794,-145.893)
[Safety] Orientation target out of bounds, clamped. Original: (-183,2.22827,-144.527)
[Safety] Orientation target out of bounds, clamped. Original: (-183,1.27464,-143.123)
[Safety] Orientation target out of bounds, clamped. Original: (-183,0.250548,-141.669)
[Safety] Orientation target out of bounds, clamped. Original: (-183,-0.793645,-140.254)
[Safety] Orientation target out of bounds, clamped. Original: (-183,-1.83736,-138.887)
[Safety] Orientation target out of bounds, clamped. Original: (-183,-2.82351,-137.606)
[Safety] Orientation target out of bounds, clamped. Original: (-183,-3.69995,-136.422)
[Safety] Orientation target out of bounds, clamped. Original: (-183,-4.65134,-135.308)
[Safety] Orientation target out of bounds, clamped. Original: (-183,-5.53133,-134.262)
[Safety] Orientation target out of bounds, clamped. Original: (-183,-6.34174,-133.33)
[Haptic] Force applied: (-0.525094, -0, 0.130583) N  mag=0.541087  stale=0  button1=0  button2=1
[Safety] Orientation target out of bounds, clamped. Original: (-183,-7.18402,-132.408)
[Safety] Orientation target out of bounds, clamped. Original: (-183,-8.08732,-131.47)
[Safety] Orientation target out of bounds, clamped. Original: (-183,-8.98752,-130.584)
[Safety] Orientation target out of bounds, clamped. Original: (-183,-9.88845,-129.738)
[Safety] Orientation target out of bounds, clamped. Original: (-183,-10.862,-128.861)
[Safety] Orientation target out of bounds, clamped. Original: (-183,-11.8221,-128.044)
[Relay] Motion sends: 4100 ok, 0 fail  target=(-76.47,-206.8,366.26) orient=(-180,-11.8221,-128.044)
[Safety] Orientation target out of bounds, clamped. Original: (-183,-12.6993,-127.309)
[Safety] Orientation target out of bounds, clamped. Original: (-182.618,-13.4424,-126.686)
[Safety] Orientation target out of bounds, clamped. Original: (-182.243,-14.0701,-126.158)
[Safety] Orientation target out of bounds, clamped. Original: (-181.972,-14.5732,-125.719)
[Safety] Orientation target out of bounds, clamped. Original: (-181.733,-14.9908,-125.33)
[Safety] Orientation target out of bounds, clamped. Original: (-181.525,-15.3374,-124.991)
[Safety] Orientation target out of bounds, clamped. Original: (-181.364,-15.6208,-124.696)
[Safety] Orientation target out of bounds, clamped. Original: (-181.228,-15.8598,-124.445)
[Safety] Orientation target out of bounds, clamped. Original: (-181.124,-16.0628,-124.253)
[Safety] Orientation target out of bounds, clamped. Original: (-181.063,-16.2159,-124.119)
[Safety] Orientation target out of bounds, clamped. Original: (-181.111,-16.1917,-124.131)
[Safety] Orientation target out of bounds, clamped. Original: (-181.413,-15.7934,-124.441)
[Safety] Orientation target out of bounds, clamped. Original: (-181.927,-15.0653,-125.024)
[Safety] Orientation target out of bounds, clamped. Original: (-182.605,-14.1119,-125.842)
[Safety] Orientation target out of bounds, clamped. Original: (-183,-13.0455,-126.828)
[Safety] Orientation target out of bounds, clamped. Original: (-183,-11.9523,-127.883)
[Safety] Orientation target out of bounds, clamped. Original: (-183,-10.8533,-128.985)
[Safety] Orientation target out of bounds, clamped. Original: (-183,-9.81944,-130.057)
[Safety] Orientation target out of bounds, clamped. Original: (-183,-8.80483,-131.099)
[Safety] Orientation target out of bounds, clamped. Original: (-183,-7.86708,-132.069)
[Safety] Orientation target out of bounds, clamped. Original: (-183,-6.99544,-133.012)
[Safety] Orientation target out of bounds, clamped. Original: (-183,-6.15222,-133.976)
[Safety] Orientation target out of bounds, clamped. Original: (-183,-5.30936,-134.972)
[Safety] Orientation target out of bounds, clamped. Original: (-183,-4.49201,-135.956)
[Safety] Orientation target out of bounds, clamped. Original: (-183,-3.69995,-136.957)
[Safety] Orientation target out of bounds, clamped. Original: (-183,-2.9046,-137.993)
[Safety] Orientation target out of bounds, clamped. Original: (-183,-2.10057,-139.033)
[Safety] Orientation target out of bounds, clamped. Original: (-183,-1.33206,-140.038)
[Safety] Orientation target out of bounds, clamped. Original: (-183,-0.588257,-141.041)
[Safety] Orientation target out of bounds, clamped. Original: (-183,0.18766,-142.122)
[Safety] Orientation target out of bounds, clamped. Original: (-183,0.971188,-143.227)
[Safety] Orientation target out of bounds, clamped. Original: (-183,1.70408,-144.275)
[Safety] Orientation target out of bounds, clamped. Original: (-183,2.38196,-145.254)
[Safety] Orientation target out of bounds, clamped. Original: (-183,3.00279,-146.144)
[Safety] Orientation target out of bounds, clamped. Original: (-183,3.57301,-146.966)
[Safety] Orientation target out of bounds, clamped. Original: (-183,4.07053,-147.695)
[Haptic] Force applied: (0.233089, 0, -0.00301256) N  mag=0.233109  stale=0  button1=0  button2=1
[Safety] Orientation target out of bounds, clamped. Original: (-183,4.50679,-148.339)
[Safety] Orientation target out of bounds, clamped. Original: (-183,4.87913,-148.9)
[Safety] Orientation target out of bounds, clamped. Original: (-183,5.2156,-149.417)
[Safety] Orientation target out of bounds, clamped. Original: (-183,5.58637,-149.994)
[Safety] Orientation target out of bounds, clamped. Original: (-183,5.96246,-150.584)
[Safety] Orientation target out of bounds, clamped. Original: (-183,6.30849,-151.114)
[Safety] Orientation target out of bounds, clamped. Original: (-183,6.62865,-151.617)
[Safety] Orientation target out of bounds, clamped. Original: (-183,6.90371,-152.053)
[Safety] Orientation target out of bounds, clamped. Original: (-183,7.15839,-152.453)
[Safety] Orientation target out of bounds, clamped. Original: (-183,7.42366,-152.882)
[Safety] Orientation target out of bounds, clamped. Original: (-183,7.72158,-153.364)
[Safety] Orientation target out of bounds, clamped. Original: (-183,8.06465,-153.893)
[Safety] Orientation target out of bounds, clamped. Original: (-183,8.42764,-154.45)
[Safety] Orientation target out of bounds, clamped. Original: (-183,8.77754,-154.982)
[Relay] Motion sends: 4150 ok, 0 fail  target=(-76.47,-206.8,366.26) orient=(-180,8.77754,-154.982)
[Safety] Orientation target out of bounds, clamped. Original: (-183,9.14115,-155.521)
[Safety] Orientation target out of bounds, clamped. Original: (-183,9.53654,-156.11)
[Safety] Orientation target out of bounds, clamped. Original: (-183,9.9311,-156.688)
[Safety] Orientation target out of bounds, clamped. Original: (-183,10.2968,-157.216)
[Safety] Orientation target out of bounds, clamped. Original: (-183,10.6269,-157.691)
[Safety] Orientation target out of bounds, clamped. Original: (-183,10.9214,-158.112)
[Safety] Orientation target out of bounds, clamped. Original: (-183,11.1748,-158.476)
[Safety] Orientation target out of bounds, clamped. Original: (-183,11.3899,-158.778)
[Safety] Orientation target out of bounds, clamped. Original: (-183,11.5805,-159.037)
[Safety] Orientation target out of bounds, clamped. Original: (-183,11.7411,-159.246)

############################################################
##  ⚠⚠  触觉安全提示已关闭  (Config::FORCE_CONSTRAINT_FORCES_ENABLED = false)
##   虚拟约束力已【全部】停用 —— 现在【没有任何】推力提示:
##     · 靠近安全边界 (SAFE_X/Y/Z)
##     · 靠近圆柱奇异 (半径 < 80mm)
##     · 靠近工作空间边缘 (半径 > 550mm)
##     · 靠近历史报警点 (真报过警的位置)
##   ⇒ 请靠【视觉】与【报警指示灯】判断危险。
##   (机械臂自身的碰撞检测与安全皮肤由机械臂侧做, 不受本开关影响。)
##   本横幅每 60 秒复报一次。
############################################################

[Safety] Orientation target out of bounds, clamped. Original: (-183,11.8765,-159.412)
[Safety] Orientation target out of bounds, clamped. Original: (-183,11.9914,-159.54)
[Safety] Orientation target out of bounds, clamped. Original: (-183,12.0935,-159.606)
[Safety] Orientation target out of bounds, clamped. Original: (-183,12.1296,-159.53)
[Safety] Orientation target out of bounds, clamped. Original: (-183,12.1117,-159.331)
[Safety] Orientation target out of bounds, clamped. Original: (-183,12.0001,-158.991)
[Safety] Orientation target out of bounds, clamped. Original: (-183,11.8457,-158.579)
[Safety] Orientation target out of bounds, clamped. Original: (-183,11.6096,-158.045)
[Safety] Orientation target out of bounds, clamped. Original: (-183,11.2977,-157.399)
[Safety] Orientation target out of bounds, clamped. Original: (-183,10.914,-156.659)
[Safety] Orientation target out of bounds, clamped. Original: (-183,10.4258,-155.781)
[Safety] Orientation target out of bounds, clamped. Original: (-183,9.83906,-154.768)
[Safety] Orientation target out of bounds, clamped. Original: (-183,9.11399,-153.556)
[Safety] Orientation target out of bounds, clamped. Original: (-183,8.32028,-152.295)
[Safety] Orientation target out of bounds, clamped. Original: (-183,7.4446,-150.942)
[Safety] Orientation target out of bounds, clamped. Original: (-183,6.53338,-149.564)
[Safety] Orientation target out of bounds, clamped. Original: (-183,5.6215,-148.204)
[Safety] Orientation target out of bounds, clamped. Original: (-183,4.69948,-146.874)
[Safety] Orientation target out of bounds, clamped. Original: (-183,3.79402,-145.603)
[Haptic] Force applied: (-0.430534, 0, 0.146503) N  mag=0.454778  stale=0  button1=0  button2=1
[Safety] Orientation target out of bounds, clamped. Original: (-183,2.85124,-144.354)
[Safety] Orientation target out of bounds, clamped. Original: (-183,1.84708,-143.081)
[Safety] Orientation target out of bounds, clamped. Original: (-183,0.824882,-141.854)
[Safety] Orientation target out of bounds, clamped. Original: (-183,-0.197597,-140.653)
[Safety] Orientation target out of bounds, clamped. Original: (-183,-1.22482,-139.492)
[Safety] Orientation target out of bounds, clamped. Original: (-183,-2.28297,-138.328)
[Safety] Orientation target out of bounds, clamped. Original: (-183,-3.31679,-137.251)
[Safety] Orientation target out of bounds, clamped. Original: (-183,-4.26641,-136.305)
[Safety] Orientation target out of bounds, clamped. Original: (-183,-5.10316,-135.482)
[Safety] Orientation target out of bounds, clamped. Original: (-183,-5.83216,-134.738)
[Safety] Orientation target out of bounds, clamped. Original: (-183,-6.46026,-134.077)
[Safety] Orientation target out of bounds, clamped. Original: (-183,-7.01349,-133.491)
[Safety] Orientation target out of bounds, clamped. Original: (-183,-7.47717,-132.99)
[Safety] Orientation target out of bounds, clamped. Original: (-183,-7.86486,-132.57)
[Safety] Orientation target out of bounds, clamped. Original: (-183,-8.1925,-132.215)
[Safety] Orientation target out of bounds, clamped. Original: (-183,-8.466,-131.912)
[Safety] Orientation target out of bounds, clamped. Original: (-183,-8.69324,-131.644)
[Safety] Orientation target out of bounds, clamped. Original: (-183,-8.88213,-131.398)
[Safety] Orientation target out of bounds, clamped. Original: (-183,-9.03886,-131.199)
[Safety] Orientation target out of bounds, clamped. Original: (-183,-9.16348,-131.016)
[Safety] Orientation target out of bounds, clamped. Original: (-183,-9.25473,-130.879)
[Relay] Motion sends: 4200 ok, 0 fail  target=(-76.47,-206.8,366.26) orient=(-180,-9.25473,-130.879)
[Safety] Orientation target out of bounds, clamped. Original: (-183,-9.32469,-130.757)
[Safety] Orientation target out of bounds, clamped. Original: (-183,-9.38453,-130.651)
[Safety] Orientation target out of bounds, clamped. Original: (-183,-9.43213,-130.54)
[Safety] Orientation target out of bounds, clamped. Original: (-183,-9.4722,-130.448)
[Safety] Orientation target out of bounds, clamped. Original: (-183,-9.50398,-130.368)
[Safety] Orientation target out of bounds, clamped. Original: (-183,-9.52659,-130.286)
[Safety] Orientation target out of bounds, clamped. Original: (-183,-9.54423,-130.197)
[Safety] Orientation target out of bounds, clamped. Original: (-183,-9.55834,-130.115)
[Safety] Orientation target out of bounds, clamped. Original: (-183,-9.5718,-130.043)
[Safety] Orientation target out of bounds, clamped. Original: (-183,-9.58172,-129.972)
[Safety] Orientation target out of bounds, clamped. Original: (-183,-9.59006,-129.912)
[Safety] Orientation target out of bounds, clamped. Original: (-183,-9.59814,-129.869)
[Safety] Orientation target out of bounds, clamped. Original: (-183,-9.60458,-129.829)
[Safety] Orientation target out of bounds, clamped. Original: (-183,-9.61799,-129.784)
[Safety] Orientation target out of bounds, clamped. Original: (-183,-9.62055,-129.75)
[Safety] Orientation target out of bounds, clamped. Original: (-183,-9.62028,-129.711)
[Safety] Orientation target out of bounds, clamped. Original: (-183,-9.61858,-129.664)
[Safety] Orientation target out of bounds, clamped. Original: (-183,-9.61112,-129.619)
[Safety] Orientation target out of bounds, clamped. Original: (-183,-9.60014,-129.576)
[Safety] Orientation target out of bounds, clamped. Original: (-183,-9.58714,-129.534)
[Safety] Orientation target out of bounds, clamped. Original: (-183,-9.57706,-129.494)
[Safety] Orientation target out of bounds, clamped. Original: (-183,-9.56974,-129.458)
[Haptic] Force applied: (-0.00122706, 0, 0.221329) N  mag=0.221333  stale=0  button1=0  button2=1
[Safety] Orientation target out of bounds, clamped. Original: (-183,-9.56072,-129.428)
[Safety] Orientation target out of bounds, clamped. Original: (-183,-9.55088,-129.407)
[Safety] Orientation target out of bounds, clamped. Original: (-183,-9.54439,-129.381)
[Safety] Orientation target out of bounds, clamped. Original: (-183,-9.54158,-129.354)
[Safety] Orientation target out of bounds, clamped. Original: (-183,-9.54107,-129.333)
[Safety] Orientation target out of bounds, clamped. Original: (-183,-9.54573,-129.317)
[Safety] Orientation target out of bounds, clamped. Original: (-183,-9.55387,-129.304)
[Safety] Orientation target out of bounds, clamped. Original: (-183,-9.5663,-129.3)
[Safety] Orientation target out of bounds, clamped. Original: (-183,-9.58225,-129.324)
[Safety] Orientation target out of bounds, clamped. Original: (-183,-9.59929,-129.364)
[Safety] Orientation target out of bounds, clamped. Original: (-183,-9.62468,-129.408)
[Safety] Orientation target out of bounds, clamped. Original: (-183,-9.63998,-129.461)
[Safety] Orientation target out of bounds, clamped. Original: (-183,-9.65437,-129.518)
[Safety] Orientation target out of bounds, clamped. Original: (-183,-9.6665,-129.553)
[Safety] Orientation target out of bounds, clamped. Original: (-183,-9.67642,-129.576)
[Safety] Orientation target out of bounds, clamped. Original: (-183,-9.6813,-129.577)
[Safety] Orientation target out of bounds, clamped. Original: (-183,-9.68681,-129.578)
[Safety] Orientation target out of bounds, clamped. Original: (-183,-9.69449,-129.575)
[Safety] Orientation target out of bounds, clamped. Original: (-183,-9.71503,-129.569)
[Safety] Orientation target out of bounds, clamped. Original: (-183,-9.72392,-129.579)
[Safety] Orientation target out of bounds, clamped. Original: (-183,-9.73324,-129.589)
[Safety] Orientation target out of bounds, clamped. Original: (-183,-9.74155,-129.594)
[Safety] Orientation target out of bounds, clamped. Original: (-183,-9.75775,-129.59)
[Safety] Orientation target out of bounds, clamped. Original: (-183,-9.76189,-129.581)
[Safety] Orientation target out of bounds, clamped. Original: (-183,-9.76704,-129.578)
[Safety] Orientation target out of bounds, clamped. Original: (-183,-9.76949,-129.568)
[Safety] Orientation target out of bounds, clamped. Original: (-183,-9.77116,-129.563)
[Safety] Orientation target out of bounds, clamped. Original: (-183,-9.76958,-129.54)
[Relay] Motion sends: 4250 ok, 0 fail  target=(-76.47,-206.8,366.26) orient=(-180,-9.76958,-129.54)
[Safety] Orientation target out of bounds, clamped. Original: (-183,-9.76719,-129.513)
[Safety] Orientation target out of bounds, clamped. Original: (-183,-9.7661,-129.485)
[Safety] Orientation target out of bounds, clamped. Original: (-183,-9.76641,-129.469)
[Safety] Orientation target out of bounds, clamped. Original: (-183,-9.76828,-129.464)
[Safety] Orientation target out of bounds, clamped. Original: (-183,-9.77045,-129.458)
[Safety] Orientation target out of bounds, clamped. Original: (-183,-9.77248,-129.447)
[Safety] Orientation target out of bounds, clamped. Original: (-183,-9.77325,-129.423)
[Safety] Orientation target out of bounds, clamped. Original: (-183,-9.77718,-129.41)
[Safety] Orientation target out of bounds, clamped. Original: (-183,-9.78564,-129.42)
[Safety] Orientation target out of bounds, clamped. Original: (-183,-9.80135,-129.47)
[Safety] Orientation target out of bounds, clamped. Original: (-183,-9.82316,-129.55)
[Safety] Orientation target out of bounds, clamped. Original: (-183,-9.84745,-129.635)
[Safety] Orientation target out of bounds, clamped. Original: (-183,-9.81515,-129.794)
[Safety] Orientation target out of bounds, clamped. Original: (-183,-9.73546,-130.013)
[Haptic] Force applied: (0.00479254, 0, 0.0899248) N  mag=0.0900524  stale=0  button1=0  button2=1
[Safety] Orientation target out of bounds, clamped. Original: (-183,-9.64744,-130.25)
[Safety] Orientation target out of bounds, clamped. Original: (-183,-9.55917,-130.525)
[Safety] Orientation target out of bounds, clamped. Original: (-183,-9.4644,-130.822)
[Safety] Orientation target out of bounds, clamped. Original: (-183,-9.39024,-131.124)
[Safety] Orientation target out of bounds, clamped. Original: (-183,-9.31966,-131.412)
[Safety] Orientation target out of bounds, clamped. Original: (-183,-9.26185,-131.662)
[Safety] Orientation target out of bounds, clamped. Original: (-183,-9.21359,-131.888)
[Safety] Orientation target out of bounds, clamped. Original: (-183,-9.17296,-132.097)
[Safety] Orientation target out of bounds, clamped. Original: (-183,-9.13819,-132.27)
[Safety] Orientation target out of bounds, clamped. Original: (-183,-9.10861,-132.433)
[Safety] Orientation target out of bounds, clamped. Original: (-183,-9.08364,-132.571)
[Safety] Orientation target out of bounds, clamped. Original: (-183,-9.06412,-132.697)
[Safety] Orientation target out of bounds, clamped. Original: (-183,-9.04959,-132.831)
[Safety] Orientation target out of bounds, clamped. Original: (-183,-9.03708,-132.957)
[Safety] Orientation target out of bounds, clamped. Original: (-183,-9.02996,-133.105)
[Safety] Orientation target out of bounds, clamped. Original: (-183,-9.02351,-133.248)
[Safety] Orientation target out of bounds, clamped. Original: (-183,-9.01721,-133.379)
[Safety] Orientation target out of bounds, clamped. Original: (-183,-9.01025,-133.485)
[Safety] Orientation target out of bounds, clamped. Original: (-183,-9.00288,-133.587)
[Safety] Orientation target out of bounds, clamped. Original: (-183,-8.99191,-133.676)
[Safety] Orientation target out of bounds, clamped. Original: (-183,-8.98536,-133.792)
[Safety] Orientation target out of bounds, clamped. Original: (-183,-8.97324,-133.922)
[Safety] Orientation target out of bounds, clamped. Original: (-183,-8.9618,-134.062)
[Safety] Orientation target out of bounds, clamped. Original: (-183,-8.93534,-134.218)
[Safety] Orientation target out of bounds, clamped. Original: (-183,-8.88776,-134.405)
[Safety] Orientation target out of bounds, clamped. Original: (-182.838,-8.82228,-134.592)
[Safety] Orientation target out of bounds, clamped. Original: (-182.518,-8.75273,-134.759)
[Safety] Orientation target out of bounds, clamped. Original: (-182.143,-8.66776,-134.922)
[Safety] Orientation target out of bounds, clamped. Original: (-181.727,-8.56737,-135.036)
[Safety] Orientation target out of bounds, clamped. Original: (-181.272,-8.45443,-135.112)
[Safety] Orientation target out of bounds, clamped. Original: (-180.802,-8.33088,-135.146)
[Safety] Orientation target out of bounds, clamped. Original: (-180.353,-8.20472,-135.141)
[Relay] Motion sends: 4300 ok, 0 fail  target=(-76.47,-206.8,366.26) orient=(-178.873,-7.67039,-134.87)
[Haptic] Force applied: (0.0114936, 0, 0.00260739) N  mag=0.0117856  stale=0  button1=0  button2=1
[Relay] Motion sends: 4350 ok, 0 fail  target=(-76.47,-206.8,366.26) orient=(-178.108,-1.64418,-129.237)
[Haptic] Force applied: (0.00586651, -0, 0.0785538) N  mag=0.0787726  stale=0  button1=0  button2=1
[Safety] Orientation target out of bounds, clamped. Original: (-180.434,-0.842603,-128.59)
[Safety] Orientation target out of bounds, clamped. Original: (-180.919,-0.637122,-128.571)
[Safety] Orientation target out of bounds, clamped. Original: (-181.368,-0.408351,-128.526)
[Safety] Orientation target out of bounds, clamped. Original: (-181.789,-0.167625,-128.483)
[Safety] Orientation target out of bounds, clamped. Original: (-182.171,0.0682288,-128.436)
[Safety] Orientation target out of bounds, clamped. Original: (-182.512,0.298405,-128.382)
[Safety] Orientation target out of bounds, clamped. Original: (-182.784,0.498225,-128.334)
[Safety] Orientation target out of bounds, clamped. Original: (-182.993,0.661529,-128.313)
[Safety] Orientation target out of bounds, clamped. Original: (-183,0.801542,-128.295)
[Safety] Orientation target out of bounds, clamped. Original: (-183,0.929376,-128.27)
[Safety] Orientation target out of bounds, clamped. Original: (-183,1.04242,-128.222)
[Safety] Orientation target out of bounds, clamped. Original: (-183,1.14303,-128.152)
[Safety] Orientation target out of bounds, clamped. Original: (-183,1.21648,-128.098)
[Safety] Orientation target out of bounds, clamped. Original: (-183,1.26952,-128.077)
[Safety] Orientation target out of bounds, clamped. Original: (-183,1.31191,-128.086)
[Safety] Orientation target out of bounds, clamped. Original: (-183,1.35537,-128.089)
[Safety] Orientation target out of bounds, clamped. Original: (-183,1.40885,-128.077)
[Safety] Orientation target out of bounds, clamped. Original: (-183,1.47262,-128.061)
[Safety] Orientation target out of bounds, clamped. Original: (-183,1.55964,-128.019)
[Safety] Orientation target out of bounds, clamped. Original: (-183,1.6446,-127.987)
[Safety] Orientation target out of bounds, clamped. Original: (-183,1.73528,-127.994)
[Safety] Orientation target out of bounds, clamped. Original: (-183,1.90864,-128.08)
[Safety] Orientation target out of bounds, clamped. Original: (-183,2.16182,-128.23)
[Safety] Orientation target out of bounds, clamped. Original: (-183,2.44838,-128.423)
[Safety] Orientation target out of bounds, clamped. Original: (-183,2.72784,-128.675)
[Safety] Orientation target out of bounds, clamped. Original: (-183,2.97502,-128.96)
[Safety] Orientation target out of bounds, clamped. Original: (-183,3.19764,-129.231)
[Safety] Orientation target out of bounds, clamped. Original: (-183,3.39126,-129.49)
[Safety] Orientation target out of bounds, clamped. Original: (-183,3.57358,-129.749)
[Safety] Orientation target out of bounds, clamped. Original: (-183,3.75991,-130.01)
[Safety] Orientation target out of bounds, clamped. Original: (-183,3.91837,-130.297)
[Safety] Orientation target out of bounds, clamped. Original: (-183,4.05923,-130.62)
[Safety] Orientation target out of bounds, clamped. Original: (-183,4.19179,-130.962)
[Safety] Orientation target out of bounds, clamped. Original: (-183,4.32139,-131.322)
[Safety] Orientation target out of bounds, clamped. Original: (-183,4.45658,-131.665)
[Safety] Orientation target out of bounds, clamped. Original: (-183,4.58435,-131.997)
[Safety] Orientation target out of bounds, clamped. Original: (-183,4.72142,-132.314)
[Safety] Orientation target out of bounds, clamped. Original: (-183,4.86573,-132.618)
[Safety] Orientation target out of bounds, clamped. Original: (-183,4.99392,-132.902)
[Relay] Motion sends: 4400 ok, 0 fail  target=(-76.47,-206.8,366.26) orient=(-180,4.99392,-132.902)
[Safety] Orientation target out of bounds, clamped. Original: (-183,5.10707,-133.158)
[Safety] Orientation target out of bounds, clamped. Original: (-183,5.21586,-133.402)
[Safety] Orientation target out of bounds, clamped. Original: (-183,5.3165,-133.63)
[Safety] Orientation target out of bounds, clamped. Original: (-182.984,5.41974,-133.829)
[Safety] Orientation target out of bounds, clamped. Original: (-182.66,5.52102,-134.011)
[Safety] Orientation target out of bounds, clamped. Original: (-182.328,5.62088,-134.175)
[Safety] Orientation target out of bounds, clamped. Original: (-181.979,5.72863,-134.317)
[Safety] Orientation target out of bounds, clamped. Original: (-181.604,5.84355,-134.434)
[Safety] Orientation target out of bounds, clamped. Original: (-181.192,5.9385,-134.518)
[Safety] Orientation target out of bounds, clamped. Original: (-180.763,5.98704,-134.579)
[Safety] Orientation target out of bounds, clamped. Original: (-180.336,6.00602,-134.622)
[Haptic] Force applied: (0.00942494, -0, 0.231487) N  mag=0.231679  stale=0  button1=0  button2=1
[Relay] Motion sends: 4450 ok, 0 fail  target=(-76.47,-206.8,366.26) orient=(-175.774,0.963005,-128.416)
[StateMachine] RUNNING → READY
[Relay] Button2 RELEASE — all motion stopped

############################################################
##  ⚠⚠  触觉安全提示已关闭  (Config::FORCE_CONSTRAINT_FORCES_ENABLED = false)
##   虚拟约束力已【全部】停用 —— 现在【没有任何】推力提示:
##     · 靠近安全边界 (SAFE_X/Y/Z)
##     · 靠近圆柱奇异 (半径 < 80mm)
##     · 靠近工作空间边缘 (半径 > 550mm)
##     · 靠近历史报警点 (真报过警的位置)
##   ⇒ 请靠【视觉】与【报警指示灯】判断危险。
##   (机械臂自身的碰撞检测与安全皮肤由机械臂侧做, 不受本开关影响。)
##   本横幅每 60 秒复报一次。
############################################################


############################################################
##  ⚠⚠  触觉安全提示已关闭  (Config::FORCE_CONSTRAINT_FORCES_ENABLED = false)
##   虚拟约束力已【全部】停用 —— 现在【没有任何】推力提示:
##     · 靠近安全边界 (SAFE_X/Y/Z)
##     · 靠近圆柱奇异 (半径 < 80mm)
##     · 靠近工作空间边缘 (半径 > 550mm)
##     · 靠近历史报警点 (真报过警的位置)
##   ⇒ 请靠【视觉】与【报警指示灯】判断危险。
##   (机械臂自身的碰撞检测与安全皮肤由机械臂侧做, 不受本开关影响。)
##   本横幅每 60 秒复报一次。
############################################################


############################################################
##  ⚠⚠  触觉安全提示已关闭  (Config::FORCE_CONSTRAINT_FORCES_ENABLED = false)
##   虚拟约束力已【全部】停用 —— 现在【没有任何】推力提示:
##     · 靠近安全边界 (SAFE_X/Y/Z)
##     · 靠近圆柱奇异 (半径 < 80mm)
##     · 靠近工作空间边缘 (半径 > 550mm)
##     · 靠近历史报警点 (真报过警的位置)
##   ⇒ 请靠【视觉】与【报警指示灯】判断危险。
##   (机械臂自身的碰撞检测与安全皮肤由机械臂侧做, 不受本开关影响。)
##   本横幅每 60 秒复报一次。
############################################################


############################################################
##  ⚠⚠  触觉安全提示已关闭  (Config::FORCE_CONSTRAINT_FORCES_ENABLED = false)
##   虚拟约束力已【全部】停用 —— 现在【没有任何】推力提示:
##     · 靠近安全边界 (SAFE_X/Y/Z)
##     · 靠近圆柱奇异 (半径 < 80mm)
##     · 靠近工作空间边缘 (半径 > 550mm)
##     · 靠近历史报警点 (真报过警的位置)
##   ⇒ 请靠【视觉】与【报警指示灯】判断危险。
##   (机械臂自身的碰撞检测与安全皮肤由机械臂侧做, 不受本开关影响。)
##   本横幅每 60 秒复报一次。
############################################################


############################################################
##  ⚠⚠  触觉安全提示已关闭  (Config::FORCE_CONSTRAINT_FORCES_ENABLED = false)
##   虚拟约束力已【全部】停用 —— 现在【没有任何】推力提示:
##     · 靠近安全边界 (SAFE_X/Y/Z)
##     · 靠近圆柱奇异 (半径 < 80mm)
##     · 靠近工作空间边缘 (半径 > 550mm)
##     · 靠近历史报警点 (真报过警的位置)
##   ⇒ 请靠【视觉】与【报警指示灯】判断危险。
##   (机械臂自身的碰撞检测与安全皮肤由机械臂侧做, 不受本开关影响。)
##   本横幅每 60 秒复报一次。
############################################################

[StateMachine] READY → RUNNING
[Relay] Button PRESS  — target start=(-76.47,-206.8,366.26)
[Relay] Hold button + move Touch (incremental mode)
[StateMachine] RUNNING → READY
[Relay] Button RELEASE — motion stopped
[StateMachine] READY → RUNNING
[Relay] Button2 PRESS — orient ref=(-58.0763,32.3379,-12.1553) robot ref=(-178.52,-1.31,-124.21)
[Relay] Motion sends: 4500 ok, 0 fail  target=(-115.01,-248.6,369.75) orient=(-179.12,-1.31,-124.445)
[Safety] Orientation target out of bounds, clamped. Original: (-180.231,-1.6185,-124.688)
[Safety] Orientation target out of bounds, clamped. Original: (-180.42,-1.77839,-124.751)
[Safety] Orientation target out of bounds, clamped. Original: (-180.521,-2.00499,-124.745)
[Safety] Orientation target out of bounds, clamped. Original: (-180.557,-2.29337,-124.707)
[Safety] Orientation target out of bounds, clamped. Original: (-180.583,-2.58764,-124.662)
[Safety] Orientation target out of bounds, clamped. Original: (-180.64,-2.87394,-124.617)
[Haptic] Force applied: (3.57319e-10, 0, 0.0798747) N  mag=0.0798747  stale=0  button1=0  button2=1
[Safety] Orientation target out of bounds, clamped. Original: (-180.694,-3.14699,-124.576)
[Safety] Orientation target out of bounds, clamped. Original: (-180.731,-3.40645,-124.523)
[Safety] Orientation target out of bounds, clamped. Original: (-180.764,-3.64836,-124.462)
[Safety] Orientation target out of bounds, clamped. Original: (-180.806,-3.85004,-124.4)
[Safety] Orientation target out of bounds, clamped. Original: (-180.847,-4.01186,-124.319)
[Safety] Orientation target out of bounds, clamped. Original: (-180.905,-4.12645,-124.21)
[Safety] Orientation target out of bounds, clamped. Original: (-180.972,-4.20196,-124.048)
[Safety] Orientation target out of bounds, clamped. Original: (-181.062,-4.25143,-123.886)
[Safety] Orientation target out of bounds, clamped. Original: (-181.153,-4.29026,-123.75)
[Safety] Orientation target out of bounds, clamped. Original: (-181.23,-4.32294,-123.636)
[Safety] Orientation target out of bounds, clamped. Original: (-181.324,-4.33278,-123.533)
[Safety] Orientation target out of bounds, clamped. Original: (-181.42,-4.33347,-123.448)
[Safety] Orientation target out of bounds, clamped. Original: (-181.528,-4.31791,-123.383)
[Safety] Orientation target out of bounds, clamped. Original: (-181.625,-4.30743,-123.339)
[Safety] Orientation target out of bounds, clamped. Original: (-181.7,-4.31129,-123.323)
[Safety] Orientation target out of bounds, clamped. Original: (-181.755,-4.33369,-123.34)
[Safety] Orientation target out of bounds, clamped. Original: (-181.817,-4.36994,-123.364)
[Safety] Orientation target out of bounds, clamped. Original: (-181.885,-4.39298,-123.394)
[Safety] Orientation target out of bounds, clamped. Original: (-181.954,-4.41165,-123.398)
[Safety] Orientation target out of bounds, clamped. Original: (-182.043,-4.40643,-123.37)
[Safety] Orientation target out of bounds, clamped. Original: (-182.14,-4.38187,-123.336)
[Safety] Orientation target out of bounds, clamped. Original: (-182.236,-4.35394,-123.276)
[Safety] Orientation target out of bounds, clamped. Original: (-182.349,-4.29934,-123.195)
[Safety] Orientation target out of bounds, clamped. Original: (-182.485,-4.22759,-123.061)
[Safety] Orientation target out of bounds, clamped. Original: (-182.642,-4.12644,-122.906)
[Safety] Orientation target out of bounds, clamped. Original: (-182.808,-4.01936,-122.741)
[Safety] Orientation target out of bounds, clamped. Original: (-182.969,-3.91822,-122.579)
[Safety] Orientation target out of bounds, clamped. Original: (-183,-3.8069,-122.401)
[Safety] Orientation target out of bounds, clamped. Original: (-183,-3.69195,-122.207)
[Safety] Orientation target out of bounds, clamped. Original: (-183,-3.57545,-122.013)
[Safety] Orientation target out of bounds, clamped. Original: (-183,-3.47168,-121.841)
[Safety] Orientation target out of bounds, clamped. Original: (-183,-3.38147,-121.693)
[Safety] Orientation target out of bounds, clamped. Original: (-183,-3.30346,-121.569)
[Safety] Orientation target out of bounds, clamped. Original: (-183,-3.23683,-121.464)
[Safety] Orientation target out of bounds, clamped. Original: (-183,-3.17311,-121.366)
[StateMachine] RUNNING → READY
[Relay] Button2 RELEASE — all motion stopped
[StateMachine] READY → RUNNING
[Relay] Button2 PRESS — orient ref=(-64.5729,35.1893,-10.9657) robot ref=(180,-3.17005,-121.37)
[Relay] Motion sends: 4550 ok, 0 fail  target=(-110.01,-248.6,369.75) orient=(179.74,-2.85032,-121.48)
[StateMachine] RUNNING → READY
[Relay] Button2 RELEASE — all motion stopped
[StateMachine] READY → RUNNING
[Relay] Button2 PRESS — orient ref=(-65.0254,35.0429,-12.0943) robot ref=(179.35,-2.54005,-121.29)
[StateMachine] RUNNING → READY
[Relay] Button2 RELEASE — all motion stopped
[StateMachine] READY → RUNNING
[Relay] Button2 PRESS — orient ref=(-65.84,33.8493,-13.3699) robot ref=(178.49,-1.81005,-122.15)
[Haptic] Force applied: (0.0364617, -0, 0.0252416) N  mag=0.0443463  stale=0  button1=0  button2=1
[Relay] Motion sends: 4600 ok, 0 fail  target=(-100.01,-248.6,369.75) orient=(178.49,-0.229694,-122.496)
[Safety] Orientation target out of bounds, clamped. Original: (180.121,-3.8903,-123.623)
[Safety] Orientation target out of bounds, clamped. Original: (180.3,-4.25941,-123.691)
[Safety] Orientation target out of bounds, clamped. Original: (180.443,-4.58151,-123.769)
[Haptic] Force applied: (-0.124089, -0, 0.149452) N  mag=0.194253  stale=0  button1=0  button2=1
[Safety] Orientation target out of bounds, clamped. Original: (180.567,-4.90169,-123.854)
[Safety] Orientation target out of bounds, clamped. Original: (180.677,-5.24109,-123.952)
[Safety] Orientation target out of bounds, clamped. Original: (180.763,-5.61407,-124.017)
[Safety] Orientation target out of bounds, clamped. Original: (180.891,-6.09248,-124.064)
[Safety] Orientation target out of bounds, clamped. Original: (181.055,-6.6364,-124.079)
[Safety] Orientation target out of bounds, clamped. Original: (181.238,-7.21882,-124.097)
[Safety] Orientation target out of bounds, clamped. Original: (181.386,-7.75338,-124.129)
[Safety] Orientation target out of bounds, clamped. Original: (181.507,-8.22529,-124.145)
[Safety] Orientation target out of bounds, clamped. Original: (181.597,-8.62095,-124.157)
[Safety] Orientation target out of bounds, clamped. Original: (181.646,-8.95335,-124.144)
[Safety] Orientation target out of bounds, clamped. Original: (181.67,-9.22849,-124.135)
[Safety] Orientation target out of bounds, clamped. Original: (181.697,-9.44945,-124.159)
[Safety] Orientation target out of bounds, clamped. Original: (181.712,-9.62127,-124.169)
[Safety] Orientation target out of bounds, clamped. Original: (181.764,-9.8126,-124.167)
[Safety] Orientation target out of bounds, clamped. Original: (181.829,-10.0337,-124.137)
[Safety] Orientation target out of bounds, clamped. Original: (181.862,-10.2394,-124.099)
[Safety] Orientation target out of bounds, clamped. Original: (181.902,-10.419,-124.058)
[Safety] Orientation target out of bounds, clamped. Original: (181.968,-10.5867,-124.004)
[Safety] Orientation target out of bounds, clamped. Original: (182.062,-10.7342,-123.941)
[StateMachine] RUNNING → READY
[Relay] Button2 RELEASE — all motion stopped

############################################################
##  ⚠⚠  触觉安全提示已关闭  (Config::FORCE_CONSTRAINT_FORCES_ENABLED = false)
##   虚拟约束力已【全部】停用 —— 现在【没有任何】推力提示:
##     · 靠近安全边界 (SAFE_X/Y/Z)
##     · 靠近圆柱奇异 (半径 < 80mm)
##     · 靠近工作空间边缘 (半径 > 550mm)
##     · 靠近历史报警点 (真报过警的位置)
##   ⇒ 请靠【视觉】与【报警指示灯】判断危险。
##   (机械臂自身的碰撞检测与安全皮肤由机械臂侧做, 不受本开关影响。)
##   本横幅每 60 秒复报一次。
############################################################


############################################################
##  ⚠⚠  触觉安全提示已关闭  (Config::FORCE_CONSTRAINT_FORCES_ENABLED = false)
##   虚拟约束力已【全部】停用 —— 现在【没有任何】推力提示:
##     · 靠近安全边界 (SAFE_X/Y/Z)
##     · 靠近圆柱奇异 (半径 < 80mm)
##     · 靠近工作空间边缘 (半径 > 550mm)
##     · 靠近历史报警点 (真报过警的位置)
##   ⇒ 请靠【视觉】与【报警指示灯】判断危险。
##   (机械臂自身的碰撞检测与安全皮肤由机械臂侧做, 不受本开关影响。)
##   本横幅每 60 秒复报一次。
############################################################


############################################################
##  ⚠⚠  触觉安全提示已关闭  (Config::FORCE_CONSTRAINT_FORCES_ENABLED = false)
##   虚拟约束力已【全部】停用 —— 现在【没有任何】推力提示:
##     · 靠近安全边界 (SAFE_X/Y/Z)
##     · 靠近圆柱奇异 (半径 < 80mm)
##     · 靠近工作空间边缘 (半径 > 550mm)
##     · 靠近历史报警点 (真报过警的位置)
##   ⇒ 请靠【视觉】与【报警指示灯】判断危险。
##   (机械臂自身的碰撞检测与安全皮肤由机械臂侧做, 不受本开关影响。)
##   本横幅每 60 秒复报一次。
############################################################

[Relay] GUI reporting 【连接已断】(send() 失败) —— P| / J| / RP| / C| / FB| 全部发不出去了。
[Relay]   现场表现: MATLAB 的孪生会【停在最后一次收到的位置】; 若从启动起一帧都没收到, 就是它的初值 (关节全 0 = 一个默认姿势)。
[Relay]   本程序会自动按秒重连; 重连上会再报一句。
[Relay] GUI reporting 【已重连】到 127.0.0.1:8888
[StateMachine] READY → RUNNING
[Relay] Button2 PRESS — orient ref=(-56.4975,3.04949,-21.7342) robot ref=(-180,-10.73,-123.94)

############################################################
##  ⚠⚠  触觉安全提示已关闭  (Config::FORCE_CONSTRAINT_FORCES_ENABLED = false)
##   虚拟约束力已【全部】停用 —— 现在【没有任何】推力提示:
##     · 靠近安全边界 (SAFE_X/Y/Z)
##     · 靠近圆柱奇异 (半径 < 80mm)
##     · 靠近工作空间边缘 (半径 > 550mm)
##     · 靠近历史报警点 (真报过警的位置)
##   ⇒ 请靠【视觉】与【报警指示灯】判断危险。
##   (机械臂自身的碰撞检测与安全皮肤由机械臂侧做, 不受本开关影响。)
##   本横幅每 60 秒复报一次。
############################################################

[Haptic] Force applied: (0.0304514, 0, -0.00447926) N  mag=0.0307791  stale=0  button1=0  button2=1
[Relay] Motion sends: 4650 ok, 0 fail  target=(-95.01,-248.6,369.75) orient=(-179.82,-11.9067,-120.415)
[Safety] Orientation target out of bounds, clamped. Original: (-180.087,-10.73,-119.646)
[Safety] Orientation target out of bounds, clamped. Original: (-180.194,-10.3847,-119.718)
[Safety] Orientation target out of bounds, clamped. Original: (-180.31,-10.0804,-119.742)
[Safety] Orientation target out of bounds, clamped. Original: (-180.409,-9.79375,-119.742)
[Safety] Orientation target out of bounds, clamped. Original: (-180.482,-9.51094,-119.718)
[Safety] Orientation target out of bounds, clamped. Original: (-180.55,-9.23102,-119.671)
[Safety] Orientation target out of bounds, clamped. Original: (-180.617,-8.95586,-119.6)
[Safety] Orientation target out of bounds, clamped. Original: (-180.694,-8.69092,-119.55)
[Safety] Orientation target out of bounds, clamped. Original: (-180.779,-8.40771,-119.559)
[Safety] Orientation target out of bounds, clamped. Original: (-180.873,-8.14268,-119.589)
[Safety] Orientation target out of bounds, clamped. Original: (-180.967,-7.909,-119.63)
[Safety] Orientation target out of bounds, clamped. Original: (-181.052,-7.72082,-119.67)
[Safety] Orientation target out of bounds, clamped. Original: (-181.141,-7.55443,-119.707)
[Safety] Orientation target out of bounds, clamped. Original: (-181.23,-7.41601,-119.731)
[Safety] Orientation target out of bounds, clamped. Original: (-181.309,-7.29624,-119.741)
[Safety] Orientation target out of bounds, clamped. Original: (-181.397,-7.22648,-119.706)
[Safety] Orientation target out of bounds, clamped. Original: (-181.475,-7.21553,-119.61)
[Safety] Orientation target out of bounds, clamped. Original: (-181.548,-7.28025,-119.444)
[Safety] Orientation target out of bounds, clamped. Original: (-181.583,-7.47492,-119.193)
[Safety] Orientation target out of bounds, clamped. Original: (-181.573,-7.74999,-118.882)
[Safety] Orientation target out of bounds, clamped. Original: (-181.529,-8.10542,-118.535)
[Safety] Orientation target out of bounds, clamped. Original: (-181.489,-8.49053,-118.215)
[Safety] Orientation target out of bounds, clamped. Original: (-181.479,-8.93718,-117.884)
[Safety] Orientation target out of bounds, clamped. Original: (-181.495,-9.48978,-117.523)
[Safety] Orientation target out of bounds, clamped. Original: (-181.535,-10.1386,-117.103)
[Safety] Orientation target out of bounds, clamped. Original: (-181.604,-10.85,-116.639)
[Safety] Orientation target out of bounds, clamped. Original: (-181.713,-11.5398,-116.184)
[Safety] Orientation target out of bounds, clamped. Original: (-181.85,-12.1825,-115.763)
[Haptic] Force applied: (-0.00609149, -0, 0.156883) N  mag=0.157001  stale=0  button1=0  button2=1
[Safety] Orientation target out of bounds, clamped. Original: (-182.001,-12.801,-115.315)
[Safety] Orientation target out of bounds, clamped. Original: (-182.142,-13.3861,-114.852)
[Safety] Orientation target out of bounds, clamped. Original: (-182.282,-13.9015,-114.405)
[Safety] Orientation target out of bounds, clamped. Original: (-182.425,-14.3375,-113.987)
[Safety] Orientation target out of bounds, clamped. Original: (-182.552,-14.6977,-113.585)
[Safety] Orientation target out of bounds, clamped. Original: (-182.675,-14.9807,-113.181)
[Safety] Orientation target out of bounds, clamped. Original: (-182.775,-15.1871,-112.752)
[Safety] Orientation target out of bounds, clamped. Original: (-182.837,-15.323,-112.316)
[Safety] Orientation target out of bounds, clamped. Original: (-182.859,-15.4127,-111.879)
[Safety] Orientation target out of bounds, clamped. Original: (-182.86,-15.4626,-111.451)
[Safety] Orientation target out of bounds, clamped. Original: (-182.847,-15.4752,-111.02)
[Safety] Orientation target out of bounds, clamped. Original: (-182.84,-15.4681,-110.613)
[Safety] Orientation target out of bounds, clamped. Original: (-182.843,-15.4403,-110.211)
[Relay] Motion sends: 4700 ok, 0 fail  target=(-95.01,-248.6,369.75) orient=(-180,-15.4403,-110.211)
[Safety] Orientation target out of bounds, clamped. Original: (-182.834,-15.4003,-109.841)
[Safety] Orientation target out of bounds, clamped. Original: (-182.8,-15.3545,-109.514)
[Safety] Orientation target out of bounds, clamped. Original: (-182.751,-15.2974,-109.211)
[Safety] Orientation target out of bounds, clamped. Original: (-182.709,-15.2341,-108.916)
[Safety] Orientation target out of bounds, clamped. Original: (-182.684,-15.1385,-108.674)
[Safety] Orientation target out of bounds, clamped. Original: (-182.696,-14.9919,-108.486)
[Safety] Orientation target out of bounds, clamped. Original: (-182.702,-14.839,-108.324)
[Safety] Orientation target out of bounds, clamped. Original: (-182.701,-14.6955,-108.176)
[Safety] Orientation target out of bounds, clamped. Original: (-182.706,-14.5827,-108.039)
[Safety] Orientation target out of bounds, clamped. Original: (-182.751,-14.4954,-107.918)
[Safety] Orientation target out of bounds, clamped. Original: (-182.814,-14.4117,-107.786)
[Safety] Orientation target out of bounds, clamped. Original: (-182.906,-14.3131,-107.662)
[Safety] Orientation target out of bounds, clamped. Original: (-183,-14.2086,-107.524)
[Safety] Orientation target out of bounds, clamped. Original: (-183,-14.0997,-107.385)
[Safety] Orientation target out of bounds, clamped. Original: (-183,-13.9939,-107.243)
[Safety] Orientation target out of bounds, clamped. Original: (-183,-13.8971,-107.102)
[StateMachine] RUNNING → READY
[Relay] Button2 RELEASE — all motion stopped
[StateMachine] READY → RUNNING
[Relay] Button2 PRESS — orient ref=(-61.6213,22.3776,-21.1269) robot ref=(180,-13.9,-107.1)
[Safety] Orientation target out of bounds, clamped. Original: (180.07,-14.2151,-107.359)
[Safety] Orientation target out of bounds, clamped. Original: (180.13,-14.2137,-107.403)
[Safety] Orientation target out of bounds, clamped. Original: (180.18,-14.2124,-107.44)
[Safety] Orientation target out of bounds, clamped. Original: (180.217,-14.2188,-107.483)
[Safety] Orientation target out of bounds, clamped. Original: (180.239,-14.2282,-107.521)
[Safety] Orientation target out of bounds, clamped. Original: (180.263,-14.2403,-107.568)
[Safety] Orientation target out of bounds, clamped. Original: (180.283,-14.2506,-107.608)
[Safety] Orientation target out of bounds, clamped. Original: (180.305,-14.2629,-107.651)
[StateMachine] RUNNING → READY
[Relay] Button2 RELEASE — all motion stopped
[StateMachine] READY → RUNNING
[Relay] Button PRESS  — target start=(-90.01,-248.6,369.75)
[Relay] Hold button + move Touch (incremental mode)
[Relay] Motion sends: 4750 ok, 0 fail  target=(-118.815,-268.371,381.307) orient=(-180,-14.26,-107.65)
[StateMachine] RUNNING → READY
[Relay] Button RELEASE — motion stopped
[StateMachine] READY → RUNNING
[Relay] Button PRESS  — target start=(-145.72,-298.28,364.57)
[Relay] Hold button + move Touch (incremental mode)
[Haptic] Force applied: (-0.0520162, 0, -0.00466045) N  mag=0.0522245  stale=0  button1=1  button2=0
[StateMachine] RUNNING → READY
[Relay] Button RELEASE — motion stopped
[StateMachine] READY → RUNNING
[Relay] Button2 PRESS — orient ref=(-67.6984,18.6313,-29.9332) robot ref=(180,-14.26,-107.61)
[Haptic] Force applied: (0.00662479, 0, -0.439588) N  mag=0.439638  stale=0  button1=0  button2=1
[Relay] Motion sends: 4800 ok, 0 fail  target=(-146.52,-285.76,374.43) orient=(178.623,-9.74143,-109.918)
[Haptic] Force applied: (0.0700571, 0, -0.205221) N  mag=0.216849  stale=0  button1=0  button2=1
[Relay] Motion sends: 4850 ok, 0 fail  target=(-146.52,-285.76,374.43) orient=(167.652,-1.01962,-115.527)
[Haptic] Force applied: (0.116052, 0, 0.0269037) N  mag=0.11913  stale=0  button1=0  button2=1
[Relay] Motion sends: 4900 ok, 0 fail  target=(-146.52,-285.76,374.43) orient=(166.52,4.43554,-117.861)
[Haptic] Force applied: (0.449454, -0, 0.00142592) N  mag=0.449456  stale=0  button1=0  button2=1
[Relay] Motion sends: 4950 ok, 0 fail  target=(-146.52,-285.76,374.43) orient=(164.137,12.9213,-125.543)
[Haptic] Force applied: (0.0281672, -0, -0.00562344) N  mag=0.0287231  stale=0  button1=0  button2=1
[Relay] Motion sends: 5000 ok, 0 fail  target=(-146.52,-285.76,374.43) orient=(174.689,-11.4114,-110.151)
[Safety] Orientation target out of bounds, clamped. Original: (180.076,-24.9408,-101.519)
[Safety] Orientation target out of bounds, clamped. Original: (180.147,-25.3142,-101.324)
[Safety] Orientation target out of bounds, clamped. Original: (180.221,-25.6607,-101.172)
[Safety] Orientation target out of bounds, clamped. Original: (180.299,-26.0001,-101.027)
[Safety] Orientation target out of bounds, clamped. Original: (180.401,-26.351,-100.855)
[Safety] Orientation target out of bounds, clamped. Original: (180.519,-26.7077,-100.633)
[Safety] Orientation target out of bounds, clamped. Original: (180.64,-27.0464,-100.406)
[Safety] Orientation target out of bounds, clamped. Original: (180.753,-27.3479,-100.215)
[StateMachine] RUNNING → READY
[Relay] Button2 RELEASE — all motion stopped
[StateMachine] READY → RUNNING
[Relay] Button2 PRESS — orient ref=(-72.2371,24.4035,-22.7882) robot ref=(180,-27.35,-100.22)
[Safety] Orientation target out of bounds, clamped. Original: (180.13,-26.932,-101.402)
[Safety] Orientation target out of bounds, clamped. Original: (180.444,-27.0322,-101.568)
[Safety] Orientation target out of bounds, clamped. Original: (180.771,-27.1289,-101.754)
[Safety] Orientation target out of bounds, clamped. Original: (181.07,-27.2219,-101.926)
[Safety] Orientation target out of bounds, clamped. Original: (181.347,-27.35,-102.094)
[Safety] Orientation target out of bounds, clamped. Original: (181.613,-27.4605,-102.229)
[Safety] Orientation target out of bounds, clamped. Original: (181.908,-27.6102,-102.344)
[Safety] Orientation target out of bounds, clamped. Original: (182.236,-27.7934,-102.45)
[Safety] Orientation target out of bounds, clamped. Original: (182.617,-28.0567,-102.487)
[Safety] Orientation target out of bounds, clamped. Original: (183,-28.391,-102.454)
[Safety] Orientation target out of bounds, clamped. Original: (183,-28.7535,-102.361)
[Safety] Orientation target out of bounds, clamped. Original: (183,-29.1125,-102.277)
[Safety] Orientation target out of bounds, clamped. Original: (183,-29.4599,-102.198)
[Safety] Orientation target out of bounds, clamped. Original: (183,-29.7827,-102.133)
[Haptic] Force applied: (-0.04193, 0, -0.00372473) N  mag=0.0420951  stale=0  button1=0  button2=1
[Safety] Orientation target out of bounds, clamped. Original: (183,-30.0946,-102.079)
[Safety] Orientation target out of bounds, clamped. Original: (183,-30.3883,-102.036)
[Safety] Orientation target out of bounds, clamped. Original: (183,-30.6547,-102.004)
[Safety] Orientation target out of bounds, clamped. Original: (183,-30.8981,-101.98)
[Safety] Orientation target out of bounds, clamped. Original: (183,-31.1207,-101.952)
[Relay] Motion sends: 5050 ok, 0 fail  target=(-141.52,-285.76,374.43) orient=(180,-31.1207,-101.952)
[Safety] Orientation target out of bounds, clamped. Original: (183,-31.3372,-101.915)
[Safety] Orientation target out of bounds, clamped. Original: (183,-31.5547,-101.885)
[Safety] Orientation target out of bounds, clamped. Original: (183,-31.7629,-101.848)
[Safety] Orientation target out of bounds, clamped. Original: (183,-31.9647,-101.825)
[Safety] Orientation target out of bounds, clamped. Original: (183,-32.1567,-101.807)
[Safety] Orientation target out of bounds, clamped. Original: (183,-32.3339,-101.795)
[Safety] Orientation target out of bounds, clamped. Original: (183,-32.5013,-101.781)
[Safety] Orientation target out of bounds, clamped. Original: (183,-32.6563,-101.76)
[Safety] Orientation target out of bounds, clamped. Original: (183,-32.8024,-101.749)
[Safety] Orientation target out of bounds, clamped. Original: (183,-32.9432,-101.734)
[Safety] Orientation target out of bounds, clamped. Original: (183,-33.1398,-101.638)
[Safety] Orientation target out of bounds, clamped. Original: (183,-33.419,-101.457)
[Safety] Orientation target out of bounds, clamped. Original: (183,-33.7075,-101.253)
[Safety] Orientation target out of bounds, clamped. Original: (183,-33.9788,-101.071)
[Safety] Orientation target out of bounds, clamped. Original: (183,-34.2289,-100.907)
[Safety] Orientation target out of bounds, clamped. Original: (183,-34.4513,-100.772)
[Safety] Orientation target out of bounds, clamped. Original: (183,-34.6495,-100.641)
[Safety] Orientation target out of bounds, clamped. Original: (183,-34.819,-100.549)
[Safety] Orientation target out of bounds, clamped. Original: (183,-34.9673,-100.468)
[Safety] Orientation target out of bounds, clamped. Original: (183,-35.108,-100.385)
[Safety] Orientation target out of bounds, clamped. Original: (183,-35.22,-100.325)
[Safety] Orientation target out of bounds, clamped. Original: (183,-35.316,-100.273)
[StateMachine] RUNNING → READY
[Relay] Button2 RELEASE — all motion stopped
[StateMachine] READY → RUNNING
[Relay] Button PRESS  — target start=(-141.52,-285.76,374.43)
[Relay] Hold button + move Touch (incremental mode)
[StateMachine] RUNNING → READY
[Relay] Button RELEASE — motion stopped
[BIAS] 至少需要 3 个姿态才能判断, 当前 0

[BIAS] Mode ON — 笔尖悬空, 只改姿态(位置尽量不变), 每到一个姿态按 SPACE (采样 1s)
       'd' 拖拽模式开关 (摆姿态用; 摆好一定要关掉再采样) / 'm' 退出并输出报告
       's' 用这批数据【求解原始通道】, 只打印、不改动任何东西 (不写补偿 / 不写 json / 不下发机械臂)
       'p' 【唯一】会把负载参数发给机械臂的键 —— 它只摆出安全规程与 这一次要发的命令,【要再按 'y' 才真正发出】; 按任何其他键取消。
       ★ 重复对 (模型形式检验的尺子): 摆姿态 → SPACE 采样;
         ★ 保持不动 → 按 'r' → 再按 SPACE 采一次（同一姿态）。
         两次采样之间机械臂【不许移动】—— 'r' 配的是【上一次采样】, 一移动, 这一对量到的就是两个姿态之间的重力差, 不是复现性。
         ★ 每一对都要【换一个姿态】: 挑 5 个以上姿态, 每个姿态采两次配成 一对; 不要在同一个姿态上连着配对 —— 那样相邻两对共用一次采样, 尺子的真实自由度只有约 2R/3, 而这里按对数 R 报。
         ★ 为什么是 5 而不是 2~3: 力矩分支的冤枉率在 R=3 时实测 7~23%, 到 R=5 才降到 1% 量级 (力通道在 R=3 就已经是 0.05%, 两条门差得远)。
         每一对再按 'r' 是【追加】一对 (尺子的自由度跟着涨): 模型正确时的假拒率 (α=0.9999) —— 力通道: R=1 约 2.1%、R=2 0.27%、R=3 0.05%;  力矩分支: R=3 约 7~23%、R=5 约 1~5% (随采集而变, 且是下界)。
         同一姿态的两次采样之差是【姿态间复现性】: 模型形式检验 (残差是否超出这台设备复现一个姿态的能力) 就拿它当尺子。
         每采完一对, 结算行会打出这一对的【尺子读数 σ_rep】: 它该与 's' 屏幕上的 rmsF 同量级 —— 明显偏大才是中间机械臂动过。
         一对都没有的话, 模型形式无从判定, 求解会拒绝给参数 (不是少一个可有可无的步骤)。
[BIAS] 至少需要 3 个姿态才能判断, 当前 0

[BIAS] Mode ON — 笔尖悬空, 只改姿态(位置尽量不变), 每到一个姿态按 SPACE (采样 1s)
       'd' 拖拽模式开关 (摆姿态用; 摆好一定要关掉再采样) / 'm' 退出并输出报告
       's' 用这批数据【求解原始通道】, 只打印、不改动任何东西 (不写补偿 / 不写 json / 不下发机械臂)
       'p' 【唯一】会把负载参数发给机械臂的键 —— 它只摆出安全规程与 这一次要发的命令,【要再按 'y' 才真正发出】; 按任何其他键取消。
       ★ 重复对 (模型形式检验的尺子): 摆姿态 → SPACE 采样;
         ★ 保持不动 → 按 'r' → 再按 SPACE 采一次（同一姿态）。
         两次采样之间机械臂【不许移动】—— 'r' 配的是【上一次采样】, 一移动, 这一对量到的就是两个姿态之间的重力差, 不是复现性。
         ★ 每一对都要【换一个姿态】: 挑 5 个以上姿态, 每个姿态采两次配成 一对; 不要在同一个姿态上连着配对 —— 那样相邻两对共用一次采样, 尺子的真实自由度只有约 2R/3, 而这里按对数 R 报。
         ★ 为什么是 5 而不是 2~3: 力矩分支的冤枉率在 R=3 时实测 7~23%, 到 R=5 才降到 1% 量级 (力通道在 R=3 就已经是 0.05%, 两条门差得远)。
         每一对再按 'r' 是【追加】一对 (尺子的自由度跟着涨): 模型正确时的假拒率 (α=0.9999) —— 力通道: R=1 约 2.1%、R=2 0.27%、R=3 0.05%;  力矩分支: R=3 约 7~23%、R=5 约 1~5% (随采集而变, 且是下界)。
         同一姿态的两次采样之差是【姿态间复现性】: 模型形式检验 (残差是否超出这台设备复现一个姿态的能力) 就拿它当尺子。
         每采完一对, 结算行会打出这一对的【尺子读数 σ_rep】: 它该与 's' 屏幕上的 rmsF 同量级 —— 明显偏大才是中间机械臂动过。
         一对都没有的话, 模型形式无从判定, 求解会拒绝给参数 (不是少一个可有可无的步骤)。

############################################################
##  ⚠⚠  触觉安全提示已关闭  (Config::FORCE_CONSTRAINT_FORCES_ENABLED = false)
##   虚拟约束力已【全部】停用 —— 现在【没有任何】推力提示:
##     · 靠近安全边界 (SAFE_X/Y/Z)
##     · 靠近圆柱奇异 (半径 < 80mm)
##     · 靠近工作空间边缘 (半径 > 550mm)
##     · 靠近历史报警点 (真报过警的位置)
##   ⇒ 请靠【视觉】与【报警指示灯】判断危险。
##   (机械臂自身的碰撞检测与安全皮肤由机械臂侧做, 不受本开关影响。)
##   本横幅每 60 秒复报一次。
############################################################


############################################################
##  ⚠⚠  触觉安全提示已关闭  (Config::FORCE_CONSTRAINT_FORCES_ENABLED = false)
##   虚拟约束力已【全部】停用 —— 现在【没有任何】推力提示:
##     · 靠近安全边界 (SAFE_X/Y/Z)
##     · 靠近圆柱奇异 (半径 < 80mm)
##     · 靠近工作空间边缘 (半径 > 550mm)
##     · 靠近历史报警点 (真报过警的位置)
##   ⇒ 请靠【视觉】与【报警指示灯】判断危险。
##   (机械臂自身的碰撞检测与安全皮肤由机械臂侧做, 不受本开关影响。)
##   本横幅每 60 秒复报一次。
############################################################

[StateMachine] READY → RUNNING
[Relay] Button PRESS  — target start=(-141.27,-285.78,374.51)
[Relay] Hold button + move Touch (incremental mode)
[StateMachine] RUNNING → READY
[Relay] Button RELEASE — motion stopped
[StateMachine] READY → RUNNING
[Relay] Button2 PRESS — orient ref=(-69.0764,27.1142,-33.1399) robot ref=(-180,-35.32,-100.27)
[Relay] Motion sends: 5100 ok, 0 fail  target=(-199.49,-294.88,390.46) orient=(-179.901,-34.9681,-101.521)
[Haptic] Force applied: (-0.238848, 0, 0.000119559) N  mag=0.238848  stale=0  button1=0  button2=1
[Relay] Motion sends: 5150 ok, 0 fail  target=(-199.49,-294.88,390.46) orient=(-175.715,-47.4624,-94.1043)
[Haptic] Force applied: (-0.00287134, 0, -0.453657) N  mag=0.453666  stale=0  button1=0  button2=1
[Safety] Orientation target out of bounds, clamped. Original: (-180.216,-43.2242,-96.9319)
[Safety] Orientation target out of bounds, clamped. Original: (-180.768,-42.2939,-97.4498)
[Safety] Orientation target out of bounds, clamped. Original: (-181.196,-41.3945,-97.9207)
[Safety] Orientation target out of bounds, clamped. Original: (-181.572,-40.5169,-98.3684)
[Safety] Orientation target out of bounds, clamped. Original: (-181.976,-39.587,-98.8851)
[Safety] Orientation target out of bounds, clamped. Original: (-182.392,-38.6435,-99.427)
[Safety] Orientation target out of bounds, clamped. Original: (-182.774,-37.7802,-99.9524)
[Safety] Orientation target out of bounds, clamped. Original: (-183,-37.0188,-100.42)
[Safety] Orientation target out of bounds, clamped. Original: (-183,-36.3619,-100.792)
[Safety] Orientation target out of bounds, clamped. Original: (-183,-35.7695,-101.096)
[Safety] Orientation target out of bounds, clamped. Original: (-183,-35.2606,-101.345)
[Safety] Orientation target out of bounds, clamped. Original: (-183,-34.8483,-101.52)
[Safety] Orientation target out of bounds, clamped. Original: (-183,-34.4642,-101.727)
[Safety] Orientation target out of bounds, clamped. Original: (-183,-34.0434,-102.01)
[Safety] Orientation target out of bounds, clamped. Original: (-183,-33.5657,-102.353)
[Safety] Orientation target out of bounds, clamped. Original: (-183,-33.0682,-102.677)
[Safety] Orientation target out of bounds, clamped. Original: (-183,-32.6053,-102.968)
[Safety] Orientation target out of bounds, clamped. Original: (-183,-32.1953,-103.205)
[Safety] Orientation target out of bounds, clamped. Original: (-183,-31.8467,-103.405)
[Safety] Orientation target out of bounds, clamped. Original: (-183,-31.5337,-103.557)
[Safety] Orientation target out of bounds, clamped. Original: (-183,-31.2449,-103.697)
[Safety] Orientation target out of bounds, clamped. Original: (-183,-30.9679,-103.848)
[Safety] Orientation target out of bounds, clamped. Original: (-183,-30.667,-104.006)
[Safety] Orientation target out of bounds, clamped. Original: (-183,-30.3423,-104.142)
[Safety] Orientation target out of bounds, clamped. Original: (-183,-30.0426,-104.154)
[Safety] Orientation target out of bounds, clamped. Original: (-183,-29.7239,-104.067)
[Safety] Orientation target out of bounds, clamped. Original: (-183,-29.3143,-103.88)
[Safety] Orientation target out of bounds, clamped. Original: (-183,-28.7403,-103.749)
[Safety] Orientation target out of bounds, clamped. Original: (-183,-27.9574,-103.807)
[Safety] Orientation target out of bounds, clamped. Original: (-183,-26.9506,-104.119)
[Safety] Orientation target out of bounds, clamped. Original: (-183,-25.8005,-104.543)
[Safety] Orientation target out of bounds, clamped. Original: (-183,-24.5945,-105.007)
[Safety] Orientation target out of bounds, clamped. Original: (-183,-23.4385,-105.477)
[Safety] Orientation target out of bounds, clamped. Original: (-183,-22.2994,-105.968)
[Safety] Orientation target out of bounds, clamped. Original: (-183,-21.2656,-106.431)
[Safety] Orientation target out of bounds, clamped. Original: (-183,-20.3757,-106.836)
[Safety] Orientation target out of bounds, clamped. Original: (-183,-19.6708,-107.15)
[Safety] Orientation target out of bounds, clamped. Original: (-183,-19.175,-107.359)
[Safety] Orientation target out of bounds, clamped. Original: (-183,-18.808,-107.581)
[Relay] Motion sends: 5200 ok, 0 fail  target=(-199.49,-294.88,390.46) orient=(-180,-18.808,-107.581)
[Haptic] Force applied: (0.0510849, 0, -0.0415164) N  mag=0.0658276  stale=0  button1=0  button2=1
[Safety] Orientation target out of bounds, clamped. Original: (-183,-18.4771,-107.844)
[Safety] Orientation target out of bounds, clamped. Original: (-183,-18.2216,-108.086)
[Safety] Orientation target out of bounds, clamped. Original: (-183,-18.0207,-108.317)
[Safety] Orientation target out of bounds, clamped. Original: (-183,-17.8502,-108.515)
[Safety] Orientation target out of bounds, clamped. Original: (-183,-17.6912,-108.694)
[Safety] Orientation target out of bounds, clamped. Original: (-183,-17.5922,-108.837)
[Safety] Orientation target out of bounds, clamped. Original: (-183,-17.6302,-108.97)
[Safety] Orientation target out of bounds, clamped. Original: (-183,-17.8292,-109.094)
[Safety] Orientation target out of bounds, clamped. Original: (-183,-18.1832,-109.202)
[Safety] Orientation target out of bounds, clamped. Original: (-183,-18.7296,-109.285)
[Safety] Orientation target out of bounds, clamped. Original: (-183,-19.6199,-109.247)
[Safety] Orientation target out of bounds, clamped. Original: (-183,-20.8305,-109.056)
[Safety] Orientation target out of bounds, clamped. Original: (-183,-22.2618,-108.713)
[Safety] Orientation target out of bounds, clamped. Original: (-183,-23.8232,-108.285)
[Safety] Orientation target out of bounds, clamped. Original: (-183,-25.5061,-107.799)
[Safety] Orientation target out of bounds, clamped. Original: (-183,-27.2768,-107.283)
[Safety] Orientation target out of bounds, clamped. Original: (-183,-29.0889,-106.686)
[Safety] Orientation target out of bounds, clamped. Original: (-183,-30.8478,-106.116)
[Safety] Orientation target out of bounds, clamped. Original: (-183,-32.5153,-105.551)
[Safety] Orientation target out of bounds, clamped. Original: (-183,-34.027,-105.027)
[Safety] Orientation target out of bounds, clamped. Original: (-183,-35.392,-104.584)
[Safety] Orientation target out of bounds, clamped. Original: (-183,-36.6399,-104.246)
[Safety] Orientation target out of bounds, clamped. Original: (-183,-37.7489,-104.028)
[Safety] Orientation target out of bounds, clamped. Original: (-183,-38.7277,-104.019)
[Safety] Orientation target out of bounds, clamped. Original: (-183,-39.632,-104.113)
[Safety] Orientation target out of bounds, clamped. Original: (-183,-40.4446,-104.273)
[Safety] Orientation target out of bounds, clamped. Original: (-183,-41.2099,-104.414)
[Safety] Orientation target out of bounds, clamped. Original: (-183,-41.8821,-104.591)
[Safety] Orientation target out of bounds, clamped. Original: (-183,-42.4821,-104.805)
[Safety] Orientation target out of bounds, clamped. Original: (-183,-43.0312,-105.026)
[Safety] Orientation target out of bounds, clamped. Original: (-183,-43.5379,-105.191)
[Safety] Orientation target out of bounds, clamped. Original: (-183,-44.0313,-105.311)
[Safety] Orientation target out of bounds, clamped. Original: (-183,-44.5051,-105.36)
[Safety] Orientation target out of bounds, clamped. Original: (-183,-44.9459,-105.359)
[StateMachine] RUNNING → READY
[Relay] Button2 RELEASE — all motion stopped
[StateMachine] READY → RUNNING
[Relay] Button2 PRESS — orient ref=(-68.5379,22.975,-16.937) robot ref=(-180,-44.95,-105.36)
[Haptic] Force applied: (0.0971364, 0, -0.21214) N  mag=0.233321  stale=0  button1=0  button2=1
[Relay] Motion sends: 5250 ok, 0 fail  target=(-194.49,-294.88,390.46) orient=(-170.777,-59.0989,-97.1485)
[Haptic] Force applied: (-0.012736, 0, -0.0494035) N  mag=0.0510188  stale=0  button1=0  button2=1
[StateMachine] RUNNING → READY
[Relay] Button2 RELEASE — all motion stopped
[StateMachine] READY → RUNNING
[Relay] Button2 PRESS — orient ref=(-59.5967,41.1138,11.8615) robot ref=(-167.19,-61.28,-96.52)
[Relay] Motion sends: 5300 ok, 0 fail  target=(-189.49,-294.88,390.46) orient=(-166.575,-64.7526,-96.194)
[Haptic] Force applied: (-0.0540093, 0, 0.000989874) N  mag=0.0540183  stale=0  button1=0  button2=1
[Haptic] Force applied: (0.0153504, 0, -0.0919744) N  mag=0.0932466  stale=0  button1=0  button2=1
[Relay] Motion sends: 5350 ok, 0 fail  target=(-189.49,-294.88,390.46) orient=(-148.666,-74.3483,-91.3815)
[StateMachine] RUNNING → READY
[Relay] Button2 RELEASE — all motion stopped

############################################################
##  ⚠⚠  触觉安全提示已关闭  (Config::FORCE_CONSTRAINT_FORCES_ENABLED = false)
##   虚拟约束力已【全部】停用 —— 现在【没有任何】推力提示:
##     · 靠近安全边界 (SAFE_X/Y/Z)
##     · 靠近圆柱奇异 (半径 < 80mm)
##     · 靠近工作空间边缘 (半径 > 550mm)
##     · 靠近历史报警点 (真报过警的位置)
##   ⇒ 请靠【视觉】与【报警指示灯】判断危险。
##   (机械臂自身的碰撞检测与安全皮肤由机械臂侧做, 不受本开关影响。)
##   本横幅每 60 秒复报一次。
############################################################


############################################################
##  ⚠⚠  触觉安全提示已关闭  (Config::FORCE_CONSTRAINT_FORCES_ENABLED = false)
##   虚拟约束力已【全部】停用 —— 现在【没有任何】推力提示:
##     · 靠近安全边界 (SAFE_X/Y/Z)
##     · 靠近圆柱奇异 (半径 < 80mm)
##     · 靠近工作空间边缘 (半径 > 550mm)
##     · 靠近历史报警点 (真报过警的位置)
##   ⇒ 请靠【视觉】与【报警指示灯】判断危险。
##   (机械臂自身的碰撞检测与安全皮肤由机械臂侧做, 不受本开关影响。)
##   本横幅每 60 秒复报一次。
############################################################

[StateMachine] READY → RUNNING
[Relay] Button2 PRESS — orient ref=(-34.4913,14.2736,-11.432) robot ref=(-147.82,-65.82,-97.02)
[Relay] Motion sends: 5400 ok, 0 fail  target=(-184.49,-294.88,390.46) orient=(-147.929,-65.422,-97.382)
[Haptic] Force applied: (-0.0286057, 0, -0.119366) N  mag=0.122746  stale=0  button1=0  button2=1
[Relay] Motion sends: 5450 ok, 0 fail  target=(-184.49,-294.88,390.46) orient=(-150.927,-63.0305,-99.5769)
[Haptic] Force applied: (-0.0113386, 0, -0.123538) N  mag=0.124057  stale=0  button1=0  button2=1
[Relay] Motion sends: 5500 ok, 0 fail  target=(-184.49,-294.88,390.46) orient=(-152.297,-61.7771,-99.3328)
[Haptic] Force applied: (0.023389, 0, -0.00213905) N  mag=0.0234866  stale=0  button1=0  button2=1
[Haptic] Force applied: (-0.131092, 0, -0.00496856) N  mag=0.131186  stale=0  button1=0  button2=1
[Relay] Motion sends: 5550 ok, 0 fail  target=(-184.49,-294.88,390.46) orient=(-149.934,-60.8571,-104.318)
[Haptic] Force applied: (-0.104951, 0, -0.0138725) N  mag=0.105864  stale=0  button1=0  button2=1
[Relay] Motion sends: 5600 ok, 0 fail  target=(-184.49,-294.88,390.46) orient=(-152.312,-59.703,-105.356)
[Haptic] Force applied: (-0.017529, 0, -0.164095) N  mag=0.165028  stale=0  button1=0  button2=1
[Relay] Motion sends: 5650 ok, 0 fail  target=(-184.49,-294.88,390.46) orient=(-151.557,-60.0238,-102.369)
[Haptic] Force applied: (-0.0922096, 0, -0.0543639) N  mag=0.107042  stale=0  button1=0  button2=1
[Relay] Motion sends: 5700 ok, 0 fail  target=(-184.49,-294.88,390.46) orient=(-147.62,-60.5119,-102.74)
[Relay] Motion sends: 5750 ok, 0 fail  target=(-184.49,-294.88,390.46) orient=(-146.592,-65.2427,-98.8489)
[Haptic] Force applied: (-1.32092e-06, 0, -0.200476) N  mag=0.200476  stale=0  button1=0  button2=1

############################################################
##  ⚠⚠  触觉安全提示已关闭  (Config::FORCE_CONSTRAINT_FORCES_ENABLED = false)
##   虚拟约束力已【全部】停用 —— 现在【没有任何】推力提示:
##     · 靠近安全边界 (SAFE_X/Y/Z)
##     · 靠近圆柱奇异 (半径 < 80mm)
##     · 靠近工作空间边缘 (半径 > 550mm)
##     · 靠近历史报警点 (真报过警的位置)
##   ⇒ 请靠【视觉】与【报警指示灯】判断危险。
##   (机械臂自身的碰撞检测与安全皮肤由机械臂侧做, 不受本开关影响。)
##   本横幅每 60 秒复报一次。
############################################################

[Relay] Motion sends: 5800 ok, 0 fail  target=(-184.49,-294.88,390.46) orient=(-169.926,-61.7627,-105.089)
[Haptic] Force applied: (-0.0960185, 0, -0.0145379) N  mag=0.0971129  stale=0  button1=0  button2=1
[Haptic] Force applied: (-0.0810768, 0, -0.000190801) N  mag=0.0810771  stale=0  button1=0  button2=1
[Relay] Motion sends: 5850 ok, 0 fail  target=(-184.49,-294.88,390.46) orient=(-165.776,-61.0664,-105.457)
[Haptic] Force applied: (0.000210307, 0, -0.0583444) N  mag=0.0583448  stale=0  button1=0  button2=1
[Relay] Motion sends: 5900 ok, 0 fail  target=(-184.49,-294.88,390.46) orient=(-145.246,-63.547,-99.5953)
[Haptic] Force applied: (-0.00128575, 0, -0.315051) N  mag=0.315054  stale=0  button1=0  button2=1
[Relay] Motion sends: 5950 ok, 0 fail  target=(-184.49,-294.88,390.46) orient=(-155.887,-68.0845,-97.7247)
[Haptic] Force applied: (0.000210944, 0, -0.0502663) N  mag=0.0502667  stale=0  button1=0  button2=1
[Relay] Motion sends: 6000 ok, 0 fail  target=(-184.49,-294.88,390.46) orient=(-173.291,-69.1167,-99.485)
[Haptic] Force applied: (-1.04839e-05, 0, -0.118005) N  mag=0.118005  stale=0  button1=0  button2=1
[Relay] Motion sends: 6050 ok, 0 fail  target=(-184.49,-294.88,390.46) orient=(-178.374,-56.1772,-96.4778)
[Haptic] Force applied: (0.0154289, 0, -0.00612765) N  mag=0.0166012  stale=0  button1=0  button2=1
[Safety] Orientation target out of bounds, clamped. Original: (-180.182,-48.2311,-96.8971)
[Safety] Orientation target out of bounds, clamped. Original: (-180.393,-47.5877,-97.02)
[Safety] Orientation target out of bounds, clamped. Original: (-180.592,-46.9749,-97.02)
[Safety] Orientation target out of bounds, clamped. Original: (-180.791,-46.4039,-97.0862)
[Safety] Orientation target out of bounds, clamped. Original: (-180.974,-45.8657,-97.107)
[Safety] Orientation target out of bounds, clamped. Original: (-181.151,-45.3461,-97.1496)
[Safety] Orientation target out of bounds, clamped. Original: (-181.315,-44.8306,-97.211)
[Safety] Orientation target out of bounds, clamped. Original: (-181.469,-44.327,-97.2666)
[Safety] Orientation target out of bounds, clamped. Original: (-181.63,-43.8196,-97.3075)
[Safety] Orientation target out of bounds, clamped. Original: (-181.797,-43.3121,-97.3446)
[Safety] Orientation target out of bounds, clamped. Original: (-181.976,-42.7991,-97.3891)
[Safety] Orientation target out of bounds, clamped. Original: (-182.162,-42.31,-97.4213)
[Safety] Orientation target out of bounds, clamped. Original: (-182.351,-41.8196,-97.4689)
[Safety] Orientation target out of bounds, clamped. Original: (-182.595,-41.2649,-97.5556)
[Safety] Orientation target out of bounds, clamped. Original: (-182.864,-40.6659,-97.6376)
[Safety] Orientation target out of bounds, clamped. Original: (-183,-40.0221,-97.7256)
[Safety] Orientation target out of bounds, clamped. Original: (-183,-39.3514,-97.8122)
[Safety] Orientation target out of bounds, clamped. Original: (-183,-38.7248,-97.9202)
[Safety] Orientation target out of bounds, clamped. Original: (-183,-38.1304,-98.0112)
[Safety] Orientation target out of bounds, clamped. Original: (-183,-37.6115,-98.1004)
[Safety] Orientation target out of bounds, clamped. Original: (-183,-37.1449,-98.1826)
[Safety] Orientation target out of bounds, clamped. Original: (-183,-36.5982,-98.3401)
[Safety] Orientation target out of bounds, clamped. Original: (-183,-35.9278,-98.5046)
[Safety] Orientation target out of bounds, clamped. Original: (-183,-35.2583,-98.6867)
[Safety] Orientation target out of bounds, clamped. Original: (-183,-34.5642,-98.8763)
[Safety] Orientation target out of bounds, clamped. Original: (-183,-33.8933,-99.0417)
[Safety] Orientation target out of bounds, clamped. Original: (-183,-33.3245,-99.2222)
[Safety] Orientation target out of bounds, clamped. Original: (-183,-32.887,-99.4165)
[Safety] Orientation target out of bounds, clamped. Original: (-183,-32.5467,-99.6185)
[Safety] Orientation target out of bounds, clamped. Original: (-183,-32.2819,-99.8086)
[Safety] Orientation target out of bounds, clamped. Original: (-183,-32.0648,-99.9926)
[Safety] Orientation target out of bounds, clamped. Original: (-183,-31.7886,-100.086)
[Safety] Orientation target out of bounds, clamped. Original: (-183,-31.4433,-100.117)
[Safety] Orientation target out of bounds, clamped. Original: (-183,-31.1257,-100.165)
[Safety] Orientation target out of bounds, clamped. Original: (-183,-30.8284,-100.198)
[Safety] Orientation target out of bounds, clamped. Original: (-183,-30.5694,-100.215)
[Safety] Orientation target out of bounds, clamped. Original: (-183,-30.3436,-100.242)
[Relay] Motion sends: 6100 ok, 0 fail  target=(-184.49,-294.88,390.46) orient=(-180,-30.3436,-100.242)
[Safety] Orientation target out of bounds, clamped. Original: (-183,-30.1395,-100.252)
[Safety] Orientation target out of bounds, clamped. Original: (-183,-29.9768,-100.272)
[Safety] Orientation target out of bounds, clamped. Original: (-183,-29.886,-100.339)
[Haptic] Force applied: (-5.67805e-05, 0, 0.0122703) N  mag=0.0122705  stale=0  button1=0  button2=1
[Safety] Orientation target out of bounds, clamped. Original: (-183,-29.8412,-100.421)
[Safety] Orientation target out of bounds, clamped. Original: (-183,-29.8101,-100.482)
[Safety] Orientation target out of bounds, clamped. Original: (-183,-29.7847,-100.547)
[Safety] Orientation target out of bounds, clamped. Original: (-183,-29.7612,-100.588)
[Safety] Orientation target out of bounds, clamped. Original: (-183,-29.7664,-100.635)
[Safety] Orientation target out of bounds, clamped. Original: (-183,-29.8136,-100.702)
[Safety] Orientation target out of bounds, clamped. Original: (-183,-29.8968,-100.797)
[Safety] Orientation target out of bounds, clamped. Original: (-183,-30.0376,-100.942)
[Safety] Orientation target out of bounds, clamped. Original: (-183,-30.2238,-101.145)
[Safety] Orientation target out of bounds, clamped. Original: (-183,-30.4708,-101.378)
[Safety] Orientation target out of bounds, clamped. Original: (-183,-30.7267,-101.634)
[Safety] Orientation target out of bounds, clamped. Original: (-183,-30.9746,-101.875)
[Safety] Orientation target out of bounds, clamped. Original: (-183,-31.2204,-102.118)
[Safety] Orientation target out of bounds, clamped. Original: (-183,-31.4676,-102.357)
[Safety] Orientation target out of bounds, clamped. Original: (-183,-31.7339,-102.617)
[Safety] Orientation target out of bounds, clamped. Original: (-183,-32.0447,-102.876)
[Safety] Orientation target out of bounds, clamped. Original: (-183,-32.4275,-103.106)
[Safety] Orientation target out of bounds, clamped. Original: (-183,-32.8544,-103.322)
[Safety] Orientation target out of bounds, clamped. Original: (-183,-33.3221,-103.546)
[Safety] Orientation target out of bounds, clamped. Original: (-183,-33.8249,-103.719)
[Safety] Orientation target out of bounds, clamped. Original: (-183,-34.3922,-103.845)
[Safety] Orientation target out of bounds, clamped. Original: (-183,-34.9899,-103.934)
[Safety] Orientation target out of bounds, clamped. Original: (-183,-35.5669,-104.011)
[Safety] Orientation target out of bounds, clamped. Original: (-183,-36.1411,-104.092)
[Safety] Orientation target out of bounds, clamped. Original: (-183,-36.7236,-104.191)
[Safety] Orientation target out of bounds, clamped. Original: (-183,-37.3181,-104.332)
[Safety] Orientation target out of bounds, clamped. Original: (-183,-37.8915,-104.469)
[Safety] Orientation target out of bounds, clamped. Original: (-183,-38.4268,-104.614)
[Safety] Orientation target out of bounds, clamped. Original: (-183,-38.9681,-104.782)
[Safety] Orientation target out of bounds, clamped. Original: (-183,-39.4977,-104.976)
[Safety] Orientation target out of bounds, clamped. Original: (-183,-40.0138,-105.182)
[Safety] Orientation target out of bounds, clamped. Original: (-183,-40.5426,-105.372)
[Safety] Orientation target out of bounds, clamped. Original: (-183,-41.1028,-105.535)
[Safety] Orientation target out of bounds, clamped. Original: (-183,-41.6821,-105.671)
[Safety] Orientation target out of bounds, clamped. Original: (-182.9,-42.2453,-105.785)
[Safety] Orientation target out of bounds, clamped. Original: (-182.72,-42.7877,-105.895)
[Safety] Orientation target out of bounds, clamped. Original: (-182.542,-43.3472,-106.016)
[Safety] Orientation target out of bounds, clamped. Original: (-182.356,-43.9064,-106.163)
[Safety] Orientation target out of bounds, clamped. Original: (-182.165,-44.4693,-106.321)
[Safety] Orientation target out of bounds, clamped. Original: (-181.974,-45.0123,-106.489)
[Safety] Orientation target out of bounds, clamped. Original: (-181.791,-45.5271,-106.663)
[Safety] Orientation target out of bounds, clamped. Original: (-181.624,-46.0212,-106.841)
[Haptic] Force applied: (0.0196326, -0, 0.000513991) N  mag=0.0196394  stale=0  button1=0  button2=1
[Safety] Orientation target out of bounds, clamped. Original: (-181.47,-46.505,-107.011)
[Safety] Orientation target out of bounds, clamped. Original: (-181.291,-47.0089,-107.158)
[Safety] Orientation target out of bounds, clamped. Original: (-181.06,-47.5566,-107.306)
[Safety] Orientation target out of bounds, clamped. Original: (-180.804,-48.1261,-107.437)
[Safety] Orientation target out of bounds, clamped. Original: (-180.513,-48.7468,-107.503)
[Relay] Motion sends: 6150 ok, 0 fail  target=(-184.49,-294.88,390.46) orient=(-180,-48.7468,-107.503)
[Safety] Orientation target out of bounds, clamped. Original: (-180.166,-49.4296,-107.581)
[Haptic] Force applied: (-0.0253263, 0, -0.00657235) N  mag=0.0261651  stale=0  button1=0  button2=1
[Relay] Motion sends: 6200 ok, 0 fail  target=(-184.49,-294.88,390.46) orient=(-172.972,-67.9186,-110.233)
[Relay] Motion sends: 6250 ok, 0 fail  target=(-184.49,-294.88,390.46) orient=(-171.678,-70.5814,-106.113)
[Haptic] Force applied: (-0.053506, 0, -0.224581) N  mag=0.230867  stale=0  button1=0  button2=1
[Relay] Motion sends: 6300 ok, 0 fail  target=(-184.49,-294.88,390.46) orient=(-176.571,-52.813,-97.9931)
[Haptic] Force applied: (-0.00352268, 0, -0.183225) N  mag=0.183258  stale=0  button1=0  button2=1
[Safety] Orientation target out of bounds, clamped. Original: (-180.028,-42.501,-97.4743)
[Safety] Orientation target out of bounds, clamped. Original: (-180.076,-42.1681,-97.4894)
[Safety] Orientation target out of bounds, clamped. Original: (-180.111,-41.8653,-97.4873)
[Safety] Orientation target out of bounds, clamped. Original: (-180.132,-41.5767,-97.4708)
[Safety] Orientation target out of bounds, clamped. Original: (-180.142,-41.2951,-97.4528)
[Safety] Orientation target out of bounds, clamped. Original: (-180.149,-41.0101,-97.4384)
[Safety] Orientation target out of bounds, clamped. Original: (-180.148,-40.7266,-97.4328)
[Safety] Orientation target out of bounds, clamped. Original: (-180.125,-40.4315,-97.4293)
[Safety] Orientation target out of bounds, clamped. Original: (-180.108,-40.1143,-97.4576)
[Safety] Orientation target out of bounds, clamped. Original: (-180.112,-39.7463,-97.5316)
[Safety] Orientation target out of bounds, clamped. Original: (-180.134,-39.3586,-97.6205)
[Safety] Orientation target out of bounds, clamped. Original: (-180.158,-38.9858,-97.718)
[Safety] Orientation target out of bounds, clamped. Original: (-180.209,-38.6173,-97.7892)
[Safety] Orientation target out of bounds, clamped. Original: (-180.269,-38.2755,-97.8478)
[Safety] Orientation target out of bounds, clamped. Original: (-180.326,-37.9618,-97.907)
[Safety] Orientation target out of bounds, clamped. Original: (-180.393,-37.6665,-97.9475)
[Safety] Orientation target out of bounds, clamped. Original: (-180.476,-37.3979,-97.9616)
[Safety] Orientation target out of bounds, clamped. Original: (-180.562,-37.1522,-97.981)
[Safety] Orientation target out of bounds, clamped. Original: (-180.641,-36.9117,-97.991)
[Safety] Orientation target out of bounds, clamped. Original: (-180.738,-36.6836,-97.9771)
[Safety] Orientation target out of bounds, clamped. Original: (-180.82,-36.4793,-97.9596)
[Safety] Orientation target out of bounds, clamped. Original: (-180.897,-36.302,-97.9367)
[Safety] Orientation target out of bounds, clamped. Original: (-180.963,-36.1482,-97.9334)
[Safety] Orientation target out of bounds, clamped. Original: (-181.026,-36.0135,-97.9223)
[Safety] Orientation target out of bounds, clamped. Original: (-181.07,-35.9073,-97.9213)
[Safety] Orientation target out of bounds, clamped. Original: (-181.112,-35.803,-97.9119)
[Safety] Orientation target out of bounds, clamped. Original: (-181.142,-35.7199,-97.9148)
[Safety] Orientation target out of bounds, clamped. Original: (-181.155,-35.6599,-97.9308)
[Relay] Motion sends: 6350 ok, 0 fail  target=(-184.49,-294.88,390.46) orient=(-180,-35.6599,-97.9308)
[Safety] Orientation target out of bounds, clamped. Original: (-181.12,-35.6532,-98.0049)
[Safety] Orientation target out of bounds, clamped. Original: (-181.034,-35.6887,-98.1308)
[Safety] Orientation target out of bounds, clamped. Original: (-180.911,-35.7939,-98.3286)
[Safety] Orientation target out of bounds, clamped. Original: (-180.752,-35.9661,-98.5824)
[Safety] Orientation target out of bounds, clamped. Original: (-180.555,-36.1867,-98.8231)
[Safety] Orientation target out of bounds, clamped. Original: (-180.365,-36.432,-99.0438)
[Safety] Orientation target out of bounds, clamped. Original: (-180.184,-36.693,-99.2567)
[Safety] Orientation target out of bounds, clamped. Original: (-180.003,-36.977,-99.4613)
[Relay] Motion sends: 6400 ok, 0 fail  target=(-184.49,-294.88,390.46) orient=(-171.505,-57.5461,-104.57)
[Haptic] Force applied: (-0.125557, 0, -0.0587245) N  mag=0.138611  stale=0  button1=0  button2=1
[Haptic] Force applied: (-3.82855e-05, 0, -0.208598) N  mag=0.208598  stale=0  button1=0  button2=1
[Relay] Motion sends: 6450 ok, 0 fail  target=(-184.49,-294.88,390.46) orient=(-167.867,-66.7195,-106.063)
[Haptic] Force applied: (-0.00568951, 0, -0.0194015) N  mag=0.0202185  stale=0  button1=0  button2=1
[Relay] Motion sends: 6500 ok, 0 fail  target=(-184.49,-294.88,390.46) orient=(-174.298,-42.006,-91.6661)
[Safety] Orientation target out of bounds, clamped. Original: (-180.059,-31.5067,-89.3493)
[Safety] Orientation target out of bounds, clamped. Original: (-180.362,-31.0136,-89.4471)
[Safety] Orientation target out of bounds, clamped. Original: (-180.572,-30.6007,-89.5699)
[Safety] Orientation target out of bounds, clamped. Original: (-180.727,-30.2559,-89.6967)
[Safety] Orientation target out of bounds, clamped. Original: (-180.858,-29.9657,-89.8035)
[Safety] Orientation target out of bounds, clamped. Original: (-180.956,-29.7323,-89.914)
[Safety] Orientation target out of bounds, clamped. Original: (-181.046,-29.5345,-90.0311)
[Safety] Orientation target out of bounds, clamped. Original: (-181.126,-29.3652,-90.1352)
[Safety] Orientation target out of bounds, clamped. Original: (-181.186,-29.2296,-90.2304)
[Safety] Orientation target out of bounds, clamped. Original: (-181.226,-29.1373,-90.3264)
[Safety] Orientation target out of bounds, clamped. Original: (-181.258,-29.0845,-90.4289)
[Safety] Orientation target out of bounds, clamped. Original: (-181.292,-29.0597,-90.5278)
[StateMachine] RUNNING → READY
[Relay] Button2 RELEASE — all motion stopped
[StateMachine] READY → RUNNING
[Relay] Button2 PRESS — orient ref=(-32.7921,27.8409,-0.539589) robot ref=(-180,-29.06,-90.53)
[Safety] Orientation target out of bounds, clamped. Original: (-180.249,-28.2748,-91.0483)
[Safety] Orientation target out of bounds, clamped. Original: (-180.524,-27.7194,-91.3174)
[Safety] Orientation target out of bounds, clamped. Original: (-180.9,-26.9921,-91.6678)
[Safety] Orientation target out of bounds, clamped. Original: (-181.397,-26.0623,-92.1398)
[Safety] Orientation target out of bounds, clamped. Original: (-181.965,-24.9865,-92.7317)
[Safety] Orientation target out of bounds, clamped. Original: (-182.615,-23.7474,-93.4674)
[Safety] Orientation target out of bounds, clamped. Original: (-183,-22.3925,-94.3331)
[Safety] Orientation target out of bounds, clamped. Original: (-183,-21.0021,-95.259)
[Safety] Orientation target out of bounds, clamped. Original: (-183,-19.6503,-96.1873)
[Safety] Orientation target out of bounds, clamped. Original: (-183,-18.2998,-97.1548)
[Safety] Orientation target out of bounds, clamped. Original: (-183,-16.9715,-98.1466)
[Relay] Motion sends: 6550 ok, 0 fail  target=(-179.49,-294.88,390.46) orient=(-180,-16.9715,-98.1466)
[Safety] Orientation target out of bounds, clamped. Original: (-183,-15.7603,-99.2195)
[Safety] Orientation target out of bounds, clamped. Original: (-183,-14.6886,-100.356)
[Safety] Orientation target out of bounds, clamped. Original: (-183,-13.6612,-101.456)
[Safety] Orientation target out of bounds, clamped. Original: (-183,-12.6743,-102.476)
[Safety] Orientation target out of bounds, clamped. Original: (-183,-11.7759,-103.34)
[Safety] Orientation target out of bounds, clamped. Original: (-183,-10.9818,-104.082)
[Safety] Orientation target out of bounds, clamped. Original: (-183,-10.2992,-104.714)
[Safety] Orientation target out of bounds, clamped. Original: (-183,-9.66774,-105.292)
[Safety] Orientation target out of bounds, clamped. Original: (-183,-9.02117,-105.886)
[Safety] Orientation target out of bounds, clamped. Original: (-183,-8.40155,-106.55)
[Safety] Orientation target out of bounds, clamped. Original: (-183,-7.74962,-107.238)
[Safety] Orientation target out of bounds, clamped. Original: (-183,-7.07228,-107.912)
[Safety] Orientation target out of bounds, clamped. Original: (-183,-6.37795,-108.584)
[Safety] Orientation target out of bounds, clamped. Original: (-183,-5.72771,-109.208)
[Safety] Orientation target out of bounds, clamped. Original: (-183,-5.12712,-109.769)
[Safety] Orientation target out of bounds, clamped. Original: (-183,-4.58157,-110.293)
[Safety] Orientation target out of bounds, clamped. Original: (-183,-3.93257,-110.922)
[Safety] Orientation target out of bounds, clamped. Original: (-183,-3.17545,-111.645)
[Safety] Orientation target out of bounds, clamped. Original: (-183,-2.40275,-112.382)
[Safety] Orientation target out of bounds, clamped. Original: (-183,-1.6565,-113.123)
[Haptic] Force applied: (0.216487, 0, -0.00103389) N  mag=0.21649  stale=0  button1=0  button2=1
[Safety] Orientation target out of bounds, clamped. Original: (-183,-0.965616,-113.805)
[Safety] Orientation target out of bounds, clamped. Original: (-183,-0.323937,-114.449)
[Safety] Orientation target out of bounds, clamped. Original: (-183,0.299949,-115.09)
[Safety] Orientation target out of bounds, clamped. Original: (-183,0.877212,-115.683)
[Safety] Orientation target out of bounds, clamped. Original: (-183,1.41786,-116.232)
[Safety] Orientation target out of bounds, clamped. Original: (-183,1.88997,-116.754)
[Safety] Orientation target out of bounds, clamped. Original: (-183,2.38945,-117.348)
[Safety] Orientation target out of bounds, clamped. Original: (-183,2.95472,-118.035)
[Safety] Orientation target out of bounds, clamped. Original: (-183,3.52482,-118.706)
[Safety] Orientation target out of bounds, clamped. Original: (-183,4.04812,-119.313)
[Safety] Orientation target out of bounds, clamped. Original: (-183,4.52761,-119.882)
[Safety] Orientation target out of bounds, clamped. Original: (-183,5.08052,-120.537)
[Safety] Orientation target out of bounds, clamped. Original: (-183,5.71907,-121.282)
[Safety] Orientation target out of bounds, clamped. Original: (-183,6.3342,-122.005)
[Safety] Orientation target out of bounds, clamped. Original: (-183,6.87784,-122.653)
[Safety] Orientation target out of bounds, clamped. Original: (-183,7.35311,-123.207)
[Safety] Orientation target out of bounds, clamped. Original: (-183,7.77386,-123.67)
[Safety] Orientation target out of bounds, clamped. Original: (-183,8.11838,-124.06)
[Safety] Orientation target out of bounds, clamped. Original: (-183,8.37708,-124.352)
[Safety] Orientation target out of bounds, clamped. Original: (-183,8.49961,-124.481)
[Safety] Orientation target out of bounds, clamped. Original: (-183,8.51345,-124.469)
[Safety] Orientation target out of bounds, clamped. Original: (-183,8.40646,-124.322)
[Safety] Orientation target out of bounds, clamped. Original: (-183,8.20578,-124.096)
[Safety] Orientation target out of bounds, clamped. Original: (-183,7.93512,-123.802)
[Safety] Orientation target out of bounds, clamped. Original: (-183,7.51497,-123.345)
[Safety] Orientation target out of bounds, clamped. Original: (-183,6.94441,-122.748)
[Safety] Orientation target out of bounds, clamped. Original: (-183,6.2601,-122.053)
[Safety] Orientation target out of bounds, clamped. Original: (-183,5.45394,-121.248)
[Safety] Orientation target out of bounds, clamped. Original: (-183,4.53865,-120.319)
[Safety] Orientation target out of bounds, clamped. Original: (-183,3.58667,-119.365)
[Relay] Motion sends: 6600 ok, 0 fail  target=(-179.49,-294.88,390.46) orient=(-180,3.58667,-119.365)
[Safety] Orientation target out of bounds, clamped. Original: (-183,2.61784,-118.397)
[Safety] Orientation target out of bounds, clamped. Original: (-183,1.67357,-117.468)
[Safety] Orientation target out of bounds, clamped. Original: (-183,0.704464,-116.452)
[Safety] Orientation target out of bounds, clamped. Original: (-183,-0.303588,-115.386)
[Safety] Orientation target out of bounds, clamped. Original: (-183,-1.2657,-114.37)
[Safety] Orientation target out of bounds, clamped. Original: (-183,-2.16814,-113.427)
[Safety] Orientation target out of bounds, clamped. Original: (-183,-3.08256,-112.492)
[Safety] Orientation target out of bounds, clamped. Original: (-183,-3.97795,-111.612)
[Safety] Orientation target out of bounds, clamped. Original: (-183,-4.86058,-110.758)
[Safety] Orientation target out of bounds, clamped. Original: (-183,-5.77962,-109.877)
[Safety] Orientation target out of bounds, clamped. Original: (-183,-6.72009,-108.97)
[Safety] Orientation target out of bounds, clamped. Original: (-183,-7.66876,-108.063)
[Haptic] Force applied: (-0.109015, -0, 0.117097) N  mag=0.159987  stale=0  button1=0  button2=1
[Safety] Orientation target out of bounds, clamped. Original: (-183,-8.60782,-107.177)
[Safety] Orientation target out of bounds, clamped. Original: (-183,-9.54148,-106.324)
[Safety] Orientation target out of bounds, clamped. Original: (-183,-10.4893,-105.475)
[Safety] Orientation target out of bounds, clamped. Original: (-183,-11.4315,-104.629)
[Safety] Orientation target out of bounds, clamped. Original: (-183,-12.3616,-103.798)
[Safety] Orientation target out of bounds, clamped. Original: (-183,-13.3799,-102.919)
[Safety] Orientation target out of bounds, clamped. Original: (-183,-14.5246,-101.969)
[Safety] Orientation target out of bounds, clamped. Original: (-183,-15.7529,-100.976)
[Safety] Orientation target out of bounds, clamped. Original: (-183,-17.0814,-99.9584)
[Safety] Orientation target out of bounds, clamped. Original: (-183,-18.4724,-98.9366)
[Safety] Orientation target out of bounds, clamped. Original: (-183,-19.9002,-97.9121)
[Safety] Orientation target out of bounds, clamped. Original: (-183,-21.326,-96.9177)
[Safety] Orientation target out of bounds, clamped. Original: (-183,-22.7636,-95.9615)
[Safety] Orientation target out of bounds, clamped. Original: (-183,-24.1801,-95.048)
[Safety] Orientation target out of bounds, clamped. Original: (-183,-25.5225,-94.2053)
[Safety] Orientation target out of bounds, clamped. Original: (-182.899,-26.893,-93.2937)
[Safety] Orientation target out of bounds, clamped. Original: (-182.021,-28.3323,-92.3045)
[Safety] Orientation target out of bounds, clamped. Original: (-181.222,-29.666,-91.3983)
[Safety] Orientation target out of bounds, clamped. Original: (-180.519,-30.8732,-90.5866)
[Relay] Motion sends: 6650 ok, 0 fail  target=(-179.49,-294.88,390.46) orient=(-178.518,-35.2153,-87.4058)
[Safety] Orientation target out of bounds, clamped. Original: (-180.347,-31.959,-89.1174)
[Haptic] Force applied: (0.00825624, 0, -0.0194523) N  mag=0.0211319  stale=0  button1=0  button2=1
[Safety] Orientation target out of bounds, clamped. Original: (-180.921,-30.8696,-89.7409)
[Safety] Orientation target out of bounds, clamped. Original: (-181.522,-29.6702,-90.4296)
[Safety] Orientation target out of bounds, clamped. Original: (-182.087,-28.5207,-91.0965)
[Safety] Orientation target out of bounds, clamped. Original: (-182.621,-27.4516,-91.7307)
[Safety] Orientation target out of bounds, clamped. Original: (-183,-26.4929,-92.3082)
[Safety] Orientation target out of bounds, clamped. Original: (-183,-25.583,-92.8278)
[Safety] Orientation target out of bounds, clamped. Original: (-183,-24.6918,-93.4127)
[Safety] Orientation target out of bounds, clamped. Original: (-183,-23.6972,-94.0952)
[Safety] Orientation target out of bounds, clamped. Original: (-183,-22.7086,-94.784)
[Safety] Orientation target out of bounds, clamped. Original: (-183,-21.7654,-95.4555)
[Safety] Orientation target out of bounds, clamped. Original: (-183,-20.8917,-96.0321)
[Safety] Orientation target out of bounds, clamped. Original: (-183,-20.0827,-96.6038)
[Safety] Orientation target out of bounds, clamped. Original: (-183,-19.3152,-97.1742)
[Safety] Orientation target out of bounds, clamped. Original: (-183,-18.6034,-97.6992)
[Safety] Orientation target out of bounds, clamped. Original: (-183,-17.951,-98.1844)
[Safety] Orientation target out of bounds, clamped. Original: (-183,-17.267,-98.6827)
[Safety] Orientation target out of bounds, clamped. Original: (-183,-16.5538,-99.2019)
[Safety] Orientation target out of bounds, clamped. Original: (-183,-15.8189,-99.7483)
[Safety] Orientation target out of bounds, clamped. Original: (-183,-15.0509,-100.329)
[Safety] Orientation target out of bounds, clamped. Original: (-183,-14.2756,-100.932)
[Safety] Orientation target out of bounds, clamped. Original: (-183,-13.5642,-101.49)
[Safety] Orientation target out of bounds, clamped. Original: (-183,-12.9225,-102)
[Safety] Orientation target out of bounds, clamped. Original: (-183,-12.3507,-102.443)
[Safety] Orientation target out of bounds, clamped. Original: (-183,-11.7883,-102.902)
[Safety] Orientation target out of bounds, clamped. Original: (-183,-11.1955,-103.396)
[Safety] Orientation target out of bounds, clamped. Original: (-183,-10.5921,-103.899)
[Safety] Orientation target out of bounds, clamped. Original: (-183,-9.98302,-104.402)
[Safety] Orientation target out of bounds, clamped. Original: (-183,-9.37732,-104.93)
[Safety] Orientation target out of bounds, clamped. Original: (-183,-8.80107,-105.431)
[Safety] Orientation target out of bounds, clamped. Original: (-183,-8.28355,-105.886)
[Safety] Orientation target out of bounds, clamped. Original: (-183,-7.8178,-106.327)
[Safety] Orientation target out of bounds, clamped. Original: (-183,-7.30633,-106.833)
[Safety] Orientation target out of bounds, clamped. Original: (-183,-6.8059,-107.332)
[Safety] Orientation target out of bounds, clamped. Original: (-183,-6.33247,-107.788)
[Safety] Orientation target out of bounds, clamped. Original: (-183,-5.8983,-108.195)
[Safety] Orientation target out of bounds, clamped. Original: (-183,-5.49699,-108.558)
[Safety] Orientation target out of bounds, clamped. Original: (-183,-5.12263,-108.906)
[Safety] Orientation target out of bounds, clamped. Original: (-183,-4.75599,-109.24)
[Safety] Orientation target out of bounds, clamped. Original: (-183,-4.39771,-109.574)
[Safety] Orientation target out of bounds, clamped. Original: (-183,-4.00568,-109.957)
[Safety] Orientation target out of bounds, clamped. Original: (-183,-3.60812,-110.36)
[Safety] Orientation target out of bounds, clamped. Original: (-183,-3.21901,-110.753)
[Safety] Orientation target out of bounds, clamped. Original: (-183,-2.86414,-111.121)
[Safety] Orientation target out of bounds, clamped. Original: (-183,-2.56195,-111.444)
[Safety] Orientation target out of bounds, clamped. Original: (-183,-2.28383,-111.741)
[Relay] Motion sends: 6700 ok, 0 fail  target=(-179.49,-294.88,390.46) orient=(-180,-2.28383,-111.741)
[Safety] Orientation target out of bounds, clamped. Original: (-183,-2.03388,-112.008)
[Safety] Orientation target out of bounds, clamped. Original: (-183,-1.82394,-112.242)
[Safety] Orientation target out of bounds, clamped. Original: (-183,-1.6321,-112.464)
[Safety] Orientation target out of bounds, clamped. Original: (-183,-1.44364,-112.689)
[Safety] Orientation target out of bounds, clamped. Original: (-183,-1.20309,-112.976)
[Safety] Orientation target out of bounds, clamped. Original: (-183,-0.915977,-113.329)
[Safety] Orientation target out of bounds, clamped. Original: (-183,-0.608762,-113.708)
[Safety] Orientation target out of bounds, clamped. Original: (-183,-0.315805,-114.065)
[Safety] Orientation target out of bounds, clamped. Original: (-183,-0.0534632,-114.376)
[Safety] Orientation target out of bounds, clamped. Original: (-183,0.163346,-114.658)
[Safety] Orientation target out of bounds, clamped. Original: (-183,0.354779,-114.896)
[Safety] Orientation target out of bounds, clamped. Original: (-183,0.520879,-115.093)
[Safety] Orientation target out of bounds, clamped. Original: (-183,0.6685,-115.266)
[Safety] Orientation target out of bounds, clamped. Original: (-183,0.789972,-115.422)
[Safety] Orientation target out of bounds, clamped. Original: (-183,0.897183,-115.548)
[Safety] Orientation target out of bounds, clamped. Original: (-183,0.984283,-115.666)
[Safety] Orientation target out of bounds, clamped. Original: (-183,1.0576,-115.766)
[Safety] Orientation target out of bounds, clamped. Original: (-183,1.13279,-115.834)
[Safety] Orientation target out of bounds, clamped. Original: (-183,1.20735,-115.884)
[Safety] Orientation target out of bounds, clamped. Original: (-183,1.25631,-115.892)
[Safety] Orientation target out of bounds, clamped. Original: (-183,1.22559,-115.836)
[Safety] Orientation target out of bounds, clamped. Original: (-183,1.16205,-115.752)
[Safety] Orientation target out of bounds, clamped. Original: (-183,1.04684,-115.619)
[Safety] Orientation target out of bounds, clamped. Original: (-183,0.81808,-115.396)
[Safety] Orientation target out of bounds, clamped. Original: (-183,0.524246,-115.111)
[Safety] Orientation target out of bounds, clamped. Original: (-183,0.0975009,-114.701)
[Safety] Orientation target out of bounds, clamped. Original: (-183,-0.461568,-114.184)
[Safety] Orientation target out of bounds, clamped. Original: (-183,-1.06218,-113.621)
[Safety] Orientation target out of bounds, clamped. Original: (-183,-1.6444,-113.09)
[Safety] Orientation target out of bounds, clamped. Original: (-183,-2.20032,-112.577)
[Safety] Orientation target out of bounds, clamped. Original: (-183,-2.79549,-112.032)
[Safety] Orientation target out of bounds, clamped. Original: (-183,-3.3877,-111.489)
[Safety] Orientation target out of bounds, clamped. Original: (-183,-3.95283,-110.967)
[Safety] Orientation target out of bounds, clamped. Original: (-183,-4.53519,-110.431)
[Safety] Orientation target out of bounds, clamped. Original: (-183,-5.13741,-109.879)
[Safety] Orientation target out of bounds, clamped. Original: (-183,-5.7549,-109.316)
[Safety] Orientation target out of bounds, clamped. Original: (-183,-6.42888,-108.705)
[Safety] Orientation target out of bounds, clamped. Original: (-183,-7.13719,-108.073)
[Safety] Orientation target out of bounds, clamped. Original: (-183,-7.82065,-107.466)
[Safety] Orientation target out of bounds, clamped. Original: (-183,-8.5242,-106.833)
[Haptic] Force applied: (-0.00629441, -0, 0.0334119) N  mag=0.0339996  stale=0  button1=0  button2=1
[Safety] Orientation target out of bounds, clamped. Original: (-183,-9.2756,-106.162)
[Safety] Orientation target out of bounds, clamped. Original: (-183,-10.028,-105.506)
[Safety] Orientation target out of bounds, clamped. Original: (-183,-10.7894,-104.839)
[Safety] Orientation target out of bounds, clamped. Original: (-183,-11.5958,-104.148)
[Safety] Orientation target out of bounds, clamped. Original: (-183,-12.4409,-103.437)
[Safety] Orientation target out of bounds, clamped. Original: (-183,-13.3599,-102.686)
[Safety] Orientation target out of bounds, clamped. Original: (-183,-14.3288,-101.887)
[Safety] Orientation target out of bounds, clamped. Original: (-183,-15.251,-101.139)
[Safety] Orientation target out of bounds, clamped. Original: (-183,-16.0877,-100.472)
[Safety] Orientation target out of bounds, clamped. Original: (-183,-16.8249,-99.8728)
[Relay] Motion sends: 6750 ok, 0 fail  target=(-179.49,-294.88,390.46) orient=(-180,-16.8249,-99.8728)
[Safety] Orientation target out of bounds, clamped. Original: (-183,-17.5764,-99.271)
[Safety] Orientation target out of bounds, clamped. Original: (-183,-18.4424,-98.622)
[Safety] Orientation target out of bounds, clamped. Original: (-183,-19.4262,-97.9219)
[Safety] Orientation target out of bounds, clamped. Original: (-183,-20.509,-97.1762)
[Safety] Orientation target out of bounds, clamped. Original: (-183,-21.604,-96.4558)
[Safety] Orientation target out of bounds, clamped. Original: (-183,-22.689,-95.735)
[Safety] Orientation target out of bounds, clamped. Original: (-183,-23.77,-94.9924)
[Safety] Orientation target out of bounds, clamped. Original: (-183,-24.7641,-94.3368)
[Safety] Orientation target out of bounds, clamped. Original: (-183,-25.6745,-93.7422)
[Safety] Orientation target out of bounds, clamped. Original: (-183,-26.529,-93.1761)
[Safety] Orientation target out of bounds, clamped. Original: (-183,-27.3203,-92.6736)
[Safety] Orientation target out of bounds, clamped. Original: (-182.668,-28.0145,-92.2505)
[Safety] Orientation target out of bounds, clamped. Original: (-182.309,-28.6129,-91.9191)
[Safety] Orientation target out of bounds, clamped. Original: (-182,-29.06,-91.637)
[Safety] Orientation target out of bounds, clamped. Original: (-181.722,-29.5221,-91.3523)
[Safety] Orientation target out of bounds, clamped. Original: (-181.504,-29.864,-91.1084)
[Safety] Orientation target out of bounds, clamped. Original: (-181.329,-30.157,-90.9012)
[Safety] Orientation target out of bounds, clamped. Original: (-181.181,-30.4038,-90.7194)
[Safety] Orientation target out of bounds, clamped. Original: (-181.056,-30.6119,-90.53)
[Safety] Orientation target out of bounds, clamped. Original: (-180.95,-30.7923,-90.4214)
[Safety] Orientation target out of bounds, clamped. Original: (-180.861,-30.9468,-90.3196)
[Safety] Orientation target out of bounds, clamped. Original: (-180.762,-31.0813,-90.2401)
[Safety] Orientation target out of bounds, clamped. Original: (-180.666,-31.2006,-90.1895)
[Safety] Orientation target out of bounds, clamped. Original: (-180.587,-31.3018,-90.1551)
[Safety] Orientation target out of bounds, clamped. Original: (-180.514,-31.4025,-90.1268)
[Safety] Orientation target out of bounds, clamped. Original: (-180.491,-31.4594,-90.1018)
[Safety] Orientation target out of bounds, clamped. Original: (-180.532,-31.4261,-90.1118)
[Safety] Orientation target out of bounds, clamped. Original: (-180.582,-31.3652,-90.1395)
[Safety] Orientation target out of bounds, clamped. Original: (-180.646,-31.2913,-90.1747)
[Safety] Orientation target out of bounds, clamped. Original: (-180.776,-31.14,-90.2533)
[Safety] Orientation target out of bounds, clamped. Original: (-181.026,-30.8065,-90.4417)
[Safety] Orientation target out of bounds, clamped. Original: (-181.368,-30.2789,-90.7443)
[Safety] Orientation target out of bounds, clamped. Original: (-181.79,-29.4953,-91.225)
[Haptic] Force applied: (-0.00238707, 0, -0.0161015) N  mag=0.0162775  stale=0  button1=0  button2=1
[Safety] Orientation target out of bounds, clamped. Original: (-182.205,-28.5208,-91.8448)
[Safety] Orientation target out of bounds, clamped. Original: (-182.63,-27.4315,-92.5553)
[Safety] Orientation target out of bounds, clamped. Original: (-183,-26.3548,-93.2646)
[Safety] Orientation target out of bounds, clamped. Original: (-183,-25.3556,-93.9063)
[Safety] Orientation target out of bounds, clamped. Original: (-183,-24.4237,-94.5248)
[Safety] Orientation target out of bounds, clamped. Original: (-183,-23.4659,-95.1982)
[Safety] Orientation target out of bounds, clamped. Original: (-183,-22.4849,-95.8872)
[Safety] Orientation target out of bounds, clamped. Original: (-183,-21.4811,-96.5981)
[Safety] Orientation target out of bounds, clamped. Original: (-183,-20.401,-97.38)
[Safety] Orientation target out of bounds, clamped. Original: (-183,-19.2899,-98.1727)
[Safety] Orientation target out of bounds, clamped. Original: (-183,-18.2528,-98.9148)
[Safety] Orientation target out of bounds, clamped. Original: (-183,-17.3012,-99.6044)
[Safety] Orientation target out of bounds, clamped. Original: (-183,-16.3247,-100.336)
[Safety] Orientation target out of bounds, clamped. Original: (-183,-15.384,-101.048)
[Safety] Orientation target out of bounds, clamped. Original: (-183,-14.5252,-101.721)
[Safety] Orientation target out of bounds, clamped. Original: (-183,-13.7192,-102.366)
[Safety] Orientation target out of bounds, clamped. Original: (-183,-12.9794,-102.96)
[Relay] Motion sends: 6800 ok, 0 fail  target=(-179.49,-294.88,390.46) orient=(-180,-12.9794,-102.96)
[Safety] Orientation target out of bounds, clamped. Original: (-183,-12.3233,-103.476)
[Safety] Orientation target out of bounds, clamped. Original: (-183,-11.7568,-103.932)
[Safety] Orientation target out of bounds, clamped. Original: (-183,-11.2713,-104.325)
[Safety] Orientation target out of bounds, clamped. Original: (-183,-10.8569,-104.649)
[Safety] Orientation target out of bounds, clamped. Original: (-183,-10.441,-104.981)
[Safety] Orientation target out of bounds, clamped. Original: (-183,-9.99232,-105.32)
[Safety] Orientation target out of bounds, clamped. Original: (-183,-9.5489,-105.724)
[Safety] Orientation target out of bounds, clamped. Original: (-183,-9.14199,-106.103)
[Safety] Orientation target out of bounds, clamped. Original: (-183,-8.77899,-106.428)
[Safety] Orientation target out of bounds, clamped. Original: (-183,-8.46463,-106.706)
[Safety] Orientation target out of bounds, clamped. Original: (-183,-8.20029,-106.944)
[Safety] Orientation target out of bounds, clamped. Original: (-183,-7.97248,-107.155)
[Safety] Orientation target out of bounds, clamped. Original: (-183,-7.77748,-107.329)
[Safety] Orientation target out of bounds, clamped. Original: (-183,-7.61295,-107.463)
[Safety] Orientation target out of bounds, clamped. Original: (-183,-7.46743,-107.565)
[Safety] Orientation target out of bounds, clamped. Original: (-183,-7.34468,-107.647)
[Safety] Orientation target out of bounds, clamped. Original: (-183,-7.24187,-107.723)
[Safety] Orientation target out of bounds, clamped. Original: (-183,-7.15534,-107.787)
[Safety] Orientation target out of bounds, clamped. Original: (-183,-7.0825,-107.841)
[Safety] Orientation target out of bounds, clamped. Original: (-183,-7.02118,-107.886)
[Safety] Orientation target out of bounds, clamped. Original: (-183,-6.96634,-107.921)
[Safety] Orientation target out of bounds, clamped. Original: (-183,-6.91785,-107.947)
[Safety] Orientation target out of bounds, clamped. Original: (-183,-6.87292,-107.965)
[Safety] Orientation target out of bounds, clamped. Original: (-183,-6.84366,-107.973)
[Safety] Orientation target out of bounds, clamped. Original: (-183,-6.81047,-107.987)
[Safety] Orientation target out of bounds, clamped. Original: (-183,-6.77931,-107.996)
[Safety] Orientation target out of bounds, clamped. Original: (-183,-6.74987,-108)
[Safety] Orientation target out of bounds, clamped. Original: (-183,-6.72509,-108.004)
[Safety] Orientation target out of bounds, clamped. Original: (-183,-6.70423,-108.006)
[Safety] Orientation target out of bounds, clamped. Original: (-183,-6.68384,-108.005)
[Safety] Orientation target out of bounds, clamped. Original: (-183,-6.6663,-108.005)
[Safety] Orientation target out of bounds, clamped. Original: (-183,-6.64833,-108.001)
[Safety] Orientation target out of bounds, clamped. Original: (-183,-6.63,-107.994)
[Safety] Orientation target out of bounds, clamped. Original: (-183,-6.6143,-107.985)
[Safety] Orientation target out of bounds, clamped. Original: (-183,-6.60108,-107.977)
[Safety] Orientation target out of bounds, clamped. Original: (-183,-6.58996,-107.971)
[Safety] Orientation target out of bounds, clamped. Original: (-183,-6.58602,-107.954)
[Safety] Orientation target out of bounds, clamped. Original: (-183,-6.65944,-107.877)
[Safety] Orientation target out of bounds, clamped. Original: (-183,-6.83593,-107.716)
[Safety] Orientation target out of bounds, clamped. Original: (-183,-7.06651,-107.52)
[Safety] Orientation target out of bounds, clamped. Original: (-183,-7.31661,-107.319)
[Safety] Orientation target out of bounds, clamped. Original: (-183,-7.61815,-107.079)
[Safety] Orientation target out of bounds, clamped. Original: (-183,-8.0275,-106.77)
[Safety] Orientation target out of bounds, clamped. Original: (-183,-8.48595,-106.439)
[Safety] Orientation target out of bounds, clamped. Original: (-183,-8.9469,-106.11)
[Safety] Orientation target out of bounds, clamped. Original: (-183,-9.46507,-105.743)
[Safety] Orientation target out of bounds, clamped. Original: (-183,-10.0369,-105.359)
[Safety] Orientation target out of bounds, clamped. Original: (-183,-10.5962,-104.994)
[Safety] Orientation target out of bounds, clamped. Original: (-183,-11.1229,-104.656)
[Safety] Orientation target out of bounds, clamped. Original: (-183,-11.6395,-104.331)
[Relay] Motion sends: 6850 ok, 0 fail  target=(-179.49,-294.88,390.46) orient=(-180,-11.6395,-104.331)
[Safety] Orientation target out of bounds, clamped. Original: (-183,-12.1779,-103.95)
[Safety] Orientation target out of bounds, clamped. Original: (-183,-12.7123,-103.549)
[Safety] Orientation target out of bounds, clamped. Original: (-183,-13.2249,-103.186)
[Safety] Orientation target out of bounds, clamped. Original: (-183,-13.6749,-102.866)
[Safety] Orientation target out of bounds, clamped. Original: (-183,-14.1082,-102.563)
[Safety] Orientation target out of bounds, clamped. Original: (-183,-14.5104,-102.275)
[Safety] Orientation target out of bounds, clamped. Original: (-183,-14.8956,-101.988)
[Safety] Orientation target out of bounds, clamped. Original: (-183,-15.3072,-101.691)
[Safety] Orientation target out of bounds, clamped. Original: (-183,-15.8109,-101.341)
[Safety] Orientation target out of bounds, clamped. Original: (-183,-16.3539,-100.971)
[Safety] Orientation target out of bounds, clamped. Original: (-183,-16.8722,-100.624)
[Safety] Orientation target out of bounds, clamped. Original: (-183,-17.3418,-100.316)
[Safety] Orientation target out of bounds, clamped. Original: (-183,-17.7971,-100.016)
[Safety] Orientation target out of bounds, clamped. Original: (-183,-18.2324,-99.749)
[Safety] Orientation target out of bounds, clamped. Original: (-183,-18.6345,-99.509)
[Safety] Orientation target out of bounds, clamped. Original: (-183,-19.0637,-99.2063)
[Safety] Orientation target out of bounds, clamped. Original: (-183,-19.5595,-98.8611)
[Safety] Orientation target out of bounds, clamped. Original: (-183,-20.0694,-98.5524)
[Safety] Orientation target out of bounds, clamped. Original: (-183,-20.5551,-98.2804)
[Haptic] Force applied: (-0.18199, -0, 0.114642) N  mag=0.215088  stale=0  button1=0  button2=1
[Safety] Orientation target out of bounds, clamped. Original: (-183,-20.9995,-98.0469)
[Safety] Orientation target out of bounds, clamped. Original: (-183,-21.4125,-97.8403)
[Safety] Orientation target out of bounds, clamped. Original: (-183,-21.8102,-97.6247)
[Safety] Orientation target out of bounds, clamped. Original: (-183,-22.1951,-97.4051)
[Safety] Orientation target out of bounds, clamped. Original: (-183,-22.59,-97.1691)
[Safety] Orientation target out of bounds, clamped. Original: (-183,-22.9863,-96.9299)
[Safety] Orientation target out of bounds, clamped. Original: (-183,-23.4078,-96.6934)
[Safety] Orientation target out of bounds, clamped. Original: (-183,-23.8244,-96.4579)
[Safety] Orientation target out of bounds, clamped. Original: (-183,-24.2094,-96.2371)
[Safety] Orientation target out of bounds, clamped. Original: (-182.983,-24.5642,-96.0453)
[Safety] Orientation target out of bounds, clamped. Original: (-182.838,-24.8629,-95.8838)
[StateMachine] RUNNING → READY
[Relay] Button2 RELEASE — all motion stopped

############################################################
##  ⚠⚠  触觉安全提示已关闭  (Config::FORCE_CONSTRAINT_FORCES_ENABLED = false)
##   虚拟约束力已【全部】停用 —— 现在【没有任何】推力提示:
##     · 靠近安全边界 (SAFE_X/Y/Z)
##     · 靠近圆柱奇异 (半径 < 80mm)
##     · 靠近工作空间边缘 (半径 > 550mm)
##     · 靠近历史报警点 (真报过警的位置)
##   ⇒ 请靠【视觉】与【报警指示灯】判断危险。
##   (机械臂自身的碰撞检测与安全皮肤由机械臂侧做, 不受本开关影响。)
##   本横幅每 60 秒复报一次。
############################################################


############################################################
##  ⚠⚠  触觉安全提示已关闭  (Config::FORCE_CONSTRAINT_FORCES_ENABLED = false)
##   虚拟约束力已【全部】停用 —— 现在【没有任何】推力提示:
##     · 靠近安全边界 (SAFE_X/Y/Z)
##     · 靠近圆柱奇异 (半径 < 80mm)
##     · 靠近工作空间边缘 (半径 > 550mm)
##     · 靠近历史报警点 (真报过警的位置)
##   ⇒ 请靠【视觉】与【报警指示灯】判断危险。
##   (机械臂自身的碰撞检测与安全皮肤由机械臂侧做, 不受本开关影响。)
##   本横幅每 60 秒复报一次。
############################################################


############################################################
##  ⚠⚠  触觉安全提示已关闭  (Config::FORCE_CONSTRAINT_FORCES_ENABLED = false)
##   虚拟约束力已【全部】停用 —— 现在【没有任何】推力提示:
##     · 靠近安全边界 (SAFE_X/Y/Z)
##     · 靠近圆柱奇异 (半径 < 80mm)
##     · 靠近工作空间边缘 (半径 > 550mm)
##     · 靠近历史报警点 (真报过警的位置)
##   ⇒ 请靠【视觉】与【报警指示灯】判断危险。
##   (机械臂自身的碰撞检测与安全皮肤由机械臂侧做, 不受本开关影响。)
##   本横幅每 60 秒复报一次。
############################################################


############################################################
##  ⚠⚠  触觉安全提示已关闭  (Config::FORCE_CONSTRAINT_FORCES_ENABLED = false)
##   虚拟约束力已【全部】停用 —— 现在【没有任何】推力提示:
##     · 靠近安全边界 (SAFE_X/Y/Z)
##     · 靠近圆柱奇异 (半径 < 80mm)
##     · 靠近工作空间边缘 (半径 > 550mm)
##     · 靠近历史报警点 (真报过警的位置)
##   ⇒ 请靠【视觉】与【报警指示灯】判断危险。
##   (机械臂自身的碰撞检测与安全皮肤由机械臂侧做, 不受本开关影响。)
##   本横幅每 60 秒复报一次。
############################################################


############################################################
##  ⚠⚠  触觉安全提示已关闭  (Config::FORCE_CONSTRAINT_FORCES_ENABLED = false)
##   虚拟约束力已【全部】停用 —— 现在【没有任何】推力提示:
##     · 靠近安全边界 (SAFE_X/Y/Z)
##     · 靠近圆柱奇异 (半径 < 80mm)
##     · 靠近工作空间边缘 (半径 > 550mm)
##     · 靠近历史报警点 (真报过警的位置)
##   ⇒ 请靠【视觉】与【报警指示灯】判断危险。
##   (机械臂自身的碰撞检测与安全皮肤由机械臂侧做, 不受本开关影响。)
##   本横幅每 60 秒复报一次。
############################################################


############################################################
##  ⚠⚠  触觉安全提示已关闭  (Config::FORCE_CONSTRAINT_FORCES_ENABLED = false)
##   虚拟约束力已【全部】停用 —— 现在【没有任何】推力提示:
##     · 靠近安全边界 (SAFE_X/Y/Z)
##     · 靠近圆柱奇异 (半径 < 80mm)
##     · 靠近工作空间边缘 (半径 > 550mm)
##     · 靠近历史报警点 (真报过警的位置)
##   ⇒ 请靠【视觉】与【报警指示灯】判断危险。
##   (机械臂自身的碰撞检测与安全皮肤由机械臂侧做, 不受本开关影响。)
##   本横幅每 60 秒复报一次。
############################################################


############################################################
##  ⚠⚠  触觉安全提示已关闭  (Config::FORCE_CONSTRAINT_FORCES_ENABLED = false)
##   虚拟约束力已【全部】停用 —— 现在【没有任何】推力提示:
##     · 靠近安全边界 (SAFE_X/Y/Z)
##     · 靠近圆柱奇异 (半径 < 80mm)
##     · 靠近工作空间边缘 (半径 > 550mm)
##     · 靠近历史报警点 (真报过警的位置)
##   ⇒ 请靠【视觉】与【报警指示灯】判断危险。
##   (机械臂自身的碰撞检测与安全皮肤由机械臂侧做, 不受本开关影响。)
##   本横幅每 60 秒复报一次。
############################################################


############################################################
##  ⚠⚠  触觉安全提示已关闭  (Config::FORCE_CONSTRAINT_FORCES_ENABLED = false)
##   虚拟约束力已【全部】停用 —— 现在【没有任何】推力提示:
##     · 靠近安全边界 (SAFE_X/Y/Z)
##     · 靠近圆柱奇异 (半径 < 80mm)
##     · 靠近工作空间边缘 (半径 > 550mm)
##     · 靠近历史报警点 (真报过警的位置)
##   ⇒ 请靠【视觉】与【报警指示灯】判断危险。
##   (机械臂自身的碰撞检测与安全皮肤由机械臂侧做, 不受本开关影响。)
##   本横幅每 60 秒复报一次。
############################################################


############################################################
##  ⚠⚠  触觉安全提示已关闭  (Config::FORCE_CONSTRAINT_FORCES_ENABLED = false)
##   虚拟约束力已【全部】停用 —— 现在【没有任何】推力提示:
##     · 靠近安全边界 (SAFE_X/Y/Z)
##     · 靠近圆柱奇异 (半径 < 80mm)
##     · 靠近工作空间边缘 (半径 > 550mm)
##     · 靠近历史报警点 (真报过警的位置)
##   ⇒ 请靠【视觉】与【报警指示灯】判断危险。
##   (机械臂自身的碰撞检测与安全皮肤由机械臂侧做, 不受本开关影响。)
##   本横幅每 60 秒复报一次。
############################################################


############################################################
##  ⚠⚠  触觉安全提示已关闭  (Config::FORCE_CONSTRAINT_FORCES_ENABLED = false)
##   虚拟约束力已【全部】停用 —— 现在【没有任何】推力提示:
##     · 靠近安全边界 (SAFE_X/Y/Z)
##     · 靠近圆柱奇异 (半径 < 80mm)
##     · 靠近工作空间边缘 (半径 > 550mm)
##     · 靠近历史报警点 (真报过警的位置)
##   ⇒ 请靠【视觉】与【报警指示灯】判断危险。
##   (机械臂自身的碰撞检测与安全皮肤由机械臂侧做, 不受本开关影响。)
##   本横幅每 60 秒复报一次。
############################################################


############################################################
##  ⚠⚠  触觉安全提示已关闭  (Config::FORCE_CONSTRAINT_FORCES_ENABLED = false)
##   虚拟约束力已【全部】停用 —— 现在【没有任何】推力提示:
##     · 靠近安全边界 (SAFE_X/Y/Z)
##     · 靠近圆柱奇异 (半径 < 80mm)
##     · 靠近工作空间边缘 (半径 > 550mm)
##     · 靠近历史报警点 (真报过警的位置)
##   ⇒ 请靠【视觉】与【报警指示灯】判断危险。
##   (机械臂自身的碰撞检测与安全皮肤由机械臂侧做, 不受本开关影响。)
##   本横幅每 60 秒复报一次。
############################################################


############################################################
##  ⚠⚠  触觉安全提示已关闭  (Config::FORCE_CONSTRAINT_FORCES_ENABLED = false)
##   虚拟约束力已【全部】停用 —— 现在【没有任何】推力提示:
##     · 靠近安全边界 (SAFE_X/Y/Z)
##     · 靠近圆柱奇异 (半径 < 80mm)
##     · 靠近工作空间边缘 (半径 > 550mm)
##     · 靠近历史报警点 (真报过警的位置)
##   ⇒ 请靠【视觉】与【报警指示灯】判断危险。
##   (机械臂自身的碰撞检测与安全皮肤由机械臂侧做, 不受本开关影响。)
##   本横幅每 60 秒复报一次。
############################################################

[StateMachine] READY → RUNNING
[Relay] Button2 PRESS — orient ref=(-46.7372,31.1641,-3.88991) robot ref=(180,-24.86,-95.88)
[Safety] Orientation target out of bounds, clamped. Original: (180.251,-25.4989,-96.9102)
[Safety] Orientation target out of bounds, clamped. Original: (180.593,-25.7871,-97.0826)
[Safety] Orientation target out of bounds, clamped. Original: (180.824,-26.0334,-97.2654)
[Safety] Orientation target out of bounds, clamped. Original: (180.982,-26.2356,-97.4258)
[Safety] Orientation target out of bounds, clamped. Original: (181.113,-26.4233,-97.561)
[Safety] Orientation target out of bounds, clamped. Original: (181.287,-26.6345,-97.6702)
[Safety] Orientation target out of bounds, clamped. Original: (181.47,-26.8551,-97.7529)
[Haptic] Force applied: (0.0375551, 0, -6.91927e-05) N  mag=0.0375552  stale=0  button1=0  button2=1
[Safety] Orientation target out of bounds, clamped. Original: (181.642,-27.0696,-97.8118)
[Safety] Orientation target out of bounds, clamped. Original: (181.771,-27.2511,-97.8543)
[Safety] Orientation target out of bounds, clamped. Original: (181.877,-27.4011,-97.8895)
[Safety] Orientation target out of bounds, clamped. Original: (181.956,-27.5211,-97.9263)
[Safety] Orientation target out of bounds, clamped. Original: (182.006,-27.6109,-97.9637)
[Safety] Orientation target out of bounds, clamped. Original: (181.99,-27.6602,-97.9754)
[Safety] Orientation target out of bounds, clamped. Original: (181.915,-27.6768,-97.9727)
[Relay] Motion sends: 6900 ok, 0 fail  target=(-174.49,-294.88,390.46) orient=(180,-27.6768,-97.9727)
[Safety] Orientation target out of bounds, clamped. Original: (181.769,-27.6597,-97.9531)
[Safety] Orientation target out of bounds, clamped. Original: (181.543,-27.6089,-97.9055)
[Safety] Orientation target out of bounds, clamped. Original: (181.241,-27.5449,-97.8466)
[Safety] Orientation target out of bounds, clamped. Original: (180.854,-27.4652,-97.7805)
[Safety] Orientation target out of bounds, clamped. Original: (180.357,-27.3653,-97.7034)
[Relay] Motion sends: 6950 ok, 0 fail  target=(-174.49,-294.88,390.46) orient=(175.364,-37.1623,-94.9991)
[Haptic] Force applied: (0.024725, -0, -0.0270563) N  mag=0.036652  stale=0  button1=0  button2=1
[Relay] Motion sends: 7000 ok, 0 fail  target=(-174.49,-294.88,390.46) orient=(166.422,-8.54893,-95.5361)
[Haptic] Force applied: (-0.000166628, -0, -0.0182147) N  mag=0.0182155  stale=0  button1=0  button2=1
[Relay] Motion sends: 7050 ok, 0 fail  target=(-174.49,-294.88,390.46) orient=(167.826,-20.7792,-101.798)
[Relay] Motion sends: 7100 ok, 0 fail  target=(-174.49,-294.88,390.46) orient=(167.035,-20.7095,-107.368)
[Haptic] Force applied: (0.00472696, -0, -0.014207) N  mag=0.0149728  stale=0  button1=0  button2=1
[Haptic] Force applied: (0.22458, -0, -7.01406e-06) N  mag=0.22458  stale=0  button1=0  button2=1
[Relay] Motion sends: 7150 ok, 0 fail  target=(-174.49,-294.88,390.46) orient=(167.959,-10.1595,-98.2985)
[Haptic] Force applied: (0.345705, -0, -0.000410507) N  mag=0.345705  stale=0  button1=0  button2=1
[Relay] Motion sends: 7200 ok, 0 fail  target=(-174.49,-294.88,390.46) orient=(166.189,-7.87798,-100.179)
[Haptic] Force applied: (0.134002, -0, -0.177996) N  mag=0.222798  stale=0  button1=0  button2=1
[Relay] Motion sends: 7250 ok, 0 fail  target=(-174.49,-294.88,390.46) orient=(176.002,-7.61592,-97.349)
[Haptic] Force applied: (0.212516, -0, -0.0109075) N  mag=0.212795  stale=0  button1=0  button2=1
[Relay] Motion sends: 7300 ok, 0 fail  target=(-174.49,-294.88,390.46) orient=(173.187,-8.50181,-96.4491)
[Haptic] Force applied: (0.147918, -0, -0.0495847) N  mag=0.156008  stale=0  button1=0  button2=1
[Relay] Motion sends: 7350 ok, 0 fail  target=(-174.49,-294.88,390.46) orient=(172.962,-1.74857,-96.8742)
[StateMachine] RUNNING → READY
[Relay] Button2 RELEASE — all motion stopped
[StateMachine] READY → RUNNING
[Relay] Button PRESS  — target start=(-174.49,-294.88,390.46)
[Relay] Hold button + move Touch (incremental mode)
[Haptic] Force applied: (7.3813e-05, -0, -0.0120395) N  mag=0.0120398  stale=0  button1=1  button2=0
[Relay] Motion sends: 7400 ok, 0 fail  target=(-183.169,-338.818,384.681) orient=(171.84,0.839998,-96.38)
[StateMachine] RUNNING → READY
[Relay] Button RELEASE — motion stopped
[StateMachine] READY → RUNNING
[Relay] Button PRESS  — target start=(-189.35,-348.07,340.04)
[Relay] Hold button + move Touch (incremental mode)
[Haptic] Force applied: (0.0583189, -0, 0.220749) N  mag=0.228323  stale=0  button1=1  button2=0
[StateMachine] RUNNING → READY
[Relay] Button RELEASE — motion stopped
[StateMachine] READY → RUNNING
[Relay] Button2 PRESS — orient ref=(-49.1904,25.8571,-7.85181) robot ref=(172.26,0.84,-96.38)
[Relay] Motion sends: 7450 ok, 0 fail  target=(-192.79,-346.34,308.02) orient=(171.133,-0.373748,-98.5961)
[Haptic] Force applied: (-0.0166845, -0, -0.0548178) N  mag=0.0573007  stale=0  button1=0  button2=1
[Haptic] Force applied: (0.0269456, -0, -0.0395525) N  mag=0.0478588  stale=0  button1=0  button2=1
[Relay] Motion sends: 7500 ok, 0 fail  target=(-192.79,-346.34,308.02) orient=(167.666,10.3351,-97.5784)

############################################################
##  ⚠⚠  触觉安全提示已关闭  (Config::FORCE_CONSTRAINT_FORCES_ENABLED = false)
##   虚拟约束力已【全部】停用 —— 现在【没有任何】推力提示:
##     · 靠近安全边界 (SAFE_X/Y/Z)
##     · 靠近圆柱奇异 (半径 < 80mm)
##     · 靠近工作空间边缘 (半径 > 550mm)
##     · 靠近历史报警点 (真报过警的位置)
##   ⇒ 请靠【视觉】与【报警指示灯】判断危险。
##   (机械臂自身的碰撞检测与安全皮肤由机械臂侧做, 不受本开关影响。)
##   本横幅每 60 秒复报一次。
############################################################

[Haptic] Force applied: (0.0310302, -0, 0.167646) N  mag=0.170494  stale=0  button1=0  button2=1
[Relay] Motion sends: 7550 ok, 0 fail  target=(-192.79,-346.34,308.02) orient=(179.457,3.72667,-98.7847)
[Safety] Orientation target out of bounds, clamped. Original: (180.02,2.98247,-98.9296)
[Safety] Orientation target out of bounds, clamped. Original: (180.173,2.83293,-98.9407)
[Safety] Orientation target out of bounds, clamped. Original: (180.31,2.69221,-98.9495)
[Safety] Orientation target out of bounds, clamped. Original: (180.428,2.56739,-98.9793)
[Safety] Orientation target out of bounds, clamped. Original: (180.536,2.44725,-99.0076)
[Safety] Orientation target out of bounds, clamped. Original: (180.624,2.3313,-99.0309)
[Safety] Orientation target out of bounds, clamped. Original: (180.699,2.23054,-99.0617)
[Safety] Orientation target out of bounds, clamped. Original: (180.768,2.13297,-99.0914)
[Safety] Orientation target out of bounds, clamped. Original: (180.839,2.04288,-99.1086)
[Safety] Orientation target out of bounds, clamped. Original: (180.91,1.9577,-99.1335)
[Safety] Orientation target out of bounds, clamped. Original: (180.972,1.87001,-99.138)
[Safety] Orientation target out of bounds, clamped. Original: (181.035,1.78936,-99.1402)
[Safety] Orientation target out of bounds, clamped. Original: (181.073,1.71716,-99.1373)
[Safety] Orientation target out of bounds, clamped. Original: (181.091,1.64879,-99.145)
[Safety] Orientation target out of bounds, clamped. Original: (181.087,1.58592,-99.1621)
[Safety] Orientation target out of bounds, clamped. Original: (181.099,1.5097,-99.2018)
[Safety] Orientation target out of bounds, clamped. Original: (181.108,1.42912,-99.2487)
[Safety] Orientation target out of bounds, clamped. Original: (181.121,1.34419,-99.3041)
[Safety] Orientation target out of bounds, clamped. Original: (181.144,1.25559,-99.3535)
[Safety] Orientation target out of bounds, clamped. Original: (181.157,1.17583,-99.4058)
[Safety] Orientation target out of bounds, clamped. Original: (181.176,1.09686,-99.4419)
[Safety] Orientation target out of bounds, clamped. Original: (181.2,1.02291,-99.4825)
[Safety] Orientation target out of bounds, clamped. Original: (181.234,0.950968,-99.5265)
[Safety] Orientation target out of bounds, clamped. Original: (181.273,0.84,-99.5552)
[Safety] Orientation target out of bounds, clamped. Original: (181.318,0.84,-99.5886)
[Safety] Orientation target out of bounds, clamped. Original: (181.356,0.746823,-99.606)
[Safety] Orientation target out of bounds, clamped. Original: (181.388,0.697745,-99.6207)
[Safety] Orientation target out of bounds, clamped. Original: (181.422,0.651942,-99.6321)
[Safety] Orientation target out of bounds, clamped. Original: (181.444,0.611223,-99.6411)
[Safety] Orientation target out of bounds, clamped. Original: (181.45,0.577029,-99.6487)
[Haptic] Force applied: (-0.000681242, -0, -0.036386) N  mag=0.0363924  stale=0  button1=0  button2=1
[Safety] Orientation target out of bounds, clamped. Original: (181.444,0.548328,-99.6549)
[Safety] Orientation target out of bounds, clamped. Original: (181.438,0.521659,-99.6641)
[Safety] Orientation target out of bounds, clamped. Original: (181.423,0.496839,-99.6826)
[Safety] Orientation target out of bounds, clamped. Original: (181.409,0.467815,-99.7162)
[Safety] Orientation target out of bounds, clamped. Original: (181.398,0.42616,-99.7547)
[Safety] Orientation target out of bounds, clamped. Original: (181.388,0.37081,-99.8129)
[Safety] Orientation target out of bounds, clamped. Original: (181.399,0.302103,-99.8584)
[Safety] Orientation target out of bounds, clamped. Original: (181.437,0.228923,-99.9084)
[Safety] Orientation target out of bounds, clamped. Original: (181.524,0.144663,-99.9477)
[Safety] Orientation target out of bounds, clamped. Original: (181.629,0.0484448,-99.9889)
[Safety] Orientation target out of bounds, clamped. Original: (181.72,-0.0433556,-100.027)
[Safety] Orientation target out of bounds, clamped. Original: (181.802,-0.131995,-100.052)
[Safety] Orientation target out of bounds, clamped. Original: (181.859,-0.206416,-100.073)
[Safety] Orientation target out of bounds, clamped. Original: (181.904,-0.26948,-100.099)
[Safety] Orientation target out of bounds, clamped. Original: (181.929,-0.324504,-100.117)
[Safety] Orientation target out of bounds, clamped. Original: (181.949,-0.372787,-100.125)
[Relay] Motion sends: 7600 ok, 0 fail  target=(-192.79,-346.34,308.02) orient=(180,-0.372787,-100.125)
[Safety] Orientation target out of bounds, clamped. Original: (181.98,-0.425769,-100.128)
[Safety] Orientation target out of bounds, clamped. Original: (182.03,-0.470769,-100.132)
[Safety] Orientation target out of bounds, clamped. Original: (182.095,-0.508362,-100.135)
[StateMachine] RUNNING → READY
[Relay] Button2 RELEASE — all motion stopped
[StateMachine] READY → RUNNING
[Relay] Button PRESS  — target start=(-192.79,-346.34,308.02)
[Relay] Hold button + move Touch (incremental mode)
[Haptic] Force applied: (0.0112446, -0, -0.000324174) N  mag=0.0112493  stale=0  button1=1  button2=0
[StateMachine] RUNNING → READY
[Relay] Button RELEASE — motion stopped
[StateMachine] READY → RUNNING
[Relay] Button PRESS  — target start=(-200.68,-332.41,257.51)
[Relay] Hold button + move Touch (incremental mode)
[Relay] Motion sends: 7650 ok, 0 fail  target=(-209.787,-329.845,247.738) orient=(-180,-0.367743,-100.041)
[Haptic] Force applied: (0.163742, -0, -0.000263761) N  mag=0.163743  stale=0  button1=1  button2=0
[Haptic] Force applied: (-0.0163362, -0, 0.000128713) N  mag=0.0163367  stale=0  button1=1  button2=0
[Relay] Motion sends: 7700 ok, 0 fail  target=(-213.063,-333.963,225.227) orient=(180,-0.340177,-100.061)
[Haptic] Force applied: (-0.00907037, -0, 0.289772) N  mag=0.289914  stale=0  button1=1  button2=0
[Relay] Motion sends: 7750 ok, 0 fail  target=(-216.504,-395.076,216.491) orient=(180,-0.34,-100.06)
[Haptic] Force applied: (0.00847427, -0, 0.0915066) N  mag=0.0918981  stale=0  button1=1  button2=0
[Relay] Motion sends: 7800 ok, 0 fail  target=(-198.455,-343.075,220.413) orient=(-180,-0.34,-100.05)
[Haptic] Force applied: (0.114361, -0, 0.00497526) N  mag=0.114469  stale=0  button1=1  button2=0
[Relay] Motion sends: 7850 ok, 0 fail  target=(-159.932,-379.172,222.181) orient=(-180,-0.34,-100.044)
[Haptic] Force applied: (0.0445285, -0, -0.10869) N  mag=0.117458  stale=0  button1=1  button2=0
[StateMachine] RUNNING → READY
[Relay] Button RELEASE — motion stopped
[StateMachine] READY → RUNNING
[Relay] Button PRESS  — target start=(-122.55,-330.83,251.85)
[Relay] Hold button + move Touch (incremental mode)
[Relay] Motion sends: 7900 ok, 0 fail  target=(-132.609,-327.906,243.541) orient=(-180,-0.34,-100.04)
[Haptic] Force applied: (-0.00185067, -0, -0.189852) N  mag=0.189861  stale=0  button1=1  button2=0
[Haptic] Force applied: (0.494762, -0, 0.261009) N  mag=0.559389  stale=0  button1=1  button2=0
[Relay] Motion sends: 7950 ok, 0 fail  target=(-79.8651,-317.845,246.189) orient=(-180,-0.300004,-99.9499)
[Relay] Motion sends: 8000 ok, 0 fail  target=(-100.745,-366.968,218.752) orient=(180,-0.3,-99.95)
[Haptic] Force applied: (0.580385, -0, -0.06869) N  mag=0.584435  stale=0  button1=1  button2=0
[Relay] Motion sends: 8050 ok, 0 fail  target=(-138.204,-368.107,222.583) orient=(-180,-0.3,-99.89)
[StateMachine] RUNNING → READY
[Relay] Button RELEASE — motion stopped
[StateMachine] READY → RUNNING
[Relay] Button PRESS  — target start=(-86.3,-346.61,254.36)
[Relay] Hold button + move Touch (incremental mode)
[StateMachine] RUNNING → READY
[Relay] Button RELEASE — motion stopped
[StateMachine] READY → RUNNING
[Relay] Button PRESS  — target start=(-38.47,-326.98,247.02)
[Relay] Hold button + move Touch (incremental mode)
[Haptic] Force applied: (-0.0308409, -0, 0.00227629) N  mag=0.0309248  stale=0  button1=1  button2=0
[Relay] Motion sends: 8100 ok, 0 fail  target=(-48.7099,-323.311,233.183) orient=(180,-0.3,-99.7988)
[Haptic] Force applied: (-0.0218081, -0, 0.0306818) N  mag=0.0376426  stale=0  button1=1  button2=0
[Relay] Motion sends: 8150 ok, 0 fail  target=(-12.3446,-376.204,218.494) orient=(-180,-0.29,-99.79)
[Haptic] Force applied: (0.177457, -0, -0.0824989) N  mag=0.195696  stale=0  button1=1  button2=0
[Relay] Motion sends: 8200 ok, 0 fail  target=(11.9322,-320.216,224.211) orient=(-180,-0.29,-99.759)
[Haptic] Force applied: (0.0047366, -0, 0.054115) N  mag=0.0543219  stale=0  button1=1  button2=0
[StateMachine] RUNNING → READY
[Relay] Button RELEASE — motion stopped
[StateMachine] READY → RUNNING
[Relay] Button PRESS  — target start=(-1.88999,-295.69,300.9)
[Relay] Hold button + move Touch (incremental mode)
[Relay] Motion sends: 8250 ok, 0 fail  target=(-8.26872,-284.864,306.449) orient=(-180,-0.29,-99.6064)
[Haptic] Force applied: (0.0105069, -0, 0.016136) N  mag=0.0192553  stale=0  button1=1  button2=0
[StateMachine] RUNNING → READY
[Relay] Button RELEASE — motion stopped
[StateMachine] READY → RUNNING
[Relay] Button PRESS  — target start=(-14.92,-279.69,331.09)
[Relay] Hold button + move Touch (incremental mode)
[Haptic] Force applied: (0.138579, -0, -0.0212608) N  mag=0.1402  stale=0  button1=1  button2=0
[StateMachine] RUNNING → READY
[Relay] Button RELEASE — motion stopped
[StateMachine] READY → RUNNING
[Relay] Button PRESS  — target start=(-56.48,-322.22,270.6)
[Relay] Hold button + move Touch (incremental mode)
[Relay] Motion sends: 8300 ok, 0 fail  target=(-49.4397,-320.681,264.923) orient=(180,-0.29,-99.55)
[Haptic] Force applied: (0.506981, -0, -0.0114827) N  mag=0.507111  stale=0  button1=1  button2=0
[Relay] Motion sends: 8350 ok, 0 fail  target=(-97.9066,-319.14,225.803) orient=(180,-0.22,-99.57)
[Haptic] Force applied: (0.0106278, -0, 1.11102e-06) N  mag=0.0106278  stale=0  button1=1  button2=0
[Relay] Motion sends: 8400 ok, 0 fail  target=(-119.064,-312.403,243.192) orient=(-180,-0.160049,-99.5778)
[Haptic] Force applied: (0.0490936, -0, -0.141781) N  mag=0.15004  stale=0  button1=1  button2=0
[StateMachine] RUNNING → READY
[Relay] Button RELEASE — motion stopped
[StateMachine] READY → RUNNING
[Relay] Button PRESS  — target start=(-109.58,-294.34,245.59)
[Relay] Hold button + move Touch (incremental mode)
[Haptic] Force applied: (0.370773, -0, -0.00325903) N  mag=0.370787  stale=0  button1=1  button2=0
[Relay] Motion sends: 8450 ok, 0 fail  target=(-74.8436,-280.499,231.112) orient=(180,-0.186581,-99.58)
[Haptic] Force applied: (0.032758, -0, 0.00430398) N  mag=0.0330395  stale=0  button1=1  button2=0
[Relay] Motion sends: 8500 ok, 0 fail  target=(-83.7001,-288.022,230.52) orient=(-180,-0.088136,-99.5787)
[Relay] Motion sends: 8550 ok, 0 fail  target=(-96.4992,-301.47,237.042) orient=(-180,-0.09,-99.58)
[Haptic] Force applied: (0.117811, -0, -0.253509) N  mag=0.279546  stale=0  button1=1  button2=0
[StateMachine] RUNNING → READY
[Relay] Button RELEASE — motion stopped
[StateMachine] READY → RUNNING
[Relay] Button PRESS  — target start=(-58.6899,-299.05,282.8)
[Relay] Hold button + move Touch (incremental mode)
[Haptic] Force applied: (0.209257, 0, -5.60528e-05) N  mag=0.209257  stale=0  button1=1  button2=0
[Relay] Motion sends: 8600 ok, 0 fail  target=(-105.055,-295.981,301.478) orient=(180,-0.09,-99.53)
[StateMachine] RUNNING → READY
[Relay] Button RELEASE — motion stopped
[StateMachine] READY → RUNNING
[Relay] Button PRESS  — target start=(-76.667,-290.784,310.767)
[Relay] Hold button + move Touch (incremental mode)
[Haptic] Force applied: (0.25979, -0, -0.0355587) N  mag=0.262212  stale=0  button1=1  button2=0
[StateMachine] RUNNING → READY
[Relay] Button RELEASE — motion stopped
[StateMachine] READY → RUNNING
[Relay] Button PRESS  — target start=(-130.04,-290.69,308.51)
[Relay] Hold button + move Touch (incremental mode)
[Relay] Motion sends: 8650 ok, 0 fail  target=(-164.884,-302.214,301.487) orient=(-180,-0.090004,-99.53)
[StateMachine] RUNNING → READY
[Relay] Button RELEASE — motion stopped

############################################################
##  ⚠⚠  触觉安全提示已关闭  (Config::FORCE_CONSTRAINT_FORCES_ENABLED = false)
##   虚拟约束力已【全部】停用 —— 现在【没有任何】推力提示:
##     · 靠近安全边界 (SAFE_X/Y/Z)
##     · 靠近圆柱奇异 (半径 < 80mm)
##     · 靠近工作空间边缘 (半径 > 550mm)
##     · 靠近历史报警点 (真报过警的位置)
##   ⇒ 请靠【视觉】与【报警指示灯】判断危险。
##   (机械臂自身的碰撞检测与安全皮肤由机械臂侧做, 不受本开关影响。)
##   本横幅每 60 秒复报一次。
############################################################

[StateMachine] READY → RUNNING
[Relay] Button PRESS  — target start=(-164.97,-318.44,265.41)
[Relay] Hold button + move Touch (incremental mode)
[Relay] Motion sends: 8700 ok, 0 fail  target=(-147.087,-305.491,228.137) orient=(-180,-0.09,-99.5053)
[Haptic] Force applied: (0.126788, -0, 3.81039e-05) N  mag=0.126788  stale=0  button1=1  button2=0
[StateMachine] REJECT frame: ERR_IK_SINGULAR
[Safety] REJECT: singular configuration (cond>>500) — candidate=(-139.755,-304.989,227.837)
[StateMachine] REJECT frame: ERR_IK_SINGULAR
[Safety] REJECT: singular configuration (cond>>500) — candidate=(-139.809,-304.878,227.793)
[Haptic] Force applied: (0.000668774, -0, -0.114162) N  mag=0.114164  stale=0  button1=1  button2=0
[Relay] Motion sends: 8750 ok, 0 fail  target=(-153.185,-302.493,228.531) orient=(180,-0.09,-99.51)
[Haptic] Force applied: (0.00771343, -0, -0.0609373) N  mag=0.0614235  stale=0  button1=1  button2=0
[StateMachine] RUNNING → READY
[Relay] Button RELEASE — motion stopped
[StateMachine] READY → RUNNING
[Relay] Button PRESS  — target start=(-152.66,-294.39,287.95)
[Relay] Hold button + move Touch (incremental mode)
[StateMachine] RUNNING → READY
[Relay] Button RELEASE — motion stopped
[StateMachine] READY → RUNNING
[Relay] Button PRESS  — target start=(-147.28,-288.35,316.84)
[Relay] Hold button + move Touch (incremental mode)
[Relay] Motion sends: 8800 ok, 0 fail  target=(-146.107,-286.875,312.754) orient=(-180,-0,-99.48)
[StateMachine] RUNNING → READY
[Relay] Button RELEASE — motion stopped
[StateMachine] READY → RUNNING
[Relay] Button PRESS  — target start=(-140.75,-270.95,308.39)
[Relay] Hold button + move Touch (incremental mode)
[StateMachine] RUNNING → READY
[Relay] Button RELEASE — motion stopped

############################################################
##  ⚠⚠  触觉安全提示已关闭  (Config::FORCE_CONSTRAINT_FORCES_ENABLED = false)
##   虚拟约束力已【全部】停用 —— 现在【没有任何】推力提示:
##     · 靠近安全边界 (SAFE_X/Y/Z)
##     · 靠近圆柱奇异 (半径 < 80mm)
##     · 靠近工作空间边缘 (半径 > 550mm)
##     · 靠近历史报警点 (真报过警的位置)
##   ⇒ 请靠【视觉】与【报警指示灯】判断危险。
##   (机械臂自身的碰撞检测与安全皮肤由机械臂侧做, 不受本开关影响。)
##   本横幅每 60 秒复报一次。
############################################################


############################################################
##  ⚠⚠  触觉安全提示已关闭  (Config::FORCE_CONSTRAINT_FORCES_ENABLED = false)
##   虚拟约束力已【全部】停用 —— 现在【没有任何】推力提示:
##     · 靠近安全边界 (SAFE_X/Y/Z)
##     · 靠近圆柱奇异 (半径 < 80mm)
##     · 靠近工作空间边缘 (半径 > 550mm)
##     · 靠近历史报警点 (真报过警的位置)
##   ⇒ 请靠【视觉】与【报警指示灯】判断危险。
##   (机械臂自身的碰撞检测与安全皮肤由机械臂侧做, 不受本开关影响。)
##   本横幅每 60 秒复报一次。
############################################################


Shutting down...
Disabling robot...
[Relay] GUI reporting 【已重连】到 127.0.0.1:8888
[Force] Realtime port disconnected
[Force] Realtime recv failed, reconnecting...
[StateMachine] READY → DISCONNECTED
****************************************
This is the DEVELOPER EDITION of OPENHAPTICS, commercial distribution is prohibited
Please contact 3D Systems to obtain a commercial license
****************************************
