solid OpenSCAD_Model
  facet normal -0 0 1
    outer loop
      vertex -18.6279 19.3939 0
      vertex -9.39568 10.7137 0
      vertex -18.4697 19.6147 0
    endloop
  endfacet
  facet normal -0 0 1
    outer loop
      vertex -18.8002 19.184 0
      vertex -9.39568 10.7137 0
      vertex -18.6279 19.3939 0
    endloop
  endfacet
  facet normal 0 0 1
    outer loop
      vertex -9.39568 10.7137 0
      vertex -18.8002 19.184 0
      vertex -10.0763 10.0763 0
    endloop
  endfacet
  facet normal -0 0 1
    outer loop
      vertex -18.9858 18.9858 0
      vertex -10.0763 10.0763 0
      vertex -18.8002 19.184 0
    endloop
  endfacet
  facet normal -0 0 1
    outer loop
      vertex -19.184 18.8002 0
      vertex -10.0763 10.0763 0
      vertex -18.9858 18.9858 0
    endloop
  endfacet
  facet normal 0 0 1
    outer loop
      vertex -10.0763 10.0763 0
      vertex -19.184 18.8002 0
      vertex -10.7137 9.39568 0
    endloop
  endfacet
  facet normal 0 0 1
    outer loop
      vertex -13.4938 4.58051 0
      vertex -17.8638 3.7 0
      vertex -15.7276 0 0
    endloop
  endfacet
  facet normal -0 0 1
    outer loop
      vertex -19.3939 18.6279 0
      vertex -10.7137 9.39568 0
      vertex -19.184 18.8002 0
    endloop
  endfacet
  facet normal -0 0 1
    outer loop
      vertex -19.6147 18.4697 0
      vertex -10.7137 9.39568 0
      vertex -19.3939 18.6279 0
    endloop
  endfacet
  facet normal 0 0 1
    outer loop
      vertex -10.7137 9.39568 0
      vertex -19.6147 18.4697 0
      vertex -11.3053 8.67485 0
    endloop
  endfacet
  facet normal -0 0 1
    outer loop
      vertex -19.8453 18.3263 0
      vertex -11.3053 8.67485 0
      vertex -19.6147 18.4697 0
    endloop
  endfacet
  facet normal -0 0 1
    outer loop
      vertex -20.0848 18.1983 0
      vertex -11.3053 8.67485 0
      vertex -19.8453 18.3263 0
    endloop
  endfacet
  facet normal 0 0 1
    outer loop
      vertex -11.3053 8.67485 0
      vertex -20.0848 18.1983 0
      vertex -11.8484 7.91687 0
    endloop
  endfacet
  facet normal -0 0 1
    outer loop
      vertex -20.3322 18.0862 0
      vertex -11.8484 7.91687 0
      vertex -20.0848 18.1983 0
    endloop
  endfacet
  facet normal -0 0 1
    outer loop
      vertex -20.5863 17.9906 0
      vertex -11.8484 7.91687 0
      vertex -20.3322 18.0862 0
    endloop
  endfacet
  facet normal 0 0 1
    outer loop
      vertex -11.8484 7.91687 0
      vertex -20.5863 17.9906 0
      vertex -12.3409 7.125 0
    endloop
  endfacet
  facet normal 0 -0 1
    outer loop
      vertex -17.8638 3.7 0
      vertex -12.3409 7.125 0
      vertex -20.5863 17.9906 0
    endloop
  endfacet
  facet normal 0 0 1
    outer loop
      vertex -13.1653 5.45324 0
      vertex -17.8638 3.7 0
      vertex -13.4938 4.58051 0
    endloop
  endfacet
  facet normal 0 0 1
    outer loop
      vertex -12.3409 7.125 0
      vertex -17.8638 3.7 0
      vertex -12.7804 6.30261 0
    endloop
  endfacet
  facet normal 0 0 1
    outer loop
      vertex -12.7804 6.30261 0
      vertex -17.8638 3.7 0
      vertex -13.1653 5.45324 0
    endloop
  endfacet
  facet normal -0 0 1
    outer loop
      vertex -20.8462 17.9117 0
      vertex -17.8638 3.7 0
      vertex -20.5863 17.9906 0
    endloop
  endfacet
  facet normal -0 0 1
    outer loop
      vertex -21.1107 17.8501 0
      vertex -17.8638 3.7 0
      vertex -20.8462 17.9117 0
    endloop
  endfacet
  facet normal -0 0 1
    outer loop
      vertex -21.3786 17.8058 0
      vertex -17.8638 3.7 0
      vertex -21.1107 17.8501 0
    endloop
  endfacet
  facet normal 0 0 1
    outer loop
      vertex -22.1362 3.7 0
      vertex -21.3786 17.8058 0
      vertex -21.6489 17.7792 0
    endloop
  endfacet
  facet normal 0 0 1
    outer loop
      vertex -22.1362 3.7 0
      vertex -21.6489 17.7792 0
      vertex -21.9203 17.7703 0
    endloop
  endfacet
  facet normal 0 0 1
    outer loop
      vertex -21.3786 17.8058 0
      vertex -22.1362 3.7 0
      vertex -17.8638 3.7 0
    endloop
  endfacet
  facet normal 0 0 1
    outer loop
      vertex -22.1917 17.7792 0
      vertex -22.1362 3.7 0
      vertex -21.9203 17.7703 0
    endloop
  endfacet
  facet normal 0 0 1
    outer loop
      vertex -22.462 17.8058 0
      vertex -22.1362 3.7 0
      vertex -22.1917 17.7792 0
    endloop
  endfacet
  facet normal 0 0 1
    outer loop
      vertex -22.7299 17.8501 0
      vertex -22.1362 3.7 0
      vertex -22.462 17.8058 0
    endloop
  endfacet
  facet normal 0 0 1
    outer loop
      vertex -22.9944 17.9117 0
      vertex -22.1362 3.7 0
      vertex -22.7299 17.8501 0
    endloop
  endfacet
  facet normal 0 0 1
    outer loop
      vertex -23.2543 17.9906 0
      vertex -22.1362 3.7 0
      vertex -22.9944 17.9117 0
    endloop
  endfacet
  facet normal 0 0 1
    outer loop
      vertex -23.5084 18.0862 0
      vertex -22.1362 3.7 0
      vertex -23.2543 17.9906 0
    endloop
  endfacet
  facet normal 0 0 1
    outer loop
      vertex -23.7558 18.1983 0
      vertex -22.1362 3.7 0
      vertex -23.5084 18.0862 0
    endloop
  endfacet
  facet normal 0 0 1
    outer loop
      vertex -23.9953 18.3263 0
      vertex -22.1362 3.7 0
      vertex -23.7558 18.1983 0
    endloop
  endfacet
  facet normal 0 0 1
    outer loop
      vertex -24.2259 18.4697 0
      vertex -22.1362 3.7 0
      vertex -23.9953 18.3263 0
    endloop
  endfacet
  facet normal 0 0 1
    outer loop
      vertex -24.4467 18.6279 0
      vertex -22.1362 3.7 0
      vertex -24.2259 18.4697 0
    endloop
  endfacet
  facet normal 0 0 1
    outer loop
      vertex -24.6566 18.8002 0
      vertex -22.1362 3.7 0
      vertex -24.4467 18.6279 0
    endloop
  endfacet
  facet normal 0 0 1
    outer loop
      vertex 32 32 0
      vertex 30 -18.2203 0
      vertex 32 -32 0
    endloop
  endfacet
  facet normal -0 0 1
    outer loop
      vertex 24.2724 0 0
      vertex 30 -18.2203 0
      vertex 32 32 0
    endloop
  endfacet
  facet normal 0 0 1
    outer loop
      vertex 26.4 -18.2203 0
      vertex 26.0703 -21.9203 0
      vertex 26.4 -25.6203 0
    endloop
  endfacet
  facet normal 0 0 1
    outer loop
      vertex 26.4 -18.2203 0
      vertex 26.0614 -21.6489 0
      vertex 26.0703 -21.9203 0
    endloop
  endfacet
  facet normal 0 0 1
    outer loop
      vertex 26.4 -18.2203 0
      vertex 26.0348 -21.3786 0
      vertex 26.0614 -21.6489 0
    endloop
  endfacet
  facet normal -0 0 1
    outer loop
      vertex 22.1362 -3.7 0
      vertex 30 -18.2203 0
      vertex 24.2724 0 0
    endloop
  endfacet
  facet normal 0 0 1
    outer loop
      vertex 26.4 -18.2203 0
      vertex 25.9906 -21.1107 0
      vertex 26.0348 -21.3786 0
    endloop
  endfacet
  facet normal 0 0 1
    outer loop
      vertex 30 -18.2203 0
      vertex 22.1362 -3.7 0
      vertex 26.4 -18.2203 0
    endloop
  endfacet
  facet normal 0 0 1
    outer loop
      vertex 26.4 -18.2203 0
      vertex 25.9289 -20.8462 0
      vertex 25.9906 -21.1107 0
    endloop
  endfacet
  facet normal 0 0 1
    outer loop
      vertex 26.4 -18.2203 0
      vertex 25.8501 -20.5863 0
      vertex 25.9289 -20.8462 0
    endloop
  endfacet
  facet normal 0 0 1
    outer loop
      vertex 26.4 -18.2203 0
      vertex 25.7544 -20.3322 0
      vertex 25.8501 -20.5863 0
    endloop
  endfacet
  facet normal 0 0 1
    outer loop
      vertex 26.4 -18.2203 0
      vertex 25.6423 -20.0848 0
      vertex 25.7544 -20.3322 0
    endloop
  endfacet
  facet normal 0 0 1
    outer loop
      vertex 26.4 -18.2203 0
      vertex 25.5143 -19.8453 0
      vertex 25.6423 -20.0848 0
    endloop
  endfacet
  facet normal 0 0 1
    outer loop
      vertex 26.4 -18.2203 0
      vertex 25.3709 -19.6147 0
      vertex 25.5143 -19.8453 0
    endloop
  endfacet
  facet normal 0 0 1
    outer loop
      vertex 26.4 -18.2203 0
      vertex 25.2127 -19.3939 0
      vertex 25.3709 -19.6147 0
    endloop
  endfacet
  facet normal 0 0 1
    outer loop
      vertex 26.4 -18.2203 0
      vertex 25.0404 -19.184 0
      vertex 25.2127 -19.3939 0
    endloop
  endfacet
  facet normal -0 -0 1
    outer loop
      vertex 23.2543 -17.9906 0
      vertex 26.4 -18.2203 0
      vertex 22.1362 -3.7 0
    endloop
  endfacet
  facet normal 0 0 1
    outer loop
      vertex 26.4 -18.2203 0
      vertex 24.8548 -18.9858 0
      vertex 25.0404 -19.184 0
    endloop
  endfacet
  facet normal 0 0 1
    outer loop
      vertex 26.4 -18.2203 0
      vertex 24.6566 -18.8002 0
      vertex 24.8548 -18.9858 0
    endloop
  endfacet
  facet normal 0 0 1
    outer loop
      vertex 32 32 0
      vertex 22.1362 3.7 0
      vertex 24.2724 0 0
    endloop
  endfacet
  facet normal -0 0 1
    outer loop
      vertex 10.7137 9.39568 0
      vertex 22.1362 3.7 0
      vertex 32 32 0
    endloop
  endfacet
  facet normal -0 -0 1
    outer loop
      vertex 11.8484 7.91687 0
      vertex 22.1362 3.7 0
      vertex 11.3053 8.67485 0
    endloop
  endfacet
  facet normal 0 -0 1
    outer loop
      vertex 13.7644 3.68817 0
      vertex 17.8638 3.7 0
      vertex 13.4938 4.58051 0
    endloop
  endfacet
  facet normal 0 0 1
    outer loop
      vertex 15.7276 0 0
      vertex 14.2195 0.931994 0
      vertex 14.25 0 0
    endloop
  endfacet
  facet normal 0 0 1
    outer loop
      vertex 15.7276 0 0
      vertex 14.1281 1.86 0
      vertex 14.2195 0.931994 0
    endloop
  endfacet
  facet normal 0 0 1
    outer loop
      vertex 17.8638 3.7 0
      vertex 14.1281 1.86 0
      vertex 15.7276 0 0
    endloop
  endfacet
  facet normal 0 -0 1
    outer loop
      vertex 14.1281 1.86 0
      vertex 17.8638 3.7 0
      vertex 13.9762 2.78004 0
    endloop
  endfacet
  facet normal 0 -0 1
    outer loop
      vertex 13.9762 2.78004 0
      vertex 17.8638 3.7 0
      vertex 13.7644 3.68817 0
    endloop
  endfacet
  facet normal 0 0 1
    outer loop
      vertex 17.8638 3.7 0
      vertex 13.1653 5.45324 0
      vertex 13.4938 4.58051 0
    endloop
  endfacet
  facet normal 0 0 1
    outer loop
      vertex 17.8638 3.7 0
      vertex 12.7804 6.30261 0
      vertex 13.1653 5.45324 0
    endloop
  endfacet
  facet normal 0 0 1
    outer loop
      vertex 17.8638 3.7 0
      vertex 12.3409 7.125 0
      vertex 12.7804 6.30261 0
    endloop
  endfacet
  facet normal 0 0 1
    outer loop
      vertex 17.8638 3.7 0
      vertex 11.8484 7.91687 0
      vertex 12.3409 7.125 0
    endloop
  endfacet
  facet normal 0 0 1
    outer loop
      vertex 22.1362 3.7 0
      vertex 11.8484 7.91687 0
      vertex 17.8638 3.7 0
    endloop
  endfacet
  facet normal 0 0 1
    outer loop
      vertex 22.1362 3.7 0
      vertex 10.7137 9.39568 0
      vertex 11.3053 8.67485 0
    endloop
  endfacet
  facet normal 0 0 1
    outer loop
      vertex 32 32 0
      vertex 10.0763 10.0763 0
      vertex 10.7137 9.39568 0
    endloop
  endfacet
  facet normal 0 0 1
    outer loop
      vertex 32 32 0
      vertex 9.39568 10.7137 0
      vertex 10.0763 10.0763 0
    endloop
  endfacet
  facet normal 0 0 1
    outer loop
      vertex 32 32 0
      vertex 8.67485 11.3053 0
      vertex 9.39568 10.7137 0
    endloop
  endfacet
  facet normal 0 0 1
    outer loop
      vertex 32 32 0
      vertex 7.91687 11.8484 0
      vertex 8.67485 11.3053 0
    endloop
  endfacet
  facet normal 0 0 1
    outer loop
      vertex 32 32 0
      vertex 7.125 12.3409 0
      vertex 7.91687 11.8484 0
    endloop
  endfacet
  facet normal 0 0 1
    outer loop
      vertex 32 32 0
      vertex 6.30261 12.7804 0
      vertex 7.125 12.3409 0
    endloop
  endfacet
  facet normal 0 0 1
    outer loop
      vertex 32 32 0
      vertex 5.45324 13.1653 0
      vertex 6.30261 12.7804 0
    endloop
  endfacet
  facet normal 0 0 1
    outer loop
      vertex 32 32 0
      vertex 4.58051 13.4938 0
      vertex 5.45324 13.1653 0
    endloop
  endfacet
  facet normal 0 0 1
    outer loop
      vertex 32 32 0
      vertex 3.68817 13.7644 0
      vertex 4.58051 13.4938 0
    endloop
  endfacet
  facet normal 0 0 1
    outer loop
      vertex 32 32 0
      vertex 2.78004 13.9762 0
      vertex 3.68817 13.7644 0
    endloop
  endfacet
  facet normal 0 0 1
    outer loop
      vertex 32 32 0
      vertex 1.86 14.1281 0
      vertex 2.78004 13.9762 0
    endloop
  endfacet
  facet normal 0 0 1
    outer loop
      vertex 32 32 0
      vertex 0.931994 14.2195 0
      vertex 1.86 14.1281 0
    endloop
  endfacet
  facet normal -0 0 1
    outer loop
      vertex -18.8002 24.6566 0
      vertex 0.931994 14.2195 0
      vertex 32 32 0
    endloop
  endfacet
  facet normal -0 -0 1
    outer loop
      vertex -18.6279 24.4467 0
      vertex 0.931994 14.2195 0
      vertex -18.8002 24.6566 0
    endloop
  endfacet
  facet normal -0 -0 1
    outer loop
      vertex -18.4697 24.2259 0
      vertex 0 14.25 0
      vertex -18.6279 24.4467 0
    endloop
  endfacet
  facet normal -0 -0 1
    outer loop
      vertex -18.3263 23.9953 0
      vertex 0 14.25 0
      vertex -18.4697 24.2259 0
    endloop
  endfacet
  facet normal 0 0 1
    outer loop
      vertex 0 14.25 0
      vertex -18.3263 23.9953 0
      vertex -0.931994 14.2195 0
    endloop
  endfacet
  facet normal 0 0 1
    outer loop
      vertex -0.931994 14.2195 0
      vertex -18.1983 23.7558 0
      vertex -1.86 14.1281 0
    endloop
  endfacet
  facet normal -0 -0 1
    outer loop
      vertex -18.0862 23.5084 0
      vertex -1.86 14.1281 0
      vertex -18.1983 23.7558 0
    endloop
  endfacet
  facet normal 0 0 1
    outer loop
      vertex -1.86 14.1281 0
      vertex -17.9906 23.2543 0
      vertex -2.78004 13.9762 0
    endloop
  endfacet
  facet normal 0 0 1
    outer loop
      vertex -14.2195 0.931994 0
      vertex -15.7276 0 0
      vertex -14.25 0 0
    endloop
  endfacet
  facet normal 0 0 1
    outer loop
      vertex -14.1281 1.86 0
      vertex -15.7276 0 0
      vertex -14.2195 0.931994 0
    endloop
  endfacet
  facet normal 0 0 1
    outer loop
      vertex -13.9762 2.78004 0
      vertex -15.7276 0 0
      vertex -14.1281 1.86 0
    endloop
  endfacet
  facet normal 0 0 1
    outer loop
      vertex -13.7644 3.68817 0
      vertex -15.7276 0 0
      vertex -13.9762 2.78004 0
    endloop
  endfacet
  facet normal 0 0 1
    outer loop
      vertex -13.4938 4.58051 0
      vertex -15.7276 0 0
      vertex -13.7644 3.68817 0
    endloop
  endfacet
  facet normal -0 0 1
    outer loop
      vertex -18.4697 19.6147 0
      vertex -8.67485 11.3053 0
      vertex -18.3263 19.8453 0
    endloop
  endfacet
  facet normal -0 0 1
    outer loop
      vertex -18.3263 19.8453 0
      vertex -8.67485 11.3053 0
      vertex -18.1983 20.0848 0
    endloop
  endfacet
  facet normal 0 0 1
    outer loop
      vertex -8.67485 11.3053 0
      vertex -18.4697 19.6147 0
      vertex -9.39568 10.7137 0
    endloop
  endfacet
  facet normal 0 0 1
    outer loop
      vertex -7.91687 11.8484 0
      vertex -18.1983 20.0848 0
      vertex -8.67485 11.3053 0
    endloop
  endfacet
  facet normal -0 0 1
    outer loop
      vertex -18.1983 20.0848 0
      vertex -7.91687 11.8484 0
      vertex -18.0862 20.3322 0
    endloop
  endfacet
  facet normal -0 0 1
    outer loop
      vertex -18.0862 20.3322 0
      vertex -7.91687 11.8484 0
      vertex -17.9906 20.5863 0
    endloop
  endfacet
  facet normal 0 0 1
    outer loop
      vertex -7.125 12.3409 0
      vertex -17.9906 20.5863 0
      vertex -7.91687 11.8484 0
    endloop
  endfacet
  facet normal -0 0 1
    outer loop
      vertex -17.9906 20.5863 0
      vertex -7.125 12.3409 0
      vertex -17.9117 20.8462 0
    endloop
  endfacet
  facet normal -0 0 1
    outer loop
      vertex -17.9117 20.8462 0
      vertex -7.125 12.3409 0
      vertex -17.8501 21.1107 0
    endloop
  endfacet
  facet normal 0 0 1
    outer loop
      vertex -6.30261 12.7804 0
      vertex -17.8501 21.1107 0
      vertex -7.125 12.3409 0
    endloop
  endfacet
  facet normal -0 0 1
    outer loop
      vertex -17.8501 21.1107 0
      vertex -6.30261 12.7804 0
      vertex -17.8058 21.3786 0
    endloop
  endfacet
  facet normal -0 0 1
    outer loop
      vertex -17.8058 21.3786 0
      vertex -6.30261 12.7804 0
      vertex -17.7792 21.6489 0
    endloop
  endfacet
  facet normal 0 0 1
    outer loop
      vertex -5.45324 13.1653 0
      vertex -17.7792 21.6489 0
      vertex -6.30261 12.7804 0
    endloop
  endfacet
  facet normal -0 -0 1
    outer loop
      vertex -17.9117 22.9944 0
      vertex -2.78004 13.9762 0
      vertex -17.9906 23.2543 0
    endloop
  endfacet
  facet normal -0 0 1
    outer loop
      vertex -17.7792 21.6489 0
      vertex -5.45324 13.1653 0
      vertex -17.7703 21.9203 0
    endloop
  endfacet
  facet normal 0 0 1
    outer loop
      vertex -4.58051 13.4938 0
      vertex -17.7703 21.9203 0
      vertex -5.45324 13.1653 0
    endloop
  endfacet
  facet normal -0 -0 1
    outer loop
      vertex -17.7703 21.9203 0
      vertex -4.58051 13.4938 0
      vertex -17.7792 22.1917 0
    endloop
  endfacet
  facet normal -0 -0 1
    outer loop
      vertex -17.7792 22.1917 0
      vertex -4.58051 13.4938 0
      vertex -17.8058 22.462 0
    endloop
  endfacet
  facet normal 0 0 1
    outer loop
      vertex -3.68817 13.7644 0
      vertex -17.8058 22.462 0
      vertex -4.58051 13.4938 0
    endloop
  endfacet
  facet normal -0 -0 1
    outer loop
      vertex -17.8058 22.462 0
      vertex -3.68817 13.7644 0
      vertex -17.8501 22.7299 0
    endloop
  endfacet
  facet normal -0 -0 1
    outer loop
      vertex -17.8501 22.7299 0
      vertex -3.68817 13.7644 0
      vertex -17.9117 22.9944 0
    endloop
  endfacet
  facet normal 0 0 1
    outer loop
      vertex -2.78004 13.9762 0
      vertex -17.9117 22.9944 0
      vertex -3.68817 13.7644 0
    endloop
  endfacet
  facet normal -0 -0 1
    outer loop
      vertex -17.9906 23.2543 0
      vertex -1.86 14.1281 0
      vertex -18.0862 23.5084 0
    endloop
  endfacet
  facet normal -0 -0 1
    outer loop
      vertex -18.1983 23.7558 0
      vertex -0.931994 14.2195 0
      vertex -18.3263 23.9953 0
    endloop
  endfacet
  facet normal 0 0 1
    outer loop
      vertex 0.931994 14.2195 0
      vertex -18.6279 24.4467 0
      vertex 0 14.25 0
    endloop
  endfacet
  facet normal 0 0 1
    outer loop
      vertex 32 32 0
      vertex -18.9858 24.8548 0
      vertex -18.8002 24.6566 0
    endloop
  endfacet
  facet normal 0 0 1
    outer loop
      vertex 32 32 0
      vertex -19.184 25.0404 0
      vertex -18.9858 24.8548 0
    endloop
  endfacet
  facet normal 0 0 1
    outer loop
      vertex 32 32 0
      vertex -19.3939 25.2127 0
      vertex -19.184 25.0404 0
    endloop
  endfacet
  facet normal 0 0 1
    outer loop
      vertex 32 32 0
      vertex -19.6147 25.3709 0
      vertex -19.3939 25.2127 0
    endloop
  endfacet
  facet normal 0 0 1
    outer loop
      vertex 32 32 0
      vertex -19.8453 25.5143 0
      vertex -19.6147 25.3709 0
    endloop
  endfacet
  facet normal 0 0 1
    outer loop
      vertex 32 32 0
      vertex -20.0848 25.6423 0
      vertex -19.8453 25.5143 0
    endloop
  endfacet
  facet normal 0 0 1
    outer loop
      vertex 32 32 0
      vertex -20.3322 25.7544 0
      vertex -20.0848 25.6423 0
    endloop
  endfacet
  facet normal -0 0 1
    outer loop
      vertex -32 32 0
      vertex -20.3322 25.7544 0
      vertex 32 32 0
    endloop
  endfacet
  facet normal 0 0 1
    outer loop
      vertex -20.3322 25.7544 0
      vertex -32 32 0
      vertex -20.5863 25.8501 0
    endloop
  endfacet
  facet normal 0 0 1
    outer loop
      vertex -20.5863 25.8501 0
      vertex -32 32 0
      vertex -20.8462 25.9289 0
    endloop
  endfacet
  facet normal 0 0 1
    outer loop
      vertex -20.8462 25.9289 0
      vertex -32 32 0
      vertex -21.1107 25.9906 0
    endloop
  endfacet
  facet normal 0 0 1
    outer loop
      vertex -21.1107 25.9906 0
      vertex -32 32 0
      vertex -21.3786 26.0348 0
    endloop
  endfacet
  facet normal 0 0 1
    outer loop
      vertex -21.3786 26.0348 0
      vertex -32 32 0
      vertex -21.6489 26.0614 0
    endloop
  endfacet
  facet normal 0 0 1
    outer loop
      vertex -21.6489 26.0614 0
      vertex -32 32 0
      vertex -21.9203 26.0703 0
    endloop
  endfacet
  facet normal 0 0 1
    outer loop
      vertex -21.9203 26.0703 0
      vertex -32 32 0
      vertex -22.1917 26.0614 0
    endloop
  endfacet
  facet normal 0 0 1
    outer loop
      vertex -26.0614 22.1917 0
      vertex -32 32 0
      vertex -26.0703 21.9203 0
    endloop
  endfacet
  facet normal 0 0 1
    outer loop
      vertex -26.0348 22.462 0
      vertex -32 32 0
      vertex -26.0614 22.1917 0
    endloop
  endfacet
  facet normal 0 0 1
    outer loop
      vertex -25.9906 22.7299 0
      vertex -32 32 0
      vertex -26.0348 22.462 0
    endloop
  endfacet
  facet normal 0 0 1
    outer loop
      vertex -25.9289 22.9944 0
      vertex -32 32 0
      vertex -25.9906 22.7299 0
    endloop
  endfacet
  facet normal 0 0 1
    outer loop
      vertex -25.8501 23.2543 0
      vertex -32 32 0
      vertex -25.9289 22.9944 0
    endloop
  endfacet
  facet normal 0 0 1
    outer loop
      vertex -25.7544 23.5084 0
      vertex -32 32 0
      vertex -25.8501 23.2543 0
    endloop
  endfacet
  facet normal 0 0 1
    outer loop
      vertex -25.6423 23.7558 0
      vertex -32 32 0
      vertex -25.7544 23.5084 0
    endloop
  endfacet
  facet normal 0 0 1
    outer loop
      vertex -25.5143 23.9953 0
      vertex -32 32 0
      vertex -25.6423 23.7558 0
    endloop
  endfacet
  facet normal 0 0 1
    outer loop
      vertex -25.3709 24.2259 0
      vertex -32 32 0
      vertex -25.5143 23.9953 0
    endloop
  endfacet
  facet normal 0 0 1
    outer loop
      vertex -25.2127 24.4467 0
      vertex -32 32 0
      vertex -25.3709 24.2259 0
    endloop
  endfacet
  facet normal 0 0 1
    outer loop
      vertex -25.0404 24.6566 0
      vertex -32 32 0
      vertex -25.2127 24.4467 0
    endloop
  endfacet
  facet normal 0 0 1
    outer loop
      vertex -24.8548 24.8548 0
      vertex -32 32 0
      vertex -25.0404 24.6566 0
    endloop
  endfacet
  facet normal 0 0 1
    outer loop
      vertex -24.6566 25.0404 0
      vertex -32 32 0
      vertex -24.8548 24.8548 0
    endloop
  endfacet
  facet normal 0 0 1
    outer loop
      vertex -24.4467 25.2127 0
      vertex -32 32 0
      vertex -24.6566 25.0404 0
    endloop
  endfacet
  facet normal 0 0 1
    outer loop
      vertex -24.2259 25.3709 0
      vertex -32 32 0
      vertex -24.4467 25.2127 0
    endloop
  endfacet
  facet normal 0 0 1
    outer loop
      vertex -23.9953 25.5143 0
      vertex -32 32 0
      vertex -24.2259 25.3709 0
    endloop
  endfacet
  facet normal 0 0 1
    outer loop
      vertex -23.7558 25.6423 0
      vertex -32 32 0
      vertex -23.9953 25.5143 0
    endloop
  endfacet
  facet normal 0 0 1
    outer loop
      vertex -23.5084 25.7544 0
      vertex -32 32 0
      vertex -23.7558 25.6423 0
    endloop
  endfacet
  facet normal 0 0 1
    outer loop
      vertex -23.2543 25.8501 0
      vertex -32 32 0
      vertex -23.5084 25.7544 0
    endloop
  endfacet
  facet normal 0 0 1
    outer loop
      vertex -22.9944 25.9289 0
      vertex -32 32 0
      vertex -23.2543 25.8501 0
    endloop
  endfacet
  facet normal 0 0 1
    outer loop
      vertex -22.7299 25.9906 0
      vertex -32 32 0
      vertex -22.9944 25.9289 0
    endloop
  endfacet
  facet normal 0 0 1
    outer loop
      vertex -22.462 26.0348 0
      vertex -32 32 0
      vertex -22.7299 25.9906 0
    endloop
  endfacet
  facet normal 0 0 1
    outer loop
      vertex -22.1917 26.0614 0
      vertex -32 32 0
      vertex -22.462 26.0348 0
    endloop
  endfacet
  facet normal -0 0 1
    outer loop
      vertex 30 -25.6203 0
      vertex 32 -32 0
      vertex 30 -18.2203 0
    endloop
  endfacet
  facet normal -0 0 1
    outer loop
      vertex 26.4 -25.6203 0
      vertex 32 -32 0
      vertex 30 -25.6203 0
    endloop
  endfacet
  facet normal -0 0 1
    outer loop
      vertex 26.0614 -22.1917 0
      vertex 26.4 -25.6203 0
      vertex 26.0703 -21.9203 0
    endloop
  endfacet
  facet normal -0 0 1
    outer loop
      vertex 26.0348 -22.462 0
      vertex 26.4 -25.6203 0
      vertex 26.0614 -22.1917 0
    endloop
  endfacet
  facet normal -0 0 1
    outer loop
      vertex 25.9906 -22.7299 0
      vertex 26.4 -25.6203 0
      vertex 26.0348 -22.462 0
    endloop
  endfacet
  facet normal -0 0 1
    outer loop
      vertex 25.9289 -22.9944 0
      vertex 26.4 -25.6203 0
      vertex 25.9906 -22.7299 0
    endloop
  endfacet
  facet normal -0 0 1
    outer loop
      vertex 25.8501 -23.2543 0
      vertex 26.4 -25.6203 0
      vertex 25.9289 -22.9944 0
    endloop
  endfacet
  facet normal -0 0 1
    outer loop
      vertex 25.7544 -23.5084 0
      vertex 26.4 -25.6203 0
      vertex 25.8501 -23.2543 0
    endloop
  endfacet
  facet normal -0 0 1
    outer loop
      vertex 25.6423 -23.7558 0
      vertex 26.4 -25.6203 0
      vertex 25.7544 -23.5084 0
    endloop
  endfacet
  facet normal -0 0 1
    outer loop
      vertex 25.5143 -23.9953 0
      vertex 26.4 -25.6203 0
      vertex 25.6423 -23.7558 0
    endloop
  endfacet
  facet normal -0 0 1
    outer loop
      vertex 25.3709 -24.2259 0
      vertex 26.4 -25.6203 0
      vertex 25.5143 -23.9953 0
    endloop
  endfacet
  facet normal -0 0 1
    outer loop
      vertex 25.2127 -24.4467 0
      vertex 26.4 -25.6203 0
      vertex 25.3709 -24.2259 0
    endloop
  endfacet
  facet normal -0 0 1
    outer loop
      vertex 25.0404 -24.6566 0
      vertex 26.4 -25.6203 0
      vertex 25.2127 -24.4467 0
    endloop
  endfacet
  facet normal -0 0 1
    outer loop
      vertex 24.8548 -24.8548 0
      vertex 26.4 -25.6203 0
      vertex 25.0404 -24.6566 0
    endloop
  endfacet
  facet normal -0 0 1
    outer loop
      vertex 24.6566 -25.0404 0
      vertex 26.4 -25.6203 0
      vertex 24.8548 -24.8548 0
    endloop
  endfacet
  facet normal -0 0 1
    outer loop
      vertex 24.4467 -25.2127 0
      vertex 26.4 -25.6203 0
      vertex 24.6566 -25.0404 0
    endloop
  endfacet
  facet normal -0 0 1
    outer loop
      vertex 24.2259 -25.3709 0
      vertex 26.4 -25.6203 0
      vertex 24.4467 -25.2127 0
    endloop
  endfacet
  facet normal -0 0 1
    outer loop
      vertex 23.9953 -25.5143 0
      vertex 26.4 -25.6203 0
      vertex 24.2259 -25.3709 0
    endloop
  endfacet
  facet normal 0 0 1
    outer loop
      vertex 23.7558 -25.6423 0
      vertex 26.4 -25.6203 0
      vertex 23.9953 -25.5143 0
    endloop
  endfacet
  facet normal 0 0 1
    outer loop
      vertex 23.5084 -25.7544 0
      vertex 26.4 -25.6203 0
      vertex 23.7558 -25.6423 0
    endloop
  endfacet
  facet normal 0 0 1
    outer loop
      vertex 23.2543 -25.8501 0
      vertex 26.4 -25.6203 0
      vertex 23.5084 -25.7544 0
    endloop
  endfacet
  facet normal 0 0 1
    outer loop
      vertex 26.4 -25.6203 0
      vertex 23.2543 -25.8501 0
      vertex 32 -32 0
    endloop
  endfacet
  facet normal -0 0 1
    outer loop
      vertex 22.9944 -25.9289 0
      vertex 32 -32 0
      vertex 23.2543 -25.8501 0
    endloop
  endfacet
  facet normal -0 0 1
    outer loop
      vertex 22.7299 -25.9906 0
      vertex 32 -32 0
      vertex 22.9944 -25.9289 0
    endloop
  endfacet
  facet normal -0 0 1
    outer loop
      vertex 22.462 -26.0348 0
      vertex 32 -32 0
      vertex 22.7299 -25.9906 0
    endloop
  endfacet
  facet normal -0 0 1
    outer loop
      vertex 22.1917 -26.0614 0
      vertex 32 -32 0
      vertex 22.462 -26.0348 0
    endloop
  endfacet
  facet normal -0 0 1
    outer loop
      vertex 21.9203 -26.0703 0
      vertex 32 -32 0
      vertex 22.1917 -26.0614 0
    endloop
  endfacet
  facet normal 0 0 1
    outer loop
      vertex 21.6489 -26.0614 0
      vertex 32 -32 0
      vertex 21.9203 -26.0703 0
    endloop
  endfacet
  facet normal 0 0 1
    outer loop
      vertex 21.3786 -26.0348 0
      vertex 32 -32 0
      vertex 21.6489 -26.0614 0
    endloop
  endfacet
  facet normal 0 0 1
    outer loop
      vertex 21.1107 -25.9906 0
      vertex 32 -32 0
      vertex 21.3786 -26.0348 0
    endloop
  endfacet
  facet normal 0 0 1
    outer loop
      vertex 20.8462 -25.9289 0
      vertex 32 -32 0
      vertex 21.1107 -25.9906 0
    endloop
  endfacet
  facet normal 0 0 1
    outer loop
      vertex 20.5863 -25.8501 0
      vertex 32 -32 0
      vertex 20.8462 -25.9289 0
    endloop
  endfacet
  facet normal 0 0 1
    outer loop
      vertex 20.3322 -25.7544 0
      vertex 32 -32 0
      vertex 20.5863 -25.8501 0
    endloop
  endfacet
  facet normal 0 0 1
    outer loop
      vertex -32 -32 0
      vertex 20.3322 -25.7544 0
      vertex 20.0848 -25.6423 0
    endloop
  endfacet
  facet normal -0 0 1
    outer loop
      vertex 8.67485 -11.3053 0
      vertex 18.4697 -19.6147 0
      vertex 9.39568 -10.7137 0
    endloop
  endfacet
  facet normal 0 0 1
    outer loop
      vertex 14.2195 -0.931994 0
      vertex 15.7276 0 0
      vertex 14.25 0 0
    endloop
  endfacet
  facet normal 0 0 1
    outer loop
      vertex 14.1281 -1.86 0
      vertex 15.7276 0 0
      vertex 14.2195 -0.931994 0
    endloop
  endfacet
  facet normal 0 0 1
    outer loop
      vertex 13.9762 -2.78004 0
      vertex 15.7276 0 0
      vertex 14.1281 -1.86 0
    endloop
  endfacet
  facet normal 0 0 1
    outer loop
      vertex 13.7644 -3.68817 0
      vertex 15.7276 0 0
      vertex 13.9762 -2.78004 0
    endloop
  endfacet
  facet normal 0 0 1
    outer loop
      vertex 13.4938 -4.58051 0
      vertex 15.7276 0 0
      vertex 13.7644 -3.68817 0
    endloop
  endfacet
  facet normal 0 0 1
    outer loop
      vertex 18.4697 -19.6147 0
      vertex 8.67485 -11.3053 0
      vertex 18.3263 -19.8453 0
    endloop
  endfacet
  facet normal 0 0 1
    outer loop
      vertex 18.3263 -19.8453 0
      vertex 8.67485 -11.3053 0
      vertex 18.1983 -20.0848 0
    endloop
  endfacet
  facet normal -0 0 1
    outer loop
      vertex 7.91687 -11.8484 0
      vertex 18.1983 -20.0848 0
      vertex 8.67485 -11.3053 0
    endloop
  endfacet
  facet normal 0 0 1
    outer loop
      vertex 18.1983 -20.0848 0
      vertex 7.91687 -11.8484 0
      vertex 18.0862 -20.3322 0
    endloop
  endfacet
  facet normal 0 0 1
    outer loop
      vertex 18.0862 -20.3322 0
      vertex 7.91687 -11.8484 0
      vertex 17.9906 -20.5863 0
    endloop
  endfacet
  facet normal -0 0 1
    outer loop
      vertex 7.125 -12.3409 0
      vertex 17.9906 -20.5863 0
      vertex 7.91687 -11.8484 0
    endloop
  endfacet
  facet normal 0 0 1
    outer loop
      vertex 17.9906 -20.5863 0
      vertex 7.125 -12.3409 0
      vertex 17.9117 -20.8462 0
    endloop
  endfacet
  facet normal 0 0 1
    outer loop
      vertex 17.9117 -20.8462 0
      vertex 7.125 -12.3409 0
      vertex 17.8501 -21.1107 0
    endloop
  endfacet
  facet normal -0 0 1
    outer loop
      vertex 6.30261 -12.7804 0
      vertex 17.8501 -21.1107 0
      vertex 7.125 -12.3409 0
    endloop
  endfacet
  facet normal 0 0 1
    outer loop
      vertex 17.8501 -21.1107 0
      vertex 6.30261 -12.7804 0
      vertex 17.8058 -21.3786 0
    endloop
  endfacet
  facet normal 0 0 1
    outer loop
      vertex 17.8058 -21.3786 0
      vertex 6.30261 -12.7804 0
      vertex 17.7792 -21.6489 0
    endloop
  endfacet
  facet normal -0 0 1
    outer loop
      vertex 5.45324 -13.1653 0
      vertex 17.7792 -21.6489 0
      vertex 6.30261 -12.7804 0
    endloop
  endfacet
  facet normal 0 0 1
    outer loop
      vertex 17.7792 -21.6489 0
      vertex 5.45324 -13.1653 0
      vertex 17.7703 -21.9203 0
    endloop
  endfacet
  facet normal -0 0 1
    outer loop
      vertex 4.58051 -13.4938 0
      vertex 17.7703 -21.9203 0
      vertex 5.45324 -13.1653 0
    endloop
  endfacet
  facet normal 0 0 1
    outer loop
      vertex 17.7703 -21.9203 0
      vertex 4.58051 -13.4938 0
      vertex 17.7792 -22.1917 0
    endloop
  endfacet
  facet normal 0 0 1
    outer loop
      vertex 17.7792 -22.1917 0
      vertex 4.58051 -13.4938 0
      vertex 17.8058 -22.462 0
    endloop
  endfacet
  facet normal -0 0 1
    outer loop
      vertex 3.68817 -13.7644 0
      vertex 17.8058 -22.462 0
      vertex 4.58051 -13.4938 0
    endloop
  endfacet
  facet normal 0 0 1
    outer loop
      vertex 17.8058 -22.462 0
      vertex 3.68817 -13.7644 0
      vertex 17.8501 -22.7299 0
    endloop
  endfacet
  facet normal 0 0 1
    outer loop
      vertex 17.8501 -22.7299 0
      vertex 3.68817 -13.7644 0
      vertex 17.9117 -22.9944 0
    endloop
  endfacet
  facet normal -0 0 1
    outer loop
      vertex 2.78004 -13.9762 0
      vertex 17.9117 -22.9944 0
      vertex 3.68817 -13.7644 0
    endloop
  endfacet
  facet normal 0 0 1
    outer loop
      vertex 17.9117 -22.9944 0
      vertex 2.78004 -13.9762 0
      vertex 17.9906 -23.2543 0
    endloop
  endfacet
  facet normal -0 0 1
    outer loop
      vertex 1.86 -14.1281 0
      vertex 17.9906 -23.2543 0
      vertex 2.78004 -13.9762 0
    endloop
  endfacet
  facet normal 0 0 1
    outer loop
      vertex 17.9906 -23.2543 0
      vertex 1.86 -14.1281 0
      vertex 18.0862 -23.5084 0
    endloop
  endfacet
  facet normal 0 0 1
    outer loop
      vertex 18.0862 -23.5084 0
      vertex 1.86 -14.1281 0
      vertex 18.1983 -23.7558 0
    endloop
  endfacet
  facet normal -0 0 1
    outer loop
      vertex 0.931994 -14.2195 0
      vertex 18.1983 -23.7558 0
      vertex 1.86 -14.1281 0
    endloop
  endfacet
  facet normal 0 0 1
    outer loop
      vertex 18.1983 -23.7558 0
      vertex 0.931994 -14.2195 0
      vertex 18.3263 -23.9953 0
    endloop
  endfacet
  facet normal -0 0 1
    outer loop
      vertex 0 -14.25 0
      vertex 18.3263 -23.9953 0
      vertex 0.931994 -14.2195 0
    endloop
  endfacet
  facet normal 0 0 1
    outer loop
      vertex 18.3263 -23.9953 0
      vertex 0 -14.25 0
      vertex 18.4697 -24.2259 0
    endloop
  endfacet
  facet normal 0 0 1
    outer loop
      vertex 18.4697 -24.2259 0
      vertex 0 -14.25 0
      vertex 18.6279 -24.4467 0
    endloop
  endfacet
  facet normal 0 0 1
    outer loop
      vertex -0.931994 -14.2195 0
      vertex 18.6279 -24.4467 0
      vertex 0 -14.25 0
    endloop
  endfacet
  facet normal 0 0 1
    outer loop
      vertex 18.6279 -24.4467 0
      vertex -0.931994 -14.2195 0
      vertex 18.8002 -24.6566 0
    endloop
  endfacet
  facet normal 0 0 1
    outer loop
      vertex -32 -32 0
      vertex 18.8002 -24.6566 0
      vertex -0.931994 -14.2195 0
    endloop
  endfacet
  facet normal 0 0 1
    outer loop
      vertex 18.8002 -24.6566 0
      vertex -32 -32 0
      vertex 18.9858 -24.8548 0
    endloop
  endfacet
  facet normal 0 0 1
    outer loop
      vertex 18.9858 -24.8548 0
      vertex -32 -32 0
      vertex 19.184 -25.0404 0
    endloop
  endfacet
  facet normal 0 0 1
    outer loop
      vertex 19.184 -25.0404 0
      vertex -32 -32 0
      vertex 19.3939 -25.2127 0
    endloop
  endfacet
  facet normal 0 0 1
    outer loop
      vertex 19.3939 -25.2127 0
      vertex -32 -32 0
      vertex 19.6147 -25.3709 0
    endloop
  endfacet
  facet normal 0 0 1
    outer loop
      vertex -32 -32 0
      vertex -0.931994 -14.2195 0
      vertex -1.86 -14.1281 0
    endloop
  endfacet
  facet normal 0 0 1
    outer loop
      vertex 19.6147 -25.3709 0
      vertex -32 -32 0
      vertex 19.8453 -25.5143 0
    endloop
  endfacet
  facet normal 0 0 1
    outer loop
      vertex 19.8453 -25.5143 0
      vertex -32 -32 0
      vertex 20.0848 -25.6423 0
    endloop
  endfacet
  facet normal 0 0 1
    outer loop
      vertex -32 -32 0
      vertex -1.86 -14.1281 0
      vertex -2.78004 -13.9762 0
    endloop
  endfacet
  facet normal 0 0 1
    outer loop
      vertex -32 -32 0
      vertex -2.78004 -13.9762 0
      vertex -3.68817 -13.7644 0
    endloop
  endfacet
  facet normal 0 0 1
    outer loop
      vertex -32 -32 0
      vertex -3.68817 -13.7644 0
      vertex -4.58051 -13.4938 0
    endloop
  endfacet
  facet normal 0 0 1
    outer loop
      vertex -32 -32 0
      vertex -4.58051 -13.4938 0
      vertex -5.45324 -13.1653 0
    endloop
  endfacet
  facet normal 0 0 1
    outer loop
      vertex -32 -32 0
      vertex -5.45324 -13.1653 0
      vertex -6.30261 -12.7804 0
    endloop
  endfacet
  facet normal -0 0 1
    outer loop
      vertex -15.7276 0 0
      vertex -14.2195 -0.931994 0
      vertex -14.25 0 0
    endloop
  endfacet
  facet normal 0 0 1
    outer loop
      vertex -15.7276 0 0
      vertex -14.1281 -1.86 0
      vertex -14.2195 -0.931994 0
    endloop
  endfacet
  facet normal 0 0 1
    outer loop
      vertex -17.8638 -3.7 0
      vertex -14.1281 -1.86 0
      vertex -15.7276 0 0
    endloop
  endfacet
  facet normal 0 0 1
    outer loop
      vertex -14.1281 -1.86 0
      vertex -17.8638 -3.7 0
      vertex -13.9762 -2.78004 0
    endloop
  endfacet
  facet normal 0 0 1
    outer loop
      vertex -13.9762 -2.78004 0
      vertex -17.8638 -3.7 0
      vertex -13.7644 -3.68817 0
    endloop
  endfacet
  facet normal 0 0 1
    outer loop
      vertex -13.7644 -3.68817 0
      vertex -17.8638 -3.7 0
      vertex -13.4938 -4.58051 0
    endloop
  endfacet
  facet normal 0 0 1
    outer loop
      vertex -13.4938 -4.58051 0
      vertex -17.8638 -3.7 0
      vertex -13.1653 -5.45324 0
    endloop
  endfacet
  facet normal 0 0 1
    outer loop
      vertex -13.1653 -5.45324 0
      vertex -17.8638 -3.7 0
      vertex -12.7804 -6.30261 0
    endloop
  endfacet
  facet normal 0 0 1
    outer loop
      vertex -17.8638 -3.7 0
      vertex -12.3409 -7.125 0
      vertex -12.7804 -6.30261 0
    endloop
  endfacet
  facet normal 0 0 1
    outer loop
      vertex -17.8638 -3.7 0
      vertex -11.8484 -7.91687 0
      vertex -12.3409 -7.125 0
    endloop
  endfacet
  facet normal -0 0 1
    outer loop
      vertex -22.1362 -3.7 0
      vertex -11.8484 -7.91687 0
      vertex -17.8638 -3.7 0
    endloop
  endfacet
  facet normal 0 0 1
    outer loop
      vertex -11.8484 -7.91687 0
      vertex -22.1362 -3.7 0
      vertex -11.3053 -8.67485 0
    endloop
  endfacet
  facet normal 0 0 1
    outer loop
      vertex -11.3053 -8.67485 0
      vertex -22.1362 -3.7 0
      vertex -10.7137 -9.39568 0
    endloop
  endfacet
  facet normal 0 0 1
    outer loop
      vertex -32 -32 0
      vertex -10.7137 -9.39568 0
      vertex -22.1362 -3.7 0
    endloop
  endfacet
  facet normal 0 0 1
    outer loop
      vertex -10.7137 -9.39568 0
      vertex -32 -32 0
      vertex -10.0763 -10.0763 0
    endloop
  endfacet
  facet normal 0 0 1
    outer loop
      vertex -10.0763 -10.0763 0
      vertex -32 -32 0
      vertex -9.39568 -10.7137 0
    endloop
  endfacet
  facet normal 0 0 1
    outer loop
      vertex -9.39568 -10.7137 0
      vertex -32 -32 0
      vertex -8.67485 -11.3053 0
    endloop
  endfacet
  facet normal 0 0 1
    outer loop
      vertex -8.67485 -11.3053 0
      vertex -32 -32 0
      vertex -7.91687 -11.8484 0
    endloop
  endfacet
  facet normal 0 0 1
    outer loop
      vertex -24.8548 18.9858 0
      vertex -22.1362 3.7 0
      vertex -24.6566 18.8002 0
    endloop
  endfacet
  facet normal 0 0 1
    outer loop
      vertex -25.0404 19.184 0
      vertex -22.1362 3.7 0
      vertex -24.8548 18.9858 0
    endloop
  endfacet
  facet normal 0 0 1
    outer loop
      vertex -22.1362 3.7 0
      vertex -25.0404 19.184 0
      vertex -24.2724 0 0
    endloop
  endfacet
  facet normal 0 0 1
    outer loop
      vertex -25.2127 19.3939 0
      vertex -24.2724 0 0
      vertex -25.0404 19.184 0
    endloop
  endfacet
  facet normal 0 0 1
    outer loop
      vertex -25.3709 19.6147 0
      vertex -24.2724 0 0
      vertex -25.2127 19.3939 0
    endloop
  endfacet
  facet normal 0 0 1
    outer loop
      vertex -25.5143 19.8453 0
      vertex -24.2724 0 0
      vertex -25.3709 19.6147 0
    endloop
  endfacet
  facet normal 0 0 1
    outer loop
      vertex -25.6423 20.0848 0
      vertex -24.2724 0 0
      vertex -25.5143 19.8453 0
    endloop
  endfacet
  facet normal 0 0 1
    outer loop
      vertex -25.7544 20.3322 0
      vertex -24.2724 0 0
      vertex -25.6423 20.0848 0
    endloop
  endfacet
  facet normal 0 0 1
    outer loop
      vertex -25.8501 20.5863 0
      vertex -24.2724 0 0
      vertex -25.7544 20.3322 0
    endloop
  endfacet
  facet normal 0 0 1
    outer loop
      vertex -32 32 0
      vertex -25.8501 20.5863 0
      vertex -25.9289 20.8462 0
    endloop
  endfacet
  facet normal 0 0 1
    outer loop
      vertex -32 32 0
      vertex -25.9289 20.8462 0
      vertex -25.9906 21.1107 0
    endloop
  endfacet
  facet normal 0 0 1
    outer loop
      vertex -32 32 0
      vertex -25.9906 21.1107 0
      vertex -26.0348 21.3786 0
    endloop
  endfacet
  facet normal 0 0 1
    outer loop
      vertex -32 32 0
      vertex -26.0348 21.3786 0
      vertex -26.0614 21.6489 0
    endloop
  endfacet
  facet normal 0 0 1
    outer loop
      vertex -32 32 0
      vertex -26.0614 21.6489 0
      vertex -26.0703 21.9203 0
    endloop
  endfacet
  facet normal 0 0 1
    outer loop
      vertex -25.8501 20.5863 0
      vertex -32 32 0
      vertex -24.2724 0 0
    endloop
  endfacet
  facet normal 0 0 1
    outer loop
      vertex 20.3322 -25.7544 0
      vertex -32 -32 0
      vertex 32 -32 0
    endloop
  endfacet
  facet normal 0 0 1
    outer loop
      vertex -7.125 -12.3409 0
      vertex -32 -32 0
      vertex -6.30261 -12.7804 0
    endloop
  endfacet
  facet normal 0 0 1
    outer loop
      vertex -7.91687 -11.8484 0
      vertex -32 -32 0
      vertex -7.125 -12.3409 0
    endloop
  endfacet
  facet normal 0 0 1
    outer loop
      vertex -24.2724 0 0
      vertex -32 -32 0
      vertex -22.1362 -3.7 0
    endloop
  endfacet
  facet normal 0 0 1
    outer loop
      vertex -32 -32 0
      vertex -24.2724 0 0
      vertex -32 32 0
    endloop
  endfacet
  facet normal 0 0 1
    outer loop
      vertex 26.4 -18.2203 0
      vertex 24.4467 -18.6279 0
      vertex 24.6566 -18.8002 0
    endloop
  endfacet
  facet normal 0 0 1
    outer loop
      vertex 26.4 -18.2203 0
      vertex 24.2259 -18.4697 0
      vertex 24.4467 -18.6279 0
    endloop
  endfacet
  facet normal 0 0 1
    outer loop
      vertex 26.4 -18.2203 0
      vertex 23.9953 -18.3263 0
      vertex 24.2259 -18.4697 0
    endloop
  endfacet
  facet normal 0 0 1
    outer loop
      vertex 26.4 -18.2203 0
      vertex 23.7558 -18.1983 0
      vertex 23.9953 -18.3263 0
    endloop
  endfacet
  facet normal 0 0 1
    outer loop
      vertex 26.4 -18.2203 0
      vertex 23.5084 -18.0862 0
      vertex 23.7558 -18.1983 0
    endloop
  endfacet
  facet normal 0 0 1
    outer loop
      vertex 26.4 -18.2203 0
      vertex 23.2543 -17.9906 0
      vertex 23.5084 -18.0862 0
    endloop
  endfacet
  facet normal 0 0 1
    outer loop
      vertex 23.2543 -17.9906 0
      vertex 22.1362 -3.7 0
      vertex 22.9944 -17.9117 0
    endloop
  endfacet
  facet normal 0 0 1
    outer loop
      vertex 22.9944 -17.9117 0
      vertex 22.1362 -3.7 0
      vertex 22.7299 -17.8501 0
    endloop
  endfacet
  facet normal 0 0 1
    outer loop
      vertex 22.7299 -17.8501 0
      vertex 22.1362 -3.7 0
      vertex 22.462 -17.8058 0
    endloop
  endfacet
  facet normal 0 0 1
    outer loop
      vertex 22.462 -17.8058 0
      vertex 22.1362 -3.7 0
      vertex 22.1917 -17.7792 0
    endloop
  endfacet
  facet normal 0 0 1
    outer loop
      vertex 22.1362 -3.7 0
      vertex 21.9203 -17.7703 0
      vertex 22.1917 -17.7792 0
    endloop
  endfacet
  facet normal 0 0 1
    outer loop
      vertex 22.1362 -3.7 0
      vertex 21.6489 -17.7792 0
      vertex 21.9203 -17.7703 0
    endloop
  endfacet
  facet normal 0 0 1
    outer loop
      vertex 22.1362 -3.7 0
      vertex 21.3786 -17.8058 0
      vertex 21.6489 -17.7792 0
    endloop
  endfacet
  facet normal 0 0 1
    outer loop
      vertex 22.1362 -3.7 0
      vertex 21.1107 -17.8501 0
      vertex 21.3786 -17.8058 0
    endloop
  endfacet
  facet normal -0 0 1
    outer loop
      vertex 17.8638 -3.7 0
      vertex 21.1107 -17.8501 0
      vertex 22.1362 -3.7 0
    endloop
  endfacet
  facet normal 0 0 1
    outer loop
      vertex 21.1107 -17.8501 0
      vertex 17.8638 -3.7 0
      vertex 20.8462 -17.9117 0
    endloop
  endfacet
  facet normal 0 0 1
    outer loop
      vertex 20.8462 -17.9117 0
      vertex 17.8638 -3.7 0
      vertex 20.5863 -17.9906 0
    endloop
  endfacet
  facet normal 0 0 1
    outer loop
      vertex 12.7804 -6.30261 0
      vertex 17.8638 -3.7 0
      vertex 13.1653 -5.45324 0
    endloop
  endfacet
  facet normal 0 0 1
    outer loop
      vertex 12.3409 -7.125 0
      vertex 17.8638 -3.7 0
      vertex 12.7804 -6.30261 0
    endloop
  endfacet
  facet normal 0 0 1
    outer loop
      vertex 13.1653 -5.45324 0
      vertex 17.8638 -3.7 0
      vertex 13.4938 -4.58051 0
    endloop
  endfacet
  facet normal 0 0 1
    outer loop
      vertex 17.8638 -3.7 0
      vertex 12.3409 -7.125 0
      vertex 20.5863 -17.9906 0
    endloop
  endfacet
  facet normal -0 0 1
    outer loop
      vertex 11.8484 -7.91687 0
      vertex 20.5863 -17.9906 0
      vertex 12.3409 -7.125 0
    endloop
  endfacet
  facet normal 0 0 1
    outer loop
      vertex 20.5863 -17.9906 0
      vertex 11.8484 -7.91687 0
      vertex 20.3322 -18.0862 0
    endloop
  endfacet
  facet normal 0 0 1
    outer loop
      vertex 20.3322 -18.0862 0
      vertex 11.8484 -7.91687 0
      vertex 20.0848 -18.1983 0
    endloop
  endfacet
  facet normal -0 0 1
    outer loop
      vertex 11.3053 -8.67485 0
      vertex 20.0848 -18.1983 0
      vertex 11.8484 -7.91687 0
    endloop
  endfacet
  facet normal 0 0 1
    outer loop
      vertex 20.0848 -18.1983 0
      vertex 11.3053 -8.67485 0
      vertex 19.8453 -18.3263 0
    endloop
  endfacet
  facet normal 0 0 1
    outer loop
      vertex 19.8453 -18.3263 0
      vertex 11.3053 -8.67485 0
      vertex 19.6147 -18.4697 0
    endloop
  endfacet
  facet normal -0 0 1
    outer loop
      vertex 10.7137 -9.39568 0
      vertex 19.6147 -18.4697 0
      vertex 11.3053 -8.67485 0
    endloop
  endfacet
  facet normal 0 0 1
    outer loop
      vertex 19.6147 -18.4697 0
      vertex 10.7137 -9.39568 0
      vertex 19.3939 -18.6279 0
    endloop
  endfacet
  facet normal 0 0 1
    outer loop
      vertex 19.3939 -18.6279 0
      vertex 10.7137 -9.39568 0
      vertex 19.184 -18.8002 0
    endloop
  endfacet
  facet normal 0 0 1
    outer loop
      vertex 13.4938 -4.58051 0
      vertex 17.8638 -3.7 0
      vertex 15.7276 0 0
    endloop
  endfacet
  facet normal -0 0 1
    outer loop
      vertex 10.0763 -10.0763 0
      vertex 19.184 -18.8002 0
      vertex 10.7137 -9.39568 0
    endloop
  endfacet
  facet normal 0 0 1
    outer loop
      vertex 19.184 -18.8002 0
      vertex 10.0763 -10.0763 0
      vertex 18.9858 -18.9858 0
    endloop
  endfacet
  facet normal 0 0 1
    outer loop
      vertex 18.9858 -18.9858 0
      vertex 10.0763 -10.0763 0
      vertex 18.8002 -19.184 0
    endloop
  endfacet
  facet normal -0 0 1
    outer loop
      vertex 9.39568 -10.7137 0
      vertex 18.8002 -19.184 0
      vertex 10.0763 -10.0763 0
    endloop
  endfacet
  facet normal 0 0 1
    outer loop
      vertex 18.8002 -19.184 0
      vertex 9.39568 -10.7137 0
      vertex 18.6279 -19.3939 0
    endloop
  endfacet
  facet normal 0 0 1
    outer loop
      vertex 18.6279 -19.3939 0
      vertex 9.39568 -10.7137 0
      vertex 18.4697 -19.6147 0
    endloop
  endfacet
  facet normal 0 0 -1
    outer loop
      vertex -3.93763 11.5999 -20
      vertex -17.7792 21.6489 -20
      vertex -17.7703 21.9203 -20
    endloop
  endfacet
  facet normal 0 0 -1
    outer loop
      vertex -18.1292 1.25003 -20
      vertex -12.0146 2.38986 -20
      vertex -18.0514 1.125 -20
    endloop
  endfacet
  facet normal 0 0 -1
    outer loop
      vertex -10.6088 6.125 -20
      vertex -17.8058 21.3786 -20
      vertex -17.7792 21.6489 -20
    endloop
  endfacet
  facet normal 0 0 -1
    outer loop
      vertex -18.215 1.36971 -20
      vertex -12.0146 2.38986 -20
      vertex -18.1292 1.25003 -20
    endloop
  endfacet
  facet normal 0 0 -1
    outer loop
      vertex -10.6088 6.125 -20
      vertex -17.8501 21.1107 -20
      vertex -17.8058 21.3786 -20
    endloop
  endfacet
  facet normal -0 0 -1
    outer loop
      vertex -12.0146 2.38986 -20
      vertex -18.215 1.36971 -20
      vertex -11.8326 3.17053 -20
    endloop
  endfacet
  facet normal 0 0 -1
    outer loop
      vertex -10.6088 6.125 -20
      vertex -17.9117 20.8462 -20
      vertex -17.8501 21.1107 -20
    endloop
  endfacet
  facet normal 0 0 -1
    outer loop
      vertex -18.3084 1.48353 -20
      vertex -11.8326 3.17053 -20
      vertex -18.215 1.36971 -20
    endloop
  endfacet
  facet normal 0 0 -1
    outer loop
      vertex -18.409 1.59099 -20
      vertex -11.8326 3.17053 -20
      vertex -18.3084 1.48353 -20
    endloop
  endfacet
  facet normal 0 0 -1
    outer loop
      vertex -10.6088 6.125 -20
      vertex -17.9906 20.5863 -20
      vertex -17.9117 20.8462 -20
    endloop
  endfacet
  facet normal 0 0 -1
    outer loop
      vertex -18.5165 1.69164 -20
      vertex -11.8326 3.17053 -20
      vertex -18.409 1.59099 -20
    endloop
  endfacet
  facet normal 0 0 -1
    outer loop
      vertex -10.6088 6.125 -20
      vertex -18.0862 20.3322 -20
      vertex -17.9906 20.5863 -20
    endloop
  endfacet
  facet normal -0 0 -1
    outer loop
      vertex -11.8326 3.17053 -20
      vertex -18.5165 1.69164 -20
      vertex -11.5999 3.93763 -20
    endloop
  endfacet
  facet normal 0 0 -1
    outer loop
      vertex -10.6088 6.125 -20
      vertex -18.1983 20.0848 -20
      vertex -18.0862 20.3322 -20
    endloop
  endfacet
  facet normal 0 0 -1
    outer loop
      vertex -18.6303 1.78504 -20
      vertex -11.5999 3.93763 -20
      vertex -18.5165 1.69164 -20
    endloop
  endfacet
  facet normal 0 0 -1
    outer loop
      vertex -18.75 1.87081 -20
      vertex -11.5999 3.93763 -20
      vertex -18.6303 1.78504 -20
    endloop
  endfacet
  facet normal 0 0 -1
    outer loop
      vertex -10.6088 6.125 -20
      vertex -18.3263 19.8453 -20
      vertex -18.1983 20.0848 -20
    endloop
  endfacet
  facet normal -0 0 -1
    outer loop
      vertex -11.5999 3.93763 -20
      vertex -18.75 1.87081 -20
      vertex -11.3175 4.68787 -20
    endloop
  endfacet
  facet normal 0 0 -1
    outer loop
      vertex -10.6088 6.125 -20
      vertex -18.4697 19.6147 -20
      vertex -18.3263 19.8453 -20
    endloop
  endfacet
  facet normal 0 0 -1
    outer loop
      vertex -18.875 1.94856 -20
      vertex -11.3175 4.68787 -20
      vertex -18.75 1.87081 -20
    endloop
  endfacet
  facet normal 0 0 -1
    outer loop
      vertex -10.6088 6.125 -20
      vertex -18.6279 19.3939 -20
      vertex -18.4697 19.6147 -20
    endloop
  endfacet
  facet normal 0 0 -1
    outer loop
      vertex -19.0049 2.01796 -20
      vertex -11.3175 4.68787 -20
      vertex -18.875 1.94856 -20
    endloop
  endfacet
  facet normal -0 0 -1
    outer loop
      vertex -11.3175 4.68787 -20
      vertex -19.0049 2.01796 -20
      vertex -10.9867 5.41804 -20
    endloop
  endfacet
  facet normal 0 0 -1
    outer loop
      vertex -10.6088 6.125 -20
      vertex -18.8002 19.184 -20
      vertex -18.6279 19.3939 -20
    endloop
  endfacet
  facet normal 0 0 -1
    outer loop
      vertex -19.139 2.07873 -20
      vertex -10.9867 5.41804 -20
      vertex -19.0049 2.01796 -20
    endloop
  endfacet
  facet normal 0 0 -1
    outer loop
      vertex -10.6088 6.125 -20
      vertex -18.9858 18.9858 -20
      vertex -18.8002 19.184 -20
    endloop
  endfacet
  facet normal 0 0 -1
    outer loop
      vertex -19.2768 2.13059 -20
      vertex -10.9867 5.41804 -20
      vertex -19.139 2.07873 -20
    endloop
  endfacet
  facet normal 0 0 -1
    outer loop
      vertex -19.4177 2.17333 -20
      vertex -10.9867 5.41804 -20
      vertex -19.2768 2.13059 -20
    endloop
  endfacet
  facet normal 0 0 -1
    outer loop
      vertex -10.6088 6.125 -20
      vertex -19.184 18.8002 -20
      vertex -18.9858 18.9858 -20
    endloop
  endfacet
  facet normal -0 0 -1
    outer loop
      vertex -10.9867 5.41804 -20
      vertex -19.4177 2.17333 -20
      vertex -10.6088 6.125 -20
    endloop
  endfacet
  facet normal 0 0 -1
    outer loop
      vertex -10.6088 6.125 -20
      vertex -19.3939 18.6279 -20
      vertex -19.184 18.8002 -20
    endloop
  endfacet
  facet normal 0 0 -1
    outer loop
      vertex -19.561 2.20677 -20
      vertex -10.6088 6.125 -20
      vertex -19.4177 2.17333 -20
    endloop
  endfacet
  facet normal 0 0 -1
    outer loop
      vertex -20.5863 17.9906 -20
      vertex -10.6088 6.125 -20
      vertex -19.561 2.20677 -20
    endloop
  endfacet
  facet normal 0 0 -1
    outer loop
      vertex -10.6088 6.125 -20
      vertex -19.6147 18.4697 -20
      vertex -19.3939 18.6279 -20
    endloop
  endfacet
  facet normal 0 0 -1
    outer loop
      vertex -20.5863 17.9906 -20
      vertex -19.561 2.20677 -20
      vertex -19.7063 2.23075 -20
    endloop
  endfacet
  facet normal 0 0 -1
    outer loop
      vertex -10.6088 6.125 -20
      vertex -19.8453 18.3263 -20
      vertex -19.6147 18.4697 -20
    endloop
  endfacet
  facet normal 0 0 -1
    outer loop
      vertex -20.8462 17.9117 -20
      vertex -19.7063 2.23075 -20
      vertex -19.8528 2.24518 -20
    endloop
  endfacet
  facet normal 0 0 -1
    outer loop
      vertex -21.1107 17.8501 -20
      vertex -19.8528 2.24518 -20
      vertex -20 2.25 -20
    endloop
  endfacet
  facet normal 0 0 -1
    outer loop
      vertex -10.6088 6.125 -20
      vertex -20.0848 18.1983 -20
      vertex -19.8453 18.3263 -20
    endloop
  endfacet
  facet normal 0 0 -1
    outer loop
      vertex -21.3786 17.8058 -20
      vertex -20 2.25 -20
      vertex -20.1472 2.24518 -20
    endloop
  endfacet
  facet normal 0 0 -1
    outer loop
      vertex -21.6489 17.7792 -20
      vertex -20.1472 2.24518 -20
      vertex -20.2937 2.23075 -20
    endloop
  endfacet
  facet normal 0 0 -1
    outer loop
      vertex -10.6088 6.125 -20
      vertex -20.3322 18.0862 -20
      vertex -20.0848 18.1983 -20
    endloop
  endfacet
  facet normal 0 0 -1
    outer loop
      vertex -21.9203 17.7703 -20
      vertex -20.2937 2.23075 -20
      vertex -20.439 2.20677 -20
    endloop
  endfacet
  facet normal 0 0 -1
    outer loop
      vertex -21.9203 17.7703 -20
      vertex -20.439 2.20677 -20
      vertex -20.5823 2.17333 -20
    endloop
  endfacet
  facet normal 0 0 -1
    outer loop
      vertex -10.6088 6.125 -20
      vertex -20.5863 17.9906 -20
      vertex -20.3322 18.0862 -20
    endloop
  endfacet
  facet normal 0 0 -1
    outer loop
      vertex -22.1917 17.7792 -20
      vertex -20.5823 2.17333 -20
      vertex -20.7232 2.13059 -20
    endloop
  endfacet
  facet normal 0 0 -1
    outer loop
      vertex -19.7063 2.23075 -20
      vertex -20.8462 17.9117 -20
      vertex -20.5863 17.9906 -20
    endloop
  endfacet
  facet normal 0 0 -1
    outer loop
      vertex -22.462 17.8058 -20
      vertex -20.7232 2.13059 -20
      vertex -20.861 2.07873 -20
    endloop
  endfacet
  facet normal 0 0 -1
    outer loop
      vertex -22.7299 17.8501 -20
      vertex -20.861 2.07873 -20
      vertex -20.9951 2.01796 -20
    endloop
  endfacet
  facet normal 0 0 -1
    outer loop
      vertex -19.8528 2.24518 -20
      vertex -21.1107 17.8501 -20
      vertex -20.8462 17.9117 -20
    endloop
  endfacet
  facet normal 0 0 -1
    outer loop
      vertex -22.9944 17.9117 -20
      vertex -20.9951 2.01796 -20
      vertex -21.125 1.94856 -20
    endloop
  endfacet
  facet normal 0 0 -1
    outer loop
      vertex -23.2543 17.9906 -20
      vertex -21.125 1.94856 -20
      vertex -21.25 1.87081 -20
    endloop
  endfacet
  facet normal 0 0 -1
    outer loop
      vertex -23.2543 17.9906 -20
      vertex -21.25 1.87081 -20
      vertex -21.3697 1.78504 -20
    endloop
  endfacet
  facet normal 0 0 -1
    outer loop
      vertex -20 2.25 -20
      vertex -21.3786 17.8058 -20
      vertex -21.1107 17.8501 -20
    endloop
  endfacet
  facet normal 0 0 -1
    outer loop
      vertex -23.5084 18.0862 -20
      vertex -21.3697 1.78504 -20
      vertex -21.4835 1.69164 -20
    endloop
  endfacet
  facet normal 0 0 -1
    outer loop
      vertex -23.7558 18.1983 -20
      vertex -21.4835 1.69164 -20
      vertex -21.591 1.59099 -20
    endloop
  endfacet
  facet normal 0 0 -1
    outer loop
      vertex -20.1472 2.24518 -20
      vertex -21.6489 17.7792 -20
      vertex -21.3786 17.8058 -20
    endloop
  endfacet
  facet normal 0 0 -1
    outer loop
      vertex -23.9953 18.3263 -20
      vertex -21.591 1.59099 -20
      vertex -21.6916 1.48353 -20
    endloop
  endfacet
  facet normal 0 0 -1
    outer loop
      vertex -24.2259 18.4697 -20
      vertex -21.6916 1.48353 -20
      vertex -21.785 1.36971 -20
    endloop
  endfacet
  facet normal 0 0 -1
    outer loop
      vertex -24.4467 18.6279 -20
      vertex -21.785 1.36971 -20
      vertex -21.8708 1.25003 -20
    endloop
  endfacet
  facet normal 0 0 -1
    outer loop
      vertex -20.2937 2.23075 -20
      vertex -21.9203 17.7703 -20
      vertex -21.6489 17.7792 -20
    endloop
  endfacet
  facet normal 0 0 -1
    outer loop
      vertex -24.6566 18.8002 -20
      vertex -21.8708 1.25003 -20
      vertex -21.9486 1.125 -20
    endloop
  endfacet
  facet normal 0 0 -1
    outer loop
      vertex -24.8548 18.9858 -20
      vertex -21.9486 1.125 -20
      vertex -22.018 0.995149 -20
    endloop
  endfacet
  facet normal 0 0 -1
    outer loop
      vertex -25.0404 19.184 -20
      vertex -22.018 0.995149 -20
      vertex -22.0787 0.861037 -20
    endloop
  endfacet
  facet normal 0 0 -1
    outer loop
      vertex -25.0404 19.184 -20
      vertex -22.0787 0.861037 -20
      vertex -22.1306 0.723238 -20
    endloop
  endfacet
  facet normal 0 0 -1
    outer loop
      vertex -25.2127 19.3939 -20
      vertex -22.1306 0.723238 -20
      vertex -22.1733 0.582342 -20
    endloop
  endfacet
  facet normal 0 0 -1
    outer loop
      vertex -20.5823 2.17333 -20
      vertex -22.1917 17.7792 -20
      vertex -21.9203 17.7703 -20
    endloop
  endfacet
  facet normal 0 0 -1
    outer loop
      vertex -25.3709 19.6147 -20
      vertex -22.1733 0.582342 -20
      vertex -22.2068 0.438952 -20
    endloop
  endfacet
  facet normal 0 0 -1
    outer loop
      vertex -25.5143 19.8453 -20
      vertex -22.2068 0.438952 -20
      vertex -22.2308 0.293683 -20
    endloop
  endfacet
  facet normal 0 0 -1
    outer loop
      vertex -25.6423 20.0848 -20
      vertex -22.2308 0.293683 -20
      vertex -22.2452 0.147157 -20
    endloop
  endfacet
  facet normal 0 0 -1
    outer loop
      vertex -25.7544 20.3322 -20
      vertex -22.2452 0.147157 -20
      vertex -22.25 0 -20
    endloop
  endfacet
  facet normal 0 0 -1
    outer loop
      vertex -20.7232 2.13059 -20
      vertex -22.462 17.8058 -20
      vertex -22.1917 17.7792 -20
    endloop
  endfacet
  facet normal 0 0 -1
    outer loop
      vertex 25.7544 -20.3322 -20
      vertex 22.2452 -0.147157 -20
      vertex 22.25 0 -20
    endloop
  endfacet
  facet normal 0 0 -1
    outer loop
      vertex 22.7299 -17.8501 -20
      vertex 22.2308 -0.293683 -20
      vertex 22.2452 -0.147157 -20
    endloop
  endfacet
  facet normal 0 0 -1
    outer loop
      vertex 22.7299 -17.8501 -20
      vertex 22.2068 -0.438952 -20
      vertex 22.2308 -0.293683 -20
    endloop
  endfacet
  facet normal 0 0 -1
    outer loop
      vertex 20.7232 -2.13059 -20
      vertex 22.462 -17.8058 -20
      vertex 22.1917 -17.7792 -20
    endloop
  endfacet
  facet normal 0 0 -1
    outer loop
      vertex 22.7299 -17.8501 -20
      vertex 22.1733 -0.582342 -20
      vertex 22.2068 -0.438952 -20
    endloop
  endfacet
  facet normal 0 0 -1
    outer loop
      vertex 22.7299 -17.8501 -20
      vertex 22.1306 -0.723238 -20
      vertex 22.1733 -0.582342 -20
    endloop
  endfacet
  facet normal 0 0 -1
    outer loop
      vertex 22.7299 -17.8501 -20
      vertex 22.0787 -0.861037 -20
      vertex 22.1306 -0.723238 -20
    endloop
  endfacet
  facet normal 0 0 -1
    outer loop
      vertex 22.7299 -17.8501 -20
      vertex 22.018 -0.995149 -20
      vertex 22.0787 -0.861037 -20
    endloop
  endfacet
  facet normal 0 0 -1
    outer loop
      vertex 22.7299 -17.8501 -20
      vertex 21.9486 -1.125 -20
      vertex 22.018 -0.995149 -20
    endloop
  endfacet
  facet normal 0 0 -1
    outer loop
      vertex 20.5823 -2.17333 -20
      vertex 22.1917 -17.7792 -20
      vertex 21.9203 -17.7703 -20
    endloop
  endfacet
  facet normal 0 0 -1
    outer loop
      vertex 22.7299 -17.8501 -20
      vertex 21.8708 -1.25003 -20
      vertex 21.9486 -1.125 -20
    endloop
  endfacet
  facet normal 0 0 -1
    outer loop
      vertex 22.7299 -17.8501 -20
      vertex 21.785 -1.36971 -20
      vertex 21.8708 -1.25003 -20
    endloop
  endfacet
  facet normal 0 0 -1
    outer loop
      vertex 22.7299 -17.8501 -20
      vertex 21.6916 -1.48353 -20
      vertex 21.785 -1.36971 -20
    endloop
  endfacet
  facet normal 0 0 -1
    outer loop
      vertex 20.2937 -2.23075 -20
      vertex 21.9203 -17.7703 -20
      vertex 21.6489 -17.7792 -20
    endloop
  endfacet
  facet normal 0 0 -1
    outer loop
      vertex 22.7299 -17.8501 -20
      vertex 21.591 -1.59099 -20
      vertex 21.6916 -1.48353 -20
    endloop
  endfacet
  facet normal 0 0 -1
    outer loop
      vertex 22.7299 -17.8501 -20
      vertex 21.4835 -1.69164 -20
      vertex 21.591 -1.59099 -20
    endloop
  endfacet
  facet normal 0 0 -1
    outer loop
      vertex 20.1472 -2.24518 -20
      vertex 21.6489 -17.7792 -20
      vertex 21.3786 -17.8058 -20
    endloop
  endfacet
  facet normal 0 0 -1
    outer loop
      vertex 22.7299 -17.8501 -20
      vertex 21.3697 -1.78504 -20
      vertex 21.4835 -1.69164 -20
    endloop
  endfacet
  facet normal 0 0 -1
    outer loop
      vertex 22.7299 -17.8501 -20
      vertex 21.25 -1.87081 -20
      vertex 21.3697 -1.78504 -20
    endloop
  endfacet
  facet normal 0 0 -1
    outer loop
      vertex 22.7299 -17.8501 -20
      vertex 21.125 -1.94856 -20
      vertex 21.25 -1.87081 -20
    endloop
  endfacet
  facet normal 0 0 -1
    outer loop
      vertex 20 -2.25 -20
      vertex 21.3786 -17.8058 -20
      vertex 21.1107 -17.8501 -20
    endloop
  endfacet
  facet normal 0 0 -1
    outer loop
      vertex 22.7299 -17.8501 -20
      vertex 20.9951 -2.01796 -20
      vertex 21.125 -1.94856 -20
    endloop
  endfacet
  facet normal 0 0 -1
    outer loop
      vertex 22.7299 -17.8501 -20
      vertex 20.861 -2.07873 -20
      vertex 20.9951 -2.01796 -20
    endloop
  endfacet
  facet normal 0 0 -1
    outer loop
      vertex 19.8528 -2.24518 -20
      vertex 21.1107 -17.8501 -20
      vertex 20.8462 -17.9117 -20
    endloop
  endfacet
  facet normal 0 0 -1
    outer loop
      vertex 22.462 -17.8058 -20
      vertex 20.7232 -2.13059 -20
      vertex 20.861 -2.07873 -20
    endloop
  endfacet
  facet normal 0 0 -1
    outer loop
      vertex 19.7063 -2.23075 -20
      vertex 20.8462 -17.9117 -20
      vertex 20.5863 -17.9906 -20
    endloop
  endfacet
  facet normal 0 0 -1
    outer loop
      vertex 22.1917 -17.7792 -20
      vertex 20.5823 -2.17333 -20
      vertex 20.7232 -2.13059 -20
    endloop
  endfacet
  facet normal 0 0 -1
    outer loop
      vertex 21.9203 -17.7703 -20
      vertex 20.439 -2.20677 -20
      vertex 20.5823 -2.17333 -20
    endloop
  endfacet
  facet normal 0 0 -1
    outer loop
      vertex 10.6088 -6.125 -20
      vertex 20.5863 -17.9906 -20
      vertex 20.3322 -18.0862 -20
    endloop
  endfacet
  facet normal 0 0 -1
    outer loop
      vertex 21.9203 -17.7703 -20
      vertex 20.2937 -2.23075 -20
      vertex 20.439 -2.20677 -20
    endloop
  endfacet
  facet normal 0 0 -1
    outer loop
      vertex 21.6489 -17.7792 -20
      vertex 20.1472 -2.24518 -20
      vertex 20.2937 -2.23075 -20
    endloop
  endfacet
  facet normal 0 0 -1
    outer loop
      vertex 10.1855 -6.80573 -20
      vertex 20.3322 -18.0862 -20
      vertex 20.0848 -18.1983 -20
    endloop
  endfacet
  facet normal 0 0 -1
    outer loop
      vertex 21.3786 -17.8058 -20
      vertex 20 -2.25 -20
      vertex 20.1472 -2.24518 -20
    endloop
  endfacet
  facet normal 0 0 -1
    outer loop
      vertex 21.1107 -17.8501 -20
      vertex 19.8528 -2.24518 -20
      vertex 20 -2.25 -20
    endloop
  endfacet
  facet normal 0 0 -1
    outer loop
      vertex 10.1855 -6.80573 -20
      vertex 20.0848 -18.1983 -20
      vertex 19.8453 -18.3263 -20
    endloop
  endfacet
  facet normal 0 0 -1
    outer loop
      vertex 20.8462 -17.9117 -20
      vertex 19.7063 -2.23075 -20
      vertex 19.8528 -2.24518 -20
    endloop
  endfacet
  facet normal 0 0 -1
    outer loop
      vertex 9.71858 -7.45733 -20
      vertex 19.8453 -18.3263 -20
      vertex 19.6147 -18.4697 -20
    endloop
  endfacet
  facet normal 0 0 -1
    outer loop
      vertex 20.5863 -17.9906 -20
      vertex 19.561 -2.20677 -20
      vertex 19.7063 -2.23075 -20
    endloop
  endfacet
  facet normal 0 0 -1
    outer loop
      vertex 20.5863 -17.9906 -20
      vertex 10.6088 -6.125 -20
      vertex 19.561 -2.20677 -20
    endloop
  endfacet
  facet normal 0 0 -1
    outer loop
      vertex 9.71858 -7.45733 -20
      vertex 19.6147 -18.4697 -20
      vertex 19.3939 -18.6279 -20
    endloop
  endfacet
  facet normal -0 0 -1
    outer loop
      vertex 19.561 -2.20677 -20
      vertex 10.6088 -6.125 -20
      vertex 19.4177 -2.17333 -20
    endloop
  endfacet
  facet normal 0 0 -1
    outer loop
      vertex 9.21004 -8.07699 -20
      vertex 19.3939 -18.6279 -20
      vertex 19.184 -18.8002 -20
    endloop
  endfacet
  facet normal 0 -0 -1
    outer loop
      vertex 10.9867 -5.41804 -20
      vertex 19.4177 -2.17333 -20
      vertex 10.6088 -6.125 -20
    endloop
  endfacet
  facet normal -0 0 -1
    outer loop
      vertex 19.4177 -2.17333 -20
      vertex 10.9867 -5.41804 -20
      vertex 19.2768 -2.13059 -20
    endloop
  endfacet
  facet normal 0 0 -1
    outer loop
      vertex 8.66206 -8.66206 -20
      vertex 19.184 -18.8002 -20
      vertex 18.9858 -18.9858 -20
    endloop
  endfacet
  facet normal -0 0 -1
    outer loop
      vertex 19.2768 -2.13059 -20
      vertex 10.9867 -5.41804 -20
      vertex 19.139 -2.07873 -20
    endloop
  endfacet
  facet normal 0 0 -1
    outer loop
      vertex 8.66206 -8.66206 -20
      vertex 18.9858 -18.9858 -20
      vertex 18.8002 -19.184 -20
    endloop
  endfacet
  facet normal -0 0 -1
    outer loop
      vertex 19.139 -2.07873 -20
      vertex 10.9867 -5.41804 -20
      vertex 19.0049 -2.01796 -20
    endloop
  endfacet
  facet normal 0 -0 -1
    outer loop
      vertex 11.3175 -4.68787 -20
      vertex 19.0049 -2.01796 -20
      vertex 10.9867 -5.41804 -20
    endloop
  endfacet
  facet normal 0 0 -1
    outer loop
      vertex 8.07699 -9.21004 -20
      vertex 18.8002 -19.184 -20
      vertex 18.6279 -19.3939 -20
    endloop
  endfacet
  facet normal -0 0 -1
    outer loop
      vertex 19.0049 -2.01796 -20
      vertex 11.3175 -4.68787 -20
      vertex 18.875 -1.94856 -20
    endloop
  endfacet
  facet normal 0 0 -1
    outer loop
      vertex 8.07699 -9.21004 -20
      vertex 18.6279 -19.3939 -20
      vertex 18.4697 -19.6147 -20
    endloop
  endfacet
  facet normal -0 0 -1
    outer loop
      vertex 18.875 -1.94856 -20
      vertex 11.3175 -4.68787 -20
      vertex 18.75 -1.87081 -20
    endloop
  endfacet
  facet normal 0 0 -1
    outer loop
      vertex 7.45733 -9.71858 -20
      vertex 18.4697 -19.6147 -20
      vertex 18.3263 -19.8453 -20
    endloop
  endfacet
  facet normal 0 -0 -1
    outer loop
      vertex 11.5999 -3.93763 -20
      vertex 18.75 -1.87081 -20
      vertex 11.3175 -4.68787 -20
    endloop
  endfacet
  facet normal -0 0 -1
    outer loop
      vertex 18.75 -1.87081 -20
      vertex 11.5999 -3.93763 -20
      vertex 18.6303 -1.78504 -20
    endloop
  endfacet
  facet normal 0 0 -1
    outer loop
      vertex 6.80573 -10.1855 -20
      vertex 18.3263 -19.8453 -20
      vertex 18.1983 -20.0848 -20
    endloop
  endfacet
  facet normal -0 0 -1
    outer loop
      vertex 18.6303 -1.78504 -20
      vertex 11.5999 -3.93763 -20
      vertex 18.5165 -1.69164 -20
    endloop
  endfacet
  facet normal 0 0 -1
    outer loop
      vertex 6.80573 -10.1855 -20
      vertex 18.1983 -20.0848 -20
      vertex 18.0862 -20.3322 -20
    endloop
  endfacet
  facet normal 0 -0 -1
    outer loop
      vertex 11.8326 -3.17053 -20
      vertex 18.5165 -1.69164 -20
      vertex 11.5999 -3.93763 -20
    endloop
  endfacet
  facet normal 0 0 -1
    outer loop
      vertex 6.125 -10.6088 -20
      vertex 18.0862 -20.3322 -20
      vertex 17.9906 -20.5863 -20
    endloop
  endfacet
  facet normal -0 0 -1
    outer loop
      vertex 18.5165 -1.69164 -20
      vertex 11.8326 -3.17053 -20
      vertex 18.409 -1.59099 -20
    endloop
  endfacet
  facet normal -0 0 -1
    outer loop
      vertex 18.409 -1.59099 -20
      vertex 11.8326 -3.17053 -20
      vertex 18.3084 -1.48353 -20
    endloop
  endfacet
  facet normal 0 0 -1
    outer loop
      vertex 6.125 -10.6088 -20
      vertex 17.9906 -20.5863 -20
      vertex 17.9117 -20.8462 -20
    endloop
  endfacet
  facet normal -0 0 -1
    outer loop
      vertex 18.3084 -1.48353 -20
      vertex 11.8326 -3.17053 -20
      vertex 18.215 -1.36971 -20
    endloop
  endfacet
  facet normal 0 0 -1
    outer loop
      vertex 5.41804 -10.9867 -20
      vertex 17.9117 -20.8462 -20
      vertex 17.8501 -21.1107 -20
    endloop
  endfacet
  facet normal 0 -0 -1
    outer loop
      vertex 12.0146 -2.38986 -20
      vertex 18.215 -1.36971 -20
      vertex 11.8326 -3.17053 -20
    endloop
  endfacet
  facet normal 0 0 -1
    outer loop
      vertex 4.68787 -11.3175 -20
      vertex 17.8501 -21.1107 -20
      vertex 17.8058 -21.3786 -20
    endloop
  endfacet
  facet normal -0 0 -1
    outer loop
      vertex 18.215 -1.36971 -20
      vertex 12.0146 -2.38986 -20
      vertex 18.1292 -1.25003 -20
    endloop
  endfacet
  facet normal 0 0 -1
    outer loop
      vertex 4.68787 -11.3175 -20
      vertex 17.8058 -21.3786 -20
      vertex 17.7792 -21.6489 -20
    endloop
  endfacet
  facet normal 0 0 -1
    outer loop
      vertex 3.93763 -11.5999 -20
      vertex 17.7792 -21.6489 -20
      vertex 17.7703 -21.9203 -20
    endloop
  endfacet
  facet normal -0 0 -1
    outer loop
      vertex 18.1292 -1.25003 -20
      vertex 12.0146 -2.38986 -20
      vertex 18.0514 -1.125 -20
    endloop
  endfacet
  facet normal 0 0 -1
    outer loop
      vertex 26.0614 -21.6489 -20
      vertex 32 -32 -20
      vertex 26.0703 -21.9203 -20
    endloop
  endfacet
  facet normal 0 0 -1
    outer loop
      vertex 32 -32 -20
      vertex 26.0614 -22.1917 -20
      vertex 26.0703 -21.9203 -20
    endloop
  endfacet
  facet normal 0 0 -1
    outer loop
      vertex 32 -32 -20
      vertex 26.0348 -22.462 -20
      vertex 26.0614 -22.1917 -20
    endloop
  endfacet
  facet normal 0 0 -1
    outer loop
      vertex 32 -32 -20
      vertex 25.9906 -22.7299 -20
      vertex 26.0348 -22.462 -20
    endloop
  endfacet
  facet normal 0 0 -1
    outer loop
      vertex 32 -32 -20
      vertex 25.9289 -22.9944 -20
      vertex 25.9906 -22.7299 -20
    endloop
  endfacet
  facet normal 0 0 -1
    outer loop
      vertex 32 -32 -20
      vertex 25.8501 -23.2543 -20
      vertex 25.9289 -22.9944 -20
    endloop
  endfacet
  facet normal 0 0 -1
    outer loop
      vertex 32 -32 -20
      vertex 25.7544 -23.5084 -20
      vertex 25.8501 -23.2543 -20
    endloop
  endfacet
  facet normal 0 0 -1
    outer loop
      vertex 32 -32 -20
      vertex 25.6423 -23.7558 -20
      vertex 25.7544 -23.5084 -20
    endloop
  endfacet
  facet normal 0 0 -1
    outer loop
      vertex 32 -32 -20
      vertex 25.5143 -23.9953 -20
      vertex 25.6423 -23.7558 -20
    endloop
  endfacet
  facet normal 0 0 -1
    outer loop
      vertex 32 -32 -20
      vertex 25.3709 -24.2259 -20
      vertex 25.5143 -23.9953 -20
    endloop
  endfacet
  facet normal 0 0 -1
    outer loop
      vertex 32 -32 -20
      vertex 25.2127 -24.4467 -20
      vertex 25.3709 -24.2259 -20
    endloop
  endfacet
  facet normal 0 0 -1
    outer loop
      vertex 32 -32 -20
      vertex 25.0404 -24.6566 -20
      vertex 25.2127 -24.4467 -20
    endloop
  endfacet
  facet normal 0 0 -1
    outer loop
      vertex 32 -32 -20
      vertex 24.8548 -24.8548 -20
      vertex 25.0404 -24.6566 -20
    endloop
  endfacet
  facet normal 0 0 -1
    outer loop
      vertex 32 -32 -20
      vertex 24.6566 -25.0404 -20
      vertex 24.8548 -24.8548 -20
    endloop
  endfacet
  facet normal 0 0 -1
    outer loop
      vertex 32 -32 -20
      vertex 24.4467 -25.2127 -20
      vertex 24.6566 -25.0404 -20
    endloop
  endfacet
  facet normal 0 0 -1
    outer loop
      vertex 32 -32 -20
      vertex 24.2259 -25.3709 -20
      vertex 24.4467 -25.2127 -20
    endloop
  endfacet
  facet normal 0 0 -1
    outer loop
      vertex 32 -32 -20
      vertex 23.9953 -25.5143 -20
      vertex 24.2259 -25.3709 -20
    endloop
  endfacet
  facet normal 0 0 -1
    outer loop
      vertex 32 -32 -20
      vertex 23.7558 -25.6423 -20
      vertex 23.9953 -25.5143 -20
    endloop
  endfacet
  facet normal 0 0 -1
    outer loop
      vertex 32 -32 -20
      vertex 23.5084 -25.7544 -20
      vertex 23.7558 -25.6423 -20
    endloop
  endfacet
  facet normal 0 0 -1
    outer loop
      vertex 32 -32 -20
      vertex 23.2543 -25.8501 -20
      vertex 23.5084 -25.7544 -20
    endloop
  endfacet
  facet normal 0 0 -1
    outer loop
      vertex 32 -32 -20
      vertex 22.9944 -25.9289 -20
      vertex 23.2543 -25.8501 -20
    endloop
  endfacet
  facet normal 0 0 -1
    outer loop
      vertex 32 -32 -20
      vertex 22.7299 -25.9906 -20
      vertex 22.9944 -25.9289 -20
    endloop
  endfacet
  facet normal 0 0 -1
    outer loop
      vertex 32 -32 -20
      vertex 22.462 -26.0348 -20
      vertex 22.7299 -25.9906 -20
    endloop
  endfacet
  facet normal 0 0 -1
    outer loop
      vertex 32 -32 -20
      vertex 22.1917 -26.0614 -20
      vertex 22.462 -26.0348 -20
    endloop
  endfacet
  facet normal 0 0 -1
    outer loop
      vertex 32 -32 -20
      vertex 21.9203 -26.0703 -20
      vertex 22.1917 -26.0614 -20
    endloop
  endfacet
  facet normal 0 0 -1
    outer loop
      vertex 32 -32 -20
      vertex 21.6489 -26.0614 -20
      vertex 21.9203 -26.0703 -20
    endloop
  endfacet
  facet normal 0 0 -1
    outer loop
      vertex 32 -32 -20
      vertex 21.3786 -26.0348 -20
      vertex 21.6489 -26.0614 -20
    endloop
  endfacet
  facet normal 0 0 -1
    outer loop
      vertex 32 -32 -20
      vertex 21.1107 -25.9906 -20
      vertex 21.3786 -26.0348 -20
    endloop
  endfacet
  facet normal 0 0 -1
    outer loop
      vertex 32 -32 -20
      vertex 20.8462 -25.9289 -20
      vertex 21.1107 -25.9906 -20
    endloop
  endfacet
  facet normal 0 0 -1
    outer loop
      vertex 32 -32 -20
      vertex 20.5863 -25.8501 -20
      vertex 20.8462 -25.9289 -20
    endloop
  endfacet
  facet normal 0 0 -1
    outer loop
      vertex 32 -32 -20
      vertex 20.3322 -25.7544 -20
      vertex 20.5863 -25.8501 -20
    endloop
  endfacet
  facet normal 0 0 -1
    outer loop
      vertex -32 -32 -20
      vertex 20.3322 -25.7544 -20
      vertex 32 -32 -20
    endloop
  endfacet
  facet normal 0 -0 -1
    outer loop
      vertex 12.1452 -1.59895 -20
      vertex 17.982 -0.995149 -20
      vertex 12.0146 -2.38986 -20
    endloop
  endfacet
  facet normal -0 0 -1
    outer loop
      vertex 17.982 -0.995149 -20
      vertex 12.1452 -1.59895 -20
      vertex 17.9213 -0.861037 -20
    endloop
  endfacet
  facet normal -0 0 -1
    outer loop
      vertex 17.9213 -0.861037 -20
      vertex 12.1452 -1.59895 -20
      vertex 17.8694 -0.723238 -20
    endloop
  endfacet
  facet normal 0 0 -1
    outer loop
      vertex 3.17053 -11.8326 -20
      vertex 17.7703 -21.9203 -20
      vertex 17.7792 -22.1917 -20
    endloop
  endfacet
  facet normal 0 0 -1
    outer loop
      vertex 3.17053 -11.8326 -20
      vertex 17.7792 -22.1917 -20
      vertex 17.8058 -22.462 -20
    endloop
  endfacet
  facet normal 0 0 -1
    outer loop
      vertex 2.38986 -12.0146 -20
      vertex 17.8058 -22.462 -20
      vertex 17.8501 -22.7299 -20
    endloop
  endfacet
  facet normal 0 0 -1
    outer loop
      vertex 1.59895 -12.1452 -20
      vertex 17.8501 -22.7299 -20
      vertex 17.9117 -22.9944 -20
    endloop
  endfacet
  facet normal 0 0 -1
    outer loop
      vertex 17.7548 -0.147157 -20
      vertex 12.25 0 -20
      vertex 17.75 0 -20
    endloop
  endfacet
  facet normal 0 -0 -1
    outer loop
      vertex 12.25 0 -20
      vertex 17.7548 -0.147157 -20
      vertex 12.2238 -0.801188 -20
    endloop
  endfacet
  facet normal -0 0 -1
    outer loop
      vertex 17.7692 -0.293683 -20
      vertex 12.2238 -0.801188 -20
      vertex 17.7548 -0.147157 -20
    endloop
  endfacet
  facet normal -0 0 -1
    outer loop
      vertex 17.7932 -0.438952 -20
      vertex 12.2238 -0.801188 -20
      vertex 17.7692 -0.293683 -20
    endloop
  endfacet
  facet normal 0 0 -1
    outer loop
      vertex 1.59895 -12.1452 -20
      vertex 17.9117 -22.9944 -20
      vertex 17.9906 -23.2543 -20
    endloop
  endfacet
  facet normal -0 0 -1
    outer loop
      vertex 17.8267 -0.582342 -20
      vertex 12.2238 -0.801188 -20
      vertex 17.7932 -0.438952 -20
    endloop
  endfacet
  facet normal 0 -0 -1
    outer loop
      vertex 12.2238 -0.801188 -20
      vertex 17.8267 -0.582342 -20
      vertex 12.1452 -1.59895 -20
    endloop
  endfacet
  facet normal -0 0 -1
    outer loop
      vertex 17.8694 -0.723238 -20
      vertex 12.1452 -1.59895 -20
      vertex 17.8267 -0.582342 -20
    endloop
  endfacet
  facet normal 0 0 -1
    outer loop
      vertex 0.801188 -12.2238 -20
      vertex 17.9906 -23.2543 -20
      vertex 18.0862 -23.5084 -20
    endloop
  endfacet
  facet normal -0 0 -1
    outer loop
      vertex 18.0514 -1.125 -20
      vertex 12.0146 -2.38986 -20
      vertex 17.982 -0.995149 -20
    endloop
  endfacet
  facet normal 0 0 -1
    outer loop
      vertex 20.3322 -18.0862 -20
      vertex 10.1855 -6.80573 -20
      vertex 10.6088 -6.125 -20
    endloop
  endfacet
  facet normal 0 0 -1
    outer loop
      vertex 0 -12.25 -20
      vertex 18.0862 -23.5084 -20
      vertex 18.1983 -23.7558 -20
    endloop
  endfacet
  facet normal 0 0 -1
    outer loop
      vertex 19.8453 -18.3263 -20
      vertex 9.71858 -7.45733 -20
      vertex 10.1855 -6.80573 -20
    endloop
  endfacet
  facet normal 0 0 -1
    outer loop
      vertex 19.3939 -18.6279 -20
      vertex 9.21004 -8.07699 -20
      vertex 9.71858 -7.45733 -20
    endloop
  endfacet
  facet normal 0 0 -1
    outer loop
      vertex 0 -12.25 -20
      vertex 18.1983 -23.7558 -20
      vertex 18.3263 -23.9953 -20
    endloop
  endfacet
  facet normal 0 0 -1
    outer loop
      vertex 19.184 -18.8002 -20
      vertex 8.66206 -8.66206 -20
      vertex 9.21004 -8.07699 -20
    endloop
  endfacet
  facet normal 0 0 -1
    outer loop
      vertex -0.801188 -12.2238 -20
      vertex 18.3263 -23.9953 -20
      vertex 18.4697 -24.2259 -20
    endloop
  endfacet
  facet normal 0 0 -1
    outer loop
      vertex 18.8002 -19.184 -20
      vertex 8.07699 -9.21004 -20
      vertex 8.66206 -8.66206 -20
    endloop
  endfacet
  facet normal 0 0 -1
    outer loop
      vertex 18.4697 -19.6147 -20
      vertex 7.45733 -9.71858 -20
      vertex 8.07699 -9.21004 -20
    endloop
  endfacet
  facet normal 0 0 -1
    outer loop
      vertex -32 -32 -20
      vertex 18.4697 -24.2259 -20
      vertex 18.6279 -24.4467 -20
    endloop
  endfacet
  facet normal 0 0 -1
    outer loop
      vertex 18.3263 -19.8453 -20
      vertex 6.80573 -10.1855 -20
      vertex 7.45733 -9.71858 -20
    endloop
  endfacet
  facet normal 0 0 -1
    outer loop
      vertex -32 -32 -20
      vertex 18.6279 -24.4467 -20
      vertex 18.8002 -24.6566 -20
    endloop
  endfacet
  facet normal 0 0 -1
    outer loop
      vertex 18.0862 -20.3322 -20
      vertex 6.125 -10.6088 -20
      vertex 6.80573 -10.1855 -20
    endloop
  endfacet
  facet normal 0 0 -1
    outer loop
      vertex 17.9117 -20.8462 -20
      vertex 5.41804 -10.9867 -20
      vertex 6.125 -10.6088 -20
    endloop
  endfacet
  facet normal 0 0 -1
    outer loop
      vertex -32 -32 -20
      vertex 18.8002 -24.6566 -20
      vertex 18.9858 -24.8548 -20
    endloop
  endfacet
  facet normal 0 0 -1
    outer loop
      vertex 17.8501 -21.1107 -20
      vertex 4.68787 -11.3175 -20
      vertex 5.41804 -10.9867 -20
    endloop
  endfacet
  facet normal 0 0 -1
    outer loop
      vertex 17.7792 -21.6489 -20
      vertex 3.93763 -11.5999 -20
      vertex 4.68787 -11.3175 -20
    endloop
  endfacet
  facet normal 0 0 -1
    outer loop
      vertex -32 -32 -20
      vertex 18.9858 -24.8548 -20
      vertex 19.184 -25.0404 -20
    endloop
  endfacet
  facet normal 0 0 -1
    outer loop
      vertex 17.7703 -21.9203 -20
      vertex 3.17053 -11.8326 -20
      vertex 3.93763 -11.5999 -20
    endloop
  endfacet
  facet normal 0 0 -1
    outer loop
      vertex 17.8058 -22.462 -20
      vertex 2.38986 -12.0146 -20
      vertex 3.17053 -11.8326 -20
    endloop
  endfacet
  facet normal 0 0 -1
    outer loop
      vertex -32 -32 -20
      vertex 19.184 -25.0404 -20
      vertex 19.3939 -25.2127 -20
    endloop
  endfacet
  facet normal 0 0 -1
    outer loop
      vertex 17.8501 -22.7299 -20
      vertex 1.59895 -12.1452 -20
      vertex 2.38986 -12.0146 -20
    endloop
  endfacet
  facet normal 0 0 -1
    outer loop
      vertex 17.9906 -23.2543 -20
      vertex 0.801188 -12.2238 -20
      vertex 1.59895 -12.1452 -20
    endloop
  endfacet
  facet normal 0 0 -1
    outer loop
      vertex -32 -32 -20
      vertex 19.3939 -25.2127 -20
      vertex 19.6147 -25.3709 -20
    endloop
  endfacet
  facet normal 0 0 -1
    outer loop
      vertex 18.0862 -23.5084 -20
      vertex 0 -12.25 -20
      vertex 0.801188 -12.2238 -20
    endloop
  endfacet
  facet normal 0 0 -1
    outer loop
      vertex 18.3263 -23.9953 -20
      vertex -0.801188 -12.2238 -20
      vertex 0 -12.25 -20
    endloop
  endfacet
  facet normal 0 0 -1
    outer loop
      vertex 18.4697 -24.2259 -20
      vertex -1.59895 -12.1452 -20
      vertex -0.801188 -12.2238 -20
    endloop
  endfacet
  facet normal -0 0 -1
    outer loop
      vertex 18.4697 -24.2259 -20
      vertex -32 -32 -20
      vertex -1.59895 -12.1452 -20
    endloop
  endfacet
  facet normal 0 0 -1
    outer loop
      vertex -32 -32 -20
      vertex 19.6147 -25.3709 -20
      vertex 19.8453 -25.5143 -20
    endloop
  endfacet
  facet normal -0 0 -1
    outer loop
      vertex -1.59895 -12.1452 -20
      vertex -32 -32 -20
      vertex -2.38986 -12.0146 -20
    endloop
  endfacet
  facet normal -0 0 -1
    outer loop
      vertex -2.38986 -12.0146 -20
      vertex -32 -32 -20
      vertex -3.17053 -11.8326 -20
    endloop
  endfacet
  facet normal -0 0 -1
    outer loop
      vertex -3.17053 -11.8326 -20
      vertex -32 -32 -20
      vertex -3.93763 -11.5999 -20
    endloop
  endfacet
  facet normal -0 0 -1
    outer loop
      vertex -3.93763 -11.5999 -20
      vertex -32 -32 -20
      vertex -4.68787 -11.3175 -20
    endloop
  endfacet
  facet normal -0 0 -1
    outer loop
      vertex -4.68787 -11.3175 -20
      vertex -32 -32 -20
      vertex -5.41804 -10.9867 -20
    endloop
  endfacet
  facet normal 0 0 -1
    outer loop
      vertex -17.7548 -0.147157 -20
      vertex -12.25 0 -20
      vertex -12.2238 -0.801188 -20
    endloop
  endfacet
  facet normal 0 0 -1
    outer loop
      vertex -17.8267 -0.582342 -20
      vertex -12.2238 -0.801188 -20
      vertex -12.1452 -1.59895 -20
    endloop
  endfacet
  facet normal 0 0 -1
    outer loop
      vertex -17.982 -0.995149 -20
      vertex -12.1452 -1.59895 -20
      vertex -12.0146 -2.38986 -20
    endloop
  endfacet
  facet normal 0 0 -1
    outer loop
      vertex -18.215 -1.36971 -20
      vertex -12.0146 -2.38986 -20
      vertex -11.8326 -3.17053 -20
    endloop
  endfacet
  facet normal 0 0 -1
    outer loop
      vertex -18.5165 -1.69164 -20
      vertex -11.8326 -3.17053 -20
      vertex -11.5999 -3.93763 -20
    endloop
  endfacet
  facet normal 0 0 -1
    outer loop
      vertex -18.75 -1.87081 -20
      vertex -11.5999 -3.93763 -20
      vertex -11.3175 -4.68787 -20
    endloop
  endfacet
  facet normal 0 0 -1
    outer loop
      vertex -19.0049 -2.01796 -20
      vertex -11.3175 -4.68787 -20
      vertex -10.9867 -5.41804 -20
    endloop
  endfacet
  facet normal 0 0 -1
    outer loop
      vertex -19.4177 -2.17333 -20
      vertex -10.9867 -5.41804 -20
      vertex -10.6088 -6.125 -20
    endloop
  endfacet
  facet normal 0 0 -1
    outer loop
      vertex -19.561 -2.20677 -20
      vertex -10.6088 -6.125 -20
      vertex -10.1855 -6.80573 -20
    endloop
  endfacet
  facet normal 0 0 -1
    outer loop
      vertex -19.8528 -2.24518 -20
      vertex -10.1855 -6.80573 -20
      vertex -9.71858 -7.45733 -20
    endloop
  endfacet
  facet normal 0 0 -1
    outer loop
      vertex -20.1472 -2.24518 -20
      vertex -9.71858 -7.45733 -20
      vertex -9.21004 -8.07699 -20
    endloop
  endfacet
  facet normal 0 0 -1
    outer loop
      vertex -32 -32 -20
      vertex -9.21004 -8.07699 -20
      vertex -8.66206 -8.66206 -20
    endloop
  endfacet
  facet normal -0 0 -1
    outer loop
      vertex -12.25 0 -20
      vertex -17.7548 -0.147157 -20
      vertex -17.75 0 -20
    endloop
  endfacet
  facet normal 0 0 -1
    outer loop
      vertex -32 -32 -20
      vertex -8.66206 -8.66206 -20
      vertex -8.07699 -9.21004 -20
    endloop
  endfacet
  facet normal 0 0 -1
    outer loop
      vertex -12.2238 -0.801188 -20
      vertex -17.7692 -0.293683 -20
      vertex -17.7548 -0.147157 -20
    endloop
  endfacet
  facet normal 0 0 -1
    outer loop
      vertex -12.2238 -0.801188 -20
      vertex -17.7932 -0.438952 -20
      vertex -17.7692 -0.293683 -20
    endloop
  endfacet
  facet normal 0 0 -1
    outer loop
      vertex -12.2238 -0.801188 -20
      vertex -17.8267 -0.582342 -20
      vertex -17.7932 -0.438952 -20
    endloop
  endfacet
  facet normal 0 0 -1
    outer loop
      vertex -12.1452 -1.59895 -20
      vertex -17.8694 -0.723238 -20
      vertex -17.8267 -0.582342 -20
    endloop
  endfacet
  facet normal 0 0 -1
    outer loop
      vertex -12.1452 -1.59895 -20
      vertex -17.9213 -0.861037 -20
      vertex -17.8694 -0.723238 -20
    endloop
  endfacet
  facet normal 0 0 -1
    outer loop
      vertex -12.1452 -1.59895 -20
      vertex -17.982 -0.995149 -20
      vertex -17.9213 -0.861037 -20
    endloop
  endfacet
  facet normal 0 0 -1
    outer loop
      vertex -12.0146 -2.38986 -20
      vertex -18.0514 -1.125 -20
      vertex -17.982 -0.995149 -20
    endloop
  endfacet
  facet normal 0 0 -1
    outer loop
      vertex -32 -32 -20
      vertex -8.07699 -9.21004 -20
      vertex -7.45733 -9.71858 -20
    endloop
  endfacet
  facet normal 0 0 -1
    outer loop
      vertex -12.0146 -2.38986 -20
      vertex -18.1292 -1.25003 -20
      vertex -18.0514 -1.125 -20
    endloop
  endfacet
  facet normal 0 0 -1
    outer loop
      vertex -12.0146 -2.38986 -20
      vertex -18.215 -1.36971 -20
      vertex -18.1292 -1.25003 -20
    endloop
  endfacet
  facet normal 0 0 -1
    outer loop
      vertex -11.8326 -3.17053 -20
      vertex -18.3084 -1.48353 -20
      vertex -18.215 -1.36971 -20
    endloop
  endfacet
  facet normal 0 0 -1
    outer loop
      vertex -11.8326 -3.17053 -20
      vertex -18.409 -1.59099 -20
      vertex -18.3084 -1.48353 -20
    endloop
  endfacet
  facet normal 0 0 -1
    outer loop
      vertex -11.8326 -3.17053 -20
      vertex -18.5165 -1.69164 -20
      vertex -18.409 -1.59099 -20
    endloop
  endfacet
  facet normal 0 0 -1
    outer loop
      vertex -11.5999 -3.93763 -20
      vertex -18.6303 -1.78504 -20
      vertex -18.5165 -1.69164 -20
    endloop
  endfacet
  facet normal 0 0 -1
    outer loop
      vertex -32 -32 -20
      vertex -7.45733 -9.71858 -20
      vertex -6.80573 -10.1855 -20
    endloop
  endfacet
  facet normal 0 0 -1
    outer loop
      vertex -11.5999 -3.93763 -20
      vertex -18.75 -1.87081 -20
      vertex -18.6303 -1.78504 -20
    endloop
  endfacet
  facet normal 0 0 -1
    outer loop
      vertex -11.3175 -4.68787 -20
      vertex -18.875 -1.94856 -20
      vertex -18.75 -1.87081 -20
    endloop
  endfacet
  facet normal 0 0 -1
    outer loop
      vertex -11.3175 -4.68787 -20
      vertex -19.0049 -2.01796 -20
      vertex -18.875 -1.94856 -20
    endloop
  endfacet
  facet normal 0 0 -1
    outer loop
      vertex -10.9867 -5.41804 -20
      vertex -19.139 -2.07873 -20
      vertex -19.0049 -2.01796 -20
    endloop
  endfacet
  facet normal 0 0 -1
    outer loop
      vertex -10.9867 -5.41804 -20
      vertex -19.2768 -2.13059 -20
      vertex -19.139 -2.07873 -20
    endloop
  endfacet
  facet normal 0 0 -1
    outer loop
      vertex -10.9867 -5.41804 -20
      vertex -19.4177 -2.17333 -20
      vertex -19.2768 -2.13059 -20
    endloop
  endfacet
  facet normal 0 0 -1
    outer loop
      vertex -10.6088 -6.125 -20
      vertex -19.561 -2.20677 -20
      vertex -19.4177 -2.17333 -20
    endloop
  endfacet
  facet normal 0 0 -1
    outer loop
      vertex -10.1855 -6.80573 -20
      vertex -19.7063 -2.23075 -20
      vertex -19.561 -2.20677 -20
    endloop
  endfacet
  facet normal 0 0 -1
    outer loop
      vertex -32 -32 -20
      vertex -6.80573 -10.1855 -20
      vertex -6.125 -10.6088 -20
    endloop
  endfacet
  facet normal 0 0 -1
    outer loop
      vertex -10.1855 -6.80573 -20
      vertex -19.8528 -2.24518 -20
      vertex -19.7063 -2.23075 -20
    endloop
  endfacet
  facet normal 0 0 -1
    outer loop
      vertex -9.71858 -7.45733 -20
      vertex -20 -2.25 -20
      vertex -19.8528 -2.24518 -20
    endloop
  endfacet
  facet normal 0 0 -1
    outer loop
      vertex -9.71858 -7.45733 -20
      vertex -20.1472 -2.24518 -20
      vertex -20 -2.25 -20
    endloop
  endfacet
  facet normal -0 0 -1
    outer loop
      vertex -9.21004 -8.07699 -20
      vertex -32 -32 -20
      vertex -20.1472 -2.24518 -20
    endloop
  endfacet
  facet normal -0 0 -1
    outer loop
      vertex -20.1472 -2.24518 -20
      vertex -32 -32 -20
      vertex -20.2937 -2.23075 -20
    endloop
  endfacet
  facet normal -0 0 -1
    outer loop
      vertex -20.2937 -2.23075 -20
      vertex -32 -32 -20
      vertex -20.439 -2.20677 -20
    endloop
  endfacet
  facet normal -0 0 -1
    outer loop
      vertex -20.439 -2.20677 -20
      vertex -32 -32 -20
      vertex -20.5823 -2.17333 -20
    endloop
  endfacet
  facet normal -0 0 -1
    outer loop
      vertex -20.5823 -2.17333 -20
      vertex -32 -32 -20
      vertex -20.7232 -2.13059 -20
    endloop
  endfacet
  facet normal -0 0 -1
    outer loop
      vertex -20.7232 -2.13059 -20
      vertex -32 -32 -20
      vertex -20.861 -2.07873 -20
    endloop
  endfacet
  facet normal -0 0 -1
    outer loop
      vertex -20.861 -2.07873 -20
      vertex -32 -32 -20
      vertex -20.9951 -2.01796 -20
    endloop
  endfacet
  facet normal 0 0 -1
    outer loop
      vertex -20.861 2.07873 -20
      vertex -22.7299 17.8501 -20
      vertex -22.462 17.8058 -20
    endloop
  endfacet
  facet normal 0 0 -1
    outer loop
      vertex -20.9951 2.01796 -20
      vertex -22.9944 17.9117 -20
      vertex -22.7299 17.8501 -20
    endloop
  endfacet
  facet normal 0 0 -1
    outer loop
      vertex -32 -32 -20
      vertex -22.25 0 -20
      vertex -22.2452 -0.147157 -20
    endloop
  endfacet
  facet normal 0 0 -1
    outer loop
      vertex -21.125 1.94856 -20
      vertex -23.2543 17.9906 -20
      vertex -22.9944 17.9117 -20
    endloop
  endfacet
  facet normal 0 0 -1
    outer loop
      vertex -21.3697 1.78504 -20
      vertex -23.5084 18.0862 -20
      vertex -23.2543 17.9906 -20
    endloop
  endfacet
  facet normal 0 0 -1
    outer loop
      vertex -21.4835 1.69164 -20
      vertex -23.7558 18.1983 -20
      vertex -23.5084 18.0862 -20
    endloop
  endfacet
  facet normal 0 0 -1
    outer loop
      vertex -21.591 1.59099 -20
      vertex -23.9953 18.3263 -20
      vertex -23.7558 18.1983 -20
    endloop
  endfacet
  facet normal 0 0 -1
    outer loop
      vertex -21.6916 1.48353 -20
      vertex -24.2259 18.4697 -20
      vertex -23.9953 18.3263 -20
    endloop
  endfacet
  facet normal 0 0 -1
    outer loop
      vertex -32 -32 -20
      vertex -22.2452 -0.147157 -20
      vertex -22.2308 -0.293683 -20
    endloop
  endfacet
  facet normal 0 0 -1
    outer loop
      vertex -21.785 1.36971 -20
      vertex -24.4467 18.6279 -20
      vertex -24.2259 18.4697 -20
    endloop
  endfacet
  facet normal 0 0 -1
    outer loop
      vertex -21.8708 1.25003 -20
      vertex -24.6566 18.8002 -20
      vertex -24.4467 18.6279 -20
    endloop
  endfacet
  facet normal 0 0 -1
    outer loop
      vertex -21.9486 1.125 -20
      vertex -24.8548 18.9858 -20
      vertex -24.6566 18.8002 -20
    endloop
  endfacet
  facet normal 0 0 -1
    outer loop
      vertex -22.018 0.995149 -20
      vertex -25.0404 19.184 -20
      vertex -24.8548 18.9858 -20
    endloop
  endfacet
  facet normal 0 0 -1
    outer loop
      vertex -22.1306 0.723238 -20
      vertex -25.2127 19.3939 -20
      vertex -25.0404 19.184 -20
    endloop
  endfacet
  facet normal 0 0 -1
    outer loop
      vertex -22.1733 0.582342 -20
      vertex -25.3709 19.6147 -20
      vertex -25.2127 19.3939 -20
    endloop
  endfacet
  facet normal 0 0 -1
    outer loop
      vertex -22.2068 0.438952 -20
      vertex -25.5143 19.8453 -20
      vertex -25.3709 19.6147 -20
    endloop
  endfacet
  facet normal 0 0 -1
    outer loop
      vertex -22.2308 0.293683 -20
      vertex -25.6423 20.0848 -20
      vertex -25.5143 19.8453 -20
    endloop
  endfacet
  facet normal 0 0 -1
    outer loop
      vertex -32 -32 -20
      vertex -22.2308 -0.293683 -20
      vertex -22.2068 -0.438952 -20
    endloop
  endfacet
  facet normal 0 0 -1
    outer loop
      vertex -22.2452 0.147157 -20
      vertex -25.7544 20.3322 -20
      vertex -25.6423 20.0848 -20
    endloop
  endfacet
  facet normal 0 0 -1
    outer loop
      vertex -22.25 0 -20
      vertex -32 32 -20
      vertex -25.7544 20.3322 -20
    endloop
  endfacet
  facet normal 0 0 -1
    outer loop
      vertex -25.7544 20.3322 -20
      vertex -32 32 -20
      vertex -25.8501 20.5863 -20
    endloop
  endfacet
  facet normal 0 0 -1
    outer loop
      vertex -25.8501 20.5863 -20
      vertex -32 32 -20
      vertex -25.9289 20.8462 -20
    endloop
  endfacet
  facet normal 0 0 -1
    outer loop
      vertex -26.0348 21.3786 -20
      vertex -32 32 -20
      vertex -26.0614 21.6489 -20
    endloop
  endfacet
  facet normal 0 0 -1
    outer loop
      vertex -25.9906 21.1107 -20
      vertex -32 32 -20
      vertex -26.0348 21.3786 -20
    endloop
  endfacet
  facet normal 0 0 -1
    outer loop
      vertex -25.9289 20.8462 -20
      vertex -32 32 -20
      vertex -25.9906 21.1107 -20
    endloop
  endfacet
  facet normal -0 0 -1
    outer loop
      vertex -22.25 0 -20
      vertex -32 -32 -20
      vertex -32 32 -20
    endloop
  endfacet
  facet normal -0 0 -1
    outer loop
      vertex -22.1733 -0.582342 -20
      vertex -32 -32 -20
      vertex -22.2068 -0.438952 -20
    endloop
  endfacet
  facet normal -0 0 -1
    outer loop
      vertex -22.1306 -0.723238 -20
      vertex -32 -32 -20
      vertex -22.1733 -0.582342 -20
    endloop
  endfacet
  facet normal -0 0 -1
    outer loop
      vertex -22.0787 -0.861037 -20
      vertex -32 -32 -20
      vertex -22.1306 -0.723238 -20
    endloop
  endfacet
  facet normal -0 0 -1
    outer loop
      vertex -22.018 -0.995149 -20
      vertex -32 -32 -20
      vertex -22.0787 -0.861037 -20
    endloop
  endfacet
  facet normal -0 0 -1
    outer loop
      vertex -21.9486 -1.125 -20
      vertex -32 -32 -20
      vertex -22.018 -0.995149 -20
    endloop
  endfacet
  facet normal -0 0 -1
    outer loop
      vertex -21.8708 -1.25003 -20
      vertex -32 -32 -20
      vertex -21.9486 -1.125 -20
    endloop
  endfacet
  facet normal -0 0 -1
    outer loop
      vertex -21.785 -1.36971 -20
      vertex -32 -32 -20
      vertex -21.8708 -1.25003 -20
    endloop
  endfacet
  facet normal -0 0 -1
    outer loop
      vertex -21.6916 -1.48353 -20
      vertex -32 -32 -20
      vertex -21.785 -1.36971 -20
    endloop
  endfacet
  facet normal -0 0 -1
    outer loop
      vertex -21.591 -1.59099 -20
      vertex -32 -32 -20
      vertex -21.6916 -1.48353 -20
    endloop
  endfacet
  facet normal -0 0 -1
    outer loop
      vertex -21.4835 -1.69164 -20
      vertex -32 -32 -20
      vertex -21.591 -1.59099 -20
    endloop
  endfacet
  facet normal -0 0 -1
    outer loop
      vertex -21.3697 -1.78504 -20
      vertex -32 -32 -20
      vertex -21.4835 -1.69164 -20
    endloop
  endfacet
  facet normal -0 0 -1
    outer loop
      vertex -21.25 -1.87081 -20
      vertex -32 -32 -20
      vertex -21.3697 -1.78504 -20
    endloop
  endfacet
  facet normal -0 0 -1
    outer loop
      vertex -21.125 -1.94856 -20
      vertex -32 -32 -20
      vertex -21.25 -1.87081 -20
    endloop
  endfacet
  facet normal -0 0 -1
    outer loop
      vertex -20.9951 -2.01796 -20
      vertex -32 -32 -20
      vertex -21.125 -1.94856 -20
    endloop
  endfacet
  facet normal -0 0 -1
    outer loop
      vertex -5.41804 -10.9867 -20
      vertex -32 -32 -20
      vertex -6.125 -10.6088 -20
    endloop
  endfacet
  facet normal -0 0 -1
    outer loop
      vertex 20.0848 -25.6423 -20
      vertex -32 -32 -20
      vertex 19.8453 -25.5143 -20
    endloop
  endfacet
  facet normal -0 0 -1
    outer loop
      vertex 20.3322 -25.7544 -20
      vertex -32 -32 -20
      vertex 20.0848 -25.6423 -20
    endloop
  endfacet
  facet normal 0 0 -1
    outer loop
      vertex 26.0348 -21.3786 -20
      vertex 32 -32 -20
      vertex 26.0614 -21.6489 -20
    endloop
  endfacet
  facet normal 0 0 -1
    outer loop
      vertex 25.9906 -21.1107 -20
      vertex 32 -32 -20
      vertex 26.0348 -21.3786 -20
    endloop
  endfacet
  facet normal 0 0 -1
    outer loop
      vertex 25.9289 -20.8462 -20
      vertex 32 -32 -20
      vertex 25.9906 -21.1107 -20
    endloop
  endfacet
  facet normal 0 0 -1
    outer loop
      vertex 25.8501 -20.5863 -20
      vertex 32 -32 -20
      vertex 25.9289 -20.8462 -20
    endloop
  endfacet
  facet normal 0 0 -1
    outer loop
      vertex 25.7544 -20.3322 -20
      vertex 32 -32 -20
      vertex 25.8501 -20.5863 -20
    endloop
  endfacet
  facet normal 0 0 -1
    outer loop
      vertex 22.25 0 -20
      vertex 32 -32 -20
      vertex 25.7544 -20.3322 -20
    endloop
  endfacet
  facet normal 0 0 -1
    outer loop
      vertex 22.2452 -0.147157 -20
      vertex 25.7544 -20.3322 -20
      vertex 25.6423 -20.0848 -20
    endloop
  endfacet
  facet normal 0 0 -1
    outer loop
      vertex 22.2452 -0.147157 -20
      vertex 25.6423 -20.0848 -20
      vertex 25.5143 -19.8453 -20
    endloop
  endfacet
  facet normal 0 0 -1
    outer loop
      vertex 22.2452 -0.147157 -20
      vertex 25.5143 -19.8453 -20
      vertex 25.3709 -19.6147 -20
    endloop
  endfacet
  facet normal 0 0 -1
    outer loop
      vertex 22.2452 -0.147157 -20
      vertex 25.3709 -19.6147 -20
      vertex 25.2127 -19.3939 -20
    endloop
  endfacet
  facet normal 0 0 -1
    outer loop
      vertex 22.2452 -0.147157 -20
      vertex 25.2127 -19.3939 -20
      vertex 25.0404 -19.184 -20
    endloop
  endfacet
  facet normal 0 0 -1
    outer loop
      vertex 22.2452 -0.147157 -20
      vertex 25.0404 -19.184 -20
      vertex 24.8548 -18.9858 -20
    endloop
  endfacet
  facet normal 0 0 -1
    outer loop
      vertex 22.2452 -0.147157 -20
      vertex 24.8548 -18.9858 -20
      vertex 24.6566 -18.8002 -20
    endloop
  endfacet
  facet normal 0 0 -1
    outer loop
      vertex 22.2452 -0.147157 -20
      vertex 24.6566 -18.8002 -20
      vertex 24.4467 -18.6279 -20
    endloop
  endfacet
  facet normal 0 0 -1
    outer loop
      vertex 22.2452 -0.147157 -20
      vertex 24.4467 -18.6279 -20
      vertex 24.2259 -18.4697 -20
    endloop
  endfacet
  facet normal 0 0 -1
    outer loop
      vertex 22.2452 -0.147157 -20
      vertex 24.2259 -18.4697 -20
      vertex 23.9953 -18.3263 -20
    endloop
  endfacet
  facet normal 0 0 -1
    outer loop
      vertex 22.2452 -0.147157 -20
      vertex 23.9953 -18.3263 -20
      vertex 23.7558 -18.1983 -20
    endloop
  endfacet
  facet normal 0 0 -1
    outer loop
      vertex 22.2452 -0.147157 -20
      vertex 23.7558 -18.1983 -20
      vertex 23.5084 -18.0862 -20
    endloop
  endfacet
  facet normal 0 0 -1
    outer loop
      vertex 22.2452 -0.147157 -20
      vertex 23.5084 -18.0862 -20
      vertex 23.2543 -17.9906 -20
    endloop
  endfacet
  facet normal 0 0 -1
    outer loop
      vertex 22.2452 -0.147157 -20
      vertex 23.2543 -17.9906 -20
      vertex 22.9944 -17.9117 -20
    endloop
  endfacet
  facet normal 0 0 -1
    outer loop
      vertex 22.2452 -0.147157 -20
      vertex 22.9944 -17.9117 -20
      vertex 22.7299 -17.8501 -20
    endloop
  endfacet
  facet normal 0 0 -1
    outer loop
      vertex 20.861 -2.07873 -20
      vertex 22.7299 -17.8501 -20
      vertex 22.462 -17.8058 -20
    endloop
  endfacet
  facet normal 0 0 -1
    outer loop
      vertex 32 -32 -20
      vertex 22.25 0 -20
      vertex 32 32 -20
    endloop
  endfacet
  facet normal 0 0 -1
    outer loop
      vertex 22.2452 0.147157 -20
      vertex 32 32 -20
      vertex 22.25 0 -20
    endloop
  endfacet
  facet normal 0 0 -1
    outer loop
      vertex 22.2308 0.293683 -20
      vertex 32 32 -20
      vertex 22.2452 0.147157 -20
    endloop
  endfacet
  facet normal 0 0 -1
    outer loop
      vertex 22.2068 0.438952 -20
      vertex 32 32 -20
      vertex 22.2308 0.293683 -20
    endloop
  endfacet
  facet normal 0 0 -1
    outer loop
      vertex 22.1733 0.582342 -20
      vertex 32 32 -20
      vertex 22.2068 0.438952 -20
    endloop
  endfacet
  facet normal 0 0 -1
    outer loop
      vertex 22.1306 0.723238 -20
      vertex 32 32 -20
      vertex 22.1733 0.582342 -20
    endloop
  endfacet
  facet normal 0 0 -1
    outer loop
      vertex 22.0787 0.861037 -20
      vertex 32 32 -20
      vertex 22.1306 0.723238 -20
    endloop
  endfacet
  facet normal 0 0 -1
    outer loop
      vertex 22.018 0.995149 -20
      vertex 32 32 -20
      vertex 22.0787 0.861037 -20
    endloop
  endfacet
  facet normal 0 0 -1
    outer loop
      vertex 21.9486 1.125 -20
      vertex 32 32 -20
      vertex 22.018 0.995149 -20
    endloop
  endfacet
  facet normal 0 0 -1
    outer loop
      vertex 21.8708 1.25003 -20
      vertex 32 32 -20
      vertex 21.9486 1.125 -20
    endloop
  endfacet
  facet normal 0 0 -1
    outer loop
      vertex 21.785 1.36971 -20
      vertex 32 32 -20
      vertex 21.8708 1.25003 -20
    endloop
  endfacet
  facet normal 0 0 -1
    outer loop
      vertex 21.6916 1.48353 -20
      vertex 32 32 -20
      vertex 21.785 1.36971 -20
    endloop
  endfacet
  facet normal 0 0 -1
    outer loop
      vertex 21.591 1.59099 -20
      vertex 32 32 -20
      vertex 21.6916 1.48353 -20
    endloop
  endfacet
  facet normal 0 0 -1
    outer loop
      vertex 21.4835 1.69164 -20
      vertex 32 32 -20
      vertex 21.591 1.59099 -20
    endloop
  endfacet
  facet normal 0 0 -1
    outer loop
      vertex 21.3697 1.78504 -20
      vertex 32 32 -20
      vertex 21.4835 1.69164 -20
    endloop
  endfacet
  facet normal 0 0 -1
    outer loop
      vertex 21.25 1.87081 -20
      vertex 32 32 -20
      vertex 21.3697 1.78504 -20
    endloop
  endfacet
  facet normal 0 0 -1
    outer loop
      vertex 21.125 1.94856 -20
      vertex 32 32 -20
      vertex 21.25 1.87081 -20
    endloop
  endfacet
  facet normal 0 0 -1
    outer loop
      vertex 20.9951 2.01796 -20
      vertex 32 32 -20
      vertex 21.125 1.94856 -20
    endloop
  endfacet
  facet normal 0 0 -1
    outer loop
      vertex 20.861 2.07873 -20
      vertex 32 32 -20
      vertex 20.9951 2.01796 -20
    endloop
  endfacet
  facet normal 0 0 -1
    outer loop
      vertex 20.7232 2.13059 -20
      vertex 32 32 -20
      vertex 20.861 2.07873 -20
    endloop
  endfacet
  facet normal 0 0 -1
    outer loop
      vertex 20.5823 2.17333 -20
      vertex 32 32 -20
      vertex 20.7232 2.13059 -20
    endloop
  endfacet
  facet normal 0 0 -1
    outer loop
      vertex 20.439 2.20677 -20
      vertex 32 32 -20
      vertex 20.5823 2.17333 -20
    endloop
  endfacet
  facet normal 0 0 -1
    outer loop
      vertex 20.2937 2.23075 -20
      vertex 32 32 -20
      vertex 20.439 2.20677 -20
    endloop
  endfacet
  facet normal 0 0 -1
    outer loop
      vertex 20.1472 2.24518 -20
      vertex 32 32 -20
      vertex 20.2937 2.23075 -20
    endloop
  endfacet
  facet normal 0 0 -1
    outer loop
      vertex 9.71858 7.45733 -20
      vertex 20.1472 2.24518 -20
      vertex 20 2.25 -20
    endloop
  endfacet
  facet normal 0 0 -1
    outer loop
      vertex 9.71858 7.45733 -20
      vertex 20 2.25 -20
      vertex 19.8528 2.24518 -20
    endloop
  endfacet
  facet normal 0 0 -1
    outer loop
      vertex 10.1855 6.80573 -20
      vertex 19.8528 2.24518 -20
      vertex 19.7063 2.23075 -20
    endloop
  endfacet
  facet normal 0 0 -1
    outer loop
      vertex 10.1855 6.80573 -20
      vertex 19.7063 2.23075 -20
      vertex 19.561 2.20677 -20
    endloop
  endfacet
  facet normal 0 0 -1
    outer loop
      vertex 10.6088 6.125 -20
      vertex 19.561 2.20677 -20
      vertex 19.4177 2.17333 -20
    endloop
  endfacet
  facet normal 0 0 -1
    outer loop
      vertex 10.9867 5.41804 -20
      vertex 19.4177 2.17333 -20
      vertex 19.2768 2.13059 -20
    endloop
  endfacet
  facet normal 0 0 -1
    outer loop
      vertex 10.9867 5.41804 -20
      vertex 19.2768 2.13059 -20
      vertex 19.139 2.07873 -20
    endloop
  endfacet
  facet normal 0 0 -1
    outer loop
      vertex 10.9867 5.41804 -20
      vertex 19.139 2.07873 -20
      vertex 19.0049 2.01796 -20
    endloop
  endfacet
  facet normal 0 0 -1
    outer loop
      vertex 11.3175 4.68787 -20
      vertex 19.0049 2.01796 -20
      vertex 18.875 1.94856 -20
    endloop
  endfacet
  facet normal 0 0 -1
    outer loop
      vertex 11.3175 4.68787 -20
      vertex 18.875 1.94856 -20
      vertex 18.75 1.87081 -20
    endloop
  endfacet
  facet normal 0 0 -1
    outer loop
      vertex 11.5999 3.93763 -20
      vertex 18.75 1.87081 -20
      vertex 18.6303 1.78504 -20
    endloop
  endfacet
  facet normal 0 0 -1
    outer loop
      vertex 11.5999 3.93763 -20
      vertex 18.6303 1.78504 -20
      vertex 18.5165 1.69164 -20
    endloop
  endfacet
  facet normal 0 0 -1
    outer loop
      vertex 11.8326 3.17053 -20
      vertex 18.5165 1.69164 -20
      vertex 18.409 1.59099 -20
    endloop
  endfacet
  facet normal 0 0 -1
    outer loop
      vertex 11.8326 3.17053 -20
      vertex 18.409 1.59099 -20
      vertex 18.3084 1.48353 -20
    endloop
  endfacet
  facet normal 0 0 -1
    outer loop
      vertex 11.8326 3.17053 -20
      vertex 18.3084 1.48353 -20
      vertex 18.215 1.36971 -20
    endloop
  endfacet
  facet normal 0 0 -1
    outer loop
      vertex 12.0146 2.38986 -20
      vertex 18.215 1.36971 -20
      vertex 18.1292 1.25003 -20
    endloop
  endfacet
  facet normal 0 0 -1
    outer loop
      vertex 12.0146 2.38986 -20
      vertex 18.1292 1.25003 -20
      vertex 18.0514 1.125 -20
    endloop
  endfacet
  facet normal 0 0 -1
    outer loop
      vertex 12.0146 2.38986 -20
      vertex 18.0514 1.125 -20
      vertex 17.982 0.995149 -20
    endloop
  endfacet
  facet normal 0 0 -1
    outer loop
      vertex 12.1452 1.59895 -20
      vertex 17.982 0.995149 -20
      vertex 17.9213 0.861037 -20
    endloop
  endfacet
  facet normal 0 0 -1
    outer loop
      vertex 12.25 0 -20
      vertex 17.7548 0.147157 -20
      vertex 17.75 0 -20
    endloop
  endfacet
  facet normal 0 0 -1
    outer loop
      vertex 12.25 0 -20
      vertex 17.7692 0.293683 -20
      vertex 17.7548 0.147157 -20
    endloop
  endfacet
  facet normal 0 0 -1
    outer loop
      vertex 12.2238 0.801188 -20
      vertex 17.7692 0.293683 -20
      vertex 12.25 0 -20
    endloop
  endfacet
  facet normal 0 0 -1
    outer loop
      vertex 17.7692 0.293683 -20
      vertex 12.2238 0.801188 -20
      vertex 17.7932 0.438952 -20
    endloop
  endfacet
  facet normal 0 0 -1
    outer loop
      vertex 17.7932 0.438952 -20
      vertex 12.2238 0.801188 -20
      vertex 17.8267 0.582342 -20
    endloop
  endfacet
  facet normal 0 0 -1
    outer loop
      vertex 17.8267 0.582342 -20
      vertex 12.2238 0.801188 -20
      vertex 17.8694 0.723238 -20
    endloop
  endfacet
  facet normal 0 0 -1
    outer loop
      vertex 12.1452 1.59895 -20
      vertex 17.8694 0.723238 -20
      vertex 12.2238 0.801188 -20
    endloop
  endfacet
  facet normal 0 0 -1
    outer loop
      vertex 17.8694 0.723238 -20
      vertex 12.1452 1.59895 -20
      vertex 17.9213 0.861037 -20
    endloop
  endfacet
  facet normal 0 0 -1
    outer loop
      vertex 17.982 0.995149 -20
      vertex 12.1452 1.59895 -20
      vertex 12.0146 2.38986 -20
    endloop
  endfacet
  facet normal 0 0 -1
    outer loop
      vertex 18.215 1.36971 -20
      vertex 12.0146 2.38986 -20
      vertex 11.8326 3.17053 -20
    endloop
  endfacet
  facet normal 0 0 -1
    outer loop
      vertex 18.5165 1.69164 -20
      vertex 11.8326 3.17053 -20
      vertex 11.5999 3.93763 -20
    endloop
  endfacet
  facet normal 0 0 -1
    outer loop
      vertex 18.75 1.87081 -20
      vertex 11.5999 3.93763 -20
      vertex 11.3175 4.68787 -20
    endloop
  endfacet
  facet normal 0 0 -1
    outer loop
      vertex 19.0049 2.01796 -20
      vertex 11.3175 4.68787 -20
      vertex 10.9867 5.41804 -20
    endloop
  endfacet
  facet normal 0 0 -1
    outer loop
      vertex 19.4177 2.17333 -20
      vertex 10.9867 5.41804 -20
      vertex 10.6088 6.125 -20
    endloop
  endfacet
  facet normal 0 0 -1
    outer loop
      vertex 19.561 2.20677 -20
      vertex 10.6088 6.125 -20
      vertex 10.1855 6.80573 -20
    endloop
  endfacet
  facet normal 0 0 -1
    outer loop
      vertex 19.8528 2.24518 -20
      vertex 10.1855 6.80573 -20
      vertex 9.71858 7.45733 -20
    endloop
  endfacet
  facet normal 0 0 -1
    outer loop
      vertex 20.1472 2.24518 -20
      vertex 9.71858 7.45733 -20
      vertex 9.21004 8.07699 -20
    endloop
  endfacet
  facet normal 0 0 -1
    outer loop
      vertex 20.1472 2.24518 -20
      vertex 9.21004 8.07699 -20
      vertex 32 32 -20
    endloop
  endfacet
  facet normal 0 0 -1
    outer loop
      vertex 8.66206 8.66206 -20
      vertex 32 32 -20
      vertex 9.21004 8.07699 -20
    endloop
  endfacet
  facet normal 0 0 -1
    outer loop
      vertex 8.07699 9.21004 -20
      vertex 32 32 -20
      vertex 8.66206 8.66206 -20
    endloop
  endfacet
  facet normal 0 0 -1
    outer loop
      vertex 7.45733 9.71858 -20
      vertex 32 32 -20
      vertex 8.07699 9.21004 -20
    endloop
  endfacet
  facet normal 0 0 -1
    outer loop
      vertex 6.80573 10.1855 -20
      vertex 32 32 -20
      vertex 7.45733 9.71858 -20
    endloop
  endfacet
  facet normal 0 0 -1
    outer loop
      vertex 6.125 10.6088 -20
      vertex 32 32 -20
      vertex 6.80573 10.1855 -20
    endloop
  endfacet
  facet normal 0 0 -1
    outer loop
      vertex 5.41804 10.9867 -20
      vertex 32 32 -20
      vertex 6.125 10.6088 -20
    endloop
  endfacet
  facet normal 0 0 -1
    outer loop
      vertex 4.68787 11.3175 -20
      vertex 32 32 -20
      vertex 5.41804 10.9867 -20
    endloop
  endfacet
  facet normal 0 0 -1
    outer loop
      vertex 3.93763 11.5999 -20
      vertex 32 32 -20
      vertex 4.68787 11.3175 -20
    endloop
  endfacet
  facet normal 0 0 -1
    outer loop
      vertex 3.17053 11.8326 -20
      vertex 32 32 -20
      vertex 3.93763 11.5999 -20
    endloop
  endfacet
  facet normal 0 0 -1
    outer loop
      vertex 2.38986 12.0146 -20
      vertex 32 32 -20
      vertex 3.17053 11.8326 -20
    endloop
  endfacet
  facet normal 0 0 -1
    outer loop
      vertex 1.59895 12.1452 -20
      vertex 32 32 -20
      vertex 2.38986 12.0146 -20
    endloop
  endfacet
  facet normal 0 0 -1
    outer loop
      vertex -18.4697 24.2259 -20
      vertex 1.59895 12.1452 -20
      vertex 0.801188 12.2238 -20
    endloop
  endfacet
  facet normal 0 0 -1
    outer loop
      vertex -18.3263 23.9953 -20
      vertex 0.801188 12.2238 -20
      vertex 0 12.25 -20
    endloop
  endfacet
  facet normal 0 0 -1
    outer loop
      vertex -18.0862 23.5084 -20
      vertex 0 12.25 -20
      vertex -0.801188 12.2238 -20
    endloop
  endfacet
  facet normal 0 0 -1
    outer loop
      vertex -17.9906 23.2543 -20
      vertex -0.801188 12.2238 -20
      vertex -1.59895 12.1452 -20
    endloop
  endfacet
  facet normal 0 0 -1
    outer loop
      vertex -17.8501 22.7299 -20
      vertex -1.59895 12.1452 -20
      vertex -2.38986 12.0146 -20
    endloop
  endfacet
  facet normal 0 0 -1
    outer loop
      vertex -17.8058 22.462 -20
      vertex -2.38986 12.0146 -20
      vertex -3.17053 11.8326 -20
    endloop
  endfacet
  facet normal 0 0 -1
    outer loop
      vertex -17.7703 21.9203 -20
      vertex -3.17053 11.8326 -20
      vertex -3.93763 11.5999 -20
    endloop
  endfacet
  facet normal 0 0 -1
    outer loop
      vertex -17.7792 21.6489 -20
      vertex -3.93763 11.5999 -20
      vertex -4.68787 11.3175 -20
    endloop
  endfacet
  facet normal 0 0 -1
    outer loop
      vertex -17.7792 21.6489 -20
      vertex -4.68787 11.3175 -20
      vertex -5.41804 10.9867 -20
    endloop
  endfacet
  facet normal 0 0 -1
    outer loop
      vertex -17.7792 21.6489 -20
      vertex -5.41804 10.9867 -20
      vertex -6.125 10.6088 -20
    endloop
  endfacet
  facet normal 0 0 -1
    outer loop
      vertex -17.7548 0.147157 -20
      vertex -12.25 0 -20
      vertex -17.75 0 -20
    endloop
  endfacet
  facet normal 0 0 -1
    outer loop
      vertex -12.25 0 -20
      vertex -17.7548 0.147157 -20
      vertex -12.2238 0.801188 -20
    endloop
  endfacet
  facet normal 0 0 -1
    outer loop
      vertex -17.7692 0.293683 -20
      vertex -12.2238 0.801188 -20
      vertex -17.7548 0.147157 -20
    endloop
  endfacet
  facet normal 0 0 -1
    outer loop
      vertex -17.7932 0.438952 -20
      vertex -12.2238 0.801188 -20
      vertex -17.7692 0.293683 -20
    endloop
  endfacet
  facet normal 0 0 -1
    outer loop
      vertex -17.8267 0.582342 -20
      vertex -12.2238 0.801188 -20
      vertex -17.7932 0.438952 -20
    endloop
  endfacet
  facet normal -0 0 -1
    outer loop
      vertex -12.2238 0.801188 -20
      vertex -17.8267 0.582342 -20
      vertex -12.1452 1.59895 -20
    endloop
  endfacet
  facet normal 0 0 -1
    outer loop
      vertex -17.8694 0.723238 -20
      vertex -12.1452 1.59895 -20
      vertex -17.8267 0.582342 -20
    endloop
  endfacet
  facet normal 0 0 -1
    outer loop
      vertex -17.9213 0.861037 -20
      vertex -12.1452 1.59895 -20
      vertex -17.8694 0.723238 -20
    endloop
  endfacet
  facet normal 0 0 -1
    outer loop
      vertex -17.982 0.995149 -20
      vertex -12.1452 1.59895 -20
      vertex -17.9213 0.861037 -20
    endloop
  endfacet
  facet normal -0 0 -1
    outer loop
      vertex -12.1452 1.59895 -20
      vertex -17.982 0.995149 -20
      vertex -12.0146 2.38986 -20
    endloop
  endfacet
  facet normal 0 0 -1
    outer loop
      vertex -18.0514 1.125 -20
      vertex -12.0146 2.38986 -20
      vertex -17.982 0.995149 -20
    endloop
  endfacet
  facet normal 0 0 -1
    outer loop
      vertex -17.7792 21.6489 -20
      vertex -10.1855 6.80573 -20
      vertex -10.6088 6.125 -20
    endloop
  endfacet
  facet normal 0 0 -1
    outer loop
      vertex -17.7792 21.6489 -20
      vertex -9.71858 7.45733 -20
      vertex -10.1855 6.80573 -20
    endloop
  endfacet
  facet normal 0 0 -1
    outer loop
      vertex -17.7792 21.6489 -20
      vertex -9.21004 8.07699 -20
      vertex -9.71858 7.45733 -20
    endloop
  endfacet
  facet normal 0 0 -1
    outer loop
      vertex -17.7792 21.6489 -20
      vertex -8.66206 8.66206 -20
      vertex -9.21004 8.07699 -20
    endloop
  endfacet
  facet normal 0 0 -1
    outer loop
      vertex -17.7792 21.6489 -20
      vertex -8.07699 9.21004 -20
      vertex -8.66206 8.66206 -20
    endloop
  endfacet
  facet normal 0 0 -1
    outer loop
      vertex -17.7792 21.6489 -20
      vertex -7.45733 9.71858 -20
      vertex -8.07699 9.21004 -20
    endloop
  endfacet
  facet normal 0 0 -1
    outer loop
      vertex -17.7792 21.6489 -20
      vertex -6.80573 10.1855 -20
      vertex -7.45733 9.71858 -20
    endloop
  endfacet
  facet normal 0 0 -1
    outer loop
      vertex -17.7792 21.6489 -20
      vertex -6.125 10.6088 -20
      vertex -6.80573 10.1855 -20
    endloop
  endfacet
  facet normal 0 0 -1
    outer loop
      vertex -3.17053 11.8326 -20
      vertex -17.7703 21.9203 -20
      vertex -17.7792 22.1917 -20
    endloop
  endfacet
  facet normal 0 0 -1
    outer loop
      vertex -3.17053 11.8326 -20
      vertex -17.7792 22.1917 -20
      vertex -17.8058 22.462 -20
    endloop
  endfacet
  facet normal 0 0 -1
    outer loop
      vertex -2.38986 12.0146 -20
      vertex -17.8058 22.462 -20
      vertex -17.8501 22.7299 -20
    endloop
  endfacet
  facet normal 0 0 -1
    outer loop
      vertex -1.59895 12.1452 -20
      vertex -17.8501 22.7299 -20
      vertex -17.9117 22.9944 -20
    endloop
  endfacet
  facet normal 0 0 -1
    outer loop
      vertex -1.59895 12.1452 -20
      vertex -17.9117 22.9944 -20
      vertex -17.9906 23.2543 -20
    endloop
  endfacet
  facet normal 0 0 -1
    outer loop
      vertex -0.801188 12.2238 -20
      vertex -17.9906 23.2543 -20
      vertex -18.0862 23.5084 -20
    endloop
  endfacet
  facet normal 0 0 -1
    outer loop
      vertex 0 12.25 -20
      vertex -18.0862 23.5084 -20
      vertex -18.1983 23.7558 -20
    endloop
  endfacet
  facet normal 0 0 -1
    outer loop
      vertex 0 12.25 -20
      vertex -18.1983 23.7558 -20
      vertex -18.3263 23.9953 -20
    endloop
  endfacet
  facet normal 0 0 -1
    outer loop
      vertex 0.801188 12.2238 -20
      vertex -18.3263 23.9953 -20
      vertex -18.4697 24.2259 -20
    endloop
  endfacet
  facet normal 0 0 -1
    outer loop
      vertex 1.59895 12.1452 -20
      vertex -18.4697 24.2259 -20
      vertex 32 32 -20
    endloop
  endfacet
  facet normal 0 0 -1
    outer loop
      vertex -18.6279 24.4467 -20
      vertex 32 32 -20
      vertex -18.4697 24.2259 -20
    endloop
  endfacet
  facet normal 0 0 -1
    outer loop
      vertex -18.8002 24.6566 -20
      vertex 32 32 -20
      vertex -18.6279 24.4467 -20
    endloop
  endfacet
  facet normal 0 0 -1
    outer loop
      vertex -18.9858 24.8548 -20
      vertex 32 32 -20
      vertex -18.8002 24.6566 -20
    endloop
  endfacet
  facet normal 0 0 -1
    outer loop
      vertex -19.184 25.0404 -20
      vertex 32 32 -20
      vertex -18.9858 24.8548 -20
    endloop
  endfacet
  facet normal 0 0 -1
    outer loop
      vertex -19.3939 25.2127 -20
      vertex 32 32 -20
      vertex -19.184 25.0404 -20
    endloop
  endfacet
  facet normal 0 0 -1
    outer loop
      vertex -19.6147 25.3709 -20
      vertex 32 32 -20
      vertex -19.3939 25.2127 -20
    endloop
  endfacet
  facet normal 0 0 -1
    outer loop
      vertex -19.8453 25.5143 -20
      vertex 32 32 -20
      vertex -19.6147 25.3709 -20
    endloop
  endfacet
  facet normal 0 0 -1
    outer loop
      vertex -20.0848 25.6423 -20
      vertex 32 32 -20
      vertex -19.8453 25.5143 -20
    endloop
  endfacet
  facet normal 0 0 -1
    outer loop
      vertex -20.3322 25.7544 -20
      vertex 32 32 -20
      vertex -20.0848 25.6423 -20
    endloop
  endfacet
  facet normal 0 0 -1
    outer loop
      vertex -32 32 -20
      vertex -20.3322 25.7544 -20
      vertex -20.5863 25.8501 -20
    endloop
  endfacet
  facet normal 0 0 -1
    outer loop
      vertex -32 32 -20
      vertex -20.5863 25.8501 -20
      vertex -20.8462 25.9289 -20
    endloop
  endfacet
  facet normal 0 0 -1
    outer loop
      vertex -32 32 -20
      vertex -20.8462 25.9289 -20
      vertex -21.1107 25.9906 -20
    endloop
  endfacet
  facet normal 0 0 -1
    outer loop
      vertex -32 32 -20
      vertex -21.1107 25.9906 -20
      vertex -21.3786 26.0348 -20
    endloop
  endfacet
  facet normal 0 0 -1
    outer loop
      vertex -32 32 -20
      vertex -21.3786 26.0348 -20
      vertex -21.6489 26.0614 -20
    endloop
  endfacet
  facet normal 0 0 -1
    outer loop
      vertex -32 32 -20
      vertex -21.6489 26.0614 -20
      vertex -21.9203 26.0703 -20
    endloop
  endfacet
  facet normal 0 0 -1
    outer loop
      vertex -32 32 -20
      vertex -21.9203 26.0703 -20
      vertex -22.1917 26.0614 -20
    endloop
  endfacet
  facet normal 0 0 -1
    outer loop
      vertex -32 32 -20
      vertex -22.1917 26.0614 -20
      vertex -22.462 26.0348 -20
    endloop
  endfacet
  facet normal 0 0 -1
    outer loop
      vertex -26.0614 21.6489 -20
      vertex -32 32 -20
      vertex -26.0703 21.9203 -20
    endloop
  endfacet
  facet normal 0 0 -1
    outer loop
      vertex -26.0703 21.9203 -20
      vertex -32 32 -20
      vertex -26.0614 22.1917 -20
    endloop
  endfacet
  facet normal 0 0 -1
    outer loop
      vertex -20.3322 25.7544 -20
      vertex -32 32 -20
      vertex 32 32 -20
    endloop
  endfacet
  facet normal 0 0 -1
    outer loop
      vertex -22.7299 25.9906 -20
      vertex -32 32 -20
      vertex -22.462 26.0348 -20
    endloop
  endfacet
  facet normal 0 0 -1
    outer loop
      vertex -22.9944 25.9289 -20
      vertex -32 32 -20
      vertex -22.7299 25.9906 -20
    endloop
  endfacet
  facet normal 0 0 -1
    outer loop
      vertex -23.2543 25.8501 -20
      vertex -32 32 -20
      vertex -22.9944 25.9289 -20
    endloop
  endfacet
  facet normal 0 0 -1
    outer loop
      vertex -23.5084 25.7544 -20
      vertex -32 32 -20
      vertex -23.2543 25.8501 -20
    endloop
  endfacet
  facet normal 0 0 -1
    outer loop
      vertex -23.7558 25.6423 -20
      vertex -32 32 -20
      vertex -23.5084 25.7544 -20
    endloop
  endfacet
  facet normal 0 0 -1
    outer loop
      vertex -23.9953 25.5143 -20
      vertex -32 32 -20
      vertex -23.7558 25.6423 -20
    endloop
  endfacet
  facet normal 0 0 -1
    outer loop
      vertex -24.2259 25.3709 -20
      vertex -32 32 -20
      vertex -23.9953 25.5143 -20
    endloop
  endfacet
  facet normal 0 0 -1
    outer loop
      vertex -24.4467 25.2127 -20
      vertex -32 32 -20
      vertex -24.2259 25.3709 -20
    endloop
  endfacet
  facet normal 0 0 -1
    outer loop
      vertex -24.6566 25.0404 -20
      vertex -32 32 -20
      vertex -24.4467 25.2127 -20
    endloop
  endfacet
  facet normal 0 0 -1
    outer loop
      vertex -24.8548 24.8548 -20
      vertex -32 32 -20
      vertex -24.6566 25.0404 -20
    endloop
  endfacet
  facet normal 0 0 -1
    outer loop
      vertex -25.0404 24.6566 -20
      vertex -32 32 -20
      vertex -24.8548 24.8548 -20
    endloop
  endfacet
  facet normal 0 0 -1
    outer loop
      vertex -25.2127 24.4467 -20
      vertex -32 32 -20
      vertex -25.0404 24.6566 -20
    endloop
  endfacet
  facet normal 0 0 -1
    outer loop
      vertex -25.3709 24.2259 -20
      vertex -32 32 -20
      vertex -25.2127 24.4467 -20
    endloop
  endfacet
  facet normal 0 0 -1
    outer loop
      vertex -25.5143 23.9953 -20
      vertex -32 32 -20
      vertex -25.3709 24.2259 -20
    endloop
  endfacet
  facet normal 0 0 -1
    outer loop
      vertex -25.6423 23.7558 -20
      vertex -32 32 -20
      vertex -25.5143 23.9953 -20
    endloop
  endfacet
  facet normal 0 0 -1
    outer loop
      vertex -25.7544 23.5084 -20
      vertex -32 32 -20
      vertex -25.6423 23.7558 -20
    endloop
  endfacet
  facet normal 0 0 -1
    outer loop
      vertex -25.8501 23.2543 -20
      vertex -32 32 -20
      vertex -25.7544 23.5084 -20
    endloop
  endfacet
  facet normal 0 0 -1
    outer loop
      vertex -25.9289 22.9944 -20
      vertex -32 32 -20
      vertex -25.8501 23.2543 -20
    endloop
  endfacet
  facet normal 0 0 -1
    outer loop
      vertex -25.9906 22.7299 -20
      vertex -32 32 -20
      vertex -25.9289 22.9944 -20
    endloop
  endfacet
  facet normal 0 0 -1
    outer loop
      vertex -26.0348 22.462 -20
      vertex -32 32 -20
      vertex -25.9906 22.7299 -20
    endloop
  endfacet
  facet normal 0 0 -1
    outer loop
      vertex -26.0614 22.1917 -20
      vertex -32 32 -20
      vertex -26.0348 22.462 -20
    endloop
  endfacet
  facet normal -1 0 0
    outer loop
      vertex -32 -32 -20
      vertex -32 32 0
      vertex -32 32 -20
    endloop
  endfacet
  facet normal -1 -0 0
    outer loop
      vertex -32 32 0
      vertex -32 -32 -20
      vertex -32 -32 0
    endloop
  endfacet
  facet normal 1 0 0
    outer loop
      vertex 32 32 0
      vertex 32 -19.6703 -10
      vertex 32 32 -20
    endloop
  endfacet
  facet normal 1 0 0
    outer loop
      vertex 32 32 0
      vertex 32 -19.6751 -9.85284
      vertex 32 -19.6703 -10
    endloop
  endfacet
  facet normal 1 0 0
    outer loop
      vertex 32 32 0
      vertex 32 -19.6896 -9.70632
      vertex 32 -19.6751 -9.85284
    endloop
  endfacet
  facet normal 1 0 0
    outer loop
      vertex 32 32 0
      vertex 32 -19.7135 -9.56105
      vertex 32 -19.6896 -9.70632
    endloop
  endfacet
  facet normal 1 0 0
    outer loop
      vertex 32 32 0
      vertex 32 -19.747 -9.41766
      vertex 32 -19.7135 -9.56105
    endloop
  endfacet
  facet normal 1 0 0
    outer loop
      vertex 32 32 0
      vertex 32 -19.7897 -9.27676
      vertex 32 -19.747 -9.41766
    endloop
  endfacet
  facet normal 1 0 0
    outer loop
      vertex 32 32 0
      vertex 32 -19.8416 -9.13896
      vertex 32 -19.7897 -9.27676
    endloop
  endfacet
  facet normal 1 0 0
    outer loop
      vertex 32 32 0
      vertex 32 -19.9023 -9.00485
      vertex 32 -19.8416 -9.13896
    endloop
  endfacet
  facet normal 1 0 0
    outer loop
      vertex 32 32 0
      vertex 32 -19.9718 -8.875
      vertex 32 -19.9023 -9.00485
    endloop
  endfacet
  facet normal 1 0 0
    outer loop
      vertex 32 32 0
      vertex 32 -20.0495 -8.74997
      vertex 32 -19.9718 -8.875
    endloop
  endfacet
  facet normal 1 0 0
    outer loop
      vertex 32 32 0
      vertex 32 -20.1353 -8.63029
      vertex 32 -20.0495 -8.74997
    endloop
  endfacet
  facet normal 1 0 0
    outer loop
      vertex 32 32 0
      vertex 32 -20.2287 -8.51647
      vertex 32 -20.1353 -8.63029
    endloop
  endfacet
  facet normal 1 0 0
    outer loop
      vertex 32 32 0
      vertex 32 -20.3293 -8.40901
      vertex 32 -20.2287 -8.51647
    endloop
  endfacet
  facet normal 1 0 0
    outer loop
      vertex 32 32 0
      vertex 32 -20.4368 -8.30836
      vertex 32 -20.3293 -8.40901
    endloop
  endfacet
  facet normal 1 0 0
    outer loop
      vertex 32 32 0
      vertex 32 -20.5506 -8.21495
      vertex 32 -20.4368 -8.30836
    endloop
  endfacet
  facet normal 1 0 0
    outer loop
      vertex 32 32 0
      vertex 32 -20.6703 -8.12919
      vertex 32 -20.5506 -8.21495
    endloop
  endfacet
  facet normal 1 0 0
    outer loop
      vertex 32 32 0
      vertex 32 -20.7953 -8.05144
      vertex 32 -20.6703 -8.12919
    endloop
  endfacet
  facet normal 1 0 0
    outer loop
      vertex 32 32 0
      vertex 32 -20.9252 -7.98204
      vertex 32 -20.7953 -8.05144
    endloop
  endfacet
  facet normal 1 -0 0
    outer loop
      vertex 32 -32 0
      vertex 32 -20.9252 -7.98204
      vertex 32 32 0
    endloop
  endfacet
  facet normal 1 0 0
    outer loop
      vertex 32 -20.9252 -7.98204
      vertex 32 -32 0
      vertex 32 -21.0593 -7.92127
    endloop
  endfacet
  facet normal 1 0 0
    outer loop
      vertex 32 -21.0593 -7.92127
      vertex 32 -32 0
      vertex 32 -21.1971 -7.86941
    endloop
  endfacet
  facet normal 1 0 0
    outer loop
      vertex 32 -21.1971 -7.86941
      vertex 32 -32 0
      vertex 32 -21.338 -7.82667
    endloop
  endfacet
  facet normal 1 0 0
    outer loop
      vertex 32 -21.338 -7.82667
      vertex 32 -32 0
      vertex 32 -21.4814 -7.79323
    endloop
  endfacet
  facet normal 1 0 0
    outer loop
      vertex 32 -21.4814 -7.79323
      vertex 32 -32 0
      vertex 32 -21.6266 -7.76925
    endloop
  endfacet
  facet normal 1 0 0
    outer loop
      vertex 32 -21.6266 -7.76925
      vertex 32 -32 0
      vertex 32 -21.7732 -7.75482
    endloop
  endfacet
  facet normal 1 0 0
    outer loop
      vertex 32 -21.7732 -7.75482
      vertex 32 -32 0
      vertex 32 -21.9203 -7.75
    endloop
  endfacet
  facet normal 1 0 0
    outer loop
      vertex 32 -21.9203 -7.75
      vertex 32 -32 0
      vertex 32 -22.0675 -7.75482
    endloop
  endfacet
  facet normal 1 0 0
    outer loop
      vertex 32 -24.1655 -9.85284
      vertex 32 -32 0
      vertex 32 -24.1703 -10
    endloop
  endfacet
  facet normal 1 0 0
    outer loop
      vertex 32 -24.1511 -9.70632
      vertex 32 -32 0
      vertex 32 -24.1655 -9.85284
    endloop
  endfacet
  facet normal 1 0 0
    outer loop
      vertex 32 -24.1271 -9.56105
      vertex 32 -32 0
      vertex 32 -24.1511 -9.70632
    endloop
  endfacet
  facet normal 1 0 0
    outer loop
      vertex 32 -24.0936 -9.41766
      vertex 32 -32 0
      vertex 32 -24.1271 -9.56105
    endloop
  endfacet
  facet normal 1 0 0
    outer loop
      vertex 32 -24.0509 -9.27676
      vertex 32 -32 0
      vertex 32 -24.0936 -9.41766
    endloop
  endfacet
  facet normal 1 0 0
    outer loop
      vertex 32 -23.999 -9.13896
      vertex 32 -32 0
      vertex 32 -24.0509 -9.27676
    endloop
  endfacet
  facet normal 1 0 0
    outer loop
      vertex 32 -23.9383 -9.00485
      vertex 32 -32 0
      vertex 32 -23.999 -9.13896
    endloop
  endfacet
  facet normal 1 0 0
    outer loop
      vertex 32 -23.8689 -8.875
      vertex 32 -32 0
      vertex 32 -23.9383 -9.00485
    endloop
  endfacet
  facet normal 1 0 0
    outer loop
      vertex 32 -23.7911 -8.74997
      vertex 32 -32 0
      vertex 32 -23.8689 -8.875
    endloop
  endfacet
  facet normal 1 0 0
    outer loop
      vertex 32 -23.7054 -8.63029
      vertex 32 -32 0
      vertex 32 -23.7911 -8.74997
    endloop
  endfacet
  facet normal 1 0 0
    outer loop
      vertex 32 -23.6119 -8.51647
      vertex 32 -32 0
      vertex 32 -23.7054 -8.63029
    endloop
  endfacet
  facet normal 1 0 0
    outer loop
      vertex 32 -23.5113 -8.40901
      vertex 32 -32 0
      vertex 32 -23.6119 -8.51647
    endloop
  endfacet
  facet normal 1 0 0
    outer loop
      vertex 32 -23.4038 -8.30836
      vertex 32 -32 0
      vertex 32 -23.5113 -8.40901
    endloop
  endfacet
  facet normal 1 0 0
    outer loop
      vertex 32 -23.29 -8.21495
      vertex 32 -32 0
      vertex 32 -23.4038 -8.30836
    endloop
  endfacet
  facet normal 1 0 0
    outer loop
      vertex 32 -23.1703 -8.12919
      vertex 32 -32 0
      vertex 32 -23.29 -8.21495
    endloop
  endfacet
  facet normal 1 0 0
    outer loop
      vertex 32 -23.0453 -8.05144
      vertex 32 -32 0
      vertex 32 -23.1703 -8.12919
    endloop
  endfacet
  facet normal 1 0 0
    outer loop
      vertex 32 -22.9155 -7.98204
      vertex 32 -32 0
      vertex 32 -23.0453 -8.05144
    endloop
  endfacet
  facet normal 1 0 0
    outer loop
      vertex 32 -22.7813 -7.92127
      vertex 32 -32 0
      vertex 32 -22.9155 -7.98204
    endloop
  endfacet
  facet normal 1 0 0
    outer loop
      vertex 32 -22.6435 -7.86941
      vertex 32 -32 0
      vertex 32 -22.7813 -7.92127
    endloop
  endfacet
  facet normal 1 0 0
    outer loop
      vertex 32 -22.5027 -7.82667
      vertex 32 -32 0
      vertex 32 -22.6435 -7.86941
    endloop
  endfacet
  facet normal 1 0 0
    outer loop
      vertex 32 -22.3593 -7.79323
      vertex 32 -32 0
      vertex 32 -22.5027 -7.82667
    endloop
  endfacet
  facet normal 1 0 0
    outer loop
      vertex 32 -22.214 -7.76925
      vertex 32 -32 0
      vertex 32 -22.3593 -7.79323
    endloop
  endfacet
  facet normal 1 0 0
    outer loop
      vertex 32 -22.0675 -7.75482
      vertex 32 -32 0
      vertex 32 -22.214 -7.76925
    endloop
  endfacet
  facet normal 1 -0 0
    outer loop
      vertex 32 -19.6751 -10.1472
      vertex 32 32 -20
      vertex 32 -19.6703 -10
    endloop
  endfacet
  facet normal 1 -0 0
    outer loop
      vertex 32 -19.6896 -10.2937
      vertex 32 32 -20
      vertex 32 -19.6751 -10.1472
    endloop
  endfacet
  facet normal 1 -0 0
    outer loop
      vertex 32 -19.7135 -10.439
      vertex 32 32 -20
      vertex 32 -19.6896 -10.2937
    endloop
  endfacet
  facet normal 1 -0 0
    outer loop
      vertex 32 -19.747 -10.5823
      vertex 32 32 -20
      vertex 32 -19.7135 -10.439
    endloop
  endfacet
  facet normal 1 -0 0
    outer loop
      vertex 32 -19.7897 -10.7232
      vertex 32 32 -20
      vertex 32 -19.747 -10.5823
    endloop
  endfacet
  facet normal 1 -0 0
    outer loop
      vertex 32 -19.8416 -10.861
      vertex 32 32 -20
      vertex 32 -19.7897 -10.7232
    endloop
  endfacet
  facet normal 1 -0 0
    outer loop
      vertex 32 -19.9023 -10.9951
      vertex 32 32 -20
      vertex 32 -19.8416 -10.861
    endloop
  endfacet
  facet normal 1 -0 0
    outer loop
      vertex 32 -19.9718 -11.125
      vertex 32 32 -20
      vertex 32 -19.9023 -10.9951
    endloop
  endfacet
  facet normal 1 -0 0
    outer loop
      vertex 32 -20.0495 -11.25
      vertex 32 32 -20
      vertex 32 -19.9718 -11.125
    endloop
  endfacet
  facet normal 1 -0 0
    outer loop
      vertex 32 -20.1353 -11.3697
      vertex 32 32 -20
      vertex 32 -20.0495 -11.25
    endloop
  endfacet
  facet normal 1 -0 0
    outer loop
      vertex 32 -20.2287 -11.4835
      vertex 32 32 -20
      vertex 32 -20.1353 -11.3697
    endloop
  endfacet
  facet normal 1 -0 0
    outer loop
      vertex 32 -20.3293 -11.591
      vertex 32 32 -20
      vertex 32 -20.2287 -11.4835
    endloop
  endfacet
  facet normal 1 -0 0
    outer loop
      vertex 32 -20.4368 -11.6916
      vertex 32 32 -20
      vertex 32 -20.3293 -11.591
    endloop
  endfacet
  facet normal 1 -0 0
    outer loop
      vertex 32 -20.5506 -11.785
      vertex 32 32 -20
      vertex 32 -20.4368 -11.6916
    endloop
  endfacet
  facet normal 1 -0 0
    outer loop
      vertex 32 -20.6703 -11.8708
      vertex 32 32 -20
      vertex 32 -20.5506 -11.785
    endloop
  endfacet
  facet normal 1 -0 0
    outer loop
      vertex 32 -20.7953 -11.9486
      vertex 32 32 -20
      vertex 32 -20.6703 -11.8708
    endloop
  endfacet
  facet normal 1 -0 0
    outer loop
      vertex 32 -20.9252 -12.018
      vertex 32 32 -20
      vertex 32 -20.7953 -11.9486
    endloop
  endfacet
  facet normal 1 0 0
    outer loop
      vertex 32 -32 -20
      vertex 32 -20.9252 -12.018
      vertex 32 -21.0593 -12.0787
    endloop
  endfacet
  facet normal 1 0 0
    outer loop
      vertex 32 -32 -20
      vertex 32 -21.0593 -12.0787
      vertex 32 -21.1971 -12.1306
    endloop
  endfacet
  facet normal 1 0 0
    outer loop
      vertex 32 -32 -20
      vertex 32 -21.1971 -12.1306
      vertex 32 -21.338 -12.1733
    endloop
  endfacet
  facet normal 1 0 0
    outer loop
      vertex 32 -32 -20
      vertex 32 -21.338 -12.1733
      vertex 32 -21.4814 -12.2068
    endloop
  endfacet
  facet normal 1 0 0
    outer loop
      vertex 32 -32 -20
      vertex 32 -21.4814 -12.2068
      vertex 32 -21.6266 -12.2308
    endloop
  endfacet
  facet normal 1 0 0
    outer loop
      vertex 32 -32 -20
      vertex 32 -21.6266 -12.2308
      vertex 32 -21.7732 -12.2452
    endloop
  endfacet
  facet normal 1 0 0
    outer loop
      vertex 32 -32 -20
      vertex 32 -21.7732 -12.2452
      vertex 32 -21.9203 -12.25
    endloop
  endfacet
  facet normal 1 0 0
    outer loop
      vertex 32 -32 -20
      vertex 32 -21.9203 -12.25
      vertex 32 -22.0675 -12.2452
    endloop
  endfacet
  facet normal 1 0 0
    outer loop
      vertex 32 -32 -20
      vertex 32 -22.0675 -12.2452
      vertex 32 -22.214 -12.2308
    endloop
  endfacet
  facet normal 1 0 0
    outer loop
      vertex 32 -32 -20
      vertex 32 -24.1703 -10
      vertex 32 -32 0
    endloop
  endfacet
  facet normal 1 0 0
    outer loop
      vertex 32 -24.1703 -10
      vertex 32 -32 -20
      vertex 32 -24.1655 -10.1472
    endloop
  endfacet
  facet normal 1 0 0
    outer loop
      vertex 32 -24.1655 -10.1472
      vertex 32 -32 -20
      vertex 32 -24.1511 -10.2937
    endloop
  endfacet
  facet normal 1 0 0
    outer loop
      vertex 32 -24.1511 -10.2937
      vertex 32 -32 -20
      vertex 32 -24.1271 -10.439
    endloop
  endfacet
  facet normal 1 0 0
    outer loop
      vertex 32 -24.1271 -10.439
      vertex 32 -32 -20
      vertex 32 -24.0936 -10.5823
    endloop
  endfacet
  facet normal 1 0 0
    outer loop
      vertex 32 -24.0936 -10.5823
      vertex 32 -32 -20
      vertex 32 -24.0509 -10.7232
    endloop
  endfacet
  facet normal 1 0 0
    outer loop
      vertex 32 -24.0509 -10.7232
      vertex 32 -32 -20
      vertex 32 -23.999 -10.861
    endloop
  endfacet
  facet normal 1 0 0
    outer loop
      vertex 32 -23.999 -10.861
      vertex 32 -32 -20
      vertex 32 -23.9383 -10.9951
    endloop
  endfacet
  facet normal 1 0 0
    outer loop
      vertex 32 -23.9383 -10.9951
      vertex 32 -32 -20
      vertex 32 -23.8689 -11.125
    endloop
  endfacet
  facet normal 1 0 0
    outer loop
      vertex 32 -23.8689 -11.125
      vertex 32 -32 -20
      vertex 32 -23.7911 -11.25
    endloop
  endfacet
  facet normal 1 0 0
    outer loop
      vertex 32 -20.9252 -12.018
      vertex 32 -32 -20
      vertex 32 32 -20
    endloop
  endfacet
  facet normal 1 0 0
    outer loop
      vertex 32 -22.3593 -12.2068
      vertex 32 -32 -20
      vertex 32 -22.214 -12.2308
    endloop
  endfacet
  facet normal 1 0 0
    outer loop
      vertex 32 -22.5027 -12.1733
      vertex 32 -32 -20
      vertex 32 -22.3593 -12.2068
    endloop
  endfacet
  facet normal 1 0 0
    outer loop
      vertex 32 -22.6435 -12.1306
      vertex 32 -32 -20
      vertex 32 -22.5027 -12.1733
    endloop
  endfacet
  facet normal 1 0 0
    outer loop
      vertex 32 -22.7813 -12.0787
      vertex 32 -32 -20
      vertex 32 -22.6435 -12.1306
    endloop
  endfacet
  facet normal 1 0 0
    outer loop
      vertex 32 -22.9155 -12.018
      vertex 32 -32 -20
      vertex 32 -22.7813 -12.0787
    endloop
  endfacet
  facet normal 1 0 0
    outer loop
      vertex 32 -23.0453 -11.9486
      vertex 32 -32 -20
      vertex 32 -22.9155 -12.018
    endloop
  endfacet
  facet normal 1 0 0
    outer loop
      vertex 32 -23.1703 -11.8708
      vertex 32 -32 -20
      vertex 32 -23.0453 -11.9486
    endloop
  endfacet
  facet normal 1 0 0
    outer loop
      vertex 32 -23.29 -11.785
      vertex 32 -32 -20
      vertex 32 -23.1703 -11.8708
    endloop
  endfacet
  facet normal 1 0 0
    outer loop
      vertex 32 -23.4038 -11.6916
      vertex 32 -32 -20
      vertex 32 -23.29 -11.785
    endloop
  endfacet
  facet normal 1 0 0
    outer loop
      vertex 32 -23.5113 -11.591
      vertex 32 -32 -20
      vertex 32 -23.4038 -11.6916
    endloop
  endfacet
  facet normal 1 0 0
    outer loop
      vertex 32 -23.6119 -11.4835
      vertex 32 -32 -20
      vertex 32 -23.5113 -11.591
    endloop
  endfacet
  facet normal 1 0 0
    outer loop
      vertex 32 -23.7054 -11.3697
      vertex 32 -32 -20
      vertex 32 -23.6119 -11.4835
    endloop
  endfacet
  facet normal 1 0 0
    outer loop
      vertex 32 -23.7911 -11.25
      vertex 32 -32 -20
      vertex 32 -23.7054 -11.3697
    endloop
  endfacet
  facet normal 0 -1 0
    outer loop
      vertex -32 -32 -20
      vertex 32 -32 0
      vertex -32 -32 0
    endloop
  endfacet
  facet normal 0 -1 -0
    outer loop
      vertex 32 -32 0
      vertex -32 -32 -20
      vertex 32 -32 -20
    endloop
  endfacet
  facet normal 0 1 -0
    outer loop
      vertex 32 32 -20
      vertex -32 32 0
      vertex 32 32 0
    endloop
  endfacet
  facet normal 0 1 0
    outer loop
      vertex -32 32 0
      vertex 32 32 -20
      vertex -32 32 -20
    endloop
  endfacet
  facet normal -0.957148 0.289599 -1.94883e-05
    outer loop
      vertex 25.8501 -23.2543 0
      vertex 25.9289 -22.9944 -8.02423
      vertex 25.9135 -23.0453 -8.05144
    endloop
  endfacet
  facet normal -0.956769 0.290848 1.59044e-05
    outer loop
      vertex 25.8501 -23.2543 0
      vertex 25.9135 -23.0453 -8.05144
      vertex 25.8755 -23.1703 -8.12919
    endloop
  endfacet
  facet normal -0.957197 0.289438 0
    outer loop
      vertex 25.8501 -23.2543 0
      vertex 25.8755 -23.1703 -8.12919
      vertex 25.8501 -23.2543 -8.18934
    endloop
  endfacet
  facet normal -0.956981 0.29015 0
    outer loop
      vertex 25.9289 -22.9944 -8.02423
      vertex 25.8501 -23.2543 0
      vertex 25.9289 -22.9944 0
    endloop
  endfacet
  facet normal -0.956981 0.29015 0
    outer loop
      vertex 25.8501 -23.2543 -20
      vertex 25.9289 -22.9944 -11.9758
      vertex 25.9289 -22.9944 -20
    endloop
  endfacet
  facet normal -0.957148 0.289599 1.94885e-05
    outer loop
      vertex 25.9289 -22.9944 -11.9758
      vertex 25.8501 -23.2543 -20
      vertex 25.9135 -23.0453 -11.9486
    endloop
  endfacet
  facet normal -0.956769 0.290848 -1.59043e-05
    outer loop
      vertex 25.9135 -23.0453 -11.9486
      vertex 25.8501 -23.2543 -20
      vertex 25.8755 -23.1703 -11.8708
    endloop
  endfacet
  facet normal -0.957197 0.289438 0
    outer loop
      vertex 25.8755 -23.1703 -11.8708
      vertex 25.8501 -23.2543 -20
      vertex 25.8501 -23.2543 -11.8107
    endloop
  endfacet
  facet normal -0.352132 -0.93595 0
    outer loop
      vertex 23.2543 -17.9906 -20
      vertex 23.5084 -18.0862 0
      vertex 23.2543 -17.9906 0
    endloop
  endfacet
  facet normal -0.352132 -0.93595 -0
    outer loop
      vertex 23.5084 -18.0862 0
      vertex 23.2543 -17.9906 -20
      vertex 23.5084 -18.0862 -20
    endloop
  endfacet
  facet normal 0.352132 -0.93595 0
    outer loop
      vertex 20.3322 -18.0862 -20
      vertex 20.5863 -17.9906 0
      vertex 20.3322 -18.0862 0
    endloop
  endfacet
  facet normal 0.352132 -0.93595 0
    outer loop
      vertex 20.5863 -17.9906 0
      vertex 20.3322 -18.0862 -20
      vertex 20.5863 -17.9906 -20
    endloop
  endfacet
  facet normal -0.729928 -0.683525 0
    outer loop
      vertex 25.0404 -19.184 -20
      vertex 24.8548 -18.9858 0
      vertex 24.8548 -18.9858 -20
    endloop
  endfacet
  facet normal -0.729928 -0.683525 0
    outer loop
      vertex 24.8548 -18.9858 0
      vertex 25.0404 -19.184 -20
      vertex 25.0404 -19.184 0
    endloop
  endfacet
  facet normal -0.935813 -0.352496 0
    outer loop
      vertex 25.7938 -20.4368 -8.30836
      vertex 25.7544 -20.3322 0
      vertex 25.7544 -20.3322 -8.40634
    endloop
  endfacet
  facet normal -0.935989 -0.352029 -6.702e-06
    outer loop
      vertex 25.8366 -20.5506 -8.21495
      vertex 25.7544 -20.3322 0
      vertex 25.7938 -20.4368 -8.30836
    endloop
  endfacet
  facet normal -0.935367 -0.353679 4.33778e-05
    outer loop
      vertex 25.8501 -20.5863 -8.18934
      vertex 25.7544 -20.3322 0
      vertex 25.8366 -20.5506 -8.21495
    endloop
  endfacet
  facet normal -0.935829 -0.352455 0
    outer loop
      vertex 25.7544 -20.3322 0
      vertex 25.8501 -20.5863 -8.18934
      vertex 25.8501 -20.5863 0
    endloop
  endfacet
  facet normal -0.935813 -0.352496 0
    outer loop
      vertex 25.7544 -20.3322 -20
      vertex 25.7938 -20.4368 -11.6916
      vertex 25.7544 -20.3322 -11.5937
    endloop
  endfacet
  facet normal -0.935989 -0.352029 6.70197e-06
    outer loop
      vertex 25.7544 -20.3322 -20
      vertex 25.8366 -20.5506 -11.785
      vertex 25.7938 -20.4368 -11.6916
    endloop
  endfacet
  facet normal -0.935829 -0.352455 -0
    outer loop
      vertex 25.8501 -20.5863 -11.8107
      vertex 25.7544 -20.3322 -20
      vertex 25.8501 -20.5863 -20
    endloop
  endfacet
  facet normal -0.935367 -0.353679 -4.33747e-05
    outer loop
      vertex 25.7544 -20.3322 -20
      vertex 25.8501 -20.5863 -11.8107
      vertex 25.8366 -20.5506 -11.785
    endloop
  endfacet
  facet normal 0.63448 -0.772939 0
    outer loop
      vertex 19.184 -18.8002 -20
      vertex 19.3939 -18.6279 0
      vertex 19.184 -18.8002 0
    endloop
  endfacet
  facet normal 0.63448 -0.772939 0
    outer loop
      vertex 19.3939 -18.6279 0
      vertex 19.184 -18.8002 -20
      vertex 19.3939 -18.6279 -20
    endloop
  endfacet
  facet normal -0.0979361 -0.995193 0
    outer loop
      vertex 22.1917 -17.7792 -20
      vertex 22.462 -17.8058 0
      vertex 22.1917 -17.7792 0
    endloop
  endfacet
  facet normal -0.0979361 -0.995193 -0
    outer loop
      vertex 22.462 -17.8058 0
      vertex 22.1917 -17.7792 -20
      vertex 22.462 -17.8058 -20
    endloop
  endfacet
  facet normal -0.683525 0.729928 0
    outer loop
      vertex 24.8548 -24.8548 -20
      vertex 24.6566 -25.0404 0
      vertex 24.8548 -24.8548 0
    endloop
  endfacet
  facet normal -0.683525 0.729928 0
    outer loop
      vertex 24.6566 -25.0404 0
      vertex 24.8548 -24.8548 -20
      vertex 24.6566 -25.0404 -20
    endloop
  endfacet
  facet normal -0.849196 0.528078 0
    outer loop
      vertex 25.3709 -24.2259 -20
      vertex 25.5143 -23.9953 -10.8693
      vertex 25.5143 -23.9953 -20
    endloop
  endfacet
  facet normal -0.849281 0.527942 4.7582e-06
    outer loop
      vertex 25.5143 -23.9953 -10.8693
      vertex 25.3709 -24.2259 -20
      vertex 25.512 -23.999 -10.861
    endloop
  endfacet
  facet normal -0.849019 0.528362 -9.70632e-06
    outer loop
      vertex 25.512 -23.999 -10.861
      vertex 25.3709 -24.2259 -20
      vertex 25.4797 -24.0509 -10.7232
    endloop
  endfacet
  facet normal -0.849646 0.527353 1.66789e-05
    outer loop
      vertex 25.4797 -24.0509 -10.7232
      vertex 25.3709 -24.2259 -20
      vertex 25.4532 -24.0936 -10.5823
    endloop
  endfacet
  facet normal -0.849536 0.52753 1.32339e-05
    outer loop
      vertex 25.4532 -24.0936 -10.5823
      vertex 25.3709 -24.2259 -20
      vertex 25.4324 -24.1271 -10.439
    endloop
  endfacet
  facet normal -0.849549 0.52751 1.35192e-05
    outer loop
      vertex 25.4324 -24.1271 -10.439
      vertex 25.3709 -24.2259 -20
      vertex 25.4175 -24.1511 -10.2937
    endloop
  endfacet
  facet normal -0.848054 0.52991 -1.21529e-05
    outer loop
      vertex 25.4175 -24.1511 -10.2937
      vertex 25.3709 -24.2259 -20
      vertex 25.4085 -24.1655 -10.1472
    endloop
  endfacet
  facet normal -0.848148 0.529759 -1.0869e-05
    outer loop
      vertex 25.4085 -24.1655 -10.1472
      vertex 25.3709 -24.2259 -20
      vertex 25.4055 -24.1703 -10
    endloop
  endfacet
  facet normal -0.849281 0.527942 -4.76034e-06
    outer loop
      vertex 25.3709 -24.2259 0
      vertex 25.5143 -23.9953 -9.13073
      vertex 25.512 -23.999 -9.13896
    endloop
  endfacet
  facet normal -0.849019 0.528362 9.70636e-06
    outer loop
      vertex 25.3709 -24.2259 0
      vertex 25.512 -23.999 -9.13896
      vertex 25.4797 -24.0509 -9.27676
    endloop
  endfacet
  facet normal -0.849646 0.527353 -1.66789e-05
    outer loop
      vertex 25.3709 -24.2259 0
      vertex 25.4797 -24.0509 -9.27676
      vertex 25.4532 -24.0936 -9.41766
    endloop
  endfacet
  facet normal -0.849536 0.52753 -1.32334e-05
    outer loop
      vertex 25.3709 -24.2259 0
      vertex 25.4532 -24.0936 -9.41766
      vertex 25.4324 -24.1271 -9.56105
    endloop
  endfacet
  facet normal -0.849549 0.52751 -1.35193e-05
    outer loop
      vertex 25.3709 -24.2259 0
      vertex 25.4324 -24.1271 -9.56105
      vertex 25.4175 -24.1511 -9.70632
    endloop
  endfacet
  facet normal -0.848054 0.52991 1.21528e-05
    outer loop
      vertex 25.3709 -24.2259 0
      vertex 25.4175 -24.1511 -9.70632
      vertex 25.4085 -24.1655 -9.85284
    endloop
  endfacet
  facet normal -0.848148 0.529759 1.08694e-05
    outer loop
      vertex 25.3709 -24.2259 0
      vertex 25.4085 -24.1655 -9.85284
      vertex 25.4055 -24.1703 -10
    endloop
  endfacet
  facet normal -0.849196 0.528078 0
    outer loop
      vertex 25.5143 -23.9953 -9.13073
      vertex 25.3709 -24.2259 0
      vertex 25.5143 -23.9953 0
    endloop
  endfacet
  facet normal -0.849026 0.528351 0
    outer loop
      vertex 25.3709 -24.2259 0
      vertex 25.4055 -24.1703 -10
      vertex 25.3709 -24.2259 -20
    endloop
  endfacet
  facet normal -0.999456 -0.0329668 0
    outer loop
      vertex 26.0655 -21.7732 -7.75482
      vertex 26.0614 -21.6489 0
      vertex 26.0614 -21.6489 -7.76706
    endloop
  endfacet
  facet normal -0.999468 -0.0326137 -5.66579e-06
    outer loop
      vertex 26.0703 -21.9203 -7.75
      vertex 26.0614 -21.6489 0
      vertex 26.0655 -21.7732 -7.75482
    endloop
  endfacet
  facet normal -0.999463 -0.0327753 0
    outer loop
      vertex 26.0614 -21.6489 0
      vertex 26.0703 -21.9203 -7.75
      vertex 26.0703 -21.9203 0
    endloop
  endfacet
  facet normal -0.999456 -0.0329668 0
    outer loop
      vertex 26.0614 -21.6489 -20
      vertex 26.0655 -21.7732 -12.2452
      vertex 26.0614 -21.6489 -12.2329
    endloop
  endfacet
  facet normal -0.999463 -0.0327753 -0
    outer loop
      vertex 26.0703 -21.9203 -12.25
      vertex 26.0614 -21.6489 -20
      vertex 26.0703 -21.9203 -20
    endloop
  endfacet
  facet normal -0.999468 -0.0326137 5.66582e-06
    outer loop
      vertex 26.0614 -21.6489 -20
      vertex 26.0703 -21.9203 -12.25
      vertex 26.0655 -21.7732 -12.2452
    endloop
  endfacet
  facet normal -0.812887 -0.582422 0
    outer loop
      vertex 25.3709 -19.6147 -20
      vertex 25.2127 -19.3939 0
      vertex 25.2127 -19.3939 -20
    endloop
  endfacet
  facet normal -0.812887 -0.582422 0
    outer loop
      vertex 25.2127 -19.3939 0
      vertex 25.3709 -19.6147 -20
      vertex 25.3709 -19.6147 0
    endloop
  endfacet
  facet normal -0.986762 -0.162176 0
    outer loop
      vertex 26.0048 -21.1971 -7.86941
      vertex 25.9906 -21.1107 0
      vertex 25.9906 -21.1107 -7.90192
    endloop
  endfacet
  facet normal -0.986602 -0.163147 1.09436e-05
    outer loop
      vertex 26.0281 -21.338 -7.82667
      vertex 25.9906 -21.1107 0
      vertex 26.0048 -21.1971 -7.86941
    endloop
  endfacet
  facet normal -0.986655 -0.162822 1.26448e-06
    outer loop
      vertex 26.0348 -21.3786 -7.81719
      vertex 25.9906 -21.1107 0
      vertex 26.0281 -21.338 -7.82667
    endloop
  endfacet
  facet normal -0.986661 -0.162786 0
    outer loop
      vertex 25.9906 -21.1107 0
      vertex 26.0348 -21.3786 -7.81719
      vertex 26.0348 -21.3786 0
    endloop
  endfacet
  facet normal -0.986762 -0.162176 0
    outer loop
      vertex 25.9906 -21.1107 -20
      vertex 26.0048 -21.1971 -12.1306
      vertex 25.9906 -21.1107 -12.0981
    endloop
  endfacet
  facet normal -0.986602 -0.163147 -1.09436e-05
    outer loop
      vertex 25.9906 -21.1107 -20
      vertex 26.0281 -21.338 -12.1733
      vertex 26.0048 -21.1971 -12.1306
    endloop
  endfacet
  facet normal -0.986661 -0.162786 -0
    outer loop
      vertex 26.0348 -21.3786 -12.1828
      vertex 25.9906 -21.1107 -20
      vertex 26.0348 -21.3786 -20
    endloop
  endfacet
  facet normal -0.986655 -0.162822 -1.26446e-06
    outer loop
      vertex 25.9906 -21.1107 -20
      vertex 26.0348 -21.3786 -12.1828
      vertex 26.0281 -21.338 -12.1733
    endloop
  endfacet
  facet normal -0.973932 -0.22684 0
    outer loop
      vertex 25.9473 -20.9252 -7.98204
      vertex 25.9289 -20.8462 0
      vertex 25.9289 -20.8462 -8.02424
    endloop
  endfacet
  facet normal -0.973826 -0.227296 4.7641e-06
    outer loop
      vertex 25.9786 -21.0593 -7.92127
      vertex 25.9289 -20.8462 0
      vertex 25.9473 -20.9252 -7.98204
    endloop
  endfacet
  facet normal -0.973814 -0.227347 6.20359e-06
    outer loop
      vertex 25.9906 -21.1107 -7.90192
      vertex 25.9289 -20.8462 0
      vertex 25.9786 -21.0593 -7.92127
    endloop
  endfacet
  facet normal -0.973855 -0.227171 0
    outer loop
      vertex 25.9289 -20.8462 0
      vertex 25.9906 -21.1107 -7.90192
      vertex 25.9906 -21.1107 0
    endloop
  endfacet
  facet normal -0.973932 -0.22684 0
    outer loop
      vertex 25.9289 -20.8462 -20
      vertex 25.9473 -20.9252 -12.018
      vertex 25.9289 -20.8462 -11.9758
    endloop
  endfacet
  facet normal -0.973826 -0.227296 -4.76415e-06
    outer loop
      vertex 25.9289 -20.8462 -20
      vertex 25.9786 -21.0593 -12.0787
      vertex 25.9473 -20.9252 -12.018
    endloop
  endfacet
  facet normal -0.973855 -0.227171 -0
    outer loop
      vertex 25.9906 -21.1107 -12.0981
      vertex 25.9289 -20.8462 -20
      vertex 25.9906 -21.1107 -20
    endloop
  endfacet
  facet normal -0.973814 -0.227347 -6.20341e-06
    outer loop
      vertex 25.9289 -20.8462 -20
      vertex 25.9906 -21.1107 -12.0981
      vertex 25.9786 -21.0593 -12.0787
    endloop
  endfacet
  facet normal 0.528078 -0.849196 0
    outer loop
      vertex 19.6147 -18.4697 -20
      vertex 19.8453 -18.3263 0
      vertex 19.6147 -18.4697 0
    endloop
  endfacet
  facet normal 0.528078 -0.849196 0
    outer loop
      vertex 19.8453 -18.3263 0
      vertex 19.6147 -18.4697 -20
      vertex 19.8453 -18.3263 -20
    endloop
  endfacet
  facet normal 0.412721 -0.910858 0
    outer loop
      vertex 20.0848 -18.1983 -20
      vertex 20.3322 -18.0862 0
      vertex 20.0848 -18.1983 0
    endloop
  endfacet
  facet normal 0.412721 -0.910858 0
    outer loop
      vertex 20.3322 -18.0862 0
      vertex 20.0848 -18.1983 -20
      vertex 20.3322 -18.0862 -20
    endloop
  endfacet
  facet normal 0.582422 -0.812887 0
    outer loop
      vertex 19.3939 -18.6279 -20
      vertex 19.6147 -18.4697 0
      vertex 19.3939 -18.6279 0
    endloop
  endfacet
  facet normal 0.582422 -0.812887 0
    outer loop
      vertex 19.6147 -18.4697 0
      vertex 19.3939 -18.6279 -20
      vertex 19.6147 -18.4697 -20
    endloop
  endfacet
  facet normal 0.226822 -0.973936 0
    outer loop
      vertex 20.8462 -17.9117 -20
      vertex 21.1107 -17.8501 0
      vertex 20.8462 -17.9117 0
    endloop
  endfacet
  facet normal 0.226822 -0.973936 0
    outer loop
      vertex 21.1107 -17.8501 0
      vertex 20.8462 -17.9117 -20
      vertex 21.1107 -17.8501 -20
    endloop
  endfacet
  facet normal -0.63448 -0.772939 0
    outer loop
      vertex 24.4467 -18.6279 -20
      vertex 24.6566 -18.8002 0
      vertex 24.4467 -18.6279 0
    endloop
  endfacet
  facet normal -0.63448 -0.772939 -0
    outer loop
      vertex 24.6566 -18.8002 0
      vertex 24.4467 -18.6279 -20
      vertex 24.6566 -18.8002 -20
    endloop
  endfacet
  facet normal -0.582422 -0.812887 0
    outer loop
      vertex 24.2259 -18.4697 -20
      vertex 24.4467 -18.6279 0
      vertex 24.2259 -18.4697 0
    endloop
  endfacet
  facet normal -0.582422 -0.812887 -0
    outer loop
      vertex 24.4467 -18.6279 0
      vertex 24.2259 -18.4697 -20
      vertex 24.4467 -18.6279 -20
    endloop
  endfacet
  facet normal -0.290488 -0.956879 0
    outer loop
      vertex 22.9944 -17.9117 -20
      vertex 23.2543 -17.9906 0
      vertex 22.9944 -17.9117 0
    endloop
  endfacet
  facet normal -0.290488 -0.956879 -0
    outer loop
      vertex 23.2543 -17.9906 0
      vertex 22.9944 -17.9117 -20
      vertex 23.2543 -17.9906 -20
    endloop
  endfacet
  facet normal -0.226822 -0.973936 0
    outer loop
      vertex 22.7299 -17.8501 -20
      vertex 22.9944 -17.9117 0
      vertex 22.7299 -17.8501 0
    endloop
  endfacet
  facet normal -0.226822 -0.973936 -0
    outer loop
      vertex 22.9944 -17.9117 0
      vertex 22.7299 -17.8501 -20
      vertex 22.9944 -17.9117 -20
    endloop
  endfacet
  facet normal -0.528078 0.849196 0
    outer loop
      vertex 24.2259 -25.3709 -20
      vertex 23.9953 -25.5143 0
      vertex 24.2259 -25.3709 0
    endloop
  endfacet
  facet normal -0.528078 0.849196 0
    outer loop
      vertex 23.9953 -25.5143 0
      vertex 24.2259 -25.3709 -20
      vertex 23.9953 -25.5143 -20
    endloop
  endfacet
  facet normal 0.412721 0.910858 -0
    outer loop
      vertex 20.3322 -25.7544 -20
      vertex 20.0848 -25.6423 0
      vertex 20.3322 -25.7544 0
    endloop
  endfacet
  facet normal 0.412721 0.910858 0
    outer loop
      vertex 20.0848 -25.6423 0
      vertex 20.3322 -25.7544 -20
      vertex 20.0848 -25.6423 -20
    endloop
  endfacet
  facet normal -0.772939 0.63448 0
    outer loop
      vertex 25.0404 -24.6566 -20
      vertex 25.2127 -24.4467 0
      vertex 25.2127 -24.4467 -20
    endloop
  endfacet
  facet normal -0.772939 0.63448 0
    outer loop
      vertex 25.2127 -24.4467 0
      vertex 25.0404 -24.6566 -20
      vertex 25.0404 -24.6566 0
    endloop
  endfacet
  facet normal -0.812887 0.582422 0
    outer loop
      vertex 25.2127 -24.4467 -20
      vertex 25.3709 -24.2259 0
      vertex 25.3709 -24.2259 -20
    endloop
  endfacet
  facet normal -0.812887 0.582422 0
    outer loop
      vertex 25.3709 -24.2259 0
      vertex 25.2127 -24.4467 -20
      vertex 25.2127 -24.4467 0
    endloop
  endfacet
  facet normal -0.986719 0.162436 -1.23379e-05
    outer loop
      vertex 25.9906 -22.7299 0
      vertex 26.0348 -22.462 -7.81719
      vertex 26.0281 -22.5027 -7.82667
    endloop
  endfacet
  facet normal -0.986583 0.163259 1.22113e-05
    outer loop
      vertex 25.9906 -22.7299 0
      vertex 26.0281 -22.5027 -7.82667
      vertex 26.0048 -22.6435 -7.86941
    endloop
  endfacet
  facet normal -0.986762 0.162176 0
    outer loop
      vertex 25.9906 -22.7299 0
      vertex 26.0048 -22.6435 -7.86941
      vertex 25.9906 -22.7299 -7.90192
    endloop
  endfacet
  facet normal -0.986661 0.162786 0
    outer loop
      vertex 26.0348 -22.462 -7.81719
      vertex 25.9906 -22.7299 0
      vertex 26.0348 -22.462 0
    endloop
  endfacet
  facet normal -0.986661 0.162786 0
    outer loop
      vertex 25.9906 -22.7299 -20
      vertex 26.0348 -22.462 -12.1828
      vertex 26.0348 -22.462 -20
    endloop
  endfacet
  facet normal -0.986719 0.162436 1.23376e-05
    outer loop
      vertex 26.0348 -22.462 -12.1828
      vertex 25.9906 -22.7299 -20
      vertex 26.0281 -22.5027 -12.1733
    endloop
  endfacet
  facet normal -0.986583 0.163259 -1.22114e-05
    outer loop
      vertex 26.0281 -22.5027 -12.1733
      vertex 25.9906 -22.7299 -20
      vertex 26.0048 -22.6435 -12.1306
    endloop
  endfacet
  facet normal -0.986762 0.162176 0
    outer loop
      vertex 26.0048 -22.6435 -12.1306
      vertex 25.9906 -22.7299 -20
      vertex 25.9906 -22.7299 -12.0981
    endloop
  endfacet
  facet normal -0.973814 0.227347 6.20359e-06
    outer loop
      vertex 25.9289 -22.9944 0
      vertex 25.9906 -22.7299 -7.90192
      vertex 25.9786 -22.7813 -7.92127
    endloop
  endfacet
  facet normal -0.973863 0.227138 2.62476e-07
    outer loop
      vertex 25.9289 -22.9944 0
      vertex 25.9786 -22.7813 -7.92127
      vertex 25.9473 -22.9155 -7.98204
    endloop
  endfacet
  facet normal -0.973869 0.227113 0
    outer loop
      vertex 25.9289 -22.9944 0
      vertex 25.9473 -22.9155 -7.98204
      vertex 25.9289 -22.9944 -8.02423
    endloop
  endfacet
  facet normal -0.973855 0.227171 0
    outer loop
      vertex 25.9906 -22.7299 -7.90192
      vertex 25.9289 -22.9944 0
      vertex 25.9906 -22.7299 0
    endloop
  endfacet
  facet normal -0.973855 0.227171 0
    outer loop
      vertex 25.9289 -22.9944 -20
      vertex 25.9906 -22.7299 -12.0981
      vertex 25.9906 -22.7299 -20
    endloop
  endfacet
  facet normal -0.973814 0.227347 -6.20341e-06
    outer loop
      vertex 25.9906 -22.7299 -12.0981
      vertex 25.9289 -22.9944 -20
      vertex 25.9786 -22.7813 -12.0787
    endloop
  endfacet
  facet normal -0.973863 0.227138 -2.62479e-07
    outer loop
      vertex 25.9786 -22.7813 -12.0787
      vertex 25.9289 -22.9944 -20
      vertex 25.9473 -22.9155 -12.018
    endloop
  endfacet
  facet normal -0.973869 0.227113 0
    outer loop
      vertex 25.9473 -22.9155 -12.018
      vertex 25.9289 -22.9944 -20
      vertex 25.9289 -22.9944 -11.9758
    endloop
  endfacet
  facet normal -0.995169 0.0981773 8.47452e-06
    outer loop
      vertex 26.0348 -22.462 0
      vertex 26.0614 -22.1917 -7.76706
      vertex 26.0592 -22.214 -7.76925
    endloop
  endfacet
  facet normal -0.995192 0.0979437 9.47118e-07
    outer loop
      vertex 26.0348 -22.462 0
      vertex 26.0592 -22.214 -7.76925
      vertex 26.0449 -22.3593 -7.79323
    endloop
  endfacet
  facet normal -0.995199 0.0978725 0
    outer loop
      vertex 26.0348 -22.462 0
      vertex 26.0449 -22.3593 -7.79323
      vertex 26.0348 -22.462 -7.81719
    endloop
  endfacet
  facet normal -0.995193 0.0979361 0
    outer loop
      vertex 26.0614 -22.1917 -7.76706
      vertex 26.0348 -22.462 0
      vertex 26.0614 -22.1917 0
    endloop
  endfacet
  facet normal -0.995193 0.0979361 0
    outer loop
      vertex 26.0348 -22.462 -20
      vertex 26.0614 -22.1917 -12.2329
      vertex 26.0614 -22.1917 -20
    endloop
  endfacet
  facet normal -0.995169 0.0981773 -8.47567e-06
    outer loop
      vertex 26.0614 -22.1917 -12.2329
      vertex 26.0348 -22.462 -20
      vertex 26.0592 -22.214 -12.2308
    endloop
  endfacet
  facet normal -0.995192 0.0979437 -9.4712e-07
    outer loop
      vertex 26.0592 -22.214 -12.2308
      vertex 26.0348 -22.462 -20
      vertex 26.0449 -22.3593 -12.2068
    endloop
  endfacet
  facet normal -0.995199 0.0978725 0
    outer loop
      vertex 26.0449 -22.3593 -12.2068
      vertex 26.0348 -22.462 -20
      vertex 26.0348 -22.462 -12.1828
    endloop
  endfacet
  facet normal -0.999469 0.0325916 -6.4408e-06
    outer loop
      vertex 26.0614 -22.1917 0
      vertex 26.0703 -21.9203 -7.75
      vertex 26.0655 -22.0675 -7.75482
    endloop
  endfacet
  facet normal -0.999456 0.0329933 0
    outer loop
      vertex 26.0614 -22.1917 0
      vertex 26.0655 -22.0675 -7.75482
      vertex 26.0614 -22.1917 -7.76706
    endloop
  endfacet
  facet normal -0.999463 0.0327753 0
    outer loop
      vertex 26.0703 -21.9203 -7.75
      vertex 26.0614 -22.1917 0
      vertex 26.0703 -21.9203 0
    endloop
  endfacet
  facet normal -0.999463 0.0327753 0
    outer loop
      vertex 26.0614 -22.1917 -20
      vertex 26.0703 -21.9203 -12.25
      vertex 26.0703 -21.9203 -20
    endloop
  endfacet
  facet normal -0.999469 0.0325916 6.44083e-06
    outer loop
      vertex 26.0703 -21.9203 -12.25
      vertex 26.0614 -22.1917 -20
      vertex 26.0655 -22.0675 -12.2452
    endloop
  endfacet
  facet normal -0.999456 0.0329933 0
    outer loop
      vertex 26.0655 -22.0675 -12.2452
      vertex 26.0614 -22.1917 -20
      vertex 26.0614 -22.1917 -12.2329
    endloop
  endfacet
  facet normal -0.683525 -0.729928 0
    outer loop
      vertex 24.6566 -18.8002 -20
      vertex 24.8548 -18.9858 0
      vertex 24.6566 -18.8002 0
    endloop
  endfacet
  facet normal -0.683525 -0.729928 -0
    outer loop
      vertex 24.8548 -18.9858 0
      vertex 24.6566 -18.8002 -20
      vertex 24.8548 -18.9858 -20
    endloop
  endfacet
  facet normal -0.88171 -0.471792 0
    outer loop
      vertex 25.5448 -19.9023 -9.00485
      vertex 25.5143 -19.8453 0
      vertex 25.5143 -19.8453 -9.13073
    endloop
  endfacet
  facet normal -0.882172 -0.470928 -7.03521e-06
    outer loop
      vertex 25.5819 -19.9718 -8.875
      vertex 25.5143 -19.8453 0
      vertex 25.5448 -19.9023 -9.00485
    endloop
  endfacet
  facet normal -0.881606 -0.471986 1.23479e-05
    outer loop
      vertex 25.6235 -20.0495 -8.74997
      vertex 25.5143 -19.8453 0
      vertex 25.5819 -19.9718 -8.875
    endloop
  endfacet
  facet normal -0.882604 -0.470117 -4.37238e-05
    outer loop
      vertex 25.6423 -20.0848 -8.70069
      vertex 25.5143 -19.8453 0
      vertex 25.6235 -20.0495 -8.74997
    endloop
  endfacet
  facet normal -0.881945 -0.471353 0
    outer loop
      vertex 25.5143 -19.8453 0
      vertex 25.6423 -20.0848 -8.70069
      vertex 25.6423 -20.0848 0
    endloop
  endfacet
  facet normal -0.88171 -0.471792 0
    outer loop
      vertex 25.5143 -19.8453 -20
      vertex 25.5448 -19.9023 -10.9951
      vertex 25.5143 -19.8453 -10.8693
    endloop
  endfacet
  facet normal -0.882172 -0.470928 7.03514e-06
    outer loop
      vertex 25.5143 -19.8453 -20
      vertex 25.5819 -19.9718 -11.125
      vertex 25.5448 -19.9023 -10.9951
    endloop
  endfacet
  facet normal -0.881606 -0.471986 -1.2348e-05
    outer loop
      vertex 25.5143 -19.8453 -20
      vertex 25.6235 -20.0495 -11.25
      vertex 25.5819 -19.9718 -11.125
    endloop
  endfacet
  facet normal -0.881945 -0.471353 -0
    outer loop
      vertex 25.6423 -20.0848 -11.2993
      vertex 25.5143 -19.8453 -20
      vertex 25.6423 -20.0848 -20
    endloop
  endfacet
  facet normal -0.882604 -0.470117 4.37231e-05
    outer loop
      vertex 25.5143 -19.8453 -20
      vertex 25.6423 -20.0848 -11.2993
      vertex 25.6235 -20.0495 -11.25
    endloop
  endfacet
  facet normal -0.772939 -0.63448 0
    outer loop
      vertex 25.2127 -19.3939 -20
      vertex 25.0404 -19.184 0
      vertex 25.0404 -19.184 -20
    endloop
  endfacet
  facet normal -0.772939 -0.63448 0
    outer loop
      vertex 25.0404 -19.184 0
      vertex 25.2127 -19.3939 -20
      vertex 25.2127 -19.3939 0
    endloop
  endfacet
  facet normal -0.849026 -0.528351 0
    outer loop
      vertex 25.3709 -19.6147 -20
      vertex 25.4055 -19.6703 -10
      vertex 25.3709 -19.6147 0
    endloop
  endfacet
  facet normal -0.848148 -0.529759 -1.0869e-05
    outer loop
      vertex 25.3709 -19.6147 -20
      vertex 25.4085 -19.6751 -10.1472
      vertex 25.4055 -19.6703 -10
    endloop
  endfacet
  facet normal -0.8496 -0.527428 8.96e-06
    outer loop
      vertex 25.3709 -19.6147 -20
      vertex 25.4175 -19.6896 -10.2937
      vertex 25.4085 -19.6751 -10.1472
    endloop
  endfacet
  facet normal -0.848618 -0.529006 -7.93187e-06
    outer loop
      vertex 25.3709 -19.6147 -20
      vertex 25.4324 -19.7135 -10.439
      vertex 25.4175 -19.6896 -10.2937
    endloop
  endfacet
  facet normal -0.849536 -0.52753 1.32339e-05
    outer loop
      vertex 25.3709 -19.6147 -20
      vertex 25.4532 -19.747 -10.5823
      vertex 25.4324 -19.7135 -10.439
    endloop
  endfacet
  facet normal -0.849646 -0.527353 1.66789e-05
    outer loop
      vertex 25.3709 -19.6147 -20
      vertex 25.4797 -19.7897 -10.7232
      vertex 25.4532 -19.747 -10.5823
    endloop
  endfacet
  facet normal -0.849019 -0.528362 -9.70632e-06
    outer loop
      vertex 25.3709 -19.6147 -20
      vertex 25.512 -19.8416 -10.861
      vertex 25.4797 -19.7897 -10.7232
    endloop
  endfacet
  facet normal -0.849196 -0.528078 -0
    outer loop
      vertex 25.5143 -19.8453 -10.8693
      vertex 25.3709 -19.6147 -20
      vertex 25.5143 -19.8453 -20
    endloop
  endfacet
  facet normal -0.849281 -0.527942 4.7582e-06
    outer loop
      vertex 25.3709 -19.6147 -20
      vertex 25.5143 -19.8453 -10.8693
      vertex 25.512 -19.8416 -10.861
    endloop
  endfacet
  facet normal -0.848148 -0.529759 1.08694e-05
    outer loop
      vertex 25.4085 -19.6751 -9.85284
      vertex 25.3709 -19.6147 0
      vertex 25.4055 -19.6703 -10
    endloop
  endfacet
  facet normal -0.8496 -0.527428 -8.9599e-06
    outer loop
      vertex 25.4175 -19.6896 -9.70632
      vertex 25.3709 -19.6147 0
      vertex 25.4085 -19.6751 -9.85284
    endloop
  endfacet
  facet normal -0.848618 -0.529006 7.93193e-06
    outer loop
      vertex 25.4324 -19.7135 -9.56105
      vertex 25.3709 -19.6147 0
      vertex 25.4175 -19.6896 -9.70632
    endloop
  endfacet
  facet normal -0.849536 -0.52753 -1.32334e-05
    outer loop
      vertex 25.4532 -19.747 -9.41766
      vertex 25.3709 -19.6147 0
      vertex 25.4324 -19.7135 -9.56105
    endloop
  endfacet
  facet normal -0.849646 -0.527353 -1.66789e-05
    outer loop
      vertex 25.4797 -19.7897 -9.27676
      vertex 25.3709 -19.6147 0
      vertex 25.4532 -19.747 -9.41766
    endloop
  endfacet
  facet normal -0.849019 -0.528362 9.70636e-06
    outer loop
      vertex 25.512 -19.8416 -9.13896
      vertex 25.3709 -19.6147 0
      vertex 25.4797 -19.7897 -9.27676
    endloop
  endfacet
  facet normal -0.849281 -0.527942 -4.76034e-06
    outer loop
      vertex 25.5143 -19.8453 -9.13073
      vertex 25.3709 -19.6147 0
      vertex 25.512 -19.8416 -9.13896
    endloop
  endfacet
  facet normal -0.849196 -0.528078 0
    outer loop
      vertex 25.3709 -19.6147 0
      vertex 25.5143 -19.8453 -9.13073
      vertex 25.5143 -19.8453 0
    endloop
  endfacet
  facet normal -0.910737 -0.412988 0
    outer loop
      vertex 25.6652 -20.1353 -8.63029
      vertex 25.6423 -20.0848 0
      vertex 25.6423 -20.0848 -8.70069
    endloop
  endfacet
  facet normal -0.910932 -0.412556 -3.04086e-06
    outer loop
      vertex 25.7075 -20.2287 -8.51647
      vertex 25.6423 -20.0848 0
      vertex 25.6652 -20.1353 -8.63029
    endloop
  endfacet
  facet normal -0.910801 -0.412845 2.84031e-06
    outer loop
      vertex 25.7531 -20.3293 -8.40901
      vertex 25.6423 -20.0848 0
      vertex 25.7075 -20.2287 -8.51647
    endloop
  endfacet
  facet normal -0.912466 -0.409153 -0.000126453
    outer loop
      vertex 25.7544 -20.3322 -8.40634
      vertex 25.6423 -20.0848 0
      vertex 25.7531 -20.3293 -8.40901
    endloop
  endfacet
  facet normal -0.910858 -0.412721 0
    outer loop
      vertex 25.6423 -20.0848 0
      vertex 25.7544 -20.3322 -8.40634
      vertex 25.7544 -20.3322 0
    endloop
  endfacet
  facet normal -0.910737 -0.412988 0
    outer loop
      vertex 25.6423 -20.0848 -20
      vertex 25.6652 -20.1353 -11.3697
      vertex 25.6423 -20.0848 -11.2993
    endloop
  endfacet
  facet normal -0.910932 -0.412556 3.04087e-06
    outer loop
      vertex 25.6423 -20.0848 -20
      vertex 25.7075 -20.2287 -11.4835
      vertex 25.6652 -20.1353 -11.3697
    endloop
  endfacet
  facet normal -0.910801 -0.412845 -2.84028e-06
    outer loop
      vertex 25.6423 -20.0848 -20
      vertex 25.7531 -20.3293 -11.591
      vertex 25.7075 -20.2287 -11.4835
    endloop
  endfacet
  facet normal -0.910858 -0.412721 -0
    outer loop
      vertex 25.7544 -20.3322 -11.5937
      vertex 25.6423 -20.0848 -20
      vertex 25.7544 -20.3322 -20
    endloop
  endfacet
  facet normal -0.912465 -0.409154 0.000126416
    outer loop
      vertex 25.6423 -20.0848 -20
      vertex 25.7544 -20.3322 -11.5937
      vertex 25.7531 -20.3293 -11.591
    endloop
  endfacet
  facet normal -0.957197 -0.289438 0
    outer loop
      vertex 25.8755 -20.6703 -8.12919
      vertex 25.8501 -20.5863 0
      vertex 25.8501 -20.5863 -8.18934
    endloop
  endfacet
  facet normal -0.956769 -0.290848 1.59044e-05
    outer loop
      vertex 25.9135 -20.7953 -8.05144
      vertex 25.8501 -20.5863 0
      vertex 25.8755 -20.6703 -8.12919
    endloop
  endfacet
  facet normal -0.957148 -0.289599 -1.94884e-05
    outer loop
      vertex 25.9289 -20.8462 -8.02424
      vertex 25.8501 -20.5863 0
      vertex 25.9135 -20.7953 -8.05144
    endloop
  endfacet
  facet normal -0.956981 -0.29015 0
    outer loop
      vertex 25.8501 -20.5863 0
      vertex 25.9289 -20.8462 -8.02424
      vertex 25.9289 -20.8462 0
    endloop
  endfacet
  facet normal -0.957197 -0.289438 0
    outer loop
      vertex 25.8501 -20.5863 -20
      vertex 25.8755 -20.6703 -11.8708
      vertex 25.8501 -20.5863 -11.8107
    endloop
  endfacet
  facet normal -0.956769 -0.290848 -1.59043e-05
    outer loop
      vertex 25.8501 -20.5863 -20
      vertex 25.9135 -20.7953 -11.9486
      vertex 25.8755 -20.6703 -11.8708
    endloop
  endfacet
  facet normal -0.956981 -0.29015 -0
    outer loop
      vertex 25.9289 -20.8462 -11.9758
      vertex 25.8501 -20.5863 -20
      vertex 25.9289 -20.8462 -20
    endloop
  endfacet
  facet normal -0.957148 -0.289599 1.94885e-05
    outer loop
      vertex 25.8501 -20.5863 -20
      vertex 25.9289 -20.8462 -11.9758
      vertex 25.9135 -20.7953 -11.9486
    endloop
  endfacet
  facet normal -0.995208 -0.0977782 0
    outer loop
      vertex 26.0449 -21.4814 -7.79323
      vertex 26.0348 -21.3786 0
      vertex 26.0348 -21.3786 -7.81719
    endloop
  endfacet
  facet normal -0.995185 -0.0980102 3.089e-06
    outer loop
      vertex 26.0592 -21.6266 -7.76925
      vertex 26.0348 -21.3786 0
      vertex 26.0449 -21.4814 -7.79323
    endloop
  endfacet
  facet normal -0.995169 -0.0981773 8.47452e-06
    outer loop
      vertex 26.0614 -21.6489 -7.76706
      vertex 26.0348 -21.3786 0
      vertex 26.0592 -21.6266 -7.76925
    endloop
  endfacet
  facet normal -0.995193 -0.0979361 0
    outer loop
      vertex 26.0348 -21.3786 0
      vertex 26.0614 -21.6489 -7.76706
      vertex 26.0614 -21.6489 0
    endloop
  endfacet
  facet normal -0.995208 -0.0977782 0
    outer loop
      vertex 26.0348 -21.3786 -20
      vertex 26.0449 -21.4814 -12.2068
      vertex 26.0348 -21.3786 -12.1828
    endloop
  endfacet
  facet normal -0.995185 -0.0980102 -3.089e-06
    outer loop
      vertex 26.0348 -21.3786 -20
      vertex 26.0592 -21.6266 -12.2308
      vertex 26.0449 -21.4814 -12.2068
    endloop
  endfacet
  facet normal -0.995193 -0.0979361 -0
    outer loop
      vertex 26.0614 -21.6489 -12.2329
      vertex 26.0348 -21.3786 -20
      vertex 26.0614 -21.6489 -20
    endloop
  endfacet
  facet normal -0.995169 -0.0981773 -8.47567e-06
    outer loop
      vertex 26.0348 -21.3786 -20
      vertex 26.0614 -21.6489 -12.2329
      vertex 26.0592 -21.6266 -12.2308
    endloop
  endfacet
  facet normal 0.683525 -0.729928 0
    outer loop
      vertex 18.9858 -18.9858 -20
      vertex 19.184 -18.8002 0
      vertex 18.9858 -18.9858 0
    endloop
  endfacet
  facet normal 0.683525 -0.729928 0
    outer loop
      vertex 19.184 -18.8002 0
      vertex 18.9858 -18.9858 -20
      vertex 19.184 -18.8002 -20
    endloop
  endfacet
  facet normal 0.290488 -0.956879 0
    outer loop
      vertex 20.5863 -17.9906 -20
      vertex 20.8462 -17.9117 0
      vertex 20.5863 -17.9906 0
    endloop
  endfacet
  facet normal 0.290488 -0.956879 0
    outer loop
      vertex 20.8462 -17.9117 0
      vertex 20.5863 -17.9906 -20
      vertex 20.8462 -17.9117 -20
    endloop
  endfacet
  facet normal 0.0979361 -0.995193 0
    outer loop
      vertex 21.3786 -17.8058 -20
      vertex 21.6489 -17.7792 0
      vertex 21.3786 -17.8058 0
    endloop
  endfacet
  facet normal 0.0979361 -0.995193 0
    outer loop
      vertex 21.6489 -17.7792 0
      vertex 21.3786 -17.8058 -20
      vertex 21.6489 -17.7792 -20
    endloop
  endfacet
  facet normal 0.163145 -0.986602 0
    outer loop
      vertex 21.1107 -17.8501 -20
      vertex 21.3786 -17.8058 0
      vertex 21.1107 -17.8501 0
    endloop
  endfacet
  facet normal 0.163145 -0.986602 0
    outer loop
      vertex 21.3786 -17.8058 0
      vertex 21.1107 -17.8501 -20
      vertex 21.3786 -17.8058 -20
    endloop
  endfacet
  facet normal -0.471353 -0.881945 0
    outer loop
      vertex 23.7558 -18.1983 -20
      vertex 23.9953 -18.3263 0
      vertex 23.7558 -18.1983 0
    endloop
  endfacet
  facet normal -0.471353 -0.881945 -0
    outer loop
      vertex 23.9953 -18.3263 0
      vertex 23.7558 -18.1983 -20
      vertex 23.9953 -18.3263 -20
    endloop
  endfacet
  facet normal -0.412721 -0.910858 0
    outer loop
      vertex 23.5084 -18.0862 -20
      vertex 23.7558 -18.1983 0
      vertex 23.5084 -18.0862 0
    endloop
  endfacet
  facet normal -0.412721 -0.910858 -0
    outer loop
      vertex 23.7558 -18.1983 0
      vertex 23.5084 -18.0862 -20
      vertex 23.7558 -18.1983 -20
    endloop
  endfacet
  facet normal -0.528078 -0.849196 0
    outer loop
      vertex 23.9953 -18.3263 -20
      vertex 24.2259 -18.4697 0
      vertex 23.9953 -18.3263 0
    endloop
  endfacet
  facet normal -0.528078 -0.849196 -0
    outer loop
      vertex 24.2259 -18.4697 0
      vertex 23.9953 -18.3263 -20
      vertex 24.2259 -18.4697 -20
    endloop
  endfacet
  facet normal -0.163145 -0.986602 0
    outer loop
      vertex 22.462 -17.8058 -20
      vertex 22.7299 -17.8501 0
      vertex 22.462 -17.8058 0
    endloop
  endfacet
  facet normal -0.163145 -0.986602 -0
    outer loop
      vertex 22.7299 -17.8501 0
      vertex 22.462 -17.8058 -20
      vertex 22.7299 -17.8501 -20
    endloop
  endfacet
  facet normal 0.0327753 -0.999463 0
    outer loop
      vertex 21.6489 -17.7792 -20
      vertex 21.9203 -17.7703 0
      vertex 21.6489 -17.7792 0
    endloop
  endfacet
  facet normal 0.0327753 -0.999463 0
    outer loop
      vertex 21.9203 -17.7703 0
      vertex 21.6489 -17.7792 -20
      vertex 21.9203 -17.7703 -20
    endloop
  endfacet
  facet normal -0.729928 0.683525 0
    outer loop
      vertex 24.8548 -24.8548 -20
      vertex 25.0404 -24.6566 0
      vertex 25.0404 -24.6566 -20
    endloop
  endfacet
  facet normal -0.729928 0.683525 0
    outer loop
      vertex 25.0404 -24.6566 0
      vertex 24.8548 -24.8548 -20
      vertex 24.8548 -24.8548 0
    endloop
  endfacet
  facet normal -0.63448 0.772939 0
    outer loop
      vertex 24.6566 -25.0404 -20
      vertex 24.4467 -25.2127 0
      vertex 24.6566 -25.0404 0
    endloop
  endfacet
  facet normal -0.63448 0.772939 0
    outer loop
      vertex 24.4467 -25.2127 0
      vertex 24.6566 -25.0404 -20
      vertex 24.4467 -25.2127 -20
    endloop
  endfacet
  facet normal -0.29015 0.956981 0
    outer loop
      vertex 23.2543 -25.8501 -20
      vertex 22.9944 -25.9289 0
      vertex 23.2543 -25.8501 0
    endloop
  endfacet
  facet normal -0.29015 0.956981 0
    outer loop
      vertex 22.9944 -25.9289 0
      vertex 23.2543 -25.8501 -20
      vertex 22.9944 -25.9289 -20
    endloop
  endfacet
  facet normal -0.471353 0.881945 0
    outer loop
      vertex 23.9953 -25.5143 -20
      vertex 23.7558 -25.6423 0
      vertex 23.9953 -25.5143 0
    endloop
  endfacet
  facet normal -0.471353 0.881945 0
    outer loop
      vertex 23.7558 -25.6423 0
      vertex 23.9953 -25.5143 -20
      vertex 23.7558 -25.6423 -20
    endloop
  endfacet
  facet normal -0.582422 0.812887 0
    outer loop
      vertex 24.4467 -25.2127 -20
      vertex 24.2259 -25.3709 0
      vertex 24.4467 -25.2127 0
    endloop
  endfacet
  facet normal -0.582422 0.812887 0
    outer loop
      vertex 24.2259 -25.3709 0
      vertex 24.4467 -25.2127 -20
      vertex 24.2259 -25.3709 -20
    endloop
  endfacet
  facet normal 0.973936 -0.226822 0
    outer loop
      vertex 17.8501 -21.1107 0
      vertex 17.9117 -20.8462 -20
      vertex 17.9117 -20.8462 0
    endloop
  endfacet
  facet normal 0.973936 -0.226822 0
    outer loop
      vertex 17.9117 -20.8462 -20
      vertex 17.8501 -21.1107 0
      vertex 17.8501 -21.1107 -20
    endloop
  endfacet
  facet normal 0.63448 0.772939 -0
    outer loop
      vertex 19.3939 -25.2127 -20
      vertex 19.184 -25.0404 0
      vertex 19.3939 -25.2127 0
    endloop
  endfacet
  facet normal 0.63448 0.772939 0
    outer loop
      vertex 19.184 -25.0404 0
      vertex 19.3939 -25.2127 -20
      vertex 19.184 -25.0404 -20
    endloop
  endfacet
  facet normal -0.935367 0.353679 4.33778e-05
    outer loop
      vertex 25.7544 -23.5084 0
      vertex 25.8501 -23.2543 -8.18934
      vertex 25.8366 -23.29 -8.21495
    endloop
  endfacet
  facet normal -0.935989 0.352029 -6.702e-06
    outer loop
      vertex 25.7544 -23.5084 0
      vertex 25.8366 -23.29 -8.21495
      vertex 25.7938 -23.4038 -8.30836
    endloop
  endfacet
  facet normal -0.935813 0.352496 0
    outer loop
      vertex 25.7544 -23.5084 0
      vertex 25.7938 -23.4038 -8.30836
      vertex 25.7544 -23.5084 -8.40634
    endloop
  endfacet
  facet normal -0.935829 0.352455 0
    outer loop
      vertex 25.8501 -23.2543 -8.18934
      vertex 25.7544 -23.5084 0
      vertex 25.8501 -23.2543 0
    endloop
  endfacet
  facet normal -0.935829 0.352455 0
    outer loop
      vertex 25.7544 -23.5084 -20
      vertex 25.8501 -23.2543 -11.8107
      vertex 25.8501 -23.2543 -20
    endloop
  endfacet
  facet normal -0.935367 0.353679 -4.33747e-05
    outer loop
      vertex 25.8501 -23.2543 -11.8107
      vertex 25.7544 -23.5084 -20
      vertex 25.8366 -23.29 -11.785
    endloop
  endfacet
  facet normal -0.935989 0.352029 6.70197e-06
    outer loop
      vertex 25.8366 -23.29 -11.785
      vertex 25.7544 -23.5084 -20
      vertex 25.7938 -23.4038 -11.6916
    endloop
  endfacet
  facet normal -0.935813 0.352496 0
    outer loop
      vertex 25.7938 -23.4038 -11.6916
      vertex 25.7544 -23.5084 -20
      vertex 25.7544 -23.5084 -11.5937
    endloop
  endfacet
  facet normal -0.912466 0.409153 -0.000126453
    outer loop
      vertex 25.6423 -23.7558 0
      vertex 25.7544 -23.5084 -8.40634
      vertex 25.7531 -23.5113 -8.40901
    endloop
  endfacet
  facet normal -0.910801 0.412845 2.84031e-06
    outer loop
      vertex 25.6423 -23.7558 0
      vertex 25.7531 -23.5113 -8.40901
      vertex 25.7075 -23.6119 -8.51647
    endloop
  endfacet
  facet normal -0.911094 0.412198 -1.03479e-05
    outer loop
      vertex 25.6423 -23.7558 0
      vertex 25.7075 -23.6119 -8.51647
      vertex 25.6652 -23.7054 -8.63029
    endloop
  endfacet
  facet normal -0.910428 0.413667 0
    outer loop
      vertex 25.6423 -23.7558 0
      vertex 25.6652 -23.7054 -8.63029
      vertex 25.6423 -23.7558 -8.70069
    endloop
  endfacet
  facet normal -0.910858 0.412721 0
    outer loop
      vertex 25.7544 -23.5084 -8.40634
      vertex 25.6423 -23.7558 0
      vertex 25.7544 -23.5084 0
    endloop
  endfacet
  facet normal -0.910858 0.412721 0
    outer loop
      vertex 25.6423 -23.7558 -20
      vertex 25.7544 -23.5084 -11.5937
      vertex 25.7544 -23.5084 -20
    endloop
  endfacet
  facet normal -0.912465 0.409154 0.000126416
    outer loop
      vertex 25.7544 -23.5084 -11.5937
      vertex 25.6423 -23.7558 -20
      vertex 25.7531 -23.5113 -11.591
    endloop
  endfacet
  facet normal -0.910801 0.412845 -2.84028e-06
    outer loop
      vertex 25.7531 -23.5113 -11.591
      vertex 25.6423 -23.7558 -20
      vertex 25.7075 -23.6119 -11.4835
    endloop
  endfacet
  facet normal -0.911094 0.412198 1.03479e-05
    outer loop
      vertex 25.7075 -23.6119 -11.4835
      vertex 25.6423 -23.7558 -20
      vertex 25.6652 -23.7054 -11.3697
    endloop
  endfacet
  facet normal -0.910428 0.413667 0
    outer loop
      vertex 25.6652 -23.7054 -11.3697
      vertex 25.6423 -23.7558 -20
      vertex 25.6423 -23.7558 -11.2993
    endloop
  endfacet
  facet normal -0.882604 0.470117 -4.37238e-05
    outer loop
      vertex 25.5143 -23.9953 0
      vertex 25.6423 -23.7558 -8.70069
      vertex 25.6235 -23.7911 -8.74997
    endloop
  endfacet
  facet normal -0.88185 0.471531 -1.29853e-06
    outer loop
      vertex 25.5143 -23.9953 0
      vertex 25.6235 -23.7911 -8.74997
      vertex 25.5819 -23.8689 -8.875
    endloop
  endfacet
  facet normal -0.881893 0.471449 -2.78931e-06
    outer loop
      vertex 25.5143 -23.9953 0
      vertex 25.5819 -23.8689 -8.875
      vertex 25.5448 -23.9383 -9.00485
    endloop
  endfacet
  facet normal -0.88171 0.471792 0
    outer loop
      vertex 25.5143 -23.9953 0
      vertex 25.5448 -23.9383 -9.00485
      vertex 25.5143 -23.9953 -9.13073
    endloop
  endfacet
  facet normal -0.881945 0.471353 0
    outer loop
      vertex 25.6423 -23.7558 -8.70069
      vertex 25.5143 -23.9953 0
      vertex 25.6423 -23.7558 0
    endloop
  endfacet
  facet normal -0.881945 0.471353 0
    outer loop
      vertex 25.5143 -23.9953 -20
      vertex 25.6423 -23.7558 -11.2993
      vertex 25.6423 -23.7558 -20
    endloop
  endfacet
  facet normal -0.882604 0.470117 4.37231e-05
    outer loop
      vertex 25.6423 -23.7558 -11.2993
      vertex 25.5143 -23.9953 -20
      vertex 25.6235 -23.7911 -11.25
    endloop
  endfacet
  facet normal -0.88185 0.471531 1.29854e-06
    outer loop
      vertex 25.6235 -23.7911 -11.25
      vertex 25.5143 -23.9953 -20
      vertex 25.5819 -23.8689 -11.125
    endloop
  endfacet
  facet normal -0.881893 0.471449 2.78928e-06
    outer loop
      vertex 25.5819 -23.8689 -11.125
      vertex 25.5143 -23.9953 -20
      vertex 25.5448 -23.9383 -10.9951
    endloop
  endfacet
  facet normal -0.88171 0.471792 0
    outer loop
      vertex 25.5448 -23.9383 -10.9951
      vertex 25.5143 -23.9953 -20
      vertex 25.5143 -23.9953 -10.8693
    endloop
  endfacet
  facet normal 0.471353 -0.881945 0
    outer loop
      vertex 19.8453 -18.3263 -20
      vertex 20.0848 -18.1983 0
      vertex 19.8453 -18.3263 0
    endloop
  endfacet
  facet normal 0.471353 -0.881945 0
    outer loop
      vertex 20.0848 -18.1983 0
      vertex 19.8453 -18.3263 -20
      vertex 20.0848 -18.1983 -20
    endloop
  endfacet
  facet normal -0.0327753 -0.999463 0
    outer loop
      vertex 21.9203 -17.7703 -20
      vertex 22.1917 -17.7792 0
      vertex 21.9203 -17.7703 0
    endloop
  endfacet
  facet normal -0.0327753 -0.999463 -0
    outer loop
      vertex 22.1917 -17.7792 0
      vertex 21.9203 -17.7703 -20
      vertex 22.1917 -17.7792 -20
    endloop
  endfacet
  facet normal 0.29015 0.956981 -0
    outer loop
      vertex 20.8462 -25.9289 -20
      vertex 20.5863 -25.8501 0
      vertex 20.8462 -25.9289 0
    endloop
  endfacet
  facet normal 0.29015 0.956981 0
    outer loop
      vertex 20.5863 -25.8501 0
      vertex 20.8462 -25.9289 -20
      vertex 20.5863 -25.8501 -20
    endloop
  endfacet
  facet normal 0.227171 0.973855 -0
    outer loop
      vertex 21.1107 -25.9906 -20
      vertex 20.8462 -25.9289 0
      vertex 21.1107 -25.9906 0
    endloop
  endfacet
  facet normal 0.227171 0.973855 0
    outer loop
      vertex 20.8462 -25.9289 0
      vertex 21.1107 -25.9906 -20
      vertex 20.8462 -25.9289 -20
    endloop
  endfacet
  facet normal -0.352455 0.935829 0
    outer loop
      vertex 23.5084 -25.7544 -20
      vertex 23.2543 -25.8501 0
      vertex 23.5084 -25.7544 0
    endloop
  endfacet
  facet normal -0.352455 0.935829 0
    outer loop
      vertex 23.2543 -25.8501 0
      vertex 23.5084 -25.7544 -20
      vertex 23.2543 -25.8501 -20
    endloop
  endfacet
  facet normal 0.772939 0.63448 0
    outer loop
      vertex 18.8002 -24.6566 0
      vertex 18.6279 -24.4467 -20
      vertex 18.6279 -24.4467 0
    endloop
  endfacet
  facet normal 0.772939 0.63448 0
    outer loop
      vertex 18.6279 -24.4467 -20
      vertex 18.8002 -24.6566 0
      vertex 18.8002 -24.6566 -20
    endloop
  endfacet
  facet normal 0.729928 0.683525 0
    outer loop
      vertex 18.9858 -24.8548 0
      vertex 18.8002 -24.6566 -20
      vertex 18.8002 -24.6566 0
    endloop
  endfacet
  facet normal 0.729928 0.683525 0
    outer loop
      vertex 18.8002 -24.6566 -20
      vertex 18.9858 -24.8548 0
      vertex 18.9858 -24.8548 -20
    endloop
  endfacet
  facet normal 0.729928 -0.683525 0
    outer loop
      vertex 18.8002 -19.184 0
      vertex 18.9858 -18.9858 -20
      vertex 18.9858 -18.9858 0
    endloop
  endfacet
  facet normal 0.729928 -0.683525 0
    outer loop
      vertex 18.9858 -18.9858 -20
      vertex 18.8002 -19.184 0
      vertex 18.8002 -19.184 -20
    endloop
  endfacet
  facet normal 0.812887 -0.582422 0
    outer loop
      vertex 18.4697 -19.6147 0
      vertex 18.6279 -19.3939 -20
      vertex 18.6279 -19.3939 0
    endloop
  endfacet
  facet normal 0.812887 -0.582422 0
    outer loop
      vertex 18.6279 -19.3939 -20
      vertex 18.4697 -19.6147 0
      vertex 18.4697 -19.6147 -20
    endloop
  endfacet
  facet normal 0.956879 -0.290488 0
    outer loop
      vertex 17.9117 -20.8462 0
      vertex 17.9906 -20.5863 -20
      vertex 17.9906 -20.5863 0
    endloop
  endfacet
  facet normal 0.956879 -0.290488 0
    outer loop
      vertex 17.9906 -20.5863 -20
      vertex 17.9117 -20.8462 0
      vertex 17.9117 -20.8462 -20
    endloop
  endfacet
  facet normal 0.910858 -0.412721 0
    outer loop
      vertex 18.0862 -20.3322 0
      vertex 18.1983 -20.0848 -20
      vertex 18.1983 -20.0848 0
    endloop
  endfacet
  facet normal 0.910858 -0.412721 0
    outer loop
      vertex 18.1983 -20.0848 -20
      vertex 18.0862 -20.3322 0
      vertex 18.0862 -20.3322 -20
    endloop
  endfacet
  facet normal 0.528078 0.849196 -0
    outer loop
      vertex 19.8453 -25.5143 -20
      vertex 19.6147 -25.3709 0
      vertex 19.8453 -25.5143 0
    endloop
  endfacet
  facet normal 0.528078 0.849196 0
    outer loop
      vertex 19.6147 -25.3709 0
      vertex 19.8453 -25.5143 -20
      vertex 19.6147 -25.3709 -20
    endloop
  endfacet
  facet normal 0.582422 0.812887 -0
    outer loop
      vertex 19.6147 -25.3709 -20
      vertex 19.3939 -25.2127 0
      vertex 19.6147 -25.3709 0
    endloop
  endfacet
  facet normal 0.582422 0.812887 0
    outer loop
      vertex 19.3939 -25.2127 0
      vertex 19.6147 -25.3709 -20
      vertex 19.3939 -25.2127 -20
    endloop
  endfacet
  facet normal 0.352455 0.935829 -0
    outer loop
      vertex 20.5863 -25.8501 -20
      vertex 20.3322 -25.7544 0
      vertex 20.5863 -25.8501 0
    endloop
  endfacet
  facet normal 0.352455 0.935829 0
    outer loop
      vertex 20.3322 -25.7544 0
      vertex 20.5863 -25.8501 -20
      vertex 20.3322 -25.7544 -20
    endloop
  endfacet
  facet normal 0.0979361 0.995193 -0
    outer loop
      vertex 21.6489 -26.0614 -20
      vertex 21.3786 -26.0348 0
      vertex 21.6489 -26.0614 0
    endloop
  endfacet
  facet normal 0.0979361 0.995193 0
    outer loop
      vertex 21.3786 -26.0348 0
      vertex 21.6489 -26.0614 -20
      vertex 21.3786 -26.0348 -20
    endloop
  endfacet
  facet normal 0.0327753 0.999463 -0
    outer loop
      vertex 21.9203 -26.0703 -20
      vertex 21.6489 -26.0614 0
      vertex 21.9203 -26.0703 0
    endloop
  endfacet
  facet normal 0.0327753 0.999463 0
    outer loop
      vertex 21.6489 -26.0614 0
      vertex 21.9203 -26.0703 -20
      vertex 21.6489 -26.0614 -20
    endloop
  endfacet
  facet normal -0.0979361 0.995193 0
    outer loop
      vertex 22.462 -26.0348 -20
      vertex 22.1917 -26.0614 0
      vertex 22.462 -26.0348 0
    endloop
  endfacet
  facet normal -0.0979361 0.995193 0
    outer loop
      vertex 22.1917 -26.0614 0
      vertex 22.462 -26.0348 -20
      vertex 22.1917 -26.0614 -20
    endloop
  endfacet
  facet normal -0.162786 0.986661 0
    outer loop
      vertex 22.7299 -25.9906 -20
      vertex 22.462 -26.0348 0
      vertex 22.7299 -25.9906 0
    endloop
  endfacet
  facet normal -0.162786 0.986661 0
    outer loop
      vertex 22.462 -26.0348 0
      vertex 22.7299 -25.9906 -20
      vertex 22.462 -26.0348 -20
    endloop
  endfacet
  facet normal -0.227171 0.973855 0
    outer loop
      vertex 22.9944 -25.9289 -20
      vertex 22.7299 -25.9906 0
      vertex 22.9944 -25.9289 0
    endloop
  endfacet
  facet normal -0.227171 0.973855 0
    outer loop
      vertex 22.7299 -25.9906 0
      vertex 22.9944 -25.9289 -20
      vertex 22.7299 -25.9906 -20
    endloop
  endfacet
  facet normal -0.412721 0.910858 0
    outer loop
      vertex 23.7558 -25.6423 -20
      vertex 23.5084 -25.7544 0
      vertex 23.7558 -25.6423 0
    endloop
  endfacet
  facet normal -0.412721 0.910858 0
    outer loop
      vertex 23.5084 -25.7544 0
      vertex 23.7558 -25.6423 -20
      vertex 23.5084 -25.7544 -20
    endloop
  endfacet
  facet normal 0.995193 0.0979361 0
    outer loop
      vertex 17.8058 -22.462 0
      vertex 17.7792 -22.1917 -20
      vertex 17.7792 -22.1917 0
    endloop
  endfacet
  facet normal 0.995193 0.0979361 0
    outer loop
      vertex 17.7792 -22.1917 -20
      vertex 17.8058 -22.462 0
      vertex 17.8058 -22.462 -20
    endloop
  endfacet
  facet normal 0.683525 0.729928 -0
    outer loop
      vertex 19.184 -25.0404 -20
      vertex 18.9858 -24.8548 0
      vertex 19.184 -25.0404 0
    endloop
  endfacet
  facet normal 0.683525 0.729928 0
    outer loop
      vertex 18.9858 -24.8548 0
      vertex 19.184 -25.0404 -20
      vertex 18.9858 -24.8548 -20
    endloop
  endfacet
  facet normal 0.772939 -0.63448 0
    outer loop
      vertex 18.6279 -19.3939 0
      vertex 18.8002 -19.184 -20
      vertex 18.8002 -19.184 0
    endloop
  endfacet
  facet normal 0.772939 -0.63448 0
    outer loop
      vertex 18.8002 -19.184 -20
      vertex 18.6279 -19.3939 0
      vertex 18.6279 -19.3939 -20
    endloop
  endfacet
  facet normal 0.999463 0.0327753 0
    outer loop
      vertex 17.7792 -22.1917 0
      vertex 17.7703 -21.9203 -20
      vertex 17.7703 -21.9203 0
    endloop
  endfacet
  facet normal 0.999463 0.0327753 0
    outer loop
      vertex 17.7703 -21.9203 -20
      vertex 17.7792 -22.1917 0
      vertex 17.7792 -22.1917 -20
    endloop
  endfacet
  facet normal 0.999463 -0.0327753 0
    outer loop
      vertex 17.7703 -21.9203 0
      vertex 17.7792 -21.6489 -20
      vertex 17.7792 -21.6489 0
    endloop
  endfacet
  facet normal 0.999463 -0.0327753 0
    outer loop
      vertex 17.7792 -21.6489 -20
      vertex 17.7703 -21.9203 0
      vertex 17.7703 -21.9203 -20
    endloop
  endfacet
  facet normal 0.93595 -0.352132 0
    outer loop
      vertex 17.9906 -20.5863 0
      vertex 18.0862 -20.3322 -20
      vertex 18.0862 -20.3322 0
    endloop
  endfacet
  facet normal 0.93595 -0.352132 0
    outer loop
      vertex 18.0862 -20.3322 -20
      vertex 17.9906 -20.5863 0
      vertex 17.9906 -20.5863 -20
    endloop
  endfacet
  facet normal 0.881945 -0.471353 0
    outer loop
      vertex 18.1983 -20.0848 0
      vertex 18.3263 -19.8453 -20
      vertex 18.3263 -19.8453 0
    endloop
  endfacet
  facet normal 0.881945 -0.471353 0
    outer loop
      vertex 18.3263 -19.8453 -20
      vertex 18.1983 -20.0848 0
      vertex 18.1983 -20.0848 -20
    endloop
  endfacet
  facet normal 0.849196 -0.528078 0
    outer loop
      vertex 18.3263 -19.8453 0
      vertex 18.4697 -19.6147 -20
      vertex 18.4697 -19.6147 0
    endloop
  endfacet
  facet normal 0.849196 -0.528078 0
    outer loop
      vertex 18.4697 -19.6147 -20
      vertex 18.3263 -19.8453 0
      vertex 18.3263 -19.8453 -20
    endloop
  endfacet
  facet normal 0.471353 0.881945 -0
    outer loop
      vertex 20.0848 -25.6423 -20
      vertex 19.8453 -25.5143 0
      vertex 20.0848 -25.6423 0
    endloop
  endfacet
  facet normal 0.471353 0.881945 0
    outer loop
      vertex 19.8453 -25.5143 0
      vertex 20.0848 -25.6423 -20
      vertex 19.8453 -25.5143 -20
    endloop
  endfacet
  facet normal 0.162786 0.986661 -0
    outer loop
      vertex 21.3786 -26.0348 -20
      vertex 21.1107 -25.9906 0
      vertex 21.3786 -26.0348 0
    endloop
  endfacet
  facet normal 0.162786 0.986661 0
    outer loop
      vertex 21.1107 -25.9906 0
      vertex 21.3786 -26.0348 -20
      vertex 21.1107 -25.9906 -20
    endloop
  endfacet
  facet normal -0.0327753 0.999463 0
    outer loop
      vertex 22.1917 -26.0614 -20
      vertex 21.9203 -26.0703 0
      vertex 22.1917 -26.0614 0
    endloop
  endfacet
  facet normal -0.0327753 0.999463 0
    outer loop
      vertex 21.9203 -26.0703 0
      vertex 22.1917 -26.0614 -20
      vertex 21.9203 -26.0703 -20
    endloop
  endfacet
  facet normal 0.910858 0.412721 0
    outer loop
      vertex 18.1983 -23.7558 0
      vertex 18.0862 -23.5084 -20
      vertex 18.0862 -23.5084 0
    endloop
  endfacet
  facet normal 0.910858 0.412721 0
    outer loop
      vertex 18.0862 -23.5084 -20
      vertex 18.1983 -23.7558 0
      vertex 18.1983 -23.7558 -20
    endloop
  endfacet
  facet normal 0.881945 0.471353 0
    outer loop
      vertex 18.3263 -23.9953 0
      vertex 18.1983 -23.7558 -20
      vertex 18.1983 -23.7558 0
    endloop
  endfacet
  facet normal 0.881945 0.471353 0
    outer loop
      vertex 18.1983 -23.7558 -20
      vertex 18.3263 -23.9953 0
      vertex 18.3263 -23.9953 -20
    endloop
  endfacet
  facet normal 0.849196 0.528078 0
    outer loop
      vertex 18.4697 -24.2259 0
      vertex 18.3263 -23.9953 -20
      vertex 18.3263 -23.9953 0
    endloop
  endfacet
  facet normal 0.849196 0.528078 0
    outer loop
      vertex 18.3263 -23.9953 -20
      vertex 18.4697 -24.2259 0
      vertex 18.4697 -24.2259 -20
    endloop
  endfacet
  facet normal 0.973936 0.226822 0
    outer loop
      vertex 17.9117 -22.9944 0
      vertex 17.8501 -22.7299 -20
      vertex 17.8501 -22.7299 0
    endloop
  endfacet
  facet normal 0.973936 0.226822 0
    outer loop
      vertex 17.8501 -22.7299 -20
      vertex 17.9117 -22.9944 0
      vertex 17.9117 -22.9944 -20
    endloop
  endfacet
  facet normal 0.986602 0.163145 0
    outer loop
      vertex 17.8501 -22.7299 0
      vertex 17.8058 -22.462 -20
      vertex 17.8058 -22.462 0
    endloop
  endfacet
  facet normal 0.986602 0.163145 0
    outer loop
      vertex 17.8058 -22.462 -20
      vertex 17.8501 -22.7299 0
      vertex 17.8501 -22.7299 -20
    endloop
  endfacet
  facet normal 0.995193 -0.0979361 0
    outer loop
      vertex 17.7792 -21.6489 0
      vertex 17.8058 -21.3786 -20
      vertex 17.8058 -21.3786 0
    endloop
  endfacet
  facet normal 0.995193 -0.0979361 0
    outer loop
      vertex 17.8058 -21.3786 -20
      vertex 17.7792 -21.6489 0
      vertex 17.7792 -21.6489 -20
    endloop
  endfacet
  facet normal 0.986602 -0.163145 0
    outer loop
      vertex 17.8058 -21.3786 0
      vertex 17.8501 -21.1107 -20
      vertex 17.8501 -21.1107 0
    endloop
  endfacet
  facet normal 0.986602 -0.163145 0
    outer loop
      vertex 17.8501 -21.1107 -20
      vertex 17.8058 -21.3786 0
      vertex 17.8058 -21.3786 -20
    endloop
  endfacet
  facet normal 0.93595 0.352132 0
    outer loop
      vertex 18.0862 -23.5084 0
      vertex 17.9906 -23.2543 -20
      vertex 17.9906 -23.2543 0
    endloop
  endfacet
  facet normal 0.93595 0.352132 0
    outer loop
      vertex 17.9906 -23.2543 -20
      vertex 18.0862 -23.5084 0
      vertex 18.0862 -23.5084 -20
    endloop
  endfacet
  facet normal 0.956879 0.290488 0
    outer loop
      vertex 17.9906 -23.2543 0
      vertex 17.9117 -22.9944 -20
      vertex 17.9117 -22.9944 0
    endloop
  endfacet
  facet normal 0.956879 0.290488 0
    outer loop
      vertex 17.9117 -22.9944 -20
      vertex 17.9906 -23.2543 0
      vertex 17.9906 -23.2543 -20
    endloop
  endfacet
  facet normal 0.812887 0.582422 0
    outer loop
      vertex 18.6279 -24.4467 0
      vertex 18.4697 -24.2259 -20
      vertex 18.4697 -24.2259 0
    endloop
  endfacet
  facet normal 0.812887 0.582422 0
    outer loop
      vertex 18.4697 -24.2259 -20
      vertex 18.6279 -24.4467 0
      vertex 18.6279 -24.4467 -20
    endloop
  endfacet
  facet normal 0.956981 -0.29015 0
    outer loop
      vertex -25.9289 22.9944 0
      vertex -25.8501 23.2543 -20
      vertex -25.8501 23.2543 0
    endloop
  endfacet
  facet normal 0.956981 -0.29015 0
    outer loop
      vertex -25.8501 23.2543 -20
      vertex -25.9289 22.9944 0
      vertex -25.9289 22.9944 -20
    endloop
  endfacet
  facet normal 0.973855 -0.227171 0
    outer loop
      vertex -25.9906 22.7299 0
      vertex -25.9289 22.9944 -20
      vertex -25.9289 22.9944 0
    endloop
  endfacet
  facet normal 0.973855 -0.227171 0
    outer loop
      vertex -25.9289 22.9944 -20
      vertex -25.9906 22.7299 0
      vertex -25.9906 22.7299 -20
    endloop
  endfacet
  facet normal 0.729928 0.683525 0
    outer loop
      vertex -24.8548 18.9858 0
      vertex -25.0404 19.184 -20
      vertex -25.0404 19.184 0
    endloop
  endfacet
  facet normal 0.729928 0.683525 0
    outer loop
      vertex -25.0404 19.184 -20
      vertex -24.8548 18.9858 0
      vertex -24.8548 18.9858 -20
    endloop
  endfacet
  facet normal 0.935829 0.352455 0
    outer loop
      vertex -25.7544 20.3322 0
      vertex -25.8501 20.5863 -20
      vertex -25.8501 20.5863 0
    endloop
  endfacet
  facet normal 0.935829 0.352455 0
    outer loop
      vertex -25.8501 20.5863 -20
      vertex -25.7544 20.3322 0
      vertex -25.7544 20.3322 -20
    endloop
  endfacet
  facet normal -0.63448 0.772939 0
    outer loop
      vertex -19.184 18.8002 -20
      vertex -19.3939 18.6279 0
      vertex -19.184 18.8002 0
    endloop
  endfacet
  facet normal -0.63448 0.772939 0
    outer loop
      vertex -19.3939 18.6279 0
      vertex -19.184 18.8002 -20
      vertex -19.3939 18.6279 -20
    endloop
  endfacet
  facet normal -0.352132 0.93595 0
    outer loop
      vertex -20.3322 18.0862 -20
      vertex -20.5863 17.9906 0
      vertex -20.3322 18.0862 0
    endloop
  endfacet
  facet normal -0.352132 0.93595 0
    outer loop
      vertex -20.5863 17.9906 0
      vertex -20.3322 18.0862 -20
      vertex -20.5863 17.9906 -20
    endloop
  endfacet
  facet normal 0.352132 0.93595 -0
    outer loop
      vertex -23.2543 17.9906 -20
      vertex -23.5084 18.0862 0
      vertex -23.2543 17.9906 0
    endloop
  endfacet
  facet normal 0.352132 0.93595 0
    outer loop
      vertex -23.5084 18.0862 0
      vertex -23.2543 17.9906 -20
      vertex -23.5084 18.0862 -20
    endloop
  endfacet
  facet normal 0.0979361 0.995193 -0
    outer loop
      vertex -22.1917 17.7792 -20
      vertex -22.462 17.8058 0
      vertex -22.1917 17.7792 0
    endloop
  endfacet
  facet normal 0.0979361 0.995193 0
    outer loop
      vertex -22.462 17.8058 0
      vertex -22.1917 17.7792 -20
      vertex -22.462 17.8058 -20
    endloop
  endfacet
  facet normal 0.812887 -0.582422 0
    outer loop
      vertex -25.3709 24.2259 0
      vertex -25.2127 24.4467 -20
      vertex -25.2127 24.4467 0
    endloop
  endfacet
  facet normal 0.812887 -0.582422 0
    outer loop
      vertex -25.2127 24.4467 -20
      vertex -25.3709 24.2259 0
      vertex -25.3709 24.2259 -20
    endloop
  endfacet
  facet normal 0.849196 -0.528078 0
    outer loop
      vertex -25.5143 23.9953 0
      vertex -25.3709 24.2259 -20
      vertex -25.3709 24.2259 0
    endloop
  endfacet
  facet normal 0.849196 -0.528078 0
    outer loop
      vertex -25.3709 24.2259 -20
      vertex -25.5143 23.9953 0
      vertex -25.5143 23.9953 -20
    endloop
  endfacet
  facet normal 0.986661 -0.162786 0
    outer loop
      vertex -26.0348 22.462 0
      vertex -25.9906 22.7299 -20
      vertex -25.9906 22.7299 0
    endloop
  endfacet
  facet normal 0.986661 -0.162786 0
    outer loop
      vertex -25.9906 22.7299 -20
      vertex -26.0348 22.462 0
      vertex -26.0348 22.462 -20
    endloop
  endfacet
  facet normal 0.999463 -0.0327753 0
    outer loop
      vertex -26.0703 21.9203 0
      vertex -26.0614 22.1917 -20
      vertex -26.0614 22.1917 0
    endloop
  endfacet
  facet normal 0.999463 -0.0327753 0
    outer loop
      vertex -26.0614 22.1917 -20
      vertex -26.0703 21.9203 0
      vertex -26.0703 21.9203 -20
    endloop
  endfacet
  facet normal 0.812887 0.582422 0
    outer loop
      vertex -25.2127 19.3939 0
      vertex -25.3709 19.6147 -20
      vertex -25.3709 19.6147 0
    endloop
  endfacet
  facet normal 0.812887 0.582422 0
    outer loop
      vertex -25.3709 19.6147 -20
      vertex -25.2127 19.3939 0
      vertex -25.2127 19.3939 -20
    endloop
  endfacet
  facet normal 0.772939 0.63448 0
    outer loop
      vertex -25.0404 19.184 0
      vertex -25.2127 19.3939 -20
      vertex -25.2127 19.3939 0
    endloop
  endfacet
  facet normal 0.772939 0.63448 0
    outer loop
      vertex -25.2127 19.3939 -20
      vertex -25.0404 19.184 0
      vertex -25.0404 19.184 -20
    endloop
  endfacet
  facet normal 0.956981 0.29015 0
    outer loop
      vertex -25.8501 20.5863 0
      vertex -25.9289 20.8462 -20
      vertex -25.9289 20.8462 0
    endloop
  endfacet
  facet normal 0.956981 0.29015 0
    outer loop
      vertex -25.9289 20.8462 -20
      vertex -25.8501 20.5863 0
      vertex -25.8501 20.5863 -20
    endloop
  endfacet
  facet normal 0.973855 0.227171 0
    outer loop
      vertex -25.9289 20.8462 0
      vertex -25.9906 21.1107 -20
      vertex -25.9906 21.1107 0
    endloop
  endfacet
  facet normal 0.973855 0.227171 0
    outer loop
      vertex -25.9906 21.1107 -20
      vertex -25.9289 20.8462 0
      vertex -25.9289 20.8462 -20
    endloop
  endfacet
  facet normal -0.412721 0.910858 0
    outer loop
      vertex -20.0848 18.1983 -20
      vertex -20.3322 18.0862 0
      vertex -20.0848 18.1983 0
    endloop
  endfacet
  facet normal -0.412721 0.910858 0
    outer loop
      vertex -20.3322 18.0862 0
      vertex -20.0848 18.1983 -20
      vertex -20.3322 18.0862 -20
    endloop
  endfacet
  facet normal -0.582422 0.812887 0
    outer loop
      vertex -19.3939 18.6279 -20
      vertex -19.6147 18.4697 0
      vertex -19.3939 18.6279 0
    endloop
  endfacet
  facet normal -0.582422 0.812887 0
    outer loop
      vertex -19.6147 18.4697 0
      vertex -19.3939 18.6279 -20
      vertex -19.6147 18.4697 -20
    endloop
  endfacet
  facet normal -0.290488 0.956879 0
    outer loop
      vertex -20.5863 17.9906 -20
      vertex -20.8462 17.9117 0
      vertex -20.5863 17.9906 0
    endloop
  endfacet
  facet normal -0.290488 0.956879 0
    outer loop
      vertex -20.8462 17.9117 0
      vertex -20.5863 17.9906 -20
      vertex -20.8462 17.9117 -20
    endloop
  endfacet
  facet normal 0.63448 0.772939 -0
    outer loop
      vertex -24.4467 18.6279 -20
      vertex -24.6566 18.8002 0
      vertex -24.4467 18.6279 0
    endloop
  endfacet
  facet normal 0.63448 0.772939 0
    outer loop
      vertex -24.6566 18.8002 0
      vertex -24.4467 18.6279 -20
      vertex -24.6566 18.8002 -20
    endloop
  endfacet
  facet normal 0.582422 0.812887 -0
    outer loop
      vertex -24.2259 18.4697 -20
      vertex -24.4467 18.6279 0
      vertex -24.2259 18.4697 0
    endloop
  endfacet
  facet normal 0.582422 0.812887 0
    outer loop
      vertex -24.4467 18.6279 0
      vertex -24.2259 18.4697 -20
      vertex -24.4467 18.6279 -20
    endloop
  endfacet
  facet normal 0.290488 0.956879 -0
    outer loop
      vertex -22.9944 17.9117 -20
      vertex -23.2543 17.9906 0
      vertex -22.9944 17.9117 0
    endloop
  endfacet
  facet normal 0.290488 0.956879 0
    outer loop
      vertex -23.2543 17.9906 0
      vertex -22.9944 17.9117 -20
      vertex -23.2543 17.9906 -20
    endloop
  endfacet
  facet normal 0.226822 0.973936 -0
    outer loop
      vertex -22.7299 17.8501 -20
      vertex -22.9944 17.9117 0
      vertex -22.7299 17.8501 0
    endloop
  endfacet
  facet normal 0.226822 0.973936 0
    outer loop
      vertex -22.9944 17.9117 0
      vertex -22.7299 17.8501 -20
      vertex -22.9944 17.9117 -20
    endloop
  endfacet
  facet normal -0.0327753 0.999463 0
    outer loop
      vertex -21.6489 17.7792 -20
      vertex -21.9203 17.7703 0
      vertex -21.6489 17.7792 0
    endloop
  endfacet
  facet normal -0.0327753 0.999463 0
    outer loop
      vertex -21.9203 17.7703 0
      vertex -21.6489 17.7792 -20
      vertex -21.9203 17.7703 -20
    endloop
  endfacet
  facet normal 0.528078 -0.849196 0
    outer loop
      vertex -24.2259 25.3709 -20
      vertex -23.9953 25.5143 0
      vertex -24.2259 25.3709 0
    endloop
  endfacet
  facet normal 0.528078 -0.849196 0
    outer loop
      vertex -23.9953 25.5143 0
      vertex -24.2259 25.3709 -20
      vertex -23.9953 25.5143 -20
    endloop
  endfacet
  facet normal 0.0979361 -0.995193 0
    outer loop
      vertex -22.462 26.0348 -20
      vertex -22.1917 26.0614 0
      vertex -22.462 26.0348 0
    endloop
  endfacet
  facet normal 0.0979361 -0.995193 0
    outer loop
      vertex -22.1917 26.0614 0
      vertex -22.462 26.0348 -20
      vertex -22.1917 26.0614 -20
    endloop
  endfacet
  facet normal -0.63448 -0.772939 0
    outer loop
      vertex -19.3939 25.2127 -20
      vertex -19.184 25.0404 0
      vertex -19.3939 25.2127 0
    endloop
  endfacet
  facet normal -0.63448 -0.772939 -0
    outer loop
      vertex -19.184 25.0404 0
      vertex -19.3939 25.2127 -20
      vertex -19.184 25.0404 -20
    endloop
  endfacet
  facet normal -0.412721 -0.910858 0
    outer loop
      vertex -20.3322 25.7544 -20
      vertex -20.0848 25.6423 0
      vertex -20.3322 25.7544 0
    endloop
  endfacet
  facet normal -0.412721 -0.910858 -0
    outer loop
      vertex -20.0848 25.6423 0
      vertex -20.3322 25.7544 -20
      vertex -20.0848 25.6423 -20
    endloop
  endfacet
  facet normal 0.772939 -0.63448 0
    outer loop
      vertex -25.2127 24.4467 0
      vertex -25.0404 24.6566 -20
      vertex -25.0404 24.6566 0
    endloop
  endfacet
  facet normal 0.772939 -0.63448 0
    outer loop
      vertex -25.0404 24.6566 -20
      vertex -25.2127 24.4467 0
      vertex -25.2127 24.4467 -20
    endloop
  endfacet
  facet normal 0.881945 -0.471353 0
    outer loop
      vertex -25.6423 23.7558 0
      vertex -25.5143 23.9953 -20
      vertex -25.5143 23.9953 0
    endloop
  endfacet
  facet normal 0.881945 -0.471353 0
    outer loop
      vertex -25.5143 23.9953 -20
      vertex -25.6423 23.7558 0
      vertex -25.6423 23.7558 -20
    endloop
  endfacet
  facet normal 0.999463 0.0327753 0
    outer loop
      vertex -26.0614 21.6489 0
      vertex -26.0703 21.9203 -20
      vertex -26.0703 21.9203 0
    endloop
  endfacet
  facet normal 0.999463 0.0327753 0
    outer loop
      vertex -26.0703 21.9203 -20
      vertex -26.0614 21.6489 0
      vertex -26.0614 21.6489 -20
    endloop
  endfacet
  facet normal 0.995193 -0.0979361 0
    outer loop
      vertex -26.0614 22.1917 0
      vertex -26.0348 22.462 -20
      vertex -26.0348 22.462 0
    endloop
  endfacet
  facet normal 0.995193 -0.0979361 0
    outer loop
      vertex -26.0348 22.462 -20
      vertex -26.0614 22.1917 0
      vertex -26.0614 22.1917 -20
    endloop
  endfacet
  facet normal 0.683525 0.729928 -0
    outer loop
      vertex -24.6566 18.8002 -20
      vertex -24.8548 18.9858 0
      vertex -24.6566 18.8002 0
    endloop
  endfacet
  facet normal 0.683525 0.729928 0
    outer loop
      vertex -24.8548 18.9858 0
      vertex -24.6566 18.8002 -20
      vertex -24.8548 18.9858 -20
    endloop
  endfacet
  facet normal 0.881945 0.471353 0
    outer loop
      vertex -25.5143 19.8453 0
      vertex -25.6423 20.0848 -20
      vertex -25.6423 20.0848 0
    endloop
  endfacet
  facet normal 0.881945 0.471353 0
    outer loop
      vertex -25.6423 20.0848 -20
      vertex -25.5143 19.8453 0
      vertex -25.5143 19.8453 -20
    endloop
  endfacet
  facet normal 0.849196 0.528078 0
    outer loop
      vertex -25.3709 19.6147 0
      vertex -25.5143 19.8453 -20
      vertex -25.5143 19.8453 0
    endloop
  endfacet
  facet normal 0.849196 0.528078 0
    outer loop
      vertex -25.5143 19.8453 -20
      vertex -25.3709 19.6147 0
      vertex -25.3709 19.6147 -20
    endloop
  endfacet
  facet normal 0.910858 0.412721 0
    outer loop
      vertex -25.6423 20.0848 0
      vertex -25.7544 20.3322 -20
      vertex -25.7544 20.3322 0
    endloop
  endfacet
  facet normal 0.910858 0.412721 0
    outer loop
      vertex -25.7544 20.3322 -20
      vertex -25.6423 20.0848 0
      vertex -25.6423 20.0848 -20
    endloop
  endfacet
  facet normal 0.995193 0.0979361 0
    outer loop
      vertex -26.0348 21.3786 0
      vertex -26.0614 21.6489 -20
      vertex -26.0614 21.6489 0
    endloop
  endfacet
  facet normal 0.995193 0.0979361 0
    outer loop
      vertex -26.0614 21.6489 -20
      vertex -26.0348 21.3786 0
      vertex -26.0348 21.3786 -20
    endloop
  endfacet
  facet normal -0.683525 0.729928 0
    outer loop
      vertex -18.9858 18.9858 -20
      vertex -19.184 18.8002 0
      vertex -18.9858 18.9858 0
    endloop
  endfacet
  facet normal -0.683525 0.729928 0
    outer loop
      vertex -19.184 18.8002 0
      vertex -18.9858 18.9858 -20
      vertex -19.184 18.8002 -20
    endloop
  endfacet
  facet normal -0.528078 0.849196 0
    outer loop
      vertex -19.6147 18.4697 -20
      vertex -19.8453 18.3263 0
      vertex -19.6147 18.4697 0
    endloop
  endfacet
  facet normal -0.528078 0.849196 0
    outer loop
      vertex -19.8453 18.3263 0
      vertex -19.6147 18.4697 -20
      vertex -19.8453 18.3263 -20
    endloop
  endfacet
  facet normal -0.471353 0.881945 0
    outer loop
      vertex -19.8453 18.3263 -20
      vertex -20.0848 18.1983 0
      vertex -19.8453 18.3263 0
    endloop
  endfacet
  facet normal -0.471353 0.881945 0
    outer loop
      vertex -20.0848 18.1983 0
      vertex -19.8453 18.3263 -20
      vertex -20.0848 18.1983 -20
    endloop
  endfacet
  facet normal -0.0979361 0.995193 0
    outer loop
      vertex -21.3786 17.8058 -20
      vertex -21.6489 17.7792 0
      vertex -21.3786 17.8058 0
    endloop
  endfacet
  facet normal -0.0979361 0.995193 0
    outer loop
      vertex -21.6489 17.7792 0
      vertex -21.3786 17.8058 -20
      vertex -21.6489 17.7792 -20
    endloop
  endfacet
  facet normal -0.226822 0.973936 0
    outer loop
      vertex -20.8462 17.9117 -20
      vertex -21.1107 17.8501 0
      vertex -20.8462 17.9117 0
    endloop
  endfacet
  facet normal -0.226822 0.973936 0
    outer loop
      vertex -21.1107 17.8501 0
      vertex -20.8462 17.9117 -20
      vertex -21.1107 17.8501 -20
    endloop
  endfacet
  facet normal 0.471353 0.881945 -0
    outer loop
      vertex -23.7558 18.1983 -20
      vertex -23.9953 18.3263 0
      vertex -23.7558 18.1983 0
    endloop
  endfacet
  facet normal 0.471353 0.881945 0
    outer loop
      vertex -23.9953 18.3263 0
      vertex -23.7558 18.1983 -20
      vertex -23.9953 18.3263 -20
    endloop
  endfacet
  facet normal 0.0327753 0.999463 -0
    outer loop
      vertex -21.9203 17.7703 -20
      vertex -22.1917 17.7792 0
      vertex -21.9203 17.7703 0
    endloop
  endfacet
  facet normal 0.0327753 0.999463 0
    outer loop
      vertex -22.1917 17.7792 0
      vertex -21.9203 17.7703 -20
      vertex -22.1917 17.7792 -20
    endloop
  endfacet
  facet normal 0.729928 -0.683525 0
    outer loop
      vertex -25.0404 24.6566 0
      vertex -24.8548 24.8548 -20
      vertex -24.8548 24.8548 0
    endloop
  endfacet
  facet normal 0.729928 -0.683525 0
    outer loop
      vertex -24.8548 24.8548 -20
      vertex -25.0404 24.6566 0
      vertex -25.0404 24.6566 -20
    endloop
  endfacet
  facet normal 0.683525 -0.729928 0
    outer loop
      vertex -24.8548 24.8548 -20
      vertex -24.6566 25.0404 0
      vertex -24.8548 24.8548 0
    endloop
  endfacet
  facet normal 0.683525 -0.729928 0
    outer loop
      vertex -24.6566 25.0404 0
      vertex -24.8548 24.8548 -20
      vertex -24.6566 25.0404 -20
    endloop
  endfacet
  facet normal 0.63448 -0.772939 0
    outer loop
      vertex -24.6566 25.0404 -20
      vertex -24.4467 25.2127 0
      vertex -24.6566 25.0404 0
    endloop
  endfacet
  facet normal 0.63448 -0.772939 0
    outer loop
      vertex -24.4467 25.2127 0
      vertex -24.6566 25.0404 -20
      vertex -24.4467 25.2127 -20
    endloop
  endfacet
  facet normal 0.29015 -0.956981 0
    outer loop
      vertex -23.2543 25.8501 -20
      vertex -22.9944 25.9289 0
      vertex -23.2543 25.8501 0
    endloop
  endfacet
  facet normal 0.29015 -0.956981 0
    outer loop
      vertex -22.9944 25.9289 0
      vertex -23.2543 25.8501 -20
      vertex -22.9944 25.9289 -20
    endloop
  endfacet
  facet normal 0.582422 -0.812887 0
    outer loop
      vertex -24.4467 25.2127 -20
      vertex -24.2259 25.3709 0
      vertex -24.4467 25.2127 0
    endloop
  endfacet
  facet normal 0.582422 -0.812887 0
    outer loop
      vertex -24.2259 25.3709 0
      vertex -24.4467 25.2127 -20
      vertex -24.2259 25.3709 -20
    endloop
  endfacet
  facet normal -0.29015 -0.956981 0
    outer loop
      vertex -20.8462 25.9289 -20
      vertex -20.5863 25.8501 0
      vertex -20.8462 25.9289 0
    endloop
  endfacet
  facet normal -0.29015 -0.956981 -0
    outer loop
      vertex -20.5863 25.8501 0
      vertex -20.8462 25.9289 -20
      vertex -20.5863 25.8501 -20
    endloop
  endfacet
  facet normal -0.812887 -0.582422 0
    outer loop
      vertex -18.4697 24.2259 -20
      vertex -18.6279 24.4467 0
      vertex -18.6279 24.4467 -20
    endloop
  endfacet
  facet normal -0.812887 -0.582422 0
    outer loop
      vertex -18.6279 24.4467 0
      vertex -18.4697 24.2259 -20
      vertex -18.4697 24.2259 0
    endloop
  endfacet
  facet normal -0.352455 -0.935829 0
    outer loop
      vertex -20.5863 25.8501 -20
      vertex -20.3322 25.7544 0
      vertex -20.5863 25.8501 0
    endloop
  endfacet
  facet normal -0.352455 -0.935829 -0
    outer loop
      vertex -20.3322 25.7544 0
      vertex -20.5863 25.8501 -20
      vertex -20.3322 25.7544 -20
    endloop
  endfacet
  facet normal 0.935829 -0.352455 0
    outer loop
      vertex -25.8501 23.2543 0
      vertex -25.7544 23.5084 -20
      vertex -25.7544 23.5084 0
    endloop
  endfacet
  facet normal 0.935829 -0.352455 0
    outer loop
      vertex -25.7544 23.5084 -20
      vertex -25.8501 23.2543 0
      vertex -25.8501 23.2543 -20
    endloop
  endfacet
  facet normal 0.910858 -0.412721 0
    outer loop
      vertex -25.7544 23.5084 0
      vertex -25.6423 23.7558 -20
      vertex -25.6423 23.7558 0
    endloop
  endfacet
  facet normal 0.910858 -0.412721 0
    outer loop
      vertex -25.6423 23.7558 -20
      vertex -25.7544 23.5084 0
      vertex -25.7544 23.5084 -20
    endloop
  endfacet
  facet normal 0.986661 0.162786 0
    outer loop
      vertex -25.9906 21.1107 0
      vertex -26.0348 21.3786 -20
      vertex -26.0348 21.3786 0
    endloop
  endfacet
  facet normal 0.986661 0.162786 0
    outer loop
      vertex -26.0348 21.3786 -20
      vertex -25.9906 21.1107 0
      vertex -25.9906 21.1107 -20
    endloop
  endfacet
  facet normal -0.163145 0.986602 0
    outer loop
      vertex -21.1107 17.8501 -20
      vertex -21.3786 17.8058 0
      vertex -21.1107 17.8501 0
    endloop
  endfacet
  facet normal -0.163145 0.986602 0
    outer loop
      vertex -21.3786 17.8058 0
      vertex -21.1107 17.8501 -20
      vertex -21.3786 17.8058 -20
    endloop
  endfacet
  facet normal 0.412721 0.910858 -0
    outer loop
      vertex -23.5084 18.0862 -20
      vertex -23.7558 18.1983 0
      vertex -23.5084 18.0862 0
    endloop
  endfacet
  facet normal 0.412721 0.910858 0
    outer loop
      vertex -23.7558 18.1983 0
      vertex -23.5084 18.0862 -20
      vertex -23.7558 18.1983 -20
    endloop
  endfacet
  facet normal 0.528078 0.849196 -0
    outer loop
      vertex -23.9953 18.3263 -20
      vertex -24.2259 18.4697 0
      vertex -23.9953 18.3263 0
    endloop
  endfacet
  facet normal 0.528078 0.849196 0
    outer loop
      vertex -24.2259 18.4697 0
      vertex -23.9953 18.3263 -20
      vertex -24.2259 18.4697 -20
    endloop
  endfacet
  facet normal 0.163145 0.986602 -0
    outer loop
      vertex -22.462 17.8058 -20
      vertex -22.7299 17.8501 0
      vertex -22.462 17.8058 0
    endloop
  endfacet
  facet normal 0.163145 0.986602 0
    outer loop
      vertex -22.7299 17.8501 0
      vertex -22.462 17.8058 -20
      vertex -22.7299 17.8501 -20
    endloop
  endfacet
  facet normal -0.162786 -0.986661 0
    outer loop
      vertex -21.3786 26.0348 -20
      vertex -21.1107 25.9906 0
      vertex -21.3786 26.0348 0
    endloop
  endfacet
  facet normal -0.162786 -0.986661 -0
    outer loop
      vertex -21.1107 25.9906 0
      vertex -21.3786 26.0348 -20
      vertex -21.1107 25.9906 -20
    endloop
  endfacet
  facet normal -0.0327753 -0.999463 0
    outer loop
      vertex -21.9203 26.0703 -20
      vertex -21.6489 26.0614 0
      vertex -21.9203 26.0703 0
    endloop
  endfacet
  facet normal -0.0327753 -0.999463 -0
    outer loop
      vertex -21.6489 26.0614 0
      vertex -21.9203 26.0703 -20
      vertex -21.6489 26.0614 -20
    endloop
  endfacet
  facet normal 0.227171 -0.973855 0
    outer loop
      vertex -22.9944 25.9289 -20
      vertex -22.7299 25.9906 0
      vertex -22.9944 25.9289 0
    endloop
  endfacet
  facet normal 0.227171 -0.973855 0
    outer loop
      vertex -22.7299 25.9906 0
      vertex -22.9944 25.9289 -20
      vertex -22.7299 25.9906 -20
    endloop
  endfacet
  facet normal 0.352455 -0.935829 0
    outer loop
      vertex -23.5084 25.7544 -20
      vertex -23.2543 25.8501 0
      vertex -23.5084 25.7544 0
    endloop
  endfacet
  facet normal 0.352455 -0.935829 0
    outer loop
      vertex -23.2543 25.8501 0
      vertex -23.5084 25.7544 -20
      vertex -23.2543 25.8501 -20
    endloop
  endfacet
  facet normal 0.412721 -0.910858 0
    outer loop
      vertex -23.7558 25.6423 -20
      vertex -23.5084 25.7544 0
      vertex -23.7558 25.6423 0
    endloop
  endfacet
  facet normal 0.412721 -0.910858 0
    outer loop
      vertex -23.5084 25.7544 0
      vertex -23.7558 25.6423 -20
      vertex -23.5084 25.7544 -20
    endloop
  endfacet
  facet normal -0.772939 -0.63448 0
    outer loop
      vertex -18.6279 24.4467 -20
      vertex -18.8002 24.6566 0
      vertex -18.8002 24.6566 -20
    endloop
  endfacet
  facet normal -0.772939 -0.63448 0
    outer loop
      vertex -18.8002 24.6566 0
      vertex -18.6279 24.4467 -20
      vertex -18.6279 24.4467 0
    endloop
  endfacet
  facet normal -0.995193 -0.0979361 0
    outer loop
      vertex -17.7792 22.1917 -20
      vertex -17.8058 22.462 0
      vertex -17.8058 22.462 -20
    endloop
  endfacet
  facet normal -0.995193 -0.0979361 0
    outer loop
      vertex -17.8058 22.462 0
      vertex -17.7792 22.1917 -20
      vertex -17.7792 22.1917 0
    endloop
  endfacet
  facet normal -0.729928 0.683525 0
    outer loop
      vertex -18.9858 18.9858 -20
      vertex -18.8002 19.184 0
      vertex -18.8002 19.184 -20
    endloop
  endfacet
  facet normal -0.729928 0.683525 0
    outer loop
      vertex -18.8002 19.184 0
      vertex -18.9858 18.9858 -20
      vertex -18.9858 18.9858 0
    endloop
  endfacet
  facet normal -0.812887 0.582422 0
    outer loop
      vertex -18.6279 19.3939 -20
      vertex -18.4697 19.6147 0
      vertex -18.4697 19.6147 -20
    endloop
  endfacet
  facet normal -0.812887 0.582422 0
    outer loop
      vertex -18.4697 19.6147 0
      vertex -18.6279 19.3939 -20
      vertex -18.6279 19.3939 0
    endloop
  endfacet
  facet normal -0.999463 0.0327753 0
    outer loop
      vertex -17.7792 21.6489 -20
      vertex -17.7703 21.9203 0
      vertex -17.7703 21.9203 -20
    endloop
  endfacet
  facet normal -0.999463 0.0327753 0
    outer loop
      vertex -17.7703 21.9203 0
      vertex -17.7792 21.6489 -20
      vertex -17.7792 21.6489 0
    endloop
  endfacet
  facet normal -0.956879 0.290488 0
    outer loop
      vertex -17.9906 20.5863 -20
      vertex -17.9117 20.8462 0
      vertex -17.9117 20.8462 -20
    endloop
  endfacet
  facet normal -0.956879 0.290488 0
    outer loop
      vertex -17.9117 20.8462 0
      vertex -17.9906 20.5863 -20
      vertex -17.9906 20.5863 0
    endloop
  endfacet
  facet normal -0.910858 0.412721 0
    outer loop
      vertex -18.1983 20.0848 -20
      vertex -18.0862 20.3322 0
      vertex -18.0862 20.3322 -20
    endloop
  endfacet
  facet normal -0.910858 0.412721 0
    outer loop
      vertex -18.0862 20.3322 0
      vertex -18.1983 20.0848 -20
      vertex -18.1983 20.0848 0
    endloop
  endfacet
  facet normal 0.471353 -0.881945 0
    outer loop
      vertex -23.9953 25.5143 -20
      vertex -23.7558 25.6423 0
      vertex -23.9953 25.5143 0
    endloop
  endfacet
  facet normal 0.471353 -0.881945 0
    outer loop
      vertex -23.7558 25.6423 0
      vertex -23.9953 25.5143 -20
      vertex -23.7558 25.6423 -20
    endloop
  endfacet
  facet normal -0.227171 -0.973855 0
    outer loop
      vertex -21.1107 25.9906 -20
      vertex -20.8462 25.9289 0
      vertex -21.1107 25.9906 0
    endloop
  endfacet
  facet normal -0.227171 -0.973855 -0
    outer loop
      vertex -20.8462 25.9289 0
      vertex -21.1107 25.9906 -20
      vertex -20.8462 25.9289 -20
    endloop
  endfacet
  facet normal -0.0979361 -0.995193 0
    outer loop
      vertex -21.6489 26.0614 -20
      vertex -21.3786 26.0348 0
      vertex -21.6489 26.0614 0
    endloop
  endfacet
  facet normal -0.0979361 -0.995193 -0
    outer loop
      vertex -21.3786 26.0348 0
      vertex -21.6489 26.0614 -20
      vertex -21.3786 26.0348 -20
    endloop
  endfacet
  facet normal 0.0327753 -0.999463 0
    outer loop
      vertex -22.1917 26.0614 -20
      vertex -21.9203 26.0703 0
      vertex -22.1917 26.0614 0
    endloop
  endfacet
  facet normal 0.0327753 -0.999463 0
    outer loop
      vertex -21.9203 26.0703 0
      vertex -22.1917 26.0614 -20
      vertex -21.9203 26.0703 -20
    endloop
  endfacet
  facet normal 0.162786 -0.986661 0
    outer loop
      vertex -22.7299 25.9906 -20
      vertex -22.462 26.0348 0
      vertex -22.7299 25.9906 0
    endloop
  endfacet
  facet normal 0.162786 -0.986661 0
    outer loop
      vertex -22.462 26.0348 0
      vertex -22.7299 25.9906 -20
      vertex -22.462 26.0348 -20
    endloop
  endfacet
  facet normal -0.881945 -0.471353 0
    outer loop
      vertex -18.1983 23.7558 -20
      vertex -18.3263 23.9953 0
      vertex -18.3263 23.9953 -20
    endloop
  endfacet
  facet normal -0.881945 -0.471353 0
    outer loop
      vertex -18.3263 23.9953 0
      vertex -18.1983 23.7558 -20
      vertex -18.1983 23.7558 0
    endloop
  endfacet
  facet normal -0.973936 -0.226822 0
    outer loop
      vertex -17.8501 22.7299 -20
      vertex -17.9117 22.9944 0
      vertex -17.9117 22.9944 -20
    endloop
  endfacet
  facet normal -0.973936 -0.226822 0
    outer loop
      vertex -17.9117 22.9944 0
      vertex -17.8501 22.7299 -20
      vertex -17.8501 22.7299 0
    endloop
  endfacet
  facet normal -0.683525 -0.729928 0
    outer loop
      vertex -19.184 25.0404 -20
      vertex -18.9858 24.8548 0
      vertex -19.184 25.0404 0
    endloop
  endfacet
  facet normal -0.683525 -0.729928 -0
    outer loop
      vertex -18.9858 24.8548 0
      vertex -19.184 25.0404 -20
      vertex -18.9858 24.8548 -20
    endloop
  endfacet
  facet normal -0.729928 -0.683525 0
    outer loop
      vertex -18.8002 24.6566 -20
      vertex -18.9858 24.8548 0
      vertex -18.9858 24.8548 -20
    endloop
  endfacet
  facet normal -0.729928 -0.683525 0
    outer loop
      vertex -18.9858 24.8548 0
      vertex -18.8002 24.6566 -20
      vertex -18.8002 24.6566 0
    endloop
  endfacet
  facet normal -0.772939 0.63448 0
    outer loop
      vertex -18.8002 19.184 -20
      vertex -18.6279 19.3939 0
      vertex -18.6279 19.3939 -20
    endloop
  endfacet
  facet normal -0.772939 0.63448 0
    outer loop
      vertex -18.6279 19.3939 0
      vertex -18.8002 19.184 -20
      vertex -18.8002 19.184 0
    endloop
  endfacet
  facet normal -0.999463 -0.0327753 0
    outer loop
      vertex -17.7703 21.9203 -20
      vertex -17.7792 22.1917 0
      vertex -17.7792 22.1917 -20
    endloop
  endfacet
  facet normal -0.999463 -0.0327753 0
    outer loop
      vertex -17.7792 22.1917 0
      vertex -17.7703 21.9203 -20
      vertex -17.7703 21.9203 0
    endloop
  endfacet
  facet normal -0.973936 0.226822 0
    outer loop
      vertex -17.9117 20.8462 -20
      vertex -17.8501 21.1107 0
      vertex -17.8501 21.1107 -20
    endloop
  endfacet
  facet normal -0.973936 0.226822 0
    outer loop
      vertex -17.8501 21.1107 0
      vertex -17.9117 20.8462 -20
      vertex -17.9117 20.8462 0
    endloop
  endfacet
  facet normal -0.93595 0.352132 0
    outer loop
      vertex -18.0862 20.3322 -20
      vertex -17.9906 20.5863 0
      vertex -17.9906 20.5863 -20
    endloop
  endfacet
  facet normal -0.93595 0.352132 0
    outer loop
      vertex -17.9906 20.5863 0
      vertex -18.0862 20.3322 -20
      vertex -18.0862 20.3322 0
    endloop
  endfacet
  facet normal -0.881945 0.471353 0
    outer loop
      vertex -18.3263 19.8453 -20
      vertex -18.1983 20.0848 0
      vertex -18.1983 20.0848 -20
    endloop
  endfacet
  facet normal -0.881945 0.471353 0
    outer loop
      vertex -18.1983 20.0848 0
      vertex -18.3263 19.8453 -20
      vertex -18.3263 19.8453 0
    endloop
  endfacet
  facet normal -0.849196 0.528078 0
    outer loop
      vertex -18.4697 19.6147 -20
      vertex -18.3263 19.8453 0
      vertex -18.3263 19.8453 -20
    endloop
  endfacet
  facet normal -0.849196 0.528078 0
    outer loop
      vertex -18.3263 19.8453 0
      vertex -18.4697 19.6147 -20
      vertex -18.4697 19.6147 0
    endloop
  endfacet
  facet normal -0.471353 -0.881945 0
    outer loop
      vertex -20.0848 25.6423 -20
      vertex -19.8453 25.5143 0
      vertex -20.0848 25.6423 0
    endloop
  endfacet
  facet normal -0.471353 -0.881945 -0
    outer loop
      vertex -19.8453 25.5143 0
      vertex -20.0848 25.6423 -20
      vertex -19.8453 25.5143 -20
    endloop
  endfacet
  facet normal -0.528078 -0.849196 0
    outer loop
      vertex -19.8453 25.5143 -20
      vertex -19.6147 25.3709 0
      vertex -19.8453 25.5143 0
    endloop
  endfacet
  facet normal -0.528078 -0.849196 -0
    outer loop
      vertex -19.6147 25.3709 0
      vertex -19.8453 25.5143 -20
      vertex -19.6147 25.3709 -20
    endloop
  endfacet
  facet normal -0.582422 -0.812887 0
    outer loop
      vertex -19.6147 25.3709 -20
      vertex -19.3939 25.2127 0
      vertex -19.6147 25.3709 0
    endloop
  endfacet
  facet normal -0.582422 -0.812887 -0
    outer loop
      vertex -19.3939 25.2127 0
      vertex -19.6147 25.3709 -20
      vertex -19.3939 25.2127 -20
    endloop
  endfacet
  facet normal -0.910858 -0.412721 0
    outer loop
      vertex -18.0862 23.5084 -20
      vertex -18.1983 23.7558 0
      vertex -18.1983 23.7558 -20
    endloop
  endfacet
  facet normal -0.910858 -0.412721 0
    outer loop
      vertex -18.1983 23.7558 0
      vertex -18.0862 23.5084 -20
      vertex -18.0862 23.5084 0
    endloop
  endfacet
  facet normal -0.849196 -0.528078 0
    outer loop
      vertex -18.3263 23.9953 -20
      vertex -18.4697 24.2259 0
      vertex -18.4697 24.2259 -20
    endloop
  endfacet
  facet normal -0.849196 -0.528078 0
    outer loop
      vertex -18.4697 24.2259 0
      vertex -18.3263 23.9953 -20
      vertex -18.3263 23.9953 0
    endloop
  endfacet
  facet normal -0.986602 -0.163145 0
    outer loop
      vertex -17.8058 22.462 -20
      vertex -17.8501 22.7299 0
      vertex -17.8501 22.7299 -20
    endloop
  endfacet
  facet normal -0.986602 -0.163145 0
    outer loop
      vertex -17.8501 22.7299 0
      vertex -17.8058 22.462 -20
      vertex -17.8058 22.462 0
    endloop
  endfacet
  facet normal -0.995193 0.0979361 0
    outer loop
      vertex -17.8058 21.3786 -20
      vertex -17.7792 21.6489 0
      vertex -17.7792 21.6489 -20
    endloop
  endfacet
  facet normal -0.995193 0.0979361 0
    outer loop
      vertex -17.7792 21.6489 0
      vertex -17.8058 21.3786 -20
      vertex -17.8058 21.3786 0
    endloop
  endfacet
  facet normal -0.986602 0.163145 0
    outer loop
      vertex -17.8501 21.1107 -20
      vertex -17.8058 21.3786 0
      vertex -17.8058 21.3786 -20
    endloop
  endfacet
  facet normal -0.986602 0.163145 0
    outer loop
      vertex -17.8058 21.3786 0
      vertex -17.8501 21.1107 -20
      vertex -17.8501 21.1107 0
    endloop
  endfacet
  facet normal -0.93595 -0.352132 0
    outer loop
      vertex -17.9906 23.2543 -20
      vertex -18.0862 23.5084 0
      vertex -18.0862 23.5084 -20
    endloop
  endfacet
  facet normal -0.93595 -0.352132 0
    outer loop
      vertex -18.0862 23.5084 0
      vertex -17.9906 23.2543 -20
      vertex -17.9906 23.2543 0
    endloop
  endfacet
  facet normal -0.956879 -0.290488 0
    outer loop
      vertex -17.9117 22.9944 -20
      vertex -17.9906 23.2543 0
      vertex -17.9906 23.2543 -20
    endloop
  endfacet
  facet normal -0.956879 -0.290488 0
    outer loop
      vertex -17.9906 23.2543 0
      vertex -17.9117 22.9944 -20
      vertex -17.9117 22.9944 0
    endloop
  endfacet
  facet normal -0.986626 -0.163001 0
    outer loop
      vertex -17.7692 0.293683 -20
      vertex -17.7932 0.438952 -3.6
      vertex -17.7932 0.438952 -20
    endloop
  endfacet
  facet normal -0.986626 -0.163001 0
    outer loop
      vertex -17.7932 0.438952 -3.6
      vertex -17.7692 0.293683 -20
      vertex -17.7692 0.293683 -3.6
    endloop
  endfacet
  facet normal 0.999468 -0.0326009 0
    outer loop
      vertex -22.25 0 -3.6
      vertex -22.2452 0.147157 -20
      vertex -22.2452 0.147157 -3.6
    endloop
  endfacet
  facet normal 0.999468 -0.0326009 0
    outer loop
      vertex -22.2452 0.147157 -20
      vertex -22.25 0 -3.6
      vertex -22.25 0 -20
    endloop
  endfacet
  facet normal -0.032727 -0.999464 0
    outer loop
      vertex -20 2.25 -20
      vertex -19.8528 2.24518 -3.6
      vertex -20 2.25 -3.6
    endloop
  endfacet
  facet normal -0.032727 -0.999464 -0
    outer loop
      vertex -19.8528 2.24518 -3.6
      vertex -20 2.25 -20
      vertex -19.8528 2.24518 -20
    endloop
  endfacet
  facet normal 0.352225 -0.935915 0
    outer loop
      vertex -20.861 2.07873 -20
      vertex -20.7232 2.13059 -3.6
      vertex -20.861 2.07873 -3.6
    endloop
  endfacet
  facet normal 0.352225 -0.935915 0
    outer loop
      vertex -20.7232 2.13059 -3.6
      vertex -20.861 2.07873 -20
      vertex -20.7232 2.13059 -20
    endloop
  endfacet
  facet normal 0.812723 0.582651 0
    outer loop
      vertex -21.785 -1.36971 -3.6
      vertex -21.8708 -1.25003 -20
      vertex -21.8708 -1.25003 -3.6
    endloop
  endfacet
  facet normal 0.812723 0.582651 0
    outer loop
      vertex -21.8708 -1.25003 -20
      vertex -21.785 -1.36971 -3.6
      vertex -21.785 -1.36971 -20
    endloop
  endfacet
  facet normal -0.973778 -0.227502 0
    outer loop
      vertex -17.7932 0.438952 -20
      vertex -17.8267 0.582342 -3.6
      vertex -17.8267 0.582342 -20
    endloop
  endfacet
  facet normal -0.973778 -0.227502 0
    outer loop
      vertex -17.8267 0.582342 -3.6
      vertex -17.7932 0.438952 -20
      vertex -17.7932 0.438952 -3.6
    endloop
  endfacet
  facet normal -0.773043 -0.634354 0
    outer loop
      vertex -18.215 1.36971 -20
      vertex -18.3084 1.48353 -3.6
      vertex -18.3084 1.48353 -20
    endloop
  endfacet
  facet normal -0.773043 -0.634354 0
    outer loop
      vertex -18.3084 1.48353 -3.6
      vertex -18.215 1.36971 -20
      vertex -18.215 1.36971 -3.6
    endloop
  endfacet
  facet normal -0.471222 -0.882014 0
    outer loop
      vertex -19.0049 2.01796 -20
      vertex -18.875 1.94856 -3.6
      vertex -19.0049 2.01796 -3.6
    endloop
  endfacet
  facet normal -0.471222 -0.882014 -0
    outer loop
      vertex -18.875 1.94856 -3.6
      vertex -19.0049 2.01796 -20
      vertex -18.875 1.94856 -20
    endloop
  endfacet
  facet normal 0.849046 -0.528319 0
    outer loop
      vertex -21.9486 1.125 -3.6
      vertex -21.8708 1.25003 -20
      vertex -21.8708 1.25003 -3.6
    endloop
  endfacet
  facet normal 0.849046 -0.528319 0
    outer loop
      vertex -21.8708 1.25003 -20
      vertex -21.9486 1.125 -3.6
      vertex -21.9486 1.125 -20
    endloop
  endfacet
  facet normal 0.812723 -0.582651 0
    outer loop
      vertex -21.8708 1.25003 -3.6
      vertex -21.785 1.36971 -20
      vertex -21.785 1.36971 -3.6
    endloop
  endfacet
  facet normal 0.812723 -0.582651 0
    outer loop
      vertex -21.785 1.36971 -20
      vertex -21.8708 1.25003 -3.6
      vertex -21.8708 1.25003 -20
    endloop
  endfacet
  facet normal 0.634421 -0.772988 0
    outer loop
      vertex -21.4835 1.69164 -20
      vertex -21.3697 1.78504 -3.6
      vertex -21.4835 1.69164 -3.6
    endloop
  endfacet
  facet normal 0.634421 -0.772988 0
    outer loop
      vertex -21.3697 1.78504 -3.6
      vertex -21.4835 1.69164 -20
      vertex -21.3697 1.78504 -20
    endloop
  endfacet
  facet normal -0.849046 0.528319 0
    outer loop
      vertex -18.1292 -1.25003 -20
      vertex -18.0514 -1.125 -3.6
      vertex -18.0514 -1.125 -20
    endloop
  endfacet
  facet normal -0.849046 0.528319 0
    outer loop
      vertex -18.0514 -1.125 -3.6
      vertex -18.1292 -1.25003 -20
      vertex -18.1292 -1.25003 -3.6
    endloop
  endfacet
  facet normal -0.227251 0.973836 0
    outer loop
      vertex -19.4177 -2.17333 -20
      vertex -19.561 -2.20677 -3.6
      vertex -19.4177 -2.17333 -3.6
    endloop
  endfacet
  facet normal -0.227251 0.973836 0
    outer loop
      vertex -19.561 -2.20677 -3.6
      vertex -19.4177 -2.17333 -20
      vertex -19.561 -2.20677 -20
    endloop
  endfacet
  facet normal -0.634421 0.772988 0
    outer loop
      vertex -18.5165 -1.69164 -20
      vertex -18.6303 -1.78504 -3.6
      vertex -18.5165 -1.69164 -3.6
    endloop
  endfacet
  facet normal -0.634421 0.772988 0
    outer loop
      vertex -18.6303 -1.78504 -3.6
      vertex -18.5165 -1.69164 -20
      vertex -18.6303 -1.78504 -20
    endloop
  endfacet
  facet normal -0.999468 0.0326009 0
    outer loop
      vertex -17.7548 -0.147157 -20
      vertex -17.75 0 -3.6
      vertex -17.75 0 -20
    endloop
  endfacet
  facet normal -0.999468 0.0326009 0
    outer loop
      vertex -17.75 0 -3.6
      vertex -17.7548 -0.147157 -20
      vertex -17.7548 -0.147157 -3.6
    endloop
  endfacet
  facet normal 0.352225 0.935915 -0
    outer loop
      vertex -20.7232 -2.13059 -20
      vertex -20.861 -2.07873 -3.6
      vertex -20.7232 -2.13059 -3.6
    endloop
  endfacet
  facet normal 0.352225 0.935915 0
    outer loop
      vertex -20.861 -2.07873 -3.6
      vertex -20.7232 -2.13059 -20
      vertex -20.861 -2.07873 -20
    endloop
  endfacet
  facet normal 0.528166 0.849141 -0
    outer loop
      vertex -21.125 -1.94856 -20
      vertex -21.25 -1.87081 -3.6
      vertex -21.125 -1.94856 -3.6
    endloop
  endfacet
  facet normal 0.528166 0.849141 0
    outer loop
      vertex -21.25 -1.87081 -3.6
      vertex -21.125 -1.94856 -20
      vertex -21.25 -1.87081 -20
    endloop
  endfacet
  facet normal -0.935825 -0.352465 0
    outer loop
      vertex -17.8694 0.723238 -20
      vertex -17.9213 0.861037 -3.6
      vertex -17.9213 0.861037 -20
    endloop
  endfacet
  facet normal -0.935825 -0.352465 0
    outer loop
      vertex -17.9213 0.861037 -3.6
      vertex -17.8694 0.723238 -20
      vertex -17.8694 0.723238 -3.6
    endloop
  endfacet
  facet normal -0.88194 -0.471361 0
    outer loop
      vertex -17.982 0.995149 -20
      vertex -18.0514 1.125 -3.6
      vertex -18.0514 1.125 -20
    endloop
  endfacet
  facet normal -0.88194 -0.471361 0
    outer loop
      vertex -18.0514 1.125 -3.6
      vertex -17.982 0.995149 -20
      vertex -17.982 0.995149 -3.6
    endloop
  endfacet
  facet normal -0.849046 -0.528319 0
    outer loop
      vertex -18.0514 1.125 -20
      vertex -18.1292 1.25003 -3.6
      vertex -18.1292 1.25003 -20
    endloop
  endfacet
  facet normal -0.849046 -0.528319 0
    outer loop
      vertex -18.1292 1.25003 -3.6
      vertex -18.0514 1.125 -20
      vertex -18.0514 1.125 -3.6
    endloop
  endfacet
  facet normal -0.227251 -0.973836 0
    outer loop
      vertex -19.561 2.20677 -20
      vertex -19.4177 2.17333 -3.6
      vertex -19.561 2.20677 -3.6
    endloop
  endfacet
  facet normal -0.227251 -0.973836 -0
    outer loop
      vertex -19.4177 2.17333 -3.6
      vertex -19.561 2.20677 -20
      vertex -19.4177 2.17333 -20
    endloop
  endfacet
  facet normal -0.352225 -0.935915 0
    outer loop
      vertex -19.2768 2.13059 -20
      vertex -19.139 2.07873 -3.6
      vertex -19.2768 2.13059 -3.6
    endloop
  endfacet
  facet normal -0.352225 -0.935915 -0
    outer loop
      vertex -19.139 2.07873 -3.6
      vertex -19.2768 2.13059 -20
      vertex -19.139 2.07873 -20
    endloop
  endfacet
  facet normal -0.0980239 -0.995184 0
    outer loop
      vertex -19.8528 2.24518 -20
      vertex -19.7063 2.23075 -3.6
      vertex -19.8528 2.24518 -3.6
    endloop
  endfacet
  facet normal -0.0980239 -0.995184 -0
    outer loop
      vertex -19.7063 2.23075 -3.6
      vertex -19.8528 2.24518 -20
      vertex -19.7063 2.23075 -20
    endloop
  endfacet
  facet normal -0.634421 -0.772988 0
    outer loop
      vertex -18.6303 1.78504 -20
      vertex -18.5165 1.69164 -3.6
      vertex -18.6303 1.78504 -3.6
    endloop
  endfacet
  facet normal -0.634421 -0.772988 -0
    outer loop
      vertex -18.5165 1.69164 -3.6
      vertex -18.6303 1.78504 -20
      vertex -18.5165 1.69164 -20
    endloop
  endfacet
  facet normal -0.582452 -0.812865 0
    outer loop
      vertex -18.75 1.87081 -20
      vertex -18.6303 1.78504 -3.6
      vertex -18.75 1.87081 -3.6
    endloop
  endfacet
  facet normal -0.582452 -0.812865 -0
    outer loop
      vertex -18.6303 1.78504 -3.6
      vertex -18.75 1.87081 -20
      vertex -18.6303 1.78504 -20
    endloop
  endfacet
  facet normal 0.973778 -0.227502 0
    outer loop
      vertex -22.2068 0.438952 -3.6
      vertex -22.1733 0.582342 -20
      vertex -22.1733 0.582342 -3.6
    endloop
  endfacet
  facet normal 0.973778 -0.227502 0
    outer loop
      vertex -22.1733 0.582342 -20
      vertex -22.2068 0.438952 -3.6
      vertex -22.2068 0.438952 -20
    endloop
  endfacet
  facet normal 0.935825 -0.352465 0
    outer loop
      vertex -22.1306 0.723238 -3.6
      vertex -22.0787 0.861037 -20
      vertex -22.0787 0.861037 -3.6
    endloop
  endfacet
  facet normal 0.935825 -0.352465 0
    outer loop
      vertex -22.0787 0.861037 -20
      vertex -22.1306 0.723238 -3.6
      vertex -22.1306 0.723238 -20
    endloop
  endfacet
  facet normal 0.995206 -0.0978049 0
    outer loop
      vertex -22.2452 0.147157 -3.6
      vertex -22.2308 0.293683 -20
      vertex -22.2308 0.293683 -3.6
    endloop
  endfacet
  facet normal 0.995206 -0.0978049 0
    outer loop
      vertex -22.2308 0.293683 -20
      vertex -22.2452 0.147157 -3.6
      vertex -22.2452 0.147157 -20
    endloop
  endfacet
  facet normal 0.528166 -0.849141 0
    outer loop
      vertex -21.25 1.87081 -20
      vertex -21.125 1.94856 -3.6
      vertex -21.25 1.87081 -3.6
    endloop
  endfacet
  facet normal 0.528166 -0.849141 0
    outer loop
      vertex -21.125 1.94856 -3.6
      vertex -21.25 1.87081 -20
      vertex -21.125 1.94856 -20
    endloop
  endfacet
  facet normal 0.032727 -0.999464 0
    outer loop
      vertex -20.1472 2.24518 -20
      vertex -20 2.25 -3.6
      vertex -20.1472 2.24518 -3.6
    endloop
  endfacet
  facet normal 0.032727 -0.999464 0
    outer loop
      vertex -20 2.25 -3.6
      vertex -20.1472 2.24518 -20
      vertex -20 2.25 -20
    endloop
  endfacet
  facet normal 0.290275 -0.956943 0
    outer loop
      vertex -20.7232 2.13059 -20
      vertex -20.5823 2.17333 -3.6
      vertex -20.7232 2.13059 -3.6
    endloop
  endfacet
  facet normal 0.290275 -0.956943 0
    outer loop
      vertex -20.5823 2.17333 -3.6
      vertex -20.7232 2.13059 -20
      vertex -20.5823 2.17333 -20
    endloop
  endfacet
  facet normal -0.032727 0.999464 0
    outer loop
      vertex -19.8528 -2.24518 -20
      vertex -20 -2.25 -3.6
      vertex -19.8528 -2.24518 -3.6
    endloop
  endfacet
  facet normal -0.032727 0.999464 0
    outer loop
      vertex -20 -2.25 -3.6
      vertex -19.8528 -2.24518 -20
      vertex -20 -2.25 -20
    endloop
  endfacet
  facet normal -0.582452 0.812865 0
    outer loop
      vertex -18.6303 -1.78504 -20
      vertex -18.75 -1.87081 -3.6
      vertex -18.6303 -1.78504 -3.6
    endloop
  endfacet
  facet normal -0.582452 0.812865 0
    outer loop
      vertex -18.75 -1.87081 -3.6
      vertex -18.6303 -1.78504 -20
      vertex -18.75 -1.87081 -20
    endloop
  endfacet
  facet normal -0.812723 0.582651 0
    outer loop
      vertex -18.215 -1.36971 -20
      vertex -18.1292 -1.25003 -3.6
      vertex -18.1292 -1.25003 -20
    endloop
  endfacet
  facet normal -0.812723 0.582651 0
    outer loop
      vertex -18.1292 -1.25003 -3.6
      vertex -18.215 -1.36971 -20
      vertex -18.215 -1.36971 -3.6
    endloop
  endfacet
  facet normal -0.935825 0.352465 0
    outer loop
      vertex -17.9213 -0.861037 -20
      vertex -17.8694 -0.723238 -3.6
      vertex -17.8694 -0.723238 -20
    endloop
  endfacet
  facet normal -0.935825 0.352465 0
    outer loop
      vertex -17.8694 -0.723238 -3.6
      vertex -17.9213 -0.861037 -20
      vertex -17.9213 -0.861037 -3.6
    endloop
  endfacet
  facet normal 0.032727 0.999464 -0
    outer loop
      vertex -20 -2.25 -20
      vertex -20.1472 -2.24518 -3.6
      vertex -20 -2.25 -3.6
    endloop
  endfacet
  facet normal 0.032727 0.999464 0
    outer loop
      vertex -20.1472 -2.24518 -3.6
      vertex -20 -2.25 -20
      vertex -20.1472 -2.24518 -20
    endloop
  endfacet
  facet normal 0.582452 0.812865 -0
    outer loop
      vertex -21.25 -1.87081 -20
      vertex -21.3697 -1.78504 -3.6
      vertex -21.25 -1.87081 -3.6
    endloop
  endfacet
  facet normal 0.582452 0.812865 0
    outer loop
      vertex -21.3697 -1.78504 -3.6
      vertex -21.25 -1.87081 -20
      vertex -21.3697 -1.78504 -20
    endloop
  endfacet
  facet normal 0.773043 0.634354 0
    outer loop
      vertex -21.6916 -1.48353 -3.6
      vertex -21.785 -1.36971 -20
      vertex -21.785 -1.36971 -3.6
    endloop
  endfacet
  facet normal 0.773043 0.634354 0
    outer loop
      vertex -21.785 -1.36971 -20
      vertex -21.6916 -1.48353 -3.6
      vertex -21.6916 -1.48353 -20
    endloop
  endfacet
  facet normal 0.911031 0.412339 0
    outer loop
      vertex -22.018 -0.995149 -3.6
      vertex -22.0787 -0.861037 -20
      vertex -22.0787 -0.861037 -3.6
    endloop
  endfacet
  facet normal 0.911031 0.412339 0
    outer loop
      vertex -22.0787 -0.861037 -20
      vertex -22.018 -0.995149 -3.6
      vertex -22.018 -0.995149 -20
    endloop
  endfacet
  facet normal 0.999468 0.0326009 0
    outer loop
      vertex -22.2452 -0.147157 -3.6
      vertex -22.25 0 -20
      vertex -22.25 0 -3.6
    endloop
  endfacet
  facet normal 0.999468 0.0326009 0
    outer loop
      vertex -22.25 0 -20
      vertex -22.2452 -0.147157 -3.6
      vertex -22.2452 -0.147157 -20
    endloop
  endfacet
  facet normal -0.995206 -0.0978049 0
    outer loop
      vertex -17.7548 0.147157 -20
      vertex -17.7692 0.293683 -3.6
      vertex -17.7692 0.293683 -20
    endloop
  endfacet
  facet normal -0.995206 -0.0978049 0
    outer loop
      vertex -17.7692 0.293683 -3.6
      vertex -17.7548 0.147157 -20
      vertex -17.7548 0.147157 -3.6
    endloop
  endfacet
  facet normal -0.957016 -0.290034 0
    outer loop
      vertex -17.8267 0.582342 -20
      vertex -17.8694 0.723238 -3.6
      vertex -17.8694 0.723238 -20
    endloop
  endfacet
  facet normal -0.957016 -0.290034 0
    outer loop
      vertex -17.8694 0.723238 -3.6
      vertex -17.8267 0.582342 -20
      vertex -17.8267 0.582342 -3.6
    endloop
  endfacet
  facet normal -0.730024 -0.683421 0
    outer loop
      vertex -18.3084 1.48353 -20
      vertex -18.409 1.59099 -3.6
      vertex -18.409 1.59099 -20
    endloop
  endfacet
  facet normal -0.730024 -0.683421 0
    outer loop
      vertex -18.409 1.59099 -3.6
      vertex -18.3084 1.48353 -20
      vertex -18.3084 1.48353 -3.6
    endloop
  endfacet
  facet normal -0.812723 -0.582651 0
    outer loop
      vertex -18.1292 1.25003 -20
      vertex -18.215 1.36971 -3.6
      vertex -18.215 1.36971 -20
    endloop
  endfacet
  facet normal -0.812723 -0.582651 0
    outer loop
      vertex -18.215 1.36971 -3.6
      vertex -18.1292 1.25003 -20
      vertex -18.1292 1.25003 -3.6
    endloop
  endfacet
  facet normal -0.911031 -0.412339 0
    outer loop
      vertex -17.9213 0.861037 -20
      vertex -17.982 0.995149 -3.6
      vertex -17.982 0.995149 -20
    endloop
  endfacet
  facet normal -0.911031 -0.412339 0
    outer loop
      vertex -17.982 0.995149 -3.6
      vertex -17.9213 0.861037 -20
      vertex -17.9213 0.861037 -3.6
    endloop
  endfacet
  facet normal -0.290275 -0.956943 0
    outer loop
      vertex -19.4177 2.17333 -20
      vertex -19.2768 2.13059 -3.6
      vertex -19.4177 2.17333 -3.6
    endloop
  endfacet
  facet normal -0.290275 -0.956943 -0
    outer loop
      vertex -19.2768 2.13059 -3.6
      vertex -19.4177 2.17333 -20
      vertex -19.2768 2.13059 -20
    endloop
  endfacet
  facet normal -0.162835 -0.986653 0
    outer loop
      vertex -19.7063 2.23075 -20
      vertex -19.561 2.20677 -3.6
      vertex -19.7063 2.23075 -3.6
    endloop
  endfacet
  facet normal -0.162835 -0.986653 -0
    outer loop
      vertex -19.561 2.20677 -3.6
      vertex -19.7063 2.23075 -20
      vertex -19.561 2.20677 -20
    endloop
  endfacet
  facet normal -0.412764 -0.910838 0
    outer loop
      vertex -19.139 2.07873 -20
      vertex -19.0049 2.01796 -3.6
      vertex -19.139 2.07873 -3.6
    endloop
  endfacet
  facet normal -0.412764 -0.910838 -0
    outer loop
      vertex -19.0049 2.01796 -3.6
      vertex -19.139 2.07873 -20
      vertex -19.0049 2.01796 -20
    endloop
  endfacet
  facet normal -0.528166 -0.849141 0
    outer loop
      vertex -18.875 1.94856 -20
      vertex -18.75 1.87081 -3.6
      vertex -18.875 1.94856 -3.6
    endloop
  endfacet
  facet normal -0.528166 -0.849141 -0
    outer loop
      vertex -18.75 1.87081 -3.6
      vertex -18.875 1.94856 -20
      vertex -18.75 1.87081 -20
    endloop
  endfacet
  facet normal -0.683467 -0.729982 0
    outer loop
      vertex -18.5165 1.69164 -20
      vertex -18.409 1.59099 -3.6
      vertex -18.5165 1.69164 -3.6
    endloop
  endfacet
  facet normal -0.683467 -0.729982 -0
    outer loop
      vertex -18.409 1.59099 -3.6
      vertex -18.5165 1.69164 -20
      vertex -18.409 1.59099 -20
    endloop
  endfacet
  facet normal 0.773043 -0.634354 0
    outer loop
      vertex -21.785 1.36971 -3.6
      vertex -21.6916 1.48353 -20
      vertex -21.6916 1.48353 -3.6
    endloop
  endfacet
  facet normal 0.773043 -0.634354 0
    outer loop
      vertex -21.6916 1.48353 -20
      vertex -21.785 1.36971 -3.6
      vertex -21.785 1.36971 -20
    endloop
  endfacet
  facet normal 0.911031 -0.412339 0
    outer loop
      vertex -22.0787 0.861037 -3.6
      vertex -22.018 0.995149 -20
      vertex -22.018 0.995149 -3.6
    endloop
  endfacet
  facet normal 0.911031 -0.412339 0
    outer loop
      vertex -22.018 0.995149 -20
      vertex -22.0787 0.861037 -3.6
      vertex -22.0787 0.861037 -20
    endloop
  endfacet
  facet normal 0.88194 -0.471361 0
    outer loop
      vertex -22.018 0.995149 -3.6
      vertex -21.9486 1.125 -20
      vertex -21.9486 1.125 -3.6
    endloop
  endfacet
  facet normal 0.88194 -0.471361 0
    outer loop
      vertex -21.9486 1.125 -20
      vertex -22.018 0.995149 -3.6
      vertex -22.018 0.995149 -20
    endloop
  endfacet
  facet normal 0.957016 -0.290034 0
    outer loop
      vertex -22.1733 0.582342 -3.6
      vertex -22.1306 0.723238 -20
      vertex -22.1306 0.723238 -3.6
    endloop
  endfacet
  facet normal 0.957016 -0.290034 0
    outer loop
      vertex -22.1306 0.723238 -20
      vertex -22.1733 0.582342 -3.6
      vertex -22.1733 0.582342 -20
    endloop
  endfacet
  facet normal 0.986626 -0.163001 0
    outer loop
      vertex -22.2308 0.293683 -3.6
      vertex -22.2068 0.438952 -20
      vertex -22.2068 0.438952 -3.6
    endloop
  endfacet
  facet normal 0.986626 -0.163001 0
    outer loop
      vertex -22.2068 0.438952 -20
      vertex -22.2308 0.293683 -3.6
      vertex -22.2308 0.293683 -20
    endloop
  endfacet
  facet normal 0.683467 -0.729982 0
    outer loop
      vertex -21.591 1.59099 -20
      vertex -21.4835 1.69164 -3.6
      vertex -21.591 1.59099 -3.6
    endloop
  endfacet
  facet normal 0.683467 -0.729982 0
    outer loop
      vertex -21.4835 1.69164 -3.6
      vertex -21.591 1.59099 -20
      vertex -21.4835 1.69164 -20
    endloop
  endfacet
  facet normal 0.412764 -0.910838 0
    outer loop
      vertex -20.9951 2.01796 -20
      vertex -20.861 2.07873 -3.6
      vertex -20.9951 2.01796 -3.6
    endloop
  endfacet
  facet normal 0.412764 -0.910838 0
    outer loop
      vertex -20.861 2.07873 -3.6
      vertex -20.9951 2.01796 -20
      vertex -20.861 2.07873 -20
    endloop
  endfacet
  facet normal 0.582452 -0.812865 0
    outer loop
      vertex -21.3697 1.78504 -20
      vertex -21.25 1.87081 -3.6
      vertex -21.3697 1.78504 -3.6
    endloop
  endfacet
  facet normal 0.582452 -0.812865 0
    outer loop
      vertex -21.25 1.87081 -3.6
      vertex -21.3697 1.78504 -20
      vertex -21.25 1.87081 -20
    endloop
  endfacet
  facet normal 0.471222 -0.882014 0
    outer loop
      vertex -21.125 1.94856 -20
      vertex -20.9951 2.01796 -3.6
      vertex -21.125 1.94856 -3.6
    endloop
  endfacet
  facet normal 0.471222 -0.882014 0
    outer loop
      vertex -20.9951 2.01796 -3.6
      vertex -21.125 1.94856 -20
      vertex -20.9951 2.01796 -20
    endloop
  endfacet
  facet normal 0.227251 -0.973836 0
    outer loop
      vertex -20.5823 2.17333 -20
      vertex -20.439 2.20677 -3.6
      vertex -20.5823 2.17333 -3.6
    endloop
  endfacet
  facet normal 0.227251 -0.973836 0
    outer loop
      vertex -20.439 2.20677 -3.6
      vertex -20.5823 2.17333 -20
      vertex -20.439 2.20677 -20
    endloop
  endfacet
  facet normal 0.0980239 -0.995184 0
    outer loop
      vertex -20.2937 2.23075 -20
      vertex -20.1472 2.24518 -3.6
      vertex -20.2937 2.23075 -3.6
    endloop
  endfacet
  facet normal 0.0980239 -0.995184 0
    outer loop
      vertex -20.1472 2.24518 -3.6
      vertex -20.2937 2.23075 -20
      vertex -20.1472 2.24518 -20
    endloop
  endfacet
  facet normal 0.162835 -0.986653 0
    outer loop
      vertex -20.439 2.20677 -20
      vertex -20.2937 2.23075 -3.6
      vertex -20.439 2.20677 -3.6
    endloop
  endfacet
  facet normal 0.162835 -0.986653 0
    outer loop
      vertex -20.2937 2.23075 -3.6
      vertex -20.439 2.20677 -20
      vertex -20.2937 2.23075 -20
    endloop
  endfacet
  facet normal -0.999468 -0.0326009 0
    outer loop
      vertex -17.75 0 -20
      vertex -17.7548 0.147157 -3.6
      vertex -17.7548 0.147157 -20
    endloop
  endfacet
  facet normal -0.999468 -0.0326009 0
    outer loop
      vertex -17.7548 0.147157 -3.6
      vertex -17.75 0 -20
      vertex -17.75 0 -3.6
    endloop
  endfacet
  facet normal -0.0980239 0.995184 0
    outer loop
      vertex -19.7063 -2.23075 -20
      vertex -19.8528 -2.24518 -3.6
      vertex -19.7063 -2.23075 -3.6
    endloop
  endfacet
  facet normal -0.0980239 0.995184 0
    outer loop
      vertex -19.8528 -2.24518 -3.6
      vertex -19.7063 -2.23075 -20
      vertex -19.8528 -2.24518 -20
    endloop
  endfacet
  facet normal -0.352225 0.935915 0
    outer loop
      vertex -19.139 -2.07873 -20
      vertex -19.2768 -2.13059 -3.6
      vertex -19.139 -2.07873 -3.6
    endloop
  endfacet
  facet normal -0.352225 0.935915 0
    outer loop
      vertex -19.2768 -2.13059 -3.6
      vertex -19.139 -2.07873 -20
      vertex -19.2768 -2.13059 -20
    endloop
  endfacet
  facet normal -0.683467 0.729982 0
    outer loop
      vertex -18.409 -1.59099 -20
      vertex -18.5165 -1.69164 -3.6
      vertex -18.409 -1.59099 -3.6
    endloop
  endfacet
  facet normal -0.683467 0.729982 0
    outer loop
      vertex -18.5165 -1.69164 -3.6
      vertex -18.409 -1.59099 -20
      vertex -18.5165 -1.69164 -20
    endloop
  endfacet
  facet normal -0.528166 0.849141 0
    outer loop
      vertex -18.75 -1.87081 -20
      vertex -18.875 -1.94856 -3.6
      vertex -18.75 -1.87081 -3.6
    endloop
  endfacet
  facet normal -0.528166 0.849141 0
    outer loop
      vertex -18.875 -1.94856 -3.6
      vertex -18.75 -1.87081 -20
      vertex -18.875 -1.94856 -20
    endloop
  endfacet
  facet normal -0.412764 0.910838 0
    outer loop
      vertex -19.0049 -2.01796 -20
      vertex -19.139 -2.07873 -3.6
      vertex -19.0049 -2.01796 -3.6
    endloop
  endfacet
  facet normal -0.412764 0.910838 0
    outer loop
      vertex -19.139 -2.07873 -3.6
      vertex -19.0049 -2.01796 -20
      vertex -19.139 -2.07873 -20
    endloop
  endfacet
  facet normal -0.730024 0.683421 0
    outer loop
      vertex -18.409 -1.59099 -20
      vertex -18.3084 -1.48353 -3.6
      vertex -18.3084 -1.48353 -20
    endloop
  endfacet
  facet normal -0.730024 0.683421 0
    outer loop
      vertex -18.3084 -1.48353 -3.6
      vertex -18.409 -1.59099 -20
      vertex -18.409 -1.59099 -3.6
    endloop
  endfacet
  facet normal -0.773043 0.634354 0
    outer loop
      vertex -18.3084 -1.48353 -20
      vertex -18.215 -1.36971 -3.6
      vertex -18.215 -1.36971 -20
    endloop
  endfacet
  facet normal -0.773043 0.634354 0
    outer loop
      vertex -18.215 -1.36971 -3.6
      vertex -18.3084 -1.48353 -20
      vertex -18.3084 -1.48353 -3.6
    endloop
  endfacet
  facet normal -0.88194 0.471361 0
    outer loop
      vertex -18.0514 -1.125 -20
      vertex -17.982 -0.995149 -3.6
      vertex -17.982 -0.995149 -20
    endloop
  endfacet
  facet normal -0.88194 0.471361 0
    outer loop
      vertex -17.982 -0.995149 -3.6
      vertex -18.0514 -1.125 -20
      vertex -18.0514 -1.125 -3.6
    endloop
  endfacet
  facet normal -0.911031 0.412339 0
    outer loop
      vertex -17.982 -0.995149 -20
      vertex -17.9213 -0.861037 -3.6
      vertex -17.9213 -0.861037 -20
    endloop
  endfacet
  facet normal -0.911031 0.412339 0
    outer loop
      vertex -17.9213 -0.861037 -3.6
      vertex -17.982 -0.995149 -20
      vertex -17.982 -0.995149 -3.6
    endloop
  endfacet
  facet normal -0.957016 0.290034 0
    outer loop
      vertex -17.8694 -0.723238 -20
      vertex -17.8267 -0.582342 -3.6
      vertex -17.8267 -0.582342 -20
    endloop
  endfacet
  facet normal -0.957016 0.290034 0
    outer loop
      vertex -17.8267 -0.582342 -3.6
      vertex -17.8694 -0.723238 -20
      vertex -17.8694 -0.723238 -3.6
    endloop
  endfacet
  facet normal -0.986626 0.163001 0
    outer loop
      vertex -17.7932 -0.438952 -20
      vertex -17.7692 -0.293683 -3.6
      vertex -17.7692 -0.293683 -20
    endloop
  endfacet
  facet normal -0.986626 0.163001 0
    outer loop
      vertex -17.7692 -0.293683 -3.6
      vertex -17.7932 -0.438952 -20
      vertex -17.7932 -0.438952 -3.6
    endloop
  endfacet
  facet normal 0.683467 0.729982 -0
    outer loop
      vertex -21.4835 -1.69164 -20
      vertex -21.591 -1.59099 -3.6
      vertex -21.4835 -1.69164 -3.6
    endloop
  endfacet
  facet normal 0.683467 0.729982 0
    outer loop
      vertex -21.591 -1.59099 -3.6
      vertex -21.4835 -1.69164 -20
      vertex -21.591 -1.59099 -20
    endloop
  endfacet
  facet normal 0.290275 0.956943 -0
    outer loop
      vertex -20.5823 -2.17333 -20
      vertex -20.7232 -2.13059 -3.6
      vertex -20.5823 -2.17333 -3.6
    endloop
  endfacet
  facet normal 0.290275 0.956943 0
    outer loop
      vertex -20.7232 -2.13059 -3.6
      vertex -20.5823 -2.17333 -20
      vertex -20.7232 -2.13059 -20
    endloop
  endfacet
  facet normal 0.162835 0.986653 -0
    outer loop
      vertex -20.2937 -2.23075 -20
      vertex -20.439 -2.20677 -3.6
      vertex -20.2937 -2.23075 -3.6
    endloop
  endfacet
  facet normal 0.162835 0.986653 0
    outer loop
      vertex -20.439 -2.20677 -3.6
      vertex -20.2937 -2.23075 -20
      vertex -20.439 -2.20677 -20
    endloop
  endfacet
  facet normal 0.471222 0.882014 -0
    outer loop
      vertex -20.9951 -2.01796 -20
      vertex -21.125 -1.94856 -3.6
      vertex -20.9951 -2.01796 -3.6
    endloop
  endfacet
  facet normal 0.471222 0.882014 0
    outer loop
      vertex -21.125 -1.94856 -3.6
      vertex -20.9951 -2.01796 -20
      vertex -21.125 -1.94856 -20
    endloop
  endfacet
  facet normal 0.634421 0.772988 -0
    outer loop
      vertex -21.3697 -1.78504 -20
      vertex -21.4835 -1.69164 -3.6
      vertex -21.3697 -1.78504 -3.6
    endloop
  endfacet
  facet normal 0.634421 0.772988 0
    outer loop
      vertex -21.4835 -1.69164 -3.6
      vertex -21.3697 -1.78504 -20
      vertex -21.4835 -1.69164 -20
    endloop
  endfacet
  facet normal 0.730024 0.683421 0
    outer loop
      vertex -21.591 -1.59099 -3.6
      vertex -21.6916 -1.48353 -20
      vertex -21.6916 -1.48353 -3.6
    endloop
  endfacet
  facet normal 0.730024 0.683421 0
    outer loop
      vertex -21.6916 -1.48353 -20
      vertex -21.591 -1.59099 -3.6
      vertex -21.591 -1.59099 -20
    endloop
  endfacet
  facet normal 0.849046 0.528319 0
    outer loop
      vertex -21.8708 -1.25003 -3.6
      vertex -21.9486 -1.125 -20
      vertex -21.9486 -1.125 -3.6
    endloop
  endfacet
  facet normal 0.849046 0.528319 0
    outer loop
      vertex -21.9486 -1.125 -20
      vertex -21.8708 -1.25003 -3.6
      vertex -21.8708 -1.25003 -20
    endloop
  endfacet
  facet normal 0.995206 0.0978049 0
    outer loop
      vertex -22.2308 -0.293683 -3.6
      vertex -22.2452 -0.147157 -20
      vertex -22.2452 -0.147157 -3.6
    endloop
  endfacet
  facet normal 0.995206 0.0978049 0
    outer loop
      vertex -22.2452 -0.147157 -20
      vertex -22.2308 -0.293683 -3.6
      vertex -22.2308 -0.293683 -20
    endloop
  endfacet
  facet normal 0.935825 0.352465 0
    outer loop
      vertex -22.0787 -0.861037 -3.6
      vertex -22.1306 -0.723238 -20
      vertex -22.1306 -0.723238 -3.6
    endloop
  endfacet
  facet normal 0.935825 0.352465 0
    outer loop
      vertex -22.1306 -0.723238 -20
      vertex -22.0787 -0.861037 -3.6
      vertex -22.0787 -0.861037 -20
    endloop
  endfacet
  facet normal 0.973778 0.227502 0
    outer loop
      vertex -22.1733 -0.582342 -3.6
      vertex -22.2068 -0.438952 -20
      vertex -22.2068 -0.438952 -3.6
    endloop
  endfacet
  facet normal 0.973778 0.227502 0
    outer loop
      vertex -22.2068 -0.438952 -20
      vertex -22.1733 -0.582342 -3.6
      vertex -22.1733 -0.582342 -20
    endloop
  endfacet
  facet normal 0.730024 -0.683421 0
    outer loop
      vertex -21.6916 1.48353 -3.6
      vertex -21.591 1.59099 -20
      vertex -21.591 1.59099 -3.6
    endloop
  endfacet
  facet normal 0.730024 -0.683421 0
    outer loop
      vertex -21.591 1.59099 -20
      vertex -21.6916 1.48353 -3.6
      vertex -21.6916 1.48353 -20
    endloop
  endfacet
  facet normal -0.162835 0.986653 0
    outer loop
      vertex -19.561 -2.20677 -20
      vertex -19.7063 -2.23075 -3.6
      vertex -19.561 -2.20677 -3.6
    endloop
  endfacet
  facet normal -0.162835 0.986653 0
    outer loop
      vertex -19.7063 -2.23075 -3.6
      vertex -19.561 -2.20677 -20
      vertex -19.7063 -2.23075 -20
    endloop
  endfacet
  facet normal -0.290275 0.956943 0
    outer loop
      vertex -19.2768 -2.13059 -20
      vertex -19.4177 -2.17333 -3.6
      vertex -19.2768 -2.13059 -3.6
    endloop
  endfacet
  facet normal -0.290275 0.956943 0
    outer loop
      vertex -19.4177 -2.17333 -3.6
      vertex -19.2768 -2.13059 -20
      vertex -19.4177 -2.17333 -20
    endloop
  endfacet
  facet normal -0.471222 0.882014 0
    outer loop
      vertex -18.875 -1.94856 -20
      vertex -19.0049 -2.01796 -3.6
      vertex -18.875 -1.94856 -3.6
    endloop
  endfacet
  facet normal -0.471222 0.882014 0
    outer loop
      vertex -19.0049 -2.01796 -3.6
      vertex -18.875 -1.94856 -20
      vertex -19.0049 -2.01796 -20
    endloop
  endfacet
  facet normal -0.973778 0.227502 0
    outer loop
      vertex -17.8267 -0.582342 -20
      vertex -17.7932 -0.438952 -3.6
      vertex -17.7932 -0.438952 -20
    endloop
  endfacet
  facet normal -0.973778 0.227502 0
    outer loop
      vertex -17.7932 -0.438952 -3.6
      vertex -17.8267 -0.582342 -20
      vertex -17.8267 -0.582342 -3.6
    endloop
  endfacet
  facet normal -0.995206 0.0978049 0
    outer loop
      vertex -17.7692 -0.293683 -20
      vertex -17.7548 -0.147157 -3.6
      vertex -17.7548 -0.147157 -20
    endloop
  endfacet
  facet normal -0.995206 0.0978049 0
    outer loop
      vertex -17.7548 -0.147157 -3.6
      vertex -17.7692 -0.293683 -20
      vertex -17.7692 -0.293683 -3.6
    endloop
  endfacet
  facet normal 0.227251 0.973836 -0
    outer loop
      vertex -20.439 -2.20677 -20
      vertex -20.5823 -2.17333 -3.6
      vertex -20.439 -2.20677 -3.6
    endloop
  endfacet
  facet normal 0.227251 0.973836 0
    outer loop
      vertex -20.5823 -2.17333 -3.6
      vertex -20.439 -2.20677 -20
      vertex -20.5823 -2.17333 -20
    endloop
  endfacet
  facet normal 0.0980239 0.995184 -0
    outer loop
      vertex -20.1472 -2.24518 -20
      vertex -20.2937 -2.23075 -3.6
      vertex -20.1472 -2.24518 -3.6
    endloop
  endfacet
  facet normal 0.0980239 0.995184 0
    outer loop
      vertex -20.2937 -2.23075 -3.6
      vertex -20.1472 -2.24518 -20
      vertex -20.2937 -2.23075 -20
    endloop
  endfacet
  facet normal 0.412764 0.910838 -0
    outer loop
      vertex -20.861 -2.07873 -20
      vertex -20.9951 -2.01796 -3.6
      vertex -20.861 -2.07873 -3.6
    endloop
  endfacet
  facet normal 0.412764 0.910838 0
    outer loop
      vertex -20.9951 -2.01796 -3.6
      vertex -20.861 -2.07873 -20
      vertex -20.9951 -2.01796 -20
    endloop
  endfacet
  facet normal 0.88194 0.471361 0
    outer loop
      vertex -21.9486 -1.125 -3.6
      vertex -22.018 -0.995149 -20
      vertex -22.018 -0.995149 -3.6
    endloop
  endfacet
  facet normal 0.88194 0.471361 0
    outer loop
      vertex -22.018 -0.995149 -20
      vertex -21.9486 -1.125 -3.6
      vertex -21.9486 -1.125 -20
    endloop
  endfacet
  facet normal 0.986626 0.163001 0
    outer loop
      vertex -22.2068 -0.438952 -3.6
      vertex -22.2308 -0.293683 -20
      vertex -22.2308 -0.293683 -3.6
    endloop
  endfacet
  facet normal 0.986626 0.163001 0
    outer loop
      vertex -22.2308 -0.293683 -20
      vertex -22.2068 -0.438952 -3.6
      vertex -22.2068 -0.438952 -20
    endloop
  endfacet
  facet normal 0.957016 0.290034 0
    outer loop
      vertex -22.1306 -0.723238 -3.6
      vertex -22.1733 -0.582342 -20
      vertex -22.1733 -0.582342 -3.6
    endloop
  endfacet
  facet normal 0.957016 0.290034 0
    outer loop
      vertex -22.1733 -0.582342 -20
      vertex -22.1306 -0.723238 -3.6
      vertex -22.1306 -0.723238 -20
    endloop
  endfacet
  facet normal -0.866025 -0.500001 0
    outer loop
      vertex -15.7276 0 -3.6
      vertex -17.8638 3.7 0
      vertex -17.8638 3.7 -3.6
    endloop
  endfacet
  facet normal -0.866025 -0.500001 0
    outer loop
      vertex -17.8638 3.7 0
      vertex -15.7276 0 -3.6
      vertex -15.7276 0 0
    endloop
  endfacet
  facet normal 0.866025 -0.500001 0
    outer loop
      vertex -24.2724 0 0
      vertex -22.1362 3.7 -3.6
      vertex -22.1362 3.7 0
    endloop
  endfacet
  facet normal 0.866025 -0.500001 0
    outer loop
      vertex -22.1362 3.7 -3.6
      vertex -24.2724 0 0
      vertex -24.2724 0 -3.6
    endloop
  endfacet
  facet normal 0 -1 0
    outer loop
      vertex -22.1362 3.7 -3.6
      vertex -17.8638 3.7 0
      vertex -22.1362 3.7 0
    endloop
  endfacet
  facet normal 0 -1 -0
    outer loop
      vertex -17.8638 3.7 0
      vertex -22.1362 3.7 -3.6
      vertex -17.8638 3.7 -3.6
    endloop
  endfacet
  facet normal -0.866025 0.500001 0
    outer loop
      vertex -17.8638 -3.7 -3.6
      vertex -15.7276 0 0
      vertex -15.7276 0 -3.6
    endloop
  endfacet
  facet normal -0.866025 0.500001 0
    outer loop
      vertex -15.7276 0 0
      vertex -17.8638 -3.7 -3.6
      vertex -17.8638 -3.7 0
    endloop
  endfacet
  facet normal 0 0 1
    outer loop
      vertex -15.7276 0 -3.6
      vertex -17.7548 0.147157 -3.6
      vertex -17.75 0 -3.6
    endloop
  endfacet
  facet normal 0 0 1
    outer loop
      vertex -15.7276 0 -3.6
      vertex -17.7692 0.293683 -3.6
      vertex -17.7548 0.147157 -3.6
    endloop
  endfacet
  facet normal 0 0 1
    outer loop
      vertex -15.7276 0 -3.6
      vertex -17.7932 0.438952 -3.6
      vertex -17.7692 0.293683 -3.6
    endloop
  endfacet
  facet normal 0 0 1
    outer loop
      vertex -15.7276 0 -3.6
      vertex -17.8267 0.582342 -3.6
      vertex -17.7932 0.438952 -3.6
    endloop
  endfacet
  facet normal -0 0 1
    outer loop
      vertex -18.0514 1.125 -3.6
      vertex -15.7276 0 -3.6
      vertex -17.8638 3.7 -3.6
    endloop
  endfacet
  facet normal 0 0 1
    outer loop
      vertex -15.7276 0 -3.6
      vertex -17.8694 0.723238 -3.6
      vertex -17.8267 0.582342 -3.6
    endloop
  endfacet
  facet normal 0 0 1
    outer loop
      vertex -15.7276 0 -3.6
      vertex -17.9213 0.861037 -3.6
      vertex -17.8694 0.723238 -3.6
    endloop
  endfacet
  facet normal 0 0 1
    outer loop
      vertex -15.7276 0 -3.6
      vertex -17.982 0.995149 -3.6
      vertex -17.9213 0.861037 -3.6
    endloop
  endfacet
  facet normal 0 0 1
    outer loop
      vertex -15.7276 0 -3.6
      vertex -18.0514 1.125 -3.6
      vertex -17.982 0.995149 -3.6
    endloop
  endfacet
  facet normal 0 0 1
    outer loop
      vertex -17.8638 3.7 -3.6
      vertex -18.1292 1.25003 -3.6
      vertex -18.0514 1.125 -3.6
    endloop
  endfacet
  facet normal 0 0 1
    outer loop
      vertex -17.8638 3.7 -3.6
      vertex -18.215 1.36971 -3.6
      vertex -18.1292 1.25003 -3.6
    endloop
  endfacet
  facet normal 0 0 1
    outer loop
      vertex -17.8638 3.7 -3.6
      vertex -18.3084 1.48353 -3.6
      vertex -18.215 1.36971 -3.6
    endloop
  endfacet
  facet normal 0 0 1
    outer loop
      vertex -17.8638 3.7 -3.6
      vertex -18.409 1.59099 -3.6
      vertex -18.3084 1.48353 -3.6
    endloop
  endfacet
  facet normal 0 0 1
    outer loop
      vertex -17.8638 3.7 -3.6
      vertex -18.5165 1.69164 -3.6
      vertex -18.409 1.59099 -3.6
    endloop
  endfacet
  facet normal 0 0 1
    outer loop
      vertex -17.8638 3.7 -3.6
      vertex -18.6303 1.78504 -3.6
      vertex -18.5165 1.69164 -3.6
    endloop
  endfacet
  facet normal 0 0 1
    outer loop
      vertex -17.8638 3.7 -3.6
      vertex -18.75 1.87081 -3.6
      vertex -18.6303 1.78504 -3.6
    endloop
  endfacet
  facet normal 0 0 1
    outer loop
      vertex -17.8638 3.7 -3.6
      vertex -18.875 1.94856 -3.6
      vertex -18.75 1.87081 -3.6
    endloop
  endfacet
  facet normal 0 0 1
    outer loop
      vertex -17.8638 3.7 -3.6
      vertex -19.0049 2.01796 -3.6
      vertex -18.875 1.94856 -3.6
    endloop
  endfacet
  facet normal 0 0 1
    outer loop
      vertex -17.8638 3.7 -3.6
      vertex -19.139 2.07873 -3.6
      vertex -19.0049 2.01796 -3.6
    endloop
  endfacet
  facet normal 0 0 1
    outer loop
      vertex -17.8638 3.7 -3.6
      vertex -19.2768 2.13059 -3.6
      vertex -19.139 2.07873 -3.6
    endloop
  endfacet
  facet normal 0 0 1
    outer loop
      vertex -17.8638 3.7 -3.6
      vertex -19.4177 2.17333 -3.6
      vertex -19.2768 2.13059 -3.6
    endloop
  endfacet
  facet normal 0 0 1
    outer loop
      vertex -17.8638 3.7 -3.6
      vertex -19.561 2.20677 -3.6
      vertex -19.4177 2.17333 -3.6
    endloop
  endfacet
  facet normal 0 0 1
    outer loop
      vertex -17.8638 3.7 -3.6
      vertex -19.7063 2.23075 -3.6
      vertex -19.561 2.20677 -3.6
    endloop
  endfacet
  facet normal 0 0 1
    outer loop
      vertex -17.8638 3.7 -3.6
      vertex -19.8528 2.24518 -3.6
      vertex -19.7063 2.23075 -3.6
    endloop
  endfacet
  facet normal 0 0 1
    outer loop
      vertex -17.8638 3.7 -3.6
      vertex -20 2.25 -3.6
      vertex -19.8528 2.24518 -3.6
    endloop
  endfacet
  facet normal -0 0 1
    outer loop
      vertex -22.1362 3.7 -3.6
      vertex -20 2.25 -3.6
      vertex -17.8638 3.7 -3.6
    endloop
  endfacet
  facet normal 0 0 1
    outer loop
      vertex -20 2.25 -3.6
      vertex -22.1362 3.7 -3.6
      vertex -20.1472 2.24518 -3.6
    endloop
  endfacet
  facet normal 0 0 1
    outer loop
      vertex -20.1472 2.24518 -3.6
      vertex -22.1362 3.7 -3.6
      vertex -20.2937 2.23075 -3.6
    endloop
  endfacet
  facet normal 0 0 1
    outer loop
      vertex -20.2937 2.23075 -3.6
      vertex -22.1362 3.7 -3.6
      vertex -20.439 2.20677 -3.6
    endloop
  endfacet
  facet normal 0 0 1
    outer loop
      vertex -20.439 2.20677 -3.6
      vertex -22.1362 3.7 -3.6
      vertex -20.5823 2.17333 -3.6
    endloop
  endfacet
  facet normal 0 0 1
    outer loop
      vertex -20.5823 2.17333 -3.6
      vertex -22.1362 3.7 -3.6
      vertex -20.7232 2.13059 -3.6
    endloop
  endfacet
  facet normal 0 0 1
    outer loop
      vertex -20.7232 2.13059 -3.6
      vertex -22.1362 3.7 -3.6
      vertex -20.861 2.07873 -3.6
    endloop
  endfacet
  facet normal 0 0 1
    outer loop
      vertex -20.861 2.07873 -3.6
      vertex -22.1362 3.7 -3.6
      vertex -20.9951 2.01796 -3.6
    endloop
  endfacet
  facet normal 0 0 1
    outer loop
      vertex -20.9951 2.01796 -3.6
      vertex -22.1362 3.7 -3.6
      vertex -21.125 1.94856 -3.6
    endloop
  endfacet
  facet normal 0 0 1
    outer loop
      vertex -22.1362 3.7 -3.6
      vertex -21.25 1.87081 -3.6
      vertex -21.125 1.94856 -3.6
    endloop
  endfacet
  facet normal 0 0 1
    outer loop
      vertex -22.1362 3.7 -3.6
      vertex -21.3697 1.78504 -3.6
      vertex -21.25 1.87081 -3.6
    endloop
  endfacet
  facet normal 0 0 1
    outer loop
      vertex -22.1362 3.7 -3.6
      vertex -21.4835 1.69164 -3.6
      vertex -21.3697 1.78504 -3.6
    endloop
  endfacet
  facet normal 0 0 1
    outer loop
      vertex -22.1362 3.7 -3.6
      vertex -21.591 1.59099 -3.6
      vertex -21.4835 1.69164 -3.6
    endloop
  endfacet
  facet normal 0 0 1
    outer loop
      vertex -22.1362 3.7 -3.6
      vertex -21.6916 1.48353 -3.6
      vertex -21.591 1.59099 -3.6
    endloop
  endfacet
  facet normal 0 0 1
    outer loop
      vertex -22.1362 3.7 -3.6
      vertex -21.785 1.36971 -3.6
      vertex -21.6916 1.48353 -3.6
    endloop
  endfacet
  facet normal 0 0 1
    outer loop
      vertex -22.1362 3.7 -3.6
      vertex -21.8708 1.25003 -3.6
      vertex -21.785 1.36971 -3.6
    endloop
  endfacet
  facet normal 0 0 1
    outer loop
      vertex -22.1362 3.7 -3.6
      vertex -21.9486 1.125 -3.6
      vertex -21.8708 1.25003 -3.6
    endloop
  endfacet
  facet normal 0 0 1
    outer loop
      vertex -24.2724 0 -3.6
      vertex -21.9486 1.125 -3.6
      vertex -22.1362 3.7 -3.6
    endloop
  endfacet
  facet normal 0 0 1
    outer loop
      vertex -21.9486 1.125 -3.6
      vertex -24.2724 0 -3.6
      vertex -22.018 0.995149 -3.6
    endloop
  endfacet
  facet normal 0 0 1
    outer loop
      vertex -22.018 0.995149 -3.6
      vertex -24.2724 0 -3.6
      vertex -22.0787 0.861037 -3.6
    endloop
  endfacet
  facet normal 0 0 1
    outer loop
      vertex -22.0787 0.861037 -3.6
      vertex -24.2724 0 -3.6
      vertex -22.1306 0.723238 -3.6
    endloop
  endfacet
  facet normal 0 0 1
    outer loop
      vertex -22.1306 0.723238 -3.6
      vertex -24.2724 0 -3.6
      vertex -22.1733 0.582342 -3.6
    endloop
  endfacet
  facet normal 0 0 1
    outer loop
      vertex -22.1733 0.582342 -3.6
      vertex -24.2724 0 -3.6
      vertex -22.2068 0.438952 -3.6
    endloop
  endfacet
  facet normal 0 0 1
    outer loop
      vertex -22.2068 0.438952 -3.6
      vertex -24.2724 0 -3.6
      vertex -22.2308 0.293683 -3.6
    endloop
  endfacet
  facet normal 0 0 1
    outer loop
      vertex -22.2308 0.293683 -3.6
      vertex -24.2724 0 -3.6
      vertex -22.2452 0.147157 -3.6
    endloop
  endfacet
  facet normal 0 0 1
    outer loop
      vertex -22.2452 0.147157 -3.6
      vertex -24.2724 0 -3.6
      vertex -22.25 0 -3.6
    endloop
  endfacet
  facet normal 0 0 1
    outer loop
      vertex -17.7548 -0.147157 -3.6
      vertex -15.7276 0 -3.6
      vertex -17.75 0 -3.6
    endloop
  endfacet
  facet normal 0 0 1
    outer loop
      vertex -17.7692 -0.293683 -3.6
      vertex -15.7276 0 -3.6
      vertex -17.7548 -0.147157 -3.6
    endloop
  endfacet
  facet normal 0 0 1
    outer loop
      vertex -17.7932 -0.438952 -3.6
      vertex -15.7276 0 -3.6
      vertex -17.7692 -0.293683 -3.6
    endloop
  endfacet
  facet normal 0 0 1
    outer loop
      vertex -17.8267 -0.582342 -3.6
      vertex -15.7276 0 -3.6
      vertex -17.7932 -0.438952 -3.6
    endloop
  endfacet
  facet normal 0 0 1
    outer loop
      vertex -17.8694 -0.723238 -3.6
      vertex -15.7276 0 -3.6
      vertex -17.8267 -0.582342 -3.6
    endloop
  endfacet
  facet normal 0 0 1
    outer loop
      vertex -17.9213 -0.861037 -3.6
      vertex -15.7276 0 -3.6
      vertex -17.8694 -0.723238 -3.6
    endloop
  endfacet
  facet normal 0 0 1
    outer loop
      vertex -17.982 -0.995149 -3.6
      vertex -15.7276 0 -3.6
      vertex -17.9213 -0.861037 -3.6
    endloop
  endfacet
  facet normal 0 0 1
    outer loop
      vertex -18.0514 -1.125 -3.6
      vertex -15.7276 0 -3.6
      vertex -17.982 -0.995149 -3.6
    endloop
  endfacet
  facet normal 0 0 1
    outer loop
      vertex -15.7276 0 -3.6
      vertex -18.0514 -1.125 -3.6
      vertex -17.8638 -3.7 -3.6
    endloop
  endfacet
  facet normal -0 0 1
    outer loop
      vertex -18.1292 -1.25003 -3.6
      vertex -17.8638 -3.7 -3.6
      vertex -18.0514 -1.125 -3.6
    endloop
  endfacet
  facet normal -0 0 1
    outer loop
      vertex -18.215 -1.36971 -3.6
      vertex -17.8638 -3.7 -3.6
      vertex -18.1292 -1.25003 -3.6
    endloop
  endfacet
  facet normal -0 0 1
    outer loop
      vertex -18.3084 -1.48353 -3.6
      vertex -17.8638 -3.7 -3.6
      vertex -18.215 -1.36971 -3.6
    endloop
  endfacet
  facet normal -0 0 1
    outer loop
      vertex -18.409 -1.59099 -3.6
      vertex -17.8638 -3.7 -3.6
      vertex -18.3084 -1.48353 -3.6
    endloop
  endfacet
  facet normal -0 0 1
    outer loop
      vertex -18.5165 -1.69164 -3.6
      vertex -17.8638 -3.7 -3.6
      vertex -18.409 -1.59099 -3.6
    endloop
  endfacet
  facet normal -0 0 1
    outer loop
      vertex -18.6303 -1.78504 -3.6
      vertex -17.8638 -3.7 -3.6
      vertex -18.5165 -1.69164 -3.6
    endloop
  endfacet
  facet normal -0 0 1
    outer loop
      vertex -18.75 -1.87081 -3.6
      vertex -17.8638 -3.7 -3.6
      vertex -18.6303 -1.78504 -3.6
    endloop
  endfacet
  facet normal -0 0 1
    outer loop
      vertex -18.875 -1.94856 -3.6
      vertex -17.8638 -3.7 -3.6
      vertex -18.75 -1.87081 -3.6
    endloop
  endfacet
  facet normal -0 0 1
    outer loop
      vertex -19.0049 -2.01796 -3.6
      vertex -17.8638 -3.7 -3.6
      vertex -18.875 -1.94856 -3.6
    endloop
  endfacet
  facet normal -0 0 1
    outer loop
      vertex -19.139 -2.07873 -3.6
      vertex -17.8638 -3.7 -3.6
      vertex -19.0049 -2.01796 -3.6
    endloop
  endfacet
  facet normal -0 0 1
    outer loop
      vertex -19.2768 -2.13059 -3.6
      vertex -17.8638 -3.7 -3.6
      vertex -19.139 -2.07873 -3.6
    endloop
  endfacet
  facet normal -0 0 1
    outer loop
      vertex -19.4177 -2.17333 -3.6
      vertex -17.8638 -3.7 -3.6
      vertex -19.2768 -2.13059 -3.6
    endloop
  endfacet
  facet normal -0 0 1
    outer loop
      vertex -19.561 -2.20677 -3.6
      vertex -17.8638 -3.7 -3.6
      vertex -19.4177 -2.17333 -3.6
    endloop
  endfacet
  facet normal -0 0 1
    outer loop
      vertex -19.7063 -2.23075 -3.6
      vertex -17.8638 -3.7 -3.6
      vertex -19.561 -2.20677 -3.6
    endloop
  endfacet
  facet normal -0 0 1
    outer loop
      vertex -19.8528 -2.24518 -3.6
      vertex -17.8638 -3.7 -3.6
      vertex -19.7063 -2.23075 -3.6
    endloop
  endfacet
  facet normal -0 0 1
    outer loop
      vertex -20 -2.25 -3.6
      vertex -17.8638 -3.7 -3.6
      vertex -19.8528 -2.24518 -3.6
    endloop
  endfacet
  facet normal 0 0 1
    outer loop
      vertex -22.1362 -3.7 -3.6
      vertex -20 -2.25 -3.6
      vertex -20.1472 -2.24518 -3.6
    endloop
  endfacet
  facet normal 0 0 1
    outer loop
      vertex -22.1362 -3.7 -3.6
      vertex -20.1472 -2.24518 -3.6
      vertex -20.2937 -2.23075 -3.6
    endloop
  endfacet
  facet normal 0 0 1
    outer loop
      vertex -22.1362 -3.7 -3.6
      vertex -20.2937 -2.23075 -3.6
      vertex -20.439 -2.20677 -3.6
    endloop
  endfacet
  facet normal 0 0 1
    outer loop
      vertex -22.1362 -3.7 -3.6
      vertex -20.439 -2.20677 -3.6
      vertex -20.5823 -2.17333 -3.6
    endloop
  endfacet
  facet normal 0 0 1
    outer loop
      vertex -22.1362 -3.7 -3.6
      vertex -20.5823 -2.17333 -3.6
      vertex -20.7232 -2.13059 -3.6
    endloop
  endfacet
  facet normal 0 0 1
    outer loop
      vertex -22.1362 -3.7 -3.6
      vertex -20.7232 -2.13059 -3.6
      vertex -20.861 -2.07873 -3.6
    endloop
  endfacet
  facet normal 0 0 1
    outer loop
      vertex -22.1362 -3.7 -3.6
      vertex -20.861 -2.07873 -3.6
      vertex -20.9951 -2.01796 -3.6
    endloop
  endfacet
  facet normal 0 0 1
    outer loop
      vertex -22.1362 -3.7 -3.6
      vertex -20.9951 -2.01796 -3.6
      vertex -21.125 -1.94856 -3.6
    endloop
  endfacet
  facet normal 0 0 1
    outer loop
      vertex -20 -2.25 -3.6
      vertex -22.1362 -3.7 -3.6
      vertex -17.8638 -3.7 -3.6
    endloop
  endfacet
  facet normal 0 0 1
    outer loop
      vertex -21.25 -1.87081 -3.6
      vertex -22.1362 -3.7 -3.6
      vertex -21.125 -1.94856 -3.6
    endloop
  endfacet
  facet normal 0 0 1
    outer loop
      vertex -21.3697 -1.78504 -3.6
      vertex -22.1362 -3.7 -3.6
      vertex -21.25 -1.87081 -3.6
    endloop
  endfacet
  facet normal 0 0 1
    outer loop
      vertex -21.4835 -1.69164 -3.6
      vertex -22.1362 -3.7 -3.6
      vertex -21.3697 -1.78504 -3.6
    endloop
  endfacet
  facet normal 0 0 1
    outer loop
      vertex -21.591 -1.59099 -3.6
      vertex -22.1362 -3.7 -3.6
      vertex -21.4835 -1.69164 -3.6
    endloop
  endfacet
  facet normal 0 0 1
    outer loop
      vertex -21.6916 -1.48353 -3.6
      vertex -22.1362 -3.7 -3.6
      vertex -21.591 -1.59099 -3.6
    endloop
  endfacet
  facet normal 0 0 1
    outer loop
      vertex -21.785 -1.36971 -3.6
      vertex -22.1362 -3.7 -3.6
      vertex -21.6916 -1.48353 -3.6
    endloop
  endfacet
  facet normal 0 0 1
    outer loop
      vertex -21.8708 -1.25003 -3.6
      vertex -22.1362 -3.7 -3.6
      vertex -21.785 -1.36971 -3.6
    endloop
  endfacet
  facet normal 0 0 1
    outer loop
      vertex -21.9486 -1.125 -3.6
      vertex -22.1362 -3.7 -3.6
      vertex -21.8708 -1.25003 -3.6
    endloop
  endfacet
  facet normal 0 0 1
    outer loop
      vertex -24.2724 0 -3.6
      vertex -21.9486 -1.125 -3.6
      vertex -22.018 -0.995149 -3.6
    endloop
  endfacet
  facet normal 0 0 1
    outer loop
      vertex -24.2724 0 -3.6
      vertex -22.018 -0.995149 -3.6
      vertex -22.0787 -0.861037 -3.6
    endloop
  endfacet
  facet normal 0 0 1
    outer loop
      vertex -24.2724 0 -3.6
      vertex -22.0787 -0.861037 -3.6
      vertex -22.1306 -0.723238 -3.6
    endloop
  endfacet
  facet normal 0 0 1
    outer loop
      vertex -24.2724 0 -3.6
      vertex -22.1306 -0.723238 -3.6
      vertex -22.1733 -0.582342 -3.6
    endloop
  endfacet
  facet normal 0 0 1
    outer loop
      vertex -24.2724 0 -3.6
      vertex -22.1733 -0.582342 -3.6
      vertex -22.2068 -0.438952 -3.6
    endloop
  endfacet
  facet normal 0 0 1
    outer loop
      vertex -24.2724 0 -3.6
      vertex -22.2068 -0.438952 -3.6
      vertex -22.2308 -0.293683 -3.6
    endloop
  endfacet
  facet normal 0 0 1
    outer loop
      vertex -24.2724 0 -3.6
      vertex -22.2308 -0.293683 -3.6
      vertex -22.2452 -0.147157 -3.6
    endloop
  endfacet
  facet normal -0 0 1
    outer loop
      vertex -24.2724 0 -3.6
      vertex -22.2452 -0.147157 -3.6
      vertex -22.25 0 -3.6
    endloop
  endfacet
  facet normal 0 0 1
    outer loop
      vertex -21.9486 -1.125 -3.6
      vertex -24.2724 0 -3.6
      vertex -22.1362 -3.7 -3.6
    endloop
  endfacet
  facet normal 0 1 -0
    outer loop
      vertex -17.8638 -3.7 -3.6
      vertex -22.1362 -3.7 0
      vertex -17.8638 -3.7 0
    endloop
  endfacet
  facet normal 0 1 0
    outer loop
      vertex -22.1362 -3.7 0
      vertex -17.8638 -3.7 -3.6
      vertex -22.1362 -3.7 -3.6
    endloop
  endfacet
  facet normal 0.866025 0.500001 0
    outer loop
      vertex -22.1362 -3.7 0
      vertex -24.2724 0 -3.6
      vertex -24.2724 0 0
    endloop
  endfacet
  facet normal 0.866025 0.500001 0
    outer loop
      vertex -24.2724 0 -3.6
      vertex -22.1362 -3.7 0
      vertex -22.1362 -3.7 -3.6
    endloop
  endfacet
  facet normal -0.986626 -0.163001 0
    outer loop
      vertex 22.2308 0.293683 -20
      vertex 22.2068 0.438952 -3.6
      vertex 22.2068 0.438952 -20
    endloop
  endfacet
  facet normal -0.986626 -0.163001 0
    outer loop
      vertex 22.2068 0.438952 -3.6
      vertex 22.2308 0.293683 -20
      vertex 22.2308 0.293683 -3.6
    endloop
  endfacet
  facet normal -0.999468 -0.0326009 0
    outer loop
      vertex 22.25 0 -20
      vertex 22.2452 0.147157 -3.6
      vertex 22.2452 0.147157 -20
    endloop
  endfacet
  facet normal -0.999468 -0.0326009 0
    outer loop
      vertex 22.2452 0.147157 -3.6
      vertex 22.25 0 -20
      vertex 22.25 0 -3.6
    endloop
  endfacet
  facet normal 0.032727 -0.999464 0
    outer loop
      vertex 19.8528 2.24518 -20
      vertex 20 2.25 -3.6
      vertex 19.8528 2.24518 -3.6
    endloop
  endfacet
  facet normal 0.032727 -0.999464 0
    outer loop
      vertex 20 2.25 -3.6
      vertex 19.8528 2.24518 -20
      vertex 20 2.25 -20
    endloop
  endfacet
  facet normal -0.683467 -0.729982 0
    outer loop
      vertex 21.4835 1.69164 -20
      vertex 21.591 1.59099 -3.6
      vertex 21.4835 1.69164 -3.6
    endloop
  endfacet
  facet normal -0.683467 -0.729982 -0
    outer loop
      vertex 21.591 1.59099 -3.6
      vertex 21.4835 1.69164 -20
      vertex 21.591 1.59099 -20
    endloop
  endfacet
  facet normal 0.730024 -0.683421 0
    outer loop
      vertex 18.3084 1.48353 -3.6
      vertex 18.409 1.59099 -20
      vertex 18.409 1.59099 -3.6
    endloop
  endfacet
  facet normal 0.730024 -0.683421 0
    outer loop
      vertex 18.409 1.59099 -20
      vertex 18.3084 1.48353 -3.6
      vertex 18.3084 1.48353 -20
    endloop
  endfacet
  facet normal 0.412764 -0.910838 0
    outer loop
      vertex 19.0049 2.01796 -20
      vertex 19.139 2.07873 -3.6
      vertex 19.0049 2.01796 -3.6
    endloop
  endfacet
  facet normal 0.412764 -0.910838 0
    outer loop
      vertex 19.139 2.07873 -3.6
      vertex 19.0049 2.01796 -20
      vertex 19.139 2.07873 -20
    endloop
  endfacet
  facet normal -0.911031 -0.412339 0
    outer loop
      vertex 22.0787 0.861037 -20
      vertex 22.018 0.995149 -3.6
      vertex 22.018 0.995149 -20
    endloop
  endfacet
  facet normal -0.911031 -0.412339 0
    outer loop
      vertex 22.018 0.995149 -3.6
      vertex 22.0787 0.861037 -20
      vertex 22.0787 0.861037 -3.6
    endloop
  endfacet
  facet normal -0.352225 -0.935915 0
    outer loop
      vertex 20.7232 2.13059 -20
      vertex 20.861 2.07873 -3.6
      vertex 20.7232 2.13059 -3.6
    endloop
  endfacet
  facet normal -0.352225 -0.935915 -0
    outer loop
      vertex 20.861 2.07873 -3.6
      vertex 20.7232 2.13059 -20
      vertex 20.861 2.07873 -20
    endloop
  endfacet
  facet normal 0.88194 -0.471361 0
    outer loop
      vertex 17.982 0.995149 -3.6
      vertex 18.0514 1.125 -20
      vertex 18.0514 1.125 -3.6
    endloop
  endfacet
  facet normal 0.88194 -0.471361 0
    outer loop
      vertex 18.0514 1.125 -20
      vertex 17.982 0.995149 -3.6
      vertex 17.982 0.995149 -20
    endloop
  endfacet
  facet normal 0.911031 0.412339 0
    outer loop
      vertex 17.982 -0.995149 -3.6
      vertex 17.9213 -0.861037 -20
      vertex 17.9213 -0.861037 -3.6
    endloop
  endfacet
  facet normal 0.911031 0.412339 0
    outer loop
      vertex 17.9213 -0.861037 -20
      vertex 17.982 -0.995149 -3.6
      vertex 17.982 -0.995149 -20
    endloop
  endfacet
  facet normal -0.973778 -0.227502 0
    outer loop
      vertex 22.2068 0.438952 -20
      vertex 22.1733 0.582342 -3.6
      vertex 22.1733 0.582342 -20
    endloop
  endfacet
  facet normal -0.973778 -0.227502 0
    outer loop
      vertex 22.1733 0.582342 -3.6
      vertex 22.2068 0.438952 -20
      vertex 22.2068 0.438952 -3.6
    endloop
  endfacet
  facet normal -0.730024 -0.683421 0
    outer loop
      vertex 21.6916 1.48353 -20
      vertex 21.591 1.59099 -3.6
      vertex 21.591 1.59099 -20
    endloop
  endfacet
  facet normal -0.730024 -0.683421 0
    outer loop
      vertex 21.591 1.59099 -3.6
      vertex 21.6916 1.48353 -20
      vertex 21.6916 1.48353 -3.6
    endloop
  endfacet
  facet normal -0.849046 -0.528319 0
    outer loop
      vertex 21.9486 1.125 -20
      vertex 21.8708 1.25003 -3.6
      vertex 21.8708 1.25003 -20
    endloop
  endfacet
  facet normal -0.849046 -0.528319 0
    outer loop
      vertex 21.8708 1.25003 -3.6
      vertex 21.9486 1.125 -20
      vertex 21.9486 1.125 -3.6
    endloop
  endfacet
  facet normal -0.162835 -0.986653 0
    outer loop
      vertex 20.2937 2.23075 -20
      vertex 20.439 2.20677 -3.6
      vertex 20.2937 2.23075 -3.6
    endloop
  endfacet
  facet normal -0.162835 -0.986653 -0
    outer loop
      vertex 20.439 2.20677 -3.6
      vertex 20.2937 2.23075 -20
      vertex 20.439 2.20677 -20
    endloop
  endfacet
  facet normal -0.032727 -0.999464 0
    outer loop
      vertex 20 2.25 -20
      vertex 20.1472 2.24518 -3.6
      vertex 20 2.25 -3.6
    endloop
  endfacet
  facet normal -0.032727 -0.999464 -0
    outer loop
      vertex 20.1472 2.24518 -3.6
      vertex 20 2.25 -20
      vertex 20.1472 2.24518 -20
    endloop
  endfacet
  facet normal -0.634421 -0.772988 0
    outer loop
      vertex 21.3697 1.78504 -20
      vertex 21.4835 1.69164 -3.6
      vertex 21.3697 1.78504 -3.6
    endloop
  endfacet
  facet normal -0.634421 -0.772988 -0
    outer loop
      vertex 21.4835 1.69164 -3.6
      vertex 21.3697 1.78504 -20
      vertex 21.4835 1.69164 -20
    endloop
  endfacet
  facet normal -0.412764 -0.910838 0
    outer loop
      vertex 20.861 2.07873 -20
      vertex 20.9951 2.01796 -3.6
      vertex 20.861 2.07873 -3.6
    endloop
  endfacet
  facet normal -0.412764 -0.910838 -0
    outer loop
      vertex 20.9951 2.01796 -3.6
      vertex 20.861 2.07873 -20
      vertex 20.9951 2.01796 -20
    endloop
  endfacet
  facet normal 0.935825 -0.352465 0
    outer loop
      vertex 17.8694 0.723238 -3.6
      vertex 17.9213 0.861037 -20
      vertex 17.9213 0.861037 -3.6
    endloop
  endfacet
  facet normal 0.935825 -0.352465 0
    outer loop
      vertex 17.9213 0.861037 -20
      vertex 17.8694 0.723238 -3.6
      vertex 17.8694 0.723238 -20
    endloop
  endfacet
  facet normal 0.986626 -0.163001 0
    outer loop
      vertex 17.7692 0.293683 -3.6
      vertex 17.7932 0.438952 -20
      vertex 17.7932 0.438952 -3.6
    endloop
  endfacet
  facet normal 0.986626 -0.163001 0
    outer loop
      vertex 17.7932 0.438952 -20
      vertex 17.7692 0.293683 -3.6
      vertex 17.7692 0.293683 -20
    endloop
  endfacet
  facet normal 0.582452 -0.812865 0
    outer loop
      vertex 18.6303 1.78504 -20
      vertex 18.75 1.87081 -3.6
      vertex 18.6303 1.78504 -3.6
    endloop
  endfacet
  facet normal 0.582452 -0.812865 0
    outer loop
      vertex 18.75 1.87081 -3.6
      vertex 18.6303 1.78504 -20
      vertex 18.75 1.87081 -20
    endloop
  endfacet
  facet normal 0.471222 -0.882014 0
    outer loop
      vertex 18.875 1.94856 -20
      vertex 19.0049 2.01796 -3.6
      vertex 18.875 1.94856 -3.6
    endloop
  endfacet
  facet normal 0.471222 -0.882014 0
    outer loop
      vertex 19.0049 2.01796 -3.6
      vertex 18.875 1.94856 -20
      vertex 19.0049 2.01796 -20
    endloop
  endfacet
  facet normal 0.683467 -0.729982 0
    outer loop
      vertex 18.409 1.59099 -20
      vertex 18.5165 1.69164 -3.6
      vertex 18.409 1.59099 -3.6
    endloop
  endfacet
  facet normal 0.683467 -0.729982 0
    outer loop
      vertex 18.5165 1.69164 -3.6
      vertex 18.409 1.59099 -20
      vertex 18.5165 1.69164 -20
    endloop
  endfacet
  facet normal 0.162835 -0.986653 0
    outer loop
      vertex 19.561 2.20677 -20
      vertex 19.7063 2.23075 -3.6
      vertex 19.561 2.20677 -3.6
    endloop
  endfacet
  facet normal 0.162835 -0.986653 0
    outer loop
      vertex 19.7063 2.23075 -3.6
      vertex 19.561 2.20677 -20
      vertex 19.7063 2.23075 -20
    endloop
  endfacet
  facet normal 0.352225 -0.935915 0
    outer loop
      vertex 19.139 2.07873 -20
      vertex 19.2768 2.13059 -3.6
      vertex 19.139 2.07873 -3.6
    endloop
  endfacet
  facet normal 0.352225 -0.935915 0
    outer loop
      vertex 19.2768 2.13059 -3.6
      vertex 19.139 2.07873 -20
      vertex 19.2768 2.13059 -20
    endloop
  endfacet
  facet normal 0.227251 -0.973836 0
    outer loop
      vertex 19.4177 2.17333 -20
      vertex 19.561 2.20677 -3.6
      vertex 19.4177 2.17333 -3.6
    endloop
  endfacet
  facet normal 0.227251 -0.973836 0
    outer loop
      vertex 19.561 2.20677 -3.6
      vertex 19.4177 2.17333 -20
      vertex 19.561 2.20677 -20
    endloop
  endfacet
  facet normal -0.471222 0.882014 0
    outer loop
      vertex 21.125 -1.94856 -20
      vertex 20.9951 -2.01796 -3.6
      vertex 21.125 -1.94856 -3.6
    endloop
  endfacet
  facet normal -0.471222 0.882014 0
    outer loop
      vertex 20.9951 -2.01796 -3.6
      vertex 21.125 -1.94856 -20
      vertex 20.9951 -2.01796 -20
    endloop
  endfacet
  facet normal -0.935825 0.352465 0
    outer loop
      vertex 22.0787 -0.861037 -20
      vertex 22.1306 -0.723238 -3.6
      vertex 22.1306 -0.723238 -20
    endloop
  endfacet
  facet normal -0.935825 0.352465 0
    outer loop
      vertex 22.1306 -0.723238 -3.6
      vertex 22.0787 -0.861037 -20
      vertex 22.0787 -0.861037 -3.6
    endloop
  endfacet
  facet normal 0.973778 0.227502 0
    outer loop
      vertex 17.8267 -0.582342 -3.6
      vertex 17.7932 -0.438952 -20
      vertex 17.7932 -0.438952 -3.6
    endloop
  endfacet
  facet normal 0.973778 0.227502 0
    outer loop
      vertex 17.7932 -0.438952 -20
      vertex 17.8267 -0.582342 -3.6
      vertex 17.8267 -0.582342 -20
    endloop
  endfacet
  facet normal -0.352225 0.935915 0
    outer loop
      vertex 20.861 -2.07873 -20
      vertex 20.7232 -2.13059 -3.6
      vertex 20.861 -2.07873 -3.6
    endloop
  endfacet
  facet normal -0.352225 0.935915 0
    outer loop
      vertex 20.7232 -2.13059 -3.6
      vertex 20.861 -2.07873 -20
      vertex 20.7232 -2.13059 -20
    endloop
  endfacet
  facet normal -0.995206 -0.0978049 0
    outer loop
      vertex 22.2452 0.147157 -20
      vertex 22.2308 0.293683 -3.6
      vertex 22.2308 0.293683 -20
    endloop
  endfacet
  facet normal -0.995206 -0.0978049 0
    outer loop
      vertex 22.2308 0.293683 -3.6
      vertex 22.2452 0.147157 -20
      vertex 22.2452 0.147157 -3.6
    endloop
  endfacet
  facet normal -0.957016 -0.290034 0
    outer loop
      vertex 22.1733 0.582342 -20
      vertex 22.1306 0.723238 -3.6
      vertex 22.1306 0.723238 -20
    endloop
  endfacet
  facet normal -0.957016 -0.290034 0
    outer loop
      vertex 22.1306 0.723238 -3.6
      vertex 22.1733 0.582342 -20
      vertex 22.1733 0.582342 -3.6
    endloop
  endfacet
  facet normal -0.935825 -0.352465 0
    outer loop
      vertex 22.1306 0.723238 -20
      vertex 22.0787 0.861037 -3.6
      vertex 22.0787 0.861037 -20
    endloop
  endfacet
  facet normal -0.935825 -0.352465 0
    outer loop
      vertex 22.0787 0.861037 -3.6
      vertex 22.1306 0.723238 -20
      vertex 22.1306 0.723238 -3.6
    endloop
  endfacet
  facet normal -0.812723 -0.582651 0
    outer loop
      vertex 21.8708 1.25003 -20
      vertex 21.785 1.36971 -3.6
      vertex 21.785 1.36971 -20
    endloop
  endfacet
  facet normal -0.812723 -0.582651 0
    outer loop
      vertex 21.785 1.36971 -3.6
      vertex 21.8708 1.25003 -20
      vertex 21.8708 1.25003 -3.6
    endloop
  endfacet
  facet normal -0.88194 -0.471361 0
    outer loop
      vertex 22.018 0.995149 -20
      vertex 21.9486 1.125 -3.6
      vertex 21.9486 1.125 -20
    endloop
  endfacet
  facet normal -0.88194 -0.471361 0
    outer loop
      vertex 21.9486 1.125 -3.6
      vertex 22.018 0.995149 -20
      vertex 22.018 0.995149 -3.6
    endloop
  endfacet
  facet normal -0.290275 -0.956943 0
    outer loop
      vertex 20.5823 2.17333 -20
      vertex 20.7232 2.13059 -3.6
      vertex 20.5823 2.17333 -3.6
    endloop
  endfacet
  facet normal -0.290275 -0.956943 -0
    outer loop
      vertex 20.7232 2.13059 -3.6
      vertex 20.5823 2.17333 -20
      vertex 20.7232 2.13059 -20
    endloop
  endfacet
  facet normal -0.227251 -0.973836 0
    outer loop
      vertex 20.439 2.20677 -20
      vertex 20.5823 2.17333 -3.6
      vertex 20.439 2.20677 -3.6
    endloop
  endfacet
  facet normal -0.227251 -0.973836 -0
    outer loop
      vertex 20.5823 2.17333 -3.6
      vertex 20.439 2.20677 -20
      vertex 20.5823 2.17333 -20
    endloop
  endfacet
  facet normal -0.0980239 -0.995184 0
    outer loop
      vertex 20.1472 2.24518 -20
      vertex 20.2937 2.23075 -3.6
      vertex 20.1472 2.24518 -3.6
    endloop
  endfacet
  facet normal -0.0980239 -0.995184 -0
    outer loop
      vertex 20.2937 2.23075 -3.6
      vertex 20.1472 2.24518 -20
      vertex 20.2937 2.23075 -20
    endloop
  endfacet
  facet normal -0.471222 -0.882014 0
    outer loop
      vertex 20.9951 2.01796 -20
      vertex 21.125 1.94856 -3.6
      vertex 20.9951 2.01796 -3.6
    endloop
  endfacet
  facet normal -0.471222 -0.882014 -0
    outer loop
      vertex 21.125 1.94856 -3.6
      vertex 20.9951 2.01796 -20
      vertex 21.125 1.94856 -20
    endloop
  endfacet
  facet normal -0.582452 -0.812865 0
    outer loop
      vertex 21.25 1.87081 -20
      vertex 21.3697 1.78504 -3.6
      vertex 21.25 1.87081 -3.6
    endloop
  endfacet
  facet normal -0.582452 -0.812865 -0
    outer loop
      vertex 21.3697 1.78504 -3.6
      vertex 21.25 1.87081 -20
      vertex 21.3697 1.78504 -20
    endloop
  endfacet
  facet normal -0.528166 -0.849141 0
    outer loop
      vertex 21.125 1.94856 -20
      vertex 21.25 1.87081 -3.6
      vertex 21.125 1.94856 -3.6
    endloop
  endfacet
  facet normal -0.528166 -0.849141 -0
    outer loop
      vertex 21.25 1.87081 -3.6
      vertex 21.125 1.94856 -20
      vertex 21.25 1.87081 -20
    endloop
  endfacet
  facet normal 0.999468 0.0326009 0
    outer loop
      vertex 17.7548 -0.147157 -3.6
      vertex 17.75 0 -20
      vertex 17.75 0 -3.6
    endloop
  endfacet
  facet normal 0.999468 0.0326009 0
    outer loop
      vertex 17.75 0 -20
      vertex 17.7548 -0.147157 -3.6
      vertex 17.7548 -0.147157 -20
    endloop
  endfacet
  facet normal 0.911031 -0.412339 0
    outer loop
      vertex 17.9213 0.861037 -3.6
      vertex 17.982 0.995149 -20
      vertex 17.982 0.995149 -3.6
    endloop
  endfacet
  facet normal 0.911031 -0.412339 0
    outer loop
      vertex 17.982 0.995149 -20
      vertex 17.9213 0.861037 -3.6
      vertex 17.9213 0.861037 -20
    endloop
  endfacet
  facet normal 0.957016 -0.290034 0
    outer loop
      vertex 17.8267 0.582342 -3.6
      vertex 17.8694 0.723238 -20
      vertex 17.8694 0.723238 -3.6
    endloop
  endfacet
  facet normal 0.957016 -0.290034 0
    outer loop
      vertex 17.8694 0.723238 -20
      vertex 17.8267 0.582342 -3.6
      vertex 17.8267 0.582342 -20
    endloop
  endfacet
  facet normal 0.995206 -0.0978049 0
    outer loop
      vertex 17.7548 0.147157 -3.6
      vertex 17.7692 0.293683 -20
      vertex 17.7692 0.293683 -3.6
    endloop
  endfacet
  facet normal 0.995206 -0.0978049 0
    outer loop
      vertex 17.7692 0.293683 -20
      vertex 17.7548 0.147157 -3.6
      vertex 17.7548 0.147157 -20
    endloop
  endfacet
  facet normal 0.973778 -0.227502 0
    outer loop
      vertex 17.7932 0.438952 -3.6
      vertex 17.8267 0.582342 -20
      vertex 17.8267 0.582342 -3.6
    endloop
  endfacet
  facet normal 0.973778 -0.227502 0
    outer loop
      vertex 17.8267 0.582342 -20
      vertex 17.7932 0.438952 -3.6
      vertex 17.7932 0.438952 -20
    endloop
  endfacet
  facet normal 0.528166 -0.849141 0
    outer loop
      vertex 18.75 1.87081 -20
      vertex 18.875 1.94856 -3.6
      vertex 18.75 1.87081 -3.6
    endloop
  endfacet
  facet normal 0.528166 -0.849141 0
    outer loop
      vertex 18.875 1.94856 -3.6
      vertex 18.75 1.87081 -20
      vertex 18.875 1.94856 -20
    endloop
  endfacet
  facet normal 0.634421 -0.772988 0
    outer loop
      vertex 18.5165 1.69164 -20
      vertex 18.6303 1.78504 -3.6
      vertex 18.5165 1.69164 -3.6
    endloop
  endfacet
  facet normal 0.634421 -0.772988 0
    outer loop
      vertex 18.6303 1.78504 -3.6
      vertex 18.5165 1.69164 -20
      vertex 18.6303 1.78504 -20
    endloop
  endfacet
  facet normal 0.290275 -0.956943 0
    outer loop
      vertex 19.2768 2.13059 -20
      vertex 19.4177 2.17333 -3.6
      vertex 19.2768 2.13059 -3.6
    endloop
  endfacet
  facet normal 0.290275 -0.956943 0
    outer loop
      vertex 19.4177 2.17333 -3.6
      vertex 19.2768 2.13059 -20
      vertex 19.4177 2.17333 -20
    endloop
  endfacet
  facet normal 0.0980239 -0.995184 0
    outer loop
      vertex 19.7063 2.23075 -20
      vertex 19.8528 2.24518 -3.6
      vertex 19.7063 2.23075 -3.6
    endloop
  endfacet
  facet normal 0.0980239 -0.995184 0
    outer loop
      vertex 19.8528 2.24518 -3.6
      vertex 19.7063 2.23075 -20
      vertex 19.8528 2.24518 -20
    endloop
  endfacet
  facet normal -0.986626 0.163001 0
    outer loop
      vertex 22.2068 -0.438952 -20
      vertex 22.2308 -0.293683 -3.6
      vertex 22.2308 -0.293683 -20
    endloop
  endfacet
  facet normal -0.986626 0.163001 0
    outer loop
      vertex 22.2308 -0.293683 -3.6
      vertex 22.2068 -0.438952 -20
      vertex 22.2068 -0.438952 -3.6
    endloop
  endfacet
  facet normal -0.032727 0.999464 0
    outer loop
      vertex 20.1472 -2.24518 -20
      vertex 20 -2.25 -3.6
      vertex 20.1472 -2.24518 -3.6
    endloop
  endfacet
  facet normal -0.032727 0.999464 0
    outer loop
      vertex 20 -2.25 -3.6
      vertex 20.1472 -2.24518 -20
      vertex 20 -2.25 -20
    endloop
  endfacet
  facet normal 0.352225 0.935915 -0
    outer loop
      vertex 19.2768 -2.13059 -20
      vertex 19.139 -2.07873 -3.6
      vertex 19.2768 -2.13059 -3.6
    endloop
  endfacet
  facet normal 0.352225 0.935915 0
    outer loop
      vertex 19.139 -2.07873 -3.6
      vertex 19.2768 -2.13059 -20
      vertex 19.139 -2.07873 -20
    endloop
  endfacet
  facet normal 0.730024 0.683421 0
    outer loop
      vertex 18.409 -1.59099 -3.6
      vertex 18.3084 -1.48353 -20
      vertex 18.3084 -1.48353 -3.6
    endloop
  endfacet
  facet normal 0.730024 0.683421 0
    outer loop
      vertex 18.3084 -1.48353 -20
      vertex 18.409 -1.59099 -3.6
      vertex 18.409 -1.59099 -20
    endloop
  endfacet
  facet normal 0.995206 0.0978049 0
    outer loop
      vertex 17.7692 -0.293683 -3.6
      vertex 17.7548 -0.147157 -20
      vertex 17.7548 -0.147157 -3.6
    endloop
  endfacet
  facet normal 0.995206 0.0978049 0
    outer loop
      vertex 17.7548 -0.147157 -20
      vertex 17.7692 -0.293683 -3.6
      vertex 17.7692 -0.293683 -20
    endloop
  endfacet
  facet normal -0.773043 -0.634354 0
    outer loop
      vertex 21.785 1.36971 -20
      vertex 21.6916 1.48353 -3.6
      vertex 21.6916 1.48353 -20
    endloop
  endfacet
  facet normal -0.773043 -0.634354 0
    outer loop
      vertex 21.6916 1.48353 -3.6
      vertex 21.785 1.36971 -20
      vertex 21.785 1.36971 -3.6
    endloop
  endfacet
  facet normal 0.849046 -0.528319 0
    outer loop
      vertex 18.0514 1.125 -3.6
      vertex 18.1292 1.25003 -20
      vertex 18.1292 1.25003 -3.6
    endloop
  endfacet
  facet normal 0.849046 -0.528319 0
    outer loop
      vertex 18.1292 1.25003 -20
      vertex 18.0514 1.125 -3.6
      vertex 18.0514 1.125 -20
    endloop
  endfacet
  facet normal 0.812723 -0.582651 0
    outer loop
      vertex 18.1292 1.25003 -3.6
      vertex 18.215 1.36971 -20
      vertex 18.215 1.36971 -3.6
    endloop
  endfacet
  facet normal 0.812723 -0.582651 0
    outer loop
      vertex 18.215 1.36971 -20
      vertex 18.1292 1.25003 -3.6
      vertex 18.1292 1.25003 -20
    endloop
  endfacet
  facet normal 0.773043 -0.634354 0
    outer loop
      vertex 18.215 1.36971 -3.6
      vertex 18.3084 1.48353 -20
      vertex 18.3084 1.48353 -3.6
    endloop
  endfacet
  facet normal 0.773043 -0.634354 0
    outer loop
      vertex 18.3084 1.48353 -20
      vertex 18.215 1.36971 -3.6
      vertex 18.215 1.36971 -20
    endloop
  endfacet
  facet normal 0.999468 -0.0326009 0
    outer loop
      vertex 17.75 0 -3.6
      vertex 17.7548 0.147157 -20
      vertex 17.7548 0.147157 -3.6
    endloop
  endfacet
  facet normal 0.999468 -0.0326009 0
    outer loop
      vertex 17.7548 0.147157 -20
      vertex 17.75 0 -3.6
      vertex 17.75 0 -20
    endloop
  endfacet
  facet normal -0.999468 0.0326009 0
    outer loop
      vertex 22.2452 -0.147157 -20
      vertex 22.25 0 -3.6
      vertex 22.25 0 -20
    endloop
  endfacet
  facet normal -0.999468 0.0326009 0
    outer loop
      vertex 22.25 0 -3.6
      vertex 22.2452 -0.147157 -20
      vertex 22.2452 -0.147157 -3.6
    endloop
  endfacet
  facet normal -0.88194 0.471361 0
    outer loop
      vertex 21.9486 -1.125 -20
      vertex 22.018 -0.995149 -3.6
      vertex 22.018 -0.995149 -20
    endloop
  endfacet
  facet normal -0.88194 0.471361 0
    outer loop
      vertex 22.018 -0.995149 -3.6
      vertex 21.9486 -1.125 -20
      vertex 21.9486 -1.125 -3.6
    endloop
  endfacet
  facet normal -0.957016 0.290034 0
    outer loop
      vertex 22.1306 -0.723238 -20
      vertex 22.1733 -0.582342 -3.6
      vertex 22.1733 -0.582342 -20
    endloop
  endfacet
  facet normal -0.957016 0.290034 0
    outer loop
      vertex 22.1733 -0.582342 -3.6
      vertex 22.1306 -0.723238 -20
      vertex 22.1306 -0.723238 -3.6
    endloop
  endfacet
  facet normal -0.773043 0.634354 0
    outer loop
      vertex 21.6916 -1.48353 -20
      vertex 21.785 -1.36971 -3.6
      vertex 21.785 -1.36971 -20
    endloop
  endfacet
  facet normal -0.773043 0.634354 0
    outer loop
      vertex 21.785 -1.36971 -3.6
      vertex 21.6916 -1.48353 -20
      vertex 21.6916 -1.48353 -3.6
    endloop
  endfacet
  facet normal -0.812723 0.582651 0
    outer loop
      vertex 21.785 -1.36971 -20
      vertex 21.8708 -1.25003 -3.6
      vertex 21.8708 -1.25003 -20
    endloop
  endfacet
  facet normal -0.812723 0.582651 0
    outer loop
      vertex 21.8708 -1.25003 -3.6
      vertex 21.785 -1.36971 -20
      vertex 21.785 -1.36971 -3.6
    endloop
  endfacet
  facet normal -0.849046 0.528319 0
    outer loop
      vertex 21.8708 -1.25003 -20
      vertex 21.9486 -1.125 -3.6
      vertex 21.9486 -1.125 -20
    endloop
  endfacet
  facet normal -0.849046 0.528319 0
    outer loop
      vertex 21.9486 -1.125 -3.6
      vertex 21.8708 -1.25003 -20
      vertex 21.8708 -1.25003 -3.6
    endloop
  endfacet
  facet normal -0.528166 0.849141 0
    outer loop
      vertex 21.25 -1.87081 -20
      vertex 21.125 -1.94856 -3.6
      vertex 21.25 -1.87081 -3.6
    endloop
  endfacet
  facet normal -0.528166 0.849141 0
    outer loop
      vertex 21.125 -1.94856 -3.6
      vertex 21.25 -1.87081 -20
      vertex 21.125 -1.94856 -20
    endloop
  endfacet
  facet normal -0.634421 0.772988 0
    outer loop
      vertex 21.4835 -1.69164 -20
      vertex 21.3697 -1.78504 -3.6
      vertex 21.4835 -1.69164 -3.6
    endloop
  endfacet
  facet normal -0.634421 0.772988 0
    outer loop
      vertex 21.3697 -1.78504 -3.6
      vertex 21.4835 -1.69164 -20
      vertex 21.3697 -1.78504 -20
    endloop
  endfacet
  facet normal 0.032727 0.999464 -0
    outer loop
      vertex 20 -2.25 -20
      vertex 19.8528 -2.24518 -3.6
      vertex 20 -2.25 -3.6
    endloop
  endfacet
  facet normal 0.032727 0.999464 0
    outer loop
      vertex 19.8528 -2.24518 -3.6
      vertex 20 -2.25 -20
      vertex 19.8528 -2.24518 -20
    endloop
  endfacet
  facet normal 0.528166 0.849141 -0
    outer loop
      vertex 18.875 -1.94856 -20
      vertex 18.75 -1.87081 -3.6
      vertex 18.875 -1.94856 -3.6
    endloop
  endfacet
  facet normal 0.528166 0.849141 0
    outer loop
      vertex 18.75 -1.87081 -3.6
      vertex 18.875 -1.94856 -20
      vertex 18.75 -1.87081 -20
    endloop
  endfacet
  facet normal 0.683467 0.729982 -0
    outer loop
      vertex 18.5165 -1.69164 -20
      vertex 18.409 -1.59099 -3.6
      vertex 18.5165 -1.69164 -3.6
    endloop
  endfacet
  facet normal 0.683467 0.729982 0
    outer loop
      vertex 18.409 -1.59099 -3.6
      vertex 18.5165 -1.69164 -20
      vertex 18.409 -1.59099 -20
    endloop
  endfacet
  facet normal 0.935825 0.352465 0
    outer loop
      vertex 17.9213 -0.861037 -3.6
      vertex 17.8694 -0.723238 -20
      vertex 17.8694 -0.723238 -3.6
    endloop
  endfacet
  facet normal 0.935825 0.352465 0
    outer loop
      vertex 17.8694 -0.723238 -20
      vertex 17.9213 -0.861037 -3.6
      vertex 17.9213 -0.861037 -20
    endloop
  endfacet
  facet normal -0.412764 0.910838 0
    outer loop
      vertex 20.9951 -2.01796 -20
      vertex 20.861 -2.07873 -3.6
      vertex 20.9951 -2.01796 -3.6
    endloop
  endfacet
  facet normal -0.412764 0.910838 0
    outer loop
      vertex 20.861 -2.07873 -3.6
      vertex 20.9951 -2.01796 -20
      vertex 20.861 -2.07873 -20
    endloop
  endfacet
  facet normal -0.227251 0.973836 0
    outer loop
      vertex 20.5823 -2.17333 -20
      vertex 20.439 -2.20677 -3.6
      vertex 20.5823 -2.17333 -3.6
    endloop
  endfacet
  facet normal -0.227251 0.973836 0
    outer loop
      vertex 20.439 -2.20677 -3.6
      vertex 20.5823 -2.17333 -20
      vertex 20.439 -2.20677 -20
    endloop
  endfacet
  facet normal -0.290275 0.956943 0
    outer loop
      vertex 20.7232 -2.13059 -20
      vertex 20.5823 -2.17333 -3.6
      vertex 20.7232 -2.13059 -3.6
    endloop
  endfacet
  facet normal -0.290275 0.956943 0
    outer loop
      vertex 20.5823 -2.17333 -3.6
      vertex 20.7232 -2.13059 -20
      vertex 20.5823 -2.17333 -20
    endloop
  endfacet
  facet normal -0.162835 0.986653 0
    outer loop
      vertex 20.439 -2.20677 -20
      vertex 20.2937 -2.23075 -3.6
      vertex 20.439 -2.20677 -3.6
    endloop
  endfacet
  facet normal -0.162835 0.986653 0
    outer loop
      vertex 20.2937 -2.23075 -3.6
      vertex 20.439 -2.20677 -20
      vertex 20.2937 -2.23075 -20
    endloop
  endfacet
  facet normal -0.0980239 0.995184 0
    outer loop
      vertex 20.2937 -2.23075 -20
      vertex 20.1472 -2.24518 -3.6
      vertex 20.2937 -2.23075 -3.6
    endloop
  endfacet
  facet normal -0.0980239 0.995184 0
    outer loop
      vertex 20.1472 -2.24518 -3.6
      vertex 20.2937 -2.23075 -20
      vertex 20.1472 -2.24518 -20
    endloop
  endfacet
  facet normal -0.995206 0.0978049 0
    outer loop
      vertex 22.2308 -0.293683 -20
      vertex 22.2452 -0.147157 -3.6
      vertex 22.2452 -0.147157 -20
    endloop
  endfacet
  facet normal -0.995206 0.0978049 0
    outer loop
      vertex 22.2452 -0.147157 -3.6
      vertex 22.2308 -0.293683 -20
      vertex 22.2308 -0.293683 -3.6
    endloop
  endfacet
  facet normal -0.911031 0.412339 0
    outer loop
      vertex 22.018 -0.995149 -20
      vertex 22.0787 -0.861037 -3.6
      vertex 22.0787 -0.861037 -20
    endloop
  endfacet
  facet normal -0.911031 0.412339 0
    outer loop
      vertex 22.0787 -0.861037 -3.6
      vertex 22.018 -0.995149 -20
      vertex 22.018 -0.995149 -3.6
    endloop
  endfacet
  facet normal -0.973778 0.227502 0
    outer loop
      vertex 22.1733 -0.582342 -20
      vertex 22.2068 -0.438952 -3.6
      vertex 22.2068 -0.438952 -20
    endloop
  endfacet
  facet normal -0.973778 0.227502 0
    outer loop
      vertex 22.2068 -0.438952 -3.6
      vertex 22.1733 -0.582342 -20
      vertex 22.1733 -0.582342 -3.6
    endloop
  endfacet
  facet normal 0.162835 0.986653 -0
    outer loop
      vertex 19.7063 -2.23075 -20
      vertex 19.561 -2.20677 -3.6
      vertex 19.7063 -2.23075 -3.6
    endloop
  endfacet
  facet normal 0.162835 0.986653 0
    outer loop
      vertex 19.561 -2.20677 -3.6
      vertex 19.7063 -2.23075 -20
      vertex 19.561 -2.20677 -20
    endloop
  endfacet
  facet normal 0.582452 0.812865 -0
    outer loop
      vertex 18.75 -1.87081 -20
      vertex 18.6303 -1.78504 -3.6
      vertex 18.75 -1.87081 -3.6
    endloop
  endfacet
  facet normal 0.582452 0.812865 0
    outer loop
      vertex 18.6303 -1.78504 -3.6
      vertex 18.75 -1.87081 -20
      vertex 18.6303 -1.78504 -20
    endloop
  endfacet
  facet normal 0.849046 0.528319 0
    outer loop
      vertex 18.1292 -1.25003 -3.6
      vertex 18.0514 -1.125 -20
      vertex 18.0514 -1.125 -3.6
    endloop
  endfacet
  facet normal 0.849046 0.528319 0
    outer loop
      vertex 18.0514 -1.125 -20
      vertex 18.1292 -1.25003 -3.6
      vertex 18.1292 -1.25003 -20
    endloop
  endfacet
  facet normal 0.773043 0.634354 0
    outer loop
      vertex 18.3084 -1.48353 -3.6
      vertex 18.215 -1.36971 -20
      vertex 18.215 -1.36971 -3.6
    endloop
  endfacet
  facet normal 0.773043 0.634354 0
    outer loop
      vertex 18.215 -1.36971 -20
      vertex 18.3084 -1.48353 -3.6
      vertex 18.3084 -1.48353 -20
    endloop
  endfacet
  facet normal 0.986626 0.163001 0
    outer loop
      vertex 17.7932 -0.438952 -3.6
      vertex 17.7692 -0.293683 -20
      vertex 17.7692 -0.293683 -3.6
    endloop
  endfacet
  facet normal 0.986626 0.163001 0
    outer loop
      vertex 17.7692 -0.293683 -20
      vertex 17.7932 -0.438952 -3.6
      vertex 17.7932 -0.438952 -20
    endloop
  endfacet
  facet normal -0.683467 0.729982 0
    outer loop
      vertex 21.591 -1.59099 -20
      vertex 21.4835 -1.69164 -3.6
      vertex 21.591 -1.59099 -3.6
    endloop
  endfacet
  facet normal -0.683467 0.729982 0
    outer loop
      vertex 21.4835 -1.69164 -3.6
      vertex 21.591 -1.59099 -20
      vertex 21.4835 -1.69164 -20
    endloop
  endfacet
  facet normal -0.730024 0.683421 0
    outer loop
      vertex 21.591 -1.59099 -20
      vertex 21.6916 -1.48353 -3.6
      vertex 21.6916 -1.48353 -20
    endloop
  endfacet
  facet normal -0.730024 0.683421 0
    outer loop
      vertex 21.6916 -1.48353 -3.6
      vertex 21.591 -1.59099 -20
      vertex 21.591 -1.59099 -3.6
    endloop
  endfacet
  facet normal -0.582452 0.812865 0
    outer loop
      vertex 21.3697 -1.78504 -20
      vertex 21.25 -1.87081 -3.6
      vertex 21.3697 -1.78504 -3.6
    endloop
  endfacet
  facet normal -0.582452 0.812865 0
    outer loop
      vertex 21.25 -1.87081 -3.6
      vertex 21.3697 -1.78504 -20
      vertex 21.25 -1.87081 -20
    endloop
  endfacet
  facet normal 0.290275 0.956943 -0
    outer loop
      vertex 19.4177 -2.17333 -20
      vertex 19.2768 -2.13059 -3.6
      vertex 19.4177 -2.17333 -3.6
    endloop
  endfacet
  facet normal 0.290275 0.956943 0
    outer loop
      vertex 19.2768 -2.13059 -3.6
      vertex 19.4177 -2.17333 -20
      vertex 19.2768 -2.13059 -20
    endloop
  endfacet
  facet normal 0.634421 0.772988 -0
    outer loop
      vertex 18.6303 -1.78504 -20
      vertex 18.5165 -1.69164 -3.6
      vertex 18.6303 -1.78504 -3.6
    endloop
  endfacet
  facet normal 0.634421 0.772988 0
    outer loop
      vertex 18.5165 -1.69164 -3.6
      vertex 18.6303 -1.78504 -20
      vertex 18.5165 -1.69164 -20
    endloop
  endfacet
  facet normal 0.812723 0.582651 0
    outer loop
      vertex 18.215 -1.36971 -3.6
      vertex 18.1292 -1.25003 -20
      vertex 18.1292 -1.25003 -3.6
    endloop
  endfacet
  facet normal 0.812723 0.582651 0
    outer loop
      vertex 18.1292 -1.25003 -20
      vertex 18.215 -1.36971 -3.6
      vertex 18.215 -1.36971 -20
    endloop
  endfacet
  facet normal 0.88194 0.471361 0
    outer loop
      vertex 18.0514 -1.125 -3.6
      vertex 17.982 -0.995149 -20
      vertex 17.982 -0.995149 -3.6
    endloop
  endfacet
  facet normal 0.88194 0.471361 0
    outer loop
      vertex 17.982 -0.995149 -20
      vertex 18.0514 -1.125 -3.6
      vertex 18.0514 -1.125 -20
    endloop
  endfacet
  facet normal 0.957016 0.290034 0
    outer loop
      vertex 17.8694 -0.723238 -3.6
      vertex 17.8267 -0.582342 -20
      vertex 17.8267 -0.582342 -3.6
    endloop
  endfacet
  facet normal 0.957016 0.290034 0
    outer loop
      vertex 17.8267 -0.582342 -20
      vertex 17.8694 -0.723238 -3.6
      vertex 17.8694 -0.723238 -20
    endloop
  endfacet
  facet normal 0.0980239 0.995184 -0
    outer loop
      vertex 19.8528 -2.24518 -20
      vertex 19.7063 -2.23075 -3.6
      vertex 19.8528 -2.24518 -3.6
    endloop
  endfacet
  facet normal 0.0980239 0.995184 0
    outer loop
      vertex 19.7063 -2.23075 -3.6
      vertex 19.8528 -2.24518 -20
      vertex 19.7063 -2.23075 -20
    endloop
  endfacet
  facet normal 0.227251 0.973836 -0
    outer loop
      vertex 19.561 -2.20677 -20
      vertex 19.4177 -2.17333 -3.6
      vertex 19.561 -2.20677 -3.6
    endloop
  endfacet
  facet normal 0.227251 0.973836 0
    outer loop
      vertex 19.4177 -2.17333 -3.6
      vertex 19.561 -2.20677 -20
      vertex 19.4177 -2.17333 -20
    endloop
  endfacet
  facet normal 0.471222 0.882014 -0
    outer loop
      vertex 19.0049 -2.01796 -20
      vertex 18.875 -1.94856 -3.6
      vertex 19.0049 -2.01796 -3.6
    endloop
  endfacet
  facet normal 0.471222 0.882014 0
    outer loop
      vertex 18.875 -1.94856 -3.6
      vertex 19.0049 -2.01796 -20
      vertex 18.875 -1.94856 -20
    endloop
  endfacet
  facet normal 0.412764 0.910838 -0
    outer loop
      vertex 19.139 -2.07873 -20
      vertex 19.0049 -2.01796 -3.6
      vertex 19.139 -2.07873 -3.6
    endloop
  endfacet
  facet normal 0.412764 0.910838 0
    outer loop
      vertex 19.0049 -2.01796 -3.6
      vertex 19.139 -2.07873 -20
      vertex 19.0049 -2.01796 -20
    endloop
  endfacet
  facet normal -0.866025 -0.500001 0
    outer loop
      vertex 24.2724 0 -3.6
      vertex 22.1362 3.7 0
      vertex 22.1362 3.7 -3.6
    endloop
  endfacet
  facet normal -0.866025 -0.500001 0
    outer loop
      vertex 22.1362 3.7 0
      vertex 24.2724 0 -3.6
      vertex 24.2724 0 0
    endloop
  endfacet
  facet normal 0.866025 -0.500001 0
    outer loop
      vertex 15.7276 0 0
      vertex 17.8638 3.7 -3.6
      vertex 17.8638 3.7 0
    endloop
  endfacet
  facet normal 0.866025 -0.500001 0
    outer loop
      vertex 17.8638 3.7 -3.6
      vertex 15.7276 0 0
      vertex 15.7276 0 -3.6
    endloop
  endfacet
  facet normal 0 -1 0
    outer loop
      vertex 17.8638 3.7 -3.6
      vertex 22.1362 3.7 0
      vertex 17.8638 3.7 0
    endloop
  endfacet
  facet normal 0 -1 -0
    outer loop
      vertex 22.1362 3.7 0
      vertex 17.8638 3.7 -3.6
      vertex 22.1362 3.7 -3.6
    endloop
  endfacet
  facet normal -0.866025 0.500001 0
    outer loop
      vertex 22.1362 -3.7 -3.6
      vertex 24.2724 0 0
      vertex 24.2724 0 -3.6
    endloop
  endfacet
  facet normal -0.866025 0.500001 0
    outer loop
      vertex 24.2724 0 0
      vertex 22.1362 -3.7 -3.6
      vertex 22.1362 -3.7 0
    endloop
  endfacet
  facet normal 0 0 1
    outer loop
      vertex 24.2724 0 -3.6
      vertex 22.2452 0.147157 -3.6
      vertex 22.25 0 -3.6
    endloop
  endfacet
  facet normal 0 0 1
    outer loop
      vertex 24.2724 0 -3.6
      vertex 22.2308 0.293683 -3.6
      vertex 22.2452 0.147157 -3.6
    endloop
  endfacet
  facet normal 0 0 1
    outer loop
      vertex 24.2724 0 -3.6
      vertex 22.2068 0.438952 -3.6
      vertex 22.2308 0.293683 -3.6
    endloop
  endfacet
  facet normal 0 0 1
    outer loop
      vertex 24.2724 0 -3.6
      vertex 22.1733 0.582342 -3.6
      vertex 22.2068 0.438952 -3.6
    endloop
  endfacet
  facet normal -0 0 1
    outer loop
      vertex 21.9486 1.125 -3.6
      vertex 24.2724 0 -3.6
      vertex 22.1362 3.7 -3.6
    endloop
  endfacet
  facet normal 0 0 1
    outer loop
      vertex 24.2724 0 -3.6
      vertex 22.1306 0.723238 -3.6
      vertex 22.1733 0.582342 -3.6
    endloop
  endfacet
  facet normal 0 0 1
    outer loop
      vertex 24.2724 0 -3.6
      vertex 22.0787 0.861037 -3.6
      vertex 22.1306 0.723238 -3.6
    endloop
  endfacet
  facet normal 0 0 1
    outer loop
      vertex 24.2724 0 -3.6
      vertex 22.018 0.995149 -3.6
      vertex 22.0787 0.861037 -3.6
    endloop
  endfacet
  facet normal 0 0 1
    outer loop
      vertex 24.2724 0 -3.6
      vertex 21.9486 1.125 -3.6
      vertex 22.018 0.995149 -3.6
    endloop
  endfacet
  facet normal 0 0 1
    outer loop
      vertex 22.1362 3.7 -3.6
      vertex 21.8708 1.25003 -3.6
      vertex 21.9486 1.125 -3.6
    endloop
  endfacet
  facet normal 0 0 1
    outer loop
      vertex 22.1362 3.7 -3.6
      vertex 21.785 1.36971 -3.6
      vertex 21.8708 1.25003 -3.6
    endloop
  endfacet
  facet normal 0 0 1
    outer loop
      vertex 22.1362 3.7 -3.6
      vertex 21.6916 1.48353 -3.6
      vertex 21.785 1.36971 -3.6
    endloop
  endfacet
  facet normal 0 0 1
    outer loop
      vertex 22.1362 3.7 -3.6
      vertex 21.591 1.59099 -3.6
      vertex 21.6916 1.48353 -3.6
    endloop
  endfacet
  facet normal 0 0 1
    outer loop
      vertex 22.1362 3.7 -3.6
      vertex 21.4835 1.69164 -3.6
      vertex 21.591 1.59099 -3.6
    endloop
  endfacet
  facet normal 0 0 1
    outer loop
      vertex 22.1362 3.7 -3.6
      vertex 21.3697 1.78504 -3.6
      vertex 21.4835 1.69164 -3.6
    endloop
  endfacet
  facet normal 0 0 1
    outer loop
      vertex 22.1362 3.7 -3.6
      vertex 21.25 1.87081 -3.6
      vertex 21.3697 1.78504 -3.6
    endloop
  endfacet
  facet normal 0 0 1
    outer loop
      vertex 22.1362 3.7 -3.6
      vertex 21.125 1.94856 -3.6
      vertex 21.25 1.87081 -3.6
    endloop
  endfacet
  facet normal 0 0 1
    outer loop
      vertex 22.1362 3.7 -3.6
      vertex 20.9951 2.01796 -3.6
      vertex 21.125 1.94856 -3.6
    endloop
  endfacet
  facet normal 0 0 1
    outer loop
      vertex 22.1362 3.7 -3.6
      vertex 20.861 2.07873 -3.6
      vertex 20.9951 2.01796 -3.6
    endloop
  endfacet
  facet normal 0 0 1
    outer loop
      vertex 22.1362 3.7 -3.6
      vertex 20.7232 2.13059 -3.6
      vertex 20.861 2.07873 -3.6
    endloop
  endfacet
  facet normal 0 0 1
    outer loop
      vertex 22.1362 3.7 -3.6
      vertex 20.5823 2.17333 -3.6
      vertex 20.7232 2.13059 -3.6
    endloop
  endfacet
  facet normal 0 0 1
    outer loop
      vertex 22.1362 3.7 -3.6
      vertex 20.439 2.20677 -3.6
      vertex 20.5823 2.17333 -3.6
    endloop
  endfacet
  facet normal 0 0 1
    outer loop
      vertex 22.1362 3.7 -3.6
      vertex 20.2937 2.23075 -3.6
      vertex 20.439 2.20677 -3.6
    endloop
  endfacet
  facet normal 0 0 1
    outer loop
      vertex 22.1362 3.7 -3.6
      vertex 20.1472 2.24518 -3.6
      vertex 20.2937 2.23075 -3.6
    endloop
  endfacet
  facet normal 0 0 1
    outer loop
      vertex 22.1362 3.7 -3.6
      vertex 20 2.25 -3.6
      vertex 20.1472 2.24518 -3.6
    endloop
  endfacet
  facet normal -0 0 1
    outer loop
      vertex 17.8638 3.7 -3.6
      vertex 20 2.25 -3.6
      vertex 22.1362 3.7 -3.6
    endloop
  endfacet
  facet normal 0 0 1
    outer loop
      vertex 20 2.25 -3.6
      vertex 17.8638 3.7 -3.6
      vertex 19.8528 2.24518 -3.6
    endloop
  endfacet
  facet normal 0 0 1
    outer loop
      vertex 19.8528 2.24518 -3.6
      vertex 17.8638 3.7 -3.6
      vertex 19.7063 2.23075 -3.6
    endloop
  endfacet
  facet normal 0 0 1
    outer loop
      vertex 19.7063 2.23075 -3.6
      vertex 17.8638 3.7 -3.6
      vertex 19.561 2.20677 -3.6
    endloop
  endfacet
  facet normal 0 0 1
    outer loop
      vertex 19.561 2.20677 -3.6
      vertex 17.8638 3.7 -3.6
      vertex 19.4177 2.17333 -3.6
    endloop
  endfacet
  facet normal 0 0 1
    outer loop
      vertex 19.4177 2.17333 -3.6
      vertex 17.8638 3.7 -3.6
      vertex 19.2768 2.13059 -3.6
    endloop
  endfacet
  facet normal 0 0 1
    outer loop
      vertex 19.2768 2.13059 -3.6
      vertex 17.8638 3.7 -3.6
      vertex 19.139 2.07873 -3.6
    endloop
  endfacet
  facet normal 0 0 1
    outer loop
      vertex 19.139 2.07873 -3.6
      vertex 17.8638 3.7 -3.6
      vertex 19.0049 2.01796 -3.6
    endloop
  endfacet
  facet normal 0 0 1
    outer loop
      vertex 19.0049 2.01796 -3.6
      vertex 17.8638 3.7 -3.6
      vertex 18.875 1.94856 -3.6
    endloop
  endfacet
  facet normal 0 0 1
    outer loop
      vertex 17.8638 3.7 -3.6
      vertex 18.75 1.87081 -3.6
      vertex 18.875 1.94856 -3.6
    endloop
  endfacet
  facet normal 0 0 1
    outer loop
      vertex 17.8638 3.7 -3.6
      vertex 18.6303 1.78504 -3.6
      vertex 18.75 1.87081 -3.6
    endloop
  endfacet
  facet normal 0 0 1
    outer loop
      vertex 17.8638 3.7 -3.6
      vertex 18.5165 1.69164 -3.6
      vertex 18.6303 1.78504 -3.6
    endloop
  endfacet
  facet normal 0 0 1
    outer loop
      vertex 17.8638 3.7 -3.6
      vertex 18.409 1.59099 -3.6
      vertex 18.5165 1.69164 -3.6
    endloop
  endfacet
  facet normal 0 0 1
    outer loop
      vertex 17.8638 3.7 -3.6
      vertex 18.3084 1.48353 -3.6
      vertex 18.409 1.59099 -3.6
    endloop
  endfacet
  facet normal 0 0 1
    outer loop
      vertex 17.8638 3.7 -3.6
      vertex 18.215 1.36971 -3.6
      vertex 18.3084 1.48353 -3.6
    endloop
  endfacet
  facet normal 0 0 1
    outer loop
      vertex 17.8638 3.7 -3.6
      vertex 18.1292 1.25003 -3.6
      vertex 18.215 1.36971 -3.6
    endloop
  endfacet
  facet normal 0 0 1
    outer loop
      vertex 17.8638 3.7 -3.6
      vertex 18.0514 1.125 -3.6
      vertex 18.1292 1.25003 -3.6
    endloop
  endfacet
  facet normal 0 0 1
    outer loop
      vertex 15.7276 0 -3.6
      vertex 18.0514 1.125 -3.6
      vertex 17.8638 3.7 -3.6
    endloop
  endfacet
  facet normal 0 0 1
    outer loop
      vertex 18.0514 1.125 -3.6
      vertex 15.7276 0 -3.6
      vertex 17.982 0.995149 -3.6
    endloop
  endfacet
  facet normal 0 0 1
    outer loop
      vertex 17.982 0.995149 -3.6
      vertex 15.7276 0 -3.6
      vertex 17.9213 0.861037 -3.6
    endloop
  endfacet
  facet normal 0 0 1
    outer loop
      vertex 17.9213 0.861037 -3.6
      vertex 15.7276 0 -3.6
      vertex 17.8694 0.723238 -3.6
    endloop
  endfacet
  facet normal 0 0 1
    outer loop
      vertex 17.8694 0.723238 -3.6
      vertex 15.7276 0 -3.6
      vertex 17.8267 0.582342 -3.6
    endloop
  endfacet
  facet normal 0 0 1
    outer loop
      vertex 17.8267 0.582342 -3.6
      vertex 15.7276 0 -3.6
      vertex 17.7932 0.438952 -3.6
    endloop
  endfacet
  facet normal 0 0 1
    outer loop
      vertex 17.7932 0.438952 -3.6
      vertex 15.7276 0 -3.6
      vertex 17.7692 0.293683 -3.6
    endloop
  endfacet
  facet normal 0 0 1
    outer loop
      vertex 17.7692 0.293683 -3.6
      vertex 15.7276 0 -3.6
      vertex 17.7548 0.147157 -3.6
    endloop
  endfacet
  facet normal 0 0 1
    outer loop
      vertex 17.7548 0.147157 -3.6
      vertex 15.7276 0 -3.6
      vertex 17.75 0 -3.6
    endloop
  endfacet
  facet normal 0 0 1
    outer loop
      vertex 22.2452 -0.147157 -3.6
      vertex 24.2724 0 -3.6
      vertex 22.25 0 -3.6
    endloop
  endfacet
  facet normal 0 0 1
    outer loop
      vertex 22.2308 -0.293683 -3.6
      vertex 24.2724 0 -3.6
      vertex 22.2452 -0.147157 -3.6
    endloop
  endfacet
  facet normal 0 0 1
    outer loop
      vertex 22.2068 -0.438952 -3.6
      vertex 24.2724 0 -3.6
      vertex 22.2308 -0.293683 -3.6
    endloop
  endfacet
  facet normal 0 0 1
    outer loop
      vertex 22.1733 -0.582342 -3.6
      vertex 24.2724 0 -3.6
      vertex 22.2068 -0.438952 -3.6
    endloop
  endfacet
  facet normal 0 0 1
    outer loop
      vertex 22.1306 -0.723238 -3.6
      vertex 24.2724 0 -3.6
      vertex 22.1733 -0.582342 -3.6
    endloop
  endfacet
  facet normal 0 0 1
    outer loop
      vertex 22.0787 -0.861037 -3.6
      vertex 24.2724 0 -3.6
      vertex 22.1306 -0.723238 -3.6
    endloop
  endfacet
  facet normal 0 0 1
    outer loop
      vertex 22.018 -0.995149 -3.6
      vertex 24.2724 0 -3.6
      vertex 22.0787 -0.861037 -3.6
    endloop
  endfacet
  facet normal 0 0 1
    outer loop
      vertex 21.9486 -1.125 -3.6
      vertex 24.2724 0 -3.6
      vertex 22.018 -0.995149 -3.6
    endloop
  endfacet
  facet normal 0 0 1
    outer loop
      vertex 24.2724 0 -3.6
      vertex 21.9486 -1.125 -3.6
      vertex 22.1362 -3.7 -3.6
    endloop
  endfacet
  facet normal -0 0 1
    outer loop
      vertex 21.8708 -1.25003 -3.6
      vertex 22.1362 -3.7 -3.6
      vertex 21.9486 -1.125 -3.6
    endloop
  endfacet
  facet normal -0 0 1
    outer loop
      vertex 21.785 -1.36971 -3.6
      vertex 22.1362 -3.7 -3.6
      vertex 21.8708 -1.25003 -3.6
    endloop
  endfacet
  facet normal -0 0 1
    outer loop
      vertex 21.6916 -1.48353 -3.6
      vertex 22.1362 -3.7 -3.6
      vertex 21.785 -1.36971 -3.6
    endloop
  endfacet
  facet normal -0 0 1
    outer loop
      vertex 21.591 -1.59099 -3.6
      vertex 22.1362 -3.7 -3.6
      vertex 21.6916 -1.48353 -3.6
    endloop
  endfacet
  facet normal -0 0 1
    outer loop
      vertex 21.4835 -1.69164 -3.6
      vertex 22.1362 -3.7 -3.6
      vertex 21.591 -1.59099 -3.6
    endloop
  endfacet
  facet normal -0 0 1
    outer loop
      vertex 21.3697 -1.78504 -3.6
      vertex 22.1362 -3.7 -3.6
      vertex 21.4835 -1.69164 -3.6
    endloop
  endfacet
  facet normal -0 0 1
    outer loop
      vertex 21.25 -1.87081 -3.6
      vertex 22.1362 -3.7 -3.6
      vertex 21.3697 -1.78504 -3.6
    endloop
  endfacet
  facet normal -0 0 1
    outer loop
      vertex 21.125 -1.94856 -3.6
      vertex 22.1362 -3.7 -3.6
      vertex 21.25 -1.87081 -3.6
    endloop
  endfacet
  facet normal -0 0 1
    outer loop
      vertex 20.9951 -2.01796 -3.6
      vertex 22.1362 -3.7 -3.6
      vertex 21.125 -1.94856 -3.6
    endloop
  endfacet
  facet normal -0 0 1
    outer loop
      vertex 20.861 -2.07873 -3.6
      vertex 22.1362 -3.7 -3.6
      vertex 20.9951 -2.01796 -3.6
    endloop
  endfacet
  facet normal -0 0 1
    outer loop
      vertex 20.7232 -2.13059 -3.6
      vertex 22.1362 -3.7 -3.6
      vertex 20.861 -2.07873 -3.6
    endloop
  endfacet
  facet normal -0 0 1
    outer loop
      vertex 20.5823 -2.17333 -3.6
      vertex 22.1362 -3.7 -3.6
      vertex 20.7232 -2.13059 -3.6
    endloop
  endfacet
  facet normal -0 0 1
    outer loop
      vertex 20.439 -2.20677 -3.6
      vertex 22.1362 -3.7 -3.6
      vertex 20.5823 -2.17333 -3.6
    endloop
  endfacet
  facet normal -0 0 1
    outer loop
      vertex 20.2937 -2.23075 -3.6
      vertex 22.1362 -3.7 -3.6
      vertex 20.439 -2.20677 -3.6
    endloop
  endfacet
  facet normal -0 0 1
    outer loop
      vertex 20.1472 -2.24518 -3.6
      vertex 22.1362 -3.7 -3.6
      vertex 20.2937 -2.23075 -3.6
    endloop
  endfacet
  facet normal -0 0 1
    outer loop
      vertex 20 -2.25 -3.6
      vertex 22.1362 -3.7 -3.6
      vertex 20.1472 -2.24518 -3.6
    endloop
  endfacet
  facet normal 0 0 1
    outer loop
      vertex 17.8638 -3.7 -3.6
      vertex 20 -2.25 -3.6
      vertex 19.8528 -2.24518 -3.6
    endloop
  endfacet
  facet normal 0 0 1
    outer loop
      vertex 17.8638 -3.7 -3.6
      vertex 19.8528 -2.24518 -3.6
      vertex 19.7063 -2.23075 -3.6
    endloop
  endfacet
  facet normal 0 0 1
    outer loop
      vertex 17.8638 -3.7 -3.6
      vertex 19.7063 -2.23075 -3.6
      vertex 19.561 -2.20677 -3.6
    endloop
  endfacet
  facet normal 0 0 1
    outer loop
      vertex 17.8638 -3.7 -3.6
      vertex 19.561 -2.20677 -3.6
      vertex 19.4177 -2.17333 -3.6
    endloop
  endfacet
  facet normal 0 0 1
    outer loop
      vertex 17.8638 -3.7 -3.6
      vertex 19.4177 -2.17333 -3.6
      vertex 19.2768 -2.13059 -3.6
    endloop
  endfacet
  facet normal 0 0 1
    outer loop
      vertex 17.8638 -3.7 -3.6
      vertex 19.2768 -2.13059 -3.6
      vertex 19.139 -2.07873 -3.6
    endloop
  endfacet
  facet normal 0 0 1
    outer loop
      vertex 17.8638 -3.7 -3.6
      vertex 19.139 -2.07873 -3.6
      vertex 19.0049 -2.01796 -3.6
    endloop
  endfacet
  facet normal 0 0 1
    outer loop
      vertex 17.8638 -3.7 -3.6
      vertex 19.0049 -2.01796 -3.6
      vertex 18.875 -1.94856 -3.6
    endloop
  endfacet
  facet normal 0 0 1
    outer loop
      vertex 20 -2.25 -3.6
      vertex 17.8638 -3.7 -3.6
      vertex 22.1362 -3.7 -3.6
    endloop
  endfacet
  facet normal 0 0 1
    outer loop
      vertex 18.75 -1.87081 -3.6
      vertex 17.8638 -3.7 -3.6
      vertex 18.875 -1.94856 -3.6
    endloop
  endfacet
  facet normal 0 0 1
    outer loop
      vertex 18.6303 -1.78504 -3.6
      vertex 17.8638 -3.7 -3.6
      vertex 18.75 -1.87081 -3.6
    endloop
  endfacet
  facet normal 0 0 1
    outer loop
      vertex 18.5165 -1.69164 -3.6
      vertex 17.8638 -3.7 -3.6
      vertex 18.6303 -1.78504 -3.6
    endloop
  endfacet
  facet normal 0 0 1
    outer loop
      vertex 18.409 -1.59099 -3.6
      vertex 17.8638 -3.7 -3.6
      vertex 18.5165 -1.69164 -3.6
    endloop
  endfacet
  facet normal 0 0 1
    outer loop
      vertex 18.3084 -1.48353 -3.6
      vertex 17.8638 -3.7 -3.6
      vertex 18.409 -1.59099 -3.6
    endloop
  endfacet
  facet normal 0 0 1
    outer loop
      vertex 18.215 -1.36971 -3.6
      vertex 17.8638 -3.7 -3.6
      vertex 18.3084 -1.48353 -3.6
    endloop
  endfacet
  facet normal 0 0 1
    outer loop
      vertex 18.1292 -1.25003 -3.6
      vertex 17.8638 -3.7 -3.6
      vertex 18.215 -1.36971 -3.6
    endloop
  endfacet
  facet normal 0 0 1
    outer loop
      vertex 18.0514 -1.125 -3.6
      vertex 17.8638 -3.7 -3.6
      vertex 18.1292 -1.25003 -3.6
    endloop
  endfacet
  facet normal 0 0 1
    outer loop
      vertex 15.7276 0 -3.6
      vertex 18.0514 -1.125 -3.6
      vertex 17.982 -0.995149 -3.6
    endloop
  endfacet
  facet normal 0 0 1
    outer loop
      vertex 15.7276 0 -3.6
      vertex 17.982 -0.995149 -3.6
      vertex 17.9213 -0.861037 -3.6
    endloop
  endfacet
  facet normal 0 0 1
    outer loop
      vertex 15.7276 0 -3.6
      vertex 17.9213 -0.861037 -3.6
      vertex 17.8694 -0.723238 -3.6
    endloop
  endfacet
  facet normal 0 0 1
    outer loop
      vertex 15.7276 0 -3.6
      vertex 17.8694 -0.723238 -3.6
      vertex 17.8267 -0.582342 -3.6
    endloop
  endfacet
  facet normal 0 0 1
    outer loop
      vertex 15.7276 0 -3.6
      vertex 17.8267 -0.582342 -3.6
      vertex 17.7932 -0.438952 -3.6
    endloop
  endfacet
  facet normal 0 0 1
    outer loop
      vertex 15.7276 0 -3.6
      vertex 17.7932 -0.438952 -3.6
      vertex 17.7692 -0.293683 -3.6
    endloop
  endfacet
  facet normal 0 0 1
    outer loop
      vertex 15.7276 0 -3.6
      vertex 17.7692 -0.293683 -3.6
      vertex 17.7548 -0.147157 -3.6
    endloop
  endfacet
  facet normal -0 0 1
    outer loop
      vertex 15.7276 0 -3.6
      vertex 17.7548 -0.147157 -3.6
      vertex 17.75 0 -3.6
    endloop
  endfacet
  facet normal 0 0 1
    outer loop
      vertex 18.0514 -1.125 -3.6
      vertex 15.7276 0 -3.6
      vertex 17.8638 -3.7 -3.6
    endloop
  endfacet
  facet normal 0 1 -0
    outer loop
      vertex 22.1362 -3.7 -3.6
      vertex 17.8638 -3.7 0
      vertex 22.1362 -3.7 0
    endloop
  endfacet
  facet normal 0 1 0
    outer loop
      vertex 17.8638 -3.7 0
      vertex 22.1362 -3.7 -3.6
      vertex 17.8638 -3.7 -3.6
    endloop
  endfacet
  facet normal 0.866025 0.500001 0
    outer loop
      vertex 17.8638 -3.7 0
      vertex 15.7276 0 -3.6
      vertex 15.7276 0 0
    endloop
  endfacet
  facet normal 0.866025 0.500001 0
    outer loop
      vertex 15.7276 0 -3.6
      vertex 17.8638 -3.7 0
      vertex 17.8638 -3.7 -3.6
    endloop
  endfacet
  facet normal 0.352282 0.935894 -0
    outer loop
      vertex -3.93763 -11.5999 -20
      vertex -4.68787 -11.3175 -2
      vertex -3.93763 -11.5999 -2
    endloop
  endfacet
  facet normal 0.352282 0.935894 0
    outer loop
      vertex -4.68787 -11.3175 -2
      vertex -3.93763 -11.5999 -20
      vertex -4.68787 -11.3175 -20
    endloop
  endfacet
  facet normal -0.582469 -0.812853 0
    outer loop
      vertex 6.80573 10.1855 -20
      vertex 7.45733 9.71858 -2
      vertex 6.80573 10.1855 -2
    endloop
  endfacet
  facet normal -0.582469 -0.812853 -0
    outer loop
      vertex 7.45733 9.71858 -2
      vertex 6.80573 10.1855 -20
      vertex 7.45733 9.71858 -20
    endloop
  endfacet
  facet normal 0.910881 0.41267 0
    outer loop
      vertex -10.9867 -5.41804 -2
      vertex -11.3175 -4.68787 -20
      vertex -11.3175 -4.68787 -2
    endloop
  endfacet
  facet normal 0.910881 0.41267 0
    outer loop
      vertex -11.3175 -4.68787 -20
      vertex -10.9867 -5.41804 -2
      vertex -10.9867 -5.41804 -20
    endloop
  endfacet
  facet normal -0.956939 -0.290288 0
    outer loop
      vertex 11.8326 3.17053 -20
      vertex 11.5999 3.93763 -2
      vertex 11.5999 3.93763 -20
    endloop
  endfacet
  facet normal -0.956939 -0.290288 0
    outer loop
      vertex 11.5999 3.93763 -2
      vertex 11.8326 3.17053 -20
      vertex 11.8326 3.17053 -2
    endloop
  endfacet
  facet normal -0.812853 -0.582469 0
    outer loop
      vertex 10.1855 6.80573 -20
      vertex 9.71858 7.45733 -2
      vertex 9.71858 7.45733 -20
    endloop
  endfacet
  facet normal -0.812853 -0.582469 0
    outer loop
      vertex 9.71858 7.45733 -2
      vertex 10.1855 6.80573 -20
      vertex 10.1855 6.80573 -2
    endloop
  endfacet
  facet normal -0.528063 -0.849205 0
    outer loop
      vertex 6.125 10.6088 -20
      vertex 6.80573 10.1855 -2
      vertex 6.125 10.6088 -2
    endloop
  endfacet
  facet normal -0.528063 -0.849205 -0
    outer loop
      vertex 6.80573 10.1855 -2
      vertex 6.125 10.6088 -20
      vertex 6.80573 10.1855 -20
    endloop
  endfacet
  facet normal -0.0980509 -0.995181 0
    outer loop
      vertex 0.801188 12.2238 -20
      vertex 1.59895 12.1452 -2
      vertex 0.801188 12.2238 -2
    endloop
  endfacet
  facet normal -0.0980509 -0.995181 -0
    outer loop
      vertex 1.59895 12.1452 -2
      vertex 0.801188 12.2238 -20
      vertex 1.59895 12.1452 -20
    endloop
  endfacet
  facet normal 0.995181 -0.0980509 0
    outer loop
      vertex -12.2238 0.801188 -2
      vertex -12.1452 1.59895 -20
      vertex -12.1452 1.59895 -2
    endloop
  endfacet
  facet normal 0.995181 -0.0980509 0
    outer loop
      vertex -12.1452 1.59895 -20
      vertex -12.2238 0.801188 -2
      vertex -12.2238 0.801188 -20
    endloop
  endfacet
  facet normal 0.88191 -0.471418 0
    outer loop
      vertex -10.9867 5.41804 -2
      vertex -10.6088 6.125 -20
      vertex -10.6088 6.125 -2
    endloop
  endfacet
  facet normal 0.88191 -0.471418 0
    outer loop
      vertex -10.6088 6.125 -20
      vertex -10.9867 5.41804 -2
      vertex -10.9867 5.41804 -20
    endloop
  endfacet
  facet normal 0.290288 -0.956939 0
    outer loop
      vertex -3.93763 11.5999 -20
      vertex -3.17053 11.8326 -2
      vertex -3.93763 11.5999 -2
    endloop
  endfacet
  facet normal 0.290288 -0.956939 0
    outer loop
      vertex -3.17053 11.8326 -2
      vertex -3.93763 11.5999 -20
      vertex -3.17053 11.8326 -20
    endloop
  endfacet
  facet normal 0.582469 -0.812853 0
    outer loop
      vertex -7.45733 9.71858 -20
      vertex -6.80573 10.1855 -2
      vertex -7.45733 9.71858 -2
    endloop
  endfacet
  facet normal 0.582469 -0.812853 0
    outer loop
      vertex -6.80573 10.1855 -2
      vertex -7.45733 9.71858 -20
      vertex -6.80573 10.1855 -20
    endloop
  endfacet
  facet normal -0.88191 0.471418 0
    outer loop
      vertex 10.6088 -6.125 -20
      vertex 10.9867 -5.41804 -2
      vertex 10.9867 -5.41804 -20
    endloop
  endfacet
  facet normal -0.88191 0.471418 0
    outer loop
      vertex 10.9867 -5.41804 -2
      vertex 10.6088 -6.125 -20
      vertex 10.6088 -6.125 -2
    endloop
  endfacet
  facet normal -0.227045 0.973884 0
    outer loop
      vertex 3.17053 -11.8326 -20
      vertex 2.38986 -12.0146 -2
      vertex 3.17053 -11.8326 -2
    endloop
  endfacet
  facet normal -0.227045 0.973884 0
    outer loop
      vertex 2.38986 -12.0146 -2
      vertex 3.17053 -11.8326 -20
      vertex 2.38986 -12.0146 -20
    endloop
  endfacet
  facet normal -0.634392 0.773012 0
    outer loop
      vertex 8.07699 -9.21004 -20
      vertex 7.45733 -9.71858 -2
      vertex 8.07699 -9.21004 -2
    endloop
  endfacet
  facet normal -0.634392 0.773012 0
    outer loop
      vertex 7.45733 -9.71858 -2
      vertex 8.07699 -9.21004 -20
      vertex 7.45733 -9.71858 -20
    endloop
  endfacet
  facet normal -0.995181 -0.0980509 0
    outer loop
      vertex 12.2238 0.801188 -20
      vertex 12.1452 1.59895 -2
      vertex 12.1452 1.59895 -20
    endloop
  endfacet
  facet normal -0.995181 -0.0980509 0
    outer loop
      vertex 12.1452 1.59895 -2
      vertex 12.2238 0.801188 -20
      vertex 12.2238 0.801188 -2
    endloop
  endfacet
  facet normal -0.935894 -0.352282 0
    outer loop
      vertex 11.5999 3.93763 -20
      vertex 11.3175 4.68787 -2
      vertex 11.3175 4.68787 -20
    endloop
  endfacet
  facet normal -0.935894 -0.352282 0
    outer loop
      vertex 11.3175 4.68787 -2
      vertex 11.5999 3.93763 -20
      vertex 11.5999 3.93763 -2
    endloop
  endfacet
  facet normal -0.88191 -0.471418 0
    outer loop
      vertex 10.9867 5.41804 -20
      vertex 10.6088 6.125 -2
      vertex 10.6088 6.125 -20
    endloop
  endfacet
  facet normal -0.88191 -0.471418 0
    outer loop
      vertex 10.6088 6.125 -2
      vertex 10.9867 5.41804 -20
      vertex 10.9867 5.41804 -2
    endloop
  endfacet
  facet normal -0.849205 -0.528063 0
    outer loop
      vertex 10.6088 6.125 -20
      vertex 10.1855 6.80573 -2
      vertex 10.1855 6.80573 -20
    endloop
  endfacet
  facet normal -0.849205 -0.528063 0
    outer loop
      vertex 10.1855 6.80573 -2
      vertex 10.6088 6.125 -20
      vertex 10.6088 6.125 -2
    endloop
  endfacet
  facet normal -0.227045 -0.973884 0
    outer loop
      vertex 2.38986 12.0146 -20
      vertex 3.17053 11.8326 -2
      vertex 2.38986 12.0146 -2
    endloop
  endfacet
  facet normal -0.227045 -0.973884 -0
    outer loop
      vertex 3.17053 11.8326 -2
      vertex 2.38986 12.0146 -20
      vertex 3.17053 11.8326 -20
    endloop
  endfacet
  facet normal 0.973884 -0.227045 0
    outer loop
      vertex -12.0146 2.38986 -2
      vertex -11.8326 3.17053 -20
      vertex -11.8326 3.17053 -2
    endloop
  endfacet
  facet normal 0.973884 -0.227045 0
    outer loop
      vertex -11.8326 3.17053 -20
      vertex -12.0146 2.38986 -2
      vertex -12.0146 2.38986 -20
    endloop
  endfacet
  facet normal 0.773012 -0.634392 0
    outer loop
      vertex -9.71858 7.45733 -2
      vertex -9.21004 8.07699 -20
      vertex -9.21004 8.07699 -2
    endloop
  endfacet
  facet normal 0.773012 -0.634392 0
    outer loop
      vertex -9.21004 8.07699 -20
      vertex -9.71858 7.45733 -2
      vertex -9.71858 7.45733 -20
    endloop
  endfacet
  facet normal 0.849205 -0.528063 0
    outer loop
      vertex -10.6088 6.125 -2
      vertex -10.1855 6.80573 -20
      vertex -10.1855 6.80573 -2
    endloop
  endfacet
  facet normal 0.849205 -0.528063 0
    outer loop
      vertex -10.1855 6.80573 -20
      vertex -10.6088 6.125 -2
      vertex -10.6088 6.125 -20
    endloop
  endfacet
  facet normal 0.812853 -0.582469 0
    outer loop
      vertex -10.1855 6.80573 -2
      vertex -9.71858 7.45733 -20
      vertex -9.71858 7.45733 -2
    endloop
  endfacet
  facet normal 0.812853 -0.582469 0
    outer loop
      vertex -9.71858 7.45733 -20
      vertex -10.1855 6.80573 -2
      vertex -10.1855 6.80573 -20
    endloop
  endfacet
  facet normal 0.0980509 -0.995181 0
    outer loop
      vertex -1.59895 12.1452 -20
      vertex -0.801188 12.2238 -2
      vertex -1.59895 12.1452 -2
    endloop
  endfacet
  facet normal 0.0980509 -0.995181 0
    outer loop
      vertex -0.801188 12.2238 -2
      vertex -1.59895 12.1452 -20
      vertex -0.801188 12.2238 -20
    endloop
  endfacet
  facet normal 0.16292 -0.986639 0
    outer loop
      vertex -2.38986 12.0146 -20
      vertex -1.59895 12.1452 -2
      vertex -2.38986 12.0146 -2
    endloop
  endfacet
  facet normal 0.16292 -0.986639 0
    outer loop
      vertex -1.59895 12.1452 -2
      vertex -2.38986 12.0146 -20
      vertex -1.59895 12.1452 -20
    endloop
  endfacet
  facet normal 0.471418 -0.88191 0
    outer loop
      vertex -6.125 10.6088 -20
      vertex -5.41804 10.9867 -2
      vertex -6.125 10.6088 -2
    endloop
  endfacet
  facet normal 0.471418 -0.88191 0
    outer loop
      vertex -5.41804 10.9867 -2
      vertex -6.125 10.6088 -20
      vertex -5.41804 10.9867 -20
    endloop
  endfacet
  facet normal 0.528063 -0.849205 0
    outer loop
      vertex -6.80573 10.1855 -20
      vertex -6.125 10.6088 -2
      vertex -6.80573 10.1855 -2
    endloop
  endfacet
  facet normal 0.528063 -0.849205 0
    outer loop
      vertex -6.125 10.6088 -2
      vertex -6.80573 10.1855 -20
      vertex -6.125 10.6088 -20
    endloop
  endfacet
  facet normal -0.999466 -0.032684 0
    outer loop
      vertex 12.25 0 -20
      vertex 12.2238 0.801188 -2
      vertex 12.2238 0.801188 -20
    endloop
  endfacet
  facet normal -0.999466 -0.032684 0
    outer loop
      vertex 12.2238 0.801188 -2
      vertex 12.25 0 -20
      vertex 12.25 0 -2
    endloop
  endfacet
  facet normal -0.995181 0.0980509 0
    outer loop
      vertex 12.1452 -1.59895 -20
      vertex 12.2238 -0.801188 -2
      vertex 12.2238 -0.801188 -20
    endloop
  endfacet
  facet normal -0.995181 0.0980509 0
    outer loop
      vertex 12.2238 -0.801188 -2
      vertex 12.1452 -1.59895 -20
      vertex 12.1452 -1.59895 -2
    endloop
  endfacet
  facet normal -0.16292 0.986639 0
    outer loop
      vertex 2.38986 -12.0146 -20
      vertex 1.59895 -12.1452 -2
      vertex 2.38986 -12.0146 -2
    endloop
  endfacet
  facet normal -0.16292 0.986639 0
    outer loop
      vertex 1.59895 -12.1452 -2
      vertex 2.38986 -12.0146 -20
      vertex 1.59895 -12.1452 -20
    endloop
  endfacet
  facet normal -0.582469 0.812853 0
    outer loop
      vertex 7.45733 -9.71858 -20
      vertex 6.80573 -10.1855 -2
      vertex 7.45733 -9.71858 -2
    endloop
  endfacet
  facet normal -0.582469 0.812853 0
    outer loop
      vertex 6.80573 -10.1855 -2
      vertex 7.45733 -9.71858 -20
      vertex 6.80573 -10.1855 -20
    endloop
  endfacet
  facet normal -0.528063 0.849205 0
    outer loop
      vertex 6.80573 -10.1855 -20
      vertex 6.125 -10.6088 -2
      vertex 6.80573 -10.1855 -2
    endloop
  endfacet
  facet normal -0.528063 0.849205 0
    outer loop
      vertex 6.125 -10.6088 -2
      vertex 6.80573 -10.1855 -20
      vertex 6.125 -10.6088 -20
    endloop
  endfacet
  facet normal -0.849205 0.528063 0
    outer loop
      vertex 10.1855 -6.80573 -20
      vertex 10.6088 -6.125 -2
      vertex 10.6088 -6.125 -20
    endloop
  endfacet
  facet normal -0.849205 0.528063 0
    outer loop
      vertex 10.6088 -6.125 -2
      vertex 10.1855 -6.80573 -20
      vertex 10.1855 -6.80573 -2
    endloop
  endfacet
  facet normal -0.812853 0.582469 0
    outer loop
      vertex 9.71858 -7.45733 -20
      vertex 10.1855 -6.80573 -2
      vertex 10.1855 -6.80573 -20
    endloop
  endfacet
  facet normal -0.812853 0.582469 0
    outer loop
      vertex 10.1855 -6.80573 -2
      vertex 9.71858 -7.45733 -20
      vertex 9.71858 -7.45733 -2
    endloop
  endfacet
  facet normal 0.16292 0.986639 -0
    outer loop
      vertex -1.59895 -12.1452 -20
      vertex -2.38986 -12.0146 -2
      vertex -1.59895 -12.1452 -2
    endloop
  endfacet
  facet normal 0.16292 0.986639 0
    outer loop
      vertex -2.38986 -12.0146 -2
      vertex -1.59895 -12.1452 -20
      vertex -2.38986 -12.0146 -20
    endloop
  endfacet
  facet normal 0.0980509 0.995181 -0
    outer loop
      vertex -0.801188 -12.2238 -20
      vertex -1.59895 -12.1452 -2
      vertex -0.801188 -12.2238 -2
    endloop
  endfacet
  facet normal 0.0980509 0.995181 0
    outer loop
      vertex -1.59895 -12.1452 -2
      vertex -0.801188 -12.2238 -20
      vertex -1.59895 -12.1452 -20
    endloop
  endfacet
  facet normal 0.528063 0.849205 -0
    outer loop
      vertex -6.125 -10.6088 -20
      vertex -6.80573 -10.1855 -2
      vertex -6.125 -10.6088 -2
    endloop
  endfacet
  facet normal 0.528063 0.849205 0
    outer loop
      vertex -6.80573 -10.1855 -2
      vertex -6.125 -10.6088 -20
      vertex -6.80573 -10.1855 -20
    endloop
  endfacet
  facet normal 0.973884 0.227045 0
    outer loop
      vertex -11.8326 -3.17053 -2
      vertex -12.0146 -2.38986 -20
      vertex -12.0146 -2.38986 -2
    endloop
  endfacet
  facet normal 0.973884 0.227045 0
    outer loop
      vertex -12.0146 -2.38986 -20
      vertex -11.8326 -3.17053 -2
      vertex -11.8326 -3.17053 -20
    endloop
  endfacet
  facet normal 0.812853 0.582469 0
    outer loop
      vertex -9.71858 -7.45733 -2
      vertex -10.1855 -6.80573 -20
      vertex -10.1855 -6.80573 -2
    endloop
  endfacet
  facet normal 0.812853 0.582469 0
    outer loop
      vertex -10.1855 -6.80573 -20
      vertex -9.71858 -7.45733 -2
      vertex -9.71858 -7.45733 -20
    endloop
  endfacet
  facet normal 0.729863 0.683594 0
    outer loop
      vertex -8.66206 -8.66206 -2
      vertex -9.21004 -8.07699 -20
      vertex -9.21004 -8.07699 -2
    endloop
  endfacet
  facet normal 0.729863 0.683594 0
    outer loop
      vertex -9.21004 -8.07699 -20
      vertex -8.66206 -8.66206 -2
      vertex -8.66206 -8.66206 -20
    endloop
  endfacet
  facet normal -0.910881 -0.41267 0
    outer loop
      vertex 11.3175 4.68787 -20
      vertex 10.9867 5.41804 -2
      vertex 10.9867 5.41804 -20
    endloop
  endfacet
  facet normal -0.910881 -0.41267 0
    outer loop
      vertex 10.9867 5.41804 -2
      vertex 11.3175 4.68787 -20
      vertex 11.3175 4.68787 -2
    endloop
  endfacet
  facet normal -0.729863 -0.683594 0
    outer loop
      vertex 9.21004 8.07699 -20
      vertex 8.66206 8.66206 -2
      vertex 8.66206 8.66206 -20
    endloop
  endfacet
  facet normal -0.729863 -0.683594 0
    outer loop
      vertex 8.66206 8.66206 -2
      vertex 9.21004 8.07699 -20
      vertex 9.21004 8.07699 -2
    endloop
  endfacet
  facet normal -0.773012 -0.634392 0
    outer loop
      vertex 9.71858 7.45733 -20
      vertex 9.21004 8.07699 -2
      vertex 9.21004 8.07699 -20
    endloop
  endfacet
  facet normal -0.773012 -0.634392 0
    outer loop
      vertex 9.21004 8.07699 -2
      vertex 9.71858 7.45733 -20
      vertex 9.71858 7.45733 -2
    endloop
  endfacet
  facet normal -0.683594 -0.729863 0
    outer loop
      vertex 8.07699 9.21004 -20
      vertex 8.66206 8.66206 -2
      vertex 8.07699 9.21004 -2
    endloop
  endfacet
  facet normal -0.683594 -0.729863 -0
    outer loop
      vertex 8.66206 8.66206 -2
      vertex 8.07699 9.21004 -20
      vertex 8.66206 8.66206 -20
    endloop
  endfacet
  facet normal -0.032684 -0.999466 0
    outer loop
      vertex 0 12.25 -20
      vertex 0.801188 12.2238 -2
      vertex 0 12.25 -2
    endloop
  endfacet
  facet normal -0.032684 -0.999466 -0
    outer loop
      vertex 0.801188 12.2238 -2
      vertex 0 12.25 -20
      vertex 0.801188 12.2238 -20
    endloop
  endfacet
  facet normal -0.634392 -0.773012 0
    outer loop
      vertex 7.45733 9.71858 -20
      vertex 8.07699 9.21004 -2
      vertex 7.45733 9.71858 -2
    endloop
  endfacet
  facet normal -0.634392 -0.773012 -0
    outer loop
      vertex 8.07699 9.21004 -2
      vertex 7.45733 9.71858 -20
      vertex 8.07699 9.21004 -20
    endloop
  endfacet
  facet normal -0.41267 -0.910881 0
    outer loop
      vertex 4.68787 11.3175 -20
      vertex 5.41804 10.9867 -2
      vertex 4.68787 11.3175 -2
    endloop
  endfacet
  facet normal -0.41267 -0.910881 -0
    outer loop
      vertex 5.41804 10.9867 -2
      vertex 4.68787 11.3175 -20
      vertex 5.41804 10.9867 -20
    endloop
  endfacet
  facet normal -0.471418 -0.88191 0
    outer loop
      vertex 5.41804 10.9867 -20
      vertex 6.125 10.6088 -2
      vertex 5.41804 10.9867 -2
    endloop
  endfacet
  facet normal -0.471418 -0.88191 -0
    outer loop
      vertex 6.125 10.6088 -2
      vertex 5.41804 10.9867 -20
      vertex 6.125 10.6088 -20
    endloop
  endfacet
  facet normal -0.352282 -0.935894 0
    outer loop
      vertex 3.93763 11.5999 -20
      vertex 4.68787 11.3175 -2
      vertex 3.93763 11.5999 -2
    endloop
  endfacet
  facet normal -0.352282 -0.935894 -0
    outer loop
      vertex 4.68787 11.3175 -2
      vertex 3.93763 11.5999 -20
      vertex 4.68787 11.3175 -20
    endloop
  endfacet
  facet normal -0.16292 -0.986639 0
    outer loop
      vertex 1.59895 12.1452 -20
      vertex 2.38986 12.0146 -2
      vertex 1.59895 12.1452 -2
    endloop
  endfacet
  facet normal -0.16292 -0.986639 -0
    outer loop
      vertex 2.38986 12.0146 -2
      vertex 1.59895 12.1452 -20
      vertex 2.38986 12.0146 -20
    endloop
  endfacet
  facet normal -0.290288 -0.956939 0
    outer loop
      vertex 3.17053 11.8326 -20
      vertex 3.93763 11.5999 -2
      vertex 3.17053 11.8326 -2
    endloop
  endfacet
  facet normal -0.290288 -0.956939 -0
    outer loop
      vertex 3.93763 11.5999 -2
      vertex 3.17053 11.8326 -20
      vertex 3.93763 11.5999 -20
    endloop
  endfacet
  facet normal 0.999466 -0.032684 0
    outer loop
      vertex -12.25 0 -2
      vertex -12.2238 0.801188 -20
      vertex -12.2238 0.801188 -2
    endloop
  endfacet
  facet normal 0.999466 -0.032684 0
    outer loop
      vertex -12.2238 0.801188 -20
      vertex -12.25 0 -2
      vertex -12.25 0 -20
    endloop
  endfacet
  facet normal 0.935894 -0.352282 0
    outer loop
      vertex -11.5999 3.93763 -2
      vertex -11.3175 4.68787 -20
      vertex -11.3175 4.68787 -2
    endloop
  endfacet
  facet normal 0.935894 -0.352282 0
    outer loop
      vertex -11.3175 4.68787 -20
      vertex -11.5999 3.93763 -2
      vertex -11.5999 3.93763 -20
    endloop
  endfacet
  facet normal 0.986639 -0.16292 0
    outer loop
      vertex -12.1452 1.59895 -2
      vertex -12.0146 2.38986 -20
      vertex -12.0146 2.38986 -2
    endloop
  endfacet
  facet normal 0.986639 -0.16292 0
    outer loop
      vertex -12.0146 2.38986 -20
      vertex -12.1452 1.59895 -2
      vertex -12.1452 1.59895 -20
    endloop
  endfacet
  facet normal 0.956939 -0.290288 0
    outer loop
      vertex -11.8326 3.17053 -2
      vertex -11.5999 3.93763 -20
      vertex -11.5999 3.93763 -2
    endloop
  endfacet
  facet normal 0.956939 -0.290288 0
    outer loop
      vertex -11.5999 3.93763 -20
      vertex -11.8326 3.17053 -2
      vertex -11.8326 3.17053 -20
    endloop
  endfacet
  facet normal 0.910881 -0.41267 0
    outer loop
      vertex -11.3175 4.68787 -2
      vertex -10.9867 5.41804 -20
      vertex -10.9867 5.41804 -2
    endloop
  endfacet
  facet normal 0.910881 -0.41267 0
    outer loop
      vertex -10.9867 5.41804 -20
      vertex -11.3175 4.68787 -2
      vertex -11.3175 4.68787 -20
    endloop
  endfacet
  facet normal 0.729863 -0.683594 0
    outer loop
      vertex -9.21004 8.07699 -2
      vertex -8.66206 8.66206 -20
      vertex -8.66206 8.66206 -2
    endloop
  endfacet
  facet normal 0.729863 -0.683594 0
    outer loop
      vertex -8.66206 8.66206 -20
      vertex -9.21004 8.07699 -2
      vertex -9.21004 8.07699 -20
    endloop
  endfacet
  facet normal 0.352282 -0.935894 0
    outer loop
      vertex -4.68787 11.3175 -20
      vertex -3.93763 11.5999 -2
      vertex -4.68787 11.3175 -2
    endloop
  endfacet
  facet normal 0.352282 -0.935894 0
    outer loop
      vertex -3.93763 11.5999 -2
      vertex -4.68787 11.3175 -20
      vertex -3.93763 11.5999 -20
    endloop
  endfacet
  facet normal 0.227045 -0.973884 0
    outer loop
      vertex -3.17053 11.8326 -20
      vertex -2.38986 12.0146 -2
      vertex -3.17053 11.8326 -2
    endloop
  endfacet
  facet normal 0.227045 -0.973884 0
    outer loop
      vertex -2.38986 12.0146 -2
      vertex -3.17053 11.8326 -20
      vertex -2.38986 12.0146 -20
    endloop
  endfacet
  facet normal 0.032684 -0.999466 0
    outer loop
      vertex -0.801188 12.2238 -20
      vertex 0 12.25 -2
      vertex -0.801188 12.2238 -2
    endloop
  endfacet
  facet normal 0.032684 -0.999466 0
    outer loop
      vertex 0 12.25 -2
      vertex -0.801188 12.2238 -20
      vertex 0 12.25 -20
    endloop
  endfacet
  facet normal 0.41267 -0.910881 0
    outer loop
      vertex -5.41804 10.9867 -20
      vertex -4.68787 11.3175 -2
      vertex -5.41804 10.9867 -2
    endloop
  endfacet
  facet normal 0.41267 -0.910881 0
    outer loop
      vertex -4.68787 11.3175 -2
      vertex -5.41804 10.9867 -20
      vertex -4.68787 11.3175 -20
    endloop
  endfacet
  facet normal 0.683594 -0.729863 0
    outer loop
      vertex -8.66206 8.66206 -20
      vertex -8.07699 9.21004 -2
      vertex -8.66206 8.66206 -2
    endloop
  endfacet
  facet normal 0.683594 -0.729863 0
    outer loop
      vertex -8.07699 9.21004 -2
      vertex -8.66206 8.66206 -20
      vertex -8.07699 9.21004 -20
    endloop
  endfacet
  facet normal 0.634392 -0.773012 0
    outer loop
      vertex -8.07699 9.21004 -20
      vertex -7.45733 9.71858 -2
      vertex -8.07699 9.21004 -2
    endloop
  endfacet
  facet normal 0.634392 -0.773012 0
    outer loop
      vertex -7.45733 9.71858 -2
      vertex -8.07699 9.21004 -20
      vertex -7.45733 9.71858 -20
    endloop
  endfacet
  facet normal -0.032684 0.999466 0
    outer loop
      vertex 0.801188 -12.2238 -20
      vertex 0 -12.25 -2
      vertex 0.801188 -12.2238 -2
    endloop
  endfacet
  facet normal -0.032684 0.999466 0
    outer loop
      vertex 0 -12.25 -2
      vertex 0.801188 -12.2238 -20
      vertex 0 -12.25 -20
    endloop
  endfacet
  facet normal -0.973884 0.227045 0
    outer loop
      vertex 11.8326 -3.17053 -20
      vertex 12.0146 -2.38986 -2
      vertex 12.0146 -2.38986 -20
    endloop
  endfacet
  facet normal -0.973884 0.227045 0
    outer loop
      vertex 12.0146 -2.38986 -2
      vertex 11.8326 -3.17053 -20
      vertex 11.8326 -3.17053 -2
    endloop
  endfacet
  facet normal -0.935894 0.352282 0
    outer loop
      vertex 11.3175 -4.68787 -20
      vertex 11.5999 -3.93763 -2
      vertex 11.5999 -3.93763 -20
    endloop
  endfacet
  facet normal -0.935894 0.352282 0
    outer loop
      vertex 11.5999 -3.93763 -2
      vertex 11.3175 -4.68787 -20
      vertex 11.3175 -4.68787 -2
    endloop
  endfacet
  facet normal -0.290288 0.956939 0
    outer loop
      vertex 3.93763 -11.5999 -20
      vertex 3.17053 -11.8326 -2
      vertex 3.93763 -11.5999 -2
    endloop
  endfacet
  facet normal -0.290288 0.956939 0
    outer loop
      vertex 3.17053 -11.8326 -2
      vertex 3.93763 -11.5999 -20
      vertex 3.17053 -11.8326 -20
    endloop
  endfacet
  facet normal -0.41267 0.910881 0
    outer loop
      vertex 5.41804 -10.9867 -20
      vertex 4.68787 -11.3175 -2
      vertex 5.41804 -10.9867 -2
    endloop
  endfacet
  facet normal -0.41267 0.910881 0
    outer loop
      vertex 4.68787 -11.3175 -2
      vertex 5.41804 -10.9867 -20
      vertex 4.68787 -11.3175 -20
    endloop
  endfacet
  facet normal -0.729863 0.683594 0
    outer loop
      vertex 8.66206 -8.66206 -20
      vertex 9.21004 -8.07699 -2
      vertex 9.21004 -8.07699 -20
    endloop
  endfacet
  facet normal -0.729863 0.683594 0
    outer loop
      vertex 9.21004 -8.07699 -2
      vertex 8.66206 -8.66206 -20
      vertex 8.66206 -8.66206 -2
    endloop
  endfacet
  facet normal 0.032684 0.999466 -0
    outer loop
      vertex 0 -12.25 -20
      vertex -0.801188 -12.2238 -2
      vertex 0 -12.25 -2
    endloop
  endfacet
  facet normal 0.032684 0.999466 0
    outer loop
      vertex -0.801188 -12.2238 -2
      vertex 0 -12.25 -20
      vertex -0.801188 -12.2238 -20
    endloop
  endfacet
  facet normal 0.227045 0.973884 -0
    outer loop
      vertex -2.38986 -12.0146 -20
      vertex -3.17053 -11.8326 -2
      vertex -2.38986 -12.0146 -2
    endloop
  endfacet
  facet normal 0.227045 0.973884 0
    outer loop
      vertex -3.17053 -11.8326 -2
      vertex -2.38986 -12.0146 -20
      vertex -3.17053 -11.8326 -20
    endloop
  endfacet
  facet normal 0.582469 0.812853 -0
    outer loop
      vertex -6.80573 -10.1855 -20
      vertex -7.45733 -9.71858 -2
      vertex -6.80573 -10.1855 -2
    endloop
  endfacet
  facet normal 0.582469 0.812853 0
    outer loop
      vertex -7.45733 -9.71858 -2
      vertex -6.80573 -10.1855 -20
      vertex -7.45733 -9.71858 -20
    endloop
  endfacet
  facet normal 0.683594 0.729863 -0
    outer loop
      vertex -8.07699 -9.21004 -20
      vertex -8.66206 -8.66206 -2
      vertex -8.07699 -9.21004 -2
    endloop
  endfacet
  facet normal 0.683594 0.729863 0
    outer loop
      vertex -8.66206 -8.66206 -2
      vertex -8.07699 -9.21004 -20
      vertex -8.66206 -8.66206 -20
    endloop
  endfacet
  facet normal 0.471418 0.88191 -0
    outer loop
      vertex -5.41804 -10.9867 -20
      vertex -6.125 -10.6088 -2
      vertex -5.41804 -10.9867 -2
    endloop
  endfacet
  facet normal 0.471418 0.88191 0
    outer loop
      vertex -6.125 -10.6088 -2
      vertex -5.41804 -10.9867 -20
      vertex -6.125 -10.6088 -20
    endloop
  endfacet
  facet normal 0.41267 0.910881 -0
    outer loop
      vertex -4.68787 -11.3175 -20
      vertex -5.41804 -10.9867 -2
      vertex -4.68787 -11.3175 -2
    endloop
  endfacet
  facet normal 0.41267 0.910881 0
    outer loop
      vertex -5.41804 -10.9867 -2
      vertex -4.68787 -11.3175 -20
      vertex -5.41804 -10.9867 -20
    endloop
  endfacet
  facet normal 0.986639 0.16292 0
    outer loop
      vertex -12.0146 -2.38986 -2
      vertex -12.1452 -1.59895 -20
      vertex -12.1452 -1.59895 -2
    endloop
  endfacet
  facet normal 0.986639 0.16292 0
    outer loop
      vertex -12.1452 -1.59895 -20
      vertex -12.0146 -2.38986 -2
      vertex -12.0146 -2.38986 -20
    endloop
  endfacet
  facet normal 0.999466 0.032684 0
    outer loop
      vertex -12.2238 -0.801188 -2
      vertex -12.25 0 -20
      vertex -12.25 0 -2
    endloop
  endfacet
  facet normal 0.999466 0.032684 0
    outer loop
      vertex -12.25 0 -20
      vertex -12.2238 -0.801188 -2
      vertex -12.2238 -0.801188 -20
    endloop
  endfacet
  facet normal 0.956939 0.290288 0
    outer loop
      vertex -11.5999 -3.93763 -2
      vertex -11.8326 -3.17053 -20
      vertex -11.8326 -3.17053 -2
    endloop
  endfacet
  facet normal 0.956939 0.290288 0
    outer loop
      vertex -11.8326 -3.17053 -20
      vertex -11.5999 -3.93763 -2
      vertex -11.5999 -3.93763 -20
    endloop
  endfacet
  facet normal 0.849205 0.528063 0
    outer loop
      vertex -10.1855 -6.80573 -2
      vertex -10.6088 -6.125 -20
      vertex -10.6088 -6.125 -2
    endloop
  endfacet
  facet normal 0.849205 0.528063 0
    outer loop
      vertex -10.6088 -6.125 -20
      vertex -10.1855 -6.80573 -2
      vertex -10.1855 -6.80573 -20
    endloop
  endfacet
  facet normal 0.773012 0.634392 0
    outer loop
      vertex -9.21004 -8.07699 -2
      vertex -9.71858 -7.45733 -20
      vertex -9.71858 -7.45733 -2
    endloop
  endfacet
  facet normal 0.773012 0.634392 0
    outer loop
      vertex -9.71858 -7.45733 -20
      vertex -9.21004 -8.07699 -2
      vertex -9.21004 -8.07699 -20
    endloop
  endfacet
  facet normal -0.973884 -0.227045 0
    outer loop
      vertex 12.0146 2.38986 -20
      vertex 11.8326 3.17053 -2
      vertex 11.8326 3.17053 -20
    endloop
  endfacet
  facet normal -0.973884 -0.227045 0
    outer loop
      vertex 11.8326 3.17053 -2
      vertex 12.0146 2.38986 -20
      vertex 12.0146 2.38986 -2
    endloop
  endfacet
  facet normal -0.986639 -0.16292 0
    outer loop
      vertex 12.1452 1.59895 -20
      vertex 12.0146 2.38986 -2
      vertex 12.0146 2.38986 -20
    endloop
  endfacet
  facet normal -0.986639 -0.16292 0
    outer loop
      vertex 12.0146 2.38986 -2
      vertex 12.1452 1.59895 -20
      vertex 12.1452 1.59895 -2
    endloop
  endfacet
  facet normal -0.986639 0.16292 0
    outer loop
      vertex 12.0146 -2.38986 -20
      vertex 12.1452 -1.59895 -2
      vertex 12.1452 -1.59895 -20
    endloop
  endfacet
  facet normal -0.986639 0.16292 0
    outer loop
      vertex 12.1452 -1.59895 -2
      vertex 12.0146 -2.38986 -20
      vertex 12.0146 -2.38986 -2
    endloop
  endfacet
  facet normal -0.0980509 0.995181 0
    outer loop
      vertex 1.59895 -12.1452 -20
      vertex 0.801188 -12.2238 -2
      vertex 1.59895 -12.1452 -2
    endloop
  endfacet
  facet normal -0.0980509 0.995181 0
    outer loop
      vertex 0.801188 -12.2238 -2
      vertex 1.59895 -12.1452 -20
      vertex 0.801188 -12.2238 -20
    endloop
  endfacet
  facet normal -0.352282 0.935894 0
    outer loop
      vertex 4.68787 -11.3175 -20
      vertex 3.93763 -11.5999 -2
      vertex 4.68787 -11.3175 -2
    endloop
  endfacet
  facet normal -0.352282 0.935894 0
    outer loop
      vertex 3.93763 -11.5999 -2
      vertex 4.68787 -11.3175 -20
      vertex 3.93763 -11.5999 -20
    endloop
  endfacet
  facet normal -0.683594 0.729863 0
    outer loop
      vertex 8.66206 -8.66206 -20
      vertex 8.07699 -9.21004 -2
      vertex 8.66206 -8.66206 -2
    endloop
  endfacet
  facet normal -0.683594 0.729863 0
    outer loop
      vertex 8.07699 -9.21004 -2
      vertex 8.66206 -8.66206 -20
      vertex 8.07699 -9.21004 -20
    endloop
  endfacet
  facet normal -0.471418 0.88191 0
    outer loop
      vertex 6.125 -10.6088 -20
      vertex 5.41804 -10.9867 -2
      vertex 6.125 -10.6088 -2
    endloop
  endfacet
  facet normal -0.471418 0.88191 0
    outer loop
      vertex 5.41804 -10.9867 -2
      vertex 6.125 -10.6088 -20
      vertex 5.41804 -10.9867 -20
    endloop
  endfacet
  facet normal -0.910881 0.41267 0
    outer loop
      vertex 10.9867 -5.41804 -20
      vertex 11.3175 -4.68787 -2
      vertex 11.3175 -4.68787 -20
    endloop
  endfacet
  facet normal -0.910881 0.41267 0
    outer loop
      vertex 11.3175 -4.68787 -2
      vertex 10.9867 -5.41804 -20
      vertex 10.9867 -5.41804 -2
    endloop
  endfacet
  facet normal -0.773012 0.634392 0
    outer loop
      vertex 9.21004 -8.07699 -20
      vertex 9.71858 -7.45733 -2
      vertex 9.71858 -7.45733 -20
    endloop
  endfacet
  facet normal -0.773012 0.634392 0
    outer loop
      vertex 9.71858 -7.45733 -2
      vertex 9.21004 -8.07699 -20
      vertex 9.21004 -8.07699 -2
    endloop
  endfacet
  facet normal 0.290288 0.956939 -0
    outer loop
      vertex -3.17053 -11.8326 -20
      vertex -3.93763 -11.5999 -2
      vertex -3.17053 -11.8326 -2
    endloop
  endfacet
  facet normal 0.290288 0.956939 0
    outer loop
      vertex -3.93763 -11.5999 -2
      vertex -3.17053 -11.8326 -20
      vertex -3.93763 -11.5999 -20
    endloop
  endfacet
  facet normal 0.634392 0.773012 -0
    outer loop
      vertex -7.45733 -9.71858 -20
      vertex -8.07699 -9.21004 -2
      vertex -7.45733 -9.71858 -2
    endloop
  endfacet
  facet normal 0.634392 0.773012 0
    outer loop
      vertex -8.07699 -9.21004 -2
      vertex -7.45733 -9.71858 -20
      vertex -8.07699 -9.21004 -20
    endloop
  endfacet
  facet normal 0.995181 0.0980509 0
    outer loop
      vertex -12.1452 -1.59895 -2
      vertex -12.2238 -0.801188 -20
      vertex -12.2238 -0.801188 -2
    endloop
  endfacet
  facet normal 0.995181 0.0980509 0
    outer loop
      vertex -12.2238 -0.801188 -20
      vertex -12.1452 -1.59895 -2
      vertex -12.1452 -1.59895 -20
    endloop
  endfacet
  facet normal 0.935894 0.352282 0
    outer loop
      vertex -11.3175 -4.68787 -2
      vertex -11.5999 -3.93763 -20
      vertex -11.5999 -3.93763 -2
    endloop
  endfacet
  facet normal 0.935894 0.352282 0
    outer loop
      vertex -11.5999 -3.93763 -20
      vertex -11.3175 -4.68787 -2
      vertex -11.3175 -4.68787 -20
    endloop
  endfacet
  facet normal 0.88191 0.471418 0
    outer loop
      vertex -10.6088 -6.125 -2
      vertex -10.9867 -5.41804 -20
      vertex -10.9867 -5.41804 -2
    endloop
  endfacet
  facet normal 0.88191 0.471418 0
    outer loop
      vertex -10.9867 -5.41804 -20
      vertex -10.6088 -6.125 -2
      vertex -10.6088 -6.125 -20
    endloop
  endfacet
  facet normal -0.999466 0.032684 0
    outer loop
      vertex 12.2238 -0.801188 -20
      vertex 12.25 0 -2
      vertex 12.25 0 -20
    endloop
  endfacet
  facet normal -0.999466 0.032684 0
    outer loop
      vertex 12.25 0 -2
      vertex 12.2238 -0.801188 -20
      vertex 12.2238 -0.801188 -2
    endloop
  endfacet
  facet normal -0.956939 0.290288 0
    outer loop
      vertex 11.5999 -3.93763 -20
      vertex 11.8326 -3.17053 -2
      vertex 11.8326 -3.17053 -20
    endloop
  endfacet
  facet normal -0.956939 0.290288 0
    outer loop
      vertex 11.8326 -3.17053 -2
      vertex 11.5999 -3.93763 -20
      vertex 11.5999 -3.93763 -2
    endloop
  endfacet
  facet normal -0.999465 -0.032708 0
    outer loop
      vertex 14.25 0 -2
      vertex 14.2195 0.931994 0
      vertex 14.2195 0.931994 -2
    endloop
  endfacet
  facet normal -0.999465 -0.032708 0
    outer loop
      vertex 14.2195 0.931994 0
      vertex 14.25 0 -2
      vertex 14.25 0 0
    endloop
  endfacet
  facet normal 0.999465 -0.032708 0
    outer loop
      vertex -14.25 0 0
      vertex -14.2195 0.931994 -2
      vertex -14.2195 0.931994 0
    endloop
  endfacet
  facet normal 0.999465 -0.032708 0
    outer loop
      vertex -14.2195 0.931994 -2
      vertex -14.25 0 0
      vertex -14.25 0 -2
    endloop
  endfacet
  facet normal -0.032708 -0.999465 0
    outer loop
      vertex 0 14.25 -2
      vertex 0.931994 14.2195 0
      vertex 0 14.25 0
    endloop
  endfacet
  facet normal -0.032708 -0.999465 -0
    outer loop
      vertex 0.931994 14.2195 0
      vertex 0 14.25 -2
      vertex 0.931994 14.2195 -2
    endloop
  endfacet
  facet normal -0.683552 -0.729902 0
    outer loop
      vertex 9.39568 10.7137 -2
      vertex 10.0763 10.0763 0
      vertex 9.39568 10.7137 0
    endloop
  endfacet
  facet normal -0.683552 -0.729902 -0
    outer loop
      vertex 10.0763 10.0763 0
      vertex 9.39568 10.7137 -2
      vertex 10.0763 10.0763 -2
    endloop
  endfacet
  facet normal 0.683552 -0.729902 0
    outer loop
      vertex -10.0763 10.0763 -2
      vertex -9.39568 10.7137 0
      vertex -10.0763 10.0763 0
    endloop
  endfacet
  facet normal 0.683552 -0.729902 0
    outer loop
      vertex -9.39568 10.7137 0
      vertex -10.0763 10.0763 -2
      vertex -9.39568 10.7137 -2
    endloop
  endfacet
  facet normal 0.352276 -0.935896 0
    outer loop
      vertex -5.45324 13.1653 -2
      vertex -4.58051 13.4938 0
      vertex -5.45324 13.1653 0
    endloop
  endfacet
  facet normal 0.352276 -0.935896 0
    outer loop
      vertex -4.58051 13.4938 0
      vertex -5.45324 13.1653 -2
      vertex -4.58051 13.4938 -2
    endloop
  endfacet
  facet normal -0.910841 -0.412756 0
    outer loop
      vertex 13.1653 5.45324 -2
      vertex 12.7804 6.30261 0
      vertex 12.7804 6.30261 -2
    endloop
  endfacet
  facet normal -0.910841 -0.412756 0
    outer loop
      vertex 12.7804 6.30261 0
      vertex 13.1653 5.45324 -2
      vertex 13.1653 5.45324 0
    endloop
  endfacet
  facet normal -0.412756 -0.910841 0
    outer loop
      vertex 5.45324 13.1653 -2
      vertex 6.30261 12.7804 0
      vertex 5.45324 13.1653 0
    endloop
  endfacet
  facet normal -0.412756 -0.910841 -0
    outer loop
      vertex 6.30261 12.7804 0
      vertex 5.45324 13.1653 -2
      vertex 6.30261 12.7804 -2
    endloop
  endfacet
  facet normal -0.528132 -0.849162 0
    outer loop
      vertex 7.125 12.3409 -2
      vertex 7.91687 11.8484 0
      vertex 7.125 12.3409 0
    endloop
  endfacet
  facet normal -0.528132 -0.849162 -0
    outer loop
      vertex 7.91687 11.8484 0
      vertex 7.125 12.3409 -2
      vertex 7.91687 11.8484 -2
    endloop
  endfacet
  facet normal 0.910841 -0.412756 0
    outer loop
      vertex -13.1653 5.45324 0
      vertex -12.7804 6.30261 -2
      vertex -12.7804 6.30261 0
    endloop
  endfacet
  facet normal 0.910841 -0.412756 0
    outer loop
      vertex -12.7804 6.30261 -2
      vertex -13.1653 5.45324 0
      vertex -13.1653 5.45324 -2
    endloop
  endfacet
  facet normal 0.162896 -0.986643 0
    outer loop
      vertex -2.78004 13.9762 -2
      vertex -1.86 14.1281 0
      vertex -2.78004 13.9762 0
    endloop
  endfacet
  facet normal 0.162896 -0.986643 0
    outer loop
      vertex -1.86 14.1281 0
      vertex -2.78004 13.9762 -2
      vertex -1.86 14.1281 -2
    endloop
  endfacet
  facet normal -0.935896 0.352276 0
    outer loop
      vertex 13.1653 -5.45324 -2
      vertex 13.4938 -4.58051 0
      vertex 13.4938 -4.58051 -2
    endloop
  endfacet
  facet normal -0.935896 0.352276 0
    outer loop
      vertex 13.4938 -4.58051 0
      vertex 13.1653 -5.45324 -2
      vertex 13.1653 -5.45324 0
    endloop
  endfacet
  facet normal 0.729902 0.683552 0
    outer loop
      vertex -10.0763 -10.0763 0
      vertex -10.7137 -9.39568 -2
      vertex -10.7137 -9.39568 0
    endloop
  endfacet
  facet normal 0.729902 0.683552 0
    outer loop
      vertex -10.7137 -9.39568 -2
      vertex -10.0763 -10.0763 0
      vertex -10.0763 -10.0763 -2
    endloop
  endfacet
  facet normal -0.986643 -0.162896 0
    outer loop
      vertex 14.1281 1.86 -2
      vertex 13.9762 2.78004 0
      vertex 13.9762 2.78004 -2
    endloop
  endfacet
  facet normal -0.986643 -0.162896 0
    outer loop
      vertex 13.9762 2.78004 0
      vertex 14.1281 1.86 -2
      vertex 14.1281 1.86 0
    endloop
  endfacet
  facet normal -0.995185 -0.0980165 0
    outer loop
      vertex 14.2195 0.931994 -2
      vertex 14.1281 1.86 0
      vertex 14.1281 1.86 -2
    endloop
  endfacet
  facet normal -0.995185 -0.0980165 0
    outer loop
      vertex 14.1281 1.86 0
      vertex 14.2195 0.931994 -2
      vertex 14.2195 0.931994 0
    endloop
  endfacet
  facet normal -0.812878 -0.582435 0
    outer loop
      vertex 11.8484 7.91687 -2
      vertex 11.3053 8.67485 0
      vertex 11.3053 8.67485 -2
    endloop
  endfacet
  facet normal -0.812878 -0.582435 0
    outer loop
      vertex 11.3053 8.67485 0
      vertex 11.8484 7.91687 -2
      vertex 11.8484 7.91687 0
    endloop
  endfacet
  facet normal -0.772995 -0.634413 0
    outer loop
      vertex 11.3053 8.67485 -2
      vertex 10.7137 9.39568 0
      vertex 10.7137 9.39568 -2
    endloop
  endfacet
  facet normal -0.772995 -0.634413 0
    outer loop
      vertex 10.7137 9.39568 0
      vertex 11.3053 8.67485 -2
      vertex 11.3053 8.67485 0
    endloop
  endfacet
  facet normal -0.881955 -0.471333 0
    outer loop
      vertex 12.7804 6.30261 -2
      vertex 12.3409 7.125 0
      vertex 12.3409 7.125 -2
    endloop
  endfacet
  facet normal -0.881955 -0.471333 0
    outer loop
      vertex 12.3409 7.125 0
      vertex 12.7804 6.30261 -2
      vertex 12.7804 6.30261 0
    endloop
  endfacet
  facet normal -0.227131 -0.973864 0
    outer loop
      vertex 2.78004 13.9762 -2
      vertex 3.68817 13.7644 0
      vertex 2.78004 13.9762 0
    endloop
  endfacet
  facet normal -0.227131 -0.973864 -0
    outer loop
      vertex 3.68817 13.7644 0
      vertex 2.78004 13.9762 -2
      vertex 3.68817 13.7644 -2
    endloop
  endfacet
  facet normal -0.290198 -0.956967 0
    outer loop
      vertex 3.68817 13.7644 -2
      vertex 4.58051 13.4938 0
      vertex 3.68817 13.7644 0
    endloop
  endfacet
  facet normal -0.290198 -0.956967 -0
    outer loop
      vertex 4.58051 13.4938 0
      vertex 3.68817 13.7644 -2
      vertex 4.58051 13.4938 -2
    endloop
  endfacet
  facet normal -0.162896 -0.986643 0
    outer loop
      vertex 1.86 14.1281 -2
      vertex 2.78004 13.9762 0
      vertex 1.86 14.1281 0
    endloop
  endfacet
  facet normal -0.162896 -0.986643 -0
    outer loop
      vertex 2.78004 13.9762 0
      vertex 1.86 14.1281 -2
      vertex 2.78004 13.9762 -2
    endloop
  endfacet
  facet normal -0.471333 -0.881955 0
    outer loop
      vertex 6.30261 12.7804 -2
      vertex 7.125 12.3409 0
      vertex 6.30261 12.7804 0
    endloop
  endfacet
  facet normal -0.471333 -0.881955 -0
    outer loop
      vertex 7.125 12.3409 0
      vertex 6.30261 12.7804 -2
      vertex 7.125 12.3409 -2
    endloop
  endfacet
  facet normal -0.634413 -0.772995 0
    outer loop
      vertex 8.67485 11.3053 -2
      vertex 9.39568 10.7137 0
      vertex 8.67485 11.3053 0
    endloop
  endfacet
  facet normal -0.634413 -0.772995 -0
    outer loop
      vertex 9.39568 10.7137 0
      vertex 8.67485 11.3053 -2
      vertex 9.39568 10.7137 -2
    endloop
  endfacet
  facet normal 0.973864 -0.227131 0
    outer loop
      vertex -13.9762 2.78004 0
      vertex -13.7644 3.68817 -2
      vertex -13.7644 3.68817 0
    endloop
  endfacet
  facet normal 0.973864 -0.227131 0
    outer loop
      vertex -13.7644 3.68817 -2
      vertex -13.9762 2.78004 0
      vertex -13.9762 2.78004 -2
    endloop
  endfacet
  facet normal 0.772995 -0.634413 0
    outer loop
      vertex -11.3053 8.67485 0
      vertex -10.7137 9.39568 -2
      vertex -10.7137 9.39568 0
    endloop
  endfacet
  facet normal 0.772995 -0.634413 0
    outer loop
      vertex -10.7137 9.39568 -2
      vertex -11.3053 8.67485 0
      vertex -11.3053 8.67485 -2
    endloop
  endfacet
  facet normal 0.729902 -0.683552 0
    outer loop
      vertex -10.7137 9.39568 0
      vertex -10.0763 10.0763 -2
      vertex -10.0763 10.0763 0
    endloop
  endfacet
  facet normal 0.729902 -0.683552 0
    outer loop
      vertex -10.0763 10.0763 -2
      vertex -10.7137 9.39568 0
      vertex -10.7137 9.39568 -2
    endloop
  endfacet
  facet normal 0.849162 -0.528132 0
    outer loop
      vertex -12.3409 7.125 0
      vertex -11.8484 7.91687 -2
      vertex -11.8484 7.91687 0
    endloop
  endfacet
  facet normal 0.849162 -0.528132 0
    outer loop
      vertex -11.8484 7.91687 -2
      vertex -12.3409 7.125 0
      vertex -12.3409 7.125 -2
    endloop
  endfacet
  facet normal 0.956967 -0.290198 0
    outer loop
      vertex -13.7644 3.68817 0
      vertex -13.4938 4.58051 -2
      vertex -13.4938 4.58051 0
    endloop
  endfacet
  facet normal 0.956967 -0.290198 0
    outer loop
      vertex -13.4938 4.58051 -2
      vertex -13.7644 3.68817 0
      vertex -13.7644 3.68817 -2
    endloop
  endfacet
  facet normal 0.986643 -0.162896 0
    outer loop
      vertex -14.1281 1.86 0
      vertex -13.9762 2.78004 -2
      vertex -13.9762 2.78004 0
    endloop
  endfacet
  facet normal 0.986643 -0.162896 0
    outer loop
      vertex -13.9762 2.78004 -2
      vertex -14.1281 1.86 0
      vertex -14.1281 1.86 -2
    endloop
  endfacet
  facet normal 0.528132 -0.849162 0
    outer loop
      vertex -7.91687 11.8484 -2
      vertex -7.125 12.3409 0
      vertex -7.91687 11.8484 0
    endloop
  endfacet
  facet normal 0.528132 -0.849162 0
    outer loop
      vertex -7.125 12.3409 0
      vertex -7.91687 11.8484 -2
      vertex -7.125 12.3409 -2
    endloop
  endfacet
  facet normal 0.471333 -0.881955 0
    outer loop
      vertex -7.125 12.3409 -2
      vertex -6.30261 12.7804 0
      vertex -7.125 12.3409 0
    endloop
  endfacet
  facet normal 0.471333 -0.881955 0
    outer loop
      vertex -6.30261 12.7804 0
      vertex -7.125 12.3409 -2
      vertex -6.30261 12.7804 -2
    endloop
  endfacet
  facet normal 0.634413 -0.772995 0
    outer loop
      vertex -9.39568 10.7137 -2
      vertex -8.67485 11.3053 0
      vertex -9.39568 10.7137 0
    endloop
  endfacet
  facet normal 0.634413 -0.772995 0
    outer loop
      vertex -8.67485 11.3053 0
      vertex -9.39568 10.7137 -2
      vertex -8.67485 11.3053 -2
    endloop
  endfacet
  facet normal 0.227131 -0.973864 0
    outer loop
      vertex -3.68817 13.7644 -2
      vertex -2.78004 13.9762 0
      vertex -3.68817 13.7644 0
    endloop
  endfacet
  facet normal 0.227131 -0.973864 0
    outer loop
      vertex -2.78004 13.9762 0
      vertex -3.68817 13.7644 -2
      vertex -2.78004 13.9762 -2
    endloop
  endfacet
  facet normal 0.0980165 -0.995185 0
    outer loop
      vertex -1.86 14.1281 -2
      vertex -0.931994 14.2195 0
      vertex -1.86 14.1281 0
    endloop
  endfacet
  facet normal 0.0980165 -0.995185 0
    outer loop
      vertex -0.931994 14.2195 0
      vertex -1.86 14.1281 -2
      vertex -0.931994 14.2195 -2
    endloop
  endfacet
  facet normal -0.162896 0.986643 0
    outer loop
      vertex 2.78004 -13.9762 -2
      vertex 1.86 -14.1281 0
      vertex 2.78004 -13.9762 0
    endloop
  endfacet
  facet normal -0.162896 0.986643 0
    outer loop
      vertex 1.86 -14.1281 0
      vertex 2.78004 -13.9762 -2
      vertex 1.86 -14.1281 -2
    endloop
  endfacet
  facet normal -0.634413 0.772995 0
    outer loop
      vertex 9.39568 -10.7137 -2
      vertex 8.67485 -11.3053 0
      vertex 9.39568 -10.7137 0
    endloop
  endfacet
  facet normal -0.634413 0.772995 0
    outer loop
      vertex 8.67485 -11.3053 0
      vertex 9.39568 -10.7137 -2
      vertex 8.67485 -11.3053 -2
    endloop
  endfacet
  facet normal -0.729902 0.683552 0
    outer loop
      vertex 10.0763 -10.0763 -2
      vertex 10.7137 -9.39568 0
      vertex 10.7137 -9.39568 -2
    endloop
  endfacet
  facet normal -0.729902 0.683552 0
    outer loop
      vertex 10.7137 -9.39568 0
      vertex 10.0763 -10.0763 -2
      vertex 10.0763 -10.0763 0
    endloop
  endfacet
  facet normal -0.582435 0.812878 0
    outer loop
      vertex 8.67485 -11.3053 -2
      vertex 7.91687 -11.8484 0
      vertex 8.67485 -11.3053 0
    endloop
  endfacet
  facet normal -0.582435 0.812878 0
    outer loop
      vertex 7.91687 -11.8484 0
      vertex 8.67485 -11.3053 -2
      vertex 7.91687 -11.8484 -2
    endloop
  endfacet
  facet normal -0.471333 0.881955 0
    outer loop
      vertex 7.125 -12.3409 -2
      vertex 6.30261 -12.7804 0
      vertex 7.125 -12.3409 0
    endloop
  endfacet
  facet normal -0.471333 0.881955 0
    outer loop
      vertex 6.30261 -12.7804 0
      vertex 7.125 -12.3409 -2
      vertex 6.30261 -12.7804 -2
    endloop
  endfacet
  facet normal -0.812878 0.582435 0
    outer loop
      vertex 11.3053 -8.67485 -2
      vertex 11.8484 -7.91687 0
      vertex 11.8484 -7.91687 -2
    endloop
  endfacet
  facet normal -0.812878 0.582435 0
    outer loop
      vertex 11.8484 -7.91687 0
      vertex 11.3053 -8.67485 -2
      vertex 11.3053 -8.67485 0
    endloop
  endfacet
  facet normal -0.772995 0.634413 0
    outer loop
      vertex 10.7137 -9.39568 -2
      vertex 11.3053 -8.67485 0
      vertex 11.3053 -8.67485 -2
    endloop
  endfacet
  facet normal -0.772995 0.634413 0
    outer loop
      vertex 11.3053 -8.67485 0
      vertex 10.7137 -9.39568 -2
      vertex 10.7137 -9.39568 0
    endloop
  endfacet
  facet normal 0.634413 0.772995 -0
    outer loop
      vertex -8.67485 -11.3053 -2
      vertex -9.39568 -10.7137 0
      vertex -8.67485 -11.3053 0
    endloop
  endfacet
  facet normal 0.634413 0.772995 0
    outer loop
      vertex -9.39568 -10.7137 0
      vertex -8.67485 -11.3053 -2
      vertex -9.39568 -10.7137 -2
    endloop
  endfacet
  facet normal 0.683552 0.729902 -0
    outer loop
      vertex -9.39568 -10.7137 -2
      vertex -10.0763 -10.0763 0
      vertex -9.39568 -10.7137 0
    endloop
  endfacet
  facet normal 0.683552 0.729902 0
    outer loop
      vertex -10.0763 -10.0763 0
      vertex -9.39568 -10.7137 -2
      vertex -10.0763 -10.0763 -2
    endloop
  endfacet
  facet normal 0.412756 0.910841 -0
    outer loop
      vertex -5.45324 -13.1653 -2
      vertex -6.30261 -12.7804 0
      vertex -5.45324 -13.1653 0
    endloop
  endfacet
  facet normal 0.412756 0.910841 0
    outer loop
      vertex -6.30261 -12.7804 0
      vertex -5.45324 -13.1653 -2
      vertex -6.30261 -12.7804 -2
    endloop
  endfacet
  facet normal 0.528132 0.849162 -0
    outer loop
      vertex -7.125 -12.3409 -2
      vertex -7.91687 -11.8484 0
      vertex -7.125 -12.3409 0
    endloop
  endfacet
  facet normal 0.528132 0.849162 0
    outer loop
      vertex -7.91687 -11.8484 0
      vertex -7.125 -12.3409 -2
      vertex -7.91687 -11.8484 -2
    endloop
  endfacet
  facet normal 0.162896 0.986643 -0
    outer loop
      vertex -1.86 -14.1281 -2
      vertex -2.78004 -13.9762 0
      vertex -1.86 -14.1281 0
    endloop
  endfacet
  facet normal 0.162896 0.986643 0
    outer loop
      vertex -2.78004 -13.9762 0
      vertex -1.86 -14.1281 -2
      vertex -2.78004 -13.9762 -2
    endloop
  endfacet
  facet normal 0.849162 0.528132 0
    outer loop
      vertex -11.8484 -7.91687 0
      vertex -12.3409 -7.125 -2
      vertex -12.3409 -7.125 0
    endloop
  endfacet
  facet normal 0.849162 0.528132 0
    outer loop
      vertex -12.3409 -7.125 -2
      vertex -11.8484 -7.91687 0
      vertex -11.8484 -7.91687 -2
    endloop
  endfacet
  facet normal 0.973864 0.227131 0
    outer loop
      vertex -13.7644 -3.68817 0
      vertex -13.9762 -2.78004 -2
      vertex -13.9762 -2.78004 0
    endloop
  endfacet
  facet normal 0.973864 0.227131 0
    outer loop
      vertex -13.9762 -2.78004 -2
      vertex -13.7644 -3.68817 0
      vertex -13.7644 -3.68817 -2
    endloop
  endfacet
  facet normal 0.956967 0.290198 0
    outer loop
      vertex -13.4938 -4.58051 0
      vertex -13.7644 -3.68817 -2
      vertex -13.7644 -3.68817 0
    endloop
  endfacet
  facet normal 0.956967 0.290198 0
    outer loop
      vertex -13.7644 -3.68817 -2
      vertex -13.4938 -4.58051 0
      vertex -13.4938 -4.58051 -2
    endloop
  endfacet
  facet normal 0 0 1
    outer loop
      vertex 12.25 0 -2
      vertex 14.25 0 -2
      vertex 14.2195 0.931994 -2
    endloop
  endfacet
  facet normal 0 0 1
    outer loop
      vertex 12.2238 0.801188 -2
      vertex 14.2195 0.931994 -2
      vertex 14.1281 1.86 -2
    endloop
  endfacet
  facet normal 0 0 1
    outer loop
      vertex 14.25 0 -2
      vertex 12.25 0 -2
      vertex 14.2195 -0.931994 -2
    endloop
  endfacet
  facet normal 0 0 1
    outer loop
      vertex 12.1452 1.59895 -2
      vertex 14.1281 1.86 -2
      vertex 13.9762 2.78004 -2
    endloop
  endfacet
  facet normal -0 0 1
    outer loop
      vertex 12.2238 -0.801188 -2
      vertex 14.2195 -0.931994 -2
      vertex 12.25 0 -2
    endloop
  endfacet
  facet normal 0 0 1
    outer loop
      vertex 12.0146 2.38986 -2
      vertex 13.9762 2.78004 -2
      vertex 13.7644 3.68817 -2
    endloop
  endfacet
  facet normal 0 0 1
    outer loop
      vertex 14.2195 -0.931994 -2
      vertex 12.2238 -0.801188 -2
      vertex 14.1281 -1.86 -2
    endloop
  endfacet
  facet normal 0 0 1
    outer loop
      vertex 11.8326 3.17053 -2
      vertex 13.7644 3.68817 -2
      vertex 13.4938 4.58051 -2
    endloop
  endfacet
  facet normal -0 0 1
    outer loop
      vertex 12.1452 -1.59895 -2
      vertex 14.1281 -1.86 -2
      vertex 12.2238 -0.801188 -2
    endloop
  endfacet
  facet normal 0 0 1
    outer loop
      vertex 11.5999 3.93763 -2
      vertex 13.4938 4.58051 -2
      vertex 13.1653 5.45324 -2
    endloop
  endfacet
  facet normal 0 0 1
    outer loop
      vertex 14.1281 -1.86 -2
      vertex 12.1452 -1.59895 -2
      vertex 13.9762 -2.78004 -2
    endloop
  endfacet
  facet normal 0 0 1
    outer loop
      vertex 11.3175 4.68787 -2
      vertex 13.1653 5.45324 -2
      vertex 12.7804 6.30261 -2
    endloop
  endfacet
  facet normal -0 0 1
    outer loop
      vertex 12.0146 -2.38986 -2
      vertex 13.9762 -2.78004 -2
      vertex 12.1452 -1.59895 -2
    endloop
  endfacet
  facet normal 0 0 1
    outer loop
      vertex 10.9867 5.41804 -2
      vertex 12.7804 6.30261 -2
      vertex 12.3409 7.125 -2
    endloop
  endfacet
  facet normal 0 0 1
    outer loop
      vertex 13.9762 -2.78004 -2
      vertex 12.0146 -2.38986 -2
      vertex 13.7644 -3.68817 -2
    endloop
  endfacet
  facet normal -0 0 1
    outer loop
      vertex 11.8326 -3.17053 -2
      vertex 13.7644 -3.68817 -2
      vertex 12.0146 -2.38986 -2
    endloop
  endfacet
  facet normal 0 0 1
    outer loop
      vertex 14.2195 0.931994 -2
      vertex 12.2238 0.801188 -2
      vertex 12.25 0 -2
    endloop
  endfacet
  facet normal 0 0 1
    outer loop
      vertex 14.1281 1.86 -2
      vertex 12.1452 1.59895 -2
      vertex 12.2238 0.801188 -2
    endloop
  endfacet
  facet normal 0 0 1
    outer loop
      vertex 13.9762 2.78004 -2
      vertex 12.0146 2.38986 -2
      vertex 12.1452 1.59895 -2
    endloop
  endfacet
  facet normal 0 0 1
    outer loop
      vertex 10.6088 6.125 -2
      vertex 12.3409 7.125 -2
      vertex 11.8484 7.91687 -2
    endloop
  endfacet
  facet normal 0 0 1
    outer loop
      vertex 13.7644 3.68817 -2
      vertex 11.8326 3.17053 -2
      vertex 12.0146 2.38986 -2
    endloop
  endfacet
  facet normal 0 0 1
    outer loop
      vertex 13.4938 4.58051 -2
      vertex 11.5999 3.93763 -2
      vertex 11.8326 3.17053 -2
    endloop
  endfacet
  facet normal 0 0 1
    outer loop
      vertex 13.1653 5.45324 -2
      vertex 11.3175 4.68787 -2
      vertex 11.5999 3.93763 -2
    endloop
  endfacet
  facet normal 0 0 1
    outer loop
      vertex 10.1855 6.80573 -2
      vertex 11.8484 7.91687 -2
      vertex 11.3053 8.67485 -2
    endloop
  endfacet
  facet normal 0 0 1
    outer loop
      vertex 12.7804 6.30261 -2
      vertex 10.9867 5.41804 -2
      vertex 11.3175 4.68787 -2
    endloop
  endfacet
  facet normal 0 0 1
    outer loop
      vertex 9.71858 7.45733 -2
      vertex 11.3053 8.67485 -2
      vertex 10.7137 9.39568 -2
    endloop
  endfacet
  facet normal 0 0 1
    outer loop
      vertex 12.3409 7.125 -2
      vertex 10.6088 6.125 -2
      vertex 10.9867 5.41804 -2
    endloop
  endfacet
  facet normal 0 0 1
    outer loop
      vertex 11.8484 7.91687 -2
      vertex 10.1855 6.80573 -2
      vertex 10.6088 6.125 -2
    endloop
  endfacet
  facet normal 0 0 1
    outer loop
      vertex 9.21004 8.07699 -2
      vertex 10.7137 9.39568 -2
      vertex 10.0763 10.0763 -2
    endloop
  endfacet
  facet normal 0 0 1
    outer loop
      vertex 11.3053 8.67485 -2
      vertex 9.71858 7.45733 -2
      vertex 10.1855 6.80573 -2
    endloop
  endfacet
  facet normal 0 0 1
    outer loop
      vertex 8.66206 8.66206 -2
      vertex 10.0763 10.0763 -2
      vertex 9.39568 10.7137 -2
    endloop
  endfacet
  facet normal 0 0 1
    outer loop
      vertex 10.7137 9.39568 -2
      vertex 9.21004 8.07699 -2
      vertex 9.71858 7.45733 -2
    endloop
  endfacet
  facet normal 0 0 1
    outer loop
      vertex 8.07699 9.21004 -2
      vertex 9.39568 10.7137 -2
      vertex 8.67485 11.3053 -2
    endloop
  endfacet
  facet normal 0 0 1
    outer loop
      vertex 10.0763 10.0763 -2
      vertex 8.66206 8.66206 -2
      vertex 9.21004 8.07699 -2
    endloop
  endfacet
  facet normal 0 0 1
    outer loop
      vertex 9.39568 10.7137 -2
      vertex 8.07699 9.21004 -2
      vertex 8.66206 8.66206 -2
    endloop
  endfacet
  facet normal 0 0 1
    outer loop
      vertex 7.45733 9.71858 -2
      vertex 8.67485 11.3053 -2
      vertex 7.91687 11.8484 -2
    endloop
  endfacet
  facet normal 0 0 1
    outer loop
      vertex 8.67485 11.3053 -2
      vertex 7.45733 9.71858 -2
      vertex 8.07699 9.21004 -2
    endloop
  endfacet
  facet normal 0 0 1
    outer loop
      vertex 6.80573 10.1855 -2
      vertex 7.91687 11.8484 -2
      vertex 7.125 12.3409 -2
    endloop
  endfacet
  facet normal 0 0 1
    outer loop
      vertex 7.91687 11.8484 -2
      vertex 6.80573 10.1855 -2
      vertex 7.45733 9.71858 -2
    endloop
  endfacet
  facet normal 0 0 1
    outer loop
      vertex 6.125 10.6088 -2
      vertex 7.125 12.3409 -2
      vertex 6.30261 12.7804 -2
    endloop
  endfacet
  facet normal 0 0 1
    outer loop
      vertex 7.125 12.3409 -2
      vertex 6.125 10.6088 -2
      vertex 6.80573 10.1855 -2
    endloop
  endfacet
  facet normal 0 0 1
    outer loop
      vertex 5.41804 10.9867 -2
      vertex 6.30261 12.7804 -2
      vertex 5.45324 13.1653 -2
    endloop
  endfacet
  facet normal 0 0 1
    outer loop
      vertex 6.30261 12.7804 -2
      vertex 5.41804 10.9867 -2
      vertex 6.125 10.6088 -2
    endloop
  endfacet
  facet normal 0 0 1
    outer loop
      vertex 5.45324 13.1653 -2
      vertex 4.68787 11.3175 -2
      vertex 5.41804 10.9867 -2
    endloop
  endfacet
  facet normal 0 0 1
    outer loop
      vertex 4.58051 13.4938 -2
      vertex 4.68787 11.3175 -2
      vertex 5.45324 13.1653 -2
    endloop
  endfacet
  facet normal 0 0 1
    outer loop
      vertex 4.58051 13.4938 -2
      vertex 3.93763 11.5999 -2
      vertex 4.68787 11.3175 -2
    endloop
  endfacet
  facet normal 0 0 1
    outer loop
      vertex 3.68817 13.7644 -2
      vertex 3.93763 11.5999 -2
      vertex 4.58051 13.4938 -2
    endloop
  endfacet
  facet normal 0 0 1
    outer loop
      vertex 3.68817 13.7644 -2
      vertex 3.17053 11.8326 -2
      vertex 3.93763 11.5999 -2
    endloop
  endfacet
  facet normal 0 0 1
    outer loop
      vertex 2.78004 13.9762 -2
      vertex 3.17053 11.8326 -2
      vertex 3.68817 13.7644 -2
    endloop
  endfacet
  facet normal 0 0 1
    outer loop
      vertex 2.78004 13.9762 -2
      vertex 2.38986 12.0146 -2
      vertex 3.17053 11.8326 -2
    endloop
  endfacet
  facet normal 0 0 1
    outer loop
      vertex 1.86 14.1281 -2
      vertex 2.38986 12.0146 -2
      vertex 2.78004 13.9762 -2
    endloop
  endfacet
  facet normal 0 0 1
    outer loop
      vertex 1.86 14.1281 -2
      vertex 1.59895 12.1452 -2
      vertex 2.38986 12.0146 -2
    endloop
  endfacet
  facet normal 0 0 1
    outer loop
      vertex 0.931994 14.2195 -2
      vertex 1.59895 12.1452 -2
      vertex 1.86 14.1281 -2
    endloop
  endfacet
  facet normal 0 0 1
    outer loop
      vertex 0.931994 14.2195 -2
      vertex 0.801188 12.2238 -2
      vertex 1.59895 12.1452 -2
    endloop
  endfacet
  facet normal 0 0 1
    outer loop
      vertex 0 14.25 -2
      vertex 0.801188 12.2238 -2
      vertex 0.931994 14.2195 -2
    endloop
  endfacet
  facet normal 0 0 1
    outer loop
      vertex 0 14.25 -2
      vertex 0 12.25 -2
      vertex 0.801188 12.2238 -2
    endloop
  endfacet
  facet normal 0 0 1
    outer loop
      vertex 0 14.25 -2
      vertex -0.801188 12.2238 -2
      vertex 0 12.25 -2
    endloop
  endfacet
  facet normal -0 0 1
    outer loop
      vertex -0.931994 14.2195 -2
      vertex -0.801188 12.2238 -2
      vertex 0 14.25 -2
    endloop
  endfacet
  facet normal 0 0 1
    outer loop
      vertex -0.931994 14.2195 -2
      vertex -1.59895 12.1452 -2
      vertex -0.801188 12.2238 -2
    endloop
  endfacet
  facet normal -0 0 1
    outer loop
      vertex -1.86 14.1281 -2
      vertex -1.59895 12.1452 -2
      vertex -0.931994 14.2195 -2
    endloop
  endfacet
  facet normal 0 0 1
    outer loop
      vertex -1.86 14.1281 -2
      vertex -2.38986 12.0146 -2
      vertex -1.59895 12.1452 -2
    endloop
  endfacet
  facet normal -0 0 1
    outer loop
      vertex -2.78004 13.9762 -2
      vertex -2.38986 12.0146 -2
      vertex -1.86 14.1281 -2
    endloop
  endfacet
  facet normal 0 0 1
    outer loop
      vertex -2.78004 13.9762 -2
      vertex -3.17053 11.8326 -2
      vertex -2.38986 12.0146 -2
    endloop
  endfacet
  facet normal -0 0 1
    outer loop
      vertex -3.68817 13.7644 -2
      vertex -3.17053 11.8326 -2
      vertex -2.78004 13.9762 -2
    endloop
  endfacet
  facet normal 0 0 1
    outer loop
      vertex -3.68817 13.7644 -2
      vertex -3.93763 11.5999 -2
      vertex -3.17053 11.8326 -2
    endloop
  endfacet
  facet normal -0 0 1
    outer loop
      vertex -4.58051 13.4938 -2
      vertex -3.93763 11.5999 -2
      vertex -3.68817 13.7644 -2
    endloop
  endfacet
  facet normal 0 0 1
    outer loop
      vertex -4.58051 13.4938 -2
      vertex -4.68787 11.3175 -2
      vertex -3.93763 11.5999 -2
    endloop
  endfacet
  facet normal -0 0 1
    outer loop
      vertex -5.45324 13.1653 -2
      vertex -4.68787 11.3175 -2
      vertex -4.58051 13.4938 -2
    endloop
  endfacet
  facet normal 0 0 1
    outer loop
      vertex -4.68787 11.3175 -2
      vertex -5.45324 13.1653 -2
      vertex -5.41804 10.9867 -2
    endloop
  endfacet
  facet normal -0 0 1
    outer loop
      vertex -6.30261 12.7804 -2
      vertex -5.41804 10.9867 -2
      vertex -5.45324 13.1653 -2
    endloop
  endfacet
  facet normal 0 0 1
    outer loop
      vertex -5.41804 10.9867 -2
      vertex -6.30261 12.7804 -2
      vertex -6.125 10.6088 -2
    endloop
  endfacet
  facet normal -0 0 1
    outer loop
      vertex -7.125 12.3409 -2
      vertex -6.125 10.6088 -2
      vertex -6.30261 12.7804 -2
    endloop
  endfacet
  facet normal 0 0 1
    outer loop
      vertex -6.125 10.6088 -2
      vertex -7.125 12.3409 -2
      vertex -6.80573 10.1855 -2
    endloop
  endfacet
  facet normal -0 0 1
    outer loop
      vertex -7.91687 11.8484 -2
      vertex -6.80573 10.1855 -2
      vertex -7.125 12.3409 -2
    endloop
  endfacet
  facet normal 0 0 1
    outer loop
      vertex -6.80573 10.1855 -2
      vertex -7.91687 11.8484 -2
      vertex -7.45733 9.71858 -2
    endloop
  endfacet
  facet normal -0 0 1
    outer loop
      vertex -8.67485 11.3053 -2
      vertex -7.45733 9.71858 -2
      vertex -7.91687 11.8484 -2
    endloop
  endfacet
  facet normal 0 0 1
    outer loop
      vertex -7.45733 9.71858 -2
      vertex -8.67485 11.3053 -2
      vertex -8.07699 9.21004 -2
    endloop
  endfacet
  facet normal -0 0 1
    outer loop
      vertex -9.39568 10.7137 -2
      vertex -8.07699 9.21004 -2
      vertex -8.67485 11.3053 -2
    endloop
  endfacet
  facet normal 0 0 1
    outer loop
      vertex -8.07699 9.21004 -2
      vertex -9.39568 10.7137 -2
      vertex -8.66206 8.66206 -2
    endloop
  endfacet
  facet normal -0 0 1
    outer loop
      vertex -10.0763 10.0763 -2
      vertex -8.66206 8.66206 -2
      vertex -9.39568 10.7137 -2
    endloop
  endfacet
  facet normal 0 0 1
    outer loop
      vertex -8.66206 8.66206 -2
      vertex -10.0763 10.0763 -2
      vertex -9.21004 8.07699 -2
    endloop
  endfacet
  facet normal -0 0 1
    outer loop
      vertex -10.7137 9.39568 -2
      vertex -9.21004 8.07699 -2
      vertex -10.0763 10.0763 -2
    endloop
  endfacet
  facet normal 0 0 1
    outer loop
      vertex -9.21004 8.07699 -2
      vertex -10.7137 9.39568 -2
      vertex -9.71858 7.45733 -2
    endloop
  endfacet
  facet normal -0 0 1
    outer loop
      vertex -11.3053 8.67485 -2
      vertex -9.71858 7.45733 -2
      vertex -10.7137 9.39568 -2
    endloop
  endfacet
  facet normal 0 0 1
    outer loop
      vertex -9.71858 7.45733 -2
      vertex -11.3053 8.67485 -2
      vertex -10.1855 6.80573 -2
    endloop
  endfacet
  facet normal -0 0 1
    outer loop
      vertex -11.8484 7.91687 -2
      vertex -10.1855 6.80573 -2
      vertex -11.3053 8.67485 -2
    endloop
  endfacet
  facet normal 0 0 1
    outer loop
      vertex -10.1855 6.80573 -2
      vertex -11.8484 7.91687 -2
      vertex -10.6088 6.125 -2
    endloop
  endfacet
  facet normal -0 0 1
    outer loop
      vertex -12.3409 7.125 -2
      vertex -10.6088 6.125 -2
      vertex -11.8484 7.91687 -2
    endloop
  endfacet
  facet normal 0 0 1
    outer loop
      vertex -10.6088 6.125 -2
      vertex -12.3409 7.125 -2
      vertex -10.9867 5.41804 -2
    endloop
  endfacet
  facet normal -0 0 1
    outer loop
      vertex -12.7804 6.30261 -2
      vertex -10.9867 5.41804 -2
      vertex -12.3409 7.125 -2
    endloop
  endfacet
  facet normal 0 0 1
    outer loop
      vertex -10.9867 5.41804 -2
      vertex -12.7804 6.30261 -2
      vertex -11.3175 4.68787 -2
    endloop
  endfacet
  facet normal -0 0 1
    outer loop
      vertex -13.1653 5.45324 -2
      vertex -11.3175 4.68787 -2
      vertex -12.7804 6.30261 -2
    endloop
  endfacet
  facet normal 0 0 1
    outer loop
      vertex -11.3175 4.68787 -2
      vertex -13.1653 5.45324 -2
      vertex -11.5999 3.93763 -2
    endloop
  endfacet
  facet normal -0 0 1
    outer loop
      vertex -13.4938 4.58051 -2
      vertex -11.5999 3.93763 -2
      vertex -13.1653 5.45324 -2
    endloop
  endfacet
  facet normal -0 0 1
    outer loop
      vertex -13.7644 3.68817 -2
      vertex -11.8326 3.17053 -2
      vertex -13.4938 4.58051 -2
    endloop
  endfacet
  facet normal 0 0 1
    outer loop
      vertex -11.5999 3.93763 -2
      vertex -13.4938 4.58051 -2
      vertex -11.8326 3.17053 -2
    endloop
  endfacet
  facet normal 0 0 1
    outer loop
      vertex 13.7644 -3.68817 -2
      vertex 11.8326 -3.17053 -2
      vertex 13.4938 -4.58051 -2
    endloop
  endfacet
  facet normal -0 0 1
    outer loop
      vertex 11.5999 -3.93763 -2
      vertex 13.4938 -4.58051 -2
      vertex 11.8326 -3.17053 -2
    endloop
  endfacet
  facet normal 0 0 1
    outer loop
      vertex 13.4938 -4.58051 -2
      vertex 11.5999 -3.93763 -2
      vertex 13.1653 -5.45324 -2
    endloop
  endfacet
  facet normal -0 0 1
    outer loop
      vertex 11.3175 -4.68787 -2
      vertex 13.1653 -5.45324 -2
      vertex 11.5999 -3.93763 -2
    endloop
  endfacet
  facet normal 0 0 1
    outer loop
      vertex 13.1653 -5.45324 -2
      vertex 11.3175 -4.68787 -2
      vertex 12.7804 -6.30261 -2
    endloop
  endfacet
  facet normal -0 0 1
    outer loop
      vertex 10.9867 -5.41804 -2
      vertex 12.7804 -6.30261 -2
      vertex 11.3175 -4.68787 -2
    endloop
  endfacet
  facet normal 0 0 1
    outer loop
      vertex 12.7804 -6.30261 -2
      vertex 10.9867 -5.41804 -2
      vertex 12.3409 -7.125 -2
    endloop
  endfacet
  facet normal -0 0 1
    outer loop
      vertex 10.6088 -6.125 -2
      vertex 12.3409 -7.125 -2
      vertex 10.9867 -5.41804 -2
    endloop
  endfacet
  facet normal 0 0 1
    outer loop
      vertex 12.3409 -7.125 -2
      vertex 10.6088 -6.125 -2
      vertex 11.8484 -7.91687 -2
    endloop
  endfacet
  facet normal -0 0 1
    outer loop
      vertex 10.1855 -6.80573 -2
      vertex 11.8484 -7.91687 -2
      vertex 10.6088 -6.125 -2
    endloop
  endfacet
  facet normal 0 0 1
    outer loop
      vertex 11.8484 -7.91687 -2
      vertex 10.1855 -6.80573 -2
      vertex 11.3053 -8.67485 -2
    endloop
  endfacet
  facet normal -0 0 1
    outer loop
      vertex 9.71858 -7.45733 -2
      vertex 11.3053 -8.67485 -2
      vertex 10.1855 -6.80573 -2
    endloop
  endfacet
  facet normal 0 0 1
    outer loop
      vertex 11.3053 -8.67485 -2
      vertex 9.71858 -7.45733 -2
      vertex 10.7137 -9.39568 -2
    endloop
  endfacet
  facet normal -0 0 1
    outer loop
      vertex 9.21004 -8.07699 -2
      vertex 10.7137 -9.39568 -2
      vertex 9.71858 -7.45733 -2
    endloop
  endfacet
  facet normal 0 0 1
    outer loop
      vertex 10.7137 -9.39568 -2
      vertex 9.21004 -8.07699 -2
      vertex 10.0763 -10.0763 -2
    endloop
  endfacet
  facet normal -0 0 1
    outer loop
      vertex 8.66206 -8.66206 -2
      vertex 10.0763 -10.0763 -2
      vertex 9.21004 -8.07699 -2
    endloop
  endfacet
  facet normal 0 0 1
    outer loop
      vertex 10.0763 -10.0763 -2
      vertex 8.66206 -8.66206 -2
      vertex 9.39568 -10.7137 -2
    endloop
  endfacet
  facet normal -0 0 1
    outer loop
      vertex 8.07699 -9.21004 -2
      vertex 9.39568 -10.7137 -2
      vertex 8.66206 -8.66206 -2
    endloop
  endfacet
  facet normal 0 0 1
    outer loop
      vertex 9.39568 -10.7137 -2
      vertex 8.07699 -9.21004 -2
      vertex 8.67485 -11.3053 -2
    endloop
  endfacet
  facet normal -0 0 1
    outer loop
      vertex 7.45733 -9.71858 -2
      vertex 8.67485 -11.3053 -2
      vertex 8.07699 -9.21004 -2
    endloop
  endfacet
  facet normal 0 0 1
    outer loop
      vertex 8.67485 -11.3053 -2
      vertex 7.45733 -9.71858 -2
      vertex 7.91687 -11.8484 -2
    endloop
  endfacet
  facet normal -0 0 1
    outer loop
      vertex 6.80573 -10.1855 -2
      vertex 7.91687 -11.8484 -2
      vertex 7.45733 -9.71858 -2
    endloop
  endfacet
  facet normal 0 0 1
    outer loop
      vertex 7.91687 -11.8484 -2
      vertex 6.80573 -10.1855 -2
      vertex 7.125 -12.3409 -2
    endloop
  endfacet
  facet normal -0 0 1
    outer loop
      vertex 6.125 -10.6088 -2
      vertex 7.125 -12.3409 -2
      vertex 6.80573 -10.1855 -2
    endloop
  endfacet
  facet normal 0 0 1
    outer loop
      vertex 7.125 -12.3409 -2
      vertex 6.125 -10.6088 -2
      vertex 6.30261 -12.7804 -2
    endloop
  endfacet
  facet normal -0 0 1
    outer loop
      vertex 5.41804 -10.9867 -2
      vertex 6.30261 -12.7804 -2
      vertex 6.125 -10.6088 -2
    endloop
  endfacet
  facet normal 0 0 1
    outer loop
      vertex 6.30261 -12.7804 -2
      vertex 5.41804 -10.9867 -2
      vertex 5.45324 -13.1653 -2
    endloop
  endfacet
  facet normal -0 0 1
    outer loop
      vertex 4.68787 -11.3175 -2
      vertex 5.45324 -13.1653 -2
      vertex 5.41804 -10.9867 -2
    endloop
  endfacet
  facet normal 0 0 1
    outer loop
      vertex 4.68787 -11.3175 -2
      vertex 4.58051 -13.4938 -2
      vertex 5.45324 -13.1653 -2
    endloop
  endfacet
  facet normal -0 0 1
    outer loop
      vertex 3.93763 -11.5999 -2
      vertex 4.58051 -13.4938 -2
      vertex 4.68787 -11.3175 -2
    endloop
  endfacet
  facet normal 0 0 1
    outer loop
      vertex 3.93763 -11.5999 -2
      vertex 3.68817 -13.7644 -2
      vertex 4.58051 -13.4938 -2
    endloop
  endfacet
  facet normal -0 0 1
    outer loop
      vertex 3.17053 -11.8326 -2
      vertex 3.68817 -13.7644 -2
      vertex 3.93763 -11.5999 -2
    endloop
  endfacet
  facet normal 0 0 1
    outer loop
      vertex 3.17053 -11.8326 -2
      vertex 2.78004 -13.9762 -2
      vertex 3.68817 -13.7644 -2
    endloop
  endfacet
  facet normal -0 0 1
    outer loop
      vertex 2.38986 -12.0146 -2
      vertex 2.78004 -13.9762 -2
      vertex 3.17053 -11.8326 -2
    endloop
  endfacet
  facet normal 0 0 1
    outer loop
      vertex 2.38986 -12.0146 -2
      vertex 1.86 -14.1281 -2
      vertex 2.78004 -13.9762 -2
    endloop
  endfacet
  facet normal -0 0 1
    outer loop
      vertex 1.59895 -12.1452 -2
      vertex 1.86 -14.1281 -2
      vertex 2.38986 -12.0146 -2
    endloop
  endfacet
  facet normal 0 0 1
    outer loop
      vertex 1.59895 -12.1452 -2
      vertex 0.931994 -14.2195 -2
      vertex 1.86 -14.1281 -2
    endloop
  endfacet
  facet normal -0 0 1
    outer loop
      vertex 0.801188 -12.2238 -2
      vertex 0.931994 -14.2195 -2
      vertex 1.59895 -12.1452 -2
    endloop
  endfacet
  facet normal -0 0 1
    outer loop
      vertex 0 -12.25 -2
      vertex 0.931994 -14.2195 -2
      vertex 0.801188 -12.2238 -2
    endloop
  endfacet
  facet normal 0 0 1
    outer loop
      vertex 0 -12.25 -2
      vertex 0 -14.25 -2
      vertex 0.931994 -14.2195 -2
    endloop
  endfacet
  facet normal 0 0 1
    outer loop
      vertex -0.801188 -12.2238 -2
      vertex 0 -14.25 -2
      vertex 0 -12.25 -2
    endloop
  endfacet
  facet normal 0 0 1
    outer loop
      vertex -0.801188 -12.2238 -2
      vertex -0.931994 -14.2195 -2
      vertex 0 -14.25 -2
    endloop
  endfacet
  facet normal 0 0 1
    outer loop
      vertex -1.59895 -12.1452 -2
      vertex -0.931994 -14.2195 -2
      vertex -0.801188 -12.2238 -2
    endloop
  endfacet
  facet normal 0 0 1
    outer loop
      vertex -1.59895 -12.1452 -2
      vertex -1.86 -14.1281 -2
      vertex -0.931994 -14.2195 -2
    endloop
  endfacet
  facet normal 0 0 1
    outer loop
      vertex -2.38986 -12.0146 -2
      vertex -1.86 -14.1281 -2
      vertex -1.59895 -12.1452 -2
    endloop
  endfacet
  facet normal 0 0 1
    outer loop
      vertex -2.38986 -12.0146 -2
      vertex -2.78004 -13.9762 -2
      vertex -1.86 -14.1281 -2
    endloop
  endfacet
  facet normal 0 0 1
    outer loop
      vertex -3.17053 -11.8326 -2
      vertex -2.78004 -13.9762 -2
      vertex -2.38986 -12.0146 -2
    endloop
  endfacet
  facet normal 0 0 1
    outer loop
      vertex -3.17053 -11.8326 -2
      vertex -3.68817 -13.7644 -2
      vertex -2.78004 -13.9762 -2
    endloop
  endfacet
  facet normal 0 0 1
    outer loop
      vertex -3.93763 -11.5999 -2
      vertex -3.68817 -13.7644 -2
      vertex -3.17053 -11.8326 -2
    endloop
  endfacet
  facet normal 0 0 1
    outer loop
      vertex -3.93763 -11.5999 -2
      vertex -4.58051 -13.4938 -2
      vertex -3.68817 -13.7644 -2
    endloop
  endfacet
  facet normal 0 0 1
    outer loop
      vertex -4.68787 -11.3175 -2
      vertex -4.58051 -13.4938 -2
      vertex -3.93763 -11.5999 -2
    endloop
  endfacet
  facet normal 0 0 1
    outer loop
      vertex -5.45324 -13.1653 -2
      vertex -4.68787 -11.3175 -2
      vertex -5.41804 -10.9867 -2
    endloop
  endfacet
  facet normal 0 0 1
    outer loop
      vertex -4.68787 -11.3175 -2
      vertex -5.45324 -13.1653 -2
      vertex -4.58051 -13.4938 -2
    endloop
  endfacet
  facet normal 0 0 1
    outer loop
      vertex -6.30261 -12.7804 -2
      vertex -5.41804 -10.9867 -2
      vertex -6.125 -10.6088 -2
    endloop
  endfacet
  facet normal 0 0 1
    outer loop
      vertex -5.41804 -10.9867 -2
      vertex -6.30261 -12.7804 -2
      vertex -5.45324 -13.1653 -2
    endloop
  endfacet
  facet normal 0 0 1
    outer loop
      vertex -7.125 -12.3409 -2
      vertex -6.125 -10.6088 -2
      vertex -6.80573 -10.1855 -2
    endloop
  endfacet
  facet normal 0 0 1
    outer loop
      vertex -6.125 -10.6088 -2
      vertex -7.125 -12.3409 -2
      vertex -6.30261 -12.7804 -2
    endloop
  endfacet
  facet normal 0 0 1
    outer loop
      vertex -7.91687 -11.8484 -2
      vertex -6.80573 -10.1855 -2
      vertex -7.45733 -9.71858 -2
    endloop
  endfacet
  facet normal 0 0 1
    outer loop
      vertex -6.80573 -10.1855 -2
      vertex -7.91687 -11.8484 -2
      vertex -7.125 -12.3409 -2
    endloop
  endfacet
  facet normal 0 0 1
    outer loop
      vertex -8.67485 -11.3053 -2
      vertex -7.45733 -9.71858 -2
      vertex -8.07699 -9.21004 -2
    endloop
  endfacet
  facet normal 0 0 1
    outer loop
      vertex -9.39568 -10.7137 -2
      vertex -8.07699 -9.21004 -2
      vertex -8.66206 -8.66206 -2
    endloop
  endfacet
  facet normal 0 0 1
    outer loop
      vertex -7.45733 -9.71858 -2
      vertex -8.67485 -11.3053 -2
      vertex -7.91687 -11.8484 -2
    endloop
  endfacet
  facet normal 0 0 1
    outer loop
      vertex -10.0763 -10.0763 -2
      vertex -8.66206 -8.66206 -2
      vertex -9.21004 -8.07699 -2
    endloop
  endfacet
  facet normal 0 0 1
    outer loop
      vertex -8.07699 -9.21004 -2
      vertex -9.39568 -10.7137 -2
      vertex -8.67485 -11.3053 -2
    endloop
  endfacet
  facet normal 0 0 1
    outer loop
      vertex -10.7137 -9.39568 -2
      vertex -9.21004 -8.07699 -2
      vertex -9.71858 -7.45733 -2
    endloop
  endfacet
  facet normal 0 0 1
    outer loop
      vertex -8.66206 -8.66206 -2
      vertex -10.0763 -10.0763 -2
      vertex -9.39568 -10.7137 -2
    endloop
  endfacet
  facet normal 0 0 1
    outer loop
      vertex -11.3053 -8.67485 -2
      vertex -9.71858 -7.45733 -2
      vertex -10.1855 -6.80573 -2
    endloop
  endfacet
  facet normal 0 0 1
    outer loop
      vertex -11.8484 -7.91687 -2
      vertex -10.1855 -6.80573 -2
      vertex -10.6088 -6.125 -2
    endloop
  endfacet
  facet normal 0 0 1
    outer loop
      vertex -9.21004 -8.07699 -2
      vertex -10.7137 -9.39568 -2
      vertex -10.0763 -10.0763 -2
    endloop
  endfacet
  facet normal 0 0 1
    outer loop
      vertex -12.3409 -7.125 -2
      vertex -10.6088 -6.125 -2
      vertex -10.9867 -5.41804 -2
    endloop
  endfacet
  facet normal 0 0 1
    outer loop
      vertex -9.71858 -7.45733 -2
      vertex -11.3053 -8.67485 -2
      vertex -10.7137 -9.39568 -2
    endloop
  endfacet
  facet normal 0 0 1
    outer loop
      vertex -12.7804 -6.30261 -2
      vertex -10.9867 -5.41804 -2
      vertex -11.3175 -4.68787 -2
    endloop
  endfacet
  facet normal 0 0 1
    outer loop
      vertex -13.1653 -5.45324 -2
      vertex -11.3175 -4.68787 -2
      vertex -11.5999 -3.93763 -2
    endloop
  endfacet
  facet normal 0 0 1
    outer loop
      vertex -13.4938 -4.58051 -2
      vertex -11.5999 -3.93763 -2
      vertex -11.8326 -3.17053 -2
    endloop
  endfacet
  facet normal 0 0 1
    outer loop
      vertex -10.1855 -6.80573 -2
      vertex -11.8484 -7.91687 -2
      vertex -11.3053 -8.67485 -2
    endloop
  endfacet
  facet normal 0 0 1
    outer loop
      vertex -13.7644 -3.68817 -2
      vertex -11.8326 -3.17053 -2
      vertex -12.0146 -2.38986 -2
    endloop
  endfacet
  facet normal 0 0 1
    outer loop
      vertex -13.9762 -2.78004 -2
      vertex -12.0146 -2.38986 -2
      vertex -12.1452 -1.59895 -2
    endloop
  endfacet
  facet normal 0 0 1
    outer loop
      vertex -14.1281 -1.86 -2
      vertex -12.1452 -1.59895 -2
      vertex -12.2238 -0.801188 -2
    endloop
  endfacet
  facet normal 0 0 1
    outer loop
      vertex -10.6088 -6.125 -2
      vertex -12.3409 -7.125 -2
      vertex -11.8484 -7.91687 -2
    endloop
  endfacet
  facet normal 0 0 1
    outer loop
      vertex -14.2195 -0.931994 -2
      vertex -12.2238 -0.801188 -2
      vertex -12.25 0 -2
    endloop
  endfacet
  facet normal 0 0 1
    outer loop
      vertex -11.8326 3.17053 -2
      vertex -13.7644 3.68817 -2
      vertex -12.0146 2.38986 -2
    endloop
  endfacet
  facet normal -0 0 1
    outer loop
      vertex -13.9762 2.78004 -2
      vertex -12.0146 2.38986 -2
      vertex -13.7644 3.68817 -2
    endloop
  endfacet
  facet normal 0 0 1
    outer loop
      vertex -10.9867 -5.41804 -2
      vertex -12.7804 -6.30261 -2
      vertex -12.3409 -7.125 -2
    endloop
  endfacet
  facet normal 0 0 1
    outer loop
      vertex -12.0146 2.38986 -2
      vertex -13.9762 2.78004 -2
      vertex -12.1452 1.59895 -2
    endloop
  endfacet
  facet normal 0 0 1
    outer loop
      vertex -11.3175 -4.68787 -2
      vertex -13.1653 -5.45324 -2
      vertex -12.7804 -6.30261 -2
    endloop
  endfacet
  facet normal -0 0 1
    outer loop
      vertex -14.1281 1.86 -2
      vertex -12.1452 1.59895 -2
      vertex -13.9762 2.78004 -2
    endloop
  endfacet
  facet normal 0 0 1
    outer loop
      vertex -11.5999 -3.93763 -2
      vertex -13.4938 -4.58051 -2
      vertex -13.1653 -5.45324 -2
    endloop
  endfacet
  facet normal 0 0 1
    outer loop
      vertex -12.1452 1.59895 -2
      vertex -14.1281 1.86 -2
      vertex -12.2238 0.801188 -2
    endloop
  endfacet
  facet normal 0 0 1
    outer loop
      vertex -11.8326 -3.17053 -2
      vertex -13.7644 -3.68817 -2
      vertex -13.4938 -4.58051 -2
    endloop
  endfacet
  facet normal -0 0 1
    outer loop
      vertex -14.2195 0.931994 -2
      vertex -12.2238 0.801188 -2
      vertex -14.1281 1.86 -2
    endloop
  endfacet
  facet normal 0 0 1
    outer loop
      vertex -12.0146 -2.38986 -2
      vertex -13.9762 -2.78004 -2
      vertex -13.7644 -3.68817 -2
    endloop
  endfacet
  facet normal 0 0 1
    outer loop
      vertex -12.2238 0.801188 -2
      vertex -14.2195 0.931994 -2
      vertex -12.25 0 -2
    endloop
  endfacet
  facet normal 0 0 1
    outer loop
      vertex -12.1452 -1.59895 -2
      vertex -14.1281 -1.86 -2
      vertex -13.9762 -2.78004 -2
    endloop
  endfacet
  facet normal 0 0 1
    outer loop
      vertex -14.25 0 -2
      vertex -12.25 0 -2
      vertex -14.2195 0.931994 -2
    endloop
  endfacet
  facet normal 0 0 1
    outer loop
      vertex -12.2238 -0.801188 -2
      vertex -14.2195 -0.931994 -2
      vertex -14.1281 -1.86 -2
    endloop
  endfacet
  facet normal 0 0 1
    outer loop
      vertex -12.25 0 -2
      vertex -14.25 0 -2
      vertex -14.2195 -0.931994 -2
    endloop
  endfacet
  facet normal -0.973864 -0.227131 0
    outer loop
      vertex 13.9762 2.78004 -2
      vertex 13.7644 3.68817 0
      vertex 13.7644 3.68817 -2
    endloop
  endfacet
  facet normal -0.973864 -0.227131 0
    outer loop
      vertex 13.7644 3.68817 0
      vertex 13.9762 2.78004 -2
      vertex 13.9762 2.78004 0
    endloop
  endfacet
  facet normal -0.956967 -0.290198 0
    outer loop
      vertex 13.7644 3.68817 -2
      vertex 13.4938 4.58051 0
      vertex 13.4938 4.58051 -2
    endloop
  endfacet
  facet normal -0.956967 -0.290198 0
    outer loop
      vertex 13.4938 4.58051 0
      vertex 13.7644 3.68817 -2
      vertex 13.7644 3.68817 0
    endloop
  endfacet
  facet normal -0.935896 -0.352276 0
    outer loop
      vertex 13.4938 4.58051 -2
      vertex 13.1653 5.45324 0
      vertex 13.1653 5.45324 -2
    endloop
  endfacet
  facet normal -0.935896 -0.352276 0
    outer loop
      vertex 13.1653 5.45324 0
      vertex 13.4938 4.58051 -2
      vertex 13.4938 4.58051 0
    endloop
  endfacet
  facet normal -0.0980165 -0.995185 0
    outer loop
      vertex 0.931994 14.2195 -2
      vertex 1.86 14.1281 0
      vertex 0.931994 14.2195 0
    endloop
  endfacet
  facet normal -0.0980165 -0.995185 -0
    outer loop
      vertex 1.86 14.1281 0
      vertex 0.931994 14.2195 -2
      vertex 1.86 14.1281 -2
    endloop
  endfacet
  facet normal -0.582435 -0.812878 0
    outer loop
      vertex 7.91687 11.8484 -2
      vertex 8.67485 11.3053 0
      vertex 7.91687 11.8484 0
    endloop
  endfacet
  facet normal -0.582435 -0.812878 -0
    outer loop
      vertex 8.67485 11.3053 0
      vertex 7.91687 11.8484 -2
      vertex 8.67485 11.3053 -2
    endloop
  endfacet
  facet normal 0.812878 -0.582435 0
    outer loop
      vertex -11.8484 7.91687 0
      vertex -11.3053 8.67485 -2
      vertex -11.3053 8.67485 0
    endloop
  endfacet
  facet normal 0.812878 -0.582435 0
    outer loop
      vertex -11.3053 8.67485 -2
      vertex -11.8484 7.91687 0
      vertex -11.8484 7.91687 -2
    endloop
  endfacet
  facet normal 0.881955 -0.471333 0
    outer loop
      vertex -12.7804 6.30261 0
      vertex -12.3409 7.125 -2
      vertex -12.3409 7.125 0
    endloop
  endfacet
  facet normal 0.881955 -0.471333 0
    outer loop
      vertex -12.3409 7.125 -2
      vertex -12.7804 6.30261 0
      vertex -12.7804 6.30261 -2
    endloop
  endfacet
  facet normal 0.935896 -0.352276 0
    outer loop
      vertex -13.4938 4.58051 0
      vertex -13.1653 5.45324 -2
      vertex -13.1653 5.45324 0
    endloop
  endfacet
  facet normal 0.935896 -0.352276 0
    outer loop
      vertex -13.1653 5.45324 -2
      vertex -13.4938 4.58051 0
      vertex -13.4938 4.58051 -2
    endloop
  endfacet
  facet normal 0.995185 -0.0980165 0
    outer loop
      vertex -14.2195 0.931994 0
      vertex -14.1281 1.86 -2
      vertex -14.1281 1.86 0
    endloop
  endfacet
  facet normal 0.995185 -0.0980165 0
    outer loop
      vertex -14.1281 1.86 -2
      vertex -14.2195 0.931994 0
      vertex -14.2195 0.931994 -2
    endloop
  endfacet
  facet normal 0.582435 -0.812878 0
    outer loop
      vertex -8.67485 11.3053 -2
      vertex -7.91687 11.8484 0
      vertex -8.67485 11.3053 0
    endloop
  endfacet
  facet normal 0.582435 -0.812878 0
    outer loop
      vertex -7.91687 11.8484 0
      vertex -8.67485 11.3053 -2
      vertex -7.91687 11.8484 -2
    endloop
  endfacet
  facet normal 0.032708 -0.999465 0
    outer loop
      vertex -0.931994 14.2195 -2
      vertex 0 14.25 0
      vertex -0.931994 14.2195 0
    endloop
  endfacet
  facet normal 0.032708 -0.999465 0
    outer loop
      vertex 0 14.25 0
      vertex -0.931994 14.2195 -2
      vertex 0 14.25 -2
    endloop
  endfacet
  facet normal -0.032708 0.999465 0
    outer loop
      vertex 0.931994 -14.2195 -2
      vertex 0 -14.25 0
      vertex 0.931994 -14.2195 0
    endloop
  endfacet
  facet normal -0.032708 0.999465 0
    outer loop
      vertex 0 -14.25 0
      vertex 0.931994 -14.2195 -2
      vertex 0 -14.25 -2
    endloop
  endfacet
  facet normal -0.290198 0.956967 0
    outer loop
      vertex 4.58051 -13.4938 -2
      vertex 3.68817 -13.7644 0
      vertex 4.58051 -13.4938 0
    endloop
  endfacet
  facet normal -0.290198 0.956967 0
    outer loop
      vertex 3.68817 -13.7644 0
      vertex 4.58051 -13.4938 -2
      vertex 3.68817 -13.7644 -2
    endloop
  endfacet
  facet normal -0.412756 0.910841 0
    outer loop
      vertex 6.30261 -12.7804 -2
      vertex 5.45324 -13.1653 0
      vertex 6.30261 -12.7804 0
    endloop
  endfacet
  facet normal -0.412756 0.910841 0
    outer loop
      vertex 5.45324 -13.1653 0
      vertex 6.30261 -12.7804 -2
      vertex 5.45324 -13.1653 -2
    endloop
  endfacet
  facet normal -0.352276 0.935896 0
    outer loop
      vertex 5.45324 -13.1653 -2
      vertex 4.58051 -13.4938 0
      vertex 5.45324 -13.1653 0
    endloop
  endfacet
  facet normal -0.352276 0.935896 0
    outer loop
      vertex 4.58051 -13.4938 0
      vertex 5.45324 -13.1653 -2
      vertex 4.58051 -13.4938 -2
    endloop
  endfacet
  facet normal -0.683552 0.729902 0
    outer loop
      vertex 10.0763 -10.0763 -2
      vertex 9.39568 -10.7137 0
      vertex 10.0763 -10.0763 0
    endloop
  endfacet
  facet normal -0.683552 0.729902 0
    outer loop
      vertex 9.39568 -10.7137 0
      vertex 10.0763 -10.0763 -2
      vertex 9.39568 -10.7137 -2
    endloop
  endfacet
  facet normal -0.528132 0.849162 0
    outer loop
      vertex 7.91687 -11.8484 -2
      vertex 7.125 -12.3409 0
      vertex 7.91687 -11.8484 0
    endloop
  endfacet
  facet normal -0.528132 0.849162 0
    outer loop
      vertex 7.125 -12.3409 0
      vertex 7.91687 -11.8484 -2
      vertex 7.125 -12.3409 -2
    endloop
  endfacet
  facet normal -0.881955 0.471333 0
    outer loop
      vertex 12.3409 -7.125 -2
      vertex 12.7804 -6.30261 0
      vertex 12.7804 -6.30261 -2
    endloop
  endfacet
  facet normal -0.881955 0.471333 0
    outer loop
      vertex 12.7804 -6.30261 0
      vertex 12.3409 -7.125 -2
      vertex 12.3409 -7.125 0
    endloop
  endfacet
  facet normal -0.910841 0.412756 0
    outer loop
      vertex 12.7804 -6.30261 -2
      vertex 13.1653 -5.45324 0
      vertex 13.1653 -5.45324 -2
    endloop
  endfacet
  facet normal -0.910841 0.412756 0
    outer loop
      vertex 13.1653 -5.45324 0
      vertex 12.7804 -6.30261 -2
      vertex 12.7804 -6.30261 0
    endloop
  endfacet
  facet normal -0.956967 0.290198 0
    outer loop
      vertex 13.4938 -4.58051 -2
      vertex 13.7644 -3.68817 0
      vertex 13.7644 -3.68817 -2
    endloop
  endfacet
  facet normal -0.956967 0.290198 0
    outer loop
      vertex 13.7644 -3.68817 0
      vertex 13.4938 -4.58051 -2
      vertex 13.4938 -4.58051 0
    endloop
  endfacet
  facet normal -0.995185 0.0980165 0
    outer loop
      vertex 14.1281 -1.86 -2
      vertex 14.2195 -0.931994 0
      vertex 14.2195 -0.931994 -2
    endloop
  endfacet
  facet normal -0.995185 0.0980165 0
    outer loop
      vertex 14.2195 -0.931994 0
      vertex 14.1281 -1.86 -2
      vertex 14.1281 -1.86 0
    endloop
  endfacet
  facet normal 0.471333 0.881955 -0
    outer loop
      vertex -6.30261 -12.7804 -2
      vertex -7.125 -12.3409 0
      vertex -6.30261 -12.7804 0
    endloop
  endfacet
  facet normal 0.471333 0.881955 0
    outer loop
      vertex -7.125 -12.3409 0
      vertex -6.30261 -12.7804 -2
      vertex -7.125 -12.3409 -2
    endloop
  endfacet
  facet normal 0.227131 0.973864 -0
    outer loop
      vertex -2.78004 -13.9762 -2
      vertex -3.68817 -13.7644 0
      vertex -2.78004 -13.9762 0
    endloop
  endfacet
  facet normal 0.227131 0.973864 0
    outer loop
      vertex -3.68817 -13.7644 0
      vertex -2.78004 -13.9762 -2
      vertex -3.68817 -13.7644 -2
    endloop
  endfacet
  facet normal 0.352276 0.935896 -0
    outer loop
      vertex -4.58051 -13.4938 -2
      vertex -5.45324 -13.1653 0
      vertex -4.58051 -13.4938 0
    endloop
  endfacet
  facet normal 0.352276 0.935896 0
    outer loop
      vertex -5.45324 -13.1653 0
      vertex -4.58051 -13.4938 -2
      vertex -5.45324 -13.1653 -2
    endloop
  endfacet
  facet normal 0.290198 0.956967 -0
    outer loop
      vertex -3.68817 -13.7644 -2
      vertex -4.58051 -13.4938 0
      vertex -3.68817 -13.7644 0
    endloop
  endfacet
  facet normal 0.290198 0.956967 0
    outer loop
      vertex -4.58051 -13.4938 0
      vertex -3.68817 -13.7644 -2
      vertex -4.58051 -13.4938 -2
    endloop
  endfacet
  facet normal 0.0980165 0.995185 -0
    outer loop
      vertex -0.931994 -14.2195 -2
      vertex -1.86 -14.1281 0
      vertex -0.931994 -14.2195 0
    endloop
  endfacet
  facet normal 0.0980165 0.995185 0
    outer loop
      vertex -1.86 -14.1281 0
      vertex -0.931994 -14.2195 -2
      vertex -1.86 -14.1281 -2
    endloop
  endfacet
  facet normal 0.910841 0.412756 0
    outer loop
      vertex -12.7804 -6.30261 0
      vertex -13.1653 -5.45324 -2
      vertex -13.1653 -5.45324 0
    endloop
  endfacet
  facet normal 0.910841 0.412756 0
    outer loop
      vertex -13.1653 -5.45324 -2
      vertex -12.7804 -6.30261 0
      vertex -12.7804 -6.30261 -2
    endloop
  endfacet
  facet normal 0.881955 0.471333 0
    outer loop
      vertex -12.3409 -7.125 0
      vertex -12.7804 -6.30261 -2
      vertex -12.7804 -6.30261 0
    endloop
  endfacet
  facet normal 0.881955 0.471333 0
    outer loop
      vertex -12.7804 -6.30261 -2
      vertex -12.3409 -7.125 0
      vertex -12.3409 -7.125 -2
    endloop
  endfacet
  facet normal 0.812878 0.582435 0
    outer loop
      vertex -11.3053 -8.67485 0
      vertex -11.8484 -7.91687 -2
      vertex -11.8484 -7.91687 0
    endloop
  endfacet
  facet normal 0.812878 0.582435 0
    outer loop
      vertex -11.8484 -7.91687 -2
      vertex -11.3053 -8.67485 0
      vertex -11.3053 -8.67485 -2
    endloop
  endfacet
  facet normal 0.935896 0.352276 0
    outer loop
      vertex -13.1653 -5.45324 0
      vertex -13.4938 -4.58051 -2
      vertex -13.4938 -4.58051 0
    endloop
  endfacet
  facet normal 0.935896 0.352276 0
    outer loop
      vertex -13.4938 -4.58051 -2
      vertex -13.1653 -5.45324 0
      vertex -13.1653 -5.45324 -2
    endloop
  endfacet
  facet normal 0.986643 0.162896 0
    outer loop
      vertex -13.9762 -2.78004 0
      vertex -14.1281 -1.86 -2
      vertex -14.1281 -1.86 0
    endloop
  endfacet
  facet normal 0.986643 0.162896 0
    outer loop
      vertex -14.1281 -1.86 -2
      vertex -13.9762 -2.78004 0
      vertex -13.9762 -2.78004 -2
    endloop
  endfacet
  facet normal 0.999465 0.032708 0
    outer loop
      vertex -14.2195 -0.931994 0
      vertex -14.25 0 -2
      vertex -14.25 0 0
    endloop
  endfacet
  facet normal 0.999465 0.032708 0
    outer loop
      vertex -14.25 0 -2
      vertex -14.2195 -0.931994 0
      vertex -14.2195 -0.931994 -2
    endloop
  endfacet
  facet normal -0.729902 -0.683552 0
    outer loop
      vertex 10.7137 9.39568 -2
      vertex 10.0763 10.0763 0
      vertex 10.0763 10.0763 -2
    endloop
  endfacet
  facet normal -0.729902 -0.683552 0
    outer loop
      vertex 10.0763 10.0763 0
      vertex 10.7137 9.39568 -2
      vertex 10.7137 9.39568 0
    endloop
  endfacet
  facet normal -0.849162 -0.528132 0
    outer loop
      vertex 12.3409 7.125 -2
      vertex 11.8484 7.91687 0
      vertex 11.8484 7.91687 -2
    endloop
  endfacet
  facet normal -0.849162 -0.528132 0
    outer loop
      vertex 11.8484 7.91687 0
      vertex 12.3409 7.125 -2
      vertex 12.3409 7.125 0
    endloop
  endfacet
  facet normal -0.352276 -0.935896 0
    outer loop
      vertex 4.58051 13.4938 -2
      vertex 5.45324 13.1653 0
      vertex 4.58051 13.4938 0
    endloop
  endfacet
  facet normal -0.352276 -0.935896 -0
    outer loop
      vertex 5.45324 13.1653 0
      vertex 4.58051 13.4938 -2
      vertex 5.45324 13.1653 -2
    endloop
  endfacet
  facet normal 0.412756 -0.910841 0
    outer loop
      vertex -6.30261 12.7804 -2
      vertex -5.45324 13.1653 0
      vertex -6.30261 12.7804 0
    endloop
  endfacet
  facet normal 0.412756 -0.910841 0
    outer loop
      vertex -5.45324 13.1653 0
      vertex -6.30261 12.7804 -2
      vertex -5.45324 13.1653 -2
    endloop
  endfacet
  facet normal 0.290198 -0.956967 0
    outer loop
      vertex -4.58051 13.4938 -2
      vertex -3.68817 13.7644 0
      vertex -4.58051 13.4938 0
    endloop
  endfacet
  facet normal 0.290198 -0.956967 0
    outer loop
      vertex -3.68817 13.7644 0
      vertex -4.58051 13.4938 -2
      vertex -3.68817 13.7644 -2
    endloop
  endfacet
  facet normal -0.0980165 0.995185 0
    outer loop
      vertex 1.86 -14.1281 -2
      vertex 0.931994 -14.2195 0
      vertex 1.86 -14.1281 0
    endloop
  endfacet
  facet normal -0.0980165 0.995185 0
    outer loop
      vertex 0.931994 -14.2195 0
      vertex 1.86 -14.1281 -2
      vertex 0.931994 -14.2195 -2
    endloop
  endfacet
  facet normal -0.227131 0.973864 0
    outer loop
      vertex 3.68817 -13.7644 -2
      vertex 2.78004 -13.9762 0
      vertex 3.68817 -13.7644 0
    endloop
  endfacet
  facet normal -0.227131 0.973864 0
    outer loop
      vertex 2.78004 -13.9762 0
      vertex 3.68817 -13.7644 -2
      vertex 2.78004 -13.9762 -2
    endloop
  endfacet
  facet normal -0.849162 0.528132 0
    outer loop
      vertex 11.8484 -7.91687 -2
      vertex 12.3409 -7.125 0
      vertex 12.3409 -7.125 -2
    endloop
  endfacet
  facet normal -0.849162 0.528132 0
    outer loop
      vertex 12.3409 -7.125 0
      vertex 11.8484 -7.91687 -2
      vertex 11.8484 -7.91687 0
    endloop
  endfacet
  facet normal -0.973864 0.227131 0
    outer loop
      vertex 13.7644 -3.68817 -2
      vertex 13.9762 -2.78004 0
      vertex 13.9762 -2.78004 -2
    endloop
  endfacet
  facet normal -0.973864 0.227131 0
    outer loop
      vertex 13.9762 -2.78004 0
      vertex 13.7644 -3.68817 -2
      vertex 13.7644 -3.68817 0
    endloop
  endfacet
  facet normal -0.999465 0.032708 0
    outer loop
      vertex 14.2195 -0.931994 -2
      vertex 14.25 0 0
      vertex 14.25 0 -2
    endloop
  endfacet
  facet normal -0.999465 0.032708 0
    outer loop
      vertex 14.25 0 0
      vertex 14.2195 -0.931994 -2
      vertex 14.2195 -0.931994 0
    endloop
  endfacet
  facet normal 0.582435 0.812878 -0
    outer loop
      vertex -7.91687 -11.8484 -2
      vertex -8.67485 -11.3053 0
      vertex -7.91687 -11.8484 0
    endloop
  endfacet
  facet normal 0.582435 0.812878 0
    outer loop
      vertex -8.67485 -11.3053 0
      vertex -7.91687 -11.8484 -2
      vertex -8.67485 -11.3053 -2
    endloop
  endfacet
  facet normal 0.032708 0.999465 -0
    outer loop
      vertex 0 -14.25 -2
      vertex -0.931994 -14.2195 0
      vertex 0 -14.25 0
    endloop
  endfacet
  facet normal 0.032708 0.999465 0
    outer loop
      vertex -0.931994 -14.2195 0
      vertex 0 -14.25 -2
      vertex -0.931994 -14.2195 -2
    endloop
  endfacet
  facet normal 0.772995 0.634413 0
    outer loop
      vertex -10.7137 -9.39568 0
      vertex -11.3053 -8.67485 -2
      vertex -11.3053 -8.67485 0
    endloop
  endfacet
  facet normal 0.772995 0.634413 0
    outer loop
      vertex -11.3053 -8.67485 -2
      vertex -10.7137 -9.39568 0
      vertex -10.7137 -9.39568 -2
    endloop
  endfacet
  facet normal 0.995185 0.0980165 0
    outer loop
      vertex -14.1281 -1.86 0
      vertex -14.2195 -0.931994 -2
      vertex -14.2195 -0.931994 0
    endloop
  endfacet
  facet normal 0.995185 0.0980165 0
    outer loop
      vertex -14.2195 -0.931994 -2
      vertex -14.1281 -1.86 0
      vertex -14.1281 -1.86 -2
    endloop
  endfacet
  facet normal -0.986643 0.162896 0
    outer loop
      vertex 13.9762 -2.78004 -2
      vertex 14.1281 -1.86 0
      vertex 14.1281 -1.86 -2
    endloop
  endfacet
  facet normal -0.986643 0.162896 0
    outer loop
      vertex 14.1281 -1.86 0
      vertex 13.9762 -2.78004 -2
      vertex 13.9762 -2.78004 0
    endloop
  endfacet
  facet normal 0 -0.471222 0.882014
    outer loop
      vertex 26.4 -20.7953 -11.9486
      vertex 25.9473 -20.9252 -12.018
      vertex 26.4 -20.9252 -12.018
    endloop
  endfacet
  facet normal -1.8957e-05 -0.471171 0.882042
    outer loop
      vertex 26.4 -20.7953 -11.9486
      vertex 25.9289 -20.8462 -11.9758
      vertex 25.9473 -20.9252 -12.018
    endloop
  endfacet
  facet normal 0 -0.471308 0.881969
    outer loop
      vertex 25.9289 -20.8462 -11.9758
      vertex 26.4 -20.7953 -11.9486
      vertex 25.9135 -20.7953 -11.9486
    endloop
  endfacet
  facet normal 0 -0.471222 0.882014
    outer loop
      vertex 30 -20.7953 -11.9486
      vertex 32 -20.9252 -12.018
      vertex 32 -20.7953 -11.9486
    endloop
  endfacet
  facet normal 0 -0.471222 0.882014
    outer loop
      vertex 32 -20.9252 -12.018
      vertex 30 -20.7953 -11.9486
      vertex 30 -20.9252 -12.018
    endloop
  endfacet
  facet normal -2.73428e-05 -0.910963 -0.412488
    outer loop
      vertex 26.4 -19.8416 -9.13896
      vertex 25.5448 -19.9023 -9.00485
      vertex 25.5143 -19.8453 -9.13073
    endloop
  endfacet
  facet normal -0 -0.912067 -0.410042
    outer loop
      vertex 26.4 -19.8416 -9.13896
      vertex 25.5143 -19.8453 -9.13073
      vertex 25.512 -19.8416 -9.13896
    endloop
  endfacet
  facet normal 0 -0.911028 -0.412344
    outer loop
      vertex 25.5448 -19.9023 -9.00485
      vertex 26.4 -19.8416 -9.13896
      vertex 26.4 -19.9023 -9.00485
    endloop
  endfacet
  facet normal 0 -0.911028 -0.412344
    outer loop
      vertex 30 -19.8416 -9.13896
      vertex 32 -19.9023 -9.00485
      vertex 30 -19.9023 -9.00485
    endloop
  endfacet
  facet normal 0 -0.911028 -0.412344
    outer loop
      vertex 32 -19.9023 -9.00485
      vertex 30 -19.8416 -9.13896
      vertex 32 -19.8416 -9.13896
    endloop
  endfacet
  facet normal 0 -0.352225 -0.935915
    outer loop
      vertex 26.0048 -21.1971 -7.86941
      vertex 26.4 -21.0593 -7.92127
      vertex 26.4 -21.1971 -7.86941
    endloop
  endfacet
  facet normal -2.14138e-05 -0.352171 -0.935936
    outer loop
      vertex 25.9906 -21.1107 -7.90192
      vertex 26.4 -21.0593 -7.92127
      vertex 26.0048 -21.1971 -7.86941
    endloop
  endfacet
  facet normal -0 -0.35232 -0.935879
    outer loop
      vertex 26.4 -21.0593 -7.92127
      vertex 25.9906 -21.1107 -7.90192
      vertex 25.9786 -21.0593 -7.92127
    endloop
  endfacet
  facet normal 0 -0.352225 -0.935915
    outer loop
      vertex 30 -21.1971 -7.86941
      vertex 32 -21.0593 -7.92127
      vertex 32 -21.1971 -7.86941
    endloop
  endfacet
  facet normal -0 -0.352225 -0.935915
    outer loop
      vertex 32 -21.0593 -7.92127
      vertex 30 -21.1971 -7.86941
      vertex 30 -21.0593 -7.92127
    endloop
  endfacet
  facet normal 0 0.913357 0.407159
    outer loop
      vertex 26.4 -23.999 -10.861
      vertex 25.5143 -23.9953 -10.8693
      vertex 25.512 -23.999 -10.861
    endloop
  endfacet
  facet normal -0 0.911017 0.412369
    outer loop
      vertex 25.5448 -23.9383 -10.9951
      vertex 26.4 -23.999 -10.861
      vertex 26.4 -23.9383 -10.9951
    endloop
  endfacet
  facet normal -6.23154e-05 0.910867 0.412699
    outer loop
      vertex 26.4 -23.999 -10.861
      vertex 25.5448 -23.9383 -10.9951
      vertex 25.5143 -23.9953 -10.8693
    endloop
  endfacet
  facet normal 0 0.911017 0.412369
    outer loop
      vertex 32 -23.9383 -10.9951
      vertex 30 -23.999 -10.861
      vertex 32 -23.999 -10.861
    endloop
  endfacet
  facet normal 0 0.911017 0.412369
    outer loop
      vertex 30 -23.999 -10.861
      vertex 32 -23.9383 -10.9951
      vertex 30 -23.9383 -10.9951
    endloop
  endfacet
  facet normal 0 -0.999469 0.0325914
    outer loop
      vertex 25.4085 -19.6751 -10.1472
      vertex 26.4 -19.6703 -10
      vertex 25.4055 -19.6703 -10
    endloop
  endfacet
  facet normal 0 -0.999469 0.0325914
    outer loop
      vertex 26.4 -19.6703 -10
      vertex 25.4085 -19.6751 -10.1472
      vertex 26.4 -19.6751 -10.1472
    endloop
  endfacet
  facet normal 0 -0.999469 0.0325914
    outer loop
      vertex 30 -19.6751 -10.1472
      vertex 32 -19.6703 -10
      vertex 30 -19.6703 -10
    endloop
  endfacet
  facet normal 0 -0.999469 0.0325914
    outer loop
      vertex 32 -19.6703 -10
      vertex 30 -19.6751 -10.1472
      vertex 32 -19.6751 -10.1472
    endloop
  endfacet
  facet normal 0 -0.935826 0.352463
    outer loop
      vertex 25.512 -19.8416 -10.861
      vertex 26.4 -19.7897 -10.7232
      vertex 25.4797 -19.7897 -10.7232
    endloop
  endfacet
  facet normal 0 -0.935826 0.352463
    outer loop
      vertex 26.4 -19.7897 -10.7232
      vertex 25.512 -19.8416 -10.861
      vertex 26.4 -19.8416 -10.861
    endloop
  endfacet
  facet normal 0 -0.935826 0.352463
    outer loop
      vertex 30 -19.8416 -10.861
      vertex 32 -19.7897 -10.7232
      vertex 30 -19.7897 -10.7232
    endloop
  endfacet
  facet normal 0 -0.935826 0.352463
    outer loop
      vertex 32 -19.7897 -10.7232
      vertex 30 -19.8416 -10.861
      vertex 32 -19.8416 -10.861
    endloop
  endfacet
  facet normal -0 -0.773043 -0.634354
    outer loop
      vertex 26.4 -20.1353 -8.63029
      vertex 25.7075 -20.2287 -8.51647
      vertex 25.6652 -20.1353 -8.63029
    endloop
  endfacet
  facet normal 0 -0.773043 -0.634354
    outer loop
      vertex 25.7075 -20.2287 -8.51647
      vertex 26.4 -20.1353 -8.63029
      vertex 26.4 -20.2287 -8.51647
    endloop
  endfacet
  facet normal 0 -0.773043 -0.634354
    outer loop
      vertex 30 -20.1353 -8.63029
      vertex 32 -20.2287 -8.51647
      vertex 30 -20.2287 -8.51647
    endloop
  endfacet
  facet normal 0 -0.773043 -0.634354
    outer loop
      vertex 32 -20.2287 -8.51647
      vertex 30 -20.1353 -8.63029
      vertex 32 -20.1353 -8.63029
    endloop
  endfacet
  facet normal 2.93074e-05 0.227101 -0.973871
    outer loop
      vertex 26.0348 -22.462 -7.81719
      vertex 26.4 -22.3593 -7.79323
      vertex 26.4 -22.5027 -7.82667
    endloop
  endfacet
  facet normal 0 0.2272 -0.973848
    outer loop
      vertex 26.4 -22.3593 -7.79323
      vertex 26.0348 -22.462 -7.81719
      vertex 26.0449 -22.3593 -7.79323
    endloop
  endfacet
  facet normal 0 0.226851 -0.973929
    outer loop
      vertex 26.0348 -22.462 -7.81719
      vertex 26.4 -22.5027 -7.82667
      vertex 26.0281 -22.5027 -7.82667
    endloop
  endfacet
  facet normal 0 0.227101 -0.973871
    outer loop
      vertex 30 -22.5027 -7.82667
      vertex 32 -22.3593 -7.79323
      vertex 32 -22.5027 -7.82667
    endloop
  endfacet
  facet normal 0 0.227101 -0.973871
    outer loop
      vertex 32 -22.3593 -7.79323
      vertex 30 -22.5027 -7.82667
      vertex 30 -22.3593 -7.79323
    endloop
  endfacet
  facet normal -4.09076e-05 -0.227487 0.973781
    outer loop
      vertex 26.0348 -21.3786 -12.1828
      vertex 26.4 -21.4814 -12.2068
      vertex 26.4 -21.338 -12.1733
    endloop
  endfacet
  facet normal 0 -0.227349 0.973813
    outer loop
      vertex 26.4 -21.4814 -12.2068
      vertex 26.0348 -21.3786 -12.1828
      vertex 26.0449 -21.4814 -12.2068
    endloop
  endfacet
  facet normal 0 -0.227836 0.973699
    outer loop
      vertex 26.0348 -21.3786 -12.1828
      vertex 26.4 -21.338 -12.1733
      vertex 26.0281 -21.338 -12.1733
    endloop
  endfacet
  facet normal 0 -0.227487 0.973781
    outer loop
      vertex 30 -21.338 -12.1733
      vertex 32 -21.4814 -12.2068
      vertex 32 -21.338 -12.1733
    endloop
  endfacet
  facet normal 0 -0.227487 0.973781
    outer loop
      vertex 32 -21.4814 -12.2068
      vertex 30 -21.338 -12.1733
      vertex 30 -21.4814 -12.2068
    endloop
  endfacet
  facet normal 0 -0.528411 0.848989
    outer loop
      vertex 26.4 -20.6703 -11.8708
      vertex 25.9135 -20.7953 -11.9486
      vertex 26.4 -20.7953 -11.9486
    endloop
  endfacet
  facet normal 0 -0.528411 0.848989
    outer loop
      vertex 25.9135 -20.7953 -11.9486
      vertex 26.4 -20.6703 -11.8708
      vertex 25.8755 -20.6703 -11.8708
    endloop
  endfacet
  facet normal 0 -0.528411 0.848989
    outer loop
      vertex 30 -20.6703 -11.8708
      vertex 32 -20.7953 -11.9486
      vertex 32 -20.6703 -11.8708
    endloop
  endfacet
  facet normal 0 -0.528411 0.848989
    outer loop
      vertex 32 -20.7953 -11.9486
      vertex 30 -20.6703 -11.8708
      vertex 30 -20.7953 -11.9486
    endloop
  endfacet
  facet normal 0 -0.98674 0.162306
    outer loop
      vertex 25.4324 -19.7135 -10.439
      vertex 26.4 -19.6896 -10.2937
      vertex 25.4175 -19.6896 -10.2937
    endloop
  endfacet
  facet normal 0 -0.98674 0.162306
    outer loop
      vertex 26.4 -19.6896 -10.2937
      vertex 25.4324 -19.7135 -10.439
      vertex 26.4 -19.7135 -10.439
    endloop
  endfacet
  facet normal 0 -0.98674 0.162306
    outer loop
      vertex 30 -19.7135 -10.439
      vertex 32 -19.6896 -10.2937
      vertex 30 -19.6896 -10.2937
    endloop
  endfacet
  facet normal 0 -0.98674 0.162306
    outer loop
      vertex 32 -19.6896 -10.2937
      vertex 30 -19.7135 -10.439
      vertex 32 -19.7135 -10.439
    endloop
  endfacet
  facet normal 0 -0.995138 0.0984948
    outer loop
      vertex 25.4175 -19.6896 -10.2937
      vertex 26.4 -19.6751 -10.1472
      vertex 25.4085 -19.6751 -10.1472
    endloop
  endfacet
  facet normal 0 -0.995138 0.0984948
    outer loop
      vertex 26.4 -19.6751 -10.1472
      vertex 25.4175 -19.6896 -10.2937
      vertex 26.4 -19.6896 -10.2937
    endloop
  endfacet
  facet normal 0 -0.995138 0.0984948
    outer loop
      vertex 30 -19.6896 -10.2937
      vertex 32 -19.6751 -10.1472
      vertex 30 -19.6751 -10.1472
    endloop
  endfacet
  facet normal 0 -0.995138 0.0984948
    outer loop
      vertex 32 -19.6751 -10.1472
      vertex 30 -19.6896 -10.2937
      vertex 32 -19.6896 -10.2937
    endloop
  endfacet
  facet normal 0 -0.772988 0.634421
    outer loop
      vertex 25.7075 -20.2287 -11.4835
      vertex 26.4 -20.1353 -11.3697
      vertex 25.6652 -20.1353 -11.3697
    endloop
  endfacet
  facet normal 0 -0.772988 0.634421
    outer loop
      vertex 26.4 -20.1353 -11.3697
      vertex 25.7075 -20.2287 -11.4835
      vertex 26.4 -20.2287 -11.4835
    endloop
  endfacet
  facet normal 0 -0.772988 0.634421
    outer loop
      vertex 30 -20.2287 -11.4835
      vertex 32 -20.1353 -11.3697
      vertex 30 -20.1353 -11.3697
    endloop
  endfacet
  facet normal 0 -0.772988 0.634421
    outer loop
      vertex 32 -20.1353 -11.3697
      vertex 30 -20.2287 -11.4835
      vertex 32 -20.2287 -11.4835
    endloop
  endfacet
  facet normal 0 -0.162944 -0.986635
    outer loop
      vertex 26.0592 -21.6266 -7.76925
      vertex 26.4 -21.4814 -7.79323
      vertex 26.4 -21.6266 -7.76925
    endloop
  endfacet
  facet normal -0 -0.162944 -0.986635
    outer loop
      vertex 26.4 -21.4814 -7.79323
      vertex 26.0592 -21.6266 -7.76925
      vertex 26.0449 -21.4814 -7.79323
    endloop
  endfacet
  facet normal 0 -0.162944 -0.986635
    outer loop
      vertex 30 -21.6266 -7.76925
      vertex 32 -21.4814 -7.79323
      vertex 32 -21.6266 -7.76925
    endloop
  endfacet
  facet normal -0 -0.162944 -0.986635
    outer loop
      vertex 32 -21.4814 -7.79323
      vertex 30 -21.6266 -7.76925
      vertex 30 -21.4814 -7.79323
    endloop
  endfacet
  facet normal 0 -0.0979975 -0.995187
    outer loop
      vertex 26.0614 -21.6489 -7.76706
      vertex 26.4 -21.7732 -7.75482
      vertex 26.0655 -21.7732 -7.75482
    endloop
  endfacet
  facet normal 1.47358e-05 -0.0979577 -0.995191
    outer loop
      vertex 26.4 -21.7732 -7.75482
      vertex 26.0614 -21.6489 -7.76706
      vertex 26.4 -21.6266 -7.76925
    endloop
  endfacet
  facet normal -0 -0.0977361 -0.995212
    outer loop
      vertex 26.4 -21.6266 -7.76925
      vertex 26.0614 -21.6489 -7.76706
      vertex 26.0592 -21.6266 -7.76925
    endloop
  endfacet
  facet normal 0 -0.0979577 -0.995191
    outer loop
      vertex 30 -21.7732 -7.75482
      vertex 32 -21.6266 -7.76925
      vertex 32 -21.7732 -7.75482
    endloop
  endfacet
  facet normal -0 -0.0979577 -0.995191
    outer loop
      vertex 32 -21.6266 -7.76925
      vertex 30 -21.7732 -7.75482
      vertex 30 -21.6266 -7.76925
    endloop
  endfacet
  facet normal 0 -0.634461 -0.772955
    outer loop
      vertex 25.8366 -20.5506 -8.21495
      vertex 26.4 -20.4368 -8.30836
      vertex 26.4 -20.5506 -8.21495
    endloop
  endfacet
  facet normal -0 -0.634461 -0.772955
    outer loop
      vertex 26.4 -20.4368 -8.30836
      vertex 25.8366 -20.5506 -8.21495
      vertex 25.7938 -20.4368 -8.30836
    endloop
  endfacet
  facet normal 0 -0.634461 -0.772955
    outer loop
      vertex 30 -20.5506 -8.21495
      vertex 32 -20.4368 -8.30836
      vertex 32 -20.5506 -8.21495
    endloop
  endfacet
  facet normal -0 -0.634461 -0.772955
    outer loop
      vertex 32 -20.4368 -8.30836
      vertex 30 -20.5506 -8.21495
      vertex 30 -20.4368 -8.30836
    endloop
  endfacet
  facet normal 0 -0.412764 -0.910838
    outer loop
      vertex 25.9786 -21.0593 -7.92127
      vertex 26.4 -20.9252 -7.98204
      vertex 26.4 -21.0593 -7.92127
    endloop
  endfacet
  facet normal -0 -0.412764 -0.910838
    outer loop
      vertex 26.4 -20.9252 -7.98204
      vertex 25.9786 -21.0593 -7.92127
      vertex 25.9473 -20.9252 -7.98204
    endloop
  endfacet
  facet normal 0 -0.412764 -0.910838
    outer loop
      vertex 30 -21.0593 -7.92127
      vertex 32 -20.9252 -7.98204
      vertex 32 -21.0593 -7.92127
    endloop
  endfacet
  facet normal -0 -0.412764 -0.910838
    outer loop
      vertex 32 -20.9252 -7.98204
      vertex 30 -21.0593 -7.92127
      vertex 30 -20.9252 -7.98204
    endloop
  endfacet
  facet normal -0 -0.986735 -0.162339
    outer loop
      vertex 26.4 -19.6896 -9.70632
      vertex 25.4324 -19.7135 -9.56105
      vertex 25.4175 -19.6896 -9.70632
    endloop
  endfacet
  facet normal 0 -0.986735 -0.162339
    outer loop
      vertex 25.4324 -19.7135 -9.56105
      vertex 26.4 -19.6896 -9.70632
      vertex 26.4 -19.7135 -9.56105
    endloop
  endfacet
  facet normal 0 -0.986735 -0.162339
    outer loop
      vertex 30 -19.6896 -9.70632
      vertex 32 -19.7135 -9.56105
      vertex 30 -19.7135 -9.56105
    endloop
  endfacet
  facet normal 0 -0.986735 -0.162339
    outer loop
      vertex 32 -19.7135 -9.56105
      vertex 30 -19.6896 -9.70632
      vertex 32 -19.6896 -9.70632
    endloop
  endfacet
  facet normal -0 -0.935826 -0.352463
    outer loop
      vertex 26.4 -19.7897 -9.27676
      vertex 25.512 -19.8416 -9.13896
      vertex 25.4797 -19.7897 -9.27676
    endloop
  endfacet
  facet normal 0 -0.935826 -0.352463
    outer loop
      vertex 25.512 -19.8416 -9.13896
      vertex 26.4 -19.7897 -9.27676
      vertex 26.4 -19.8416 -9.13896
    endloop
  endfacet
  facet normal 0 -0.935826 -0.352463
    outer loop
      vertex 30 -19.7897 -9.27676
      vertex 32 -19.8416 -9.13896
      vertex 30 -19.8416 -9.13896
    endloop
  endfacet
  facet normal 0 -0.935826 -0.352463
    outer loop
      vertex 32 -19.8416 -9.13896
      vertex 30 -19.7897 -9.27676
      vertex 32 -19.7897 -9.27676
    endloop
  endfacet
  facet normal -0 -0.973778 -0.227502
    outer loop
      vertex 26.4 -19.7135 -9.56105
      vertex 25.4532 -19.747 -9.41766
      vertex 25.4324 -19.7135 -9.56105
    endloop
  endfacet
  facet normal 0 -0.973778 -0.227502
    outer loop
      vertex 25.4532 -19.747 -9.41766
      vertex 26.4 -19.7135 -9.56105
      vertex 26.4 -19.747 -9.41766
    endloop
  endfacet
  facet normal 0 -0.973778 -0.227502
    outer loop
      vertex 30 -19.7135 -9.56105
      vertex 32 -19.747 -9.41766
      vertex 30 -19.747 -9.41766
    endloop
  endfacet
  facet normal 0 -0.973778 -0.227502
    outer loop
      vertex 32 -19.747 -9.41766
      vertex 30 -19.7135 -9.56105
      vertex 32 -19.7135 -9.56105
    endloop
  endfacet
  facet normal -0 -0.881657 -0.471892
    outer loop
      vertex 26.4 -19.9023 -9.00485
      vertex 25.5819 -19.9718 -8.875
      vertex 25.5448 -19.9023 -9.00485
    endloop
  endfacet
  facet normal 0 -0.881657 -0.471892
    outer loop
      vertex 25.5819 -19.9718 -8.875
      vertex 26.4 -19.9023 -9.00485
      vertex 26.4 -19.9718 -8.875
    endloop
  endfacet
  facet normal 0 -0.881657 -0.471892
    outer loop
      vertex 30 -19.9023 -9.00485
      vertex 32 -19.9718 -8.875
      vertex 30 -19.9718 -8.875
    endloop
  endfacet
  facet normal 0 -0.881657 -0.471892
    outer loop
      vertex 32 -19.9718 -8.875
      vertex 30 -19.9023 -9.00485
      vertex 32 -19.9023 -9.00485
    endloop
  endfacet
  facet normal 0 -0.683467 -0.729982
    outer loop
      vertex 25.7938 -20.4368 -8.30836
      vertex 26.4 -20.3293 -8.40901
      vertex 26.4 -20.4368 -8.30836
    endloop
  endfacet
  facet normal 5.24362e-05 -0.683624 -0.729834
    outer loop
      vertex 25.7544 -20.3322 -8.40634
      vertex 26.4 -20.3293 -8.40901
      vertex 25.7938 -20.4368 -8.30836
    endloop
  endfacet
  facet normal -0 -0.677331 -0.735678
    outer loop
      vertex 26.4 -20.3293 -8.40901
      vertex 25.7544 -20.3322 -8.40634
      vertex 25.7531 -20.3293 -8.40901
    endloop
  endfacet
  facet normal 0 -0.683467 -0.729982
    outer loop
      vertex 30 -20.4368 -8.30836
      vertex 32 -20.3293 -8.40901
      vertex 32 -20.4368 -8.30836
    endloop
  endfacet
  facet normal -0 -0.683467 -0.729982
    outer loop
      vertex 32 -20.3293 -8.40901
      vertex 30 -20.4368 -8.30836
      vertex 30 -20.3293 -8.40901
    endloop
  endfacet
  facet normal 0 -0.0326135 0.999468
    outer loop
      vertex 26.4 -21.7732 -12.2452
      vertex 26.0703 -21.9203 -12.25
      vertex 26.4 -21.9203 -12.25
    endloop
  endfacet
  facet normal 0 -0.0326135 0.999468
    outer loop
      vertex 26.0703 -21.9203 -12.25
      vertex 26.4 -21.7732 -12.2452
      vertex 26.0655 -21.7732 -12.2452
    endloop
  endfacet
  facet normal 0 -0.0326135 0.999468
    outer loop
      vertex 30 -21.7732 -12.2452
      vertex 32 -21.9203 -12.25
      vertex 32 -21.7732 -12.2452
    endloop
  endfacet
  facet normal 0 -0.0326135 0.999468
    outer loop
      vertex 32 -21.9203 -12.25
      vertex 30 -21.7732 -12.2452
      vertex 30 -21.9203 -12.25
    endloop
  endfacet
  facet normal 0.000265851 -0.097756 0.99521
    outer loop
      vertex 26.0614 -21.6489 -12.2329
      vertex 26.4 -21.7732 -12.2452
      vertex 26.4 -21.6266 -12.2308
    endloop
  endfacet
  facet normal 0 -0.0984732 0.99514
    outer loop
      vertex 26.4 -21.7732 -12.2452
      vertex 26.0614 -21.6489 -12.2329
      vertex 26.0655 -21.7732 -12.2452
    endloop
  endfacet
  facet normal 0 -0.0937556 0.995595
    outer loop
      vertex 26.0614 -21.6489 -12.2329
      vertex 26.4 -21.6266 -12.2308
      vertex 26.0592 -21.6266 -12.2308
    endloop
  endfacet
  facet normal 0 -0.097756 0.99521
    outer loop
      vertex 30 -21.6266 -12.2308
      vertex 32 -21.7732 -12.2452
      vertex 32 -21.6266 -12.2308
    endloop
  endfacet
  facet normal 0 -0.097756 0.99521
    outer loop
      vertex 32 -21.7732 -12.2452
      vertex 30 -21.6266 -12.2308
      vertex 30 -21.7732 -12.2452
    endloop
  endfacet
  facet normal 0 -0.412369 0.911017
    outer loop
      vertex 26.4 -20.9252 -12.018
      vertex 25.9786 -21.0593 -12.0787
      vertex 26.4 -21.0593 -12.0787
    endloop
  endfacet
  facet normal 0 -0.412369 0.911017
    outer loop
      vertex 25.9786 -21.0593 -12.0787
      vertex 26.4 -20.9252 -12.018
      vertex 25.9473 -20.9252 -12.018
    endloop
  endfacet
  facet normal 0 -0.412369 0.911017
    outer loop
      vertex 30 -20.9252 -12.018
      vertex 32 -21.0593 -12.0787
      vertex 32 -20.9252 -12.018
    endloop
  endfacet
  facet normal 0 -0.412369 0.911017
    outer loop
      vertex 32 -21.0593 -12.0787
      vertex 30 -20.9252 -12.018
      vertex 30 -21.0593 -12.0787
    endloop
  endfacet
  facet normal 0 -0.163077 0.986613
    outer loop
      vertex 30 -21.4814 -12.2068
      vertex 32 -21.6266 -12.2308
      vertex 32 -21.4814 -12.2068
    endloop
  endfacet
  facet normal 0 -0.163077 0.986613
    outer loop
      vertex 32 -21.6266 -12.2308
      vertex 30 -21.4814 -12.2068
      vertex 30 -21.6266 -12.2308
    endloop
  endfacet
  facet normal 0 -0.163077 0.986613
    outer loop
      vertex 26.4 -21.4814 -12.2068
      vertex 26.0592 -21.6266 -12.2308
      vertex 26.4 -21.6266 -12.2308
    endloop
  endfacet
  facet normal 0 -0.163077 0.986613
    outer loop
      vertex 26.0592 -21.6266 -12.2308
      vertex 26.4 -21.4814 -12.2068
      vertex 26.0449 -21.4814 -12.2068
    endloop
  endfacet
  facet normal 0 -0.730151 0.683286
    outer loop
      vertex 25.7531 -20.3293 -11.591
      vertex 26.4 -20.2287 -11.4835
      vertex 25.7075 -20.2287 -11.4835
    endloop
  endfacet
  facet normal 0 -0.730151 0.683286
    outer loop
      vertex 26.4 -20.2287 -11.4835
      vertex 25.7531 -20.3293 -11.591
      vertex 26.4 -20.3293 -11.591
    endloop
  endfacet
  facet normal 0 -0.730151 0.683286
    outer loop
      vertex 30 -20.3293 -11.591
      vertex 32 -20.2287 -11.4835
      vertex 30 -20.2287 -11.4835
    endloop
  endfacet
  facet normal 0 -0.730151 0.683286
    outer loop
      vertex 32 -20.2287 -11.4835
      vertex 30 -20.3293 -11.591
      vertex 32 -20.3293 -11.591
    endloop
  endfacet
  facet normal 0 -0.634421 0.772988
    outer loop
      vertex 26.4 -20.4368 -11.6916
      vertex 25.8366 -20.5506 -11.785
      vertex 26.4 -20.5506 -11.785
    endloop
  endfacet
  facet normal 0 -0.634421 0.772988
    outer loop
      vertex 25.8366 -20.5506 -11.785
      vertex 26.4 -20.4368 -11.6916
      vertex 25.7938 -20.4368 -11.6916
    endloop
  endfacet
  facet normal 0 -0.634421 0.772988
    outer loop
      vertex 30 -20.4368 -11.6916
      vertex 32 -20.5506 -11.785
      vertex 32 -20.4368 -11.6916
    endloop
  endfacet
  facet normal 0 -0.634421 0.772988
    outer loop
      vertex 32 -20.5506 -11.785
      vertex 30 -20.4368 -11.6916
      vertex 30 -20.5506 -11.785
    endloop
  endfacet
  facet normal 0 -0.683286 0.730151
    outer loop
      vertex 26.4 -20.3293 -11.591
      vertex 25.7938 -20.4368 -11.6916
      vertex 26.4 -20.4368 -11.6916
    endloop
  endfacet
  facet normal 1.60821e-05 -0.683334 0.730106
    outer loop
      vertex 26.4 -20.3293 -11.591
      vertex 25.7544 -20.3322 -11.5937
      vertex 25.7938 -20.4368 -11.6916
    endloop
  endfacet
  facet normal 0 -0.681419 0.731894
    outer loop
      vertex 25.7544 -20.3322 -11.5937
      vertex 26.4 -20.3293 -11.591
      vertex 25.7531 -20.3293 -11.591
    endloop
  endfacet
  facet normal 0 -0.683286 0.730151
    outer loop
      vertex 30 -20.3293 -11.591
      vertex 32 -20.4368 -11.6916
      vertex 32 -20.3293 -11.591
    endloop
  endfacet
  facet normal 0 -0.683286 0.730151
    outer loop
      vertex 32 -20.4368 -11.6916
      vertex 30 -20.3293 -11.591
      vertex 30 -20.4368 -11.6916
    endloop
  endfacet
  facet normal -0 -0.999468 -0.0326002
    outer loop
      vertex 26.4 -19.6703 -10
      vertex 25.4085 -19.6751 -9.85284
      vertex 25.4055 -19.6703 -10
    endloop
  endfacet
  facet normal 0 -0.999468 -0.0326002
    outer loop
      vertex 25.4085 -19.6751 -9.85284
      vertex 26.4 -19.6703 -10
      vertex 26.4 -19.6751 -9.85284
    endloop
  endfacet
  facet normal 0 -0.999468 -0.0326002
    outer loop
      vertex 30 -19.6703 -10
      vertex 32 -19.6751 -9.85284
      vertex 30 -19.6751 -9.85284
    endloop
  endfacet
  facet normal 0 -0.999468 -0.0326002
    outer loop
      vertex 32 -19.6751 -9.85284
      vertex 30 -19.6703 -10
      vertex 32 -19.6703 -10
    endloop
  endfacet
  facet normal 0 -0.957019 0.290026
    outer loop
      vertex 25.4797 -19.7897 -10.7232
      vertex 26.4 -19.747 -10.5823
      vertex 25.4532 -19.747 -10.5823
    endloop
  endfacet
  facet normal 0 -0.957019 0.290026
    outer loop
      vertex 26.4 -19.747 -10.5823
      vertex 25.4797 -19.7897 -10.7232
      vertex 26.4 -19.7897 -10.7232
    endloop
  endfacet
  facet normal 0 -0.957019 0.290026
    outer loop
      vertex 30 -19.7897 -10.7232
      vertex 32 -19.747 -10.5823
      vertex 30 -19.747 -10.5823
    endloop
  endfacet
  facet normal 0 -0.957019 0.290026
    outer loop
      vertex 32 -19.747 -10.5823
      vertex 30 -19.7897 -10.7232
      vertex 32 -19.7897 -10.7232
    endloop
  endfacet
  facet normal 0 -0.973746 0.227638
    outer loop
      vertex 25.4532 -19.747 -10.5823
      vertex 26.4 -19.7135 -10.439
      vertex 25.4324 -19.7135 -10.439
    endloop
  endfacet
  facet normal 0 -0.973746 0.227638
    outer loop
      vertex 26.4 -19.7135 -10.439
      vertex 25.4532 -19.747 -10.5823
      vertex 26.4 -19.747 -10.5823
    endloop
  endfacet
  facet normal 0 -0.973746 0.227638
    outer loop
      vertex 30 -19.747 -10.5823
      vertex 32 -19.7135 -10.439
      vertex 30 -19.7135 -10.439
    endloop
  endfacet
  facet normal 0 -0.973746 0.227638
    outer loop
      vertex 32 -19.7135 -10.439
      vertex 30 -19.747 -10.5823
      vertex 32 -19.747 -10.5823
    endloop
  endfacet
  facet normal 0 -0.881732 0.47175
    outer loop
      vertex 30 -19.9718 -11.125
      vertex 32 -19.9023 -10.9951
      vertex 30 -19.9023 -10.9951
    endloop
  endfacet
  facet normal 0 -0.881732 0.47175
    outer loop
      vertex 32 -19.9023 -10.9951
      vertex 30 -19.9718 -11.125
      vertex 32 -19.9718 -11.125
    endloop
  endfacet
  facet normal 0 -0.881732 0.47175
    outer loop
      vertex 25.5819 -19.9718 -11.125
      vertex 26.4 -19.9023 -10.9951
      vertex 25.5448 -19.9023 -10.9951
    endloop
  endfacet
  facet normal 0 -0.881732 0.47175
    outer loop
      vertex 26.4 -19.9023 -10.9951
      vertex 25.5819 -19.9718 -11.125
      vertex 26.4 -19.9718 -11.125
    endloop
  endfacet
  facet normal 0 -0.813064 0.582174
    outer loop
      vertex 25.6423 -20.0848 -11.2993
      vertex 26.4 -20.0495 -11.25
      vertex 25.6235 -20.0495 -11.25
    endloop
  endfacet
  facet normal -6.75763e-05 -0.812572 0.58286
    outer loop
      vertex 25.6652 -20.1353 -11.3697
      vertex 26.4 -20.0495 -11.25
      vertex 25.6423 -20.0848 -11.2993
    endloop
  endfacet
  facet normal 0 -0.812769 0.582586
    outer loop
      vertex 26.4 -20.0495 -11.25
      vertex 25.6652 -20.1353 -11.3697
      vertex 26.4 -20.1353 -11.3697
    endloop
  endfacet
  facet normal 0 -0.812769 0.582586
    outer loop
      vertex 30 -20.1353 -11.3697
      vertex 32 -20.0495 -11.25
      vertex 30 -20.0495 -11.25
    endloop
  endfacet
  facet normal 0 -0.812769 0.582586
    outer loop
      vertex 32 -20.0495 -11.25
      vertex 30 -20.1353 -11.3697
      vertex 32 -20.1353 -11.3697
    endloop
  endfacet
  facet normal 0 0.032727 -0.999464
    outer loop
      vertex 26.4 -22.0675 -7.75482
      vertex 26.0703 -21.9203 -7.75
      vertex 26.4 -21.9203 -7.75
    endloop
  endfacet
  facet normal 0 0.032727 -0.999464
    outer loop
      vertex 26.0703 -21.9203 -7.75
      vertex 26.4 -22.0675 -7.75482
      vertex 26.0655 -22.0675 -7.75482
    endloop
  endfacet
  facet normal 0 0.032727 -0.999464
    outer loop
      vertex 30 -22.0675 -7.75482
      vertex 32 -21.9203 -7.75
      vertex 32 -22.0675 -7.75482
    endloop
  endfacet
  facet normal 0 0.032727 -0.999464
    outer loop
      vertex 32 -21.9203 -7.75
      vertex 30 -22.0675 -7.75482
      vertex 30 -21.9203 -7.75
    endloop
  endfacet
  facet normal 0 -0.22699 -0.973897
    outer loop
      vertex 26.0348 -21.3786 -7.81719
      vertex 26.4 -21.4814 -7.79323
      vertex 26.0449 -21.4814 -7.79323
    endloop
  endfacet
  facet normal -3.28779e-05 -0.227101 -0.973871
    outer loop
      vertex 26.4 -21.4814 -7.79323
      vertex 26.0348 -21.3786 -7.81719
      vertex 26.4 -21.338 -7.82667
    endloop
  endfacet
  facet normal -0 -0.227381 -0.973806
    outer loop
      vertex 26.4 -21.338 -7.82667
      vertex 26.0348 -21.3786 -7.81719
      vertex 26.0281 -21.338 -7.82667
    endloop
  endfacet
  facet normal 0 -0.227101 -0.973871
    outer loop
      vertex 30 -21.4814 -7.79323
      vertex 32 -21.338 -7.82667
      vertex 32 -21.4814 -7.79323
    endloop
  endfacet
  facet normal -0 -0.227101 -0.973871
    outer loop
      vertex 32 -21.338 -7.82667
      vertex 30 -21.4814 -7.79323
      vertex 30 -21.338 -7.82667
    endloop
  endfacet
  facet normal 0 -0.471222 -0.882014
    outer loop
      vertex 25.9473 -20.9252 -7.98204
      vertex 26.4 -20.7953 -8.05144
      vertex 26.4 -20.9252 -7.98204
    endloop
  endfacet
  facet normal -1.8957e-05 -0.471171 -0.882042
    outer loop
      vertex 25.9289 -20.8462 -8.02424
      vertex 26.4 -20.7953 -8.05144
      vertex 25.9473 -20.9252 -7.98204
    endloop
  endfacet
  facet normal -0 -0.471308 -0.881969
    outer loop
      vertex 26.4 -20.7953 -8.05144
      vertex 25.9289 -20.8462 -8.02424
      vertex 25.9135 -20.7953 -8.05144
    endloop
  endfacet
  facet normal 0 -0.471222 -0.882014
    outer loop
      vertex 30 -20.9252 -7.98204
      vertex 32 -20.7953 -8.05144
      vertex 32 -20.9252 -7.98204
    endloop
  endfacet
  facet normal -0 -0.471222 -0.882014
    outer loop
      vertex 32 -20.7953 -8.05144
      vertex 30 -20.9252 -7.98204
      vertex 30 -20.7953 -8.05144
    endloop
  endfacet
  facet normal 0 -0.582407 -0.812898
    outer loop
      vertex 25.8755 -20.6703 -8.12919
      vertex 26.4 -20.5506 -8.21495
      vertex 26.4 -20.6703 -8.12919
    endloop
  endfacet
  facet normal -6.70649e-05 -0.582213 -0.813037
    outer loop
      vertex 25.8501 -20.5863 -8.18934
      vertex 26.4 -20.5506 -8.21495
      vertex 25.8755 -20.6703 -8.12919
    endloop
  endfacet
  facet normal -0 -0.582895 -0.812548
    outer loop
      vertex 26.4 -20.5506 -8.21495
      vertex 25.8501 -20.5863 -8.18934
      vertex 25.8366 -20.5506 -8.21495
    endloop
  endfacet
  facet normal 0 -0.582407 -0.812898
    outer loop
      vertex 30 -20.6703 -8.12919
      vertex 32 -20.5506 -8.21495
      vertex 32 -20.6703 -8.12919
    endloop
  endfacet
  facet normal -0 -0.582407 -0.812898
    outer loop
      vertex 32 -20.5506 -8.21495
      vertex 30 -20.6703 -8.12919
      vertex 30 -20.5506 -8.21495
    endloop
  endfacet
  facet normal 0 -0.528166 -0.849141
    outer loop
      vertex 25.9135 -20.7953 -8.05144
      vertex 26.4 -20.6703 -8.12919
      vertex 26.4 -20.7953 -8.05144
    endloop
  endfacet
  facet normal -0 -0.528166 -0.849141
    outer loop
      vertex 26.4 -20.6703 -8.12919
      vertex 25.9135 -20.7953 -8.05144
      vertex 25.8755 -20.6703 -8.12919
    endloop
  endfacet
  facet normal 0 -0.528166 -0.849141
    outer loop
      vertex 30 -20.7953 -8.05144
      vertex 32 -20.6703 -8.12919
      vertex 32 -20.7953 -8.05144
    endloop
  endfacet
  facet normal -0 -0.528166 -0.849141
    outer loop
      vertex 32 -20.6703 -8.12919
      vertex 30 -20.7953 -8.05144
      vertex 30 -20.6703 -8.12919
    endloop
  endfacet
  facet normal -0 -0.957019 -0.290026
    outer loop
      vertex 26.4 -19.747 -9.41766
      vertex 25.4797 -19.7897 -9.27676
      vertex 25.4532 -19.747 -9.41766
    endloop
  endfacet
  facet normal 0 -0.957019 -0.290026
    outer loop
      vertex 25.4797 -19.7897 -9.27676
      vertex 26.4 -19.747 -9.41766
      vertex 26.4 -19.7897 -9.27676
    endloop
  endfacet
  facet normal 0 -0.957019 -0.290026
    outer loop
      vertex 30 -19.747 -9.41766
      vertex 32 -19.7897 -9.27676
      vertex 30 -19.7897 -9.27676
    endloop
  endfacet
  facet normal 0 -0.957019 -0.290026
    outer loop
      vertex 32 -19.7897 -9.27676
      vertex 30 -19.747 -9.41766
      vertex 32 -19.747 -9.41766
    endloop
  endfacet
  facet normal -0 -0.995139 -0.0984815
    outer loop
      vertex 26.4 -19.6751 -9.85284
      vertex 25.4175 -19.6896 -9.70632
      vertex 25.4085 -19.6751 -9.85284
    endloop
  endfacet
  facet normal 0 -0.995139 -0.0984815
    outer loop
      vertex 25.4175 -19.6896 -9.70632
      vertex 26.4 -19.6751 -9.85284
      vertex 26.4 -19.6896 -9.70632
    endloop
  endfacet
  facet normal 0 -0.995139 -0.0984815
    outer loop
      vertex 30 -19.6751 -9.85284
      vertex 32 -19.6896 -9.70632
      vertex 30 -19.6896 -9.70632
    endloop
  endfacet
  facet normal 0 -0.995139 -0.0984815
    outer loop
      vertex 32 -19.6896 -9.70632
      vertex 30 -19.6751 -9.85284
      vertex 32 -19.6751 -9.85284
    endloop
  endfacet
  facet normal -0 -0.84935 -0.527829
    outer loop
      vertex 26.4 -19.9718 -8.875
      vertex 25.6235 -20.0495 -8.74997
      vertex 25.5819 -19.9718 -8.875
    endloop
  endfacet
  facet normal 0 -0.84935 -0.527829
    outer loop
      vertex 25.6235 -20.0495 -8.74997
      vertex 26.4 -19.9718 -8.875
      vertex 26.4 -20.0495 -8.74997
    endloop
  endfacet
  facet normal 0 -0.84935 -0.527829
    outer loop
      vertex 30 -19.9718 -8.875
      vertex 32 -20.0495 -8.74997
      vertex 30 -20.0495 -8.74997
    endloop
  endfacet
  facet normal 0 -0.84935 -0.527829
    outer loop
      vertex 32 -20.0495 -8.74997
      vertex 30 -19.9718 -8.875
      vertex 32 -19.9718 -8.875
    endloop
  endfacet
  facet normal -5.25099e-05 -0.81257 -0.582863
    outer loop
      vertex 26.4 -20.0495 -8.74997
      vertex 25.6652 -20.1353 -8.63029
      vertex 25.6423 -20.0848 -8.70069
    endloop
  endfacet
  facet normal -0 -0.812952 -0.58233
    outer loop
      vertex 26.4 -20.0495 -8.74997
      vertex 25.6423 -20.0848 -8.70069
      vertex 25.6235 -20.0495 -8.74997
    endloop
  endfacet
  facet normal 0 -0.812723 -0.582651
    outer loop
      vertex 25.6652 -20.1353 -8.63029
      vertex 26.4 -20.0495 -8.74997
      vertex 26.4 -20.1353 -8.63029
    endloop
  endfacet
  facet normal 0 -0.812723 -0.582651
    outer loop
      vertex 30 -20.0495 -8.74997
      vertex 32 -20.1353 -8.63029
      vertex 30 -20.1353 -8.63029
    endloop
  endfacet
  facet normal 0 -0.812723 -0.582651
    outer loop
      vertex 32 -20.1353 -8.63029
      vertex 30 -20.0495 -8.74997
      vertex 32 -20.0495 -8.74997
    endloop
  endfacet
  facet normal -0 -0.730024 -0.683421
    outer loop
      vertex 26.4 -20.2287 -8.51647
      vertex 25.7531 -20.3293 -8.40901
      vertex 25.7075 -20.2287 -8.51647
    endloop
  endfacet
  facet normal 0 -0.730024 -0.683421
    outer loop
      vertex 25.7531 -20.3293 -8.40901
      vertex 26.4 -20.2287 -8.51647
      vertex 26.4 -20.3293 -8.40901
    endloop
  endfacet
  facet normal 0 -0.730024 -0.683421
    outer loop
      vertex 30 -20.2287 -8.51647
      vertex 32 -20.3293 -8.40901
      vertex 30 -20.3293 -8.40901
    endloop
  endfacet
  facet normal 0 -0.730024 -0.683421
    outer loop
      vertex 32 -20.3293 -8.40901
      vertex 30 -20.2287 -8.51647
      vertex 32 -20.2287 -8.51647
    endloop
  endfacet
  facet normal -0 0.162967 0.986631
    outer loop
      vertex 30 -22.214 -12.2308
      vertex 32 -22.3593 -12.2068
      vertex 32 -22.214 -12.2308
    endloop
  endfacet
  facet normal 0 0.162967 0.986631
    outer loop
      vertex 32 -22.3593 -12.2068
      vertex 30 -22.214 -12.2308
      vertex 30 -22.3593 -12.2068
    endloop
  endfacet
  facet normal -0 0.162967 0.986631
    outer loop
      vertex 26.0592 -22.214 -12.2308
      vertex 26.4 -22.3593 -12.2068
      vertex 26.4 -22.214 -12.2308
    endloop
  endfacet
  facet normal 0 0.162967 0.986631
    outer loop
      vertex 26.4 -22.3593 -12.2068
      vertex 26.0592 -22.214 -12.2308
      vertex 26.0449 -22.3593 -12.2068
    endloop
  endfacet
  facet normal -0 0.290215 0.956962
    outer loop
      vertex 30 -22.5027 -12.1733
      vertex 32 -22.6435 -12.1306
      vertex 32 -22.5027 -12.1733
    endloop
  endfacet
  facet normal 0 0.290215 0.956962
    outer loop
      vertex 32 -22.6435 -12.1306
      vertex 30 -22.5027 -12.1733
      vertex 30 -22.6435 -12.1306
    endloop
  endfacet
  facet normal -0 0.290215 0.956962
    outer loop
      vertex 26.0281 -22.5027 -12.1733
      vertex 26.4 -22.6435 -12.1306
      vertex 26.4 -22.5027 -12.1733
    endloop
  endfacet
  facet normal 0 0.290215 0.956962
    outer loop
      vertex 26.4 -22.6435 -12.1306
      vertex 26.0281 -22.5027 -12.1733
      vertex 26.0048 -22.6435 -12.1306
    endloop
  endfacet
  facet normal -0 0.471505 0.881863
    outer loop
      vertex 25.9473 -22.9155 -12.018
      vertex 26.4 -23.0453 -11.9486
      vertex 26.4 -22.9155 -12.018
    endloop
  endfacet
  facet normal 4.39669e-05 0.471624 0.8818
    outer loop
      vertex 25.9289 -22.9944 -11.9758
      vertex 26.4 -23.0453 -11.9486
      vertex 25.9473 -22.9155 -12.018
    endloop
  endfacet
  facet normal 0 0.471308 0.881969
    outer loop
      vertex 26.4 -23.0453 -11.9486
      vertex 25.9289 -22.9944 -11.9758
      vertex 25.9135 -23.0453 -11.9486
    endloop
  endfacet
  facet normal -0 0.471505 0.881863
    outer loop
      vertex 30 -22.9155 -12.018
      vertex 32 -23.0453 -11.9486
      vertex 32 -22.9155 -12.018
    endloop
  endfacet
  facet normal 0 0.471505 0.881863
    outer loop
      vertex 32 -23.0453 -11.9486
      vertex 30 -22.9155 -12.018
      vertex 30 -23.0453 -11.9486
    endloop
  endfacet
  facet normal 0 0.999468 -0.0326002
    outer loop
      vertex 26.4 -24.1703 -10
      vertex 25.4085 -24.1655 -9.85284
      vertex 26.4 -24.1655 -9.85284
    endloop
  endfacet
  facet normal 0 0.999468 -0.0326002
    outer loop
      vertex 25.4085 -24.1655 -9.85284
      vertex 26.4 -24.1703 -10
      vertex 25.4055 -24.1703 -10
    endloop
  endfacet
  facet normal 0 0.999468 -0.0326002
    outer loop
      vertex 32 -24.1703 -10
      vertex 30 -24.1655 -9.85284
      vertex 32 -24.1655 -9.85284
    endloop
  endfacet
  facet normal 0 0.999468 -0.0326002
    outer loop
      vertex 30 -24.1655 -9.85284
      vertex 32 -24.1703 -10
      vertex 30 -24.1703 -10
    endloop
  endfacet
  facet normal 0 0.162835 -0.986653
    outer loop
      vertex 26.4 -22.3593 -7.79323
      vertex 26.0592 -22.214 -7.76925
      vertex 26.4 -22.214 -7.76925
    endloop
  endfacet
  facet normal 0 0.162835 -0.986653
    outer loop
      vertex 26.0592 -22.214 -7.76925
      vertex 26.4 -22.3593 -7.79323
      vertex 26.0449 -22.3593 -7.79323
    endloop
  endfacet
  facet normal 0 0.162835 -0.986653
    outer loop
      vertex 30 -22.3593 -7.79323
      vertex 32 -22.214 -7.76925
      vertex 32 -22.3593 -7.79323
    endloop
  endfacet
  facet normal 0 0.162835 -0.986653
    outer loop
      vertex 32 -22.214 -7.76925
      vertex 30 -22.3593 -7.79323
      vertex 30 -22.214 -7.76925
    endloop
  endfacet
  facet normal -0 0.995204 0.0978221
    outer loop
      vertex 25.4175 -24.1511 -10.2937
      vertex 26.4 -24.1655 -10.1472
      vertex 26.4 -24.1511 -10.2937
    endloop
  endfacet
  facet normal 0 0.995204 0.0978221
    outer loop
      vertex 26.4 -24.1655 -10.1472
      vertex 25.4175 -24.1511 -10.2937
      vertex 25.4085 -24.1655 -10.1472
    endloop
  endfacet
  facet normal 0 0.995204 0.0978221
    outer loop
      vertex 32 -24.1511 -10.2937
      vertex 30 -24.1655 -10.1472
      vertex 32 -24.1655 -10.1472
    endloop
  endfacet
  facet normal 0 0.995204 0.0978221
    outer loop
      vertex 30 -24.1655 -10.1472
      vertex 32 -24.1511 -10.2937
      vertex 30 -24.1511 -10.2937
    endloop
  endfacet
  facet normal 0 -0.582586 0.812769
    outer loop
      vertex 26.4 -20.5506 -11.785
      vertex 25.8755 -20.6703 -11.8708
      vertex 26.4 -20.6703 -11.8708
    endloop
  endfacet
  facet normal -0.000228441 -0.581925 0.813243
    outer loop
      vertex 26.4 -20.5506 -11.785
      vertex 25.8501 -20.5863 -11.8107
      vertex 25.8755 -20.6703 -11.8708
    endloop
  endfacet
  facet normal 0 -0.584245 0.811577
    outer loop
      vertex 25.8501 -20.5863 -11.8107
      vertex 26.4 -20.5506 -11.785
      vertex 25.8366 -20.5506 -11.785
    endloop
  endfacet
  facet normal 0 -0.582586 0.812769
    outer loop
      vertex 30 -20.5506 -11.785
      vertex 32 -20.6703 -11.8708
      vertex 32 -20.5506 -11.785
    endloop
  endfacet
  facet normal 0 -0.582586 0.812769
    outer loop
      vertex 32 -20.6703 -11.8708
      vertex 30 -20.5506 -11.785
      vertex 30 -20.6703 -11.8708
    endloop
  endfacet
  facet normal 0 -0.913357 0.407159
    outer loop
      vertex 25.5143 -19.8453 -10.8693
      vertex 26.4 -19.8416 -10.861
      vertex 25.512 -19.8416 -10.861
    endloop
  endfacet
  facet normal -6.23154e-05 -0.910867 0.412699
    outer loop
      vertex 25.5448 -19.9023 -10.9951
      vertex 26.4 -19.8416 -10.861
      vertex 25.5143 -19.8453 -10.8693
    endloop
  endfacet
  facet normal 0 -0.911017 0.412369
    outer loop
      vertex 26.4 -19.8416 -10.861
      vertex 25.5448 -19.9023 -10.9951
      vertex 26.4 -19.9023 -10.9951
    endloop
  endfacet
  facet normal 0 -0.911017 0.412369
    outer loop
      vertex 30 -19.9023 -10.9951
      vertex 32 -19.8416 -10.861
      vertex 30 -19.8416 -10.861
    endloop
  endfacet
  facet normal 0 -0.911017 0.412369
    outer loop
      vertex 32 -19.8416 -10.861
      vertex 30 -19.9023 -10.9951
      vertex 32 -19.9023 -10.9951
    endloop
  endfacet
  facet normal 0 -0.849294 0.527921
    outer loop
      vertex 30 -20.0495 -11.25
      vertex 32 -19.9718 -11.125
      vertex 30 -19.9718 -11.125
    endloop
  endfacet
  facet normal 0 -0.849294 0.527921
    outer loop
      vertex 32 -19.9718 -11.125
      vertex 30 -20.0495 -11.25
      vertex 32 -20.0495 -11.25
    endloop
  endfacet
  facet normal 0 -0.849294 0.527921
    outer loop
      vertex 25.6235 -20.0495 -11.25
      vertex 26.4 -19.9718 -11.125
      vertex 25.5819 -19.9718 -11.125
    endloop
  endfacet
  facet normal 0 -0.849294 0.527921
    outer loop
      vertex 26.4 -19.9718 -11.125
      vertex 25.6235 -20.0495 -11.25
      vertex 26.4 -20.0495 -11.25
    endloop
  endfacet
  facet normal 0 -0.0327492 -0.999464
    outer loop
      vertex 26.0703 -21.9203 -7.75
      vertex 26.4 -21.7732 -7.75482
      vertex 26.4 -21.9203 -7.75
    endloop
  endfacet
  facet normal -0 -0.0327492 -0.999464
    outer loop
      vertex 26.4 -21.7732 -7.75482
      vertex 26.0703 -21.9203 -7.75
      vertex 26.0655 -21.7732 -7.75482
    endloop
  endfacet
  facet normal 0 -0.0327492 -0.999464
    outer loop
      vertex 30 -21.9203 -7.75
      vertex 32 -21.7732 -7.75482
      vertex 32 -21.9203 -7.75
    endloop
  endfacet
  facet normal -0 -0.0327492 -0.999464
    outer loop
      vertex 32 -21.7732 -7.75482
      vertex 30 -21.9203 -7.75
      vertex 30 -21.7732 -7.75482
    endloop
  endfacet
  facet normal 0 -0.290275 -0.956943
    outer loop
      vertex 26.0281 -21.338 -7.82667
      vertex 26.4 -21.1971 -7.86941
      vertex 26.4 -21.338 -7.82667
    endloop
  endfacet
  facet normal -0 -0.290275 -0.956943
    outer loop
      vertex 26.4 -21.1971 -7.86941
      vertex 26.0281 -21.338 -7.82667
      vertex 26.0048 -21.1971 -7.86941
    endloop
  endfacet
  facet normal 0 -0.290275 -0.956943
    outer loop
      vertex 30 -21.338 -7.82667
      vertex 32 -21.1971 -7.86941
      vertex 32 -21.338 -7.82667
    endloop
  endfacet
  facet normal -0 -0.290275 -0.956943
    outer loop
      vertex 32 -21.1971 -7.86941
      vertex 30 -21.338 -7.82667
      vertex 30 -21.1971 -7.86941
    endloop
  endfacet
  facet normal -0 0.0325914 0.999469
    outer loop
      vertex 26.0703 -21.9203 -12.25
      vertex 26.4 -22.0675 -12.2452
      vertex 26.4 -21.9203 -12.25
    endloop
  endfacet
  facet normal 0 0.0325914 0.999469
    outer loop
      vertex 26.4 -22.0675 -12.2452
      vertex 26.0703 -21.9203 -12.25
      vertex 26.0655 -22.0675 -12.2452
    endloop
  endfacet
  facet normal -0 0.0325914 0.999469
    outer loop
      vertex 30 -21.9203 -12.25
      vertex 32 -22.0675 -12.2452
      vertex 32 -21.9203 -12.25
    endloop
  endfacet
  facet normal 0 0.0325914 0.999469
    outer loop
      vertex 32 -22.0675 -12.2452
      vertex 30 -21.9203 -12.25
      vertex 30 -22.0675 -12.2452
    endloop
  endfacet
  facet normal 0 0.813064 0.582174
    outer loop
      vertex 26.4 -23.7911 -11.25
      vertex 25.6423 -23.7558 -11.2993
      vertex 25.6235 -23.7911 -11.25
    endloop
  endfacet
  facet normal -0 0.81309 0.582137
    outer loop
      vertex 25.6652 -23.7054 -11.3697
      vertex 26.4 -23.7911 -11.25
      vertex 26.4 -23.7054 -11.3697
    endloop
  endfacet
  facet normal 5.97094e-06 0.813108 0.582113
    outer loop
      vertex 26.4 -23.7911 -11.25
      vertex 25.6652 -23.7054 -11.3697
      vertex 25.6423 -23.7558 -11.2993
    endloop
  endfacet
  facet normal 0 0.81309 0.582137
    outer loop
      vertex 32 -23.7054 -11.3697
      vertex 30 -23.7911 -11.25
      vertex 32 -23.7911 -11.25
    endloop
  endfacet
  facet normal 0 0.81309 0.582137
    outer loop
      vertex 30 -23.7911 -11.25
      vertex 32 -23.7054 -11.3697
      vertex 30 -23.7054 -11.3697
    endloop
  endfacet
  facet normal -0 0.634421 0.772988
    outer loop
      vertex 30 -23.29 -11.785
      vertex 32 -23.4038 -11.6916
      vertex 32 -23.29 -11.785
    endloop
  endfacet
  facet normal 0 0.634421 0.772988
    outer loop
      vertex 32 -23.4038 -11.6916
      vertex 30 -23.29 -11.785
      vertex 30 -23.4038 -11.6916
    endloop
  endfacet
  facet normal -0 0.634421 0.772988
    outer loop
      vertex 25.8366 -23.29 -11.785
      vertex 26.4 -23.4038 -11.6916
      vertex 26.4 -23.29 -11.785
    endloop
  endfacet
  facet normal 0 0.634421 0.772988
    outer loop
      vertex 26.4 -23.4038 -11.6916
      vertex 25.8366 -23.29 -11.785
      vertex 25.7938 -23.4038 -11.6916
    endloop
  endfacet
  facet normal -0 0.582586 0.812769
    outer loop
      vertex 25.8755 -23.1703 -11.8708
      vertex 26.4 -23.29 -11.785
      vertex 26.4 -23.1703 -11.8708
    endloop
  endfacet
  facet normal -0.000228441 0.581925 0.813243
    outer loop
      vertex 25.8501 -23.2543 -11.8107
      vertex 26.4 -23.29 -11.785
      vertex 25.8755 -23.1703 -11.8708
    endloop
  endfacet
  facet normal 0 0.584245 0.811577
    outer loop
      vertex 26.4 -23.29 -11.785
      vertex 25.8501 -23.2543 -11.8107
      vertex 25.8366 -23.29 -11.785
    endloop
  endfacet
  facet normal -0 0.582586 0.812769
    outer loop
      vertex 30 -23.1703 -11.8708
      vertex 32 -23.29 -11.785
      vertex 32 -23.1703 -11.8708
    endloop
  endfacet
  facet normal 0 0.582586 0.812769
    outer loop
      vertex 32 -23.29 -11.785
      vertex 30 -23.1703 -11.8708
      vertex 30 -23.29 -11.785
    endloop
  endfacet
  facet normal -0 0.528411 0.848989
    outer loop
      vertex 30 -23.0453 -11.9486
      vertex 32 -23.1703 -11.8708
      vertex 32 -23.0453 -11.9486
    endloop
  endfacet
  facet normal 0 0.528411 0.848989
    outer loop
      vertex 32 -23.1703 -11.8708
      vertex 30 -23.0453 -11.9486
      vertex 30 -23.1703 -11.8708
    endloop
  endfacet
  facet normal -0 0.528411 0.848989
    outer loop
      vertex 25.9135 -23.0453 -11.9486
      vertex 26.4 -23.1703 -11.8708
      vertex 26.4 -23.0453 -11.9486
    endloop
  endfacet
  facet normal 0 0.528411 0.848989
    outer loop
      vertex 26.4 -23.1703 -11.8708
      vertex 25.9135 -23.0453 -11.9486
      vertex 25.8755 -23.1703 -11.8708
    endloop
  endfacet
  facet normal -0 0.412114 0.911132
    outer loop
      vertex 25.9786 -22.7813 -12.0787
      vertex 26.4 -22.9155 -12.018
      vertex 26.4 -22.7813 -12.0787
    endloop
  endfacet
  facet normal 0 0.412114 0.911132
    outer loop
      vertex 26.4 -22.9155 -12.018
      vertex 25.9786 -22.7813 -12.0787
      vertex 25.9473 -22.9155 -12.018
    endloop
  endfacet
  facet normal -0 0.412114 0.911132
    outer loop
      vertex 30 -22.7813 -12.0787
      vertex 32 -22.9155 -12.018
      vertex 32 -22.7813 -12.0787
    endloop
  endfacet
  facet normal 0 0.412114 0.911132
    outer loop
      vertex 32 -22.9155 -12.018
      vertex 30 -22.7813 -12.0787
      vertex 30 -22.9155 -12.018
    endloop
  endfacet
  facet normal 0 0.849046 -0.528319
    outer loop
      vertex 32 -23.8689 -8.875
      vertex 30 -23.7911 -8.74997
      vertex 32 -23.7911 -8.74997
    endloop
  endfacet
  facet normal 0 0.849046 -0.528319
    outer loop
      vertex 30 -23.7911 -8.74997
      vertex 32 -23.8689 -8.875
      vertex 30 -23.8689 -8.875
    endloop
  endfacet
  facet normal 0 0.849046 -0.528319
    outer loop
      vertex 26.4 -23.8689 -8.875
      vertex 25.6235 -23.7911 -8.74997
      vertex 26.4 -23.7911 -8.74997
    endloop
  endfacet
  facet normal 0 0.849046 -0.528319
    outer loop
      vertex 25.6235 -23.7911 -8.74997
      vertex 26.4 -23.8689 -8.875
      vertex 25.5819 -23.8689 -8.875
    endloop
  endfacet
  facet normal -0 0.999469 0.0325914
    outer loop
      vertex 25.4085 -24.1655 -10.1472
      vertex 26.4 -24.1703 -10
      vertex 26.4 -24.1655 -10.1472
    endloop
  endfacet
  facet normal 0 0.999469 0.0325914
    outer loop
      vertex 26.4 -24.1703 -10
      vertex 25.4085 -24.1655 -10.1472
      vertex 25.4055 -24.1703 -10
    endloop
  endfacet
  facet normal 0 0.999469 0.0325914
    outer loop
      vertex 32 -24.1655 -10.1472
      vertex 30 -24.1703 -10
      vertex 32 -24.1703 -10
    endloop
  endfacet
  facet normal 0 0.999469 0.0325914
    outer loop
      vertex 30 -24.1703 -10
      vertex 32 -24.1655 -10.1472
      vertex 30 -24.1655 -10.1472
    endloop
  endfacet
  facet normal 1.91394e-05 0.0980239 -0.995184
    outer loop
      vertex 26.0614 -22.1917 -7.76706
      vertex 26.4 -22.0675 -7.75482
      vertex 26.4 -22.214 -7.76925
    endloop
  endfacet
  facet normal 0 0.0980756 -0.995179
    outer loop
      vertex 26.4 -22.0675 -7.75482
      vertex 26.0614 -22.1917 -7.76706
      vertex 26.0655 -22.0675 -7.75482
    endloop
  endfacet
  facet normal 0 0.0977361 -0.995212
    outer loop
      vertex 26.0614 -22.1917 -7.76706
      vertex 26.4 -22.214 -7.76925
      vertex 26.0592 -22.214 -7.76925
    endloop
  endfacet
  facet normal 0 0.0980239 -0.995184
    outer loop
      vertex 30 -22.214 -7.76925
      vertex 32 -22.0675 -7.75482
      vertex 32 -22.214 -7.76925
    endloop
  endfacet
  facet normal 0 0.0980239 -0.995184
    outer loop
      vertex 32 -22.0675 -7.75482
      vertex 30 -22.214 -7.76925
      vertex 30 -22.0675 -7.75482
    endloop
  endfacet
  facet normal 0 0.730024 -0.683421
    outer loop
      vertex 26.4 -23.6119 -8.51647
      vertex 25.7531 -23.5113 -8.40901
      vertex 26.4 -23.5113 -8.40901
    endloop
  endfacet
  facet normal 0 0.730024 -0.683421
    outer loop
      vertex 25.7531 -23.5113 -8.40901
      vertex 26.4 -23.6119 -8.51647
      vertex 25.7075 -23.6119 -8.51647
    endloop
  endfacet
  facet normal 0 0.730024 -0.683421
    outer loop
      vertex 32 -23.6119 -8.51647
      vertex 30 -23.5113 -8.40901
      vertex 32 -23.5113 -8.40901
    endloop
  endfacet
  facet normal 0 0.730024 -0.683421
    outer loop
      vertex 30 -23.5113 -8.40901
      vertex 32 -23.6119 -8.51647
      vertex 30 -23.6119 -8.51647
    endloop
  endfacet
  facet normal 0 0.582407 -0.812898
    outer loop
      vertex 26.4 -23.29 -8.21495
      vertex 25.8755 -23.1703 -8.12919
      vertex 26.4 -23.1703 -8.12919
    endloop
  endfacet
  facet normal -6.70649e-05 0.582213 -0.813037
    outer loop
      vertex 26.4 -23.29 -8.21495
      vertex 25.8501 -23.2543 -8.18934
      vertex 25.8755 -23.1703 -8.12919
    endloop
  endfacet
  facet normal 0 0.582895 -0.812548
    outer loop
      vertex 25.8501 -23.2543 -8.18934
      vertex 26.4 -23.29 -8.21495
      vertex 25.8366 -23.29 -8.21495
    endloop
  endfacet
  facet normal 0 0.582407 -0.812898
    outer loop
      vertex 30 -23.29 -8.21495
      vertex 32 -23.1703 -8.12919
      vertex 32 -23.29 -8.21495
    endloop
  endfacet
  facet normal 0 0.582407 -0.812898
    outer loop
      vertex 32 -23.1703 -8.12919
      vertex 30 -23.29 -8.21495
      vertex 30 -23.1703 -8.12919
    endloop
  endfacet
  facet normal 0 0.634461 -0.772955
    outer loop
      vertex 26.4 -23.4038 -8.30836
      vertex 25.8366 -23.29 -8.21495
      vertex 26.4 -23.29 -8.21495
    endloop
  endfacet
  facet normal 0 0.634461 -0.772955
    outer loop
      vertex 25.8366 -23.29 -8.21495
      vertex 26.4 -23.4038 -8.30836
      vertex 25.7938 -23.4038 -8.30836
    endloop
  endfacet
  facet normal 0 0.634461 -0.772955
    outer loop
      vertex 30 -23.4038 -8.30836
      vertex 32 -23.29 -8.21495
      vertex 32 -23.4038 -8.30836
    endloop
  endfacet
  facet normal 0 0.634461 -0.772955
    outer loop
      vertex 32 -23.29 -8.21495
      vertex 30 -23.4038 -8.30836
      vertex 30 -23.29 -8.21495
    endloop
  endfacet
  facet normal 0 0.471505 -0.881863
    outer loop
      vertex 26.4 -23.0453 -8.05144
      vertex 25.9473 -22.9155 -7.98204
      vertex 26.4 -22.9155 -7.98204
    endloop
  endfacet
  facet normal 1.39313e-05 0.471543 -0.881843
    outer loop
      vertex 26.4 -23.0453 -8.05144
      vertex 25.9289 -22.9944 -8.02423
      vertex 25.9473 -22.9155 -7.98204
    endloop
  endfacet
  facet normal 0 0.471442 -0.881897
    outer loop
      vertex 25.9289 -22.9944 -8.02423
      vertex 26.4 -23.0453 -8.05144
      vertex 25.9135 -23.0453 -8.05144
    endloop
  endfacet
  facet normal 0 0.471505 -0.881863
    outer loop
      vertex 30 -23.0453 -8.05144
      vertex 32 -22.9155 -7.98204
      vertex 32 -23.0453 -8.05144
    endloop
  endfacet
  facet normal 0 0.471505 -0.881863
    outer loop
      vertex 32 -22.9155 -7.98204
      vertex 30 -23.0453 -8.05144
      vertex 30 -22.9155 -7.98204
    endloop
  endfacet
  facet normal 0 0.290464 -0.956886
    outer loop
      vertex 26.4 -22.6435 -7.86941
      vertex 26.0281 -22.5027 -7.82667
      vertex 26.4 -22.5027 -7.82667
    endloop
  endfacet
  facet normal 0 0.290464 -0.956886
    outer loop
      vertex 26.0281 -22.5027 -7.82667
      vertex 26.4 -22.6435 -7.86941
      vertex 26.0048 -22.6435 -7.86941
    endloop
  endfacet
  facet normal 0 0.290464 -0.956886
    outer loop
      vertex 30 -22.6435 -7.86941
      vertex 32 -22.5027 -7.82667
      vertex 32 -22.6435 -7.86941
    endloop
  endfacet
  facet normal 0 0.290464 -0.956886
    outer loop
      vertex 32 -22.5027 -7.82667
      vertex 30 -22.6435 -7.86941
      vertex 30 -22.5027 -7.82667
    endloop
  endfacet
  facet normal 0 0.412509 -0.910954
    outer loop
      vertex 26.4 -22.9155 -7.98204
      vertex 25.9786 -22.7813 -7.92127
      vertex 26.4 -22.7813 -7.92127
    endloop
  endfacet
  facet normal 0 0.412509 -0.910954
    outer loop
      vertex 25.9786 -22.7813 -7.92127
      vertex 26.4 -22.9155 -7.98204
      vertex 25.9473 -22.9155 -7.98204
    endloop
  endfacet
  facet normal 0 0.412509 -0.910954
    outer loop
      vertex 30 -22.9155 -7.98204
      vertex 32 -22.7813 -7.92127
      vertex 32 -22.9155 -7.98204
    endloop
  endfacet
  facet normal 0 0.412509 -0.910954
    outer loop
      vertex 32 -22.7813 -7.92127
      vertex 30 -22.9155 -7.98204
      vertex 30 -22.7813 -7.92127
    endloop
  endfacet
  facet normal 0 0.957019 0.290026
    outer loop
      vertex 32 -24.0509 -10.7232
      vertex 30 -24.0936 -10.5823
      vertex 32 -24.0936 -10.5823
    endloop
  endfacet
  facet normal 0 0.957019 0.290026
    outer loop
      vertex 30 -24.0936 -10.5823
      vertex 32 -24.0509 -10.7232
      vertex 30 -24.0509 -10.7232
    endloop
  endfacet
  facet normal -0 0.957019 0.290026
    outer loop
      vertex 25.4797 -24.0509 -10.7232
      vertex 26.4 -24.0936 -10.5823
      vertex 26.4 -24.0509 -10.7232
    endloop
  endfacet
  facet normal 0 0.957019 0.290026
    outer loop
      vertex 26.4 -24.0936 -10.5823
      vertex 25.4797 -24.0509 -10.7232
      vertex 25.4532 -24.0936 -10.5823
    endloop
  endfacet
  facet normal 0 0.935826 0.352463
    outer loop
      vertex 32 -23.999 -10.861
      vertex 30 -24.0509 -10.7232
      vertex 32 -24.0509 -10.7232
    endloop
  endfacet
  facet normal 0 0.935826 0.352463
    outer loop
      vertex 30 -24.0509 -10.7232
      vertex 32 -23.999 -10.861
      vertex 30 -23.999 -10.861
    endloop
  endfacet
  facet normal -0 0.935826 0.352463
    outer loop
      vertex 25.512 -23.999 -10.861
      vertex 26.4 -24.0509 -10.7232
      vertex 26.4 -23.999 -10.861
    endloop
  endfacet
  facet normal 0 0.935826 0.352463
    outer loop
      vertex 26.4 -24.0509 -10.7232
      vertex 25.512 -23.999 -10.861
      vertex 25.4797 -24.0509 -10.7232
    endloop
  endfacet
  facet normal 0 -0.352463 0.935826
    outer loop
      vertex 26.4 -21.0593 -12.0787
      vertex 26.0048 -21.1971 -12.1306
      vertex 26.4 -21.1971 -12.1306
    endloop
  endfacet
  facet normal -0.000146739 -0.352094 0.935965
    outer loop
      vertex 26.4 -21.0593 -12.0787
      vertex 25.9906 -21.1107 -12.0981
      vertex 26.0048 -21.1971 -12.1306
    endloop
  endfacet
  facet normal 0 -0.353117 0.935579
    outer loop
      vertex 25.9906 -21.1107 -12.0981
      vertex 26.4 -21.0593 -12.0787
      vertex 25.9786 -21.0593 -12.0787
    endloop
  endfacet
  facet normal 0 -0.352463 0.935826
    outer loop
      vertex 30 -21.0593 -12.0787
      vertex 32 -21.1971 -12.1306
      vertex 32 -21.0593 -12.0787
    endloop
  endfacet
  facet normal 0 -0.352463 0.935826
    outer loop
      vertex 32 -21.1971 -12.1306
      vertex 30 -21.0593 -12.0787
      vertex 30 -21.1971 -12.1306
    endloop
  endfacet
  facet normal 0 0.0985517 0.995132
    outer loop
      vertex 26.0614 -22.1917 -12.2329
      vertex 26.4 -22.0675 -12.2452
      vertex 26.0655 -22.0675 -12.2452
    endloop
  endfacet
  facet normal 0.000270243 0.0978221 0.995204
    outer loop
      vertex 26.4 -22.0675 -12.2452
      vertex 26.0614 -22.1917 -12.2329
      vertex 26.4 -22.214 -12.2308
    endloop
  endfacet
  facet normal 0 0.0937556 0.995595
    outer loop
      vertex 26.4 -22.214 -12.2308
      vertex 26.0614 -22.1917 -12.2329
      vertex 26.0592 -22.214 -12.2308
    endloop
  endfacet
  facet normal -0 0.0978221 0.995204
    outer loop
      vertex 30 -22.0675 -12.2452
      vertex 32 -22.214 -12.2308
      vertex 32 -22.0675 -12.2452
    endloop
  endfacet
  facet normal 0 0.0978221 0.995204
    outer loop
      vertex 32 -22.214 -12.2308
      vertex 30 -22.0675 -12.2452
      vertex 30 -22.214 -12.2308
    endloop
  endfacet
  facet normal 0 0.227559 0.973764
    outer loop
      vertex 26.0348 -22.462 -12.1828
      vertex 26.4 -22.3593 -12.2068
      vertex 26.0449 -22.3593 -12.2068
    endloop
  endfacet
  facet normal 2.13835e-05 0.227487 0.973781
    outer loop
      vertex 26.4 -22.3593 -12.2068
      vertex 26.0348 -22.462 -12.1828
      vertex 26.4 -22.5027 -12.1733
    endloop
  endfacet
  facet normal 0 0.227305 0.973824
    outer loop
      vertex 26.4 -22.5027 -12.1733
      vertex 26.0348 -22.462 -12.1828
      vertex 26.0281 -22.5027 -12.1733
    endloop
  endfacet
  facet normal -0 0.227487 0.973781
    outer loop
      vertex 30 -22.3593 -12.2068
      vertex 32 -22.5027 -12.1733
      vertex 32 -22.3593 -12.2068
    endloop
  endfacet
  facet normal 0 0.227487 0.973781
    outer loop
      vertex 32 -22.5027 -12.1733
      vertex 30 -22.3593 -12.2068
      vertex 30 -22.5027 -12.1733
    endloop
  endfacet
  facet normal -0 0.683286 0.730151
    outer loop
      vertex 25.7938 -23.4038 -11.6916
      vertex 26.4 -23.5113 -11.591
      vertex 26.4 -23.4038 -11.6916
    endloop
  endfacet
  facet normal 1.60821e-05 0.683334 0.730106
    outer loop
      vertex 25.7544 -23.5084 -11.5937
      vertex 26.4 -23.5113 -11.591
      vertex 25.7938 -23.4038 -11.6916
    endloop
  endfacet
  facet normal 0 0.681419 0.731894
    outer loop
      vertex 26.4 -23.5113 -11.591
      vertex 25.7544 -23.5084 -11.5937
      vertex 25.7531 -23.5113 -11.591
    endloop
  endfacet
  facet normal -0 0.683286 0.730151
    outer loop
      vertex 30 -23.4038 -11.6916
      vertex 32 -23.5113 -11.591
      vertex 32 -23.4038 -11.6916
    endloop
  endfacet
  facet normal 0 0.683286 0.730151
    outer loop
      vertex 32 -23.5113 -11.591
      vertex 30 -23.4038 -11.6916
      vertex 30 -23.5113 -11.591
    endloop
  endfacet
  facet normal -0 0.352463 0.935826
    outer loop
      vertex 26.0048 -22.6435 -12.1306
      vertex 26.4 -22.7813 -12.0787
      vertex 26.4 -22.6435 -12.1306
    endloop
  endfacet
  facet normal -0.000146739 0.352094 0.935965
    outer loop
      vertex 25.9906 -22.7299 -12.0981
      vertex 26.4 -22.7813 -12.0787
      vertex 26.0048 -22.6435 -12.1306
    endloop
  endfacet
  facet normal 0 0.353117 0.935579
    outer loop
      vertex 26.4 -22.7813 -12.0787
      vertex 25.9906 -22.7299 -12.0981
      vertex 25.9786 -22.7813 -12.0787
    endloop
  endfacet
  facet normal -0 0.352463 0.935826
    outer loop
      vertex 30 -22.6435 -12.1306
      vertex 32 -22.7813 -12.0787
      vertex 32 -22.6435 -12.1306
    endloop
  endfacet
  facet normal 0 0.352463 0.935826
    outer loop
      vertex 32 -22.7813 -12.0787
      vertex 30 -22.6435 -12.1306
      vertex 30 -22.7813 -12.0787
    endloop
  endfacet
  facet normal 0 0.957019 -0.290026
    outer loop
      vertex 26.4 -24.0936 -9.41766
      vertex 25.4797 -24.0509 -9.27676
      vertex 26.4 -24.0509 -9.27676
    endloop
  endfacet
  facet normal 0 0.957019 -0.290026
    outer loop
      vertex 25.4797 -24.0509 -9.27676
      vertex 26.4 -24.0936 -9.41766
      vertex 25.4532 -24.0936 -9.41766
    endloop
  endfacet
  facet normal 0 0.957019 -0.290026
    outer loop
      vertex 32 -24.0936 -9.41766
      vertex 30 -24.0509 -9.27676
      vertex 32 -24.0509 -9.27676
    endloop
  endfacet
  facet normal 0 0.957019 -0.290026
    outer loop
      vertex 30 -24.0509 -9.27676
      vertex 32 -24.0936 -9.41766
      vertex 30 -24.0936 -9.41766
    endloop
  endfacet
  facet normal 0 0.986626 -0.163
    outer loop
      vertex 26.4 -24.1511 -9.70632
      vertex 25.4324 -24.1271 -9.56105
      vertex 26.4 -24.1271 -9.56105
    endloop
  endfacet
  facet normal 0 0.986626 -0.163
    outer loop
      vertex 25.4324 -24.1271 -9.56105
      vertex 26.4 -24.1511 -9.70632
      vertex 25.4175 -24.1511 -9.70632
    endloop
  endfacet
  facet normal 0 0.986626 -0.163
    outer loop
      vertex 32 -24.1511 -9.70632
      vertex 30 -24.1271 -9.56105
      vertex 32 -24.1271 -9.56105
    endloop
  endfacet
  facet normal 0 0.986626 -0.163
    outer loop
      vertex 30 -24.1271 -9.56105
      vertex 32 -24.1511 -9.70632
      vertex 30 -24.1511 -9.70632
    endloop
  endfacet
  facet normal 0 0.935826 -0.352463
    outer loop
      vertex 26.4 -24.0509 -9.27676
      vertex 25.512 -23.999 -9.13896
      vertex 26.4 -23.999 -9.13896
    endloop
  endfacet
  facet normal 0 0.935826 -0.352463
    outer loop
      vertex 25.512 -23.999 -9.13896
      vertex 26.4 -24.0509 -9.27676
      vertex 25.4797 -24.0509 -9.27676
    endloop
  endfacet
  facet normal 0 0.935826 -0.352463
    outer loop
      vertex 32 -24.0509 -9.27676
      vertex 30 -23.999 -9.13896
      vertex 32 -23.999 -9.13896
    endloop
  endfacet
  facet normal 0 0.935826 -0.352463
    outer loop
      vertex 30 -23.999 -9.13896
      vertex 32 -24.0509 -9.27676
      vertex 30 -24.0509 -9.27676
    endloop
  endfacet
  facet normal 0 0.995205 -0.0978089
    outer loop
      vertex 26.4 -24.1655 -9.85284
      vertex 25.4175 -24.1511 -9.70632
      vertex 26.4 -24.1511 -9.70632
    endloop
  endfacet
  facet normal 0 0.995205 -0.0978089
    outer loop
      vertex 25.4175 -24.1511 -9.70632
      vertex 26.4 -24.1655 -9.85284
      vertex 25.4085 -24.1655 -9.85284
    endloop
  endfacet
  facet normal 0 0.995205 -0.0978089
    outer loop
      vertex 32 -24.1655 -9.85284
      vertex 30 -24.1511 -9.70632
      vertex 32 -24.1511 -9.70632
    endloop
  endfacet
  facet normal 0 0.995205 -0.0978089
    outer loop
      vertex 30 -24.1511 -9.70632
      vertex 32 -24.1655 -9.85284
      vertex 30 -24.1655 -9.85284
    endloop
  endfacet
  facet normal 0 0.683467 -0.729982
    outer loop
      vertex 26.4 -23.5113 -8.40901
      vertex 25.7938 -23.4038 -8.30836
      vertex 26.4 -23.4038 -8.30836
    endloop
  endfacet
  facet normal 5.24362e-05 0.683624 -0.729834
    outer loop
      vertex 26.4 -23.5113 -8.40901
      vertex 25.7544 -23.5084 -8.40634
      vertex 25.7938 -23.4038 -8.30836
    endloop
  endfacet
  facet normal 0 0.677331 -0.735678
    outer loop
      vertex 25.7544 -23.5084 -8.40634
      vertex 26.4 -23.5113 -8.40901
      vertex 25.7531 -23.5113 -8.40901
    endloop
  endfacet
  facet normal 0 0.683467 -0.729982
    outer loop
      vertex 30 -23.5113 -8.40901
      vertex 32 -23.4038 -8.30836
      vertex 32 -23.5113 -8.40901
    endloop
  endfacet
  facet normal 0 0.683467 -0.729982
    outer loop
      vertex 32 -23.4038 -8.30836
      vertex 30 -23.5113 -8.40901
      vertex 30 -23.4038 -8.30836
    endloop
  endfacet
  facet normal 0 0.528166 -0.849141
    outer loop
      vertex 26.4 -23.1703 -8.12919
      vertex 25.9135 -23.0453 -8.05144
      vertex 26.4 -23.0453 -8.05144
    endloop
  endfacet
  facet normal 0 0.528166 -0.849141
    outer loop
      vertex 25.9135 -23.0453 -8.05144
      vertex 26.4 -23.1703 -8.12919
      vertex 25.8755 -23.1703 -8.12919
    endloop
  endfacet
  facet normal 0 0.528166 -0.849141
    outer loop
      vertex 30 -23.1703 -8.12919
      vertex 32 -23.0453 -8.05144
      vertex 32 -23.1703 -8.12919
    endloop
  endfacet
  facet normal 0 0.528166 -0.849141
    outer loop
      vertex 32 -23.0453 -8.05144
      vertex 30 -23.1703 -8.12919
      vertex 30 -23.0453 -8.05144
    endloop
  endfacet
  facet normal 0 0.352225 -0.935915
    outer loop
      vertex 26.4 -22.7813 -7.92127
      vertex 26.0048 -22.6435 -7.86941
      vertex 26.4 -22.6435 -7.86941
    endloop
  endfacet
  facet normal -2.14138e-05 0.352171 -0.935936
    outer loop
      vertex 26.4 -22.7813 -7.92127
      vertex 25.9906 -22.7299 -7.90192
      vertex 26.0048 -22.6435 -7.86941
    endloop
  endfacet
  facet normal 0 0.35232 -0.935879
    outer loop
      vertex 25.9906 -22.7299 -7.90192
      vertex 26.4 -22.7813 -7.92127
      vertex 25.9786 -22.7813 -7.92127
    endloop
  endfacet
  facet normal 0 0.352225 -0.935915
    outer loop
      vertex 30 -22.7813 -7.92127
      vertex 32 -22.6435 -7.86941
      vertex 32 -22.7813 -7.92127
    endloop
  endfacet
  facet normal 0 0.352225 -0.935915
    outer loop
      vertex 32 -22.6435 -7.86941
      vertex 30 -22.7813 -7.92127
      vertex 30 -22.6435 -7.86941
    endloop
  endfacet
  facet normal 0 0.973746 0.227638
    outer loop
      vertex 32 -24.0936 -10.5823
      vertex 30 -24.1271 -10.439
      vertex 32 -24.1271 -10.439
    endloop
  endfacet
  facet normal 0 0.973746 0.227638
    outer loop
      vertex 30 -24.1271 -10.439
      vertex 32 -24.0936 -10.5823
      vertex 30 -24.0936 -10.5823
    endloop
  endfacet
  facet normal -0 0.973746 0.227638
    outer loop
      vertex 25.4532 -24.0936 -10.5823
      vertex 26.4 -24.1271 -10.439
      vertex 26.4 -24.0936 -10.5823
    endloop
  endfacet
  facet normal 0 0.973746 0.227638
    outer loop
      vertex 26.4 -24.1271 -10.439
      vertex 25.4532 -24.0936 -10.5823
      vertex 25.4324 -24.1271 -10.439
    endloop
  endfacet
  facet normal 0 0.986631 0.162967
    outer loop
      vertex 32 -24.1271 -10.439
      vertex 30 -24.1511 -10.2937
      vertex 32 -24.1511 -10.2937
    endloop
  endfacet
  facet normal 0 0.986631 0.162967
    outer loop
      vertex 30 -24.1511 -10.2937
      vertex 32 -24.1271 -10.439
      vertex 30 -24.1271 -10.439
    endloop
  endfacet
  facet normal -0 0.986631 0.162967
    outer loop
      vertex 25.4324 -24.1271 -10.439
      vertex 26.4 -24.1511 -10.2937
      vertex 26.4 -24.1271 -10.439
    endloop
  endfacet
  facet normal 0 0.986631 0.162967
    outer loop
      vertex 26.4 -24.1511 -10.2937
      vertex 25.4324 -24.1271 -10.439
      vertex 25.4175 -24.1511 -10.2937
    endloop
  endfacet
  facet normal 0 -0.290026 0.957019
    outer loop
      vertex 26.4 -21.1971 -12.1306
      vertex 26.0281 -21.338 -12.1733
      vertex 26.4 -21.338 -12.1733
    endloop
  endfacet
  facet normal 0 -0.290026 0.957019
    outer loop
      vertex 26.0281 -21.338 -12.1733
      vertex 26.4 -21.1971 -12.1306
      vertex 26.0048 -21.1971 -12.1306
    endloop
  endfacet
  facet normal 0 -0.290026 0.957019
    outer loop
      vertex 30 -21.1971 -12.1306
      vertex 32 -21.338 -12.1733
      vertex 32 -21.1971 -12.1306
    endloop
  endfacet
  facet normal 0 -0.290026 0.957019
    outer loop
      vertex 32 -21.338 -12.1733
      vertex 30 -21.1971 -12.1306
      vertex 30 -21.338 -12.1733
    endloop
  endfacet
  facet normal 0 0.848989 0.528411
    outer loop
      vertex 32 -23.7911 -11.25
      vertex 30 -23.8689 -11.125
      vertex 32 -23.8689 -11.125
    endloop
  endfacet
  facet normal 0 0.848989 0.528411
    outer loop
      vertex 30 -23.8689 -11.125
      vertex 32 -23.7911 -11.25
      vertex 30 -23.7911 -11.25
    endloop
  endfacet
  facet normal -0 0.848989 0.528411
    outer loop
      vertex 25.6235 -23.7911 -11.25
      vertex 26.4 -23.8689 -11.125
      vertex 26.4 -23.7911 -11.25
    endloop
  endfacet
  facet normal 0 0.848989 0.528411
    outer loop
      vertex 26.4 -23.8689 -11.125
      vertex 25.6235 -23.7911 -11.25
      vertex 25.5819 -23.8689 -11.125
    endloop
  endfacet
  facet normal 0 0.882014 0.471222
    outer loop
      vertex 32 -23.8689 -11.125
      vertex 30 -23.9383 -10.9951
      vertex 32 -23.9383 -10.9951
    endloop
  endfacet
  facet normal 0 0.882014 0.471222
    outer loop
      vertex 30 -23.9383 -10.9951
      vertex 32 -23.8689 -11.125
      vertex 30 -23.8689 -11.125
    endloop
  endfacet
  facet normal -0 0.882014 0.471222
    outer loop
      vertex 25.5819 -23.8689 -11.125
      vertex 26.4 -23.9383 -10.9951
      vertex 26.4 -23.8689 -11.125
    endloop
  endfacet
  facet normal 0 0.882014 0.471222
    outer loop
      vertex 26.4 -23.9383 -10.9951
      vertex 25.5819 -23.8689 -11.125
      vertex 25.5448 -23.9383 -10.9951
    endloop
  endfacet
  facet normal 0 0.973778 -0.227502
    outer loop
      vertex 26.4 -24.1271 -9.56105
      vertex 25.4532 -24.0936 -9.41766
      vertex 26.4 -24.0936 -9.41766
    endloop
  endfacet
  facet normal 0 0.973778 -0.227502
    outer loop
      vertex 25.4532 -24.0936 -9.41766
      vertex 26.4 -24.1271 -9.56105
      vertex 25.4324 -24.1271 -9.56105
    endloop
  endfacet
  facet normal 0 0.973778 -0.227502
    outer loop
      vertex 32 -24.1271 -9.56105
      vertex 30 -24.0936 -9.41766
      vertex 32 -24.0936 -9.41766
    endloop
  endfacet
  facet normal 0 0.973778 -0.227502
    outer loop
      vertex 30 -24.0936 -9.41766
      vertex 32 -24.1271 -9.56105
      vertex 30 -24.1271 -9.56105
    endloop
  endfacet
  facet normal 0 0.813044 -0.582202
    outer loop
      vertex 26.4 -23.7911 -8.74997
      vertex 25.6652 -23.7054 -8.63029
      vertex 26.4 -23.7054 -8.63029
    endloop
  endfacet
  facet normal 2.10178e-05 0.813105 -0.582116
    outer loop
      vertex 25.6652 -23.7054 -8.63029
      vertex 26.4 -23.7911 -8.74997
      vertex 25.6423 -23.7558 -8.70069
    endloop
  endfacet
  facet normal 0 0.812952 -0.58233
    outer loop
      vertex 25.6423 -23.7558 -8.70069
      vertex 26.4 -23.7911 -8.74997
      vertex 25.6235 -23.7911 -8.74997
    endloop
  endfacet
  facet normal 0 0.813044 -0.582202
    outer loop
      vertex 32 -23.7911 -8.74997
      vertex 30 -23.7054 -8.63029
      vertex 32 -23.7054 -8.63029
    endloop
  endfacet
  facet normal 0 0.813044 -0.582202
    outer loop
      vertex 30 -23.7054 -8.63029
      vertex 32 -23.7911 -8.74997
      vertex 30 -23.7911 -8.74997
    endloop
  endfacet
  facet normal 0 0.77271 -0.63476
    outer loop
      vertex 32 -23.7054 -8.63029
      vertex 30 -23.6119 -8.51647
      vertex 32 -23.6119 -8.51647
    endloop
  endfacet
  facet normal 0 0.77271 -0.63476
    outer loop
      vertex 30 -23.6119 -8.51647
      vertex 32 -23.7054 -8.63029
      vertex 30 -23.7054 -8.63029
    endloop
  endfacet
  facet normal 0 0.77271 -0.63476
    outer loop
      vertex 26.4 -23.7054 -8.63029
      vertex 25.7075 -23.6119 -8.51647
      vertex 26.4 -23.6119 -8.51647
    endloop
  endfacet
  facet normal 0 0.77271 -0.63476
    outer loop
      vertex 25.7075 -23.6119 -8.51647
      vertex 26.4 -23.7054 -8.63029
      vertex 25.6652 -23.7054 -8.63029
    endloop
  endfacet
  facet normal -0 0.730151 0.683286
    outer loop
      vertex 25.7531 -23.5113 -11.591
      vertex 26.4 -23.6119 -11.4835
      vertex 26.4 -23.5113 -11.591
    endloop
  endfacet
  facet normal 0 0.730151 0.683286
    outer loop
      vertex 26.4 -23.6119 -11.4835
      vertex 25.7531 -23.5113 -11.591
      vertex 25.7075 -23.6119 -11.4835
    endloop
  endfacet
  facet normal 0 0.730151 0.683286
    outer loop
      vertex 32 -23.5113 -11.591
      vertex 30 -23.6119 -11.4835
      vertex 32 -23.6119 -11.4835
    endloop
  endfacet
  facet normal 0 0.730151 0.683286
    outer loop
      vertex 30 -23.6119 -11.4835
      vertex 32 -23.5113 -11.591
      vertex 30 -23.5113 -11.591
    endloop
  endfacet
  facet normal -0 0.772655 0.634826
    outer loop
      vertex 25.7075 -23.6119 -11.4835
      vertex 26.4 -23.7054 -11.3697
      vertex 26.4 -23.6119 -11.4835
    endloop
  endfacet
  facet normal 0 0.772655 0.634826
    outer loop
      vertex 26.4 -23.7054 -11.3697
      vertex 25.7075 -23.6119 -11.4835
      vertex 25.6652 -23.7054 -11.3697
    endloop
  endfacet
  facet normal 0 0.772655 0.634826
    outer loop
      vertex 32 -23.6119 -11.4835
      vertex 30 -23.7054 -11.3697
      vertex 32 -23.7054 -11.3697
    endloop
  endfacet
  facet normal 0 0.772655 0.634826
    outer loop
      vertex 30 -23.7054 -11.3697
      vertex 32 -23.6119 -11.4835
      vertex 30 -23.6119 -11.4835
    endloop
  endfacet
  facet normal 0 0.911028 -0.412344
    outer loop
      vertex 26.4 -23.999 -9.13896
      vertex 25.5448 -23.9383 -9.00485
      vertex 26.4 -23.9383 -9.00485
    endloop
  endfacet
  facet normal -2.73428e-05 0.910963 -0.412488
    outer loop
      vertex 25.5448 -23.9383 -9.00485
      vertex 26.4 -23.999 -9.13896
      vertex 25.5143 -23.9953 -9.13073
    endloop
  endfacet
  facet normal 0 0.912067 -0.410042
    outer loop
      vertex 25.5143 -23.9953 -9.13073
      vertex 26.4 -23.999 -9.13896
      vertex 25.512 -23.999 -9.13896
    endloop
  endfacet
  facet normal 0 0.911028 -0.412344
    outer loop
      vertex 32 -23.999 -9.13896
      vertex 30 -23.9383 -9.00485
      vertex 32 -23.9383 -9.00485
    endloop
  endfacet
  facet normal 0 0.911028 -0.412344
    outer loop
      vertex 30 -23.9383 -9.00485
      vertex 32 -23.999 -9.13896
      vertex 30 -23.999 -9.13896
    endloop
  endfacet
  facet normal 0 0.881939 -0.471364
    outer loop
      vertex 32 -23.9383 -9.00485
      vertex 30 -23.8689 -8.875
      vertex 32 -23.8689 -8.875
    endloop
  endfacet
  facet normal 0 0.881939 -0.471364
    outer loop
      vertex 30 -23.8689 -8.875
      vertex 32 -23.9383 -9.00485
      vertex 30 -23.9383 -9.00485
    endloop
  endfacet
  facet normal 0 0.881939 -0.471364
    outer loop
      vertex 26.4 -23.9383 -9.00485
      vertex 25.5819 -23.8689 -8.875
      vertex 26.4 -23.8689 -8.875
    endloop
  endfacet
  facet normal 0 0.881939 -0.471364
    outer loop
      vertex 25.5819 -23.8689 -8.875
      vertex 26.4 -23.9383 -9.00485
      vertex 25.5448 -23.9383 -9.00485
    endloop
  endfacet
  facet normal 1 -0 0
    outer loop
      vertex 26.4 -19.7135 -9.56105
      vertex 26.4 -18.2203 -13.7
      vertex 26.4 -18.2203 0
    endloop
  endfacet
  facet normal 1 0 0
    outer loop
      vertex 26.4 -18.2203 -13.7
      vertex 26.4 -19.6751 -9.85284
      vertex 26.4 -19.6703 -10
    endloop
  endfacet
  facet normal 1 0 0
    outer loop
      vertex 26.4 -18.2203 -13.7
      vertex 26.4 -19.6896 -9.70632
      vertex 26.4 -19.6751 -9.85284
    endloop
  endfacet
  facet normal 1 0 0
    outer loop
      vertex 26.4 -18.2203 -13.7
      vertex 26.4 -19.7135 -9.56105
      vertex 26.4 -19.6896 -9.70632
    endloop
  endfacet
  facet normal 1 0 0
    outer loop
      vertex 26.4 -18.2203 0
      vertex 26.4 -19.747 -9.41766
      vertex 26.4 -19.7135 -9.56105
    endloop
  endfacet
  facet normal 1 0 0
    outer loop
      vertex 26.4 -18.2203 0
      vertex 26.4 -19.7897 -9.27676
      vertex 26.4 -19.747 -9.41766
    endloop
  endfacet
  facet normal 1 0 0
    outer loop
      vertex 26.4 -18.2203 0
      vertex 26.4 -19.8416 -9.13896
      vertex 26.4 -19.7897 -9.27676
    endloop
  endfacet
  facet normal 1 0 0
    outer loop
      vertex 26.4 -18.2203 0
      vertex 26.4 -19.9023 -9.00485
      vertex 26.4 -19.8416 -9.13896
    endloop
  endfacet
  facet normal 1 0 0
    outer loop
      vertex 26.4 -18.2203 0
      vertex 26.4 -19.9718 -8.875
      vertex 26.4 -19.9023 -9.00485
    endloop
  endfacet
  facet normal 1 0 0
    outer loop
      vertex 26.4 -18.2203 0
      vertex 26.4 -20.0495 -8.74997
      vertex 26.4 -19.9718 -8.875
    endloop
  endfacet
  facet normal 1 0 0
    outer loop
      vertex 26.4 -18.2203 0
      vertex 26.4 -20.1353 -8.63029
      vertex 26.4 -20.0495 -8.74997
    endloop
  endfacet
  facet normal 1 0 0
    outer loop
      vertex 26.4 -18.2203 0
      vertex 26.4 -20.2287 -8.51647
      vertex 26.4 -20.1353 -8.63029
    endloop
  endfacet
  facet normal 1 0 0
    outer loop
      vertex 26.4 -18.2203 0
      vertex 26.4 -20.3293 -8.40901
      vertex 26.4 -20.2287 -8.51647
    endloop
  endfacet
  facet normal 1 0 0
    outer loop
      vertex 26.4 -18.2203 0
      vertex 26.4 -20.4368 -8.30836
      vertex 26.4 -20.3293 -8.40901
    endloop
  endfacet
  facet normal 1 0 0
    outer loop
      vertex 26.4 -18.2203 0
      vertex 26.4 -20.5506 -8.21495
      vertex 26.4 -20.4368 -8.30836
    endloop
  endfacet
  facet normal 1 0 0
    outer loop
      vertex 26.4 -18.2203 0
      vertex 26.4 -20.6703 -8.12919
      vertex 26.4 -20.5506 -8.21495
    endloop
  endfacet
  facet normal 1 0 0
    outer loop
      vertex 26.4 -18.2203 0
      vertex 26.4 -20.7953 -8.05144
      vertex 26.4 -20.6703 -8.12919
    endloop
  endfacet
  facet normal 1 0 0
    outer loop
      vertex 26.4 -18.2203 0
      vertex 26.4 -20.9252 -7.98204
      vertex 26.4 -20.7953 -8.05144
    endloop
  endfacet
  facet normal 1 0 0
    outer loop
      vertex 26.4 -18.2203 0
      vertex 26.4 -21.0593 -7.92127
      vertex 26.4 -20.9252 -7.98204
    endloop
  endfacet
  facet normal 1 0 0
    outer loop
      vertex 26.4 -18.2203 0
      vertex 26.4 -21.1971 -7.86941
      vertex 26.4 -21.0593 -7.92127
    endloop
  endfacet
  facet normal 1 0 0
    outer loop
      vertex 26.4 -18.2203 0
      vertex 26.4 -21.338 -7.82667
      vertex 26.4 -21.1971 -7.86941
    endloop
  endfacet
  facet normal 1 0 0
    outer loop
      vertex 26.4 -18.2203 0
      vertex 26.4 -21.4814 -7.79323
      vertex 26.4 -21.338 -7.82667
    endloop
  endfacet
  facet normal 1 0 0
    outer loop
      vertex 26.4 -18.2203 0
      vertex 26.4 -21.6266 -7.76925
      vertex 26.4 -21.4814 -7.79323
    endloop
  endfacet
  facet normal 1 0 0
    outer loop
      vertex 26.4 -18.2203 0
      vertex 26.4 -21.7732 -7.75482
      vertex 26.4 -21.6266 -7.76925
    endloop
  endfacet
  facet normal 1 0 0
    outer loop
      vertex 26.4 -18.2203 0
      vertex 26.4 -21.9203 -7.75
      vertex 26.4 -21.7732 -7.75482
    endloop
  endfacet
  facet normal 1 -0 0
    outer loop
      vertex 26.4 -25.6203 0
      vertex 26.4 -21.9203 -7.75
      vertex 26.4 -18.2203 0
    endloop
  endfacet
  facet normal 1 0 0
    outer loop
      vertex 26.4 -21.9203 -7.75
      vertex 26.4 -25.6203 0
      vertex 26.4 -22.0675 -7.75482
    endloop
  endfacet
  facet normal 1 0 0
    outer loop
      vertex 26.4 -22.0675 -7.75482
      vertex 26.4 -25.6203 0
      vertex 26.4 -22.214 -7.76925
    endloop
  endfacet
  facet normal 1 0 0
    outer loop
      vertex 26.4 -22.214 -7.76925
      vertex 26.4 -25.6203 0
      vertex 26.4 -22.3593 -7.79323
    endloop
  endfacet
  facet normal 1 0 0
    outer loop
      vertex 26.4 -22.3593 -7.79323
      vertex 26.4 -25.6203 0
      vertex 26.4 -22.5027 -7.82667
    endloop
  endfacet
  facet normal 1 0 0
    outer loop
      vertex 26.4 -22.5027 -7.82667
      vertex 26.4 -25.6203 0
      vertex 26.4 -22.6435 -7.86941
    endloop
  endfacet
  facet normal 1 0 0
    outer loop
      vertex 26.4 -22.6435 -7.86941
      vertex 26.4 -25.6203 0
      vertex 26.4 -22.7813 -7.92127
    endloop
  endfacet
  facet normal 1 0 0
    outer loop
      vertex 26.4 -22.7813 -7.92127
      vertex 26.4 -25.6203 0
      vertex 26.4 -22.9155 -7.98204
    endloop
  endfacet
  facet normal 1 0 0
    outer loop
      vertex 26.4 -22.9155 -7.98204
      vertex 26.4 -25.6203 0
      vertex 26.4 -23.0453 -8.05144
    endloop
  endfacet
  facet normal 1 0 0
    outer loop
      vertex 26.4 -23.0453 -8.05144
      vertex 26.4 -25.6203 0
      vertex 26.4 -23.1703 -8.12919
    endloop
  endfacet
  facet normal 1 0 0
    outer loop
      vertex 26.4 -23.1703 -8.12919
      vertex 26.4 -25.6203 0
      vertex 26.4 -23.29 -8.21495
    endloop
  endfacet
  facet normal 1 0 0
    outer loop
      vertex 26.4 -23.29 -8.21495
      vertex 26.4 -25.6203 0
      vertex 26.4 -23.4038 -8.30836
    endloop
  endfacet
  facet normal 1 0 0
    outer loop
      vertex 26.4 -23.4038 -8.30836
      vertex 26.4 -25.6203 0
      vertex 26.4 -23.5113 -8.40901
    endloop
  endfacet
  facet normal 1 0 0
    outer loop
      vertex 26.4 -23.5113 -8.40901
      vertex 26.4 -25.6203 0
      vertex 26.4 -23.6119 -8.51647
    endloop
  endfacet
  facet normal 1 0 0
    outer loop
      vertex 26.4 -23.6119 -8.51647
      vertex 26.4 -25.6203 0
      vertex 26.4 -23.7054 -8.63029
    endloop
  endfacet
  facet normal 1 0 0
    outer loop
      vertex 26.4 -24.1511 -9.70632
      vertex 26.4 -25.6203 -13.7
      vertex 26.4 -24.1655 -9.85284
    endloop
  endfacet
  facet normal 1 0 0
    outer loop
      vertex 26.4 -24.1271 -9.56105
      vertex 26.4 -25.6203 -13.7
      vertex 26.4 -24.1511 -9.70632
    endloop
  endfacet
  facet normal 1 0 0
    outer loop
      vertex 26.4 -25.6203 -13.7
      vertex 26.4 -24.1271 -9.56105
      vertex 26.4 -25.6203 0
    endloop
  endfacet
  facet normal 1 0 0
    outer loop
      vertex 26.4 -24.0936 -9.41766
      vertex 26.4 -25.6203 0
      vertex 26.4 -24.1271 -9.56105
    endloop
  endfacet
  facet normal 1 0 0
    outer loop
      vertex 26.4 -24.0509 -9.27676
      vertex 26.4 -25.6203 0
      vertex 26.4 -24.0936 -9.41766
    endloop
  endfacet
  facet normal 1 0 0
    outer loop
      vertex 26.4 -23.999 -9.13896
      vertex 26.4 -25.6203 0
      vertex 26.4 -24.0509 -9.27676
    endloop
  endfacet
  facet normal 1 0 0
    outer loop
      vertex 26.4 -23.9383 -9.00485
      vertex 26.4 -25.6203 0
      vertex 26.4 -23.999 -9.13896
    endloop
  endfacet
  facet normal 1 0 0
    outer loop
      vertex 26.4 -23.8689 -8.875
      vertex 26.4 -25.6203 0
      vertex 26.4 -23.9383 -9.00485
    endloop
  endfacet
  facet normal 1 0 0
    outer loop
      vertex 26.4 -23.7911 -8.74997
      vertex 26.4 -25.6203 0
      vertex 26.4 -23.8689 -8.875
    endloop
  endfacet
  facet normal 1 0 0
    outer loop
      vertex 26.4 -23.7054 -8.63029
      vertex 26.4 -25.6203 0
      vertex 26.4 -23.7911 -8.74997
    endloop
  endfacet
  facet normal 1 -0 0
    outer loop
      vertex 26.4 -19.6751 -10.1472
      vertex 26.4 -18.2203 -13.7
      vertex 26.4 -19.6703 -10
    endloop
  endfacet
  facet normal 1 -0 0
    outer loop
      vertex 26.4 -19.6896 -10.2937
      vertex 26.4 -18.2203 -13.7
      vertex 26.4 -19.6751 -10.1472
    endloop
  endfacet
  facet normal 1 -0 0
    outer loop
      vertex 26.4 -19.7135 -10.439
      vertex 26.4 -18.2203 -13.7
      vertex 26.4 -19.6896 -10.2937
    endloop
  endfacet
  facet normal 1 -0 0
    outer loop
      vertex 26.4 -19.747 -10.5823
      vertex 26.4 -18.2203 -13.7
      vertex 26.4 -19.7135 -10.439
    endloop
  endfacet
  facet normal 1 -0 0
    outer loop
      vertex 26.4 -19.7897 -10.7232
      vertex 26.4 -18.2203 -13.7
      vertex 26.4 -19.747 -10.5823
    endloop
  endfacet
  facet normal 1 -0 0
    outer loop
      vertex 26.4 -19.8416 -10.861
      vertex 26.4 -18.2203 -13.7
      vertex 26.4 -19.7897 -10.7232
    endloop
  endfacet
  facet normal 1 -0 0
    outer loop
      vertex 26.4 -19.9023 -10.9951
      vertex 26.4 -18.2203 -13.7
      vertex 26.4 -19.8416 -10.861
    endloop
  endfacet
  facet normal 1 -0 0
    outer loop
      vertex 26.4 -19.9718 -11.125
      vertex 26.4 -18.2203 -13.7
      vertex 26.4 -19.9023 -10.9951
    endloop
  endfacet
  facet normal 1 -0 0
    outer loop
      vertex 26.4 -20.0495 -11.25
      vertex 26.4 -18.2203 -13.7
      vertex 26.4 -19.9718 -11.125
    endloop
  endfacet
  facet normal 1 -0 0
    outer loop
      vertex 26.4 -20.1353 -11.3697
      vertex 26.4 -18.2203 -13.7
      vertex 26.4 -20.0495 -11.25
    endloop
  endfacet
  facet normal 1 -0 0
    outer loop
      vertex 26.4 -20.2287 -11.4835
      vertex 26.4 -18.2203 -13.7
      vertex 26.4 -20.1353 -11.3697
    endloop
  endfacet
  facet normal 1 -0 0
    outer loop
      vertex 26.4 -20.3293 -11.591
      vertex 26.4 -18.2203 -13.7
      vertex 26.4 -20.2287 -11.4835
    endloop
  endfacet
  facet normal 1 -0 0
    outer loop
      vertex 26.4 -20.4368 -11.6916
      vertex 26.4 -18.2203 -13.7
      vertex 26.4 -20.3293 -11.591
    endloop
  endfacet
  facet normal 1 -0 0
    outer loop
      vertex 26.4 -20.5506 -11.785
      vertex 26.4 -18.2203 -13.7
      vertex 26.4 -20.4368 -11.6916
    endloop
  endfacet
  facet normal 1 -0 0
    outer loop
      vertex 26.4 -20.6703 -11.8708
      vertex 26.4 -18.2203 -13.7
      vertex 26.4 -20.5506 -11.785
    endloop
  endfacet
  facet normal 1 -0 0
    outer loop
      vertex 26.4 -20.7953 -11.9486
      vertex 26.4 -18.2203 -13.7
      vertex 26.4 -20.6703 -11.8708
    endloop
  endfacet
  facet normal 1 -0 0
    outer loop
      vertex 26.4 -20.9252 -12.018
      vertex 26.4 -18.2203 -13.7
      vertex 26.4 -20.7953 -11.9486
    endloop
  endfacet
  facet normal 1 -0 0
    outer loop
      vertex 26.4 -21.0593 -12.0787
      vertex 26.4 -18.2203 -13.7
      vertex 26.4 -20.9252 -12.018
    endloop
  endfacet
  facet normal 1 -0 0
    outer loop
      vertex 26.4 -21.1971 -12.1306
      vertex 26.4 -18.2203 -13.7
      vertex 26.4 -21.0593 -12.0787
    endloop
  endfacet
  facet normal 1 -0 0
    outer loop
      vertex 26.4 -21.338 -12.1733
      vertex 26.4 -18.2203 -13.7
      vertex 26.4 -21.1971 -12.1306
    endloop
  endfacet
  facet normal 1 -0 0
    outer loop
      vertex 26.4 -21.4814 -12.2068
      vertex 26.4 -18.2203 -13.7
      vertex 26.4 -21.338 -12.1733
    endloop
  endfacet
  facet normal 1 -0 0
    outer loop
      vertex 26.4 -21.6266 -12.2308
      vertex 26.4 -18.2203 -13.7
      vertex 26.4 -21.4814 -12.2068
    endloop
  endfacet
  facet normal 1 -0 0
    outer loop
      vertex 26.4 -21.7732 -12.2452
      vertex 26.4 -18.2203 -13.7
      vertex 26.4 -21.6266 -12.2308
    endloop
  endfacet
  facet normal 1 -0 0
    outer loop
      vertex 26.4 -21.9203 -12.25
      vertex 26.4 -18.2203 -13.7
      vertex 26.4 -21.7732 -12.2452
    endloop
  endfacet
  facet normal 1 0 0
    outer loop
      vertex 26.4 -25.6203 -13.7
      vertex 26.4 -21.9203 -12.25
      vertex 26.4 -22.0675 -12.2452
    endloop
  endfacet
  facet normal 1 0 0
    outer loop
      vertex 26.4 -25.6203 -13.7
      vertex 26.4 -22.0675 -12.2452
      vertex 26.4 -22.214 -12.2308
    endloop
  endfacet
  facet normal 1 0 0
    outer loop
      vertex 26.4 -25.6203 -13.7
      vertex 26.4 -22.214 -12.2308
      vertex 26.4 -22.3593 -12.2068
    endloop
  endfacet
  facet normal 1 0 0
    outer loop
      vertex 26.4 -25.6203 -13.7
      vertex 26.4 -22.3593 -12.2068
      vertex 26.4 -22.5027 -12.1733
    endloop
  endfacet
  facet normal 1 0 0
    outer loop
      vertex 26.4 -25.6203 -13.7
      vertex 26.4 -22.5027 -12.1733
      vertex 26.4 -22.6435 -12.1306
    endloop
  endfacet
  facet normal 1 0 0
    outer loop
      vertex 26.4 -24.1655 -9.85284
      vertex 26.4 -25.6203 -13.7
      vertex 26.4 -24.1703 -10
    endloop
  endfacet
  facet normal 1 0 0
    outer loop
      vertex 26.4 -24.1703 -10
      vertex 26.4 -25.6203 -13.7
      vertex 26.4 -24.1655 -10.1472
    endloop
  endfacet
  facet normal 1 0 0
    outer loop
      vertex 26.4 -21.9203 -12.25
      vertex 26.4 -25.6203 -13.7
      vertex 26.4 -18.2203 -13.7
    endloop
  endfacet
  facet normal 1 0 0
    outer loop
      vertex 26.4 -22.7813 -12.0787
      vertex 26.4 -25.6203 -13.7
      vertex 26.4 -22.6435 -12.1306
    endloop
  endfacet
  facet normal 1 0 0
    outer loop
      vertex 26.4 -22.9155 -12.018
      vertex 26.4 -25.6203 -13.7
      vertex 26.4 -22.7813 -12.0787
    endloop
  endfacet
  facet normal 1 0 0
    outer loop
      vertex 26.4 -23.0453 -11.9486
      vertex 26.4 -25.6203 -13.7
      vertex 26.4 -22.9155 -12.018
    endloop
  endfacet
  facet normal 1 0 0
    outer loop
      vertex 26.4 -23.1703 -11.8708
      vertex 26.4 -25.6203 -13.7
      vertex 26.4 -23.0453 -11.9486
    endloop
  endfacet
  facet normal 1 0 0
    outer loop
      vertex 26.4 -23.29 -11.785
      vertex 26.4 -25.6203 -13.7
      vertex 26.4 -23.1703 -11.8708
    endloop
  endfacet
  facet normal 1 0 0
    outer loop
      vertex 26.4 -23.4038 -11.6916
      vertex 26.4 -25.6203 -13.7
      vertex 26.4 -23.29 -11.785
    endloop
  endfacet
  facet normal 1 0 0
    outer loop
      vertex 26.4 -23.5113 -11.591
      vertex 26.4 -25.6203 -13.7
      vertex 26.4 -23.4038 -11.6916
    endloop
  endfacet
  facet normal 1 0 0
    outer loop
      vertex 26.4 -23.6119 -11.4835
      vertex 26.4 -25.6203 -13.7
      vertex 26.4 -23.5113 -11.591
    endloop
  endfacet
  facet normal 1 0 0
    outer loop
      vertex 26.4 -23.7054 -11.3697
      vertex 26.4 -25.6203 -13.7
      vertex 26.4 -23.6119 -11.4835
    endloop
  endfacet
  facet normal 1 0 0
    outer loop
      vertex 26.4 -23.7911 -11.25
      vertex 26.4 -25.6203 -13.7
      vertex 26.4 -23.7054 -11.3697
    endloop
  endfacet
  facet normal 1 0 0
    outer loop
      vertex 26.4 -23.8689 -11.125
      vertex 26.4 -25.6203 -13.7
      vertex 26.4 -23.7911 -11.25
    endloop
  endfacet
  facet normal 1 0 0
    outer loop
      vertex 26.4 -23.9383 -10.9951
      vertex 26.4 -25.6203 -13.7
      vertex 26.4 -23.8689 -11.125
    endloop
  endfacet
  facet normal 1 0 0
    outer loop
      vertex 26.4 -23.999 -10.861
      vertex 26.4 -25.6203 -13.7
      vertex 26.4 -23.9383 -10.9951
    endloop
  endfacet
  facet normal 1 0 0
    outer loop
      vertex 26.4 -24.0509 -10.7232
      vertex 26.4 -25.6203 -13.7
      vertex 26.4 -23.999 -10.861
    endloop
  endfacet
  facet normal 1 0 0
    outer loop
      vertex 26.4 -24.0936 -10.5823
      vertex 26.4 -25.6203 -13.7
      vertex 26.4 -24.0509 -10.7232
    endloop
  endfacet
  facet normal 1 0 0
    outer loop
      vertex 26.4 -24.1271 -10.439
      vertex 26.4 -25.6203 -13.7
      vertex 26.4 -24.0936 -10.5823
    endloop
  endfacet
  facet normal 1 0 0
    outer loop
      vertex 26.4 -24.1511 -10.2937
      vertex 26.4 -25.6203 -13.7
      vertex 26.4 -24.1271 -10.439
    endloop
  endfacet
  facet normal 1 0 0
    outer loop
      vertex 26.4 -24.1655 -10.1472
      vertex 26.4 -25.6203 -13.7
      vertex 26.4 -24.1511 -10.2937
    endloop
  endfacet
  facet normal -1 0 0
    outer loop
      vertex 30 -19.6751 -9.85284
      vertex 30 -18.2203 -13.7
      vertex 30 -19.6703 -10
    endloop
  endfacet
  facet normal -1 0 0
    outer loop
      vertex 30 -18.2203 -13.7
      vertex 30 -19.6751 -10.1472
      vertex 30 -19.6703 -10
    endloop
  endfacet
  facet normal -1 0 0
    outer loop
      vertex 30 -18.2203 -13.7
      vertex 30 -19.6896 -10.2937
      vertex 30 -19.6751 -10.1472
    endloop
  endfacet
  facet normal -1 0 0
    outer loop
      vertex 30 -18.2203 -13.7
      vertex 30 -19.7135 -10.439
      vertex 30 -19.6896 -10.2937
    endloop
  endfacet
  facet normal -1 0 0
    outer loop
      vertex 30 -18.2203 -13.7
      vertex 30 -19.747 -10.5823
      vertex 30 -19.7135 -10.439
    endloop
  endfacet
  facet normal -1 0 0
    outer loop
      vertex 30 -18.2203 -13.7
      vertex 30 -19.7897 -10.7232
      vertex 30 -19.747 -10.5823
    endloop
  endfacet
  facet normal -1 0 0
    outer loop
      vertex 30 -18.2203 -13.7
      vertex 30 -19.8416 -10.861
      vertex 30 -19.7897 -10.7232
    endloop
  endfacet
  facet normal -1 0 0
    outer loop
      vertex 30 -18.2203 -13.7
      vertex 30 -19.9023 -10.9951
      vertex 30 -19.8416 -10.861
    endloop
  endfacet
  facet normal -1 0 0
    outer loop
      vertex 30 -18.2203 -13.7
      vertex 30 -19.9718 -11.125
      vertex 30 -19.9023 -10.9951
    endloop
  endfacet
  facet normal -1 0 0
    outer loop
      vertex 30 -18.2203 -13.7
      vertex 30 -20.0495 -11.25
      vertex 30 -19.9718 -11.125
    endloop
  endfacet
  facet normal -1 0 0
    outer loop
      vertex 30 -18.2203 -13.7
      vertex 30 -20.1353 -11.3697
      vertex 30 -20.0495 -11.25
    endloop
  endfacet
  facet normal -1 0 0
    outer loop
      vertex 30 -18.2203 -13.7
      vertex 30 -20.2287 -11.4835
      vertex 30 -20.1353 -11.3697
    endloop
  endfacet
  facet normal -1 0 0
    outer loop
      vertex 30 -18.2203 -13.7
      vertex 30 -20.3293 -11.591
      vertex 30 -20.2287 -11.4835
    endloop
  endfacet
  facet normal -1 0 0
    outer loop
      vertex 30 -18.2203 -13.7
      vertex 30 -20.4368 -11.6916
      vertex 30 -20.3293 -11.591
    endloop
  endfacet
  facet normal -1 0 0
    outer loop
      vertex 30 -18.2203 -13.7
      vertex 30 -20.5506 -11.785
      vertex 30 -20.4368 -11.6916
    endloop
  endfacet
  facet normal -1 0 0
    outer loop
      vertex 30 -18.2203 -13.7
      vertex 30 -20.6703 -11.8708
      vertex 30 -20.5506 -11.785
    endloop
  endfacet
  facet normal -1 0 0
    outer loop
      vertex 30 -18.2203 -13.7
      vertex 30 -20.7953 -11.9486
      vertex 30 -20.6703 -11.8708
    endloop
  endfacet
  facet normal -1 0 0
    outer loop
      vertex 30 -18.2203 -13.7
      vertex 30 -20.9252 -12.018
      vertex 30 -20.7953 -11.9486
    endloop
  endfacet
  facet normal -1 0 0
    outer loop
      vertex 30 -18.2203 -13.7
      vertex 30 -21.0593 -12.0787
      vertex 30 -20.9252 -12.018
    endloop
  endfacet
  facet normal -1 0 0
    outer loop
      vertex 30 -18.2203 -13.7
      vertex 30 -21.1971 -12.1306
      vertex 30 -21.0593 -12.0787
    endloop
  endfacet
  facet normal -1 0 0
    outer loop
      vertex 30 -18.2203 -13.7
      vertex 30 -21.338 -12.1733
      vertex 30 -21.1971 -12.1306
    endloop
  endfacet
  facet normal -1 0 0
    outer loop
      vertex 30 -18.2203 -13.7
      vertex 30 -21.4814 -12.2068
      vertex 30 -21.338 -12.1733
    endloop
  endfacet
  facet normal -1 0 0
    outer loop
      vertex 30 -18.2203 -13.7
      vertex 30 -21.6266 -12.2308
      vertex 30 -21.4814 -12.2068
    endloop
  endfacet
  facet normal -1 0 0
    outer loop
      vertex 30 -18.2203 -13.7
      vertex 30 -21.7732 -12.2452
      vertex 30 -21.6266 -12.2308
    endloop
  endfacet
  facet normal -1 0 0
    outer loop
      vertex 30 -18.2203 -13.7
      vertex 30 -21.9203 -12.25
      vertex 30 -21.7732 -12.2452
    endloop
  endfacet
  facet normal -1 0 0
    outer loop
      vertex 30 -25.6203 -13.7
      vertex 30 -21.9203 -12.25
      vertex 30 -18.2203 -13.7
    endloop
  endfacet
  facet normal -1 -0 0
    outer loop
      vertex 30 -21.9203 -12.25
      vertex 30 -25.6203 -13.7
      vertex 30 -22.0675 -12.2452
    endloop
  endfacet
  facet normal -1 -0 0
    outer loop
      vertex 30 -22.0675 -12.2452
      vertex 30 -25.6203 -13.7
      vertex 30 -22.214 -12.2308
    endloop
  endfacet
  facet normal -1 -0 0
    outer loop
      vertex 30 -22.214 -12.2308
      vertex 30 -25.6203 -13.7
      vertex 30 -22.3593 -12.2068
    endloop
  endfacet
  facet normal -1 -0 0
    outer loop
      vertex 30 -22.3593 -12.2068
      vertex 30 -25.6203 -13.7
      vertex 30 -22.5027 -12.1733
    endloop
  endfacet
  facet normal -1 -0 0
    outer loop
      vertex 30 -24.1655 -10.1472
      vertex 30 -25.6203 -13.7
      vertex 30 -24.1703 -10
    endloop
  endfacet
  facet normal -1 -0 0
    outer loop
      vertex 30 -24.1511 -10.2937
      vertex 30 -25.6203 -13.7
      vertex 30 -24.1655 -10.1472
    endloop
  endfacet
  facet normal -1 -0 0
    outer loop
      vertex 30 -24.1271 -10.439
      vertex 30 -25.6203 -13.7
      vertex 30 -24.1511 -10.2937
    endloop
  endfacet
  facet normal -1 -0 0
    outer loop
      vertex 30 -24.0936 -10.5823
      vertex 30 -25.6203 -13.7
      vertex 30 -24.1271 -10.439
    endloop
  endfacet
  facet normal -1 -0 0
    outer loop
      vertex 30 -24.0509 -10.7232
      vertex 30 -25.6203 -13.7
      vertex 30 -24.0936 -10.5823
    endloop
  endfacet
  facet normal -1 -0 0
    outer loop
      vertex 30 -23.999 -10.861
      vertex 30 -25.6203 -13.7
      vertex 30 -24.0509 -10.7232
    endloop
  endfacet
  facet normal -1 -0 0
    outer loop
      vertex 30 -23.9383 -10.9951
      vertex 30 -25.6203 -13.7
      vertex 30 -23.999 -10.861
    endloop
  endfacet
  facet normal -1 -0 0
    outer loop
      vertex 30 -23.8689 -11.125
      vertex 30 -25.6203 -13.7
      vertex 30 -23.9383 -10.9951
    endloop
  endfacet
  facet normal -1 -0 0
    outer loop
      vertex 30 -23.7911 -11.25
      vertex 30 -25.6203 -13.7
      vertex 30 -23.8689 -11.125
    endloop
  endfacet
  facet normal -1 -0 0
    outer loop
      vertex 30 -23.7054 -11.3697
      vertex 30 -25.6203 -13.7
      vertex 30 -23.7911 -11.25
    endloop
  endfacet
  facet normal -1 -0 0
    outer loop
      vertex 30 -23.6119 -11.4835
      vertex 30 -25.6203 -13.7
      vertex 30 -23.7054 -11.3697
    endloop
  endfacet
  facet normal -1 -0 0
    outer loop
      vertex 30 -23.5113 -11.591
      vertex 30 -25.6203 -13.7
      vertex 30 -23.6119 -11.4835
    endloop
  endfacet
  facet normal -1 -0 0
    outer loop
      vertex 30 -23.4038 -11.6916
      vertex 30 -25.6203 -13.7
      vertex 30 -23.5113 -11.591
    endloop
  endfacet
  facet normal -1 -0 0
    outer loop
      vertex 30 -23.29 -11.785
      vertex 30 -25.6203 -13.7
      vertex 30 -23.4038 -11.6916
    endloop
  endfacet
  facet normal -1 -0 0
    outer loop
      vertex 30 -23.1703 -11.8708
      vertex 30 -25.6203 -13.7
      vertex 30 -23.29 -11.785
    endloop
  endfacet
  facet normal -1 -0 0
    outer loop
      vertex 30 -23.0453 -11.9486
      vertex 30 -25.6203 -13.7
      vertex 30 -23.1703 -11.8708
    endloop
  endfacet
  facet normal -1 -0 0
    outer loop
      vertex 30 -22.9155 -12.018
      vertex 30 -25.6203 -13.7
      vertex 30 -23.0453 -11.9486
    endloop
  endfacet
  facet normal -1 -0 0
    outer loop
      vertex 30 -22.7813 -12.0787
      vertex 30 -25.6203 -13.7
      vertex 30 -22.9155 -12.018
    endloop
  endfacet
  facet normal -1 -0 0
    outer loop
      vertex 30 -22.6435 -12.1306
      vertex 30 -25.6203 -13.7
      vertex 30 -22.7813 -12.0787
    endloop
  endfacet
  facet normal -1 -0 0
    outer loop
      vertex 30 -22.5027 -12.1733
      vertex 30 -25.6203 -13.7
      vertex 30 -22.6435 -12.1306
    endloop
  endfacet
  facet normal -1 0 0
    outer loop
      vertex 30 -19.6896 -9.70632
      vertex 30 -18.2203 -13.7
      vertex 30 -19.6751 -9.85284
    endloop
  endfacet
  facet normal -1 0 0
    outer loop
      vertex 30 -19.7135 -9.56105
      vertex 30 -18.2203 -13.7
      vertex 30 -19.6896 -9.70632
    endloop
  endfacet
  facet normal -1 0 0
    outer loop
      vertex 30 -18.2203 -13.7
      vertex 30 -19.7135 -9.56105
      vertex 30 -18.2203 0
    endloop
  endfacet
  facet normal -1 0 0
    outer loop
      vertex 30 -19.747 -9.41766
      vertex 30 -18.2203 0
      vertex 30 -19.7135 -9.56105
    endloop
  endfacet
  facet normal -1 0 0
    outer loop
      vertex 30 -19.7897 -9.27676
      vertex 30 -18.2203 0
      vertex 30 -19.747 -9.41766
    endloop
  endfacet
  facet normal -1 0 0
    outer loop
      vertex 30 -19.8416 -9.13896
      vertex 30 -18.2203 0
      vertex 30 -19.7897 -9.27676
    endloop
  endfacet
  facet normal -1 0 0
    outer loop
      vertex 30 -19.9023 -9.00485
      vertex 30 -18.2203 0
      vertex 30 -19.8416 -9.13896
    endloop
  endfacet
  facet normal -1 0 0
    outer loop
      vertex 30 -19.9718 -8.875
      vertex 30 -18.2203 0
      vertex 30 -19.9023 -9.00485
    endloop
  endfacet
  facet normal -1 0 0
    outer loop
      vertex 30 -20.0495 -8.74997
      vertex 30 -18.2203 0
      vertex 30 -19.9718 -8.875
    endloop
  endfacet
  facet normal -1 0 0
    outer loop
      vertex 30 -20.1353 -8.63029
      vertex 30 -18.2203 0
      vertex 30 -20.0495 -8.74997
    endloop
  endfacet
  facet normal -1 0 0
    outer loop
      vertex 30 -20.2287 -8.51647
      vertex 30 -18.2203 0
      vertex 30 -20.1353 -8.63029
    endloop
  endfacet
  facet normal -1 0 0
    outer loop
      vertex 30 -20.3293 -8.40901
      vertex 30 -18.2203 0
      vertex 30 -20.2287 -8.51647
    endloop
  endfacet
  facet normal -1 0 0
    outer loop
      vertex 30 -20.4368 -8.30836
      vertex 30 -18.2203 0
      vertex 30 -20.3293 -8.40901
    endloop
  endfacet
  facet normal -1 0 0
    outer loop
      vertex 30 -20.5506 -8.21495
      vertex 30 -18.2203 0
      vertex 30 -20.4368 -8.30836
    endloop
  endfacet
  facet normal -1 0 0
    outer loop
      vertex 30 -20.6703 -8.12919
      vertex 30 -18.2203 0
      vertex 30 -20.5506 -8.21495
    endloop
  endfacet
  facet normal -1 0 0
    outer loop
      vertex 30 -20.7953 -8.05144
      vertex 30 -18.2203 0
      vertex 30 -20.6703 -8.12919
    endloop
  endfacet
  facet normal -1 0 0
    outer loop
      vertex 30 -20.9252 -7.98204
      vertex 30 -18.2203 0
      vertex 30 -20.7953 -8.05144
    endloop
  endfacet
  facet normal -1 0 0
    outer loop
      vertex 30 -21.0593 -7.92127
      vertex 30 -18.2203 0
      vertex 30 -20.9252 -7.98204
    endloop
  endfacet
  facet normal -1 0 0
    outer loop
      vertex 30 -21.1971 -7.86941
      vertex 30 -18.2203 0
      vertex 30 -21.0593 -7.92127
    endloop
  endfacet
  facet normal -1 0 0
    outer loop
      vertex 30 -21.338 -7.82667
      vertex 30 -18.2203 0
      vertex 30 -21.1971 -7.86941
    endloop
  endfacet
  facet normal -1 0 0
    outer loop
      vertex 30 -21.4814 -7.79323
      vertex 30 -18.2203 0
      vertex 30 -21.338 -7.82667
    endloop
  endfacet
  facet normal -1 0 0
    outer loop
      vertex 30 -21.6266 -7.76925
      vertex 30 -18.2203 0
      vertex 30 -21.4814 -7.79323
    endloop
  endfacet
  facet normal -1 0 0
    outer loop
      vertex 30 -21.7732 -7.75482
      vertex 30 -18.2203 0
      vertex 30 -21.6266 -7.76925
    endloop
  endfacet
  facet normal -1 0 0
    outer loop
      vertex 30 -21.9203 -7.75
      vertex 30 -18.2203 0
      vertex 30 -21.7732 -7.75482
    endloop
  endfacet
  facet normal -1 0 0
    outer loop
      vertex 30 -25.6203 0
      vertex 30 -21.9203 -7.75
      vertex 30 -22.0675 -7.75482
    endloop
  endfacet
  facet normal -1 0 0
    outer loop
      vertex 30 -25.6203 0
      vertex 30 -22.0675 -7.75482
      vertex 30 -22.214 -7.76925
    endloop
  endfacet
  facet normal -1 0 0
    outer loop
      vertex 30 -25.6203 0
      vertex 30 -22.214 -7.76925
      vertex 30 -22.3593 -7.79323
    endloop
  endfacet
  facet normal -1 0 0
    outer loop
      vertex 30 -25.6203 0
      vertex 30 -22.3593 -7.79323
      vertex 30 -22.5027 -7.82667
    endloop
  endfacet
  facet normal -1 0 0
    outer loop
      vertex 30 -25.6203 0
      vertex 30 -22.5027 -7.82667
      vertex 30 -22.6435 -7.86941
    endloop
  endfacet
  facet normal -1 0 0
    outer loop
      vertex 30 -25.6203 0
      vertex 30 -22.6435 -7.86941
      vertex 30 -22.7813 -7.92127
    endloop
  endfacet
  facet normal -1 0 0
    outer loop
      vertex 30 -25.6203 0
      vertex 30 -22.7813 -7.92127
      vertex 30 -22.9155 -7.98204
    endloop
  endfacet
  facet normal -1 0 0
    outer loop
      vertex 30 -25.6203 0
      vertex 30 -22.9155 -7.98204
      vertex 30 -23.0453 -8.05144
    endloop
  endfacet
  facet normal -1 0 0
    outer loop
      vertex 30 -25.6203 0
      vertex 30 -23.0453 -8.05144
      vertex 30 -23.1703 -8.12919
    endloop
  endfacet
  facet normal -1 0 0
    outer loop
      vertex 30 -25.6203 0
      vertex 30 -23.1703 -8.12919
      vertex 30 -23.29 -8.21495
    endloop
  endfacet
  facet normal -1 0 0
    outer loop
      vertex 30 -25.6203 0
      vertex 30 -23.29 -8.21495
      vertex 30 -23.4038 -8.30836
    endloop
  endfacet
  facet normal -1 0 0
    outer loop
      vertex 30 -25.6203 0
      vertex 30 -23.4038 -8.30836
      vertex 30 -23.5113 -8.40901
    endloop
  endfacet
  facet normal -1 0 0
    outer loop
      vertex 30 -25.6203 0
      vertex 30 -23.5113 -8.40901
      vertex 30 -23.6119 -8.51647
    endloop
  endfacet
  facet normal -1 0 0
    outer loop
      vertex 30 -25.6203 0
      vertex 30 -23.6119 -8.51647
      vertex 30 -23.7054 -8.63029
    endloop
  endfacet
  facet normal -1 0 0
    outer loop
      vertex 30 -25.6203 0
      vertex 30 -23.7054 -8.63029
      vertex 30 -23.7911 -8.74997
    endloop
  endfacet
  facet normal -1 0 0
    outer loop
      vertex 30 -25.6203 -13.7
      vertex 30 -24.1655 -9.85284
      vertex 30 -24.1703 -10
    endloop
  endfacet
  facet normal -1 0 0
    outer loop
      vertex 30 -25.6203 -13.7
      vertex 30 -24.1511 -9.70632
      vertex 30 -24.1655 -9.85284
    endloop
  endfacet
  facet normal -1 0 0
    outer loop
      vertex 30 -25.6203 -13.7
      vertex 30 -24.1271 -9.56105
      vertex 30 -24.1511 -9.70632
    endloop
  endfacet
  facet normal -1 0 0
    outer loop
      vertex 30 -25.6203 0
      vertex 30 -24.1271 -9.56105
      vertex 30 -25.6203 -13.7
    endloop
  endfacet
  facet normal -1 0 0
    outer loop
      vertex 30 -24.1271 -9.56105
      vertex 30 -25.6203 0
      vertex 30 -24.0936 -9.41766
    endloop
  endfacet
  facet normal -1 0 0
    outer loop
      vertex 30 -21.9203 -7.75
      vertex 30 -25.6203 0
      vertex 30 -18.2203 0
    endloop
  endfacet
  facet normal -1 0 0
    outer loop
      vertex 30 -23.8689 -8.875
      vertex 30 -25.6203 0
      vertex 30 -23.7911 -8.74997
    endloop
  endfacet
  facet normal -1 0 0
    outer loop
      vertex 30 -23.9383 -9.00485
      vertex 30 -25.6203 0
      vertex 30 -23.8689 -8.875
    endloop
  endfacet
  facet normal -1 0 0
    outer loop
      vertex 30 -23.999 -9.13896
      vertex 30 -25.6203 0
      vertex 30 -23.9383 -9.00485
    endloop
  endfacet
  facet normal -1 0 0
    outer loop
      vertex 30 -24.0509 -9.27676
      vertex 30 -25.6203 0
      vertex 30 -23.999 -9.13896
    endloop
  endfacet
  facet normal -1 0 0
    outer loop
      vertex 30 -24.0936 -9.41766
      vertex 30 -25.6203 0
      vertex 30 -24.0509 -9.27676
    endloop
  endfacet
  facet normal 0 -1 0
    outer loop
      vertex 26.4 -18.2203 -13.7
      vertex 30 -18.2203 0
      vertex 26.4 -18.2203 0
    endloop
  endfacet
  facet normal 0 -1 -0
    outer loop
      vertex 30 -18.2203 0
      vertex 26.4 -18.2203 -13.7
      vertex 30 -18.2203 -13.7
    endloop
  endfacet
  facet normal -0 0 1
    outer loop
      vertex 26.4 -18.2203 -13.7
      vertex 30 -25.6203 -13.7
      vertex 30 -18.2203 -13.7
    endloop
  endfacet
  facet normal 0 0 1
    outer loop
      vertex 30 -25.6203 -13.7
      vertex 26.4 -18.2203 -13.7
      vertex 26.4 -25.6203 -13.7
    endloop
  endfacet
  facet normal 0 1 -0
    outer loop
      vertex 30 -25.6203 -13.7
      vertex 26.4 -25.6203 0
      vertex 30 -25.6203 0
    endloop
  endfacet
  facet normal 0 1 0
    outer loop
      vertex 26.4 -25.6203 0
      vertex 30 -25.6203 -13.7
      vertex 26.4 -25.6203 -13.7
    endloop
  endfacet
endsolid OpenSCAD_Model
