solid OpenSCAD_Model
  facet normal 0.999464 0.0327281 0
    outer loop
      vertex 12 0 -2
      vertex 11.9743 0.784837 -20
      vertex 11.9743 0.784837 -2
    endloop
  endfacet
  facet normal 0.999464 0.0327281 0
    outer loop
      vertex 11.9743 0.784837 -20
      vertex 12 0 -2
      vertex 12 0 -20
    endloop
  endfacet
  facet normal -0.999464 0.0327281 0
    outer loop
      vertex -12 0 -20
      vertex -11.9743 0.784837 -2
      vertex -11.9743 0.784837 -20
    endloop
  endfacet
  facet normal -0.999464 0.0327281 0
    outer loop
      vertex -11.9743 0.784837 -2
      vertex -12 0 -20
      vertex -12 0 -2
    endloop
  endfacet
  facet normal 0.0327281 0.999464 -0
    outer loop
      vertex 0.784837 11.9743 -20
      vertex 0 12 -2
      vertex 0.784837 11.9743 -2
    endloop
  endfacet
  facet normal 0.0327281 0.999464 0
    outer loop
      vertex 0 12 -2
      vertex 0.784837 11.9743 -20
      vertex 0 12 -20
    endloop
  endfacet
  facet normal -0.729861 -0.683596 0
    outer loop
      vertex -8.48528 -8.48528 -20
      vertex -9.02208 -7.91215 -2
      vertex -9.02208 -7.91215 -20
    endloop
  endfacet
  facet normal -0.729861 -0.683596 0
    outer loop
      vertex -9.02208 -7.91215 -2
      vertex -8.48528 -8.48528 -20
      vertex -8.48528 -8.48528 -2
    endloop
  endfacet
  facet normal 0.683596 0.729861 -0
    outer loop
      vertex 8.48528 8.48528 -20
      vertex 7.91215 9.02208 -2
      vertex 8.48528 8.48528 -2
    endloop
  endfacet
  facet normal 0.683596 0.729861 0
    outer loop
      vertex 7.91215 9.02208 -2
      vertex 8.48528 8.48528 -20
      vertex 7.91215 9.02208 -20
    endloop
  endfacet
  facet normal -0.683596 0.729861 0
    outer loop
      vertex -7.91215 9.02208 -20
      vertex -8.48528 8.48528 -2
      vertex -7.91215 9.02208 -2
    endloop
  endfacet
  facet normal -0.683596 0.729861 0
    outer loop
      vertex -8.48528 8.48528 -2
      vertex -7.91215 9.02208 -20
      vertex -8.48528 8.48528 -20
    endloop
  endfacet
  facet normal -0.352241 0.935909 0
    outer loop
      vertex -3.85727 11.3632 -20
      vertex -4.5922 11.0866 -2
      vertex -3.85727 11.3632 -2
    endloop
  endfacet
  facet normal -0.352241 0.935909 0
    outer loop
      vertex -4.5922 11.0866 -2
      vertex -3.85727 11.3632 -20
      vertex -4.5922 11.0866 -20
    endloop
  endfacet
  facet normal 0.729861 -0.683596 0
    outer loop
      vertex 8.48528 -8.48528 -2
      vertex 9.02208 -7.91215 -20
      vertex 9.02208 -7.91215 -2
    endloop
  endfacet
  facet normal 0.729861 -0.683596 0
    outer loop
      vertex 9.02208 -7.91215 -20
      vertex 8.48528 -8.48528 -2
      vertex 8.48528 -8.48528 -20
    endloop
  endfacet
  facet normal 0.910854 0.412728 0
    outer loop
      vertex 11.0866 4.5922 -2
      vertex 10.7625 5.30746 -20
      vertex 10.7625 5.30746 -2
    endloop
  endfacet
  facet normal 0.910854 0.412728 0
    outer loop
      vertex 10.7625 5.30746 -20
      vertex 11.0866 4.5922 -2
      vertex 11.0866 4.5922 -20
    endloop
  endfacet
  facet normal 0.352241 0.935909 -0
    outer loop
      vertex 4.5922 11.0866 -20
      vertex 3.85727 11.3632 -2
      vertex 4.5922 11.0866 -2
    endloop
  endfacet
  facet normal 0.352241 0.935909 0
    outer loop
      vertex 3.85727 11.3632 -2
      vertex 4.5922 11.0866 -20
      vertex 3.85727 11.3632 -20
    endloop
  endfacet
  facet normal 0.52807 0.849201 -0
    outer loop
      vertex 6.66684 9.97763 -20
      vertex 6 10.3923 -2
      vertex 6.66684 9.97763 -2
    endloop
  endfacet
  facet normal 0.52807 0.849201 0
    outer loop
      vertex 6 10.3923 -2
      vertex 6.66684 9.97763 -20
      vertex 6 10.3923 -20
    endloop
  endfacet
  facet normal -0.910854 0.412728 0
    outer loop
      vertex -11.0866 4.5922 -20
      vertex -10.7625 5.30746 -2
      vertex -10.7625 5.30746 -20
    endloop
  endfacet
  facet normal -0.910854 0.412728 0
    outer loop
      vertex -10.7625 5.30746 -2
      vertex -11.0866 4.5922 -20
      vertex -11.0866 4.5922 -2
    endloop
  endfacet
  facet normal -0.162877 0.986646 0
    outer loop
      vertex -1.56631 11.8973 -20
      vertex -2.34108 11.7694 -2
      vertex -1.56631 11.8973 -2
    endloop
  endfacet
  facet normal -0.162877 0.986646 0
    outer loop
      vertex -2.34108 11.7694 -2
      vertex -1.56631 11.8973 -20
      vertex -2.34108 11.7694 -20
    endloop
  endfacet
  facet normal 0.935909 -0.352241 0
    outer loop
      vertex 11.0866 -4.5922 -2
      vertex 11.3632 -3.85727 -20
      vertex 11.3632 -3.85727 -2
    endloop
  endfacet
  facet normal 0.935909 -0.352241 0
    outer loop
      vertex 11.3632 -3.85727 -20
      vertex 11.0866 -4.5922 -2
      vertex 11.0866 -4.5922 -20
    endloop
  endfacet
  facet normal 0.412728 -0.910854 0
    outer loop
      vertex 4.5922 -11.0866 -20
      vertex 5.30746 -10.7625 -2
      vertex 4.5922 -11.0866 -2
    endloop
  endfacet
  facet normal 0.412728 -0.910854 0
    outer loop
      vertex 5.30746 -10.7625 -2
      vertex 4.5922 -11.0866 -20
      vertex 5.30746 -10.7625 -20
    endloop
  endfacet
  facet normal -0.4126 -0.910912 0
    outer loop
      vertex -5.11053 -10.8517 -20
      vertex -5.30746 -10.7625 -2
      vertex -5.30746 -10.7625 -20
    endloop
  endfacet
  facet normal -0.412728 -0.910854 -1.68528e-06
    outer loop
      vertex -5.30746 -10.7625 -2
      vertex -5.11053 -10.8517 -20
      vertex -4.5922 -11.0866 -2
    endloop
  endfacet
  facet normal -0.412777 -0.910832 -0
    outer loop
      vertex -4.5922 -11.0866 -2
      vertex -5.11053 -10.8517 -20
      vertex -4.5922 -11.0866 -20
    endloop
  endfacet
  facet normal -0 0 1
    outer loop
      vertex -7.60952 9.91692 -20
      vertex -6.84258 9.8517 -20
      vertex -7.09366 10.2866 -20
    endloop
  endfacet
  facet normal 0 0 1
    outer loop
      vertex -6.84258 9.8517 -20
      vertex -7.60952 9.91692 -20
      vertex -7.30514 9.52024 -20
    endloop
  endfacet
  facet normal 0 0 1
    outer loop
      vertex -7.60952 9.91692 -20
      vertex -7.91215 9.02208 -20
      vertex -7.30514 9.52024 -20
    endloop
  endfacet
  facet normal -0 0 1
    outer loop
      vertex -8.24182 9.398 -20
      vertex -7.91215 9.02208 -20
      vertex -7.60952 9.91692 -20
    endloop
  endfacet
  facet normal 0 0 1
    outer loop
      vertex -8.24182 9.398 -20
      vertex -8.48528 8.48528 -20
      vertex -7.91215 9.02208 -20
    endloop
  endfacet
  facet normal -0 0 1
    outer loop
      vertex -8.83883 8.83883 -20
      vertex -8.48528 8.48528 -20
      vertex -8.24182 9.398 -20
    endloop
  endfacet
  facet normal 0 0 1
    outer loop
      vertex -8.83883 8.83883 -20
      vertex -9.02208 7.91215 -20
      vertex -8.48528 8.48528 -20
    endloop
  endfacet
  facet normal -0 0 1
    outer loop
      vertex -9.398 8.24182 -20
      vertex -9.02208 7.91215 -20
      vertex -8.83883 8.83883 -20
    endloop
  endfacet
  facet normal 0 0 1
    outer loop
      vertex -9.398 8.24182 -20
      vertex -9.52024 7.30514 -20
      vertex -9.02208 7.91215 -20
    endloop
  endfacet
  facet normal -0 0 1
    outer loop
      vertex -9.91692 7.60952 -20
      vertex -9.52024 7.30514 -20
      vertex -9.398 8.24182 -20
    endloop
  endfacet
  facet normal 0 0 1
    outer loop
      vertex -9.91692 7.60952 -20
      vertex -9.97763 6.66684 -20
      vertex -9.52024 7.30514 -20
    endloop
  endfacet
  facet normal -0 0 1
    outer loop
      vertex -10.3934 6.94463 -20
      vertex -9.97763 6.66684 -20
      vertex -9.91692 7.60952 -20
    endloop
  endfacet
  facet normal 0 0 1
    outer loop
      vertex -9.97763 6.66684 -20
      vertex -10.3934 6.94463 -20
      vertex -10.3923 6 -20
    endloop
  endfacet
  facet normal -0 0 1
    outer loop
      vertex -10.8253 6.25 -20
      vertex -10.3923 6 -20
      vertex -10.3934 6.94463 -20
    endloop
  endfacet
  facet normal 0 0 1
    outer loop
      vertex -10.3923 6 -20
      vertex -10.8253 6.25 -20
      vertex -10.7625 5.30746 -20
    endloop
  endfacet
  facet normal -0 0 1
    outer loop
      vertex -11.2109 5.52861 -20
      vertex -10.7625 5.30746 -20
      vertex -10.8253 6.25 -20
    endloop
  endfacet
  facet normal 0 0 1
    outer loop
      vertex -10.7625 5.30746 -20
      vertex -11.2109 5.52861 -20
      vertex -11.0866 4.5922 -20
    endloop
  endfacet
  facet normal -0 0 1
    outer loop
      vertex -11.5485 4.78354 -20
      vertex -11.0866 4.5922 -20
      vertex -11.2109 5.52861 -20
    endloop
  endfacet
  facet normal 0 0 1
    outer loop
      vertex -11.0866 4.5922 -20
      vertex -11.5485 4.78354 -20
      vertex -11.3632 3.85727 -20
    endloop
  endfacet
  facet normal -0 0 1
    outer loop
      vertex -11.8366 4.01799 -20
      vertex -11.3632 3.85727 -20
      vertex -11.5485 4.78354 -20
    endloop
  endfacet
  facet normal 0 0 1
    outer loop
      vertex -11.3632 3.85727 -20
      vertex -11.8366 4.01799 -20
      vertex -11.5911 3.10583 -20
    endloop
  endfacet
  facet normal -0 0 1
    outer loop
      vertex -12.0741 3.23524 -20
      vertex -11.5911 3.10583 -20
      vertex -11.8366 4.01799 -20
    endloop
  endfacet
  facet normal 0 0 1
    outer loop
      vertex -11.5911 3.10583 -20
      vertex -12.0741 3.23524 -20
      vertex -11.7694 2.34108 -20
    endloop
  endfacet
  facet normal -0 0 1
    outer loop
      vertex -12.2598 2.43863 -20
      vertex -11.7694 2.34108 -20
      vertex -12.0741 3.23524 -20
    endloop
  endfacet
  facet normal -0 0 1
    outer loop
      vertex -12.3931 1.63158 -20
      vertex -11.8973 1.56631 -20
      vertex -12.2598 2.43863 -20
    endloop
  endfacet
  facet normal 0 0 1
    outer loop
      vertex -11.7694 2.34108 -20
      vertex -12.2598 2.43863 -20
      vertex -11.8973 1.56631 -20
    endloop
  endfacet
  facet normal 0 0 1
    outer loop
      vertex -7.60952 -9.91692 -20
      vertex -6.84258 -9.8517 -20
      vertex -7.30514 -9.52024 -20
    endloop
  endfacet
  facet normal 0 0 1
    outer loop
      vertex -6.84258 -9.8517 -20
      vertex -7.60952 -9.91692 -20
      vertex -7.09366 -10.2866 -20
    endloop
  endfacet
  facet normal 0 0 1
    outer loop
      vertex -7.91215 -9.02208 -20
      vertex -7.60952 -9.91692 -20
      vertex -7.30514 -9.52024 -20
    endloop
  endfacet
  facet normal 0 0 1
    outer loop
      vertex -7.91215 -9.02208 -20
      vertex -8.24182 -9.398 -20
      vertex -7.60952 -9.91692 -20
    endloop
  endfacet
  facet normal 0 0 1
    outer loop
      vertex -8.48528 -8.48528 -20
      vertex -8.24182 -9.398 -20
      vertex -7.91215 -9.02208 -20
    endloop
  endfacet
  facet normal 0 0 1
    outer loop
      vertex -8.48528 -8.48528 -20
      vertex -8.83883 -8.83883 -20
      vertex -8.24182 -9.398 -20
    endloop
  endfacet
  facet normal 0 0 1
    outer loop
      vertex -9.02208 -7.91215 -20
      vertex -8.83883 -8.83883 -20
      vertex -8.48528 -8.48528 -20
    endloop
  endfacet
  facet normal 0 0 1
    outer loop
      vertex -9.02208 -7.91215 -20
      vertex -9.398 -8.24182 -20
      vertex -8.83883 -8.83883 -20
    endloop
  endfacet
  facet normal 0 0 1
    outer loop
      vertex -9.52024 -7.30514 -20
      vertex -9.398 -8.24182 -20
      vertex -9.02208 -7.91215 -20
    endloop
  endfacet
  facet normal 0 0 1
    outer loop
      vertex -9.52024 -7.30514 -20
      vertex -9.91692 -7.60952 -20
      vertex -9.398 -8.24182 -20
    endloop
  endfacet
  facet normal 0 0 1
    outer loop
      vertex -9.97763 -6.66684 -20
      vertex -9.91692 -7.60952 -20
      vertex -9.52024 -7.30514 -20
    endloop
  endfacet
  facet normal 0 0 1
    outer loop
      vertex -10.3934 -6.94463 -20
      vertex -9.97763 -6.66684 -20
      vertex -10.3923 -6 -20
    endloop
  endfacet
  facet normal 0 0 1
    outer loop
      vertex -9.97763 -6.66684 -20
      vertex -10.3934 -6.94463 -20
      vertex -9.91692 -7.60952 -20
    endloop
  endfacet
  facet normal 0 0 1
    outer loop
      vertex -10.8253 -6.25 -20
      vertex -10.3923 -6 -20
      vertex -10.7625 -5.30746 -20
    endloop
  endfacet
  facet normal 0 0 1
    outer loop
      vertex -10.3923 -6 -20
      vertex -10.8253 -6.25 -20
      vertex -10.3934 -6.94463 -20
    endloop
  endfacet
  facet normal 0 0 1
    outer loop
      vertex -11.2109 -5.52861 -20
      vertex -10.7625 -5.30746 -20
      vertex -11.0866 -4.5922 -20
    endloop
  endfacet
  facet normal 0 0 1
    outer loop
      vertex -10.7625 -5.30746 -20
      vertex -11.2109 -5.52861 -20
      vertex -10.8253 -6.25 -20
    endloop
  endfacet
  facet normal 0 0 1
    outer loop
      vertex -11.5485 -4.78354 -20
      vertex -11.0866 -4.5922 -20
      vertex -11.3632 -3.85727 -20
    endloop
  endfacet
  facet normal 0 0 1
    outer loop
      vertex -11.0866 -4.5922 -20
      vertex -11.5485 -4.78354 -20
      vertex -11.2109 -5.52861 -20
    endloop
  endfacet
  facet normal 0 0 1
    outer loop
      vertex -11.8366 -4.01799 -20
      vertex -11.3632 -3.85727 -20
      vertex -11.5911 -3.10583 -20
    endloop
  endfacet
  facet normal 0 0 1
    outer loop
      vertex -12.0741 -3.23524 -20
      vertex -11.5911 -3.10583 -20
      vertex -11.7694 -2.34108 -20
    endloop
  endfacet
  facet normal 0 0 1
    outer loop
      vertex -11.3632 -3.85727 -20
      vertex -11.8366 -4.01799 -20
      vertex -11.5485 -4.78354 -20
    endloop
  endfacet
  facet normal 0 0 1
    outer loop
      vertex -12.2598 -2.43863 -20
      vertex -11.7694 -2.34108 -20
      vertex -11.8973 -1.56631 -20
    endloop
  endfacet
  facet normal 0 0 1
    outer loop
      vertex -12.3931 -1.63158 -20
      vertex -11.8973 -1.56631 -20
      vertex -11.9743 -0.784837 -20
    endloop
  endfacet
  facet normal 0 0 1
    outer loop
      vertex -11.5911 -3.10583 -20
      vertex -12.0741 -3.23524 -20
      vertex -11.8366 -4.01799 -20
    endloop
  endfacet
  facet normal 0 0 1
    outer loop
      vertex -12.4732 -0.817538 -20
      vertex -11.9743 -0.784837 -20
      vertex -12 0 -20
    endloop
  endfacet
  facet normal 0 0 1
    outer loop
      vertex -11.8973 1.56631 -20
      vertex -12.3931 1.63158 -20
      vertex -11.9743 0.784837 -20
    endloop
  endfacet
  facet normal -0 0 1
    outer loop
      vertex -12.4732 0.817538 -20
      vertex -11.9743 0.784837 -20
      vertex -12.3931 1.63158 -20
    endloop
  endfacet
  facet normal 0 0 1
    outer loop
      vertex -11.7694 -2.34108 -20
      vertex -12.2598 -2.43863 -20
      vertex -12.0741 -3.23524 -20
    endloop
  endfacet
  facet normal 0 0 1
    outer loop
      vertex -11.9743 0.784837 -20
      vertex -12.4732 0.817538 -20
      vertex -12 0 -20
    endloop
  endfacet
  facet normal 0 0 1
    outer loop
      vertex -11.8973 -1.56631 -20
      vertex -12.3931 -1.63158 -20
      vertex -12.2598 -2.43863 -20
    endloop
  endfacet
  facet normal 0 0 1
    outer loop
      vertex -12.5 0 -20
      vertex -12 0 -20
      vertex -12.4732 0.817538 -20
    endloop
  endfacet
  facet normal 0 0 1
    outer loop
      vertex -11.9743 -0.784837 -20
      vertex -12.4732 -0.817538 -20
      vertex -12.3931 -1.63158 -20
    endloop
  endfacet
  facet normal 0 0 1
    outer loop
      vertex -12 0 -20
      vertex -12.5 0 -20
      vertex -12.4732 -0.817538 -20
    endloop
  endfacet
  facet normal -0 0 1
    outer loop
      vertex 11.9531 -1 -20
      vertex 12.3931 -1.63158 -20
      vertex 12.4553 -1 -20
    endloop
  endfacet
  facet normal 0 0 1
    outer loop
      vertex 12.3931 -1.63158 -20
      vertex 11.8973 -1.56631 -20
      vertex 12.2598 -2.43863 -20
    endloop
  endfacet
  facet normal 0 0 1
    outer loop
      vertex 12.3931 -1.63158 -20
      vertex 11.9531 -1 -20
      vertex 11.8973 -1.56631 -20
    endloop
  endfacet
  facet normal 0 0 1
    outer loop
      vertex 12.2598 -2.43863 -20
      vertex 11.8973 -1.56631 -20
      vertex 11.7694 -2.34108 -20
    endloop
  endfacet
  facet normal 0 0 1
    outer loop
      vertex 12.2598 -2.43863 -20
      vertex 11.7694 -2.34108 -20
      vertex 12.0741 -3.23524 -20
    endloop
  endfacet
  facet normal -0 0 1
    outer loop
      vertex 11.5911 -3.10583 -20
      vertex 12.0741 -3.23524 -20
      vertex 11.7694 -2.34108 -20
    endloop
  endfacet
  facet normal 0 0 1
    outer loop
      vertex 12.0741 -3.23524 -20
      vertex 11.5911 -3.10583 -20
      vertex 11.8366 -4.01799 -20
    endloop
  endfacet
  facet normal -0 0 1
    outer loop
      vertex 11.3632 -3.85727 -20
      vertex 11.8366 -4.01799 -20
      vertex 11.5911 -3.10583 -20
    endloop
  endfacet
  facet normal 0 0 1
    outer loop
      vertex 11.8366 -4.01799 -20
      vertex 11.3632 -3.85727 -20
      vertex 11.5485 -4.78354 -20
    endloop
  endfacet
  facet normal -0 0 1
    outer loop
      vertex 11.0866 -4.5922 -20
      vertex 11.5485 -4.78354 -20
      vertex 11.3632 -3.85727 -20
    endloop
  endfacet
  facet normal 0 0 1
    outer loop
      vertex 11.5485 -4.78354 -20
      vertex 11.0866 -4.5922 -20
      vertex 11.2109 -5.52861 -20
    endloop
  endfacet
  facet normal -0 0 1
    outer loop
      vertex 10.7625 -5.30746 -20
      vertex 11.2109 -5.52861 -20
      vertex 11.0866 -4.5922 -20
    endloop
  endfacet
  facet normal 0 0 1
    outer loop
      vertex 11.2109 -5.52861 -20
      vertex 10.7625 -5.30746 -20
      vertex 10.8253 -6.25 -20
    endloop
  endfacet
  facet normal -0 0 1
    outer loop
      vertex 10.3923 -6 -20
      vertex 10.8253 -6.25 -20
      vertex 10.7625 -5.30746 -20
    endloop
  endfacet
  facet normal 0 0 1
    outer loop
      vertex 10.8253 -6.25 -20
      vertex 10.3923 -6 -20
      vertex 10.3934 -6.94463 -20
    endloop
  endfacet
  facet normal -0 0 1
    outer loop
      vertex 9.97763 -6.66684 -20
      vertex 10.3934 -6.94463 -20
      vertex 10.3923 -6 -20
    endloop
  endfacet
  facet normal 0 0 1
    outer loop
      vertex 9.97763 -6.66684 -20
      vertex 9.91692 -7.60952 -20
      vertex 10.3934 -6.94463 -20
    endloop
  endfacet
  facet normal -0 0 1
    outer loop
      vertex 9.52024 -7.30514 -20
      vertex 9.91692 -7.60952 -20
      vertex 9.97763 -6.66684 -20
    endloop
  endfacet
  facet normal 0 0 1
    outer loop
      vertex 9.52024 -7.30514 -20
      vertex 9.398 -8.24182 -20
      vertex 9.91692 -7.60952 -20
    endloop
  endfacet
  facet normal -0 0 1
    outer loop
      vertex 9.02208 -7.91215 -20
      vertex 9.398 -8.24182 -20
      vertex 9.52024 -7.30514 -20
    endloop
  endfacet
  facet normal 0 0 1
    outer loop
      vertex 9.02208 -7.91215 -20
      vertex 8.83883 -8.83883 -20
      vertex 9.398 -8.24182 -20
    endloop
  endfacet
  facet normal -0 0 1
    outer loop
      vertex 8.48528 -8.48528 -20
      vertex 8.83883 -8.83883 -20
      vertex 9.02208 -7.91215 -20
    endloop
  endfacet
  facet normal 0 0 1
    outer loop
      vertex 8.48528 -8.48528 -20
      vertex 8.24182 -9.398 -20
      vertex 8.83883 -8.83883 -20
    endloop
  endfacet
  facet normal -0 0 1
    outer loop
      vertex 7.91215 -9.02208 -20
      vertex 8.24182 -9.398 -20
      vertex 8.48528 -8.48528 -20
    endloop
  endfacet
  facet normal 0 0 1
    outer loop
      vertex 7.91215 -9.02208 -20
      vertex 7.60952 -9.91692 -20
      vertex 8.24182 -9.398 -20
    endloop
  endfacet
  facet normal -0 0 1
    outer loop
      vertex 7.30514 -9.52024 -20
      vertex 7.60952 -9.91692 -20
      vertex 7.91215 -9.02208 -20
    endloop
  endfacet
  facet normal 0 0 1
    outer loop
      vertex 7.30514 -9.52024 -20
      vertex 6.94463 -10.3934 -20
      vertex 7.60952 -9.91692 -20
    endloop
  endfacet
  facet normal -0 0 1
    outer loop
      vertex 6.66684 -9.97763 -20
      vertex 6.94463 -10.3934 -20
      vertex 7.30514 -9.52024 -20
    endloop
  endfacet
  facet normal 0 0 1
    outer loop
      vertex 6.66684 -9.97763 -20
      vertex 6.25 -10.8253 -20
      vertex 6.94463 -10.3934 -20
    endloop
  endfacet
  facet normal -0 0 1
    outer loop
      vertex 6 -10.3923 -20
      vertex 6.25 -10.8253 -20
      vertex 6.66684 -9.97763 -20
    endloop
  endfacet
  facet normal 0 0 1
    outer loop
      vertex 6 -10.3923 -20
      vertex 5.52861 -11.2109 -20
      vertex 6.25 -10.8253 -20
    endloop
  endfacet
  facet normal -0 0 1
    outer loop
      vertex 5.30746 -10.7625 -20
      vertex 5.52861 -11.2109 -20
      vertex 6 -10.3923 -20
    endloop
  endfacet
  facet normal 0 0 1
    outer loop
      vertex 5.30746 -10.7625 -20
      vertex 4.78354 -11.5485 -20
      vertex 5.52861 -11.2109 -20
    endloop
  endfacet
  facet normal -0 0 1
    outer loop
      vertex 4.5922 -11.0866 -20
      vertex 4.78354 -11.5485 -20
      vertex 5.30746 -10.7625 -20
    endloop
  endfacet
  facet normal 0 0 1
    outer loop
      vertex 4.5922 -11.0866 -20
      vertex 4.01799 -11.8366 -20
      vertex 4.78354 -11.5485 -20
    endloop
  endfacet
  facet normal -0 0 1
    outer loop
      vertex 3.85727 -11.3632 -20
      vertex 4.01799 -11.8366 -20
      vertex 4.5922 -11.0866 -20
    endloop
  endfacet
  facet normal 0 0 1
    outer loop
      vertex 3.85727 -11.3632 -20
      vertex 3.23524 -12.0741 -20
      vertex 4.01799 -11.8366 -20
    endloop
  endfacet
  facet normal -0 0 1
    outer loop
      vertex 3.10583 -11.5911 -20
      vertex 3.23524 -12.0741 -20
      vertex 3.85727 -11.3632 -20
    endloop
  endfacet
  facet normal 0 0 1
    outer loop
      vertex 3.10583 -11.5911 -20
      vertex 2.43863 -12.2598 -20
      vertex 3.23524 -12.0741 -20
    endloop
  endfacet
  facet normal -0 0 1
    outer loop
      vertex 2.34108 -11.7694 -20
      vertex 2.43863 -12.2598 -20
      vertex 3.10583 -11.5911 -20
    endloop
  endfacet
  facet normal 0 0 1
    outer loop
      vertex 2.34108 -11.7694 -20
      vertex 1.63158 -12.3931 -20
      vertex 2.43863 -12.2598 -20
    endloop
  endfacet
  facet normal -0 0 1
    outer loop
      vertex 1.56631 -11.8973 -20
      vertex 1.63158 -12.3931 -20
      vertex 2.34108 -11.7694 -20
    endloop
  endfacet
  facet normal 0 0 1
    outer loop
      vertex 1.56631 -11.8973 -20
      vertex 0.817538 -12.4732 -20
      vertex 1.63158 -12.3931 -20
    endloop
  endfacet
  facet normal -0 0 1
    outer loop
      vertex 0.784837 -11.9743 -20
      vertex 0.817538 -12.4732 -20
      vertex 1.56631 -11.8973 -20
    endloop
  endfacet
  facet normal -0 0 1
    outer loop
      vertex 0 -12 -20
      vertex 0.817538 -12.4732 -20
      vertex 0.784837 -11.9743 -20
    endloop
  endfacet
  facet normal 0 0 1
    outer loop
      vertex 0 -12 -20
      vertex 0 -12.5 -20
      vertex 0.817538 -12.4732 -20
    endloop
  endfacet
  facet normal 0 0 1
    outer loop
      vertex -0.784837 -11.9743 -20
      vertex 0 -12.5 -20
      vertex 0 -12 -20
    endloop
  endfacet
  facet normal 0 0 1
    outer loop
      vertex -0.784837 -11.9743 -20
      vertex -0.817538 -12.4732 -20
      vertex 0 -12.5 -20
    endloop
  endfacet
  facet normal 0 0 1
    outer loop
      vertex -1.56631 -11.8973 -20
      vertex -0.817538 -12.4732 -20
      vertex -0.784837 -11.9743 -20
    endloop
  endfacet
  facet normal 0 0 1
    outer loop
      vertex -1.56631 -11.8973 -20
      vertex -1.63158 -12.3931 -20
      vertex -0.817538 -12.4732 -20
    endloop
  endfacet
  facet normal 0 0 1
    outer loop
      vertex -2.34108 -11.7694 -20
      vertex -1.63158 -12.3931 -20
      vertex -1.56631 -11.8973 -20
    endloop
  endfacet
  facet normal 0 0 1
    outer loop
      vertex -2.34108 -11.7694 -20
      vertex -2.43863 -12.2598 -20
      vertex -1.63158 -12.3931 -20
    endloop
  endfacet
  facet normal 0 0 1
    outer loop
      vertex -3.10583 -11.5911 -20
      vertex -2.43863 -12.2598 -20
      vertex -2.34108 -11.7694 -20
    endloop
  endfacet
  facet normal 0 0 1
    outer loop
      vertex -3.10583 -11.5911 -20
      vertex -3.23524 -12.0741 -20
      vertex -2.43863 -12.2598 -20
    endloop
  endfacet
  facet normal 0 0 1
    outer loop
      vertex -3.85727 -11.3632 -20
      vertex -3.23524 -12.0741 -20
      vertex -3.10583 -11.5911 -20
    endloop
  endfacet
  facet normal 0 0 1
    outer loop
      vertex -3.85727 -11.3632 -20
      vertex -4.01799 -11.8366 -20
      vertex -3.23524 -12.0741 -20
    endloop
  endfacet
  facet normal 0 0 1
    outer loop
      vertex -4.5922 -11.0866 -20
      vertex -4.01799 -11.8366 -20
      vertex -3.85727 -11.3632 -20
    endloop
  endfacet
  facet normal 0 0 1
    outer loop
      vertex -4.5922 -11.0866 -20
      vertex -4.78354 -11.5485 -20
      vertex -4.01799 -11.8366 -20
    endloop
  endfacet
  facet normal 0 0 1
    outer loop
      vertex -5.11053 -10.8517 -20
      vertex -4.78354 -11.5485 -20
      vertex -4.5922 -11.0866 -20
    endloop
  endfacet
  facet normal 0 0 1
    outer loop
      vertex -4.78354 -11.5485 -20
      vertex -5.11053 -10.8517 -20
      vertex -5.36161 -11.2866 -20
    endloop
  endfacet
  facet normal 0 0 1
    outer loop
      vertex 11.8973 1.56631 -20
      vertex 12.3931 1.63158 -20
      vertex 12.2598 2.43863 -20
    endloop
  endfacet
  facet normal 0 0 1
    outer loop
      vertex 11.7694 2.34108 -20
      vertex 12.2598 2.43863 -20
      vertex 12.0741 3.23524 -20
    endloop
  endfacet
  facet normal 0 -0 1
    outer loop
      vertex 11.8973 1.56631 -20
      vertex 12.2598 2.43863 -20
      vertex 11.7694 2.34108 -20
    endloop
  endfacet
  facet normal 0 0 1
    outer loop
      vertex 12.3931 1.63158 -20
      vertex 11.9531 1 -20
      vertex 12.4553 1 -20
    endloop
  endfacet
  facet normal 0 0 1
    outer loop
      vertex 11.5911 3.10583 -20
      vertex 12.0741 3.23524 -20
      vertex 11.8366 4.01799 -20
    endloop
  endfacet
  facet normal 0 -0 1
    outer loop
      vertex 11.9531 1 -20
      vertex 12.3931 1.63158 -20
      vertex 11.8973 1.56631 -20
    endloop
  endfacet
  facet normal 0 0 1
    outer loop
      vertex 12.0741 3.23524 -20
      vertex 11.5911 3.10583 -20
      vertex 11.7694 2.34108 -20
    endloop
  endfacet
  facet normal 0 0 1
    outer loop
      vertex 11.3632 3.85727 -20
      vertex 11.8366 4.01799 -20
      vertex 11.5485 4.78354 -20
    endloop
  endfacet
  facet normal 0 0 1
    outer loop
      vertex 11.8366 4.01799 -20
      vertex 11.3632 3.85727 -20
      vertex 11.5911 3.10583 -20
    endloop
  endfacet
  facet normal 0 0 1
    outer loop
      vertex 11.0866 4.5922 -20
      vertex 11.5485 4.78354 -20
      vertex 11.2109 5.52861 -20
    endloop
  endfacet
  facet normal 0 0 1
    outer loop
      vertex 11.5485 4.78354 -20
      vertex 11.0866 4.5922 -20
      vertex 11.3632 3.85727 -20
    endloop
  endfacet
  facet normal 0 0 1
    outer loop
      vertex 10.7625 5.30746 -20
      vertex 11.2109 5.52861 -20
      vertex 10.8253 6.25 -20
    endloop
  endfacet
  facet normal 0 0 1
    outer loop
      vertex 11.2109 5.52861 -20
      vertex 10.7625 5.30746 -20
      vertex 11.0866 4.5922 -20
    endloop
  endfacet
  facet normal 0 0 1
    outer loop
      vertex 10.3923 6 -20
      vertex 10.8253 6.25 -20
      vertex 10.3934 6.94463 -20
    endloop
  endfacet
  facet normal 0 0 1
    outer loop
      vertex 10.8253 6.25 -20
      vertex 10.3923 6 -20
      vertex 10.7625 5.30746 -20
    endloop
  endfacet
  facet normal 0 0 1
    outer loop
      vertex 10.3934 6.94463 -20
      vertex 9.97763 6.66684 -20
      vertex 10.3923 6 -20
    endloop
  endfacet
  facet normal 0 0 1
    outer loop
      vertex 9.91692 7.60952 -20
      vertex 9.97763 6.66684 -20
      vertex 10.3934 6.94463 -20
    endloop
  endfacet
  facet normal 0 0 1
    outer loop
      vertex 9.91692 7.60952 -20
      vertex 9.52024 7.30514 -20
      vertex 9.97763 6.66684 -20
    endloop
  endfacet
  facet normal 0 0 1
    outer loop
      vertex 9.398 8.24182 -20
      vertex 9.52024 7.30514 -20
      vertex 9.91692 7.60952 -20
    endloop
  endfacet
  facet normal 0 0 1
    outer loop
      vertex 9.398 8.24182 -20
      vertex 9.02208 7.91215 -20
      vertex 9.52024 7.30514 -20
    endloop
  endfacet
  facet normal 0 0 1
    outer loop
      vertex 8.83883 8.83883 -20
      vertex 9.02208 7.91215 -20
      vertex 9.398 8.24182 -20
    endloop
  endfacet
  facet normal 0 0 1
    outer loop
      vertex 8.83883 8.83883 -20
      vertex 8.48528 8.48528 -20
      vertex 9.02208 7.91215 -20
    endloop
  endfacet
  facet normal 0 0 1
    outer loop
      vertex 8.24182 9.398 -20
      vertex 8.48528 8.48528 -20
      vertex 8.83883 8.83883 -20
    endloop
  endfacet
  facet normal 0 0 1
    outer loop
      vertex 8.24182 9.398 -20
      vertex 7.91215 9.02208 -20
      vertex 8.48528 8.48528 -20
    endloop
  endfacet
  facet normal 0 0 1
    outer loop
      vertex 7.60952 9.91692 -20
      vertex 7.91215 9.02208 -20
      vertex 8.24182 9.398 -20
    endloop
  endfacet
  facet normal 0 0 1
    outer loop
      vertex 7.60952 9.91692 -20
      vertex 7.30514 9.52024 -20
      vertex 7.91215 9.02208 -20
    endloop
  endfacet
  facet normal 0 0 1
    outer loop
      vertex 6.94463 10.3934 -20
      vertex 7.30514 9.52024 -20
      vertex 7.60952 9.91692 -20
    endloop
  endfacet
  facet normal 0 0 1
    outer loop
      vertex 6.94463 10.3934 -20
      vertex 6.66684 9.97763 -20
      vertex 7.30514 9.52024 -20
    endloop
  endfacet
  facet normal 0 0 1
    outer loop
      vertex 6.25 10.8253 -20
      vertex 6.66684 9.97763 -20
      vertex 6.94463 10.3934 -20
    endloop
  endfacet
  facet normal 0 0 1
    outer loop
      vertex 6.25 10.8253 -20
      vertex 6 10.3923 -20
      vertex 6.66684 9.97763 -20
    endloop
  endfacet
  facet normal 0 0 1
    outer loop
      vertex 5.52861 11.2109 -20
      vertex 6 10.3923 -20
      vertex 6.25 10.8253 -20
    endloop
  endfacet
  facet normal 0 0 1
    outer loop
      vertex 5.52861 11.2109 -20
      vertex 5.30746 10.7625 -20
      vertex 6 10.3923 -20
    endloop
  endfacet
  facet normal 0 0 1
    outer loop
      vertex 4.78354 11.5485 -20
      vertex 5.30746 10.7625 -20
      vertex 5.52861 11.2109 -20
    endloop
  endfacet
  facet normal 0 0 1
    outer loop
      vertex 4.78354 11.5485 -20
      vertex 4.5922 11.0866 -20
      vertex 5.30746 10.7625 -20
    endloop
  endfacet
  facet normal 0 0 1
    outer loop
      vertex 4.01799 11.8366 -20
      vertex 4.5922 11.0866 -20
      vertex 4.78354 11.5485 -20
    endloop
  endfacet
  facet normal 0 0 1
    outer loop
      vertex 4.01799 11.8366 -20
      vertex 3.85727 11.3632 -20
      vertex 4.5922 11.0866 -20
    endloop
  endfacet
  facet normal 0 0 1
    outer loop
      vertex 3.23524 12.0741 -20
      vertex 3.85727 11.3632 -20
      vertex 4.01799 11.8366 -20
    endloop
  endfacet
  facet normal 0 0 1
    outer loop
      vertex 3.23524 12.0741 -20
      vertex 3.10583 11.5911 -20
      vertex 3.85727 11.3632 -20
    endloop
  endfacet
  facet normal 0 0 1
    outer loop
      vertex 2.43863 12.2598 -20
      vertex 3.10583 11.5911 -20
      vertex 3.23524 12.0741 -20
    endloop
  endfacet
  facet normal 0 0 1
    outer loop
      vertex 2.43863 12.2598 -20
      vertex 2.34108 11.7694 -20
      vertex 3.10583 11.5911 -20
    endloop
  endfacet
  facet normal 0 0 1
    outer loop
      vertex 1.63158 12.3931 -20
      vertex 2.34108 11.7694 -20
      vertex 2.43863 12.2598 -20
    endloop
  endfacet
  facet normal 0 0 1
    outer loop
      vertex 1.63158 12.3931 -20
      vertex 1.56631 11.8973 -20
      vertex 2.34108 11.7694 -20
    endloop
  endfacet
  facet normal 0 0 1
    outer loop
      vertex 0.817538 12.4732 -20
      vertex 1.56631 11.8973 -20
      vertex 1.63158 12.3931 -20
    endloop
  endfacet
  facet normal 0 0 1
    outer loop
      vertex 0.817538 12.4732 -20
      vertex 0.784837 11.9743 -20
      vertex 1.56631 11.8973 -20
    endloop
  endfacet
  facet normal 0 0 1
    outer loop
      vertex 0 12.5 -20
      vertex 0.784837 11.9743 -20
      vertex 0.817538 12.4732 -20
    endloop
  endfacet
  facet normal 0 0 1
    outer loop
      vertex 0 12.5 -20
      vertex 0 12 -20
      vertex 0.784837 11.9743 -20
    endloop
  endfacet
  facet normal 0 0 1
    outer loop
      vertex 0 12.5 -20
      vertex -0.784837 11.9743 -20
      vertex 0 12 -20
    endloop
  endfacet
  facet normal -0 0 1
    outer loop
      vertex -0.817538 12.4732 -20
      vertex -0.784837 11.9743 -20
      vertex 0 12.5 -20
    endloop
  endfacet
  facet normal 0 0 1
    outer loop
      vertex -0.817538 12.4732 -20
      vertex -1.56631 11.8973 -20
      vertex -0.784837 11.9743 -20
    endloop
  endfacet
  facet normal -0 0 1
    outer loop
      vertex -1.63158 12.3931 -20
      vertex -1.56631 11.8973 -20
      vertex -0.817538 12.4732 -20
    endloop
  endfacet
  facet normal 0 0 1
    outer loop
      vertex -1.63158 12.3931 -20
      vertex -2.34108 11.7694 -20
      vertex -1.56631 11.8973 -20
    endloop
  endfacet
  facet normal -0 0 1
    outer loop
      vertex -2.43863 12.2598 -20
      vertex -2.34108 11.7694 -20
      vertex -1.63158 12.3931 -20
    endloop
  endfacet
  facet normal 0 0 1
    outer loop
      vertex -2.43863 12.2598 -20
      vertex -3.10583 11.5911 -20
      vertex -2.34108 11.7694 -20
    endloop
  endfacet
  facet normal -0 0 1
    outer loop
      vertex -3.23524 12.0741 -20
      vertex -3.10583 11.5911 -20
      vertex -2.43863 12.2598 -20
    endloop
  endfacet
  facet normal 0 0 1
    outer loop
      vertex -3.23524 12.0741 -20
      vertex -3.85727 11.3632 -20
      vertex -3.10583 11.5911 -20
    endloop
  endfacet
  facet normal -0 0 1
    outer loop
      vertex -4.01799 11.8366 -20
      vertex -3.85727 11.3632 -20
      vertex -3.23524 12.0741 -20
    endloop
  endfacet
  facet normal 0 0 1
    outer loop
      vertex -4.01799 11.8366 -20
      vertex -4.5922 11.0866 -20
      vertex -3.85727 11.3632 -20
    endloop
  endfacet
  facet normal -0 0 1
    outer loop
      vertex -4.78354 11.5485 -20
      vertex -4.5922 11.0866 -20
      vertex -4.01799 11.8366 -20
    endloop
  endfacet
  facet normal 0 0 1
    outer loop
      vertex -4.78354 11.5485 -20
      vertex -5.11053 10.8517 -20
      vertex -4.5922 11.0866 -20
    endloop
  endfacet
  facet normal 0 -0 1
    outer loop
      vertex -5.11053 10.8517 -20
      vertex -4.78354 11.5485 -20
      vertex -5.36161 11.2866 -20
    endloop
  endfacet
  facet normal 0 0 -1
    outer loop
      vertex 7.25 0 -20
      vertex 12 0 -20
      vertex 11.9743 -0.784837 -20
    endloop
  endfacet
  facet normal 0 0 -1
    outer loop
      vertex 7.23448 -0.474173 -20
      vertex 11.9743 -0.784837 -20
      vertex 11.9531 -1 -20
    endloop
  endfacet
  facet normal 0 0 -1
    outer loop
      vertex 12 0 -20
      vertex 7.25 0 -20
      vertex 11.9743 0.784837 -20
    endloop
  endfacet
  facet normal 0 0 -1
    outer loop
      vertex 7.23448 0.474173 -20
      vertex 11.9743 0.784837 -20
      vertex 7.25 0 -20
    endloop
  endfacet
  facet normal 0 0 -1
    outer loop
      vertex 11.9743 -0.784837 -20
      vertex 7.23448 -0.474173 -20
      vertex 7.25 0 -20
    endloop
  endfacet
  facet normal 0 0 -1
    outer loop
      vertex 11.9531 -1 -20
      vertex 7.18797 -0.946315 -20
      vertex 7.23448 -0.474173 -20
    endloop
  endfacet
  facet normal 0 -0 -1
    outer loop
      vertex 7.18797 -0.946315 -20
      vertex 11.9531 -1 -20
      vertex 7.17911 -1 -20
    endloop
  endfacet
  facet normal -0 0 -1
    outer loop
      vertex 11.9743 0.784837 -20
      vertex 7.23448 0.474173 -20
      vertex 11.9531 1 -20
    endloop
  endfacet
  facet normal 0 0 -1
    outer loop
      vertex 7.18797 0.946315 -20
      vertex 11.9531 1 -20
      vertex 7.23448 0.474173 -20
    endloop
  endfacet
  facet normal -0 0 -1
    outer loop
      vertex 11.9531 1 -20
      vertex 7.18797 0.946315 -20
      vertex 7.17911 1 -20
    endloop
  endfacet
  facet normal 0 0 -1
    outer loop
      vertex -2.77445 6.69813 -20
      vertex -5.11053 10.8517 -20
      vertex -2.72353 6.71729 -20
    endloop
  endfacet
  facet normal 0 0 -1
    outer loop
      vertex -3.20659 6.50233 -20
      vertex -5.11053 10.8517 -20
      vertex -2.77445 6.69813 -20
    endloop
  endfacet
  facet normal 0 0 -1
    outer loop
      vertex -5.30746 10.7625 -20
      vertex -3.20659 6.50233 -20
      vertex -3.625 6.27868 -20
    endloop
  endfacet
  facet normal 0 0 -1
    outer loop
      vertex -6 10.3923 -20
      vertex -3.625 6.27868 -20
      vertex -4.02788 6.02815 -20
    endloop
  endfacet
  facet normal 0 0 -1
    outer loop
      vertex -6.84258 9.8517 -20
      vertex -4.02788 6.02815 -20
      vertex -4.41352 5.75181 -20
    endloop
  endfacet
  facet normal 0 0 -1
    outer loop
      vertex -6.84258 9.8517 -20
      vertex -4.41352 5.75181 -20
      vertex -4.45558 5.71729 -20
    endloop
  endfacet
  facet normal 0 0 -1
    outer loop
      vertex -3.20659 6.50233 -20
      vertex -5.30746 10.7625 -20
      vertex -5.11053 10.8517 -20
    endloop
  endfacet
  facet normal 0 0 -1
    outer loop
      vertex -3.625 6.27868 -20
      vertex -6 10.3923 -20
      vertex -5.30746 10.7625 -20
    endloop
  endfacet
  facet normal 0 0 -1
    outer loop
      vertex -4.02788 6.02815 -20
      vertex -6.66684 9.97763 -20
      vertex -6 10.3923 -20
    endloop
  endfacet
  facet normal 0 0 -1
    outer loop
      vertex -4.02788 6.02815 -20
      vertex -6.84258 9.8517 -20
      vertex -6.66684 9.97763 -20
    endloop
  endfacet
  facet normal 0 0 -1
    outer loop
      vertex -5.11053 -10.8517 -20
      vertex -2.77445 -6.69813 -20
      vertex -2.72353 -6.71729 -20
    endloop
  endfacet
  facet normal 0 0 -1
    outer loop
      vertex -5.11053 -10.8517 -20
      vertex -3.20659 -6.50233 -20
      vertex -2.77445 -6.69813 -20
    endloop
  endfacet
  facet normal 0 0 -1
    outer loop
      vertex -5.30746 -10.7625 -20
      vertex -3.20659 -6.50233 -20
      vertex -5.11053 -10.8517 -20
    endloop
  endfacet
  facet normal -0 0 -1
    outer loop
      vertex -3.20659 -6.50233 -20
      vertex -5.30746 -10.7625 -20
      vertex -3.625 -6.27868 -20
    endloop
  endfacet
  facet normal 0 0 -1
    outer loop
      vertex -6 -10.3923 -20
      vertex -3.625 -6.27868 -20
      vertex -5.30746 -10.7625 -20
    endloop
  endfacet
  facet normal -0 0 -1
    outer loop
      vertex -3.625 -6.27868 -20
      vertex -6 -10.3923 -20
      vertex -4.02788 -6.02815 -20
    endloop
  endfacet
  facet normal 0 0 -1
    outer loop
      vertex -6.66684 -9.97763 -20
      vertex -4.02788 -6.02815 -20
      vertex -6 -10.3923 -20
    endloop
  endfacet
  facet normal 0 0 -1
    outer loop
      vertex -6.84258 -9.8517 -20
      vertex -4.02788 -6.02815 -20
      vertex -6.66684 -9.97763 -20
    endloop
  endfacet
  facet normal -0 0 -1
    outer loop
      vertex -4.02788 -6.02815 -20
      vertex -6.84258 -9.8517 -20
      vertex -4.41352 -5.75181 -20
    endloop
  endfacet
  facet normal -0 0 -1
    outer loop
      vertex -4.41352 -5.75181 -20
      vertex -6.84258 -9.8517 -20
      vertex -4.45558 -5.71729 -20
    endloop
  endfacet
  facet normal 0.973881 0.227059 0
    outer loop
      vertex 11.7694 2.34108 -2
      vertex 11.5911 3.10583 -20
      vertex 11.5911 3.10583 -2
    endloop
  endfacet
  facet normal 0.973881 0.227059 0
    outer loop
      vertex 11.5911 3.10583 -20
      vertex 11.7694 2.34108 -2
      vertex 11.7694 2.34108 -20
    endloop
  endfacet
  facet normal 0.995181 0.0980578 0
    outer loop
      vertex 11.8973 1.56631 -2
      vertex 11.9531 1 -20
      vertex 11.8973 1.56631 -20
    endloop
  endfacet
  facet normal 0.995181 0.098057 2.288e-08
    outer loop
      vertex 11.9743 0.784837 -2
      vertex 11.9531 1 -20
      vertex 11.8973 1.56631 -2
    endloop
  endfacet
  facet normal 0.995181 0.0980551 0
    outer loop
      vertex 11.9531 1 -20
      vertex 11.9743 0.784837 -2
      vertex 11.9743 0.784837 -20
    endloop
  endfacet
  facet normal 0.956957 0.29023 0
    outer loop
      vertex 11.5911 3.10583 -2
      vertex 11.3632 3.85727 -20
      vertex 11.3632 3.85727 -2
    endloop
  endfacet
  facet normal 0.956957 0.29023 0
    outer loop
      vertex 11.3632 3.85727 -20
      vertex 11.5911 3.10583 -2
      vertex 11.5911 3.10583 -20
    endloop
  endfacet
  facet normal 0.812852 0.58247 0
    outer loop
      vertex 9.97763 6.66684 -2
      vertex 9.52024 7.30514 -20
      vertex 9.52024 7.30514 -2
    endloop
  endfacet
  facet normal 0.812852 0.58247 0
    outer loop
      vertex 9.52024 7.30514 -20
      vertex 9.97763 6.66684 -2
      vertex 9.97763 6.66684 -20
    endloop
  endfacet
  facet normal 0.773011 0.634393 0
    outer loop
      vertex 9.52024 7.30514 -2
      vertex 9.02208 7.91215 -20
      vertex 9.02208 7.91215 -2
    endloop
  endfacet
  facet normal 0.773011 0.634393 0
    outer loop
      vertex 9.02208 7.91215 -20
      vertex 9.52024 7.30514 -2
      vertex 9.52024 7.30514 -20
    endloop
  endfacet
  facet normal 0.881906 0.471426 0
    outer loop
      vertex 10.7625 5.30746 -2
      vertex 10.3923 6 -20
      vertex 10.3923 6 -2
    endloop
  endfacet
  facet normal 0.881906 0.471426 0
    outer loop
      vertex 10.3923 6 -20
      vertex 10.7625 5.30746 -2
      vertex 10.7625 5.30746 -20
    endloop
  endfacet
  facet normal 0.162877 0.986646 -0
    outer loop
      vertex 2.34108 11.7694 -20
      vertex 1.56631 11.8973 -2
      vertex 2.34108 11.7694 -2
    endloop
  endfacet
  facet normal 0.162877 0.986646 0
    outer loop
      vertex 1.56631 11.8973 -2
      vertex 2.34108 11.7694 -20
      vertex 1.56631 11.8973 -20
    endloop
  endfacet
  facet normal 0.29023 0.956957 -0
    outer loop
      vertex 3.85727 11.3632 -20
      vertex 3.10583 11.5911 -2
      vertex 3.85727 11.3632 -2
    endloop
  endfacet
  facet normal 0.29023 0.956957 0
    outer loop
      vertex 3.10583 11.5911 -2
      vertex 3.85727 11.3632 -20
      vertex 3.10583 11.5911 -20
    endloop
  endfacet
  facet normal 0.098057 0.995181 -0
    outer loop
      vertex 1.56631 11.8973 -20
      vertex 0.784837 11.9743 -2
      vertex 1.56631 11.8973 -2
    endloop
  endfacet
  facet normal 0.098057 0.995181 0
    outer loop
      vertex 0.784837 11.9743 -2
      vertex 1.56631 11.8973 -20
      vertex 0.784837 11.9743 -20
    endloop
  endfacet
  facet normal 0.471426 0.881906 -0
    outer loop
      vertex 6 10.3923 -20
      vertex 5.30746 10.7625 -2
      vertex 6 10.3923 -2
    endloop
  endfacet
  facet normal 0.471426 0.881906 0
    outer loop
      vertex 5.30746 10.7625 -2
      vertex 6 10.3923 -20
      vertex 5.30746 10.7625 -20
    endloop
  endfacet
  facet normal 0.634393 0.773011 -0
    outer loop
      vertex 7.91215 9.02208 -20
      vertex 7.30514 9.52024 -2
      vertex 7.91215 9.02208 -2
    endloop
  endfacet
  facet normal 0.634393 0.773011 0
    outer loop
      vertex 7.30514 9.52024 -2
      vertex 7.91215 9.02208 -20
      vertex 7.30514 9.52024 -20
    endloop
  endfacet
  facet normal -0.973881 0.227059 0
    outer loop
      vertex -11.7694 2.34108 -20
      vertex -11.5911 3.10583 -2
      vertex -11.5911 3.10583 -20
    endloop
  endfacet
  facet normal -0.973881 0.227059 0
    outer loop
      vertex -11.5911 3.10583 -2
      vertex -11.7694 2.34108 -20
      vertex -11.7694 2.34108 -2
    endloop
  endfacet
  facet normal -0.812852 0.58247 0
    outer loop
      vertex -9.97763 6.66684 -20
      vertex -9.52024 7.30514 -2
      vertex -9.52024 7.30514 -20
    endloop
  endfacet
  facet normal -0.812852 0.58247 0
    outer loop
      vertex -9.52024 7.30514 -2
      vertex -9.97763 6.66684 -20
      vertex -9.97763 6.66684 -2
    endloop
  endfacet
  facet normal -0.729861 0.683596 0
    outer loop
      vertex -9.02208 7.91215 -20
      vertex -8.48528 8.48528 -2
      vertex -8.48528 8.48528 -20
    endloop
  endfacet
  facet normal -0.729861 0.683596 0
    outer loop
      vertex -8.48528 8.48528 -2
      vertex -9.02208 7.91215 -20
      vertex -9.02208 7.91215 -2
    endloop
  endfacet
  facet normal -0.849201 0.52807 0
    outer loop
      vertex -10.3923 6 -20
      vertex -9.97763 6.66684 -2
      vertex -9.97763 6.66684 -20
    endloop
  endfacet
  facet normal -0.849201 0.52807 0
    outer loop
      vertex -9.97763 6.66684 -2
      vertex -10.3923 6 -20
      vertex -10.3923 6 -2
    endloop
  endfacet
  facet normal -0.935909 0.352241 0
    outer loop
      vertex -11.3632 3.85727 -20
      vertex -11.0866 4.5922 -2
      vertex -11.0866 4.5922 -20
    endloop
  endfacet
  facet normal -0.935909 0.352241 0
    outer loop
      vertex -11.0866 4.5922 -2
      vertex -11.3632 3.85727 -20
      vertex -11.3632 3.85727 -2
    endloop
  endfacet
  facet normal 0 0 1
    outer loop
      vertex 7.25 0 0
      vertex 14 0 0
      vertex 13.97 0.915644 0
    endloop
  endfacet
  facet normal 0 0 1
    outer loop
      vertex 7.23448 0.474173 0
      vertex 13.97 0.915644 0
      vertex 13.8802 1.82737 0
    endloop
  endfacet
  facet normal 0 0 1
    outer loop
      vertex 14 0 0
      vertex 7.25 0 0
      vertex 13.97 -0.915644 0
    endloop
  endfacet
  facet normal 0 0 1
    outer loop
      vertex 7.18797 0.946315 0
      vertex 13.8802 1.82737 0
      vertex 13.731 2.73126 0
    endloop
  endfacet
  facet normal -0 0 1
    outer loop
      vertex 7.23448 -0.474173 0
      vertex 13.97 -0.915644 0
      vertex 7.25 0 0
    endloop
  endfacet
  facet normal 0 0 1
    outer loop
      vertex 7.11069 1.4144 0
      vertex 13.731 2.73126 0
      vertex 13.523 3.62347 0
    endloop
  endfacet
  facet normal 0 0 1
    outer loop
      vertex 13.97 -0.915644 0
      vertex 7.23448 -0.474173 0
      vertex 13.8802 -1.82737 0
    endloop
  endfacet
  facet normal 0 0 1
    outer loop
      vertex 7.00296 1.87644 0
      vertex 13.523 3.62347 0
      vertex 13.257 4.50015 0
    endloop
  endfacet
  facet normal -0 0 1
    outer loop
      vertex 7.18797 -0.946315 0
      vertex 13.8802 -1.82737 0
      vertex 7.23448 -0.474173 0
    endloop
  endfacet
  facet normal 0 0 1
    outer loop
      vertex 6.86524 2.33044 0
      vertex 13.257 4.50015 0
      vertex 12.9343 5.35757 0
    endloop
  endfacet
  facet normal 0 0 1
    outer loop
      vertex 13.8802 -1.82737 0
      vertex 7.18797 -0.946315 0
      vertex 13.731 -2.73126 0
    endloop
  endfacet
  facet normal 0 0 1
    outer loop
      vertex 6.69813 2.77445 0
      vertex 12.9343 5.35757 0
      vertex 12.5562 6.19204 0
    endloop
  endfacet
  facet normal -0 0 1
    outer loop
      vertex 7.11069 -1.4144 0
      vertex 13.731 -2.73126 0
      vertex 7.18797 -0.946315 0
    endloop
  endfacet
  facet normal 0 0 1
    outer loop
      vertex 6.50233 3.20659 0
      vertex 12.5562 6.19204 0
      vertex 12.1244 7 0
    endloop
  endfacet
  facet normal 0 0 1
    outer loop
      vertex 13.731 -2.73126 0
      vertex 7.11069 -1.4144 0
      vertex 13.523 -3.62347 0
    endloop
  endfacet
  facet normal 0 0 1
    outer loop
      vertex 6.27868 3.625 0
      vertex 12.1244 7 0
      vertex 11.6406 7.77798 0
    endloop
  endfacet
  facet normal -0 0 1
    outer loop
      vertex 7.00296 -1.87644 0
      vertex 13.523 -3.62347 0
      vertex 7.11069 -1.4144 0
    endloop
  endfacet
  facet normal 0 0 1
    outer loop
      vertex 6.02815 4.02788 0
      vertex 11.6406 7.77798 0
      vertex 11.1069 8.52266 0
    endloop
  endfacet
  facet normal 0 0 1
    outer loop
      vertex 13.523 -3.62347 0
      vertex 7.00296 -1.87644 0
      vertex 13.257 -4.50015 0
    endloop
  endfacet
  facet normal 0 0 1
    outer loop
      vertex 5.75181 4.41352 0
      vertex 11.1069 8.52266 0
      vertex 10.5258 9.23084 0
    endloop
  endfacet
  facet normal -0 0 1
    outer loop
      vertex 6.86524 -2.33044 0
      vertex 13.257 -4.50015 0
      vertex 7.00296 -1.87644 0
    endloop
  endfacet
  facet normal 0 0 1
    outer loop
      vertex 5.45084 4.78026 0
      vertex 10.5258 9.23084 0
      vertex 9.89949 9.89949 0
    endloop
  endfacet
  facet normal 0 0 1
    outer loop
      vertex 13.257 -4.50015 0
      vertex 6.86524 -2.33044 0
      vertex 12.9343 -5.35757 0
    endloop
  endfacet
  facet normal 0 0 1
    outer loop
      vertex 5.12652 5.12652 0
      vertex 9.89949 9.89949 0
      vertex 9.23084 10.5258 0
    endloop
  endfacet
  facet normal -0 0 1
    outer loop
      vertex 6.69813 -2.77445 0
      vertex 12.9343 -5.35757 0
      vertex 6.86524 -2.33044 0
    endloop
  endfacet
  facet normal 0 0 1
    outer loop
      vertex 4.78026 5.45084 0
      vertex 9.23084 10.5258 0
      vertex 8.52266 11.1069 0
    endloop
  endfacet
  facet normal 0 0 1
    outer loop
      vertex 12.9343 -5.35757 0
      vertex 6.69813 -2.77445 0
      vertex 12.5562 -6.19204 0
    endloop
  endfacet
  facet normal 0 0 1
    outer loop
      vertex 4.41352 5.75181 0
      vertex 8.52266 11.1069 0
      vertex 7.77798 11.6406 0
    endloop
  endfacet
  facet normal -0 0 1
    outer loop
      vertex 6.50233 -3.20659 0
      vertex 12.5562 -6.19204 0
      vertex 6.69813 -2.77445 0
    endloop
  endfacet
  facet normal 0 0 1
    outer loop
      vertex 12.5562 -6.19204 0
      vertex 6.50233 -3.20659 0
      vertex 12.1244 -7 0
    endloop
  endfacet
  facet normal 0 0 1
    outer loop
      vertex 13.97 0.915644 0
      vertex 7.23448 0.474173 0
      vertex 7.25 0 0
    endloop
  endfacet
  facet normal 0 0 1
    outer loop
      vertex 13.8802 1.82737 0
      vertex 7.18797 0.946315 0
      vertex 7.23448 0.474173 0
    endloop
  endfacet
  facet normal 0 0 1
    outer loop
      vertex 13.731 2.73126 0
      vertex 7.11069 1.4144 0
      vertex 7.18797 0.946315 0
    endloop
  endfacet
  facet normal 0 0 1
    outer loop
      vertex 13.523 3.62347 0
      vertex 7.00296 1.87644 0
      vertex 7.11069 1.4144 0
    endloop
  endfacet
  facet normal 0 0 1
    outer loop
      vertex 4.02788 6.02815 0
      vertex 7.77798 11.6406 0
      vertex 7 12.1244 0
    endloop
  endfacet
  facet normal 0 0 1
    outer loop
      vertex 13.257 4.50015 0
      vertex 6.86524 2.33044 0
      vertex 7.00296 1.87644 0
    endloop
  endfacet
  facet normal 0 0 1
    outer loop
      vertex 12.9343 5.35757 0
      vertex 6.69813 2.77445 0
      vertex 6.86524 2.33044 0
    endloop
  endfacet
  facet normal 0 0 1
    outer loop
      vertex 12.5562 6.19204 0
      vertex 6.50233 3.20659 0
      vertex 6.69813 2.77445 0
    endloop
  endfacet
  facet normal 0 0 1
    outer loop
      vertex 12.1244 7 0
      vertex 6.27868 3.625 0
      vertex 6.50233 3.20659 0
    endloop
  endfacet
  facet normal 0 0 1
    outer loop
      vertex 3.625 6.27868 0
      vertex 7 12.1244 0
      vertex 6.19204 12.5562 0
    endloop
  endfacet
  facet normal 0 0 1
    outer loop
      vertex 11.6406 7.77798 0
      vertex 6.02815 4.02788 0
      vertex 6.27868 3.625 0
    endloop
  endfacet
  facet normal 0 0 1
    outer loop
      vertex 11.1069 8.52266 0
      vertex 5.75181 4.41352 0
      vertex 6.02815 4.02788 0
    endloop
  endfacet
  facet normal 0 0 1
    outer loop
      vertex 10.5258 9.23084 0
      vertex 5.45084 4.78026 0
      vertex 5.75181 4.41352 0
    endloop
  endfacet
  facet normal 0 0 1
    outer loop
      vertex 3.20659 6.50233 0
      vertex 6.19204 12.5562 0
      vertex 5.35757 12.9343 0
    endloop
  endfacet
  facet normal 0 0 1
    outer loop
      vertex 9.89949 9.89949 0
      vertex 5.12652 5.12652 0
      vertex 5.45084 4.78026 0
    endloop
  endfacet
  facet normal 0 0 1
    outer loop
      vertex 9.23084 10.5258 0
      vertex 4.78026 5.45084 0
      vertex 5.12652 5.12652 0
    endloop
  endfacet
  facet normal 0 0 1
    outer loop
      vertex 2.77445 6.69813 0
      vertex 5.35757 12.9343 0
      vertex 4.50015 13.257 0
    endloop
  endfacet
  facet normal 0 0 1
    outer loop
      vertex 8.52266 11.1069 0
      vertex 4.41352 5.75181 0
      vertex 4.78026 5.45084 0
    endloop
  endfacet
  facet normal 0 0 1
    outer loop
      vertex 7.77798 11.6406 0
      vertex 4.02788 6.02815 0
      vertex 4.41352 5.75181 0
    endloop
  endfacet
  facet normal 0 0 1
    outer loop
      vertex 7 12.1244 0
      vertex 3.625 6.27868 0
      vertex 4.02788 6.02815 0
    endloop
  endfacet
  facet normal 0 0 1
    outer loop
      vertex 2.33044 6.86524 0
      vertex 4.50015 13.257 0
      vertex 3.62347 13.523 0
    endloop
  endfacet
  facet normal 0 0 1
    outer loop
      vertex 6.19204 12.5562 0
      vertex 3.20659 6.50233 0
      vertex 3.625 6.27868 0
    endloop
  endfacet
  facet normal 0 0 1
    outer loop
      vertex 5.35757 12.9343 0
      vertex 2.77445 6.69813 0
      vertex 3.20659 6.50233 0
    endloop
  endfacet
  facet normal 0 0 1
    outer loop
      vertex 1.87644 7.00296 0
      vertex 3.62347 13.523 0
      vertex 2.73126 13.731 0
    endloop
  endfacet
  facet normal 0 0 1
    outer loop
      vertex 4.50015 13.257 0
      vertex 2.33044 6.86524 0
      vertex 2.77445 6.69813 0
    endloop
  endfacet
  facet normal 0 0 1
    outer loop
      vertex 3.62347 13.523 0
      vertex 1.87644 7.00296 0
      vertex 2.33044 6.86524 0
    endloop
  endfacet
  facet normal 0 0 1
    outer loop
      vertex 1.4144 7.11069 0
      vertex 2.73126 13.731 0
      vertex 1.82737 13.8802 0
    endloop
  endfacet
  facet normal 0 0 1
    outer loop
      vertex 2.73126 13.731 0
      vertex 1.4144 7.11069 0
      vertex 1.87644 7.00296 0
    endloop
  endfacet
  facet normal 0 0 1
    outer loop
      vertex 1.82737 13.8802 0
      vertex 0.946315 7.18797 0
      vertex 1.4144 7.11069 0
    endloop
  endfacet
  facet normal 0 0 1
    outer loop
      vertex 0.915644 13.97 0
      vertex 0.946315 7.18797 0
      vertex 1.82737 13.8802 0
    endloop
  endfacet
  facet normal 0 0 1
    outer loop
      vertex 0.915644 13.97 0
      vertex 0.474173 7.23448 0
      vertex 0.946315 7.18797 0
    endloop
  endfacet
  facet normal 0 0 1
    outer loop
      vertex 0 14 0
      vertex 0.474173 7.23448 0
      vertex 0.915644 13.97 0
    endloop
  endfacet
  facet normal 0 0 1
    outer loop
      vertex 0 14 0
      vertex 0 7.25 0
      vertex 0.474173 7.23448 0
    endloop
  endfacet
  facet normal 0 0 1
    outer loop
      vertex 0 14 0
      vertex -0.474173 7.23448 0
      vertex 0 7.25 0
    endloop
  endfacet
  facet normal -0 0 1
    outer loop
      vertex -0.915644 13.97 0
      vertex -0.474173 7.23448 0
      vertex 0 14 0
    endloop
  endfacet
  facet normal 0 0 1
    outer loop
      vertex -0.915644 13.97 0
      vertex -0.946315 7.18797 0
      vertex -0.474173 7.23448 0
    endloop
  endfacet
  facet normal -0 0 1
    outer loop
      vertex -1.82737 13.8802 0
      vertex -0.946315 7.18797 0
      vertex -0.915644 13.97 0
    endloop
  endfacet
  facet normal 0 0 1
    outer loop
      vertex -0.946315 7.18797 0
      vertex -1.82737 13.8802 0
      vertex -1.4144 7.11069 0
    endloop
  endfacet
  facet normal -0 0 1
    outer loop
      vertex -2.73126 13.731 0
      vertex -1.4144 7.11069 0
      vertex -1.82737 13.8802 0
    endloop
  endfacet
  facet normal 0 0 1
    outer loop
      vertex -1.4144 7.11069 0
      vertex -2.73126 13.731 0
      vertex -1.87644 7.00296 0
    endloop
  endfacet
  facet normal -0 0 1
    outer loop
      vertex -3.62347 13.523 0
      vertex -1.87644 7.00296 0
      vertex -2.73126 13.731 0
    endloop
  endfacet
  facet normal 0 0 1
    outer loop
      vertex -1.87644 7.00296 0
      vertex -3.62347 13.523 0
      vertex -2.33044 6.86524 0
    endloop
  endfacet
  facet normal -0 0 1
    outer loop
      vertex -4.50015 13.257 0
      vertex -2.33044 6.86524 0
      vertex -3.62347 13.523 0
    endloop
  endfacet
  facet normal 0 0 1
    outer loop
      vertex -2.33044 6.86524 0
      vertex -4.50015 13.257 0
      vertex -2.77445 6.69813 0
    endloop
  endfacet
  facet normal -0 0 1
    outer loop
      vertex -5.35757 12.9343 0
      vertex -2.77445 6.69813 0
      vertex -4.50015 13.257 0
    endloop
  endfacet
  facet normal 0 0 1
    outer loop
      vertex -2.77445 6.69813 0
      vertex -5.35757 12.9343 0
      vertex -3.20659 6.50233 0
    endloop
  endfacet
  facet normal -0 0 1
    outer loop
      vertex -6.19204 12.5562 0
      vertex -3.20659 6.50233 0
      vertex -5.35757 12.9343 0
    endloop
  endfacet
  facet normal 0 0 1
    outer loop
      vertex -3.20659 6.50233 0
      vertex -6.19204 12.5562 0
      vertex -3.625 6.27868 0
    endloop
  endfacet
  facet normal -0 0 1
    outer loop
      vertex -7 12.1244 0
      vertex -3.625 6.27868 0
      vertex -6.19204 12.5562 0
    endloop
  endfacet
  facet normal 0 0 1
    outer loop
      vertex -3.625 6.27868 0
      vertex -7 12.1244 0
      vertex -4.02788 6.02815 0
    endloop
  endfacet
  facet normal -0 0 1
    outer loop
      vertex -7.77798 11.6406 0
      vertex -4.02788 6.02815 0
      vertex -7 12.1244 0
    endloop
  endfacet
  facet normal 0 0 1
    outer loop
      vertex -4.02788 6.02815 0
      vertex -7.77798 11.6406 0
      vertex -4.41352 5.75181 0
    endloop
  endfacet
  facet normal -0 0 1
    outer loop
      vertex -8.52266 11.1069 0
      vertex -4.41352 5.75181 0
      vertex -7.77798 11.6406 0
    endloop
  endfacet
  facet normal 0 0 1
    outer loop
      vertex -4.41352 5.75181 0
      vertex -8.52266 11.1069 0
      vertex -4.78026 5.45084 0
    endloop
  endfacet
  facet normal -0 0 1
    outer loop
      vertex -9.23084 10.5258 0
      vertex -4.78026 5.45084 0
      vertex -8.52266 11.1069 0
    endloop
  endfacet
  facet normal 0 0 1
    outer loop
      vertex -4.78026 5.45084 0
      vertex -9.23084 10.5258 0
      vertex -5.12652 5.12652 0
    endloop
  endfacet
  facet normal -0 0 1
    outer loop
      vertex -9.89949 9.89949 0
      vertex -5.12652 5.12652 0
      vertex -9.23084 10.5258 0
    endloop
  endfacet
  facet normal 0 0 1
    outer loop
      vertex -5.12652 5.12652 0
      vertex -9.89949 9.89949 0
      vertex -5.45084 4.78026 0
    endloop
  endfacet
  facet normal -0 0 1
    outer loop
      vertex -10.5258 9.23084 0
      vertex -5.45084 4.78026 0
      vertex -9.89949 9.89949 0
    endloop
  endfacet
  facet normal 0 0 1
    outer loop
      vertex -5.45084 4.78026 0
      vertex -10.5258 9.23084 0
      vertex -5.75181 4.41352 0
    endloop
  endfacet
  facet normal -0 0 1
    outer loop
      vertex -11.1069 8.52266 0
      vertex -5.75181 4.41352 0
      vertex -10.5258 9.23084 0
    endloop
  endfacet
  facet normal 0 0 1
    outer loop
      vertex -5.75181 4.41352 0
      vertex -11.1069 8.52266 0
      vertex -6.02815 4.02788 0
    endloop
  endfacet
  facet normal -0 0 1
    outer loop
      vertex -11.6406 7.77798 0
      vertex -6.02815 4.02788 0
      vertex -11.1069 8.52266 0
    endloop
  endfacet
  facet normal 0 0 1
    outer loop
      vertex -6.02815 4.02788 0
      vertex -11.6406 7.77798 0
      vertex -6.27868 3.625 0
    endloop
  endfacet
  facet normal -0 0 1
    outer loop
      vertex -12.1244 7 0
      vertex -6.27868 3.625 0
      vertex -11.6406 7.77798 0
    endloop
  endfacet
  facet normal 0 0 1
    outer loop
      vertex -6.27868 3.625 0
      vertex -12.1244 7 0
      vertex -6.50233 3.20659 0
    endloop
  endfacet
  facet normal -0 0 1
    outer loop
      vertex 6.27868 -3.625 0
      vertex 12.1244 -7 0
      vertex 6.50233 -3.20659 0
    endloop
  endfacet
  facet normal 0 0 1
    outer loop
      vertex 12.1244 -7 0
      vertex 6.27868 -3.625 0
      vertex 11.6406 -7.77798 0
    endloop
  endfacet
  facet normal -0 0 1
    outer loop
      vertex 6.02815 -4.02788 0
      vertex 11.6406 -7.77798 0
      vertex 6.27868 -3.625 0
    endloop
  endfacet
  facet normal 0 0 1
    outer loop
      vertex 11.6406 -7.77798 0
      vertex 6.02815 -4.02788 0
      vertex 11.1069 -8.52266 0
    endloop
  endfacet
  facet normal -0 0 1
    outer loop
      vertex 5.75181 -4.41352 0
      vertex 11.1069 -8.52266 0
      vertex 6.02815 -4.02788 0
    endloop
  endfacet
  facet normal 0 0 1
    outer loop
      vertex 11.1069 -8.52266 0
      vertex 5.75181 -4.41352 0
      vertex 10.5258 -9.23084 0
    endloop
  endfacet
  facet normal -0 0 1
    outer loop
      vertex 5.45084 -4.78026 0
      vertex 10.5258 -9.23084 0
      vertex 5.75181 -4.41352 0
    endloop
  endfacet
  facet normal 0 0 1
    outer loop
      vertex 10.5258 -9.23084 0
      vertex 5.45084 -4.78026 0
      vertex 9.89949 -9.89949 0
    endloop
  endfacet
  facet normal -0 0 1
    outer loop
      vertex 5.12652 -5.12652 0
      vertex 9.89949 -9.89949 0
      vertex 5.45084 -4.78026 0
    endloop
  endfacet
  facet normal 0 0 1
    outer loop
      vertex 9.89949 -9.89949 0
      vertex 5.12652 -5.12652 0
      vertex 9.23084 -10.5258 0
    endloop
  endfacet
  facet normal -0 0 1
    outer loop
      vertex 4.78026 -5.45084 0
      vertex 9.23084 -10.5258 0
      vertex 5.12652 -5.12652 0
    endloop
  endfacet
  facet normal 0 0 1
    outer loop
      vertex 9.23084 -10.5258 0
      vertex 4.78026 -5.45084 0
      vertex 8.52266 -11.1069 0
    endloop
  endfacet
  facet normal -0 0 1
    outer loop
      vertex 4.41352 -5.75181 0
      vertex 8.52266 -11.1069 0
      vertex 4.78026 -5.45084 0
    endloop
  endfacet
  facet normal 0 0 1
    outer loop
      vertex 8.52266 -11.1069 0
      vertex 4.41352 -5.75181 0
      vertex 7.77798 -11.6406 0
    endloop
  endfacet
  facet normal -0 0 1
    outer loop
      vertex 4.02788 -6.02815 0
      vertex 7.77798 -11.6406 0
      vertex 4.41352 -5.75181 0
    endloop
  endfacet
  facet normal 0 0 1
    outer loop
      vertex 7.77798 -11.6406 0
      vertex 4.02788 -6.02815 0
      vertex 7 -12.1244 0
    endloop
  endfacet
  facet normal -0 0 1
    outer loop
      vertex 3.625 -6.27868 0
      vertex 7 -12.1244 0
      vertex 4.02788 -6.02815 0
    endloop
  endfacet
  facet normal 0 0 1
    outer loop
      vertex 7 -12.1244 0
      vertex 3.625 -6.27868 0
      vertex 6.19204 -12.5562 0
    endloop
  endfacet
  facet normal -0 0 1
    outer loop
      vertex 3.20659 -6.50233 0
      vertex 6.19204 -12.5562 0
      vertex 3.625 -6.27868 0
    endloop
  endfacet
  facet normal 0 0 1
    outer loop
      vertex 6.19204 -12.5562 0
      vertex 3.20659 -6.50233 0
      vertex 5.35757 -12.9343 0
    endloop
  endfacet
  facet normal -0 0 1
    outer loop
      vertex 2.77445 -6.69813 0
      vertex 5.35757 -12.9343 0
      vertex 3.20659 -6.50233 0
    endloop
  endfacet
  facet normal 0 0 1
    outer loop
      vertex 5.35757 -12.9343 0
      vertex 2.77445 -6.69813 0
      vertex 4.50015 -13.257 0
    endloop
  endfacet
  facet normal -0 0 1
    outer loop
      vertex 2.33044 -6.86524 0
      vertex 4.50015 -13.257 0
      vertex 2.77445 -6.69813 0
    endloop
  endfacet
  facet normal 0 0 1
    outer loop
      vertex 4.50015 -13.257 0
      vertex 2.33044 -6.86524 0
      vertex 3.62347 -13.523 0
    endloop
  endfacet
  facet normal -0 0 1
    outer loop
      vertex 1.87644 -7.00296 0
      vertex 3.62347 -13.523 0
      vertex 2.33044 -6.86524 0
    endloop
  endfacet
  facet normal 0 0 1
    outer loop
      vertex 3.62347 -13.523 0
      vertex 1.87644 -7.00296 0
      vertex 2.73126 -13.731 0
    endloop
  endfacet
  facet normal -0 0 1
    outer loop
      vertex 1.4144 -7.11069 0
      vertex 2.73126 -13.731 0
      vertex 1.87644 -7.00296 0
    endloop
  endfacet
  facet normal 0 0 1
    outer loop
      vertex 2.73126 -13.731 0
      vertex 1.4144 -7.11069 0
      vertex 1.82737 -13.8802 0
    endloop
  endfacet
  facet normal -0 0 1
    outer loop
      vertex 0.946315 -7.18797 0
      vertex 1.82737 -13.8802 0
      vertex 1.4144 -7.11069 0
    endloop
  endfacet
  facet normal 0 0 1
    outer loop
      vertex 0.946315 -7.18797 0
      vertex 0.915644 -13.97 0
      vertex 1.82737 -13.8802 0
    endloop
  endfacet
  facet normal -0 0 1
    outer loop
      vertex 0.474173 -7.23448 0
      vertex 0.915644 -13.97 0
      vertex 0.946315 -7.18797 0
    endloop
  endfacet
  facet normal -0 0 1
    outer loop
      vertex 0 -7.25 0
      vertex 0.915644 -13.97 0
      vertex 0.474173 -7.23448 0
    endloop
  endfacet
  facet normal 0 0 1
    outer loop
      vertex 0 -7.25 0
      vertex 0 -14 0
      vertex 0.915644 -13.97 0
    endloop
  endfacet
  facet normal 0 0 1
    outer loop
      vertex -0.474173 -7.23448 0
      vertex 0 -14 0
      vertex 0 -7.25 0
    endloop
  endfacet
  facet normal 0 0 1
    outer loop
      vertex -0.474173 -7.23448 0
      vertex -0.915644 -13.97 0
      vertex 0 -14 0
    endloop
  endfacet
  facet normal 0 0 1
    outer loop
      vertex -0.946315 -7.18797 0
      vertex -0.915644 -13.97 0
      vertex -0.474173 -7.23448 0
    endloop
  endfacet
  facet normal 0 0 1
    outer loop
      vertex -1.82737 -13.8802 0
      vertex -0.946315 -7.18797 0
      vertex -1.4144 -7.11069 0
    endloop
  endfacet
  facet normal 0 0 1
    outer loop
      vertex -0.946315 -7.18797 0
      vertex -1.82737 -13.8802 0
      vertex -0.915644 -13.97 0
    endloop
  endfacet
  facet normal 0 0 1
    outer loop
      vertex -2.73126 -13.731 0
      vertex -1.4144 -7.11069 0
      vertex -1.87644 -7.00296 0
    endloop
  endfacet
  facet normal 0 0 1
    outer loop
      vertex -3.62347 -13.523 0
      vertex -1.87644 -7.00296 0
      vertex -2.33044 -6.86524 0
    endloop
  endfacet
  facet normal 0 0 1
    outer loop
      vertex -1.4144 -7.11069 0
      vertex -2.73126 -13.731 0
      vertex -1.82737 -13.8802 0
    endloop
  endfacet
  facet normal 0 0 1
    outer loop
      vertex -4.50015 -13.257 0
      vertex -2.33044 -6.86524 0
      vertex -2.77445 -6.69813 0
    endloop
  endfacet
  facet normal 0 0 1
    outer loop
      vertex -5.35757 -12.9343 0
      vertex -2.77445 -6.69813 0
      vertex -3.20659 -6.50233 0
    endloop
  endfacet
  facet normal 0 0 1
    outer loop
      vertex -1.87644 -7.00296 0
      vertex -3.62347 -13.523 0
      vertex -2.73126 -13.731 0
    endloop
  endfacet
  facet normal 0 0 1
    outer loop
      vertex -6.19204 -12.5562 0
      vertex -3.20659 -6.50233 0
      vertex -3.625 -6.27868 0
    endloop
  endfacet
  facet normal 0 0 1
    outer loop
      vertex -7 -12.1244 0
      vertex -3.625 -6.27868 0
      vertex -4.02788 -6.02815 0
    endloop
  endfacet
  facet normal 0 0 1
    outer loop
      vertex -7.77798 -11.6406 0
      vertex -4.02788 -6.02815 0
      vertex -4.41352 -5.75181 0
    endloop
  endfacet
  facet normal 0 0 1
    outer loop
      vertex -2.33044 -6.86524 0
      vertex -4.50015 -13.257 0
      vertex -3.62347 -13.523 0
    endloop
  endfacet
  facet normal 0 0 1
    outer loop
      vertex -8.52266 -11.1069 0
      vertex -4.41352 -5.75181 0
      vertex -4.78026 -5.45084 0
    endloop
  endfacet
  facet normal 0 0 1
    outer loop
      vertex -9.23084 -10.5258 0
      vertex -4.78026 -5.45084 0
      vertex -5.12652 -5.12652 0
    endloop
  endfacet
  facet normal 0 0 1
    outer loop
      vertex -2.77445 -6.69813 0
      vertex -5.35757 -12.9343 0
      vertex -4.50015 -13.257 0
    endloop
  endfacet
  facet normal 0 0 1
    outer loop
      vertex -9.89949 -9.89949 0
      vertex -5.12652 -5.12652 0
      vertex -5.45084 -4.78026 0
    endloop
  endfacet
  facet normal 0 0 1
    outer loop
      vertex -10.5258 -9.23084 0
      vertex -5.45084 -4.78026 0
      vertex -5.75181 -4.41352 0
    endloop
  endfacet
  facet normal 0 0 1
    outer loop
      vertex -11.1069 -8.52266 0
      vertex -5.75181 -4.41352 0
      vertex -6.02815 -4.02788 0
    endloop
  endfacet
  facet normal 0 0 1
    outer loop
      vertex -3.20659 -6.50233 0
      vertex -6.19204 -12.5562 0
      vertex -5.35757 -12.9343 0
    endloop
  endfacet
  facet normal 0 0 1
    outer loop
      vertex -11.6406 -7.77798 0
      vertex -6.02815 -4.02788 0
      vertex -6.27868 -3.625 0
    endloop
  endfacet
  facet normal 0 0 1
    outer loop
      vertex -12.1244 -7 0
      vertex -6.27868 -3.625 0
      vertex -6.50233 -3.20659 0
    endloop
  endfacet
  facet normal 0 0 1
    outer loop
      vertex -12.5562 -6.19204 0
      vertex -6.50233 -3.20659 0
      vertex -6.69813 -2.77445 0
    endloop
  endfacet
  facet normal 0 0 1
    outer loop
      vertex -12.9343 -5.35757 0
      vertex -6.69813 -2.77445 0
      vertex -6.86524 -2.33044 0
    endloop
  endfacet
  facet normal 0 0 1
    outer loop
      vertex -3.625 -6.27868 0
      vertex -7 -12.1244 0
      vertex -6.19204 -12.5562 0
    endloop
  endfacet
  facet normal 0 0 1
    outer loop
      vertex -13.257 -4.50015 0
      vertex -6.86524 -2.33044 0
      vertex -7.00296 -1.87644 0
    endloop
  endfacet
  facet normal 0 0 1
    outer loop
      vertex -13.523 -3.62347 0
      vertex -7.00296 -1.87644 0
      vertex -7.11069 -1.4144 0
    endloop
  endfacet
  facet normal 0 0 1
    outer loop
      vertex -13.731 -2.73126 0
      vertex -7.11069 -1.4144 0
      vertex -7.18797 -0.946315 0
    endloop
  endfacet
  facet normal 0 0 1
    outer loop
      vertex -13.8802 -1.82737 0
      vertex -7.18797 -0.946315 0
      vertex -7.23448 -0.474173 0
    endloop
  endfacet
  facet normal 0 0 1
    outer loop
      vertex -13.97 -0.915644 0
      vertex -7.23448 -0.474173 0
      vertex -7.25 0 0
    endloop
  endfacet
  facet normal -0 0 1
    outer loop
      vertex -12.5562 6.19204 0
      vertex -6.50233 3.20659 0
      vertex -12.1244 7 0
    endloop
  endfacet
  facet normal 0 0 1
    outer loop
      vertex -4.02788 -6.02815 0
      vertex -7.77798 -11.6406 0
      vertex -7 -12.1244 0
    endloop
  endfacet
  facet normal 0 0 1
    outer loop
      vertex -6.50233 3.20659 0
      vertex -12.5562 6.19204 0
      vertex -6.69813 2.77445 0
    endloop
  endfacet
  facet normal 0 0 1
    outer loop
      vertex -4.41352 -5.75181 0
      vertex -8.52266 -11.1069 0
      vertex -7.77798 -11.6406 0
    endloop
  endfacet
  facet normal -0 0 1
    outer loop
      vertex -12.9343 5.35757 0
      vertex -6.69813 2.77445 0
      vertex -12.5562 6.19204 0
    endloop
  endfacet
  facet normal 0 0 1
    outer loop
      vertex -4.78026 -5.45084 0
      vertex -9.23084 -10.5258 0
      vertex -8.52266 -11.1069 0
    endloop
  endfacet
  facet normal 0 0 1
    outer loop
      vertex -6.69813 2.77445 0
      vertex -12.9343 5.35757 0
      vertex -6.86524 2.33044 0
    endloop
  endfacet
  facet normal 0 0 1
    outer loop
      vertex -5.12652 -5.12652 0
      vertex -9.89949 -9.89949 0
      vertex -9.23084 -10.5258 0
    endloop
  endfacet
  facet normal -0 0 1
    outer loop
      vertex -13.257 4.50015 0
      vertex -6.86524 2.33044 0
      vertex -12.9343 5.35757 0
    endloop
  endfacet
  facet normal 0 0 1
    outer loop
      vertex -5.45084 -4.78026 0
      vertex -10.5258 -9.23084 0
      vertex -9.89949 -9.89949 0
    endloop
  endfacet
  facet normal 0 0 1
    outer loop
      vertex -6.86524 2.33044 0
      vertex -13.257 4.50015 0
      vertex -7.00296 1.87644 0
    endloop
  endfacet
  facet normal 0 0 1
    outer loop
      vertex -5.75181 -4.41352 0
      vertex -11.1069 -8.52266 0
      vertex -10.5258 -9.23084 0
    endloop
  endfacet
  facet normal -0 0 1
    outer loop
      vertex -13.523 3.62347 0
      vertex -7.00296 1.87644 0
      vertex -13.257 4.50015 0
    endloop
  endfacet
  facet normal 0 0 1
    outer loop
      vertex -6.02815 -4.02788 0
      vertex -11.6406 -7.77798 0
      vertex -11.1069 -8.52266 0
    endloop
  endfacet
  facet normal 0 0 1
    outer loop
      vertex -7.00296 1.87644 0
      vertex -13.523 3.62347 0
      vertex -7.11069 1.4144 0
    endloop
  endfacet
  facet normal 0 0 1
    outer loop
      vertex -6.27868 -3.625 0
      vertex -12.1244 -7 0
      vertex -11.6406 -7.77798 0
    endloop
  endfacet
  facet normal -0 0 1
    outer loop
      vertex -13.731 2.73126 0
      vertex -7.11069 1.4144 0
      vertex -13.523 3.62347 0
    endloop
  endfacet
  facet normal 0 0 1
    outer loop
      vertex -6.50233 -3.20659 0
      vertex -12.5562 -6.19204 0
      vertex -12.1244 -7 0
    endloop
  endfacet
  facet normal 0 0 1
    outer loop
      vertex -7.11069 1.4144 0
      vertex -13.731 2.73126 0
      vertex -7.18797 0.946315 0
    endloop
  endfacet
  facet normal 0 0 1
    outer loop
      vertex -6.69813 -2.77445 0
      vertex -12.9343 -5.35757 0
      vertex -12.5562 -6.19204 0
    endloop
  endfacet
  facet normal -0 0 1
    outer loop
      vertex -13.8802 1.82737 0
      vertex -7.18797 0.946315 0
      vertex -13.731 2.73126 0
    endloop
  endfacet
  facet normal 0 0 1
    outer loop
      vertex -6.86524 -2.33044 0
      vertex -13.257 -4.50015 0
      vertex -12.9343 -5.35757 0
    endloop
  endfacet
  facet normal 0 0 1
    outer loop
      vertex -7.18797 0.946315 0
      vertex -13.8802 1.82737 0
      vertex -7.23448 0.474173 0
    endloop
  endfacet
  facet normal 0 0 1
    outer loop
      vertex -7.00296 -1.87644 0
      vertex -13.523 -3.62347 0
      vertex -13.257 -4.50015 0
    endloop
  endfacet
  facet normal -0 0 1
    outer loop
      vertex -13.97 0.915644 0
      vertex -7.23448 0.474173 0
      vertex -13.8802 1.82737 0
    endloop
  endfacet
  facet normal 0 0 1
    outer loop
      vertex -7.11069 -1.4144 0
      vertex -13.731 -2.73126 0
      vertex -13.523 -3.62347 0
    endloop
  endfacet
  facet normal 0 0 1
    outer loop
      vertex -7.23448 0.474173 0
      vertex -13.97 0.915644 0
      vertex -7.25 0 0
    endloop
  endfacet
  facet normal 0 0 1
    outer loop
      vertex -7.18797 -0.946315 0
      vertex -13.8802 -1.82737 0
      vertex -13.731 -2.73126 0
    endloop
  endfacet
  facet normal 0 0 1
    outer loop
      vertex -14 0 0
      vertex -7.25 0 0
      vertex -13.97 0.915644 0
    endloop
  endfacet
  facet normal 0 0 1
    outer loop
      vertex -7.23448 -0.474173 0
      vertex -13.97 -0.915644 0
      vertex -13.8802 -1.82737 0
    endloop
  endfacet
  facet normal 0 0 1
    outer loop
      vertex -7.25 0 0
      vertex -14 0 0
      vertex -13.97 -0.915644 0
    endloop
  endfacet
  facet normal -0.52807 0.849201 0
    outer loop
      vertex -6 10.3923 -20
      vertex -6.66684 9.97763 -2
      vertex -6 10.3923 -2
    endloop
  endfacet
  facet normal -0.52807 0.849201 0
    outer loop
      vertex -6.66684 9.97763 -2
      vertex -6 10.3923 -20
      vertex -6.66684 9.97763 -20
    endloop
  endfacet
  facet normal -0.0327281 0.999464 0
    outer loop
      vertex 0 12 -20
      vertex -0.784837 11.9743 -2
      vertex 0 12 -2
    endloop
  endfacet
  facet normal -0.0327281 0.999464 0
    outer loop
      vertex -0.784837 11.9743 -2
      vertex 0 12 -20
      vertex -0.784837 11.9743 -20
    endloop
  endfacet
  facet normal 0.29023 -0.956957 0
    outer loop
      vertex 3.10583 -11.5911 -20
      vertex 3.85727 -11.3632 -2
      vertex 3.10583 -11.5911 -2
    endloop
  endfacet
  facet normal 0.29023 -0.956957 0
    outer loop
      vertex 3.85727 -11.3632 -2
      vertex 3.10583 -11.5911 -20
      vertex 3.85727 -11.3632 -20
    endloop
  endfacet
  facet normal 0.634393 -0.773011 0
    outer loop
      vertex 7.30514 -9.52024 -20
      vertex 7.91215 -9.02208 -2
      vertex 7.30514 -9.52024 -2
    endloop
  endfacet
  facet normal 0.634393 -0.773011 0
    outer loop
      vertex 7.91215 -9.02208 -2
      vertex 7.30514 -9.52024 -20
      vertex 7.91215 -9.02208 -20
    endloop
  endfacet
  facet normal 0.471426 -0.881906 0
    outer loop
      vertex 5.30746 -10.7625 -20
      vertex 6 -10.3923 -2
      vertex 5.30746 -10.7625 -2
    endloop
  endfacet
  facet normal 0.471426 -0.881906 0
    outer loop
      vertex 6 -10.3923 -2
      vertex 5.30746 -10.7625 -20
      vertex 6 -10.3923 -20
    endloop
  endfacet
  facet normal 0.773011 -0.634393 0
    outer loop
      vertex 9.02208 -7.91215 -2
      vertex 9.52024 -7.30514 -20
      vertex 9.52024 -7.30514 -2
    endloop
  endfacet
  facet normal 0.773011 -0.634393 0
    outer loop
      vertex 9.52024 -7.30514 -20
      vertex 9.02208 -7.91215 -2
      vertex 9.02208 -7.91215 -20
    endloop
  endfacet
  facet normal 0.881906 -0.471426 0
    outer loop
      vertex 10.3923 -6 -2
      vertex 10.7625 -5.30746 -20
      vertex 10.7625 -5.30746 -2
    endloop
  endfacet
  facet normal 0.881906 -0.471426 0
    outer loop
      vertex 10.7625 -5.30746 -20
      vertex 10.3923 -6 -2
      vertex 10.3923 -6 -20
    endloop
  endfacet
  facet normal 0.995181 -0.0980551 0
    outer loop
      vertex 11.9743 -0.784837 -2
      vertex 11.9531 -1 -20
      vertex 11.9743 -0.784837 -20
    endloop
  endfacet
  facet normal 0.995181 -0.098057 2.288e-08
    outer loop
      vertex 11.8973 -1.56631 -2
      vertex 11.9531 -1 -20
      vertex 11.9743 -0.784837 -2
    endloop
  endfacet
  facet normal 0.995181 -0.0980578 0
    outer loop
      vertex 11.9531 -1 -20
      vertex 11.8973 -1.56631 -2
      vertex 11.8973 -1.56631 -20
    endloop
  endfacet
  facet normal -0.58247 -0.812852 0
    outer loop
      vertex -7.30514 -9.52024 -20
      vertex -6.66684 -9.97763 -2
      vertex -7.30514 -9.52024 -2
    endloop
  endfacet
  facet normal -0.582471 -0.812852 5.85372e-08
    outer loop
      vertex -6.84258 -9.8517 -20
      vertex -6.66684 -9.97763 -2
      vertex -7.30514 -9.52024 -20
    endloop
  endfacet
  facet normal -0.582467 -0.812854 -0
    outer loop
      vertex -6.66684 -9.97763 -2
      vertex -6.84258 -9.8517 -20
      vertex -6.66684 -9.97763 -20
    endloop
  endfacet
  facet normal -0.683596 -0.729861 0
    outer loop
      vertex -8.48528 -8.48528 -20
      vertex -7.91215 -9.02208 -2
      vertex -8.48528 -8.48528 -2
    endloop
  endfacet
  facet normal -0.683596 -0.729861 -0
    outer loop
      vertex -7.91215 -9.02208 -2
      vertex -8.48528 -8.48528 -20
      vertex -7.91215 -9.02208 -20
    endloop
  endfacet
  facet normal -0.52807 -0.849201 0
    outer loop
      vertex -6.66684 -9.97763 -20
      vertex -6 -10.3923 -2
      vertex -6.66684 -9.97763 -2
    endloop
  endfacet
  facet normal -0.52807 -0.849201 -0
    outer loop
      vertex -6 -10.3923 -2
      vertex -6.66684 -9.97763 -20
      vertex -6 -10.3923 -20
    endloop
  endfacet
  facet normal -0.352241 -0.935909 0
    outer loop
      vertex -4.5922 -11.0866 -20
      vertex -3.85727 -11.3632 -2
      vertex -4.5922 -11.0866 -2
    endloop
  endfacet
  facet normal -0.352241 -0.935909 -0
    outer loop
      vertex -3.85727 -11.3632 -2
      vertex -4.5922 -11.0866 -20
      vertex -3.85727 -11.3632 -20
    endloop
  endfacet
  facet normal -0.999464 -0.0327281 0
    outer loop
      vertex -11.9743 -0.784837 -20
      vertex -12 0 -2
      vertex -12 0 -20
    endloop
  endfacet
  facet normal -0.999464 -0.0327281 0
    outer loop
      vertex -12 0 -2
      vertex -11.9743 -0.784837 -20
      vertex -11.9743 -0.784837 -2
    endloop
  endfacet
  facet normal 0.986646 0.162877 0
    outer loop
      vertex 11.8973 1.56631 -2
      vertex 11.7694 2.34108 -20
      vertex 11.7694 2.34108 -2
    endloop
  endfacet
  facet normal 0.986646 0.162877 0
    outer loop
      vertex 11.7694 2.34108 -20
      vertex 11.8973 1.56631 -2
      vertex 11.8973 1.56631 -20
    endloop
  endfacet
  facet normal 0.935909 0.352241 0
    outer loop
      vertex 11.3632 3.85727 -2
      vertex 11.0866 4.5922 -20
      vertex 11.0866 4.5922 -2
    endloop
  endfacet
  facet normal 0.935909 0.352241 0
    outer loop
      vertex 11.0866 4.5922 -20
      vertex 11.3632 3.85727 -2
      vertex 11.3632 3.85727 -20
    endloop
  endfacet
  facet normal 0.729861 0.683596 0
    outer loop
      vertex 9.02208 7.91215 -2
      vertex 8.48528 8.48528 -20
      vertex 8.48528 8.48528 -2
    endloop
  endfacet
  facet normal 0.729861 0.683596 0
    outer loop
      vertex 8.48528 8.48528 -20
      vertex 9.02208 7.91215 -2
      vertex 9.02208 7.91215 -20
    endloop
  endfacet
  facet normal 0.849201 0.52807 0
    outer loop
      vertex 10.3923 6 -2
      vertex 9.97763 6.66684 -20
      vertex 9.97763 6.66684 -2
    endloop
  endfacet
  facet normal 0.849201 0.52807 0
    outer loop
      vertex 9.97763 6.66684 -20
      vertex 10.3923 6 -2
      vertex 10.3923 6 -20
    endloop
  endfacet
  facet normal 0.227059 0.973881 -0
    outer loop
      vertex 3.10583 11.5911 -20
      vertex 2.34108 11.7694 -2
      vertex 3.10583 11.5911 -2
    endloop
  endfacet
  facet normal 0.227059 0.973881 0
    outer loop
      vertex 2.34108 11.7694 -2
      vertex 3.10583 11.5911 -20
      vertex 2.34108 11.7694 -20
    endloop
  endfacet
  facet normal 0.412728 0.910854 -0
    outer loop
      vertex 5.30746 10.7625 -20
      vertex 4.5922 11.0866 -2
      vertex 5.30746 10.7625 -2
    endloop
  endfacet
  facet normal 0.412728 0.910854 0
    outer loop
      vertex 4.5922 11.0866 -2
      vertex 5.30746 10.7625 -20
      vertex 4.5922 11.0866 -20
    endloop
  endfacet
  facet normal 0.58247 0.812852 -0
    outer loop
      vertex 7.30514 9.52024 -20
      vertex 6.66684 9.97763 -2
      vertex 7.30514 9.52024 -2
    endloop
  endfacet
  facet normal 0.58247 0.812852 0
    outer loop
      vertex 6.66684 9.97763 -2
      vertex 7.30514 9.52024 -20
      vertex 6.66684 9.97763 -20
    endloop
  endfacet
  facet normal -0.773011 0.634393 0
    outer loop
      vertex -9.52024 7.30514 -20
      vertex -9.02208 7.91215 -2
      vertex -9.02208 7.91215 -20
    endloop
  endfacet
  facet normal -0.773011 0.634393 0
    outer loop
      vertex -9.02208 7.91215 -2
      vertex -9.52024 7.30514 -20
      vertex -9.52024 7.30514 -2
    endloop
  endfacet
  facet normal -0.881906 0.471426 0
    outer loop
      vertex -10.7625 5.30746 -20
      vertex -10.3923 6 -2
      vertex -10.3923 6 -20
    endloop
  endfacet
  facet normal -0.881906 0.471426 0
    outer loop
      vertex -10.3923 6 -2
      vertex -10.7625 5.30746 -20
      vertex -10.7625 5.30746 -2
    endloop
  endfacet
  facet normal -0.956957 0.29023 0
    outer loop
      vertex -11.5911 3.10583 -20
      vertex -11.3632 3.85727 -2
      vertex -11.3632 3.85727 -20
    endloop
  endfacet
  facet normal -0.956957 0.29023 0
    outer loop
      vertex -11.3632 3.85727 -2
      vertex -11.5911 3.10583 -20
      vertex -11.5911 3.10583 -2
    endloop
  endfacet
  facet normal -0.986646 0.162877 0
    outer loop
      vertex -11.8973 1.56631 -20
      vertex -11.7694 2.34108 -2
      vertex -11.7694 2.34108 -20
    endloop
  endfacet
  facet normal -0.986646 0.162877 0
    outer loop
      vertex -11.7694 2.34108 -2
      vertex -11.8973 1.56631 -20
      vertex -11.8973 1.56631 -2
    endloop
  endfacet
  facet normal -0.995181 0.098057 0
    outer loop
      vertex -11.9743 0.784837 -20
      vertex -11.8973 1.56631 -2
      vertex -11.8973 1.56631 -20
    endloop
  endfacet
  facet normal -0.995181 0.098057 0
    outer loop
      vertex -11.8973 1.56631 -2
      vertex -11.9743 0.784837 -20
      vertex -11.9743 0.784837 -2
    endloop
  endfacet
  facet normal -0.471426 0.881906 0
    outer loop
      vertex -5.30746 10.7625 -20
      vertex -6 10.3923 -2
      vertex -5.30746 10.7625 -2
    endloop
  endfacet
  facet normal -0.471426 0.881906 0
    outer loop
      vertex -6 10.3923 -2
      vertex -5.30746 10.7625 -20
      vertex -6 10.3923 -20
    endloop
  endfacet
  facet normal -0.412777 0.910832 0
    outer loop
      vertex -5.11053 10.8517 -20
      vertex -4.5922 11.0866 -2
      vertex -4.5922 11.0866 -20
    endloop
  endfacet
  facet normal -0.412728 0.910854 -1.68528e-06
    outer loop
      vertex -4.5922 11.0866 -2
      vertex -5.11053 10.8517 -20
      vertex -5.30746 10.7625 -2
    endloop
  endfacet
  facet normal -0.4126 0.910912 0
    outer loop
      vertex -5.30746 10.7625 -2
      vertex -5.11053 10.8517 -20
      vertex -5.30746 10.7625 -20
    endloop
  endfacet
  facet normal -0.582467 0.812854 0
    outer loop
      vertex -6.84258 9.8517 -20
      vertex -6.66684 9.97763 -2
      vertex -6.66684 9.97763 -20
    endloop
  endfacet
  facet normal -0.58247 0.812852 4.24205e-08
    outer loop
      vertex -6.66684 9.97763 -2
      vertex -6.84258 9.8517 -20
      vertex -7.30514 9.52024 -2
    endloop
  endfacet
  facet normal -0.582471 0.812852 0
    outer loop
      vertex -7.30514 9.52024 -2
      vertex -6.84258 9.8517 -20
      vertex -7.30514 9.52024 -20
    endloop
  endfacet
  facet normal -0.634393 0.773011 0
    outer loop
      vertex -7.30514 9.52024 -20
      vertex -7.91215 9.02208 -2
      vertex -7.30514 9.52024 -2
    endloop
  endfacet
  facet normal -0.634393 0.773011 0
    outer loop
      vertex -7.91215 9.02208 -2
      vertex -7.30514 9.52024 -20
      vertex -7.91215 9.02208 -20
    endloop
  endfacet
  facet normal -0.227059 0.973881 0
    outer loop
      vertex -2.34108 11.7694 -20
      vertex -3.10583 11.5911 -2
      vertex -2.34108 11.7694 -2
    endloop
  endfacet
  facet normal -0.227059 0.973881 0
    outer loop
      vertex -3.10583 11.5911 -2
      vertex -2.34108 11.7694 -20
      vertex -3.10583 11.5911 -20
    endloop
  endfacet
  facet normal -0.29023 0.956957 0
    outer loop
      vertex -3.10583 11.5911 -20
      vertex -3.85727 11.3632 -2
      vertex -3.10583 11.5911 -2
    endloop
  endfacet
  facet normal -0.29023 0.956957 0
    outer loop
      vertex -3.85727 11.3632 -2
      vertex -3.10583 11.5911 -20
      vertex -3.85727 11.3632 -20
    endloop
  endfacet
  facet normal -0.098057 0.995181 0
    outer loop
      vertex -0.784837 11.9743 -20
      vertex -1.56631 11.8973 -2
      vertex -0.784837 11.9743 -2
    endloop
  endfacet
  facet normal -0.098057 0.995181 0
    outer loop
      vertex -1.56631 11.8973 -2
      vertex -0.784837 11.9743 -20
      vertex -1.56631 11.8973 -20
    endloop
  endfacet
  facet normal 0.999464 -0.0327281 0
    outer loop
      vertex 11.9743 -0.784837 -2
      vertex 12 0 -20
      vertex 12 0 -2
    endloop
  endfacet
  facet normal 0.999464 -0.0327281 0
    outer loop
      vertex 12 0 -20
      vertex 11.9743 -0.784837 -2
      vertex 11.9743 -0.784837 -20
    endloop
  endfacet
  facet normal 0.0327281 -0.999464 0
    outer loop
      vertex 0 -12 -20
      vertex 0.784837 -11.9743 -2
      vertex 0 -12 -2
    endloop
  endfacet
  facet normal 0.0327281 -0.999464 0
    outer loop
      vertex 0.784837 -11.9743 -2
      vertex 0 -12 -20
      vertex 0.784837 -11.9743 -20
    endloop
  endfacet
  facet normal 0.162877 -0.986646 0
    outer loop
      vertex 1.56631 -11.8973 -20
      vertex 2.34108 -11.7694 -2
      vertex 1.56631 -11.8973 -2
    endloop
  endfacet
  facet normal 0.162877 -0.986646 0
    outer loop
      vertex 2.34108 -11.7694 -2
      vertex 1.56631 -11.8973 -20
      vertex 2.34108 -11.7694 -20
    endloop
  endfacet
  facet normal 0.352241 -0.935909 0
    outer loop
      vertex 3.85727 -11.3632 -20
      vertex 4.5922 -11.0866 -2
      vertex 3.85727 -11.3632 -2
    endloop
  endfacet
  facet normal 0.352241 -0.935909 0
    outer loop
      vertex 4.5922 -11.0866 -2
      vertex 3.85727 -11.3632 -20
      vertex 4.5922 -11.0866 -20
    endloop
  endfacet
  facet normal 0.683596 -0.729861 0
    outer loop
      vertex 7.91215 -9.02208 -20
      vertex 8.48528 -8.48528 -2
      vertex 7.91215 -9.02208 -2
    endloop
  endfacet
  facet normal 0.683596 -0.729861 0
    outer loop
      vertex 8.48528 -8.48528 -2
      vertex 7.91215 -9.02208 -20
      vertex 8.48528 -8.48528 -20
    endloop
  endfacet
  facet normal 0.52807 -0.849201 0
    outer loop
      vertex 6 -10.3923 -20
      vertex 6.66684 -9.97763 -2
      vertex 6 -10.3923 -2
    endloop
  endfacet
  facet normal 0.52807 -0.849201 0
    outer loop
      vertex 6.66684 -9.97763 -2
      vertex 6 -10.3923 -20
      vertex 6.66684 -9.97763 -20
    endloop
  endfacet
  facet normal 0.812852 -0.58247 0
    outer loop
      vertex 9.52024 -7.30514 -2
      vertex 9.97763 -6.66684 -20
      vertex 9.97763 -6.66684 -2
    endloop
  endfacet
  facet normal 0.812852 -0.58247 0
    outer loop
      vertex 9.97763 -6.66684 -20
      vertex 9.52024 -7.30514 -2
      vertex 9.52024 -7.30514 -20
    endloop
  endfacet
  facet normal 0.910854 -0.412728 0
    outer loop
      vertex 10.7625 -5.30746 -2
      vertex 11.0866 -4.5922 -20
      vertex 11.0866 -4.5922 -2
    endloop
  endfacet
  facet normal 0.910854 -0.412728 0
    outer loop
      vertex 11.0866 -4.5922 -20
      vertex 10.7625 -5.30746 -2
      vertex 10.7625 -5.30746 -20
    endloop
  endfacet
  facet normal 0.956957 -0.29023 0
    outer loop
      vertex 11.3632 -3.85727 -2
      vertex 11.5911 -3.10583 -20
      vertex 11.5911 -3.10583 -2
    endloop
  endfacet
  facet normal 0.956957 -0.29023 0
    outer loop
      vertex 11.5911 -3.10583 -20
      vertex 11.3632 -3.85727 -2
      vertex 11.3632 -3.85727 -20
    endloop
  endfacet
  facet normal -0.634393 -0.773011 0
    outer loop
      vertex -7.91215 -9.02208 -20
      vertex -7.30514 -9.52024 -2
      vertex -7.91215 -9.02208 -2
    endloop
  endfacet
  facet normal -0.634393 -0.773011 -0
    outer loop
      vertex -7.30514 -9.52024 -2
      vertex -7.91215 -9.02208 -20
      vertex -7.30514 -9.52024 -20
    endloop
  endfacet
  facet normal -0.471426 -0.881906 0
    outer loop
      vertex -6 -10.3923 -20
      vertex -5.30746 -10.7625 -2
      vertex -6 -10.3923 -2
    endloop
  endfacet
  facet normal -0.471426 -0.881906 -0
    outer loop
      vertex -5.30746 -10.7625 -2
      vertex -6 -10.3923 -20
      vertex -5.30746 -10.7625 -20
    endloop
  endfacet
  facet normal -0.29023 -0.956957 0
    outer loop
      vertex -3.85727 -11.3632 -20
      vertex -3.10583 -11.5911 -2
      vertex -3.85727 -11.3632 -2
    endloop
  endfacet
  facet normal -0.29023 -0.956957 -0
    outer loop
      vertex -3.10583 -11.5911 -2
      vertex -3.85727 -11.3632 -20
      vertex -3.10583 -11.5911 -20
    endloop
  endfacet
  facet normal -0.162877 -0.986646 0
    outer loop
      vertex -2.34108 -11.7694 -20
      vertex -1.56631 -11.8973 -2
      vertex -2.34108 -11.7694 -2
    endloop
  endfacet
  facet normal -0.162877 -0.986646 -0
    outer loop
      vertex -1.56631 -11.8973 -2
      vertex -2.34108 -11.7694 -20
      vertex -1.56631 -11.8973 -20
    endloop
  endfacet
  facet normal -0.0327281 -0.999464 0
    outer loop
      vertex -0.784837 -11.9743 -20
      vertex 0 -12 -2
      vertex -0.784837 -11.9743 -2
    endloop
  endfacet
  facet normal -0.0327281 -0.999464 -0
    outer loop
      vertex 0 -12 -2
      vertex -0.784837 -11.9743 -20
      vertex 0 -12 -20
    endloop
  endfacet
  facet normal -0.910854 -0.412728 0
    outer loop
      vertex -10.7625 -5.30746 -20
      vertex -11.0866 -4.5922 -2
      vertex -11.0866 -4.5922 -20
    endloop
  endfacet
  facet normal -0.910854 -0.412728 0
    outer loop
      vertex -11.0866 -4.5922 -2
      vertex -10.7625 -5.30746 -20
      vertex -10.7625 -5.30746 -2
    endloop
  endfacet
  facet normal -0.849201 -0.52807 0
    outer loop
      vertex -9.97763 -6.66684 -20
      vertex -10.3923 -6 -2
      vertex -10.3923 -6 -20
    endloop
  endfacet
  facet normal -0.849201 -0.52807 0
    outer loop
      vertex -10.3923 -6 -2
      vertex -9.97763 -6.66684 -20
      vertex -9.97763 -6.66684 -2
    endloop
  endfacet
  facet normal -0.812852 -0.58247 0
    outer loop
      vertex -9.52024 -7.30514 -20
      vertex -9.97763 -6.66684 -2
      vertex -9.97763 -6.66684 -20
    endloop
  endfacet
  facet normal -0.812852 -0.58247 0
    outer loop
      vertex -9.97763 -6.66684 -2
      vertex -9.52024 -7.30514 -20
      vertex -9.52024 -7.30514 -2
    endloop
  endfacet
  facet normal -0.973881 -0.227059 0
    outer loop
      vertex -11.5911 -3.10583 -20
      vertex -11.7694 -2.34108 -2
      vertex -11.7694 -2.34108 -20
    endloop
  endfacet
  facet normal -0.973881 -0.227059 0
    outer loop
      vertex -11.7694 -2.34108 -2
      vertex -11.5911 -3.10583 -20
      vertex -11.5911 -3.10583 -2
    endloop
  endfacet
  facet normal -0.935909 -0.352241 0
    outer loop
      vertex -11.0866 -4.5922 -20
      vertex -11.3632 -3.85727 -2
      vertex -11.3632 -3.85727 -20
    endloop
  endfacet
  facet normal -0.935909 -0.352241 0
    outer loop
      vertex -11.3632 -3.85727 -2
      vertex -11.0866 -4.5922 -20
      vertex -11.0866 -4.5922 -2
    endloop
  endfacet
  facet normal -0.995181 -0.098057 0
    outer loop
      vertex -11.8973 -1.56631 -20
      vertex -11.9743 -0.784837 -2
      vertex -11.9743 -0.784837 -20
    endloop
  endfacet
  facet normal -0.995181 -0.098057 0
    outer loop
      vertex -11.9743 -0.784837 -2
      vertex -11.8973 -1.56631 -20
      vertex -11.8973 -1.56631 -2
    endloop
  endfacet
  facet normal 0.098057 -0.995181 0
    outer loop
      vertex 0.784837 -11.9743 -20
      vertex 1.56631 -11.8973 -2
      vertex 0.784837 -11.9743 -2
    endloop
  endfacet
  facet normal 0.098057 -0.995181 0
    outer loop
      vertex 1.56631 -11.8973 -2
      vertex 0.784837 -11.9743 -20
      vertex 1.56631 -11.8973 -20
    endloop
  endfacet
  facet normal 0.227059 -0.973881 0
    outer loop
      vertex 2.34108 -11.7694 -20
      vertex 3.10583 -11.5911 -2
      vertex 2.34108 -11.7694 -2
    endloop
  endfacet
  facet normal 0.227059 -0.973881 0
    outer loop
      vertex 3.10583 -11.5911 -2
      vertex 2.34108 -11.7694 -20
      vertex 3.10583 -11.5911 -20
    endloop
  endfacet
  facet normal 0.58247 -0.812852 0
    outer loop
      vertex 6.66684 -9.97763 -20
      vertex 7.30514 -9.52024 -2
      vertex 6.66684 -9.97763 -2
    endloop
  endfacet
  facet normal 0.58247 -0.812852 0
    outer loop
      vertex 7.30514 -9.52024 -2
      vertex 6.66684 -9.97763 -20
      vertex 7.30514 -9.52024 -20
    endloop
  endfacet
  facet normal 0.849201 -0.52807 0
    outer loop
      vertex 9.97763 -6.66684 -2
      vertex 10.3923 -6 -20
      vertex 10.3923 -6 -2
    endloop
  endfacet
  facet normal 0.849201 -0.52807 0
    outer loop
      vertex 10.3923 -6 -20
      vertex 9.97763 -6.66684 -2
      vertex 9.97763 -6.66684 -20
    endloop
  endfacet
  facet normal 0.973881 -0.227059 0
    outer loop
      vertex 11.5911 -3.10583 -2
      vertex 11.7694 -2.34108 -20
      vertex 11.7694 -2.34108 -2
    endloop
  endfacet
  facet normal 0.973881 -0.227059 0
    outer loop
      vertex 11.7694 -2.34108 -20
      vertex 11.5911 -3.10583 -2
      vertex 11.5911 -3.10583 -20
    endloop
  endfacet
  facet normal -0.227059 -0.973881 0
    outer loop
      vertex -3.10583 -11.5911 -20
      vertex -2.34108 -11.7694 -2
      vertex -3.10583 -11.5911 -2
    endloop
  endfacet
  facet normal -0.227059 -0.973881 -0
    outer loop
      vertex -2.34108 -11.7694 -2
      vertex -3.10583 -11.5911 -20
      vertex -2.34108 -11.7694 -20
    endloop
  endfacet
  facet normal -0.098057 -0.995181 0
    outer loop
      vertex -1.56631 -11.8973 -20
      vertex -0.784837 -11.9743 -2
      vertex -1.56631 -11.8973 -2
    endloop
  endfacet
  facet normal -0.098057 -0.995181 -0
    outer loop
      vertex -0.784837 -11.9743 -2
      vertex -1.56631 -11.8973 -20
      vertex -0.784837 -11.9743 -20
    endloop
  endfacet
  facet normal -0.881906 -0.471426 0
    outer loop
      vertex -10.3923 -6 -20
      vertex -10.7625 -5.30746 -2
      vertex -10.7625 -5.30746 -20
    endloop
  endfacet
  facet normal -0.881906 -0.471426 0
    outer loop
      vertex -10.7625 -5.30746 -2
      vertex -10.3923 -6 -20
      vertex -10.3923 -6 -2
    endloop
  endfacet
  facet normal -0.773011 -0.634393 0
    outer loop
      vertex -9.02208 -7.91215 -20
      vertex -9.52024 -7.30514 -2
      vertex -9.52024 -7.30514 -20
    endloop
  endfacet
  facet normal -0.773011 -0.634393 0
    outer loop
      vertex -9.52024 -7.30514 -2
      vertex -9.02208 -7.91215 -20
      vertex -9.02208 -7.91215 -2
    endloop
  endfacet
  facet normal -0.956957 -0.29023 0
    outer loop
      vertex -11.3632 -3.85727 -20
      vertex -11.5911 -3.10583 -2
      vertex -11.5911 -3.10583 -20
    endloop
  endfacet
  facet normal -0.956957 -0.29023 0
    outer loop
      vertex -11.5911 -3.10583 -2
      vertex -11.3632 -3.85727 -20
      vertex -11.3632 -3.85727 -2
    endloop
  endfacet
  facet normal -0.986646 -0.162877 0
    outer loop
      vertex -11.7694 -2.34108 -20
      vertex -11.8973 -1.56631 -2
      vertex -11.8973 -1.56631 -20
    endloop
  endfacet
  facet normal -0.986646 -0.162877 0
    outer loop
      vertex -11.8973 -1.56631 -2
      vertex -11.7694 -2.34108 -20
      vertex -11.7694 -2.34108 -2
    endloop
  endfacet
  facet normal 0.986646 -0.162877 0
    outer loop
      vertex 11.7694 -2.34108 -2
      vertex 11.8973 -1.56631 -20
      vertex 11.8973 -1.56631 -2
    endloop
  endfacet
  facet normal 0.986646 -0.162877 0
    outer loop
      vertex 11.8973 -1.56631 -20
      vertex 11.7694 -2.34108 -2
      vertex 11.7694 -2.34108 -20
    endloop
  endfacet
  facet normal 0.999464 0.0327463 0
    outer loop
      vertex 14 0 0
      vertex 13.97 0.915644 -2
      vertex 13.97 0.915644 0
    endloop
  endfacet
  facet normal 0.999464 0.0327463 0
    outer loop
      vertex 13.97 0.915644 -2
      vertex 14 0 0
      vertex 14 0 -2
    endloop
  endfacet
  facet normal -0.999464 0.0327463 0
    outer loop
      vertex -14 0 -2
      vertex -13.97 0.915644 0
      vertex -13.97 0.915644 -2
    endloop
  endfacet
  facet normal -0.999464 0.0327463 0
    outer loop
      vertex -13.97 0.915644 0
      vertex -14 0 -2
      vertex -14 0 0
    endloop
  endfacet
  facet normal 0.0327463 0.999464 -0
    outer loop
      vertex 0.915644 13.97 -2
      vertex 0 14 0
      vertex 0.915644 13.97 0
    endloop
  endfacet
  facet normal 0.0327463 0.999464 0
    outer loop
      vertex 0 14 0
      vertex 0.915644 13.97 -2
      vertex 0 14 -2
    endloop
  endfacet
  facet normal -0.729836 -0.683622 0
    outer loop
      vertex -9.89949 -9.89949 -2
      vertex -10.5258 -9.23084 0
      vertex -10.5258 -9.23084 -2
    endloop
  endfacet
  facet normal -0.729836 -0.683622 0
    outer loop
      vertex -10.5258 -9.23084 0
      vertex -9.89949 -9.89949 -2
      vertex -9.89949 -9.89949 0
    endloop
  endfacet
  facet normal 0.683622 0.729836 -0
    outer loop
      vertex 9.89949 9.89949 -2
      vertex 9.23084 10.5258 0
      vertex 9.89949 9.89949 0
    endloop
  endfacet
  facet normal 0.683622 0.729836 0
    outer loop
      vertex 9.23084 10.5258 0
      vertex 9.89949 9.89949 -2
      vertex 9.23084 10.5258 -2
    endloop
  endfacet
  facet normal -0.683622 0.729836 0
    outer loop
      vertex -9.23084 10.5258 -2
      vertex -9.89949 9.89949 0
      vertex -9.23084 10.5258 0
    endloop
  endfacet
  facet normal -0.683622 0.729836 0
    outer loop
      vertex -9.89949 9.89949 0
      vertex -9.23084 10.5258 -2
      vertex -9.89949 9.89949 -2
    endloop
  endfacet
  facet normal -0.973885 -0.227041 0
    outer loop
      vertex -13.523 -3.62347 -2
      vertex -13.731 -2.73126 0
      vertex -13.731 -2.73126 -2
    endloop
  endfacet
  facet normal -0.973885 -0.227041 0
    outer loop
      vertex -13.731 -2.73126 0
      vertex -13.523 -3.62347 -2
      vertex -13.523 -3.62347 0
    endloop
  endfacet
  facet normal 0.910861 0.412713 0
    outer loop
      vertex 12.9343 5.35757 0
      vertex 12.5562 6.19204 -2
      vertex 12.5562 6.19204 0
    endloop
  endfacet
  facet normal 0.910861 0.412713 0
    outer loop
      vertex 12.5562 6.19204 -2
      vertex 12.9343 5.35757 0
      vertex 12.9343 5.35757 -2
    endloop
  endfacet
  facet normal 0.729836 0.683622 0
    outer loop
      vertex 10.5258 9.23084 0
      vertex 9.89949 9.89949 -2
      vertex 9.89949 9.89949 0
    endloop
  endfacet
  facet normal 0.729836 0.683622 0
    outer loop
      vertex 9.89949 9.89949 -2
      vertex 10.5258 9.23084 0
      vertex 10.5258 9.23084 -2
    endloop
  endfacet
  facet normal 0.412713 0.910861 -0
    outer loop
      vertex 6.19204 12.5562 -2
      vertex 5.35757 12.9343 0
      vertex 6.19204 12.5562 0
    endloop
  endfacet
  facet normal 0.412713 0.910861 0
    outer loop
      vertex 5.35757 12.9343 0
      vertex 6.19204 12.5562 -2
      vertex 5.35757 12.9343 -2
    endloop
  endfacet
  facet normal -0.849192 0.528084 0
    outer loop
      vertex -12.1244 7 -2
      vertex -11.6406 7.77798 0
      vertex -11.6406 7.77798 -2
    endloop
  endfacet
  facet normal -0.849192 0.528084 0
    outer loop
      vertex -11.6406 7.77798 0
      vertex -12.1244 7 -2
      vertex -12.1244 7 0
    endloop
  endfacet
  facet normal -0.162861 0.986649 0
    outer loop
      vertex -1.82737 13.8802 -2
      vertex -2.73126 13.731 0
      vertex -1.82737 13.8802 0
    endloop
  endfacet
  facet normal -0.162861 0.986649 0
    outer loop
      vertex -2.73126 13.731 0
      vertex -1.82737 13.8802 -2
      vertex -2.73126 13.731 -2
    endloop
  endfacet
  facet normal 0.88195 -0.471343 0
    outer loop
      vertex 12.1244 -7 0
      vertex 12.5562 -6.19204 -2
      vertex 12.5562 -6.19204 0
    endloop
  endfacet
  facet normal 0.88195 -0.471343 0
    outer loop
      vertex 12.5562 -6.19204 -2
      vertex 12.1244 -7 0
      vertex 12.1244 -7 -2
    endloop
  endfacet
  facet normal 0.227041 -0.973885 0
    outer loop
      vertex 2.73126 -13.731 -2
      vertex 3.62347 -13.523 0
      vertex 2.73126 -13.731 0
    endloop
  endfacet
  facet normal 0.227041 -0.973885 0
    outer loop
      vertex 3.62347 -13.523 0
      vertex 2.73126 -13.731 -2
      vertex 3.62347 -13.523 -2
    endloop
  endfacet
  facet normal 0.683622 -0.729836 0
    outer loop
      vertex 9.23084 -10.5258 -2
      vertex 9.89949 -9.89949 0
      vertex 9.23084 -10.5258 0
    endloop
  endfacet
  facet normal 0.683622 -0.729836 0
    outer loop
      vertex 9.89949 -9.89949 0
      vertex 9.23084 -10.5258 -2
      vertex 9.89949 -9.89949 -2
    endloop
  endfacet
  facet normal 0.956922 -0.290347 0
    outer loop
      vertex 13.257 -4.50015 0
      vertex 13.523 -3.62347 -2
      vertex 13.523 -3.62347 0
    endloop
  endfacet
  facet normal 0.956922 -0.290347 0
    outer loop
      vertex 13.523 -3.62347 -2
      vertex 13.257 -4.50015 0
      vertex 13.257 -4.50015 -2
    endloop
  endfacet
  facet normal -0.35224 -0.93591 0
    outer loop
      vertex -5.35757 -12.9343 -2
      vertex -4.50015 -13.257 0
      vertex -5.35757 -12.9343 0
    endloop
  endfacet
  facet normal -0.35224 -0.93591 -0
    outer loop
      vertex -4.50015 -13.257 0
      vertex -5.35757 -12.9343 -2
      vertex -4.50015 -13.257 -2
    endloop
  endfacet
  facet normal 0.995184 0.0980202 0
    outer loop
      vertex 13.97 0.915644 0
      vertex 13.8802 1.82737 -2
      vertex 13.8802 1.82737 0
    endloop
  endfacet
  facet normal 0.995184 0.0980202 0
    outer loop
      vertex 13.8802 1.82737 -2
      vertex 13.97 0.915644 0
      vertex 13.97 0.915644 -2
    endloop
  endfacet
  facet normal 0.956922 0.290347 0
    outer loop
      vertex 13.523 3.62347 0
      vertex 13.257 4.50015 -2
      vertex 13.257 4.50015 0
    endloop
  endfacet
  facet normal 0.956922 0.290347 0
    outer loop
      vertex 13.257 4.50015 -2
      vertex 13.523 3.62347 0
      vertex 13.523 3.62347 -2
    endloop
  endfacet
  facet normal 0.812811 0.582528 0
    outer loop
      vertex 11.6406 7.77798 0
      vertex 11.1069 8.52266 -2
      vertex 11.1069 8.52266 0
    endloop
  endfacet
  facet normal 0.812811 0.582528 0
    outer loop
      vertex 11.1069 8.52266 -2
      vertex 11.6406 7.77798 0
      vertex 11.6406 7.77798 -2
    endloop
  endfacet
  facet normal 0.773058 0.634336 0
    outer loop
      vertex 11.1069 8.52266 0
      vertex 10.5258 9.23084 -2
      vertex 10.5258 9.23084 0
    endloop
  endfacet
  facet normal 0.773058 0.634336 0
    outer loop
      vertex 10.5258 9.23084 -2
      vertex 11.1069 8.52266 0
      vertex 11.1069 8.52266 -2
    endloop
  endfacet
  facet normal 0.227041 0.973885 -0
    outer loop
      vertex 3.62347 13.523 -2
      vertex 2.73126 13.731 0
      vertex 3.62347 13.523 0
    endloop
  endfacet
  facet normal 0.227041 0.973885 0
    outer loop
      vertex 2.73126 13.731 0
      vertex 3.62347 13.523 -2
      vertex 2.73126 13.731 -2
    endloop
  endfacet
  facet normal 0.162861 0.986649 -0
    outer loop
      vertex 2.73126 13.731 -2
      vertex 1.82737 13.8802 0
      vertex 2.73126 13.731 0
    endloop
  endfacet
  facet normal 0.162861 0.986649 0
    outer loop
      vertex 1.82737 13.8802 0
      vertex 2.73126 13.731 -2
      vertex 1.82737 13.8802 -2
    endloop
  endfacet
  facet normal 0.528084 0.849192 -0
    outer loop
      vertex 7.77798 11.6406 -2
      vertex 7 12.1244 0
      vertex 7.77798 11.6406 0
    endloop
  endfacet
  facet normal 0.528084 0.849192 0
    outer loop
      vertex 7 12.1244 0
      vertex 7.77798 11.6406 -2
      vertex 7 12.1244 -2
    endloop
  endfacet
  facet normal 0.471343 0.88195 -0
    outer loop
      vertex 7 12.1244 -2
      vertex 6.19204 12.5562 0
      vertex 7 12.1244 0
    endloop
  endfacet
  facet normal 0.471343 0.88195 0
    outer loop
      vertex 6.19204 12.5562 0
      vertex 7 12.1244 -2
      vertex 6.19204 12.5562 -2
    endloop
  endfacet
  facet normal -0.973885 0.227041 0
    outer loop
      vertex -13.731 2.73126 -2
      vertex -13.523 3.62347 0
      vertex -13.523 3.62347 -2
    endloop
  endfacet
  facet normal -0.973885 0.227041 0
    outer loop
      vertex -13.523 3.62347 0
      vertex -13.731 2.73126 -2
      vertex -13.731 2.73126 0
    endloop
  endfacet
  facet normal -0.729836 0.683622 0
    outer loop
      vertex -10.5258 9.23084 -2
      vertex -9.89949 9.89949 0
      vertex -9.89949 9.89949 -2
    endloop
  endfacet
  facet normal -0.729836 0.683622 0
    outer loop
      vertex -9.89949 9.89949 0
      vertex -10.5258 9.23084 -2
      vertex -10.5258 9.23084 0
    endloop
  endfacet
  facet normal -0.910861 0.412713 0
    outer loop
      vertex -12.9343 5.35757 -2
      vertex -12.5562 6.19204 0
      vertex -12.5562 6.19204 -2
    endloop
  endfacet
  facet normal -0.910861 0.412713 0
    outer loop
      vertex -12.5562 6.19204 0
      vertex -12.9343 5.35757 -2
      vertex -12.9343 5.35757 0
    endloop
  endfacet
  facet normal -0.986649 0.162861 0
    outer loop
      vertex -13.8802 1.82737 -2
      vertex -13.731 2.73126 0
      vertex -13.731 2.73126 -2
    endloop
  endfacet
  facet normal -0.986649 0.162861 0
    outer loop
      vertex -13.731 2.73126 0
      vertex -13.8802 1.82737 -2
      vertex -13.8802 1.82737 0
    endloop
  endfacet
  facet normal -0.528084 0.849192 0
    outer loop
      vertex -7 12.1244 -2
      vertex -7.77798 11.6406 0
      vertex -7 12.1244 0
    endloop
  endfacet
  facet normal -0.528084 0.849192 0
    outer loop
      vertex -7.77798 11.6406 0
      vertex -7 12.1244 -2
      vertex -7.77798 11.6406 -2
    endloop
  endfacet
  facet normal -0.412713 0.910861 0
    outer loop
      vertex -5.35757 12.9343 -2
      vertex -6.19204 12.5562 0
      vertex -5.35757 12.9343 0
    endloop
  endfacet
  facet normal -0.412713 0.910861 0
    outer loop
      vertex -6.19204 12.5562 0
      vertex -5.35757 12.9343 -2
      vertex -6.19204 12.5562 -2
    endloop
  endfacet
  facet normal -0.634336 0.773058 0
    outer loop
      vertex -8.52266 11.1069 -2
      vertex -9.23084 10.5258 0
      vertex -8.52266 11.1069 0
    endloop
  endfacet
  facet normal -0.634336 0.773058 0
    outer loop
      vertex -9.23084 10.5258 0
      vertex -8.52266 11.1069 -2
      vertex -9.23084 10.5258 -2
    endloop
  endfacet
  facet normal -0.227041 0.973885 0
    outer loop
      vertex -2.73126 13.731 -2
      vertex -3.62347 13.523 0
      vertex -2.73126 13.731 0
    endloop
  endfacet
  facet normal -0.227041 0.973885 0
    outer loop
      vertex -3.62347 13.523 0
      vertex -2.73126 13.731 -2
      vertex -3.62347 13.523 -2
    endloop
  endfacet
  facet normal -0.290347 0.956922 0
    outer loop
      vertex -3.62347 13.523 -2
      vertex -4.50015 13.257 0
      vertex -3.62347 13.523 0
    endloop
  endfacet
  facet normal -0.290347 0.956922 0
    outer loop
      vertex -4.50015 13.257 0
      vertex -3.62347 13.523 -2
      vertex -4.50015 13.257 -2
    endloop
  endfacet
  facet normal -0.0980202 0.995184 0
    outer loop
      vertex -0.915644 13.97 -2
      vertex -1.82737 13.8802 0
      vertex -0.915644 13.97 0
    endloop
  endfacet
  facet normal -0.0980202 0.995184 0
    outer loop
      vertex -1.82737 13.8802 0
      vertex -0.915644 13.97 -2
      vertex -1.82737 13.8802 -2
    endloop
  endfacet
  facet normal 0.634336 -0.773058 0
    outer loop
      vertex 8.52266 -11.1069 -2
      vertex 9.23084 -10.5258 0
      vertex 8.52266 -11.1069 0
    endloop
  endfacet
  facet normal 0.634336 -0.773058 0
    outer loop
      vertex 9.23084 -10.5258 0
      vertex 8.52266 -11.1069 -2
      vertex 9.23084 -10.5258 -2
    endloop
  endfacet
  facet normal 0.849192 -0.528084 0
    outer loop
      vertex 11.6406 -7.77798 0
      vertex 12.1244 -7 -2
      vertex 12.1244 -7 0
    endloop
  endfacet
  facet normal 0.849192 -0.528084 0
    outer loop
      vertex 12.1244 -7 -2
      vertex 11.6406 -7.77798 0
      vertex 11.6406 -7.77798 -2
    endloop
  endfacet
  facet normal -0.683622 -0.729836 0
    outer loop
      vertex -9.89949 -9.89949 -2
      vertex -9.23084 -10.5258 0
      vertex -9.89949 -9.89949 0
    endloop
  endfacet
  facet normal -0.683622 -0.729836 -0
    outer loop
      vertex -9.23084 -10.5258 0
      vertex -9.89949 -9.89949 -2
      vertex -9.23084 -10.5258 -2
    endloop
  endfacet
  facet normal -0.162861 -0.986649 0
    outer loop
      vertex -2.73126 -13.731 -2
      vertex -1.82737 -13.8802 0
      vertex -2.73126 -13.731 0
    endloop
  endfacet
  facet normal -0.162861 -0.986649 -0
    outer loop
      vertex -1.82737 -13.8802 0
      vertex -2.73126 -13.731 -2
      vertex -1.82737 -13.8802 -2
    endloop
  endfacet
  facet normal -0.910861 -0.412713 0
    outer loop
      vertex -12.5562 -6.19204 -2
      vertex -12.9343 -5.35757 0
      vertex -12.9343 -5.35757 -2
    endloop
  endfacet
  facet normal -0.910861 -0.412713 0
    outer loop
      vertex -12.9343 -5.35757 0
      vertex -12.5562 -6.19204 -2
      vertex -12.5562 -6.19204 0
    endloop
  endfacet
  facet normal 0 0 -1
    outer loop
      vertex 12 0 -2
      vertex 14 0 -2
      vertex 13.97 -0.915644 -2
    endloop
  endfacet
  facet normal 0 0 -1
    outer loop
      vertex 11.9743 -0.784837 -2
      vertex 13.97 -0.915644 -2
      vertex 13.8802 -1.82737 -2
    endloop
  endfacet
  facet normal 0 0 -1
    outer loop
      vertex 14 0 -2
      vertex 12 0 -2
      vertex 13.97 0.915644 -2
    endloop
  endfacet
  facet normal 0 0 -1
    outer loop
      vertex 11.8973 -1.56631 -2
      vertex 13.8802 -1.82737 -2
      vertex 13.731 -2.73126 -2
    endloop
  endfacet
  facet normal 0 0 -1
    outer loop
      vertex 11.9743 0.784837 -2
      vertex 13.97 0.915644 -2
      vertex 12 0 -2
    endloop
  endfacet
  facet normal 0 0 -1
    outer loop
      vertex 11.7694 -2.34108 -2
      vertex 13.731 -2.73126 -2
      vertex 13.523 -3.62347 -2
    endloop
  endfacet
  facet normal -0 0 -1
    outer loop
      vertex 13.97 0.915644 -2
      vertex 11.9743 0.784837 -2
      vertex 13.8802 1.82737 -2
    endloop
  endfacet
  facet normal 0 0 -1
    outer loop
      vertex 11.5911 -3.10583 -2
      vertex 13.523 -3.62347 -2
      vertex 13.257 -4.50015 -2
    endloop
  endfacet
  facet normal 0 0 -1
    outer loop
      vertex 11.8973 1.56631 -2
      vertex 13.8802 1.82737 -2
      vertex 11.9743 0.784837 -2
    endloop
  endfacet
  facet normal 0 0 -1
    outer loop
      vertex 11.3632 -3.85727 -2
      vertex 13.257 -4.50015 -2
      vertex 12.9343 -5.35757 -2
    endloop
  endfacet
  facet normal -0 0 -1
    outer loop
      vertex 13.8802 1.82737 -2
      vertex 11.8973 1.56631 -2
      vertex 13.731 2.73126 -2
    endloop
  endfacet
  facet normal 0 0 -1
    outer loop
      vertex 11.0866 -4.5922 -2
      vertex 12.9343 -5.35757 -2
      vertex 12.5562 -6.19204 -2
    endloop
  endfacet
  facet normal 0 0 -1
    outer loop
      vertex 11.7694 2.34108 -2
      vertex 13.731 2.73126 -2
      vertex 11.8973 1.56631 -2
    endloop
  endfacet
  facet normal 0 0 -1
    outer loop
      vertex 10.7625 -5.30746 -2
      vertex 12.5562 -6.19204 -2
      vertex 12.1244 -7 -2
    endloop
  endfacet
  facet normal -0 0 -1
    outer loop
      vertex 13.731 2.73126 -2
      vertex 11.7694 2.34108 -2
      vertex 13.523 3.62347 -2
    endloop
  endfacet
  facet normal 0 0 -1
    outer loop
      vertex 11.5911 3.10583 -2
      vertex 13.523 3.62347 -2
      vertex 11.7694 2.34108 -2
    endloop
  endfacet
  facet normal 0 0 -1
    outer loop
      vertex 13.97 -0.915644 -2
      vertex 11.9743 -0.784837 -2
      vertex 12 0 -2
    endloop
  endfacet
  facet normal 0 0 -1
    outer loop
      vertex 13.8802 -1.82737 -2
      vertex 11.8973 -1.56631 -2
      vertex 11.9743 -0.784837 -2
    endloop
  endfacet
  facet normal 0 0 -1
    outer loop
      vertex 13.731 -2.73126 -2
      vertex 11.7694 -2.34108 -2
      vertex 11.8973 -1.56631 -2
    endloop
  endfacet
  facet normal 0 0 -1
    outer loop
      vertex 10.3923 -6 -2
      vertex 12.1244 -7 -2
      vertex 11.6406 -7.77798 -2
    endloop
  endfacet
  facet normal 0 0 -1
    outer loop
      vertex 13.523 -3.62347 -2
      vertex 11.5911 -3.10583 -2
      vertex 11.7694 -2.34108 -2
    endloop
  endfacet
  facet normal 0 0 -1
    outer loop
      vertex 13.257 -4.50015 -2
      vertex 11.3632 -3.85727 -2
      vertex 11.5911 -3.10583 -2
    endloop
  endfacet
  facet normal 0 0 -1
    outer loop
      vertex 9.97763 -6.66684 -2
      vertex 11.6406 -7.77798 -2
      vertex 11.1069 -8.52266 -2
    endloop
  endfacet
  facet normal 0 0 -1
    outer loop
      vertex 12.9343 -5.35757 -2
      vertex 11.0866 -4.5922 -2
      vertex 11.3632 -3.85727 -2
    endloop
  endfacet
  facet normal 0 0 -1
    outer loop
      vertex 12.5562 -6.19204 -2
      vertex 10.7625 -5.30746 -2
      vertex 11.0866 -4.5922 -2
    endloop
  endfacet
  facet normal 0 0 -1
    outer loop
      vertex 9.52024 -7.30514 -2
      vertex 11.1069 -8.52266 -2
      vertex 10.5258 -9.23084 -2
    endloop
  endfacet
  facet normal 0 0 -1
    outer loop
      vertex 12.1244 -7 -2
      vertex 10.3923 -6 -2
      vertex 10.7625 -5.30746 -2
    endloop
  endfacet
  facet normal 0 0 -1
    outer loop
      vertex 11.6406 -7.77798 -2
      vertex 9.97763 -6.66684 -2
      vertex 10.3923 -6 -2
    endloop
  endfacet
  facet normal 0 0 -1
    outer loop
      vertex 9.02208 -7.91215 -2
      vertex 10.5258 -9.23084 -2
      vertex 9.89949 -9.89949 -2
    endloop
  endfacet
  facet normal 0 0 -1
    outer loop
      vertex 11.1069 -8.52266 -2
      vertex 9.52024 -7.30514 -2
      vertex 9.97763 -6.66684 -2
    endloop
  endfacet
  facet normal 0 0 -1
    outer loop
      vertex 8.48528 -8.48528 -2
      vertex 9.89949 -9.89949 -2
      vertex 9.23084 -10.5258 -2
    endloop
  endfacet
  facet normal 0 0 -1
    outer loop
      vertex 10.5258 -9.23084 -2
      vertex 9.02208 -7.91215 -2
      vertex 9.52024 -7.30514 -2
    endloop
  endfacet
  facet normal 0 0 -1
    outer loop
      vertex 7.91215 -9.02208 -2
      vertex 9.23084 -10.5258 -2
      vertex 8.52266 -11.1069 -2
    endloop
  endfacet
  facet normal 0 0 -1
    outer loop
      vertex 9.89949 -9.89949 -2
      vertex 8.48528 -8.48528 -2
      vertex 9.02208 -7.91215 -2
    endloop
  endfacet
  facet normal 0 0 -1
    outer loop
      vertex 9.23084 -10.5258 -2
      vertex 7.91215 -9.02208 -2
      vertex 8.48528 -8.48528 -2
    endloop
  endfacet
  facet normal 0 0 -1
    outer loop
      vertex 7.30514 -9.52024 -2
      vertex 8.52266 -11.1069 -2
      vertex 7.77798 -11.6406 -2
    endloop
  endfacet
  facet normal 0 0 -1
    outer loop
      vertex 8.52266 -11.1069 -2
      vertex 7.30514 -9.52024 -2
      vertex 7.91215 -9.02208 -2
    endloop
  endfacet
  facet normal 0 0 -1
    outer loop
      vertex 6.66684 -9.97763 -2
      vertex 7.77798 -11.6406 -2
      vertex 7 -12.1244 -2
    endloop
  endfacet
  facet normal 0 0 -1
    outer loop
      vertex 7.77798 -11.6406 -2
      vertex 6.66684 -9.97763 -2
      vertex 7.30514 -9.52024 -2
    endloop
  endfacet
  facet normal 0 0 -1
    outer loop
      vertex 6 -10.3923 -2
      vertex 7 -12.1244 -2
      vertex 6.19204 -12.5562 -2
    endloop
  endfacet
  facet normal 0 0 -1
    outer loop
      vertex 7 -12.1244 -2
      vertex 6 -10.3923 -2
      vertex 6.66684 -9.97763 -2
    endloop
  endfacet
  facet normal 0 0 -1
    outer loop
      vertex 5.30746 -10.7625 -2
      vertex 6.19204 -12.5562 -2
      vertex 5.35757 -12.9343 -2
    endloop
  endfacet
  facet normal 0 0 -1
    outer loop
      vertex 6.19204 -12.5562 -2
      vertex 5.30746 -10.7625 -2
      vertex 6 -10.3923 -2
    endloop
  endfacet
  facet normal 0 0 -1
    outer loop
      vertex 5.35757 -12.9343 -2
      vertex 4.5922 -11.0866 -2
      vertex 5.30746 -10.7625 -2
    endloop
  endfacet
  facet normal 0 0 -1
    outer loop
      vertex 4.50015 -13.257 -2
      vertex 4.5922 -11.0866 -2
      vertex 5.35757 -12.9343 -2
    endloop
  endfacet
  facet normal 0 0 -1
    outer loop
      vertex 4.50015 -13.257 -2
      vertex 3.85727 -11.3632 -2
      vertex 4.5922 -11.0866 -2
    endloop
  endfacet
  facet normal 0 0 -1
    outer loop
      vertex 3.62347 -13.523 -2
      vertex 3.85727 -11.3632 -2
      vertex 4.50015 -13.257 -2
    endloop
  endfacet
  facet normal 0 0 -1
    outer loop
      vertex 3.62347 -13.523 -2
      vertex 3.10583 -11.5911 -2
      vertex 3.85727 -11.3632 -2
    endloop
  endfacet
  facet normal 0 0 -1
    outer loop
      vertex 2.73126 -13.731 -2
      vertex 3.10583 -11.5911 -2
      vertex 3.62347 -13.523 -2
    endloop
  endfacet
  facet normal 0 0 -1
    outer loop
      vertex 2.73126 -13.731 -2
      vertex 2.34108 -11.7694 -2
      vertex 3.10583 -11.5911 -2
    endloop
  endfacet
  facet normal 0 0 -1
    outer loop
      vertex 1.82737 -13.8802 -2
      vertex 2.34108 -11.7694 -2
      vertex 2.73126 -13.731 -2
    endloop
  endfacet
  facet normal 0 0 -1
    outer loop
      vertex 1.82737 -13.8802 -2
      vertex 1.56631 -11.8973 -2
      vertex 2.34108 -11.7694 -2
    endloop
  endfacet
  facet normal 0 0 -1
    outer loop
      vertex 0.915644 -13.97 -2
      vertex 1.56631 -11.8973 -2
      vertex 1.82737 -13.8802 -2
    endloop
  endfacet
  facet normal 0 0 -1
    outer loop
      vertex 0.915644 -13.97 -2
      vertex 0.784837 -11.9743 -2
      vertex 1.56631 -11.8973 -2
    endloop
  endfacet
  facet normal 0 0 -1
    outer loop
      vertex 0 -14 -2
      vertex 0.784837 -11.9743 -2
      vertex 0.915644 -13.97 -2
    endloop
  endfacet
  facet normal 0 0 -1
    outer loop
      vertex 0 -14 -2
      vertex 0 -12 -2
      vertex 0.784837 -11.9743 -2
    endloop
  endfacet
  facet normal 0 0 -1
    outer loop
      vertex 0 -14 -2
      vertex -0.784837 -11.9743 -2
      vertex 0 -12 -2
    endloop
  endfacet
  facet normal 0 0 -1
    outer loop
      vertex -0.915644 -13.97 -2
      vertex -0.784837 -11.9743 -2
      vertex 0 -14 -2
    endloop
  endfacet
  facet normal 0 0 -1
    outer loop
      vertex -0.915644 -13.97 -2
      vertex -1.56631 -11.8973 -2
      vertex -0.784837 -11.9743 -2
    endloop
  endfacet
  facet normal 0 0 -1
    outer loop
      vertex -1.82737 -13.8802 -2
      vertex -1.56631 -11.8973 -2
      vertex -0.915644 -13.97 -2
    endloop
  endfacet
  facet normal 0 0 -1
    outer loop
      vertex -1.82737 -13.8802 -2
      vertex -2.34108 -11.7694 -2
      vertex -1.56631 -11.8973 -2
    endloop
  endfacet
  facet normal 0 0 -1
    outer loop
      vertex -2.73126 -13.731 -2
      vertex -2.34108 -11.7694 -2
      vertex -1.82737 -13.8802 -2
    endloop
  endfacet
  facet normal 0 0 -1
    outer loop
      vertex -2.73126 -13.731 -2
      vertex -3.10583 -11.5911 -2
      vertex -2.34108 -11.7694 -2
    endloop
  endfacet
  facet normal 0 0 -1
    outer loop
      vertex -3.62347 -13.523 -2
      vertex -3.10583 -11.5911 -2
      vertex -2.73126 -13.731 -2
    endloop
  endfacet
  facet normal 0 0 -1
    outer loop
      vertex -3.62347 -13.523 -2
      vertex -3.85727 -11.3632 -2
      vertex -3.10583 -11.5911 -2
    endloop
  endfacet
  facet normal 0 0 -1
    outer loop
      vertex -4.50015 -13.257 -2
      vertex -3.85727 -11.3632 -2
      vertex -3.62347 -13.523 -2
    endloop
  endfacet
  facet normal 0 0 -1
    outer loop
      vertex -4.50015 -13.257 -2
      vertex -4.5922 -11.0866 -2
      vertex -3.85727 -11.3632 -2
    endloop
  endfacet
  facet normal 0 0 -1
    outer loop
      vertex -5.35757 -12.9343 -2
      vertex -4.5922 -11.0866 -2
      vertex -4.50015 -13.257 -2
    endloop
  endfacet
  facet normal -0 0 -1
    outer loop
      vertex -4.5922 -11.0866 -2
      vertex -5.35757 -12.9343 -2
      vertex -5.30746 -10.7625 -2
    endloop
  endfacet
  facet normal 0 0 -1
    outer loop
      vertex -6.19204 -12.5562 -2
      vertex -5.30746 -10.7625 -2
      vertex -5.35757 -12.9343 -2
    endloop
  endfacet
  facet normal -0 0 -1
    outer loop
      vertex -5.30746 -10.7625 -2
      vertex -6.19204 -12.5562 -2
      vertex -6 -10.3923 -2
    endloop
  endfacet
  facet normal 0 0 -1
    outer loop
      vertex -7 -12.1244 -2
      vertex -6 -10.3923 -2
      vertex -6.19204 -12.5562 -2
    endloop
  endfacet
  facet normal -0 0 -1
    outer loop
      vertex -6 -10.3923 -2
      vertex -7 -12.1244 -2
      vertex -6.66684 -9.97763 -2
    endloop
  endfacet
  facet normal 0 0 -1
    outer loop
      vertex -7.77798 -11.6406 -2
      vertex -6.66684 -9.97763 -2
      vertex -7 -12.1244 -2
    endloop
  endfacet
  facet normal -0 0 -1
    outer loop
      vertex -6.66684 -9.97763 -2
      vertex -7.77798 -11.6406 -2
      vertex -7.30514 -9.52024 -2
    endloop
  endfacet
  facet normal 0 0 -1
    outer loop
      vertex -8.52266 -11.1069 -2
      vertex -7.30514 -9.52024 -2
      vertex -7.77798 -11.6406 -2
    endloop
  endfacet
  facet normal -0 0 -1
    outer loop
      vertex -7.30514 -9.52024 -2
      vertex -8.52266 -11.1069 -2
      vertex -7.91215 -9.02208 -2
    endloop
  endfacet
  facet normal 0 0 -1
    outer loop
      vertex -9.23084 -10.5258 -2
      vertex -7.91215 -9.02208 -2
      vertex -8.52266 -11.1069 -2
    endloop
  endfacet
  facet normal -0 0 -1
    outer loop
      vertex -7.91215 -9.02208 -2
      vertex -9.23084 -10.5258 -2
      vertex -8.48528 -8.48528 -2
    endloop
  endfacet
  facet normal 0 0 -1
    outer loop
      vertex -9.89949 -9.89949 -2
      vertex -8.48528 -8.48528 -2
      vertex -9.23084 -10.5258 -2
    endloop
  endfacet
  facet normal -0 0 -1
    outer loop
      vertex -8.48528 -8.48528 -2
      vertex -9.89949 -9.89949 -2
      vertex -9.02208 -7.91215 -2
    endloop
  endfacet
  facet normal 0 0 -1
    outer loop
      vertex -10.5258 -9.23084 -2
      vertex -9.02208 -7.91215 -2
      vertex -9.89949 -9.89949 -2
    endloop
  endfacet
  facet normal -0 0 -1
    outer loop
      vertex -9.02208 -7.91215 -2
      vertex -10.5258 -9.23084 -2
      vertex -9.52024 -7.30514 -2
    endloop
  endfacet
  facet normal 0 0 -1
    outer loop
      vertex -11.1069 -8.52266 -2
      vertex -9.52024 -7.30514 -2
      vertex -10.5258 -9.23084 -2
    endloop
  endfacet
  facet normal -0 0 -1
    outer loop
      vertex -9.52024 -7.30514 -2
      vertex -11.1069 -8.52266 -2
      vertex -9.97763 -6.66684 -2
    endloop
  endfacet
  facet normal 0 0 -1
    outer loop
      vertex -11.6406 -7.77798 -2
      vertex -9.97763 -6.66684 -2
      vertex -11.1069 -8.52266 -2
    endloop
  endfacet
  facet normal -0 0 -1
    outer loop
      vertex -9.97763 -6.66684 -2
      vertex -11.6406 -7.77798 -2
      vertex -10.3923 -6 -2
    endloop
  endfacet
  facet normal 0 0 -1
    outer loop
      vertex -12.1244 -7 -2
      vertex -10.3923 -6 -2
      vertex -11.6406 -7.77798 -2
    endloop
  endfacet
  facet normal -0 0 -1
    outer loop
      vertex -10.3923 -6 -2
      vertex -12.1244 -7 -2
      vertex -10.7625 -5.30746 -2
    endloop
  endfacet
  facet normal 0 0 -1
    outer loop
      vertex -12.5562 -6.19204 -2
      vertex -10.7625 -5.30746 -2
      vertex -12.1244 -7 -2
    endloop
  endfacet
  facet normal -0 0 -1
    outer loop
      vertex -10.7625 -5.30746 -2
      vertex -12.5562 -6.19204 -2
      vertex -11.0866 -4.5922 -2
    endloop
  endfacet
  facet normal 0 0 -1
    outer loop
      vertex -12.9343 -5.35757 -2
      vertex -11.0866 -4.5922 -2
      vertex -12.5562 -6.19204 -2
    endloop
  endfacet
  facet normal -0 0 -1
    outer loop
      vertex -11.0866 -4.5922 -2
      vertex -12.9343 -5.35757 -2
      vertex -11.3632 -3.85727 -2
    endloop
  endfacet
  facet normal 0 0 -1
    outer loop
      vertex -13.257 -4.50015 -2
      vertex -11.3632 -3.85727 -2
      vertex -12.9343 -5.35757 -2
    endloop
  endfacet
  facet normal 0 0 -1
    outer loop
      vertex -13.523 -3.62347 -2
      vertex -11.5911 -3.10583 -2
      vertex -13.257 -4.50015 -2
    endloop
  endfacet
  facet normal -0 0 -1
    outer loop
      vertex -11.3632 -3.85727 -2
      vertex -13.257 -4.50015 -2
      vertex -11.5911 -3.10583 -2
    endloop
  endfacet
  facet normal -0 0 -1
    outer loop
      vertex 13.523 3.62347 -2
      vertex 11.5911 3.10583 -2
      vertex 13.257 4.50015 -2
    endloop
  endfacet
  facet normal 0 0 -1
    outer loop
      vertex 11.3632 3.85727 -2
      vertex 13.257 4.50015 -2
      vertex 11.5911 3.10583 -2
    endloop
  endfacet
  facet normal -0 0 -1
    outer loop
      vertex 13.257 4.50015 -2
      vertex 11.3632 3.85727 -2
      vertex 12.9343 5.35757 -2
    endloop
  endfacet
  facet normal 0 0 -1
    outer loop
      vertex 11.0866 4.5922 -2
      vertex 12.9343 5.35757 -2
      vertex 11.3632 3.85727 -2
    endloop
  endfacet
  facet normal -0 0 -1
    outer loop
      vertex 12.9343 5.35757 -2
      vertex 11.0866 4.5922 -2
      vertex 12.5562 6.19204 -2
    endloop
  endfacet
  facet normal 0 0 -1
    outer loop
      vertex 10.7625 5.30746 -2
      vertex 12.5562 6.19204 -2
      vertex 11.0866 4.5922 -2
    endloop
  endfacet
  facet normal -0 0 -1
    outer loop
      vertex 12.5562 6.19204 -2
      vertex 10.7625 5.30746 -2
      vertex 12.1244 7 -2
    endloop
  endfacet
  facet normal 0 0 -1
    outer loop
      vertex 10.3923 6 -2
      vertex 12.1244 7 -2
      vertex 10.7625 5.30746 -2
    endloop
  endfacet
  facet normal -0 0 -1
    outer loop
      vertex 12.1244 7 -2
      vertex 10.3923 6 -2
      vertex 11.6406 7.77798 -2
    endloop
  endfacet
  facet normal 0 0 -1
    outer loop
      vertex 9.97763 6.66684 -2
      vertex 11.6406 7.77798 -2
      vertex 10.3923 6 -2
    endloop
  endfacet
  facet normal -0 0 -1
    outer loop
      vertex 11.6406 7.77798 -2
      vertex 9.97763 6.66684 -2
      vertex 11.1069 8.52266 -2
    endloop
  endfacet
  facet normal 0 0 -1
    outer loop
      vertex 9.52024 7.30514 -2
      vertex 11.1069 8.52266 -2
      vertex 9.97763 6.66684 -2
    endloop
  endfacet
  facet normal -0 0 -1
    outer loop
      vertex 11.1069 8.52266 -2
      vertex 9.52024 7.30514 -2
      vertex 10.5258 9.23084 -2
    endloop
  endfacet
  facet normal 0 0 -1
    outer loop
      vertex 9.02208 7.91215 -2
      vertex 10.5258 9.23084 -2
      vertex 9.52024 7.30514 -2
    endloop
  endfacet
  facet normal -0 0 -1
    outer loop
      vertex 10.5258 9.23084 -2
      vertex 9.02208 7.91215 -2
      vertex 9.89949 9.89949 -2
    endloop
  endfacet
  facet normal 0 0 -1
    outer loop
      vertex 8.48528 8.48528 -2
      vertex 9.89949 9.89949 -2
      vertex 9.02208 7.91215 -2
    endloop
  endfacet
  facet normal -0 0 -1
    outer loop
      vertex 9.89949 9.89949 -2
      vertex 8.48528 8.48528 -2
      vertex 9.23084 10.5258 -2
    endloop
  endfacet
  facet normal 0 0 -1
    outer loop
      vertex 7.91215 9.02208 -2
      vertex 9.23084 10.5258 -2
      vertex 8.48528 8.48528 -2
    endloop
  endfacet
  facet normal -0 0 -1
    outer loop
      vertex 9.23084 10.5258 -2
      vertex 7.91215 9.02208 -2
      vertex 8.52266 11.1069 -2
    endloop
  endfacet
  facet normal 0 0 -1
    outer loop
      vertex 7.30514 9.52024 -2
      vertex 8.52266 11.1069 -2
      vertex 7.91215 9.02208 -2
    endloop
  endfacet
  facet normal -0 0 -1
    outer loop
      vertex 8.52266 11.1069 -2
      vertex 7.30514 9.52024 -2
      vertex 7.77798 11.6406 -2
    endloop
  endfacet
  facet normal 0 0 -1
    outer loop
      vertex 6.66684 9.97763 -2
      vertex 7.77798 11.6406 -2
      vertex 7.30514 9.52024 -2
    endloop
  endfacet
  facet normal -0 0 -1
    outer loop
      vertex 7.77798 11.6406 -2
      vertex 6.66684 9.97763 -2
      vertex 7 12.1244 -2
    endloop
  endfacet
  facet normal 0 0 -1
    outer loop
      vertex 6 10.3923 -2
      vertex 7 12.1244 -2
      vertex 6.66684 9.97763 -2
    endloop
  endfacet
  facet normal -0 0 -1
    outer loop
      vertex 7 12.1244 -2
      vertex 6 10.3923 -2
      vertex 6.19204 12.5562 -2
    endloop
  endfacet
  facet normal 0 0 -1
    outer loop
      vertex 5.30746 10.7625 -2
      vertex 6.19204 12.5562 -2
      vertex 6 10.3923 -2
    endloop
  endfacet
  facet normal -0 0 -1
    outer loop
      vertex 6.19204 12.5562 -2
      vertex 5.30746 10.7625 -2
      vertex 5.35757 12.9343 -2
    endloop
  endfacet
  facet normal 0 0 -1
    outer loop
      vertex 4.5922 11.0866 -2
      vertex 5.35757 12.9343 -2
      vertex 5.30746 10.7625 -2
    endloop
  endfacet
  facet normal 0 0 -1
    outer loop
      vertex 4.5922 11.0866 -2
      vertex 4.50015 13.257 -2
      vertex 5.35757 12.9343 -2
    endloop
  endfacet
  facet normal 0 0 -1
    outer loop
      vertex 3.85727 11.3632 -2
      vertex 4.50015 13.257 -2
      vertex 4.5922 11.0866 -2
    endloop
  endfacet
  facet normal 0 0 -1
    outer loop
      vertex 3.85727 11.3632 -2
      vertex 3.62347 13.523 -2
      vertex 4.50015 13.257 -2
    endloop
  endfacet
  facet normal 0 0 -1
    outer loop
      vertex 3.10583 11.5911 -2
      vertex 3.62347 13.523 -2
      vertex 3.85727 11.3632 -2
    endloop
  endfacet
  facet normal 0 0 -1
    outer loop
      vertex 3.10583 11.5911 -2
      vertex 2.73126 13.731 -2
      vertex 3.62347 13.523 -2
    endloop
  endfacet
  facet normal 0 0 -1
    outer loop
      vertex 2.34108 11.7694 -2
      vertex 2.73126 13.731 -2
      vertex 3.10583 11.5911 -2
    endloop
  endfacet
  facet normal 0 0 -1
    outer loop
      vertex 2.34108 11.7694 -2
      vertex 1.82737 13.8802 -2
      vertex 2.73126 13.731 -2
    endloop
  endfacet
  facet normal 0 0 -1
    outer loop
      vertex 1.56631 11.8973 -2
      vertex 1.82737 13.8802 -2
      vertex 2.34108 11.7694 -2
    endloop
  endfacet
  facet normal 0 0 -1
    outer loop
      vertex 1.56631 11.8973 -2
      vertex 0.915644 13.97 -2
      vertex 1.82737 13.8802 -2
    endloop
  endfacet
  facet normal 0 0 -1
    outer loop
      vertex 0.784837 11.9743 -2
      vertex 0.915644 13.97 -2
      vertex 1.56631 11.8973 -2
    endloop
  endfacet
  facet normal 0 0 -1
    outer loop
      vertex 0 12 -2
      vertex 0.915644 13.97 -2
      vertex 0.784837 11.9743 -2
    endloop
  endfacet
  facet normal 0 0 -1
    outer loop
      vertex 0 12 -2
      vertex 0 14 -2
      vertex 0.915644 13.97 -2
    endloop
  endfacet
  facet normal 0 0 -1
    outer loop
      vertex -0.784837 11.9743 -2
      vertex 0 14 -2
      vertex 0 12 -2
    endloop
  endfacet
  facet normal 0 0 -1
    outer loop
      vertex -0.784837 11.9743 -2
      vertex -0.915644 13.97 -2
      vertex 0 14 -2
    endloop
  endfacet
  facet normal 0 0 -1
    outer loop
      vertex -1.56631 11.8973 -2
      vertex -0.915644 13.97 -2
      vertex -0.784837 11.9743 -2
    endloop
  endfacet
  facet normal 0 0 -1
    outer loop
      vertex -1.56631 11.8973 -2
      vertex -1.82737 13.8802 -2
      vertex -0.915644 13.97 -2
    endloop
  endfacet
  facet normal 0 0 -1
    outer loop
      vertex -2.34108 11.7694 -2
      vertex -1.82737 13.8802 -2
      vertex -1.56631 11.8973 -2
    endloop
  endfacet
  facet normal 0 0 -1
    outer loop
      vertex -2.34108 11.7694 -2
      vertex -2.73126 13.731 -2
      vertex -1.82737 13.8802 -2
    endloop
  endfacet
  facet normal 0 0 -1
    outer loop
      vertex -3.10583 11.5911 -2
      vertex -2.73126 13.731 -2
      vertex -2.34108 11.7694 -2
    endloop
  endfacet
  facet normal 0 0 -1
    outer loop
      vertex -3.10583 11.5911 -2
      vertex -3.62347 13.523 -2
      vertex -2.73126 13.731 -2
    endloop
  endfacet
  facet normal 0 0 -1
    outer loop
      vertex -3.85727 11.3632 -2
      vertex -3.62347 13.523 -2
      vertex -3.10583 11.5911 -2
    endloop
  endfacet
  facet normal 0 0 -1
    outer loop
      vertex -3.85727 11.3632 -2
      vertex -4.50015 13.257 -2
      vertex -3.62347 13.523 -2
    endloop
  endfacet
  facet normal 0 0 -1
    outer loop
      vertex -4.5922 11.0866 -2
      vertex -4.50015 13.257 -2
      vertex -3.85727 11.3632 -2
    endloop
  endfacet
  facet normal 0 0 -1
    outer loop
      vertex -5.35757 12.9343 -2
      vertex -4.5922 11.0866 -2
      vertex -5.30746 10.7625 -2
    endloop
  endfacet
  facet normal 0 0 -1
    outer loop
      vertex -4.5922 11.0866 -2
      vertex -5.35757 12.9343 -2
      vertex -4.50015 13.257 -2
    endloop
  endfacet
  facet normal 0 0 -1
    outer loop
      vertex -6.19204 12.5562 -2
      vertex -5.30746 10.7625 -2
      vertex -6 10.3923 -2
    endloop
  endfacet
  facet normal 0 0 -1
    outer loop
      vertex -5.30746 10.7625 -2
      vertex -6.19204 12.5562 -2
      vertex -5.35757 12.9343 -2
    endloop
  endfacet
  facet normal 0 0 -1
    outer loop
      vertex -7 12.1244 -2
      vertex -6 10.3923 -2
      vertex -6.66684 9.97763 -2
    endloop
  endfacet
  facet normal 0 0 -1
    outer loop
      vertex -6 10.3923 -2
      vertex -7 12.1244 -2
      vertex -6.19204 12.5562 -2
    endloop
  endfacet
  facet normal 0 0 -1
    outer loop
      vertex -7.77798 11.6406 -2
      vertex -6.66684 9.97763 -2
      vertex -7.30514 9.52024 -2
    endloop
  endfacet
  facet normal 0 0 -1
    outer loop
      vertex -6.66684 9.97763 -2
      vertex -7.77798 11.6406 -2
      vertex -7 12.1244 -2
    endloop
  endfacet
  facet normal 0 0 -1
    outer loop
      vertex -8.52266 11.1069 -2
      vertex -7.30514 9.52024 -2
      vertex -7.91215 9.02208 -2
    endloop
  endfacet
  facet normal 0 0 -1
    outer loop
      vertex -9.23084 10.5258 -2
      vertex -7.91215 9.02208 -2
      vertex -8.48528 8.48528 -2
    endloop
  endfacet
  facet normal 0 0 -1
    outer loop
      vertex -7.30514 9.52024 -2
      vertex -8.52266 11.1069 -2
      vertex -7.77798 11.6406 -2
    endloop
  endfacet
  facet normal 0 0 -1
    outer loop
      vertex -9.89949 9.89949 -2
      vertex -8.48528 8.48528 -2
      vertex -9.02208 7.91215 -2
    endloop
  endfacet
  facet normal 0 0 -1
    outer loop
      vertex -7.91215 9.02208 -2
      vertex -9.23084 10.5258 -2
      vertex -8.52266 11.1069 -2
    endloop
  endfacet
  facet normal 0 0 -1
    outer loop
      vertex -10.5258 9.23084 -2
      vertex -9.02208 7.91215 -2
      vertex -9.52024 7.30514 -2
    endloop
  endfacet
  facet normal 0 0 -1
    outer loop
      vertex -8.48528 8.48528 -2
      vertex -9.89949 9.89949 -2
      vertex -9.23084 10.5258 -2
    endloop
  endfacet
  facet normal 0 0 -1
    outer loop
      vertex -11.1069 8.52266 -2
      vertex -9.52024 7.30514 -2
      vertex -9.97763 6.66684 -2
    endloop
  endfacet
  facet normal 0 0 -1
    outer loop
      vertex -11.6406 7.77798 -2
      vertex -9.97763 6.66684 -2
      vertex -10.3923 6 -2
    endloop
  endfacet
  facet normal 0 0 -1
    outer loop
      vertex -9.02208 7.91215 -2
      vertex -10.5258 9.23084 -2
      vertex -9.89949 9.89949 -2
    endloop
  endfacet
  facet normal 0 0 -1
    outer loop
      vertex -12.1244 7 -2
      vertex -10.3923 6 -2
      vertex -10.7625 5.30746 -2
    endloop
  endfacet
  facet normal 0 0 -1
    outer loop
      vertex -12.5562 6.19204 -2
      vertex -10.7625 5.30746 -2
      vertex -11.0866 4.5922 -2
    endloop
  endfacet
  facet normal 0 0 -1
    outer loop
      vertex -9.52024 7.30514 -2
      vertex -11.1069 8.52266 -2
      vertex -10.5258 9.23084 -2
    endloop
  endfacet
  facet normal 0 0 -1
    outer loop
      vertex -12.9343 5.35757 -2
      vertex -11.0866 4.5922 -2
      vertex -11.3632 3.85727 -2
    endloop
  endfacet
  facet normal 0 0 -1
    outer loop
      vertex -13.257 4.50015 -2
      vertex -11.3632 3.85727 -2
      vertex -11.5911 3.10583 -2
    endloop
  endfacet
  facet normal 0 0 -1
    outer loop
      vertex -9.97763 6.66684 -2
      vertex -11.6406 7.77798 -2
      vertex -11.1069 8.52266 -2
    endloop
  endfacet
  facet normal 0 0 -1
    outer loop
      vertex -13.523 3.62347 -2
      vertex -11.5911 3.10583 -2
      vertex -11.7694 2.34108 -2
    endloop
  endfacet
  facet normal 0 0 -1
    outer loop
      vertex -13.731 2.73126 -2
      vertex -11.7694 2.34108 -2
      vertex -11.8973 1.56631 -2
    endloop
  endfacet
  facet normal 0 0 -1
    outer loop
      vertex -13.8802 1.82737 -2
      vertex -11.8973 1.56631 -2
      vertex -11.9743 0.784837 -2
    endloop
  endfacet
  facet normal 0 0 -1
    outer loop
      vertex -10.3923 6 -2
      vertex -12.1244 7 -2
      vertex -11.6406 7.77798 -2
    endloop
  endfacet
  facet normal 0 0 -1
    outer loop
      vertex -13.97 0.915644 -2
      vertex -11.9743 0.784837 -2
      vertex -12 0 -2
    endloop
  endfacet
  facet normal -0 0 -1
    outer loop
      vertex -11.5911 -3.10583 -2
      vertex -13.523 -3.62347 -2
      vertex -11.7694 -2.34108 -2
    endloop
  endfacet
  facet normal 0 0 -1
    outer loop
      vertex -13.731 -2.73126 -2
      vertex -11.7694 -2.34108 -2
      vertex -13.523 -3.62347 -2
    endloop
  endfacet
  facet normal 0 0 -1
    outer loop
      vertex -10.7625 5.30746 -2
      vertex -12.5562 6.19204 -2
      vertex -12.1244 7 -2
    endloop
  endfacet
  facet normal -0 0 -1
    outer loop
      vertex -11.7694 -2.34108 -2
      vertex -13.731 -2.73126 -2
      vertex -11.8973 -1.56631 -2
    endloop
  endfacet
  facet normal 0 0 -1
    outer loop
      vertex -11.0866 4.5922 -2
      vertex -12.9343 5.35757 -2
      vertex -12.5562 6.19204 -2
    endloop
  endfacet
  facet normal 0 0 -1
    outer loop
      vertex -13.8802 -1.82737 -2
      vertex -11.8973 -1.56631 -2
      vertex -13.731 -2.73126 -2
    endloop
  endfacet
  facet normal 0 0 -1
    outer loop
      vertex -11.3632 3.85727 -2
      vertex -13.257 4.50015 -2
      vertex -12.9343 5.35757 -2
    endloop
  endfacet
  facet normal -0 0 -1
    outer loop
      vertex -11.8973 -1.56631 -2
      vertex -13.8802 -1.82737 -2
      vertex -11.9743 -0.784837 -2
    endloop
  endfacet
  facet normal 0 0 -1
    outer loop
      vertex -11.5911 3.10583 -2
      vertex -13.523 3.62347 -2
      vertex -13.257 4.50015 -2
    endloop
  endfacet
  facet normal 0 0 -1
    outer loop
      vertex -13.97 -0.915644 -2
      vertex -11.9743 -0.784837 -2
      vertex -13.8802 -1.82737 -2
    endloop
  endfacet
  facet normal 0 0 -1
    outer loop
      vertex -11.7694 2.34108 -2
      vertex -13.731 2.73126 -2
      vertex -13.523 3.62347 -2
    endloop
  endfacet
  facet normal -0 0 -1
    outer loop
      vertex -11.9743 -0.784837 -2
      vertex -13.97 -0.915644 -2
      vertex -12 0 -2
    endloop
  endfacet
  facet normal 0 0 -1
    outer loop
      vertex -11.8973 1.56631 -2
      vertex -13.8802 1.82737 -2
      vertex -13.731 2.73126 -2
    endloop
  endfacet
  facet normal 0 0 -1
    outer loop
      vertex -14 0 -2
      vertex -12 0 -2
      vertex -13.97 -0.915644 -2
    endloop
  endfacet
  facet normal 0 0 -1
    outer loop
      vertex -11.9743 0.784837 -2
      vertex -13.97 0.915644 -2
      vertex -13.8802 1.82737 -2
    endloop
  endfacet
  facet normal 0 0 -1
    outer loop
      vertex -12 0 -2
      vertex -14 0 -2
      vertex -13.97 0.915644 -2
    endloop
  endfacet
  facet normal 0.973885 0.227041 0
    outer loop
      vertex 13.731 2.73126 0
      vertex 13.523 3.62347 -2
      vertex 13.523 3.62347 0
    endloop
  endfacet
  facet normal 0.973885 0.227041 0
    outer loop
      vertex 13.523 3.62347 -2
      vertex 13.731 2.73126 0
      vertex 13.731 2.73126 -2
    endloop
  endfacet
  facet normal 0.986649 0.162861 0
    outer loop
      vertex 13.8802 1.82737 0
      vertex 13.731 2.73126 -2
      vertex 13.731 2.73126 0
    endloop
  endfacet
  facet normal 0.986649 0.162861 0
    outer loop
      vertex 13.731 2.73126 -2
      vertex 13.8802 1.82737 0
      vertex 13.8802 1.82737 -2
    endloop
  endfacet
  facet normal 0.93591 0.35224 0
    outer loop
      vertex 13.257 4.50015 0
      vertex 12.9343 5.35757 -2
      vertex 12.9343 5.35757 0
    endloop
  endfacet
  facet normal 0.93591 0.35224 0
    outer loop
      vertex 12.9343 5.35757 -2
      vertex 13.257 4.50015 0
      vertex 13.257 4.50015 -2
    endloop
  endfacet
  facet normal 0.849192 0.528084 0
    outer loop
      vertex 12.1244 7 0
      vertex 11.6406 7.77798 -2
      vertex 11.6406 7.77798 0
    endloop
  endfacet
  facet normal 0.849192 0.528084 0
    outer loop
      vertex 11.6406 7.77798 -2
      vertex 12.1244 7 0
      vertex 12.1244 7 -2
    endloop
  endfacet
  facet normal 0.88195 0.471343 0
    outer loop
      vertex 12.5562 6.19204 0
      vertex 12.1244 7 -2
      vertex 12.1244 7 0
    endloop
  endfacet
  facet normal 0.88195 0.471343 0
    outer loop
      vertex 12.1244 7 -2
      vertex 12.5562 6.19204 0
      vertex 12.5562 6.19204 -2
    endloop
  endfacet
  facet normal 0.35224 0.93591 -0
    outer loop
      vertex 5.35757 12.9343 -2
      vertex 4.50015 13.257 0
      vertex 5.35757 12.9343 0
    endloop
  endfacet
  facet normal 0.35224 0.93591 0
    outer loop
      vertex 4.50015 13.257 0
      vertex 5.35757 12.9343 -2
      vertex 4.50015 13.257 -2
    endloop
  endfacet
  facet normal 0.290347 0.956922 -0
    outer loop
      vertex 4.50015 13.257 -2
      vertex 3.62347 13.523 0
      vertex 4.50015 13.257 0
    endloop
  endfacet
  facet normal 0.290347 0.956922 0
    outer loop
      vertex 3.62347 13.523 0
      vertex 4.50015 13.257 -2
      vertex 3.62347 13.523 -2
    endloop
  endfacet
  facet normal 0.0980202 0.995184 -0
    outer loop
      vertex 1.82737 13.8802 -2
      vertex 0.915644 13.97 0
      vertex 1.82737 13.8802 0
    endloop
  endfacet
  facet normal 0.0980202 0.995184 0
    outer loop
      vertex 0.915644 13.97 0
      vertex 1.82737 13.8802 -2
      vertex 0.915644 13.97 -2
    endloop
  endfacet
  facet normal 0.582528 0.812811 -0
    outer loop
      vertex 8.52266 11.1069 -2
      vertex 7.77798 11.6406 0
      vertex 8.52266 11.1069 0
    endloop
  endfacet
  facet normal 0.582528 0.812811 0
    outer loop
      vertex 7.77798 11.6406 0
      vertex 8.52266 11.1069 -2
      vertex 7.77798 11.6406 -2
    endloop
  endfacet
  facet normal 0.634336 0.773058 -0
    outer loop
      vertex 9.23084 10.5258 -2
      vertex 8.52266 11.1069 0
      vertex 9.23084 10.5258 0
    endloop
  endfacet
  facet normal 0.634336 0.773058 0
    outer loop
      vertex 8.52266 11.1069 0
      vertex 9.23084 10.5258 -2
      vertex 8.52266 11.1069 -2
    endloop
  endfacet
  facet normal -0.88195 0.471343 0
    outer loop
      vertex -12.5562 6.19204 -2
      vertex -12.1244 7 0
      vertex -12.1244 7 -2
    endloop
  endfacet
  facet normal -0.88195 0.471343 0
    outer loop
      vertex -12.1244 7 0
      vertex -12.5562 6.19204 -2
      vertex -12.5562 6.19204 0
    endloop
  endfacet
  facet normal -0.93591 0.35224 0
    outer loop
      vertex -13.257 4.50015 -2
      vertex -12.9343 5.35757 0
      vertex -12.9343 5.35757 -2
    endloop
  endfacet
  facet normal -0.93591 0.35224 0
    outer loop
      vertex -12.9343 5.35757 0
      vertex -13.257 4.50015 -2
      vertex -13.257 4.50015 0
    endloop
  endfacet
  facet normal -0.956922 0.290347 0
    outer loop
      vertex -13.523 3.62347 -2
      vertex -13.257 4.50015 0
      vertex -13.257 4.50015 -2
    endloop
  endfacet
  facet normal -0.956922 0.290347 0
    outer loop
      vertex -13.257 4.50015 0
      vertex -13.523 3.62347 -2
      vertex -13.523 3.62347 0
    endloop
  endfacet
  facet normal -0.995184 0.0980202 0
    outer loop
      vertex -13.97 0.915644 -2
      vertex -13.8802 1.82737 0
      vertex -13.8802 1.82737 -2
    endloop
  endfacet
  facet normal -0.995184 0.0980202 0
    outer loop
      vertex -13.8802 1.82737 0
      vertex -13.97 0.915644 -2
      vertex -13.97 0.915644 0
    endloop
  endfacet
  facet normal -0.471343 0.88195 0
    outer loop
      vertex -6.19204 12.5562 -2
      vertex -7 12.1244 0
      vertex -6.19204 12.5562 0
    endloop
  endfacet
  facet normal -0.471343 0.88195 0
    outer loop
      vertex -7 12.1244 0
      vertex -6.19204 12.5562 -2
      vertex -7 12.1244 -2
    endloop
  endfacet
  facet normal -0.582528 0.812811 0
    outer loop
      vertex -7.77798 11.6406 -2
      vertex -8.52266 11.1069 0
      vertex -7.77798 11.6406 0
    endloop
  endfacet
  facet normal -0.582528 0.812811 0
    outer loop
      vertex -8.52266 11.1069 0
      vertex -7.77798 11.6406 -2
      vertex -8.52266 11.1069 -2
    endloop
  endfacet
  facet normal -0.35224 0.93591 0
    outer loop
      vertex -4.50015 13.257 -2
      vertex -5.35757 12.9343 0
      vertex -4.50015 13.257 0
    endloop
  endfacet
  facet normal -0.35224 0.93591 0
    outer loop
      vertex -5.35757 12.9343 0
      vertex -4.50015 13.257 -2
      vertex -5.35757 12.9343 -2
    endloop
  endfacet
  facet normal -0.0327463 0.999464 0
    outer loop
      vertex 0 14 -2
      vertex -0.915644 13.97 0
      vertex 0 14 0
    endloop
  endfacet
  facet normal -0.0327463 0.999464 0
    outer loop
      vertex -0.915644 13.97 0
      vertex 0 14 -2
      vertex -0.915644 13.97 -2
    endloop
  endfacet
  facet normal 0.0327463 -0.999464 0
    outer loop
      vertex 0 -14 -2
      vertex 0.915644 -13.97 0
      vertex 0 -14 0
    endloop
  endfacet
  facet normal 0.0327463 -0.999464 0
    outer loop
      vertex 0.915644 -13.97 0
      vertex 0 -14 -2
      vertex 0.915644 -13.97 -2
    endloop
  endfacet
  facet normal 0.162861 -0.986649 0
    outer loop
      vertex 1.82737 -13.8802 -2
      vertex 2.73126 -13.731 0
      vertex 1.82737 -13.8802 0
    endloop
  endfacet
  facet normal 0.162861 -0.986649 0
    outer loop
      vertex 2.73126 -13.731 0
      vertex 1.82737 -13.8802 -2
      vertex 2.73126 -13.731 -2
    endloop
  endfacet
  facet normal 0.35224 -0.93591 0
    outer loop
      vertex 4.50015 -13.257 -2
      vertex 5.35757 -12.9343 0
      vertex 4.50015 -13.257 0
    endloop
  endfacet
  facet normal 0.35224 -0.93591 0
    outer loop
      vertex 5.35757 -12.9343 0
      vertex 4.50015 -13.257 -2
      vertex 5.35757 -12.9343 -2
    endloop
  endfacet
  facet normal 0.582528 -0.812811 0
    outer loop
      vertex 7.77798 -11.6406 -2
      vertex 8.52266 -11.1069 0
      vertex 7.77798 -11.6406 0
    endloop
  endfacet
  facet normal 0.582528 -0.812811 0
    outer loop
      vertex 8.52266 -11.1069 0
      vertex 7.77798 -11.6406 -2
      vertex 8.52266 -11.1069 -2
    endloop
  endfacet
  facet normal 0.471343 -0.88195 0
    outer loop
      vertex 6.19204 -12.5562 -2
      vertex 7 -12.1244 0
      vertex 6.19204 -12.5562 0
    endloop
  endfacet
  facet normal 0.471343 -0.88195 0
    outer loop
      vertex 7 -12.1244 0
      vertex 6.19204 -12.5562 -2
      vertex 7 -12.1244 -2
    endloop
  endfacet
  facet normal 0.773058 -0.634336 0
    outer loop
      vertex 10.5258 -9.23084 0
      vertex 11.1069 -8.52266 -2
      vertex 11.1069 -8.52266 0
    endloop
  endfacet
  facet normal 0.773058 -0.634336 0
    outer loop
      vertex 11.1069 -8.52266 -2
      vertex 10.5258 -9.23084 0
      vertex 10.5258 -9.23084 -2
    endloop
  endfacet
  facet normal 0.93591 -0.35224 0
    outer loop
      vertex 12.9343 -5.35757 0
      vertex 13.257 -4.50015 -2
      vertex 13.257 -4.50015 0
    endloop
  endfacet
  facet normal 0.93591 -0.35224 0
    outer loop
      vertex 13.257 -4.50015 -2
      vertex 12.9343 -5.35757 0
      vertex 12.9343 -5.35757 -2
    endloop
  endfacet
  facet normal 0.910861 -0.412713 0
    outer loop
      vertex 12.5562 -6.19204 0
      vertex 12.9343 -5.35757 -2
      vertex 12.9343 -5.35757 0
    endloop
  endfacet
  facet normal 0.910861 -0.412713 0
    outer loop
      vertex 12.9343 -5.35757 -2
      vertex 12.5562 -6.19204 0
      vertex 12.5562 -6.19204 -2
    endloop
  endfacet
  facet normal 0.973885 -0.227041 0
    outer loop
      vertex 13.523 -3.62347 0
      vertex 13.731 -2.73126 -2
      vertex 13.731 -2.73126 0
    endloop
  endfacet
  facet normal 0.973885 -0.227041 0
    outer loop
      vertex 13.731 -2.73126 -2
      vertex 13.523 -3.62347 0
      vertex 13.523 -3.62347 -2
    endloop
  endfacet
  facet normal 0.995184 -0.0980202 0
    outer loop
      vertex 13.8802 -1.82737 0
      vertex 13.97 -0.915644 -2
      vertex 13.97 -0.915644 0
    endloop
  endfacet
  facet normal 0.995184 -0.0980202 0
    outer loop
      vertex 13.97 -0.915644 -2
      vertex 13.8802 -1.82737 0
      vertex 13.8802 -1.82737 -2
    endloop
  endfacet
  facet normal -0.634336 -0.773058 0
    outer loop
      vertex -9.23084 -10.5258 -2
      vertex -8.52266 -11.1069 0
      vertex -9.23084 -10.5258 0
    endloop
  endfacet
  facet normal -0.634336 -0.773058 -0
    outer loop
      vertex -8.52266 -11.1069 0
      vertex -9.23084 -10.5258 -2
      vertex -8.52266 -11.1069 -2
    endloop
  endfacet
  facet normal -0.412713 -0.910861 0
    outer loop
      vertex -6.19204 -12.5562 -2
      vertex -5.35757 -12.9343 0
      vertex -6.19204 -12.5562 0
    endloop
  endfacet
  facet normal -0.412713 -0.910861 -0
    outer loop
      vertex -5.35757 -12.9343 0
      vertex -6.19204 -12.5562 -2
      vertex -5.35757 -12.9343 -2
    endloop
  endfacet
  facet normal -0.528084 -0.849192 0
    outer loop
      vertex -7.77798 -11.6406 -2
      vertex -7 -12.1244 0
      vertex -7.77798 -11.6406 0
    endloop
  endfacet
  facet normal -0.528084 -0.849192 -0
    outer loop
      vertex -7 -12.1244 0
      vertex -7.77798 -11.6406 -2
      vertex -7 -12.1244 -2
    endloop
  endfacet
  facet normal -0.227041 -0.973885 0
    outer loop
      vertex -3.62347 -13.523 -2
      vertex -2.73126 -13.731 0
      vertex -3.62347 -13.523 0
    endloop
  endfacet
  facet normal -0.227041 -0.973885 -0
    outer loop
      vertex -2.73126 -13.731 0
      vertex -3.62347 -13.523 -2
      vertex -2.73126 -13.731 -2
    endloop
  endfacet
  facet normal -0.0980202 -0.995184 0
    outer loop
      vertex -1.82737 -13.8802 -2
      vertex -0.915644 -13.97 0
      vertex -1.82737 -13.8802 0
    endloop
  endfacet
  facet normal -0.0980202 -0.995184 -0
    outer loop
      vertex -0.915644 -13.97 0
      vertex -1.82737 -13.8802 -2
      vertex -0.915644 -13.97 -2
    endloop
  endfacet
  facet normal -0.812811 -0.582528 0
    outer loop
      vertex -11.1069 -8.52266 -2
      vertex -11.6406 -7.77798 0
      vertex -11.6406 -7.77798 -2
    endloop
  endfacet
  facet normal -0.812811 -0.582528 0
    outer loop
      vertex -11.6406 -7.77798 0
      vertex -11.1069 -8.52266 -2
      vertex -11.1069 -8.52266 0
    endloop
  endfacet
  facet normal -0.88195 -0.471343 0
    outer loop
      vertex -12.1244 -7 -2
      vertex -12.5562 -6.19204 0
      vertex -12.5562 -6.19204 -2
    endloop
  endfacet
  facet normal -0.88195 -0.471343 0
    outer loop
      vertex -12.5562 -6.19204 0
      vertex -12.1244 -7 -2
      vertex -12.1244 -7 0
    endloop
  endfacet
  facet normal -0.956922 -0.290347 0
    outer loop
      vertex -13.257 -4.50015 -2
      vertex -13.523 -3.62347 0
      vertex -13.523 -3.62347 -2
    endloop
  endfacet
  facet normal -0.956922 -0.290347 0
    outer loop
      vertex -13.523 -3.62347 0
      vertex -13.257 -4.50015 -2
      vertex -13.257 -4.50015 0
    endloop
  endfacet
  facet normal -0.986649 -0.162861 0
    outer loop
      vertex -13.731 -2.73126 -2
      vertex -13.8802 -1.82737 0
      vertex -13.8802 -1.82737 -2
    endloop
  endfacet
  facet normal -0.986649 -0.162861 0
    outer loop
      vertex -13.8802 -1.82737 0
      vertex -13.731 -2.73126 -2
      vertex -13.731 -2.73126 0
    endloop
  endfacet
  facet normal -0.999464 -0.0327463 0
    outer loop
      vertex -13.97 -0.915644 -2
      vertex -14 0 0
      vertex -14 0 -2
    endloop
  endfacet
  facet normal -0.999464 -0.0327463 0
    outer loop
      vertex -14 0 0
      vertex -13.97 -0.915644 -2
      vertex -13.97 -0.915644 0
    endloop
  endfacet
  facet normal -0.812811 0.582528 0
    outer loop
      vertex -11.6406 7.77798 -2
      vertex -11.1069 8.52266 0
      vertex -11.1069 8.52266 -2
    endloop
  endfacet
  facet normal -0.812811 0.582528 0
    outer loop
      vertex -11.1069 8.52266 0
      vertex -11.6406 7.77798 -2
      vertex -11.6406 7.77798 0
    endloop
  endfacet
  facet normal -0.773058 0.634336 0
    outer loop
      vertex -11.1069 8.52266 -2
      vertex -10.5258 9.23084 0
      vertex -10.5258 9.23084 -2
    endloop
  endfacet
  facet normal -0.773058 0.634336 0
    outer loop
      vertex -10.5258 9.23084 0
      vertex -11.1069 8.52266 -2
      vertex -11.1069 8.52266 0
    endloop
  endfacet
  facet normal 0.0980202 -0.995184 0
    outer loop
      vertex 0.915644 -13.97 -2
      vertex 1.82737 -13.8802 0
      vertex 0.915644 -13.97 0
    endloop
  endfacet
  facet normal 0.0980202 -0.995184 0
    outer loop
      vertex 1.82737 -13.8802 0
      vertex 0.915644 -13.97 -2
      vertex 1.82737 -13.8802 -2
    endloop
  endfacet
  facet normal 0.290347 -0.956922 0
    outer loop
      vertex 3.62347 -13.523 -2
      vertex 4.50015 -13.257 0
      vertex 3.62347 -13.523 0
    endloop
  endfacet
  facet normal 0.290347 -0.956922 0
    outer loop
      vertex 4.50015 -13.257 0
      vertex 3.62347 -13.523 -2
      vertex 4.50015 -13.257 -2
    endloop
  endfacet
  facet normal 0.412713 -0.910861 0
    outer loop
      vertex 5.35757 -12.9343 -2
      vertex 6.19204 -12.5562 0
      vertex 5.35757 -12.9343 0
    endloop
  endfacet
  facet normal 0.412713 -0.910861 0
    outer loop
      vertex 6.19204 -12.5562 0
      vertex 5.35757 -12.9343 -2
      vertex 6.19204 -12.5562 -2
    endloop
  endfacet
  facet normal 0.729836 -0.683622 0
    outer loop
      vertex 9.89949 -9.89949 0
      vertex 10.5258 -9.23084 -2
      vertex 10.5258 -9.23084 0
    endloop
  endfacet
  facet normal 0.729836 -0.683622 0
    outer loop
      vertex 10.5258 -9.23084 -2
      vertex 9.89949 -9.89949 0
      vertex 9.89949 -9.89949 -2
    endloop
  endfacet
  facet normal 0.528084 -0.849192 0
    outer loop
      vertex 7 -12.1244 -2
      vertex 7.77798 -11.6406 0
      vertex 7 -12.1244 0
    endloop
  endfacet
  facet normal 0.528084 -0.849192 0
    outer loop
      vertex 7.77798 -11.6406 0
      vertex 7 -12.1244 -2
      vertex 7.77798 -11.6406 -2
    endloop
  endfacet
  facet normal 0.812811 -0.582528 0
    outer loop
      vertex 11.1069 -8.52266 0
      vertex 11.6406 -7.77798 -2
      vertex 11.6406 -7.77798 0
    endloop
  endfacet
  facet normal 0.812811 -0.582528 0
    outer loop
      vertex 11.6406 -7.77798 -2
      vertex 11.1069 -8.52266 0
      vertex 11.1069 -8.52266 -2
    endloop
  endfacet
  facet normal 0.999464 -0.0327463 0
    outer loop
      vertex 13.97 -0.915644 0
      vertex 14 0 -2
      vertex 14 0 0
    endloop
  endfacet
  facet normal 0.999464 -0.0327463 0
    outer loop
      vertex 14 0 -2
      vertex 13.97 -0.915644 0
      vertex 13.97 -0.915644 -2
    endloop
  endfacet
  facet normal -0.582528 -0.812811 0
    outer loop
      vertex -8.52266 -11.1069 -2
      vertex -7.77798 -11.6406 0
      vertex -8.52266 -11.1069 0
    endloop
  endfacet
  facet normal -0.582528 -0.812811 -0
    outer loop
      vertex -7.77798 -11.6406 0
      vertex -8.52266 -11.1069 -2
      vertex -7.77798 -11.6406 -2
    endloop
  endfacet
  facet normal -0.471343 -0.88195 0
    outer loop
      vertex -7 -12.1244 -2
      vertex -6.19204 -12.5562 0
      vertex -7 -12.1244 0
    endloop
  endfacet
  facet normal -0.471343 -0.88195 -0
    outer loop
      vertex -6.19204 -12.5562 0
      vertex -7 -12.1244 -2
      vertex -6.19204 -12.5562 -2
    endloop
  endfacet
  facet normal -0.290347 -0.956922 0
    outer loop
      vertex -4.50015 -13.257 -2
      vertex -3.62347 -13.523 0
      vertex -4.50015 -13.257 0
    endloop
  endfacet
  facet normal -0.290347 -0.956922 -0
    outer loop
      vertex -3.62347 -13.523 0
      vertex -4.50015 -13.257 -2
      vertex -3.62347 -13.523 -2
    endloop
  endfacet
  facet normal -0.0327463 -0.999464 0
    outer loop
      vertex -0.915644 -13.97 -2
      vertex 0 -14 0
      vertex -0.915644 -13.97 0
    endloop
  endfacet
  facet normal -0.0327463 -0.999464 -0
    outer loop
      vertex 0 -14 0
      vertex -0.915644 -13.97 -2
      vertex 0 -14 -2
    endloop
  endfacet
  facet normal -0.773058 -0.634336 0
    outer loop
      vertex -10.5258 -9.23084 -2
      vertex -11.1069 -8.52266 0
      vertex -11.1069 -8.52266 -2
    endloop
  endfacet
  facet normal -0.773058 -0.634336 0
    outer loop
      vertex -11.1069 -8.52266 0
      vertex -10.5258 -9.23084 -2
      vertex -10.5258 -9.23084 0
    endloop
  endfacet
  facet normal -0.849192 -0.528084 0
    outer loop
      vertex -11.6406 -7.77798 -2
      vertex -12.1244 -7 0
      vertex -12.1244 -7 -2
    endloop
  endfacet
  facet normal -0.849192 -0.528084 0
    outer loop
      vertex -12.1244 -7 0
      vertex -11.6406 -7.77798 -2
      vertex -11.6406 -7.77798 0
    endloop
  endfacet
  facet normal -0.93591 -0.35224 0
    outer loop
      vertex -12.9343 -5.35757 -2
      vertex -13.257 -4.50015 0
      vertex -13.257 -4.50015 -2
    endloop
  endfacet
  facet normal -0.93591 -0.35224 0
    outer loop
      vertex -13.257 -4.50015 0
      vertex -12.9343 -5.35757 -2
      vertex -12.9343 -5.35757 0
    endloop
  endfacet
  facet normal -0.995184 -0.0980202 0
    outer loop
      vertex -13.8802 -1.82737 -2
      vertex -13.97 -0.915644 0
      vertex -13.97 -0.915644 -2
    endloop
  endfacet
  facet normal -0.995184 -0.0980202 0
    outer loop
      vertex -13.97 -0.915644 0
      vertex -13.8802 -1.82737 -2
      vertex -13.8802 -1.82737 0
    endloop
  endfacet
  facet normal 0.986649 -0.162861 0
    outer loop
      vertex 13.731 -2.73126 0
      vertex 13.8802 -1.82737 -2
      vertex 13.8802 -1.82737 0
    endloop
  endfacet
  facet normal 0.986649 -0.162861 0
    outer loop
      vertex 13.8802 -1.82737 -2
      vertex 13.731 -2.73126 0
      vertex 13.731 -2.73126 -2
    endloop
  endfacet
  facet normal -0.995104 -0.0326429 -0.093291
    outer loop
      vertex -10.9764 -0.719434 -36
      vertex -12.5 0 -20
      vertex -11 0 -36
    endloop
  endfacet
  facet normal -0.0326429 0.995104 -0.093291
    outer loop
      vertex 0 11 -36
      vertex -0.719434 10.9764 -36
      vertex 0 12.5 -20
    endloop
  endfacet
  facet normal 0.0326429 -0.995104 -0.093291
    outer loop
      vertex 0.719434 -10.9764 -36
      vertex 0 -12.5 -20
      vertex 0 -11 -36
    endloop
  endfacet
  facet normal -0.995104 0.0326209 -0.093292
    outer loop
      vertex -10.9764 0.719434 -36
      vertex -12.5 0 -20
      vertex -12.4732 0.817538 -20
    endloop
  endfacet
  facet normal 0.990845 -0.0975816 -0.0932925
    outer loop
      vertex 12.3931 -1.63158 -20
      vertex 11.4122 -1 -31.0786
      vertex 12.4553 -1 -20
    endloop
  endfacet
  facet normal -0.680616 -0.726676 -0.0932912
    outer loop
      vertex -7.2528 -8.27024 -36
      vertex -8.83883 -8.83883 -20
      vertex -7.77817 -7.77817 -36
    endloop
  endfacet
  facet normal -0.990854 0.0974979 -0.0932922
    outer loop
      vertex -10.9764 0.719434 -36
      vertex -12.4732 0.817538 -20
      vertex -12.3931 1.63158 -20
    endloop
  endfacet
  facet normal 0.680616 0.726676 -0.0932912
    outer loop
      vertex 7.77817 7.77817 -36
      vertex 7.2528 8.27024 -36
      vertex 8.83883 8.83883 -20
    endloop
  endfacet
  facet normal 0.726676 -0.680616 -0.0932912
    outer loop
      vertex 8.83883 -8.83883 -20
      vertex 7.77817 -7.77817 -36
      vertex 8.27024 -7.2528 -36
    endloop
  endfacet
  facet normal 0.410935 -0.906879 -0.0932899
    outer loop
      vertex 4.78354 -11.5485 -20
      vertex 4.20952 -10.1627 -36
      vertex 4.86518 -9.8656 -36
    endloop
  endfacet
  facet normal -0.410962 -0.906867 -0.0932857
    outer loop
      vertex -4.20952 -10.1627 -36
      vertex -4.84007 -10.3832 -31.0786
      vertex -4.60838 -9.98195 -36
    endloop
  endfacet
  facet normal -0.410999 -0.90685 -0.0932896
    outer loop
      vertex -4.84007 -10.3832 -31.0786
      vertex -4.20952 -10.1627 -36
      vertex -4.78354 -11.5485 -20
    endloop
  endfacet
  facet normal -0.350679 -0.931837 -0.0932916
    outer loop
      vertex -4.01799 -11.8366 -20
      vertex -4.78354 -11.5485 -20
      vertex -3.53583 -10.4162 -36
    endloop
  endfacet
  facet normal -0.726676 0.680616 -0.0932912
    outer loop
      vertex -8.27024 7.2528 -36
      vertex -8.83883 8.83883 -20
      vertex -7.77817 7.77817 -36
    endloop
  endfacet
  facet normal -0.410999 0.90685 -0.0932896
    outer loop
      vertex -4.20952 10.1627 -36
      vertex -4.84007 10.3832 -31.0786
      vertex -4.78354 11.5485 -20
    endloop
  endfacet
  facet normal -0.410962 0.906867 -0.0932857
    outer loop
      vertex -4.84007 10.3832 -31.0786
      vertex -4.20952 10.1627 -36
      vertex -4.60838 9.98195 -36
    endloop
  endfacet
  facet normal 0.0326209 0.995104 -0.093292
    outer loop
      vertex 0.719434 10.9764 -36
      vertex 0 12.5 -20
      vertex 0.817538 12.4732 -20
    endloop
  endfacet
  facet normal 0.0974979 0.990854 -0.0932922
    outer loop
      vertex 1.63158 12.3931 -20
      vertex 0.719434 10.9764 -36
      vertex 0.817538 12.4732 -20
    endloop
  endfacet
  facet normal 0.931851 0.350642 -0.0932897
    outer loop
      vertex 10.4162 3.53583 -36
      vertex 10.1627 4.20952 -36
      vertex 11.5485 4.78354 -20
    endloop
  endfacet
  facet normal 0.990845 0.0975816 -0.0932925
    outer loop
      vertex 12.4553 1 -20
      vertex 11.4122 1 -31.0786
      vertex 12.3931 1.63158 -20
    endloop
  endfacet
  facet normal 0.931851 -0.350642 -0.0932897
    outer loop
      vertex 11.5485 -4.78354 -20
      vertex 10.1627 -4.20952 -36
      vertex 10.4162 -3.53583 -36
    endloop
  endfacet
  facet normal 0.680617 -0.726676 -0.0932912
    outer loop
      vertex 8.24182 -9.398 -20
      vertex 7.2528 -8.27024 -36
      vertex 8.83883 -8.83883 -20
    endloop
  endfacet
  facet normal 0.162251 -0.982329 -0.093293
    outer loop
      vertex 1.63158 -12.3931 -20
      vertex 1.43579 -10.9059 -36
      vertex 2.43863 -12.2598 -20
    endloop
  endfacet
  facet normal 0.28908 -0.952748 -0.0932917
    outer loop
      vertex 4.01799 -11.8366 -20
      vertex 2.84701 -10.6252 -36
      vertex 3.53583 -10.4162 -36
    endloop
  endfacet
  facet normal -0.931837 -0.350679 -0.0932916
    outer loop
      vertex -11.5485 -4.78354 -20
      vertex -11.8366 -4.01799 -20
      vertex -10.4162 -3.53583 -36
    endloop
  endfacet
  facet normal -0.98233 -0.162246 -0.0932927
    outer loop
      vertex -10.7886 -2.14599 -36
      vertex -12.2598 -2.43863 -20
      vertex -10.9059 -1.43579 -36
    endloop
  endfacet
  facet normal -0.726676 -0.680617 -0.0932912
    outer loop
      vertex -8.83883 -8.83883 -20
      vertex -9.398 -8.24182 -20
      vertex -8.27024 -7.2528 -36
    endloop
  endfacet
  facet normal -0.845525 -0.525722 -0.093293
    outer loop
      vertex -10.3934 -6.94463 -20
      vertex -10.8253 -6.25 -20
      vertex -9.14616 -6.11127 -36
    endloop
  endfacet
  facet normal -0.63163 -0.769636 -0.0932912
    outer loop
      vertex -7.60952 -9.91692 -20
      vertex -8.24182 -9.398 -20
      vertex -7.2528 -8.27024 -36
    endloop
  endfacet
  facet normal -0.931851 0.350642 -0.0932897
    outer loop
      vertex -10.4162 3.53583 -36
      vertex -11.5485 4.78354 -20
      vertex -10.1627 4.20952 -36
    endloop
  endfacet
  facet normal -0.680617 0.726676 -0.0932912
    outer loop
      vertex -7.2528 8.27024 -36
      vertex -8.83883 8.83883 -20
      vertex -8.24182 9.398 -20
    endloop
  endfacet
  facet normal -0.162251 0.982329 -0.093293
    outer loop
      vertex -1.43579 10.9059 -36
      vertex -2.43863 12.2598 -20
      vertex -1.63158 12.3931 -20
    endloop
  endfacet
  facet normal -0.28908 0.952748 -0.0932917
    outer loop
      vertex -3.53583 10.4162 -36
      vertex -4.01799 11.8366 -20
      vertex -2.84701 10.6252 -36
    endloop
  endfacet
  facet normal 0.350642 0.931851 -0.0932897
    outer loop
      vertex 4.20952 10.1627 -36
      vertex 3.53583 10.4162 -36
      vertex 4.78354 11.5485 -20
    endloop
  endfacet
  facet normal 0.726676 0.680617 -0.0932912
    outer loop
      vertex 9.398 8.24182 -20
      vertex 8.27024 7.2528 -36
      vertex 8.83883 8.83883 -20
    endloop
  endfacet
  facet normal 0.845525 0.525722 -0.093293
    outer loop
      vertex 10.8253 6.25 -20
      vertex 9.14616 6.11127 -36
      vertex 10.3934 6.94463 -20
    endloop
  endfacet
  facet normal 0.969646 0.226014 -0.0932928
    outer loop
      vertex 10.7886 2.14599 -36
      vertex 10.6252 2.84701 -36
      vertex 12.2598 2.43863 -20
    endloop
  endfacet
  facet normal 0.931837 0.350679 -0.0932916
    outer loop
      vertex 11.8366 4.01799 -20
      vertex 10.4162 3.53583 -36
      vertex 11.5485 4.78354 -20
    endloop
  endfacet
  facet normal 0.98233 0.162246 -0.0932927
    outer loop
      vertex 10.9059 1.43579 -36
      vertex 10.7886 2.14599 -36
      vertex 12.2598 2.43863 -20
    endloop
  endfacet
  facet normal 0.982329 -0.162251 -0.093293
    outer loop
      vertex 12.2598 -2.43863 -20
      vertex 10.9059 -1.43579 -36
      vertex 12.3931 -1.63158 -20
    endloop
  endfacet
  facet normal 0.990849 -0.097541 -0.0932985
    outer loop
      vertex 11.4122 -1 -31.0786
      vertex 10.9059 -1.43579 -36
      vertex 10.9488 -1 -36
    endloop
  endfacet
  facet normal 0.990844 -0.0975954 -0.0932932
    outer loop
      vertex 10.9059 -1.43579 -36
      vertex 11.4122 -1 -31.0786
      vertex 12.3931 -1.63158 -20
    endloop
  endfacet
  facet normal 0.98233 -0.162246 -0.0932927
    outer loop
      vertex 12.2598 -2.43863 -20
      vertex 10.7886 -2.14599 -36
      vertex 10.9059 -1.43579 -36
    endloop
  endfacet
  facet normal 0.845525 -0.525722 -0.093293
    outer loop
      vertex 10.3934 -6.94463 -20
      vertex 9.14616 -6.11127 -36
      vertex 10.8253 -6.25 -20
    endloop
  endfacet
  facet normal 0.878074 -0.469343 -0.0932902
    outer loop
      vertex 10.8253 -6.25 -20
      vertex 9.52628 -5.5 -36
      vertex 9.8656 -4.86518 -36
    endloop
  endfacet
  facet normal 0.162246 -0.98233 -0.0932927
    outer loop
      vertex 2.43863 -12.2598 -20
      vertex 1.43579 -10.9059 -36
      vertex 2.14599 -10.7886 -36
    endloop
  endfacet
  facet normal 0.0975144 -0.990852 -0.093293
    outer loop
      vertex 1.63158 -12.3931 -20
      vertex 0.719434 -10.9764 -36
      vertex 1.43579 -10.9059 -36
    endloop
  endfacet
  facet normal 0.525722 -0.845525 -0.093293
    outer loop
      vertex 6.25 -10.8253 -20
      vertex 6.11127 -9.14616 -36
      vertex 6.94463 -10.3934 -20
    endloop
  endfacet
  facet normal 0.579959 -0.809286 -0.0932915
    outer loop
      vertex 6.94463 -10.3934 -20
      vertex 6.69637 -8.72689 -36
      vertex 7.60952 -9.91692 -20
    endloop
  endfacet
  facet normal 0.631626 -0.769639 -0.0932915
    outer loop
      vertex 7.60952 -9.91692 -20
      vertex 6.69637 -8.72689 -36
      vertex 7.2528 -8.27024 -36
    endloop
  endfacet
  facet normal -0.982329 -0.162251 -0.093293
    outer loop
      vertex -12.2598 -2.43863 -20
      vertex -12.3931 -1.63158 -20
      vertex -10.9059 -1.43579 -36
    endloop
  endfacet
  facet normal -0.906879 -0.410935 -0.0932899
    outer loop
      vertex -9.8656 -4.86518 -36
      vertex -11.5485 -4.78354 -20
      vertex -10.1627 -4.20952 -36
    endloop
  endfacet
  facet normal -0.969641 -0.226036 -0.0932917
    outer loop
      vertex -12.0741 -3.23524 -20
      vertex -12.2598 -2.43863 -20
      vertex -10.6252 -2.84701 -36
    endloop
  endfacet
  facet normal -0.952748 -0.28908 -0.0932917
    outer loop
      vertex -10.4162 -3.53583 -36
      vertex -11.8366 -4.01799 -20
      vertex -10.6252 -2.84701 -36
    endloop
  endfacet
  facet normal -0.990852 -0.0975144 -0.093293
    outer loop
      vertex -10.9059 -1.43579 -36
      vertex -12.3931 -1.63158 -20
      vertex -10.9764 -0.719434 -36
    endloop
  endfacet
  facet normal 0 0 -1
    outer loop
      vertex -6.69637 -8.72689 -36
      vertex -4.45558 -5.71729 -36
      vertex -6.34043 -8.98195 -36
    endloop
  endfacet
  facet normal 0 0 -1
    outer loop
      vertex -7.2528 -8.27024 -36
      vertex -4.45558 -5.71729 -36
      vertex -6.69637 -8.72689 -36
    endloop
  endfacet
  facet normal -0 0 -1
    outer loop
      vertex -4.45558 -5.71729 -36
      vertex -7.2528 -8.27024 -36
      vertex -4.78026 -5.45084 -36
    endloop
  endfacet
  facet normal -0 0 -1
    outer loop
      vertex -4.78026 -5.45084 -36
      vertex -7.2528 -8.27024 -36
      vertex -5.12652 -5.12652 -36
    endloop
  endfacet
  facet normal 0 0 -1
    outer loop
      vertex -7.77817 -7.77817 -36
      vertex -5.12652 -5.12652 -36
      vertex -7.2528 -8.27024 -36
    endloop
  endfacet
  facet normal -0 0 -1
    outer loop
      vertex -5.12652 -5.12652 -36
      vertex -7.77817 -7.77817 -36
      vertex -5.45084 -4.78026 -36
    endloop
  endfacet
  facet normal 0 0 -1
    outer loop
      vertex -8.27024 -7.2528 -36
      vertex -5.45084 -4.78026 -36
      vertex -7.77817 -7.77817 -36
    endloop
  endfacet
  facet normal -0 0 -1
    outer loop
      vertex -5.45084 -4.78026 -36
      vertex -8.27024 -7.2528 -36
      vertex -5.75181 -4.41352 -36
    endloop
  endfacet
  facet normal 0 0 -1
    outer loop
      vertex -8.72689 -6.69637 -36
      vertex -5.75181 -4.41352 -36
      vertex -8.27024 -7.2528 -36
    endloop
  endfacet
  facet normal -0 0 -1
    outer loop
      vertex -5.75181 -4.41352 -36
      vertex -8.72689 -6.69637 -36
      vertex -6.02815 -4.02788 -36
    endloop
  endfacet
  facet normal 0 0 -1
    outer loop
      vertex -9.14616 -6.11127 -36
      vertex -6.02815 -4.02788 -36
      vertex -8.72689 -6.69637 -36
    endloop
  endfacet
  facet normal -0 0 -1
    outer loop
      vertex -6.02815 -4.02788 -36
      vertex -9.14616 -6.11127 -36
      vertex -6.27868 -3.625 -36
    endloop
  endfacet
  facet normal 0 0 -1
    outer loop
      vertex -9.52628 -5.5 -36
      vertex -6.27868 -3.625 -36
      vertex -9.14616 -6.11127 -36
    endloop
  endfacet
  facet normal -0 0 -1
    outer loop
      vertex -6.27868 -3.625 -36
      vertex -9.52628 -5.5 -36
      vertex -6.50233 -3.20659 -36
    endloop
  endfacet
  facet normal -0 0 -1
    outer loop
      vertex -6.50233 -3.20659 -36
      vertex -9.8656 -4.86518 -36
      vertex -6.69813 -2.77445 -36
    endloop
  endfacet
  facet normal 0 0 -1
    outer loop
      vertex -9.8656 -4.86518 -36
      vertex -6.50233 -3.20659 -36
      vertex -9.52628 -5.5 -36
    endloop
  endfacet
  facet normal 0 0 -1
    outer loop
      vertex -7.2528 8.27024 -36
      vertex -4.45558 5.71729 -36
      vertex -4.78026 5.45084 -36
    endloop
  endfacet
  facet normal 0 0 -1
    outer loop
      vertex -7.2528 8.27024 -36
      vertex -4.78026 5.45084 -36
      vertex -5.12652 5.12652 -36
    endloop
  endfacet
  facet normal 0 0 -1
    outer loop
      vertex -7.77817 7.77817 -36
      vertex -5.12652 5.12652 -36
      vertex -5.45084 4.78026 -36
    endloop
  endfacet
  facet normal 0 0 -1
    outer loop
      vertex -8.27024 7.2528 -36
      vertex -5.45084 4.78026 -36
      vertex -5.75181 4.41352 -36
    endloop
  endfacet
  facet normal 0 0 -1
    outer loop
      vertex -8.72689 6.69637 -36
      vertex -5.75181 4.41352 -36
      vertex -6.02815 4.02788 -36
    endloop
  endfacet
  facet normal 0 0 -1
    outer loop
      vertex -9.14616 6.11127 -36
      vertex -6.02815 4.02788 -36
      vertex -6.27868 3.625 -36
    endloop
  endfacet
  facet normal 0 0 -1
    outer loop
      vertex -9.52628 5.5 -36
      vertex -6.27868 3.625 -36
      vertex -6.50233 3.20659 -36
    endloop
  endfacet
  facet normal 0 0 -1
    outer loop
      vertex -4.45558 5.71729 -36
      vertex -6.69637 8.72689 -36
      vertex -6.34043 8.98195 -36
    endloop
  endfacet
  facet normal 0 0 -1
    outer loop
      vertex -9.8656 4.86518 -36
      vertex -6.50233 3.20659 -36
      vertex -6.69813 2.77445 -36
    endloop
  endfacet
  facet normal 0 0 -1
    outer loop
      vertex -10.1627 4.20952 -36
      vertex -6.69813 2.77445 -36
      vertex -6.86524 2.33044 -36
    endloop
  endfacet
  facet normal 0 0 -1
    outer loop
      vertex -10.4162 3.53583 -36
      vertex -6.86524 2.33044 -36
      vertex -7.00296 1.87644 -36
    endloop
  endfacet
  facet normal 0 0 -1
    outer loop
      vertex -10.6252 2.84701 -36
      vertex -7.00296 1.87644 -36
      vertex -7.11069 1.4144 -36
    endloop
  endfacet
  facet normal 0 0 -1
    outer loop
      vertex -10.7886 2.14599 -36
      vertex -7.11069 1.4144 -36
      vertex -7.18797 0.946315 -36
    endloop
  endfacet
  facet normal 0 0 -1
    outer loop
      vertex -10.9059 1.43579 -36
      vertex -7.18797 0.946315 -36
      vertex -7.23448 0.474173 -36
    endloop
  endfacet
  facet normal 0 0 -1
    outer loop
      vertex -4.45558 5.71729 -36
      vertex -7.2528 8.27024 -36
      vertex -6.69637 8.72689 -36
    endloop
  endfacet
  facet normal 0 0 -1
    outer loop
      vertex -10.9764 0.719434 -36
      vertex -7.23448 0.474173 -36
      vertex -7.25 0 -36
    endloop
  endfacet
  facet normal 0 0 -1
    outer loop
      vertex -10.1627 -4.20952 -36
      vertex -6.69813 -2.77445 -36
      vertex -9.8656 -4.86518 -36
    endloop
  endfacet
  facet normal -0 0 -1
    outer loop
      vertex -6.69813 -2.77445 -36
      vertex -10.1627 -4.20952 -36
      vertex -6.86524 -2.33044 -36
    endloop
  endfacet
  facet normal 0 0 -1
    outer loop
      vertex -5.12652 5.12652 -36
      vertex -7.77817 7.77817 -36
      vertex -7.2528 8.27024 -36
    endloop
  endfacet
  facet normal 0 0 -1
    outer loop
      vertex -10.4162 -3.53583 -36
      vertex -6.86524 -2.33044 -36
      vertex -10.1627 -4.20952 -36
    endloop
  endfacet
  facet normal 0 0 -1
    outer loop
      vertex -5.45084 4.78026 -36
      vertex -8.27024 7.2528 -36
      vertex -7.77817 7.77817 -36
    endloop
  endfacet
  facet normal -0 0 -1
    outer loop
      vertex -6.86524 -2.33044 -36
      vertex -10.4162 -3.53583 -36
      vertex -7.00296 -1.87644 -36
    endloop
  endfacet
  facet normal 0 0 -1
    outer loop
      vertex -5.75181 4.41352 -36
      vertex -8.72689 6.69637 -36
      vertex -8.27024 7.2528 -36
    endloop
  endfacet
  facet normal 0 0 -1
    outer loop
      vertex -10.6252 -2.84701 -36
      vertex -7.00296 -1.87644 -36
      vertex -10.4162 -3.53583 -36
    endloop
  endfacet
  facet normal 0 0 -1
    outer loop
      vertex -6.02815 4.02788 -36
      vertex -9.14616 6.11127 -36
      vertex -8.72689 6.69637 -36
    endloop
  endfacet
  facet normal -0 0 -1
    outer loop
      vertex -7.00296 -1.87644 -36
      vertex -10.6252 -2.84701 -36
      vertex -7.11069 -1.4144 -36
    endloop
  endfacet
  facet normal 0 0 -1
    outer loop
      vertex -6.27868 3.625 -36
      vertex -9.52628 5.5 -36
      vertex -9.14616 6.11127 -36
    endloop
  endfacet
  facet normal 0 0 -1
    outer loop
      vertex -10.7886 -2.14599 -36
      vertex -7.11069 -1.4144 -36
      vertex -10.6252 -2.84701 -36
    endloop
  endfacet
  facet normal 0 0 -1
    outer loop
      vertex -6.50233 3.20659 -36
      vertex -9.8656 4.86518 -36
      vertex -9.52628 5.5 -36
    endloop
  endfacet
  facet normal -0 0 -1
    outer loop
      vertex -7.11069 -1.4144 -36
      vertex -10.7886 -2.14599 -36
      vertex -7.18797 -0.946315 -36
    endloop
  endfacet
  facet normal 0 0 -1
    outer loop
      vertex -6.69813 2.77445 -36
      vertex -10.1627 4.20952 -36
      vertex -9.8656 4.86518 -36
    endloop
  endfacet
  facet normal 0 0 -1
    outer loop
      vertex -10.9059 -1.43579 -36
      vertex -7.18797 -0.946315 -36
      vertex -10.7886 -2.14599 -36
    endloop
  endfacet
  facet normal 0 0 -1
    outer loop
      vertex -6.86524 2.33044 -36
      vertex -10.4162 3.53583 -36
      vertex -10.1627 4.20952 -36
    endloop
  endfacet
  facet normal -0 0 -1
    outer loop
      vertex -7.18797 -0.946315 -36
      vertex -10.9059 -1.43579 -36
      vertex -7.23448 -0.474173 -36
    endloop
  endfacet
  facet normal 0 0 -1
    outer loop
      vertex -7.00296 1.87644 -36
      vertex -10.6252 2.84701 -36
      vertex -10.4162 3.53583 -36
    endloop
  endfacet
  facet normal 0 0 -1
    outer loop
      vertex -10.9764 -0.719434 -36
      vertex -7.23448 -0.474173 -36
      vertex -10.9059 -1.43579 -36
    endloop
  endfacet
  facet normal 0 0 -1
    outer loop
      vertex -7.11069 1.4144 -36
      vertex -10.7886 2.14599 -36
      vertex -10.6252 2.84701 -36
    endloop
  endfacet
  facet normal -0 0 -1
    outer loop
      vertex -7.23448 -0.474173 -36
      vertex -10.9764 -0.719434 -36
      vertex -7.25 0 -36
    endloop
  endfacet
  facet normal 0 0 -1
    outer loop
      vertex -7.18797 0.946315 -36
      vertex -10.9059 1.43579 -36
      vertex -10.7886 2.14599 -36
    endloop
  endfacet
  facet normal 0 0 -1
    outer loop
      vertex -11 0 -36
      vertex -7.25 0 -36
      vertex -10.9764 -0.719434 -36
    endloop
  endfacet
  facet normal 0 0 -1
    outer loop
      vertex -7.23448 0.474173 -36
      vertex -10.9764 0.719434 -36
      vertex -10.9059 1.43579 -36
    endloop
  endfacet
  facet normal 0 0 -1
    outer loop
      vertex -7.25 0 -36
      vertex -11 0 -36
      vertex -10.9764 0.719434 -36
    endloop
  endfacet
  facet normal 0 0 -1
    outer loop
      vertex 7.17911 1 -36
      vertex 10.9059 1.43579 -36
      vertex 10.9488 1 -36
    endloop
  endfacet
  facet normal -0 0 -1
    outer loop
      vertex 10.9059 1.43579 -36
      vertex 7.17911 1 -36
      vertex 10.7886 2.14599 -36
    endloop
  endfacet
  facet normal -0 0 -1
    outer loop
      vertex 10.7886 2.14599 -36
      vertex 7.11069 1.4144 -36
      vertex 10.6252 2.84701 -36
    endloop
  endfacet
  facet normal 0 0 -1
    outer loop
      vertex 7.00296 1.87644 -36
      vertex 10.6252 2.84701 -36
      vertex 7.11069 1.4144 -36
    endloop
  endfacet
  facet normal 0 0 -1
    outer loop
      vertex 6.86524 2.33044 -36
      vertex 10.4162 3.53583 -36
      vertex 7.00296 1.87644 -36
    endloop
  endfacet
  facet normal -0 0 -1
    outer loop
      vertex 10.4162 3.53583 -36
      vertex 6.86524 2.33044 -36
      vertex 10.1627 4.20952 -36
    endloop
  endfacet
  facet normal -0 0 -1
    outer loop
      vertex 10.1627 4.20952 -36
      vertex 6.69813 2.77445 -36
      vertex 9.8656 4.86518 -36
    endloop
  endfacet
  facet normal 0 0 -1
    outer loop
      vertex 6.50233 3.20659 -36
      vertex 9.8656 4.86518 -36
      vertex 6.69813 2.77445 -36
    endloop
  endfacet
  facet normal 0 0 -1
    outer loop
      vertex 6.27868 3.625 -36
      vertex 9.52628 5.5 -36
      vertex 6.50233 3.20659 -36
    endloop
  endfacet
  facet normal -0 0 -1
    outer loop
      vertex 9.52628 5.5 -36
      vertex 6.27868 3.625 -36
      vertex 9.14616 6.11127 -36
    endloop
  endfacet
  facet normal -0 0 -1
    outer loop
      vertex 9.14616 6.11127 -36
      vertex 6.02815 4.02788 -36
      vertex 8.72689 6.69637 -36
    endloop
  endfacet
  facet normal 0 0 -1
    outer loop
      vertex 10.7886 2.14599 -36
      vertex 7.17911 1 -36
      vertex 7.11069 1.4144 -36
    endloop
  endfacet
  facet normal -0 0 -1
    outer loop
      vertex 10.6252 2.84701 -36
      vertex 7.00296 1.87644 -36
      vertex 10.4162 3.53583 -36
    endloop
  endfacet
  facet normal 0 0 -1
    outer loop
      vertex 6.69813 2.77445 -36
      vertex 10.1627 4.20952 -36
      vertex 6.86524 2.33044 -36
    endloop
  endfacet
  facet normal -0 0 -1
    outer loop
      vertex 9.8656 4.86518 -36
      vertex 6.50233 3.20659 -36
      vertex 9.52628 5.5 -36
    endloop
  endfacet
  facet normal 0 0 -1
    outer loop
      vertex 6.02815 4.02788 -36
      vertex 9.14616 6.11127 -36
      vertex 6.27868 3.625 -36
    endloop
  endfacet
  facet normal 0 0 -1
    outer loop
      vertex 5.75181 4.41352 -36
      vertex 8.72689 6.69637 -36
      vertex 6.02815 4.02788 -36
    endloop
  endfacet
  facet normal -0 0 -1
    outer loop
      vertex 8.72689 6.69637 -36
      vertex 5.75181 4.41352 -36
      vertex 8.27024 7.2528 -36
    endloop
  endfacet
  facet normal 0 0 -1
    outer loop
      vertex 5.45084 4.78026 -36
      vertex 8.27024 7.2528 -36
      vertex 5.75181 4.41352 -36
    endloop
  endfacet
  facet normal -0 0 -1
    outer loop
      vertex 8.27024 7.2528 -36
      vertex 5.45084 4.78026 -36
      vertex 7.77817 7.77817 -36
    endloop
  endfacet
  facet normal 0 0 -1
    outer loop
      vertex 5.12652 5.12652 -36
      vertex 7.77817 7.77817 -36
      vertex 5.45084 4.78026 -36
    endloop
  endfacet
  facet normal -0 0 -1
    outer loop
      vertex 7.77817 7.77817 -36
      vertex 5.12652 5.12652 -36
      vertex 7.2528 8.27024 -36
    endloop
  endfacet
  facet normal 0 0 -1
    outer loop
      vertex 4.78026 5.45084 -36
      vertex 7.2528 8.27024 -36
      vertex 5.12652 5.12652 -36
    endloop
  endfacet
  facet normal -0 0 -1
    outer loop
      vertex 7.2528 8.27024 -36
      vertex 4.78026 5.45084 -36
      vertex 6.69637 8.72689 -36
    endloop
  endfacet
  facet normal 0 0 -1
    outer loop
      vertex 4.41352 5.75181 -36
      vertex 6.69637 8.72689 -36
      vertex 4.78026 5.45084 -36
    endloop
  endfacet
  facet normal -0 0 -1
    outer loop
      vertex 6.69637 8.72689 -36
      vertex 4.41352 5.75181 -36
      vertex 6.11127 9.14616 -36
    endloop
  endfacet
  facet normal 0 0 -1
    outer loop
      vertex 4.02788 6.02815 -36
      vertex 6.11127 9.14616 -36
      vertex 4.41352 5.75181 -36
    endloop
  endfacet
  facet normal -0 0 -1
    outer loop
      vertex 6.11127 9.14616 -36
      vertex 4.02788 6.02815 -36
      vertex 5.5 9.52628 -36
    endloop
  endfacet
  facet normal 0 0 -1
    outer loop
      vertex 3.625 6.27868 -36
      vertex 5.5 9.52628 -36
      vertex 4.02788 6.02815 -36
    endloop
  endfacet
  facet normal -0 0 -1
    outer loop
      vertex 5.5 9.52628 -36
      vertex 3.625 6.27868 -36
      vertex 4.86518 9.8656 -36
    endloop
  endfacet
  facet normal 0 0 -1
    outer loop
      vertex 3.20659 6.50233 -36
      vertex 4.86518 9.8656 -36
      vertex 3.625 6.27868 -36
    endloop
  endfacet
  facet normal -0 0 -1
    outer loop
      vertex 4.86518 9.8656 -36
      vertex 3.20659 6.50233 -36
      vertex 4.20952 10.1627 -36
    endloop
  endfacet
  facet normal 0 0 -1
    outer loop
      vertex 2.77445 6.69813 -36
      vertex 4.20952 10.1627 -36
      vertex 3.20659 6.50233 -36
    endloop
  endfacet
  facet normal -0 0 -1
    outer loop
      vertex 4.20952 10.1627 -36
      vertex 2.77445 6.69813 -36
      vertex 3.53583 10.4162 -36
    endloop
  endfacet
  facet normal 0 0 -1
    outer loop
      vertex 2.33044 6.86524 -36
      vertex 3.53583 10.4162 -36
      vertex 2.77445 6.69813 -36
    endloop
  endfacet
  facet normal -0 0 -1
    outer loop
      vertex 3.53583 10.4162 -36
      vertex 2.33044 6.86524 -36
      vertex 2.84701 10.6252 -36
    endloop
  endfacet
  facet normal 0 0 -1
    outer loop
      vertex 1.87644 7.00296 -36
      vertex 2.84701 10.6252 -36
      vertex 2.33044 6.86524 -36
    endloop
  endfacet
  facet normal -0 0 -1
    outer loop
      vertex 2.84701 10.6252 -36
      vertex 1.87644 7.00296 -36
      vertex 2.14599 10.7886 -36
    endloop
  endfacet
  facet normal 0 0 -1
    outer loop
      vertex 1.4144 7.11069 -36
      vertex 2.14599 10.7886 -36
      vertex 1.87644 7.00296 -36
    endloop
  endfacet
  facet normal -0 0 -1
    outer loop
      vertex 2.14599 10.7886 -36
      vertex 1.4144 7.11069 -36
      vertex 1.43579 10.9059 -36
    endloop
  endfacet
  facet normal 0 0 -1
    outer loop
      vertex 0.946315 7.18797 -36
      vertex 1.43579 10.9059 -36
      vertex 1.4144 7.11069 -36
    endloop
  endfacet
  facet normal 0 0 -1
    outer loop
      vertex 0.946315 7.18797 -36
      vertex 0.719434 10.9764 -36
      vertex 1.43579 10.9059 -36
    endloop
  endfacet
  facet normal 0 0 -1
    outer loop
      vertex 0.474173 7.23448 -36
      vertex 0.719434 10.9764 -36
      vertex 0.946315 7.18797 -36
    endloop
  endfacet
  facet normal 0 0 -1
    outer loop
      vertex 0 7.25 -36
      vertex 0.719434 10.9764 -36
      vertex 0.474173 7.23448 -36
    endloop
  endfacet
  facet normal 0 0 -1
    outer loop
      vertex 0 7.25 -36
      vertex 0 11 -36
      vertex 0.719434 10.9764 -36
    endloop
  endfacet
  facet normal 0 0 -1
    outer loop
      vertex -0.474173 7.23448 -36
      vertex 0 11 -36
      vertex 0 7.25 -36
    endloop
  endfacet
  facet normal 0 0 -1
    outer loop
      vertex -0.474173 7.23448 -36
      vertex -0.719434 10.9764 -36
      vertex 0 11 -36
    endloop
  endfacet
  facet normal 0 0 -1
    outer loop
      vertex -0.946315 7.18797 -36
      vertex -0.719434 10.9764 -36
      vertex -0.474173 7.23448 -36
    endloop
  endfacet
  facet normal 0 0 -1
    outer loop
      vertex -1.43579 10.9059 -36
      vertex -0.946315 7.18797 -36
      vertex -1.4144 7.11069 -36
    endloop
  endfacet
  facet normal 0 0 -1
    outer loop
      vertex -0.946315 7.18797 -36
      vertex -1.43579 10.9059 -36
      vertex -0.719434 10.9764 -36
    endloop
  endfacet
  facet normal 0 0 -1
    outer loop
      vertex -2.14599 10.7886 -36
      vertex -1.4144 7.11069 -36
      vertex -1.87644 7.00296 -36
    endloop
  endfacet
  facet normal 0 0 -1
    outer loop
      vertex -1.4144 7.11069 -36
      vertex -2.14599 10.7886 -36
      vertex -1.43579 10.9059 -36
    endloop
  endfacet
  facet normal 0 0 -1
    outer loop
      vertex -2.84701 10.6252 -36
      vertex -1.87644 7.00296 -36
      vertex -2.33044 6.86524 -36
    endloop
  endfacet
  facet normal 0 0 -1
    outer loop
      vertex -3.53583 10.4162 -36
      vertex -2.33044 6.86524 -36
      vertex -2.72353 6.71729 -36
    endloop
  endfacet
  facet normal 0 0 -1
    outer loop
      vertex -1.87644 7.00296 -36
      vertex -2.84701 10.6252 -36
      vertex -2.14599 10.7886 -36
    endloop
  endfacet
  facet normal 0 0 -1
    outer loop
      vertex -2.33044 6.86524 -36
      vertex -3.53583 10.4162 -36
      vertex -2.84701 10.6252 -36
    endloop
  endfacet
  facet normal 0 0 -1
    outer loop
      vertex -2.72353 6.71729 -36
      vertex -4.20952 10.1627 -36
      vertex -3.53583 10.4162 -36
    endloop
  endfacet
  facet normal 0 -0 -1
    outer loop
      vertex -4.20952 10.1627 -36
      vertex -2.72353 6.71729 -36
      vertex -4.60838 9.98195 -36
    endloop
  endfacet
  facet normal 0 0 -1
    outer loop
      vertex 7.17911 -1 -36
      vertex 10.9059 -1.43579 -36
      vertex 10.7886 -2.14599 -36
    endloop
  endfacet
  facet normal 0 0 -1
    outer loop
      vertex 7.11069 -1.4144 -36
      vertex 10.7886 -2.14599 -36
      vertex 10.6252 -2.84701 -36
    endloop
  endfacet
  facet normal 0 0 -1
    outer loop
      vertex 7.00296 -1.87644 -36
      vertex 10.6252 -2.84701 -36
      vertex 10.4162 -3.53583 -36
    endloop
  endfacet
  facet normal 0 0 -1
    outer loop
      vertex 6.86524 -2.33044 -36
      vertex 10.4162 -3.53583 -36
      vertex 10.1627 -4.20952 -36
    endloop
  endfacet
  facet normal 0 0 -1
    outer loop
      vertex 6.69813 -2.77445 -36
      vertex 10.1627 -4.20952 -36
      vertex 9.8656 -4.86518 -36
    endloop
  endfacet
  facet normal 0 0 -1
    outer loop
      vertex 6.50233 -3.20659 -36
      vertex 9.8656 -4.86518 -36
      vertex 9.52628 -5.5 -36
    endloop
  endfacet
  facet normal 0 0 -1
    outer loop
      vertex 6.27868 -3.625 -36
      vertex 9.52628 -5.5 -36
      vertex 9.14616 -6.11127 -36
    endloop
  endfacet
  facet normal 0 0 -1
    outer loop
      vertex 6.02815 -4.02788 -36
      vertex 9.14616 -6.11127 -36
      vertex 8.72689 -6.69637 -36
    endloop
  endfacet
  facet normal 0 0 -1
    outer loop
      vertex 5.75181 -4.41352 -36
      vertex 8.72689 -6.69637 -36
      vertex 8.27024 -7.2528 -36
    endloop
  endfacet
  facet normal 0 0 -1
    outer loop
      vertex 5.45084 -4.78026 -36
      vertex 8.27024 -7.2528 -36
      vertex 7.77817 -7.77817 -36
    endloop
  endfacet
  facet normal 0 0 -1
    outer loop
      vertex 5.12652 -5.12652 -36
      vertex 7.77817 -7.77817 -36
      vertex 7.2528 -8.27024 -36
    endloop
  endfacet
  facet normal 0 0 -1
    outer loop
      vertex 9.8656 -4.86518 -36
      vertex 6.50233 -3.20659 -36
      vertex 6.69813 -2.77445 -36
    endloop
  endfacet
  facet normal 0 0 -1
    outer loop
      vertex 10.9059 -1.43579 -36
      vertex 7.17911 -1 -36
      vertex 10.9488 -1 -36
    endloop
  endfacet
  facet normal 0 -0 -1
    outer loop
      vertex 7.17911 -1 -36
      vertex 10.7886 -2.14599 -36
      vertex 7.11069 -1.4144 -36
    endloop
  endfacet
  facet normal 0 0 -1
    outer loop
      vertex 10.6252 -2.84701 -36
      vertex 7.00296 -1.87644 -36
      vertex 7.11069 -1.4144 -36
    endloop
  endfacet
  facet normal 0 0 -1
    outer loop
      vertex 10.4162 -3.53583 -36
      vertex 6.86524 -2.33044 -36
      vertex 7.00296 -1.87644 -36
    endloop
  endfacet
  facet normal 0 0 -1
    outer loop
      vertex 4.78026 -5.45084 -36
      vertex 7.2528 -8.27024 -36
      vertex 6.69637 -8.72689 -36
    endloop
  endfacet
  facet normal 0 0 -1
    outer loop
      vertex 10.1627 -4.20952 -36
      vertex 6.69813 -2.77445 -36
      vertex 6.86524 -2.33044 -36
    endloop
  endfacet
  facet normal 0 0 -1
    outer loop
      vertex 9.52628 -5.5 -36
      vertex 6.27868 -3.625 -36
      vertex 6.50233 -3.20659 -36
    endloop
  endfacet
  facet normal 0 0 -1
    outer loop
      vertex 4.41352 -5.75181 -36
      vertex 6.69637 -8.72689 -36
      vertex 6.11127 -9.14616 -36
    endloop
  endfacet
  facet normal 0 0 -1
    outer loop
      vertex 9.14616 -6.11127 -36
      vertex 6.02815 -4.02788 -36
      vertex 6.27868 -3.625 -36
    endloop
  endfacet
  facet normal 0 0 -1
    outer loop
      vertex 8.72689 -6.69637 -36
      vertex 5.75181 -4.41352 -36
      vertex 6.02815 -4.02788 -36
    endloop
  endfacet
  facet normal 0 0 -1
    outer loop
      vertex 4.02788 -6.02815 -36
      vertex 6.11127 -9.14616 -36
      vertex 5.5 -9.52628 -36
    endloop
  endfacet
  facet normal 0 0 -1
    outer loop
      vertex 8.27024 -7.2528 -36
      vertex 5.45084 -4.78026 -36
      vertex 5.75181 -4.41352 -36
    endloop
  endfacet
  facet normal 0 0 -1
    outer loop
      vertex 7.77817 -7.77817 -36
      vertex 5.12652 -5.12652 -36
      vertex 5.45084 -4.78026 -36
    endloop
  endfacet
  facet normal 0 0 -1
    outer loop
      vertex 3.625 -6.27868 -36
      vertex 5.5 -9.52628 -36
      vertex 4.86518 -9.8656 -36
    endloop
  endfacet
  facet normal 0 0 -1
    outer loop
      vertex 7.2528 -8.27024 -36
      vertex 4.78026 -5.45084 -36
      vertex 5.12652 -5.12652 -36
    endloop
  endfacet
  facet normal 0 0 -1
    outer loop
      vertex 6.69637 -8.72689 -36
      vertex 4.41352 -5.75181 -36
      vertex 4.78026 -5.45084 -36
    endloop
  endfacet
  facet normal 0 0 -1
    outer loop
      vertex 3.20659 -6.50233 -36
      vertex 4.86518 -9.8656 -36
      vertex 4.20952 -10.1627 -36
    endloop
  endfacet
  facet normal 0 0 -1
    outer loop
      vertex 6.11127 -9.14616 -36
      vertex 4.02788 -6.02815 -36
      vertex 4.41352 -5.75181 -36
    endloop
  endfacet
  facet normal 0 0 -1
    outer loop
      vertex 5.5 -9.52628 -36
      vertex 3.625 -6.27868 -36
      vertex 4.02788 -6.02815 -36
    endloop
  endfacet
  facet normal 0 0 -1
    outer loop
      vertex 2.77445 -6.69813 -36
      vertex 4.20952 -10.1627 -36
      vertex 3.53583 -10.4162 -36
    endloop
  endfacet
  facet normal 0 0 -1
    outer loop
      vertex 4.86518 -9.8656 -36
      vertex 3.20659 -6.50233 -36
      vertex 3.625 -6.27868 -36
    endloop
  endfacet
  facet normal 0 0 -1
    outer loop
      vertex 2.33044 -6.86524 -36
      vertex 3.53583 -10.4162 -36
      vertex 2.84701 -10.6252 -36
    endloop
  endfacet
  facet normal 0 0 -1
    outer loop
      vertex 4.20952 -10.1627 -36
      vertex 2.77445 -6.69813 -36
      vertex 3.20659 -6.50233 -36
    endloop
  endfacet
  facet normal 0 0 -1
    outer loop
      vertex 3.53583 -10.4162 -36
      vertex 2.33044 -6.86524 -36
      vertex 2.77445 -6.69813 -36
    endloop
  endfacet
  facet normal 0 0 -1
    outer loop
      vertex 1.87644 -7.00296 -36
      vertex 2.84701 -10.6252 -36
      vertex 2.14599 -10.7886 -36
    endloop
  endfacet
  facet normal 0 0 -1
    outer loop
      vertex 2.84701 -10.6252 -36
      vertex 1.87644 -7.00296 -36
      vertex 2.33044 -6.86524 -36
    endloop
  endfacet
  facet normal 0 0 -1
    outer loop
      vertex 1.4144 -7.11069 -36
      vertex 2.14599 -10.7886 -36
      vertex 1.43579 -10.9059 -36
    endloop
  endfacet
  facet normal 0 0 -1
    outer loop
      vertex 2.14599 -10.7886 -36
      vertex 1.4144 -7.11069 -36
      vertex 1.87644 -7.00296 -36
    endloop
  endfacet
  facet normal 0 0 -1
    outer loop
      vertex 1.43579 -10.9059 -36
      vertex 0.946315 -7.18797 -36
      vertex 1.4144 -7.11069 -36
    endloop
  endfacet
  facet normal 0 0 -1
    outer loop
      vertex 0.719434 -10.9764 -36
      vertex 0.946315 -7.18797 -36
      vertex 1.43579 -10.9059 -36
    endloop
  endfacet
  facet normal 0 0 -1
    outer loop
      vertex 0.719434 -10.9764 -36
      vertex 0.474173 -7.23448 -36
      vertex 0.946315 -7.18797 -36
    endloop
  endfacet
  facet normal 0 0 -1
    outer loop
      vertex 0 -11 -36
      vertex 0.474173 -7.23448 -36
      vertex 0.719434 -10.9764 -36
    endloop
  endfacet
  facet normal 0 0 -1
    outer loop
      vertex 0 -11 -36
      vertex 0 -7.25 -36
      vertex 0.474173 -7.23448 -36
    endloop
  endfacet
  facet normal 0 0 -1
    outer loop
      vertex 0 -11 -36
      vertex -0.474173 -7.23448 -36
      vertex 0 -7.25 -36
    endloop
  endfacet
  facet normal 0 0 -1
    outer loop
      vertex -0.719434 -10.9764 -36
      vertex -0.474173 -7.23448 -36
      vertex 0 -11 -36
    endloop
  endfacet
  facet normal 0 0 -1
    outer loop
      vertex -0.719434 -10.9764 -36
      vertex -0.946315 -7.18797 -36
      vertex -0.474173 -7.23448 -36
    endloop
  endfacet
  facet normal 0 0 -1
    outer loop
      vertex -1.43579 -10.9059 -36
      vertex -0.946315 -7.18797 -36
      vertex -0.719434 -10.9764 -36
    endloop
  endfacet
  facet normal -0 0 -1
    outer loop
      vertex -0.946315 -7.18797 -36
      vertex -1.43579 -10.9059 -36
      vertex -1.4144 -7.11069 -36
    endloop
  endfacet
  facet normal 0 0 -1
    outer loop
      vertex -2.14599 -10.7886 -36
      vertex -1.4144 -7.11069 -36
      vertex -1.43579 -10.9059 -36
    endloop
  endfacet
  facet normal -0 0 -1
    outer loop
      vertex -1.4144 -7.11069 -36
      vertex -2.14599 -10.7886 -36
      vertex -1.87644 -7.00296 -36
    endloop
  endfacet
  facet normal 0 0 -1
    outer loop
      vertex -2.84701 -10.6252 -36
      vertex -1.87644 -7.00296 -36
      vertex -2.14599 -10.7886 -36
    endloop
  endfacet
  facet normal -0 0 -1
    outer loop
      vertex -1.87644 -7.00296 -36
      vertex -2.84701 -10.6252 -36
      vertex -2.33044 -6.86524 -36
    endloop
  endfacet
  facet normal 0 0 -1
    outer loop
      vertex -3.53583 -10.4162 -36
      vertex -2.33044 -6.86524 -36
      vertex -2.84701 -10.6252 -36
    endloop
  endfacet
  facet normal -0 0 -1
    outer loop
      vertex -2.33044 -6.86524 -36
      vertex -3.53583 -10.4162 -36
      vertex -2.72353 -6.71729 -36
    endloop
  endfacet
  facet normal 0 0 -1
    outer loop
      vertex -4.20952 -10.1627 -36
      vertex -2.72353 -6.71729 -36
      vertex -3.53583 -10.4162 -36
    endloop
  endfacet
  facet normal 0 0 -1
    outer loop
      vertex -2.72353 -6.71729 -36
      vertex -4.20952 -10.1627 -36
      vertex -4.60838 -9.98195 -36
    endloop
  endfacet
  facet normal -0.769636 -0.63163 -0.0932912
    outer loop
      vertex -9.398 -8.24182 -20
      vertex -9.91692 -7.60952 -20
      vertex -8.27024 -7.2528 -36
    endloop
  endfacet
  facet normal -0.680617 -0.726676 -0.0932912
    outer loop
      vertex -8.24182 -9.398 -20
      vertex -8.83883 -8.83883 -20
      vertex -7.2528 -8.27024 -36
    endloop
  endfacet
  facet normal -0.162246 -0.98233 -0.0932927
    outer loop
      vertex -1.43579 -10.9059 -36
      vertex -2.43863 -12.2598 -20
      vertex -2.14599 -10.7886 -36
    endloop
  endfacet
  facet normal -0.162251 -0.982329 -0.093293
    outer loop
      vertex -1.63158 -12.3931 -20
      vertex -2.43863 -12.2598 -20
      vertex -1.43579 -10.9059 -36
    endloop
  endfacet
  facet normal -0.350642 -0.931851 -0.0932897
    outer loop
      vertex -3.53583 -10.4162 -36
      vertex -4.78354 -11.5485 -20
      vertex -4.20952 -10.1627 -36
    endloop
  endfacet
  facet normal -0.982329 0.162251 -0.093293
    outer loop
      vertex -10.9059 1.43579 -36
      vertex -12.3931 1.63158 -20
      vertex -12.2598 2.43863 -20
    endloop
  endfacet
  facet normal -0.990852 0.0975144 -0.093293
    outer loop
      vertex -10.9764 0.719434 -36
      vertex -12.3931 1.63158 -20
      vertex -10.9059 1.43579 -36
    endloop
  endfacet
  facet normal -0.98233 0.162246 -0.0932927
    outer loop
      vertex -10.9059 1.43579 -36
      vertex -12.2598 2.43863 -20
      vertex -10.7886 2.14599 -36
    endloop
  endfacet
  facet normal -0.845525 0.525722 -0.093293
    outer loop
      vertex -9.14616 6.11127 -36
      vertex -10.8253 6.25 -20
      vertex -10.3934 6.94463 -20
    endloop
  endfacet
  facet normal -0.769636 0.63163 -0.0932912
    outer loop
      vertex -8.27024 7.2528 -36
      vertex -9.91692 7.60952 -20
      vertex -9.398 8.24182 -20
    endloop
  endfacet
  facet normal -0.162246 0.98233 -0.0932927
    outer loop
      vertex -2.14599 10.7886 -36
      vertex -2.43863 12.2598 -20
      vertex -1.43579 10.9059 -36
    endloop
  endfacet
  facet normal -0.0975144 0.990852 -0.093293
    outer loop
      vertex -1.43579 10.9059 -36
      vertex -1.63158 12.3931 -20
      vertex -0.719434 10.9764 -36
    endloop
  endfacet
  facet normal -0.63163 0.769636 -0.0932912
    outer loop
      vertex -7.2528 8.27024 -36
      vertex -8.24182 9.398 -20
      vertex -7.60952 9.91692 -20
    endloop
  endfacet
  facet normal 0.162251 0.982329 -0.093293
    outer loop
      vertex 2.43863 12.2598 -20
      vertex 1.43579 10.9059 -36
      vertex 1.63158 12.3931 -20
    endloop
  endfacet
  facet normal 0.0975144 0.990852 -0.093293
    outer loop
      vertex 1.43579 10.9059 -36
      vertex 0.719434 10.9764 -36
      vertex 1.63158 12.3931 -20
    endloop
  endfacet
  facet normal 0.525722 0.845525 -0.093293
    outer loop
      vertex 6.94463 10.3934 -20
      vertex 6.11127 9.14616 -36
      vertex 6.25 10.8253 -20
    endloop
  endfacet
  facet normal 0.63163 0.769636 -0.0932912
    outer loop
      vertex 8.24182 9.398 -20
      vertex 7.2528 8.27024 -36
      vertex 7.60952 9.91692 -20
    endloop
  endfacet
  facet normal 0.162246 0.98233 -0.0932927
    outer loop
      vertex 2.14599 10.7886 -36
      vertex 1.43579 10.9059 -36
      vertex 2.43863 12.2598 -20
    endloop
  endfacet
  facet normal 0.769636 0.63163 -0.0932912
    outer loop
      vertex 9.91692 7.60952 -20
      vertex 8.27024 7.2528 -36
      vertex 9.398 8.24182 -20
    endloop
  endfacet
  facet normal 0.906885 0.41092 -0.0932906
    outer loop
      vertex 11.5485 4.78354 -20
      vertex 9.8656 4.86518 -36
      vertex 11.2109 5.52861 -20
    endloop
  endfacet
  facet normal 0.878074 0.469343 -0.0932902
    outer loop
      vertex 9.8656 4.86518 -36
      vertex 9.52628 5.5 -36
      vertex 10.8253 6.25 -20
    endloop
  endfacet
  facet normal 0.952748 0.28908 -0.0932917
    outer loop
      vertex 10.6252 2.84701 -36
      vertex 10.4162 3.53583 -36
      vertex 11.8366 4.01799 -20
    endloop
  endfacet
  facet normal 0.982329 0.162251 -0.093293
    outer loop
      vertex 12.3931 1.63158 -20
      vertex 10.9059 1.43579 -36
      vertex 12.2598 2.43863 -20
    endloop
  endfacet
  facet normal 0.990844 0.0975954 -0.0932932
    outer loop
      vertex 11.4122 1 -31.0786
      vertex 10.9059 1.43579 -36
      vertex 12.3931 1.63158 -20
    endloop
  endfacet
  facet normal 0.990849 0.097541 -0.0932985
    outer loop
      vertex 10.9059 1.43579 -36
      vertex 11.4122 1 -31.0786
      vertex 10.9488 1 -36
    endloop
  endfacet
  facet normal 0.969641 -0.226036 -0.0932917
    outer loop
      vertex 12.0741 -3.23524 -20
      vertex 10.6252 -2.84701 -36
      vertex 12.2598 -2.43863 -20
    endloop
  endfacet
  facet normal 0.931837 -0.350679 -0.0932916
    outer loop
      vertex 11.5485 -4.78354 -20
      vertex 10.4162 -3.53583 -36
      vertex 11.8366 -4.01799 -20
    endloop
  endfacet
  facet normal 0.809306 -0.579931 -0.0932931
    outer loop
      vertex 10.3934 -6.94463 -20
      vertex 8.72689 -6.69637 -36
      vertex 9.14616 -6.11127 -36
    endloop
  endfacet
  facet normal 0.726676 -0.680617 -0.0932912
    outer loop
      vertex 8.83883 -8.83883 -20
      vertex 8.27024 -7.2528 -36
      vertex 9.398 -8.24182 -20
    endloop
  endfacet
  facet normal 0.906879 -0.410935 -0.0932899
    outer loop
      vertex 11.5485 -4.78354 -20
      vertex 9.8656 -4.86518 -36
      vertex 10.1627 -4.20952 -36
    endloop
  endfacet
  facet normal 0.0974979 -0.990854 -0.0932922
    outer loop
      vertex 0.817538 -12.4732 -20
      vertex 0.719434 -10.9764 -36
      vertex 1.63158 -12.3931 -20
    endloop
  endfacet
  facet normal 0.0326209 -0.995104 -0.093292
    outer loop
      vertex 0.817538 -12.4732 -20
      vertex 0 -12.5 -20
      vertex 0.719434 -10.9764 -36
    endloop
  endfacet
  facet normal 0.350679 -0.931837 -0.0932916
    outer loop
      vertex 4.01799 -11.8366 -20
      vertex 3.53583 -10.4162 -36
      vertex 4.78354 -11.5485 -20
    endloop
  endfacet
  facet normal 0.226036 -0.969641 -0.0932917
    outer loop
      vertex 3.23524 -12.0741 -20
      vertex 2.43863 -12.2598 -20
      vertex 2.84701 -10.6252 -36
    endloop
  endfacet
  facet normal 0.525773 -0.845494 -0.0932902
    outer loop
      vertex 6.25 -10.8253 -20
      vertex 5.5 -9.52628 -36
      vertex 6.11127 -9.14616 -36
    endloop
  endfacet
  facet normal 0.469343 -0.878074 -0.0932902
    outer loop
      vertex 6.25 -10.8253 -20
      vertex 4.86518 -9.8656 -36
      vertex 5.5 -9.52628 -36
    endloop
  endfacet
  facet normal 0.63163 -0.769636 -0.0932912
    outer loop
      vertex 7.60952 -9.91692 -20
      vertex 7.2528 -8.27024 -36
      vertex 8.24182 -9.398 -20
    endloop
  endfacet
  facet normal -0.990854 -0.0974979 -0.0932922
    outer loop
      vertex -12.3931 -1.63158 -20
      vertex -12.4732 -0.817538 -20
      vertex -10.9764 -0.719434 -36
    endloop
  endfacet
  facet normal -0.995104 -0.0326209 -0.093292
    outer loop
      vertex -12.4732 -0.817538 -20
      vertex -12.5 0 -20
      vertex -10.9764 -0.719434 -36
    endloop
  endfacet
  facet normal -0.845494 -0.525773 -0.0932902
    outer loop
      vertex -9.14616 -6.11127 -36
      vertex -10.8253 -6.25 -20
      vertex -9.52628 -5.5 -36
    endloop
  endfacet
  facet normal -0.952748 -0.28908 -0.0932917
    outer loop
      vertex -11.8366 -4.01799 -20
      vertex -12.0741 -3.23524 -20
      vertex -10.6252 -2.84701 -36
    endloop
  endfacet
  facet normal -0.969646 -0.226014 -0.0932928
    outer loop
      vertex -10.6252 -2.84701 -36
      vertex -12.2598 -2.43863 -20
      vertex -10.7886 -2.14599 -36
    endloop
  endfacet
  facet normal -0.726676 -0.680616 -0.0932912
    outer loop
      vertex -7.77817 -7.77817 -36
      vertex -8.83883 -8.83883 -20
      vertex -8.27024 -7.2528 -36
    endloop
  endfacet
  facet normal -0.579958 -0.809287 -0.0932953
    outer loop
      vertex -7.60952 -9.91692 -20
      vertex -6.87136 -9.90155 -24.722
      vertex -7.09366 -10.2866 -20
    endloop
  endfacet
  facet normal -0.579933 -0.809305 -0.0932914
    outer loop
      vertex -6.87136 -9.90155 -24.722
      vertex -7.60952 -9.91692 -20
      vertex -6.69637 -8.72689 -36
    endloop
  endfacet
  facet normal -0.631626 -0.769639 -0.0932915
    outer loop
      vertex -6.69637 -8.72689 -36
      vertex -7.60952 -9.91692 -20
      vertex -7.2528 -8.27024 -36
    endloop
  endfacet
  facet normal -0.226036 -0.969641 -0.0932917
    outer loop
      vertex -2.43863 -12.2598 -20
      vertex -3.23524 -12.0741 -20
      vertex -2.84701 -10.6252 -36
    endloop
  endfacet
  facet normal -0.0326209 -0.995104 -0.093292
    outer loop
      vertex 0 -12.5 -20
      vertex -0.817538 -12.4732 -20
      vertex -0.719434 -10.9764 -36
    endloop
  endfacet
  facet normal -0.226014 -0.969646 -0.0932928
    outer loop
      vertex -2.43863 -12.2598 -20
      vertex -2.84701 -10.6252 -36
      vertex -2.14599 -10.7886 -36
    endloop
  endfacet
  facet normal -0.410881 -0.906903 -0.0932958
    outer loop
      vertex -4.78354 -11.5485 -20
      vertex -5.36161 -11.2866 -20
      vertex -4.84007 -10.3832 -31.0786
    endloop
  endfacet
  facet normal -0.995104 0.0326429 -0.093291
    outer loop
      vertex -11 0 -36
      vertex -12.5 0 -20
      vertex -10.9764 0.719434 -36
    endloop
  endfacet
  facet normal -0.969641 0.226036 -0.0932917
    outer loop
      vertex -10.6252 2.84701 -36
      vertex -12.2598 2.43863 -20
      vertex -12.0741 3.23524 -20
    endloop
  endfacet
  facet normal -0.931837 0.350679 -0.0932916
    outer loop
      vertex -10.4162 3.53583 -36
      vertex -11.8366 4.01799 -20
      vertex -11.5485 4.78354 -20
    endloop
  endfacet
  facet normal -0.809306 0.579931 -0.0932931
    outer loop
      vertex -9.14616 6.11127 -36
      vertex -10.3934 6.94463 -20
      vertex -8.72689 6.69637 -36
    endloop
  endfacet
  facet normal -0.726676 0.680617 -0.0932912
    outer loop
      vertex -8.27024 7.2528 -36
      vertex -9.398 8.24182 -20
      vertex -8.83883 8.83883 -20
    endloop
  endfacet
  facet normal -0.906879 0.410935 -0.0932899
    outer loop
      vertex -10.1627 4.20952 -36
      vertex -11.5485 4.78354 -20
      vertex -9.8656 4.86518 -36
    endloop
  endfacet
  facet normal -0.0974979 0.990854 -0.0932922
    outer loop
      vertex -0.719434 10.9764 -36
      vertex -1.63158 12.3931 -20
      vertex -0.817538 12.4732 -20
    endloop
  endfacet
  facet normal -0.0326209 0.995104 -0.093292
    outer loop
      vertex -0.719434 10.9764 -36
      vertex -0.817538 12.4732 -20
      vertex 0 12.5 -20
    endloop
  endfacet
  facet normal -0.350679 0.931837 -0.0932916
    outer loop
      vertex -3.53583 10.4162 -36
      vertex -4.78354 11.5485 -20
      vertex -4.01799 11.8366 -20
    endloop
  endfacet
  facet normal -0.226036 0.969641 -0.0932917
    outer loop
      vertex -2.84701 10.6252 -36
      vertex -3.23524 12.0741 -20
      vertex -2.43863 12.2598 -20
    endloop
  endfacet
  facet normal -0.631626 0.769639 -0.0932915
    outer loop
      vertex -7.2528 8.27024 -36
      vertex -7.60952 9.91692 -20
      vertex -6.69637 8.72689 -36
    endloop
  endfacet
  facet normal 0.579931 0.809306 -0.0932931
    outer loop
      vertex 6.69637 8.72689 -36
      vertex 6.11127 9.14616 -36
      vertex 6.94463 10.3934 -20
    endloop
  endfacet
  facet normal 0.680617 0.726676 -0.0932912
    outer loop
      vertex 8.83883 8.83883 -20
      vertex 7.2528 8.27024 -36
      vertex 8.24182 9.398 -20
    endloop
  endfacet
  facet normal 0.410935 0.906879 -0.0932899
    outer loop
      vertex 4.86518 9.8656 -36
      vertex 4.20952 10.1627 -36
      vertex 4.78354 11.5485 -20
    endloop
  endfacet
  facet normal 0.0326429 0.995104 -0.093291
    outer loop
      vertex 0.719434 10.9764 -36
      vertex 0 11 -36
      vertex 0 12.5 -20
    endloop
  endfacet
  facet normal 0.226036 0.969641 -0.0932917
    outer loop
      vertex 2.84701 10.6252 -36
      vertex 2.43863 12.2598 -20
      vertex 3.23524 12.0741 -20
    endloop
  endfacet
  facet normal 0.350679 0.931837 -0.0932916
    outer loop
      vertex 4.78354 11.5485 -20
      vertex 3.53583 10.4162 -36
      vertex 4.01799 11.8366 -20
    endloop
  endfacet
  facet normal 0.726676 0.680616 -0.0932912
    outer loop
      vertex 8.27024 7.2528 -36
      vertex 7.77817 7.77817 -36
      vertex 8.83883 8.83883 -20
    endloop
  endfacet
  facet normal 0.906879 0.410935 -0.0932899
    outer loop
      vertex 10.1627 4.20952 -36
      vertex 9.8656 4.86518 -36
      vertex 11.5485 4.78354 -20
    endloop
  endfacet
  facet normal 0.845494 0.525773 -0.0932902
    outer loop
      vertex 9.52628 5.5 -36
      vertex 9.14616 6.11127 -36
      vertex 10.8253 6.25 -20
    endloop
  endfacet
  facet normal 0.952748 0.28908 -0.0932917
    outer loop
      vertex 12.0741 3.23524 -20
      vertex 10.6252 2.84701 -36
      vertex 11.8366 4.01799 -20
    endloop
  endfacet
  facet normal 0.969641 0.226036 -0.0932917
    outer loop
      vertex 12.2598 2.43863 -20
      vertex 10.6252 2.84701 -36
      vertex 12.0741 3.23524 -20
    endloop
  endfacet
  facet normal 0.952748 -0.28908 -0.0932917
    outer loop
      vertex 11.8366 -4.01799 -20
      vertex 10.6252 -2.84701 -36
      vertex 12.0741 -3.23524 -20
    endloop
  endfacet
  facet normal 0.952748 -0.28908 -0.0932917
    outer loop
      vertex 11.8366 -4.01799 -20
      vertex 10.4162 -3.53583 -36
      vertex 10.6252 -2.84701 -36
    endloop
  endfacet
  facet normal 0.769636 -0.63163 -0.0932912
    outer loop
      vertex 9.398 -8.24182 -20
      vertex 8.27024 -7.2528 -36
      vertex 9.91692 -7.60952 -20
    endloop
  endfacet
  facet normal 0.878071 -0.469349 -0.0932906
    outer loop
      vertex 10.8253 -6.25 -20
      vertex 9.8656 -4.86518 -36
      vertex 11.2109 -5.52861 -20
    endloop
  endfacet
  facet normal 0.906885 -0.41092 -0.0932906
    outer loop
      vertex 11.2109 -5.52861 -20
      vertex 9.8656 -4.86518 -36
      vertex 11.5485 -4.78354 -20
    endloop
  endfacet
  facet normal 0.845494 -0.525773 -0.0932902
    outer loop
      vertex 10.8253 -6.25 -20
      vertex 9.14616 -6.11127 -36
      vertex 9.52628 -5.5 -36
    endloop
  endfacet
  facet normal 0.226014 -0.969646 -0.0932928
    outer loop
      vertex 2.43863 -12.2598 -20
      vertex 2.14599 -10.7886 -36
      vertex 2.84701 -10.6252 -36
    endloop
  endfacet
  facet normal 0.350642 -0.931851 -0.0932897
    outer loop
      vertex 4.78354 -11.5485 -20
      vertex 3.53583 -10.4162 -36
      vertex 4.20952 -10.1627 -36
    endloop
  endfacet
  facet normal 0.28908 -0.952748 -0.0932917
    outer loop
      vertex 3.23524 -12.0741 -20
      vertex 2.84701 -10.6252 -36
      vertex 4.01799 -11.8366 -20
    endloop
  endfacet
  facet normal 0.469349 -0.878071 -0.0932906
    outer loop
      vertex 5.52861 -11.2109 -20
      vertex 4.86518 -9.8656 -36
      vertex 6.25 -10.8253 -20
    endloop
  endfacet
  facet normal 0.41092 -0.906885 -0.0932906
    outer loop
      vertex 5.52861 -11.2109 -20
      vertex 4.78354 -11.5485 -20
      vertex 4.86518 -9.8656 -36
    endloop
  endfacet
  facet normal 0.579931 -0.809306 -0.0932931
    outer loop
      vertex 6.94463 -10.3934 -20
      vertex 6.11127 -9.14616 -36
      vertex 6.69637 -8.72689 -36
    endloop
  endfacet
  facet normal -0.931851 -0.350642 -0.0932897
    outer loop
      vertex -10.1627 -4.20952 -36
      vertex -11.5485 -4.78354 -20
      vertex -10.4162 -3.53583 -36
    endloop
  endfacet
  facet normal -0.878074 -0.469343 -0.0932902
    outer loop
      vertex -9.52628 -5.5 -36
      vertex -10.8253 -6.25 -20
      vertex -9.8656 -4.86518 -36
    endloop
  endfacet
  facet normal -0.769639 -0.631626 -0.0932915
    outer loop
      vertex -8.27024 -7.2528 -36
      vertex -9.91692 -7.60952 -20
      vertex -8.72689 -6.69637 -36
    endloop
  endfacet
  facet normal -0.809286 -0.579959 -0.0932915
    outer loop
      vertex -9.91692 -7.60952 -20
      vertex -10.3934 -6.94463 -20
      vertex -8.72689 -6.69637 -36
    endloop
  endfacet
  facet normal -0.579933 -0.809305 -0.0932914
    outer loop
      vertex -6.34043 -8.98195 -36
      vertex -6.87136 -9.90155 -24.722
      vertex -6.69637 -8.72689 -36
    endloop
  endfacet
  facet normal -0.0974979 -0.990854 -0.0932922
    outer loop
      vertex -0.817538 -12.4732 -20
      vertex -1.63158 -12.3931 -20
      vertex -0.719434 -10.9764 -36
    endloop
  endfacet
  facet normal -0.0975144 -0.990852 -0.093293
    outer loop
      vertex -0.719434 -10.9764 -36
      vertex -1.63158 -12.3931 -20
      vertex -1.43579 -10.9059 -36
    endloop
  endfacet
  facet normal -0.28908 -0.952748 -0.0932917
    outer loop
      vertex -3.23524 -12.0741 -20
      vertex -4.01799 -11.8366 -20
      vertex -2.84701 -10.6252 -36
    endloop
  endfacet
  facet normal -0.28908 -0.952748 -0.0932917
    outer loop
      vertex -2.84701 -10.6252 -36
      vertex -4.01799 -11.8366 -20
      vertex -3.53583 -10.4162 -36
    endloop
  endfacet
  facet normal -0.952748 0.28908 -0.0932917
    outer loop
      vertex -10.6252 2.84701 -36
      vertex -12.0741 3.23524 -20
      vertex -11.8366 4.01799 -20
    endloop
  endfacet
  facet normal -0.952748 0.28908 -0.0932917
    outer loop
      vertex -10.6252 2.84701 -36
      vertex -11.8366 4.01799 -20
      vertex -10.4162 3.53583 -36
    endloop
  endfacet
  facet normal -0.809286 0.579959 -0.0932915
    outer loop
      vertex -8.72689 6.69637 -36
      vertex -10.3934 6.94463 -20
      vertex -9.91692 7.60952 -20
    endloop
  endfacet
  facet normal -0.878071 0.469349 -0.0932906
    outer loop
      vertex -9.8656 4.86518 -36
      vertex -11.2109 5.52861 -20
      vertex -10.8253 6.25 -20
    endloop
  endfacet
  facet normal -0.906885 0.41092 -0.0932906
    outer loop
      vertex -9.8656 4.86518 -36
      vertex -11.5485 4.78354 -20
      vertex -11.2109 5.52861 -20
    endloop
  endfacet
  facet normal -0.878074 0.469343 -0.0932902
    outer loop
      vertex -9.8656 4.86518 -36
      vertex -10.8253 6.25 -20
      vertex -9.52628 5.5 -36
    endloop
  endfacet
  facet normal -0.845494 0.525773 -0.0932902
    outer loop
      vertex -9.52628 5.5 -36
      vertex -10.8253 6.25 -20
      vertex -9.14616 6.11127 -36
    endloop
  endfacet
  facet normal -0.226014 0.969646 -0.0932928
    outer loop
      vertex -2.14599 10.7886 -36
      vertex -2.84701 10.6252 -36
      vertex -2.43863 12.2598 -20
    endloop
  endfacet
  facet normal -0.350642 0.931851 -0.0932897
    outer loop
      vertex -4.20952 10.1627 -36
      vertex -4.78354 11.5485 -20
      vertex -3.53583 10.4162 -36
    endloop
  endfacet
  facet normal -0.28908 0.952748 -0.0932917
    outer loop
      vertex -2.84701 10.6252 -36
      vertex -4.01799 11.8366 -20
      vertex -3.23524 12.0741 -20
    endloop
  endfacet
  facet normal -0.410881 0.906903 -0.0932958
    outer loop
      vertex -4.84007 10.3832 -31.0786
      vertex -5.36161 11.2866 -20
      vertex -4.78354 11.5485 -20
    endloop
  endfacet
  facet normal -0.680616 0.726676 -0.0932912
    outer loop
      vertex -7.77817 7.77817 -36
      vertex -8.83883 8.83883 -20
      vertex -7.2528 8.27024 -36
    endloop
  endfacet
  facet normal 0.579959 0.809286 -0.0932915
    outer loop
      vertex 7.60952 9.91692 -20
      vertex 6.69637 8.72689 -36
      vertex 6.94463 10.3934 -20
    endloop
  endfacet
  facet normal 0.469349 0.878071 -0.0932906
    outer loop
      vertex 6.25 10.8253 -20
      vertex 4.86518 9.8656 -36
      vertex 5.52861 11.2109 -20
    endloop
  endfacet
  facet normal 0.41092 0.906885 -0.0932906
    outer loop
      vertex 4.86518 9.8656 -36
      vertex 4.78354 11.5485 -20
      vertex 5.52861 11.2109 -20
    endloop
  endfacet
  facet normal 0.469343 0.878074 -0.0932902
    outer loop
      vertex 5.5 9.52628 -36
      vertex 4.86518 9.8656 -36
      vertex 6.25 10.8253 -20
    endloop
  endfacet
  facet normal 0.525773 0.845494 -0.0932902
    outer loop
      vertex 6.11127 9.14616 -36
      vertex 5.5 9.52628 -36
      vertex 6.25 10.8253 -20
    endloop
  endfacet
  facet normal 0.28908 0.952748 -0.0932917
    outer loop
      vertex 4.01799 11.8366 -20
      vertex 2.84701 10.6252 -36
      vertex 3.23524 12.0741 -20
    endloop
  endfacet
  facet normal 0.28908 0.952748 -0.0932917
    outer loop
      vertex 3.53583 10.4162 -36
      vertex 2.84701 10.6252 -36
      vertex 4.01799 11.8366 -20
    endloop
  endfacet
  facet normal 0.769639 0.631626 -0.0932915
    outer loop
      vertex 8.72689 6.69637 -36
      vertex 8.27024 7.2528 -36
      vertex 9.91692 7.60952 -20
    endloop
  endfacet
  facet normal 0.809286 0.579959 -0.0932915
    outer loop
      vertex 10.3934 6.94463 -20
      vertex 8.72689 6.69637 -36
      vertex 9.91692 7.60952 -20
    endloop
  endfacet
  facet normal 0.878071 0.469349 -0.0932906
    outer loop
      vertex 11.2109 5.52861 -20
      vertex 9.8656 4.86518 -36
      vertex 10.8253 6.25 -20
    endloop
  endfacet
  facet normal 0.969646 -0.226014 -0.0932928
    outer loop
      vertex 12.2598 -2.43863 -20
      vertex 10.6252 -2.84701 -36
      vertex 10.7886 -2.14599 -36
    endloop
  endfacet
  facet normal 0.809286 -0.579959 -0.0932915
    outer loop
      vertex 9.91692 -7.60952 -20
      vertex 8.72689 -6.69637 -36
      vertex 10.3934 -6.94463 -20
    endloop
  endfacet
  facet normal 0.769639 -0.631626 -0.0932915
    outer loop
      vertex 9.91692 -7.60952 -20
      vertex 8.27024 -7.2528 -36
      vertex 8.72689 -6.69637 -36
    endloop
  endfacet
  facet normal 0.680616 -0.726676 -0.0932912
    outer loop
      vertex 8.83883 -8.83883 -20
      vertex 7.2528 -8.27024 -36
      vertex 7.77817 -7.77817 -36
    endloop
  endfacet
  facet normal -0.878071 -0.469349 -0.0932906
    outer loop
      vertex -10.8253 -6.25 -20
      vertex -11.2109 -5.52861 -20
      vertex -9.8656 -4.86518 -36
    endloop
  endfacet
  facet normal -0.906885 -0.41092 -0.0932906
    outer loop
      vertex -11.2109 -5.52861 -20
      vertex -11.5485 -4.78354 -20
      vertex -9.8656 -4.86518 -36
    endloop
  endfacet
  facet normal -0.809306 -0.579931 -0.0932931
    outer loop
      vertex -8.72689 -6.69637 -36
      vertex -10.3934 -6.94463 -20
      vertex -9.14616 -6.11127 -36
    endloop
  endfacet
  facet normal -0.0326429 -0.995104 -0.093291
    outer loop
      vertex 0 -12.5 -20
      vertex -0.719434 -10.9764 -36
      vertex 0 -11 -36
    endloop
  endfacet
  facet normal -0.969646 0.226014 -0.0932928
    outer loop
      vertex -10.7886 2.14599 -36
      vertex -12.2598 2.43863 -20
      vertex -10.6252 2.84701 -36
    endloop
  endfacet
  facet normal -0.769639 0.631626 -0.0932915
    outer loop
      vertex -8.72689 6.69637 -36
      vertex -9.91692 7.60952 -20
      vertex -8.27024 7.2528 -36
    endloop
  endfacet
  facet normal -0.579958 0.809287 -0.0932953
    outer loop
      vertex -6.87136 9.90155 -24.722
      vertex -7.60952 9.91692 -20
      vertex -7.09366 10.2866 -20
    endloop
  endfacet
  facet normal -0.579933 0.809305 -0.0932914
    outer loop
      vertex -7.60952 9.91692 -20
      vertex -6.87136 9.90155 -24.722
      vertex -6.69637 8.72689 -36
    endloop
  endfacet
  facet normal -0.579933 0.809305 -0.0932914
    outer loop
      vertex -6.69637 8.72689 -36
      vertex -6.87136 9.90155 -24.722
      vertex -6.34043 8.98195 -36
    endloop
  endfacet
  facet normal 0.631626 0.769639 -0.0932915
    outer loop
      vertex 7.2528 8.27024 -36
      vertex 6.69637 8.72689 -36
      vertex 7.60952 9.91692 -20
    endloop
  endfacet
  facet normal 0.226014 0.969646 -0.0932928
    outer loop
      vertex 2.84701 10.6252 -36
      vertex 2.14599 10.7886 -36
      vertex 2.43863 12.2598 -20
    endloop
  endfacet
  facet normal 0.809306 0.579931 -0.0932931
    outer loop
      vertex 9.14616 6.11127 -36
      vertex 8.72689 6.69637 -36
      vertex 10.3934 6.94463 -20
    endloop
  endfacet
  facet normal 0 -1 0
    outer loop
      vertex 11.4122 1 -31.0786
      vertex 11.9531 1 -20
      vertex 7.17911 1 -20
    endloop
  endfacet
  facet normal 0 -1 -0
    outer loop
      vertex 11.9531 1 -20
      vertex 11.4122 1 -31.0786
      vertex 12.4553 1 -20
    endloop
  endfacet
  facet normal 0 -1 0
    outer loop
      vertex 7.17911 1 -36
      vertex 11.4122 1 -31.0786
      vertex 7.17911 1 -20
    endloop
  endfacet
  facet normal 0 -1 0
    outer loop
      vertex 11.4122 1 -31.0786
      vertex 7.17911 1 -36
      vertex 10.9488 1 -36
    endloop
  endfacet
  facet normal 0 1 0
    outer loop
      vertex 11.4122 -1 -31.0786
      vertex 11.9531 -1 -20
      vertex 12.4553 -1 -20
    endloop
  endfacet
  facet normal 0 1 0
    outer loop
      vertex 11.9531 -1 -20
      vertex 11.4122 -1 -31.0786
      vertex 7.17911 -1 -20
    endloop
  endfacet
  facet normal 0 1 0
    outer loop
      vertex 7.17911 -1 -36
      vertex 11.4122 -1 -31.0786
      vertex 10.9488 -1 -36
    endloop
  endfacet
  facet normal 0 1 0
    outer loop
      vertex 11.4122 -1 -31.0786
      vertex 7.17911 -1 -36
      vertex 7.17911 -1 -20
    endloop
  endfacet
  facet normal -0.866034 -0.499986 1.42467e-06
    outer loop
      vertex -4.84007 10.3832 -31.0786
      vertex -5.11053 10.8517 -20
      vertex -5.36161 11.2866 -20
    endloop
  endfacet
  facet normal -0.866026 -0.5 -5.01357e-06
    outer loop
      vertex -2.72353 6.71729 -36
      vertex -4.84007 10.3832 -31.0786
      vertex -4.60838 9.98195 -36
    endloop
  endfacet
  facet normal -0.866023 -0.500005 0
    outer loop
      vertex -4.84007 10.3832 -31.0786
      vertex -2.72353 6.71729 -36
      vertex -2.72353 6.71729 -20
    endloop
  endfacet
  facet normal -0.866026 -0.5 2.21163e-06
    outer loop
      vertex -4.84007 10.3832 -31.0786
      vertex -2.72353 6.71729 -20
      vertex -5.11053 10.8517 -20
    endloop
  endfacet
  facet normal 0.866034 0.499986 -3.54241e-08
    outer loop
      vertex -6.84258 9.8517 -20
      vertex -6.87136 9.90155 -24.722
      vertex -7.09366 10.2866 -20
    endloop
  endfacet
  facet normal 0.866026 0.5 1.61036e-07
    outer loop
      vertex -4.45558 5.71729 -20
      vertex -6.87136 9.90155 -24.722
      vertex -6.84258 9.8517 -20
    endloop
  endfacet
  facet normal 0.866026 0.499999 -0
    outer loop
      vertex -4.45558 5.71729 -36
      vertex -6.87136 9.90155 -24.722
      vertex -4.45558 5.71729 -20
    endloop
  endfacet
  facet normal 0.866026 0.5 -5.00109e-08
    outer loop
      vertex -6.87136 9.90155 -24.722
      vertex -4.45558 5.71729 -36
      vertex -6.34043 8.98195 -36
    endloop
  endfacet
  facet normal 0.866026 -0.499999 0
    outer loop
      vertex -6.87136 -9.90155 -24.722
      vertex -4.45558 -5.71729 -36
      vertex -4.45558 -5.71729 -20
    endloop
  endfacet
  facet normal 0.866026 -0.5 1.61036e-07
    outer loop
      vertex -6.87136 -9.90155 -24.722
      vertex -4.45558 -5.71729 -20
      vertex -6.84258 -9.8517 -20
    endloop
  endfacet
  facet normal 0.866026 -0.5 -5.00109e-08
    outer loop
      vertex -4.45558 -5.71729 -36
      vertex -6.87136 -9.90155 -24.722
      vertex -6.34043 -8.98195 -36
    endloop
  endfacet
  facet normal 0.866034 -0.499986 -3.54241e-08
    outer loop
      vertex -6.87136 -9.90155 -24.722
      vertex -6.84258 -9.8517 -20
      vertex -7.09366 -10.2866 -20
    endloop
  endfacet
  facet normal -0.866026 0.5 -5.01357e-06
    outer loop
      vertex -4.84007 -10.3832 -31.0786
      vertex -2.72353 -6.71729 -36
      vertex -4.60838 -9.98195 -36
    endloop
  endfacet
  facet normal -0.866023 0.500005 0
    outer loop
      vertex -2.72353 -6.71729 -36
      vertex -4.84007 -10.3832 -31.0786
      vertex -2.72353 -6.71729 -20
    endloop
  endfacet
  facet normal -0.866026 0.5 2.21163e-06
    outer loop
      vertex -4.84007 -10.3832 -31.0786
      vertex -5.11053 -10.8517 -20
      vertex -2.72353 -6.71729 -20
    endloop
  endfacet
  facet normal -0.866034 0.499986 1.42467e-06
    outer loop
      vertex -5.11053 -10.8517 -20
      vertex -4.84007 -10.3832 -31.0786
      vertex -5.36161 -11.2866 -20
    endloop
  endfacet
  facet normal -0.999465 -0.0327132 0
    outer loop
      vertex 7.25 0 -20
      vertex 7.23448 0.474173 0
      vertex 7.23448 0.474173 -20
    endloop
  endfacet
  facet normal -0.999465 -0.0327132 0
    outer loop
      vertex 7.23448 0.474173 0
      vertex 7.25 0 -20
      vertex 7.25 0 0
    endloop
  endfacet
  facet normal 0.999465 -0.0327132 0
    outer loop
      vertex -7.25 0 0
      vertex -7.23448 0.474173 -36
      vertex -7.23448 0.474173 0
    endloop
  endfacet
  facet normal 0.999465 -0.0327132 0
    outer loop
      vertex -7.23448 0.474173 -36
      vertex -7.25 0 0
      vertex -7.25 0 -36
    endloop
  endfacet
  facet normal -0.0327132 -0.999465 0
    outer loop
      vertex 0 7.25 -36
      vertex 0.474173 7.23448 0
      vertex 0 7.25 0
    endloop
  endfacet
  facet normal -0.0327132 -0.999465 -0
    outer loop
      vertex 0.474173 7.23448 0
      vertex 0 7.25 -36
      vertex 0.474173 7.23448 -36
    endloop
  endfacet
  facet normal -0.729851 -0.683606 0
    outer loop
      vertex 5.45084 4.78026 -36
      vertex 5.12652 5.12652 0
      vertex 5.12652 5.12652 -36
    endloop
  endfacet
  facet normal -0.729851 -0.683606 0
    outer loop
      vertex 5.12652 5.12652 0
      vertex 5.45084 4.78026 -36
      vertex 5.45084 4.78026 0
    endloop
  endfacet
  facet normal 0.683606 -0.729851 0
    outer loop
      vertex -5.12652 5.12652 -36
      vertex -4.78026 5.45084 0
      vertex -5.12652 5.12652 0
    endloop
  endfacet
  facet normal 0.683606 -0.729851 0
    outer loop
      vertex -4.78026 5.45084 0
      vertex -5.12652 5.12652 -36
      vertex -4.78026 5.45084 -36
    endloop
  endfacet
  facet normal -0.910864 -0.412707 0
    outer loop
      vertex 6.69813 2.77445 -36
      vertex 6.50233 3.20659 0
      vertex 6.50233 3.20659 -36
    endloop
  endfacet
  facet normal -0.910864 -0.412707 0
    outer loop
      vertex 6.50233 3.20659 0
      vertex 6.69813 2.77445 -36
      vertex 6.69813 2.77445 0
    endloop
  endfacet
  facet normal -0.412707 -0.910864 0
    outer loop
      vertex 2.77445 6.69813 -36
      vertex 3.20659 6.50233 0
      vertex 2.77445 6.69813 0
    endloop
  endfacet
  facet normal -0.412707 -0.910864 -0
    outer loop
      vertex 3.20659 6.50233 0
      vertex 2.77445 6.69813 -36
      vertex 3.20659 6.50233 -36
    endloop
  endfacet
  facet normal 0.849199 -0.528073 0
    outer loop
      vertex -6.27868 3.625 0
      vertex -6.02815 4.02788 -36
      vertex -6.02815 4.02788 0
    endloop
  endfacet
  facet normal 0.849199 -0.528073 0
    outer loop
      vertex -6.02815 4.02788 -36
      vertex -6.27868 3.625 0
      vertex -6.27868 3.625 -36
    endloop
  endfacet
  facet normal 0.812852 -0.58247 0
    outer loop
      vertex -6.02815 4.02788 0
      vertex -5.75181 4.41352 -36
      vertex -5.75181 4.41352 0
    endloop
  endfacet
  facet normal 0.812852 -0.58247 0
    outer loop
      vertex -5.75181 4.41352 -36
      vertex -6.02815 4.02788 0
      vertex -6.02815 4.02788 -36
    endloop
  endfacet
  facet normal -0.881917 0.471405 0
    outer loop
      vertex 6.27868 -3.625 -36
      vertex 6.50233 -3.20659 0
      vertex 6.50233 -3.20659 -36
    endloop
  endfacet
  facet normal -0.881917 0.471405 0
    outer loop
      vertex 6.50233 -3.20659 0
      vertex 6.27868 -3.625 -36
      vertex 6.27868 -3.625 0
    endloop
  endfacet
  facet normal -0.227071 0.973878 0
    outer loop
      vertex 1.87644 -7.00296 -36
      vertex 1.4144 -7.11069 0
      vertex 1.87644 -7.00296 0
    endloop
  endfacet
  facet normal -0.227071 0.973878 0
    outer loop
      vertex 1.4144 -7.11069 0
      vertex 1.87644 -7.00296 -36
      vertex 1.4144 -7.11069 -36
    endloop
  endfacet
  facet normal -0.683606 0.729851 0
    outer loop
      vertex 5.12652 -5.12652 -36
      vertex 4.78026 -5.45084 0
      vertex 5.12652 -5.12652 0
    endloop
  endfacet
  facet normal -0.683606 0.729851 0
    outer loop
      vertex 4.78026 -5.45084 0
      vertex 5.12652 -5.12652 -36
      vertex 4.78026 -5.45084 -36
    endloop
  endfacet
  facet normal 0.352244 0.935908 2.11797e-07
    outer loop
      vertex -2.33044 -6.86524 0
      vertex -2.72353 -6.71729 -20
      vertex -2.77445 -6.69813 0
    endloop
  endfacet
  facet normal 0.352253 0.935905 -0
    outer loop
      vertex -2.33044 -6.86524 -36
      vertex -2.72353 -6.71729 -20
      vertex -2.33044 -6.86524 0
    endloop
  endfacet
  facet normal 0.352253 0.935905 0
    outer loop
      vertex -2.72353 -6.71729 -20
      vertex -2.33044 -6.86524 -36
      vertex -2.72353 -6.71729 -36
    endloop
  endfacet
  facet normal 0.352171 0.935936 0
    outer loop
      vertex -2.77445 -6.69813 0
      vertex -2.72353 -6.71729 -20
      vertex -2.77445 -6.69813 -20
    endloop
  endfacet
  facet normal 0.773016 0.634386 0
    outer loop
      vertex -5.45084 -4.78026 0
      vertex -5.75181 -4.41352 -36
      vertex -5.75181 -4.41352 0
    endloop
  endfacet
  facet normal 0.773016 0.634386 0
    outer loop
      vertex -5.75181 -4.41352 -36
      vertex -5.45084 -4.78026 0
      vertex -5.45084 -4.78026 -36
    endloop
  endfacet
  facet normal 0.95694 0.290286 0
    outer loop
      vertex -6.86524 -2.33044 0
      vertex -7.00296 -1.87644 -36
      vertex -7.00296 -1.87644 0
    endloop
  endfacet
  facet normal 0.95694 0.290286 0
    outer loop
      vertex -7.00296 -1.87644 -36
      vertex -6.86524 -2.33044 0
      vertex -6.86524 -2.33044 -36
    endloop
  endfacet
  facet normal -0.986642 -0.162901 -0
    outer loop
      vertex 7.17911 1 -20
      vertex 7.11069 1.4144 -36
      vertex 7.17911 1 -36
    endloop
  endfacet
  facet normal -0.986642 -0.162901 0
    outer loop
      vertex 7.11069 1.4144 -36
      vertex 7.17911 1 -20
      vertex 7.11069 1.4144 0
    endloop
  endfacet
  facet normal -0.986653 -0.162834 -0
    outer loop
      vertex 7.18797 0.946315 0
      vertex 7.17911 1 -20
      vertex 7.18797 0.946315 -20
    endloop
  endfacet
  facet normal -0.986644 -0.162893 -1.62693e-07
    outer loop
      vertex 7.17911 1 -20
      vertex 7.18797 0.946315 0
      vertex 7.11069 1.4144 0
    endloop
  endfacet
  facet normal -0.995183 -0.098034 0
    outer loop
      vertex 7.23448 0.474173 -20
      vertex 7.18797 0.946315 0
      vertex 7.18797 0.946315 -20
    endloop
  endfacet
  facet normal -0.995183 -0.098034 0
    outer loop
      vertex 7.18797 0.946315 0
      vertex 7.23448 0.474173 -20
      vertex 7.23448 0.474173 0
    endloop
  endfacet
  facet normal -0.95694 -0.290286 0
    outer loop
      vertex 7.00296 1.87644 -36
      vertex 6.86524 2.33044 0
      vertex 6.86524 2.33044 -36
    endloop
  endfacet
  facet normal -0.95694 -0.290286 0
    outer loop
      vertex 6.86524 2.33044 0
      vertex 7.00296 1.87644 -36
      vertex 7.00296 1.87644 0
    endloop
  endfacet
  facet normal -0.849199 -0.528073 0
    outer loop
      vertex 6.27868 3.625 -36
      vertex 6.02815 4.02788 0
      vertex 6.02815 4.02788 -36
    endloop
  endfacet
  facet normal -0.849199 -0.528073 0
    outer loop
      vertex 6.02815 4.02788 0
      vertex 6.27868 3.625 -36
      vertex 6.27868 3.625 0
    endloop
  endfacet
  facet normal -0.812852 -0.58247 0
    outer loop
      vertex 6.02815 4.02788 -36
      vertex 5.75181 4.41352 0
      vertex 5.75181 4.41352 -36
    endloop
  endfacet
  facet normal -0.812852 -0.58247 0
    outer loop
      vertex 5.75181 4.41352 0
      vertex 6.02815 4.02788 -36
      vertex 6.02815 4.02788 0
    endloop
  endfacet
  facet normal -0.881917 -0.471405 0
    outer loop
      vertex 6.50233 3.20659 -36
      vertex 6.27868 3.625 0
      vertex 6.27868 3.625 -36
    endloop
  endfacet
  facet normal -0.881917 -0.471405 0
    outer loop
      vertex 6.27868 3.625 0
      vertex 6.50233 3.20659 -36
      vertex 6.50233 3.20659 0
    endloop
  endfacet
  facet normal -0.227071 -0.973878 0
    outer loop
      vertex 1.4144 7.11069 -36
      vertex 1.87644 7.00296 0
      vertex 1.4144 7.11069 0
    endloop
  endfacet
  facet normal -0.227071 -0.973878 -0
    outer loop
      vertex 1.87644 7.00296 0
      vertex 1.4144 7.11069 -36
      vertex 1.87644 7.00296 -36
    endloop
  endfacet
  facet normal -0.290286 -0.95694 0
    outer loop
      vertex 1.87644 7.00296 -36
      vertex 2.33044 6.86524 0
      vertex 1.87644 7.00296 0
    endloop
  endfacet
  facet normal -0.290286 -0.95694 -0
    outer loop
      vertex 2.33044 6.86524 0
      vertex 1.87644 7.00296 -36
      vertex 2.33044 6.86524 -36
    endloop
  endfacet
  facet normal -0.098034 -0.995183 0
    outer loop
      vertex 0.474173 7.23448 -36
      vertex 0.946315 7.18797 0
      vertex 0.474173 7.23448 0
    endloop
  endfacet
  facet normal -0.098034 -0.995183 -0
    outer loop
      vertex 0.946315 7.18797 0
      vertex 0.474173 7.23448 -36
      vertex 0.946315 7.18797 -36
    endloop
  endfacet
  facet normal -0.58247 -0.812852 0
    outer loop
      vertex 4.02788 6.02815 -36
      vertex 4.41352 5.75181 0
      vertex 4.02788 6.02815 0
    endloop
  endfacet
  facet normal -0.58247 -0.812852 -0
    outer loop
      vertex 4.41352 5.75181 0
      vertex 4.02788 6.02815 -36
      vertex 4.41352 5.75181 -36
    endloop
  endfacet
  facet normal 0.973878 -0.227071 0
    outer loop
      vertex -7.11069 1.4144 0
      vertex -7.00296 1.87644 -36
      vertex -7.00296 1.87644 0
    endloop
  endfacet
  facet normal 0.973878 -0.227071 0
    outer loop
      vertex -7.00296 1.87644 -36
      vertex -7.11069 1.4144 0
      vertex -7.11069 1.4144 -36
    endloop
  endfacet
  facet normal 0.773016 -0.634386 0
    outer loop
      vertex -5.75181 4.41352 0
      vertex -5.45084 4.78026 -36
      vertex -5.45084 4.78026 0
    endloop
  endfacet
  facet normal 0.773016 -0.634386 0
    outer loop
      vertex -5.45084 4.78026 -36
      vertex -5.75181 4.41352 0
      vertex -5.75181 4.41352 -36
    endloop
  endfacet
  facet normal 0.910864 -0.412707 0
    outer loop
      vertex -6.69813 2.77445 0
      vertex -6.50233 3.20659 -36
      vertex -6.50233 3.20659 0
    endloop
  endfacet
  facet normal 0.910864 -0.412707 0
    outer loop
      vertex -6.50233 3.20659 -36
      vertex -6.69813 2.77445 0
      vertex -6.69813 2.77445 -36
    endloop
  endfacet
  facet normal 0.881917 -0.471405 0
    outer loop
      vertex -6.50233 3.20659 0
      vertex -6.27868 3.625 -36
      vertex -6.27868 3.625 0
    endloop
  endfacet
  facet normal 0.881917 -0.471405 0
    outer loop
      vertex -6.27868 3.625 -36
      vertex -6.50233 3.20659 0
      vertex -6.50233 3.20659 -36
    endloop
  endfacet
  facet normal 0.95694 -0.290286 0
    outer loop
      vertex -7.00296 1.87644 0
      vertex -6.86524 2.33044 -36
      vertex -6.86524 2.33044 0
    endloop
  endfacet
  facet normal 0.95694 -0.290286 0
    outer loop
      vertex -6.86524 2.33044 -36
      vertex -7.00296 1.87644 0
      vertex -7.00296 1.87644 -36
    endloop
  endfacet
  facet normal 0.995183 -0.098034 0
    outer loop
      vertex -7.23448 0.474173 0
      vertex -7.18797 0.946315 -36
      vertex -7.18797 0.946315 0
    endloop
  endfacet
  facet normal 0.995183 -0.098034 0
    outer loop
      vertex -7.18797 0.946315 -36
      vertex -7.23448 0.474173 0
      vertex -7.23448 0.474173 -36
    endloop
  endfacet
  facet normal 0.412707 -0.910864 0
    outer loop
      vertex -3.20659 6.50233 -20
      vertex -2.77445 6.69813 0
      vertex -3.20659 6.50233 0
    endloop
  endfacet
  facet normal 0.412707 -0.910864 0
    outer loop
      vertex -2.77445 6.69813 0
      vertex -3.20659 6.50233 -20
      vertex -2.77445 6.69813 -20
    endloop
  endfacet
  facet normal 0.471405 -0.881917 0
    outer loop
      vertex -3.625 6.27868 -20
      vertex -3.20659 6.50233 0
      vertex -3.625 6.27868 0
    endloop
  endfacet
  facet normal 0.471405 -0.881917 0
    outer loop
      vertex -3.20659 6.50233 0
      vertex -3.625 6.27868 -20
      vertex -3.20659 6.50233 -20
    endloop
  endfacet
  facet normal 0.58247 -0.812852 0
    outer loop
      vertex -4.41352 5.75181 -20
      vertex -4.02788 6.02815 0
      vertex -4.41352 5.75181 0
    endloop
  endfacet
  facet normal 0.58247 -0.812852 0
    outer loop
      vertex -4.02788 6.02815 0
      vertex -4.41352 5.75181 -20
      vertex -4.02788 6.02815 -20
    endloop
  endfacet
  facet normal 0.227071 -0.973878 0
    outer loop
      vertex -1.87644 7.00296 -36
      vertex -1.4144 7.11069 0
      vertex -1.87644 7.00296 0
    endloop
  endfacet
  facet normal 0.227071 -0.973878 0
    outer loop
      vertex -1.4144 7.11069 0
      vertex -1.87644 7.00296 -36
      vertex -1.4144 7.11069 -36
    endloop
  endfacet
  facet normal 0.0327132 -0.999465 0
    outer loop
      vertex -0.474173 7.23448 -36
      vertex 0 7.25 0
      vertex -0.474173 7.23448 0
    endloop
  endfacet
  facet normal 0.0327132 -0.999465 0
    outer loop
      vertex 0 7.25 0
      vertex -0.474173 7.23448 -36
      vertex 0 7.25 -36
    endloop
  endfacet
  facet normal -0.999465 0.0327132 0
    outer loop
      vertex 7.23448 -0.474173 -20
      vertex 7.25 0 0
      vertex 7.25 0 -20
    endloop
  endfacet
  facet normal -0.999465 0.0327132 0
    outer loop
      vertex 7.25 0 0
      vertex 7.23448 -0.474173 -20
      vertex 7.23448 -0.474173 0
    endloop
  endfacet
  facet normal -0.098034 0.995183 0
    outer loop
      vertex 0.946315 -7.18797 -36
      vertex 0.474173 -7.23448 0
      vertex 0.946315 -7.18797 0
    endloop
  endfacet
  facet normal -0.098034 0.995183 0
    outer loop
      vertex 0.474173 -7.23448 0
      vertex 0.946315 -7.18797 -36
      vertex 0.474173 -7.23448 -36
    endloop
  endfacet
  facet normal -0.0327132 0.999465 0
    outer loop
      vertex 0.474173 -7.23448 -36
      vertex 0 -7.25 0
      vertex 0.474173 -7.23448 0
    endloop
  endfacet
  facet normal -0.0327132 0.999465 0
    outer loop
      vertex 0 -7.25 0
      vertex 0.474173 -7.23448 -36
      vertex 0 -7.25 -36
    endloop
  endfacet
  facet normal -0.352244 0.935908 0
    outer loop
      vertex 2.77445 -6.69813 -36
      vertex 2.33044 -6.86524 0
      vertex 2.77445 -6.69813 0
    endloop
  endfacet
  facet normal -0.352244 0.935908 0
    outer loop
      vertex 2.33044 -6.86524 0
      vertex 2.77445 -6.69813 -36
      vertex 2.33044 -6.86524 -36
    endloop
  endfacet
  facet normal -0.412707 0.910864 0
    outer loop
      vertex 3.20659 -6.50233 -36
      vertex 2.77445 -6.69813 0
      vertex 3.20659 -6.50233 0
    endloop
  endfacet
  facet normal -0.412707 0.910864 0
    outer loop
      vertex 2.77445 -6.69813 0
      vertex 3.20659 -6.50233 -36
      vertex 2.77445 -6.69813 -36
    endloop
  endfacet
  facet normal -0.58247 0.812852 0
    outer loop
      vertex 4.41352 -5.75181 -36
      vertex 4.02788 -6.02815 0
      vertex 4.41352 -5.75181 0
    endloop
  endfacet
  facet normal -0.58247 0.812852 0
    outer loop
      vertex 4.02788 -6.02815 0
      vertex 4.41352 -5.75181 -36
      vertex 4.02788 -6.02815 -36
    endloop
  endfacet
  facet normal -0.471405 0.881917 0
    outer loop
      vertex 3.625 -6.27868 -36
      vertex 3.20659 -6.50233 0
      vertex 3.625 -6.27868 0
    endloop
  endfacet
  facet normal -0.471405 0.881917 0
    outer loop
      vertex 3.20659 -6.50233 0
      vertex 3.625 -6.27868 -36
      vertex 3.20659 -6.50233 -36
    endloop
  endfacet
  facet normal -0.935908 0.352244 0
    outer loop
      vertex 6.69813 -2.77445 -36
      vertex 6.86524 -2.33044 0
      vertex 6.86524 -2.33044 -36
    endloop
  endfacet
  facet normal -0.935908 0.352244 0
    outer loop
      vertex 6.86524 -2.33044 0
      vertex 6.69813 -2.77445 -36
      vertex 6.69813 -2.77445 0
    endloop
  endfacet
  facet normal -0.95694 0.290286 0
    outer loop
      vertex 6.86524 -2.33044 -36
      vertex 7.00296 -1.87644 0
      vertex 7.00296 -1.87644 -36
    endloop
  endfacet
  facet normal -0.95694 0.290286 0
    outer loop
      vertex 7.00296 -1.87644 0
      vertex 6.86524 -2.33044 -36
      vertex 6.86524 -2.33044 0
    endloop
  endfacet
  facet normal -0.973878 0.227071 0
    outer loop
      vertex 7.00296 -1.87644 -36
      vertex 7.11069 -1.4144 0
      vertex 7.11069 -1.4144 -36
    endloop
  endfacet
  facet normal -0.973878 0.227071 0
    outer loop
      vertex 7.11069 -1.4144 0
      vertex 7.00296 -1.87644 -36
      vertex 7.00296 -1.87644 0
    endloop
  endfacet
  facet normal -0.995183 0.098034 0
    outer loop
      vertex 7.18797 -0.946315 -20
      vertex 7.23448 -0.474173 0
      vertex 7.23448 -0.474173 -20
    endloop
  endfacet
  facet normal -0.995183 0.098034 0
    outer loop
      vertex 7.23448 -0.474173 0
      vertex 7.18797 -0.946315 -20
      vertex 7.18797 -0.946315 0
    endloop
  endfacet
  facet normal 0.162893 0.986644 -0
    outer loop
      vertex -0.946315 -7.18797 -36
      vertex -1.4144 -7.11069 0
      vertex -0.946315 -7.18797 0
    endloop
  endfacet
  facet normal 0.162893 0.986644 0
    outer loop
      vertex -1.4144 -7.11069 0
      vertex -0.946315 -7.18797 -36
      vertex -1.4144 -7.11069 -36
    endloop
  endfacet
  facet normal 0.849199 0.528073 0
    outer loop
      vertex -6.02815 -4.02788 0
      vertex -6.27868 -3.625 -36
      vertex -6.27868 -3.625 0
    endloop
  endfacet
  facet normal 0.849199 0.528073 0
    outer loop
      vertex -6.27868 -3.625 -36
      vertex -6.02815 -4.02788 0
      vertex -6.02815 -4.02788 -36
    endloop
  endfacet
  facet normal 0.910864 0.412707 0
    outer loop
      vertex -6.50233 -3.20659 0
      vertex -6.69813 -2.77445 -36
      vertex -6.69813 -2.77445 0
    endloop
  endfacet
  facet normal 0.910864 0.412707 0
    outer loop
      vertex -6.69813 -2.77445 -36
      vertex -6.50233 -3.20659 0
      vertex -6.50233 -3.20659 -36
    endloop
  endfacet
  facet normal 0.812852 0.58247 0
    outer loop
      vertex -5.75181 -4.41352 0
      vertex -6.02815 -4.02788 -36
      vertex -6.02815 -4.02788 0
    endloop
  endfacet
  facet normal 0.812852 0.58247 0
    outer loop
      vertex -6.02815 -4.02788 -36
      vertex -5.75181 -4.41352 0
      vertex -5.75181 -4.41352 -36
    endloop
  endfacet
  facet normal 0.999465 0.0327132 0
    outer loop
      vertex -7.23448 -0.474173 0
      vertex -7.25 0 -36
      vertex -7.25 0 0
    endloop
  endfacet
  facet normal 0.999465 0.0327132 0
    outer loop
      vertex -7.25 0 -36
      vertex -7.23448 -0.474173 0
      vertex -7.23448 -0.474173 -36
    endloop
  endfacet
  facet normal 0.973878 0.227071 0
    outer loop
      vertex -7.00296 -1.87644 0
      vertex -7.11069 -1.4144 -36
      vertex -7.11069 -1.4144 0
    endloop
  endfacet
  facet normal 0.973878 0.227071 0
    outer loop
      vertex -7.11069 -1.4144 -36
      vertex -7.00296 -1.87644 0
      vertex -7.00296 -1.87644 -36
    endloop
  endfacet
  facet normal -0.973878 -0.227071 0
    outer loop
      vertex 7.11069 1.4144 -36
      vertex 7.00296 1.87644 0
      vertex 7.00296 1.87644 -36
    endloop
  endfacet
  facet normal -0.973878 -0.227071 0
    outer loop
      vertex 7.00296 1.87644 0
      vertex 7.11069 1.4144 -36
      vertex 7.11069 1.4144 0
    endloop
  endfacet
  facet normal -0.935908 -0.352244 0
    outer loop
      vertex 6.86524 2.33044 -36
      vertex 6.69813 2.77445 0
      vertex 6.69813 2.77445 -36
    endloop
  endfacet
  facet normal -0.935908 -0.352244 0
    outer loop
      vertex 6.69813 2.77445 0
      vertex 6.86524 2.33044 -36
      vertex 6.86524 2.33044 0
    endloop
  endfacet
  facet normal -0.773016 -0.634386 0
    outer loop
      vertex 5.75181 4.41352 -36
      vertex 5.45084 4.78026 0
      vertex 5.45084 4.78026 -36
    endloop
  endfacet
  facet normal -0.773016 -0.634386 0
    outer loop
      vertex 5.45084 4.78026 0
      vertex 5.75181 4.41352 -36
      vertex 5.75181 4.41352 0
    endloop
  endfacet
  facet normal -0.528073 -0.849199 0
    outer loop
      vertex 3.625 6.27868 -36
      vertex 4.02788 6.02815 0
      vertex 3.625 6.27868 0
    endloop
  endfacet
  facet normal -0.528073 -0.849199 -0
    outer loop
      vertex 4.02788 6.02815 0
      vertex 3.625 6.27868 -36
      vertex 4.02788 6.02815 -36
    endloop
  endfacet
  facet normal -0.471405 -0.881917 0
    outer loop
      vertex 3.20659 6.50233 -36
      vertex 3.625 6.27868 0
      vertex 3.20659 6.50233 0
    endloop
  endfacet
  facet normal -0.471405 -0.881917 -0
    outer loop
      vertex 3.625 6.27868 0
      vertex 3.20659 6.50233 -36
      vertex 3.625 6.27868 -36
    endloop
  endfacet
  facet normal -0.683606 -0.729851 0
    outer loop
      vertex 4.78026 5.45084 -36
      vertex 5.12652 5.12652 0
      vertex 4.78026 5.45084 0
    endloop
  endfacet
  facet normal -0.683606 -0.729851 -0
    outer loop
      vertex 5.12652 5.12652 0
      vertex 4.78026 5.45084 -36
      vertex 5.12652 5.12652 -36
    endloop
  endfacet
  facet normal -0.634386 -0.773016 0
    outer loop
      vertex 4.41352 5.75181 -36
      vertex 4.78026 5.45084 0
      vertex 4.41352 5.75181 0
    endloop
  endfacet
  facet normal -0.634386 -0.773016 -0
    outer loop
      vertex 4.78026 5.45084 0
      vertex 4.41352 5.75181 -36
      vertex 4.78026 5.45084 -36
    endloop
  endfacet
  facet normal 0.729851 -0.683606 0
    outer loop
      vertex -5.45084 4.78026 0
      vertex -5.12652 5.12652 -36
      vertex -5.12652 5.12652 0
    endloop
  endfacet
  facet normal 0.729851 -0.683606 0
    outer loop
      vertex -5.12652 5.12652 -36
      vertex -5.45084 4.78026 0
      vertex -5.45084 4.78026 -36
    endloop
  endfacet
  facet normal 0.935908 -0.352244 0
    outer loop
      vertex -6.86524 2.33044 0
      vertex -6.69813 2.77445 -36
      vertex -6.69813 2.77445 0
    endloop
  endfacet
  facet normal 0.935908 -0.352244 0
    outer loop
      vertex -6.69813 2.77445 -36
      vertex -6.86524 2.33044 0
      vertex -6.86524 2.33044 -36
    endloop
  endfacet
  facet normal 0.986644 -0.162893 0
    outer loop
      vertex -7.18797 0.946315 0
      vertex -7.11069 1.4144 -36
      vertex -7.11069 1.4144 0
    endloop
  endfacet
  facet normal 0.986644 -0.162893 0
    outer loop
      vertex -7.11069 1.4144 -36
      vertex -7.18797 0.946315 0
      vertex -7.18797 0.946315 -36
    endloop
  endfacet
  facet normal 0.634386 -0.773016 1.12409e-07
    outer loop
      vertex -4.78026 5.45084 0
      vertex -4.45558 5.71729 -20
      vertex -4.41352 5.75181 0
    endloop
  endfacet
  facet normal 0.634382 -0.77302 0
    outer loop
      vertex -4.78026 5.45084 -36
      vertex -4.45558 5.71729 -20
      vertex -4.78026 5.45084 0
    endloop
  endfacet
  facet normal 0.634382 -0.77302 0
    outer loop
      vertex -4.45558 5.71729 -20
      vertex -4.78026 5.45084 -36
      vertex -4.45558 5.71729 -36
    endloop
  endfacet
  facet normal 0.634418 -0.77299 0
    outer loop
      vertex -4.41352 5.75181 0
      vertex -4.45558 5.71729 -20
      vertex -4.41352 5.75181 -20
    endloop
  endfacet
  facet normal 0.528073 -0.849199 0
    outer loop
      vertex -4.02788 6.02815 -20
      vertex -3.625 6.27868 0
      vertex -4.02788 6.02815 0
    endloop
  endfacet
  facet normal 0.528073 -0.849199 0
    outer loop
      vertex -3.625 6.27868 0
      vertex -4.02788 6.02815 -20
      vertex -3.625 6.27868 -20
    endloop
  endfacet
  facet normal 0.352171 -0.935936 0
    outer loop
      vertex -2.72353 6.71729 -20
      vertex -2.77445 6.69813 0
      vertex -2.77445 6.69813 -20
    endloop
  endfacet
  facet normal 0.352244 -0.935908 2.11797e-07
    outer loop
      vertex -2.77445 6.69813 0
      vertex -2.72353 6.71729 -20
      vertex -2.33044 6.86524 0
    endloop
  endfacet
  facet normal 0.352253 -0.935905 0
    outer loop
      vertex -2.33044 6.86524 -36
      vertex -2.72353 6.71729 -20
      vertex -2.72353 6.71729 -36
    endloop
  endfacet
  facet normal 0.352253 -0.935905 0
    outer loop
      vertex -2.72353 6.71729 -20
      vertex -2.33044 6.86524 -36
      vertex -2.33044 6.86524 0
    endloop
  endfacet
  facet normal 0.290286 -0.95694 0
    outer loop
      vertex -2.33044 6.86524 -36
      vertex -1.87644 7.00296 0
      vertex -2.33044 6.86524 0
    endloop
  endfacet
  facet normal 0.290286 -0.95694 0
    outer loop
      vertex -1.87644 7.00296 0
      vertex -2.33044 6.86524 -36
      vertex -1.87644 7.00296 -36
    endloop
  endfacet
  facet normal 0.162893 -0.986644 0
    outer loop
      vertex -1.4144 7.11069 -36
      vertex -0.946315 7.18797 0
      vertex -1.4144 7.11069 0
    endloop
  endfacet
  facet normal 0.162893 -0.986644 0
    outer loop
      vertex -0.946315 7.18797 0
      vertex -1.4144 7.11069 -36
      vertex -0.946315 7.18797 -36
    endloop
  endfacet
  facet normal 0.098034 -0.995183 0
    outer loop
      vertex -0.946315 7.18797 -36
      vertex -0.474173 7.23448 0
      vertex -0.946315 7.18797 0
    endloop
  endfacet
  facet normal 0.098034 -0.995183 0
    outer loop
      vertex -0.474173 7.23448 0
      vertex -0.946315 7.18797 -36
      vertex -0.474173 7.23448 -36
    endloop
  endfacet
  facet normal -0.290286 0.95694 0
    outer loop
      vertex 2.33044 -6.86524 -36
      vertex 1.87644 -7.00296 0
      vertex 2.33044 -6.86524 0
    endloop
  endfacet
  facet normal -0.290286 0.95694 0
    outer loop
      vertex 1.87644 -7.00296 0
      vertex 2.33044 -6.86524 -36
      vertex 1.87644 -7.00296 -36
    endloop
  endfacet
  facet normal -0.634386 0.773016 0
    outer loop
      vertex 4.78026 -5.45084 -36
      vertex 4.41352 -5.75181 0
      vertex 4.78026 -5.45084 0
    endloop
  endfacet
  facet normal -0.634386 0.773016 0
    outer loop
      vertex 4.41352 -5.75181 0
      vertex 4.78026 -5.45084 -36
      vertex 4.41352 -5.75181 -36
    endloop
  endfacet
  facet normal -0.812852 0.58247 0
    outer loop
      vertex 5.75181 -4.41352 -36
      vertex 6.02815 -4.02788 0
      vertex 6.02815 -4.02788 -36
    endloop
  endfacet
  facet normal -0.812852 0.58247 0
    outer loop
      vertex 6.02815 -4.02788 0
      vertex 5.75181 -4.41352 -36
      vertex 5.75181 -4.41352 0
    endloop
  endfacet
  facet normal -0.729851 0.683606 0
    outer loop
      vertex 5.12652 -5.12652 -36
      vertex 5.45084 -4.78026 0
      vertex 5.45084 -4.78026 -36
    endloop
  endfacet
  facet normal -0.729851 0.683606 0
    outer loop
      vertex 5.45084 -4.78026 0
      vertex 5.12652 -5.12652 -36
      vertex 5.12652 -5.12652 0
    endloop
  endfacet
  facet normal -0.910864 0.412707 0
    outer loop
      vertex 6.50233 -3.20659 -36
      vertex 6.69813 -2.77445 0
      vertex 6.69813 -2.77445 -36
    endloop
  endfacet
  facet normal -0.910864 0.412707 0
    outer loop
      vertex 6.69813 -2.77445 0
      vertex 6.50233 -3.20659 -36
      vertex 6.50233 -3.20659 0
    endloop
  endfacet
  facet normal 0.58247 0.812852 -0
    outer loop
      vertex -4.02788 -6.02815 -20
      vertex -4.41352 -5.75181 0
      vertex -4.02788 -6.02815 0
    endloop
  endfacet
  facet normal 0.58247 0.812852 0
    outer loop
      vertex -4.41352 -5.75181 0
      vertex -4.02788 -6.02815 -20
      vertex -4.41352 -5.75181 -20
    endloop
  endfacet
  facet normal 0.683606 0.729851 -0
    outer loop
      vertex -4.78026 -5.45084 -36
      vertex -5.12652 -5.12652 0
      vertex -4.78026 -5.45084 0
    endloop
  endfacet
  facet normal 0.683606 0.729851 0
    outer loop
      vertex -5.12652 -5.12652 0
      vertex -4.78026 -5.45084 -36
      vertex -5.12652 -5.12652 -36
    endloop
  endfacet
  facet normal 0.634418 0.77299 0
    outer loop
      vertex -4.45558 -5.71729 -20
      vertex -4.41352 -5.75181 0
      vertex -4.41352 -5.75181 -20
    endloop
  endfacet
  facet normal 0.634386 0.773016 1.12409e-07
    outer loop
      vertex -4.41352 -5.75181 0
      vertex -4.45558 -5.71729 -20
      vertex -4.78026 -5.45084 0
    endloop
  endfacet
  facet normal 0.634382 0.77302 0
    outer loop
      vertex -4.78026 -5.45084 -36
      vertex -4.45558 -5.71729 -20
      vertex -4.45558 -5.71729 -36
    endloop
  endfacet
  facet normal 0.634382 0.77302 0
    outer loop
      vertex -4.45558 -5.71729 -20
      vertex -4.78026 -5.45084 -36
      vertex -4.78026 -5.45084 0
    endloop
  endfacet
  facet normal 0.528073 0.849199 -0
    outer loop
      vertex -3.625 -6.27868 -20
      vertex -4.02788 -6.02815 0
      vertex -3.625 -6.27868 0
    endloop
  endfacet
  facet normal 0.528073 0.849199 0
    outer loop
      vertex -4.02788 -6.02815 0
      vertex -3.625 -6.27868 -20
      vertex -4.02788 -6.02815 -20
    endloop
  endfacet
  facet normal 0.412707 0.910864 -0
    outer loop
      vertex -2.77445 -6.69813 -20
      vertex -3.20659 -6.50233 0
      vertex -2.77445 -6.69813 0
    endloop
  endfacet
  facet normal 0.412707 0.910864 0
    outer loop
      vertex -3.20659 -6.50233 0
      vertex -2.77445 -6.69813 -20
      vertex -3.20659 -6.50233 -20
    endloop
  endfacet
  facet normal 0.290286 0.95694 -0
    outer loop
      vertex -1.87644 -7.00296 -36
      vertex -2.33044 -6.86524 0
      vertex -1.87644 -7.00296 0
    endloop
  endfacet
  facet normal 0.290286 0.95694 0
    outer loop
      vertex -2.33044 -6.86524 0
      vertex -1.87644 -7.00296 -36
      vertex -2.33044 -6.86524 -36
    endloop
  endfacet
  facet normal 0.227071 0.973878 -0
    outer loop
      vertex -1.4144 -7.11069 -36
      vertex -1.87644 -7.00296 0
      vertex -1.4144 -7.11069 0
    endloop
  endfacet
  facet normal 0.227071 0.973878 0
    outer loop
      vertex -1.87644 -7.00296 0
      vertex -1.4144 -7.11069 -36
      vertex -1.87644 -7.00296 -36
    endloop
  endfacet
  facet normal 0.0327132 0.999465 -0
    outer loop
      vertex 0 -7.25 -36
      vertex -0.474173 -7.23448 0
      vertex 0 -7.25 0
    endloop
  endfacet
  facet normal 0.0327132 0.999465 0
    outer loop
      vertex -0.474173 -7.23448 0
      vertex 0 -7.25 -36
      vertex -0.474173 -7.23448 -36
    endloop
  endfacet
  facet normal 0.729851 0.683606 0
    outer loop
      vertex -5.12652 -5.12652 0
      vertex -5.45084 -4.78026 -36
      vertex -5.45084 -4.78026 0
    endloop
  endfacet
  facet normal 0.729851 0.683606 0
    outer loop
      vertex -5.45084 -4.78026 -36
      vertex -5.12652 -5.12652 0
      vertex -5.12652 -5.12652 -36
    endloop
  endfacet
  facet normal 0.881917 0.471405 0
    outer loop
      vertex -6.27868 -3.625 0
      vertex -6.50233 -3.20659 -36
      vertex -6.50233 -3.20659 0
    endloop
  endfacet
  facet normal 0.881917 0.471405 0
    outer loop
      vertex -6.50233 -3.20659 -36
      vertex -6.27868 -3.625 0
      vertex -6.27868 -3.625 -36
    endloop
  endfacet
  facet normal 0.935908 0.352244 0
    outer loop
      vertex -6.69813 -2.77445 0
      vertex -6.86524 -2.33044 -36
      vertex -6.86524 -2.33044 0
    endloop
  endfacet
  facet normal 0.935908 0.352244 0
    outer loop
      vertex -6.86524 -2.33044 -36
      vertex -6.69813 -2.77445 0
      vertex -6.69813 -2.77445 -36
    endloop
  endfacet
  facet normal 0.995183 0.098034 0
    outer loop
      vertex -7.18797 -0.946315 0
      vertex -7.23448 -0.474173 -36
      vertex -7.23448 -0.474173 0
    endloop
  endfacet
  facet normal 0.995183 0.098034 0
    outer loop
      vertex -7.23448 -0.474173 -36
      vertex -7.18797 -0.946315 0
      vertex -7.18797 -0.946315 -36
    endloop
  endfacet
  facet normal -0.352244 -0.935908 0
    outer loop
      vertex 2.33044 6.86524 -36
      vertex 2.77445 6.69813 0
      vertex 2.33044 6.86524 0
    endloop
  endfacet
  facet normal -0.352244 -0.935908 -0
    outer loop
      vertex 2.77445 6.69813 0
      vertex 2.33044 6.86524 -36
      vertex 2.77445 6.69813 -36
    endloop
  endfacet
  facet normal -0.162893 -0.986644 0
    outer loop
      vertex 0.946315 7.18797 -36
      vertex 1.4144 7.11069 0
      vertex 0.946315 7.18797 0
    endloop
  endfacet
  facet normal -0.162893 -0.986644 -0
    outer loop
      vertex 1.4144 7.11069 0
      vertex 0.946315 7.18797 -36
      vertex 1.4144 7.11069 -36
    endloop
  endfacet
  facet normal -0.162893 0.986644 0
    outer loop
      vertex 1.4144 -7.11069 -36
      vertex 0.946315 -7.18797 0
      vertex 1.4144 -7.11069 0
    endloop
  endfacet
  facet normal -0.162893 0.986644 0
    outer loop
      vertex 0.946315 -7.18797 0
      vertex 1.4144 -7.11069 -36
      vertex 0.946315 -7.18797 -36
    endloop
  endfacet
  facet normal -0.528073 0.849199 0
    outer loop
      vertex 4.02788 -6.02815 -36
      vertex 3.625 -6.27868 0
      vertex 4.02788 -6.02815 0
    endloop
  endfacet
  facet normal -0.528073 0.849199 0
    outer loop
      vertex 3.625 -6.27868 0
      vertex 4.02788 -6.02815 -36
      vertex 3.625 -6.27868 -36
    endloop
  endfacet
  facet normal -0.849199 0.528073 0
    outer loop
      vertex 6.02815 -4.02788 -36
      vertex 6.27868 -3.625 0
      vertex 6.27868 -3.625 -36
    endloop
  endfacet
  facet normal -0.849199 0.528073 0
    outer loop
      vertex 6.27868 -3.625 0
      vertex 6.02815 -4.02788 -36
      vertex 6.02815 -4.02788 0
    endloop
  endfacet
  facet normal -0.773016 0.634386 0
    outer loop
      vertex 5.45084 -4.78026 -36
      vertex 5.75181 -4.41352 0
      vertex 5.75181 -4.41352 -36
    endloop
  endfacet
  facet normal -0.773016 0.634386 0
    outer loop
      vertex 5.75181 -4.41352 0
      vertex 5.45084 -4.78026 -36
      vertex 5.45084 -4.78026 0
    endloop
  endfacet
  facet normal -0.986642 0.162901 0
    outer loop
      vertex 7.17911 -1 -36
      vertex 7.11069 -1.4144 -36
      vertex 7.17911 -1 -20
    endloop
  endfacet
  facet normal -0.986653 0.162834 0
    outer loop
      vertex 7.17911 -1 -20
      vertex 7.18797 -0.946315 0
      vertex 7.18797 -0.946315 -20
    endloop
  endfacet
  facet normal -0.986642 0.162901 0
    outer loop
      vertex 7.11069 -1.4144 0
      vertex 7.17911 -1 -20
      vertex 7.11069 -1.4144 -36
    endloop
  endfacet
  facet normal -0.986644 0.162893 -1.62693e-07
    outer loop
      vertex 7.17911 -1 -20
      vertex 7.11069 -1.4144 0
      vertex 7.18797 -0.946315 0
    endloop
  endfacet
  facet normal 0.471405 0.881917 -0
    outer loop
      vertex -3.20659 -6.50233 -20
      vertex -3.625 -6.27868 0
      vertex -3.20659 -6.50233 0
    endloop
  endfacet
  facet normal 0.471405 0.881917 0
    outer loop
      vertex -3.625 -6.27868 0
      vertex -3.20659 -6.50233 -20
      vertex -3.625 -6.27868 -20
    endloop
  endfacet
  facet normal 0.098034 0.995183 -0
    outer loop
      vertex -0.474173 -7.23448 -36
      vertex -0.946315 -7.18797 0
      vertex -0.474173 -7.23448 0
    endloop
  endfacet
  facet normal 0.098034 0.995183 0
    outer loop
      vertex -0.946315 -7.18797 0
      vertex -0.474173 -7.23448 -36
      vertex -0.946315 -7.18797 -36
    endloop
  endfacet
  facet normal 0.986644 0.162893 0
    outer loop
      vertex -7.11069 -1.4144 0
      vertex -7.18797 -0.946315 -36
      vertex -7.18797 -0.946315 0
    endloop
  endfacet
  facet normal 0.986644 0.162893 0
    outer loop
      vertex -7.18797 -0.946315 -36
      vertex -7.11069 -1.4144 0
      vertex -7.11069 -1.4144 -36
    endloop
  endfacet
endsolid OpenSCAD_Model
