solid OpenSCAD_Model
  facet normal -0.352241 -0.935909 0
    outer loop
      vertex -4.5922 -11.0866 -8
      vertex -3.85727 -11.3632 -2
      vertex -4.5922 -11.0866 -2
    endloop
  endfacet
  facet normal -0.352241 -0.935909 -0
    outer loop
      vertex -3.85727 -11.3632 -2
      vertex -4.5922 -11.0866 -8
      vertex -3.85727 -11.3632 -8
    endloop
  endfacet
  facet normal -0.352241 0.935909 0
    outer loop
      vertex -3.85727 11.3632 -8
      vertex -4.5922 11.0866 -2
      vertex -3.85727 11.3632 -2
    endloop
  endfacet
  facet normal -0.352241 0.935909 0
    outer loop
      vertex -4.5922 11.0866 -2
      vertex -3.85727 11.3632 -8
      vertex -4.5922 11.0866 -8
    endloop
  endfacet
  facet normal -0.910854 -0.412728 0
    outer loop
      vertex -10.7625 -5.30746 -8
      vertex -11.0866 -4.5922 -2
      vertex -11.0866 -4.5922 -8
    endloop
  endfacet
  facet normal -0.910854 -0.412728 0
    outer loop
      vertex -11.0866 -4.5922 -2
      vertex -10.7625 -5.30746 -8
      vertex -10.7625 -5.30746 -2
    endloop
  endfacet
  facet normal 0.956957 0.29023 0
    outer loop
      vertex 11.5911 3.10583 -2
      vertex 11.3632 3.85727 -8
      vertex 11.3632 3.85727 -2
    endloop
  endfacet
  facet normal 0.956957 0.29023 0
    outer loop
      vertex 11.3632 3.85727 -8
      vertex 11.5911 3.10583 -2
      vertex 11.5911 3.10583 -8
    endloop
  endfacet
  facet normal 0.773011 0.634393 0
    outer loop
      vertex 9.52024 7.30514 -2
      vertex 9.02208 7.91215 -8
      vertex 9.02208 7.91215 -2
    endloop
  endfacet
  facet normal 0.773011 0.634393 0
    outer loop
      vertex 9.02208 7.91215 -8
      vertex 9.52024 7.30514 -2
      vertex 9.52024 7.30514 -8
    endloop
  endfacet
  facet normal 0.471426 0.881906 -0
    outer loop
      vertex 6 10.3923 -8
      vertex 5.30746 10.7625 -2
      vertex 6 10.3923 -2
    endloop
  endfacet
  facet normal 0.471426 0.881906 0
    outer loop
      vertex 5.30746 10.7625 -2
      vertex 6 10.3923 -8
      vertex 5.30746 10.7625 -8
    endloop
  endfacet
  facet normal -0.881906 0.471426 0
    outer loop
      vertex -10.7625 5.30746 -8
      vertex -10.3923 6 -2
      vertex -10.3923 6 -8
    endloop
  endfacet
  facet normal -0.881906 0.471426 0
    outer loop
      vertex -10.3923 6 -2
      vertex -10.7625 5.30746 -8
      vertex -10.7625 5.30746 -2
    endloop
  endfacet
  facet normal -0.58247 0.812852 0
    outer loop
      vertex -6.66684 9.97763 -8
      vertex -7.30514 9.52024 -2
      vertex -6.66684 9.97763 -2
    endloop
  endfacet
  facet normal -0.58247 0.812852 0
    outer loop
      vertex -7.30514 9.52024 -2
      vertex -6.66684 9.97763 -8
      vertex -7.30514 9.52024 -8
    endloop
  endfacet
  facet normal 0.910854 -0.412728 0
    outer loop
      vertex 10.7625 -5.30746 -2
      vertex 11.0866 -4.5922 -8
      vertex 11.0866 -4.5922 -2
    endloop
  endfacet
  facet normal 0.910854 -0.412728 0
    outer loop
      vertex 11.0866 -4.5922 -8
      vertex 10.7625 -5.30746 -2
      vertex 10.7625 -5.30746 -8
    endloop
  endfacet
  facet normal 0.29023 -0.956957 0
    outer loop
      vertex 3.10583 -11.5911 -8
      vertex 3.85727 -11.3632 -2
      vertex 3.10583 -11.5911 -2
    endloop
  endfacet
  facet normal 0.29023 -0.956957 0
    outer loop
      vertex 3.85727 -11.3632 -2
      vertex 3.10583 -11.5911 -8
      vertex 3.85727 -11.3632 -8
    endloop
  endfacet
  facet normal 0.683596 -0.729861 0
    outer loop
      vertex 7.91215 -9.02208 -8
      vertex 8.48528 -8.48528 -2
      vertex 7.91215 -9.02208 -2
    endloop
  endfacet
  facet normal 0.683596 -0.729861 0
    outer loop
      vertex 8.48528 -8.48528 -2
      vertex 7.91215 -9.02208 -8
      vertex 8.48528 -8.48528 -8
    endloop
  endfacet
  facet normal -0.58247 -0.812852 0
    outer loop
      vertex -7.30514 -9.52024 -8
      vertex -6.66684 -9.97763 -2
      vertex -7.30514 -9.52024 -2
    endloop
  endfacet
  facet normal -0.58247 -0.812852 -0
    outer loop
      vertex -6.66684 -9.97763 -2
      vertex -7.30514 -9.52024 -8
      vertex -6.66684 -9.97763 -8
    endloop
  endfacet
  facet normal 0.995181 0.098057 0
    outer loop
      vertex 11.9743 0.784837 -2
      vertex 11.8973 1.56631 -8
      vertex 11.8973 1.56631 -2
    endloop
  endfacet
  facet normal 0.995181 0.098057 0
    outer loop
      vertex 11.8973 1.56631 -8
      vertex 11.9743 0.784837 -2
      vertex 11.9743 0.784837 -8
    endloop
  endfacet
  facet normal 0.881906 0.471426 0
    outer loop
      vertex 10.7625 5.30746 -2
      vertex 10.3923 6 -8
      vertex 10.3923 6 -2
    endloop
  endfacet
  facet normal 0.881906 0.471426 0
    outer loop
      vertex 10.3923 6 -8
      vertex 10.7625 5.30746 -2
      vertex 10.7625 5.30746 -8
    endloop
  endfacet
  facet normal 0.0327281 0.999464 -0
    outer loop
      vertex 0.784837 11.9743 -8
      vertex 0 12 -2
      vertex 0.784837 11.9743 -2
    endloop
  endfacet
  facet normal 0.0327281 0.999464 0
    outer loop
      vertex 0 12 -2
      vertex 0.784837 11.9743 -8
      vertex 0 12 -8
    endloop
  endfacet
  facet normal 0.162877 0.986646 -0
    outer loop
      vertex 2.34108 11.7694 -8
      vertex 1.56631 11.8973 -2
      vertex 2.34108 11.7694 -2
    endloop
  endfacet
  facet normal 0.162877 0.986646 0
    outer loop
      vertex 1.56631 11.8973 -2
      vertex 2.34108 11.7694 -8
      vertex 1.56631 11.8973 -8
    endloop
  endfacet
  facet normal 0.58247 0.812852 -0
    outer loop
      vertex 7.30514 9.52024 -8
      vertex 6.66684 9.97763 -2
      vertex 7.30514 9.52024 -2
    endloop
  endfacet
  facet normal 0.58247 0.812852 0
    outer loop
      vertex 6.66684 9.97763 -2
      vertex 7.30514 9.52024 -8
      vertex 6.66684 9.97763 -8
    endloop
  endfacet
  facet normal 0.29023 0.956957 -0
    outer loop
      vertex 3.85727 11.3632 -8
      vertex 3.10583 11.5911 -2
      vertex 3.85727 11.3632 -2
    endloop
  endfacet
  facet normal 0.29023 0.956957 0
    outer loop
      vertex 3.10583 11.5911 -2
      vertex 3.85727 11.3632 -8
      vertex 3.10583 11.5911 -8
    endloop
  endfacet
  facet normal -0.999464 0.0327281 0
    outer loop
      vertex -12 0 -8
      vertex -11.9743 0.784837 -2
      vertex -11.9743 0.784837 -8
    endloop
  endfacet
  facet normal -0.999464 0.0327281 0
    outer loop
      vertex -11.9743 0.784837 -2
      vertex -12 0 -8
      vertex -12 0 -2
    endloop
  endfacet
  facet normal -0.973881 0.227059 0
    outer loop
      vertex -11.7694 2.34108 -8
      vertex -11.5911 3.10583 -2
      vertex -11.5911 3.10583 -8
    endloop
  endfacet
  facet normal -0.973881 0.227059 0
    outer loop
      vertex -11.5911 3.10583 -2
      vertex -11.7694 2.34108 -8
      vertex -11.7694 2.34108 -2
    endloop
  endfacet
  facet normal -0.935909 0.352241 0
    outer loop
      vertex -11.3632 3.85727 -8
      vertex -11.0866 4.5922 -2
      vertex -11.0866 4.5922 -8
    endloop
  endfacet
  facet normal -0.935909 0.352241 0
    outer loop
      vertex -11.0866 4.5922 -2
      vertex -11.3632 3.85727 -8
      vertex -11.3632 3.85727 -2
    endloop
  endfacet
  facet normal -0.995181 0.098057 0
    outer loop
      vertex -11.9743 0.784837 -8
      vertex -11.8973 1.56631 -2
      vertex -11.8973 1.56631 -8
    endloop
  endfacet
  facet normal -0.995181 0.098057 0
    outer loop
      vertex -11.8973 1.56631 -2
      vertex -11.9743 0.784837 -8
      vertex -11.9743 0.784837 -2
    endloop
  endfacet
  facet normal -0.729861 0.683596 0
    outer loop
      vertex -9.02208 7.91215 -8
      vertex -8.48528 8.48528 -2
      vertex -8.48528 8.48528 -8
    endloop
  endfacet
  facet normal -0.729861 0.683596 0
    outer loop
      vertex -8.48528 8.48528 -2
      vertex -9.02208 7.91215 -8
      vertex -9.02208 7.91215 -2
    endloop
  endfacet
  facet normal -0.0327281 0.999464 0
    outer loop
      vertex 0 12 -8
      vertex -0.784837 11.9743 -2
      vertex 0 12 -2
    endloop
  endfacet
  facet normal -0.0327281 0.999464 0
    outer loop
      vertex -0.784837 11.9743 -2
      vertex 0 12 -8
      vertex -0.784837 11.9743 -8
    endloop
  endfacet
  facet normal -0.29023 0.956957 0
    outer loop
      vertex -3.10583 11.5911 -8
      vertex -3.85727 11.3632 -2
      vertex -3.10583 11.5911 -2
    endloop
  endfacet
  facet normal -0.29023 0.956957 0
    outer loop
      vertex -3.85727 11.3632 -2
      vertex -3.10583 11.5911 -8
      vertex -3.85727 11.3632 -8
    endloop
  endfacet
  facet normal -0.471378 0.881931 0
    outer loop
      vertex -5.64704 10.581 -8
      vertex -5.30746 10.7625 -2
      vertex -5.30746 10.7625 -8
    endloop
  endfacet
  facet normal -0.471426 0.881906 3.50322e-06
    outer loop
      vertex -5.30746 10.7625 -2
      vertex -5.64704 10.581 -8
      vertex -6 10.3923 -2
    endloop
  endfacet
  facet normal -0.471472 0.881881 0
    outer loop
      vertex -6 10.3923 -2
      vertex -5.64704 10.581 -8
      vertex -6 10.3923 -8
    endloop
  endfacet
  facet normal -0.527998 0.849245 0
    outer loop
      vertex -6.33986 10.181 -8
      vertex -6 10.3923 -2
      vertex -6 10.3923 -8
    endloop
  endfacet
  facet normal -0.52807 0.849201 5.61477e-06
    outer loop
      vertex -6 10.3923 -2
      vertex -6.33986 10.181 -8
      vertex -6.66684 9.97763 -2
    endloop
  endfacet
  facet normal -0.528144 0.849155 0
    outer loop
      vertex -6.66684 9.97763 -2
      vertex -6.33986 10.181 -8
      vertex -6.66684 9.97763 -8
    endloop
  endfacet
  facet normal -0.683596 0.729861 0
    outer loop
      vertex -7.91215 9.02208 -8
      vertex -8.48528 8.48528 -2
      vertex -7.91215 9.02208 -2
    endloop
  endfacet
  facet normal -0.683596 0.729861 0
    outer loop
      vertex -8.48528 8.48528 -2
      vertex -7.91215 9.02208 -8
      vertex -8.48528 8.48528 -8
    endloop
  endfacet
  facet normal 0.999464 -0.0327325 0
    outer loop
      vertex 12 0 -2
      vertex 11.9869 -0.4 -8
      vertex 12 0 -8
    endloop
  endfacet
  facet normal 0.999464 -0.0327281 -2.8965e-07
    outer loop
      vertex 11.9743 -0.784837 -2
      vertex 11.9869 -0.4 -8
      vertex 12 0 -2
    endloop
  endfacet
  facet normal 0.999464 -0.0327236 0
    outer loop
      vertex 11.9869 -0.4 -8
      vertex 11.9743 -0.784837 -2
      vertex 11.9743 -0.784837 -8
    endloop
  endfacet
  facet normal 0.956957 -0.29023 0
    outer loop
      vertex 11.3632 -3.85727 -2
      vertex 11.5911 -3.10583 -8
      vertex 11.5911 -3.10583 -2
    endloop
  endfacet
  facet normal 0.956957 -0.29023 0
    outer loop
      vertex 11.5911 -3.10583 -8
      vertex 11.3632 -3.85727 -2
      vertex 11.3632 -3.85727 -8
    endloop
  endfacet
  facet normal 0.471426 -0.881906 0
    outer loop
      vertex 5.30746 -10.7625 -8
      vertex 6 -10.3923 -2
      vertex 5.30746 -10.7625 -2
    endloop
  endfacet
  facet normal 0.471426 -0.881906 0
    outer loop
      vertex 6 -10.3923 -2
      vertex 5.30746 -10.7625 -8
      vertex 6 -10.3923 -8
    endloop
  endfacet
  facet normal 0.634393 -0.773011 0
    outer loop
      vertex 7.30514 -9.52024 -8
      vertex 7.91215 -9.02208 -2
      vertex 7.30514 -9.52024 -2
    endloop
  endfacet
  facet normal 0.634393 -0.773011 0
    outer loop
      vertex 7.91215 -9.02208 -2
      vertex 7.30514 -9.52024 -8
      vertex 7.91215 -9.02208 -8
    endloop
  endfacet
  facet normal 0.773011 -0.634393 0
    outer loop
      vertex 9.02208 -7.91215 -2
      vertex 9.52024 -7.30514 -8
      vertex 9.52024 -7.30514 -2
    endloop
  endfacet
  facet normal 0.773011 -0.634393 0
    outer loop
      vertex 9.52024 -7.30514 -8
      vertex 9.02208 -7.91215 -2
      vertex 9.02208 -7.91215 -8
    endloop
  endfacet
  facet normal 0.881906 -0.471426 0
    outer loop
      vertex 10.3923 -6 -2
      vertex 10.7625 -5.30746 -8
      vertex 10.7625 -5.30746 -2
    endloop
  endfacet
  facet normal 0.881906 -0.471426 0
    outer loop
      vertex 10.7625 -5.30746 -8
      vertex 10.3923 -6 -2
      vertex 10.3923 -6 -8
    endloop
  endfacet
  facet normal -0.0327281 -0.999464 0
    outer loop
      vertex -0.784837 -11.9743 -8
      vertex 0 -12 -2
      vertex -0.784837 -11.9743 -2
    endloop
  endfacet
  facet normal -0.0327281 -0.999464 -0
    outer loop
      vertex 0 -12 -2
      vertex -0.784837 -11.9743 -8
      vertex 0 -12 -8
    endloop
  endfacet
  facet normal -0.528144 -0.849155 0
    outer loop
      vertex -6.33986 -10.181 -8
      vertex -6.66684 -9.97763 -2
      vertex -6.66684 -9.97763 -8
    endloop
  endfacet
  facet normal -0.52807 -0.849201 5.61477e-06
    outer loop
      vertex -6.66684 -9.97763 -2
      vertex -6.33986 -10.181 -8
      vertex -6 -10.3923 -2
    endloop
  endfacet
  facet normal -0.527998 -0.849245 -0
    outer loop
      vertex -6 -10.3923 -2
      vertex -6.33986 -10.181 -8
      vertex -6 -10.3923 -8
    endloop
  endfacet
  facet normal -0.683596 -0.729861 0
    outer loop
      vertex -8.48528 -8.48528 -8
      vertex -7.91215 -9.02208 -2
      vertex -8.48528 -8.48528 -2
    endloop
  endfacet
  facet normal -0.683596 -0.729861 -0
    outer loop
      vertex -7.91215 -9.02208 -2
      vertex -8.48528 -8.48528 -8
      vertex -7.91215 -9.02208 -8
    endloop
  endfacet
  facet normal -0.999464 -0.0327281 0
    outer loop
      vertex -11.9743 -0.784837 -8
      vertex -12 0 -2
      vertex -12 0 -8
    endloop
  endfacet
  facet normal -0.999464 -0.0327281 0
    outer loop
      vertex -12 0 -2
      vertex -11.9743 -0.784837 -8
      vertex -11.9743 -0.784837 -2
    endloop
  endfacet
  facet normal 0 0 1
    outer loop
      vertex -6.58986 10.614 -8
      vertex -6.66684 9.97763 -8
      vertex -6.33986 10.181 -8
    endloop
  endfacet
  facet normal -0 0 1
    outer loop
      vertex -6.94463 10.3934 -8
      vertex -6.66684 9.97763 -8
      vertex -6.58986 10.614 -8
    endloop
  endfacet
  facet normal 0 0 1
    outer loop
      vertex -6.94463 10.3934 -8
      vertex -7.30514 9.52024 -8
      vertex -6.66684 9.97763 -8
    endloop
  endfacet
  facet normal -0 0 1
    outer loop
      vertex -7.60952 9.91692 -8
      vertex -7.30514 9.52024 -8
      vertex -6.94463 10.3934 -8
    endloop
  endfacet
  facet normal 0 0 1
    outer loop
      vertex -7.60952 9.91692 -8
      vertex -7.91215 9.02208 -8
      vertex -7.30514 9.52024 -8
    endloop
  endfacet
  facet normal -0 0 1
    outer loop
      vertex -8.24182 9.398 -8
      vertex -7.91215 9.02208 -8
      vertex -7.60952 9.91692 -8
    endloop
  endfacet
  facet normal 0 0 1
    outer loop
      vertex -8.24182 9.398 -8
      vertex -8.48528 8.48528 -8
      vertex -7.91215 9.02208 -8
    endloop
  endfacet
  facet normal -0 0 1
    outer loop
      vertex -8.83883 8.83883 -8
      vertex -8.48528 8.48528 -8
      vertex -8.24182 9.398 -8
    endloop
  endfacet
  facet normal 0 0 1
    outer loop
      vertex -8.83883 8.83883 -8
      vertex -9.02208 7.91215 -8
      vertex -8.48528 8.48528 -8
    endloop
  endfacet
  facet normal -0 0 1
    outer loop
      vertex -9.398 8.24182 -8
      vertex -9.02208 7.91215 -8
      vertex -8.83883 8.83883 -8
    endloop
  endfacet
  facet normal 0 0 1
    outer loop
      vertex -9.398 8.24182 -8
      vertex -9.52024 7.30514 -8
      vertex -9.02208 7.91215 -8
    endloop
  endfacet
  facet normal -0 0 1
    outer loop
      vertex -9.91692 7.60952 -8
      vertex -9.52024 7.30514 -8
      vertex -9.398 8.24182 -8
    endloop
  endfacet
  facet normal 0 0 1
    outer loop
      vertex -9.91692 7.60952 -8
      vertex -9.97763 6.66684 -8
      vertex -9.52024 7.30514 -8
    endloop
  endfacet
  facet normal -0 0 1
    outer loop
      vertex -10.3934 6.94463 -8
      vertex -9.97763 6.66684 -8
      vertex -9.91692 7.60952 -8
    endloop
  endfacet
  facet normal 0 0 1
    outer loop
      vertex -9.97763 6.66684 -8
      vertex -10.3934 6.94463 -8
      vertex -10.3923 6 -8
    endloop
  endfacet
  facet normal -0 0 1
    outer loop
      vertex -10.8253 6.25 -8
      vertex -10.3923 6 -8
      vertex -10.3934 6.94463 -8
    endloop
  endfacet
  facet normal 0 0 1
    outer loop
      vertex -10.3923 6 -8
      vertex -10.8253 6.25 -8
      vertex -10.7625 5.30746 -8
    endloop
  endfacet
  facet normal -0 0 1
    outer loop
      vertex -11.2109 5.52861 -8
      vertex -10.7625 5.30746 -8
      vertex -10.8253 6.25 -8
    endloop
  endfacet
  facet normal 0 0 1
    outer loop
      vertex -10.7625 5.30746 -8
      vertex -11.2109 5.52861 -8
      vertex -11.0866 4.5922 -8
    endloop
  endfacet
  facet normal -0 0 1
    outer loop
      vertex -11.5485 4.78354 -8
      vertex -11.0866 4.5922 -8
      vertex -11.2109 5.52861 -8
    endloop
  endfacet
  facet normal 0 0 1
    outer loop
      vertex -11.0866 4.5922 -8
      vertex -11.5485 4.78354 -8
      vertex -11.3632 3.85727 -8
    endloop
  endfacet
  facet normal -0 0 1
    outer loop
      vertex -11.8366 4.01799 -8
      vertex -11.3632 3.85727 -8
      vertex -11.5485 4.78354 -8
    endloop
  endfacet
  facet normal 0 0 1
    outer loop
      vertex -11.3632 3.85727 -8
      vertex -11.8366 4.01799 -8
      vertex -11.5911 3.10583 -8
    endloop
  endfacet
  facet normal -0 0 1
    outer loop
      vertex -12.0741 3.23524 -8
      vertex -11.5911 3.10583 -8
      vertex -11.8366 4.01799 -8
    endloop
  endfacet
  facet normal 0 0 1
    outer loop
      vertex -11.5911 3.10583 -8
      vertex -12.0741 3.23524 -8
      vertex -11.7694 2.34108 -8
    endloop
  endfacet
  facet normal -0 0 1
    outer loop
      vertex -12.2598 2.43863 -8
      vertex -11.7694 2.34108 -8
      vertex -12.0741 3.23524 -8
    endloop
  endfacet
  facet normal -0 0 1
    outer loop
      vertex -12.3931 1.63158 -8
      vertex -11.8973 1.56631 -8
      vertex -12.2598 2.43863 -8
    endloop
  endfacet
  facet normal 0 0 1
    outer loop
      vertex -11.7694 2.34108 -8
      vertex -12.2598 2.43863 -8
      vertex -11.8973 1.56631 -8
    endloop
  endfacet
  facet normal 0 0 1
    outer loop
      vertex -6.66684 -9.97763 -8
      vertex -6.58986 -10.614 -8
      vertex -6.33986 -10.181 -8
    endloop
  endfacet
  facet normal 0 0 1
    outer loop
      vertex -6.66684 -9.97763 -8
      vertex -6.94463 -10.3934 -8
      vertex -6.58986 -10.614 -8
    endloop
  endfacet
  facet normal 0 0 1
    outer loop
      vertex -7.30514 -9.52024 -8
      vertex -6.94463 -10.3934 -8
      vertex -6.66684 -9.97763 -8
    endloop
  endfacet
  facet normal 0 0 1
    outer loop
      vertex -7.30514 -9.52024 -8
      vertex -7.60952 -9.91692 -8
      vertex -6.94463 -10.3934 -8
    endloop
  endfacet
  facet normal 0 0 1
    outer loop
      vertex -7.91215 -9.02208 -8
      vertex -7.60952 -9.91692 -8
      vertex -7.30514 -9.52024 -8
    endloop
  endfacet
  facet normal 0 0 1
    outer loop
      vertex -7.91215 -9.02208 -8
      vertex -8.24182 -9.398 -8
      vertex -7.60952 -9.91692 -8
    endloop
  endfacet
  facet normal 0 0 1
    outer loop
      vertex -8.48528 -8.48528 -8
      vertex -8.24182 -9.398 -8
      vertex -7.91215 -9.02208 -8
    endloop
  endfacet
  facet normal 0 0 1
    outer loop
      vertex -8.48528 -8.48528 -8
      vertex -8.83883 -8.83883 -8
      vertex -8.24182 -9.398 -8
    endloop
  endfacet
  facet normal 0 0 1
    outer loop
      vertex -9.02208 -7.91215 -8
      vertex -8.83883 -8.83883 -8
      vertex -8.48528 -8.48528 -8
    endloop
  endfacet
  facet normal 0 0 1
    outer loop
      vertex -9.02208 -7.91215 -8
      vertex -9.398 -8.24182 -8
      vertex -8.83883 -8.83883 -8
    endloop
  endfacet
  facet normal 0 0 1
    outer loop
      vertex -9.52024 -7.30514 -8
      vertex -9.398 -8.24182 -8
      vertex -9.02208 -7.91215 -8
    endloop
  endfacet
  facet normal 0 0 1
    outer loop
      vertex -9.52024 -7.30514 -8
      vertex -9.91692 -7.60952 -8
      vertex -9.398 -8.24182 -8
    endloop
  endfacet
  facet normal 0 0 1
    outer loop
      vertex -9.97763 -6.66684 -8
      vertex -9.91692 -7.60952 -8
      vertex -9.52024 -7.30514 -8
    endloop
  endfacet
  facet normal 0 0 1
    outer loop
      vertex -10.3934 -6.94463 -8
      vertex -9.97763 -6.66684 -8
      vertex -10.3923 -6 -8
    endloop
  endfacet
  facet normal 0 0 1
    outer loop
      vertex -9.97763 -6.66684 -8
      vertex -10.3934 -6.94463 -8
      vertex -9.91692 -7.60952 -8
    endloop
  endfacet
  facet normal 0 0 1
    outer loop
      vertex -10.8253 -6.25 -8
      vertex -10.3923 -6 -8
      vertex -10.7625 -5.30746 -8
    endloop
  endfacet
  facet normal 0 0 1
    outer loop
      vertex -10.3923 -6 -8
      vertex -10.8253 -6.25 -8
      vertex -10.3934 -6.94463 -8
    endloop
  endfacet
  facet normal 0 0 1
    outer loop
      vertex -11.2109 -5.52861 -8
      vertex -10.7625 -5.30746 -8
      vertex -11.0866 -4.5922 -8
    endloop
  endfacet
  facet normal 0 0 1
    outer loop
      vertex -10.7625 -5.30746 -8
      vertex -11.2109 -5.52861 -8
      vertex -10.8253 -6.25 -8
    endloop
  endfacet
  facet normal 0 0 1
    outer loop
      vertex -11.5485 -4.78354 -8
      vertex -11.0866 -4.5922 -8
      vertex -11.3632 -3.85727 -8
    endloop
  endfacet
  facet normal 0 0 1
    outer loop
      vertex -11.0866 -4.5922 -8
      vertex -11.5485 -4.78354 -8
      vertex -11.2109 -5.52861 -8
    endloop
  endfacet
  facet normal 0 0 1
    outer loop
      vertex -11.8366 -4.01799 -8
      vertex -11.3632 -3.85727 -8
      vertex -11.5911 -3.10583 -8
    endloop
  endfacet
  facet normal 0 0 1
    outer loop
      vertex -12.0741 -3.23524 -8
      vertex -11.5911 -3.10583 -8
      vertex -11.7694 -2.34108 -8
    endloop
  endfacet
  facet normal 0 0 1
    outer loop
      vertex -11.3632 -3.85727 -8
      vertex -11.8366 -4.01799 -8
      vertex -11.5485 -4.78354 -8
    endloop
  endfacet
  facet normal 0 0 1
    outer loop
      vertex -12.2598 -2.43863 -8
      vertex -11.7694 -2.34108 -8
      vertex -11.8973 -1.56631 -8
    endloop
  endfacet
  facet normal 0 0 1
    outer loop
      vertex -12.3931 -1.63158 -8
      vertex -11.8973 -1.56631 -8
      vertex -11.9743 -0.784837 -8
    endloop
  endfacet
  facet normal 0 0 1
    outer loop
      vertex -11.5911 -3.10583 -8
      vertex -12.0741 -3.23524 -8
      vertex -11.8366 -4.01799 -8
    endloop
  endfacet
  facet normal 0 0 1
    outer loop
      vertex -12.4732 -0.817538 -8
      vertex -11.9743 -0.784837 -8
      vertex -12 0 -8
    endloop
  endfacet
  facet normal 0 0 1
    outer loop
      vertex -11.8973 1.56631 -8
      vertex -12.3931 1.63158 -8
      vertex -11.9743 0.784837 -8
    endloop
  endfacet
  facet normal -0 0 1
    outer loop
      vertex -12.4732 0.817538 -8
      vertex -11.9743 0.784837 -8
      vertex -12.3931 1.63158 -8
    endloop
  endfacet
  facet normal 0 0 1
    outer loop
      vertex -11.7694 -2.34108 -8
      vertex -12.2598 -2.43863 -8
      vertex -12.0741 -3.23524 -8
    endloop
  endfacet
  facet normal 0 0 1
    outer loop
      vertex -11.9743 0.784837 -8
      vertex -12.4732 0.817538 -8
      vertex -12 0 -8
    endloop
  endfacet
  facet normal 0 0 1
    outer loop
      vertex -11.8973 -1.56631 -8
      vertex -12.3931 -1.63158 -8
      vertex -12.2598 -2.43863 -8
    endloop
  endfacet
  facet normal 0 0 1
    outer loop
      vertex -12.5 0 -8
      vertex -12 0 -8
      vertex -12.4732 0.817538 -8
    endloop
  endfacet
  facet normal 0 0 1
    outer loop
      vertex -11.9743 -0.784837 -8
      vertex -12.4732 -0.817538 -8
      vertex -12.3931 -1.63158 -8
    endloop
  endfacet
  facet normal 0 0 1
    outer loop
      vertex -12 0 -8
      vertex -12.5 0 -8
      vertex -12.4732 -0.817538 -8
    endloop
  endfacet
  facet normal -0 0 1
    outer loop
      vertex 11.9743 -0.784837 -8
      vertex 12.4732 -0.817538 -8
      vertex 12.4869 -0.4 -8
    endloop
  endfacet
  facet normal 0 0 1
    outer loop
      vertex 12.4732 -0.817538 -8
      vertex 11.9743 -0.784837 -8
      vertex 12.3931 -1.63158 -8
    endloop
  endfacet
  facet normal 0 0 1
    outer loop
      vertex 12.3931 -1.63158 -8
      vertex 11.8973 -1.56631 -8
      vertex 12.2598 -2.43863 -8
    endloop
  endfacet
  facet normal 0 0 1
    outer loop
      vertex 11.9743 -0.784837 -8
      vertex 12.4869 -0.4 -8
      vertex 11.9869 -0.4 -8
    endloop
  endfacet
  facet normal 0 0 1
    outer loop
      vertex 12.3931 -1.63158 -8
      vertex 11.9743 -0.784837 -8
      vertex 11.8973 -1.56631 -8
    endloop
  endfacet
  facet normal -0 0 1
    outer loop
      vertex 11.7694 -2.34108 -8
      vertex 12.2598 -2.43863 -8
      vertex 11.8973 -1.56631 -8
    endloop
  endfacet
  facet normal 0 0 1
    outer loop
      vertex 12.2598 -2.43863 -8
      vertex 11.7694 -2.34108 -8
      vertex 12.0741 -3.23524 -8
    endloop
  endfacet
  facet normal -0 0 1
    outer loop
      vertex 11.5911 -3.10583 -8
      vertex 12.0741 -3.23524 -8
      vertex 11.7694 -2.34108 -8
    endloop
  endfacet
  facet normal 0 0 1
    outer loop
      vertex 12.0741 -3.23524 -8
      vertex 11.5911 -3.10583 -8
      vertex 11.8366 -4.01799 -8
    endloop
  endfacet
  facet normal -0 0 1
    outer loop
      vertex 11.3632 -3.85727 -8
      vertex 11.8366 -4.01799 -8
      vertex 11.5911 -3.10583 -8
    endloop
  endfacet
  facet normal 0 0 1
    outer loop
      vertex 11.8366 -4.01799 -8
      vertex 11.3632 -3.85727 -8
      vertex 11.5485 -4.78354 -8
    endloop
  endfacet
  facet normal -0 0 1
    outer loop
      vertex 11.0866 -4.5922 -8
      vertex 11.5485 -4.78354 -8
      vertex 11.3632 -3.85727 -8
    endloop
  endfacet
  facet normal 0 0 1
    outer loop
      vertex 11.5485 -4.78354 -8
      vertex 11.0866 -4.5922 -8
      vertex 11.2109 -5.52861 -8
    endloop
  endfacet
  facet normal -0 0 1
    outer loop
      vertex 10.7625 -5.30746 -8
      vertex 11.2109 -5.52861 -8
      vertex 11.0866 -4.5922 -8
    endloop
  endfacet
  facet normal 0 0 1
    outer loop
      vertex 11.2109 -5.52861 -8
      vertex 10.7625 -5.30746 -8
      vertex 10.8253 -6.25 -8
    endloop
  endfacet
  facet normal -0 0 1
    outer loop
      vertex 10.3923 -6 -8
      vertex 10.8253 -6.25 -8
      vertex 10.7625 -5.30746 -8
    endloop
  endfacet
  facet normal 0 0 1
    outer loop
      vertex 10.8253 -6.25 -8
      vertex 10.3923 -6 -8
      vertex 10.3934 -6.94463 -8
    endloop
  endfacet
  facet normal -0 0 1
    outer loop
      vertex 9.97763 -6.66684 -8
      vertex 10.3934 -6.94463 -8
      vertex 10.3923 -6 -8
    endloop
  endfacet
  facet normal 0 0 1
    outer loop
      vertex 9.97763 -6.66684 -8
      vertex 9.91692 -7.60952 -8
      vertex 10.3934 -6.94463 -8
    endloop
  endfacet
  facet normal -0 0 1
    outer loop
      vertex 9.52024 -7.30514 -8
      vertex 9.91692 -7.60952 -8
      vertex 9.97763 -6.66684 -8
    endloop
  endfacet
  facet normal 0 0 1
    outer loop
      vertex 9.52024 -7.30514 -8
      vertex 9.398 -8.24182 -8
      vertex 9.91692 -7.60952 -8
    endloop
  endfacet
  facet normal -0 0 1
    outer loop
      vertex 9.02208 -7.91215 -8
      vertex 9.398 -8.24182 -8
      vertex 9.52024 -7.30514 -8
    endloop
  endfacet
  facet normal 0 0 1
    outer loop
      vertex 9.02208 -7.91215 -8
      vertex 8.83883 -8.83883 -8
      vertex 9.398 -8.24182 -8
    endloop
  endfacet
  facet normal -0 0 1
    outer loop
      vertex 8.48528 -8.48528 -8
      vertex 8.83883 -8.83883 -8
      vertex 9.02208 -7.91215 -8
    endloop
  endfacet
  facet normal 0 0 1
    outer loop
      vertex 8.48528 -8.48528 -8
      vertex 8.24182 -9.398 -8
      vertex 8.83883 -8.83883 -8
    endloop
  endfacet
  facet normal -0 0 1
    outer loop
      vertex 7.91215 -9.02208 -8
      vertex 8.24182 -9.398 -8
      vertex 8.48528 -8.48528 -8
    endloop
  endfacet
  facet normal 0 0 1
    outer loop
      vertex 7.91215 -9.02208 -8
      vertex 7.60952 -9.91692 -8
      vertex 8.24182 -9.398 -8
    endloop
  endfacet
  facet normal -0 0 1
    outer loop
      vertex 7.30514 -9.52024 -8
      vertex 7.60952 -9.91692 -8
      vertex 7.91215 -9.02208 -8
    endloop
  endfacet
  facet normal 0 0 1
    outer loop
      vertex 7.30514 -9.52024 -8
      vertex 6.94463 -10.3934 -8
      vertex 7.60952 -9.91692 -8
    endloop
  endfacet
  facet normal -0 0 1
    outer loop
      vertex 6.66684 -9.97763 -8
      vertex 6.94463 -10.3934 -8
      vertex 7.30514 -9.52024 -8
    endloop
  endfacet
  facet normal 0 0 1
    outer loop
      vertex 6.66684 -9.97763 -8
      vertex 6.25 -10.8253 -8
      vertex 6.94463 -10.3934 -8
    endloop
  endfacet
  facet normal -0 0 1
    outer loop
      vertex 6 -10.3923 -8
      vertex 6.25 -10.8253 -8
      vertex 6.66684 -9.97763 -8
    endloop
  endfacet
  facet normal 0 0 1
    outer loop
      vertex 6 -10.3923 -8
      vertex 5.52861 -11.2109 -8
      vertex 6.25 -10.8253 -8
    endloop
  endfacet
  facet normal -0 0 1
    outer loop
      vertex 5.30746 -10.7625 -8
      vertex 5.52861 -11.2109 -8
      vertex 6 -10.3923 -8
    endloop
  endfacet
  facet normal 0 0 1
    outer loop
      vertex 5.30746 -10.7625 -8
      vertex 4.78354 -11.5485 -8
      vertex 5.52861 -11.2109 -8
    endloop
  endfacet
  facet normal -0 0 1
    outer loop
      vertex 4.5922 -11.0866 -8
      vertex 4.78354 -11.5485 -8
      vertex 5.30746 -10.7625 -8
    endloop
  endfacet
  facet normal 0 0 1
    outer loop
      vertex 4.5922 -11.0866 -8
      vertex 4.01799 -11.8366 -8
      vertex 4.78354 -11.5485 -8
    endloop
  endfacet
  facet normal -0 0 1
    outer loop
      vertex 3.85727 -11.3632 -8
      vertex 4.01799 -11.8366 -8
      vertex 4.5922 -11.0866 -8
    endloop
  endfacet
  facet normal 0 0 1
    outer loop
      vertex 3.85727 -11.3632 -8
      vertex 3.23524 -12.0741 -8
      vertex 4.01799 -11.8366 -8
    endloop
  endfacet
  facet normal -0 0 1
    outer loop
      vertex 3.10583 -11.5911 -8
      vertex 3.23524 -12.0741 -8
      vertex 3.85727 -11.3632 -8
    endloop
  endfacet
  facet normal 0 0 1
    outer loop
      vertex 3.10583 -11.5911 -8
      vertex 2.43863 -12.2598 -8
      vertex 3.23524 -12.0741 -8
    endloop
  endfacet
  facet normal -0 0 1
    outer loop
      vertex 2.34108 -11.7694 -8
      vertex 2.43863 -12.2598 -8
      vertex 3.10583 -11.5911 -8
    endloop
  endfacet
  facet normal 0 0 1
    outer loop
      vertex 2.34108 -11.7694 -8
      vertex 1.63158 -12.3931 -8
      vertex 2.43863 -12.2598 -8
    endloop
  endfacet
  facet normal -0 0 1
    outer loop
      vertex 1.56631 -11.8973 -8
      vertex 1.63158 -12.3931 -8
      vertex 2.34108 -11.7694 -8
    endloop
  endfacet
  facet normal 0 0 1
    outer loop
      vertex 1.56631 -11.8973 -8
      vertex 0.817538 -12.4732 -8
      vertex 1.63158 -12.3931 -8
    endloop
  endfacet
  facet normal -0 0 1
    outer loop
      vertex 0.784837 -11.9743 -8
      vertex 0.817538 -12.4732 -8
      vertex 1.56631 -11.8973 -8
    endloop
  endfacet
  facet normal -0 0 1
    outer loop
      vertex 0 -12 -8
      vertex 0.817538 -12.4732 -8
      vertex 0.784837 -11.9743 -8
    endloop
  endfacet
  facet normal 0 0 1
    outer loop
      vertex 0 -12 -8
      vertex 0 -12.5 -8
      vertex 0.817538 -12.4732 -8
    endloop
  endfacet
  facet normal 0 0 1
    outer loop
      vertex -0.784837 -11.9743 -8
      vertex 0 -12.5 -8
      vertex 0 -12 -8
    endloop
  endfacet
  facet normal 0 0 1
    outer loop
      vertex -0.784837 -11.9743 -8
      vertex -0.817538 -12.4732 -8
      vertex 0 -12.5 -8
    endloop
  endfacet
  facet normal 0 0 1
    outer loop
      vertex -1.56631 -11.8973 -8
      vertex -0.817538 -12.4732 -8
      vertex -0.784837 -11.9743 -8
    endloop
  endfacet
  facet normal 0 0 1
    outer loop
      vertex -1.56631 -11.8973 -8
      vertex -1.63158 -12.3931 -8
      vertex -0.817538 -12.4732 -8
    endloop
  endfacet
  facet normal 0 0 1
    outer loop
      vertex -2.34108 -11.7694 -8
      vertex -1.63158 -12.3931 -8
      vertex -1.56631 -11.8973 -8
    endloop
  endfacet
  facet normal 0 0 1
    outer loop
      vertex -2.34108 -11.7694 -8
      vertex -2.43863 -12.2598 -8
      vertex -1.63158 -12.3931 -8
    endloop
  endfacet
  facet normal 0 0 1
    outer loop
      vertex -3.10583 -11.5911 -8
      vertex -2.43863 -12.2598 -8
      vertex -2.34108 -11.7694 -8
    endloop
  endfacet
  facet normal 0 0 1
    outer loop
      vertex -3.10583 -11.5911 -8
      vertex -3.23524 -12.0741 -8
      vertex -2.43863 -12.2598 -8
    endloop
  endfacet
  facet normal 0 0 1
    outer loop
      vertex -3.85727 -11.3632 -8
      vertex -3.23524 -12.0741 -8
      vertex -3.10583 -11.5911 -8
    endloop
  endfacet
  facet normal 0 0 1
    outer loop
      vertex -3.85727 -11.3632 -8
      vertex -4.01799 -11.8366 -8
      vertex -3.23524 -12.0741 -8
    endloop
  endfacet
  facet normal 0 0 1
    outer loop
      vertex -4.5922 -11.0866 -8
      vertex -4.01799 -11.8366 -8
      vertex -3.85727 -11.3632 -8
    endloop
  endfacet
  facet normal 0 0 1
    outer loop
      vertex -4.5922 -11.0866 -8
      vertex -4.78354 -11.5485 -8
      vertex -4.01799 -11.8366 -8
    endloop
  endfacet
  facet normal 0 0 1
    outer loop
      vertex -5.30746 -10.7625 -8
      vertex -4.78354 -11.5485 -8
      vertex -4.5922 -11.0866 -8
    endloop
  endfacet
  facet normal 0 0 1
    outer loop
      vertex -5.30746 -10.7625 -8
      vertex -5.52861 -11.2109 -8
      vertex -4.78354 -11.5485 -8
    endloop
  endfacet
  facet normal 0 0 1
    outer loop
      vertex -5.64704 -10.581 -8
      vertex -5.52861 -11.2109 -8
      vertex -5.30746 -10.7625 -8
    endloop
  endfacet
  facet normal 0 0 1
    outer loop
      vertex -5.52861 -11.2109 -8
      vertex -5.64704 -10.581 -8
      vertex -5.89704 -11.014 -8
    endloop
  endfacet
  facet normal 0 0 1
    outer loop
      vertex 11.9743 0.784837 -8
      vertex 12.4732 0.817538 -8
      vertex 12.3931 1.63158 -8
    endloop
  endfacet
  facet normal 0 0 1
    outer loop
      vertex 11.8973 1.56631 -8
      vertex 12.3931 1.63158 -8
      vertex 12.2598 2.43863 -8
    endloop
  endfacet
  facet normal 0 0 1
    outer loop
      vertex 11.7694 2.34108 -8
      vertex 12.2598 2.43863 -8
      vertex 12.0741 3.23524 -8
    endloop
  endfacet
  facet normal 0 -0 1
    outer loop
      vertex 11.9743 0.784837 -8
      vertex 12.3931 1.63158 -8
      vertex 11.8973 1.56631 -8
    endloop
  endfacet
  facet normal 0 0 1
    outer loop
      vertex 12.4869 0.4 -8
      vertex 11.9743 0.784837 -8
      vertex 11.9869 0.4 -8
    endloop
  endfacet
  facet normal 0 0 1
    outer loop
      vertex 12.4732 0.817538 -8
      vertex 11.9743 0.784837 -8
      vertex 12.4869 0.4 -8
    endloop
  endfacet
  facet normal 0 0 1
    outer loop
      vertex 11.5911 3.10583 -8
      vertex 12.0741 3.23524 -8
      vertex 11.8366 4.01799 -8
    endloop
  endfacet
  facet normal 0 0 1
    outer loop
      vertex 12.2598 2.43863 -8
      vertex 11.7694 2.34108 -8
      vertex 11.8973 1.56631 -8
    endloop
  endfacet
  facet normal 0 0 1
    outer loop
      vertex 12.0741 3.23524 -8
      vertex 11.5911 3.10583 -8
      vertex 11.7694 2.34108 -8
    endloop
  endfacet
  facet normal 0 0 1
    outer loop
      vertex 11.3632 3.85727 -8
      vertex 11.8366 4.01799 -8
      vertex 11.5485 4.78354 -8
    endloop
  endfacet
  facet normal 0 0 1
    outer loop
      vertex 11.8366 4.01799 -8
      vertex 11.3632 3.85727 -8
      vertex 11.5911 3.10583 -8
    endloop
  endfacet
  facet normal 0 0 1
    outer loop
      vertex 11.0866 4.5922 -8
      vertex 11.5485 4.78354 -8
      vertex 11.2109 5.52861 -8
    endloop
  endfacet
  facet normal 0 0 1
    outer loop
      vertex 11.5485 4.78354 -8
      vertex 11.0866 4.5922 -8
      vertex 11.3632 3.85727 -8
    endloop
  endfacet
  facet normal 0 0 1
    outer loop
      vertex 10.7625 5.30746 -8
      vertex 11.2109 5.52861 -8
      vertex 10.8253 6.25 -8
    endloop
  endfacet
  facet normal 0 0 1
    outer loop
      vertex 11.2109 5.52861 -8
      vertex 10.7625 5.30746 -8
      vertex 11.0866 4.5922 -8
    endloop
  endfacet
  facet normal 0 0 1
    outer loop
      vertex 10.3923 6 -8
      vertex 10.8253 6.25 -8
      vertex 10.3934 6.94463 -8
    endloop
  endfacet
  facet normal 0 0 1
    outer loop
      vertex 10.8253 6.25 -8
      vertex 10.3923 6 -8
      vertex 10.7625 5.30746 -8
    endloop
  endfacet
  facet normal 0 0 1
    outer loop
      vertex 10.3934 6.94463 -8
      vertex 9.97763 6.66684 -8
      vertex 10.3923 6 -8
    endloop
  endfacet
  facet normal 0 0 1
    outer loop
      vertex 9.91692 7.60952 -8
      vertex 9.97763 6.66684 -8
      vertex 10.3934 6.94463 -8
    endloop
  endfacet
  facet normal 0 0 1
    outer loop
      vertex 9.91692 7.60952 -8
      vertex 9.52024 7.30514 -8
      vertex 9.97763 6.66684 -8
    endloop
  endfacet
  facet normal 0 0 1
    outer loop
      vertex 9.398 8.24182 -8
      vertex 9.52024 7.30514 -8
      vertex 9.91692 7.60952 -8
    endloop
  endfacet
  facet normal 0 0 1
    outer loop
      vertex 9.398 8.24182 -8
      vertex 9.02208 7.91215 -8
      vertex 9.52024 7.30514 -8
    endloop
  endfacet
  facet normal 0 0 1
    outer loop
      vertex 8.83883 8.83883 -8
      vertex 9.02208 7.91215 -8
      vertex 9.398 8.24182 -8
    endloop
  endfacet
  facet normal 0 0 1
    outer loop
      vertex 8.83883 8.83883 -8
      vertex 8.48528 8.48528 -8
      vertex 9.02208 7.91215 -8
    endloop
  endfacet
  facet normal 0 0 1
    outer loop
      vertex 8.24182 9.398 -8
      vertex 8.48528 8.48528 -8
      vertex 8.83883 8.83883 -8
    endloop
  endfacet
  facet normal 0 0 1
    outer loop
      vertex 8.24182 9.398 -8
      vertex 7.91215 9.02208 -8
      vertex 8.48528 8.48528 -8
    endloop
  endfacet
  facet normal 0 0 1
    outer loop
      vertex 7.60952 9.91692 -8
      vertex 7.91215 9.02208 -8
      vertex 8.24182 9.398 -8
    endloop
  endfacet
  facet normal 0 0 1
    outer loop
      vertex 7.60952 9.91692 -8
      vertex 7.30514 9.52024 -8
      vertex 7.91215 9.02208 -8
    endloop
  endfacet
  facet normal 0 0 1
    outer loop
      vertex 6.94463 10.3934 -8
      vertex 7.30514 9.52024 -8
      vertex 7.60952 9.91692 -8
    endloop
  endfacet
  facet normal 0 0 1
    outer loop
      vertex 6.94463 10.3934 -8
      vertex 6.66684 9.97763 -8
      vertex 7.30514 9.52024 -8
    endloop
  endfacet
  facet normal 0 0 1
    outer loop
      vertex 6.25 10.8253 -8
      vertex 6.66684 9.97763 -8
      vertex 6.94463 10.3934 -8
    endloop
  endfacet
  facet normal 0 0 1
    outer loop
      vertex 6.25 10.8253 -8
      vertex 6 10.3923 -8
      vertex 6.66684 9.97763 -8
    endloop
  endfacet
  facet normal 0 0 1
    outer loop
      vertex 5.52861 11.2109 -8
      vertex 6 10.3923 -8
      vertex 6.25 10.8253 -8
    endloop
  endfacet
  facet normal 0 0 1
    outer loop
      vertex 5.52861 11.2109 -8
      vertex 5.30746 10.7625 -8
      vertex 6 10.3923 -8
    endloop
  endfacet
  facet normal 0 0 1
    outer loop
      vertex 4.78354 11.5485 -8
      vertex 5.30746 10.7625 -8
      vertex 5.52861 11.2109 -8
    endloop
  endfacet
  facet normal 0 0 1
    outer loop
      vertex 4.78354 11.5485 -8
      vertex 4.5922 11.0866 -8
      vertex 5.30746 10.7625 -8
    endloop
  endfacet
  facet normal 0 0 1
    outer loop
      vertex 4.01799 11.8366 -8
      vertex 4.5922 11.0866 -8
      vertex 4.78354 11.5485 -8
    endloop
  endfacet
  facet normal 0 0 1
    outer loop
      vertex 4.01799 11.8366 -8
      vertex 3.85727 11.3632 -8
      vertex 4.5922 11.0866 -8
    endloop
  endfacet
  facet normal 0 0 1
    outer loop
      vertex 3.23524 12.0741 -8
      vertex 3.85727 11.3632 -8
      vertex 4.01799 11.8366 -8
    endloop
  endfacet
  facet normal 0 0 1
    outer loop
      vertex 3.23524 12.0741 -8
      vertex 3.10583 11.5911 -8
      vertex 3.85727 11.3632 -8
    endloop
  endfacet
  facet normal 0 0 1
    outer loop
      vertex 2.43863 12.2598 -8
      vertex 3.10583 11.5911 -8
      vertex 3.23524 12.0741 -8
    endloop
  endfacet
  facet normal 0 0 1
    outer loop
      vertex 2.43863 12.2598 -8
      vertex 2.34108 11.7694 -8
      vertex 3.10583 11.5911 -8
    endloop
  endfacet
  facet normal 0 0 1
    outer loop
      vertex 1.63158 12.3931 -8
      vertex 2.34108 11.7694 -8
      vertex 2.43863 12.2598 -8
    endloop
  endfacet
  facet normal 0 0 1
    outer loop
      vertex 1.63158 12.3931 -8
      vertex 1.56631 11.8973 -8
      vertex 2.34108 11.7694 -8
    endloop
  endfacet
  facet normal 0 0 1
    outer loop
      vertex 0.817538 12.4732 -8
      vertex 1.56631 11.8973 -8
      vertex 1.63158 12.3931 -8
    endloop
  endfacet
  facet normal 0 0 1
    outer loop
      vertex 0.817538 12.4732 -8
      vertex 0.784837 11.9743 -8
      vertex 1.56631 11.8973 -8
    endloop
  endfacet
  facet normal 0 0 1
    outer loop
      vertex 0 12.5 -8
      vertex 0.784837 11.9743 -8
      vertex 0.817538 12.4732 -8
    endloop
  endfacet
  facet normal 0 0 1
    outer loop
      vertex 0 12.5 -8
      vertex 0 12 -8
      vertex 0.784837 11.9743 -8
    endloop
  endfacet
  facet normal 0 0 1
    outer loop
      vertex 0 12.5 -8
      vertex -0.784837 11.9743 -8
      vertex 0 12 -8
    endloop
  endfacet
  facet normal -0 0 1
    outer loop
      vertex -0.817538 12.4732 -8
      vertex -0.784837 11.9743 -8
      vertex 0 12.5 -8
    endloop
  endfacet
  facet normal 0 0 1
    outer loop
      vertex -0.817538 12.4732 -8
      vertex -1.56631 11.8973 -8
      vertex -0.784837 11.9743 -8
    endloop
  endfacet
  facet normal -0 0 1
    outer loop
      vertex -1.63158 12.3931 -8
      vertex -1.56631 11.8973 -8
      vertex -0.817538 12.4732 -8
    endloop
  endfacet
  facet normal 0 0 1
    outer loop
      vertex -1.63158 12.3931 -8
      vertex -2.34108 11.7694 -8
      vertex -1.56631 11.8973 -8
    endloop
  endfacet
  facet normal -0 0 1
    outer loop
      vertex -2.43863 12.2598 -8
      vertex -2.34108 11.7694 -8
      vertex -1.63158 12.3931 -8
    endloop
  endfacet
  facet normal 0 0 1
    outer loop
      vertex -2.43863 12.2598 -8
      vertex -3.10583 11.5911 -8
      vertex -2.34108 11.7694 -8
    endloop
  endfacet
  facet normal -0 0 1
    outer loop
      vertex -3.23524 12.0741 -8
      vertex -3.10583 11.5911 -8
      vertex -2.43863 12.2598 -8
    endloop
  endfacet
  facet normal 0 0 1
    outer loop
      vertex -3.23524 12.0741 -8
      vertex -3.85727 11.3632 -8
      vertex -3.10583 11.5911 -8
    endloop
  endfacet
  facet normal -0 0 1
    outer loop
      vertex -4.01799 11.8366 -8
      vertex -3.85727 11.3632 -8
      vertex -3.23524 12.0741 -8
    endloop
  endfacet
  facet normal 0 0 1
    outer loop
      vertex -4.01799 11.8366 -8
      vertex -4.5922 11.0866 -8
      vertex -3.85727 11.3632 -8
    endloop
  endfacet
  facet normal -0 0 1
    outer loop
      vertex -4.78354 11.5485 -8
      vertex -4.5922 11.0866 -8
      vertex -4.01799 11.8366 -8
    endloop
  endfacet
  facet normal 0 0 1
    outer loop
      vertex -4.78354 11.5485 -8
      vertex -5.30746 10.7625 -8
      vertex -4.5922 11.0866 -8
    endloop
  endfacet
  facet normal -0 0 1
    outer loop
      vertex -5.52861 11.2109 -8
      vertex -5.30746 10.7625 -8
      vertex -4.78354 11.5485 -8
    endloop
  endfacet
  facet normal 0 0 1
    outer loop
      vertex -5.52861 11.2109 -8
      vertex -5.64704 10.581 -8
      vertex -5.30746 10.7625 -8
    endloop
  endfacet
  facet normal 0 -0 1
    outer loop
      vertex -5.64704 10.581 -8
      vertex -5.52861 11.2109 -8
      vertex -5.89704 11.014 -8
    endloop
  endfacet
  facet normal 0 0 -1
    outer loop
      vertex -1.76915 3.58749 -8
      vertex -5.64704 10.581 -8
      vertex -1.64249 3.64488 -8
    endloop
  endfacet
  facet normal 0 0 -1
    outer loop
      vertex -2 3.4641 -8
      vertex -5.64704 10.581 -8
      vertex -1.76915 3.58749 -8
    endloop
  endfacet
  facet normal 0 0 -1
    outer loop
      vertex -6.33986 10.181 -8
      vertex -2 3.4641 -8
      vertex -2.22228 3.32588 -8
    endloop
  endfacet
  facet normal 0 0 -1
    outer loop
      vertex -6.33986 10.181 -8
      vertex -2.22228 3.32588 -8
      vertex -2.33531 3.24488 -8
    endloop
  endfacet
  facet normal 0 0 -1
    outer loop
      vertex -2 3.4641 -8
      vertex -6 10.3923 -8
      vertex -5.64704 10.581 -8
    endloop
  endfacet
  facet normal 0 0 -1
    outer loop
      vertex -2 3.4641 -8
      vertex -6.33986 10.181 -8
      vertex -6 10.3923 -8
    endloop
  endfacet
  facet normal 0 0 -1
    outer loop
      vertex 4 0 -8
      vertex 12 0 -8
      vertex 11.9869 -0.4 -8
    endloop
  endfacet
  facet normal 0 0 -1
    outer loop
      vertex 12 0 -8
      vertex 4 0 -8
      vertex 11.9869 0.4 -8
    endloop
  endfacet
  facet normal 0 0 -1
    outer loop
      vertex 11.9869 -0.4 -8
      vertex 3.99144 -0.261612 -8
      vertex 4 0 -8
    endloop
  endfacet
  facet normal 0 -0 -1
    outer loop
      vertex 3.99144 -0.261612 -8
      vertex 11.9869 -0.4 -8
      vertex 3.97781 -0.4 -8
    endloop
  endfacet
  facet normal 0 0 -1
    outer loop
      vertex 3.99144 0.261612 -8
      vertex 11.9869 0.4 -8
      vertex 4 0 -8
    endloop
  endfacet
  facet normal -0 0 -1
    outer loop
      vertex 11.9869 0.4 -8
      vertex 3.99144 0.261612 -8
      vertex 3.97781 0.4 -8
    endloop
  endfacet
  facet normal 0 0 -1
    outer loop
      vertex -5.64704 -10.581 -8
      vertex -1.76915 -3.58749 -8
      vertex -1.64249 -3.64488 -8
    endloop
  endfacet
  facet normal 0 0 -1
    outer loop
      vertex -5.64704 -10.581 -8
      vertex -2 -3.4641 -8
      vertex -1.76915 -3.58749 -8
    endloop
  endfacet
  facet normal 0 0 -1
    outer loop
      vertex -6 -10.3923 -8
      vertex -2 -3.4641 -8
      vertex -5.64704 -10.581 -8
    endloop
  endfacet
  facet normal 0 0 -1
    outer loop
      vertex -6.33986 -10.181 -8
      vertex -2 -3.4641 -8
      vertex -6 -10.3923 -8
    endloop
  endfacet
  facet normal -0 0 -1
    outer loop
      vertex -2 -3.4641 -8
      vertex -6.33986 -10.181 -8
      vertex -2.22228 -3.32588 -8
    endloop
  endfacet
  facet normal -0 0 -1
    outer loop
      vertex -2.22228 -3.32588 -8
      vertex -6.33986 -10.181 -8
      vertex -2.33531 -3.24488 -8
    endloop
  endfacet
  facet normal 0.910854 0.412728 0
    outer loop
      vertex 11.0866 4.5922 -2
      vertex 10.7625 5.30746 -8
      vertex 10.7625 5.30746 -2
    endloop
  endfacet
  facet normal 0.910854 0.412728 0
    outer loop
      vertex 10.7625 5.30746 -8
      vertex 11.0866 4.5922 -2
      vertex 11.0866 4.5922 -8
    endloop
  endfacet
  facet normal 0.935909 0.352241 0
    outer loop
      vertex 11.3632 3.85727 -2
      vertex 11.0866 4.5922 -8
      vertex 11.0866 4.5922 -2
    endloop
  endfacet
  facet normal 0.935909 0.352241 0
    outer loop
      vertex 11.0866 4.5922 -8
      vertex 11.3632 3.85727 -2
      vertex 11.3632 3.85727 -8
    endloop
  endfacet
  facet normal 0.849201 0.52807 0
    outer loop
      vertex 10.3923 6 -2
      vertex 9.97763 6.66684 -8
      vertex 9.97763 6.66684 -2
    endloop
  endfacet
  facet normal 0.849201 0.52807 0
    outer loop
      vertex 9.97763 6.66684 -8
      vertex 10.3923 6 -2
      vertex 10.3923 6 -8
    endloop
  endfacet
  facet normal 0.812852 0.58247 0
    outer loop
      vertex 9.97763 6.66684 -2
      vertex 9.52024 7.30514 -8
      vertex 9.52024 7.30514 -2
    endloop
  endfacet
  facet normal 0.812852 0.58247 0
    outer loop
      vertex 9.52024 7.30514 -8
      vertex 9.97763 6.66684 -2
      vertex 9.97763 6.66684 -8
    endloop
  endfacet
  facet normal 0.683596 0.729861 -0
    outer loop
      vertex 8.48528 8.48528 -8
      vertex 7.91215 9.02208 -2
      vertex 8.48528 8.48528 -2
    endloop
  endfacet
  facet normal 0.683596 0.729861 0
    outer loop
      vertex 7.91215 9.02208 -2
      vertex 8.48528 8.48528 -8
      vertex 7.91215 9.02208 -8
    endloop
  endfacet
  facet normal 0.729861 0.683596 0
    outer loop
      vertex 9.02208 7.91215 -2
      vertex 8.48528 8.48528 -8
      vertex 8.48528 8.48528 -2
    endloop
  endfacet
  facet normal 0.729861 0.683596 0
    outer loop
      vertex 8.48528 8.48528 -8
      vertex 9.02208 7.91215 -2
      vertex 9.02208 7.91215 -8
    endloop
  endfacet
  facet normal 0.52807 0.849201 -0
    outer loop
      vertex 6.66684 9.97763 -8
      vertex 6 10.3923 -2
      vertex 6.66684 9.97763 -2
    endloop
  endfacet
  facet normal 0.52807 0.849201 0
    outer loop
      vertex 6 10.3923 -2
      vertex 6.66684 9.97763 -8
      vertex 6 10.3923 -8
    endloop
  endfacet
  facet normal 0.634393 0.773011 -0
    outer loop
      vertex 7.91215 9.02208 -8
      vertex 7.30514 9.52024 -2
      vertex 7.91215 9.02208 -2
    endloop
  endfacet
  facet normal 0.634393 0.773011 0
    outer loop
      vertex 7.30514 9.52024 -2
      vertex 7.91215 9.02208 -8
      vertex 7.30514 9.52024 -8
    endloop
  endfacet
  facet normal 0.352241 0.935909 -0
    outer loop
      vertex 4.5922 11.0866 -8
      vertex 3.85727 11.3632 -2
      vertex 4.5922 11.0866 -2
    endloop
  endfacet
  facet normal 0.352241 0.935909 0
    outer loop
      vertex 3.85727 11.3632 -2
      vertex 4.5922 11.0866 -8
      vertex 3.85727 11.3632 -8
    endloop
  endfacet
  facet normal 0.412728 0.910854 -0
    outer loop
      vertex 5.30746 10.7625 -8
      vertex 4.5922 11.0866 -2
      vertex 5.30746 10.7625 -2
    endloop
  endfacet
  facet normal 0.412728 0.910854 0
    outer loop
      vertex 4.5922 11.0866 -2
      vertex 5.30746 10.7625 -8
      vertex 4.5922 11.0866 -8
    endloop
  endfacet
  facet normal 0.098057 0.995181 -0
    outer loop
      vertex 1.56631 11.8973 -8
      vertex 0.784837 11.9743 -2
      vertex 1.56631 11.8973 -2
    endloop
  endfacet
  facet normal 0.098057 0.995181 0
    outer loop
      vertex 0.784837 11.9743 -2
      vertex 1.56631 11.8973 -8
      vertex 0.784837 11.9743 -8
    endloop
  endfacet
  facet normal 0.227059 0.973881 -0
    outer loop
      vertex 3.10583 11.5911 -8
      vertex 2.34108 11.7694 -2
      vertex 3.10583 11.5911 -2
    endloop
  endfacet
  facet normal 0.227059 0.973881 0
    outer loop
      vertex 2.34108 11.7694 -2
      vertex 3.10583 11.5911 -8
      vertex 2.34108 11.7694 -8
    endloop
  endfacet
  facet normal 0 0 1
    outer loop
      vertex 4 0 0
      vertex 14 0 0
      vertex 13.97 0.915644 0
    endloop
  endfacet
  facet normal 0 0 1
    outer loop
      vertex 3.99144 0.261612 0
      vertex 13.97 0.915644 0
      vertex 13.8802 1.82737 0
    endloop
  endfacet
  facet normal 0 0 1
    outer loop
      vertex 14 0 0
      vertex 4 0 0
      vertex 13.97 -0.915644 0
    endloop
  endfacet
  facet normal 0 0 1
    outer loop
      vertex 3.96578 0.522104 0
      vertex 13.8802 1.82737 0
      vertex 13.731 2.73126 0
    endloop
  endfacet
  facet normal -0 0 1
    outer loop
      vertex 3.99144 -0.261612 0
      vertex 13.97 -0.915644 0
      vertex 4 0 0
    endloop
  endfacet
  facet normal 0 0 1
    outer loop
      vertex 3.92314 0.780361 0
      vertex 13.731 2.73126 0
      vertex 13.523 3.62347 0
    endloop
  endfacet
  facet normal 0 0 1
    outer loop
      vertex 13.97 -0.915644 0
      vertex 3.99144 -0.261612 0
      vertex 13.8802 -1.82737 0
    endloop
  endfacet
  facet normal 0 0 1
    outer loop
      vertex 3.8637 1.03528 0
      vertex 13.523 3.62347 0
      vertex 13.257 4.50015 0
    endloop
  endfacet
  facet normal -0 0 1
    outer loop
      vertex 3.96578 -0.522104 0
      vertex 13.8802 -1.82737 0
      vertex 3.99144 -0.261612 0
    endloop
  endfacet
  facet normal 0 0 1
    outer loop
      vertex 3.78772 1.28576 0
      vertex 13.257 4.50015 0
      vertex 12.9343 5.35757 0
    endloop
  endfacet
  facet normal 0 0 1
    outer loop
      vertex 13.8802 -1.82737 0
      vertex 3.96578 -0.522104 0
      vertex 13.731 -2.73126 0
    endloop
  endfacet
  facet normal 0 0 1
    outer loop
      vertex 3.69552 1.53073 0
      vertex 12.9343 5.35757 0
      vertex 12.5562 6.19204 0
    endloop
  endfacet
  facet normal -0 0 1
    outer loop
      vertex 3.92314 -0.780361 0
      vertex 13.731 -2.73126 0
      vertex 3.96578 -0.522104 0
    endloop
  endfacet
  facet normal 0 0 1
    outer loop
      vertex 3.58749 1.76915 0
      vertex 12.5562 6.19204 0
      vertex 12.1244 7 0
    endloop
  endfacet
  facet normal 0 0 1
    outer loop
      vertex 13.731 -2.73126 0
      vertex 3.92314 -0.780361 0
      vertex 13.523 -3.62347 0
    endloop
  endfacet
  facet normal 0 0 1
    outer loop
      vertex 3.4641 2 0
      vertex 12.1244 7 0
      vertex 11.6406 7.77798 0
    endloop
  endfacet
  facet normal -0 0 1
    outer loop
      vertex 3.8637 -1.03528 0
      vertex 13.523 -3.62347 0
      vertex 3.92314 -0.780361 0
    endloop
  endfacet
  facet normal 0 0 1
    outer loop
      vertex 3.32588 2.22228 0
      vertex 11.6406 7.77798 0
      vertex 11.1069 8.52266 0
    endloop
  endfacet
  facet normal 0 0 1
    outer loop
      vertex 13.523 -3.62347 0
      vertex 3.8637 -1.03528 0
      vertex 13.257 -4.50015 0
    endloop
  endfacet
  facet normal 0 0 1
    outer loop
      vertex 3.17341 2.43505 0
      vertex 11.1069 8.52266 0
      vertex 10.5258 9.23084 0
    endloop
  endfacet
  facet normal -0 0 1
    outer loop
      vertex 3.78772 -1.28576 0
      vertex 13.257 -4.50015 0
      vertex 3.8637 -1.03528 0
    endloop
  endfacet
  facet normal 0 0 1
    outer loop
      vertex 3.00736 2.63738 0
      vertex 10.5258 9.23084 0
      vertex 9.89949 9.89949 0
    endloop
  endfacet
  facet normal 0 0 1
    outer loop
      vertex 13.257 -4.50015 0
      vertex 3.78772 -1.28576 0
      vertex 12.9343 -5.35757 0
    endloop
  endfacet
  facet normal 0 0 1
    outer loop
      vertex 2.82843 2.82843 0
      vertex 9.89949 9.89949 0
      vertex 9.23084 10.5258 0
    endloop
  endfacet
  facet normal -0 0 1
    outer loop
      vertex 3.69552 -1.53073 0
      vertex 12.9343 -5.35757 0
      vertex 3.78772 -1.28576 0
    endloop
  endfacet
  facet normal 0 0 1
    outer loop
      vertex 2.63738 3.00736 0
      vertex 9.23084 10.5258 0
      vertex 8.52266 11.1069 0
    endloop
  endfacet
  facet normal 0 0 1
    outer loop
      vertex 12.9343 -5.35757 0
      vertex 3.69552 -1.53073 0
      vertex 12.5562 -6.19204 0
    endloop
  endfacet
  facet normal 0 0 1
    outer loop
      vertex 2.43505 3.17341 0
      vertex 8.52266 11.1069 0
      vertex 7.77798 11.6406 0
    endloop
  endfacet
  facet normal -0 0 1
    outer loop
      vertex 3.58749 -1.76915 0
      vertex 12.5562 -6.19204 0
      vertex 3.69552 -1.53073 0
    endloop
  endfacet
  facet normal 0 0 1
    outer loop
      vertex 2.22228 3.32588 0
      vertex 7.77798 11.6406 0
      vertex 7 12.1244 0
    endloop
  endfacet
  facet normal 0 0 1
    outer loop
      vertex 12.5562 -6.19204 0
      vertex 3.58749 -1.76915 0
      vertex 12.1244 -7 0
    endloop
  endfacet
  facet normal 0 0 1
    outer loop
      vertex 2 3.4641 0
      vertex 7 12.1244 0
      vertex 6.19204 12.5562 0
    endloop
  endfacet
  facet normal -0 0 1
    outer loop
      vertex 3.4641 -2 0
      vertex 12.1244 -7 0
      vertex 3.58749 -1.76915 0
    endloop
  endfacet
  facet normal 0 0 1
    outer loop
      vertex 1.76915 3.58749 0
      vertex 6.19204 12.5562 0
      vertex 5.35757 12.9343 0
    endloop
  endfacet
  facet normal 0 0 1
    outer loop
      vertex 12.1244 -7 0
      vertex 3.4641 -2 0
      vertex 11.6406 -7.77798 0
    endloop
  endfacet
  facet normal 0 0 1
    outer loop
      vertex 1.53073 3.69552 0
      vertex 5.35757 12.9343 0
      vertex 4.50015 13.257 0
    endloop
  endfacet
  facet normal -0 0 1
    outer loop
      vertex 3.32588 -2.22228 0
      vertex 11.6406 -7.77798 0
      vertex 3.4641 -2 0
    endloop
  endfacet
  facet normal 0 0 1
    outer loop
      vertex 11.6406 -7.77798 0
      vertex 3.32588 -2.22228 0
      vertex 11.1069 -8.52266 0
    endloop
  endfacet
  facet normal 0 0 1
    outer loop
      vertex 13.97 0.915644 0
      vertex 3.99144 0.261612 0
      vertex 4 0 0
    endloop
  endfacet
  facet normal 0 0 1
    outer loop
      vertex 13.8802 1.82737 0
      vertex 3.96578 0.522104 0
      vertex 3.99144 0.261612 0
    endloop
  endfacet
  facet normal 0 0 1
    outer loop
      vertex 13.731 2.73126 0
      vertex 3.92314 0.780361 0
      vertex 3.96578 0.522104 0
    endloop
  endfacet
  facet normal 0 0 1
    outer loop
      vertex 13.523 3.62347 0
      vertex 3.8637 1.03528 0
      vertex 3.92314 0.780361 0
    endloop
  endfacet
  facet normal 0 0 1
    outer loop
      vertex 13.257 4.50015 0
      vertex 3.78772 1.28576 0
      vertex 3.8637 1.03528 0
    endloop
  endfacet
  facet normal 0 0 1
    outer loop
      vertex 12.9343 5.35757 0
      vertex 3.69552 1.53073 0
      vertex 3.78772 1.28576 0
    endloop
  endfacet
  facet normal 0 0 1
    outer loop
      vertex 1.28576 3.78772 0
      vertex 4.50015 13.257 0
      vertex 3.62347 13.523 0
    endloop
  endfacet
  facet normal 0 0 1
    outer loop
      vertex 12.5562 6.19204 0
      vertex 3.58749 1.76915 0
      vertex 3.69552 1.53073 0
    endloop
  endfacet
  facet normal 0 0 1
    outer loop
      vertex 12.1244 7 0
      vertex 3.4641 2 0
      vertex 3.58749 1.76915 0
    endloop
  endfacet
  facet normal 0 0 1
    outer loop
      vertex 11.6406 7.77798 0
      vertex 3.32588 2.22228 0
      vertex 3.4641 2 0
    endloop
  endfacet
  facet normal 0 0 1
    outer loop
      vertex 11.1069 8.52266 0
      vertex 3.17341 2.43505 0
      vertex 3.32588 2.22228 0
    endloop
  endfacet
  facet normal 0 0 1
    outer loop
      vertex 10.5258 9.23084 0
      vertex 3.00736 2.63738 0
      vertex 3.17341 2.43505 0
    endloop
  endfacet
  facet normal 0 0 1
    outer loop
      vertex 9.89949 9.89949 0
      vertex 2.82843 2.82843 0
      vertex 3.00736 2.63738 0
    endloop
  endfacet
  facet normal 0 0 1
    outer loop
      vertex 1.03528 3.8637 0
      vertex 3.62347 13.523 0
      vertex 2.73126 13.731 0
    endloop
  endfacet
  facet normal 0 0 1
    outer loop
      vertex 9.23084 10.5258 0
      vertex 2.63738 3.00736 0
      vertex 2.82843 2.82843 0
    endloop
  endfacet
  facet normal 0 0 1
    outer loop
      vertex 8.52266 11.1069 0
      vertex 2.43505 3.17341 0
      vertex 2.63738 3.00736 0
    endloop
  endfacet
  facet normal 0 0 1
    outer loop
      vertex 7.77798 11.6406 0
      vertex 2.22228 3.32588 0
      vertex 2.43505 3.17341 0
    endloop
  endfacet
  facet normal 0 0 1
    outer loop
      vertex 7 12.1244 0
      vertex 2 3.4641 0
      vertex 2.22228 3.32588 0
    endloop
  endfacet
  facet normal 0 0 1
    outer loop
      vertex 0.780361 3.92314 0
      vertex 2.73126 13.731 0
      vertex 1.82737 13.8802 0
    endloop
  endfacet
  facet normal 0 0 1
    outer loop
      vertex 6.19204 12.5562 0
      vertex 1.76915 3.58749 0
      vertex 2 3.4641 0
    endloop
  endfacet
  facet normal 0 0 1
    outer loop
      vertex 5.35757 12.9343 0
      vertex 1.53073 3.69552 0
      vertex 1.76915 3.58749 0
    endloop
  endfacet
  facet normal 0 0 1
    outer loop
      vertex 4.50015 13.257 0
      vertex 1.28576 3.78772 0
      vertex 1.53073 3.69552 0
    endloop
  endfacet
  facet normal 0 0 1
    outer loop
      vertex 3.62347 13.523 0
      vertex 1.03528 3.8637 0
      vertex 1.28576 3.78772 0
    endloop
  endfacet
  facet normal 0 0 1
    outer loop
      vertex 0.522104 3.96578 0
      vertex 1.82737 13.8802 0
      vertex 0.915644 13.97 0
    endloop
  endfacet
  facet normal 0 0 1
    outer loop
      vertex 2.73126 13.731 0
      vertex 0.780361 3.92314 0
      vertex 1.03528 3.8637 0
    endloop
  endfacet
  facet normal 0 0 1
    outer loop
      vertex 1.82737 13.8802 0
      vertex 0.522104 3.96578 0
      vertex 0.780361 3.92314 0
    endloop
  endfacet
  facet normal 0 0 1
    outer loop
      vertex 0.915644 13.97 0
      vertex 0.261612 3.99144 0
      vertex 0.522104 3.96578 0
    endloop
  endfacet
  facet normal 0 0 1
    outer loop
      vertex 0 14 0
      vertex 0.261612 3.99144 0
      vertex 0.915644 13.97 0
    endloop
  endfacet
  facet normal 0 0 1
    outer loop
      vertex 0 14 0
      vertex 0 4 0
      vertex 0.261612 3.99144 0
    endloop
  endfacet
  facet normal 0 0 1
    outer loop
      vertex 0 14 0
      vertex -0.261612 3.99144 0
      vertex 0 4 0
    endloop
  endfacet
  facet normal -0 0 1
    outer loop
      vertex -0.915644 13.97 0
      vertex -0.261612 3.99144 0
      vertex 0 14 0
    endloop
  endfacet
  facet normal 0 0 1
    outer loop
      vertex -0.261612 3.99144 0
      vertex -0.915644 13.97 0
      vertex -0.522104 3.96578 0
    endloop
  endfacet
  facet normal -0 0 1
    outer loop
      vertex -1.82737 13.8802 0
      vertex -0.522104 3.96578 0
      vertex -0.915644 13.97 0
    endloop
  endfacet
  facet normal 0 0 1
    outer loop
      vertex -0.522104 3.96578 0
      vertex -1.82737 13.8802 0
      vertex -0.780361 3.92314 0
    endloop
  endfacet
  facet normal -0 0 1
    outer loop
      vertex -2.73126 13.731 0
      vertex -0.780361 3.92314 0
      vertex -1.82737 13.8802 0
    endloop
  endfacet
  facet normal 0 0 1
    outer loop
      vertex -0.780361 3.92314 0
      vertex -2.73126 13.731 0
      vertex -1.03528 3.8637 0
    endloop
  endfacet
  facet normal -0 0 1
    outer loop
      vertex -3.62347 13.523 0
      vertex -1.03528 3.8637 0
      vertex -2.73126 13.731 0
    endloop
  endfacet
  facet normal 0 0 1
    outer loop
      vertex -1.03528 3.8637 0
      vertex -3.62347 13.523 0
      vertex -1.28576 3.78772 0
    endloop
  endfacet
  facet normal -0 0 1
    outer loop
      vertex -4.50015 13.257 0
      vertex -1.28576 3.78772 0
      vertex -3.62347 13.523 0
    endloop
  endfacet
  facet normal 0 0 1
    outer loop
      vertex -1.28576 3.78772 0
      vertex -4.50015 13.257 0
      vertex -1.53073 3.69552 0
    endloop
  endfacet
  facet normal -0 0 1
    outer loop
      vertex -5.35757 12.9343 0
      vertex -1.53073 3.69552 0
      vertex -4.50015 13.257 0
    endloop
  endfacet
  facet normal 0 0 1
    outer loop
      vertex -1.53073 3.69552 0
      vertex -5.35757 12.9343 0
      vertex -1.76915 3.58749 0
    endloop
  endfacet
  facet normal -0 0 1
    outer loop
      vertex -6.19204 12.5562 0
      vertex -1.76915 3.58749 0
      vertex -5.35757 12.9343 0
    endloop
  endfacet
  facet normal 0 0 1
    outer loop
      vertex -1.76915 3.58749 0
      vertex -6.19204 12.5562 0
      vertex -2 3.4641 0
    endloop
  endfacet
  facet normal -0 0 1
    outer loop
      vertex -7 12.1244 0
      vertex -2 3.4641 0
      vertex -6.19204 12.5562 0
    endloop
  endfacet
  facet normal 0 0 1
    outer loop
      vertex -2 3.4641 0
      vertex -7 12.1244 0
      vertex -2.22228 3.32588 0
    endloop
  endfacet
  facet normal -0 0 1
    outer loop
      vertex -7.77798 11.6406 0
      vertex -2.22228 3.32588 0
      vertex -7 12.1244 0
    endloop
  endfacet
  facet normal 0 0 1
    outer loop
      vertex -2.22228 3.32588 0
      vertex -7.77798 11.6406 0
      vertex -2.43505 3.17341 0
    endloop
  endfacet
  facet normal -0 0 1
    outer loop
      vertex -8.52266 11.1069 0
      vertex -2.43505 3.17341 0
      vertex -7.77798 11.6406 0
    endloop
  endfacet
  facet normal 0 0 1
    outer loop
      vertex -2.43505 3.17341 0
      vertex -8.52266 11.1069 0
      vertex -2.63738 3.00736 0
    endloop
  endfacet
  facet normal -0 0 1
    outer loop
      vertex -9.23084 10.5258 0
      vertex -2.63738 3.00736 0
      vertex -8.52266 11.1069 0
    endloop
  endfacet
  facet normal 0 0 1
    outer loop
      vertex -2.63738 3.00736 0
      vertex -9.23084 10.5258 0
      vertex -2.82843 2.82843 0
    endloop
  endfacet
  facet normal -0 0 1
    outer loop
      vertex -9.89949 9.89949 0
      vertex -2.82843 2.82843 0
      vertex -9.23084 10.5258 0
    endloop
  endfacet
  facet normal 0 0 1
    outer loop
      vertex -2.82843 2.82843 0
      vertex -9.89949 9.89949 0
      vertex -3.00736 2.63738 0
    endloop
  endfacet
  facet normal -0 0 1
    outer loop
      vertex -10.5258 9.23084 0
      vertex -3.00736 2.63738 0
      vertex -9.89949 9.89949 0
    endloop
  endfacet
  facet normal 0 0 1
    outer loop
      vertex -3.00736 2.63738 0
      vertex -10.5258 9.23084 0
      vertex -3.17341 2.43505 0
    endloop
  endfacet
  facet normal -0 0 1
    outer loop
      vertex -11.1069 8.52266 0
      vertex -3.17341 2.43505 0
      vertex -10.5258 9.23084 0
    endloop
  endfacet
  facet normal 0 0 1
    outer loop
      vertex -3.17341 2.43505 0
      vertex -11.1069 8.52266 0
      vertex -3.32588 2.22228 0
    endloop
  endfacet
  facet normal -0 0 1
    outer loop
      vertex 3.17341 -2.43505 0
      vertex 11.1069 -8.52266 0
      vertex 3.32588 -2.22228 0
    endloop
  endfacet
  facet normal 0 0 1
    outer loop
      vertex 11.1069 -8.52266 0
      vertex 3.17341 -2.43505 0
      vertex 10.5258 -9.23084 0
    endloop
  endfacet
  facet normal -0 0 1
    outer loop
      vertex 3.00736 -2.63738 0
      vertex 10.5258 -9.23084 0
      vertex 3.17341 -2.43505 0
    endloop
  endfacet
  facet normal 0 0 1
    outer loop
      vertex 10.5258 -9.23084 0
      vertex 3.00736 -2.63738 0
      vertex 9.89949 -9.89949 0
    endloop
  endfacet
  facet normal -0 0 1
    outer loop
      vertex 2.82843 -2.82843 0
      vertex 9.89949 -9.89949 0
      vertex 3.00736 -2.63738 0
    endloop
  endfacet
  facet normal 0 0 1
    outer loop
      vertex 9.89949 -9.89949 0
      vertex 2.82843 -2.82843 0
      vertex 9.23084 -10.5258 0
    endloop
  endfacet
  facet normal -0 0 1
    outer loop
      vertex 2.63738 -3.00736 0
      vertex 9.23084 -10.5258 0
      vertex 2.82843 -2.82843 0
    endloop
  endfacet
  facet normal 0 0 1
    outer loop
      vertex 9.23084 -10.5258 0
      vertex 2.63738 -3.00736 0
      vertex 8.52266 -11.1069 0
    endloop
  endfacet
  facet normal -0 0 1
    outer loop
      vertex 2.43505 -3.17341 0
      vertex 8.52266 -11.1069 0
      vertex 2.63738 -3.00736 0
    endloop
  endfacet
  facet normal 0 0 1
    outer loop
      vertex 8.52266 -11.1069 0
      vertex 2.43505 -3.17341 0
      vertex 7.77798 -11.6406 0
    endloop
  endfacet
  facet normal -0 0 1
    outer loop
      vertex 2.22228 -3.32588 0
      vertex 7.77798 -11.6406 0
      vertex 2.43505 -3.17341 0
    endloop
  endfacet
  facet normal 0 0 1
    outer loop
      vertex 7.77798 -11.6406 0
      vertex 2.22228 -3.32588 0
      vertex 7 -12.1244 0
    endloop
  endfacet
  facet normal -0 0 1
    outer loop
      vertex 2 -3.4641 0
      vertex 7 -12.1244 0
      vertex 2.22228 -3.32588 0
    endloop
  endfacet
  facet normal 0 0 1
    outer loop
      vertex 7 -12.1244 0
      vertex 2 -3.4641 0
      vertex 6.19204 -12.5562 0
    endloop
  endfacet
  facet normal -0 0 1
    outer loop
      vertex 1.76915 -3.58749 0
      vertex 6.19204 -12.5562 0
      vertex 2 -3.4641 0
    endloop
  endfacet
  facet normal 0 0 1
    outer loop
      vertex 6.19204 -12.5562 0
      vertex 1.76915 -3.58749 0
      vertex 5.35757 -12.9343 0
    endloop
  endfacet
  facet normal -0 0 1
    outer loop
      vertex 1.53073 -3.69552 0
      vertex 5.35757 -12.9343 0
      vertex 1.76915 -3.58749 0
    endloop
  endfacet
  facet normal 0 0 1
    outer loop
      vertex 5.35757 -12.9343 0
      vertex 1.53073 -3.69552 0
      vertex 4.50015 -13.257 0
    endloop
  endfacet
  facet normal -0 0 1
    outer loop
      vertex 1.28576 -3.78772 0
      vertex 4.50015 -13.257 0
      vertex 1.53073 -3.69552 0
    endloop
  endfacet
  facet normal 0 0 1
    outer loop
      vertex 4.50015 -13.257 0
      vertex 1.28576 -3.78772 0
      vertex 3.62347 -13.523 0
    endloop
  endfacet
  facet normal -0 0 1
    outer loop
      vertex 1.03528 -3.8637 0
      vertex 3.62347 -13.523 0
      vertex 1.28576 -3.78772 0
    endloop
  endfacet
  facet normal 0 0 1
    outer loop
      vertex 3.62347 -13.523 0
      vertex 1.03528 -3.8637 0
      vertex 2.73126 -13.731 0
    endloop
  endfacet
  facet normal -0 0 1
    outer loop
      vertex 0.780361 -3.92314 0
      vertex 2.73126 -13.731 0
      vertex 1.03528 -3.8637 0
    endloop
  endfacet
  facet normal 0 0 1
    outer loop
      vertex 2.73126 -13.731 0
      vertex 0.780361 -3.92314 0
      vertex 1.82737 -13.8802 0
    endloop
  endfacet
  facet normal -0 0 1
    outer loop
      vertex 0.522104 -3.96578 0
      vertex 1.82737 -13.8802 0
      vertex 0.780361 -3.92314 0
    endloop
  endfacet
  facet normal 0 0 1
    outer loop
      vertex 1.82737 -13.8802 0
      vertex 0.522104 -3.96578 0
      vertex 0.915644 -13.97 0
    endloop
  endfacet
  facet normal -0 0 1
    outer loop
      vertex 0.261612 -3.99144 0
      vertex 0.915644 -13.97 0
      vertex 0.522104 -3.96578 0
    endloop
  endfacet
  facet normal -0 0 1
    outer loop
      vertex 0 -4 0
      vertex 0.915644 -13.97 0
      vertex 0.261612 -3.99144 0
    endloop
  endfacet
  facet normal 0 0 1
    outer loop
      vertex 0 -4 0
      vertex 0 -14 0
      vertex 0.915644 -13.97 0
    endloop
  endfacet
  facet normal 0 0 1
    outer loop
      vertex -0.261612 -3.99144 0
      vertex 0 -14 0
      vertex 0 -4 0
    endloop
  endfacet
  facet normal 0 0 1
    outer loop
      vertex -0.915644 -13.97 0
      vertex -0.261612 -3.99144 0
      vertex -0.522104 -3.96578 0
    endloop
  endfacet
  facet normal 0 0 1
    outer loop
      vertex -1.82737 -13.8802 0
      vertex -0.522104 -3.96578 0
      vertex -0.780361 -3.92314 0
    endloop
  endfacet
  facet normal 0 0 1
    outer loop
      vertex -0.261612 -3.99144 0
      vertex -0.915644 -13.97 0
      vertex 0 -14 0
    endloop
  endfacet
  facet normal 0 0 1
    outer loop
      vertex -2.73126 -13.731 0
      vertex -0.780361 -3.92314 0
      vertex -1.03528 -3.8637 0
    endloop
  endfacet
  facet normal 0 0 1
    outer loop
      vertex -3.62347 -13.523 0
      vertex -1.03528 -3.8637 0
      vertex -1.28576 -3.78772 0
    endloop
  endfacet
  facet normal 0 0 1
    outer loop
      vertex -4.50015 -13.257 0
      vertex -1.28576 -3.78772 0
      vertex -1.53073 -3.69552 0
    endloop
  endfacet
  facet normal 0 0 1
    outer loop
      vertex -5.35757 -12.9343 0
      vertex -1.53073 -3.69552 0
      vertex -1.76915 -3.58749 0
    endloop
  endfacet
  facet normal 0 0 1
    outer loop
      vertex -0.522104 -3.96578 0
      vertex -1.82737 -13.8802 0
      vertex -0.915644 -13.97 0
    endloop
  endfacet
  facet normal 0 0 1
    outer loop
      vertex -6.19204 -12.5562 0
      vertex -1.76915 -3.58749 0
      vertex -2 -3.4641 0
    endloop
  endfacet
  facet normal 0 0 1
    outer loop
      vertex -7 -12.1244 0
      vertex -2 -3.4641 0
      vertex -2.22228 -3.32588 0
    endloop
  endfacet
  facet normal 0 0 1
    outer loop
      vertex -7.77798 -11.6406 0
      vertex -2.22228 -3.32588 0
      vertex -2.43505 -3.17341 0
    endloop
  endfacet
  facet normal 0 0 1
    outer loop
      vertex -8.52266 -11.1069 0
      vertex -2.43505 -3.17341 0
      vertex -2.63738 -3.00736 0
    endloop
  endfacet
  facet normal 0 0 1
    outer loop
      vertex -0.780361 -3.92314 0
      vertex -2.73126 -13.731 0
      vertex -1.82737 -13.8802 0
    endloop
  endfacet
  facet normal 0 0 1
    outer loop
      vertex -9.23084 -10.5258 0
      vertex -2.63738 -3.00736 0
      vertex -2.82843 -2.82843 0
    endloop
  endfacet
  facet normal 0 0 1
    outer loop
      vertex -9.89949 -9.89949 0
      vertex -2.82843 -2.82843 0
      vertex -3.00736 -2.63738 0
    endloop
  endfacet
  facet normal 0 0 1
    outer loop
      vertex -10.5258 -9.23084 0
      vertex -3.00736 -2.63738 0
      vertex -3.17341 -2.43505 0
    endloop
  endfacet
  facet normal 0 0 1
    outer loop
      vertex -11.1069 -8.52266 0
      vertex -3.17341 -2.43505 0
      vertex -3.32588 -2.22228 0
    endloop
  endfacet
  facet normal 0 0 1
    outer loop
      vertex -11.6406 -7.77798 0
      vertex -3.32588 -2.22228 0
      vertex -3.4641 -2 0
    endloop
  endfacet
  facet normal 0 0 1
    outer loop
      vertex -12.1244 -7 0
      vertex -3.4641 -2 0
      vertex -3.58749 -1.76915 0
    endloop
  endfacet
  facet normal 0 0 1
    outer loop
      vertex -1.03528 -3.8637 0
      vertex -3.62347 -13.523 0
      vertex -2.73126 -13.731 0
    endloop
  endfacet
  facet normal 0 0 1
    outer loop
      vertex -12.5562 -6.19204 0
      vertex -3.58749 -1.76915 0
      vertex -3.69552 -1.53073 0
    endloop
  endfacet
  facet normal 0 0 1
    outer loop
      vertex -12.9343 -5.35757 0
      vertex -3.69552 -1.53073 0
      vertex -3.78772 -1.28576 0
    endloop
  endfacet
  facet normal 0 0 1
    outer loop
      vertex -13.257 -4.50015 0
      vertex -3.78772 -1.28576 0
      vertex -3.8637 -1.03528 0
    endloop
  endfacet
  facet normal 0 0 1
    outer loop
      vertex -13.523 -3.62347 0
      vertex -3.8637 -1.03528 0
      vertex -3.92314 -0.780361 0
    endloop
  endfacet
  facet normal 0 0 1
    outer loop
      vertex -13.731 -2.73126 0
      vertex -3.92314 -0.780361 0
      vertex -3.96578 -0.522104 0
    endloop
  endfacet
  facet normal 0 0 1
    outer loop
      vertex -13.8802 -1.82737 0
      vertex -3.96578 -0.522104 0
      vertex -3.99144 -0.261612 0
    endloop
  endfacet
  facet normal 0 0 1
    outer loop
      vertex -13.97 -0.915644 0
      vertex -3.99144 -0.261612 0
      vertex -4 0 0
    endloop
  endfacet
  facet normal -0 0 1
    outer loop
      vertex -11.6406 7.77798 0
      vertex -3.32588 2.22228 0
      vertex -11.1069 8.52266 0
    endloop
  endfacet
  facet normal 0 0 1
    outer loop
      vertex -1.28576 -3.78772 0
      vertex -4.50015 -13.257 0
      vertex -3.62347 -13.523 0
    endloop
  endfacet
  facet normal 0 0 1
    outer loop
      vertex -3.32588 2.22228 0
      vertex -11.6406 7.77798 0
      vertex -3.4641 2 0
    endloop
  endfacet
  facet normal 0 0 1
    outer loop
      vertex -1.53073 -3.69552 0
      vertex -5.35757 -12.9343 0
      vertex -4.50015 -13.257 0
    endloop
  endfacet
  facet normal -0 0 1
    outer loop
      vertex -12.1244 7 0
      vertex -3.4641 2 0
      vertex -11.6406 7.77798 0
    endloop
  endfacet
  facet normal 0 0 1
    outer loop
      vertex -1.76915 -3.58749 0
      vertex -6.19204 -12.5562 0
      vertex -5.35757 -12.9343 0
    endloop
  endfacet
  facet normal 0 0 1
    outer loop
      vertex -3.4641 2 0
      vertex -12.1244 7 0
      vertex -3.58749 1.76915 0
    endloop
  endfacet
  facet normal 0 0 1
    outer loop
      vertex -2 -3.4641 0
      vertex -7 -12.1244 0
      vertex -6.19204 -12.5562 0
    endloop
  endfacet
  facet normal -0 0 1
    outer loop
      vertex -12.5562 6.19204 0
      vertex -3.58749 1.76915 0
      vertex -12.1244 7 0
    endloop
  endfacet
  facet normal 0 0 1
    outer loop
      vertex -2.22228 -3.32588 0
      vertex -7.77798 -11.6406 0
      vertex -7 -12.1244 0
    endloop
  endfacet
  facet normal 0 0 1
    outer loop
      vertex -3.58749 1.76915 0
      vertex -12.5562 6.19204 0
      vertex -3.69552 1.53073 0
    endloop
  endfacet
  facet normal 0 0 1
    outer loop
      vertex -2.43505 -3.17341 0
      vertex -8.52266 -11.1069 0
      vertex -7.77798 -11.6406 0
    endloop
  endfacet
  facet normal -0 0 1
    outer loop
      vertex -12.9343 5.35757 0
      vertex -3.69552 1.53073 0
      vertex -12.5562 6.19204 0
    endloop
  endfacet
  facet normal 0 0 1
    outer loop
      vertex -2.63738 -3.00736 0
      vertex -9.23084 -10.5258 0
      vertex -8.52266 -11.1069 0
    endloop
  endfacet
  facet normal 0 0 1
    outer loop
      vertex -3.69552 1.53073 0
      vertex -12.9343 5.35757 0
      vertex -3.78772 1.28576 0
    endloop
  endfacet
  facet normal 0 0 1
    outer loop
      vertex -2.82843 -2.82843 0
      vertex -9.89949 -9.89949 0
      vertex -9.23084 -10.5258 0
    endloop
  endfacet
  facet normal -0 0 1
    outer loop
      vertex -13.257 4.50015 0
      vertex -3.78772 1.28576 0
      vertex -12.9343 5.35757 0
    endloop
  endfacet
  facet normal 0 0 1
    outer loop
      vertex -3.00736 -2.63738 0
      vertex -10.5258 -9.23084 0
      vertex -9.89949 -9.89949 0
    endloop
  endfacet
  facet normal 0 0 1
    outer loop
      vertex -3.78772 1.28576 0
      vertex -13.257 4.50015 0
      vertex -3.8637 1.03528 0
    endloop
  endfacet
  facet normal 0 0 1
    outer loop
      vertex -3.17341 -2.43505 0
      vertex -11.1069 -8.52266 0
      vertex -10.5258 -9.23084 0
    endloop
  endfacet
  facet normal -0 0 1
    outer loop
      vertex -13.523 3.62347 0
      vertex -3.8637 1.03528 0
      vertex -13.257 4.50015 0
    endloop
  endfacet
  facet normal 0 0 1
    outer loop
      vertex -3.32588 -2.22228 0
      vertex -11.6406 -7.77798 0
      vertex -11.1069 -8.52266 0
    endloop
  endfacet
  facet normal 0 0 1
    outer loop
      vertex -3.8637 1.03528 0
      vertex -13.523 3.62347 0
      vertex -3.92314 0.780361 0
    endloop
  endfacet
  facet normal 0 0 1
    outer loop
      vertex -3.4641 -2 0
      vertex -12.1244 -7 0
      vertex -11.6406 -7.77798 0
    endloop
  endfacet
  facet normal -0 0 1
    outer loop
      vertex -13.731 2.73126 0
      vertex -3.92314 0.780361 0
      vertex -13.523 3.62347 0
    endloop
  endfacet
  facet normal 0 0 1
    outer loop
      vertex -3.58749 -1.76915 0
      vertex -12.5562 -6.19204 0
      vertex -12.1244 -7 0
    endloop
  endfacet
  facet normal 0 0 1
    outer loop
      vertex -3.92314 0.780361 0
      vertex -13.731 2.73126 0
      vertex -3.96578 0.522104 0
    endloop
  endfacet
  facet normal 0 0 1
    outer loop
      vertex -3.69552 -1.53073 0
      vertex -12.9343 -5.35757 0
      vertex -12.5562 -6.19204 0
    endloop
  endfacet
  facet normal -0 0 1
    outer loop
      vertex -13.8802 1.82737 0
      vertex -3.96578 0.522104 0
      vertex -13.731 2.73126 0
    endloop
  endfacet
  facet normal 0 0 1
    outer loop
      vertex -3.78772 -1.28576 0
      vertex -13.257 -4.50015 0
      vertex -12.9343 -5.35757 0
    endloop
  endfacet
  facet normal 0 0 1
    outer loop
      vertex -3.96578 0.522104 0
      vertex -13.8802 1.82737 0
      vertex -3.99144 0.261612 0
    endloop
  endfacet
  facet normal 0 0 1
    outer loop
      vertex -3.8637 -1.03528 0
      vertex -13.523 -3.62347 0
      vertex -13.257 -4.50015 0
    endloop
  endfacet
  facet normal -0 0 1
    outer loop
      vertex -13.97 0.915644 0
      vertex -3.99144 0.261612 0
      vertex -13.8802 1.82737 0
    endloop
  endfacet
  facet normal 0 0 1
    outer loop
      vertex -3.92314 -0.780361 0
      vertex -13.731 -2.73126 0
      vertex -13.523 -3.62347 0
    endloop
  endfacet
  facet normal 0 0 1
    outer loop
      vertex -3.99144 0.261612 0
      vertex -13.97 0.915644 0
      vertex -4 0 0
    endloop
  endfacet
  facet normal 0 0 1
    outer loop
      vertex -3.96578 -0.522104 0
      vertex -13.8802 -1.82737 0
      vertex -13.731 -2.73126 0
    endloop
  endfacet
  facet normal 0 0 1
    outer loop
      vertex -14 0 0
      vertex -4 0 0
      vertex -13.97 0.915644 0
    endloop
  endfacet
  facet normal 0 0 1
    outer loop
      vertex -3.99144 -0.261612 0
      vertex -13.97 -0.915644 0
      vertex -13.8802 -1.82737 0
    endloop
  endfacet
  facet normal 0 0 1
    outer loop
      vertex -4 0 0
      vertex -14 0 0
      vertex -13.97 -0.915644 0
    endloop
  endfacet
  facet normal -0.956957 0.29023 0
    outer loop
      vertex -11.5911 3.10583 -8
      vertex -11.3632 3.85727 -2
      vertex -11.3632 3.85727 -8
    endloop
  endfacet
  facet normal -0.956957 0.29023 0
    outer loop
      vertex -11.3632 3.85727 -2
      vertex -11.5911 3.10583 -8
      vertex -11.5911 3.10583 -2
    endloop
  endfacet
  facet normal -0.986646 0.162877 0
    outer loop
      vertex -11.8973 1.56631 -8
      vertex -11.7694 2.34108 -2
      vertex -11.7694 2.34108 -8
    endloop
  endfacet
  facet normal -0.986646 0.162877 0
    outer loop
      vertex -11.7694 2.34108 -2
      vertex -11.8973 1.56631 -8
      vertex -11.8973 1.56631 -2
    endloop
  endfacet
  facet normal -0.910854 0.412728 0
    outer loop
      vertex -11.0866 4.5922 -8
      vertex -10.7625 5.30746 -2
      vertex -10.7625 5.30746 -8
    endloop
  endfacet
  facet normal -0.910854 0.412728 0
    outer loop
      vertex -10.7625 5.30746 -2
      vertex -11.0866 4.5922 -8
      vertex -11.0866 4.5922 -2
    endloop
  endfacet
  facet normal -0.849201 0.52807 0
    outer loop
      vertex -10.3923 6 -8
      vertex -9.97763 6.66684 -2
      vertex -9.97763 6.66684 -8
    endloop
  endfacet
  facet normal -0.849201 0.52807 0
    outer loop
      vertex -9.97763 6.66684 -2
      vertex -10.3923 6 -8
      vertex -10.3923 6 -2
    endloop
  endfacet
  facet normal -0.773011 0.634393 0
    outer loop
      vertex -9.52024 7.30514 -8
      vertex -9.02208 7.91215 -2
      vertex -9.02208 7.91215 -8
    endloop
  endfacet
  facet normal -0.773011 0.634393 0
    outer loop
      vertex -9.02208 7.91215 -2
      vertex -9.52024 7.30514 -8
      vertex -9.52024 7.30514 -2
    endloop
  endfacet
  facet normal -0.812852 0.58247 0
    outer loop
      vertex -9.97763 6.66684 -8
      vertex -9.52024 7.30514 -2
      vertex -9.52024 7.30514 -8
    endloop
  endfacet
  facet normal -0.812852 0.58247 0
    outer loop
      vertex -9.52024 7.30514 -2
      vertex -9.97763 6.66684 -8
      vertex -9.97763 6.66684 -2
    endloop
  endfacet
  facet normal -0.227059 0.973881 0
    outer loop
      vertex -2.34108 11.7694 -8
      vertex -3.10583 11.5911 -2
      vertex -2.34108 11.7694 -2
    endloop
  endfacet
  facet normal -0.227059 0.973881 0
    outer loop
      vertex -3.10583 11.5911 -2
      vertex -2.34108 11.7694 -8
      vertex -3.10583 11.5911 -8
    endloop
  endfacet
  facet normal -0.098057 0.995181 0
    outer loop
      vertex -0.784837 11.9743 -8
      vertex -1.56631 11.8973 -2
      vertex -0.784837 11.9743 -2
    endloop
  endfacet
  facet normal -0.098057 0.995181 0
    outer loop
      vertex -1.56631 11.8973 -2
      vertex -0.784837 11.9743 -8
      vertex -1.56631 11.8973 -8
    endloop
  endfacet
  facet normal -0.162877 0.986646 0
    outer loop
      vertex -1.56631 11.8973 -8
      vertex -2.34108 11.7694 -2
      vertex -1.56631 11.8973 -2
    endloop
  endfacet
  facet normal -0.162877 0.986646 0
    outer loop
      vertex -2.34108 11.7694 -2
      vertex -1.56631 11.8973 -8
      vertex -2.34108 11.7694 -8
    endloop
  endfacet
  facet normal -0.412728 0.910854 0
    outer loop
      vertex -4.5922 11.0866 -8
      vertex -5.30746 10.7625 -2
      vertex -4.5922 11.0866 -2
    endloop
  endfacet
  facet normal -0.412728 0.910854 0
    outer loop
      vertex -5.30746 10.7625 -2
      vertex -4.5922 11.0866 -8
      vertex -5.30746 10.7625 -8
    endloop
  endfacet
  facet normal -0.634393 0.773011 0
    outer loop
      vertex -7.30514 9.52024 -8
      vertex -7.91215 9.02208 -2
      vertex -7.30514 9.52024 -2
    endloop
  endfacet
  facet normal -0.634393 0.773011 0
    outer loop
      vertex -7.91215 9.02208 -2
      vertex -7.30514 9.52024 -8
      vertex -7.91215 9.02208 -8
    endloop
  endfacet
  facet normal 0.999464 0.0327236 0
    outer loop
      vertex 11.9743 0.784837 -2
      vertex 11.9869 0.4 -8
      vertex 11.9743 0.784837 -8
    endloop
  endfacet
  facet normal 0.999464 0.0327281 -2.8965e-07
    outer loop
      vertex 12 0 -2
      vertex 11.9869 0.4 -8
      vertex 11.9743 0.784837 -2
    endloop
  endfacet
  facet normal 0.999464 0.0327325 0
    outer loop
      vertex 11.9869 0.4 -8
      vertex 12 0 -2
      vertex 12 0 -8
    endloop
  endfacet
  facet normal 0.0327281 -0.999464 0
    outer loop
      vertex 0 -12 -8
      vertex 0.784837 -11.9743 -2
      vertex 0 -12 -2
    endloop
  endfacet
  facet normal 0.0327281 -0.999464 0
    outer loop
      vertex 0.784837 -11.9743 -2
      vertex 0 -12 -8
      vertex 0.784837 -11.9743 -8
    endloop
  endfacet
  facet normal 0.973881 -0.227059 0
    outer loop
      vertex 11.5911 -3.10583 -2
      vertex 11.7694 -2.34108 -8
      vertex 11.7694 -2.34108 -2
    endloop
  endfacet
  facet normal 0.973881 -0.227059 0
    outer loop
      vertex 11.7694 -2.34108 -8
      vertex 11.5911 -3.10583 -2
      vertex 11.5911 -3.10583 -8
    endloop
  endfacet
  facet normal 0.162877 -0.986646 0
    outer loop
      vertex 1.56631 -11.8973 -8
      vertex 2.34108 -11.7694 -2
      vertex 1.56631 -11.8973 -2
    endloop
  endfacet
  facet normal 0.162877 -0.986646 0
    outer loop
      vertex 2.34108 -11.7694 -2
      vertex 1.56631 -11.8973 -8
      vertex 2.34108 -11.7694 -8
    endloop
  endfacet
  facet normal 0.352241 -0.935909 0
    outer loop
      vertex 3.85727 -11.3632 -8
      vertex 4.5922 -11.0866 -2
      vertex 3.85727 -11.3632 -2
    endloop
  endfacet
  facet normal 0.352241 -0.935909 0
    outer loop
      vertex 4.5922 -11.0866 -2
      vertex 3.85727 -11.3632 -8
      vertex 4.5922 -11.0866 -8
    endloop
  endfacet
  facet normal 0.52807 -0.849201 0
    outer loop
      vertex 6 -10.3923 -8
      vertex 6.66684 -9.97763 -2
      vertex 6 -10.3923 -2
    endloop
  endfacet
  facet normal 0.52807 -0.849201 0
    outer loop
      vertex 6.66684 -9.97763 -2
      vertex 6 -10.3923 -8
      vertex 6.66684 -9.97763 -8
    endloop
  endfacet
  facet normal 0.58247 -0.812852 0
    outer loop
      vertex 6.66684 -9.97763 -8
      vertex 7.30514 -9.52024 -2
      vertex 6.66684 -9.97763 -2
    endloop
  endfacet
  facet normal 0.58247 -0.812852 0
    outer loop
      vertex 7.30514 -9.52024 -2
      vertex 6.66684 -9.97763 -8
      vertex 7.30514 -9.52024 -8
    endloop
  endfacet
  facet normal 0.812852 -0.58247 0
    outer loop
      vertex 9.52024 -7.30514 -2
      vertex 9.97763 -6.66684 -8
      vertex 9.97763 -6.66684 -2
    endloop
  endfacet
  facet normal 0.812852 -0.58247 0
    outer loop
      vertex 9.97763 -6.66684 -8
      vertex 9.52024 -7.30514 -2
      vertex 9.52024 -7.30514 -8
    endloop
  endfacet
  facet normal -0.29023 -0.956957 0
    outer loop
      vertex -3.85727 -11.3632 -8
      vertex -3.10583 -11.5911 -2
      vertex -3.85727 -11.3632 -2
    endloop
  endfacet
  facet normal -0.29023 -0.956957 -0
    outer loop
      vertex -3.10583 -11.5911 -2
      vertex -3.85727 -11.3632 -8
      vertex -3.10583 -11.5911 -8
    endloop
  endfacet
  facet normal -0.162877 -0.986646 0
    outer loop
      vertex -2.34108 -11.7694 -8
      vertex -1.56631 -11.8973 -2
      vertex -2.34108 -11.7694 -2
    endloop
  endfacet
  facet normal -0.162877 -0.986646 -0
    outer loop
      vertex -1.56631 -11.8973 -2
      vertex -2.34108 -11.7694 -8
      vertex -1.56631 -11.8973 -8
    endloop
  endfacet
  facet normal -0.634393 -0.773011 0
    outer loop
      vertex -7.91215 -9.02208 -8
      vertex -7.30514 -9.52024 -2
      vertex -7.91215 -9.02208 -2
    endloop
  endfacet
  facet normal -0.634393 -0.773011 -0
    outer loop
      vertex -7.30514 -9.52024 -2
      vertex -7.91215 -9.02208 -8
      vertex -7.30514 -9.52024 -8
    endloop
  endfacet
  facet normal -0.471472 -0.881881 0
    outer loop
      vertex -5.64704 -10.581 -8
      vertex -6 -10.3923 -2
      vertex -6 -10.3923 -8
    endloop
  endfacet
  facet normal -0.471426 -0.881906 3.50322e-06
    outer loop
      vertex -6 -10.3923 -2
      vertex -5.64704 -10.581 -8
      vertex -5.30746 -10.7625 -2
    endloop
  endfacet
  facet normal -0.471378 -0.881931 -0
    outer loop
      vertex -5.30746 -10.7625 -2
      vertex -5.64704 -10.581 -8
      vertex -5.30746 -10.7625 -8
    endloop
  endfacet
  facet normal -0.995181 -0.098057 0
    outer loop
      vertex -11.8973 -1.56631 -8
      vertex -11.9743 -0.784837 -2
      vertex -11.9743 -0.784837 -8
    endloop
  endfacet
  facet normal -0.995181 -0.098057 0
    outer loop
      vertex -11.9743 -0.784837 -2
      vertex -11.8973 -1.56631 -8
      vertex -11.8973 -1.56631 -2
    endloop
  endfacet
  facet normal -0.935909 -0.352241 0
    outer loop
      vertex -11.0866 -4.5922 -8
      vertex -11.3632 -3.85727 -2
      vertex -11.3632 -3.85727 -8
    endloop
  endfacet
  facet normal -0.935909 -0.352241 0
    outer loop
      vertex -11.3632 -3.85727 -2
      vertex -11.0866 -4.5922 -8
      vertex -11.0866 -4.5922 -2
    endloop
  endfacet
  facet normal -0.956957 -0.29023 0
    outer loop
      vertex -11.3632 -3.85727 -8
      vertex -11.5911 -3.10583 -2
      vertex -11.5911 -3.10583 -8
    endloop
  endfacet
  facet normal -0.956957 -0.29023 0
    outer loop
      vertex -11.5911 -3.10583 -2
      vertex -11.3632 -3.85727 -8
      vertex -11.3632 -3.85727 -2
    endloop
  endfacet
  facet normal -0.973881 -0.227059 0
    outer loop
      vertex -11.5911 -3.10583 -8
      vertex -11.7694 -2.34108 -2
      vertex -11.7694 -2.34108 -8
    endloop
  endfacet
  facet normal -0.973881 -0.227059 0
    outer loop
      vertex -11.7694 -2.34108 -2
      vertex -11.5911 -3.10583 -8
      vertex -11.5911 -3.10583 -2
    endloop
  endfacet
  facet normal -0.849201 -0.52807 0
    outer loop
      vertex -9.97763 -6.66684 -8
      vertex -10.3923 -6 -2
      vertex -10.3923 -6 -8
    endloop
  endfacet
  facet normal -0.849201 -0.52807 0
    outer loop
      vertex -10.3923 -6 -2
      vertex -9.97763 -6.66684 -8
      vertex -9.97763 -6.66684 -2
    endloop
  endfacet
  facet normal -0.773011 -0.634393 0
    outer loop
      vertex -9.02208 -7.91215 -8
      vertex -9.52024 -7.30514 -2
      vertex -9.52024 -7.30514 -8
    endloop
  endfacet
  facet normal -0.773011 -0.634393 0
    outer loop
      vertex -9.52024 -7.30514 -2
      vertex -9.02208 -7.91215 -8
      vertex -9.02208 -7.91215 -2
    endloop
  endfacet
  facet normal -0.812852 -0.58247 0
    outer loop
      vertex -9.52024 -7.30514 -8
      vertex -9.97763 -6.66684 -2
      vertex -9.97763 -6.66684 -8
    endloop
  endfacet
  facet normal -0.812852 -0.58247 0
    outer loop
      vertex -9.97763 -6.66684 -2
      vertex -9.52024 -7.30514 -8
      vertex -9.52024 -7.30514 -2
    endloop
  endfacet
  facet normal -0.729861 -0.683596 0
    outer loop
      vertex -8.48528 -8.48528 -8
      vertex -9.02208 -7.91215 -2
      vertex -9.02208 -7.91215 -8
    endloop
  endfacet
  facet normal -0.729861 -0.683596 0
    outer loop
      vertex -9.02208 -7.91215 -2
      vertex -8.48528 -8.48528 -8
      vertex -8.48528 -8.48528 -2
    endloop
  endfacet
  facet normal 0.973881 0.227059 0
    outer loop
      vertex 11.7694 2.34108 -2
      vertex 11.5911 3.10583 -8
      vertex 11.5911 3.10583 -2
    endloop
  endfacet
  facet normal 0.973881 0.227059 0
    outer loop
      vertex 11.5911 3.10583 -8
      vertex 11.7694 2.34108 -2
      vertex 11.7694 2.34108 -8
    endloop
  endfacet
  facet normal 0.986646 0.162877 0
    outer loop
      vertex 11.8973 1.56631 -2
      vertex 11.7694 2.34108 -8
      vertex 11.7694 2.34108 -2
    endloop
  endfacet
  facet normal 0.986646 0.162877 0
    outer loop
      vertex 11.7694 2.34108 -8
      vertex 11.8973 1.56631 -2
      vertex 11.8973 1.56631 -8
    endloop
  endfacet
  facet normal 0.995181 -0.098057 0
    outer loop
      vertex 11.8973 -1.56631 -2
      vertex 11.9743 -0.784837 -8
      vertex 11.9743 -0.784837 -2
    endloop
  endfacet
  facet normal 0.995181 -0.098057 0
    outer loop
      vertex 11.9743 -0.784837 -8
      vertex 11.8973 -1.56631 -2
      vertex 11.8973 -1.56631 -8
    endloop
  endfacet
  facet normal 0.227059 -0.973881 0
    outer loop
      vertex 2.34108 -11.7694 -8
      vertex 3.10583 -11.5911 -2
      vertex 2.34108 -11.7694 -2
    endloop
  endfacet
  facet normal 0.227059 -0.973881 0
    outer loop
      vertex 3.10583 -11.5911 -2
      vertex 2.34108 -11.7694 -8
      vertex 3.10583 -11.5911 -8
    endloop
  endfacet
  facet normal 0.098057 -0.995181 0
    outer loop
      vertex 0.784837 -11.9743 -8
      vertex 1.56631 -11.8973 -2
      vertex 0.784837 -11.9743 -2
    endloop
  endfacet
  facet normal 0.098057 -0.995181 0
    outer loop
      vertex 1.56631 -11.8973 -2
      vertex 0.784837 -11.9743 -8
      vertex 1.56631 -11.8973 -8
    endloop
  endfacet
  facet normal 0.412728 -0.910854 0
    outer loop
      vertex 4.5922 -11.0866 -8
      vertex 5.30746 -10.7625 -2
      vertex 4.5922 -11.0866 -2
    endloop
  endfacet
  facet normal 0.412728 -0.910854 0
    outer loop
      vertex 5.30746 -10.7625 -2
      vertex 4.5922 -11.0866 -8
      vertex 5.30746 -10.7625 -8
    endloop
  endfacet
  facet normal 0.729861 -0.683596 0
    outer loop
      vertex 8.48528 -8.48528 -2
      vertex 9.02208 -7.91215 -8
      vertex 9.02208 -7.91215 -2
    endloop
  endfacet
  facet normal 0.729861 -0.683596 0
    outer loop
      vertex 9.02208 -7.91215 -8
      vertex 8.48528 -8.48528 -2
      vertex 8.48528 -8.48528 -8
    endloop
  endfacet
  facet normal 0.935909 -0.352241 0
    outer loop
      vertex 11.0866 -4.5922 -2
      vertex 11.3632 -3.85727 -8
      vertex 11.3632 -3.85727 -2
    endloop
  endfacet
  facet normal 0.935909 -0.352241 0
    outer loop
      vertex 11.3632 -3.85727 -8
      vertex 11.0866 -4.5922 -2
      vertex 11.0866 -4.5922 -8
    endloop
  endfacet
  facet normal 0.849201 -0.52807 0
    outer loop
      vertex 9.97763 -6.66684 -2
      vertex 10.3923 -6 -8
      vertex 10.3923 -6 -2
    endloop
  endfacet
  facet normal 0.849201 -0.52807 0
    outer loop
      vertex 10.3923 -6 -8
      vertex 9.97763 -6.66684 -2
      vertex 9.97763 -6.66684 -8
    endloop
  endfacet
  facet normal -0.227059 -0.973881 0
    outer loop
      vertex -3.10583 -11.5911 -8
      vertex -2.34108 -11.7694 -2
      vertex -3.10583 -11.5911 -2
    endloop
  endfacet
  facet normal -0.227059 -0.973881 -0
    outer loop
      vertex -2.34108 -11.7694 -2
      vertex -3.10583 -11.5911 -8
      vertex -2.34108 -11.7694 -8
    endloop
  endfacet
  facet normal -0.098057 -0.995181 0
    outer loop
      vertex -1.56631 -11.8973 -8
      vertex -0.784837 -11.9743 -2
      vertex -1.56631 -11.8973 -2
    endloop
  endfacet
  facet normal -0.098057 -0.995181 -0
    outer loop
      vertex -0.784837 -11.9743 -2
      vertex -1.56631 -11.8973 -8
      vertex -0.784837 -11.9743 -8
    endloop
  endfacet
  facet normal -0.412728 -0.910854 0
    outer loop
      vertex -5.30746 -10.7625 -8
      vertex -4.5922 -11.0866 -2
      vertex -5.30746 -10.7625 -2
    endloop
  endfacet
  facet normal -0.412728 -0.910854 -0
    outer loop
      vertex -4.5922 -11.0866 -2
      vertex -5.30746 -10.7625 -8
      vertex -4.5922 -11.0866 -8
    endloop
  endfacet
  facet normal -0.986646 -0.162877 0
    outer loop
      vertex -11.7694 -2.34108 -8
      vertex -11.8973 -1.56631 -2
      vertex -11.8973 -1.56631 -8
    endloop
  endfacet
  facet normal -0.986646 -0.162877 0
    outer loop
      vertex -11.8973 -1.56631 -2
      vertex -11.7694 -2.34108 -8
      vertex -11.7694 -2.34108 -2
    endloop
  endfacet
  facet normal -0.881906 -0.471426 0
    outer loop
      vertex -10.3923 -6 -8
      vertex -10.7625 -5.30746 -2
      vertex -10.7625 -5.30746 -8
    endloop
  endfacet
  facet normal -0.881906 -0.471426 0
    outer loop
      vertex -10.7625 -5.30746 -2
      vertex -10.3923 -6 -8
      vertex -10.3923 -6 -2
    endloop
  endfacet
  facet normal 0.986646 -0.162877 0
    outer loop
      vertex 11.7694 -2.34108 -2
      vertex 11.8973 -1.56631 -8
      vertex 11.8973 -1.56631 -2
    endloop
  endfacet
  facet normal 0.986646 -0.162877 0
    outer loop
      vertex 11.8973 -1.56631 -8
      vertex 11.7694 -2.34108 -2
      vertex 11.7694 -2.34108 -8
    endloop
  endfacet
  facet normal 0.999464 0.0327463 0
    outer loop
      vertex 14 0 0
      vertex 13.97 0.915644 -2
      vertex 13.97 0.915644 0
    endloop
  endfacet
  facet normal 0.999464 0.0327463 0
    outer loop
      vertex 13.97 0.915644 -2
      vertex 14 0 0
      vertex 14 0 -2
    endloop
  endfacet
  facet normal -0.999464 0.0327463 0
    outer loop
      vertex -14 0 -2
      vertex -13.97 0.915644 0
      vertex -13.97 0.915644 -2
    endloop
  endfacet
  facet normal -0.999464 0.0327463 0
    outer loop
      vertex -13.97 0.915644 0
      vertex -14 0 -2
      vertex -14 0 0
    endloop
  endfacet
  facet normal 0.0327463 0.999464 -0
    outer loop
      vertex 0.915644 13.97 -2
      vertex 0 14 0
      vertex 0.915644 13.97 0
    endloop
  endfacet
  facet normal 0.0327463 0.999464 0
    outer loop
      vertex 0 14 0
      vertex 0.915644 13.97 -2
      vertex 0 14 -2
    endloop
  endfacet
  facet normal -0.0327463 -0.999464 0
    outer loop
      vertex -0.915644 -13.97 -2
      vertex 0 -14 0
      vertex -0.915644 -13.97 0
    endloop
  endfacet
  facet normal -0.0327463 -0.999464 -0
    outer loop
      vertex 0 -14 0
      vertex -0.915644 -13.97 -2
      vertex 0 -14 -2
    endloop
  endfacet
  facet normal -0.729836 -0.683622 0
    outer loop
      vertex -9.89949 -9.89949 -2
      vertex -10.5258 -9.23084 0
      vertex -10.5258 -9.23084 -2
    endloop
  endfacet
  facet normal -0.729836 -0.683622 0
    outer loop
      vertex -10.5258 -9.23084 0
      vertex -9.89949 -9.89949 -2
      vertex -9.89949 -9.89949 0
    endloop
  endfacet
  facet normal 0.683622 0.729836 -0
    outer loop
      vertex 9.89949 9.89949 -2
      vertex 9.23084 10.5258 0
      vertex 9.89949 9.89949 0
    endloop
  endfacet
  facet normal 0.683622 0.729836 0
    outer loop
      vertex 9.23084 10.5258 0
      vertex 9.89949 9.89949 -2
      vertex 9.23084 10.5258 -2
    endloop
  endfacet
  facet normal -0.683622 0.729836 0
    outer loop
      vertex -9.23084 10.5258 -2
      vertex -9.89949 9.89949 0
      vertex -9.23084 10.5258 0
    endloop
  endfacet
  facet normal -0.683622 0.729836 0
    outer loop
      vertex -9.89949 9.89949 0
      vertex -9.23084 10.5258 -2
      vertex -9.89949 9.89949 -2
    endloop
  endfacet
  facet normal -0.35224 0.93591 0
    outer loop
      vertex -4.50015 13.257 -2
      vertex -5.35757 12.9343 0
      vertex -4.50015 13.257 0
    endloop
  endfacet
  facet normal -0.35224 0.93591 0
    outer loop
      vertex -5.35757 12.9343 0
      vertex -4.50015 13.257 -2
      vertex -5.35757 12.9343 -2
    endloop
  endfacet
  facet normal -0.93591 -0.35224 0
    outer loop
      vertex -12.9343 -5.35757 -2
      vertex -13.257 -4.50015 0
      vertex -13.257 -4.50015 -2
    endloop
  endfacet
  facet normal -0.93591 -0.35224 0
    outer loop
      vertex -13.257 -4.50015 0
      vertex -12.9343 -5.35757 -2
      vertex -12.9343 -5.35757 0
    endloop
  endfacet
  facet normal 0.910861 0.412713 0
    outer loop
      vertex 12.9343 5.35757 0
      vertex 12.5562 6.19204 -2
      vertex 12.5562 6.19204 0
    endloop
  endfacet
  facet normal 0.910861 0.412713 0
    outer loop
      vertex 12.5562 6.19204 -2
      vertex 12.9343 5.35757 0
      vertex 12.9343 5.35757 -2
    endloop
  endfacet
  facet normal 0.412713 0.910861 -0
    outer loop
      vertex 6.19204 12.5562 -2
      vertex 5.35757 12.9343 0
      vertex 6.19204 12.5562 0
    endloop
  endfacet
  facet normal 0.412713 0.910861 0
    outer loop
      vertex 5.35757 12.9343 0
      vertex 6.19204 12.5562 -2
      vertex 5.35757 12.9343 -2
    endloop
  endfacet
  facet normal 0.528084 0.849192 -0
    outer loop
      vertex 7.77798 11.6406 -2
      vertex 7 12.1244 0
      vertex 7.77798 11.6406 0
    endloop
  endfacet
  facet normal 0.528084 0.849192 0
    outer loop
      vertex 7 12.1244 0
      vertex 7.77798 11.6406 -2
      vertex 7 12.1244 -2
    endloop
  endfacet
  facet normal -0.910861 0.412713 0
    outer loop
      vertex -12.9343 5.35757 -2
      vertex -12.5562 6.19204 0
      vertex -12.5562 6.19204 -2
    endloop
  endfacet
  facet normal -0.910861 0.412713 0
    outer loop
      vertex -12.5562 6.19204 0
      vertex -12.9343 5.35757 -2
      vertex -12.9343 5.35757 0
    endloop
  endfacet
  facet normal -0.162861 0.986649 0
    outer loop
      vertex -1.82737 13.8802 -2
      vertex -2.73126 13.731 0
      vertex -1.82737 13.8802 0
    endloop
  endfacet
  facet normal -0.162861 0.986649 0
    outer loop
      vertex -2.73126 13.731 0
      vertex -1.82737 13.8802 -2
      vertex -2.73126 13.731 -2
    endloop
  endfacet
  facet normal 0.93591 -0.35224 0
    outer loop
      vertex 12.9343 -5.35757 0
      vertex 13.257 -4.50015 -2
      vertex 13.257 -4.50015 0
    endloop
  endfacet
  facet normal 0.93591 -0.35224 0
    outer loop
      vertex 13.257 -4.50015 -2
      vertex 12.9343 -5.35757 0
      vertex 12.9343 -5.35757 -2
    endloop
  endfacet
  facet normal 0.973885 0.227041 0
    outer loop
      vertex 13.731 2.73126 0
      vertex 13.523 3.62347 -2
      vertex 13.523 3.62347 0
    endloop
  endfacet
  facet normal 0.973885 0.227041 0
    outer loop
      vertex 13.523 3.62347 -2
      vertex 13.731 2.73126 0
      vertex 13.731 2.73126 -2
    endloop
  endfacet
  facet normal 0.995184 0.0980202 0
    outer loop
      vertex 13.97 0.915644 0
      vertex 13.8802 1.82737 -2
      vertex 13.8802 1.82737 0
    endloop
  endfacet
  facet normal 0.995184 0.0980202 0
    outer loop
      vertex 13.8802 1.82737 -2
      vertex 13.97 0.915644 0
      vertex 13.97 0.915644 -2
    endloop
  endfacet
  facet normal 0.812811 0.582528 0
    outer loop
      vertex 11.6406 7.77798 0
      vertex 11.1069 8.52266 -2
      vertex 11.1069 8.52266 0
    endloop
  endfacet
  facet normal 0.812811 0.582528 0
    outer loop
      vertex 11.1069 8.52266 -2
      vertex 11.6406 7.77798 0
      vertex 11.6406 7.77798 -2
    endloop
  endfacet
  facet normal 0.773058 0.634336 0
    outer loop
      vertex 11.1069 8.52266 0
      vertex 10.5258 9.23084 -2
      vertex 10.5258 9.23084 0
    endloop
  endfacet
  facet normal 0.773058 0.634336 0
    outer loop
      vertex 10.5258 9.23084 -2
      vertex 11.1069 8.52266 0
      vertex 11.1069 8.52266 -2
    endloop
  endfacet
  facet normal 0.849192 0.528084 0
    outer loop
      vertex 12.1244 7 0
      vertex 11.6406 7.77798 -2
      vertex 11.6406 7.77798 0
    endloop
  endfacet
  facet normal 0.849192 0.528084 0
    outer loop
      vertex 11.6406 7.77798 -2
      vertex 12.1244 7 0
      vertex 12.1244 7 -2
    endloop
  endfacet
  facet normal 0.227041 0.973885 -0
    outer loop
      vertex 3.62347 13.523 -2
      vertex 2.73126 13.731 0
      vertex 3.62347 13.523 0
    endloop
  endfacet
  facet normal 0.227041 0.973885 0
    outer loop
      vertex 2.73126 13.731 0
      vertex 3.62347 13.523 -2
      vertex 2.73126 13.731 -2
    endloop
  endfacet
  facet normal 0.162861 0.986649 -0
    outer loop
      vertex 2.73126 13.731 -2
      vertex 1.82737 13.8802 0
      vertex 2.73126 13.731 0
    endloop
  endfacet
  facet normal 0.162861 0.986649 0
    outer loop
      vertex 1.82737 13.8802 0
      vertex 2.73126 13.731 -2
      vertex 1.82737 13.8802 -2
    endloop
  endfacet
  facet normal 0.471343 0.88195 -0
    outer loop
      vertex 7 12.1244 -2
      vertex 6.19204 12.5562 0
      vertex 7 12.1244 0
    endloop
  endfacet
  facet normal 0.471343 0.88195 0
    outer loop
      vertex 6.19204 12.5562 0
      vertex 7 12.1244 -2
      vertex 6.19204 12.5562 -2
    endloop
  endfacet
  facet normal 0.582528 0.812811 -0
    outer loop
      vertex 8.52266 11.1069 -2
      vertex 7.77798 11.6406 0
      vertex 8.52266 11.1069 0
    endloop
  endfacet
  facet normal 0.582528 0.812811 0
    outer loop
      vertex 7.77798 11.6406 0
      vertex 8.52266 11.1069 -2
      vertex 7.77798 11.6406 -2
    endloop
  endfacet
  facet normal -0.973885 0.227041 0
    outer loop
      vertex -13.731 2.73126 -2
      vertex -13.523 3.62347 0
      vertex -13.523 3.62347 -2
    endloop
  endfacet
  facet normal -0.973885 0.227041 0
    outer loop
      vertex -13.523 3.62347 0
      vertex -13.731 2.73126 -2
      vertex -13.731 2.73126 0
    endloop
  endfacet
  facet normal -0.812811 0.582528 0
    outer loop
      vertex -11.6406 7.77798 -2
      vertex -11.1069 8.52266 0
      vertex -11.1069 8.52266 -2
    endloop
  endfacet
  facet normal -0.812811 0.582528 0
    outer loop
      vertex -11.1069 8.52266 0
      vertex -11.6406 7.77798 -2
      vertex -11.6406 7.77798 0
    endloop
  endfacet
  facet normal -0.729836 0.683622 0
    outer loop
      vertex -10.5258 9.23084 -2
      vertex -9.89949 9.89949 0
      vertex -9.89949 9.89949 -2
    endloop
  endfacet
  facet normal -0.729836 0.683622 0
    outer loop
      vertex -9.89949 9.89949 0
      vertex -10.5258 9.23084 -2
      vertex -10.5258 9.23084 0
    endloop
  endfacet
  facet normal -0.986649 0.162861 0
    outer loop
      vertex -13.8802 1.82737 -2
      vertex -13.731 2.73126 0
      vertex -13.731 2.73126 -2
    endloop
  endfacet
  facet normal -0.986649 0.162861 0
    outer loop
      vertex -13.731 2.73126 0
      vertex -13.8802 1.82737 -2
      vertex -13.8802 1.82737 0
    endloop
  endfacet
  facet normal -0.528084 0.849192 0
    outer loop
      vertex -7 12.1244 -2
      vertex -7.77798 11.6406 0
      vertex -7 12.1244 0
    endloop
  endfacet
  facet normal -0.528084 0.849192 0
    outer loop
      vertex -7.77798 11.6406 0
      vertex -7 12.1244 -2
      vertex -7.77798 11.6406 -2
    endloop
  endfacet
  facet normal -0.412713 0.910861 0
    outer loop
      vertex -5.35757 12.9343 -2
      vertex -6.19204 12.5562 0
      vertex -5.35757 12.9343 0
    endloop
  endfacet
  facet normal -0.412713 0.910861 0
    outer loop
      vertex -6.19204 12.5562 0
      vertex -5.35757 12.9343 -2
      vertex -6.19204 12.5562 -2
    endloop
  endfacet
  facet normal -0.227041 0.973885 0
    outer loop
      vertex -2.73126 13.731 -2
      vertex -3.62347 13.523 0
      vertex -2.73126 13.731 0
    endloop
  endfacet
  facet normal -0.227041 0.973885 0
    outer loop
      vertex -3.62347 13.523 0
      vertex -2.73126 13.731 -2
      vertex -3.62347 13.523 -2
    endloop
  endfacet
  facet normal -0.0980202 0.995184 0
    outer loop
      vertex -0.915644 13.97 -2
      vertex -1.82737 13.8802 0
      vertex -0.915644 13.97 0
    endloop
  endfacet
  facet normal -0.0980202 0.995184 0
    outer loop
      vertex -1.82737 13.8802 0
      vertex -0.915644 13.97 -2
      vertex -1.82737 13.8802 -2
    endloop
  endfacet
  facet normal 0.634336 -0.773058 0
    outer loop
      vertex 8.52266 -11.1069 -2
      vertex 9.23084 -10.5258 0
      vertex 8.52266 -11.1069 0
    endloop
  endfacet
  facet normal 0.634336 -0.773058 0
    outer loop
      vertex 9.23084 -10.5258 0
      vertex 8.52266 -11.1069 -2
      vertex 9.23084 -10.5258 -2
    endloop
  endfacet
  facet normal 0.88195 -0.471343 0
    outer loop
      vertex 12.1244 -7 0
      vertex 12.5562 -6.19204 -2
      vertex 12.5562 -6.19204 0
    endloop
  endfacet
  facet normal 0.88195 -0.471343 0
    outer loop
      vertex 12.5562 -6.19204 -2
      vertex 12.1244 -7 0
      vertex 12.1244 -7 -2
    endloop
  endfacet
  facet normal -0.683622 -0.729836 0
    outer loop
      vertex -9.89949 -9.89949 -2
      vertex -9.23084 -10.5258 0
      vertex -9.89949 -9.89949 0
    endloop
  endfacet
  facet normal -0.683622 -0.729836 -0
    outer loop
      vertex -9.23084 -10.5258 0
      vertex -9.89949 -9.89949 -2
      vertex -9.23084 -10.5258 -2
    endloop
  endfacet
  facet normal -0.162861 -0.986649 0
    outer loop
      vertex -2.73126 -13.731 -2
      vertex -1.82737 -13.8802 0
      vertex -2.73126 -13.731 0
    endloop
  endfacet
  facet normal -0.162861 -0.986649 -0
    outer loop
      vertex -1.82737 -13.8802 0
      vertex -2.73126 -13.731 -2
      vertex -1.82737 -13.8802 -2
    endloop
  endfacet
  facet normal -0.910861 -0.412713 0
    outer loop
      vertex -12.5562 -6.19204 -2
      vertex -12.9343 -5.35757 0
      vertex -12.9343 -5.35757 -2
    endloop
  endfacet
  facet normal -0.910861 -0.412713 0
    outer loop
      vertex -12.9343 -5.35757 0
      vertex -12.5562 -6.19204 -2
      vertex -12.5562 -6.19204 0
    endloop
  endfacet
  facet normal -0.973885 -0.227041 0
    outer loop
      vertex -13.523 -3.62347 -2
      vertex -13.731 -2.73126 0
      vertex -13.731 -2.73126 -2
    endloop
  endfacet
  facet normal -0.973885 -0.227041 0
    outer loop
      vertex -13.731 -2.73126 0
      vertex -13.523 -3.62347 -2
      vertex -13.523 -3.62347 0
    endloop
  endfacet
  facet normal 0 0 -1
    outer loop
      vertex 12 0 -2
      vertex 14 0 -2
      vertex 13.97 -0.915644 -2
    endloop
  endfacet
  facet normal 0 0 -1
    outer loop
      vertex 11.9743 -0.784837 -2
      vertex 13.97 -0.915644 -2
      vertex 13.8802 -1.82737 -2
    endloop
  endfacet
  facet normal 0 0 -1
    outer loop
      vertex 14 0 -2
      vertex 12 0 -2
      vertex 13.97 0.915644 -2
    endloop
  endfacet
  facet normal 0 0 -1
    outer loop
      vertex 11.8973 -1.56631 -2
      vertex 13.8802 -1.82737 -2
      vertex 13.731 -2.73126 -2
    endloop
  endfacet
  facet normal 0 0 -1
    outer loop
      vertex 11.9743 0.784837 -2
      vertex 13.97 0.915644 -2
      vertex 12 0 -2
    endloop
  endfacet
  facet normal 0 0 -1
    outer loop
      vertex 11.7694 -2.34108 -2
      vertex 13.731 -2.73126 -2
      vertex 13.523 -3.62347 -2
    endloop
  endfacet
  facet normal -0 0 -1
    outer loop
      vertex 13.97 0.915644 -2
      vertex 11.9743 0.784837 -2
      vertex 13.8802 1.82737 -2
    endloop
  endfacet
  facet normal 0 0 -1
    outer loop
      vertex 11.5911 -3.10583 -2
      vertex 13.523 -3.62347 -2
      vertex 13.257 -4.50015 -2
    endloop
  endfacet
  facet normal 0 0 -1
    outer loop
      vertex 11.8973 1.56631 -2
      vertex 13.8802 1.82737 -2
      vertex 11.9743 0.784837 -2
    endloop
  endfacet
  facet normal 0 0 -1
    outer loop
      vertex 11.3632 -3.85727 -2
      vertex 13.257 -4.50015 -2
      vertex 12.9343 -5.35757 -2
    endloop
  endfacet
  facet normal -0 0 -1
    outer loop
      vertex 13.8802 1.82737 -2
      vertex 11.8973 1.56631 -2
      vertex 13.731 2.73126 -2
    endloop
  endfacet
  facet normal 0 0 -1
    outer loop
      vertex 11.0866 -4.5922 -2
      vertex 12.9343 -5.35757 -2
      vertex 12.5562 -6.19204 -2
    endloop
  endfacet
  facet normal 0 0 -1
    outer loop
      vertex 11.7694 2.34108 -2
      vertex 13.731 2.73126 -2
      vertex 11.8973 1.56631 -2
    endloop
  endfacet
  facet normal 0 0 -1
    outer loop
      vertex 10.7625 -5.30746 -2
      vertex 12.5562 -6.19204 -2
      vertex 12.1244 -7 -2
    endloop
  endfacet
  facet normal -0 0 -1
    outer loop
      vertex 13.731 2.73126 -2
      vertex 11.7694 2.34108 -2
      vertex 13.523 3.62347 -2
    endloop
  endfacet
  facet normal 0 0 -1
    outer loop
      vertex 11.5911 3.10583 -2
      vertex 13.523 3.62347 -2
      vertex 11.7694 2.34108 -2
    endloop
  endfacet
  facet normal 0 0 -1
    outer loop
      vertex 13.97 -0.915644 -2
      vertex 11.9743 -0.784837 -2
      vertex 12 0 -2
    endloop
  endfacet
  facet normal 0 0 -1
    outer loop
      vertex 13.8802 -1.82737 -2
      vertex 11.8973 -1.56631 -2
      vertex 11.9743 -0.784837 -2
    endloop
  endfacet
  facet normal 0 0 -1
    outer loop
      vertex 13.731 -2.73126 -2
      vertex 11.7694 -2.34108 -2
      vertex 11.8973 -1.56631 -2
    endloop
  endfacet
  facet normal 0 0 -1
    outer loop
      vertex 10.3923 -6 -2
      vertex 12.1244 -7 -2
      vertex 11.6406 -7.77798 -2
    endloop
  endfacet
  facet normal 0 0 -1
    outer loop
      vertex 13.523 -3.62347 -2
      vertex 11.5911 -3.10583 -2
      vertex 11.7694 -2.34108 -2
    endloop
  endfacet
  facet normal 0 0 -1
    outer loop
      vertex 13.257 -4.50015 -2
      vertex 11.3632 -3.85727 -2
      vertex 11.5911 -3.10583 -2
    endloop
  endfacet
  facet normal 0 0 -1
    outer loop
      vertex 9.97763 -6.66684 -2
      vertex 11.6406 -7.77798 -2
      vertex 11.1069 -8.52266 -2
    endloop
  endfacet
  facet normal 0 0 -1
    outer loop
      vertex 12.9343 -5.35757 -2
      vertex 11.0866 -4.5922 -2
      vertex 11.3632 -3.85727 -2
    endloop
  endfacet
  facet normal 0 0 -1
    outer loop
      vertex 12.5562 -6.19204 -2
      vertex 10.7625 -5.30746 -2
      vertex 11.0866 -4.5922 -2
    endloop
  endfacet
  facet normal 0 0 -1
    outer loop
      vertex 9.52024 -7.30514 -2
      vertex 11.1069 -8.52266 -2
      vertex 10.5258 -9.23084 -2
    endloop
  endfacet
  facet normal 0 0 -1
    outer loop
      vertex 12.1244 -7 -2
      vertex 10.3923 -6 -2
      vertex 10.7625 -5.30746 -2
    endloop
  endfacet
  facet normal 0 0 -1
    outer loop
      vertex 11.6406 -7.77798 -2
      vertex 9.97763 -6.66684 -2
      vertex 10.3923 -6 -2
    endloop
  endfacet
  facet normal 0 0 -1
    outer loop
      vertex 9.02208 -7.91215 -2
      vertex 10.5258 -9.23084 -2
      vertex 9.89949 -9.89949 -2
    endloop
  endfacet
  facet normal 0 0 -1
    outer loop
      vertex 11.1069 -8.52266 -2
      vertex 9.52024 -7.30514 -2
      vertex 9.97763 -6.66684 -2
    endloop
  endfacet
  facet normal 0 0 -1
    outer loop
      vertex 8.48528 -8.48528 -2
      vertex 9.89949 -9.89949 -2
      vertex 9.23084 -10.5258 -2
    endloop
  endfacet
  facet normal 0 0 -1
    outer loop
      vertex 10.5258 -9.23084 -2
      vertex 9.02208 -7.91215 -2
      vertex 9.52024 -7.30514 -2
    endloop
  endfacet
  facet normal 0 0 -1
    outer loop
      vertex 7.91215 -9.02208 -2
      vertex 9.23084 -10.5258 -2
      vertex 8.52266 -11.1069 -2
    endloop
  endfacet
  facet normal 0 0 -1
    outer loop
      vertex 9.89949 -9.89949 -2
      vertex 8.48528 -8.48528 -2
      vertex 9.02208 -7.91215 -2
    endloop
  endfacet
  facet normal 0 0 -1
    outer loop
      vertex 9.23084 -10.5258 -2
      vertex 7.91215 -9.02208 -2
      vertex 8.48528 -8.48528 -2
    endloop
  endfacet
  facet normal 0 0 -1
    outer loop
      vertex 7.30514 -9.52024 -2
      vertex 8.52266 -11.1069 -2
      vertex 7.77798 -11.6406 -2
    endloop
  endfacet
  facet normal 0 0 -1
    outer loop
      vertex 8.52266 -11.1069 -2
      vertex 7.30514 -9.52024 -2
      vertex 7.91215 -9.02208 -2
    endloop
  endfacet
  facet normal 0 0 -1
    outer loop
      vertex 6.66684 -9.97763 -2
      vertex 7.77798 -11.6406 -2
      vertex 7 -12.1244 -2
    endloop
  endfacet
  facet normal 0 0 -1
    outer loop
      vertex 7.77798 -11.6406 -2
      vertex 6.66684 -9.97763 -2
      vertex 7.30514 -9.52024 -2
    endloop
  endfacet
  facet normal 0 0 -1
    outer loop
      vertex 6 -10.3923 -2
      vertex 7 -12.1244 -2
      vertex 6.19204 -12.5562 -2
    endloop
  endfacet
  facet normal 0 0 -1
    outer loop
      vertex 7 -12.1244 -2
      vertex 6 -10.3923 -2
      vertex 6.66684 -9.97763 -2
    endloop
  endfacet
  facet normal 0 0 -1
    outer loop
      vertex 5.30746 -10.7625 -2
      vertex 6.19204 -12.5562 -2
      vertex 5.35757 -12.9343 -2
    endloop
  endfacet
  facet normal 0 0 -1
    outer loop
      vertex 6.19204 -12.5562 -2
      vertex 5.30746 -10.7625 -2
      vertex 6 -10.3923 -2
    endloop
  endfacet
  facet normal 0 0 -1
    outer loop
      vertex 5.35757 -12.9343 -2
      vertex 4.5922 -11.0866 -2
      vertex 5.30746 -10.7625 -2
    endloop
  endfacet
  facet normal 0 0 -1
    outer loop
      vertex 4.50015 -13.257 -2
      vertex 4.5922 -11.0866 -2
      vertex 5.35757 -12.9343 -2
    endloop
  endfacet
  facet normal 0 0 -1
    outer loop
      vertex 4.50015 -13.257 -2
      vertex 3.85727 -11.3632 -2
      vertex 4.5922 -11.0866 -2
    endloop
  endfacet
  facet normal 0 0 -1
    outer loop
      vertex 3.62347 -13.523 -2
      vertex 3.85727 -11.3632 -2
      vertex 4.50015 -13.257 -2
    endloop
  endfacet
  facet normal 0 0 -1
    outer loop
      vertex 3.62347 -13.523 -2
      vertex 3.10583 -11.5911 -2
      vertex 3.85727 -11.3632 -2
    endloop
  endfacet
  facet normal 0 0 -1
    outer loop
      vertex 2.73126 -13.731 -2
      vertex 3.10583 -11.5911 -2
      vertex 3.62347 -13.523 -2
    endloop
  endfacet
  facet normal 0 0 -1
    outer loop
      vertex 2.73126 -13.731 -2
      vertex 2.34108 -11.7694 -2
      vertex 3.10583 -11.5911 -2
    endloop
  endfacet
  facet normal 0 0 -1
    outer loop
      vertex 1.82737 -13.8802 -2
      vertex 2.34108 -11.7694 -2
      vertex 2.73126 -13.731 -2
    endloop
  endfacet
  facet normal 0 0 -1
    outer loop
      vertex 1.82737 -13.8802 -2
      vertex 1.56631 -11.8973 -2
      vertex 2.34108 -11.7694 -2
    endloop
  endfacet
  facet normal 0 0 -1
    outer loop
      vertex 0.915644 -13.97 -2
      vertex 1.56631 -11.8973 -2
      vertex 1.82737 -13.8802 -2
    endloop
  endfacet
  facet normal 0 0 -1
    outer loop
      vertex 0.915644 -13.97 -2
      vertex 0.784837 -11.9743 -2
      vertex 1.56631 -11.8973 -2
    endloop
  endfacet
  facet normal 0 0 -1
    outer loop
      vertex 0 -14 -2
      vertex 0.784837 -11.9743 -2
      vertex 0.915644 -13.97 -2
    endloop
  endfacet
  facet normal 0 0 -1
    outer loop
      vertex 0 -14 -2
      vertex 0 -12 -2
      vertex 0.784837 -11.9743 -2
    endloop
  endfacet
  facet normal 0 0 -1
    outer loop
      vertex 0 -14 -2
      vertex -0.784837 -11.9743 -2
      vertex 0 -12 -2
    endloop
  endfacet
  facet normal 0 0 -1
    outer loop
      vertex -0.915644 -13.97 -2
      vertex -0.784837 -11.9743 -2
      vertex 0 -14 -2
    endloop
  endfacet
  facet normal 0 0 -1
    outer loop
      vertex -0.915644 -13.97 -2
      vertex -1.56631 -11.8973 -2
      vertex -0.784837 -11.9743 -2
    endloop
  endfacet
  facet normal 0 0 -1
    outer loop
      vertex -1.82737 -13.8802 -2
      vertex -1.56631 -11.8973 -2
      vertex -0.915644 -13.97 -2
    endloop
  endfacet
  facet normal 0 0 -1
    outer loop
      vertex -1.82737 -13.8802 -2
      vertex -2.34108 -11.7694 -2
      vertex -1.56631 -11.8973 -2
    endloop
  endfacet
  facet normal 0 0 -1
    outer loop
      vertex -2.73126 -13.731 -2
      vertex -2.34108 -11.7694 -2
      vertex -1.82737 -13.8802 -2
    endloop
  endfacet
  facet normal 0 0 -1
    outer loop
      vertex -2.73126 -13.731 -2
      vertex -3.10583 -11.5911 -2
      vertex -2.34108 -11.7694 -2
    endloop
  endfacet
  facet normal 0 0 -1
    outer loop
      vertex -3.62347 -13.523 -2
      vertex -3.10583 -11.5911 -2
      vertex -2.73126 -13.731 -2
    endloop
  endfacet
  facet normal 0 0 -1
    outer loop
      vertex -3.62347 -13.523 -2
      vertex -3.85727 -11.3632 -2
      vertex -3.10583 -11.5911 -2
    endloop
  endfacet
  facet normal 0 0 -1
    outer loop
      vertex -4.50015 -13.257 -2
      vertex -3.85727 -11.3632 -2
      vertex -3.62347 -13.523 -2
    endloop
  endfacet
  facet normal 0 0 -1
    outer loop
      vertex -4.50015 -13.257 -2
      vertex -4.5922 -11.0866 -2
      vertex -3.85727 -11.3632 -2
    endloop
  endfacet
  facet normal 0 0 -1
    outer loop
      vertex -5.35757 -12.9343 -2
      vertex -4.5922 -11.0866 -2
      vertex -4.50015 -13.257 -2
    endloop
  endfacet
  facet normal -0 0 -1
    outer loop
      vertex -4.5922 -11.0866 -2
      vertex -5.35757 -12.9343 -2
      vertex -5.30746 -10.7625 -2
    endloop
  endfacet
  facet normal 0 0 -1
    outer loop
      vertex -6.19204 -12.5562 -2
      vertex -5.30746 -10.7625 -2
      vertex -5.35757 -12.9343 -2
    endloop
  endfacet
  facet normal -0 0 -1
    outer loop
      vertex -5.30746 -10.7625 -2
      vertex -6.19204 -12.5562 -2
      vertex -6 -10.3923 -2
    endloop
  endfacet
  facet normal 0 0 -1
    outer loop
      vertex -7 -12.1244 -2
      vertex -6 -10.3923 -2
      vertex -6.19204 -12.5562 -2
    endloop
  endfacet
  facet normal -0 0 -1
    outer loop
      vertex -6 -10.3923 -2
      vertex -7 -12.1244 -2
      vertex -6.66684 -9.97763 -2
    endloop
  endfacet
  facet normal 0 0 -1
    outer loop
      vertex -7.77798 -11.6406 -2
      vertex -6.66684 -9.97763 -2
      vertex -7 -12.1244 -2
    endloop
  endfacet
  facet normal -0 0 -1
    outer loop
      vertex -6.66684 -9.97763 -2
      vertex -7.77798 -11.6406 -2
      vertex -7.30514 -9.52024 -2
    endloop
  endfacet
  facet normal 0 0 -1
    outer loop
      vertex -8.52266 -11.1069 -2
      vertex -7.30514 -9.52024 -2
      vertex -7.77798 -11.6406 -2
    endloop
  endfacet
  facet normal -0 0 -1
    outer loop
      vertex -7.30514 -9.52024 -2
      vertex -8.52266 -11.1069 -2
      vertex -7.91215 -9.02208 -2
    endloop
  endfacet
  facet normal 0 0 -1
    outer loop
      vertex -9.23084 -10.5258 -2
      vertex -7.91215 -9.02208 -2
      vertex -8.52266 -11.1069 -2
    endloop
  endfacet
  facet normal -0 0 -1
    outer loop
      vertex -7.91215 -9.02208 -2
      vertex -9.23084 -10.5258 -2
      vertex -8.48528 -8.48528 -2
    endloop
  endfacet
  facet normal 0 0 -1
    outer loop
      vertex -9.89949 -9.89949 -2
      vertex -8.48528 -8.48528 -2
      vertex -9.23084 -10.5258 -2
    endloop
  endfacet
  facet normal -0 0 -1
    outer loop
      vertex -8.48528 -8.48528 -2
      vertex -9.89949 -9.89949 -2
      vertex -9.02208 -7.91215 -2
    endloop
  endfacet
  facet normal 0 0 -1
    outer loop
      vertex -10.5258 -9.23084 -2
      vertex -9.02208 -7.91215 -2
      vertex -9.89949 -9.89949 -2
    endloop
  endfacet
  facet normal -0 0 -1
    outer loop
      vertex -9.02208 -7.91215 -2
      vertex -10.5258 -9.23084 -2
      vertex -9.52024 -7.30514 -2
    endloop
  endfacet
  facet normal 0 0 -1
    outer loop
      vertex -11.1069 -8.52266 -2
      vertex -9.52024 -7.30514 -2
      vertex -10.5258 -9.23084 -2
    endloop
  endfacet
  facet normal -0 0 -1
    outer loop
      vertex -9.52024 -7.30514 -2
      vertex -11.1069 -8.52266 -2
      vertex -9.97763 -6.66684 -2
    endloop
  endfacet
  facet normal 0 0 -1
    outer loop
      vertex -11.6406 -7.77798 -2
      vertex -9.97763 -6.66684 -2
      vertex -11.1069 -8.52266 -2
    endloop
  endfacet
  facet normal -0 0 -1
    outer loop
      vertex -9.97763 -6.66684 -2
      vertex -11.6406 -7.77798 -2
      vertex -10.3923 -6 -2
    endloop
  endfacet
  facet normal 0 0 -1
    outer loop
      vertex -12.1244 -7 -2
      vertex -10.3923 -6 -2
      vertex -11.6406 -7.77798 -2
    endloop
  endfacet
  facet normal -0 0 -1
    outer loop
      vertex -10.3923 -6 -2
      vertex -12.1244 -7 -2
      vertex -10.7625 -5.30746 -2
    endloop
  endfacet
  facet normal 0 0 -1
    outer loop
      vertex -12.5562 -6.19204 -2
      vertex -10.7625 -5.30746 -2
      vertex -12.1244 -7 -2
    endloop
  endfacet
  facet normal -0 0 -1
    outer loop
      vertex -10.7625 -5.30746 -2
      vertex -12.5562 -6.19204 -2
      vertex -11.0866 -4.5922 -2
    endloop
  endfacet
  facet normal 0 0 -1
    outer loop
      vertex -12.9343 -5.35757 -2
      vertex -11.0866 -4.5922 -2
      vertex -12.5562 -6.19204 -2
    endloop
  endfacet
  facet normal -0 0 -1
    outer loop
      vertex -11.0866 -4.5922 -2
      vertex -12.9343 -5.35757 -2
      vertex -11.3632 -3.85727 -2
    endloop
  endfacet
  facet normal 0 0 -1
    outer loop
      vertex -13.257 -4.50015 -2
      vertex -11.3632 -3.85727 -2
      vertex -12.9343 -5.35757 -2
    endloop
  endfacet
  facet normal 0 0 -1
    outer loop
      vertex -13.523 -3.62347 -2
      vertex -11.5911 -3.10583 -2
      vertex -13.257 -4.50015 -2
    endloop
  endfacet
  facet normal -0 0 -1
    outer loop
      vertex -11.3632 -3.85727 -2
      vertex -13.257 -4.50015 -2
      vertex -11.5911 -3.10583 -2
    endloop
  endfacet
  facet normal -0 0 -1
    outer loop
      vertex 13.523 3.62347 -2
      vertex 11.5911 3.10583 -2
      vertex 13.257 4.50015 -2
    endloop
  endfacet
  facet normal 0 0 -1
    outer loop
      vertex 11.3632 3.85727 -2
      vertex 13.257 4.50015 -2
      vertex 11.5911 3.10583 -2
    endloop
  endfacet
  facet normal -0 0 -1
    outer loop
      vertex 13.257 4.50015 -2
      vertex 11.3632 3.85727 -2
      vertex 12.9343 5.35757 -2
    endloop
  endfacet
  facet normal 0 0 -1
    outer loop
      vertex 11.0866 4.5922 -2
      vertex 12.9343 5.35757 -2
      vertex 11.3632 3.85727 -2
    endloop
  endfacet
  facet normal -0 0 -1
    outer loop
      vertex 12.9343 5.35757 -2
      vertex 11.0866 4.5922 -2
      vertex 12.5562 6.19204 -2
    endloop
  endfacet
  facet normal 0 0 -1
    outer loop
      vertex 10.7625 5.30746 -2
      vertex 12.5562 6.19204 -2
      vertex 11.0866 4.5922 -2
    endloop
  endfacet
  facet normal -0 0 -1
    outer loop
      vertex 12.5562 6.19204 -2
      vertex 10.7625 5.30746 -2
      vertex 12.1244 7 -2
    endloop
  endfacet
  facet normal 0 0 -1
    outer loop
      vertex 10.3923 6 -2
      vertex 12.1244 7 -2
      vertex 10.7625 5.30746 -2
    endloop
  endfacet
  facet normal -0 0 -1
    outer loop
      vertex 12.1244 7 -2
      vertex 10.3923 6 -2
      vertex 11.6406 7.77798 -2
    endloop
  endfacet
  facet normal 0 0 -1
    outer loop
      vertex 9.97763 6.66684 -2
      vertex 11.6406 7.77798 -2
      vertex 10.3923 6 -2
    endloop
  endfacet
  facet normal -0 0 -1
    outer loop
      vertex 11.6406 7.77798 -2
      vertex 9.97763 6.66684 -2
      vertex 11.1069 8.52266 -2
    endloop
  endfacet
  facet normal 0 0 -1
    outer loop
      vertex 9.52024 7.30514 -2
      vertex 11.1069 8.52266 -2
      vertex 9.97763 6.66684 -2
    endloop
  endfacet
  facet normal -0 0 -1
    outer loop
      vertex 11.1069 8.52266 -2
      vertex 9.52024 7.30514 -2
      vertex 10.5258 9.23084 -2
    endloop
  endfacet
  facet normal 0 0 -1
    outer loop
      vertex 9.02208 7.91215 -2
      vertex 10.5258 9.23084 -2
      vertex 9.52024 7.30514 -2
    endloop
  endfacet
  facet normal -0 0 -1
    outer loop
      vertex 10.5258 9.23084 -2
      vertex 9.02208 7.91215 -2
      vertex 9.89949 9.89949 -2
    endloop
  endfacet
  facet normal 0 0 -1
    outer loop
      vertex 8.48528 8.48528 -2
      vertex 9.89949 9.89949 -2
      vertex 9.02208 7.91215 -2
    endloop
  endfacet
  facet normal -0 0 -1
    outer loop
      vertex 9.89949 9.89949 -2
      vertex 8.48528 8.48528 -2
      vertex 9.23084 10.5258 -2
    endloop
  endfacet
  facet normal 0 0 -1
    outer loop
      vertex 7.91215 9.02208 -2
      vertex 9.23084 10.5258 -2
      vertex 8.48528 8.48528 -2
    endloop
  endfacet
  facet normal -0 0 -1
    outer loop
      vertex 9.23084 10.5258 -2
      vertex 7.91215 9.02208 -2
      vertex 8.52266 11.1069 -2
    endloop
  endfacet
  facet normal 0 0 -1
    outer loop
      vertex 7.30514 9.52024 -2
      vertex 8.52266 11.1069 -2
      vertex 7.91215 9.02208 -2
    endloop
  endfacet
  facet normal -0 0 -1
    outer loop
      vertex 8.52266 11.1069 -2
      vertex 7.30514 9.52024 -2
      vertex 7.77798 11.6406 -2
    endloop
  endfacet
  facet normal 0 0 -1
    outer loop
      vertex 6.66684 9.97763 -2
      vertex 7.77798 11.6406 -2
      vertex 7.30514 9.52024 -2
    endloop
  endfacet
  facet normal -0 0 -1
    outer loop
      vertex 7.77798 11.6406 -2
      vertex 6.66684 9.97763 -2
      vertex 7 12.1244 -2
    endloop
  endfacet
  facet normal 0 0 -1
    outer loop
      vertex 6 10.3923 -2
      vertex 7 12.1244 -2
      vertex 6.66684 9.97763 -2
    endloop
  endfacet
  facet normal -0 0 -1
    outer loop
      vertex 7 12.1244 -2
      vertex 6 10.3923 -2
      vertex 6.19204 12.5562 -2
    endloop
  endfacet
  facet normal 0 0 -1
    outer loop
      vertex 5.30746 10.7625 -2
      vertex 6.19204 12.5562 -2
      vertex 6 10.3923 -2
    endloop
  endfacet
  facet normal -0 0 -1
    outer loop
      vertex 6.19204 12.5562 -2
      vertex 5.30746 10.7625 -2
      vertex 5.35757 12.9343 -2
    endloop
  endfacet
  facet normal 0 0 -1
    outer loop
      vertex 4.5922 11.0866 -2
      vertex 5.35757 12.9343 -2
      vertex 5.30746 10.7625 -2
    endloop
  endfacet
  facet normal 0 0 -1
    outer loop
      vertex 4.5922 11.0866 -2
      vertex 4.50015 13.257 -2
      vertex 5.35757 12.9343 -2
    endloop
  endfacet
  facet normal 0 0 -1
    outer loop
      vertex 3.85727 11.3632 -2
      vertex 4.50015 13.257 -2
      vertex 4.5922 11.0866 -2
    endloop
  endfacet
  facet normal 0 0 -1
    outer loop
      vertex 3.85727 11.3632 -2
      vertex 3.62347 13.523 -2
      vertex 4.50015 13.257 -2
    endloop
  endfacet
  facet normal 0 0 -1
    outer loop
      vertex 3.10583 11.5911 -2
      vertex 3.62347 13.523 -2
      vertex 3.85727 11.3632 -2
    endloop
  endfacet
  facet normal 0 0 -1
    outer loop
      vertex 3.10583 11.5911 -2
      vertex 2.73126 13.731 -2
      vertex 3.62347 13.523 -2
    endloop
  endfacet
  facet normal 0 0 -1
    outer loop
      vertex 2.34108 11.7694 -2
      vertex 2.73126 13.731 -2
      vertex 3.10583 11.5911 -2
    endloop
  endfacet
  facet normal 0 0 -1
    outer loop
      vertex 2.34108 11.7694 -2
      vertex 1.82737 13.8802 -2
      vertex 2.73126 13.731 -2
    endloop
  endfacet
  facet normal 0 0 -1
    outer loop
      vertex 1.56631 11.8973 -2
      vertex 1.82737 13.8802 -2
      vertex 2.34108 11.7694 -2
    endloop
  endfacet
  facet normal 0 0 -1
    outer loop
      vertex 1.56631 11.8973 -2
      vertex 0.915644 13.97 -2
      vertex 1.82737 13.8802 -2
    endloop
  endfacet
  facet normal 0 0 -1
    outer loop
      vertex 0.784837 11.9743 -2
      vertex 0.915644 13.97 -2
      vertex 1.56631 11.8973 -2
    endloop
  endfacet
  facet normal 0 0 -1
    outer loop
      vertex 0 12 -2
      vertex 0.915644 13.97 -2
      vertex 0.784837 11.9743 -2
    endloop
  endfacet
  facet normal 0 0 -1
    outer loop
      vertex 0 12 -2
      vertex 0 14 -2
      vertex 0.915644 13.97 -2
    endloop
  endfacet
  facet normal 0 0 -1
    outer loop
      vertex -0.784837 11.9743 -2
      vertex 0 14 -2
      vertex 0 12 -2
    endloop
  endfacet
  facet normal 0 0 -1
    outer loop
      vertex -0.784837 11.9743 -2
      vertex -0.915644 13.97 -2
      vertex 0 14 -2
    endloop
  endfacet
  facet normal 0 0 -1
    outer loop
      vertex -1.56631 11.8973 -2
      vertex -0.915644 13.97 -2
      vertex -0.784837 11.9743 -2
    endloop
  endfacet
  facet normal 0 0 -1
    outer loop
      vertex -1.56631 11.8973 -2
      vertex -1.82737 13.8802 -2
      vertex -0.915644 13.97 -2
    endloop
  endfacet
  facet normal 0 0 -1
    outer loop
      vertex -2.34108 11.7694 -2
      vertex -1.82737 13.8802 -2
      vertex -1.56631 11.8973 -2
    endloop
  endfacet
  facet normal 0 0 -1
    outer loop
      vertex -2.34108 11.7694 -2
      vertex -2.73126 13.731 -2
      vertex -1.82737 13.8802 -2
    endloop
  endfacet
  facet normal 0 0 -1
    outer loop
      vertex -3.10583 11.5911 -2
      vertex -2.73126 13.731 -2
      vertex -2.34108 11.7694 -2
    endloop
  endfacet
  facet normal 0 0 -1
    outer loop
      vertex -3.10583 11.5911 -2
      vertex -3.62347 13.523 -2
      vertex -2.73126 13.731 -2
    endloop
  endfacet
  facet normal 0 0 -1
    outer loop
      vertex -3.85727 11.3632 -2
      vertex -3.62347 13.523 -2
      vertex -3.10583 11.5911 -2
    endloop
  endfacet
  facet normal 0 0 -1
    outer loop
      vertex -3.85727 11.3632 -2
      vertex -4.50015 13.257 -2
      vertex -3.62347 13.523 -2
    endloop
  endfacet
  facet normal 0 0 -1
    outer loop
      vertex -4.5922 11.0866 -2
      vertex -4.50015 13.257 -2
      vertex -3.85727 11.3632 -2
    endloop
  endfacet
  facet normal 0 0 -1
    outer loop
      vertex -5.35757 12.9343 -2
      vertex -4.5922 11.0866 -2
      vertex -5.30746 10.7625 -2
    endloop
  endfacet
  facet normal 0 0 -1
    outer loop
      vertex -4.5922 11.0866 -2
      vertex -5.35757 12.9343 -2
      vertex -4.50015 13.257 -2
    endloop
  endfacet
  facet normal 0 0 -1
    outer loop
      vertex -6.19204 12.5562 -2
      vertex -5.30746 10.7625 -2
      vertex -6 10.3923 -2
    endloop
  endfacet
  facet normal 0 0 -1
    outer loop
      vertex -5.30746 10.7625 -2
      vertex -6.19204 12.5562 -2
      vertex -5.35757 12.9343 -2
    endloop
  endfacet
  facet normal 0 0 -1
    outer loop
      vertex -7 12.1244 -2
      vertex -6 10.3923 -2
      vertex -6.66684 9.97763 -2
    endloop
  endfacet
  facet normal 0 0 -1
    outer loop
      vertex -6 10.3923 -2
      vertex -7 12.1244 -2
      vertex -6.19204 12.5562 -2
    endloop
  endfacet
  facet normal 0 0 -1
    outer loop
      vertex -7.77798 11.6406 -2
      vertex -6.66684 9.97763 -2
      vertex -7.30514 9.52024 -2
    endloop
  endfacet
  facet normal 0 0 -1
    outer loop
      vertex -6.66684 9.97763 -2
      vertex -7.77798 11.6406 -2
      vertex -7 12.1244 -2
    endloop
  endfacet
  facet normal 0 0 -1
    outer loop
      vertex -8.52266 11.1069 -2
      vertex -7.30514 9.52024 -2
      vertex -7.91215 9.02208 -2
    endloop
  endfacet
  facet normal 0 0 -1
    outer loop
      vertex -9.23084 10.5258 -2
      vertex -7.91215 9.02208 -2
      vertex -8.48528 8.48528 -2
    endloop
  endfacet
  facet normal 0 0 -1
    outer loop
      vertex -7.30514 9.52024 -2
      vertex -8.52266 11.1069 -2
      vertex -7.77798 11.6406 -2
    endloop
  endfacet
  facet normal 0 0 -1
    outer loop
      vertex -9.89949 9.89949 -2
      vertex -8.48528 8.48528 -2
      vertex -9.02208 7.91215 -2
    endloop
  endfacet
  facet normal 0 0 -1
    outer loop
      vertex -7.91215 9.02208 -2
      vertex -9.23084 10.5258 -2
      vertex -8.52266 11.1069 -2
    endloop
  endfacet
  facet normal 0 0 -1
    outer loop
      vertex -10.5258 9.23084 -2
      vertex -9.02208 7.91215 -2
      vertex -9.52024 7.30514 -2
    endloop
  endfacet
  facet normal 0 0 -1
    outer loop
      vertex -8.48528 8.48528 -2
      vertex -9.89949 9.89949 -2
      vertex -9.23084 10.5258 -2
    endloop
  endfacet
  facet normal 0 0 -1
    outer loop
      vertex -11.1069 8.52266 -2
      vertex -9.52024 7.30514 -2
      vertex -9.97763 6.66684 -2
    endloop
  endfacet
  facet normal 0 0 -1
    outer loop
      vertex -11.6406 7.77798 -2
      vertex -9.97763 6.66684 -2
      vertex -10.3923 6 -2
    endloop
  endfacet
  facet normal 0 0 -1
    outer loop
      vertex -9.02208 7.91215 -2
      vertex -10.5258 9.23084 -2
      vertex -9.89949 9.89949 -2
    endloop
  endfacet
  facet normal 0 0 -1
    outer loop
      vertex -12.1244 7 -2
      vertex -10.3923 6 -2
      vertex -10.7625 5.30746 -2
    endloop
  endfacet
  facet normal 0 0 -1
    outer loop
      vertex -12.5562 6.19204 -2
      vertex -10.7625 5.30746 -2
      vertex -11.0866 4.5922 -2
    endloop
  endfacet
  facet normal 0 0 -1
    outer loop
      vertex -9.52024 7.30514 -2
      vertex -11.1069 8.52266 -2
      vertex -10.5258 9.23084 -2
    endloop
  endfacet
  facet normal 0 0 -1
    outer loop
      vertex -12.9343 5.35757 -2
      vertex -11.0866 4.5922 -2
      vertex -11.3632 3.85727 -2
    endloop
  endfacet
  facet normal 0 0 -1
    outer loop
      vertex -13.257 4.50015 -2
      vertex -11.3632 3.85727 -2
      vertex -11.5911 3.10583 -2
    endloop
  endfacet
  facet normal 0 0 -1
    outer loop
      vertex -9.97763 6.66684 -2
      vertex -11.6406 7.77798 -2
      vertex -11.1069 8.52266 -2
    endloop
  endfacet
  facet normal 0 0 -1
    outer loop
      vertex -13.523 3.62347 -2
      vertex -11.5911 3.10583 -2
      vertex -11.7694 2.34108 -2
    endloop
  endfacet
  facet normal 0 0 -1
    outer loop
      vertex -13.731 2.73126 -2
      vertex -11.7694 2.34108 -2
      vertex -11.8973 1.56631 -2
    endloop
  endfacet
  facet normal 0 0 -1
    outer loop
      vertex -13.8802 1.82737 -2
      vertex -11.8973 1.56631 -2
      vertex -11.9743 0.784837 -2
    endloop
  endfacet
  facet normal 0 0 -1
    outer loop
      vertex -10.3923 6 -2
      vertex -12.1244 7 -2
      vertex -11.6406 7.77798 -2
    endloop
  endfacet
  facet normal 0 0 -1
    outer loop
      vertex -13.97 0.915644 -2
      vertex -11.9743 0.784837 -2
      vertex -12 0 -2
    endloop
  endfacet
  facet normal -0 0 -1
    outer loop
      vertex -11.5911 -3.10583 -2
      vertex -13.523 -3.62347 -2
      vertex -11.7694 -2.34108 -2
    endloop
  endfacet
  facet normal 0 0 -1
    outer loop
      vertex -13.731 -2.73126 -2
      vertex -11.7694 -2.34108 -2
      vertex -13.523 -3.62347 -2
    endloop
  endfacet
  facet normal 0 0 -1
    outer loop
      vertex -10.7625 5.30746 -2
      vertex -12.5562 6.19204 -2
      vertex -12.1244 7 -2
    endloop
  endfacet
  facet normal -0 0 -1
    outer loop
      vertex -11.7694 -2.34108 -2
      vertex -13.731 -2.73126 -2
      vertex -11.8973 -1.56631 -2
    endloop
  endfacet
  facet normal 0 0 -1
    outer loop
      vertex -11.0866 4.5922 -2
      vertex -12.9343 5.35757 -2
      vertex -12.5562 6.19204 -2
    endloop
  endfacet
  facet normal 0 0 -1
    outer loop
      vertex -13.8802 -1.82737 -2
      vertex -11.8973 -1.56631 -2
      vertex -13.731 -2.73126 -2
    endloop
  endfacet
  facet normal 0 0 -1
    outer loop
      vertex -11.3632 3.85727 -2
      vertex -13.257 4.50015 -2
      vertex -12.9343 5.35757 -2
    endloop
  endfacet
  facet normal -0 0 -1
    outer loop
      vertex -11.8973 -1.56631 -2
      vertex -13.8802 -1.82737 -2
      vertex -11.9743 -0.784837 -2
    endloop
  endfacet
  facet normal 0 0 -1
    outer loop
      vertex -11.5911 3.10583 -2
      vertex -13.523 3.62347 -2
      vertex -13.257 4.50015 -2
    endloop
  endfacet
  facet normal 0 0 -1
    outer loop
      vertex -13.97 -0.915644 -2
      vertex -11.9743 -0.784837 -2
      vertex -13.8802 -1.82737 -2
    endloop
  endfacet
  facet normal 0 0 -1
    outer loop
      vertex -11.7694 2.34108 -2
      vertex -13.731 2.73126 -2
      vertex -13.523 3.62347 -2
    endloop
  endfacet
  facet normal -0 0 -1
    outer loop
      vertex -11.9743 -0.784837 -2
      vertex -13.97 -0.915644 -2
      vertex -12 0 -2
    endloop
  endfacet
  facet normal 0 0 -1
    outer loop
      vertex -11.8973 1.56631 -2
      vertex -13.8802 1.82737 -2
      vertex -13.731 2.73126 -2
    endloop
  endfacet
  facet normal 0 0 -1
    outer loop
      vertex -14 0 -2
      vertex -12 0 -2
      vertex -13.97 -0.915644 -2
    endloop
  endfacet
  facet normal 0 0 -1
    outer loop
      vertex -11.9743 0.784837 -2
      vertex -13.97 0.915644 -2
      vertex -13.8802 1.82737 -2
    endloop
  endfacet
  facet normal 0 0 -1
    outer loop
      vertex -12 0 -2
      vertex -14 0 -2
      vertex -13.97 0.915644 -2
    endloop
  endfacet
  facet normal 0.986649 0.162861 0
    outer loop
      vertex 13.8802 1.82737 0
      vertex 13.731 2.73126 -2
      vertex 13.731 2.73126 0
    endloop
  endfacet
  facet normal 0.986649 0.162861 0
    outer loop
      vertex 13.731 2.73126 -2
      vertex 13.8802 1.82737 0
      vertex 13.8802 1.82737 -2
    endloop
  endfacet
  facet normal 0.93591 0.35224 0
    outer loop
      vertex 13.257 4.50015 0
      vertex 12.9343 5.35757 -2
      vertex 12.9343 5.35757 0
    endloop
  endfacet
  facet normal 0.93591 0.35224 0
    outer loop
      vertex 12.9343 5.35757 -2
      vertex 13.257 4.50015 0
      vertex 13.257 4.50015 -2
    endloop
  endfacet
  facet normal 0.956922 0.290347 0
    outer loop
      vertex 13.523 3.62347 0
      vertex 13.257 4.50015 -2
      vertex 13.257 4.50015 0
    endloop
  endfacet
  facet normal 0.956922 0.290347 0
    outer loop
      vertex 13.257 4.50015 -2
      vertex 13.523 3.62347 0
      vertex 13.523 3.62347 -2
    endloop
  endfacet
  facet normal 0.729836 0.683622 0
    outer loop
      vertex 10.5258 9.23084 0
      vertex 9.89949 9.89949 -2
      vertex 9.89949 9.89949 0
    endloop
  endfacet
  facet normal 0.729836 0.683622 0
    outer loop
      vertex 9.89949 9.89949 -2
      vertex 10.5258 9.23084 0
      vertex 10.5258 9.23084 -2
    endloop
  endfacet
  facet normal 0.88195 0.471343 0
    outer loop
      vertex 12.5562 6.19204 0
      vertex 12.1244 7 -2
      vertex 12.1244 7 0
    endloop
  endfacet
  facet normal 0.88195 0.471343 0
    outer loop
      vertex 12.1244 7 -2
      vertex 12.5562 6.19204 0
      vertex 12.5562 6.19204 -2
    endloop
  endfacet
  facet normal 0.290347 0.956922 -0
    outer loop
      vertex 4.50015 13.257 -2
      vertex 3.62347 13.523 0
      vertex 4.50015 13.257 0
    endloop
  endfacet
  facet normal 0.290347 0.956922 0
    outer loop
      vertex 3.62347 13.523 0
      vertex 4.50015 13.257 -2
      vertex 3.62347 13.523 -2
    endloop
  endfacet
  facet normal 0.35224 0.93591 -0
    outer loop
      vertex 5.35757 12.9343 -2
      vertex 4.50015 13.257 0
      vertex 5.35757 12.9343 0
    endloop
  endfacet
  facet normal 0.35224 0.93591 0
    outer loop
      vertex 4.50015 13.257 0
      vertex 5.35757 12.9343 -2
      vertex 4.50015 13.257 -2
    endloop
  endfacet
  facet normal 0.0980202 0.995184 -0
    outer loop
      vertex 1.82737 13.8802 -2
      vertex 0.915644 13.97 0
      vertex 1.82737 13.8802 0
    endloop
  endfacet
  facet normal 0.0980202 0.995184 0
    outer loop
      vertex 0.915644 13.97 0
      vertex 1.82737 13.8802 -2
      vertex 0.915644 13.97 -2
    endloop
  endfacet
  facet normal 0.634336 0.773058 -0
    outer loop
      vertex 9.23084 10.5258 -2
      vertex 8.52266 11.1069 0
      vertex 9.23084 10.5258 0
    endloop
  endfacet
  facet normal 0.634336 0.773058 0
    outer loop
      vertex 8.52266 11.1069 0
      vertex 9.23084 10.5258 -2
      vertex 8.52266 11.1069 -2
    endloop
  endfacet
  facet normal -0.773058 0.634336 0
    outer loop
      vertex -11.1069 8.52266 -2
      vertex -10.5258 9.23084 0
      vertex -10.5258 9.23084 -2
    endloop
  endfacet
  facet normal -0.773058 0.634336 0
    outer loop
      vertex -10.5258 9.23084 0
      vertex -11.1069 8.52266 -2
      vertex -11.1069 8.52266 0
    endloop
  endfacet
  facet normal -0.88195 0.471343 0
    outer loop
      vertex -12.5562 6.19204 -2
      vertex -12.1244 7 0
      vertex -12.1244 7 -2
    endloop
  endfacet
  facet normal -0.88195 0.471343 0
    outer loop
      vertex -12.1244 7 0
      vertex -12.5562 6.19204 -2
      vertex -12.5562 6.19204 0
    endloop
  endfacet
  facet normal -0.849192 0.528084 0
    outer loop
      vertex -12.1244 7 -2
      vertex -11.6406 7.77798 0
      vertex -11.6406 7.77798 -2
    endloop
  endfacet
  facet normal -0.849192 0.528084 0
    outer loop
      vertex -11.6406 7.77798 0
      vertex -12.1244 7 -2
      vertex -12.1244 7 0
    endloop
  endfacet
  facet normal -0.956922 0.290347 0
    outer loop
      vertex -13.523 3.62347 -2
      vertex -13.257 4.50015 0
      vertex -13.257 4.50015 -2
    endloop
  endfacet
  facet normal -0.956922 0.290347 0
    outer loop
      vertex -13.257 4.50015 0
      vertex -13.523 3.62347 -2
      vertex -13.523 3.62347 0
    endloop
  endfacet
  facet normal -0.93591 0.35224 0
    outer loop
      vertex -13.257 4.50015 -2
      vertex -12.9343 5.35757 0
      vertex -12.9343 5.35757 -2
    endloop
  endfacet
  facet normal -0.93591 0.35224 0
    outer loop
      vertex -12.9343 5.35757 0
      vertex -13.257 4.50015 -2
      vertex -13.257 4.50015 0
    endloop
  endfacet
  facet normal -0.995184 0.0980202 0
    outer loop
      vertex -13.97 0.915644 -2
      vertex -13.8802 1.82737 0
      vertex -13.8802 1.82737 -2
    endloop
  endfacet
  facet normal -0.995184 0.0980202 0
    outer loop
      vertex -13.8802 1.82737 0
      vertex -13.97 0.915644 -2
      vertex -13.97 0.915644 0
    endloop
  endfacet
  facet normal -0.471343 0.88195 0
    outer loop
      vertex -6.19204 12.5562 -2
      vertex -7 12.1244 0
      vertex -6.19204 12.5562 0
    endloop
  endfacet
  facet normal -0.471343 0.88195 0
    outer loop
      vertex -7 12.1244 0
      vertex -6.19204 12.5562 -2
      vertex -7 12.1244 -2
    endloop
  endfacet
  facet normal -0.582528 0.812811 0
    outer loop
      vertex -7.77798 11.6406 -2
      vertex -8.52266 11.1069 0
      vertex -7.77798 11.6406 0
    endloop
  endfacet
  facet normal -0.582528 0.812811 0
    outer loop
      vertex -8.52266 11.1069 0
      vertex -7.77798 11.6406 -2
      vertex -8.52266 11.1069 -2
    endloop
  endfacet
  facet normal -0.634336 0.773058 0
    outer loop
      vertex -8.52266 11.1069 -2
      vertex -9.23084 10.5258 0
      vertex -8.52266 11.1069 0
    endloop
  endfacet
  facet normal -0.634336 0.773058 0
    outer loop
      vertex -9.23084 10.5258 0
      vertex -8.52266 11.1069 -2
      vertex -9.23084 10.5258 -2
    endloop
  endfacet
  facet normal -0.290347 0.956922 0
    outer loop
      vertex -3.62347 13.523 -2
      vertex -4.50015 13.257 0
      vertex -3.62347 13.523 0
    endloop
  endfacet
  facet normal -0.290347 0.956922 0
    outer loop
      vertex -4.50015 13.257 0
      vertex -3.62347 13.523 -2
      vertex -4.50015 13.257 -2
    endloop
  endfacet
  facet normal -0.0327463 0.999464 0
    outer loop
      vertex 0 14 -2
      vertex -0.915644 13.97 0
      vertex 0 14 0
    endloop
  endfacet
  facet normal -0.0327463 0.999464 0
    outer loop
      vertex -0.915644 13.97 0
      vertex 0 14 -2
      vertex -0.915644 13.97 -2
    endloop
  endfacet
  facet normal 0.999464 -0.0327463 0
    outer loop
      vertex 13.97 -0.915644 0
      vertex 14 0 -2
      vertex 14 0 0
    endloop
  endfacet
  facet normal 0.999464 -0.0327463 0
    outer loop
      vertex 14 0 -2
      vertex 13.97 -0.915644 0
      vertex 13.97 -0.915644 -2
    endloop
  endfacet
  facet normal 0.0327463 -0.999464 0
    outer loop
      vertex 0 -14 -2
      vertex 0.915644 -13.97 0
      vertex 0 -14 0
    endloop
  endfacet
  facet normal 0.0327463 -0.999464 0
    outer loop
      vertex 0.915644 -13.97 0
      vertex 0 -14 -2
      vertex 0.915644 -13.97 -2
    endloop
  endfacet
  facet normal 0.162861 -0.986649 0
    outer loop
      vertex 1.82737 -13.8802 -2
      vertex 2.73126 -13.731 0
      vertex 1.82737 -13.8802 0
    endloop
  endfacet
  facet normal 0.162861 -0.986649 0
    outer loop
      vertex 2.73126 -13.731 0
      vertex 1.82737 -13.8802 -2
      vertex 2.73126 -13.731 -2
    endloop
  endfacet
  facet normal 0.35224 -0.93591 0
    outer loop
      vertex 4.50015 -13.257 -2
      vertex 5.35757 -12.9343 0
      vertex 4.50015 -13.257 0
    endloop
  endfacet
  facet normal 0.35224 -0.93591 0
    outer loop
      vertex 5.35757 -12.9343 0
      vertex 4.50015 -13.257 -2
      vertex 5.35757 -12.9343 -2
    endloop
  endfacet
  facet normal 0.227041 -0.973885 0
    outer loop
      vertex 2.73126 -13.731 -2
      vertex 3.62347 -13.523 0
      vertex 2.73126 -13.731 0
    endloop
  endfacet
  facet normal 0.227041 -0.973885 0
    outer loop
      vertex 3.62347 -13.523 0
      vertex 2.73126 -13.731 -2
      vertex 3.62347 -13.523 -2
    endloop
  endfacet
  facet normal 0.683622 -0.729836 0
    outer loop
      vertex 9.23084 -10.5258 -2
      vertex 9.89949 -9.89949 0
      vertex 9.23084 -10.5258 0
    endloop
  endfacet
  facet normal 0.683622 -0.729836 0
    outer loop
      vertex 9.89949 -9.89949 0
      vertex 9.23084 -10.5258 -2
      vertex 9.89949 -9.89949 -2
    endloop
  endfacet
  facet normal 0.582528 -0.812811 0
    outer loop
      vertex 7.77798 -11.6406 -2
      vertex 8.52266 -11.1069 0
      vertex 7.77798 -11.6406 0
    endloop
  endfacet
  facet normal 0.582528 -0.812811 0
    outer loop
      vertex 8.52266 -11.1069 0
      vertex 7.77798 -11.6406 -2
      vertex 8.52266 -11.1069 -2
    endloop
  endfacet
  facet normal 0.471343 -0.88195 0
    outer loop
      vertex 6.19204 -12.5562 -2
      vertex 7 -12.1244 0
      vertex 6.19204 -12.5562 0
    endloop
  endfacet
  facet normal 0.471343 -0.88195 0
    outer loop
      vertex 7 -12.1244 0
      vertex 6.19204 -12.5562 -2
      vertex 7 -12.1244 -2
    endloop
  endfacet
  facet normal 0.773058 -0.634336 0
    outer loop
      vertex 10.5258 -9.23084 0
      vertex 11.1069 -8.52266 -2
      vertex 11.1069 -8.52266 0
    endloop
  endfacet
  facet normal 0.773058 -0.634336 0
    outer loop
      vertex 11.1069 -8.52266 -2
      vertex 10.5258 -9.23084 0
      vertex 10.5258 -9.23084 -2
    endloop
  endfacet
  facet normal 0.849192 -0.528084 0
    outer loop
      vertex 11.6406 -7.77798 0
      vertex 12.1244 -7 -2
      vertex 12.1244 -7 0
    endloop
  endfacet
  facet normal 0.849192 -0.528084 0
    outer loop
      vertex 12.1244 -7 -2
      vertex 11.6406 -7.77798 0
      vertex 11.6406 -7.77798 -2
    endloop
  endfacet
  facet normal 0.910861 -0.412713 0
    outer loop
      vertex 12.5562 -6.19204 0
      vertex 12.9343 -5.35757 -2
      vertex 12.9343 -5.35757 0
    endloop
  endfacet
  facet normal 0.910861 -0.412713 0
    outer loop
      vertex 12.9343 -5.35757 -2
      vertex 12.5562 -6.19204 0
      vertex 12.5562 -6.19204 -2
    endloop
  endfacet
  facet normal 0.956922 -0.290347 0
    outer loop
      vertex 13.257 -4.50015 0
      vertex 13.523 -3.62347 -2
      vertex 13.523 -3.62347 0
    endloop
  endfacet
  facet normal 0.956922 -0.290347 0
    outer loop
      vertex 13.523 -3.62347 -2
      vertex 13.257 -4.50015 0
      vertex 13.257 -4.50015 -2
    endloop
  endfacet
  facet normal 0.995184 -0.0980202 0
    outer loop
      vertex 13.8802 -1.82737 0
      vertex 13.97 -0.915644 -2
      vertex 13.97 -0.915644 0
    endloop
  endfacet
  facet normal 0.995184 -0.0980202 0
    outer loop
      vertex 13.97 -0.915644 -2
      vertex 13.8802 -1.82737 0
      vertex 13.8802 -1.82737 -2
    endloop
  endfacet
  facet normal -0.634336 -0.773058 0
    outer loop
      vertex -9.23084 -10.5258 -2
      vertex -8.52266 -11.1069 0
      vertex -9.23084 -10.5258 0
    endloop
  endfacet
  facet normal -0.634336 -0.773058 -0
    outer loop
      vertex -8.52266 -11.1069 0
      vertex -9.23084 -10.5258 -2
      vertex -8.52266 -11.1069 -2
    endloop
  endfacet
  facet normal -0.412713 -0.910861 0
    outer loop
      vertex -6.19204 -12.5562 -2
      vertex -5.35757 -12.9343 0
      vertex -6.19204 -12.5562 0
    endloop
  endfacet
  facet normal -0.412713 -0.910861 -0
    outer loop
      vertex -5.35757 -12.9343 0
      vertex -6.19204 -12.5562 -2
      vertex -5.35757 -12.9343 -2
    endloop
  endfacet
  facet normal -0.528084 -0.849192 0
    outer loop
      vertex -7.77798 -11.6406 -2
      vertex -7 -12.1244 0
      vertex -7.77798 -11.6406 0
    endloop
  endfacet
  facet normal -0.528084 -0.849192 -0
    outer loop
      vertex -7 -12.1244 0
      vertex -7.77798 -11.6406 -2
      vertex -7 -12.1244 -2
    endloop
  endfacet
  facet normal -0.35224 -0.93591 0
    outer loop
      vertex -5.35757 -12.9343 -2
      vertex -4.50015 -13.257 0
      vertex -5.35757 -12.9343 0
    endloop
  endfacet
  facet normal -0.35224 -0.93591 -0
    outer loop
      vertex -4.50015 -13.257 0
      vertex -5.35757 -12.9343 -2
      vertex -4.50015 -13.257 -2
    endloop
  endfacet
  facet normal -0.227041 -0.973885 0
    outer loop
      vertex -3.62347 -13.523 -2
      vertex -2.73126 -13.731 0
      vertex -3.62347 -13.523 0
    endloop
  endfacet
  facet normal -0.227041 -0.973885 -0
    outer loop
      vertex -2.73126 -13.731 0
      vertex -3.62347 -13.523 -2
      vertex -2.73126 -13.731 -2
    endloop
  endfacet
  facet normal -0.0980202 -0.995184 0
    outer loop
      vertex -1.82737 -13.8802 -2
      vertex -0.915644 -13.97 0
      vertex -1.82737 -13.8802 0
    endloop
  endfacet
  facet normal -0.0980202 -0.995184 -0
    outer loop
      vertex -0.915644 -13.97 0
      vertex -1.82737 -13.8802 -2
      vertex -0.915644 -13.97 -2
    endloop
  endfacet
  facet normal -0.88195 -0.471343 0
    outer loop
      vertex -12.1244 -7 -2
      vertex -12.5562 -6.19204 0
      vertex -12.5562 -6.19204 -2
    endloop
  endfacet
  facet normal -0.88195 -0.471343 0
    outer loop
      vertex -12.5562 -6.19204 0
      vertex -12.1244 -7 -2
      vertex -12.1244 -7 0
    endloop
  endfacet
  facet normal -0.812811 -0.582528 0
    outer loop
      vertex -11.1069 -8.52266 -2
      vertex -11.6406 -7.77798 0
      vertex -11.6406 -7.77798 -2
    endloop
  endfacet
  facet normal -0.812811 -0.582528 0
    outer loop
      vertex -11.6406 -7.77798 0
      vertex -11.1069 -8.52266 -2
      vertex -11.1069 -8.52266 0
    endloop
  endfacet
  facet normal -0.956922 -0.290347 0
    outer loop
      vertex -13.257 -4.50015 -2
      vertex -13.523 -3.62347 0
      vertex -13.523 -3.62347 -2
    endloop
  endfacet
  facet normal -0.956922 -0.290347 0
    outer loop
      vertex -13.523 -3.62347 0
      vertex -13.257 -4.50015 -2
      vertex -13.257 -4.50015 0
    endloop
  endfacet
  facet normal -0.986649 -0.162861 0
    outer loop
      vertex -13.731 -2.73126 -2
      vertex -13.8802 -1.82737 0
      vertex -13.8802 -1.82737 -2
    endloop
  endfacet
  facet normal -0.986649 -0.162861 0
    outer loop
      vertex -13.8802 -1.82737 0
      vertex -13.731 -2.73126 -2
      vertex -13.731 -2.73126 0
    endloop
  endfacet
  facet normal -0.999464 -0.0327463 0
    outer loop
      vertex -13.97 -0.915644 -2
      vertex -14 0 0
      vertex -14 0 -2
    endloop
  endfacet
  facet normal -0.999464 -0.0327463 0
    outer loop
      vertex -14 0 0
      vertex -13.97 -0.915644 -2
      vertex -13.97 -0.915644 0
    endloop
  endfacet
  facet normal 0.0980202 -0.995184 0
    outer loop
      vertex 0.915644 -13.97 -2
      vertex 1.82737 -13.8802 0
      vertex 0.915644 -13.97 0
    endloop
  endfacet
  facet normal 0.0980202 -0.995184 0
    outer loop
      vertex 1.82737 -13.8802 0
      vertex 0.915644 -13.97 -2
      vertex 1.82737 -13.8802 -2
    endloop
  endfacet
  facet normal 0.412713 -0.910861 0
    outer loop
      vertex 5.35757 -12.9343 -2
      vertex 6.19204 -12.5562 0
      vertex 5.35757 -12.9343 0
    endloop
  endfacet
  facet normal 0.412713 -0.910861 0
    outer loop
      vertex 6.19204 -12.5562 0
      vertex 5.35757 -12.9343 -2
      vertex 6.19204 -12.5562 -2
    endloop
  endfacet
  facet normal 0.290347 -0.956922 0
    outer loop
      vertex 3.62347 -13.523 -2
      vertex 4.50015 -13.257 0
      vertex 3.62347 -13.523 0
    endloop
  endfacet
  facet normal 0.290347 -0.956922 0
    outer loop
      vertex 4.50015 -13.257 0
      vertex 3.62347 -13.523 -2
      vertex 4.50015 -13.257 -2
    endloop
  endfacet
  facet normal 0.729836 -0.683622 0
    outer loop
      vertex 9.89949 -9.89949 0
      vertex 10.5258 -9.23084 -2
      vertex 10.5258 -9.23084 0
    endloop
  endfacet
  facet normal 0.729836 -0.683622 0
    outer loop
      vertex 10.5258 -9.23084 -2
      vertex 9.89949 -9.89949 0
      vertex 9.89949 -9.89949 -2
    endloop
  endfacet
  facet normal 0.528084 -0.849192 0
    outer loop
      vertex 7 -12.1244 -2
      vertex 7.77798 -11.6406 0
      vertex 7 -12.1244 0
    endloop
  endfacet
  facet normal 0.528084 -0.849192 0
    outer loop
      vertex 7.77798 -11.6406 0
      vertex 7 -12.1244 -2
      vertex 7.77798 -11.6406 -2
    endloop
  endfacet
  facet normal 0.812811 -0.582528 0
    outer loop
      vertex 11.1069 -8.52266 0
      vertex 11.6406 -7.77798 -2
      vertex 11.6406 -7.77798 0
    endloop
  endfacet
  facet normal 0.812811 -0.582528 0
    outer loop
      vertex 11.6406 -7.77798 -2
      vertex 11.1069 -8.52266 0
      vertex 11.1069 -8.52266 -2
    endloop
  endfacet
  facet normal 0.973885 -0.227041 0
    outer loop
      vertex 13.523 -3.62347 0
      vertex 13.731 -2.73126 -2
      vertex 13.731 -2.73126 0
    endloop
  endfacet
  facet normal 0.973885 -0.227041 0
    outer loop
      vertex 13.731 -2.73126 -2
      vertex 13.523 -3.62347 0
      vertex 13.523 -3.62347 -2
    endloop
  endfacet
  facet normal -0.582528 -0.812811 0
    outer loop
      vertex -8.52266 -11.1069 -2
      vertex -7.77798 -11.6406 0
      vertex -8.52266 -11.1069 0
    endloop
  endfacet
  facet normal -0.582528 -0.812811 -0
    outer loop
      vertex -7.77798 -11.6406 0
      vertex -8.52266 -11.1069 -2
      vertex -7.77798 -11.6406 -2
    endloop
  endfacet
  facet normal -0.471343 -0.88195 0
    outer loop
      vertex -7 -12.1244 -2
      vertex -6.19204 -12.5562 0
      vertex -7 -12.1244 0
    endloop
  endfacet
  facet normal -0.471343 -0.88195 -0
    outer loop
      vertex -6.19204 -12.5562 0
      vertex -7 -12.1244 -2
      vertex -6.19204 -12.5562 -2
    endloop
  endfacet
  facet normal -0.290347 -0.956922 0
    outer loop
      vertex -4.50015 -13.257 -2
      vertex -3.62347 -13.523 0
      vertex -4.50015 -13.257 0
    endloop
  endfacet
  facet normal -0.290347 -0.956922 -0
    outer loop
      vertex -3.62347 -13.523 0
      vertex -4.50015 -13.257 -2
      vertex -3.62347 -13.523 -2
    endloop
  endfacet
  facet normal -0.849192 -0.528084 0
    outer loop
      vertex -11.6406 -7.77798 -2
      vertex -12.1244 -7 0
      vertex -12.1244 -7 -2
    endloop
  endfacet
  facet normal -0.849192 -0.528084 0
    outer loop
      vertex -12.1244 -7 0
      vertex -11.6406 -7.77798 -2
      vertex -11.6406 -7.77798 0
    endloop
  endfacet
  facet normal -0.773058 -0.634336 0
    outer loop
      vertex -10.5258 -9.23084 -2
      vertex -11.1069 -8.52266 0
      vertex -11.1069 -8.52266 -2
    endloop
  endfacet
  facet normal -0.773058 -0.634336 0
    outer loop
      vertex -11.1069 -8.52266 0
      vertex -10.5258 -9.23084 -2
      vertex -10.5258 -9.23084 0
    endloop
  endfacet
  facet normal -0.995184 -0.0980202 0
    outer loop
      vertex -13.8802 -1.82737 -2
      vertex -13.97 -0.915644 0
      vertex -13.97 -0.915644 -2
    endloop
  endfacet
  facet normal -0.995184 -0.0980202 0
    outer loop
      vertex -13.97 -0.915644 0
      vertex -13.8802 -1.82737 -2
      vertex -13.8802 -1.82737 0
    endloop
  endfacet
  facet normal 0.986649 -0.162861 0
    outer loop
      vertex 13.731 -2.73126 0
      vertex 13.8802 -1.82737 -2
      vertex 13.8802 -1.82737 0
    endloop
  endfacet
  facet normal 0.986649 -0.162861 0
    outer loop
      vertex 13.8802 -1.82737 -2
      vertex 13.731 -2.73126 0
      vertex 13.731 -2.73126 -2
    endloop
  endfacet
  facet normal 0.995102 0.0327096 -0.0932895
    outer loop
      vertex 10.9869 0.4 -24
      vertex 10.9764 0.719434 -24
      vertex 11.6529 0.4 -16.8959
    endloop
  endfacet
  facet normal 0.906885 -0.41092 -0.0932906
    outer loop
      vertex 11.2109 -5.52861 -8
      vertex 9.8656 -4.86518 -24
      vertex 11.5485 -4.78354 -8
    endloop
  endfacet
  facet normal 0.579959 -0.809286 -0.0932915
    outer loop
      vertex 6.94463 -10.3934 -8
      vertex 6.69637 -8.72689 -24
      vertex 7.60952 -9.91692 -8
    endloop
  endfacet
  facet normal -0.350679 -0.931837 -0.0932916
    outer loop
      vertex -4.01799 -11.8366 -8
      vertex -4.78354 -11.5485 -8
      vertex -3.53583 -10.4162 -24
    endloop
  endfacet
  facet normal -0.350642 -0.931851 -0.0932897
    outer loop
      vertex -3.53583 -10.4162 -24
      vertex -4.78354 -11.5485 -8
      vertex -4.20952 -10.1627 -24
    endloop
  endfacet
  facet normal -0.906885 0.41092 -0.0932906
    outer loop
      vertex -9.8656 4.86518 -24
      vertex -11.5485 4.78354 -8
      vertex -11.2109 5.52861 -8
    endloop
  endfacet
  facet normal -0.579959 0.809286 -0.0932915
    outer loop
      vertex -6.69637 8.72689 -24
      vertex -7.60952 9.91692 -8
      vertex -6.94463 10.3934 -8
    endloop
  endfacet
  facet normal 0.350642 0.931851 -0.0932897
    outer loop
      vertex 4.20952 10.1627 -24
      vertex 3.53583 10.4162 -24
      vertex 4.78354 11.5485 -8
    endloop
  endfacet
  facet normal 0.982329 -0.162251 -0.093293
    outer loop
      vertex 12.2598 -2.43863 -8
      vertex 10.9059 -1.43579 -24
      vertex 12.3931 -1.63158 -8
    endloop
  endfacet
  facet normal 0.726676 -0.680617 -0.0932912
    outer loop
      vertex 8.83883 -8.83883 -8
      vertex 8.27024 -7.2528 -24
      vertex 9.398 -8.24182 -8
    endloop
  endfacet
  facet normal 0.952748 -0.28908 -0.0932917
    outer loop
      vertex 11.8366 -4.01799 -8
      vertex 10.4162 -3.53583 -24
      vertex 10.6252 -2.84701 -24
    endloop
  endfacet
  facet normal 0.931837 -0.350679 -0.0932916
    outer loop
      vertex 11.5485 -4.78354 -8
      vertex 10.4162 -3.53583 -24
      vertex 11.8366 -4.01799 -8
    endloop
  endfacet
  facet normal 0.410935 -0.906879 -0.0932899
    outer loop
      vertex 4.78354 -11.5485 -8
      vertex 4.20952 -10.1627 -24
      vertex 4.86518 -9.8656 -24
    endloop
  endfacet
  facet normal -0.845525 -0.525722 -0.093293
    outer loop
      vertex -10.3934 -6.94463 -8
      vertex -10.8253 -6.25 -8
      vertex -9.14616 -6.11127 -24
    endloop
  endfacet
  facet normal -0.525747 -0.845509 -0.0932931
    outer loop
      vertex -6.94463 -10.3934 -8
      vertex -6.17287 -9.89172 -16.8959
      vertex -6.58986 -10.614 -8
    endloop
  endfacet
  facet normal -0.525748 -0.845509 -0.0932931
    outer loop
      vertex -6.17287 -9.89172 -16.8959
      vertex -6.94463 -10.3934 -8
      vertex -6.11127 -9.14616 -24
    endloop
  endfacet
  facet normal -0.982329 0.162251 -0.093293
    outer loop
      vertex -10.9059 1.43579 -24
      vertex -12.3931 1.63158 -8
      vertex -12.2598 2.43863 -8
    endloop
  endfacet
  facet normal -0.726676 0.680617 -0.0932912
    outer loop
      vertex -8.27024 7.2528 -24
      vertex -9.398 8.24182 -8
      vertex -8.83883 8.83883 -8
    endloop
  endfacet
  facet normal -0.952748 0.28908 -0.0932917
    outer loop
      vertex -10.6252 2.84701 -24
      vertex -11.8366 4.01799 -8
      vertex -10.4162 3.53583 -24
    endloop
  endfacet
  facet normal -0.931837 0.350679 -0.0932916
    outer loop
      vertex -10.4162 3.53583 -24
      vertex -11.8366 4.01799 -8
      vertex -11.5485 4.78354 -8
    endloop
  endfacet
  facet normal -0.410935 0.906879 -0.0932899
    outer loop
      vertex -4.20952 10.1627 -24
      vertex -4.86518 9.8656 -24
      vertex -4.78354 11.5485 -8
    endloop
  endfacet
  facet normal 0.680617 0.726676 -0.0932912
    outer loop
      vertex 8.83883 8.83883 -8
      vertex 7.2528 8.27024 -24
      vertex 8.24182 9.398 -8
    endloop
  endfacet
  facet normal 0.41092 0.906885 -0.0932906
    outer loop
      vertex 4.86518 9.8656 -24
      vertex 4.78354 11.5485 -8
      vertex 5.52861 11.2109 -8
    endloop
  endfacet
  facet normal 0.809286 0.579959 -0.0932915
    outer loop
      vertex 10.3934 6.94463 -8
      vertex 8.72689 6.69637 -24
      vertex 9.91692 7.60952 -8
    endloop
  endfacet
  facet normal 0.990852 0.0975144 -0.093293
    outer loop
      vertex 10.9764 0.719434 -24
      vertex 10.9059 1.43579 -24
      vertex 12.3931 1.63158 -8
    endloop
  endfacet
  facet normal 0.0975144 0.990852 -0.093293
    outer loop
      vertex 1.43579 10.9059 -24
      vertex 0.719434 10.9764 -24
      vertex 1.63158 12.3931 -8
    endloop
  endfacet
  facet normal 0.162246 0.98233 -0.0932927
    outer loop
      vertex 2.14599 10.7886 -24
      vertex 1.43579 10.9059 -24
      vertex 2.43863 12.2598 -8
    endloop
  endfacet
  facet normal 0.990852 -0.0975144 -0.093293
    outer loop
      vertex 12.3931 -1.63158 -8
      vertex 10.9059 -1.43579 -24
      vertex 10.9764 -0.719434 -24
    endloop
  endfacet
  facet normal 0.726676 -0.680616 -0.0932912
    outer loop
      vertex 8.83883 -8.83883 -8
      vertex 7.77817 -7.77817 -24
      vertex 8.27024 -7.2528 -24
    endloop
  endfacet
  facet normal 0.98233 -0.162246 -0.0932927
    outer loop
      vertex 12.2598 -2.43863 -8
      vertex 10.7886 -2.14599 -24
      vertex 10.9059 -1.43579 -24
    endloop
  endfacet
  facet normal 0.28908 -0.952748 -0.0932917
    outer loop
      vertex 4.01799 -11.8366 -8
      vertex 2.84701 -10.6252 -24
      vertex 3.53583 -10.4162 -24
    endloop
  endfacet
  facet normal 0.0326429 -0.995104 -0.093291
    outer loop
      vertex 0.719434 -10.9764 -24
      vertex 0 -12.5 -8
      vertex 0 -11 -24
    endloop
  endfacet
  facet normal -0.995104 -0.0326429 -0.093291
    outer loop
      vertex -10.9764 -0.719434 -24
      vertex -12.5 0 -8
      vertex -11 0 -24
    endloop
  endfacet
  facet normal -0.809306 -0.579931 -0.0932931
    outer loop
      vertex -8.72689 -6.69637 -24
      vertex -10.3934 -6.94463 -8
      vertex -9.14616 -6.11127 -24
    endloop
  endfacet
  facet normal -0.0326429 -0.995104 -0.093291
    outer loop
      vertex 0 -12.5 -8
      vertex -0.719434 -10.9764 -24
      vertex 0 -11 -24
    endloop
  endfacet
  facet normal -0.990852 0.0975144 -0.093293
    outer loop
      vertex -10.9764 0.719434 -24
      vertex -12.3931 1.63158 -8
      vertex -10.9059 1.43579 -24
    endloop
  endfacet
  facet normal -0.726676 0.680616 -0.0932912
    outer loop
      vertex -8.27024 7.2528 -24
      vertex -8.83883 8.83883 -8
      vertex -7.77817 7.77817 -24
    endloop
  endfacet
  facet normal -0.98233 0.162246 -0.0932927
    outer loop
      vertex -10.9059 1.43579 -24
      vertex -12.2598 2.43863 -8
      vertex -10.7886 2.14599 -24
    endloop
  endfacet
  facet normal -0.28908 0.952748 -0.0932917
    outer loop
      vertex -3.53583 10.4162 -24
      vertex -4.01799 11.8366 -8
      vertex -2.84701 10.6252 -24
    endloop
  endfacet
  facet normal -0.0326429 0.995104 -0.093291
    outer loop
      vertex 0 11 -24
      vertex -0.719434 10.9764 -24
      vertex 0 12.5 -8
    endloop
  endfacet
  facet normal 0.680616 0.726676 -0.0932912
    outer loop
      vertex 7.77817 7.77817 -24
      vertex 7.2528 8.27024 -24
      vertex 8.83883 8.83883 -8
    endloop
  endfacet
  facet normal 0.878074 0.469343 -0.0932902
    outer loop
      vertex 9.8656 4.86518 -24
      vertex 9.52628 5.5 -24
      vertex 10.8253 6.25 -8
    endloop
  endfacet
  facet normal 0.931837 0.350679 -0.0932916
    outer loop
      vertex 11.8366 4.01799 -8
      vertex 10.4162 3.53583 -24
      vertex 11.5485 4.78354 -8
    endloop
  endfacet
  facet normal 0.952748 0.28908 -0.0932917
    outer loop
      vertex 12.0741 3.23524 -8
      vertex 10.6252 2.84701 -24
      vertex 11.8366 4.01799 -8
    endloop
  endfacet
  facet normal 0.350679 0.931837 -0.0932916
    outer loop
      vertex 4.78354 11.5485 -8
      vertex 3.53583 10.4162 -24
      vertex 4.01799 11.8366 -8
    endloop
  endfacet
  facet normal 0.995103 0.0326507 -0.093292
    outer loop
      vertex 11.6529 0.4 -16.8959
      vertex 12.4732 0.817538 -8
      vertex 12.4869 0.4 -8
    endloop
  endfacet
  facet normal 0.995103 0.0326539 -0.0932921
    outer loop
      vertex 12.4732 0.817538 -8
      vertex 11.6529 0.4 -16.8959
      vertex 10.9764 0.719434 -24
    endloop
  endfacet
  facet normal 0.990854 0.0974979 -0.0932922
    outer loop
      vertex 12.4732 0.817538 -8
      vertex 10.9764 0.719434 -24
      vertex 12.3931 1.63158 -8
    endloop
  endfacet
  facet normal 0.995102 -0.0327096 -0.0932895
    outer loop
      vertex 11.6529 -0.4 -16.8959
      vertex 10.9764 -0.719434 -24
      vertex 10.9869 -0.4 -24
    endloop
  endfacet
  facet normal 0.769636 -0.63163 -0.0932912
    outer loop
      vertex 9.398 -8.24182 -8
      vertex 8.27024 -7.2528 -24
      vertex 9.91692 -7.60952 -8
    endloop
  endfacet
  facet normal 0.878074 -0.469343 -0.0932902
    outer loop
      vertex 10.8253 -6.25 -8
      vertex 9.52628 -5.5 -24
      vertex 9.8656 -4.86518 -24
    endloop
  endfacet
  facet normal 0.845525 -0.525722 -0.093293
    outer loop
      vertex 10.3934 -6.94463 -8
      vertex 9.14616 -6.11127 -24
      vertex 10.8253 -6.25 -8
    endloop
  endfacet
  facet normal 0.931851 -0.350642 -0.0932897
    outer loop
      vertex 11.5485 -4.78354 -8
      vertex 10.1627 -4.20952 -24
      vertex 10.4162 -3.53583 -24
    endloop
  endfacet
  facet normal 0.906879 -0.410935 -0.0932899
    outer loop
      vertex 11.5485 -4.78354 -8
      vertex 9.8656 -4.86518 -24
      vertex 10.1627 -4.20952 -24
    endloop
  endfacet
  facet normal 0.680616 -0.726676 -0.0932912
    outer loop
      vertex 8.83883 -8.83883 -8
      vertex 7.2528 -8.27024 -24
      vertex 7.77817 -7.77817 -24
    endloop
  endfacet
  facet normal 0.680617 -0.726676 -0.0932912
    outer loop
      vertex 8.24182 -9.398 -8
      vertex 7.2528 -8.27024 -24
      vertex 8.83883 -8.83883 -8
    endloop
  endfacet
  facet normal 0.469349 -0.878071 -0.0932906
    outer loop
      vertex 5.52861 -11.2109 -8
      vertex 4.86518 -9.8656 -24
      vertex 6.25 -10.8253 -8
    endloop
  endfacet
  facet normal 0.0326209 -0.995104 -0.093292
    outer loop
      vertex 0.817538 -12.4732 -8
      vertex 0 -12.5 -8
      vertex 0.719434 -10.9764 -24
    endloop
  endfacet
  facet normal 0.0974979 -0.990854 -0.0932922
    outer loop
      vertex 0.817538 -12.4732 -8
      vertex 0.719434 -10.9764 -24
      vertex 1.63158 -12.3931 -8
    endloop
  endfacet
  facet normal -0.990854 -0.0974979 -0.0932922
    outer loop
      vertex -12.3931 -1.63158 -8
      vertex -12.4732 -0.817538 -8
      vertex -10.9764 -0.719434 -24
    endloop
  endfacet
  facet normal -0.995104 -0.0326209 -0.093292
    outer loop
      vertex -12.4732 -0.817538 -8
      vertex -12.5 0 -8
      vertex -10.9764 -0.719434 -24
    endloop
  endfacet
  facet normal -0.982329 -0.162251 -0.093293
    outer loop
      vertex -12.2598 -2.43863 -8
      vertex -12.3931 -1.63158 -8
      vertex -10.9059 -1.43579 -24
    endloop
  endfacet
  facet normal -0.906879 -0.410935 -0.0932899
    outer loop
      vertex -9.8656 -4.86518 -24
      vertex -11.5485 -4.78354 -8
      vertex -10.1627 -4.20952 -24
    endloop
  endfacet
  facet normal -0.769636 -0.63163 -0.0932912
    outer loop
      vertex -9.398 -8.24182 -8
      vertex -9.91692 -7.60952 -8
      vertex -8.27024 -7.2528 -24
    endloop
  endfacet
  facet normal -0.410935 -0.906879 -0.0932899
    outer loop
      vertex -4.78354 -11.5485 -8
      vertex -4.86518 -9.8656 -24
      vertex -4.20952 -10.1627 -24
    endloop
  endfacet
  facet normal -0.680617 -0.726676 -0.0932912
    outer loop
      vertex -8.24182 -9.398 -8
      vertex -8.83883 -8.83883 -8
      vertex -7.2528 -8.27024 -24
    endloop
  endfacet
  facet normal -0.680616 -0.726676 -0.0932912
    outer loop
      vertex -7.2528 -8.27024 -24
      vertex -8.83883 -8.83883 -8
      vertex -7.77817 -7.77817 -24
    endloop
  endfacet
  facet normal -0.28908 -0.952748 -0.0932917
    outer loop
      vertex -2.84701 -10.6252 -24
      vertex -4.01799 -11.8366 -8
      vertex -3.53583 -10.4162 -24
    endloop
  endfacet
  facet normal -0.0975144 -0.990852 -0.093293
    outer loop
      vertex -0.719434 -10.9764 -24
      vertex -1.63158 -12.3931 -8
      vertex -1.43579 -10.9059 -24
    endloop
  endfacet
  facet normal -0.995104 0.0326429 -0.093291
    outer loop
      vertex -11 0 -24
      vertex -12.5 0 -8
      vertex -10.9764 0.719434 -24
    endloop
  endfacet
  facet normal -0.769636 0.63163 -0.0932912
    outer loop
      vertex -8.27024 7.2528 -24
      vertex -9.91692 7.60952 -8
      vertex -9.398 8.24182 -8
    endloop
  endfacet
  facet normal -0.878074 0.469343 -0.0932902
    outer loop
      vertex -9.8656 4.86518 -24
      vertex -10.8253 6.25 -8
      vertex -9.52628 5.5 -24
    endloop
  endfacet
  facet normal -0.845525 0.525722 -0.093293
    outer loop
      vertex -9.14616 6.11127 -24
      vertex -10.8253 6.25 -8
      vertex -10.3934 6.94463 -8
    endloop
  endfacet
  facet normal -0.931851 0.350642 -0.0932897
    outer loop
      vertex -10.4162 3.53583 -24
      vertex -11.5485 4.78354 -8
      vertex -10.1627 4.20952 -24
    endloop
  endfacet
  facet normal -0.906879 0.410935 -0.0932899
    outer loop
      vertex -10.1627 4.20952 -24
      vertex -11.5485 4.78354 -8
      vertex -9.8656 4.86518 -24
    endloop
  endfacet
  facet normal -0.680616 0.726676 -0.0932912
    outer loop
      vertex -7.77817 7.77817 -24
      vertex -8.83883 8.83883 -8
      vertex -7.2528 8.27024 -24
    endloop
  endfacet
  facet normal -0.680617 0.726676 -0.0932912
    outer loop
      vertex -7.2528 8.27024 -24
      vertex -8.83883 8.83883 -8
      vertex -8.24182 9.398 -8
    endloop
  endfacet
  facet normal -0.469285 0.878104 -0.0932949
    outer loop
      vertex -5.52861 11.2109 -8
      vertex -5.48005 10.2917 -16.8959
      vertex -5.89704 11.014 -8
    endloop
  endfacet
  facet normal -0.469375 0.878057 -0.0932905
    outer loop
      vertex -5.48005 10.2917 -16.8959
      vertex -5.52861 11.2109 -8
      vertex -4.86518 9.8656 -24
    endloop
  endfacet
  facet normal -0.0326209 0.995104 -0.093292
    outer loop
      vertex -0.719434 10.9764 -24
      vertex -0.817538 12.4732 -8
      vertex 0 12.5 -8
    endloop
  endfacet
  facet normal -0.0974979 0.990854 -0.0932922
    outer loop
      vertex -0.719434 10.9764 -24
      vertex -1.63158 12.3931 -8
      vertex -0.817538 12.4732 -8
    endloop
  endfacet
  facet normal 0.162251 0.982329 -0.093293
    outer loop
      vertex 2.43863 12.2598 -8
      vertex 1.43579 10.9059 -24
      vertex 1.63158 12.3931 -8
    endloop
  endfacet
  facet normal 0.0326429 0.995104 -0.093291
    outer loop
      vertex 0.719434 10.9764 -24
      vertex 0 11 -24
      vertex 0 12.5 -8
    endloop
  endfacet
  facet normal 0.63163 0.769636 -0.0932912
    outer loop
      vertex 8.24182 9.398 -8
      vertex 7.2528 8.27024 -24
      vertex 7.60952 9.91692 -8
    endloop
  endfacet
  facet normal 0.726676 0.680616 -0.0932912
    outer loop
      vertex 8.27024 7.2528 -24
      vertex 7.77817 7.77817 -24
      vertex 8.83883 8.83883 -8
    endloop
  endfacet
  facet normal 0.726676 0.680617 -0.0932912
    outer loop
      vertex 9.398 8.24182 -8
      vertex 8.27024 7.2528 -24
      vertex 8.83883 8.83883 -8
    endloop
  endfacet
  facet normal 0.931851 0.350642 -0.0932897
    outer loop
      vertex 10.4162 3.53583 -24
      vertex 10.1627 4.20952 -24
      vertex 11.5485 4.78354 -8
    endloop
  endfacet
  facet normal 0.969641 0.226036 -0.0932917
    outer loop
      vertex 12.2598 2.43863 -8
      vertex 10.6252 2.84701 -24
      vertex 12.0741 3.23524 -8
    endloop
  endfacet
  facet normal 0.969646 0.226014 -0.0932928
    outer loop
      vertex 10.7886 2.14599 -24
      vertex 10.6252 2.84701 -24
      vertex 12.2598 2.43863 -8
    endloop
  endfacet
  facet normal 0.98233 0.162246 -0.0932927
    outer loop
      vertex 10.9059 1.43579 -24
      vertex 10.7886 2.14599 -24
      vertex 12.2598 2.43863 -8
    endloop
  endfacet
  facet normal 0.982329 0.162251 -0.093293
    outer loop
      vertex 12.3931 1.63158 -8
      vertex 10.9059 1.43579 -24
      vertex 12.2598 2.43863 -8
    endloop
  endfacet
  facet normal 0.410935 0.906879 -0.0932899
    outer loop
      vertex 4.86518 9.8656 -24
      vertex 4.20952 10.1627 -24
      vertex 4.78354 11.5485 -8
    endloop
  endfacet
  facet normal 0.469343 0.878074 -0.0932902
    outer loop
      vertex 5.5 9.52628 -24
      vertex 4.86518 9.8656 -24
      vertex 6.25 10.8253 -8
    endloop
  endfacet
  facet normal 0.525722 0.845525 -0.093293
    outer loop
      vertex 6.94463 10.3934 -8
      vertex 6.11127 9.14616 -24
      vertex 6.25 10.8253 -8
    endloop
  endfacet
  facet normal 0.226036 0.969641 -0.0932917
    outer loop
      vertex 2.84701 10.6252 -24
      vertex 2.43863 12.2598 -8
      vertex 3.23524 12.0741 -8
    endloop
  endfacet
  facet normal 0.969641 -0.226036 -0.0932917
    outer loop
      vertex 12.0741 -3.23524 -8
      vertex 10.6252 -2.84701 -24
      vertex 12.2598 -2.43863 -8
    endloop
  endfacet
  facet normal 0.952748 -0.28908 -0.0932917
    outer loop
      vertex 11.8366 -4.01799 -8
      vertex 10.6252 -2.84701 -24
      vertex 12.0741 -3.23524 -8
    endloop
  endfacet
  facet normal 0.995103 -0.0326507 -0.093292
    outer loop
      vertex 12.4732 -0.817538 -8
      vertex 11.6529 -0.4 -16.8959
      vertex 12.4869 -0.4 -8
    endloop
  endfacet
  facet normal 0.995103 -0.0326539 -0.0932921
    outer loop
      vertex 11.6529 -0.4 -16.8959
      vertex 12.4732 -0.817538 -8
      vertex 10.9764 -0.719434 -24
    endloop
  endfacet
  facet normal 0.990854 -0.0974979 -0.0932922
    outer loop
      vertex 12.3931 -1.63158 -8
      vertex 10.9764 -0.719434 -24
      vertex 12.4732 -0.817538 -8
    endloop
  endfacet
  facet normal 0.769639 -0.631626 -0.0932915
    outer loop
      vertex 9.91692 -7.60952 -8
      vertex 8.27024 -7.2528 -24
      vertex 8.72689 -6.69637 -24
    endloop
  endfacet
  facet normal 0.809286 -0.579959 -0.0932915
    outer loop
      vertex 9.91692 -7.60952 -8
      vertex 8.72689 -6.69637 -24
      vertex 10.3934 -6.94463 -8
    endloop
  endfacet
  facet normal 0.878071 -0.469349 -0.0932906
    outer loop
      vertex 10.8253 -6.25 -8
      vertex 9.8656 -4.86518 -24
      vertex 11.2109 -5.52861 -8
    endloop
  endfacet
  facet normal 0.809306 -0.579931 -0.0932931
    outer loop
      vertex 10.3934 -6.94463 -8
      vertex 8.72689 -6.69637 -24
      vertex 9.14616 -6.11127 -24
    endloop
  endfacet
  facet normal 0.631626 -0.769639 -0.0932915
    outer loop
      vertex 7.60952 -9.91692 -8
      vertex 6.69637 -8.72689 -24
      vertex 7.2528 -8.27024 -24
    endloop
  endfacet
  facet normal 0.63163 -0.769636 -0.0932912
    outer loop
      vertex 7.60952 -9.91692 -8
      vertex 7.2528 -8.27024 -24
      vertex 8.24182 -9.398 -8
    endloop
  endfacet
  facet normal 0.525722 -0.845525 -0.093293
    outer loop
      vertex 6.25 -10.8253 -8
      vertex 6.11127 -9.14616 -24
      vertex 6.94463 -10.3934 -8
    endloop
  endfacet
  facet normal 0.41092 -0.906885 -0.0932906
    outer loop
      vertex 5.52861 -11.2109 -8
      vertex 4.78354 -11.5485 -8
      vertex 4.86518 -9.8656 -24
    endloop
  endfacet
  facet normal 0.350679 -0.931837 -0.0932916
    outer loop
      vertex 4.01799 -11.8366 -8
      vertex 3.53583 -10.4162 -24
      vertex 4.78354 -11.5485 -8
    endloop
  endfacet
  facet normal 0.226036 -0.969641 -0.0932917
    outer loop
      vertex 3.23524 -12.0741 -8
      vertex 2.43863 -12.2598 -8
      vertex 2.84701 -10.6252 -24
    endloop
  endfacet
  facet normal 0.226014 -0.969646 -0.0932928
    outer loop
      vertex 2.43863 -12.2598 -8
      vertex 2.14599 -10.7886 -24
      vertex 2.84701 -10.6252 -24
    endloop
  endfacet
  facet normal 0.162251 -0.982329 -0.093293
    outer loop
      vertex 1.63158 -12.3931 -8
      vertex 1.43579 -10.9059 -24
      vertex 2.43863 -12.2598 -8
    endloop
  endfacet
  facet normal 0.0975144 -0.990852 -0.093293
    outer loop
      vertex 1.63158 -12.3931 -8
      vertex 0.719434 -10.9764 -24
      vertex 1.43579 -10.9059 -24
    endloop
  endfacet
  facet normal 0 0 -1
    outer loop
      vertex 3.97781 -0.4 -24
      vertex 10.9764 -0.719434 -24
      vertex 10.9059 -1.43579 -24
    endloop
  endfacet
  facet normal 0 0 -1
    outer loop
      vertex 3.96578 -0.522104 -24
      vertex 10.9059 -1.43579 -24
      vertex 10.7886 -2.14599 -24
    endloop
  endfacet
  facet normal 0 0 -1
    outer loop
      vertex 3.92314 -0.780361 -24
      vertex 10.7886 -2.14599 -24
      vertex 10.6252 -2.84701 -24
    endloop
  endfacet
  facet normal 0 0 -1
    outer loop
      vertex 3.8637 -1.03528 -24
      vertex 10.6252 -2.84701 -24
      vertex 10.4162 -3.53583 -24
    endloop
  endfacet
  facet normal 0 0 -1
    outer loop
      vertex 3.78772 -1.28576 -24
      vertex 10.4162 -3.53583 -24
      vertex 10.1627 -4.20952 -24
    endloop
  endfacet
  facet normal 0 0 -1
    outer loop
      vertex 3.69552 -1.53073 -24
      vertex 10.1627 -4.20952 -24
      vertex 9.8656 -4.86518 -24
    endloop
  endfacet
  facet normal 0 0 -1
    outer loop
      vertex 3.58749 -1.76915 -24
      vertex 9.8656 -4.86518 -24
      vertex 9.52628 -5.5 -24
    endloop
  endfacet
  facet normal 0 0 -1
    outer loop
      vertex 3.4641 -2 -24
      vertex 9.52628 -5.5 -24
      vertex 9.14616 -6.11127 -24
    endloop
  endfacet
  facet normal 0 0 -1
    outer loop
      vertex 3.32588 -2.22228 -24
      vertex 9.14616 -6.11127 -24
      vertex 8.72689 -6.69637 -24
    endloop
  endfacet
  facet normal 0 0 -1
    outer loop
      vertex 3.17341 -2.43505 -24
      vertex 8.72689 -6.69637 -24
      vertex 8.27024 -7.2528 -24
    endloop
  endfacet
  facet normal 0 0 -1
    outer loop
      vertex 3.00736 -2.63738 -24
      vertex 8.27024 -7.2528 -24
      vertex 7.77817 -7.77817 -24
    endloop
  endfacet
  facet normal 0 0 -1
    outer loop
      vertex 2.82843 -2.82843 -24
      vertex 7.77817 -7.77817 -24
      vertex 7.2528 -8.27024 -24
    endloop
  endfacet
  facet normal 0 0 -1
    outer loop
      vertex 2.63738 -3.00736 -24
      vertex 7.2528 -8.27024 -24
      vertex 6.69637 -8.72689 -24
    endloop
  endfacet
  facet normal 0 0 -1
    outer loop
      vertex 2.43505 -3.17341 -24
      vertex 6.69637 -8.72689 -24
      vertex 6.11127 -9.14616 -24
    endloop
  endfacet
  facet normal 0 0 -1
    outer loop
      vertex 2.22228 -3.32588 -24
      vertex 6.11127 -9.14616 -24
      vertex 5.5 -9.52628 -24
    endloop
  endfacet
  facet normal 0 0 -1
    outer loop
      vertex 2 -3.4641 -24
      vertex 5.5 -9.52628 -24
      vertex 4.86518 -9.8656 -24
    endloop
  endfacet
  facet normal 0 0 -1
    outer loop
      vertex 1.76915 -3.58749 -24
      vertex 4.86518 -9.8656 -24
      vertex 4.20952 -10.1627 -24
    endloop
  endfacet
  facet normal 0 0 -1
    outer loop
      vertex 9.14616 -6.11127 -24
      vertex 3.32588 -2.22228 -24
      vertex 3.4641 -2 -24
    endloop
  endfacet
  facet normal 0 0 -1
    outer loop
      vertex 10.9764 -0.719434 -24
      vertex 3.97781 -0.4 -24
      vertex 10.9869 -0.4 -24
    endloop
  endfacet
  facet normal 0 -0 -1
    outer loop
      vertex 3.97781 -0.4 -24
      vertex 10.9059 -1.43579 -24
      vertex 3.96578 -0.522104 -24
    endloop
  endfacet
  facet normal 0 0 -1
    outer loop
      vertex 10.7886 -2.14599 -24
      vertex 3.92314 -0.780361 -24
      vertex 3.96578 -0.522104 -24
    endloop
  endfacet
  facet normal 0 0 -1
    outer loop
      vertex 10.6252 -2.84701 -24
      vertex 3.8637 -1.03528 -24
      vertex 3.92314 -0.780361 -24
    endloop
  endfacet
  facet normal 0 0 -1
    outer loop
      vertex 10.4162 -3.53583 -24
      vertex 3.78772 -1.28576 -24
      vertex 3.8637 -1.03528 -24
    endloop
  endfacet
  facet normal 0 0 -1
    outer loop
      vertex 10.1627 -4.20952 -24
      vertex 3.69552 -1.53073 -24
      vertex 3.78772 -1.28576 -24
    endloop
  endfacet
  facet normal 0 0 -1
    outer loop
      vertex 1.53073 -3.69552 -24
      vertex 4.20952 -10.1627 -24
      vertex 3.53583 -10.4162 -24
    endloop
  endfacet
  facet normal 0 0 -1
    outer loop
      vertex 9.8656 -4.86518 -24
      vertex 3.58749 -1.76915 -24
      vertex 3.69552 -1.53073 -24
    endloop
  endfacet
  facet normal 0 0 -1
    outer loop
      vertex 9.52628 -5.5 -24
      vertex 3.4641 -2 -24
      vertex 3.58749 -1.76915 -24
    endloop
  endfacet
  facet normal 0 0 -1
    outer loop
      vertex 8.72689 -6.69637 -24
      vertex 3.17341 -2.43505 -24
      vertex 3.32588 -2.22228 -24
    endloop
  endfacet
  facet normal 0 0 -1
    outer loop
      vertex 8.27024 -7.2528 -24
      vertex 3.00736 -2.63738 -24
      vertex 3.17341 -2.43505 -24
    endloop
  endfacet
  facet normal 0 0 -1
    outer loop
      vertex 1.28576 -3.78772 -24
      vertex 3.53583 -10.4162 -24
      vertex 2.84701 -10.6252 -24
    endloop
  endfacet
  facet normal 0 0 -1
    outer loop
      vertex 7.77817 -7.77817 -24
      vertex 2.82843 -2.82843 -24
      vertex 3.00736 -2.63738 -24
    endloop
  endfacet
  facet normal 0 0 -1
    outer loop
      vertex 7.2528 -8.27024 -24
      vertex 2.63738 -3.00736 -24
      vertex 2.82843 -2.82843 -24
    endloop
  endfacet
  facet normal 0 0 -1
    outer loop
      vertex 6.69637 -8.72689 -24
      vertex 2.43505 -3.17341 -24
      vertex 2.63738 -3.00736 -24
    endloop
  endfacet
  facet normal 0 0 -1
    outer loop
      vertex 6.11127 -9.14616 -24
      vertex 2.22228 -3.32588 -24
      vertex 2.43505 -3.17341 -24
    endloop
  endfacet
  facet normal 0 0 -1
    outer loop
      vertex 1.03528 -3.8637 -24
      vertex 2.84701 -10.6252 -24
      vertex 2.14599 -10.7886 -24
    endloop
  endfacet
  facet normal 0 0 -1
    outer loop
      vertex 5.5 -9.52628 -24
      vertex 2 -3.4641 -24
      vertex 2.22228 -3.32588 -24
    endloop
  endfacet
  facet normal 0 0 -1
    outer loop
      vertex 4.86518 -9.8656 -24
      vertex 1.76915 -3.58749 -24
      vertex 2 -3.4641 -24
    endloop
  endfacet
  facet normal 0 0 -1
    outer loop
      vertex 4.20952 -10.1627 -24
      vertex 1.53073 -3.69552 -24
      vertex 1.76915 -3.58749 -24
    endloop
  endfacet
  facet normal 0 0 -1
    outer loop
      vertex 0.780361 -3.92314 -24
      vertex 2.14599 -10.7886 -24
      vertex 1.43579 -10.9059 -24
    endloop
  endfacet
  facet normal 0 0 -1
    outer loop
      vertex 3.53583 -10.4162 -24
      vertex 1.28576 -3.78772 -24
      vertex 1.53073 -3.69552 -24
    endloop
  endfacet
  facet normal 0 0 -1
    outer loop
      vertex 2.84701 -10.6252 -24
      vertex 1.03528 -3.8637 -24
      vertex 1.28576 -3.78772 -24
    endloop
  endfacet
  facet normal 0 0 -1
    outer loop
      vertex 2.14599 -10.7886 -24
      vertex 0.780361 -3.92314 -24
      vertex 1.03528 -3.8637 -24
    endloop
  endfacet
  facet normal 0 0 -1
    outer loop
      vertex 0.522104 -3.96578 -24
      vertex 1.43579 -10.9059 -24
      vertex 0.719434 -10.9764 -24
    endloop
  endfacet
  facet normal 0 0 -1
    outer loop
      vertex 1.43579 -10.9059 -24
      vertex 0.522104 -3.96578 -24
      vertex 0.780361 -3.92314 -24
    endloop
  endfacet
  facet normal 0 0 -1
    outer loop
      vertex 0.719434 -10.9764 -24
      vertex 0.261612 -3.99144 -24
      vertex 0.522104 -3.96578 -24
    endloop
  endfacet
  facet normal 0 0 -1
    outer loop
      vertex 0 -11 -24
      vertex 0.261612 -3.99144 -24
      vertex 0.719434 -10.9764 -24
    endloop
  endfacet
  facet normal 0 0 -1
    outer loop
      vertex 0 -11 -24
      vertex 0 -4 -24
      vertex 0.261612 -3.99144 -24
    endloop
  endfacet
  facet normal 0 0 -1
    outer loop
      vertex 0 -11 -24
      vertex -0.261612 -3.99144 -24
      vertex 0 -4 -24
    endloop
  endfacet
  facet normal 0 0 -1
    outer loop
      vertex -0.719434 -10.9764 -24
      vertex -0.261612 -3.99144 -24
      vertex 0 -11 -24
    endloop
  endfacet
  facet normal -0 0 -1
    outer loop
      vertex -0.261612 -3.99144 -24
      vertex -0.719434 -10.9764 -24
      vertex -0.522104 -3.96578 -24
    endloop
  endfacet
  facet normal 0 0 -1
    outer loop
      vertex -1.43579 -10.9059 -24
      vertex -0.522104 -3.96578 -24
      vertex -0.719434 -10.9764 -24
    endloop
  endfacet
  facet normal -0 0 -1
    outer loop
      vertex -0.522104 -3.96578 -24
      vertex -1.43579 -10.9059 -24
      vertex -0.780361 -3.92314 -24
    endloop
  endfacet
  facet normal 0 0 -1
    outer loop
      vertex -2.14599 -10.7886 -24
      vertex -0.780361 -3.92314 -24
      vertex -1.43579 -10.9059 -24
    endloop
  endfacet
  facet normal -0 0 -1
    outer loop
      vertex -0.780361 -3.92314 -24
      vertex -2.14599 -10.7886 -24
      vertex -1.03528 -3.8637 -24
    endloop
  endfacet
  facet normal 0 0 -1
    outer loop
      vertex -2.84701 -10.6252 -24
      vertex -1.03528 -3.8637 -24
      vertex -2.14599 -10.7886 -24
    endloop
  endfacet
  facet normal -0 0 -1
    outer loop
      vertex -1.03528 -3.8637 -24
      vertex -2.84701 -10.6252 -24
      vertex -1.28576 -3.78772 -24
    endloop
  endfacet
  facet normal 0 0 -1
    outer loop
      vertex -3.53583 -10.4162 -24
      vertex -1.28576 -3.78772 -24
      vertex -2.84701 -10.6252 -24
    endloop
  endfacet
  facet normal -0 0 -1
    outer loop
      vertex -1.28576 -3.78772 -24
      vertex -3.53583 -10.4162 -24
      vertex -1.53073 -3.69552 -24
    endloop
  endfacet
  facet normal 0 0 -1
    outer loop
      vertex -4.20952 -10.1627 -24
      vertex -1.53073 -3.69552 -24
      vertex -3.53583 -10.4162 -24
    endloop
  endfacet
  facet normal -0 0 -1
    outer loop
      vertex -1.53073 -3.69552 -24
      vertex -4.20952 -10.1627 -24
      vertex -1.64249 -3.64488 -24
    endloop
  endfacet
  facet normal 0 0 -1
    outer loop
      vertex -4.86518 -9.8656 -24
      vertex -1.64249 -3.64488 -24
      vertex -4.20952 -10.1627 -24
    endloop
  endfacet
  facet normal 0 0 -1
    outer loop
      vertex -1.64249 -3.64488 -24
      vertex -4.86518 -9.8656 -24
      vertex -5.14704 -9.71494 -24
    endloop
  endfacet
  facet normal 0 0 -1
    outer loop
      vertex -9.52628 -5.5 -24
      vertex -3.4641 -2 -24
      vertex -9.14616 -6.11127 -24
    endloop
  endfacet
  facet normal -0 0 -1
    outer loop
      vertex -3.32588 -2.22228 -24
      vertex -9.14616 -6.11127 -24
      vertex -3.4641 -2 -24
    endloop
  endfacet
  facet normal 0 0 -1
    outer loop
      vertex -9.14616 -6.11127 -24
      vertex -3.32588 -2.22228 -24
      vertex -8.72689 -6.69637 -24
    endloop
  endfacet
  facet normal -0 0 -1
    outer loop
      vertex -3.17341 -2.43505 -24
      vertex -8.72689 -6.69637 -24
      vertex -3.32588 -2.22228 -24
    endloop
  endfacet
  facet normal 0 0 -1
    outer loop
      vertex -8.72689 -6.69637 -24
      vertex -3.17341 -2.43505 -24
      vertex -8.27024 -7.2528 -24
    endloop
  endfacet
  facet normal -0 0 -1
    outer loop
      vertex -3.00736 -2.63738 -24
      vertex -8.27024 -7.2528 -24
      vertex -3.17341 -2.43505 -24
    endloop
  endfacet
  facet normal 0 0 -1
    outer loop
      vertex -8.27024 -7.2528 -24
      vertex -3.00736 -2.63738 -24
      vertex -7.77817 -7.77817 -24
    endloop
  endfacet
  facet normal -0 0 -1
    outer loop
      vertex -2.82843 -2.82843 -24
      vertex -7.77817 -7.77817 -24
      vertex -3.00736 -2.63738 -24
    endloop
  endfacet
  facet normal 0 0 -1
    outer loop
      vertex -7.77817 -7.77817 -24
      vertex -2.82843 -2.82843 -24
      vertex -7.2528 -8.27024 -24
    endloop
  endfacet
  facet normal -0 0 -1
    outer loop
      vertex -2.63738 -3.00736 -24
      vertex -7.2528 -8.27024 -24
      vertex -2.82843 -2.82843 -24
    endloop
  endfacet
  facet normal 0 0 -1
    outer loop
      vertex -7.2528 -8.27024 -24
      vertex -2.63738 -3.00736 -24
      vertex -6.69637 -8.72689 -24
    endloop
  endfacet
  facet normal -0 0 -1
    outer loop
      vertex -2.43505 -3.17341 -24
      vertex -6.69637 -8.72689 -24
      vertex -2.63738 -3.00736 -24
    endloop
  endfacet
  facet normal -0 0 -1
    outer loop
      vertex -2.33531 -3.24488 -24
      vertex -6.69637 -8.72689 -24
      vertex -2.43505 -3.17341 -24
    endloop
  endfacet
  facet normal 0 0 -1
    outer loop
      vertex -6.69637 -8.72689 -24
      vertex -2.33531 -3.24488 -24
      vertex -6.11127 -9.14616 -24
    endloop
  endfacet
  facet normal 0 0 -1
    outer loop
      vertex -6.11127 -9.14616 -24
      vertex -2.33531 -3.24488 -24
      vertex -5.83986 -9.31494 -24
    endloop
  endfacet
  facet normal -0 0 -1
    outer loop
      vertex -3.4641 -2 -24
      vertex -9.52628 -5.5 -24
      vertex -3.58749 -1.76915 -24
    endloop
  endfacet
  facet normal 0 0 -1
    outer loop
      vertex -9.8656 -4.86518 -24
      vertex -3.58749 -1.76915 -24
      vertex -9.52628 -5.5 -24
    endloop
  endfacet
  facet normal -0 0 -1
    outer loop
      vertex -3.58749 -1.76915 -24
      vertex -9.8656 -4.86518 -24
      vertex -3.69552 -1.53073 -24
    endloop
  endfacet
  facet normal 0 0 -1
    outer loop
      vertex -6.69637 8.72689 -24
      vertex -2.33531 3.24488 -24
      vertex -2.43505 3.17341 -24
    endloop
  endfacet
  facet normal 0 0 -1
    outer loop
      vertex -6.69637 8.72689 -24
      vertex -2.43505 3.17341 -24
      vertex -2.63738 3.00736 -24
    endloop
  endfacet
  facet normal 0 0 -1
    outer loop
      vertex -7.2528 8.27024 -24
      vertex -2.63738 3.00736 -24
      vertex -2.82843 2.82843 -24
    endloop
  endfacet
  facet normal 0 0 -1
    outer loop
      vertex -7.77817 7.77817 -24
      vertex -2.82843 2.82843 -24
      vertex -3.00736 2.63738 -24
    endloop
  endfacet
  facet normal 0 0 -1
    outer loop
      vertex -8.27024 7.2528 -24
      vertex -3.00736 2.63738 -24
      vertex -3.17341 2.43505 -24
    endloop
  endfacet
  facet normal 0 0 -1
    outer loop
      vertex -8.72689 6.69637 -24
      vertex -3.17341 2.43505 -24
      vertex -3.32588 2.22228 -24
    endloop
  endfacet
  facet normal 0 0 -1
    outer loop
      vertex -9.14616 6.11127 -24
      vertex -3.32588 2.22228 -24
      vertex -3.4641 2 -24
    endloop
  endfacet
  facet normal 0 0 -1
    outer loop
      vertex -9.52628 5.5 -24
      vertex -3.4641 2 -24
      vertex -3.58749 1.76915 -24
    endloop
  endfacet
  facet normal 0 0 -1
    outer loop
      vertex -9.8656 4.86518 -24
      vertex -3.58749 1.76915 -24
      vertex -3.69552 1.53073 -24
    endloop
  endfacet
  facet normal 0 0 -1
    outer loop
      vertex -10.1627 4.20952 -24
      vertex -3.69552 1.53073 -24
      vertex -3.78772 1.28576 -24
    endloop
  endfacet
  facet normal 0 0 -1
    outer loop
      vertex -10.4162 3.53583 -24
      vertex -3.78772 1.28576 -24
      vertex -3.8637 1.03528 -24
    endloop
  endfacet
  facet normal 0 0 -1
    outer loop
      vertex -10.6252 2.84701 -24
      vertex -3.8637 1.03528 -24
      vertex -3.92314 0.780361 -24
    endloop
  endfacet
  facet normal 0 0 -1
    outer loop
      vertex -10.1627 -4.20952 -24
      vertex -3.69552 -1.53073 -24
      vertex -9.8656 -4.86518 -24
    endloop
  endfacet
  facet normal -0 0 -1
    outer loop
      vertex -3.69552 -1.53073 -24
      vertex -10.1627 -4.20952 -24
      vertex -3.78772 -1.28576 -24
    endloop
  endfacet
  facet normal 0 0 -1
    outer loop
      vertex -10.4162 -3.53583 -24
      vertex -3.78772 -1.28576 -24
      vertex -10.1627 -4.20952 -24
    endloop
  endfacet
  facet normal 0 0 -1
    outer loop
      vertex -2.33531 3.24488 -24
      vertex -6.69637 8.72689 -24
      vertex -6.11127 9.14616 -24
    endloop
  endfacet
  facet normal 0 0 -1
    outer loop
      vertex -2.33531 3.24488 -24
      vertex -6.11127 9.14616 -24
      vertex -5.83986 9.31494 -24
    endloop
  endfacet
  facet normal -0 0 -1
    outer loop
      vertex -3.78772 -1.28576 -24
      vertex -10.4162 -3.53583 -24
      vertex -3.8637 -1.03528 -24
    endloop
  endfacet
  facet normal 0 0 -1
    outer loop
      vertex -2.63738 3.00736 -24
      vertex -7.2528 8.27024 -24
      vertex -6.69637 8.72689 -24
    endloop
  endfacet
  facet normal 0 0 -1
    outer loop
      vertex -10.6252 -2.84701 -24
      vertex -3.8637 -1.03528 -24
      vertex -10.4162 -3.53583 -24
    endloop
  endfacet
  facet normal 0 0 -1
    outer loop
      vertex -2.82843 2.82843 -24
      vertex -7.77817 7.77817 -24
      vertex -7.2528 8.27024 -24
    endloop
  endfacet
  facet normal -0 0 -1
    outer loop
      vertex -3.8637 -1.03528 -24
      vertex -10.6252 -2.84701 -24
      vertex -3.92314 -0.780361 -24
    endloop
  endfacet
  facet normal 0 0 -1
    outer loop
      vertex -3.00736 2.63738 -24
      vertex -8.27024 7.2528 -24
      vertex -7.77817 7.77817 -24
    endloop
  endfacet
  facet normal 0 0 -1
    outer loop
      vertex -10.7886 -2.14599 -24
      vertex -3.92314 -0.780361 -24
      vertex -10.6252 -2.84701 -24
    endloop
  endfacet
  facet normal 0 0 -1
    outer loop
      vertex -3.17341 2.43505 -24
      vertex -8.72689 6.69637 -24
      vertex -8.27024 7.2528 -24
    endloop
  endfacet
  facet normal -0 0 -1
    outer loop
      vertex -3.92314 -0.780361 -24
      vertex -10.7886 -2.14599 -24
      vertex -3.96578 -0.522104 -24
    endloop
  endfacet
  facet normal 0 0 -1
    outer loop
      vertex -3.32588 2.22228 -24
      vertex -9.14616 6.11127 -24
      vertex -8.72689 6.69637 -24
    endloop
  endfacet
  facet normal 0 0 -1
    outer loop
      vertex -10.9059 -1.43579 -24
      vertex -3.96578 -0.522104 -24
      vertex -10.7886 -2.14599 -24
    endloop
  endfacet
  facet normal 0 0 -1
    outer loop
      vertex -3.4641 2 -24
      vertex -9.52628 5.5 -24
      vertex -9.14616 6.11127 -24
    endloop
  endfacet
  facet normal -0 0 -1
    outer loop
      vertex -3.96578 -0.522104 -24
      vertex -10.9059 -1.43579 -24
      vertex -3.99144 -0.261612 -24
    endloop
  endfacet
  facet normal 0 0 -1
    outer loop
      vertex -3.58749 1.76915 -24
      vertex -9.8656 4.86518 -24
      vertex -9.52628 5.5 -24
    endloop
  endfacet
  facet normal 0 0 -1
    outer loop
      vertex -10.9764 -0.719434 -24
      vertex -3.99144 -0.261612 -24
      vertex -10.9059 -1.43579 -24
    endloop
  endfacet
  facet normal 0 0 -1
    outer loop
      vertex -3.69552 1.53073 -24
      vertex -10.1627 4.20952 -24
      vertex -9.8656 4.86518 -24
    endloop
  endfacet
  facet normal -0 0 -1
    outer loop
      vertex -3.99144 -0.261612 -24
      vertex -10.9764 -0.719434 -24
      vertex -4 0 -24
    endloop
  endfacet
  facet normal 0 0 -1
    outer loop
      vertex -3.78772 1.28576 -24
      vertex -10.4162 3.53583 -24
      vertex -10.1627 4.20952 -24
    endloop
  endfacet
  facet normal 0 0 -1
    outer loop
      vertex -11 0 -24
      vertex -4 0 -24
      vertex -10.9764 -0.719434 -24
    endloop
  endfacet
  facet normal 0 0 -1
    outer loop
      vertex -3.8637 1.03528 -24
      vertex -10.6252 2.84701 -24
      vertex -10.4162 3.53583 -24
    endloop
  endfacet
  facet normal 0 0 -1
    outer loop
      vertex -4 0 -24
      vertex -11 0 -24
      vertex -3.99144 0.261612 -24
    endloop
  endfacet
  facet normal 0 0 -1
    outer loop
      vertex -3.92314 0.780361 -24
      vertex -10.7886 2.14599 -24
      vertex -10.6252 2.84701 -24
    endloop
  endfacet
  facet normal 0 -0 -1
    outer loop
      vertex -10.9764 0.719434 -24
      vertex -3.99144 0.261612 -24
      vertex -11 0 -24
    endloop
  endfacet
  facet normal 0 0 -1
    outer loop
      vertex -3.92314 0.780361 -24
      vertex -10.9059 1.43579 -24
      vertex -10.7886 2.14599 -24
    endloop
  endfacet
  facet normal 0 0 -1
    outer loop
      vertex -3.99144 0.261612 -24
      vertex -10.9764 0.719434 -24
      vertex -3.96578 0.522104 -24
    endloop
  endfacet
  facet normal 0 0 -1
    outer loop
      vertex -3.96578 0.522104 -24
      vertex -10.9059 1.43579 -24
      vertex -3.92314 0.780361 -24
    endloop
  endfacet
  facet normal 0 -0 -1
    outer loop
      vertex -10.9059 1.43579 -24
      vertex -3.96578 0.522104 -24
      vertex -10.9764 0.719434 -24
    endloop
  endfacet
  facet normal 0 0 -1
    outer loop
      vertex 3.97781 0.4 -24
      vertex 10.9764 0.719434 -24
      vertex 10.9869 0.4 -24
    endloop
  endfacet
  facet normal -0 0 -1
    outer loop
      vertex 10.9764 0.719434 -24
      vertex 3.97781 0.4 -24
      vertex 10.9059 1.43579 -24
    endloop
  endfacet
  facet normal -0 0 -1
    outer loop
      vertex 10.9059 1.43579 -24
      vertex 3.96578 0.522104 -24
      vertex 10.7886 2.14599 -24
    endloop
  endfacet
  facet normal 0 0 -1
    outer loop
      vertex 3.92314 0.780361 -24
      vertex 10.7886 2.14599 -24
      vertex 3.96578 0.522104 -24
    endloop
  endfacet
  facet normal 0 0 -1
    outer loop
      vertex 3.8637 1.03528 -24
      vertex 10.6252 2.84701 -24
      vertex 3.92314 0.780361 -24
    endloop
  endfacet
  facet normal -0 0 -1
    outer loop
      vertex 10.6252 2.84701 -24
      vertex 3.8637 1.03528 -24
      vertex 10.4162 3.53583 -24
    endloop
  endfacet
  facet normal -0 0 -1
    outer loop
      vertex 10.4162 3.53583 -24
      vertex 3.78772 1.28576 -24
      vertex 10.1627 4.20952 -24
    endloop
  endfacet
  facet normal 0 0 -1
    outer loop
      vertex 3.69552 1.53073 -24
      vertex 10.1627 4.20952 -24
      vertex 3.78772 1.28576 -24
    endloop
  endfacet
  facet normal 0 0 -1
    outer loop
      vertex 3.58749 1.76915 -24
      vertex 9.8656 4.86518 -24
      vertex 3.69552 1.53073 -24
    endloop
  endfacet
  facet normal -0 0 -1
    outer loop
      vertex 9.8656 4.86518 -24
      vertex 3.58749 1.76915 -24
      vertex 9.52628 5.5 -24
    endloop
  endfacet
  facet normal -0 0 -1
    outer loop
      vertex 9.52628 5.5 -24
      vertex 3.4641 2 -24
      vertex 9.14616 6.11127 -24
    endloop
  endfacet
  facet normal 0 0 -1
    outer loop
      vertex 3.32588 2.22228 -24
      vertex 9.14616 6.11127 -24
      vertex 3.4641 2 -24
    endloop
  endfacet
  facet normal 0 0 -1
    outer loop
      vertex 3.17341 2.43505 -24
      vertex 8.72689 6.69637 -24
      vertex 3.32588 2.22228 -24
    endloop
  endfacet
  facet normal -0 0 -1
    outer loop
      vertex 8.72689 6.69637 -24
      vertex 3.17341 2.43505 -24
      vertex 8.27024 7.2528 -24
    endloop
  endfacet
  facet normal -0 0 -1
    outer loop
      vertex 8.27024 7.2528 -24
      vertex 3.00736 2.63738 -24
      vertex 7.77817 7.77817 -24
    endloop
  endfacet
  facet normal 0 0 -1
    outer loop
      vertex 2.82843 2.82843 -24
      vertex 7.77817 7.77817 -24
      vertex 3.00736 2.63738 -24
    endloop
  endfacet
  facet normal 0 0 -1
    outer loop
      vertex 2.63738 3.00736 -24
      vertex 7.2528 8.27024 -24
      vertex 2.82843 2.82843 -24
    endloop
  endfacet
  facet normal 0 0 -1
    outer loop
      vertex 10.9059 1.43579 -24
      vertex 3.97781 0.4 -24
      vertex 3.96578 0.522104 -24
    endloop
  endfacet
  facet normal -0 0 -1
    outer loop
      vertex 10.7886 2.14599 -24
      vertex 3.92314 0.780361 -24
      vertex 10.6252 2.84701 -24
    endloop
  endfacet
  facet normal 0 0 -1
    outer loop
      vertex 3.78772 1.28576 -24
      vertex 10.4162 3.53583 -24
      vertex 3.8637 1.03528 -24
    endloop
  endfacet
  facet normal -0 0 -1
    outer loop
      vertex 10.1627 4.20952 -24
      vertex 3.69552 1.53073 -24
      vertex 9.8656 4.86518 -24
    endloop
  endfacet
  facet normal 0 0 -1
    outer loop
      vertex 3.4641 2 -24
      vertex 9.52628 5.5 -24
      vertex 3.58749 1.76915 -24
    endloop
  endfacet
  facet normal -0 0 -1
    outer loop
      vertex 9.14616 6.11127 -24
      vertex 3.32588 2.22228 -24
      vertex 8.72689 6.69637 -24
    endloop
  endfacet
  facet normal 0 0 -1
    outer loop
      vertex 3.00736 2.63738 -24
      vertex 8.27024 7.2528 -24
      vertex 3.17341 2.43505 -24
    endloop
  endfacet
  facet normal -0 0 -1
    outer loop
      vertex 7.77817 7.77817 -24
      vertex 2.82843 2.82843 -24
      vertex 7.2528 8.27024 -24
    endloop
  endfacet
  facet normal -0 0 -1
    outer loop
      vertex 7.2528 8.27024 -24
      vertex 2.63738 3.00736 -24
      vertex 6.69637 8.72689 -24
    endloop
  endfacet
  facet normal 0 0 -1
    outer loop
      vertex 2.43505 3.17341 -24
      vertex 6.69637 8.72689 -24
      vertex 2.63738 3.00736 -24
    endloop
  endfacet
  facet normal -0 0 -1
    outer loop
      vertex 6.69637 8.72689 -24
      vertex 2.43505 3.17341 -24
      vertex 6.11127 9.14616 -24
    endloop
  endfacet
  facet normal 0 0 -1
    outer loop
      vertex 2.22228 3.32588 -24
      vertex 6.11127 9.14616 -24
      vertex 2.43505 3.17341 -24
    endloop
  endfacet
  facet normal -0 0 -1
    outer loop
      vertex 6.11127 9.14616 -24
      vertex 2.22228 3.32588 -24
      vertex 5.5 9.52628 -24
    endloop
  endfacet
  facet normal 0 0 -1
    outer loop
      vertex 2 3.4641 -24
      vertex 5.5 9.52628 -24
      vertex 2.22228 3.32588 -24
    endloop
  endfacet
  facet normal -0 0 -1
    outer loop
      vertex 5.5 9.52628 -24
      vertex 2 3.4641 -24
      vertex 4.86518 9.8656 -24
    endloop
  endfacet
  facet normal 0 0 -1
    outer loop
      vertex 1.76915 3.58749 -24
      vertex 4.86518 9.8656 -24
      vertex 2 3.4641 -24
    endloop
  endfacet
  facet normal -0 0 -1
    outer loop
      vertex 4.86518 9.8656 -24
      vertex 1.76915 3.58749 -24
      vertex 4.20952 10.1627 -24
    endloop
  endfacet
  facet normal 0 0 -1
    outer loop
      vertex 1.53073 3.69552 -24
      vertex 4.20952 10.1627 -24
      vertex 1.76915 3.58749 -24
    endloop
  endfacet
  facet normal -0 0 -1
    outer loop
      vertex 4.20952 10.1627 -24
      vertex 1.53073 3.69552 -24
      vertex 3.53583 10.4162 -24
    endloop
  endfacet
  facet normal 0 0 -1
    outer loop
      vertex 1.28576 3.78772 -24
      vertex 3.53583 10.4162 -24
      vertex 1.53073 3.69552 -24
    endloop
  endfacet
  facet normal -0 0 -1
    outer loop
      vertex 3.53583 10.4162 -24
      vertex 1.28576 3.78772 -24
      vertex 2.84701 10.6252 -24
    endloop
  endfacet
  facet normal 0 0 -1
    outer loop
      vertex 1.03528 3.8637 -24
      vertex 2.84701 10.6252 -24
      vertex 1.28576 3.78772 -24
    endloop
  endfacet
  facet normal -0 0 -1
    outer loop
      vertex 2.84701 10.6252 -24
      vertex 1.03528 3.8637 -24
      vertex 2.14599 10.7886 -24
    endloop
  endfacet
  facet normal 0 0 -1
    outer loop
      vertex 0.780361 3.92314 -24
      vertex 2.14599 10.7886 -24
      vertex 1.03528 3.8637 -24
    endloop
  endfacet
  facet normal -0 0 -1
    outer loop
      vertex 2.14599 10.7886 -24
      vertex 0.780361 3.92314 -24
      vertex 1.43579 10.9059 -24
    endloop
  endfacet
  facet normal 0 0 -1
    outer loop
      vertex 0.522104 3.96578 -24
      vertex 1.43579 10.9059 -24
      vertex 0.780361 3.92314 -24
    endloop
  endfacet
  facet normal -0 0 -1
    outer loop
      vertex 1.43579 10.9059 -24
      vertex 0.522104 3.96578 -24
      vertex 0.719434 10.9764 -24
    endloop
  endfacet
  facet normal 0 0 -1
    outer loop
      vertex 0.261612 3.99144 -24
      vertex 0.719434 10.9764 -24
      vertex 0.522104 3.96578 -24
    endloop
  endfacet
  facet normal 0 0 -1
    outer loop
      vertex 0 4 -24
      vertex 0.719434 10.9764 -24
      vertex 0.261612 3.99144 -24
    endloop
  endfacet
  facet normal 0 0 -1
    outer loop
      vertex 0 4 -24
      vertex 0 11 -24
      vertex 0.719434 10.9764 -24
    endloop
  endfacet
  facet normal 0 0 -1
    outer loop
      vertex -0.261612 3.99144 -24
      vertex 0 11 -24
      vertex 0 4 -24
    endloop
  endfacet
  facet normal 0 0 -1
    outer loop
      vertex -0.719434 10.9764 -24
      vertex -0.261612 3.99144 -24
      vertex -0.522104 3.96578 -24
    endloop
  endfacet
  facet normal 0 0 -1
    outer loop
      vertex -0.261612 3.99144 -24
      vertex -0.719434 10.9764 -24
      vertex 0 11 -24
    endloop
  endfacet
  facet normal 0 0 -1
    outer loop
      vertex -1.43579 10.9059 -24
      vertex -0.522104 3.96578 -24
      vertex -0.780361 3.92314 -24
    endloop
  endfacet
  facet normal 0 0 -1
    outer loop
      vertex -2.14599 10.7886 -24
      vertex -0.780361 3.92314 -24
      vertex -1.03528 3.8637 -24
    endloop
  endfacet
  facet normal 0 0 -1
    outer loop
      vertex -2.84701 10.6252 -24
      vertex -1.03528 3.8637 -24
      vertex -1.28576 3.78772 -24
    endloop
  endfacet
  facet normal 0 0 -1
    outer loop
      vertex -0.522104 3.96578 -24
      vertex -1.43579 10.9059 -24
      vertex -0.719434 10.9764 -24
    endloop
  endfacet
  facet normal 0 0 -1
    outer loop
      vertex -3.53583 10.4162 -24
      vertex -1.28576 3.78772 -24
      vertex -1.53073 3.69552 -24
    endloop
  endfacet
  facet normal 0 0 -1
    outer loop
      vertex -4.20952 10.1627 -24
      vertex -1.53073 3.69552 -24
      vertex -1.64249 3.64488 -24
    endloop
  endfacet
  facet normal 0 0 -1
    outer loop
      vertex -0.780361 3.92314 -24
      vertex -2.14599 10.7886 -24
      vertex -1.43579 10.9059 -24
    endloop
  endfacet
  facet normal 0 0 -1
    outer loop
      vertex -1.03528 3.8637 -24
      vertex -2.84701 10.6252 -24
      vertex -2.14599 10.7886 -24
    endloop
  endfacet
  facet normal 0 0 -1
    outer loop
      vertex -1.28576 3.78772 -24
      vertex -3.53583 10.4162 -24
      vertex -2.84701 10.6252 -24
    endloop
  endfacet
  facet normal 0 0 -1
    outer loop
      vertex -1.53073 3.69552 -24
      vertex -4.20952 10.1627 -24
      vertex -3.53583 10.4162 -24
    endloop
  endfacet
  facet normal 0 0 -1
    outer loop
      vertex -1.64249 3.64488 -24
      vertex -4.86518 9.8656 -24
      vertex -4.20952 10.1627 -24
    endloop
  endfacet
  facet normal 0 -0 -1
    outer loop
      vertex -4.86518 9.8656 -24
      vertex -1.64249 3.64488 -24
      vertex -5.14704 9.71494 -24
    endloop
  endfacet
  facet normal -0.990852 -0.0975144 -0.093293
    outer loop
      vertex -10.9059 -1.43579 -24
      vertex -12.3931 -1.63158 -8
      vertex -10.9764 -0.719434 -24
    endloop
  endfacet
  facet normal -0.952748 -0.28908 -0.0932917
    outer loop
      vertex -10.4162 -3.53583 -24
      vertex -11.8366 -4.01799 -8
      vertex -10.6252 -2.84701 -24
    endloop
  endfacet
  facet normal -0.878071 -0.469349 -0.0932906
    outer loop
      vertex -10.8253 -6.25 -8
      vertex -11.2109 -5.52861 -8
      vertex -9.8656 -4.86518 -24
    endloop
  endfacet
  facet normal -0.906885 -0.41092 -0.0932906
    outer loop
      vertex -11.2109 -5.52861 -8
      vertex -11.5485 -4.78354 -8
      vertex -9.8656 -4.86518 -24
    endloop
  endfacet
  facet normal -0.845494 -0.525773 -0.0932902
    outer loop
      vertex -9.14616 -6.11127 -24
      vertex -10.8253 -6.25 -8
      vertex -9.52628 -5.5 -24
    endloop
  endfacet
  facet normal -0.469285 -0.878104 -0.0932949
    outer loop
      vertex -5.48005 -10.2917 -16.8959
      vertex -5.52861 -11.2109 -8
      vertex -5.89704 -11.014 -8
    endloop
  endfacet
  facet normal -0.469375 -0.878057 -0.0932905
    outer loop
      vertex -5.52861 -11.2109 -8
      vertex -5.48005 -10.2917 -16.8959
      vertex -4.86518 -9.8656 -24
    endloop
  endfacet
  facet normal -0.63163 -0.769636 -0.0932912
    outer loop
      vertex -7.60952 -9.91692 -8
      vertex -8.24182 -9.398 -8
      vertex -7.2528 -8.27024 -24
    endloop
  endfacet
  facet normal -0.162246 -0.98233 -0.0932927
    outer loop
      vertex -1.43579 -10.9059 -24
      vertex -2.43863 -12.2598 -8
      vertex -2.14599 -10.7886 -24
    endloop
  endfacet
  facet normal -0.28908 -0.952748 -0.0932917
    outer loop
      vertex -3.23524 -12.0741 -8
      vertex -4.01799 -11.8366 -8
      vertex -2.84701 -10.6252 -24
    endloop
  endfacet
  facet normal -0.0326209 -0.995104 -0.093292
    outer loop
      vertex 0 -12.5 -8
      vertex -0.817538 -12.4732 -8
      vertex -0.719434 -10.9764 -24
    endloop
  endfacet
  facet normal -0.0974979 -0.990854 -0.0932922
    outer loop
      vertex -0.817538 -12.4732 -8
      vertex -1.63158 -12.3931 -8
      vertex -0.719434 -10.9764 -24
    endloop
  endfacet
  facet normal -0.162251 -0.982329 -0.093293
    outer loop
      vertex -1.63158 -12.3931 -8
      vertex -2.43863 -12.2598 -8
      vertex -1.43579 -10.9059 -24
    endloop
  endfacet
  facet normal -0.969641 0.226036 -0.0932917
    outer loop
      vertex -10.6252 2.84701 -24
      vertex -12.2598 2.43863 -8
      vertex -12.0741 3.23524 -8
    endloop
  endfacet
  facet normal -0.952748 0.28908 -0.0932917
    outer loop
      vertex -10.6252 2.84701 -24
      vertex -12.0741 3.23524 -8
      vertex -11.8366 4.01799 -8
    endloop
  endfacet
  facet normal -0.995104 0.0326209 -0.093292
    outer loop
      vertex -10.9764 0.719434 -24
      vertex -12.5 0 -8
      vertex -12.4732 0.817538 -8
    endloop
  endfacet
  facet normal -0.990854 0.0974979 -0.0932922
    outer loop
      vertex -10.9764 0.719434 -24
      vertex -12.4732 0.817538 -8
      vertex -12.3931 1.63158 -8
    endloop
  endfacet
  facet normal -0.769639 0.631626 -0.0932915
    outer loop
      vertex -8.72689 6.69637 -24
      vertex -9.91692 7.60952 -8
      vertex -8.27024 7.2528 -24
    endloop
  endfacet
  facet normal -0.809286 0.579959 -0.0932915
    outer loop
      vertex -8.72689 6.69637 -24
      vertex -10.3934 6.94463 -8
      vertex -9.91692 7.60952 -8
    endloop
  endfacet
  facet normal -0.878071 0.469349 -0.0932906
    outer loop
      vertex -9.8656 4.86518 -24
      vertex -11.2109 5.52861 -8
      vertex -10.8253 6.25 -8
    endloop
  endfacet
  facet normal -0.809306 0.579931 -0.0932931
    outer loop
      vertex -9.14616 6.11127 -24
      vertex -10.3934 6.94463 -8
      vertex -8.72689 6.69637 -24
    endloop
  endfacet
  facet normal -0.631626 0.769639 -0.0932915
    outer loop
      vertex -7.2528 8.27024 -24
      vertex -7.60952 9.91692 -8
      vertex -6.69637 8.72689 -24
    endloop
  endfacet
  facet normal -0.63163 0.769636 -0.0932912
    outer loop
      vertex -7.2528 8.27024 -24
      vertex -8.24182 9.398 -8
      vertex -7.60952 9.91692 -8
    endloop
  endfacet
  facet normal -0.525747 0.845509 -0.0932931
    outer loop
      vertex -6.17287 9.89172 -16.8959
      vertex -6.94463 10.3934 -8
      vertex -6.58986 10.614 -8
    endloop
  endfacet
  facet normal -0.525748 0.845509 -0.0932931
    outer loop
      vertex -6.94463 10.3934 -8
      vertex -6.17287 9.89172 -16.8959
      vertex -6.11127 9.14616 -24
    endloop
  endfacet
  facet normal -0.41092 0.906885 -0.0932906
    outer loop
      vertex -4.86518 9.8656 -24
      vertex -5.52861 11.2109 -8
      vertex -4.78354 11.5485 -8
    endloop
  endfacet
  facet normal -0.350679 0.931837 -0.0932916
    outer loop
      vertex -3.53583 10.4162 -24
      vertex -4.78354 11.5485 -8
      vertex -4.01799 11.8366 -8
    endloop
  endfacet
  facet normal -0.226036 0.969641 -0.0932917
    outer loop
      vertex -2.84701 10.6252 -24
      vertex -3.23524 12.0741 -8
      vertex -2.43863 12.2598 -8
    endloop
  endfacet
  facet normal -0.226014 0.969646 -0.0932928
    outer loop
      vertex -2.14599 10.7886 -24
      vertex -2.84701 10.6252 -24
      vertex -2.43863 12.2598 -8
    endloop
  endfacet
  facet normal -0.162251 0.982329 -0.093293
    outer loop
      vertex -1.43579 10.9059 -24
      vertex -2.43863 12.2598 -8
      vertex -1.63158 12.3931 -8
    endloop
  endfacet
  facet normal -0.0975144 0.990852 -0.093293
    outer loop
      vertex -1.43579 10.9059 -24
      vertex -1.63158 12.3931 -8
      vertex -0.719434 10.9764 -24
    endloop
  endfacet
  facet normal 0.28908 0.952748 -0.0932917
    outer loop
      vertex 4.01799 11.8366 -8
      vertex 2.84701 10.6252 -24
      vertex 3.23524 12.0741 -8
    endloop
  endfacet
  facet normal 0.28908 0.952748 -0.0932917
    outer loop
      vertex 3.53583 10.4162 -24
      vertex 2.84701 10.6252 -24
      vertex 4.01799 11.8366 -8
    endloop
  endfacet
  facet normal 0.0326209 0.995104 -0.093292
    outer loop
      vertex 0.719434 10.9764 -24
      vertex 0 12.5 -8
      vertex 0.817538 12.4732 -8
    endloop
  endfacet
  facet normal 0.0974979 0.990854 -0.0932922
    outer loop
      vertex 1.63158 12.3931 -8
      vertex 0.719434 10.9764 -24
      vertex 0.817538 12.4732 -8
    endloop
  endfacet
  facet normal 0.631626 0.769639 -0.0932915
    outer loop
      vertex 7.2528 8.27024 -24
      vertex 6.69637 8.72689 -24
      vertex 7.60952 9.91692 -8
    endloop
  endfacet
  facet normal 0.579959 0.809286 -0.0932915
    outer loop
      vertex 7.60952 9.91692 -8
      vertex 6.69637 8.72689 -24
      vertex 6.94463 10.3934 -8
    endloop
  endfacet
  facet normal 0.769639 0.631626 -0.0932915
    outer loop
      vertex 8.72689 6.69637 -24
      vertex 8.27024 7.2528 -24
      vertex 9.91692 7.60952 -8
    endloop
  endfacet
  facet normal 0.769636 0.63163 -0.0932912
    outer loop
      vertex 9.91692 7.60952 -8
      vertex 8.27024 7.2528 -24
      vertex 9.398 8.24182 -8
    endloop
  endfacet
  facet normal 0.845525 0.525722 -0.093293
    outer loop
      vertex 10.8253 6.25 -8
      vertex 9.14616 6.11127 -24
      vertex 10.3934 6.94463 -8
    endloop
  endfacet
  facet normal 0.845494 0.525773 -0.0932902
    outer loop
      vertex 9.52628 5.5 -24
      vertex 9.14616 6.11127 -24
      vertex 10.8253 6.25 -8
    endloop
  endfacet
  facet normal 0.906885 0.41092 -0.0932906
    outer loop
      vertex 11.5485 4.78354 -8
      vertex 9.8656 4.86518 -24
      vertex 11.2109 5.52861 -8
    endloop
  endfacet
  facet normal 0.878071 0.469349 -0.0932906
    outer loop
      vertex 11.2109 5.52861 -8
      vertex 9.8656 4.86518 -24
      vertex 10.8253 6.25 -8
    endloop
  endfacet
  facet normal 0.952748 0.28908 -0.0932917
    outer loop
      vertex 10.6252 2.84701 -24
      vertex 10.4162 3.53583 -24
      vertex 11.8366 4.01799 -8
    endloop
  endfacet
  facet normal 0.469349 0.878071 -0.0932906
    outer loop
      vertex 6.25 10.8253 -8
      vertex 4.86518 9.8656 -24
      vertex 5.52861 11.2109 -8
    endloop
  endfacet
  facet normal 0.579931 0.809306 -0.0932931
    outer loop
      vertex 6.69637 8.72689 -24
      vertex 6.11127 9.14616 -24
      vertex 6.94463 10.3934 -8
    endloop
  endfacet
  facet normal 0.969646 -0.226014 -0.0932928
    outer loop
      vertex 12.2598 -2.43863 -8
      vertex 10.6252 -2.84701 -24
      vertex 10.7886 -2.14599 -24
    endloop
  endfacet
  facet normal 0.845494 -0.525773 -0.0932902
    outer loop
      vertex 10.8253 -6.25 -8
      vertex 9.14616 -6.11127 -24
      vertex 9.52628 -5.5 -24
    endloop
  endfacet
  facet normal 0.579931 -0.809306 -0.0932931
    outer loop
      vertex 6.94463 -10.3934 -8
      vertex 6.11127 -9.14616 -24
      vertex 6.69637 -8.72689 -24
    endloop
  endfacet
  facet normal 0.525773 -0.845494 -0.0932902
    outer loop
      vertex 6.25 -10.8253 -8
      vertex 5.5 -9.52628 -24
      vertex 6.11127 -9.14616 -24
    endloop
  endfacet
  facet normal 0.469343 -0.878074 -0.0932902
    outer loop
      vertex 6.25 -10.8253 -8
      vertex 4.86518 -9.8656 -24
      vertex 5.5 -9.52628 -24
    endloop
  endfacet
  facet normal 0.350642 -0.931851 -0.0932897
    outer loop
      vertex 4.78354 -11.5485 -8
      vertex 3.53583 -10.4162 -24
      vertex 4.20952 -10.1627 -24
    endloop
  endfacet
  facet normal 0.28908 -0.952748 -0.0932917
    outer loop
      vertex 3.23524 -12.0741 -8
      vertex 2.84701 -10.6252 -24
      vertex 4.01799 -11.8366 -8
    endloop
  endfacet
  facet normal 0.162246 -0.98233 -0.0932927
    outer loop
      vertex 2.43863 -12.2598 -8
      vertex 1.43579 -10.9059 -24
      vertex 2.14599 -10.7886 -24
    endloop
  endfacet
  facet normal -0.969641 -0.226036 -0.0932917
    outer loop
      vertex -12.0741 -3.23524 -8
      vertex -12.2598 -2.43863 -8
      vertex -10.6252 -2.84701 -24
    endloop
  endfacet
  facet normal -0.952748 -0.28908 -0.0932917
    outer loop
      vertex -11.8366 -4.01799 -8
      vertex -12.0741 -3.23524 -8
      vertex -10.6252 -2.84701 -24
    endloop
  endfacet
  facet normal -0.969646 -0.226014 -0.0932928
    outer loop
      vertex -10.6252 -2.84701 -24
      vertex -12.2598 -2.43863 -8
      vertex -10.7886 -2.14599 -24
    endloop
  endfacet
  facet normal -0.98233 -0.162246 -0.0932927
    outer loop
      vertex -10.7886 -2.14599 -24
      vertex -12.2598 -2.43863 -8
      vertex -10.9059 -1.43579 -24
    endloop
  endfacet
  facet normal -0.931851 -0.350642 -0.0932897
    outer loop
      vertex -10.1627 -4.20952 -24
      vertex -11.5485 -4.78354 -8
      vertex -10.4162 -3.53583 -24
    endloop
  endfacet
  facet normal -0.931837 -0.350679 -0.0932916
    outer loop
      vertex -11.5485 -4.78354 -8
      vertex -11.8366 -4.01799 -8
      vertex -10.4162 -3.53583 -24
    endloop
  endfacet
  facet normal -0.878074 -0.469343 -0.0932902
    outer loop
      vertex -9.52628 -5.5 -24
      vertex -10.8253 -6.25 -8
      vertex -9.8656 -4.86518 -24
    endloop
  endfacet
  facet normal -0.769639 -0.631626 -0.0932915
    outer loop
      vertex -8.27024 -7.2528 -24
      vertex -9.91692 -7.60952 -8
      vertex -8.72689 -6.69637 -24
    endloop
  endfacet
  facet normal -0.809286 -0.579959 -0.0932915
    outer loop
      vertex -9.91692 -7.60952 -8
      vertex -10.3934 -6.94463 -8
      vertex -8.72689 -6.69637 -24
    endloop
  endfacet
  facet normal -0.41092 -0.906885 -0.0932906
    outer loop
      vertex -4.78354 -11.5485 -8
      vertex -5.52861 -11.2109 -8
      vertex -4.86518 -9.8656 -24
    endloop
  endfacet
  facet normal -0.469348 -0.878072 -0.093289
    outer loop
      vertex -4.86518 -9.8656 -24
      vertex -5.48005 -10.2917 -16.8959
      vertex -5.14704 -9.71494 -24
    endloop
  endfacet
  facet normal -0.525779 -0.84549 -0.0932914
    outer loop
      vertex -5.83986 -9.31494 -24
      vertex -6.17287 -9.89172 -16.8959
      vertex -6.11127 -9.14616 -24
    endloop
  endfacet
  facet normal -0.579959 -0.809286 -0.0932915
    outer loop
      vertex -6.94463 -10.3934 -8
      vertex -7.60952 -9.91692 -8
      vertex -6.69637 -8.72689 -24
    endloop
  endfacet
  facet normal -0.631626 -0.769639 -0.0932915
    outer loop
      vertex -6.69637 -8.72689 -24
      vertex -7.60952 -9.91692 -8
      vertex -7.2528 -8.27024 -24
    endloop
  endfacet
  facet normal -0.226014 -0.969646 -0.0932928
    outer loop
      vertex -2.43863 -12.2598 -8
      vertex -2.84701 -10.6252 -24
      vertex -2.14599 -10.7886 -24
    endloop
  endfacet
  facet normal -0.226036 -0.969641 -0.0932917
    outer loop
      vertex -2.43863 -12.2598 -8
      vertex -3.23524 -12.0741 -8
      vertex -2.84701 -10.6252 -24
    endloop
  endfacet
  facet normal -0.969646 0.226014 -0.0932928
    outer loop
      vertex -10.7886 2.14599 -24
      vertex -12.2598 2.43863 -8
      vertex -10.6252 2.84701 -24
    endloop
  endfacet
  facet normal -0.845494 0.525773 -0.0932902
    outer loop
      vertex -9.52628 5.5 -24
      vertex -10.8253 6.25 -8
      vertex -9.14616 6.11127 -24
    endloop
  endfacet
  facet normal -0.579931 0.809306 -0.0932931
    outer loop
      vertex -6.69637 8.72689 -24
      vertex -6.94463 10.3934 -8
      vertex -6.11127 9.14616 -24
    endloop
  endfacet
  facet normal -0.525779 0.84549 -0.0932914
    outer loop
      vertex -6.11127 9.14616 -24
      vertex -6.17287 9.89172 -16.8959
      vertex -5.83986 9.31494 -24
    endloop
  endfacet
  facet normal -0.469348 0.878072 -0.093289
    outer loop
      vertex -5.14704 9.71494 -24
      vertex -5.48005 10.2917 -16.8959
      vertex -4.86518 9.8656 -24
    endloop
  endfacet
  facet normal -0.350642 0.931851 -0.0932897
    outer loop
      vertex -4.20952 10.1627 -24
      vertex -4.78354 11.5485 -8
      vertex -3.53583 10.4162 -24
    endloop
  endfacet
  facet normal -0.28908 0.952748 -0.0932917
    outer loop
      vertex -2.84701 10.6252 -24
      vertex -4.01799 11.8366 -8
      vertex -3.23524 12.0741 -8
    endloop
  endfacet
  facet normal -0.162246 0.98233 -0.0932927
    outer loop
      vertex -2.14599 10.7886 -24
      vertex -2.43863 12.2598 -8
      vertex -1.43579 10.9059 -24
    endloop
  endfacet
  facet normal 0.226014 0.969646 -0.0932928
    outer loop
      vertex 2.84701 10.6252 -24
      vertex 2.14599 10.7886 -24
      vertex 2.43863 12.2598 -8
    endloop
  endfacet
  facet normal 0.809306 0.579931 -0.0932931
    outer loop
      vertex 9.14616 6.11127 -24
      vertex 8.72689 6.69637 -24
      vertex 10.3934 6.94463 -8
    endloop
  endfacet
  facet normal 0.906879 0.410935 -0.0932899
    outer loop
      vertex 10.1627 4.20952 -24
      vertex 9.8656 4.86518 -24
      vertex 11.5485 4.78354 -8
    endloop
  endfacet
  facet normal 0.525773 0.845494 -0.0932902
    outer loop
      vertex 6.11127 9.14616 -24
      vertex 5.5 9.52628 -24
      vertex 6.25 10.8253 -8
    endloop
  endfacet
  facet normal -0.726676 -0.680616 -0.0932912
    outer loop
      vertex -7.77817 -7.77817 -24
      vertex -8.83883 -8.83883 -8
      vertex -8.27024 -7.2528 -24
    endloop
  endfacet
  facet normal -0.726676 -0.680617 -0.0932912
    outer loop
      vertex -8.83883 -8.83883 -8
      vertex -9.398 -8.24182 -8
      vertex -8.27024 -7.2528 -24
    endloop
  endfacet
  facet normal -0.579931 -0.809306 -0.0932931
    outer loop
      vertex -6.11127 -9.14616 -24
      vertex -6.94463 -10.3934 -8
      vertex -6.69637 -8.72689 -24
    endloop
  endfacet
  facet normal 0 -1 0
    outer loop
      vertex 11.6529 0.4 -16.8959
      vertex 11.9869 0.4 -8
      vertex 3.97781 0.4 -8
    endloop
  endfacet
  facet normal 0 -1 -0
    outer loop
      vertex 11.9869 0.4 -8
      vertex 11.6529 0.4 -16.8959
      vertex 12.4869 0.4 -8
    endloop
  endfacet
  facet normal 0 -1 0
    outer loop
      vertex 3.97781 0.4 -24
      vertex 11.6529 0.4 -16.8959
      vertex 3.97781 0.4 -8
    endloop
  endfacet
  facet normal 0 -1 0
    outer loop
      vertex 11.6529 0.4 -16.8959
      vertex 3.97781 0.4 -24
      vertex 10.9869 0.4 -24
    endloop
  endfacet
  facet normal 0 1 0
    outer loop
      vertex 11.6529 -0.4 -16.8959
      vertex 11.9869 -0.4 -8
      vertex 12.4869 -0.4 -8
    endloop
  endfacet
  facet normal 0 1 0
    outer loop
      vertex 11.9869 -0.4 -8
      vertex 11.6529 -0.4 -16.8959
      vertex 3.97781 -0.4 -8
    endloop
  endfacet
  facet normal 0 1 0
    outer loop
      vertex 3.97781 -0.4 -24
      vertex 11.6529 -0.4 -16.8959
      vertex 10.9869 -0.4 -24
    endloop
  endfacet
  facet normal 0 1 0
    outer loop
      vertex 11.6529 -0.4 -16.8959
      vertex 3.97781 -0.4 -24
      vertex 3.97781 -0.4 -8
    endloop
  endfacet
  facet normal -0.866019 -0.500011 4.12109e-06
    outer loop
      vertex -5.48005 10.2917 -16.8959
      vertex -5.64704 10.581 -8
      vertex -5.89704 11.014 -8
    endloop
  endfacet
  facet normal -0.866025 -0.5 -2.13729e-06
    outer loop
      vertex -1.64249 3.64488 -24
      vertex -5.48005 10.2917 -16.8959
      vertex -5.14704 9.71494 -24
    endloop
  endfacet
  facet normal -0.866024 -0.500002 0
    outer loop
      vertex -5.48005 10.2917 -16.8959
      vertex -1.64249 3.64488 -24
      vertex -1.64249 3.64488 -8
    endloop
  endfacet
  facet normal -0.866027 -0.499998 3.55988e-06
    outer loop
      vertex -5.48005 10.2917 -16.8959
      vertex -1.64249 3.64488 -8
      vertex -5.64704 10.581 -8
    endloop
  endfacet
  facet normal 0.866019 0.500011 -2.99695e-06
    outer loop
      vertex -6.33986 10.181 -8
      vertex -6.17287 9.89172 -16.8959
      vertex -6.58986 10.614 -8
    endloop
  endfacet
  facet normal 0.866027 0.499998 -2.43578e-06
    outer loop
      vertex -2.33531 3.24488 -8
      vertex -6.17287 9.89172 -16.8959
      vertex -6.33986 10.181 -8
    endloop
  endfacet
  facet normal 0.866025 0.500001 -0
    outer loop
      vertex -2.33531 3.24488 -24
      vertex -6.17287 9.89172 -16.8959
      vertex -2.33531 3.24488 -8
    endloop
  endfacet
  facet normal 0.866025 0.5 7.29648e-07
    outer loop
      vertex -6.17287 9.89172 -16.8959
      vertex -2.33531 3.24488 -24
      vertex -5.83986 9.31494 -24
    endloop
  endfacet
  facet normal 0.866025 -0.500001 0
    outer loop
      vertex -6.17287 -9.89172 -16.8959
      vertex -2.33531 -3.24488 -24
      vertex -2.33531 -3.24488 -8
    endloop
  endfacet
  facet normal 0.866025 -0.5 7.29648e-07
    outer loop
      vertex -2.33531 -3.24488 -24
      vertex -6.17287 -9.89172 -16.8959
      vertex -5.83986 -9.31494 -24
    endloop
  endfacet
  facet normal 0.866027 -0.499998 -2.43578e-06
    outer loop
      vertex -6.33986 -10.181 -8
      vertex -6.17287 -9.89172 -16.8959
      vertex -2.33531 -3.24488 -8
    endloop
  endfacet
  facet normal 0.866019 -0.500011 -2.99695e-06
    outer loop
      vertex -6.17287 -9.89172 -16.8959
      vertex -6.33986 -10.181 -8
      vertex -6.58986 -10.614 -8
    endloop
  endfacet
  facet normal -0.866025 0.5 -2.13729e-06
    outer loop
      vertex -5.48005 -10.2917 -16.8959
      vertex -1.64249 -3.64488 -24
      vertex -5.14704 -9.71494 -24
    endloop
  endfacet
  facet normal -0.866024 0.500002 0
    outer loop
      vertex -1.64249 -3.64488 -24
      vertex -5.48005 -10.2917 -16.8959
      vertex -1.64249 -3.64488 -8
    endloop
  endfacet
  facet normal -0.866027 0.499998 3.55988e-06
    outer loop
      vertex -5.48005 -10.2917 -16.8959
      vertex -5.64704 -10.581 -8
      vertex -1.64249 -3.64488 -8
    endloop
  endfacet
  facet normal -0.866019 0.500011 4.12109e-06
    outer loop
      vertex -5.64704 -10.581 -8
      vertex -5.48005 -10.2917 -16.8959
      vertex -5.89704 -11.014 -8
    endloop
  endfacet
  facet normal -0.999465 -0.0327027 0
    outer loop
      vertex 4 0 -8
      vertex 3.99144 0.261612 0
      vertex 3.99144 0.261612 -8
    endloop
  endfacet
  facet normal -0.999465 -0.0327027 0
    outer loop
      vertex 3.99144 0.261612 0
      vertex 4 0 -8
      vertex 4 0 0
    endloop
  endfacet
  facet normal 0.999465 -0.0327027 0
    outer loop
      vertex -4 0 0
      vertex -3.99144 0.261612 -24
      vertex -3.99144 0.261612 0
    endloop
  endfacet
  facet normal 0.999465 -0.0327027 0
    outer loop
      vertex -3.99144 0.261612 -24
      vertex -4 0 0
      vertex -4 0 -24
    endloop
  endfacet
  facet normal -0.0327027 -0.999465 0
    outer loop
      vertex 0 4 -24
      vertex 0.261612 3.99144 0
      vertex 0 4 0
    endloop
  endfacet
  facet normal -0.0327027 -0.999465 -0
    outer loop
      vertex 0.261612 3.99144 0
      vertex 0 4 -24
      vertex 0.261612 3.99144 -24
    endloop
  endfacet
  facet normal 0.0327027 0.999465 -0
    outer loop
      vertex 0 -4 -24
      vertex -0.261612 -3.99144 0
      vertex 0 -4 0
    endloop
  endfacet
  facet normal 0.0327027 0.999465 0
    outer loop
      vertex -0.261612 -3.99144 0
      vertex 0 -4 -24
      vertex -0.261612 -3.99144 -24
    endloop
  endfacet
  facet normal -0.683576 -0.729879 0
    outer loop
      vertex 2.63738 3.00736 -24
      vertex 2.82843 2.82843 0
      vertex 2.63738 3.00736 0
    endloop
  endfacet
  facet normal -0.683576 -0.729879 -0
    outer loop
      vertex 2.82843 2.82843 0
      vertex 2.63738 3.00736 -24
      vertex 2.82843 2.82843 -24
    endloop
  endfacet
  facet normal 0.683576 -0.729879 0
    outer loop
      vertex -2.82843 2.82843 -24
      vertex -2.63738 3.00736 0
      vertex -2.82843 2.82843 0
    endloop
  endfacet
  facet normal 0.683576 -0.729879 0
    outer loop
      vertex -2.63738 3.00736 0
      vertex -2.82843 2.82843 -24
      vertex -2.63738 3.00736 -24
    endloop
  endfacet
  facet normal 0.352249 -0.935906 0
    outer loop
      vertex -1.53073 3.69552 -24
      vertex -1.28576 3.78772 0
      vertex -1.53073 3.69552 0
    endloop
  endfacet
  facet normal 0.352249 -0.935906 0
    outer loop
      vertex -1.28576 3.78772 0
      vertex -1.53073 3.69552 -24
      vertex -1.28576 3.78772 -24
    endloop
  endfacet
  facet normal -0.910859 -0.412718 0
    outer loop
      vertex 3.69552 1.53073 -24
      vertex 3.58749 1.76915 0
      vertex 3.58749 1.76915 -24
    endloop
  endfacet
  facet normal -0.910859 -0.412718 0
    outer loop
      vertex 3.58749 1.76915 0
      vertex 3.69552 1.53073 -24
      vertex 3.69552 1.53073 0
    endloop
  endfacet
  facet normal -0.412718 -0.910859 0
    outer loop
      vertex 1.53073 3.69552 -24
      vertex 1.76915 3.58749 0
      vertex 1.53073 3.69552 0
    endloop
  endfacet
  facet normal -0.412718 -0.910859 -0
    outer loop
      vertex 1.76915 3.58749 0
      vertex 1.53073 3.69552 -24
      vertex 1.76915 3.58749 -24
    endloop
  endfacet
  facet normal -0.582481 -0.812845 0
    outer loop
      vertex 2.22228 3.32588 -24
      vertex 2.43505 3.17341 0
      vertex 2.22228 3.32588 0
    endloop
  endfacet
  facet normal -0.582481 -0.812845 -0
    outer loop
      vertex 2.43505 3.17341 0
      vertex 2.22228 3.32588 -24
      vertex 2.43505 3.17341 -24
    endloop
  endfacet
  facet normal 0.910859 -0.412718 0
    outer loop
      vertex -3.69552 1.53073 0
      vertex -3.58749 1.76915 -24
      vertex -3.58749 1.76915 0
    endloop
  endfacet
  facet normal 0.910859 -0.412718 0
    outer loop
      vertex -3.58749 1.76915 -24
      vertex -3.69552 1.53073 0
      vertex -3.69552 1.53073 -24
    endloop
  endfacet
  facet normal 0.773007 -0.634398 0
    outer loop
      vertex -3.17341 2.43505 0
      vertex -3.00736 2.63738 -24
      vertex -3.00736 2.63738 0
    endloop
  endfacet
  facet normal 0.773007 -0.634398 0
    outer loop
      vertex -3.00736 2.63738 -24
      vertex -3.17341 2.43505 0
      vertex -3.17341 2.43505 -24
    endloop
  endfacet
  facet normal 0.162901 -0.986642 0
    outer loop
      vertex -0.780361 3.92314 -24
      vertex -0.522104 3.96578 0
      vertex -0.780361 3.92314 0
    endloop
  endfacet
  facet normal 0.162901 -0.986642 0
    outer loop
      vertex -0.522104 3.96578 0
      vertex -0.780361 3.92314 -24
      vertex -0.522104 3.96578 -24
    endloop
  endfacet
  facet normal -0.956943 0.290277 0
    outer loop
      vertex 3.78772 -1.28576 -24
      vertex 3.8637 -1.03528 0
      vertex 3.8637 -1.03528 -24
    endloop
  endfacet
  facet normal -0.956943 0.290277 0
    outer loop
      vertex 3.8637 -1.03528 0
      vertex 3.78772 -1.28576 -24
      vertex 3.78772 -1.28576 0
    endloop
  endfacet
  facet normal 0.773007 0.634398 0
    outer loop
      vertex -3.00736 -2.63738 0
      vertex -3.17341 -2.43505 -24
      vertex -3.17341 -2.43505 0
    endloop
  endfacet
  facet normal 0.773007 0.634398 0
    outer loop
      vertex -3.17341 -2.43505 -24
      vertex -3.00736 -2.63738 0
      vertex -3.00736 -2.63738 -24
    endloop
  endfacet
  facet normal -0.986642 -0.162901 0
    outer loop
      vertex 3.96578 0.522104 -24
      vertex 3.92314 0.780361 0
      vertex 3.92314 0.780361 -24
    endloop
  endfacet
  facet normal -0.986642 -0.162901 0
    outer loop
      vertex 3.92314 0.780361 0
      vertex 3.96578 0.522104 -24
      vertex 3.96578 0.522104 0
    endloop
  endfacet
  facet normal -0.995182 -0.0980479 -0
    outer loop
      vertex 3.97781 0.4 -8
      vertex 3.96578 0.522104 -24
      vertex 3.97781 0.4 -24
    endloop
  endfacet
  facet normal -0.995182 -0.0980479 0
    outer loop
      vertex 3.96578 0.522104 -24
      vertex 3.97781 0.4 -8
      vertex 3.96578 0.522104 0
    endloop
  endfacet
  facet normal -0.995185 -0.0980169 -0
    outer loop
      vertex 3.99144 0.261612 0
      vertex 3.97781 0.4 -8
      vertex 3.99144 0.261612 -8
    endloop
  endfacet
  facet normal -0.995183 -0.0980314 -2.53159e-07
    outer loop
      vertex 3.97781 0.4 -8
      vertex 3.99144 0.261612 0
      vertex 3.96578 0.522104 0
    endloop
  endfacet
  facet normal -0.812845 -0.582481 0
    outer loop
      vertex 3.32588 2.22228 -24
      vertex 3.17341 2.43505 0
      vertex 3.17341 2.43505 -24
    endloop
  endfacet
  facet normal -0.812845 -0.582481 0
    outer loop
      vertex 3.17341 2.43505 0
      vertex 3.32588 2.22228 -24
      vertex 3.32588 2.22228 0
    endloop
  endfacet
  facet normal -0.729879 -0.683576 0
    outer loop
      vertex 3.00736 2.63738 -24
      vertex 2.82843 2.82843 0
      vertex 2.82843 2.82843 -24
    endloop
  endfacet
  facet normal -0.729879 -0.683576 0
    outer loop
      vertex 2.82843 2.82843 0
      vertex 3.00736 2.63738 -24
      vertex 3.00736 2.63738 0
    endloop
  endfacet
  facet normal -0.881924 -0.471391 0
    outer loop
      vertex 3.58749 1.76915 -24
      vertex 3.4641 2 0
      vertex 3.4641 2 -24
    endloop
  endfacet
  facet normal -0.881924 -0.471391 0
    outer loop
      vertex 3.4641 2 0
      vertex 3.58749 1.76915 -24
      vertex 3.58749 1.76915 0
    endloop
  endfacet
  facet normal -0.227081 -0.973876 0
    outer loop
      vertex 0.780361 3.92314 -24
      vertex 1.03528 3.8637 0
      vertex 0.780361 3.92314 0
    endloop
  endfacet
  facet normal -0.227081 -0.973876 -0
    outer loop
      vertex 1.03528 3.8637 0
      vertex 0.780361 3.92314 -24
      vertex 1.03528 3.8637 -24
    endloop
  endfacet
  facet normal -0.290277 -0.956943 0
    outer loop
      vertex 1.03528 3.8637 -24
      vertex 1.28576 3.78772 0
      vertex 1.03528 3.8637 0
    endloop
  endfacet
  facet normal -0.290277 -0.956943 -0
    outer loop
      vertex 1.28576 3.78772 0
      vertex 1.03528 3.8637 -24
      vertex 1.28576 3.78772 -24
    endloop
  endfacet
  facet normal -0.162901 -0.986642 0
    outer loop
      vertex 0.522104 3.96578 -24
      vertex 0.780361 3.92314 0
      vertex 0.522104 3.96578 0
    endloop
  endfacet
  facet normal -0.162901 -0.986642 -0
    outer loop
      vertex 0.780361 3.92314 0
      vertex 0.522104 3.96578 -24
      vertex 0.780361 3.92314 -24
    endloop
  endfacet
  facet normal -0.528061 -0.849207 0
    outer loop
      vertex 2 3.4641 -24
      vertex 2.22228 3.32588 0
      vertex 2 3.4641 0
    endloop
  endfacet
  facet normal -0.528061 -0.849207 -0
    outer loop
      vertex 2.22228 3.32588 0
      vertex 2 3.4641 -24
      vertex 2.22228 3.32588 -24
    endloop
  endfacet
  facet normal -0.634398 -0.773007 0
    outer loop
      vertex 2.43505 3.17341 -24
      vertex 2.63738 3.00736 0
      vertex 2.43505 3.17341 0
    endloop
  endfacet
  facet normal -0.634398 -0.773007 -0
    outer loop
      vertex 2.63738 3.00736 0
      vertex 2.43505 3.17341 -24
      vertex 2.63738 3.00736 -24
    endloop
  endfacet
  facet normal 0.973876 -0.227081 0
    outer loop
      vertex -3.92314 0.780361 0
      vertex -3.8637 1.03528 -24
      vertex -3.8637 1.03528 0
    endloop
  endfacet
  facet normal 0.973876 -0.227081 0
    outer loop
      vertex -3.8637 1.03528 -24
      vertex -3.92314 0.780361 0
      vertex -3.92314 0.780361 -24
    endloop
  endfacet
  facet normal 0.812845 -0.582481 0
    outer loop
      vertex -3.32588 2.22228 0
      vertex -3.17341 2.43505 -24
      vertex -3.17341 2.43505 0
    endloop
  endfacet
  facet normal 0.812845 -0.582481 0
    outer loop
      vertex -3.17341 2.43505 -24
      vertex -3.32588 2.22228 0
      vertex -3.32588 2.22228 -24
    endloop
  endfacet
  facet normal 0.849207 -0.528061 0
    outer loop
      vertex -3.4641 2 0
      vertex -3.32588 2.22228 -24
      vertex -3.32588 2.22228 0
    endloop
  endfacet
  facet normal 0.849207 -0.528061 0
    outer loop
      vertex -3.32588 2.22228 -24
      vertex -3.4641 2 0
      vertex -3.4641 2 -24
    endloop
  endfacet
  facet normal 0.956943 -0.290277 0
    outer loop
      vertex -3.8637 1.03528 0
      vertex -3.78772 1.28576 -24
      vertex -3.78772 1.28576 0
    endloop
  endfacet
  facet normal 0.956943 -0.290277 0
    outer loop
      vertex -3.78772 1.28576 -24
      vertex -3.8637 1.03528 0
      vertex -3.8637 1.03528 -24
    endloop
  endfacet
  facet normal 0.986642 -0.162901 0
    outer loop
      vertex -3.96578 0.522104 0
      vertex -3.92314 0.780361 -24
      vertex -3.92314 0.780361 0
    endloop
  endfacet
  facet normal 0.986642 -0.162901 0
    outer loop
      vertex -3.92314 0.780361 -24
      vertex -3.96578 0.522104 0
      vertex -3.96578 0.522104 -24
    endloop
  endfacet
  facet normal 0.528061 -0.849207 0
    outer loop
      vertex -2.22228 3.32588 -8
      vertex -2 3.4641 0
      vertex -2.22228 3.32588 0
    endloop
  endfacet
  facet normal 0.528061 -0.849207 0
    outer loop
      vertex -2 3.4641 0
      vertex -2.22228 3.32588 -8
      vertex -2 3.4641 -8
    endloop
  endfacet
  facet normal 0.471391 -0.881924 0
    outer loop
      vertex -2 3.4641 -8
      vertex -1.76915 3.58749 0
      vertex -2 3.4641 0
    endloop
  endfacet
  facet normal 0.471391 -0.881924 0
    outer loop
      vertex -1.76915 3.58749 0
      vertex -2 3.4641 -8
      vertex -1.76915 3.58749 -8
    endloop
  endfacet
  facet normal 0.582481 -0.812845 3.27543e-07
    outer loop
      vertex -2.43505 3.17341 0
      vertex -2.33531 3.24488 -8
      vertex -2.22228 3.32588 0
    endloop
  endfacet
  facet normal 0.582463 -0.812857 0
    outer loop
      vertex -2.43505 3.17341 -24
      vertex -2.33531 3.24488 -8
      vertex -2.43505 3.17341 0
    endloop
  endfacet
  facet normal 0.582463 -0.812857 0
    outer loop
      vertex -2.33531 3.24488 -8
      vertex -2.43505 3.17341 -24
      vertex -2.33531 3.24488 -24
    endloop
  endfacet
  facet normal 0.582496 -0.812834 0
    outer loop
      vertex -2.22228 3.32588 0
      vertex -2.33531 3.24488 -8
      vertex -2.22228 3.32588 -8
    endloop
  endfacet
  facet normal 0.227081 -0.973876 0
    outer loop
      vertex -1.03528 3.8637 -24
      vertex -0.780361 3.92314 0
      vertex -1.03528 3.8637 0
    endloop
  endfacet
  facet normal 0.227081 -0.973876 0
    outer loop
      vertex -0.780361 3.92314 0
      vertex -1.03528 3.8637 -24
      vertex -0.780361 3.92314 -24
    endloop
  endfacet
  facet normal 0.0980314 -0.995183 0
    outer loop
      vertex -0.522104 3.96578 -24
      vertex -0.261612 3.99144 0
      vertex -0.522104 3.96578 0
    endloop
  endfacet
  facet normal 0.0980314 -0.995183 0
    outer loop
      vertex -0.261612 3.99144 0
      vertex -0.522104 3.96578 -24
      vertex -0.261612 3.99144 -24
    endloop
  endfacet
  facet normal -0.986642 0.162901 0
    outer loop
      vertex 3.92314 -0.780361 -24
      vertex 3.96578 -0.522104 0
      vertex 3.96578 -0.522104 -24
    endloop
  endfacet
  facet normal -0.986642 0.162901 0
    outer loop
      vertex 3.96578 -0.522104 0
      vertex 3.92314 -0.780361 -24
      vertex 3.92314 -0.780361 0
    endloop
  endfacet
  facet normal -0.352249 0.935906 0
    outer loop
      vertex 1.53073 -3.69552 -24
      vertex 1.28576 -3.78772 0
      vertex 1.53073 -3.69552 0
    endloop
  endfacet
  facet normal -0.352249 0.935906 0
    outer loop
      vertex 1.28576 -3.78772 0
      vertex 1.53073 -3.69552 -24
      vertex 1.28576 -3.78772 -24
    endloop
  endfacet
  facet normal -0.227081 0.973876 0
    outer loop
      vertex 1.03528 -3.8637 -24
      vertex 0.780361 -3.92314 0
      vertex 1.03528 -3.8637 0
    endloop
  endfacet
  facet normal -0.227081 0.973876 0
    outer loop
      vertex 0.780361 -3.92314 0
      vertex 1.03528 -3.8637 -24
      vertex 0.780361 -3.92314 -24
    endloop
  endfacet
  facet normal -0.582481 0.812845 0
    outer loop
      vertex 2.43505 -3.17341 -24
      vertex 2.22228 -3.32588 0
      vertex 2.43505 -3.17341 0
    endloop
  endfacet
  facet normal -0.582481 0.812845 0
    outer loop
      vertex 2.22228 -3.32588 0
      vertex 2.43505 -3.17341 -24
      vertex 2.22228 -3.32588 -24
    endloop
  endfacet
  facet normal -0.812845 0.582481 0
    outer loop
      vertex 3.17341 -2.43505 -24
      vertex 3.32588 -2.22228 0
      vertex 3.32588 -2.22228 -24
    endloop
  endfacet
  facet normal -0.812845 0.582481 0
    outer loop
      vertex 3.32588 -2.22228 0
      vertex 3.17341 -2.43505 -24
      vertex 3.17341 -2.43505 0
    endloop
  endfacet
  facet normal -0.773007 0.634398 0
    outer loop
      vertex 3.00736 -2.63738 -24
      vertex 3.17341 -2.43505 0
      vertex 3.17341 -2.43505 -24
    endloop
  endfacet
  facet normal -0.773007 0.634398 0
    outer loop
      vertex 3.17341 -2.43505 0
      vertex 3.00736 -2.63738 -24
      vertex 3.00736 -2.63738 0
    endloop
  endfacet
  facet normal 0.412718 0.910859 7.44977e-08
    outer loop
      vertex -1.53073 -3.69552 0
      vertex -1.64249 -3.64488 -8
      vertex -1.76915 -3.58749 0
    endloop
  endfacet
  facet normal 0.412722 0.910857 -0
    outer loop
      vertex -1.53073 -3.69552 -24
      vertex -1.64249 -3.64488 -8
      vertex -1.53073 -3.69552 0
    endloop
  endfacet
  facet normal 0.412722 0.910857 0
    outer loop
      vertex -1.64249 -3.64488 -8
      vertex -1.53073 -3.69552 -24
      vertex -1.64249 -3.64488 -24
    endloop
  endfacet
  facet normal 0.412714 0.910861 0
    outer loop
      vertex -1.76915 -3.58749 0
      vertex -1.64249 -3.64488 -8
      vertex -1.76915 -3.58749 -8
    endloop
  endfacet
  facet normal 0.528061 0.849207 -0
    outer loop
      vertex -2 -3.4641 -8
      vertex -2.22228 -3.32588 0
      vertex -2 -3.4641 0
    endloop
  endfacet
  facet normal 0.528061 0.849207 0
    outer loop
      vertex -2.22228 -3.32588 0
      vertex -2 -3.4641 -8
      vertex -2.22228 -3.32588 -8
    endloop
  endfacet
  facet normal 0.162901 0.986642 -0
    outer loop
      vertex -0.522104 -3.96578 -24
      vertex -0.780361 -3.92314 0
      vertex -0.522104 -3.96578 0
    endloop
  endfacet
  facet normal 0.162901 0.986642 0
    outer loop
      vertex -0.780361 -3.92314 0
      vertex -0.522104 -3.96578 -24
      vertex -0.780361 -3.92314 -24
    endloop
  endfacet
  facet normal 0.849207 0.528061 0
    outer loop
      vertex -3.32588 -2.22228 0
      vertex -3.4641 -2 -24
      vertex -3.4641 -2 0
    endloop
  endfacet
  facet normal 0.849207 0.528061 0
    outer loop
      vertex -3.4641 -2 -24
      vertex -3.32588 -2.22228 0
      vertex -3.32588 -2.22228 -24
    endloop
  endfacet
  facet normal 0.812845 0.582481 0
    outer loop
      vertex -3.17341 -2.43505 0
      vertex -3.32588 -2.22228 -24
      vertex -3.32588 -2.22228 0
    endloop
  endfacet
  facet normal 0.812845 0.582481 0
    outer loop
      vertex -3.32588 -2.22228 -24
      vertex -3.17341 -2.43505 0
      vertex -3.17341 -2.43505 -24
    endloop
  endfacet
  facet normal 0.973876 0.227081 0
    outer loop
      vertex -3.8637 -1.03528 0
      vertex -3.92314 -0.780361 -24
      vertex -3.92314 -0.780361 0
    endloop
  endfacet
  facet normal 0.973876 0.227081 0
    outer loop
      vertex -3.92314 -0.780361 -24
      vertex -3.8637 -1.03528 0
      vertex -3.8637 -1.03528 -24
    endloop
  endfacet
  facet normal 0.956943 0.290277 0
    outer loop
      vertex -3.78772 -1.28576 0
      vertex -3.8637 -1.03528 -24
      vertex -3.8637 -1.03528 0
    endloop
  endfacet
  facet normal 0.956943 0.290277 0
    outer loop
      vertex -3.8637 -1.03528 -24
      vertex -3.78772 -1.28576 0
      vertex -3.78772 -1.28576 -24
    endloop
  endfacet
  facet normal -0.973876 -0.227081 0
    outer loop
      vertex 3.92314 0.780361 -24
      vertex 3.8637 1.03528 0
      vertex 3.8637 1.03528 -24
    endloop
  endfacet
  facet normal -0.973876 -0.227081 0
    outer loop
      vertex 3.8637 1.03528 0
      vertex 3.92314 0.780361 -24
      vertex 3.92314 0.780361 0
    endloop
  endfacet
  facet normal -0.956943 -0.290277 0
    outer loop
      vertex 3.8637 1.03528 -24
      vertex 3.78772 1.28576 0
      vertex 3.78772 1.28576 -24
    endloop
  endfacet
  facet normal -0.956943 -0.290277 0
    outer loop
      vertex 3.78772 1.28576 0
      vertex 3.8637 1.03528 -24
      vertex 3.8637 1.03528 0
    endloop
  endfacet
  facet normal -0.935906 -0.352249 0
    outer loop
      vertex 3.78772 1.28576 -24
      vertex 3.69552 1.53073 0
      vertex 3.69552 1.53073 -24
    endloop
  endfacet
  facet normal -0.935906 -0.352249 0
    outer loop
      vertex 3.69552 1.53073 0
      vertex 3.78772 1.28576 -24
      vertex 3.78772 1.28576 0
    endloop
  endfacet
  facet normal -0.773007 -0.634398 0
    outer loop
      vertex 3.17341 2.43505 -24
      vertex 3.00736 2.63738 0
      vertex 3.00736 2.63738 -24
    endloop
  endfacet
  facet normal -0.773007 -0.634398 0
    outer loop
      vertex 3.00736 2.63738 0
      vertex 3.17341 2.43505 -24
      vertex 3.17341 2.43505 0
    endloop
  endfacet
  facet normal -0.849207 -0.528061 0
    outer loop
      vertex 3.4641 2 -24
      vertex 3.32588 2.22228 0
      vertex 3.32588 2.22228 -24
    endloop
  endfacet
  facet normal -0.849207 -0.528061 0
    outer loop
      vertex 3.32588 2.22228 0
      vertex 3.4641 2 -24
      vertex 3.4641 2 0
    endloop
  endfacet
  facet normal -0.352249 -0.935906 0
    outer loop
      vertex 1.28576 3.78772 -24
      vertex 1.53073 3.69552 0
      vertex 1.28576 3.78772 0
    endloop
  endfacet
  facet normal -0.352249 -0.935906 -0
    outer loop
      vertex 1.53073 3.69552 0
      vertex 1.28576 3.78772 -24
      vertex 1.53073 3.69552 -24
    endloop
  endfacet
  facet normal -0.0980314 -0.995183 0
    outer loop
      vertex 0.261612 3.99144 -24
      vertex 0.522104 3.96578 0
      vertex 0.261612 3.99144 0
    endloop
  endfacet
  facet normal -0.0980314 -0.995183 -0
    outer loop
      vertex 0.522104 3.96578 0
      vertex 0.261612 3.99144 -24
      vertex 0.522104 3.96578 -24
    endloop
  endfacet
  facet normal -0.471391 -0.881924 0
    outer loop
      vertex 1.76915 3.58749 -24
      vertex 2 3.4641 0
      vertex 1.76915 3.58749 0
    endloop
  endfacet
  facet normal -0.471391 -0.881924 -0
    outer loop
      vertex 2 3.4641 0
      vertex 1.76915 3.58749 -24
      vertex 2 3.4641 -24
    endloop
  endfacet
  facet normal 0.881924 -0.471391 0
    outer loop
      vertex -3.58749 1.76915 0
      vertex -3.4641 2 -24
      vertex -3.4641 2 0
    endloop
  endfacet
  facet normal 0.881924 -0.471391 0
    outer loop
      vertex -3.4641 2 -24
      vertex -3.58749 1.76915 0
      vertex -3.58749 1.76915 -24
    endloop
  endfacet
  facet normal 0.935906 -0.352249 0
    outer loop
      vertex -3.78772 1.28576 0
      vertex -3.69552 1.53073 -24
      vertex -3.69552 1.53073 0
    endloop
  endfacet
  facet normal 0.935906 -0.352249 0
    outer loop
      vertex -3.69552 1.53073 -24
      vertex -3.78772 1.28576 0
      vertex -3.78772 1.28576 -24
    endloop
  endfacet
  facet normal 0.995183 -0.0980314 0
    outer loop
      vertex -3.99144 0.261612 0
      vertex -3.96578 0.522104 -24
      vertex -3.96578 0.522104 0
    endloop
  endfacet
  facet normal 0.995183 -0.0980314 0
    outer loop
      vertex -3.96578 0.522104 -24
      vertex -3.99144 0.261612 0
      vertex -3.99144 0.261612 -24
    endloop
  endfacet
  facet normal 0.634398 -0.773007 0
    outer loop
      vertex -2.63738 3.00736 -24
      vertex -2.43505 3.17341 0
      vertex -2.63738 3.00736 0
    endloop
  endfacet
  facet normal 0.634398 -0.773007 0
    outer loop
      vertex -2.43505 3.17341 0
      vertex -2.63738 3.00736 -24
      vertex -2.43505 3.17341 -24
    endloop
  endfacet
  facet normal 0.290277 -0.956943 0
    outer loop
      vertex -1.28576 3.78772 -24
      vertex -1.03528 3.8637 0
      vertex -1.28576 3.78772 0
    endloop
  endfacet
  facet normal 0.290277 -0.956943 0
    outer loop
      vertex -1.03528 3.8637 0
      vertex -1.28576 3.78772 -24
      vertex -1.03528 3.8637 -24
    endloop
  endfacet
  facet normal 0.0327027 -0.999465 0
    outer loop
      vertex -0.261612 3.99144 -24
      vertex 0 4 0
      vertex -0.261612 3.99144 0
    endloop
  endfacet
  facet normal 0.0327027 -0.999465 0
    outer loop
      vertex 0 4 0
      vertex -0.261612 3.99144 -24
      vertex 0 4 -24
    endloop
  endfacet
  facet normal -0.999465 0.0327027 0
    outer loop
      vertex 3.99144 -0.261612 -8
      vertex 4 0 0
      vertex 4 0 -8
    endloop
  endfacet
  facet normal -0.999465 0.0327027 0
    outer loop
      vertex 4 0 0
      vertex 3.99144 -0.261612 -8
      vertex 3.99144 -0.261612 0
    endloop
  endfacet
  facet normal -0.0327027 0.999465 0
    outer loop
      vertex 0.261612 -3.99144 -24
      vertex 0 -4 0
      vertex 0.261612 -3.99144 0
    endloop
  endfacet
  facet normal -0.0327027 0.999465 0
    outer loop
      vertex 0 -4 0
      vertex 0.261612 -3.99144 -24
      vertex 0 -4 -24
    endloop
  endfacet
  facet normal -0.162901 0.986642 0
    outer loop
      vertex 0.780361 -3.92314 -24
      vertex 0.522104 -3.96578 0
      vertex 0.780361 -3.92314 0
    endloop
  endfacet
  facet normal -0.162901 0.986642 0
    outer loop
      vertex 0.522104 -3.96578 0
      vertex 0.780361 -3.92314 -24
      vertex 0.522104 -3.96578 -24
    endloop
  endfacet
  facet normal -0.290277 0.956943 0
    outer loop
      vertex 1.28576 -3.78772 -24
      vertex 1.03528 -3.8637 0
      vertex 1.28576 -3.78772 0
    endloop
  endfacet
  facet normal -0.290277 0.956943 0
    outer loop
      vertex 1.03528 -3.8637 0
      vertex 1.28576 -3.78772 -24
      vertex 1.03528 -3.8637 -24
    endloop
  endfacet
  facet normal -0.729879 0.683576 0
    outer loop
      vertex 2.82843 -2.82843 -24
      vertex 3.00736 -2.63738 0
      vertex 3.00736 -2.63738 -24
    endloop
  endfacet
  facet normal -0.729879 0.683576 0
    outer loop
      vertex 3.00736 -2.63738 0
      vertex 2.82843 -2.82843 -24
      vertex 2.82843 -2.82843 0
    endloop
  endfacet
  facet normal -0.634398 0.773007 0
    outer loop
      vertex 2.63738 -3.00736 -24
      vertex 2.43505 -3.17341 0
      vertex 2.63738 -3.00736 0
    endloop
  endfacet
  facet normal -0.634398 0.773007 0
    outer loop
      vertex 2.43505 -3.17341 0
      vertex 2.63738 -3.00736 -24
      vertex 2.43505 -3.17341 -24
    endloop
  endfacet
  facet normal -0.683576 0.729879 0
    outer loop
      vertex 2.82843 -2.82843 -24
      vertex 2.63738 -3.00736 0
      vertex 2.82843 -2.82843 0
    endloop
  endfacet
  facet normal -0.683576 0.729879 0
    outer loop
      vertex 2.63738 -3.00736 0
      vertex 2.82843 -2.82843 -24
      vertex 2.63738 -3.00736 -24
    endloop
  endfacet
  facet normal -0.412718 0.910859 0
    outer loop
      vertex 1.76915 -3.58749 -24
      vertex 1.53073 -3.69552 0
      vertex 1.76915 -3.58749 0
    endloop
  endfacet
  facet normal -0.412718 0.910859 0
    outer loop
      vertex 1.53073 -3.69552 0
      vertex 1.76915 -3.58749 -24
      vertex 1.53073 -3.69552 -24
    endloop
  endfacet
  facet normal -0.528061 0.849207 0
    outer loop
      vertex 2.22228 -3.32588 -24
      vertex 2 -3.4641 0
      vertex 2.22228 -3.32588 0
    endloop
  endfacet
  facet normal -0.528061 0.849207 0
    outer loop
      vertex 2 -3.4641 0
      vertex 2.22228 -3.32588 -24
      vertex 2 -3.4641 -24
    endloop
  endfacet
  facet normal -0.881924 0.471391 0
    outer loop
      vertex 3.4641 -2 -24
      vertex 3.58749 -1.76915 0
      vertex 3.58749 -1.76915 -24
    endloop
  endfacet
  facet normal -0.881924 0.471391 0
    outer loop
      vertex 3.58749 -1.76915 0
      vertex 3.4641 -2 -24
      vertex 3.4641 -2 0
    endloop
  endfacet
  facet normal -0.935906 0.352249 0
    outer loop
      vertex 3.69552 -1.53073 -24
      vertex 3.78772 -1.28576 0
      vertex 3.78772 -1.28576 -24
    endloop
  endfacet
  facet normal -0.935906 0.352249 0
    outer loop
      vertex 3.78772 -1.28576 0
      vertex 3.69552 -1.53073 -24
      vertex 3.69552 -1.53073 0
    endloop
  endfacet
  facet normal -0.995182 0.0980479 0
    outer loop
      vertex 3.97781 -0.4 -24
      vertex 3.96578 -0.522104 -24
      vertex 3.97781 -0.4 -8
    endloop
  endfacet
  facet normal -0.995185 0.0980169 0
    outer loop
      vertex 3.97781 -0.4 -8
      vertex 3.99144 -0.261612 0
      vertex 3.99144 -0.261612 -8
    endloop
  endfacet
  facet normal -0.995183 0.0980314 -2.53159e-07
    outer loop
      vertex 3.97781 -0.4 -8
      vertex 3.96578 -0.522104 0
      vertex 3.99144 -0.261612 0
    endloop
  endfacet
  facet normal -0.995182 0.0980479 0
    outer loop
      vertex 3.96578 -0.522104 0
      vertex 3.97781 -0.4 -8
      vertex 3.96578 -0.522104 -24
    endloop
  endfacet
  facet normal 0.582496 0.812834 0
    outer loop
      vertex -2.33531 -3.24488 -8
      vertex -2.22228 -3.32588 0
      vertex -2.22228 -3.32588 -8
    endloop
  endfacet
  facet normal 0.582481 0.812845 3.27543e-07
    outer loop
      vertex -2.22228 -3.32588 0
      vertex -2.33531 -3.24488 -8
      vertex -2.43505 -3.17341 0
    endloop
  endfacet
  facet normal 0.582463 0.812857 0
    outer loop
      vertex -2.43505 -3.17341 -24
      vertex -2.33531 -3.24488 -8
      vertex -2.33531 -3.24488 -24
    endloop
  endfacet
  facet normal 0.582463 0.812857 0
    outer loop
      vertex -2.33531 -3.24488 -8
      vertex -2.43505 -3.17341 -24
      vertex -2.43505 -3.17341 0
    endloop
  endfacet
  facet normal 0.683576 0.729879 -0
    outer loop
      vertex -2.63738 -3.00736 -24
      vertex -2.82843 -2.82843 0
      vertex -2.63738 -3.00736 0
    endloop
  endfacet
  facet normal 0.683576 0.729879 0
    outer loop
      vertex -2.82843 -2.82843 0
      vertex -2.63738 -3.00736 -24
      vertex -2.82843 -2.82843 -24
    endloop
  endfacet
  facet normal 0.634398 0.773007 -0
    outer loop
      vertex -2.43505 -3.17341 -24
      vertex -2.63738 -3.00736 0
      vertex -2.43505 -3.17341 0
    endloop
  endfacet
  facet normal 0.634398 0.773007 0
    outer loop
      vertex -2.63738 -3.00736 0
      vertex -2.43505 -3.17341 -24
      vertex -2.63738 -3.00736 -24
    endloop
  endfacet
  facet normal 0.471391 0.881924 -0
    outer loop
      vertex -1.76915 -3.58749 -8
      vertex -2 -3.4641 0
      vertex -1.76915 -3.58749 0
    endloop
  endfacet
  facet normal 0.471391 0.881924 0
    outer loop
      vertex -2 -3.4641 0
      vertex -1.76915 -3.58749 -8
      vertex -2 -3.4641 -8
    endloop
  endfacet
  facet normal 0.227081 0.973876 -0
    outer loop
      vertex -0.780361 -3.92314 -24
      vertex -1.03528 -3.8637 0
      vertex -0.780361 -3.92314 0
    endloop
  endfacet
  facet normal 0.227081 0.973876 0
    outer loop
      vertex -1.03528 -3.8637 0
      vertex -0.780361 -3.92314 -24
      vertex -1.03528 -3.8637 -24
    endloop
  endfacet
  facet normal 0.352249 0.935906 -0
    outer loop
      vertex -1.28576 -3.78772 -24
      vertex -1.53073 -3.69552 0
      vertex -1.28576 -3.78772 0
    endloop
  endfacet
  facet normal 0.352249 0.935906 0
    outer loop
      vertex -1.53073 -3.69552 0
      vertex -1.28576 -3.78772 -24
      vertex -1.53073 -3.69552 -24
    endloop
  endfacet
  facet normal 0.290277 0.956943 -0
    outer loop
      vertex -1.03528 -3.8637 -24
      vertex -1.28576 -3.78772 0
      vertex -1.03528 -3.8637 0
    endloop
  endfacet
  facet normal 0.290277 0.956943 0
    outer loop
      vertex -1.28576 -3.78772 0
      vertex -1.03528 -3.8637 -24
      vertex -1.28576 -3.78772 -24
    endloop
  endfacet
  facet normal 0.0980314 0.995183 -0
    outer loop
      vertex -0.261612 -3.99144 -24
      vertex -0.522104 -3.96578 0
      vertex -0.261612 -3.99144 0
    endloop
  endfacet
  facet normal 0.0980314 0.995183 0
    outer loop
      vertex -0.522104 -3.96578 0
      vertex -0.261612 -3.99144 -24
      vertex -0.522104 -3.96578 -24
    endloop
  endfacet
  facet normal 0.729879 0.683576 0
    outer loop
      vertex -2.82843 -2.82843 0
      vertex -3.00736 -2.63738 -24
      vertex -3.00736 -2.63738 0
    endloop
  endfacet
  facet normal 0.729879 0.683576 0
    outer loop
      vertex -3.00736 -2.63738 -24
      vertex -2.82843 -2.82843 0
      vertex -2.82843 -2.82843 -24
    endloop
  endfacet
  facet normal 0.910859 0.412718 0
    outer loop
      vertex -3.58749 -1.76915 0
      vertex -3.69552 -1.53073 -24
      vertex -3.69552 -1.53073 0
    endloop
  endfacet
  facet normal 0.910859 0.412718 0
    outer loop
      vertex -3.69552 -1.53073 -24
      vertex -3.58749 -1.76915 0
      vertex -3.58749 -1.76915 -24
    endloop
  endfacet
  facet normal 0.881924 0.471391 0
    outer loop
      vertex -3.4641 -2 0
      vertex -3.58749 -1.76915 -24
      vertex -3.58749 -1.76915 0
    endloop
  endfacet
  facet normal 0.881924 0.471391 0
    outer loop
      vertex -3.58749 -1.76915 -24
      vertex -3.4641 -2 0
      vertex -3.4641 -2 -24
    endloop
  endfacet
  facet normal 0.935906 0.352249 0
    outer loop
      vertex -3.69552 -1.53073 0
      vertex -3.78772 -1.28576 -24
      vertex -3.78772 -1.28576 0
    endloop
  endfacet
  facet normal 0.935906 0.352249 0
    outer loop
      vertex -3.78772 -1.28576 -24
      vertex -3.69552 -1.53073 0
      vertex -3.69552 -1.53073 -24
    endloop
  endfacet
  facet normal 0.986642 0.162901 0
    outer loop
      vertex -3.92314 -0.780361 0
      vertex -3.96578 -0.522104 -24
      vertex -3.96578 -0.522104 0
    endloop
  endfacet
  facet normal 0.986642 0.162901 0
    outer loop
      vertex -3.96578 -0.522104 -24
      vertex -3.92314 -0.780361 0
      vertex -3.92314 -0.780361 -24
    endloop
  endfacet
  facet normal 0.999465 0.0327027 0
    outer loop
      vertex -3.99144 -0.261612 0
      vertex -4 0 -24
      vertex -4 0 0
    endloop
  endfacet
  facet normal 0.999465 0.0327027 0
    outer loop
      vertex -4 0 -24
      vertex -3.99144 -0.261612 0
      vertex -3.99144 -0.261612 -24
    endloop
  endfacet
  facet normal 0.729879 -0.683576 0
    outer loop
      vertex -3.00736 2.63738 0
      vertex -2.82843 2.82843 -24
      vertex -2.82843 2.82843 0
    endloop
  endfacet
  facet normal 0.729879 -0.683576 0
    outer loop
      vertex -2.82843 2.82843 -24
      vertex -3.00736 2.63738 0
      vertex -3.00736 2.63738 -24
    endloop
  endfacet
  facet normal 0.412714 -0.910861 0
    outer loop
      vertex -1.64249 3.64488 -8
      vertex -1.76915 3.58749 0
      vertex -1.76915 3.58749 -8
    endloop
  endfacet
  facet normal 0.412718 -0.910859 7.44977e-08
    outer loop
      vertex -1.76915 3.58749 0
      vertex -1.64249 3.64488 -8
      vertex -1.53073 3.69552 0
    endloop
  endfacet
  facet normal 0.412722 -0.910857 0
    outer loop
      vertex -1.53073 3.69552 -24
      vertex -1.64249 3.64488 -8
      vertex -1.64249 3.64488 -24
    endloop
  endfacet
  facet normal 0.412722 -0.910857 0
    outer loop
      vertex -1.64249 3.64488 -8
      vertex -1.53073 3.69552 -24
      vertex -1.53073 3.69552 0
    endloop
  endfacet
  facet normal -0.0980314 0.995183 0
    outer loop
      vertex 0.522104 -3.96578 -24
      vertex 0.261612 -3.99144 0
      vertex 0.522104 -3.96578 0
    endloop
  endfacet
  facet normal -0.0980314 0.995183 0
    outer loop
      vertex 0.261612 -3.99144 0
      vertex 0.522104 -3.96578 -24
      vertex 0.261612 -3.99144 -24
    endloop
  endfacet
  facet normal -0.471391 0.881924 0
    outer loop
      vertex 2 -3.4641 -24
      vertex 1.76915 -3.58749 0
      vertex 2 -3.4641 0
    endloop
  endfacet
  facet normal -0.471391 0.881924 0
    outer loop
      vertex 1.76915 -3.58749 0
      vertex 2 -3.4641 -24
      vertex 1.76915 -3.58749 -24
    endloop
  endfacet
  facet normal -0.849207 0.528061 0
    outer loop
      vertex 3.32588 -2.22228 -24
      vertex 3.4641 -2 0
      vertex 3.4641 -2 -24
    endloop
  endfacet
  facet normal -0.849207 0.528061 0
    outer loop
      vertex 3.4641 -2 0
      vertex 3.32588 -2.22228 -24
      vertex 3.32588 -2.22228 0
    endloop
  endfacet
  facet normal -0.910859 0.412718 0
    outer loop
      vertex 3.58749 -1.76915 -24
      vertex 3.69552 -1.53073 0
      vertex 3.69552 -1.53073 -24
    endloop
  endfacet
  facet normal -0.910859 0.412718 0
    outer loop
      vertex 3.69552 -1.53073 0
      vertex 3.58749 -1.76915 -24
      vertex 3.58749 -1.76915 0
    endloop
  endfacet
  facet normal -0.973876 0.227081 0
    outer loop
      vertex 3.8637 -1.03528 -24
      vertex 3.92314 -0.780361 0
      vertex 3.92314 -0.780361 -24
    endloop
  endfacet
  facet normal -0.973876 0.227081 0
    outer loop
      vertex 3.92314 -0.780361 0
      vertex 3.8637 -1.03528 -24
      vertex 3.8637 -1.03528 0
    endloop
  endfacet
  facet normal 0.995183 0.0980314 0
    outer loop
      vertex -3.96578 -0.522104 0
      vertex -3.99144 -0.261612 -24
      vertex -3.99144 -0.261612 0
    endloop
  endfacet
  facet normal 0.995183 0.0980314 0
    outer loop
      vertex -3.99144 -0.261612 -24
      vertex -3.96578 -0.522104 0
      vertex -3.96578 -0.522104 -24
    endloop
  endfacet
endsolid OpenSCAD_Model
