solid OpenSCAD_Model
  facet normal 0.634361 0.773037 -0
    outer loop
      vertex 35.7628 18.6433 -16
      vertex 35.3581 18.9754 0
      vertex 35.7628 18.6433 0
    endloop
  endfacet
  facet normal 0.634361 0.773037 0
    outer loop
      vertex 35.3581 18.9754 0
      vertex 35.7628 18.6433 -16
      vertex 35.3581 18.9754 -16
    endloop
  endfacet
  facet normal -0.0328569 0.99946 0
    outer loop
      vertex 30.488 20.6286 -16
      vertex 29.9648 20.6114 0
      vertex 30.488 20.6286 0
    endloop
  endfacet
  facet normal -0.0328569 0.99946 0
    outer loop
      vertex 29.9648 20.6114 0
      vertex 30.488 20.6286 -16
      vertex 29.9648 20.6114 -16
    endloop
  endfacet
  facet normal -0.729841 0.683617 0
    outer loop
      vertex 24.4733 17.9033 -16
      vertex 24.8312 18.2854 0
      vertex 24.8312 18.2854 -16
    endloop
  endfacet
  facet normal -0.729841 0.683617 0
    outer loop
      vertex 24.8312 18.2854 0
      vertex 24.4733 17.9033 -16
      vertex 24.4733 17.9033 0
    endloop
  endfacet
  facet normal 0.935897 0.352275 0
    outer loop
      vertex 38.0635 15.2001 0
      vertex 37.8791 15.69 -16
      vertex 37.8791 15.69 0
    endloop
  endfacet
  facet normal 0.935897 0.352275 0
    outer loop
      vertex 37.8791 15.69 -16
      vertex 38.0635 15.2001 0
      vertex 38.0635 15.2001 -16
    endloop
  endfacet
  facet normal 0.162943 0.986636 -0
    outer loop
      vertex 32.0487 20.4748 -16
      vertex 31.5322 20.5601 0
      vertex 32.0487 20.4748 0
    endloop
  endfacet
  facet normal 0.162943 0.986636 0
    outer loop
      vertex 31.5322 20.5601 0
      vertex 32.0487 20.4748 -16
      vertex 31.5322 20.5601 -16
    endloop
  endfacet
  facet normal -0.956928 0.290325 0
    outer loop
      vertex 22.7606 14.6991 -16
      vertex 22.9126 15.2001 0
      vertex 22.9126 15.2001 -16
    endloop
  endfacet
  facet normal -0.956928 0.290325 0
    outer loop
      vertex 22.9126 15.2001 0
      vertex 22.7606 14.6991 -16
      vertex 22.7606 14.6991 0
    endloop
  endfacet
  facet normal -0.582376 0.81292 0
    outer loop
      vertex 26.0435 19.2803 -16
      vertex 25.6179 18.9754 0
      vertex 26.0435 19.2803 0
    endloop
  endfacet
  facet normal -0.582376 0.81292 0
    outer loop
      vertex 25.6179 18.9754 0
      vertex 26.0435 19.2803 -16
      vertex 25.6179 18.9754 -16
    endloop
  endfacet
  facet normal 0.772921 -0.634503 0
    outer loop
      vertex 36.5027 7.35379 0
      vertex 36.8349 7.75846 -16
      vertex 36.8349 7.75846 0
    endloop
  endfacet
  facet normal 0.772921 -0.634503 0
    outer loop
      vertex 36.8349 7.75846 -16
      vertex 36.5027 7.35379 0
      vertex 36.5027 7.35379 -16
    endloop
  endfacet
  facet normal 0.999466 0.032666 0
    outer loop
      vertex 38.488 12.6286 0
      vertex 38.4709 13.1518 -16
      vertex 38.4709 13.1518 0
    endloop
  endfacet
  facet normal 0.999466 0.032666 0
    outer loop
      vertex 38.4709 13.1518 -16
      vertex 38.488 12.6286 0
      vertex 38.488 12.6286 -16
    endloop
  endfacet
  facet normal 0.881908 0.471421 0
    outer loop
      vertex 37.663 16.1669 0
      vertex 37.4162 16.6286 -16
      vertex 37.4162 16.6286 0
    endloop
  endfacet
  facet normal 0.881908 0.471421 0
    outer loop
      vertex 37.4162 16.6286 -16
      vertex 37.663 16.1669 0
      vertex 37.663 16.1669 -16
    endloop
  endfacet
  facet normal 0.528109 0.849177 -0
    outer loop
      vertex 34.9326 19.2803 -16
      vertex 34.488 19.5568 0
      vertex 34.9326 19.2803 0
    endloop
  endfacet
  facet normal 0.528109 0.849177 0
    outer loop
      vertex 34.488 19.5568 0
      vertex 34.9326 19.2803 -16
      vertex 34.488 19.5568 -16
    endloop
  endfacet
  facet normal 0.352212 0.93592 -0
    outer loop
      vertex 33.5495 20.0196 -16
      vertex 33.0595 20.204 0
      vertex 33.5495 20.0196 0
    endloop
  endfacet
  facet normal 0.352212 0.93592 0
    outer loop
      vertex 33.0595 20.204 0
      vertex 33.5495 20.0196 -16
      vertex 33.0595 20.204 -16
    endloop
  endfacet
  facet normal -0.412738 0.91085 0
    outer loop
      vertex 27.4266 20.0196 -16
      vertex 26.9497 19.8035 0
      vertex 27.4266 20.0196 0
    endloop
  endfacet
  facet normal -0.412738 0.91085 0
    outer loop
      vertex 26.9497 19.8035 0
      vertex 27.4266 20.0196 -16
      vertex 26.9497 19.8035 -16
    endloop
  endfacet
  facet normal -0.226952 0.973906 0
    outer loop
      vertex 28.9273 20.4748 -16
      vertex 28.4175 20.356 0
      vertex 28.9273 20.4748 0
    endloop
  endfacet
  facet normal -0.226952 0.973906 0
    outer loop
      vertex 28.4175 20.356 0
      vertex 28.9273 20.4748 -16
      vertex 28.4175 20.356 -16
    endloop
  endfacet
  facet normal 0.22691 0.973916 -0
    outer loop
      vertex 32.5586 20.356 -16
      vertex 32.0487 20.4748 0
      vertex 32.5586 20.356 0
    endloop
  endfacet
  facet normal 0.22691 0.973916 0
    outer loop
      vertex 32.0487 20.4748 0
      vertex 32.5586 20.356 -16
      vertex 32.0487 20.4748 -16
    endloop
  endfacet
  facet normal 0.0979906 0.995187 -0
    outer loop
      vertex 31.5322 20.5601 -16
      vertex 31.0112 20.6114 0
      vertex 31.5322 20.5601 0
    endloop
  endfacet
  facet normal 0.0979906 0.995187 0
    outer loop
      vertex 31.0112 20.6114 0
      vertex 31.5322 20.5601 -16
      vertex 31.0112 20.6114 -16
    endloop
  endfacet
  facet normal -0.995187 -0.0979906 0
    outer loop
      vertex 22.5565 11.5843 -16
      vertex 22.5052 12.1053 0
      vertex 22.5052 12.1053 -16
    endloop
  endfacet
  facet normal -0.995187 -0.0979906 0
    outer loop
      vertex 22.5052 12.1053 0
      vertex 22.5565 11.5843 -16
      vertex 22.5565 11.5843 0
    endloop
  endfacet
  facet normal 0 0 -1
    outer loop
      vertex 34.638 12.6286 -16
      vertex 38.488 12.6286 -16
      vertex 38.4709 12.1053 -16
    endloop
  endfacet
  facet normal 0 0 -1
    outer loop
      vertex 34.6291 12.3571 -16
      vertex 38.4709 12.1053 -16
      vertex 38.4196 11.5843 -16
    endloop
  endfacet
  facet normal 0 0 -1
    outer loop
      vertex 38.488 12.6286 -16
      vertex 34.638 12.6286 -16
      vertex 38.4709 13.1518 -16
    endloop
  endfacet
  facet normal 0 0 -1
    outer loop
      vertex 34.6025 12.0869 -16
      vertex 38.4196 11.5843 -16
      vertex 38.3343 11.0678 -16
    endloop
  endfacet
  facet normal 0 0 -1
    outer loop
      vertex 34.6291 12.9 -16
      vertex 38.4709 13.1518 -16
      vertex 34.638 12.6286 -16
    endloop
  endfacet
  facet normal 0 0 -1
    outer loop
      vertex 34.5583 11.8189 -16
      vertex 38.3343 11.0678 -16
      vertex 38.2154 10.558 -16
    endloop
  endfacet
  facet normal -0 0 -1
    outer loop
      vertex 38.4709 13.1518 -16
      vertex 34.6291 12.9 -16
      vertex 38.4196 13.6728 -16
    endloop
  endfacet
  facet normal 0 0 -1
    outer loop
      vertex 34.4966 11.5545 -16
      vertex 38.2154 10.558 -16
      vertex 38.0635 10.057 -16
    endloop
  endfacet
  facet normal 0 0 -1
    outer loop
      vertex 34.6025 13.1702 -16
      vertex 38.4196 13.6728 -16
      vertex 34.6291 12.9 -16
    endloop
  endfacet
  facet normal 0 0 -1
    outer loop
      vertex 34.4178 11.2946 -16
      vertex 38.0635 10.057 -16
      vertex 37.8791 9.56709 -16
    endloop
  endfacet
  facet normal -0 0 -1
    outer loop
      vertex 38.4196 13.6728 -16
      vertex 34.6025 13.1702 -16
      vertex 38.3343 14.1893 -16
    endloop
  endfacet
  facet normal 0 0 -1
    outer loop
      vertex 34.3221 11.0404 -16
      vertex 37.8791 9.56709 -16
      vertex 37.663 9.09024 -16
    endloop
  endfacet
  facet normal 0 0 -1
    outer loop
      vertex 34.5583 13.4382 -16
      vertex 38.3343 14.1893 -16
      vertex 34.6025 13.1702 -16
    endloop
  endfacet
  facet normal 0 0 -1
    outer loop
      vertex 34.21 10.7931 -16
      vertex 37.663 9.09024 -16
      vertex 37.4162 8.62855 -16
    endloop
  endfacet
  facet normal -0 0 -1
    outer loop
      vertex 38.3343 14.1893 -16
      vertex 34.5583 13.4382 -16
      vertex 38.2154 14.6991 -16
    endloop
  endfacet
  facet normal 0 0 -1
    outer loop
      vertex 34.082 10.5536 -16
      vertex 37.4162 8.62855 -16
      vertex 37.1398 8.18399 -16
    endloop
  endfacet
  facet normal 0 0 -1
    outer loop
      vertex 34.4966 13.7027 -16
      vertex 38.2154 14.6991 -16
      vertex 34.5583 13.4382 -16
    endloop
  endfacet
  facet normal 0 0 -1
    outer loop
      vertex 33.9386 10.3229 -16
      vertex 37.1398 8.18399 -16
      vertex 36.8349 7.75846 -16
    endloop
  endfacet
  facet normal -0 0 -1
    outer loop
      vertex 38.2154 14.6991 -16
      vertex 34.4966 13.7027 -16
      vertex 38.0635 15.2001 -16
    endloop
  endfacet
  facet normal 0 0 -1
    outer loop
      vertex 33.7804 10.1022 -16
      vertex 36.8349 7.75846 -16
      vertex 36.5027 7.35379 -16
    endloop
  endfacet
  facet normal 0 0 -1
    outer loop
      vertex 34.4178 13.9625 -16
      vertex 38.0635 15.2001 -16
      vertex 34.4966 13.7027 -16
    endloop
  endfacet
  facet normal 0 0 -1
    outer loop
      vertex 33.6082 9.89227 -16
      vertex 36.5027 7.35379 -16
      vertex 36.1449 6.9717 -16
    endloop
  endfacet
  facet normal -0 0 -1
    outer loop
      vertex 38.0635 15.2001 -16
      vertex 34.4178 13.9625 -16
      vertex 37.8791 15.69 -16
    endloop
  endfacet
  facet normal 0 0 -1
    outer loop
      vertex 33.4225 9.69406 -16
      vertex 36.1449 6.9717 -16
      vertex 35.7628 6.61383 -16
    endloop
  endfacet
  facet normal 0 0 -1
    outer loop
      vertex 34.3221 14.2167 -16
      vertex 37.8791 15.69 -16
      vertex 34.4178 13.9625 -16
    endloop
  endfacet
  facet normal 0 0 -1
    outer loop
      vertex 33.2243 9.50842 -16
      vertex 35.7628 6.61383 -16
      vertex 35.3581 6.28173 -16
    endloop
  endfacet
  facet normal -0 0 -1
    outer loop
      vertex 37.8791 15.69 -16
      vertex 34.3221 14.2167 -16
      vertex 37.663 16.1669 -16
    endloop
  endfacet
  facet normal 0 0 -1
    outer loop
      vertex 33.0144 9.33614 -16
      vertex 35.3581 6.28173 -16
      vertex 34.9326 5.9768 -16
    endloop
  endfacet
  facet normal 0 0 -1
    outer loop
      vertex 34.21 14.4641 -16
      vertex 37.663 16.1669 -16
      vertex 34.3221 14.2167 -16
    endloop
  endfacet
  facet normal -0 0 -1
    outer loop
      vertex 37.663 16.1669 -16
      vertex 34.21 14.4641 -16
      vertex 37.4162 16.6286 -16
    endloop
  endfacet
  facet normal 0 0 -1
    outer loop
      vertex 38.4709 12.1053 -16
      vertex 34.6291 12.3571 -16
      vertex 34.638 12.6286 -16
    endloop
  endfacet
  facet normal 0 0 -1
    outer loop
      vertex 38.4196 11.5843 -16
      vertex 34.6025 12.0869 -16
      vertex 34.6291 12.3571 -16
    endloop
  endfacet
  facet normal 0 0 -1
    outer loop
      vertex 38.3343 11.0678 -16
      vertex 34.5583 11.8189 -16
      vertex 34.6025 12.0869 -16
    endloop
  endfacet
  facet normal 0 0 -1
    outer loop
      vertex 38.2154 10.558 -16
      vertex 34.4966 11.5545 -16
      vertex 34.5583 11.8189 -16
    endloop
  endfacet
  facet normal 0 0 -1
    outer loop
      vertex 32.7936 9.17795 -16
      vertex 34.9326 5.9768 -16
      vertex 34.488 5.70035 -16
    endloop
  endfacet
  facet normal 0 0 -1
    outer loop
      vertex 38.0635 10.057 -16
      vertex 34.4178 11.2946 -16
      vertex 34.4966 11.5545 -16
    endloop
  endfacet
  facet normal 0 0 -1
    outer loop
      vertex 37.8791 9.56709 -16
      vertex 34.3221 11.0404 -16
      vertex 34.4178 11.2946 -16
    endloop
  endfacet
  facet normal 0 0 -1
    outer loop
      vertex 37.663 9.09024 -16
      vertex 34.21 10.7931 -16
      vertex 34.3221 11.0404 -16
    endloop
  endfacet
  facet normal 0 0 -1
    outer loop
      vertex 37.4162 8.62855 -16
      vertex 34.082 10.5536 -16
      vertex 34.21 10.7931 -16
    endloop
  endfacet
  facet normal 0 0 -1
    outer loop
      vertex 32.563 9.03455 -16
      vertex 34.488 5.70035 -16
      vertex 34.0263 5.45357 -16
    endloop
  endfacet
  facet normal 0 0 -1
    outer loop
      vertex 37.1398 8.18399 -16
      vertex 33.9386 10.3229 -16
      vertex 34.082 10.5536 -16
    endloop
  endfacet
  facet normal 0 0 -1
    outer loop
      vertex 36.8349 7.75846 -16
      vertex 33.7804 10.1022 -16
      vertex 33.9386 10.3229 -16
    endloop
  endfacet
  facet normal 0 0 -1
    outer loop
      vertex 36.5027 7.35379 -16
      vertex 33.6082 9.89227 -16
      vertex 33.7804 10.1022 -16
    endloop
  endfacet
  facet normal 0 0 -1
    outer loop
      vertex 32.3235 8.90653 -16
      vertex 34.0263 5.45357 -16
      vertex 33.5495 5.23752 -16
    endloop
  endfacet
  facet normal 0 0 -1
    outer loop
      vertex 36.1449 6.9717 -16
      vertex 33.4225 9.69406 -16
      vertex 33.6082 9.89227 -16
    endloop
  endfacet
  facet normal 0 0 -1
    outer loop
      vertex 35.7628 6.61383 -16
      vertex 33.2243 9.50842 -16
      vertex 33.4225 9.69406 -16
    endloop
  endfacet
  facet normal 0 0 -1
    outer loop
      vertex 32.0762 8.79445 -16
      vertex 33.5495 5.23752 -16
      vertex 33.0595 5.05311 -16
    endloop
  endfacet
  facet normal 0 0 -1
    outer loop
      vertex 35.3581 6.28173 -16
      vertex 33.0144 9.33614 -16
      vertex 33.2243 9.50842 -16
    endloop
  endfacet
  facet normal 0 0 -1
    outer loop
      vertex 34.9326 5.9768 -16
      vertex 32.7936 9.17795 -16
      vertex 33.0144 9.33614 -16
    endloop
  endfacet
  facet normal 0 0 -1
    outer loop
      vertex 34.488 5.70035 -16
      vertex 32.563 9.03455 -16
      vertex 32.7936 9.17795 -16
    endloop
  endfacet
  facet normal 0 0 -1
    outer loop
      vertex 31.822 8.69879 -16
      vertex 33.0595 5.05311 -16
      vertex 32.5586 4.90115 -16
    endloop
  endfacet
  facet normal 0 0 -1
    outer loop
      vertex 34.0263 5.45357 -16
      vertex 32.3235 8.90653 -16
      vertex 32.563 9.03455 -16
    endloop
  endfacet
  facet normal 0 0 -1
    outer loop
      vertex 33.5495 5.23752 -16
      vertex 32.0762 8.79445 -16
      vertex 32.3235 8.90653 -16
    endloop
  endfacet
  facet normal 0 0 -1
    outer loop
      vertex 31.5621 8.61996 -16
      vertex 32.5586 4.90115 -16
      vertex 32.0487 4.78227 -16
    endloop
  endfacet
  facet normal 0 0 -1
    outer loop
      vertex 33.0595 5.05311 -16
      vertex 31.822 8.69879 -16
      vertex 32.0762 8.79445 -16
    endloop
  endfacet
  facet normal 0 0 -1
    outer loop
      vertex 32.5586 4.90115 -16
      vertex 31.5621 8.61996 -16
      vertex 31.822 8.69879 -16
    endloop
  endfacet
  facet normal 0 0 -1
    outer loop
      vertex 31.2976 8.55829 -16
      vertex 32.0487 4.78227 -16
      vertex 31.5322 4.69699 -16
    endloop
  endfacet
  facet normal 0 0 -1
    outer loop
      vertex 32.0487 4.78227 -16
      vertex 31.2976 8.55829 -16
      vertex 31.5621 8.61996 -16
    endloop
  endfacet
  facet normal 0 0 -1
    outer loop
      vertex 31.5322 4.69699 -16
      vertex 31.0297 8.51406 -16
      vertex 31.2976 8.55829 -16
    endloop
  endfacet
  facet normal 0 0 -1
    outer loop
      vertex 31.0112 4.64568 -16
      vertex 31.0297 8.51406 -16
      vertex 31.5322 4.69699 -16
    endloop
  endfacet
  facet normal 0 0 -1
    outer loop
      vertex 31.0112 4.64568 -16
      vertex 30.7594 8.48744 -16
      vertex 31.0297 8.51406 -16
    endloop
  endfacet
  facet normal 0 0 -1
    outer loop
      vertex 30.488 4.62855 -16
      vertex 30.7594 8.48744 -16
      vertex 31.0112 4.64568 -16
    endloop
  endfacet
  facet normal 0 0 -1
    outer loop
      vertex 30.488 4.62855 -16
      vertex 30.488 8.47855 -16
      vertex 30.7594 8.48744 -16
    endloop
  endfacet
  facet normal 0 0 -1
    outer loop
      vertex 30.488 4.62855 -16
      vertex 30.2166 8.48744 -16
      vertex 30.488 8.47855 -16
    endloop
  endfacet
  facet normal 0 0 -1
    outer loop
      vertex 29.9648 4.64568 -16
      vertex 30.2166 8.48744 -16
      vertex 30.488 4.62855 -16
    endloop
  endfacet
  facet normal 0 0 -1
    outer loop
      vertex 29.9648 4.64568 -16
      vertex 29.9463 8.51406 -16
      vertex 30.2166 8.48744 -16
    endloop
  endfacet
  facet normal 0 0 -1
    outer loop
      vertex 29.4438 4.69699 -16
      vertex 29.9463 8.51406 -16
      vertex 29.9648 4.64568 -16
    endloop
  endfacet
  facet normal -0 0 -1
    outer loop
      vertex 29.9463 8.51406 -16
      vertex 29.4438 4.69699 -16
      vertex 29.6784 8.55829 -16
    endloop
  endfacet
  facet normal 0 0 -1
    outer loop
      vertex 28.9273 4.78227 -16
      vertex 29.6784 8.55829 -16
      vertex 29.4438 4.69699 -16
    endloop
  endfacet
  facet normal -0 0 -1
    outer loop
      vertex 29.6784 8.55829 -16
      vertex 28.9273 4.78227 -16
      vertex 29.4139 8.61996 -16
    endloop
  endfacet
  facet normal 0 0 -1
    outer loop
      vertex 28.4175 4.90115 -16
      vertex 29.4139 8.61996 -16
      vertex 28.9273 4.78227 -16
    endloop
  endfacet
  facet normal -0 0 -1
    outer loop
      vertex 29.4139 8.61996 -16
      vertex 28.4175 4.90115 -16
      vertex 29.154 8.69879 -16
    endloop
  endfacet
  facet normal 0 0 -1
    outer loop
      vertex 27.9165 5.05311 -16
      vertex 29.154 8.69879 -16
      vertex 28.4175 4.90115 -16
    endloop
  endfacet
  facet normal -0 0 -1
    outer loop
      vertex 29.154 8.69879 -16
      vertex 27.9165 5.05311 -16
      vertex 28.8999 8.79445 -16
    endloop
  endfacet
  facet normal 0 0 -1
    outer loop
      vertex 27.4266 5.23752 -16
      vertex 28.8999 8.79445 -16
      vertex 27.9165 5.05311 -16
    endloop
  endfacet
  facet normal -0 0 -1
    outer loop
      vertex 28.8999 8.79445 -16
      vertex 27.4266 5.23752 -16
      vertex 28.6525 8.90653 -16
    endloop
  endfacet
  facet normal 0 0 -1
    outer loop
      vertex 26.9497 5.45357 -16
      vertex 28.6525 8.90653 -16
      vertex 27.4266 5.23752 -16
    endloop
  endfacet
  facet normal -0 0 -1
    outer loop
      vertex 28.6525 8.90653 -16
      vertex 26.9497 5.45357 -16
      vertex 28.413 9.03455 -16
    endloop
  endfacet
  facet normal 0 0 -1
    outer loop
      vertex 26.488 5.70035 -16
      vertex 28.413 9.03455 -16
      vertex 26.9497 5.45357 -16
    endloop
  endfacet
  facet normal -0 0 -1
    outer loop
      vertex 28.413 9.03455 -16
      vertex 26.488 5.70035 -16
      vertex 28.1824 9.17795 -16
    endloop
  endfacet
  facet normal 0 0 -1
    outer loop
      vertex 26.0435 5.9768 -16
      vertex 28.1824 9.17795 -16
      vertex 26.488 5.70035 -16
    endloop
  endfacet
  facet normal -0 0 -1
    outer loop
      vertex 28.1824 9.17795 -16
      vertex 26.0435 5.9768 -16
      vertex 27.9617 9.33614 -16
    endloop
  endfacet
  facet normal 0 0 -1
    outer loop
      vertex 25.6179 6.28173 -16
      vertex 27.9617 9.33614 -16
      vertex 26.0435 5.9768 -16
    endloop
  endfacet
  facet normal -0 0 -1
    outer loop
      vertex 27.9617 9.33614 -16
      vertex 25.6179 6.28173 -16
      vertex 27.7517 9.50842 -16
    endloop
  endfacet
  facet normal 0 0 -1
    outer loop
      vertex 25.2133 6.61383 -16
      vertex 27.7517 9.50842 -16
      vertex 25.6179 6.28173 -16
    endloop
  endfacet
  facet normal -0 0 -1
    outer loop
      vertex 27.7517 9.50842 -16
      vertex 25.2133 6.61383 -16
      vertex 27.5535 9.69406 -16
    endloop
  endfacet
  facet normal 0 0 -1
    outer loop
      vertex 24.8312 6.9717 -16
      vertex 27.5535 9.69406 -16
      vertex 25.2133 6.61383 -16
    endloop
  endfacet
  facet normal -0 0 -1
    outer loop
      vertex 27.5535 9.69406 -16
      vertex 24.8312 6.9717 -16
      vertex 27.3679 9.89227 -16
    endloop
  endfacet
  facet normal 0 0 -1
    outer loop
      vertex 24.4733 7.35379 -16
      vertex 27.3679 9.89227 -16
      vertex 24.8312 6.9717 -16
    endloop
  endfacet
  facet normal -0 0 -1
    outer loop
      vertex 27.3679 9.89227 -16
      vertex 24.4733 7.35379 -16
      vertex 27.1956 10.1022 -16
    endloop
  endfacet
  facet normal 0 0 -1
    outer loop
      vertex 24.1412 7.75846 -16
      vertex 27.1956 10.1022 -16
      vertex 24.4733 7.35379 -16
    endloop
  endfacet
  facet normal -0 0 -1
    outer loop
      vertex 27.1956 10.1022 -16
      vertex 24.1412 7.75846 -16
      vertex 27.0374 10.3229 -16
    endloop
  endfacet
  facet normal 0 0 -1
    outer loop
      vertex 23.8363 8.18399 -16
      vertex 27.0374 10.3229 -16
      vertex 24.1412 7.75846 -16
    endloop
  endfacet
  facet normal -0 0 -1
    outer loop
      vertex 27.0374 10.3229 -16
      vertex 23.8363 8.18399 -16
      vertex 26.894 10.5536 -16
    endloop
  endfacet
  facet normal 0 0 -1
    outer loop
      vertex 23.5598 8.62855 -16
      vertex 26.894 10.5536 -16
      vertex 23.8363 8.18399 -16
    endloop
  endfacet
  facet normal -0 0 -1
    outer loop
      vertex 26.894 10.5536 -16
      vertex 23.5598 8.62855 -16
      vertex 26.766 10.7931 -16
    endloop
  endfacet
  facet normal 0 0 -1
    outer loop
      vertex 34.082 14.7036 -16
      vertex 37.4162 16.6286 -16
      vertex 34.21 14.4641 -16
    endloop
  endfacet
  facet normal -0 0 -1
    outer loop
      vertex 37.4162 16.6286 -16
      vertex 34.082 14.7036 -16
      vertex 37.1398 17.0731 -16
    endloop
  endfacet
  facet normal 0 0 -1
    outer loop
      vertex 33.9386 14.9342 -16
      vertex 37.1398 17.0731 -16
      vertex 34.082 14.7036 -16
    endloop
  endfacet
  facet normal -0 0 -1
    outer loop
      vertex 37.1398 17.0731 -16
      vertex 33.9386 14.9342 -16
      vertex 36.8349 17.4986 -16
    endloop
  endfacet
  facet normal 0 0 -1
    outer loop
      vertex 33.7804 15.1549 -16
      vertex 36.8349 17.4986 -16
      vertex 33.9386 14.9342 -16
    endloop
  endfacet
  facet normal -0 0 -1
    outer loop
      vertex 36.8349 17.4986 -16
      vertex 33.7804 15.1549 -16
      vertex 36.5027 17.9033 -16
    endloop
  endfacet
  facet normal 0 0 -1
    outer loop
      vertex 33.6082 15.3648 -16
      vertex 36.5027 17.9033 -16
      vertex 33.7804 15.1549 -16
    endloop
  endfacet
  facet normal -0 0 -1
    outer loop
      vertex 36.5027 17.9033 -16
      vertex 33.6082 15.3648 -16
      vertex 36.1449 18.2854 -16
    endloop
  endfacet
  facet normal 0 0 -1
    outer loop
      vertex 33.4225 15.563 -16
      vertex 36.1449 18.2854 -16
      vertex 33.6082 15.3648 -16
    endloop
  endfacet
  facet normal -0 0 -1
    outer loop
      vertex 36.1449 18.2854 -16
      vertex 33.4225 15.563 -16
      vertex 35.7628 18.6433 -16
    endloop
  endfacet
  facet normal 0 0 -1
    outer loop
      vertex 33.2243 15.7487 -16
      vertex 35.7628 18.6433 -16
      vertex 33.4225 15.563 -16
    endloop
  endfacet
  facet normal -0 0 -1
    outer loop
      vertex 35.7628 18.6433 -16
      vertex 33.2243 15.7487 -16
      vertex 35.3581 18.9754 -16
    endloop
  endfacet
  facet normal 0 0 -1
    outer loop
      vertex 33.0144 15.921 -16
      vertex 35.3581 18.9754 -16
      vertex 33.2243 15.7487 -16
    endloop
  endfacet
  facet normal -0 0 -1
    outer loop
      vertex 35.3581 18.9754 -16
      vertex 33.0144 15.921 -16
      vertex 34.9326 19.2803 -16
    endloop
  endfacet
  facet normal 0 0 -1
    outer loop
      vertex 32.7936 16.0792 -16
      vertex 34.9326 19.2803 -16
      vertex 33.0144 15.921 -16
    endloop
  endfacet
  facet normal -0 0 -1
    outer loop
      vertex 34.9326 19.2803 -16
      vertex 32.7936 16.0792 -16
      vertex 34.488 19.5568 -16
    endloop
  endfacet
  facet normal 0 0 -1
    outer loop
      vertex 32.563 16.2226 -16
      vertex 34.488 19.5568 -16
      vertex 32.7936 16.0792 -16
    endloop
  endfacet
  facet normal -0 0 -1
    outer loop
      vertex 34.488 19.5568 -16
      vertex 32.563 16.2226 -16
      vertex 34.0263 19.8035 -16
    endloop
  endfacet
  facet normal 0 0 -1
    outer loop
      vertex 32.3235 16.3506 -16
      vertex 34.0263 19.8035 -16
      vertex 32.563 16.2226 -16
    endloop
  endfacet
  facet normal -0 0 -1
    outer loop
      vertex 34.0263 19.8035 -16
      vertex 32.3235 16.3506 -16
      vertex 33.5495 20.0196 -16
    endloop
  endfacet
  facet normal 0 0 -1
    outer loop
      vertex 32.0762 16.4627 -16
      vertex 33.5495 20.0196 -16
      vertex 32.3235 16.3506 -16
    endloop
  endfacet
  facet normal -0 0 -1
    outer loop
      vertex 33.5495 20.0196 -16
      vertex 32.0762 16.4627 -16
      vertex 33.0595 20.204 -16
    endloop
  endfacet
  facet normal 0 0 -1
    outer loop
      vertex 31.822 16.5583 -16
      vertex 33.0595 20.204 -16
      vertex 32.0762 16.4627 -16
    endloop
  endfacet
  facet normal -0 0 -1
    outer loop
      vertex 33.0595 20.204 -16
      vertex 31.822 16.5583 -16
      vertex 32.5586 20.356 -16
    endloop
  endfacet
  facet normal 0 0 -1
    outer loop
      vertex 31.5621 16.6371 -16
      vertex 32.5586 20.356 -16
      vertex 31.822 16.5583 -16
    endloop
  endfacet
  facet normal -0 0 -1
    outer loop
      vertex 32.5586 20.356 -16
      vertex 31.5621 16.6371 -16
      vertex 32.0487 20.4748 -16
    endloop
  endfacet
  facet normal 0 0 -1
    outer loop
      vertex 31.2976 16.6988 -16
      vertex 32.0487 20.4748 -16
      vertex 31.5621 16.6371 -16
    endloop
  endfacet
  facet normal -0 0 -1
    outer loop
      vertex 32.0487 20.4748 -16
      vertex 31.2976 16.6988 -16
      vertex 31.5322 20.5601 -16
    endloop
  endfacet
  facet normal 0 0 -1
    outer loop
      vertex 31.0297 16.743 -16
      vertex 31.5322 20.5601 -16
      vertex 31.2976 16.6988 -16
    endloop
  endfacet
  facet normal 0 0 -1
    outer loop
      vertex 31.0297 16.743 -16
      vertex 31.0112 20.6114 -16
      vertex 31.5322 20.5601 -16
    endloop
  endfacet
  facet normal 0 0 -1
    outer loop
      vertex 30.7594 16.7697 -16
      vertex 31.0112 20.6114 -16
      vertex 31.0297 16.743 -16
    endloop
  endfacet
  facet normal 0 0 -1
    outer loop
      vertex 30.488 16.7786 -16
      vertex 31.0112 20.6114 -16
      vertex 30.7594 16.7697 -16
    endloop
  endfacet
  facet normal 0 0 -1
    outer loop
      vertex 30.488 16.7786 -16
      vertex 30.488 20.6286 -16
      vertex 31.0112 20.6114 -16
    endloop
  endfacet
  facet normal 0 0 -1
    outer loop
      vertex 30.2166 16.7697 -16
      vertex 30.488 20.6286 -16
      vertex 30.488 16.7786 -16
    endloop
  endfacet
  facet normal 0 0 -1
    outer loop
      vertex 30.2166 16.7697 -16
      vertex 29.9648 20.6114 -16
      vertex 30.488 20.6286 -16
    endloop
  endfacet
  facet normal 0 0 -1
    outer loop
      vertex 29.9463 16.743 -16
      vertex 29.9648 20.6114 -16
      vertex 30.2166 16.7697 -16
    endloop
  endfacet
  facet normal 0 0 -1
    outer loop
      vertex 29.4438 20.5601 -16
      vertex 29.9463 16.743 -16
      vertex 29.6784 16.6988 -16
    endloop
  endfacet
  facet normal 0 0 -1
    outer loop
      vertex 29.9463 16.743 -16
      vertex 29.4438 20.5601 -16
      vertex 29.9648 20.6114 -16
    endloop
  endfacet
  facet normal 0 0 -1
    outer loop
      vertex 28.9273 20.4748 -16
      vertex 29.6784 16.6988 -16
      vertex 29.4139 16.6371 -16
    endloop
  endfacet
  facet normal 0 0 -1
    outer loop
      vertex 28.4175 20.356 -16
      vertex 29.4139 16.6371 -16
      vertex 29.154 16.5583 -16
    endloop
  endfacet
  facet normal 0 0 -1
    outer loop
      vertex 29.6784 16.6988 -16
      vertex 28.9273 20.4748 -16
      vertex 29.4438 20.5601 -16
    endloop
  endfacet
  facet normal 0 0 -1
    outer loop
      vertex 27.9165 20.204 -16
      vertex 29.154 16.5583 -16
      vertex 28.8999 16.4627 -16
    endloop
  endfacet
  facet normal 0 0 -1
    outer loop
      vertex 27.4266 20.0196 -16
      vertex 28.8999 16.4627 -16
      vertex 28.6525 16.3506 -16
    endloop
  endfacet
  facet normal 0 0 -1
    outer loop
      vertex 29.4139 16.6371 -16
      vertex 28.4175 20.356 -16
      vertex 28.9273 20.4748 -16
    endloop
  endfacet
  facet normal 0 0 -1
    outer loop
      vertex 26.9497 19.8035 -16
      vertex 28.6525 16.3506 -16
      vertex 28.413 16.2226 -16
    endloop
  endfacet
  facet normal 0 0 -1
    outer loop
      vertex 26.488 19.5568 -16
      vertex 28.413 16.2226 -16
      vertex 28.1824 16.0792 -16
    endloop
  endfacet
  facet normal 0 0 -1
    outer loop
      vertex 26.0435 19.2803 -16
      vertex 28.1824 16.0792 -16
      vertex 27.9617 15.921 -16
    endloop
  endfacet
  facet normal 0 0 -1
    outer loop
      vertex 29.154 16.5583 -16
      vertex 27.9165 20.204 -16
      vertex 28.4175 20.356 -16
    endloop
  endfacet
  facet normal 0 0 -1
    outer loop
      vertex 25.6179 18.9754 -16
      vertex 27.9617 15.921 -16
      vertex 27.7517 15.7487 -16
    endloop
  endfacet
  facet normal 0 0 -1
    outer loop
      vertex 25.2133 18.6433 -16
      vertex 27.7517 15.7487 -16
      vertex 27.5535 15.563 -16
    endloop
  endfacet
  facet normal 0 0 -1
    outer loop
      vertex 28.8999 16.4627 -16
      vertex 27.4266 20.0196 -16
      vertex 27.9165 20.204 -16
    endloop
  endfacet
  facet normal 0 0 -1
    outer loop
      vertex 24.8312 18.2854 -16
      vertex 27.5535 15.563 -16
      vertex 27.3679 15.3648 -16
    endloop
  endfacet
  facet normal 0 0 -1
    outer loop
      vertex 24.4733 17.9033 -16
      vertex 27.3679 15.3648 -16
      vertex 27.1956 15.1549 -16
    endloop
  endfacet
  facet normal 0 0 -1
    outer loop
      vertex 24.1412 17.4986 -16
      vertex 27.1956 15.1549 -16
      vertex 27.0374 14.9342 -16
    endloop
  endfacet
  facet normal 0 0 -1
    outer loop
      vertex 28.6525 16.3506 -16
      vertex 26.9497 19.8035 -16
      vertex 27.4266 20.0196 -16
    endloop
  endfacet
  facet normal 0 0 -1
    outer loop
      vertex 23.8363 17.0731 -16
      vertex 27.0374 14.9342 -16
      vertex 26.894 14.7036 -16
    endloop
  endfacet
  facet normal 0 0 -1
    outer loop
      vertex 23.5598 16.6286 -16
      vertex 26.894 14.7036 -16
      vertex 26.766 14.4641 -16
    endloop
  endfacet
  facet normal 0 0 -1
    outer loop
      vertex 23.313 16.1669 -16
      vertex 26.766 14.4641 -16
      vertex 26.6539 14.2167 -16
    endloop
  endfacet
  facet normal 0 0 -1
    outer loop
      vertex 23.097 15.69 -16
      vertex 26.6539 14.2167 -16
      vertex 26.5583 13.9625 -16
    endloop
  endfacet
  facet normal 0 0 -1
    outer loop
      vertex 28.413 16.2226 -16
      vertex 26.488 19.5568 -16
      vertex 26.9497 19.8035 -16
    endloop
  endfacet
  facet normal 0 0 -1
    outer loop
      vertex 22.9126 15.2001 -16
      vertex 26.5583 13.9625 -16
      vertex 26.4794 13.7027 -16
    endloop
  endfacet
  facet normal 0 0 -1
    outer loop
      vertex 22.7606 14.6991 -16
      vertex 26.4794 13.7027 -16
      vertex 26.4178 13.4382 -16
    endloop
  endfacet
  facet normal 0 0 -1
    outer loop
      vertex 22.6417 14.1893 -16
      vertex 26.4178 13.4382 -16
      vertex 26.3735 13.1702 -16
    endloop
  endfacet
  facet normal 0 0 -1
    outer loop
      vertex 22.5565 13.6728 -16
      vertex 26.3735 13.1702 -16
      vertex 26.3469 12.9 -16
    endloop
  endfacet
  facet normal 0 0 -1
    outer loop
      vertex 22.5052 13.1518 -16
      vertex 26.3469 12.9 -16
      vertex 26.338 12.6286 -16
    endloop
  endfacet
  facet normal 0 0 -1
    outer loop
      vertex 23.313 9.09024 -16
      vertex 26.766 10.7931 -16
      vertex 23.5598 8.62855 -16
    endloop
  endfacet
  facet normal 0 0 -1
    outer loop
      vertex 28.1824 16.0792 -16
      vertex 26.0435 19.2803 -16
      vertex 26.488 19.5568 -16
    endloop
  endfacet
  facet normal -0 0 -1
    outer loop
      vertex 26.766 10.7931 -16
      vertex 23.313 9.09024 -16
      vertex 26.6539 11.0404 -16
    endloop
  endfacet
  facet normal 0 0 -1
    outer loop
      vertex 27.9617 15.921 -16
      vertex 25.6179 18.9754 -16
      vertex 26.0435 19.2803 -16
    endloop
  endfacet
  facet normal 0 0 -1
    outer loop
      vertex 23.097 9.56709 -16
      vertex 26.6539 11.0404 -16
      vertex 23.313 9.09024 -16
    endloop
  endfacet
  facet normal 0 0 -1
    outer loop
      vertex 27.7517 15.7487 -16
      vertex 25.2133 18.6433 -16
      vertex 25.6179 18.9754 -16
    endloop
  endfacet
  facet normal -0 0 -1
    outer loop
      vertex 26.6539 11.0404 -16
      vertex 23.097 9.56709 -16
      vertex 26.5583 11.2946 -16
    endloop
  endfacet
  facet normal 0 0 -1
    outer loop
      vertex 27.5535 15.563 -16
      vertex 24.8312 18.2854 -16
      vertex 25.2133 18.6433 -16
    endloop
  endfacet
  facet normal 0 0 -1
    outer loop
      vertex 22.9126 10.057 -16
      vertex 26.5583 11.2946 -16
      vertex 23.097 9.56709 -16
    endloop
  endfacet
  facet normal 0 0 -1
    outer loop
      vertex 27.3679 15.3648 -16
      vertex 24.4733 17.9033 -16
      vertex 24.8312 18.2854 -16
    endloop
  endfacet
  facet normal -0 0 -1
    outer loop
      vertex 26.5583 11.2946 -16
      vertex 22.9126 10.057 -16
      vertex 26.4794 11.5545 -16
    endloop
  endfacet
  facet normal 0 0 -1
    outer loop
      vertex 27.1956 15.1549 -16
      vertex 24.1412 17.4986 -16
      vertex 24.4733 17.9033 -16
    endloop
  endfacet
  facet normal 0 0 -1
    outer loop
      vertex 22.7606 10.558 -16
      vertex 26.4794 11.5545 -16
      vertex 22.9126 10.057 -16
    endloop
  endfacet
  facet normal 0 0 -1
    outer loop
      vertex 27.0374 14.9342 -16
      vertex 23.8363 17.0731 -16
      vertex 24.1412 17.4986 -16
    endloop
  endfacet
  facet normal -0 0 -1
    outer loop
      vertex 26.4794 11.5545 -16
      vertex 22.7606 10.558 -16
      vertex 26.4178 11.8189 -16
    endloop
  endfacet
  facet normal 0 0 -1
    outer loop
      vertex 26.894 14.7036 -16
      vertex 23.5598 16.6286 -16
      vertex 23.8363 17.0731 -16
    endloop
  endfacet
  facet normal 0 0 -1
    outer loop
      vertex 22.6417 11.0678 -16
      vertex 26.4178 11.8189 -16
      vertex 22.7606 10.558 -16
    endloop
  endfacet
  facet normal 0 0 -1
    outer loop
      vertex 26.766 14.4641 -16
      vertex 23.313 16.1669 -16
      vertex 23.5598 16.6286 -16
    endloop
  endfacet
  facet normal -0 0 -1
    outer loop
      vertex 26.4178 11.8189 -16
      vertex 22.6417 11.0678 -16
      vertex 26.3735 12.0869 -16
    endloop
  endfacet
  facet normal 0 0 -1
    outer loop
      vertex 26.6539 14.2167 -16
      vertex 23.097 15.69 -16
      vertex 23.313 16.1669 -16
    endloop
  endfacet
  facet normal 0 0 -1
    outer loop
      vertex 22.5565 11.5843 -16
      vertex 26.3735 12.0869 -16
      vertex 22.6417 11.0678 -16
    endloop
  endfacet
  facet normal 0 0 -1
    outer loop
      vertex 26.5583 13.9625 -16
      vertex 22.9126 15.2001 -16
      vertex 23.097 15.69 -16
    endloop
  endfacet
  facet normal -0 0 -1
    outer loop
      vertex 26.3735 12.0869 -16
      vertex 22.5565 11.5843 -16
      vertex 26.3469 12.3571 -16
    endloop
  endfacet
  facet normal 0 0 -1
    outer loop
      vertex 26.4794 13.7027 -16
      vertex 22.7606 14.6991 -16
      vertex 22.9126 15.2001 -16
    endloop
  endfacet
  facet normal 0 0 -1
    outer loop
      vertex 22.5052 12.1053 -16
      vertex 26.3469 12.3571 -16
      vertex 22.5565 11.5843 -16
    endloop
  endfacet
  facet normal 0 0 -1
    outer loop
      vertex 26.4178 13.4382 -16
      vertex 22.6417 14.1893 -16
      vertex 22.7606 14.6991 -16
    endloop
  endfacet
  facet normal -0 0 -1
    outer loop
      vertex 26.3469 12.3571 -16
      vertex 22.5052 12.1053 -16
      vertex 26.338 12.6286 -16
    endloop
  endfacet
  facet normal 0 0 -1
    outer loop
      vertex 26.3735 13.1702 -16
      vertex 22.5565 13.6728 -16
      vertex 22.6417 14.1893 -16
    endloop
  endfacet
  facet normal 0 0 -1
    outer loop
      vertex 22.488 12.6286 -16
      vertex 26.338 12.6286 -16
      vertex 22.5052 12.1053 -16
    endloop
  endfacet
  facet normal 0 0 -1
    outer loop
      vertex 26.3469 12.9 -16
      vertex 22.5052 13.1518 -16
      vertex 22.5565 13.6728 -16
    endloop
  endfacet
  facet normal 0 0 -1
    outer loop
      vertex 26.338 12.6286 -16
      vertex 22.488 12.6286 -16
      vertex 22.5052 13.1518 -16
    endloop
  endfacet
  facet normal -0.986666 0.162757 0
    outer loop
      vertex 22.5565 13.6728 -16
      vertex 22.6417 14.1893 0
      vertex 22.6417 14.1893 -16
    endloop
  endfacet
  facet normal -0.986666 0.162757 0
    outer loop
      vertex 22.6417 14.1893 0
      vertex 22.5565 13.6728 -16
      vertex 22.5565 13.6728 0
    endloop
  endfacet
  facet normal -0.471272 0.881988 0
    outer loop
      vertex 26.9497 19.8035 -16
      vertex 26.488 19.5568 0
      vertex 26.9497 19.8035 0
    endloop
  endfacet
  facet normal -0.471272 0.881988 0
    outer loop
      vertex 26.488 19.5568 0
      vertex 26.9497 19.8035 -16
      vertex 26.488 19.5568 -16
    endloop
  endfacet
  facet normal -0.849123 0.528195 0
    outer loop
      vertex 23.5598 16.6286 -16
      vertex 23.8363 17.0731 0
      vertex 23.8363 17.0731 -16
    endloop
  endfacet
  facet normal -0.849123 0.528195 0
    outer loop
      vertex 23.8363 17.0731 0
      vertex 23.5598 16.6286 -16
      vertex 23.5598 16.6286 0
    endloop
  endfacet
  facet normal -0.881908 0.471421 0
    outer loop
      vertex 23.313 16.1669 -16
      vertex 23.5598 16.6286 0
      vertex 23.5598 16.6286 -16
    endloop
  endfacet
  facet normal -0.881908 0.471421 0
    outer loop
      vertex 23.5598 16.6286 0
      vertex 23.313 16.1669 -16
      vertex 23.313 16.1669 0
    endloop
  endfacet
  facet normal -0.773037 0.634361 0
    outer loop
      vertex 24.1412 17.4986 -16
      vertex 24.4733 17.9033 0
      vertex 24.4733 17.9033 -16
    endloop
  endfacet
  facet normal -0.773037 0.634361 0
    outer loop
      vertex 24.4733 17.9033 0
      vertex 24.1412 17.4986 -16
      vertex 24.1412 17.4986 0
    endloop
  endfacet
  facet normal 0.91085 0.412738 0
    outer loop
      vertex 37.8791 15.69 0
      vertex 37.663 16.1669 -16
      vertex 37.663 16.1669 0
    endloop
  endfacet
  facet normal 0.91085 0.412738 0
    outer loop
      vertex 37.663 16.1669 -16
      vertex 37.8791 15.69 0
      vertex 37.8791 15.69 -16
    endloop
  endfacet
  facet normal 0.986636 0.162943 0
    outer loop
      vertex 38.4196 13.6728 0
      vertex 38.3343 14.1893 -16
      vertex 38.3343 14.1893 0
    endloop
  endfacet
  facet normal 0.986636 0.162943 0
    outer loop
      vertex 38.3343 14.1893 -16
      vertex 38.4196 13.6728 0
      vertex 38.4196 13.6728 -16
    endloop
  endfacet
  facet normal 0.956981 -0.290151 0
    outer loop
      vertex 38.0635 10.057 0
      vertex 38.2154 10.558 -16
      vertex 38.2154 10.558 0
    endloop
  endfacet
  facet normal 0.956981 -0.290151 0
    outer loop
      vertex 38.2154 10.558 -16
      vertex 38.0635 10.057 0
      vertex 38.0635 10.057 -16
    endloop
  endfacet
  facet normal 0.41273 -0.910853 0
    outer loop
      vertex 33.5495 5.23752 -16
      vertex 34.0263 5.45357 0
      vertex 33.5495 5.23752 0
    endloop
  endfacet
  facet normal 0.41273 -0.910853 0
    outer loop
      vertex 34.0263 5.45357 0
      vertex 33.5495 5.23752 -16
      vertex 34.0263 5.45357 -16
    endloop
  endfacet
  facet normal -0.634454 -0.77296 0
    outer loop
      vertex 25.2133 6.61383 -16
      vertex 25.6179 6.28173 0
      vertex 25.2133 6.61383 0
    endloop
  endfacet
  facet normal -0.634454 -0.77296 -0
    outer loop
      vertex 25.6179 6.28173 0
      vertex 25.2133 6.61383 -16
      vertex 25.6179 6.28173 -16
    endloop
  endfacet
  facet normal 0.772944 0.634475 0
    outer loop
      vertex 36.8349 17.4986 0
      vertex 36.5027 17.9033 -16
      vertex 36.5027 17.9033 0
    endloop
  endfacet
  facet normal 0.772944 0.634475 0
    outer loop
      vertex 36.5027 17.9033 -16
      vertex 36.8349 17.4986 0
      vertex 36.8349 17.4986 -16
    endloop
  endfacet
  facet normal 0.683617 0.729841 -0
    outer loop
      vertex 36.1449 18.2854 -16
      vertex 35.7628 18.6433 0
      vertex 36.1449 18.2854 0
    endloop
  endfacet
  facet normal 0.683617 0.729841 0
    outer loop
      vertex 35.7628 18.6433 0
      vertex 36.1449 18.2854 -16
      vertex 35.7628 18.6433 -16
    endloop
  endfacet
  facet normal 0.582466 0.812855 -0
    outer loop
      vertex 35.3581 18.9754 -16
      vertex 34.9326 19.2803 0
      vertex 35.3581 18.9754 0
    endloop
  endfacet
  facet normal 0.582466 0.812855 0
    outer loop
      vertex 34.9326 19.2803 0
      vertex 35.3581 18.9754 -16
      vertex 34.9326 19.2803 -16
    endloop
  endfacet
  facet normal 0.471272 0.881988 -0
    outer loop
      vertex 34.488 19.5568 -16
      vertex 34.0263 19.8035 0
      vertex 34.488 19.5568 0
    endloop
  endfacet
  facet normal 0.471272 0.881988 0
    outer loop
      vertex 34.0263 19.8035 0
      vertex 34.488 19.5568 -16
      vertex 34.0263 19.8035 -16
    endloop
  endfacet
  facet normal 0.41281 0.910817 -0
    outer loop
      vertex 34.0263 19.8035 -16
      vertex 33.5495 20.0196 0
      vertex 34.0263 19.8035 0
    endloop
  endfacet
  facet normal 0.41281 0.910817 0
    outer loop
      vertex 33.5495 20.0196 0
      vertex 34.0263 19.8035 -16
      vertex 33.5495 20.0196 -16
    endloop
  endfacet
  facet normal -0.162943 0.986636 0
    outer loop
      vertex 29.4438 20.5601 -16
      vertex 28.9273 20.4748 0
      vertex 29.4438 20.5601 0
    endloop
  endfacet
  facet normal -0.162943 0.986636 0
    outer loop
      vertex 28.9273 20.4748 0
      vertex 29.4438 20.5601 -16
      vertex 28.9273 20.4748 -16
    endloop
  endfacet
  facet normal -0.0979906 0.995187 0
    outer loop
      vertex 29.9648 20.6114 -16
      vertex 29.4438 20.5601 0
      vertex 29.9648 20.6114 0
    endloop
  endfacet
  facet normal -0.0979906 0.995187 0
    outer loop
      vertex 29.4438 20.5601 0
      vertex 29.9648 20.6114 -16
      vertex 29.4438 20.5601 -16
    endloop
  endfacet
  facet normal -0.290325 0.956928 0
    outer loop
      vertex 28.4175 20.356 -16
      vertex 27.9165 20.204 0
      vertex 28.4175 20.356 0
    endloop
  endfacet
  facet normal -0.290325 0.956928 0
    outer loop
      vertex 27.9165 20.204 0
      vertex 28.4175 20.356 -16
      vertex 27.9165 20.204 -16
    endloop
  endfacet
  facet normal -0.352275 0.935897 0
    outer loop
      vertex 27.9165 20.204 -16
      vertex 27.4266 20.0196 0
      vertex 27.9165 20.204 0
    endloop
  endfacet
  facet normal -0.352275 0.935897 0
    outer loop
      vertex 27.4266 20.0196 0
      vertex 27.9165 20.204 -16
      vertex 27.4266 20.0196 -16
    endloop
  endfacet
  facet normal 0.0328569 0.99946 -0
    outer loop
      vertex 31.0112 20.6114 -16
      vertex 30.488 20.6286 0
      vertex 31.0112 20.6114 0
    endloop
  endfacet
  facet normal 0.0328569 0.99946 0
    outer loop
      vertex 30.488 20.6286 0
      vertex 31.0112 20.6114 -16
      vertex 30.488 20.6286 -16
    endloop
  endfacet
  facet normal 0.290379 0.956912 -0
    outer loop
      vertex 33.0595 20.204 -16
      vertex 32.5586 20.356 0
      vertex 33.0595 20.204 0
    endloop
  endfacet
  facet normal 0.290379 0.956912 0
    outer loop
      vertex 32.5586 20.356 0
      vertex 33.0595 20.204 -16
      vertex 32.5586 20.356 -16
    endloop
  endfacet
  facet normal -0.956928 -0.290325 0
    outer loop
      vertex 22.9126 10.057 -16
      vertex 22.7606 10.558 0
      vertex 22.7606 10.558 -16
    endloop
  endfacet
  facet normal -0.956928 -0.290325 0
    outer loop
      vertex 22.7606 10.558 0
      vertex 22.9126 10.057 -16
      vertex 22.9126 10.057 0
    endloop
  endfacet
  facet normal -0.910905 -0.412615 0
    outer loop
      vertex 23.313 9.09024 -16
      vertex 23.097 9.56709 0
      vertex 23.097 9.56709 -16
    endloop
  endfacet
  facet normal -0.910905 -0.412615 0
    outer loop
      vertex 23.097 9.56709 0
      vertex 23.313 9.09024 -16
      vertex 23.313 9.09024 0
    endloop
  endfacet
  facet normal -0.986666 -0.162757 0
    outer loop
      vertex 22.6417 11.0678 -16
      vertex 22.5565 11.5843 0
      vertex 22.5565 11.5843 -16
    endloop
  endfacet
  facet normal -0.986666 -0.162757 0
    outer loop
      vertex 22.5565 11.5843 0
      vertex 22.6417 11.0678 -16
      vertex 22.6417 11.0678 0
    endloop
  endfacet
  facet normal -0.995187 0.0979906 0
    outer loop
      vertex 22.5052 13.1518 -16
      vertex 22.5565 13.6728 0
      vertex 22.5565 13.6728 -16
    endloop
  endfacet
  facet normal -0.995187 0.0979906 0
    outer loop
      vertex 22.5565 13.6728 0
      vertex 22.5052 13.1518 -16
      vertex 22.5052 13.1518 0
    endloop
  endfacet
  facet normal -0.99946 0.0328569 0
    outer loop
      vertex 22.488 12.6286 -16
      vertex 22.5052 13.1518 0
      vertex 22.5052 13.1518 -16
    endloop
  endfacet
  facet normal -0.99946 0.0328569 0
    outer loop
      vertex 22.5052 13.1518 0
      vertex 22.488 12.6286 -16
      vertex 22.488 12.6286 0
    endloop
  endfacet
  facet normal -0.99946 -0.0328506 0
    outer loop
      vertex 22.5052 12.1053 -16
      vertex 22.488 12.6286 0
      vertex 22.488 12.6286 -16
    endloop
  endfacet
  facet normal -0.99946 -0.0328506 0
    outer loop
      vertex 22.488 12.6286 0
      vertex 22.5052 12.1053 -16
      vertex 22.5052 12.1053 0
    endloop
  endfacet
  facet normal -0.973864 0.227133 0
    outer loop
      vertex 22.6417 14.1893 -16
      vertex 22.7606 14.6991 0
      vertex 22.7606 14.6991 -16
    endloop
  endfacet
  facet normal -0.973864 0.227133 0
    outer loop
      vertex 22.7606 14.6991 0
      vertex 22.6417 14.1893 -16
      vertex 22.6417 14.1893 0
    endloop
  endfacet
  facet normal -0.634454 0.77296 0
    outer loop
      vertex 25.6179 18.9754 -16
      vertex 25.2133 18.6433 0
      vertex 25.6179 18.9754 0
    endloop
  endfacet
  facet normal -0.634454 0.77296 0
    outer loop
      vertex 25.2133 18.6433 0
      vertex 25.6179 18.9754 -16
      vertex 25.2133 18.6433 -16
    endloop
  endfacet
  facet normal -0.683617 0.729841 0
    outer loop
      vertex 25.2133 18.6433 -16
      vertex 24.8312 18.2854 0
      vertex 25.2133 18.6433 0
    endloop
  endfacet
  facet normal -0.683617 0.729841 0
    outer loop
      vertex 24.8312 18.2854 0
      vertex 25.2133 18.6433 -16
      vertex 24.8312 18.2854 -16
    endloop
  endfacet
  facet normal -0.528195 0.849123 0
    outer loop
      vertex 26.488 19.5568 -16
      vertex 26.0435 19.2803 0
      vertex 26.488 19.5568 0
    endloop
  endfacet
  facet normal -0.528195 0.849123 0
    outer loop
      vertex 26.0435 19.2803 0
      vertex 26.488 19.5568 -16
      vertex 26.0435 19.2803 -16
    endloop
  endfacet
  facet normal -0.812855 0.582466 0
    outer loop
      vertex 23.8363 17.0731 -16
      vertex 24.1412 17.4986 0
      vertex 24.1412 17.4986 -16
    endloop
  endfacet
  facet normal -0.812855 0.582466 0
    outer loop
      vertex 24.1412 17.4986 0
      vertex 23.8363 17.0731 -16
      vertex 23.8363 17.0731 0
    endloop
  endfacet
  facet normal -0.910922 0.412579 0
    outer loop
      vertex 23.097 15.69 -16
      vertex 23.313 16.1669 0
      vertex 23.313 16.1669 -16
    endloop
  endfacet
  facet normal -0.910922 0.412579 0
    outer loop
      vertex 23.313 16.1669 0
      vertex 23.097 15.69 -16
      vertex 23.097 15.69 0
    endloop
  endfacet
  facet normal -0.935897 0.352275 0
    outer loop
      vertex 22.9126 15.2001 -16
      vertex 23.097 15.69 0
      vertex 23.097 15.69 -16
    endloop
  endfacet
  facet normal -0.935897 0.352275 0
    outer loop
      vertex 23.097 15.69 0
      vertex 22.9126 15.2001 -16
      vertex 22.9126 15.2001 0
    endloop
  endfacet
  facet normal 0.956981 0.290151 0
    outer loop
      vertex 38.2154 14.6991 0
      vertex 38.0635 15.2001 -16
      vertex 38.0635 15.2001 0
    endloop
  endfacet
  facet normal 0.956981 0.290151 0
    outer loop
      vertex 38.0635 15.2001 -16
      vertex 38.2154 14.6991 0
      vertex 38.2154 14.6991 -16
    endloop
  endfacet
  facet normal 0.935899 -0.352268 0
    outer loop
      vertex 37.8791 9.56709 0
      vertex 38.0635 10.057 -16
      vertex 38.0635 10.057 0
    endloop
  endfacet
  facet normal 0.935899 -0.352268 0
    outer loop
      vertex 38.0635 10.057 -16
      vertex 37.8791 9.56709 0
      vertex 37.8791 9.56709 -16
    endloop
  endfacet
  facet normal 0.995187 -0.0979906 0
    outer loop
      vertex 38.4196 11.5843 0
      vertex 38.4709 12.1053 -16
      vertex 38.4709 12.1053 0
    endloop
  endfacet
  facet normal 0.995187 -0.0979906 0
    outer loop
      vertex 38.4709 12.1053 -16
      vertex 38.4196 11.5843 0
      vertex 38.4196 11.5843 -16
    endloop
  endfacet
  facet normal -0.812874 -0.582439 0
    outer loop
      vertex 24.1412 7.75846 -16
      vertex 23.8363 8.18399 0
      vertex 23.8363 8.18399 -16
    endloop
  endfacet
  facet normal -0.812874 -0.582439 0
    outer loop
      vertex 23.8363 8.18399 0
      vertex 24.1412 7.75846 -16
      vertex 24.1412 7.75846 0
    endloop
  endfacet
  facet normal -0.683586 -0.72987 0
    outer loop
      vertex 24.8312 6.9717 -16
      vertex 25.2133 6.61383 0
      vertex 24.8312 6.9717 0
    endloop
  endfacet
  facet normal -0.683586 -0.72987 -0
    outer loop
      vertex 25.2133 6.61383 0
      vertex 24.8312 6.9717 -16
      vertex 25.2133 6.61383 -16
    endloop
  endfacet
  facet normal 0.683586 -0.72987 0
    outer loop
      vertex 35.7628 6.61383 -16
      vertex 36.1449 6.9717 0
      vertex 35.7628 6.61383 0
    endloop
  endfacet
  facet normal 0.683586 -0.72987 0
    outer loop
      vertex 36.1449 6.9717 0
      vertex 35.7628 6.61383 -16
      vertex 36.1449 6.9717 -16
    endloop
  endfacet
  facet normal 0.729927 -0.683525 0
    outer loop
      vertex 36.1449 6.9717 0
      vertex 36.5027 7.35379 -16
      vertex 36.5027 7.35379 0
    endloop
  endfacet
  facet normal 0.729927 -0.683525 0
    outer loop
      vertex 36.5027 7.35379 -16
      vertex 36.1449 6.9717 0
      vertex 36.1449 6.9717 -16
    endloop
  endfacet
  facet normal 0.849209 0.528057 0
    outer loop
      vertex 37.4162 16.6286 0
      vertex 37.1398 17.0731 -16
      vertex 37.1398 17.0731 0
    endloop
  endfacet
  facet normal 0.849209 0.528057 0
    outer loop
      vertex 37.1398 17.0731 -16
      vertex 37.4162 16.6286 0
      vertex 37.4162 16.6286 -16
    endloop
  endfacet
  facet normal 0.729936 0.683515 0
    outer loop
      vertex 36.5027 17.9033 0
      vertex 36.1449 18.2854 -16
      vertex 36.1449 18.2854 0
    endloop
  endfacet
  facet normal 0.729936 0.683515 0
    outer loop
      vertex 36.1449 18.2854 -16
      vertex 36.5027 17.9033 0
      vertex 36.5027 17.9033 -16
    endloop
  endfacet
  facet normal -0.935899 -0.352268 0
    outer loop
      vertex 23.097 9.56709 -16
      vertex 22.9126 10.057 0
      vertex 22.9126 10.057 -16
    endloop
  endfacet
  facet normal -0.935899 -0.352268 0
    outer loop
      vertex 22.9126 10.057 0
      vertex 23.097 9.56709 -16
      vertex 23.097 9.56709 0
    endloop
  endfacet
  facet normal -0.973864 -0.227133 0
    outer loop
      vertex 22.7606 10.558 -16
      vertex 22.6417 11.0678 0
      vertex 22.6417 11.0678 -16
    endloop
  endfacet
  facet normal -0.973864 -0.227133 0
    outer loop
      vertex 22.6417 11.0678 0
      vertex 22.7606 10.558 -16
      vertex 22.7606 10.558 0
    endloop
  endfacet
  facet normal -0 0 1
    outer loop
      vertex -23.9553 -3.07752 6
      vertex -19.0045 -14.9871 6
      vertex -23.7563 -3.00261 6
    endloop
  endfacet
  facet normal 0 0 1
    outer loop
      vertex -19.0045 -14.9871 6
      vertex -23.9553 -3.07752 6
      vertex -19.1777 -15.0796 6
    endloop
  endfacet
  facet normal -0 0 1
    outer loop
      vertex -24.1588 -3.13926 6
      vertex -19.1777 -15.0796 6
      vertex -23.9553 -3.07752 6
    endloop
  endfacet
  facet normal 0 0 1
    outer loop
      vertex -19.1777 -15.0796 6
      vertex -24.1588 -3.13926 6
      vertex -19.3444 -15.1833 6
    endloop
  endfacet
  facet normal -0 0 1
    outer loop
      vertex -24.366 -3.18755 6
      vertex -19.3444 -15.1833 6
      vertex -24.1588 -3.13926 6
    endloop
  endfacet
  facet normal 0 0 1
    outer loop
      vertex -19.3444 -15.1833 6
      vertex -24.366 -3.18755 6
      vertex -19.504 -15.2976 6
    endloop
  endfacet
  facet normal -0 0 1
    outer loop
      vertex -24.5758 -3.2222 6
      vertex -19.504 -15.2976 6
      vertex -24.366 -3.18755 6
    endloop
  endfacet
  facet normal 0 0 1
    outer loop
      vertex -19.504 -15.2976 6
      vertex -24.5758 -3.2222 6
      vertex -19.6557 -15.4221 6
    endloop
  endfacet
  facet normal -0 0 1
    outer loop
      vertex -24.7874 -3.24304 6
      vertex -19.6557 -15.4221 6
      vertex -24.5758 -3.2222 6
    endloop
  endfacet
  facet normal 0 0 1
    outer loop
      vertex -19.6557 -15.4221 6
      vertex -24.7874 -3.24304 6
      vertex -19.799 -15.5563 6
    endloop
  endfacet
  facet normal -0 0 1
    outer loop
      vertex -25 -3.25 6
      vertex -19.799 -15.5563 6
      vertex -24.7874 -3.24304 6
    endloop
  endfacet
  facet normal 0 0 1
    outer loop
      vertex -19.799 -15.5563 6
      vertex -25 -3.25 6
      vertex -19.9332 -15.6996 6
    endloop
  endfacet
  facet normal 0 0 1
    outer loop
      vertex -25.2126 -3.24304 6
      vertex -19.9332 -15.6996 6
      vertex -25 -3.25 6
    endloop
  endfacet
  facet normal 0 0 1
    outer loop
      vertex -19.9332 -15.6996 6
      vertex -25.2126 -3.24304 6
      vertex -20.0577 -15.8514 6
    endloop
  endfacet
  facet normal 0 0 1
    outer loop
      vertex -25.4242 -3.2222 6
      vertex -20.0577 -15.8514 6
      vertex -25.2126 -3.24304 6
    endloop
  endfacet
  facet normal 0 0 1
    outer loop
      vertex -20.6777 -17.6777 6
      vertex -23.334 -34.9217 6
      vertex -21 -36.3731 6
    endloop
  endfacet
  facet normal 0 0 1
    outer loop
      vertex -20.0577 -15.8514 6
      vertex -25.4242 -3.2222 6
      vertex -20.1721 -16.011 6
    endloop
  endfacet
  facet normal 0 0 1
    outer loop
      vertex -25.634 -3.18755 6
      vertex -20.1721 -16.011 6
      vertex -25.4242 -3.2222 6
    endloop
  endfacet
  facet normal 0 0 1
    outer loop
      vertex -20.1721 -16.011 6
      vertex -25.634 -3.18755 6
      vertex -20.2757 -16.1777 6
    endloop
  endfacet
  facet normal 0 0 1
    outer loop
      vertex -25.8412 -3.13926 6
      vertex -20.2757 -16.1777 6
      vertex -25.634 -3.18755 6
    endloop
  endfacet
  facet normal 0 0 1
    outer loop
      vertex -20.2757 -16.1777 6
      vertex -25.8412 -3.13926 6
      vertex -20.3683 -16.3508 6
    endloop
  endfacet
  facet normal 0 0 1
    outer loop
      vertex -26.0447 -3.07752 6
      vertex -20.3683 -16.3508 6
      vertex -25.8412 -3.13926 6
    endloop
  endfacet
  facet normal 0 0 1
    outer loop
      vertex -20.3683 -16.3508 6
      vertex -26.0447 -3.07752 6
      vertex -20.4493 -16.5296 6
    endloop
  endfacet
  facet normal -0 0 1
    outer loop
      vertex -38.8029 -16.0727 6
      vertex -20.4493 -16.5296 6
      vertex -26.0447 -3.07752 6
    endloop
  endfacet
  facet normal 0 0 1
    outer loop
      vertex -20.4493 -16.5296 6
      vertex -38.8029 -16.0727 6
      vertex -20.5185 -16.7134 6
    endloop
  endfacet
  facet normal 0 -0 1
    outer loop
      vertex -37.6687 -18.5761 6
      vertex -20.5185 -16.7134 6
      vertex -38.8029 -16.0727 6
    endloop
  endfacet
  facet normal 0 0 1
    outer loop
      vertex -20.5185 -16.7134 6
      vertex -37.6687 -18.5761 6
      vertex -20.5754 -16.9012 6
    endloop
  endfacet
  facet normal 0 0 1
    outer loop
      vertex -20.6777 -17.6777 6
      vertex -25.568 -33.3208 6
      vertex -23.334 -34.9217 6
    endloop
  endfacet
  facet normal 0 0 1
    outer loop
      vertex -20.5754 -16.9012 6
      vertex -37.6687 -18.5761 6
      vertex -20.62 -17.0924 6
    endloop
  endfacet
  facet normal 0 0 1
    outer loop
      vertex -20.62 -17.0924 6
      vertex -37.6687 -18.5761 6
      vertex -20.652 -17.2861 6
    endloop
  endfacet
  facet normal 0 -0 1
    outer loop
      vertex -36.3731 -21 6
      vertex -20.652 -17.2861 6
      vertex -37.6687 -18.5761 6
    endloop
  endfacet
  facet normal 0 0 1
    outer loop
      vertex -38.8029 -16.0727 6
      vertex -26.0447 -3.07752 6
      vertex -26.2437 -3.00261 6
    endloop
  endfacet
  facet normal 0 0 1
    outer loop
      vertex -38.8029 -16.0727 6
      vertex -26.2437 -3.00261 6
      vertex -26.4374 -2.91484 6
    endloop
  endfacet
  facet normal 0 0 1
    outer loop
      vertex -39.7711 -13.5005 6
      vertex -26.4374 -2.91484 6
      vertex -26.625 -2.81458 6
    endloop
  endfacet
  facet normal 0 0 1
    outer loop
      vertex -39.7711 -13.5005 6
      vertex -26.625 -2.81458 6
      vertex -26.8056 -2.70228 6
    endloop
  endfacet
  facet normal 0 0 1
    outer loop
      vertex -39.7711 -13.5005 6
      vertex -26.8056 -2.70228 6
      vertex -26.9785 -2.5784 6
    endloop
  endfacet
  facet normal 0 0 1
    outer loop
      vertex -40.5689 -10.8704 6
      vertex -26.9785 -2.5784 6
      vertex -27.1429 -2.44348 6
    endloop
  endfacet
  facet normal 0 0 1
    outer loop
      vertex -40.5689 -10.8704 6
      vertex -27.1429 -2.44348 6
      vertex -27.2981 -2.2981 6
    endloop
  endfacet
  facet normal 0 0 1
    outer loop
      vertex -40.5689 -10.8704 6
      vertex -27.2981 -2.2981 6
      vertex -27.4435 -2.14287 6
    endloop
  endfacet
  facet normal 0 0 1
    outer loop
      vertex -41.193 -8.19379 6
      vertex -27.4435 -2.14287 6
      vertex -27.5784 -1.97847 6
    endloop
  endfacet
  facet normal 0 0 1
    outer loop
      vertex -20.6777 -17.6777 6
      vertex -27.6925 -31.5773 6
      vertex -25.568 -33.3208 6
    endloop
  endfacet
  facet normal 0 0 1
    outer loop
      vertex -41.193 -8.19379 6
      vertex -27.5784 -1.97847 6
      vertex -27.7023 -1.8056 6
    endloop
  endfacet
  facet normal 0 0 1
    outer loop
      vertex -41.193 -8.19379 6
      vertex -27.7023 -1.8056 6
      vertex -27.8146 -1.625 6
    endloop
  endfacet
  facet normal 0 0 1
    outer loop
      vertex -41.6407 -5.4821 6
      vertex -27.8146 -1.625 6
      vertex -27.9148 -1.43744 6
    endloop
  endfacet
  facet normal 0 0 1
    outer loop
      vertex -41.6407 -5.4821 6
      vertex -27.9148 -1.43744 6
      vertex -28.0026 -1.24372 6
    endloop
  endfacet
  facet normal 0 0 1
    outer loop
      vertex -41.6407 -5.4821 6
      vertex -28.0026 -1.24372 6
      vertex -28.0775 -1.04468 6
    endloop
  endfacet
  facet normal 0 0 1
    outer loop
      vertex -41.9101 -2.74693 6
      vertex -28.0775 -1.04468 6
      vertex -28.1393 -0.841162 6
    endloop
  endfacet
  facet normal 0 0 1
    outer loop
      vertex -41.9101 -2.74693 6
      vertex -28.1393 -0.841162 6
      vertex -28.1876 -0.634043 6
    endloop
  endfacet
  facet normal 0 0 1
    outer loop
      vertex -41.9101 -2.74693 6
      vertex -28.1876 -0.634043 6
      vertex -28.2222 -0.42421 6
    endloop
  endfacet
  facet normal 0 0 1
    outer loop
      vertex -42 0 6
      vertex -28.2222 -0.42421 6
      vertex -28.243 -0.21256 6
    endloop
  endfacet
  facet normal -0 0 1
    outer loop
      vertex -42 0 6
      vertex -28.243 -0.21256 6
      vertex -28.25 0 6
    endloop
  endfacet
  facet normal 0 0 1
    outer loop
      vertex -27.7023 1.8056 6
      vertex -41.193 8.19379 6
      vertex -27.8146 1.625 6
    endloop
  endfacet
  facet normal 0 0 1
    outer loop
      vertex -20.6777 -17.6777 6
      vertex -29.6985 -29.6985 6
      vertex -27.6925 -31.5773 6
    endloop
  endfacet
  facet normal -0 0 1
    outer loop
      vertex -41.6407 5.4821 6
      vertex -27.8146 1.625 6
      vertex -41.193 8.19379 6
    endloop
  endfacet
  facet normal 0 0 1
    outer loop
      vertex -20.6777 -17.6777 6
      vertex -31.5773 -27.6925 6
      vertex -29.6985 -29.6985 6
    endloop
  endfacet
  facet normal 0 0 1
    outer loop
      vertex -27.8146 1.625 6
      vertex -41.6407 5.4821 6
      vertex -27.9148 1.43744 6
    endloop
  endfacet
  facet normal 0 0 1
    outer loop
      vertex -20.6777 -17.6777 6
      vertex -33.3208 -25.568 6
      vertex -31.5773 -27.6925 6
    endloop
  endfacet
  facet normal 0 0 1
    outer loop
      vertex -27.9148 1.43744 6
      vertex -41.6407 5.4821 6
      vertex -28.0026 1.24372 6
    endloop
  endfacet
  facet normal 0 0 1
    outer loop
      vertex -20.6777 -17.6777 6
      vertex -34.9217 -23.334 6
      vertex -33.3208 -25.568 6
    endloop
  endfacet
  facet normal 0 0 1
    outer loop
      vertex -28.0026 1.24372 6
      vertex -41.6407 5.4821 6
      vertex -28.0775 1.04468 6
    endloop
  endfacet
  facet normal 0 0 1
    outer loop
      vertex -20.6777 -17.6777 6
      vertex -36.3731 -21 6
      vertex -34.9217 -23.334 6
    endloop
  endfacet
  facet normal -0 0 1
    outer loop
      vertex -41.9101 2.74693 6
      vertex -28.0775 1.04468 6
      vertex -41.6407 5.4821 6
    endloop
  endfacet
  facet normal 0 0 1
    outer loop
      vertex -20.6712 -17.4815 6
      vertex -36.3731 -21 6
      vertex -20.6777 -17.6777 6
    endloop
  endfacet
  facet normal 0 0 1
    outer loop
      vertex -28.0775 1.04468 6
      vertex -41.9101 2.74693 6
      vertex -28.1393 0.841162 6
    endloop
  endfacet
  facet normal 0 0 1
    outer loop
      vertex -20.652 -17.2861 6
      vertex -36.3731 -21 6
      vertex -20.6712 -17.4815 6
    endloop
  endfacet
  facet normal 0 0 1
    outer loop
      vertex -28.1393 0.841162 6
      vertex -41.9101 2.74693 6
      vertex -28.1876 0.634043 6
    endloop
  endfacet
  facet normal 0 0 1
    outer loop
      vertex -26.4374 -2.91484 6
      vertex -39.7711 -13.5005 6
      vertex -38.8029 -16.0727 6
    endloop
  endfacet
  facet normal 0 0 1
    outer loop
      vertex -28.1876 0.634043 6
      vertex -41.9101 2.74693 6
      vertex -28.2222 0.42421 6
    endloop
  endfacet
  facet normal 0 0 1
    outer loop
      vertex -26.9785 -2.5784 6
      vertex -40.5689 -10.8704 6
      vertex -39.7711 -13.5005 6
    endloop
  endfacet
  facet normal 0 0 1
    outer loop
      vertex -42 0 6
      vertex -28.2222 0.42421 6
      vertex -41.9101 2.74693 6
    endloop
  endfacet
  facet normal 0 0 1
    outer loop
      vertex -27.4435 -2.14287 6
      vertex -41.193 -8.19379 6
      vertex -40.5689 -10.8704 6
    endloop
  endfacet
  facet normal 0 0 1
    outer loop
      vertex -28.2222 0.42421 6
      vertex -42 0 6
      vertex -28.243 0.21256 6
    endloop
  endfacet
  facet normal 0 0 1
    outer loop
      vertex -27.8146 -1.625 6
      vertex -41.6407 -5.4821 6
      vertex -41.193 -8.19379 6
    endloop
  endfacet
  facet normal 0 0 1
    outer loop
      vertex -28.243 0.21256 6
      vertex -42 0 6
      vertex -28.25 0 6
    endloop
  endfacet
  facet normal 0 0 1
    outer loop
      vertex -28.0775 -1.04468 6
      vertex -41.9101 -2.74693 6
      vertex -41.6407 -5.4821 6
    endloop
  endfacet
  facet normal 0 0 1
    outer loop
      vertex -28.2222 -0.42421 6
      vertex -42 0 6
      vertex -41.9101 -2.74693 6
    endloop
  endfacet
  facet normal 0 0 1
    outer loop
      vertex -8 -13.8564 6
      vertex -14.6841 -17.4815 6
      vertex -14.6777 -17.6777 6
    endloop
  endfacet
  facet normal 0 0 1
    outer loop
      vertex -13.8564 -8 6
      vertex -14.7033 -17.2861 6
      vertex -14.6841 -17.4815 6
    endloop
  endfacet
  facet normal 0 0 1
    outer loop
      vertex -13.8564 -8 6
      vertex -14.7353 -17.0924 6
      vertex -14.7033 -17.2861 6
    endloop
  endfacet
  facet normal 0 0 1
    outer loop
      vertex -13.8564 -8 6
      vertex -14.7799 -16.9012 6
      vertex -14.7353 -17.0924 6
    endloop
  endfacet
  facet normal 0 0 1
    outer loop
      vertex -18.4541 -14.7799 6
      vertex -14.35 -7.07662 6
      vertex -14.7821 -6.12293 6
    endloop
  endfacet
  facet normal 0 0 1
    outer loop
      vertex -13.8564 -8 6
      vertex -14.8369 -16.7134 6
      vertex -14.7799 -16.9012 6
    endloop
  endfacet
  facet normal 0 0 1
    outer loop
      vertex -13.8564 -8 6
      vertex -14.906 -16.5296 6
      vertex -14.8369 -16.7134 6
    endloop
  endfacet
  facet normal 0 0 1
    outer loop
      vertex -13.8564 -8 6
      vertex -14.9871 -16.3508 6
      vertex -14.906 -16.5296 6
    endloop
  endfacet
  facet normal 0 0 1
    outer loop
      vertex -13.8564 -8 6
      vertex -15.0796 -16.1777 6
      vertex -14.9871 -16.3508 6
    endloop
  endfacet
  facet normal -0 0 1
    outer loop
      vertex -22.1854 -1.625 6
      vertex -15.6926 -3.12144 6
      vertex -22.0852 -1.43744 6
    endloop
  endfacet
  facet normal 0 0 1
    outer loop
      vertex -13.8564 -8 6
      vertex -15.1833 -16.011 6
      vertex -15.0796 -16.1777 6
    endloop
  endfacet
  facet normal 0 0 1
    outer loop
      vertex -13.8564 -8 6
      vertex -15.2976 -15.8514 6
      vertex -15.1833 -16.011 6
    endloop
  endfacet
  facet normal 0 0 1
    outer loop
      vertex -13.8564 -8 6
      vertex -15.4221 -15.6996 6
      vertex -15.2976 -15.8514 6
    endloop
  endfacet
  facet normal -0 0 1
    outer loop
      vertex -21.8607 -0.841162 6
      vertex -15.9657 -1.04645 6
      vertex -21.8124 -0.634043 6
    endloop
  endfacet
  facet normal 0 0 1
    outer loop
      vertex -13.8564 -8 6
      vertex -15.5563 -15.5563 6
      vertex -15.4221 -15.6996 6
    endloop
  endfacet
  facet normal -0 0 1
    outer loop
      vertex -21.8124 -0.634043 6
      vertex -15.9657 -1.04645 6
      vertex -21.7778 -0.42421 6
    endloop
  endfacet
  facet normal 0 0 1
    outer loop
      vertex -13.8564 -8 6
      vertex -15.6996 -15.4221 6
      vertex -15.5563 -15.5563 6
    endloop
  endfacet
  facet normal 0 0 1
    outer loop
      vertex -13.8564 -8 6
      vertex -15.8514 -15.2976 6
      vertex -15.6996 -15.4221 6
    endloop
  endfacet
  facet normal -0 0 1
    outer loop
      vertex -21.7778 -0.42421 6
      vertex -15.9657 -1.04645 6
      vertex -21.757 -0.21256 6
    endloop
  endfacet
  facet normal 0 0 1
    outer loop
      vertex -16 0 6
      vertex -21.757 -0.21256 6
      vertex -15.9657 -1.04645 6
    endloop
  endfacet
  facet normal 0 0 1
    outer loop
      vertex -21.757 -0.21256 6
      vertex -16 0 6
      vertex -21.75 0 6
    endloop
  endfacet
  facet normal 0 0 1
    outer loop
      vertex -13.8564 -8 6
      vertex -16.011 -15.1833 6
      vertex -15.8514 -15.2976 6
    endloop
  endfacet
  facet normal 0 0 1
    outer loop
      vertex 21 -36.3731 6
      vertex 3.24304 -24.7874 6
      vertex 3.25 -25 6
    endloop
  endfacet
  facet normal 0 0 1
    outer loop
      vertex 5.14303 -15.1509 6
      vertex 3.2222 -24.5758 6
      vertex 3.24304 -24.7874 6
    endloop
  endfacet
  facet normal 0 0 1
    outer loop
      vertex 5.14303 -15.1509 6
      vertex 3.18755 -24.366 6
      vertex 3.2222 -24.5758 6
    endloop
  endfacet
  facet normal 0 0 1
    outer loop
      vertex 5.14303 -15.1509 6
      vertex 3.13926 -24.1588 6
      vertex 3.18755 -24.366 6
    endloop
  endfacet
  facet normal 0 0 1
    outer loop
      vertex 1.97847 -22.4216 6
      vertex 4.1411 -15.4548 6
      vertex 3.12144 -15.6926 6
    endloop
  endfacet
  facet normal 0 0 1
    outer loop
      vertex 5.14303 -15.1509 6
      vertex 3.07752 -23.9553 6
      vertex 3.13926 -24.1588 6
    endloop
  endfacet
  facet normal 0 0 1
    outer loop
      vertex 5.14303 -15.1509 6
      vertex 3.00261 -23.7563 6
      vertex 3.07752 -23.9553 6
    endloop
  endfacet
  facet normal 0 0 1
    outer loop
      vertex 5.14303 -15.1509 6
      vertex 2.91484 -23.5626 6
      vertex 3.00261 -23.7563 6
    endloop
  endfacet
  facet normal 0 0 1
    outer loop
      vertex 5.14303 -15.1509 6
      vertex 2.81458 -23.375 6
      vertex 2.91484 -23.5626 6
    endloop
  endfacet
  facet normal 0 0 1
    outer loop
      vertex 5.14303 -15.1509 6
      vertex 2.70228 -23.1944 6
      vertex 2.81458 -23.375 6
    endloop
  endfacet
  facet normal 0 0 1
    outer loop
      vertex 5.14303 -15.1509 6
      vertex 2.5784 -23.0215 6
      vertex 2.70228 -23.1944 6
    endloop
  endfacet
  facet normal 0 0 1
    outer loop
      vertex 5.14303 -15.1509 6
      vertex 2.44348 -22.8571 6
      vertex 2.5784 -23.0215 6
    endloop
  endfacet
  facet normal 0 0 1
    outer loop
      vertex 4.1411 -15.4548 6
      vertex 2.2981 -22.7019 6
      vertex 2.44348 -22.8571 6
    endloop
  endfacet
  facet normal 0 0 1
    outer loop
      vertex 4.1411 -15.4548 6
      vertex 2.14287 -22.5565 6
      vertex 2.2981 -22.7019 6
    endloop
  endfacet
  facet normal 0 0 1
    outer loop
      vertex 1.625 -22.1854 6
      vertex 3.12144 -15.6926 6
      vertex 2.08842 -15.8631 6
    endloop
  endfacet
  facet normal 0 0 1
    outer loop
      vertex 4.1411 -15.4548 6
      vertex 1.97847 -22.4216 6
      vertex 2.14287 -22.5565 6
    endloop
  endfacet
  facet normal 0 0 1
    outer loop
      vertex 3.12144 -15.6926 6
      vertex 1.8056 -22.2977 6
      vertex 1.97847 -22.4216 6
    endloop
  endfacet
  facet normal 0 0 1
    outer loop
      vertex 3.12144 -15.6926 6
      vertex 1.625 -22.1854 6
      vertex 1.8056 -22.2977 6
    endloop
  endfacet
  facet normal 0 0 1
    outer loop
      vertex 2.08842 -15.8631 6
      vertex 1.43744 -22.0852 6
      vertex 1.625 -22.1854 6
    endloop
  endfacet
  facet normal 0 0 1
    outer loop
      vertex 2.08842 -15.8631 6
      vertex 1.24372 -21.9974 6
      vertex 1.43744 -22.0852 6
    endloop
  endfacet
  facet normal 0 0 1
    outer loop
      vertex 1.04468 -21.9225 6
      vertex 2.08842 -15.8631 6
      vertex 1.04645 -15.9657 6
    endloop
  endfacet
  facet normal 0 0 1
    outer loop
      vertex 2.08842 -15.8631 6
      vertex 1.04468 -21.9225 6
      vertex 1.24372 -21.9974 6
    endloop
  endfacet
  facet normal 0 0 1
    outer loop
      vertex 1.04645 -15.9657 6
      vertex 0.841162 -21.8607 6
      vertex 1.04468 -21.9225 6
    endloop
  endfacet
  facet normal 0 0 1
    outer loop
      vertex 1.04645 -15.9657 6
      vertex 0.634043 -21.8124 6
      vertex 0.841162 -21.8607 6
    endloop
  endfacet
  facet normal 0 0 1
    outer loop
      vertex 1.04645 -15.9657 6
      vertex 0.42421 -21.7778 6
      vertex 0.634043 -21.8124 6
    endloop
  endfacet
  facet normal 0 0 1
    outer loop
      vertex 1.04645 -15.9657 6
      vertex 0.21256 -21.757 6
      vertex 0.42421 -21.7778 6
    endloop
  endfacet
  facet normal -0 0 1
    outer loop
      vertex 0 -16 6
      vertex 0.21256 -21.757 6
      vertex 1.04645 -15.9657 6
    endloop
  endfacet
  facet normal 0 0 1
    outer loop
      vertex 0 -16 6
      vertex 0 -21.75 6
      vertex 0.21256 -21.757 6
    endloop
  endfacet
  facet normal 0 0 1
    outer loop
      vertex 0 -16 6
      vertex -0.21256 -21.757 6
      vertex 0 -21.75 6
    endloop
  endfacet
  facet normal 0 0 1
    outer loop
      vertex 0 -16 6
      vertex -0.42421 -21.7778 6
      vertex -0.21256 -21.757 6
    endloop
  endfacet
  facet normal 0 0 1
    outer loop
      vertex -1.04645 -15.9657 6
      vertex -0.42421 -21.7778 6
      vertex 0 -16 6
    endloop
  endfacet
  facet normal 0 0 1
    outer loop
      vertex -0.42421 -21.7778 6
      vertex -1.04645 -15.9657 6
      vertex -0.634043 -21.8124 6
    endloop
  endfacet
  facet normal 0 0 1
    outer loop
      vertex -0.634043 -21.8124 6
      vertex -1.04645 -15.9657 6
      vertex -0.841162 -21.8607 6
    endloop
  endfacet
  facet normal 0 0 1
    outer loop
      vertex -0.841162 -21.8607 6
      vertex -1.04645 -15.9657 6
      vertex -1.04468 -21.9225 6
    endloop
  endfacet
  facet normal 0 0 1
    outer loop
      vertex -2.08842 -15.8631 6
      vertex -1.04468 -21.9225 6
      vertex -1.04645 -15.9657 6
    endloop
  endfacet
  facet normal 0 0 1
    outer loop
      vertex -1.04468 -21.9225 6
      vertex -2.08842 -15.8631 6
      vertex -1.24372 -21.9974 6
    endloop
  endfacet
  facet normal 0 0 1
    outer loop
      vertex -1.24372 -21.9974 6
      vertex -2.08842 -15.8631 6
      vertex -1.43744 -22.0852 6
    endloop
  endfacet
  facet normal 0 0 1
    outer loop
      vertex -1.43744 -22.0852 6
      vertex -2.08842 -15.8631 6
      vertex -1.625 -22.1854 6
    endloop
  endfacet
  facet normal 0 0 1
    outer loop
      vertex -3.12144 -15.6926 6
      vertex -1.625 -22.1854 6
      vertex -2.08842 -15.8631 6
    endloop
  endfacet
  facet normal 0 0 1
    outer loop
      vertex -1.625 -22.1854 6
      vertex -3.12144 -15.6926 6
      vertex -1.8056 -22.2977 6
    endloop
  endfacet
  facet normal 0 0 1
    outer loop
      vertex -1.8056 -22.2977 6
      vertex -3.12144 -15.6926 6
      vertex -1.97847 -22.4216 6
    endloop
  endfacet
  facet normal 0 0 1
    outer loop
      vertex -4.1411 -15.4548 6
      vertex -1.97847 -22.4216 6
      vertex -3.12144 -15.6926 6
    endloop
  endfacet
  facet normal 0 0 1
    outer loop
      vertex -1.97847 -22.4216 6
      vertex -4.1411 -15.4548 6
      vertex -2.14287 -22.5565 6
    endloop
  endfacet
  facet normal 0 0 1
    outer loop
      vertex -2.14287 -22.5565 6
      vertex -4.1411 -15.4548 6
      vertex -2.2981 -22.7019 6
    endloop
  endfacet
  facet normal 0 0 1
    outer loop
      vertex -2.2981 -22.7019 6
      vertex -4.1411 -15.4548 6
      vertex -2.44348 -22.8571 6
    endloop
  endfacet
  facet normal 0 0 1
    outer loop
      vertex -5.14303 -15.1509 6
      vertex -2.44348 -22.8571 6
      vertex -4.1411 -15.4548 6
    endloop
  endfacet
  facet normal 0 0 1
    outer loop
      vertex -2.44348 -22.8571 6
      vertex -5.14303 -15.1509 6
      vertex -2.5784 -23.0215 6
    endloop
  endfacet
  facet normal 0 0 1
    outer loop
      vertex -2.5784 -23.0215 6
      vertex -5.14303 -15.1509 6
      vertex -2.70228 -23.1944 6
    endloop
  endfacet
  facet normal 0 0 1
    outer loop
      vertex -2.70228 -23.1944 6
      vertex -5.14303 -15.1509 6
      vertex -2.81458 -23.375 6
    endloop
  endfacet
  facet normal 0 0 1
    outer loop
      vertex -6.12293 -14.7821 6
      vertex -2.81458 -23.375 6
      vertex -5.14303 -15.1509 6
    endloop
  endfacet
  facet normal 0 0 1
    outer loop
      vertex -2.81458 -23.375 6
      vertex -6.12293 -14.7821 6
      vertex -2.91484 -23.5626 6
    endloop
  endfacet
  facet normal -0 0 1
    outer loop
      vertex -14.8369 -18.642 6
      vertex -2.91484 -23.5626 6
      vertex -6.12293 -14.7821 6
    endloop
  endfacet
  facet normal 0 0 1
    outer loop
      vertex -2.91484 -23.5626 6
      vertex -14.8369 -18.642 6
      vertex -3.00261 -23.7563 6
    endloop
  endfacet
  facet normal -0 0 1
    outer loop
      vertex -14.906 -18.8257 6
      vertex -3.00261 -23.7563 6
      vertex -14.8369 -18.642 6
    endloop
  endfacet
  facet normal 0 0 1
    outer loop
      vertex -3.00261 -23.7563 6
      vertex -14.906 -18.8257 6
      vertex -3.07752 -23.9553 6
    endloop
  endfacet
  facet normal -0 0 1
    outer loop
      vertex -14.9871 -19.0045 6
      vertex -3.07752 -23.9553 6
      vertex -14.906 -18.8257 6
    endloop
  endfacet
  facet normal 0 0 1
    outer loop
      vertex 21.7778 0.42421 6
      vertex 15.9657 1.04645 6
      vertex 16 0 6
    endloop
  endfacet
  facet normal 0 0 1
    outer loop
      vertex 16.1777 15.0796 6
      vertex 15.8631 2.08842 6
      vertex 15.9657 1.04645 6
    endloop
  endfacet
  facet normal 0 0 1
    outer loop
      vertex 12.0294 10.5495 6
      vertex 16.011 15.1833 6
      vertex 15.8514 15.2976 6
    endloop
  endfacet
  facet normal 0 0 1
    outer loop
      vertex 12.0294 10.5495 6
      vertex 15.8514 15.2976 6
      vertex 15.6996 15.4221 6
    endloop
  endfacet
  facet normal 0 0 1
    outer loop
      vertex 16.1777 15.0796 6
      vertex 15.6926 3.12144 6
      vertex 15.8631 2.08842 6
    endloop
  endfacet
  facet normal 0 0 1
    outer loop
      vertex 11.3137 11.3137 6
      vertex 15.6996 15.4221 6
      vertex 15.5563 15.5563 6
    endloop
  endfacet
  facet normal 0 0 1
    outer loop
      vertex 16.1777 15.0796 6
      vertex 15.4548 4.1411 6
      vertex 15.6926 3.12144 6
    endloop
  endfacet
  facet normal 0 0 1
    outer loop
      vertex 11.3137 11.3137 6
      vertex 15.5563 15.5563 6
      vertex 15.4221 15.6996 6
    endloop
  endfacet
  facet normal 0 0 1
    outer loop
      vertex 11.3137 11.3137 6
      vertex 15.4221 15.6996 6
      vertex 15.2976 15.8514 6
    endloop
  endfacet
  facet normal 0 0 1
    outer loop
      vertex 10.5495 12.0294 6
      vertex 15.2976 15.8514 6
      vertex 15.1833 16.011 6
    endloop
  endfacet
  facet normal 0 0 1
    outer loop
      vertex 16.1777 15.0796 6
      vertex 15.1509 5.14303 6
      vertex 15.4548 4.1411 6
    endloop
  endfacet
  facet normal 0 0 1
    outer loop
      vertex 10.5495 12.0294 6
      vertex 15.1833 16.011 6
      vertex 15.0796 16.1777 6
    endloop
  endfacet
  facet normal 0 0 1
    outer loop
      vertex 10.5495 12.0294 6
      vertex 15.0796 16.1777 6
      vertex 14.9871 16.3508 6
    endloop
  endfacet
  facet normal 0 0 1
    outer loop
      vertex 9.74018 12.6937 6
      vertex 14.9871 16.3508 6
      vertex 14.906 16.5296 6
    endloop
  endfacet
  facet normal 0 0 1
    outer loop
      vertex 9.74018 12.6937 6
      vertex 14.906 16.5296 6
      vertex 14.8369 16.7134 6
    endloop
  endfacet
  facet normal 0 0 1
    outer loop
      vertex 16.1777 15.0796 6
      vertex 14.7821 6.12293 6
      vertex 15.1509 5.14303 6
    endloop
  endfacet
  facet normal 0 0 1
    outer loop
      vertex 9.74018 12.6937 6
      vertex 14.8369 16.7134 6
      vertex 14.7799 16.9012 6
    endloop
  endfacet
  facet normal 0 0 1
    outer loop
      vertex 8.88912 13.3035 6
      vertex 14.7799 16.9012 6
      vertex 14.7353 17.0924 6
    endloop
  endfacet
  facet normal 0 0 1
    outer loop
      vertex 8.88912 13.3035 6
      vertex 14.7353 17.0924 6
      vertex 14.7033 17.2861 6
    endloop
  endfacet
  facet normal 0 0 1
    outer loop
      vertex 8.88912 13.3035 6
      vertex 14.7033 17.2861 6
      vertex 14.6841 17.4815 6
    endloop
  endfacet
  facet normal 0 0 1
    outer loop
      vertex 8 13.8564 6
      vertex 14.6841 17.4815 6
      vertex 14.6777 17.6777 6
    endloop
  endfacet
  facet normal 0 0 1
    outer loop
      vertex 16.1777 15.0796 6
      vertex 14.35 7.07662 6
      vertex 14.7821 6.12293 6
    endloop
  endfacet
  facet normal -0 0 1
    outer loop
      vertex 18.642 14.8369 6
      vertex 23.5626 2.91484 6
      vertex 18.8257 14.906 6
    endloop
  endfacet
  facet normal 0 0 1
    outer loop
      vertex 23.5626 2.91484 6
      vertex 18.642 14.8369 6
      vertex 23.375 2.81458 6
    endloop
  endfacet
  facet normal -0 0 1
    outer loop
      vertex 18.4541 14.7799 6
      vertex 23.375 2.81458 6
      vertex 18.642 14.8369 6
    endloop
  endfacet
  facet normal 0 0 1
    outer loop
      vertex 23.375 2.81458 6
      vertex 18.4541 14.7799 6
      vertex 23.1944 2.70228 6
    endloop
  endfacet
  facet normal -0 0 1
    outer loop
      vertex 18.2629 14.7353 6
      vertex 23.1944 2.70228 6
      vertex 18.4541 14.7799 6
    endloop
  endfacet
  facet normal 0 0 1
    outer loop
      vertex 23.1944 2.70228 6
      vertex 18.2629 14.7353 6
      vertex 23.0215 2.5784 6
    endloop
  endfacet
  facet normal -0 0 1
    outer loop
      vertex 18.0692 14.7033 6
      vertex 23.0215 2.5784 6
      vertex 18.2629 14.7353 6
    endloop
  endfacet
  facet normal -0 0 1
    outer loop
      vertex 17.8739 14.6841 6
      vertex 23.0215 2.5784 6
      vertex 18.0692 14.7033 6
    endloop
  endfacet
  facet normal 0 0 1
    outer loop
      vertex 23.0215 2.5784 6
      vertex 17.8739 14.6841 6
      vertex 22.8571 2.44348 6
    endloop
  endfacet
  facet normal 0 0 1
    outer loop
      vertex 15.9657 1.04645 6
      vertex 17.8739 14.6841 6
      vertex 17.6777 14.6777 6
    endloop
  endfacet
  facet normal 0 0 1
    outer loop
      vertex 17.8739 14.6841 6
      vertex 15.9657 1.04645 6
      vertex 22.8571 2.44348 6
    endloop
  endfacet
  facet normal 0 0 1
    outer loop
      vertex 15.9657 1.04645 6
      vertex 17.6777 14.6777 6
      vertex 17.4815 14.6841 6
    endloop
  endfacet
  facet normal 0 0 1
    outer loop
      vertex 22.8571 2.44348 6
      vertex 15.9657 1.04645 6
      vertex 22.7019 2.2981 6
    endloop
  endfacet
  facet normal 0 0 1
    outer loop
      vertex 15.9657 1.04645 6
      vertex 22.4216 1.97847 6
      vertex 22.5565 2.14287 6
    endloop
  endfacet
  facet normal 0 0 1
    outer loop
      vertex 15.9657 1.04645 6
      vertex 22.2977 1.8056 6
      vertex 22.4216 1.97847 6
    endloop
  endfacet
  facet normal 0 0 1
    outer loop
      vertex 15.9657 1.04645 6
      vertex 22.1854 1.625 6
      vertex 22.2977 1.8056 6
    endloop
  endfacet
  facet normal 0 0 1
    outer loop
      vertex 15.9657 1.04645 6
      vertex 22.0852 1.43744 6
      vertex 22.1854 1.625 6
    endloop
  endfacet
  facet normal 0 0 1
    outer loop
      vertex 15.9657 1.04645 6
      vertex 21.9974 1.24372 6
      vertex 22.0852 1.43744 6
    endloop
  endfacet
  facet normal 0 0 1
    outer loop
      vertex 15.9657 1.04645 6
      vertex 21.8607 0.841162 6
      vertex 21.9225 1.04468 6
    endloop
  endfacet
  facet normal 0 0 1
    outer loop
      vertex 21.75 0 6
      vertex 15.9657 -1.04645 6
      vertex 15.8631 -2.08842 6
    endloop
  endfacet
  facet normal 0 0 1
    outer loop
      vertex 15.9657 1.04645 6
      vertex 21.8124 0.634043 6
      vertex 21.8607 0.841162 6
    endloop
  endfacet
  facet normal 0 0 1
    outer loop
      vertex 15.9657 1.04645 6
      vertex 21.7778 0.42421 6
      vertex 21.8124 0.634043 6
    endloop
  endfacet
  facet normal 0 0 1
    outer loop
      vertex 21.757 0.21256 6
      vertex 16 0 6
      vertex 21.75 0 6
    endloop
  endfacet
  facet normal 0 0 1
    outer loop
      vertex 21.7778 0.42421 6
      vertex 16 0 6
      vertex 21.757 0.21256 6
    endloop
  endfacet
  facet normal -0 0 1
    outer loop
      vertex 15.9657 1.04645 6
      vertex 21.9225 1.04468 6
      vertex 21.9974 1.24372 6
    endloop
  endfacet
  facet normal 0 0 1
    outer loop
      vertex 22.7019 2.2981 6
      vertex 15.9657 1.04645 6
      vertex 22.5565 2.14287 6
    endloop
  endfacet
  facet normal 0 0 1
    outer loop
      vertex 15.9657 1.04645 6
      vertex 17.4815 14.6841 6
      vertex 17.2861 14.7033 6
    endloop
  endfacet
  facet normal 0 0 1
    outer loop
      vertex 15.9657 1.04645 6
      vertex 17.2861 14.7033 6
      vertex 17.0924 14.7353 6
    endloop
  endfacet
  facet normal 0 0 1
    outer loop
      vertex 15.9657 1.04645 6
      vertex 17.0924 14.7353 6
      vertex 16.9012 14.7799 6
    endloop
  endfacet
  facet normal 0 0 1
    outer loop
      vertex 15.9657 1.04645 6
      vertex 16.9012 14.7799 6
      vertex 16.7134 14.8369 6
    endloop
  endfacet
  facet normal 0 0 1
    outer loop
      vertex 15.9657 1.04645 6
      vertex 16.7134 14.8369 6
      vertex 16.5296 14.906 6
    endloop
  endfacet
  facet normal 0 0 1
    outer loop
      vertex 15.9657 1.04645 6
      vertex 16.5296 14.906 6
      vertex 16.3508 14.9871 6
    endloop
  endfacet
  facet normal 0 0 1
    outer loop
      vertex 15.9657 1.04645 6
      vertex 16.3508 14.9871 6
      vertex 16.1777 15.0796 6
    endloop
  endfacet
  facet normal 0 0 1
    outer loop
      vertex 21.75 0 6
      vertex 16 0 6
      vertex 15.9657 -1.04645 6
    endloop
  endfacet
  facet normal 0 0 1
    outer loop
      vertex 12.0294 10.5495 6
      vertex 16.1777 15.0796 6
      vertex 16.011 15.1833 6
    endloop
  endfacet
  facet normal 0 0 1
    outer loop
      vertex 15.6926 -3.12144 6
      vertex 21.75 0 6
      vertex 15.8631 -2.08842 6
    endloop
  endfacet
  facet normal 0 0 1
    outer loop
      vertex 15.4548 -4.1411 6
      vertex 21.75 0 6
      vertex 15.6926 -3.12144 6
    endloop
  endfacet
  facet normal 0 0 1
    outer loop
      vertex 15.1509 -5.14303 6
      vertex 21.75 0 6
      vertex 15.4548 -4.1411 6
    endloop
  endfacet
  facet normal 0 0 1
    outer loop
      vertex 14.7821 -6.12293 6
      vertex 21.75 0 6
      vertex 15.1509 -5.14303 6
    endloop
  endfacet
  facet normal 0 0 1
    outer loop
      vertex 14.35 -7.07662 6
      vertex 21.75 0 6
      vertex 14.7821 -6.12293 6
    endloop
  endfacet
  facet normal 0 0 1
    outer loop
      vertex 13.8564 -8 6
      vertex 21.75 0 6
      vertex 14.35 -7.07662 6
    endloop
  endfacet
  facet normal 0 0 1
    outer loop
      vertex 21.75 0 6
      vertex 13.8564 -8 6
      vertex 21 -36.3731 6
    endloop
  endfacet
  facet normal -0 0 1
    outer loop
      vertex 13.3035 -8.88912 6
      vertex 21 -36.3731 6
      vertex 13.8564 -8 6
    endloop
  endfacet
  facet normal -0 0 1
    outer loop
      vertex 12.6937 -9.74018 6
      vertex 21 -36.3731 6
      vertex 13.3035 -8.88912 6
    endloop
  endfacet
  facet normal -0 0 1
    outer loop
      vertex 12.0294 -10.5495 6
      vertex 21 -36.3731 6
      vertex 12.6937 -9.74018 6
    endloop
  endfacet
  facet normal -0 0 1
    outer loop
      vertex 11.3137 -11.3137 6
      vertex 21 -36.3731 6
      vertex 12.0294 -10.5495 6
    endloop
  endfacet
  facet normal -0 0 1
    outer loop
      vertex 10.5495 -12.0294 6
      vertex 21 -36.3731 6
      vertex 11.3137 -11.3137 6
    endloop
  endfacet
  facet normal -0 0 1
    outer loop
      vertex 9.74018 -12.6937 6
      vertex 21 -36.3731 6
      vertex 10.5495 -12.0294 6
    endloop
  endfacet
  facet normal -0 0 1
    outer loop
      vertex 8.88912 -13.3035 6
      vertex 21 -36.3731 6
      vertex 9.74018 -12.6937 6
    endloop
  endfacet
  facet normal -0 0 1
    outer loop
      vertex 3.24304 -24.7874 6
      vertex 21 -36.3731 6
      vertex 8.88912 -13.3035 6
    endloop
  endfacet
  facet normal -0 0 1
    outer loop
      vertex 3.24304 -25.2126 6
      vertex 21 -36.3731 6
      vertex 3.25 -25 6
    endloop
  endfacet
  facet normal 0 0 1
    outer loop
      vertex 21 -36.3731 6
      vertex 3.2222 -25.4242 6
      vertex 18.5761 -37.6687 6
    endloop
  endfacet
  facet normal -0 0 1
    outer loop
      vertex 3.2222 -25.4242 6
      vertex 21 -36.3731 6
      vertex 3.24304 -25.2126 6
    endloop
  endfacet
  facet normal -0 0 1
    outer loop
      vertex 3.13926 -25.8412 6
      vertex 18.5761 -37.6687 6
      vertex 3.18755 -25.634 6
    endloop
  endfacet
  facet normal 0 0 1
    outer loop
      vertex 3.24304 -24.7874 6
      vertex 8.88912 -13.3035 6
      vertex 8 -13.8564 6
    endloop
  endfacet
  facet normal 0 0 1
    outer loop
      vertex 3.24304 -24.7874 6
      vertex 8 -13.8564 6
      vertex 7.07662 -14.35 6
    endloop
  endfacet
  facet normal 0 0 1
    outer loop
      vertex 3.24304 -24.7874 6
      vertex 7.07662 -14.35 6
      vertex 6.12293 -14.7821 6
    endloop
  endfacet
  facet normal 0 0 1
    outer loop
      vertex 18.5761 -37.6687 6
      vertex 3.13926 -25.8412 6
      vertex 16.0727 -38.8029 6
    endloop
  endfacet
  facet normal 0 0 1
    outer loop
      vertex 3.24304 -24.7874 6
      vertex 6.12293 -14.7821 6
      vertex 5.14303 -15.1509 6
    endloop
  endfacet
  facet normal 0 0 1
    outer loop
      vertex 2.44348 -22.8571 6
      vertex 5.14303 -15.1509 6
      vertex 4.1411 -15.4548 6
    endloop
  endfacet
  facet normal -0 0 1
    outer loop
      vertex 3.18755 -25.634 6
      vertex 18.5761 -37.6687 6
      vertex 3.2222 -25.4242 6
    endloop
  endfacet
  facet normal -0 0 1
    outer loop
      vertex 3.07752 -26.0447 6
      vertex 16.0727 -38.8029 6
      vertex 3.13926 -25.8412 6
    endloop
  endfacet
  facet normal -0 0 1
    outer loop
      vertex 3.00261 -26.2437 6
      vertex 16.0727 -38.8029 6
      vertex 3.07752 -26.0447 6
    endloop
  endfacet
  facet normal -0 0 1
    outer loop
      vertex 2.91484 -26.4374 6
      vertex 16.0727 -38.8029 6
      vertex 3.00261 -26.2437 6
    endloop
  endfacet
  facet normal 0 0 1
    outer loop
      vertex 16.0727 -38.8029 6
      vertex 2.91484 -26.4374 6
      vertex 13.5005 -39.7711 6
    endloop
  endfacet
  facet normal -0 0 1
    outer loop
      vertex 2.81458 -26.625 6
      vertex 13.5005 -39.7711 6
      vertex 2.91484 -26.4374 6
    endloop
  endfacet
  facet normal -0 0 1
    outer loop
      vertex 2.70228 -26.8056 6
      vertex 13.5005 -39.7711 6
      vertex 2.81458 -26.625 6
    endloop
  endfacet
  facet normal 0 0 1
    outer loop
      vertex 13.5005 -39.7711 6
      vertex 2.70228 -26.8056 6
      vertex 10.8704 -40.5689 6
    endloop
  endfacet
  facet normal -0 0 1
    outer loop
      vertex 2.5784 -26.9785 6
      vertex 10.8704 -40.5689 6
      vertex 2.70228 -26.8056 6
    endloop
  endfacet
  facet normal -0 0 1
    outer loop
      vertex 2.44348 -27.1429 6
      vertex 10.8704 -40.5689 6
      vertex 2.5784 -26.9785 6
    endloop
  endfacet
  facet normal -0 0 1
    outer loop
      vertex 2.2981 -27.2981 6
      vertex 10.8704 -40.5689 6
      vertex 2.44348 -27.1429 6
    endloop
  endfacet
  facet normal 0 0 1
    outer loop
      vertex 10.8704 -40.5689 6
      vertex 2.2981 -27.2981 6
      vertex 8.19379 -41.193 6
    endloop
  endfacet
  facet normal -0 0 1
    outer loop
      vertex 2.14287 -27.4435 6
      vertex 8.19379 -41.193 6
      vertex 2.2981 -27.2981 6
    endloop
  endfacet
  facet normal -0 0 1
    outer loop
      vertex 1.97847 -27.5784 6
      vertex 8.19379 -41.193 6
      vertex 2.14287 -27.4435 6
    endloop
  endfacet
  facet normal -0 0 1
    outer loop
      vertex 1.8056 -27.7023 6
      vertex 8.19379 -41.193 6
      vertex 1.97847 -27.5784 6
    endloop
  endfacet
  facet normal 0 0 1
    outer loop
      vertex 8.19379 -41.193 6
      vertex 1.8056 -27.7023 6
      vertex 5.4821 -41.6407 6
    endloop
  endfacet
  facet normal -0 0 1
    outer loop
      vertex 1.625 -27.8146 6
      vertex 5.4821 -41.6407 6
      vertex 1.8056 -27.7023 6
    endloop
  endfacet
  facet normal -0 0 1
    outer loop
      vertex 1.43744 -27.9148 6
      vertex 5.4821 -41.6407 6
      vertex 1.625 -27.8146 6
    endloop
  endfacet
  facet normal -0 0 1
    outer loop
      vertex 1.24372 -28.0026 6
      vertex 5.4821 -41.6407 6
      vertex 1.43744 -27.9148 6
    endloop
  endfacet
  facet normal -0 0 1
    outer loop
      vertex 1.04468 -28.0775 6
      vertex 5.4821 -41.6407 6
      vertex 1.24372 -28.0026 6
    endloop
  endfacet
  facet normal 0 0 1
    outer loop
      vertex 5.4821 -41.6407 6
      vertex 1.04468 -28.0775 6
      vertex 2.74693 -41.9101 6
    endloop
  endfacet
  facet normal -0 0 1
    outer loop
      vertex 0.841162 -28.1393 6
      vertex 2.74693 -41.9101 6
      vertex 1.04468 -28.0775 6
    endloop
  endfacet
  facet normal -0 0 1
    outer loop
      vertex 0.634043 -28.1876 6
      vertex 2.74693 -41.9101 6
      vertex 0.841162 -28.1393 6
    endloop
  endfacet
  facet normal -0 0 1
    outer loop
      vertex 0.42421 -28.2222 6
      vertex 2.74693 -41.9101 6
      vertex 0.634043 -28.1876 6
    endloop
  endfacet
  facet normal 0 0 1
    outer loop
      vertex 0 -42 6
      vertex 0.42421 -28.2222 6
      vertex 0.21256 -28.243 6
    endloop
  endfacet
  facet normal 0 0 1
    outer loop
      vertex 0 -42 6
      vertex 0.21256 -28.243 6
      vertex 0 -28.25 6
    endloop
  endfacet
  facet normal 0 0 1
    outer loop
      vertex 0.42421 -28.2222 6
      vertex 0 -42 6
      vertex 2.74693 -41.9101 6
    endloop
  endfacet
  facet normal 0 0 1
    outer loop
      vertex -0.21256 -28.243 6
      vertex 0 -42 6
      vertex 0 -28.25 6
    endloop
  endfacet
  facet normal 0 0 1
    outer loop
      vertex -0.42421 -28.2222 6
      vertex 0 -42 6
      vertex -0.21256 -28.243 6
    endloop
  endfacet
  facet normal 0 0 1
    outer loop
      vertex -2.74693 -41.9101 6
      vertex -0.42421 -28.2222 6
      vertex -0.634043 -28.1876 6
    endloop
  endfacet
  facet normal 0 0 1
    outer loop
      vertex -2.74693 -41.9101 6
      vertex -0.634043 -28.1876 6
      vertex -0.841162 -28.1393 6
    endloop
  endfacet
  facet normal 0 0 1
    outer loop
      vertex -2.74693 -41.9101 6
      vertex -0.841162 -28.1393 6
      vertex -1.04468 -28.0775 6
    endloop
  endfacet
  facet normal 0 0 1
    outer loop
      vertex -5.4821 -41.6407 6
      vertex -1.04468 -28.0775 6
      vertex -1.24372 -28.0026 6
    endloop
  endfacet
  facet normal 0 0 1
    outer loop
      vertex -5.4821 -41.6407 6
      vertex -1.24372 -28.0026 6
      vertex -1.43744 -27.9148 6
    endloop
  endfacet
  facet normal 0 0 1
    outer loop
      vertex -5.4821 -41.6407 6
      vertex -1.43744 -27.9148 6
      vertex -1.625 -27.8146 6
    endloop
  endfacet
  facet normal 0 0 1
    outer loop
      vertex -5.4821 -41.6407 6
      vertex -1.625 -27.8146 6
      vertex -1.8056 -27.7023 6
    endloop
  endfacet
  facet normal 0 0 1
    outer loop
      vertex -8.19379 -41.193 6
      vertex -1.8056 -27.7023 6
      vertex -1.97847 -27.5784 6
    endloop
  endfacet
  facet normal 0 0 1
    outer loop
      vertex -8.19379 -41.193 6
      vertex -1.97847 -27.5784 6
      vertex -2.14287 -27.4435 6
    endloop
  endfacet
  facet normal 0 0 1
    outer loop
      vertex -8.19379 -41.193 6
      vertex -2.14287 -27.4435 6
      vertex -2.2981 -27.2981 6
    endloop
  endfacet
  facet normal 0 0 1
    outer loop
      vertex -10.8704 -40.5689 6
      vertex -2.2981 -27.2981 6
      vertex -2.44348 -27.1429 6
    endloop
  endfacet
  facet normal 0 0 1
    outer loop
      vertex -10.8704 -40.5689 6
      vertex -2.44348 -27.1429 6
      vertex -2.5784 -26.9785 6
    endloop
  endfacet
  facet normal 0 0 1
    outer loop
      vertex -10.8704 -40.5689 6
      vertex -2.5784 -26.9785 6
      vertex -2.70228 -26.8056 6
    endloop
  endfacet
  facet normal 0 0 1
    outer loop
      vertex -0.42421 -28.2222 6
      vertex -2.74693 -41.9101 6
      vertex 0 -42 6
    endloop
  endfacet
  facet normal 0 0 1
    outer loop
      vertex -13.5005 -39.7711 6
      vertex -2.70228 -26.8056 6
      vertex -2.81458 -26.625 6
    endloop
  endfacet
  facet normal 0 0 1
    outer loop
      vertex -13.5005 -39.7711 6
      vertex -2.81458 -26.625 6
      vertex -2.91484 -26.4374 6
    endloop
  endfacet
  facet normal 0 0 1
    outer loop
      vertex -16.0727 -38.8029 6
      vertex -2.91484 -26.4374 6
      vertex -3.00261 -26.2437 6
    endloop
  endfacet
  facet normal 0 0 1
    outer loop
      vertex -16.0727 -38.8029 6
      vertex -3.00261 -26.2437 6
      vertex -3.07752 -26.0447 6
    endloop
  endfacet
  facet normal 0 0 1
    outer loop
      vertex -16.3508 -20.3683 6
      vertex -3.07752 -26.0447 6
      vertex -3.13926 -25.8412 6
    endloop
  endfacet
  facet normal 0 0 1
    outer loop
      vertex -16.1777 -20.2757 6
      vertex -3.13926 -25.8412 6
      vertex -3.18755 -25.634 6
    endloop
  endfacet
  facet normal 0 0 1
    outer loop
      vertex -16.011 -20.1721 6
      vertex -3.18755 -25.634 6
      vertex -3.2222 -25.4242 6
    endloop
  endfacet
  facet normal 0 0 1
    outer loop
      vertex -15.8514 -20.0577 6
      vertex -3.2222 -25.4242 6
      vertex -3.24304 -25.2126 6
    endloop
  endfacet
  facet normal 0 0 1
    outer loop
      vertex -15.6996 -19.9332 6
      vertex -3.24304 -25.2126 6
      vertex -3.25 -25 6
    endloop
  endfacet
  facet normal 0 0 1
    outer loop
      vertex -3.07752 -23.9553 6
      vertex -14.9871 -19.0045 6
      vertex -3.13926 -24.1588 6
    endloop
  endfacet
  facet normal -0 0 1
    outer loop
      vertex -15.0796 -19.1777 6
      vertex -3.13926 -24.1588 6
      vertex -14.9871 -19.0045 6
    endloop
  endfacet
  facet normal 0 0 1
    outer loop
      vertex -1.04468 -28.0775 6
      vertex -5.4821 -41.6407 6
      vertex -2.74693 -41.9101 6
    endloop
  endfacet
  facet normal 0 0 1
    outer loop
      vertex -3.13926 -24.1588 6
      vertex -15.0796 -19.1777 6
      vertex -3.18755 -24.366 6
    endloop
  endfacet
  facet normal 0 0 1
    outer loop
      vertex -14.7799 -18.4541 6
      vertex -6.12293 -14.7821 6
      vertex -7.07662 -14.35 6
    endloop
  endfacet
  facet normal 0 0 1
    outer loop
      vertex -14.6841 -17.8739 6
      vertex -7.07662 -14.35 6
      vertex -8 -13.8564 6
    endloop
  endfacet
  facet normal 0 0 1
    outer loop
      vertex -3.2222 -24.5758 6
      vertex -15.4221 -19.6557 6
      vertex -3.24304 -24.7874 6
    endloop
  endfacet
  facet normal 0 0 1
    outer loop
      vertex -14.6841 -17.4815 6
      vertex -8 -13.8564 6
      vertex -8.88912 -13.3035 6
    endloop
  endfacet
  facet normal 0 0 1
    outer loop
      vertex -14.6841 -17.4815 6
      vertex -8.88912 -13.3035 6
      vertex -9.74018 -12.6937 6
    endloop
  endfacet
  facet normal 0 0 1
    outer loop
      vertex -14.6841 -17.4815 6
      vertex -9.74018 -12.6937 6
      vertex -10.5495 -12.0294 6
    endloop
  endfacet
  facet normal 0 0 1
    outer loop
      vertex -3.18755 -24.366 6
      vertex -15.1833 -19.3444 6
      vertex -3.2222 -24.5758 6
    endloop
  endfacet
  facet normal 0 0 1
    outer loop
      vertex -14.6841 -17.4815 6
      vertex -10.5495 -12.0294 6
      vertex -11.3137 -11.3137 6
    endloop
  endfacet
  facet normal 0 0 1
    outer loop
      vertex -14.6841 -17.4815 6
      vertex -11.3137 -11.3137 6
      vertex -12.0294 -10.5495 6
    endloop
  endfacet
  facet normal 0 0 1
    outer loop
      vertex -14.6841 -17.4815 6
      vertex -12.0294 -10.5495 6
      vertex -12.6937 -9.74018 6
    endloop
  endfacet
  facet normal 0 0 1
    outer loop
      vertex -14.6841 -17.4815 6
      vertex -12.6937 -9.74018 6
      vertex -13.3035 -8.88912 6
    endloop
  endfacet
  facet normal 0 0 1
    outer loop
      vertex -7.07662 -14.35 6
      vertex -14.6841 -17.8739 6
      vertex -14.7033 -18.0692 6
    endloop
  endfacet
  facet normal 0 0 1
    outer loop
      vertex -14.6841 -17.4815 6
      vertex -13.3035 -8.88912 6
      vertex -13.8564 -8 6
    endloop
  endfacet
  facet normal 0 0 1
    outer loop
      vertex -17.8739 -14.6841 6
      vertex -13.8564 -8 6
      vertex -14.35 -7.07662 6
    endloop
  endfacet
  facet normal 0 0 1
    outer loop
      vertex -8 -13.8564 6
      vertex -14.6777 -17.6777 6
      vertex -14.6841 -17.8739 6
    endloop
  endfacet
  facet normal 0 0 1
    outer loop
      vertex -7.07662 -14.35 6
      vertex -14.7033 -18.0692 6
      vertex -14.7353 -18.2629 6
    endloop
  endfacet
  facet normal 0 0 1
    outer loop
      vertex -7.07662 -14.35 6
      vertex -14.7353 -18.2629 6
      vertex -14.7799 -18.4541 6
    endloop
  endfacet
  facet normal 0 0 1
    outer loop
      vertex -6.12293 -14.7821 6
      vertex -14.7799 -18.4541 6
      vertex -14.8369 -18.642 6
    endloop
  endfacet
  facet normal -0 0 1
    outer loop
      vertex -15.1833 -19.3444 6
      vertex -3.18755 -24.366 6
      vertex -15.0796 -19.1777 6
    endloop
  endfacet
  facet normal -0 0 1
    outer loop
      vertex -15.2976 -19.504 6
      vertex -3.2222 -24.5758 6
      vertex -15.1833 -19.3444 6
    endloop
  endfacet
  facet normal -0 0 1
    outer loop
      vertex -15.4221 -19.6557 6
      vertex -3.2222 -24.5758 6
      vertex -15.2976 -19.504 6
    endloop
  endfacet
  facet normal -0 0 1
    outer loop
      vertex -15.5563 -19.799 6
      vertex -3.24304 -24.7874 6
      vertex -15.4221 -19.6557 6
    endloop
  endfacet
  facet normal 0 0 1
    outer loop
      vertex -1.8056 -27.7023 6
      vertex -8.19379 -41.193 6
      vertex -5.4821 -41.6407 6
    endloop
  endfacet
  facet normal 0 0 1
    outer loop
      vertex -3.24304 -24.7874 6
      vertex -15.5563 -19.799 6
      vertex -3.25 -25 6
    endloop
  endfacet
  facet normal -0 0 1
    outer loop
      vertex -15.6996 -19.9332 6
      vertex -3.25 -25 6
      vertex -15.5563 -19.799 6
    endloop
  endfacet
  facet normal 0 0 1
    outer loop
      vertex -2.2981 -27.2981 6
      vertex -10.8704 -40.5689 6
      vertex -8.19379 -41.193 6
    endloop
  endfacet
  facet normal 0 0 1
    outer loop
      vertex -3.24304 -25.2126 6
      vertex -15.6996 -19.9332 6
      vertex -15.8514 -20.0577 6
    endloop
  endfacet
  facet normal 0 0 1
    outer loop
      vertex -3.2222 -25.4242 6
      vertex -15.8514 -20.0577 6
      vertex -16.011 -20.1721 6
    endloop
  endfacet
  facet normal 0 0 1
    outer loop
      vertex -2.70228 -26.8056 6
      vertex -13.5005 -39.7711 6
      vertex -10.8704 -40.5689 6
    endloop
  endfacet
  facet normal 0 0 1
    outer loop
      vertex -3.18755 -25.634 6
      vertex -16.011 -20.1721 6
      vertex -16.1777 -20.2757 6
    endloop
  endfacet
  facet normal 0 0 1
    outer loop
      vertex -3.13926 -25.8412 6
      vertex -16.1777 -20.2757 6
      vertex -16.3508 -20.3683 6
    endloop
  endfacet
  facet normal 0 0 1
    outer loop
      vertex -2.91484 -26.4374 6
      vertex -16.0727 -38.8029 6
      vertex -13.5005 -39.7711 6
    endloop
  endfacet
  facet normal -0 0 1
    outer loop
      vertex -16.5296 -20.4493 6
      vertex -3.07752 -26.0447 6
      vertex -16.3508 -20.3683 6
    endloop
  endfacet
  facet normal 0 0 1
    outer loop
      vertex -3.07752 -26.0447 6
      vertex -16.5296 -20.4493 6
      vertex -16.0727 -38.8029 6
    endloop
  endfacet
  facet normal -0 0 1
    outer loop
      vertex -16.7134 -20.5185 6
      vertex -16.0727 -38.8029 6
      vertex -16.5296 -20.4493 6
    endloop
  endfacet
  facet normal 0 0 1
    outer loop
      vertex -18.5761 -37.6687 6
      vertex -16.7134 -20.5185 6
      vertex -16.9012 -20.5754 6
    endloop
  endfacet
  facet normal 0 0 1
    outer loop
      vertex -18.5761 -37.6687 6
      vertex -16.9012 -20.5754 6
      vertex -17.0924 -20.62 6
    endloop
  endfacet
  facet normal 0 0 1
    outer loop
      vertex -18.5761 -37.6687 6
      vertex -17.0924 -20.62 6
      vertex -17.2861 -20.652 6
    endloop
  endfacet
  facet normal 0 0 1
    outer loop
      vertex -21 -36.3731 6
      vertex -17.2861 -20.652 6
      vertex -17.4815 -20.6712 6
    endloop
  endfacet
  facet normal 0 0 1
    outer loop
      vertex -21 -36.3731 6
      vertex -17.4815 -20.6712 6
      vertex -17.6777 -20.6777 6
    endloop
  endfacet
  facet normal 0 0 1
    outer loop
      vertex -21 -36.3731 6
      vertex -17.6777 -20.6777 6
      vertex -17.8739 -20.6712 6
    endloop
  endfacet
  facet normal 0 0 1
    outer loop
      vertex -21 -36.3731 6
      vertex -17.8739 -20.6712 6
      vertex -18.0692 -20.652 6
    endloop
  endfacet
  facet normal 0 0 1
    outer loop
      vertex -21 -36.3731 6
      vertex -18.0692 -20.652 6
      vertex -18.2629 -20.62 6
    endloop
  endfacet
  facet normal 0 0 1
    outer loop
      vertex -21 -36.3731 6
      vertex -18.2629 -20.62 6
      vertex -18.4541 -20.5754 6
    endloop
  endfacet
  facet normal 0 0 1
    outer loop
      vertex -16.7134 -20.5185 6
      vertex -18.5761 -37.6687 6
      vertex -16.0727 -38.8029 6
    endloop
  endfacet
  facet normal 0 0 1
    outer loop
      vertex -21 -36.3731 6
      vertex -18.4541 -20.5754 6
      vertex -18.642 -20.5185 6
    endloop
  endfacet
  facet normal 0 0 1
    outer loop
      vertex -21 -36.3731 6
      vertex -18.642 -20.5185 6
      vertex -18.8257 -20.4493 6
    endloop
  endfacet
  facet normal 0 0 1
    outer loop
      vertex -21 -36.3731 6
      vertex -18.8257 -20.4493 6
      vertex -19.0045 -20.3683 6
    endloop
  endfacet
  facet normal 0 0 1
    outer loop
      vertex -21 -36.3731 6
      vertex -19.0045 -20.3683 6
      vertex -19.1777 -20.2757 6
    endloop
  endfacet
  facet normal 0 0 1
    outer loop
      vertex -21 -36.3731 6
      vertex -19.1777 -20.2757 6
      vertex -19.3444 -20.1721 6
    endloop
  endfacet
  facet normal 0 0 1
    outer loop
      vertex -21 -36.3731 6
      vertex -19.3444 -20.1721 6
      vertex -19.504 -20.0577 6
    endloop
  endfacet
  facet normal 0 0 1
    outer loop
      vertex -21 -36.3731 6
      vertex -19.504 -20.0577 6
      vertex -19.6557 -19.9332 6
    endloop
  endfacet
  facet normal 0 0 1
    outer loop
      vertex -21 -36.3731 6
      vertex -19.6557 -19.9332 6
      vertex -19.799 -19.799 6
    endloop
  endfacet
  facet normal 0 0 1
    outer loop
      vertex -21 -36.3731 6
      vertex -19.799 -19.799 6
      vertex -19.9332 -19.6557 6
    endloop
  endfacet
  facet normal 0 0 1
    outer loop
      vertex -21 -36.3731 6
      vertex -19.9332 -19.6557 6
      vertex -20.0577 -19.504 6
    endloop
  endfacet
  facet normal 0 0 1
    outer loop
      vertex -21 -36.3731 6
      vertex -20.0577 -19.504 6
      vertex -20.1721 -19.3444 6
    endloop
  endfacet
  facet normal 0 0 1
    outer loop
      vertex -21 -36.3731 6
      vertex -20.1721 -19.3444 6
      vertex -20.2757 -19.1777 6
    endloop
  endfacet
  facet normal 0 0 1
    outer loop
      vertex -21 -36.3731 6
      vertex -20.2757 -19.1777 6
      vertex -20.3683 -19.0045 6
    endloop
  endfacet
  facet normal 0 0 1
    outer loop
      vertex -21 -36.3731 6
      vertex -20.3683 -19.0045 6
      vertex -20.4493 -18.8257 6
    endloop
  endfacet
  facet normal 0 0 1
    outer loop
      vertex -21 -36.3731 6
      vertex -20.4493 -18.8257 6
      vertex -20.5185 -18.642 6
    endloop
  endfacet
  facet normal 0 0 1
    outer loop
      vertex -21 -36.3731 6
      vertex -20.5185 -18.642 6
      vertex -20.5754 -18.4541 6
    endloop
  endfacet
  facet normal 0 0 1
    outer loop
      vertex -21 -36.3731 6
      vertex -20.5754 -18.4541 6
      vertex -20.62 -18.2629 6
    endloop
  endfacet
  facet normal 0 0 1
    outer loop
      vertex -21 -36.3731 6
      vertex -20.62 -18.2629 6
      vertex -20.652 -18.0692 6
    endloop
  endfacet
  facet normal 0 0 1
    outer loop
      vertex -17.2861 -20.652 6
      vertex -21 -36.3731 6
      vertex -18.5761 -37.6687 6
    endloop
  endfacet
  facet normal 0 0 1
    outer loop
      vertex -20.6712 -17.8739 6
      vertex -21 -36.3731 6
      vertex -20.652 -18.0692 6
    endloop
  endfacet
  facet normal 0 0 1
    outer loop
      vertex -20.6777 -17.6777 6
      vertex -21 -36.3731 6
      vertex -20.6712 -17.8739 6
    endloop
  endfacet
  facet normal -0 0 1
    outer loop
      vertex -23.7563 -3.00261 6
      vertex -18.8257 -14.906 6
      vertex -23.5626 -2.91484 6
    endloop
  endfacet
  facet normal 0 0 1
    outer loop
      vertex -18.8257 -14.906 6
      vertex -23.7563 -3.00261 6
      vertex -19.0045 -14.9871 6
    endloop
  endfacet
  facet normal 0 0 1
    outer loop
      vertex -21 36.3731 6
      vertex -21.757 0.21256 6
      vertex -21.75 0 6
    endloop
  endfacet
  facet normal 0 0 1
    outer loop
      vertex -21 36.3731 6
      vertex -21.7778 0.42421 6
      vertex -21.757 0.21256 6
    endloop
  endfacet
  facet normal 0 0 1
    outer loop
      vertex -21 36.3731 6
      vertex -21.8124 0.634043 6
      vertex -21.7778 0.42421 6
    endloop
  endfacet
  facet normal 0 0 1
    outer loop
      vertex -21 36.3731 6
      vertex -21.8607 0.841162 6
      vertex -21.8124 0.634043 6
    endloop
  endfacet
  facet normal 0 0 1
    outer loop
      vertex -21 36.3731 6
      vertex -21.9225 1.04468 6
      vertex -21.8607 0.841162 6
    endloop
  endfacet
  facet normal 0 0 1
    outer loop
      vertex -21 36.3731 6
      vertex -21.9974 1.24372 6
      vertex -21.9225 1.04468 6
    endloop
  endfacet
  facet normal 0 0 1
    outer loop
      vertex -21 36.3731 6
      vertex -22.0852 1.43744 6
      vertex -21.9974 1.24372 6
    endloop
  endfacet
  facet normal 0 0 1
    outer loop
      vertex -21 36.3731 6
      vertex -22.1854 1.625 6
      vertex -22.0852 1.43744 6
    endloop
  endfacet
  facet normal 0 0 1
    outer loop
      vertex -21 36.3731 6
      vertex -22.2977 1.8056 6
      vertex -22.1854 1.625 6
    endloop
  endfacet
  facet normal 0 0 1
    outer loop
      vertex -21 36.3731 6
      vertex -22.4216 1.97847 6
      vertex -22.2977 1.8056 6
    endloop
  endfacet
  facet normal 0 0 1
    outer loop
      vertex -21 36.3731 6
      vertex -22.5565 2.14287 6
      vertex -22.4216 1.97847 6
    endloop
  endfacet
  facet normal 0 0 1
    outer loop
      vertex -21 36.3731 6
      vertex -22.7019 2.2981 6
      vertex -22.5565 2.14287 6
    endloop
  endfacet
  facet normal 0 0 1
    outer loop
      vertex -21 36.3731 6
      vertex -22.8571 2.44348 6
      vertex -22.7019 2.2981 6
    endloop
  endfacet
  facet normal 0 0 1
    outer loop
      vertex -21 36.3731 6
      vertex -23.0215 2.5784 6
      vertex -22.8571 2.44348 6
    endloop
  endfacet
  facet normal 0 0 1
    outer loop
      vertex -21 36.3731 6
      vertex -23.1944 2.70228 6
      vertex -23.0215 2.5784 6
    endloop
  endfacet
  facet normal -0 0 1
    outer loop
      vertex -23.334 34.9217 6
      vertex -23.1944 2.70228 6
      vertex -21 36.3731 6
    endloop
  endfacet
  facet normal 0 0 1
    outer loop
      vertex -23.334 34.9217 6
      vertex -23.375 2.81458 6
      vertex -23.1944 2.70228 6
    endloop
  endfacet
  facet normal -0 0 1
    outer loop
      vertex -25.568 33.3208 6
      vertex -23.375 2.81458 6
      vertex -23.334 34.9217 6
    endloop
  endfacet
  facet normal 0 0 1
    outer loop
      vertex -23.375 2.81458 6
      vertex -25.568 33.3208 6
      vertex -23.5626 2.91484 6
    endloop
  endfacet
  facet normal -0 0 1
    outer loop
      vertex -27.6925 31.5773 6
      vertex -23.5626 2.91484 6
      vertex -25.568 33.3208 6
    endloop
  endfacet
  facet normal 0 0 1
    outer loop
      vertex -23.5626 2.91484 6
      vertex -27.6925 31.5773 6
      vertex -23.7563 3.00261 6
    endloop
  endfacet
  facet normal -0 0 1
    outer loop
      vertex -29.6985 29.6985 6
      vertex -23.7563 3.00261 6
      vertex -27.6925 31.5773 6
    endloop
  endfacet
  facet normal 0 0 1
    outer loop
      vertex -23.7563 3.00261 6
      vertex -29.6985 29.6985 6
      vertex -23.9553 3.07752 6
    endloop
  endfacet
  facet normal -0 0 1
    outer loop
      vertex -31.5773 27.6925 6
      vertex -23.9553 3.07752 6
      vertex -29.6985 29.6985 6
    endloop
  endfacet
  facet normal 0 0 1
    outer loop
      vertex -23.9553 3.07752 6
      vertex -31.5773 27.6925 6
      vertex -24.1588 3.13926 6
    endloop
  endfacet
  facet normal 0 0 1
    outer loop
      vertex -24.1588 3.13926 6
      vertex -31.5773 27.6925 6
      vertex -24.366 3.18755 6
    endloop
  endfacet
  facet normal -0 0 1
    outer loop
      vertex -33.3208 25.568 6
      vertex -24.366 3.18755 6
      vertex -31.5773 27.6925 6
    endloop
  endfacet
  facet normal 0 0 1
    outer loop
      vertex -24.366 3.18755 6
      vertex -33.3208 25.568 6
      vertex -24.5758 3.2222 6
    endloop
  endfacet
  facet normal -0 0 1
    outer loop
      vertex -34.9217 23.334 6
      vertex -24.5758 3.2222 6
      vertex -33.3208 25.568 6
    endloop
  endfacet
  facet normal 0 0 1
    outer loop
      vertex -24.5758 3.2222 6
      vertex -34.9217 23.334 6
      vertex -24.7874 3.24304 6
    endloop
  endfacet
  facet normal 0 0 1
    outer loop
      vertex -24.7874 3.24304 6
      vertex -34.9217 23.334 6
      vertex -25 3.25 6
    endloop
  endfacet
  facet normal -0 0 1
    outer loop
      vertex -36.3731 21 6
      vertex -25 3.25 6
      vertex -34.9217 23.334 6
    endloop
  endfacet
  facet normal 0 0 1
    outer loop
      vertex -25 3.25 6
      vertex -36.3731 21 6
      vertex -25.2126 3.24304 6
    endloop
  endfacet
  facet normal 0 0 1
    outer loop
      vertex -25.2126 3.24304 6
      vertex -36.3731 21 6
      vertex -25.4242 3.2222 6
    endloop
  endfacet
  facet normal -0 0 1
    outer loop
      vertex -37.6687 18.5761 6
      vertex -25.4242 3.2222 6
      vertex -36.3731 21 6
    endloop
  endfacet
  facet normal 0 0 1
    outer loop
      vertex -25.4242 3.2222 6
      vertex -37.6687 18.5761 6
      vertex -25.634 3.18755 6
    endloop
  endfacet
  facet normal 0 0 1
    outer loop
      vertex -25.634 3.18755 6
      vertex -37.6687 18.5761 6
      vertex -25.8412 3.13926 6
    endloop
  endfacet
  facet normal 0 0 1
    outer loop
      vertex -25.8412 3.13926 6
      vertex -37.6687 18.5761 6
      vertex -26.0447 3.07752 6
    endloop
  endfacet
  facet normal -0 0 1
    outer loop
      vertex -38.8029 16.0727 6
      vertex -26.0447 3.07752 6
      vertex -37.6687 18.5761 6
    endloop
  endfacet
  facet normal 0 0 1
    outer loop
      vertex -26.0447 3.07752 6
      vertex -38.8029 16.0727 6
      vertex -26.2437 3.00261 6
    endloop
  endfacet
  facet normal 0 0 1
    outer loop
      vertex -26.2437 3.00261 6
      vertex -38.8029 16.0727 6
      vertex -26.4374 2.91484 6
    endloop
  endfacet
  facet normal -0 0 1
    outer loop
      vertex -39.7711 13.5005 6
      vertex -26.4374 2.91484 6
      vertex -38.8029 16.0727 6
    endloop
  endfacet
  facet normal 0 0 1
    outer loop
      vertex -26.4374 2.91484 6
      vertex -39.7711 13.5005 6
      vertex -26.625 2.81458 6
    endloop
  endfacet
  facet normal 0 0 1
    outer loop
      vertex -26.625 2.81458 6
      vertex -39.7711 13.5005 6
      vertex -26.8056 2.70228 6
    endloop
  endfacet
  facet normal 0 0 1
    outer loop
      vertex -26.8056 2.70228 6
      vertex -39.7711 13.5005 6
      vertex -26.9785 2.5784 6
    endloop
  endfacet
  facet normal -0 0 1
    outer loop
      vertex -40.5689 10.8704 6
      vertex -26.9785 2.5784 6
      vertex -39.7711 13.5005 6
    endloop
  endfacet
  facet normal 0 0 1
    outer loop
      vertex -26.9785 2.5784 6
      vertex -40.5689 10.8704 6
      vertex -27.1429 2.44348 6
    endloop
  endfacet
  facet normal 0 0 1
    outer loop
      vertex -27.1429 2.44348 6
      vertex -40.5689 10.8704 6
      vertex -27.2981 2.2981 6
    endloop
  endfacet
  facet normal 0 0 1
    outer loop
      vertex -27.2981 2.2981 6
      vertex -40.5689 10.8704 6
      vertex -27.4435 2.14287 6
    endloop
  endfacet
  facet normal -0 0 1
    outer loop
      vertex -41.193 8.19379 6
      vertex -27.4435 2.14287 6
      vertex -40.5689 10.8704 6
    endloop
  endfacet
  facet normal 0 0 1
    outer loop
      vertex -27.4435 2.14287 6
      vertex -41.193 8.19379 6
      vertex -27.5784 1.97847 6
    endloop
  endfacet
  facet normal 0 0 1
    outer loop
      vertex -27.5784 1.97847 6
      vertex -41.193 8.19379 6
      vertex -27.7023 1.8056 6
    endloop
  endfacet
  facet normal 0 0 1
    outer loop
      vertex 14.9871 19.0045 6
      vertex 3.07752 23.9553 6
      vertex 14.906 18.8257 6
    endloop
  endfacet
  facet normal -0 0 1
    outer loop
      vertex 3.00261 23.7563 6
      vertex 14.906 18.8257 6
      vertex 3.07752 23.9553 6
    endloop
  endfacet
  facet normal 0 0 1
    outer loop
      vertex 14.906 18.8257 6
      vertex 3.00261 23.7563 6
      vertex 14.8369 18.642 6
    endloop
  endfacet
  facet normal -0 0 1
    outer loop
      vertex 2.91484 23.5626 6
      vertex 14.8369 18.642 6
      vertex 3.00261 23.7563 6
    endloop
  endfacet
  facet normal 0 0 1
    outer loop
      vertex 14.8369 18.642 6
      vertex 2.91484 23.5626 6
      vertex 6.12293 14.7821 6
    endloop
  endfacet
  facet normal -0 0 1
    outer loop
      vertex 2.81458 23.375 6
      vertex 6.12293 14.7821 6
      vertex 2.91484 23.5626 6
    endloop
  endfacet
  facet normal 0 0 1
    outer loop
      vertex 6.12293 14.7821 6
      vertex 2.81458 23.375 6
      vertex 5.14303 15.1509 6
    endloop
  endfacet
  facet normal -0 0 1
    outer loop
      vertex 2.70228 23.1944 6
      vertex 5.14303 15.1509 6
      vertex 2.81458 23.375 6
    endloop
  endfacet
  facet normal -0 0 1
    outer loop
      vertex 2.5784 23.0215 6
      vertex 5.14303 15.1509 6
      vertex 2.70228 23.1944 6
    endloop
  endfacet
  facet normal -0 0 1
    outer loop
      vertex 2.44348 22.8571 6
      vertex 5.14303 15.1509 6
      vertex 2.5784 23.0215 6
    endloop
  endfacet
  facet normal 0 0 1
    outer loop
      vertex 5.14303 15.1509 6
      vertex 2.44348 22.8571 6
      vertex 4.1411 15.4548 6
    endloop
  endfacet
  facet normal -0 0 1
    outer loop
      vertex 2.2981 22.7019 6
      vertex 4.1411 15.4548 6
      vertex 2.44348 22.8571 6
    endloop
  endfacet
  facet normal -0 0 1
    outer loop
      vertex 2.14287 22.5565 6
      vertex 4.1411 15.4548 6
      vertex 2.2981 22.7019 6
    endloop
  endfacet
  facet normal -0 0 1
    outer loop
      vertex 1.97847 22.4216 6
      vertex 4.1411 15.4548 6
      vertex 2.14287 22.5565 6
    endloop
  endfacet
  facet normal 0 0 1
    outer loop
      vertex 4.1411 15.4548 6
      vertex 1.97847 22.4216 6
      vertex 3.12144 15.6926 6
    endloop
  endfacet
  facet normal -0 0 1
    outer loop
      vertex 1.8056 22.2977 6
      vertex 3.12144 15.6926 6
      vertex 1.97847 22.4216 6
    endloop
  endfacet
  facet normal -0 0 1
    outer loop
      vertex 1.625 22.1854 6
      vertex 3.12144 15.6926 6
      vertex 1.8056 22.2977 6
    endloop
  endfacet
  facet normal 0 0 1
    outer loop
      vertex 3.12144 15.6926 6
      vertex 1.625 22.1854 6
      vertex 2.08842 15.8631 6
    endloop
  endfacet
  facet normal -0 0 1
    outer loop
      vertex 1.43744 22.0852 6
      vertex 2.08842 15.8631 6
      vertex 1.625 22.1854 6
    endloop
  endfacet
  facet normal -0 0 1
    outer loop
      vertex 1.24372 21.9974 6
      vertex 2.08842 15.8631 6
      vertex 1.43744 22.0852 6
    endloop
  endfacet
  facet normal -0 0 1
    outer loop
      vertex 1.04468 21.9225 6
      vertex 2.08842 15.8631 6
      vertex 1.24372 21.9974 6
    endloop
  endfacet
  facet normal 0 0 1
    outer loop
      vertex 2.08842 15.8631 6
      vertex 1.04468 21.9225 6
      vertex 1.04645 15.9657 6
    endloop
  endfacet
  facet normal -0 0 1
    outer loop
      vertex 0.841162 21.8607 6
      vertex 1.04645 15.9657 6
      vertex 1.04468 21.9225 6
    endloop
  endfacet
  facet normal -0 0 1
    outer loop
      vertex 0.634043 21.8124 6
      vertex 1.04645 15.9657 6
      vertex 0.841162 21.8607 6
    endloop
  endfacet
  facet normal -0 0 1
    outer loop
      vertex 0.42421 21.7778 6
      vertex 1.04645 15.9657 6
      vertex 0.634043 21.8124 6
    endloop
  endfacet
  facet normal -0 0 1
    outer loop
      vertex 0.21256 21.757 6
      vertex 1.04645 15.9657 6
      vertex 0.42421 21.7778 6
    endloop
  endfacet
  facet normal 0 0 1
    outer loop
      vertex 0 16 6
      vertex 0.21256 21.757 6
      vertex 0 21.75 6
    endloop
  endfacet
  facet normal 0 0 1
    outer loop
      vertex 0.21256 21.757 6
      vertex 0 16 6
      vertex 1.04645 15.9657 6
    endloop
  endfacet
  facet normal 0 0 1
    outer loop
      vertex -0.21256 21.757 6
      vertex 0 16 6
      vertex 0 21.75 6
    endloop
  endfacet
  facet normal 0 0 1
    outer loop
      vertex -0.42421 21.7778 6
      vertex 0 16 6
      vertex -0.21256 21.757 6
    endloop
  endfacet
  facet normal 0 0 1
    outer loop
      vertex -1.04645 15.9657 6
      vertex -0.42421 21.7778 6
      vertex -0.634043 21.8124 6
    endloop
  endfacet
  facet normal 0 0 1
    outer loop
      vertex -1.04645 15.9657 6
      vertex -0.634043 21.8124 6
      vertex -0.841162 21.8607 6
    endloop
  endfacet
  facet normal 0 0 1
    outer loop
      vertex -1.04645 15.9657 6
      vertex -0.841162 21.8607 6
      vertex -1.04468 21.9225 6
    endloop
  endfacet
  facet normal 0 0 1
    outer loop
      vertex -0.42421 21.7778 6
      vertex -1.04645 15.9657 6
      vertex 0 16 6
    endloop
  endfacet
  facet normal 0 0 1
    outer loop
      vertex -2.08842 15.8631 6
      vertex -1.04468 21.9225 6
      vertex -1.24372 21.9974 6
    endloop
  endfacet
  facet normal 0 0 1
    outer loop
      vertex -2.08842 15.8631 6
      vertex -1.24372 21.9974 6
      vertex -1.43744 22.0852 6
    endloop
  endfacet
  facet normal 0 0 1
    outer loop
      vertex -2.08842 15.8631 6
      vertex -1.43744 22.0852 6
      vertex -1.625 22.1854 6
    endloop
  endfacet
  facet normal 0 0 1
    outer loop
      vertex -3.12144 15.6926 6
      vertex -1.625 22.1854 6
      vertex -1.8056 22.2977 6
    endloop
  endfacet
  facet normal 0 0 1
    outer loop
      vertex -3.12144 15.6926 6
      vertex -1.8056 22.2977 6
      vertex -1.97847 22.4216 6
    endloop
  endfacet
  facet normal 0 0 1
    outer loop
      vertex -1.04468 21.9225 6
      vertex -2.08842 15.8631 6
      vertex -1.04645 15.9657 6
    endloop
  endfacet
  facet normal 0 0 1
    outer loop
      vertex -4.1411 15.4548 6
      vertex -1.97847 22.4216 6
      vertex -2.14287 22.5565 6
    endloop
  endfacet
  facet normal 0 0 1
    outer loop
      vertex -4.1411 15.4548 6
      vertex -2.14287 22.5565 6
      vertex -2.2981 22.7019 6
    endloop
  endfacet
  facet normal 0 0 1
    outer loop
      vertex -4.1411 15.4548 6
      vertex -2.2981 22.7019 6
      vertex -2.44348 22.8571 6
    endloop
  endfacet
  facet normal 0 0 1
    outer loop
      vertex -5.14303 15.1509 6
      vertex -2.44348 22.8571 6
      vertex -2.5784 23.0215 6
    endloop
  endfacet
  facet normal 0 0 1
    outer loop
      vertex -5.14303 15.1509 6
      vertex -2.5784 23.0215 6
      vertex -2.70228 23.1944 6
    endloop
  endfacet
  facet normal 0 0 1
    outer loop
      vertex -5.14303 15.1509 6
      vertex -2.70228 23.1944 6
      vertex -2.81458 23.375 6
    endloop
  endfacet
  facet normal 0 0 1
    outer loop
      vertex -6.12293 14.7821 6
      vertex -2.81458 23.375 6
      vertex -2.91484 23.5626 6
    endloop
  endfacet
  facet normal 0 0 1
    outer loop
      vertex -6.12293 14.7821 6
      vertex -2.91484 23.5626 6
      vertex -3.00261 23.7563 6
    endloop
  endfacet
  facet normal 0 0 1
    outer loop
      vertex -7.07662 14.35 6
      vertex -3.00261 23.7563 6
      vertex -3.07752 23.9553 6
    endloop
  endfacet
  facet normal 0 0 1
    outer loop
      vertex -1.625 22.1854 6
      vertex -3.12144 15.6926 6
      vertex -2.08842 15.8631 6
    endloop
  endfacet
  facet normal 0 0 1
    outer loop
      vertex -7.07662 14.35 6
      vertex -3.07752 23.9553 6
      vertex -3.13926 24.1588 6
    endloop
  endfacet
  facet normal 0 0 1
    outer loop
      vertex -8 13.8564 6
      vertex -3.13926 24.1588 6
      vertex -3.18755 24.366 6
    endloop
  endfacet
  facet normal 0 0 1
    outer loop
      vertex -8 13.8564 6
      vertex -3.18755 24.366 6
      vertex -3.2222 24.5758 6
    endloop
  endfacet
  facet normal 0 0 1
    outer loop
      vertex -8.88912 13.3035 6
      vertex -3.2222 24.5758 6
      vertex -3.24304 24.7874 6
    endloop
  endfacet
  facet normal 0 0 1
    outer loop
      vertex -21 36.3731 6
      vertex -3.24304 24.7874 6
      vertex -3.25 25 6
    endloop
  endfacet
  facet normal 0 0 1
    outer loop
      vertex -1.97847 22.4216 6
      vertex -4.1411 15.4548 6
      vertex -3.12144 15.6926 6
    endloop
  endfacet
  facet normal -0 0 1
    outer loop
      vertex 28.2222 0.42421 6
      vertex 42 0 6
      vertex 41.9101 2.74693 6
    endloop
  endfacet
  facet normal 0 0 1
    outer loop
      vertex 28.0775 1.04468 6
      vertex 41.9101 2.74693 6
      vertex 41.6407 5.4821 6
    endloop
  endfacet
  facet normal 0 0 1
    outer loop
      vertex 42 0 6
      vertex 28.2222 0.42421 6
      vertex 28.243 0.21256 6
    endloop
  endfacet
  facet normal 0 0 1
    outer loop
      vertex 27.8146 1.625 6
      vertex 41.6407 5.4821 6
      vertex 41.193 8.19379 6
    endloop
  endfacet
  facet normal 0 0 1
    outer loop
      vertex 28.243 -0.21256 6
      vertex 42 0 6
      vertex 28.25 0 6
    endloop
  endfacet
  facet normal 0 0 1
    outer loop
      vertex 27.4435 2.14287 6
      vertex 41.193 8.19379 6
      vertex 40.5689 10.8704 6
    endloop
  endfacet
  facet normal 0 0 1
    outer loop
      vertex 28.2222 -0.42421 6
      vertex 42 0 6
      vertex 28.243 -0.21256 6
    endloop
  endfacet
  facet normal 0 0 1
    outer loop
      vertex 26.9785 2.5784 6
      vertex 40.5689 10.8704 6
      vertex 39.7711 13.5005 6
    endloop
  endfacet
  facet normal 0 0 1
    outer loop
      vertex 42 0 6
      vertex 28.2222 -0.42421 6
      vertex 41.9101 -2.74693 6
    endloop
  endfacet
  facet normal 0 0 1
    outer loop
      vertex 26.4374 2.91484 6
      vertex 39.7711 13.5005 6
      vertex 38.8029 16.0727 6
    endloop
  endfacet
  facet normal -0 0 1
    outer loop
      vertex 28.1876 -0.634043 6
      vertex 41.9101 -2.74693 6
      vertex 28.2222 -0.42421 6
    endloop
  endfacet
  facet normal 0 0 1
    outer loop
      vertex 20.652 17.2861 6
      vertex 36.3731 21 6
      vertex 20.6712 17.4815 6
    endloop
  endfacet
  facet normal -0 0 1
    outer loop
      vertex 28.1393 -0.841162 6
      vertex 41.9101 -2.74693 6
      vertex 28.1876 -0.634043 6
    endloop
  endfacet
  facet normal 0 0 1
    outer loop
      vertex 20.6712 17.4815 6
      vertex 36.3731 21 6
      vertex 20.6777 17.6777 6
    endloop
  endfacet
  facet normal -0 0 1
    outer loop
      vertex 28.0775 -1.04468 6
      vertex 41.9101 -2.74693 6
      vertex 28.1393 -0.841162 6
    endloop
  endfacet
  facet normal 0 0 1
    outer loop
      vertex 20.6777 17.6777 6
      vertex 36.3731 21 6
      vertex 34.9217 23.334 6
    endloop
  endfacet
  facet normal 0 0 1
    outer loop
      vertex 41.9101 -2.74693 6
      vertex 28.0775 -1.04468 6
      vertex 41.6407 -5.4821 6
    endloop
  endfacet
  facet normal 0 0 1
    outer loop
      vertex 20.6777 17.6777 6
      vertex 34.9217 23.334 6
      vertex 33.3208 25.568 6
    endloop
  endfacet
  facet normal -0 0 1
    outer loop
      vertex 28.0026 -1.24372 6
      vertex 41.6407 -5.4821 6
      vertex 28.0775 -1.04468 6
    endloop
  endfacet
  facet normal 0 0 1
    outer loop
      vertex 20.6777 17.6777 6
      vertex 33.3208 25.568 6
      vertex 31.5773 27.6925 6
    endloop
  endfacet
  facet normal -0 0 1
    outer loop
      vertex 27.8146 -1.625 6
      vertex 41.6407 -5.4821 6
      vertex 27.9148 -1.43744 6
    endloop
  endfacet
  facet normal 0 0 1
    outer loop
      vertex 20.6777 17.6777 6
      vertex 31.5773 27.6925 6
      vertex 29.6985 29.6985 6
    endloop
  endfacet
  facet normal 0 0 1
    outer loop
      vertex 41.6407 -5.4821 6
      vertex 27.8146 -1.625 6
      vertex 41.193 -8.19379 6
    endloop
  endfacet
  facet normal -0 0 1
    outer loop
      vertex 27.7023 -1.8056 6
      vertex 41.193 -8.19379 6
      vertex 27.8146 -1.625 6
    endloop
  endfacet
  facet normal -0 0 1
    outer loop
      vertex 27.9148 -1.43744 6
      vertex 41.6407 -5.4821 6
      vertex 28.0026 -1.24372 6
    endloop
  endfacet
  facet normal 0 0 1
    outer loop
      vertex 42 0 6
      vertex 28.243 0.21256 6
      vertex 28.25 0 6
    endloop
  endfacet
  facet normal 0 0 1
    outer loop
      vertex 41.9101 2.74693 6
      vertex 28.1876 0.634043 6
      vertex 28.2222 0.42421 6
    endloop
  endfacet
  facet normal 0 0 1
    outer loop
      vertex 41.9101 2.74693 6
      vertex 28.1393 0.841162 6
      vertex 28.1876 0.634043 6
    endloop
  endfacet
  facet normal 0 0 1
    outer loop
      vertex 41.9101 2.74693 6
      vertex 28.0775 1.04468 6
      vertex 28.1393 0.841162 6
    endloop
  endfacet
  facet normal 0 0 1
    outer loop
      vertex 41.6407 5.4821 6
      vertex 28.0026 1.24372 6
      vertex 28.0775 1.04468 6
    endloop
  endfacet
  facet normal 0 0 1
    outer loop
      vertex 41.6407 5.4821 6
      vertex 27.9148 1.43744 6
      vertex 28.0026 1.24372 6
    endloop
  endfacet
  facet normal 0 0 1
    outer loop
      vertex 41.6407 5.4821 6
      vertex 27.8146 1.625 6
      vertex 27.9148 1.43744 6
    endloop
  endfacet
  facet normal 0 0 1
    outer loop
      vertex 41.193 8.19379 6
      vertex 27.7023 1.8056 6
      vertex 27.8146 1.625 6
    endloop
  endfacet
  facet normal 0 0 1
    outer loop
      vertex 20.6777 17.6777 6
      vertex 29.6985 29.6985 6
      vertex 27.6925 31.5773 6
    endloop
  endfacet
  facet normal 0 0 1
    outer loop
      vertex 41.193 8.19379 6
      vertex 27.5784 1.97847 6
      vertex 27.7023 1.8056 6
    endloop
  endfacet
  facet normal 0 0 1
    outer loop
      vertex 41.193 8.19379 6
      vertex 27.4435 2.14287 6
      vertex 27.5784 1.97847 6
    endloop
  endfacet
  facet normal 0 0 1
    outer loop
      vertex 40.5689 10.8704 6
      vertex 27.2981 2.2981 6
      vertex 27.4435 2.14287 6
    endloop
  endfacet
  facet normal 0 0 1
    outer loop
      vertex 40.5689 10.8704 6
      vertex 27.1429 2.44348 6
      vertex 27.2981 2.2981 6
    endloop
  endfacet
  facet normal 0 0 1
    outer loop
      vertex 36.3731 21 6
      vertex 20.652 17.2861 6
      vertex 37.6687 18.5761 6
    endloop
  endfacet
  facet normal 0 0 1
    outer loop
      vertex 40.5689 10.8704 6
      vertex 26.9785 2.5784 6
      vertex 27.1429 2.44348 6
    endloop
  endfacet
  facet normal 0 0 1
    outer loop
      vertex 39.7711 13.5005 6
      vertex 26.8056 2.70228 6
      vertex 26.9785 2.5784 6
    endloop
  endfacet
  facet normal 0 0 1
    outer loop
      vertex 39.7711 13.5005 6
      vertex 26.625 2.81458 6
      vertex 26.8056 2.70228 6
    endloop
  endfacet
  facet normal 0 0 1
    outer loop
      vertex 39.7711 13.5005 6
      vertex 26.4374 2.91484 6
      vertex 26.625 2.81458 6
    endloop
  endfacet
  facet normal 0 0 1
    outer loop
      vertex 38.8029 16.0727 6
      vertex 26.2437 3.00261 6
      vertex 26.4374 2.91484 6
    endloop
  endfacet
  facet normal 0 0 1
    outer loop
      vertex 38.8029 16.0727 6
      vertex 26.0447 3.07752 6
      vertex 26.2437 3.00261 6
    endloop
  endfacet
  facet normal 0 0 1
    outer loop
      vertex 20.62 17.0924 6
      vertex 37.6687 18.5761 6
      vertex 20.652 17.2861 6
    endloop
  endfacet
  facet normal 0 0 1
    outer loop
      vertex 20.6777 17.6777 6
      vertex 27.6925 31.5773 6
      vertex 25.568 33.3208 6
    endloop
  endfacet
  facet normal 0 0 1
    outer loop
      vertex 20.5754 16.9012 6
      vertex 37.6687 18.5761 6
      vertex 20.62 17.0924 6
    endloop
  endfacet
  facet normal 0 0 1
    outer loop
      vertex 20.5185 16.7134 6
      vertex 37.6687 18.5761 6
      vertex 20.5754 16.9012 6
    endloop
  endfacet
  facet normal 0 0 1
    outer loop
      vertex 37.6687 18.5761 6
      vertex 20.5185 16.7134 6
      vertex 38.8029 16.0727 6
    endloop
  endfacet
  facet normal -0 0 1
    outer loop
      vertex 20.4493 16.5296 6
      vertex 38.8029 16.0727 6
      vertex 20.5185 16.7134 6
    endloop
  endfacet
  facet normal 0 0 1
    outer loop
      vertex 38.8029 16.0727 6
      vertex 20.4493 16.5296 6
      vertex 26.0447 3.07752 6
    endloop
  endfacet
  facet normal -0 0 1
    outer loop
      vertex 20.3683 16.3508 6
      vertex 26.0447 3.07752 6
      vertex 20.4493 16.5296 6
    endloop
  endfacet
  facet normal 0 0 1
    outer loop
      vertex 26.0447 3.07752 6
      vertex 20.3683 16.3508 6
      vertex 25.8412 3.13926 6
    endloop
  endfacet
  facet normal -0 0 1
    outer loop
      vertex 20.2757 16.1777 6
      vertex 25.8412 3.13926 6
      vertex 20.3683 16.3508 6
    endloop
  endfacet
  facet normal 0 0 1
    outer loop
      vertex 25.8412 3.13926 6
      vertex 20.2757 16.1777 6
      vertex 25.634 3.18755 6
    endloop
  endfacet
  facet normal -0 0 1
    outer loop
      vertex 20.1721 16.011 6
      vertex 25.634 3.18755 6
      vertex 20.2757 16.1777 6
    endloop
  endfacet
  facet normal 0 0 1
    outer loop
      vertex 25.634 3.18755 6
      vertex 20.1721 16.011 6
      vertex 25.4242 3.2222 6
    endloop
  endfacet
  facet normal 0 0 1
    outer loop
      vertex 20.6777 17.6777 6
      vertex 25.568 33.3208 6
      vertex 23.334 34.9217 6
    endloop
  endfacet
  facet normal -0 0 1
    outer loop
      vertex 20.0577 15.8514 6
      vertex 25.4242 3.2222 6
      vertex 20.1721 16.011 6
    endloop
  endfacet
  facet normal 0 0 1
    outer loop
      vertex 25.4242 3.2222 6
      vertex 20.0577 15.8514 6
      vertex 25.2126 3.24304 6
    endloop
  endfacet
  facet normal -0 0 1
    outer loop
      vertex 19.9332 15.6996 6
      vertex 25.2126 3.24304 6
      vertex 20.0577 15.8514 6
    endloop
  endfacet
  facet normal 0 0 1
    outer loop
      vertex 25.2126 3.24304 6
      vertex 19.9332 15.6996 6
      vertex 25 3.25 6
    endloop
  endfacet
  facet normal -0 0 1
    outer loop
      vertex 19.799 15.5563 6
      vertex 25 3.25 6
      vertex 19.9332 15.6996 6
    endloop
  endfacet
  facet normal 0 0 1
    outer loop
      vertex 25 3.25 6
      vertex 19.799 15.5563 6
      vertex 24.7874 3.24304 6
    endloop
  endfacet
  facet normal -0 0 1
    outer loop
      vertex 19.6557 15.4221 6
      vertex 24.7874 3.24304 6
      vertex 19.799 15.5563 6
    endloop
  endfacet
  facet normal 0 0 1
    outer loop
      vertex 24.7874 3.24304 6
      vertex 19.6557 15.4221 6
      vertex 24.5758 3.2222 6
    endloop
  endfacet
  facet normal -0 0 1
    outer loop
      vertex 19.504 15.2976 6
      vertex 24.5758 3.2222 6
      vertex 19.6557 15.4221 6
    endloop
  endfacet
  facet normal 0 0 1
    outer loop
      vertex 24.5758 3.2222 6
      vertex 19.504 15.2976 6
      vertex 24.366 3.18755 6
    endloop
  endfacet
  facet normal -0 0 1
    outer loop
      vertex 19.3444 15.1833 6
      vertex 24.366 3.18755 6
      vertex 19.504 15.2976 6
    endloop
  endfacet
  facet normal 0 0 1
    outer loop
      vertex 24.366 3.18755 6
      vertex 19.3444 15.1833 6
      vertex 24.1588 3.13926 6
    endloop
  endfacet
  facet normal -0 0 1
    outer loop
      vertex 19.1777 15.0796 6
      vertex 24.1588 3.13926 6
      vertex 19.3444 15.1833 6
    endloop
  endfacet
  facet normal 0 0 1
    outer loop
      vertex 24.1588 3.13926 6
      vertex 19.1777 15.0796 6
      vertex 23.9553 3.07752 6
    endloop
  endfacet
  facet normal -0 0 1
    outer loop
      vertex 19.0045 14.9871 6
      vertex 23.9553 3.07752 6
      vertex 19.1777 15.0796 6
    endloop
  endfacet
  facet normal 0 0 1
    outer loop
      vertex 23.9553 3.07752 6
      vertex 19.0045 14.9871 6
      vertex 23.7563 3.00261 6
    endloop
  endfacet
  facet normal 0 0 1
    outer loop
      vertex 20.6777 17.6777 6
      vertex 23.334 34.9217 6
      vertex 21 36.3731 6
    endloop
  endfacet
  facet normal -0 0 1
    outer loop
      vertex 27.5784 -1.97847 6
      vertex 41.193 -8.19379 6
      vertex 27.7023 -1.8056 6
    endloop
  endfacet
  facet normal -0 0 1
    outer loop
      vertex 27.4435 -2.14287 6
      vertex 41.193 -8.19379 6
      vertex 27.5784 -1.97847 6
    endloop
  endfacet
  facet normal 0 0 1
    outer loop
      vertex 41.193 -8.19379 6
      vertex 27.4435 -2.14287 6
      vertex 40.5689 -10.8704 6
    endloop
  endfacet
  facet normal -0 0 1
    outer loop
      vertex 27.2981 -2.2981 6
      vertex 40.5689 -10.8704 6
      vertex 27.4435 -2.14287 6
    endloop
  endfacet
  facet normal -0 0 1
    outer loop
      vertex 27.1429 -2.44348 6
      vertex 40.5689 -10.8704 6
      vertex 27.2981 -2.2981 6
    endloop
  endfacet
  facet normal -0 0 1
    outer loop
      vertex 26.9785 -2.5784 6
      vertex 40.5689 -10.8704 6
      vertex 27.1429 -2.44348 6
    endloop
  endfacet
  facet normal 0 0 1
    outer loop
      vertex 40.5689 -10.8704 6
      vertex 26.9785 -2.5784 6
      vertex 39.7711 -13.5005 6
    endloop
  endfacet
  facet normal -0 0 1
    outer loop
      vertex 26.8056 -2.70228 6
      vertex 39.7711 -13.5005 6
      vertex 26.9785 -2.5784 6
    endloop
  endfacet
  facet normal -0 0 1
    outer loop
      vertex 26.625 -2.81458 6
      vertex 39.7711 -13.5005 6
      vertex 26.8056 -2.70228 6
    endloop
  endfacet
  facet normal -0 0 1
    outer loop
      vertex 26.4374 -2.91484 6
      vertex 39.7711 -13.5005 6
      vertex 26.625 -2.81458 6
    endloop
  endfacet
  facet normal 0 0 1
    outer loop
      vertex 39.7711 -13.5005 6
      vertex 26.4374 -2.91484 6
      vertex 38.8029 -16.0727 6
    endloop
  endfacet
  facet normal -0 0 1
    outer loop
      vertex 26.2437 -3.00261 6
      vertex 38.8029 -16.0727 6
      vertex 26.4374 -2.91484 6
    endloop
  endfacet
  facet normal -0 0 1
    outer loop
      vertex 26.0447 -3.07752 6
      vertex 38.8029 -16.0727 6
      vertex 26.2437 -3.00261 6
    endloop
  endfacet
  facet normal 0 0 1
    outer loop
      vertex 38.8029 -16.0727 6
      vertex 26.0447 -3.07752 6
      vertex 37.6687 -18.5761 6
    endloop
  endfacet
  facet normal -0 0 1
    outer loop
      vertex 25.8412 -3.13926 6
      vertex 37.6687 -18.5761 6
      vertex 26.0447 -3.07752 6
    endloop
  endfacet
  facet normal -0 0 1
    outer loop
      vertex 25.634 -3.18755 6
      vertex 37.6687 -18.5761 6
      vertex 25.8412 -3.13926 6
    endloop
  endfacet
  facet normal -0 0 1
    outer loop
      vertex 25.4242 -3.2222 6
      vertex 37.6687 -18.5761 6
      vertex 25.634 -3.18755 6
    endloop
  endfacet
  facet normal 0 0 1
    outer loop
      vertex 37.6687 -18.5761 6
      vertex 25.4242 -3.2222 6
      vertex 36.3731 -21 6
    endloop
  endfacet
  facet normal -0 0 1
    outer loop
      vertex 25.2126 -3.24304 6
      vertex 36.3731 -21 6
      vertex 25.4242 -3.2222 6
    endloop
  endfacet
  facet normal -0 0 1
    outer loop
      vertex 25 -3.25 6
      vertex 36.3731 -21 6
      vertex 25.2126 -3.24304 6
    endloop
  endfacet
  facet normal 0 0 1
    outer loop
      vertex 36.3731 -21 6
      vertex 25 -3.25 6
      vertex 34.9217 -23.334 6
    endloop
  endfacet
  facet normal 0 0 1
    outer loop
      vertex 24.7874 -3.24304 6
      vertex 34.9217 -23.334 6
      vertex 25 -3.25 6
    endloop
  endfacet
  facet normal 0 0 1
    outer loop
      vertex 24.5758 -3.2222 6
      vertex 34.9217 -23.334 6
      vertex 24.7874 -3.24304 6
    endloop
  endfacet
  facet normal 0 0 1
    outer loop
      vertex 34.9217 -23.334 6
      vertex 24.5758 -3.2222 6
      vertex 33.3208 -25.568 6
    endloop
  endfacet
  facet normal 0 0 1
    outer loop
      vertex 24.366 -3.18755 6
      vertex 33.3208 -25.568 6
      vertex 24.5758 -3.2222 6
    endloop
  endfacet
  facet normal 0 0 1
    outer loop
      vertex 33.3208 -25.568 6
      vertex 24.366 -3.18755 6
      vertex 31.5773 -27.6925 6
    endloop
  endfacet
  facet normal 0 0 1
    outer loop
      vertex 24.1588 -3.13926 6
      vertex 31.5773 -27.6925 6
      vertex 24.366 -3.18755 6
    endloop
  endfacet
  facet normal 0 0 1
    outer loop
      vertex 23.9553 -3.07752 6
      vertex 31.5773 -27.6925 6
      vertex 24.1588 -3.13926 6
    endloop
  endfacet
  facet normal 0 0 1
    outer loop
      vertex 31.5773 -27.6925 6
      vertex 23.9553 -3.07752 6
      vertex 29.6985 -29.6985 6
    endloop
  endfacet
  facet normal 0 0 1
    outer loop
      vertex 23.7563 -3.00261 6
      vertex 29.6985 -29.6985 6
      vertex 23.9553 -3.07752 6
    endloop
  endfacet
  facet normal 0 0 1
    outer loop
      vertex 29.6985 -29.6985 6
      vertex 23.7563 -3.00261 6
      vertex 27.6925 -31.5773 6
    endloop
  endfacet
  facet normal 0 0 1
    outer loop
      vertex 23.5626 -2.91484 6
      vertex 27.6925 -31.5773 6
      vertex 23.7563 -3.00261 6
    endloop
  endfacet
  facet normal 0 0 1
    outer loop
      vertex 27.6925 -31.5773 6
      vertex 23.5626 -2.91484 6
      vertex 25.568 -33.3208 6
    endloop
  endfacet
  facet normal 0 0 1
    outer loop
      vertex 23.375 -2.81458 6
      vertex 25.568 -33.3208 6
      vertex 23.5626 -2.91484 6
    endloop
  endfacet
  facet normal 0 0 1
    outer loop
      vertex 23.375 -2.81458 6
      vertex 23.334 -34.9217 6
      vertex 25.568 -33.3208 6
    endloop
  endfacet
  facet normal 0 0 1
    outer loop
      vertex 23.1944 -2.70228 6
      vertex 23.334 -34.9217 6
      vertex 23.375 -2.81458 6
    endloop
  endfacet
  facet normal 0 0 1
    outer loop
      vertex 21 -36.3731 6
      vertex 23.1944 -2.70228 6
      vertex 23.0215 -2.5784 6
    endloop
  endfacet
  facet normal 0 0 1
    outer loop
      vertex 21 -36.3731 6
      vertex 23.0215 -2.5784 6
      vertex 22.8571 -2.44348 6
    endloop
  endfacet
  facet normal 0 0 1
    outer loop
      vertex 21 -36.3731 6
      vertex 22.8571 -2.44348 6
      vertex 22.7019 -2.2981 6
    endloop
  endfacet
  facet normal 0 0 1
    outer loop
      vertex 21 -36.3731 6
      vertex 22.7019 -2.2981 6
      vertex 22.5565 -2.14287 6
    endloop
  endfacet
  facet normal 0 0 1
    outer loop
      vertex 21 -36.3731 6
      vertex 22.5565 -2.14287 6
      vertex 22.4216 -1.97847 6
    endloop
  endfacet
  facet normal 0 0 1
    outer loop
      vertex 21 -36.3731 6
      vertex 22.4216 -1.97847 6
      vertex 22.2977 -1.8056 6
    endloop
  endfacet
  facet normal 0 0 1
    outer loop
      vertex 21 -36.3731 6
      vertex 22.2977 -1.8056 6
      vertex 22.1854 -1.625 6
    endloop
  endfacet
  facet normal 0 0 1
    outer loop
      vertex 21 -36.3731 6
      vertex 22.1854 -1.625 6
      vertex 22.0852 -1.43744 6
    endloop
  endfacet
  facet normal 0 0 1
    outer loop
      vertex 21 -36.3731 6
      vertex 22.0852 -1.43744 6
      vertex 21.9974 -1.24372 6
    endloop
  endfacet
  facet normal 0 0 1
    outer loop
      vertex 21 -36.3731 6
      vertex 21.9974 -1.24372 6
      vertex 21.9225 -1.04468 6
    endloop
  endfacet
  facet normal 0 0 1
    outer loop
      vertex 21 -36.3731 6
      vertex 21.9225 -1.04468 6
      vertex 21.8607 -0.841162 6
    endloop
  endfacet
  facet normal 0 0 1
    outer loop
      vertex 21 -36.3731 6
      vertex 21.8607 -0.841162 6
      vertex 21.8124 -0.634043 6
    endloop
  endfacet
  facet normal 0 0 1
    outer loop
      vertex 21 -36.3731 6
      vertex 21.8124 -0.634043 6
      vertex 21.7778 -0.42421 6
    endloop
  endfacet
  facet normal 0 0 1
    outer loop
      vertex 21 -36.3731 6
      vertex 21.7778 -0.42421 6
      vertex 21.757 -0.21256 6
    endloop
  endfacet
  facet normal 0 0 1
    outer loop
      vertex 23.1944 -2.70228 6
      vertex 21 -36.3731 6
      vertex 23.334 -34.9217 6
    endloop
  endfacet
  facet normal 0 0 1
    outer loop
      vertex 21.75 0 6
      vertex 21 -36.3731 6
      vertex 21.757 -0.21256 6
    endloop
  endfacet
  facet normal -0 0 1
    outer loop
      vertex 18.8257 14.906 6
      vertex 23.7563 3.00261 6
      vertex 19.0045 14.9871 6
    endloop
  endfacet
  facet normal 0 0 1
    outer loop
      vertex 23.7563 3.00261 6
      vertex 18.8257 14.906 6
      vertex 23.5626 2.91484 6
    endloop
  endfacet
  facet normal 0 0 1
    outer loop
      vertex 21 36.3731 6
      vertex 20.6712 17.8739 6
      vertex 20.6777 17.6777 6
    endloop
  endfacet
  facet normal 0 0 1
    outer loop
      vertex 21 36.3731 6
      vertex 20.652 18.0692 6
      vertex 20.6712 17.8739 6
    endloop
  endfacet
  facet normal 0 0 1
    outer loop
      vertex 21 36.3731 6
      vertex 20.62 18.2629 6
      vertex 20.652 18.0692 6
    endloop
  endfacet
  facet normal 0 0 1
    outer loop
      vertex 21 36.3731 6
      vertex 20.5754 18.4541 6
      vertex 20.62 18.2629 6
    endloop
  endfacet
  facet normal 0 0 1
    outer loop
      vertex 21 36.3731 6
      vertex 20.5185 18.642 6
      vertex 20.5754 18.4541 6
    endloop
  endfacet
  facet normal 0 0 1
    outer loop
      vertex 21 36.3731 6
      vertex 20.4493 18.8257 6
      vertex 20.5185 18.642 6
    endloop
  endfacet
  facet normal 0 0 1
    outer loop
      vertex 21 36.3731 6
      vertex 20.3683 19.0045 6
      vertex 20.4493 18.8257 6
    endloop
  endfacet
  facet normal 0 0 1
    outer loop
      vertex 21 36.3731 6
      vertex 20.2757 19.1777 6
      vertex 20.3683 19.0045 6
    endloop
  endfacet
  facet normal 0 0 1
    outer loop
      vertex 21 36.3731 6
      vertex 20.1721 19.3444 6
      vertex 20.2757 19.1777 6
    endloop
  endfacet
  facet normal 0 0 1
    outer loop
      vertex 21 36.3731 6
      vertex 20.0577 19.504 6
      vertex 20.1721 19.3444 6
    endloop
  endfacet
  facet normal 0 0 1
    outer loop
      vertex 21 36.3731 6
      vertex 19.9332 19.6557 6
      vertex 20.0577 19.504 6
    endloop
  endfacet
  facet normal 0 0 1
    outer loop
      vertex 21 36.3731 6
      vertex 19.799 19.799 6
      vertex 19.9332 19.6557 6
    endloop
  endfacet
  facet normal 0 0 1
    outer loop
      vertex 21 36.3731 6
      vertex 19.6557 19.9332 6
      vertex 19.799 19.799 6
    endloop
  endfacet
  facet normal 0 0 1
    outer loop
      vertex 21 36.3731 6
      vertex 19.504 20.0577 6
      vertex 19.6557 19.9332 6
    endloop
  endfacet
  facet normal 0 0 1
    outer loop
      vertex 21 36.3731 6
      vertex 19.3444 20.1721 6
      vertex 19.504 20.0577 6
    endloop
  endfacet
  facet normal 0 0 1
    outer loop
      vertex 21 36.3731 6
      vertex 19.1777 20.2757 6
      vertex 19.3444 20.1721 6
    endloop
  endfacet
  facet normal 0 0 1
    outer loop
      vertex 21 36.3731 6
      vertex 19.0045 20.3683 6
      vertex 19.1777 20.2757 6
    endloop
  endfacet
  facet normal 0 0 1
    outer loop
      vertex 21 36.3731 6
      vertex 18.8257 20.4493 6
      vertex 19.0045 20.3683 6
    endloop
  endfacet
  facet normal 0 0 1
    outer loop
      vertex 21 36.3731 6
      vertex 18.642 20.5185 6
      vertex 18.8257 20.4493 6
    endloop
  endfacet
  facet normal 0 0 1
    outer loop
      vertex 17.2861 20.652 6
      vertex 21 36.3731 6
      vertex 18.5761 37.6687 6
    endloop
  endfacet
  facet normal 0 0 1
    outer loop
      vertex 21 36.3731 6
      vertex 18.4541 20.5754 6
      vertex 18.642 20.5185 6
    endloop
  endfacet
  facet normal 0 0 1
    outer loop
      vertex 21 36.3731 6
      vertex 18.2629 20.62 6
      vertex 18.4541 20.5754 6
    endloop
  endfacet
  facet normal 0 0 1
    outer loop
      vertex 21 36.3731 6
      vertex 18.0692 20.652 6
      vertex 18.2629 20.62 6
    endloop
  endfacet
  facet normal 0 0 1
    outer loop
      vertex 21 36.3731 6
      vertex 17.8739 20.6712 6
      vertex 18.0692 20.652 6
    endloop
  endfacet
  facet normal 0 0 1
    outer loop
      vertex 21 36.3731 6
      vertex 17.6777 20.6777 6
      vertex 17.8739 20.6712 6
    endloop
  endfacet
  facet normal 0 0 1
    outer loop
      vertex 21 36.3731 6
      vertex 17.4815 20.6712 6
      vertex 17.6777 20.6777 6
    endloop
  endfacet
  facet normal 0 0 1
    outer loop
      vertex 21 36.3731 6
      vertex 17.2861 20.652 6
      vertex 17.4815 20.6712 6
    endloop
  endfacet
  facet normal 0 0 1
    outer loop
      vertex 18.5761 37.6687 6
      vertex 17.0924 20.62 6
      vertex 17.2861 20.652 6
    endloop
  endfacet
  facet normal 0 0 1
    outer loop
      vertex 18.5761 37.6687 6
      vertex 16.9012 20.5754 6
      vertex 17.0924 20.62 6
    endloop
  endfacet
  facet normal 0 0 1
    outer loop
      vertex 18.5761 37.6687 6
      vertex 16.7134 20.5185 6
      vertex 16.9012 20.5754 6
    endloop
  endfacet
  facet normal 0 0 1
    outer loop
      vertex 16.0727 38.8029 6
      vertex 16.7134 20.5185 6
      vertex 18.5761 37.6687 6
    endloop
  endfacet
  facet normal 0 0 1
    outer loop
      vertex 16.7134 20.5185 6
      vertex 16.0727 38.8029 6
      vertex 16.5296 20.4493 6
    endloop
  endfacet
  facet normal -0 0 1
    outer loop
      vertex 3.07752 26.0447 6
      vertex 16.5296 20.4493 6
      vertex 16.0727 38.8029 6
    endloop
  endfacet
  facet normal 0 0 1
    outer loop
      vertex 16.5296 20.4493 6
      vertex 3.07752 26.0447 6
      vertex 16.3508 20.3683 6
    endloop
  endfacet
  facet normal -0 -0 1
    outer loop
      vertex 3.13926 25.8412 6
      vertex 16.3508 20.3683 6
      vertex 3.07752 26.0447 6
    endloop
  endfacet
  facet normal 0 0 1
    outer loop
      vertex 16.3508 20.3683 6
      vertex 3.13926 25.8412 6
      vertex 16.1777 20.2757 6
    endloop
  endfacet
  facet normal -0 -0 1
    outer loop
      vertex 3.18755 25.634 6
      vertex 16.1777 20.2757 6
      vertex 3.13926 25.8412 6
    endloop
  endfacet
  facet normal 0 0 1
    outer loop
      vertex 16.1777 20.2757 6
      vertex 3.18755 25.634 6
      vertex 16.011 20.1721 6
    endloop
  endfacet
  facet normal -0 -0 1
    outer loop
      vertex 3.2222 25.4242 6
      vertex 16.011 20.1721 6
      vertex 3.18755 25.634 6
    endloop
  endfacet
  facet normal 0 0 1
    outer loop
      vertex 16.011 20.1721 6
      vertex 3.2222 25.4242 6
      vertex 15.8514 20.0577 6
    endloop
  endfacet
  facet normal -0 -0 1
    outer loop
      vertex 3.24304 25.2126 6
      vertex 15.8514 20.0577 6
      vertex 3.2222 25.4242 6
    endloop
  endfacet
  facet normal 0 0 1
    outer loop
      vertex 15.8514 20.0577 6
      vertex 3.24304 25.2126 6
      vertex 15.6996 19.9332 6
    endloop
  endfacet
  facet normal -0 -0 1
    outer loop
      vertex 3.25 25 6
      vertex 15.6996 19.9332 6
      vertex 3.24304 25.2126 6
    endloop
  endfacet
  facet normal 0 0 1
    outer loop
      vertex 15.6996 19.9332 6
      vertex 3.25 25 6
      vertex 15.5563 19.799 6
    endloop
  endfacet
  facet normal 0 0 1
    outer loop
      vertex 15.5563 19.799 6
      vertex 3.24304 24.7874 6
      vertex 15.4221 19.6557 6
    endloop
  endfacet
  facet normal -0 0 1
    outer loop
      vertex 3.2222 24.5758 6
      vertex 15.4221 19.6557 6
      vertex 3.24304 24.7874 6
    endloop
  endfacet
  facet normal 0 0 1
    outer loop
      vertex 15.4221 19.6557 6
      vertex 3.2222 24.5758 6
      vertex 15.2976 19.504 6
    endloop
  endfacet
  facet normal 0 0 1
    outer loop
      vertex 15.2976 19.504 6
      vertex 3.2222 24.5758 6
      vertex 15.1833 19.3444 6
    endloop
  endfacet
  facet normal -0 0 1
    outer loop
      vertex 3.18755 24.366 6
      vertex 15.1833 19.3444 6
      vertex 3.2222 24.5758 6
    endloop
  endfacet
  facet normal 0 0 1
    outer loop
      vertex 16.1777 15.0796 6
      vertex 13.8564 8 6
      vertex 14.35 7.07662 6
    endloop
  endfacet
  facet normal 0 0 1
    outer loop
      vertex 8 13.8564 6
      vertex 14.6777 17.6777 6
      vertex 14.6841 17.8739 6
    endloop
  endfacet
  facet normal 0 0 1
    outer loop
      vertex 15.1833 19.3444 6
      vertex 3.18755 24.366 6
      vertex 15.0796 19.1777 6
    endloop
  endfacet
  facet normal 0 0 1
    outer loop
      vertex 2.91484 26.4374 6
      vertex 16.0727 38.8029 6
      vertex 13.5005 39.7711 6
    endloop
  endfacet
  facet normal 0 0 1
    outer loop
      vertex 16.1777 15.0796 6
      vertex 13.3035 8.88912 6
      vertex 13.8564 8 6
    endloop
  endfacet
  facet normal 0 0 1
    outer loop
      vertex 16.1777 15.0796 6
      vertex 12.6937 9.74018 6
      vertex 13.3035 8.88912 6
    endloop
  endfacet
  facet normal 0 0 1
    outer loop
      vertex 16.1777 15.0796 6
      vertex 12.0294 10.5495 6
      vertex 12.6937 9.74018 6
    endloop
  endfacet
  facet normal 0 0 1
    outer loop
      vertex 15.6996 15.4221 6
      vertex 11.3137 11.3137 6
      vertex 12.0294 10.5495 6
    endloop
  endfacet
  facet normal 0 0 1
    outer loop
      vertex 2.70228 26.8056 6
      vertex 13.5005 39.7711 6
      vertex 10.8704 40.5689 6
    endloop
  endfacet
  facet normal 0 0 1
    outer loop
      vertex 15.2976 15.8514 6
      vertex 10.5495 12.0294 6
      vertex 11.3137 11.3137 6
    endloop
  endfacet
  facet normal 0 0 1
    outer loop
      vertex 14.9871 16.3508 6
      vertex 9.74018 12.6937 6
      vertex 10.5495 12.0294 6
    endloop
  endfacet
  facet normal 0 0 1
    outer loop
      vertex 14.7799 18.4541 6
      vertex 7.07662 14.35 6
      vertex 14.7353 18.2629 6
    endloop
  endfacet
  facet normal 0 0 1
    outer loop
      vertex 2.2981 27.2981 6
      vertex 10.8704 40.5689 6
      vertex 8.19379 41.193 6
    endloop
  endfacet
  facet normal 0 -0 1
    outer loop
      vertex 7.07662 14.35 6
      vertex 14.7799 18.4541 6
      vertex 6.12293 14.7821 6
    endloop
  endfacet
  facet normal 0 0 1
    outer loop
      vertex 14.7799 16.9012 6
      vertex 8.88912 13.3035 6
      vertex 9.74018 12.6937 6
    endloop
  endfacet
  facet normal 0 0 1
    outer loop
      vertex 14.6841 17.4815 6
      vertex 8 13.8564 6
      vertex 8.88912 13.3035 6
    endloop
  endfacet
  facet normal 0 0 1
    outer loop
      vertex 1.8056 27.7023 6
      vertex 8.19379 41.193 6
      vertex 5.4821 41.6407 6
    endloop
  endfacet
  facet normal 0 0 1
    outer loop
      vertex 14.6841 17.8739 6
      vertex 7.07662 14.35 6
      vertex 8 13.8564 6
    endloop
  endfacet
  facet normal 0 0 1
    outer loop
      vertex 14.7033 18.0692 6
      vertex 7.07662 14.35 6
      vertex 14.6841 17.8739 6
    endloop
  endfacet
  facet normal -0 0 1
    outer loop
      vertex 3.07752 23.9553 6
      vertex 14.9871 19.0045 6
      vertex 3.13926 24.1588 6
    endloop
  endfacet
  facet normal 0 0 1
    outer loop
      vertex 15.0796 19.1777 6
      vertex 3.13926 24.1588 6
      vertex 14.9871 19.0045 6
    endloop
  endfacet
  facet normal 0 0 1
    outer loop
      vertex 14.7353 18.2629 6
      vertex 7.07662 14.35 6
      vertex 14.7033 18.0692 6
    endloop
  endfacet
  facet normal 0 0 1
    outer loop
      vertex 14.8369 18.642 6
      vertex 6.12293 14.7821 6
      vertex 14.7799 18.4541 6
    endloop
  endfacet
  facet normal -0 0 1
    outer loop
      vertex 3.13926 24.1588 6
      vertex 15.0796 19.1777 6
      vertex 3.18755 24.366 6
    endloop
  endfacet
  facet normal -0 0 1
    outer loop
      vertex 3.24304 24.7874 6
      vertex 15.5563 19.799 6
      vertex 3.25 25 6
    endloop
  endfacet
  facet normal 0 0 1
    outer loop
      vertex 16.0727 38.8029 6
      vertex 3.00261 26.2437 6
      vertex 3.07752 26.0447 6
    endloop
  endfacet
  facet normal 0 0 1
    outer loop
      vertex 16.0727 38.8029 6
      vertex 2.91484 26.4374 6
      vertex 3.00261 26.2437 6
    endloop
  endfacet
  facet normal 0 0 1
    outer loop
      vertex 13.5005 39.7711 6
      vertex 2.81458 26.625 6
      vertex 2.91484 26.4374 6
    endloop
  endfacet
  facet normal 0 0 1
    outer loop
      vertex 1.04468 28.0775 6
      vertex 5.4821 41.6407 6
      vertex 2.74693 41.9101 6
    endloop
  endfacet
  facet normal 0 0 1
    outer loop
      vertex 13.5005 39.7711 6
      vertex 2.70228 26.8056 6
      vertex 2.81458 26.625 6
    endloop
  endfacet
  facet normal 0 0 1
    outer loop
      vertex 10.8704 40.5689 6
      vertex 2.5784 26.9785 6
      vertex 2.70228 26.8056 6
    endloop
  endfacet
  facet normal 0 0 1
    outer loop
      vertex 10.8704 40.5689 6
      vertex 2.44348 27.1429 6
      vertex 2.5784 26.9785 6
    endloop
  endfacet
  facet normal 0 0 1
    outer loop
      vertex 10.8704 40.5689 6
      vertex 2.2981 27.2981 6
      vertex 2.44348 27.1429 6
    endloop
  endfacet
  facet normal 0 0 1
    outer loop
      vertex 8.19379 41.193 6
      vertex 2.14287 27.4435 6
      vertex 2.2981 27.2981 6
    endloop
  endfacet
  facet normal 0 0 1
    outer loop
      vertex 8.19379 41.193 6
      vertex 1.97847 27.5784 6
      vertex 2.14287 27.4435 6
    endloop
  endfacet
  facet normal 0 0 1
    outer loop
      vertex 8.19379 41.193 6
      vertex 1.8056 27.7023 6
      vertex 1.97847 27.5784 6
    endloop
  endfacet
  facet normal 0 0 1
    outer loop
      vertex 5.4821 41.6407 6
      vertex 1.625 27.8146 6
      vertex 1.8056 27.7023 6
    endloop
  endfacet
  facet normal 0 0 1
    outer loop
      vertex 5.4821 41.6407 6
      vertex 1.43744 27.9148 6
      vertex 1.625 27.8146 6
    endloop
  endfacet
  facet normal 0 0 1
    outer loop
      vertex 5.4821 41.6407 6
      vertex 1.24372 28.0026 6
      vertex 1.43744 27.9148 6
    endloop
  endfacet
  facet normal 0 0 1
    outer loop
      vertex 5.4821 41.6407 6
      vertex 1.04468 28.0775 6
      vertex 1.24372 28.0026 6
    endloop
  endfacet
  facet normal 0 0 1
    outer loop
      vertex 2.74693 41.9101 6
      vertex 0.841162 28.1393 6
      vertex 1.04468 28.0775 6
    endloop
  endfacet
  facet normal 0 0 1
    outer loop
      vertex 2.74693 41.9101 6
      vertex 0.634043 28.1876 6
      vertex 0.841162 28.1393 6
    endloop
  endfacet
  facet normal 0 0 1
    outer loop
      vertex 2.74693 41.9101 6
      vertex 0.42421 28.2222 6
      vertex 0.634043 28.1876 6
    endloop
  endfacet
  facet normal 0 0 1
    outer loop
      vertex 0 42 6
      vertex 0.42421 28.2222 6
      vertex 2.74693 41.9101 6
    endloop
  endfacet
  facet normal 0 0 1
    outer loop
      vertex 0.42421 28.2222 6
      vertex 0 42 6
      vertex 0.21256 28.243 6
    endloop
  endfacet
  facet normal 0 0 1
    outer loop
      vertex 0 42 6
      vertex 0 28.25 6
      vertex 0.21256 28.243 6
    endloop
  endfacet
  facet normal 0 0 1
    outer loop
      vertex 0 42 6
      vertex -0.21256 28.243 6
      vertex 0 28.25 6
    endloop
  endfacet
  facet normal 0 0 1
    outer loop
      vertex 0 42 6
      vertex -0.42421 28.2222 6
      vertex -0.21256 28.243 6
    endloop
  endfacet
  facet normal -0 0 1
    outer loop
      vertex -2.74693 41.9101 6
      vertex -0.42421 28.2222 6
      vertex 0 42 6
    endloop
  endfacet
  facet normal 0 0 1
    outer loop
      vertex -0.42421 28.2222 6
      vertex -2.74693 41.9101 6
      vertex -0.634043 28.1876 6
    endloop
  endfacet
  facet normal 0 0 1
    outer loop
      vertex -0.634043 28.1876 6
      vertex -2.74693 41.9101 6
      vertex -0.841162 28.1393 6
    endloop
  endfacet
  facet normal 0 0 1
    outer loop
      vertex -0.841162 28.1393 6
      vertex -2.74693 41.9101 6
      vertex -1.04468 28.0775 6
    endloop
  endfacet
  facet normal -0 0 1
    outer loop
      vertex -5.4821 41.6407 6
      vertex -1.04468 28.0775 6
      vertex -2.74693 41.9101 6
    endloop
  endfacet
  facet normal 0 0 1
    outer loop
      vertex -1.04468 28.0775 6
      vertex -5.4821 41.6407 6
      vertex -1.24372 28.0026 6
    endloop
  endfacet
  facet normal 0 0 1
    outer loop
      vertex -1.24372 28.0026 6
      vertex -5.4821 41.6407 6
      vertex -1.43744 27.9148 6
    endloop
  endfacet
  facet normal 0 0 1
    outer loop
      vertex -1.43744 27.9148 6
      vertex -5.4821 41.6407 6
      vertex -1.625 27.8146 6
    endloop
  endfacet
  facet normal 0 0 1
    outer loop
      vertex -1.625 27.8146 6
      vertex -5.4821 41.6407 6
      vertex -1.8056 27.7023 6
    endloop
  endfacet
  facet normal -0 0 1
    outer loop
      vertex -8.19379 41.193 6
      vertex -1.8056 27.7023 6
      vertex -5.4821 41.6407 6
    endloop
  endfacet
  facet normal 0 0 1
    outer loop
      vertex -1.8056 27.7023 6
      vertex -8.19379 41.193 6
      vertex -1.97847 27.5784 6
    endloop
  endfacet
  facet normal 0 0 1
    outer loop
      vertex -1.97847 27.5784 6
      vertex -8.19379 41.193 6
      vertex -2.14287 27.4435 6
    endloop
  endfacet
  facet normal 0 0 1
    outer loop
      vertex -2.14287 27.4435 6
      vertex -8.19379 41.193 6
      vertex -2.2981 27.2981 6
    endloop
  endfacet
  facet normal -0 0 1
    outer loop
      vertex -10.8704 40.5689 6
      vertex -2.2981 27.2981 6
      vertex -8.19379 41.193 6
    endloop
  endfacet
  facet normal 0 0 1
    outer loop
      vertex -2.2981 27.2981 6
      vertex -10.8704 40.5689 6
      vertex -2.44348 27.1429 6
    endloop
  endfacet
  facet normal 0 0 1
    outer loop
      vertex -2.44348 27.1429 6
      vertex -10.8704 40.5689 6
      vertex -2.5784 26.9785 6
    endloop
  endfacet
  facet normal 0 0 1
    outer loop
      vertex -2.5784 26.9785 6
      vertex -10.8704 40.5689 6
      vertex -2.70228 26.8056 6
    endloop
  endfacet
  facet normal -0 0 1
    outer loop
      vertex -13.5005 39.7711 6
      vertex -2.70228 26.8056 6
      vertex -10.8704 40.5689 6
    endloop
  endfacet
  facet normal 0 0 1
    outer loop
      vertex -2.70228 26.8056 6
      vertex -13.5005 39.7711 6
      vertex -2.81458 26.625 6
    endloop
  endfacet
  facet normal 0 0 1
    outer loop
      vertex -2.81458 26.625 6
      vertex -13.5005 39.7711 6
      vertex -2.91484 26.4374 6
    endloop
  endfacet
  facet normal -0 0 1
    outer loop
      vertex -16.0727 38.8029 6
      vertex -2.91484 26.4374 6
      vertex -13.5005 39.7711 6
    endloop
  endfacet
  facet normal 0 0 1
    outer loop
      vertex -2.91484 26.4374 6
      vertex -16.0727 38.8029 6
      vertex -3.00261 26.2437 6
    endloop
  endfacet
  facet normal 0 0 1
    outer loop
      vertex -3.00261 26.2437 6
      vertex -16.0727 38.8029 6
      vertex -3.07752 26.0447 6
    endloop
  endfacet
  facet normal 0 0 1
    outer loop
      vertex -3.07752 26.0447 6
      vertex -16.0727 38.8029 6
      vertex -3.13926 25.8412 6
    endloop
  endfacet
  facet normal -0 0 1
    outer loop
      vertex -18.5761 37.6687 6
      vertex -3.13926 25.8412 6
      vertex -16.0727 38.8029 6
    endloop
  endfacet
  facet normal 0 0 1
    outer loop
      vertex -3.13926 25.8412 6
      vertex -18.5761 37.6687 6
      vertex -3.18755 25.634 6
    endloop
  endfacet
  facet normal 0 0 1
    outer loop
      vertex -3.18755 25.634 6
      vertex -18.5761 37.6687 6
      vertex -3.2222 25.4242 6
    endloop
  endfacet
  facet normal 0 0 1
    outer loop
      vertex -2.44348 22.8571 6
      vertex -5.14303 15.1509 6
      vertex -4.1411 15.4548 6
    endloop
  endfacet
  facet normal -0 0 1
    outer loop
      vertex -21 36.3731 6
      vertex -3.2222 25.4242 6
      vertex -18.5761 37.6687 6
    endloop
  endfacet
  facet normal 0 0 1
    outer loop
      vertex -2.81458 23.375 6
      vertex -6.12293 14.7821 6
      vertex -5.14303 15.1509 6
    endloop
  endfacet
  facet normal 0 0 1
    outer loop
      vertex -3.2222 25.4242 6
      vertex -21 36.3731 6
      vertex -3.24304 25.2126 6
    endloop
  endfacet
  facet normal 0 0 1
    outer loop
      vertex -3.00261 23.7563 6
      vertex -7.07662 14.35 6
      vertex -6.12293 14.7821 6
    endloop
  endfacet
  facet normal 0 0 1
    outer loop
      vertex -3.24304 25.2126 6
      vertex -21 36.3731 6
      vertex -3.25 25 6
    endloop
  endfacet
  facet normal 0 0 1
    outer loop
      vertex -3.13926 24.1588 6
      vertex -8 13.8564 6
      vertex -7.07662 14.35 6
    endloop
  endfacet
  facet normal 0 0 1
    outer loop
      vertex -3.24304 24.7874 6
      vertex -21 36.3731 6
      vertex -8.88912 13.3035 6
    endloop
  endfacet
  facet normal 0 0 1
    outer loop
      vertex -3.2222 24.5758 6
      vertex -8.88912 13.3035 6
      vertex -8 13.8564 6
    endloop
  endfacet
  facet normal 0 0 1
    outer loop
      vertex -8.88912 13.3035 6
      vertex -21 36.3731 6
      vertex -9.74018 12.6937 6
    endloop
  endfacet
  facet normal 0 0 1
    outer loop
      vertex -9.74018 12.6937 6
      vertex -21 36.3731 6
      vertex -10.5495 12.0294 6
    endloop
  endfacet
  facet normal 0 0 1
    outer loop
      vertex -10.5495 12.0294 6
      vertex -21 36.3731 6
      vertex -11.3137 11.3137 6
    endloop
  endfacet
  facet normal 0 0 1
    outer loop
      vertex -11.3137 11.3137 6
      vertex -21 36.3731 6
      vertex -12.0294 10.5495 6
    endloop
  endfacet
  facet normal 0 0 1
    outer loop
      vertex -12.0294 10.5495 6
      vertex -21 36.3731 6
      vertex -12.6937 9.74018 6
    endloop
  endfacet
  facet normal 0 0 1
    outer loop
      vertex -12.6937 9.74018 6
      vertex -21 36.3731 6
      vertex -13.3035 8.88912 6
    endloop
  endfacet
  facet normal 0 0 1
    outer loop
      vertex -13.3035 8.88912 6
      vertex -21 36.3731 6
      vertex -13.8564 8 6
    endloop
  endfacet
  facet normal 0 0 1
    outer loop
      vertex -21.75 0 6
      vertex -13.8564 8 6
      vertex -21 36.3731 6
    endloop
  endfacet
  facet normal 0 0 1
    outer loop
      vertex -13.8564 8 6
      vertex -21.75 0 6
      vertex -14.35 7.07662 6
    endloop
  endfacet
  facet normal 0 0 1
    outer loop
      vertex -14.35 7.07662 6
      vertex -21.75 0 6
      vertex -14.7821 6.12293 6
    endloop
  endfacet
  facet normal 0 0 1
    outer loop
      vertex -14.7821 6.12293 6
      vertex -21.75 0 6
      vertex -15.1509 5.14303 6
    endloop
  endfacet
  facet normal 0 0 1
    outer loop
      vertex -15.1509 5.14303 6
      vertex -21.75 0 6
      vertex -15.4548 4.1411 6
    endloop
  endfacet
  facet normal 0 0 1
    outer loop
      vertex -15.4548 4.1411 6
      vertex -21.75 0 6
      vertex -15.6926 3.12144 6
    endloop
  endfacet
  facet normal 0 0 1
    outer loop
      vertex -15.6926 3.12144 6
      vertex -21.75 0 6
      vertex -15.8631 2.08842 6
    endloop
  endfacet
  facet normal 0 0 1
    outer loop
      vertex -13.8564 -8 6
      vertex -16.1777 -15.0796 6
      vertex -16.011 -15.1833 6
    endloop
  endfacet
  facet normal 0 0 1
    outer loop
      vertex -13.8564 -8 6
      vertex -16.3508 -14.9871 6
      vertex -16.1777 -15.0796 6
    endloop
  endfacet
  facet normal 0 0 1
    outer loop
      vertex -13.8564 -8 6
      vertex -16.5296 -14.906 6
      vertex -16.3508 -14.9871 6
    endloop
  endfacet
  facet normal 0 0 1
    outer loop
      vertex -21.75 0 6
      vertex -15.9657 1.04645 6
      vertex -15.8631 2.08842 6
    endloop
  endfacet
  facet normal 0 0 1
    outer loop
      vertex -13.8564 -8 6
      vertex -16.7134 -14.8369 6
      vertex -16.5296 -14.906 6
    endloop
  endfacet
  facet normal -0 0 1
    outer loop
      vertex -23.0215 -2.5784 6
      vertex -15.1509 -5.14303 6
      vertex -22.8571 -2.44348 6
    endloop
  endfacet
  facet normal 0 0 1
    outer loop
      vertex -13.8564 -8 6
      vertex -16.9012 -14.7799 6
      vertex -16.7134 -14.8369 6
    endloop
  endfacet
  facet normal 0 0 1
    outer loop
      vertex -13.8564 -8 6
      vertex -17.0924 -14.7353 6
      vertex -16.9012 -14.7799 6
    endloop
  endfacet
  facet normal 0 0 1
    outer loop
      vertex -13.8564 -8 6
      vertex -17.2861 -14.7033 6
      vertex -17.0924 -14.7353 6
    endloop
  endfacet
  facet normal 0 0 1
    outer loop
      vertex -13.8564 -8 6
      vertex -17.4815 -14.6841 6
      vertex -17.2861 -14.7033 6
    endloop
  endfacet
  facet normal 0 0 1
    outer loop
      vertex -13.8564 -8 6
      vertex -17.6777 -14.6777 6
      vertex -17.4815 -14.6841 6
    endloop
  endfacet
  facet normal 0 0 1
    outer loop
      vertex -13.8564 -8 6
      vertex -17.8739 -14.6841 6
      vertex -17.6777 -14.6777 6
    endloop
  endfacet
  facet normal 0 0 1
    outer loop
      vertex -14.35 -7.07662 6
      vertex -18.0692 -14.7033 6
      vertex -17.8739 -14.6841 6
    endloop
  endfacet
  facet normal 0 0 1
    outer loop
      vertex -15.9657 -1.04645 6
      vertex -21.8607 -0.841162 6
      vertex -15.8631 -2.08842 6
    endloop
  endfacet
  facet normal 0 0 1
    outer loop
      vertex -14.35 -7.07662 6
      vertex -18.2629 -14.7353 6
      vertex -18.0692 -14.7033 6
    endloop
  endfacet
  facet normal 0 0 1
    outer loop
      vertex -14.35 -7.07662 6
      vertex -18.4541 -14.7799 6
      vertex -18.2629 -14.7353 6
    endloop
  endfacet
  facet normal 0 0 1
    outer loop
      vertex -14.7821 -6.12293 6
      vertex -18.642 -14.8369 6
      vertex -18.4541 -14.7799 6
    endloop
  endfacet
  facet normal 0 0 1
    outer loop
      vertex -15.4548 -4.1411 6
      vertex -22.8571 -2.44348 6
      vertex -15.1509 -5.14303 6
    endloop
  endfacet
  facet normal 0 0 1
    outer loop
      vertex -15.8631 -2.08842 6
      vertex -22.0852 -1.43744 6
      vertex -15.6926 -3.12144 6
    endloop
  endfacet
  facet normal -0 0 1
    outer loop
      vertex -21.9225 -1.04468 6
      vertex -15.8631 -2.08842 6
      vertex -21.8607 -0.841162 6
    endloop
  endfacet
  facet normal -0 0 1
    outer loop
      vertex -21.9974 -1.24372 6
      vertex -15.8631 -2.08842 6
      vertex -21.9225 -1.04468 6
    endloop
  endfacet
  facet normal -0 0 1
    outer loop
      vertex -22.0852 -1.43744 6
      vertex -15.8631 -2.08842 6
      vertex -21.9974 -1.24372 6
    endloop
  endfacet
  facet normal -0 0 1
    outer loop
      vertex -22.2977 -1.8056 6
      vertex -15.6926 -3.12144 6
      vertex -22.1854 -1.625 6
    endloop
  endfacet
  facet normal -0 0 1
    outer loop
      vertex -22.4216 -1.97847 6
      vertex -15.6926 -3.12144 6
      vertex -22.2977 -1.8056 6
    endloop
  endfacet
  facet normal 0 0 1
    outer loop
      vertex -15.6926 -3.12144 6
      vertex -22.4216 -1.97847 6
      vertex -15.4548 -4.1411 6
    endloop
  endfacet
  facet normal -0 0 1
    outer loop
      vertex -22.5565 -2.14287 6
      vertex -15.4548 -4.1411 6
      vertex -22.4216 -1.97847 6
    endloop
  endfacet
  facet normal -0 0 1
    outer loop
      vertex -22.7019 -2.2981 6
      vertex -15.4548 -4.1411 6
      vertex -22.5565 -2.14287 6
    endloop
  endfacet
  facet normal -0 0 1
    outer loop
      vertex -22.8571 -2.44348 6
      vertex -15.4548 -4.1411 6
      vertex -22.7019 -2.2981 6
    endloop
  endfacet
  facet normal 0 0 1
    outer loop
      vertex -21.75 0 6
      vertex -16 0 6
      vertex -15.9657 1.04645 6
    endloop
  endfacet
  facet normal -0 0 1
    outer loop
      vertex -23.1944 -2.70228 6
      vertex -15.1509 -5.14303 6
      vertex -23.0215 -2.5784 6
    endloop
  endfacet
  facet normal 0 0 1
    outer loop
      vertex -15.1509 -5.14303 6
      vertex -23.1944 -2.70228 6
      vertex -14.7821 -6.12293 6
    endloop
  endfacet
  facet normal -0 0 1
    outer loop
      vertex -23.375 -2.81458 6
      vertex -14.7821 -6.12293 6
      vertex -23.1944 -2.70228 6
    endloop
  endfacet
  facet normal -0 0 1
    outer loop
      vertex -23.5626 -2.91484 6
      vertex -14.7821 -6.12293 6
      vertex -23.375 -2.81458 6
    endloop
  endfacet
  facet normal 0 0 1
    outer loop
      vertex -18.642 -14.8369 6
      vertex -23.5626 -2.91484 6
      vertex -18.8257 -14.906 6
    endloop
  endfacet
  facet normal 0 0 1
    outer loop
      vertex -14.7821 -6.12293 6
      vertex -23.5626 -2.91484 6
      vertex -18.642 -14.8369 6
    endloop
  endfacet
  facet normal 0.995187 0.0979906 0
    outer loop
      vertex 38.4709 13.1518 0
      vertex 38.4196 13.6728 -16
      vertex 38.4196 13.6728 0
    endloop
  endfacet
  facet normal 0.995187 0.0979906 0
    outer loop
      vertex 38.4196 13.6728 -16
      vertex 38.4709 13.1518 0
      vertex 38.4709 13.1518 -16
    endloop
  endfacet
  facet normal 0.849241 -0.528006 0
    outer loop
      vertex 37.1398 8.18399 0
      vertex 37.4162 8.62855 -16
      vertex 37.4162 8.62855 0
    endloop
  endfacet
  facet normal 0.849241 -0.528006 0
    outer loop
      vertex 37.4162 8.62855 -16
      vertex 37.1398 8.18399 0
      vertex 37.1398 8.18399 -16
    endloop
  endfacet
  facet normal 0.999467 -0.0326598 0
    outer loop
      vertex 38.4709 12.1053 0
      vertex 38.488 12.6286 -16
      vertex 38.488 12.6286 0
    endloop
  endfacet
  facet normal 0.999467 -0.0326598 0
    outer loop
      vertex 38.488 12.6286 -16
      vertex 38.4709 12.1053 0
      vertex 38.4709 12.1053 -16
    endloop
  endfacet
  facet normal 0.0980095 -0.995185 0
    outer loop
      vertex 31.0112 4.64568 -16
      vertex 31.5322 4.69699 0
      vertex 31.0112 4.64568 0
    endloop
  endfacet
  facet normal 0.0980095 -0.995185 0
    outer loop
      vertex 31.5322 4.69699 0
      vertex 31.0112 4.64568 -16
      vertex 31.5322 4.69699 -16
    endloop
  endfacet
  facet normal -0.881904 -0.471429 0
    outer loop
      vertex 23.5598 8.62855 -16
      vertex 23.313 9.09024 0
      vertex 23.313 9.09024 -16
    endloop
  endfacet
  facet normal -0.881904 -0.471429 0
    outer loop
      vertex 23.313 9.09024 0
      vertex 23.5598 8.62855 -16
      vertex 23.5598 8.62855 0
    endloop
  endfacet
  facet normal 0.582504 -0.812828 0
    outer loop
      vertex 34.9326 5.9768 -16
      vertex 35.3581 6.28173 0
      vertex 34.9326 5.9768 0
    endloop
  endfacet
  facet normal 0.582504 -0.812828 0
    outer loop
      vertex 35.3581 6.28173 0
      vertex 34.9326 5.9768 -16
      vertex 35.3581 6.28173 -16
    endloop
  endfacet
  facet normal 0.52804 -0.849219 0
    outer loop
      vertex 34.488 5.70035 -16
      vertex 34.9326 5.9768 0
      vertex 34.488 5.70035 0
    endloop
  endfacet
  facet normal 0.52804 -0.849219 0
    outer loop
      vertex 34.9326 5.9768 0
      vertex 34.488 5.70035 -16
      vertex 34.9326 5.9768 -16
    endloop
  endfacet
  facet normal 0.471391 -0.881924 0
    outer loop
      vertex 34.0263 5.45357 -16
      vertex 34.488 5.70035 0
      vertex 34.0263 5.45357 0
    endloop
  endfacet
  facet normal 0.471391 -0.881924 0
    outer loop
      vertex 34.488 5.70035 0
      vertex 34.0263 5.45357 -16
      vertex 34.488 5.70035 -16
    endloop
  endfacet
  facet normal 0.634361 -0.773037 0
    outer loop
      vertex 35.3581 6.28173 -16
      vertex 35.7628 6.61383 0
      vertex 35.3581 6.28173 0
    endloop
  endfacet
  facet normal 0.634361 -0.773037 0
    outer loop
      vertex 35.7628 6.61383 0
      vertex 35.3581 6.28173 -16
      vertex 35.7628 6.61383 -16
    endloop
  endfacet
  facet normal 0.812855 0.582466 0
    outer loop
      vertex 37.1398 17.0731 0
      vertex 36.8349 17.4986 -16
      vertex 36.8349 17.4986 0
    endloop
  endfacet
  facet normal 0.812855 0.582466 0
    outer loop
      vertex 36.8349 17.4986 -16
      vertex 37.1398 17.0731 0
      vertex 37.1398 17.0731 -16
    endloop
  endfacet
  facet normal 0.973864 0.227133 0
    outer loop
      vertex 38.3343 14.1893 0
      vertex 38.2154 14.6991 -16
      vertex 38.2154 14.6991 0
    endloop
  endfacet
  facet normal 0.973864 0.227133 0
    outer loop
      vertex 38.2154 14.6991 -16
      vertex 38.3343 14.1893 0
      vertex 38.3343 14.1893 -16
    endloop
  endfacet
  facet normal 0.881904 -0.471429 0
    outer loop
      vertex 37.4162 8.62855 0
      vertex 37.663 9.09024 -16
      vertex 37.663 9.09024 0
    endloop
  endfacet
  facet normal 0.881904 -0.471429 0
    outer loop
      vertex 37.663 9.09024 -16
      vertex 37.4162 8.62855 0
      vertex 37.4162 8.62855 -16
    endloop
  endfacet
  facet normal 0.986636 -0.162943 0
    outer loop
      vertex 38.3343 11.0678 0
      vertex 38.4196 11.5843 -16
      vertex 38.4196 11.5843 0
    endloop
  endfacet
  facet normal 0.986636 -0.162943 0
    outer loop
      vertex 38.4196 11.5843 -16
      vertex 38.3343 11.0678 0
      vertex 38.3343 11.0678 -16
    endloop
  endfacet
  facet normal 0.973864 -0.227133 0
    outer loop
      vertex 38.2154 10.558 0
      vertex 38.3343 11.0678 -16
      vertex 38.3343 11.0678 0
    endloop
  endfacet
  facet normal 0.973864 -0.227133 0
    outer loop
      vertex 38.3343 11.0678 -16
      vertex 38.2154 10.558 0
      vertex 38.2154 10.558 -16
    endloop
  endfacet
  facet normal -0.290255 -0.956949 0
    outer loop
      vertex 27.9165 5.05311 -16
      vertex 28.4175 4.90115 0
      vertex 27.9165 5.05311 0
    endloop
  endfacet
  facet normal -0.290255 -0.956949 -0
    outer loop
      vertex 28.4175 4.90115 0
      vertex 27.9165 5.05311 -16
      vertex 28.4175 4.90115 -16
    endloop
  endfacet
  facet normal -0.0980095 -0.995185 0
    outer loop
      vertex 29.4438 4.69699 -16
      vertex 29.9648 4.64568 0
      vertex 29.4438 4.69699 0
    endloop
  endfacet
  facet normal -0.0980095 -0.995185 -0
    outer loop
      vertex 29.9648 4.64568 0
      vertex 29.4438 4.69699 -16
      vertex 29.9648 4.64568 -16
    endloop
  endfacet
  facet normal 0.290309 -0.956933 0
    outer loop
      vertex 32.5586 4.90115 -16
      vertex 33.0595 5.05311 0
      vertex 32.5586 4.90115 0
    endloop
  endfacet
  facet normal 0.290309 -0.956933 0
    outer loop
      vertex 33.0595 5.05311 0
      vertex 32.5586 4.90115 -16
      vertex 33.0595 5.05311 -16
    endloop
  endfacet
  facet normal 0.352228 -0.935914 0
    outer loop
      vertex 33.0595 5.05311 -16
      vertex 33.5495 5.23752 0
      vertex 33.0595 5.05311 0
    endloop
  endfacet
  facet normal 0.352228 -0.935914 0
    outer loop
      vertex 33.5495 5.23752 0
      vertex 33.0595 5.05311 -16
      vertex 33.5495 5.23752 -16
    endloop
  endfacet
  facet normal -0.582414 -0.812892 0
    outer loop
      vertex 25.6179 6.28173 -16
      vertex 26.0435 5.9768 0
      vertex 25.6179 6.28173 0
    endloop
  endfacet
  facet normal -0.582414 -0.812892 -0
    outer loop
      vertex 26.0435 5.9768 0
      vertex 25.6179 6.28173 -16
      vertex 26.0435 5.9768 -16
    endloop
  endfacet
  facet normal -0.352291 -0.93589 0
    outer loop
      vertex 27.4266 5.23752 -16
      vertex 27.9165 5.05311 0
      vertex 27.4266 5.23752 0
    endloop
  endfacet
  facet normal -0.352291 -0.93589 -0
    outer loop
      vertex 27.9165 5.05311 0
      vertex 27.4266 5.23752 -16
      vertex 27.9165 5.05311 -16
    endloop
  endfacet
  facet normal -0.729832 -0.683627 0
    outer loop
      vertex 24.8312 6.9717 -16
      vertex 24.4733 7.35379 0
      vertex 24.4733 7.35379 -16
    endloop
  endfacet
  facet normal -0.729832 -0.683627 0
    outer loop
      vertex 24.4733 7.35379 0
      vertex 24.8312 6.9717 -16
      vertex 24.8312 6.9717 0
    endloop
  endfacet
  facet normal -0.773014 -0.634389 0
    outer loop
      vertex 24.4733 7.35379 -16
      vertex 24.1412 7.75846 0
      vertex 24.1412 7.75846 -16
    endloop
  endfacet
  facet normal -0.773014 -0.634389 0
    outer loop
      vertex 24.1412 7.75846 0
      vertex 24.4733 7.35379 -16
      vertex 24.4733 7.35379 0
    endloop
  endfacet
  facet normal -0.849155 -0.528143 0
    outer loop
      vertex 23.8363 8.18399 -16
      vertex 23.5598 8.62855 0
      vertex 23.5598 8.62855 -16
    endloop
  endfacet
  facet normal -0.849155 -0.528143 0
    outer loop
      vertex 23.5598 8.62855 0
      vertex 23.8363 8.18399 -16
      vertex 23.8363 8.18399 0
    endloop
  endfacet
  facet normal 0.910834 -0.412774 0
    outer loop
      vertex 37.663 9.09024 0
      vertex 37.8791 9.56709 -16
      vertex 37.8791 9.56709 0
    endloop
  endfacet
  facet normal 0.910834 -0.412774 0
    outer loop
      vertex 37.8791 9.56709 -16
      vertex 37.663 9.09024 0
      vertex 37.663 9.09024 -16
    endloop
  endfacet
  facet normal 0.812874 -0.582439 0
    outer loop
      vertex 36.8349 7.75846 0
      vertex 37.1398 8.18399 -16
      vertex 37.1398 8.18399 0
    endloop
  endfacet
  facet normal 0.812874 -0.582439 0
    outer loop
      vertex 37.1398 8.18399 -16
      vertex 36.8349 7.75846 0
      vertex 36.8349 7.75846 -16
    endloop
  endfacet
  facet normal 0.0327233 -0.999464 0
    outer loop
      vertex 30.488 4.62855 -16
      vertex 31.0112 4.64568 0
      vertex 30.488 4.62855 0
    endloop
  endfacet
  facet normal 0.0327233 -0.999464 0
    outer loop
      vertex 31.0112 4.64568 0
      vertex 30.488 4.62855 -16
      vertex 31.0112 4.64568 -16
    endloop
  endfacet
  facet normal -0.162906 -0.986642 0
    outer loop
      vertex 28.9273 4.78227 -16
      vertex 29.4438 4.69699 0
      vertex 28.9273 4.78227 0
    endloop
  endfacet
  facet normal -0.162906 -0.986642 -0
    outer loop
      vertex 29.4438 4.69699 0
      vertex 28.9273 4.78227 -16
      vertex 29.4438 4.69699 -16
    endloop
  endfacet
  facet normal -0.227097 -0.973872 0
    outer loop
      vertex 28.4175 4.90115 -16
      vertex 28.9273 4.78227 0
      vertex 28.4175 4.90115 0
    endloop
  endfacet
  facet normal -0.227097 -0.973872 -0
    outer loop
      vertex 28.9273 4.78227 0
      vertex 28.4175 4.90115 -16
      vertex 28.9273 4.78227 -16
    endloop
  endfacet
  facet normal 0.162906 -0.986642 0
    outer loop
      vertex 31.5322 4.69699 -16
      vertex 32.0487 4.78227 0
      vertex 31.5322 4.69699 0
    endloop
  endfacet
  facet normal 0.162906 -0.986642 0
    outer loop
      vertex 32.0487 4.78227 0
      vertex 31.5322 4.69699 -16
      vertex 32.0487 4.78227 -16
    endloop
  endfacet
  facet normal 0.227055 -0.973882 0
    outer loop
      vertex 32.0487 4.78227 -16
      vertex 32.5586 4.90115 0
      vertex 32.0487 4.78227 0
    endloop
  endfacet
  facet normal 0.227055 -0.973882 0
    outer loop
      vertex 32.5586 4.90115 0
      vertex 32.0487 4.78227 -16
      vertex 32.5586 4.90115 -16
    endloop
  endfacet
  facet normal -0.471391 -0.881924 0
    outer loop
      vertex 26.488 5.70035 -16
      vertex 26.9497 5.45357 0
      vertex 26.488 5.70035 0
    endloop
  endfacet
  facet normal -0.471391 -0.881924 -0
    outer loop
      vertex 26.9497 5.45357 0
      vertex 26.488 5.70035 -16
      vertex 26.9497 5.45357 -16
    endloop
  endfacet
  facet normal -0.528126 -0.849166 0
    outer loop
      vertex 26.0435 5.9768 -16
      vertex 26.488 5.70035 0
      vertex 26.0435 5.9768 0
    endloop
  endfacet
  facet normal -0.528126 -0.849166 -0
    outer loop
      vertex 26.488 5.70035 0
      vertex 26.0435 5.9768 -16
      vertex 26.488 5.70035 -16
    endloop
  endfacet
  facet normal -0.412659 -0.910886 0
    outer loop
      vertex 26.9497 5.45357 -16
      vertex 27.4266 5.23752 0
      vertex 26.9497 5.45357 0
    endloop
  endfacet
  facet normal -0.412659 -0.910886 -0
    outer loop
      vertex 27.4266 5.23752 0
      vertex 26.9497 5.45357 -16
      vertex 27.4266 5.23752 -16
    endloop
  endfacet
  facet normal -0.0327233 -0.999464 0
    outer loop
      vertex 29.9648 4.64568 -16
      vertex 30.488 4.62855 0
      vertex 29.9648 4.64568 0
    endloop
  endfacet
  facet normal -0.0327233 -0.999464 -0
    outer loop
      vertex 30.488 4.62855 0
      vertex 29.9648 4.64568 -16
      vertex 30.488 4.62855 -16
    endloop
  endfacet
  facet normal -0.634361 -0.773037 0
    outer loop
      vertex -35.7628 -18.6433 -16
      vertex -35.3581 -18.9754 0
      vertex -35.7628 -18.6433 0
    endloop
  endfacet
  facet normal -0.634361 -0.773037 -0
    outer loop
      vertex -35.3581 -18.9754 0
      vertex -35.7628 -18.6433 -16
      vertex -35.3581 -18.9754 -16
    endloop
  endfacet
  facet normal 0.99946 0.0328506 0
    outer loop
      vertex -22.488 -12.6286 0
      vertex -22.5052 -12.1053 -16
      vertex -22.5052 -12.1053 0
    endloop
  endfacet
  facet normal 0.99946 0.0328506 0
    outer loop
      vertex -22.5052 -12.1053 -16
      vertex -22.488 -12.6286 0
      vertex -22.488 -12.6286 -16
    endloop
  endfacet
  facet normal -0.935897 -0.352275 0
    outer loop
      vertex -37.8791 -15.69 -16
      vertex -38.0635 -15.2001 0
      vertex -38.0635 -15.2001 -16
    endloop
  endfacet
  facet normal -0.935897 -0.352275 0
    outer loop
      vertex -38.0635 -15.2001 0
      vertex -37.8791 -15.69 -16
      vertex -37.8791 -15.69 0
    endloop
  endfacet
  facet normal -0.812855 -0.582466 0
    outer loop
      vertex -36.8349 -17.4986 -16
      vertex -37.1398 -17.0731 0
      vertex -37.1398 -17.0731 -16
    endloop
  endfacet
  facet normal -0.812855 -0.582466 0
    outer loop
      vertex -37.1398 -17.0731 0
      vertex -36.8349 -17.4986 -16
      vertex -36.8349 -17.4986 0
    endloop
  endfacet
  facet normal 0.412738 -0.91085 0
    outer loop
      vertex -27.4266 -20.0196 -16
      vertex -26.9497 -19.8035 0
      vertex -27.4266 -20.0196 0
    endloop
  endfacet
  facet normal 0.412738 -0.91085 0
    outer loop
      vertex -26.9497 -19.8035 0
      vertex -27.4266 -20.0196 -16
      vertex -26.9497 -19.8035 -16
    endloop
  endfacet
  facet normal -0.0328569 -0.99946 0
    outer loop
      vertex -31.0112 -20.6114 -16
      vertex -30.488 -20.6286 0
      vertex -31.0112 -20.6114 0
    endloop
  endfacet
  facet normal -0.0328569 -0.99946 -0
    outer loop
      vertex -30.488 -20.6286 0
      vertex -31.0112 -20.6114 -16
      vertex -30.488 -20.6286 -16
    endloop
  endfacet
  facet normal 0.729841 -0.683617 0
    outer loop
      vertex -24.8312 -18.2854 0
      vertex -24.4733 -17.9033 -16
      vertex -24.4733 -17.9033 0
    endloop
  endfacet
  facet normal 0.729841 -0.683617 0
    outer loop
      vertex -24.4733 -17.9033 -16
      vertex -24.8312 -18.2854 0
      vertex -24.8312 -18.2854 -16
    endloop
  endfacet
  facet normal 0.881908 -0.471421 0
    outer loop
      vertex -23.5598 -16.6286 0
      vertex -23.313 -16.1669 -16
      vertex -23.313 -16.1669 0
    endloop
  endfacet
  facet normal 0.881908 -0.471421 0
    outer loop
      vertex -23.313 -16.1669 -16
      vertex -23.5598 -16.6286 0
      vertex -23.5598 -16.6286 -16
    endloop
  endfacet
  facet normal -0.881908 -0.471421 0
    outer loop
      vertex -37.4162 -16.6286 -16
      vertex -37.663 -16.1669 0
      vertex -37.663 -16.1669 -16
    endloop
  endfacet
  facet normal -0.881908 -0.471421 0
    outer loop
      vertex -37.663 -16.1669 0
      vertex -37.4162 -16.6286 -16
      vertex -37.4162 -16.6286 0
    endloop
  endfacet
  facet normal -0.582466 -0.812855 0
    outer loop
      vertex -35.3581 -18.9754 -16
      vertex -34.9326 -19.2803 0
      vertex -35.3581 -18.9754 0
    endloop
  endfacet
  facet normal -0.582466 -0.812855 -0
    outer loop
      vertex -34.9326 -19.2803 0
      vertex -35.3581 -18.9754 -16
      vertex -34.9326 -19.2803 -16
    endloop
  endfacet
  facet normal 0.226952 -0.973906 0
    outer loop
      vertex -28.9273 -20.4748 -16
      vertex -28.4175 -20.356 0
      vertex -28.9273 -20.4748 0
    endloop
  endfacet
  facet normal 0.226952 -0.973906 0
    outer loop
      vertex -28.4175 -20.356 0
      vertex -28.9273 -20.4748 -16
      vertex -28.4175 -20.356 -16
    endloop
  endfacet
  facet normal -0.0979906 -0.995187 0
    outer loop
      vertex -31.5322 -20.5601 -16
      vertex -31.0112 -20.6114 0
      vertex -31.5322 -20.5601 0
    endloop
  endfacet
  facet normal -0.0979906 -0.995187 -0
    outer loop
      vertex -31.0112 -20.6114 0
      vertex -31.5322 -20.5601 -16
      vertex -31.0112 -20.6114 -16
    endloop
  endfacet
  facet normal 0.910905 0.412615 0
    outer loop
      vertex -23.097 -9.56709 0
      vertex -23.313 -9.09024 -16
      vertex -23.313 -9.09024 0
    endloop
  endfacet
  facet normal 0.910905 0.412615 0
    outer loop
      vertex -23.313 -9.09024 -16
      vertex -23.097 -9.56709 0
      vertex -23.097 -9.56709 -16
    endloop
  endfacet
  facet normal 0.973864 0.227133 0
    outer loop
      vertex -22.6417 -11.0678 0
      vertex -22.7606 -10.558 -16
      vertex -22.7606 -10.558 0
    endloop
  endfacet
  facet normal 0.973864 0.227133 0
    outer loop
      vertex -22.7606 -10.558 -16
      vertex -22.6417 -11.0678 0
      vertex -22.6417 -11.0678 -16
    endloop
  endfacet
  facet normal 0.995187 0.0979906 0
    outer loop
      vertex -22.5052 -12.1053 0
      vertex -22.5565 -11.5843 -16
      vertex -22.5565 -11.5843 0
    endloop
  endfacet
  facet normal 0.995187 0.0979906 0
    outer loop
      vertex -22.5565 -11.5843 -16
      vertex -22.5052 -12.1053 0
      vertex -22.5052 -12.1053 -16
    endloop
  endfacet
  facet normal 0.935899 0.352268 0
    outer loop
      vertex -22.9126 -10.057 0
      vertex -23.097 -9.56709 -16
      vertex -23.097 -9.56709 0
    endloop
  endfacet
  facet normal 0.935899 0.352268 0
    outer loop
      vertex -23.097 -9.56709 -16
      vertex -22.9126 -10.057 0
      vertex -22.9126 -10.057 -16
    endloop
  endfacet
  facet normal 0.956928 -0.290325 0
    outer loop
      vertex -22.9126 -15.2001 0
      vertex -22.7606 -14.6991 -16
      vertex -22.7606 -14.6991 0
    endloop
  endfacet
  facet normal 0.956928 -0.290325 0
    outer loop
      vertex -22.7606 -14.6991 -16
      vertex -22.9126 -15.2001 0
      vertex -22.9126 -15.2001 -16
    endloop
  endfacet
  facet normal 0.973864 -0.227133 0
    outer loop
      vertex -22.7606 -14.6991 0
      vertex -22.6417 -14.1893 -16
      vertex -22.6417 -14.1893 0
    endloop
  endfacet
  facet normal 0.973864 -0.227133 0
    outer loop
      vertex -22.6417 -14.1893 -16
      vertex -22.7606 -14.6991 0
      vertex -22.7606 -14.6991 -16
    endloop
  endfacet
  facet normal 0.471272 -0.881988 0
    outer loop
      vertex -26.9497 -19.8035 -16
      vertex -26.488 -19.5568 0
      vertex -26.9497 -19.8035 0
    endloop
  endfacet
  facet normal 0.471272 -0.881988 0
    outer loop
      vertex -26.488 -19.5568 0
      vertex -26.9497 -19.8035 -16
      vertex -26.488 -19.5568 -16
    endloop
  endfacet
  facet normal 0.528195 -0.849123 0
    outer loop
      vertex -26.488 -19.5568 -16
      vertex -26.0435 -19.2803 0
      vertex -26.488 -19.5568 0
    endloop
  endfacet
  facet normal 0.528195 -0.849123 0
    outer loop
      vertex -26.0435 -19.2803 0
      vertex -26.488 -19.5568 -16
      vertex -26.0435 -19.2803 -16
    endloop
  endfacet
  facet normal 0.773037 -0.634361 0
    outer loop
      vertex -24.4733 -17.9033 0
      vertex -24.1412 -17.4986 -16
      vertex -24.1412 -17.4986 0
    endloop
  endfacet
  facet normal 0.773037 -0.634361 0
    outer loop
      vertex -24.1412 -17.4986 -16
      vertex -24.4733 -17.9033 0
      vertex -24.4733 -17.9033 -16
    endloop
  endfacet
  facet normal 0.812855 -0.582466 0
    outer loop
      vertex -24.1412 -17.4986 0
      vertex -23.8363 -17.0731 -16
      vertex -23.8363 -17.0731 0
    endloop
  endfacet
  facet normal 0.812855 -0.582466 0
    outer loop
      vertex -23.8363 -17.0731 -16
      vertex -24.1412 -17.4986 0
      vertex -24.1412 -17.4986 -16
    endloop
  endfacet
  facet normal 0.935897 -0.352275 0
    outer loop
      vertex -23.097 -15.69 0
      vertex -22.9126 -15.2001 -16
      vertex -22.9126 -15.2001 0
    endloop
  endfacet
  facet normal 0.935897 -0.352275 0
    outer loop
      vertex -22.9126 -15.2001 -16
      vertex -23.097 -15.69 0
      vertex -23.097 -15.69 -16
    endloop
  endfacet
  facet normal -0.91085 -0.412738 0
    outer loop
      vertex -37.663 -16.1669 -16
      vertex -37.8791 -15.69 0
      vertex -37.8791 -15.69 -16
    endloop
  endfacet
  facet normal -0.91085 -0.412738 0
    outer loop
      vertex -37.8791 -15.69 0
      vertex -37.663 -16.1669 -16
      vertex -37.663 -16.1669 0
    endloop
  endfacet
  facet normal -0.956981 0.290151 0
    outer loop
      vertex -38.2154 -10.558 -16
      vertex -38.0635 -10.057 0
      vertex -38.0635 -10.057 -16
    endloop
  endfacet
  facet normal -0.956981 0.290151 0
    outer loop
      vertex -38.0635 -10.057 0
      vertex -38.2154 -10.558 -16
      vertex -38.2154 -10.558 0
    endloop
  endfacet
  facet normal -0.52804 0.849219 0
    outer loop
      vertex -34.488 -5.70035 -16
      vertex -34.9326 -5.9768 0
      vertex -34.488 -5.70035 0
    endloop
  endfacet
  facet normal -0.52804 0.849219 0
    outer loop
      vertex -34.9326 -5.9768 0
      vertex -34.488 -5.70035 -16
      vertex -34.9326 -5.9768 -16
    endloop
  endfacet
  facet normal -0.683586 0.72987 0
    outer loop
      vertex -35.7628 -6.61383 -16
      vertex -36.1449 -6.9717 0
      vertex -35.7628 -6.61383 0
    endloop
  endfacet
  facet normal -0.683586 0.72987 0
    outer loop
      vertex -36.1449 -6.9717 0
      vertex -35.7628 -6.61383 -16
      vertex -36.1449 -6.9717 -16
    endloop
  endfacet
  facet normal -0.729936 -0.683515 0
    outer loop
      vertex -36.1449 -18.2854 -16
      vertex -36.5027 -17.9033 0
      vertex -36.5027 -17.9033 -16
    endloop
  endfacet
  facet normal -0.729936 -0.683515 0
    outer loop
      vertex -36.5027 -17.9033 0
      vertex -36.1449 -18.2854 -16
      vertex -36.1449 -18.2854 0
    endloop
  endfacet
  facet normal -0.352212 -0.93592 0
    outer loop
      vertex -33.5495 -20.0196 -16
      vertex -33.0595 -20.204 0
      vertex -33.5495 -20.0196 0
    endloop
  endfacet
  facet normal -0.352212 -0.93592 -0
    outer loop
      vertex -33.0595 -20.204 0
      vertex -33.5495 -20.0196 -16
      vertex -33.0595 -20.204 -16
    endloop
  endfacet
  facet normal -0.471272 -0.881988 0
    outer loop
      vertex -34.488 -19.5568 -16
      vertex -34.0263 -19.8035 0
      vertex -34.488 -19.5568 0
    endloop
  endfacet
  facet normal -0.471272 -0.881988 -0
    outer loop
      vertex -34.0263 -19.8035 0
      vertex -34.488 -19.5568 -16
      vertex -34.0263 -19.8035 -16
    endloop
  endfacet
  facet normal -0.41281 -0.910817 0
    outer loop
      vertex -34.0263 -19.8035 -16
      vertex -33.5495 -20.0196 0
      vertex -34.0263 -19.8035 0
    endloop
  endfacet
  facet normal -0.41281 -0.910817 -0
    outer loop
      vertex -33.5495 -20.0196 0
      vertex -34.0263 -19.8035 -16
      vertex -33.5495 -20.0196 -16
    endloop
  endfacet
  facet normal 0.0979906 -0.995187 0
    outer loop
      vertex -29.9648 -20.6114 -16
      vertex -29.4438 -20.5601 0
      vertex -29.9648 -20.6114 0
    endloop
  endfacet
  facet normal 0.0979906 -0.995187 0
    outer loop
      vertex -29.4438 -20.5601 0
      vertex -29.9648 -20.6114 -16
      vertex -29.4438 -20.5601 -16
    endloop
  endfacet
  facet normal 0.162943 -0.986636 0
    outer loop
      vertex -29.4438 -20.5601 -16
      vertex -28.9273 -20.4748 0
      vertex -29.4438 -20.5601 0
    endloop
  endfacet
  facet normal 0.162943 -0.986636 0
    outer loop
      vertex -28.9273 -20.4748 0
      vertex -29.4438 -20.5601 -16
      vertex -28.9273 -20.4748 -16
    endloop
  endfacet
  facet normal 0.290325 -0.956928 0
    outer loop
      vertex -28.4175 -20.356 -16
      vertex -27.9165 -20.204 0
      vertex -28.4175 -20.356 0
    endloop
  endfacet
  facet normal 0.290325 -0.956928 0
    outer loop
      vertex -27.9165 -20.204 0
      vertex -28.4175 -20.356 -16
      vertex -27.9165 -20.204 -16
    endloop
  endfacet
  facet normal 0.0328569 -0.99946 0
    outer loop
      vertex -30.488 -20.6286 -16
      vertex -29.9648 -20.6114 0
      vertex -30.488 -20.6286 0
    endloop
  endfacet
  facet normal 0.0328569 -0.99946 0
    outer loop
      vertex -29.9648 -20.6114 0
      vertex -30.488 -20.6286 -16
      vertex -29.9648 -20.6114 -16
    endloop
  endfacet
  facet normal -0.162943 -0.986636 0
    outer loop
      vertex -32.0487 -20.4748 -16
      vertex -31.5322 -20.5601 0
      vertex -32.0487 -20.4748 0
    endloop
  endfacet
  facet normal -0.162943 -0.986636 -0
    outer loop
      vertex -31.5322 -20.5601 0
      vertex -32.0487 -20.4748 -16
      vertex -31.5322 -20.5601 -16
    endloop
  endfacet
  facet normal -0.290379 -0.956912 0
    outer loop
      vertex -33.0595 -20.204 -16
      vertex -32.5586 -20.356 0
      vertex -33.0595 -20.204 0
    endloop
  endfacet
  facet normal -0.290379 -0.956912 -0
    outer loop
      vertex -32.5586 -20.356 0
      vertex -33.0595 -20.204 -16
      vertex -32.5586 -20.356 -16
    endloop
  endfacet
  facet normal 0.986666 0.162757 0
    outer loop
      vertex -22.5565 -11.5843 0
      vertex -22.6417 -11.0678 -16
      vertex -22.6417 -11.0678 0
    endloop
  endfacet
  facet normal 0.986666 0.162757 0
    outer loop
      vertex -22.6417 -11.0678 -16
      vertex -22.5565 -11.5843 0
      vertex -22.5565 -11.5843 -16
    endloop
  endfacet
  facet normal 0.956928 0.290325 0
    outer loop
      vertex -22.7606 -10.558 0
      vertex -22.9126 -10.057 -16
      vertex -22.9126 -10.057 0
    endloop
  endfacet
  facet normal 0.956928 0.290325 0
    outer loop
      vertex -22.9126 -10.057 -16
      vertex -22.7606 -10.558 0
      vertex -22.7606 -10.558 -16
    endloop
  endfacet
  facet normal 0.995187 -0.0979906 0
    outer loop
      vertex -22.5565 -13.6728 0
      vertex -22.5052 -13.1518 -16
      vertex -22.5052 -13.1518 0
    endloop
  endfacet
  facet normal 0.995187 -0.0979906 0
    outer loop
      vertex -22.5052 -13.1518 -16
      vertex -22.5565 -13.6728 0
      vertex -22.5565 -13.6728 -16
    endloop
  endfacet
  facet normal 0.634454 -0.77296 0
    outer loop
      vertex -25.6179 -18.9754 -16
      vertex -25.2133 -18.6433 0
      vertex -25.6179 -18.9754 0
    endloop
  endfacet
  facet normal 0.634454 -0.77296 0
    outer loop
      vertex -25.2133 -18.6433 0
      vertex -25.6179 -18.9754 -16
      vertex -25.2133 -18.6433 -16
    endloop
  endfacet
  facet normal 0.910922 -0.412579 0
    outer loop
      vertex -23.313 -16.1669 0
      vertex -23.097 -15.69 -16
      vertex -23.097 -15.69 0
    endloop
  endfacet
  facet normal 0.910922 -0.412579 0
    outer loop
      vertex -23.097 -15.69 -16
      vertex -23.313 -16.1669 0
      vertex -23.313 -16.1669 -16
    endloop
  endfacet
  facet normal -0.973864 -0.227133 0
    outer loop
      vertex -38.2154 -14.6991 -16
      vertex -38.3343 -14.1893 0
      vertex -38.3343 -14.1893 -16
    endloop
  endfacet
  facet normal -0.973864 -0.227133 0
    outer loop
      vertex -38.3343 -14.1893 0
      vertex -38.2154 -14.6991 -16
      vertex -38.2154 -14.6991 0
    endloop
  endfacet
  facet normal -0.995187 0.0979906 0
    outer loop
      vertex -38.4709 -12.1053 -16
      vertex -38.4196 -11.5843 0
      vertex -38.4196 -11.5843 -16
    endloop
  endfacet
  facet normal -0.995187 0.0979906 0
    outer loop
      vertex -38.4196 -11.5843 0
      vertex -38.4709 -12.1053 -16
      vertex -38.4709 -12.1053 0
    endloop
  endfacet
  facet normal -0.812874 0.582439 0
    outer loop
      vertex -37.1398 -8.18399 -16
      vertex -36.8349 -7.75846 0
      vertex -36.8349 -7.75846 -16
    endloop
  endfacet
  facet normal -0.812874 0.582439 0
    outer loop
      vertex -36.8349 -7.75846 0
      vertex -37.1398 -8.18399 -16
      vertex -37.1398 -8.18399 0
    endloop
  endfacet
  facet normal -0.772921 0.634503 0
    outer loop
      vertex -36.8349 -7.75846 -16
      vertex -36.5027 -7.35379 0
      vertex -36.5027 -7.35379 -16
    endloop
  endfacet
  facet normal -0.772921 0.634503 0
    outer loop
      vertex -36.5027 -7.35379 0
      vertex -36.8349 -7.75846 -16
      vertex -36.8349 -7.75846 0
    endloop
  endfacet
  facet normal 0.471391 0.881924 -0
    outer loop
      vertex -26.488 -5.70035 -16
      vertex -26.9497 -5.45357 0
      vertex -26.488 -5.70035 0
    endloop
  endfacet
  facet normal 0.471391 0.881924 0
    outer loop
      vertex -26.9497 -5.45357 0
      vertex -26.488 -5.70035 -16
      vertex -26.9497 -5.45357 -16
    endloop
  endfacet
  facet normal -0.729927 0.683525 0
    outer loop
      vertex -36.5027 -7.35379 -16
      vertex -36.1449 -6.9717 0
      vertex -36.1449 -6.9717 -16
    endloop
  endfacet
  facet normal -0.729927 0.683525 0
    outer loop
      vertex -36.1449 -6.9717 0
      vertex -36.5027 -7.35379 -16
      vertex -36.5027 -7.35379 0
    endloop
  endfacet
  facet normal -0.849209 -0.528057 0
    outer loop
      vertex -37.1398 -17.0731 -16
      vertex -37.4162 -16.6286 0
      vertex -37.4162 -16.6286 -16
    endloop
  endfacet
  facet normal -0.849209 -0.528057 0
    outer loop
      vertex -37.4162 -16.6286 0
      vertex -37.1398 -17.0731 -16
      vertex -37.1398 -17.0731 0
    endloop
  endfacet
  facet normal -0.683617 -0.729841 0
    outer loop
      vertex -36.1449 -18.2854 -16
      vertex -35.7628 -18.6433 0
      vertex -36.1449 -18.2854 0
    endloop
  endfacet
  facet normal -0.683617 -0.729841 -0
    outer loop
      vertex -35.7628 -18.6433 0
      vertex -36.1449 -18.2854 -16
      vertex -35.7628 -18.6433 -16
    endloop
  endfacet
  facet normal -0.528109 -0.849177 0
    outer loop
      vertex -34.9326 -19.2803 -16
      vertex -34.488 -19.5568 0
      vertex -34.9326 -19.2803 0
    endloop
  endfacet
  facet normal -0.528109 -0.849177 -0
    outer loop
      vertex -34.488 -19.5568 0
      vertex -34.9326 -19.2803 -16
      vertex -34.488 -19.5568 -16
    endloop
  endfacet
  facet normal 0.352275 -0.935897 0
    outer loop
      vertex -27.9165 -20.204 -16
      vertex -27.4266 -20.0196 0
      vertex -27.9165 -20.204 0
    endloop
  endfacet
  facet normal 0.352275 -0.935897 0
    outer loop
      vertex -27.4266 -20.0196 0
      vertex -27.9165 -20.204 -16
      vertex -27.4266 -20.0196 -16
    endloop
  endfacet
  facet normal -0.22691 -0.973916 0
    outer loop
      vertex -32.5586 -20.356 -16
      vertex -32.0487 -20.4748 0
      vertex -32.5586 -20.356 0
    endloop
  endfacet
  facet normal -0.22691 -0.973916 -0
    outer loop
      vertex -32.0487 -20.4748 0
      vertex -32.5586 -20.356 -16
      vertex -32.0487 -20.4748 -16
    endloop
  endfacet
  facet normal 0.99946 -0.0328569 0
    outer loop
      vertex -22.5052 -13.1518 0
      vertex -22.488 -12.6286 -16
      vertex -22.488 -12.6286 0
    endloop
  endfacet
  facet normal 0.99946 -0.0328569 0
    outer loop
      vertex -22.488 -12.6286 -16
      vertex -22.5052 -13.1518 0
      vertex -22.5052 -13.1518 -16
    endloop
  endfacet
  facet normal 0.986666 -0.162757 0
    outer loop
      vertex -22.6417 -14.1893 0
      vertex -22.5565 -13.6728 -16
      vertex -22.5565 -13.6728 0
    endloop
  endfacet
  facet normal 0.986666 -0.162757 0
    outer loop
      vertex -22.5565 -13.6728 -16
      vertex -22.6417 -14.1893 0
      vertex -22.6417 -14.1893 -16
    endloop
  endfacet
  facet normal 0.683617 -0.729841 0
    outer loop
      vertex -25.2133 -18.6433 -16
      vertex -24.8312 -18.2854 0
      vertex -25.2133 -18.6433 0
    endloop
  endfacet
  facet normal 0.683617 -0.729841 0
    outer loop
      vertex -24.8312 -18.2854 0
      vertex -25.2133 -18.6433 -16
      vertex -24.8312 -18.2854 -16
    endloop
  endfacet
  facet normal 0.582376 -0.81292 0
    outer loop
      vertex -26.0435 -19.2803 -16
      vertex -25.6179 -18.9754 0
      vertex -26.0435 -19.2803 0
    endloop
  endfacet
  facet normal 0.582376 -0.81292 0
    outer loop
      vertex -25.6179 -18.9754 0
      vertex -26.0435 -19.2803 -16
      vertex -25.6179 -18.9754 -16
    endloop
  endfacet
  facet normal 0.849123 -0.528195 0
    outer loop
      vertex -23.8363 -17.0731 0
      vertex -23.5598 -16.6286 -16
      vertex -23.5598 -16.6286 0
    endloop
  endfacet
  facet normal 0.849123 -0.528195 0
    outer loop
      vertex -23.5598 -16.6286 -16
      vertex -23.8363 -17.0731 0
      vertex -23.8363 -17.0731 -16
    endloop
  endfacet
  facet normal -0.956981 -0.290151 0
    outer loop
      vertex -38.0635 -15.2001 -16
      vertex -38.2154 -14.6991 0
      vertex -38.2154 -14.6991 -16
    endloop
  endfacet
  facet normal -0.956981 -0.290151 0
    outer loop
      vertex -38.2154 -14.6991 0
      vertex -38.0635 -15.2001 -16
      vertex -38.0635 -15.2001 0
    endloop
  endfacet
  facet normal -0.995187 -0.0979906 0
    outer loop
      vertex -38.4196 -13.6728 -16
      vertex -38.4709 -13.1518 0
      vertex -38.4709 -13.1518 -16
    endloop
  endfacet
  facet normal -0.995187 -0.0979906 0
    outer loop
      vertex -38.4709 -13.1518 0
      vertex -38.4196 -13.6728 -16
      vertex -38.4196 -13.6728 0
    endloop
  endfacet
  facet normal -0.986636 0.162943 0
    outer loop
      vertex -38.4196 -11.5843 -16
      vertex -38.3343 -11.0678 0
      vertex -38.3343 -11.0678 -16
    endloop
  endfacet
  facet normal -0.986636 0.162943 0
    outer loop
      vertex -38.3343 -11.0678 0
      vertex -38.4196 -11.5843 -16
      vertex -38.4196 -11.5843 0
    endloop
  endfacet
  facet normal -0.999467 0.0326598 0
    outer loop
      vertex -38.488 -12.6286 -16
      vertex -38.4709 -12.1053 0
      vertex -38.4709 -12.1053 -16
    endloop
  endfacet
  facet normal -0.999467 0.0326598 0
    outer loop
      vertex -38.4709 -12.1053 0
      vertex -38.488 -12.6286 -16
      vertex -38.488 -12.6286 0
    endloop
  endfacet
  facet normal 0 0 -1
    outer loop
      vertex -26.338 -12.6286 -16
      vertex -22.488 -12.6286 -16
      vertex -22.5052 -13.1518 -16
    endloop
  endfacet
  facet normal 0 0 -1
    outer loop
      vertex -26.3469 -12.9 -16
      vertex -22.5052 -13.1518 -16
      vertex -22.5565 -13.6728 -16
    endloop
  endfacet
  facet normal 0 0 -1
    outer loop
      vertex -22.488 -12.6286 -16
      vertex -26.338 -12.6286 -16
      vertex -22.5052 -12.1053 -16
    endloop
  endfacet
  facet normal 0 0 -1
    outer loop
      vertex -26.3735 -13.1702 -16
      vertex -22.5565 -13.6728 -16
      vertex -22.6417 -14.1893 -16
    endloop
  endfacet
  facet normal 0 0 -1
    outer loop
      vertex -26.3469 -12.3571 -16
      vertex -22.5052 -12.1053 -16
      vertex -26.338 -12.6286 -16
    endloop
  endfacet
  facet normal 0 0 -1
    outer loop
      vertex -26.4178 -13.4382 -16
      vertex -22.6417 -14.1893 -16
      vertex -22.7606 -14.6991 -16
    endloop
  endfacet
  facet normal -0 0 -1
    outer loop
      vertex -22.5052 -12.1053 -16
      vertex -26.3469 -12.3571 -16
      vertex -22.5565 -11.5843 -16
    endloop
  endfacet
  facet normal 0 0 -1
    outer loop
      vertex -26.4794 -13.7027 -16
      vertex -22.7606 -14.6991 -16
      vertex -22.9126 -15.2001 -16
    endloop
  endfacet
  facet normal 0 0 -1
    outer loop
      vertex -26.3735 -12.0869 -16
      vertex -22.5565 -11.5843 -16
      vertex -26.3469 -12.3571 -16
    endloop
  endfacet
  facet normal 0 0 -1
    outer loop
      vertex -26.5583 -13.9625 -16
      vertex -22.9126 -15.2001 -16
      vertex -23.097 -15.69 -16
    endloop
  endfacet
  facet normal -0 0 -1
    outer loop
      vertex -22.5565 -11.5843 -16
      vertex -26.3735 -12.0869 -16
      vertex -22.6417 -11.0678 -16
    endloop
  endfacet
  facet normal 0 0 -1
    outer loop
      vertex -26.6539 -14.2167 -16
      vertex -23.097 -15.69 -16
      vertex -23.313 -16.1669 -16
    endloop
  endfacet
  facet normal 0 0 -1
    outer loop
      vertex -26.4178 -11.8189 -16
      vertex -22.6417 -11.0678 -16
      vertex -26.3735 -12.0869 -16
    endloop
  endfacet
  facet normal 0 0 -1
    outer loop
      vertex -26.766 -14.4641 -16
      vertex -23.313 -16.1669 -16
      vertex -23.5598 -16.6286 -16
    endloop
  endfacet
  facet normal -0 0 -1
    outer loop
      vertex -22.6417 -11.0678 -16
      vertex -26.4178 -11.8189 -16
      vertex -22.7606 -10.558 -16
    endloop
  endfacet
  facet normal 0 0 -1
    outer loop
      vertex -26.894 -14.7036 -16
      vertex -23.5598 -16.6286 -16
      vertex -23.8363 -17.0731 -16
    endloop
  endfacet
  facet normal 0 0 -1
    outer loop
      vertex -26.4794 -11.5545 -16
      vertex -22.7606 -10.558 -16
      vertex -26.4178 -11.8189 -16
    endloop
  endfacet
  facet normal 0 0 -1
    outer loop
      vertex -27.0374 -14.9342 -16
      vertex -23.8363 -17.0731 -16
      vertex -24.1412 -17.4986 -16
    endloop
  endfacet
  facet normal -0 0 -1
    outer loop
      vertex -22.7606 -10.558 -16
      vertex -26.4794 -11.5545 -16
      vertex -22.9126 -10.057 -16
    endloop
  endfacet
  facet normal 0 0 -1
    outer loop
      vertex -27.1956 -15.1549 -16
      vertex -24.1412 -17.4986 -16
      vertex -24.4733 -17.9033 -16
    endloop
  endfacet
  facet normal 0 0 -1
    outer loop
      vertex -26.5583 -11.2946 -16
      vertex -22.9126 -10.057 -16
      vertex -26.4794 -11.5545 -16
    endloop
  endfacet
  facet normal 0 0 -1
    outer loop
      vertex -27.3679 -15.3648 -16
      vertex -24.4733 -17.9033 -16
      vertex -24.8312 -18.2854 -16
    endloop
  endfacet
  facet normal -0 0 -1
    outer loop
      vertex -22.9126 -10.057 -16
      vertex -26.5583 -11.2946 -16
      vertex -23.097 -9.56709 -16
    endloop
  endfacet
  facet normal 0 0 -1
    outer loop
      vertex -27.5535 -15.563 -16
      vertex -24.8312 -18.2854 -16
      vertex -25.2133 -18.6433 -16
    endloop
  endfacet
  facet normal 0 0 -1
    outer loop
      vertex -26.6539 -11.0404 -16
      vertex -23.097 -9.56709 -16
      vertex -26.5583 -11.2946 -16
    endloop
  endfacet
  facet normal 0 0 -1
    outer loop
      vertex -27.7517 -15.7487 -16
      vertex -25.2133 -18.6433 -16
      vertex -25.6179 -18.9754 -16
    endloop
  endfacet
  facet normal -0 0 -1
    outer loop
      vertex -23.097 -9.56709 -16
      vertex -26.6539 -11.0404 -16
      vertex -23.313 -9.09024 -16
    endloop
  endfacet
  facet normal 0 0 -1
    outer loop
      vertex -27.9617 -15.921 -16
      vertex -25.6179 -18.9754 -16
      vertex -26.0435 -19.2803 -16
    endloop
  endfacet
  facet normal 0 0 -1
    outer loop
      vertex -26.766 -10.7931 -16
      vertex -23.313 -9.09024 -16
      vertex -26.6539 -11.0404 -16
    endloop
  endfacet
  facet normal -0 0 -1
    outer loop
      vertex -23.313 -9.09024 -16
      vertex -26.766 -10.7931 -16
      vertex -23.5598 -8.62855 -16
    endloop
  endfacet
  facet normal 0 0 -1
    outer loop
      vertex -22.5052 -13.1518 -16
      vertex -26.3469 -12.9 -16
      vertex -26.338 -12.6286 -16
    endloop
  endfacet
  facet normal 0 0 -1
    outer loop
      vertex -22.5565 -13.6728 -16
      vertex -26.3735 -13.1702 -16
      vertex -26.3469 -12.9 -16
    endloop
  endfacet
  facet normal 0 0 -1
    outer loop
      vertex -22.6417 -14.1893 -16
      vertex -26.4178 -13.4382 -16
      vertex -26.3735 -13.1702 -16
    endloop
  endfacet
  facet normal 0 0 -1
    outer loop
      vertex -22.7606 -14.6991 -16
      vertex -26.4794 -13.7027 -16
      vertex -26.4178 -13.4382 -16
    endloop
  endfacet
  facet normal 0 0 -1
    outer loop
      vertex -28.1824 -16.0792 -16
      vertex -26.0435 -19.2803 -16
      vertex -26.488 -19.5568 -16
    endloop
  endfacet
  facet normal 0 0 -1
    outer loop
      vertex -22.9126 -15.2001 -16
      vertex -26.5583 -13.9625 -16
      vertex -26.4794 -13.7027 -16
    endloop
  endfacet
  facet normal 0 0 -1
    outer loop
      vertex -23.097 -15.69 -16
      vertex -26.6539 -14.2167 -16
      vertex -26.5583 -13.9625 -16
    endloop
  endfacet
  facet normal 0 0 -1
    outer loop
      vertex -23.313 -16.1669 -16
      vertex -26.766 -14.4641 -16
      vertex -26.6539 -14.2167 -16
    endloop
  endfacet
  facet normal 0 0 -1
    outer loop
      vertex -23.5598 -16.6286 -16
      vertex -26.894 -14.7036 -16
      vertex -26.766 -14.4641 -16
    endloop
  endfacet
  facet normal 0 0 -1
    outer loop
      vertex -28.413 -16.2226 -16
      vertex -26.488 -19.5568 -16
      vertex -26.9497 -19.8035 -16
    endloop
  endfacet
  facet normal 0 0 -1
    outer loop
      vertex -23.8363 -17.0731 -16
      vertex -27.0374 -14.9342 -16
      vertex -26.894 -14.7036 -16
    endloop
  endfacet
  facet normal 0 0 -1
    outer loop
      vertex -24.1412 -17.4986 -16
      vertex -27.1956 -15.1549 -16
      vertex -27.0374 -14.9342 -16
    endloop
  endfacet
  facet normal 0 0 -1
    outer loop
      vertex -24.4733 -17.9033 -16
      vertex -27.3679 -15.3648 -16
      vertex -27.1956 -15.1549 -16
    endloop
  endfacet
  facet normal 0 0 -1
    outer loop
      vertex -28.6525 -16.3506 -16
      vertex -26.9497 -19.8035 -16
      vertex -27.4266 -20.0196 -16
    endloop
  endfacet
  facet normal 0 0 -1
    outer loop
      vertex -24.8312 -18.2854 -16
      vertex -27.5535 -15.563 -16
      vertex -27.3679 -15.3648 -16
    endloop
  endfacet
  facet normal 0 0 -1
    outer loop
      vertex -25.2133 -18.6433 -16
      vertex -27.7517 -15.7487 -16
      vertex -27.5535 -15.563 -16
    endloop
  endfacet
  facet normal 0 0 -1
    outer loop
      vertex -28.8999 -16.4627 -16
      vertex -27.4266 -20.0196 -16
      vertex -27.9165 -20.204 -16
    endloop
  endfacet
  facet normal 0 0 -1
    outer loop
      vertex -25.6179 -18.9754 -16
      vertex -27.9617 -15.921 -16
      vertex -27.7517 -15.7487 -16
    endloop
  endfacet
  facet normal 0 0 -1
    outer loop
      vertex -26.0435 -19.2803 -16
      vertex -28.1824 -16.0792 -16
      vertex -27.9617 -15.921 -16
    endloop
  endfacet
  facet normal 0 0 -1
    outer loop
      vertex -26.488 -19.5568 -16
      vertex -28.413 -16.2226 -16
      vertex -28.1824 -16.0792 -16
    endloop
  endfacet
  facet normal 0 0 -1
    outer loop
      vertex -29.154 -16.5583 -16
      vertex -27.9165 -20.204 -16
      vertex -28.4175 -20.356 -16
    endloop
  endfacet
  facet normal 0 0 -1
    outer loop
      vertex -26.9497 -19.8035 -16
      vertex -28.6525 -16.3506 -16
      vertex -28.413 -16.2226 -16
    endloop
  endfacet
  facet normal 0 0 -1
    outer loop
      vertex -27.4266 -20.0196 -16
      vertex -28.8999 -16.4627 -16
      vertex -28.6525 -16.3506 -16
    endloop
  endfacet
  facet normal 0 0 -1
    outer loop
      vertex -29.4139 -16.6371 -16
      vertex -28.4175 -20.356 -16
      vertex -28.9273 -20.4748 -16
    endloop
  endfacet
  facet normal 0 0 -1
    outer loop
      vertex -27.9165 -20.204 -16
      vertex -29.154 -16.5583 -16
      vertex -28.8999 -16.4627 -16
    endloop
  endfacet
  facet normal 0 0 -1
    outer loop
      vertex -28.4175 -20.356 -16
      vertex -29.4139 -16.6371 -16
      vertex -29.154 -16.5583 -16
    endloop
  endfacet
  facet normal 0 0 -1
    outer loop
      vertex -29.6784 -16.6988 -16
      vertex -28.9273 -20.4748 -16
      vertex -29.4438 -20.5601 -16
    endloop
  endfacet
  facet normal 0 0 -1
    outer loop
      vertex -28.9273 -20.4748 -16
      vertex -29.6784 -16.6988 -16
      vertex -29.4139 -16.6371 -16
    endloop
  endfacet
  facet normal 0 0 -1
    outer loop
      vertex -29.4438 -20.5601 -16
      vertex -29.9463 -16.743 -16
      vertex -29.6784 -16.6988 -16
    endloop
  endfacet
  facet normal 0 0 -1
    outer loop
      vertex -29.9648 -20.6114 -16
      vertex -29.9463 -16.743 -16
      vertex -29.4438 -20.5601 -16
    endloop
  endfacet
  facet normal 0 0 -1
    outer loop
      vertex -29.9648 -20.6114 -16
      vertex -30.2166 -16.7697 -16
      vertex -29.9463 -16.743 -16
    endloop
  endfacet
  facet normal 0 0 -1
    outer loop
      vertex -30.488 -20.6286 -16
      vertex -30.2166 -16.7697 -16
      vertex -29.9648 -20.6114 -16
    endloop
  endfacet
  facet normal 0 0 -1
    outer loop
      vertex -30.488 -20.6286 -16
      vertex -30.488 -16.7786 -16
      vertex -30.2166 -16.7697 -16
    endloop
  endfacet
  facet normal 0 0 -1
    outer loop
      vertex -30.488 -20.6286 -16
      vertex -30.7594 -16.7697 -16
      vertex -30.488 -16.7786 -16
    endloop
  endfacet
  facet normal 0 0 -1
    outer loop
      vertex -31.0112 -20.6114 -16
      vertex -30.7594 -16.7697 -16
      vertex -30.488 -20.6286 -16
    endloop
  endfacet
  facet normal 0 0 -1
    outer loop
      vertex -31.0112 -20.6114 -16
      vertex -31.0297 -16.743 -16
      vertex -30.7594 -16.7697 -16
    endloop
  endfacet
  facet normal 0 0 -1
    outer loop
      vertex -31.5322 -20.5601 -16
      vertex -31.0297 -16.743 -16
      vertex -31.0112 -20.6114 -16
    endloop
  endfacet
  facet normal -0 0 -1
    outer loop
      vertex -31.0297 -16.743 -16
      vertex -31.5322 -20.5601 -16
      vertex -31.2976 -16.6988 -16
    endloop
  endfacet
  facet normal 0 0 -1
    outer loop
      vertex -32.0487 -20.4748 -16
      vertex -31.2976 -16.6988 -16
      vertex -31.5322 -20.5601 -16
    endloop
  endfacet
  facet normal -0 0 -1
    outer loop
      vertex -31.2976 -16.6988 -16
      vertex -32.0487 -20.4748 -16
      vertex -31.5621 -16.6371 -16
    endloop
  endfacet
  facet normal 0 0 -1
    outer loop
      vertex -32.5586 -20.356 -16
      vertex -31.5621 -16.6371 -16
      vertex -32.0487 -20.4748 -16
    endloop
  endfacet
  facet normal -0 0 -1
    outer loop
      vertex -31.5621 -16.6371 -16
      vertex -32.5586 -20.356 -16
      vertex -31.822 -16.5583 -16
    endloop
  endfacet
  facet normal 0 0 -1
    outer loop
      vertex -33.0595 -20.204 -16
      vertex -31.822 -16.5583 -16
      vertex -32.5586 -20.356 -16
    endloop
  endfacet
  facet normal -0 0 -1
    outer loop
      vertex -31.822 -16.5583 -16
      vertex -33.0595 -20.204 -16
      vertex -32.0762 -16.4627 -16
    endloop
  endfacet
  facet normal 0 0 -1
    outer loop
      vertex -33.5495 -20.0196 -16
      vertex -32.0762 -16.4627 -16
      vertex -33.0595 -20.204 -16
    endloop
  endfacet
  facet normal -0 0 -1
    outer loop
      vertex -32.0762 -16.4627 -16
      vertex -33.5495 -20.0196 -16
      vertex -32.3235 -16.3506 -16
    endloop
  endfacet
  facet normal 0 0 -1
    outer loop
      vertex -34.0263 -19.8035 -16
      vertex -32.3235 -16.3506 -16
      vertex -33.5495 -20.0196 -16
    endloop
  endfacet
  facet normal -0 0 -1
    outer loop
      vertex -32.3235 -16.3506 -16
      vertex -34.0263 -19.8035 -16
      vertex -32.563 -16.2226 -16
    endloop
  endfacet
  facet normal 0 0 -1
    outer loop
      vertex -34.488 -19.5568 -16
      vertex -32.563 -16.2226 -16
      vertex -34.0263 -19.8035 -16
    endloop
  endfacet
  facet normal -0 0 -1
    outer loop
      vertex -32.563 -16.2226 -16
      vertex -34.488 -19.5568 -16
      vertex -32.7936 -16.0792 -16
    endloop
  endfacet
  facet normal 0 0 -1
    outer loop
      vertex -34.9326 -19.2803 -16
      vertex -32.7936 -16.0792 -16
      vertex -34.488 -19.5568 -16
    endloop
  endfacet
  facet normal -0 0 -1
    outer loop
      vertex -32.7936 -16.0792 -16
      vertex -34.9326 -19.2803 -16
      vertex -33.0144 -15.921 -16
    endloop
  endfacet
  facet normal 0 0 -1
    outer loop
      vertex -35.3581 -18.9754 -16
      vertex -33.0144 -15.921 -16
      vertex -34.9326 -19.2803 -16
    endloop
  endfacet
  facet normal -0 0 -1
    outer loop
      vertex -33.0144 -15.921 -16
      vertex -35.3581 -18.9754 -16
      vertex -33.2243 -15.7487 -16
    endloop
  endfacet
  facet normal 0 0 -1
    outer loop
      vertex -35.7628 -18.6433 -16
      vertex -33.2243 -15.7487 -16
      vertex -35.3581 -18.9754 -16
    endloop
  endfacet
  facet normal -0 0 -1
    outer loop
      vertex -33.2243 -15.7487 -16
      vertex -35.7628 -18.6433 -16
      vertex -33.4225 -15.563 -16
    endloop
  endfacet
  facet normal 0 0 -1
    outer loop
      vertex -36.1449 -18.2854 -16
      vertex -33.4225 -15.563 -16
      vertex -35.7628 -18.6433 -16
    endloop
  endfacet
  facet normal -0 0 -1
    outer loop
      vertex -33.4225 -15.563 -16
      vertex -36.1449 -18.2854 -16
      vertex -33.6082 -15.3648 -16
    endloop
  endfacet
  facet normal 0 0 -1
    outer loop
      vertex -36.5027 -17.9033 -16
      vertex -33.6082 -15.3648 -16
      vertex -36.1449 -18.2854 -16
    endloop
  endfacet
  facet normal -0 0 -1
    outer loop
      vertex -33.6082 -15.3648 -16
      vertex -36.5027 -17.9033 -16
      vertex -33.7804 -15.1549 -16
    endloop
  endfacet
  facet normal 0 0 -1
    outer loop
      vertex -36.8349 -17.4986 -16
      vertex -33.7804 -15.1549 -16
      vertex -36.5027 -17.9033 -16
    endloop
  endfacet
  facet normal -0 0 -1
    outer loop
      vertex -33.7804 -15.1549 -16
      vertex -36.8349 -17.4986 -16
      vertex -33.9386 -14.9342 -16
    endloop
  endfacet
  facet normal 0 0 -1
    outer loop
      vertex -37.1398 -17.0731 -16
      vertex -33.9386 -14.9342 -16
      vertex -36.8349 -17.4986 -16
    endloop
  endfacet
  facet normal -0 0 -1
    outer loop
      vertex -33.9386 -14.9342 -16
      vertex -37.1398 -17.0731 -16
      vertex -34.082 -14.7036 -16
    endloop
  endfacet
  facet normal 0 0 -1
    outer loop
      vertex -37.4162 -16.6286 -16
      vertex -34.082 -14.7036 -16
      vertex -37.1398 -17.0731 -16
    endloop
  endfacet
  facet normal -0 0 -1
    outer loop
      vertex -34.082 -14.7036 -16
      vertex -37.4162 -16.6286 -16
      vertex -34.21 -14.4641 -16
    endloop
  endfacet
  facet normal 0 0 -1
    outer loop
      vertex -26.894 -10.5536 -16
      vertex -23.5598 -8.62855 -16
      vertex -26.766 -10.7931 -16
    endloop
  endfacet
  facet normal -0 0 -1
    outer loop
      vertex -23.5598 -8.62855 -16
      vertex -26.894 -10.5536 -16
      vertex -23.8363 -8.18399 -16
    endloop
  endfacet
  facet normal 0 0 -1
    outer loop
      vertex -27.0374 -10.3229 -16
      vertex -23.8363 -8.18399 -16
      vertex -26.894 -10.5536 -16
    endloop
  endfacet
  facet normal -0 0 -1
    outer loop
      vertex -23.8363 -8.18399 -16
      vertex -27.0374 -10.3229 -16
      vertex -24.1412 -7.75846 -16
    endloop
  endfacet
  facet normal 0 0 -1
    outer loop
      vertex -27.1956 -10.1022 -16
      vertex -24.1412 -7.75846 -16
      vertex -27.0374 -10.3229 -16
    endloop
  endfacet
  facet normal -0 0 -1
    outer loop
      vertex -24.1412 -7.75846 -16
      vertex -27.1956 -10.1022 -16
      vertex -24.4733 -7.35379 -16
    endloop
  endfacet
  facet normal 0 0 -1
    outer loop
      vertex -27.3679 -9.89227 -16
      vertex -24.4733 -7.35379 -16
      vertex -27.1956 -10.1022 -16
    endloop
  endfacet
  facet normal -0 0 -1
    outer loop
      vertex -24.4733 -7.35379 -16
      vertex -27.3679 -9.89227 -16
      vertex -24.8312 -6.9717 -16
    endloop
  endfacet
  facet normal 0 0 -1
    outer loop
      vertex -27.5535 -9.69406 -16
      vertex -24.8312 -6.9717 -16
      vertex -27.3679 -9.89227 -16
    endloop
  endfacet
  facet normal -0 0 -1
    outer loop
      vertex -24.8312 -6.9717 -16
      vertex -27.5535 -9.69406 -16
      vertex -25.2133 -6.61383 -16
    endloop
  endfacet
  facet normal 0 0 -1
    outer loop
      vertex -27.7517 -9.50842 -16
      vertex -25.2133 -6.61383 -16
      vertex -27.5535 -9.69406 -16
    endloop
  endfacet
  facet normal -0 0 -1
    outer loop
      vertex -25.2133 -6.61383 -16
      vertex -27.7517 -9.50842 -16
      vertex -25.6179 -6.28173 -16
    endloop
  endfacet
  facet normal 0 0 -1
    outer loop
      vertex -27.9617 -9.33614 -16
      vertex -25.6179 -6.28173 -16
      vertex -27.7517 -9.50842 -16
    endloop
  endfacet
  facet normal -0 0 -1
    outer loop
      vertex -25.6179 -6.28173 -16
      vertex -27.9617 -9.33614 -16
      vertex -26.0435 -5.9768 -16
    endloop
  endfacet
  facet normal 0 0 -1
    outer loop
      vertex -28.1824 -9.17795 -16
      vertex -26.0435 -5.9768 -16
      vertex -27.9617 -9.33614 -16
    endloop
  endfacet
  facet normal -0 0 -1
    outer loop
      vertex -26.0435 -5.9768 -16
      vertex -28.1824 -9.17795 -16
      vertex -26.488 -5.70035 -16
    endloop
  endfacet
  facet normal 0 0 -1
    outer loop
      vertex -28.413 -9.03455 -16
      vertex -26.488 -5.70035 -16
      vertex -28.1824 -9.17795 -16
    endloop
  endfacet
  facet normal -0 0 -1
    outer loop
      vertex -26.488 -5.70035 -16
      vertex -28.413 -9.03455 -16
      vertex -26.9497 -5.45357 -16
    endloop
  endfacet
  facet normal 0 0 -1
    outer loop
      vertex -28.6525 -8.90653 -16
      vertex -26.9497 -5.45357 -16
      vertex -28.413 -9.03455 -16
    endloop
  endfacet
  facet normal -0 0 -1
    outer loop
      vertex -26.9497 -5.45357 -16
      vertex -28.6525 -8.90653 -16
      vertex -27.4266 -5.23752 -16
    endloop
  endfacet
  facet normal 0 0 -1
    outer loop
      vertex -28.8999 -8.79445 -16
      vertex -27.4266 -5.23752 -16
      vertex -28.6525 -8.90653 -16
    endloop
  endfacet
  facet normal -0 0 -1
    outer loop
      vertex -27.4266 -5.23752 -16
      vertex -28.8999 -8.79445 -16
      vertex -27.9165 -5.05311 -16
    endloop
  endfacet
  facet normal 0 0 -1
    outer loop
      vertex -29.154 -8.69879 -16
      vertex -27.9165 -5.05311 -16
      vertex -28.8999 -8.79445 -16
    endloop
  endfacet
  facet normal -0 0 -1
    outer loop
      vertex -27.9165 -5.05311 -16
      vertex -29.154 -8.69879 -16
      vertex -28.4175 -4.90115 -16
    endloop
  endfacet
  facet normal 0 0 -1
    outer loop
      vertex -29.4139 -8.61996 -16
      vertex -28.4175 -4.90115 -16
      vertex -29.154 -8.69879 -16
    endloop
  endfacet
  facet normal -0 0 -1
    outer loop
      vertex -28.4175 -4.90115 -16
      vertex -29.4139 -8.61996 -16
      vertex -28.9273 -4.78227 -16
    endloop
  endfacet
  facet normal 0 0 -1
    outer loop
      vertex -29.6784 -8.55829 -16
      vertex -28.9273 -4.78227 -16
      vertex -29.4139 -8.61996 -16
    endloop
  endfacet
  facet normal -0 0 -1
    outer loop
      vertex -28.9273 -4.78227 -16
      vertex -29.6784 -8.55829 -16
      vertex -29.4438 -4.69699 -16
    endloop
  endfacet
  facet normal 0 0 -1
    outer loop
      vertex -29.9463 -8.51406 -16
      vertex -29.4438 -4.69699 -16
      vertex -29.6784 -8.55829 -16
    endloop
  endfacet
  facet normal 0 0 -1
    outer loop
      vertex -29.9463 -8.51406 -16
      vertex -29.9648 -4.64568 -16
      vertex -29.4438 -4.69699 -16
    endloop
  endfacet
  facet normal 0 0 -1
    outer loop
      vertex -30.2166 -8.48744 -16
      vertex -29.9648 -4.64568 -16
      vertex -29.9463 -8.51406 -16
    endloop
  endfacet
  facet normal 0 0 -1
    outer loop
      vertex -30.488 -8.47855 -16
      vertex -29.9648 -4.64568 -16
      vertex -30.2166 -8.48744 -16
    endloop
  endfacet
  facet normal 0 0 -1
    outer loop
      vertex -30.488 -8.47855 -16
      vertex -30.488 -4.62855 -16
      vertex -29.9648 -4.64568 -16
    endloop
  endfacet
  facet normal 0 0 -1
    outer loop
      vertex -30.7594 -8.48744 -16
      vertex -30.488 -4.62855 -16
      vertex -30.488 -8.47855 -16
    endloop
  endfacet
  facet normal 0 0 -1
    outer loop
      vertex -30.7594 -8.48744 -16
      vertex -31.0112 -4.64568 -16
      vertex -30.488 -4.62855 -16
    endloop
  endfacet
  facet normal 0 0 -1
    outer loop
      vertex -31.0297 -8.51406 -16
      vertex -31.0112 -4.64568 -16
      vertex -30.7594 -8.48744 -16
    endloop
  endfacet
  facet normal 0 0 -1
    outer loop
      vertex -31.5322 -4.69699 -16
      vertex -31.0297 -8.51406 -16
      vertex -31.2976 -8.55829 -16
    endloop
  endfacet
  facet normal 0 0 -1
    outer loop
      vertex -31.0297 -8.51406 -16
      vertex -31.5322 -4.69699 -16
      vertex -31.0112 -4.64568 -16
    endloop
  endfacet
  facet normal 0 0 -1
    outer loop
      vertex -32.0487 -4.78227 -16
      vertex -31.2976 -8.55829 -16
      vertex -31.5621 -8.61996 -16
    endloop
  endfacet
  facet normal 0 0 -1
    outer loop
      vertex -32.5586 -4.90115 -16
      vertex -31.5621 -8.61996 -16
      vertex -31.822 -8.69879 -16
    endloop
  endfacet
  facet normal 0 0 -1
    outer loop
      vertex -31.2976 -8.55829 -16
      vertex -32.0487 -4.78227 -16
      vertex -31.5322 -4.69699 -16
    endloop
  endfacet
  facet normal 0 0 -1
    outer loop
      vertex -33.0595 -5.05311 -16
      vertex -31.822 -8.69879 -16
      vertex -32.0762 -8.79445 -16
    endloop
  endfacet
  facet normal 0 0 -1
    outer loop
      vertex -33.5495 -5.23752 -16
      vertex -32.0762 -8.79445 -16
      vertex -32.3235 -8.90653 -16
    endloop
  endfacet
  facet normal 0 0 -1
    outer loop
      vertex -31.5621 -8.61996 -16
      vertex -32.5586 -4.90115 -16
      vertex -32.0487 -4.78227 -16
    endloop
  endfacet
  facet normal 0 0 -1
    outer loop
      vertex -34.0263 -5.45357 -16
      vertex -32.3235 -8.90653 -16
      vertex -32.563 -9.03455 -16
    endloop
  endfacet
  facet normal 0 0 -1
    outer loop
      vertex -34.488 -5.70035 -16
      vertex -32.563 -9.03455 -16
      vertex -32.7936 -9.17795 -16
    endloop
  endfacet
  facet normal 0 0 -1
    outer loop
      vertex -34.9326 -5.9768 -16
      vertex -32.7936 -9.17795 -16
      vertex -33.0144 -9.33614 -16
    endloop
  endfacet
  facet normal 0 0 -1
    outer loop
      vertex -31.822 -8.69879 -16
      vertex -33.0595 -5.05311 -16
      vertex -32.5586 -4.90115 -16
    endloop
  endfacet
  facet normal 0 0 -1
    outer loop
      vertex -35.3581 -6.28173 -16
      vertex -33.0144 -9.33614 -16
      vertex -33.2243 -9.50842 -16
    endloop
  endfacet
  facet normal 0 0 -1
    outer loop
      vertex -35.7628 -6.61383 -16
      vertex -33.2243 -9.50842 -16
      vertex -33.4225 -9.69406 -16
    endloop
  endfacet
  facet normal 0 0 -1
    outer loop
      vertex -32.0762 -8.79445 -16
      vertex -33.5495 -5.23752 -16
      vertex -33.0595 -5.05311 -16
    endloop
  endfacet
  facet normal 0 0 -1
    outer loop
      vertex -36.1449 -6.9717 -16
      vertex -33.4225 -9.69406 -16
      vertex -33.6082 -9.89227 -16
    endloop
  endfacet
  facet normal 0 0 -1
    outer loop
      vertex -36.5027 -7.35379 -16
      vertex -33.6082 -9.89227 -16
      vertex -33.7804 -10.1022 -16
    endloop
  endfacet
  facet normal 0 0 -1
    outer loop
      vertex -36.8349 -7.75846 -16
      vertex -33.7804 -10.1022 -16
      vertex -33.9386 -10.3229 -16
    endloop
  endfacet
  facet normal 0 0 -1
    outer loop
      vertex -32.3235 -8.90653 -16
      vertex -34.0263 -5.45357 -16
      vertex -33.5495 -5.23752 -16
    endloop
  endfacet
  facet normal 0 0 -1
    outer loop
      vertex -37.1398 -8.18399 -16
      vertex -33.9386 -10.3229 -16
      vertex -34.082 -10.5536 -16
    endloop
  endfacet
  facet normal 0 0 -1
    outer loop
      vertex -37.4162 -8.62855 -16
      vertex -34.082 -10.5536 -16
      vertex -34.21 -10.7931 -16
    endloop
  endfacet
  facet normal 0 0 -1
    outer loop
      vertex -37.663 -9.09024 -16
      vertex -34.21 -10.7931 -16
      vertex -34.3221 -11.0404 -16
    endloop
  endfacet
  facet normal 0 0 -1
    outer loop
      vertex -37.8791 -9.56709 -16
      vertex -34.3221 -11.0404 -16
      vertex -34.4178 -11.2946 -16
    endloop
  endfacet
  facet normal 0 0 -1
    outer loop
      vertex -32.563 -9.03455 -16
      vertex -34.488 -5.70035 -16
      vertex -34.0263 -5.45357 -16
    endloop
  endfacet
  facet normal 0 0 -1
    outer loop
      vertex -38.0635 -10.057 -16
      vertex -34.4178 -11.2946 -16
      vertex -34.4966 -11.5545 -16
    endloop
  endfacet
  facet normal 0 0 -1
    outer loop
      vertex -38.2154 -10.558 -16
      vertex -34.4966 -11.5545 -16
      vertex -34.5583 -11.8189 -16
    endloop
  endfacet
  facet normal 0 0 -1
    outer loop
      vertex -38.3343 -11.0678 -16
      vertex -34.5583 -11.8189 -16
      vertex -34.6025 -12.0869 -16
    endloop
  endfacet
  facet normal 0 0 -1
    outer loop
      vertex -38.4196 -11.5843 -16
      vertex -34.6025 -12.0869 -16
      vertex -34.6291 -12.3571 -16
    endloop
  endfacet
  facet normal 0 0 -1
    outer loop
      vertex -38.4709 -12.1053 -16
      vertex -34.6291 -12.3571 -16
      vertex -34.638 -12.6286 -16
    endloop
  endfacet
  facet normal 0 0 -1
    outer loop
      vertex -37.663 -16.1669 -16
      vertex -34.21 -14.4641 -16
      vertex -37.4162 -16.6286 -16
    endloop
  endfacet
  facet normal 0 0 -1
    outer loop
      vertex -32.7936 -9.17795 -16
      vertex -34.9326 -5.9768 -16
      vertex -34.488 -5.70035 -16
    endloop
  endfacet
  facet normal -0 0 -1
    outer loop
      vertex -34.21 -14.4641 -16
      vertex -37.663 -16.1669 -16
      vertex -34.3221 -14.2167 -16
    endloop
  endfacet
  facet normal 0 0 -1
    outer loop
      vertex -33.0144 -9.33614 -16
      vertex -35.3581 -6.28173 -16
      vertex -34.9326 -5.9768 -16
    endloop
  endfacet
  facet normal 0 0 -1
    outer loop
      vertex -37.8791 -15.69 -16
      vertex -34.3221 -14.2167 -16
      vertex -37.663 -16.1669 -16
    endloop
  endfacet
  facet normal 0 0 -1
    outer loop
      vertex -33.2243 -9.50842 -16
      vertex -35.7628 -6.61383 -16
      vertex -35.3581 -6.28173 -16
    endloop
  endfacet
  facet normal -0 0 -1
    outer loop
      vertex -34.3221 -14.2167 -16
      vertex -37.8791 -15.69 -16
      vertex -34.4178 -13.9625 -16
    endloop
  endfacet
  facet normal 0 0 -1
    outer loop
      vertex -33.4225 -9.69406 -16
      vertex -36.1449 -6.9717 -16
      vertex -35.7628 -6.61383 -16
    endloop
  endfacet
  facet normal 0 0 -1
    outer loop
      vertex -38.0635 -15.2001 -16
      vertex -34.4178 -13.9625 -16
      vertex -37.8791 -15.69 -16
    endloop
  endfacet
  facet normal 0 0 -1
    outer loop
      vertex -33.6082 -9.89227 -16
      vertex -36.5027 -7.35379 -16
      vertex -36.1449 -6.9717 -16
    endloop
  endfacet
  facet normal -0 0 -1
    outer loop
      vertex -34.4178 -13.9625 -16
      vertex -38.0635 -15.2001 -16
      vertex -34.4966 -13.7027 -16
    endloop
  endfacet
  facet normal 0 0 -1
    outer loop
      vertex -33.7804 -10.1022 -16
      vertex -36.8349 -7.75846 -16
      vertex -36.5027 -7.35379 -16
    endloop
  endfacet
  facet normal 0 0 -1
    outer loop
      vertex -38.2154 -14.6991 -16
      vertex -34.4966 -13.7027 -16
      vertex -38.0635 -15.2001 -16
    endloop
  endfacet
  facet normal 0 0 -1
    outer loop
      vertex -33.9386 -10.3229 -16
      vertex -37.1398 -8.18399 -16
      vertex -36.8349 -7.75846 -16
    endloop
  endfacet
  facet normal -0 0 -1
    outer loop
      vertex -34.4966 -13.7027 -16
      vertex -38.2154 -14.6991 -16
      vertex -34.5583 -13.4382 -16
    endloop
  endfacet
  facet normal 0 0 -1
    outer loop
      vertex -34.082 -10.5536 -16
      vertex -37.4162 -8.62855 -16
      vertex -37.1398 -8.18399 -16
    endloop
  endfacet
  facet normal 0 0 -1
    outer loop
      vertex -38.3343 -14.1893 -16
      vertex -34.5583 -13.4382 -16
      vertex -38.2154 -14.6991 -16
    endloop
  endfacet
  facet normal 0 0 -1
    outer loop
      vertex -34.21 -10.7931 -16
      vertex -37.663 -9.09024 -16
      vertex -37.4162 -8.62855 -16
    endloop
  endfacet
  facet normal -0 0 -1
    outer loop
      vertex -34.5583 -13.4382 -16
      vertex -38.3343 -14.1893 -16
      vertex -34.6025 -13.1702 -16
    endloop
  endfacet
  facet normal 0 0 -1
    outer loop
      vertex -34.3221 -11.0404 -16
      vertex -37.8791 -9.56709 -16
      vertex -37.663 -9.09024 -16
    endloop
  endfacet
  facet normal 0 0 -1
    outer loop
      vertex -38.4196 -13.6728 -16
      vertex -34.6025 -13.1702 -16
      vertex -38.3343 -14.1893 -16
    endloop
  endfacet
  facet normal 0 0 -1
    outer loop
      vertex -34.4178 -11.2946 -16
      vertex -38.0635 -10.057 -16
      vertex -37.8791 -9.56709 -16
    endloop
  endfacet
  facet normal -0 0 -1
    outer loop
      vertex -34.6025 -13.1702 -16
      vertex -38.4196 -13.6728 -16
      vertex -34.6291 -12.9 -16
    endloop
  endfacet
  facet normal 0 0 -1
    outer loop
      vertex -34.4966 -11.5545 -16
      vertex -38.2154 -10.558 -16
      vertex -38.0635 -10.057 -16
    endloop
  endfacet
  facet normal 0 0 -1
    outer loop
      vertex -38.4709 -13.1518 -16
      vertex -34.6291 -12.9 -16
      vertex -38.4196 -13.6728 -16
    endloop
  endfacet
  facet normal 0 0 -1
    outer loop
      vertex -34.5583 -11.8189 -16
      vertex -38.3343 -11.0678 -16
      vertex -38.2154 -10.558 -16
    endloop
  endfacet
  facet normal -0 0 -1
    outer loop
      vertex -34.6291 -12.9 -16
      vertex -38.4709 -13.1518 -16
      vertex -34.638 -12.6286 -16
    endloop
  endfacet
  facet normal 0 0 -1
    outer loop
      vertex -34.6025 -12.0869 -16
      vertex -38.4196 -11.5843 -16
      vertex -38.3343 -11.0678 -16
    endloop
  endfacet
  facet normal 0 0 -1
    outer loop
      vertex -38.488 -12.6286 -16
      vertex -34.638 -12.6286 -16
      vertex -38.4709 -13.1518 -16
    endloop
  endfacet
  facet normal 0 0 -1
    outer loop
      vertex -34.6291 -12.3571 -16
      vertex -38.4709 -12.1053 -16
      vertex -38.4196 -11.5843 -16
    endloop
  endfacet
  facet normal 0 0 -1
    outer loop
      vertex -34.638 -12.6286 -16
      vertex -38.488 -12.6286 -16
      vertex -38.4709 -12.1053 -16
    endloop
  endfacet
  facet normal -0.999466 -0.032666 0
    outer loop
      vertex -38.4709 -13.1518 -16
      vertex -38.488 -12.6286 0
      vertex -38.488 -12.6286 -16
    endloop
  endfacet
  facet normal -0.999466 -0.032666 0
    outer loop
      vertex -38.488 -12.6286 0
      vertex -38.4709 -13.1518 -16
      vertex -38.4709 -13.1518 0
    endloop
  endfacet
  facet normal -0.352228 0.935914 0
    outer loop
      vertex -33.0595 -5.05311 -16
      vertex -33.5495 -5.23752 0
      vertex -33.0595 -5.05311 0
    endloop
  endfacet
  facet normal -0.352228 0.935914 0
    outer loop
      vertex -33.5495 -5.23752 0
      vertex -33.0595 -5.05311 -16
      vertex -33.5495 -5.23752 -16
    endloop
  endfacet
  facet normal 0.290255 0.956949 -0
    outer loop
      vertex -27.9165 -5.05311 -16
      vertex -28.4175 -4.90115 0
      vertex -27.9165 -5.05311 0
    endloop
  endfacet
  facet normal 0.290255 0.956949 0
    outer loop
      vertex -28.4175 -4.90115 0
      vertex -27.9165 -5.05311 -16
      vertex -28.4175 -4.90115 -16
    endloop
  endfacet
  facet normal -0.41273 0.910853 0
    outer loop
      vertex -33.5495 -5.23752 -16
      vertex -34.0263 -5.45357 0
      vertex -33.5495 -5.23752 0
    endloop
  endfacet
  facet normal -0.41273 0.910853 0
    outer loop
      vertex -34.0263 -5.45357 0
      vertex -33.5495 -5.23752 -16
      vertex -34.0263 -5.45357 -16
    endloop
  endfacet
  facet normal 0.881904 0.471429 0
    outer loop
      vertex -23.313 -9.09024 0
      vertex -23.5598 -8.62855 -16
      vertex -23.5598 -8.62855 0
    endloop
  endfacet
  facet normal 0.881904 0.471429 0
    outer loop
      vertex -23.5598 -8.62855 -16
      vertex -23.313 -9.09024 0
      vertex -23.313 -9.09024 -16
    endloop
  endfacet
  facet normal 0.812874 0.582439 0
    outer loop
      vertex -23.8363 -8.18399 0
      vertex -24.1412 -7.75846 -16
      vertex -24.1412 -7.75846 0
    endloop
  endfacet
  facet normal 0.812874 0.582439 0
    outer loop
      vertex -24.1412 -7.75846 -16
      vertex -23.8363 -8.18399 0
      vertex -23.8363 -8.18399 -16
    endloop
  endfacet
  facet normal 0.352291 0.93589 -0
    outer loop
      vertex -27.4266 -5.23752 -16
      vertex -27.9165 -5.05311 0
      vertex -27.4266 -5.23752 0
    endloop
  endfacet
  facet normal 0.352291 0.93589 0
    outer loop
      vertex -27.9165 -5.05311 0
      vertex -27.4266 -5.23752 -16
      vertex -27.9165 -5.05311 -16
    endloop
  endfacet
  facet normal 0.528126 0.849166 -0
    outer loop
      vertex -26.0435 -5.9768 -16
      vertex -26.488 -5.70035 0
      vertex -26.0435 -5.9768 0
    endloop
  endfacet
  facet normal 0.528126 0.849166 0
    outer loop
      vertex -26.488 -5.70035 0
      vertex -26.0435 -5.9768 -16
      vertex -26.488 -5.70035 -16
    endloop
  endfacet
  facet normal 0.683586 0.72987 -0
    outer loop
      vertex -24.8312 -6.9717 -16
      vertex -25.2133 -6.61383 0
      vertex -24.8312 -6.9717 0
    endloop
  endfacet
  facet normal 0.683586 0.72987 0
    outer loop
      vertex -25.2133 -6.61383 0
      vertex -24.8312 -6.9717 -16
      vertex -25.2133 -6.61383 -16
    endloop
  endfacet
  facet normal -0.471391 0.881924 0
    outer loop
      vertex -34.0263 -5.45357 -16
      vertex -34.488 -5.70035 0
      vertex -34.0263 -5.45357 0
    endloop
  endfacet
  facet normal -0.471391 0.881924 0
    outer loop
      vertex -34.488 -5.70035 0
      vertex -34.0263 -5.45357 -16
      vertex -34.488 -5.70035 -16
    endloop
  endfacet
  facet normal -0.634361 0.773037 0
    outer loop
      vertex -35.3581 -6.28173 -16
      vertex -35.7628 -6.61383 0
      vertex -35.3581 -6.28173 0
    endloop
  endfacet
  facet normal -0.634361 0.773037 0
    outer loop
      vertex -35.7628 -6.61383 0
      vertex -35.3581 -6.28173 -16
      vertex -35.7628 -6.61383 -16
    endloop
  endfacet
  facet normal -0.582504 0.812828 0
    outer loop
      vertex -34.9326 -5.9768 -16
      vertex -35.3581 -6.28173 0
      vertex -34.9326 -5.9768 0
    endloop
  endfacet
  facet normal -0.582504 0.812828 0
    outer loop
      vertex -35.3581 -6.28173 0
      vertex -34.9326 -5.9768 -16
      vertex -35.3581 -6.28173 -16
    endloop
  endfacet
  facet normal -0.772944 -0.634475 0
    outer loop
      vertex -36.5027 -17.9033 -16
      vertex -36.8349 -17.4986 0
      vertex -36.8349 -17.4986 -16
    endloop
  endfacet
  facet normal -0.772944 -0.634475 0
    outer loop
      vertex -36.8349 -17.4986 0
      vertex -36.5027 -17.9033 -16
      vertex -36.5027 -17.9033 0
    endloop
  endfacet
  facet normal -0.986636 -0.162943 0
    outer loop
      vertex -38.3343 -14.1893 -16
      vertex -38.4196 -13.6728 0
      vertex -38.4196 -13.6728 -16
    endloop
  endfacet
  facet normal -0.986636 -0.162943 0
    outer loop
      vertex -38.4196 -13.6728 0
      vertex -38.3343 -14.1893 -16
      vertex -38.3343 -14.1893 0
    endloop
  endfacet
  facet normal -0.849241 0.528006 0
    outer loop
      vertex -37.4162 -8.62855 -16
      vertex -37.1398 -8.18399 0
      vertex -37.1398 -8.18399 -16
    endloop
  endfacet
  facet normal -0.849241 0.528006 0
    outer loop
      vertex -37.1398 -8.18399 0
      vertex -37.4162 -8.62855 -16
      vertex -37.4162 -8.62855 0
    endloop
  endfacet
  facet normal -0.935899 0.352268 0
    outer loop
      vertex -38.0635 -10.057 -16
      vertex -37.8791 -9.56709 0
      vertex -37.8791 -9.56709 -16
    endloop
  endfacet
  facet normal -0.935899 0.352268 0
    outer loop
      vertex -37.8791 -9.56709 0
      vertex -38.0635 -10.057 -16
      vertex -38.0635 -10.057 0
    endloop
  endfacet
  facet normal -0.910834 0.412774 0
    outer loop
      vertex -37.8791 -9.56709 -16
      vertex -37.663 -9.09024 0
      vertex -37.663 -9.09024 -16
    endloop
  endfacet
  facet normal -0.910834 0.412774 0
    outer loop
      vertex -37.663 -9.09024 0
      vertex -37.8791 -9.56709 -16
      vertex -37.8791 -9.56709 0
    endloop
  endfacet
  facet normal -0.973864 0.227133 0
    outer loop
      vertex -38.3343 -11.0678 -16
      vertex -38.2154 -10.558 0
      vertex -38.2154 -10.558 -16
    endloop
  endfacet
  facet normal -0.973864 0.227133 0
    outer loop
      vertex -38.2154 -10.558 0
      vertex -38.3343 -11.0678 -16
      vertex -38.3343 -11.0678 0
    endloop
  endfacet
  facet normal -0.0980095 0.995185 0
    outer loop
      vertex -31.0112 -4.64568 -16
      vertex -31.5322 -4.69699 0
      vertex -31.0112 -4.64568 0
    endloop
  endfacet
  facet normal -0.0980095 0.995185 0
    outer loop
      vertex -31.5322 -4.69699 0
      vertex -31.0112 -4.64568 -16
      vertex -31.5322 -4.69699 -16
    endloop
  endfacet
  facet normal -0.227055 0.973882 0
    outer loop
      vertex -32.0487 -4.78227 -16
      vertex -32.5586 -4.90115 0
      vertex -32.0487 -4.78227 0
    endloop
  endfacet
  facet normal -0.227055 0.973882 0
    outer loop
      vertex -32.5586 -4.90115 0
      vertex -32.0487 -4.78227 -16
      vertex -32.5586 -4.90115 -16
    endloop
  endfacet
  facet normal 0.162906 0.986642 -0
    outer loop
      vertex -28.9273 -4.78227 -16
      vertex -29.4438 -4.69699 0
      vertex -28.9273 -4.78227 0
    endloop
  endfacet
  facet normal 0.162906 0.986642 0
    outer loop
      vertex -29.4438 -4.69699 0
      vertex -28.9273 -4.78227 -16
      vertex -29.4438 -4.69699 -16
    endloop
  endfacet
  facet normal -0.290309 0.956933 0
    outer loop
      vertex -32.5586 -4.90115 -16
      vertex -33.0595 -5.05311 0
      vertex -32.5586 -4.90115 0
    endloop
  endfacet
  facet normal -0.290309 0.956933 0
    outer loop
      vertex -33.0595 -5.05311 0
      vertex -32.5586 -4.90115 -16
      vertex -33.0595 -5.05311 -16
    endloop
  endfacet
  facet normal 0.849155 0.528143 0
    outer loop
      vertex -23.5598 -8.62855 0
      vertex -23.8363 -8.18399 -16
      vertex -23.8363 -8.18399 0
    endloop
  endfacet
  facet normal 0.849155 0.528143 0
    outer loop
      vertex -23.8363 -8.18399 -16
      vertex -23.5598 -8.62855 0
      vertex -23.5598 -8.62855 -16
    endloop
  endfacet
  facet normal 0.412659 0.910886 -0
    outer loop
      vertex -26.9497 -5.45357 -16
      vertex -27.4266 -5.23752 0
      vertex -26.9497 -5.45357 0
    endloop
  endfacet
  facet normal 0.412659 0.910886 0
    outer loop
      vertex -27.4266 -5.23752 0
      vertex -26.9497 -5.45357 -16
      vertex -27.4266 -5.23752 -16
    endloop
  endfacet
  facet normal 0.729832 0.683627 0
    outer loop
      vertex -24.4733 -7.35379 0
      vertex -24.8312 -6.9717 -16
      vertex -24.8312 -6.9717 0
    endloop
  endfacet
  facet normal 0.729832 0.683627 0
    outer loop
      vertex -24.8312 -6.9717 -16
      vertex -24.4733 -7.35379 0
      vertex -24.4733 -7.35379 -16
    endloop
  endfacet
  facet normal 0.773014 0.634389 0
    outer loop
      vertex -24.1412 -7.75846 0
      vertex -24.4733 -7.35379 -16
      vertex -24.4733 -7.35379 0
    endloop
  endfacet
  facet normal 0.773014 0.634389 0
    outer loop
      vertex -24.4733 -7.35379 -16
      vertex -24.1412 -7.75846 0
      vertex -24.1412 -7.75846 -16
    endloop
  endfacet
  facet normal -0.881904 0.471429 0
    outer loop
      vertex -37.663 -9.09024 -16
      vertex -37.4162 -8.62855 0
      vertex -37.4162 -8.62855 -16
    endloop
  endfacet
  facet normal -0.881904 0.471429 0
    outer loop
      vertex -37.4162 -8.62855 0
      vertex -37.663 -9.09024 -16
      vertex -37.663 -9.09024 0
    endloop
  endfacet
  facet normal -0.0327233 0.999464 0
    outer loop
      vertex -30.488 -4.62855 -16
      vertex -31.0112 -4.64568 0
      vertex -30.488 -4.62855 0
    endloop
  endfacet
  facet normal -0.0327233 0.999464 0
    outer loop
      vertex -31.0112 -4.64568 0
      vertex -30.488 -4.62855 -16
      vertex -31.0112 -4.64568 -16
    endloop
  endfacet
  facet normal -0.162906 0.986642 0
    outer loop
      vertex -31.5322 -4.69699 -16
      vertex -32.0487 -4.78227 0
      vertex -31.5322 -4.69699 0
    endloop
  endfacet
  facet normal -0.162906 0.986642 0
    outer loop
      vertex -32.0487 -4.78227 0
      vertex -31.5322 -4.69699 -16
      vertex -32.0487 -4.78227 -16
    endloop
  endfacet
  facet normal 0.227097 0.973872 -0
    outer loop
      vertex -28.4175 -4.90115 -16
      vertex -28.9273 -4.78227 0
      vertex -28.4175 -4.90115 0
    endloop
  endfacet
  facet normal 0.227097 0.973872 0
    outer loop
      vertex -28.9273 -4.78227 0
      vertex -28.4175 -4.90115 -16
      vertex -28.9273 -4.78227 -16
    endloop
  endfacet
  facet normal 0.634454 0.77296 -0
    outer loop
      vertex -25.2133 -6.61383 -16
      vertex -25.6179 -6.28173 0
      vertex -25.2133 -6.61383 0
    endloop
  endfacet
  facet normal 0.634454 0.77296 0
    outer loop
      vertex -25.6179 -6.28173 0
      vertex -25.2133 -6.61383 -16
      vertex -25.6179 -6.28173 -16
    endloop
  endfacet
  facet normal 0.0327233 0.999464 -0
    outer loop
      vertex -29.9648 -4.64568 -16
      vertex -30.488 -4.62855 0
      vertex -29.9648 -4.64568 0
    endloop
  endfacet
  facet normal 0.0327233 0.999464 0
    outer loop
      vertex -30.488 -4.62855 0
      vertex -29.9648 -4.64568 -16
      vertex -30.488 -4.62855 -16
    endloop
  endfacet
  facet normal 0.0980095 0.995185 -0
    outer loop
      vertex -29.4438 -4.69699 -16
      vertex -29.9648 -4.64568 0
      vertex -29.4438 -4.69699 0
    endloop
  endfacet
  facet normal 0.0980095 0.995185 0
    outer loop
      vertex -29.9648 -4.64568 0
      vertex -29.4438 -4.69699 -16
      vertex -29.9648 -4.64568 -16
    endloop
  endfacet
  facet normal 0.582414 0.812892 -0
    outer loop
      vertex -25.6179 -6.28173 -16
      vertex -26.0435 -5.9768 0
      vertex -25.6179 -6.28173 0
    endloop
  endfacet
  facet normal 0.582414 0.812892 0
    outer loop
      vertex -26.0435 -5.9768 0
      vertex -25.6179 -6.28173 -16
      vertex -26.0435 -5.9768 -16
    endloop
  endfacet
  facet normal -0.35228 -0.935895 0
    outer loop
      vertex -16.0727 -38.8029 0
      vertex -13.5005 -39.7711 6
      vertex -16.0727 -38.8029 6
    endloop
  endfacet
  facet normal -0.35228 -0.935895 -0
    outer loop
      vertex -13.5005 -39.7711 6
      vertex -16.0727 -38.8029 0
      vertex -13.5005 -39.7711 0
    endloop
  endfacet
  facet normal 0.582487 0.81284 -0
    outer loop
      vertex 25.568 33.3208 0
      vertex 23.334 34.9217 6
      vertex 25.568 33.3208 6
    endloop
  endfacet
  facet normal 0.582487 0.81284 0
    outer loop
      vertex 23.334 34.9217 6
      vertex 25.568 33.3208 0
      vertex 23.334 34.9217 0
    endloop
  endfacet
  facet normal -0.35228 0.935895 0
    outer loop
      vertex -13.5005 39.7711 0
      vertex -16.0727 38.8029 6
      vertex -13.5005 39.7711 6
    endloop
  endfacet
  facet normal -0.35228 0.935895 0
    outer loop
      vertex -16.0727 38.8029 6
      vertex -13.5005 39.7711 0
      vertex -16.0727 38.8029 0
    endloop
  endfacet
  facet normal -0.910874 -0.412684 0
    outer loop
      vertex -37.6687 -18.5761 0
      vertex -38.8029 -16.0727 6
      vertex -38.8029 -16.0727 0
    endloop
  endfacet
  facet normal -0.910874 -0.412684 0
    outer loop
      vertex -38.8029 -16.0727 6
      vertex -37.6687 -18.5761 0
      vertex -37.6687 -18.5761 6
    endloop
  endfacet
  facet normal 0.973877 0.227077 0
    outer loop
      vertex 41.193 8.19379 6
      vertex 40.5689 10.8704 0
      vertex 40.5689 10.8704 6
    endloop
  endfacet
  facet normal 0.973877 0.227077 0
    outer loop
      vertex 40.5689 10.8704 0
      vertex 41.193 8.19379 6
      vertex 41.193 8.19379 0
    endloop
  endfacet
  facet normal 0.956944 0.290274 0
    outer loop
      vertex 40.5689 10.8704 6
      vertex 39.7711 13.5005 0
      vertex 39.7711 13.5005 6
    endloop
  endfacet
  facet normal 0.956944 0.290274 0
    outer loop
      vertex 39.7711 13.5005 0
      vertex 40.5689 10.8704 6
      vertex 40.5689 10.8704 0
    endloop
  endfacet
  facet normal 0.773016 0.634386 0
    outer loop
      vertex 33.3208 25.568 6
      vertex 31.5773 27.6925 0
      vertex 31.5773 27.6925 6
    endloop
  endfacet
  facet normal 0.773016 0.634386 0
    outer loop
      vertex 31.5773 27.6925 0
      vertex 33.3208 25.568 6
      vertex 33.3208 25.568 0
    endloop
  endfacet
  facet normal 0.528075 0.849198 -0
    outer loop
      vertex 23.334 34.9217 0
      vertex 21 36.3731 6
      vertex 23.334 34.9217 6
    endloop
  endfacet
  facet normal 0.528075 0.849198 0
    outer loop
      vertex 21 36.3731 6
      vertex 23.334 34.9217 0
      vertex 21 36.3731 0
    endloop
  endfacet
  facet normal 0.0980205 0.995184 -0
    outer loop
      vertex 5.4821 41.6407 0
      vertex 2.74693 41.9101 6
      vertex 5.4821 41.6407 6
    endloop
  endfacet
  facet normal 0.0980205 0.995184 0
    outer loop
      vertex 2.74693 41.9101 6
      vertex 5.4821 41.6407 0
      vertex 2.74693 41.9101 0
    endloop
  endfacet
  facet normal -0.582487 0.81284 0
    outer loop
      vertex -23.334 34.9217 0
      vertex -25.568 33.3208 6
      vertex -23.334 34.9217 6
    endloop
  endfacet
  facet normal -0.582487 0.81284 0
    outer loop
      vertex -25.568 33.3208 6
      vertex -23.334 34.9217 0
      vertex -25.568 33.3208 0
    endloop
  endfacet
  facet normal 0.986643 -0.162895 0
    outer loop
      vertex 41.193 -8.19379 6
      vertex 41.6407 -5.4821 0
      vertex 41.6407 -5.4821 6
    endloop
  endfacet
  facet normal 0.986643 -0.162895 0
    outer loop
      vertex 41.6407 -5.4821 0
      vertex 41.193 -8.19379 6
      vertex 41.193 -8.19379 0
    endloop
  endfacet
  facet normal 0.935895 -0.35228 0
    outer loop
      vertex 38.8029 -16.0727 6
      vertex 39.7711 -13.5005 0
      vertex 39.7711 -13.5005 6
    endloop
  endfacet
  facet normal 0.935895 -0.35228 0
    outer loop
      vertex 39.7711 -13.5005 0
      vertex 38.8029 -16.0727 6
      vertex 38.8029 -16.0727 0
    endloop
  endfacet
  facet normal 0.227077 -0.973877 0
    outer loop
      vertex 8.19379 -41.193 0
      vertex 10.8704 -40.5689 6
      vertex 8.19379 -41.193 6
    endloop
  endfacet
  facet normal 0.227077 -0.973877 0
    outer loop
      vertex 10.8704 -40.5689 6
      vertex 8.19379 -41.193 0
      vertex 10.8704 -40.5689 0
    endloop
  endfacet
  facet normal 0.683588 -0.729868 0
    outer loop
      vertex 27.6925 -31.5773 0
      vertex 29.6985 -29.6985 6
      vertex 27.6925 -31.5773 6
    endloop
  endfacet
  facet normal 0.683588 -0.729868 0
    outer loop
      vertex 29.6985 -29.6985 6
      vertex 27.6925 -31.5773 0
      vertex 29.6985 -29.6985 0
    endloop
  endfacet
  facet normal 0.881921 0.471396 0
    outer loop
      vertex 37.6687 18.5761 6
      vertex 36.3731 21 0
      vertex 36.3731 21 6
    endloop
  endfacet
  facet normal 0.881921 0.471396 0
    outer loop
      vertex 36.3731 21 0
      vertex 37.6687 18.5761 6
      vertex 37.6687 18.5761 0
    endloop
  endfacet
  facet normal 0.729868 0.683588 0
    outer loop
      vertex 31.5773 27.6925 6
      vertex 29.6985 29.6985 0
      vertex 29.6985 29.6985 6
    endloop
  endfacet
  facet normal 0.729868 0.683588 0
    outer loop
      vertex 29.6985 29.6985 0
      vertex 31.5773 27.6925 6
      vertex 31.5773 27.6925 0
    endloop
  endfacet
  facet normal 0.227077 0.973877 -0
    outer loop
      vertex 10.8704 40.5689 0
      vertex 8.19379 41.193 6
      vertex 10.8704 40.5689 6
    endloop
  endfacet
  facet normal 0.227077 0.973877 0
    outer loop
      vertex 8.19379 41.193 6
      vertex 10.8704 40.5689 0
      vertex 8.19379 41.193 0
    endloop
  endfacet
  facet normal 0.35228 0.935895 -0
    outer loop
      vertex 16.0727 38.8029 0
      vertex 13.5005 39.7711 6
      vertex 16.0727 38.8029 6
    endloop
  endfacet
  facet normal 0.35228 0.935895 0
    outer loop
      vertex 13.5005 39.7711 6
      vertex 16.0727 38.8029 0
      vertex 13.5005 39.7711 0
    endloop
  endfacet
  facet normal -0.973877 0.227077 0
    outer loop
      vertex -41.193 8.19379 0
      vertex -40.5689 10.8704 6
      vertex -40.5689 10.8704 0
    endloop
  endfacet
  facet normal -0.973877 0.227077 0
    outer loop
      vertex -40.5689 10.8704 6
      vertex -41.193 8.19379 0
      vertex -41.193 8.19379 6
    endloop
  endfacet
  facet normal -0.935895 0.35228 0
    outer loop
      vertex -39.7711 13.5005 0
      vertex -38.8029 16.0727 6
      vertex -38.8029 16.0727 0
    endloop
  endfacet
  facet normal -0.935895 0.35228 0
    outer loop
      vertex -38.8029 16.0727 6
      vertex -39.7711 13.5005 0
      vertex -39.7711 13.5005 6
    endloop
  endfacet
  facet normal -0.773016 0.634386 0
    outer loop
      vertex -33.3208 25.568 0
      vertex -31.5773 27.6925 6
      vertex -31.5773 27.6925 0
    endloop
  endfacet
  facet normal -0.773016 0.634386 0
    outer loop
      vertex -31.5773 27.6925 6
      vertex -33.3208 25.568 0
      vertex -33.3208 25.568 6
    endloop
  endfacet
  facet normal -0.849198 0.528075 0
    outer loop
      vertex -36.3731 21 0
      vertex -34.9217 23.334 6
      vertex -34.9217 23.334 0
    endloop
  endfacet
  facet normal -0.849198 0.528075 0
    outer loop
      vertex -34.9217 23.334 6
      vertex -36.3731 21 0
      vertex -36.3731 21 6
    endloop
  endfacet
  facet normal -0.81284 0.582487 0
    outer loop
      vertex -34.9217 23.334 0
      vertex -33.3208 25.568 6
      vertex -33.3208 25.568 0
    endloop
  endfacet
  facet normal -0.81284 0.582487 0
    outer loop
      vertex -33.3208 25.568 6
      vertex -34.9217 23.334 0
      vertex -34.9217 23.334 6
    endloop
  endfacet
  facet normal -0.0980205 0.995184 0
    outer loop
      vertex -2.74693 41.9101 0
      vertex -5.4821 41.6407 6
      vertex -2.74693 41.9101 6
    endloop
  endfacet
  facet normal -0.0980205 0.995184 0
    outer loop
      vertex -5.4821 41.6407 6
      vertex -2.74693 41.9101 0
      vertex -5.4821 41.6407 0
    endloop
  endfacet
  facet normal -0.290274 0.956944 0
    outer loop
      vertex -10.8704 40.5689 0
      vertex -13.5005 39.7711 6
      vertex -10.8704 40.5689 6
    endloop
  endfacet
  facet normal -0.290274 0.956944 0
    outer loop
      vertex -13.5005 39.7711 6
      vertex -10.8704 40.5689 0
      vertex -13.5005 39.7711 0
    endloop
  endfacet
  facet normal -0.162895 0.986643 0
    outer loop
      vertex -5.4821 41.6407 0
      vertex -8.19379 41.193 6
      vertex -5.4821 41.6407 6
    endloop
  endfacet
  facet normal -0.162895 0.986643 0
    outer loop
      vertex -8.19379 41.193 6
      vertex -5.4821 41.6407 0
      vertex -8.19379 41.193 0
    endloop
  endfacet
  facet normal -0.471396 0.881921 0
    outer loop
      vertex -18.5761 37.6687 0
      vertex -21 36.3731 6
      vertex -18.5761 37.6687 6
    endloop
  endfacet
  facet normal -0.471396 0.881921 0
    outer loop
      vertex -21 36.3731 6
      vertex -18.5761 37.6687 0
      vertex -21 36.3731 0
    endloop
  endfacet
  facet normal -0.528075 0.849198 0
    outer loop
      vertex -21 36.3731 0
      vertex -23.334 34.9217 6
      vertex -21 36.3731 6
    endloop
  endfacet
  facet normal -0.528075 0.849198 0
    outer loop
      vertex -23.334 34.9217 6
      vertex -21 36.3731 0
      vertex -23.334 34.9217 0
    endloop
  endfacet
  facet normal 0.999465 0.0327099 0
    outer loop
      vertex 42 0 6
      vertex 41.9101 2.74693 0
      vertex 41.9101 2.74693 6
    endloop
  endfacet
  facet normal 0.999465 0.0327099 0
    outer loop
      vertex 41.9101 2.74693 0
      vertex 42 0 6
      vertex 42 0 0
    endloop
  endfacet
  facet normal 0.162895 -0.986643 0
    outer loop
      vertex 5.4821 -41.6407 0
      vertex 8.19379 -41.193 6
      vertex 5.4821 -41.6407 6
    endloop
  endfacet
  facet normal 0.162895 -0.986643 0
    outer loop
      vertex 8.19379 -41.193 6
      vertex 5.4821 -41.6407 0
      vertex 8.19379 -41.193 0
    endloop
  endfacet
  facet normal 0.471396 -0.881921 0
    outer loop
      vertex 18.5761 -37.6687 0
      vertex 21 -36.3731 6
      vertex 18.5761 -37.6687 6
    endloop
  endfacet
  facet normal 0.471396 -0.881921 0
    outer loop
      vertex 21 -36.3731 6
      vertex 18.5761 -37.6687 0
      vertex 21 -36.3731 0
    endloop
  endfacet
  facet normal 0.634386 -0.773016 0
    outer loop
      vertex 25.568 -33.3208 0
      vertex 27.6925 -31.5773 6
      vertex 25.568 -33.3208 6
    endloop
  endfacet
  facet normal 0.634386 -0.773016 0
    outer loop
      vertex 27.6925 -31.5773 6
      vertex 25.568 -33.3208 0
      vertex 27.6925 -31.5773 0
    endloop
  endfacet
  facet normal 0.773016 -0.634386 0
    outer loop
      vertex 31.5773 -27.6925 6
      vertex 33.3208 -25.568 0
      vertex 33.3208 -25.568 6
    endloop
  endfacet
  facet normal 0.773016 -0.634386 0
    outer loop
      vertex 33.3208 -25.568 0
      vertex 31.5773 -27.6925 6
      vertex 31.5773 -27.6925 0
    endloop
  endfacet
  facet normal -0.162895 -0.986643 0
    outer loop
      vertex -8.19379 -41.193 0
      vertex -5.4821 -41.6407 6
      vertex -8.19379 -41.193 6
    endloop
  endfacet
  facet normal -0.162895 -0.986643 -0
    outer loop
      vertex -5.4821 -41.6407 6
      vertex -8.19379 -41.193 0
      vertex -5.4821 -41.6407 0
    endloop
  endfacet
  facet normal -0.0980205 -0.995184 0
    outer loop
      vertex -5.4821 -41.6407 0
      vertex -2.74693 -41.9101 6
      vertex -5.4821 -41.6407 6
    endloop
  endfacet
  facet normal -0.0980205 -0.995184 -0
    outer loop
      vertex -2.74693 -41.9101 6
      vertex -5.4821 -41.6407 0
      vertex -2.74693 -41.9101 0
    endloop
  endfacet
  facet normal -0.528075 -0.849198 0
    outer loop
      vertex -23.334 -34.9217 0
      vertex -21 -36.3731 6
      vertex -23.334 -34.9217 6
    endloop
  endfacet
  facet normal -0.528075 -0.849198 -0
    outer loop
      vertex -21 -36.3731 6
      vertex -23.334 -34.9217 0
      vertex -21 -36.3731 0
    endloop
  endfacet
  facet normal -0.634386 -0.773016 0
    outer loop
      vertex -27.6925 -31.5773 0
      vertex -25.568 -33.3208 6
      vertex -27.6925 -31.5773 6
    endloop
  endfacet
  facet normal -0.634386 -0.773016 -0
    outer loop
      vertex -25.568 -33.3208 6
      vertex -27.6925 -31.5773 0
      vertex -25.568 -33.3208 0
    endloop
  endfacet
  facet normal -0 0 -1
    outer loop
      vertex -15.8631 2.08842 0
      vertex -22.0852 1.43744 0
      vertex -15.6926 3.12144 0
    endloop
  endfacet
  facet normal 0 0 -1
    outer loop
      vertex -22.1854 1.625 0
      vertex -15.6926 3.12144 0
      vertex -22.0852 1.43744 0
    endloop
  endfacet
  facet normal 0 0 -1
    outer loop
      vertex -22.2977 1.8056 0
      vertex -15.6926 3.12144 0
      vertex -22.1854 1.625 0
    endloop
  endfacet
  facet normal 0 0 -1
    outer loop
      vertex -22.4216 1.97847 0
      vertex -15.6926 3.12144 0
      vertex -22.2977 1.8056 0
    endloop
  endfacet
  facet normal -0 0 -1
    outer loop
      vertex -15.6926 3.12144 0
      vertex -22.4216 1.97847 0
      vertex -15.4548 4.1411 0
    endloop
  endfacet
  facet normal 0 0 -1
    outer loop
      vertex -22.5565 2.14287 0
      vertex -15.4548 4.1411 0
      vertex -22.4216 1.97847 0
    endloop
  endfacet
  facet normal 0 0 -1
    outer loop
      vertex -22.7019 2.2981 0
      vertex -15.4548 4.1411 0
      vertex -22.5565 2.14287 0
    endloop
  endfacet
  facet normal 0 0 -1
    outer loop
      vertex -22.8571 2.44348 0
      vertex -15.4548 4.1411 0
      vertex -22.7019 2.2981 0
    endloop
  endfacet
  facet normal -0 0 -1
    outer loop
      vertex -15.4548 4.1411 0
      vertex -22.8571 2.44348 0
      vertex -15.1509 5.14303 0
    endloop
  endfacet
  facet normal 0 0 -1
    outer loop
      vertex -23.0215 2.5784 0
      vertex -15.1509 5.14303 0
      vertex -22.8571 2.44348 0
    endloop
  endfacet
  facet normal 0 0 -1
    outer loop
      vertex -23.1944 2.70228 0
      vertex -15.1509 5.14303 0
      vertex -23.0215 2.5784 0
    endloop
  endfacet
  facet normal -0 0 -1
    outer loop
      vertex -15.1509 5.14303 0
      vertex -23.1944 2.70228 0
      vertex -14.7821 6.12293 0
    endloop
  endfacet
  facet normal 0 0 -1
    outer loop
      vertex -23.375 2.81458 0
      vertex -14.7821 6.12293 0
      vertex -23.1944 2.70228 0
    endloop
  endfacet
  facet normal 0 0 -1
    outer loop
      vertex -23.5626 2.91484 0
      vertex -14.7821 6.12293 0
      vertex -23.375 2.81458 0
    endloop
  endfacet
  facet normal 0 0 -1
    outer loop
      vertex -23.7563 3.00261 0
      vertex -14.7821 6.12293 0
      vertex -23.5626 2.91484 0
    endloop
  endfacet
  facet normal 0 0 -1
    outer loop
      vertex -13.8564 8 0
      vertex -23.334 34.9217 0
      vertex -21 36.3731 0
    endloop
  endfacet
  facet normal -0 0 -1
    outer loop
      vertex -14.7821 6.12293 0
      vertex -23.7563 3.00261 0
      vertex -14.35 7.07662 0
    endloop
  endfacet
  facet normal 0 0 -1
    outer loop
      vertex -23.9553 3.07752 0
      vertex -14.35 7.07662 0
      vertex -23.7563 3.00261 0
    endloop
  endfacet
  facet normal 0 0 -1
    outer loop
      vertex -24.1588 3.13926 0
      vertex -14.35 7.07662 0
      vertex -23.9553 3.07752 0
    endloop
  endfacet
  facet normal -0 0 -1
    outer loop
      vertex -14.35 7.07662 0
      vertex -24.1588 3.13926 0
      vertex -13.8564 8 0
    endloop
  endfacet
  facet normal 0 0 -1
    outer loop
      vertex -24.366 3.18755 0
      vertex -13.8564 8 0
      vertex -24.1588 3.13926 0
    endloop
  endfacet
  facet normal 0 0 -1
    outer loop
      vertex -24.5758 3.2222 0
      vertex -13.8564 8 0
      vertex -24.366 3.18755 0
    endloop
  endfacet
  facet normal 0 0 -1
    outer loop
      vertex -24.7874 3.24304 0
      vertex -13.8564 8 0
      vertex -24.5758 3.2222 0
    endloop
  endfacet
  facet normal -0 0 -1
    outer loop
      vertex -13.8564 8 0
      vertex -24.7874 3.24304 0
      vertex -34.9217 23.334 0
    endloop
  endfacet
  facet normal 0 0 -1
    outer loop
      vertex -34.9217 23.334 0
      vertex -24.7874 3.24304 0
      vertex -25 3.25 0
    endloop
  endfacet
  facet normal 0 0 -1
    outer loop
      vertex -36.3731 21 0
      vertex -25 3.25 0
      vertex -25.2126 3.24304 0
    endloop
  endfacet
  facet normal 0 0 -1
    outer loop
      vertex -36.3731 21 0
      vertex -25.2126 3.24304 0
      vertex -25.4242 3.2222 0
    endloop
  endfacet
  facet normal 0 0 -1
    outer loop
      vertex -13.8564 8 0
      vertex -25.568 33.3208 0
      vertex -23.334 34.9217 0
    endloop
  endfacet
  facet normal 0 0 -1
    outer loop
      vertex -37.6687 18.5761 0
      vertex -25.4242 3.2222 0
      vertex -25.634 3.18755 0
    endloop
  endfacet
  facet normal 0 0 -1
    outer loop
      vertex -37.6687 18.5761 0
      vertex -25.634 3.18755 0
      vertex -25.8412 3.13926 0
    endloop
  endfacet
  facet normal 0 0 -1
    outer loop
      vertex -37.6687 18.5761 0
      vertex -25.8412 3.13926 0
      vertex -26.0447 3.07752 0
    endloop
  endfacet
  facet normal 0 0 -1
    outer loop
      vertex -38.8029 16.0727 0
      vertex -26.0447 3.07752 0
      vertex -26.2437 3.00261 0
    endloop
  endfacet
  facet normal 0 0 -1
    outer loop
      vertex -38.8029 16.0727 0
      vertex -26.2437 3.00261 0
      vertex -26.4374 2.91484 0
    endloop
  endfacet
  facet normal 0 0 -1
    outer loop
      vertex -39.7711 13.5005 0
      vertex -26.4374 2.91484 0
      vertex -26.625 2.81458 0
    endloop
  endfacet
  facet normal 0 0 -1
    outer loop
      vertex -39.7711 13.5005 0
      vertex -26.625 2.81458 0
      vertex -26.8056 2.70228 0
    endloop
  endfacet
  facet normal 0 0 -1
    outer loop
      vertex -39.7711 13.5005 0
      vertex -26.8056 2.70228 0
      vertex -26.9785 2.5784 0
    endloop
  endfacet
  facet normal 0 0 -1
    outer loop
      vertex -40.5689 10.8704 0
      vertex -26.9785 2.5784 0
      vertex -27.1429 2.44348 0
    endloop
  endfacet
  facet normal 0 0 -1
    outer loop
      vertex -40.5689 10.8704 0
      vertex -27.1429 2.44348 0
      vertex -27.2981 2.2981 0
    endloop
  endfacet
  facet normal 0 0 -1
    outer loop
      vertex -40.5689 10.8704 0
      vertex -27.2981 2.2981 0
      vertex -27.4435 2.14287 0
    endloop
  endfacet
  facet normal 0 0 -1
    outer loop
      vertex -41.193 8.19379 0
      vertex -27.4435 2.14287 0
      vertex -27.5784 1.97847 0
    endloop
  endfacet
  facet normal 0 0 -1
    outer loop
      vertex -13.8564 8 0
      vertex -27.6925 31.5773 0
      vertex -25.568 33.3208 0
    endloop
  endfacet
  facet normal 0 0 -1
    outer loop
      vertex -41.193 8.19379 0
      vertex -27.5784 1.97847 0
      vertex -27.7023 1.8056 0
    endloop
  endfacet
  facet normal 0 0 -1
    outer loop
      vertex -41.193 8.19379 0
      vertex -27.7023 1.8056 0
      vertex -27.8146 1.625 0
    endloop
  endfacet
  facet normal 0 0 -1
    outer loop
      vertex -41.6407 5.4821 0
      vertex -27.8146 1.625 0
      vertex -27.9148 1.43744 0
    endloop
  endfacet
  facet normal 0 0 -1
    outer loop
      vertex -41.6407 5.4821 0
      vertex -27.9148 1.43744 0
      vertex -28.0026 1.24372 0
    endloop
  endfacet
  facet normal 0 0 -1
    outer loop
      vertex -41.6407 5.4821 0
      vertex -28.0026 1.24372 0
      vertex -28.0775 1.04468 0
    endloop
  endfacet
  facet normal 0 0 -1
    outer loop
      vertex -41.9101 2.74693 0
      vertex -28.0775 1.04468 0
      vertex -28.1393 0.841162 0
    endloop
  endfacet
  facet normal 0 0 -1
    outer loop
      vertex -41.9101 2.74693 0
      vertex -28.1393 0.841162 0
      vertex -28.1876 0.634043 0
    endloop
  endfacet
  facet normal 0 0 -1
    outer loop
      vertex -41.9101 2.74693 0
      vertex -28.1876 0.634043 0
      vertex -28.2222 0.42421 0
    endloop
  endfacet
  facet normal 0 0 -1
    outer loop
      vertex -32.5586 -4.90115 0
      vertex -28.2222 0.42421 0
      vertex -28.243 0.21256 0
    endloop
  endfacet
  facet normal 0 0 -1
    outer loop
      vertex -32.5586 -4.90115 0
      vertex -28.243 0.21256 0
      vertex -28.25 0 0
    endloop
  endfacet
  facet normal 0 0 -1
    outer loop
      vertex -31.0112 -4.64568 0
      vertex -28.1393 -0.841162 0
      vertex -30.488 -4.62855 0
    endloop
  endfacet
  facet normal -0 0 -1
    outer loop
      vertex -28.1393 -0.841162 0
      vertex -31.0112 -4.64568 0
      vertex -28.1876 -0.634043 0
    endloop
  endfacet
  facet normal 0 0 -1
    outer loop
      vertex -31.5322 -4.69699 0
      vertex -28.1876 -0.634043 0
      vertex -31.0112 -4.64568 0
    endloop
  endfacet
  facet normal 0 0 -1
    outer loop
      vertex -13.8564 8 0
      vertex -29.6985 29.6985 0
      vertex -27.6925 31.5773 0
    endloop
  endfacet
  facet normal -0 0 -1
    outer loop
      vertex -28.1876 -0.634043 0
      vertex -31.5322 -4.69699 0
      vertex -28.2222 -0.42421 0
    endloop
  endfacet
  facet normal -0 0 -1
    outer loop
      vertex -28.2222 -0.42421 0
      vertex -31.5322 -4.69699 0
      vertex -28.243 -0.21256 0
    endloop
  endfacet
  facet normal 0 0 -1
    outer loop
      vertex -32.0487 -4.78227 0
      vertex -28.243 -0.21256 0
      vertex -31.5322 -4.69699 0
    endloop
  endfacet
  facet normal -0 0 -1
    outer loop
      vertex -28.243 -0.21256 0
      vertex -32.0487 -4.78227 0
      vertex -28.25 0 0
    endloop
  endfacet
  facet normal 0 0 -1
    outer loop
      vertex -13.8564 8 0
      vertex -31.5773 27.6925 0
      vertex -29.6985 29.6985 0
    endloop
  endfacet
  facet normal 0 0 -1
    outer loop
      vertex -32.5586 -4.90115 0
      vertex -28.25 0 0
      vertex -32.0487 -4.78227 0
    endloop
  endfacet
  facet normal 0 0 -1
    outer loop
      vertex -28.2222 0.42421 0
      vertex -32.5586 -4.90115 0
      vertex -33.0595 -5.05311 0
    endloop
  endfacet
  facet normal -0 0 -1
    outer loop
      vertex -28.2222 0.42421 0
      vertex -33.0595 -5.05311 0
      vertex -41.9101 2.74693 0
    endloop
  endfacet
  facet normal 0 0 -1
    outer loop
      vertex -13.8564 8 0
      vertex -33.3208 25.568 0
      vertex -31.5773 27.6925 0
    endloop
  endfacet
  facet normal 0 0 -1
    outer loop
      vertex -42 0 0
      vertex -33.0595 -5.05311 0
      vertex -33.5495 -5.23752 0
    endloop
  endfacet
  facet normal 0 0 -1
    outer loop
      vertex -42 0 0
      vertex -33.5495 -5.23752 0
      vertex -34.0263 -5.45357 0
    endloop
  endfacet
  facet normal 0 0 -1
    outer loop
      vertex -42 0 0
      vertex -34.0263 -5.45357 0
      vertex -34.488 -5.70035 0
    endloop
  endfacet
  facet normal 0 0 -1
    outer loop
      vertex -13.8564 8 0
      vertex -34.9217 23.334 0
      vertex -33.3208 25.568 0
    endloop
  endfacet
  facet normal 0 0 -1
    outer loop
      vertex -41.9101 -2.74693 0
      vertex -34.488 -5.70035 0
      vertex -34.9326 -5.9768 0
    endloop
  endfacet
  facet normal 0 0 -1
    outer loop
      vertex -41.9101 -2.74693 0
      vertex -34.9326 -5.9768 0
      vertex -35.3581 -6.28173 0
    endloop
  endfacet
  facet normal 0 0 -1
    outer loop
      vertex -41.9101 -2.74693 0
      vertex -35.3581 -6.28173 0
      vertex -35.7628 -6.61383 0
    endloop
  endfacet
  facet normal 0 0 -1
    outer loop
      vertex -41.6407 -5.4821 0
      vertex -35.7628 -6.61383 0
      vertex -36.1449 -6.9717 0
    endloop
  endfacet
  facet normal 0 0 -1
    outer loop
      vertex -25 3.25 0
      vertex -36.3731 21 0
      vertex -34.9217 23.334 0
    endloop
  endfacet
  facet normal 0 0 -1
    outer loop
      vertex -41.6407 -5.4821 0
      vertex -36.1449 -6.9717 0
      vertex -36.5027 -7.35379 0
    endloop
  endfacet
  facet normal 0 0 -1
    outer loop
      vertex -41.6407 -5.4821 0
      vertex -36.5027 -7.35379 0
      vertex -36.8349 -7.75846 0
    endloop
  endfacet
  facet normal 0 0 -1
    outer loop
      vertex -41.6407 -5.4821 0
      vertex -36.8349 -7.75846 0
      vertex -37.1398 -8.18399 0
    endloop
  endfacet
  facet normal 0 0 -1
    outer loop
      vertex -41.193 -8.19379 0
      vertex -37.1398 -8.18399 0
      vertex -37.4162 -8.62855 0
    endloop
  endfacet
  facet normal 0 0 -1
    outer loop
      vertex -41.193 -8.19379 0
      vertex -37.4162 -8.62855 0
      vertex -37.663 -9.09024 0
    endloop
  endfacet
  facet normal 0 0 -1
    outer loop
      vertex -25.4242 3.2222 0
      vertex -37.6687 18.5761 0
      vertex -36.3731 21 0
    endloop
  endfacet
  facet normal 0 0 -1
    outer loop
      vertex -41.193 -8.19379 0
      vertex -37.663 -9.09024 0
      vertex -37.8791 -9.56709 0
    endloop
  endfacet
  facet normal 0 0 -1
    outer loop
      vertex -41.193 -8.19379 0
      vertex -37.8791 -9.56709 0
      vertex -38.0635 -10.057 0
    endloop
  endfacet
  facet normal 0 0 -1
    outer loop
      vertex -40.5689 -10.8704 0
      vertex -38.0635 -10.057 0
      vertex -38.2154 -10.558 0
    endloop
  endfacet
  facet normal 0 0 -1
    outer loop
      vertex -40.5689 -10.8704 0
      vertex -38.2154 -10.558 0
      vertex -38.3343 -11.0678 0
    endloop
  endfacet
  facet normal 0 0 -1
    outer loop
      vertex -40.5689 -10.8704 0
      vertex -38.3343 -11.0678 0
      vertex -38.4196 -11.5843 0
    endloop
  endfacet
  facet normal 0 0 -1
    outer loop
      vertex -40.5689 -10.8704 0
      vertex -38.4196 -11.5843 0
      vertex -38.4709 -12.1053 0
    endloop
  endfacet
  facet normal 0 0 -1
    outer loop
      vertex -39.7711 -13.5005 0
      vertex -38.4709 -12.1053 0
      vertex -38.488 -12.6286 0
    endloop
  endfacet
  facet normal -0 0 -1
    outer loop
      vertex -38.4709 -13.1518 0
      vertex -39.7711 -13.5005 0
      vertex -38.488 -12.6286 0
    endloop
  endfacet
  facet normal 0 0 -1
    outer loop
      vertex -26.0447 3.07752 0
      vertex -38.8029 16.0727 0
      vertex -37.6687 18.5761 0
    endloop
  endfacet
  facet normal -0 0 -1
    outer loop
      vertex -38.4709 -12.1053 0
      vertex -39.7711 -13.5005 0
      vertex -40.5689 -10.8704 0
    endloop
  endfacet
  facet normal 0 0 -1
    outer loop
      vertex -26.4374 2.91484 0
      vertex -39.7711 13.5005 0
      vertex -38.8029 16.0727 0
    endloop
  endfacet
  facet normal -0 0 -1
    outer loop
      vertex -38.0635 -10.057 0
      vertex -40.5689 -10.8704 0
      vertex -41.193 -8.19379 0
    endloop
  endfacet
  facet normal 0 0 -1
    outer loop
      vertex -26.9785 2.5784 0
      vertex -40.5689 10.8704 0
      vertex -39.7711 13.5005 0
    endloop
  endfacet
  facet normal -0 0 -1
    outer loop
      vertex -37.1398 -8.18399 0
      vertex -41.193 -8.19379 0
      vertex -41.6407 -5.4821 0
    endloop
  endfacet
  facet normal 0 0 -1
    outer loop
      vertex -27.4435 2.14287 0
      vertex -41.193 8.19379 0
      vertex -40.5689 10.8704 0
    endloop
  endfacet
  facet normal 0 0 -1
    outer loop
      vertex -35.7628 -6.61383 0
      vertex -41.6407 -5.4821 0
      vertex -41.9101 -2.74693 0
    endloop
  endfacet
  facet normal 0 0 -1
    outer loop
      vertex -27.8146 1.625 0
      vertex -41.6407 5.4821 0
      vertex -41.193 8.19379 0
    endloop
  endfacet
  facet normal 0 0 -1
    outer loop
      vertex -34.488 -5.70035 0
      vertex -41.9101 -2.74693 0
      vertex -42 0 0
    endloop
  endfacet
  facet normal 0 0 -1
    outer loop
      vertex -28.0775 1.04468 0
      vertex -41.9101 2.74693 0
      vertex -41.6407 5.4821 0
    endloop
  endfacet
  facet normal 0 0 -1
    outer loop
      vertex -33.0595 -5.05311 0
      vertex -42 0 0
      vertex -41.9101 2.74693 0
    endloop
  endfacet
  facet normal 0 0 -1
    outer loop
      vertex -22.7606 -10.558 0
      vertex -14.35 -7.07662 0
      vertex -22.6417 -11.0678 0
    endloop
  endfacet
  facet normal 0 0 -1
    outer loop
      vertex -22.9126 -10.057 0
      vertex -14.35 -7.07662 0
      vertex -22.7606 -10.558 0
    endloop
  endfacet
  facet normal -0 0 -1
    outer loop
      vertex -14.35 -7.07662 0
      vertex -22.9126 -10.057 0
      vertex -14.7821 -6.12293 0
    endloop
  endfacet
  facet normal 0 0 -1
    outer loop
      vertex -23.097 -9.56709 0
      vertex -14.7821 -6.12293 0
      vertex -22.9126 -10.057 0
    endloop
  endfacet
  facet normal 0 0 -1
    outer loop
      vertex -23.313 -9.09024 0
      vertex -14.7821 -6.12293 0
      vertex -23.097 -9.56709 0
    endloop
  endfacet
  facet normal -0 0 -1
    outer loop
      vertex -14.7821 -6.12293 0
      vertex -23.313 -9.09024 0
      vertex -15.1509 -5.14303 0
    endloop
  endfacet
  facet normal 0 0 -1
    outer loop
      vertex -23.5598 -8.62855 0
      vertex -15.1509 -5.14303 0
      vertex -23.313 -9.09024 0
    endloop
  endfacet
  facet normal 0 0 -1
    outer loop
      vertex -15.1509 -5.14303 0
      vertex -22.5565 -2.14287 0
      vertex -22.4216 -1.97847 0
    endloop
  endfacet
  facet normal 0 -0 -1
    outer loop
      vertex -22.8571 -2.44348 0
      vertex -15.1509 -5.14303 0
      vertex -23.5598 -8.62855 0
    endloop
  endfacet
  facet normal 0 0 -1
    outer loop
      vertex -15.1509 -5.14303 0
      vertex -22.7019 -2.2981 0
      vertex -22.5565 -2.14287 0
    endloop
  endfacet
  facet normal 0 0 -1
    outer loop
      vertex -15.1509 -5.14303 0
      vertex -22.8571 -2.44348 0
      vertex -22.7019 -2.2981 0
    endloop
  endfacet
  facet normal 0 0 -1
    outer loop
      vertex -23.8363 -8.18399 0
      vertex -22.8571 -2.44348 0
      vertex -23.5598 -8.62855 0
    endloop
  endfacet
  facet normal 0 0 -1
    outer loop
      vertex -22.8571 -2.44348 0
      vertex -23.8363 -8.18399 0
      vertex -23.0215 -2.5784 0
    endloop
  endfacet
  facet normal 0 0 -1
    outer loop
      vertex -23.0215 -2.5784 0
      vertex -23.8363 -8.18399 0
      vertex -23.1944 -2.70228 0
    endloop
  endfacet
  facet normal 0 0 -1
    outer loop
      vertex -24.1412 -7.75846 0
      vertex -23.1944 -2.70228 0
      vertex -23.8363 -8.18399 0
    endloop
  endfacet
  facet normal 0 0 -1
    outer loop
      vertex -23.1944 -2.70228 0
      vertex -24.1412 -7.75846 0
      vertex -23.375 -2.81458 0
    endloop
  endfacet
  facet normal 0 0 -1
    outer loop
      vertex -24.4733 -7.35379 0
      vertex -23.375 -2.81458 0
      vertex -24.1412 -7.75846 0
    endloop
  endfacet
  facet normal 0 0 -1
    outer loop
      vertex -23.375 -2.81458 0
      vertex -24.4733 -7.35379 0
      vertex -23.5626 -2.91484 0
    endloop
  endfacet
  facet normal 0 0 -1
    outer loop
      vertex -23.5626 -2.91484 0
      vertex -24.4733 -7.35379 0
      vertex -23.7563 -3.00261 0
    endloop
  endfacet
  facet normal 0 0 -1
    outer loop
      vertex -24.8312 -6.9717 0
      vertex -23.7563 -3.00261 0
      vertex -24.4733 -7.35379 0
    endloop
  endfacet
  facet normal 0 0 -1
    outer loop
      vertex -23.7563 -3.00261 0
      vertex -24.8312 -6.9717 0
      vertex -23.9553 -3.07752 0
    endloop
  endfacet
  facet normal 0 0 -1
    outer loop
      vertex -23.9553 -3.07752 0
      vertex -24.8312 -6.9717 0
      vertex -24.1588 -3.13926 0
    endloop
  endfacet
  facet normal 0 0 -1
    outer loop
      vertex -25.2133 -6.61383 0
      vertex -24.1588 -3.13926 0
      vertex -24.8312 -6.9717 0
    endloop
  endfacet
  facet normal 0 0 -1
    outer loop
      vertex -24.1588 -3.13926 0
      vertex -25.2133 -6.61383 0
      vertex -24.366 -3.18755 0
    endloop
  endfacet
  facet normal 0 0 -1
    outer loop
      vertex -24.366 -3.18755 0
      vertex -25.2133 -6.61383 0
      vertex -24.5758 -3.2222 0
    endloop
  endfacet
  facet normal 0 0 -1
    outer loop
      vertex -25.6179 -6.28173 0
      vertex -24.5758 -3.2222 0
      vertex -25.2133 -6.61383 0
    endloop
  endfacet
  facet normal 0 0 -1
    outer loop
      vertex -24.5758 -3.2222 0
      vertex -25.6179 -6.28173 0
      vertex -24.7874 -3.24304 0
    endloop
  endfacet
  facet normal 0 0 -1
    outer loop
      vertex -24.7874 -3.24304 0
      vertex -25.6179 -6.28173 0
      vertex -25 -3.25 0
    endloop
  endfacet
  facet normal 0 0 -1
    outer loop
      vertex -26.0435 -5.9768 0
      vertex -25 -3.25 0
      vertex -25.6179 -6.28173 0
    endloop
  endfacet
  facet normal -0 0 -1
    outer loop
      vertex -25 -3.25 0
      vertex -26.0435 -5.9768 0
      vertex -25.2126 -3.24304 0
    endloop
  endfacet
  facet normal -0 0 -1
    outer loop
      vertex -25.2126 -3.24304 0
      vertex -26.0435 -5.9768 0
      vertex -25.4242 -3.2222 0
    endloop
  endfacet
  facet normal 0 0 -1
    outer loop
      vertex -26.488 -5.70035 0
      vertex -25.4242 -3.2222 0
      vertex -26.0435 -5.9768 0
    endloop
  endfacet
  facet normal -0 0 -1
    outer loop
      vertex -25.4242 -3.2222 0
      vertex -26.488 -5.70035 0
      vertex -25.634 -3.18755 0
    endloop
  endfacet
  facet normal -0 0 -1
    outer loop
      vertex -25.634 -3.18755 0
      vertex -26.488 -5.70035 0
      vertex -25.8412 -3.13926 0
    endloop
  endfacet
  facet normal 0 0 -1
    outer loop
      vertex -26.9497 -5.45357 0
      vertex -25.8412 -3.13926 0
      vertex -26.488 -5.70035 0
    endloop
  endfacet
  facet normal -0 0 -1
    outer loop
      vertex -25.8412 -3.13926 0
      vertex -26.9497 -5.45357 0
      vertex -26.0447 -3.07752 0
    endloop
  endfacet
  facet normal -0 0 -1
    outer loop
      vertex -26.0447 -3.07752 0
      vertex -26.9497 -5.45357 0
      vertex -26.2437 -3.00261 0
    endloop
  endfacet
  facet normal 0 0 -1
    outer loop
      vertex -27.4266 -5.23752 0
      vertex -26.2437 -3.00261 0
      vertex -26.9497 -5.45357 0
    endloop
  endfacet
  facet normal -0 0 -1
    outer loop
      vertex -26.2437 -3.00261 0
      vertex -27.4266 -5.23752 0
      vertex -26.4374 -2.91484 0
    endloop
  endfacet
  facet normal -0 0 -1
    outer loop
      vertex -26.4374 -2.91484 0
      vertex -27.4266 -5.23752 0
      vertex -26.625 -2.81458 0
    endloop
  endfacet
  facet normal 0 0 -1
    outer loop
      vertex -27.9165 -5.05311 0
      vertex -26.625 -2.81458 0
      vertex -27.4266 -5.23752 0
    endloop
  endfacet
  facet normal -0 0 -1
    outer loop
      vertex -26.625 -2.81458 0
      vertex -27.9165 -5.05311 0
      vertex -26.8056 -2.70228 0
    endloop
  endfacet
  facet normal -0 0 -1
    outer loop
      vertex -26.8056 -2.70228 0
      vertex -27.9165 -5.05311 0
      vertex -26.9785 -2.5784 0
    endloop
  endfacet
  facet normal 0 0 -1
    outer loop
      vertex -28.4175 -4.90115 0
      vertex -26.9785 -2.5784 0
      vertex -27.9165 -5.05311 0
    endloop
  endfacet
  facet normal -0 0 -1
    outer loop
      vertex -26.9785 -2.5784 0
      vertex -28.4175 -4.90115 0
      vertex -27.1429 -2.44348 0
    endloop
  endfacet
  facet normal -0 0 -1
    outer loop
      vertex -27.1429 -2.44348 0
      vertex -28.4175 -4.90115 0
      vertex -27.2981 -2.2981 0
    endloop
  endfacet
  facet normal 0 0 -1
    outer loop
      vertex -28.9273 -4.78227 0
      vertex -27.2981 -2.2981 0
      vertex -28.4175 -4.90115 0
    endloop
  endfacet
  facet normal -0 0 -1
    outer loop
      vertex -27.2981 -2.2981 0
      vertex -28.9273 -4.78227 0
      vertex -27.4435 -2.14287 0
    endloop
  endfacet
  facet normal -0 0 -1
    outer loop
      vertex -27.4435 -2.14287 0
      vertex -28.9273 -4.78227 0
      vertex -27.5784 -1.97847 0
    endloop
  endfacet
  facet normal 0 0 -1
    outer loop
      vertex -29.4438 -4.69699 0
      vertex -27.5784 -1.97847 0
      vertex -28.9273 -4.78227 0
    endloop
  endfacet
  facet normal -0 0 -1
    outer loop
      vertex -27.5784 -1.97847 0
      vertex -29.4438 -4.69699 0
      vertex -27.7023 -1.8056 0
    endloop
  endfacet
  facet normal -0 0 -1
    outer loop
      vertex -27.7023 -1.8056 0
      vertex -29.4438 -4.69699 0
      vertex -27.8146 -1.625 0
    endloop
  endfacet
  facet normal 0 0 -1
    outer loop
      vertex -29.9648 -4.64568 0
      vertex -27.8146 -1.625 0
      vertex -29.4438 -4.69699 0
    endloop
  endfacet
  facet normal -0 0 -1
    outer loop
      vertex -27.8146 -1.625 0
      vertex -29.9648 -4.64568 0
      vertex -27.9148 -1.43744 0
    endloop
  endfacet
  facet normal -0 0 -1
    outer loop
      vertex -27.9148 -1.43744 0
      vertex -29.9648 -4.64568 0
      vertex -28.0026 -1.24372 0
    endloop
  endfacet
  facet normal 0 0 -1
    outer loop
      vertex -30.488 -4.62855 0
      vertex -28.0026 -1.24372 0
      vertex -29.9648 -4.64568 0
    endloop
  endfacet
  facet normal -0 0 -1
    outer loop
      vertex -28.0775 -1.04468 0
      vertex -30.488 -4.62855 0
      vertex -28.1393 -0.841162 0
    endloop
  endfacet
  facet normal -0 0 -1
    outer loop
      vertex -28.0026 -1.24372 0
      vertex -30.488 -4.62855 0
      vertex -28.0775 -1.04468 0
    endloop
  endfacet
  facet normal -0 0 -1
    outer loop
      vertex -9.74018 -12.6937 0
      vertex -14.9871 -16.3508 0
      vertex -10.5495 -12.0294 0
    endloop
  endfacet
  facet normal 0 0 -1
    outer loop
      vertex -15.0796 -16.1777 0
      vertex -10.5495 -12.0294 0
      vertex -14.9871 -16.3508 0
    endloop
  endfacet
  facet normal 0 0 -1
    outer loop
      vertex -15.1833 -16.011 0
      vertex -10.5495 -12.0294 0
      vertex -15.0796 -16.1777 0
    endloop
  endfacet
  facet normal 0 0 -1
    outer loop
      vertex -15.2976 -15.8514 0
      vertex -10.5495 -12.0294 0
      vertex -15.1833 -16.011 0
    endloop
  endfacet
  facet normal -0 0 -1
    outer loop
      vertex -10.5495 -12.0294 0
      vertex -15.2976 -15.8514 0
      vertex -11.3137 -11.3137 0
    endloop
  endfacet
  facet normal 0 0 -1
    outer loop
      vertex -15.4221 -15.6996 0
      vertex -11.3137 -11.3137 0
      vertex -15.2976 -15.8514 0
    endloop
  endfacet
  facet normal 0 0 -1
    outer loop
      vertex -15.5563 -15.5563 0
      vertex -11.3137 -11.3137 0
      vertex -15.4221 -15.6996 0
    endloop
  endfacet
  facet normal 0 0 -1
    outer loop
      vertex -15.6996 -15.4221 0
      vertex -11.3137 -11.3137 0
      vertex -15.5563 -15.5563 0
    endloop
  endfacet
  facet normal -0 0 -1
    outer loop
      vertex -11.3137 -11.3137 0
      vertex -15.6996 -15.4221 0
      vertex -12.0294 -10.5495 0
    endloop
  endfacet
  facet normal 0 0 -1
    outer loop
      vertex -15.8514 -15.2976 0
      vertex -12.0294 -10.5495 0
      vertex -15.6996 -15.4221 0
    endloop
  endfacet
  facet normal 0 0 -1
    outer loop
      vertex -16.011 -15.1833 0
      vertex -12.0294 -10.5495 0
      vertex -15.8514 -15.2976 0
    endloop
  endfacet
  facet normal 0 0 -1
    outer loop
      vertex -16.1777 -15.0796 0
      vertex -12.0294 -10.5495 0
      vertex -16.011 -15.1833 0
    endloop
  endfacet
  facet normal 0 0 -1
    outer loop
      vertex -16.3508 -14.9871 0
      vertex -12.0294 -10.5495 0
      vertex -16.1777 -15.0796 0
    endloop
  endfacet
  facet normal -0 0 -1
    outer loop
      vertex -12.0294 -10.5495 0
      vertex -16.3508 -14.9871 0
      vertex -12.6937 -9.74018 0
    endloop
  endfacet
  facet normal 0 0 -1
    outer loop
      vertex -16.5296 -14.906 0
      vertex -12.6937 -9.74018 0
      vertex -16.3508 -14.9871 0
    endloop
  endfacet
  facet normal 0 0 -1
    outer loop
      vertex -16.7134 -14.8369 0
      vertex -12.6937 -9.74018 0
      vertex -16.5296 -14.906 0
    endloop
  endfacet
  facet normal 0 0 -1
    outer loop
      vertex -16.9012 -14.7799 0
      vertex -12.6937 -9.74018 0
      vertex -16.7134 -14.8369 0
    endloop
  endfacet
  facet normal -0 0 -1
    outer loop
      vertex -12.6937 -9.74018 0
      vertex -16.9012 -14.7799 0
      vertex -13.3035 -8.88912 0
    endloop
  endfacet
  facet normal 0 0 -1
    outer loop
      vertex -17.0924 -14.7353 0
      vertex -13.3035 -8.88912 0
      vertex -16.9012 -14.7799 0
    endloop
  endfacet
  facet normal 0 0 -1
    outer loop
      vertex -17.2861 -14.7033 0
      vertex -13.3035 -8.88912 0
      vertex -17.0924 -14.7353 0
    endloop
  endfacet
  facet normal 0 0 -1
    outer loop
      vertex -17.4815 -14.6841 0
      vertex -13.3035 -8.88912 0
      vertex -17.2861 -14.7033 0
    endloop
  endfacet
  facet normal -0 0 -1
    outer loop
      vertex -13.3035 -8.88912 0
      vertex -17.4815 -14.6841 0
      vertex -13.8564 -8 0
    endloop
  endfacet
  facet normal 0 0 -1
    outer loop
      vertex 15.5563 19.799 0
      vertex 3.24304 24.7874 0
      vertex 3.25 25 0
    endloop
  endfacet
  facet normal 0 0 -1
    outer loop
      vertex 5.14303 15.1509 0
      vertex 3.2222 24.5758 0
      vertex 3.24304 24.7874 0
    endloop
  endfacet
  facet normal 0 0 -1
    outer loop
      vertex 5.14303 15.1509 0
      vertex 3.18755 24.366 0
      vertex 3.2222 24.5758 0
    endloop
  endfacet
  facet normal 0 0 -1
    outer loop
      vertex 5.14303 15.1509 0
      vertex 3.13926 24.1588 0
      vertex 3.18755 24.366 0
    endloop
  endfacet
  facet normal 0 0 -1
    outer loop
      vertex 1.97847 22.4216 0
      vertex 4.1411 15.4548 0
      vertex 3.12144 15.6926 0
    endloop
  endfacet
  facet normal 0 0 -1
    outer loop
      vertex 5.14303 15.1509 0
      vertex 3.07752 23.9553 0
      vertex 3.13926 24.1588 0
    endloop
  endfacet
  facet normal 0 0 -1
    outer loop
      vertex 5.14303 15.1509 0
      vertex 3.00261 23.7563 0
      vertex 3.07752 23.9553 0
    endloop
  endfacet
  facet normal 0 0 -1
    outer loop
      vertex 5.14303 15.1509 0
      vertex 2.91484 23.5626 0
      vertex 3.00261 23.7563 0
    endloop
  endfacet
  facet normal 0 0 -1
    outer loop
      vertex 5.14303 15.1509 0
      vertex 2.81458 23.375 0
      vertex 2.91484 23.5626 0
    endloop
  endfacet
  facet normal 0 0 -1
    outer loop
      vertex 5.14303 15.1509 0
      vertex 2.70228 23.1944 0
      vertex 2.81458 23.375 0
    endloop
  endfacet
  facet normal 0 0 -1
    outer loop
      vertex 5.14303 15.1509 0
      vertex 2.5784 23.0215 0
      vertex 2.70228 23.1944 0
    endloop
  endfacet
  facet normal 0 0 -1
    outer loop
      vertex 5.14303 15.1509 0
      vertex 2.44348 22.8571 0
      vertex 2.5784 23.0215 0
    endloop
  endfacet
  facet normal 0 0 -1
    outer loop
      vertex 4.1411 15.4548 0
      vertex 2.2981 22.7019 0
      vertex 2.44348 22.8571 0
    endloop
  endfacet
  facet normal 0 0 -1
    outer loop
      vertex 4.1411 15.4548 0
      vertex 2.14287 22.5565 0
      vertex 2.2981 22.7019 0
    endloop
  endfacet
  facet normal 0 0 -1
    outer loop
      vertex 1.625 22.1854 0
      vertex 3.12144 15.6926 0
      vertex 2.08842 15.8631 0
    endloop
  endfacet
  facet normal 0 0 -1
    outer loop
      vertex 4.1411 15.4548 0
      vertex 1.97847 22.4216 0
      vertex 2.14287 22.5565 0
    endloop
  endfacet
  facet normal 0 0 -1
    outer loop
      vertex 3.12144 15.6926 0
      vertex 1.8056 22.2977 0
      vertex 1.97847 22.4216 0
    endloop
  endfacet
  facet normal 0 0 -1
    outer loop
      vertex 3.12144 15.6926 0
      vertex 1.625 22.1854 0
      vertex 1.8056 22.2977 0
    endloop
  endfacet
  facet normal 0 0 -1
    outer loop
      vertex 2.08842 15.8631 0
      vertex 1.43744 22.0852 0
      vertex 1.625 22.1854 0
    endloop
  endfacet
  facet normal 0 0 -1
    outer loop
      vertex 2.08842 15.8631 0
      vertex 1.24372 21.9974 0
      vertex 1.43744 22.0852 0
    endloop
  endfacet
  facet normal 0 0 -1
    outer loop
      vertex 1.04468 21.9225 0
      vertex 2.08842 15.8631 0
      vertex 1.04645 15.9657 0
    endloop
  endfacet
  facet normal 0 0 -1
    outer loop
      vertex 2.08842 15.8631 0
      vertex 1.04468 21.9225 0
      vertex 1.24372 21.9974 0
    endloop
  endfacet
  facet normal 0 0 -1
    outer loop
      vertex 1.04645 15.9657 0
      vertex 0.841162 21.8607 0
      vertex 1.04468 21.9225 0
    endloop
  endfacet
  facet normal 0 0 -1
    outer loop
      vertex 1.04645 15.9657 0
      vertex 0.634043 21.8124 0
      vertex 0.841162 21.8607 0
    endloop
  endfacet
  facet normal 0 0 -1
    outer loop
      vertex 1.04645 15.9657 0
      vertex 0.42421 21.7778 0
      vertex 0.634043 21.8124 0
    endloop
  endfacet
  facet normal 0 0 -1
    outer loop
      vertex 1.04645 15.9657 0
      vertex 0.21256 21.757 0
      vertex 0.42421 21.7778 0
    endloop
  endfacet
  facet normal 0 0 -1
    outer loop
      vertex 0 16 0
      vertex 0.21256 21.757 0
      vertex 1.04645 15.9657 0
    endloop
  endfacet
  facet normal 0 0 -1
    outer loop
      vertex 0 16 0
      vertex 0 21.75 0
      vertex 0.21256 21.757 0
    endloop
  endfacet
  facet normal 0 0 -1
    outer loop
      vertex 0 16 0
      vertex -0.21256 21.757 0
      vertex 0 21.75 0
    endloop
  endfacet
  facet normal 0 0 -1
    outer loop
      vertex 0 16 0
      vertex -0.42421 21.7778 0
      vertex -0.21256 21.757 0
    endloop
  endfacet
  facet normal 0 0 -1
    outer loop
      vertex -1.04645 15.9657 0
      vertex -0.42421 21.7778 0
      vertex 0 16 0
    endloop
  endfacet
  facet normal -0 0 -1
    outer loop
      vertex -0.42421 21.7778 0
      vertex -1.04645 15.9657 0
      vertex -0.634043 21.8124 0
    endloop
  endfacet
  facet normal -0 0 -1
    outer loop
      vertex -0.634043 21.8124 0
      vertex -1.04645 15.9657 0
      vertex -0.841162 21.8607 0
    endloop
  endfacet
  facet normal -0 0 -1
    outer loop
      vertex -0.841162 21.8607 0
      vertex -1.04645 15.9657 0
      vertex -1.04468 21.9225 0
    endloop
  endfacet
  facet normal 0 0 -1
    outer loop
      vertex -2.08842 15.8631 0
      vertex -1.04468 21.9225 0
      vertex -1.04645 15.9657 0
    endloop
  endfacet
  facet normal -0 0 -1
    outer loop
      vertex -1.04468 21.9225 0
      vertex -2.08842 15.8631 0
      vertex -1.24372 21.9974 0
    endloop
  endfacet
  facet normal -0 0 -1
    outer loop
      vertex -1.24372 21.9974 0
      vertex -2.08842 15.8631 0
      vertex -1.43744 22.0852 0
    endloop
  endfacet
  facet normal -0 0 -1
    outer loop
      vertex -1.43744 22.0852 0
      vertex -2.08842 15.8631 0
      vertex -1.625 22.1854 0
    endloop
  endfacet
  facet normal 0 0 -1
    outer loop
      vertex -3.12144 15.6926 0
      vertex -1.625 22.1854 0
      vertex -2.08842 15.8631 0
    endloop
  endfacet
  facet normal -0 0 -1
    outer loop
      vertex -1.625 22.1854 0
      vertex -3.12144 15.6926 0
      vertex -1.8056 22.2977 0
    endloop
  endfacet
  facet normal -0 0 -1
    outer loop
      vertex -1.8056 22.2977 0
      vertex -3.12144 15.6926 0
      vertex -1.97847 22.4216 0
    endloop
  endfacet
  facet normal 0 0 -1
    outer loop
      vertex -4.1411 15.4548 0
      vertex -1.97847 22.4216 0
      vertex -3.12144 15.6926 0
    endloop
  endfacet
  facet normal -0 0 -1
    outer loop
      vertex -1.97847 22.4216 0
      vertex -4.1411 15.4548 0
      vertex -2.14287 22.5565 0
    endloop
  endfacet
  facet normal -0 0 -1
    outer loop
      vertex -2.14287 22.5565 0
      vertex -4.1411 15.4548 0
      vertex -2.2981 22.7019 0
    endloop
  endfacet
  facet normal -0 0 -1
    outer loop
      vertex -2.2981 22.7019 0
      vertex -4.1411 15.4548 0
      vertex -2.44348 22.8571 0
    endloop
  endfacet
  facet normal 0 0 -1
    outer loop
      vertex -5.14303 15.1509 0
      vertex -2.44348 22.8571 0
      vertex -4.1411 15.4548 0
    endloop
  endfacet
  facet normal -0 0 -1
    outer loop
      vertex -2.44348 22.8571 0
      vertex -5.14303 15.1509 0
      vertex -2.5784 23.0215 0
    endloop
  endfacet
  facet normal -0 0 -1
    outer loop
      vertex -2.5784 23.0215 0
      vertex -5.14303 15.1509 0
      vertex -2.70228 23.1944 0
    endloop
  endfacet
  facet normal -0 0 -1
    outer loop
      vertex -2.70228 23.1944 0
      vertex -5.14303 15.1509 0
      vertex -2.81458 23.375 0
    endloop
  endfacet
  facet normal 0 0 -1
    outer loop
      vertex -6.12293 14.7821 0
      vertex -2.81458 23.375 0
      vertex -5.14303 15.1509 0
    endloop
  endfacet
  facet normal -0 0 -1
    outer loop
      vertex -2.81458 23.375 0
      vertex -6.12293 14.7821 0
      vertex -2.91484 23.5626 0
    endloop
  endfacet
  facet normal -0 0 -1
    outer loop
      vertex -2.91484 23.5626 0
      vertex -6.12293 14.7821 0
      vertex -3.00261 23.7563 0
    endloop
  endfacet
  facet normal 0 0 -1
    outer loop
      vertex -7.07662 14.35 0
      vertex -3.00261 23.7563 0
      vertex -6.12293 14.7821 0
    endloop
  endfacet
  facet normal -0 0 -1
    outer loop
      vertex -3.00261 23.7563 0
      vertex -7.07662 14.35 0
      vertex -3.07752 23.9553 0
    endloop
  endfacet
  facet normal -0 0 -1
    outer loop
      vertex -3.07752 23.9553 0
      vertex -7.07662 14.35 0
      vertex -3.13926 24.1588 0
    endloop
  endfacet
  facet normal 0 0 -1
    outer loop
      vertex -8 13.8564 0
      vertex -3.13926 24.1588 0
      vertex -7.07662 14.35 0
    endloop
  endfacet
  facet normal 0 0 -1
    outer loop
      vertex 8 -13.8564 0
      vertex 3.13926 -24.1588 0
      vertex 7.07662 -14.35 0
    endloop
  endfacet
  facet normal 0 0 -1
    outer loop
      vertex 3.07752 -23.9553 0
      vertex 7.07662 -14.35 0
      vertex 3.13926 -24.1588 0
    endloop
  endfacet
  facet normal 0 0 -1
    outer loop
      vertex 3.00261 -23.7563 0
      vertex 7.07662 -14.35 0
      vertex 3.07752 -23.9553 0
    endloop
  endfacet
  facet normal 0 0 -1
    outer loop
      vertex 7.07662 -14.35 0
      vertex 3.00261 -23.7563 0
      vertex 6.12293 -14.7821 0
    endloop
  endfacet
  facet normal 0 0 -1
    outer loop
      vertex 2.91484 -23.5626 0
      vertex 6.12293 -14.7821 0
      vertex 3.00261 -23.7563 0
    endloop
  endfacet
  facet normal 0 0 -1
    outer loop
      vertex 2.81458 -23.375 0
      vertex 6.12293 -14.7821 0
      vertex 2.91484 -23.5626 0
    endloop
  endfacet
  facet normal 0 0 -1
    outer loop
      vertex 6.12293 -14.7821 0
      vertex 2.81458 -23.375 0
      vertex 5.14303 -15.1509 0
    endloop
  endfacet
  facet normal 0 0 -1
    outer loop
      vertex 2.70228 -23.1944 0
      vertex 5.14303 -15.1509 0
      vertex 2.81458 -23.375 0
    endloop
  endfacet
  facet normal 0 0 -1
    outer loop
      vertex 2.5784 -23.0215 0
      vertex 5.14303 -15.1509 0
      vertex 2.70228 -23.1944 0
    endloop
  endfacet
  facet normal 0 0 -1
    outer loop
      vertex 2.44348 -22.8571 0
      vertex 5.14303 -15.1509 0
      vertex 2.5784 -23.0215 0
    endloop
  endfacet
  facet normal 0 0 -1
    outer loop
      vertex 5.14303 -15.1509 0
      vertex 2.44348 -22.8571 0
      vertex 4.1411 -15.4548 0
    endloop
  endfacet
  facet normal 0 0 -1
    outer loop
      vertex 2.2981 -22.7019 0
      vertex 4.1411 -15.4548 0
      vertex 2.44348 -22.8571 0
    endloop
  endfacet
  facet normal 0 0 -1
    outer loop
      vertex 2.14287 -22.5565 0
      vertex 4.1411 -15.4548 0
      vertex 2.2981 -22.7019 0
    endloop
  endfacet
  facet normal 0 0 -1
    outer loop
      vertex 1.97847 -22.4216 0
      vertex 4.1411 -15.4548 0
      vertex 2.14287 -22.5565 0
    endloop
  endfacet
  facet normal 0 0 -1
    outer loop
      vertex 4.1411 -15.4548 0
      vertex 1.97847 -22.4216 0
      vertex 3.12144 -15.6926 0
    endloop
  endfacet
  facet normal 0 0 -1
    outer loop
      vertex 1.8056 -22.2977 0
      vertex 3.12144 -15.6926 0
      vertex 1.97847 -22.4216 0
    endloop
  endfacet
  facet normal 0 0 -1
    outer loop
      vertex 1.625 -22.1854 0
      vertex 3.12144 -15.6926 0
      vertex 1.8056 -22.2977 0
    endloop
  endfacet
  facet normal 0 0 -1
    outer loop
      vertex 3.12144 -15.6926 0
      vertex 1.625 -22.1854 0
      vertex 2.08842 -15.8631 0
    endloop
  endfacet
  facet normal 0 0 -1
    outer loop
      vertex 1.43744 -22.0852 0
      vertex 2.08842 -15.8631 0
      vertex 1.625 -22.1854 0
    endloop
  endfacet
  facet normal 0 0 -1
    outer loop
      vertex 1.24372 -21.9974 0
      vertex 2.08842 -15.8631 0
      vertex 1.43744 -22.0852 0
    endloop
  endfacet
  facet normal 0 0 -1
    outer loop
      vertex 1.04468 -21.9225 0
      vertex 2.08842 -15.8631 0
      vertex 1.24372 -21.9974 0
    endloop
  endfacet
  facet normal 0 0 -1
    outer loop
      vertex 2.08842 -15.8631 0
      vertex 1.04468 -21.9225 0
      vertex 1.04645 -15.9657 0
    endloop
  endfacet
  facet normal 0 0 -1
    outer loop
      vertex 0.841162 -21.8607 0
      vertex 1.04645 -15.9657 0
      vertex 1.04468 -21.9225 0
    endloop
  endfacet
  facet normal 0 0 -1
    outer loop
      vertex 0.634043 -21.8124 0
      vertex 1.04645 -15.9657 0
      vertex 0.841162 -21.8607 0
    endloop
  endfacet
  facet normal 0 0 -1
    outer loop
      vertex 0.42421 -21.7778 0
      vertex 1.04645 -15.9657 0
      vertex 0.634043 -21.8124 0
    endloop
  endfacet
  facet normal 0 0 -1
    outer loop
      vertex 0.21256 -21.757 0
      vertex 1.04645 -15.9657 0
      vertex 0.42421 -21.7778 0
    endloop
  endfacet
  facet normal 0 0 -1
    outer loop
      vertex 0 -16 0
      vertex 0.21256 -21.757 0
      vertex 0 -21.75 0
    endloop
  endfacet
  facet normal 0 0 -1
    outer loop
      vertex 0.21256 -21.757 0
      vertex 0 -16 0
      vertex 1.04645 -15.9657 0
    endloop
  endfacet
  facet normal 0 0 -1
    outer loop
      vertex -0.21256 -21.757 0
      vertex 0 -16 0
      vertex 0 -21.75 0
    endloop
  endfacet
  facet normal 0 0 -1
    outer loop
      vertex -0.42421 -21.7778 0
      vertex 0 -16 0
      vertex -0.21256 -21.757 0
    endloop
  endfacet
  facet normal 0 0 -1
    outer loop
      vertex -1.04645 -15.9657 0
      vertex -0.42421 -21.7778 0
      vertex -0.634043 -21.8124 0
    endloop
  endfacet
  facet normal 0 0 -1
    outer loop
      vertex -1.04645 -15.9657 0
      vertex -0.634043 -21.8124 0
      vertex -0.841162 -21.8607 0
    endloop
  endfacet
  facet normal 0 0 -1
    outer loop
      vertex -1.04645 -15.9657 0
      vertex -0.841162 -21.8607 0
      vertex -1.04468 -21.9225 0
    endloop
  endfacet
  facet normal 0 0 -1
    outer loop
      vertex -0.42421 -21.7778 0
      vertex -1.04645 -15.9657 0
      vertex 0 -16 0
    endloop
  endfacet
  facet normal 0 0 -1
    outer loop
      vertex -2.08842 -15.8631 0
      vertex -1.04468 -21.9225 0
      vertex -1.24372 -21.9974 0
    endloop
  endfacet
  facet normal 0 0 -1
    outer loop
      vertex -2.08842 -15.8631 0
      vertex -1.24372 -21.9974 0
      vertex -1.43744 -22.0852 0
    endloop
  endfacet
  facet normal 0 0 -1
    outer loop
      vertex -2.08842 -15.8631 0
      vertex -1.43744 -22.0852 0
      vertex -1.625 -22.1854 0
    endloop
  endfacet
  facet normal 0 0 -1
    outer loop
      vertex -3.12144 -15.6926 0
      vertex -1.625 -22.1854 0
      vertex -1.8056 -22.2977 0
    endloop
  endfacet
  facet normal 0 0 -1
    outer loop
      vertex -3.12144 -15.6926 0
      vertex -1.8056 -22.2977 0
      vertex -1.97847 -22.4216 0
    endloop
  endfacet
  facet normal 0 0 -1
    outer loop
      vertex -1.04468 -21.9225 0
      vertex -2.08842 -15.8631 0
      vertex -1.04645 -15.9657 0
    endloop
  endfacet
  facet normal 0 0 -1
    outer loop
      vertex -4.1411 -15.4548 0
      vertex -1.97847 -22.4216 0
      vertex -2.14287 -22.5565 0
    endloop
  endfacet
  facet normal 0 0 -1
    outer loop
      vertex -4.1411 -15.4548 0
      vertex -2.14287 -22.5565 0
      vertex -2.2981 -22.7019 0
    endloop
  endfacet
  facet normal 0 0 -1
    outer loop
      vertex -4.1411 -15.4548 0
      vertex -2.2981 -22.7019 0
      vertex -2.44348 -22.8571 0
    endloop
  endfacet
  facet normal 0 0 -1
    outer loop
      vertex -5.14303 -15.1509 0
      vertex -2.44348 -22.8571 0
      vertex -2.5784 -23.0215 0
    endloop
  endfacet
  facet normal 0 0 -1
    outer loop
      vertex -5.14303 -15.1509 0
      vertex -2.5784 -23.0215 0
      vertex -2.70228 -23.1944 0
    endloop
  endfacet
  facet normal 0 0 -1
    outer loop
      vertex -5.14303 -15.1509 0
      vertex -2.70228 -23.1944 0
      vertex -2.81458 -23.375 0
    endloop
  endfacet
  facet normal 0 0 -1
    outer loop
      vertex -6.12293 -14.7821 0
      vertex -2.81458 -23.375 0
      vertex -2.91484 -23.5626 0
    endloop
  endfacet
  facet normal 0 0 -1
    outer loop
      vertex -14.8369 -18.642 0
      vertex -2.91484 -23.5626 0
      vertex -3.00261 -23.7563 0
    endloop
  endfacet
  facet normal 0 0 -1
    outer loop
      vertex -14.906 -18.8257 0
      vertex -3.00261 -23.7563 0
      vertex -3.07752 -23.9553 0
    endloop
  endfacet
  facet normal 0 0 -1
    outer loop
      vertex -1.625 -22.1854 0
      vertex -3.12144 -15.6926 0
      vertex -2.08842 -15.8631 0
    endloop
  endfacet
  facet normal 0 0 -1
    outer loop
      vertex -14.9871 -19.0045 0
      vertex -3.07752 -23.9553 0
      vertex -3.13926 -24.1588 0
    endloop
  endfacet
  facet normal 0 0 -1
    outer loop
      vertex -15.0796 -19.1777 0
      vertex -3.13926 -24.1588 0
      vertex -3.18755 -24.366 0
    endloop
  endfacet
  facet normal 0 0 -1
    outer loop
      vertex -15.1833 -19.3444 0
      vertex -3.18755 -24.366 0
      vertex -3.2222 -24.5758 0
    endloop
  endfacet
  facet normal 0 0 -1
    outer loop
      vertex -15.4221 -19.6557 0
      vertex -3.2222 -24.5758 0
      vertex -3.24304 -24.7874 0
    endloop
  endfacet
  facet normal 0 0 -1
    outer loop
      vertex -15.5563 -19.799 0
      vertex -3.24304 -24.7874 0
      vertex -3.25 -25 0
    endloop
  endfacet
  facet normal 0 0 -1
    outer loop
      vertex -1.97847 -22.4216 0
      vertex -4.1411 -15.4548 0
      vertex -3.12144 -15.6926 0
    endloop
  endfacet
  facet normal 0 0 -1
    outer loop
      vertex 20.2757 19.1777 0
      vertex 24.8312 18.2854 0
      vertex 20.3683 19.0045 0
    endloop
  endfacet
  facet normal 0 0 -1
    outer loop
      vertex 24.8312 18.2854 0
      vertex 20.2757 19.1777 0
      vertex 25.2133 18.6433 0
    endloop
  endfacet
  facet normal 0 0 -1
    outer loop
      vertex 20.1721 19.3444 0
      vertex 25.2133 18.6433 0
      vertex 20.2757 19.1777 0
    endloop
  endfacet
  facet normal 0 0 -1
    outer loop
      vertex 20.0577 19.504 0
      vertex 25.2133 18.6433 0
      vertex 20.1721 19.3444 0
    endloop
  endfacet
  facet normal 0 0 -1
    outer loop
      vertex 25.2133 18.6433 0
      vertex 20.0577 19.504 0
      vertex 25.6179 18.9754 0
    endloop
  endfacet
  facet normal 0 0 -1
    outer loop
      vertex 19.9332 19.6557 0
      vertex 25.6179 18.9754 0
      vertex 20.0577 19.504 0
    endloop
  endfacet
  facet normal 0 0 -1
    outer loop
      vertex 25.6179 18.9754 0
      vertex 19.9332 19.6557 0
      vertex 26.0435 19.2803 0
    endloop
  endfacet
  facet normal 0 0 -1
    outer loop
      vertex 19.799 19.799 0
      vertex 26.0435 19.2803 0
      vertex 19.9332 19.6557 0
    endloop
  endfacet
  facet normal 0 0 -1
    outer loop
      vertex 19.6557 19.9332 0
      vertex 26.0435 19.2803 0
      vertex 19.799 19.799 0
    endloop
  endfacet
  facet normal 0 0 -1
    outer loop
      vertex 19.504 20.0577 0
      vertex 26.0435 19.2803 0
      vertex 19.6557 19.9332 0
    endloop
  endfacet
  facet normal 0 0 -1
    outer loop
      vertex 26.0435 19.2803 0
      vertex 19.504 20.0577 0
      vertex 27.6925 31.5773 0
    endloop
  endfacet
  facet normal 0 0 -1
    outer loop
      vertex 19.3444 20.1721 0
      vertex 27.6925 31.5773 0
      vertex 19.504 20.0577 0
    endloop
  endfacet
  facet normal 0 0 -1
    outer loop
      vertex 19.1777 20.2757 0
      vertex 27.6925 31.5773 0
      vertex 19.3444 20.1721 0
    endloop
  endfacet
  facet normal 0 0 -1
    outer loop
      vertex 19.0045 20.3683 0
      vertex 27.6925 31.5773 0
      vertex 19.1777 20.2757 0
    endloop
  endfacet
  facet normal -0 0 -1
    outer loop
      vertex 27.6925 31.5773 0
      vertex 19.0045 20.3683 0
      vertex 25.568 33.3208 0
    endloop
  endfacet
  facet normal 0 0 -1
    outer loop
      vertex 18.8257 20.4493 0
      vertex 25.568 33.3208 0
      vertex 19.0045 20.3683 0
    endloop
  endfacet
  facet normal 0 0 -1
    outer loop
      vertex 18.642 20.5185 0
      vertex 25.568 33.3208 0
      vertex 18.8257 20.4493 0
    endloop
  endfacet
  facet normal 0 0 -1
    outer loop
      vertex 18.4541 20.5754 0
      vertex 25.568 33.3208 0
      vertex 18.642 20.5185 0
    endloop
  endfacet
  facet normal -0 0 -1
    outer loop
      vertex 25.568 33.3208 0
      vertex 18.4541 20.5754 0
      vertex 23.334 34.9217 0
    endloop
  endfacet
  facet normal 0 0 -1
    outer loop
      vertex 18.2629 20.62 0
      vertex 23.334 34.9217 0
      vertex 18.4541 20.5754 0
    endloop
  endfacet
  facet normal 0 0 -1
    outer loop
      vertex 18.0692 20.652 0
      vertex 23.334 34.9217 0
      vertex 18.2629 20.62 0
    endloop
  endfacet
  facet normal 0 0 -1
    outer loop
      vertex 17.8739 20.6712 0
      vertex 23.334 34.9217 0
      vertex 18.0692 20.652 0
    endloop
  endfacet
  facet normal 0 0 -1
    outer loop
      vertex 17.6777 20.6777 0
      vertex 23.334 34.9217 0
      vertex 17.8739 20.6712 0
    endloop
  endfacet
  facet normal -0 0 -1
    outer loop
      vertex 23.334 34.9217 0
      vertex 17.6777 20.6777 0
      vertex 21 36.3731 0
    endloop
  endfacet
  facet normal 0 0 -1
    outer loop
      vertex 17.4815 20.6712 0
      vertex 21 36.3731 0
      vertex 17.6777 20.6777 0
    endloop
  endfacet
  facet normal 0 0 -1
    outer loop
      vertex 17.2861 20.652 0
      vertex 21 36.3731 0
      vertex 17.4815 20.6712 0
    endloop
  endfacet
  facet normal -0 0 -1
    outer loop
      vertex 21 36.3731 0
      vertex 17.2861 20.652 0
      vertex 18.5761 37.6687 0
    endloop
  endfacet
  facet normal 0 0 -1
    outer loop
      vertex 17.0924 20.62 0
      vertex 18.5761 37.6687 0
      vertex 17.2861 20.652 0
    endloop
  endfacet
  facet normal 0 0 -1
    outer loop
      vertex 16.9012 20.5754 0
      vertex 18.5761 37.6687 0
      vertex 17.0924 20.62 0
    endloop
  endfacet
  facet normal 0 0 -1
    outer loop
      vertex 16.7134 20.5185 0
      vertex 18.5761 37.6687 0
      vertex 16.9012 20.5754 0
    endloop
  endfacet
  facet normal 0 0 -1
    outer loop
      vertex 16.0727 38.8029 0
      vertex 16.7134 20.5185 0
      vertex 16.5296 20.4493 0
    endloop
  endfacet
  facet normal 0 0 -1
    outer loop
      vertex 3.07752 26.0447 0
      vertex 16.5296 20.4493 0
      vertex 16.3508 20.3683 0
    endloop
  endfacet
  facet normal 0 0 -1
    outer loop
      vertex 3.13926 25.8412 0
      vertex 16.3508 20.3683 0
      vertex 16.1777 20.2757 0
    endloop
  endfacet
  facet normal 0 0 -1
    outer loop
      vertex 16.7134 20.5185 0
      vertex 16.0727 38.8029 0
      vertex 18.5761 37.6687 0
    endloop
  endfacet
  facet normal 0 0 -1
    outer loop
      vertex 3.18755 25.634 0
      vertex 16.1777 20.2757 0
      vertex 16.011 20.1721 0
    endloop
  endfacet
  facet normal 0 0 -1
    outer loop
      vertex 3.2222 25.4242 0
      vertex 16.011 20.1721 0
      vertex 15.8514 20.0577 0
    endloop
  endfacet
  facet normal 0 0 -1
    outer loop
      vertex 3.24304 25.2126 0
      vertex 15.8514 20.0577 0
      vertex 15.6996 19.9332 0
    endloop
  endfacet
  facet normal 0 0 -1
    outer loop
      vertex 3.25 25 0
      vertex 15.6996 19.9332 0
      vertex 15.5563 19.799 0
    endloop
  endfacet
  facet normal 0 0 -1
    outer loop
      vertex 3.24304 24.7874 0
      vertex 15.5563 19.799 0
      vertex 15.4221 19.6557 0
    endloop
  endfacet
  facet normal 0 0 -1
    outer loop
      vertex 3.24304 24.7874 0
      vertex 15.4221 19.6557 0
      vertex 15.2976 19.504 0
    endloop
  endfacet
  facet normal 0 0 -1
    outer loop
      vertex 3.24304 24.7874 0
      vertex 15.2976 19.504 0
      vertex 15.1833 19.3444 0
    endloop
  endfacet
  facet normal 0 0 -1
    outer loop
      vertex 3.24304 24.7874 0
      vertex 15.1833 19.3444 0
      vertex 15.0796 19.1777 0
    endloop
  endfacet
  facet normal 0 0 -1
    outer loop
      vertex 3.24304 24.7874 0
      vertex 15.0796 19.1777 0
      vertex 14.9871 19.0045 0
    endloop
  endfacet
  facet normal 0 0 -1
    outer loop
      vertex 3.24304 24.7874 0
      vertex 14.9871 19.0045 0
      vertex 14.906 18.8257 0
    endloop
  endfacet
  facet normal 0 0 -1
    outer loop
      vertex 3.24304 24.7874 0
      vertex 14.906 18.8257 0
      vertex 14.8369 18.642 0
    endloop
  endfacet
  facet normal 0 0 -1
    outer loop
      vertex 6.12293 14.7821 0
      vertex 14.8369 18.642 0
      vertex 14.7799 18.4541 0
    endloop
  endfacet
  facet normal 0 0 -1
    outer loop
      vertex 7.07662 14.35 0
      vertex 14.7799 18.4541 0
      vertex 14.7353 18.2629 0
    endloop
  endfacet
  facet normal 0 0 -1
    outer loop
      vertex 7.07662 14.35 0
      vertex 14.7353 18.2629 0
      vertex 14.7033 18.0692 0
    endloop
  endfacet
  facet normal 0 0 -1
    outer loop
      vertex 7.07662 14.35 0
      vertex 14.7033 18.0692 0
      vertex 14.6841 17.8739 0
    endloop
  endfacet
  facet normal -0 0 -1
    outer loop
      vertex 14.9871 16.3508 0
      vertex 9.74018 12.6937 0
      vertex 14.906 16.5296 0
    endloop
  endfacet
  facet normal -0 0 -1
    outer loop
      vertex 14.906 16.5296 0
      vertex 9.74018 12.6937 0
      vertex 14.8369 16.7134 0
    endloop
  endfacet
  facet normal -0 0 -1
    outer loop
      vertex 14.8369 16.7134 0
      vertex 9.74018 12.6937 0
      vertex 14.7799 16.9012 0
    endloop
  endfacet
  facet normal 0 0 -1
    outer loop
      vertex 8.88912 13.3035 0
      vertex 14.7799 16.9012 0
      vertex 9.74018 12.6937 0
    endloop
  endfacet
  facet normal -0 0 -1
    outer loop
      vertex 14.7799 16.9012 0
      vertex 8.88912 13.3035 0
      vertex 14.7353 17.0924 0
    endloop
  endfacet
  facet normal -0 0 -1
    outer loop
      vertex 14.7353 17.0924 0
      vertex 8.88912 13.3035 0
      vertex 14.7033 17.2861 0
    endloop
  endfacet
  facet normal -0 0 -1
    outer loop
      vertex 14.7033 17.2861 0
      vertex 8.88912 13.3035 0
      vertex 14.6841 17.4815 0
    endloop
  endfacet
  facet normal 0 0 -1
    outer loop
      vertex 8 13.8564 0
      vertex 14.6841 17.4815 0
      vertex 8.88912 13.3035 0
    endloop
  endfacet
  facet normal -0 0 -1
    outer loop
      vertex 14.6841 17.4815 0
      vertex 8 13.8564 0
      vertex 14.6777 17.6777 0
    endloop
  endfacet
  facet normal -0 0 -1
    outer loop
      vertex 14.6777 17.6777 0
      vertex 8 13.8564 0
      vertex 14.6841 17.8739 0
    endloop
  endfacet
  facet normal 0 0 -1
    outer loop
      vertex 15.8514 20.0577 0
      vertex 3.24304 25.2126 0
      vertex 3.2222 25.4242 0
    endloop
  endfacet
  facet normal 0 0 -1
    outer loop
      vertex 15.6996 19.9332 0
      vertex 3.25 25 0
      vertex 3.24304 25.2126 0
    endloop
  endfacet
  facet normal 0 0 -1
    outer loop
      vertex 16.1777 20.2757 0
      vertex 3.18755 25.634 0
      vertex 3.13926 25.8412 0
    endloop
  endfacet
  facet normal 0 0 -1
    outer loop
      vertex 7.07662 14.35 0
      vertex 14.6841 17.8739 0
      vertex 8 13.8564 0
    endloop
  endfacet
  facet normal 0 0 -1
    outer loop
      vertex 14.7799 18.4541 0
      vertex 7.07662 14.35 0
      vertex 6.12293 14.7821 0
    endloop
  endfacet
  facet normal 0 0 -1
    outer loop
      vertex 3.24304 24.7874 0
      vertex 14.8369 18.642 0
      vertex 6.12293 14.7821 0
    endloop
  endfacet
  facet normal 0 0 -1
    outer loop
      vertex 16.3508 20.3683 0
      vertex 3.13926 25.8412 0
      vertex 3.07752 26.0447 0
    endloop
  endfacet
  facet normal 0 0 -1
    outer loop
      vertex 3.24304 24.7874 0
      vertex 6.12293 14.7821 0
      vertex 5.14303 15.1509 0
    endloop
  endfacet
  facet normal 0 0 -1
    outer loop
      vertex 2.44348 22.8571 0
      vertex 5.14303 15.1509 0
      vertex 4.1411 15.4548 0
    endloop
  endfacet
  facet normal 0 0 -1
    outer loop
      vertex 16.011 20.1721 0
      vertex 3.2222 25.4242 0
      vertex 3.18755 25.634 0
    endloop
  endfacet
  facet normal 0 0 -1
    outer loop
      vertex 16.5296 20.4493 0
      vertex 3.07752 26.0447 0
      vertex 16.0727 38.8029 0
    endloop
  endfacet
  facet normal 0 0 -1
    outer loop
      vertex 3.00261 26.2437 0
      vertex 16.0727 38.8029 0
      vertex 3.07752 26.0447 0
    endloop
  endfacet
  facet normal 0 0 -1
    outer loop
      vertex 2.91484 26.4374 0
      vertex 16.0727 38.8029 0
      vertex 3.00261 26.2437 0
    endloop
  endfacet
  facet normal -0 0 -1
    outer loop
      vertex 16.0727 38.8029 0
      vertex 2.91484 26.4374 0
      vertex 13.5005 39.7711 0
    endloop
  endfacet
  facet normal 0 0 -1
    outer loop
      vertex 2.81458 26.625 0
      vertex 13.5005 39.7711 0
      vertex 2.91484 26.4374 0
    endloop
  endfacet
  facet normal 0 0 -1
    outer loop
      vertex 2.70228 26.8056 0
      vertex 13.5005 39.7711 0
      vertex 2.81458 26.625 0
    endloop
  endfacet
  facet normal -0 0 -1
    outer loop
      vertex 13.5005 39.7711 0
      vertex 2.70228 26.8056 0
      vertex 10.8704 40.5689 0
    endloop
  endfacet
  facet normal 0 0 -1
    outer loop
      vertex 2.5784 26.9785 0
      vertex 10.8704 40.5689 0
      vertex 2.70228 26.8056 0
    endloop
  endfacet
  facet normal 0 0 -1
    outer loop
      vertex 2.44348 27.1429 0
      vertex 10.8704 40.5689 0
      vertex 2.5784 26.9785 0
    endloop
  endfacet
  facet normal 0 0 -1
    outer loop
      vertex 2.2981 27.2981 0
      vertex 10.8704 40.5689 0
      vertex 2.44348 27.1429 0
    endloop
  endfacet
  facet normal -0 0 -1
    outer loop
      vertex 10.8704 40.5689 0
      vertex 2.2981 27.2981 0
      vertex 8.19379 41.193 0
    endloop
  endfacet
  facet normal 0 0 -1
    outer loop
      vertex 2.14287 27.4435 0
      vertex 8.19379 41.193 0
      vertex 2.2981 27.2981 0
    endloop
  endfacet
  facet normal 0 0 -1
    outer loop
      vertex 1.97847 27.5784 0
      vertex 8.19379 41.193 0
      vertex 2.14287 27.4435 0
    endloop
  endfacet
  facet normal 0 0 -1
    outer loop
      vertex 1.8056 27.7023 0
      vertex 8.19379 41.193 0
      vertex 1.97847 27.5784 0
    endloop
  endfacet
  facet normal -0 0 -1
    outer loop
      vertex 8.19379 41.193 0
      vertex 1.8056 27.7023 0
      vertex 5.4821 41.6407 0
    endloop
  endfacet
  facet normal 0 0 -1
    outer loop
      vertex 1.625 27.8146 0
      vertex 5.4821 41.6407 0
      vertex 1.8056 27.7023 0
    endloop
  endfacet
  facet normal 0 0 -1
    outer loop
      vertex 1.43744 27.9148 0
      vertex 5.4821 41.6407 0
      vertex 1.625 27.8146 0
    endloop
  endfacet
  facet normal 0 0 -1
    outer loop
      vertex 1.24372 28.0026 0
      vertex 5.4821 41.6407 0
      vertex 1.43744 27.9148 0
    endloop
  endfacet
  facet normal 0 0 -1
    outer loop
      vertex 1.04468 28.0775 0
      vertex 5.4821 41.6407 0
      vertex 1.24372 28.0026 0
    endloop
  endfacet
  facet normal -0 0 -1
    outer loop
      vertex 5.4821 41.6407 0
      vertex 1.04468 28.0775 0
      vertex 2.74693 41.9101 0
    endloop
  endfacet
  facet normal 0 0 -1
    outer loop
      vertex 0.841162 28.1393 0
      vertex 2.74693 41.9101 0
      vertex 1.04468 28.0775 0
    endloop
  endfacet
  facet normal 0 0 -1
    outer loop
      vertex 0.634043 28.1876 0
      vertex 2.74693 41.9101 0
      vertex 0.841162 28.1393 0
    endloop
  endfacet
  facet normal 0 0 -1
    outer loop
      vertex 0.42421 28.2222 0
      vertex 2.74693 41.9101 0
      vertex 0.634043 28.1876 0
    endloop
  endfacet
  facet normal 0 0 -1
    outer loop
      vertex 0 42 0
      vertex 0.42421 28.2222 0
      vertex 0.21256 28.243 0
    endloop
  endfacet
  facet normal 0 0 -1
    outer loop
      vertex 0 42 0
      vertex 0.21256 28.243 0
      vertex 0 28.25 0
    endloop
  endfacet
  facet normal 0 0 -1
    outer loop
      vertex 0.42421 28.2222 0
      vertex 0 42 0
      vertex 2.74693 41.9101 0
    endloop
  endfacet
  facet normal 0 0 -1
    outer loop
      vertex -0.21256 28.243 0
      vertex 0 42 0
      vertex 0 28.25 0
    endloop
  endfacet
  facet normal 0 0 -1
    outer loop
      vertex -0.42421 28.2222 0
      vertex 0 42 0
      vertex -0.21256 28.243 0
    endloop
  endfacet
  facet normal 0 0 -1
    outer loop
      vertex -2.74693 41.9101 0
      vertex -0.42421 28.2222 0
      vertex -0.634043 28.1876 0
    endloop
  endfacet
  facet normal 0 0 -1
    outer loop
      vertex -2.74693 41.9101 0
      vertex -0.634043 28.1876 0
      vertex -0.841162 28.1393 0
    endloop
  endfacet
  facet normal 0 0 -1
    outer loop
      vertex -2.74693 41.9101 0
      vertex -0.841162 28.1393 0
      vertex -1.04468 28.0775 0
    endloop
  endfacet
  facet normal 0 0 -1
    outer loop
      vertex -5.4821 41.6407 0
      vertex -1.04468 28.0775 0
      vertex -1.24372 28.0026 0
    endloop
  endfacet
  facet normal 0 0 -1
    outer loop
      vertex -5.4821 41.6407 0
      vertex -1.24372 28.0026 0
      vertex -1.43744 27.9148 0
    endloop
  endfacet
  facet normal 0 0 -1
    outer loop
      vertex -5.4821 41.6407 0
      vertex -1.43744 27.9148 0
      vertex -1.625 27.8146 0
    endloop
  endfacet
  facet normal 0 0 -1
    outer loop
      vertex -5.4821 41.6407 0
      vertex -1.625 27.8146 0
      vertex -1.8056 27.7023 0
    endloop
  endfacet
  facet normal 0 0 -1
    outer loop
      vertex -8.19379 41.193 0
      vertex -1.8056 27.7023 0
      vertex -1.97847 27.5784 0
    endloop
  endfacet
  facet normal 0 0 -1
    outer loop
      vertex -8.19379 41.193 0
      vertex -1.97847 27.5784 0
      vertex -2.14287 27.4435 0
    endloop
  endfacet
  facet normal 0 0 -1
    outer loop
      vertex -8.19379 41.193 0
      vertex -2.14287 27.4435 0
      vertex -2.2981 27.2981 0
    endloop
  endfacet
  facet normal 0 0 -1
    outer loop
      vertex -10.8704 40.5689 0
      vertex -2.2981 27.2981 0
      vertex -2.44348 27.1429 0
    endloop
  endfacet
  facet normal 0 0 -1
    outer loop
      vertex -10.8704 40.5689 0
      vertex -2.44348 27.1429 0
      vertex -2.5784 26.9785 0
    endloop
  endfacet
  facet normal 0 0 -1
    outer loop
      vertex -10.8704 40.5689 0
      vertex -2.5784 26.9785 0
      vertex -2.70228 26.8056 0
    endloop
  endfacet
  facet normal 0 0 -1
    outer loop
      vertex -0.42421 28.2222 0
      vertex -2.74693 41.9101 0
      vertex 0 42 0
    endloop
  endfacet
  facet normal 0 0 -1
    outer loop
      vertex -13.5005 39.7711 0
      vertex -2.70228 26.8056 0
      vertex -2.81458 26.625 0
    endloop
  endfacet
  facet normal 0 0 -1
    outer loop
      vertex -13.5005 39.7711 0
      vertex -2.81458 26.625 0
      vertex -2.91484 26.4374 0
    endloop
  endfacet
  facet normal 0 0 -1
    outer loop
      vertex -16.0727 38.8029 0
      vertex -2.91484 26.4374 0
      vertex -3.00261 26.2437 0
    endloop
  endfacet
  facet normal 0 0 -1
    outer loop
      vertex -16.0727 38.8029 0
      vertex -3.00261 26.2437 0
      vertex -3.07752 26.0447 0
    endloop
  endfacet
  facet normal 0 0 -1
    outer loop
      vertex -16.0727 38.8029 0
      vertex -3.07752 26.0447 0
      vertex -3.13926 25.8412 0
    endloop
  endfacet
  facet normal 0 0 -1
    outer loop
      vertex -18.5761 37.6687 0
      vertex -3.13926 25.8412 0
      vertex -3.18755 25.634 0
    endloop
  endfacet
  facet normal 0 0 -1
    outer loop
      vertex -18.5761 37.6687 0
      vertex -3.18755 25.634 0
      vertex -3.2222 25.4242 0
    endloop
  endfacet
  facet normal 0 0 -1
    outer loop
      vertex -21 36.3731 0
      vertex -3.2222 25.4242 0
      vertex -3.24304 25.2126 0
    endloop
  endfacet
  facet normal 0 0 -1
    outer loop
      vertex -21 36.3731 0
      vertex -3.24304 25.2126 0
      vertex -3.25 25 0
    endloop
  endfacet
  facet normal -0 0 -1
    outer loop
      vertex -3.13926 24.1588 0
      vertex -8 13.8564 0
      vertex -3.18755 24.366 0
    endloop
  endfacet
  facet normal -0 0 -1
    outer loop
      vertex -3.18755 24.366 0
      vertex -8 13.8564 0
      vertex -3.2222 24.5758 0
    endloop
  endfacet
  facet normal 0 0 -1
    outer loop
      vertex -1.04468 28.0775 0
      vertex -5.4821 41.6407 0
      vertex -2.74693 41.9101 0
    endloop
  endfacet
  facet normal 0 0 -1
    outer loop
      vertex -8.88912 13.3035 0
      vertex -3.2222 24.5758 0
      vertex -8 13.8564 0
    endloop
  endfacet
  facet normal -0 0 -1
    outer loop
      vertex -3.2222 24.5758 0
      vertex -8.88912 13.3035 0
      vertex -3.24304 24.7874 0
    endloop
  endfacet
  facet normal 0 0 -1
    outer loop
      vertex -21 36.3731 0
      vertex -3.24304 24.7874 0
      vertex -8.88912 13.3035 0
    endloop
  endfacet
  facet normal 0 0 -1
    outer loop
      vertex -1.8056 27.7023 0
      vertex -8.19379 41.193 0
      vertex -5.4821 41.6407 0
    endloop
  endfacet
  facet normal 0 0 -1
    outer loop
      vertex -3.24304 24.7874 0
      vertex -21 36.3731 0
      vertex -3.25 25 0
    endloop
  endfacet
  facet normal 0 0 -1
    outer loop
      vertex -21 36.3731 0
      vertex -8.88912 13.3035 0
      vertex -9.74018 12.6937 0
    endloop
  endfacet
  facet normal 0 0 -1
    outer loop
      vertex -21 36.3731 0
      vertex -9.74018 12.6937 0
      vertex -10.5495 12.0294 0
    endloop
  endfacet
  facet normal 0 0 -1
    outer loop
      vertex -2.2981 27.2981 0
      vertex -10.8704 40.5689 0
      vertex -8.19379 41.193 0
    endloop
  endfacet
  facet normal 0 0 -1
    outer loop
      vertex -21 36.3731 0
      vertex -10.5495 12.0294 0
      vertex -11.3137 11.3137 0
    endloop
  endfacet
  facet normal 0 0 -1
    outer loop
      vertex -21 36.3731 0
      vertex -11.3137 11.3137 0
      vertex -12.0294 10.5495 0
    endloop
  endfacet
  facet normal 0 0 -1
    outer loop
      vertex -21 36.3731 0
      vertex -12.0294 10.5495 0
      vertex -12.6937 9.74018 0
    endloop
  endfacet
  facet normal 0 0 -1
    outer loop
      vertex -21 36.3731 0
      vertex -12.6937 9.74018 0
      vertex -13.3035 8.88912 0
    endloop
  endfacet
  facet normal 0 0 -1
    outer loop
      vertex -2.70228 26.8056 0
      vertex -13.5005 39.7711 0
      vertex -10.8704 40.5689 0
    endloop
  endfacet
  facet normal 0 0 -1
    outer loop
      vertex -21 36.3731 0
      vertex -13.3035 8.88912 0
      vertex -13.8564 8 0
    endloop
  endfacet
  facet normal 0 0 -1
    outer loop
      vertex -21.9974 1.24372 0
      vertex -15.8631 2.08842 0
      vertex -21.9225 1.04468 0
    endloop
  endfacet
  facet normal 0 0 -1
    outer loop
      vertex -21.9225 1.04468 0
      vertex -15.8631 2.08842 0
      vertex -21.8607 0.841162 0
    endloop
  endfacet
  facet normal -0 0 -1
    outer loop
      vertex -15.9657 1.04645 0
      vertex -21.8607 0.841162 0
      vertex -15.8631 2.08842 0
    endloop
  endfacet
  facet normal 0 0 -1
    outer loop
      vertex -21.8607 0.841162 0
      vertex -15.9657 1.04645 0
      vertex -21.8124 0.634043 0
    endloop
  endfacet
  facet normal 0 0 -1
    outer loop
      vertex -21.8124 0.634043 0
      vertex -15.9657 1.04645 0
      vertex -21.7778 0.42421 0
    endloop
  endfacet
  facet normal 0 0 -1
    outer loop
      vertex -21.7778 0.42421 0
      vertex -15.9657 1.04645 0
      vertex -21.757 0.21256 0
    endloop
  endfacet
  facet normal 0 0 -1
    outer loop
      vertex -16 0 0
      vertex -21.757 0.21256 0
      vertex -15.9657 1.04645 0
    endloop
  endfacet
  facet normal 0 0 -1
    outer loop
      vertex -2.91484 26.4374 0
      vertex -16.0727 38.8029 0
      vertex -13.5005 39.7711 0
    endloop
  endfacet
  facet normal 0 0 -1
    outer loop
      vertex -21.757 0.21256 0
      vertex -16 0 0
      vertex -21.75 0 0
    endloop
  endfacet
  facet normal 0 0 -1
    outer loop
      vertex -17.6777 -14.6777 0
      vertex -13.8564 -8 0
      vertex -17.4815 -14.6841 0
    endloop
  endfacet
  facet normal 0 0 -1
    outer loop
      vertex -17.8739 -14.6841 0
      vertex -13.8564 -8 0
      vertex -17.6777 -14.6777 0
    endloop
  endfacet
  facet normal 0 0 -1
    outer loop
      vertex -22.6417 -11.0678 0
      vertex -18.0692 -14.7033 0
      vertex -22.5565 -11.5843 0
    endloop
  endfacet
  facet normal 0 0 -1
    outer loop
      vertex -18.2629 -14.7353 0
      vertex -22.5565 -11.5843 0
      vertex -18.0692 -14.7033 0
    endloop
  endfacet
  facet normal 0 0 -1
    outer loop
      vertex -18.0692 -14.7033 0
      vertex -22.6417 -11.0678 0
      vertex -17.8739 -14.6841 0
    endloop
  endfacet
  facet normal 0 0 -1
    outer loop
      vertex -17.8739 -14.6841 0
      vertex -22.6417 -11.0678 0
      vertex -13.8564 -8 0
    endloop
  endfacet
  facet normal 0 0 -1
    outer loop
      vertex -15.1509 -5.14303 0
      vertex -22.4216 -1.97847 0
      vertex -15.4548 -4.1411 0
    endloop
  endfacet
  facet normal 0 0 -1
    outer loop
      vertex -15.4548 -4.1411 0
      vertex -22.4216 -1.97847 0
      vertex -15.6926 -3.12144 0
    endloop
  endfacet
  facet normal 0 0 -1
    outer loop
      vertex -15.6926 -3.12144 0
      vertex -22.1854 -1.625 0
      vertex -15.8631 -2.08842 0
    endloop
  endfacet
  facet normal 0 -0 -1
    outer loop
      vertex -22.2977 -1.8056 0
      vertex -15.6926 -3.12144 0
      vertex -22.4216 -1.97847 0
    endloop
  endfacet
  facet normal -0 0 -1
    outer loop
      vertex -13.8564 -8 0
      vertex -22.6417 -11.0678 0
      vertex -14.35 -7.07662 0
    endloop
  endfacet
  facet normal 0 0 -1
    outer loop
      vertex -18.4541 -14.7799 0
      vertex -22.5565 -11.5843 0
      vertex -18.2629 -14.7353 0
    endloop
  endfacet
  facet normal 0 0 -1
    outer loop
      vertex -22.5565 -11.5843 0
      vertex -18.4541 -14.7799 0
      vertex -22.5052 -12.1053 0
    endloop
  endfacet
  facet normal 0 0 -1
    outer loop
      vertex -18.642 -14.8369 0
      vertex -22.5052 -12.1053 0
      vertex -18.4541 -14.7799 0
    endloop
  endfacet
  facet normal 0 0 -1
    outer loop
      vertex -22.0852 1.43744 0
      vertex -15.8631 2.08842 0
      vertex -21.9974 1.24372 0
    endloop
  endfacet
  facet normal 0 0 -1
    outer loop
      vertex -22.5052 -12.1053 0
      vertex -18.642 -14.8369 0
      vertex -22.488 -12.6286 0
    endloop
  endfacet
  facet normal 0 0 -1
    outer loop
      vertex -22.488 -12.6286 0
      vertex -18.642 -14.8369 0
      vertex -18.8257 -14.906 0
    endloop
  endfacet
  facet normal 0 0 -1
    outer loop
      vertex -22.488 -12.6286 0
      vertex -18.8257 -14.906 0
      vertex -19.0045 -14.9871 0
    endloop
  endfacet
  facet normal 0 0 -1
    outer loop
      vertex -22.488 -12.6286 0
      vertex -19.0045 -14.9871 0
      vertex -19.1777 -15.0796 0
    endloop
  endfacet
  facet normal 0 0 -1
    outer loop
      vertex -22.5052 -13.1518 0
      vertex -19.1777 -15.0796 0
      vertex -19.3444 -15.1833 0
    endloop
  endfacet
  facet normal 0 0 -1
    outer loop
      vertex -22.5565 -13.6728 0
      vertex -19.3444 -15.1833 0
      vertex -19.504 -15.2976 0
    endloop
  endfacet
  facet normal 0 0 -1
    outer loop
      vertex -22.5565 -13.6728 0
      vertex -19.504 -15.2976 0
      vertex -19.6557 -15.4221 0
    endloop
  endfacet
  facet normal 0 0 -1
    outer loop
      vertex -22.5565 -13.6728 0
      vertex -19.6557 -15.4221 0
      vertex -19.799 -15.5563 0
    endloop
  endfacet
  facet normal 0 0 -1
    outer loop
      vertex -22.6417 -14.1893 0
      vertex -19.799 -15.5563 0
      vertex -19.9332 -15.6996 0
    endloop
  endfacet
  facet normal 0 0 -1
    outer loop
      vertex -22.6417 -14.1893 0
      vertex -19.9332 -15.6996 0
      vertex -20.0577 -15.8514 0
    endloop
  endfacet
  facet normal 0 0 -1
    outer loop
      vertex -22.7606 -14.6991 0
      vertex -20.0577 -15.8514 0
      vertex -20.1721 -16.011 0
    endloop
  endfacet
  facet normal 0 0 -1
    outer loop
      vertex -22.7606 -14.6991 0
      vertex -20.1721 -16.011 0
      vertex -20.2757 -16.1777 0
    endloop
  endfacet
  facet normal 0 0 -1
    outer loop
      vertex -22.9126 -15.2001 0
      vertex -20.2757 -16.1777 0
      vertex -20.3683 -16.3508 0
    endloop
  endfacet
  facet normal 0 0 -1
    outer loop
      vertex -22.9126 -15.2001 0
      vertex -20.3683 -16.3508 0
      vertex -20.4493 -16.5296 0
    endloop
  endfacet
  facet normal 0 0 -1
    outer loop
      vertex -23.097 -15.69 0
      vertex -20.4493 -16.5296 0
      vertex -20.5185 -16.7134 0
    endloop
  endfacet
  facet normal 0 0 -1
    outer loop
      vertex -23.097 -15.69 0
      vertex -20.5185 -16.7134 0
      vertex -20.5754 -16.9012 0
    endloop
  endfacet
  facet normal 0 0 -1
    outer loop
      vertex -23.313 -16.1669 0
      vertex -20.5754 -16.9012 0
      vertex -20.62 -17.0924 0
    endloop
  endfacet
  facet normal 0 0 -1
    outer loop
      vertex -23.313 -16.1669 0
      vertex -20.62 -17.0924 0
      vertex -20.652 -17.2861 0
    endloop
  endfacet
  facet normal 0 0 -1
    outer loop
      vertex -23.5598 -16.6286 0
      vertex -20.652 -17.2861 0
      vertex -20.6712 -17.4815 0
    endloop
  endfacet
  facet normal 0 0 -1
    outer loop
      vertex -3.13926 25.8412 0
      vertex -18.5761 37.6687 0
      vertex -16.0727 38.8029 0
    endloop
  endfacet
  facet normal 0 0 -1
    outer loop
      vertex -23.5598 -16.6286 0
      vertex -20.6712 -17.4815 0
      vertex -20.6777 -17.6777 0
    endloop
  endfacet
  facet normal 0 0 -1
    outer loop
      vertex -20.3683 -19.0045 0
      vertex -24.8312 -18.2854 0
      vertex -20.4493 -18.8257 0
    endloop
  endfacet
  facet normal 0 0 -1
    outer loop
      vertex -3.2222 25.4242 0
      vertex -21 36.3731 0
      vertex -18.5761 37.6687 0
    endloop
  endfacet
  facet normal -0 0 -1
    outer loop
      vertex -16 0 0
      vertex -21.757 -0.21256 0
      vertex -21.75 0 0
    endloop
  endfacet
  facet normal 0 0 -1
    outer loop
      vertex -16 0 0
      vertex -21.7778 -0.42421 0
      vertex -21.757 -0.21256 0
    endloop
  endfacet
  facet normal 0 -0 -1
    outer loop
      vertex -22.1854 -1.625 0
      vertex -15.6926 -3.12144 0
      vertex -22.2977 -1.8056 0
    endloop
  endfacet
  facet normal 0 0 -1
    outer loop
      vertex -15.9657 -1.04645 0
      vertex -21.7778 -0.42421 0
      vertex -16 0 0
    endloop
  endfacet
  facet normal 0 -0 -1
    outer loop
      vertex -21.7778 -0.42421 0
      vertex -15.9657 -1.04645 0
      vertex -21.8124 -0.634043 0
    endloop
  endfacet
  facet normal 0 -0 -1
    outer loop
      vertex -21.8124 -0.634043 0
      vertex -15.9657 -1.04645 0
      vertex -21.8607 -0.841162 0
    endloop
  endfacet
  facet normal 0 -0 -1
    outer loop
      vertex -21.8607 -0.841162 0
      vertex -15.9657 -1.04645 0
      vertex -21.9225 -1.04468 0
    endloop
  endfacet
  facet normal 0 0 -1
    outer loop
      vertex -15.8631 -2.08842 0
      vertex -21.9225 -1.04468 0
      vertex -15.9657 -1.04645 0
    endloop
  endfacet
  facet normal 0 -0 -1
    outer loop
      vertex -21.9225 -1.04468 0
      vertex -15.8631 -2.08842 0
      vertex -21.9974 -1.24372 0
    endloop
  endfacet
  facet normal 0 -0 -1
    outer loop
      vertex -21.9974 -1.24372 0
      vertex -15.8631 -2.08842 0
      vertex -22.0852 -1.43744 0
    endloop
  endfacet
  facet normal 0 -0 -1
    outer loop
      vertex -22.0852 -1.43744 0
      vertex -15.8631 -2.08842 0
      vertex -22.1854 -1.625 0
    endloop
  endfacet
  facet normal 0 0 -1
    outer loop
      vertex -19.1777 -15.0796 0
      vertex -22.5052 -13.1518 0
      vertex -22.488 -12.6286 0
    endloop
  endfacet
  facet normal 0 0 -1
    outer loop
      vertex -19.3444 -15.1833 0
      vertex -22.5565 -13.6728 0
      vertex -22.5052 -13.1518 0
    endloop
  endfacet
  facet normal 0 0 -1
    outer loop
      vertex -19.799 -15.5563 0
      vertex -22.6417 -14.1893 0
      vertex -22.5565 -13.6728 0
    endloop
  endfacet
  facet normal 0 0 -1
    outer loop
      vertex -20.0577 -15.8514 0
      vertex -22.7606 -14.6991 0
      vertex -22.6417 -14.1893 0
    endloop
  endfacet
  facet normal 0 0 -1
    outer loop
      vertex -20.2757 -16.1777 0
      vertex -22.9126 -15.2001 0
      vertex -22.7606 -14.6991 0
    endloop
  endfacet
  facet normal 0 0 -1
    outer loop
      vertex -20.4493 -16.5296 0
      vertex -23.097 -15.69 0
      vertex -22.9126 -15.2001 0
    endloop
  endfacet
  facet normal 0 0 -1
    outer loop
      vertex -20.5754 -16.9012 0
      vertex -23.313 -16.1669 0
      vertex -23.097 -15.69 0
    endloop
  endfacet
  facet normal 0 0 -1
    outer loop
      vertex -20.4493 -18.8257 0
      vertex -24.4733 -17.9033 0
      vertex -20.5185 -18.642 0
    endloop
  endfacet
  facet normal 0 0 -1
    outer loop
      vertex -20.652 -17.2861 0
      vertex -23.5598 -16.6286 0
      vertex -23.313 -16.1669 0
    endloop
  endfacet
  facet normal 0 0 -1
    outer loop
      vertex -20.6777 -17.6777 0
      vertex -23.8363 -17.0731 0
      vertex -23.5598 -16.6286 0
    endloop
  endfacet
  facet normal 0 0 -1
    outer loop
      vertex -20.6712 -17.8739 0
      vertex -23.8363 -17.0731 0
      vertex -20.6777 -17.6777 0
    endloop
  endfacet
  facet normal 0 0 -1
    outer loop
      vertex -20.652 -18.0692 0
      vertex -23.8363 -17.0731 0
      vertex -20.6712 -17.8739 0
    endloop
  endfacet
  facet normal 0 -0 -1
    outer loop
      vertex -23.8363 -17.0731 0
      vertex -20.652 -18.0692 0
      vertex -24.1412 -17.4986 0
    endloop
  endfacet
  facet normal 0 0 -1
    outer loop
      vertex -20.62 -18.2629 0
      vertex -24.1412 -17.4986 0
      vertex -20.652 -18.0692 0
    endloop
  endfacet
  facet normal 0 0 -1
    outer loop
      vertex -20.5185 -18.642 0
      vertex -24.4733 -17.9033 0
      vertex -20.5754 -18.4541 0
    endloop
  endfacet
  facet normal 0 0 -1
    outer loop
      vertex -20.5754 -18.4541 0
      vertex -24.1412 -17.4986 0
      vertex -20.62 -18.2629 0
    endloop
  endfacet
  facet normal 0 -0 -1
    outer loop
      vertex -24.1412 -17.4986 0
      vertex -20.5754 -18.4541 0
      vertex -24.4733 -17.9033 0
    endloop
  endfacet
  facet normal 0 -0 -1
    outer loop
      vertex -24.4733 -17.9033 0
      vertex -20.4493 -18.8257 0
      vertex -24.8312 -18.2854 0
    endloop
  endfacet
  facet normal 0 0 -1
    outer loop
      vertex -26.0435 -19.2803 0
      vertex -27.6925 -31.5773 0
      vertex -26.488 -19.5568 0
    endloop
  endfacet
  facet normal 0 0 -1
    outer loop
      vertex -26.488 -19.5568 0
      vertex -27.6925 -31.5773 0
      vertex -26.9497 -19.8035 0
    endloop
  endfacet
  facet normal 0 0 -1
    outer loop
      vertex -29.6985 -29.6985 0
      vertex -26.9497 -19.8035 0
      vertex -27.6925 -31.5773 0
    endloop
  endfacet
  facet normal 0 0 -1
    outer loop
      vertex -26.9497 -19.8035 0
      vertex -29.6985 -29.6985 0
      vertex -27.4266 -20.0196 0
    endloop
  endfacet
  facet normal 0 0 -1
    outer loop
      vertex -27.4266 -20.0196 0
      vertex -29.6985 -29.6985 0
      vertex -27.9165 -20.204 0
    endloop
  endfacet
  facet normal 0 0 -1
    outer loop
      vertex -27.9165 -20.204 0
      vertex -29.6985 -29.6985 0
      vertex -28.4175 -20.356 0
    endloop
  endfacet
  facet normal 0 0 -1
    outer loop
      vertex -31.5773 -27.6925 0
      vertex -28.4175 -20.356 0
      vertex -29.6985 -29.6985 0
    endloop
  endfacet
  facet normal 0 0 -1
    outer loop
      vertex -28.4175 -20.356 0
      vertex -31.5773 -27.6925 0
      vertex -28.9273 -20.4748 0
    endloop
  endfacet
  facet normal 0 0 -1
    outer loop
      vertex -28.9273 -20.4748 0
      vertex -31.5773 -27.6925 0
      vertex -29.4438 -20.5601 0
    endloop
  endfacet
  facet normal 0 0 -1
    outer loop
      vertex -29.4438 -20.5601 0
      vertex -31.5773 -27.6925 0
      vertex -29.9648 -20.6114 0
    endloop
  endfacet
  facet normal 0 0 -1
    outer loop
      vertex -33.3208 -25.568 0
      vertex -29.9648 -20.6114 0
      vertex -31.5773 -27.6925 0
    endloop
  endfacet
  facet normal 0 0 -1
    outer loop
      vertex -29.9648 -20.6114 0
      vertex -33.3208 -25.568 0
      vertex -30.488 -20.6286 0
    endloop
  endfacet
  facet normal -0 0 -1
    outer loop
      vertex -30.488 -20.6286 0
      vertex -33.3208 -25.568 0
      vertex -31.0112 -20.6114 0
    endloop
  endfacet
  facet normal -0 0 -1
    outer loop
      vertex -31.0112 -20.6114 0
      vertex -33.3208 -25.568 0
      vertex -31.5322 -20.5601 0
    endloop
  endfacet
  facet normal -0 0 -1
    outer loop
      vertex -31.5322 -20.5601 0
      vertex -33.3208 -25.568 0
      vertex -32.0487 -20.4748 0
    endloop
  endfacet
  facet normal 0 0 -1
    outer loop
      vertex -34.9217 -23.334 0
      vertex -32.0487 -20.4748 0
      vertex -33.3208 -25.568 0
    endloop
  endfacet
  facet normal -0 0 -1
    outer loop
      vertex -32.0487 -20.4748 0
      vertex -34.9217 -23.334 0
      vertex -32.5586 -20.356 0
    endloop
  endfacet
  facet normal -0 0 -1
    outer loop
      vertex -32.5586 -20.356 0
      vertex -34.9217 -23.334 0
      vertex -33.0595 -20.204 0
    endloop
  endfacet
  facet normal -0 0 -1
    outer loop
      vertex -33.0595 -20.204 0
      vertex -34.9217 -23.334 0
      vertex -33.5495 -20.0196 0
    endloop
  endfacet
  facet normal -0 0 -1
    outer loop
      vertex -33.5495 -20.0196 0
      vertex -34.9217 -23.334 0
      vertex -34.0263 -19.8035 0
    endloop
  endfacet
  facet normal 0 0 -1
    outer loop
      vertex -36.3731 -21 0
      vertex -34.0263 -19.8035 0
      vertex -34.9217 -23.334 0
    endloop
  endfacet
  facet normal -0 0 -1
    outer loop
      vertex -34.0263 -19.8035 0
      vertex -36.3731 -21 0
      vertex -34.488 -19.5568 0
    endloop
  endfacet
  facet normal -0 0 -1
    outer loop
      vertex -34.488 -19.5568 0
      vertex -36.3731 -21 0
      vertex -34.9326 -19.2803 0
    endloop
  endfacet
  facet normal -0 0 -1
    outer loop
      vertex -34.9326 -19.2803 0
      vertex -36.3731 -21 0
      vertex -35.3581 -18.9754 0
    endloop
  endfacet
  facet normal -0 0 -1
    outer loop
      vertex -35.3581 -18.9754 0
      vertex -36.3731 -21 0
      vertex -35.7628 -18.6433 0
    endloop
  endfacet
  facet normal 0 0 -1
    outer loop
      vertex -37.6687 -18.5761 0
      vertex -35.7628 -18.6433 0
      vertex -36.3731 -21 0
    endloop
  endfacet
  facet normal 0 0 -1
    outer loop
      vertex -35.7628 -18.6433 0
      vertex -37.6687 -18.5761 0
      vertex -36.1449 -18.2854 0
    endloop
  endfacet
  facet normal -0 0 -1
    outer loop
      vertex -36.1449 -18.2854 0
      vertex -37.6687 -18.5761 0
      vertex -36.5027 -17.9033 0
    endloop
  endfacet
  facet normal -0 0 -1
    outer loop
      vertex -36.5027 -17.9033 0
      vertex -37.6687 -18.5761 0
      vertex -36.8349 -17.4986 0
    endloop
  endfacet
  facet normal -0 0 -1
    outer loop
      vertex -36.8349 -17.4986 0
      vertex -37.6687 -18.5761 0
      vertex -37.1398 -17.0731 0
    endloop
  endfacet
  facet normal -0 0 -1
    outer loop
      vertex -37.1398 -17.0731 0
      vertex -37.6687 -18.5761 0
      vertex -37.4162 -16.6286 0
    endloop
  endfacet
  facet normal 0 0 -1
    outer loop
      vertex -38.8029 -16.0727 0
      vertex -37.4162 -16.6286 0
      vertex -37.6687 -18.5761 0
    endloop
  endfacet
  facet normal 0 0 -1
    outer loop
      vertex -37.4162 -16.6286 0
      vertex -38.8029 -16.0727 0
      vertex -37.663 -16.1669 0
    endloop
  endfacet
  facet normal 0 0 -1
    outer loop
      vertex -37.663 -16.1669 0
      vertex -38.8029 -16.0727 0
      vertex -37.8791 -15.69 0
    endloop
  endfacet
  facet normal -0 0 -1
    outer loop
      vertex -37.8791 -15.69 0
      vertex -38.8029 -16.0727 0
      vertex -38.0635 -15.2001 0
    endloop
  endfacet
  facet normal -0 0 -1
    outer loop
      vertex -38.0635 -15.2001 0
      vertex -38.8029 -16.0727 0
      vertex -38.2154 -14.6991 0
    endloop
  endfacet
  facet normal 0 0 -1
    outer loop
      vertex -39.7711 -13.5005 0
      vertex -38.2154 -14.6991 0
      vertex -38.8029 -16.0727 0
    endloop
  endfacet
  facet normal 0 0 -1
    outer loop
      vertex -38.4196 -13.6728 0
      vertex -39.7711 -13.5005 0
      vertex -38.4709 -13.1518 0
    endloop
  endfacet
  facet normal 0 0 -1
    outer loop
      vertex -38.3343 -14.1893 0
      vertex -39.7711 -13.5005 0
      vertex -38.4196 -13.6728 0
    endloop
  endfacet
  facet normal 0 0 -1
    outer loop
      vertex -38.2154 -14.6991 0
      vertex -39.7711 -13.5005 0
      vertex -38.3343 -14.1893 0
    endloop
  endfacet
  facet normal 0 0 -1
    outer loop
      vertex 13.3035 8.88912 0
      vertex 17.4815 14.6841 0
      vertex 13.8564 8 0
    endloop
  endfacet
  facet normal -0 0 -1
    outer loop
      vertex 17.4815 14.6841 0
      vertex 13.3035 8.88912 0
      vertex 17.2861 14.7033 0
    endloop
  endfacet
  facet normal -0 0 -1
    outer loop
      vertex 17.2861 14.7033 0
      vertex 13.3035 8.88912 0
      vertex 17.0924 14.7353 0
    endloop
  endfacet
  facet normal -0 0 -1
    outer loop
      vertex 17.0924 14.7353 0
      vertex 13.3035 8.88912 0
      vertex 16.9012 14.7799 0
    endloop
  endfacet
  facet normal 0 0 -1
    outer loop
      vertex 12.6937 9.74018 0
      vertex 16.9012 14.7799 0
      vertex 13.3035 8.88912 0
    endloop
  endfacet
  facet normal -0 0 -1
    outer loop
      vertex 16.9012 14.7799 0
      vertex 12.6937 9.74018 0
      vertex 16.7134 14.8369 0
    endloop
  endfacet
  facet normal -0 0 -1
    outer loop
      vertex 16.7134 14.8369 0
      vertex 12.6937 9.74018 0
      vertex 16.5296 14.906 0
    endloop
  endfacet
  facet normal -0 0 -1
    outer loop
      vertex 16.5296 14.906 0
      vertex 12.6937 9.74018 0
      vertex 16.3508 14.9871 0
    endloop
  endfacet
  facet normal 0 0 -1
    outer loop
      vertex 12.0294 10.5495 0
      vertex 16.3508 14.9871 0
      vertex 12.6937 9.74018 0
    endloop
  endfacet
  facet normal -0 0 -1
    outer loop
      vertex 16.3508 14.9871 0
      vertex 12.0294 10.5495 0
      vertex 16.1777 15.0796 0
    endloop
  endfacet
  facet normal -0 0 -1
    outer loop
      vertex 16.1777 15.0796 0
      vertex 12.0294 10.5495 0
      vertex 16.011 15.1833 0
    endloop
  endfacet
  facet normal -0 0 -1
    outer loop
      vertex 16.011 15.1833 0
      vertex 12.0294 10.5495 0
      vertex 15.8514 15.2976 0
    endloop
  endfacet
  facet normal -0 0 -1
    outer loop
      vertex 15.8514 15.2976 0
      vertex 12.0294 10.5495 0
      vertex 15.6996 15.4221 0
    endloop
  endfacet
  facet normal 0 0 -1
    outer loop
      vertex 11.3137 11.3137 0
      vertex 15.6996 15.4221 0
      vertex 12.0294 10.5495 0
    endloop
  endfacet
  facet normal -0 0 -1
    outer loop
      vertex 15.6996 15.4221 0
      vertex 11.3137 11.3137 0
      vertex 15.5563 15.5563 0
    endloop
  endfacet
  facet normal -0 0 -1
    outer loop
      vertex 15.5563 15.5563 0
      vertex 11.3137 11.3137 0
      vertex 15.4221 15.6996 0
    endloop
  endfacet
  facet normal -0 0 -1
    outer loop
      vertex 15.4221 15.6996 0
      vertex 11.3137 11.3137 0
      vertex 15.2976 15.8514 0
    endloop
  endfacet
  facet normal 0 0 -1
    outer loop
      vertex 10.5495 12.0294 0
      vertex 15.2976 15.8514 0
      vertex 11.3137 11.3137 0
    endloop
  endfacet
  facet normal -0 0 -1
    outer loop
      vertex 15.2976 15.8514 0
      vertex 10.5495 12.0294 0
      vertex 15.1833 16.011 0
    endloop
  endfacet
  facet normal -0 0 -1
    outer loop
      vertex 15.1833 16.011 0
      vertex 10.5495 12.0294 0
      vertex 15.0796 16.1777 0
    endloop
  endfacet
  facet normal -0 0 -1
    outer loop
      vertex 15.0796 16.1777 0
      vertex 10.5495 12.0294 0
      vertex 14.9871 16.3508 0
    endloop
  endfacet
  facet normal 0 0 -1
    outer loop
      vertex 9.74018 12.6937 0
      vertex 14.9871 16.3508 0
      vertex 10.5495 12.0294 0
    endloop
  endfacet
  facet normal 0 0 -1
    outer loop
      vertex 33.0595 5.05311 0
      vertex 42 0 0
      vertex 41.9101 -2.74693 0
    endloop
  endfacet
  facet normal 0 0 -1
    outer loop
      vertex 28.0775 -1.04468 0
      vertex 41.9101 -2.74693 0
      vertex 41.6407 -5.4821 0
    endloop
  endfacet
  facet normal 0 0 -1
    outer loop
      vertex 42 0 0
      vertex 33.5495 5.23752 0
      vertex 34.0263 5.45357 0
    endloop
  endfacet
  facet normal 0 0 -1
    outer loop
      vertex 27.8146 -1.625 0
      vertex 41.6407 -5.4821 0
      vertex 41.193 -8.19379 0
    endloop
  endfacet
  facet normal 0 -0 -1
    outer loop
      vertex 34.9326 5.9768 0
      vertex 41.9101 2.74693 0
      vertex 34.488 5.70035 0
    endloop
  endfacet
  facet normal 0 0 -1
    outer loop
      vertex 27.4435 -2.14287 0
      vertex 41.193 -8.19379 0
      vertex 40.5689 -10.8704 0
    endloop
  endfacet
  facet normal 0 0 -1
    outer loop
      vertex 41.9101 2.74693 0
      vertex 35.7628 6.61383 0
      vertex 41.6407 5.4821 0
    endloop
  endfacet
  facet normal 0 0 -1
    outer loop
      vertex 26.9785 -2.5784 0
      vertex 40.5689 -10.8704 0
      vertex 39.7711 -13.5005 0
    endloop
  endfacet
  facet normal 0 0 -1
    outer loop
      vertex 41.6407 5.4821 0
      vertex 37.1398 8.18399 0
      vertex 41.193 8.19379 0
    endloop
  endfacet
  facet normal 0 0 -1
    outer loop
      vertex 26.4374 -2.91484 0
      vertex 39.7711 -13.5005 0
      vertex 38.8029 -16.0727 0
    endloop
  endfacet
  facet normal 0 0 -1
    outer loop
      vertex 41.193 8.19379 0
      vertex 38.0635 10.057 0
      vertex 40.5689 10.8704 0
    endloop
  endfacet
  facet normal 0 -0 -1
    outer loop
      vertex 38.488 12.6286 0
      vertex 39.7711 13.5005 0
      vertex 38.4709 12.1053 0
    endloop
  endfacet
  facet normal 0 0 -1
    outer loop
      vertex 38.4709 13.1518 0
      vertex 39.7711 13.5005 0
      vertex 38.488 12.6286 0
    endloop
  endfacet
  facet normal 0 0 -1
    outer loop
      vertex 40.5689 10.8704 0
      vertex 38.4709 12.1053 0
      vertex 39.7711 13.5005 0
    endloop
  endfacet
  facet normal 0 -0 -1
    outer loop
      vertex 38.4709 12.1053 0
      vertex 40.5689 10.8704 0
      vertex 38.4196 11.5843 0
    endloop
  endfacet
  facet normal 0 -0 -1
    outer loop
      vertex 38.4196 11.5843 0
      vertex 40.5689 10.8704 0
      vertex 38.3343 11.0678 0
    endloop
  endfacet
  facet normal 0 -0 -1
    outer loop
      vertex 38.3343 11.0678 0
      vertex 40.5689 10.8704 0
      vertex 38.2154 10.558 0
    endloop
  endfacet
  facet normal 0 -0 -1
    outer loop
      vertex 38.2154 10.558 0
      vertex 40.5689 10.8704 0
      vertex 38.0635 10.057 0
    endloop
  endfacet
  facet normal 0 0 -1
    outer loop
      vertex 26.0447 -3.07752 0
      vertex 38.8029 -16.0727 0
      vertex 37.6687 -18.5761 0
    endloop
  endfacet
  facet normal 0 -0 -1
    outer loop
      vertex 38.0635 10.057 0
      vertex 41.193 8.19379 0
      vertex 37.8791 9.56709 0
    endloop
  endfacet
  facet normal 0 -0 -1
    outer loop
      vertex 37.8791 9.56709 0
      vertex 41.193 8.19379 0
      vertex 37.663 9.09024 0
    endloop
  endfacet
  facet normal 0 -0 -1
    outer loop
      vertex 37.663 9.09024 0
      vertex 41.193 8.19379 0
      vertex 37.4162 8.62855 0
    endloop
  endfacet
  facet normal 0 -0 -1
    outer loop
      vertex 37.4162 8.62855 0
      vertex 41.193 8.19379 0
      vertex 37.1398 8.18399 0
    endloop
  endfacet
  facet normal 0 -0 -1
    outer loop
      vertex 37.1398 8.18399 0
      vertex 41.6407 5.4821 0
      vertex 36.8349 7.75846 0
    endloop
  endfacet
  facet normal 0 0 -1
    outer loop
      vertex 25.4242 -3.2222 0
      vertex 37.6687 -18.5761 0
      vertex 36.3731 -21 0
    endloop
  endfacet
  facet normal 0 -0 -1
    outer loop
      vertex 36.8349 7.75846 0
      vertex 41.6407 5.4821 0
      vertex 36.5027 7.35379 0
    endloop
  endfacet
  facet normal 0 -0 -1
    outer loop
      vertex 36.5027 7.35379 0
      vertex 41.6407 5.4821 0
      vertex 36.1449 6.9717 0
    endloop
  endfacet
  facet normal 0 -0 -1
    outer loop
      vertex 36.1449 6.9717 0
      vertex 41.6407 5.4821 0
      vertex 35.7628 6.61383 0
    endloop
  endfacet
  facet normal 0 -0 -1
    outer loop
      vertex 35.7628 6.61383 0
      vertex 41.9101 2.74693 0
      vertex 35.3581 6.28173 0
    endloop
  endfacet
  facet normal 0 0 -1
    outer loop
      vertex 25 -3.25 0
      vertex 36.3731 -21 0
      vertex 34.9217 -23.334 0
    endloop
  endfacet
  facet normal 0 -0 -1
    outer loop
      vertex 35.3581 6.28173 0
      vertex 41.9101 2.74693 0
      vertex 34.9326 5.9768 0
    endloop
  endfacet
  facet normal 0 0 -1
    outer loop
      vertex 41.6407 -5.4821 0
      vertex 27.9148 -1.43744 0
      vertex 28.0026 -1.24372 0
    endloop
  endfacet
  facet normal 0 0 -1
    outer loop
      vertex 41.6407 -5.4821 0
      vertex 28.0026 -1.24372 0
      vertex 28.0775 -1.04468 0
    endloop
  endfacet
  facet normal 0 0 -1
    outer loop
      vertex 13.8564 -8 0
      vertex 34.9217 -23.334 0
      vertex 33.3208 -25.568 0
    endloop
  endfacet
  facet normal 0 0 -1
    outer loop
      vertex 42 0 0
      vertex 34.488 5.70035 0
      vertex 41.9101 2.74693 0
    endloop
  endfacet
  facet normal 0 0 -1
    outer loop
      vertex 41.9101 -2.74693 0
      vertex 28.0775 -1.04468 0
      vertex 28.1393 -0.841162 0
    endloop
  endfacet
  facet normal 0 -0 -1
    outer loop
      vertex 34.488 5.70035 0
      vertex 42 0 0
      vertex 34.0263 5.45357 0
    endloop
  endfacet
  facet normal 0 0 -1
    outer loop
      vertex 13.8564 -8 0
      vertex 33.3208 -25.568 0
      vertex 31.5773 -27.6925 0
    endloop
  endfacet
  facet normal 0 0 -1
    outer loop
      vertex 41.9101 -2.74693 0
      vertex 28.1393 -0.841162 0
      vertex 28.1876 -0.634043 0
    endloop
  endfacet
  facet normal 0 0 -1
    outer loop
      vertex 41.9101 -2.74693 0
      vertex 28.1876 -0.634043 0
      vertex 33.0595 5.05311 0
    endloop
  endfacet
  facet normal 0 0 -1
    outer loop
      vertex 33.0595 5.05311 0
      vertex 28.2222 -0.42421 0
      vertex 32.5586 4.90115 0
    endloop
  endfacet
  facet normal 0 -0 -1
    outer loop
      vertex 28.243 -0.21256 0
      vertex 32.5586 4.90115 0
      vertex 28.2222 -0.42421 0
    endloop
  endfacet
  facet normal 0 0 -1
    outer loop
      vertex 13.8564 -8 0
      vertex 31.5773 -27.6925 0
      vertex 29.6985 -29.6985 0
    endloop
  endfacet
  facet normal 0 -0 -1
    outer loop
      vertex 28.25 0 0
      vertex 32.0487 4.78227 0
      vertex 28.243 -0.21256 0
    endloop
  endfacet
  facet normal 0 0 -1
    outer loop
      vertex 32.0487 4.78227 0
      vertex 28.243 0.21256 0
      vertex 31.5322 4.69699 0
    endloop
  endfacet
  facet normal 0 0 -1
    outer loop
      vertex 31.5322 4.69699 0
      vertex 28.1876 0.634043 0
      vertex 31.0112 4.64568 0
    endloop
  endfacet
  facet normal 0 0 -1
    outer loop
      vertex 31.0112 4.64568 0
      vertex 28.1393 0.841162 0
      vertex 30.488 4.62855 0
    endloop
  endfacet
  facet normal 0 0 -1
    outer loop
      vertex 28.1393 0.841162 0
      vertex 31.0112 4.64568 0
      vertex 28.1876 0.634043 0
    endloop
  endfacet
  facet normal 0 0 -1
    outer loop
      vertex 28.1876 0.634043 0
      vertex 31.5322 4.69699 0
      vertex 28.2222 0.42421 0
    endloop
  endfacet
  facet normal 0 0 -1
    outer loop
      vertex 28.2222 0.42421 0
      vertex 31.5322 4.69699 0
      vertex 28.243 0.21256 0
    endloop
  endfacet
  facet normal 0 0 -1
    outer loop
      vertex 28.243 0.21256 0
      vertex 32.0487 4.78227 0
      vertex 28.25 0 0
    endloop
  endfacet
  facet normal 0 0 -1
    outer loop
      vertex 32.5586 4.90115 0
      vertex 28.243 -0.21256 0
      vertex 32.0487 4.78227 0
    endloop
  endfacet
  facet normal 0 -0 -1
    outer loop
      vertex 28.2222 -0.42421 0
      vertex 33.0595 5.05311 0
      vertex 28.1876 -0.634043 0
    endloop
  endfacet
  facet normal 0 0 -1
    outer loop
      vertex 42 0 0
      vertex 33.0595 5.05311 0
      vertex 33.5495 5.23752 0
    endloop
  endfacet
  facet normal 0 0 -1
    outer loop
      vertex 41.6407 -5.4821 0
      vertex 27.8146 -1.625 0
      vertex 27.9148 -1.43744 0
    endloop
  endfacet
  facet normal 0 0 -1
    outer loop
      vertex 41.193 -8.19379 0
      vertex 27.7023 -1.8056 0
      vertex 27.8146 -1.625 0
    endloop
  endfacet
  facet normal 0 0 -1
    outer loop
      vertex 13.8564 -8 0
      vertex 29.6985 -29.6985 0
      vertex 27.6925 -31.5773 0
    endloop
  endfacet
  facet normal 0 0 -1
    outer loop
      vertex 41.193 -8.19379 0
      vertex 27.5784 -1.97847 0
      vertex 27.7023 -1.8056 0
    endloop
  endfacet
  facet normal 0 0 -1
    outer loop
      vertex 41.193 -8.19379 0
      vertex 27.4435 -2.14287 0
      vertex 27.5784 -1.97847 0
    endloop
  endfacet
  facet normal 0 0 -1
    outer loop
      vertex 40.5689 -10.8704 0
      vertex 27.2981 -2.2981 0
      vertex 27.4435 -2.14287 0
    endloop
  endfacet
  facet normal 0 0 -1
    outer loop
      vertex 40.5689 -10.8704 0
      vertex 27.1429 -2.44348 0
      vertex 27.2981 -2.2981 0
    endloop
  endfacet
  facet normal 0 0 -1
    outer loop
      vertex 40.5689 -10.8704 0
      vertex 26.9785 -2.5784 0
      vertex 27.1429 -2.44348 0
    endloop
  endfacet
  facet normal 0 0 -1
    outer loop
      vertex 39.7711 -13.5005 0
      vertex 26.8056 -2.70228 0
      vertex 26.9785 -2.5784 0
    endloop
  endfacet
  facet normal 0 0 -1
    outer loop
      vertex 39.7711 -13.5005 0
      vertex 26.625 -2.81458 0
      vertex 26.8056 -2.70228 0
    endloop
  endfacet
  facet normal 0 0 -1
    outer loop
      vertex 39.7711 -13.5005 0
      vertex 26.4374 -2.91484 0
      vertex 26.625 -2.81458 0
    endloop
  endfacet
  facet normal 0 0 -1
    outer loop
      vertex 38.8029 -16.0727 0
      vertex 26.2437 -3.00261 0
      vertex 26.4374 -2.91484 0
    endloop
  endfacet
  facet normal 0 0 -1
    outer loop
      vertex 38.8029 -16.0727 0
      vertex 26.0447 -3.07752 0
      vertex 26.2437 -3.00261 0
    endloop
  endfacet
  facet normal 0 0 -1
    outer loop
      vertex 37.6687 -18.5761 0
      vertex 25.8412 -3.13926 0
      vertex 26.0447 -3.07752 0
    endloop
  endfacet
  facet normal 0 0 -1
    outer loop
      vertex 37.6687 -18.5761 0
      vertex 25.634 -3.18755 0
      vertex 25.8412 -3.13926 0
    endloop
  endfacet
  facet normal 0 0 -1
    outer loop
      vertex 13.8564 -8 0
      vertex 27.6925 -31.5773 0
      vertex 25.568 -33.3208 0
    endloop
  endfacet
  facet normal 0 0 -1
    outer loop
      vertex 37.6687 -18.5761 0
      vertex 25.4242 -3.2222 0
      vertex 25.634 -3.18755 0
    endloop
  endfacet
  facet normal 0 0 -1
    outer loop
      vertex 36.3731 -21 0
      vertex 25.2126 -3.24304 0
      vertex 25.4242 -3.2222 0
    endloop
  endfacet
  facet normal 0 0 -1
    outer loop
      vertex 36.3731 -21 0
      vertex 25 -3.25 0
      vertex 25.2126 -3.24304 0
    endloop
  endfacet
  facet normal 0 0 -1
    outer loop
      vertex 34.9217 -23.334 0
      vertex 13.8564 -8 0
      vertex 24.7874 -3.24304 0
    endloop
  endfacet
  facet normal 0 0 -1
    outer loop
      vertex 34.9217 -23.334 0
      vertex 24.7874 -3.24304 0
      vertex 25 -3.25 0
    endloop
  endfacet
  facet normal -0 0 -1
    outer loop
      vertex 24.7874 -3.24304 0
      vertex 13.8564 -8 0
      vertex 24.5758 -3.2222 0
    endloop
  endfacet
  facet normal -0 0 -1
    outer loop
      vertex 24.5758 -3.2222 0
      vertex 13.8564 -8 0
      vertex 24.366 -3.18755 0
    endloop
  endfacet
  facet normal -0 0 -1
    outer loop
      vertex 24.366 -3.18755 0
      vertex 13.8564 -8 0
      vertex 24.1588 -3.13926 0
    endloop
  endfacet
  facet normal 0 -0 -1
    outer loop
      vertex 14.35 -7.07662 0
      vertex 24.1588 -3.13926 0
      vertex 13.8564 -8 0
    endloop
  endfacet
  facet normal -0 0 -1
    outer loop
      vertex 24.1588 -3.13926 0
      vertex 14.35 -7.07662 0
      vertex 23.9553 -3.07752 0
    endloop
  endfacet
  facet normal -0 0 -1
    outer loop
      vertex 23.9553 -3.07752 0
      vertex 14.35 -7.07662 0
      vertex 23.7563 -3.00261 0
    endloop
  endfacet
  facet normal 0 0 -1
    outer loop
      vertex 13.8564 -8 0
      vertex 25.568 -33.3208 0
      vertex 23.334 -34.9217 0
    endloop
  endfacet
  facet normal 0 -0 -1
    outer loop
      vertex 14.7821 -6.12293 0
      vertex 23.7563 -3.00261 0
      vertex 14.35 -7.07662 0
    endloop
  endfacet
  facet normal -0 0 -1
    outer loop
      vertex 23.7563 -3.00261 0
      vertex 14.7821 -6.12293 0
      vertex 23.5626 -2.91484 0
    endloop
  endfacet
  facet normal -0 0 -1
    outer loop
      vertex 23.5626 -2.91484 0
      vertex 14.7821 -6.12293 0
      vertex 23.375 -2.81458 0
    endloop
  endfacet
  facet normal -0 0 -1
    outer loop
      vertex 23.375 -2.81458 0
      vertex 14.7821 -6.12293 0
      vertex 23.1944 -2.70228 0
    endloop
  endfacet
  facet normal 0 -0 -1
    outer loop
      vertex 15.1509 -5.14303 0
      vertex 23.1944 -2.70228 0
      vertex 14.7821 -6.12293 0
    endloop
  endfacet
  facet normal -0 0 -1
    outer loop
      vertex 23.1944 -2.70228 0
      vertex 15.1509 -5.14303 0
      vertex 23.0215 -2.5784 0
    endloop
  endfacet
  facet normal -0 0 -1
    outer loop
      vertex 23.0215 -2.5784 0
      vertex 15.1509 -5.14303 0
      vertex 22.8571 -2.44348 0
    endloop
  endfacet
  facet normal 0 -0 -1
    outer loop
      vertex 15.4548 -4.1411 0
      vertex 22.8571 -2.44348 0
      vertex 15.1509 -5.14303 0
    endloop
  endfacet
  facet normal -0 0 -1
    outer loop
      vertex 22.8571 -2.44348 0
      vertex 15.4548 -4.1411 0
      vertex 22.7019 -2.2981 0
    endloop
  endfacet
  facet normal -0 0 -1
    outer loop
      vertex 22.7019 -2.2981 0
      vertex 15.4548 -4.1411 0
      vertex 22.5565 -2.14287 0
    endloop
  endfacet
  facet normal -0 0 -1
    outer loop
      vertex 22.5565 -2.14287 0
      vertex 15.4548 -4.1411 0
      vertex 22.4216 -1.97847 0
    endloop
  endfacet
  facet normal 0 -0 -1
    outer loop
      vertex 15.6926 -3.12144 0
      vertex 22.4216 -1.97847 0
      vertex 15.4548 -4.1411 0
    endloop
  endfacet
  facet normal -0 0 -1
    outer loop
      vertex 22.4216 -1.97847 0
      vertex 15.6926 -3.12144 0
      vertex 22.2977 -1.8056 0
    endloop
  endfacet
  facet normal -0 0 -1
    outer loop
      vertex 22.2977 -1.8056 0
      vertex 15.6926 -3.12144 0
      vertex 22.1854 -1.625 0
    endloop
  endfacet
  facet normal -0 0 -1
    outer loop
      vertex 22.1854 -1.625 0
      vertex 15.6926 -3.12144 0
      vertex 22.0852 -1.43744 0
    endloop
  endfacet
  facet normal 0 -0 -1
    outer loop
      vertex 15.8631 -2.08842 0
      vertex 22.0852 -1.43744 0
      vertex 15.6926 -3.12144 0
    endloop
  endfacet
  facet normal 0 0 -1
    outer loop
      vertex 13.8564 -8 0
      vertex 23.334 -34.9217 0
      vertex 21 -36.3731 0
    endloop
  endfacet
  facet normal 0 0 -1
    outer loop
      vertex 38.4196 13.6728 0
      vertex 39.7711 13.5005 0
      vertex 38.4709 13.1518 0
    endloop
  endfacet
  facet normal 0 0 -1
    outer loop
      vertex 38.3343 14.1893 0
      vertex 39.7711 13.5005 0
      vertex 38.4196 13.6728 0
    endloop
  endfacet
  facet normal 0 0 -1
    outer loop
      vertex 38.2154 14.6991 0
      vertex 39.7711 13.5005 0
      vertex 38.3343 14.1893 0
    endloop
  endfacet
  facet normal 0 0 -1
    outer loop
      vertex 39.7711 13.5005 0
      vertex 38.2154 14.6991 0
      vertex 38.8029 16.0727 0
    endloop
  endfacet
  facet normal 0 0 -1
    outer loop
      vertex 38.0635 15.2001 0
      vertex 38.8029 16.0727 0
      vertex 38.2154 14.6991 0
    endloop
  endfacet
  facet normal 0 0 -1
    outer loop
      vertex 37.8791 15.69 0
      vertex 38.8029 16.0727 0
      vertex 38.0635 15.2001 0
    endloop
  endfacet
  facet normal 0 0 -1
    outer loop
      vertex 37.663 16.1669 0
      vertex 38.8029 16.0727 0
      vertex 37.8791 15.69 0
    endloop
  endfacet
  facet normal 0 0 -1
    outer loop
      vertex 37.4162 16.6286 0
      vertex 38.8029 16.0727 0
      vertex 37.663 16.1669 0
    endloop
  endfacet
  facet normal 0 0 -1
    outer loop
      vertex 38.8029 16.0727 0
      vertex 37.4162 16.6286 0
      vertex 37.6687 18.5761 0
    endloop
  endfacet
  facet normal 0 0 -1
    outer loop
      vertex 37.1398 17.0731 0
      vertex 37.6687 18.5761 0
      vertex 37.4162 16.6286 0
    endloop
  endfacet
  facet normal 0 0 -1
    outer loop
      vertex 36.8349 17.4986 0
      vertex 37.6687 18.5761 0
      vertex 37.1398 17.0731 0
    endloop
  endfacet
  facet normal 0 0 -1
    outer loop
      vertex 36.5027 17.9033 0
      vertex 37.6687 18.5761 0
      vertex 36.8349 17.4986 0
    endloop
  endfacet
  facet normal 0 0 -1
    outer loop
      vertex 36.1449 18.2854 0
      vertex 37.6687 18.5761 0
      vertex 36.5027 17.9033 0
    endloop
  endfacet
  facet normal 0 0 -1
    outer loop
      vertex 35.7628 18.6433 0
      vertex 37.6687 18.5761 0
      vertex 36.1449 18.2854 0
    endloop
  endfacet
  facet normal 0 0 -1
    outer loop
      vertex 37.6687 18.5761 0
      vertex 35.7628 18.6433 0
      vertex 36.3731 21 0
    endloop
  endfacet
  facet normal 0 0 -1
    outer loop
      vertex 35.3581 18.9754 0
      vertex 36.3731 21 0
      vertex 35.7628 18.6433 0
    endloop
  endfacet
  facet normal 0 0 -1
    outer loop
      vertex 34.9326 19.2803 0
      vertex 36.3731 21 0
      vertex 35.3581 18.9754 0
    endloop
  endfacet
  facet normal 0 0 -1
    outer loop
      vertex 34.488 19.5568 0
      vertex 36.3731 21 0
      vertex 34.9326 19.2803 0
    endloop
  endfacet
  facet normal 0 0 -1
    outer loop
      vertex 34.0263 19.8035 0
      vertex 36.3731 21 0
      vertex 34.488 19.5568 0
    endloop
  endfacet
  facet normal -0 0 -1
    outer loop
      vertex 36.3731 21 0
      vertex 34.0263 19.8035 0
      vertex 34.9217 23.334 0
    endloop
  endfacet
  facet normal 0 0 -1
    outer loop
      vertex 33.5495 20.0196 0
      vertex 34.9217 23.334 0
      vertex 34.0263 19.8035 0
    endloop
  endfacet
  facet normal 0 0 -1
    outer loop
      vertex 33.0595 20.204 0
      vertex 34.9217 23.334 0
      vertex 33.5495 20.0196 0
    endloop
  endfacet
  facet normal 0 0 -1
    outer loop
      vertex 32.5586 20.356 0
      vertex 34.9217 23.334 0
      vertex 33.0595 20.204 0
    endloop
  endfacet
  facet normal 0 0 -1
    outer loop
      vertex 32.0487 20.4748 0
      vertex 34.9217 23.334 0
      vertex 32.5586 20.356 0
    endloop
  endfacet
  facet normal -0 0 -1
    outer loop
      vertex 34.9217 23.334 0
      vertex 32.0487 20.4748 0
      vertex 33.3208 25.568 0
    endloop
  endfacet
  facet normal 0 0 -1
    outer loop
      vertex 31.5322 20.5601 0
      vertex 33.3208 25.568 0
      vertex 32.0487 20.4748 0
    endloop
  endfacet
  facet normal 0 0 -1
    outer loop
      vertex 31.0112 20.6114 0
      vertex 33.3208 25.568 0
      vertex 31.5322 20.5601 0
    endloop
  endfacet
  facet normal 0 0 -1
    outer loop
      vertex 30.488 20.6286 0
      vertex 33.3208 25.568 0
      vertex 31.0112 20.6114 0
    endloop
  endfacet
  facet normal 0 0 -1
    outer loop
      vertex 29.9648 20.6114 0
      vertex 33.3208 25.568 0
      vertex 30.488 20.6286 0
    endloop
  endfacet
  facet normal -0 0 -1
    outer loop
      vertex 33.3208 25.568 0
      vertex 29.9648 20.6114 0
      vertex 31.5773 27.6925 0
    endloop
  endfacet
  facet normal 0 0 -1
    outer loop
      vertex 29.4438 20.5601 0
      vertex 31.5773 27.6925 0
      vertex 29.9648 20.6114 0
    endloop
  endfacet
  facet normal 0 0 -1
    outer loop
      vertex 28.9273 20.4748 0
      vertex 31.5773 27.6925 0
      vertex 29.4438 20.5601 0
    endloop
  endfacet
  facet normal 0 0 -1
    outer loop
      vertex 28.4175 20.356 0
      vertex 31.5773 27.6925 0
      vertex 28.9273 20.4748 0
    endloop
  endfacet
  facet normal -0 0 -1
    outer loop
      vertex 31.5773 27.6925 0
      vertex 28.4175 20.356 0
      vertex 29.6985 29.6985 0
    endloop
  endfacet
  facet normal 0 0 -1
    outer loop
      vertex 27.9165 20.204 0
      vertex 29.6985 29.6985 0
      vertex 28.4175 20.356 0
    endloop
  endfacet
  facet normal 0 0 -1
    outer loop
      vertex 27.4266 20.0196 0
      vertex 29.6985 29.6985 0
      vertex 27.9165 20.204 0
    endloop
  endfacet
  facet normal 0 0 -1
    outer loop
      vertex 26.9497 19.8035 0
      vertex 29.6985 29.6985 0
      vertex 27.4266 20.0196 0
    endloop
  endfacet
  facet normal -0 0 -1
    outer loop
      vertex 29.6985 29.6985 0
      vertex 26.9497 19.8035 0
      vertex 27.6925 31.5773 0
    endloop
  endfacet
  facet normal 0 0 -1
    outer loop
      vertex 26.488 19.5568 0
      vertex 27.6925 31.5773 0
      vertex 26.9497 19.8035 0
    endloop
  endfacet
  facet normal 0 0 -1
    outer loop
      vertex 26.0435 19.2803 0
      vertex 27.6925 31.5773 0
      vertex 26.488 19.5568 0
    endloop
  endfacet
  facet normal 0 0 -1
    outer loop
      vertex 24.1412 17.4986 0
      vertex 20.5754 18.4541 0
      vertex 24.4733 17.9033 0
    endloop
  endfacet
  facet normal 0 0 -1
    outer loop
      vertex 24.4733 17.9033 0
      vertex 20.4493 18.8257 0
      vertex 24.8312 18.2854 0
    endloop
  endfacet
  facet normal 0 0 -1
    outer loop
      vertex 20.5754 18.4541 0
      vertex 24.1412 17.4986 0
      vertex 20.62 18.2629 0
    endloop
  endfacet
  facet normal 0 0 -1
    outer loop
      vertex 20.62 18.2629 0
      vertex 24.1412 17.4986 0
      vertex 20.652 18.0692 0
    endloop
  endfacet
  facet normal 0 0 -1
    outer loop
      vertex 23.8363 17.0731 0
      vertex 20.652 18.0692 0
      vertex 24.1412 17.4986 0
    endloop
  endfacet
  facet normal 0 0 -1
    outer loop
      vertex 20.652 18.0692 0
      vertex 23.8363 17.0731 0
      vertex 20.6712 17.8739 0
    endloop
  endfacet
  facet normal 0 0 -1
    outer loop
      vertex 20.6712 17.8739 0
      vertex 23.8363 17.0731 0
      vertex 20.6777 17.6777 0
    endloop
  endfacet
  facet normal 0 0 -1
    outer loop
      vertex 20.6777 17.6777 0
      vertex 23.8363 17.0731 0
      vertex 23.5598 16.6286 0
    endloop
  endfacet
  facet normal 0 0 -1
    outer loop
      vertex 20.5185 18.642 0
      vertex 24.4733 17.9033 0
      vertex 20.5754 18.4541 0
    endloop
  endfacet
  facet normal 0 0 -1
    outer loop
      vertex 20.652 17.2861 0
      vertex 23.5598 16.6286 0
      vertex 23.313 16.1669 0
    endloop
  endfacet
  facet normal 0 0 -1
    outer loop
      vertex 20.5754 16.9012 0
      vertex 23.313 16.1669 0
      vertex 23.097 15.69 0
    endloop
  endfacet
  facet normal 0 0 -1
    outer loop
      vertex 20.4493 16.5296 0
      vertex 23.097 15.69 0
      vertex 22.9126 15.2001 0
    endloop
  endfacet
  facet normal 0 0 -1
    outer loop
      vertex 20.2757 16.1777 0
      vertex 22.9126 15.2001 0
      vertex 22.7606 14.6991 0
    endloop
  endfacet
  facet normal 0 0 -1
    outer loop
      vertex 20.0577 15.8514 0
      vertex 22.7606 14.6991 0
      vertex 22.6417 14.1893 0
    endloop
  endfacet
  facet normal 0 0 -1
    outer loop
      vertex 19.799 15.5563 0
      vertex 22.6417 14.1893 0
      vertex 22.5565 13.6728 0
    endloop
  endfacet
  facet normal 0 0 -1
    outer loop
      vertex 19.3444 15.1833 0
      vertex 22.5565 13.6728 0
      vertex 22.5052 13.1518 0
    endloop
  endfacet
  facet normal -0 0 -1
    outer loop
      vertex 23.097 9.56709 0
      vertex 14.7821 6.12293 0
      vertex 22.9126 10.057 0
    endloop
  endfacet
  facet normal 0 0 -1
    outer loop
      vertex 21.9974 1.24372 0
      vertex 15.8631 2.08842 0
      vertex 22.0852 1.43744 0
    endloop
  endfacet
  facet normal 0 0 -1
    outer loop
      vertex 21.9225 1.04468 0
      vertex 15.8631 2.08842 0
      vertex 21.9974 1.24372 0
    endloop
  endfacet
  facet normal 0 0 -1
    outer loop
      vertex 13.8564 8 0
      vertex 22.6417 11.0678 0
      vertex 14.35 7.07662 0
    endloop
  endfacet
  facet normal 0 0 -1
    outer loop
      vertex 15.8631 2.08842 0
      vertex 21.9225 1.04468 0
      vertex 15.9657 1.04645 0
    endloop
  endfacet
  facet normal 0 -0 -1
    outer loop
      vertex 18.4541 14.7799 0
      vertex 22.5565 11.5843 0
      vertex 18.2629 14.7353 0
    endloop
  endfacet
  facet normal 0 0 -1
    outer loop
      vertex 21.8607 0.841162 0
      vertex 15.9657 1.04645 0
      vertex 21.9225 1.04468 0
    endloop
  endfacet
  facet normal 0 0 -1
    outer loop
      vertex 21.8124 0.634043 0
      vertex 15.9657 1.04645 0
      vertex 21.8607 0.841162 0
    endloop
  endfacet
  facet normal 0 0 -1
    outer loop
      vertex 21.7778 0.42421 0
      vertex 15.9657 1.04645 0
      vertex 21.8124 0.634043 0
    endloop
  endfacet
  facet normal 0 0 -1
    outer loop
      vertex 15.9657 1.04645 0
      vertex 21.7778 0.42421 0
      vertex 16 0 0
    endloop
  endfacet
  facet normal 0 0 -1
    outer loop
      vertex 16 0 0
      vertex 21.7778 0.42421 0
      vertex 21.757 0.21256 0
    endloop
  endfacet
  facet normal 0 0 -1
    outer loop
      vertex 23.5598 16.6286 0
      vertex 20.6712 17.4815 0
      vertex 20.6777 17.6777 0
    endloop
  endfacet
  facet normal 0 0 -1
    outer loop
      vertex 16 0 0
      vertex 21.757 0.21256 0
      vertex 21.75 0 0
    endloop
  endfacet
  facet normal -0 0 -1
    outer loop
      vertex 22.0852 -1.43744 0
      vertex 15.8631 -2.08842 0
      vertex 21.9974 -1.24372 0
    endloop
  endfacet
  facet normal 0 0 -1
    outer loop
      vertex 20.3683 19.0045 0
      vertex 24.8312 18.2854 0
      vertex 20.4493 18.8257 0
    endloop
  endfacet
  facet normal 0 0 -1
    outer loop
      vertex 20.4493 18.8257 0
      vertex 24.4733 17.9033 0
      vertex 20.5185 18.642 0
    endloop
  endfacet
  facet normal 0 0 -1
    outer loop
      vertex 23.5598 16.6286 0
      vertex 20.652 17.2861 0
      vertex 20.6712 17.4815 0
    endloop
  endfacet
  facet normal 0 0 -1
    outer loop
      vertex 23.313 16.1669 0
      vertex 20.62 17.0924 0
      vertex 20.652 17.2861 0
    endloop
  endfacet
  facet normal 0 0 -1
    outer loop
      vertex 23.313 16.1669 0
      vertex 20.5754 16.9012 0
      vertex 20.62 17.0924 0
    endloop
  endfacet
  facet normal 0 0 -1
    outer loop
      vertex 23.097 15.69 0
      vertex 20.5185 16.7134 0
      vertex 20.5754 16.9012 0
    endloop
  endfacet
  facet normal 0 0 -1
    outer loop
      vertex 23.097 15.69 0
      vertex 20.4493 16.5296 0
      vertex 20.5185 16.7134 0
    endloop
  endfacet
  facet normal 0 -0 -1
    outer loop
      vertex 16 0 0
      vertex 21.757 -0.21256 0
      vertex 15.9657 -1.04645 0
    endloop
  endfacet
  facet normal 0 0 -1
    outer loop
      vertex 21.757 -0.21256 0
      vertex 16 0 0
      vertex 21.75 0 0
    endloop
  endfacet
  facet normal 0 0 -1
    outer loop
      vertex 22.9126 15.2001 0
      vertex 20.3683 16.3508 0
      vertex 20.4493 16.5296 0
    endloop
  endfacet
  facet normal 0 0 -1
    outer loop
      vertex 22.6417 11.0678 0
      vertex 18.0692 14.7033 0
      vertex 22.5565 11.5843 0
    endloop
  endfacet
  facet normal 0 0 -1
    outer loop
      vertex 22.7606 14.6991 0
      vertex 20.1721 16.011 0
      vertex 20.2757 16.1777 0
    endloop
  endfacet
  facet normal 0 0 -1
    outer loop
      vertex 22.7606 14.6991 0
      vertex 20.0577 15.8514 0
      vertex 20.1721 16.011 0
    endloop
  endfacet
  facet normal 0 0 -1
    outer loop
      vertex 22.6417 14.1893 0
      vertex 19.9332 15.6996 0
      vertex 20.0577 15.8514 0
    endloop
  endfacet
  facet normal 0 0 -1
    outer loop
      vertex 22.6417 14.1893 0
      vertex 19.799 15.5563 0
      vertex 19.9332 15.6996 0
    endloop
  endfacet
  facet normal 0 0 -1
    outer loop
      vertex 22.5565 13.6728 0
      vertex 19.6557 15.4221 0
      vertex 19.799 15.5563 0
    endloop
  endfacet
  facet normal 0 0 -1
    outer loop
      vertex 22.5565 13.6728 0
      vertex 19.504 15.2976 0
      vertex 19.6557 15.4221 0
    endloop
  endfacet
  facet normal 0 0 -1
    outer loop
      vertex 22.5565 13.6728 0
      vertex 19.3444 15.1833 0
      vertex 19.504 15.2976 0
    endloop
  endfacet
  facet normal 0 0 -1
    outer loop
      vertex 22.5052 13.1518 0
      vertex 19.1777 15.0796 0
      vertex 19.3444 15.1833 0
    endloop
  endfacet
  facet normal 0 0 -1
    outer loop
      vertex 22.5052 13.1518 0
      vertex 19.0045 14.9871 0
      vertex 19.1777 15.0796 0
    endloop
  endfacet
  facet normal 0 0 -1
    outer loop
      vertex 3.2222 -25.4242 0
      vertex 21 -36.3731 0
      vertex 18.5761 -37.6687 0
    endloop
  endfacet
  facet normal 0 0 -1
    outer loop
      vertex 22.488 12.6286 0
      vertex 19.0045 14.9871 0
      vertex 22.5052 13.1518 0
    endloop
  endfacet
  facet normal 0 -0 -1
    outer loop
      vertex 19.0045 14.9871 0
      vertex 22.488 12.6286 0
      vertex 18.8257 14.906 0
    endloop
  endfacet
  facet normal 0 -0 -1
    outer loop
      vertex 18.8257 14.906 0
      vertex 22.488 12.6286 0
      vertex 18.642 14.8369 0
    endloop
  endfacet
  facet normal 0 0 -1
    outer loop
      vertex 22.5052 12.1053 0
      vertex 18.642 14.8369 0
      vertex 22.488 12.6286 0
    endloop
  endfacet
  facet normal 0 -0 -1
    outer loop
      vertex 18.642 14.8369 0
      vertex 22.5052 12.1053 0
      vertex 18.4541 14.7799 0
    endloop
  endfacet
  facet normal 0 0 -1
    outer loop
      vertex 22.5565 11.5843 0
      vertex 18.4541 14.7799 0
      vertex 22.5052 12.1053 0
    endloop
  endfacet
  facet normal 0 -0 -1
    outer loop
      vertex 18.2629 14.7353 0
      vertex 22.5565 11.5843 0
      vertex 18.0692 14.7033 0
    endloop
  endfacet
  facet normal -0 0 -1
    outer loop
      vertex 22.9126 10.057 0
      vertex 14.35 7.07662 0
      vertex 22.7606 10.558 0
    endloop
  endfacet
  facet normal 0 0 -1
    outer loop
      vertex 15.1509 5.14303 0
      vertex 23.5598 8.62855 0
      vertex 15.4548 4.1411 0
    endloop
  endfacet
  facet normal -0 0 -1
    outer loop
      vertex 23.5598 8.62855 0
      vertex 15.1509 5.14303 0
      vertex 23.313 9.09024 0
    endloop
  endfacet
  facet normal 0 0 -1
    outer loop
      vertex 14.35 7.07662 0
      vertex 22.9126 10.057 0
      vertex 14.7821 6.12293 0
    endloop
  endfacet
  facet normal -0 0 -1
    outer loop
      vertex 22.7606 10.558 0
      vertex 14.35 7.07662 0
      vertex 22.6417 11.0678 0
    endloop
  endfacet
  facet normal -0 0 -1
    outer loop
      vertex 22.6417 11.0678 0
      vertex 13.8564 8 0
      vertex 17.8739 14.6841 0
    endloop
  endfacet
  facet normal 0 0 -1
    outer loop
      vertex 3.13926 -25.8412 0
      vertex 18.5761 -37.6687 0
      vertex 16.0727 -38.8029 0
    endloop
  endfacet
  facet normal 0 0 -1
    outer loop
      vertex 17.8739 14.6841 0
      vertex 13.8564 8 0
      vertex 17.6777 14.6777 0
    endloop
  endfacet
  facet normal -0 0 -1
    outer loop
      vertex 17.6777 14.6777 0
      vertex 13.8564 8 0
      vertex 17.4815 14.6841 0
    endloop
  endfacet
  facet normal 0 -0 -1
    outer loop
      vertex 18.0692 14.7033 0
      vertex 22.6417 11.0678 0
      vertex 17.8739 14.6841 0
    endloop
  endfacet
  facet normal 0 0 -1
    outer loop
      vertex 22.9126 15.2001 0
      vertex 20.2757 16.1777 0
      vertex 20.3683 16.3508 0
    endloop
  endfacet
  facet normal -0 0 -1
    outer loop
      vertex 21.7778 -0.42421 0
      vertex 15.9657 -1.04645 0
      vertex 21.757 -0.21256 0
    endloop
  endfacet
  facet normal -0 0 -1
    outer loop
      vertex 21.8124 -0.634043 0
      vertex 15.9657 -1.04645 0
      vertex 21.7778 -0.42421 0
    endloop
  endfacet
  facet normal -0 0 -1
    outer loop
      vertex 21.8607 -0.841162 0
      vertex 15.9657 -1.04645 0
      vertex 21.8124 -0.634043 0
    endloop
  endfacet
  facet normal 0 -0 -1
    outer loop
      vertex 15.9657 -1.04645 0
      vertex 21.8607 -0.841162 0
      vertex 15.8631 -2.08842 0
    endloop
  endfacet
  facet normal -0 0 -1
    outer loop
      vertex 21.9225 -1.04468 0
      vertex 15.8631 -2.08842 0
      vertex 21.8607 -0.841162 0
    endloop
  endfacet
  facet normal -0 0 -1
    outer loop
      vertex 21.9974 -1.24372 0
      vertex 15.8631 -2.08842 0
      vertex 21.9225 -1.04468 0
    endloop
  endfacet
  facet normal 0 0 -1
    outer loop
      vertex 2.91484 -26.4374 0
      vertex 16.0727 -38.8029 0
      vertex 13.5005 -39.7711 0
    endloop
  endfacet
  facet normal 0 0 -1
    outer loop
      vertex 21 -36.3731 0
      vertex 13.3035 -8.88912 0
      vertex 13.8564 -8 0
    endloop
  endfacet
  facet normal 0 0 -1
    outer loop
      vertex 21 -36.3731 0
      vertex 12.6937 -9.74018 0
      vertex 13.3035 -8.88912 0
    endloop
  endfacet
  facet normal 0 0 -1
    outer loop
      vertex 21 -36.3731 0
      vertex 12.0294 -10.5495 0
      vertex 12.6937 -9.74018 0
    endloop
  endfacet
  facet normal 0 0 -1
    outer loop
      vertex 21 -36.3731 0
      vertex 11.3137 -11.3137 0
      vertex 12.0294 -10.5495 0
    endloop
  endfacet
  facet normal 0 0 -1
    outer loop
      vertex 2.70228 -26.8056 0
      vertex 13.5005 -39.7711 0
      vertex 10.8704 -40.5689 0
    endloop
  endfacet
  facet normal 0 0 -1
    outer loop
      vertex 21 -36.3731 0
      vertex 10.5495 -12.0294 0
      vertex 11.3137 -11.3137 0
    endloop
  endfacet
  facet normal 0 0 -1
    outer loop
      vertex 21 -36.3731 0
      vertex 9.74018 -12.6937 0
      vertex 10.5495 -12.0294 0
    endloop
  endfacet
  facet normal 0 0 -1
    outer loop
      vertex 21 -36.3731 0
      vertex 3.24304 -25.2126 0
      vertex 3.25 -25 0
    endloop
  endfacet
  facet normal 0 0 -1
    outer loop
      vertex 2.2981 -27.2981 0
      vertex 10.8704 -40.5689 0
      vertex 8.19379 -41.193 0
    endloop
  endfacet
  facet normal 0 0 -1
    outer loop
      vertex 21 -36.3731 0
      vertex 3.2222 -25.4242 0
      vertex 3.24304 -25.2126 0
    endloop
  endfacet
  facet normal 0 0 -1
    outer loop
      vertex 21 -36.3731 0
      vertex 8.88912 -13.3035 0
      vertex 9.74018 -12.6937 0
    endloop
  endfacet
  facet normal 0 0 -1
    outer loop
      vertex 21 -36.3731 0
      vertex 3.24304 -24.7874 0
      vertex 8.88912 -13.3035 0
    endloop
  endfacet
  facet normal 0 0 -1
    outer loop
      vertex 1.8056 -27.7023 0
      vertex 8.19379 -41.193 0
      vertex 5.4821 -41.6407 0
    endloop
  endfacet
  facet normal 0 0 -1
    outer loop
      vertex 3.2222 -24.5758 0
      vertex 8.88912 -13.3035 0
      vertex 3.24304 -24.7874 0
    endloop
  endfacet
  facet normal 0 0 -1
    outer loop
      vertex 8.88912 -13.3035 0
      vertex 3.2222 -24.5758 0
      vertex 8 -13.8564 0
    endloop
  endfacet
  facet normal 0 0 -1
    outer loop
      vertex 3.13926 -24.1588 0
      vertex 8 -13.8564 0
      vertex 3.18755 -24.366 0
    endloop
  endfacet
  facet normal 0 0 -1
    outer loop
      vertex 3.18755 -24.366 0
      vertex 8 -13.8564 0
      vertex 3.2222 -24.5758 0
    endloop
  endfacet
  facet normal 0 0 -1
    outer loop
      vertex 3.24304 -24.7874 0
      vertex 21 -36.3731 0
      vertex 3.25 -25 0
    endloop
  endfacet
  facet normal 0 0 -1
    outer loop
      vertex 18.5761 -37.6687 0
      vertex 3.18755 -25.634 0
      vertex 3.2222 -25.4242 0
    endloop
  endfacet
  facet normal 0 0 -1
    outer loop
      vertex 18.5761 -37.6687 0
      vertex 3.13926 -25.8412 0
      vertex 3.18755 -25.634 0
    endloop
  endfacet
  facet normal 0 0 -1
    outer loop
      vertex 16.0727 -38.8029 0
      vertex 3.07752 -26.0447 0
      vertex 3.13926 -25.8412 0
    endloop
  endfacet
  facet normal 0 0 -1
    outer loop
      vertex 16.0727 -38.8029 0
      vertex 3.00261 -26.2437 0
      vertex 3.07752 -26.0447 0
    endloop
  endfacet
  facet normal 0 0 -1
    outer loop
      vertex 16.0727 -38.8029 0
      vertex 2.91484 -26.4374 0
      vertex 3.00261 -26.2437 0
    endloop
  endfacet
  facet normal 0 0 -1
    outer loop
      vertex 13.5005 -39.7711 0
      vertex 2.81458 -26.625 0
      vertex 2.91484 -26.4374 0
    endloop
  endfacet
  facet normal 0 0 -1
    outer loop
      vertex 1.04468 -28.0775 0
      vertex 5.4821 -41.6407 0
      vertex 2.74693 -41.9101 0
    endloop
  endfacet
  facet normal 0 0 -1
    outer loop
      vertex 13.5005 -39.7711 0
      vertex 2.70228 -26.8056 0
      vertex 2.81458 -26.625 0
    endloop
  endfacet
  facet normal 0 0 -1
    outer loop
      vertex 10.8704 -40.5689 0
      vertex 2.5784 -26.9785 0
      vertex 2.70228 -26.8056 0
    endloop
  endfacet
  facet normal 0 0 -1
    outer loop
      vertex 10.8704 -40.5689 0
      vertex 2.44348 -27.1429 0
      vertex 2.5784 -26.9785 0
    endloop
  endfacet
  facet normal 0 0 -1
    outer loop
      vertex 10.8704 -40.5689 0
      vertex 2.2981 -27.2981 0
      vertex 2.44348 -27.1429 0
    endloop
  endfacet
  facet normal 0 0 -1
    outer loop
      vertex 8.19379 -41.193 0
      vertex 2.14287 -27.4435 0
      vertex 2.2981 -27.2981 0
    endloop
  endfacet
  facet normal 0 0 -1
    outer loop
      vertex 8.19379 -41.193 0
      vertex 1.97847 -27.5784 0
      vertex 2.14287 -27.4435 0
    endloop
  endfacet
  facet normal 0 0 -1
    outer loop
      vertex 8.19379 -41.193 0
      vertex 1.8056 -27.7023 0
      vertex 1.97847 -27.5784 0
    endloop
  endfacet
  facet normal 0 0 -1
    outer loop
      vertex 5.4821 -41.6407 0
      vertex 1.625 -27.8146 0
      vertex 1.8056 -27.7023 0
    endloop
  endfacet
  facet normal 0 0 -1
    outer loop
      vertex 5.4821 -41.6407 0
      vertex 1.43744 -27.9148 0
      vertex 1.625 -27.8146 0
    endloop
  endfacet
  facet normal 0 0 -1
    outer loop
      vertex 5.4821 -41.6407 0
      vertex 1.24372 -28.0026 0
      vertex 1.43744 -27.9148 0
    endloop
  endfacet
  facet normal 0 0 -1
    outer loop
      vertex 5.4821 -41.6407 0
      vertex 1.04468 -28.0775 0
      vertex 1.24372 -28.0026 0
    endloop
  endfacet
  facet normal 0 0 -1
    outer loop
      vertex 2.74693 -41.9101 0
      vertex 0.841162 -28.1393 0
      vertex 1.04468 -28.0775 0
    endloop
  endfacet
  facet normal 0 0 -1
    outer loop
      vertex 2.74693 -41.9101 0
      vertex 0.634043 -28.1876 0
      vertex 0.841162 -28.1393 0
    endloop
  endfacet
  facet normal 0 0 -1
    outer loop
      vertex 2.74693 -41.9101 0
      vertex 0.42421 -28.2222 0
      vertex 0.634043 -28.1876 0
    endloop
  endfacet
  facet normal 0 0 -1
    outer loop
      vertex 0 -42 0
      vertex 0.42421 -28.2222 0
      vertex 2.74693 -41.9101 0
    endloop
  endfacet
  facet normal 0 0 -1
    outer loop
      vertex 0.42421 -28.2222 0
      vertex 0 -42 0
      vertex 0.21256 -28.243 0
    endloop
  endfacet
  facet normal 0 0 -1
    outer loop
      vertex 0 -42 0
      vertex 0 -28.25 0
      vertex 0.21256 -28.243 0
    endloop
  endfacet
  facet normal 0 0 -1
    outer loop
      vertex 0 -42 0
      vertex -0.21256 -28.243 0
      vertex 0 -28.25 0
    endloop
  endfacet
  facet normal 0 0 -1
    outer loop
      vertex 0 -42 0
      vertex -0.42421 -28.2222 0
      vertex -0.21256 -28.243 0
    endloop
  endfacet
  facet normal 0 0 -1
    outer loop
      vertex -2.74693 -41.9101 0
      vertex -0.42421 -28.2222 0
      vertex 0 -42 0
    endloop
  endfacet
  facet normal -0 0 -1
    outer loop
      vertex -0.42421 -28.2222 0
      vertex -2.74693 -41.9101 0
      vertex -0.634043 -28.1876 0
    endloop
  endfacet
  facet normal -0 0 -1
    outer loop
      vertex -0.634043 -28.1876 0
      vertex -2.74693 -41.9101 0
      vertex -0.841162 -28.1393 0
    endloop
  endfacet
  facet normal -0 0 -1
    outer loop
      vertex -0.841162 -28.1393 0
      vertex -2.74693 -41.9101 0
      vertex -1.04468 -28.0775 0
    endloop
  endfacet
  facet normal 0 0 -1
    outer loop
      vertex -5.4821 -41.6407 0
      vertex -1.04468 -28.0775 0
      vertex -2.74693 -41.9101 0
    endloop
  endfacet
  facet normal -0 0 -1
    outer loop
      vertex -1.04468 -28.0775 0
      vertex -5.4821 -41.6407 0
      vertex -1.24372 -28.0026 0
    endloop
  endfacet
  facet normal -0 0 -1
    outer loop
      vertex -1.24372 -28.0026 0
      vertex -5.4821 -41.6407 0
      vertex -1.43744 -27.9148 0
    endloop
  endfacet
  facet normal -0 0 -1
    outer loop
      vertex -1.43744 -27.9148 0
      vertex -5.4821 -41.6407 0
      vertex -1.625 -27.8146 0
    endloop
  endfacet
  facet normal -0 0 -1
    outer loop
      vertex -1.625 -27.8146 0
      vertex -5.4821 -41.6407 0
      vertex -1.8056 -27.7023 0
    endloop
  endfacet
  facet normal 0 0 -1
    outer loop
      vertex -8.19379 -41.193 0
      vertex -1.8056 -27.7023 0
      vertex -5.4821 -41.6407 0
    endloop
  endfacet
  facet normal -0 0 -1
    outer loop
      vertex -1.8056 -27.7023 0
      vertex -8.19379 -41.193 0
      vertex -1.97847 -27.5784 0
    endloop
  endfacet
  facet normal -0 0 -1
    outer loop
      vertex -1.97847 -27.5784 0
      vertex -8.19379 -41.193 0
      vertex -2.14287 -27.4435 0
    endloop
  endfacet
  facet normal -0 0 -1
    outer loop
      vertex -2.14287 -27.4435 0
      vertex -8.19379 -41.193 0
      vertex -2.2981 -27.2981 0
    endloop
  endfacet
  facet normal 0 0 -1
    outer loop
      vertex -10.8704 -40.5689 0
      vertex -2.2981 -27.2981 0
      vertex -8.19379 -41.193 0
    endloop
  endfacet
  facet normal -0 0 -1
    outer loop
      vertex -2.2981 -27.2981 0
      vertex -10.8704 -40.5689 0
      vertex -2.44348 -27.1429 0
    endloop
  endfacet
  facet normal -0 0 -1
    outer loop
      vertex -2.44348 -27.1429 0
      vertex -10.8704 -40.5689 0
      vertex -2.5784 -26.9785 0
    endloop
  endfacet
  facet normal -0 0 -1
    outer loop
      vertex -2.5784 -26.9785 0
      vertex -10.8704 -40.5689 0
      vertex -2.70228 -26.8056 0
    endloop
  endfacet
  facet normal 0 0 -1
    outer loop
      vertex -13.5005 -39.7711 0
      vertex -2.70228 -26.8056 0
      vertex -10.8704 -40.5689 0
    endloop
  endfacet
  facet normal -0 0 -1
    outer loop
      vertex -2.70228 -26.8056 0
      vertex -13.5005 -39.7711 0
      vertex -2.81458 -26.625 0
    endloop
  endfacet
  facet normal -0 0 -1
    outer loop
      vertex -2.81458 -26.625 0
      vertex -13.5005 -39.7711 0
      vertex -2.91484 -26.4374 0
    endloop
  endfacet
  facet normal 0 0 -1
    outer loop
      vertex -16.0727 -38.8029 0
      vertex -2.91484 -26.4374 0
      vertex -13.5005 -39.7711 0
    endloop
  endfacet
  facet normal -0 0 -1
    outer loop
      vertex -2.91484 -26.4374 0
      vertex -16.0727 -38.8029 0
      vertex -3.00261 -26.2437 0
    endloop
  endfacet
  facet normal -0 0 -1
    outer loop
      vertex -3.00261 -26.2437 0
      vertex -16.0727 -38.8029 0
      vertex -3.07752 -26.0447 0
    endloop
  endfacet
  facet normal 0 0 -1
    outer loop
      vertex -16.5296 -20.4493 0
      vertex -3.07752 -26.0447 0
      vertex -16.0727 -38.8029 0
    endloop
  endfacet
  facet normal 0 0 -1
    outer loop
      vertex -3.07752 -26.0447 0
      vertex -16.3508 -20.3683 0
      vertex -3.13926 -25.8412 0
    endloop
  endfacet
  facet normal 0 -0 -1
    outer loop
      vertex -16.1777 -20.2757 0
      vertex -3.13926 -25.8412 0
      vertex -16.3508 -20.3683 0
    endloop
  endfacet
  facet normal 0 0 -1
    outer loop
      vertex -3.2222 -24.5758 0
      vertex -15.4221 -19.6557 0
      vertex -15.2976 -19.504 0
    endloop
  endfacet
  facet normal 0 0 -1
    outer loop
      vertex -3.2222 -24.5758 0
      vertex -15.2976 -19.504 0
      vertex -15.1833 -19.3444 0
    endloop
  endfacet
  facet normal 0 0 -1
    outer loop
      vertex -3.13926 -24.1588 0
      vertex -15.0796 -19.1777 0
      vertex -14.9871 -19.0045 0
    endloop
  endfacet
  facet normal 0 0 -1
    outer loop
      vertex -2.44348 -22.8571 0
      vertex -5.14303 -15.1509 0
      vertex -4.1411 -15.4548 0
    endloop
  endfacet
  facet normal 0 0 -1
    outer loop
      vertex -3.00261 -23.7563 0
      vertex -14.906 -18.8257 0
      vertex -14.8369 -18.642 0
    endloop
  endfacet
  facet normal 0 0 -1
    outer loop
      vertex -2.91484 -23.5626 0
      vertex -14.8369 -18.642 0
      vertex -6.12293 -14.7821 0
    endloop
  endfacet
  facet normal -0 0 -1
    outer loop
      vertex -6.12293 -14.7821 0
      vertex -14.7799 -18.4541 0
      vertex -7.07662 -14.35 0
    endloop
  endfacet
  facet normal 0 0 -1
    outer loop
      vertex -3.13926 -25.8412 0
      vertex -16.1777 -20.2757 0
      vertex -3.18755 -25.634 0
    endloop
  endfacet
  facet normal 0 -0 -1
    outer loop
      vertex -14.7033 -18.0692 0
      vertex -7.07662 -14.35 0
      vertex -14.7353 -18.2629 0
    endloop
  endfacet
  facet normal 0 -0 -1
    outer loop
      vertex -14.6777 -17.6777 0
      vertex -8 -13.8564 0
      vertex -14.6841 -17.8739 0
    endloop
  endfacet
  facet normal -0 0 -1
    outer loop
      vertex -8 -13.8564 0
      vertex -14.6841 -17.4815 0
      vertex -8.88912 -13.3035 0
    endloop
  endfacet
  facet normal 0 0 -1
    outer loop
      vertex -14.7353 -17.0924 0
      vertex -8.88912 -13.3035 0
      vertex -14.7033 -17.2861 0
    endloop
  endfacet
  facet normal 0 -0 -1
    outer loop
      vertex -16.011 -20.1721 0
      vertex -3.18755 -25.634 0
      vertex -16.1777 -20.2757 0
    endloop
  endfacet
  facet normal -0 0 -1
    outer loop
      vertex -8.88912 -13.3035 0
      vertex -14.7799 -16.9012 0
      vertex -9.74018 -12.6937 0
    endloop
  endfacet
  facet normal 0 0 -1
    outer loop
      vertex -14.906 -16.5296 0
      vertex -9.74018 -12.6937 0
      vertex -14.8369 -16.7134 0
    endloop
  endfacet
  facet normal 0 0 -1
    outer loop
      vertex -14.9871 -16.3508 0
      vertex -9.74018 -12.6937 0
      vertex -14.906 -16.5296 0
    endloop
  endfacet
  facet normal 0 0 -1
    outer loop
      vertex -14.8369 -16.7134 0
      vertex -9.74018 -12.6937 0
      vertex -14.7799 -16.9012 0
    endloop
  endfacet
  facet normal 0 0 -1
    outer loop
      vertex -14.7799 -16.9012 0
      vertex -8.88912 -13.3035 0
      vertex -14.7353 -17.0924 0
    endloop
  endfacet
  facet normal 0 0 -1
    outer loop
      vertex -14.7033 -17.2861 0
      vertex -8.88912 -13.3035 0
      vertex -14.6841 -17.4815 0
    endloop
  endfacet
  facet normal 0 0 -1
    outer loop
      vertex -14.6841 -17.4815 0
      vertex -8 -13.8564 0
      vertex -14.6777 -17.6777 0
    endloop
  endfacet
  facet normal -0 0 -1
    outer loop
      vertex -7.07662 -14.35 0
      vertex -14.6841 -17.8739 0
      vertex -8 -13.8564 0
    endloop
  endfacet
  facet normal 0 -0 -1
    outer loop
      vertex -14.6841 -17.8739 0
      vertex -7.07662 -14.35 0
      vertex -14.7033 -18.0692 0
    endloop
  endfacet
  facet normal 0 -0 -1
    outer loop
      vertex -14.7353 -18.2629 0
      vertex -7.07662 -14.35 0
      vertex -14.7799 -18.4541 0
    endloop
  endfacet
  facet normal 0 -0 -1
    outer loop
      vertex -14.7799 -18.4541 0
      vertex -6.12293 -14.7821 0
      vertex -14.8369 -18.642 0
    endloop
  endfacet
  facet normal 0 0 -1
    outer loop
      vertex -2.81458 -23.375 0
      vertex -6.12293 -14.7821 0
      vertex -5.14303 -15.1509 0
    endloop
  endfacet
  facet normal 0 0 -1
    outer loop
      vertex -3.07752 -23.9553 0
      vertex -14.9871 -19.0045 0
      vertex -14.906 -18.8257 0
    endloop
  endfacet
  facet normal 0 0 -1
    outer loop
      vertex -3.18755 -24.366 0
      vertex -15.1833 -19.3444 0
      vertex -15.0796 -19.1777 0
    endloop
  endfacet
  facet normal 0 0 -1
    outer loop
      vertex -3.24304 -24.7874 0
      vertex -15.5563 -19.799 0
      vertex -15.4221 -19.6557 0
    endloop
  endfacet
  facet normal 0 0 -1
    outer loop
      vertex -3.25 -25 0
      vertex -15.6996 -19.9332 0
      vertex -15.5563 -19.799 0
    endloop
  endfacet
  facet normal 0 0 -1
    outer loop
      vertex -3.24304 -25.2126 0
      vertex -15.6996 -19.9332 0
      vertex -3.25 -25 0
    endloop
  endfacet
  facet normal 0 -0 -1
    outer loop
      vertex -15.6996 -19.9332 0
      vertex -3.24304 -25.2126 0
      vertex -15.8514 -20.0577 0
    endloop
  endfacet
  facet normal 0 0 -1
    outer loop
      vertex -3.18755 -25.634 0
      vertex -16.011 -20.1721 0
      vertex -3.2222 -25.4242 0
    endloop
  endfacet
  facet normal 0 0 -1
    outer loop
      vertex -3.2222 -25.4242 0
      vertex -15.8514 -20.0577 0
      vertex -3.24304 -25.2126 0
    endloop
  endfacet
  facet normal 0 -0 -1
    outer loop
      vertex -15.8514 -20.0577 0
      vertex -3.2222 -25.4242 0
      vertex -16.011 -20.1721 0
    endloop
  endfacet
  facet normal 0 0 -1
    outer loop
      vertex -3.07752 -26.0447 0
      vertex -16.5296 -20.4493 0
      vertex -16.3508 -20.3683 0
    endloop
  endfacet
  facet normal 0 0 -1
    outer loop
      vertex -16.0727 -38.8029 0
      vertex -16.7134 -20.5185 0
      vertex -16.5296 -20.4493 0
    endloop
  endfacet
  facet normal 0 0 -1
    outer loop
      vertex -18.5761 -37.6687 0
      vertex -16.7134 -20.5185 0
      vertex -16.0727 -38.8029 0
    endloop
  endfacet
  facet normal 0 0 -1
    outer loop
      vertex -16.7134 -20.5185 0
      vertex -18.5761 -37.6687 0
      vertex -16.9012 -20.5754 0
    endloop
  endfacet
  facet normal 0 0 -1
    outer loop
      vertex -16.9012 -20.5754 0
      vertex -18.5761 -37.6687 0
      vertex -17.0924 -20.62 0
    endloop
  endfacet
  facet normal 0 0 -1
    outer loop
      vertex -17.0924 -20.62 0
      vertex -18.5761 -37.6687 0
      vertex -17.2861 -20.652 0
    endloop
  endfacet
  facet normal 0 0 -1
    outer loop
      vertex -21 -36.3731 0
      vertex -17.2861 -20.652 0
      vertex -18.5761 -37.6687 0
    endloop
  endfacet
  facet normal 0 0 -1
    outer loop
      vertex -17.2861 -20.652 0
      vertex -21 -36.3731 0
      vertex -17.4815 -20.6712 0
    endloop
  endfacet
  facet normal 0 0 -1
    outer loop
      vertex -17.4815 -20.6712 0
      vertex -21 -36.3731 0
      vertex -17.6777 -20.6777 0
    endloop
  endfacet
  facet normal 0 0 -1
    outer loop
      vertex -23.334 -34.9217 0
      vertex -17.6777 -20.6777 0
      vertex -21 -36.3731 0
    endloop
  endfacet
  facet normal -0 0 -1
    outer loop
      vertex -17.6777 -20.6777 0
      vertex -23.334 -34.9217 0
      vertex -17.8739 -20.6712 0
    endloop
  endfacet
  facet normal -0 0 -1
    outer loop
      vertex -17.8739 -20.6712 0
      vertex -23.334 -34.9217 0
      vertex -18.0692 -20.652 0
    endloop
  endfacet
  facet normal -0 0 -1
    outer loop
      vertex -18.0692 -20.652 0
      vertex -23.334 -34.9217 0
      vertex -18.2629 -20.62 0
    endloop
  endfacet
  facet normal -0 0 -1
    outer loop
      vertex -18.2629 -20.62 0
      vertex -23.334 -34.9217 0
      vertex -18.4541 -20.5754 0
    endloop
  endfacet
  facet normal 0 0 -1
    outer loop
      vertex -25.568 -33.3208 0
      vertex -18.4541 -20.5754 0
      vertex -23.334 -34.9217 0
    endloop
  endfacet
  facet normal -0 0 -1
    outer loop
      vertex -18.4541 -20.5754 0
      vertex -25.568 -33.3208 0
      vertex -18.642 -20.5185 0
    endloop
  endfacet
  facet normal -0 0 -1
    outer loop
      vertex -18.642 -20.5185 0
      vertex -25.568 -33.3208 0
      vertex -18.8257 -20.4493 0
    endloop
  endfacet
  facet normal -0 0 -1
    outer loop
      vertex -18.8257 -20.4493 0
      vertex -25.568 -33.3208 0
      vertex -19.0045 -20.3683 0
    endloop
  endfacet
  facet normal 0 0 -1
    outer loop
      vertex -27.6925 -31.5773 0
      vertex -19.0045 -20.3683 0
      vertex -25.568 -33.3208 0
    endloop
  endfacet
  facet normal -0 0 -1
    outer loop
      vertex -19.0045 -20.3683 0
      vertex -27.6925 -31.5773 0
      vertex -19.1777 -20.2757 0
    endloop
  endfacet
  facet normal -0 0 -1
    outer loop
      vertex -19.1777 -20.2757 0
      vertex -27.6925 -31.5773 0
      vertex -19.3444 -20.1721 0
    endloop
  endfacet
  facet normal -0 0 -1
    outer loop
      vertex -19.3444 -20.1721 0
      vertex -27.6925 -31.5773 0
      vertex -19.504 -20.0577 0
    endloop
  endfacet
  facet normal 0 -0 -1
    outer loop
      vertex -26.0435 -19.2803 0
      vertex -19.504 -20.0577 0
      vertex -27.6925 -31.5773 0
    endloop
  endfacet
  facet normal 0 0 -1
    outer loop
      vertex -19.504 -20.0577 0
      vertex -26.0435 -19.2803 0
      vertex -19.6557 -19.9332 0
    endloop
  endfacet
  facet normal 0 0 -1
    outer loop
      vertex -19.6557 -19.9332 0
      vertex -26.0435 -19.2803 0
      vertex -19.799 -19.799 0
    endloop
  endfacet
  facet normal 0 0 -1
    outer loop
      vertex -19.799 -19.799 0
      vertex -26.0435 -19.2803 0
      vertex -19.9332 -19.6557 0
    endloop
  endfacet
  facet normal 0 -0 -1
    outer loop
      vertex -25.6179 -18.9754 0
      vertex -19.9332 -19.6557 0
      vertex -26.0435 -19.2803 0
    endloop
  endfacet
  facet normal 0 0 -1
    outer loop
      vertex -19.9332 -19.6557 0
      vertex -25.6179 -18.9754 0
      vertex -20.0577 -19.504 0
    endloop
  endfacet
  facet normal 0 -0 -1
    outer loop
      vertex -25.2133 -18.6433 0
      vertex -20.0577 -19.504 0
      vertex -25.6179 -18.9754 0
    endloop
  endfacet
  facet normal 0 0 -1
    outer loop
      vertex -20.0577 -19.504 0
      vertex -25.2133 -18.6433 0
      vertex -20.1721 -19.3444 0
    endloop
  endfacet
  facet normal 0 0 -1
    outer loop
      vertex -20.2757 -19.1777 0
      vertex -24.8312 -18.2854 0
      vertex -20.3683 -19.0045 0
    endloop
  endfacet
  facet normal 0 -0 -1
    outer loop
      vertex -24.8312 -18.2854 0
      vertex -20.2757 -19.1777 0
      vertex -25.2133 -18.6433 0
    endloop
  endfacet
  facet normal 0 0 -1
    outer loop
      vertex -20.1721 -19.3444 0
      vertex -25.2133 -18.6433 0
      vertex -20.2757 -19.1777 0
    endloop
  endfacet
  facet normal 0 0 -1
    outer loop
      vertex 28.0775 1.04468 0
      vertex 30.488 4.62855 0
      vertex 28.1393 0.841162 0
    endloop
  endfacet
  facet normal 0 0 -1
    outer loop
      vertex 28.0026 1.24372 0
      vertex 30.488 4.62855 0
      vertex 28.0775 1.04468 0
    endloop
  endfacet
  facet normal -0 0 -1
    outer loop
      vertex 30.488 4.62855 0
      vertex 28.0026 1.24372 0
      vertex 29.9648 4.64568 0
    endloop
  endfacet
  facet normal 0 0 -1
    outer loop
      vertex 27.9148 1.43744 0
      vertex 29.9648 4.64568 0
      vertex 28.0026 1.24372 0
    endloop
  endfacet
  facet normal 0 0 -1
    outer loop
      vertex 27.8146 1.625 0
      vertex 29.9648 4.64568 0
      vertex 27.9148 1.43744 0
    endloop
  endfacet
  facet normal -0 0 -1
    outer loop
      vertex 29.9648 4.64568 0
      vertex 27.8146 1.625 0
      vertex 29.4438 4.69699 0
    endloop
  endfacet
  facet normal 0 0 -1
    outer loop
      vertex 27.7023 1.8056 0
      vertex 29.4438 4.69699 0
      vertex 27.8146 1.625 0
    endloop
  endfacet
  facet normal 0 0 -1
    outer loop
      vertex 27.5784 1.97847 0
      vertex 29.4438 4.69699 0
      vertex 27.7023 1.8056 0
    endloop
  endfacet
  facet normal -0 0 -1
    outer loop
      vertex 29.4438 4.69699 0
      vertex 27.5784 1.97847 0
      vertex 28.9273 4.78227 0
    endloop
  endfacet
  facet normal 0 0 -1
    outer loop
      vertex 27.4435 2.14287 0
      vertex 28.9273 4.78227 0
      vertex 27.5784 1.97847 0
    endloop
  endfacet
  facet normal 0 0 -1
    outer loop
      vertex 27.2981 2.2981 0
      vertex 28.9273 4.78227 0
      vertex 27.4435 2.14287 0
    endloop
  endfacet
  facet normal -0 0 -1
    outer loop
      vertex 28.9273 4.78227 0
      vertex 27.2981 2.2981 0
      vertex 28.4175 4.90115 0
    endloop
  endfacet
  facet normal 0 0 -1
    outer loop
      vertex 27.1429 2.44348 0
      vertex 28.4175 4.90115 0
      vertex 27.2981 2.2981 0
    endloop
  endfacet
  facet normal 0 0 -1
    outer loop
      vertex 26.9785 2.5784 0
      vertex 28.4175 4.90115 0
      vertex 27.1429 2.44348 0
    endloop
  endfacet
  facet normal -0 0 -1
    outer loop
      vertex 28.4175 4.90115 0
      vertex 26.9785 2.5784 0
      vertex 27.9165 5.05311 0
    endloop
  endfacet
  facet normal 0 0 -1
    outer loop
      vertex 26.8056 2.70228 0
      vertex 27.9165 5.05311 0
      vertex 26.9785 2.5784 0
    endloop
  endfacet
  facet normal 0 0 -1
    outer loop
      vertex 26.625 2.81458 0
      vertex 27.9165 5.05311 0
      vertex 26.8056 2.70228 0
    endloop
  endfacet
  facet normal -0 0 -1
    outer loop
      vertex 27.9165 5.05311 0
      vertex 26.625 2.81458 0
      vertex 27.4266 5.23752 0
    endloop
  endfacet
  facet normal 0 0 -1
    outer loop
      vertex 26.4374 2.91484 0
      vertex 27.4266 5.23752 0
      vertex 26.625 2.81458 0
    endloop
  endfacet
  facet normal 0 0 -1
    outer loop
      vertex 26.2437 3.00261 0
      vertex 27.4266 5.23752 0
      vertex 26.4374 2.91484 0
    endloop
  endfacet
  facet normal -0 0 -1
    outer loop
      vertex 27.4266 5.23752 0
      vertex 26.2437 3.00261 0
      vertex 26.9497 5.45357 0
    endloop
  endfacet
  facet normal 0 0 -1
    outer loop
      vertex 26.0447 3.07752 0
      vertex 26.9497 5.45357 0
      vertex 26.2437 3.00261 0
    endloop
  endfacet
  facet normal 0 0 -1
    outer loop
      vertex 25.8412 3.13926 0
      vertex 26.9497 5.45357 0
      vertex 26.0447 3.07752 0
    endloop
  endfacet
  facet normal -0 0 -1
    outer loop
      vertex 26.9497 5.45357 0
      vertex 25.8412 3.13926 0
      vertex 26.488 5.70035 0
    endloop
  endfacet
  facet normal 0 0 -1
    outer loop
      vertex 25.634 3.18755 0
      vertex 26.488 5.70035 0
      vertex 25.8412 3.13926 0
    endloop
  endfacet
  facet normal 0 0 -1
    outer loop
      vertex 25.4242 3.2222 0
      vertex 26.488 5.70035 0
      vertex 25.634 3.18755 0
    endloop
  endfacet
  facet normal -0 0 -1
    outer loop
      vertex 26.488 5.70035 0
      vertex 25.4242 3.2222 0
      vertex 26.0435 5.9768 0
    endloop
  endfacet
  facet normal 0 0 -1
    outer loop
      vertex 25.2126 3.24304 0
      vertex 26.0435 5.9768 0
      vertex 25.4242 3.2222 0
    endloop
  endfacet
  facet normal 0 0 -1
    outer loop
      vertex 25 3.25 0
      vertex 26.0435 5.9768 0
      vertex 25.2126 3.24304 0
    endloop
  endfacet
  facet normal -0 0 -1
    outer loop
      vertex 26.0435 5.9768 0
      vertex 25 3.25 0
      vertex 25.6179 6.28173 0
    endloop
  endfacet
  facet normal 0 0 -1
    outer loop
      vertex 24.7874 3.24304 0
      vertex 25.6179 6.28173 0
      vertex 25 3.25 0
    endloop
  endfacet
  facet normal 0 0 -1
    outer loop
      vertex 24.5758 3.2222 0
      vertex 25.6179 6.28173 0
      vertex 24.7874 3.24304 0
    endloop
  endfacet
  facet normal -0 0 -1
    outer loop
      vertex 25.6179 6.28173 0
      vertex 24.5758 3.2222 0
      vertex 25.2133 6.61383 0
    endloop
  endfacet
  facet normal 0 0 -1
    outer loop
      vertex 24.366 3.18755 0
      vertex 25.2133 6.61383 0
      vertex 24.5758 3.2222 0
    endloop
  endfacet
  facet normal 0 0 -1
    outer loop
      vertex 24.1588 3.13926 0
      vertex 25.2133 6.61383 0
      vertex 24.366 3.18755 0
    endloop
  endfacet
  facet normal -0 0 -1
    outer loop
      vertex 25.2133 6.61383 0
      vertex 24.1588 3.13926 0
      vertex 24.8312 6.9717 0
    endloop
  endfacet
  facet normal 0 0 -1
    outer loop
      vertex 23.9553 3.07752 0
      vertex 24.8312 6.9717 0
      vertex 24.1588 3.13926 0
    endloop
  endfacet
  facet normal 0 0 -1
    outer loop
      vertex 23.7563 3.00261 0
      vertex 24.8312 6.9717 0
      vertex 23.9553 3.07752 0
    endloop
  endfacet
  facet normal -0 0 -1
    outer loop
      vertex 24.8312 6.9717 0
      vertex 23.7563 3.00261 0
      vertex 24.4733 7.35379 0
    endloop
  endfacet
  facet normal 0 0 -1
    outer loop
      vertex 23.5626 2.91484 0
      vertex 24.4733 7.35379 0
      vertex 23.7563 3.00261 0
    endloop
  endfacet
  facet normal 0 0 -1
    outer loop
      vertex 23.375 2.81458 0
      vertex 24.4733 7.35379 0
      vertex 23.5626 2.91484 0
    endloop
  endfacet
  facet normal -0 0 -1
    outer loop
      vertex 24.4733 7.35379 0
      vertex 23.375 2.81458 0
      vertex 24.1412 7.75846 0
    endloop
  endfacet
  facet normal 0 0 -1
    outer loop
      vertex 23.1944 2.70228 0
      vertex 24.1412 7.75846 0
      vertex 23.375 2.81458 0
    endloop
  endfacet
  facet normal -0 0 -1
    outer loop
      vertex 24.1412 7.75846 0
      vertex 23.1944 2.70228 0
      vertex 23.8363 8.18399 0
    endloop
  endfacet
  facet normal 0 0 -1
    outer loop
      vertex 23.0215 2.5784 0
      vertex 23.8363 8.18399 0
      vertex 23.1944 2.70228 0
    endloop
  endfacet
  facet normal 0 0 -1
    outer loop
      vertex 22.8571 2.44348 0
      vertex 23.8363 8.18399 0
      vertex 23.0215 2.5784 0
    endloop
  endfacet
  facet normal -0 0 -1
    outer loop
      vertex 23.8363 8.18399 0
      vertex 22.8571 2.44348 0
      vertex 23.5598 8.62855 0
    endloop
  endfacet
  facet normal 0 0 -1
    outer loop
      vertex 22.5565 2.14287 0
      vertex 15.4548 4.1411 0
      vertex 22.7019 2.2981 0
    endloop
  endfacet
  facet normal 0 0 -1
    outer loop
      vertex 15.4548 4.1411 0
      vertex 22.4216 1.97847 0
      vertex 15.6926 3.12144 0
    endloop
  endfacet
  facet normal 0 0 -1
    outer loop
      vertex 22.2977 1.8056 0
      vertex 15.6926 3.12144 0
      vertex 22.4216 1.97847 0
    endloop
  endfacet
  facet normal 0 0 -1
    outer loop
      vertex 15.6926 3.12144 0
      vertex 22.1854 1.625 0
      vertex 15.8631 2.08842 0
    endloop
  endfacet
  facet normal 0 0 -1
    outer loop
      vertex 22.1854 1.625 0
      vertex 15.6926 3.12144 0
      vertex 22.2977 1.8056 0
    endloop
  endfacet
  facet normal 0 0 -1
    outer loop
      vertex 22.0852 1.43744 0
      vertex 15.8631 2.08842 0
      vertex 22.1854 1.625 0
    endloop
  endfacet
  facet normal 0 0 -1
    outer loop
      vertex 22.4216 1.97847 0
      vertex 15.4548 4.1411 0
      vertex 22.5565 2.14287 0
    endloop
  endfacet
  facet normal 0 0 -1
    outer loop
      vertex 22.7019 2.2981 0
      vertex 15.4548 4.1411 0
      vertex 22.8571 2.44348 0
    endloop
  endfacet
  facet normal 0 0 -1
    outer loop
      vertex 22.8571 2.44348 0
      vertex 15.4548 4.1411 0
      vertex 23.5598 8.62855 0
    endloop
  endfacet
  facet normal -0 0 -1
    outer loop
      vertex 23.313 9.09024 0
      vertex 14.7821 6.12293 0
      vertex 23.097 9.56709 0
    endloop
  endfacet
  facet normal 0 0 -1
    outer loop
      vertex 14.7821 6.12293 0
      vertex 23.313 9.09024 0
      vertex 15.1509 5.14303 0
    endloop
  endfacet
  facet normal -0.81284 -0.582487 0
    outer loop
      vertex -33.3208 -25.568 0
      vertex -34.9217 -23.334 6
      vertex -34.9217 -23.334 0
    endloop
  endfacet
  facet normal -0.81284 -0.582487 0
    outer loop
      vertex -34.9217 -23.334 6
      vertex -33.3208 -25.568 0
      vertex -33.3208 -25.568 6
    endloop
  endfacet
  facet normal -0.729868 -0.683588 0
    outer loop
      vertex -29.6985 -29.6985 0
      vertex -31.5773 -27.6925 6
      vertex -31.5773 -27.6925 0
    endloop
  endfacet
  facet normal -0.729868 -0.683588 0
    outer loop
      vertex -31.5773 -27.6925 6
      vertex -29.6985 -29.6985 0
      vertex -29.6985 -29.6985 6
    endloop
  endfacet
  facet normal 0.995184 0.0980205 0
    outer loop
      vertex 41.9101 2.74693 6
      vertex 41.6407 5.4821 0
      vertex 41.6407 5.4821 6
    endloop
  endfacet
  facet normal 0.995184 0.0980205 0
    outer loop
      vertex 41.6407 5.4821 0
      vertex 41.9101 2.74693 6
      vertex 41.9101 2.74693 0
    endloop
  endfacet
  facet normal 0.986643 0.162895 0
    outer loop
      vertex 41.6407 5.4821 6
      vertex 41.193 8.19379 0
      vertex 41.193 8.19379 6
    endloop
  endfacet
  facet normal 0.986643 0.162895 0
    outer loop
      vertex 41.193 8.19379 0
      vertex 41.6407 5.4821 6
      vertex 41.6407 5.4821 0
    endloop
  endfacet
  facet normal 0.910874 0.412684 0
    outer loop
      vertex 38.8029 16.0727 6
      vertex 37.6687 18.5761 0
      vertex 37.6687 18.5761 6
    endloop
  endfacet
  facet normal 0.910874 0.412684 0
    outer loop
      vertex 37.6687 18.5761 0
      vertex 38.8029 16.0727 6
      vertex 38.8029 16.0727 0
    endloop
  endfacet
  facet normal 0.849198 0.528075 0
    outer loop
      vertex 36.3731 21 6
      vertex 34.9217 23.334 0
      vertex 34.9217 23.334 6
    endloop
  endfacet
  facet normal 0.849198 0.528075 0
    outer loop
      vertex 34.9217 23.334 0
      vertex 36.3731 21 6
      vertex 36.3731 21 0
    endloop
  endfacet
  facet normal 0.81284 0.582487 0
    outer loop
      vertex 34.9217 23.334 6
      vertex 33.3208 25.568 0
      vertex 33.3208 25.568 6
    endloop
  endfacet
  facet normal 0.81284 0.582487 0
    outer loop
      vertex 33.3208 25.568 0
      vertex 34.9217 23.334 6
      vertex 34.9217 23.334 0
    endloop
  endfacet
  facet normal 0.0327099 0.999465 -0
    outer loop
      vertex 2.74693 41.9101 0
      vertex 0 42 6
      vertex 2.74693 41.9101 6
    endloop
  endfacet
  facet normal 0.0327099 0.999465 0
    outer loop
      vertex 0 42 6
      vertex 2.74693 41.9101 0
      vertex 0 42 0
    endloop
  endfacet
  facet normal 0.634386 0.773016 -0
    outer loop
      vertex 27.6925 31.5773 0
      vertex 25.568 33.3208 6
      vertex 27.6925 31.5773 6
    endloop
  endfacet
  facet normal 0.634386 0.773016 0
    outer loop
      vertex 25.568 33.3208 6
      vertex 27.6925 31.5773 0
      vertex 25.568 33.3208 0
    endloop
  endfacet
  facet normal 0.412684 0.910874 -0
    outer loop
      vertex 18.5761 37.6687 0
      vertex 16.0727 38.8029 6
      vertex 18.5761 37.6687 6
    endloop
  endfacet
  facet normal 0.412684 0.910874 0
    outer loop
      vertex 16.0727 38.8029 6
      vertex 18.5761 37.6687 0
      vertex 16.0727 38.8029 0
    endloop
  endfacet
  facet normal 0.162895 0.986643 -0
    outer loop
      vertex 8.19379 41.193 0
      vertex 5.4821 41.6407 6
      vertex 8.19379 41.193 6
    endloop
  endfacet
  facet normal 0.162895 0.986643 0
    outer loop
      vertex 5.4821 41.6407 6
      vertex 8.19379 41.193 0
      vertex 5.4821 41.6407 0
    endloop
  endfacet
  facet normal 0.290274 0.956944 -0
    outer loop
      vertex 13.5005 39.7711 0
      vertex 10.8704 40.5689 6
      vertex 13.5005 39.7711 6
    endloop
  endfacet
  facet normal 0.290274 0.956944 0
    outer loop
      vertex 10.8704 40.5689 6
      vertex 13.5005 39.7711 0
      vertex 10.8704 40.5689 0
    endloop
  endfacet
  facet normal -0.999465 0.0327099 0
    outer loop
      vertex -42 0 0
      vertex -41.9101 2.74693 6
      vertex -41.9101 2.74693 0
    endloop
  endfacet
  facet normal -0.999465 0.0327099 0
    outer loop
      vertex -41.9101 2.74693 6
      vertex -42 0 0
      vertex -42 0 6
    endloop
  endfacet
  facet normal -0.986643 0.162895 0
    outer loop
      vertex -41.6407 5.4821 0
      vertex -41.193 8.19379 6
      vertex -41.193 8.19379 0
    endloop
  endfacet
  facet normal -0.986643 0.162895 0
    outer loop
      vertex -41.193 8.19379 6
      vertex -41.6407 5.4821 0
      vertex -41.6407 5.4821 6
    endloop
  endfacet
  facet normal -0.956944 0.290274 0
    outer loop
      vertex -40.5689 10.8704 0
      vertex -39.7711 13.5005 6
      vertex -39.7711 13.5005 0
    endloop
  endfacet
  facet normal -0.956944 0.290274 0
    outer loop
      vertex -39.7711 13.5005 6
      vertex -40.5689 10.8704 0
      vertex -40.5689 10.8704 6
    endloop
  endfacet
  facet normal -0.910874 0.412684 0
    outer loop
      vertex -38.8029 16.0727 0
      vertex -37.6687 18.5761 6
      vertex -37.6687 18.5761 0
    endloop
  endfacet
  facet normal -0.910874 0.412684 0
    outer loop
      vertex -37.6687 18.5761 6
      vertex -38.8029 16.0727 0
      vertex -38.8029 16.0727 6
    endloop
  endfacet
  facet normal -0.729868 0.683588 0
    outer loop
      vertex -31.5773 27.6925 0
      vertex -29.6985 29.6985 6
      vertex -29.6985 29.6985 0
    endloop
  endfacet
  facet normal -0.729868 0.683588 0
    outer loop
      vertex -29.6985 29.6985 6
      vertex -31.5773 27.6925 0
      vertex -31.5773 27.6925 6
    endloop
  endfacet
  facet normal -0.227077 0.973877 0
    outer loop
      vertex -8.19379 41.193 0
      vertex -10.8704 40.5689 6
      vertex -8.19379 41.193 6
    endloop
  endfacet
  facet normal -0.227077 0.973877 0
    outer loop
      vertex -10.8704 40.5689 6
      vertex -8.19379 41.193 0
      vertex -10.8704 40.5689 0
    endloop
  endfacet
  facet normal -0.0327099 0.999465 0
    outer loop
      vertex 0 42 0
      vertex -2.74693 41.9101 6
      vertex 0 42 6
    endloop
  endfacet
  facet normal -0.0327099 0.999465 0
    outer loop
      vertex -2.74693 41.9101 6
      vertex 0 42 0
      vertex -2.74693 41.9101 0
    endloop
  endfacet
  facet normal -0.412684 0.910874 0
    outer loop
      vertex -16.0727 38.8029 0
      vertex -18.5761 37.6687 6
      vertex -16.0727 38.8029 6
    endloop
  endfacet
  facet normal -0.412684 0.910874 0
    outer loop
      vertex -18.5761 37.6687 6
      vertex -16.0727 38.8029 0
      vertex -18.5761 37.6687 0
    endloop
  endfacet
  facet normal -0.683588 0.729868 0
    outer loop
      vertex -27.6925 31.5773 0
      vertex -29.6985 29.6985 6
      vertex -27.6925 31.5773 6
    endloop
  endfacet
  facet normal -0.683588 0.729868 0
    outer loop
      vertex -29.6985 29.6985 6
      vertex -27.6925 31.5773 0
      vertex -29.6985 29.6985 0
    endloop
  endfacet
  facet normal -0.634386 0.773016 0
    outer loop
      vertex -25.568 33.3208 0
      vertex -27.6925 31.5773 6
      vertex -25.568 33.3208 6
    endloop
  endfacet
  facet normal -0.634386 0.773016 0
    outer loop
      vertex -27.6925 31.5773 6
      vertex -25.568 33.3208 0
      vertex -27.6925 31.5773 0
    endloop
  endfacet
  facet normal 0.0327099 -0.999465 0
    outer loop
      vertex 0 -42 0
      vertex 2.74693 -41.9101 6
      vertex 0 -42 6
    endloop
  endfacet
  facet normal 0.0327099 -0.999465 0
    outer loop
      vertex 2.74693 -41.9101 6
      vertex 0 -42 0
      vertex 2.74693 -41.9101 0
    endloop
  endfacet
  facet normal 0.956944 -0.290274 0
    outer loop
      vertex 39.7711 -13.5005 6
      vertex 40.5689 -10.8704 0
      vertex 40.5689 -10.8704 6
    endloop
  endfacet
  facet normal 0.956944 -0.290274 0
    outer loop
      vertex 40.5689 -10.8704 0
      vertex 39.7711 -13.5005 6
      vertex 39.7711 -13.5005 0
    endloop
  endfacet
  facet normal 0.0980205 -0.995184 0
    outer loop
      vertex 2.74693 -41.9101 0
      vertex 5.4821 -41.6407 6
      vertex 2.74693 -41.9101 6
    endloop
  endfacet
  facet normal 0.0980205 -0.995184 0
    outer loop
      vertex 5.4821 -41.6407 6
      vertex 2.74693 -41.9101 0
      vertex 5.4821 -41.6407 0
    endloop
  endfacet
  facet normal 0.35228 -0.935895 0
    outer loop
      vertex 13.5005 -39.7711 0
      vertex 16.0727 -38.8029 6
      vertex 13.5005 -39.7711 6
    endloop
  endfacet
  facet normal 0.35228 -0.935895 0
    outer loop
      vertex 16.0727 -38.8029 6
      vertex 13.5005 -39.7711 0
      vertex 16.0727 -38.8029 0
    endloop
  endfacet
  facet normal 0.412684 -0.910874 0
    outer loop
      vertex 16.0727 -38.8029 0
      vertex 18.5761 -37.6687 6
      vertex 16.0727 -38.8029 6
    endloop
  endfacet
  facet normal 0.412684 -0.910874 0
    outer loop
      vertex 18.5761 -37.6687 6
      vertex 16.0727 -38.8029 0
      vertex 18.5761 -37.6687 0
    endloop
  endfacet
  facet normal 0.729868 -0.683588 0
    outer loop
      vertex 29.6985 -29.6985 6
      vertex 31.5773 -27.6925 0
      vertex 31.5773 -27.6925 6
    endloop
  endfacet
  facet normal 0.729868 -0.683588 0
    outer loop
      vertex 31.5773 -27.6925 0
      vertex 29.6985 -29.6985 6
      vertex 29.6985 -29.6985 0
    endloop
  endfacet
  facet normal 0.528075 -0.849198 0
    outer loop
      vertex 21 -36.3731 0
      vertex 23.334 -34.9217 6
      vertex 21 -36.3731 6
    endloop
  endfacet
  facet normal 0.528075 -0.849198 0
    outer loop
      vertex 23.334 -34.9217 6
      vertex 21 -36.3731 0
      vertex 23.334 -34.9217 0
    endloop
  endfacet
  facet normal 0.881921 -0.471396 0
    outer loop
      vertex 36.3731 -21 6
      vertex 37.6687 -18.5761 0
      vertex 37.6687 -18.5761 6
    endloop
  endfacet
  facet normal 0.881921 -0.471396 0
    outer loop
      vertex 37.6687 -18.5761 0
      vertex 36.3731 -21 6
      vertex 36.3731 -21 0
    endloop
  endfacet
  facet normal 0.81284 -0.582487 0
    outer loop
      vertex 33.3208 -25.568 6
      vertex 34.9217 -23.334 0
      vertex 34.9217 -23.334 6
    endloop
  endfacet
  facet normal 0.81284 -0.582487 0
    outer loop
      vertex 34.9217 -23.334 0
      vertex 33.3208 -25.568 6
      vertex 33.3208 -25.568 0
    endloop
  endfacet
  facet normal 0.849198 -0.528075 0
    outer loop
      vertex 34.9217 -23.334 6
      vertex 36.3731 -21 0
      vertex 36.3731 -21 6
    endloop
  endfacet
  facet normal 0.849198 -0.528075 0
    outer loop
      vertex 36.3731 -21 0
      vertex 34.9217 -23.334 6
      vertex 34.9217 -23.334 0
    endloop
  endfacet
  facet normal -0.0327099 -0.999465 0
    outer loop
      vertex -2.74693 -41.9101 0
      vertex 0 -42 6
      vertex -2.74693 -41.9101 6
    endloop
  endfacet
  facet normal -0.0327099 -0.999465 -0
    outer loop
      vertex 0 -42 6
      vertex -2.74693 -41.9101 0
      vertex 0 -42 0
    endloop
  endfacet
  facet normal -0.227077 -0.973877 0
    outer loop
      vertex -10.8704 -40.5689 0
      vertex -8.19379 -41.193 6
      vertex -10.8704 -40.5689 6
    endloop
  endfacet
  facet normal -0.227077 -0.973877 -0
    outer loop
      vertex -8.19379 -41.193 6
      vertex -10.8704 -40.5689 0
      vertex -8.19379 -41.193 0
    endloop
  endfacet
  facet normal -0.290274 -0.956944 0
    outer loop
      vertex -13.5005 -39.7711 0
      vertex -10.8704 -40.5689 6
      vertex -13.5005 -39.7711 6
    endloop
  endfacet
  facet normal -0.290274 -0.956944 -0
    outer loop
      vertex -10.8704 -40.5689 6
      vertex -13.5005 -39.7711 0
      vertex -10.8704 -40.5689 0
    endloop
  endfacet
  facet normal -0.582487 -0.81284 0
    outer loop
      vertex -25.568 -33.3208 0
      vertex -23.334 -34.9217 6
      vertex -25.568 -33.3208 6
    endloop
  endfacet
  facet normal -0.582487 -0.81284 -0
    outer loop
      vertex -23.334 -34.9217 6
      vertex -25.568 -33.3208 0
      vertex -23.334 -34.9217 0
    endloop
  endfacet
  facet normal -0.683588 -0.729868 0
    outer loop
      vertex -29.6985 -29.6985 0
      vertex -27.6925 -31.5773 6
      vertex -29.6985 -29.6985 6
    endloop
  endfacet
  facet normal -0.683588 -0.729868 -0
    outer loop
      vertex -27.6925 -31.5773 6
      vertex -29.6985 -29.6985 0
      vertex -27.6925 -31.5773 0
    endloop
  endfacet
  facet normal -0.471396 -0.881921 0
    outer loop
      vertex -21 -36.3731 0
      vertex -18.5761 -37.6687 6
      vertex -21 -36.3731 6
    endloop
  endfacet
  facet normal -0.471396 -0.881921 -0
    outer loop
      vertex -18.5761 -37.6687 6
      vertex -21 -36.3731 0
      vertex -18.5761 -37.6687 0
    endloop
  endfacet
  facet normal -0.412684 -0.910874 0
    outer loop
      vertex -18.5761 -37.6687 0
      vertex -16.0727 -38.8029 6
      vertex -18.5761 -37.6687 6
    endloop
  endfacet
  facet normal -0.412684 -0.910874 -0
    outer loop
      vertex -16.0727 -38.8029 6
      vertex -18.5761 -37.6687 0
      vertex -16.0727 -38.8029 0
    endloop
  endfacet
  facet normal -0.995184 -0.0980205 0
    outer loop
      vertex -41.6407 -5.4821 0
      vertex -41.9101 -2.74693 6
      vertex -41.9101 -2.74693 0
    endloop
  endfacet
  facet normal -0.995184 -0.0980205 0
    outer loop
      vertex -41.9101 -2.74693 6
      vertex -41.6407 -5.4821 0
      vertex -41.6407 -5.4821 6
    endloop
  endfacet
  facet normal -0.986643 -0.162895 0
    outer loop
      vertex -41.193 -8.19379 0
      vertex -41.6407 -5.4821 6
      vertex -41.6407 -5.4821 0
    endloop
  endfacet
  facet normal -0.986643 -0.162895 0
    outer loop
      vertex -41.6407 -5.4821 6
      vertex -41.193 -8.19379 0
      vertex -41.193 -8.19379 6
    endloop
  endfacet
  facet normal -0.999465 -0.0327099 0
    outer loop
      vertex -41.9101 -2.74693 0
      vertex -42 0 6
      vertex -42 0 0
    endloop
  endfacet
  facet normal -0.999465 -0.0327099 0
    outer loop
      vertex -42 0 6
      vertex -41.9101 -2.74693 0
      vertex -41.9101 -2.74693 6
    endloop
  endfacet
  facet normal -0.956944 -0.290274 0
    outer loop
      vertex -39.7711 -13.5005 0
      vertex -40.5689 -10.8704 6
      vertex -40.5689 -10.8704 0
    endloop
  endfacet
  facet normal -0.956944 -0.290274 0
    outer loop
      vertex -40.5689 -10.8704 6
      vertex -39.7711 -13.5005 0
      vertex -39.7711 -13.5005 6
    endloop
  endfacet
  facet normal -0.935895 -0.35228 0
    outer loop
      vertex -38.8029 -16.0727 0
      vertex -39.7711 -13.5005 6
      vertex -39.7711 -13.5005 0
    endloop
  endfacet
  facet normal -0.935895 -0.35228 0
    outer loop
      vertex -39.7711 -13.5005 6
      vertex -38.8029 -16.0727 0
      vertex -38.8029 -16.0727 6
    endloop
  endfacet
  facet normal -0.973877 -0.227077 0
    outer loop
      vertex -40.5689 -10.8704 0
      vertex -41.193 -8.19379 6
      vertex -41.193 -8.19379 0
    endloop
  endfacet
  facet normal -0.973877 -0.227077 0
    outer loop
      vertex -41.193 -8.19379 6
      vertex -40.5689 -10.8704 0
      vertex -40.5689 -10.8704 6
    endloop
  endfacet
  facet normal -0.849198 -0.528075 0
    outer loop
      vertex -34.9217 -23.334 0
      vertex -36.3731 -21 6
      vertex -36.3731 -21 0
    endloop
  endfacet
  facet normal -0.849198 -0.528075 0
    outer loop
      vertex -36.3731 -21 6
      vertex -34.9217 -23.334 0
      vertex -34.9217 -23.334 6
    endloop
  endfacet
  facet normal -0.773016 -0.634386 0
    outer loop
      vertex -31.5773 -27.6925 0
      vertex -33.3208 -25.568 6
      vertex -33.3208 -25.568 0
    endloop
  endfacet
  facet normal -0.773016 -0.634386 0
    outer loop
      vertex -33.3208 -25.568 6
      vertex -31.5773 -27.6925 0
      vertex -31.5773 -27.6925 6
    endloop
  endfacet
  facet normal 0.935895 0.35228 0
    outer loop
      vertex 39.7711 13.5005 6
      vertex 38.8029 16.0727 0
      vertex 38.8029 16.0727 6
    endloop
  endfacet
  facet normal 0.935895 0.35228 0
    outer loop
      vertex 38.8029 16.0727 0
      vertex 39.7711 13.5005 6
      vertex 39.7711 13.5005 0
    endloop
  endfacet
  facet normal 0.683588 0.729868 -0
    outer loop
      vertex 29.6985 29.6985 0
      vertex 27.6925 31.5773 6
      vertex 29.6985 29.6985 6
    endloop
  endfacet
  facet normal 0.683588 0.729868 0
    outer loop
      vertex 27.6925 31.5773 6
      vertex 29.6985 29.6985 0
      vertex 27.6925 31.5773 0
    endloop
  endfacet
  facet normal 0.471396 0.881921 -0
    outer loop
      vertex 21 36.3731 0
      vertex 18.5761 37.6687 6
      vertex 21 36.3731 6
    endloop
  endfacet
  facet normal 0.471396 0.881921 0
    outer loop
      vertex 18.5761 37.6687 6
      vertex 21 36.3731 0
      vertex 18.5761 37.6687 0
    endloop
  endfacet
  facet normal -0.995184 0.0980205 0
    outer loop
      vertex -41.9101 2.74693 0
      vertex -41.6407 5.4821 6
      vertex -41.6407 5.4821 0
    endloop
  endfacet
  facet normal -0.995184 0.0980205 0
    outer loop
      vertex -41.6407 5.4821 6
      vertex -41.9101 2.74693 0
      vertex -41.9101 2.74693 6
    endloop
  endfacet
  facet normal -0.881921 0.471396 0
    outer loop
      vertex -37.6687 18.5761 0
      vertex -36.3731 21 6
      vertex -36.3731 21 0
    endloop
  endfacet
  facet normal -0.881921 0.471396 0
    outer loop
      vertex -36.3731 21 6
      vertex -37.6687 18.5761 0
      vertex -37.6687 18.5761 6
    endloop
  endfacet
  facet normal 0.995184 -0.0980205 0
    outer loop
      vertex 41.6407 -5.4821 6
      vertex 41.9101 -2.74693 0
      vertex 41.9101 -2.74693 6
    endloop
  endfacet
  facet normal 0.995184 -0.0980205 0
    outer loop
      vertex 41.9101 -2.74693 0
      vertex 41.6407 -5.4821 6
      vertex 41.6407 -5.4821 0
    endloop
  endfacet
  facet normal 0.973877 -0.227077 0
    outer loop
      vertex 40.5689 -10.8704 6
      vertex 41.193 -8.19379 0
      vertex 41.193 -8.19379 6
    endloop
  endfacet
  facet normal 0.973877 -0.227077 0
    outer loop
      vertex 41.193 -8.19379 0
      vertex 40.5689 -10.8704 6
      vertex 40.5689 -10.8704 0
    endloop
  endfacet
  facet normal 0.290274 -0.956944 0
    outer loop
      vertex 10.8704 -40.5689 0
      vertex 13.5005 -39.7711 6
      vertex 10.8704 -40.5689 6
    endloop
  endfacet
  facet normal 0.290274 -0.956944 0
    outer loop
      vertex 13.5005 -39.7711 6
      vertex 10.8704 -40.5689 0
      vertex 13.5005 -39.7711 0
    endloop
  endfacet
  facet normal 0.582487 -0.81284 0
    outer loop
      vertex 23.334 -34.9217 0
      vertex 25.568 -33.3208 6
      vertex 23.334 -34.9217 6
    endloop
  endfacet
  facet normal 0.582487 -0.81284 0
    outer loop
      vertex 25.568 -33.3208 6
      vertex 23.334 -34.9217 0
      vertex 25.568 -33.3208 0
    endloop
  endfacet
  facet normal 0.910874 -0.412684 0
    outer loop
      vertex 37.6687 -18.5761 6
      vertex 38.8029 -16.0727 0
      vertex 38.8029 -16.0727 6
    endloop
  endfacet
  facet normal 0.910874 -0.412684 0
    outer loop
      vertex 38.8029 -16.0727 0
      vertex 37.6687 -18.5761 6
      vertex 37.6687 -18.5761 0
    endloop
  endfacet
  facet normal -0.881921 -0.471396 0
    outer loop
      vertex -36.3731 -21 0
      vertex -37.6687 -18.5761 6
      vertex -37.6687 -18.5761 0
    endloop
  endfacet
  facet normal -0.881921 -0.471396 0
    outer loop
      vertex -37.6687 -18.5761 6
      vertex -36.3731 -21 0
      vertex -36.3731 -21 6
    endloop
  endfacet
  facet normal 0.999465 -0.0327099 0
    outer loop
      vertex 41.9101 -2.74693 6
      vertex 42 0 0
      vertex 42 0 6
    endloop
  endfacet
  facet normal 0.999465 -0.0327099 0
    outer loop
      vertex 42 0 0
      vertex 41.9101 -2.74693 6
      vertex 41.9101 -2.74693 0
    endloop
  endfacet
  facet normal -0.882025 -0.471203 0
    outer loop
      vertex 27.9148 1.43744 0
      vertex 27.8146 1.625 6
      vertex 27.8146 1.625 0
    endloop
  endfacet
  facet normal -0.882025 -0.471203 0
    outer loop
      vertex 27.8146 1.625 6
      vertex 27.9148 1.43744 0
      vertex 27.9148 1.43744 6
    endloop
  endfacet
  facet normal -0.352298 -0.935888 0
    outer loop
      vertex 26.0447 3.07752 0
      vertex 26.2437 3.00261 6
      vertex 26.0447 3.07752 6
    endloop
  endfacet
  facet normal -0.352298 -0.935888 -0
    outer loop
      vertex 26.2437 3.00261 6
      vertex 26.0447 3.07752 0
      vertex 26.2437 3.00261 0
    endloop
  endfacet
  facet normal 0.412729 -0.910854 0
    outer loop
      vertex 23.5626 2.91484 0
      vertex 23.7563 3.00261 6
      vertex 23.5626 2.91484 6
    endloop
  endfacet
  facet normal 0.412729 -0.910854 0
    outer loop
      vertex 23.7563 3.00261 6
      vertex 23.5626 2.91484 0
      vertex 23.7563 3.00261 0
    endloop
  endfacet
  facet normal 0.935927 -0.352195 0
    outer loop
      vertex 21.9225 1.04468 6
      vertex 21.9974 1.24372 0
      vertex 21.9974 1.24372 6
    endloop
  endfacet
  facet normal 0.935927 -0.352195 0
    outer loop
      vertex 21.9974 1.24372 0
      vertex 21.9225 1.04468 6
      vertex 21.9225 1.04468 0
    endloop
  endfacet
  facet normal -0.999458 0.032914 0
    outer loop
      vertex 28.243 -0.21256 0
      vertex 28.25 0 6
      vertex 28.25 0 0
    endloop
  endfacet
  facet normal -0.999458 0.032914 0
    outer loop
      vertex 28.25 0 6
      vertex 28.243 -0.21256 0
      vertex 28.243 -0.21256 6
    endloop
  endfacet
  facet normal -0.528053 -0.849211 0
    outer loop
      vertex 26.625 2.81458 0
      vertex 26.8056 2.70228 6
      vertex 26.625 2.81458 6
    endloop
  endfacet
  facet normal -0.528053 -0.849211 -0
    outer loop
      vertex 26.8056 2.70228 6
      vertex 26.625 2.81458 0
      vertex 26.8056 2.70228 0
    endloop
  endfacet
  facet normal 0.995206 -0.0978043 0
    outer loop
      vertex 21.757 0.21256 6
      vertex 21.7778 0.42421 0
      vertex 21.7778 0.42421 6
    endloop
  endfacet
  facet normal 0.995206 -0.0978043 0
    outer loop
      vertex 21.7778 0.42421 0
      vertex 21.757 0.21256 6
      vertex 21.757 0.21256 0
    endloop
  endfacet
  facet normal 0.226977 -0.9739 0
    outer loop
      vertex 24.1588 3.13926 0
      vertex 24.366 3.18755 6
      vertex 24.1588 3.13926 6
    endloop
  endfacet
  facet normal 0.226977 -0.9739 0
    outer loop
      vertex 24.366 3.18755 6
      vertex 24.1588 3.13926 0
      vertex 24.366 3.18755 0
    endloop
  endfacet
  facet normal -0.16295 0.986634 0
    outer loop
      vertex 25.634 -3.18755 0
      vertex 25.4242 -3.2222 6
      vertex 25.634 -3.18755 6
    endloop
  endfacet
  facet normal -0.16295 0.986634 0
    outer loop
      vertex 25.4242 -3.2222 6
      vertex 25.634 -3.18755 0
      vertex 25.4242 -3.2222 0
    endloop
  endfacet
  facet normal -0.935927 -0.352195 0
    outer loop
      vertex 28.0775 1.04468 0
      vertex 28.0026 1.24372 6
      vertex 28.0026 1.24372 0
    endloop
  endfacet
  facet normal -0.935927 -0.352195 0
    outer loop
      vertex 28.0026 1.24372 6
      vertex 28.0775 1.04468 0
      vertex 28.0775 1.04468 6
    endloop
  endfacet
  facet normal -0.812795 -0.582549 0
    outer loop
      vertex 27.7023 1.8056 0
      vertex 27.5784 1.97847 6
      vertex 27.5784 1.97847 0
    endloop
  endfacet
  facet normal -0.812795 -0.582549 0
    outer loop
      vertex 27.5784 1.97847 6
      vertex 27.7023 1.8056 0
      vertex 27.7023 1.8056 6
    endloop
  endfacet
  facet normal -0.683641 -0.729819 0
    outer loop
      vertex 27.1429 2.44348 0
      vertex 27.2981 2.2981 6
      vertex 27.1429 2.44348 6
    endloop
  endfacet
  facet normal -0.683641 -0.729819 -0
    outer loop
      vertex 27.2981 2.2981 6
      vertex 27.1429 2.44348 0
      vertex 27.2981 2.2981 0
    endloop
  endfacet
  facet normal 0.03272 -0.999465 0
    outer loop
      vertex 24.7874 3.24304 0
      vertex 25 3.25 6
      vertex 24.7874 3.24304 6
    endloop
  endfacet
  facet normal 0.03272 -0.999465 0
    outer loop
      vertex 25 3.25 6
      vertex 24.7874 3.24304 0
      vertex 25 3.25 0
    endloop
  endfacet
  facet normal -0.290323 -0.956929 0
    outer loop
      vertex 25.8412 3.13926 0
      vertex 26.0447 3.07752 6
      vertex 25.8412 3.13926 6
    endloop
  endfacet
  facet normal -0.290323 -0.956929 -0
    outer loop
      vertex 26.0447 3.07752 6
      vertex 25.8412 3.13926 0
      vertex 26.0447 3.07752 0
    endloop
  endfacet
  facet normal -0.16295 -0.986634 0
    outer loop
      vertex 25.4242 3.2222 0
      vertex 25.634 3.18755 6
      vertex 25.4242 3.2222 6
    endloop
  endfacet
  facet normal -0.16295 -0.986634 -0
    outer loop
      vertex 25.634 3.18755 6
      vertex 25.4242 3.2222 0
      vertex 25.634 3.18755 0
    endloop
  endfacet
  facet normal -0.582421 -0.812888 0
    outer loop
      vertex 26.8056 2.70228 0
      vertex 26.9785 2.5784 6
      vertex 26.8056 2.70228 6
    endloop
  endfacet
  facet normal -0.582421 -0.812888 -0
    outer loop
      vertex 26.9785 2.5784 6
      vertex 26.8056 2.70228 0
      vertex 26.9785 2.5784 0
    endloop
  endfacet
  facet normal 0.956857 -0.290558 0
    outer loop
      vertex 21.8607 0.841162 6
      vertex 21.9225 1.04468 0
      vertex 21.9225 1.04468 6
    endloop
  endfacet
  facet normal 0.956857 -0.290558 0
    outer loop
      vertex 21.9225 1.04468 0
      vertex 21.8607 0.841162 6
      vertex 21.8607 0.841162 0
    endloop
  endfacet
  facet normal 0.986676 -0.162696 0
    outer loop
      vertex 21.7778 0.42421 6
      vertex 21.8124 0.634043 0
      vertex 21.8124 0.634043 6
    endloop
  endfacet
  facet normal 0.986676 -0.162696 0
    outer loop
      vertex 21.8124 0.634043 0
      vertex 21.7778 0.42421 6
      vertex 21.7778 0.42421 0
    endloop
  endfacet
  facet normal 0.910817 -0.412811 0
    outer loop
      vertex 21.9974 1.24372 6
      vertex 22.0852 1.43744 0
      vertex 22.0852 1.43744 6
    endloop
  endfacet
  facet normal 0.910817 -0.412811 0
    outer loop
      vertex 22.0852 1.43744 0
      vertex 21.9974 1.24372 6
      vertex 21.9974 1.24372 0
    endloop
  endfacet
  facet normal 0.849211 -0.528053 0
    outer loop
      vertex 22.1854 1.625 6
      vertex 22.2977 1.8056 0
      vertex 22.2977 1.8056 6
    endloop
  endfacet
  facet normal 0.849211 -0.528053 0
    outer loop
      vertex 22.2977 1.8056 0
      vertex 22.1854 1.625 6
      vertex 22.1854 1.625 0
    endloop
  endfacet
  facet normal 0.812795 -0.582549 0
    outer loop
      vertex 22.2977 1.8056 6
      vertex 22.4216 1.97847 0
      vertex 22.4216 1.97847 6
    endloop
  endfacet
  facet normal 0.812795 -0.582549 0
    outer loop
      vertex 22.4216 1.97847 0
      vertex 22.2977 1.8056 6
      vertex 22.2977 1.8056 0
    endloop
  endfacet
  facet normal 0.352298 -0.935888 0
    outer loop
      vertex 23.7563 3.00261 0
      vertex 23.9553 3.07752 6
      vertex 23.7563 3.00261 6
    endloop
  endfacet
  facet normal 0.352298 -0.935888 0
    outer loop
      vertex 23.9553 3.07752 6
      vertex 23.7563 3.00261 0
      vertex 23.9553 3.07752 0
    endloop
  endfacet
  facet normal 0.0980135 -0.995185 0
    outer loop
      vertex 24.5758 3.2222 0
      vertex 24.7874 3.24304 6
      vertex 24.5758 3.2222 6
    endloop
  endfacet
  facet normal 0.0980135 -0.995185 0
    outer loop
      vertex 24.7874 3.24304 6
      vertex 24.5758 3.2222 0
      vertex 24.7874 3.24304 0
    endloop
  endfacet
  facet normal 0.582421 -0.812888 0
    outer loop
      vertex 23.0215 2.5784 0
      vertex 23.1944 2.70228 6
      vertex 23.0215 2.5784 6
    endloop
  endfacet
  facet normal 0.582421 -0.812888 0
    outer loop
      vertex 23.1944 2.70228 6
      vertex 23.0215 2.5784 0
      vertex 23.1944 2.70228 0
    endloop
  endfacet
  facet normal 0.471344 -0.881949 0
    outer loop
      vertex 23.375 2.81458 0
      vertex 23.5626 2.91484 6
      vertex 23.375 2.81458 6
    endloop
  endfacet
  facet normal 0.471344 -0.881949 0
    outer loop
      vertex 23.5626 2.91484 6
      vertex 23.375 2.81458 0
      vertex 23.5626 2.91484 0
    endloop
  endfacet
  facet normal 0.729838 -0.68362 0
    outer loop
      vertex 22.5565 2.14287 6
      vertex 22.7019 2.2981 0
      vertex 22.7019 2.2981 6
    endloop
  endfacet
  facet normal 0.729838 -0.68362 0
    outer loop
      vertex 22.7019 2.2981 0
      vertex 22.5565 2.14287 6
      vertex 22.5565 2.14287 0
    endloop
  endfacet
  facet normal -0.999458 -0.032914 0
    outer loop
      vertex 28.25 0 0
      vertex 28.243 0.21256 6
      vertex 28.243 0.21256 0
    endloop
  endfacet
  facet normal -0.999458 -0.032914 0
    outer loop
      vertex 28.243 0.21256 6
      vertex 28.25 0 0
      vertex 28.25 0 6
    endloop
  endfacet
  facet normal -0.97387 0.227106 0
    outer loop
      vertex 28.1393 -0.841162 0
      vertex 28.1876 -0.634043 6
      vertex 28.1876 -0.634043 0
    endloop
  endfacet
  facet normal -0.97387 0.227106 0
    outer loop
      vertex 28.1876 -0.634043 6
      vertex 28.1393 -0.841162 0
      vertex 28.1393 -0.841162 6
    endloop
  endfacet
  facet normal -0.0980135 0.995185 0
    outer loop
      vertex 25.4242 -3.2222 0
      vertex 25.2126 -3.24304 6
      vertex 25.4242 -3.2222 6
    endloop
  endfacet
  facet normal -0.0980135 0.995185 0
    outer loop
      vertex 25.2126 -3.24304 6
      vertex 25.4242 -3.2222 0
      vertex 25.2126 -3.24304 0
    endloop
  endfacet
  facet normal -0.226977 0.9739 0
    outer loop
      vertex 25.8412 -3.13926 0
      vertex 25.634 -3.18755 6
      vertex 25.8412 -3.13926 6
    endloop
  endfacet
  facet normal -0.226977 0.9739 0
    outer loop
      vertex 25.634 -3.18755 6
      vertex 25.8412 -3.13926 0
      vertex 25.634 -3.18755 0
    endloop
  endfacet
  facet normal -0.986676 -0.162696 0
    outer loop
      vertex 28.2222 0.42421 0
      vertex 28.1876 0.634043 6
      vertex 28.1876 0.634043 0
    endloop
  endfacet
  facet normal -0.986676 -0.162696 0
    outer loop
      vertex 28.1876 0.634043 6
      vertex 28.2222 0.42421 0
      vertex 28.2222 0.42421 6
    endloop
  endfacet
  facet normal -0.910817 -0.412811 0
    outer loop
      vertex 28.0026 1.24372 0
      vertex 27.9148 1.43744 6
      vertex 27.9148 1.43744 0
    endloop
  endfacet
  facet normal -0.910817 -0.412811 0
    outer loop
      vertex 27.9148 1.43744 6
      vertex 28.0026 1.24372 0
      vertex 28.0026 1.24372 6
    endloop
  endfacet
  facet normal -0.97387 -0.227106 0
    outer loop
      vertex 28.1876 0.634043 0
      vertex 28.1393 0.841162 6
      vertex 28.1393 0.841162 0
    endloop
  endfacet
  facet normal -0.97387 -0.227106 0
    outer loop
      vertex 28.1393 0.841162 6
      vertex 28.1876 0.634043 0
      vertex 28.1876 0.634043 6
    endloop
  endfacet
  facet normal -0.849211 -0.528053 0
    outer loop
      vertex 27.8146 1.625 0
      vertex 27.7023 1.8056 6
      vertex 27.7023 1.8056 0
    endloop
  endfacet
  facet normal -0.849211 -0.528053 0
    outer loop
      vertex 27.7023 1.8056 6
      vertex 27.8146 1.625 0
      vertex 27.8146 1.625 6
    endloop
  endfacet
  facet normal -0.773056 -0.634338 0
    outer loop
      vertex 27.5784 1.97847 0
      vertex 27.4435 2.14287 6
      vertex 27.4435 2.14287 0
    endloop
  endfacet
  facet normal -0.773056 -0.634338 0
    outer loop
      vertex 27.4435 2.14287 6
      vertex 27.5784 1.97847 0
      vertex 27.5784 1.97847 6
    endloop
  endfacet
  facet normal -0.729838 -0.68362 0
    outer loop
      vertex 27.4435 2.14287 0
      vertex 27.2981 2.2981 6
      vertex 27.2981 2.2981 0
    endloop
  endfacet
  facet normal -0.729838 -0.68362 0
    outer loop
      vertex 27.2981 2.2981 6
      vertex 27.4435 2.14287 0
      vertex 27.4435 2.14287 6
    endloop
  endfacet
  facet normal -0.0980135 -0.995185 0
    outer loop
      vertex 25.2126 3.24304 0
      vertex 25.4242 3.2222 6
      vertex 25.2126 3.24304 6
    endloop
  endfacet
  facet normal -0.0980135 -0.995185 -0
    outer loop
      vertex 25.4242 3.2222 6
      vertex 25.2126 3.24304 0
      vertex 25.4242 3.2222 0
    endloop
  endfacet
  facet normal -0.03272 -0.999465 0
    outer loop
      vertex 25 3.25 0
      vertex 25.2126 3.24304 6
      vertex 25 3.25 6
    endloop
  endfacet
  facet normal -0.03272 -0.999465 -0
    outer loop
      vertex 25.2126 3.24304 6
      vertex 25 3.25 0
      vertex 25.2126 3.24304 0
    endloop
  endfacet
  facet normal -0.226977 -0.9739 0
    outer loop
      vertex 25.634 3.18755 0
      vertex 25.8412 3.13926 6
      vertex 25.634 3.18755 6
    endloop
  endfacet
  facet normal -0.226977 -0.9739 -0
    outer loop
      vertex 25.8412 3.13926 6
      vertex 25.634 3.18755 0
      vertex 25.8412 3.13926 0
    endloop
  endfacet
  facet normal -0.471344 -0.881949 0
    outer loop
      vertex 26.4374 2.91484 0
      vertex 26.625 2.81458 6
      vertex 26.4374 2.91484 6
    endloop
  endfacet
  facet normal -0.471344 -0.881949 -0
    outer loop
      vertex 26.625 2.81458 6
      vertex 26.4374 2.91484 0
      vertex 26.625 2.81458 0
    endloop
  endfacet
  facet normal -0.412729 -0.910854 0
    outer loop
      vertex 26.2437 3.00261 0
      vertex 26.4374 2.91484 6
      vertex 26.2437 3.00261 6
    endloop
  endfacet
  facet normal -0.412729 -0.910854 -0
    outer loop
      vertex 26.4374 2.91484 6
      vertex 26.2437 3.00261 0
      vertex 26.4374 2.91484 0
    endloop
  endfacet
  facet normal -0.634394 -0.77301 0
    outer loop
      vertex 26.9785 2.5784 0
      vertex 27.1429 2.44348 6
      vertex 26.9785 2.5784 6
    endloop
  endfacet
  facet normal -0.634394 -0.77301 -0
    outer loop
      vertex 27.1429 2.44348 6
      vertex 26.9785 2.5784 0
      vertex 27.1429 2.44348 0
    endloop
  endfacet
  facet normal 0.999458 -0.032914 0
    outer loop
      vertex 21.75 0 6
      vertex 21.757 0.21256 0
      vertex 21.757 0.21256 6
    endloop
  endfacet
  facet normal 0.999458 -0.032914 0
    outer loop
      vertex 21.757 0.21256 0
      vertex 21.75 0 6
      vertex 21.75 0 0
    endloop
  endfacet
  facet normal 0.97387 -0.227106 0
    outer loop
      vertex 21.8124 0.634043 6
      vertex 21.8607 0.841162 0
      vertex 21.8607 0.841162 6
    endloop
  endfacet
  facet normal 0.97387 -0.227106 0
    outer loop
      vertex 21.8607 0.841162 0
      vertex 21.8124 0.634043 6
      vertex 21.8124 0.634043 0
    endloop
  endfacet
  facet normal 0.882025 -0.471203 0
    outer loop
      vertex 22.0852 1.43744 6
      vertex 22.1854 1.625 0
      vertex 22.1854 1.625 6
    endloop
  endfacet
  facet normal 0.882025 -0.471203 0
    outer loop
      vertex 22.1854 1.625 0
      vertex 22.0852 1.43744 6
      vertex 22.0852 1.43744 0
    endloop
  endfacet
  facet normal 0.290323 -0.956929 0
    outer loop
      vertex 23.9553 3.07752 0
      vertex 24.1588 3.13926 6
      vertex 23.9553 3.07752 6
    endloop
  endfacet
  facet normal 0.290323 -0.956929 0
    outer loop
      vertex 24.1588 3.13926 6
      vertex 23.9553 3.07752 0
      vertex 24.1588 3.13926 0
    endloop
  endfacet
  facet normal 0.16295 -0.986634 0
    outer loop
      vertex 24.366 3.18755 0
      vertex 24.5758 3.2222 6
      vertex 24.366 3.18755 6
    endloop
  endfacet
  facet normal 0.16295 -0.986634 0
    outer loop
      vertex 24.5758 3.2222 6
      vertex 24.366 3.18755 0
      vertex 24.5758 3.2222 0
    endloop
  endfacet
  facet normal 0.528053 -0.849211 0
    outer loop
      vertex 23.1944 2.70228 0
      vertex 23.375 2.81458 6
      vertex 23.1944 2.70228 6
    endloop
  endfacet
  facet normal 0.528053 -0.849211 0
    outer loop
      vertex 23.375 2.81458 6
      vertex 23.1944 2.70228 0
      vertex 23.375 2.81458 0
    endloop
  endfacet
  facet normal 0.634394 -0.77301 0
    outer loop
      vertex 22.8571 2.44348 0
      vertex 23.0215 2.5784 6
      vertex 22.8571 2.44348 6
    endloop
  endfacet
  facet normal 0.634394 -0.77301 0
    outer loop
      vertex 23.0215 2.5784 6
      vertex 22.8571 2.44348 0
      vertex 23.0215 2.5784 0
    endloop
  endfacet
  facet normal 0.683641 -0.729819 0
    outer loop
      vertex 22.7019 2.2981 0
      vertex 22.8571 2.44348 6
      vertex 22.7019 2.2981 6
    endloop
  endfacet
  facet normal 0.683641 -0.729819 0
    outer loop
      vertex 22.8571 2.44348 6
      vertex 22.7019 2.2981 0
      vertex 22.8571 2.44348 0
    endloop
  endfacet
  facet normal -0.995206 0.0978043 0
    outer loop
      vertex 28.2222 -0.42421 0
      vertex 28.243 -0.21256 6
      vertex 28.243 -0.21256 0
    endloop
  endfacet
  facet normal -0.995206 0.0978043 0
    outer loop
      vertex 28.243 -0.21256 6
      vertex 28.2222 -0.42421 0
      vertex 28.2222 -0.42421 6
    endloop
  endfacet
  facet normal 0.995206 0.0978043 0
    outer loop
      vertex 21.7778 -0.42421 6
      vertex 21.757 -0.21256 0
      vertex 21.757 -0.21256 6
    endloop
  endfacet
  facet normal 0.995206 0.0978043 0
    outer loop
      vertex 21.757 -0.21256 0
      vertex 21.7778 -0.42421 6
      vertex 21.7778 -0.42421 0
    endloop
  endfacet
  facet normal 0.935927 0.352195 0
    outer loop
      vertex 21.9974 -1.24372 6
      vertex 21.9225 -1.04468 0
      vertex 21.9225 -1.04468 6
    endloop
  endfacet
  facet normal 0.935927 0.352195 0
    outer loop
      vertex 21.9225 -1.04468 0
      vertex 21.9974 -1.24372 6
      vertex 21.9974 -1.24372 0
    endloop
  endfacet
  facet normal -0.412729 0.910854 0
    outer loop
      vertex 26.4374 -2.91484 0
      vertex 26.2437 -3.00261 6
      vertex 26.4374 -2.91484 6
    endloop
  endfacet
  facet normal -0.412729 0.910854 0
    outer loop
      vertex 26.2437 -3.00261 6
      vertex 26.4374 -2.91484 0
      vertex 26.2437 -3.00261 0
    endloop
  endfacet
  facet normal -0.956857 -0.290558 0
    outer loop
      vertex 28.1393 0.841162 0
      vertex 28.0775 1.04468 6
      vertex 28.0775 1.04468 0
    endloop
  endfacet
  facet normal -0.956857 -0.290558 0
    outer loop
      vertex 28.0775 1.04468 6
      vertex 28.1393 0.841162 0
      vertex 28.1393 0.841162 6
    endloop
  endfacet
  facet normal -0.995206 -0.0978043 0
    outer loop
      vertex 28.243 0.21256 0
      vertex 28.2222 0.42421 6
      vertex 28.2222 0.42421 0
    endloop
  endfacet
  facet normal -0.995206 -0.0978043 0
    outer loop
      vertex 28.2222 0.42421 6
      vertex 28.243 0.21256 0
      vertex 28.243 0.21256 6
    endloop
  endfacet
  facet normal 0.999458 0.032914 0
    outer loop
      vertex 21.757 -0.21256 6
      vertex 21.75 0 0
      vertex 21.75 0 6
    endloop
  endfacet
  facet normal 0.999458 0.032914 0
    outer loop
      vertex 21.75 0 0
      vertex 21.757 -0.21256 6
      vertex 21.757 -0.21256 0
    endloop
  endfacet
  facet normal 0.773056 -0.634338 0
    outer loop
      vertex 22.4216 1.97847 6
      vertex 22.5565 2.14287 0
      vertex 22.5565 2.14287 6
    endloop
  endfacet
  facet normal 0.773056 -0.634338 0
    outer loop
      vertex 22.5565 2.14287 0
      vertex 22.4216 1.97847 6
      vertex 22.4216 1.97847 0
    endloop
  endfacet
  facet normal -0.986676 0.162696 0
    outer loop
      vertex 28.1876 -0.634043 0
      vertex 28.2222 -0.42421 6
      vertex 28.2222 -0.42421 0
    endloop
  endfacet
  facet normal -0.986676 0.162696 0
    outer loop
      vertex 28.2222 -0.42421 6
      vertex 28.1876 -0.634043 0
      vertex 28.1876 -0.634043 6
    endloop
  endfacet
  facet normal -0.882025 0.471203 0
    outer loop
      vertex 27.8146 -1.625 0
      vertex 27.9148 -1.43744 6
      vertex 27.9148 -1.43744 0
    endloop
  endfacet
  facet normal -0.882025 0.471203 0
    outer loop
      vertex 27.9148 -1.43744 6
      vertex 27.8146 -1.625 0
      vertex 27.8146 -1.625 6
    endloop
  endfacet
  facet normal -0.935927 0.352195 0
    outer loop
      vertex 28.0026 -1.24372 0
      vertex 28.0775 -1.04468 6
      vertex 28.0775 -1.04468 0
    endloop
  endfacet
  facet normal -0.935927 0.352195 0
    outer loop
      vertex 28.0775 -1.04468 6
      vertex 28.0026 -1.24372 0
      vertex 28.0026 -1.24372 6
    endloop
  endfacet
  facet normal -0.471344 0.881949 0
    outer loop
      vertex 26.625 -2.81458 0
      vertex 26.4374 -2.91484 6
      vertex 26.625 -2.81458 6
    endloop
  endfacet
  facet normal -0.471344 0.881949 0
    outer loop
      vertex 26.4374 -2.91484 6
      vertex 26.625 -2.81458 0
      vertex 26.4374 -2.91484 0
    endloop
  endfacet
  facet normal -0.528053 0.849211 0
    outer loop
      vertex 26.8056 -2.70228 0
      vertex 26.625 -2.81458 6
      vertex 26.8056 -2.70228 6
    endloop
  endfacet
  facet normal -0.528053 0.849211 0
    outer loop
      vertex 26.625 -2.81458 6
      vertex 26.8056 -2.70228 0
      vertex 26.625 -2.81458 0
    endloop
  endfacet
  facet normal -0.773056 0.634338 0
    outer loop
      vertex 27.4435 -2.14287 0
      vertex 27.5784 -1.97847 6
      vertex 27.5784 -1.97847 0
    endloop
  endfacet
  facet normal -0.773056 0.634338 0
    outer loop
      vertex 27.5784 -1.97847 6
      vertex 27.4435 -2.14287 0
      vertex 27.4435 -2.14287 6
    endloop
  endfacet
  facet normal 0.471344 0.881949 -0
    outer loop
      vertex 23.5626 -2.91484 0
      vertex 23.375 -2.81458 6
      vertex 23.5626 -2.91484 6
    endloop
  endfacet
  facet normal 0.471344 0.881949 0
    outer loop
      vertex 23.375 -2.81458 6
      vertex 23.5626 -2.91484 0
      vertex 23.375 -2.81458 0
    endloop
  endfacet
  facet normal -0.03272 0.999465 0
    outer loop
      vertex 25.2126 -3.24304 0
      vertex 25 -3.25 6
      vertex 25.2126 -3.24304 6
    endloop
  endfacet
  facet normal -0.03272 0.999465 0
    outer loop
      vertex 25 -3.25 6
      vertex 25.2126 -3.24304 0
      vertex 25 -3.25 0
    endloop
  endfacet
  facet normal 0.956857 0.290558 0
    outer loop
      vertex 21.9225 -1.04468 6
      vertex 21.8607 -0.841162 0
      vertex 21.8607 -0.841162 6
    endloop
  endfacet
  facet normal 0.956857 0.290558 0
    outer loop
      vertex 21.8607 -0.841162 0
      vertex 21.9225 -1.04468 6
      vertex 21.9225 -1.04468 0
    endloop
  endfacet
  facet normal 0.910817 0.412811 0
    outer loop
      vertex 22.0852 -1.43744 6
      vertex 21.9974 -1.24372 0
      vertex 21.9974 -1.24372 6
    endloop
  endfacet
  facet normal 0.910817 0.412811 0
    outer loop
      vertex 21.9974 -1.24372 0
      vertex 22.0852 -1.43744 6
      vertex 22.0852 -1.43744 0
    endloop
  endfacet
  facet normal -0.290323 0.956929 0
    outer loop
      vertex 26.0447 -3.07752 0
      vertex 25.8412 -3.13926 6
      vertex 26.0447 -3.07752 6
    endloop
  endfacet
  facet normal -0.290323 0.956929 0
    outer loop
      vertex 25.8412 -3.13926 6
      vertex 26.0447 -3.07752 0
      vertex 25.8412 -3.13926 0
    endloop
  endfacet
  facet normal -0.956857 0.290558 0
    outer loop
      vertex 28.0775 -1.04468 0
      vertex 28.1393 -0.841162 6
      vertex 28.1393 -0.841162 0
    endloop
  endfacet
  facet normal -0.956857 0.290558 0
    outer loop
      vertex 28.1393 -0.841162 6
      vertex 28.0775 -1.04468 0
      vertex 28.0775 -1.04468 6
    endloop
  endfacet
  facet normal -0.910817 0.412811 0
    outer loop
      vertex 27.9148 -1.43744 0
      vertex 28.0026 -1.24372 6
      vertex 28.0026 -1.24372 0
    endloop
  endfacet
  facet normal -0.910817 0.412811 0
    outer loop
      vertex 28.0026 -1.24372 6
      vertex 27.9148 -1.43744 0
      vertex 27.9148 -1.43744 6
    endloop
  endfacet
  facet normal -0.729838 0.68362 0
    outer loop
      vertex 27.2981 -2.2981 0
      vertex 27.4435 -2.14287 6
      vertex 27.4435 -2.14287 0
    endloop
  endfacet
  facet normal -0.729838 0.68362 0
    outer loop
      vertex 27.4435 -2.14287 6
      vertex 27.2981 -2.2981 0
      vertex 27.2981 -2.2981 6
    endloop
  endfacet
  facet normal -0.812795 0.582549 0
    outer loop
      vertex 27.5784 -1.97847 0
      vertex 27.7023 -1.8056 6
      vertex 27.7023 -1.8056 0
    endloop
  endfacet
  facet normal -0.812795 0.582549 0
    outer loop
      vertex 27.7023 -1.8056 6
      vertex 27.5784 -1.97847 0
      vertex 27.5784 -1.97847 6
    endloop
  endfacet
  facet normal -0.849211 0.528053 0
    outer loop
      vertex 27.7023 -1.8056 0
      vertex 27.8146 -1.625 6
      vertex 27.8146 -1.625 0
    endloop
  endfacet
  facet normal -0.849211 0.528053 0
    outer loop
      vertex 27.8146 -1.625 6
      vertex 27.7023 -1.8056 0
      vertex 27.7023 -1.8056 6
    endloop
  endfacet
  facet normal 0.634394 0.77301 -0
    outer loop
      vertex 23.0215 -2.5784 0
      vertex 22.8571 -2.44348 6
      vertex 23.0215 -2.5784 6
    endloop
  endfacet
  facet normal 0.634394 0.77301 0
    outer loop
      vertex 22.8571 -2.44348 6
      vertex 23.0215 -2.5784 0
      vertex 22.8571 -2.44348 0
    endloop
  endfacet
  facet normal 0.0980135 0.995185 -0
    outer loop
      vertex 24.7874 -3.24304 0
      vertex 24.5758 -3.2222 6
      vertex 24.7874 -3.24304 6
    endloop
  endfacet
  facet normal 0.0980135 0.995185 0
    outer loop
      vertex 24.5758 -3.2222 6
      vertex 24.7874 -3.24304 0
      vertex 24.5758 -3.2222 0
    endloop
  endfacet
  facet normal 0.882025 0.471203 0
    outer loop
      vertex 22.1854 -1.625 6
      vertex 22.0852 -1.43744 0
      vertex 22.0852 -1.43744 6
    endloop
  endfacet
  facet normal 0.882025 0.471203 0
    outer loop
      vertex 22.0852 -1.43744 0
      vertex 22.1854 -1.625 6
      vertex 22.1854 -1.625 0
    endloop
  endfacet
  facet normal 0.812795 0.582549 0
    outer loop
      vertex 22.4216 -1.97847 6
      vertex 22.2977 -1.8056 0
      vertex 22.2977 -1.8056 6
    endloop
  endfacet
  facet normal 0.812795 0.582549 0
    outer loop
      vertex 22.2977 -1.8056 0
      vertex 22.4216 -1.97847 6
      vertex 22.4216 -1.97847 0
    endloop
  endfacet
  facet normal 0.683641 0.729819 -0
    outer loop
      vertex 22.8571 -2.44348 0
      vertex 22.7019 -2.2981 6
      vertex 22.8571 -2.44348 6
    endloop
  endfacet
  facet normal 0.683641 0.729819 0
    outer loop
      vertex 22.7019 -2.2981 6
      vertex 22.8571 -2.44348 0
      vertex 22.7019 -2.2981 0
    endloop
  endfacet
  facet normal 0.729838 0.68362 0
    outer loop
      vertex 22.7019 -2.2981 6
      vertex 22.5565 -2.14287 0
      vertex 22.5565 -2.14287 6
    endloop
  endfacet
  facet normal 0.729838 0.68362 0
    outer loop
      vertex 22.5565 -2.14287 0
      vertex 22.7019 -2.2981 6
      vertex 22.7019 -2.2981 0
    endloop
  endfacet
  facet normal 0.986676 0.162696 0
    outer loop
      vertex 21.8124 -0.634043 6
      vertex 21.7778 -0.42421 0
      vertex 21.7778 -0.42421 6
    endloop
  endfacet
  facet normal 0.986676 0.162696 0
    outer loop
      vertex 21.7778 -0.42421 0
      vertex 21.8124 -0.634043 6
      vertex 21.8124 -0.634043 0
    endloop
  endfacet
  facet normal 0.97387 0.227106 0
    outer loop
      vertex 21.8607 -0.841162 6
      vertex 21.8124 -0.634043 0
      vertex 21.8124 -0.634043 6
    endloop
  endfacet
  facet normal 0.97387 0.227106 0
    outer loop
      vertex 21.8124 -0.634043 0
      vertex 21.8607 -0.841162 6
      vertex 21.8607 -0.841162 0
    endloop
  endfacet
  facet normal -0.352298 0.935888 0
    outer loop
      vertex 26.2437 -3.00261 0
      vertex 26.0447 -3.07752 6
      vertex 26.2437 -3.00261 6
    endloop
  endfacet
  facet normal -0.352298 0.935888 0
    outer loop
      vertex 26.0447 -3.07752 6
      vertex 26.2437 -3.00261 0
      vertex 26.0447 -3.07752 0
    endloop
  endfacet
  facet normal -0.582421 0.812888 0
    outer loop
      vertex 26.9785 -2.5784 0
      vertex 26.8056 -2.70228 6
      vertex 26.9785 -2.5784 6
    endloop
  endfacet
  facet normal -0.582421 0.812888 0
    outer loop
      vertex 26.8056 -2.70228 6
      vertex 26.9785 -2.5784 0
      vertex 26.8056 -2.70228 0
    endloop
  endfacet
  facet normal -0.634394 0.77301 0
    outer loop
      vertex 27.1429 -2.44348 0
      vertex 26.9785 -2.5784 6
      vertex 27.1429 -2.44348 6
    endloop
  endfacet
  facet normal -0.634394 0.77301 0
    outer loop
      vertex 26.9785 -2.5784 6
      vertex 27.1429 -2.44348 0
      vertex 26.9785 -2.5784 0
    endloop
  endfacet
  facet normal 0.528053 0.849211 -0
    outer loop
      vertex 23.375 -2.81458 0
      vertex 23.1944 -2.70228 6
      vertex 23.375 -2.81458 6
    endloop
  endfacet
  facet normal 0.528053 0.849211 0
    outer loop
      vertex 23.1944 -2.70228 6
      vertex 23.375 -2.81458 0
      vertex 23.1944 -2.70228 0
    endloop
  endfacet
  facet normal 0.582421 0.812888 -0
    outer loop
      vertex 23.1944 -2.70228 0
      vertex 23.0215 -2.5784 6
      vertex 23.1944 -2.70228 6
    endloop
  endfacet
  facet normal 0.582421 0.812888 0
    outer loop
      vertex 23.0215 -2.5784 6
      vertex 23.1944 -2.70228 0
      vertex 23.0215 -2.5784 0
    endloop
  endfacet
  facet normal 0.352298 0.935888 -0
    outer loop
      vertex 23.9553 -3.07752 0
      vertex 23.7563 -3.00261 6
      vertex 23.9553 -3.07752 6
    endloop
  endfacet
  facet normal 0.352298 0.935888 0
    outer loop
      vertex 23.7563 -3.00261 6
      vertex 23.9553 -3.07752 0
      vertex 23.7563 -3.00261 0
    endloop
  endfacet
  facet normal 0.226977 0.9739 -0
    outer loop
      vertex 24.366 -3.18755 0
      vertex 24.1588 -3.13926 6
      vertex 24.366 -3.18755 6
    endloop
  endfacet
  facet normal 0.226977 0.9739 0
    outer loop
      vertex 24.1588 -3.13926 6
      vertex 24.366 -3.18755 0
      vertex 24.1588 -3.13926 0
    endloop
  endfacet
  facet normal 0.03272 0.999465 -0
    outer loop
      vertex 25 -3.25 0
      vertex 24.7874 -3.24304 6
      vertex 25 -3.25 6
    endloop
  endfacet
  facet normal 0.03272 0.999465 0
    outer loop
      vertex 24.7874 -3.24304 6
      vertex 25 -3.25 0
      vertex 24.7874 -3.24304 0
    endloop
  endfacet
  facet normal 0.849211 0.528053 0
    outer loop
      vertex 22.2977 -1.8056 6
      vertex 22.1854 -1.625 0
      vertex 22.1854 -1.625 6
    endloop
  endfacet
  facet normal 0.849211 0.528053 0
    outer loop
      vertex 22.1854 -1.625 0
      vertex 22.2977 -1.8056 6
      vertex 22.2977 -1.8056 0
    endloop
  endfacet
  facet normal 0.773056 0.634338 0
    outer loop
      vertex 22.5565 -2.14287 6
      vertex 22.4216 -1.97847 0
      vertex 22.4216 -1.97847 6
    endloop
  endfacet
  facet normal 0.773056 0.634338 0
    outer loop
      vertex 22.4216 -1.97847 0
      vertex 22.5565 -2.14287 6
      vertex 22.5565 -2.14287 0
    endloop
  endfacet
  facet normal -0.683641 0.729819 0
    outer loop
      vertex 27.2981 -2.2981 0
      vertex 27.1429 -2.44348 6
      vertex 27.2981 -2.2981 6
    endloop
  endfacet
  facet normal -0.683641 0.729819 0
    outer loop
      vertex 27.1429 -2.44348 6
      vertex 27.2981 -2.2981 0
      vertex 27.1429 -2.44348 0
    endloop
  endfacet
  facet normal 0.412729 0.910854 -0
    outer loop
      vertex 23.7563 -3.00261 0
      vertex 23.5626 -2.91484 6
      vertex 23.7563 -3.00261 6
    endloop
  endfacet
  facet normal 0.412729 0.910854 0
    outer loop
      vertex 23.5626 -2.91484 6
      vertex 23.7563 -3.00261 0
      vertex 23.5626 -2.91484 0
    endloop
  endfacet
  facet normal 0.290323 0.956929 -0
    outer loop
      vertex 24.1588 -3.13926 0
      vertex 23.9553 -3.07752 6
      vertex 24.1588 -3.13926 6
    endloop
  endfacet
  facet normal 0.290323 0.956929 0
    outer loop
      vertex 23.9553 -3.07752 6
      vertex 24.1588 -3.13926 0
      vertex 23.9553 -3.07752 0
    endloop
  endfacet
  facet normal 0.16295 0.986634 -0
    outer loop
      vertex 24.5758 -3.2222 0
      vertex 24.366 -3.18755 6
      vertex 24.5758 -3.2222 6
    endloop
  endfacet
  facet normal 0.16295 0.986634 0
    outer loop
      vertex 24.366 -3.18755 6
      vertex 24.5758 -3.2222 0
      vertex 24.366 -3.18755 0
    endloop
  endfacet
  facet normal 0.471203 -0.882025 0
    outer loop
      vertex -1.625 27.8146 0
      vertex -1.43744 27.9148 6
      vertex -1.625 27.8146 6
    endloop
  endfacet
  facet normal 0.471203 -0.882025 0
    outer loop
      vertex -1.43744 27.9148 6
      vertex -1.625 27.8146 0
      vertex -1.43744 27.9148 0
    endloop
  endfacet
  facet normal 0.935888 -0.352298 0
    outer loop
      vertex -3.07752 26.0447 6
      vertex -3.00261 26.2437 0
      vertex -3.00261 26.2437 6
    endloop
  endfacet
  facet normal 0.935888 -0.352298 0
    outer loop
      vertex -3.00261 26.2437 0
      vertex -3.07752 26.0447 6
      vertex -3.07752 26.0447 0
    endloop
  endfacet
  facet normal -0.0978043 -0.995206 0
    outer loop
      vertex 0.21256 28.243 0
      vertex 0.42421 28.2222 6
      vertex 0.21256 28.243 6
    endloop
  endfacet
  facet normal -0.0978043 -0.995206 -0
    outer loop
      vertex 0.42421 28.2222 6
      vertex 0.21256 28.243 0
      vertex 0.42421 28.2222 0
    endloop
  endfacet
  facet normal 0.849211 -0.528053 0
    outer loop
      vertex -2.81458 26.625 6
      vertex -2.70228 26.8056 0
      vertex -2.70228 26.8056 6
    endloop
  endfacet
  facet normal 0.849211 -0.528053 0
    outer loop
      vertex -2.70228 26.8056 0
      vertex -2.81458 26.625 6
      vertex -2.81458 26.625 0
    endloop
  endfacet
  facet normal 0.0978043 0.995206 -0
    outer loop
      vertex -0.21256 21.757 0
      vertex -0.42421 21.7778 6
      vertex -0.21256 21.757 6
    endloop
  endfacet
  facet normal 0.0978043 0.995206 0
    outer loop
      vertex -0.42421 21.7778 6
      vertex -0.21256 21.757 0
      vertex -0.42421 21.7778 0
    endloop
  endfacet
  facet normal 0.634338 0.773056 -0
    outer loop
      vertex -1.97847 22.4216 0
      vertex -2.14287 22.5565 6
      vertex -1.97847 22.4216 6
    endloop
  endfacet
  facet normal 0.634338 0.773056 0
    outer loop
      vertex -2.14287 22.5565 6
      vertex -1.97847 22.4216 0
      vertex -2.14287 22.5565 0
    endloop
  endfacet
  facet normal 0.352195 -0.935927 0
    outer loop
      vertex -1.24372 28.0026 0
      vertex -1.04468 28.0775 6
      vertex -1.24372 28.0026 6
    endloop
  endfacet
  facet normal 0.352195 -0.935927 0
    outer loop
      vertex -1.04468 28.0775 6
      vertex -1.24372 28.0026 0
      vertex -1.04468 28.0775 0
    endloop
  endfacet
  facet normal 0.582549 -0.812795 0
    outer loop
      vertex -1.97847 27.5784 0
      vertex -1.8056 27.7023 6
      vertex -1.97847 27.5784 6
    endloop
  endfacet
  facet normal 0.582549 -0.812795 0
    outer loop
      vertex -1.8056 27.7023 6
      vertex -1.97847 27.5784 0
      vertex -1.8056 27.7023 0
    endloop
  endfacet
  facet normal 0.729819 -0.683641 0
    outer loop
      vertex -2.44348 27.1429 6
      vertex -2.2981 27.2981 0
      vertex -2.2981 27.2981 6
    endloop
  endfacet
  facet normal 0.729819 -0.683641 0
    outer loop
      vertex -2.2981 27.2981 0
      vertex -2.44348 27.1429 6
      vertex -2.44348 27.1429 0
    endloop
  endfacet
  facet normal 0.956929 -0.290323 0
    outer loop
      vertex -3.13926 25.8412 6
      vertex -3.07752 26.0447 0
      vertex -3.07752 26.0447 6
    endloop
  endfacet
  facet normal 0.956929 -0.290323 0
    outer loop
      vertex -3.07752 26.0447 0
      vertex -3.13926 25.8412 6
      vertex -3.13926 25.8412 0
    endloop
  endfacet
  facet normal 0.986634 -0.16295 0
    outer loop
      vertex -3.2222 25.4242 6
      vertex -3.18755 25.634 0
      vertex -3.18755 25.634 6
    endloop
  endfacet
  facet normal 0.986634 -0.16295 0
    outer loop
      vertex -3.18755 25.634 0
      vertex -3.2222 25.4242 6
      vertex -3.2222 25.4242 0
    endloop
  endfacet
  facet normal 0.812888 -0.582421 0
    outer loop
      vertex -2.70228 26.8056 6
      vertex -2.5784 26.9785 0
      vertex -2.5784 26.9785 6
    endloop
  endfacet
  facet normal 0.812888 -0.582421 0
    outer loop
      vertex -2.5784 26.9785 0
      vertex -2.70228 26.8056 6
      vertex -2.70228 26.8056 0
    endloop
  endfacet
  facet normal -0.032914 0.999458 0
    outer loop
      vertex 0.21256 21.757 0
      vertex 0 21.75 6
      vertex 0.21256 21.757 6
    endloop
  endfacet
  facet normal -0.032914 0.999458 0
    outer loop
      vertex 0 21.75 6
      vertex 0.21256 21.757 0
      vertex 0 21.75 0
    endloop
  endfacet
  facet normal 0.290558 0.956857 -0
    outer loop
      vertex -0.841162 21.8607 0
      vertex -1.04468 21.9225 6
      vertex -0.841162 21.8607 6
    endloop
  endfacet
  facet normal 0.290558 0.956857 0
    outer loop
      vertex -1.04468 21.9225 6
      vertex -0.841162 21.8607 0
      vertex -1.04468 21.9225 0
    endloop
  endfacet
  facet normal 0.162696 0.986676 -0
    outer loop
      vertex -0.42421 21.7778 0
      vertex -0.634043 21.8124 6
      vertex -0.42421 21.7778 6
    endloop
  endfacet
  facet normal 0.162696 0.986676 0
    outer loop
      vertex -0.634043 21.8124 6
      vertex -0.42421 21.7778 0
      vertex -0.634043 21.8124 0
    endloop
  endfacet
  facet normal 0.995185 0.0980135 0
    outer loop
      vertex -3.2222 24.5758 6
      vertex -3.24304 24.7874 0
      vertex -3.24304 24.7874 6
    endloop
  endfacet
  facet normal 0.995185 0.0980135 0
    outer loop
      vertex -3.24304 24.7874 0
      vertex -3.2222 24.5758 6
      vertex -3.2222 24.5758 0
    endloop
  endfacet
  facet normal 0.032914 -0.999458 0
    outer loop
      vertex -0.21256 28.243 0
      vertex 0 28.25 6
      vertex -0.21256 28.243 6
    endloop
  endfacet
  facet normal 0.032914 -0.999458 0
    outer loop
      vertex 0 28.25 6
      vertex -0.21256 28.243 0
      vertex 0 28.25 0
    endloop
  endfacet
  facet normal -0.999465 -0.03272 0
    outer loop
      vertex 3.25 25 0
      vertex 3.24304 25.2126 6
      vertex 3.24304 25.2126 0
    endloop
  endfacet
  facet normal -0.999465 -0.03272 0
    outer loop
      vertex 3.24304 25.2126 6
      vertex 3.25 25 0
      vertex 3.25 25 6
    endloop
  endfacet
  facet normal -0.290558 0.956857 0
    outer loop
      vertex 1.04468 21.9225 0
      vertex 0.841162 21.8607 6
      vertex 1.04468 21.9225 6
    endloop
  endfacet
  facet normal -0.290558 0.956857 0
    outer loop
      vertex 0.841162 21.8607 6
      vertex 1.04468 21.9225 0
      vertex 0.841162 21.8607 0
    endloop
  endfacet
  facet normal -0.910854 -0.412729 0
    outer loop
      vertex 3.00261 26.2437 0
      vertex 2.91484 26.4374 6
      vertex 2.91484 26.4374 0
    endloop
  endfacet
  facet normal -0.910854 -0.412729 0
    outer loop
      vertex 2.91484 26.4374 6
      vertex 3.00261 26.2437 0
      vertex 3.00261 26.2437 6
    endloop
  endfacet
  facet normal 0.162696 -0.986676 0
    outer loop
      vertex -0.634043 28.1876 0
      vertex -0.42421 28.2222 6
      vertex -0.634043 28.1876 6
    endloop
  endfacet
  facet normal 0.162696 -0.986676 0
    outer loop
      vertex -0.42421 28.2222 6
      vertex -0.634043 28.1876 0
      vertex -0.42421 28.2222 0
    endloop
  endfacet
  facet normal 0.412811 -0.910817 0
    outer loop
      vertex -1.43744 27.9148 0
      vertex -1.24372 28.0026 6
      vertex -1.43744 27.9148 6
    endloop
  endfacet
  facet normal 0.412811 -0.910817 0
    outer loop
      vertex -1.24372 28.0026 6
      vertex -1.43744 27.9148 0
      vertex -1.24372 28.0026 0
    endloop
  endfacet
  facet normal 0.227106 -0.97387 0
    outer loop
      vertex -0.841162 28.1393 0
      vertex -0.634043 28.1876 6
      vertex -0.841162 28.1393 6
    endloop
  endfacet
  facet normal 0.227106 -0.97387 0
    outer loop
      vertex -0.634043 28.1876 6
      vertex -0.841162 28.1393 0
      vertex -0.634043 28.1876 0
    endloop
  endfacet
  facet normal 0.528053 -0.849211 0
    outer loop
      vertex -1.8056 27.7023 0
      vertex -1.625 27.8146 6
      vertex -1.8056 27.7023 6
    endloop
  endfacet
  facet normal 0.528053 -0.849211 0
    outer loop
      vertex -1.625 27.8146 6
      vertex -1.8056 27.7023 0
      vertex -1.625 27.8146 0
    endloop
  endfacet
  facet normal 0.634338 -0.773056 0
    outer loop
      vertex -2.14287 27.4435 0
      vertex -1.97847 27.5784 6
      vertex -2.14287 27.4435 6
    endloop
  endfacet
  facet normal 0.634338 -0.773056 0
    outer loop
      vertex -1.97847 27.5784 6
      vertex -2.14287 27.4435 0
      vertex -1.97847 27.5784 0
    endloop
  endfacet
  facet normal 0.68362 -0.729838 0
    outer loop
      vertex -2.2981 27.2981 0
      vertex -2.14287 27.4435 6
      vertex -2.2981 27.2981 6
    endloop
  endfacet
  facet normal 0.68362 -0.729838 0
    outer loop
      vertex -2.14287 27.4435 6
      vertex -2.2981 27.2981 0
      vertex -2.14287 27.4435 0
    endloop
  endfacet
  facet normal 0.995185 -0.0980135 0
    outer loop
      vertex -3.24304 25.2126 6
      vertex -3.2222 25.4242 0
      vertex -3.2222 25.4242 6
    endloop
  endfacet
  facet normal 0.995185 -0.0980135 0
    outer loop
      vertex -3.2222 25.4242 0
      vertex -3.24304 25.2126 6
      vertex -3.24304 25.2126 0
    endloop
  endfacet
  facet normal 0.999465 -0.03272 0
    outer loop
      vertex -3.25 25 6
      vertex -3.24304 25.2126 0
      vertex -3.24304 25.2126 6
    endloop
  endfacet
  facet normal 0.999465 -0.03272 0
    outer loop
      vertex -3.24304 25.2126 0
      vertex -3.25 25 6
      vertex -3.25 25 0
    endloop
  endfacet
  facet normal 0.999465 0.03272 0
    outer loop
      vertex -3.24304 24.7874 6
      vertex -3.25 25 0
      vertex -3.25 25 6
    endloop
  endfacet
  facet normal 0.999465 0.03272 0
    outer loop
      vertex -3.25 25 0
      vertex -3.24304 24.7874 6
      vertex -3.24304 24.7874 0
    endloop
  endfacet
  facet normal 0.9739 -0.226977 0
    outer loop
      vertex -3.18755 25.634 6
      vertex -3.13926 25.8412 0
      vertex -3.13926 25.8412 6
    endloop
  endfacet
  facet normal 0.9739 -0.226977 0
    outer loop
      vertex -3.13926 25.8412 0
      vertex -3.18755 25.634 6
      vertex -3.18755 25.634 0
    endloop
  endfacet
  facet normal 0.881949 -0.471344 0
    outer loop
      vertex -2.91484 26.4374 6
      vertex -2.81458 26.625 0
      vertex -2.81458 26.625 6
    endloop
  endfacet
  facet normal 0.881949 -0.471344 0
    outer loop
      vertex -2.81458 26.625 0
      vertex -2.91484 26.4374 6
      vertex -2.91484 26.4374 0
    endloop
  endfacet
  facet normal 0.910854 -0.412729 0
    outer loop
      vertex -3.00261 26.2437 6
      vertex -2.91484 26.4374 0
      vertex -2.91484 26.4374 6
    endloop
  endfacet
  facet normal 0.910854 -0.412729 0
    outer loop
      vertex -2.91484 26.4374 0
      vertex -3.00261 26.2437 6
      vertex -3.00261 26.2437 0
    endloop
  endfacet
  facet normal 0.77301 -0.634394 0
    outer loop
      vertex -2.5784 26.9785 6
      vertex -2.44348 27.1429 0
      vertex -2.44348 27.1429 6
    endloop
  endfacet
  facet normal 0.77301 -0.634394 0
    outer loop
      vertex -2.44348 27.1429 0
      vertex -2.5784 26.9785 6
      vertex -2.5784 26.9785 0
    endloop
  endfacet
  facet normal 0.032914 0.999458 -0
    outer loop
      vertex 0 21.75 0
      vertex -0.21256 21.757 6
      vertex 0 21.75 6
    endloop
  endfacet
  facet normal 0.032914 0.999458 0
    outer loop
      vertex -0.21256 21.757 6
      vertex 0 21.75 0
      vertex -0.21256 21.757 0
    endloop
  endfacet
  facet normal 0.227106 0.97387 -0
    outer loop
      vertex -0.634043 21.8124 0
      vertex -0.841162 21.8607 6
      vertex -0.634043 21.8124 6
    endloop
  endfacet
  facet normal 0.227106 0.97387 0
    outer loop
      vertex -0.841162 21.8607 6
      vertex -0.634043 21.8124 0
      vertex -0.841162 21.8607 0
    endloop
  endfacet
  facet normal 0.412811 0.910817 -0
    outer loop
      vertex -1.24372 21.9974 0
      vertex -1.43744 22.0852 6
      vertex -1.24372 21.9974 6
    endloop
  endfacet
  facet normal 0.412811 0.910817 0
    outer loop
      vertex -1.43744 22.0852 6
      vertex -1.24372 21.9974 0
      vertex -1.43744 22.0852 0
    endloop
  endfacet
  facet normal 0.471203 0.882025 -0
    outer loop
      vertex -1.43744 22.0852 0
      vertex -1.625 22.1854 6
      vertex -1.43744 22.0852 6
    endloop
  endfacet
  facet normal 0.471203 0.882025 0
    outer loop
      vertex -1.625 22.1854 6
      vertex -1.43744 22.0852 0
      vertex -1.625 22.1854 0
    endloop
  endfacet
  facet normal 0.352195 0.935927 -0
    outer loop
      vertex -1.04468 21.9225 0
      vertex -1.24372 21.9974 6
      vertex -1.04468 21.9225 6
    endloop
  endfacet
  facet normal 0.352195 0.935927 0
    outer loop
      vertex -1.24372 21.9974 6
      vertex -1.04468 21.9225 0
      vertex -1.24372 21.9974 0
    endloop
  endfacet
  facet normal 0.528053 0.849211 -0
    outer loop
      vertex -1.625 22.1854 0
      vertex -1.8056 22.2977 6
      vertex -1.625 22.1854 6
    endloop
  endfacet
  facet normal 0.528053 0.849211 0
    outer loop
      vertex -1.8056 22.2977 6
      vertex -1.625 22.1854 0
      vertex -1.8056 22.2977 0
    endloop
  endfacet
  facet normal 0.935888 0.352298 0
    outer loop
      vertex -3.00261 23.7563 6
      vertex -3.07752 23.9553 0
      vertex -3.07752 23.9553 6
    endloop
  endfacet
  facet normal 0.935888 0.352298 0
    outer loop
      vertex -3.07752 23.9553 0
      vertex -3.00261 23.7563 6
      vertex -3.00261 23.7563 0
    endloop
  endfacet
  facet normal 0.956929 0.290323 0
    outer loop
      vertex -3.07752 23.9553 6
      vertex -3.13926 24.1588 0
      vertex -3.13926 24.1588 6
    endloop
  endfacet
  facet normal 0.956929 0.290323 0
    outer loop
      vertex -3.13926 24.1588 0
      vertex -3.07752 23.9553 6
      vertex -3.07752 23.9553 0
    endloop
  endfacet
  facet normal 0.910854 0.412729 0
    outer loop
      vertex -2.91484 23.5626 6
      vertex -3.00261 23.7563 0
      vertex -3.00261 23.7563 6
    endloop
  endfacet
  facet normal 0.910854 0.412729 0
    outer loop
      vertex -3.00261 23.7563 0
      vertex -2.91484 23.5626 6
      vertex -2.91484 23.5626 0
    endloop
  endfacet
  facet normal 0.986634 0.16295 0
    outer loop
      vertex -3.18755 24.366 6
      vertex -3.2222 24.5758 0
      vertex -3.2222 24.5758 6
    endloop
  endfacet
  facet normal 0.986634 0.16295 0
    outer loop
      vertex -3.2222 24.5758 0
      vertex -3.18755 24.366 6
      vertex -3.18755 24.366 0
    endloop
  endfacet
  facet normal 0.9739 0.226977 0
    outer loop
      vertex -3.13926 24.1588 6
      vertex -3.18755 24.366 0
      vertex -3.18755 24.366 6
    endloop
  endfacet
  facet normal 0.9739 0.226977 0
    outer loop
      vertex -3.18755 24.366 0
      vertex -3.13926 24.1588 6
      vertex -3.13926 24.1588 0
    endloop
  endfacet
  facet normal 0.812888 0.582421 0
    outer loop
      vertex -2.5784 23.0215 6
      vertex -2.70228 23.1944 0
      vertex -2.70228 23.1944 6
    endloop
  endfacet
  facet normal 0.812888 0.582421 0
    outer loop
      vertex -2.70228 23.1944 0
      vertex -2.5784 23.0215 6
      vertex -2.5784 23.0215 0
    endloop
  endfacet
  facet normal 0.881949 0.471344 0
    outer loop
      vertex -2.81458 23.375 6
      vertex -2.91484 23.5626 0
      vertex -2.91484 23.5626 6
    endloop
  endfacet
  facet normal 0.881949 0.471344 0
    outer loop
      vertex -2.91484 23.5626 0
      vertex -2.81458 23.375 6
      vertex -2.81458 23.375 0
    endloop
  endfacet
  facet normal 0.68362 0.729838 -0
    outer loop
      vertex -2.14287 22.5565 0
      vertex -2.2981 22.7019 6
      vertex -2.14287 22.5565 6
    endloop
  endfacet
  facet normal 0.68362 0.729838 0
    outer loop
      vertex -2.2981 22.7019 6
      vertex -2.14287 22.5565 0
      vertex -2.2981 22.7019 0
    endloop
  endfacet
  facet normal 0.77301 0.634394 0
    outer loop
      vertex -2.44348 22.8571 6
      vertex -2.5784 23.0215 0
      vertex -2.5784 23.0215 6
    endloop
  endfacet
  facet normal 0.77301 0.634394 0
    outer loop
      vertex -2.5784 23.0215 0
      vertex -2.44348 22.8571 6
      vertex -2.44348 22.8571 0
    endloop
  endfacet
  facet normal -0.032914 -0.999458 0
    outer loop
      vertex 0 28.25 0
      vertex 0.21256 28.243 6
      vertex 0 28.25 6
    endloop
  endfacet
  facet normal -0.032914 -0.999458 -0
    outer loop
      vertex 0.21256 28.243 6
      vertex 0 28.25 0
      vertex 0.21256 28.243 0
    endloop
  endfacet
  facet normal -0.162696 -0.986676 0
    outer loop
      vertex 0.42421 28.2222 0
      vertex 0.634043 28.1876 6
      vertex 0.42421 28.2222 6
    endloop
  endfacet
  facet normal -0.162696 -0.986676 -0
    outer loop
      vertex 0.634043 28.1876 6
      vertex 0.42421 28.2222 0
      vertex 0.634043 28.1876 0
    endloop
  endfacet
  facet normal -0.352195 -0.935927 0
    outer loop
      vertex 1.04468 28.0775 0
      vertex 1.24372 28.0026 6
      vertex 1.04468 28.0775 6
    endloop
  endfacet
  facet normal -0.352195 -0.935927 -0
    outer loop
      vertex 1.24372 28.0026 6
      vertex 1.04468 28.0775 0
      vertex 1.24372 28.0026 0
    endloop
  endfacet
  facet normal -0.68362 -0.729838 0
    outer loop
      vertex 2.14287 27.4435 0
      vertex 2.2981 27.2981 6
      vertex 2.14287 27.4435 6
    endloop
  endfacet
  facet normal -0.68362 -0.729838 -0
    outer loop
      vertex 2.2981 27.2981 6
      vertex 2.14287 27.4435 0
      vertex 2.2981 27.2981 0
    endloop
  endfacet
  facet normal -0.9739 -0.226977 0
    outer loop
      vertex 3.18755 25.634 0
      vertex 3.13926 25.8412 6
      vertex 3.13926 25.8412 0
    endloop
  endfacet
  facet normal -0.9739 -0.226977 0
    outer loop
      vertex 3.13926 25.8412 6
      vertex 3.18755 25.634 0
      vertex 3.18755 25.634 6
    endloop
  endfacet
  facet normal 0.290558 -0.956857 0
    outer loop
      vertex -1.04468 28.0775 0
      vertex -0.841162 28.1393 6
      vertex -1.04468 28.0775 6
    endloop
  endfacet
  facet normal 0.290558 -0.956857 0
    outer loop
      vertex -0.841162 28.1393 6
      vertex -1.04468 28.0775 0
      vertex -0.841162 28.1393 0
    endloop
  endfacet
  facet normal 0.0978043 -0.995206 0
    outer loop
      vertex -0.42421 28.2222 0
      vertex -0.21256 28.243 6
      vertex -0.42421 28.2222 6
    endloop
  endfacet
  facet normal 0.0978043 -0.995206 0
    outer loop
      vertex -0.21256 28.243 6
      vertex -0.42421 28.2222 0
      vertex -0.21256 28.243 0
    endloop
  endfacet
  facet normal 0.582549 0.812795 -0
    outer loop
      vertex -1.8056 22.2977 0
      vertex -1.97847 22.4216 6
      vertex -1.8056 22.2977 6
    endloop
  endfacet
  facet normal 0.582549 0.812795 0
    outer loop
      vertex -1.97847 22.4216 6
      vertex -1.8056 22.2977 0
      vertex -1.97847 22.4216 0
    endloop
  endfacet
  facet normal 0.849211 0.528053 0
    outer loop
      vertex -2.70228 23.1944 6
      vertex -2.81458 23.375 0
      vertex -2.81458 23.375 6
    endloop
  endfacet
  facet normal 0.849211 0.528053 0
    outer loop
      vertex -2.81458 23.375 0
      vertex -2.70228 23.1944 6
      vertex -2.70228 23.1944 0
    endloop
  endfacet
  facet normal 0.729819 0.683641 0
    outer loop
      vertex -2.2981 22.7019 6
      vertex -2.44348 22.8571 0
      vertex -2.44348 22.8571 6
    endloop
  endfacet
  facet normal 0.729819 0.683641 0
    outer loop
      vertex -2.44348 22.8571 0
      vertex -2.2981 22.7019 6
      vertex -2.2981 22.7019 0
    endloop
  endfacet
  facet normal -0.227106 -0.97387 0
    outer loop
      vertex 0.634043 28.1876 0
      vertex 0.841162 28.1393 6
      vertex 0.634043 28.1876 6
    endloop
  endfacet
  facet normal -0.227106 -0.97387 -0
    outer loop
      vertex 0.841162 28.1393 6
      vertex 0.634043 28.1876 0
      vertex 0.841162 28.1393 0
    endloop
  endfacet
  facet normal -0.412811 -0.910817 0
    outer loop
      vertex 1.24372 28.0026 0
      vertex 1.43744 27.9148 6
      vertex 1.24372 28.0026 6
    endloop
  endfacet
  facet normal -0.412811 -0.910817 -0
    outer loop
      vertex 1.43744 27.9148 6
      vertex 1.24372 28.0026 0
      vertex 1.43744 27.9148 0
    endloop
  endfacet
  facet normal -0.471203 -0.882025 0
    outer loop
      vertex 1.43744 27.9148 0
      vertex 1.625 27.8146 6
      vertex 1.43744 27.9148 6
    endloop
  endfacet
  facet normal -0.471203 -0.882025 -0
    outer loop
      vertex 1.625 27.8146 6
      vertex 1.43744 27.9148 0
      vertex 1.625 27.8146 0
    endloop
  endfacet
  facet normal -0.849211 -0.528053 0
    outer loop
      vertex 2.81458 26.625 0
      vertex 2.70228 26.8056 6
      vertex 2.70228 26.8056 0
    endloop
  endfacet
  facet normal -0.849211 -0.528053 0
    outer loop
      vertex 2.70228 26.8056 6
      vertex 2.81458 26.625 0
      vertex 2.81458 26.625 6
    endloop
  endfacet
  facet normal -0.528053 -0.849211 0
    outer loop
      vertex 1.625 27.8146 0
      vertex 1.8056 27.7023 6
      vertex 1.625 27.8146 6
    endloop
  endfacet
  facet normal -0.528053 -0.849211 -0
    outer loop
      vertex 1.8056 27.7023 6
      vertex 1.625 27.8146 0
      vertex 1.8056 27.7023 0
    endloop
  endfacet
  facet normal -0.881949 0.471344 0
    outer loop
      vertex 2.81458 23.375 0
      vertex 2.91484 23.5626 6
      vertex 2.91484 23.5626 0
    endloop
  endfacet
  facet normal -0.881949 0.471344 0
    outer loop
      vertex 2.91484 23.5626 6
      vertex 2.81458 23.375 0
      vertex 2.81458 23.375 6
    endloop
  endfacet
  facet normal -0.352195 0.935927 0
    outer loop
      vertex 1.24372 21.9974 0
      vertex 1.04468 21.9225 6
      vertex 1.24372 21.9974 6
    endloop
  endfacet
  facet normal -0.352195 0.935927 0
    outer loop
      vertex 1.04468 21.9225 6
      vertex 1.24372 21.9974 0
      vertex 1.04468 21.9225 0
    endloop
  endfacet
  facet normal -0.412811 0.910817 0
    outer loop
      vertex 1.43744 22.0852 0
      vertex 1.24372 21.9974 6
      vertex 1.43744 22.0852 6
    endloop
  endfacet
  facet normal -0.412811 0.910817 0
    outer loop
      vertex 1.24372 21.9974 6
      vertex 1.43744 22.0852 0
      vertex 1.24372 21.9974 0
    endloop
  endfacet
  facet normal -0.986634 -0.16295 0
    outer loop
      vertex 3.2222 25.4242 0
      vertex 3.18755 25.634 6
      vertex 3.18755 25.634 0
    endloop
  endfacet
  facet normal -0.986634 -0.16295 0
    outer loop
      vertex 3.18755 25.634 6
      vertex 3.2222 25.4242 0
      vertex 3.2222 25.4242 6
    endloop
  endfacet
  facet normal -0.995185 -0.0980135 0
    outer loop
      vertex 3.24304 25.2126 0
      vertex 3.2222 25.4242 6
      vertex 3.2222 25.4242 0
    endloop
  endfacet
  facet normal -0.995185 -0.0980135 0
    outer loop
      vertex 3.2222 25.4242 6
      vertex 3.24304 25.2126 0
      vertex 3.24304 25.2126 6
    endloop
  endfacet
  facet normal -0.935888 -0.352298 0
    outer loop
      vertex 3.07752 26.0447 0
      vertex 3.00261 26.2437 6
      vertex 3.00261 26.2437 0
    endloop
  endfacet
  facet normal -0.935888 -0.352298 0
    outer loop
      vertex 3.00261 26.2437 6
      vertex 3.07752 26.0447 0
      vertex 3.07752 26.0447 6
    endloop
  endfacet
  facet normal -0.290558 -0.956857 0
    outer loop
      vertex 0.841162 28.1393 0
      vertex 1.04468 28.0775 6
      vertex 0.841162 28.1393 6
    endloop
  endfacet
  facet normal -0.290558 -0.956857 -0
    outer loop
      vertex 1.04468 28.0775 6
      vertex 0.841162 28.1393 0
      vertex 1.04468 28.0775 0
    endloop
  endfacet
  facet normal -0.881949 -0.471344 0
    outer loop
      vertex 2.91484 26.4374 0
      vertex 2.81458 26.625 6
      vertex 2.81458 26.625 0
    endloop
  endfacet
  facet normal -0.881949 -0.471344 0
    outer loop
      vertex 2.81458 26.625 6
      vertex 2.91484 26.4374 0
      vertex 2.91484 26.4374 6
    endloop
  endfacet
  facet normal -0.729819 -0.683641 0
    outer loop
      vertex 2.44348 27.1429 0
      vertex 2.2981 27.2981 6
      vertex 2.2981 27.2981 0
    endloop
  endfacet
  facet normal -0.729819 -0.683641 0
    outer loop
      vertex 2.2981 27.2981 6
      vertex 2.44348 27.1429 0
      vertex 2.44348 27.1429 6
    endloop
  endfacet
  facet normal -0.582549 -0.812795 0
    outer loop
      vertex 1.8056 27.7023 0
      vertex 1.97847 27.5784 6
      vertex 1.8056 27.7023 6
    endloop
  endfacet
  facet normal -0.582549 -0.812795 -0
    outer loop
      vertex 1.97847 27.5784 6
      vertex 1.8056 27.7023 0
      vertex 1.97847 27.5784 0
    endloop
  endfacet
  facet normal -0.634338 -0.773056 0
    outer loop
      vertex 1.97847 27.5784 0
      vertex 2.14287 27.4435 6
      vertex 1.97847 27.5784 6
    endloop
  endfacet
  facet normal -0.634338 -0.773056 -0
    outer loop
      vertex 2.14287 27.4435 6
      vertex 1.97847 27.5784 0
      vertex 2.14287 27.4435 0
    endloop
  endfacet
  facet normal -0.995185 0.0980135 0
    outer loop
      vertex 3.2222 24.5758 0
      vertex 3.24304 24.7874 6
      vertex 3.24304 24.7874 0
    endloop
  endfacet
  facet normal -0.995185 0.0980135 0
    outer loop
      vertex 3.24304 24.7874 6
      vertex 3.2222 24.5758 0
      vertex 3.2222 24.5758 6
    endloop
  endfacet
  facet normal -0.999465 0.03272 0
    outer loop
      vertex 3.24304 24.7874 0
      vertex 3.25 25 6
      vertex 3.25 25 0
    endloop
  endfacet
  facet normal -0.999465 0.03272 0
    outer loop
      vertex 3.25 25 6
      vertex 3.24304 24.7874 0
      vertex 3.24304 24.7874 6
    endloop
  endfacet
  facet normal -0.582549 0.812795 0
    outer loop
      vertex 1.97847 22.4216 0
      vertex 1.8056 22.2977 6
      vertex 1.97847 22.4216 6
    endloop
  endfacet
  facet normal -0.582549 0.812795 0
    outer loop
      vertex 1.8056 22.2977 6
      vertex 1.97847 22.4216 0
      vertex 1.8056 22.2977 0
    endloop
  endfacet
  facet normal -0.729819 0.683641 0
    outer loop
      vertex 2.2981 22.7019 0
      vertex 2.44348 22.8571 6
      vertex 2.44348 22.8571 0
    endloop
  endfacet
  facet normal -0.729819 0.683641 0
    outer loop
      vertex 2.44348 22.8571 6
      vertex 2.2981 22.7019 0
      vertex 2.2981 22.7019 6
    endloop
  endfacet
  facet normal -0.227106 0.97387 0
    outer loop
      vertex 0.841162 21.8607 0
      vertex 0.634043 21.8124 6
      vertex 0.841162 21.8607 6
    endloop
  endfacet
  facet normal -0.227106 0.97387 0
    outer loop
      vertex 0.634043 21.8124 6
      vertex 0.841162 21.8607 0
      vertex 0.634043 21.8124 0
    endloop
  endfacet
  facet normal -0.162696 0.986676 0
    outer loop
      vertex 0.634043 21.8124 0
      vertex 0.42421 21.7778 6
      vertex 0.634043 21.8124 6
    endloop
  endfacet
  facet normal -0.162696 0.986676 0
    outer loop
      vertex 0.42421 21.7778 6
      vertex 0.634043 21.8124 0
      vertex 0.42421 21.7778 0
    endloop
  endfacet
  facet normal -0.0978043 0.995206 0
    outer loop
      vertex 0.42421 21.7778 0
      vertex 0.21256 21.757 6
      vertex 0.42421 21.7778 6
    endloop
  endfacet
  facet normal -0.0978043 0.995206 0
    outer loop
      vertex 0.21256 21.757 6
      vertex 0.42421 21.7778 0
      vertex 0.21256 21.757 0
    endloop
  endfacet
  facet normal -0.956929 -0.290323 0
    outer loop
      vertex 3.13926 25.8412 0
      vertex 3.07752 26.0447 6
      vertex 3.07752 26.0447 0
    endloop
  endfacet
  facet normal -0.956929 -0.290323 0
    outer loop
      vertex 3.07752 26.0447 6
      vertex 3.13926 25.8412 0
      vertex 3.13926 25.8412 6
    endloop
  endfacet
  facet normal -0.812888 -0.582421 0
    outer loop
      vertex 2.70228 26.8056 0
      vertex 2.5784 26.9785 6
      vertex 2.5784 26.9785 0
    endloop
  endfacet
  facet normal -0.812888 -0.582421 0
    outer loop
      vertex 2.5784 26.9785 6
      vertex 2.70228 26.8056 0
      vertex 2.70228 26.8056 6
    endloop
  endfacet
  facet normal -0.77301 -0.634394 0
    outer loop
      vertex 2.5784 26.9785 0
      vertex 2.44348 27.1429 6
      vertex 2.44348 27.1429 0
    endloop
  endfacet
  facet normal -0.77301 -0.634394 0
    outer loop
      vertex 2.44348 27.1429 6
      vertex 2.5784 26.9785 0
      vertex 2.5784 26.9785 6
    endloop
  endfacet
  facet normal -0.935888 0.352298 0
    outer loop
      vertex 3.00261 23.7563 0
      vertex 3.07752 23.9553 6
      vertex 3.07752 23.9553 0
    endloop
  endfacet
  facet normal -0.935888 0.352298 0
    outer loop
      vertex 3.07752 23.9553 6
      vertex 3.00261 23.7563 0
      vertex 3.00261 23.7563 6
    endloop
  endfacet
  facet normal -0.849211 0.528053 0
    outer loop
      vertex 2.70228 23.1944 0
      vertex 2.81458 23.375 6
      vertex 2.81458 23.375 0
    endloop
  endfacet
  facet normal -0.849211 0.528053 0
    outer loop
      vertex 2.81458 23.375 6
      vertex 2.70228 23.1944 0
      vertex 2.70228 23.1944 6
    endloop
  endfacet
  facet normal -0.812888 0.582421 0
    outer loop
      vertex 2.5784 23.0215 0
      vertex 2.70228 23.1944 6
      vertex 2.70228 23.1944 0
    endloop
  endfacet
  facet normal -0.812888 0.582421 0
    outer loop
      vertex 2.70228 23.1944 6
      vertex 2.5784 23.0215 0
      vertex 2.5784 23.0215 6
    endloop
  endfacet
  facet normal -0.77301 0.634394 0
    outer loop
      vertex 2.44348 22.8571 0
      vertex 2.5784 23.0215 6
      vertex 2.5784 23.0215 0
    endloop
  endfacet
  facet normal -0.77301 0.634394 0
    outer loop
      vertex 2.5784 23.0215 6
      vertex 2.44348 22.8571 0
      vertex 2.44348 22.8571 6
    endloop
  endfacet
  facet normal -0.9739 0.226977 0
    outer loop
      vertex 3.13926 24.1588 0
      vertex 3.18755 24.366 6
      vertex 3.18755 24.366 0
    endloop
  endfacet
  facet normal -0.9739 0.226977 0
    outer loop
      vertex 3.18755 24.366 6
      vertex 3.13926 24.1588 0
      vertex 3.13926 24.1588 6
    endloop
  endfacet
  facet normal -0.528053 0.849211 0
    outer loop
      vertex 1.8056 22.2977 0
      vertex 1.625 22.1854 6
      vertex 1.8056 22.2977 6
    endloop
  endfacet
  facet normal -0.528053 0.849211 0
    outer loop
      vertex 1.625 22.1854 6
      vertex 1.8056 22.2977 0
      vertex 1.625 22.1854 0
    endloop
  endfacet
  facet normal -0.471203 0.882025 0
    outer loop
      vertex 1.625 22.1854 0
      vertex 1.43744 22.0852 6
      vertex 1.625 22.1854 6
    endloop
  endfacet
  facet normal -0.471203 0.882025 0
    outer loop
      vertex 1.43744 22.0852 6
      vertex 1.625 22.1854 0
      vertex 1.43744 22.0852 0
    endloop
  endfacet
  facet normal -0.910854 0.412729 0
    outer loop
      vertex 2.91484 23.5626 0
      vertex 3.00261 23.7563 6
      vertex 3.00261 23.7563 0
    endloop
  endfacet
  facet normal -0.910854 0.412729 0
    outer loop
      vertex 3.00261 23.7563 6
      vertex 2.91484 23.5626 0
      vertex 2.91484 23.5626 6
    endloop
  endfacet
  facet normal -0.956929 0.290323 0
    outer loop
      vertex 3.07752 23.9553 0
      vertex 3.13926 24.1588 6
      vertex 3.13926 24.1588 0
    endloop
  endfacet
  facet normal -0.956929 0.290323 0
    outer loop
      vertex 3.13926 24.1588 6
      vertex 3.07752 23.9553 0
      vertex 3.07752 23.9553 6
    endloop
  endfacet
  facet normal -0.986634 0.16295 0
    outer loop
      vertex 3.18755 24.366 0
      vertex 3.2222 24.5758 6
      vertex 3.2222 24.5758 0
    endloop
  endfacet
  facet normal -0.986634 0.16295 0
    outer loop
      vertex 3.2222 24.5758 6
      vertex 3.18755 24.366 0
      vertex 3.18755 24.366 6
    endloop
  endfacet
  facet normal -0.68362 0.729838 0
    outer loop
      vertex 2.2981 22.7019 0
      vertex 2.14287 22.5565 6
      vertex 2.2981 22.7019 6
    endloop
  endfacet
  facet normal -0.68362 0.729838 0
    outer loop
      vertex 2.14287 22.5565 6
      vertex 2.2981 22.7019 0
      vertex 2.14287 22.5565 0
    endloop
  endfacet
  facet normal -0.634338 0.773056 0
    outer loop
      vertex 2.14287 22.5565 0
      vertex 1.97847 22.4216 6
      vertex 2.14287 22.5565 6
    endloop
  endfacet
  facet normal -0.634338 0.773056 0
    outer loop
      vertex 1.97847 22.4216 6
      vertex 2.14287 22.5565 0
      vertex 1.97847 22.4216 0
    endloop
  endfacet
  facet normal 0.882025 0.471203 0
    outer loop
      vertex -27.8146 -1.625 6
      vertex -27.9148 -1.43744 0
      vertex -27.9148 -1.43744 6
    endloop
  endfacet
  facet normal 0.882025 0.471203 0
    outer loop
      vertex -27.9148 -1.43744 0
      vertex -27.8146 -1.625 6
      vertex -27.8146 -1.625 0
    endloop
  endfacet
  facet normal -0.995206 0.0978043 0
    outer loop
      vertex -21.7778 -0.42421 0
      vertex -21.757 -0.21256 6
      vertex -21.757 -0.21256 0
    endloop
  endfacet
  facet normal -0.995206 0.0978043 0
    outer loop
      vertex -21.757 -0.21256 6
      vertex -21.7778 -0.42421 0
      vertex -21.7778 -0.42421 6
    endloop
  endfacet
  facet normal -0.773056 0.634338 0
    outer loop
      vertex -22.5565 -2.14287 0
      vertex -22.4216 -1.97847 6
      vertex -22.4216 -1.97847 0
    endloop
  endfacet
  facet normal -0.773056 0.634338 0
    outer loop
      vertex -22.4216 -1.97847 6
      vertex -22.5565 -2.14287 0
      vertex -22.5565 -2.14287 6
    endloop
  endfacet
  facet normal -0.995206 -0.0978043 0
    outer loop
      vertex -21.757 0.21256 0
      vertex -21.7778 0.42421 6
      vertex -21.7778 0.42421 0
    endloop
  endfacet
  facet normal -0.995206 -0.0978043 0
    outer loop
      vertex -21.7778 0.42421 6
      vertex -21.757 0.21256 0
      vertex -21.757 0.21256 6
    endloop
  endfacet
  facet normal 0.16295 -0.986634 0
    outer loop
      vertex -25.634 3.18755 0
      vertex -25.4242 3.2222 6
      vertex -25.634 3.18755 6
    endloop
  endfacet
  facet normal 0.16295 -0.986634 0
    outer loop
      vertex -25.4242 3.2222 6
      vertex -25.634 3.18755 0
      vertex -25.4242 3.2222 0
    endloop
  endfacet
  facet normal 0.471344 -0.881949 0
    outer loop
      vertex -26.625 2.81458 0
      vertex -26.4374 2.91484 6
      vertex -26.625 2.81458 6
    endloop
  endfacet
  facet normal 0.471344 -0.881949 0
    outer loop
      vertex -26.4374 2.91484 6
      vertex -26.625 2.81458 0
      vertex -26.4374 2.91484 0
    endloop
  endfacet
  facet normal 0.995206 0.0978043 0
    outer loop
      vertex -28.2222 -0.42421 6
      vertex -28.243 -0.21256 0
      vertex -28.243 -0.21256 6
    endloop
  endfacet
  facet normal 0.995206 0.0978043 0
    outer loop
      vertex -28.243 -0.21256 0
      vertex -28.2222 -0.42421 6
      vertex -28.2222 -0.42421 0
    endloop
  endfacet
  facet normal 0.683641 0.729819 -0
    outer loop
      vertex -27.1429 -2.44348 0
      vertex -27.2981 -2.2981 6
      vertex -27.1429 -2.44348 6
    endloop
  endfacet
  facet normal 0.683641 0.729819 0
    outer loop
      vertex -27.2981 -2.2981 6
      vertex -27.1429 -2.44348 0
      vertex -27.2981 -2.2981 0
    endloop
  endfacet
  facet normal 0.290323 0.956929 -0
    outer loop
      vertex -25.8412 -3.13926 0
      vertex -26.0447 -3.07752 6
      vertex -25.8412 -3.13926 6
    endloop
  endfacet
  facet normal 0.290323 0.956929 0
    outer loop
      vertex -26.0447 -3.07752 6
      vertex -25.8412 -3.13926 0
      vertex -26.0447 -3.07752 0
    endloop
  endfacet
  facet normal -0.999458 -0.032914 0
    outer loop
      vertex -21.75 0 0
      vertex -21.757 0.21256 6
      vertex -21.757 0.21256 0
    endloop
  endfacet
  facet normal -0.999458 -0.032914 0
    outer loop
      vertex -21.757 0.21256 6
      vertex -21.75 0 0
      vertex -21.75 0 6
    endloop
  endfacet
  facet normal -0.956857 0.290558 0
    outer loop
      vertex -21.9225 -1.04468 0
      vertex -21.8607 -0.841162 6
      vertex -21.8607 -0.841162 0
    endloop
  endfacet
  facet normal -0.956857 0.290558 0
    outer loop
      vertex -21.8607 -0.841162 6
      vertex -21.9225 -1.04468 0
      vertex -21.9225 -1.04468 6
    endloop
  endfacet
  facet normal -0.226977 0.9739 0
    outer loop
      vertex -24.1588 -3.13926 0
      vertex -24.366 -3.18755 6
      vertex -24.1588 -3.13926 6
    endloop
  endfacet
  facet normal -0.226977 0.9739 0
    outer loop
      vertex -24.366 -3.18755 6
      vertex -24.1588 -3.13926 0
      vertex -24.366 -3.18755 0
    endloop
  endfacet
  facet normal -0.0980135 0.995185 0
    outer loop
      vertex -24.5758 -3.2222 0
      vertex -24.7874 -3.24304 6
      vertex -24.5758 -3.2222 6
    endloop
  endfacet
  facet normal -0.0980135 0.995185 0
    outer loop
      vertex -24.7874 -3.24304 6
      vertex -24.5758 -3.2222 0
      vertex -24.7874 -3.24304 0
    endloop
  endfacet
  facet normal -0.471344 0.881949 0
    outer loop
      vertex -23.375 -2.81458 0
      vertex -23.5626 -2.91484 6
      vertex -23.375 -2.81458 6
    endloop
  endfacet
  facet normal -0.471344 0.881949 0
    outer loop
      vertex -23.5626 -2.91484 6
      vertex -23.375 -2.81458 0
      vertex -23.5626 -2.91484 0
    endloop
  endfacet
  facet normal 0.999458 0.032914 0
    outer loop
      vertex -28.243 -0.21256 6
      vertex -28.25 0 0
      vertex -28.25 0 6
    endloop
  endfacet
  facet normal 0.999458 0.032914 0
    outer loop
      vertex -28.25 0 0
      vertex -28.243 -0.21256 6
      vertex -28.243 -0.21256 0
    endloop
  endfacet
  facet normal 0.412729 -0.910854 0
    outer loop
      vertex -26.4374 2.91484 0
      vertex -26.2437 3.00261 6
      vertex -26.4374 2.91484 6
    endloop
  endfacet
  facet normal 0.412729 -0.910854 0
    outer loop
      vertex -26.2437 3.00261 6
      vertex -26.4374 2.91484 0
      vertex -26.2437 3.00261 0
    endloop
  endfacet
  facet normal 0.986676 0.162696 0
    outer loop
      vertex -28.1876 -0.634043 6
      vertex -28.2222 -0.42421 0
      vertex -28.2222 -0.42421 6
    endloop
  endfacet
  facet normal 0.986676 0.162696 0
    outer loop
      vertex -28.2222 -0.42421 0
      vertex -28.1876 -0.634043 6
      vertex -28.1876 -0.634043 0
    endloop
  endfacet
  facet normal 0.910817 0.412811 0
    outer loop
      vertex -27.9148 -1.43744 6
      vertex -28.0026 -1.24372 0
      vertex -28.0026 -1.24372 6
    endloop
  endfacet
  facet normal 0.910817 0.412811 0
    outer loop
      vertex -28.0026 -1.24372 0
      vertex -27.9148 -1.43744 6
      vertex -27.9148 -1.43744 0
    endloop
  endfacet
  facet normal 0.812795 0.582549 0
    outer loop
      vertex -27.5784 -1.97847 6
      vertex -27.7023 -1.8056 0
      vertex -27.7023 -1.8056 6
    endloop
  endfacet
  facet normal 0.812795 0.582549 0
    outer loop
      vertex -27.7023 -1.8056 0
      vertex -27.5784 -1.97847 6
      vertex -27.5784 -1.97847 0
    endloop
  endfacet
  facet normal 0.773056 0.634338 0
    outer loop
      vertex -27.4435 -2.14287 6
      vertex -27.5784 -1.97847 0
      vertex -27.5784 -1.97847 6
    endloop
  endfacet
  facet normal 0.773056 0.634338 0
    outer loop
      vertex -27.5784 -1.97847 0
      vertex -27.4435 -2.14287 6
      vertex -27.4435 -2.14287 0
    endloop
  endfacet
  facet normal 0.0980135 0.995185 -0
    outer loop
      vertex -25.2126 -3.24304 0
      vertex -25.4242 -3.2222 6
      vertex -25.2126 -3.24304 6
    endloop
  endfacet
  facet normal 0.0980135 0.995185 0
    outer loop
      vertex -25.4242 -3.2222 6
      vertex -25.2126 -3.24304 0
      vertex -25.4242 -3.2222 0
    endloop
  endfacet
  facet normal -0.03272 0.999465 0
    outer loop
      vertex -24.7874 -3.24304 0
      vertex -25 -3.25 6
      vertex -24.7874 -3.24304 6
    endloop
  endfacet
  facet normal -0.03272 0.999465 0
    outer loop
      vertex -25 -3.25 6
      vertex -24.7874 -3.24304 0
      vertex -25 -3.25 0
    endloop
  endfacet
  facet normal 0.226977 0.9739 -0
    outer loop
      vertex -25.634 -3.18755 0
      vertex -25.8412 -3.13926 6
      vertex -25.634 -3.18755 6
    endloop
  endfacet
  facet normal 0.226977 0.9739 0
    outer loop
      vertex -25.8412 -3.13926 6
      vertex -25.634 -3.18755 0
      vertex -25.8412 -3.13926 0
    endloop
  endfacet
  facet normal 0.471344 0.881949 -0
    outer loop
      vertex -26.4374 -2.91484 0
      vertex -26.625 -2.81458 6
      vertex -26.4374 -2.91484 6
    endloop
  endfacet
  facet normal 0.471344 0.881949 0
    outer loop
      vertex -26.625 -2.81458 6
      vertex -26.4374 -2.91484 0
      vertex -26.625 -2.81458 0
    endloop
  endfacet
  facet normal 0.352298 0.935888 -0
    outer loop
      vertex -26.0447 -3.07752 0
      vertex -26.2437 -3.00261 6
      vertex -26.0447 -3.07752 6
    endloop
  endfacet
  facet normal 0.352298 0.935888 0
    outer loop
      vertex -26.2437 -3.00261 6
      vertex -26.0447 -3.07752 0
      vertex -26.2437 -3.00261 0
    endloop
  endfacet
  facet normal 0.528053 0.849211 -0
    outer loop
      vertex -26.625 -2.81458 0
      vertex -26.8056 -2.70228 6
      vertex -26.625 -2.81458 6
    endloop
  endfacet
  facet normal 0.528053 0.849211 0
    outer loop
      vertex -26.8056 -2.70228 6
      vertex -26.625 -2.81458 0
      vertex -26.8056 -2.70228 0
    endloop
  endfacet
  facet normal 0.634394 0.77301 -0
    outer loop
      vertex -26.9785 -2.5784 0
      vertex -27.1429 -2.44348 6
      vertex -26.9785 -2.5784 6
    endloop
  endfacet
  facet normal 0.634394 0.77301 0
    outer loop
      vertex -27.1429 -2.44348 6
      vertex -26.9785 -2.5784 0
      vertex -27.1429 -2.44348 0
    endloop
  endfacet
  facet normal -0.999458 0.032914 0
    outer loop
      vertex -21.757 -0.21256 0
      vertex -21.75 0 6
      vertex -21.75 0 0
    endloop
  endfacet
  facet normal -0.999458 0.032914 0
    outer loop
      vertex -21.75 0 6
      vertex -21.757 -0.21256 0
      vertex -21.757 -0.21256 6
    endloop
  endfacet
  facet normal -0.97387 0.227106 0
    outer loop
      vertex -21.8607 -0.841162 0
      vertex -21.8124 -0.634043 6
      vertex -21.8124 -0.634043 0
    endloop
  endfacet
  facet normal -0.97387 0.227106 0
    outer loop
      vertex -21.8124 -0.634043 6
      vertex -21.8607 -0.841162 0
      vertex -21.8607 -0.841162 6
    endloop
  endfacet
  facet normal -0.935927 0.352195 0
    outer loop
      vertex -21.9974 -1.24372 0
      vertex -21.9225 -1.04468 6
      vertex -21.9225 -1.04468 0
    endloop
  endfacet
  facet normal -0.935927 0.352195 0
    outer loop
      vertex -21.9225 -1.04468 6
      vertex -21.9974 -1.24372 0
      vertex -21.9974 -1.24372 6
    endloop
  endfacet
  facet normal -0.882025 0.471203 0
    outer loop
      vertex -22.1854 -1.625 0
      vertex -22.0852 -1.43744 6
      vertex -22.0852 -1.43744 0
    endloop
  endfacet
  facet normal -0.882025 0.471203 0
    outer loop
      vertex -22.0852 -1.43744 6
      vertex -22.1854 -1.625 0
      vertex -22.1854 -1.625 6
    endloop
  endfacet
  facet normal -0.910817 0.412811 0
    outer loop
      vertex -22.0852 -1.43744 0
      vertex -21.9974 -1.24372 6
      vertex -21.9974 -1.24372 0
    endloop
  endfacet
  facet normal -0.910817 0.412811 0
    outer loop
      vertex -21.9974 -1.24372 6
      vertex -22.0852 -1.43744 0
      vertex -22.0852 -1.43744 6
    endloop
  endfacet
  facet normal -0.849211 0.528053 0
    outer loop
      vertex -22.2977 -1.8056 0
      vertex -22.1854 -1.625 6
      vertex -22.1854 -1.625 0
    endloop
  endfacet
  facet normal -0.849211 0.528053 0
    outer loop
      vertex -22.1854 -1.625 6
      vertex -22.2977 -1.8056 0
      vertex -22.2977 -1.8056 6
    endloop
  endfacet
  facet normal -0.812795 0.582549 0
    outer loop
      vertex -22.4216 -1.97847 0
      vertex -22.2977 -1.8056 6
      vertex -22.2977 -1.8056 0
    endloop
  endfacet
  facet normal -0.812795 0.582549 0
    outer loop
      vertex -22.2977 -1.8056 6
      vertex -22.4216 -1.97847 0
      vertex -22.4216 -1.97847 6
    endloop
  endfacet
  facet normal -0.412729 0.910854 0
    outer loop
      vertex -23.5626 -2.91484 0
      vertex -23.7563 -3.00261 6
      vertex -23.5626 -2.91484 6
    endloop
  endfacet
  facet normal -0.412729 0.910854 0
    outer loop
      vertex -23.7563 -3.00261 6
      vertex -23.5626 -2.91484 0
      vertex -23.7563 -3.00261 0
    endloop
  endfacet
  facet normal -0.290323 0.956929 0
    outer loop
      vertex -23.9553 -3.07752 0
      vertex -24.1588 -3.13926 6
      vertex -23.9553 -3.07752 6
    endloop
  endfacet
  facet normal -0.290323 0.956929 0
    outer loop
      vertex -24.1588 -3.13926 6
      vertex -23.9553 -3.07752 0
      vertex -24.1588 -3.13926 0
    endloop
  endfacet
  facet normal -0.352298 0.935888 0
    outer loop
      vertex -23.7563 -3.00261 0
      vertex -23.9553 -3.07752 6
      vertex -23.7563 -3.00261 6
    endloop
  endfacet
  facet normal -0.352298 0.935888 0
    outer loop
      vertex -23.9553 -3.07752 6
      vertex -23.7563 -3.00261 0
      vertex -23.9553 -3.07752 0
    endloop
  endfacet
  facet normal -0.16295 0.986634 0
    outer loop
      vertex -24.366 -3.18755 0
      vertex -24.5758 -3.2222 6
      vertex -24.366 -3.18755 6
    endloop
  endfacet
  facet normal -0.16295 0.986634 0
    outer loop
      vertex -24.5758 -3.2222 6
      vertex -24.366 -3.18755 0
      vertex -24.5758 -3.2222 0
    endloop
  endfacet
  facet normal -0.582421 0.812888 0
    outer loop
      vertex -23.0215 -2.5784 0
      vertex -23.1944 -2.70228 6
      vertex -23.0215 -2.5784 6
    endloop
  endfacet
  facet normal -0.582421 0.812888 0
    outer loop
      vertex -23.1944 -2.70228 6
      vertex -23.0215 -2.5784 0
      vertex -23.1944 -2.70228 0
    endloop
  endfacet
  facet normal -0.634394 0.77301 0
    outer loop
      vertex -22.8571 -2.44348 0
      vertex -23.0215 -2.5784 6
      vertex -22.8571 -2.44348 6
    endloop
  endfacet
  facet normal -0.634394 0.77301 0
    outer loop
      vertex -23.0215 -2.5784 6
      vertex -22.8571 -2.44348 0
      vertex -23.0215 -2.5784 0
    endloop
  endfacet
  facet normal -0.729838 0.68362 0
    outer loop
      vertex -22.7019 -2.2981 0
      vertex -22.5565 -2.14287 6
      vertex -22.5565 -2.14287 0
    endloop
  endfacet
  facet normal -0.729838 0.68362 0
    outer loop
      vertex -22.5565 -2.14287 6
      vertex -22.7019 -2.2981 0
      vertex -22.7019 -2.2981 6
    endloop
  endfacet
  facet normal 0.999458 -0.032914 0
    outer loop
      vertex -28.25 0 6
      vertex -28.243 0.21256 0
      vertex -28.243 0.21256 6
    endloop
  endfacet
  facet normal 0.999458 -0.032914 0
    outer loop
      vertex -28.243 0.21256 0
      vertex -28.25 0 6
      vertex -28.25 0 0
    endloop
  endfacet
  facet normal 0.995206 -0.0978043 0
    outer loop
      vertex -28.243 0.21256 6
      vertex -28.2222 0.42421 0
      vertex -28.2222 0.42421 6
    endloop
  endfacet
  facet normal 0.995206 -0.0978043 0
    outer loop
      vertex -28.2222 0.42421 0
      vertex -28.243 0.21256 6
      vertex -28.243 0.21256 0
    endloop
  endfacet
  facet normal 0.773056 -0.634338 0
    outer loop
      vertex -27.5784 1.97847 6
      vertex -27.4435 2.14287 0
      vertex -27.4435 2.14287 6
    endloop
  endfacet
  facet normal 0.773056 -0.634338 0
    outer loop
      vertex -27.4435 2.14287 0
      vertex -27.5784 1.97847 6
      vertex -27.5784 1.97847 0
    endloop
  endfacet
  facet normal -0.16295 -0.986634 0
    outer loop
      vertex -24.5758 3.2222 0
      vertex -24.366 3.18755 6
      vertex -24.5758 3.2222 6
    endloop
  endfacet
  facet normal -0.16295 -0.986634 -0
    outer loop
      vertex -24.366 3.18755 6
      vertex -24.5758 3.2222 0
      vertex -24.366 3.18755 0
    endloop
  endfacet
  facet normal 0.935927 0.352195 0
    outer loop
      vertex -28.0026 -1.24372 6
      vertex -28.0775 -1.04468 0
      vertex -28.0775 -1.04468 6
    endloop
  endfacet
  facet normal 0.935927 0.352195 0
    outer loop
      vertex -28.0775 -1.04468 0
      vertex -28.0026 -1.24372 6
      vertex -28.0026 -1.24372 0
    endloop
  endfacet
  facet normal 0.956857 0.290558 0
    outer loop
      vertex -28.0775 -1.04468 6
      vertex -28.1393 -0.841162 0
      vertex -28.1393 -0.841162 6
    endloop
  endfacet
  facet normal 0.956857 0.290558 0
    outer loop
      vertex -28.1393 -0.841162 0
      vertex -28.0775 -1.04468 6
      vertex -28.0775 -1.04468 0
    endloop
  endfacet
  facet normal 0.849211 0.528053 0
    outer loop
      vertex -27.7023 -1.8056 6
      vertex -27.8146 -1.625 0
      vertex -27.8146 -1.625 6
    endloop
  endfacet
  facet normal 0.849211 0.528053 0
    outer loop
      vertex -27.8146 -1.625 0
      vertex -27.7023 -1.8056 6
      vertex -27.7023 -1.8056 0
    endloop
  endfacet
  facet normal 0.729838 0.68362 0
    outer loop
      vertex -27.2981 -2.2981 6
      vertex -27.4435 -2.14287 0
      vertex -27.4435 -2.14287 6
    endloop
  endfacet
  facet normal 0.729838 0.68362 0
    outer loop
      vertex -27.4435 -2.14287 0
      vertex -27.2981 -2.2981 6
      vertex -27.2981 -2.2981 0
    endloop
  endfacet
  facet normal 0.03272 0.999465 -0
    outer loop
      vertex -25 -3.25 0
      vertex -25.2126 -3.24304 6
      vertex -25 -3.25 6
    endloop
  endfacet
  facet normal 0.03272 0.999465 0
    outer loop
      vertex -25.2126 -3.24304 6
      vertex -25 -3.25 0
      vertex -25.2126 -3.24304 0
    endloop
  endfacet
  facet normal 0.16295 0.986634 -0
    outer loop
      vertex -25.4242 -3.2222 0
      vertex -25.634 -3.18755 6
      vertex -25.4242 -3.2222 6
    endloop
  endfacet
  facet normal 0.16295 0.986634 0
    outer loop
      vertex -25.634 -3.18755 6
      vertex -25.4242 -3.2222 0
      vertex -25.634 -3.18755 0
    endloop
  endfacet
  facet normal 0.412729 0.910854 -0
    outer loop
      vertex -26.2437 -3.00261 0
      vertex -26.4374 -2.91484 6
      vertex -26.2437 -3.00261 6
    endloop
  endfacet
  facet normal 0.412729 0.910854 0
    outer loop
      vertex -26.4374 -2.91484 6
      vertex -26.2437 -3.00261 0
      vertex -26.4374 -2.91484 0
    endloop
  endfacet
  facet normal 0.582421 0.812888 -0
    outer loop
      vertex -26.8056 -2.70228 0
      vertex -26.9785 -2.5784 6
      vertex -26.8056 -2.70228 6
    endloop
  endfacet
  facet normal 0.582421 0.812888 0
    outer loop
      vertex -26.9785 -2.5784 6
      vertex -26.8056 -2.70228 0
      vertex -26.9785 -2.5784 0
    endloop
  endfacet
  facet normal -0.986676 0.162696 0
    outer loop
      vertex -21.8124 -0.634043 0
      vertex -21.7778 -0.42421 6
      vertex -21.7778 -0.42421 0
    endloop
  endfacet
  facet normal -0.986676 0.162696 0
    outer loop
      vertex -21.7778 -0.42421 6
      vertex -21.8124 -0.634043 0
      vertex -21.8124 -0.634043 6
    endloop
  endfacet
  facet normal -0.528053 0.849211 0
    outer loop
      vertex -23.1944 -2.70228 0
      vertex -23.375 -2.81458 6
      vertex -23.1944 -2.70228 6
    endloop
  endfacet
  facet normal -0.528053 0.849211 0
    outer loop
      vertex -23.375 -2.81458 6
      vertex -23.1944 -2.70228 0
      vertex -23.375 -2.81458 0
    endloop
  endfacet
  facet normal -0.683641 0.729819 0
    outer loop
      vertex -22.7019 -2.2981 0
      vertex -22.8571 -2.44348 6
      vertex -22.7019 -2.2981 6
    endloop
  endfacet
  facet normal -0.683641 0.729819 0
    outer loop
      vertex -22.8571 -2.44348 6
      vertex -22.7019 -2.2981 0
      vertex -22.8571 -2.44348 0
    endloop
  endfacet
  facet normal 0.986676 -0.162696 0
    outer loop
      vertex -28.2222 0.42421 6
      vertex -28.1876 0.634043 0
      vertex -28.1876 0.634043 6
    endloop
  endfacet
  facet normal 0.986676 -0.162696 0
    outer loop
      vertex -28.1876 0.634043 0
      vertex -28.2222 0.42421 6
      vertex -28.2222 0.42421 0
    endloop
  endfacet
  facet normal 0.97387 -0.227106 0
    outer loop
      vertex -28.1876 0.634043 6
      vertex -28.1393 0.841162 0
      vertex -28.1393 0.841162 6
    endloop
  endfacet
  facet normal 0.97387 -0.227106 0
    outer loop
      vertex -28.1393 0.841162 0
      vertex -28.1876 0.634043 6
      vertex -28.1876 0.634043 0
    endloop
  endfacet
  facet normal 0.956857 -0.290558 0
    outer loop
      vertex -28.1393 0.841162 6
      vertex -28.0775 1.04468 0
      vertex -28.0775 1.04468 6
    endloop
  endfacet
  facet normal 0.956857 -0.290558 0
    outer loop
      vertex -28.0775 1.04468 0
      vertex -28.1393 0.841162 6
      vertex -28.1393 0.841162 0
    endloop
  endfacet
  facet normal 0.882025 -0.471203 0
    outer loop
      vertex -27.9148 1.43744 6
      vertex -27.8146 1.625 0
      vertex -27.8146 1.625 6
    endloop
  endfacet
  facet normal 0.882025 -0.471203 0
    outer loop
      vertex -27.8146 1.625 0
      vertex -27.9148 1.43744 6
      vertex -27.9148 1.43744 0
    endloop
  endfacet
  facet normal 0.935927 -0.352195 0
    outer loop
      vertex -28.0775 1.04468 6
      vertex -28.0026 1.24372 0
      vertex -28.0026 1.24372 6
    endloop
  endfacet
  facet normal 0.935927 -0.352195 0
    outer loop
      vertex -28.0026 1.24372 0
      vertex -28.0775 1.04468 6
      vertex -28.0775 1.04468 0
    endloop
  endfacet
  facet normal 0.582421 -0.812888 0
    outer loop
      vertex -26.9785 2.5784 0
      vertex -26.8056 2.70228 6
      vertex -26.9785 2.5784 6
    endloop
  endfacet
  facet normal 0.582421 -0.812888 0
    outer loop
      vertex -26.8056 2.70228 6
      vertex -26.9785 2.5784 0
      vertex -26.8056 2.70228 0
    endloop
  endfacet
  facet normal 0.849211 -0.528053 0
    outer loop
      vertex -27.8146 1.625 6
      vertex -27.7023 1.8056 0
      vertex -27.7023 1.8056 6
    endloop
  endfacet
  facet normal 0.849211 -0.528053 0
    outer loop
      vertex -27.7023 1.8056 0
      vertex -27.8146 1.625 6
      vertex -27.8146 1.625 0
    endloop
  endfacet
  facet normal -0.634394 -0.77301 0
    outer loop
      vertex -23.0215 2.5784 0
      vertex -22.8571 2.44348 6
      vertex -23.0215 2.5784 6
    endloop
  endfacet
  facet normal -0.634394 -0.77301 -0
    outer loop
      vertex -22.8571 2.44348 6
      vertex -23.0215 2.5784 0
      vertex -22.8571 2.44348 0
    endloop
  endfacet
  facet normal -0.471344 -0.881949 0
    outer loop
      vertex -23.5626 2.91484 0
      vertex -23.375 2.81458 6
      vertex -23.5626 2.91484 6
    endloop
  endfacet
  facet normal -0.471344 -0.881949 -0
    outer loop
      vertex -23.375 2.81458 6
      vertex -23.5626 2.91484 0
      vertex -23.375 2.81458 0
    endloop
  endfacet
  facet normal -0.03272 -0.999465 0
    outer loop
      vertex -25 3.25 0
      vertex -24.7874 3.24304 6
      vertex -25 3.25 6
    endloop
  endfacet
  facet normal -0.03272 -0.999465 -0
    outer loop
      vertex -24.7874 3.24304 6
      vertex -25 3.25 0
      vertex -24.7874 3.24304 0
    endloop
  endfacet
  facet normal 0.03272 -0.999465 0
    outer loop
      vertex -25.2126 3.24304 0
      vertex -25 3.25 6
      vertex -25.2126 3.24304 6
    endloop
  endfacet
  facet normal 0.03272 -0.999465 0
    outer loop
      vertex -25 3.25 6
      vertex -25.2126 3.24304 0
      vertex -25 3.25 0
    endloop
  endfacet
  facet normal -0.956857 -0.290558 0
    outer loop
      vertex -21.8607 0.841162 0
      vertex -21.9225 1.04468 6
      vertex -21.9225 1.04468 0
    endloop
  endfacet
  facet normal -0.956857 -0.290558 0
    outer loop
      vertex -21.9225 1.04468 6
      vertex -21.8607 0.841162 0
      vertex -21.8607 0.841162 6
    endloop
  endfacet
  facet normal -0.910817 -0.412811 0
    outer loop
      vertex -21.9974 1.24372 0
      vertex -22.0852 1.43744 6
      vertex -22.0852 1.43744 0
    endloop
  endfacet
  facet normal -0.910817 -0.412811 0
    outer loop
      vertex -22.0852 1.43744 6
      vertex -21.9974 1.24372 0
      vertex -21.9974 1.24372 6
    endloop
  endfacet
  facet normal -0.935927 -0.352195 0
    outer loop
      vertex -21.9225 1.04468 0
      vertex -21.9974 1.24372 6
      vertex -21.9974 1.24372 0
    endloop
  endfacet
  facet normal -0.935927 -0.352195 0
    outer loop
      vertex -21.9974 1.24372 6
      vertex -21.9225 1.04468 0
      vertex -21.9225 1.04468 6
    endloop
  endfacet
  facet normal 0.0980135 -0.995185 0
    outer loop
      vertex -25.4242 3.2222 0
      vertex -25.2126 3.24304 6
      vertex -25.4242 3.2222 6
    endloop
  endfacet
  facet normal 0.0980135 -0.995185 0
    outer loop
      vertex -25.2126 3.24304 6
      vertex -25.4242 3.2222 0
      vertex -25.2126 3.24304 0
    endloop
  endfacet
  facet normal 0.226977 -0.9739 0
    outer loop
      vertex -25.8412 3.13926 0
      vertex -25.634 3.18755 6
      vertex -25.8412 3.13926 6
    endloop
  endfacet
  facet normal 0.226977 -0.9739 0
    outer loop
      vertex -25.634 3.18755 6
      vertex -25.8412 3.13926 0
      vertex -25.634 3.18755 0
    endloop
  endfacet
  facet normal 0.97387 0.227106 0
    outer loop
      vertex -28.1393 -0.841162 6
      vertex -28.1876 -0.634043 0
      vertex -28.1876 -0.634043 6
    endloop
  endfacet
  facet normal 0.97387 0.227106 0
    outer loop
      vertex -28.1876 -0.634043 0
      vertex -28.1393 -0.841162 6
      vertex -28.1393 -0.841162 0
    endloop
  endfacet
  facet normal 0.910817 -0.412811 0
    outer loop
      vertex -28.0026 1.24372 6
      vertex -27.9148 1.43744 0
      vertex -27.9148 1.43744 6
    endloop
  endfacet
  facet normal 0.910817 -0.412811 0
    outer loop
      vertex -27.9148 1.43744 0
      vertex -28.0026 1.24372 6
      vertex -28.0026 1.24372 0
    endloop
  endfacet
  facet normal 0.528053 -0.849211 0
    outer loop
      vertex -26.8056 2.70228 0
      vertex -26.625 2.81458 6
      vertex -26.8056 2.70228 6
    endloop
  endfacet
  facet normal 0.528053 -0.849211 0
    outer loop
      vertex -26.625 2.81458 6
      vertex -26.8056 2.70228 0
      vertex -26.625 2.81458 0
    endloop
  endfacet
  facet normal 0.729838 -0.68362 0
    outer loop
      vertex -27.4435 2.14287 6
      vertex -27.2981 2.2981 0
      vertex -27.2981 2.2981 6
    endloop
  endfacet
  facet normal 0.729838 -0.68362 0
    outer loop
      vertex -27.2981 2.2981 0
      vertex -27.4435 2.14287 6
      vertex -27.4435 2.14287 0
    endloop
  endfacet
  facet normal 0.683641 -0.729819 0
    outer loop
      vertex -27.2981 2.2981 0
      vertex -27.1429 2.44348 6
      vertex -27.2981 2.2981 6
    endloop
  endfacet
  facet normal 0.683641 -0.729819 0
    outer loop
      vertex -27.1429 2.44348 6
      vertex -27.2981 2.2981 0
      vertex -27.1429 2.44348 0
    endloop
  endfacet
  facet normal 0.812795 -0.582549 0
    outer loop
      vertex -27.7023 1.8056 6
      vertex -27.5784 1.97847 0
      vertex -27.5784 1.97847 6
    endloop
  endfacet
  facet normal 0.812795 -0.582549 0
    outer loop
      vertex -27.5784 1.97847 0
      vertex -27.7023 1.8056 6
      vertex -27.7023 1.8056 0
    endloop
  endfacet
  facet normal -0.528053 -0.849211 0
    outer loop
      vertex -23.375 2.81458 0
      vertex -23.1944 2.70228 6
      vertex -23.375 2.81458 6
    endloop
  endfacet
  facet normal -0.528053 -0.849211 -0
    outer loop
      vertex -23.1944 2.70228 6
      vertex -23.375 2.81458 0
      vertex -23.1944 2.70228 0
    endloop
  endfacet
  facet normal -0.412729 -0.910854 0
    outer loop
      vertex -23.7563 3.00261 0
      vertex -23.5626 2.91484 6
      vertex -23.7563 3.00261 6
    endloop
  endfacet
  facet normal -0.412729 -0.910854 -0
    outer loop
      vertex -23.5626 2.91484 6
      vertex -23.7563 3.00261 0
      vertex -23.5626 2.91484 0
    endloop
  endfacet
  facet normal -0.290323 -0.956929 0
    outer loop
      vertex -24.1588 3.13926 0
      vertex -23.9553 3.07752 6
      vertex -24.1588 3.13926 6
    endloop
  endfacet
  facet normal -0.290323 -0.956929 -0
    outer loop
      vertex -23.9553 3.07752 6
      vertex -24.1588 3.13926 0
      vertex -23.9553 3.07752 0
    endloop
  endfacet
  facet normal -0.0980135 -0.995185 0
    outer loop
      vertex -24.7874 3.24304 0
      vertex -24.5758 3.2222 6
      vertex -24.7874 3.24304 6
    endloop
  endfacet
  facet normal -0.0980135 -0.995185 -0
    outer loop
      vertex -24.5758 3.2222 6
      vertex -24.7874 3.24304 0
      vertex -24.5758 3.2222 0
    endloop
  endfacet
  facet normal -0.882025 -0.471203 0
    outer loop
      vertex -22.0852 1.43744 0
      vertex -22.1854 1.625 6
      vertex -22.1854 1.625 0
    endloop
  endfacet
  facet normal -0.882025 -0.471203 0
    outer loop
      vertex -22.1854 1.625 6
      vertex -22.0852 1.43744 0
      vertex -22.0852 1.43744 6
    endloop
  endfacet
  facet normal -0.812795 -0.582549 0
    outer loop
      vertex -22.2977 1.8056 0
      vertex -22.4216 1.97847 6
      vertex -22.4216 1.97847 0
    endloop
  endfacet
  facet normal -0.812795 -0.582549 0
    outer loop
      vertex -22.4216 1.97847 6
      vertex -22.2977 1.8056 0
      vertex -22.2977 1.8056 6
    endloop
  endfacet
  facet normal -0.683641 -0.729819 0
    outer loop
      vertex -22.8571 2.44348 0
      vertex -22.7019 2.2981 6
      vertex -22.8571 2.44348 6
    endloop
  endfacet
  facet normal -0.683641 -0.729819 -0
    outer loop
      vertex -22.7019 2.2981 6
      vertex -22.8571 2.44348 0
      vertex -22.7019 2.2981 0
    endloop
  endfacet
  facet normal -0.729838 -0.68362 0
    outer loop
      vertex -22.5565 2.14287 0
      vertex -22.7019 2.2981 6
      vertex -22.7019 2.2981 0
    endloop
  endfacet
  facet normal -0.729838 -0.68362 0
    outer loop
      vertex -22.7019 2.2981 6
      vertex -22.5565 2.14287 0
      vertex -22.5565 2.14287 6
    endloop
  endfacet
  facet normal -0.986676 -0.162696 0
    outer loop
      vertex -21.7778 0.42421 0
      vertex -21.8124 0.634043 6
      vertex -21.8124 0.634043 0
    endloop
  endfacet
  facet normal -0.986676 -0.162696 0
    outer loop
      vertex -21.8124 0.634043 6
      vertex -21.7778 0.42421 0
      vertex -21.7778 0.42421 6
    endloop
  endfacet
  facet normal -0.97387 -0.227106 0
    outer loop
      vertex -21.8124 0.634043 0
      vertex -21.8607 0.841162 6
      vertex -21.8607 0.841162 0
    endloop
  endfacet
  facet normal -0.97387 -0.227106 0
    outer loop
      vertex -21.8607 0.841162 6
      vertex -21.8124 0.634043 0
      vertex -21.8124 0.634043 6
    endloop
  endfacet
  facet normal 0.352298 -0.935888 0
    outer loop
      vertex -26.2437 3.00261 0
      vertex -26.0447 3.07752 6
      vertex -26.2437 3.00261 6
    endloop
  endfacet
  facet normal 0.352298 -0.935888 0
    outer loop
      vertex -26.0447 3.07752 6
      vertex -26.2437 3.00261 0
      vertex -26.0447 3.07752 0
    endloop
  endfacet
  facet normal 0.290323 -0.956929 0
    outer loop
      vertex -26.0447 3.07752 0
      vertex -25.8412 3.13926 6
      vertex -26.0447 3.07752 6
    endloop
  endfacet
  facet normal 0.290323 -0.956929 0
    outer loop
      vertex -25.8412 3.13926 6
      vertex -26.0447 3.07752 0
      vertex -25.8412 3.13926 0
    endloop
  endfacet
  facet normal 0.634394 -0.77301 0
    outer loop
      vertex -27.1429 2.44348 0
      vertex -26.9785 2.5784 6
      vertex -27.1429 2.44348 6
    endloop
  endfacet
  facet normal 0.634394 -0.77301 0
    outer loop
      vertex -26.9785 2.5784 6
      vertex -27.1429 2.44348 0
      vertex -26.9785 2.5784 0
    endloop
  endfacet
  facet normal -0.582421 -0.812888 0
    outer loop
      vertex -23.1944 2.70228 0
      vertex -23.0215 2.5784 6
      vertex -23.1944 2.70228 6
    endloop
  endfacet
  facet normal -0.582421 -0.812888 -0
    outer loop
      vertex -23.0215 2.5784 6
      vertex -23.1944 2.70228 0
      vertex -23.0215 2.5784 0
    endloop
  endfacet
  facet normal -0.352298 -0.935888 0
    outer loop
      vertex -23.9553 3.07752 0
      vertex -23.7563 3.00261 6
      vertex -23.9553 3.07752 6
    endloop
  endfacet
  facet normal -0.352298 -0.935888 -0
    outer loop
      vertex -23.7563 3.00261 6
      vertex -23.9553 3.07752 0
      vertex -23.7563 3.00261 0
    endloop
  endfacet
  facet normal -0.226977 -0.9739 0
    outer loop
      vertex -24.366 3.18755 0
      vertex -24.1588 3.13926 6
      vertex -24.366 3.18755 6
    endloop
  endfacet
  facet normal -0.226977 -0.9739 -0
    outer loop
      vertex -24.1588 3.13926 6
      vertex -24.366 3.18755 0
      vertex -24.1588 3.13926 0
    endloop
  endfacet
  facet normal -0.849211 -0.528053 0
    outer loop
      vertex -22.1854 1.625 0
      vertex -22.2977 1.8056 6
      vertex -22.2977 1.8056 0
    endloop
  endfacet
  facet normal -0.849211 -0.528053 0
    outer loop
      vertex -22.2977 1.8056 6
      vertex -22.1854 1.625 0
      vertex -22.1854 1.625 6
    endloop
  endfacet
  facet normal -0.773056 -0.634338 0
    outer loop
      vertex -22.4216 1.97847 0
      vertex -22.5565 2.14287 6
      vertex -22.5565 2.14287 0
    endloop
  endfacet
  facet normal -0.773056 -0.634338 0
    outer loop
      vertex -22.5565 2.14287 6
      vertex -22.4216 1.97847 0
      vertex -22.4216 1.97847 6
    endloop
  endfacet
  facet normal -0.032914 0.999458 0
    outer loop
      vertex 0.21256 -28.243 0
      vertex 0 -28.25 6
      vertex 0.21256 -28.243 6
    endloop
  endfacet
  facet normal -0.032914 0.999458 0
    outer loop
      vertex 0 -28.25 6
      vertex 0.21256 -28.243 0
      vertex 0 -28.25 0
    endloop
  endfacet
  facet normal 0.032914 -0.999458 0
    outer loop
      vertex -0.21256 -21.757 0
      vertex 0 -21.75 6
      vertex -0.21256 -21.757 6
    endloop
  endfacet
  facet normal 0.032914 -0.999458 0
    outer loop
      vertex 0 -21.75 6
      vertex -0.21256 -21.757 0
      vertex 0 -21.75 0
    endloop
  endfacet
  facet normal -0.999465 -0.03272 0
    outer loop
      vertex 3.25 -25 0
      vertex 3.24304 -24.7874 6
      vertex 3.24304 -24.7874 0
    endloop
  endfacet
  facet normal -0.999465 -0.03272 0
    outer loop
      vertex 3.24304 -24.7874 6
      vertex 3.25 -25 0
      vertex 3.25 -25 6
    endloop
  endfacet
  facet normal -0.68362 -0.729838 0
    outer loop
      vertex 2.14287 -22.5565 0
      vertex 2.2981 -22.7019 6
      vertex 2.14287 -22.5565 6
    endloop
  endfacet
  facet normal -0.68362 -0.729838 -0
    outer loop
      vertex 2.2981 -22.7019 6
      vertex 2.14287 -22.5565 0
      vertex 2.2981 -22.7019 0
    endloop
  endfacet
  facet normal -0.910854 -0.412729 0
    outer loop
      vertex 3.00261 -23.7563 0
      vertex 2.91484 -23.5626 6
      vertex 2.91484 -23.5626 0
    endloop
  endfacet
  facet normal -0.910854 -0.412729 0
    outer loop
      vertex 2.91484 -23.5626 6
      vertex 3.00261 -23.7563 0
      vertex 3.00261 -23.7563 6
    endloop
  endfacet
  facet normal -0.352195 -0.935927 0
    outer loop
      vertex 1.04468 -21.9225 0
      vertex 1.24372 -21.9974 6
      vertex 1.04468 -21.9225 6
    endloop
  endfacet
  facet normal -0.352195 -0.935927 -0
    outer loop
      vertex 1.24372 -21.9974 6
      vertex 1.04468 -21.9225 0
      vertex 1.24372 -21.9974 0
    endloop
  endfacet
  facet normal -0.9739 -0.226977 0
    outer loop
      vertex 3.18755 -24.366 0
      vertex 3.13926 -24.1588 6
      vertex 3.13926 -24.1588 0
    endloop
  endfacet
  facet normal -0.9739 -0.226977 0
    outer loop
      vertex 3.13926 -24.1588 6
      vertex 3.18755 -24.366 0
      vertex 3.18755 -24.366 6
    endloop
  endfacet
  facet normal 0.68362 -0.729838 0
    outer loop
      vertex -2.2981 -22.7019 0
      vertex -2.14287 -22.5565 6
      vertex -2.2981 -22.7019 6
    endloop
  endfacet
  facet normal 0.68362 -0.729838 0
    outer loop
      vertex -2.14287 -22.5565 6
      vertex -2.2981 -22.7019 0
      vertex -2.14287 -22.5565 0
    endloop
  endfacet
  facet normal -0.0978043 0.995206 0
    outer loop
      vertex 0.42421 -28.2222 0
      vertex 0.21256 -28.243 6
      vertex 0.42421 -28.2222 6
    endloop
  endfacet
  facet normal -0.0978043 0.995206 0
    outer loop
      vertex 0.21256 -28.243 6
      vertex 0.42421 -28.2222 0
      vertex 0.21256 -28.243 0
    endloop
  endfacet
  facet normal -0.956929 0.290323 0
    outer loop
      vertex 3.07752 -26.0447 0
      vertex 3.13926 -25.8412 6
      vertex 3.13926 -25.8412 0
    endloop
  endfacet
  facet normal -0.956929 0.290323 0
    outer loop
      vertex 3.13926 -25.8412 6
      vertex 3.07752 -26.0447 0
      vertex 3.07752 -26.0447 6
    endloop
  endfacet
  facet normal -0.227106 -0.97387 0
    outer loop
      vertex 0.634043 -21.8124 0
      vertex 0.841162 -21.8607 6
      vertex 0.634043 -21.8124 6
    endloop
  endfacet
  facet normal -0.227106 -0.97387 -0
    outer loop
      vertex 0.841162 -21.8607 6
      vertex 0.634043 -21.8124 0
      vertex 0.841162 -21.8607 0
    endloop
  endfacet
  facet normal -0.528053 -0.849211 0
    outer loop
      vertex 1.625 -22.1854 0
      vertex 1.8056 -22.2977 6
      vertex 1.625 -22.1854 6
    endloop
  endfacet
  facet normal -0.528053 -0.849211 -0
    outer loop
      vertex 1.8056 -22.2977 6
      vertex 1.625 -22.1854 0
      vertex 1.8056 -22.2977 0
    endloop
  endfacet
  facet normal -0.290558 -0.956857 0
    outer loop
      vertex 0.841162 -21.8607 0
      vertex 1.04468 -21.9225 6
      vertex 0.841162 -21.8607 6
    endloop
  endfacet
  facet normal -0.290558 -0.956857 -0
    outer loop
      vertex 1.04468 -21.9225 6
      vertex 0.841162 -21.8607 0
      vertex 1.04468 -21.9225 0
    endloop
  endfacet
  facet normal -0.0978043 -0.995206 0
    outer loop
      vertex 0.21256 -21.757 0
      vertex 0.42421 -21.7778 6
      vertex 0.21256 -21.757 6
    endloop
  endfacet
  facet normal -0.0978043 -0.995206 -0
    outer loop
      vertex 0.42421 -21.7778 6
      vertex 0.21256 -21.757 0
      vertex 0.42421 -21.7778 0
    endloop
  endfacet
  facet normal -0.812888 -0.582421 0
    outer loop
      vertex 2.70228 -23.1944 0
      vertex 2.5784 -23.0215 6
      vertex 2.5784 -23.0215 0
    endloop
  endfacet
  facet normal -0.812888 -0.582421 0
    outer loop
      vertex 2.5784 -23.0215 6
      vertex 2.70228 -23.1944 0
      vertex 2.70228 -23.1944 6
    endloop
  endfacet
  facet normal -0.849211 -0.528053 0
    outer loop
      vertex 2.81458 -23.375 0
      vertex 2.70228 -23.1944 6
      vertex 2.70228 -23.1944 0
    endloop
  endfacet
  facet normal -0.849211 -0.528053 0
    outer loop
      vertex 2.70228 -23.1944 6
      vertex 2.81458 -23.375 0
      vertex 2.81458 -23.375 6
    endloop
  endfacet
  facet normal -0.729819 -0.683641 0
    outer loop
      vertex 2.44348 -22.8571 0
      vertex 2.2981 -22.7019 6
      vertex 2.2981 -22.7019 0
    endloop
  endfacet
  facet normal -0.729819 -0.683641 0
    outer loop
      vertex 2.2981 -22.7019 6
      vertex 2.44348 -22.8571 0
      vertex 2.44348 -22.8571 6
    endloop
  endfacet
  facet normal -0.935888 -0.352298 0
    outer loop
      vertex 3.07752 -23.9553 0
      vertex 3.00261 -23.7563 6
      vertex 3.00261 -23.7563 0
    endloop
  endfacet
  facet normal -0.935888 -0.352298 0
    outer loop
      vertex 3.00261 -23.7563 6
      vertex 3.07752 -23.9553 0
      vertex 3.07752 -23.9553 6
    endloop
  endfacet
  facet normal -0.995185 -0.0980135 0
    outer loop
      vertex 3.24304 -24.7874 0
      vertex 3.2222 -24.5758 6
      vertex 3.2222 -24.5758 0
    endloop
  endfacet
  facet normal -0.995185 -0.0980135 0
    outer loop
      vertex 3.2222 -24.5758 6
      vertex 3.24304 -24.7874 0
      vertex 3.24304 -24.7874 6
    endloop
  endfacet
  facet normal 0.032914 0.999458 -0
    outer loop
      vertex 0 -28.25 0
      vertex -0.21256 -28.243 6
      vertex 0 -28.25 6
    endloop
  endfacet
  facet normal 0.032914 0.999458 0
    outer loop
      vertex -0.21256 -28.243 6
      vertex 0 -28.25 0
      vertex -0.21256 -28.243 0
    endloop
  endfacet
  facet normal 0.995185 0.0980135 0
    outer loop
      vertex -3.2222 -25.4242 6
      vertex -3.24304 -25.2126 0
      vertex -3.24304 -25.2126 6
    endloop
  endfacet
  facet normal 0.995185 0.0980135 0
    outer loop
      vertex -3.24304 -25.2126 0
      vertex -3.2222 -25.4242 6
      vertex -3.2222 -25.4242 0
    endloop
  endfacet
  facet normal 0.986634 0.16295 0
    outer loop
      vertex -3.18755 -25.634 6
      vertex -3.2222 -25.4242 0
      vertex -3.2222 -25.4242 6
    endloop
  endfacet
  facet normal 0.986634 0.16295 0
    outer loop
      vertex -3.2222 -25.4242 0
      vertex -3.18755 -25.634 6
      vertex -3.18755 -25.634 0
    endloop
  endfacet
  facet normal -0.162696 0.986676 0
    outer loop
      vertex 0.634043 -28.1876 0
      vertex 0.42421 -28.2222 6
      vertex 0.634043 -28.1876 6
    endloop
  endfacet
  facet normal -0.162696 0.986676 0
    outer loop
      vertex 0.42421 -28.2222 6
      vertex 0.634043 -28.1876 0
      vertex 0.42421 -28.2222 0
    endloop
  endfacet
  facet normal -0.412811 0.910817 0
    outer loop
      vertex 1.43744 -27.9148 0
      vertex 1.24372 -28.0026 6
      vertex 1.43744 -27.9148 6
    endloop
  endfacet
  facet normal -0.412811 0.910817 0
    outer loop
      vertex 1.24372 -28.0026 6
      vertex 1.43744 -27.9148 0
      vertex 1.24372 -28.0026 0
    endloop
  endfacet
  facet normal -0.290558 0.956857 0
    outer loop
      vertex 1.04468 -28.0775 0
      vertex 0.841162 -28.1393 6
      vertex 1.04468 -28.0775 6
    endloop
  endfacet
  facet normal -0.290558 0.956857 0
    outer loop
      vertex 0.841162 -28.1393 6
      vertex 1.04468 -28.0775 0
      vertex 0.841162 -28.1393 0
    endloop
  endfacet
  facet normal -0.634338 0.773056 0
    outer loop
      vertex 2.14287 -27.4435 0
      vertex 1.97847 -27.5784 6
      vertex 2.14287 -27.4435 6
    endloop
  endfacet
  facet normal -0.634338 0.773056 0
    outer loop
      vertex 1.97847 -27.5784 6
      vertex 2.14287 -27.4435 0
      vertex 1.97847 -27.5784 0
    endloop
  endfacet
  facet normal -0.729819 0.683641 0
    outer loop
      vertex 2.2981 -27.2981 0
      vertex 2.44348 -27.1429 6
      vertex 2.44348 -27.1429 0
    endloop
  endfacet
  facet normal -0.729819 0.683641 0
    outer loop
      vertex 2.44348 -27.1429 6
      vertex 2.2981 -27.2981 0
      vertex 2.2981 -27.2981 6
    endloop
  endfacet
  facet normal -0.582549 0.812795 0
    outer loop
      vertex 1.97847 -27.5784 0
      vertex 1.8056 -27.7023 6
      vertex 1.97847 -27.5784 6
    endloop
  endfacet
  facet normal -0.582549 0.812795 0
    outer loop
      vertex 1.8056 -27.7023 6
      vertex 1.97847 -27.5784 0
      vertex 1.8056 -27.7023 0
    endloop
  endfacet
  facet normal -0.471203 0.882025 0
    outer loop
      vertex 1.625 -27.8146 0
      vertex 1.43744 -27.9148 6
      vertex 1.625 -27.8146 6
    endloop
  endfacet
  facet normal -0.471203 0.882025 0
    outer loop
      vertex 1.43744 -27.9148 6
      vertex 1.625 -27.8146 0
      vertex 1.43744 -27.9148 0
    endloop
  endfacet
  facet normal -0.9739 0.226977 0
    outer loop
      vertex 3.13926 -25.8412 0
      vertex 3.18755 -25.634 6
      vertex 3.18755 -25.634 0
    endloop
  endfacet
  facet normal -0.9739 0.226977 0
    outer loop
      vertex 3.18755 -25.634 6
      vertex 3.13926 -25.8412 0
      vertex 3.13926 -25.8412 6
    endloop
  endfacet
  facet normal -0.995185 0.0980135 0
    outer loop
      vertex 3.2222 -25.4242 0
      vertex 3.24304 -25.2126 6
      vertex 3.24304 -25.2126 0
    endloop
  endfacet
  facet normal -0.995185 0.0980135 0
    outer loop
      vertex 3.24304 -25.2126 6
      vertex 3.2222 -25.4242 0
      vertex 3.2222 -25.4242 6
    endloop
  endfacet
  facet normal -0.881949 0.471344 0
    outer loop
      vertex 2.81458 -26.625 0
      vertex 2.91484 -26.4374 6
      vertex 2.91484 -26.4374 0
    endloop
  endfacet
  facet normal -0.881949 0.471344 0
    outer loop
      vertex 2.91484 -26.4374 6
      vertex 2.81458 -26.625 0
      vertex 2.81458 -26.625 6
    endloop
  endfacet
  facet normal -0.935888 0.352298 0
    outer loop
      vertex 3.00261 -26.2437 0
      vertex 3.07752 -26.0447 6
      vertex 3.07752 -26.0447 0
    endloop
  endfacet
  facet normal -0.935888 0.352298 0
    outer loop
      vertex 3.07752 -26.0447 6
      vertex 3.00261 -26.2437 0
      vertex 3.00261 -26.2437 6
    endloop
  endfacet
  facet normal -0.849211 0.528053 0
    outer loop
      vertex 2.70228 -26.8056 0
      vertex 2.81458 -26.625 6
      vertex 2.81458 -26.625 0
    endloop
  endfacet
  facet normal -0.849211 0.528053 0
    outer loop
      vertex 2.81458 -26.625 6
      vertex 2.70228 -26.8056 0
      vertex 2.70228 -26.8056 6
    endloop
  endfacet
  facet normal -0.77301 0.634394 0
    outer loop
      vertex 2.44348 -27.1429 0
      vertex 2.5784 -26.9785 6
      vertex 2.5784 -26.9785 0
    endloop
  endfacet
  facet normal -0.77301 0.634394 0
    outer loop
      vertex 2.5784 -26.9785 6
      vertex 2.44348 -27.1429 0
      vertex 2.44348 -27.1429 6
    endloop
  endfacet
  facet normal -0.582549 -0.812795 0
    outer loop
      vertex 1.8056 -22.2977 0
      vertex 1.97847 -22.4216 6
      vertex 1.8056 -22.2977 6
    endloop
  endfacet
  facet normal -0.582549 -0.812795 -0
    outer loop
      vertex 1.97847 -22.4216 6
      vertex 1.8056 -22.2977 0
      vertex 1.97847 -22.4216 0
    endloop
  endfacet
  facet normal -0.634338 -0.773056 0
    outer loop
      vertex 1.97847 -22.4216 0
      vertex 2.14287 -22.5565 6
      vertex 1.97847 -22.4216 6
    endloop
  endfacet
  facet normal -0.634338 -0.773056 -0
    outer loop
      vertex 2.14287 -22.5565 6
      vertex 1.97847 -22.4216 0
      vertex 2.14287 -22.5565 0
    endloop
  endfacet
  facet normal -0.471203 -0.882025 0
    outer loop
      vertex 1.43744 -22.0852 0
      vertex 1.625 -22.1854 6
      vertex 1.43744 -22.0852 6
    endloop
  endfacet
  facet normal -0.471203 -0.882025 -0
    outer loop
      vertex 1.625 -22.1854 6
      vertex 1.43744 -22.0852 0
      vertex 1.625 -22.1854 0
    endloop
  endfacet
  facet normal -0.412811 -0.910817 0
    outer loop
      vertex 1.24372 -21.9974 0
      vertex 1.43744 -22.0852 6
      vertex 1.24372 -21.9974 6
    endloop
  endfacet
  facet normal -0.412811 -0.910817 -0
    outer loop
      vertex 1.43744 -22.0852 6
      vertex 1.24372 -21.9974 0
      vertex 1.43744 -22.0852 0
    endloop
  endfacet
  facet normal -0.162696 -0.986676 0
    outer loop
      vertex 0.42421 -21.7778 0
      vertex 0.634043 -21.8124 6
      vertex 0.42421 -21.7778 6
    endloop
  endfacet
  facet normal -0.162696 -0.986676 -0
    outer loop
      vertex 0.634043 -21.8124 6
      vertex 0.42421 -21.7778 0
      vertex 0.634043 -21.8124 0
    endloop
  endfacet
  facet normal -0.032914 -0.999458 0
    outer loop
      vertex 0 -21.75 0
      vertex 0.21256 -21.757 6
      vertex 0 -21.75 6
    endloop
  endfacet
  facet normal -0.032914 -0.999458 -0
    outer loop
      vertex 0.21256 -21.757 6
      vertex 0 -21.75 0
      vertex 0.21256 -21.757 0
    endloop
  endfacet
  facet normal -0.881949 -0.471344 0
    outer loop
      vertex 2.91484 -23.5626 0
      vertex 2.81458 -23.375 6
      vertex 2.81458 -23.375 0
    endloop
  endfacet
  facet normal -0.881949 -0.471344 0
    outer loop
      vertex 2.81458 -23.375 6
      vertex 2.91484 -23.5626 0
      vertex 2.91484 -23.5626 6
    endloop
  endfacet
  facet normal -0.77301 -0.634394 0
    outer loop
      vertex 2.5784 -23.0215 0
      vertex 2.44348 -22.8571 6
      vertex 2.44348 -22.8571 0
    endloop
  endfacet
  facet normal -0.77301 -0.634394 0
    outer loop
      vertex 2.44348 -22.8571 6
      vertex 2.5784 -23.0215 0
      vertex 2.5784 -23.0215 6
    endloop
  endfacet
  facet normal -0.956929 -0.290323 0
    outer loop
      vertex 3.13926 -24.1588 0
      vertex 3.07752 -23.9553 6
      vertex 3.07752 -23.9553 0
    endloop
  endfacet
  facet normal -0.956929 -0.290323 0
    outer loop
      vertex 3.07752 -23.9553 6
      vertex 3.13926 -24.1588 0
      vertex 3.13926 -24.1588 6
    endloop
  endfacet
  facet normal 0.290558 0.956857 -0
    outer loop
      vertex -0.841162 -28.1393 0
      vertex -1.04468 -28.0775 6
      vertex -0.841162 -28.1393 6
    endloop
  endfacet
  facet normal 0.290558 0.956857 0
    outer loop
      vertex -1.04468 -28.0775 6
      vertex -0.841162 -28.1393 0
      vertex -1.04468 -28.0775 0
    endloop
  endfacet
  facet normal 0.0978043 0.995206 -0
    outer loop
      vertex -0.21256 -28.243 0
      vertex -0.42421 -28.2222 6
      vertex -0.21256 -28.243 6
    endloop
  endfacet
  facet normal 0.0978043 0.995206 0
    outer loop
      vertex -0.42421 -28.2222 6
      vertex -0.21256 -28.243 0
      vertex -0.42421 -28.2222 0
    endloop
  endfacet
  facet normal 0.227106 -0.97387 0
    outer loop
      vertex -0.841162 -21.8607 0
      vertex -0.634043 -21.8124 6
      vertex -0.841162 -21.8607 6
    endloop
  endfacet
  facet normal 0.227106 -0.97387 0
    outer loop
      vertex -0.634043 -21.8124 6
      vertex -0.841162 -21.8607 0
      vertex -0.634043 -21.8124 0
    endloop
  endfacet
  facet normal 0.910854 0.412729 0
    outer loop
      vertex -2.91484 -26.4374 6
      vertex -3.00261 -26.2437 0
      vertex -3.00261 -26.2437 6
    endloop
  endfacet
  facet normal 0.910854 0.412729 0
    outer loop
      vertex -3.00261 -26.2437 0
      vertex -2.91484 -26.4374 6
      vertex -2.91484 -26.4374 0
    endloop
  endfacet
  facet normal 0.956929 0.290323 0
    outer loop
      vertex -3.07752 -26.0447 6
      vertex -3.13926 -25.8412 0
      vertex -3.13926 -25.8412 6
    endloop
  endfacet
  facet normal 0.956929 0.290323 0
    outer loop
      vertex -3.13926 -25.8412 0
      vertex -3.07752 -26.0447 6
      vertex -3.07752 -26.0447 0
    endloop
  endfacet
  facet normal -0.227106 0.97387 0
    outer loop
      vertex 0.841162 -28.1393 0
      vertex 0.634043 -28.1876 6
      vertex 0.841162 -28.1393 6
    endloop
  endfacet
  facet normal -0.227106 0.97387 0
    outer loop
      vertex 0.634043 -28.1876 6
      vertex 0.841162 -28.1393 0
      vertex 0.634043 -28.1876 0
    endloop
  endfacet
  facet normal -0.352195 0.935927 0
    outer loop
      vertex 1.24372 -28.0026 0
      vertex 1.04468 -28.0775 6
      vertex 1.24372 -28.0026 6
    endloop
  endfacet
  facet normal -0.352195 0.935927 0
    outer loop
      vertex 1.04468 -28.0775 6
      vertex 1.24372 -28.0026 0
      vertex 1.04468 -28.0775 0
    endloop
  endfacet
  facet normal -0.68362 0.729838 0
    outer loop
      vertex 2.2981 -27.2981 0
      vertex 2.14287 -27.4435 6
      vertex 2.2981 -27.2981 6
    endloop
  endfacet
  facet normal -0.68362 0.729838 0
    outer loop
      vertex 2.14287 -27.4435 6
      vertex 2.2981 -27.2981 0
      vertex 2.14287 -27.4435 0
    endloop
  endfacet
  facet normal -0.528053 0.849211 0
    outer loop
      vertex 1.8056 -27.7023 0
      vertex 1.625 -27.8146 6
      vertex 1.8056 -27.7023 6
    endloop
  endfacet
  facet normal -0.528053 0.849211 0
    outer loop
      vertex 1.625 -27.8146 6
      vertex 1.8056 -27.7023 0
      vertex 1.625 -27.8146 0
    endloop
  endfacet
  facet normal -0.986634 0.16295 0
    outer loop
      vertex 3.18755 -25.634 0
      vertex 3.2222 -25.4242 6
      vertex 3.2222 -25.4242 0
    endloop
  endfacet
  facet normal -0.986634 0.16295 0
    outer loop
      vertex 3.2222 -25.4242 6
      vertex 3.18755 -25.634 0
      vertex 3.18755 -25.634 6
    endloop
  endfacet
  facet normal -0.999465 0.03272 0
    outer loop
      vertex 3.24304 -25.2126 0
      vertex 3.25 -25 6
      vertex 3.25 -25 0
    endloop
  endfacet
  facet normal -0.999465 0.03272 0
    outer loop
      vertex 3.25 -25 6
      vertex 3.24304 -25.2126 0
      vertex 3.24304 -25.2126 6
    endloop
  endfacet
  facet normal -0.910854 0.412729 0
    outer loop
      vertex 2.91484 -26.4374 0
      vertex 3.00261 -26.2437 6
      vertex 3.00261 -26.2437 0
    endloop
  endfacet
  facet normal -0.910854 0.412729 0
    outer loop
      vertex 3.00261 -26.2437 6
      vertex 2.91484 -26.4374 0
      vertex 2.91484 -26.4374 6
    endloop
  endfacet
  facet normal -0.812888 0.582421 0
    outer loop
      vertex 2.5784 -26.9785 0
      vertex 2.70228 -26.8056 6
      vertex 2.70228 -26.8056 0
    endloop
  endfacet
  facet normal -0.812888 0.582421 0
    outer loop
      vertex 2.70228 -26.8056 6
      vertex 2.5784 -26.9785 0
      vertex 2.5784 -26.9785 6
    endloop
  endfacet
  facet normal -0.986634 -0.16295 0
    outer loop
      vertex 3.2222 -24.5758 0
      vertex 3.18755 -24.366 6
      vertex 3.18755 -24.366 0
    endloop
  endfacet
  facet normal -0.986634 -0.16295 0
    outer loop
      vertex 3.18755 -24.366 6
      vertex 3.2222 -24.5758 0
      vertex 3.2222 -24.5758 6
    endloop
  endfacet
  facet normal 0.471203 0.882025 -0
    outer loop
      vertex -1.43744 -27.9148 0
      vertex -1.625 -27.8146 6
      vertex -1.43744 -27.9148 6
    endloop
  endfacet
  facet normal 0.471203 0.882025 0
    outer loop
      vertex -1.625 -27.8146 6
      vertex -1.43744 -27.9148 0
      vertex -1.625 -27.8146 0
    endloop
  endfacet
  facet normal 0.352195 0.935927 -0
    outer loop
      vertex -1.04468 -28.0775 0
      vertex -1.24372 -28.0026 6
      vertex -1.04468 -28.0775 6
    endloop
  endfacet
  facet normal 0.352195 0.935927 0
    outer loop
      vertex -1.24372 -28.0026 6
      vertex -1.04468 -28.0775 0
      vertex -1.24372 -28.0026 0
    endloop
  endfacet
  facet normal 0.227106 0.97387 -0
    outer loop
      vertex -0.634043 -28.1876 0
      vertex -0.841162 -28.1393 6
      vertex -0.634043 -28.1876 6
    endloop
  endfacet
  facet normal 0.227106 0.97387 0
    outer loop
      vertex -0.841162 -28.1393 6
      vertex -0.634043 -28.1876 0
      vertex -0.841162 -28.1393 0
    endloop
  endfacet
  facet normal 0.162696 0.986676 -0
    outer loop
      vertex -0.42421 -28.2222 0
      vertex -0.634043 -28.1876 6
      vertex -0.42421 -28.2222 6
    endloop
  endfacet
  facet normal 0.162696 0.986676 0
    outer loop
      vertex -0.634043 -28.1876 6
      vertex -0.42421 -28.2222 0
      vertex -0.634043 -28.1876 0
    endloop
  endfacet
  facet normal 0.634338 0.773056 -0
    outer loop
      vertex -1.97847 -27.5784 0
      vertex -2.14287 -27.4435 6
      vertex -1.97847 -27.5784 6
    endloop
  endfacet
  facet normal 0.634338 0.773056 0
    outer loop
      vertex -2.14287 -27.4435 6
      vertex -1.97847 -27.5784 0
      vertex -2.14287 -27.4435 0
    endloop
  endfacet
  facet normal 0.881949 0.471344 0
    outer loop
      vertex -2.81458 -26.625 6
      vertex -2.91484 -26.4374 0
      vertex -2.91484 -26.4374 6
    endloop
  endfacet
  facet normal 0.881949 0.471344 0
    outer loop
      vertex -2.91484 -26.4374 0
      vertex -2.81458 -26.625 6
      vertex -2.81458 -26.625 0
    endloop
  endfacet
  facet normal 0.999465 0.03272 0
    outer loop
      vertex -3.24304 -25.2126 6
      vertex -3.25 -25 0
      vertex -3.25 -25 6
    endloop
  endfacet
  facet normal 0.999465 0.03272 0
    outer loop
      vertex -3.25 -25 0
      vertex -3.24304 -25.2126 6
      vertex -3.24304 -25.2126 0
    endloop
  endfacet
  facet normal 0.986634 -0.16295 0
    outer loop
      vertex -3.2222 -24.5758 6
      vertex -3.18755 -24.366 0
      vertex -3.18755 -24.366 6
    endloop
  endfacet
  facet normal 0.986634 -0.16295 0
    outer loop
      vertex -3.18755 -24.366 0
      vertex -3.2222 -24.5758 6
      vertex -3.2222 -24.5758 0
    endloop
  endfacet
  facet normal 0.77301 -0.634394 0
    outer loop
      vertex -2.5784 -23.0215 6
      vertex -2.44348 -22.8571 0
      vertex -2.44348 -22.8571 6
    endloop
  endfacet
  facet normal 0.77301 -0.634394 0
    outer loop
      vertex -2.44348 -22.8571 0
      vertex -2.5784 -23.0215 6
      vertex -2.5784 -23.0215 0
    endloop
  endfacet
  facet normal 0.582549 -0.812795 0
    outer loop
      vertex -1.97847 -22.4216 0
      vertex -1.8056 -22.2977 6
      vertex -1.97847 -22.4216 6
    endloop
  endfacet
  facet normal 0.582549 -0.812795 0
    outer loop
      vertex -1.8056 -22.2977 6
      vertex -1.97847 -22.4216 0
      vertex -1.8056 -22.2977 0
    endloop
  endfacet
  facet normal 0.729819 -0.683641 0
    outer loop
      vertex -2.44348 -22.8571 6
      vertex -2.2981 -22.7019 0
      vertex -2.2981 -22.7019 6
    endloop
  endfacet
  facet normal 0.729819 -0.683641 0
    outer loop
      vertex -2.2981 -22.7019 0
      vertex -2.44348 -22.8571 6
      vertex -2.44348 -22.8571 0
    endloop
  endfacet
  facet normal 0.412811 -0.910817 0
    outer loop
      vertex -1.43744 -22.0852 0
      vertex -1.24372 -21.9974 6
      vertex -1.43744 -22.0852 6
    endloop
  endfacet
  facet normal 0.412811 -0.910817 0
    outer loop
      vertex -1.24372 -21.9974 6
      vertex -1.43744 -22.0852 0
      vertex -1.24372 -21.9974 0
    endloop
  endfacet
  facet normal 0.0978043 -0.995206 0
    outer loop
      vertex -0.42421 -21.7778 0
      vertex -0.21256 -21.757 6
      vertex -0.42421 -21.7778 6
    endloop
  endfacet
  facet normal 0.0978043 -0.995206 0
    outer loop
      vertex -0.21256 -21.757 6
      vertex -0.42421 -21.7778 0
      vertex -0.21256 -21.757 0
    endloop
  endfacet
  facet normal 0.412811 0.910817 -0
    outer loop
      vertex -1.24372 -28.0026 0
      vertex -1.43744 -27.9148 6
      vertex -1.24372 -28.0026 6
    endloop
  endfacet
  facet normal 0.412811 0.910817 0
    outer loop
      vertex -1.43744 -27.9148 6
      vertex -1.24372 -28.0026 0
      vertex -1.43744 -27.9148 0
    endloop
  endfacet
  facet normal 0.582549 0.812795 -0
    outer loop
      vertex -1.8056 -27.7023 0
      vertex -1.97847 -27.5784 6
      vertex -1.8056 -27.7023 6
    endloop
  endfacet
  facet normal 0.582549 0.812795 0
    outer loop
      vertex -1.97847 -27.5784 6
      vertex -1.8056 -27.7023 0
      vertex -1.97847 -27.5784 0
    endloop
  endfacet
  facet normal 0.528053 0.849211 -0
    outer loop
      vertex -1.625 -27.8146 0
      vertex -1.8056 -27.7023 6
      vertex -1.625 -27.8146 6
    endloop
  endfacet
  facet normal 0.528053 0.849211 0
    outer loop
      vertex -1.8056 -27.7023 6
      vertex -1.625 -27.8146 0
      vertex -1.8056 -27.7023 0
    endloop
  endfacet
  facet normal 0.812888 0.582421 0
    outer loop
      vertex -2.5784 -26.9785 6
      vertex -2.70228 -26.8056 0
      vertex -2.70228 -26.8056 6
    endloop
  endfacet
  facet normal 0.812888 0.582421 0
    outer loop
      vertex -2.70228 -26.8056 0
      vertex -2.5784 -26.9785 6
      vertex -2.5784 -26.9785 0
    endloop
  endfacet
  facet normal 0.68362 0.729838 -0
    outer loop
      vertex -2.14287 -27.4435 0
      vertex -2.2981 -27.2981 6
      vertex -2.14287 -27.4435 6
    endloop
  endfacet
  facet normal 0.68362 0.729838 0
    outer loop
      vertex -2.2981 -27.2981 6
      vertex -2.14287 -27.4435 0
      vertex -2.2981 -27.2981 0
    endloop
  endfacet
  facet normal 0.999465 -0.03272 0
    outer loop
      vertex -3.25 -25 6
      vertex -3.24304 -24.7874 0
      vertex -3.24304 -24.7874 6
    endloop
  endfacet
  facet normal 0.999465 -0.03272 0
    outer loop
      vertex -3.24304 -24.7874 0
      vertex -3.25 -25 6
      vertex -3.25 -25 0
    endloop
  endfacet
  facet normal 0.634338 -0.773056 0
    outer loop
      vertex -2.14287 -22.5565 0
      vertex -1.97847 -22.4216 6
      vertex -2.14287 -22.5565 6
    endloop
  endfacet
  facet normal 0.634338 -0.773056 0
    outer loop
      vertex -1.97847 -22.4216 6
      vertex -2.14287 -22.5565 0
      vertex -1.97847 -22.4216 0
    endloop
  endfacet
  facet normal 0.352195 -0.935927 0
    outer loop
      vertex -1.24372 -21.9974 0
      vertex -1.04468 -21.9225 6
      vertex -1.24372 -21.9974 6
    endloop
  endfacet
  facet normal 0.352195 -0.935927 0
    outer loop
      vertex -1.04468 -21.9225 6
      vertex -1.24372 -21.9974 0
      vertex -1.04468 -21.9225 0
    endloop
  endfacet
  facet normal 0.290558 -0.956857 0
    outer loop
      vertex -1.04468 -21.9225 0
      vertex -0.841162 -21.8607 6
      vertex -1.04468 -21.9225 6
    endloop
  endfacet
  facet normal 0.290558 -0.956857 0
    outer loop
      vertex -0.841162 -21.8607 6
      vertex -1.04468 -21.9225 0
      vertex -0.841162 -21.8607 0
    endloop
  endfacet
  facet normal 0.162696 -0.986676 0
    outer loop
      vertex -0.634043 -21.8124 0
      vertex -0.42421 -21.7778 6
      vertex -0.634043 -21.8124 6
    endloop
  endfacet
  facet normal 0.162696 -0.986676 0
    outer loop
      vertex -0.42421 -21.7778 6
      vertex -0.634043 -21.8124 0
      vertex -0.42421 -21.7778 0
    endloop
  endfacet
  facet normal 0.935888 0.352298 0
    outer loop
      vertex -3.00261 -26.2437 6
      vertex -3.07752 -26.0447 0
      vertex -3.07752 -26.0447 6
    endloop
  endfacet
  facet normal 0.935888 0.352298 0
    outer loop
      vertex -3.07752 -26.0447 0
      vertex -3.00261 -26.2437 6
      vertex -3.00261 -26.2437 0
    endloop
  endfacet
  facet normal 0.9739 0.226977 0
    outer loop
      vertex -3.13926 -25.8412 6
      vertex -3.18755 -25.634 0
      vertex -3.18755 -25.634 6
    endloop
  endfacet
  facet normal 0.9739 0.226977 0
    outer loop
      vertex -3.18755 -25.634 0
      vertex -3.13926 -25.8412 6
      vertex -3.13926 -25.8412 0
    endloop
  endfacet
  facet normal 0.849211 0.528053 0
    outer loop
      vertex -2.70228 -26.8056 6
      vertex -2.81458 -26.625 0
      vertex -2.81458 -26.625 6
    endloop
  endfacet
  facet normal 0.849211 0.528053 0
    outer loop
      vertex -2.81458 -26.625 0
      vertex -2.70228 -26.8056 6
      vertex -2.70228 -26.8056 0
    endloop
  endfacet
  facet normal 0.77301 0.634394 0
    outer loop
      vertex -2.44348 -27.1429 6
      vertex -2.5784 -26.9785 0
      vertex -2.5784 -26.9785 6
    endloop
  endfacet
  facet normal 0.77301 0.634394 0
    outer loop
      vertex -2.5784 -26.9785 0
      vertex -2.44348 -27.1429 6
      vertex -2.44348 -27.1429 0
    endloop
  endfacet
  facet normal 0.995185 -0.0980135 0
    outer loop
      vertex -3.24304 -24.7874 6
      vertex -3.2222 -24.5758 0
      vertex -3.2222 -24.5758 6
    endloop
  endfacet
  facet normal 0.995185 -0.0980135 0
    outer loop
      vertex -3.2222 -24.5758 0
      vertex -3.24304 -24.7874 6
      vertex -3.24304 -24.7874 0
    endloop
  endfacet
  facet normal 0.956929 -0.290323 0
    outer loop
      vertex -3.13926 -24.1588 6
      vertex -3.07752 -23.9553 0
      vertex -3.07752 -23.9553 6
    endloop
  endfacet
  facet normal 0.956929 -0.290323 0
    outer loop
      vertex -3.07752 -23.9553 0
      vertex -3.13926 -24.1588 6
      vertex -3.13926 -24.1588 0
    endloop
  endfacet
  facet normal 0.812888 -0.582421 0
    outer loop
      vertex -2.70228 -23.1944 6
      vertex -2.5784 -23.0215 0
      vertex -2.5784 -23.0215 6
    endloop
  endfacet
  facet normal 0.812888 -0.582421 0
    outer loop
      vertex -2.5784 -23.0215 0
      vertex -2.70228 -23.1944 6
      vertex -2.70228 -23.1944 0
    endloop
  endfacet
  facet normal 0.935888 -0.352298 0
    outer loop
      vertex -3.07752 -23.9553 6
      vertex -3.00261 -23.7563 0
      vertex -3.00261 -23.7563 6
    endloop
  endfacet
  facet normal 0.935888 -0.352298 0
    outer loop
      vertex -3.00261 -23.7563 0
      vertex -3.07752 -23.9553 6
      vertex -3.07752 -23.9553 0
    endloop
  endfacet
  facet normal 0.528053 -0.849211 0
    outer loop
      vertex -1.8056 -22.2977 0
      vertex -1.625 -22.1854 6
      vertex -1.8056 -22.2977 6
    endloop
  endfacet
  facet normal 0.528053 -0.849211 0
    outer loop
      vertex -1.625 -22.1854 6
      vertex -1.8056 -22.2977 0
      vertex -1.625 -22.1854 0
    endloop
  endfacet
  facet normal 0.729819 0.683641 0
    outer loop
      vertex -2.2981 -27.2981 6
      vertex -2.44348 -27.1429 0
      vertex -2.44348 -27.1429 6
    endloop
  endfacet
  facet normal 0.729819 0.683641 0
    outer loop
      vertex -2.44348 -27.1429 0
      vertex -2.2981 -27.2981 6
      vertex -2.2981 -27.2981 0
    endloop
  endfacet
  facet normal 0.9739 -0.226977 0
    outer loop
      vertex -3.18755 -24.366 6
      vertex -3.13926 -24.1588 0
      vertex -3.13926 -24.1588 6
    endloop
  endfacet
  facet normal 0.9739 -0.226977 0
    outer loop
      vertex -3.13926 -24.1588 0
      vertex -3.18755 -24.366 6
      vertex -3.18755 -24.366 0
    endloop
  endfacet
  facet normal 0.849211 -0.528053 0
    outer loop
      vertex -2.81458 -23.375 6
      vertex -2.70228 -23.1944 0
      vertex -2.70228 -23.1944 6
    endloop
  endfacet
  facet normal 0.849211 -0.528053 0
    outer loop
      vertex -2.70228 -23.1944 0
      vertex -2.81458 -23.375 6
      vertex -2.81458 -23.375 0
    endloop
  endfacet
  facet normal 0.910854 -0.412729 0
    outer loop
      vertex -3.00261 -23.7563 6
      vertex -2.91484 -23.5626 0
      vertex -2.91484 -23.5626 6
    endloop
  endfacet
  facet normal 0.910854 -0.412729 0
    outer loop
      vertex -2.91484 -23.5626 0
      vertex -3.00261 -23.7563 6
      vertex -3.00261 -23.7563 0
    endloop
  endfacet
  facet normal 0.881949 -0.471344 0
    outer loop
      vertex -2.91484 -23.5626 6
      vertex -2.81458 -23.375 0
      vertex -2.81458 -23.375 6
    endloop
  endfacet
  facet normal 0.881949 -0.471344 0
    outer loop
      vertex -2.81458 -23.375 0
      vertex -2.91484 -23.5626 6
      vertex -2.91484 -23.5626 0
    endloop
  endfacet
  facet normal 0.471203 -0.882025 0
    outer loop
      vertex -1.625 -22.1854 0
      vertex -1.43744 -22.0852 6
      vertex -1.625 -22.1854 6
    endloop
  endfacet
  facet normal 0.471203 -0.882025 0
    outer loop
      vertex -1.43744 -22.0852 6
      vertex -1.625 -22.1854 0
      vertex -1.43744 -22.0852 0
    endloop
  endfacet
  facet normal -0.683551 -0.729902 0
    outer loop
      vertex 19.6557 19.9332 0
      vertex 19.799 19.799 6
      vertex 19.6557 19.9332 6
    endloop
  endfacet
  facet normal -0.683551 -0.729902 -0
    outer loop
      vertex 19.799 19.799 6
      vertex 19.6557 19.9332 0
      vertex 19.799 19.799 0
    endloop
  endfacet
  facet normal 0.729902 -0.683551 0
    outer loop
      vertex 15.4221 19.6557 6
      vertex 15.5563 19.799 0
      vertex 15.5563 19.799 6
    endloop
  endfacet
  facet normal 0.729902 -0.683551 0
    outer loop
      vertex 15.5563 19.799 0
      vertex 15.4221 19.6557 6
      vertex 15.4221 19.6557 0
    endloop
  endfacet
  facet normal -0.729902 0.683551 0
    outer loop
      vertex 19.799 15.5563 0
      vertex 19.9332 15.6996 6
      vertex 19.9332 15.6996 0
    endloop
  endfacet
  facet normal -0.729902 0.683551 0
    outer loop
      vertex 19.9332 15.6996 6
      vertex 19.799 15.5563 0
      vertex 19.799 15.5563 6
    endloop
  endfacet
  facet normal 0.0331113 -0.999452 0
    outer loop
      vertex 17.4815 20.6712 0
      vertex 17.6777 20.6777 6
      vertex 17.4815 20.6712 6
    endloop
  endfacet
  facet normal 0.0331113 -0.999452 0
    outer loop
      vertex 17.6777 20.6777 6
      vertex 17.4815 20.6712 0
      vertex 17.6777 20.6777 0
    endloop
  endfacet
  facet normal 0.999468 0.0326024 0
    outer loop
      vertex 14.6841 17.4815 6
      vertex 14.6777 17.6777 0
      vertex 14.6777 17.6777 6
    endloop
  endfacet
  facet normal 0.999468 0.0326024 0
    outer loop
      vertex 14.6777 17.6777 0
      vertex 14.6841 17.4815 6
      vertex 14.6841 17.4815 0
    endloop
  endfacet
  facet normal 0.935973 -0.352072 0
    outer loop
      vertex 14.8369 18.642 6
      vertex 14.906 18.8257 0
      vertex 14.906 18.8257 6
    endloop
  endfacet
  facet normal 0.935973 -0.352072 0
    outer loop
      vertex 14.906 18.8257 0
      vertex 14.8369 18.642 6
      vertex 14.8369 18.642 0
    endloop
  endfacet
  facet normal -0.352519 -0.935805 0
    outer loop
      vertex 18.642 20.5185 0
      vertex 18.8257 20.4493 6
      vertex 18.642 20.5185 6
    endloop
  endfacet
  facet normal -0.352519 -0.935805 -0
    outer loop
      vertex 18.8257 20.4493 6
      vertex 18.642 20.5185 0
      vertex 18.8257 20.4493 0
    endloop
  endfacet
  facet normal 0.227165 -0.973856 0
    outer loop
      vertex 16.9012 20.5754 0
      vertex 17.0924 20.62 6
      vertex 16.9012 20.5754 6
    endloop
  endfacet
  facet normal 0.227165 -0.973856 0
    outer loop
      vertex 17.0924 20.62 6
      vertex 16.9012 20.5754 0
      vertex 17.0924 20.62 0
    endloop
  endfacet
  facet normal 0.956896 0.290432 0
    outer loop
      vertex 14.8369 16.7134 6
      vertex 14.7799 16.9012 0
      vertex 14.7799 16.9012 6
    endloop
  endfacet
  facet normal 0.956896 0.290432 0
    outer loop
      vertex 14.7799 16.9012 0
      vertex 14.8369 16.7134 6
      vertex 14.8369 16.7134 0
    endloop
  endfacet
  facet normal 0.999468 -0.0326024 0
    outer loop
      vertex 14.6777 17.6777 6
      vertex 14.6841 17.8739 0
      vertex 14.6841 17.8739 6
    endloop
  endfacet
  facet normal 0.999468 -0.0326024 0
    outer loop
      vertex 14.6841 17.8739 0
      vertex 14.6777 17.6777 6
      vertex 14.6777 17.6777 0
    endloop
  endfacet
  facet normal 0.849112 -0.528212 0
    outer loop
      vertex 15.0796 19.1777 6
      vertex 15.1833 19.3444 0
      vertex 15.1833 19.3444 6
    endloop
  endfacet
  facet normal 0.849112 -0.528212 0
    outer loop
      vertex 15.1833 19.3444 0
      vertex 15.0796 19.1777 6
      vertex 15.0796 19.1777 0
    endloop
  endfacet
  facet normal -0.527845 -0.849341 0
    outer loop
      vertex 19.1777 20.2757 0
      vertex 19.3444 20.1721 6
      vertex 19.1777 20.2757 6
    endloop
  endfacet
  facet normal -0.527845 -0.849341 -0
    outer loop
      vertex 19.3444 20.1721 6
      vertex 19.1777 20.2757 0
      vertex 19.3444 20.1721 0
    endloop
  endfacet
  facet normal -0.162995 -0.986627 0
    outer loop
      vertex 18.0692 20.652 0
      vertex 18.2629 20.62 6
      vertex 18.0692 20.652 6
    endloop
  endfacet
  facet normal -0.162995 -0.986627 -0
    outer loop
      vertex 18.2629 20.62 6
      vertex 18.0692 20.652 0
      vertex 18.2629 20.62 0
    endloop
  endfacet
  facet normal 0.582586 -0.812769 0
    outer loop
      vertex 15.8514 20.0577 0
      vertex 16.011 20.1721 6
      vertex 15.8514 20.0577 6
    endloop
  endfacet
  facet normal 0.582586 -0.812769 0
    outer loop
      vertex 16.011 20.1721 6
      vertex 15.8514 20.0577 0
      vertex 16.011 20.1721 0
    endloop
  endfacet
  facet normal 0.634153 -0.773208 0
    outer loop
      vertex 15.6996 19.9332 0
      vertex 15.8514 20.0577 6
      vertex 15.6996 19.9332 6
    endloop
  endfacet
  facet normal 0.634153 -0.773208 0
    outer loop
      vertex 15.8514 20.0577 6
      vertex 15.6996 19.9332 0
      vertex 15.8514 20.0577 0
    endloop
  endfacet
  facet normal 0.162995 -0.986627 0
    outer loop
      vertex 17.0924 20.62 0
      vertex 17.2861 20.652 6
      vertex 17.0924 20.62 6
    endloop
  endfacet
  facet normal 0.162995 -0.986627 0
    outer loop
      vertex 17.2861 20.652 6
      vertex 17.0924 20.62 0
      vertex 17.2861 20.652 0
    endloop
  endfacet
  facet normal 0.973856 0.227165 0
    outer loop
      vertex 14.7799 16.9012 6
      vertex 14.7353 17.0924 0
      vertex 14.7353 17.0924 6
    endloop
  endfacet
  facet normal 0.973856 0.227165 0
    outer loop
      vertex 14.7353 17.0924 0
      vertex 14.7799 16.9012 6
      vertex 14.7799 16.9012 0
    endloop
  endfacet
  facet normal 0.849112 0.528212 0
    outer loop
      vertex 15.1833 16.011 6
      vertex 15.0796 16.1777 0
      vertex 15.0796 16.1777 6
    endloop
  endfacet
  facet normal 0.849112 0.528212 0
    outer loop
      vertex 15.0796 16.1777 0
      vertex 15.1833 16.011 6
      vertex 15.1833 16.011 0
    endloop
  endfacet
  facet normal 0.881972 0.471302 0
    outer loop
      vertex 15.0796 16.1777 6
      vertex 14.9871 16.3508 0
      vertex 14.9871 16.3508 6
    endloop
  endfacet
  facet normal 0.881972 0.471302 0
    outer loop
      vertex 14.9871 16.3508 0
      vertex 15.0796 16.1777 6
      vertex 15.0796 16.1777 0
    endloop
  endfacet
  facet normal 0.986627 -0.162995 0
    outer loop
      vertex 14.7033 18.0692 6
      vertex 14.7353 18.2629 0
      vertex 14.7353 18.2629 6
    endloop
  endfacet
  facet normal 0.986627 -0.162995 0
    outer loop
      vertex 14.7353 18.2629 0
      vertex 14.7033 18.0692 6
      vertex 14.7033 18.0692 0
    endloop
  endfacet
  facet normal 0.995202 -0.0978386 0
    outer loop
      vertex 14.6841 17.8739 6
      vertex 14.7033 18.0692 0
      vertex 14.7033 18.0692 6
    endloop
  endfacet
  facet normal 0.995202 -0.0978386 0
    outer loop
      vertex 14.7033 18.0692 0
      vertex 14.6841 17.8739 6
      vertex 14.6841 17.8739 0
    endloop
  endfacet
  facet normal 0.81301 -0.58225 0
    outer loop
      vertex 15.1833 19.3444 6
      vertex 15.2976 19.504 0
      vertex 15.2976 19.504 6
    endloop
  endfacet
  facet normal 0.81301 -0.58225 0
    outer loop
      vertex 15.2976 19.504 0
      vertex 15.1833 19.3444 6
      vertex 15.1833 19.3444 0
    endloop
  endfacet
  facet normal -0.881873 -0.471487 0
    outer loop
      vertex 20.3683 19.0045 0
      vertex 20.2757 19.1777 6
      vertex 20.2757 19.1777 0
    endloop
  endfacet
  facet normal -0.881873 -0.471487 0
    outer loop
      vertex 20.2757 19.1777 6
      vertex 20.3683 19.0045 0
      vertex 20.3683 19.0045 6
    endloop
  endfacet
  facet normal -0.999452 -0.0331113 0
    outer loop
      vertex 20.6777 17.6777 0
      vertex 20.6712 17.8739 6
      vertex 20.6712 17.8739 0
    endloop
  endfacet
  facet normal -0.999452 -0.0331113 0
    outer loop
      vertex 20.6712 17.8739 6
      vertex 20.6777 17.6777 0
      vertex 20.6777 17.6777 6
    endloop
  endfacet
  facet normal -0.973856 -0.227165 0
    outer loop
      vertex 20.62 18.2629 0
      vertex 20.5754 18.4541 6
      vertex 20.5754 18.4541 0
    endloop
  endfacet
  facet normal -0.973856 -0.227165 0
    outer loop
      vertex 20.5754 18.4541 6
      vertex 20.62 18.2629 0
      vertex 20.62 18.2629 6
    endloop
  endfacet
  facet normal 0.351905 0.936036 -0
    outer loop
      vertex 16.7134 14.8369 0
      vertex 16.5296 14.906 6
      vertex 16.7134 14.8369 6
    endloop
  endfacet
  facet normal 0.351905 0.936036 0
    outer loop
      vertex 16.5296 14.906 6
      vertex 16.7134 14.8369 0
      vertex 16.5296 14.906 0
    endloop
  endfacet
  facet normal -0.910889 0.412651 0
    outer loop
      vertex 20.3683 16.3508 0
      vertex 20.4493 16.5296 6
      vertex 20.4493 16.5296 0
    endloop
  endfacet
  facet normal -0.910889 0.412651 0
    outer loop
      vertex 20.4493 16.5296 6
      vertex 20.3683 16.3508 0
      vertex 20.3683 16.3508 6
    endloop
  endfacet
  facet normal -0.582586 -0.812769 0
    outer loop
      vertex 19.3444 20.1721 0
      vertex 19.504 20.0577 6
      vertex 19.3444 20.1721 6
    endloop
  endfacet
  facet normal -0.582586 -0.812769 -0
    outer loop
      vertex 19.504 20.0577 6
      vertex 19.3444 20.1721 0
      vertex 19.504 20.0577 0
    endloop
  endfacet
  facet normal -0.634403 -0.773003 0
    outer loop
      vertex 19.504 20.0577 0
      vertex 19.6557 19.9332 6
      vertex 19.504 20.0577 6
    endloop
  endfacet
  facet normal -0.634403 -0.773003 -0
    outer loop
      vertex 19.6557 19.9332 6
      vertex 19.504 20.0577 0
      vertex 19.6557 19.9332 0
    endloop
  endfacet
  facet normal -0.471487 -0.881873 0
    outer loop
      vertex 19.0045 20.3683 0
      vertex 19.1777 20.2757 6
      vertex 19.0045 20.3683 6
    endloop
  endfacet
  facet normal -0.471487 -0.881873 -0
    outer loop
      vertex 19.1777 20.2757 6
      vertex 19.0045 20.3683 0
      vertex 19.1777 20.2757 0
    endloop
  endfacet
  facet normal -0.412651 -0.910889 0
    outer loop
      vertex 18.8257 20.4493 0
      vertex 19.0045 20.3683 6
      vertex 18.8257 20.4493 6
    endloop
  endfacet
  facet normal -0.412651 -0.910889 -0
    outer loop
      vertex 19.0045 20.3683 6
      vertex 18.8257 20.4493 0
      vertex 19.0045 20.3683 0
    endloop
  endfacet
  facet normal -0.0331113 -0.999452 0
    outer loop
      vertex 17.6777 20.6777 0
      vertex 17.8739 20.6712 6
      vertex 17.6777 20.6777 6
    endloop
  endfacet
  facet normal -0.0331113 -0.999452 -0
    outer loop
      vertex 17.8739 20.6712 6
      vertex 17.6777 20.6777 0
      vertex 17.8739 20.6712 0
    endloop
  endfacet
  facet normal -0.227165 -0.973856 0
    outer loop
      vertex 18.2629 20.62 0
      vertex 18.4541 20.5754 6
      vertex 18.2629 20.62 6
    endloop
  endfacet
  facet normal -0.227165 -0.973856 -0
    outer loop
      vertex 18.4541 20.5754 6
      vertex 18.2629 20.62 0
      vertex 18.4541 20.5754 0
    endloop
  endfacet
  facet normal -0.289824 -0.95708 0
    outer loop
      vertex 18.4541 20.5754 0
      vertex 18.642 20.5185 6
      vertex 18.4541 20.5754 6
    endloop
  endfacet
  facet normal -0.289824 -0.95708 -0
    outer loop
      vertex 18.642 20.5185 6
      vertex 18.4541 20.5754 0
      vertex 18.642 20.5185 0
    endloop
  endfacet
  facet normal 0.527845 -0.849341 0
    outer loop
      vertex 16.011 20.1721 0
      vertex 16.1777 20.2757 6
      vertex 16.011 20.1721 6
    endloop
  endfacet
  facet normal 0.527845 -0.849341 0
    outer loop
      vertex 16.1777 20.2757 6
      vertex 16.011 20.1721 0
      vertex 16.1777 20.2757 0
    endloop
  endfacet
  facet normal 0.683551 -0.729902 0
    outer loop
      vertex 15.5563 19.799 0
      vertex 15.6996 19.9332 6
      vertex 15.5563 19.799 6
    endloop
  endfacet
  facet normal 0.683551 -0.729902 0
    outer loop
      vertex 15.6996 19.9332 6
      vertex 15.5563 19.799 0
      vertex 15.6996 19.9332 0
    endloop
  endfacet
  facet normal 0.412651 -0.910889 0
    outer loop
      vertex 16.3508 20.3683 0
      vertex 16.5296 20.4493 6
      vertex 16.3508 20.3683 6
    endloop
  endfacet
  facet normal 0.412651 -0.910889 0
    outer loop
      vertex 16.5296 20.4493 6
      vertex 16.3508 20.3683 0
      vertex 16.5296 20.4493 0
    endloop
  endfacet
  facet normal 0.289965 -0.957037 0
    outer loop
      vertex 16.7134 20.5185 0
      vertex 16.9012 20.5754 6
      vertex 16.7134 20.5185 6
    endloop
  endfacet
  facet normal 0.289965 -0.957037 0
    outer loop
      vertex 16.9012 20.5754 6
      vertex 16.7134 20.5185 0
      vertex 16.9012 20.5754 0
    endloop
  endfacet
  facet normal 0.097789 -0.995207 0
    outer loop
      vertex 17.2861 20.652 0
      vertex 17.4815 20.6712 6
      vertex 17.2861 20.652 6
    endloop
  endfacet
  facet normal 0.097789 -0.995207 0
    outer loop
      vertex 17.4815 20.6712 6
      vertex 17.2861 20.652 0
      vertex 17.4815 20.6712 0
    endloop
  endfacet
  facet normal 0.995207 0.097789 0
    outer loop
      vertex 14.7033 17.2861 6
      vertex 14.6841 17.4815 0
      vertex 14.6841 17.4815 6
    endloop
  endfacet
  facet normal 0.995207 0.097789 0
    outer loop
      vertex 14.6841 17.4815 0
      vertex 14.7033 17.2861 6
      vertex 14.7033 17.2861 0
    endloop
  endfacet
  facet normal 0.986627 0.162995 0
    outer loop
      vertex 14.7353 17.0924 6
      vertex 14.7033 17.2861 0
      vertex 14.7033 17.2861 6
    endloop
  endfacet
  facet normal 0.986627 0.162995 0
    outer loop
      vertex 14.7033 17.2861 0
      vertex 14.7353 17.0924 6
      vertex 14.7353 17.0924 0
    endloop
  endfacet
  facet normal 0.910698 0.413074 0
    outer loop
      vertex 14.9871 16.3508 6
      vertex 14.906 16.5296 0
      vertex 14.906 16.5296 6
    endloop
  endfacet
  facet normal 0.910698 0.413074 0
    outer loop
      vertex 14.906 16.5296 0
      vertex 14.9871 16.3508 6
      vertex 14.9871 16.3508 0
    endloop
  endfacet
  facet normal 0.936036 0.351905 0
    outer loop
      vertex 14.906 16.5296 6
      vertex 14.8369 16.7134 0
      vertex 14.8369 16.7134 6
    endloop
  endfacet
  facet normal 0.936036 0.351905 0
    outer loop
      vertex 14.8369 16.7134 0
      vertex 14.906 16.5296 6
      vertex 14.906 16.5296 0
    endloop
  endfacet
  facet normal 0.81301 0.58225 0
    outer loop
      vertex 15.2976 15.8514 6
      vertex 15.1833 16.011 0
      vertex 15.1833 16.011 6
    endloop
  endfacet
  facet normal 0.81301 0.58225 0
    outer loop
      vertex 15.1833 16.011 0
      vertex 15.2976 15.8514 6
      vertex 15.2976 15.8514 0
    endloop
  endfacet
  facet normal 0.729902 0.683551 0
    outer loop
      vertex 15.5563 15.5563 6
      vertex 15.4221 15.6996 0
      vertex 15.4221 15.6996 6
    endloop
  endfacet
  facet normal 0.729902 0.683551 0
    outer loop
      vertex 15.4221 15.6996 0
      vertex 15.5563 15.5563 6
      vertex 15.5563 15.5563 0
    endloop
  endfacet
  facet normal 0.956939 -0.29029 0
    outer loop
      vertex 14.7799 18.4541 6
      vertex 14.8369 18.642 0
      vertex 14.8369 18.642 6
    endloop
  endfacet
  facet normal 0.956939 -0.29029 0
    outer loop
      vertex 14.8369 18.642 0
      vertex 14.7799 18.4541 6
      vertex 14.7799 18.4541 0
    endloop
  endfacet
  facet normal 0.973856 -0.227165 0
    outer loop
      vertex 14.7353 18.2629 6
      vertex 14.7799 18.4541 0
      vertex 14.7799 18.4541 6
    endloop
  endfacet
  facet normal 0.973856 -0.227165 0
    outer loop
      vertex 14.7799 18.4541 0
      vertex 14.7353 18.2629 6
      vertex 14.7353 18.2629 0
    endloop
  endfacet
  facet normal 0.882085 -0.47109 0
    outer loop
      vertex 14.9871 19.0045 6
      vertex 15.0796 19.1777 0
      vertex 15.0796 19.1777 6
    endloop
  endfacet
  facet normal 0.882085 -0.47109 0
    outer loop
      vertex 15.0796 19.1777 0
      vertex 14.9871 19.0045 6
      vertex 14.9871 19.0045 0
    endloop
  endfacet
  facet normal 0.910698 -0.413074 0
    outer loop
      vertex 14.906 18.8257 6
      vertex 14.9871 19.0045 0
      vertex 14.9871 19.0045 6
    endloop
  endfacet
  facet normal 0.910698 -0.413074 0
    outer loop
      vertex 14.9871 19.0045 0
      vertex 14.906 18.8257 6
      vertex 14.906 18.8257 0
    endloop
  endfacet
  facet normal 0.773003 -0.634403 0
    outer loop
      vertex 15.2976 19.504 6
      vertex 15.4221 19.6557 0
      vertex 15.4221 19.6557 6
    endloop
  endfacet
  facet normal 0.773003 -0.634403 0
    outer loop
      vertex 15.4221 19.6557 0
      vertex 15.2976 19.504 6
      vertex 15.2976 19.504 0
    endloop
  endfacet
  facet normal -0.729902 -0.683551 0
    outer loop
      vertex 19.9332 19.6557 0
      vertex 19.799 19.799 6
      vertex 19.799 19.799 0
    endloop
  endfacet
  facet normal -0.729902 -0.683551 0
    outer loop
      vertex 19.799 19.799 6
      vertex 19.9332 19.6557 0
      vertex 19.9332 19.6557 6
    endloop
  endfacet
  facet normal -0.773003 -0.634403 0
    outer loop
      vertex 20.0577 19.504 0
      vertex 19.9332 19.6557 6
      vertex 19.9332 19.6557 0
    endloop
  endfacet
  facet normal -0.773003 -0.634403 0
    outer loop
      vertex 19.9332 19.6557 6
      vertex 20.0577 19.504 0
      vertex 20.0577 19.504 6
    endloop
  endfacet
  facet normal -0.957037 0.289965 0
    outer loop
      vertex 20.5185 16.7134 0
      vertex 20.5754 16.9012 6
      vertex 20.5754 16.9012 0
    endloop
  endfacet
  facet normal -0.957037 0.289965 0
    outer loop
      vertex 20.5754 16.9012 6
      vertex 20.5185 16.7134 0
      vertex 20.5185 16.7134 6
    endloop
  endfacet
  facet normal -0.47109 0.882085 0
    outer loop
      vertex 19.1777 15.0796 0
      vertex 19.0045 14.9871 6
      vertex 19.1777 15.0796 6
    endloop
  endfacet
  facet normal -0.47109 0.882085 0
    outer loop
      vertex 19.0045 14.9871 6
      vertex 19.1777 15.0796 0
      vertex 19.0045 14.9871 0
    endloop
  endfacet
  facet normal 0.528212 0.849112 -0
    outer loop
      vertex 16.1777 15.0796 0
      vertex 16.011 15.1833 6
      vertex 16.1777 15.0796 6
    endloop
  endfacet
  facet normal 0.528212 0.849112 0
    outer loop
      vertex 16.011 15.1833 6
      vertex 16.1777 15.0796 0
      vertex 16.011 15.1833 0
    endloop
  endfacet
  facet normal -0.773208 0.634153 0
    outer loop
      vertex 19.9332 15.6996 0
      vertex 20.0577 15.8514 6
      vertex 20.0577 15.8514 0
    endloop
  endfacet
  facet normal -0.773208 0.634153 0
    outer loop
      vertex 20.0577 15.8514 6
      vertex 19.9332 15.6996 0
      vertex 19.9332 15.6996 6
    endloop
  endfacet
  facet normal -0.935868 0.352351 0
    outer loop
      vertex 20.4493 16.5296 0
      vertex 20.5185 16.7134 6
      vertex 20.5185 16.7134 0
    endloop
  endfacet
  facet normal -0.935868 0.352351 0
    outer loop
      vertex 20.5185 16.7134 6
      vertex 20.4493 16.5296 0
      vertex 20.4493 16.5296 6
    endloop
  endfacet
  facet normal -0.0978386 -0.995202 0
    outer loop
      vertex 17.8739 20.6712 0
      vertex 18.0692 20.652 6
      vertex 17.8739 20.6712 6
    endloop
  endfacet
  facet normal -0.0978386 -0.995202 -0
    outer loop
      vertex 18.0692 20.652 6
      vertex 17.8739 20.6712 0
      vertex 18.0692 20.652 0
    endloop
  endfacet
  facet normal 0.471698 -0.88176 0
    outer loop
      vertex 16.1777 20.2757 0
      vertex 16.3508 20.3683 6
      vertex 16.1777 20.2757 6
    endloop
  endfacet
  facet normal 0.471698 -0.88176 0
    outer loop
      vertex 16.3508 20.3683 6
      vertex 16.1777 20.2757 0
      vertex 16.3508 20.3683 0
    endloop
  endfacet
  facet normal 0.352351 -0.935868 0
    outer loop
      vertex 16.5296 20.4493 0
      vertex 16.7134 20.5185 6
      vertex 16.5296 20.4493 6
    endloop
  endfacet
  facet normal 0.352351 -0.935868 0
    outer loop
      vertex 16.7134 20.5185 6
      vertex 16.5296 20.4493 0
      vertex 16.7134 20.5185 0
    endloop
  endfacet
  facet normal 0.773208 0.634153 0
    outer loop
      vertex 15.4221 15.6996 6
      vertex 15.2976 15.8514 0
      vertex 15.2976 15.8514 6
    endloop
  endfacet
  facet normal 0.773208 0.634153 0
    outer loop
      vertex 15.2976 15.8514 0
      vertex 15.4221 15.6996 6
      vertex 15.4221 15.6996 0
    endloop
  endfacet
  facet normal -0.986627 0.162995 0
    outer loop
      vertex 20.62 17.0924 0
      vertex 20.652 17.2861 6
      vertex 20.652 17.2861 0
    endloop
  endfacet
  facet normal -0.986627 0.162995 0
    outer loop
      vertex 20.652 17.2861 6
      vertex 20.62 17.0924 0
      vertex 20.62 17.0924 6
    endloop
  endfacet
  facet normal -0.352072 0.935973 0
    outer loop
      vertex 18.8257 14.906 0
      vertex 18.642 14.8369 6
      vertex 18.8257 14.906 6
    endloop
  endfacet
  facet normal -0.352072 0.935973 0
    outer loop
      vertex 18.642 14.8369 6
      vertex 18.8257 14.906 0
      vertex 18.642 14.8369 0
    endloop
  endfacet
  facet normal 0.634153 0.773208 -0
    outer loop
      vertex 15.8514 15.2976 0
      vertex 15.6996 15.4221 6
      vertex 15.8514 15.2976 6
    endloop
  endfacet
  facet normal 0.634153 0.773208 0
    outer loop
      vertex 15.6996 15.4221 6
      vertex 15.8514 15.2976 0
      vertex 15.6996 15.4221 0
    endloop
  endfacet
  facet normal 0.683551 0.729902 -0
    outer loop
      vertex 15.6996 15.4221 0
      vertex 15.5563 15.5563 6
      vertex 15.6996 15.4221 6
    endloop
  endfacet
  facet normal 0.683551 0.729902 0
    outer loop
      vertex 15.5563 15.5563 6
      vertex 15.6996 15.4221 0
      vertex 15.5563 15.5563 0
    endloop
  endfacet
  facet normal 0.58225 0.81301 -0
    outer loop
      vertex 16.011 15.1833 0
      vertex 15.8514 15.2976 6
      vertex 16.011 15.1833 6
    endloop
  endfacet
  facet normal 0.58225 0.81301 0
    outer loop
      vertex 15.8514 15.2976 6
      vertex 16.011 15.1833 0
      vertex 15.8514 15.2976 0
    endloop
  endfacet
  facet normal -0.849341 0.527845 0
    outer loop
      vertex 20.1721 16.011 0
      vertex 20.2757 16.1777 6
      vertex 20.2757 16.1777 0
    endloop
  endfacet
  facet normal -0.849341 0.527845 0
    outer loop
      vertex 20.2757 16.1777 6
      vertex 20.1721 16.011 0
      vertex 20.1721 16.011 6
    endloop
  endfacet
  facet normal -0.88176 0.471698 0
    outer loop
      vertex 20.2757 16.1777 0
      vertex 20.3683 16.3508 6
      vertex 20.3683 16.3508 0
    endloop
  endfacet
  facet normal -0.88176 0.471698 0
    outer loop
      vertex 20.3683 16.3508 6
      vertex 20.2757 16.1777 0
      vertex 20.2757 16.1777 6
    endloop
  endfacet
  facet normal -0.812769 0.582586 0
    outer loop
      vertex 20.0577 15.8514 0
      vertex 20.1721 16.011 6
      vertex 20.1721 16.011 0
    endloop
  endfacet
  facet normal -0.812769 0.582586 0
    outer loop
      vertex 20.1721 16.011 6
      vertex 20.0577 15.8514 0
      vertex 20.0577 15.8514 6
    endloop
  endfacet
  facet normal -0.849341 -0.527845 0
    outer loop
      vertex 20.2757 19.1777 0
      vertex 20.1721 19.3444 6
      vertex 20.1721 19.3444 0
    endloop
  endfacet
  facet normal -0.849341 -0.527845 0
    outer loop
      vertex 20.1721 19.3444 6
      vertex 20.2757 19.1777 0
      vertex 20.2757 19.1777 6
    endloop
  endfacet
  facet normal -0.812769 -0.582586 0
    outer loop
      vertex 20.1721 19.3444 0
      vertex 20.0577 19.504 6
      vertex 20.0577 19.504 0
    endloop
  endfacet
  facet normal -0.812769 -0.582586 0
    outer loop
      vertex 20.0577 19.504 6
      vertex 20.1721 19.3444 0
      vertex 20.1721 19.3444 6
    endloop
  endfacet
  facet normal -0.95708 -0.289824 0
    outer loop
      vertex 20.5754 18.4541 0
      vertex 20.5185 18.642 6
      vertex 20.5185 18.642 0
    endloop
  endfacet
  facet normal -0.95708 -0.289824 0
    outer loop
      vertex 20.5185 18.642 6
      vertex 20.5754 18.4541 0
      vertex 20.5754 18.4541 6
    endloop
  endfacet
  facet normal -0.986627 -0.162995 0
    outer loop
      vertex 20.652 18.0692 0
      vertex 20.62 18.2629 6
      vertex 20.62 18.2629 0
    endloop
  endfacet
  facet normal -0.986627 -0.162995 0
    outer loop
      vertex 20.62 18.2629 6
      vertex 20.652 18.0692 0
      vertex 20.652 18.0692 6
    endloop
  endfacet
  facet normal -0.995202 -0.0978386 0
    outer loop
      vertex 20.6712 17.8739 0
      vertex 20.652 18.0692 6
      vertex 20.652 18.0692 0
    endloop
  endfacet
  facet normal -0.995202 -0.0978386 0
    outer loop
      vertex 20.652 18.0692 6
      vertex 20.6712 17.8739 0
      vertex 20.6712 17.8739 6
    endloop
  endfacet
  facet normal -0.973856 0.227165 0
    outer loop
      vertex 20.5754 16.9012 0
      vertex 20.62 17.0924 6
      vertex 20.62 17.0924 0
    endloop
  endfacet
  facet normal -0.973856 0.227165 0
    outer loop
      vertex 20.62 17.0924 6
      vertex 20.5754 16.9012 0
      vertex 20.5754 16.9012 6
    endloop
  endfacet
  facet normal -0.683551 0.729902 0
    outer loop
      vertex 19.799 15.5563 0
      vertex 19.6557 15.4221 6
      vertex 19.799 15.5563 6
    endloop
  endfacet
  facet normal -0.683551 0.729902 0
    outer loop
      vertex 19.6557 15.4221 6
      vertex 19.799 15.5563 0
      vertex 19.6557 15.4221 0
    endloop
  endfacet
  facet normal -0.634403 0.773003 0
    outer loop
      vertex 19.6557 15.4221 0
      vertex 19.504 15.2976 6
      vertex 19.6557 15.4221 6
    endloop
  endfacet
  facet normal -0.634403 0.773003 0
    outer loop
      vertex 19.504 15.2976 6
      vertex 19.6557 15.4221 0
      vertex 19.504 15.2976 0
    endloop
  endfacet
  facet normal -0.0978386 0.995202 0
    outer loop
      vertex 18.0692 14.7033 0
      vertex 17.8739 14.6841 6
      vertex 18.0692 14.7033 6
    endloop
  endfacet
  facet normal -0.0978386 0.995202 0
    outer loop
      vertex 17.8739 14.6841 6
      vertex 18.0692 14.7033 0
      vertex 17.8739 14.6841 0
    endloop
  endfacet
  facet normal -0.528212 0.849112 0
    outer loop
      vertex 19.3444 15.1833 0
      vertex 19.1777 15.0796 6
      vertex 19.3444 15.1833 6
    endloop
  endfacet
  facet normal -0.528212 0.849112 0
    outer loop
      vertex 19.1777 15.0796 6
      vertex 19.3444 15.1833 0
      vertex 19.1777 15.0796 0
    endloop
  endfacet
  facet normal -0.0326024 0.999468 0
    outer loop
      vertex 17.8739 14.6841 0
      vertex 17.6777 14.6777 6
      vertex 17.8739 14.6841 6
    endloop
  endfacet
  facet normal -0.0326024 0.999468 0
    outer loop
      vertex 17.6777 14.6777 6
      vertex 17.8739 14.6841 0
      vertex 17.6777 14.6777 0
    endloop
  endfacet
  facet normal 0.162995 0.986627 -0
    outer loop
      vertex 17.2861 14.7033 0
      vertex 17.0924 14.7353 6
      vertex 17.2861 14.7033 6
    endloop
  endfacet
  facet normal 0.162995 0.986627 0
    outer loop
      vertex 17.0924 14.7353 6
      vertex 17.2861 14.7033 0
      vertex 17.0924 14.7353 0
    endloop
  endfacet
  facet normal 0.097789 0.995207 -0
    outer loop
      vertex 17.4815 14.6841 0
      vertex 17.2861 14.7033 6
      vertex 17.4815 14.6841 6
    endloop
  endfacet
  facet normal 0.097789 0.995207 0
    outer loop
      vertex 17.2861 14.7033 6
      vertex 17.4815 14.6841 0
      vertex 17.2861 14.7033 0
    endloop
  endfacet
  facet normal -0.910889 -0.412651 0
    outer loop
      vertex 20.4493 18.8257 0
      vertex 20.3683 19.0045 6
      vertex 20.3683 19.0045 0
    endloop
  endfacet
  facet normal -0.910889 -0.412651 0
    outer loop
      vertex 20.3683 19.0045 6
      vertex 20.4493 18.8257 0
      vertex 20.4493 18.8257 6
    endloop
  endfacet
  facet normal -0.935805 -0.352519 0
    outer loop
      vertex 20.5185 18.642 0
      vertex 20.4493 18.8257 6
      vertex 20.4493 18.8257 0
    endloop
  endfacet
  facet normal -0.935805 -0.352519 0
    outer loop
      vertex 20.4493 18.8257 6
      vertex 20.5185 18.642 0
      vertex 20.5185 18.642 6
    endloop
  endfacet
  facet normal -0.995207 0.097789 0
    outer loop
      vertex 20.652 17.2861 0
      vertex 20.6712 17.4815 6
      vertex 20.6712 17.4815 0
    endloop
  endfacet
  facet normal -0.995207 0.097789 0
    outer loop
      vertex 20.6712 17.4815 6
      vertex 20.652 17.2861 0
      vertex 20.652 17.2861 6
    endloop
  endfacet
  facet normal -0.413074 0.910698 0
    outer loop
      vertex 19.0045 14.9871 0
      vertex 18.8257 14.906 6
      vertex 19.0045 14.9871 6
    endloop
  endfacet
  facet normal -0.413074 0.910698 0
    outer loop
      vertex 18.8257 14.906 6
      vertex 19.0045 14.9871 0
      vertex 18.8257 14.906 0
    endloop
  endfacet
  facet normal -0.162995 0.986627 0
    outer loop
      vertex 18.2629 14.7353 0
      vertex 18.0692 14.7033 6
      vertex 18.2629 14.7353 6
    endloop
  endfacet
  facet normal -0.162995 0.986627 0
    outer loop
      vertex 18.0692 14.7033 6
      vertex 18.2629 14.7353 0
      vertex 18.0692 14.7033 0
    endloop
  endfacet
  facet normal 0.290432 0.956896 -0
    outer loop
      vertex 16.9012 14.7799 0
      vertex 16.7134 14.8369 6
      vertex 16.9012 14.7799 6
    endloop
  endfacet
  facet normal 0.290432 0.956896 0
    outer loop
      vertex 16.7134 14.8369 6
      vertex 16.9012 14.7799 0
      vertex 16.7134 14.8369 0
    endloop
  endfacet
  facet normal 0.0326024 0.999468 -0
    outer loop
      vertex 17.6777 14.6777 0
      vertex 17.4815 14.6841 6
      vertex 17.6777 14.6777 6
    endloop
  endfacet
  facet normal 0.0326024 0.999468 0
    outer loop
      vertex 17.4815 14.6841 6
      vertex 17.6777 14.6777 0
      vertex 17.4815 14.6841 0
    endloop
  endfacet
  facet normal 0.471302 0.881972 -0
    outer loop
      vertex 16.3508 14.9871 0
      vertex 16.1777 15.0796 6
      vertex 16.3508 14.9871 6
    endloop
  endfacet
  facet normal 0.471302 0.881972 0
    outer loop
      vertex 16.1777 15.0796 6
      vertex 16.3508 14.9871 0
      vertex 16.1777 15.0796 0
    endloop
  endfacet
  facet normal 0.413074 0.910698 -0
    outer loop
      vertex 16.5296 14.906 0
      vertex 16.3508 14.9871 6
      vertex 16.5296 14.906 6
    endloop
  endfacet
  facet normal 0.413074 0.910698 0
    outer loop
      vertex 16.3508 14.9871 6
      vertex 16.5296 14.906 0
      vertex 16.3508 14.9871 0
    endloop
  endfacet
  facet normal -0.999452 0.0331113 0
    outer loop
      vertex 20.6712 17.4815 0
      vertex 20.6777 17.6777 6
      vertex 20.6777 17.6777 0
    endloop
  endfacet
  facet normal -0.999452 0.0331113 0
    outer loop
      vertex 20.6777 17.6777 6
      vertex 20.6712 17.4815 0
      vertex 20.6712 17.4815 6
    endloop
  endfacet
  facet normal -0.58225 0.81301 0
    outer loop
      vertex 19.504 15.2976 0
      vertex 19.3444 15.1833 6
      vertex 19.504 15.2976 6
    endloop
  endfacet
  facet normal -0.58225 0.81301 0
    outer loop
      vertex 19.3444 15.1833 6
      vertex 19.504 15.2976 0
      vertex 19.3444 15.1833 0
    endloop
  endfacet
  facet normal -0.227165 0.973856 0
    outer loop
      vertex 18.4541 14.7799 0
      vertex 18.2629 14.7353 6
      vertex 18.4541 14.7799 6
    endloop
  endfacet
  facet normal -0.227165 0.973856 0
    outer loop
      vertex 18.2629 14.7353 6
      vertex 18.4541 14.7799 0
      vertex 18.2629 14.7353 0
    endloop
  endfacet
  facet normal -0.29029 0.956939 0
    outer loop
      vertex 18.642 14.8369 0
      vertex 18.4541 14.7799 6
      vertex 18.642 14.8369 6
    endloop
  endfacet
  facet normal -0.29029 0.956939 0
    outer loop
      vertex 18.4541 14.7799 6
      vertex 18.642 14.8369 0
      vertex 18.4541 14.7799 0
    endloop
  endfacet
  facet normal 0.227165 0.973856 -0
    outer loop
      vertex 17.0924 14.7353 0
      vertex 16.9012 14.7799 6
      vertex 17.0924 14.7353 6
    endloop
  endfacet
  facet normal 0.227165 0.973856 0
    outer loop
      vertex 16.9012 14.7799 6
      vertex 17.0924 14.7353 0
      vertex 16.9012 14.7799 0
    endloop
  endfacet
  facet normal 0.683551 0.729902 -0
    outer loop
      vertex -19.6557 -19.9332 0
      vertex -19.799 -19.799 6
      vertex -19.6557 -19.9332 6
    endloop
  endfacet
  facet normal 0.683551 0.729902 0
    outer loop
      vertex -19.799 -19.799 6
      vertex -19.6557 -19.9332 0
      vertex -19.799 -19.799 0
    endloop
  endfacet
  facet normal -0.729902 -0.683551 0
    outer loop
      vertex -15.4221 -15.6996 0
      vertex -15.5563 -15.5563 6
      vertex -15.5563 -15.5563 0
    endloop
  endfacet
  facet normal -0.729902 -0.683551 0
    outer loop
      vertex -15.5563 -15.5563 6
      vertex -15.4221 -15.6996 0
      vertex -15.4221 -15.6996 6
    endloop
  endfacet
  facet normal 0.729902 -0.683551 0
    outer loop
      vertex -19.9332 -15.6996 6
      vertex -19.799 -15.5563 0
      vertex -19.799 -15.5563 6
    endloop
  endfacet
  facet normal 0.729902 -0.683551 0
    outer loop
      vertex -19.799 -15.5563 0
      vertex -19.9332 -15.6996 6
      vertex -19.9332 -15.6996 0
    endloop
  endfacet
  facet normal -0.999468 -0.0326024 0
    outer loop
      vertex -14.6777 -17.6777 0
      vertex -14.6841 -17.4815 6
      vertex -14.6841 -17.4815 0
    endloop
  endfacet
  facet normal -0.999468 -0.0326024 0
    outer loop
      vertex -14.6841 -17.4815 6
      vertex -14.6777 -17.6777 0
      vertex -14.6777 -17.6777 6
    endloop
  endfacet
  facet normal -0.910698 -0.413074 0
    outer loop
      vertex -14.906 -16.5296 0
      vertex -14.9871 -16.3508 6
      vertex -14.9871 -16.3508 0
    endloop
  endfacet
  facet normal -0.910698 -0.413074 0
    outer loop
      vertex -14.9871 -16.3508 6
      vertex -14.906 -16.5296 0
      vertex -14.906 -16.5296 6
    endloop
  endfacet
  facet normal -0.634153 0.773208 0
    outer loop
      vertex -15.6996 -19.9332 0
      vertex -15.8514 -20.0577 6
      vertex -15.6996 -19.9332 6
    endloop
  endfacet
  facet normal -0.634153 0.773208 0
    outer loop
      vertex -15.8514 -20.0577 6
      vertex -15.6996 -19.9332 0
      vertex -15.8514 -20.0577 0
    endloop
  endfacet
  facet normal -0.289965 0.957037 0
    outer loop
      vertex -16.7134 -20.5185 0
      vertex -16.9012 -20.5754 6
      vertex -16.7134 -20.5185 6
    endloop
  endfacet
  facet normal -0.289965 0.957037 0
    outer loop
      vertex -16.9012 -20.5754 6
      vertex -16.7134 -20.5185 0
      vertex -16.9012 -20.5754 0
    endloop
  endfacet
  facet normal -0.849112 -0.528212 0
    outer loop
      vertex -15.0796 -16.1777 0
      vertex -15.1833 -16.011 6
      vertex -15.1833 -16.011 0
    endloop
  endfacet
  facet normal -0.849112 -0.528212 0
    outer loop
      vertex -15.1833 -16.011 6
      vertex -15.0796 -16.1777 0
      vertex -15.0796 -16.1777 6
    endloop
  endfacet
  facet normal -0.973856 -0.227165 0
    outer loop
      vertex -14.7353 -17.0924 0
      vertex -14.7799 -16.9012 6
      vertex -14.7799 -16.9012 0
    endloop
  endfacet
  facet normal -0.973856 -0.227165 0
    outer loop
      vertex -14.7799 -16.9012 6
      vertex -14.7353 -17.0924 0
      vertex -14.7353 -17.0924 6
    endloop
  endfacet
  facet normal -0.956896 -0.290432 0
    outer loop
      vertex -14.7799 -16.9012 0
      vertex -14.8369 -16.7134 6
      vertex -14.8369 -16.7134 0
    endloop
  endfacet
  facet normal -0.956896 -0.290432 0
    outer loop
      vertex -14.8369 -16.7134 6
      vertex -14.7799 -16.9012 0
      vertex -14.7799 -16.9012 6
    endloop
  endfacet
  facet normal -0.881972 -0.471302 0
    outer loop
      vertex -14.9871 -16.3508 0
      vertex -15.0796 -16.1777 6
      vertex -15.0796 -16.1777 0
    endloop
  endfacet
  facet normal -0.881972 -0.471302 0
    outer loop
      vertex -15.0796 -16.1777 6
      vertex -14.9871 -16.3508 0
      vertex -14.9871 -16.3508 6
    endloop
  endfacet
  facet normal -0.995202 0.0978386 0
    outer loop
      vertex -14.7033 -18.0692 0
      vertex -14.6841 -17.8739 6
      vertex -14.6841 -17.8739 0
    endloop
  endfacet
  facet normal -0.995202 0.0978386 0
    outer loop
      vertex -14.6841 -17.8739 6
      vertex -14.7033 -18.0692 0
      vertex -14.7033 -18.0692 6
    endloop
  endfacet
  facet normal 0.999452 0.0331113 0
    outer loop
      vertex -20.6712 -17.8739 6
      vertex -20.6777 -17.6777 0
      vertex -20.6777 -17.6777 6
    endloop
  endfacet
  facet normal 0.999452 0.0331113 0
    outer loop
      vertex -20.6777 -17.6777 0
      vertex -20.6712 -17.8739 6
      vertex -20.6712 -17.8739 0
    endloop
  endfacet
  facet normal 0.634403 0.773003 -0
    outer loop
      vertex -19.504 -20.0577 0
      vertex -19.6557 -19.9332 6
      vertex -19.504 -20.0577 6
    endloop
  endfacet
  facet normal 0.634403 0.773003 0
    outer loop
      vertex -19.6557 -19.9332 6
      vertex -19.504 -20.0577 0
      vertex -19.6557 -19.9332 0
    endloop
  endfacet
  facet normal 0.527845 0.849341 -0
    outer loop
      vertex -19.1777 -20.2757 0
      vertex -19.3444 -20.1721 6
      vertex -19.1777 -20.2757 6
    endloop
  endfacet
  facet normal 0.527845 0.849341 0
    outer loop
      vertex -19.3444 -20.1721 6
      vertex -19.1777 -20.2757 0
      vertex -19.3444 -20.1721 0
    endloop
  endfacet
  facet normal 0.352519 0.935805 -0
    outer loop
      vertex -18.642 -20.5185 0
      vertex -18.8257 -20.4493 6
      vertex -18.642 -20.5185 6
    endloop
  endfacet
  facet normal 0.352519 0.935805 0
    outer loop
      vertex -18.8257 -20.4493 6
      vertex -18.642 -20.5185 0
      vertex -18.8257 -20.4493 0
    endloop
  endfacet
  facet normal 0.471487 0.881873 -0
    outer loop
      vertex -19.0045 -20.3683 0
      vertex -19.1777 -20.2757 6
      vertex -19.0045 -20.3683 6
    endloop
  endfacet
  facet normal 0.471487 0.881873 0
    outer loop
      vertex -19.1777 -20.2757 6
      vertex -19.0045 -20.3683 0
      vertex -19.1777 -20.2757 0
    endloop
  endfacet
  facet normal 0.0978386 0.995202 -0
    outer loop
      vertex -17.8739 -20.6712 0
      vertex -18.0692 -20.652 6
      vertex -17.8739 -20.6712 6
    endloop
  endfacet
  facet normal 0.0978386 0.995202 0
    outer loop
      vertex -18.0692 -20.652 6
      vertex -17.8739 -20.6712 0
      vertex -18.0692 -20.652 0
    endloop
  endfacet
  facet normal -0.0331113 0.999452 0
    outer loop
      vertex -17.4815 -20.6712 0
      vertex -17.6777 -20.6777 6
      vertex -17.4815 -20.6712 6
    endloop
  endfacet
  facet normal -0.0331113 0.999452 0
    outer loop
      vertex -17.6777 -20.6777 6
      vertex -17.4815 -20.6712 0
      vertex -17.6777 -20.6777 0
    endloop
  endfacet
  facet normal 0.162995 0.986627 -0
    outer loop
      vertex -18.0692 -20.652 0
      vertex -18.2629 -20.62 6
      vertex -18.0692 -20.652 6
    endloop
  endfacet
  facet normal 0.162995 0.986627 0
    outer loop
      vertex -18.2629 -20.62 6
      vertex -18.0692 -20.652 0
      vertex -18.2629 -20.62 0
    endloop
  endfacet
  facet normal 0.289824 0.95708 -0
    outer loop
      vertex -18.4541 -20.5754 0
      vertex -18.642 -20.5185 6
      vertex -18.4541 -20.5754 6
    endloop
  endfacet
  facet normal 0.289824 0.95708 0
    outer loop
      vertex -18.642 -20.5185 6
      vertex -18.4541 -20.5754 0
      vertex -18.642 -20.5185 0
    endloop
  endfacet
  facet normal -0.471698 0.88176 0
    outer loop
      vertex -16.1777 -20.2757 0
      vertex -16.3508 -20.3683 6
      vertex -16.1777 -20.2757 6
    endloop
  endfacet
  facet normal -0.471698 0.88176 0
    outer loop
      vertex -16.3508 -20.3683 6
      vertex -16.1777 -20.2757 0
      vertex -16.3508 -20.3683 0
    endloop
  endfacet
  facet normal -0.582586 0.812769 0
    outer loop
      vertex -15.8514 -20.0577 0
      vertex -16.011 -20.1721 6
      vertex -15.8514 -20.0577 6
    endloop
  endfacet
  facet normal -0.582586 0.812769 0
    outer loop
      vertex -16.011 -20.1721 6
      vertex -15.8514 -20.0577 0
      vertex -16.011 -20.1721 0
    endloop
  endfacet
  facet normal -0.683551 0.729902 0
    outer loop
      vertex -15.5563 -19.799 0
      vertex -15.6996 -19.9332 6
      vertex -15.5563 -19.799 6
    endloop
  endfacet
  facet normal -0.683551 0.729902 0
    outer loop
      vertex -15.6996 -19.9332 6
      vertex -15.5563 -19.799 0
      vertex -15.6996 -19.9332 0
    endloop
  endfacet
  facet normal -0.352351 0.935868 0
    outer loop
      vertex -16.5296 -20.4493 0
      vertex -16.7134 -20.5185 6
      vertex -16.5296 -20.4493 6
    endloop
  endfacet
  facet normal -0.352351 0.935868 0
    outer loop
      vertex -16.7134 -20.5185 6
      vertex -16.5296 -20.4493 0
      vertex -16.7134 -20.5185 0
    endloop
  endfacet
  facet normal -0.227165 0.973856 0
    outer loop
      vertex -16.9012 -20.5754 0
      vertex -17.0924 -20.62 6
      vertex -16.9012 -20.5754 6
    endloop
  endfacet
  facet normal -0.227165 0.973856 0
    outer loop
      vertex -17.0924 -20.62 6
      vertex -16.9012 -20.5754 0
      vertex -17.0924 -20.62 0
    endloop
  endfacet
  facet normal -0.097789 0.995207 0
    outer loop
      vertex -17.2861 -20.652 0
      vertex -17.4815 -20.6712 6
      vertex -17.2861 -20.652 6
    endloop
  endfacet
  facet normal -0.097789 0.995207 0
    outer loop
      vertex -17.4815 -20.6712 6
      vertex -17.2861 -20.652 0
      vertex -17.4815 -20.6712 0
    endloop
  endfacet
  facet normal -0.986627 -0.162995 0
    outer loop
      vertex -14.7033 -17.2861 0
      vertex -14.7353 -17.0924 6
      vertex -14.7353 -17.0924 0
    endloop
  endfacet
  facet normal -0.986627 -0.162995 0
    outer loop
      vertex -14.7353 -17.0924 6
      vertex -14.7033 -17.2861 0
      vertex -14.7033 -17.2861 6
    endloop
  endfacet
  facet normal -0.995207 -0.097789 0
    outer loop
      vertex -14.6841 -17.4815 0
      vertex -14.7033 -17.2861 6
      vertex -14.7033 -17.2861 0
    endloop
  endfacet
  facet normal -0.995207 -0.097789 0
    outer loop
      vertex -14.7033 -17.2861 6
      vertex -14.6841 -17.4815 0
      vertex -14.6841 -17.4815 6
    endloop
  endfacet
  facet normal -0.81301 -0.58225 0
    outer loop
      vertex -15.1833 -16.011 0
      vertex -15.2976 -15.8514 6
      vertex -15.2976 -15.8514 0
    endloop
  endfacet
  facet normal -0.81301 -0.58225 0
    outer loop
      vertex -15.2976 -15.8514 6
      vertex -15.1833 -16.011 0
      vertex -15.1833 -16.011 6
    endloop
  endfacet
  facet normal -0.773208 -0.634153 0
    outer loop
      vertex -15.2976 -15.8514 0
      vertex -15.4221 -15.6996 6
      vertex -15.4221 -15.6996 0
    endloop
  endfacet
  facet normal -0.773208 -0.634153 0
    outer loop
      vertex -15.4221 -15.6996 6
      vertex -15.2976 -15.8514 0
      vertex -15.2976 -15.8514 6
    endloop
  endfacet
  facet normal -0.986627 0.162995 0
    outer loop
      vertex -14.7353 -18.2629 0
      vertex -14.7033 -18.0692 6
      vertex -14.7033 -18.0692 0
    endloop
  endfacet
  facet normal -0.986627 0.162995 0
    outer loop
      vertex -14.7033 -18.0692 6
      vertex -14.7353 -18.2629 0
      vertex -14.7353 -18.2629 6
    endloop
  endfacet
  facet normal -0.956939 0.29029 0
    outer loop
      vertex -14.8369 -18.642 0
      vertex -14.7799 -18.4541 6
      vertex -14.7799 -18.4541 0
    endloop
  endfacet
  facet normal -0.956939 0.29029 0
    outer loop
      vertex -14.7799 -18.4541 6
      vertex -14.8369 -18.642 0
      vertex -14.8369 -18.642 6
    endloop
  endfacet
  facet normal -0.973856 0.227165 0
    outer loop
      vertex -14.7799 -18.4541 0
      vertex -14.7353 -18.2629 6
      vertex -14.7353 -18.2629 0
    endloop
  endfacet
  facet normal -0.973856 0.227165 0
    outer loop
      vertex -14.7353 -18.2629 6
      vertex -14.7799 -18.4541 0
      vertex -14.7799 -18.4541 6
    endloop
  endfacet
  facet normal -0.999468 0.0326024 0
    outer loop
      vertex -14.6841 -17.8739 0
      vertex -14.6777 -17.6777 6
      vertex -14.6777 -17.6777 0
    endloop
  endfacet
  facet normal -0.999468 0.0326024 0
    outer loop
      vertex -14.6777 -17.6777 6
      vertex -14.6841 -17.8739 0
      vertex -14.6841 -17.8739 6
    endloop
  endfacet
  facet normal -0.935973 0.352072 0
    outer loop
      vertex -14.906 -18.8257 0
      vertex -14.8369 -18.642 6
      vertex -14.8369 -18.642 0
    endloop
  endfacet
  facet normal -0.935973 0.352072 0
    outer loop
      vertex -14.8369 -18.642 6
      vertex -14.906 -18.8257 0
      vertex -14.906 -18.8257 6
    endloop
  endfacet
  facet normal -0.882085 0.47109 0
    outer loop
      vertex -15.0796 -19.1777 0
      vertex -14.9871 -19.0045 6
      vertex -14.9871 -19.0045 0
    endloop
  endfacet
  facet normal -0.882085 0.47109 0
    outer loop
      vertex -14.9871 -19.0045 6
      vertex -15.0796 -19.1777 0
      vertex -15.0796 -19.1777 6
    endloop
  endfacet
  facet normal -0.910698 0.413074 0
    outer loop
      vertex -14.9871 -19.0045 0
      vertex -14.906 -18.8257 6
      vertex -14.906 -18.8257 0
    endloop
  endfacet
  facet normal -0.910698 0.413074 0
    outer loop
      vertex -14.906 -18.8257 6
      vertex -14.9871 -19.0045 0
      vertex -14.9871 -19.0045 6
    endloop
  endfacet
  facet normal -0.849112 0.528212 0
    outer loop
      vertex -15.1833 -19.3444 0
      vertex -15.0796 -19.1777 6
      vertex -15.0796 -19.1777 0
    endloop
  endfacet
  facet normal -0.849112 0.528212 0
    outer loop
      vertex -15.0796 -19.1777 6
      vertex -15.1833 -19.3444 0
      vertex -15.1833 -19.3444 6
    endloop
  endfacet
  facet normal -0.773003 0.634403 0
    outer loop
      vertex -15.4221 -19.6557 0
      vertex -15.2976 -19.504 6
      vertex -15.2976 -19.504 0
    endloop
  endfacet
  facet normal -0.773003 0.634403 0
    outer loop
      vertex -15.2976 -19.504 6
      vertex -15.4221 -19.6557 0
      vertex -15.4221 -19.6557 6
    endloop
  endfacet
  facet normal 0.729902 0.683551 0
    outer loop
      vertex -19.799 -19.799 6
      vertex -19.9332 -19.6557 0
      vertex -19.9332 -19.6557 6
    endloop
  endfacet
  facet normal 0.729902 0.683551 0
    outer loop
      vertex -19.9332 -19.6557 0
      vertex -19.799 -19.799 6
      vertex -19.799 -19.799 0
    endloop
  endfacet
  facet normal 0.773003 0.634403 0
    outer loop
      vertex -19.9332 -19.6557 6
      vertex -20.0577 -19.504 0
      vertex -20.0577 -19.504 6
    endloop
  endfacet
  facet normal 0.773003 0.634403 0
    outer loop
      vertex -20.0577 -19.504 0
      vertex -19.9332 -19.6557 6
      vertex -19.9332 -19.6557 0
    endloop
  endfacet
  facet normal 0.95708 0.289824 0
    outer loop
      vertex -20.5185 -18.642 6
      vertex -20.5754 -18.4541 0
      vertex -20.5754 -18.4541 6
    endloop
  endfacet
  facet normal 0.95708 0.289824 0
    outer loop
      vertex -20.5754 -18.4541 0
      vertex -20.5185 -18.642 6
      vertex -20.5185 -18.642 0
    endloop
  endfacet
  facet normal 0.995202 0.0978386 0
    outer loop
      vertex -20.652 -18.0692 6
      vertex -20.6712 -17.8739 0
      vertex -20.6712 -17.8739 6
    endloop
  endfacet
  facet normal 0.995202 0.0978386 0
    outer loop
      vertex -20.6712 -17.8739 0
      vertex -20.652 -18.0692 6
      vertex -20.652 -18.0692 0
    endloop
  endfacet
  facet normal 0.413074 -0.910698 0
    outer loop
      vertex -19.0045 -14.9871 0
      vertex -18.8257 -14.906 6
      vertex -19.0045 -14.9871 6
    endloop
  endfacet
  facet normal 0.413074 -0.910698 0
    outer loop
      vertex -18.8257 -14.906 6
      vertex -19.0045 -14.9871 0
      vertex -18.8257 -14.906 0
    endloop
  endfacet
  facet normal 0.935868 -0.352351 0
    outer loop
      vertex -20.5185 -16.7134 6
      vertex -20.4493 -16.5296 0
      vertex -20.4493 -16.5296 6
    endloop
  endfacet
  facet normal 0.935868 -0.352351 0
    outer loop
      vertex -20.4493 -16.5296 0
      vertex -20.5185 -16.7134 6
      vertex -20.5185 -16.7134 0
    endloop
  endfacet
  facet normal 0.910889 -0.412651 0
    outer loop
      vertex -20.4493 -16.5296 6
      vertex -20.3683 -16.3508 0
      vertex -20.3683 -16.3508 6
    endloop
  endfacet
  facet normal 0.910889 -0.412651 0
    outer loop
      vertex -20.3683 -16.3508 0
      vertex -20.4493 -16.5296 6
      vertex -20.4493 -16.5296 0
    endloop
  endfacet
  facet normal 0.582586 0.812769 -0
    outer loop
      vertex -19.3444 -20.1721 0
      vertex -19.504 -20.0577 6
      vertex -19.3444 -20.1721 6
    endloop
  endfacet
  facet normal 0.582586 0.812769 0
    outer loop
      vertex -19.504 -20.0577 6
      vertex -19.3444 -20.1721 0
      vertex -19.504 -20.0577 0
    endloop
  endfacet
  facet normal 0.412651 0.910889 -0
    outer loop
      vertex -18.8257 -20.4493 0
      vertex -19.0045 -20.3683 6
      vertex -18.8257 -20.4493 6
    endloop
  endfacet
  facet normal 0.412651 0.910889 0
    outer loop
      vertex -19.0045 -20.3683 6
      vertex -18.8257 -20.4493 0
      vertex -19.0045 -20.3683 0
    endloop
  endfacet
  facet normal 0.0331113 0.999452 -0
    outer loop
      vertex -17.6777 -20.6777 0
      vertex -17.8739 -20.6712 6
      vertex -17.6777 -20.6777 6
    endloop
  endfacet
  facet normal 0.0331113 0.999452 0
    outer loop
      vertex -17.8739 -20.6712 6
      vertex -17.6777 -20.6777 0
      vertex -17.8739 -20.6712 0
    endloop
  endfacet
  facet normal 0.227165 0.973856 -0
    outer loop
      vertex -18.2629 -20.62 0
      vertex -18.4541 -20.5754 6
      vertex -18.2629 -20.62 6
    endloop
  endfacet
  facet normal 0.227165 0.973856 0
    outer loop
      vertex -18.4541 -20.5754 6
      vertex -18.2629 -20.62 0
      vertex -18.4541 -20.5754 0
    endloop
  endfacet
  facet normal -0.527845 0.849341 0
    outer loop
      vertex -16.011 -20.1721 0
      vertex -16.1777 -20.2757 6
      vertex -16.011 -20.1721 6
    endloop
  endfacet
  facet normal -0.527845 0.849341 0
    outer loop
      vertex -16.1777 -20.2757 6
      vertex -16.011 -20.1721 0
      vertex -16.1777 -20.2757 0
    endloop
  endfacet
  facet normal -0.729902 0.683551 0
    outer loop
      vertex -15.5563 -19.799 0
      vertex -15.4221 -19.6557 6
      vertex -15.4221 -19.6557 0
    endloop
  endfacet
  facet normal -0.729902 0.683551 0
    outer loop
      vertex -15.4221 -19.6557 6
      vertex -15.5563 -19.799 0
      vertex -15.5563 -19.799 6
    endloop
  endfacet
  facet normal -0.412651 0.910889 0
    outer loop
      vertex -16.3508 -20.3683 0
      vertex -16.5296 -20.4493 6
      vertex -16.3508 -20.3683 6
    endloop
  endfacet
  facet normal -0.412651 0.910889 0
    outer loop
      vertex -16.5296 -20.4493 6
      vertex -16.3508 -20.3683 0
      vertex -16.5296 -20.4493 0
    endloop
  endfacet
  facet normal -0.162995 0.986627 0
    outer loop
      vertex -17.0924 -20.62 0
      vertex -17.2861 -20.652 6
      vertex -17.0924 -20.62 6
    endloop
  endfacet
  facet normal -0.162995 0.986627 0
    outer loop
      vertex -17.2861 -20.652 6
      vertex -17.0924 -20.62 0
      vertex -17.2861 -20.652 0
    endloop
  endfacet
  facet normal -0.936036 -0.351905 0
    outer loop
      vertex -14.8369 -16.7134 0
      vertex -14.906 -16.5296 6
      vertex -14.906 -16.5296 0
    endloop
  endfacet
  facet normal -0.936036 -0.351905 0
    outer loop
      vertex -14.906 -16.5296 6
      vertex -14.8369 -16.7134 0
      vertex -14.8369 -16.7134 6
    endloop
  endfacet
  facet normal -0.81301 0.58225 0
    outer loop
      vertex -15.2976 -19.504 0
      vertex -15.1833 -19.3444 6
      vertex -15.1833 -19.3444 0
    endloop
  endfacet
  facet normal -0.81301 0.58225 0
    outer loop
      vertex -15.1833 -19.3444 6
      vertex -15.2976 -19.504 0
      vertex -15.2976 -19.504 6
    endloop
  endfacet
  facet normal 0.881873 0.471487 0
    outer loop
      vertex -20.2757 -19.1777 6
      vertex -20.3683 -19.0045 0
      vertex -20.3683 -19.0045 6
    endloop
  endfacet
  facet normal 0.881873 0.471487 0
    outer loop
      vertex -20.3683 -19.0045 0
      vertex -20.2757 -19.1777 6
      vertex -20.2757 -19.1777 0
    endloop
  endfacet
  facet normal 0.935805 0.352519 0
    outer loop
      vertex -20.4493 -18.8257 6
      vertex -20.5185 -18.642 0
      vertex -20.5185 -18.642 6
    endloop
  endfacet
  facet normal 0.935805 0.352519 0
    outer loop
      vertex -20.5185 -18.642 0
      vertex -20.4493 -18.8257 6
      vertex -20.4493 -18.8257 0
    endloop
  endfacet
  facet normal 0.957037 -0.289965 0
    outer loop
      vertex -20.5754 -16.9012 6
      vertex -20.5185 -16.7134 0
      vertex -20.5185 -16.7134 6
    endloop
  endfacet
  facet normal 0.957037 -0.289965 0
    outer loop
      vertex -20.5185 -16.7134 0
      vertex -20.5754 -16.9012 6
      vertex -20.5754 -16.9012 0
    endloop
  endfacet
  facet normal 0.162995 -0.986627 0
    outer loop
      vertex -18.2629 -14.7353 0
      vertex -18.0692 -14.7033 6
      vertex -18.2629 -14.7353 6
    endloop
  endfacet
  facet normal 0.162995 -0.986627 0
    outer loop
      vertex -18.0692 -14.7033 6
      vertex -18.2629 -14.7353 0
      vertex -18.0692 -14.7033 0
    endloop
  endfacet
  facet normal -0.162995 -0.986627 0
    outer loop
      vertex -17.2861 -14.7033 0
      vertex -17.0924 -14.7353 6
      vertex -17.2861 -14.7033 6
    endloop
  endfacet
  facet normal -0.162995 -0.986627 -0
    outer loop
      vertex -17.0924 -14.7353 6
      vertex -17.2861 -14.7033 0
      vertex -17.0924 -14.7353 0
    endloop
  endfacet
  facet normal -0.097789 -0.995207 0
    outer loop
      vertex -17.4815 -14.6841 0
      vertex -17.2861 -14.7033 6
      vertex -17.4815 -14.6841 6
    endloop
  endfacet
  facet normal -0.097789 -0.995207 -0
    outer loop
      vertex -17.2861 -14.7033 6
      vertex -17.4815 -14.6841 0
      vertex -17.2861 -14.7033 0
    endloop
  endfacet
  facet normal -0.683551 -0.729902 0
    outer loop
      vertex -15.6996 -15.4221 0
      vertex -15.5563 -15.5563 6
      vertex -15.6996 -15.4221 6
    endloop
  endfacet
  facet normal -0.683551 -0.729902 -0
    outer loop
      vertex -15.5563 -15.5563 6
      vertex -15.6996 -15.4221 0
      vertex -15.5563 -15.5563 0
    endloop
  endfacet
  facet normal -0.58225 -0.81301 0
    outer loop
      vertex -16.011 -15.1833 0
      vertex -15.8514 -15.2976 6
      vertex -16.011 -15.1833 6
    endloop
  endfacet
  facet normal -0.58225 -0.81301 -0
    outer loop
      vertex -15.8514 -15.2976 6
      vertex -16.011 -15.1833 0
      vertex -15.8514 -15.2976 0
    endloop
  endfacet
  facet normal 0.812769 -0.582586 0
    outer loop
      vertex -20.1721 -16.011 6
      vertex -20.0577 -15.8514 0
      vertex -20.0577 -15.8514 6
    endloop
  endfacet
  facet normal 0.812769 -0.582586 0
    outer loop
      vertex -20.0577 -15.8514 0
      vertex -20.1721 -16.011 6
      vertex -20.1721 -16.011 0
    endloop
  endfacet
  facet normal 0.773208 -0.634153 0
    outer loop
      vertex -20.0577 -15.8514 6
      vertex -19.9332 -15.6996 0
      vertex -19.9332 -15.6996 6
    endloop
  endfacet
  facet normal 0.773208 -0.634153 0
    outer loop
      vertex -19.9332 -15.6996 0
      vertex -20.0577 -15.8514 6
      vertex -20.0577 -15.8514 0
    endloop
  endfacet
  facet normal 0.812769 0.582586 0
    outer loop
      vertex -20.0577 -19.504 6
      vertex -20.1721 -19.3444 0
      vertex -20.1721 -19.3444 6
    endloop
  endfacet
  facet normal 0.812769 0.582586 0
    outer loop
      vertex -20.1721 -19.3444 0
      vertex -20.0577 -19.504 6
      vertex -20.0577 -19.504 0
    endloop
  endfacet
  facet normal 0.849341 0.527845 0
    outer loop
      vertex -20.1721 -19.3444 6
      vertex -20.2757 -19.1777 0
      vertex -20.2757 -19.1777 6
    endloop
  endfacet
  facet normal 0.849341 0.527845 0
    outer loop
      vertex -20.2757 -19.1777 0
      vertex -20.1721 -19.3444 6
      vertex -20.1721 -19.3444 0
    endloop
  endfacet
  facet normal 0.973856 0.227165 0
    outer loop
      vertex -20.5754 -18.4541 6
      vertex -20.62 -18.2629 0
      vertex -20.62 -18.2629 6
    endloop
  endfacet
  facet normal 0.973856 0.227165 0
    outer loop
      vertex -20.62 -18.2629 0
      vertex -20.5754 -18.4541 6
      vertex -20.5754 -18.4541 0
    endloop
  endfacet
  facet normal 0.986627 0.162995 0
    outer loop
      vertex -20.62 -18.2629 6
      vertex -20.652 -18.0692 0
      vertex -20.652 -18.0692 6
    endloop
  endfacet
  facet normal 0.986627 0.162995 0
    outer loop
      vertex -20.652 -18.0692 0
      vertex -20.62 -18.2629 6
      vertex -20.62 -18.2629 0
    endloop
  endfacet
  facet normal 0.999452 -0.0331113 0
    outer loop
      vertex -20.6777 -17.6777 6
      vertex -20.6712 -17.4815 0
      vertex -20.6712 -17.4815 6
    endloop
  endfacet
  facet normal 0.999452 -0.0331113 0
    outer loop
      vertex -20.6712 -17.4815 0
      vertex -20.6777 -17.6777 6
      vertex -20.6777 -17.6777 0
    endloop
  endfacet
  facet normal 0.986627 -0.162995 0
    outer loop
      vertex -20.652 -17.2861 6
      vertex -20.62 -17.0924 0
      vertex -20.62 -17.0924 6
    endloop
  endfacet
  facet normal 0.986627 -0.162995 0
    outer loop
      vertex -20.62 -17.0924 0
      vertex -20.652 -17.2861 6
      vertex -20.652 -17.2861 0
    endloop
  endfacet
  facet normal 0.683551 -0.729902 0
    outer loop
      vertex -19.799 -15.5563 0
      vertex -19.6557 -15.4221 6
      vertex -19.799 -15.5563 6
    endloop
  endfacet
  facet normal 0.683551 -0.729902 0
    outer loop
      vertex -19.6557 -15.4221 6
      vertex -19.799 -15.5563 0
      vertex -19.6557 -15.4221 0
    endloop
  endfacet
  facet normal 0.634403 -0.773003 0
    outer loop
      vertex -19.6557 -15.4221 0
      vertex -19.504 -15.2976 6
      vertex -19.6557 -15.4221 6
    endloop
  endfacet
  facet normal 0.634403 -0.773003 0
    outer loop
      vertex -19.504 -15.2976 6
      vertex -19.6557 -15.4221 0
      vertex -19.504 -15.2976 0
    endloop
  endfacet
  facet normal 0.47109 -0.882085 0
    outer loop
      vertex -19.1777 -15.0796 0
      vertex -19.0045 -14.9871 6
      vertex -19.1777 -15.0796 6
    endloop
  endfacet
  facet normal 0.47109 -0.882085 0
    outer loop
      vertex -19.0045 -14.9871 6
      vertex -19.1777 -15.0796 0
      vertex -19.0045 -14.9871 0
    endloop
  endfacet
  facet normal 0.0326024 -0.999468 0
    outer loop
      vertex -17.8739 -14.6841 0
      vertex -17.6777 -14.6777 6
      vertex -17.8739 -14.6841 6
    endloop
  endfacet
  facet normal 0.0326024 -0.999468 0
    outer loop
      vertex -17.6777 -14.6777 6
      vertex -17.8739 -14.6841 0
      vertex -17.6777 -14.6777 0
    endloop
  endfacet
  facet normal -0.0326024 -0.999468 0
    outer loop
      vertex -17.6777 -14.6777 0
      vertex -17.4815 -14.6841 6
      vertex -17.6777 -14.6777 6
    endloop
  endfacet
  facet normal -0.0326024 -0.999468 -0
    outer loop
      vertex -17.4815 -14.6841 6
      vertex -17.6777 -14.6777 0
      vertex -17.4815 -14.6841 0
    endloop
  endfacet
  facet normal -0.351905 -0.936036 0
    outer loop
      vertex -16.7134 -14.8369 0
      vertex -16.5296 -14.906 6
      vertex -16.7134 -14.8369 6
    endloop
  endfacet
  facet normal -0.351905 -0.936036 -0
    outer loop
      vertex -16.5296 -14.906 6
      vertex -16.7134 -14.8369 0
      vertex -16.5296 -14.906 0
    endloop
  endfacet
  facet normal -0.413074 -0.910698 0
    outer loop
      vertex -16.5296 -14.906 0
      vertex -16.3508 -14.9871 6
      vertex -16.5296 -14.906 6
    endloop
  endfacet
  facet normal -0.413074 -0.910698 -0
    outer loop
      vertex -16.3508 -14.9871 6
      vertex -16.5296 -14.906 0
      vertex -16.3508 -14.9871 0
    endloop
  endfacet
  facet normal -0.634153 -0.773208 0
    outer loop
      vertex -15.8514 -15.2976 0
      vertex -15.6996 -15.4221 6
      vertex -15.8514 -15.2976 6
    endloop
  endfacet
  facet normal -0.634153 -0.773208 -0
    outer loop
      vertex -15.6996 -15.4221 6
      vertex -15.8514 -15.2976 0
      vertex -15.6996 -15.4221 0
    endloop
  endfacet
  facet normal 0.88176 -0.471698 0
    outer loop
      vertex -20.3683 -16.3508 6
      vertex -20.2757 -16.1777 0
      vertex -20.2757 -16.1777 6
    endloop
  endfacet
  facet normal 0.88176 -0.471698 0
    outer loop
      vertex -20.2757 -16.1777 0
      vertex -20.3683 -16.3508 6
      vertex -20.3683 -16.3508 0
    endloop
  endfacet
  facet normal 0.849341 -0.527845 0
    outer loop
      vertex -20.2757 -16.1777 6
      vertex -20.1721 -16.011 0
      vertex -20.1721 -16.011 6
    endloop
  endfacet
  facet normal 0.849341 -0.527845 0
    outer loop
      vertex -20.1721 -16.011 0
      vertex -20.2757 -16.1777 6
      vertex -20.2757 -16.1777 0
    endloop
  endfacet
  facet normal 0.910889 0.412651 0
    outer loop
      vertex -20.3683 -19.0045 6
      vertex -20.4493 -18.8257 0
      vertex -20.4493 -18.8257 6
    endloop
  endfacet
  facet normal 0.910889 0.412651 0
    outer loop
      vertex -20.4493 -18.8257 0
      vertex -20.3683 -19.0045 6
      vertex -20.3683 -19.0045 0
    endloop
  endfacet
  facet normal 0.995207 -0.097789 0
    outer loop
      vertex -20.6712 -17.4815 6
      vertex -20.652 -17.2861 0
      vertex -20.652 -17.2861 6
    endloop
  endfacet
  facet normal 0.995207 -0.097789 0
    outer loop
      vertex -20.652 -17.2861 0
      vertex -20.6712 -17.4815 6
      vertex -20.6712 -17.4815 0
    endloop
  endfacet
  facet normal 0.973856 -0.227165 0
    outer loop
      vertex -20.62 -17.0924 6
      vertex -20.5754 -16.9012 0
      vertex -20.5754 -16.9012 6
    endloop
  endfacet
  facet normal 0.973856 -0.227165 0
    outer loop
      vertex -20.5754 -16.9012 0
      vertex -20.62 -17.0924 6
      vertex -20.62 -17.0924 0
    endloop
  endfacet
  facet normal 0.58225 -0.81301 0
    outer loop
      vertex -19.504 -15.2976 0
      vertex -19.3444 -15.1833 6
      vertex -19.504 -15.2976 6
    endloop
  endfacet
  facet normal 0.58225 -0.81301 0
    outer loop
      vertex -19.3444 -15.1833 6
      vertex -19.504 -15.2976 0
      vertex -19.3444 -15.1833 0
    endloop
  endfacet
  facet normal 0.0978386 -0.995202 0
    outer loop
      vertex -18.0692 -14.7033 0
      vertex -17.8739 -14.6841 6
      vertex -18.0692 -14.7033 6
    endloop
  endfacet
  facet normal 0.0978386 -0.995202 0
    outer loop
      vertex -17.8739 -14.6841 6
      vertex -18.0692 -14.7033 0
      vertex -17.8739 -14.6841 0
    endloop
  endfacet
  facet normal 0.29029 -0.956939 0
    outer loop
      vertex -18.642 -14.8369 0
      vertex -18.4541 -14.7799 6
      vertex -18.642 -14.8369 6
    endloop
  endfacet
  facet normal 0.29029 -0.956939 0
    outer loop
      vertex -18.4541 -14.7799 6
      vertex -18.642 -14.8369 0
      vertex -18.4541 -14.7799 0
    endloop
  endfacet
  facet normal 0.227165 -0.973856 0
    outer loop
      vertex -18.4541 -14.7799 0
      vertex -18.2629 -14.7353 6
      vertex -18.4541 -14.7799 6
    endloop
  endfacet
  facet normal 0.227165 -0.973856 0
    outer loop
      vertex -18.2629 -14.7353 6
      vertex -18.4541 -14.7799 0
      vertex -18.2629 -14.7353 0
    endloop
  endfacet
  facet normal -0.227165 -0.973856 0
    outer loop
      vertex -17.0924 -14.7353 0
      vertex -16.9012 -14.7799 6
      vertex -17.0924 -14.7353 6
    endloop
  endfacet
  facet normal -0.227165 -0.973856 -0
    outer loop
      vertex -16.9012 -14.7799 6
      vertex -17.0924 -14.7353 0
      vertex -16.9012 -14.7799 0
    endloop
  endfacet
  facet normal -0.471302 -0.881972 0
    outer loop
      vertex -16.3508 -14.9871 0
      vertex -16.1777 -15.0796 6
      vertex -16.3508 -14.9871 6
    endloop
  endfacet
  facet normal -0.471302 -0.881972 -0
    outer loop
      vertex -16.1777 -15.0796 6
      vertex -16.3508 -14.9871 0
      vertex -16.1777 -15.0796 0
    endloop
  endfacet
  facet normal -0.528212 -0.849112 0
    outer loop
      vertex -16.1777 -15.0796 0
      vertex -16.011 -15.1833 6
      vertex -16.1777 -15.0796 6
    endloop
  endfacet
  facet normal -0.528212 -0.849112 -0
    outer loop
      vertex -16.011 -15.1833 6
      vertex -16.1777 -15.0796 0
      vertex -16.011 -15.1833 0
    endloop
  endfacet
  facet normal 0.528212 -0.849112 0
    outer loop
      vertex -19.3444 -15.1833 0
      vertex -19.1777 -15.0796 6
      vertex -19.3444 -15.1833 6
    endloop
  endfacet
  facet normal 0.528212 -0.849112 0
    outer loop
      vertex -19.1777 -15.0796 6
      vertex -19.3444 -15.1833 0
      vertex -19.1777 -15.0796 0
    endloop
  endfacet
  facet normal 0.352072 -0.935973 0
    outer loop
      vertex -18.8257 -14.906 0
      vertex -18.642 -14.8369 6
      vertex -18.8257 -14.906 6
    endloop
  endfacet
  facet normal 0.352072 -0.935973 0
    outer loop
      vertex -18.642 -14.8369 6
      vertex -18.8257 -14.906 0
      vertex -18.642 -14.8369 0
    endloop
  endfacet
  facet normal -0.290432 -0.956896 0
    outer loop
      vertex -16.9012 -14.7799 0
      vertex -16.7134 -14.8369 6
      vertex -16.9012 -14.7799 6
    endloop
  endfacet
  facet normal -0.290432 -0.956896 -0
    outer loop
      vertex -16.7134 -14.8369 6
      vertex -16.9012 -14.7799 0
      vertex -16.7134 -14.8369 0
    endloop
  endfacet
  facet normal -0.352011 -0.935996 0
    outer loop
      vertex 31.822 16.5583 -16
      vertex 32.0762 16.4627 1
      vertex 31.822 16.5583 1
    endloop
  endfacet
  facet normal -0.352011 -0.935996 -0
    outer loop
      vertex 32.0762 16.4627 1
      vertex 31.822 16.5583 -16
      vertex 32.0762 16.4627 -16
    endloop
  endfacet
  facet normal 0.683721 -0.729744 0
    outer loop
      vertex 27.5535 15.563 -16
      vertex 27.7517 15.7487 1
      vertex 27.5535 15.563 1
    endloop
  endfacet
  facet normal 0.683721 -0.729744 0
    outer loop
      vertex 27.7517 15.7487 1
      vertex 27.5535 15.563 -16
      vertex 27.7517 15.7487 -16
    endloop
  endfacet
  facet normal 0.999463 -0.0327753 0
    outer loop
      vertex 26.338 12.6286 1
      vertex 26.3469 12.9 -16
      vertex 26.3469 12.9 1
    endloop
  endfacet
  facet normal 0.999463 -0.0327753 0
    outer loop
      vertex 26.3469 12.9 -16
      vertex 26.338 12.6286 1
      vertex 26.338 12.6286 -16
    endloop
  endfacet
  facet normal 0.0327385 0.999464 -0
    outer loop
      vertex 30.488 8.47855 -16
      vertex 30.2166 8.48744 1
      vertex 30.488 8.47855 1
    endloop
  endfacet
  facet normal 0.0327385 0.999464 0
    outer loop
      vertex 30.2166 8.48744 1
      vertex 30.488 8.47855 -16
      vertex 30.2166 8.48744 -16
    endloop
  endfacet
  facet normal -0.63448 -0.772939 0
    outer loop
      vertex 33.0144 15.921 -16
      vertex 33.2243 15.7487 1
      vertex 33.0144 15.921 1
    endloop
  endfacet
  facet normal -0.63448 -0.772939 -0
    outer loop
      vertex 33.2243 15.7487 1
      vertex 33.0144 15.921 -16
      vertex 33.2243 15.7487 -16
    endloop
  endfacet
  facet normal -0.0327753 -0.999463 0
    outer loop
      vertex 30.488 16.7786 -16
      vertex 30.7594 16.7697 1
      vertex 30.488 16.7786 1
    endloop
  endfacet
  facet normal -0.0327753 -0.999463 -0
    outer loop
      vertex 30.7594 16.7697 1
      vertex 30.488 16.7786 -16
      vertex 30.7594 16.7697 -16
    endloop
  endfacet
  facet normal 0.227171 -0.973855 0
    outer loop
      vertex 29.4139 16.6371 -16
      vertex 29.6784 16.6988 1
      vertex 29.4139 16.6371 1
    endloop
  endfacet
  facet normal 0.227171 -0.973855 0
    outer loop
      vertex 29.6784 16.6988 1
      vertex 29.4139 16.6371 -16
      vertex 29.6784 16.6988 -16
    endloop
  endfacet
  facet normal 0.935996 -0.352011 0
    outer loop
      vertex 26.5583 13.9625 1
      vertex 26.6539 14.2167 -16
      vertex 26.6539 14.2167 1
    endloop
  endfacet
  facet normal 0.935996 -0.352011 0
    outer loop
      vertex 26.6539 14.2167 -16
      vertex 26.5583 13.9625 1
      vertex 26.5583 13.9625 -16
    endloop
  endfacet
  facet normal 0.528078 -0.849196 0
    outer loop
      vertex 28.1824 16.0792 -16
      vertex 28.413 16.2226 1
      vertex 28.1824 16.0792 1
    endloop
  endfacet
  facet normal 0.528078 -0.849196 0
    outer loop
      vertex 28.413 16.2226 1
      vertex 28.1824 16.0792 -16
      vertex 28.413 16.2226 -16
    endloop
  endfacet
  facet normal -0.999463 -0.0327753 0
    outer loop
      vertex 34.638 12.6286 -16
      vertex 34.6291 12.9 1
      vertex 34.6291 12.9 -16
    endloop
  endfacet
  facet normal -0.999463 -0.0327753 0
    outer loop
      vertex 34.6291 12.9 1
      vertex 34.638 12.6286 -16
      vertex 34.638 12.6286 1
    endloop
  endfacet
  facet normal 0.352326 0.935877 -0
    outer loop
      vertex 29.154 8.69879 -16
      vertex 28.8999 8.79445 1
      vertex 29.154 8.69879 1
    endloop
  endfacet
  facet normal 0.352326 0.935877 0
    outer loop
      vertex 28.8999 8.79445 1
      vertex 29.154 8.69879 -16
      vertex 28.8999 8.79445 -16
    endloop
  endfacet
  facet normal -0.849196 -0.528078 0
    outer loop
      vertex 34.082 14.7036 -16
      vertex 33.9386 14.9342 1
      vertex 33.9386 14.9342 -16
    endloop
  endfacet
  facet normal -0.849196 -0.528078 0
    outer loop
      vertex 33.9386 14.9342 1
      vertex 34.082 14.7036 -16
      vertex 34.082 14.7036 1
    endloop
  endfacet
  facet normal -0.812762 -0.582596 0
    outer loop
      vertex 33.9386 14.9342 -16
      vertex 33.7804 15.1549 1
      vertex 33.7804 15.1549 -16
    endloop
  endfacet
  facet normal -0.812762 -0.582596 0
    outer loop
      vertex 33.7804 15.1549 1
      vertex 33.9386 14.9342 -16
      vertex 33.9386 14.9342 1
    endloop
  endfacet
  facet normal -0.77312 -0.63426 0
    outer loop
      vertex 33.7804 15.1549 -16
      vertex 33.6082 15.3648 1
      vertex 33.6082 15.3648 -16
    endloop
  endfacet
  facet normal -0.77312 -0.63426 0
    outer loop
      vertex 33.6082 15.3648 1
      vertex 33.7804 15.1549 -16
      vertex 33.7804 15.1549 1
    endloop
  endfacet
  facet normal -0.528078 -0.849196 0
    outer loop
      vertex 32.563 16.2226 -16
      vertex 32.7936 16.0792 1
      vertex 32.563 16.2226 1
    endloop
  endfacet
  facet normal -0.528078 -0.849196 -0
    outer loop
      vertex 32.7936 16.0792 1
      vertex 32.563 16.2226 -16
      vertex 32.7936 16.0792 -16
    endloop
  endfacet
  facet normal -0.582422 -0.812887 0
    outer loop
      vertex 32.7936 16.0792 -16
      vertex 33.0144 15.921 1
      vertex 32.7936 16.0792 1
    endloop
  endfacet
  facet normal -0.582422 -0.812887 -0
    outer loop
      vertex 33.0144 15.921 1
      vertex 32.7936 16.0792 -16
      vertex 33.0144 15.921 -16
    endloop
  endfacet
  facet normal -0.227171 -0.973855 0
    outer loop
      vertex 31.2976 16.6988 -16
      vertex 31.5621 16.6371 1
      vertex 31.2976 16.6988 1
    endloop
  endfacet
  facet normal -0.227171 -0.973855 -0
    outer loop
      vertex 31.5621 16.6371 1
      vertex 31.2976 16.6988 -16
      vertex 31.5621 16.6371 -16
    endloop
  endfacet
  facet normal 0.352132 -0.93595 0
    outer loop
      vertex 28.8999 16.4627 -16
      vertex 29.154 16.5583 1
      vertex 28.8999 16.4627 1
    endloop
  endfacet
  facet normal 0.352132 -0.93595 0
    outer loop
      vertex 29.154 16.5583 1
      vertex 28.8999 16.4627 -16
      vertex 29.154 16.5583 -16
    endloop
  endfacet
  facet normal 0.0327753 -0.999463 0
    outer loop
      vertex 30.2166 16.7697 -16
      vertex 30.488 16.7786 1
      vertex 30.2166 16.7697 1
    endloop
  endfacet
  facet normal 0.0327753 -0.999463 0
    outer loop
      vertex 30.488 16.7786 1
      vertex 30.2166 16.7697 -16
      vertex 30.488 16.7786 -16
    endloop
  endfacet
  facet normal 0.162786 -0.986661 0
    outer loop
      vertex 29.6784 16.6988 -16
      vertex 29.9463 16.743 1
      vertex 29.6784 16.6988 1
    endloop
  endfacet
  facet normal 0.162786 -0.986661 0
    outer loop
      vertex 29.9463 16.743 1
      vertex 29.6784 16.6988 -16
      vertex 29.9463 16.743 -16
    endloop
  endfacet
  facet normal 0.986612 -0.163085 0
    outer loop
      vertex 26.3735 13.1702 1
      vertex 26.4178 13.4382 -16
      vertex 26.4178 13.4382 1
    endloop
  endfacet
  facet normal 0.986612 -0.163085 0
    outer loop
      vertex 26.4178 13.4382 -16
      vertex 26.3735 13.1702 1
      vertex 26.3735 13.1702 -16
    endloop
  endfacet
  facet normal 0.973936 -0.226822 0
    outer loop
      vertex 26.4178 13.4382 1
      vertex 26.4794 13.7027 -16
      vertex 26.4794 13.7027 1
    endloop
  endfacet
  facet normal 0.973936 -0.226822 0
    outer loop
      vertex 26.4794 13.7027 -16
      vertex 26.4178 13.4382 1
      vertex 26.4178 13.4382 -16
    endloop
  endfacet
  facet normal 0.412721 -0.910858 0
    outer loop
      vertex 28.6525 16.3506 -16
      vertex 28.8999 16.4627 1
      vertex 28.6525 16.3506 1
    endloop
  endfacet
  facet normal 0.412721 -0.910858 0
    outer loop
      vertex 28.8999 16.4627 1
      vertex 28.6525 16.3506 -16
      vertex 28.8999 16.4627 -16
    endloop
  endfacet
  facet normal 0.812762 -0.582596 0
    outer loop
      vertex 27.0374 14.9342 1
      vertex 27.1956 15.1549 -16
      vertex 27.1956 15.1549 1
    endloop
  endfacet
  facet normal 0.812762 -0.582596 0
    outer loop
      vertex 27.1956 15.1549 -16
      vertex 27.0374 14.9342 1
      vertex 27.0374 14.9342 -16
    endloop
  endfacet
  facet normal 0.849196 -0.528078 0
    outer loop
      vertex 26.894 14.7036 1
      vertex 27.0374 14.9342 -16
      vertex 27.0374 14.9342 1
    endloop
  endfacet
  facet normal 0.849196 -0.528078 0
    outer loop
      vertex 27.0374 14.9342 -16
      vertex 26.894 14.7036 1
      vertex 26.894 14.7036 -16
    endloop
  endfacet
  facet normal 0.729928 -0.683525 0
    outer loop
      vertex 27.3679 15.3648 1
      vertex 27.5535 15.563 -16
      vertex 27.5535 15.563 1
    endloop
  endfacet
  facet normal 0.729928 -0.683525 0
    outer loop
      vertex 27.5535 15.563 -16
      vertex 27.3679 15.3648 1
      vertex 27.3679 15.3648 -16
    endloop
  endfacet
  facet normal -0.910858 -0.412721 0
    outer loop
      vertex 34.3221 14.2167 -16
      vertex 34.21 14.4641 1
      vertex 34.21 14.4641 -16
    endloop
  endfacet
  facet normal -0.910858 -0.412721 0
    outer loop
      vertex 34.21 14.4641 1
      vertex 34.3221 14.2167 -16
      vertex 34.3221 14.2167 1
    endloop
  endfacet
  facet normal -0.986671 -0.162727 0
    outer loop
      vertex 34.6025 13.1702 -16
      vertex 34.5583 13.4382 1
      vertex 34.5583 13.4382 -16
    endloop
  endfacet
  facet normal -0.986671 -0.162727 0
    outer loop
      vertex 34.5583 13.4382 1
      vertex 34.6025 13.1702 -16
      vertex 34.6025 13.1702 1
    endloop
  endfacet
  facet normal -0.729761 0.683702 0
    outer loop
      vertex 33.4225 9.69406 -16
      vertex 33.6082 9.89227 1
      vertex 33.6082 9.89227 -16
    endloop
  endfacet
  facet normal -0.729761 0.683702 0
    outer loop
      vertex 33.6082 9.89227 1
      vertex 33.4225 9.69406 -16
      vertex 33.4225 9.69406 1
    endloop
  endfacet
  facet normal 0.162894 0.986644 -0
    outer loop
      vertex 29.9463 8.51406 -16
      vertex 29.6784 8.55829 1
      vertex 29.9463 8.51406 1
    endloop
  endfacet
  facet normal 0.162894 0.986644 0
    outer loop
      vertex 29.6784 8.55829 1
      vertex 29.9463 8.51406 -16
      vertex 29.6784 8.55829 -16
    endloop
  endfacet
  facet normal 0.849299 0.527913 0
    outer loop
      vertex 27.0374 10.3229 1
      vertex 26.894 10.5536 -16
      vertex 26.894 10.5536 1
    endloop
  endfacet
  facet normal 0.849299 0.527913 0
    outer loop
      vertex 26.894 10.5536 -16
      vertex 27.0374 10.3229 1
      vertex 27.0374 10.3229 -16
    endloop
  endfacet
  facet normal 0.910795 0.412859 0
    outer loop
      vertex 26.766 10.7931 1
      vertex 26.6539 11.0404 -16
      vertex 26.6539 11.0404 1
    endloop
  endfacet
  facet normal 0.910795 0.412859 0
    outer loop
      vertex 26.6539 11.0404 -16
      vertex 26.766 10.7931 1
      vertex 26.766 10.7931 -16
    endloop
  endfacet
  facet normal 0.528078 0.849196 -0
    outer loop
      vertex 28.413 9.03455 -16
      vertex 28.1824 9.17795 1
      vertex 28.413 9.03455 1
    endloop
  endfacet
  facet normal 0.528078 0.849196 0
    outer loop
      vertex 28.1824 9.17795 1
      vertex 28.413 9.03455 -16
      vertex 28.1824 9.17795 -16
    endloop
  endfacet
  facet normal 0.683603 0.729854 -0
    outer loop
      vertex 27.7517 9.50842 -16
      vertex 27.5535 9.69406 1
      vertex 27.7517 9.50842 1
    endloop
  endfacet
  facet normal 0.683603 0.729854 0
    outer loop
      vertex 27.5535 9.69406 1
      vertex 27.7517 9.50842 -16
      vertex 27.5535 9.69406 -16
    endloop
  endfacet
  facet normal -0.683721 -0.729744 0
    outer loop
      vertex 33.2243 15.7487 -16
      vertex 33.4225 15.563 1
      vertex 33.2243 15.7487 1
    endloop
  endfacet
  facet normal -0.683721 -0.729744 -0
    outer loop
      vertex 33.4225 15.563 1
      vertex 33.2243 15.7487 -16
      vertex 33.4225 15.563 -16
    endloop
  endfacet
  facet normal -0.729744 -0.683721 0
    outer loop
      vertex 33.6082 15.3648 -16
      vertex 33.4225 15.563 1
      vertex 33.4225 15.563 -16
    endloop
  endfacet
  facet normal -0.729744 -0.683721 0
    outer loop
      vertex 33.4225 15.563 1
      vertex 33.6082 15.3648 -16
      vertex 33.6082 15.3648 1
    endloop
  endfacet
  facet normal -0.471353 -0.881945 0
    outer loop
      vertex 32.3235 16.3506 -16
      vertex 32.563 16.2226 1
      vertex 32.3235 16.3506 1
    endloop
  endfacet
  facet normal -0.471353 -0.881945 -0
    outer loop
      vertex 32.563 16.2226 1
      vertex 32.3235 16.3506 -16
      vertex 32.563 16.2226 -16
    endloop
  endfacet
  facet normal -0.412859 -0.910795 0
    outer loop
      vertex 32.0762 16.4627 -16
      vertex 32.3235 16.3506 1
      vertex 32.0762 16.4627 1
    endloop
  endfacet
  facet normal -0.412859 -0.910795 -0
    outer loop
      vertex 32.3235 16.3506 1
      vertex 32.0762 16.4627 -16
      vertex 32.3235 16.3506 -16
    endloop
  endfacet
  facet normal -0.29015 -0.956981 0
    outer loop
      vertex 31.5621 16.6371 -16
      vertex 31.822 16.5583 1
      vertex 31.5621 16.6371 1
    endloop
  endfacet
  facet normal -0.29015 -0.956981 -0
    outer loop
      vertex 31.822 16.5583 1
      vertex 31.5621 16.6371 -16
      vertex 31.822 16.5583 -16
    endloop
  endfacet
  facet normal -0.0983007 -0.995157 0
    outer loop
      vertex 30.7594 16.7697 -16
      vertex 31.0297 16.743 1
      vertex 30.7594 16.7697 1
    endloop
  endfacet
  facet normal -0.0983007 -0.995157 -0
    outer loop
      vertex 31.0297 16.743 1
      vertex 30.7594 16.7697 -16
      vertex 31.0297 16.743 -16
    endloop
  endfacet
  facet normal -0.162786 -0.986661 0
    outer loop
      vertex 31.0297 16.743 -16
      vertex 31.2976 16.6988 1
      vertex 31.0297 16.743 1
    endloop
  endfacet
  facet normal -0.162786 -0.986661 -0
    outer loop
      vertex 31.2976 16.6988 1
      vertex 31.0297 16.743 -16
      vertex 31.2976 16.6988 -16
    endloop
  endfacet
  facet normal 0.0983007 -0.995157 0
    outer loop
      vertex 29.9463 16.743 -16
      vertex 30.2166 16.7697 1
      vertex 29.9463 16.743 1
    endloop
  endfacet
  facet normal 0.0983007 -0.995157 0
    outer loop
      vertex 30.2166 16.7697 1
      vertex 29.9463 16.743 -16
      vertex 30.2166 16.7697 -16
    endloop
  endfacet
  facet normal 0.999463 0.0327632 0
    outer loop
      vertex 26.3469 12.3571 1
      vertex 26.338 12.6286 -16
      vertex 26.338 12.6286 1
    endloop
  endfacet
  facet normal 0.999463 0.0327632 0
    outer loop
      vertex 26.338 12.6286 -16
      vertex 26.3469 12.3571 1
      vertex 26.3469 12.3571 -16
    endloop
  endfacet
  facet normal 0.935996 0.352011 0
    outer loop
      vertex 26.6539 11.0404 1
      vertex 26.5583 11.2946 -16
      vertex 26.5583 11.2946 1
    endloop
  endfacet
  facet normal 0.935996 0.352011 0
    outer loop
      vertex 26.5583 11.2946 -16
      vertex 26.6539 11.0404 1
      vertex 26.6539 11.0404 -16
    endloop
  endfacet
  facet normal 0.973917 0.226904 0
    outer loop
      vertex 26.4794 11.5545 1
      vertex 26.4178 11.8189 -16
      vertex 26.4178 11.8189 1
    endloop
  endfacet
  facet normal 0.973917 0.226904 0
    outer loop
      vertex 26.4178 11.8189 -16
      vertex 26.4794 11.5545 1
      vertex 26.4794 11.5545 -16
    endloop
  endfacet
  facet normal 0.956879 0.290488 0
    outer loop
      vertex 26.5583 11.2946 1
      vertex 26.4794 11.5545 -16
      vertex 26.4794 11.5545 1
    endloop
  endfacet
  facet normal 0.956879 0.290488 0
    outer loop
      vertex 26.4794 11.5545 -16
      vertex 26.5583 11.2946 1
      vertex 26.5583 11.2946 -16
    endloop
  endfacet
  facet normal 0.986612 0.163085 0
    outer loop
      vertex 26.4178 11.8189 1
      vertex 26.3735 12.0869 -16
      vertex 26.3735 12.0869 1
    endloop
  endfacet
  facet normal 0.986612 0.163085 0
    outer loop
      vertex 26.3735 12.0869 -16
      vertex 26.4178 11.8189 1
      vertex 26.4178 11.8189 -16
    endloop
  endfacet
  facet normal 0.995189 -0.097972 0
    outer loop
      vertex 26.3469 12.9 1
      vertex 26.3735 13.1702 -16
      vertex 26.3735 13.1702 1
    endloop
  endfacet
  facet normal 0.995189 -0.097972 0
    outer loop
      vertex 26.3735 13.1702 -16
      vertex 26.3469 12.9 1
      vertex 26.3469 12.9 -16
    endloop
  endfacet
  facet normal 0 0 -1
    outer loop
      vertex 34.6291 12.3571 1
      vertex 34.6291 12.9 1
      vertex 34.638 12.6286 1
    endloop
  endfacet
  facet normal 0 0 -1
    outer loop
      vertex 34.6025 12.0869 1
      vertex 34.6291 12.9 1
      vertex 34.6291 12.3571 1
    endloop
  endfacet
  facet normal 0 0 -1
    outer loop
      vertex 34.6025 12.0869 1
      vertex 34.6025 13.1702 1
      vertex 34.6291 12.9 1
    endloop
  endfacet
  facet normal 0 0 -1
    outer loop
      vertex 34.5583 11.8189 1
      vertex 34.6025 13.1702 1
      vertex 34.6025 12.0869 1
    endloop
  endfacet
  facet normal 0 0 -1
    outer loop
      vertex 34.5583 11.8189 1
      vertex 34.5583 13.4382 1
      vertex 34.6025 13.1702 1
    endloop
  endfacet
  facet normal 0 0 -1
    outer loop
      vertex 34.4966 11.5545 1
      vertex 34.5583 13.4382 1
      vertex 34.5583 11.8189 1
    endloop
  endfacet
  facet normal 0 0 -1
    outer loop
      vertex 34.4966 11.5545 1
      vertex 34.4966 13.7027 1
      vertex 34.5583 13.4382 1
    endloop
  endfacet
  facet normal 0 0 -1
    outer loop
      vertex 34.4178 11.2946 1
      vertex 34.4966 13.7027 1
      vertex 34.4966 11.5545 1
    endloop
  endfacet
  facet normal 0 0 -1
    outer loop
      vertex 34.4178 11.2946 1
      vertex 34.4178 13.9625 1
      vertex 34.4966 13.7027 1
    endloop
  endfacet
  facet normal 0 0 -1
    outer loop
      vertex 34.3221 11.0404 1
      vertex 34.4178 13.9625 1
      vertex 34.4178 11.2946 1
    endloop
  endfacet
  facet normal 0 0 -1
    outer loop
      vertex 34.3221 11.0404 1
      vertex 34.3221 14.2167 1
      vertex 34.4178 13.9625 1
    endloop
  endfacet
  facet normal 0 0 -1
    outer loop
      vertex 34.21 10.7931 1
      vertex 34.3221 14.2167 1
      vertex 34.3221 11.0404 1
    endloop
  endfacet
  facet normal 0 0 -1
    outer loop
      vertex 34.21 10.7931 1
      vertex 34.21 14.4641 1
      vertex 34.3221 14.2167 1
    endloop
  endfacet
  facet normal 0 0 -1
    outer loop
      vertex 34.082 10.5536 1
      vertex 34.21 14.4641 1
      vertex 34.21 10.7931 1
    endloop
  endfacet
  facet normal 0 0 -1
    outer loop
      vertex 34.082 10.5536 1
      vertex 34.082 14.7036 1
      vertex 34.21 14.4641 1
    endloop
  endfacet
  facet normal 0 0 -1
    outer loop
      vertex 33.9386 10.3229 1
      vertex 34.082 14.7036 1
      vertex 34.082 10.5536 1
    endloop
  endfacet
  facet normal 0 0 -1
    outer loop
      vertex 33.9386 10.3229 1
      vertex 33.9386 14.9342 1
      vertex 34.082 14.7036 1
    endloop
  endfacet
  facet normal 0 0 -1
    outer loop
      vertex 33.7804 10.1022 1
      vertex 33.9386 14.9342 1
      vertex 33.9386 10.3229 1
    endloop
  endfacet
  facet normal 0 0 -1
    outer loop
      vertex 33.7804 10.1022 1
      vertex 33.7804 15.1549 1
      vertex 33.9386 14.9342 1
    endloop
  endfacet
  facet normal 0 0 -1
    outer loop
      vertex 33.6082 9.89227 1
      vertex 33.7804 15.1549 1
      vertex 33.7804 10.1022 1
    endloop
  endfacet
  facet normal 0 0 -1
    outer loop
      vertex 33.6082 9.89227 1
      vertex 33.6082 15.3648 1
      vertex 33.7804 15.1549 1
    endloop
  endfacet
  facet normal 0 0 -1
    outer loop
      vertex 33.4225 9.69406 1
      vertex 33.6082 15.3648 1
      vertex 33.6082 9.89227 1
    endloop
  endfacet
  facet normal 0 0 -1
    outer loop
      vertex 33.4225 9.69406 1
      vertex 33.4225 15.563 1
      vertex 33.6082 15.3648 1
    endloop
  endfacet
  facet normal 0 0 -1
    outer loop
      vertex 33.2243 9.50842 1
      vertex 33.4225 15.563 1
      vertex 33.4225 9.69406 1
    endloop
  endfacet
  facet normal 0 0 -1
    outer loop
      vertex 33.2243 9.50842 1
      vertex 33.2243 15.7487 1
      vertex 33.4225 15.563 1
    endloop
  endfacet
  facet normal 0 0 -1
    outer loop
      vertex 33.0144 9.33614 1
      vertex 33.2243 15.7487 1
      vertex 33.2243 9.50842 1
    endloop
  endfacet
  facet normal 0 0 -1
    outer loop
      vertex 33.0144 9.33614 1
      vertex 33.0144 15.921 1
      vertex 33.2243 15.7487 1
    endloop
  endfacet
  facet normal 0 0 -1
    outer loop
      vertex 32.7936 9.17795 1
      vertex 33.0144 15.921 1
      vertex 33.0144 9.33614 1
    endloop
  endfacet
  facet normal 0 0 -1
    outer loop
      vertex 32.7936 9.17795 1
      vertex 32.7936 16.0792 1
      vertex 33.0144 15.921 1
    endloop
  endfacet
  facet normal 0 0 -1
    outer loop
      vertex 32.563 9.03455 1
      vertex 32.7936 16.0792 1
      vertex 32.7936 9.17795 1
    endloop
  endfacet
  facet normal 0 0 -1
    outer loop
      vertex 32.563 9.03455 1
      vertex 32.563 16.2226 1
      vertex 32.7936 16.0792 1
    endloop
  endfacet
  facet normal 0 0 -1
    outer loop
      vertex 32.3235 8.90653 1
      vertex 32.563 16.2226 1
      vertex 32.563 9.03455 1
    endloop
  endfacet
  facet normal 0 0 -1
    outer loop
      vertex 32.3235 8.90653 1
      vertex 32.3235 16.3506 1
      vertex 32.563 16.2226 1
    endloop
  endfacet
  facet normal 0 0 -1
    outer loop
      vertex 32.0762 8.79445 1
      vertex 32.3235 16.3506 1
      vertex 32.3235 8.90653 1
    endloop
  endfacet
  facet normal 0 0 -1
    outer loop
      vertex 32.0762 8.79445 1
      vertex 32.0762 16.4627 1
      vertex 32.3235 16.3506 1
    endloop
  endfacet
  facet normal 0 0 -1
    outer loop
      vertex 31.822 8.69879 1
      vertex 32.0762 16.4627 1
      vertex 32.0762 8.79445 1
    endloop
  endfacet
  facet normal 0 0 -1
    outer loop
      vertex 31.822 8.69879 1
      vertex 31.822 16.5583 1
      vertex 32.0762 16.4627 1
    endloop
  endfacet
  facet normal 0 0 -1
    outer loop
      vertex 31.5621 8.61996 1
      vertex 31.822 16.5583 1
      vertex 31.822 8.69879 1
    endloop
  endfacet
  facet normal 0 0 -1
    outer loop
      vertex 31.5621 8.61996 1
      vertex 31.5621 16.6371 1
      vertex 31.822 16.5583 1
    endloop
  endfacet
  facet normal 0 0 -1
    outer loop
      vertex 31.2976 8.55829 1
      vertex 31.5621 16.6371 1
      vertex 31.5621 8.61996 1
    endloop
  endfacet
  facet normal 0 0 -1
    outer loop
      vertex 31.2976 8.55829 1
      vertex 31.2976 16.6988 1
      vertex 31.5621 16.6371 1
    endloop
  endfacet
  facet normal 0 0 -1
    outer loop
      vertex 31.0297 8.51406 1
      vertex 31.2976 16.6988 1
      vertex 31.2976 8.55829 1
    endloop
  endfacet
  facet normal 0 0 -1
    outer loop
      vertex 31.0297 8.51406 1
      vertex 31.0297 16.743 1
      vertex 31.2976 16.6988 1
    endloop
  endfacet
  facet normal 0 0 -1
    outer loop
      vertex 30.7594 8.48744 1
      vertex 31.0297 16.743 1
      vertex 31.0297 8.51406 1
    endloop
  endfacet
  facet normal 0 0 -1
    outer loop
      vertex 30.7594 8.48744 1
      vertex 30.7594 16.7697 1
      vertex 31.0297 16.743 1
    endloop
  endfacet
  facet normal 0 0 -1
    outer loop
      vertex 30.488 8.47855 1
      vertex 30.7594 16.7697 1
      vertex 30.7594 8.48744 1
    endloop
  endfacet
  facet normal 0 0 -1
    outer loop
      vertex 30.488 8.47855 1
      vertex 30.488 16.7786 1
      vertex 30.7594 16.7697 1
    endloop
  endfacet
  facet normal 0 0 -1
    outer loop
      vertex 30.2166 8.48744 1
      vertex 30.488 16.7786 1
      vertex 30.488 8.47855 1
    endloop
  endfacet
  facet normal 0 0 -1
    outer loop
      vertex 30.2166 8.48744 1
      vertex 30.2166 16.7697 1
      vertex 30.488 16.7786 1
    endloop
  endfacet
  facet normal 0 0 -1
    outer loop
      vertex 29.9463 8.51406 1
      vertex 30.2166 16.7697 1
      vertex 30.2166 8.48744 1
    endloop
  endfacet
  facet normal 0 0 -1
    outer loop
      vertex 29.9463 8.51406 1
      vertex 29.9463 16.743 1
      vertex 30.2166 16.7697 1
    endloop
  endfacet
  facet normal 0 0 -1
    outer loop
      vertex 29.6784 8.55829 1
      vertex 29.9463 16.743 1
      vertex 29.9463 8.51406 1
    endloop
  endfacet
  facet normal 0 0 -1
    outer loop
      vertex 29.6784 8.55829 1
      vertex 29.6784 16.6988 1
      vertex 29.9463 16.743 1
    endloop
  endfacet
  facet normal 0 0 -1
    outer loop
      vertex 29.4139 8.61996 1
      vertex 29.6784 16.6988 1
      vertex 29.6784 8.55829 1
    endloop
  endfacet
  facet normal 0 0 -1
    outer loop
      vertex 29.4139 8.61996 1
      vertex 29.4139 16.6371 1
      vertex 29.6784 16.6988 1
    endloop
  endfacet
  facet normal 0 0 -1
    outer loop
      vertex 29.154 8.69879 1
      vertex 29.4139 16.6371 1
      vertex 29.4139 8.61996 1
    endloop
  endfacet
  facet normal 0 0 -1
    outer loop
      vertex 29.154 8.69879 1
      vertex 29.154 16.5583 1
      vertex 29.4139 16.6371 1
    endloop
  endfacet
  facet normal 0 0 -1
    outer loop
      vertex 28.8999 8.79445 1
      vertex 29.154 16.5583 1
      vertex 29.154 8.69879 1
    endloop
  endfacet
  facet normal 0 0 -1
    outer loop
      vertex 28.8999 8.79445 1
      vertex 28.8999 16.4627 1
      vertex 29.154 16.5583 1
    endloop
  endfacet
  facet normal 0 0 -1
    outer loop
      vertex 28.6525 8.90653 1
      vertex 28.8999 16.4627 1
      vertex 28.8999 8.79445 1
    endloop
  endfacet
  facet normal 0 0 -1
    outer loop
      vertex 28.6525 8.90653 1
      vertex 28.6525 16.3506 1
      vertex 28.8999 16.4627 1
    endloop
  endfacet
  facet normal 0 0 -1
    outer loop
      vertex 28.413 9.03455 1
      vertex 28.6525 16.3506 1
      vertex 28.6525 8.90653 1
    endloop
  endfacet
  facet normal 0 0 -1
    outer loop
      vertex 28.413 9.03455 1
      vertex 28.413 16.2226 1
      vertex 28.6525 16.3506 1
    endloop
  endfacet
  facet normal 0 0 -1
    outer loop
      vertex 28.1824 9.17795 1
      vertex 28.413 16.2226 1
      vertex 28.413 9.03455 1
    endloop
  endfacet
  facet normal 0 0 -1
    outer loop
      vertex 28.1824 9.17795 1
      vertex 28.1824 16.0792 1
      vertex 28.413 16.2226 1
    endloop
  endfacet
  facet normal 0 0 -1
    outer loop
      vertex 27.9617 9.33614 1
      vertex 28.1824 16.0792 1
      vertex 28.1824 9.17795 1
    endloop
  endfacet
  facet normal 0 0 -1
    outer loop
      vertex 27.9617 9.33614 1
      vertex 27.9617 15.921 1
      vertex 28.1824 16.0792 1
    endloop
  endfacet
  facet normal 0 0 -1
    outer loop
      vertex 27.7517 9.50842 1
      vertex 27.9617 15.921 1
      vertex 27.9617 9.33614 1
    endloop
  endfacet
  facet normal 0 0 -1
    outer loop
      vertex 27.7517 9.50842 1
      vertex 27.7517 15.7487 1
      vertex 27.9617 15.921 1
    endloop
  endfacet
  facet normal 0 0 -1
    outer loop
      vertex 27.5535 9.69406 1
      vertex 27.7517 15.7487 1
      vertex 27.7517 9.50842 1
    endloop
  endfacet
  facet normal 0 0 -1
    outer loop
      vertex 27.5535 9.69406 1
      vertex 27.5535 15.563 1
      vertex 27.7517 15.7487 1
    endloop
  endfacet
  facet normal 0 0 -1
    outer loop
      vertex 27.3679 9.89227 1
      vertex 27.5535 15.563 1
      vertex 27.5535 9.69406 1
    endloop
  endfacet
  facet normal 0 0 -1
    outer loop
      vertex 27.3679 9.89227 1
      vertex 27.3679 15.3648 1
      vertex 27.5535 15.563 1
    endloop
  endfacet
  facet normal 0 0 -1
    outer loop
      vertex 27.1956 10.1022 1
      vertex 27.3679 15.3648 1
      vertex 27.3679 9.89227 1
    endloop
  endfacet
  facet normal 0 0 -1
    outer loop
      vertex 27.1956 10.1022 1
      vertex 27.1956 15.1549 1
      vertex 27.3679 15.3648 1
    endloop
  endfacet
  facet normal 0 0 -1
    outer loop
      vertex 27.0374 10.3229 1
      vertex 27.1956 15.1549 1
      vertex 27.1956 10.1022 1
    endloop
  endfacet
  facet normal 0 0 -1
    outer loop
      vertex 27.0374 10.3229 1
      vertex 27.0374 14.9342 1
      vertex 27.1956 15.1549 1
    endloop
  endfacet
  facet normal 0 0 -1
    outer loop
      vertex 26.894 10.5536 1
      vertex 27.0374 14.9342 1
      vertex 27.0374 10.3229 1
    endloop
  endfacet
  facet normal 0 0 -1
    outer loop
      vertex 26.894 10.5536 1
      vertex 26.894 14.7036 1
      vertex 27.0374 14.9342 1
    endloop
  endfacet
  facet normal 0 0 -1
    outer loop
      vertex 26.766 10.7931 1
      vertex 26.894 14.7036 1
      vertex 26.894 10.5536 1
    endloop
  endfacet
  facet normal 0 0 -1
    outer loop
      vertex 26.766 10.7931 1
      vertex 26.766 14.4641 1
      vertex 26.894 14.7036 1
    endloop
  endfacet
  facet normal 0 0 -1
    outer loop
      vertex 26.6539 11.0404 1
      vertex 26.766 14.4641 1
      vertex 26.766 10.7931 1
    endloop
  endfacet
  facet normal 0 0 -1
    outer loop
      vertex 26.6539 11.0404 1
      vertex 26.6539 14.2167 1
      vertex 26.766 14.4641 1
    endloop
  endfacet
  facet normal 0 0 -1
    outer loop
      vertex 26.5583 11.2946 1
      vertex 26.6539 14.2167 1
      vertex 26.6539 11.0404 1
    endloop
  endfacet
  facet normal 0 0 -1
    outer loop
      vertex 26.5583 11.2946 1
      vertex 26.5583 13.9625 1
      vertex 26.6539 14.2167 1
    endloop
  endfacet
  facet normal 0 0 -1
    outer loop
      vertex 26.4794 11.5545 1
      vertex 26.5583 13.9625 1
      vertex 26.5583 11.2946 1
    endloop
  endfacet
  facet normal 0 0 -1
    outer loop
      vertex 26.4794 11.5545 1
      vertex 26.4794 13.7027 1
      vertex 26.5583 13.9625 1
    endloop
  endfacet
  facet normal 0 0 -1
    outer loop
      vertex 26.4178 11.8189 1
      vertex 26.4794 13.7027 1
      vertex 26.4794 11.5545 1
    endloop
  endfacet
  facet normal 0 0 -1
    outer loop
      vertex 26.4178 11.8189 1
      vertex 26.4178 13.4382 1
      vertex 26.4794 13.7027 1
    endloop
  endfacet
  facet normal 0 0 -1
    outer loop
      vertex 26.3735 12.0869 1
      vertex 26.4178 13.4382 1
      vertex 26.4178 11.8189 1
    endloop
  endfacet
  facet normal 0 0 -1
    outer loop
      vertex 26.3735 12.0869 1
      vertex 26.3735 13.1702 1
      vertex 26.4178 13.4382 1
    endloop
  endfacet
  facet normal 0 0 -1
    outer loop
      vertex 26.3469 12.3571 1
      vertex 26.3735 13.1702 1
      vertex 26.3735 12.0869 1
    endloop
  endfacet
  facet normal 0 0 -1
    outer loop
      vertex 26.3469 12.3571 1
      vertex 26.3469 12.9 1
      vertex 26.3735 13.1702 1
    endloop
  endfacet
  facet normal 0 -0 -1
    outer loop
      vertex 26.3469 12.9 1
      vertex 26.3469 12.3571 1
      vertex 26.338 12.6286 1
    endloop
  endfacet
  facet normal 0.582596 -0.812762 0
    outer loop
      vertex 27.9617 15.921 -16
      vertex 28.1824 16.0792 1
      vertex 27.9617 15.921 1
    endloop
  endfacet
  facet normal 0.582596 -0.812762 0
    outer loop
      vertex 28.1824 16.0792 1
      vertex 27.9617 15.921 -16
      vertex 28.1824 16.0792 -16
    endloop
  endfacet
  facet normal 0.6343 -0.773087 0
    outer loop
      vertex 27.7517 15.7487 -16
      vertex 27.9617 15.921 1
      vertex 27.7517 15.7487 1
    endloop
  endfacet
  facet normal 0.6343 -0.773087 0
    outer loop
      vertex 27.9617 15.921 1
      vertex 27.7517 15.7487 -16
      vertex 27.9617 15.921 -16
    endloop
  endfacet
  facet normal 0.881945 -0.471353 0
    outer loop
      vertex 26.766 14.4641 1
      vertex 26.894 14.7036 -16
      vertex 26.894 14.7036 1
    endloop
  endfacet
  facet normal 0.881945 -0.471353 0
    outer loop
      vertex 26.894 14.7036 -16
      vertex 26.766 14.4641 1
      vertex 26.766 14.4641 -16
    endloop
  endfacet
  facet normal 0.910858 -0.412721 0
    outer loop
      vertex 26.6539 14.2167 1
      vertex 26.766 14.4641 -16
      vertex 26.766 14.4641 1
    endloop
  endfacet
  facet normal 0.910858 -0.412721 0
    outer loop
      vertex 26.766 14.4641 -16
      vertex 26.6539 14.2167 1
      vertex 26.6539 14.2167 -16
    endloop
  endfacet
  facet normal -0.935874 -0.352334 0
    outer loop
      vertex 34.4178 13.9625 -16
      vertex 34.3221 14.2167 1
      vertex 34.3221 14.2167 -16
    endloop
  endfacet
  facet normal -0.935874 -0.352334 0
    outer loop
      vertex 34.3221 14.2167 1
      vertex 34.4178 13.9625 -16
      vertex 34.4178 13.9625 1
    endloop
  endfacet
  facet normal -0.528078 0.849196 0
    outer loop
      vertex 32.7936 9.17795 -16
      vertex 32.563 9.03455 1
      vertex 32.7936 9.17795 1
    endloop
  endfacet
  facet normal -0.528078 0.849196 0
    outer loop
      vertex 32.563 9.03455 1
      vertex 32.7936 9.17795 -16
      vertex 32.563 9.03455 -16
    endloop
  endfacet
  facet normal -0.412798 0.910823 0
    outer loop
      vertex 32.3235 8.90653 -16
      vertex 32.0762 8.79445 1
      vertex 32.3235 8.90653 1
    endloop
  endfacet
  facet normal -0.412798 0.910823 0
    outer loop
      vertex 32.0762 8.79445 1
      vertex 32.3235 8.90653 -16
      vertex 32.0762 8.79445 -16
    endloop
  endfacet
  facet normal -0.973855 -0.227171 0
    outer loop
      vertex 34.5583 13.4382 -16
      vertex 34.4966 13.7027 1
      vertex 34.4966 13.7027 -16
    endloop
  endfacet
  facet normal -0.973855 -0.227171 0
    outer loop
      vertex 34.4966 13.7027 1
      vertex 34.5583 13.4382 -16
      vertex 34.5583 13.4382 1
    endloop
  endfacet
  facet normal -0.995189 0.097972 0
    outer loop
      vertex 34.6025 12.0869 -16
      vertex 34.6291 12.3571 1
      vertex 34.6291 12.3571 -16
    endloop
  endfacet
  facet normal -0.995189 0.097972 0
    outer loop
      vertex 34.6291 12.3571 1
      vertex 34.6025 12.0869 -16
      vertex 34.6025 12.0869 1
    endloop
  endfacet
  facet normal -0.973836 0.227253 0
    outer loop
      vertex 34.4966 11.5545 -16
      vertex 34.5583 11.8189 1
      vertex 34.5583 11.8189 -16
    endloop
  endfacet
  facet normal -0.973836 0.227253 0
    outer loop
      vertex 34.5583 11.8189 1
      vertex 34.4966 11.5545 -16
      vertex 34.4966 11.5545 1
    endloop
  endfacet
  facet normal -0.47141 0.881914 0
    outer loop
      vertex 32.563 9.03455 -16
      vertex 32.3235 8.90653 1
      vertex 32.563 9.03455 1
    endloop
  endfacet
  facet normal -0.47141 0.881914 0
    outer loop
      vertex 32.3235 8.90653 1
      vertex 32.563 9.03455 -16
      vertex 32.3235 8.90653 -16
    endloop
  endfacet
  facet normal -0.683603 0.729854 0
    outer loop
      vertex 33.4225 9.69406 -16
      vertex 33.2243 9.50842 1
      vertex 33.4225 9.69406 1
    endloop
  endfacet
  facet normal -0.683603 0.729854 0
    outer loop
      vertex 33.2243 9.50842 1
      vertex 33.4225 9.69406 -16
      vertex 33.2243 9.50842 -16
    endloop
  endfacet
  facet normal -0.582397 0.812904 0
    outer loop
      vertex 33.0144 9.33614 -16
      vertex 32.7936 9.17795 1
      vertex 33.0144 9.33614 1
    endloop
  endfacet
  facet normal -0.582397 0.812904 0
    outer loop
      vertex 32.7936 9.17795 1
      vertex 33.0144 9.33614 -16
      vertex 32.7936 9.17795 -16
    endloop
  endfacet
  facet normal -0.881945 0.471353 0
    outer loop
      vertex 34.082 10.5536 -16
      vertex 34.21 10.7931 1
      vertex 34.21 10.7931 -16
    endloop
  endfacet
  facet normal -0.881945 0.471353 0
    outer loop
      vertex 34.21 10.7931 1
      vertex 34.082 10.5536 -16
      vertex 34.082 10.5536 1
    endloop
  endfacet
  facet normal -0.849299 0.527913 0
    outer loop
      vertex 33.9386 10.3229 -16
      vertex 34.082 10.5536 1
      vertex 34.082 10.5536 -16
    endloop
  endfacet
  facet normal -0.849299 0.527913 0
    outer loop
      vertex 34.082 10.5536 1
      vertex 33.9386 10.3229 -16
      vertex 33.9386 10.3229 1
    endloop
  endfacet
  facet normal -0.910795 0.412859 0
    outer loop
      vertex 34.21 10.7931 -16
      vertex 34.3221 11.0404 1
      vertex 34.3221 11.0404 -16
    endloop
  endfacet
  facet normal -0.910795 0.412859 0
    outer loop
      vertex 34.3221 11.0404 1
      vertex 34.21 10.7931 -16
      vertex 34.21 10.7931 1
    endloop
  endfacet
  facet normal -0.773164 0.634206 0
    outer loop
      vertex 33.6082 9.89227 -16
      vertex 33.7804 10.1022 1
      vertex 33.7804 10.1022 -16
    endloop
  endfacet
  facet normal -0.773164 0.634206 0
    outer loop
      vertex 33.7804 10.1022 1
      vertex 33.6082 9.89227 -16
      vertex 33.6082 9.89227 1
    endloop
  endfacet
  facet normal -0.812762 0.582596 0
    outer loop
      vertex 33.7804 10.1022 -16
      vertex 33.9386 10.3229 1
      vertex 33.9386 10.3229 -16
    endloop
  endfacet
  facet normal -0.812762 0.582596 0
    outer loop
      vertex 33.9386 10.3229 1
      vertex 33.7804 10.1022 -16
      vertex 33.7804 10.1022 1
    endloop
  endfacet
  facet normal -0.0327385 0.999464 0
    outer loop
      vertex 30.7594 8.48744 -16
      vertex 30.488 8.47855 1
      vertex 30.7594 8.48744 1
    endloop
  endfacet
  facet normal -0.0327385 0.999464 0
    outer loop
      vertex 30.488 8.47855 1
      vertex 30.7594 8.48744 -16
      vertex 30.488 8.47855 -16
    endloop
  endfacet
  facet normal -0.352205 0.935923 0
    outer loop
      vertex 32.0762 8.79445 -16
      vertex 31.822 8.69879 1
      vertex 32.0762 8.79445 1
    endloop
  endfacet
  facet normal -0.352205 0.935923 0
    outer loop
      vertex 31.822 8.69879 1
      vertex 32.0762 8.79445 -16
      vertex 31.822 8.69879 -16
    endloop
  endfacet
  facet normal -0.227067 0.973879 0
    outer loop
      vertex 31.5621 8.61996 -16
      vertex 31.2976 8.55829 1
      vertex 31.5621 8.61996 1
    endloop
  endfacet
  facet normal -0.227067 0.973879 0
    outer loop
      vertex 31.2976 8.55829 1
      vertex 31.5621 8.61996 -16
      vertex 31.2976 8.55829 -16
    endloop
  endfacet
  facet normal -0.290252 0.95695 0
    outer loop
      vertex 31.822 8.69879 -16
      vertex 31.5621 8.61996 1
      vertex 31.822 8.69879 1
    endloop
  endfacet
  facet normal -0.290252 0.95695 0
    outer loop
      vertex 31.5621 8.61996 1
      vertex 31.822 8.69879 -16
      vertex 31.5621 8.61996 -16
    endloop
  endfacet
  facet normal -0.162894 0.986644 0
    outer loop
      vertex 31.2976 8.55829 -16
      vertex 31.0297 8.51406 1
      vertex 31.2976 8.55829 1
    endloop
  endfacet
  facet normal -0.162894 0.986644 0
    outer loop
      vertex 31.0297 8.51406 1
      vertex 31.2976 8.55829 -16
      vertex 31.0297 8.51406 -16
    endloop
  endfacet
  facet normal 0.098009 0.995186 -0
    outer loop
      vertex 30.2166 8.48744 -16
      vertex 29.9463 8.51406 1
      vertex 30.2166 8.48744 1
    endloop
  endfacet
  facet normal 0.098009 0.995186 0
    outer loop
      vertex 29.9463 8.51406 1
      vertex 30.2166 8.48744 -16
      vertex 29.9463 8.51406 -16
    endloop
  endfacet
  facet normal 0.290252 0.95695 -0
    outer loop
      vertex 29.4139 8.61996 -16
      vertex 29.154 8.69879 1
      vertex 29.4139 8.61996 1
    endloop
  endfacet
  facet normal 0.290252 0.95695 0
    outer loop
      vertex 29.154 8.69879 1
      vertex 29.4139 8.61996 -16
      vertex 29.154 8.69879 -16
    endloop
  endfacet
  facet normal 0.227067 0.973879 -0
    outer loop
      vertex 29.6784 8.55829 -16
      vertex 29.4139 8.61996 1
      vertex 29.6784 8.55829 1
    endloop
  endfacet
  facet normal 0.227067 0.973879 0
    outer loop
      vertex 29.4139 8.61996 1
      vertex 29.6784 8.55829 -16
      vertex 29.4139 8.61996 -16
    endloop
  endfacet
  facet normal 0.729945 0.683506 0
    outer loop
      vertex 27.5535 9.69406 1
      vertex 27.3679 9.89227 -16
      vertex 27.3679 9.89227 1
    endloop
  endfacet
  facet normal 0.729945 0.683506 0
    outer loop
      vertex 27.3679 9.89227 -16
      vertex 27.5535 9.69406 1
      vertex 27.5535 9.69406 -16
    endloop
  endfacet
  facet normal 0.812762 0.582596 0
    outer loop
      vertex 27.1956 10.1022 1
      vertex 27.0374 10.3229 -16
      vertex 27.0374 10.3229 1
    endloop
  endfacet
  facet normal 0.812762 0.582596 0
    outer loop
      vertex 27.0374 10.3229 -16
      vertex 27.1956 10.1022 1
      vertex 27.1956 10.1022 -16
    endloop
  endfacet
  facet normal 0.772984 0.634426 0
    outer loop
      vertex 27.3679 9.89227 1
      vertex 27.1956 10.1022 -16
      vertex 27.1956 10.1022 1
    endloop
  endfacet
  facet normal 0.772984 0.634426 0
    outer loop
      vertex 27.1956 10.1022 -16
      vertex 27.3679 9.89227 1
      vertex 27.3679 9.89227 -16
    endloop
  endfacet
  facet normal 0.881945 0.471353 0
    outer loop
      vertex 26.894 10.5536 1
      vertex 26.766 10.7931 -16
      vertex 26.766 10.7931 1
    endloop
  endfacet
  facet normal 0.881945 0.471353 0
    outer loop
      vertex 26.766 10.7931 -16
      vertex 26.894 10.5536 1
      vertex 26.894 10.5536 -16
    endloop
  endfacet
  facet normal 0.634256 0.773123 -0
    outer loop
      vertex 27.9617 9.33614 -16
      vertex 27.7517 9.50842 1
      vertex 27.9617 9.33614 1
    endloop
  endfacet
  facet normal 0.634256 0.773123 0
    outer loop
      vertex 27.7517 9.50842 1
      vertex 27.9617 9.33614 -16
      vertex 27.7517 9.50842 -16
    endloop
  endfacet
  facet normal 0.41266 0.910885 -0
    outer loop
      vertex 28.8999 8.79445 -16
      vertex 28.6525 8.90653 1
      vertex 28.8999 8.79445 1
    endloop
  endfacet
  facet normal 0.41266 0.910885 0
    outer loop
      vertex 28.6525 8.90653 1
      vertex 28.8999 8.79445 -16
      vertex 28.6525 8.90653 -16
    endloop
  endfacet
  facet normal -0.881945 -0.471353 0
    outer loop
      vertex 34.21 14.4641 -16
      vertex 34.082 14.7036 1
      vertex 34.082 14.7036 -16
    endloop
  endfacet
  facet normal -0.881945 -0.471353 0
    outer loop
      vertex 34.082 14.7036 1
      vertex 34.21 14.4641 -16
      vertex 34.21 14.4641 1
    endloop
  endfacet
  facet normal 0.29015 -0.956981 0
    outer loop
      vertex 29.154 16.5583 -16
      vertex 29.4139 16.6371 1
      vertex 29.154 16.5583 1
    endloop
  endfacet
  facet normal 0.29015 -0.956981 0
    outer loop
      vertex 29.4139 16.6371 1
      vertex 29.154 16.5583 -16
      vertex 29.4139 16.6371 -16
    endloop
  endfacet
  facet normal 0.995189 0.097972 0
    outer loop
      vertex 26.3735 12.0869 1
      vertex 26.3469 12.3571 -16
      vertex 26.3469 12.3571 1
    endloop
  endfacet
  facet normal 0.995189 0.097972 0
    outer loop
      vertex 26.3469 12.3571 -16
      vertex 26.3735 12.0869 1
      vertex 26.3735 12.0869 -16
    endloop
  endfacet
  facet normal 0.956848 -0.29059 0
    outer loop
      vertex 26.4794 13.7027 1
      vertex 26.5583 13.9625 -16
      vertex 26.5583 13.9625 1
    endloop
  endfacet
  facet normal 0.956848 -0.29059 0
    outer loop
      vertex 26.5583 13.9625 -16
      vertex 26.4794 13.7027 1
      vertex 26.4794 13.7027 -16
    endloop
  endfacet
  facet normal 0.471353 -0.881945 0
    outer loop
      vertex 28.413 16.2226 -16
      vertex 28.6525 16.3506 1
      vertex 28.413 16.2226 1
    endloop
  endfacet
  facet normal 0.471353 -0.881945 0
    outer loop
      vertex 28.6525 16.3506 1
      vertex 28.413 16.2226 -16
      vertex 28.6525 16.3506 -16
    endloop
  endfacet
  facet normal 0.772939 -0.63448 0
    outer loop
      vertex 27.1956 15.1549 1
      vertex 27.3679 15.3648 -16
      vertex 27.3679 15.3648 1
    endloop
  endfacet
  facet normal 0.772939 -0.63448 0
    outer loop
      vertex 27.3679 15.3648 -16
      vertex 27.1956 15.1549 1
      vertex 27.1956 15.1549 -16
    endloop
  endfacet
  facet normal -0.995189 -0.097972 0
    outer loop
      vertex 34.6291 12.9 -16
      vertex 34.6025 13.1702 1
      vertex 34.6025 13.1702 -16
    endloop
  endfacet
  facet normal -0.995189 -0.097972 0
    outer loop
      vertex 34.6025 13.1702 1
      vertex 34.6291 12.9 -16
      vertex 34.6291 12.9 1
    endloop
  endfacet
  facet normal -0.95695 -0.290253 0
    outer loop
      vertex 34.4966 13.7027 -16
      vertex 34.4178 13.9625 1
      vertex 34.4178 13.9625 -16
    endloop
  endfacet
  facet normal -0.95695 -0.290253 0
    outer loop
      vertex 34.4178 13.9625 1
      vertex 34.4966 13.7027 -16
      vertex 34.4966 13.7027 1
    endloop
  endfacet
  facet normal -0.999463 0.0327632 0
    outer loop
      vertex 34.6291 12.3571 -16
      vertex 34.638 12.6286 1
      vertex 34.638 12.6286 -16
    endloop
  endfacet
  facet normal -0.999463 0.0327632 0
    outer loop
      vertex 34.638 12.6286 1
      vertex 34.6291 12.3571 -16
      vertex 34.6291 12.3571 1
    endloop
  endfacet
  facet normal -0.634436 0.772975 0
    outer loop
      vertex 33.2243 9.50842 -16
      vertex 33.0144 9.33614 1
      vertex 33.2243 9.50842 1
    endloop
  endfacet
  facet normal -0.634436 0.772975 0
    outer loop
      vertex 33.0144 9.33614 1
      vertex 33.2243 9.50842 -16
      vertex 33.0144 9.33614 -16
    endloop
  endfacet
  facet normal -0.098009 0.995186 0
    outer loop
      vertex 31.0297 8.51406 -16
      vertex 30.7594 8.48744 1
      vertex 31.0297 8.51406 1
    endloop
  endfacet
  facet normal -0.098009 0.995186 0
    outer loop
      vertex 30.7594 8.48744 1
      vertex 31.0297 8.51406 -16
      vertex 30.7594 8.48744 -16
    endloop
  endfacet
  facet normal 0.582572 0.812779 -0
    outer loop
      vertex 28.1824 9.17795 -16
      vertex 27.9617 9.33614 1
      vertex 28.1824 9.17795 1
    endloop
  endfacet
  facet normal 0.582572 0.812779 0
    outer loop
      vertex 27.9617 9.33614 1
      vertex 28.1824 9.17795 -16
      vertex 27.9617 9.33614 -16
    endloop
  endfacet
  facet normal 0.47141 0.881914 -0
    outer loop
      vertex 28.6525 8.90653 -16
      vertex 28.413 9.03455 1
      vertex 28.6525 8.90653 1
    endloop
  endfacet
  facet normal 0.47141 0.881914 0
    outer loop
      vertex 28.413 9.03455 1
      vertex 28.6525 8.90653 -16
      vertex 28.413 9.03455 -16
    endloop
  endfacet
  facet normal -0.986671 0.162727 0
    outer loop
      vertex 34.5583 11.8189 -16
      vertex 34.6025 12.0869 1
      vertex 34.6025 12.0869 -16
    endloop
  endfacet
  facet normal -0.986671 0.162727 0
    outer loop
      vertex 34.6025 12.0869 1
      vertex 34.5583 11.8189 -16
      vertex 34.5583 11.8189 1
    endloop
  endfacet
  facet normal -0.956981 0.29015 0
    outer loop
      vertex 34.4178 11.2946 -16
      vertex 34.4966 11.5545 1
      vertex 34.4966 11.5545 -16
    endloop
  endfacet
  facet normal -0.956981 0.29015 0
    outer loop
      vertex 34.4966 11.5545 1
      vertex 34.4178 11.2946 -16
      vertex 34.4178 11.2946 1
    endloop
  endfacet
  facet normal -0.935874 0.352334 0
    outer loop
      vertex 34.3221 11.0404 -16
      vertex 34.4178 11.2946 1
      vertex 34.4178 11.2946 -16
    endloop
  endfacet
  facet normal -0.935874 0.352334 0
    outer loop
      vertex 34.4178 11.2946 1
      vertex 34.3221 11.0404 -16
      vertex 34.3221 11.0404 1
    endloop
  endfacet
  facet normal 0.910858 0.412721 0
    outer loop
      vertex -34.21 -14.4641 1
      vertex -34.3221 -14.2167 -16
      vertex -34.3221 -14.2167 1
    endloop
  endfacet
  facet normal 0.910858 0.412721 0
    outer loop
      vertex -34.3221 -14.2167 -16
      vertex -34.21 -14.4641 1
      vertex -34.21 -14.4641 -16
    endloop
  endfacet
  facet normal -0.935996 -0.352011 0
    outer loop
      vertex -26.5583 -11.2946 -16
      vertex -26.6539 -11.0404 1
      vertex -26.6539 -11.0404 -16
    endloop
  endfacet
  facet normal -0.935996 -0.352011 0
    outer loop
      vertex -26.6539 -11.0404 1
      vertex -26.5583 -11.2946 -16
      vertex -26.5583 -11.2946 1
    endloop
  endfacet
  facet normal -0.352132 0.93595 0
    outer loop
      vertex -28.8999 -16.4627 -16
      vertex -29.154 -16.5583 1
      vertex -28.8999 -16.4627 1
    endloop
  endfacet
  facet normal -0.352132 0.93595 0
    outer loop
      vertex -29.154 -16.5583 1
      vertex -28.8999 -16.4627 -16
      vertex -29.154 -16.5583 -16
    endloop
  endfacet
  facet normal 0.352205 -0.935923 0
    outer loop
      vertex -32.0762 -8.79445 -16
      vertex -31.822 -8.69879 1
      vertex -32.0762 -8.79445 1
    endloop
  endfacet
  facet normal 0.352205 -0.935923 0
    outer loop
      vertex -31.822 -8.69879 1
      vertex -32.0762 -8.79445 -16
      vertex -31.822 -8.69879 -16
    endloop
  endfacet
  facet normal -0.41266 -0.910885 0
    outer loop
      vertex -28.8999 -8.79445 -16
      vertex -28.6525 -8.90653 1
      vertex -28.8999 -8.79445 1
    endloop
  endfacet
  facet normal -0.41266 -0.910885 -0
    outer loop
      vertex -28.6525 -8.90653 1
      vertex -28.8999 -8.79445 -16
      vertex -28.6525 -8.90653 -16
    endloop
  endfacet
  facet normal 0.910795 -0.412859 0
    outer loop
      vertex -34.3221 -11.0404 1
      vertex -34.21 -10.7931 -16
      vertex -34.21 -10.7931 1
    endloop
  endfacet
  facet normal 0.910795 -0.412859 0
    outer loop
      vertex -34.21 -10.7931 -16
      vertex -34.3221 -11.0404 1
      vertex -34.3221 -11.0404 -16
    endloop
  endfacet
  facet normal -0.729945 -0.683506 0
    outer loop
      vertex -27.3679 -9.89227 -16
      vertex -27.5535 -9.69406 1
      vertex -27.5535 -9.69406 -16
    endloop
  endfacet
  facet normal -0.729945 -0.683506 0
    outer loop
      vertex -27.5535 -9.69406 1
      vertex -27.3679 -9.89227 -16
      vertex -27.3679 -9.89227 1
    endloop
  endfacet
  facet normal 0.683603 -0.729854 0
    outer loop
      vertex -33.4225 -9.69406 -16
      vertex -33.2243 -9.50842 1
      vertex -33.4225 -9.69406 1
    endloop
  endfacet
  facet normal 0.683603 -0.729854 0
    outer loop
      vertex -33.2243 -9.50842 1
      vertex -33.4225 -9.69406 -16
      vertex -33.2243 -9.50842 -16
    endloop
  endfacet
  facet normal 0.956981 -0.29015 0
    outer loop
      vertex -34.4966 -11.5545 1
      vertex -34.4178 -11.2946 -16
      vertex -34.4178 -11.2946 1
    endloop
  endfacet
  facet normal 0.956981 -0.29015 0
    outer loop
      vertex -34.4178 -11.2946 -16
      vertex -34.4966 -11.5545 1
      vertex -34.4966 -11.5545 -16
    endloop
  endfacet
  facet normal -0.0327385 -0.999464 0
    outer loop
      vertex -30.488 -8.47855 -16
      vertex -30.2166 -8.48744 1
      vertex -30.488 -8.47855 1
    endloop
  endfacet
  facet normal -0.0327385 -0.999464 -0
    outer loop
      vertex -30.2166 -8.48744 1
      vertex -30.488 -8.47855 -16
      vertex -30.2166 -8.48744 -16
    endloop
  endfacet
  facet normal -0.881945 -0.471353 0
    outer loop
      vertex -26.766 -10.7931 -16
      vertex -26.894 -10.5536 1
      vertex -26.894 -10.5536 -16
    endloop
  endfacet
  facet normal -0.881945 -0.471353 0
    outer loop
      vertex -26.894 -10.5536 1
      vertex -26.766 -10.7931 -16
      vertex -26.766 -10.7931 1
    endloop
  endfacet
  facet normal 0.683721 0.729744 -0
    outer loop
      vertex -33.2243 -15.7487 -16
      vertex -33.4225 -15.563 1
      vertex -33.2243 -15.7487 1
    endloop
  endfacet
  facet normal 0.683721 0.729744 0
    outer loop
      vertex -33.4225 -15.563 1
      vertex -33.2243 -15.7487 -16
      vertex -33.4225 -15.563 -16
    endloop
  endfacet
  facet normal 0.77312 0.63426 0
    outer loop
      vertex -33.6082 -15.3648 1
      vertex -33.7804 -15.1549 -16
      vertex -33.7804 -15.1549 1
    endloop
  endfacet
  facet normal 0.77312 0.63426 0
    outer loop
      vertex -33.7804 -15.1549 -16
      vertex -33.6082 -15.3648 1
      vertex -33.6082 -15.3648 -16
    endloop
  endfacet
  facet normal 0.528078 0.849196 -0
    outer loop
      vertex -32.563 -16.2226 -16
      vertex -32.7936 -16.0792 1
      vertex -32.563 -16.2226 1
    endloop
  endfacet
  facet normal 0.528078 0.849196 0
    outer loop
      vertex -32.7936 -16.0792 1
      vertex -32.563 -16.2226 -16
      vertex -32.7936 -16.0792 -16
    endloop
  endfacet
  facet normal 0.412859 0.910795 -0
    outer loop
      vertex -32.0762 -16.4627 -16
      vertex -32.3235 -16.3506 1
      vertex -32.0762 -16.4627 1
    endloop
  endfacet
  facet normal 0.412859 0.910795 0
    outer loop
      vertex -32.3235 -16.3506 1
      vertex -32.0762 -16.4627 -16
      vertex -32.3235 -16.3506 -16
    endloop
  endfacet
  facet normal 0.63448 0.772939 -0
    outer loop
      vertex -33.0144 -15.921 -16
      vertex -33.2243 -15.7487 1
      vertex -33.0144 -15.921 1
    endloop
  endfacet
  facet normal 0.63448 0.772939 0
    outer loop
      vertex -33.2243 -15.7487 1
      vertex -33.0144 -15.921 -16
      vertex -33.2243 -15.7487 -16
    endloop
  endfacet
  facet normal -0.0983007 0.995157 0
    outer loop
      vertex -29.9463 -16.743 -16
      vertex -30.2166 -16.7697 1
      vertex -29.9463 -16.743 1
    endloop
  endfacet
  facet normal -0.0983007 0.995157 0
    outer loop
      vertex -30.2166 -16.7697 1
      vertex -29.9463 -16.743 -16
      vertex -30.2166 -16.7697 -16
    endloop
  endfacet
  facet normal -0.0327753 0.999463 0
    outer loop
      vertex -30.2166 -16.7697 -16
      vertex -30.488 -16.7786 1
      vertex -30.2166 -16.7697 1
    endloop
  endfacet
  facet normal -0.0327753 0.999463 0
    outer loop
      vertex -30.488 -16.7786 1
      vertex -30.2166 -16.7697 -16
      vertex -30.488 -16.7786 -16
    endloop
  endfacet
  facet normal -0.227171 0.973855 0
    outer loop
      vertex -29.4139 -16.6371 -16
      vertex -29.6784 -16.6988 1
      vertex -29.4139 -16.6371 1
    endloop
  endfacet
  facet normal -0.227171 0.973855 0
    outer loop
      vertex -29.6784 -16.6988 1
      vertex -29.4139 -16.6371 -16
      vertex -29.6784 -16.6988 -16
    endloop
  endfacet
  facet normal 0.29015 0.956981 -0
    outer loop
      vertex -31.5621 -16.6371 -16
      vertex -31.822 -16.5583 1
      vertex -31.5621 -16.6371 1
    endloop
  endfacet
  facet normal 0.29015 0.956981 0
    outer loop
      vertex -31.822 -16.5583 1
      vertex -31.5621 -16.6371 -16
      vertex -31.822 -16.5583 -16
    endloop
  endfacet
  facet normal -0.986612 -0.163085 0
    outer loop
      vertex -26.3735 -12.0869 -16
      vertex -26.4178 -11.8189 1
      vertex -26.4178 -11.8189 -16
    endloop
  endfacet
  facet normal -0.986612 -0.163085 0
    outer loop
      vertex -26.4178 -11.8189 1
      vertex -26.3735 -12.0869 -16
      vertex -26.3735 -12.0869 1
    endloop
  endfacet
  facet normal -0.956848 0.29059 0
    outer loop
      vertex -26.5583 -13.9625 -16
      vertex -26.4794 -13.7027 1
      vertex -26.4794 -13.7027 -16
    endloop
  endfacet
  facet normal -0.956848 0.29059 0
    outer loop
      vertex -26.4794 -13.7027 1
      vertex -26.5583 -13.9625 -16
      vertex -26.5583 -13.9625 1
    endloop
  endfacet
  facet normal -0.935996 0.352011 0
    outer loop
      vertex -26.6539 -14.2167 -16
      vertex -26.5583 -13.9625 1
      vertex -26.5583 -13.9625 -16
    endloop
  endfacet
  facet normal -0.935996 0.352011 0
    outer loop
      vertex -26.5583 -13.9625 1
      vertex -26.6539 -14.2167 -16
      vertex -26.6539 -14.2167 1
    endloop
  endfacet
  facet normal -0.999463 0.0327753 0
    outer loop
      vertex -26.3469 -12.9 -16
      vertex -26.338 -12.6286 1
      vertex -26.338 -12.6286 -16
    endloop
  endfacet
  facet normal -0.999463 0.0327753 0
    outer loop
      vertex -26.338 -12.6286 1
      vertex -26.3469 -12.9 -16
      vertex -26.3469 -12.9 1
    endloop
  endfacet
  facet normal -0.986612 0.163085 0
    outer loop
      vertex -26.4178 -13.4382 -16
      vertex -26.3735 -13.1702 1
      vertex -26.3735 -13.1702 -16
    endloop
  endfacet
  facet normal -0.986612 0.163085 0
    outer loop
      vertex -26.3735 -13.1702 1
      vertex -26.4178 -13.4382 -16
      vertex -26.4178 -13.4382 1
    endloop
  endfacet
  facet normal -0.995189 -0.097972 0
    outer loop
      vertex -26.3469 -12.3571 -16
      vertex -26.3735 -12.0869 1
      vertex -26.3735 -12.0869 -16
    endloop
  endfacet
  facet normal -0.995189 -0.097972 0
    outer loop
      vertex -26.3735 -12.0869 1
      vertex -26.3469 -12.3571 -16
      vertex -26.3469 -12.3571 1
    endloop
  endfacet
  facet normal -0.772939 0.63448 0
    outer loop
      vertex -27.3679 -15.3648 -16
      vertex -27.1956 -15.1549 1
      vertex -27.1956 -15.1549 -16
    endloop
  endfacet
  facet normal -0.772939 0.63448 0
    outer loop
      vertex -27.1956 -15.1549 1
      vertex -27.3679 -15.3648 -16
      vertex -27.3679 -15.3648 1
    endloop
  endfacet
  facet normal -0.729928 0.683525 0
    outer loop
      vertex -27.5535 -15.563 -16
      vertex -27.3679 -15.3648 1
      vertex -27.3679 -15.3648 -16
    endloop
  endfacet
  facet normal -0.729928 0.683525 0
    outer loop
      vertex -27.3679 -15.3648 1
      vertex -27.5535 -15.563 -16
      vertex -27.5535 -15.563 1
    endloop
  endfacet
  facet normal -0.849196 0.528078 0
    outer loop
      vertex -27.0374 -14.9342 -16
      vertex -26.894 -14.7036 1
      vertex -26.894 -14.7036 -16
    endloop
  endfacet
  facet normal -0.849196 0.528078 0
    outer loop
      vertex -26.894 -14.7036 1
      vertex -27.0374 -14.9342 -16
      vertex -27.0374 -14.9342 1
    endloop
  endfacet
  facet normal -0.910858 0.412721 0
    outer loop
      vertex -26.766 -14.4641 -16
      vertex -26.6539 -14.2167 1
      vertex -26.6539 -14.2167 -16
    endloop
  endfacet
  facet normal -0.910858 0.412721 0
    outer loop
      vertex -26.6539 -14.2167 1
      vertex -26.766 -14.4641 -16
      vertex -26.766 -14.4641 1
    endloop
  endfacet
  facet normal -0.412721 0.910858 0
    outer loop
      vertex -28.6525 -16.3506 -16
      vertex -28.8999 -16.4627 1
      vertex -28.6525 -16.3506 1
    endloop
  endfacet
  facet normal -0.412721 0.910858 0
    outer loop
      vertex -28.8999 -16.4627 1
      vertex -28.6525 -16.3506 -16
      vertex -28.8999 -16.4627 -16
    endloop
  endfacet
  facet normal 0.528078 -0.849196 0
    outer loop
      vertex -32.7936 -9.17795 -16
      vertex -32.563 -9.03455 1
      vertex -32.7936 -9.17795 1
    endloop
  endfacet
  facet normal 0.528078 -0.849196 0
    outer loop
      vertex -32.563 -9.03455 1
      vertex -32.7936 -9.17795 -16
      vertex -32.563 -9.03455 -16
    endloop
  endfacet
  facet normal 0.812762 -0.582596 0
    outer loop
      vertex -33.9386 -10.3229 1
      vertex -33.7804 -10.1022 -16
      vertex -33.7804 -10.1022 1
    endloop
  endfacet
  facet normal 0.812762 -0.582596 0
    outer loop
      vertex -33.7804 -10.1022 -16
      vertex -33.9386 -10.3229 1
      vertex -33.9386 -10.3229 -16
    endloop
  endfacet
  facet normal 0.881945 -0.471353 0
    outer loop
      vertex -34.21 -10.7931 1
      vertex -34.082 -10.5536 -16
      vertex -34.082 -10.5536 1
    endloop
  endfacet
  facet normal 0.881945 -0.471353 0
    outer loop
      vertex -34.082 -10.5536 -16
      vertex -34.21 -10.7931 1
      vertex -34.21 -10.7931 -16
    endloop
  endfacet
  facet normal 0.729761 -0.683702 0
    outer loop
      vertex -33.6082 -9.89227 1
      vertex -33.4225 -9.69406 -16
      vertex -33.4225 -9.69406 1
    endloop
  endfacet
  facet normal 0.729761 -0.683702 0
    outer loop
      vertex -33.4225 -9.69406 -16
      vertex -33.6082 -9.89227 1
      vertex -33.6082 -9.89227 -16
    endloop
  endfacet
  facet normal 0.973836 -0.227253 0
    outer loop
      vertex -34.5583 -11.8189 1
      vertex -34.4966 -11.5545 -16
      vertex -34.4966 -11.5545 1
    endloop
  endfacet
  facet normal 0.973836 -0.227253 0
    outer loop
      vertex -34.4966 -11.5545 -16
      vertex -34.5583 -11.8189 1
      vertex -34.5583 -11.8189 -16
    endloop
  endfacet
  facet normal 0.999463 0.0327753 0
    outer loop
      vertex -34.6291 -12.9 1
      vertex -34.638 -12.6286 -16
      vertex -34.638 -12.6286 1
    endloop
  endfacet
  facet normal 0.999463 0.0327753 0
    outer loop
      vertex -34.638 -12.6286 -16
      vertex -34.6291 -12.9 1
      vertex -34.6291 -12.9 -16
    endloop
  endfacet
  facet normal 0.95695 0.290253 0
    outer loop
      vertex -34.4178 -13.9625 1
      vertex -34.4966 -13.7027 -16
      vertex -34.4966 -13.7027 1
    endloop
  endfacet
  facet normal 0.95695 0.290253 0
    outer loop
      vertex -34.4966 -13.7027 -16
      vertex -34.4178 -13.9625 1
      vertex -34.4178 -13.9625 -16
    endloop
  endfacet
  facet normal 0.162894 -0.986644 0
    outer loop
      vertex -31.2976 -8.55829 -16
      vertex -31.0297 -8.51406 1
      vertex -31.2976 -8.55829 1
    endloop
  endfacet
  facet normal 0.162894 -0.986644 0
    outer loop
      vertex -31.0297 -8.51406 1
      vertex -31.2976 -8.55829 -16
      vertex -31.0297 -8.51406 -16
    endloop
  endfacet
  facet normal -0.290252 -0.95695 0
    outer loop
      vertex -29.4139 -8.61996 -16
      vertex -29.154 -8.69879 1
      vertex -29.4139 -8.61996 1
    endloop
  endfacet
  facet normal -0.290252 -0.95695 -0
    outer loop
      vertex -29.154 -8.69879 1
      vertex -29.4139 -8.61996 -16
      vertex -29.154 -8.69879 -16
    endloop
  endfacet
  facet normal -0.352326 -0.935877 0
    outer loop
      vertex -29.154 -8.69879 -16
      vertex -28.8999 -8.79445 1
      vertex -29.154 -8.69879 1
    endloop
  endfacet
  facet normal -0.352326 -0.935877 -0
    outer loop
      vertex -28.8999 -8.79445 1
      vertex -29.154 -8.69879 -16
      vertex -28.8999 -8.79445 -16
    endloop
  endfacet
  facet normal -0.162894 -0.986644 0
    outer loop
      vertex -29.9463 -8.51406 -16
      vertex -29.6784 -8.55829 1
      vertex -29.9463 -8.51406 1
    endloop
  endfacet
  facet normal -0.162894 -0.986644 -0
    outer loop
      vertex -29.6784 -8.55829 1
      vertex -29.9463 -8.51406 -16
      vertex -29.6784 -8.55829 -16
    endloop
  endfacet
  facet normal 0.227067 -0.973879 0
    outer loop
      vertex -31.5621 -8.61996 -16
      vertex -31.2976 -8.55829 1
      vertex -31.5621 -8.61996 1
    endloop
  endfacet
  facet normal 0.227067 -0.973879 0
    outer loop
      vertex -31.2976 -8.55829 1
      vertex -31.5621 -8.61996 -16
      vertex -31.2976 -8.55829 -16
    endloop
  endfacet
  facet normal -0.582572 -0.812779 0
    outer loop
      vertex -28.1824 -9.17795 -16
      vertex -27.9617 -9.33614 1
      vertex -28.1824 -9.17795 1
    endloop
  endfacet
  facet normal -0.582572 -0.812779 -0
    outer loop
      vertex -27.9617 -9.33614 1
      vertex -28.1824 -9.17795 -16
      vertex -27.9617 -9.33614 -16
    endloop
  endfacet
  facet normal -0.683603 -0.729854 0
    outer loop
      vertex -27.7517 -9.50842 -16
      vertex -27.5535 -9.69406 1
      vertex -27.7517 -9.50842 1
    endloop
  endfacet
  facet normal -0.683603 -0.729854 -0
    outer loop
      vertex -27.5535 -9.69406 1
      vertex -27.7517 -9.50842 -16
      vertex -27.5535 -9.69406 -16
    endloop
  endfacet
  facet normal -0.47141 -0.881914 0
    outer loop
      vertex -28.6525 -8.90653 -16
      vertex -28.413 -9.03455 1
      vertex -28.6525 -8.90653 1
    endloop
  endfacet
  facet normal -0.47141 -0.881914 -0
    outer loop
      vertex -28.413 -9.03455 1
      vertex -28.6525 -8.90653 -16
      vertex -28.413 -9.03455 -16
    endloop
  endfacet
  facet normal -0.910795 -0.412859 0
    outer loop
      vertex -26.6539 -11.0404 -16
      vertex -26.766 -10.7931 1
      vertex -26.766 -10.7931 -16
    endloop
  endfacet
  facet normal -0.910795 -0.412859 0
    outer loop
      vertex -26.766 -10.7931 1
      vertex -26.6539 -11.0404 -16
      vertex -26.6539 -11.0404 1
    endloop
  endfacet
  facet normal 0.881945 0.471353 0
    outer loop
      vertex -34.082 -14.7036 1
      vertex -34.21 -14.4641 -16
      vertex -34.21 -14.4641 1
    endloop
  endfacet
  facet normal 0.881945 0.471353 0
    outer loop
      vertex -34.21 -14.4641 -16
      vertex -34.082 -14.7036 1
      vertex -34.082 -14.7036 -16
    endloop
  endfacet
  facet normal 0.812762 0.582596 0
    outer loop
      vertex -33.7804 -15.1549 1
      vertex -33.9386 -14.9342 -16
      vertex -33.9386 -14.9342 1
    endloop
  endfacet
  facet normal 0.812762 0.582596 0
    outer loop
      vertex -33.9386 -14.9342 -16
      vertex -33.7804 -15.1549 1
      vertex -33.7804 -15.1549 -16
    endloop
  endfacet
  facet normal 0.729744 0.683721 0
    outer loop
      vertex -33.4225 -15.563 1
      vertex -33.6082 -15.3648 -16
      vertex -33.6082 -15.3648 1
    endloop
  endfacet
  facet normal 0.729744 0.683721 0
    outer loop
      vertex -33.6082 -15.3648 -16
      vertex -33.4225 -15.563 1
      vertex -33.4225 -15.563 -16
    endloop
  endfacet
  facet normal 0.471353 0.881945 -0
    outer loop
      vertex -32.3235 -16.3506 -16
      vertex -32.563 -16.2226 1
      vertex -32.3235 -16.3506 1
    endloop
  endfacet
  facet normal 0.471353 0.881945 0
    outer loop
      vertex -32.563 -16.2226 1
      vertex -32.3235 -16.3506 -16
      vertex -32.563 -16.2226 -16
    endloop
  endfacet
  facet normal 0.582422 0.812887 -0
    outer loop
      vertex -32.7936 -16.0792 -16
      vertex -33.0144 -15.921 1
      vertex -32.7936 -16.0792 1
    endloop
  endfacet
  facet normal 0.582422 0.812887 0
    outer loop
      vertex -33.0144 -15.921 1
      vertex -32.7936 -16.0792 -16
      vertex -33.0144 -15.921 -16
    endloop
  endfacet
  facet normal -0.29015 0.956981 0
    outer loop
      vertex -29.154 -16.5583 -16
      vertex -29.4139 -16.6371 1
      vertex -29.154 -16.5583 1
    endloop
  endfacet
  facet normal -0.29015 0.956981 0
    outer loop
      vertex -29.4139 -16.6371 1
      vertex -29.154 -16.5583 -16
      vertex -29.4139 -16.6371 -16
    endloop
  endfacet
  facet normal 0.0327753 0.999463 -0
    outer loop
      vertex -30.488 -16.7786 -16
      vertex -30.7594 -16.7697 1
      vertex -30.488 -16.7786 1
    endloop
  endfacet
  facet normal 0.0327753 0.999463 0
    outer loop
      vertex -30.7594 -16.7697 1
      vertex -30.488 -16.7786 -16
      vertex -30.7594 -16.7697 -16
    endloop
  endfacet
  facet normal 0.162786 0.986661 -0
    outer loop
      vertex -31.0297 -16.743 -16
      vertex -31.2976 -16.6988 1
      vertex -31.0297 -16.743 1
    endloop
  endfacet
  facet normal 0.162786 0.986661 0
    outer loop
      vertex -31.2976 -16.6988 1
      vertex -31.0297 -16.743 -16
      vertex -31.2976 -16.6988 -16
    endloop
  endfacet
  facet normal 0.0983007 0.995157 -0
    outer loop
      vertex -30.7594 -16.7697 -16
      vertex -31.0297 -16.743 1
      vertex -30.7594 -16.7697 1
    endloop
  endfacet
  facet normal 0.0983007 0.995157 0
    outer loop
      vertex -31.0297 -16.743 1
      vertex -30.7594 -16.7697 -16
      vertex -31.0297 -16.743 -16
    endloop
  endfacet
  facet normal 0.227171 0.973855 -0
    outer loop
      vertex -31.2976 -16.6988 -16
      vertex -31.5621 -16.6371 1
      vertex -31.2976 -16.6988 1
    endloop
  endfacet
  facet normal 0.227171 0.973855 0
    outer loop
      vertex -31.5621 -16.6371 1
      vertex -31.2976 -16.6988 -16
      vertex -31.5621 -16.6371 -16
    endloop
  endfacet
  facet normal 0.352011 0.935996 -0
    outer loop
      vertex -31.822 -16.5583 -16
      vertex -32.0762 -16.4627 1
      vertex -31.822 -16.5583 1
    endloop
  endfacet
  facet normal 0.352011 0.935996 0
    outer loop
      vertex -32.0762 -16.4627 1
      vertex -31.822 -16.5583 -16
      vertex -32.0762 -16.4627 -16
    endloop
  endfacet
  facet normal -0.995189 0.097972 0
    outer loop
      vertex -26.3735 -13.1702 -16
      vertex -26.3469 -12.9 1
      vertex -26.3469 -12.9 -16
    endloop
  endfacet
  facet normal -0.995189 0.097972 0
    outer loop
      vertex -26.3469 -12.9 1
      vertex -26.3735 -13.1702 -16
      vertex -26.3735 -13.1702 1
    endloop
  endfacet
  facet normal -0.956879 -0.290488 0
    outer loop
      vertex -26.4794 -11.5545 -16
      vertex -26.5583 -11.2946 1
      vertex -26.5583 -11.2946 -16
    endloop
  endfacet
  facet normal -0.956879 -0.290488 0
    outer loop
      vertex -26.5583 -11.2946 1
      vertex -26.4794 -11.5545 -16
      vertex -26.4794 -11.5545 1
    endloop
  endfacet
  facet normal -0.881945 0.471353 0
    outer loop
      vertex -26.894 -14.7036 -16
      vertex -26.766 -14.4641 1
      vertex -26.766 -14.4641 -16
    endloop
  endfacet
  facet normal -0.881945 0.471353 0
    outer loop
      vertex -26.766 -14.4641 1
      vertex -26.894 -14.7036 -16
      vertex -26.894 -14.7036 1
    endloop
  endfacet
  facet normal -0.683721 0.729744 0
    outer loop
      vertex -27.5535 -15.563 -16
      vertex -27.7517 -15.7487 1
      vertex -27.5535 -15.563 1
    endloop
  endfacet
  facet normal -0.683721 0.729744 0
    outer loop
      vertex -27.7517 -15.7487 1
      vertex -27.5535 -15.563 -16
      vertex -27.7517 -15.7487 -16
    endloop
  endfacet
  facet normal -0.582596 0.812762 0
    outer loop
      vertex -27.9617 -15.921 -16
      vertex -28.1824 -16.0792 1
      vertex -27.9617 -15.921 1
    endloop
  endfacet
  facet normal -0.582596 0.812762 0
    outer loop
      vertex -28.1824 -16.0792 1
      vertex -27.9617 -15.921 -16
      vertex -28.1824 -16.0792 -16
    endloop
  endfacet
  facet normal -0.6343 0.773087 0
    outer loop
      vertex -27.7517 -15.7487 -16
      vertex -27.9617 -15.921 1
      vertex -27.7517 -15.7487 1
    endloop
  endfacet
  facet normal -0.6343 0.773087 0
    outer loop
      vertex -27.9617 -15.921 1
      vertex -27.7517 -15.7487 -16
      vertex -27.9617 -15.921 -16
    endloop
  endfacet
  facet normal -0.471353 0.881945 0
    outer loop
      vertex -28.413 -16.2226 -16
      vertex -28.6525 -16.3506 1
      vertex -28.413 -16.2226 1
    endloop
  endfacet
  facet normal -0.471353 0.881945 0
    outer loop
      vertex -28.6525 -16.3506 1
      vertex -28.413 -16.2226 -16
      vertex -28.6525 -16.3506 -16
    endloop
  endfacet
  facet normal -0.528078 0.849196 0
    outer loop
      vertex -28.1824 -16.0792 -16
      vertex -28.413 -16.2226 1
      vertex -28.1824 -16.0792 1
    endloop
  endfacet
  facet normal -0.528078 0.849196 0
    outer loop
      vertex -28.413 -16.2226 1
      vertex -28.1824 -16.0792 -16
      vertex -28.413 -16.2226 -16
    endloop
  endfacet
  facet normal 0.935874 0.352334 0
    outer loop
      vertex -34.3221 -14.2167 1
      vertex -34.4178 -13.9625 -16
      vertex -34.4178 -13.9625 1
    endloop
  endfacet
  facet normal 0.935874 0.352334 0
    outer loop
      vertex -34.4178 -13.9625 -16
      vertex -34.3221 -14.2167 1
      vertex -34.3221 -14.2167 -16
    endloop
  endfacet
  facet normal 0.47141 -0.881914 0
    outer loop
      vertex -32.563 -9.03455 -16
      vertex -32.3235 -8.90653 1
      vertex -32.563 -9.03455 1
    endloop
  endfacet
  facet normal 0.47141 -0.881914 0
    outer loop
      vertex -32.3235 -8.90653 1
      vertex -32.563 -9.03455 -16
      vertex -32.3235 -8.90653 -16
    endloop
  endfacet
  facet normal 0.412798 -0.910823 0
    outer loop
      vertex -32.3235 -8.90653 -16
      vertex -32.0762 -8.79445 1
      vertex -32.3235 -8.90653 1
    endloop
  endfacet
  facet normal 0.412798 -0.910823 0
    outer loop
      vertex -32.0762 -8.79445 1
      vertex -32.3235 -8.90653 -16
      vertex -32.0762 -8.79445 -16
    endloop
  endfacet
  facet normal 0.582397 -0.812904 0
    outer loop
      vertex -33.0144 -9.33614 -16
      vertex -32.7936 -9.17795 1
      vertex -33.0144 -9.33614 1
    endloop
  endfacet
  facet normal 0.582397 -0.812904 0
    outer loop
      vertex -32.7936 -9.17795 1
      vertex -33.0144 -9.33614 -16
      vertex -32.7936 -9.17795 -16
    endloop
  endfacet
  facet normal 0.634436 -0.772975 0
    outer loop
      vertex -33.2243 -9.50842 -16
      vertex -33.0144 -9.33614 1
      vertex -33.2243 -9.50842 1
    endloop
  endfacet
  facet normal 0.634436 -0.772975 0
    outer loop
      vertex -33.0144 -9.33614 1
      vertex -33.2243 -9.50842 -16
      vertex -33.0144 -9.33614 -16
    endloop
  endfacet
  facet normal 0.986671 -0.162727 0
    outer loop
      vertex -34.6025 -12.0869 1
      vertex -34.5583 -11.8189 -16
      vertex -34.5583 -11.8189 1
    endloop
  endfacet
  facet normal 0.986671 -0.162727 0
    outer loop
      vertex -34.5583 -11.8189 -16
      vertex -34.6025 -12.0869 1
      vertex -34.6025 -12.0869 -16
    endloop
  endfacet
  facet normal 0.999463 -0.0327632 0
    outer loop
      vertex -34.638 -12.6286 1
      vertex -34.6291 -12.3571 -16
      vertex -34.6291 -12.3571 1
    endloop
  endfacet
  facet normal 0.999463 -0.0327632 0
    outer loop
      vertex -34.6291 -12.3571 -16
      vertex -34.638 -12.6286 1
      vertex -34.638 -12.6286 -16
    endloop
  endfacet
  facet normal 0.995189 -0.097972 0
    outer loop
      vertex -34.6291 -12.3571 1
      vertex -34.6025 -12.0869 -16
      vertex -34.6025 -12.0869 1
    endloop
  endfacet
  facet normal 0.995189 -0.097972 0
    outer loop
      vertex -34.6025 -12.0869 -16
      vertex -34.6291 -12.3571 1
      vertex -34.6291 -12.3571 -16
    endloop
  endfacet
  facet normal 0.973855 0.227171 0
    outer loop
      vertex -34.4966 -13.7027 1
      vertex -34.5583 -13.4382 -16
      vertex -34.5583 -13.4382 1
    endloop
  endfacet
  facet normal 0.973855 0.227171 0
    outer loop
      vertex -34.5583 -13.4382 -16
      vertex -34.4966 -13.7027 1
      vertex -34.4966 -13.7027 -16
    endloop
  endfacet
  facet normal 0.995189 0.097972 0
    outer loop
      vertex -34.6025 -13.1702 1
      vertex -34.6291 -12.9 -16
      vertex -34.6291 -12.9 1
    endloop
  endfacet
  facet normal 0.995189 0.097972 0
    outer loop
      vertex -34.6291 -12.9 -16
      vertex -34.6025 -13.1702 1
      vertex -34.6025 -13.1702 -16
    endloop
  endfacet
  facet normal 0.986671 0.162727 0
    outer loop
      vertex -34.5583 -13.4382 1
      vertex -34.6025 -13.1702 -16
      vertex -34.6025 -13.1702 1
    endloop
  endfacet
  facet normal 0.986671 0.162727 0
    outer loop
      vertex -34.6025 -13.1702 -16
      vertex -34.5583 -13.4382 1
      vertex -34.5583 -13.4382 -16
    endloop
  endfacet
  facet normal -0.227067 -0.973879 0
    outer loop
      vertex -29.6784 -8.55829 -16
      vertex -29.4139 -8.61996 1
      vertex -29.6784 -8.55829 1
    endloop
  endfacet
  facet normal -0.227067 -0.973879 -0
    outer loop
      vertex -29.4139 -8.61996 1
      vertex -29.6784 -8.55829 -16
      vertex -29.4139 -8.61996 -16
    endloop
  endfacet
  facet normal 0.098009 -0.995186 0
    outer loop
      vertex -31.0297 -8.51406 -16
      vertex -30.7594 -8.48744 1
      vertex -31.0297 -8.51406 1
    endloop
  endfacet
  facet normal 0.098009 -0.995186 0
    outer loop
      vertex -30.7594 -8.48744 1
      vertex -31.0297 -8.51406 -16
      vertex -30.7594 -8.48744 -16
    endloop
  endfacet
  facet normal 0.290252 -0.95695 0
    outer loop
      vertex -31.822 -8.69879 -16
      vertex -31.5621 -8.61996 1
      vertex -31.822 -8.69879 1
    endloop
  endfacet
  facet normal 0.290252 -0.95695 0
    outer loop
      vertex -31.5621 -8.61996 1
      vertex -31.822 -8.69879 -16
      vertex -31.5621 -8.61996 -16
    endloop
  endfacet
  facet normal -0.634256 -0.773123 0
    outer loop
      vertex -27.9617 -9.33614 -16
      vertex -27.7517 -9.50842 1
      vertex -27.9617 -9.33614 1
    endloop
  endfacet
  facet normal -0.634256 -0.773123 -0
    outer loop
      vertex -27.7517 -9.50842 1
      vertex -27.9617 -9.33614 -16
      vertex -27.7517 -9.50842 -16
    endloop
  endfacet
  facet normal -0.528078 -0.849196 0
    outer loop
      vertex -28.413 -9.03455 -16
      vertex -28.1824 -9.17795 1
      vertex -28.413 -9.03455 1
    endloop
  endfacet
  facet normal -0.528078 -0.849196 -0
    outer loop
      vertex -28.1824 -9.17795 1
      vertex -28.413 -9.03455 -16
      vertex -28.1824 -9.17795 -16
    endloop
  endfacet
  facet normal -0.812762 -0.582596 0
    outer loop
      vertex -27.0374 -10.3229 -16
      vertex -27.1956 -10.1022 1
      vertex -27.1956 -10.1022 -16
    endloop
  endfacet
  facet normal -0.812762 -0.582596 0
    outer loop
      vertex -27.1956 -10.1022 1
      vertex -27.0374 -10.3229 -16
      vertex -27.0374 -10.3229 1
    endloop
  endfacet
  facet normal -0.772984 -0.634426 0
    outer loop
      vertex -27.1956 -10.1022 -16
      vertex -27.3679 -9.89227 1
      vertex -27.3679 -9.89227 -16
    endloop
  endfacet
  facet normal -0.772984 -0.634426 0
    outer loop
      vertex -27.3679 -9.89227 1
      vertex -27.1956 -10.1022 -16
      vertex -27.1956 -10.1022 1
    endloop
  endfacet
  facet normal -0.849299 -0.527913 0
    outer loop
      vertex -26.894 -10.5536 -16
      vertex -27.0374 -10.3229 1
      vertex -27.0374 -10.3229 -16
    endloop
  endfacet
  facet normal -0.849299 -0.527913 0
    outer loop
      vertex -27.0374 -10.3229 1
      vertex -26.894 -10.5536 -16
      vertex -26.894 -10.5536 1
    endloop
  endfacet
  facet normal 0.849196 0.528078 0
    outer loop
      vertex -33.9386 -14.9342 1
      vertex -34.082 -14.7036 -16
      vertex -34.082 -14.7036 1
    endloop
  endfacet
  facet normal 0.849196 0.528078 0
    outer loop
      vertex -34.082 -14.7036 -16
      vertex -33.9386 -14.9342 1
      vertex -33.9386 -14.9342 -16
    endloop
  endfacet
  facet normal -0.162786 0.986661 0
    outer loop
      vertex -29.6784 -16.6988 -16
      vertex -29.9463 -16.743 1
      vertex -29.6784 -16.6988 1
    endloop
  endfacet
  facet normal -0.162786 0.986661 0
    outer loop
      vertex -29.9463 -16.743 1
      vertex -29.6784 -16.6988 -16
      vertex -29.9463 -16.743 -16
    endloop
  endfacet
  facet normal -0.973936 0.226822 0
    outer loop
      vertex -26.4794 -13.7027 -16
      vertex -26.4178 -13.4382 1
      vertex -26.4178 -13.4382 -16
    endloop
  endfacet
  facet normal -0.973936 0.226822 0
    outer loop
      vertex -26.4178 -13.4382 1
      vertex -26.4794 -13.7027 -16
      vertex -26.4794 -13.7027 1
    endloop
  endfacet
  facet normal -0.999463 -0.0327632 0
    outer loop
      vertex -26.338 -12.6286 -16
      vertex -26.3469 -12.3571 1
      vertex -26.3469 -12.3571 -16
    endloop
  endfacet
  facet normal -0.999463 -0.0327632 0
    outer loop
      vertex -26.3469 -12.3571 1
      vertex -26.338 -12.6286 -16
      vertex -26.338 -12.6286 1
    endloop
  endfacet
  facet normal -0.973917 -0.226904 0
    outer loop
      vertex -26.4178 -11.8189 -16
      vertex -26.4794 -11.5545 1
      vertex -26.4794 -11.5545 -16
    endloop
  endfacet
  facet normal -0.973917 -0.226904 0
    outer loop
      vertex -26.4794 -11.5545 1
      vertex -26.4178 -11.8189 -16
      vertex -26.4178 -11.8189 1
    endloop
  endfacet
  facet normal -0.812762 0.582596 0
    outer loop
      vertex -27.1956 -15.1549 -16
      vertex -27.0374 -14.9342 1
      vertex -27.0374 -14.9342 -16
    endloop
  endfacet
  facet normal -0.812762 0.582596 0
    outer loop
      vertex -27.0374 -14.9342 1
      vertex -27.1956 -15.1549 -16
      vertex -27.1956 -15.1549 1
    endloop
  endfacet
  facet normal 0.849299 -0.527913 0
    outer loop
      vertex -34.082 -10.5536 1
      vertex -33.9386 -10.3229 -16
      vertex -33.9386 -10.3229 1
    endloop
  endfacet
  facet normal 0.849299 -0.527913 0
    outer loop
      vertex -33.9386 -10.3229 -16
      vertex -34.082 -10.5536 1
      vertex -34.082 -10.5536 -16
    endloop
  endfacet
  facet normal 0.773164 -0.634206 0
    outer loop
      vertex -33.7804 -10.1022 1
      vertex -33.6082 -9.89227 -16
      vertex -33.6082 -9.89227 1
    endloop
  endfacet
  facet normal 0.773164 -0.634206 0
    outer loop
      vertex -33.6082 -9.89227 -16
      vertex -33.7804 -10.1022 1
      vertex -33.7804 -10.1022 -16
    endloop
  endfacet
  facet normal 0.935874 -0.352334 0
    outer loop
      vertex -34.4178 -11.2946 1
      vertex -34.3221 -11.0404 -16
      vertex -34.3221 -11.0404 1
    endloop
  endfacet
  facet normal 0.935874 -0.352334 0
    outer loop
      vertex -34.3221 -11.0404 -16
      vertex -34.4178 -11.2946 1
      vertex -34.4178 -11.2946 -16
    endloop
  endfacet
  facet normal 0 0 -1
    outer loop
      vertex -26.3469 -12.9 1
      vertex -26.3469 -12.3571 1
      vertex -26.338 -12.6286 1
    endloop
  endfacet
  facet normal 0 0 -1
    outer loop
      vertex -26.3735 -13.1702 1
      vertex -26.3469 -12.3571 1
      vertex -26.3469 -12.9 1
    endloop
  endfacet
  facet normal 0 0 -1
    outer loop
      vertex -26.3735 -13.1702 1
      vertex -26.3735 -12.0869 1
      vertex -26.3469 -12.3571 1
    endloop
  endfacet
  facet normal 0 0 -1
    outer loop
      vertex -26.4178 -13.4382 1
      vertex -26.3735 -12.0869 1
      vertex -26.3735 -13.1702 1
    endloop
  endfacet
  facet normal 0 0 -1
    outer loop
      vertex -26.4178 -13.4382 1
      vertex -26.4178 -11.8189 1
      vertex -26.3735 -12.0869 1
    endloop
  endfacet
  facet normal 0 0 -1
    outer loop
      vertex -26.4794 -13.7027 1
      vertex -26.4178 -11.8189 1
      vertex -26.4178 -13.4382 1
    endloop
  endfacet
  facet normal 0 0 -1
    outer loop
      vertex -26.4794 -13.7027 1
      vertex -26.4794 -11.5545 1
      vertex -26.4178 -11.8189 1
    endloop
  endfacet
  facet normal 0 0 -1
    outer loop
      vertex -26.5583 -13.9625 1
      vertex -26.4794 -11.5545 1
      vertex -26.4794 -13.7027 1
    endloop
  endfacet
  facet normal 0 0 -1
    outer loop
      vertex -26.5583 -13.9625 1
      vertex -26.5583 -11.2946 1
      vertex -26.4794 -11.5545 1
    endloop
  endfacet
  facet normal 0 0 -1
    outer loop
      vertex -26.6539 -14.2167 1
      vertex -26.5583 -11.2946 1
      vertex -26.5583 -13.9625 1
    endloop
  endfacet
  facet normal 0 0 -1
    outer loop
      vertex -26.6539 -14.2167 1
      vertex -26.6539 -11.0404 1
      vertex -26.5583 -11.2946 1
    endloop
  endfacet
  facet normal 0 0 -1
    outer loop
      vertex -26.766 -14.4641 1
      vertex -26.6539 -11.0404 1
      vertex -26.6539 -14.2167 1
    endloop
  endfacet
  facet normal 0 0 -1
    outer loop
      vertex -26.766 -14.4641 1
      vertex -26.766 -10.7931 1
      vertex -26.6539 -11.0404 1
    endloop
  endfacet
  facet normal 0 0 -1
    outer loop
      vertex -26.894 -14.7036 1
      vertex -26.766 -10.7931 1
      vertex -26.766 -14.4641 1
    endloop
  endfacet
  facet normal 0 0 -1
    outer loop
      vertex -26.894 -14.7036 1
      vertex -26.894 -10.5536 1
      vertex -26.766 -10.7931 1
    endloop
  endfacet
  facet normal 0 0 -1
    outer loop
      vertex -27.0374 -14.9342 1
      vertex -26.894 -10.5536 1
      vertex -26.894 -14.7036 1
    endloop
  endfacet
  facet normal 0 0 -1
    outer loop
      vertex -27.0374 -14.9342 1
      vertex -27.0374 -10.3229 1
      vertex -26.894 -10.5536 1
    endloop
  endfacet
  facet normal 0 0 -1
    outer loop
      vertex -27.1956 -15.1549 1
      vertex -27.0374 -10.3229 1
      vertex -27.0374 -14.9342 1
    endloop
  endfacet
  facet normal 0 0 -1
    outer loop
      vertex -27.1956 -15.1549 1
      vertex -27.1956 -10.1022 1
      vertex -27.0374 -10.3229 1
    endloop
  endfacet
  facet normal 0 0 -1
    outer loop
      vertex -27.3679 -15.3648 1
      vertex -27.1956 -10.1022 1
      vertex -27.1956 -15.1549 1
    endloop
  endfacet
  facet normal 0 0 -1
    outer loop
      vertex -27.3679 -15.3648 1
      vertex -27.3679 -9.89227 1
      vertex -27.1956 -10.1022 1
    endloop
  endfacet
  facet normal 0 0 -1
    outer loop
      vertex -27.5535 -15.563 1
      vertex -27.3679 -9.89227 1
      vertex -27.3679 -15.3648 1
    endloop
  endfacet
  facet normal 0 0 -1
    outer loop
      vertex -27.5535 -15.563 1
      vertex -27.5535 -9.69406 1
      vertex -27.3679 -9.89227 1
    endloop
  endfacet
  facet normal 0 0 -1
    outer loop
      vertex -27.7517 -15.7487 1
      vertex -27.5535 -9.69406 1
      vertex -27.5535 -15.563 1
    endloop
  endfacet
  facet normal 0 0 -1
    outer loop
      vertex -27.7517 -15.7487 1
      vertex -27.7517 -9.50842 1
      vertex -27.5535 -9.69406 1
    endloop
  endfacet
  facet normal 0 0 -1
    outer loop
      vertex -27.9617 -15.921 1
      vertex -27.7517 -9.50842 1
      vertex -27.7517 -15.7487 1
    endloop
  endfacet
  facet normal 0 0 -1
    outer loop
      vertex -27.9617 -15.921 1
      vertex -27.9617 -9.33614 1
      vertex -27.7517 -9.50842 1
    endloop
  endfacet
  facet normal 0 0 -1
    outer loop
      vertex -28.1824 -16.0792 1
      vertex -27.9617 -9.33614 1
      vertex -27.9617 -15.921 1
    endloop
  endfacet
  facet normal 0 0 -1
    outer loop
      vertex -28.1824 -16.0792 1
      vertex -28.1824 -9.17795 1
      vertex -27.9617 -9.33614 1
    endloop
  endfacet
  facet normal 0 0 -1
    outer loop
      vertex -28.413 -16.2226 1
      vertex -28.1824 -9.17795 1
      vertex -28.1824 -16.0792 1
    endloop
  endfacet
  facet normal 0 0 -1
    outer loop
      vertex -28.413 -16.2226 1
      vertex -28.413 -9.03455 1
      vertex -28.1824 -9.17795 1
    endloop
  endfacet
  facet normal 0 0 -1
    outer loop
      vertex -28.6525 -16.3506 1
      vertex -28.413 -9.03455 1
      vertex -28.413 -16.2226 1
    endloop
  endfacet
  facet normal 0 0 -1
    outer loop
      vertex -28.6525 -16.3506 1
      vertex -28.6525 -8.90653 1
      vertex -28.413 -9.03455 1
    endloop
  endfacet
  facet normal 0 0 -1
    outer loop
      vertex -28.8999 -16.4627 1
      vertex -28.6525 -8.90653 1
      vertex -28.6525 -16.3506 1
    endloop
  endfacet
  facet normal 0 0 -1
    outer loop
      vertex -28.8999 -16.4627 1
      vertex -28.8999 -8.79445 1
      vertex -28.6525 -8.90653 1
    endloop
  endfacet
  facet normal 0 0 -1
    outer loop
      vertex -29.154 -16.5583 1
      vertex -28.8999 -8.79445 1
      vertex -28.8999 -16.4627 1
    endloop
  endfacet
  facet normal 0 0 -1
    outer loop
      vertex -29.154 -16.5583 1
      vertex -29.154 -8.69879 1
      vertex -28.8999 -8.79445 1
    endloop
  endfacet
  facet normal 0 0 -1
    outer loop
      vertex -29.4139 -16.6371 1
      vertex -29.154 -8.69879 1
      vertex -29.154 -16.5583 1
    endloop
  endfacet
  facet normal 0 0 -1
    outer loop
      vertex -29.4139 -16.6371 1
      vertex -29.4139 -8.61996 1
      vertex -29.154 -8.69879 1
    endloop
  endfacet
  facet normal 0 0 -1
    outer loop
      vertex -29.6784 -16.6988 1
      vertex -29.4139 -8.61996 1
      vertex -29.4139 -16.6371 1
    endloop
  endfacet
  facet normal 0 0 -1
    outer loop
      vertex -29.6784 -16.6988 1
      vertex -29.6784 -8.55829 1
      vertex -29.4139 -8.61996 1
    endloop
  endfacet
  facet normal 0 0 -1
    outer loop
      vertex -29.9463 -16.743 1
      vertex -29.6784 -8.55829 1
      vertex -29.6784 -16.6988 1
    endloop
  endfacet
  facet normal 0 0 -1
    outer loop
      vertex -29.9463 -16.743 1
      vertex -29.9463 -8.51406 1
      vertex -29.6784 -8.55829 1
    endloop
  endfacet
  facet normal 0 0 -1
    outer loop
      vertex -30.2166 -16.7697 1
      vertex -29.9463 -8.51406 1
      vertex -29.9463 -16.743 1
    endloop
  endfacet
  facet normal 0 0 -1
    outer loop
      vertex -30.2166 -16.7697 1
      vertex -30.2166 -8.48744 1
      vertex -29.9463 -8.51406 1
    endloop
  endfacet
  facet normal 0 0 -1
    outer loop
      vertex -30.488 -16.7786 1
      vertex -30.2166 -8.48744 1
      vertex -30.2166 -16.7697 1
    endloop
  endfacet
  facet normal 0 0 -1
    outer loop
      vertex -30.488 -16.7786 1
      vertex -30.488 -8.47855 1
      vertex -30.2166 -8.48744 1
    endloop
  endfacet
  facet normal 0 0 -1
    outer loop
      vertex -30.7594 -16.7697 1
      vertex -30.488 -8.47855 1
      vertex -30.488 -16.7786 1
    endloop
  endfacet
  facet normal 0 0 -1
    outer loop
      vertex -30.7594 -16.7697 1
      vertex -30.7594 -8.48744 1
      vertex -30.488 -8.47855 1
    endloop
  endfacet
  facet normal 0 0 -1
    outer loop
      vertex -31.0297 -16.743 1
      vertex -30.7594 -8.48744 1
      vertex -30.7594 -16.7697 1
    endloop
  endfacet
  facet normal 0 0 -1
    outer loop
      vertex -31.0297 -16.743 1
      vertex -31.0297 -8.51406 1
      vertex -30.7594 -8.48744 1
    endloop
  endfacet
  facet normal 0 0 -1
    outer loop
      vertex -31.2976 -16.6988 1
      vertex -31.0297 -8.51406 1
      vertex -31.0297 -16.743 1
    endloop
  endfacet
  facet normal 0 0 -1
    outer loop
      vertex -31.2976 -16.6988 1
      vertex -31.2976 -8.55829 1
      vertex -31.0297 -8.51406 1
    endloop
  endfacet
  facet normal 0 0 -1
    outer loop
      vertex -31.5621 -16.6371 1
      vertex -31.2976 -8.55829 1
      vertex -31.2976 -16.6988 1
    endloop
  endfacet
  facet normal 0 0 -1
    outer loop
      vertex -31.5621 -16.6371 1
      vertex -31.5621 -8.61996 1
      vertex -31.2976 -8.55829 1
    endloop
  endfacet
  facet normal 0 0 -1
    outer loop
      vertex -31.822 -16.5583 1
      vertex -31.5621 -8.61996 1
      vertex -31.5621 -16.6371 1
    endloop
  endfacet
  facet normal 0 0 -1
    outer loop
      vertex -31.822 -16.5583 1
      vertex -31.822 -8.69879 1
      vertex -31.5621 -8.61996 1
    endloop
  endfacet
  facet normal 0 0 -1
    outer loop
      vertex -32.0762 -16.4627 1
      vertex -31.822 -8.69879 1
      vertex -31.822 -16.5583 1
    endloop
  endfacet
  facet normal 0 0 -1
    outer loop
      vertex -32.0762 -16.4627 1
      vertex -32.0762 -8.79445 1
      vertex -31.822 -8.69879 1
    endloop
  endfacet
  facet normal 0 0 -1
    outer loop
      vertex -32.3235 -16.3506 1
      vertex -32.0762 -8.79445 1
      vertex -32.0762 -16.4627 1
    endloop
  endfacet
  facet normal 0 0 -1
    outer loop
      vertex -32.3235 -16.3506 1
      vertex -32.3235 -8.90653 1
      vertex -32.0762 -8.79445 1
    endloop
  endfacet
  facet normal 0 0 -1
    outer loop
      vertex -32.563 -16.2226 1
      vertex -32.3235 -8.90653 1
      vertex -32.3235 -16.3506 1
    endloop
  endfacet
  facet normal 0 0 -1
    outer loop
      vertex -32.563 -16.2226 1
      vertex -32.563 -9.03455 1
      vertex -32.3235 -8.90653 1
    endloop
  endfacet
  facet normal 0 0 -1
    outer loop
      vertex -32.7936 -16.0792 1
      vertex -32.563 -9.03455 1
      vertex -32.563 -16.2226 1
    endloop
  endfacet
  facet normal 0 0 -1
    outer loop
      vertex -32.7936 -16.0792 1
      vertex -32.7936 -9.17795 1
      vertex -32.563 -9.03455 1
    endloop
  endfacet
  facet normal 0 0 -1
    outer loop
      vertex -33.0144 -15.921 1
      vertex -32.7936 -9.17795 1
      vertex -32.7936 -16.0792 1
    endloop
  endfacet
  facet normal 0 0 -1
    outer loop
      vertex -33.0144 -15.921 1
      vertex -33.0144 -9.33614 1
      vertex -32.7936 -9.17795 1
    endloop
  endfacet
  facet normal 0 0 -1
    outer loop
      vertex -33.2243 -15.7487 1
      vertex -33.0144 -9.33614 1
      vertex -33.0144 -15.921 1
    endloop
  endfacet
  facet normal 0 0 -1
    outer loop
      vertex -33.2243 -15.7487 1
      vertex -33.2243 -9.50842 1
      vertex -33.0144 -9.33614 1
    endloop
  endfacet
  facet normal 0 0 -1
    outer loop
      vertex -33.4225 -15.563 1
      vertex -33.2243 -9.50842 1
      vertex -33.2243 -15.7487 1
    endloop
  endfacet
  facet normal 0 0 -1
    outer loop
      vertex -33.4225 -15.563 1
      vertex -33.4225 -9.69406 1
      vertex -33.2243 -9.50842 1
    endloop
  endfacet
  facet normal 0 0 -1
    outer loop
      vertex -33.6082 -15.3648 1
      vertex -33.4225 -9.69406 1
      vertex -33.4225 -15.563 1
    endloop
  endfacet
  facet normal 0 0 -1
    outer loop
      vertex -33.6082 -15.3648 1
      vertex -33.6082 -9.89227 1
      vertex -33.4225 -9.69406 1
    endloop
  endfacet
  facet normal 0 0 -1
    outer loop
      vertex -33.7804 -15.1549 1
      vertex -33.6082 -9.89227 1
      vertex -33.6082 -15.3648 1
    endloop
  endfacet
  facet normal 0 0 -1
    outer loop
      vertex -33.7804 -15.1549 1
      vertex -33.7804 -10.1022 1
      vertex -33.6082 -9.89227 1
    endloop
  endfacet
  facet normal 0 0 -1
    outer loop
      vertex -33.9386 -14.9342 1
      vertex -33.7804 -10.1022 1
      vertex -33.7804 -15.1549 1
    endloop
  endfacet
  facet normal 0 0 -1
    outer loop
      vertex -33.9386 -14.9342 1
      vertex -33.9386 -10.3229 1
      vertex -33.7804 -10.1022 1
    endloop
  endfacet
  facet normal 0 0 -1
    outer loop
      vertex -34.082 -14.7036 1
      vertex -33.9386 -10.3229 1
      vertex -33.9386 -14.9342 1
    endloop
  endfacet
  facet normal 0 0 -1
    outer loop
      vertex -34.082 -14.7036 1
      vertex -34.082 -10.5536 1
      vertex -33.9386 -10.3229 1
    endloop
  endfacet
  facet normal 0 0 -1
    outer loop
      vertex -34.21 -14.4641 1
      vertex -34.082 -10.5536 1
      vertex -34.082 -14.7036 1
    endloop
  endfacet
  facet normal 0 0 -1
    outer loop
      vertex -34.21 -14.4641 1
      vertex -34.21 -10.7931 1
      vertex -34.082 -10.5536 1
    endloop
  endfacet
  facet normal 0 0 -1
    outer loop
      vertex -34.3221 -14.2167 1
      vertex -34.21 -10.7931 1
      vertex -34.21 -14.4641 1
    endloop
  endfacet
  facet normal 0 0 -1
    outer loop
      vertex -34.3221 -14.2167 1
      vertex -34.3221 -11.0404 1
      vertex -34.21 -10.7931 1
    endloop
  endfacet
  facet normal 0 0 -1
    outer loop
      vertex -34.4178 -13.9625 1
      vertex -34.3221 -11.0404 1
      vertex -34.3221 -14.2167 1
    endloop
  endfacet
  facet normal 0 0 -1
    outer loop
      vertex -34.4178 -13.9625 1
      vertex -34.4178 -11.2946 1
      vertex -34.3221 -11.0404 1
    endloop
  endfacet
  facet normal 0 0 -1
    outer loop
      vertex -34.4966 -13.7027 1
      vertex -34.4178 -11.2946 1
      vertex -34.4178 -13.9625 1
    endloop
  endfacet
  facet normal 0 0 -1
    outer loop
      vertex -34.4966 -13.7027 1
      vertex -34.4966 -11.5545 1
      vertex -34.4178 -11.2946 1
    endloop
  endfacet
  facet normal 0 0 -1
    outer loop
      vertex -34.5583 -13.4382 1
      vertex -34.4966 -11.5545 1
      vertex -34.4966 -13.7027 1
    endloop
  endfacet
  facet normal 0 0 -1
    outer loop
      vertex -34.5583 -13.4382 1
      vertex -34.5583 -11.8189 1
      vertex -34.4966 -11.5545 1
    endloop
  endfacet
  facet normal 0 0 -1
    outer loop
      vertex -34.6025 -13.1702 1
      vertex -34.5583 -11.8189 1
      vertex -34.5583 -13.4382 1
    endloop
  endfacet
  facet normal 0 0 -1
    outer loop
      vertex -34.6025 -13.1702 1
      vertex -34.6025 -12.0869 1
      vertex -34.5583 -11.8189 1
    endloop
  endfacet
  facet normal 0 0 -1
    outer loop
      vertex -34.6291 -12.9 1
      vertex -34.6025 -12.0869 1
      vertex -34.6025 -13.1702 1
    endloop
  endfacet
  facet normal 0 0 -1
    outer loop
      vertex -34.6291 -12.9 1
      vertex -34.6291 -12.3571 1
      vertex -34.6025 -12.0869 1
    endloop
  endfacet
  facet normal 0 -0 -1
    outer loop
      vertex -34.6291 -12.3571 1
      vertex -34.6291 -12.9 1
      vertex -34.638 -12.6286 1
    endloop
  endfacet
  facet normal -0.098009 -0.995186 0
    outer loop
      vertex -30.2166 -8.48744 -16
      vertex -29.9463 -8.51406 1
      vertex -30.2166 -8.48744 1
    endloop
  endfacet
  facet normal -0.098009 -0.995186 -0
    outer loop
      vertex -29.9463 -8.51406 1
      vertex -30.2166 -8.48744 -16
      vertex -29.9463 -8.51406 -16
    endloop
  endfacet
  facet normal 0.0327385 -0.999464 0
    outer loop
      vertex -30.7594 -8.48744 -16
      vertex -30.488 -8.47855 1
      vertex -30.7594 -8.48744 1
    endloop
  endfacet
  facet normal 0.0327385 -0.999464 0
    outer loop
      vertex -30.488 -8.47855 1
      vertex -30.7594 -8.48744 -16
      vertex -30.488 -8.47855 -16
    endloop
  endfacet
  facet normal -0.999463 -0.0327599 0
    outer loop
      vertex 16 0 0
      vertex 15.9657 1.04645 6
      vertex 15.9657 1.04645 0
    endloop
  endfacet
  facet normal -0.999463 -0.0327599 0
    outer loop
      vertex 15.9657 1.04645 6
      vertex 16 0 0
      vertex 16 0 6
    endloop
  endfacet
  facet normal 0.999463 -0.0327599 0
    outer loop
      vertex -16 0 6
      vertex -15.9657 1.04645 0
      vertex -15.9657 1.04645 6
    endloop
  endfacet
  facet normal 0.999463 -0.0327599 0
    outer loop
      vertex -15.9657 1.04645 0
      vertex -16 0 6
      vertex -16 0 0
    endloop
  endfacet
  facet normal -0.0327599 -0.999463 0
    outer loop
      vertex 0 16 0
      vertex 1.04645 15.9657 6
      vertex 0 16 6
    endloop
  endfacet
  facet normal -0.0327599 -0.999463 -0
    outer loop
      vertex 1.04645 15.9657 6
      vertex 0 16 0
      vertex 1.04645 15.9657 0
    endloop
  endfacet
  facet normal -0.729889 -0.683566 0
    outer loop
      vertex 12.0294 10.5495 0
      vertex 11.3137 11.3137 6
      vertex 11.3137 11.3137 0
    endloop
  endfacet
  facet normal -0.729889 -0.683566 0
    outer loop
      vertex 11.3137 11.3137 6
      vertex 12.0294 10.5495 0
      vertex 12.0294 10.5495 6
    endloop
  endfacet
  facet normal 0.683566 -0.729889 0
    outer loop
      vertex -11.3137 11.3137 0
      vertex -10.5495 12.0294 6
      vertex -11.3137 11.3137 6
    endloop
  endfacet
  facet normal 0.683566 -0.729889 0
    outer loop
      vertex -10.5495 12.0294 6
      vertex -11.3137 11.3137 0
      vertex -10.5495 12.0294 0
    endloop
  endfacet
  facet normal -0.935909 -0.352243 0
    outer loop
      vertex 15.1509 5.14303 0
      vertex 14.7821 6.12293 6
      vertex 14.7821 6.12293 0
    endloop
  endfacet
  facet normal -0.935909 -0.352243 0
    outer loop
      vertex 14.7821 6.12293 6
      vertex 15.1509 5.14303 0
      vertex 15.1509 5.14303 6
    endloop
  endfacet
  facet normal 0.849198 -0.528075 0
    outer loop
      vertex -13.8564 8 6
      vertex -13.3035 8.88912 0
      vertex -13.3035 8.88912 6
    endloop
  endfacet
  facet normal 0.849198 -0.528075 0
    outer loop
      vertex -13.3035 8.88912 0
      vertex -13.8564 8 6
      vertex -13.8564 8 0
    endloop
  endfacet
  facet normal 0.812874 -0.582439 0
    outer loop
      vertex -13.3035 8.88912 6
      vertex -12.6937 9.74018 0
      vertex -12.6937 9.74018 6
    endloop
  endfacet
  facet normal 0.812874 -0.582439 0
    outer loop
      vertex -12.6937 9.74018 0
      vertex -13.3035 8.88912 6
      vertex -13.3035 8.88912 0
    endloop
  endfacet
  facet normal 0.162847 -0.986651 0
    outer loop
      vertex -3.12144 15.6926 0
      vertex -2.08842 15.8631 6
      vertex -3.12144 15.6926 6
    endloop
  endfacet
  facet normal 0.162847 -0.986651 0
    outer loop
      vertex -2.08842 15.8631 6
      vertex -3.12144 15.6926 0
      vertex -2.08842 15.8631 0
    endloop
  endfacet
  facet normal -0.881904 0.471429 0
    outer loop
      vertex 13.8564 -8 0
      vertex 14.35 -7.07662 6
      vertex 14.35 -7.07662 0
    endloop
  endfacet
  facet normal -0.881904 0.471429 0
    outer loop
      vertex 14.35 -7.07662 6
      vertex 13.8564 -8 0
      vertex 13.8564 -8 6
    endloop
  endfacet
  facet normal -0.22712 0.973867 0
    outer loop
      vertex 4.1411 -15.4548 0
      vertex 3.12144 -15.6926 6
      vertex 4.1411 -15.4548 6
    endloop
  endfacet
  facet normal -0.22712 0.973867 0
    outer loop
      vertex 3.12144 -15.6926 6
      vertex 4.1411 -15.4548 0
      vertex 3.12144 -15.6926 0
    endloop
  endfacet
  facet normal -0.683566 0.729889 0
    outer loop
      vertex 11.3137 -11.3137 0
      vertex 10.5495 -12.0294 6
      vertex 11.3137 -11.3137 6
    endloop
  endfacet
  facet normal -0.683566 0.729889 0
    outer loop
      vertex 10.5495 -12.0294 6
      vertex 11.3137 -11.3137 0
      vertex 10.5495 -12.0294 0
    endloop
  endfacet
  facet normal -0.956949 0.290257 0
    outer loop
      vertex 15.1509 -5.14303 0
      vertex 15.4548 -4.1411 6
      vertex 15.4548 -4.1411 0
    endloop
  endfacet
  facet normal -0.956949 0.290257 0
    outer loop
      vertex 15.4548 -4.1411 6
      vertex 15.1509 -5.14303 0
      vertex 15.1509 -5.14303 6
    endloop
  endfacet
  facet normal 0.352243 0.935909 -0
    outer loop
      vertex -5.14303 -15.1509 0
      vertex -6.12293 -14.7821 6
      vertex -5.14303 -15.1509 6
    endloop
  endfacet
  facet normal 0.352243 0.935909 0
    outer loop
      vertex -6.12293 -14.7821 6
      vertex -5.14303 -15.1509 0
      vertex -6.12293 -14.7821 0
    endloop
  endfacet
  facet normal 0.77296 0.634455 0
    outer loop
      vertex -12.0294 -10.5495 6
      vertex -12.6937 -9.74018 0
      vertex -12.6937 -9.74018 6
    endloop
  endfacet
  facet normal 0.77296 0.634455 0
    outer loop
      vertex -12.6937 -9.74018 0
      vertex -12.0294 -10.5495 6
      vertex -12.0294 -10.5495 0
    endloop
  endfacet
  facet normal 0.956949 0.290257 0
    outer loop
      vertex -15.1509 -5.14303 6
      vertex -15.4548 -4.1411 0
      vertex -15.4548 -4.1411 6
    endloop
  endfacet
  facet normal 0.956949 0.290257 0
    outer loop
      vertex -15.4548 -4.1411 0
      vertex -15.1509 -5.14303 6
      vertex -15.1509 -5.14303 0
    endloop
  endfacet
  facet normal -0.986651 -0.162847 0
    outer loop
      vertex 15.8631 2.08842 0
      vertex 15.6926 3.12144 6
      vertex 15.6926 3.12144 0
    endloop
  endfacet
  facet normal -0.986651 -0.162847 0
    outer loop
      vertex 15.6926 3.12144 6
      vertex 15.8631 2.08842 0
      vertex 15.8631 2.08842 6
    endloop
  endfacet
  facet normal -0.995187 -0.0979934 0
    outer loop
      vertex 15.9657 1.04645 0
      vertex 15.8631 2.08842 6
      vertex 15.8631 2.08842 0
    endloop
  endfacet
  facet normal -0.995187 -0.0979934 0
    outer loop
      vertex 15.8631 2.08842 6
      vertex 15.9657 1.04645 0
      vertex 15.9657 1.04645 6
    endloop
  endfacet
  facet normal -0.956949 -0.290257 0
    outer loop
      vertex 15.4548 4.1411 0
      vertex 15.1509 5.14303 6
      vertex 15.1509 5.14303 0
    endloop
  endfacet
  facet normal -0.956949 -0.290257 0
    outer loop
      vertex 15.1509 5.14303 6
      vertex 15.4548 4.1411 0
      vertex 15.4548 4.1411 6
    endloop
  endfacet
  facet normal -0.849198 -0.528075 0
    outer loop
      vertex 13.8564 8 0
      vertex 13.3035 8.88912 6
      vertex 13.3035 8.88912 0
    endloop
  endfacet
  facet normal -0.849198 -0.528075 0
    outer loop
      vertex 13.3035 8.88912 6
      vertex 13.8564 8 0
      vertex 13.8564 8 6
    endloop
  endfacet
  facet normal -0.812874 -0.582439 0
    outer loop
      vertex 13.3035 8.88912 0
      vertex 12.6937 9.74018 6
      vertex 12.6937 9.74018 0
    endloop
  endfacet
  facet normal -0.812874 -0.582439 0
    outer loop
      vertex 12.6937 9.74018 6
      vertex 13.3035 8.88912 0
      vertex 13.3035 8.88912 6
    endloop
  endfacet
  facet normal -0.22712 -0.973867 0
    outer loop
      vertex 3.12144 15.6926 0
      vertex 4.1411 15.4548 6
      vertex 3.12144 15.6926 6
    endloop
  endfacet
  facet normal -0.22712 -0.973867 -0
    outer loop
      vertex 4.1411 15.4548 6
      vertex 3.12144 15.6926 0
      vertex 4.1411 15.4548 0
    endloop
  endfacet
  facet normal -0.290257 -0.956949 0
    outer loop
      vertex 4.1411 15.4548 0
      vertex 5.14303 15.1509 6
      vertex 4.1411 15.4548 6
    endloop
  endfacet
  facet normal -0.290257 -0.956949 -0
    outer loop
      vertex 5.14303 15.1509 6
      vertex 4.1411 15.4548 0
      vertex 5.14303 15.1509 0
    endloop
  endfacet
  facet normal -0.162847 -0.986651 0
    outer loop
      vertex 2.08842 15.8631 0
      vertex 3.12144 15.6926 6
      vertex 2.08842 15.8631 6
    endloop
  endfacet
  facet normal -0.162847 -0.986651 -0
    outer loop
      vertex 3.12144 15.6926 6
      vertex 2.08842 15.8631 0
      vertex 3.12144 15.6926 0
    endloop
  endfacet
  facet normal -0.582439 -0.812874 0
    outer loop
      vertex 8.88912 13.3035 0
      vertex 9.74018 12.6937 6
      vertex 8.88912 13.3035 6
    endloop
  endfacet
  facet normal -0.582439 -0.812874 -0
    outer loop
      vertex 9.74018 12.6937 6
      vertex 8.88912 13.3035 0
      vertex 9.74018 12.6937 0
    endloop
  endfacet
  facet normal -0.528075 -0.849198 0
    outer loop
      vertex 8 13.8564 0
      vertex 8.88912 13.3035 6
      vertex 8 13.8564 6
    endloop
  endfacet
  facet normal -0.528075 -0.849198 -0
    outer loop
      vertex 8.88912 13.3035 6
      vertex 8 13.8564 0
      vertex 8.88912 13.3035 0
    endloop
  endfacet
  facet normal 0.973867 -0.22712 0
    outer loop
      vertex -15.6926 3.12144 6
      vertex -15.4548 4.1411 0
      vertex -15.4548 4.1411 6
    endloop
  endfacet
  facet normal 0.973867 -0.22712 0
    outer loop
      vertex -15.4548 4.1411 0
      vertex -15.6926 3.12144 6
      vertex -15.6926 3.12144 0
    endloop
  endfacet
  facet normal 0.77296 -0.634455 0
    outer loop
      vertex -12.6937 9.74018 6
      vertex -12.0294 10.5495 0
      vertex -12.0294 10.5495 6
    endloop
  endfacet
  facet normal 0.77296 -0.634455 0
    outer loop
      vertex -12.0294 10.5495 0
      vertex -12.6937 9.74018 6
      vertex -12.6937 9.74018 0
    endloop
  endfacet
  facet normal 0.956949 -0.290257 0
    outer loop
      vertex -15.4548 4.1411 6
      vertex -15.1509 5.14303 0
      vertex -15.1509 5.14303 6
    endloop
  endfacet
  facet normal 0.956949 -0.290257 0
    outer loop
      vertex -15.1509 5.14303 0
      vertex -15.4548 4.1411 6
      vertex -15.4548 4.1411 0
    endloop
  endfacet
  facet normal 0.986651 -0.162847 0
    outer loop
      vertex -15.8631 2.08842 6
      vertex -15.6926 3.12144 0
      vertex -15.6926 3.12144 6
    endloop
  endfacet
  facet normal 0.986651 -0.162847 0
    outer loop
      vertex -15.6926 3.12144 0
      vertex -15.8631 2.08842 6
      vertex -15.8631 2.08842 0
    endloop
  endfacet
  facet normal 0.471429 -0.881904 0
    outer loop
      vertex -8 13.8564 0
      vertex -7.07662 14.35 6
      vertex -8 13.8564 6
    endloop
  endfacet
  facet normal 0.471429 -0.881904 0
    outer loop
      vertex -7.07662 14.35 6
      vertex -8 13.8564 0
      vertex -7.07662 14.35 0
    endloop
  endfacet
  facet normal 0.528075 -0.849198 0
    outer loop
      vertex -8.88912 13.3035 0
      vertex -8 13.8564 6
      vertex -8.88912 13.3035 6
    endloop
  endfacet
  facet normal 0.528075 -0.849198 0
    outer loop
      vertex -8 13.8564 6
      vertex -8.88912 13.3035 0
      vertex -8 13.8564 0
    endloop
  endfacet
  facet normal 0.582439 -0.812874 0
    outer loop
      vertex -9.74018 12.6937 0
      vertex -8.88912 13.3035 6
      vertex -9.74018 12.6937 6
    endloop
  endfacet
  facet normal 0.582439 -0.812874 0
    outer loop
      vertex -8.88912 13.3035 6
      vertex -9.74018 12.6937 0
      vertex -8.88912 13.3035 0
    endloop
  endfacet
  facet normal 0.22712 -0.973867 0
    outer loop
      vertex -4.1411 15.4548 0
      vertex -3.12144 15.6926 6
      vertex -4.1411 15.4548 6
    endloop
  endfacet
  facet normal 0.22712 -0.973867 0
    outer loop
      vertex -3.12144 15.6926 6
      vertex -4.1411 15.4548 0
      vertex -3.12144 15.6926 0
    endloop
  endfacet
  facet normal 0.0327599 -0.999463 0
    outer loop
      vertex -1.04645 15.9657 0
      vertex 0 16 6
      vertex -1.04645 15.9657 6
    endloop
  endfacet
  facet normal 0.0327599 -0.999463 0
    outer loop
      vertex 0 16 6
      vertex -1.04645 15.9657 0
      vertex 0 16 0
    endloop
  endfacet
  facet normal -0.352243 0.935909 0
    outer loop
      vertex 6.12293 -14.7821 0
      vertex 5.14303 -15.1509 6
      vertex 6.12293 -14.7821 6
    endloop
  endfacet
  facet normal -0.352243 0.935909 0
    outer loop
      vertex 5.14303 -15.1509 6
      vertex 6.12293 -14.7821 0
      vertex 5.14303 -15.1509 0
    endloop
  endfacet
  facet normal -0.582439 0.812874 0
    outer loop
      vertex 9.74018 -12.6937 0
      vertex 8.88912 -13.3035 6
      vertex 9.74018 -12.6937 6
    endloop
  endfacet
  facet normal -0.582439 0.812874 0
    outer loop
      vertex 8.88912 -13.3035 6
      vertex 9.74018 -12.6937 0
      vertex 8.88912 -13.3035 0
    endloop
  endfacet
  facet normal -0.528075 0.849198 0
    outer loop
      vertex 8.88912 -13.3035 0
      vertex 8 -13.8564 6
      vertex 8.88912 -13.3035 6
    endloop
  endfacet
  facet normal -0.528075 0.849198 0
    outer loop
      vertex 8 -13.8564 6
      vertex 8.88912 -13.3035 0
      vertex 8 -13.8564 0
    endloop
  endfacet
  facet normal -0.999463 0.0327599 0
    outer loop
      vertex 15.9657 -1.04645 0
      vertex 16 0 6
      vertex 16 0 0
    endloop
  endfacet
  facet normal -0.999463 0.0327599 0
    outer loop
      vertex 16 0 6
      vertex 15.9657 -1.04645 0
      vertex 15.9657 -1.04645 6
    endloop
  endfacet
  facet normal 0.412698 0.910868 -0
    outer loop
      vertex -6.12293 -14.7821 0
      vertex -7.07662 -14.35 6
      vertex -6.12293 -14.7821 6
    endloop
  endfacet
  facet normal 0.412698 0.910868 0
    outer loop
      vertex -7.07662 -14.35 6
      vertex -6.12293 -14.7821 0
      vertex -7.07662 -14.35 0
    endloop
  endfacet
  facet normal 0.528075 0.849198 -0
    outer loop
      vertex -8 -13.8564 0
      vertex -8.88912 -13.3035 6
      vertex -8 -13.8564 6
    endloop
  endfacet
  facet normal 0.528075 0.849198 0
    outer loop
      vertex -8.88912 -13.3035 6
      vertex -8 -13.8564 0
      vertex -8.88912 -13.3035 0
    endloop
  endfacet
  facet normal 0.162847 0.986651 -0
    outer loop
      vertex -2.08842 -15.8631 0
      vertex -3.12144 -15.6926 6
      vertex -2.08842 -15.8631 6
    endloop
  endfacet
  facet normal 0.162847 0.986651 0
    outer loop
      vertex -3.12144 -15.6926 6
      vertex -2.08842 -15.8631 0
      vertex -3.12144 -15.6926 0
    endloop
  endfacet
  facet normal 0.0327599 0.999463 -0
    outer loop
      vertex 0 -16 0
      vertex -1.04645 -15.9657 6
      vertex 0 -16 6
    endloop
  endfacet
  facet normal 0.0327599 0.999463 0
    outer loop
      vertex -1.04645 -15.9657 6
      vertex 0 -16 0
      vertex -1.04645 -15.9657 0
    endloop
  endfacet
  facet normal 0.849198 0.528075 0
    outer loop
      vertex -13.3035 -8.88912 6
      vertex -13.8564 -8 0
      vertex -13.8564 -8 6
    endloop
  endfacet
  facet normal 0.849198 0.528075 0
    outer loop
      vertex -13.8564 -8 0
      vertex -13.3035 -8.88912 6
      vertex -13.3035 -8.88912 0
    endloop
  endfacet
  facet normal 0.812874 0.582439 0
    outer loop
      vertex -12.6937 -9.74018 6
      vertex -13.3035 -8.88912 0
      vertex -13.3035 -8.88912 6
    endloop
  endfacet
  facet normal 0.812874 0.582439 0
    outer loop
      vertex -13.3035 -8.88912 0
      vertex -12.6937 -9.74018 6
      vertex -12.6937 -9.74018 0
    endloop
  endfacet
  facet normal 0.973867 0.22712 0
    outer loop
      vertex -15.4548 -4.1411 6
      vertex -15.6926 -3.12144 0
      vertex -15.6926 -3.12144 6
    endloop
  endfacet
  facet normal 0.973867 0.22712 0
    outer loop
      vertex -15.6926 -3.12144 0
      vertex -15.4548 -4.1411 6
      vertex -15.4548 -4.1411 0
    endloop
  endfacet
  facet normal -0.973867 -0.22712 0
    outer loop
      vertex 15.6926 3.12144 0
      vertex 15.4548 4.1411 6
      vertex 15.4548 4.1411 0
    endloop
  endfacet
  facet normal -0.973867 -0.22712 0
    outer loop
      vertex 15.4548 4.1411 6
      vertex 15.6926 3.12144 0
      vertex 15.6926 3.12144 6
    endloop
  endfacet
  facet normal -0.77296 -0.634455 0
    outer loop
      vertex 12.6937 9.74018 0
      vertex 12.0294 10.5495 6
      vertex 12.0294 10.5495 0
    endloop
  endfacet
  facet normal -0.77296 -0.634455 0
    outer loop
      vertex 12.0294 10.5495 6
      vertex 12.6937 9.74018 0
      vertex 12.6937 9.74018 6
    endloop
  endfacet
  facet normal -0.910868 -0.412698 0
    outer loop
      vertex 14.7821 6.12293 0
      vertex 14.35 7.07662 6
      vertex 14.35 7.07662 0
    endloop
  endfacet
  facet normal -0.910868 -0.412698 0
    outer loop
      vertex 14.35 7.07662 6
      vertex 14.7821 6.12293 0
      vertex 14.7821 6.12293 6
    endloop
  endfacet
  facet normal -0.881904 -0.471429 0
    outer loop
      vertex 14.35 7.07662 0
      vertex 13.8564 8 6
      vertex 13.8564 8 0
    endloop
  endfacet
  facet normal -0.881904 -0.471429 0
    outer loop
      vertex 13.8564 8 6
      vertex 14.35 7.07662 0
      vertex 14.35 7.07662 6
    endloop
  endfacet
  facet normal -0.0979934 -0.995187 0
    outer loop
      vertex 1.04645 15.9657 0
      vertex 2.08842 15.8631 6
      vertex 1.04645 15.9657 6
    endloop
  endfacet
  facet normal -0.0979934 -0.995187 -0
    outer loop
      vertex 2.08842 15.8631 6
      vertex 1.04645 15.9657 0
      vertex 2.08842 15.8631 0
    endloop
  endfacet
  facet normal -0.412698 -0.910868 0
    outer loop
      vertex 6.12293 14.7821 0
      vertex 7.07662 14.35 6
      vertex 6.12293 14.7821 6
    endloop
  endfacet
  facet normal -0.412698 -0.910868 -0
    outer loop
      vertex 7.07662 14.35 6
      vertex 6.12293 14.7821 0
      vertex 7.07662 14.35 0
    endloop
  endfacet
  facet normal -0.683566 -0.729889 0
    outer loop
      vertex 10.5495 12.0294 0
      vertex 11.3137 11.3137 6
      vertex 10.5495 12.0294 6
    endloop
  endfacet
  facet normal -0.683566 -0.729889 -0
    outer loop
      vertex 11.3137 11.3137 6
      vertex 10.5495 12.0294 0
      vertex 11.3137 11.3137 0
    endloop
  endfacet
  facet normal -0.634455 -0.77296 0
    outer loop
      vertex 9.74018 12.6937 0
      vertex 10.5495 12.0294 6
      vertex 9.74018 12.6937 6
    endloop
  endfacet
  facet normal -0.634455 -0.77296 -0
    outer loop
      vertex 10.5495 12.0294 6
      vertex 9.74018 12.6937 0
      vertex 10.5495 12.0294 0
    endloop
  endfacet
  facet normal 0.910868 -0.412698 0
    outer loop
      vertex -14.7821 6.12293 6
      vertex -14.35 7.07662 0
      vertex -14.35 7.07662 6
    endloop
  endfacet
  facet normal 0.910868 -0.412698 0
    outer loop
      vertex -14.35 7.07662 0
      vertex -14.7821 6.12293 6
      vertex -14.7821 6.12293 0
    endloop
  endfacet
  facet normal 0.352243 -0.935909 0
    outer loop
      vertex -6.12293 14.7821 0
      vertex -5.14303 15.1509 6
      vertex -6.12293 14.7821 6
    endloop
  endfacet
  facet normal 0.352243 -0.935909 0
    outer loop
      vertex -5.14303 15.1509 6
      vertex -6.12293 14.7821 0
      vertex -5.14303 15.1509 0
    endloop
  endfacet
  facet normal 0.0979934 -0.995187 0
    outer loop
      vertex -2.08842 15.8631 0
      vertex -1.04645 15.9657 6
      vertex -2.08842 15.8631 6
    endloop
  endfacet
  facet normal 0.0979934 -0.995187 0
    outer loop
      vertex -1.04645 15.9657 6
      vertex -2.08842 15.8631 0
      vertex -1.04645 15.9657 0
    endloop
  endfacet
  facet normal -0.162847 0.986651 0
    outer loop
      vertex 3.12144 -15.6926 0
      vertex 2.08842 -15.8631 6
      vertex 3.12144 -15.6926 6
    endloop
  endfacet
  facet normal -0.162847 0.986651 0
    outer loop
      vertex 2.08842 -15.8631 6
      vertex 3.12144 -15.6926 0
      vertex 2.08842 -15.8631 0
    endloop
  endfacet
  facet normal -0.0327599 0.999463 0
    outer loop
      vertex 1.04645 -15.9657 0
      vertex 0 -16 6
      vertex 1.04645 -15.9657 6
    endloop
  endfacet
  facet normal -0.0327599 0.999463 0
    outer loop
      vertex 0 -16 6
      vertex 1.04645 -15.9657 0
      vertex 0 -16 0
    endloop
  endfacet
  facet normal -0.0979934 0.995187 0
    outer loop
      vertex 2.08842 -15.8631 0
      vertex 1.04645 -15.9657 6
      vertex 2.08842 -15.8631 6
    endloop
  endfacet
  facet normal -0.0979934 0.995187 0
    outer loop
      vertex 1.04645 -15.9657 6
      vertex 2.08842 -15.8631 0
      vertex 1.04645 -15.9657 0
    endloop
  endfacet
  facet normal -0.290257 0.956949 0
    outer loop
      vertex 5.14303 -15.1509 0
      vertex 4.1411 -15.4548 6
      vertex 5.14303 -15.1509 6
    endloop
  endfacet
  facet normal -0.290257 0.956949 0
    outer loop
      vertex 4.1411 -15.4548 6
      vertex 5.14303 -15.1509 0
      vertex 4.1411 -15.4548 0
    endloop
  endfacet
  facet normal -0.634455 0.77296 0
    outer loop
      vertex 10.5495 -12.0294 0
      vertex 9.74018 -12.6937 6
      vertex 10.5495 -12.0294 6
    endloop
  endfacet
  facet normal -0.634455 0.77296 0
    outer loop
      vertex 9.74018 -12.6937 6
      vertex 10.5495 -12.0294 0
      vertex 9.74018 -12.6937 0
    endloop
  endfacet
  facet normal -0.412698 0.910868 0
    outer loop
      vertex 7.07662 -14.35 0
      vertex 6.12293 -14.7821 6
      vertex 7.07662 -14.35 6
    endloop
  endfacet
  facet normal -0.412698 0.910868 0
    outer loop
      vertex 6.12293 -14.7821 6
      vertex 7.07662 -14.35 0
      vertex 6.12293 -14.7821 0
    endloop
  endfacet
  facet normal -0.471429 0.881904 0
    outer loop
      vertex 8 -13.8564 0
      vertex 7.07662 -14.35 6
      vertex 8 -13.8564 6
    endloop
  endfacet
  facet normal -0.471429 0.881904 0
    outer loop
      vertex 7.07662 -14.35 6
      vertex 8 -13.8564 0
      vertex 7.07662 -14.35 0
    endloop
  endfacet
  facet normal -0.812874 0.582439 0
    outer loop
      vertex 12.6937 -9.74018 0
      vertex 13.3035 -8.88912 6
      vertex 13.3035 -8.88912 0
    endloop
  endfacet
  facet normal -0.812874 0.582439 0
    outer loop
      vertex 13.3035 -8.88912 6
      vertex 12.6937 -9.74018 0
      vertex 12.6937 -9.74018 6
    endloop
  endfacet
  facet normal -0.729889 0.683566 0
    outer loop
      vertex 11.3137 -11.3137 0
      vertex 12.0294 -10.5495 6
      vertex 12.0294 -10.5495 0
    endloop
  endfacet
  facet normal -0.729889 0.683566 0
    outer loop
      vertex 12.0294 -10.5495 6
      vertex 11.3137 -11.3137 0
      vertex 11.3137 -11.3137 6
    endloop
  endfacet
  facet normal -0.935909 0.352243 0
    outer loop
      vertex 14.7821 -6.12293 0
      vertex 15.1509 -5.14303 6
      vertex 15.1509 -5.14303 0
    endloop
  endfacet
  facet normal -0.935909 0.352243 0
    outer loop
      vertex 15.1509 -5.14303 6
      vertex 14.7821 -6.12293 0
      vertex 14.7821 -6.12293 6
    endloop
  endfacet
  facet normal -0.910868 0.412698 0
    outer loop
      vertex 14.35 -7.07662 0
      vertex 14.7821 -6.12293 6
      vertex 14.7821 -6.12293 0
    endloop
  endfacet
  facet normal -0.910868 0.412698 0
    outer loop
      vertex 14.7821 -6.12293 6
      vertex 14.35 -7.07662 0
      vertex 14.35 -7.07662 6
    endloop
  endfacet
  facet normal -0.995187 0.0979934 0
    outer loop
      vertex 15.8631 -2.08842 0
      vertex 15.9657 -1.04645 6
      vertex 15.9657 -1.04645 0
    endloop
  endfacet
  facet normal -0.995187 0.0979934 0
    outer loop
      vertex 15.9657 -1.04645 6
      vertex 15.8631 -2.08842 0
      vertex 15.8631 -2.08842 6
    endloop
  endfacet
  facet normal 0.582439 0.812874 -0
    outer loop
      vertex -8.88912 -13.3035 0
      vertex -9.74018 -12.6937 6
      vertex -8.88912 -13.3035 6
    endloop
  endfacet
  facet normal 0.582439 0.812874 0
    outer loop
      vertex -9.74018 -12.6937 6
      vertex -8.88912 -13.3035 0
      vertex -9.74018 -12.6937 0
    endloop
  endfacet
  facet normal 0.683566 0.729889 -0
    outer loop
      vertex -10.5495 -12.0294 0
      vertex -11.3137 -11.3137 6
      vertex -10.5495 -12.0294 6
    endloop
  endfacet
  facet normal 0.683566 0.729889 0
    outer loop
      vertex -11.3137 -11.3137 6
      vertex -10.5495 -12.0294 0
      vertex -11.3137 -11.3137 0
    endloop
  endfacet
  facet normal 0.634455 0.77296 -0
    outer loop
      vertex -9.74018 -12.6937 0
      vertex -10.5495 -12.0294 6
      vertex -9.74018 -12.6937 6
    endloop
  endfacet
  facet normal 0.634455 0.77296 0
    outer loop
      vertex -10.5495 -12.0294 6
      vertex -9.74018 -12.6937 0
      vertex -10.5495 -12.0294 0
    endloop
  endfacet
  facet normal 0.471429 0.881904 -0
    outer loop
      vertex -7.07662 -14.35 0
      vertex -8 -13.8564 6
      vertex -7.07662 -14.35 6
    endloop
  endfacet
  facet normal 0.471429 0.881904 0
    outer loop
      vertex -8 -13.8564 6
      vertex -7.07662 -14.35 0
      vertex -8 -13.8564 0
    endloop
  endfacet
  facet normal 0.22712 0.973867 -0
    outer loop
      vertex -3.12144 -15.6926 0
      vertex -4.1411 -15.4548 6
      vertex -3.12144 -15.6926 6
    endloop
  endfacet
  facet normal 0.22712 0.973867 0
    outer loop
      vertex -4.1411 -15.4548 6
      vertex -3.12144 -15.6926 0
      vertex -4.1411 -15.4548 0
    endloop
  endfacet
  facet normal 0.290257 0.956949 -0
    outer loop
      vertex -4.1411 -15.4548 0
      vertex -5.14303 -15.1509 6
      vertex -4.1411 -15.4548 6
    endloop
  endfacet
  facet normal 0.290257 0.956949 0
    outer loop
      vertex -5.14303 -15.1509 6
      vertex -4.1411 -15.4548 0
      vertex -5.14303 -15.1509 0
    endloop
  endfacet
  facet normal 0.0979934 0.995187 -0
    outer loop
      vertex -1.04645 -15.9657 0
      vertex -2.08842 -15.8631 6
      vertex -1.04645 -15.9657 6
    endloop
  endfacet
  facet normal 0.0979934 0.995187 0
    outer loop
      vertex -2.08842 -15.8631 6
      vertex -1.04645 -15.9657 0
      vertex -2.08842 -15.8631 0
    endloop
  endfacet
  facet normal 0.729889 0.683566 0
    outer loop
      vertex -11.3137 -11.3137 6
      vertex -12.0294 -10.5495 0
      vertex -12.0294 -10.5495 6
    endloop
  endfacet
  facet normal 0.729889 0.683566 0
    outer loop
      vertex -12.0294 -10.5495 0
      vertex -11.3137 -11.3137 6
      vertex -11.3137 -11.3137 0
    endloop
  endfacet
  facet normal 0.910868 0.412698 0
    outer loop
      vertex -14.35 -7.07662 6
      vertex -14.7821 -6.12293 0
      vertex -14.7821 -6.12293 6
    endloop
  endfacet
  facet normal 0.910868 0.412698 0
    outer loop
      vertex -14.7821 -6.12293 0
      vertex -14.35 -7.07662 6
      vertex -14.35 -7.07662 0
    endloop
  endfacet
  facet normal 0.881904 0.471429 0
    outer loop
      vertex -13.8564 -8 6
      vertex -14.35 -7.07662 0
      vertex -14.35 -7.07662 6
    endloop
  endfacet
  facet normal 0.881904 0.471429 0
    outer loop
      vertex -14.35 -7.07662 0
      vertex -13.8564 -8 6
      vertex -13.8564 -8 0
    endloop
  endfacet
  facet normal 0.935909 0.352243 0
    outer loop
      vertex -14.7821 -6.12293 6
      vertex -15.1509 -5.14303 0
      vertex -15.1509 -5.14303 6
    endloop
  endfacet
  facet normal 0.935909 0.352243 0
    outer loop
      vertex -15.1509 -5.14303 0
      vertex -14.7821 -6.12293 6
      vertex -14.7821 -6.12293 0
    endloop
  endfacet
  facet normal 0.986651 0.162847 0
    outer loop
      vertex -15.6926 -3.12144 6
      vertex -15.8631 -2.08842 0
      vertex -15.8631 -2.08842 6
    endloop
  endfacet
  facet normal 0.986651 0.162847 0
    outer loop
      vertex -15.8631 -2.08842 0
      vertex -15.6926 -3.12144 6
      vertex -15.6926 -3.12144 0
    endloop
  endfacet
  facet normal 0.999463 0.0327599 0
    outer loop
      vertex -15.9657 -1.04645 6
      vertex -16 0 0
      vertex -16 0 6
    endloop
  endfacet
  facet normal 0.999463 0.0327599 0
    outer loop
      vertex -16 0 0
      vertex -15.9657 -1.04645 6
      vertex -15.9657 -1.04645 0
    endloop
  endfacet
  facet normal -0.352243 -0.935909 0
    outer loop
      vertex 5.14303 15.1509 0
      vertex 6.12293 14.7821 6
      vertex 5.14303 15.1509 6
    endloop
  endfacet
  facet normal -0.352243 -0.935909 -0
    outer loop
      vertex 6.12293 14.7821 6
      vertex 5.14303 15.1509 0
      vertex 6.12293 14.7821 0
    endloop
  endfacet
  facet normal -0.471429 -0.881904 0
    outer loop
      vertex 7.07662 14.35 0
      vertex 8 13.8564 6
      vertex 7.07662 14.35 6
    endloop
  endfacet
  facet normal -0.471429 -0.881904 -0
    outer loop
      vertex 8 13.8564 6
      vertex 7.07662 14.35 0
      vertex 8 13.8564 0
    endloop
  endfacet
  facet normal 0.729889 -0.683566 0
    outer loop
      vertex -12.0294 10.5495 6
      vertex -11.3137 11.3137 0
      vertex -11.3137 11.3137 6
    endloop
  endfacet
  facet normal 0.729889 -0.683566 0
    outer loop
      vertex -11.3137 11.3137 0
      vertex -12.0294 10.5495 6
      vertex -12.0294 10.5495 0
    endloop
  endfacet
  facet normal 0.881904 -0.471429 0
    outer loop
      vertex -14.35 7.07662 6
      vertex -13.8564 8 0
      vertex -13.8564 8 6
    endloop
  endfacet
  facet normal 0.881904 -0.471429 0
    outer loop
      vertex -13.8564 8 0
      vertex -14.35 7.07662 6
      vertex -14.35 7.07662 0
    endloop
  endfacet
  facet normal 0.935909 -0.352243 0
    outer loop
      vertex -15.1509 5.14303 6
      vertex -14.7821 6.12293 0
      vertex -14.7821 6.12293 6
    endloop
  endfacet
  facet normal 0.935909 -0.352243 0
    outer loop
      vertex -14.7821 6.12293 0
      vertex -15.1509 5.14303 6
      vertex -15.1509 5.14303 0
    endloop
  endfacet
  facet normal 0.995187 -0.0979934 0
    outer loop
      vertex -15.9657 1.04645 6
      vertex -15.8631 2.08842 0
      vertex -15.8631 2.08842 6
    endloop
  endfacet
  facet normal 0.995187 -0.0979934 0
    outer loop
      vertex -15.8631 2.08842 0
      vertex -15.9657 1.04645 6
      vertex -15.9657 1.04645 0
    endloop
  endfacet
  facet normal 0.634455 -0.77296 0
    outer loop
      vertex -10.5495 12.0294 0
      vertex -9.74018 12.6937 6
      vertex -10.5495 12.0294 6
    endloop
  endfacet
  facet normal 0.634455 -0.77296 0
    outer loop
      vertex -9.74018 12.6937 6
      vertex -10.5495 12.0294 0
      vertex -9.74018 12.6937 0
    endloop
  endfacet
  facet normal 0.412698 -0.910868 0
    outer loop
      vertex -7.07662 14.35 0
      vertex -6.12293 14.7821 6
      vertex -7.07662 14.35 6
    endloop
  endfacet
  facet normal 0.412698 -0.910868 0
    outer loop
      vertex -6.12293 14.7821 6
      vertex -7.07662 14.35 0
      vertex -6.12293 14.7821 0
    endloop
  endfacet
  facet normal 0.290257 -0.956949 0
    outer loop
      vertex -5.14303 15.1509 0
      vertex -4.1411 15.4548 6
      vertex -5.14303 15.1509 6
    endloop
  endfacet
  facet normal 0.290257 -0.956949 0
    outer loop
      vertex -4.1411 15.4548 6
      vertex -5.14303 15.1509 0
      vertex -4.1411 15.4548 0
    endloop
  endfacet
  facet normal -0.849198 0.528075 0
    outer loop
      vertex 13.3035 -8.88912 0
      vertex 13.8564 -8 6
      vertex 13.8564 -8 0
    endloop
  endfacet
  facet normal -0.849198 0.528075 0
    outer loop
      vertex 13.8564 -8 6
      vertex 13.3035 -8.88912 0
      vertex 13.3035 -8.88912 6
    endloop
  endfacet
  facet normal -0.77296 0.634455 0
    outer loop
      vertex 12.0294 -10.5495 0
      vertex 12.6937 -9.74018 6
      vertex 12.6937 -9.74018 0
    endloop
  endfacet
  facet normal -0.77296 0.634455 0
    outer loop
      vertex 12.6937 -9.74018 6
      vertex 12.0294 -10.5495 0
      vertex 12.0294 -10.5495 6
    endloop
  endfacet
  facet normal -0.973867 0.22712 0
    outer loop
      vertex 15.4548 -4.1411 0
      vertex 15.6926 -3.12144 6
      vertex 15.6926 -3.12144 0
    endloop
  endfacet
  facet normal -0.973867 0.22712 0
    outer loop
      vertex 15.6926 -3.12144 6
      vertex 15.4548 -4.1411 0
      vertex 15.4548 -4.1411 6
    endloop
  endfacet
  facet normal 0.995187 0.0979934 0
    outer loop
      vertex -15.8631 -2.08842 6
      vertex -15.9657 -1.04645 0
      vertex -15.9657 -1.04645 6
    endloop
  endfacet
  facet normal 0.995187 0.0979934 0
    outer loop
      vertex -15.9657 -1.04645 0
      vertex -15.8631 -2.08842 6
      vertex -15.8631 -2.08842 0
    endloop
  endfacet
  facet normal -0.986651 0.162847 0
    outer loop
      vertex 15.6926 -3.12144 0
      vertex 15.8631 -2.08842 6
      vertex 15.8631 -2.08842 0
    endloop
  endfacet
  facet normal -0.986651 0.162847 0
    outer loop
      vertex 15.8631 -2.08842 6
      vertex 15.6926 -3.12144 0
      vertex 15.6926 -3.12144 6
    endloop
  endfacet
endsolid OpenSCAD_Model
