solid OpenSCAD_Model
  facet normal 0.683598 0.729859 -0
    outer loop
      vertex -15.5806 4.41942 0
      vertex -15.8791 4.699 6
      vertex -15.5806 4.41942 6
    endloop
  endfacet
  facet normal 0.683598 0.729859 0
    outer loop
      vertex -15.8791 4.699 6
      vertex -15.5806 4.41942 0
      vertex -15.8791 4.699 0
    endloop
  endfacet
  facet normal -0.352216 0.935919 0
    outer loop
      vertex -22.009 5.91831 0
      vertex -22.3918 5.77425 6
      vertex -22.009 5.91831 6
    endloop
  endfacet
  facet normal -0.352216 0.935919 0
    outer loop
      vertex -22.3918 5.77425 6
      vertex -22.009 5.91831 0
      vertex -22.3918 5.77425 0
    endloop
  endfacet
  facet normal -0.910948 0.412522 0
    outer loop
      vertex -25.7742 2.39177 0
      vertex -25.6055 2.7643 6
      vertex -25.6055 2.7643 0
    endloop
  endfacet
  facet normal -0.910948 0.412522 0
    outer loop
      vertex -25.6055 2.7643 6
      vertex -25.7742 2.39177 0
      vertex -25.7742 2.39177 6
    endloop
  endfacet
  facet normal 0.528094 -0.849186 0
    outer loop
      vertex -16.875 -5.41266 0
      vertex -16.5277 -5.19668 6
      vertex -16.875 -5.41266 6
    endloop
  endfacet
  facet normal 0.528094 -0.849186 0
    outer loop
      vertex -16.5277 -5.19668 6
      vertex -16.875 -5.41266 0
      vertex -16.5277 -5.19668 0
    endloop
  endfacet
  facet normal 0.412753 0.910843 -0
    outer loop
      vertex -17.2357 5.60545 0
      vertex -17.6082 5.77425 6
      vertex -17.2357 5.60545 6
    endloop
  endfacet
  facet normal 0.412753 0.910843 0
    outer loop
      vertex -17.6082 5.77425 6
      vertex -17.2357 5.60545 0
      vertex -17.6082 5.77425 0
    endloop
  endfacet
  facet normal 0.1629 0.986643 -0
    outer loop
      vertex -18.7807 6.12991 0
      vertex -19.1842 6.19653 6
      vertex -18.7807 6.12991 6
    endloop
  endfacet
  facet normal 0.1629 0.986643 0
    outer loop
      vertex -19.1842 6.19653 6
      vertex -18.7807 6.12991 0
      vertex -19.1842 6.19653 0
    endloop
  endfacet
  facet normal -0.986652 0.162844 0
    outer loop
      vertex -26.1965 0.815788 0
      vertex -26.1299 1.21931 6
      vertex -26.1299 1.21931 0
    endloop
  endfacet
  facet normal -0.986652 0.162844 0
    outer loop
      vertex -26.1299 1.21931 6
      vertex -26.1965 0.815788 0
      vertex -26.1965 0.815788 6
    endloop
  endfacet
  facet normal -0.729846 0.683612 0
    outer loop
      vertex -24.699 4.12091 0
      vertex -24.4194 4.41942 6
      vertex -24.4194 4.41942 0
    endloop
  endfacet
  facet normal -0.729846 0.683612 0
    outer loop
      vertex -24.4194 4.41942 6
      vertex -24.699 4.12091 0
      vertex -24.699 4.12091 6
    endloop
  endfacet
  facet normal -0.1629 0.986643 0
    outer loop
      vertex -20.8158 6.19653 0
      vertex -21.2193 6.12991 6
      vertex -20.8158 6.19653 6
    endloop
  endfacet
  facet normal -0.1629 0.986643 0
    outer loop
      vertex -21.2193 6.12991 6
      vertex -20.8158 6.19653 0
      vertex -21.2193 6.12991 0
    endloop
  endfacet
  facet normal -0.1629 -0.986643 0
    outer loop
      vertex -21.2193 -6.12991 0
      vertex -20.8158 -6.19653 6
      vertex -21.2193 -6.12991 6
    endloop
  endfacet
  facet normal -0.1629 -0.986643 -0
    outer loop
      vertex -20.8158 -6.19653 6
      vertex -21.2193 -6.12991 0
      vertex -20.8158 -6.19653 0
    endloop
  endfacet
  facet normal -0.683598 -0.729859 0
    outer loop
      vertex -24.4194 -4.41942 0
      vertex -24.1209 -4.699 6
      vertex -24.4194 -4.41942 6
    endloop
  endfacet
  facet normal -0.683598 -0.729859 -0
    outer loop
      vertex -24.1209 -4.699 6
      vertex -24.4194 -4.41942 0
      vertex -24.1209 -4.699 0
    endloop
  endfacet
  facet normal 0.729806 0.683655 0
    outer loop
      vertex -15.4218 4.2499 6
      vertex -15.5806 4.41942 0
      vertex -15.5806 4.41942 6
    endloop
  endfacet
  facet normal 0.729806 0.683655 0
    outer loop
      vertex -15.5806 4.41942 0
      vertex -15.4218 4.2499 6
      vertex -15.4218 4.2499 0
    endloop
  endfacet
  facet normal 0.582403 0.8129 -0
    outer loop
      vertex -16.1952 4.95846 0
      vertex -16.5277 5.19668 6
      vertex -16.1952 4.95846 6
    endloop
  endfacet
  facet normal 0.582403 0.8129 0
    outer loop
      vertex -16.5277 5.19668 6
      vertex -16.1952 4.95846 0
      vertex -16.5277 5.19668 0
    endloop
  endfacet
  facet normal 0.0327124 0.999465 -0
    outer loop
      vertex -19.5912 6.23662 0
      vertex -20 6.25 6
      vertex -19.5912 6.23662 6
    endloop
  endfacet
  facet normal 0.0327124 0.999465 0
    outer loop
      vertex -20 6.25 6
      vertex -19.5912 6.23662 0
      vertex -20 6.25 0
    endloop
  endfacet
  facet normal 0.352216 0.935919 -0
    outer loop
      vertex -17.6082 5.77425 0
      vertex -17.991 5.91831 6
      vertex -17.6082 5.77425 6
    endloop
  endfacet
  facet normal 0.352216 0.935919 0
    outer loop
      vertex -17.991 5.91831 6
      vertex -17.6082 5.77425 0
      vertex -17.991 5.91831 0
    endloop
  endfacet
  facet normal 0.227075 0.973877 -0
    outer loop
      vertex -18.3824 6.03704 0
      vertex -18.7807 6.12991 6
      vertex -18.3824 6.03704 6
    endloop
  endfacet
  facet normal 0.227075 0.973877 0
    outer loop
      vertex -18.7807 6.12991 6
      vertex -18.3824 6.03704 0
      vertex -18.7807 6.12991 0
    endloop
  endfacet
  facet normal -0.999463 0.0327638 0
    outer loop
      vertex -26.25 0 0
      vertex -26.2366 0.408769 6
      vertex -26.2366 0.408769 0
    endloop
  endfacet
  facet normal -0.999463 0.0327638 0
    outer loop
      vertex -26.2366 0.408769 6
      vertex -26.25 0 0
      vertex -26.25 0 6
    endloop
  endfacet
  facet normal -0.935877 0.352326 0
    outer loop
      vertex -25.9183 2.009 0
      vertex -25.7742 2.39177 6
      vertex -25.7742 2.39177 0
    endloop
  endfacet
  facet normal -0.935877 0.352326 0
    outer loop
      vertex -25.7742 2.39177 6
      vertex -25.9183 2.009 0
      vertex -25.9183 2.009 6
    endloop
  endfacet
  facet normal -0.973862 0.227139 0
    outer loop
      vertex -26.1299 1.21931 0
      vertex -26.037 1.61762 6
      vertex -26.037 1.61762 0
    endloop
  endfacet
  facet normal -0.973862 0.227139 0
    outer loop
      vertex -26.037 1.61762 6
      vertex -26.1299 1.21931 0
      vertex -26.1299 1.21931 6
    endloop
  endfacet
  facet normal -0.812882 0.582429 0
    outer loop
      vertex -25.1967 3.47231 0
      vertex -24.9585 3.80476 6
      vertex -24.9585 3.80476 0
    endloop
  endfacet
  facet normal -0.812882 0.582429 0
    outer loop
      vertex -24.9585 3.80476 6
      vertex -25.1967 3.47231 0
      vertex -25.1967 3.47231 6
    endloop
  endfacet
  facet normal -0.0980268 0.995184 0
    outer loop
      vertex -20.4088 6.23662 0
      vertex -20.8158 6.19653 6
      vertex -20.4088 6.23662 6
    endloop
  endfacet
  facet normal -0.0980268 0.995184 0
    outer loop
      vertex -20.8158 6.19653 6
      vertex -20.4088 6.23662 0
      vertex -20.8158 6.19653 0
    endloop
  endfacet
  facet normal -0.528094 0.849186 0
    outer loop
      vertex -23.125 5.41266 0
      vertex -23.4723 5.19668 6
      vertex -23.125 5.41266 6
    endloop
  endfacet
  facet normal -0.528094 0.849186 0
    outer loop
      vertex -23.4723 5.19668 6
      vertex -23.125 5.41266 0
      vertex -23.4723 5.19668 0
    endloop
  endfacet
  facet normal -0.412753 0.910843 0
    outer loop
      vertex -22.3918 5.77425 0
      vertex -22.7643 5.60545 6
      vertex -22.3918 5.77425 6
    endloop
  endfacet
  facet normal -0.412753 0.910843 0
    outer loop
      vertex -22.7643 5.60545 6
      vertex -22.3918 5.77425 0
      vertex -22.7643 5.60545 0
    endloop
  endfacet
  facet normal -0.683598 0.729859 0
    outer loop
      vertex -24.1209 4.699 0
      vertex -24.4194 4.41942 6
      vertex -24.1209 4.699 6
    endloop
  endfacet
  facet normal -0.683598 0.729859 0
    outer loop
      vertex -24.4194 4.41942 6
      vertex -24.1209 4.699 0
      vertex -24.4194 4.41942 0
    endloop
  endfacet
  facet normal 0.729806 -0.683655 0
    outer loop
      vertex -15.5806 -4.41942 6
      vertex -15.4218 -4.2499 0
      vertex -15.4218 -4.2499 6
    endloop
  endfacet
  facet normal 0.729806 -0.683655 0
    outer loop
      vertex -15.4218 -4.2499 0
      vertex -15.5806 -4.41942 6
      vertex -15.5806 -4.41942 0
    endloop
  endfacet
  facet normal 0.683598 -0.729859 0
    outer loop
      vertex -15.8791 -4.699 0
      vertex -15.5806 -4.41942 6
      vertex -15.8791 -4.699 6
    endloop
  endfacet
  facet normal 0.683598 -0.729859 0
    outer loop
      vertex -15.5806 -4.41942 6
      vertex -15.8791 -4.699 0
      vertex -15.5806 -4.41942 0
    endloop
  endfacet
  facet normal 0.412753 -0.910843 0
    outer loop
      vertex -17.6082 -5.77425 0
      vertex -17.2357 -5.60545 6
      vertex -17.6082 -5.77425 6
    endloop
  endfacet
  facet normal 0.412753 -0.910843 0
    outer loop
      vertex -17.2357 -5.60545 6
      vertex -17.6082 -5.77425 0
      vertex -17.2357 -5.60545 0
    endloop
  endfacet
  facet normal -0.0327124 -0.999465 0
    outer loop
      vertex -20.4088 -6.23662 0
      vertex -20 -6.25 6
      vertex -20.4088 -6.23662 6
    endloop
  endfacet
  facet normal -0.0327124 -0.999465 -0
    outer loop
      vertex -20 -6.25 6
      vertex -20.4088 -6.23662 0
      vertex -20 -6.25 0
    endloop
  endfacet
  facet normal -0.352216 -0.935919 0
    outer loop
      vertex -22.3918 -5.77425 0
      vertex -22.009 -5.91831 6
      vertex -22.3918 -5.77425 6
    endloop
  endfacet
  facet normal -0.352216 -0.935919 -0
    outer loop
      vertex -22.009 -5.91831 6
      vertex -22.3918 -5.77425 0
      vertex -22.009 -5.91831 0
    endloop
  endfacet
  facet normal -0.227075 -0.973877 0
    outer loop
      vertex -21.6176 -6.03704 0
      vertex -21.2193 -6.12991 6
      vertex -21.6176 -6.03704 6
    endloop
  endfacet
  facet normal -0.227075 -0.973877 -0
    outer loop
      vertex -21.2193 -6.12991 6
      vertex -21.6176 -6.03704 0
      vertex -21.2193 -6.12991 0
    endloop
  endfacet
  facet normal -0.582403 -0.8129 0
    outer loop
      vertex -23.8048 -4.95846 0
      vertex -23.4723 -5.19668 6
      vertex -23.8048 -4.95846 6
    endloop
  endfacet
  facet normal -0.582403 -0.8129 -0
    outer loop
      vertex -23.4723 -5.19668 6
      vertex -23.8048 -4.95846 0
      vertex -23.4723 -5.19668 0
    endloop
  endfacet
  facet normal 0 0 -1
    outer loop
      vertex -18.0514 1.125 0
      vertex -15.4218 4.2499 0
      vertex -17.982 0.995149 0
    endloop
  endfacet
  facet normal 0 0 -1
    outer loop
      vertex -18.1292 1.25003 0
      vertex -15.4218 4.2499 0
      vertex -18.0514 1.125 0
    endloop
  endfacet
  facet normal 0 0 -1
    outer loop
      vertex -18.215 1.36971 0
      vertex -15.4218 4.2499 0
      vertex -18.1292 1.25003 0
    endloop
  endfacet
  facet normal 0 0 -1
    outer loop
      vertex -18.3084 1.48353 0
      vertex -15.4218 4.2499 0
      vertex -18.215 1.36971 0
    endloop
  endfacet
  facet normal 0 0 -1
    outer loop
      vertex -18.409 1.59099 0
      vertex -15.4218 4.2499 0
      vertex -18.3084 1.48353 0
    endloop
  endfacet
  facet normal -0 0 -1
    outer loop
      vertex -15.4218 4.2499 0
      vertex -18.409 1.59099 0
      vertex -15.5806 4.41942 0
    endloop
  endfacet
  facet normal -0 0 -1
    outer loop
      vertex -15.5806 4.41942 0
      vertex -18.409 1.59099 0
      vertex -15.8791 4.699 0
    endloop
  endfacet
  facet normal 0 0 -1
    outer loop
      vertex -18.5165 1.69164 0
      vertex -15.8791 4.699 0
      vertex -18.409 1.59099 0
    endloop
  endfacet
  facet normal -0 0 -1
    outer loop
      vertex -15.8791 4.699 0
      vertex -18.5165 1.69164 0
      vertex -16.1952 4.95846 0
    endloop
  endfacet
  facet normal 0 0 -1
    outer loop
      vertex -18.6303 1.78504 0
      vertex -16.1952 4.95846 0
      vertex -18.5165 1.69164 0
    endloop
  endfacet
  facet normal -0 0 -1
    outer loop
      vertex -16.1952 4.95846 0
      vertex -18.6303 1.78504 0
      vertex -16.5277 5.19668 0
    endloop
  endfacet
  facet normal 0 0 -1
    outer loop
      vertex -18.75 1.87081 0
      vertex -16.5277 5.19668 0
      vertex -18.6303 1.78504 0
    endloop
  endfacet
  facet normal -0 0 -1
    outer loop
      vertex -16.5277 5.19668 0
      vertex -18.75 1.87081 0
      vertex -16.875 5.41266 0
    endloop
  endfacet
  facet normal 0 0 -1
    outer loop
      vertex -18.875 1.94856 0
      vertex -16.875 5.41266 0
      vertex -18.75 1.87081 0
    endloop
  endfacet
  facet normal -0 0 -1
    outer loop
      vertex -16.875 5.41266 0
      vertex -18.875 1.94856 0
      vertex -17.2357 5.60545 0
    endloop
  endfacet
  facet normal 0 0 -1
    outer loop
      vertex -19.0049 2.01796 0
      vertex -17.2357 5.60545 0
      vertex -18.875 1.94856 0
    endloop
  endfacet
  facet normal -0 0 -1
    outer loop
      vertex -17.2357 5.60545 0
      vertex -19.0049 2.01796 0
      vertex -17.6082 5.77425 0
    endloop
  endfacet
  facet normal 0 0 -1
    outer loop
      vertex -19.139 2.07873 0
      vertex -17.6082 5.77425 0
      vertex -19.0049 2.01796 0
    endloop
  endfacet
  facet normal -0 0 -1
    outer loop
      vertex -17.6082 5.77425 0
      vertex -19.139 2.07873 0
      vertex -17.991 5.91831 0
    endloop
  endfacet
  facet normal 0 0 -1
    outer loop
      vertex -19.2768 2.13059 0
      vertex -17.991 5.91831 0
      vertex -19.139 2.07873 0
    endloop
  endfacet
  facet normal -0 0 -1
    outer loop
      vertex -17.991 5.91831 0
      vertex -19.2768 2.13059 0
      vertex -18.3824 6.03704 0
    endloop
  endfacet
  facet normal 0 0 -1
    outer loop
      vertex -19.4177 2.17333 0
      vertex -18.3824 6.03704 0
      vertex -19.2768 2.13059 0
    endloop
  endfacet
  facet normal -0 0 -1
    outer loop
      vertex -18.3824 6.03704 0
      vertex -19.4177 2.17333 0
      vertex -18.7807 6.12991 0
    endloop
  endfacet
  facet normal 0 0 -1
    outer loop
      vertex -19.561 2.20677 0
      vertex -18.7807 6.12991 0
      vertex -19.4177 2.17333 0
    endloop
  endfacet
  facet normal -0 0 -1
    outer loop
      vertex -18.7807 6.12991 0
      vertex -19.561 2.20677 0
      vertex -19.1842 6.19653 0
    endloop
  endfacet
  facet normal 0 0 -1
    outer loop
      vertex -19.7063 2.23075 0
      vertex -19.1842 6.19653 0
      vertex -19.561 2.20677 0
    endloop
  endfacet
  facet normal -0 0 -1
    outer loop
      vertex -19.1842 6.19653 0
      vertex -19.7063 2.23075 0
      vertex -19.5912 6.23662 0
    endloop
  endfacet
  facet normal 0 0 -1
    outer loop
      vertex -19.8528 2.24518 0
      vertex -19.5912 6.23662 0
      vertex -19.7063 2.23075 0
    endloop
  endfacet
  facet normal 0 0 -1
    outer loop
      vertex -20 2.25 0
      vertex -19.5912 6.23662 0
      vertex -19.8528 2.24518 0
    endloop
  endfacet
  facet normal 0 0 -1
    outer loop
      vertex -20 2.25 0
      vertex -20 6.25 0
      vertex -19.5912 6.23662 0
    endloop
  endfacet
  facet normal 0 0 -1
    outer loop
      vertex -20.1472 2.24518 0
      vertex -20 6.25 0
      vertex -20 2.25 0
    endloop
  endfacet
  facet normal 0 0 -1
    outer loop
      vertex -20.4088 6.23662 0
      vertex -20.1472 2.24518 0
      vertex -20.2937 2.23075 0
    endloop
  endfacet
  facet normal 0 0 -1
    outer loop
      vertex -20.1472 2.24518 0
      vertex -20.4088 6.23662 0
      vertex -20 6.25 0
    endloop
  endfacet
  facet normal 0 0 -1
    outer loop
      vertex -20.8158 6.19653 0
      vertex -20.2937 2.23075 0
      vertex -20.439 2.20677 0
    endloop
  endfacet
  facet normal 0 0 -1
    outer loop
      vertex -21.2193 6.12991 0
      vertex -20.439 2.20677 0
      vertex -20.5823 2.17333 0
    endloop
  endfacet
  facet normal 0 0 -1
    outer loop
      vertex -21.6176 6.03704 0
      vertex -20.5823 2.17333 0
      vertex -20.7232 2.13059 0
    endloop
  endfacet
  facet normal 0 0 -1
    outer loop
      vertex -20.2937 2.23075 0
      vertex -20.8158 6.19653 0
      vertex -20.4088 6.23662 0
    endloop
  endfacet
  facet normal 0 0 -1
    outer loop
      vertex -22.009 5.91831 0
      vertex -20.7232 2.13059 0
      vertex -20.861 2.07873 0
    endloop
  endfacet
  facet normal 0 0 -1
    outer loop
      vertex -22.3918 5.77425 0
      vertex -20.861 2.07873 0
      vertex -20.9951 2.01796 0
    endloop
  endfacet
  facet normal 0 0 -1
    outer loop
      vertex -22.7643 5.60545 0
      vertex -20.9951 2.01796 0
      vertex -21.125 1.94856 0
    endloop
  endfacet
  facet normal 0 0 -1
    outer loop
      vertex -20.439 2.20677 0
      vertex -21.2193 6.12991 0
      vertex -20.8158 6.19653 0
    endloop
  endfacet
  facet normal 0 0 -1
    outer loop
      vertex -23.125 5.41266 0
      vertex -21.125 1.94856 0
      vertex -21.25 1.87081 0
    endloop
  endfacet
  facet normal 0 0 -1
    outer loop
      vertex -23.4723 5.19668 0
      vertex -21.25 1.87081 0
      vertex -21.3697 1.78504 0
    endloop
  endfacet
  facet normal 0 0 -1
    outer loop
      vertex -23.8048 4.95846 0
      vertex -21.3697 1.78504 0
      vertex -21.4835 1.69164 0
    endloop
  endfacet
  facet normal 0 0 -1
    outer loop
      vertex -24.1209 4.699 0
      vertex -21.4835 1.69164 0
      vertex -21.591 1.59099 0
    endloop
  endfacet
  facet normal 0 0 -1
    outer loop
      vertex -20.5823 2.17333 0
      vertex -21.6176 6.03704 0
      vertex -21.2193 6.12991 0
    endloop
  endfacet
  facet normal 0 0 -1
    outer loop
      vertex -24.4194 4.41942 0
      vertex -21.591 1.59099 0
      vertex -21.6916 1.48353 0
    endloop
  endfacet
  facet normal 0 0 -1
    outer loop
      vertex -24.699 4.12091 0
      vertex -21.6916 1.48353 0
      vertex -21.785 1.36971 0
    endloop
  endfacet
  facet normal 0 0 -1
    outer loop
      vertex -24.9585 3.80476 0
      vertex -21.785 1.36971 0
      vertex -21.8708 1.25003 0
    endloop
  endfacet
  facet normal 0 0 -1
    outer loop
      vertex -25.1967 3.47231 0
      vertex -21.8708 1.25003 0
      vertex -21.9486 1.125 0
    endloop
  endfacet
  facet normal 0 0 -1
    outer loop
      vertex -20.7232 2.13059 0
      vertex -22.009 5.91831 0
      vertex -21.6176 6.03704 0
    endloop
  endfacet
  facet normal 0 0 -1
    outer loop
      vertex -25.4127 3.125 0
      vertex -21.9486 1.125 0
      vertex -22.018 0.995149 0
    endloop
  endfacet
  facet normal 0 0 -1
    outer loop
      vertex -25.6055 2.7643 0
      vertex -22.018 0.995149 0
      vertex -22.0787 0.861037 0
    endloop
  endfacet
  facet normal 0 0 -1
    outer loop
      vertex -25.7742 2.39177 0
      vertex -22.0787 0.861037 0
      vertex -22.1306 0.723238 0
    endloop
  endfacet
  facet normal 0 0 -1
    outer loop
      vertex -25.9183 2.009 0
      vertex -22.1306 0.723238 0
      vertex -22.1733 0.582342 0
    endloop
  endfacet
  facet normal 0 0 -1
    outer loop
      vertex -26.037 1.61762 0
      vertex -22.1733 0.582342 0
      vertex -22.2068 0.438952 0
    endloop
  endfacet
  facet normal 0 0 -1
    outer loop
      vertex -26.1299 1.21931 0
      vertex -22.2068 0.438952 0
      vertex -22.2308 0.293683 0
    endloop
  endfacet
  facet normal 0 0 -1
    outer loop
      vertex -26.1965 0.815788 0
      vertex -22.2308 0.293683 0
      vertex -22.2452 0.147157 0
    endloop
  endfacet
  facet normal 0 0 -1
    outer loop
      vertex -20.861 2.07873 0
      vertex -22.3918 5.77425 0
      vertex -22.009 5.91831 0
    endloop
  endfacet
  facet normal 0 0 -1
    outer loop
      vertex -26.2366 0.408769 0
      vertex -22.2452 0.147157 0
      vertex -22.25 0 0
    endloop
  endfacet
  facet normal -0 0 -1
    outer loop
      vertex -21.8708 -1.25003 0
      vertex -25.1967 -3.47231 0
      vertex -21.9486 -1.125 0
    endloop
  endfacet
  facet normal 0 0 -1
    outer loop
      vertex -25.4127 -3.125 0
      vertex -21.9486 -1.125 0
      vertex -25.1967 -3.47231 0
    endloop
  endfacet
  facet normal 0 0 -1
    outer loop
      vertex -20.9951 2.01796 0
      vertex -22.7643 5.60545 0
      vertex -22.3918 5.77425 0
    endloop
  endfacet
  facet normal -0 0 -1
    outer loop
      vertex -21.9486 -1.125 0
      vertex -25.4127 -3.125 0
      vertex -22.018 -0.995149 0
    endloop
  endfacet
  facet normal 0 0 -1
    outer loop
      vertex -21.125 1.94856 0
      vertex -23.125 5.41266 0
      vertex -22.7643 5.60545 0
    endloop
  endfacet
  facet normal 0 0 -1
    outer loop
      vertex -25.6055 -2.7643 0
      vertex -22.018 -0.995149 0
      vertex -25.4127 -3.125 0
    endloop
  endfacet
  facet normal 0 0 -1
    outer loop
      vertex -21.25 1.87081 0
      vertex -23.4723 5.19668 0
      vertex -23.125 5.41266 0
    endloop
  endfacet
  facet normal -0 0 -1
    outer loop
      vertex -22.018 -0.995149 0
      vertex -25.6055 -2.7643 0
      vertex -22.0787 -0.861037 0
    endloop
  endfacet
  facet normal 0 0 -1
    outer loop
      vertex -21.3697 1.78504 0
      vertex -23.8048 4.95846 0
      vertex -23.4723 5.19668 0
    endloop
  endfacet
  facet normal 0 0 -1
    outer loop
      vertex -25.7742 -2.39177 0
      vertex -22.0787 -0.861037 0
      vertex -25.6055 -2.7643 0
    endloop
  endfacet
  facet normal 0 0 -1
    outer loop
      vertex -21.4835 1.69164 0
      vertex -24.1209 4.699 0
      vertex -23.8048 4.95846 0
    endloop
  endfacet
  facet normal -0 0 -1
    outer loop
      vertex -22.0787 -0.861037 0
      vertex -25.7742 -2.39177 0
      vertex -22.1306 -0.723238 0
    endloop
  endfacet
  facet normal 0 0 -1
    outer loop
      vertex -21.591 1.59099 0
      vertex -24.4194 4.41942 0
      vertex -24.1209 4.699 0
    endloop
  endfacet
  facet normal 0 0 -1
    outer loop
      vertex -25.9183 -2.009 0
      vertex -22.1306 -0.723238 0
      vertex -25.7742 -2.39177 0
    endloop
  endfacet
  facet normal 0 0 -1
    outer loop
      vertex -21.6916 1.48353 0
      vertex -24.699 4.12091 0
      vertex -24.4194 4.41942 0
    endloop
  endfacet
  facet normal -0 0 -1
    outer loop
      vertex -22.1306 -0.723238 0
      vertex -25.9183 -2.009 0
      vertex -22.1733 -0.582342 0
    endloop
  endfacet
  facet normal 0 0 -1
    outer loop
      vertex -21.785 1.36971 0
      vertex -24.9585 3.80476 0
      vertex -24.699 4.12091 0
    endloop
  endfacet
  facet normal 0 0 -1
    outer loop
      vertex -26.037 -1.61762 0
      vertex -22.1733 -0.582342 0
      vertex -25.9183 -2.009 0
    endloop
  endfacet
  facet normal 0 0 -1
    outer loop
      vertex -21.8708 1.25003 0
      vertex -25.1967 3.47231 0
      vertex -24.9585 3.80476 0
    endloop
  endfacet
  facet normal -0 0 -1
    outer loop
      vertex -22.1733 -0.582342 0
      vertex -26.037 -1.61762 0
      vertex -22.2068 -0.438952 0
    endloop
  endfacet
  facet normal 0 0 -1
    outer loop
      vertex -21.9486 1.125 0
      vertex -25.4127 3.125 0
      vertex -25.1967 3.47231 0
    endloop
  endfacet
  facet normal 0 0 -1
    outer loop
      vertex -26.1299 -1.21931 0
      vertex -22.2068 -0.438952 0
      vertex -26.037 -1.61762 0
    endloop
  endfacet
  facet normal 0 0 -1
    outer loop
      vertex -22.018 0.995149 0
      vertex -25.6055 2.7643 0
      vertex -25.4127 3.125 0
    endloop
  endfacet
  facet normal -0 0 -1
    outer loop
      vertex -22.2068 -0.438952 0
      vertex -26.1299 -1.21931 0
      vertex -22.2308 -0.293683 0
    endloop
  endfacet
  facet normal 0 0 -1
    outer loop
      vertex -22.0787 0.861037 0
      vertex -25.7742 2.39177 0
      vertex -25.6055 2.7643 0
    endloop
  endfacet
  facet normal 0 0 -1
    outer loop
      vertex -26.1965 -0.815788 0
      vertex -22.2308 -0.293683 0
      vertex -26.1299 -1.21931 0
    endloop
  endfacet
  facet normal 0 0 -1
    outer loop
      vertex -22.1306 0.723238 0
      vertex -25.9183 2.009 0
      vertex -25.7742 2.39177 0
    endloop
  endfacet
  facet normal -0 0 -1
    outer loop
      vertex -22.2308 -0.293683 0
      vertex -26.1965 -0.815788 0
      vertex -22.2452 -0.147157 0
    endloop
  endfacet
  facet normal 0 0 -1
    outer loop
      vertex -22.1733 0.582342 0
      vertex -26.037 1.61762 0
      vertex -25.9183 2.009 0
    endloop
  endfacet
  facet normal 0 0 -1
    outer loop
      vertex -26.2366 -0.408769 0
      vertex -22.2452 -0.147157 0
      vertex -26.1965 -0.815788 0
    endloop
  endfacet
  facet normal 0 0 -1
    outer loop
      vertex -22.2068 0.438952 0
      vertex -26.1299 1.21931 0
      vertex -26.037 1.61762 0
    endloop
  endfacet
  facet normal -0 0 -1
    outer loop
      vertex -22.2452 -0.147157 0
      vertex -26.2366 -0.408769 0
      vertex -22.25 0 0
    endloop
  endfacet
  facet normal 0 0 -1
    outer loop
      vertex -22.2308 0.293683 0
      vertex -26.1965 0.815788 0
      vertex -26.1299 1.21931 0
    endloop
  endfacet
  facet normal 0 0 -1
    outer loop
      vertex -26.25 0 0
      vertex -22.25 0 0
      vertex -26.2366 -0.408769 0
    endloop
  endfacet
  facet normal 0 0 -1
    outer loop
      vertex -22.2452 0.147157 0
      vertex -26.2366 0.408769 0
      vertex -26.1965 0.815788 0
    endloop
  endfacet
  facet normal 0 0 -1
    outer loop
      vertex -22.25 0 0
      vertex -26.25 0 0
      vertex -26.2366 0.408769 0
    endloop
  endfacet
  facet normal 0 0 -1
    outer loop
      vertex 10.5122 3.56707 0
      vertex 15.4218 4.2499 0
      vertex 10.7227 2.87313 0
    endloop
  endfacet
  facet normal -0 0 -1
    outer loop
      vertex 15.4218 4.2499 0
      vertex 10.5122 3.56707 0
      vertex 15.1509 5.14303 0
    endloop
  endfacet
  facet normal 0 0 -1
    outer loop
      vertex 10.5118 3.56828 0
      vertex 15.1509 5.14303 0
      vertex 10.5122 3.56707 0
    endloop
  endfacet
  facet normal 0 0 -1
    outer loop
      vertex 10.5114 3.56946 0
      vertex 15.1509 5.14303 0
      vertex 10.5118 3.56828 0
    endloop
  endfacet
  facet normal -0 0 -1
    outer loop
      vertex 15.1509 5.14303 0
      vertex 10.5114 3.56946 0
      vertex 14.7821 6.12293 0
    endloop
  endfacet
  facet normal 0 0 -1
    outer loop
      vertex 10.2559 4.24814 0
      vertex 14.7821 6.12293 0
      vertex 10.5114 3.56946 0
    endloop
  endfacet
  facet normal -0 0 -1
    outer loop
      vertex 14.7821 6.12293 0
      vertex 10.2559 4.24814 0
      vertex 14.35 7.07662 0
    endloop
  endfacet
  facet normal 0 0 -1
    outer loop
      vertex 9.95665 4.90866 0
      vertex 14.35 7.07662 0
      vertex 10.2559 4.24814 0
    endloop
  endfacet
  facet normal 0 0 -1
    outer loop
      vertex 9.95613 4.90982 0
      vertex 14.35 7.07662 0
      vertex 9.95665 4.90866 0
    endloop
  endfacet
  facet normal -0 0 -1
    outer loop
      vertex 14.35 7.07662 0
      vertex 9.95613 4.90982 0
      vertex 13.8564 8 0
    endloop
  endfacet
  facet normal 0 0 -1
    outer loop
      vertex 9.61429 5.54935 0
      vertex 13.8564 8 0
      vertex 9.95613 4.90982 0
    endloop
  endfacet
  facet normal 0 0 -1
    outer loop
      vertex 9.61369 5.55047 0
      vertex 13.8564 8 0
      vertex 9.61429 5.54935 0
    endloop
  endfacet
  facet normal 0 0 -1
    outer loop
      vertex 9.61302 5.55154 0
      vertex 13.8564 8 0
      vertex 9.61369 5.55047 0
    endloop
  endfacet
  facet normal -0 0 -1
    outer loop
      vertex 13.8564 8 0
      vertex 9.61302 5.55154 0
      vertex 13.3035 8.88912 0
    endloop
  endfacet
  facet normal 0 0 -1
    outer loop
      vertex 9.23009 6.16735 0
      vertex 13.3035 8.88912 0
      vertex 9.61302 5.55154 0
    endloop
  endfacet
  facet normal -0 0 -1
    outer loop
      vertex 13.3035 8.88912 0
      vertex 9.23009 6.16735 0
      vertex 12.6937 9.74018 0
    endloop
  endfacet
  facet normal 0 0 -1
    outer loop
      vertex 8.8077 6.75679 0
      vertex 12.6937 9.74018 0
      vertex 9.23009 6.16735 0
    endloop
  endfacet
  facet normal 0 0 -1
    outer loop
      vertex 8.80696 6.75782 0
      vertex 12.6937 9.74018 0
      vertex 8.8077 6.75679 0
    endloop
  endfacet
  facet normal 0 0 -1
    outer loop
      vertex 8.80616 6.7588 0
      vertex 12.6937 9.74018 0
      vertex 8.80696 6.75782 0
    endloop
  endfacet
  facet normal -0 0 -1
    outer loop
      vertex 12.6937 9.74018 0
      vertex 8.80616 6.7588 0
      vertex 12.0294 10.5495 0
    endloop
  endfacet
  facet normal 0 0 -1
    outer loop
      vertex 8.34612 7.31935 0
      vertex 12.0294 10.5495 0
      vertex 8.80616 6.7588 0
    endloop
  endfacet
  facet normal 0 0 -1
    outer loop
      vertex 8.34526 7.32028 0
      vertex 12.0294 10.5495 0
      vertex 8.34612 7.31935 0
    endloop
  endfacet
  facet normal -0 0 -1
    outer loop
      vertex 12.0294 10.5495 0
      vertex 8.34526 7.32028 0
      vertex 11.3137 11.3137 0
    endloop
  endfacet
  facet normal 0 0 -1
    outer loop
      vertex 7.84955 7.84955 0
      vertex 11.3137 11.3137 0
      vertex 8.34526 7.32028 0
    endloop
  endfacet
  facet normal -0 0 -1
    outer loop
      vertex 11.3137 11.3137 0
      vertex 7.84955 7.84955 0
      vertex 10.5495 12.0294 0
    endloop
  endfacet
  facet normal 0 0 -1
    outer loop
      vertex 7.32028 8.34526 0
      vertex 10.5495 12.0294 0
      vertex 7.84955 7.84955 0
    endloop
  endfacet
  facet normal 0 0 -1
    outer loop
      vertex 7.31935 8.34612 0
      vertex 10.5495 12.0294 0
      vertex 7.32028 8.34526 0
    endloop
  endfacet
  facet normal -0 0 -1
    outer loop
      vertex 10.5495 12.0294 0
      vertex 7.31935 8.34612 0
      vertex 9.74018 12.6937 0
    endloop
  endfacet
  facet normal 0 0 -1
    outer loop
      vertex 6.7588 8.80616 0
      vertex 9.74018 12.6937 0
      vertex 7.31935 8.34612 0
    endloop
  endfacet
  facet normal 0 0 -1
    outer loop
      vertex 6.75782 8.80696 0
      vertex 9.74018 12.6937 0
      vertex 6.7588 8.80616 0
    endloop
  endfacet
  facet normal 0 0 -1
    outer loop
      vertex 6.75679 8.8077 0
      vertex 9.74018 12.6937 0
      vertex 6.75782 8.80696 0
    endloop
  endfacet
  facet normal -0 0 -1
    outer loop
      vertex 9.74018 12.6937 0
      vertex 6.75679 8.8077 0
      vertex 8.88912 13.3035 0
    endloop
  endfacet
  facet normal 0 0 -1
    outer loop
      vertex 6.16735 9.23009 0
      vertex 8.88912 13.3035 0
      vertex 6.75679 8.8077 0
    endloop
  endfacet
  facet normal -0 0 -1
    outer loop
      vertex 8.88912 13.3035 0
      vertex 6.16735 9.23009 0
      vertex 8 13.8564 0
    endloop
  endfacet
  facet normal 0 0 -1
    outer loop
      vertex 5.55154 9.61302 0
      vertex 8 13.8564 0
      vertex 6.16735 9.23009 0
    endloop
  endfacet
  facet normal 0 0 -1
    outer loop
      vertex 5.55047 9.61369 0
      vertex 8 13.8564 0
      vertex 5.55154 9.61302 0
    endloop
  endfacet
  facet normal 0 0 -1
    outer loop
      vertex 5.54935 9.61429 0
      vertex 8 13.8564 0
      vertex 5.55047 9.61369 0
    endloop
  endfacet
  facet normal -0 0 -1
    outer loop
      vertex 8 13.8564 0
      vertex 5.54935 9.61429 0
      vertex 7.07662 14.35 0
    endloop
  endfacet
  facet normal 0 0 -1
    outer loop
      vertex 4.90982 9.95613 0
      vertex 7.07662 14.35 0
      vertex 5.54935 9.61429 0
    endloop
  endfacet
  facet normal 0 0 -1
    outer loop
      vertex 4.90866 9.95665 0
      vertex 7.07662 14.35 0
      vertex 4.90982 9.95613 0
    endloop
  endfacet
  facet normal -0 0 -1
    outer loop
      vertex 7.07662 14.35 0
      vertex 4.90866 9.95665 0
      vertex 6.12293 14.7821 0
    endloop
  endfacet
  facet normal 0 0 -1
    outer loop
      vertex 4.24814 10.2559 0
      vertex 6.12293 14.7821 0
      vertex 4.90866 9.95665 0
    endloop
  endfacet
  facet normal -0 0 -1
    outer loop
      vertex 6.12293 14.7821 0
      vertex 4.24814 10.2559 0
      vertex 5.14303 15.1509 0
    endloop
  endfacet
  facet normal 0 0 -1
    outer loop
      vertex 3.56946 10.5114 0
      vertex 5.14303 15.1509 0
      vertex 4.24814 10.2559 0
    endloop
  endfacet
  facet normal 0 0 -1
    outer loop
      vertex 3.56828 10.5118 0
      vertex 5.14303 15.1509 0
      vertex 3.56946 10.5114 0
    endloop
  endfacet
  facet normal 0 0 -1
    outer loop
      vertex 3.56707 10.5122 0
      vertex 5.14303 15.1509 0
      vertex 3.56828 10.5118 0
    endloop
  endfacet
  facet normal -0 0 -1
    outer loop
      vertex 5.14303 15.1509 0
      vertex 3.56707 10.5122 0
      vertex 4.1411 15.4548 0
    endloop
  endfacet
  facet normal 0 0 -1
    outer loop
      vertex 2.87313 10.7227 0
      vertex 4.1411 15.4548 0
      vertex 3.56707 10.5122 0
    endloop
  endfacet
  facet normal 0 0 -1
    outer loop
      vertex 2.8719 10.723 0
      vertex 4.1411 15.4548 0
      vertex 2.87313 10.7227 0
    endloop
  endfacet
  facet normal -0 0 -1
    outer loop
      vertex 4.1411 15.4548 0
      vertex 2.8719 10.723 0
      vertex 3.12144 15.6926 0
    endloop
  endfacet
  facet normal 0 0 -1
    outer loop
      vertex 2.16568 10.8876 0
      vertex 3.12144 15.6926 0
      vertex 2.8719 10.723 0
    endloop
  endfacet
  facet normal 0 0 -1
    outer loop
      vertex 2.16568 10.8876 0
      vertex 2.08842 15.8631 0
      vertex 3.12144 15.6926 0
    endloop
  endfacet
  facet normal 0 0 -1
    outer loop
      vertex 1.45021 11.0058 0
      vertex 2.08842 15.8631 0
      vertex 2.16568 10.8876 0
    endloop
  endfacet
  facet normal 0 0 -1
    outer loop
      vertex 1.44896 11.006 0
      vertex 2.08842 15.8631 0
      vertex 1.45021 11.0058 0
    endloop
  endfacet
  facet normal 0 0 -1
    outer loop
      vertex 1.44896 11.006 0
      vertex 1.04645 15.9657 0
      vertex 2.08842 15.8631 0
    endloop
  endfacet
  facet normal 0 0 -1
    outer loop
      vertex 0.727297 11.077 0
      vertex 1.04645 15.9657 0
      vertex 1.44896 11.006 0
    endloop
  endfacet
  facet normal 0 0 -1
    outer loop
      vertex 0.726035 11.0772 0
      vertex 1.04645 15.9657 0
      vertex 0.727297 11.077 0
    endloop
  endfacet
  facet normal 0 0 -1
    outer loop
      vertex 0.724768 11.0772 0
      vertex 1.04645 15.9657 0
      vertex 0.726035 11.0772 0
    endloop
  endfacet
  facet normal 0 0 -1
    outer loop
      vertex 0 11.1009 0
      vertex 1.04645 15.9657 0
      vertex 0.724768 11.0772 0
    endloop
  endfacet
  facet normal 0 0 -1
    outer loop
      vertex 0 11.1009 0
      vertex 0 16 0
      vertex 1.04645 15.9657 0
    endloop
  endfacet
  facet normal 0 0 -1
    outer loop
      vertex -0.724768 11.0772 0
      vertex 0 16 0
      vertex 0 11.1009 0
    endloop
  endfacet
  facet normal 0 0 -1
    outer loop
      vertex -1.04645 15.9657 0
      vertex -0.724768 11.0772 0
      vertex -0.726035 11.0772 0
    endloop
  endfacet
  facet normal 0 0 -1
    outer loop
      vertex -1.04645 15.9657 0
      vertex -0.726035 11.0772 0
      vertex -0.727297 11.077 0
    endloop
  endfacet
  facet normal 0 0 -1
    outer loop
      vertex -0.724768 11.0772 0
      vertex -1.04645 15.9657 0
      vertex 0 16 0
    endloop
  endfacet
  facet normal 0 0 -1
    outer loop
      vertex -1.44896 11.006 0
      vertex -1.04645 15.9657 0
      vertex -0.727297 11.077 0
    endloop
  endfacet
  facet normal 0 0 -1
    outer loop
      vertex -2.08842 15.8631 0
      vertex -1.44896 11.006 0
      vertex -1.45021 11.0058 0
    endloop
  endfacet
  facet normal 0 0 -1
    outer loop
      vertex -1.44896 11.006 0
      vertex -2.08842 15.8631 0
      vertex -1.04645 15.9657 0
    endloop
  endfacet
  facet normal 0 0 -1
    outer loop
      vertex -2.16568 10.8876 0
      vertex -2.08842 15.8631 0
      vertex -1.45021 11.0058 0
    endloop
  endfacet
  facet normal 0 0 -1
    outer loop
      vertex -3.12144 15.6926 0
      vertex -2.16568 10.8876 0
      vertex -2.8719 10.723 0
    endloop
  endfacet
  facet normal 0 0 -1
    outer loop
      vertex -4.1411 15.4548 0
      vertex -2.8719 10.723 0
      vertex -2.87313 10.7227 0
    endloop
  endfacet
  facet normal 0 0 -1
    outer loop
      vertex -2.16568 10.8876 0
      vertex -3.12144 15.6926 0
      vertex -2.08842 15.8631 0
    endloop
  endfacet
  facet normal 0 0 -1
    outer loop
      vertex -4.1411 15.4548 0
      vertex -2.87313 10.7227 0
      vertex -3.56707 10.5122 0
    endloop
  endfacet
  facet normal 0 0 -1
    outer loop
      vertex -5.14303 15.1509 0
      vertex -3.56707 10.5122 0
      vertex -3.56828 10.5118 0
    endloop
  endfacet
  facet normal 0 0 -1
    outer loop
      vertex -5.14303 15.1509 0
      vertex -3.56828 10.5118 0
      vertex -3.56946 10.5114 0
    endloop
  endfacet
  facet normal 0 0 -1
    outer loop
      vertex -2.8719 10.723 0
      vertex -4.1411 15.4548 0
      vertex -3.12144 15.6926 0
    endloop
  endfacet
  facet normal 0 0 -1
    outer loop
      vertex -5.14303 15.1509 0
      vertex -3.56946 10.5114 0
      vertex -4.24814 10.2559 0
    endloop
  endfacet
  facet normal 0 0 -1
    outer loop
      vertex -6.12293 14.7821 0
      vertex -4.24814 10.2559 0
      vertex -4.90866 9.95665 0
    endloop
  endfacet
  facet normal 0 0 -1
    outer loop
      vertex -7.07662 14.35 0
      vertex -4.90866 9.95665 0
      vertex -4.90982 9.95613 0
    endloop
  endfacet
  facet normal 0 0 -1
    outer loop
      vertex -3.56707 10.5122 0
      vertex -5.14303 15.1509 0
      vertex -4.1411 15.4548 0
    endloop
  endfacet
  facet normal 0 0 -1
    outer loop
      vertex -7.07662 14.35 0
      vertex -4.90982 9.95613 0
      vertex -5.54935 9.61429 0
    endloop
  endfacet
  facet normal 0 0 -1
    outer loop
      vertex -8 13.8564 0
      vertex -5.54935 9.61429 0
      vertex -5.55047 9.61369 0
    endloop
  endfacet
  facet normal 0 0 -1
    outer loop
      vertex -8 13.8564 0
      vertex -5.55047 9.61369 0
      vertex -5.55154 9.61302 0
    endloop
  endfacet
  facet normal 0 0 -1
    outer loop
      vertex -4.24814 10.2559 0
      vertex -6.12293 14.7821 0
      vertex -5.14303 15.1509 0
    endloop
  endfacet
  facet normal 0 0 -1
    outer loop
      vertex -8 13.8564 0
      vertex -5.55154 9.61302 0
      vertex -6.16735 9.23009 0
    endloop
  endfacet
  facet normal 0 0 -1
    outer loop
      vertex -8.88912 13.3035 0
      vertex -6.16735 9.23009 0
      vertex -6.75679 8.8077 0
    endloop
  endfacet
  facet normal 0 0 -1
    outer loop
      vertex -9.74018 12.6937 0
      vertex -6.75679 8.8077 0
      vertex -6.75782 8.80696 0
    endloop
  endfacet
  facet normal 0 0 -1
    outer loop
      vertex -9.74018 12.6937 0
      vertex -6.75782 8.80696 0
      vertex -6.7588 8.80616 0
    endloop
  endfacet
  facet normal 0 0 -1
    outer loop
      vertex -4.90866 9.95665 0
      vertex -7.07662 14.35 0
      vertex -6.12293 14.7821 0
    endloop
  endfacet
  facet normal 0 0 -1
    outer loop
      vertex -9.74018 12.6937 0
      vertex -6.7588 8.80616 0
      vertex -7.31935 8.34612 0
    endloop
  endfacet
  facet normal 0 0 -1
    outer loop
      vertex -10.5495 12.0294 0
      vertex -7.31935 8.34612 0
      vertex -7.32028 8.34526 0
    endloop
  endfacet
  facet normal 0 0 -1
    outer loop
      vertex -10.5495 12.0294 0
      vertex -7.32028 8.34526 0
      vertex -7.84955 7.84955 0
    endloop
  endfacet
  facet normal 0 0 -1
    outer loop
      vertex -5.54935 9.61429 0
      vertex -8 13.8564 0
      vertex -7.07662 14.35 0
    endloop
  endfacet
  facet normal 0 0 -1
    outer loop
      vertex -11.3137 11.3137 0
      vertex -7.84955 7.84955 0
      vertex -8.34526 7.32028 0
    endloop
  endfacet
  facet normal 0 0 -1
    outer loop
      vertex -12.0294 10.5495 0
      vertex -8.34526 7.32028 0
      vertex -8.34612 7.31935 0
    endloop
  endfacet
  facet normal 0 0 -1
    outer loop
      vertex -12.0294 10.5495 0
      vertex -8.34612 7.31935 0
      vertex -8.80616 6.7588 0
    endloop
  endfacet
  facet normal 0 0 -1
    outer loop
      vertex -12.6937 9.74018 0
      vertex -8.80616 6.7588 0
      vertex -8.80696 6.75782 0
    endloop
  endfacet
  facet normal 0 0 -1
    outer loop
      vertex -12.6937 9.74018 0
      vertex -8.80696 6.75782 0
      vertex -8.8077 6.75679 0
    endloop
  endfacet
  facet normal 0 0 -1
    outer loop
      vertex -6.16735 9.23009 0
      vertex -8.88912 13.3035 0
      vertex -8 13.8564 0
    endloop
  endfacet
  facet normal 0 0 -1
    outer loop
      vertex -12.6937 9.74018 0
      vertex -8.8077 6.75679 0
      vertex -9.23009 6.16735 0
    endloop
  endfacet
  facet normal 0 0 -1
    outer loop
      vertex -13.3035 8.88912 0
      vertex -9.23009 6.16735 0
      vertex -9.61302 5.55154 0
    endloop
  endfacet
  facet normal 0 0 -1
    outer loop
      vertex -13.8564 8 0
      vertex -9.61302 5.55154 0
      vertex -9.61369 5.55047 0
    endloop
  endfacet
  facet normal 0 0 -1
    outer loop
      vertex -13.8564 8 0
      vertex -9.61369 5.55047 0
      vertex -9.61429 5.54935 0
    endloop
  endfacet
  facet normal 0 0 -1
    outer loop
      vertex -6.75679 8.8077 0
      vertex -9.74018 12.6937 0
      vertex -8.88912 13.3035 0
    endloop
  endfacet
  facet normal 0 0 -1
    outer loop
      vertex -13.8564 8 0
      vertex -9.61429 5.54935 0
      vertex -9.95613 4.90982 0
    endloop
  endfacet
  facet normal 0 0 -1
    outer loop
      vertex -14.35 7.07662 0
      vertex -9.95613 4.90982 0
      vertex -9.95665 4.90866 0
    endloop
  endfacet
  facet normal 0 0 -1
    outer loop
      vertex -14.35 7.07662 0
      vertex -9.95665 4.90866 0
      vertex -10.2559 4.24814 0
    endloop
  endfacet
  facet normal 0 0 -1
    outer loop
      vertex -14.7821 6.12293 0
      vertex -10.2559 4.24814 0
      vertex -10.5114 3.56946 0
    endloop
  endfacet
  facet normal 0 0 -1
    outer loop
      vertex -15.1509 5.14303 0
      vertex -10.5114 3.56946 0
      vertex -10.5118 3.56828 0
    endloop
  endfacet
  facet normal 0 0 -1
    outer loop
      vertex -15.1509 5.14303 0
      vertex -10.5118 3.56828 0
      vertex -10.5122 3.56707 0
    endloop
  endfacet
  facet normal 0 0 -1
    outer loop
      vertex -7.31935 8.34612 0
      vertex -10.5495 12.0294 0
      vertex -9.74018 12.6937 0
    endloop
  endfacet
  facet normal 0 0 -1
    outer loop
      vertex -15.4218 4.2499 0
      vertex -10.5122 3.56707 0
      vertex -10.7227 2.87313 0
    endloop
  endfacet
  facet normal 0 0 -1
    outer loop
      vertex -15.4218 4.2499 0
      vertex -10.7227 2.87313 0
      vertex -10.723 2.8719 0
    endloop
  endfacet
  facet normal 0 0 -1
    outer loop
      vertex -15.4218 4.2499 0
      vertex -10.723 2.8719 0
      vertex -10.8876 2.16568 0
    endloop
  endfacet
  facet normal 0 0 -1
    outer loop
      vertex -15.4218 4.2499 0
      vertex -10.8876 2.16568 0
      vertex -11.0058 1.45021 0
    endloop
  endfacet
  facet normal 0 0 -1
    outer loop
      vertex -15.4218 4.2499 0
      vertex -11.0058 1.45021 0
      vertex -11.006 1.44896 0
    endloop
  endfacet
  facet normal 0 0 -1
    outer loop
      vertex -15.4218 4.2499 0
      vertex -11.006 1.44896 0
      vertex -11.077 0.727297 0
    endloop
  endfacet
  facet normal 0 0 -1
    outer loop
      vertex -15.4218 4.2499 0
      vertex -11.077 0.727297 0
      vertex -11.0772 0.726035 0
    endloop
  endfacet
  facet normal 0 0 -1
    outer loop
      vertex -17.7548 0.147157 0
      vertex -11.1009 0 0
      vertex -17.75 0 0
    endloop
  endfacet
  facet normal 0 0 -1
    outer loop
      vertex -7.84955 7.84955 0
      vertex -11.3137 11.3137 0
      vertex -10.5495 12.0294 0
    endloop
  endfacet
  facet normal 0 0 -1
    outer loop
      vertex -11.1009 0 0
      vertex -17.7548 0.147157 0
      vertex -11.0772 0.724768 0
    endloop
  endfacet
  facet normal -0 0 -1
    outer loop
      vertex -10.5122 -3.56707 0
      vertex -15.4218 -4.2499 0
      vertex -10.7227 -2.87313 0
    endloop
  endfacet
  facet normal -0 0 -1
    outer loop
      vertex -10.7227 -2.87313 0
      vertex -15.4218 -4.2499 0
      vertex -10.723 -2.8719 0
    endloop
  endfacet
  facet normal 0 0 -1
    outer loop
      vertex -8.34526 7.32028 0
      vertex -12.0294 10.5495 0
      vertex -11.3137 11.3137 0
    endloop
  endfacet
  facet normal -0 0 -1
    outer loop
      vertex -10.723 -2.8719 0
      vertex -15.4218 -4.2499 0
      vertex -10.8876 -2.16568 0
    endloop
  endfacet
  facet normal 0 0 -1
    outer loop
      vertex -8.80616 6.7588 0
      vertex -12.6937 9.74018 0
      vertex -12.0294 10.5495 0
    endloop
  endfacet
  facet normal -0 0 -1
    outer loop
      vertex -10.8876 -2.16568 0
      vertex -15.4218 -4.2499 0
      vertex -11.0058 -1.45021 0
    endloop
  endfacet
  facet normal 0 0 -1
    outer loop
      vertex -9.23009 6.16735 0
      vertex -13.3035 8.88912 0
      vertex -12.6937 9.74018 0
    endloop
  endfacet
  facet normal -0 0 -1
    outer loop
      vertex -11.0058 -1.45021 0
      vertex -15.4218 -4.2499 0
      vertex -11.006 -1.44896 0
    endloop
  endfacet
  facet normal 0 0 -1
    outer loop
      vertex -9.61302 5.55154 0
      vertex -13.8564 8 0
      vertex -13.3035 8.88912 0
    endloop
  endfacet
  facet normal -0 0 -1
    outer loop
      vertex -11.006 -1.44896 0
      vertex -15.4218 -4.2499 0
      vertex -11.077 -0.727297 0
    endloop
  endfacet
  facet normal 0 0 -1
    outer loop
      vertex -9.95613 4.90982 0
      vertex -14.35 7.07662 0
      vertex -13.8564 8 0
    endloop
  endfacet
  facet normal -0 0 -1
    outer loop
      vertex -11.077 -0.727297 0
      vertex -15.4218 -4.2499 0
      vertex -11.0772 -0.726035 0
    endloop
  endfacet
  facet normal 0 0 -1
    outer loop
      vertex -10.2559 4.24814 0
      vertex -14.7821 6.12293 0
      vertex -14.35 7.07662 0
    endloop
  endfacet
  facet normal 0 0 -1
    outer loop
      vertex -17.7932 -0.438952 0
      vertex -11.0772 -0.726035 0
      vertex -15.4218 -4.2499 0
    endloop
  endfacet
  facet normal 0 0 -1
    outer loop
      vertex -10.5114 3.56946 0
      vertex -15.1509 5.14303 0
      vertex -14.7821 6.12293 0
    endloop
  endfacet
  facet normal 0 -0 -1
    outer loop
      vertex -17.7692 -0.293683 0
      vertex -11.0772 -0.726035 0
      vertex -17.7932 -0.438952 0
    endloop
  endfacet
  facet normal 0 0 -1
    outer loop
      vertex -10.5122 3.56707 0
      vertex -15.4218 4.2499 0
      vertex -15.1509 5.14303 0
    endloop
  endfacet
  facet normal 0 0 -1
    outer loop
      vertex -18.409 -1.59099 0
      vertex -15.4218 -4.2499 0
      vertex -15.5806 -4.41942 0
    endloop
  endfacet
  facet normal 0 0 -1
    outer loop
      vertex -17.7692 0.293683 0
      vertex -11.0772 0.724768 0
      vertex -17.7548 0.147157 0
    endloop
  endfacet
  facet normal 0 0 -1
    outer loop
      vertex -18.409 -1.59099 0
      vertex -15.5806 -4.41942 0
      vertex -15.8791 -4.699 0
    endloop
  endfacet
  facet normal -0 0 -1
    outer loop
      vertex -11.0772 0.724768 0
      vertex -17.7692 0.293683 0
      vertex -11.0772 0.726035 0
    endloop
  endfacet
  facet normal 0 0 -1
    outer loop
      vertex -18.5165 -1.69164 0
      vertex -15.8791 -4.699 0
      vertex -16.1952 -4.95846 0
    endloop
  endfacet
  facet normal 0 0 -1
    outer loop
      vertex -17.7932 0.438952 0
      vertex -11.0772 0.726035 0
      vertex -17.7692 0.293683 0
    endloop
  endfacet
  facet normal 0 0 -1
    outer loop
      vertex -18.6303 -1.78504 0
      vertex -16.1952 -4.95846 0
      vertex -16.5277 -5.19668 0
    endloop
  endfacet
  facet normal -0 0 -1
    outer loop
      vertex -11.0772 0.726035 0
      vertex -17.7932 0.438952 0
      vertex -15.4218 4.2499 0
    endloop
  endfacet
  facet normal 0 0 -1
    outer loop
      vertex -18.75 -1.87081 0
      vertex -16.5277 -5.19668 0
      vertex -16.875 -5.41266 0
    endloop
  endfacet
  facet normal 0 0 -1
    outer loop
      vertex -17.8267 0.582342 0
      vertex -15.4218 4.2499 0
      vertex -17.7932 0.438952 0
    endloop
  endfacet
  facet normal 0 0 -1
    outer loop
      vertex -18.875 -1.94856 0
      vertex -16.875 -5.41266 0
      vertex -17.2357 -5.60545 0
    endloop
  endfacet
  facet normal 0 0 -1
    outer loop
      vertex -17.8694 0.723238 0
      vertex -15.4218 4.2499 0
      vertex -17.8267 0.582342 0
    endloop
  endfacet
  facet normal 0 0 -1
    outer loop
      vertex -19.0049 -2.01796 0
      vertex -17.2357 -5.60545 0
      vertex -17.6082 -5.77425 0
    endloop
  endfacet
  facet normal 0 0 -1
    outer loop
      vertex -17.9213 0.861037 0
      vertex -15.4218 4.2499 0
      vertex -17.8694 0.723238 0
    endloop
  endfacet
  facet normal 0 0 -1
    outer loop
      vertex -17.982 0.995149 0
      vertex -15.4218 4.2499 0
      vertex -17.9213 0.861037 0
    endloop
  endfacet
  facet normal -0 0 -1
    outer loop
      vertex -11.1009 0 0
      vertex -17.7548 -0.147157 0
      vertex -17.75 0 0
    endloop
  endfacet
  facet normal 0 0 -1
    outer loop
      vertex -11.0772 -0.726035 0
      vertex -17.7548 -0.147157 0
      vertex -11.1009 0 0
    endloop
  endfacet
  facet normal 0 -0 -1
    outer loop
      vertex -17.7548 -0.147157 0
      vertex -11.0772 -0.726035 0
      vertex -17.7692 -0.293683 0
    endloop
  endfacet
  facet normal 0 0 -1
    outer loop
      vertex -15.4218 -4.2499 0
      vertex -17.8267 -0.582342 0
      vertex -17.7932 -0.438952 0
    endloop
  endfacet
  facet normal 0 0 -1
    outer loop
      vertex -15.4218 -4.2499 0
      vertex -17.8694 -0.723238 0
      vertex -17.8267 -0.582342 0
    endloop
  endfacet
  facet normal 0 0 -1
    outer loop
      vertex -15.4218 -4.2499 0
      vertex -17.9213 -0.861037 0
      vertex -17.8694 -0.723238 0
    endloop
  endfacet
  facet normal 0 0 -1
    outer loop
      vertex -15.4218 -4.2499 0
      vertex -17.982 -0.995149 0
      vertex -17.9213 -0.861037 0
    endloop
  endfacet
  facet normal 0 0 -1
    outer loop
      vertex -19.139 -2.07873 0
      vertex -17.6082 -5.77425 0
      vertex -17.991 -5.91831 0
    endloop
  endfacet
  facet normal 0 0 -1
    outer loop
      vertex -15.4218 -4.2499 0
      vertex -18.0514 -1.125 0
      vertex -17.982 -0.995149 0
    endloop
  endfacet
  facet normal 0 0 -1
    outer loop
      vertex -15.4218 -4.2499 0
      vertex -18.1292 -1.25003 0
      vertex -18.0514 -1.125 0
    endloop
  endfacet
  facet normal 0 0 -1
    outer loop
      vertex -15.4218 -4.2499 0
      vertex -18.215 -1.36971 0
      vertex -18.1292 -1.25003 0
    endloop
  endfacet
  facet normal 0 0 -1
    outer loop
      vertex -15.4218 -4.2499 0
      vertex -18.3084 -1.48353 0
      vertex -18.215 -1.36971 0
    endloop
  endfacet
  facet normal 0 0 -1
    outer loop
      vertex -19.2768 -2.13059 0
      vertex -17.991 -5.91831 0
      vertex -18.3824 -6.03704 0
    endloop
  endfacet
  facet normal 0 0 -1
    outer loop
      vertex -15.4218 -4.2499 0
      vertex -18.409 -1.59099 0
      vertex -18.3084 -1.48353 0
    endloop
  endfacet
  facet normal 0 0 -1
    outer loop
      vertex -15.8791 -4.699 0
      vertex -18.5165 -1.69164 0
      vertex -18.409 -1.59099 0
    endloop
  endfacet
  facet normal 0 0 -1
    outer loop
      vertex -16.1952 -4.95846 0
      vertex -18.6303 -1.78504 0
      vertex -18.5165 -1.69164 0
    endloop
  endfacet
  facet normal 0 0 -1
    outer loop
      vertex -16.5277 -5.19668 0
      vertex -18.75 -1.87081 0
      vertex -18.6303 -1.78504 0
    endloop
  endfacet
  facet normal 0 0 -1
    outer loop
      vertex -19.4177 -2.17333 0
      vertex -18.3824 -6.03704 0
      vertex -18.7807 -6.12991 0
    endloop
  endfacet
  facet normal 0 0 -1
    outer loop
      vertex -16.875 -5.41266 0
      vertex -18.875 -1.94856 0
      vertex -18.75 -1.87081 0
    endloop
  endfacet
  facet normal 0 0 -1
    outer loop
      vertex -17.2357 -5.60545 0
      vertex -19.0049 -2.01796 0
      vertex -18.875 -1.94856 0
    endloop
  endfacet
  facet normal 0 0 -1
    outer loop
      vertex -17.6082 -5.77425 0
      vertex -19.139 -2.07873 0
      vertex -19.0049 -2.01796 0
    endloop
  endfacet
  facet normal 0 0 -1
    outer loop
      vertex -19.561 -2.20677 0
      vertex -18.7807 -6.12991 0
      vertex -19.1842 -6.19653 0
    endloop
  endfacet
  facet normal 0 0 -1
    outer loop
      vertex -17.991 -5.91831 0
      vertex -19.2768 -2.13059 0
      vertex -19.139 -2.07873 0
    endloop
  endfacet
  facet normal 0 0 -1
    outer loop
      vertex -18.3824 -6.03704 0
      vertex -19.4177 -2.17333 0
      vertex -19.2768 -2.13059 0
    endloop
  endfacet
  facet normal 0 0 -1
    outer loop
      vertex -18.7807 -6.12991 0
      vertex -19.561 -2.20677 0
      vertex -19.4177 -2.17333 0
    endloop
  endfacet
  facet normal 0 0 -1
    outer loop
      vertex -19.7063 -2.23075 0
      vertex -19.1842 -6.19653 0
      vertex -19.5912 -6.23662 0
    endloop
  endfacet
  facet normal 0 0 -1
    outer loop
      vertex -19.1842 -6.19653 0
      vertex -19.7063 -2.23075 0
      vertex -19.561 -2.20677 0
    endloop
  endfacet
  facet normal 0 0 -1
    outer loop
      vertex -19.5912 -6.23662 0
      vertex -19.8528 -2.24518 0
      vertex -19.7063 -2.23075 0
    endloop
  endfacet
  facet normal 0 0 -1
    outer loop
      vertex -20 -6.25 0
      vertex -19.8528 -2.24518 0
      vertex -19.5912 -6.23662 0
    endloop
  endfacet
  facet normal 0 0 -1
    outer loop
      vertex -20 -6.25 0
      vertex -20 -2.25 0
      vertex -19.8528 -2.24518 0
    endloop
  endfacet
  facet normal 0 0 -1
    outer loop
      vertex -20 -6.25 0
      vertex -20.1472 -2.24518 0
      vertex -20 -2.25 0
    endloop
  endfacet
  facet normal 0 0 -1
    outer loop
      vertex -20.4088 -6.23662 0
      vertex -20.1472 -2.24518 0
      vertex -20 -6.25 0
    endloop
  endfacet
  facet normal -0 0 -1
    outer loop
      vertex -20.1472 -2.24518 0
      vertex -20.4088 -6.23662 0
      vertex -20.2937 -2.23075 0
    endloop
  endfacet
  facet normal 0 0 -1
    outer loop
      vertex -20.8158 -6.19653 0
      vertex -20.2937 -2.23075 0
      vertex -20.4088 -6.23662 0
    endloop
  endfacet
  facet normal -0 0 -1
    outer loop
      vertex -20.2937 -2.23075 0
      vertex -20.8158 -6.19653 0
      vertex -20.439 -2.20677 0
    endloop
  endfacet
  facet normal 0 0 -1
    outer loop
      vertex -21.2193 -6.12991 0
      vertex -20.439 -2.20677 0
      vertex -20.8158 -6.19653 0
    endloop
  endfacet
  facet normal -0 0 -1
    outer loop
      vertex -20.439 -2.20677 0
      vertex -21.2193 -6.12991 0
      vertex -20.5823 -2.17333 0
    endloop
  endfacet
  facet normal 0 0 -1
    outer loop
      vertex -21.6176 -6.03704 0
      vertex -20.5823 -2.17333 0
      vertex -21.2193 -6.12991 0
    endloop
  endfacet
  facet normal -0 0 -1
    outer loop
      vertex -20.5823 -2.17333 0
      vertex -21.6176 -6.03704 0
      vertex -20.7232 -2.13059 0
    endloop
  endfacet
  facet normal 0 0 -1
    outer loop
      vertex -22.009 -5.91831 0
      vertex -20.7232 -2.13059 0
      vertex -21.6176 -6.03704 0
    endloop
  endfacet
  facet normal -0 0 -1
    outer loop
      vertex -20.7232 -2.13059 0
      vertex -22.009 -5.91831 0
      vertex -20.861 -2.07873 0
    endloop
  endfacet
  facet normal 0 0 -1
    outer loop
      vertex -22.3918 -5.77425 0
      vertex -20.861 -2.07873 0
      vertex -22.009 -5.91831 0
    endloop
  endfacet
  facet normal -0 0 -1
    outer loop
      vertex -20.861 -2.07873 0
      vertex -22.3918 -5.77425 0
      vertex -20.9951 -2.01796 0
    endloop
  endfacet
  facet normal 0 0 -1
    outer loop
      vertex -22.7643 -5.60545 0
      vertex -20.9951 -2.01796 0
      vertex -22.3918 -5.77425 0
    endloop
  endfacet
  facet normal -0 0 -1
    outer loop
      vertex -20.9951 -2.01796 0
      vertex -22.7643 -5.60545 0
      vertex -21.125 -1.94856 0
    endloop
  endfacet
  facet normal 0 0 -1
    outer loop
      vertex -23.125 -5.41266 0
      vertex -21.125 -1.94856 0
      vertex -22.7643 -5.60545 0
    endloop
  endfacet
  facet normal -0 0 -1
    outer loop
      vertex -21.125 -1.94856 0
      vertex -23.125 -5.41266 0
      vertex -21.25 -1.87081 0
    endloop
  endfacet
  facet normal 0 0 -1
    outer loop
      vertex -23.4723 -5.19668 0
      vertex -21.25 -1.87081 0
      vertex -23.125 -5.41266 0
    endloop
  endfacet
  facet normal -0 0 -1
    outer loop
      vertex -21.25 -1.87081 0
      vertex -23.4723 -5.19668 0
      vertex -21.3697 -1.78504 0
    endloop
  endfacet
  facet normal 0 0 -1
    outer loop
      vertex -23.8048 -4.95846 0
      vertex -21.3697 -1.78504 0
      vertex -23.4723 -5.19668 0
    endloop
  endfacet
  facet normal -0 0 -1
    outer loop
      vertex -21.3697 -1.78504 0
      vertex -23.8048 -4.95846 0
      vertex -21.4835 -1.69164 0
    endloop
  endfacet
  facet normal 0 0 -1
    outer loop
      vertex -24.1209 -4.699 0
      vertex -21.4835 -1.69164 0
      vertex -23.8048 -4.95846 0
    endloop
  endfacet
  facet normal -0 0 -1
    outer loop
      vertex -21.4835 -1.69164 0
      vertex -24.1209 -4.699 0
      vertex -21.591 -1.59099 0
    endloop
  endfacet
  facet normal 0 0 -1
    outer loop
      vertex -24.4194 -4.41942 0
      vertex -21.591 -1.59099 0
      vertex -24.1209 -4.699 0
    endloop
  endfacet
  facet normal -0 0 -1
    outer loop
      vertex -21.591 -1.59099 0
      vertex -24.4194 -4.41942 0
      vertex -21.6916 -1.48353 0
    endloop
  endfacet
  facet normal 0 0 -1
    outer loop
      vertex -24.699 -4.12091 0
      vertex -21.6916 -1.48353 0
      vertex -24.4194 -4.41942 0
    endloop
  endfacet
  facet normal -0 0 -1
    outer loop
      vertex -21.6916 -1.48353 0
      vertex -24.699 -4.12091 0
      vertex -21.785 -1.36971 0
    endloop
  endfacet
  facet normal 0 0 -1
    outer loop
      vertex -24.9585 -3.80476 0
      vertex -21.785 -1.36971 0
      vertex -24.699 -4.12091 0
    endloop
  endfacet
  facet normal 0 0 -1
    outer loop
      vertex -25.1967 -3.47231 0
      vertex -21.8708 -1.25003 0
      vertex -24.9585 -3.80476 0
    endloop
  endfacet
  facet normal -0 0 -1
    outer loop
      vertex -21.785 -1.36971 0
      vertex -24.9585 -3.80476 0
      vertex -21.8708 -1.25003 0
    endloop
  endfacet
  facet normal 0 0 -1
    outer loop
      vertex 22.25 0 0
      vertex 26.25 0 0
      vertex 26.2366 -0.408769 0
    endloop
  endfacet
  facet normal 0 0 -1
    outer loop
      vertex 22.2452 -0.147157 0
      vertex 26.2366 -0.408769 0
      vertex 26.1965 -0.815788 0
    endloop
  endfacet
  facet normal 0 0 -1
    outer loop
      vertex 26.25 0 0
      vertex 22.25 0 0
      vertex 26.2366 0.408769 0
    endloop
  endfacet
  facet normal 0 0 -1
    outer loop
      vertex 22.2308 -0.293683 0
      vertex 26.1965 -0.815788 0
      vertex 26.1299 -1.21931 0
    endloop
  endfacet
  facet normal 0 0 -1
    outer loop
      vertex 22.2452 0.147157 0
      vertex 26.2366 0.408769 0
      vertex 22.25 0 0
    endloop
  endfacet
  facet normal 0 0 -1
    outer loop
      vertex 22.2068 -0.438952 0
      vertex 26.1299 -1.21931 0
      vertex 26.037 -1.61762 0
    endloop
  endfacet
  facet normal -0 0 -1
    outer loop
      vertex 26.2366 0.408769 0
      vertex 22.2452 0.147157 0
      vertex 26.1965 0.815788 0
    endloop
  endfacet
  facet normal 0 0 -1
    outer loop
      vertex 22.1733 -0.582342 0
      vertex 26.037 -1.61762 0
      vertex 25.9183 -2.009 0
    endloop
  endfacet
  facet normal 0 0 -1
    outer loop
      vertex 22.2308 0.293683 0
      vertex 26.1965 0.815788 0
      vertex 22.2452 0.147157 0
    endloop
  endfacet
  facet normal 0 0 -1
    outer loop
      vertex 22.1306 -0.723238 0
      vertex 25.9183 -2.009 0
      vertex 25.7742 -2.39177 0
    endloop
  endfacet
  facet normal -0 0 -1
    outer loop
      vertex 26.1965 0.815788 0
      vertex 22.2308 0.293683 0
      vertex 26.1299 1.21931 0
    endloop
  endfacet
  facet normal 0 0 -1
    outer loop
      vertex 22.0787 -0.861037 0
      vertex 25.7742 -2.39177 0
      vertex 25.6055 -2.7643 0
    endloop
  endfacet
  facet normal 0 0 -1
    outer loop
      vertex 22.2068 0.438952 0
      vertex 26.1299 1.21931 0
      vertex 22.2308 0.293683 0
    endloop
  endfacet
  facet normal 0 0 -1
    outer loop
      vertex 22.018 -0.995149 0
      vertex 25.6055 -2.7643 0
      vertex 25.4127 -3.125 0
    endloop
  endfacet
  facet normal -0 0 -1
    outer loop
      vertex 26.1299 1.21931 0
      vertex 22.2068 0.438952 0
      vertex 26.037 1.61762 0
    endloop
  endfacet
  facet normal 0 0 -1
    outer loop
      vertex 21.9486 -1.125 0
      vertex 25.4127 -3.125 0
      vertex 25.1967 -3.47231 0
    endloop
  endfacet
  facet normal 0 0 -1
    outer loop
      vertex 22.1733 0.582342 0
      vertex 26.037 1.61762 0
      vertex 22.2068 0.438952 0
    endloop
  endfacet
  facet normal 0 0 -1
    outer loop
      vertex 21.8708 -1.25003 0
      vertex 25.1967 -3.47231 0
      vertex 24.9585 -3.80476 0
    endloop
  endfacet
  facet normal -0 0 -1
    outer loop
      vertex 26.037 1.61762 0
      vertex 22.1733 0.582342 0
      vertex 25.9183 2.009 0
    endloop
  endfacet
  facet normal 0 0 -1
    outer loop
      vertex 21.785 -1.36971 0
      vertex 24.9585 -3.80476 0
      vertex 24.699 -4.12091 0
    endloop
  endfacet
  facet normal 0 0 -1
    outer loop
      vertex 22.1306 0.723238 0
      vertex 25.9183 2.009 0
      vertex 22.1733 0.582342 0
    endloop
  endfacet
  facet normal 0 0 -1
    outer loop
      vertex 21.6916 -1.48353 0
      vertex 24.699 -4.12091 0
      vertex 24.4194 -4.41942 0
    endloop
  endfacet
  facet normal -0 0 -1
    outer loop
      vertex 25.9183 2.009 0
      vertex 22.1306 0.723238 0
      vertex 25.7742 2.39177 0
    endloop
  endfacet
  facet normal 0 0 -1
    outer loop
      vertex 21.591 -1.59099 0
      vertex 24.4194 -4.41942 0
      vertex 24.1209 -4.699 0
    endloop
  endfacet
  facet normal 0 0 -1
    outer loop
      vertex 22.0787 0.861037 0
      vertex 25.7742 2.39177 0
      vertex 22.1306 0.723238 0
    endloop
  endfacet
  facet normal 0 0 -1
    outer loop
      vertex 21.4835 -1.69164 0
      vertex 24.1209 -4.699 0
      vertex 23.8048 -4.95846 0
    endloop
  endfacet
  facet normal -0 0 -1
    outer loop
      vertex 25.7742 2.39177 0
      vertex 22.0787 0.861037 0
      vertex 25.6055 2.7643 0
    endloop
  endfacet
  facet normal 0 0 -1
    outer loop
      vertex 21.3697 -1.78504 0
      vertex 23.8048 -4.95846 0
      vertex 23.4723 -5.19668 0
    endloop
  endfacet
  facet normal 0 0 -1
    outer loop
      vertex 22.018 0.995149 0
      vertex 25.6055 2.7643 0
      vertex 22.0787 0.861037 0
    endloop
  endfacet
  facet normal 0 0 -1
    outer loop
      vertex 21.25 -1.87081 0
      vertex 23.4723 -5.19668 0
      vertex 23.125 -5.41266 0
    endloop
  endfacet
  facet normal -0 0 -1
    outer loop
      vertex 25.6055 2.7643 0
      vertex 22.018 0.995149 0
      vertex 25.4127 3.125 0
    endloop
  endfacet
  facet normal 0 0 -1
    outer loop
      vertex 21.125 -1.94856 0
      vertex 23.125 -5.41266 0
      vertex 22.7643 -5.60545 0
    endloop
  endfacet
  facet normal 0 0 -1
    outer loop
      vertex 21.9486 1.125 0
      vertex 25.4127 3.125 0
      vertex 22.018 0.995149 0
    endloop
  endfacet
  facet normal 0 0 -1
    outer loop
      vertex 20.9951 -2.01796 0
      vertex 22.7643 -5.60545 0
      vertex 22.3918 -5.77425 0
    endloop
  endfacet
  facet normal -0 0 -1
    outer loop
      vertex 25.4127 3.125 0
      vertex 21.9486 1.125 0
      vertex 25.1967 3.47231 0
    endloop
  endfacet
  facet normal 0 0 -1
    outer loop
      vertex 21.8708 1.25003 0
      vertex 25.1967 3.47231 0
      vertex 21.9486 1.125 0
    endloop
  endfacet
  facet normal 0 0 -1
    outer loop
      vertex 26.2366 -0.408769 0
      vertex 22.2452 -0.147157 0
      vertex 22.25 0 0
    endloop
  endfacet
  facet normal 0 0 -1
    outer loop
      vertex 26.1965 -0.815788 0
      vertex 22.2308 -0.293683 0
      vertex 22.2452 -0.147157 0
    endloop
  endfacet
  facet normal 0 0 -1
    outer loop
      vertex 26.1299 -1.21931 0
      vertex 22.2068 -0.438952 0
      vertex 22.2308 -0.293683 0
    endloop
  endfacet
  facet normal 0 0 -1
    outer loop
      vertex 26.037 -1.61762 0
      vertex 22.1733 -0.582342 0
      vertex 22.2068 -0.438952 0
    endloop
  endfacet
  facet normal 0 0 -1
    outer loop
      vertex 25.9183 -2.009 0
      vertex 22.1306 -0.723238 0
      vertex 22.1733 -0.582342 0
    endloop
  endfacet
  facet normal 0 0 -1
    outer loop
      vertex 25.7742 -2.39177 0
      vertex 22.0787 -0.861037 0
      vertex 22.1306 -0.723238 0
    endloop
  endfacet
  facet normal 0 0 -1
    outer loop
      vertex 25.6055 -2.7643 0
      vertex 22.018 -0.995149 0
      vertex 22.0787 -0.861037 0
    endloop
  endfacet
  facet normal 0 0 -1
    outer loop
      vertex 20.861 -2.07873 0
      vertex 22.3918 -5.77425 0
      vertex 22.009 -5.91831 0
    endloop
  endfacet
  facet normal 0 0 -1
    outer loop
      vertex 25.4127 -3.125 0
      vertex 21.9486 -1.125 0
      vertex 22.018 -0.995149 0
    endloop
  endfacet
  facet normal 0 0 -1
    outer loop
      vertex 25.1967 -3.47231 0
      vertex 21.8708 -1.25003 0
      vertex 21.9486 -1.125 0
    endloop
  endfacet
  facet normal 0 0 -1
    outer loop
      vertex 24.9585 -3.80476 0
      vertex 21.785 -1.36971 0
      vertex 21.8708 -1.25003 0
    endloop
  endfacet
  facet normal 0 0 -1
    outer loop
      vertex 24.699 -4.12091 0
      vertex 21.6916 -1.48353 0
      vertex 21.785 -1.36971 0
    endloop
  endfacet
  facet normal 0 0 -1
    outer loop
      vertex 20.7232 -2.13059 0
      vertex 22.009 -5.91831 0
      vertex 21.6176 -6.03704 0
    endloop
  endfacet
  facet normal 0 0 -1
    outer loop
      vertex 24.4194 -4.41942 0
      vertex 21.591 -1.59099 0
      vertex 21.6916 -1.48353 0
    endloop
  endfacet
  facet normal 0 0 -1
    outer loop
      vertex 24.1209 -4.699 0
      vertex 21.4835 -1.69164 0
      vertex 21.591 -1.59099 0
    endloop
  endfacet
  facet normal 0 0 -1
    outer loop
      vertex 23.8048 -4.95846 0
      vertex 21.3697 -1.78504 0
      vertex 21.4835 -1.69164 0
    endloop
  endfacet
  facet normal 0 0 -1
    outer loop
      vertex 23.4723 -5.19668 0
      vertex 21.25 -1.87081 0
      vertex 21.3697 -1.78504 0
    endloop
  endfacet
  facet normal 0 0 -1
    outer loop
      vertex 20.5823 -2.17333 0
      vertex 21.6176 -6.03704 0
      vertex 21.2193 -6.12991 0
    endloop
  endfacet
  facet normal 0 0 -1
    outer loop
      vertex 23.125 -5.41266 0
      vertex 21.125 -1.94856 0
      vertex 21.25 -1.87081 0
    endloop
  endfacet
  facet normal 0 0 -1
    outer loop
      vertex 22.7643 -5.60545 0
      vertex 20.9951 -2.01796 0
      vertex 21.125 -1.94856 0
    endloop
  endfacet
  facet normal 0 0 -1
    outer loop
      vertex 22.3918 -5.77425 0
      vertex 20.861 -2.07873 0
      vertex 20.9951 -2.01796 0
    endloop
  endfacet
  facet normal 0 0 -1
    outer loop
      vertex 20.439 -2.20677 0
      vertex 21.2193 -6.12991 0
      vertex 20.8158 -6.19653 0
    endloop
  endfacet
  facet normal 0 0 -1
    outer loop
      vertex 22.009 -5.91831 0
      vertex 20.7232 -2.13059 0
      vertex 20.861 -2.07873 0
    endloop
  endfacet
  facet normal 0 0 -1
    outer loop
      vertex 21.6176 -6.03704 0
      vertex 20.5823 -2.17333 0
      vertex 20.7232 -2.13059 0
    endloop
  endfacet
  facet normal 0 0 -1
    outer loop
      vertex 21.2193 -6.12991 0
      vertex 20.439 -2.20677 0
      vertex 20.5823 -2.17333 0
    endloop
  endfacet
  facet normal 0 0 -1
    outer loop
      vertex 20.2937 -2.23075 0
      vertex 20.8158 -6.19653 0
      vertex 20.4088 -6.23662 0
    endloop
  endfacet
  facet normal 0 0 -1
    outer loop
      vertex 20.8158 -6.19653 0
      vertex 20.2937 -2.23075 0
      vertex 20.439 -2.20677 0
    endloop
  endfacet
  facet normal 0 0 -1
    outer loop
      vertex 20.4088 -6.23662 0
      vertex 20.1472 -2.24518 0
      vertex 20.2937 -2.23075 0
    endloop
  endfacet
  facet normal 0 0 -1
    outer loop
      vertex 20 -6.25 0
      vertex 20.1472 -2.24518 0
      vertex 20.4088 -6.23662 0
    endloop
  endfacet
  facet normal 0 0 -1
    outer loop
      vertex 20 -6.25 0
      vertex 20 -2.25 0
      vertex 20.1472 -2.24518 0
    endloop
  endfacet
  facet normal 0 0 -1
    outer loop
      vertex 20 -6.25 0
      vertex 19.8528 -2.24518 0
      vertex 20 -2.25 0
    endloop
  endfacet
  facet normal 0 0 -1
    outer loop
      vertex 19.5912 -6.23662 0
      vertex 19.8528 -2.24518 0
      vertex 20 -6.25 0
    endloop
  endfacet
  facet normal -0 0 -1
    outer loop
      vertex 19.8528 -2.24518 0
      vertex 19.5912 -6.23662 0
      vertex 19.7063 -2.23075 0
    endloop
  endfacet
  facet normal 0 0 -1
    outer loop
      vertex 19.1842 -6.19653 0
      vertex 19.7063 -2.23075 0
      vertex 19.5912 -6.23662 0
    endloop
  endfacet
  facet normal -0 0 -1
    outer loop
      vertex 19.7063 -2.23075 0
      vertex 19.1842 -6.19653 0
      vertex 19.561 -2.20677 0
    endloop
  endfacet
  facet normal 0 0 -1
    outer loop
      vertex 18.7807 -6.12991 0
      vertex 19.561 -2.20677 0
      vertex 19.1842 -6.19653 0
    endloop
  endfacet
  facet normal -0 0 -1
    outer loop
      vertex 19.561 -2.20677 0
      vertex 18.7807 -6.12991 0
      vertex 19.4177 -2.17333 0
    endloop
  endfacet
  facet normal 0 0 -1
    outer loop
      vertex 18.3824 -6.03704 0
      vertex 19.4177 -2.17333 0
      vertex 18.7807 -6.12991 0
    endloop
  endfacet
  facet normal -0 0 -1
    outer loop
      vertex 19.4177 -2.17333 0
      vertex 18.3824 -6.03704 0
      vertex 19.2768 -2.13059 0
    endloop
  endfacet
  facet normal 0 0 -1
    outer loop
      vertex 17.991 -5.91831 0
      vertex 19.2768 -2.13059 0
      vertex 18.3824 -6.03704 0
    endloop
  endfacet
  facet normal -0 0 -1
    outer loop
      vertex 19.2768 -2.13059 0
      vertex 17.991 -5.91831 0
      vertex 19.139 -2.07873 0
    endloop
  endfacet
  facet normal 0 0 -1
    outer loop
      vertex 17.6082 -5.77425 0
      vertex 19.139 -2.07873 0
      vertex 17.991 -5.91831 0
    endloop
  endfacet
  facet normal -0 0 -1
    outer loop
      vertex 19.139 -2.07873 0
      vertex 17.6082 -5.77425 0
      vertex 19.0049 -2.01796 0
    endloop
  endfacet
  facet normal 0 0 -1
    outer loop
      vertex 17.2357 -5.60545 0
      vertex 19.0049 -2.01796 0
      vertex 17.6082 -5.77425 0
    endloop
  endfacet
  facet normal -0 0 -1
    outer loop
      vertex 19.0049 -2.01796 0
      vertex 17.2357 -5.60545 0
      vertex 18.875 -1.94856 0
    endloop
  endfacet
  facet normal 0 0 -1
    outer loop
      vertex 16.875 -5.41266 0
      vertex 18.875 -1.94856 0
      vertex 17.2357 -5.60545 0
    endloop
  endfacet
  facet normal -0 0 -1
    outer loop
      vertex 18.875 -1.94856 0
      vertex 16.875 -5.41266 0
      vertex 18.75 -1.87081 0
    endloop
  endfacet
  facet normal 0 0 -1
    outer loop
      vertex 16.5277 -5.19668 0
      vertex 18.75 -1.87081 0
      vertex 16.875 -5.41266 0
    endloop
  endfacet
  facet normal -0 0 -1
    outer loop
      vertex 18.75 -1.87081 0
      vertex 16.5277 -5.19668 0
      vertex 18.6303 -1.78504 0
    endloop
  endfacet
  facet normal 0 0 -1
    outer loop
      vertex 16.1952 -4.95846 0
      vertex 18.6303 -1.78504 0
      vertex 16.5277 -5.19668 0
    endloop
  endfacet
  facet normal -0 0 -1
    outer loop
      vertex 18.6303 -1.78504 0
      vertex 16.1952 -4.95846 0
      vertex 18.5165 -1.69164 0
    endloop
  endfacet
  facet normal 0 0 -1
    outer loop
      vertex 15.8791 -4.699 0
      vertex 18.5165 -1.69164 0
      vertex 16.1952 -4.95846 0
    endloop
  endfacet
  facet normal -0 0 -1
    outer loop
      vertex 18.5165 -1.69164 0
      vertex 15.8791 -4.699 0
      vertex 18.409 -1.59099 0
    endloop
  endfacet
  facet normal 0 0 -1
    outer loop
      vertex 15.5806 -4.41942 0
      vertex 18.409 -1.59099 0
      vertex 15.8791 -4.699 0
    endloop
  endfacet
  facet normal 0 0 -1
    outer loop
      vertex 15.4218 -4.2499 0
      vertex 18.409 -1.59099 0
      vertex 15.5806 -4.41942 0
    endloop
  endfacet
  facet normal -0 0 -1
    outer loop
      vertex 18.409 -1.59099 0
      vertex 15.4218 -4.2499 0
      vertex 18.3084 -1.48353 0
    endloop
  endfacet
  facet normal -0 0 -1
    outer loop
      vertex 18.3084 -1.48353 0
      vertex 15.4218 -4.2499 0
      vertex 18.215 -1.36971 0
    endloop
  endfacet
  facet normal -0 0 -1
    outer loop
      vertex 18.215 -1.36971 0
      vertex 15.4218 -4.2499 0
      vertex 18.1292 -1.25003 0
    endloop
  endfacet
  facet normal -0 0 -1
    outer loop
      vertex 18.0514 -1.125 0
      vertex 15.4218 -4.2499 0
      vertex 17.982 -0.995149 0
    endloop
  endfacet
  facet normal -0 0 -1
    outer loop
      vertex 18.1292 -1.25003 0
      vertex 15.4218 -4.2499 0
      vertex 18.0514 -1.125 0
    endloop
  endfacet
  facet normal -0 0 -1
    outer loop
      vertex 25.1967 3.47231 0
      vertex 21.8708 1.25003 0
      vertex 24.9585 3.80476 0
    endloop
  endfacet
  facet normal 0 0 -1
    outer loop
      vertex 21.785 1.36971 0
      vertex 24.9585 3.80476 0
      vertex 21.8708 1.25003 0
    endloop
  endfacet
  facet normal -0 0 -1
    outer loop
      vertex 24.9585 3.80476 0
      vertex 21.785 1.36971 0
      vertex 24.699 4.12091 0
    endloop
  endfacet
  facet normal 0 0 -1
    outer loop
      vertex 21.6916 1.48353 0
      vertex 24.699 4.12091 0
      vertex 21.785 1.36971 0
    endloop
  endfacet
  facet normal -0 0 -1
    outer loop
      vertex 24.699 4.12091 0
      vertex 21.6916 1.48353 0
      vertex 24.4194 4.41942 0
    endloop
  endfacet
  facet normal 0 0 -1
    outer loop
      vertex 21.591 1.59099 0
      vertex 24.4194 4.41942 0
      vertex 21.6916 1.48353 0
    endloop
  endfacet
  facet normal -0 0 -1
    outer loop
      vertex 24.4194 4.41942 0
      vertex 21.591 1.59099 0
      vertex 24.1209 4.699 0
    endloop
  endfacet
  facet normal 0 0 -1
    outer loop
      vertex 21.4835 1.69164 0
      vertex 24.1209 4.699 0
      vertex 21.591 1.59099 0
    endloop
  endfacet
  facet normal -0 0 -1
    outer loop
      vertex 24.1209 4.699 0
      vertex 21.4835 1.69164 0
      vertex 23.8048 4.95846 0
    endloop
  endfacet
  facet normal 0 0 -1
    outer loop
      vertex 21.3697 1.78504 0
      vertex 23.8048 4.95846 0
      vertex 21.4835 1.69164 0
    endloop
  endfacet
  facet normal -0 0 -1
    outer loop
      vertex 23.8048 4.95846 0
      vertex 21.3697 1.78504 0
      vertex 23.4723 5.19668 0
    endloop
  endfacet
  facet normal 0 0 -1
    outer loop
      vertex 21.25 1.87081 0
      vertex 23.4723 5.19668 0
      vertex 21.3697 1.78504 0
    endloop
  endfacet
  facet normal -0 0 -1
    outer loop
      vertex 23.4723 5.19668 0
      vertex 21.25 1.87081 0
      vertex 23.125 5.41266 0
    endloop
  endfacet
  facet normal 0 0 -1
    outer loop
      vertex 21.125 1.94856 0
      vertex 23.125 5.41266 0
      vertex 21.25 1.87081 0
    endloop
  endfacet
  facet normal -0 0 -1
    outer loop
      vertex 23.125 5.41266 0
      vertex 21.125 1.94856 0
      vertex 22.7643 5.60545 0
    endloop
  endfacet
  facet normal 0 0 -1
    outer loop
      vertex 20.9951 2.01796 0
      vertex 22.7643 5.60545 0
      vertex 21.125 1.94856 0
    endloop
  endfacet
  facet normal -0 0 -1
    outer loop
      vertex 22.7643 5.60545 0
      vertex 20.9951 2.01796 0
      vertex 22.3918 5.77425 0
    endloop
  endfacet
  facet normal 0 0 -1
    outer loop
      vertex 20.861 2.07873 0
      vertex 22.3918 5.77425 0
      vertex 20.9951 2.01796 0
    endloop
  endfacet
  facet normal -0 0 -1
    outer loop
      vertex 22.3918 5.77425 0
      vertex 20.861 2.07873 0
      vertex 22.009 5.91831 0
    endloop
  endfacet
  facet normal 0 0 -1
    outer loop
      vertex 20.7232 2.13059 0
      vertex 22.009 5.91831 0
      vertex 20.861 2.07873 0
    endloop
  endfacet
  facet normal -0 0 -1
    outer loop
      vertex 22.009 5.91831 0
      vertex 20.7232 2.13059 0
      vertex 21.6176 6.03704 0
    endloop
  endfacet
  facet normal 0 0 -1
    outer loop
      vertex 20.5823 2.17333 0
      vertex 21.6176 6.03704 0
      vertex 20.7232 2.13059 0
    endloop
  endfacet
  facet normal -0 0 -1
    outer loop
      vertex 21.6176 6.03704 0
      vertex 20.5823 2.17333 0
      vertex 21.2193 6.12991 0
    endloop
  endfacet
  facet normal 0 0 -1
    outer loop
      vertex 20.439 2.20677 0
      vertex 21.2193 6.12991 0
      vertex 20.5823 2.17333 0
    endloop
  endfacet
  facet normal -0 0 -1
    outer loop
      vertex 21.2193 6.12991 0
      vertex 20.439 2.20677 0
      vertex 20.8158 6.19653 0
    endloop
  endfacet
  facet normal 0 0 -1
    outer loop
      vertex 20.2937 2.23075 0
      vertex 20.8158 6.19653 0
      vertex 20.439 2.20677 0
    endloop
  endfacet
  facet normal -0 0 -1
    outer loop
      vertex 20.8158 6.19653 0
      vertex 20.2937 2.23075 0
      vertex 20.4088 6.23662 0
    endloop
  endfacet
  facet normal 0 0 -1
    outer loop
      vertex 20.1472 2.24518 0
      vertex 20.4088 6.23662 0
      vertex 20.2937 2.23075 0
    endloop
  endfacet
  facet normal 0 0 -1
    outer loop
      vertex 20 2.25 0
      vertex 20.4088 6.23662 0
      vertex 20.1472 2.24518 0
    endloop
  endfacet
  facet normal 0 0 -1
    outer loop
      vertex 20 2.25 0
      vertex 20 6.25 0
      vertex 20.4088 6.23662 0
    endloop
  endfacet
  facet normal 0 0 -1
    outer loop
      vertex 19.8528 2.24518 0
      vertex 20 6.25 0
      vertex 20 2.25 0
    endloop
  endfacet
  facet normal 0 0 -1
    outer loop
      vertex 19.5912 6.23662 0
      vertex 19.8528 2.24518 0
      vertex 19.7063 2.23075 0
    endloop
  endfacet
  facet normal 0 0 -1
    outer loop
      vertex 19.8528 2.24518 0
      vertex 19.5912 6.23662 0
      vertex 20 6.25 0
    endloop
  endfacet
  facet normal 0 0 -1
    outer loop
      vertex 19.1842 6.19653 0
      vertex 19.7063 2.23075 0
      vertex 19.561 2.20677 0
    endloop
  endfacet
  facet normal 0 0 -1
    outer loop
      vertex 18.7807 6.12991 0
      vertex 19.561 2.20677 0
      vertex 19.4177 2.17333 0
    endloop
  endfacet
  facet normal 0 0 -1
    outer loop
      vertex 18.3824 6.03704 0
      vertex 19.4177 2.17333 0
      vertex 19.2768 2.13059 0
    endloop
  endfacet
  facet normal 0 0 -1
    outer loop
      vertex 19.7063 2.23075 0
      vertex 19.1842 6.19653 0
      vertex 19.5912 6.23662 0
    endloop
  endfacet
  facet normal 0 0 -1
    outer loop
      vertex 17.991 5.91831 0
      vertex 19.2768 2.13059 0
      vertex 19.139 2.07873 0
    endloop
  endfacet
  facet normal 0 0 -1
    outer loop
      vertex 17.6082 5.77425 0
      vertex 19.139 2.07873 0
      vertex 19.0049 2.01796 0
    endloop
  endfacet
  facet normal 0 0 -1
    outer loop
      vertex 17.2357 5.60545 0
      vertex 19.0049 2.01796 0
      vertex 18.875 1.94856 0
    endloop
  endfacet
  facet normal 0 0 -1
    outer loop
      vertex 19.561 2.20677 0
      vertex 18.7807 6.12991 0
      vertex 19.1842 6.19653 0
    endloop
  endfacet
  facet normal 0 0 -1
    outer loop
      vertex 16.875 5.41266 0
      vertex 18.875 1.94856 0
      vertex 18.75 1.87081 0
    endloop
  endfacet
  facet normal 0 0 -1
    outer loop
      vertex 16.5277 5.19668 0
      vertex 18.75 1.87081 0
      vertex 18.6303 1.78504 0
    endloop
  endfacet
  facet normal 0 0 -1
    outer loop
      vertex 16.1952 4.95846 0
      vertex 18.6303 1.78504 0
      vertex 18.5165 1.69164 0
    endloop
  endfacet
  facet normal 0 0 -1
    outer loop
      vertex 15.8791 4.699 0
      vertex 18.5165 1.69164 0
      vertex 18.409 1.59099 0
    endloop
  endfacet
  facet normal 0 0 -1
    outer loop
      vertex 19.4177 2.17333 0
      vertex 18.3824 6.03704 0
      vertex 18.7807 6.12991 0
    endloop
  endfacet
  facet normal 0 0 -1
    outer loop
      vertex 15.4218 4.2499 0
      vertex 18.409 1.59099 0
      vertex 18.3084 1.48353 0
    endloop
  endfacet
  facet normal 0 0 -1
    outer loop
      vertex 15.4218 4.2499 0
      vertex 18.3084 1.48353 0
      vertex 18.215 1.36971 0
    endloop
  endfacet
  facet normal 0 0 -1
    outer loop
      vertex 15.4218 4.2499 0
      vertex 18.215 1.36971 0
      vertex 18.1292 1.25003 0
    endloop
  endfacet
  facet normal 0 0 -1
    outer loop
      vertex 15.4218 4.2499 0
      vertex 18.1292 1.25003 0
      vertex 18.0514 1.125 0
    endloop
  endfacet
  facet normal 0 0 -1
    outer loop
      vertex 19.2768 2.13059 0
      vertex 17.991 5.91831 0
      vertex 18.3824 6.03704 0
    endloop
  endfacet
  facet normal 0 0 -1
    outer loop
      vertex 15.4218 4.2499 0
      vertex 18.0514 1.125 0
      vertex 17.982 0.995149 0
    endloop
  endfacet
  facet normal 0 0 -1
    outer loop
      vertex 15.4218 4.2499 0
      vertex 17.982 0.995149 0
      vertex 17.9213 0.861037 0
    endloop
  endfacet
  facet normal 0 0 -1
    outer loop
      vertex 15.4218 4.2499 0
      vertex 17.9213 0.861037 0
      vertex 17.8694 0.723238 0
    endloop
  endfacet
  facet normal 0 0 -1
    outer loop
      vertex 15.4218 4.2499 0
      vertex 17.8694 0.723238 0
      vertex 17.8267 0.582342 0
    endloop
  endfacet
  facet normal 0 0 -1
    outer loop
      vertex 15.4218 4.2499 0
      vertex 17.8267 0.582342 0
      vertex 17.7932 0.438952 0
    endloop
  endfacet
  facet normal 0 0 -1
    outer loop
      vertex 17.7548 0.147157 0
      vertex 11.0772 0.724768 0
      vertex 17.7692 0.293683 0
    endloop
  endfacet
  facet normal 0 0 -1
    outer loop
      vertex 11.0772 0.724768 0
      vertex 17.7548 0.147157 0
      vertex 11.1009 0 0
    endloop
  endfacet
  facet normal 0 0 -1
    outer loop
      vertex 19.139 2.07873 0
      vertex 17.6082 5.77425 0
      vertex 17.991 5.91831 0
    endloop
  endfacet
  facet normal 0 0 -1
    outer loop
      vertex 11.1009 0 0
      vertex 17.7548 0.147157 0
      vertex 17.75 0 0
    endloop
  endfacet
  facet normal -0 0 -1
    outer loop
      vertex 17.982 -0.995149 0
      vertex 15.4218 -4.2499 0
      vertex 17.9213 -0.861037 0
    endloop
  endfacet
  facet normal -0 0 -1
    outer loop
      vertex 17.9213 -0.861037 0
      vertex 15.4218 -4.2499 0
      vertex 17.8694 -0.723238 0
    endloop
  endfacet
  facet normal 0 0 -1
    outer loop
      vertex 19.0049 2.01796 0
      vertex 17.2357 5.60545 0
      vertex 17.6082 5.77425 0
    endloop
  endfacet
  facet normal -0 0 -1
    outer loop
      vertex 17.8694 -0.723238 0
      vertex 15.4218 -4.2499 0
      vertex 17.8267 -0.582342 0
    endloop
  endfacet
  facet normal 0 0 -1
    outer loop
      vertex 18.875 1.94856 0
      vertex 16.875 5.41266 0
      vertex 17.2357 5.60545 0
    endloop
  endfacet
  facet normal -0 0 -1
    outer loop
      vertex 17.8267 -0.582342 0
      vertex 15.4218 -4.2499 0
      vertex 17.7932 -0.438952 0
    endloop
  endfacet
  facet normal 0 0 -1
    outer loop
      vertex 18.75 1.87081 0
      vertex 16.5277 5.19668 0
      vertex 16.875 5.41266 0
    endloop
  endfacet
  facet normal 0 0 -1
    outer loop
      vertex 11.0772 -0.726035 0
      vertex 17.7932 -0.438952 0
      vertex 15.4218 -4.2499 0
    endloop
  endfacet
  facet normal 0 0 -1
    outer loop
      vertex 18.6303 1.78504 0
      vertex 16.1952 4.95846 0
      vertex 16.5277 5.19668 0
    endloop
  endfacet
  facet normal -0 0 -1
    outer loop
      vertex 17.7932 -0.438952 0
      vertex 11.0772 -0.726035 0
      vertex 17.7692 -0.293683 0
    endloop
  endfacet
  facet normal 0 0 -1
    outer loop
      vertex 18.5165 1.69164 0
      vertex 15.8791 4.699 0
      vertex 16.1952 4.95846 0
    endloop
  endfacet
  facet normal 0 0 -1
    outer loop
      vertex 11.0772 -0.724768 0
      vertex 17.7692 -0.293683 0
      vertex 11.0772 -0.726035 0
    endloop
  endfacet
  facet normal -0 0 -1
    outer loop
      vertex 17.7692 -0.293683 0
      vertex 11.0772 -0.724768 0
      vertex 17.7548 -0.147157 0
    endloop
  endfacet
  facet normal 0 0 -1
    outer loop
      vertex 18.409 1.59099 0
      vertex 15.4218 4.2499 0
      vertex 15.5806 4.41942 0
    endloop
  endfacet
  facet normal 0 0 -1
    outer loop
      vertex 18.409 1.59099 0
      vertex 15.5806 4.41942 0
      vertex 15.8791 4.699 0
    endloop
  endfacet
  facet normal 0 0 -1
    outer loop
      vertex 10.5122 -3.56707 0
      vertex 15.4218 -4.2499 0
      vertex 15.1509 -5.14303 0
    endloop
  endfacet
  facet normal 0 0 -1
    outer loop
      vertex 11.0772 0.726035 0
      vertex 17.7692 0.293683 0
      vertex 11.0772 0.724768 0
    endloop
  endfacet
  facet normal 0 0 -1
    outer loop
      vertex 10.5114 -3.56946 0
      vertex 15.1509 -5.14303 0
      vertex 14.7821 -6.12293 0
    endloop
  endfacet
  facet normal 0 0 -1
    outer loop
      vertex 17.7692 0.293683 0
      vertex 11.0772 0.726035 0
      vertex 17.7932 0.438952 0
    endloop
  endfacet
  facet normal 0 0 -1
    outer loop
      vertex 10.2559 -4.24814 0
      vertex 14.7821 -6.12293 0
      vertex 14.35 -7.07662 0
    endloop
  endfacet
  facet normal 0 0 -1
    outer loop
      vertex 17.7932 0.438952 0
      vertex 11.0772 0.726035 0
      vertex 15.4218 4.2499 0
    endloop
  endfacet
  facet normal 0 0 -1
    outer loop
      vertex 9.95613 -4.90982 0
      vertex 14.35 -7.07662 0
      vertex 13.8564 -8 0
    endloop
  endfacet
  facet normal 0 0 -1
    outer loop
      vertex 11.077 0.727297 0
      vertex 15.4218 4.2499 0
      vertex 11.0772 0.726035 0
    endloop
  endfacet
  facet normal 0 0 -1
    outer loop
      vertex 9.61302 -5.55154 0
      vertex 13.8564 -8 0
      vertex 13.3035 -8.88912 0
    endloop
  endfacet
  facet normal 0 0 -1
    outer loop
      vertex 11.006 1.44896 0
      vertex 15.4218 4.2499 0
      vertex 11.077 0.727297 0
    endloop
  endfacet
  facet normal 0 0 -1
    outer loop
      vertex 9.23009 -6.16735 0
      vertex 13.3035 -8.88912 0
      vertex 12.6937 -9.74018 0
    endloop
  endfacet
  facet normal 0 0 -1
    outer loop
      vertex 11.0058 1.45021 0
      vertex 15.4218 4.2499 0
      vertex 11.006 1.44896 0
    endloop
  endfacet
  facet normal 0 0 -1
    outer loop
      vertex 8.80616 -6.7588 0
      vertex 12.6937 -9.74018 0
      vertex 12.0294 -10.5495 0
    endloop
  endfacet
  facet normal 0 0 -1
    outer loop
      vertex 10.8876 2.16568 0
      vertex 15.4218 4.2499 0
      vertex 11.0058 1.45021 0
    endloop
  endfacet
  facet normal 0 0 -1
    outer loop
      vertex 8.34526 -7.32028 0
      vertex 12.0294 -10.5495 0
      vertex 11.3137 -11.3137 0
    endloop
  endfacet
  facet normal 0 0 -1
    outer loop
      vertex 10.723 2.8719 0
      vertex 15.4218 4.2499 0
      vertex 10.8876 2.16568 0
    endloop
  endfacet
  facet normal 0 0 -1
    outer loop
      vertex 10.7227 2.87313 0
      vertex 15.4218 4.2499 0
      vertex 10.723 2.8719 0
    endloop
  endfacet
  facet normal 0 0 -1
    outer loop
      vertex 17.7548 -0.147157 0
      vertex 11.1009 0 0
      vertex 17.75 0 0
    endloop
  endfacet
  facet normal 0 -0 -1
    outer loop
      vertex 11.1009 0 0
      vertex 17.7548 -0.147157 0
      vertex 11.0772 -0.724768 0
    endloop
  endfacet
  facet normal 0 0 -1
    outer loop
      vertex 15.4218 -4.2499 0
      vertex 11.077 -0.727297 0
      vertex 11.0772 -0.726035 0
    endloop
  endfacet
  facet normal 0 0 -1
    outer loop
      vertex 15.4218 -4.2499 0
      vertex 11.006 -1.44896 0
      vertex 11.077 -0.727297 0
    endloop
  endfacet
  facet normal 0 0 -1
    outer loop
      vertex 15.4218 -4.2499 0
      vertex 11.0058 -1.45021 0
      vertex 11.006 -1.44896 0
    endloop
  endfacet
  facet normal 0 0 -1
    outer loop
      vertex 15.4218 -4.2499 0
      vertex 10.8876 -2.16568 0
      vertex 11.0058 -1.45021 0
    endloop
  endfacet
  facet normal 0 0 -1
    outer loop
      vertex 15.4218 -4.2499 0
      vertex 10.723 -2.8719 0
      vertex 10.8876 -2.16568 0
    endloop
  endfacet
  facet normal 0 0 -1
    outer loop
      vertex 15.4218 -4.2499 0
      vertex 10.7227 -2.87313 0
      vertex 10.723 -2.8719 0
    endloop
  endfacet
  facet normal 0 0 -1
    outer loop
      vertex 7.84955 -7.84955 0
      vertex 11.3137 -11.3137 0
      vertex 10.5495 -12.0294 0
    endloop
  endfacet
  facet normal 0 0 -1
    outer loop
      vertex 15.4218 -4.2499 0
      vertex 10.5122 -3.56707 0
      vertex 10.7227 -2.87313 0
    endloop
  endfacet
  facet normal 0 0 -1
    outer loop
      vertex 15.1509 -5.14303 0
      vertex 10.5118 -3.56828 0
      vertex 10.5122 -3.56707 0
    endloop
  endfacet
  facet normal 0 0 -1
    outer loop
      vertex 15.1509 -5.14303 0
      vertex 10.5114 -3.56946 0
      vertex 10.5118 -3.56828 0
    endloop
  endfacet
  facet normal 0 0 -1
    outer loop
      vertex 14.7821 -6.12293 0
      vertex 10.2559 -4.24814 0
      vertex 10.5114 -3.56946 0
    endloop
  endfacet
  facet normal 0 0 -1
    outer loop
      vertex 14.35 -7.07662 0
      vertex 9.95665 -4.90866 0
      vertex 10.2559 -4.24814 0
    endloop
  endfacet
  facet normal 0 0 -1
    outer loop
      vertex 14.35 -7.07662 0
      vertex 9.95613 -4.90982 0
      vertex 9.95665 -4.90866 0
    endloop
  endfacet
  facet normal 0 0 -1
    outer loop
      vertex 7.31935 -8.34612 0
      vertex 10.5495 -12.0294 0
      vertex 9.74018 -12.6937 0
    endloop
  endfacet
  facet normal 0 0 -1
    outer loop
      vertex 13.8564 -8 0
      vertex 9.61429 -5.54935 0
      vertex 9.95613 -4.90982 0
    endloop
  endfacet
  facet normal 0 0 -1
    outer loop
      vertex 13.8564 -8 0
      vertex 9.61369 -5.55047 0
      vertex 9.61429 -5.54935 0
    endloop
  endfacet
  facet normal 0 0 -1
    outer loop
      vertex 13.8564 -8 0
      vertex 9.61302 -5.55154 0
      vertex 9.61369 -5.55047 0
    endloop
  endfacet
  facet normal 0 0 -1
    outer loop
      vertex 13.3035 -8.88912 0
      vertex 9.23009 -6.16735 0
      vertex 9.61302 -5.55154 0
    endloop
  endfacet
  facet normal 0 0 -1
    outer loop
      vertex 6.75679 -8.8077 0
      vertex 9.74018 -12.6937 0
      vertex 8.88912 -13.3035 0
    endloop
  endfacet
  facet normal 0 0 -1
    outer loop
      vertex 12.6937 -9.74018 0
      vertex 8.8077 -6.75679 0
      vertex 9.23009 -6.16735 0
    endloop
  endfacet
  facet normal 0 0 -1
    outer loop
      vertex 12.6937 -9.74018 0
      vertex 8.80696 -6.75782 0
      vertex 8.8077 -6.75679 0
    endloop
  endfacet
  facet normal 0 0 -1
    outer loop
      vertex 12.6937 -9.74018 0
      vertex 8.80616 -6.7588 0
      vertex 8.80696 -6.75782 0
    endloop
  endfacet
  facet normal 0 0 -1
    outer loop
      vertex 12.0294 -10.5495 0
      vertex 8.34612 -7.31935 0
      vertex 8.80616 -6.7588 0
    endloop
  endfacet
  facet normal 0 0 -1
    outer loop
      vertex 12.0294 -10.5495 0
      vertex 8.34526 -7.32028 0
      vertex 8.34612 -7.31935 0
    endloop
  endfacet
  facet normal 0 0 -1
    outer loop
      vertex 6.16735 -9.23009 0
      vertex 8.88912 -13.3035 0
      vertex 8 -13.8564 0
    endloop
  endfacet
  facet normal 0 0 -1
    outer loop
      vertex 11.3137 -11.3137 0
      vertex 7.84955 -7.84955 0
      vertex 8.34526 -7.32028 0
    endloop
  endfacet
  facet normal 0 0 -1
    outer loop
      vertex 10.5495 -12.0294 0
      vertex 7.32028 -8.34526 0
      vertex 7.84955 -7.84955 0
    endloop
  endfacet
  facet normal 0 0 -1
    outer loop
      vertex 10.5495 -12.0294 0
      vertex 7.31935 -8.34612 0
      vertex 7.32028 -8.34526 0
    endloop
  endfacet
  facet normal 0 0 -1
    outer loop
      vertex 5.54935 -9.61429 0
      vertex 8 -13.8564 0
      vertex 7.07662 -14.35 0
    endloop
  endfacet
  facet normal 0 0 -1
    outer loop
      vertex 9.74018 -12.6937 0
      vertex 6.7588 -8.80616 0
      vertex 7.31935 -8.34612 0
    endloop
  endfacet
  facet normal 0 0 -1
    outer loop
      vertex 9.74018 -12.6937 0
      vertex 6.75782 -8.80696 0
      vertex 6.7588 -8.80616 0
    endloop
  endfacet
  facet normal 0 0 -1
    outer loop
      vertex 9.74018 -12.6937 0
      vertex 6.75679 -8.8077 0
      vertex 6.75782 -8.80696 0
    endloop
  endfacet
  facet normal 0 0 -1
    outer loop
      vertex 8.88912 -13.3035 0
      vertex 6.16735 -9.23009 0
      vertex 6.75679 -8.8077 0
    endloop
  endfacet
  facet normal 0 0 -1
    outer loop
      vertex 4.90866 -9.95665 0
      vertex 7.07662 -14.35 0
      vertex 6.12293 -14.7821 0
    endloop
  endfacet
  facet normal 0 0 -1
    outer loop
      vertex 8 -13.8564 0
      vertex 5.55154 -9.61302 0
      vertex 6.16735 -9.23009 0
    endloop
  endfacet
  facet normal 0 0 -1
    outer loop
      vertex 8 -13.8564 0
      vertex 5.55047 -9.61369 0
      vertex 5.55154 -9.61302 0
    endloop
  endfacet
  facet normal 0 0 -1
    outer loop
      vertex 8 -13.8564 0
      vertex 5.54935 -9.61429 0
      vertex 5.55047 -9.61369 0
    endloop
  endfacet
  facet normal 0 0 -1
    outer loop
      vertex 4.24814 -10.2559 0
      vertex 6.12293 -14.7821 0
      vertex 5.14303 -15.1509 0
    endloop
  endfacet
  facet normal 0 0 -1
    outer loop
      vertex 7.07662 -14.35 0
      vertex 4.90982 -9.95613 0
      vertex 5.54935 -9.61429 0
    endloop
  endfacet
  facet normal 0 0 -1
    outer loop
      vertex 7.07662 -14.35 0
      vertex 4.90866 -9.95665 0
      vertex 4.90982 -9.95613 0
    endloop
  endfacet
  facet normal 0 0 -1
    outer loop
      vertex 6.12293 -14.7821 0
      vertex 4.24814 -10.2559 0
      vertex 4.90866 -9.95665 0
    endloop
  endfacet
  facet normal 0 0 -1
    outer loop
      vertex 3.56707 -10.5122 0
      vertex 5.14303 -15.1509 0
      vertex 4.1411 -15.4548 0
    endloop
  endfacet
  facet normal 0 0 -1
    outer loop
      vertex 5.14303 -15.1509 0
      vertex 3.56946 -10.5114 0
      vertex 4.24814 -10.2559 0
    endloop
  endfacet
  facet normal 0 0 -1
    outer loop
      vertex 5.14303 -15.1509 0
      vertex 3.56828 -10.5118 0
      vertex 3.56946 -10.5114 0
    endloop
  endfacet
  facet normal 0 0 -1
    outer loop
      vertex 5.14303 -15.1509 0
      vertex 3.56707 -10.5122 0
      vertex 3.56828 -10.5118 0
    endloop
  endfacet
  facet normal 0 0 -1
    outer loop
      vertex 2.8719 -10.723 0
      vertex 4.1411 -15.4548 0
      vertex 3.12144 -15.6926 0
    endloop
  endfacet
  facet normal 0 0 -1
    outer loop
      vertex 4.1411 -15.4548 0
      vertex 2.87313 -10.7227 0
      vertex 3.56707 -10.5122 0
    endloop
  endfacet
  facet normal 0 0 -1
    outer loop
      vertex 4.1411 -15.4548 0
      vertex 2.8719 -10.723 0
      vertex 2.87313 -10.7227 0
    endloop
  endfacet
  facet normal 0 0 -1
    outer loop
      vertex 3.12144 -15.6926 0
      vertex 2.16568 -10.8876 0
      vertex 2.8719 -10.723 0
    endloop
  endfacet
  facet normal 0 0 -1
    outer loop
      vertex 2.08842 -15.8631 0
      vertex 2.16568 -10.8876 0
      vertex 3.12144 -15.6926 0
    endloop
  endfacet
  facet normal 0 0 -1
    outer loop
      vertex 2.08842 -15.8631 0
      vertex 1.45021 -11.0058 0
      vertex 2.16568 -10.8876 0
    endloop
  endfacet
  facet normal 0 0 -1
    outer loop
      vertex 2.08842 -15.8631 0
      vertex 1.44896 -11.006 0
      vertex 1.45021 -11.0058 0
    endloop
  endfacet
  facet normal 0 0 -1
    outer loop
      vertex 1.04645 -15.9657 0
      vertex 1.44896 -11.006 0
      vertex 2.08842 -15.8631 0
    endloop
  endfacet
  facet normal 0 0 -1
    outer loop
      vertex 1.04645 -15.9657 0
      vertex 0.727297 -11.077 0
      vertex 1.44896 -11.006 0
    endloop
  endfacet
  facet normal 0 0 -1
    outer loop
      vertex 1.04645 -15.9657 0
      vertex 0.726035 -11.0772 0
      vertex 0.727297 -11.077 0
    endloop
  endfacet
  facet normal 0 0 -1
    outer loop
      vertex 1.04645 -15.9657 0
      vertex 0.724768 -11.0772 0
      vertex 0.726035 -11.0772 0
    endloop
  endfacet
  facet normal 0 0 -1
    outer loop
      vertex 0 -16 0
      vertex 0.724768 -11.0772 0
      vertex 1.04645 -15.9657 0
    endloop
  endfacet
  facet normal 0 0 -1
    outer loop
      vertex 0 -16 0
      vertex 0 -11.1009 0
      vertex 0.724768 -11.0772 0
    endloop
  endfacet
  facet normal 0 0 -1
    outer loop
      vertex 0 -16 0
      vertex -0.724768 -11.0772 0
      vertex 0 -11.1009 0
    endloop
  endfacet
  facet normal 0 0 -1
    outer loop
      vertex -1.04645 -15.9657 0
      vertex -0.724768 -11.0772 0
      vertex 0 -16 0
    endloop
  endfacet
  facet normal -0 0 -1
    outer loop
      vertex -0.724768 -11.0772 0
      vertex -1.04645 -15.9657 0
      vertex -0.726035 -11.0772 0
    endloop
  endfacet
  facet normal -0 0 -1
    outer loop
      vertex -0.726035 -11.0772 0
      vertex -1.04645 -15.9657 0
      vertex -0.727297 -11.077 0
    endloop
  endfacet
  facet normal 0 0 -1
    outer loop
      vertex -1.04645 -15.9657 0
      vertex -1.44896 -11.006 0
      vertex -0.727297 -11.077 0
    endloop
  endfacet
  facet normal 0 0 -1
    outer loop
      vertex -2.08842 -15.8631 0
      vertex -1.44896 -11.006 0
      vertex -1.04645 -15.9657 0
    endloop
  endfacet
  facet normal -0 0 -1
    outer loop
      vertex -1.44896 -11.006 0
      vertex -2.08842 -15.8631 0
      vertex -1.45021 -11.0058 0
    endloop
  endfacet
  facet normal 0 0 -1
    outer loop
      vertex -2.08842 -15.8631 0
      vertex -2.16568 -10.8876 0
      vertex -1.45021 -11.0058 0
    endloop
  endfacet
  facet normal 0 0 -1
    outer loop
      vertex -3.12144 -15.6926 0
      vertex -2.16568 -10.8876 0
      vertex -2.08842 -15.8631 0
    endloop
  endfacet
  facet normal -0 0 -1
    outer loop
      vertex -2.16568 -10.8876 0
      vertex -3.12144 -15.6926 0
      vertex -2.8719 -10.723 0
    endloop
  endfacet
  facet normal 0 0 -1
    outer loop
      vertex -4.1411 -15.4548 0
      vertex -2.8719 -10.723 0
      vertex -3.12144 -15.6926 0
    endloop
  endfacet
  facet normal -0 0 -1
    outer loop
      vertex -2.8719 -10.723 0
      vertex -4.1411 -15.4548 0
      vertex -2.87313 -10.7227 0
    endloop
  endfacet
  facet normal -0 0 -1
    outer loop
      vertex -2.87313 -10.7227 0
      vertex -4.1411 -15.4548 0
      vertex -3.56707 -10.5122 0
    endloop
  endfacet
  facet normal 0 0 -1
    outer loop
      vertex -5.14303 -15.1509 0
      vertex -3.56707 -10.5122 0
      vertex -4.1411 -15.4548 0
    endloop
  endfacet
  facet normal -0 0 -1
    outer loop
      vertex -3.56707 -10.5122 0
      vertex -5.14303 -15.1509 0
      vertex -3.56828 -10.5118 0
    endloop
  endfacet
  facet normal -0 0 -1
    outer loop
      vertex -3.56828 -10.5118 0
      vertex -5.14303 -15.1509 0
      vertex -3.56946 -10.5114 0
    endloop
  endfacet
  facet normal -0 0 -1
    outer loop
      vertex -3.56946 -10.5114 0
      vertex -5.14303 -15.1509 0
      vertex -4.24814 -10.2559 0
    endloop
  endfacet
  facet normal 0 0 -1
    outer loop
      vertex -6.12293 -14.7821 0
      vertex -4.24814 -10.2559 0
      vertex -5.14303 -15.1509 0
    endloop
  endfacet
  facet normal -0 0 -1
    outer loop
      vertex -4.24814 -10.2559 0
      vertex -6.12293 -14.7821 0
      vertex -4.90866 -9.95665 0
    endloop
  endfacet
  facet normal 0 0 -1
    outer loop
      vertex -7.07662 -14.35 0
      vertex -4.90866 -9.95665 0
      vertex -6.12293 -14.7821 0
    endloop
  endfacet
  facet normal -0 0 -1
    outer loop
      vertex -4.90866 -9.95665 0
      vertex -7.07662 -14.35 0
      vertex -4.90982 -9.95613 0
    endloop
  endfacet
  facet normal -0 0 -1
    outer loop
      vertex -4.90982 -9.95613 0
      vertex -7.07662 -14.35 0
      vertex -5.54935 -9.61429 0
    endloop
  endfacet
  facet normal 0 0 -1
    outer loop
      vertex -8 -13.8564 0
      vertex -5.54935 -9.61429 0
      vertex -7.07662 -14.35 0
    endloop
  endfacet
  facet normal -0 0 -1
    outer loop
      vertex -5.54935 -9.61429 0
      vertex -8 -13.8564 0
      vertex -5.55047 -9.61369 0
    endloop
  endfacet
  facet normal -0 0 -1
    outer loop
      vertex -5.55047 -9.61369 0
      vertex -8 -13.8564 0
      vertex -5.55154 -9.61302 0
    endloop
  endfacet
  facet normal -0 0 -1
    outer loop
      vertex -5.55154 -9.61302 0
      vertex -8 -13.8564 0
      vertex -6.16735 -9.23009 0
    endloop
  endfacet
  facet normal 0 0 -1
    outer loop
      vertex -8.88912 -13.3035 0
      vertex -6.16735 -9.23009 0
      vertex -8 -13.8564 0
    endloop
  endfacet
  facet normal -0 0 -1
    outer loop
      vertex -6.16735 -9.23009 0
      vertex -8.88912 -13.3035 0
      vertex -6.75679 -8.8077 0
    endloop
  endfacet
  facet normal 0 0 -1
    outer loop
      vertex -9.74018 -12.6937 0
      vertex -6.75679 -8.8077 0
      vertex -8.88912 -13.3035 0
    endloop
  endfacet
  facet normal -0 0 -1
    outer loop
      vertex -6.75679 -8.8077 0
      vertex -9.74018 -12.6937 0
      vertex -6.75782 -8.80696 0
    endloop
  endfacet
  facet normal -0 0 -1
    outer loop
      vertex -6.75782 -8.80696 0
      vertex -9.74018 -12.6937 0
      vertex -6.7588 -8.80616 0
    endloop
  endfacet
  facet normal -0 0 -1
    outer loop
      vertex -6.7588 -8.80616 0
      vertex -9.74018 -12.6937 0
      vertex -7.31935 -8.34612 0
    endloop
  endfacet
  facet normal 0 0 -1
    outer loop
      vertex -10.5495 -12.0294 0
      vertex -7.31935 -8.34612 0
      vertex -9.74018 -12.6937 0
    endloop
  endfacet
  facet normal -0 0 -1
    outer loop
      vertex -7.31935 -8.34612 0
      vertex -10.5495 -12.0294 0
      vertex -7.32028 -8.34526 0
    endloop
  endfacet
  facet normal -0 0 -1
    outer loop
      vertex -7.32028 -8.34526 0
      vertex -10.5495 -12.0294 0
      vertex -7.84955 -7.84955 0
    endloop
  endfacet
  facet normal 0 0 -1
    outer loop
      vertex -11.3137 -11.3137 0
      vertex -7.84955 -7.84955 0
      vertex -10.5495 -12.0294 0
    endloop
  endfacet
  facet normal -0 0 -1
    outer loop
      vertex -7.84955 -7.84955 0
      vertex -11.3137 -11.3137 0
      vertex -8.34526 -7.32028 0
    endloop
  endfacet
  facet normal 0 0 -1
    outer loop
      vertex -12.0294 -10.5495 0
      vertex -8.34526 -7.32028 0
      vertex -11.3137 -11.3137 0
    endloop
  endfacet
  facet normal -0 0 -1
    outer loop
      vertex -8.34526 -7.32028 0
      vertex -12.0294 -10.5495 0
      vertex -8.34612 -7.31935 0
    endloop
  endfacet
  facet normal -0 0 -1
    outer loop
      vertex -8.34612 -7.31935 0
      vertex -12.0294 -10.5495 0
      vertex -8.80616 -6.7588 0
    endloop
  endfacet
  facet normal 0 0 -1
    outer loop
      vertex -12.6937 -9.74018 0
      vertex -8.80616 -6.7588 0
      vertex -12.0294 -10.5495 0
    endloop
  endfacet
  facet normal -0 0 -1
    outer loop
      vertex -8.80616 -6.7588 0
      vertex -12.6937 -9.74018 0
      vertex -8.80696 -6.75782 0
    endloop
  endfacet
  facet normal -0 0 -1
    outer loop
      vertex -8.80696 -6.75782 0
      vertex -12.6937 -9.74018 0
      vertex -8.8077 -6.75679 0
    endloop
  endfacet
  facet normal -0 0 -1
    outer loop
      vertex -8.8077 -6.75679 0
      vertex -12.6937 -9.74018 0
      vertex -9.23009 -6.16735 0
    endloop
  endfacet
  facet normal 0 0 -1
    outer loop
      vertex -13.3035 -8.88912 0
      vertex -9.23009 -6.16735 0
      vertex -12.6937 -9.74018 0
    endloop
  endfacet
  facet normal -0 0 -1
    outer loop
      vertex -9.23009 -6.16735 0
      vertex -13.3035 -8.88912 0
      vertex -9.61302 -5.55154 0
    endloop
  endfacet
  facet normal 0 0 -1
    outer loop
      vertex -13.8564 -8 0
      vertex -9.61302 -5.55154 0
      vertex -13.3035 -8.88912 0
    endloop
  endfacet
  facet normal -0 0 -1
    outer loop
      vertex -9.61302 -5.55154 0
      vertex -13.8564 -8 0
      vertex -9.61369 -5.55047 0
    endloop
  endfacet
  facet normal -0 0 -1
    outer loop
      vertex -9.61369 -5.55047 0
      vertex -13.8564 -8 0
      vertex -9.61429 -5.54935 0
    endloop
  endfacet
  facet normal -0 0 -1
    outer loop
      vertex -9.61429 -5.54935 0
      vertex -13.8564 -8 0
      vertex -9.95613 -4.90982 0
    endloop
  endfacet
  facet normal 0 0 -1
    outer loop
      vertex -14.35 -7.07662 0
      vertex -9.95613 -4.90982 0
      vertex -13.8564 -8 0
    endloop
  endfacet
  facet normal -0 0 -1
    outer loop
      vertex -9.95613 -4.90982 0
      vertex -14.35 -7.07662 0
      vertex -9.95665 -4.90866 0
    endloop
  endfacet
  facet normal -0 0 -1
    outer loop
      vertex -9.95665 -4.90866 0
      vertex -14.35 -7.07662 0
      vertex -10.2559 -4.24814 0
    endloop
  endfacet
  facet normal 0 0 -1
    outer loop
      vertex -14.7821 -6.12293 0
      vertex -10.2559 -4.24814 0
      vertex -14.35 -7.07662 0
    endloop
  endfacet
  facet normal -0 0 -1
    outer loop
      vertex -10.2559 -4.24814 0
      vertex -14.7821 -6.12293 0
      vertex -10.5114 -3.56946 0
    endloop
  endfacet
  facet normal 0 0 -1
    outer loop
      vertex -15.1509 -5.14303 0
      vertex -10.5114 -3.56946 0
      vertex -14.7821 -6.12293 0
    endloop
  endfacet
  facet normal -0 0 -1
    outer loop
      vertex -10.5114 -3.56946 0
      vertex -15.1509 -5.14303 0
      vertex -10.5118 -3.56828 0
    endloop
  endfacet
  facet normal 0 0 -1
    outer loop
      vertex -11.0772 -0.726035 0
      vertex -11.1009 0 0
      vertex -11.0772 -0.724768 0
    endloop
  endfacet
  facet normal 0 0 -1
    outer loop
      vertex -15.4218 -4.2499 0
      vertex -10.5122 -3.56707 0
      vertex -15.1509 -5.14303 0
    endloop
  endfacet
  facet normal -0 0 -1
    outer loop
      vertex -10.5118 -3.56828 0
      vertex -15.1509 -5.14303 0
      vertex -10.5122 -3.56707 0
    endloop
  endfacet
  facet normal -0.910948 -0.412522 0
    outer loop
      vertex -25.6055 -2.7643 0
      vertex -25.7742 -2.39177 6
      vertex -25.7742 -2.39177 0
    endloop
  endfacet
  facet normal -0.910948 -0.412522 0
    outer loop
      vertex -25.7742 -2.39177 6
      vertex -25.6055 -2.7643 0
      vertex -25.6055 -2.7643 6
    endloop
  endfacet
  facet normal -0.729846 -0.683612 0
    outer loop
      vertex -24.4194 -4.41942 0
      vertex -24.699 -4.12091 6
      vertex -24.699 -4.12091 0
    endloop
  endfacet
  facet normal -0.729846 -0.683612 0
    outer loop
      vertex -24.699 -4.12091 6
      vertex -24.4194 -4.41942 0
      vertex -24.4194 -4.41942 6
    endloop
  endfacet
  facet normal 0.634457 0.772958 -0
    outer loop
      vertex -15.8791 4.699 0
      vertex -16.1952 4.95846 6
      vertex -15.8791 4.699 6
    endloop
  endfacet
  facet normal 0.634457 0.772958 0
    outer loop
      vertex -16.1952 4.95846 6
      vertex -15.8791 4.699 0
      vertex -16.1952 4.95846 0
    endloop
  endfacet
  facet normal 0.471381 0.88193 -0
    outer loop
      vertex -16.875 5.41266 0
      vertex -17.2357 5.60545 6
      vertex -16.875 5.41266 6
    endloop
  endfacet
  facet normal 0.471381 0.88193 0
    outer loop
      vertex -17.2357 5.60545 6
      vertex -16.875 5.41266 0
      vertex -17.2357 5.60545 0
    endloop
  endfacet
  facet normal 0.528094 0.849186 -0
    outer loop
      vertex -16.5277 5.19668 0
      vertex -16.875 5.41266 6
      vertex -16.5277 5.19668 6
    endloop
  endfacet
  facet normal 0.528094 0.849186 0
    outer loop
      vertex -16.875 5.41266 6
      vertex -16.5277 5.19668 0
      vertex -16.875 5.41266 0
    endloop
  endfacet
  facet normal 0.0980268 0.995184 -0
    outer loop
      vertex -19.1842 6.19653 0
      vertex -19.5912 6.23662 6
      vertex -19.1842 6.19653 6
    endloop
  endfacet
  facet normal 0.0980268 0.995184 0
    outer loop
      vertex -19.5912 6.23662 6
      vertex -19.1842 6.19653 0
      vertex -19.5912 6.23662 0
    endloop
  endfacet
  facet normal 0.290285 0.95694 -0
    outer loop
      vertex -17.991 5.91831 0
      vertex -18.3824 6.03704 6
      vertex -17.991 5.91831 6
    endloop
  endfacet
  facet normal 0.290285 0.95694 0
    outer loop
      vertex -18.3824 6.03704 6
      vertex -17.991 5.91831 0
      vertex -18.3824 6.03704 0
    endloop
  endfacet
  facet normal -0.995182 0.0980465 0
    outer loop
      vertex -26.2366 0.408769 0
      vertex -26.1965 0.815788 6
      vertex -26.1965 0.815788 0
    endloop
  endfacet
  facet normal -0.995182 0.0980465 0
    outer loop
      vertex -26.1965 0.815788 6
      vertex -26.2366 0.408769 0
      vertex -26.2366 0.408769 6
    endloop
  endfacet
  facet normal -0 0 1
    outer loop
      vertex -18.0514 -1.125 6
      vertex -15.4218 -4.2499 6
      vertex -17.982 -0.995149 6
    endloop
  endfacet
  facet normal -0 0 1
    outer loop
      vertex -18.1292 -1.25003 6
      vertex -15.4218 -4.2499 6
      vertex -18.0514 -1.125 6
    endloop
  endfacet
  facet normal -0 0 1
    outer loop
      vertex -18.215 -1.36971 6
      vertex -15.4218 -4.2499 6
      vertex -18.1292 -1.25003 6
    endloop
  endfacet
  facet normal -0 0 1
    outer loop
      vertex -18.3084 -1.48353 6
      vertex -15.4218 -4.2499 6
      vertex -18.215 -1.36971 6
    endloop
  endfacet
  facet normal -0 0 1
    outer loop
      vertex -18.409 -1.59099 6
      vertex -15.4218 -4.2499 6
      vertex -18.3084 -1.48353 6
    endloop
  endfacet
  facet normal 0 0 1
    outer loop
      vertex -15.4218 -4.2499 6
      vertex -18.409 -1.59099 6
      vertex -15.5806 -4.41942 6
    endloop
  endfacet
  facet normal 0 0 1
    outer loop
      vertex -15.5806 -4.41942 6
      vertex -18.409 -1.59099 6
      vertex -15.8791 -4.699 6
    endloop
  endfacet
  facet normal -0 0 1
    outer loop
      vertex -18.5165 -1.69164 6
      vertex -15.8791 -4.699 6
      vertex -18.409 -1.59099 6
    endloop
  endfacet
  facet normal 0 0 1
    outer loop
      vertex -15.8791 -4.699 6
      vertex -18.5165 -1.69164 6
      vertex -16.1952 -4.95846 6
    endloop
  endfacet
  facet normal -0 0 1
    outer loop
      vertex -18.6303 -1.78504 6
      vertex -16.1952 -4.95846 6
      vertex -18.5165 -1.69164 6
    endloop
  endfacet
  facet normal 0 0 1
    outer loop
      vertex -16.1952 -4.95846 6
      vertex -18.6303 -1.78504 6
      vertex -16.5277 -5.19668 6
    endloop
  endfacet
  facet normal -0 0 1
    outer loop
      vertex -18.75 -1.87081 6
      vertex -16.5277 -5.19668 6
      vertex -18.6303 -1.78504 6
    endloop
  endfacet
  facet normal 0 0 1
    outer loop
      vertex -16.5277 -5.19668 6
      vertex -18.75 -1.87081 6
      vertex -16.875 -5.41266 6
    endloop
  endfacet
  facet normal -0 0 1
    outer loop
      vertex -18.875 -1.94856 6
      vertex -16.875 -5.41266 6
      vertex -18.75 -1.87081 6
    endloop
  endfacet
  facet normal 0 0 1
    outer loop
      vertex -16.875 -5.41266 6
      vertex -18.875 -1.94856 6
      vertex -17.2357 -5.60545 6
    endloop
  endfacet
  facet normal -0 0 1
    outer loop
      vertex -19.0049 -2.01796 6
      vertex -17.2357 -5.60545 6
      vertex -18.875 -1.94856 6
    endloop
  endfacet
  facet normal 0 0 1
    outer loop
      vertex -17.2357 -5.60545 6
      vertex -19.0049 -2.01796 6
      vertex -17.6082 -5.77425 6
    endloop
  endfacet
  facet normal -0 0 1
    outer loop
      vertex -19.139 -2.07873 6
      vertex -17.6082 -5.77425 6
      vertex -19.0049 -2.01796 6
    endloop
  endfacet
  facet normal 0 0 1
    outer loop
      vertex -17.6082 -5.77425 6
      vertex -19.139 -2.07873 6
      vertex -17.991 -5.91831 6
    endloop
  endfacet
  facet normal -0 0 1
    outer loop
      vertex -19.2768 -2.13059 6
      vertex -17.991 -5.91831 6
      vertex -19.139 -2.07873 6
    endloop
  endfacet
  facet normal 0 0 1
    outer loop
      vertex -17.991 -5.91831 6
      vertex -19.2768 -2.13059 6
      vertex -18.3824 -6.03704 6
    endloop
  endfacet
  facet normal -0 0 1
    outer loop
      vertex -19.4177 -2.17333 6
      vertex -18.3824 -6.03704 6
      vertex -19.2768 -2.13059 6
    endloop
  endfacet
  facet normal 0 0 1
    outer loop
      vertex -18.3824 -6.03704 6
      vertex -19.4177 -2.17333 6
      vertex -18.7807 -6.12991 6
    endloop
  endfacet
  facet normal -0 0 1
    outer loop
      vertex -19.561 -2.20677 6
      vertex -18.7807 -6.12991 6
      vertex -19.4177 -2.17333 6
    endloop
  endfacet
  facet normal 0 0 1
    outer loop
      vertex -18.7807 -6.12991 6
      vertex -19.561 -2.20677 6
      vertex -19.1842 -6.19653 6
    endloop
  endfacet
  facet normal -0 0 1
    outer loop
      vertex -19.7063 -2.23075 6
      vertex -19.1842 -6.19653 6
      vertex -19.561 -2.20677 6
    endloop
  endfacet
  facet normal 0 0 1
    outer loop
      vertex -19.1842 -6.19653 6
      vertex -19.7063 -2.23075 6
      vertex -19.5912 -6.23662 6
    endloop
  endfacet
  facet normal -0 0 1
    outer loop
      vertex -19.8528 -2.24518 6
      vertex -19.5912 -6.23662 6
      vertex -19.7063 -2.23075 6
    endloop
  endfacet
  facet normal -0 0 1
    outer loop
      vertex -20 -2.25 6
      vertex -19.5912 -6.23662 6
      vertex -19.8528 -2.24518 6
    endloop
  endfacet
  facet normal 0 0 1
    outer loop
      vertex -20 -2.25 6
      vertex -20 -6.25 6
      vertex -19.5912 -6.23662 6
    endloop
  endfacet
  facet normal 0 0 1
    outer loop
      vertex -20.1472 -2.24518 6
      vertex -20 -6.25 6
      vertex -20 -2.25 6
    endloop
  endfacet
  facet normal 0 0 1
    outer loop
      vertex -20.4088 -6.23662 6
      vertex -20.1472 -2.24518 6
      vertex -20.2937 -2.23075 6
    endloop
  endfacet
  facet normal 0 0 1
    outer loop
      vertex -20.1472 -2.24518 6
      vertex -20.4088 -6.23662 6
      vertex -20 -6.25 6
    endloop
  endfacet
  facet normal 0 0 1
    outer loop
      vertex -20.8158 -6.19653 6
      vertex -20.2937 -2.23075 6
      vertex -20.439 -2.20677 6
    endloop
  endfacet
  facet normal 0 0 1
    outer loop
      vertex -21.2193 -6.12991 6
      vertex -20.439 -2.20677 6
      vertex -20.5823 -2.17333 6
    endloop
  endfacet
  facet normal 0 0 1
    outer loop
      vertex -21.6176 -6.03704 6
      vertex -20.5823 -2.17333 6
      vertex -20.7232 -2.13059 6
    endloop
  endfacet
  facet normal 0 0 1
    outer loop
      vertex -20.2937 -2.23075 6
      vertex -20.8158 -6.19653 6
      vertex -20.4088 -6.23662 6
    endloop
  endfacet
  facet normal 0 0 1
    outer loop
      vertex -22.009 -5.91831 6
      vertex -20.7232 -2.13059 6
      vertex -20.861 -2.07873 6
    endloop
  endfacet
  facet normal 0 0 1
    outer loop
      vertex -22.3918 -5.77425 6
      vertex -20.861 -2.07873 6
      vertex -20.9951 -2.01796 6
    endloop
  endfacet
  facet normal 0 0 1
    outer loop
      vertex -22.7643 -5.60545 6
      vertex -20.9951 -2.01796 6
      vertex -21.125 -1.94856 6
    endloop
  endfacet
  facet normal 0 0 1
    outer loop
      vertex -20.439 -2.20677 6
      vertex -21.2193 -6.12991 6
      vertex -20.8158 -6.19653 6
    endloop
  endfacet
  facet normal 0 0 1
    outer loop
      vertex -23.125 -5.41266 6
      vertex -21.125 -1.94856 6
      vertex -21.25 -1.87081 6
    endloop
  endfacet
  facet normal 0 0 1
    outer loop
      vertex -23.4723 -5.19668 6
      vertex -21.25 -1.87081 6
      vertex -21.3697 -1.78504 6
    endloop
  endfacet
  facet normal 0 0 1
    outer loop
      vertex -23.8048 -4.95846 6
      vertex -21.3697 -1.78504 6
      vertex -21.4835 -1.69164 6
    endloop
  endfacet
  facet normal 0 0 1
    outer loop
      vertex -24.1209 -4.699 6
      vertex -21.4835 -1.69164 6
      vertex -21.591 -1.59099 6
    endloop
  endfacet
  facet normal 0 0 1
    outer loop
      vertex -20.5823 -2.17333 6
      vertex -21.6176 -6.03704 6
      vertex -21.2193 -6.12991 6
    endloop
  endfacet
  facet normal 0 0 1
    outer loop
      vertex -24.4194 -4.41942 6
      vertex -21.591 -1.59099 6
      vertex -21.6916 -1.48353 6
    endloop
  endfacet
  facet normal 0 0 1
    outer loop
      vertex -24.699 -4.12091 6
      vertex -21.6916 -1.48353 6
      vertex -21.785 -1.36971 6
    endloop
  endfacet
  facet normal 0 0 1
    outer loop
      vertex -24.9585 -3.80476 6
      vertex -21.785 -1.36971 6
      vertex -21.8708 -1.25003 6
    endloop
  endfacet
  facet normal 0 0 1
    outer loop
      vertex -25.1967 -3.47231 6
      vertex -21.8708 -1.25003 6
      vertex -21.9486 -1.125 6
    endloop
  endfacet
  facet normal 0 0 1
    outer loop
      vertex -20.7232 -2.13059 6
      vertex -22.009 -5.91831 6
      vertex -21.6176 -6.03704 6
    endloop
  endfacet
  facet normal 0 0 1
    outer loop
      vertex -25.4127 -3.125 6
      vertex -21.9486 -1.125 6
      vertex -22.018 -0.995149 6
    endloop
  endfacet
  facet normal 0 0 1
    outer loop
      vertex -25.6055 -2.7643 6
      vertex -22.018 -0.995149 6
      vertex -22.0787 -0.861037 6
    endloop
  endfacet
  facet normal 0 0 1
    outer loop
      vertex -25.7742 -2.39177 6
      vertex -22.0787 -0.861037 6
      vertex -22.1306 -0.723238 6
    endloop
  endfacet
  facet normal 0 0 1
    outer loop
      vertex -25.9183 -2.009 6
      vertex -22.1306 -0.723238 6
      vertex -22.1733 -0.582342 6
    endloop
  endfacet
  facet normal 0 0 1
    outer loop
      vertex -26.037 -1.61762 6
      vertex -22.1733 -0.582342 6
      vertex -22.2068 -0.438952 6
    endloop
  endfacet
  facet normal 0 0 1
    outer loop
      vertex -26.1299 -1.21931 6
      vertex -22.2068 -0.438952 6
      vertex -22.2308 -0.293683 6
    endloop
  endfacet
  facet normal 0 0 1
    outer loop
      vertex -26.1965 -0.815788 6
      vertex -22.2308 -0.293683 6
      vertex -22.2452 -0.147157 6
    endloop
  endfacet
  facet normal 0 0 1
    outer loop
      vertex -20.861 -2.07873 6
      vertex -22.3918 -5.77425 6
      vertex -22.009 -5.91831 6
    endloop
  endfacet
  facet normal 0 0 1
    outer loop
      vertex -26.2366 -0.408769 6
      vertex -22.2452 -0.147157 6
      vertex -22.25 0 6
    endloop
  endfacet
  facet normal 0 0 1
    outer loop
      vertex -21.8708 1.25003 6
      vertex -25.1967 3.47231 6
      vertex -21.9486 1.125 6
    endloop
  endfacet
  facet normal -0 0 1
    outer loop
      vertex -25.4127 3.125 6
      vertex -21.9486 1.125 6
      vertex -25.1967 3.47231 6
    endloop
  endfacet
  facet normal 0 0 1
    outer loop
      vertex -20.9951 -2.01796 6
      vertex -22.7643 -5.60545 6
      vertex -22.3918 -5.77425 6
    endloop
  endfacet
  facet normal 0 0 1
    outer loop
      vertex -21.9486 1.125 6
      vertex -25.4127 3.125 6
      vertex -22.018 0.995149 6
    endloop
  endfacet
  facet normal 0 0 1
    outer loop
      vertex -21.125 -1.94856 6
      vertex -23.125 -5.41266 6
      vertex -22.7643 -5.60545 6
    endloop
  endfacet
  facet normal -0 0 1
    outer loop
      vertex -25.6055 2.7643 6
      vertex -22.018 0.995149 6
      vertex -25.4127 3.125 6
    endloop
  endfacet
  facet normal 0 0 1
    outer loop
      vertex -21.25 -1.87081 6
      vertex -23.4723 -5.19668 6
      vertex -23.125 -5.41266 6
    endloop
  endfacet
  facet normal 0 0 1
    outer loop
      vertex -22.018 0.995149 6
      vertex -25.6055 2.7643 6
      vertex -22.0787 0.861037 6
    endloop
  endfacet
  facet normal 0 0 1
    outer loop
      vertex -21.3697 -1.78504 6
      vertex -23.8048 -4.95846 6
      vertex -23.4723 -5.19668 6
    endloop
  endfacet
  facet normal -0 0 1
    outer loop
      vertex -25.7742 2.39177 6
      vertex -22.0787 0.861037 6
      vertex -25.6055 2.7643 6
    endloop
  endfacet
  facet normal 0 0 1
    outer loop
      vertex -21.4835 -1.69164 6
      vertex -24.1209 -4.699 6
      vertex -23.8048 -4.95846 6
    endloop
  endfacet
  facet normal 0 0 1
    outer loop
      vertex -22.0787 0.861037 6
      vertex -25.7742 2.39177 6
      vertex -22.1306 0.723238 6
    endloop
  endfacet
  facet normal 0 0 1
    outer loop
      vertex -21.591 -1.59099 6
      vertex -24.4194 -4.41942 6
      vertex -24.1209 -4.699 6
    endloop
  endfacet
  facet normal -0 0 1
    outer loop
      vertex -25.9183 2.009 6
      vertex -22.1306 0.723238 6
      vertex -25.7742 2.39177 6
    endloop
  endfacet
  facet normal 0 0 1
    outer loop
      vertex -21.6916 -1.48353 6
      vertex -24.699 -4.12091 6
      vertex -24.4194 -4.41942 6
    endloop
  endfacet
  facet normal 0 0 1
    outer loop
      vertex -22.1306 0.723238 6
      vertex -25.9183 2.009 6
      vertex -22.1733 0.582342 6
    endloop
  endfacet
  facet normal 0 0 1
    outer loop
      vertex -21.785 -1.36971 6
      vertex -24.9585 -3.80476 6
      vertex -24.699 -4.12091 6
    endloop
  endfacet
  facet normal -0 0 1
    outer loop
      vertex -26.037 1.61762 6
      vertex -22.1733 0.582342 6
      vertex -25.9183 2.009 6
    endloop
  endfacet
  facet normal 0 0 1
    outer loop
      vertex -21.8708 -1.25003 6
      vertex -25.1967 -3.47231 6
      vertex -24.9585 -3.80476 6
    endloop
  endfacet
  facet normal 0 0 1
    outer loop
      vertex -22.1733 0.582342 6
      vertex -26.037 1.61762 6
      vertex -22.2068 0.438952 6
    endloop
  endfacet
  facet normal 0 0 1
    outer loop
      vertex -21.9486 -1.125 6
      vertex -25.4127 -3.125 6
      vertex -25.1967 -3.47231 6
    endloop
  endfacet
  facet normal -0 0 1
    outer loop
      vertex -26.1299 1.21931 6
      vertex -22.2068 0.438952 6
      vertex -26.037 1.61762 6
    endloop
  endfacet
  facet normal 0 0 1
    outer loop
      vertex -22.018 -0.995149 6
      vertex -25.6055 -2.7643 6
      vertex -25.4127 -3.125 6
    endloop
  endfacet
  facet normal 0 0 1
    outer loop
      vertex -22.2068 0.438952 6
      vertex -26.1299 1.21931 6
      vertex -22.2308 0.293683 6
    endloop
  endfacet
  facet normal 0 0 1
    outer loop
      vertex -22.0787 -0.861037 6
      vertex -25.7742 -2.39177 6
      vertex -25.6055 -2.7643 6
    endloop
  endfacet
  facet normal -0 0 1
    outer loop
      vertex -26.1965 0.815788 6
      vertex -22.2308 0.293683 6
      vertex -26.1299 1.21931 6
    endloop
  endfacet
  facet normal 0 0 1
    outer loop
      vertex -22.1306 -0.723238 6
      vertex -25.9183 -2.009 6
      vertex -25.7742 -2.39177 6
    endloop
  endfacet
  facet normal 0 0 1
    outer loop
      vertex -22.2308 0.293683 6
      vertex -26.1965 0.815788 6
      vertex -22.2452 0.147157 6
    endloop
  endfacet
  facet normal 0 0 1
    outer loop
      vertex -22.1733 -0.582342 6
      vertex -26.037 -1.61762 6
      vertex -25.9183 -2.009 6
    endloop
  endfacet
  facet normal -0 0 1
    outer loop
      vertex -26.2366 0.408769 6
      vertex -22.2452 0.147157 6
      vertex -26.1965 0.815788 6
    endloop
  endfacet
  facet normal 0 0 1
    outer loop
      vertex -22.2068 -0.438952 6
      vertex -26.1299 -1.21931 6
      vertex -26.037 -1.61762 6
    endloop
  endfacet
  facet normal 0 0 1
    outer loop
      vertex -22.2452 0.147157 6
      vertex -26.2366 0.408769 6
      vertex -22.25 0 6
    endloop
  endfacet
  facet normal 0 0 1
    outer loop
      vertex -22.2308 -0.293683 6
      vertex -26.1965 -0.815788 6
      vertex -26.1299 -1.21931 6
    endloop
  endfacet
  facet normal 0 0 1
    outer loop
      vertex -26.25 0 6
      vertex -22.25 0 6
      vertex -26.2366 0.408769 6
    endloop
  endfacet
  facet normal 0 0 1
    outer loop
      vertex -22.2452 -0.147157 6
      vertex -26.2366 -0.408769 6
      vertex -26.1965 -0.815788 6
    endloop
  endfacet
  facet normal 0 0 1
    outer loop
      vertex -22.25 0 6
      vertex -26.25 0 6
      vertex -26.2366 -0.408769 6
    endloop
  endfacet
  facet normal -0 0 1
    outer loop
      vertex 11.2642 -3.01823 6
      vertex 15.4218 -4.2499 6
      vertex 11.4372 -2.27623 6
    endloop
  endfacet
  facet normal -0 0 1
    outer loop
      vertex 11.2639 -3.01939 6
      vertex 15.4218 -4.2499 6
      vertex 11.2642 -3.01823 6
    endloop
  endfacet
  facet normal -0 0 1
    outer loop
      vertex 11.0427 -3.74849 6
      vertex 15.4218 -4.2499 6
      vertex 11.2639 -3.01939 6
    endloop
  endfacet
  facet normal 0 0 1
    outer loop
      vertex 15.4218 -4.2499 6
      vertex 11.0427 -3.74849 6
      vertex 15.1509 -5.14303 6
    endloop
  endfacet
  facet normal 0 0 1
    outer loop
      vertex 15.1509 -5.14303 6
      vertex 11.0427 -3.74849 6
      vertex 14.7821 -6.12293 6
    endloop
  endfacet
  facet normal -0 0 1
    outer loop
      vertex 10.7743 -4.46156 6
      vertex 14.7821 -6.12293 6
      vertex 11.0427 -3.74849 6
    endloop
  endfacet
  facet normal -0 0 1
    outer loop
      vertex 10.7739 -4.46269 6
      vertex 14.7821 -6.12293 6
      vertex 10.7743 -4.46156 6
    endloop
  endfacet
  facet normal -0 0 1
    outer loop
      vertex 10.7734 -4.46379 6
      vertex 14.7821 -6.12293 6
      vertex 10.7739 -4.46269 6
    endloop
  endfacet
  facet normal 0 0 1
    outer loop
      vertex 14.7821 -6.12293 6
      vertex 10.7734 -4.46379 6
      vertex 14.35 -7.07662 6
    endloop
  endfacet
  facet normal -0 0 1
    outer loop
      vertex 10.4589 -5.15778 6
      vertex 14.35 -7.07662 6
      vertex 10.7734 -4.46379 6
    endloop
  endfacet
  facet normal -0 0 1
    outer loop
      vertex 10.4584 -5.15884 6
      vertex 14.35 -7.07662 6
      vertex 10.4589 -5.15778 6
    endloop
  endfacet
  facet normal 0 0 1
    outer loop
      vertex 14.35 -7.07662 6
      vertex 10.4584 -5.15884 6
      vertex 13.8564 -8 6
    endloop
  endfacet
  facet normal -0 0 1
    outer loop
      vertex 10.0992 -5.83078 6
      vertex 13.8564 -8 6
      vertex 10.4584 -5.15884 6
    endloop
  endfacet
  facet normal 0 0 1
    outer loop
      vertex 13.8564 -8 6
      vertex 10.0992 -5.83078 6
      vertex 13.3035 -8.88912 6
    endloop
  endfacet
  facet normal -0 0 1
    outer loop
      vertex 9.69687 -6.47779 6
      vertex 13.3035 -8.88912 6
      vertex 10.0992 -5.83078 6
    endloop
  endfacet
  facet normal -0 0 1
    outer loop
      vertex 9.69624 -6.47882 6
      vertex 13.3035 -8.88912 6
      vertex 9.69687 -6.47779 6
    endloop
  endfacet
  facet normal -0 0 1
    outer loop
      vertex 9.69553 -6.4798 6
      vertex 13.3035 -8.88912 6
      vertex 9.69624 -6.47882 6
    endloop
  endfacet
  facet normal 0 0 1
    outer loop
      vertex 13.3035 -8.88912 6
      vertex 9.69553 -6.4798 6
      vertex 12.6937 -9.74018 6
    endloop
  endfacet
  facet normal -0 0 1
    outer loop
      vertex 9.25174 -7.09911 6
      vertex 12.6937 -9.74018 6
      vertex 9.69553 -6.4798 6
    endloop
  endfacet
  facet normal 0 0 1
    outer loop
      vertex 12.6937 -9.74018 6
      vertex 9.25174 -7.09911 6
      vertex 12.0294 -10.5495 6
    endloop
  endfacet
  facet normal -0 0 1
    outer loop
      vertex 8.76839 -7.68807 6
      vertex 12.0294 -10.5495 6
      vertex 9.25174 -7.09911 6
    endloop
  endfacet
  facet normal -0 0 1
    outer loop
      vertex 8.76763 -7.689 6
      vertex 12.0294 -10.5495 6
      vertex 8.76839 -7.68807 6
    endloop
  endfacet
  facet normal 0 0 1
    outer loop
      vertex 12.0294 -10.5495 6
      vertex 8.76763 -7.689 6
      vertex 11.3137 -11.3137 6
    endloop
  endfacet
  facet normal -0 0 1
    outer loop
      vertex 8.2468 -8.24509 6
      vertex 11.3137 -11.3137 6
      vertex 8.76763 -7.689 6
    endloop
  endfacet
  facet normal -0 0 1
    outer loop
      vertex 8.24597 -8.24597 6
      vertex 11.3137 -11.3137 6
      vertex 8.2468 -8.24509 6
    endloop
  endfacet
  facet normal -0 0 1
    outer loop
      vertex 8.24509 -8.2468 6
      vertex 11.3137 -11.3137 6
      vertex 8.24597 -8.24597 6
    endloop
  endfacet
  facet normal 0 0 1
    outer loop
      vertex 11.3137 -11.3137 6
      vertex 8.24509 -8.2468 6
      vertex 10.5495 -12.0294 6
    endloop
  endfacet
  facet normal -0 0 1
    outer loop
      vertex 7.689 -8.76763 6
      vertex 10.5495 -12.0294 6
      vertex 8.24509 -8.2468 6
    endloop
  endfacet
  facet normal -0 0 1
    outer loop
      vertex 7.68807 -8.76839 6
      vertex 10.5495 -12.0294 6
      vertex 7.689 -8.76763 6
    endloop
  endfacet
  facet normal 0 0 1
    outer loop
      vertex 10.5495 -12.0294 6
      vertex 7.68807 -8.76839 6
      vertex 9.74018 -12.6937 6
    endloop
  endfacet
  facet normal -0 0 1
    outer loop
      vertex 7.09911 -9.25174 6
      vertex 9.74018 -12.6937 6
      vertex 7.68807 -8.76839 6
    endloop
  endfacet
  facet normal 0 0 1
    outer loop
      vertex 9.74018 -12.6937 6
      vertex 7.09911 -9.25174 6
      vertex 8.88912 -13.3035 6
    endloop
  endfacet
  facet normal -0 0 1
    outer loop
      vertex 6.4798 -9.69553 6
      vertex 8.88912 -13.3035 6
      vertex 7.09911 -9.25174 6
    endloop
  endfacet
  facet normal -0 0 1
    outer loop
      vertex 6.47882 -9.69624 6
      vertex 8.88912 -13.3035 6
      vertex 6.4798 -9.69553 6
    endloop
  endfacet
  facet normal -0 0 1
    outer loop
      vertex 6.47779 -9.69687 6
      vertex 8.88912 -13.3035 6
      vertex 6.47882 -9.69624 6
    endloop
  endfacet
  facet normal 0 0 1
    outer loop
      vertex 8.88912 -13.3035 6
      vertex 6.47779 -9.69687 6
      vertex 8 -13.8564 6
    endloop
  endfacet
  facet normal -0 0 1
    outer loop
      vertex 5.83078 -10.0992 6
      vertex 8 -13.8564 6
      vertex 6.47779 -9.69687 6
    endloop
  endfacet
  facet normal 0 0 1
    outer loop
      vertex 8 -13.8564 6
      vertex 5.83078 -10.0992 6
      vertex 7.07662 -14.35 6
    endloop
  endfacet
  facet normal -0 0 1
    outer loop
      vertex 5.15884 -10.4584 6
      vertex 7.07662 -14.35 6
      vertex 5.83078 -10.0992 6
    endloop
  endfacet
  facet normal -0 0 1
    outer loop
      vertex 5.15778 -10.4589 6
      vertex 7.07662 -14.35 6
      vertex 5.15884 -10.4584 6
    endloop
  endfacet
  facet normal 0 0 1
    outer loop
      vertex 7.07662 -14.35 6
      vertex 5.15778 -10.4589 6
      vertex 6.12293 -14.7821 6
    endloop
  endfacet
  facet normal -0 0 1
    outer loop
      vertex 4.46379 -10.7734 6
      vertex 6.12293 -14.7821 6
      vertex 5.15778 -10.4589 6
    endloop
  endfacet
  facet normal -0 0 1
    outer loop
      vertex 4.46269 -10.7739 6
      vertex 6.12293 -14.7821 6
      vertex 4.46379 -10.7734 6
    endloop
  endfacet
  facet normal -0 0 1
    outer loop
      vertex 4.46156 -10.7743 6
      vertex 6.12293 -14.7821 6
      vertex 4.46269 -10.7739 6
    endloop
  endfacet
  facet normal 0 0 1
    outer loop
      vertex 6.12293 -14.7821 6
      vertex 4.46156 -10.7743 6
      vertex 5.14303 -15.1509 6
    endloop
  endfacet
  facet normal -0 0 1
    outer loop
      vertex 3.74849 -11.0427 6
      vertex 5.14303 -15.1509 6
      vertex 4.46156 -10.7743 6
    endloop
  endfacet
  facet normal 0 0 1
    outer loop
      vertex 5.14303 -15.1509 6
      vertex 3.74849 -11.0427 6
      vertex 4.1411 -15.4548 6
    endloop
  endfacet
  facet normal -0 0 1
    outer loop
      vertex 3.01939 -11.2639 6
      vertex 4.1411 -15.4548 6
      vertex 3.74849 -11.0427 6
    endloop
  endfacet
  facet normal -0 0 1
    outer loop
      vertex 3.01823 -11.2642 6
      vertex 4.1411 -15.4548 6
      vertex 3.01939 -11.2639 6
    endloop
  endfacet
  facet normal 0 0 1
    outer loop
      vertex 4.1411 -15.4548 6
      vertex 3.01823 -11.2642 6
      vertex 3.12144 -15.6926 6
    endloop
  endfacet
  facet normal -0 0 1
    outer loop
      vertex 2.27623 -11.4372 6
      vertex 3.12144 -15.6926 6
      vertex 3.01823 -11.2642 6
    endloop
  endfacet
  facet normal -0 0 1
    outer loop
      vertex 2.27506 -11.4375 6
      vertex 3.12144 -15.6926 6
      vertex 2.27623 -11.4372 6
    endloop
  endfacet
  facet normal -0 0 1
    outer loop
      vertex 2.27387 -11.4377 6
      vertex 3.12144 -15.6926 6
      vertex 2.27506 -11.4375 6
    endloop
  endfacet
  facet normal 0 0 1
    outer loop
      vertex 2.27387 -11.4377 6
      vertex 2.08842 -15.8631 6
      vertex 3.12144 -15.6926 6
    endloop
  endfacet
  facet normal -0 0 1
    outer loop
      vertex 1.52214 -11.5618 6
      vertex 2.08842 -15.8631 6
      vertex 2.27387 -11.4377 6
    endloop
  endfacet
  facet normal -0 0 1
    outer loop
      vertex 1.52094 -11.5619 6
      vertex 2.08842 -15.8631 6
      vertex 1.52214 -11.5618 6
    endloop
  endfacet
  facet normal 0 0 1
    outer loop
      vertex 1.52094 -11.5619 6
      vertex 1.04645 -15.9657 6
      vertex 2.08842 -15.8631 6
    endloop
  endfacet
  facet normal -0 0 1
    outer loop
      vertex 0.762703 -11.6366 6
      vertex 1.04645 -15.9657 6
      vertex 1.52094 -11.5619 6
    endloop
  endfacet
  facet normal -0 0 1
    outer loop
      vertex 0.00120585 -11.6615 6
      vertex 1.04645 -15.9657 6
      vertex 0.762703 -11.6366 6
    endloop
  endfacet
  facet normal 0 0 1
    outer loop
      vertex 0 -16 6
      vertex 0.00120585 -11.6615 6
      vertex 0 -11.6616 6
    endloop
  endfacet
  facet normal 0 0 1
    outer loop
      vertex 0.00120585 -11.6615 6
      vertex 0 -16 6
      vertex 1.04645 -15.9657 6
    endloop
  endfacet
  facet normal 0 0 1
    outer loop
      vertex -0.00120585 -11.6615 6
      vertex 0 -16 6
      vertex 0 -11.6616 6
    endloop
  endfacet
  facet normal 0 0 1
    outer loop
      vertex -0.762703 -11.6366 6
      vertex 0 -16 6
      vertex -0.00120585 -11.6615 6
    endloop
  endfacet
  facet normal 0 0 1
    outer loop
      vertex -0.762703 -11.6366 6
      vertex -1.04645 -15.9657 6
      vertex 0 -16 6
    endloop
  endfacet
  facet normal 0 0 1
    outer loop
      vertex -1.52094 -11.5619 6
      vertex -1.04645 -15.9657 6
      vertex -0.762703 -11.6366 6
    endloop
  endfacet
  facet normal 0 0 1
    outer loop
      vertex -2.08842 -15.8631 6
      vertex -1.52094 -11.5619 6
      vertex -1.52214 -11.5618 6
    endloop
  endfacet
  facet normal 0 0 1
    outer loop
      vertex -1.52094 -11.5619 6
      vertex -2.08842 -15.8631 6
      vertex -1.04645 -15.9657 6
    endloop
  endfacet
  facet normal 0 0 1
    outer loop
      vertex -2.27387 -11.4377 6
      vertex -2.08842 -15.8631 6
      vertex -1.52214 -11.5618 6
    endloop
  endfacet
  facet normal 0 0 1
    outer loop
      vertex -3.12144 -15.6926 6
      vertex -2.27387 -11.4377 6
      vertex -2.27506 -11.4375 6
    endloop
  endfacet
  facet normal 0 0 1
    outer loop
      vertex -3.12144 -15.6926 6
      vertex -2.27506 -11.4375 6
      vertex -2.27623 -11.4372 6
    endloop
  endfacet
  facet normal 0 0 1
    outer loop
      vertex -3.12144 -15.6926 6
      vertex -2.27623 -11.4372 6
      vertex -3.01823 -11.2642 6
    endloop
  endfacet
  facet normal 0 0 1
    outer loop
      vertex -4.1411 -15.4548 6
      vertex -3.01823 -11.2642 6
      vertex -3.01939 -11.2639 6
    endloop
  endfacet
  facet normal 0 0 1
    outer loop
      vertex -2.27387 -11.4377 6
      vertex -3.12144 -15.6926 6
      vertex -2.08842 -15.8631 6
    endloop
  endfacet
  facet normal 0 0 1
    outer loop
      vertex -4.1411 -15.4548 6
      vertex -3.01939 -11.2639 6
      vertex -3.74849 -11.0427 6
    endloop
  endfacet
  facet normal 0 0 1
    outer loop
      vertex -3.01823 -11.2642 6
      vertex -4.1411 -15.4548 6
      vertex -3.12144 -15.6926 6
    endloop
  endfacet
  facet normal 0 0 1
    outer loop
      vertex -5.14303 -15.1509 6
      vertex -3.74849 -11.0427 6
      vertex -4.46156 -10.7743 6
    endloop
  endfacet
  facet normal 0 0 1
    outer loop
      vertex -6.12293 -14.7821 6
      vertex -4.46156 -10.7743 6
      vertex -4.46269 -10.7739 6
    endloop
  endfacet
  facet normal 0 0 1
    outer loop
      vertex -6.12293 -14.7821 6
      vertex -4.46269 -10.7739 6
      vertex -4.46379 -10.7734 6
    endloop
  endfacet
  facet normal 0 0 1
    outer loop
      vertex -3.74849 -11.0427 6
      vertex -5.14303 -15.1509 6
      vertex -4.1411 -15.4548 6
    endloop
  endfacet
  facet normal 0 0 1
    outer loop
      vertex -6.12293 -14.7821 6
      vertex -4.46379 -10.7734 6
      vertex -5.15778 -10.4589 6
    endloop
  endfacet
  facet normal 0 0 1
    outer loop
      vertex -7.07662 -14.35 6
      vertex -5.15778 -10.4589 6
      vertex -5.15884 -10.4584 6
    endloop
  endfacet
  facet normal 0 0 1
    outer loop
      vertex -7.07662 -14.35 6
      vertex -5.15884 -10.4584 6
      vertex -5.83078 -10.0992 6
    endloop
  endfacet
  facet normal 0 0 1
    outer loop
      vertex -4.46156 -10.7743 6
      vertex -6.12293 -14.7821 6
      vertex -5.14303 -15.1509 6
    endloop
  endfacet
  facet normal 0 0 1
    outer loop
      vertex -8 -13.8564 6
      vertex -5.83078 -10.0992 6
      vertex -6.47779 -9.69687 6
    endloop
  endfacet
  facet normal 0 0 1
    outer loop
      vertex -8.88912 -13.3035 6
      vertex -6.47779 -9.69687 6
      vertex -6.47882 -9.69624 6
    endloop
  endfacet
  facet normal 0 0 1
    outer loop
      vertex -8.88912 -13.3035 6
      vertex -6.47882 -9.69624 6
      vertex -6.4798 -9.69553 6
    endloop
  endfacet
  facet normal 0 0 1
    outer loop
      vertex -5.15778 -10.4589 6
      vertex -7.07662 -14.35 6
      vertex -6.12293 -14.7821 6
    endloop
  endfacet
  facet normal 0 0 1
    outer loop
      vertex -8.88912 -13.3035 6
      vertex -6.4798 -9.69553 6
      vertex -7.09911 -9.25174 6
    endloop
  endfacet
  facet normal 0 0 1
    outer loop
      vertex -9.74018 -12.6937 6
      vertex -7.09911 -9.25174 6
      vertex -7.68807 -8.76839 6
    endloop
  endfacet
  facet normal 0 0 1
    outer loop
      vertex -10.5495 -12.0294 6
      vertex -7.68807 -8.76839 6
      vertex -7.689 -8.76763 6
    endloop
  endfacet
  facet normal 0 0 1
    outer loop
      vertex -5.83078 -10.0992 6
      vertex -8 -13.8564 6
      vertex -7.07662 -14.35 6
    endloop
  endfacet
  facet normal 0 0 1
    outer loop
      vertex -10.5495 -12.0294 6
      vertex -7.689 -8.76763 6
      vertex -8.24509 -8.2468 6
    endloop
  endfacet
  facet normal 0 0 1
    outer loop
      vertex -11.3137 -11.3137 6
      vertex -8.24509 -8.2468 6
      vertex -8.24597 -8.24597 6
    endloop
  endfacet
  facet normal 0 0 1
    outer loop
      vertex -11.3137 -11.3137 6
      vertex -8.24597 -8.24597 6
      vertex -8.2468 -8.24509 6
    endloop
  endfacet
  facet normal 0 0 1
    outer loop
      vertex -11.3137 -11.3137 6
      vertex -8.2468 -8.24509 6
      vertex -8.76763 -7.689 6
    endloop
  endfacet
  facet normal 0 0 1
    outer loop
      vertex -12.0294 -10.5495 6
      vertex -8.76763 -7.689 6
      vertex -8.76839 -7.68807 6
    endloop
  endfacet
  facet normal 0 0 1
    outer loop
      vertex -6.47779 -9.69687 6
      vertex -8.88912 -13.3035 6
      vertex -8 -13.8564 6
    endloop
  endfacet
  facet normal 0 0 1
    outer loop
      vertex -12.0294 -10.5495 6
      vertex -8.76839 -7.68807 6
      vertex -9.25174 -7.09911 6
    endloop
  endfacet
  facet normal 0 0 1
    outer loop
      vertex -12.6937 -9.74018 6
      vertex -9.25174 -7.09911 6
      vertex -9.69553 -6.4798 6
    endloop
  endfacet
  facet normal 0 0 1
    outer loop
      vertex -13.3035 -8.88912 6
      vertex -9.69553 -6.4798 6
      vertex -9.69624 -6.47882 6
    endloop
  endfacet
  facet normal 0 0 1
    outer loop
      vertex -13.3035 -8.88912 6
      vertex -9.69624 -6.47882 6
      vertex -9.69687 -6.47779 6
    endloop
  endfacet
  facet normal 0 0 1
    outer loop
      vertex -7.09911 -9.25174 6
      vertex -9.74018 -12.6937 6
      vertex -8.88912 -13.3035 6
    endloop
  endfacet
  facet normal 0 0 1
    outer loop
      vertex -13.3035 -8.88912 6
      vertex -9.69687 -6.47779 6
      vertex -10.0992 -5.83078 6
    endloop
  endfacet
  facet normal 0 0 1
    outer loop
      vertex -13.8564 -8 6
      vertex -10.0992 -5.83078 6
      vertex -10.4584 -5.15884 6
    endloop
  endfacet
  facet normal 0 0 1
    outer loop
      vertex -14.35 -7.07662 6
      vertex -10.4584 -5.15884 6
      vertex -10.4589 -5.15778 6
    endloop
  endfacet
  facet normal 0 0 1
    outer loop
      vertex -7.68807 -8.76839 6
      vertex -10.5495 -12.0294 6
      vertex -9.74018 -12.6937 6
    endloop
  endfacet
  facet normal 0 0 1
    outer loop
      vertex -14.35 -7.07662 6
      vertex -10.4589 -5.15778 6
      vertex -10.7734 -4.46379 6
    endloop
  endfacet
  facet normal 0 0 1
    outer loop
      vertex -14.7821 -6.12293 6
      vertex -10.7734 -4.46379 6
      vertex -10.7739 -4.46269 6
    endloop
  endfacet
  facet normal 0 0 1
    outer loop
      vertex -14.7821 -6.12293 6
      vertex -10.7739 -4.46269 6
      vertex -10.7743 -4.46156 6
    endloop
  endfacet
  facet normal 0 0 1
    outer loop
      vertex -14.7821 -6.12293 6
      vertex -10.7743 -4.46156 6
      vertex -11.0427 -3.74849 6
    endloop
  endfacet
  facet normal 0 0 1
    outer loop
      vertex -15.4218 -4.2499 6
      vertex -11.0427 -3.74849 6
      vertex -11.2639 -3.01939 6
    endloop
  endfacet
  facet normal 0 0 1
    outer loop
      vertex -15.4218 -4.2499 6
      vertex -11.2639 -3.01939 6
      vertex -11.2642 -3.01823 6
    endloop
  endfacet
  facet normal 0 0 1
    outer loop
      vertex -8.24509 -8.2468 6
      vertex -11.3137 -11.3137 6
      vertex -10.5495 -12.0294 6
    endloop
  endfacet
  facet normal 0 0 1
    outer loop
      vertex -15.4218 -4.2499 6
      vertex -11.2642 -3.01823 6
      vertex -11.4372 -2.27623 6
    endloop
  endfacet
  facet normal 0 0 1
    outer loop
      vertex -15.4218 -4.2499 6
      vertex -11.4372 -2.27623 6
      vertex -11.4375 -2.27506 6
    endloop
  endfacet
  facet normal 0 0 1
    outer loop
      vertex -15.4218 -4.2499 6
      vertex -11.4375 -2.27506 6
      vertex -11.4377 -2.27387 6
    endloop
  endfacet
  facet normal 0 0 1
    outer loop
      vertex -15.4218 -4.2499 6
      vertex -11.4377 -2.27387 6
      vertex -11.5618 -1.52214 6
    endloop
  endfacet
  facet normal 0 0 1
    outer loop
      vertex -15.4218 -4.2499 6
      vertex -11.5618 -1.52214 6
      vertex -11.5619 -1.52094 6
    endloop
  endfacet
  facet normal 0 0 1
    outer loop
      vertex -15.4218 -4.2499 6
      vertex -11.5619 -1.52094 6
      vertex -11.6366 -0.762703 6
    endloop
  endfacet
  facet normal 0 0 1
    outer loop
      vertex -17.7548 -0.147157 6
      vertex -11.6615 -0.00120585 6
      vertex -17.75 0 6
    endloop
  endfacet
  facet normal -0 0 1
    outer loop
      vertex -17.75 0 6
      vertex -11.6615 -0.00120585 6
      vertex -11.6616 0 6
    endloop
  endfacet
  facet normal 0 0 1
    outer loop
      vertex -11.4372 2.27623 6
      vertex -15.4218 4.2499 6
      vertex -11.4375 2.27506 6
    endloop
  endfacet
  facet normal 0 0 1
    outer loop
      vertex -8.76763 -7.689 6
      vertex -12.0294 -10.5495 6
      vertex -11.3137 -11.3137 6
    endloop
  endfacet
  facet normal 0 0 1
    outer loop
      vertex -11.4375 2.27506 6
      vertex -15.4218 4.2499 6
      vertex -11.4377 2.27387 6
    endloop
  endfacet
  facet normal 0 0 1
    outer loop
      vertex -9.25174 -7.09911 6
      vertex -12.6937 -9.74018 6
      vertex -12.0294 -10.5495 6
    endloop
  endfacet
  facet normal 0 0 1
    outer loop
      vertex -11.4377 2.27387 6
      vertex -15.4218 4.2499 6
      vertex -11.5618 1.52214 6
    endloop
  endfacet
  facet normal 0 0 1
    outer loop
      vertex -9.69553 -6.4798 6
      vertex -13.3035 -8.88912 6
      vertex -12.6937 -9.74018 6
    endloop
  endfacet
  facet normal 0 0 1
    outer loop
      vertex -11.5618 1.52214 6
      vertex -15.4218 4.2499 6
      vertex -11.5619 1.52094 6
    endloop
  endfacet
  facet normal 0 0 1
    outer loop
      vertex -10.0992 -5.83078 6
      vertex -13.8564 -8 6
      vertex -13.3035 -8.88912 6
    endloop
  endfacet
  facet normal 0 0 1
    outer loop
      vertex -11.5619 1.52094 6
      vertex -15.4218 4.2499 6
      vertex -11.6366 0.762703 6
    endloop
  endfacet
  facet normal 0 0 1
    outer loop
      vertex -10.4584 -5.15884 6
      vertex -14.35 -7.07662 6
      vertex -13.8564 -8 6
    endloop
  endfacet
  facet normal 0 0 1
    outer loop
      vertex -17.7932 0.438952 6
      vertex -11.6366 0.762703 6
      vertex -15.4218 4.2499 6
    endloop
  endfacet
  facet normal 0 0 1
    outer loop
      vertex -10.7734 -4.46379 6
      vertex -14.7821 -6.12293 6
      vertex -14.35 -7.07662 6
    endloop
  endfacet
  facet normal 0 -0 1
    outer loop
      vertex -17.7692 0.293683 6
      vertex -11.6366 0.762703 6
      vertex -17.7932 0.438952 6
    endloop
  endfacet
  facet normal 0 0 1
    outer loop
      vertex -11.0427 -3.74849 6
      vertex -15.1509 -5.14303 6
      vertex -14.7821 -6.12293 6
    endloop
  endfacet
  facet normal 0 -0 1
    outer loop
      vertex -17.7548 0.147157 6
      vertex -11.6366 0.762703 6
      vertex -17.7692 0.293683 6
    endloop
  endfacet
  facet normal 0 0 1
    outer loop
      vertex -11.0427 -3.74849 6
      vertex -15.4218 -4.2499 6
      vertex -15.1509 -5.14303 6
    endloop
  endfacet
  facet normal 0 0 1
    outer loop
      vertex -18.409 1.59099 6
      vertex -15.4218 4.2499 6
      vertex -15.5806 4.41942 6
    endloop
  endfacet
  facet normal 0 0 1
    outer loop
      vertex -11.6615 -0.00120585 6
      vertex -17.7548 -0.147157 6
      vertex -11.6366 -0.762703 6
    endloop
  endfacet
  facet normal 0 0 1
    outer loop
      vertex -18.409 1.59099 6
      vertex -15.5806 4.41942 6
      vertex -15.8791 4.699 6
    endloop
  endfacet
  facet normal -0 0 1
    outer loop
      vertex -17.7692 -0.293683 6
      vertex -11.6366 -0.762703 6
      vertex -17.7548 -0.147157 6
    endloop
  endfacet
  facet normal 0 0 1
    outer loop
      vertex -18.5165 1.69164 6
      vertex -15.8791 4.699 6
      vertex -16.1952 4.95846 6
    endloop
  endfacet
  facet normal -0 0 1
    outer loop
      vertex -17.7932 -0.438952 6
      vertex -11.6366 -0.762703 6
      vertex -17.7692 -0.293683 6
    endloop
  endfacet
  facet normal 0 0 1
    outer loop
      vertex -18.6303 1.78504 6
      vertex -16.1952 4.95846 6
      vertex -16.5277 5.19668 6
    endloop
  endfacet
  facet normal 0 0 1
    outer loop
      vertex -11.6366 -0.762703 6
      vertex -17.7932 -0.438952 6
      vertex -15.4218 -4.2499 6
    endloop
  endfacet
  facet normal 0 0 1
    outer loop
      vertex -18.75 1.87081 6
      vertex -16.5277 5.19668 6
      vertex -16.875 5.41266 6
    endloop
  endfacet
  facet normal -0 0 1
    outer loop
      vertex -17.8267 -0.582342 6
      vertex -15.4218 -4.2499 6
      vertex -17.7932 -0.438952 6
    endloop
  endfacet
  facet normal 0 0 1
    outer loop
      vertex -18.875 1.94856 6
      vertex -16.875 5.41266 6
      vertex -17.2357 5.60545 6
    endloop
  endfacet
  facet normal -0 0 1
    outer loop
      vertex -17.8694 -0.723238 6
      vertex -15.4218 -4.2499 6
      vertex -17.8267 -0.582342 6
    endloop
  endfacet
  facet normal 0 0 1
    outer loop
      vertex -19.0049 2.01796 6
      vertex -17.2357 5.60545 6
      vertex -17.6082 5.77425 6
    endloop
  endfacet
  facet normal -0 0 1
    outer loop
      vertex -17.9213 -0.861037 6
      vertex -15.4218 -4.2499 6
      vertex -17.8694 -0.723238 6
    endloop
  endfacet
  facet normal -0 0 1
    outer loop
      vertex -17.982 -0.995149 6
      vertex -15.4218 -4.2499 6
      vertex -17.9213 -0.861037 6
    endloop
  endfacet
  facet normal 0 0 1
    outer loop
      vertex -11.6615 0.00120585 6
      vertex -17.75 0 6
      vertex -11.6616 0 6
    endloop
  endfacet
  facet normal 0 -0 1
    outer loop
      vertex -17.75 0 6
      vertex -11.6615 0.00120585 6
      vertex -17.7548 0.147157 6
    endloop
  endfacet
  facet normal 0 0 1
    outer loop
      vertex -11.6366 0.762703 6
      vertex -17.7548 0.147157 6
      vertex -11.6615 0.00120585 6
    endloop
  endfacet
  facet normal 0 0 1
    outer loop
      vertex -15.4218 4.2499 6
      vertex -17.8267 0.582342 6
      vertex -17.7932 0.438952 6
    endloop
  endfacet
  facet normal 0 0 1
    outer loop
      vertex -15.4218 4.2499 6
      vertex -17.8694 0.723238 6
      vertex -17.8267 0.582342 6
    endloop
  endfacet
  facet normal 0 0 1
    outer loop
      vertex -15.4218 4.2499 6
      vertex -17.9213 0.861037 6
      vertex -17.8694 0.723238 6
    endloop
  endfacet
  facet normal 0 0 1
    outer loop
      vertex -15.4218 4.2499 6
      vertex -17.982 0.995149 6
      vertex -17.9213 0.861037 6
    endloop
  endfacet
  facet normal 0 0 1
    outer loop
      vertex -19.139 2.07873 6
      vertex -17.6082 5.77425 6
      vertex -17.991 5.91831 6
    endloop
  endfacet
  facet normal 0 0 1
    outer loop
      vertex -15.4218 4.2499 6
      vertex -18.0514 1.125 6
      vertex -17.982 0.995149 6
    endloop
  endfacet
  facet normal 0 0 1
    outer loop
      vertex -15.4218 4.2499 6
      vertex -18.1292 1.25003 6
      vertex -18.0514 1.125 6
    endloop
  endfacet
  facet normal 0 0 1
    outer loop
      vertex -15.4218 4.2499 6
      vertex -18.215 1.36971 6
      vertex -18.1292 1.25003 6
    endloop
  endfacet
  facet normal 0 0 1
    outer loop
      vertex -15.4218 4.2499 6
      vertex -18.3084 1.48353 6
      vertex -18.215 1.36971 6
    endloop
  endfacet
  facet normal 0 0 1
    outer loop
      vertex -19.2768 2.13059 6
      vertex -17.991 5.91831 6
      vertex -18.3824 6.03704 6
    endloop
  endfacet
  facet normal 0 0 1
    outer loop
      vertex -15.4218 4.2499 6
      vertex -18.409 1.59099 6
      vertex -18.3084 1.48353 6
    endloop
  endfacet
  facet normal 0 0 1
    outer loop
      vertex -15.8791 4.699 6
      vertex -18.5165 1.69164 6
      vertex -18.409 1.59099 6
    endloop
  endfacet
  facet normal 0 0 1
    outer loop
      vertex -16.1952 4.95846 6
      vertex -18.6303 1.78504 6
      vertex -18.5165 1.69164 6
    endloop
  endfacet
  facet normal 0 0 1
    outer loop
      vertex -16.5277 5.19668 6
      vertex -18.75 1.87081 6
      vertex -18.6303 1.78504 6
    endloop
  endfacet
  facet normal 0 0 1
    outer loop
      vertex -19.4177 2.17333 6
      vertex -18.3824 6.03704 6
      vertex -18.7807 6.12991 6
    endloop
  endfacet
  facet normal 0 0 1
    outer loop
      vertex -16.875 5.41266 6
      vertex -18.875 1.94856 6
      vertex -18.75 1.87081 6
    endloop
  endfacet
  facet normal 0 0 1
    outer loop
      vertex -17.2357 5.60545 6
      vertex -19.0049 2.01796 6
      vertex -18.875 1.94856 6
    endloop
  endfacet
  facet normal 0 0 1
    outer loop
      vertex -17.6082 5.77425 6
      vertex -19.139 2.07873 6
      vertex -19.0049 2.01796 6
    endloop
  endfacet
  facet normal 0 0 1
    outer loop
      vertex -19.561 2.20677 6
      vertex -18.7807 6.12991 6
      vertex -19.1842 6.19653 6
    endloop
  endfacet
  facet normal 0 0 1
    outer loop
      vertex -17.991 5.91831 6
      vertex -19.2768 2.13059 6
      vertex -19.139 2.07873 6
    endloop
  endfacet
  facet normal 0 0 1
    outer loop
      vertex -18.3824 6.03704 6
      vertex -19.4177 2.17333 6
      vertex -19.2768 2.13059 6
    endloop
  endfacet
  facet normal 0 0 1
    outer loop
      vertex -18.7807 6.12991 6
      vertex -19.561 2.20677 6
      vertex -19.4177 2.17333 6
    endloop
  endfacet
  facet normal 0 0 1
    outer loop
      vertex -19.7063 2.23075 6
      vertex -19.1842 6.19653 6
      vertex -19.5912 6.23662 6
    endloop
  endfacet
  facet normal 0 0 1
    outer loop
      vertex -19.1842 6.19653 6
      vertex -19.7063 2.23075 6
      vertex -19.561 2.20677 6
    endloop
  endfacet
  facet normal 0 0 1
    outer loop
      vertex -19.5912 6.23662 6
      vertex -19.8528 2.24518 6
      vertex -19.7063 2.23075 6
    endloop
  endfacet
  facet normal 0 0 1
    outer loop
      vertex -20 6.25 6
      vertex -19.8528 2.24518 6
      vertex -19.5912 6.23662 6
    endloop
  endfacet
  facet normal 0 0 1
    outer loop
      vertex -20 6.25 6
      vertex -20 2.25 6
      vertex -19.8528 2.24518 6
    endloop
  endfacet
  facet normal 0 0 1
    outer loop
      vertex -20 6.25 6
      vertex -20.1472 2.24518 6
      vertex -20 2.25 6
    endloop
  endfacet
  facet normal -0 0 1
    outer loop
      vertex -20.4088 6.23662 6
      vertex -20.1472 2.24518 6
      vertex -20 6.25 6
    endloop
  endfacet
  facet normal 0 0 1
    outer loop
      vertex -20.1472 2.24518 6
      vertex -20.4088 6.23662 6
      vertex -20.2937 2.23075 6
    endloop
  endfacet
  facet normal -0 0 1
    outer loop
      vertex -20.8158 6.19653 6
      vertex -20.2937 2.23075 6
      vertex -20.4088 6.23662 6
    endloop
  endfacet
  facet normal 0 0 1
    outer loop
      vertex -20.2937 2.23075 6
      vertex -20.8158 6.19653 6
      vertex -20.439 2.20677 6
    endloop
  endfacet
  facet normal -0 0 1
    outer loop
      vertex -21.2193 6.12991 6
      vertex -20.439 2.20677 6
      vertex -20.8158 6.19653 6
    endloop
  endfacet
  facet normal 0 0 1
    outer loop
      vertex -20.439 2.20677 6
      vertex -21.2193 6.12991 6
      vertex -20.5823 2.17333 6
    endloop
  endfacet
  facet normal -0 0 1
    outer loop
      vertex -21.6176 6.03704 6
      vertex -20.5823 2.17333 6
      vertex -21.2193 6.12991 6
    endloop
  endfacet
  facet normal 0 0 1
    outer loop
      vertex -20.5823 2.17333 6
      vertex -21.6176 6.03704 6
      vertex -20.7232 2.13059 6
    endloop
  endfacet
  facet normal -0 0 1
    outer loop
      vertex -22.009 5.91831 6
      vertex -20.7232 2.13059 6
      vertex -21.6176 6.03704 6
    endloop
  endfacet
  facet normal 0 0 1
    outer loop
      vertex -20.7232 2.13059 6
      vertex -22.009 5.91831 6
      vertex -20.861 2.07873 6
    endloop
  endfacet
  facet normal -0 0 1
    outer loop
      vertex -22.3918 5.77425 6
      vertex -20.861 2.07873 6
      vertex -22.009 5.91831 6
    endloop
  endfacet
  facet normal 0 0 1
    outer loop
      vertex -20.861 2.07873 6
      vertex -22.3918 5.77425 6
      vertex -20.9951 2.01796 6
    endloop
  endfacet
  facet normal -0 0 1
    outer loop
      vertex -22.7643 5.60545 6
      vertex -20.9951 2.01796 6
      vertex -22.3918 5.77425 6
    endloop
  endfacet
  facet normal 0 0 1
    outer loop
      vertex -20.9951 2.01796 6
      vertex -22.7643 5.60545 6
      vertex -21.125 1.94856 6
    endloop
  endfacet
  facet normal -0 0 1
    outer loop
      vertex -23.125 5.41266 6
      vertex -21.125 1.94856 6
      vertex -22.7643 5.60545 6
    endloop
  endfacet
  facet normal 0 0 1
    outer loop
      vertex -21.125 1.94856 6
      vertex -23.125 5.41266 6
      vertex -21.25 1.87081 6
    endloop
  endfacet
  facet normal -0 0 1
    outer loop
      vertex -23.4723 5.19668 6
      vertex -21.25 1.87081 6
      vertex -23.125 5.41266 6
    endloop
  endfacet
  facet normal 0 0 1
    outer loop
      vertex -21.25 1.87081 6
      vertex -23.4723 5.19668 6
      vertex -21.3697 1.78504 6
    endloop
  endfacet
  facet normal -0 0 1
    outer loop
      vertex -23.8048 4.95846 6
      vertex -21.3697 1.78504 6
      vertex -23.4723 5.19668 6
    endloop
  endfacet
  facet normal 0 0 1
    outer loop
      vertex -21.3697 1.78504 6
      vertex -23.8048 4.95846 6
      vertex -21.4835 1.69164 6
    endloop
  endfacet
  facet normal -0 0 1
    outer loop
      vertex -24.1209 4.699 6
      vertex -21.4835 1.69164 6
      vertex -23.8048 4.95846 6
    endloop
  endfacet
  facet normal 0 0 1
    outer loop
      vertex -21.4835 1.69164 6
      vertex -24.1209 4.699 6
      vertex -21.591 1.59099 6
    endloop
  endfacet
  facet normal -0 0 1
    outer loop
      vertex -24.4194 4.41942 6
      vertex -21.591 1.59099 6
      vertex -24.1209 4.699 6
    endloop
  endfacet
  facet normal 0 0 1
    outer loop
      vertex -21.591 1.59099 6
      vertex -24.4194 4.41942 6
      vertex -21.6916 1.48353 6
    endloop
  endfacet
  facet normal -0 0 1
    outer loop
      vertex -24.699 4.12091 6
      vertex -21.6916 1.48353 6
      vertex -24.4194 4.41942 6
    endloop
  endfacet
  facet normal 0 0 1
    outer loop
      vertex -21.6916 1.48353 6
      vertex -24.699 4.12091 6
      vertex -21.785 1.36971 6
    endloop
  endfacet
  facet normal -0 0 1
    outer loop
      vertex -24.9585 3.80476 6
      vertex -21.785 1.36971 6
      vertex -24.699 4.12091 6
    endloop
  endfacet
  facet normal -0 0 1
    outer loop
      vertex -25.1967 3.47231 6
      vertex -21.8708 1.25003 6
      vertex -24.9585 3.80476 6
    endloop
  endfacet
  facet normal 0 0 1
    outer loop
      vertex -21.785 1.36971 6
      vertex -24.9585 3.80476 6
      vertex -21.8708 1.25003 6
    endloop
  endfacet
  facet normal 0 0 1
    outer loop
      vertex 22.25 0 6
      vertex 26.25 0 6
      vertex 26.2366 0.408769 6
    endloop
  endfacet
  facet normal 0 0 1
    outer loop
      vertex 22.2452 0.147157 6
      vertex 26.2366 0.408769 6
      vertex 26.1965 0.815788 6
    endloop
  endfacet
  facet normal 0 0 1
    outer loop
      vertex 26.25 0 6
      vertex 22.25 0 6
      vertex 26.2366 -0.408769 6
    endloop
  endfacet
  facet normal 0 0 1
    outer loop
      vertex 22.2308 0.293683 6
      vertex 26.1965 0.815788 6
      vertex 26.1299 1.21931 6
    endloop
  endfacet
  facet normal -0 0 1
    outer loop
      vertex 22.2452 -0.147157 6
      vertex 26.2366 -0.408769 6
      vertex 22.25 0 6
    endloop
  endfacet
  facet normal 0 0 1
    outer loop
      vertex 22.2068 0.438952 6
      vertex 26.1299 1.21931 6
      vertex 26.037 1.61762 6
    endloop
  endfacet
  facet normal 0 0 1
    outer loop
      vertex 26.2366 -0.408769 6
      vertex 22.2452 -0.147157 6
      vertex 26.1965 -0.815788 6
    endloop
  endfacet
  facet normal 0 0 1
    outer loop
      vertex 22.1733 0.582342 6
      vertex 26.037 1.61762 6
      vertex 25.9183 2.009 6
    endloop
  endfacet
  facet normal -0 0 1
    outer loop
      vertex 22.2308 -0.293683 6
      vertex 26.1965 -0.815788 6
      vertex 22.2452 -0.147157 6
    endloop
  endfacet
  facet normal 0 0 1
    outer loop
      vertex 22.1306 0.723238 6
      vertex 25.9183 2.009 6
      vertex 25.7742 2.39177 6
    endloop
  endfacet
  facet normal 0 0 1
    outer loop
      vertex 26.1965 -0.815788 6
      vertex 22.2308 -0.293683 6
      vertex 26.1299 -1.21931 6
    endloop
  endfacet
  facet normal 0 0 1
    outer loop
      vertex 22.0787 0.861037 6
      vertex 25.7742 2.39177 6
      vertex 25.6055 2.7643 6
    endloop
  endfacet
  facet normal -0 0 1
    outer loop
      vertex 22.2068 -0.438952 6
      vertex 26.1299 -1.21931 6
      vertex 22.2308 -0.293683 6
    endloop
  endfacet
  facet normal 0 0 1
    outer loop
      vertex 22.018 0.995149 6
      vertex 25.6055 2.7643 6
      vertex 25.4127 3.125 6
    endloop
  endfacet
  facet normal 0 0 1
    outer loop
      vertex 26.1299 -1.21931 6
      vertex 22.2068 -0.438952 6
      vertex 26.037 -1.61762 6
    endloop
  endfacet
  facet normal 0 0 1
    outer loop
      vertex 21.9486 1.125 6
      vertex 25.4127 3.125 6
      vertex 25.1967 3.47231 6
    endloop
  endfacet
  facet normal -0 0 1
    outer loop
      vertex 22.1733 -0.582342 6
      vertex 26.037 -1.61762 6
      vertex 22.2068 -0.438952 6
    endloop
  endfacet
  facet normal 0 0 1
    outer loop
      vertex 21.8708 1.25003 6
      vertex 25.1967 3.47231 6
      vertex 24.9585 3.80476 6
    endloop
  endfacet
  facet normal 0 0 1
    outer loop
      vertex 26.037 -1.61762 6
      vertex 22.1733 -0.582342 6
      vertex 25.9183 -2.009 6
    endloop
  endfacet
  facet normal 0 0 1
    outer loop
      vertex 21.785 1.36971 6
      vertex 24.9585 3.80476 6
      vertex 24.699 4.12091 6
    endloop
  endfacet
  facet normal -0 0 1
    outer loop
      vertex 22.1306 -0.723238 6
      vertex 25.9183 -2.009 6
      vertex 22.1733 -0.582342 6
    endloop
  endfacet
  facet normal 0 0 1
    outer loop
      vertex 21.6916 1.48353 6
      vertex 24.699 4.12091 6
      vertex 24.4194 4.41942 6
    endloop
  endfacet
  facet normal 0 0 1
    outer loop
      vertex 25.9183 -2.009 6
      vertex 22.1306 -0.723238 6
      vertex 25.7742 -2.39177 6
    endloop
  endfacet
  facet normal 0 0 1
    outer loop
      vertex 21.591 1.59099 6
      vertex 24.4194 4.41942 6
      vertex 24.1209 4.699 6
    endloop
  endfacet
  facet normal -0 0 1
    outer loop
      vertex 22.0787 -0.861037 6
      vertex 25.7742 -2.39177 6
      vertex 22.1306 -0.723238 6
    endloop
  endfacet
  facet normal 0 0 1
    outer loop
      vertex 21.4835 1.69164 6
      vertex 24.1209 4.699 6
      vertex 23.8048 4.95846 6
    endloop
  endfacet
  facet normal 0 0 1
    outer loop
      vertex 25.7742 -2.39177 6
      vertex 22.0787 -0.861037 6
      vertex 25.6055 -2.7643 6
    endloop
  endfacet
  facet normal 0 0 1
    outer loop
      vertex 21.3697 1.78504 6
      vertex 23.8048 4.95846 6
      vertex 23.4723 5.19668 6
    endloop
  endfacet
  facet normal -0 0 1
    outer loop
      vertex 22.018 -0.995149 6
      vertex 25.6055 -2.7643 6
      vertex 22.0787 -0.861037 6
    endloop
  endfacet
  facet normal 0 0 1
    outer loop
      vertex 21.25 1.87081 6
      vertex 23.4723 5.19668 6
      vertex 23.125 5.41266 6
    endloop
  endfacet
  facet normal 0 0 1
    outer loop
      vertex 25.6055 -2.7643 6
      vertex 22.018 -0.995149 6
      vertex 25.4127 -3.125 6
    endloop
  endfacet
  facet normal 0 0 1
    outer loop
      vertex 21.125 1.94856 6
      vertex 23.125 5.41266 6
      vertex 22.7643 5.60545 6
    endloop
  endfacet
  facet normal -0 0 1
    outer loop
      vertex 21.9486 -1.125 6
      vertex 25.4127 -3.125 6
      vertex 22.018 -0.995149 6
    endloop
  endfacet
  facet normal 0 0 1
    outer loop
      vertex 20.9951 2.01796 6
      vertex 22.7643 5.60545 6
      vertex 22.3918 5.77425 6
    endloop
  endfacet
  facet normal 0 0 1
    outer loop
      vertex 25.4127 -3.125 6
      vertex 21.9486 -1.125 6
      vertex 25.1967 -3.47231 6
    endloop
  endfacet
  facet normal -0 0 1
    outer loop
      vertex 21.8708 -1.25003 6
      vertex 25.1967 -3.47231 6
      vertex 21.9486 -1.125 6
    endloop
  endfacet
  facet normal 0 0 1
    outer loop
      vertex 26.2366 0.408769 6
      vertex 22.2452 0.147157 6
      vertex 22.25 0 6
    endloop
  endfacet
  facet normal 0 0 1
    outer loop
      vertex 26.1965 0.815788 6
      vertex 22.2308 0.293683 6
      vertex 22.2452 0.147157 6
    endloop
  endfacet
  facet normal 0 0 1
    outer loop
      vertex 26.1299 1.21931 6
      vertex 22.2068 0.438952 6
      vertex 22.2308 0.293683 6
    endloop
  endfacet
  facet normal 0 0 1
    outer loop
      vertex 26.037 1.61762 6
      vertex 22.1733 0.582342 6
      vertex 22.2068 0.438952 6
    endloop
  endfacet
  facet normal 0 0 1
    outer loop
      vertex 25.9183 2.009 6
      vertex 22.1306 0.723238 6
      vertex 22.1733 0.582342 6
    endloop
  endfacet
  facet normal 0 0 1
    outer loop
      vertex 25.7742 2.39177 6
      vertex 22.0787 0.861037 6
      vertex 22.1306 0.723238 6
    endloop
  endfacet
  facet normal 0 0 1
    outer loop
      vertex 25.6055 2.7643 6
      vertex 22.018 0.995149 6
      vertex 22.0787 0.861037 6
    endloop
  endfacet
  facet normal 0 0 1
    outer loop
      vertex 20.861 2.07873 6
      vertex 22.3918 5.77425 6
      vertex 22.009 5.91831 6
    endloop
  endfacet
  facet normal 0 0 1
    outer loop
      vertex 25.4127 3.125 6
      vertex 21.9486 1.125 6
      vertex 22.018 0.995149 6
    endloop
  endfacet
  facet normal 0 0 1
    outer loop
      vertex 25.1967 3.47231 6
      vertex 21.8708 1.25003 6
      vertex 21.9486 1.125 6
    endloop
  endfacet
  facet normal 0 0 1
    outer loop
      vertex 24.9585 3.80476 6
      vertex 21.785 1.36971 6
      vertex 21.8708 1.25003 6
    endloop
  endfacet
  facet normal 0 0 1
    outer loop
      vertex 24.699 4.12091 6
      vertex 21.6916 1.48353 6
      vertex 21.785 1.36971 6
    endloop
  endfacet
  facet normal 0 0 1
    outer loop
      vertex 20.7232 2.13059 6
      vertex 22.009 5.91831 6
      vertex 21.6176 6.03704 6
    endloop
  endfacet
  facet normal 0 0 1
    outer loop
      vertex 24.4194 4.41942 6
      vertex 21.591 1.59099 6
      vertex 21.6916 1.48353 6
    endloop
  endfacet
  facet normal 0 0 1
    outer loop
      vertex 24.1209 4.699 6
      vertex 21.4835 1.69164 6
      vertex 21.591 1.59099 6
    endloop
  endfacet
  facet normal 0 0 1
    outer loop
      vertex 23.8048 4.95846 6
      vertex 21.3697 1.78504 6
      vertex 21.4835 1.69164 6
    endloop
  endfacet
  facet normal 0 0 1
    outer loop
      vertex 23.4723 5.19668 6
      vertex 21.25 1.87081 6
      vertex 21.3697 1.78504 6
    endloop
  endfacet
  facet normal 0 0 1
    outer loop
      vertex 20.5823 2.17333 6
      vertex 21.6176 6.03704 6
      vertex 21.2193 6.12991 6
    endloop
  endfacet
  facet normal 0 0 1
    outer loop
      vertex 23.125 5.41266 6
      vertex 21.125 1.94856 6
      vertex 21.25 1.87081 6
    endloop
  endfacet
  facet normal 0 0 1
    outer loop
      vertex 22.7643 5.60545 6
      vertex 20.9951 2.01796 6
      vertex 21.125 1.94856 6
    endloop
  endfacet
  facet normal 0 0 1
    outer loop
      vertex 22.3918 5.77425 6
      vertex 20.861 2.07873 6
      vertex 20.9951 2.01796 6
    endloop
  endfacet
  facet normal 0 0 1
    outer loop
      vertex 20.439 2.20677 6
      vertex 21.2193 6.12991 6
      vertex 20.8158 6.19653 6
    endloop
  endfacet
  facet normal 0 0 1
    outer loop
      vertex 22.009 5.91831 6
      vertex 20.7232 2.13059 6
      vertex 20.861 2.07873 6
    endloop
  endfacet
  facet normal 0 0 1
    outer loop
      vertex 21.6176 6.03704 6
      vertex 20.5823 2.17333 6
      vertex 20.7232 2.13059 6
    endloop
  endfacet
  facet normal 0 0 1
    outer loop
      vertex 21.2193 6.12991 6
      vertex 20.439 2.20677 6
      vertex 20.5823 2.17333 6
    endloop
  endfacet
  facet normal 0 0 1
    outer loop
      vertex 20.2937 2.23075 6
      vertex 20.8158 6.19653 6
      vertex 20.4088 6.23662 6
    endloop
  endfacet
  facet normal 0 0 1
    outer loop
      vertex 20.8158 6.19653 6
      vertex 20.2937 2.23075 6
      vertex 20.439 2.20677 6
    endloop
  endfacet
  facet normal 0 0 1
    outer loop
      vertex 20.4088 6.23662 6
      vertex 20.1472 2.24518 6
      vertex 20.2937 2.23075 6
    endloop
  endfacet
  facet normal 0 0 1
    outer loop
      vertex 20 6.25 6
      vertex 20.1472 2.24518 6
      vertex 20.4088 6.23662 6
    endloop
  endfacet
  facet normal 0 0 1
    outer loop
      vertex 20 6.25 6
      vertex 20 2.25 6
      vertex 20.1472 2.24518 6
    endloop
  endfacet
  facet normal 0 0 1
    outer loop
      vertex 20 6.25 6
      vertex 19.8528 2.24518 6
      vertex 20 2.25 6
    endloop
  endfacet
  facet normal -0 0 1
    outer loop
      vertex 19.5912 6.23662 6
      vertex 19.8528 2.24518 6
      vertex 20 6.25 6
    endloop
  endfacet
  facet normal 0 0 1
    outer loop
      vertex 19.8528 2.24518 6
      vertex 19.5912 6.23662 6
      vertex 19.7063 2.23075 6
    endloop
  endfacet
  facet normal -0 0 1
    outer loop
      vertex 19.1842 6.19653 6
      vertex 19.7063 2.23075 6
      vertex 19.5912 6.23662 6
    endloop
  endfacet
  facet normal 0 0 1
    outer loop
      vertex 19.7063 2.23075 6
      vertex 19.1842 6.19653 6
      vertex 19.561 2.20677 6
    endloop
  endfacet
  facet normal -0 0 1
    outer loop
      vertex 18.7807 6.12991 6
      vertex 19.561 2.20677 6
      vertex 19.1842 6.19653 6
    endloop
  endfacet
  facet normal 0 0 1
    outer loop
      vertex 19.561 2.20677 6
      vertex 18.7807 6.12991 6
      vertex 19.4177 2.17333 6
    endloop
  endfacet
  facet normal -0 0 1
    outer loop
      vertex 18.3824 6.03704 6
      vertex 19.4177 2.17333 6
      vertex 18.7807 6.12991 6
    endloop
  endfacet
  facet normal 0 0 1
    outer loop
      vertex 19.4177 2.17333 6
      vertex 18.3824 6.03704 6
      vertex 19.2768 2.13059 6
    endloop
  endfacet
  facet normal -0 0 1
    outer loop
      vertex 17.991 5.91831 6
      vertex 19.2768 2.13059 6
      vertex 18.3824 6.03704 6
    endloop
  endfacet
  facet normal 0 0 1
    outer loop
      vertex 19.2768 2.13059 6
      vertex 17.991 5.91831 6
      vertex 19.139 2.07873 6
    endloop
  endfacet
  facet normal -0 0 1
    outer loop
      vertex 17.6082 5.77425 6
      vertex 19.139 2.07873 6
      vertex 17.991 5.91831 6
    endloop
  endfacet
  facet normal 0 0 1
    outer loop
      vertex 19.139 2.07873 6
      vertex 17.6082 5.77425 6
      vertex 19.0049 2.01796 6
    endloop
  endfacet
  facet normal -0 0 1
    outer loop
      vertex 17.2357 5.60545 6
      vertex 19.0049 2.01796 6
      vertex 17.6082 5.77425 6
    endloop
  endfacet
  facet normal 0 0 1
    outer loop
      vertex 19.0049 2.01796 6
      vertex 17.2357 5.60545 6
      vertex 18.875 1.94856 6
    endloop
  endfacet
  facet normal -0 0 1
    outer loop
      vertex 16.875 5.41266 6
      vertex 18.875 1.94856 6
      vertex 17.2357 5.60545 6
    endloop
  endfacet
  facet normal 0 0 1
    outer loop
      vertex 18.875 1.94856 6
      vertex 16.875 5.41266 6
      vertex 18.75 1.87081 6
    endloop
  endfacet
  facet normal -0 0 1
    outer loop
      vertex 16.5277 5.19668 6
      vertex 18.75 1.87081 6
      vertex 16.875 5.41266 6
    endloop
  endfacet
  facet normal 0 0 1
    outer loop
      vertex 18.75 1.87081 6
      vertex 16.5277 5.19668 6
      vertex 18.6303 1.78504 6
    endloop
  endfacet
  facet normal -0 0 1
    outer loop
      vertex 16.1952 4.95846 6
      vertex 18.6303 1.78504 6
      vertex 16.5277 5.19668 6
    endloop
  endfacet
  facet normal 0 0 1
    outer loop
      vertex 18.6303 1.78504 6
      vertex 16.1952 4.95846 6
      vertex 18.5165 1.69164 6
    endloop
  endfacet
  facet normal -0 0 1
    outer loop
      vertex 15.8791 4.699 6
      vertex 18.5165 1.69164 6
      vertex 16.1952 4.95846 6
    endloop
  endfacet
  facet normal 0 0 1
    outer loop
      vertex 18.5165 1.69164 6
      vertex 15.8791 4.699 6
      vertex 18.409 1.59099 6
    endloop
  endfacet
  facet normal -0 0 1
    outer loop
      vertex 15.5806 4.41942 6
      vertex 18.409 1.59099 6
      vertex 15.8791 4.699 6
    endloop
  endfacet
  facet normal -0 0 1
    outer loop
      vertex 15.4218 4.2499 6
      vertex 18.409 1.59099 6
      vertex 15.5806 4.41942 6
    endloop
  endfacet
  facet normal 0 0 1
    outer loop
      vertex 18.409 1.59099 6
      vertex 15.4218 4.2499 6
      vertex 18.3084 1.48353 6
    endloop
  endfacet
  facet normal 0 0 1
    outer loop
      vertex 18.3084 1.48353 6
      vertex 15.4218 4.2499 6
      vertex 18.215 1.36971 6
    endloop
  endfacet
  facet normal 0 0 1
    outer loop
      vertex 18.215 1.36971 6
      vertex 15.4218 4.2499 6
      vertex 18.1292 1.25003 6
    endloop
  endfacet
  facet normal 0 0 1
    outer loop
      vertex 18.0514 1.125 6
      vertex 15.4218 4.2499 6
      vertex 17.982 0.995149 6
    endloop
  endfacet
  facet normal 0 0 1
    outer loop
      vertex 18.1292 1.25003 6
      vertex 15.4218 4.2499 6
      vertex 18.0514 1.125 6
    endloop
  endfacet
  facet normal 0 0 1
    outer loop
      vertex 25.1967 -3.47231 6
      vertex 21.8708 -1.25003 6
      vertex 24.9585 -3.80476 6
    endloop
  endfacet
  facet normal -0 0 1
    outer loop
      vertex 21.785 -1.36971 6
      vertex 24.9585 -3.80476 6
      vertex 21.8708 -1.25003 6
    endloop
  endfacet
  facet normal 0 0 1
    outer loop
      vertex 24.9585 -3.80476 6
      vertex 21.785 -1.36971 6
      vertex 24.699 -4.12091 6
    endloop
  endfacet
  facet normal -0 0 1
    outer loop
      vertex 21.6916 -1.48353 6
      vertex 24.699 -4.12091 6
      vertex 21.785 -1.36971 6
    endloop
  endfacet
  facet normal 0 0 1
    outer loop
      vertex 24.699 -4.12091 6
      vertex 21.6916 -1.48353 6
      vertex 24.4194 -4.41942 6
    endloop
  endfacet
  facet normal -0 0 1
    outer loop
      vertex 21.591 -1.59099 6
      vertex 24.4194 -4.41942 6
      vertex 21.6916 -1.48353 6
    endloop
  endfacet
  facet normal 0 0 1
    outer loop
      vertex 24.4194 -4.41942 6
      vertex 21.591 -1.59099 6
      vertex 24.1209 -4.699 6
    endloop
  endfacet
  facet normal -0 0 1
    outer loop
      vertex 21.4835 -1.69164 6
      vertex 24.1209 -4.699 6
      vertex 21.591 -1.59099 6
    endloop
  endfacet
  facet normal 0 0 1
    outer loop
      vertex 24.1209 -4.699 6
      vertex 21.4835 -1.69164 6
      vertex 23.8048 -4.95846 6
    endloop
  endfacet
  facet normal -0 0 1
    outer loop
      vertex 21.3697 -1.78504 6
      vertex 23.8048 -4.95846 6
      vertex 21.4835 -1.69164 6
    endloop
  endfacet
  facet normal 0 0 1
    outer loop
      vertex 23.8048 -4.95846 6
      vertex 21.3697 -1.78504 6
      vertex 23.4723 -5.19668 6
    endloop
  endfacet
  facet normal -0 0 1
    outer loop
      vertex 21.25 -1.87081 6
      vertex 23.4723 -5.19668 6
      vertex 21.3697 -1.78504 6
    endloop
  endfacet
  facet normal 0 0 1
    outer loop
      vertex 23.4723 -5.19668 6
      vertex 21.25 -1.87081 6
      vertex 23.125 -5.41266 6
    endloop
  endfacet
  facet normal -0 0 1
    outer loop
      vertex 21.125 -1.94856 6
      vertex 23.125 -5.41266 6
      vertex 21.25 -1.87081 6
    endloop
  endfacet
  facet normal 0 0 1
    outer loop
      vertex 23.125 -5.41266 6
      vertex 21.125 -1.94856 6
      vertex 22.7643 -5.60545 6
    endloop
  endfacet
  facet normal -0 0 1
    outer loop
      vertex 20.9951 -2.01796 6
      vertex 22.7643 -5.60545 6
      vertex 21.125 -1.94856 6
    endloop
  endfacet
  facet normal 0 0 1
    outer loop
      vertex 22.7643 -5.60545 6
      vertex 20.9951 -2.01796 6
      vertex 22.3918 -5.77425 6
    endloop
  endfacet
  facet normal -0 0 1
    outer loop
      vertex 20.861 -2.07873 6
      vertex 22.3918 -5.77425 6
      vertex 20.9951 -2.01796 6
    endloop
  endfacet
  facet normal 0 0 1
    outer loop
      vertex 22.3918 -5.77425 6
      vertex 20.861 -2.07873 6
      vertex 22.009 -5.91831 6
    endloop
  endfacet
  facet normal -0 0 1
    outer loop
      vertex 20.7232 -2.13059 6
      vertex 22.009 -5.91831 6
      vertex 20.861 -2.07873 6
    endloop
  endfacet
  facet normal 0 0 1
    outer loop
      vertex 22.009 -5.91831 6
      vertex 20.7232 -2.13059 6
      vertex 21.6176 -6.03704 6
    endloop
  endfacet
  facet normal -0 0 1
    outer loop
      vertex 20.5823 -2.17333 6
      vertex 21.6176 -6.03704 6
      vertex 20.7232 -2.13059 6
    endloop
  endfacet
  facet normal 0 0 1
    outer loop
      vertex 21.6176 -6.03704 6
      vertex 20.5823 -2.17333 6
      vertex 21.2193 -6.12991 6
    endloop
  endfacet
  facet normal -0 0 1
    outer loop
      vertex 20.439 -2.20677 6
      vertex 21.2193 -6.12991 6
      vertex 20.5823 -2.17333 6
    endloop
  endfacet
  facet normal 0 0 1
    outer loop
      vertex 21.2193 -6.12991 6
      vertex 20.439 -2.20677 6
      vertex 20.8158 -6.19653 6
    endloop
  endfacet
  facet normal -0 0 1
    outer loop
      vertex 20.2937 -2.23075 6
      vertex 20.8158 -6.19653 6
      vertex 20.439 -2.20677 6
    endloop
  endfacet
  facet normal 0 0 1
    outer loop
      vertex 20.8158 -6.19653 6
      vertex 20.2937 -2.23075 6
      vertex 20.4088 -6.23662 6
    endloop
  endfacet
  facet normal -0 0 1
    outer loop
      vertex 20.1472 -2.24518 6
      vertex 20.4088 -6.23662 6
      vertex 20.2937 -2.23075 6
    endloop
  endfacet
  facet normal -0 0 1
    outer loop
      vertex 20 -2.25 6
      vertex 20.4088 -6.23662 6
      vertex 20.1472 -2.24518 6
    endloop
  endfacet
  facet normal 0 0 1
    outer loop
      vertex 20 -2.25 6
      vertex 20 -6.25 6
      vertex 20.4088 -6.23662 6
    endloop
  endfacet
  facet normal 0 0 1
    outer loop
      vertex 19.8528 -2.24518 6
      vertex 20 -6.25 6
      vertex 20 -2.25 6
    endloop
  endfacet
  facet normal 0 0 1
    outer loop
      vertex 19.5912 -6.23662 6
      vertex 19.8528 -2.24518 6
      vertex 19.7063 -2.23075 6
    endloop
  endfacet
  facet normal 0 0 1
    outer loop
      vertex 19.8528 -2.24518 6
      vertex 19.5912 -6.23662 6
      vertex 20 -6.25 6
    endloop
  endfacet
  facet normal 0 0 1
    outer loop
      vertex 19.1842 -6.19653 6
      vertex 19.7063 -2.23075 6
      vertex 19.561 -2.20677 6
    endloop
  endfacet
  facet normal 0 0 1
    outer loop
      vertex 18.7807 -6.12991 6
      vertex 19.561 -2.20677 6
      vertex 19.4177 -2.17333 6
    endloop
  endfacet
  facet normal 0 0 1
    outer loop
      vertex 18.3824 -6.03704 6
      vertex 19.4177 -2.17333 6
      vertex 19.2768 -2.13059 6
    endloop
  endfacet
  facet normal 0 0 1
    outer loop
      vertex 19.7063 -2.23075 6
      vertex 19.1842 -6.19653 6
      vertex 19.5912 -6.23662 6
    endloop
  endfacet
  facet normal 0 0 1
    outer loop
      vertex 17.991 -5.91831 6
      vertex 19.2768 -2.13059 6
      vertex 19.139 -2.07873 6
    endloop
  endfacet
  facet normal 0 0 1
    outer loop
      vertex 17.6082 -5.77425 6
      vertex 19.139 -2.07873 6
      vertex 19.0049 -2.01796 6
    endloop
  endfacet
  facet normal 0 0 1
    outer loop
      vertex 17.2357 -5.60545 6
      vertex 19.0049 -2.01796 6
      vertex 18.875 -1.94856 6
    endloop
  endfacet
  facet normal 0 0 1
    outer loop
      vertex 19.561 -2.20677 6
      vertex 18.7807 -6.12991 6
      vertex 19.1842 -6.19653 6
    endloop
  endfacet
  facet normal 0 0 1
    outer loop
      vertex 16.875 -5.41266 6
      vertex 18.875 -1.94856 6
      vertex 18.75 -1.87081 6
    endloop
  endfacet
  facet normal 0 0 1
    outer loop
      vertex 16.5277 -5.19668 6
      vertex 18.75 -1.87081 6
      vertex 18.6303 -1.78504 6
    endloop
  endfacet
  facet normal 0 0 1
    outer loop
      vertex 16.1952 -4.95846 6
      vertex 18.6303 -1.78504 6
      vertex 18.5165 -1.69164 6
    endloop
  endfacet
  facet normal 0 0 1
    outer loop
      vertex 15.8791 -4.699 6
      vertex 18.5165 -1.69164 6
      vertex 18.409 -1.59099 6
    endloop
  endfacet
  facet normal 0 0 1
    outer loop
      vertex 19.4177 -2.17333 6
      vertex 18.3824 -6.03704 6
      vertex 18.7807 -6.12991 6
    endloop
  endfacet
  facet normal 0 0 1
    outer loop
      vertex 15.4218 -4.2499 6
      vertex 18.409 -1.59099 6
      vertex 18.3084 -1.48353 6
    endloop
  endfacet
  facet normal 0 0 1
    outer loop
      vertex 15.4218 -4.2499 6
      vertex 18.3084 -1.48353 6
      vertex 18.215 -1.36971 6
    endloop
  endfacet
  facet normal 0 0 1
    outer loop
      vertex 15.4218 -4.2499 6
      vertex 18.215 -1.36971 6
      vertex 18.1292 -1.25003 6
    endloop
  endfacet
  facet normal 0 0 1
    outer loop
      vertex 15.4218 -4.2499 6
      vertex 18.1292 -1.25003 6
      vertex 18.0514 -1.125 6
    endloop
  endfacet
  facet normal 0 0 1
    outer loop
      vertex 19.2768 -2.13059 6
      vertex 17.991 -5.91831 6
      vertex 18.3824 -6.03704 6
    endloop
  endfacet
  facet normal 0 0 1
    outer loop
      vertex 15.4218 -4.2499 6
      vertex 18.0514 -1.125 6
      vertex 17.982 -0.995149 6
    endloop
  endfacet
  facet normal 0 0 1
    outer loop
      vertex 15.4218 -4.2499 6
      vertex 17.982 -0.995149 6
      vertex 17.9213 -0.861037 6
    endloop
  endfacet
  facet normal 0 0 1
    outer loop
      vertex 15.4218 -4.2499 6
      vertex 17.9213 -0.861037 6
      vertex 17.8694 -0.723238 6
    endloop
  endfacet
  facet normal 0 0 1
    outer loop
      vertex 15.4218 -4.2499 6
      vertex 17.8694 -0.723238 6
      vertex 17.8267 -0.582342 6
    endloop
  endfacet
  facet normal 0 0 1
    outer loop
      vertex 15.4218 -4.2499 6
      vertex 17.8267 -0.582342 6
      vertex 17.7932 -0.438952 6
    endloop
  endfacet
  facet normal 0 0 1
    outer loop
      vertex 11.6366 -0.762703 6
      vertex 17.7548 -0.147157 6
      vertex 11.6615 -0.00120585 6
    endloop
  endfacet
  facet normal 0 0 1
    outer loop
      vertex 17.75 0 6
      vertex 11.6615 -0.00120585 6
      vertex 17.7548 -0.147157 6
    endloop
  endfacet
  facet normal 0 0 1
    outer loop
      vertex 19.139 -2.07873 6
      vertex 17.6082 -5.77425 6
      vertex 17.991 -5.91831 6
    endloop
  endfacet
  facet normal 0 0 1
    outer loop
      vertex 11.6615 -0.00120585 6
      vertex 17.75 0 6
      vertex 11.6616 0 6
    endloop
  endfacet
  facet normal 0 0 1
    outer loop
      vertex 17.982 0.995149 6
      vertex 15.4218 4.2499 6
      vertex 17.9213 0.861037 6
    endloop
  endfacet
  facet normal 0 0 1
    outer loop
      vertex 17.9213 0.861037 6
      vertex 15.4218 4.2499 6
      vertex 17.8694 0.723238 6
    endloop
  endfacet
  facet normal 0 0 1
    outer loop
      vertex 19.0049 -2.01796 6
      vertex 17.2357 -5.60545 6
      vertex 17.6082 -5.77425 6
    endloop
  endfacet
  facet normal 0 0 1
    outer loop
      vertex 17.8694 0.723238 6
      vertex 15.4218 4.2499 6
      vertex 17.8267 0.582342 6
    endloop
  endfacet
  facet normal 0 0 1
    outer loop
      vertex 18.875 -1.94856 6
      vertex 16.875 -5.41266 6
      vertex 17.2357 -5.60545 6
    endloop
  endfacet
  facet normal 0 0 1
    outer loop
      vertex 17.8267 0.582342 6
      vertex 15.4218 4.2499 6
      vertex 17.7932 0.438952 6
    endloop
  endfacet
  facet normal 0 0 1
    outer loop
      vertex 18.75 -1.87081 6
      vertex 16.5277 -5.19668 6
      vertex 16.875 -5.41266 6
    endloop
  endfacet
  facet normal -0 0 1
    outer loop
      vertex 11.6366 0.762703 6
      vertex 17.7932 0.438952 6
      vertex 15.4218 4.2499 6
    endloop
  endfacet
  facet normal 0 0 1
    outer loop
      vertex 18.6303 -1.78504 6
      vertex 16.1952 -4.95846 6
      vertex 16.5277 -5.19668 6
    endloop
  endfacet
  facet normal 0 0 1
    outer loop
      vertex 17.7932 0.438952 6
      vertex 11.6366 0.762703 6
      vertex 17.7692 0.293683 6
    endloop
  endfacet
  facet normal 0 0 1
    outer loop
      vertex 18.5165 -1.69164 6
      vertex 15.8791 -4.699 6
      vertex 16.1952 -4.95846 6
    endloop
  endfacet
  facet normal 0 0 1
    outer loop
      vertex 17.7692 0.293683 6
      vertex 11.6366 0.762703 6
      vertex 17.7548 0.147157 6
    endloop
  endfacet
  facet normal 0 -0 1
    outer loop
      vertex 11.6615 0.00120585 6
      vertex 17.7548 0.147157 6
      vertex 11.6366 0.762703 6
    endloop
  endfacet
  facet normal 0 0 1
    outer loop
      vertex 18.409 -1.59099 6
      vertex 15.4218 -4.2499 6
      vertex 15.5806 -4.41942 6
    endloop
  endfacet
  facet normal 0 0 1
    outer loop
      vertex 18.409 -1.59099 6
      vertex 15.5806 -4.41942 6
      vertex 15.8791 -4.699 6
    endloop
  endfacet
  facet normal 0 0 1
    outer loop
      vertex 11.0427 3.74849 6
      vertex 15.4218 4.2499 6
      vertex 15.1509 5.14303 6
    endloop
  endfacet
  facet normal 0 0 1
    outer loop
      vertex 17.75 0 6
      vertex 11.6615 0.00120585 6
      vertex 11.6616 0 6
    endloop
  endfacet
  facet normal 0 0 1
    outer loop
      vertex 11.0427 3.74849 6
      vertex 15.1509 5.14303 6
      vertex 14.7821 6.12293 6
    endloop
  endfacet
  facet normal 0 0 1
    outer loop
      vertex 17.7548 -0.147157 6
      vertex 11.6366 -0.762703 6
      vertex 17.7692 -0.293683 6
    endloop
  endfacet
  facet normal 0 0 1
    outer loop
      vertex 10.7734 4.46379 6
      vertex 14.7821 6.12293 6
      vertex 14.35 7.07662 6
    endloop
  endfacet
  facet normal 0 0 1
    outer loop
      vertex 17.7692 -0.293683 6
      vertex 11.6366 -0.762703 6
      vertex 17.7932 -0.438952 6
    endloop
  endfacet
  facet normal 0 0 1
    outer loop
      vertex 10.4584 5.15884 6
      vertex 14.35 7.07662 6
      vertex 13.8564 8 6
    endloop
  endfacet
  facet normal 0 0 1
    outer loop
      vertex 17.7932 -0.438952 6
      vertex 11.6366 -0.762703 6
      vertex 15.4218 -4.2499 6
    endloop
  endfacet
  facet normal 0 0 1
    outer loop
      vertex 10.0992 5.83078 6
      vertex 13.8564 8 6
      vertex 13.3035 8.88912 6
    endloop
  endfacet
  facet normal -0 0 1
    outer loop
      vertex 11.5619 -1.52094 6
      vertex 15.4218 -4.2499 6
      vertex 11.6366 -0.762703 6
    endloop
  endfacet
  facet normal 0 0 1
    outer loop
      vertex 9.69553 6.4798 6
      vertex 13.3035 8.88912 6
      vertex 12.6937 9.74018 6
    endloop
  endfacet
  facet normal -0 0 1
    outer loop
      vertex 11.5618 -1.52214 6
      vertex 15.4218 -4.2499 6
      vertex 11.5619 -1.52094 6
    endloop
  endfacet
  facet normal 0 0 1
    outer loop
      vertex 9.25174 7.09911 6
      vertex 12.6937 9.74018 6
      vertex 12.0294 10.5495 6
    endloop
  endfacet
  facet normal -0 0 1
    outer loop
      vertex 11.4375 -2.27506 6
      vertex 15.4218 -4.2499 6
      vertex 11.4377 -2.27387 6
    endloop
  endfacet
  facet normal -0 0 1
    outer loop
      vertex 11.4372 -2.27623 6
      vertex 15.4218 -4.2499 6
      vertex 11.4375 -2.27506 6
    endloop
  endfacet
  facet normal -0 0 1
    outer loop
      vertex 11.4377 -2.27387 6
      vertex 15.4218 -4.2499 6
      vertex 11.5618 -1.52214 6
    endloop
  endfacet
  facet normal 0 0 1
    outer loop
      vertex 17.7548 0.147157 6
      vertex 11.6615 0.00120585 6
      vertex 17.75 0 6
    endloop
  endfacet
  facet normal 0 0 1
    outer loop
      vertex 15.4218 4.2499 6
      vertex 11.5619 1.52094 6
      vertex 11.6366 0.762703 6
    endloop
  endfacet
  facet normal 0 0 1
    outer loop
      vertex 15.4218 4.2499 6
      vertex 11.5618 1.52214 6
      vertex 11.5619 1.52094 6
    endloop
  endfacet
  facet normal 0 0 1
    outer loop
      vertex 15.4218 4.2499 6
      vertex 11.4377 2.27387 6
      vertex 11.5618 1.52214 6
    endloop
  endfacet
  facet normal 0 0 1
    outer loop
      vertex 15.4218 4.2499 6
      vertex 11.4375 2.27506 6
      vertex 11.4377 2.27387 6
    endloop
  endfacet
  facet normal 0 0 1
    outer loop
      vertex 15.4218 4.2499 6
      vertex 11.4372 2.27623 6
      vertex 11.4375 2.27506 6
    endloop
  endfacet
  facet normal 0 0 1
    outer loop
      vertex 8.76763 7.689 6
      vertex 12.0294 10.5495 6
      vertex 11.3137 11.3137 6
    endloop
  endfacet
  facet normal 0 0 1
    outer loop
      vertex 15.4218 4.2499 6
      vertex 11.2642 3.01823 6
      vertex 11.4372 2.27623 6
    endloop
  endfacet
  facet normal 0 0 1
    outer loop
      vertex 15.4218 4.2499 6
      vertex 11.2639 3.01939 6
      vertex 11.2642 3.01823 6
    endloop
  endfacet
  facet normal 0 0 1
    outer loop
      vertex 15.4218 4.2499 6
      vertex 11.0427 3.74849 6
      vertex 11.2639 3.01939 6
    endloop
  endfacet
  facet normal 0 0 1
    outer loop
      vertex 14.7821 6.12293 6
      vertex 10.7743 4.46156 6
      vertex 11.0427 3.74849 6
    endloop
  endfacet
  facet normal 0 0 1
    outer loop
      vertex 14.7821 6.12293 6
      vertex 10.7739 4.46269 6
      vertex 10.7743 4.46156 6
    endloop
  endfacet
  facet normal 0 0 1
    outer loop
      vertex 14.7821 6.12293 6
      vertex 10.7734 4.46379 6
      vertex 10.7739 4.46269 6
    endloop
  endfacet
  facet normal 0 0 1
    outer loop
      vertex 8.24509 8.2468 6
      vertex 11.3137 11.3137 6
      vertex 10.5495 12.0294 6
    endloop
  endfacet
  facet normal 0 0 1
    outer loop
      vertex 14.35 7.07662 6
      vertex 10.4589 5.15778 6
      vertex 10.7734 4.46379 6
    endloop
  endfacet
  facet normal 0 0 1
    outer loop
      vertex 14.35 7.07662 6
      vertex 10.4584 5.15884 6
      vertex 10.4589 5.15778 6
    endloop
  endfacet
  facet normal 0 0 1
    outer loop
      vertex 13.8564 8 6
      vertex 10.0992 5.83078 6
      vertex 10.4584 5.15884 6
    endloop
  endfacet
  facet normal 0 0 1
    outer loop
      vertex 7.68807 8.76839 6
      vertex 10.5495 12.0294 6
      vertex 9.74018 12.6937 6
    endloop
  endfacet
  facet normal 0 0 1
    outer loop
      vertex 13.3035 8.88912 6
      vertex 9.69687 6.47779 6
      vertex 10.0992 5.83078 6
    endloop
  endfacet
  facet normal 0 0 1
    outer loop
      vertex 13.3035 8.88912 6
      vertex 9.69624 6.47882 6
      vertex 9.69687 6.47779 6
    endloop
  endfacet
  facet normal 0 0 1
    outer loop
      vertex 13.3035 8.88912 6
      vertex 9.69553 6.4798 6
      vertex 9.69624 6.47882 6
    endloop
  endfacet
  facet normal 0 0 1
    outer loop
      vertex 12.6937 9.74018 6
      vertex 9.25174 7.09911 6
      vertex 9.69553 6.4798 6
    endloop
  endfacet
  facet normal 0 0 1
    outer loop
      vertex 7.09911 9.25174 6
      vertex 9.74018 12.6937 6
      vertex 8.88912 13.3035 6
    endloop
  endfacet
  facet normal 0 0 1
    outer loop
      vertex 12.0294 10.5495 6
      vertex 8.76839 7.68807 6
      vertex 9.25174 7.09911 6
    endloop
  endfacet
  facet normal 0 0 1
    outer loop
      vertex 12.0294 10.5495 6
      vertex 8.76763 7.689 6
      vertex 8.76839 7.68807 6
    endloop
  endfacet
  facet normal 0 0 1
    outer loop
      vertex 11.3137 11.3137 6
      vertex 8.2468 8.24509 6
      vertex 8.76763 7.689 6
    endloop
  endfacet
  facet normal 0 0 1
    outer loop
      vertex 11.3137 11.3137 6
      vertex 8.24597 8.24597 6
      vertex 8.2468 8.24509 6
    endloop
  endfacet
  facet normal 0 0 1
    outer loop
      vertex 11.3137 11.3137 6
      vertex 8.24509 8.2468 6
      vertex 8.24597 8.24597 6
    endloop
  endfacet
  facet normal 0 0 1
    outer loop
      vertex 6.47779 9.69687 6
      vertex 8.88912 13.3035 6
      vertex 8 13.8564 6
    endloop
  endfacet
  facet normal 0 0 1
    outer loop
      vertex 10.5495 12.0294 6
      vertex 7.689 8.76763 6
      vertex 8.24509 8.2468 6
    endloop
  endfacet
  facet normal 0 0 1
    outer loop
      vertex 10.5495 12.0294 6
      vertex 7.68807 8.76839 6
      vertex 7.689 8.76763 6
    endloop
  endfacet
  facet normal 0 0 1
    outer loop
      vertex 9.74018 12.6937 6
      vertex 7.09911 9.25174 6
      vertex 7.68807 8.76839 6
    endloop
  endfacet
  facet normal 0 0 1
    outer loop
      vertex 5.83078 10.0992 6
      vertex 8 13.8564 6
      vertex 7.07662 14.35 6
    endloop
  endfacet
  facet normal 0 0 1
    outer loop
      vertex 8.88912 13.3035 6
      vertex 6.4798 9.69553 6
      vertex 7.09911 9.25174 6
    endloop
  endfacet
  facet normal 0 0 1
    outer loop
      vertex 8.88912 13.3035 6
      vertex 6.47882 9.69624 6
      vertex 6.4798 9.69553 6
    endloop
  endfacet
  facet normal 0 0 1
    outer loop
      vertex 8.88912 13.3035 6
      vertex 6.47779 9.69687 6
      vertex 6.47882 9.69624 6
    endloop
  endfacet
  facet normal 0 0 1
    outer loop
      vertex 5.15778 10.4589 6
      vertex 7.07662 14.35 6
      vertex 6.12293 14.7821 6
    endloop
  endfacet
  facet normal 0 0 1
    outer loop
      vertex 8 13.8564 6
      vertex 5.83078 10.0992 6
      vertex 6.47779 9.69687 6
    endloop
  endfacet
  facet normal 0 0 1
    outer loop
      vertex 7.07662 14.35 6
      vertex 5.15884 10.4584 6
      vertex 5.83078 10.0992 6
    endloop
  endfacet
  facet normal 0 0 1
    outer loop
      vertex 7.07662 14.35 6
      vertex 5.15778 10.4589 6
      vertex 5.15884 10.4584 6
    endloop
  endfacet
  facet normal 0 0 1
    outer loop
      vertex 4.46156 10.7743 6
      vertex 6.12293 14.7821 6
      vertex 5.14303 15.1509 6
    endloop
  endfacet
  facet normal 0 0 1
    outer loop
      vertex 6.12293 14.7821 6
      vertex 4.46379 10.7734 6
      vertex 5.15778 10.4589 6
    endloop
  endfacet
  facet normal 0 0 1
    outer loop
      vertex 6.12293 14.7821 6
      vertex 4.46269 10.7739 6
      vertex 4.46379 10.7734 6
    endloop
  endfacet
  facet normal 0 0 1
    outer loop
      vertex 6.12293 14.7821 6
      vertex 4.46156 10.7743 6
      vertex 4.46269 10.7739 6
    endloop
  endfacet
  facet normal 0 0 1
    outer loop
      vertex 3.74849 11.0427 6
      vertex 5.14303 15.1509 6
      vertex 4.1411 15.4548 6
    endloop
  endfacet
  facet normal 0 0 1
    outer loop
      vertex 5.14303 15.1509 6
      vertex 3.74849 11.0427 6
      vertex 4.46156 10.7743 6
    endloop
  endfacet
  facet normal 0 0 1
    outer loop
      vertex 3.01823 11.2642 6
      vertex 4.1411 15.4548 6
      vertex 3.12144 15.6926 6
    endloop
  endfacet
  facet normal 0 0 1
    outer loop
      vertex 4.1411 15.4548 6
      vertex 3.01939 11.2639 6
      vertex 3.74849 11.0427 6
    endloop
  endfacet
  facet normal 0 0 1
    outer loop
      vertex 4.1411 15.4548 6
      vertex 3.01823 11.2642 6
      vertex 3.01939 11.2639 6
    endloop
  endfacet
  facet normal 0 0 1
    outer loop
      vertex 3.12144 15.6926 6
      vertex 2.27623 11.4372 6
      vertex 3.01823 11.2642 6
    endloop
  endfacet
  facet normal 0 0 1
    outer loop
      vertex 3.12144 15.6926 6
      vertex 2.27506 11.4375 6
      vertex 2.27623 11.4372 6
    endloop
  endfacet
  facet normal 0 0 1
    outer loop
      vertex 3.12144 15.6926 6
      vertex 2.27387 11.4377 6
      vertex 2.27506 11.4375 6
    endloop
  endfacet
  facet normal 0 0 1
    outer loop
      vertex 2.08842 15.8631 6
      vertex 2.27387 11.4377 6
      vertex 3.12144 15.6926 6
    endloop
  endfacet
  facet normal 0 0 1
    outer loop
      vertex 2.08842 15.8631 6
      vertex 1.52214 11.5618 6
      vertex 2.27387 11.4377 6
    endloop
  endfacet
  facet normal 0 0 1
    outer loop
      vertex 2.08842 15.8631 6
      vertex 1.52094 11.5619 6
      vertex 1.52214 11.5618 6
    endloop
  endfacet
  facet normal 0 0 1
    outer loop
      vertex 1.04645 15.9657 6
      vertex 1.52094 11.5619 6
      vertex 2.08842 15.8631 6
    endloop
  endfacet
  facet normal 0 0 1
    outer loop
      vertex 1.04645 15.9657 6
      vertex 0.762703 11.6366 6
      vertex 1.52094 11.5619 6
    endloop
  endfacet
  facet normal 0 0 1
    outer loop
      vertex 1.04645 15.9657 6
      vertex 0.00120585 11.6615 6
      vertex 0.762703 11.6366 6
    endloop
  endfacet
  facet normal 0 0 1
    outer loop
      vertex 0 16 6
      vertex 0.00120585 11.6615 6
      vertex 1.04645 15.9657 6
    endloop
  endfacet
  facet normal 0 0 1
    outer loop
      vertex 0 16 6
      vertex 0 11.6616 6
      vertex 0.00120585 11.6615 6
    endloop
  endfacet
  facet normal 0 0 1
    outer loop
      vertex 0 16 6
      vertex -0.00120585 11.6615 6
      vertex 0 11.6616 6
    endloop
  endfacet
  facet normal 0 0 1
    outer loop
      vertex 0 16 6
      vertex -0.762703 11.6366 6
      vertex -0.00120585 11.6615 6
    endloop
  endfacet
  facet normal -0 0 1
    outer loop
      vertex -1.04645 15.9657 6
      vertex -0.762703 11.6366 6
      vertex 0 16 6
    endloop
  endfacet
  facet normal 0 0 1
    outer loop
      vertex -1.04645 15.9657 6
      vertex -1.52094 11.5619 6
      vertex -0.762703 11.6366 6
    endloop
  endfacet
  facet normal -0 0 1
    outer loop
      vertex -2.08842 15.8631 6
      vertex -1.52094 11.5619 6
      vertex -1.04645 15.9657 6
    endloop
  endfacet
  facet normal 0 0 1
    outer loop
      vertex -1.52094 11.5619 6
      vertex -2.08842 15.8631 6
      vertex -1.52214 11.5618 6
    endloop
  endfacet
  facet normal 0 0 1
    outer loop
      vertex -2.08842 15.8631 6
      vertex -2.27387 11.4377 6
      vertex -1.52214 11.5618 6
    endloop
  endfacet
  facet normal -0 0 1
    outer loop
      vertex -3.12144 15.6926 6
      vertex -2.27387 11.4377 6
      vertex -2.08842 15.8631 6
    endloop
  endfacet
  facet normal 0 0 1
    outer loop
      vertex -2.27387 11.4377 6
      vertex -3.12144 15.6926 6
      vertex -2.27506 11.4375 6
    endloop
  endfacet
  facet normal 0 0 1
    outer loop
      vertex -2.27506 11.4375 6
      vertex -3.12144 15.6926 6
      vertex -2.27623 11.4372 6
    endloop
  endfacet
  facet normal 0 0 1
    outer loop
      vertex -2.27623 11.4372 6
      vertex -3.12144 15.6926 6
      vertex -3.01823 11.2642 6
    endloop
  endfacet
  facet normal -0 0 1
    outer loop
      vertex -4.1411 15.4548 6
      vertex -3.01823 11.2642 6
      vertex -3.12144 15.6926 6
    endloop
  endfacet
  facet normal 0 0 1
    outer loop
      vertex -3.01823 11.2642 6
      vertex -4.1411 15.4548 6
      vertex -3.01939 11.2639 6
    endloop
  endfacet
  facet normal 0 0 1
    outer loop
      vertex -3.01939 11.2639 6
      vertex -4.1411 15.4548 6
      vertex -3.74849 11.0427 6
    endloop
  endfacet
  facet normal -0 0 1
    outer loop
      vertex -5.14303 15.1509 6
      vertex -3.74849 11.0427 6
      vertex -4.1411 15.4548 6
    endloop
  endfacet
  facet normal 0 0 1
    outer loop
      vertex -3.74849 11.0427 6
      vertex -5.14303 15.1509 6
      vertex -4.46156 10.7743 6
    endloop
  endfacet
  facet normal -0 0 1
    outer loop
      vertex -6.12293 14.7821 6
      vertex -4.46156 10.7743 6
      vertex -5.14303 15.1509 6
    endloop
  endfacet
  facet normal 0 0 1
    outer loop
      vertex -4.46156 10.7743 6
      vertex -6.12293 14.7821 6
      vertex -4.46269 10.7739 6
    endloop
  endfacet
  facet normal 0 0 1
    outer loop
      vertex -4.46269 10.7739 6
      vertex -6.12293 14.7821 6
      vertex -4.46379 10.7734 6
    endloop
  endfacet
  facet normal 0 0 1
    outer loop
      vertex -4.46379 10.7734 6
      vertex -6.12293 14.7821 6
      vertex -5.15778 10.4589 6
    endloop
  endfacet
  facet normal -0 0 1
    outer loop
      vertex -7.07662 14.35 6
      vertex -5.15778 10.4589 6
      vertex -6.12293 14.7821 6
    endloop
  endfacet
  facet normal 0 0 1
    outer loop
      vertex -5.15778 10.4589 6
      vertex -7.07662 14.35 6
      vertex -5.15884 10.4584 6
    endloop
  endfacet
  facet normal 0 0 1
    outer loop
      vertex -5.15884 10.4584 6
      vertex -7.07662 14.35 6
      vertex -5.83078 10.0992 6
    endloop
  endfacet
  facet normal -0 0 1
    outer loop
      vertex -8 13.8564 6
      vertex -5.83078 10.0992 6
      vertex -7.07662 14.35 6
    endloop
  endfacet
  facet normal 0 0 1
    outer loop
      vertex -5.83078 10.0992 6
      vertex -8 13.8564 6
      vertex -6.47779 9.69687 6
    endloop
  endfacet
  facet normal -0 0 1
    outer loop
      vertex -8.88912 13.3035 6
      vertex -6.47779 9.69687 6
      vertex -8 13.8564 6
    endloop
  endfacet
  facet normal 0 0 1
    outer loop
      vertex -6.47779 9.69687 6
      vertex -8.88912 13.3035 6
      vertex -6.47882 9.69624 6
    endloop
  endfacet
  facet normal 0 0 1
    outer loop
      vertex -6.47882 9.69624 6
      vertex -8.88912 13.3035 6
      vertex -6.4798 9.69553 6
    endloop
  endfacet
  facet normal 0 0 1
    outer loop
      vertex -6.4798 9.69553 6
      vertex -8.88912 13.3035 6
      vertex -7.09911 9.25174 6
    endloop
  endfacet
  facet normal -0 0 1
    outer loop
      vertex -9.74018 12.6937 6
      vertex -7.09911 9.25174 6
      vertex -8.88912 13.3035 6
    endloop
  endfacet
  facet normal 0 0 1
    outer loop
      vertex -7.09911 9.25174 6
      vertex -9.74018 12.6937 6
      vertex -7.68807 8.76839 6
    endloop
  endfacet
  facet normal -0 0 1
    outer loop
      vertex -10.5495 12.0294 6
      vertex -7.68807 8.76839 6
      vertex -9.74018 12.6937 6
    endloop
  endfacet
  facet normal 0 0 1
    outer loop
      vertex -7.68807 8.76839 6
      vertex -10.5495 12.0294 6
      vertex -7.689 8.76763 6
    endloop
  endfacet
  facet normal 0 0 1
    outer loop
      vertex -7.689 8.76763 6
      vertex -10.5495 12.0294 6
      vertex -8.24509 8.2468 6
    endloop
  endfacet
  facet normal -0 0 1
    outer loop
      vertex -11.3137 11.3137 6
      vertex -8.24509 8.2468 6
      vertex -10.5495 12.0294 6
    endloop
  endfacet
  facet normal 0 0 1
    outer loop
      vertex -8.24509 8.2468 6
      vertex -11.3137 11.3137 6
      vertex -8.24597 8.24597 6
    endloop
  endfacet
  facet normal 0 0 1
    outer loop
      vertex -8.24597 8.24597 6
      vertex -11.3137 11.3137 6
      vertex -8.2468 8.24509 6
    endloop
  endfacet
  facet normal 0 0 1
    outer loop
      vertex -8.2468 8.24509 6
      vertex -11.3137 11.3137 6
      vertex -8.76763 7.689 6
    endloop
  endfacet
  facet normal -0 0 1
    outer loop
      vertex -12.0294 10.5495 6
      vertex -8.76763 7.689 6
      vertex -11.3137 11.3137 6
    endloop
  endfacet
  facet normal 0 0 1
    outer loop
      vertex -8.76763 7.689 6
      vertex -12.0294 10.5495 6
      vertex -8.76839 7.68807 6
    endloop
  endfacet
  facet normal 0 0 1
    outer loop
      vertex -8.76839 7.68807 6
      vertex -12.0294 10.5495 6
      vertex -9.25174 7.09911 6
    endloop
  endfacet
  facet normal -0 0 1
    outer loop
      vertex -12.6937 9.74018 6
      vertex -9.25174 7.09911 6
      vertex -12.0294 10.5495 6
    endloop
  endfacet
  facet normal 0 0 1
    outer loop
      vertex -9.25174 7.09911 6
      vertex -12.6937 9.74018 6
      vertex -9.69553 6.4798 6
    endloop
  endfacet
  facet normal -0 0 1
    outer loop
      vertex -13.3035 8.88912 6
      vertex -9.69553 6.4798 6
      vertex -12.6937 9.74018 6
    endloop
  endfacet
  facet normal 0 0 1
    outer loop
      vertex -9.69553 6.4798 6
      vertex -13.3035 8.88912 6
      vertex -9.69624 6.47882 6
    endloop
  endfacet
  facet normal 0 0 1
    outer loop
      vertex -9.69624 6.47882 6
      vertex -13.3035 8.88912 6
      vertex -9.69687 6.47779 6
    endloop
  endfacet
  facet normal 0 0 1
    outer loop
      vertex -9.69687 6.47779 6
      vertex -13.3035 8.88912 6
      vertex -10.0992 5.83078 6
    endloop
  endfacet
  facet normal -0 0 1
    outer loop
      vertex -13.8564 8 6
      vertex -10.0992 5.83078 6
      vertex -13.3035 8.88912 6
    endloop
  endfacet
  facet normal 0 0 1
    outer loop
      vertex -10.0992 5.83078 6
      vertex -13.8564 8 6
      vertex -10.4584 5.15884 6
    endloop
  endfacet
  facet normal -0 0 1
    outer loop
      vertex -14.35 7.07662 6
      vertex -10.4584 5.15884 6
      vertex -13.8564 8 6
    endloop
  endfacet
  facet normal 0 0 1
    outer loop
      vertex -10.4584 5.15884 6
      vertex -14.35 7.07662 6
      vertex -10.4589 5.15778 6
    endloop
  endfacet
  facet normal 0 0 1
    outer loop
      vertex -10.4589 5.15778 6
      vertex -14.35 7.07662 6
      vertex -10.7734 4.46379 6
    endloop
  endfacet
  facet normal -0 0 1
    outer loop
      vertex -14.7821 6.12293 6
      vertex -10.7734 4.46379 6
      vertex -14.35 7.07662 6
    endloop
  endfacet
  facet normal 0 0 1
    outer loop
      vertex -10.7734 4.46379 6
      vertex -14.7821 6.12293 6
      vertex -10.7739 4.46269 6
    endloop
  endfacet
  facet normal 0 0 1
    outer loop
      vertex -10.7739 4.46269 6
      vertex -14.7821 6.12293 6
      vertex -10.7743 4.46156 6
    endloop
  endfacet
  facet normal 0 0 1
    outer loop
      vertex -10.7743 4.46156 6
      vertex -14.7821 6.12293 6
      vertex -11.0427 3.74849 6
    endloop
  endfacet
  facet normal -0 0 1
    outer loop
      vertex -15.1509 5.14303 6
      vertex -11.0427 3.74849 6
      vertex -14.7821 6.12293 6
    endloop
  endfacet
  facet normal -0 0 1
    outer loop
      vertex -15.4218 4.2499 6
      vertex -11.0427 3.74849 6
      vertex -15.1509 5.14303 6
    endloop
  endfacet
  facet normal 0 0 1
    outer loop
      vertex -11.0427 3.74849 6
      vertex -15.4218 4.2499 6
      vertex -11.2639 3.01939 6
    endloop
  endfacet
  facet normal 0 0 1
    outer loop
      vertex -11.2639 3.01939 6
      vertex -15.4218 4.2499 6
      vertex -11.2642 3.01823 6
    endloop
  endfacet
  facet normal 0 0 1
    outer loop
      vertex -11.2642 3.01823 6
      vertex -15.4218 4.2499 6
      vertex -11.4372 2.27623 6
    endloop
  endfacet
  facet normal -0.956957 0.290231 0
    outer loop
      vertex -26.037 1.61762 0
      vertex -25.9183 2.009 6
      vertex -25.9183 2.009 0
    endloop
  endfacet
  facet normal -0.956957 0.290231 0
    outer loop
      vertex -25.9183 2.009 6
      vertex -26.037 1.61762 0
      vertex -26.037 1.61762 6
    endloop
  endfacet
  facet normal -0.849171 0.528119 0
    outer loop
      vertex -25.4127 3.125 0
      vertex -25.1967 3.47231 6
      vertex -25.1967 3.47231 0
    endloop
  endfacet
  facet normal -0.849171 0.528119 0
    outer loop
      vertex -25.1967 3.47231 6
      vertex -25.4127 3.125 0
      vertex -25.4127 3.125 6
    endloop
  endfacet
  facet normal -0.881919 0.4714 0
    outer loop
      vertex -25.6055 2.7643 0
      vertex -25.4127 3.125 6
      vertex -25.4127 3.125 0
    endloop
  endfacet
  facet normal -0.881919 0.4714 0
    outer loop
      vertex -25.4127 3.125 6
      vertex -25.6055 2.7643 0
      vertex -25.6055 2.7643 6
    endloop
  endfacet
  facet normal -0.77296 0.634455 0
    outer loop
      vertex -24.9585 3.80476 0
      vertex -24.699 4.12091 6
      vertex -24.699 4.12091 0
    endloop
  endfacet
  facet normal -0.77296 0.634455 0
    outer loop
      vertex -24.699 4.12091 6
      vertex -24.9585 3.80476 0
      vertex -24.9585 3.80476 6
    endloop
  endfacet
  facet normal -0.227075 0.973877 0
    outer loop
      vertex -21.2193 6.12991 0
      vertex -21.6176 6.03704 6
      vertex -21.2193 6.12991 6
    endloop
  endfacet
  facet normal -0.227075 0.973877 0
    outer loop
      vertex -21.6176 6.03704 6
      vertex -21.2193 6.12991 0
      vertex -21.6176 6.03704 0
    endloop
  endfacet
  facet normal -0.290285 0.95694 0
    outer loop
      vertex -21.6176 6.03704 0
      vertex -22.009 5.91831 6
      vertex -21.6176 6.03704 6
    endloop
  endfacet
  facet normal -0.290285 0.95694 0
    outer loop
      vertex -22.009 5.91831 6
      vertex -21.6176 6.03704 0
      vertex -22.009 5.91831 0
    endloop
  endfacet
  facet normal -0.0327124 0.999465 0
    outer loop
      vertex -20 6.25 0
      vertex -20.4088 6.23662 6
      vertex -20 6.25 6
    endloop
  endfacet
  facet normal -0.0327124 0.999465 0
    outer loop
      vertex -20.4088 6.23662 6
      vertex -20 6.25 0
      vertex -20.4088 6.23662 0
    endloop
  endfacet
  facet normal -0.471381 0.88193 0
    outer loop
      vertex -22.7643 5.60545 0
      vertex -23.125 5.41266 6
      vertex -22.7643 5.60545 6
    endloop
  endfacet
  facet normal -0.471381 0.88193 0
    outer loop
      vertex -23.125 5.41266 6
      vertex -22.7643 5.60545 0
      vertex -23.125 5.41266 0
    endloop
  endfacet
  facet normal -0.634457 0.772958 0
    outer loop
      vertex -23.8048 4.95846 0
      vertex -24.1209 4.699 6
      vertex -23.8048 4.95846 6
    endloop
  endfacet
  facet normal -0.634457 0.772958 0
    outer loop
      vertex -24.1209 4.699 6
      vertex -23.8048 4.95846 0
      vertex -24.1209 4.699 0
    endloop
  endfacet
  facet normal -0.582403 0.8129 0
    outer loop
      vertex -23.4723 5.19668 0
      vertex -23.8048 4.95846 6
      vertex -23.4723 5.19668 6
    endloop
  endfacet
  facet normal -0.582403 0.8129 0
    outer loop
      vertex -23.8048 4.95846 6
      vertex -23.4723 5.19668 0
      vertex -23.8048 4.95846 0
    endloop
  endfacet
  facet normal 0.0327124 -0.999465 0
    outer loop
      vertex -20 -6.25 0
      vertex -19.5912 -6.23662 6
      vertex -20 -6.25 6
    endloop
  endfacet
  facet normal 0.0327124 -0.999465 0
    outer loop
      vertex -19.5912 -6.23662 6
      vertex -20 -6.25 0
      vertex -19.5912 -6.23662 0
    endloop
  endfacet
  facet normal 0.1629 -0.986643 0
    outer loop
      vertex -19.1842 -6.19653 0
      vertex -18.7807 -6.12991 6
      vertex -19.1842 -6.19653 6
    endloop
  endfacet
  facet normal 0.1629 -0.986643 0
    outer loop
      vertex -18.7807 -6.12991 6
      vertex -19.1842 -6.19653 0
      vertex -18.7807 -6.12991 0
    endloop
  endfacet
  facet normal 0.352216 -0.935919 0
    outer loop
      vertex -17.991 -5.91831 0
      vertex -17.6082 -5.77425 6
      vertex -17.991 -5.91831 6
    endloop
  endfacet
  facet normal 0.352216 -0.935919 0
    outer loop
      vertex -17.6082 -5.77425 6
      vertex -17.991 -5.91831 0
      vertex -17.6082 -5.77425 0
    endloop
  endfacet
  facet normal 0.227075 -0.973877 0
    outer loop
      vertex -18.7807 -6.12991 0
      vertex -18.3824 -6.03704 6
      vertex -18.7807 -6.12991 6
    endloop
  endfacet
  facet normal 0.227075 -0.973877 0
    outer loop
      vertex -18.3824 -6.03704 6
      vertex -18.7807 -6.12991 0
      vertex -18.3824 -6.03704 0
    endloop
  endfacet
  facet normal 0.582403 -0.8129 0
    outer loop
      vertex -16.5277 -5.19668 0
      vertex -16.1952 -4.95846 6
      vertex -16.5277 -5.19668 6
    endloop
  endfacet
  facet normal 0.582403 -0.8129 0
    outer loop
      vertex -16.1952 -4.95846 6
      vertex -16.5277 -5.19668 0
      vertex -16.1952 -4.95846 0
    endloop
  endfacet
  facet normal 0.471381 -0.88193 0
    outer loop
      vertex -17.2357 -5.60545 0
      vertex -16.875 -5.41266 6
      vertex -17.2357 -5.60545 6
    endloop
  endfacet
  facet normal 0.471381 -0.88193 0
    outer loop
      vertex -16.875 -5.41266 6
      vertex -17.2357 -5.60545 0
      vertex -16.875 -5.41266 0
    endloop
  endfacet
  facet normal -0.0980268 -0.995184 0
    outer loop
      vertex -20.8158 -6.19653 0
      vertex -20.4088 -6.23662 6
      vertex -20.8158 -6.19653 6
    endloop
  endfacet
  facet normal -0.0980268 -0.995184 -0
    outer loop
      vertex -20.4088 -6.23662 6
      vertex -20.8158 -6.19653 0
      vertex -20.4088 -6.23662 0
    endloop
  endfacet
  facet normal -0.290285 -0.95694 0
    outer loop
      vertex -22.009 -5.91831 0
      vertex -21.6176 -6.03704 6
      vertex -22.009 -5.91831 6
    endloop
  endfacet
  facet normal -0.290285 -0.95694 -0
    outer loop
      vertex -21.6176 -6.03704 6
      vertex -22.009 -5.91831 0
      vertex -21.6176 -6.03704 0
    endloop
  endfacet
  facet normal -0.528094 -0.849186 0
    outer loop
      vertex -23.4723 -5.19668 0
      vertex -23.125 -5.41266 6
      vertex -23.4723 -5.19668 6
    endloop
  endfacet
  facet normal -0.528094 -0.849186 -0
    outer loop
      vertex -23.125 -5.41266 6
      vertex -23.4723 -5.19668 0
      vertex -23.125 -5.41266 0
    endloop
  endfacet
  facet normal -0.412753 -0.910843 0
    outer loop
      vertex -22.7643 -5.60545 0
      vertex -22.3918 -5.77425 6
      vertex -22.7643 -5.60545 6
    endloop
  endfacet
  facet normal -0.412753 -0.910843 -0
    outer loop
      vertex -22.3918 -5.77425 6
      vertex -22.7643 -5.60545 0
      vertex -22.3918 -5.77425 0
    endloop
  endfacet
  facet normal -0.634457 -0.772958 0
    outer loop
      vertex -24.1209 -4.699 0
      vertex -23.8048 -4.95846 6
      vertex -24.1209 -4.699 6
    endloop
  endfacet
  facet normal -0.634457 -0.772958 -0
    outer loop
      vertex -23.8048 -4.95846 6
      vertex -24.1209 -4.699 0
      vertex -23.8048 -4.95846 0
    endloop
  endfacet
  facet normal -0.973862 -0.227139 0
    outer loop
      vertex -26.037 -1.61762 0
      vertex -26.1299 -1.21931 6
      vertex -26.1299 -1.21931 0
    endloop
  endfacet
  facet normal -0.973862 -0.227139 0
    outer loop
      vertex -26.1299 -1.21931 6
      vertex -26.037 -1.61762 0
      vertex -26.037 -1.61762 6
    endloop
  endfacet
  facet normal -0.935877 -0.352326 0
    outer loop
      vertex -25.7742 -2.39177 0
      vertex -25.9183 -2.009 6
      vertex -25.9183 -2.009 0
    endloop
  endfacet
  facet normal -0.935877 -0.352326 0
    outer loop
      vertex -25.9183 -2.009 6
      vertex -25.7742 -2.39177 0
      vertex -25.7742 -2.39177 6
    endloop
  endfacet
  facet normal -0.986652 -0.162844 0
    outer loop
      vertex -26.1299 -1.21931 0
      vertex -26.1965 -0.815788 6
      vertex -26.1965 -0.815788 0
    endloop
  endfacet
  facet normal -0.986652 -0.162844 0
    outer loop
      vertex -26.1965 -0.815788 6
      vertex -26.1299 -1.21931 0
      vertex -26.1299 -1.21931 6
    endloop
  endfacet
  facet normal -0.999463 -0.0327638 0
    outer loop
      vertex -26.2366 -0.408769 0
      vertex -26.25 0 6
      vertex -26.25 0 0
    endloop
  endfacet
  facet normal -0.999463 -0.0327638 0
    outer loop
      vertex -26.25 0 6
      vertex -26.2366 -0.408769 0
      vertex -26.2366 -0.408769 6
    endloop
  endfacet
  facet normal -0.881919 -0.4714 0
    outer loop
      vertex -25.4127 -3.125 0
      vertex -25.6055 -2.7643 6
      vertex -25.6055 -2.7643 0
    endloop
  endfacet
  facet normal -0.881919 -0.4714 0
    outer loop
      vertex -25.6055 -2.7643 6
      vertex -25.4127 -3.125 0
      vertex -25.4127 -3.125 6
    endloop
  endfacet
  facet normal -0.812882 -0.582429 0
    outer loop
      vertex -24.9585 -3.80476 0
      vertex -25.1967 -3.47231 6
      vertex -25.1967 -3.47231 0
    endloop
  endfacet
  facet normal -0.812882 -0.582429 0
    outer loop
      vertex -25.1967 -3.47231 6
      vertex -24.9585 -3.80476 0
      vertex -24.9585 -3.80476 6
    endloop
  endfacet
  facet normal 0.0980268 -0.995184 0
    outer loop
      vertex -19.5912 -6.23662 0
      vertex -19.1842 -6.19653 6
      vertex -19.5912 -6.23662 6
    endloop
  endfacet
  facet normal 0.0980268 -0.995184 0
    outer loop
      vertex -19.1842 -6.19653 6
      vertex -19.5912 -6.23662 0
      vertex -19.1842 -6.19653 0
    endloop
  endfacet
  facet normal 0.290285 -0.95694 0
    outer loop
      vertex -18.3824 -6.03704 0
      vertex -17.991 -5.91831 6
      vertex -18.3824 -6.03704 6
    endloop
  endfacet
  facet normal 0.290285 -0.95694 0
    outer loop
      vertex -17.991 -5.91831 6
      vertex -18.3824 -6.03704 0
      vertex -17.991 -5.91831 0
    endloop
  endfacet
  facet normal 0.634457 -0.772958 0
    outer loop
      vertex -16.1952 -4.95846 0
      vertex -15.8791 -4.699 6
      vertex -16.1952 -4.95846 6
    endloop
  endfacet
  facet normal 0.634457 -0.772958 0
    outer loop
      vertex -15.8791 -4.699 6
      vertex -16.1952 -4.95846 0
      vertex -15.8791 -4.699 0
    endloop
  endfacet
  facet normal -0.471381 -0.88193 0
    outer loop
      vertex -23.125 -5.41266 0
      vertex -22.7643 -5.60545 6
      vertex -23.125 -5.41266 6
    endloop
  endfacet
  facet normal -0.471381 -0.88193 -0
    outer loop
      vertex -22.7643 -5.60545 6
      vertex -23.125 -5.41266 0
      vertex -22.7643 -5.60545 0
    endloop
  endfacet
  facet normal -0.956957 -0.290231 0
    outer loop
      vertex -25.9183 -2.009 0
      vertex -26.037 -1.61762 6
      vertex -26.037 -1.61762 0
    endloop
  endfacet
  facet normal -0.956957 -0.290231 0
    outer loop
      vertex -26.037 -1.61762 6
      vertex -25.9183 -2.009 0
      vertex -25.9183 -2.009 6
    endloop
  endfacet
  facet normal -0.995182 -0.0980465 0
    outer loop
      vertex -26.1965 -0.815788 0
      vertex -26.2366 -0.408769 6
      vertex -26.2366 -0.408769 0
    endloop
  endfacet
  facet normal -0.995182 -0.0980465 0
    outer loop
      vertex -26.2366 -0.408769 6
      vertex -26.1965 -0.815788 0
      vertex -26.1965 -0.815788 6
    endloop
  endfacet
  facet normal -0.849171 -0.528119 0
    outer loop
      vertex -25.1967 -3.47231 0
      vertex -25.4127 -3.125 6
      vertex -25.4127 -3.125 0
    endloop
  endfacet
  facet normal -0.849171 -0.528119 0
    outer loop
      vertex -25.4127 -3.125 6
      vertex -25.1967 -3.47231 0
      vertex -25.1967 -3.47231 6
    endloop
  endfacet
  facet normal -0.77296 -0.634455 0
    outer loop
      vertex -24.699 -4.12091 0
      vertex -24.9585 -3.80476 6
      vertex -24.9585 -3.80476 0
    endloop
  endfacet
  facet normal -0.77296 -0.634455 0
    outer loop
      vertex -24.9585 -3.80476 6
      vertex -24.699 -4.12091 0
      vertex -24.699 -4.12091 6
    endloop
  endfacet
  facet normal 0.999463 0.0327638 0
    outer loop
      vertex 26.25 0 6
      vertex 26.2366 0.408769 0
      vertex 26.2366 0.408769 6
    endloop
  endfacet
  facet normal 0.999463 0.0327638 0
    outer loop
      vertex 26.2366 0.408769 0
      vertex 26.25 0 6
      vertex 26.25 0 0
    endloop
  endfacet
  facet normal -0.0327124 0.999465 0
    outer loop
      vertex 20 6.25 0
      vertex 19.5912 6.23662 6
      vertex 20 6.25 6
    endloop
  endfacet
  facet normal -0.0327124 0.999465 0
    outer loop
      vertex 19.5912 6.23662 6
      vertex 20 6.25 0
      vertex 19.5912 6.23662 0
    endloop
  endfacet
  facet normal 0.0327124 -0.999465 0
    outer loop
      vertex 20 -6.25 0
      vertex 20.4088 -6.23662 6
      vertex 20 -6.25 6
    endloop
  endfacet
  facet normal 0.0327124 -0.999465 0
    outer loop
      vertex 20.4088 -6.23662 6
      vertex 20 -6.25 0
      vertex 20.4088 -6.23662 0
    endloop
  endfacet
  facet normal 0.683598 0.729859 -0
    outer loop
      vertex 24.4194 4.41942 0
      vertex 24.1209 4.699 6
      vertex 24.4194 4.41942 6
    endloop
  endfacet
  facet normal 0.683598 0.729859 0
    outer loop
      vertex 24.1209 4.699 6
      vertex 24.4194 4.41942 0
      vertex 24.1209 4.699 0
    endloop
  endfacet
  facet normal -0.729806 0.683655 0
    outer loop
      vertex 15.4218 4.2499 0
      vertex 15.5806 4.41942 6
      vertex 15.5806 4.41942 0
    endloop
  endfacet
  facet normal -0.729806 0.683655 0
    outer loop
      vertex 15.5806 4.41942 6
      vertex 15.4218 4.2499 0
      vertex 15.4218 4.2499 6
    endloop
  endfacet
  facet normal -0.412753 0.910843 0
    outer loop
      vertex 17.6082 5.77425 0
      vertex 17.2357 5.60545 6
      vertex 17.6082 5.77425 6
    endloop
  endfacet
  facet normal -0.412753 0.910843 0
    outer loop
      vertex 17.2357 5.60545 6
      vertex 17.6082 5.77425 0
      vertex 17.2357 5.60545 0
    endloop
  endfacet
  facet normal 0.910948 0.412522 0
    outer loop
      vertex 25.7742 2.39177 6
      vertex 25.6055 2.7643 0
      vertex 25.6055 2.7643 6
    endloop
  endfacet
  facet normal 0.910948 0.412522 0
    outer loop
      vertex 25.6055 2.7643 0
      vertex 25.7742 2.39177 6
      vertex 25.7742 2.39177 0
    endloop
  endfacet
  facet normal 0.352216 0.935919 -0
    outer loop
      vertex 22.3918 5.77425 0
      vertex 22.009 5.91831 6
      vertex 22.3918 5.77425 6
    endloop
  endfacet
  facet normal 0.352216 0.935919 0
    outer loop
      vertex 22.009 5.91831 6
      vertex 22.3918 5.77425 0
      vertex 22.009 5.91831 0
    endloop
  endfacet
  facet normal 0.528094 0.849186 -0
    outer loop
      vertex 23.4723 5.19668 0
      vertex 23.125 5.41266 6
      vertex 23.4723 5.19668 6
    endloop
  endfacet
  facet normal 0.528094 0.849186 0
    outer loop
      vertex 23.125 5.41266 6
      vertex 23.4723 5.19668 0
      vertex 23.125 5.41266 0
    endloop
  endfacet
  facet normal -0.227075 0.973877 0
    outer loop
      vertex 18.7807 6.12991 0
      vertex 18.3824 6.03704 6
      vertex 18.7807 6.12991 6
    endloop
  endfacet
  facet normal -0.227075 0.973877 0
    outer loop
      vertex 18.3824 6.03704 6
      vertex 18.7807 6.12991 0
      vertex 18.3824 6.03704 0
    endloop
  endfacet
  facet normal 0.986652 -0.162844 0
    outer loop
      vertex 26.1299 -1.21931 6
      vertex 26.1965 -0.815788 0
      vertex 26.1965 -0.815788 6
    endloop
  endfacet
  facet normal 0.986652 -0.162844 0
    outer loop
      vertex 26.1965 -0.815788 0
      vertex 26.1299 -1.21931 6
      vertex 26.1299 -1.21931 0
    endloop
  endfacet
  facet normal 0.973862 0.227139 0
    outer loop
      vertex 26.1299 1.21931 6
      vertex 26.037 1.61762 0
      vertex 26.037 1.61762 6
    endloop
  endfacet
  facet normal 0.973862 0.227139 0
    outer loop
      vertex 26.037 1.61762 0
      vertex 26.1299 1.21931 6
      vertex 26.1299 1.21931 0
    endloop
  endfacet
  facet normal 0.995182 0.0980465 0
    outer loop
      vertex 26.2366 0.408769 6
      vertex 26.1965 0.815788 0
      vertex 26.1965 0.815788 6
    endloop
  endfacet
  facet normal 0.995182 0.0980465 0
    outer loop
      vertex 26.1965 0.815788 0
      vertex 26.2366 0.408769 6
      vertex 26.2366 0.408769 0
    endloop
  endfacet
  facet normal 0.956957 0.290231 0
    outer loop
      vertex 26.037 1.61762 6
      vertex 25.9183 2.009 0
      vertex 25.9183 2.009 6
    endloop
  endfacet
  facet normal 0.956957 0.290231 0
    outer loop
      vertex 25.9183 2.009 0
      vertex 26.037 1.61762 6
      vertex 26.037 1.61762 0
    endloop
  endfacet
  facet normal 0.812882 0.582429 0
    outer loop
      vertex 25.1967 3.47231 6
      vertex 24.9585 3.80476 0
      vertex 24.9585 3.80476 6
    endloop
  endfacet
  facet normal 0.812882 0.582429 0
    outer loop
      vertex 24.9585 3.80476 0
      vertex 25.1967 3.47231 6
      vertex 25.1967 3.47231 0
    endloop
  endfacet
  facet normal 0.849171 0.528119 0
    outer loop
      vertex 25.4127 3.125 6
      vertex 25.1967 3.47231 0
      vertex 25.1967 3.47231 6
    endloop
  endfacet
  facet normal 0.849171 0.528119 0
    outer loop
      vertex 25.1967 3.47231 0
      vertex 25.4127 3.125 6
      vertex 25.4127 3.125 0
    endloop
  endfacet
  facet normal 0.1629 0.986643 -0
    outer loop
      vertex 21.2193 6.12991 0
      vertex 20.8158 6.19653 6
      vertex 21.2193 6.12991 6
    endloop
  endfacet
  facet normal 0.1629 0.986643 0
    outer loop
      vertex 20.8158 6.19653 6
      vertex 21.2193 6.12991 0
      vertex 20.8158 6.19653 0
    endloop
  endfacet
  facet normal 0.290285 0.95694 -0
    outer loop
      vertex 22.009 5.91831 0
      vertex 21.6176 6.03704 6
      vertex 22.009 5.91831 6
    endloop
  endfacet
  facet normal 0.290285 0.95694 0
    outer loop
      vertex 21.6176 6.03704 6
      vertex 22.009 5.91831 0
      vertex 21.6176 6.03704 0
    endloop
  endfacet
  facet normal 0.471381 0.88193 -0
    outer loop
      vertex 23.125 5.41266 0
      vertex 22.7643 5.60545 6
      vertex 23.125 5.41266 6
    endloop
  endfacet
  facet normal 0.471381 0.88193 0
    outer loop
      vertex 22.7643 5.60545 6
      vertex 23.125 5.41266 0
      vertex 22.7643 5.60545 0
    endloop
  endfacet
  facet normal 0.582403 0.8129 -0
    outer loop
      vertex 23.8048 4.95846 0
      vertex 23.4723 5.19668 6
      vertex 23.8048 4.95846 6
    endloop
  endfacet
  facet normal 0.582403 0.8129 0
    outer loop
      vertex 23.4723 5.19668 6
      vertex 23.8048 4.95846 0
      vertex 23.4723 5.19668 0
    endloop
  endfacet
  facet normal -0.582403 0.8129 0
    outer loop
      vertex 16.5277 5.19668 0
      vertex 16.1952 4.95846 6
      vertex 16.5277 5.19668 6
    endloop
  endfacet
  facet normal -0.582403 0.8129 0
    outer loop
      vertex 16.1952 4.95846 6
      vertex 16.5277 5.19668 0
      vertex 16.1952 4.95846 0
    endloop
  endfacet
  facet normal -0.290285 0.95694 0
    outer loop
      vertex 18.3824 6.03704 0
      vertex 17.991 5.91831 6
      vertex 18.3824 6.03704 6
    endloop
  endfacet
  facet normal -0.290285 0.95694 0
    outer loop
      vertex 17.991 5.91831 6
      vertex 18.3824 6.03704 0
      vertex 17.991 5.91831 0
    endloop
  endfacet
  facet normal -0.0980268 0.995184 0
    outer loop
      vertex 19.5912 6.23662 0
      vertex 19.1842 6.19653 6
      vertex 19.5912 6.23662 6
    endloop
  endfacet
  facet normal -0.0980268 0.995184 0
    outer loop
      vertex 19.1842 6.19653 6
      vertex 19.5912 6.23662 0
      vertex 19.1842 6.19653 0
    endloop
  endfacet
  facet normal 0.729846 -0.683612 0
    outer loop
      vertex 24.4194 -4.41942 6
      vertex 24.699 -4.12091 0
      vertex 24.699 -4.12091 6
    endloop
  endfacet
  facet normal 0.729846 -0.683612 0
    outer loop
      vertex 24.699 -4.12091 0
      vertex 24.4194 -4.41942 6
      vertex 24.4194 -4.41942 0
    endloop
  endfacet
  facet normal 0.935877 -0.352326 0
    outer loop
      vertex 25.7742 -2.39177 6
      vertex 25.9183 -2.009 0
      vertex 25.9183 -2.009 6
    endloop
  endfacet
  facet normal 0.935877 -0.352326 0
    outer loop
      vertex 25.9183 -2.009 0
      vertex 25.7742 -2.39177 6
      vertex 25.7742 -2.39177 0
    endloop
  endfacet
  facet normal 0.849171 -0.528119 0
    outer loop
      vertex 25.1967 -3.47231 6
      vertex 25.4127 -3.125 0
      vertex 25.4127 -3.125 6
    endloop
  endfacet
  facet normal 0.849171 -0.528119 0
    outer loop
      vertex 25.4127 -3.125 0
      vertex 25.1967 -3.47231 6
      vertex 25.1967 -3.47231 0
    endloop
  endfacet
  facet normal 0.227075 -0.973877 0
    outer loop
      vertex 21.2193 -6.12991 0
      vertex 21.6176 -6.03704 6
      vertex 21.2193 -6.12991 6
    endloop
  endfacet
  facet normal 0.227075 -0.973877 0
    outer loop
      vertex 21.6176 -6.03704 6
      vertex 21.2193 -6.12991 0
      vertex 21.6176 -6.03704 0
    endloop
  endfacet
  facet normal 0.986652 0.162844 0
    outer loop
      vertex 26.1965 0.815788 6
      vertex 26.1299 1.21931 0
      vertex 26.1299 1.21931 6
    endloop
  endfacet
  facet normal 0.986652 0.162844 0
    outer loop
      vertex 26.1299 1.21931 0
      vertex 26.1965 0.815788 6
      vertex 26.1965 0.815788 0
    endloop
  endfacet
  facet normal 0.935877 0.352326 0
    outer loop
      vertex 25.9183 2.009 6
      vertex 25.7742 2.39177 0
      vertex 25.7742 2.39177 6
    endloop
  endfacet
  facet normal 0.935877 0.352326 0
    outer loop
      vertex 25.7742 2.39177 0
      vertex 25.9183 2.009 6
      vertex 25.9183 2.009 0
    endloop
  endfacet
  facet normal 0.77296 0.634455 0
    outer loop
      vertex 24.9585 3.80476 6
      vertex 24.699 4.12091 0
      vertex 24.699 4.12091 6
    endloop
  endfacet
  facet normal 0.77296 0.634455 0
    outer loop
      vertex 24.699 4.12091 0
      vertex 24.9585 3.80476 6
      vertex 24.9585 3.80476 0
    endloop
  endfacet
  facet normal 0.729846 0.683612 0
    outer loop
      vertex 24.699 4.12091 6
      vertex 24.4194 4.41942 0
      vertex 24.4194 4.41942 6
    endloop
  endfacet
  facet normal 0.729846 0.683612 0
    outer loop
      vertex 24.4194 4.41942 0
      vertex 24.699 4.12091 6
      vertex 24.699 4.12091 0
    endloop
  endfacet
  facet normal 0.881919 0.4714 0
    outer loop
      vertex 25.6055 2.7643 6
      vertex 25.4127 3.125 0
      vertex 25.4127 3.125 6
    endloop
  endfacet
  facet normal 0.881919 0.4714 0
    outer loop
      vertex 25.4127 3.125 0
      vertex 25.6055 2.7643 6
      vertex 25.6055 2.7643 0
    endloop
  endfacet
  facet normal 0.227075 0.973877 -0
    outer loop
      vertex 21.6176 6.03704 0
      vertex 21.2193 6.12991 6
      vertex 21.6176 6.03704 6
    endloop
  endfacet
  facet normal 0.227075 0.973877 0
    outer loop
      vertex 21.2193 6.12991 6
      vertex 21.6176 6.03704 0
      vertex 21.2193 6.12991 0
    endloop
  endfacet
  facet normal 0.0980268 0.995184 -0
    outer loop
      vertex 20.8158 6.19653 0
      vertex 20.4088 6.23662 6
      vertex 20.8158 6.19653 6
    endloop
  endfacet
  facet normal 0.0980268 0.995184 0
    outer loop
      vertex 20.4088 6.23662 6
      vertex 20.8158 6.19653 0
      vertex 20.4088 6.23662 0
    endloop
  endfacet
  facet normal 0.0327124 0.999465 -0
    outer loop
      vertex 20.4088 6.23662 0
      vertex 20 6.25 6
      vertex 20.4088 6.23662 6
    endloop
  endfacet
  facet normal 0.0327124 0.999465 0
    outer loop
      vertex 20 6.25 6
      vertex 20.4088 6.23662 0
      vertex 20 6.25 0
    endloop
  endfacet
  facet normal 0.412753 0.910843 -0
    outer loop
      vertex 22.7643 5.60545 0
      vertex 22.3918 5.77425 6
      vertex 22.7643 5.60545 6
    endloop
  endfacet
  facet normal 0.412753 0.910843 0
    outer loop
      vertex 22.3918 5.77425 6
      vertex 22.7643 5.60545 0
      vertex 22.3918 5.77425 0
    endloop
  endfacet
  facet normal 0.634457 0.772958 -0
    outer loop
      vertex 24.1209 4.699 0
      vertex 23.8048 4.95846 6
      vertex 24.1209 4.699 6
    endloop
  endfacet
  facet normal 0.634457 0.772958 0
    outer loop
      vertex 23.8048 4.95846 6
      vertex 24.1209 4.699 0
      vertex 23.8048 4.95846 0
    endloop
  endfacet
  facet normal -0.528094 0.849186 0
    outer loop
      vertex 16.875 5.41266 0
      vertex 16.5277 5.19668 6
      vertex 16.875 5.41266 6
    endloop
  endfacet
  facet normal -0.528094 0.849186 0
    outer loop
      vertex 16.5277 5.19668 6
      vertex 16.875 5.41266 0
      vertex 16.5277 5.19668 0
    endloop
  endfacet
  facet normal -0.471381 0.88193 0
    outer loop
      vertex 17.2357 5.60545 0
      vertex 16.875 5.41266 6
      vertex 17.2357 5.60545 6
    endloop
  endfacet
  facet normal -0.471381 0.88193 0
    outer loop
      vertex 16.875 5.41266 6
      vertex 17.2357 5.60545 0
      vertex 16.875 5.41266 0
    endloop
  endfacet
  facet normal -0.634457 0.772958 0
    outer loop
      vertex 16.1952 4.95846 0
      vertex 15.8791 4.699 6
      vertex 16.1952 4.95846 6
    endloop
  endfacet
  facet normal -0.634457 0.772958 0
    outer loop
      vertex 15.8791 4.699 6
      vertex 16.1952 4.95846 0
      vertex 15.8791 4.699 0
    endloop
  endfacet
  facet normal -0.683598 0.729859 0
    outer loop
      vertex 15.8791 4.699 0
      vertex 15.5806 4.41942 6
      vertex 15.8791 4.699 6
    endloop
  endfacet
  facet normal -0.683598 0.729859 0
    outer loop
      vertex 15.5806 4.41942 6
      vertex 15.8791 4.699 0
      vertex 15.5806 4.41942 0
    endloop
  endfacet
  facet normal -0.352216 0.935919 0
    outer loop
      vertex 17.991 5.91831 0
      vertex 17.6082 5.77425 6
      vertex 17.991 5.91831 6
    endloop
  endfacet
  facet normal -0.352216 0.935919 0
    outer loop
      vertex 17.6082 5.77425 6
      vertex 17.991 5.91831 0
      vertex 17.6082 5.77425 0
    endloop
  endfacet
  facet normal -0.1629 0.986643 0
    outer loop
      vertex 19.1842 6.19653 0
      vertex 18.7807 6.12991 6
      vertex 19.1842 6.19653 6
    endloop
  endfacet
  facet normal -0.1629 0.986643 0
    outer loop
      vertex 18.7807 6.12991 6
      vertex 19.1842 6.19653 0
      vertex 18.7807 6.12991 0
    endloop
  endfacet
  facet normal 0.999463 -0.0327638 0
    outer loop
      vertex 26.2366 -0.408769 6
      vertex 26.25 0 0
      vertex 26.25 0 6
    endloop
  endfacet
  facet normal 0.999463 -0.0327638 0
    outer loop
      vertex 26.25 0 0
      vertex 26.2366 -0.408769 6
      vertex 26.2366 -0.408769 0
    endloop
  endfacet
  facet normal 0.956957 -0.290231 0
    outer loop
      vertex 25.9183 -2.009 6
      vertex 26.037 -1.61762 0
      vertex 26.037 -1.61762 6
    endloop
  endfacet
  facet normal 0.956957 -0.290231 0
    outer loop
      vertex 26.037 -1.61762 0
      vertex 25.9183 -2.009 6
      vertex 25.9183 -2.009 0
    endloop
  endfacet
  facet normal 0.995182 -0.0980465 0
    outer loop
      vertex 26.1965 -0.815788 6
      vertex 26.2366 -0.408769 0
      vertex 26.2366 -0.408769 6
    endloop
  endfacet
  facet normal 0.995182 -0.0980465 0
    outer loop
      vertex 26.2366 -0.408769 0
      vertex 26.1965 -0.815788 6
      vertex 26.1965 -0.815788 0
    endloop
  endfacet
  facet normal 0.77296 -0.634455 0
    outer loop
      vertex 24.699 -4.12091 6
      vertex 24.9585 -3.80476 0
      vertex 24.9585 -3.80476 6
    endloop
  endfacet
  facet normal 0.77296 -0.634455 0
    outer loop
      vertex 24.9585 -3.80476 0
      vertex 24.699 -4.12091 6
      vertex 24.699 -4.12091 0
    endloop
  endfacet
  facet normal 0.881919 -0.4714 0
    outer loop
      vertex 25.4127 -3.125 6
      vertex 25.6055 -2.7643 0
      vertex 25.6055 -2.7643 6
    endloop
  endfacet
  facet normal 0.881919 -0.4714 0
    outer loop
      vertex 25.6055 -2.7643 0
      vertex 25.4127 -3.125 6
      vertex 25.4127 -3.125 0
    endloop
  endfacet
  facet normal -0.290285 -0.95694 0
    outer loop
      vertex 17.991 -5.91831 0
      vertex 18.3824 -6.03704 6
      vertex 17.991 -5.91831 6
    endloop
  endfacet
  facet normal -0.290285 -0.95694 -0
    outer loop
      vertex 18.3824 -6.03704 6
      vertex 17.991 -5.91831 0
      vertex 18.3824 -6.03704 0
    endloop
  endfacet
  facet normal 0.352216 -0.935919 0
    outer loop
      vertex 22.009 -5.91831 0
      vertex 22.3918 -5.77425 6
      vertex 22.009 -5.91831 6
    endloop
  endfacet
  facet normal 0.352216 -0.935919 0
    outer loop
      vertex 22.3918 -5.77425 6
      vertex 22.009 -5.91831 0
      vertex 22.3918 -5.77425 0
    endloop
  endfacet
  facet normal 0.973862 -0.227139 0
    outer loop
      vertex 26.037 -1.61762 6
      vertex 26.1299 -1.21931 0
      vertex 26.1299 -1.21931 6
    endloop
  endfacet
  facet normal 0.973862 -0.227139 0
    outer loop
      vertex 26.1299 -1.21931 0
      vertex 26.037 -1.61762 6
      vertex 26.037 -1.61762 0
    endloop
  endfacet
  facet normal 0.634457 -0.772958 0
    outer loop
      vertex 23.8048 -4.95846 0
      vertex 24.1209 -4.699 6
      vertex 23.8048 -4.95846 6
    endloop
  endfacet
  facet normal 0.634457 -0.772958 0
    outer loop
      vertex 24.1209 -4.699 6
      vertex 23.8048 -4.95846 0
      vertex 24.1209 -4.699 0
    endloop
  endfacet
  facet normal 0.910948 -0.412522 0
    outer loop
      vertex 25.6055 -2.7643 6
      vertex 25.7742 -2.39177 0
      vertex 25.7742 -2.39177 6
    endloop
  endfacet
  facet normal 0.910948 -0.412522 0
    outer loop
      vertex 25.7742 -2.39177 0
      vertex 25.6055 -2.7643 6
      vertex 25.6055 -2.7643 0
    endloop
  endfacet
  facet normal -0.352216 -0.935919 0
    outer loop
      vertex 17.6082 -5.77425 0
      vertex 17.991 -5.91831 6
      vertex 17.6082 -5.77425 6
    endloop
  endfacet
  facet normal -0.352216 -0.935919 -0
    outer loop
      vertex 17.991 -5.91831 6
      vertex 17.6082 -5.77425 0
      vertex 17.991 -5.91831 0
    endloop
  endfacet
  facet normal -0.683598 -0.729859 0
    outer loop
      vertex 15.5806 -4.41942 0
      vertex 15.8791 -4.699 6
      vertex 15.5806 -4.41942 6
    endloop
  endfacet
  facet normal -0.683598 -0.729859 -0
    outer loop
      vertex 15.8791 -4.699 6
      vertex 15.5806 -4.41942 0
      vertex 15.8791 -4.699 0
    endloop
  endfacet
  facet normal 0.412753 -0.910843 0
    outer loop
      vertex 22.3918 -5.77425 0
      vertex 22.7643 -5.60545 6
      vertex 22.3918 -5.77425 6
    endloop
  endfacet
  facet normal 0.412753 -0.910843 0
    outer loop
      vertex 22.7643 -5.60545 6
      vertex 22.3918 -5.77425 0
      vertex 22.7643 -5.60545 0
    endloop
  endfacet
  facet normal 0.290285 -0.95694 0
    outer loop
      vertex 21.6176 -6.03704 0
      vertex 22.009 -5.91831 6
      vertex 21.6176 -6.03704 6
    endloop
  endfacet
  facet normal 0.290285 -0.95694 0
    outer loop
      vertex 22.009 -5.91831 6
      vertex 21.6176 -6.03704 0
      vertex 22.009 -5.91831 0
    endloop
  endfacet
  facet normal 0.1629 -0.986643 0
    outer loop
      vertex 20.8158 -6.19653 0
      vertex 21.2193 -6.12991 6
      vertex 20.8158 -6.19653 6
    endloop
  endfacet
  facet normal 0.1629 -0.986643 0
    outer loop
      vertex 21.2193 -6.12991 6
      vertex 20.8158 -6.19653 0
      vertex 21.2193 -6.12991 0
    endloop
  endfacet
  facet normal 0.0980268 -0.995184 0
    outer loop
      vertex 20.4088 -6.23662 0
      vertex 20.8158 -6.19653 6
      vertex 20.4088 -6.23662 6
    endloop
  endfacet
  facet normal 0.0980268 -0.995184 0
    outer loop
      vertex 20.8158 -6.19653 6
      vertex 20.4088 -6.23662 0
      vertex 20.8158 -6.19653 0
    endloop
  endfacet
  facet normal 0.812882 -0.582429 0
    outer loop
      vertex 24.9585 -3.80476 6
      vertex 25.1967 -3.47231 0
      vertex 25.1967 -3.47231 6
    endloop
  endfacet
  facet normal 0.812882 -0.582429 0
    outer loop
      vertex 25.1967 -3.47231 0
      vertex 24.9585 -3.80476 6
      vertex 24.9585 -3.80476 0
    endloop
  endfacet
  facet normal 0.683598 -0.729859 0
    outer loop
      vertex 24.1209 -4.699 0
      vertex 24.4194 -4.41942 6
      vertex 24.1209 -4.699 6
    endloop
  endfacet
  facet normal 0.683598 -0.729859 0
    outer loop
      vertex 24.4194 -4.41942 6
      vertex 24.1209 -4.699 0
      vertex 24.4194 -4.41942 0
    endloop
  endfacet
  facet normal 0.582403 -0.8129 0
    outer loop
      vertex 23.4723 -5.19668 0
      vertex 23.8048 -4.95846 6
      vertex 23.4723 -5.19668 6
    endloop
  endfacet
  facet normal 0.582403 -0.8129 0
    outer loop
      vertex 23.8048 -4.95846 6
      vertex 23.4723 -5.19668 0
      vertex 23.8048 -4.95846 0
    endloop
  endfacet
  facet normal -0.0327124 -0.999465 0
    outer loop
      vertex 19.5912 -6.23662 0
      vertex 20 -6.25 6
      vertex 19.5912 -6.23662 6
    endloop
  endfacet
  facet normal -0.0327124 -0.999465 -0
    outer loop
      vertex 20 -6.25 6
      vertex 19.5912 -6.23662 0
      vertex 20 -6.25 0
    endloop
  endfacet
  facet normal -0.528094 -0.849186 0
    outer loop
      vertex 16.5277 -5.19668 0
      vertex 16.875 -5.41266 6
      vertex 16.5277 -5.19668 6
    endloop
  endfacet
  facet normal -0.528094 -0.849186 -0
    outer loop
      vertex 16.875 -5.41266 6
      vertex 16.5277 -5.19668 0
      vertex 16.875 -5.41266 0
    endloop
  endfacet
  facet normal -0.0980268 -0.995184 0
    outer loop
      vertex 19.1842 -6.19653 0
      vertex 19.5912 -6.23662 6
      vertex 19.1842 -6.19653 6
    endloop
  endfacet
  facet normal -0.0980268 -0.995184 -0
    outer loop
      vertex 19.5912 -6.23662 6
      vertex 19.1842 -6.19653 0
      vertex 19.5912 -6.23662 0
    endloop
  endfacet
  facet normal 0.528094 -0.849186 0
    outer loop
      vertex 23.125 -5.41266 0
      vertex 23.4723 -5.19668 6
      vertex 23.125 -5.41266 6
    endloop
  endfacet
  facet normal 0.528094 -0.849186 0
    outer loop
      vertex 23.4723 -5.19668 6
      vertex 23.125 -5.41266 0
      vertex 23.4723 -5.19668 0
    endloop
  endfacet
  facet normal 0.471381 -0.88193 0
    outer loop
      vertex 22.7643 -5.60545 0
      vertex 23.125 -5.41266 6
      vertex 22.7643 -5.60545 6
    endloop
  endfacet
  facet normal 0.471381 -0.88193 0
    outer loop
      vertex 23.125 -5.41266 6
      vertex 22.7643 -5.60545 0
      vertex 23.125 -5.41266 0
    endloop
  endfacet
  facet normal -0.227075 -0.973877 0
    outer loop
      vertex 18.3824 -6.03704 0
      vertex 18.7807 -6.12991 6
      vertex 18.3824 -6.03704 6
    endloop
  endfacet
  facet normal -0.227075 -0.973877 -0
    outer loop
      vertex 18.7807 -6.12991 6
      vertex 18.3824 -6.03704 0
      vertex 18.7807 -6.12991 0
    endloop
  endfacet
  facet normal -0.729806 -0.683655 0
    outer loop
      vertex 15.5806 -4.41942 0
      vertex 15.4218 -4.2499 6
      vertex 15.4218 -4.2499 0
    endloop
  endfacet
  facet normal -0.729806 -0.683655 0
    outer loop
      vertex 15.4218 -4.2499 6
      vertex 15.5806 -4.41942 0
      vertex 15.5806 -4.41942 6
    endloop
  endfacet
  facet normal -0.412753 -0.910843 0
    outer loop
      vertex 17.2357 -5.60545 0
      vertex 17.6082 -5.77425 6
      vertex 17.2357 -5.60545 6
    endloop
  endfacet
  facet normal -0.412753 -0.910843 -0
    outer loop
      vertex 17.6082 -5.77425 6
      vertex 17.2357 -5.60545 0
      vertex 17.6082 -5.77425 0
    endloop
  endfacet
  facet normal -0.582403 -0.8129 0
    outer loop
      vertex 16.1952 -4.95846 0
      vertex 16.5277 -5.19668 6
      vertex 16.1952 -4.95846 6
    endloop
  endfacet
  facet normal -0.582403 -0.8129 -0
    outer loop
      vertex 16.5277 -5.19668 6
      vertex 16.1952 -4.95846 0
      vertex 16.5277 -5.19668 0
    endloop
  endfacet
  facet normal -0.634457 -0.772958 0
    outer loop
      vertex 15.8791 -4.699 0
      vertex 16.1952 -4.95846 6
      vertex 15.8791 -4.699 6
    endloop
  endfacet
  facet normal -0.634457 -0.772958 -0
    outer loop
      vertex 16.1952 -4.95846 6
      vertex 15.8791 -4.699 0
      vertex 16.1952 -4.95846 0
    endloop
  endfacet
  facet normal -0.1629 -0.986643 0
    outer loop
      vertex 18.7807 -6.12991 0
      vertex 19.1842 -6.19653 6
      vertex 18.7807 -6.12991 6
    endloop
  endfacet
  facet normal -0.1629 -0.986643 -0
    outer loop
      vertex 19.1842 -6.19653 6
      vertex 18.7807 -6.12991 0
      vertex 19.1842 -6.19653 0
    endloop
  endfacet
  facet normal -0.471381 -0.88193 0
    outer loop
      vertex 16.875 -5.41266 0
      vertex 17.2357 -5.60545 6
      vertex 16.875 -5.41266 6
    endloop
  endfacet
  facet normal -0.471381 -0.88193 -0
    outer loop
      vertex 17.2357 -5.60545 6
      vertex 16.875 -5.41266 0
      vertex 17.2357 -5.60545 0
    endloop
  endfacet
  facet normal 0.0327599 0.999463 -0
    outer loop
      vertex 1.04645 15.9657 0
      vertex 0 16 6
      vertex 1.04645 15.9657 6
    endloop
  endfacet
  facet normal 0.0327599 0.999463 0
    outer loop
      vertex 0 16 6
      vertex 1.04645 15.9657 0
      vertex 0 16 0
    endloop
  endfacet
  facet normal -0.0327599 -0.999463 0
    outer loop
      vertex -1.04645 -15.9657 0
      vertex 0 -16 6
      vertex -1.04645 -15.9657 6
    endloop
  endfacet
  facet normal -0.0327599 -0.999463 -0
    outer loop
      vertex 0 -16 6
      vertex -1.04645 -15.9657 0
      vertex 0 -16 0
    endloop
  endfacet
  facet normal 0.729889 0.683566 0
    outer loop
      vertex 12.0294 10.5495 6
      vertex 11.3137 11.3137 0
      vertex 11.3137 11.3137 6
    endloop
  endfacet
  facet normal 0.729889 0.683566 0
    outer loop
      vertex 11.3137 11.3137 0
      vertex 12.0294 10.5495 6
      vertex 12.0294 10.5495 0
    endloop
  endfacet
  facet normal -0.683566 0.729889 0
    outer loop
      vertex -10.5495 12.0294 0
      vertex -11.3137 11.3137 6
      vertex -10.5495 12.0294 6
    endloop
  endfacet
  facet normal -0.683566 0.729889 0
    outer loop
      vertex -11.3137 11.3137 6
      vertex -10.5495 12.0294 0
      vertex -11.3137 11.3137 0
    endloop
  endfacet
  facet normal 0.935909 0.352243 0
    outer loop
      vertex 15.1509 5.14303 6
      vertex 14.7821 6.12293 0
      vertex 14.7821 6.12293 6
    endloop
  endfacet
  facet normal 0.935909 0.352243 0
    outer loop
      vertex 14.7821 6.12293 0
      vertex 15.1509 5.14303 6
      vertex 15.1509 5.14303 0
    endloop
  endfacet
  facet normal -0.849198 0.528075 0
    outer loop
      vertex -13.8564 8 0
      vertex -13.3035 8.88912 6
      vertex -13.3035 8.88912 0
    endloop
  endfacet
  facet normal -0.849198 0.528075 0
    outer loop
      vertex -13.3035 8.88912 6
      vertex -13.8564 8 0
      vertex -13.8564 8 6
    endloop
  endfacet
  facet normal -0.812874 0.582439 0
    outer loop
      vertex -13.3035 8.88912 0
      vertex -12.6937 9.74018 6
      vertex -12.6937 9.74018 0
    endloop
  endfacet
  facet normal -0.812874 0.582439 0
    outer loop
      vertex -12.6937 9.74018 6
      vertex -13.3035 8.88912 0
      vertex -13.3035 8.88912 6
    endloop
  endfacet
  facet normal -0.162847 0.986651 0
    outer loop
      vertex -2.08842 15.8631 0
      vertex -3.12144 15.6926 6
      vertex -2.08842 15.8631 6
    endloop
  endfacet
  facet normal -0.162847 0.986651 0
    outer loop
      vertex -3.12144 15.6926 6
      vertex -2.08842 15.8631 0
      vertex -3.12144 15.6926 0
    endloop
  endfacet
  facet normal 0.881904 -0.471429 0
    outer loop
      vertex 13.8564 -8 6
      vertex 14.35 -7.07662 0
      vertex 14.35 -7.07662 6
    endloop
  endfacet
  facet normal 0.881904 -0.471429 0
    outer loop
      vertex 14.35 -7.07662 0
      vertex 13.8564 -8 6
      vertex 13.8564 -8 0
    endloop
  endfacet
  facet normal 0.22712 -0.973867 0
    outer loop
      vertex 3.12144 -15.6926 0
      vertex 4.1411 -15.4548 6
      vertex 3.12144 -15.6926 6
    endloop
  endfacet
  facet normal 0.22712 -0.973867 0
    outer loop
      vertex 4.1411 -15.4548 6
      vertex 3.12144 -15.6926 0
      vertex 4.1411 -15.4548 0
    endloop
  endfacet
  facet normal 0.683566 -0.729889 0
    outer loop
      vertex 10.5495 -12.0294 0
      vertex 11.3137 -11.3137 6
      vertex 10.5495 -12.0294 6
    endloop
  endfacet
  facet normal 0.683566 -0.729889 0
    outer loop
      vertex 11.3137 -11.3137 6
      vertex 10.5495 -12.0294 0
      vertex 11.3137 -11.3137 0
    endloop
  endfacet
  facet normal 0.956949 -0.290257 0
    outer loop
      vertex 15.1509 -5.14303 6
      vertex 15.4218 -4.2499 0
      vertex 15.4218 -4.2499 6
    endloop
  endfacet
  facet normal 0.956949 -0.290257 0
    outer loop
      vertex 15.4218 -4.2499 0
      vertex 15.1509 -5.14303 6
      vertex 15.1509 -5.14303 0
    endloop
  endfacet
  facet normal -0.352243 -0.935909 0
    outer loop
      vertex -6.12293 -14.7821 0
      vertex -5.14303 -15.1509 6
      vertex -6.12293 -14.7821 6
    endloop
  endfacet
  facet normal -0.352243 -0.935909 -0
    outer loop
      vertex -5.14303 -15.1509 6
      vertex -6.12293 -14.7821 0
      vertex -5.14303 -15.1509 0
    endloop
  endfacet
  facet normal -0.77296 -0.634455 0
    outer loop
      vertex -12.0294 -10.5495 0
      vertex -12.6937 -9.74018 6
      vertex -12.6937 -9.74018 0
    endloop
  endfacet
  facet normal -0.77296 -0.634455 0
    outer loop
      vertex -12.6937 -9.74018 6
      vertex -12.0294 -10.5495 0
      vertex -12.0294 -10.5495 6
    endloop
  endfacet
  facet normal 0.956949 0.290257 0
    outer loop
      vertex 15.4218 4.2499 6
      vertex 15.1509 5.14303 0
      vertex 15.1509 5.14303 6
    endloop
  endfacet
  facet normal 0.956949 0.290257 0
    outer loop
      vertex 15.1509 5.14303 0
      vertex 15.4218 4.2499 6
      vertex 15.4218 4.2499 0
    endloop
  endfacet
  facet normal 0.849198 0.528075 0
    outer loop
      vertex 13.8564 8 6
      vertex 13.3035 8.88912 0
      vertex 13.3035 8.88912 6
    endloop
  endfacet
  facet normal 0.849198 0.528075 0
    outer loop
      vertex 13.3035 8.88912 0
      vertex 13.8564 8 6
      vertex 13.8564 8 0
    endloop
  endfacet
  facet normal 0.812874 0.582439 0
    outer loop
      vertex 13.3035 8.88912 6
      vertex 12.6937 9.74018 0
      vertex 12.6937 9.74018 6
    endloop
  endfacet
  facet normal 0.812874 0.582439 0
    outer loop
      vertex 12.6937 9.74018 0
      vertex 13.3035 8.88912 6
      vertex 13.3035 8.88912 0
    endloop
  endfacet
  facet normal 0.22712 0.973867 -0
    outer loop
      vertex 4.1411 15.4548 0
      vertex 3.12144 15.6926 6
      vertex 4.1411 15.4548 6
    endloop
  endfacet
  facet normal 0.22712 0.973867 0
    outer loop
      vertex 3.12144 15.6926 6
      vertex 4.1411 15.4548 0
      vertex 3.12144 15.6926 0
    endloop
  endfacet
  facet normal 0.290257 0.956949 -0
    outer loop
      vertex 5.14303 15.1509 0
      vertex 4.1411 15.4548 6
      vertex 5.14303 15.1509 6
    endloop
  endfacet
  facet normal 0.290257 0.956949 0
    outer loop
      vertex 4.1411 15.4548 6
      vertex 5.14303 15.1509 0
      vertex 4.1411 15.4548 0
    endloop
  endfacet
  facet normal 0.162847 0.986651 -0
    outer loop
      vertex 3.12144 15.6926 0
      vertex 2.08842 15.8631 6
      vertex 3.12144 15.6926 6
    endloop
  endfacet
  facet normal 0.162847 0.986651 0
    outer loop
      vertex 2.08842 15.8631 6
      vertex 3.12144 15.6926 0
      vertex 2.08842 15.8631 0
    endloop
  endfacet
  facet normal 0.582439 0.812874 -0
    outer loop
      vertex 9.74018 12.6937 0
      vertex 8.88912 13.3035 6
      vertex 9.74018 12.6937 6
    endloop
  endfacet
  facet normal 0.582439 0.812874 0
    outer loop
      vertex 8.88912 13.3035 6
      vertex 9.74018 12.6937 0
      vertex 8.88912 13.3035 0
    endloop
  endfacet
  facet normal 0.528075 0.849198 -0
    outer loop
      vertex 8.88912 13.3035 0
      vertex 8 13.8564 6
      vertex 8.88912 13.3035 6
    endloop
  endfacet
  facet normal 0.528075 0.849198 0
    outer loop
      vertex 8 13.8564 6
      vertex 8.88912 13.3035 0
      vertex 8 13.8564 0
    endloop
  endfacet
  facet normal -0.77296 0.634455 0
    outer loop
      vertex -12.6937 9.74018 0
      vertex -12.0294 10.5495 6
      vertex -12.0294 10.5495 0
    endloop
  endfacet
  facet normal -0.77296 0.634455 0
    outer loop
      vertex -12.0294 10.5495 6
      vertex -12.6937 9.74018 0
      vertex -12.6937 9.74018 6
    endloop
  endfacet
  facet normal -0.956949 0.290257 0
    outer loop
      vertex -15.4218 4.2499 0
      vertex -15.1509 5.14303 6
      vertex -15.1509 5.14303 0
    endloop
  endfacet
  facet normal -0.956949 0.290257 0
    outer loop
      vertex -15.1509 5.14303 6
      vertex -15.4218 4.2499 0
      vertex -15.4218 4.2499 6
    endloop
  endfacet
  facet normal -0.471429 0.881904 0
    outer loop
      vertex -7.07662 14.35 0
      vertex -8 13.8564 6
      vertex -7.07662 14.35 6
    endloop
  endfacet
  facet normal -0.471429 0.881904 0
    outer loop
      vertex -8 13.8564 6
      vertex -7.07662 14.35 0
      vertex -8 13.8564 0
    endloop
  endfacet
  facet normal -0.528075 0.849198 0
    outer loop
      vertex -8 13.8564 0
      vertex -8.88912 13.3035 6
      vertex -8 13.8564 6
    endloop
  endfacet
  facet normal -0.528075 0.849198 0
    outer loop
      vertex -8.88912 13.3035 6
      vertex -8 13.8564 0
      vertex -8.88912 13.3035 0
    endloop
  endfacet
  facet normal -0.582439 0.812874 0
    outer loop
      vertex -8.88912 13.3035 0
      vertex -9.74018 12.6937 6
      vertex -8.88912 13.3035 6
    endloop
  endfacet
  facet normal -0.582439 0.812874 0
    outer loop
      vertex -9.74018 12.6937 6
      vertex -8.88912 13.3035 0
      vertex -9.74018 12.6937 0
    endloop
  endfacet
  facet normal -0.22712 0.973867 0
    outer loop
      vertex -3.12144 15.6926 0
      vertex -4.1411 15.4548 6
      vertex -3.12144 15.6926 6
    endloop
  endfacet
  facet normal -0.22712 0.973867 0
    outer loop
      vertex -4.1411 15.4548 6
      vertex -3.12144 15.6926 0
      vertex -4.1411 15.4548 0
    endloop
  endfacet
  facet normal -0.0979934 0.995187 0
    outer loop
      vertex -1.04645 15.9657 0
      vertex -2.08842 15.8631 6
      vertex -1.04645 15.9657 6
    endloop
  endfacet
  facet normal -0.0979934 0.995187 0
    outer loop
      vertex -2.08842 15.8631 6
      vertex -1.04645 15.9657 0
      vertex -2.08842 15.8631 0
    endloop
  endfacet
  facet normal 0.352243 -0.935909 0
    outer loop
      vertex 5.14303 -15.1509 0
      vertex 6.12293 -14.7821 6
      vertex 5.14303 -15.1509 6
    endloop
  endfacet
  facet normal 0.352243 -0.935909 0
    outer loop
      vertex 6.12293 -14.7821 6
      vertex 5.14303 -15.1509 0
      vertex 6.12293 -14.7821 0
    endloop
  endfacet
  facet normal 0.582439 -0.812874 0
    outer loop
      vertex 8.88912 -13.3035 0
      vertex 9.74018 -12.6937 6
      vertex 8.88912 -13.3035 6
    endloop
  endfacet
  facet normal 0.582439 -0.812874 0
    outer loop
      vertex 9.74018 -12.6937 6
      vertex 8.88912 -13.3035 0
      vertex 9.74018 -12.6937 0
    endloop
  endfacet
  facet normal -0.412698 -0.910868 0
    outer loop
      vertex -7.07662 -14.35 0
      vertex -6.12293 -14.7821 6
      vertex -7.07662 -14.35 6
    endloop
  endfacet
  facet normal -0.412698 -0.910868 -0
    outer loop
      vertex -6.12293 -14.7821 6
      vertex -7.07662 -14.35 0
      vertex -6.12293 -14.7821 0
    endloop
  endfacet
  facet normal -0.528075 -0.849198 0
    outer loop
      vertex -8.88912 -13.3035 0
      vertex -8 -13.8564 6
      vertex -8.88912 -13.3035 6
    endloop
  endfacet
  facet normal -0.528075 -0.849198 -0
    outer loop
      vertex -8 -13.8564 6
      vertex -8.88912 -13.3035 0
      vertex -8 -13.8564 0
    endloop
  endfacet
  facet normal -0.162847 -0.986651 0
    outer loop
      vertex -3.12144 -15.6926 0
      vertex -2.08842 -15.8631 6
      vertex -3.12144 -15.6926 6
    endloop
  endfacet
  facet normal -0.162847 -0.986651 -0
    outer loop
      vertex -2.08842 -15.8631 6
      vertex -3.12144 -15.6926 0
      vertex -2.08842 -15.8631 0
    endloop
  endfacet
  facet normal -0.849198 -0.528075 0
    outer loop
      vertex -13.3035 -8.88912 0
      vertex -13.8564 -8 6
      vertex -13.8564 -8 0
    endloop
  endfacet
  facet normal -0.849198 -0.528075 0
    outer loop
      vertex -13.8564 -8 6
      vertex -13.3035 -8.88912 0
      vertex -13.3035 -8.88912 6
    endloop
  endfacet
  facet normal -0.812874 -0.582439 0
    outer loop
      vertex -12.6937 -9.74018 0
      vertex -13.3035 -8.88912 6
      vertex -13.3035 -8.88912 0
    endloop
  endfacet
  facet normal -0.812874 -0.582439 0
    outer loop
      vertex -13.3035 -8.88912 6
      vertex -12.6937 -9.74018 0
      vertex -12.6937 -9.74018 6
    endloop
  endfacet
  facet normal -0.935909 -0.352243 0
    outer loop
      vertex -14.7821 -6.12293 0
      vertex -15.1509 -5.14303 6
      vertex -15.1509 -5.14303 0
    endloop
  endfacet
  facet normal -0.935909 -0.352243 0
    outer loop
      vertex -15.1509 -5.14303 6
      vertex -14.7821 -6.12293 0
      vertex -14.7821 -6.12293 6
    endloop
  endfacet
  facet normal 0.77296 0.634455 0
    outer loop
      vertex 12.6937 9.74018 6
      vertex 12.0294 10.5495 0
      vertex 12.0294 10.5495 6
    endloop
  endfacet
  facet normal 0.77296 0.634455 0
    outer loop
      vertex 12.0294 10.5495 0
      vertex 12.6937 9.74018 6
      vertex 12.6937 9.74018 0
    endloop
  endfacet
  facet normal 0.881904 0.471429 0
    outer loop
      vertex 14.35 7.07662 6
      vertex 13.8564 8 0
      vertex 13.8564 8 6
    endloop
  endfacet
  facet normal 0.881904 0.471429 0
    outer loop
      vertex 13.8564 8 0
      vertex 14.35 7.07662 6
      vertex 14.35 7.07662 0
    endloop
  endfacet
  facet normal 0.910868 0.412698 0
    outer loop
      vertex 14.7821 6.12293 6
      vertex 14.35 7.07662 0
      vertex 14.35 7.07662 6
    endloop
  endfacet
  facet normal 0.910868 0.412698 0
    outer loop
      vertex 14.35 7.07662 0
      vertex 14.7821 6.12293 6
      vertex 14.7821 6.12293 0
    endloop
  endfacet
  facet normal 0.352243 0.935909 -0
    outer loop
      vertex 6.12293 14.7821 0
      vertex 5.14303 15.1509 6
      vertex 6.12293 14.7821 6
    endloop
  endfacet
  facet normal 0.352243 0.935909 0
    outer loop
      vertex 5.14303 15.1509 6
      vertex 6.12293 14.7821 0
      vertex 5.14303 15.1509 0
    endloop
  endfacet
  facet normal 0.0979934 0.995187 -0
    outer loop
      vertex 2.08842 15.8631 0
      vertex 1.04645 15.9657 6
      vertex 2.08842 15.8631 6
    endloop
  endfacet
  facet normal 0.0979934 0.995187 0
    outer loop
      vertex 1.04645 15.9657 6
      vertex 2.08842 15.8631 0
      vertex 1.04645 15.9657 0
    endloop
  endfacet
  facet normal 0.412698 0.910868 -0
    outer loop
      vertex 7.07662 14.35 0
      vertex 6.12293 14.7821 6
      vertex 7.07662 14.35 6
    endloop
  endfacet
  facet normal 0.412698 0.910868 0
    outer loop
      vertex 6.12293 14.7821 6
      vertex 7.07662 14.35 0
      vertex 6.12293 14.7821 0
    endloop
  endfacet
  facet normal 0.471429 0.881904 -0
    outer loop
      vertex 8 13.8564 0
      vertex 7.07662 14.35 6
      vertex 8 13.8564 6
    endloop
  endfacet
  facet normal 0.471429 0.881904 0
    outer loop
      vertex 7.07662 14.35 6
      vertex 8 13.8564 0
      vertex 7.07662 14.35 0
    endloop
  endfacet
  facet normal 0.634455 0.77296 -0
    outer loop
      vertex 10.5495 12.0294 0
      vertex 9.74018 12.6937 6
      vertex 10.5495 12.0294 6
    endloop
  endfacet
  facet normal 0.634455 0.77296 0
    outer loop
      vertex 9.74018 12.6937 6
      vertex 10.5495 12.0294 0
      vertex 9.74018 12.6937 0
    endloop
  endfacet
  facet normal 0.683566 0.729889 -0
    outer loop
      vertex 11.3137 11.3137 0
      vertex 10.5495 12.0294 6
      vertex 11.3137 11.3137 6
    endloop
  endfacet
  facet normal 0.683566 0.729889 0
    outer loop
      vertex 10.5495 12.0294 6
      vertex 11.3137 11.3137 0
      vertex 10.5495 12.0294 0
    endloop
  endfacet
  facet normal -0.729889 0.683566 0
    outer loop
      vertex -12.0294 10.5495 0
      vertex -11.3137 11.3137 6
      vertex -11.3137 11.3137 0
    endloop
  endfacet
  facet normal -0.729889 0.683566 0
    outer loop
      vertex -11.3137 11.3137 6
      vertex -12.0294 10.5495 0
      vertex -12.0294 10.5495 6
    endloop
  endfacet
  facet normal -0.910868 0.412698 0
    outer loop
      vertex -14.7821 6.12293 0
      vertex -14.35 7.07662 6
      vertex -14.35 7.07662 0
    endloop
  endfacet
  facet normal -0.910868 0.412698 0
    outer loop
      vertex -14.35 7.07662 6
      vertex -14.7821 6.12293 0
      vertex -14.7821 6.12293 6
    endloop
  endfacet
  facet normal -0.634455 0.77296 0
    outer loop
      vertex -9.74018 12.6937 0
      vertex -10.5495 12.0294 6
      vertex -9.74018 12.6937 6
    endloop
  endfacet
  facet normal -0.634455 0.77296 0
    outer loop
      vertex -10.5495 12.0294 6
      vertex -9.74018 12.6937 0
      vertex -10.5495 12.0294 0
    endloop
  endfacet
  facet normal -0.352243 0.935909 0
    outer loop
      vertex -5.14303 15.1509 0
      vertex -6.12293 14.7821 6
      vertex -5.14303 15.1509 6
    endloop
  endfacet
  facet normal -0.352243 0.935909 0
    outer loop
      vertex -6.12293 14.7821 6
      vertex -5.14303 15.1509 0
      vertex -6.12293 14.7821 0
    endloop
  endfacet
  facet normal -0.290257 0.956949 0
    outer loop
      vertex -4.1411 15.4548 0
      vertex -5.14303 15.1509 6
      vertex -4.1411 15.4548 6
    endloop
  endfacet
  facet normal -0.290257 0.956949 0
    outer loop
      vertex -5.14303 15.1509 6
      vertex -4.1411 15.4548 0
      vertex -5.14303 15.1509 0
    endloop
  endfacet
  facet normal -0.0327599 0.999463 0
    outer loop
      vertex 0 16 0
      vertex -1.04645 15.9657 6
      vertex 0 16 6
    endloop
  endfacet
  facet normal -0.0327599 0.999463 0
    outer loop
      vertex -1.04645 15.9657 6
      vertex 0 16 0
      vertex -1.04645 15.9657 0
    endloop
  endfacet
  facet normal 0.0327599 -0.999463 0
    outer loop
      vertex 0 -16 0
      vertex 1.04645 -15.9657 6
      vertex 0 -16 6
    endloop
  endfacet
  facet normal 0.0327599 -0.999463 0
    outer loop
      vertex 1.04645 -15.9657 6
      vertex 0 -16 0
      vertex 1.04645 -15.9657 0
    endloop
  endfacet
  facet normal 0.162847 -0.986651 0
    outer loop
      vertex 2.08842 -15.8631 0
      vertex 3.12144 -15.6926 6
      vertex 2.08842 -15.8631 6
    endloop
  endfacet
  facet normal 0.162847 -0.986651 0
    outer loop
      vertex 3.12144 -15.6926 6
      vertex 2.08842 -15.8631 0
      vertex 3.12144 -15.6926 0
    endloop
  endfacet
  facet normal 0.290257 -0.956949 0
    outer loop
      vertex 4.1411 -15.4548 0
      vertex 5.14303 -15.1509 6
      vertex 4.1411 -15.4548 6
    endloop
  endfacet
  facet normal 0.290257 -0.956949 0
    outer loop
      vertex 5.14303 -15.1509 6
      vertex 4.1411 -15.4548 0
      vertex 5.14303 -15.1509 0
    endloop
  endfacet
  facet normal 0.634455 -0.77296 0
    outer loop
      vertex 9.74018 -12.6937 0
      vertex 10.5495 -12.0294 6
      vertex 9.74018 -12.6937 6
    endloop
  endfacet
  facet normal 0.634455 -0.77296 0
    outer loop
      vertex 10.5495 -12.0294 6
      vertex 9.74018 -12.6937 0
      vertex 10.5495 -12.0294 0
    endloop
  endfacet
  facet normal 0.412698 -0.910868 0
    outer loop
      vertex 6.12293 -14.7821 0
      vertex 7.07662 -14.35 6
      vertex 6.12293 -14.7821 6
    endloop
  endfacet
  facet normal 0.412698 -0.910868 0
    outer loop
      vertex 7.07662 -14.35 6
      vertex 6.12293 -14.7821 0
      vertex 7.07662 -14.35 0
    endloop
  endfacet
  facet normal 0.528075 -0.849198 0
    outer loop
      vertex 8 -13.8564 0
      vertex 8.88912 -13.3035 6
      vertex 8 -13.8564 6
    endloop
  endfacet
  facet normal 0.528075 -0.849198 0
    outer loop
      vertex 8.88912 -13.3035 6
      vertex 8 -13.8564 0
      vertex 8.88912 -13.3035 0
    endloop
  endfacet
  facet normal 0.812874 -0.582439 0
    outer loop
      vertex 12.6937 -9.74018 6
      vertex 13.3035 -8.88912 0
      vertex 13.3035 -8.88912 6
    endloop
  endfacet
  facet normal 0.812874 -0.582439 0
    outer loop
      vertex 13.3035 -8.88912 0
      vertex 12.6937 -9.74018 6
      vertex 12.6937 -9.74018 0
    endloop
  endfacet
  facet normal 0.729889 -0.683566 0
    outer loop
      vertex 11.3137 -11.3137 6
      vertex 12.0294 -10.5495 0
      vertex 12.0294 -10.5495 6
    endloop
  endfacet
  facet normal 0.729889 -0.683566 0
    outer loop
      vertex 12.0294 -10.5495 0
      vertex 11.3137 -11.3137 6
      vertex 11.3137 -11.3137 0
    endloop
  endfacet
  facet normal 0.77296 -0.634455 0
    outer loop
      vertex 12.0294 -10.5495 6
      vertex 12.6937 -9.74018 0
      vertex 12.6937 -9.74018 6
    endloop
  endfacet
  facet normal 0.77296 -0.634455 0
    outer loop
      vertex 12.6937 -9.74018 0
      vertex 12.0294 -10.5495 6
      vertex 12.0294 -10.5495 0
    endloop
  endfacet
  facet normal 0.935909 -0.352243 0
    outer loop
      vertex 14.7821 -6.12293 6
      vertex 15.1509 -5.14303 0
      vertex 15.1509 -5.14303 6
    endloop
  endfacet
  facet normal 0.935909 -0.352243 0
    outer loop
      vertex 15.1509 -5.14303 0
      vertex 14.7821 -6.12293 6
      vertex 14.7821 -6.12293 0
    endloop
  endfacet
  facet normal 0.910868 -0.412698 0
    outer loop
      vertex 14.35 -7.07662 6
      vertex 14.7821 -6.12293 0
      vertex 14.7821 -6.12293 6
    endloop
  endfacet
  facet normal 0.910868 -0.412698 0
    outer loop
      vertex 14.7821 -6.12293 0
      vertex 14.35 -7.07662 6
      vertex 14.35 -7.07662 0
    endloop
  endfacet
  facet normal -0.582439 -0.812874 0
    outer loop
      vertex -9.74018 -12.6937 0
      vertex -8.88912 -13.3035 6
      vertex -9.74018 -12.6937 6
    endloop
  endfacet
  facet normal -0.582439 -0.812874 -0
    outer loop
      vertex -8.88912 -13.3035 6
      vertex -9.74018 -12.6937 0
      vertex -8.88912 -13.3035 0
    endloop
  endfacet
  facet normal -0.683566 -0.729889 0
    outer loop
      vertex -11.3137 -11.3137 0
      vertex -10.5495 -12.0294 6
      vertex -11.3137 -11.3137 6
    endloop
  endfacet
  facet normal -0.683566 -0.729889 -0
    outer loop
      vertex -10.5495 -12.0294 6
      vertex -11.3137 -11.3137 0
      vertex -10.5495 -12.0294 0
    endloop
  endfacet
  facet normal -0.634455 -0.77296 0
    outer loop
      vertex -10.5495 -12.0294 0
      vertex -9.74018 -12.6937 6
      vertex -10.5495 -12.0294 6
    endloop
  endfacet
  facet normal -0.634455 -0.77296 -0
    outer loop
      vertex -9.74018 -12.6937 6
      vertex -10.5495 -12.0294 0
      vertex -9.74018 -12.6937 0
    endloop
  endfacet
  facet normal -0.471429 -0.881904 0
    outer loop
      vertex -8 -13.8564 0
      vertex -7.07662 -14.35 6
      vertex -8 -13.8564 6
    endloop
  endfacet
  facet normal -0.471429 -0.881904 -0
    outer loop
      vertex -7.07662 -14.35 6
      vertex -8 -13.8564 0
      vertex -7.07662 -14.35 0
    endloop
  endfacet
  facet normal -0.22712 -0.973867 0
    outer loop
      vertex -4.1411 -15.4548 0
      vertex -3.12144 -15.6926 6
      vertex -4.1411 -15.4548 6
    endloop
  endfacet
  facet normal -0.22712 -0.973867 -0
    outer loop
      vertex -3.12144 -15.6926 6
      vertex -4.1411 -15.4548 0
      vertex -3.12144 -15.6926 0
    endloop
  endfacet
  facet normal -0.290257 -0.956949 0
    outer loop
      vertex -5.14303 -15.1509 0
      vertex -4.1411 -15.4548 6
      vertex -5.14303 -15.1509 6
    endloop
  endfacet
  facet normal -0.290257 -0.956949 -0
    outer loop
      vertex -4.1411 -15.4548 6
      vertex -5.14303 -15.1509 0
      vertex -4.1411 -15.4548 0
    endloop
  endfacet
  facet normal -0.0979934 -0.995187 0
    outer loop
      vertex -2.08842 -15.8631 0
      vertex -1.04645 -15.9657 6
      vertex -2.08842 -15.8631 6
    endloop
  endfacet
  facet normal -0.0979934 -0.995187 -0
    outer loop
      vertex -1.04645 -15.9657 6
      vertex -2.08842 -15.8631 0
      vertex -1.04645 -15.9657 0
    endloop
  endfacet
  facet normal -0.910868 -0.412698 0
    outer loop
      vertex -14.35 -7.07662 0
      vertex -14.7821 -6.12293 6
      vertex -14.7821 -6.12293 0
    endloop
  endfacet
  facet normal -0.910868 -0.412698 0
    outer loop
      vertex -14.7821 -6.12293 6
      vertex -14.35 -7.07662 0
      vertex -14.35 -7.07662 6
    endloop
  endfacet
  facet normal -0.881904 -0.471429 0
    outer loop
      vertex -13.8564 -8 0
      vertex -14.35 -7.07662 6
      vertex -14.35 -7.07662 0
    endloop
  endfacet
  facet normal -0.881904 -0.471429 0
    outer loop
      vertex -14.35 -7.07662 6
      vertex -13.8564 -8 0
      vertex -13.8564 -8 6
    endloop
  endfacet
  facet normal -0.956949 -0.290257 0
    outer loop
      vertex -15.1509 -5.14303 0
      vertex -15.4218 -4.2499 6
      vertex -15.4218 -4.2499 0
    endloop
  endfacet
  facet normal -0.956949 -0.290257 0
    outer loop
      vertex -15.4218 -4.2499 6
      vertex -15.1509 -5.14303 0
      vertex -15.1509 -5.14303 6
    endloop
  endfacet
  facet normal -0.881904 0.471429 0
    outer loop
      vertex -14.35 7.07662 0
      vertex -13.8564 8 6
      vertex -13.8564 8 0
    endloop
  endfacet
  facet normal -0.881904 0.471429 0
    outer loop
      vertex -13.8564 8 6
      vertex -14.35 7.07662 0
      vertex -14.35 7.07662 6
    endloop
  endfacet
  facet normal -0.935909 0.352243 0
    outer loop
      vertex -15.1509 5.14303 0
      vertex -14.7821 6.12293 6
      vertex -14.7821 6.12293 0
    endloop
  endfacet
  facet normal -0.935909 0.352243 0
    outer loop
      vertex -14.7821 6.12293 6
      vertex -15.1509 5.14303 0
      vertex -15.1509 5.14303 6
    endloop
  endfacet
  facet normal -0.412698 0.910868 0
    outer loop
      vertex -6.12293 14.7821 0
      vertex -7.07662 14.35 6
      vertex -6.12293 14.7821 6
    endloop
  endfacet
  facet normal -0.412698 0.910868 0
    outer loop
      vertex -7.07662 14.35 6
      vertex -6.12293 14.7821 0
      vertex -7.07662 14.35 0
    endloop
  endfacet
  facet normal 0.0979934 -0.995187 0
    outer loop
      vertex 1.04645 -15.9657 0
      vertex 2.08842 -15.8631 6
      vertex 1.04645 -15.9657 6
    endloop
  endfacet
  facet normal 0.0979934 -0.995187 0
    outer loop
      vertex 2.08842 -15.8631 6
      vertex 1.04645 -15.9657 0
      vertex 2.08842 -15.8631 0
    endloop
  endfacet
  facet normal 0.471429 -0.881904 0
    outer loop
      vertex 7.07662 -14.35 0
      vertex 8 -13.8564 6
      vertex 7.07662 -14.35 6
    endloop
  endfacet
  facet normal 0.471429 -0.881904 0
    outer loop
      vertex 8 -13.8564 6
      vertex 7.07662 -14.35 0
      vertex 8 -13.8564 0
    endloop
  endfacet
  facet normal 0.849198 -0.528075 0
    outer loop
      vertex 13.3035 -8.88912 6
      vertex 13.8564 -8 0
      vertex 13.8564 -8 6
    endloop
  endfacet
  facet normal 0.849198 -0.528075 0
    outer loop
      vertex 13.8564 -8 0
      vertex 13.3035 -8.88912 6
      vertex 13.3035 -8.88912 0
    endloop
  endfacet
  facet normal -0.729889 -0.683566 0
    outer loop
      vertex -11.3137 -11.3137 0
      vertex -12.0294 -10.5495 6
      vertex -12.0294 -10.5495 0
    endloop
  endfacet
  facet normal -0.729889 -0.683566 0
    outer loop
      vertex -12.0294 -10.5495 6
      vertex -11.3137 -11.3137 0
      vertex -11.3137 -11.3137 6
    endloop
  endfacet
  facet normal -0.999468 -0.0326009 0
    outer loop
      vertex -17.75 0 0
      vertex -17.7548 0.147157 6
      vertex -17.7548 0.147157 0
    endloop
  endfacet
  facet normal -0.999468 -0.0326009 0
    outer loop
      vertex -17.7548 0.147157 6
      vertex -17.75 0 0
      vertex -17.75 0 6
    endloop
  endfacet
  facet normal 0.999468 -0.0326009 0
    outer loop
      vertex -22.25 0 6
      vertex -22.2452 0.147157 0
      vertex -22.2452 0.147157 6
    endloop
  endfacet
  facet normal 0.999468 -0.0326009 0
    outer loop
      vertex -22.2452 0.147157 0
      vertex -22.25 0 6
      vertex -22.25 0 0
    endloop
  endfacet
  facet normal -0.032727 -0.999464 0
    outer loop
      vertex -20 2.25 0
      vertex -19.8528 2.24518 6
      vertex -20 2.25 6
    endloop
  endfacet
  facet normal -0.032727 -0.999464 -0
    outer loop
      vertex -19.8528 2.24518 6
      vertex -20 2.25 0
      vertex -19.8528 2.24518 0
    endloop
  endfacet
  facet normal -0.730024 -0.683421 0
    outer loop
      vertex -18.3084 1.48353 0
      vertex -18.409 1.59099 6
      vertex -18.409 1.59099 0
    endloop
  endfacet
  facet normal -0.730024 -0.683421 0
    outer loop
      vertex -18.409 1.59099 6
      vertex -18.3084 1.48353 0
      vertex -18.3084 1.48353 6
    endloop
  endfacet
  facet normal 0.683467 -0.729982 0
    outer loop
      vertex -21.591 1.59099 0
      vertex -21.4835 1.69164 6
      vertex -21.591 1.59099 6
    endloop
  endfacet
  facet normal 0.683467 -0.729982 0
    outer loop
      vertex -21.4835 1.69164 6
      vertex -21.591 1.59099 0
      vertex -21.4835 1.69164 0
    endloop
  endfacet
  facet normal 0.352225 -0.935915 0
    outer loop
      vertex -20.861 2.07873 0
      vertex -20.7232 2.13059 6
      vertex -20.861 2.07873 6
    endloop
  endfacet
  facet normal 0.352225 -0.935915 0
    outer loop
      vertex -20.7232 2.13059 6
      vertex -20.861 2.07873 0
      vertex -20.7232 2.13059 0
    endloop
  endfacet
  facet normal -0.935825 -0.352465 0
    outer loop
      vertex -17.8694 0.723238 0
      vertex -17.9213 0.861037 6
      vertex -17.9213 0.861037 0
    endloop
  endfacet
  facet normal -0.935825 -0.352465 0
    outer loop
      vertex -17.9213 0.861037 6
      vertex -17.8694 0.723238 0
      vertex -17.8694 0.723238 6
    endloop
  endfacet
  facet normal -0.412764 -0.910838 0
    outer loop
      vertex -19.139 2.07873 0
      vertex -19.0049 2.01796 6
      vertex -19.139 2.07873 6
    endloop
  endfacet
  facet normal -0.412764 -0.910838 -0
    outer loop
      vertex -19.0049 2.01796 6
      vertex -19.139 2.07873 0
      vertex -19.0049 2.01796 0
    endloop
  endfacet
  facet normal -0.582452 -0.812865 0
    outer loop
      vertex -18.75 1.87081 0
      vertex -18.6303 1.78504 6
      vertex -18.75 1.87081 6
    endloop
  endfacet
  facet normal -0.582452 -0.812865 -0
    outer loop
      vertex -18.6303 1.78504 6
      vertex -18.75 1.87081 0
      vertex -18.6303 1.78504 0
    endloop
  endfacet
  facet normal 0.911031 -0.412339 0
    outer loop
      vertex -22.0787 0.861037 6
      vertex -22.018 0.995149 0
      vertex -22.018 0.995149 6
    endloop
  endfacet
  facet normal 0.911031 -0.412339 0
    outer loop
      vertex -22.018 0.995149 0
      vertex -22.0787 0.861037 6
      vertex -22.0787 0.861037 0
    endloop
  endfacet
  facet normal 0.773043 -0.634354 0
    outer loop
      vertex -21.785 1.36971 6
      vertex -21.6916 1.48353 0
      vertex -21.6916 1.48353 6
    endloop
  endfacet
  facet normal 0.773043 -0.634354 0
    outer loop
      vertex -21.6916 1.48353 0
      vertex -21.785 1.36971 6
      vertex -21.785 1.36971 0
    endloop
  endfacet
  facet normal 0.162835 -0.986653 0
    outer loop
      vertex -20.439 2.20677 0
      vertex -20.2937 2.23075 6
      vertex -20.439 2.20677 6
    endloop
  endfacet
  facet normal 0.162835 -0.986653 0
    outer loop
      vertex -20.2937 2.23075 6
      vertex -20.439 2.20677 0
      vertex -20.2937 2.23075 0
    endloop
  endfacet
  facet normal 0.773043 0.634354 0
    outer loop
      vertex -21.6916 -1.48353 6
      vertex -21.785 -1.36971 0
      vertex -21.785 -1.36971 6
    endloop
  endfacet
  facet normal 0.773043 0.634354 0
    outer loop
      vertex -21.785 -1.36971 0
      vertex -21.6916 -1.48353 6
      vertex -21.6916 -1.48353 0
    endloop
  endfacet
  facet normal 0.935825 0.352465 0
    outer loop
      vertex -22.0787 -0.861037 6
      vertex -22.1306 -0.723238 0
      vertex -22.1306 -0.723238 6
    endloop
  endfacet
  facet normal 0.935825 0.352465 0
    outer loop
      vertex -22.1306 -0.723238 0
      vertex -22.0787 -0.861037 6
      vertex -22.0787 -0.861037 0
    endloop
  endfacet
  facet normal -0.986626 -0.163001 0
    outer loop
      vertex -17.7692 0.293683 0
      vertex -17.7932 0.438952 6
      vertex -17.7932 0.438952 0
    endloop
  endfacet
  facet normal -0.986626 -0.163001 0
    outer loop
      vertex -17.7932 0.438952 6
      vertex -17.7692 0.293683 0
      vertex -17.7692 0.293683 6
    endloop
  endfacet
  facet normal -0.995206 -0.0978049 0
    outer loop
      vertex -17.7548 0.147157 0
      vertex -17.7692 0.293683 6
      vertex -17.7692 0.293683 0
    endloop
  endfacet
  facet normal -0.995206 -0.0978049 0
    outer loop
      vertex -17.7692 0.293683 6
      vertex -17.7548 0.147157 0
      vertex -17.7548 0.147157 6
    endloop
  endfacet
  facet normal -0.849046 -0.528319 0
    outer loop
      vertex -18.0514 1.125 0
      vertex -18.1292 1.25003 6
      vertex -18.1292 1.25003 0
    endloop
  endfacet
  facet normal -0.849046 -0.528319 0
    outer loop
      vertex -18.1292 1.25003 6
      vertex -18.0514 1.125 0
      vertex -18.0514 1.125 6
    endloop
  endfacet
  facet normal -0.812723 -0.582651 0
    outer loop
      vertex -18.1292 1.25003 0
      vertex -18.215 1.36971 6
      vertex -18.215 1.36971 0
    endloop
  endfacet
  facet normal -0.812723 -0.582651 0
    outer loop
      vertex -18.215 1.36971 6
      vertex -18.1292 1.25003 0
      vertex -18.1292 1.25003 6
    endloop
  endfacet
  facet normal -0.911031 -0.412339 0
    outer loop
      vertex -17.9213 0.861037 0
      vertex -17.982 0.995149 6
      vertex -17.982 0.995149 0
    endloop
  endfacet
  facet normal -0.911031 -0.412339 0
    outer loop
      vertex -17.982 0.995149 6
      vertex -17.9213 0.861037 0
      vertex -17.9213 0.861037 6
    endloop
  endfacet
  facet normal -0.290275 -0.956943 0
    outer loop
      vertex -19.4177 2.17333 0
      vertex -19.2768 2.13059 6
      vertex -19.4177 2.17333 6
    endloop
  endfacet
  facet normal -0.290275 -0.956943 -0
    outer loop
      vertex -19.2768 2.13059 6
      vertex -19.4177 2.17333 0
      vertex -19.2768 2.13059 0
    endloop
  endfacet
  facet normal -0.352225 -0.935915 0
    outer loop
      vertex -19.2768 2.13059 0
      vertex -19.139 2.07873 6
      vertex -19.2768 2.13059 6
    endloop
  endfacet
  facet normal -0.352225 -0.935915 -0
    outer loop
      vertex -19.139 2.07873 6
      vertex -19.2768 2.13059 0
      vertex -19.139 2.07873 0
    endloop
  endfacet
  facet normal -0.0980239 -0.995184 0
    outer loop
      vertex -19.8528 2.24518 0
      vertex -19.7063 2.23075 6
      vertex -19.8528 2.24518 6
    endloop
  endfacet
  facet normal -0.0980239 -0.995184 -0
    outer loop
      vertex -19.7063 2.23075 6
      vertex -19.8528 2.24518 0
      vertex -19.7063 2.23075 0
    endloop
  endfacet
  facet normal -0.528166 -0.849141 0
    outer loop
      vertex -18.875 1.94856 0
      vertex -18.75 1.87081 6
      vertex -18.875 1.94856 6
    endloop
  endfacet
  facet normal -0.528166 -0.849141 -0
    outer loop
      vertex -18.75 1.87081 6
      vertex -18.875 1.94856 0
      vertex -18.75 1.87081 0
    endloop
  endfacet
  facet normal -0.683467 -0.729982 0
    outer loop
      vertex -18.5165 1.69164 0
      vertex -18.409 1.59099 6
      vertex -18.5165 1.69164 6
    endloop
  endfacet
  facet normal -0.683467 -0.729982 -0
    outer loop
      vertex -18.409 1.59099 6
      vertex -18.5165 1.69164 0
      vertex -18.409 1.59099 0
    endloop
  endfacet
  facet normal 0.957016 -0.290034 0
    outer loop
      vertex -22.1733 0.582342 6
      vertex -22.1306 0.723238 0
      vertex -22.1306 0.723238 6
    endloop
  endfacet
  facet normal 0.957016 -0.290034 0
    outer loop
      vertex -22.1306 0.723238 0
      vertex -22.1733 0.582342 6
      vertex -22.1733 0.582342 0
    endloop
  endfacet
  facet normal 0.812723 -0.582651 0
    outer loop
      vertex -21.8708 1.25003 6
      vertex -21.785 1.36971 0
      vertex -21.785 1.36971 6
    endloop
  endfacet
  facet normal 0.812723 -0.582651 0
    outer loop
      vertex -21.785 1.36971 0
      vertex -21.8708 1.25003 6
      vertex -21.8708 1.25003 0
    endloop
  endfacet
  facet normal 0.849046 -0.528319 0
    outer loop
      vertex -21.9486 1.125 6
      vertex -21.8708 1.25003 0
      vertex -21.8708 1.25003 6
    endloop
  endfacet
  facet normal 0.849046 -0.528319 0
    outer loop
      vertex -21.8708 1.25003 0
      vertex -21.9486 1.125 6
      vertex -21.9486 1.125 0
    endloop
  endfacet
  facet normal 0.935825 -0.352465 0
    outer loop
      vertex -22.1306 0.723238 6
      vertex -22.0787 0.861037 0
      vertex -22.0787 0.861037 6
    endloop
  endfacet
  facet normal 0.935825 -0.352465 0
    outer loop
      vertex -22.0787 0.861037 0
      vertex -22.1306 0.723238 6
      vertex -22.1306 0.723238 0
    endloop
  endfacet
  facet normal 0.995206 -0.0978049 0
    outer loop
      vertex -22.2452 0.147157 6
      vertex -22.2308 0.293683 0
      vertex -22.2308 0.293683 6
    endloop
  endfacet
  facet normal 0.995206 -0.0978049 0
    outer loop
      vertex -22.2308 0.293683 0
      vertex -22.2452 0.147157 6
      vertex -22.2452 0.147157 0
    endloop
  endfacet
  facet normal 0.528166 -0.849141 0
    outer loop
      vertex -21.25 1.87081 0
      vertex -21.125 1.94856 6
      vertex -21.25 1.87081 6
    endloop
  endfacet
  facet normal 0.528166 -0.849141 0
    outer loop
      vertex -21.125 1.94856 6
      vertex -21.25 1.87081 0
      vertex -21.125 1.94856 0
    endloop
  endfacet
  facet normal 0.471222 -0.882014 0
    outer loop
      vertex -21.125 1.94856 0
      vertex -20.9951 2.01796 6
      vertex -21.125 1.94856 6
    endloop
  endfacet
  facet normal 0.471222 -0.882014 0
    outer loop
      vertex -20.9951 2.01796 6
      vertex -21.125 1.94856 0
      vertex -20.9951 2.01796 0
    endloop
  endfacet
  facet normal 0.582452 -0.812865 0
    outer loop
      vertex -21.3697 1.78504 0
      vertex -21.25 1.87081 6
      vertex -21.3697 1.78504 6
    endloop
  endfacet
  facet normal 0.582452 -0.812865 0
    outer loop
      vertex -21.25 1.87081 6
      vertex -21.3697 1.78504 0
      vertex -21.25 1.87081 0
    endloop
  endfacet
  facet normal 0.290275 -0.956943 0
    outer loop
      vertex -20.7232 2.13059 0
      vertex -20.5823 2.17333 6
      vertex -20.7232 2.13059 6
    endloop
  endfacet
  facet normal 0.290275 -0.956943 0
    outer loop
      vertex -20.5823 2.17333 6
      vertex -20.7232 2.13059 0
      vertex -20.5823 2.17333 0
    endloop
  endfacet
  facet normal 0.032727 -0.999464 0
    outer loop
      vertex -20.1472 2.24518 0
      vertex -20 2.25 6
      vertex -20.1472 2.24518 6
    endloop
  endfacet
  facet normal 0.032727 -0.999464 0
    outer loop
      vertex -20 2.25 6
      vertex -20.1472 2.24518 0
      vertex -20 2.25 0
    endloop
  endfacet
  facet normal -0.957016 0.290034 0
    outer loop
      vertex -17.8694 -0.723238 0
      vertex -17.8267 -0.582342 6
      vertex -17.8267 -0.582342 0
    endloop
  endfacet
  facet normal -0.957016 0.290034 0
    outer loop
      vertex -17.8267 -0.582342 6
      vertex -17.8694 -0.723238 0
      vertex -17.8694 -0.723238 6
    endloop
  endfacet
  facet normal -0.0980239 0.995184 0
    outer loop
      vertex -19.7063 -2.23075 0
      vertex -19.8528 -2.24518 6
      vertex -19.7063 -2.23075 6
    endloop
  endfacet
  facet normal -0.0980239 0.995184 0
    outer loop
      vertex -19.8528 -2.24518 6
      vertex -19.7063 -2.23075 0
      vertex -19.8528 -2.24518 0
    endloop
  endfacet
  facet normal -0.032727 0.999464 0
    outer loop
      vertex -19.8528 -2.24518 0
      vertex -20 -2.25 6
      vertex -19.8528 -2.24518 6
    endloop
  endfacet
  facet normal -0.032727 0.999464 0
    outer loop
      vertex -20 -2.25 6
      vertex -19.8528 -2.24518 0
      vertex -20 -2.25 0
    endloop
  endfacet
  facet normal -0.582452 0.812865 0
    outer loop
      vertex -18.6303 -1.78504 0
      vertex -18.75 -1.87081 6
      vertex -18.6303 -1.78504 6
    endloop
  endfacet
  facet normal -0.582452 0.812865 0
    outer loop
      vertex -18.75 -1.87081 6
      vertex -18.6303 -1.78504 0
      vertex -18.75 -1.87081 0
    endloop
  endfacet
  facet normal -0.683467 0.729982 0
    outer loop
      vertex -18.409 -1.59099 0
      vertex -18.5165 -1.69164 6
      vertex -18.409 -1.59099 6
    endloop
  endfacet
  facet normal -0.683467 0.729982 0
    outer loop
      vertex -18.5165 -1.69164 6
      vertex -18.409 -1.59099 0
      vertex -18.5165 -1.69164 0
    endloop
  endfacet
  facet normal -0.412764 0.910838 0
    outer loop
      vertex -19.0049 -2.01796 0
      vertex -19.139 -2.07873 6
      vertex -19.0049 -2.01796 6
    endloop
  endfacet
  facet normal -0.412764 0.910838 0
    outer loop
      vertex -19.139 -2.07873 6
      vertex -19.0049 -2.01796 0
      vertex -19.139 -2.07873 0
    endloop
  endfacet
  facet normal -0.911031 0.412339 0
    outer loop
      vertex -17.982 -0.995149 0
      vertex -17.9213 -0.861037 6
      vertex -17.9213 -0.861037 0
    endloop
  endfacet
  facet normal -0.911031 0.412339 0
    outer loop
      vertex -17.9213 -0.861037 6
      vertex -17.982 -0.995149 0
      vertex -17.982 -0.995149 6
    endloop
  endfacet
  facet normal -0.849046 0.528319 0
    outer loop
      vertex -18.1292 -1.25003 0
      vertex -18.0514 -1.125 6
      vertex -18.0514 -1.125 0
    endloop
  endfacet
  facet normal -0.849046 0.528319 0
    outer loop
      vertex -18.0514 -1.125 6
      vertex -18.1292 -1.25003 0
      vertex -18.1292 -1.25003 6
    endloop
  endfacet
  facet normal -0.935825 0.352465 0
    outer loop
      vertex -17.9213 -0.861037 0
      vertex -17.8694 -0.723238 6
      vertex -17.8694 -0.723238 0
    endloop
  endfacet
  facet normal -0.935825 0.352465 0
    outer loop
      vertex -17.8694 -0.723238 6
      vertex -17.9213 -0.861037 0
      vertex -17.9213 -0.861037 6
    endloop
  endfacet
  facet normal 0.412764 0.910838 -0
    outer loop
      vertex -20.861 -2.07873 0
      vertex -20.9951 -2.01796 6
      vertex -20.861 -2.07873 6
    endloop
  endfacet
  facet normal 0.412764 0.910838 0
    outer loop
      vertex -20.9951 -2.01796 6
      vertex -20.861 -2.07873 0
      vertex -20.9951 -2.01796 0
    endloop
  endfacet
  facet normal 0.528166 0.849141 -0
    outer loop
      vertex -21.125 -1.94856 0
      vertex -21.25 -1.87081 6
      vertex -21.125 -1.94856 6
    endloop
  endfacet
  facet normal 0.528166 0.849141 0
    outer loop
      vertex -21.25 -1.87081 6
      vertex -21.125 -1.94856 0
      vertex -21.25 -1.87081 0
    endloop
  endfacet
  facet normal 0.352225 0.935915 -0
    outer loop
      vertex -20.7232 -2.13059 0
      vertex -20.861 -2.07873 6
      vertex -20.7232 -2.13059 6
    endloop
  endfacet
  facet normal 0.352225 0.935915 0
    outer loop
      vertex -20.861 -2.07873 6
      vertex -20.7232 -2.13059 0
      vertex -20.861 -2.07873 0
    endloop
  endfacet
  facet normal 0.162835 0.986653 -0
    outer loop
      vertex -20.2937 -2.23075 0
      vertex -20.439 -2.20677 6
      vertex -20.2937 -2.23075 6
    endloop
  endfacet
  facet normal 0.162835 0.986653 0
    outer loop
      vertex -20.439 -2.20677 6
      vertex -20.2937 -2.23075 0
      vertex -20.439 -2.20677 0
    endloop
  endfacet
  facet normal 0.849046 0.528319 0
    outer loop
      vertex -21.8708 -1.25003 6
      vertex -21.9486 -1.125 0
      vertex -21.9486 -1.125 6
    endloop
  endfacet
  facet normal 0.849046 0.528319 0
    outer loop
      vertex -21.9486 -1.125 0
      vertex -21.8708 -1.25003 6
      vertex -21.8708 -1.25003 0
    endloop
  endfacet
  facet normal 0.812723 0.582651 0
    outer loop
      vertex -21.785 -1.36971 6
      vertex -21.8708 -1.25003 0
      vertex -21.8708 -1.25003 6
    endloop
  endfacet
  facet normal 0.812723 0.582651 0
    outer loop
      vertex -21.8708 -1.25003 0
      vertex -21.785 -1.36971 6
      vertex -21.785 -1.36971 0
    endloop
  endfacet
  facet normal 0.999468 0.0326009 0
    outer loop
      vertex -22.2452 -0.147157 6
      vertex -22.25 0 0
      vertex -22.25 0 6
    endloop
  endfacet
  facet normal 0.999468 0.0326009 0
    outer loop
      vertex -22.25 0 0
      vertex -22.2452 -0.147157 6
      vertex -22.2452 -0.147157 0
    endloop
  endfacet
  facet normal -0.973778 -0.227502 0
    outer loop
      vertex -17.7932 0.438952 0
      vertex -17.8267 0.582342 6
      vertex -17.8267 0.582342 0
    endloop
  endfacet
  facet normal -0.973778 -0.227502 0
    outer loop
      vertex -17.8267 0.582342 6
      vertex -17.7932 0.438952 0
      vertex -17.7932 0.438952 6
    endloop
  endfacet
  facet normal -0.957016 -0.290034 0
    outer loop
      vertex -17.8267 0.582342 0
      vertex -17.8694 0.723238 6
      vertex -17.8694 0.723238 0
    endloop
  endfacet
  facet normal -0.957016 -0.290034 0
    outer loop
      vertex -17.8694 0.723238 6
      vertex -17.8267 0.582342 0
      vertex -17.8267 0.582342 6
    endloop
  endfacet
  facet normal -0.773043 -0.634354 0
    outer loop
      vertex -18.215 1.36971 0
      vertex -18.3084 1.48353 6
      vertex -18.3084 1.48353 0
    endloop
  endfacet
  facet normal -0.773043 -0.634354 0
    outer loop
      vertex -18.3084 1.48353 6
      vertex -18.215 1.36971 0
      vertex -18.215 1.36971 6
    endloop
  endfacet
  facet normal -0.88194 -0.471361 0
    outer loop
      vertex -17.982 0.995149 0
      vertex -18.0514 1.125 6
      vertex -18.0514 1.125 0
    endloop
  endfacet
  facet normal -0.88194 -0.471361 0
    outer loop
      vertex -18.0514 1.125 6
      vertex -17.982 0.995149 0
      vertex -17.982 0.995149 6
    endloop
  endfacet
  facet normal -0.227251 -0.973836 0
    outer loop
      vertex -19.561 2.20677 0
      vertex -19.4177 2.17333 6
      vertex -19.561 2.20677 6
    endloop
  endfacet
  facet normal -0.227251 -0.973836 -0
    outer loop
      vertex -19.4177 2.17333 6
      vertex -19.561 2.20677 0
      vertex -19.4177 2.17333 0
    endloop
  endfacet
  facet normal -0.471222 -0.882014 0
    outer loop
      vertex -19.0049 2.01796 0
      vertex -18.875 1.94856 6
      vertex -19.0049 2.01796 6
    endloop
  endfacet
  facet normal -0.471222 -0.882014 -0
    outer loop
      vertex -18.875 1.94856 6
      vertex -19.0049 2.01796 0
      vertex -18.875 1.94856 0
    endloop
  endfacet
  facet normal -0.634421 -0.772988 0
    outer loop
      vertex -18.6303 1.78504 0
      vertex -18.5165 1.69164 6
      vertex -18.6303 1.78504 6
    endloop
  endfacet
  facet normal -0.634421 -0.772988 -0
    outer loop
      vertex -18.5165 1.69164 6
      vertex -18.6303 1.78504 0
      vertex -18.5165 1.69164 0
    endloop
  endfacet
  facet normal 0.88194 -0.471361 0
    outer loop
      vertex -22.018 0.995149 6
      vertex -21.9486 1.125 0
      vertex -21.9486 1.125 6
    endloop
  endfacet
  facet normal 0.88194 -0.471361 0
    outer loop
      vertex -21.9486 1.125 0
      vertex -22.018 0.995149 6
      vertex -22.018 0.995149 0
    endloop
  endfacet
  facet normal 0.973778 -0.227502 0
    outer loop
      vertex -22.2068 0.438952 6
      vertex -22.1733 0.582342 0
      vertex -22.1733 0.582342 6
    endloop
  endfacet
  facet normal 0.973778 -0.227502 0
    outer loop
      vertex -22.1733 0.582342 0
      vertex -22.2068 0.438952 6
      vertex -22.2068 0.438952 0
    endloop
  endfacet
  facet normal 0.634421 -0.772988 0
    outer loop
      vertex -21.4835 1.69164 0
      vertex -21.3697 1.78504 6
      vertex -21.4835 1.69164 6
    endloop
  endfacet
  facet normal 0.634421 -0.772988 0
    outer loop
      vertex -21.3697 1.78504 6
      vertex -21.4835 1.69164 0
      vertex -21.3697 1.78504 0
    endloop
  endfacet
  facet normal 0.227251 -0.973836 0
    outer loop
      vertex -20.5823 2.17333 0
      vertex -20.439 2.20677 6
      vertex -20.5823 2.17333 6
    endloop
  endfacet
  facet normal 0.227251 -0.973836 0
    outer loop
      vertex -20.439 2.20677 6
      vertex -20.5823 2.17333 0
      vertex -20.439 2.20677 0
    endloop
  endfacet
  facet normal 0.0980239 -0.995184 0
    outer loop
      vertex -20.2937 2.23075 0
      vertex -20.1472 2.24518 6
      vertex -20.2937 2.23075 6
    endloop
  endfacet
  facet normal 0.0980239 -0.995184 0
    outer loop
      vertex -20.1472 2.24518 6
      vertex -20.2937 2.23075 0
      vertex -20.1472 2.24518 0
    endloop
  endfacet
  facet normal -0.227251 0.973836 0
    outer loop
      vertex -19.4177 -2.17333 0
      vertex -19.561 -2.20677 6
      vertex -19.4177 -2.17333 6
    endloop
  endfacet
  facet normal -0.227251 0.973836 0
    outer loop
      vertex -19.561 -2.20677 6
      vertex -19.4177 -2.17333 0
      vertex -19.561 -2.20677 0
    endloop
  endfacet
  facet normal -0.352225 0.935915 0
    outer loop
      vertex -19.139 -2.07873 0
      vertex -19.2768 -2.13059 6
      vertex -19.139 -2.07873 6
    endloop
  endfacet
  facet normal -0.352225 0.935915 0
    outer loop
      vertex -19.2768 -2.13059 6
      vertex -19.139 -2.07873 0
      vertex -19.2768 -2.13059 0
    endloop
  endfacet
  facet normal -0.634421 0.772988 0
    outer loop
      vertex -18.5165 -1.69164 0
      vertex -18.6303 -1.78504 6
      vertex -18.5165 -1.69164 6
    endloop
  endfacet
  facet normal -0.634421 0.772988 0
    outer loop
      vertex -18.6303 -1.78504 6
      vertex -18.5165 -1.69164 0
      vertex -18.6303 -1.78504 0
    endloop
  endfacet
  facet normal -0.528166 0.849141 0
    outer loop
      vertex -18.75 -1.87081 0
      vertex -18.875 -1.94856 6
      vertex -18.75 -1.87081 6
    endloop
  endfacet
  facet normal -0.528166 0.849141 0
    outer loop
      vertex -18.875 -1.94856 6
      vertex -18.75 -1.87081 0
      vertex -18.875 -1.94856 0
    endloop
  endfacet
  facet normal -0.812723 0.582651 0
    outer loop
      vertex -18.215 -1.36971 0
      vertex -18.1292 -1.25003 6
      vertex -18.1292 -1.25003 0
    endloop
  endfacet
  facet normal -0.812723 0.582651 0
    outer loop
      vertex -18.1292 -1.25003 6
      vertex -18.215 -1.36971 0
      vertex -18.215 -1.36971 6
    endloop
  endfacet
  facet normal -0.730024 0.683421 0
    outer loop
      vertex -18.409 -1.59099 0
      vertex -18.3084 -1.48353 6
      vertex -18.3084 -1.48353 0
    endloop
  endfacet
  facet normal -0.730024 0.683421 0
    outer loop
      vertex -18.3084 -1.48353 6
      vertex -18.409 -1.59099 0
      vertex -18.409 -1.59099 6
    endloop
  endfacet
  facet normal -0.773043 0.634354 0
    outer loop
      vertex -18.3084 -1.48353 0
      vertex -18.215 -1.36971 6
      vertex -18.215 -1.36971 0
    endloop
  endfacet
  facet normal -0.773043 0.634354 0
    outer loop
      vertex -18.215 -1.36971 6
      vertex -18.3084 -1.48353 0
      vertex -18.3084 -1.48353 6
    endloop
  endfacet
  facet normal -0.88194 0.471361 0
    outer loop
      vertex -18.0514 -1.125 0
      vertex -17.982 -0.995149 6
      vertex -17.982 -0.995149 0
    endloop
  endfacet
  facet normal -0.88194 0.471361 0
    outer loop
      vertex -17.982 -0.995149 6
      vertex -18.0514 -1.125 0
      vertex -18.0514 -1.125 6
    endloop
  endfacet
  facet normal -0.999468 0.0326009 0
    outer loop
      vertex -17.7548 -0.147157 0
      vertex -17.75 0 6
      vertex -17.75 0 0
    endloop
  endfacet
  facet normal -0.999468 0.0326009 0
    outer loop
      vertex -17.75 0 6
      vertex -17.7548 -0.147157 0
      vertex -17.7548 -0.147157 6
    endloop
  endfacet
  facet normal -0.986626 0.163001 0
    outer loop
      vertex -17.7932 -0.438952 0
      vertex -17.7692 -0.293683 6
      vertex -17.7692 -0.293683 0
    endloop
  endfacet
  facet normal -0.986626 0.163001 0
    outer loop
      vertex -17.7692 -0.293683 6
      vertex -17.7932 -0.438952 0
      vertex -17.7932 -0.438952 6
    endloop
  endfacet
  facet normal -0.995206 0.0978049 0
    outer loop
      vertex -17.7692 -0.293683 0
      vertex -17.7548 -0.147157 6
      vertex -17.7548 -0.147157 0
    endloop
  endfacet
  facet normal -0.995206 0.0978049 0
    outer loop
      vertex -17.7548 -0.147157 6
      vertex -17.7692 -0.293683 0
      vertex -17.7692 -0.293683 6
    endloop
  endfacet
  facet normal 0.582452 0.812865 -0
    outer loop
      vertex -21.25 -1.87081 0
      vertex -21.3697 -1.78504 6
      vertex -21.25 -1.87081 6
    endloop
  endfacet
  facet normal 0.582452 0.812865 0
    outer loop
      vertex -21.3697 -1.78504 6
      vertex -21.25 -1.87081 0
      vertex -21.3697 -1.78504 0
    endloop
  endfacet
  facet normal 0.683467 0.729982 -0
    outer loop
      vertex -21.4835 -1.69164 0
      vertex -21.591 -1.59099 6
      vertex -21.4835 -1.69164 6
    endloop
  endfacet
  facet normal 0.683467 0.729982 0
    outer loop
      vertex -21.591 -1.59099 6
      vertex -21.4835 -1.69164 0
      vertex -21.591 -1.59099 0
    endloop
  endfacet
  facet normal 0.634421 0.772988 -0
    outer loop
      vertex -21.3697 -1.78504 0
      vertex -21.4835 -1.69164 6
      vertex -21.3697 -1.78504 6
    endloop
  endfacet
  facet normal 0.634421 0.772988 0
    outer loop
      vertex -21.4835 -1.69164 6
      vertex -21.3697 -1.78504 0
      vertex -21.4835 -1.69164 0
    endloop
  endfacet
  facet normal 0.471222 0.882014 -0
    outer loop
      vertex -20.9951 -2.01796 0
      vertex -21.125 -1.94856 6
      vertex -20.9951 -2.01796 6
    endloop
  endfacet
  facet normal 0.471222 0.882014 0
    outer loop
      vertex -21.125 -1.94856 6
      vertex -20.9951 -2.01796 0
      vertex -21.125 -1.94856 0
    endloop
  endfacet
  facet normal 0.290275 0.956943 -0
    outer loop
      vertex -20.5823 -2.17333 0
      vertex -20.7232 -2.13059 6
      vertex -20.5823 -2.17333 6
    endloop
  endfacet
  facet normal 0.290275 0.956943 0
    outer loop
      vertex -20.7232 -2.13059 6
      vertex -20.5823 -2.17333 0
      vertex -20.7232 -2.13059 0
    endloop
  endfacet
  facet normal 0.032727 0.999464 -0
    outer loop
      vertex -20 -2.25 0
      vertex -20.1472 -2.24518 6
      vertex -20 -2.25 6
    endloop
  endfacet
  facet normal 0.032727 0.999464 0
    outer loop
      vertex -20.1472 -2.24518 6
      vertex -20 -2.25 0
      vertex -20.1472 -2.24518 0
    endloop
  endfacet
  facet normal 0.730024 0.683421 0
    outer loop
      vertex -21.591 -1.59099 6
      vertex -21.6916 -1.48353 0
      vertex -21.6916 -1.48353 6
    endloop
  endfacet
  facet normal 0.730024 0.683421 0
    outer loop
      vertex -21.6916 -1.48353 0
      vertex -21.591 -1.59099 6
      vertex -21.591 -1.59099 0
    endloop
  endfacet
  facet normal 0.911031 0.412339 0
    outer loop
      vertex -22.018 -0.995149 6
      vertex -22.0787 -0.861037 0
      vertex -22.0787 -0.861037 6
    endloop
  endfacet
  facet normal 0.911031 0.412339 0
    outer loop
      vertex -22.0787 -0.861037 0
      vertex -22.018 -0.995149 6
      vertex -22.018 -0.995149 0
    endloop
  endfacet
  facet normal 0.88194 0.471361 0
    outer loop
      vertex -21.9486 -1.125 6
      vertex -22.018 -0.995149 0
      vertex -22.018 -0.995149 6
    endloop
  endfacet
  facet normal 0.88194 0.471361 0
    outer loop
      vertex -22.018 -0.995149 0
      vertex -21.9486 -1.125 6
      vertex -21.9486 -1.125 0
    endloop
  endfacet
  facet normal 0.973778 0.227502 0
    outer loop
      vertex -22.1733 -0.582342 6
      vertex -22.2068 -0.438952 0
      vertex -22.2068 -0.438952 6
    endloop
  endfacet
  facet normal 0.973778 0.227502 0
    outer loop
      vertex -22.2068 -0.438952 0
      vertex -22.1733 -0.582342 6
      vertex -22.1733 -0.582342 0
    endloop
  endfacet
  facet normal 0.995206 0.0978049 0
    outer loop
      vertex -22.2308 -0.293683 6
      vertex -22.2452 -0.147157 0
      vertex -22.2452 -0.147157 6
    endloop
  endfacet
  facet normal 0.995206 0.0978049 0
    outer loop
      vertex -22.2452 -0.147157 0
      vertex -22.2308 -0.293683 6
      vertex -22.2308 -0.293683 0
    endloop
  endfacet
  facet normal 0.986626 0.163001 0
    outer loop
      vertex -22.2068 -0.438952 6
      vertex -22.2308 -0.293683 0
      vertex -22.2308 -0.293683 6
    endloop
  endfacet
  facet normal 0.986626 0.163001 0
    outer loop
      vertex -22.2308 -0.293683 0
      vertex -22.2068 -0.438952 6
      vertex -22.2068 -0.438952 0
    endloop
  endfacet
  facet normal -0.162835 -0.986653 0
    outer loop
      vertex -19.7063 2.23075 0
      vertex -19.561 2.20677 6
      vertex -19.7063 2.23075 6
    endloop
  endfacet
  facet normal -0.162835 -0.986653 -0
    outer loop
      vertex -19.561 2.20677 6
      vertex -19.7063 2.23075 0
      vertex -19.561 2.20677 0
    endloop
  endfacet
  facet normal 0.730024 -0.683421 0
    outer loop
      vertex -21.6916 1.48353 6
      vertex -21.591 1.59099 0
      vertex -21.591 1.59099 6
    endloop
  endfacet
  facet normal 0.730024 -0.683421 0
    outer loop
      vertex -21.591 1.59099 0
      vertex -21.6916 1.48353 6
      vertex -21.6916 1.48353 0
    endloop
  endfacet
  facet normal 0.986626 -0.163001 0
    outer loop
      vertex -22.2308 0.293683 6
      vertex -22.2068 0.438952 0
      vertex -22.2068 0.438952 6
    endloop
  endfacet
  facet normal 0.986626 -0.163001 0
    outer loop
      vertex -22.2068 0.438952 0
      vertex -22.2308 0.293683 6
      vertex -22.2308 0.293683 0
    endloop
  endfacet
  facet normal 0.412764 -0.910838 0
    outer loop
      vertex -20.9951 2.01796 0
      vertex -20.861 2.07873 6
      vertex -20.9951 2.01796 6
    endloop
  endfacet
  facet normal 0.412764 -0.910838 0
    outer loop
      vertex -20.861 2.07873 6
      vertex -20.9951 2.01796 0
      vertex -20.861 2.07873 0
    endloop
  endfacet
  facet normal -0.162835 0.986653 0
    outer loop
      vertex -19.561 -2.20677 0
      vertex -19.7063 -2.23075 6
      vertex -19.561 -2.20677 6
    endloop
  endfacet
  facet normal -0.162835 0.986653 0
    outer loop
      vertex -19.7063 -2.23075 6
      vertex -19.561 -2.20677 0
      vertex -19.7063 -2.23075 0
    endloop
  endfacet
  facet normal -0.290275 0.956943 0
    outer loop
      vertex -19.2768 -2.13059 0
      vertex -19.4177 -2.17333 6
      vertex -19.2768 -2.13059 6
    endloop
  endfacet
  facet normal -0.290275 0.956943 0
    outer loop
      vertex -19.4177 -2.17333 6
      vertex -19.2768 -2.13059 0
      vertex -19.4177 -2.17333 0
    endloop
  endfacet
  facet normal -0.471222 0.882014 0
    outer loop
      vertex -18.875 -1.94856 0
      vertex -19.0049 -2.01796 6
      vertex -18.875 -1.94856 6
    endloop
  endfacet
  facet normal -0.471222 0.882014 0
    outer loop
      vertex -19.0049 -2.01796 6
      vertex -18.875 -1.94856 0
      vertex -19.0049 -2.01796 0
    endloop
  endfacet
  facet normal -0.973778 0.227502 0
    outer loop
      vertex -17.8267 -0.582342 0
      vertex -17.7932 -0.438952 6
      vertex -17.7932 -0.438952 0
    endloop
  endfacet
  facet normal -0.973778 0.227502 0
    outer loop
      vertex -17.7932 -0.438952 6
      vertex -17.8267 -0.582342 0
      vertex -17.8267 -0.582342 6
    endloop
  endfacet
  facet normal 0.227251 0.973836 -0
    outer loop
      vertex -20.439 -2.20677 0
      vertex -20.5823 -2.17333 6
      vertex -20.439 -2.20677 6
    endloop
  endfacet
  facet normal 0.227251 0.973836 0
    outer loop
      vertex -20.5823 -2.17333 6
      vertex -20.439 -2.20677 0
      vertex -20.5823 -2.17333 0
    endloop
  endfacet
  facet normal 0.0980239 0.995184 -0
    outer loop
      vertex -20.1472 -2.24518 0
      vertex -20.2937 -2.23075 6
      vertex -20.1472 -2.24518 6
    endloop
  endfacet
  facet normal 0.0980239 0.995184 0
    outer loop
      vertex -20.2937 -2.23075 6
      vertex -20.1472 -2.24518 0
      vertex -20.2937 -2.23075 0
    endloop
  endfacet
  facet normal 0.957016 0.290034 0
    outer loop
      vertex -22.1306 -0.723238 6
      vertex -22.1733 -0.582342 0
      vertex -22.1733 -0.582342 6
    endloop
  endfacet
  facet normal 0.957016 0.290034 0
    outer loop
      vertex -22.1733 -0.582342 0
      vertex -22.1306 -0.723238 6
      vertex -22.1306 -0.723238 0
    endloop
  endfacet
  facet normal -0.999468 -0.0326009 0
    outer loop
      vertex 22.25 0 0
      vertex 22.2452 0.147157 6
      vertex 22.2452 0.147157 0
    endloop
  endfacet
  facet normal -0.999468 -0.0326009 0
    outer loop
      vertex 22.2452 0.147157 6
      vertex 22.25 0 0
      vertex 22.25 0 6
    endloop
  endfacet
  facet normal 0.032727 -0.999464 0
    outer loop
      vertex 19.8528 2.24518 0
      vertex 20 2.25 6
      vertex 19.8528 2.24518 6
    endloop
  endfacet
  facet normal 0.032727 -0.999464 0
    outer loop
      vertex 20 2.25 6
      vertex 19.8528 2.24518 0
      vertex 20 2.25 0
    endloop
  endfacet
  facet normal -0.683467 -0.729982 0
    outer loop
      vertex 21.4835 1.69164 0
      vertex 21.591 1.59099 6
      vertex 21.4835 1.69164 6
    endloop
  endfacet
  facet normal -0.683467 -0.729982 -0
    outer loop
      vertex 21.591 1.59099 6
      vertex 21.4835 1.69164 0
      vertex 21.591 1.59099 0
    endloop
  endfacet
  facet normal 0.730024 -0.683421 0
    outer loop
      vertex 18.3084 1.48353 6
      vertex 18.409 1.59099 0
      vertex 18.409 1.59099 6
    endloop
  endfacet
  facet normal 0.730024 -0.683421 0
    outer loop
      vertex 18.409 1.59099 0
      vertex 18.3084 1.48353 6
      vertex 18.3084 1.48353 0
    endloop
  endfacet
  facet normal 0.412764 -0.910838 0
    outer loop
      vertex 19.0049 2.01796 0
      vertex 19.139 2.07873 6
      vertex 19.0049 2.01796 6
    endloop
  endfacet
  facet normal 0.412764 -0.910838 0
    outer loop
      vertex 19.139 2.07873 6
      vertex 19.0049 2.01796 0
      vertex 19.139 2.07873 0
    endloop
  endfacet
  facet normal -0.911031 -0.412339 0
    outer loop
      vertex 22.0787 0.861037 0
      vertex 22.018 0.995149 6
      vertex 22.018 0.995149 0
    endloop
  endfacet
  facet normal -0.911031 -0.412339 0
    outer loop
      vertex 22.018 0.995149 6
      vertex 22.0787 0.861037 0
      vertex 22.0787 0.861037 6
    endloop
  endfacet
  facet normal -0.352225 -0.935915 0
    outer loop
      vertex 20.7232 2.13059 0
      vertex 20.861 2.07873 6
      vertex 20.7232 2.13059 6
    endloop
  endfacet
  facet normal -0.352225 -0.935915 -0
    outer loop
      vertex 20.861 2.07873 6
      vertex 20.7232 2.13059 0
      vertex 20.861 2.07873 0
    endloop
  endfacet
  facet normal -0.528166 -0.849141 0
    outer loop
      vertex 21.125 1.94856 0
      vertex 21.25 1.87081 6
      vertex 21.125 1.94856 6
    endloop
  endfacet
  facet normal -0.528166 -0.849141 -0
    outer loop
      vertex 21.25 1.87081 6
      vertex 21.125 1.94856 0
      vertex 21.25 1.87081 0
    endloop
  endfacet
  facet normal 0.935825 -0.352465 0
    outer loop
      vertex 17.8694 0.723238 6
      vertex 17.9213 0.861037 0
      vertex 17.9213 0.861037 6
    endloop
  endfacet
  facet normal 0.935825 -0.352465 0
    outer loop
      vertex 17.9213 0.861037 0
      vertex 17.8694 0.723238 6
      vertex 17.8694 0.723238 0
    endloop
  endfacet
  facet normal 0.227251 -0.973836 0
    outer loop
      vertex 19.4177 2.17333 0
      vertex 19.561 2.20677 6
      vertex 19.4177 2.17333 6
    endloop
  endfacet
  facet normal 0.227251 -0.973836 0
    outer loop
      vertex 19.561 2.20677 6
      vertex 19.4177 2.17333 0
      vertex 19.561 2.20677 0
    endloop
  endfacet
  facet normal -0.973778 -0.227502 0
    outer loop
      vertex 22.2068 0.438952 0
      vertex 22.1733 0.582342 6
      vertex 22.1733 0.582342 0
    endloop
  endfacet
  facet normal -0.973778 -0.227502 0
    outer loop
      vertex 22.1733 0.582342 6
      vertex 22.2068 0.438952 0
      vertex 22.2068 0.438952 6
    endloop
  endfacet
  facet normal -0.812723 -0.582651 0
    outer loop
      vertex 21.8708 1.25003 0
      vertex 21.785 1.36971 6
      vertex 21.785 1.36971 0
    endloop
  endfacet
  facet normal -0.812723 -0.582651 0
    outer loop
      vertex 21.785 1.36971 6
      vertex 21.8708 1.25003 0
      vertex 21.8708 1.25003 6
    endloop
  endfacet
  facet normal -0.88194 -0.471361 0
    outer loop
      vertex 22.018 0.995149 0
      vertex 21.9486 1.125 6
      vertex 21.9486 1.125 0
    endloop
  endfacet
  facet normal -0.88194 -0.471361 0
    outer loop
      vertex 21.9486 1.125 6
      vertex 22.018 0.995149 0
      vertex 22.018 0.995149 6
    endloop
  endfacet
  facet normal -0.162835 -0.986653 0
    outer loop
      vertex 20.2937 2.23075 0
      vertex 20.439 2.20677 6
      vertex 20.2937 2.23075 6
    endloop
  endfacet
  facet normal -0.162835 -0.986653 -0
    outer loop
      vertex 20.439 2.20677 6
      vertex 20.2937 2.23075 0
      vertex 20.439 2.20677 0
    endloop
  endfacet
  facet normal -0.634421 -0.772988 0
    outer loop
      vertex 21.3697 1.78504 0
      vertex 21.4835 1.69164 6
      vertex 21.3697 1.78504 6
    endloop
  endfacet
  facet normal -0.634421 -0.772988 -0
    outer loop
      vertex 21.4835 1.69164 6
      vertex 21.3697 1.78504 0
      vertex 21.4835 1.69164 0
    endloop
  endfacet
  facet normal 0.986626 -0.163001 0
    outer loop
      vertex 17.7692 0.293683 6
      vertex 17.7932 0.438952 0
      vertex 17.7932 0.438952 6
    endloop
  endfacet
  facet normal 0.986626 -0.163001 0
    outer loop
      vertex 17.7932 0.438952 0
      vertex 17.7692 0.293683 6
      vertex 17.7692 0.293683 0
    endloop
  endfacet
  facet normal 0.849046 -0.528319 0
    outer loop
      vertex 18.0514 1.125 6
      vertex 18.1292 1.25003 0
      vertex 18.1292 1.25003 6
    endloop
  endfacet
  facet normal 0.849046 -0.528319 0
    outer loop
      vertex 18.1292 1.25003 0
      vertex 18.0514 1.125 6
      vertex 18.0514 1.125 0
    endloop
  endfacet
  facet normal 0.773043 -0.634354 0
    outer loop
      vertex 18.215 1.36971 6
      vertex 18.3084 1.48353 0
      vertex 18.3084 1.48353 6
    endloop
  endfacet
  facet normal 0.773043 -0.634354 0
    outer loop
      vertex 18.3084 1.48353 0
      vertex 18.215 1.36971 6
      vertex 18.215 1.36971 0
    endloop
  endfacet
  facet normal 0.973778 -0.227502 0
    outer loop
      vertex 17.7932 0.438952 6
      vertex 17.8267 0.582342 0
      vertex 17.8267 0.582342 6
    endloop
  endfacet
  facet normal 0.973778 -0.227502 0
    outer loop
      vertex 17.8267 0.582342 0
      vertex 17.7932 0.438952 6
      vertex 17.7932 0.438952 0
    endloop
  endfacet
  facet normal 0.995206 -0.0978049 0
    outer loop
      vertex 17.7548 0.147157 6
      vertex 17.7692 0.293683 0
      vertex 17.7692 0.293683 6
    endloop
  endfacet
  facet normal 0.995206 -0.0978049 0
    outer loop
      vertex 17.7692 0.293683 0
      vertex 17.7548 0.147157 6
      vertex 17.7548 0.147157 0
    endloop
  endfacet
  facet normal 0.528166 -0.849141 0
    outer loop
      vertex 18.75 1.87081 0
      vertex 18.875 1.94856 6
      vertex 18.75 1.87081 6
    endloop
  endfacet
  facet normal 0.528166 -0.849141 0
    outer loop
      vertex 18.875 1.94856 6
      vertex 18.75 1.87081 0
      vertex 18.875 1.94856 0
    endloop
  endfacet
  facet normal 0.471222 -0.882014 0
    outer loop
      vertex 18.875 1.94856 0
      vertex 19.0049 2.01796 6
      vertex 18.875 1.94856 6
    endloop
  endfacet
  facet normal 0.471222 -0.882014 0
    outer loop
      vertex 19.0049 2.01796 6
      vertex 18.875 1.94856 0
      vertex 19.0049 2.01796 0
    endloop
  endfacet
  facet normal 0.683467 -0.729982 0
    outer loop
      vertex 18.409 1.59099 0
      vertex 18.5165 1.69164 6
      vertex 18.409 1.59099 6
    endloop
  endfacet
  facet normal 0.683467 -0.729982 0
    outer loop
      vertex 18.5165 1.69164 6
      vertex 18.409 1.59099 0
      vertex 18.5165 1.69164 0
    endloop
  endfacet
  facet normal 0.352225 -0.935915 0
    outer loop
      vertex 19.139 2.07873 0
      vertex 19.2768 2.13059 6
      vertex 19.139 2.07873 6
    endloop
  endfacet
  facet normal 0.352225 -0.935915 0
    outer loop
      vertex 19.2768 2.13059 6
      vertex 19.139 2.07873 0
      vertex 19.2768 2.13059 0
    endloop
  endfacet
  facet normal 0.0980239 -0.995184 0
    outer loop
      vertex 19.7063 2.23075 0
      vertex 19.8528 2.24518 6
      vertex 19.7063 2.23075 6
    endloop
  endfacet
  facet normal 0.0980239 -0.995184 0
    outer loop
      vertex 19.8528 2.24518 6
      vertex 19.7063 2.23075 0
      vertex 19.8528 2.24518 0
    endloop
  endfacet
  facet normal -0.999468 0.0326009 0
    outer loop
      vertex 22.2452 -0.147157 0
      vertex 22.25 0 6
      vertex 22.25 0 0
    endloop
  endfacet
  facet normal -0.999468 0.0326009 0
    outer loop
      vertex 22.25 0 6
      vertex 22.2452 -0.147157 0
      vertex 22.2452 -0.147157 6
    endloop
  endfacet
  facet normal -0.471222 0.882014 0
    outer loop
      vertex 21.125 -1.94856 0
      vertex 20.9951 -2.01796 6
      vertex 21.125 -1.94856 6
    endloop
  endfacet
  facet normal -0.471222 0.882014 0
    outer loop
      vertex 20.9951 -2.01796 6
      vertex 21.125 -1.94856 0
      vertex 20.9951 -2.01796 0
    endloop
  endfacet
  facet normal -0.812723 0.582651 0
    outer loop
      vertex 21.785 -1.36971 0
      vertex 21.8708 -1.25003 6
      vertex 21.8708 -1.25003 0
    endloop
  endfacet
  facet normal -0.812723 0.582651 0
    outer loop
      vertex 21.8708 -1.25003 6
      vertex 21.785 -1.36971 0
      vertex 21.785 -1.36971 6
    endloop
  endfacet
  facet normal -0.412764 0.910838 0
    outer loop
      vertex 20.9951 -2.01796 0
      vertex 20.861 -2.07873 6
      vertex 20.9951 -2.01796 6
    endloop
  endfacet
  facet normal -0.412764 0.910838 0
    outer loop
      vertex 20.861 -2.07873 6
      vertex 20.9951 -2.01796 0
      vertex 20.861 -2.07873 0
    endloop
  endfacet
  facet normal -0.986626 -0.163001 0
    outer loop
      vertex 22.2308 0.293683 0
      vertex 22.2068 0.438952 6
      vertex 22.2068 0.438952 0
    endloop
  endfacet
  facet normal -0.986626 -0.163001 0
    outer loop
      vertex 22.2068 0.438952 6
      vertex 22.2308 0.293683 0
      vertex 22.2308 0.293683 6
    endloop
  endfacet
  facet normal -0.995206 -0.0978049 0
    outer loop
      vertex 22.2452 0.147157 0
      vertex 22.2308 0.293683 6
      vertex 22.2308 0.293683 0
    endloop
  endfacet
  facet normal -0.995206 -0.0978049 0
    outer loop
      vertex 22.2308 0.293683 6
      vertex 22.2452 0.147157 0
      vertex 22.2452 0.147157 6
    endloop
  endfacet
  facet normal -0.935825 -0.352465 0
    outer loop
      vertex 22.1306 0.723238 0
      vertex 22.0787 0.861037 6
      vertex 22.0787 0.861037 0
    endloop
  endfacet
  facet normal -0.935825 -0.352465 0
    outer loop
      vertex 22.0787 0.861037 6
      vertex 22.1306 0.723238 0
      vertex 22.1306 0.723238 6
    endloop
  endfacet
  facet normal -0.957016 -0.290034 0
    outer loop
      vertex 22.1733 0.582342 0
      vertex 22.1306 0.723238 6
      vertex 22.1306 0.723238 0
    endloop
  endfacet
  facet normal -0.957016 -0.290034 0
    outer loop
      vertex 22.1306 0.723238 6
      vertex 22.1733 0.582342 0
      vertex 22.1733 0.582342 6
    endloop
  endfacet
  facet normal -0.773043 -0.634354 0
    outer loop
      vertex 21.785 1.36971 0
      vertex 21.6916 1.48353 6
      vertex 21.6916 1.48353 0
    endloop
  endfacet
  facet normal -0.773043 -0.634354 0
    outer loop
      vertex 21.6916 1.48353 6
      vertex 21.785 1.36971 0
      vertex 21.785 1.36971 6
    endloop
  endfacet
  facet normal -0.730024 -0.683421 0
    outer loop
      vertex 21.6916 1.48353 0
      vertex 21.591 1.59099 6
      vertex 21.591 1.59099 0
    endloop
  endfacet
  facet normal -0.730024 -0.683421 0
    outer loop
      vertex 21.591 1.59099 6
      vertex 21.6916 1.48353 0
      vertex 21.6916 1.48353 6
    endloop
  endfacet
  facet normal -0.849046 -0.528319 0
    outer loop
      vertex 21.9486 1.125 0
      vertex 21.8708 1.25003 6
      vertex 21.8708 1.25003 0
    endloop
  endfacet
  facet normal -0.849046 -0.528319 0
    outer loop
      vertex 21.8708 1.25003 6
      vertex 21.9486 1.125 0
      vertex 21.9486 1.125 6
    endloop
  endfacet
  facet normal -0.227251 -0.973836 0
    outer loop
      vertex 20.439 2.20677 0
      vertex 20.5823 2.17333 6
      vertex 20.439 2.20677 6
    endloop
  endfacet
  facet normal -0.227251 -0.973836 -0
    outer loop
      vertex 20.5823 2.17333 6
      vertex 20.439 2.20677 0
      vertex 20.5823 2.17333 0
    endloop
  endfacet
  facet normal -0.290275 -0.956943 0
    outer loop
      vertex 20.5823 2.17333 0
      vertex 20.7232 2.13059 6
      vertex 20.5823 2.17333 6
    endloop
  endfacet
  facet normal -0.290275 -0.956943 -0
    outer loop
      vertex 20.7232 2.13059 6
      vertex 20.5823 2.17333 0
      vertex 20.7232 2.13059 0
    endloop
  endfacet
  facet normal -0.0980239 -0.995184 0
    outer loop
      vertex 20.1472 2.24518 0
      vertex 20.2937 2.23075 6
      vertex 20.1472 2.24518 6
    endloop
  endfacet
  facet normal -0.0980239 -0.995184 -0
    outer loop
      vertex 20.2937 2.23075 6
      vertex 20.1472 2.24518 0
      vertex 20.2937 2.23075 0
    endloop
  endfacet
  facet normal -0.032727 -0.999464 0
    outer loop
      vertex 20 2.25 0
      vertex 20.1472 2.24518 6
      vertex 20 2.25 6
    endloop
  endfacet
  facet normal -0.032727 -0.999464 -0
    outer loop
      vertex 20.1472 2.24518 6
      vertex 20 2.25 0
      vertex 20.1472 2.24518 0
    endloop
  endfacet
  facet normal -0.471222 -0.882014 0
    outer loop
      vertex 20.9951 2.01796 0
      vertex 21.125 1.94856 6
      vertex 20.9951 2.01796 6
    endloop
  endfacet
  facet normal -0.471222 -0.882014 -0
    outer loop
      vertex 21.125 1.94856 6
      vertex 20.9951 2.01796 0
      vertex 21.125 1.94856 0
    endloop
  endfacet
  facet normal -0.412764 -0.910838 0
    outer loop
      vertex 20.861 2.07873 0
      vertex 20.9951 2.01796 6
      vertex 20.861 2.07873 6
    endloop
  endfacet
  facet normal -0.412764 -0.910838 -0
    outer loop
      vertex 20.9951 2.01796 6
      vertex 20.861 2.07873 0
      vertex 20.9951 2.01796 0
    endloop
  endfacet
  facet normal -0.582452 -0.812865 0
    outer loop
      vertex 21.25 1.87081 0
      vertex 21.3697 1.78504 6
      vertex 21.25 1.87081 6
    endloop
  endfacet
  facet normal -0.582452 -0.812865 -0
    outer loop
      vertex 21.3697 1.78504 6
      vertex 21.25 1.87081 0
      vertex 21.3697 1.78504 0
    endloop
  endfacet
  facet normal 0.812723 -0.582651 0
    outer loop
      vertex 18.1292 1.25003 6
      vertex 18.215 1.36971 0
      vertex 18.215 1.36971 6
    endloop
  endfacet
  facet normal 0.812723 -0.582651 0
    outer loop
      vertex 18.215 1.36971 0
      vertex 18.1292 1.25003 6
      vertex 18.1292 1.25003 0
    endloop
  endfacet
  facet normal 0.88194 -0.471361 0
    outer loop
      vertex 17.982 0.995149 6
      vertex 18.0514 1.125 0
      vertex 18.0514 1.125 6
    endloop
  endfacet
  facet normal 0.88194 -0.471361 0
    outer loop
      vertex 18.0514 1.125 0
      vertex 17.982 0.995149 6
      vertex 17.982 0.995149 0
    endloop
  endfacet
  facet normal 0.911031 -0.412339 0
    outer loop
      vertex 17.9213 0.861037 6
      vertex 17.982 0.995149 0
      vertex 17.982 0.995149 6
    endloop
  endfacet
  facet normal 0.911031 -0.412339 0
    outer loop
      vertex 17.982 0.995149 0
      vertex 17.9213 0.861037 6
      vertex 17.9213 0.861037 0
    endloop
  endfacet
  facet normal 0.957016 -0.290034 0
    outer loop
      vertex 17.8267 0.582342 6
      vertex 17.8694 0.723238 0
      vertex 17.8694 0.723238 6
    endloop
  endfacet
  facet normal 0.957016 -0.290034 0
    outer loop
      vertex 17.8694 0.723238 0
      vertex 17.8267 0.582342 6
      vertex 17.8267 0.582342 0
    endloop
  endfacet
  facet normal 0.999468 -0.0326009 0
    outer loop
      vertex 17.75 0 6
      vertex 17.7548 0.147157 0
      vertex 17.7548 0.147157 6
    endloop
  endfacet
  facet normal 0.999468 -0.0326009 0
    outer loop
      vertex 17.7548 0.147157 0
      vertex 17.75 0 6
      vertex 17.75 0 0
    endloop
  endfacet
  facet normal 0.582452 -0.812865 0
    outer loop
      vertex 18.6303 1.78504 0
      vertex 18.75 1.87081 6
      vertex 18.6303 1.78504 6
    endloop
  endfacet
  facet normal 0.582452 -0.812865 0
    outer loop
      vertex 18.75 1.87081 6
      vertex 18.6303 1.78504 0
      vertex 18.75 1.87081 0
    endloop
  endfacet
  facet normal 0.162835 -0.986653 0
    outer loop
      vertex 19.561 2.20677 0
      vertex 19.7063 2.23075 6
      vertex 19.561 2.20677 6
    endloop
  endfacet
  facet normal 0.162835 -0.986653 0
    outer loop
      vertex 19.7063 2.23075 6
      vertex 19.561 2.20677 0
      vertex 19.7063 2.23075 0
    endloop
  endfacet
  facet normal -0.986626 0.163001 0
    outer loop
      vertex 22.2068 -0.438952 0
      vertex 22.2308 -0.293683 6
      vertex 22.2308 -0.293683 0
    endloop
  endfacet
  facet normal -0.986626 0.163001 0
    outer loop
      vertex 22.2308 -0.293683 6
      vertex 22.2068 -0.438952 0
      vertex 22.2068 -0.438952 6
    endloop
  endfacet
  facet normal 0.973778 0.227502 0
    outer loop
      vertex 17.8267 -0.582342 6
      vertex 17.7932 -0.438952 0
      vertex 17.7932 -0.438952 6
    endloop
  endfacet
  facet normal 0.973778 0.227502 0
    outer loop
      vertex 17.7932 -0.438952 0
      vertex 17.8267 -0.582342 6
      vertex 17.8267 -0.582342 0
    endloop
  endfacet
  facet normal 0.995206 0.0978049 0
    outer loop
      vertex 17.7692 -0.293683 6
      vertex 17.7548 -0.147157 0
      vertex 17.7548 -0.147157 6
    endloop
  endfacet
  facet normal 0.995206 0.0978049 0
    outer loop
      vertex 17.7548 -0.147157 0
      vertex 17.7692 -0.293683 6
      vertex 17.7692 -0.293683 0
    endloop
  endfacet
  facet normal -0.0980239 0.995184 0
    outer loop
      vertex 20.2937 -2.23075 0
      vertex 20.1472 -2.24518 6
      vertex 20.2937 -2.23075 6
    endloop
  endfacet
  facet normal -0.0980239 0.995184 0
    outer loop
      vertex 20.1472 -2.24518 6
      vertex 20.2937 -2.23075 0
      vertex 20.1472 -2.24518 0
    endloop
  endfacet
  facet normal -0.352225 0.935915 0
    outer loop
      vertex 20.861 -2.07873 0
      vertex 20.7232 -2.13059 6
      vertex 20.861 -2.07873 6
    endloop
  endfacet
  facet normal -0.352225 0.935915 0
    outer loop
      vertex 20.7232 -2.13059 6
      vertex 20.861 -2.07873 0
      vertex 20.7232 -2.13059 0
    endloop
  endfacet
  facet normal 0.999468 0.0326009 0
    outer loop
      vertex 17.7548 -0.147157 6
      vertex 17.75 0 0
      vertex 17.75 0 6
    endloop
  endfacet
  facet normal 0.999468 0.0326009 0
    outer loop
      vertex 17.75 0 0
      vertex 17.7548 -0.147157 6
      vertex 17.7548 -0.147157 0
    endloop
  endfacet
  facet normal 0.634421 -0.772988 0
    outer loop
      vertex 18.5165 1.69164 0
      vertex 18.6303 1.78504 6
      vertex 18.5165 1.69164 6
    endloop
  endfacet
  facet normal 0.634421 -0.772988 0
    outer loop
      vertex 18.6303 1.78504 6
      vertex 18.5165 1.69164 0
      vertex 18.6303 1.78504 0
    endloop
  endfacet
  facet normal 0.290275 -0.956943 0
    outer loop
      vertex 19.2768 2.13059 0
      vertex 19.4177 2.17333 6
      vertex 19.2768 2.13059 6
    endloop
  endfacet
  facet normal 0.290275 -0.956943 0
    outer loop
      vertex 19.4177 2.17333 6
      vertex 19.2768 2.13059 0
      vertex 19.4177 2.17333 0
    endloop
  endfacet
  facet normal -0.88194 0.471361 0
    outer loop
      vertex 21.9486 -1.125 0
      vertex 22.018 -0.995149 6
      vertex 22.018 -0.995149 0
    endloop
  endfacet
  facet normal -0.88194 0.471361 0
    outer loop
      vertex 22.018 -0.995149 6
      vertex 21.9486 -1.125 0
      vertex 21.9486 -1.125 6
    endloop
  endfacet
  facet normal -0.935825 0.352465 0
    outer loop
      vertex 22.0787 -0.861037 0
      vertex 22.1306 -0.723238 6
      vertex 22.1306 -0.723238 0
    endloop
  endfacet
  facet normal -0.935825 0.352465 0
    outer loop
      vertex 22.1306 -0.723238 6
      vertex 22.0787 -0.861037 0
      vertex 22.0787 -0.861037 6
    endloop
  endfacet
  facet normal -0.957016 0.290034 0
    outer loop
      vertex 22.1306 -0.723238 0
      vertex 22.1733 -0.582342 6
      vertex 22.1733 -0.582342 0
    endloop
  endfacet
  facet normal -0.957016 0.290034 0
    outer loop
      vertex 22.1733 -0.582342 6
      vertex 22.1306 -0.723238 0
      vertex 22.1306 -0.723238 6
    endloop
  endfacet
  facet normal -0.773043 0.634354 0
    outer loop
      vertex 21.6916 -1.48353 0
      vertex 21.785 -1.36971 6
      vertex 21.785 -1.36971 0
    endloop
  endfacet
  facet normal -0.773043 0.634354 0
    outer loop
      vertex 21.785 -1.36971 6
      vertex 21.6916 -1.48353 0
      vertex 21.6916 -1.48353 6
    endloop
  endfacet
  facet normal -0.032727 0.999464 0
    outer loop
      vertex 20.1472 -2.24518 0
      vertex 20 -2.25 6
      vertex 20.1472 -2.24518 6
    endloop
  endfacet
  facet normal -0.032727 0.999464 0
    outer loop
      vertex 20 -2.25 6
      vertex 20.1472 -2.24518 0
      vertex 20 -2.25 0
    endloop
  endfacet
  facet normal 0.162835 0.986653 -0
    outer loop
      vertex 19.7063 -2.23075 0
      vertex 19.561 -2.20677 6
      vertex 19.7063 -2.23075 6
    endloop
  endfacet
  facet normal 0.162835 0.986653 0
    outer loop
      vertex 19.561 -2.20677 6
      vertex 19.7063 -2.23075 0
      vertex 19.561 -2.20677 0
    endloop
  endfacet
  facet normal 0.812723 0.582651 0
    outer loop
      vertex 18.215 -1.36971 6
      vertex 18.1292 -1.25003 0
      vertex 18.1292 -1.25003 6
    endloop
  endfacet
  facet normal 0.812723 0.582651 0
    outer loop
      vertex 18.1292 -1.25003 0
      vertex 18.215 -1.36971 6
      vertex 18.215 -1.36971 0
    endloop
  endfacet
  facet normal 0.683467 0.729982 -0
    outer loop
      vertex 18.5165 -1.69164 0
      vertex 18.409 -1.59099 6
      vertex 18.5165 -1.69164 6
    endloop
  endfacet
  facet normal 0.683467 0.729982 0
    outer loop
      vertex 18.409 -1.59099 6
      vertex 18.5165 -1.69164 0
      vertex 18.409 -1.59099 0
    endloop
  endfacet
  facet normal 0.911031 0.412339 0
    outer loop
      vertex 17.982 -0.995149 6
      vertex 17.9213 -0.861037 0
      vertex 17.9213 -0.861037 6
    endloop
  endfacet
  facet normal 0.911031 0.412339 0
    outer loop
      vertex 17.9213 -0.861037 0
      vertex 17.982 -0.995149 6
      vertex 17.982 -0.995149 0
    endloop
  endfacet
  facet normal 0.957016 0.290034 0
    outer loop
      vertex 17.8694 -0.723238 6
      vertex 17.8267 -0.582342 0
      vertex 17.8267 -0.582342 6
    endloop
  endfacet
  facet normal 0.957016 0.290034 0
    outer loop
      vertex 17.8267 -0.582342 0
      vertex 17.8694 -0.723238 6
      vertex 17.8694 -0.723238 0
    endloop
  endfacet
  facet normal -0.162835 0.986653 0
    outer loop
      vertex 20.439 -2.20677 0
      vertex 20.2937 -2.23075 6
      vertex 20.439 -2.20677 6
    endloop
  endfacet
  facet normal -0.162835 0.986653 0
    outer loop
      vertex 20.2937 -2.23075 6
      vertex 20.439 -2.20677 0
      vertex 20.2937 -2.23075 0
    endloop
  endfacet
  facet normal -0.995206 0.0978049 0
    outer loop
      vertex 22.2308 -0.293683 0
      vertex 22.2452 -0.147157 6
      vertex 22.2452 -0.147157 0
    endloop
  endfacet
  facet normal -0.995206 0.0978049 0
    outer loop
      vertex 22.2452 -0.147157 6
      vertex 22.2308 -0.293683 0
      vertex 22.2308 -0.293683 6
    endloop
  endfacet
  facet normal -0.911031 0.412339 0
    outer loop
      vertex 22.018 -0.995149 0
      vertex 22.0787 -0.861037 6
      vertex 22.0787 -0.861037 0
    endloop
  endfacet
  facet normal -0.911031 0.412339 0
    outer loop
      vertex 22.0787 -0.861037 6
      vertex 22.018 -0.995149 0
      vertex 22.018 -0.995149 6
    endloop
  endfacet
  facet normal -0.973778 0.227502 0
    outer loop
      vertex 22.1733 -0.582342 0
      vertex 22.2068 -0.438952 6
      vertex 22.2068 -0.438952 0
    endloop
  endfacet
  facet normal -0.973778 0.227502 0
    outer loop
      vertex 22.2068 -0.438952 6
      vertex 22.1733 -0.582342 0
      vertex 22.1733 -0.582342 6
    endloop
  endfacet
  facet normal -0.849046 0.528319 0
    outer loop
      vertex 21.8708 -1.25003 0
      vertex 21.9486 -1.125 6
      vertex 21.9486 -1.125 0
    endloop
  endfacet
  facet normal -0.849046 0.528319 0
    outer loop
      vertex 21.9486 -1.125 6
      vertex 21.8708 -1.25003 0
      vertex 21.8708 -1.25003 6
    endloop
  endfacet
  facet normal -0.730024 0.683421 0
    outer loop
      vertex 21.591 -1.59099 0
      vertex 21.6916 -1.48353 6
      vertex 21.6916 -1.48353 0
    endloop
  endfacet
  facet normal -0.730024 0.683421 0
    outer loop
      vertex 21.6916 -1.48353 6
      vertex 21.591 -1.59099 0
      vertex 21.591 -1.59099 6
    endloop
  endfacet
  facet normal -0.683467 0.729982 0
    outer loop
      vertex 21.591 -1.59099 0
      vertex 21.4835 -1.69164 6
      vertex 21.591 -1.59099 6
    endloop
  endfacet
  facet normal -0.683467 0.729982 0
    outer loop
      vertex 21.4835 -1.69164 6
      vertex 21.591 -1.59099 0
      vertex 21.4835 -1.69164 0
    endloop
  endfacet
  facet normal 0.032727 0.999464 -0
    outer loop
      vertex 20 -2.25 0
      vertex 19.8528 -2.24518 6
      vertex 20 -2.25 6
    endloop
  endfacet
  facet normal 0.032727 0.999464 0
    outer loop
      vertex 19.8528 -2.24518 6
      vertex 20 -2.25 0
      vertex 19.8528 -2.24518 0
    endloop
  endfacet
  facet normal 0.290275 0.956943 -0
    outer loop
      vertex 19.4177 -2.17333 0
      vertex 19.2768 -2.13059 6
      vertex 19.4177 -2.17333 6
    endloop
  endfacet
  facet normal 0.290275 0.956943 0
    outer loop
      vertex 19.2768 -2.13059 6
      vertex 19.4177 -2.17333 0
      vertex 19.2768 -2.13059 0
    endloop
  endfacet
  facet normal 0.471222 0.882014 -0
    outer loop
      vertex 19.0049 -2.01796 0
      vertex 18.875 -1.94856 6
      vertex 19.0049 -2.01796 6
    endloop
  endfacet
  facet normal 0.471222 0.882014 0
    outer loop
      vertex 18.875 -1.94856 6
      vertex 19.0049 -2.01796 0
      vertex 18.875 -1.94856 0
    endloop
  endfacet
  facet normal 0.849046 0.528319 0
    outer loop
      vertex 18.1292 -1.25003 6
      vertex 18.0514 -1.125 0
      vertex 18.0514 -1.125 6
    endloop
  endfacet
  facet normal 0.849046 0.528319 0
    outer loop
      vertex 18.0514 -1.125 0
      vertex 18.1292 -1.25003 6
      vertex 18.1292 -1.25003 0
    endloop
  endfacet
  facet normal 0.773043 0.634354 0
    outer loop
      vertex 18.3084 -1.48353 6
      vertex 18.215 -1.36971 0
      vertex 18.215 -1.36971 6
    endloop
  endfacet
  facet normal 0.773043 0.634354 0
    outer loop
      vertex 18.215 -1.36971 0
      vertex 18.3084 -1.48353 6
      vertex 18.3084 -1.48353 0
    endloop
  endfacet
  facet normal 0.935825 0.352465 0
    outer loop
      vertex 17.9213 -0.861037 6
      vertex 17.8694 -0.723238 0
      vertex 17.8694 -0.723238 6
    endloop
  endfacet
  facet normal 0.935825 0.352465 0
    outer loop
      vertex 17.8694 -0.723238 0
      vertex 17.9213 -0.861037 6
      vertex 17.9213 -0.861037 0
    endloop
  endfacet
  facet normal 0.986626 0.163001 0
    outer loop
      vertex 17.7932 -0.438952 6
      vertex 17.7692 -0.293683 0
      vertex 17.7692 -0.293683 6
    endloop
  endfacet
  facet normal 0.986626 0.163001 0
    outer loop
      vertex 17.7692 -0.293683 0
      vertex 17.7932 -0.438952 6
      vertex 17.7932 -0.438952 0
    endloop
  endfacet
  facet normal -0.290275 0.956943 0
    outer loop
      vertex 20.7232 -2.13059 0
      vertex 20.5823 -2.17333 6
      vertex 20.7232 -2.13059 6
    endloop
  endfacet
  facet normal -0.290275 0.956943 0
    outer loop
      vertex 20.5823 -2.17333 6
      vertex 20.7232 -2.13059 0
      vertex 20.5823 -2.17333 0
    endloop
  endfacet
  facet normal -0.227251 0.973836 0
    outer loop
      vertex 20.5823 -2.17333 0
      vertex 20.439 -2.20677 6
      vertex 20.5823 -2.17333 6
    endloop
  endfacet
  facet normal -0.227251 0.973836 0
    outer loop
      vertex 20.439 -2.20677 6
      vertex 20.5823 -2.17333 0
      vertex 20.439 -2.20677 0
    endloop
  endfacet
  facet normal -0.582452 0.812865 0
    outer loop
      vertex 21.3697 -1.78504 0
      vertex 21.25 -1.87081 6
      vertex 21.3697 -1.78504 6
    endloop
  endfacet
  facet normal -0.582452 0.812865 0
    outer loop
      vertex 21.25 -1.87081 6
      vertex 21.3697 -1.78504 0
      vertex 21.25 -1.87081 0
    endloop
  endfacet
  facet normal -0.528166 0.849141 0
    outer loop
      vertex 21.25 -1.87081 0
      vertex 21.125 -1.94856 6
      vertex 21.25 -1.87081 6
    endloop
  endfacet
  facet normal -0.528166 0.849141 0
    outer loop
      vertex 21.125 -1.94856 6
      vertex 21.25 -1.87081 0
      vertex 21.125 -1.94856 0
    endloop
  endfacet
  facet normal -0.634421 0.772988 0
    outer loop
      vertex 21.4835 -1.69164 0
      vertex 21.3697 -1.78504 6
      vertex 21.4835 -1.69164 6
    endloop
  endfacet
  facet normal -0.634421 0.772988 0
    outer loop
      vertex 21.3697 -1.78504 6
      vertex 21.4835 -1.69164 0
      vertex 21.3697 -1.78504 0
    endloop
  endfacet
  facet normal 0.0980239 0.995184 -0
    outer loop
      vertex 19.8528 -2.24518 0
      vertex 19.7063 -2.23075 6
      vertex 19.8528 -2.24518 6
    endloop
  endfacet
  facet normal 0.0980239 0.995184 0
    outer loop
      vertex 19.7063 -2.23075 6
      vertex 19.8528 -2.24518 0
      vertex 19.7063 -2.23075 0
    endloop
  endfacet
  facet normal 0.528166 0.849141 -0
    outer loop
      vertex 18.875 -1.94856 0
      vertex 18.75 -1.87081 6
      vertex 18.875 -1.94856 6
    endloop
  endfacet
  facet normal 0.528166 0.849141 0
    outer loop
      vertex 18.75 -1.87081 6
      vertex 18.875 -1.94856 0
      vertex 18.75 -1.87081 0
    endloop
  endfacet
  facet normal 0.352225 0.935915 -0
    outer loop
      vertex 19.2768 -2.13059 0
      vertex 19.139 -2.07873 6
      vertex 19.2768 -2.13059 6
    endloop
  endfacet
  facet normal 0.352225 0.935915 0
    outer loop
      vertex 19.139 -2.07873 6
      vertex 19.2768 -2.13059 0
      vertex 19.139 -2.07873 0
    endloop
  endfacet
  facet normal 0.88194 0.471361 0
    outer loop
      vertex 18.0514 -1.125 6
      vertex 17.982 -0.995149 0
      vertex 17.982 -0.995149 6
    endloop
  endfacet
  facet normal 0.88194 0.471361 0
    outer loop
      vertex 17.982 -0.995149 0
      vertex 18.0514 -1.125 6
      vertex 18.0514 -1.125 0
    endloop
  endfacet
  facet normal 0.730024 0.683421 0
    outer loop
      vertex 18.409 -1.59099 6
      vertex 18.3084 -1.48353 0
      vertex 18.3084 -1.48353 6
    endloop
  endfacet
  facet normal 0.730024 0.683421 0
    outer loop
      vertex 18.3084 -1.48353 0
      vertex 18.409 -1.59099 6
      vertex 18.409 -1.59099 0
    endloop
  endfacet
  facet normal 0.227251 0.973836 -0
    outer loop
      vertex 19.561 -2.20677 0
      vertex 19.4177 -2.17333 6
      vertex 19.561 -2.20677 6
    endloop
  endfacet
  facet normal 0.227251 0.973836 0
    outer loop
      vertex 19.4177 -2.17333 6
      vertex 19.561 -2.20677 0
      vertex 19.4177 -2.17333 0
    endloop
  endfacet
  facet normal 0.582452 0.812865 -0
    outer loop
      vertex 18.75 -1.87081 0
      vertex 18.6303 -1.78504 6
      vertex 18.75 -1.87081 6
    endloop
  endfacet
  facet normal 0.582452 0.812865 0
    outer loop
      vertex 18.6303 -1.78504 6
      vertex 18.75 -1.87081 0
      vertex 18.6303 -1.78504 0
    endloop
  endfacet
  facet normal 0.634421 0.772988 -0
    outer loop
      vertex 18.6303 -1.78504 0
      vertex 18.5165 -1.69164 6
      vertex 18.6303 -1.78504 6
    endloop
  endfacet
  facet normal 0.634421 0.772988 0
    outer loop
      vertex 18.5165 -1.69164 6
      vertex 18.6303 -1.78504 0
      vertex 18.5165 -1.69164 0
    endloop
  endfacet
  facet normal 0.412764 0.910838 -0
    outer loop
      vertex 19.139 -2.07873 0
      vertex 19.0049 -2.01796 6
      vertex 19.139 -2.07873 6
    endloop
  endfacet
  facet normal 0.412764 0.910838 0
    outer loop
      vertex 19.0049 -2.01796 6
      vertex 19.139 -2.07873 0
      vertex 19.0049 -2.01796 0
    endloop
  endfacet
  facet normal -0.995136 -0.0325411 0.0929854
    outer loop
      vertex 11.1009 0 0
      vertex 11.6615 0.00120585 6
      vertex 11.0772 0.724768 0
    endloop
  endfacet
  facet normal -0.992285 -0.0822893 0.092729
    outer loop
      vertex 11.6615 0.00120585 6
      vertex 11.1009 0 0
      vertex 11.6616 0 6
    endloop
  endfacet
  facet normal 0.992285 0.0822893 0.092729
    outer loop
      vertex -11.6615 -0.00120585 6
      vertex -11.1009 0 0
      vertex -11.6616 0 6
    endloop
  endfacet
  facet normal 0.995136 0.0325411 0.0929854
    outer loop
      vertex -11.1009 0 0
      vertex -11.6615 -0.00120585 6
      vertex -11.0772 -0.724768 0
    endloop
  endfacet
  facet normal 0.0325411 -0.995136 0.0929854
    outer loop
      vertex 0 11.1009 0
      vertex -0.00120585 11.6615 6
      vertex -0.724768 11.0772 0
    endloop
  endfacet
  facet normal 0.0822893 -0.992285 0.092729
    outer loop
      vertex -0.00120585 11.6615 6
      vertex 0 11.1009 0
      vertex 0 11.6616 6
    endloop
  endfacet
  facet normal -0.995682 0 0.0928307
    outer loop
      vertex 11.6366 -0.762703 6
      vertex 11.0772 -0.724768 0
      vertex 11.0772 -0.726035 0
    endloop
  endfacet
  facet normal -0.995136 0.0325397 0.0929855
    outer loop
      vertex 11.0772 -0.724768 0
      vertex 11.6366 -0.762703 6
      vertex 11.6615 -0.00120585 6
    endloop
  endfacet
  facet normal -0.680627 -0.726706 0.0929832
    outer loop
      vertex 7.84955 7.84955 0
      vertex 8.24509 8.2468 6
      vertex 7.32028 8.34526 0
    endloop
  endfacet
  facet normal -0.683165 -0.724319 0.0929925
    outer loop
      vertex 8.24509 8.2468 6
      vertex 7.84955 7.84955 0
      vertex 8.24597 8.24597 6
    endloop
  endfacet
  facet normal -0.0325411 0.995136 0.0929854
    outer loop
      vertex 0 -11.1009 0
      vertex 0.00120585 -11.6615 6
      vertex 0.724768 -11.0772 0
    endloop
  endfacet
  facet normal -0.0822893 0.992285 0.092729
    outer loop
      vertex 0.00120585 -11.6615 6
      vertex 0 -11.1009 0
      vertex 0 -11.6616 6
    endloop
  endfacet
  facet normal 0.995682 0 0.0928307
    outer loop
      vertex -11.6366 0.762703 6
      vertex -11.0772 0.724768 0
      vertex -11.0772 0.726035 0
    endloop
  endfacet
  facet normal 0.995136 -0.0325397 0.0929855
    outer loop
      vertex -11.0772 0.724768 0
      vertex -11.6366 0.762703 6
      vertex -11.6615 0.00120585 6
    endloop
  endfacet
  facet normal -0.726706 0.680627 0.0929832
    outer loop
      vertex 7.84955 -7.84955 0
      vertex 8.2468 -8.24509 6
      vertex 8.34526 -7.32028 0
    endloop
  endfacet
  facet normal -0.724319 0.683165 0.0929925
    outer loop
      vertex 8.2468 -8.24509 6
      vertex 7.84955 -7.84955 0
      vertex 8.24597 -8.24597 6
    endloop
  endfacet
  facet normal 0.680627 0.726706 0.0929832
    outer loop
      vertex -7.84955 -7.84955 0
      vertex -8.24509 -8.2468 6
      vertex -7.32028 -8.34526 0
    endloop
  endfacet
  facet normal 0.683165 0.724319 0.0929925
    outer loop
      vertex -8.24509 -8.2468 6
      vertex -7.84955 -7.84955 0
      vertex -8.24597 -8.24597 6
    endloop
  endfacet
  facet normal 0.3508 0.931822 0.0929874
    outer loop
      vertex -4.24814 -10.2559 0
      vertex -4.46156 -10.7743 6
      vertex -3.56946 -10.5114 0
    endloop
  endfacet
  facet normal 0.332249 0.938604 0.0929135
    outer loop
      vertex -4.46156 -10.7743 6
      vertex -4.24814 -10.2559 0
      vertex -4.46269 -10.7739 6
    endloop
  endfacet
  facet normal 0.724319 -0.683165 0.0929925
    outer loop
      vertex -8.2468 8.24509 6
      vertex -7.84955 7.84955 0
      vertex -8.24597 8.24597 6
    endloop
  endfacet
  facet normal 0.726706 -0.680627 0.0929832
    outer loop
      vertex -7.84955 7.84955 0
      vertex -8.2468 8.24509 6
      vertex -8.34526 7.32028 0
    endloop
  endfacet
  facet normal -0.0325397 -0.995136 0.0929855
    outer loop
      vertex 0.724768 11.0772 0
      vertex 0.762703 11.6366 6
      vertex 0.00120585 11.6615 6
    endloop
  endfacet
  facet normal 0 -0.995682 0.0928307
    outer loop
      vertex 0.762703 11.6366 6
      vertex 0.724768 11.0772 0
      vertex 0.726035 11.0772 0
    endloop
  endfacet
  facet normal -0.982351 0.16229 0.0929916
    outer loop
      vertex 10.8876 -2.16568 0
      vertex 11.4377 -2.27387 6
      vertex 11.0058 -1.45021 0
    endloop
  endfacet
  facet normal -0.981895 0.165024 0.0929991
    outer loop
      vertex 11.4377 -2.27387 6
      vertex 10.8876 -2.16568 0
      vertex 11.4375 -2.27506 6
    endloop
  endfacet
  facet normal -0.410887 0.906931 0.0929908
    outer loop
      vertex 4.24814 -10.2559 0
      vertex 4.46379 -10.7734 6
      vertex 4.90866 -9.95665 0
    endloop
  endfacet
  facet normal -0.41201 0.906422 0.0929872
    outer loop
      vertex 4.46379 -10.7734 6
      vertex 4.24814 -10.2559 0
      vertex 4.46269 -10.7739 6
    endloop
  endfacet
  facet normal 0.906422 0.41201 0.0929872
    outer loop
      vertex -10.7734 -4.46379 6
      vertex -10.2559 -4.24814 0
      vertex -10.7739 -4.46269 6
    endloop
  endfacet
  facet normal 0.906931 0.410887 0.0929908
    outer loop
      vertex -10.2559 -4.24814 0
      vertex -10.7734 -4.46379 6
      vertex -9.95665 -4.90866 0
    endloop
  endfacet
  facet normal 0.289063 0.952784 0.0929823
    outer loop
      vertex -3.56707 -10.5122 0
      vertex -3.74849 -11.0427 6
      vertex -3.01939 -11.2639 6
    endloop
  endfacet
  facet normal 0.312511 0.945347 0.0930338
    outer loop
      vertex -3.74849 -11.0427 6
      vertex -3.56707 -10.5122 0
      vertex -3.56828 -10.5118 0
    endloop
  endfacet
  facet normal 0.981895 -0.165024 0.0929991
    outer loop
      vertex -11.4377 2.27387 6
      vertex -10.8876 2.16568 0
      vertex -11.4375 2.27506 6
    endloop
  endfacet
  facet normal 0.982351 -0.16229 0.0929916
    outer loop
      vertex -10.8876 2.16568 0
      vertex -11.4377 2.27387 6
      vertex -11.0058 1.45021 0
    endloop
  endfacet
  facet normal 0.410887 -0.906931 0.0929908
    outer loop
      vertex -4.24814 10.2559 0
      vertex -4.46379 10.7734 6
      vertex -4.90866 9.95665 0
    endloop
  endfacet
  facet normal 0.41201 -0.906422 0.0929872
    outer loop
      vertex -4.46379 10.7734 6
      vertex -4.24814 10.2559 0
      vertex -4.46269 10.7739 6
    endloop
  endfacet
  facet normal -0.16229 -0.982351 0.0929916
    outer loop
      vertex 2.16568 10.8876 0
      vertex 2.27387 11.4377 6
      vertex 1.45021 11.0058 0
    endloop
  endfacet
  facet normal -0.165024 -0.981895 0.0929991
    outer loop
      vertex 2.27387 11.4377 6
      vertex 2.16568 10.8876 0
      vertex 2.27506 11.4375 6
    endloop
  endfacet
  facet normal -0.906931 -0.410887 0.0929908
    outer loop
      vertex 10.2559 4.24814 0
      vertex 10.7734 4.46379 6
      vertex 9.95665 4.90866 0
    endloop
  endfacet
  facet normal -0.906422 -0.41201 0.0929872
    outer loop
      vertex 10.7734 4.46379 6
      vertex 10.2559 4.24814 0
      vertex 10.7739 4.46269 6
    endloop
  endfacet
  facet normal -0.995682 0 0.0928307
    outer loop
      vertex 11.0772 0.724768 0
      vertex 11.6366 0.762703 6
      vertex 11.0772 0.726035 0
    endloop
  endfacet
  facet normal -0.995136 -0.0325397 0.0929855
    outer loop
      vertex 11.6366 0.762703 6
      vertex 11.0772 0.724768 0
      vertex 11.6615 0.00120585 6
    endloop
  endfacet
  facet normal -0.931822 0.3508 0.0929874
    outer loop
      vertex 10.2559 -4.24814 0
      vertex 10.7743 -4.46156 6
      vertex 10.5114 -3.56946 0
    endloop
  endfacet
  facet normal -0.938604 0.332249 0.0929135
    outer loop
      vertex 10.7743 -4.46156 6
      vertex 10.2559 -4.24814 0
      vertex 10.7739 -4.46269 6
    endloop
  endfacet
  facet normal -0.843882 0.528412 0.0929721
    outer loop
      vertex 9.61302 -5.55154 0
      vertex 10.0992 -5.83078 6
      vertex 9.61369 -5.55047 0
    endloop
  endfacet
  facet normal -0.845527 0.525774 0.0929826
    outer loop
      vertex 10.0992 -5.83078 6
      vertex 9.61302 -5.55154 0
      vertex 9.69687 -6.47779 6
    endloop
  endfacet
  facet normal -0.162176 0.982372 0.0929773
    outer loop
      vertex 1.45021 -11.0058 0
      vertex 1.52214 -11.5618 6
      vertex 2.27387 -11.4377 6
    endloop
  endfacet
  facet normal -0.157306 0.983162 0.0929922
    outer loop
      vertex 1.52214 -11.5618 6
      vertex 1.45021 -11.0058 0
      vertex 1.44896 -11.006 0
    endloop
  endfacet
  facet normal -0.289021 0.952796 0.0929876
    outer loop
      vertex 2.87313 -10.7227 0
      vertex 3.01939 -11.2639 6
      vertex 3.56707 -10.5122 0
    endloop
  endfacet
  facet normal -0.249297 0.963949 0.0930252
    outer loop
      vertex 3.01939 -11.2639 6
      vertex 2.87313 -10.7227 0
      vertex 3.01823 -11.2642 6
    endloop
  endfacet
  facet normal -0.579953 0.809326 0.092984
    outer loop
      vertex 6.75782 -8.80696 0
      vertex 6.4798 -9.69553 6
      vertex 7.09911 -9.25174 6
    endloop
  endfacet
  facet normal -0.580954 0.808625 0.0928339
    outer loop
      vertex 6.4798 -9.69553 6
      vertex 6.75782 -8.80696 0
      vertex 6.75679 -8.8077 0
    endloop
  endfacet
  facet normal 0.731016 0.675993 0.0930019
    outer loop
      vertex -8.76763 -7.689 6
      vertex -8.34526 -7.32028 0
      vertex -8.34612 -7.31935 0
    endloop
  endfacet
  facet normal 0.726705 0.680627 0.0929832
    outer loop
      vertex -8.34526 -7.32028 0
      vertex -8.76763 -7.689 6
      vertex -8.2468 -8.24509 6
    endloop
  endfacet
  facet normal 0.769656 0.631652 0.0929842
    outer loop
      vertex -8.76839 -7.68807 6
      vertex -8.34612 -7.31935 0
      vertex -8.80616 -6.7588 0
    endloop
  endfacet
  facet normal 0.770974 0.630043 0.0929781
    outer loop
      vertex -8.34612 -7.31935 0
      vertex -8.76839 -7.68807 6
      vertex -8.76763 -7.689 6
    endloop
  endfacet
  facet normal 0.808625 0.580954 0.0928339
    outer loop
      vertex -9.69553 -6.4798 6
      vertex -8.80696 -6.75782 0
      vertex -8.8077 -6.75679 0
    endloop
  endfacet
  facet normal 0.809326 0.579953 0.092984
    outer loop
      vertex -8.80696 -6.75782 0
      vertex -9.69553 -6.4798 6
      vertex -9.25174 -7.09911 6
    endloop
  endfacet
  facet normal 0.983162 0.157306 0.0929922
    outer loop
      vertex -11.5618 -1.52214 6
      vertex -11.0058 -1.45021 0
      vertex -11.006 -1.44896 0
    endloop
  endfacet
  facet normal 0.982372 0.162176 0.0929773
    outer loop
      vertex -11.0058 -1.45021 0
      vertex -11.5618 -1.52214 6
      vertex -11.4377 -2.27387 6
    endloop
  endfacet
  facet normal 0.963949 0.249297 0.0930252
    outer loop
      vertex -11.2639 -3.01939 6
      vertex -10.7227 -2.87313 0
      vertex -11.2642 -3.01823 6
    endloop
  endfacet
  facet normal 0.952796 0.289021 0.0929876
    outer loop
      vertex -10.7227 -2.87313 0
      vertex -11.2639 -3.01939 6
      vertex -10.5122 -3.56707 0
    endloop
  endfacet
  facet normal 0.580954 0.808625 0.0928339
    outer loop
      vertex -6.75782 -8.80696 0
      vertex -6.4798 -9.69553 6
      vertex -6.75679 -8.8077 0
    endloop
  endfacet
  facet normal 0.579953 0.809326 0.092984
    outer loop
      vertex -6.4798 -9.69553 6
      vertex -6.75782 -8.80696 0
      vertex -7.09911 -9.25174 6
    endloop
  endfacet
  facet normal 0.424769 0.900511 0.0930126
    outer loop
      vertex -4.90982 -9.95613 0
      vertex -5.15884 -10.4584 6
      vertex -5.15778 -10.4589 6
    endloop
  endfacet
  facet normal 0.469359 0.878098 0.092987
    outer loop
      vertex -5.15884 -10.4584 6
      vertex -4.90982 -9.95613 0
      vertex -5.54935 -9.61429 0
    endloop
  endfacet
  facet normal 0.157306 0.983162 0.0929922
    outer loop
      vertex -1.45021 -11.0058 0
      vertex -1.52214 -11.5618 6
      vertex -1.44896 -11.006 0
    endloop
  endfacet
  facet normal 0.162176 0.982372 0.0929773
    outer loop
      vertex -1.52214 -11.5618 6
      vertex -1.45021 -11.0058 0
      vertex -2.27387 -11.4377 6
    endloop
  endfacet
  facet normal 0.938604 -0.332249 0.0929135
    outer loop
      vertex -10.7743 4.46156 6
      vertex -10.2559 4.24814 0
      vertex -10.7739 4.46269 6
    endloop
  endfacet
  facet normal 0.931822 -0.3508 0.0929874
    outer loop
      vertex -10.2559 4.24814 0
      vertex -10.7743 4.46156 6
      vertex -10.5114 3.56946 0
    endloop
  endfacet
  facet normal 0.845527 -0.525774 0.0929826
    outer loop
      vertex -10.0992 5.83078 6
      vertex -9.61302 5.55154 0
      vertex -9.69687 6.47779 6
    endloop
  endfacet
  facet normal 0.843882 -0.528412 0.0929721
    outer loop
      vertex -9.61302 5.55154 0
      vertex -10.0992 5.83078 6
      vertex -9.61369 5.55047 0
    endloop
  endfacet
  facet normal 0.162176 -0.982372 0.0929773
    outer loop
      vertex -1.45021 11.0058 0
      vertex -1.52214 11.5618 6
      vertex -2.27387 11.4377 6
    endloop
  endfacet
  facet normal 0.157306 -0.983162 0.0929922
    outer loop
      vertex -1.52214 11.5618 6
      vertex -1.45021 11.0058 0
      vertex -1.44896 11.006 0
    endloop
  endfacet
  facet normal 0.289021 -0.952796 0.0929876
    outer loop
      vertex -2.87313 10.7227 0
      vertex -3.01939 11.2639 6
      vertex -3.56707 10.5122 0
    endloop
  endfacet
  facet normal 0.249297 -0.963949 0.0930252
    outer loop
      vertex -3.01939 11.2639 6
      vertex -2.87313 10.7227 0
      vertex -3.01823 11.2642 6
    endloop
  endfacet
  facet normal 0.579953 -0.809326 0.092984
    outer loop
      vertex -6.75782 8.80696 0
      vertex -6.4798 9.69553 6
      vertex -7.09911 9.25174 6
    endloop
  endfacet
  facet normal 0.580954 -0.808625 0.0928339
    outer loop
      vertex -6.4798 9.69553 6
      vertex -6.75782 8.80696 0
      vertex -6.75679 8.8077 0
    endloop
  endfacet
  facet normal -0.3508 -0.931822 0.0929874
    outer loop
      vertex 4.24814 10.2559 0
      vertex 4.46156 10.7743 6
      vertex 3.56946 10.5114 0
    endloop
  endfacet
  facet normal -0.332249 -0.938604 0.0929135
    outer loop
      vertex 4.46156 10.7743 6
      vertex 4.24814 10.2559 0
      vertex 4.46269 10.7739 6
    endloop
  endfacet
  facet normal -0.528412 -0.843882 0.0929721
    outer loop
      vertex 5.55154 9.61302 0
      vertex 5.83078 10.0992 6
      vertex 5.55047 9.61369 0
    endloop
  endfacet
  facet normal -0.525774 -0.845527 0.0929826
    outer loop
      vertex 5.83078 10.0992 6
      vertex 5.55154 9.61302 0
      vertex 6.47779 9.69687 6
    endloop
  endfacet
  facet normal -0.726705 -0.680627 0.0929832
    outer loop
      vertex 8.34526 7.32028 0
      vertex 8.76763 7.689 6
      vertex 8.2468 8.24509 6
    endloop
  endfacet
  facet normal -0.731016 -0.675993 0.0930019
    outer loop
      vertex 8.76763 7.689 6
      vertex 8.34526 7.32028 0
      vertex 8.34612 7.31935 0
    endloop
  endfacet
  facet normal -0.770974 -0.630043 0.0929781
    outer loop
      vertex 8.34612 7.31935 0
      vertex 8.76839 7.68807 6
      vertex 8.76763 7.689 6
    endloop
  endfacet
  facet normal -0.769656 -0.631652 0.0929842
    outer loop
      vertex 8.76839 7.68807 6
      vertex 8.34612 7.31935 0
      vertex 8.80616 6.7588 0
    endloop
  endfacet
  facet normal -0.808625 -0.580954 0.0928339
    outer loop
      vertex 9.69553 6.4798 6
      vertex 8.80696 6.75782 0
      vertex 8.8077 6.75679 0
    endloop
  endfacet
  facet normal -0.809326 -0.579953 0.092984
    outer loop
      vertex 8.80696 6.75782 0
      vertex 9.69553 6.4798 6
      vertex 9.25174 7.09911 6
    endloop
  endfacet
  facet normal -0.981895 -0.165024 0.0929991
    outer loop
      vertex 10.8876 2.16568 0
      vertex 11.4377 2.27387 6
      vertex 11.4375 2.27506 6
    endloop
  endfacet
  facet normal -0.982351 -0.16229 0.0929916
    outer loop
      vertex 11.4377 2.27387 6
      vertex 10.8876 2.16568 0
      vertex 11.0058 1.45021 0
    endloop
  endfacet
  facet normal -0.952796 -0.289021 0.0929876
    outer loop
      vertex 10.7227 2.87313 0
      vertex 11.2639 3.01939 6
      vertex 10.5122 3.56707 0
    endloop
  endfacet
  facet normal -0.963949 -0.249297 0.0930252
    outer loop
      vertex 11.2639 3.01939 6
      vertex 10.7227 2.87313 0
      vertex 11.2642 3.01823 6
    endloop
  endfacet
  facet normal -0.992234 -0.0826862 0.0929224
    outer loop
      vertex 11.006 1.44896 0
      vertex 11.5619 1.52094 6
      vertex 11.5618 1.52214 6
    endloop
  endfacet
  facet normal -0.990884 -0.097487 0.092975
    outer loop
      vertex 11.5619 1.52094 6
      vertex 11.006 1.44896 0
      vertex 11.077 0.727297 0
    endloop
  endfacet
  facet normal -0.982372 -0.162176 0.0929773
    outer loop
      vertex 11.0058 1.45021 0
      vertex 11.5618 1.52214 6
      vertex 11.4377 2.27387 6
    endloop
  endfacet
  facet normal -0.983162 -0.157306 0.0929922
    outer loop
      vertex 11.5618 1.52214 6
      vertex 11.0058 1.45021 0
      vertex 11.006 1.44896 0
    endloop
  endfacet
  facet normal -0.992285 0.0822893 0.092729
    outer loop
      vertex 11.1009 0 0
      vertex 11.6615 -0.00120585 6
      vertex 11.6616 0 6
    endloop
  endfacet
  facet normal -0.995136 0.0325411 0.0929854
    outer loop
      vertex 11.6615 -0.00120585 6
      vertex 11.1009 0 0
      vertex 11.0772 -0.724768 0
    endloop
  endfacet
  facet normal -0.769656 0.631652 0.0929842
    outer loop
      vertex 8.34612 -7.31935 0
      vertex 8.76839 -7.68807 6
      vertex 8.80616 -6.7588 0
    endloop
  endfacet
  facet normal -0.770974 0.630043 0.0929781
    outer loop
      vertex 8.76839 -7.68807 6
      vertex 8.34612 -7.31935 0
      vertex 8.76763 -7.689 6
    endloop
  endfacet
  facet normal -0.731016 0.675993 0.0930019
    outer loop
      vertex 8.34526 -7.32028 0
      vertex 8.76763 -7.689 6
      vertex 8.34612 -7.31935 0
    endloop
  endfacet
  facet normal -0.726705 0.680627 0.0929832
    outer loop
      vertex 8.76763 -7.689 6
      vertex 8.34526 -7.32028 0
      vertex 8.2468 -8.24509 6
    endloop
  endfacet
  facet normal -0.908558 0.407284 0.0929643
    outer loop
      vertex 10.4589 -5.15778 6
      vertex 9.95665 -4.90866 0
      vertex 9.95613 -4.90982 0
    endloop
  endfacet
  facet normal -0.90689 0.410981 0.0929782
    outer loop
      vertex 9.95665 -4.90866 0
      vertex 10.4589 -5.15778 6
      vertex 10.7734 -4.46379 6
    endloop
  endfacet
  facet normal -0.900511 0.424769 0.0930126
    outer loop
      vertex 9.95613 -4.90982 0
      vertex 10.4584 -5.15884 6
      vertex 10.4589 -5.15778 6
    endloop
  endfacet
  facet normal -0.878098 0.469359 0.092987
    outer loop
      vertex 10.4584 -5.15884 6
      vertex 9.95613 -4.90982 0
      vertex 9.61429 -5.54935 0
    endloop
  endfacet
  facet normal -0 0.995682 0.0928307
    outer loop
      vertex 0.724768 -11.0772 0
      vertex 0.762703 -11.6366 6
      vertex 0.726035 -11.0772 0
    endloop
  endfacet
  facet normal -0.0325397 0.995136 0.0929855
    outer loop
      vertex 0.762703 -11.6366 6
      vertex 0.724768 -11.0772 0
      vertex 0.00120585 -11.6615 6
    endloop
  endfacet
  facet normal -0.350746 0.931843 0.0929804
    outer loop
      vertex 3.56946 -10.5114 0
      vertex 3.74849 -11.0427 6
      vertex 4.46156 -10.7743 6
    endloop
  endfacet
  facet normal -0.319647 0.942958 0.0930367
    outer loop
      vertex 3.74849 -11.0427 6
      vertex 3.56946 -10.5114 0
      vertex 3.56828 -10.5118 0
    endloop
  endfacet
  facet normal -0.235929 0.967309 0.0930052
    outer loop
      vertex 2.8719 -10.723 0
      vertex 3.01823 -11.2642 6
      vertex 2.87313 -10.7227 0
    endloop
  endfacet
  facet normal -0.22608 0.969661 0.0929772
    outer loop
      vertex 3.01823 -11.2642 6
      vertex 2.8719 -10.723 0
      vertex 2.27623 -11.4372 6
    endloop
  endfacet
  facet normal -0.469359 0.878098 0.092987
    outer loop
      vertex 4.90982 -9.95613 0
      vertex 5.15884 -10.4584 6
      vertex 5.54935 -9.61429 0
    endloop
  endfacet
  facet normal -0.424769 0.900511 0.0930126
    outer loop
      vertex 5.15884 -10.4584 6
      vertex 4.90982 -9.95613 0
      vertex 5.15778 -10.4589 6
    endloop
  endfacet
  facet normal -0.407284 0.908558 0.0929643
    outer loop
      vertex 4.90866 -9.95665 0
      vertex 5.15778 -10.4589 6
      vertex 4.90982 -9.95613 0
    endloop
  endfacet
  facet normal -0.410981 0.90689 0.0929782
    outer loop
      vertex 5.15778 -10.4589 6
      vertex 4.90866 -9.95665 0
      vertex 4.46379 -10.7734 6
    endloop
  endfacet
  facet normal -0.680627 0.726705 0.0929832
    outer loop
      vertex 7.32028 -8.34526 0
      vertex 7.689 -8.76763 6
      vertex 8.24509 -8.2468 6
    endloop
  endfacet
  facet normal -0.675993 0.731016 0.0930019
    outer loop
      vertex 7.689 -8.76763 6
      vertex 7.32028 -8.34526 0
      vertex 7.31935 -8.34612 0
    endloop
  endfacet
  facet normal -0.630043 0.770974 0.0929781
    outer loop
      vertex 7.31935 -8.34612 0
      vertex 7.68807 -8.76839 6
      vertex 7.689 -8.76763 6
    endloop
  endfacet
  facet normal -0.631652 0.769656 0.0929842
    outer loop
      vertex 7.68807 -8.76839 6
      vertex 7.31935 -8.34612 0
      vertex 6.7588 -8.80616 0
    endloop
  endfacet
  facet normal 0.995136 0.0325397 0.0929855
    outer loop
      vertex -11.6366 -0.762703 6
      vertex -11.0772 -0.724768 0
      vertex -11.6615 -0.00120585 6
    endloop
  endfacet
  facet normal 0.995682 0 0.0928307
    outer loop
      vertex -11.0772 -0.724768 0
      vertex -11.6366 -0.762703 6
      vertex -11.0772 -0.726035 0
    endloop
  endfacet
  facet normal 0.8063 0.584156 0.0929673
    outer loop
      vertex -9.69553 -6.4798 6
      vertex -9.23009 -6.16735 0
      vertex -9.69624 -6.47882 6
    endloop
  endfacet
  facet normal 0.809323 0.579957 0.0929832
    outer loop
      vertex -9.23009 -6.16735 0
      vertex -9.69553 -6.4798 6
      vertex -8.8077 -6.75679 0
    endloop
  endfacet
  facet normal 0.942958 0.319647 0.0930367
    outer loop
      vertex -11.0427 -3.74849 6
      vertex -10.5114 -3.56946 0
      vertex -10.5118 -3.56828 0
    endloop
  endfacet
  facet normal 0.931843 0.350746 0.0929804
    outer loop
      vertex -10.5114 -3.56946 0
      vertex -11.0427 -3.74849 6
      vertex -10.7743 -4.46156 6
    endloop
  endfacet
  facet normal 0.969661 0.22608 0.0929772
    outer loop
      vertex -11.2642 -3.01823 6
      vertex -10.723 -2.8719 0
      vertex -11.4372 -2.27623 6
    endloop
  endfacet
  facet normal 0.967309 0.235929 0.0930052
    outer loop
      vertex -10.723 -2.8719 0
      vertex -11.2642 -3.01823 6
      vertex -10.7227 -2.87313 0
    endloop
  endfacet
  facet normal 0.675993 0.731016 0.0930019
    outer loop
      vertex -7.32028 -8.34526 0
      vertex -7.689 -8.76763 6
      vertex -7.31935 -8.34612 0
    endloop
  endfacet
  facet normal 0.680627 0.726705 0.0929832
    outer loop
      vertex -7.689 -8.76763 6
      vertex -7.32028 -8.34526 0
      vertex -8.24509 -8.2468 6
    endloop
  endfacet
  facet normal 0.410981 0.90689 0.0929782
    outer loop
      vertex -4.90866 -9.95665 0
      vertex -5.15778 -10.4589 6
      vertex -4.46379 -10.7734 6
    endloop
  endfacet
  facet normal 0.407284 0.908558 0.0929643
    outer loop
      vertex -5.15778 -10.4589 6
      vertex -4.90866 -9.95665 0
      vertex -4.90982 -9.95613 0
    endloop
  endfacet
  facet normal 0.528412 0.843882 0.0929721
    outer loop
      vertex -5.55154 -9.61302 0
      vertex -5.83078 -10.0992 6
      vertex -5.55047 -9.61369 0
    endloop
  endfacet
  facet normal 0.525774 0.845527 0.0929826
    outer loop
      vertex -5.83078 -10.0992 6
      vertex -5.55154 -9.61302 0
      vertex -6.47779 -9.69687 6
    endloop
  endfacet
  facet normal 0.319647 0.942958 0.0930367
    outer loop
      vertex -3.56946 -10.5114 0
      vertex -3.74849 -11.0427 6
      vertex -3.56828 -10.5118 0
    endloop
  endfacet
  facet normal 0.350746 0.931843 0.0929804
    outer loop
      vertex -3.74849 -11.0427 6
      vertex -3.56946 -10.5114 0
      vertex -4.46156 -10.7743 6
    endloop
  endfacet
  facet normal 0.0325397 0.995136 0.0929855
    outer loop
      vertex -0.724768 -11.0772 0
      vertex -0.762703 -11.6366 6
      vertex -0.00120585 -11.6615 6
    endloop
  endfacet
  facet normal 0 0.995682 0.0928307
    outer loop
      vertex -0.762703 -11.6366 6
      vertex -0.724768 -11.0772 0
      vertex -0.726035 -11.0772 0
    endloop
  endfacet
  facet normal 0.155852 0.983427 0.0926406
    outer loop
      vertex -0.727297 -11.077 0
      vertex -0.762703 -11.6366 6
      vertex -0.726035 -11.0772 0
    endloop
  endfacet
  facet normal 0.0976185 0.99087 0.0929912
    outer loop
      vertex -0.762703 -11.6366 6
      vertex -0.727297 -11.077 0
      vertex -1.52094 -11.5619 6
    endloop
  endfacet
  facet normal 0.992285 -0.0822893 0.092729
    outer loop
      vertex -11.1009 0 0
      vertex -11.6615 0.00120585 6
      vertex -11.6616 0 6
    endloop
  endfacet
  facet normal 0.995136 -0.0325411 0.0929854
    outer loop
      vertex -11.6615 0.00120585 6
      vertex -11.1009 0 0
      vertex -11.0772 0.724768 0
    endloop
  endfacet
  facet normal 0.770974 -0.630043 0.0929781
    outer loop
      vertex -8.76839 7.68807 6
      vertex -8.34612 7.31935 0
      vertex -8.76763 7.689 6
    endloop
  endfacet
  facet normal 0.769656 -0.631652 0.0929842
    outer loop
      vertex -8.34612 7.31935 0
      vertex -8.76839 7.68807 6
      vertex -8.80616 6.7588 0
    endloop
  endfacet
  facet normal 0.726705 -0.680627 0.0929832
    outer loop
      vertex -8.76763 7.689 6
      vertex -8.34526 7.32028 0
      vertex -8.2468 8.24509 6
    endloop
  endfacet
  facet normal 0.731016 -0.675993 0.0930019
    outer loop
      vertex -8.34526 7.32028 0
      vertex -8.76763 7.689 6
      vertex -8.34612 7.31935 0
    endloop
  endfacet
  facet normal 0.908558 -0.407284 0.0929643
    outer loop
      vertex -10.4589 5.15778 6
      vertex -9.95665 4.90866 0
      vertex -9.95613 4.90982 0
    endloop
  endfacet
  facet normal 0.90689 -0.410981 0.0929782
    outer loop
      vertex -9.95665 4.90866 0
      vertex -10.4589 5.15778 6
      vertex -10.7734 4.46379 6
    endloop
  endfacet
  facet normal 0.900511 -0.424769 0.0930126
    outer loop
      vertex -9.95613 4.90982 0
      vertex -10.4584 5.15884 6
      vertex -10.4589 5.15778 6
    endloop
  endfacet
  facet normal 0.878098 -0.469359 0.092987
    outer loop
      vertex -10.4584 5.15884 6
      vertex -9.95613 4.90982 0
      vertex -9.61429 5.54935 0
    endloop
  endfacet
  facet normal 0 -0.995682 0.0928307
    outer loop
      vertex -0.724768 11.0772 0
      vertex -0.762703 11.6366 6
      vertex -0.726035 11.0772 0
    endloop
  endfacet
  facet normal 0.0325397 -0.995136 0.0929855
    outer loop
      vertex -0.762703 11.6366 6
      vertex -0.724768 11.0772 0
      vertex -0.00120585 11.6615 6
    endloop
  endfacet
  facet normal 0.350746 -0.931843 0.0929804
    outer loop
      vertex -3.56946 10.5114 0
      vertex -3.74849 11.0427 6
      vertex -4.46156 10.7743 6
    endloop
  endfacet
  facet normal 0.319647 -0.942958 0.0930367
    outer loop
      vertex -3.74849 11.0427 6
      vertex -3.56946 10.5114 0
      vertex -3.56828 10.5118 0
    endloop
  endfacet
  facet normal 0.235929 -0.967309 0.0930052
    outer loop
      vertex -2.8719 10.723 0
      vertex -3.01823 11.2642 6
      vertex -2.87313 10.7227 0
    endloop
  endfacet
  facet normal 0.22608 -0.969661 0.0929772
    outer loop
      vertex -3.01823 11.2642 6
      vertex -2.8719 10.723 0
      vertex -2.27623 11.4372 6
    endloop
  endfacet
  facet normal 0.469359 -0.878098 0.092987
    outer loop
      vertex -4.90982 9.95613 0
      vertex -5.15884 10.4584 6
      vertex -5.54935 9.61429 0
    endloop
  endfacet
  facet normal 0.424769 -0.900511 0.0930126
    outer loop
      vertex -5.15884 10.4584 6
      vertex -4.90982 9.95613 0
      vertex -5.15778 10.4589 6
    endloop
  endfacet
  facet normal 0.407284 -0.908558 0.0929643
    outer loop
      vertex -4.90866 9.95665 0
      vertex -5.15778 10.4589 6
      vertex -4.90982 9.95613 0
    endloop
  endfacet
  facet normal 0.410981 -0.90689 0.0929782
    outer loop
      vertex -5.15778 10.4589 6
      vertex -4.90866 9.95665 0
      vertex -4.46379 10.7734 6
    endloop
  endfacet
  facet normal 0.680627 -0.726705 0.0929832
    outer loop
      vertex -7.32028 8.34526 0
      vertex -7.689 8.76763 6
      vertex -8.24509 8.2468 6
    endloop
  endfacet
  facet normal 0.675993 -0.731016 0.0930019
    outer loop
      vertex -7.689 8.76763 6
      vertex -7.32028 8.34526 0
      vertex -7.31935 8.34612 0
    endloop
  endfacet
  facet normal 0.630043 -0.770974 0.0929781
    outer loop
      vertex -7.31935 8.34612 0
      vertex -7.68807 8.76839 6
      vertex -7.689 8.76763 6
    endloop
  endfacet
  facet normal 0.631652 -0.769656 0.0929842
    outer loop
      vertex -7.68807 8.76839 6
      vertex -7.31935 8.34612 0
      vertex -6.7588 8.80616 0
    endloop
  endfacet
  facet normal -0.0822893 -0.992285 0.092729
    outer loop
      vertex 0 11.1009 0
      vertex 0.00120585 11.6615 6
      vertex 0 11.6616 6
    endloop
  endfacet
  facet normal -0.0325411 -0.995136 0.0929854
    outer loop
      vertex 0.00120585 11.6615 6
      vertex 0 11.1009 0
      vertex 0.724768 11.0772 0
    endloop
  endfacet
  facet normal -0.631652 -0.769656 0.0929842
    outer loop
      vertex 7.31935 8.34612 0
      vertex 7.68807 8.76839 6
      vertex 6.7588 8.80616 0
    endloop
  endfacet
  facet normal -0.630043 -0.770974 0.0929781
    outer loop
      vertex 7.68807 8.76839 6
      vertex 7.31935 8.34612 0
      vertex 7.689 8.76763 6
    endloop
  endfacet
  facet normal -0.675993 -0.731016 0.0930019
    outer loop
      vertex 7.32028 8.34526 0
      vertex 7.689 8.76763 6
      vertex 7.31935 8.34612 0
    endloop
  endfacet
  facet normal -0.680627 -0.726705 0.0929832
    outer loop
      vertex 7.689 8.76763 6
      vertex 7.32028 8.34526 0
      vertex 8.24509 8.2468 6
    endloop
  endfacet
  facet normal -0.410981 -0.90689 0.0929782
    outer loop
      vertex 4.90866 9.95665 0
      vertex 5.15778 10.4589 6
      vertex 4.46379 10.7734 6
    endloop
  endfacet
  facet normal -0.407284 -0.908558 0.0929643
    outer loop
      vertex 5.15778 10.4589 6
      vertex 4.90866 9.95665 0
      vertex 4.90982 9.95613 0
    endloop
  endfacet
  facet normal -0.424769 -0.900511 0.0930126
    outer loop
      vertex 4.90982 9.95613 0
      vertex 5.15884 10.4584 6
      vertex 5.15778 10.4589 6
    endloop
  endfacet
  facet normal -0.469359 -0.878098 0.092987
    outer loop
      vertex 5.15884 10.4584 6
      vertex 4.90982 9.95613 0
      vertex 5.54935 9.61429 0
    endloop
  endfacet
  facet normal -0.806346 -0.58419 0.0923473
    outer loop
      vertex 8.8077 6.75679 0
      vertex 9.69624 6.47882 6
      vertex 9.69553 6.4798 6
    endloop
  endfacet
  facet normal -0.809323 -0.579957 0.0929842
    outer loop
      vertex 9.69624 6.47882 6
      vertex 8.8077 6.75679 0
      vertex 9.23009 6.16735 0
    endloop
  endfacet
  facet normal -0.931843 -0.350746 0.0929804
    outer loop
      vertex 10.5114 3.56946 0
      vertex 11.0427 3.74849 6
      vertex 10.7743 4.46156 6
    endloop
  endfacet
  facet normal -0.942958 -0.319647 0.0930367
    outer loop
      vertex 11.0427 3.74849 6
      vertex 10.5114 3.56946 0
      vertex 10.5118 3.56828 0
    endloop
  endfacet
  facet normal -0.967309 -0.235929 0.0930052
    outer loop
      vertex 10.723 2.8719 0
      vertex 11.2642 3.01823 6
      vertex 10.7227 2.87313 0
    endloop
  endfacet
  facet normal -0.969661 -0.22608 0.0929772
    outer loop
      vertex 11.2642 3.01823 6
      vertex 10.723 2.8719 0
      vertex 11.4372 2.27623 6
    endloop
  endfacet
  facet normal -0.99087 -0.0976185 0.0929912
    outer loop
      vertex 11.077 0.727297 0
      vertex 11.6366 0.762703 6
      vertex 11.5619 1.52094 6
    endloop
  endfacet
  facet normal -0.983427 -0.155852 0.0926406
    outer loop
      vertex 11.6366 0.762703 6
      vertex 11.077 0.727297 0
      vertex 11.0772 0.726035 0
    endloop
  endfacet
  facet normal -0.983427 0.155852 0.0926406
    outer loop
      vertex 11.077 -0.727297 0
      vertex 11.6366 -0.762703 6
      vertex 11.0772 -0.726035 0
    endloop
  endfacet
  facet normal -0.99087 0.0976185 0.0929912
    outer loop
      vertex 11.6366 -0.762703 6
      vertex 11.077 -0.727297 0
      vertex 11.5619 -1.52094 6
    endloop
  endfacet
  facet normal -0.945347 0.312511 0.0930338
    outer loop
      vertex 11.0427 -3.74849 6
      vertex 10.5122 -3.56707 0
      vertex 10.5118 -3.56828 0
    endloop
  endfacet
  facet normal -0.952784 0.289063 0.0929823
    outer loop
      vertex 10.5122 -3.56707 0
      vertex 11.0427 -3.74849 6
      vertex 11.2639 -3.01939 6
    endloop
  endfacet
  facet normal -0.942958 0.319647 0.0930367
    outer loop
      vertex 10.5114 -3.56946 0
      vertex 11.0427 -3.74849 6
      vertex 10.5118 -3.56828 0
    endloop
  endfacet
  facet normal -0.931843 0.350746 0.0929804
    outer loop
      vertex 11.0427 -3.74849 6
      vertex 10.5114 -3.56946 0
      vertex 10.7743 -4.46156 6
    endloop
  endfacet
  facet normal -0.8063 0.584156 0.0929673
    outer loop
      vertex 9.23009 -6.16735 0
      vertex 9.69553 -6.4798 6
      vertex 9.69624 -6.47882 6
    endloop
  endfacet
  facet normal -0.809323 0.579957 0.0929832
    outer loop
      vertex 9.69553 -6.4798 6
      vertex 9.23009 -6.16735 0
      vertex 8.8077 -6.75679 0
    endloop
  endfacet
  facet normal -0.877661 0.470176 0.0929847
    outer loop
      vertex 10.0992 -5.83078 6
      vertex 9.61429 -5.54935 0
      vertex 9.61369 -5.55047 0
    endloop
  endfacet
  facet normal -0.878079 0.469396 0.0929819
    outer loop
      vertex 9.61429 -5.54935 0
      vertex 10.0992 -5.83078 6
      vertex 10.4584 -5.15884 6
    endloop
  endfacet
  facet normal -0.906422 0.41201 0.0929872
    outer loop
      vertex 10.2559 -4.24814 0
      vertex 10.7734 -4.46379 6
      vertex 10.7739 -4.46269 6
    endloop
  endfacet
  facet normal -0.906931 0.410887 0.0929908
    outer loop
      vertex 10.7734 -4.46379 6
      vertex 10.2559 -4.24814 0
      vertex 9.95665 -4.90866 0
    endloop
  endfacet
  facet normal -0.0976185 0.99087 0.0929912
    outer loop
      vertex 0.727297 -11.077 0
      vertex 0.762703 -11.6366 6
      vertex 1.52094 -11.5619 6
    endloop
  endfacet
  facet normal -0.155852 0.983427 0.0926406
    outer loop
      vertex 0.762703 -11.6366 6
      vertex 0.727297 -11.077 0
      vertex 0.726035 -11.0772 0
    endloop
  endfacet
  facet normal -0.0826862 0.992234 0.0929224
    outer loop
      vertex 1.44896 -11.006 0
      vertex 1.52094 -11.5619 6
      vertex 1.52214 -11.5618 6
    endloop
  endfacet
  facet normal -0.097487 0.990884 0.092975
    outer loop
      vertex 1.52094 -11.5619 6
      vertex 1.44896 -11.006 0
      vertex 0.727297 -11.077 0
    endloop
  endfacet
  facet normal -0.226005 0.969678 0.0929866
    outer loop
      vertex 2.16568 -10.8876 0
      vertex 2.27623 -11.4372 6
      vertex 2.8719 -10.723 0
    endloop
  endfacet
  facet normal -0.247301 0.964475 0.0929024
    outer loop
      vertex 2.27623 -11.4372 6
      vertex 2.16568 -10.8876 0
      vertex 2.27506 -11.4375 6
    endloop
  endfacet
  facet normal -0.332249 0.938604 0.0929135
    outer loop
      vertex 4.24814 -10.2559 0
      vertex 4.46156 -10.7743 6
      vertex 4.46269 -10.7739 6
    endloop
  endfacet
  facet normal -0.3508 0.931822 0.0929874
    outer loop
      vertex 4.46156 -10.7743 6
      vertex 4.24814 -10.2559 0
      vertex 3.56946 -10.5114 0
    endloop
  endfacet
  facet normal -0.312511 0.945347 0.0930338
    outer loop
      vertex 3.56707 -10.5122 0
      vertex 3.74849 -11.0427 6
      vertex 3.56828 -10.5118 0
    endloop
  endfacet
  facet normal -0.289063 0.952784 0.0929823
    outer loop
      vertex 3.74849 -11.0427 6
      vertex 3.56707 -10.5122 0
      vertex 3.01939 -11.2639 6
    endloop
  endfacet
  facet normal -0.519526 0.849383 0.0929594
    outer loop
      vertex 6.16735 -9.23009 0
      vertex 6.47779 -9.69687 6
      vertex 6.47882 -9.69624 6
    endloop
  endfacet
  facet normal -0.525775 0.845526 0.0929827
    outer loop
      vertex 6.47779 -9.69687 6
      vertex 6.16735 -9.23009 0
      vertex 5.55154 -9.61302 0
    endloop
  endfacet
  facet normal -0.631647 0.76966 0.0929835
    outer loop
      vertex 6.7588 -8.80616 0
      vertex 7.09911 -9.25174 6
      vertex 7.68807 -8.76839 6
    endloop
  endfacet
  facet normal -0.629636 0.771305 0.0929916
    outer loop
      vertex 7.09911 -9.25174 6
      vertex 6.7588 -8.80616 0
      vertex 6.75782 -8.80696 0
    endloop
  endfacet
  facet normal -0.683165 0.724319 0.0929925
    outer loop
      vertex 7.84955 -7.84955 0
      vertex 8.24509 -8.2468 6
      vertex 8.24597 -8.24597 6
    endloop
  endfacet
  facet normal -0.680627 0.726706 0.0929832
    outer loop
      vertex 8.24509 -8.2468 6
      vertex 7.84955 -7.84955 0
      vertex 7.32028 -8.34526 0
    endloop
  endfacet
  facet normal 0.983427 0.155852 0.0926406
    outer loop
      vertex -11.6366 -0.762703 6
      vertex -11.077 -0.727297 0
      vertex -11.0772 -0.726035 0
    endloop
  endfacet
  facet normal 0.99087 0.0976185 0.0929912
    outer loop
      vertex -11.077 -0.727297 0
      vertex -11.6366 -0.762703 6
      vertex -11.5619 -1.52094 6
    endloop
  endfacet
  facet normal 0.990884 0.097487 0.092975
    outer loop
      vertex -11.5619 -1.52094 6
      vertex -11.006 -1.44896 0
      vertex -11.077 -0.727297 0
    endloop
  endfacet
  facet normal 0.992234 0.0826862 0.0929224
    outer loop
      vertex -11.006 -1.44896 0
      vertex -11.5619 -1.52094 6
      vertex -11.5618 -1.52214 6
    endloop
  endfacet
  facet normal 0.843882 0.528412 0.0929721
    outer loop
      vertex -10.0992 -5.83078 6
      vertex -9.61302 -5.55154 0
      vertex -9.61369 -5.55047 0
    endloop
  endfacet
  facet normal 0.845527 0.525774 0.0929826
    outer loop
      vertex -9.61302 -5.55154 0
      vertex -10.0992 -5.83078 6
      vertex -9.69687 -6.47779 6
    endloop
  endfacet
  facet normal 0.90689 0.410981 0.0929782
    outer loop
      vertex -10.4589 -5.15778 6
      vertex -9.95665 -4.90866 0
      vertex -10.7734 -4.46379 6
    endloop
  endfacet
  facet normal 0.908558 0.407284 0.0929643
    outer loop
      vertex -9.95665 -4.90866 0
      vertex -10.4589 -5.15778 6
      vertex -9.95613 -4.90982 0
    endloop
  endfacet
  facet normal 0.726706 0.680627 0.0929832
    outer loop
      vertex -8.2468 -8.24509 6
      vertex -7.84955 -7.84955 0
      vertex -8.34526 -7.32028 0
    endloop
  endfacet
  facet normal 0.724319 0.683165 0.0929925
    outer loop
      vertex -7.84955 -7.84955 0
      vertex -8.2468 -8.24509 6
      vertex -8.24597 -8.24597 6
    endloop
  endfacet
  facet normal 0.771305 0.629636 0.0929916
    outer loop
      vertex -9.25174 -7.09911 6
      vertex -8.80616 -6.7588 0
      vertex -8.80696 -6.75782 0
    endloop
  endfacet
  facet normal 0.76966 0.631647 0.0929835
    outer loop
      vertex -8.80616 -6.7588 0
      vertex -9.25174 -7.09911 6
      vertex -8.76839 -7.68807 6
    endloop
  endfacet
  facet normal 0.964475 0.247301 0.0929024
    outer loop
      vertex -11.4372 -2.27623 6
      vertex -10.8876 -2.16568 0
      vertex -11.4375 -2.27506 6
    endloop
  endfacet
  facet normal 0.969678 0.226005 0.0929866
    outer loop
      vertex -10.8876 -2.16568 0
      vertex -11.4372 -2.27623 6
      vertex -10.723 -2.8719 0
    endloop
  endfacet
  facet normal 0.931822 0.3508 0.0929874
    outer loop
      vertex -10.7743 -4.46156 6
      vertex -10.2559 -4.24814 0
      vertex -10.5114 -3.56946 0
    endloop
  endfacet
  facet normal 0.938604 0.332249 0.0929135
    outer loop
      vertex -10.2559 -4.24814 0
      vertex -10.7743 -4.46156 6
      vertex -10.7739 -4.46269 6
    endloop
  endfacet
  facet normal 0.952784 0.289063 0.0929823
    outer loop
      vertex -11.0427 -3.74849 6
      vertex -10.5122 -3.56707 0
      vertex -11.2639 -3.01939 6
    endloop
  endfacet
  facet normal 0.945347 0.312511 0.0930338
    outer loop
      vertex -10.5122 -3.56707 0
      vertex -11.0427 -3.74849 6
      vertex -10.5118 -3.56828 0
    endloop
  endfacet
  facet normal 0.631652 0.769656 0.0929842
    outer loop
      vertex -7.31935 -8.34612 0
      vertex -7.68807 -8.76839 6
      vertex -6.7588 -8.80616 0
    endloop
  endfacet
  facet normal 0.630043 0.770974 0.0929781
    outer loop
      vertex -7.68807 -8.76839 6
      vertex -7.31935 -8.34612 0
      vertex -7.689 -8.76763 6
    endloop
  endfacet
  facet normal 0.629636 0.771305 0.0929916
    outer loop
      vertex -6.7588 -8.80616 0
      vertex -7.09911 -9.25174 6
      vertex -6.75782 -8.80696 0
    endloop
  endfacet
  facet normal 0.631647 0.76966 0.0929835
    outer loop
      vertex -7.09911 -9.25174 6
      vertex -6.7588 -8.80616 0
      vertex -7.68807 -8.76839 6
    endloop
  endfacet
  facet normal 0.584156 0.8063 0.0929673
    outer loop
      vertex -6.16735 -9.23009 0
      vertex -6.4798 -9.69553 6
      vertex -6.47882 -9.69624 6
    endloop
  endfacet
  facet normal 0.579957 0.809323 0.0929832
    outer loop
      vertex -6.4798 -9.69553 6
      vertex -6.16735 -9.23009 0
      vertex -6.75679 -8.8077 0
    endloop
  endfacet
  facet normal 0.41201 0.906422 0.0929872
    outer loop
      vertex -4.24814 -10.2559 0
      vertex -4.46379 -10.7734 6
      vertex -4.46269 -10.7739 6
    endloop
  endfacet
  facet normal 0.410887 0.906931 0.0929908
    outer loop
      vertex -4.46379 -10.7734 6
      vertex -4.24814 -10.2559 0
      vertex -4.90866 -9.95665 0
    endloop
  endfacet
  facet normal 0.469396 0.878079 0.0929819
    outer loop
      vertex -5.54935 -9.61429 0
      vertex -5.83078 -10.0992 6
      vertex -5.15884 -10.4584 6
    endloop
  endfacet
  facet normal 0.470176 0.877661 0.0929847
    outer loop
      vertex -5.83078 -10.0992 6
      vertex -5.54935 -9.61429 0
      vertex -5.55047 -9.61369 0
    endloop
  endfacet
  facet normal 0.16229 0.982351 0.0929916
    outer loop
      vertex -2.16568 -10.8876 0
      vertex -2.27387 -11.4377 6
      vertex -1.45021 -11.0058 0
    endloop
  endfacet
  facet normal 0.165024 0.981895 0.0929991
    outer loop
      vertex -2.27387 -11.4377 6
      vertex -2.16568 -10.8876 0
      vertex -2.27506 -11.4375 6
    endloop
  endfacet
  facet normal 0.22608 0.969661 0.0929772
    outer loop
      vertex -2.8719 -10.723 0
      vertex -3.01823 -11.2642 6
      vertex -2.27623 -11.4372 6
    endloop
  endfacet
  facet normal 0.235929 0.967309 0.0930052
    outer loop
      vertex -3.01823 -11.2642 6
      vertex -2.8719 -10.723 0
      vertex -2.87313 -10.7227 0
    endloop
  endfacet
  facet normal 0.249297 0.963949 0.0930252
    outer loop
      vertex -2.87313 -10.7227 0
      vertex -3.01939 -11.2639 6
      vertex -3.01823 -11.2642 6
    endloop
  endfacet
  facet normal 0.289021 0.952796 0.0929876
    outer loop
      vertex -3.01939 -11.2639 6
      vertex -2.87313 -10.7227 0
      vertex -3.56707 -10.5122 0
    endloop
  endfacet
  facet normal 0.097487 0.990884 0.092975
    outer loop
      vertex -1.44896 -11.006 0
      vertex -1.52094 -11.5619 6
      vertex -0.727297 -11.077 0
    endloop
  endfacet
  facet normal 0.0826862 0.992234 0.0929224
    outer loop
      vertex -1.52094 -11.5619 6
      vertex -1.44896 -11.006 0
      vertex -1.52214 -11.5618 6
    endloop
  endfacet
  facet normal 0.0822893 0.992285 0.092729
    outer loop
      vertex 0 -11.1009 0
      vertex -0.00120585 -11.6615 6
      vertex 0 -11.6616 6
    endloop
  endfacet
  facet normal 0.0325411 0.995136 0.0929854
    outer loop
      vertex -0.00120585 -11.6615 6
      vertex 0 -11.1009 0
      vertex -0.724768 -11.0772 0
    endloop
  endfacet
  facet normal 0.99087 -0.0976185 0.0929912
    outer loop
      vertex -11.6366 0.762703 6
      vertex -11.077 0.727297 0
      vertex -11.5619 1.52094 6
    endloop
  endfacet
  facet normal 0.983427 -0.155852 0.0926406
    outer loop
      vertex -11.077 0.727297 0
      vertex -11.6366 0.762703 6
      vertex -11.0772 0.726035 0
    endloop
  endfacet
  facet normal 0.945347 -0.312511 0.0930338
    outer loop
      vertex -11.0427 3.74849 6
      vertex -10.5122 3.56707 0
      vertex -10.5118 3.56828 0
    endloop
  endfacet
  facet normal 0.952784 -0.289063 0.0929823
    outer loop
      vertex -10.5122 3.56707 0
      vertex -11.0427 3.74849 6
      vertex -11.2639 3.01939 6
    endloop
  endfacet
  facet normal 0.931843 -0.350746 0.0929804
    outer loop
      vertex -11.0427 3.74849 6
      vertex -10.5114 3.56946 0
      vertex -10.7743 4.46156 6
    endloop
  endfacet
  facet normal 0.942958 -0.319647 0.0930367
    outer loop
      vertex -10.5114 3.56946 0
      vertex -11.0427 3.74849 6
      vertex -10.5118 3.56828 0
    endloop
  endfacet
  facet normal 0.806346 -0.58419 0.0923473
    outer loop
      vertex -9.69624 6.47882 6
      vertex -8.8077 6.75679 0
      vertex -9.69553 6.4798 6
    endloop
  endfacet
  facet normal 0.809323 -0.579957 0.0929842
    outer loop
      vertex -8.8077 6.75679 0
      vertex -9.69624 6.47882 6
      vertex -9.23009 6.16735 0
    endloop
  endfacet
  facet normal 0.877661 -0.470176 0.0929847
    outer loop
      vertex -10.0992 5.83078 6
      vertex -9.61429 5.54935 0
      vertex -9.61369 5.55047 0
    endloop
  endfacet
  facet normal 0.878079 -0.469396 0.0929819
    outer loop
      vertex -9.61429 5.54935 0
      vertex -10.0992 5.83078 6
      vertex -10.4584 5.15884 6
    endloop
  endfacet
  facet normal 0.906422 -0.41201 0.0929872
    outer loop
      vertex -10.2559 4.24814 0
      vertex -10.7734 4.46379 6
      vertex -10.7739 4.46269 6
    endloop
  endfacet
  facet normal 0.906931 -0.410887 0.0929908
    outer loop
      vertex -10.7734 4.46379 6
      vertex -10.2559 4.24814 0
      vertex -9.95665 4.90866 0
    endloop
  endfacet
  facet normal 0.0976185 -0.99087 0.0929912
    outer loop
      vertex -0.727297 11.077 0
      vertex -0.762703 11.6366 6
      vertex -1.52094 11.5619 6
    endloop
  endfacet
  facet normal 0.155852 -0.983427 0.0926406
    outer loop
      vertex -0.762703 11.6366 6
      vertex -0.727297 11.077 0
      vertex -0.726035 11.0772 0
    endloop
  endfacet
  facet normal 0.0826862 -0.992234 0.0929224
    outer loop
      vertex -1.44896 11.006 0
      vertex -1.52094 11.5619 6
      vertex -1.52214 11.5618 6
    endloop
  endfacet
  facet normal 0.097487 -0.990884 0.092975
    outer loop
      vertex -1.52094 11.5619 6
      vertex -1.44896 11.006 0
      vertex -0.727297 11.077 0
    endloop
  endfacet
  facet normal 0.226005 -0.969678 0.0929866
    outer loop
      vertex -2.16568 10.8876 0
      vertex -2.27623 11.4372 6
      vertex -2.8719 10.723 0
    endloop
  endfacet
  facet normal 0.247301 -0.964475 0.0929024
    outer loop
      vertex -2.27623 11.4372 6
      vertex -2.16568 10.8876 0
      vertex -2.27506 11.4375 6
    endloop
  endfacet
  facet normal 0.332249 -0.938604 0.0929135
    outer loop
      vertex -4.24814 10.2559 0
      vertex -4.46156 10.7743 6
      vertex -4.46269 10.7739 6
    endloop
  endfacet
  facet normal 0.3508 -0.931822 0.0929874
    outer loop
      vertex -4.46156 10.7743 6
      vertex -4.24814 10.2559 0
      vertex -3.56946 10.5114 0
    endloop
  endfacet
  facet normal 0.312511 -0.945347 0.0930338
    outer loop
      vertex -3.56707 10.5122 0
      vertex -3.74849 11.0427 6
      vertex -3.56828 10.5118 0
    endloop
  endfacet
  facet normal 0.289063 -0.952784 0.0929823
    outer loop
      vertex -3.74849 11.0427 6
      vertex -3.56707 10.5122 0
      vertex -3.01939 11.2639 6
    endloop
  endfacet
  facet normal 0.519526 -0.849383 0.0929594
    outer loop
      vertex -6.16735 9.23009 0
      vertex -6.47779 9.69687 6
      vertex -6.47882 9.69624 6
    endloop
  endfacet
  facet normal 0.525775 -0.845526 0.0929827
    outer loop
      vertex -6.47779 9.69687 6
      vertex -6.16735 9.23009 0
      vertex -5.55154 9.61302 0
    endloop
  endfacet
  facet normal 0.631647 -0.76966 0.0929835
    outer loop
      vertex -6.7588 8.80616 0
      vertex -7.09911 9.25174 6
      vertex -7.68807 8.76839 6
    endloop
  endfacet
  facet normal 0.629636 -0.771305 0.0929916
    outer loop
      vertex -7.09911 9.25174 6
      vertex -6.7588 8.80616 0
      vertex -6.75782 8.80696 0
    endloop
  endfacet
  facet normal 0.683165 -0.724319 0.0929925
    outer loop
      vertex -7.84955 7.84955 0
      vertex -8.24509 8.2468 6
      vertex -8.24597 8.24597 6
    endloop
  endfacet
  facet normal 0.680627 -0.726706 0.0929832
    outer loop
      vertex -8.24509 8.2468 6
      vertex -7.84955 7.84955 0
      vertex -7.32028 8.34526 0
    endloop
  endfacet
  facet normal -0.155852 -0.983427 0.0926406
    outer loop
      vertex 0.727297 11.077 0
      vertex 0.762703 11.6366 6
      vertex 0.726035 11.0772 0
    endloop
  endfacet
  facet normal -0.0976185 -0.99087 0.0929912
    outer loop
      vertex 0.762703 11.6366 6
      vertex 0.727297 11.077 0
      vertex 1.52094 11.5619 6
    endloop
  endfacet
  facet normal -0.289063 -0.952784 0.0929823
    outer loop
      vertex 3.56707 10.5122 0
      vertex 3.74849 11.0427 6
      vertex 3.01939 11.2639 6
    endloop
  endfacet
  facet normal -0.312511 -0.945347 0.0930338
    outer loop
      vertex 3.74849 11.0427 6
      vertex 3.56707 10.5122 0
      vertex 3.56828 10.5118 0
    endloop
  endfacet
  facet normal -0.319647 -0.942958 0.0930367
    outer loop
      vertex 3.56946 10.5114 0
      vertex 3.74849 11.0427 6
      vertex 3.56828 10.5118 0
    endloop
  endfacet
  facet normal -0.350746 -0.931843 0.0929804
    outer loop
      vertex 3.74849 11.0427 6
      vertex 3.56946 10.5114 0
      vertex 4.46156 10.7743 6
    endloop
  endfacet
  facet normal -0.584156 -0.8063 0.0929673
    outer loop
      vertex 6.16735 9.23009 0
      vertex 6.4798 9.69553 6
      vertex 6.47882 9.69624 6
    endloop
  endfacet
  facet normal -0.579957 -0.809323 0.0929832
    outer loop
      vertex 6.4798 9.69553 6
      vertex 6.16735 9.23009 0
      vertex 6.75679 8.8077 0
    endloop
  endfacet
  facet normal -0.469396 -0.878079 0.0929819
    outer loop
      vertex 5.54935 9.61429 0
      vertex 5.83078 10.0992 6
      vertex 5.15884 10.4584 6
    endloop
  endfacet
  facet normal -0.470176 -0.877661 0.0929847
    outer loop
      vertex 5.83078 10.0992 6
      vertex 5.54935 9.61429 0
      vertex 5.55047 9.61369 0
    endloop
  endfacet
  facet normal -0.41201 -0.906422 0.0929872
    outer loop
      vertex 4.24814 10.2559 0
      vertex 4.46379 10.7734 6
      vertex 4.46269 10.7739 6
    endloop
  endfacet
  facet normal -0.410887 -0.906931 0.0929908
    outer loop
      vertex 4.46379 10.7734 6
      vertex 4.24814 10.2559 0
      vertex 4.90866 9.95665 0
    endloop
  endfacet
  facet normal -0.845527 -0.525774 0.0929826
    outer loop
      vertex 9.61302 5.55154 0
      vertex 10.0992 5.83078 6
      vertex 9.69687 6.47779 6
    endloop
  endfacet
  facet normal -0.843882 -0.528412 0.0929721
    outer loop
      vertex 10.0992 5.83078 6
      vertex 9.61302 5.55154 0
      vertex 9.61369 5.55047 0
    endloop
  endfacet
  facet normal -0.908558 -0.407284 0.0929643
    outer loop
      vertex 9.95665 4.90866 0
      vertex 10.4589 5.15778 6
      vertex 9.95613 4.90982 0
    endloop
  endfacet
  facet normal -0.90689 -0.410981 0.0929782
    outer loop
      vertex 10.4589 5.15778 6
      vertex 9.95665 4.90866 0
      vertex 10.7734 4.46379 6
    endloop
  endfacet
  facet normal -0.724319 -0.683165 0.0929925
    outer loop
      vertex 7.84955 7.84955 0
      vertex 8.2468 8.24509 6
      vertex 8.24597 8.24597 6
    endloop
  endfacet
  facet normal -0.726706 -0.680627 0.0929832
    outer loop
      vertex 8.2468 8.24509 6
      vertex 7.84955 7.84955 0
      vertex 8.34526 7.32028 0
    endloop
  endfacet
  facet normal -0.76966 -0.631647 0.0929835
    outer loop
      vertex 8.80616 6.7588 0
      vertex 9.25174 7.09911 6
      vertex 8.76839 7.68807 6
    endloop
  endfacet
  facet normal -0.771305 -0.629636 0.0929916
    outer loop
      vertex 9.25174 7.09911 6
      vertex 8.80616 6.7588 0
      vertex 8.80696 6.75782 0
    endloop
  endfacet
  facet normal -0.969678 -0.226005 0.0929866
    outer loop
      vertex 10.8876 2.16568 0
      vertex 11.4372 2.27623 6
      vertex 10.723 2.8719 0
    endloop
  endfacet
  facet normal -0.964475 -0.247301 0.0929024
    outer loop
      vertex 11.4372 2.27623 6
      vertex 10.8876 2.16568 0
      vertex 11.4375 2.27506 6
    endloop
  endfacet
  facet normal -0.938604 -0.332249 0.0929135
    outer loop
      vertex 10.2559 4.24814 0
      vertex 10.7743 4.46156 6
      vertex 10.7739 4.46269 6
    endloop
  endfacet
  facet normal -0.931822 -0.3508 0.0929874
    outer loop
      vertex 10.7743 4.46156 6
      vertex 10.2559 4.24814 0
      vertex 10.5114 3.56946 0
    endloop
  endfacet
  facet normal -0.945347 -0.312511 0.0930338
    outer loop
      vertex 10.5122 3.56707 0
      vertex 11.0427 3.74849 6
      vertex 10.5118 3.56828 0
    endloop
  endfacet
  facet normal -0.952784 -0.289063 0.0929823
    outer loop
      vertex 11.0427 3.74849 6
      vertex 10.5122 3.56707 0
      vertex 11.2639 3.01939 6
    endloop
  endfacet
  facet normal -0.990884 0.097487 0.092975
    outer loop
      vertex 11.006 -1.44896 0
      vertex 11.5619 -1.52094 6
      vertex 11.077 -0.727297 0
    endloop
  endfacet
  facet normal -0.992234 0.0826862 0.0929224
    outer loop
      vertex 11.5619 -1.52094 6
      vertex 11.006 -1.44896 0
      vertex 11.5618 -1.52214 6
    endloop
  endfacet
  facet normal -0.983162 0.157306 0.0929922
    outer loop
      vertex 11.0058 -1.45021 0
      vertex 11.5618 -1.52214 6
      vertex 11.006 -1.44896 0
    endloop
  endfacet
  facet normal -0.982372 0.162176 0.0929773
    outer loop
      vertex 11.5618 -1.52214 6
      vertex 11.0058 -1.45021 0
      vertex 11.4377 -2.27387 6
    endloop
  endfacet
  facet normal -0.967309 0.235929 0.0930052
    outer loop
      vertex 11.2642 -3.01823 6
      vertex 10.723 -2.8719 0
      vertex 10.7227 -2.87313 0
    endloop
  endfacet
  facet normal -0.969661 0.22608 0.0929772
    outer loop
      vertex 10.723 -2.8719 0
      vertex 11.2642 -3.01823 6
      vertex 11.4372 -2.27623 6
    endloop
  endfacet
  facet normal -0.963949 0.249297 0.0930252
    outer loop
      vertex 10.7227 -2.87313 0
      vertex 11.2639 -3.01939 6
      vertex 11.2642 -3.01823 6
    endloop
  endfacet
  facet normal -0.952796 0.289021 0.0929876
    outer loop
      vertex 11.2639 -3.01939 6
      vertex 10.7227 -2.87313 0
      vertex 10.5122 -3.56707 0
    endloop
  endfacet
  facet normal -0.771305 0.629636 0.0929916
    outer loop
      vertex 8.80616 -6.7588 0
      vertex 9.25174 -7.09911 6
      vertex 8.80696 -6.75782 0
    endloop
  endfacet
  facet normal -0.76966 0.631647 0.0929835
    outer loop
      vertex 9.25174 -7.09911 6
      vertex 8.80616 -6.7588 0
      vertex 8.76839 -7.68807 6
    endloop
  endfacet
  facet normal -0.808625 0.580954 0.0928339
    outer loop
      vertex 8.80696 -6.75782 0
      vertex 9.69553 -6.4798 6
      vertex 8.8077 -6.75679 0
    endloop
  endfacet
  facet normal -0.809326 0.579953 0.092984
    outer loop
      vertex 9.69553 -6.4798 6
      vertex 8.80696 -6.75782 0
      vertex 9.25174 -7.09911 6
    endloop
  endfacet
  facet normal -0.845526 0.525775 0.0929827
    outer loop
      vertex 9.23009 -6.16735 0
      vertex 9.69687 -6.47779 6
      vertex 9.61302 -5.55154 0
    endloop
  endfacet
  facet normal -0.849383 0.519526 0.0929594
    outer loop
      vertex 9.69687 -6.47779 6
      vertex 9.23009 -6.16735 0
      vertex 9.69624 -6.47882 6
    endloop
  endfacet
  facet normal -0.165024 0.981895 0.0929991
    outer loop
      vertex 2.16568 -10.8876 0
      vertex 2.27387 -11.4377 6
      vertex 2.27506 -11.4375 6
    endloop
  endfacet
  facet normal -0.16229 0.982351 0.0929916
    outer loop
      vertex 2.27387 -11.4377 6
      vertex 2.16568 -10.8876 0
      vertex 1.45021 -11.0058 0
    endloop
  endfacet
  facet normal -0.470176 0.877661 0.0929847
    outer loop
      vertex 5.54935 -9.61429 0
      vertex 5.83078 -10.0992 6
      vertex 5.55047 -9.61369 0
    endloop
  endfacet
  facet normal -0.469396 0.878079 0.0929819
    outer loop
      vertex 5.83078 -10.0992 6
      vertex 5.54935 -9.61429 0
      vertex 5.15884 -10.4584 6
    endloop
  endfacet
  facet normal -0.525774 0.845527 0.0929826
    outer loop
      vertex 5.55154 -9.61302 0
      vertex 5.83078 -10.0992 6
      vertex 6.47779 -9.69687 6
    endloop
  endfacet
  facet normal -0.528412 0.843882 0.0929721
    outer loop
      vertex 5.83078 -10.0992 6
      vertex 5.55154 -9.61302 0
      vertex 5.55047 -9.61369 0
    endloop
  endfacet
  facet normal -0.58419 0.806346 0.0923473
    outer loop
      vertex 6.75679 -8.8077 0
      vertex 6.47882 -9.69624 6
      vertex 6.4798 -9.69553 6
    endloop
  endfacet
  facet normal -0.579957 0.809323 0.0929842
    outer loop
      vertex 6.47882 -9.69624 6
      vertex 6.75679 -8.8077 0
      vertex 6.16735 -9.23009 0
    endloop
  endfacet
  facet normal 0.878079 0.469396 0.0929819
    outer loop
      vertex -10.0992 -5.83078 6
      vertex -9.61429 -5.54935 0
      vertex -10.4584 -5.15884 6
    endloop
  endfacet
  facet normal 0.877661 0.470176 0.0929847
    outer loop
      vertex -9.61429 -5.54935 0
      vertex -10.0992 -5.83078 6
      vertex -9.61369 -5.55047 0
    endloop
  endfacet
  facet normal 0.900511 0.424769 0.0930126
    outer loop
      vertex -10.4584 -5.15884 6
      vertex -9.95613 -4.90982 0
      vertex -10.4589 -5.15778 6
    endloop
  endfacet
  facet normal 0.878098 0.469359 0.092987
    outer loop
      vertex -9.95613 -4.90982 0
      vertex -10.4584 -5.15884 6
      vertex -9.61429 -5.54935 0
    endloop
  endfacet
  facet normal 0.982351 0.16229 0.0929916
    outer loop
      vertex -11.4377 -2.27387 6
      vertex -10.8876 -2.16568 0
      vertex -11.0058 -1.45021 0
    endloop
  endfacet
  facet normal 0.981895 0.165024 0.0929991
    outer loop
      vertex -10.8876 -2.16568 0
      vertex -11.4377 -2.27387 6
      vertex -11.4375 -2.27506 6
    endloop
  endfacet
  facet normal 0.525775 0.845526 0.0929827
    outer loop
      vertex -6.16735 -9.23009 0
      vertex -6.47779 -9.69687 6
      vertex -5.55154 -9.61302 0
    endloop
  endfacet
  facet normal 0.519526 0.849383 0.0929594
    outer loop
      vertex -6.47779 -9.69687 6
      vertex -6.16735 -9.23009 0
      vertex -6.47882 -9.69624 6
    endloop
  endfacet
  facet normal 0.247301 0.964475 0.0929024
    outer loop
      vertex -2.16568 -10.8876 0
      vertex -2.27623 -11.4372 6
      vertex -2.27506 -11.4375 6
    endloop
  endfacet
  facet normal 0.226005 0.969678 0.0929866
    outer loop
      vertex -2.27623 -11.4372 6
      vertex -2.16568 -10.8876 0
      vertex -2.8719 -10.723 0
    endloop
  endfacet
  facet normal 0.992234 -0.0826862 0.0929224
    outer loop
      vertex -11.5619 1.52094 6
      vertex -11.006 1.44896 0
      vertex -11.5618 1.52214 6
    endloop
  endfacet
  facet normal 0.990884 -0.097487 0.092975
    outer loop
      vertex -11.006 1.44896 0
      vertex -11.5619 1.52094 6
      vertex -11.077 0.727297 0
    endloop
  endfacet
  facet normal 0.982372 -0.162176 0.0929773
    outer loop
      vertex -11.5618 1.52214 6
      vertex -11.0058 1.45021 0
      vertex -11.4377 2.27387 6
    endloop
  endfacet
  facet normal 0.983162 -0.157306 0.0929922
    outer loop
      vertex -11.0058 1.45021 0
      vertex -11.5618 1.52214 6
      vertex -11.006 1.44896 0
    endloop
  endfacet
  facet normal 0.967309 -0.235929 0.0930052
    outer loop
      vertex -11.2642 3.01823 6
      vertex -10.723 2.8719 0
      vertex -10.7227 2.87313 0
    endloop
  endfacet
  facet normal 0.969661 -0.22608 0.0929772
    outer loop
      vertex -10.723 2.8719 0
      vertex -11.2642 3.01823 6
      vertex -11.4372 2.27623 6
    endloop
  endfacet
  facet normal 0.963949 -0.249297 0.0930252
    outer loop
      vertex -10.7227 2.87313 0
      vertex -11.2639 3.01939 6
      vertex -11.2642 3.01823 6
    endloop
  endfacet
  facet normal 0.952796 -0.289021 0.0929876
    outer loop
      vertex -11.2639 3.01939 6
      vertex -10.7227 2.87313 0
      vertex -10.5122 3.56707 0
    endloop
  endfacet
  facet normal 0.76966 -0.631647 0.0929835
    outer loop
      vertex -9.25174 7.09911 6
      vertex -8.80616 6.7588 0
      vertex -8.76839 7.68807 6
    endloop
  endfacet
  facet normal 0.771305 -0.629636 0.0929916
    outer loop
      vertex -8.80616 6.7588 0
      vertex -9.25174 7.09911 6
      vertex -8.80696 6.75782 0
    endloop
  endfacet
  facet normal 0.809326 -0.579953 0.092984
    outer loop
      vertex -9.69553 6.4798 6
      vertex -8.80696 6.75782 0
      vertex -9.25174 7.09911 6
    endloop
  endfacet
  facet normal 0.808625 -0.580954 0.0928339
    outer loop
      vertex -8.80696 6.75782 0
      vertex -9.69553 6.4798 6
      vertex -8.8077 6.75679 0
    endloop
  endfacet
  facet normal 0.849383 -0.519526 0.0929594
    outer loop
      vertex -9.69687 6.47779 6
      vertex -9.23009 6.16735 0
      vertex -9.69624 6.47882 6
    endloop
  endfacet
  facet normal 0.845526 -0.525775 0.0929827
    outer loop
      vertex -9.23009 6.16735 0
      vertex -9.69687 6.47779 6
      vertex -9.61302 5.55154 0
    endloop
  endfacet
  facet normal 0.165024 -0.981895 0.0929991
    outer loop
      vertex -2.16568 10.8876 0
      vertex -2.27387 11.4377 6
      vertex -2.27506 11.4375 6
    endloop
  endfacet
  facet normal 0.16229 -0.982351 0.0929916
    outer loop
      vertex -2.27387 11.4377 6
      vertex -2.16568 10.8876 0
      vertex -1.45021 11.0058 0
    endloop
  endfacet
  facet normal 0.470176 -0.877661 0.0929847
    outer loop
      vertex -5.54935 9.61429 0
      vertex -5.83078 10.0992 6
      vertex -5.55047 9.61369 0
    endloop
  endfacet
  facet normal 0.469396 -0.878079 0.0929819
    outer loop
      vertex -5.83078 10.0992 6
      vertex -5.54935 9.61429 0
      vertex -5.15884 10.4584 6
    endloop
  endfacet
  facet normal 0.525774 -0.845527 0.0929826
    outer loop
      vertex -5.55154 9.61302 0
      vertex -5.83078 10.0992 6
      vertex -6.47779 9.69687 6
    endloop
  endfacet
  facet normal 0.528412 -0.843882 0.0929721
    outer loop
      vertex -5.83078 10.0992 6
      vertex -5.55154 9.61302 0
      vertex -5.55047 9.61369 0
    endloop
  endfacet
  facet normal 0.58419 -0.806346 0.0923473
    outer loop
      vertex -6.75679 8.8077 0
      vertex -6.47882 9.69624 6
      vertex -6.4798 9.69553 6
    endloop
  endfacet
  facet normal 0.579957 -0.809323 0.0929842
    outer loop
      vertex -6.47882 9.69624 6
      vertex -6.75679 8.8077 0
      vertex -6.16735 9.23009 0
    endloop
  endfacet
  facet normal -0.097487 -0.990884 0.092975
    outer loop
      vertex 1.44896 11.006 0
      vertex 1.52094 11.5619 6
      vertex 0.727297 11.077 0
    endloop
  endfacet
  facet normal -0.0826862 -0.992234 0.0929224
    outer loop
      vertex 1.52094 11.5619 6
      vertex 1.44896 11.006 0
      vertex 1.52214 11.5618 6
    endloop
  endfacet
  facet normal -0.157306 -0.983162 0.0929922
    outer loop
      vertex 1.45021 11.0058 0
      vertex 1.52214 11.5618 6
      vertex 1.44896 11.006 0
    endloop
  endfacet
  facet normal -0.162176 -0.982372 0.0929773
    outer loop
      vertex 1.52214 11.5618 6
      vertex 1.45021 11.0058 0
      vertex 2.27387 11.4377 6
    endloop
  endfacet
  facet normal -0.22608 -0.969661 0.0929772
    outer loop
      vertex 2.8719 10.723 0
      vertex 3.01823 11.2642 6
      vertex 2.27623 11.4372 6
    endloop
  endfacet
  facet normal -0.235929 -0.967309 0.0930052
    outer loop
      vertex 3.01823 11.2642 6
      vertex 2.8719 10.723 0
      vertex 2.87313 10.7227 0
    endloop
  endfacet
  facet normal -0.249297 -0.963949 0.0930252
    outer loop
      vertex 2.87313 10.7227 0
      vertex 3.01939 11.2639 6
      vertex 3.01823 11.2642 6
    endloop
  endfacet
  facet normal -0.289021 -0.952796 0.0929876
    outer loop
      vertex 3.01939 11.2639 6
      vertex 2.87313 10.7227 0
      vertex 3.56707 10.5122 0
    endloop
  endfacet
  facet normal -0.629636 -0.771305 0.0929916
    outer loop
      vertex 6.7588 8.80616 0
      vertex 7.09911 9.25174 6
      vertex 6.75782 8.80696 0
    endloop
  endfacet
  facet normal -0.631647 -0.76966 0.0929835
    outer loop
      vertex 7.09911 9.25174 6
      vertex 6.7588 8.80616 0
      vertex 7.68807 8.76839 6
    endloop
  endfacet
  facet normal -0.580954 -0.808625 0.0928339
    outer loop
      vertex 6.75782 8.80696 0
      vertex 6.4798 9.69553 6
      vertex 6.75679 8.8077 0
    endloop
  endfacet
  facet normal -0.579953 -0.809326 0.092984
    outer loop
      vertex 6.4798 9.69553 6
      vertex 6.75782 8.80696 0
      vertex 7.09911 9.25174 6
    endloop
  endfacet
  facet normal -0.525775 -0.845526 0.0929827
    outer loop
      vertex 6.16735 9.23009 0
      vertex 6.47779 9.69687 6
      vertex 5.55154 9.61302 0
    endloop
  endfacet
  facet normal -0.519526 -0.849383 0.0929594
    outer loop
      vertex 6.47779 9.69687 6
      vertex 6.16735 9.23009 0
      vertex 6.47882 9.69624 6
    endloop
  endfacet
  facet normal -0.877661 -0.470176 0.0929847
    outer loop
      vertex 9.61429 5.54935 0
      vertex 10.0992 5.83078 6
      vertex 9.61369 5.55047 0
    endloop
  endfacet
  facet normal -0.878079 -0.469396 0.0929819
    outer loop
      vertex 10.0992 5.83078 6
      vertex 9.61429 5.54935 0
      vertex 10.4584 5.15884 6
    endloop
  endfacet
  facet normal -0.878098 -0.469359 0.092987
    outer loop
      vertex 9.95613 4.90982 0
      vertex 10.4584 5.15884 6
      vertex 9.61429 5.54935 0
    endloop
  endfacet
  facet normal -0.900511 -0.424769 0.0930126
    outer loop
      vertex 10.4584 5.15884 6
      vertex 9.95613 4.90982 0
      vertex 10.4589 5.15778 6
    endloop
  endfacet
  facet normal -0.964475 0.247301 0.0929024
    outer loop
      vertex 10.8876 -2.16568 0
      vertex 11.4372 -2.27623 6
      vertex 11.4375 -2.27506 6
    endloop
  endfacet
  facet normal -0.969678 0.226005 0.0929866
    outer loop
      vertex 11.4372 -2.27623 6
      vertex 10.8876 -2.16568 0
      vertex 10.723 -2.8719 0
    endloop
  endfacet
  facet normal 0.845526 0.525775 0.0929827
    outer loop
      vertex -9.69687 -6.47779 6
      vertex -9.23009 -6.16735 0
      vertex -9.61302 -5.55154 0
    endloop
  endfacet
  facet normal 0.849383 0.519526 0.0929594
    outer loop
      vertex -9.23009 -6.16735 0
      vertex -9.69687 -6.47779 6
      vertex -9.69624 -6.47882 6
    endloop
  endfacet
  facet normal 0.964475 -0.247301 0.0929024
    outer loop
      vertex -10.8876 2.16568 0
      vertex -11.4372 2.27623 6
      vertex -11.4375 2.27506 6
    endloop
  endfacet
  facet normal 0.969678 -0.226005 0.0929866
    outer loop
      vertex -11.4372 2.27623 6
      vertex -10.8876 2.16568 0
      vertex -10.723 2.8719 0
    endloop
  endfacet
  facet normal -0.247301 -0.964475 0.0929024
    outer loop
      vertex 2.16568 10.8876 0
      vertex 2.27623 11.4372 6
      vertex 2.27506 11.4375 6
    endloop
  endfacet
  facet normal -0.226005 -0.969678 0.0929866
    outer loop
      vertex 2.27623 11.4372 6
      vertex 2.16568 10.8876 0
      vertex 2.8719 10.723 0
    endloop
  endfacet
  facet normal -0.849383 -0.519526 0.0929594
    outer loop
      vertex 9.23009 6.16735 0
      vertex 9.69687 6.47779 6
      vertex 9.69624 6.47882 6
    endloop
  endfacet
  facet normal -0.845526 -0.525775 0.0929827
    outer loop
      vertex 9.69687 6.47779 6
      vertex 9.23009 6.16735 0
      vertex 9.61302 5.55154 0
    endloop
  endfacet
endsolid OpenSCAD_Model
