solid OpenSCAD_Model
  facet normal -0.910858 -0.412721 0
    outer loop
      vertex 34.3221 14.2167 0
      vertex 34.21 14.4641 10
      vertex 34.21 14.4641 0
    endloop
  endfacet
  facet normal -0.910858 -0.412721 0
    outer loop
      vertex 34.21 14.4641 10
      vertex 34.3221 14.2167 0
      vertex 34.3221 14.2167 10
    endloop
  endfacet
  facet normal 0.352132 -0.93595 0
    outer loop
      vertex 28.8999 16.4627 0
      vertex 29.154 16.5583 10
      vertex 28.8999 16.4627 10
    endloop
  endfacet
  facet normal 0.352132 -0.93595 0
    outer loop
      vertex 29.154 16.5583 10
      vertex 28.8999 16.4627 0
      vertex 29.154 16.5583 0
    endloop
  endfacet
  facet normal -0.412859 -0.910795 0
    outer loop
      vertex 32.0762 16.4627 0
      vertex 32.3235 16.3506 10
      vertex 32.0762 16.4627 10
    endloop
  endfacet
  facet normal -0.412859 -0.910795 -0
    outer loop
      vertex 32.3235 16.3506 10
      vertex 32.0762 16.4627 0
      vertex 32.3235 16.3506 0
    endloop
  endfacet
  facet normal 0.910858 -0.412721 0
    outer loop
      vertex 26.6539 14.2167 10
      vertex 26.766 14.4641 0
      vertex 26.766 14.4641 10
    endloop
  endfacet
  facet normal 0.910858 -0.412721 0
    outer loop
      vertex 26.766 14.4641 0
      vertex 26.6539 14.2167 10
      vertex 26.6539 14.2167 0
    endloop
  endfacet
  facet normal 0.683721 -0.729744 0
    outer loop
      vertex 27.5535 15.563 0
      vertex 27.7517 15.7487 10
      vertex 27.5535 15.563 10
    endloop
  endfacet
  facet normal 0.683721 -0.729744 0
    outer loop
      vertex 27.7517 15.7487 10
      vertex 27.5535 15.563 0
      vertex 27.7517 15.7487 0
    endloop
  endfacet
  facet normal -0.683721 -0.729744 0
    outer loop
      vertex 33.2243 15.7487 0
      vertex 33.4225 15.563 10
      vertex 33.2243 15.7487 10
    endloop
  endfacet
  facet normal -0.683721 -0.729744 -0
    outer loop
      vertex 33.4225 15.563 10
      vertex 33.2243 15.7487 0
      vertex 33.4225 15.563 0
    endloop
  endfacet
  facet normal -0.0327753 -0.999463 0
    outer loop
      vertex 30.488 16.7786 0
      vertex 30.7594 16.7697 10
      vertex 30.488 16.7786 10
    endloop
  endfacet
  facet normal -0.0327753 -0.999463 -0
    outer loop
      vertex 30.7594 16.7697 10
      vertex 30.488 16.7786 0
      vertex 30.7594 16.7697 0
    endloop
  endfacet
  facet normal -0.227171 -0.973855 0
    outer loop
      vertex 31.2976 16.6988 0
      vertex 31.5621 16.6371 10
      vertex 31.2976 16.6988 10
    endloop
  endfacet
  facet normal -0.227171 -0.973855 -0
    outer loop
      vertex 31.5621 16.6371 10
      vertex 31.2976 16.6988 0
      vertex 31.5621 16.6371 0
    endloop
  endfacet
  facet normal 0.999463 -0.0327753 0
    outer loop
      vertex 26.338 12.6286 10
      vertex 26.3469 12.9 0
      vertex 26.3469 12.9 10
    endloop
  endfacet
  facet normal 0.999463 -0.0327753 0
    outer loop
      vertex 26.3469 12.9 0
      vertex 26.338 12.6286 10
      vertex 26.338 12.6286 0
    endloop
  endfacet
  facet normal 0.528078 -0.849196 0
    outer loop
      vertex 28.1824 16.0792 0
      vertex 28.413 16.2226 10
      vertex 28.1824 16.0792 10
    endloop
  endfacet
  facet normal 0.528078 -0.849196 0
    outer loop
      vertex 28.413 16.2226 10
      vertex 28.1824 16.0792 0
      vertex 28.413 16.2226 0
    endloop
  endfacet
  facet normal -0.999463 -0.0327753 0
    outer loop
      vertex 34.638 12.6286 0
      vertex 34.6291 12.9 10
      vertex 34.6291 12.9 0
    endloop
  endfacet
  facet normal -0.999463 -0.0327753 0
    outer loop
      vertex 34.6291 12.9 10
      vertex 34.638 12.6286 0
      vertex 34.638 12.6286 10
    endloop
  endfacet
  facet normal -0.812762 -0.582596 0
    outer loop
      vertex 33.9386 14.9342 0
      vertex 33.7804 15.1549 10
      vertex 33.7804 15.1549 0
    endloop
  endfacet
  facet normal -0.812762 -0.582596 0
    outer loop
      vertex 33.7804 15.1549 10
      vertex 33.9386 14.9342 0
      vertex 33.9386 14.9342 10
    endloop
  endfacet
  facet normal -0.77312 -0.63426 0
    outer loop
      vertex 33.7804 15.1549 0
      vertex 33.6082 15.3648 10
      vertex 33.6082 15.3648 0
    endloop
  endfacet
  facet normal -0.77312 -0.63426 0
    outer loop
      vertex 33.6082 15.3648 10
      vertex 33.7804 15.1549 0
      vertex 33.7804 15.1549 10
    endloop
  endfacet
  facet normal -0.582422 -0.812887 0
    outer loop
      vertex 32.7936 16.0792 0
      vertex 33.0144 15.921 10
      vertex 32.7936 16.0792 10
    endloop
  endfacet
  facet normal -0.582422 -0.812887 -0
    outer loop
      vertex 33.0144 15.921 10
      vertex 32.7936 16.0792 0
      vertex 33.0144 15.921 0
    endloop
  endfacet
  facet normal -0.528078 -0.849196 0
    outer loop
      vertex 32.563 16.2226 0
      vertex 32.7936 16.0792 10
      vertex 32.563 16.2226 10
    endloop
  endfacet
  facet normal -0.528078 -0.849196 -0
    outer loop
      vertex 32.7936 16.0792 10
      vertex 32.563 16.2226 0
      vertex 32.7936 16.0792 0
    endloop
  endfacet
  facet normal -0.63448 -0.772939 0
    outer loop
      vertex 33.0144 15.921 0
      vertex 33.2243 15.7487 10
      vertex 33.0144 15.921 10
    endloop
  endfacet
  facet normal -0.63448 -0.772939 -0
    outer loop
      vertex 33.2243 15.7487 10
      vertex 33.0144 15.921 0
      vertex 33.2243 15.7487 0
    endloop
  endfacet
  facet normal 0.162786 -0.986661 0
    outer loop
      vertex 29.6784 16.6988 0
      vertex 29.9463 16.743 10
      vertex 29.6784 16.6988 10
    endloop
  endfacet
  facet normal 0.162786 -0.986661 0
    outer loop
      vertex 29.9463 16.743 10
      vertex 29.6784 16.6988 0
      vertex 29.9463 16.743 0
    endloop
  endfacet
  facet normal 0.0327753 -0.999463 0
    outer loop
      vertex 30.2166 16.7697 0
      vertex 30.488 16.7786 10
      vertex 30.2166 16.7697 10
    endloop
  endfacet
  facet normal 0.0327753 -0.999463 0
    outer loop
      vertex 30.488 16.7786 10
      vertex 30.2166 16.7697 0
      vertex 30.488 16.7786 0
    endloop
  endfacet
  facet normal 0.227171 -0.973855 0
    outer loop
      vertex 29.4139 16.6371 0
      vertex 29.6784 16.6988 10
      vertex 29.4139 16.6371 10
    endloop
  endfacet
  facet normal 0.227171 -0.973855 0
    outer loop
      vertex 29.6784 16.6988 10
      vertex 29.4139 16.6371 0
      vertex 29.6784 16.6988 0
    endloop
  endfacet
  facet normal -0.29015 -0.956981 0
    outer loop
      vertex 31.5621 16.6371 0
      vertex 31.822 16.5583 10
      vertex 31.5621 16.6371 10
    endloop
  endfacet
  facet normal -0.29015 -0.956981 -0
    outer loop
      vertex 31.822 16.5583 10
      vertex 31.5621 16.6371 0
      vertex 31.822 16.5583 0
    endloop
  endfacet
  facet normal 0.973936 -0.226822 0
    outer loop
      vertex 26.4178 13.4382 10
      vertex 26.4794 13.7027 0
      vertex 26.4794 13.7027 10
    endloop
  endfacet
  facet normal 0.973936 -0.226822 0
    outer loop
      vertex 26.4794 13.7027 0
      vertex 26.4178 13.4382 10
      vertex 26.4178 13.4382 0
    endloop
  endfacet
  facet normal 0.935996 -0.352011 0
    outer loop
      vertex 26.5583 13.9625 10
      vertex 26.6539 14.2167 0
      vertex 26.6539 14.2167 10
    endloop
  endfacet
  facet normal 0.935996 -0.352011 0
    outer loop
      vertex 26.6539 14.2167 0
      vertex 26.5583 13.9625 10
      vertex 26.5583 13.9625 0
    endloop
  endfacet
  facet normal 0.986612 -0.163085 0
    outer loop
      vertex 26.3735 13.1702 10
      vertex 26.4178 13.4382 0
      vertex 26.4178 13.4382 10
    endloop
  endfacet
  facet normal 0.986612 -0.163085 0
    outer loop
      vertex 26.4178 13.4382 0
      vertex 26.3735 13.1702 10
      vertex 26.3735 13.1702 0
    endloop
  endfacet
  facet normal 0.812762 -0.582596 0
    outer loop
      vertex 27.0374 14.9342 10
      vertex 27.1956 15.1549 0
      vertex 27.1956 15.1549 10
    endloop
  endfacet
  facet normal 0.812762 -0.582596 0
    outer loop
      vertex 27.1956 15.1549 0
      vertex 27.0374 14.9342 10
      vertex 27.0374 14.9342 0
    endloop
  endfacet
  facet normal 0.729928 -0.683525 0
    outer loop
      vertex 27.3679 15.3648 10
      vertex 27.5535 15.563 0
      vertex 27.5535 15.563 10
    endloop
  endfacet
  facet normal 0.729928 -0.683525 0
    outer loop
      vertex 27.5535 15.563 0
      vertex 27.3679 15.3648 10
      vertex 27.3679 15.3648 0
    endloop
  endfacet
  facet normal 0.849196 -0.528078 0
    outer loop
      vertex 26.894 14.7036 10
      vertex 27.0374 14.9342 0
      vertex 27.0374 14.9342 10
    endloop
  endfacet
  facet normal 0.849196 -0.528078 0
    outer loop
      vertex 27.0374 14.9342 0
      vertex 26.894 14.7036 10
      vertex 26.894 14.7036 0
    endloop
  endfacet
  facet normal 0.412721 -0.910858 0
    outer loop
      vertex 28.6525 16.3506 0
      vertex 28.8999 16.4627 10
      vertex 28.6525 16.3506 10
    endloop
  endfacet
  facet normal 0.412721 -0.910858 0
    outer loop
      vertex 28.8999 16.4627 10
      vertex 28.6525 16.3506 0
      vertex 28.8999 16.4627 0
    endloop
  endfacet
  facet normal -0.812762 0.582596 0
    outer loop
      vertex 33.7804 10.1022 0
      vertex 33.9386 10.3229 10
      vertex 33.9386 10.3229 0
    endloop
  endfacet
  facet normal -0.812762 0.582596 0
    outer loop
      vertex 33.9386 10.3229 10
      vertex 33.7804 10.1022 0
      vertex 33.7804 10.1022 10
    endloop
  endfacet
  facet normal -0.729761 0.683702 0
    outer loop
      vertex 33.4225 9.69406 0
      vertex 33.6082 9.89227 10
      vertex 33.6082 9.89227 0
    endloop
  endfacet
  facet normal -0.729761 0.683702 0
    outer loop
      vertex 33.6082 9.89227 10
      vertex 33.4225 9.69406 0
      vertex 33.4225 9.69406 10
    endloop
  endfacet
  facet normal -0.973855 -0.227171 0
    outer loop
      vertex 34.5583 13.4382 0
      vertex 34.4966 13.7027 10
      vertex 34.4966 13.7027 0
    endloop
  endfacet
  facet normal -0.973855 -0.227171 0
    outer loop
      vertex 34.4966 13.7027 10
      vertex 34.5583 13.4382 0
      vertex 34.5583 13.4382 10
    endloop
  endfacet
  facet normal -0.95695 -0.290253 0
    outer loop
      vertex 34.4966 13.7027 0
      vertex 34.4178 13.9625 10
      vertex 34.4178 13.9625 0
    endloop
  endfacet
  facet normal -0.95695 -0.290253 0
    outer loop
      vertex 34.4178 13.9625 10
      vertex 34.4966 13.7027 0
      vertex 34.4966 13.7027 10
    endloop
  endfacet
  facet normal 0.227067 0.973879 -0
    outer loop
      vertex 29.6784 8.55829 0
      vertex 29.4139 8.61996 10
      vertex 29.6784 8.55829 10
    endloop
  endfacet
  facet normal 0.227067 0.973879 0
    outer loop
      vertex 29.4139 8.61996 10
      vertex 29.6784 8.55829 0
      vertex 29.4139 8.61996 0
    endloop
  endfacet
  facet normal 0.352326 0.935877 -0
    outer loop
      vertex 29.154 8.69879 0
      vertex 28.8999 8.79445 10
      vertex 29.154 8.69879 10
    endloop
  endfacet
  facet normal 0.352326 0.935877 0
    outer loop
      vertex 28.8999 8.79445 10
      vertex 29.154 8.69879 0
      vertex 28.8999 8.79445 0
    endloop
  endfacet
  facet normal 0.162894 0.986644 -0
    outer loop
      vertex 29.9463 8.51406 0
      vertex 29.6784 8.55829 10
      vertex 29.9463 8.51406 10
    endloop
  endfacet
  facet normal 0.162894 0.986644 0
    outer loop
      vertex 29.6784 8.55829 10
      vertex 29.9463 8.51406 0
      vertex 29.6784 8.55829 0
    endloop
  endfacet
  facet normal 0.683603 0.729854 -0
    outer loop
      vertex 27.7517 9.50842 0
      vertex 27.5535 9.69406 10
      vertex 27.7517 9.50842 10
    endloop
  endfacet
  facet normal 0.683603 0.729854 0
    outer loop
      vertex 27.5535 9.69406 10
      vertex 27.7517 9.50842 0
      vertex 27.5535 9.69406 0
    endloop
  endfacet
  facet normal 0.910795 0.412859 0
    outer loop
      vertex 26.766 10.7931 10
      vertex 26.6539 11.0404 0
      vertex 26.6539 11.0404 10
    endloop
  endfacet
  facet normal 0.910795 0.412859 0
    outer loop
      vertex 26.6539 11.0404 0
      vertex 26.766 10.7931 10
      vertex 26.766 10.7931 0
    endloop
  endfacet
  facet normal -0.849196 -0.528078 0
    outer loop
      vertex 34.082 14.7036 0
      vertex 33.9386 14.9342 10
      vertex 33.9386 14.9342 0
    endloop
  endfacet
  facet normal -0.849196 -0.528078 0
    outer loop
      vertex 33.9386 14.9342 10
      vertex 34.082 14.7036 0
      vertex 34.082 14.7036 10
    endloop
  endfacet
  facet normal -0.881945 -0.471353 0
    outer loop
      vertex 34.21 14.4641 0
      vertex 34.082 14.7036 10
      vertex 34.082 14.7036 0
    endloop
  endfacet
  facet normal -0.881945 -0.471353 0
    outer loop
      vertex 34.082 14.7036 10
      vertex 34.21 14.4641 0
      vertex 34.21 14.4641 10
    endloop
  endfacet
  facet normal -0.729744 -0.683721 0
    outer loop
      vertex 33.6082 15.3648 0
      vertex 33.4225 15.563 10
      vertex 33.4225 15.563 0
    endloop
  endfacet
  facet normal -0.729744 -0.683721 0
    outer loop
      vertex 33.4225 15.563 10
      vertex 33.6082 15.3648 0
      vertex 33.6082 15.3648 10
    endloop
  endfacet
  facet normal -0.471353 -0.881945 0
    outer loop
      vertex 32.3235 16.3506 0
      vertex 32.563 16.2226 10
      vertex 32.3235 16.3506 10
    endloop
  endfacet
  facet normal -0.471353 -0.881945 -0
    outer loop
      vertex 32.563 16.2226 10
      vertex 32.3235 16.3506 0
      vertex 32.563 16.2226 0
    endloop
  endfacet
  facet normal 0.0983007 -0.995157 0
    outer loop
      vertex 29.9463 16.743 0
      vertex 30.2166 16.7697 10
      vertex 29.9463 16.743 10
    endloop
  endfacet
  facet normal 0.0983007 -0.995157 0
    outer loop
      vertex 30.2166 16.7697 10
      vertex 29.9463 16.743 0
      vertex 30.2166 16.7697 0
    endloop
  endfacet
  facet normal 0.29015 -0.956981 0
    outer loop
      vertex 29.154 16.5583 0
      vertex 29.4139 16.6371 10
      vertex 29.154 16.5583 10
    endloop
  endfacet
  facet normal 0.29015 -0.956981 0
    outer loop
      vertex 29.4139 16.6371 10
      vertex 29.154 16.5583 0
      vertex 29.4139 16.6371 0
    endloop
  endfacet
  facet normal -0.162786 -0.986661 0
    outer loop
      vertex 31.0297 16.743 0
      vertex 31.2976 16.6988 10
      vertex 31.0297 16.743 10
    endloop
  endfacet
  facet normal -0.162786 -0.986661 -0
    outer loop
      vertex 31.2976 16.6988 10
      vertex 31.0297 16.743 0
      vertex 31.2976 16.6988 0
    endloop
  endfacet
  facet normal -0.0983007 -0.995157 0
    outer loop
      vertex 30.7594 16.7697 0
      vertex 31.0297 16.743 10
      vertex 30.7594 16.7697 10
    endloop
  endfacet
  facet normal -0.0983007 -0.995157 -0
    outer loop
      vertex 31.0297 16.743 10
      vertex 30.7594 16.7697 0
      vertex 31.0297 16.743 0
    endloop
  endfacet
  facet normal -0.352011 -0.935996 0
    outer loop
      vertex 31.822 16.5583 0
      vertex 32.0762 16.4627 10
      vertex 31.822 16.5583 10
    endloop
  endfacet
  facet normal -0.352011 -0.935996 -0
    outer loop
      vertex 32.0762 16.4627 10
      vertex 31.822 16.5583 0
      vertex 32.0762 16.4627 0
    endloop
  endfacet
  facet normal 0.956848 -0.29059 0
    outer loop
      vertex 26.4794 13.7027 10
      vertex 26.5583 13.9625 0
      vertex 26.5583 13.9625 10
    endloop
  endfacet
  facet normal 0.956848 -0.29059 0
    outer loop
      vertex 26.5583 13.9625 0
      vertex 26.4794 13.7027 10
      vertex 26.4794 13.7027 0
    endloop
  endfacet
  facet normal 0.995189 -0.097972 0
    outer loop
      vertex 26.3469 12.9 10
      vertex 26.3735 13.1702 0
      vertex 26.3735 13.1702 10
    endloop
  endfacet
  facet normal 0.995189 -0.097972 0
    outer loop
      vertex 26.3735 13.1702 0
      vertex 26.3469 12.9 10
      vertex 26.3469 12.9 0
    endloop
  endfacet
  facet normal 0.999463 0.0327632 0
    outer loop
      vertex 26.3469 12.3571 10
      vertex 26.338 12.6286 0
      vertex 26.338 12.6286 10
    endloop
  endfacet
  facet normal 0.999463 0.0327632 0
    outer loop
      vertex 26.338 12.6286 0
      vertex 26.3469 12.3571 10
      vertex 26.3469 12.3571 0
    endloop
  endfacet
  facet normal 0.986612 0.163085 0
    outer loop
      vertex 26.4178 11.8189 10
      vertex 26.3735 12.0869 0
      vertex 26.3735 12.0869 10
    endloop
  endfacet
  facet normal 0.986612 0.163085 0
    outer loop
      vertex 26.3735 12.0869 0
      vertex 26.4178 11.8189 10
      vertex 26.4178 11.8189 0
    endloop
  endfacet
  facet normal 0.973917 0.226904 0
    outer loop
      vertex 26.4794 11.5545 10
      vertex 26.4178 11.8189 0
      vertex 26.4178 11.8189 10
    endloop
  endfacet
  facet normal 0.973917 0.226904 0
    outer loop
      vertex 26.4178 11.8189 0
      vertex 26.4794 11.5545 10
      vertex 26.4794 11.5545 0
    endloop
  endfacet
  facet normal 0.935996 0.352011 0
    outer loop
      vertex 26.6539 11.0404 10
      vertex 26.5583 11.2946 0
      vertex 26.5583 11.2946 10
    endloop
  endfacet
  facet normal 0.935996 0.352011 0
    outer loop
      vertex 26.5583 11.2946 0
      vertex 26.6539 11.0404 10
      vertex 26.6539 11.0404 0
    endloop
  endfacet
  facet normal 0.772939 -0.63448 0
    outer loop
      vertex 27.1956 15.1549 10
      vertex 27.3679 15.3648 0
      vertex 27.3679 15.3648 10
    endloop
  endfacet
  facet normal 0.772939 -0.63448 0
    outer loop
      vertex 27.3679 15.3648 0
      vertex 27.1956 15.1549 10
      vertex 27.1956 15.1549 0
    endloop
  endfacet
  facet normal 0.881945 -0.471353 0
    outer loop
      vertex 26.766 14.4641 10
      vertex 26.894 14.7036 0
      vertex 26.894 14.7036 10
    endloop
  endfacet
  facet normal 0.881945 -0.471353 0
    outer loop
      vertex 26.894 14.7036 0
      vertex 26.766 14.4641 10
      vertex 26.766 14.4641 0
    endloop
  endfacet
  facet normal 0.582596 -0.812762 0
    outer loop
      vertex 27.9617 15.921 0
      vertex 28.1824 16.0792 10
      vertex 27.9617 15.921 10
    endloop
  endfacet
  facet normal 0.582596 -0.812762 0
    outer loop
      vertex 28.1824 16.0792 10
      vertex 27.9617 15.921 0
      vertex 28.1824 16.0792 0
    endloop
  endfacet
  facet normal 0.6343 -0.773087 0
    outer loop
      vertex 27.7517 15.7487 0
      vertex 27.9617 15.921 10
      vertex 27.7517 15.7487 10
    endloop
  endfacet
  facet normal 0.6343 -0.773087 0
    outer loop
      vertex 27.9617 15.921 10
      vertex 27.7517 15.7487 0
      vertex 27.9617 15.921 0
    endloop
  endfacet
  facet normal 0.471353 -0.881945 0
    outer loop
      vertex 28.413 16.2226 0
      vertex 28.6525 16.3506 10
      vertex 28.413 16.2226 10
    endloop
  endfacet
  facet normal 0.471353 -0.881945 0
    outer loop
      vertex 28.6525 16.3506 10
      vertex 28.413 16.2226 0
      vertex 28.6525 16.3506 0
    endloop
  endfacet
  facet normal -0.935874 -0.352334 0
    outer loop
      vertex 34.4178 13.9625 0
      vertex 34.3221 14.2167 10
      vertex 34.3221 14.2167 0
    endloop
  endfacet
  facet normal -0.935874 -0.352334 0
    outer loop
      vertex 34.3221 14.2167 10
      vertex 34.4178 13.9625 0
      vertex 34.4178 13.9625 10
    endloop
  endfacet
  facet normal -0.412798 0.910823 0
    outer loop
      vertex 32.3235 8.90653 0
      vertex 32.0762 8.79445 10
      vertex 32.3235 8.90653 10
    endloop
  endfacet
  facet normal -0.412798 0.910823 0
    outer loop
      vertex 32.0762 8.79445 10
      vertex 32.3235 8.90653 0
      vertex 32.0762 8.79445 0
    endloop
  endfacet
  facet normal -0.528078 0.849196 0
    outer loop
      vertex 32.7936 9.17795 0
      vertex 32.563 9.03455 10
      vertex 32.7936 9.17795 10
    endloop
  endfacet
  facet normal -0.528078 0.849196 0
    outer loop
      vertex 32.563 9.03455 10
      vertex 32.7936 9.17795 0
      vertex 32.563 9.03455 0
    endloop
  endfacet
  facet normal -0.683603 0.729854 0
    outer loop
      vertex 33.4225 9.69406 0
      vertex 33.2243 9.50842 10
      vertex 33.4225 9.69406 10
    endloop
  endfacet
  facet normal -0.683603 0.729854 0
    outer loop
      vertex 33.2243 9.50842 10
      vertex 33.4225 9.69406 0
      vertex 33.2243 9.50842 0
    endloop
  endfacet
  facet normal -0.582397 0.812904 0
    outer loop
      vertex 33.0144 9.33614 0
      vertex 32.7936 9.17795 10
      vertex 33.0144 9.33614 10
    endloop
  endfacet
  facet normal -0.582397 0.812904 0
    outer loop
      vertex 32.7936 9.17795 10
      vertex 33.0144 9.33614 0
      vertex 32.7936 9.17795 0
    endloop
  endfacet
  facet normal -0.849299 0.527913 0
    outer loop
      vertex 33.9386 10.3229 0
      vertex 34.082 10.5536 10
      vertex 34.082 10.5536 0
    endloop
  endfacet
  facet normal -0.849299 0.527913 0
    outer loop
      vertex 34.082 10.5536 10
      vertex 33.9386 10.3229 0
      vertex 33.9386 10.3229 10
    endloop
  endfacet
  facet normal -0.910795 0.412859 0
    outer loop
      vertex 34.21 10.7931 0
      vertex 34.3221 11.0404 10
      vertex 34.3221 11.0404 0
    endloop
  endfacet
  facet normal -0.910795 0.412859 0
    outer loop
      vertex 34.3221 11.0404 10
      vertex 34.21 10.7931 0
      vertex 34.21 10.7931 10
    endloop
  endfacet
  facet normal -0.773164 0.634206 0
    outer loop
      vertex 33.6082 9.89227 0
      vertex 33.7804 10.1022 10
      vertex 33.7804 10.1022 0
    endloop
  endfacet
  facet normal -0.773164 0.634206 0
    outer loop
      vertex 33.7804 10.1022 10
      vertex 33.6082 9.89227 0
      vertex 33.6082 9.89227 10
    endloop
  endfacet
  facet normal -0.935874 0.352334 0
    outer loop
      vertex 34.3221 11.0404 0
      vertex 34.4178 11.2946 10
      vertex 34.4178 11.2946 0
    endloop
  endfacet
  facet normal -0.935874 0.352334 0
    outer loop
      vertex 34.4178 11.2946 10
      vertex 34.3221 11.0404 0
      vertex 34.3221 11.0404 10
    endloop
  endfacet
  facet normal -0.973836 0.227253 0
    outer loop
      vertex 34.4966 11.5545 0
      vertex 34.5583 11.8189 10
      vertex 34.5583 11.8189 0
    endloop
  endfacet
  facet normal -0.973836 0.227253 0
    outer loop
      vertex 34.5583 11.8189 10
      vertex 34.4966 11.5545 0
      vertex 34.4966 11.5545 10
    endloop
  endfacet
  facet normal -0.999463 0.0327632 0
    outer loop
      vertex 34.6291 12.3571 0
      vertex 34.638 12.6286 10
      vertex 34.638 12.6286 0
    endloop
  endfacet
  facet normal -0.999463 0.0327632 0
    outer loop
      vertex 34.638 12.6286 10
      vertex 34.6291 12.3571 0
      vertex 34.6291 12.3571 10
    endloop
  endfacet
  facet normal -0.986671 0.162727 0
    outer loop
      vertex 34.5583 11.8189 0
      vertex 34.6025 12.0869 10
      vertex 34.6025 12.0869 0
    endloop
  endfacet
  facet normal -0.986671 0.162727 0
    outer loop
      vertex 34.6025 12.0869 10
      vertex 34.5583 11.8189 0
      vertex 34.5583 11.8189 10
    endloop
  endfacet
  facet normal -0.986671 -0.162727 0
    outer loop
      vertex 34.6025 13.1702 0
      vertex 34.5583 13.4382 10
      vertex 34.5583 13.4382 0
    endloop
  endfacet
  facet normal -0.986671 -0.162727 0
    outer loop
      vertex 34.5583 13.4382 10
      vertex 34.6025 13.1702 0
      vertex 34.6025 13.1702 10
    endloop
  endfacet
  facet normal -0.995189 -0.097972 0
    outer loop
      vertex 34.6291 12.9 0
      vertex 34.6025 13.1702 10
      vertex 34.6025 13.1702 0
    endloop
  endfacet
  facet normal -0.995189 -0.097972 0
    outer loop
      vertex 34.6025 13.1702 10
      vertex 34.6291 12.9 0
      vertex 34.6291 12.9 10
    endloop
  endfacet
  facet normal 0.290252 0.95695 -0
    outer loop
      vertex 29.4139 8.61996 0
      vertex 29.154 8.69879 10
      vertex 29.4139 8.61996 10
    endloop
  endfacet
  facet normal 0.290252 0.95695 0
    outer loop
      vertex 29.154 8.69879 10
      vertex 29.4139 8.61996 0
      vertex 29.154 8.69879 0
    endloop
  endfacet
  facet normal 0.098009 0.995186 -0
    outer loop
      vertex 30.2166 8.48744 0
      vertex 29.9463 8.51406 10
      vertex 30.2166 8.48744 10
    endloop
  endfacet
  facet normal 0.098009 0.995186 0
    outer loop
      vertex 29.9463 8.51406 10
      vertex 30.2166 8.48744 0
      vertex 29.9463 8.51406 0
    endloop
  endfacet
  facet normal -0.0327385 0.999464 0
    outer loop
      vertex 30.7594 8.48744 0
      vertex 30.488 8.47855 10
      vertex 30.7594 8.48744 10
    endloop
  endfacet
  facet normal -0.0327385 0.999464 0
    outer loop
      vertex 30.488 8.47855 10
      vertex 30.7594 8.48744 0
      vertex 30.488 8.47855 0
    endloop
  endfacet
  facet normal -0.162894 0.986644 0
    outer loop
      vertex 31.2976 8.55829 0
      vertex 31.0297 8.51406 10
      vertex 31.2976 8.55829 10
    endloop
  endfacet
  facet normal -0.162894 0.986644 0
    outer loop
      vertex 31.0297 8.51406 10
      vertex 31.2976 8.55829 0
      vertex 31.0297 8.51406 0
    endloop
  endfacet
  facet normal -0.227067 0.973879 0
    outer loop
      vertex 31.5621 8.61996 0
      vertex 31.2976 8.55829 10
      vertex 31.5621 8.61996 10
    endloop
  endfacet
  facet normal -0.227067 0.973879 0
    outer loop
      vertex 31.2976 8.55829 10
      vertex 31.5621 8.61996 0
      vertex 31.2976 8.55829 0
    endloop
  endfacet
  facet normal -0.352205 0.935923 0
    outer loop
      vertex 32.0762 8.79445 0
      vertex 31.822 8.69879 10
      vertex 32.0762 8.79445 10
    endloop
  endfacet
  facet normal -0.352205 0.935923 0
    outer loop
      vertex 31.822 8.69879 10
      vertex 32.0762 8.79445 0
      vertex 31.822 8.69879 0
    endloop
  endfacet
  facet normal 0.634256 0.773123 -0
    outer loop
      vertex 27.9617 9.33614 0
      vertex 27.7517 9.50842 10
      vertex 27.9617 9.33614 10
    endloop
  endfacet
  facet normal 0.634256 0.773123 0
    outer loop
      vertex 27.7517 9.50842 10
      vertex 27.9617 9.33614 0
      vertex 27.7517 9.50842 0
    endloop
  endfacet
  facet normal 0.528078 0.849196 -0
    outer loop
      vertex 28.413 9.03455 0
      vertex 28.1824 9.17795 10
      vertex 28.413 9.03455 10
    endloop
  endfacet
  facet normal 0.528078 0.849196 0
    outer loop
      vertex 28.1824 9.17795 10
      vertex 28.413 9.03455 0
      vertex 28.1824 9.17795 0
    endloop
  endfacet
  facet normal 0.41266 0.910885 -0
    outer loop
      vertex 28.8999 8.79445 0
      vertex 28.6525 8.90653 10
      vertex 28.8999 8.79445 10
    endloop
  endfacet
  facet normal 0.41266 0.910885 0
    outer loop
      vertex 28.6525 8.90653 10
      vertex 28.8999 8.79445 0
      vertex 28.6525 8.90653 0
    endloop
  endfacet
  facet normal 0.812762 0.582596 0
    outer loop
      vertex 27.1956 10.1022 10
      vertex 27.0374 10.3229 0
      vertex 27.0374 10.3229 10
    endloop
  endfacet
  facet normal 0.812762 0.582596 0
    outer loop
      vertex 27.0374 10.3229 0
      vertex 27.1956 10.1022 10
      vertex 27.1956 10.1022 0
    endloop
  endfacet
  facet normal 0.729945 0.683506 0
    outer loop
      vertex 27.5535 9.69406 10
      vertex 27.3679 9.89227 0
      vertex 27.3679 9.89227 10
    endloop
  endfacet
  facet normal 0.729945 0.683506 0
    outer loop
      vertex 27.3679 9.89227 0
      vertex 27.5535 9.69406 10
      vertex 27.5535 9.69406 0
    endloop
  endfacet
  facet normal 0.881945 0.471353 0
    outer loop
      vertex 26.894 10.5536 10
      vertex 26.766 10.7931 0
      vertex 26.766 10.7931 10
    endloop
  endfacet
  facet normal 0.881945 0.471353 0
    outer loop
      vertex 26.766 10.7931 0
      vertex 26.894 10.5536 10
      vertex 26.894 10.5536 0
    endloop
  endfacet
  facet normal 0.995189 0.097972 0
    outer loop
      vertex 26.3735 12.0869 10
      vertex 26.3469 12.3571 0
      vertex 26.3469 12.3571 10
    endloop
  endfacet
  facet normal 0.995189 0.097972 0
    outer loop
      vertex 26.3469 12.3571 0
      vertex 26.3735 12.0869 10
      vertex 26.3735 12.0869 0
    endloop
  endfacet
  facet normal 0.956879 0.290488 0
    outer loop
      vertex 26.5583 11.2946 10
      vertex 26.4794 11.5545 0
      vertex 26.4794 11.5545 10
    endloop
  endfacet
  facet normal 0.956879 0.290488 0
    outer loop
      vertex 26.4794 11.5545 0
      vertex 26.5583 11.2946 10
      vertex 26.5583 11.2946 0
    endloop
  endfacet
  facet normal -0.47141 0.881914 0
    outer loop
      vertex 32.563 9.03455 0
      vertex 32.3235 8.90653 10
      vertex 32.563 9.03455 10
    endloop
  endfacet
  facet normal -0.47141 0.881914 0
    outer loop
      vertex 32.3235 8.90653 10
      vertex 32.563 9.03455 0
      vertex 32.3235 8.90653 0
    endloop
  endfacet
  facet normal -0.634436 0.772975 0
    outer loop
      vertex 33.2243 9.50842 0
      vertex 33.0144 9.33614 10
      vertex 33.2243 9.50842 10
    endloop
  endfacet
  facet normal -0.634436 0.772975 0
    outer loop
      vertex 33.0144 9.33614 10
      vertex 33.2243 9.50842 0
      vertex 33.0144 9.33614 0
    endloop
  endfacet
  facet normal -0.881945 0.471353 0
    outer loop
      vertex 34.082 10.5536 0
      vertex 34.21 10.7931 10
      vertex 34.21 10.7931 0
    endloop
  endfacet
  facet normal -0.881945 0.471353 0
    outer loop
      vertex 34.21 10.7931 10
      vertex 34.082 10.5536 0
      vertex 34.082 10.5536 10
    endloop
  endfacet
  facet normal -0.956981 0.29015 0
    outer loop
      vertex 34.4178 11.2946 0
      vertex 34.4966 11.5545 10
      vertex 34.4966 11.5545 0
    endloop
  endfacet
  facet normal -0.956981 0.29015 0
    outer loop
      vertex 34.4966 11.5545 10
      vertex 34.4178 11.2946 0
      vertex 34.4178 11.2946 10
    endloop
  endfacet
  facet normal -0.995189 0.097972 0
    outer loop
      vertex 34.6025 12.0869 0
      vertex 34.6291 12.3571 10
      vertex 34.6291 12.3571 0
    endloop
  endfacet
  facet normal -0.995189 0.097972 0
    outer loop
      vertex 34.6291 12.3571 10
      vertex 34.6025 12.0869 0
      vertex 34.6025 12.0869 10
    endloop
  endfacet
  facet normal 0.0327385 0.999464 -0
    outer loop
      vertex 30.488 8.47855 0
      vertex 30.2166 8.48744 10
      vertex 30.488 8.47855 10
    endloop
  endfacet
  facet normal 0.0327385 0.999464 0
    outer loop
      vertex 30.2166 8.48744 10
      vertex 30.488 8.47855 0
      vertex 30.2166 8.48744 0
    endloop
  endfacet
  facet normal -0.098009 0.995186 0
    outer loop
      vertex 31.0297 8.51406 0
      vertex 30.7594 8.48744 10
      vertex 31.0297 8.51406 10
    endloop
  endfacet
  facet normal -0.098009 0.995186 0
    outer loop
      vertex 30.7594 8.48744 10
      vertex 31.0297 8.51406 0
      vertex 30.7594 8.48744 0
    endloop
  endfacet
  facet normal -0.290252 0.95695 0
    outer loop
      vertex 31.822 8.69879 0
      vertex 31.5621 8.61996 10
      vertex 31.822 8.69879 10
    endloop
  endfacet
  facet normal -0.290252 0.95695 0
    outer loop
      vertex 31.5621 8.61996 10
      vertex 31.822 8.69879 0
      vertex 31.5621 8.61996 0
    endloop
  endfacet
  facet normal 0.582572 0.812779 -0
    outer loop
      vertex 28.1824 9.17795 0
      vertex 27.9617 9.33614 10
      vertex 28.1824 9.17795 10
    endloop
  endfacet
  facet normal 0.582572 0.812779 0
    outer loop
      vertex 27.9617 9.33614 10
      vertex 28.1824 9.17795 0
      vertex 27.9617 9.33614 0
    endloop
  endfacet
  facet normal 0.47141 0.881914 -0
    outer loop
      vertex 28.6525 8.90653 0
      vertex 28.413 9.03455 10
      vertex 28.6525 8.90653 10
    endloop
  endfacet
  facet normal 0.47141 0.881914 0
    outer loop
      vertex 28.413 9.03455 10
      vertex 28.6525 8.90653 0
      vertex 28.413 9.03455 0
    endloop
  endfacet
  facet normal 0.772984 0.634426 0
    outer loop
      vertex 27.3679 9.89227 10
      vertex 27.1956 10.1022 0
      vertex 27.1956 10.1022 10
    endloop
  endfacet
  facet normal 0.772984 0.634426 0
    outer loop
      vertex 27.1956 10.1022 0
      vertex 27.3679 9.89227 10
      vertex 27.3679 9.89227 0
    endloop
  endfacet
  facet normal 0.849299 0.527913 0
    outer loop
      vertex 27.0374 10.3229 10
      vertex 26.894 10.5536 0
      vertex 26.894 10.5536 10
    endloop
  endfacet
  facet normal 0.849299 0.527913 0
    outer loop
      vertex 26.894 10.5536 0
      vertex 27.0374 10.3229 10
      vertex 27.0374 10.3229 0
    endloop
  endfacet
  facet normal 0.352011 0.935996 -0
    outer loop
      vertex -31.822 -16.5583 0
      vertex -32.0762 -16.4627 10
      vertex -31.822 -16.5583 10
    endloop
  endfacet
  facet normal 0.352011 0.935996 0
    outer loop
      vertex -32.0762 -16.4627 10
      vertex -31.822 -16.5583 0
      vertex -32.0762 -16.4627 0
    endloop
  endfacet
  facet normal -0.999463 0.0327753 0
    outer loop
      vertex -26.3469 -12.9 0
      vertex -26.338 -12.6286 10
      vertex -26.338 -12.6286 0
    endloop
  endfacet
  facet normal -0.999463 0.0327753 0
    outer loop
      vertex -26.338 -12.6286 10
      vertex -26.3469 -12.9 0
      vertex -26.3469 -12.9 10
    endloop
  endfacet
  facet normal 0.812762 -0.582596 0
    outer loop
      vertex -33.9386 -10.3229 10
      vertex -33.7804 -10.1022 0
      vertex -33.7804 -10.1022 10
    endloop
  endfacet
  facet normal 0.812762 -0.582596 0
    outer loop
      vertex -33.7804 -10.1022 0
      vertex -33.9386 -10.3229 10
      vertex -33.9386 -10.3229 0
    endloop
  endfacet
  facet normal 0.95695 0.290253 0
    outer loop
      vertex -34.4178 -13.9625 10
      vertex -34.4966 -13.7027 0
      vertex -34.4966 -13.7027 10
    endloop
  endfacet
  facet normal 0.95695 0.290253 0
    outer loop
      vertex -34.4966 -13.7027 0
      vertex -34.4178 -13.9625 10
      vertex -34.4178 -13.9625 0
    endloop
  endfacet
  facet normal -0.729945 -0.683506 0
    outer loop
      vertex -27.3679 -9.89227 0
      vertex -27.5535 -9.69406 10
      vertex -27.5535 -9.69406 0
    endloop
  endfacet
  facet normal -0.729945 -0.683506 0
    outer loop
      vertex -27.5535 -9.69406 10
      vertex -27.3679 -9.89227 0
      vertex -27.3679 -9.89227 10
    endloop
  endfacet
  facet normal -0.0327385 -0.999464 0
    outer loop
      vertex -30.488 -8.47855 0
      vertex -30.2166 -8.48744 10
      vertex -30.488 -8.47855 10
    endloop
  endfacet
  facet normal -0.0327385 -0.999464 -0
    outer loop
      vertex -30.2166 -8.48744 10
      vertex -30.488 -8.47855 0
      vertex -30.2166 -8.48744 0
    endloop
  endfacet
  facet normal 0.63448 0.772939 -0
    outer loop
      vertex -33.0144 -15.921 0
      vertex -33.2243 -15.7487 10
      vertex -33.0144 -15.921 10
    endloop
  endfacet
  facet normal 0.63448 0.772939 0
    outer loop
      vertex -33.2243 -15.7487 10
      vertex -33.0144 -15.921 0
      vertex -33.2243 -15.7487 0
    endloop
  endfacet
  facet normal -0.227171 0.973855 0
    outer loop
      vertex -29.4139 -16.6371 0
      vertex -29.6784 -16.6988 10
      vertex -29.4139 -16.6371 10
    endloop
  endfacet
  facet normal -0.227171 0.973855 0
    outer loop
      vertex -29.6784 -16.6988 10
      vertex -29.4139 -16.6371 0
      vertex -29.6784 -16.6988 0
    endloop
  endfacet
  facet normal -0.935996 0.352011 0
    outer loop
      vertex -26.6539 -14.2167 0
      vertex -26.5583 -13.9625 10
      vertex -26.5583 -13.9625 0
    endloop
  endfacet
  facet normal -0.935996 0.352011 0
    outer loop
      vertex -26.5583 -13.9625 10
      vertex -26.6539 -14.2167 0
      vertex -26.6539 -14.2167 10
    endloop
  endfacet
  facet normal 0.999463 0.0327753 0
    outer loop
      vertex -34.6291 -12.9 10
      vertex -34.638 -12.6286 0
      vertex -34.638 -12.6286 10
    endloop
  endfacet
  facet normal 0.999463 0.0327753 0
    outer loop
      vertex -34.638 -12.6286 0
      vertex -34.6291 -12.9 10
      vertex -34.6291 -12.9 0
    endloop
  endfacet
  facet normal 0.683603 -0.729854 0
    outer loop
      vertex -33.4225 -9.69406 0
      vertex -33.2243 -9.50842 10
      vertex -33.4225 -9.69406 10
    endloop
  endfacet
  facet normal 0.683603 -0.729854 0
    outer loop
      vertex -33.2243 -9.50842 10
      vertex -33.4225 -9.69406 0
      vertex -33.2243 -9.50842 0
    endloop
  endfacet
  facet normal -0.352326 -0.935877 0
    outer loop
      vertex -29.154 -8.69879 0
      vertex -28.8999 -8.79445 10
      vertex -29.154 -8.69879 10
    endloop
  endfacet
  facet normal -0.352326 -0.935877 -0
    outer loop
      vertex -28.8999 -8.79445 10
      vertex -29.154 -8.69879 0
      vertex -28.8999 -8.79445 0
    endloop
  endfacet
  facet normal -0.849299 -0.527913 0
    outer loop
      vertex -26.894 -10.5536 0
      vertex -27.0374 -10.3229 10
      vertex -27.0374 -10.3229 0
    endloop
  endfacet
  facet normal -0.849299 -0.527913 0
    outer loop
      vertex -27.0374 -10.3229 10
      vertex -26.894 -10.5536 0
      vertex -26.894 -10.5536 10
    endloop
  endfacet
  facet normal 0.77312 0.63426 0
    outer loop
      vertex -33.6082 -15.3648 10
      vertex -33.7804 -15.1549 0
      vertex -33.7804 -15.1549 10
    endloop
  endfacet
  facet normal 0.77312 0.63426 0
    outer loop
      vertex -33.7804 -15.1549 0
      vertex -33.6082 -15.3648 10
      vertex -33.6082 -15.3648 0
    endloop
  endfacet
  facet normal 0.528078 0.849196 -0
    outer loop
      vertex -32.563 -16.2226 0
      vertex -32.7936 -16.0792 10
      vertex -32.563 -16.2226 10
    endloop
  endfacet
  facet normal 0.528078 0.849196 0
    outer loop
      vertex -32.7936 -16.0792 10
      vertex -32.563 -16.2226 0
      vertex -32.7936 -16.0792 0
    endloop
  endfacet
  facet normal -0.352132 0.93595 0
    outer loop
      vertex -28.8999 -16.4627 0
      vertex -29.154 -16.5583 10
      vertex -28.8999 -16.4627 10
    endloop
  endfacet
  facet normal -0.352132 0.93595 0
    outer loop
      vertex -29.154 -16.5583 10
      vertex -28.8999 -16.4627 0
      vertex -29.154 -16.5583 0
    endloop
  endfacet
  facet normal -0.0327753 0.999463 0
    outer loop
      vertex -30.2166 -16.7697 0
      vertex -30.488 -16.7786 10
      vertex -30.2166 -16.7697 10
    endloop
  endfacet
  facet normal -0.0327753 0.999463 0
    outer loop
      vertex -30.488 -16.7786 10
      vertex -30.2166 -16.7697 0
      vertex -30.488 -16.7786 0
    endloop
  endfacet
  facet normal -0.935996 -0.352011 0
    outer loop
      vertex -26.5583 -11.2946 0
      vertex -26.6539 -11.0404 10
      vertex -26.6539 -11.0404 0
    endloop
  endfacet
  facet normal -0.935996 -0.352011 0
    outer loop
      vertex -26.6539 -11.0404 10
      vertex -26.5583 -11.2946 0
      vertex -26.5583 -11.2946 10
    endloop
  endfacet
  facet normal -0.956879 -0.290488 0
    outer loop
      vertex -26.4794 -11.5545 0
      vertex -26.5583 -11.2946 10
      vertex -26.5583 -11.2946 0
    endloop
  endfacet
  facet normal -0.956879 -0.290488 0
    outer loop
      vertex -26.5583 -11.2946 10
      vertex -26.4794 -11.5545 0
      vertex -26.4794 -11.5545 10
    endloop
  endfacet
  facet normal -0.986612 -0.163085 0
    outer loop
      vertex -26.3735 -12.0869 0
      vertex -26.4178 -11.8189 10
      vertex -26.4178 -11.8189 0
    endloop
  endfacet
  facet normal -0.986612 -0.163085 0
    outer loop
      vertex -26.4178 -11.8189 10
      vertex -26.3735 -12.0869 0
      vertex -26.3735 -12.0869 10
    endloop
  endfacet
  facet normal -0.986612 0.163085 0
    outer loop
      vertex -26.4178 -13.4382 0
      vertex -26.3735 -13.1702 10
      vertex -26.3735 -13.1702 0
    endloop
  endfacet
  facet normal -0.986612 0.163085 0
    outer loop
      vertex -26.3735 -13.1702 10
      vertex -26.4178 -13.4382 0
      vertex -26.4178 -13.4382 10
    endloop
  endfacet
  facet normal -0.528078 0.849196 0
    outer loop
      vertex -28.1824 -16.0792 0
      vertex -28.413 -16.2226 10
      vertex -28.1824 -16.0792 10
    endloop
  endfacet
  facet normal -0.528078 0.849196 0
    outer loop
      vertex -28.413 -16.2226 10
      vertex -28.1824 -16.0792 0
      vertex -28.413 -16.2226 0
    endloop
  endfacet
  facet normal -0.412721 0.910858 0
    outer loop
      vertex -28.6525 -16.3506 0
      vertex -28.8999 -16.4627 10
      vertex -28.6525 -16.3506 10
    endloop
  endfacet
  facet normal -0.412721 0.910858 0
    outer loop
      vertex -28.8999 -16.4627 10
      vertex -28.6525 -16.3506 0
      vertex -28.8999 -16.4627 0
    endloop
  endfacet
  facet normal -0.849196 0.528078 0
    outer loop
      vertex -27.0374 -14.9342 0
      vertex -26.894 -14.7036 10
      vertex -26.894 -14.7036 0
    endloop
  endfacet
  facet normal -0.849196 0.528078 0
    outer loop
      vertex -26.894 -14.7036 10
      vertex -27.0374 -14.9342 0
      vertex -27.0374 -14.9342 10
    endloop
  endfacet
  facet normal -0.729928 0.683525 0
    outer loop
      vertex -27.5535 -15.563 0
      vertex -27.3679 -15.3648 10
      vertex -27.3679 -15.3648 0
    endloop
  endfacet
  facet normal -0.729928 0.683525 0
    outer loop
      vertex -27.3679 -15.3648 10
      vertex -27.5535 -15.563 0
      vertex -27.5535 -15.563 10
    endloop
  endfacet
  facet normal 0.910858 0.412721 0
    outer loop
      vertex -34.21 -14.4641 10
      vertex -34.3221 -14.2167 0
      vertex -34.3221 -14.2167 10
    endloop
  endfacet
  facet normal 0.910858 0.412721 0
    outer loop
      vertex -34.3221 -14.2167 0
      vertex -34.21 -14.4641 10
      vertex -34.21 -14.4641 0
    endloop
  endfacet
  facet normal 0.47141 -0.881914 0
    outer loop
      vertex -32.563 -9.03455 0
      vertex -32.3235 -8.90653 10
      vertex -32.563 -9.03455 10
    endloop
  endfacet
  facet normal 0.47141 -0.881914 0
    outer loop
      vertex -32.3235 -8.90653 10
      vertex -32.563 -9.03455 0
      vertex -32.3235 -8.90653 0
    endloop
  endfacet
  facet normal 0.528078 -0.849196 0
    outer loop
      vertex -32.7936 -9.17795 0
      vertex -32.563 -9.03455 10
      vertex -32.7936 -9.17795 10
    endloop
  endfacet
  facet normal 0.528078 -0.849196 0
    outer loop
      vertex -32.563 -9.03455 10
      vertex -32.7936 -9.17795 0
      vertex -32.563 -9.03455 0
    endloop
  endfacet
  facet normal 0.910795 -0.412859 0
    outer loop
      vertex -34.3221 -11.0404 10
      vertex -34.21 -10.7931 0
      vertex -34.21 -10.7931 10
    endloop
  endfacet
  facet normal 0.910795 -0.412859 0
    outer loop
      vertex -34.21 -10.7931 0
      vertex -34.3221 -11.0404 10
      vertex -34.3221 -11.0404 0
    endloop
  endfacet
  facet normal 0.729761 -0.683702 0
    outer loop
      vertex -33.6082 -9.89227 10
      vertex -33.4225 -9.69406 0
      vertex -33.4225 -9.69406 10
    endloop
  endfacet
  facet normal 0.729761 -0.683702 0
    outer loop
      vertex -33.4225 -9.69406 0
      vertex -33.6082 -9.89227 10
      vertex -33.6082 -9.89227 0
    endloop
  endfacet
  facet normal 0.352205 -0.935923 0
    outer loop
      vertex -32.0762 -8.79445 0
      vertex -31.822 -8.69879 10
      vertex -32.0762 -8.79445 10
    endloop
  endfacet
  facet normal 0.352205 -0.935923 0
    outer loop
      vertex -31.822 -8.69879 10
      vertex -32.0762 -8.79445 0
      vertex -31.822 -8.69879 0
    endloop
  endfacet
  facet normal 0.290252 -0.95695 0
    outer loop
      vertex -31.822 -8.69879 0
      vertex -31.5621 -8.61996 10
      vertex -31.822 -8.69879 10
    endloop
  endfacet
  facet normal 0.290252 -0.95695 0
    outer loop
      vertex -31.5621 -8.61996 10
      vertex -31.822 -8.69879 0
      vertex -31.5621 -8.61996 0
    endloop
  endfacet
  facet normal 0.162894 -0.986644 0
    outer loop
      vertex -31.2976 -8.55829 0
      vertex -31.0297 -8.51406 10
      vertex -31.2976 -8.55829 10
    endloop
  endfacet
  facet normal 0.162894 -0.986644 0
    outer loop
      vertex -31.0297 -8.51406 10
      vertex -31.2976 -8.55829 0
      vertex -31.0297 -8.51406 0
    endloop
  endfacet
  facet normal -0.162894 -0.986644 0
    outer loop
      vertex -29.9463 -8.51406 0
      vertex -29.6784 -8.55829 10
      vertex -29.9463 -8.51406 10
    endloop
  endfacet
  facet normal -0.162894 -0.986644 -0
    outer loop
      vertex -29.6784 -8.55829 10
      vertex -29.9463 -8.51406 0
      vertex -29.6784 -8.55829 0
    endloop
  endfacet
  facet normal -0.227067 -0.973879 0
    outer loop
      vertex -29.6784 -8.55829 0
      vertex -29.4139 -8.61996 10
      vertex -29.6784 -8.55829 10
    endloop
  endfacet
  facet normal -0.227067 -0.973879 -0
    outer loop
      vertex -29.4139 -8.61996 10
      vertex -29.6784 -8.55829 0
      vertex -29.4139 -8.61996 0
    endloop
  endfacet
  facet normal -0.772984 -0.634426 0
    outer loop
      vertex -27.1956 -10.1022 0
      vertex -27.3679 -9.89227 10
      vertex -27.3679 -9.89227 0
    endloop
  endfacet
  facet normal -0.772984 -0.634426 0
    outer loop
      vertex -27.3679 -9.89227 10
      vertex -27.1956 -10.1022 0
      vertex -27.1956 -10.1022 10
    endloop
  endfacet
  facet normal -0.910795 -0.412859 0
    outer loop
      vertex -26.6539 -11.0404 0
      vertex -26.766 -10.7931 10
      vertex -26.766 -10.7931 0
    endloop
  endfacet
  facet normal -0.910795 -0.412859 0
    outer loop
      vertex -26.766 -10.7931 10
      vertex -26.6539 -11.0404 0
      vertex -26.6539 -11.0404 10
    endloop
  endfacet
  facet normal -0.683603 -0.729854 0
    outer loop
      vertex -27.7517 -9.50842 0
      vertex -27.5535 -9.69406 10
      vertex -27.7517 -9.50842 10
    endloop
  endfacet
  facet normal -0.683603 -0.729854 -0
    outer loop
      vertex -27.5535 -9.69406 10
      vertex -27.7517 -9.50842 0
      vertex -27.5535 -9.69406 0
    endloop
  endfacet
  facet normal -0.41266 -0.910885 0
    outer loop
      vertex -28.8999 -8.79445 0
      vertex -28.6525 -8.90653 10
      vertex -28.8999 -8.79445 10
    endloop
  endfacet
  facet normal -0.41266 -0.910885 -0
    outer loop
      vertex -28.6525 -8.90653 10
      vertex -28.8999 -8.79445 0
      vertex -28.6525 -8.90653 0
    endloop
  endfacet
  facet normal 0.812762 0.582596 0
    outer loop
      vertex -33.7804 -15.1549 10
      vertex -33.9386 -14.9342 0
      vertex -33.9386 -14.9342 10
    endloop
  endfacet
  facet normal 0.812762 0.582596 0
    outer loop
      vertex -33.9386 -14.9342 0
      vertex -33.7804 -15.1549 10
      vertex -33.7804 -15.1549 0
    endloop
  endfacet
  facet normal 0.881945 0.471353 0
    outer loop
      vertex -34.082 -14.7036 10
      vertex -34.21 -14.4641 0
      vertex -34.21 -14.4641 10
    endloop
  endfacet
  facet normal 0.881945 0.471353 0
    outer loop
      vertex -34.21 -14.4641 0
      vertex -34.082 -14.7036 10
      vertex -34.082 -14.7036 0
    endloop
  endfacet
  facet normal 0.849196 0.528078 0
    outer loop
      vertex -33.9386 -14.9342 10
      vertex -34.082 -14.7036 0
      vertex -34.082 -14.7036 10
    endloop
  endfacet
  facet normal 0.849196 0.528078 0
    outer loop
      vertex -34.082 -14.7036 0
      vertex -33.9386 -14.9342 10
      vertex -33.9386 -14.9342 0
    endloop
  endfacet
  facet normal 0.683721 0.729744 -0
    outer loop
      vertex -33.2243 -15.7487 0
      vertex -33.4225 -15.563 10
      vertex -33.2243 -15.7487 10
    endloop
  endfacet
  facet normal 0.683721 0.729744 0
    outer loop
      vertex -33.4225 -15.563 10
      vertex -33.2243 -15.7487 0
      vertex -33.4225 -15.563 0
    endloop
  endfacet
  facet normal 0.729744 0.683721 0
    outer loop
      vertex -33.4225 -15.563 10
      vertex -33.6082 -15.3648 0
      vertex -33.6082 -15.3648 10
    endloop
  endfacet
  facet normal 0.729744 0.683721 0
    outer loop
      vertex -33.6082 -15.3648 0
      vertex -33.4225 -15.563 10
      vertex -33.4225 -15.563 0
    endloop
  endfacet
  facet normal 0.582422 0.812887 -0
    outer loop
      vertex -32.7936 -16.0792 0
      vertex -33.0144 -15.921 10
      vertex -32.7936 -16.0792 10
    endloop
  endfacet
  facet normal 0.582422 0.812887 0
    outer loop
      vertex -33.0144 -15.921 10
      vertex -32.7936 -16.0792 0
      vertex -33.0144 -15.921 0
    endloop
  endfacet
  facet normal 0.471353 0.881945 -0
    outer loop
      vertex -32.3235 -16.3506 0
      vertex -32.563 -16.2226 10
      vertex -32.3235 -16.3506 10
    endloop
  endfacet
  facet normal 0.471353 0.881945 0
    outer loop
      vertex -32.563 -16.2226 10
      vertex -32.3235 -16.3506 0
      vertex -32.563 -16.2226 0
    endloop
  endfacet
  facet normal 0.227171 0.973855 -0
    outer loop
      vertex -31.2976 -16.6988 0
      vertex -31.5621 -16.6371 10
      vertex -31.2976 -16.6988 10
    endloop
  endfacet
  facet normal 0.227171 0.973855 0
    outer loop
      vertex -31.5621 -16.6371 10
      vertex -31.2976 -16.6988 0
      vertex -31.5621 -16.6371 0
    endloop
  endfacet
  facet normal 0.0327753 0.999463 -0
    outer loop
      vertex -30.488 -16.7786 0
      vertex -30.7594 -16.7697 10
      vertex -30.488 -16.7786 10
    endloop
  endfacet
  facet normal 0.0327753 0.999463 0
    outer loop
      vertex -30.7594 -16.7697 10
      vertex -30.488 -16.7786 0
      vertex -30.7594 -16.7697 0
    endloop
  endfacet
  facet normal 0.162786 0.986661 -0
    outer loop
      vertex -31.0297 -16.743 0
      vertex -31.2976 -16.6988 10
      vertex -31.0297 -16.743 10
    endloop
  endfacet
  facet normal 0.162786 0.986661 0
    outer loop
      vertex -31.2976 -16.6988 10
      vertex -31.0297 -16.743 0
      vertex -31.2976 -16.6988 0
    endloop
  endfacet
  facet normal -0.29015 0.956981 0
    outer loop
      vertex -29.154 -16.5583 0
      vertex -29.4139 -16.6371 10
      vertex -29.154 -16.5583 10
    endloop
  endfacet
  facet normal -0.29015 0.956981 0
    outer loop
      vertex -29.4139 -16.6371 10
      vertex -29.154 -16.5583 0
      vertex -29.4139 -16.6371 0
    endloop
  endfacet
  facet normal -0.0983007 0.995157 0
    outer loop
      vertex -29.9463 -16.743 0
      vertex -30.2166 -16.7697 10
      vertex -29.9463 -16.743 10
    endloop
  endfacet
  facet normal -0.0983007 0.995157 0
    outer loop
      vertex -30.2166 -16.7697 10
      vertex -29.9463 -16.743 0
      vertex -30.2166 -16.7697 0
    endloop
  endfacet
  facet normal -0.995189 -0.097972 0
    outer loop
      vertex -26.3469 -12.3571 0
      vertex -26.3735 -12.0869 10
      vertex -26.3735 -12.0869 0
    endloop
  endfacet
  facet normal -0.995189 -0.097972 0
    outer loop
      vertex -26.3735 -12.0869 10
      vertex -26.3469 -12.3571 0
      vertex -26.3469 -12.3571 10
    endloop
  endfacet
  facet normal -0.999463 -0.0327632 0
    outer loop
      vertex -26.338 -12.6286 0
      vertex -26.3469 -12.3571 10
      vertex -26.3469 -12.3571 0
    endloop
  endfacet
  facet normal -0.999463 -0.0327632 0
    outer loop
      vertex -26.3469 -12.3571 10
      vertex -26.338 -12.6286 0
      vertex -26.338 -12.6286 10
    endloop
  endfacet
  facet normal -0.995189 0.097972 0
    outer loop
      vertex -26.3735 -13.1702 0
      vertex -26.3469 -12.9 10
      vertex -26.3469 -12.9 0
    endloop
  endfacet
  facet normal -0.995189 0.097972 0
    outer loop
      vertex -26.3469 -12.9 10
      vertex -26.3735 -13.1702 0
      vertex -26.3735 -13.1702 10
    endloop
  endfacet
  facet normal -0.956848 0.29059 0
    outer loop
      vertex -26.5583 -13.9625 0
      vertex -26.4794 -13.7027 10
      vertex -26.4794 -13.7027 0
    endloop
  endfacet
  facet normal -0.956848 0.29059 0
    outer loop
      vertex -26.4794 -13.7027 10
      vertex -26.5583 -13.9625 0
      vertex -26.5583 -13.9625 10
    endloop
  endfacet
  facet normal -0.973936 0.226822 0
    outer loop
      vertex -26.4794 -13.7027 0
      vertex -26.4178 -13.4382 10
      vertex -26.4178 -13.4382 0
    endloop
  endfacet
  facet normal -0.973936 0.226822 0
    outer loop
      vertex -26.4178 -13.4382 10
      vertex -26.4794 -13.7027 0
      vertex -26.4794 -13.7027 10
    endloop
  endfacet
  facet normal -0.6343 0.773087 0
    outer loop
      vertex -27.7517 -15.7487 0
      vertex -27.9617 -15.921 10
      vertex -27.7517 -15.7487 10
    endloop
  endfacet
  facet normal -0.6343 0.773087 0
    outer loop
      vertex -27.9617 -15.921 10
      vertex -27.7517 -15.7487 0
      vertex -27.9617 -15.921 0
    endloop
  endfacet
  facet normal -0.582596 0.812762 0
    outer loop
      vertex -27.9617 -15.921 0
      vertex -28.1824 -16.0792 10
      vertex -27.9617 -15.921 10
    endloop
  endfacet
  facet normal -0.582596 0.812762 0
    outer loop
      vertex -28.1824 -16.0792 10
      vertex -27.9617 -15.921 0
      vertex -28.1824 -16.0792 0
    endloop
  endfacet
  facet normal -0.683721 0.729744 0
    outer loop
      vertex -27.5535 -15.563 0
      vertex -27.7517 -15.7487 10
      vertex -27.5535 -15.563 10
    endloop
  endfacet
  facet normal -0.683721 0.729744 0
    outer loop
      vertex -27.7517 -15.7487 10
      vertex -27.5535 -15.563 0
      vertex -27.7517 -15.7487 0
    endloop
  endfacet
  facet normal -0.471353 0.881945 0
    outer loop
      vertex -28.413 -16.2226 0
      vertex -28.6525 -16.3506 10
      vertex -28.413 -16.2226 10
    endloop
  endfacet
  facet normal -0.471353 0.881945 0
    outer loop
      vertex -28.6525 -16.3506 10
      vertex -28.413 -16.2226 0
      vertex -28.6525 -16.3506 0
    endloop
  endfacet
  facet normal -0.772939 0.63448 0
    outer loop
      vertex -27.3679 -15.3648 0
      vertex -27.1956 -15.1549 10
      vertex -27.1956 -15.1549 0
    endloop
  endfacet
  facet normal -0.772939 0.63448 0
    outer loop
      vertex -27.1956 -15.1549 10
      vertex -27.3679 -15.3648 0
      vertex -27.3679 -15.3648 10
    endloop
  endfacet
  facet normal -0.812762 0.582596 0
    outer loop
      vertex -27.1956 -15.1549 0
      vertex -27.0374 -14.9342 10
      vertex -27.0374 -14.9342 0
    endloop
  endfacet
  facet normal -0.812762 0.582596 0
    outer loop
      vertex -27.0374 -14.9342 10
      vertex -27.1956 -15.1549 0
      vertex -27.1956 -15.1549 10
    endloop
  endfacet
  facet normal -0.881945 0.471353 0
    outer loop
      vertex -26.894 -14.7036 0
      vertex -26.766 -14.4641 10
      vertex -26.766 -14.4641 0
    endloop
  endfacet
  facet normal -0.881945 0.471353 0
    outer loop
      vertex -26.766 -14.4641 10
      vertex -26.894 -14.7036 0
      vertex -26.894 -14.7036 10
    endloop
  endfacet
  facet normal -0.910858 0.412721 0
    outer loop
      vertex -26.766 -14.4641 0
      vertex -26.6539 -14.2167 10
      vertex -26.6539 -14.2167 0
    endloop
  endfacet
  facet normal -0.910858 0.412721 0
    outer loop
      vertex -26.6539 -14.2167 10
      vertex -26.766 -14.4641 0
      vertex -26.766 -14.4641 10
    endloop
  endfacet
  facet normal 0.935874 0.352334 0
    outer loop
      vertex -34.3221 -14.2167 10
      vertex -34.4178 -13.9625 0
      vertex -34.4178 -13.9625 10
    endloop
  endfacet
  facet normal 0.935874 0.352334 0
    outer loop
      vertex -34.4178 -13.9625 0
      vertex -34.3221 -14.2167 10
      vertex -34.3221 -14.2167 0
    endloop
  endfacet
  facet normal 0.412798 -0.910823 0
    outer loop
      vertex -32.3235 -8.90653 0
      vertex -32.0762 -8.79445 10
      vertex -32.3235 -8.90653 10
    endloop
  endfacet
  facet normal 0.412798 -0.910823 0
    outer loop
      vertex -32.0762 -8.79445 10
      vertex -32.3235 -8.90653 0
      vertex -32.0762 -8.79445 0
    endloop
  endfacet
  facet normal 0.973855 0.227171 0
    outer loop
      vertex -34.4966 -13.7027 10
      vertex -34.5583 -13.4382 0
      vertex -34.5583 -13.4382 10
    endloop
  endfacet
  facet normal 0.973855 0.227171 0
    outer loop
      vertex -34.5583 -13.4382 0
      vertex -34.4966 -13.7027 10
      vertex -34.4966 -13.7027 0
    endloop
  endfacet
  facet normal 0.935874 -0.352334 0
    outer loop
      vertex -34.4178 -11.2946 10
      vertex -34.3221 -11.0404 0
      vertex -34.3221 -11.0404 10
    endloop
  endfacet
  facet normal 0.935874 -0.352334 0
    outer loop
      vertex -34.3221 -11.0404 0
      vertex -34.4178 -11.2946 10
      vertex -34.4178 -11.2946 0
    endloop
  endfacet
  facet normal 0.634436 -0.772975 0
    outer loop
      vertex -33.2243 -9.50842 0
      vertex -33.0144 -9.33614 10
      vertex -33.2243 -9.50842 10
    endloop
  endfacet
  facet normal 0.634436 -0.772975 0
    outer loop
      vertex -33.0144 -9.33614 10
      vertex -33.2243 -9.50842 0
      vertex -33.0144 -9.33614 0
    endloop
  endfacet
  facet normal 0.582397 -0.812904 0
    outer loop
      vertex -33.0144 -9.33614 0
      vertex -32.7936 -9.17795 10
      vertex -33.0144 -9.33614 10
    endloop
  endfacet
  facet normal 0.582397 -0.812904 0
    outer loop
      vertex -32.7936 -9.17795 10
      vertex -33.0144 -9.33614 0
      vertex -32.7936 -9.17795 0
    endloop
  endfacet
  facet normal 0.849299 -0.527913 0
    outer loop
      vertex -34.082 -10.5536 10
      vertex -33.9386 -10.3229 0
      vertex -33.9386 -10.3229 10
    endloop
  endfacet
  facet normal 0.849299 -0.527913 0
    outer loop
      vertex -33.9386 -10.3229 0
      vertex -34.082 -10.5536 10
      vertex -34.082 -10.5536 0
    endloop
  endfacet
  facet normal 0.881945 -0.471353 0
    outer loop
      vertex -34.21 -10.7931 10
      vertex -34.082 -10.5536 0
      vertex -34.082 -10.5536 10
    endloop
  endfacet
  facet normal 0.881945 -0.471353 0
    outer loop
      vertex -34.082 -10.5536 0
      vertex -34.21 -10.7931 10
      vertex -34.21 -10.7931 0
    endloop
  endfacet
  facet normal 0.773164 -0.634206 0
    outer loop
      vertex -33.7804 -10.1022 10
      vertex -33.6082 -9.89227 0
      vertex -33.6082 -9.89227 10
    endloop
  endfacet
  facet normal 0.773164 -0.634206 0
    outer loop
      vertex -33.6082 -9.89227 0
      vertex -33.7804 -10.1022 10
      vertex -33.7804 -10.1022 0
    endloop
  endfacet
  facet normal 0.098009 -0.995186 0
    outer loop
      vertex -31.0297 -8.51406 0
      vertex -30.7594 -8.48744 10
      vertex -31.0297 -8.51406 10
    endloop
  endfacet
  facet normal 0.098009 -0.995186 0
    outer loop
      vertex -30.7594 -8.48744 10
      vertex -31.0297 -8.51406 0
      vertex -30.7594 -8.48744 0
    endloop
  endfacet
  facet normal 0.0327385 -0.999464 0
    outer loop
      vertex -30.7594 -8.48744 0
      vertex -30.488 -8.47855 10
      vertex -30.7594 -8.48744 10
    endloop
  endfacet
  facet normal 0.0327385 -0.999464 0
    outer loop
      vertex -30.488 -8.47855 10
      vertex -30.7594 -8.48744 0
      vertex -30.488 -8.47855 0
    endloop
  endfacet
  facet normal -0.098009 -0.995186 0
    outer loop
      vertex -30.2166 -8.48744 0
      vertex -29.9463 -8.51406 10
      vertex -30.2166 -8.48744 10
    endloop
  endfacet
  facet normal -0.098009 -0.995186 -0
    outer loop
      vertex -29.9463 -8.51406 10
      vertex -30.2166 -8.48744 0
      vertex -29.9463 -8.51406 0
    endloop
  endfacet
  facet normal -0.582572 -0.812779 0
    outer loop
      vertex -28.1824 -9.17795 0
      vertex -27.9617 -9.33614 10
      vertex -28.1824 -9.17795 10
    endloop
  endfacet
  facet normal -0.582572 -0.812779 -0
    outer loop
      vertex -27.9617 -9.33614 10
      vertex -28.1824 -9.17795 0
      vertex -27.9617 -9.33614 0
    endloop
  endfacet
  facet normal -0.634256 -0.773123 0
    outer loop
      vertex -27.9617 -9.33614 0
      vertex -27.7517 -9.50842 10
      vertex -27.9617 -9.33614 10
    endloop
  endfacet
  facet normal -0.634256 -0.773123 -0
    outer loop
      vertex -27.7517 -9.50842 10
      vertex -27.9617 -9.33614 0
      vertex -27.7517 -9.50842 0
    endloop
  endfacet
  facet normal -0.528078 -0.849196 0
    outer loop
      vertex -28.413 -9.03455 0
      vertex -28.1824 -9.17795 10
      vertex -28.413 -9.03455 10
    endloop
  endfacet
  facet normal -0.528078 -0.849196 -0
    outer loop
      vertex -28.1824 -9.17795 10
      vertex -28.413 -9.03455 0
      vertex -28.1824 -9.17795 0
    endloop
  endfacet
  facet normal -0.47141 -0.881914 0
    outer loop
      vertex -28.6525 -8.90653 0
      vertex -28.413 -9.03455 10
      vertex -28.6525 -8.90653 10
    endloop
  endfacet
  facet normal -0.47141 -0.881914 -0
    outer loop
      vertex -28.413 -9.03455 10
      vertex -28.6525 -8.90653 0
      vertex -28.413 -9.03455 0
    endloop
  endfacet
  facet normal 0.412859 0.910795 -0
    outer loop
      vertex -32.0762 -16.4627 0
      vertex -32.3235 -16.3506 10
      vertex -32.0762 -16.4627 10
    endloop
  endfacet
  facet normal 0.412859 0.910795 0
    outer loop
      vertex -32.3235 -16.3506 10
      vertex -32.0762 -16.4627 0
      vertex -32.3235 -16.3506 0
    endloop
  endfacet
  facet normal 0.29015 0.956981 -0
    outer loop
      vertex -31.5621 -16.6371 0
      vertex -31.822 -16.5583 10
      vertex -31.5621 -16.6371 10
    endloop
  endfacet
  facet normal 0.29015 0.956981 0
    outer loop
      vertex -31.822 -16.5583 10
      vertex -31.5621 -16.6371 0
      vertex -31.822 -16.5583 0
    endloop
  endfacet
  facet normal 0.0983007 0.995157 -0
    outer loop
      vertex -30.7594 -16.7697 0
      vertex -31.0297 -16.743 10
      vertex -30.7594 -16.7697 10
    endloop
  endfacet
  facet normal 0.0983007 0.995157 0
    outer loop
      vertex -31.0297 -16.743 10
      vertex -30.7594 -16.7697 0
      vertex -31.0297 -16.743 0
    endloop
  endfacet
  facet normal -0.162786 0.986661 0
    outer loop
      vertex -29.6784 -16.6988 0
      vertex -29.9463 -16.743 10
      vertex -29.6784 -16.6988 10
    endloop
  endfacet
  facet normal -0.162786 0.986661 0
    outer loop
      vertex -29.9463 -16.743 10
      vertex -29.6784 -16.6988 0
      vertex -29.9463 -16.743 0
    endloop
  endfacet
  facet normal -0.973917 -0.226904 0
    outer loop
      vertex -26.4178 -11.8189 0
      vertex -26.4794 -11.5545 10
      vertex -26.4794 -11.5545 0
    endloop
  endfacet
  facet normal -0.973917 -0.226904 0
    outer loop
      vertex -26.4794 -11.5545 10
      vertex -26.4178 -11.8189 0
      vertex -26.4178 -11.8189 10
    endloop
  endfacet
  facet normal 0.986671 0.162727 0
    outer loop
      vertex -34.5583 -13.4382 10
      vertex -34.6025 -13.1702 0
      vertex -34.6025 -13.1702 10
    endloop
  endfacet
  facet normal 0.986671 0.162727 0
    outer loop
      vertex -34.6025 -13.1702 0
      vertex -34.5583 -13.4382 10
      vertex -34.5583 -13.4382 0
    endloop
  endfacet
  facet normal 0.995189 0.097972 0
    outer loop
      vertex -34.6025 -13.1702 10
      vertex -34.6291 -12.9 0
      vertex -34.6291 -12.9 10
    endloop
  endfacet
  facet normal 0.995189 0.097972 0
    outer loop
      vertex -34.6291 -12.9 0
      vertex -34.6025 -13.1702 10
      vertex -34.6025 -13.1702 0
    endloop
  endfacet
  facet normal 0.999463 -0.0327632 0
    outer loop
      vertex -34.638 -12.6286 10
      vertex -34.6291 -12.3571 0
      vertex -34.6291 -12.3571 10
    endloop
  endfacet
  facet normal 0.999463 -0.0327632 0
    outer loop
      vertex -34.6291 -12.3571 0
      vertex -34.638 -12.6286 10
      vertex -34.638 -12.6286 0
    endloop
  endfacet
  facet normal 0.227067 -0.973879 0
    outer loop
      vertex -31.5621 -8.61996 0
      vertex -31.2976 -8.55829 10
      vertex -31.5621 -8.61996 10
    endloop
  endfacet
  facet normal 0.227067 -0.973879 0
    outer loop
      vertex -31.2976 -8.55829 10
      vertex -31.5621 -8.61996 0
      vertex -31.2976 -8.55829 0
    endloop
  endfacet
  facet normal -0.290252 -0.95695 0
    outer loop
      vertex -29.4139 -8.61996 0
      vertex -29.154 -8.69879 10
      vertex -29.4139 -8.61996 10
    endloop
  endfacet
  facet normal -0.290252 -0.95695 -0
    outer loop
      vertex -29.154 -8.69879 10
      vertex -29.4139 -8.61996 0
      vertex -29.154 -8.69879 0
    endloop
  endfacet
  facet normal -0.812762 -0.582596 0
    outer loop
      vertex -27.0374 -10.3229 0
      vertex -27.1956 -10.1022 10
      vertex -27.1956 -10.1022 0
    endloop
  endfacet
  facet normal -0.812762 -0.582596 0
    outer loop
      vertex -27.1956 -10.1022 10
      vertex -27.0374 -10.3229 0
      vertex -27.0374 -10.3229 10
    endloop
  endfacet
  facet normal -0.881945 -0.471353 0
    outer loop
      vertex -26.766 -10.7931 0
      vertex -26.894 -10.5536 10
      vertex -26.894 -10.5536 0
    endloop
  endfacet
  facet normal -0.881945 -0.471353 0
    outer loop
      vertex -26.894 -10.5536 10
      vertex -26.766 -10.7931 0
      vertex -26.766 -10.7931 10
    endloop
  endfacet
  facet normal 0.986671 -0.162727 0
    outer loop
      vertex -34.6025 -12.0869 10
      vertex -34.5583 -11.8189 0
      vertex -34.5583 -11.8189 10
    endloop
  endfacet
  facet normal 0.986671 -0.162727 0
    outer loop
      vertex -34.5583 -11.8189 0
      vertex -34.6025 -12.0869 10
      vertex -34.6025 -12.0869 0
    endloop
  endfacet
  facet normal 0.995189 -0.097972 0
    outer loop
      vertex -34.6291 -12.3571 10
      vertex -34.6025 -12.0869 0
      vertex -34.6025 -12.0869 10
    endloop
  endfacet
  facet normal 0.995189 -0.097972 0
    outer loop
      vertex -34.6025 -12.0869 0
      vertex -34.6291 -12.3571 10
      vertex -34.6291 -12.3571 0
    endloop
  endfacet
  facet normal 0.956981 -0.29015 0
    outer loop
      vertex -34.4966 -11.5545 10
      vertex -34.4178 -11.2946 0
      vertex -34.4178 -11.2946 10
    endloop
  endfacet
  facet normal 0.956981 -0.29015 0
    outer loop
      vertex -34.4178 -11.2946 0
      vertex -34.4966 -11.5545 10
      vertex -34.4966 -11.5545 0
    endloop
  endfacet
  facet normal 0.973836 -0.227253 0
    outer loop
      vertex -34.5583 -11.8189 10
      vertex -34.4966 -11.5545 0
      vertex -34.4966 -11.5545 10
    endloop
  endfacet
  facet normal 0.973836 -0.227253 0
    outer loop
      vertex -34.4966 -11.5545 0
      vertex -34.5583 -11.8189 10
      vertex -34.5583 -11.8189 0
    endloop
  endfacet
  facet normal -1 0 0
    outer loop
      vertex -44 -44 0
      vertex -44 44 10
      vertex -44 44 0
    endloop
  endfacet
  facet normal -1 -0 0
    outer loop
      vertex -44 44 10
      vertex -44 -44 0
      vertex -44 -44 10
    endloop
  endfacet
  facet normal 0 0 1
    outer loop
      vertex 34.6291 12.3571 10
      vertex 44 44 10
      vertex 34.638 12.6286 10
    endloop
  endfacet
  facet normal 0 0 1
    outer loop
      vertex 44 44 10
      vertex 34.6291 12.9 10
      vertex 34.638 12.6286 10
    endloop
  endfacet
  facet normal 0 0 1
    outer loop
      vertex 44 44 10
      vertex 34.6025 13.1702 10
      vertex 34.6291 12.9 10
    endloop
  endfacet
  facet normal 0 0 1
    outer loop
      vertex 44 44 10
      vertex 34.5583 13.4382 10
      vertex 34.6025 13.1702 10
    endloop
  endfacet
  facet normal 0 0 1
    outer loop
      vertex 44 44 10
      vertex 34.4966 13.7027 10
      vertex 34.5583 13.4382 10
    endloop
  endfacet
  facet normal 0 0 1
    outer loop
      vertex 44 44 10
      vertex 34.4178 13.9625 10
      vertex 34.4966 13.7027 10
    endloop
  endfacet
  facet normal 0 0 1
    outer loop
      vertex 44 44 10
      vertex 34.3221 14.2167 10
      vertex 34.4178 13.9625 10
    endloop
  endfacet
  facet normal 0 0 1
    outer loop
      vertex 44 44 10
      vertex 34.21 14.4641 10
      vertex 34.3221 14.2167 10
    endloop
  endfacet
  facet normal 0 0 1
    outer loop
      vertex 44 44 10
      vertex 34.082 14.7036 10
      vertex 34.21 14.4641 10
    endloop
  endfacet
  facet normal 0 0 1
    outer loop
      vertex 44 44 10
      vertex 33.9386 14.9342 10
      vertex 34.082 14.7036 10
    endloop
  endfacet
  facet normal 0 0 1
    outer loop
      vertex 44 44 10
      vertex 33.7804 15.1549 10
      vertex 33.9386 14.9342 10
    endloop
  endfacet
  facet normal 0 0 1
    outer loop
      vertex 44 44 10
      vertex 33.6082 15.3648 10
      vertex 33.7804 15.1549 10
    endloop
  endfacet
  facet normal 0 0 1
    outer loop
      vertex 44 44 10
      vertex 33.4225 15.563 10
      vertex 33.6082 15.3648 10
    endloop
  endfacet
  facet normal 0 0 1
    outer loop
      vertex 44 44 10
      vertex 33.2243 15.7487 10
      vertex 33.4225 15.563 10
    endloop
  endfacet
  facet normal 0 0 1
    outer loop
      vertex 44 44 10
      vertex 33.0144 15.921 10
      vertex 33.2243 15.7487 10
    endloop
  endfacet
  facet normal 0 0 1
    outer loop
      vertex 44 44 10
      vertex 32.7936 16.0792 10
      vertex 33.0144 15.921 10
    endloop
  endfacet
  facet normal 0 0 1
    outer loop
      vertex 44 44 10
      vertex 32.563 16.2226 10
      vertex 32.7936 16.0792 10
    endloop
  endfacet
  facet normal 0 0 1
    outer loop
      vertex 44 44 10
      vertex 32.3235 16.3506 10
      vertex 32.563 16.2226 10
    endloop
  endfacet
  facet normal 0 0 1
    outer loop
      vertex 44 44 10
      vertex 32.0762 16.4627 10
      vertex 32.3235 16.3506 10
    endloop
  endfacet
  facet normal 0 0 1
    outer loop
      vertex 44 44 10
      vertex 31.822 16.5583 10
      vertex 32.0762 16.4627 10
    endloop
  endfacet
  facet normal 0 0 1
    outer loop
      vertex 44 44 10
      vertex 31.5621 16.6371 10
      vertex 31.822 16.5583 10
    endloop
  endfacet
  facet normal 0 0 1
    outer loop
      vertex 44 44 10
      vertex 31.2976 16.6988 10
      vertex 31.5621 16.6371 10
    endloop
  endfacet
  facet normal 0 0 1
    outer loop
      vertex 44 44 10
      vertex 31.0297 16.743 10
      vertex 31.2976 16.6988 10
    endloop
  endfacet
  facet normal 0 0 1
    outer loop
      vertex 44 44 10
      vertex 30.7594 16.7697 10
      vertex 31.0297 16.743 10
    endloop
  endfacet
  facet normal 0 0 1
    outer loop
      vertex 44 44 10
      vertex 30.488 16.7786 10
      vertex 30.7594 16.7697 10
    endloop
  endfacet
  facet normal 0 0 1
    outer loop
      vertex 44 44 10
      vertex 30.2166 16.7697 10
      vertex 30.488 16.7786 10
    endloop
  endfacet
  facet normal 0 0 1
    outer loop
      vertex 44 44 10
      vertex 29.9463 16.743 10
      vertex 30.2166 16.7697 10
    endloop
  endfacet
  facet normal 0 0 1
    outer loop
      vertex 44 44 10
      vertex 29.6784 16.6988 10
      vertex 29.9463 16.743 10
    endloop
  endfacet
  facet normal 0 0 1
    outer loop
      vertex 44 44 10
      vertex 29.4139 16.6371 10
      vertex 29.6784 16.6988 10
    endloop
  endfacet
  facet normal 0 0 1
    outer loop
      vertex 44 44 10
      vertex 29.154 16.5583 10
      vertex 29.4139 16.6371 10
    endloop
  endfacet
  facet normal 0 0 1
    outer loop
      vertex 44 44 10
      vertex 28.8999 16.4627 10
      vertex 29.154 16.5583 10
    endloop
  endfacet
  facet normal 0 0 1
    outer loop
      vertex 44 44 10
      vertex 28.6525 16.3506 10
      vertex 28.8999 16.4627 10
    endloop
  endfacet
  facet normal 0 0 1
    outer loop
      vertex 44 44 10
      vertex 28.413 16.2226 10
      vertex 28.6525 16.3506 10
    endloop
  endfacet
  facet normal 0 0 1
    outer loop
      vertex 44 44 10
      vertex 28.1824 16.0792 10
      vertex 28.413 16.2226 10
    endloop
  endfacet
  facet normal 0 0 1
    outer loop
      vertex 44 44 10
      vertex 27.9617 15.921 10
      vertex 28.1824 16.0792 10
    endloop
  endfacet
  facet normal -0 0 1
    outer loop
      vertex -44 44 10
      vertex 27.9617 15.921 10
      vertex 44 44 10
    endloop
  endfacet
  facet normal 0 0 1
    outer loop
      vertex 27.9617 15.921 10
      vertex -44 44 10
      vertex 27.7517 15.7487 10
    endloop
  endfacet
  facet normal 0 0 1
    outer loop
      vertex 27.7517 15.7487 10
      vertex -44 44 10
      vertex 27.5535 15.563 10
    endloop
  endfacet
  facet normal 0 0 1
    outer loop
      vertex 27.5535 15.563 10
      vertex -44 44 10
      vertex 27.3679 15.3648 10
    endloop
  endfacet
  facet normal 0 0 1
    outer loop
      vertex 27.3679 15.3648 10
      vertex -44 44 10
      vertex 27.1956 15.1549 10
    endloop
  endfacet
  facet normal 0 0 1
    outer loop
      vertex 27.1956 15.1549 10
      vertex -44 44 10
      vertex 27.0374 14.9342 10
    endloop
  endfacet
  facet normal 0 0 1
    outer loop
      vertex -27.5535 -9.69406 10
      vertex 26.338 12.6286 10
      vertex 26.3469 12.9 10
    endloop
  endfacet
  facet normal 0 0 1
    outer loop
      vertex -27.7517 -9.50842 10
      vertex 26.3469 12.9 10
      vertex 26.3735 13.1702 10
    endloop
  endfacet
  facet normal 0 0 1
    outer loop
      vertex -27.9617 -9.33614 10
      vertex 26.3735 13.1702 10
      vertex 26.4178 13.4382 10
    endloop
  endfacet
  facet normal 0 0 1
    outer loop
      vertex -28.1824 -9.17795 10
      vertex 26.4178 13.4382 10
      vertex 26.4794 13.7027 10
    endloop
  endfacet
  facet normal 0 0 1
    outer loop
      vertex -28.413 -9.03455 10
      vertex 26.4794 13.7027 10
      vertex 26.5583 13.9625 10
    endloop
  endfacet
  facet normal 0 0 1
    outer loop
      vertex -44 44 10
      vertex 26.5583 13.9625 10
      vertex 26.6539 14.2167 10
    endloop
  endfacet
  facet normal 0 0 1
    outer loop
      vertex -44 44 10
      vertex 26.6539 14.2167 10
      vertex 26.766 14.4641 10
    endloop
  endfacet
  facet normal 0 0 1
    outer loop
      vertex -44 44 10
      vertex 26.766 14.4641 10
      vertex 26.894 14.7036 10
    endloop
  endfacet
  facet normal 0 0 1
    outer loop
      vertex 27.0374 14.9342 10
      vertex -44 44 10
      vertex 26.894 14.7036 10
    endloop
  endfacet
  facet normal 0 0 1
    outer loop
      vertex 26.338 12.6286 10
      vertex -26.3469 -12.3571 10
      vertex -26.338 -12.6286 10
    endloop
  endfacet
  facet normal 0 0 1
    outer loop
      vertex 26.338 12.6286 10
      vertex -26.3735 -12.0869 10
      vertex -26.3469 -12.3571 10
    endloop
  endfacet
  facet normal 0 0 1
    outer loop
      vertex 26.338 12.6286 10
      vertex -26.4178 -11.8189 10
      vertex -26.3735 -12.0869 10
    endloop
  endfacet
  facet normal 0 0 1
    outer loop
      vertex 26.338 12.6286 10
      vertex -26.4794 -11.5545 10
      vertex -26.4178 -11.8189 10
    endloop
  endfacet
  facet normal 0 0 1
    outer loop
      vertex 26.338 12.6286 10
      vertex -26.5583 -11.2946 10
      vertex -26.4794 -11.5545 10
    endloop
  endfacet
  facet normal 0 0 1
    outer loop
      vertex 26.338 12.6286 10
      vertex -26.6539 -11.0404 10
      vertex -26.5583 -11.2946 10
    endloop
  endfacet
  facet normal 0 0 1
    outer loop
      vertex 26.338 12.6286 10
      vertex -26.766 -10.7931 10
      vertex -26.6539 -11.0404 10
    endloop
  endfacet
  facet normal 0 0 1
    outer loop
      vertex 26.338 12.6286 10
      vertex -26.894 -10.5536 10
      vertex -26.766 -10.7931 10
    endloop
  endfacet
  facet normal 0 0 1
    outer loop
      vertex 26.338 12.6286 10
      vertex -27.0374 -10.3229 10
      vertex -26.894 -10.5536 10
    endloop
  endfacet
  facet normal 0 0 1
    outer loop
      vertex 26.338 12.6286 10
      vertex -27.1956 -10.1022 10
      vertex -27.0374 -10.3229 10
    endloop
  endfacet
  facet normal 0 0 1
    outer loop
      vertex 26.338 12.6286 10
      vertex -27.3679 -9.89227 10
      vertex -27.1956 -10.1022 10
    endloop
  endfacet
  facet normal 0 0 1
    outer loop
      vertex 26.338 12.6286 10
      vertex -27.5535 -9.69406 10
      vertex -27.3679 -9.89227 10
    endloop
  endfacet
  facet normal 0 0 1
    outer loop
      vertex 26.3469 12.9 10
      vertex -27.7517 -9.50842 10
      vertex -27.5535 -9.69406 10
    endloop
  endfacet
  facet normal 0 0 1
    outer loop
      vertex 26.3735 13.1702 10
      vertex -27.9617 -9.33614 10
      vertex -27.7517 -9.50842 10
    endloop
  endfacet
  facet normal 0 0 1
    outer loop
      vertex 26.5583 13.9625 10
      vertex -44 44 10
      vertex -28.413 -9.03455 10
    endloop
  endfacet
  facet normal 0 0 1
    outer loop
      vertex 26.4178 13.4382 10
      vertex -28.1824 -9.17795 10
      vertex -27.9617 -9.33614 10
    endloop
  endfacet
  facet normal 0 0 1
    outer loop
      vertex 26.4794 13.7027 10
      vertex -28.413 -9.03455 10
      vertex -28.1824 -9.17795 10
    endloop
  endfacet
  facet normal 0 0 1
    outer loop
      vertex -28.413 -9.03455 10
      vertex -44 44 10
      vertex -28.6525 -8.90653 10
    endloop
  endfacet
  facet normal 0 0 1
    outer loop
      vertex -28.6525 -8.90653 10
      vertex -44 44 10
      vertex -28.8999 -8.79445 10
    endloop
  endfacet
  facet normal 0 0 1
    outer loop
      vertex -28.8999 -8.79445 10
      vertex -44 44 10
      vertex -29.154 -8.69879 10
    endloop
  endfacet
  facet normal 0 0 1
    outer loop
      vertex -29.154 -8.69879 10
      vertex -44 44 10
      vertex -29.4139 -8.61996 10
    endloop
  endfacet
  facet normal 0 0 1
    outer loop
      vertex -29.4139 -8.61996 10
      vertex -44 44 10
      vertex -29.6784 -8.55829 10
    endloop
  endfacet
  facet normal 0 0 1
    outer loop
      vertex -29.6784 -8.55829 10
      vertex -44 44 10
      vertex -29.9463 -8.51406 10
    endloop
  endfacet
  facet normal 0 0 1
    outer loop
      vertex -29.9463 -8.51406 10
      vertex -44 44 10
      vertex -30.2166 -8.48744 10
    endloop
  endfacet
  facet normal 0 0 1
    outer loop
      vertex -30.2166 -8.48744 10
      vertex -44 44 10
      vertex -30.488 -8.47855 10
    endloop
  endfacet
  facet normal 0 0 1
    outer loop
      vertex -30.488 -8.47855 10
      vertex -44 44 10
      vertex -30.7594 -8.48744 10
    endloop
  endfacet
  facet normal 0 0 1
    outer loop
      vertex -30.7594 -8.48744 10
      vertex -44 44 10
      vertex -31.0297 -8.51406 10
    endloop
  endfacet
  facet normal 0 0 1
    outer loop
      vertex -31.0297 -8.51406 10
      vertex -44 44 10
      vertex -31.2976 -8.55829 10
    endloop
  endfacet
  facet normal 0 0 1
    outer loop
      vertex -31.2976 -8.55829 10
      vertex -44 44 10
      vertex -31.5621 -8.61996 10
    endloop
  endfacet
  facet normal 0 0 1
    outer loop
      vertex -31.5621 -8.61996 10
      vertex -44 44 10
      vertex -31.822 -8.69879 10
    endloop
  endfacet
  facet normal 0 0 1
    outer loop
      vertex -31.822 -8.69879 10
      vertex -44 44 10
      vertex -32.0762 -8.79445 10
    endloop
  endfacet
  facet normal 0 0 1
    outer loop
      vertex -32.0762 -8.79445 10
      vertex -44 44 10
      vertex -32.3235 -8.90653 10
    endloop
  endfacet
  facet normal 0 0 1
    outer loop
      vertex -32.3235 -8.90653 10
      vertex -44 44 10
      vertex -32.563 -9.03455 10
    endloop
  endfacet
  facet normal 0 0 1
    outer loop
      vertex -34.6025 -12.0869 10
      vertex -44 -44 10
      vertex -34.6291 -12.3571 10
    endloop
  endfacet
  facet normal 0 0 1
    outer loop
      vertex -44 -44 10
      vertex -34.6025 -12.0869 10
      vertex -44 44 10
    endloop
  endfacet
  facet normal 0 0 1
    outer loop
      vertex -34.5583 -11.8189 10
      vertex -44 44 10
      vertex -34.6025 -12.0869 10
    endloop
  endfacet
  facet normal 0 0 1
    outer loop
      vertex -34.4966 -11.5545 10
      vertex -44 44 10
      vertex -34.5583 -11.8189 10
    endloop
  endfacet
  facet normal 0 0 1
    outer loop
      vertex -34.4178 -11.2946 10
      vertex -44 44 10
      vertex -34.4966 -11.5545 10
    endloop
  endfacet
  facet normal 0 0 1
    outer loop
      vertex -34.3221 -11.0404 10
      vertex -44 44 10
      vertex -34.4178 -11.2946 10
    endloop
  endfacet
  facet normal 0 0 1
    outer loop
      vertex -34.21 -10.7931 10
      vertex -44 44 10
      vertex -34.3221 -11.0404 10
    endloop
  endfacet
  facet normal 0 0 1
    outer loop
      vertex -34.082 -10.5536 10
      vertex -44 44 10
      vertex -34.21 -10.7931 10
    endloop
  endfacet
  facet normal 0 0 1
    outer loop
      vertex -33.9386 -10.3229 10
      vertex -44 44 10
      vertex -34.082 -10.5536 10
    endloop
  endfacet
  facet normal 0 0 1
    outer loop
      vertex -33.7804 -10.1022 10
      vertex -44 44 10
      vertex -33.9386 -10.3229 10
    endloop
  endfacet
  facet normal 0 0 1
    outer loop
      vertex -33.6082 -9.89227 10
      vertex -44 44 10
      vertex -33.7804 -10.1022 10
    endloop
  endfacet
  facet normal 0 0 1
    outer loop
      vertex -33.4225 -9.69406 10
      vertex -44 44 10
      vertex -33.6082 -9.89227 10
    endloop
  endfacet
  facet normal 0 0 1
    outer loop
      vertex -33.2243 -9.50842 10
      vertex -44 44 10
      vertex -33.4225 -9.69406 10
    endloop
  endfacet
  facet normal 0 0 1
    outer loop
      vertex -33.0144 -9.33614 10
      vertex -44 44 10
      vertex -33.2243 -9.50842 10
    endloop
  endfacet
  facet normal 0 0 1
    outer loop
      vertex -32.7936 -9.17795 10
      vertex -44 44 10
      vertex -33.0144 -9.33614 10
    endloop
  endfacet
  facet normal 0 0 1
    outer loop
      vertex -32.563 -9.03455 10
      vertex -44 44 10
      vertex -32.7936 -9.17795 10
    endloop
  endfacet
  facet normal 0 0 1
    outer loop
      vertex 34.6025 12.0869 10
      vertex 44 44 10
      vertex 34.6291 12.3571 10
    endloop
  endfacet
  facet normal 0 0 1
    outer loop
      vertex 44 44 10
      vertex 34.6025 12.0869 10
      vertex 44 -44 10
    endloop
  endfacet
  facet normal -0 0 1
    outer loop
      vertex 34.5583 11.8189 10
      vertex 44 -44 10
      vertex 34.6025 12.0869 10
    endloop
  endfacet
  facet normal -0 0 1
    outer loop
      vertex 34.4966 11.5545 10
      vertex 44 -44 10
      vertex 34.5583 11.8189 10
    endloop
  endfacet
  facet normal -0 0 1
    outer loop
      vertex 34.4178 11.2946 10
      vertex 44 -44 10
      vertex 34.4966 11.5545 10
    endloop
  endfacet
  facet normal -0 0 1
    outer loop
      vertex 34.3221 11.0404 10
      vertex 44 -44 10
      vertex 34.4178 11.2946 10
    endloop
  endfacet
  facet normal -0 0 1
    outer loop
      vertex 34.21 10.7931 10
      vertex 44 -44 10
      vertex 34.3221 11.0404 10
    endloop
  endfacet
  facet normal -0 0 1
    outer loop
      vertex 34.082 10.5536 10
      vertex 44 -44 10
      vertex 34.21 10.7931 10
    endloop
  endfacet
  facet normal -0 0 1
    outer loop
      vertex 33.9386 10.3229 10
      vertex 44 -44 10
      vertex 34.082 10.5536 10
    endloop
  endfacet
  facet normal -0 0 1
    outer loop
      vertex 33.7804 10.1022 10
      vertex 44 -44 10
      vertex 33.9386 10.3229 10
    endloop
  endfacet
  facet normal -0 0 1
    outer loop
      vertex 33.6082 9.89227 10
      vertex 44 -44 10
      vertex 33.7804 10.1022 10
    endloop
  endfacet
  facet normal -0 0 1
    outer loop
      vertex 33.4225 9.69406 10
      vertex 44 -44 10
      vertex 33.6082 9.89227 10
    endloop
  endfacet
  facet normal -0 0 1
    outer loop
      vertex 33.2243 9.50842 10
      vertex 44 -44 10
      vertex 33.4225 9.69406 10
    endloop
  endfacet
  facet normal -0 0 1
    outer loop
      vertex 33.0144 9.33614 10
      vertex 44 -44 10
      vertex 33.2243 9.50842 10
    endloop
  endfacet
  facet normal -0 0 1
    outer loop
      vertex 32.7936 9.17795 10
      vertex 44 -44 10
      vertex 33.0144 9.33614 10
    endloop
  endfacet
  facet normal -0 0 1
    outer loop
      vertex 32.563 9.03455 10
      vertex 44 -44 10
      vertex 32.7936 9.17795 10
    endloop
  endfacet
  facet normal -0 0 1
    outer loop
      vertex 32.3235 8.90653 10
      vertex 44 -44 10
      vertex 32.563 9.03455 10
    endloop
  endfacet
  facet normal -0 0 1
    outer loop
      vertex 32.0762 8.79445 10
      vertex 44 -44 10
      vertex 32.3235 8.90653 10
    endloop
  endfacet
  facet normal -0 0 1
    outer loop
      vertex 31.822 8.69879 10
      vertex 44 -44 10
      vertex 32.0762 8.79445 10
    endloop
  endfacet
  facet normal -0 0 1
    outer loop
      vertex 31.5621 8.61996 10
      vertex 44 -44 10
      vertex 31.822 8.69879 10
    endloop
  endfacet
  facet normal -0 0 1
    outer loop
      vertex 31.2976 8.55829 10
      vertex 44 -44 10
      vertex 31.5621 8.61996 10
    endloop
  endfacet
  facet normal -0 0 1
    outer loop
      vertex 31.0297 8.51406 10
      vertex 44 -44 10
      vertex 31.2976 8.55829 10
    endloop
  endfacet
  facet normal -0 0 1
    outer loop
      vertex 30.7594 8.48744 10
      vertex 44 -44 10
      vertex 31.0297 8.51406 10
    endloop
  endfacet
  facet normal -0 0 1
    outer loop
      vertex 30.488 8.47855 10
      vertex 44 -44 10
      vertex 30.7594 8.48744 10
    endloop
  endfacet
  facet normal 0 0 1
    outer loop
      vertex 30.2166 8.48744 10
      vertex 44 -44 10
      vertex 30.488 8.47855 10
    endloop
  endfacet
  facet normal 0 0 1
    outer loop
      vertex 29.9463 8.51406 10
      vertex 44 -44 10
      vertex 30.2166 8.48744 10
    endloop
  endfacet
  facet normal 0 0 1
    outer loop
      vertex 29.6784 8.55829 10
      vertex 44 -44 10
      vertex 29.9463 8.51406 10
    endloop
  endfacet
  facet normal 0 0 1
    outer loop
      vertex 29.4139 8.61996 10
      vertex 44 -44 10
      vertex 29.6784 8.55829 10
    endloop
  endfacet
  facet normal 0 0 1
    outer loop
      vertex 29.154 8.69879 10
      vertex 44 -44 10
      vertex 29.4139 8.61996 10
    endloop
  endfacet
  facet normal 0 0 1
    outer loop
      vertex 28.8999 8.79445 10
      vertex 44 -44 10
      vertex 29.154 8.69879 10
    endloop
  endfacet
  facet normal 0 0 1
    outer loop
      vertex 28.6525 8.90653 10
      vertex 44 -44 10
      vertex 28.8999 8.79445 10
    endloop
  endfacet
  facet normal 0 0 1
    outer loop
      vertex 28.413 9.03455 10
      vertex 44 -44 10
      vertex 28.6525 8.90653 10
    endloop
  endfacet
  facet normal 0 0 1
    outer loop
      vertex -26.4794 -13.7027 10
      vertex 28.413 9.03455 10
      vertex 28.1824 9.17795 10
    endloop
  endfacet
  facet normal 0 0 1
    outer loop
      vertex -26.4178 -13.4382 10
      vertex 28.1824 9.17795 10
      vertex 27.9617 9.33614 10
    endloop
  endfacet
  facet normal 0 0 1
    outer loop
      vertex -26.3735 -13.1702 10
      vertex 27.9617 9.33614 10
      vertex 27.7517 9.50842 10
    endloop
  endfacet
  facet normal 0 0 1
    outer loop
      vertex -26.3469 -12.9 10
      vertex 27.7517 9.50842 10
      vertex 27.5535 9.69406 10
    endloop
  endfacet
  facet normal 0 0 1
    outer loop
      vertex -26.338 -12.6286 10
      vertex 27.5535 9.69406 10
      vertex 27.3679 9.89227 10
    endloop
  endfacet
  facet normal 0 0 1
    outer loop
      vertex -26.338 -12.6286 10
      vertex 27.3679 9.89227 10
      vertex 27.1956 10.1022 10
    endloop
  endfacet
  facet normal 0 0 1
    outer loop
      vertex -26.338 -12.6286 10
      vertex 27.1956 10.1022 10
      vertex 27.0374 10.3229 10
    endloop
  endfacet
  facet normal 0 0 1
    outer loop
      vertex -26.338 -12.6286 10
      vertex 27.0374 10.3229 10
      vertex 26.894 10.5536 10
    endloop
  endfacet
  facet normal 0 0 1
    outer loop
      vertex -26.338 -12.6286 10
      vertex 26.894 10.5536 10
      vertex 26.766 10.7931 10
    endloop
  endfacet
  facet normal 0 0 1
    outer loop
      vertex -26.338 -12.6286 10
      vertex 26.766 10.7931 10
      vertex 26.6539 11.0404 10
    endloop
  endfacet
  facet normal 0 0 1
    outer loop
      vertex -26.338 -12.6286 10
      vertex 26.6539 11.0404 10
      vertex 26.5583 11.2946 10
    endloop
  endfacet
  facet normal 0 0 1
    outer loop
      vertex -26.338 -12.6286 10
      vertex 26.3469 12.3571 10
      vertex 26.338 12.6286 10
    endloop
  endfacet
  facet normal 0 0 1
    outer loop
      vertex -26.338 -12.6286 10
      vertex 26.3735 12.0869 10
      vertex 26.3469 12.3571 10
    endloop
  endfacet
  facet normal 0 0 1
    outer loop
      vertex -26.338 -12.6286 10
      vertex 26.4178 11.8189 10
      vertex 26.3735 12.0869 10
    endloop
  endfacet
  facet normal 0 0 1
    outer loop
      vertex -26.338 -12.6286 10
      vertex 26.4794 11.5545 10
      vertex 26.4178 11.8189 10
    endloop
  endfacet
  facet normal 0 0 1
    outer loop
      vertex -26.338 -12.6286 10
      vertex 26.5583 11.2946 10
      vertex 26.4794 11.5545 10
    endloop
  endfacet
  facet normal 0 0 1
    outer loop
      vertex 27.5535 9.69406 10
      vertex -26.338 -12.6286 10
      vertex -26.3469 -12.9 10
    endloop
  endfacet
  facet normal 0 0 1
    outer loop
      vertex 27.7517 9.50842 10
      vertex -26.3469 -12.9 10
      vertex -26.3735 -13.1702 10
    endloop
  endfacet
  facet normal 0 0 1
    outer loop
      vertex 27.9617 9.33614 10
      vertex -26.3735 -13.1702 10
      vertex -26.4178 -13.4382 10
    endloop
  endfacet
  facet normal 0 0 1
    outer loop
      vertex 28.1824 9.17795 10
      vertex -26.4178 -13.4382 10
      vertex -26.4794 -13.7027 10
    endloop
  endfacet
  facet normal 0 0 1
    outer loop
      vertex 28.413 9.03455 10
      vertex -26.4794 -13.7027 10
      vertex 44 -44 10
    endloop
  endfacet
  facet normal -0 0 1
    outer loop
      vertex -26.5583 -13.9625 10
      vertex 44 -44 10
      vertex -26.4794 -13.7027 10
    endloop
  endfacet
  facet normal -0 0 1
    outer loop
      vertex -26.6539 -14.2167 10
      vertex 44 -44 10
      vertex -26.5583 -13.9625 10
    endloop
  endfacet
  facet normal -0 0 1
    outer loop
      vertex -26.766 -14.4641 10
      vertex 44 -44 10
      vertex -26.6539 -14.2167 10
    endloop
  endfacet
  facet normal -0 0 1
    outer loop
      vertex -26.894 -14.7036 10
      vertex 44 -44 10
      vertex -26.766 -14.4641 10
    endloop
  endfacet
  facet normal -0 0 1
    outer loop
      vertex -27.0374 -14.9342 10
      vertex 44 -44 10
      vertex -26.894 -14.7036 10
    endloop
  endfacet
  facet normal -0 0 1
    outer loop
      vertex -27.1956 -15.1549 10
      vertex 44 -44 10
      vertex -27.0374 -14.9342 10
    endloop
  endfacet
  facet normal -0 0 1
    outer loop
      vertex -27.3679 -15.3648 10
      vertex 44 -44 10
      vertex -27.1956 -15.1549 10
    endloop
  endfacet
  facet normal -0 0 1
    outer loop
      vertex -27.5535 -15.563 10
      vertex 44 -44 10
      vertex -27.3679 -15.3648 10
    endloop
  endfacet
  facet normal -0 0 1
    outer loop
      vertex -27.7517 -15.7487 10
      vertex 44 -44 10
      vertex -27.5535 -15.563 10
    endloop
  endfacet
  facet normal -0 0 1
    outer loop
      vertex -27.9617 -15.921 10
      vertex 44 -44 10
      vertex -27.7517 -15.7487 10
    endloop
  endfacet
  facet normal 0 0 1
    outer loop
      vertex -44 -44 10
      vertex -27.9617 -15.921 10
      vertex -28.1824 -16.0792 10
    endloop
  endfacet
  facet normal 0 0 1
    outer loop
      vertex -44 -44 10
      vertex -28.1824 -16.0792 10
      vertex -28.413 -16.2226 10
    endloop
  endfacet
  facet normal 0 0 1
    outer loop
      vertex -44 -44 10
      vertex -28.413 -16.2226 10
      vertex -28.6525 -16.3506 10
    endloop
  endfacet
  facet normal 0 0 1
    outer loop
      vertex -44 -44 10
      vertex -28.6525 -16.3506 10
      vertex -28.8999 -16.4627 10
    endloop
  endfacet
  facet normal 0 0 1
    outer loop
      vertex -44 -44 10
      vertex -28.8999 -16.4627 10
      vertex -29.154 -16.5583 10
    endloop
  endfacet
  facet normal 0 0 1
    outer loop
      vertex -44 -44 10
      vertex -29.154 -16.5583 10
      vertex -29.4139 -16.6371 10
    endloop
  endfacet
  facet normal 0 0 1
    outer loop
      vertex -44 -44 10
      vertex -29.4139 -16.6371 10
      vertex -29.6784 -16.6988 10
    endloop
  endfacet
  facet normal 0 0 1
    outer loop
      vertex -44 -44 10
      vertex -29.6784 -16.6988 10
      vertex -29.9463 -16.743 10
    endloop
  endfacet
  facet normal 0 0 1
    outer loop
      vertex -44 -44 10
      vertex -29.9463 -16.743 10
      vertex -30.2166 -16.7697 10
    endloop
  endfacet
  facet normal 0 0 1
    outer loop
      vertex -44 -44 10
      vertex -30.2166 -16.7697 10
      vertex -30.488 -16.7786 10
    endloop
  endfacet
  facet normal 0 0 1
    outer loop
      vertex -44 -44 10
      vertex -30.488 -16.7786 10
      vertex -30.7594 -16.7697 10
    endloop
  endfacet
  facet normal 0 0 1
    outer loop
      vertex -44 -44 10
      vertex -30.7594 -16.7697 10
      vertex -31.0297 -16.743 10
    endloop
  endfacet
  facet normal 0 0 1
    outer loop
      vertex -44 -44 10
      vertex -31.0297 -16.743 10
      vertex -31.2976 -16.6988 10
    endloop
  endfacet
  facet normal 0 0 1
    outer loop
      vertex -44 -44 10
      vertex -31.2976 -16.6988 10
      vertex -31.5621 -16.6371 10
    endloop
  endfacet
  facet normal 0 0 1
    outer loop
      vertex -44 -44 10
      vertex -31.5621 -16.6371 10
      vertex -31.822 -16.5583 10
    endloop
  endfacet
  facet normal 0 0 1
    outer loop
      vertex -34.6291 -12.3571 10
      vertex -44 -44 10
      vertex -34.638 -12.6286 10
    endloop
  endfacet
  facet normal 0 0 1
    outer loop
      vertex -34.638 -12.6286 10
      vertex -44 -44 10
      vertex -34.6291 -12.9 10
    endloop
  endfacet
  facet normal 0 0 1
    outer loop
      vertex -27.9617 -15.921 10
      vertex -44 -44 10
      vertex 44 -44 10
    endloop
  endfacet
  facet normal 0 0 1
    outer loop
      vertex -32.0762 -16.4627 10
      vertex -44 -44 10
      vertex -31.822 -16.5583 10
    endloop
  endfacet
  facet normal 0 0 1
    outer loop
      vertex -32.3235 -16.3506 10
      vertex -44 -44 10
      vertex -32.0762 -16.4627 10
    endloop
  endfacet
  facet normal 0 0 1
    outer loop
      vertex -32.563 -16.2226 10
      vertex -44 -44 10
      vertex -32.3235 -16.3506 10
    endloop
  endfacet
  facet normal 0 0 1
    outer loop
      vertex -32.7936 -16.0792 10
      vertex -44 -44 10
      vertex -32.563 -16.2226 10
    endloop
  endfacet
  facet normal 0 0 1
    outer loop
      vertex -33.0144 -15.921 10
      vertex -44 -44 10
      vertex -32.7936 -16.0792 10
    endloop
  endfacet
  facet normal 0 0 1
    outer loop
      vertex -33.2243 -15.7487 10
      vertex -44 -44 10
      vertex -33.0144 -15.921 10
    endloop
  endfacet
  facet normal 0 0 1
    outer loop
      vertex -33.4225 -15.563 10
      vertex -44 -44 10
      vertex -33.2243 -15.7487 10
    endloop
  endfacet
  facet normal 0 0 1
    outer loop
      vertex -33.6082 -15.3648 10
      vertex -44 -44 10
      vertex -33.4225 -15.563 10
    endloop
  endfacet
  facet normal 0 0 1
    outer loop
      vertex -33.7804 -15.1549 10
      vertex -44 -44 10
      vertex -33.6082 -15.3648 10
    endloop
  endfacet
  facet normal 0 0 1
    outer loop
      vertex -33.9386 -14.9342 10
      vertex -44 -44 10
      vertex -33.7804 -15.1549 10
    endloop
  endfacet
  facet normal 0 0 1
    outer loop
      vertex -34.082 -14.7036 10
      vertex -44 -44 10
      vertex -33.9386 -14.9342 10
    endloop
  endfacet
  facet normal 0 0 1
    outer loop
      vertex -34.21 -14.4641 10
      vertex -44 -44 10
      vertex -34.082 -14.7036 10
    endloop
  endfacet
  facet normal 0 0 1
    outer loop
      vertex -34.3221 -14.2167 10
      vertex -44 -44 10
      vertex -34.21 -14.4641 10
    endloop
  endfacet
  facet normal 0 0 1
    outer loop
      vertex -34.4178 -13.9625 10
      vertex -44 -44 10
      vertex -34.3221 -14.2167 10
    endloop
  endfacet
  facet normal 0 0 1
    outer loop
      vertex -34.4966 -13.7027 10
      vertex -44 -44 10
      vertex -34.4178 -13.9625 10
    endloop
  endfacet
  facet normal 0 0 1
    outer loop
      vertex -34.5583 -13.4382 10
      vertex -44 -44 10
      vertex -34.4966 -13.7027 10
    endloop
  endfacet
  facet normal 0 0 1
    outer loop
      vertex -34.6025 -13.1702 10
      vertex -44 -44 10
      vertex -34.5583 -13.4382 10
    endloop
  endfacet
  facet normal 0 0 1
    outer loop
      vertex -34.6291 -12.9 10
      vertex -44 -44 10
      vertex -34.6025 -13.1702 10
    endloop
  endfacet
  facet normal 1 -0 0
    outer loop
      vertex 44 -44 10
      vertex 44 44 0
      vertex 44 44 10
    endloop
  endfacet
  facet normal 1 0 0
    outer loop
      vertex 44 44 0
      vertex 44 -44 10
      vertex 44 -44 0
    endloop
  endfacet
  facet normal 0 0 -1
    outer loop
      vertex 34.6025 12.0869 0
      vertex 44 44 0
      vertex 44 -44 0
    endloop
  endfacet
  facet normal 0 0 -1
    outer loop
      vertex 44 44 0
      vertex 34.6291 12.3571 0
      vertex 34.638 12.6286 0
    endloop
  endfacet
  facet normal 0 0 -1
    outer loop
      vertex 44 44 0
      vertex 34.6025 12.0869 0
      vertex 34.6291 12.3571 0
    endloop
  endfacet
  facet normal 0 0 -1
    outer loop
      vertex 44 -44 0
      vertex 34.5583 11.8189 0
      vertex 34.6025 12.0869 0
    endloop
  endfacet
  facet normal 0 0 -1
    outer loop
      vertex 44 -44 0
      vertex 34.4966 11.5545 0
      vertex 34.5583 11.8189 0
    endloop
  endfacet
  facet normal 0 0 -1
    outer loop
      vertex 44 -44 0
      vertex 34.4178 11.2946 0
      vertex 34.4966 11.5545 0
    endloop
  endfacet
  facet normal 0 0 -1
    outer loop
      vertex 44 -44 0
      vertex 34.3221 11.0404 0
      vertex 34.4178 11.2946 0
    endloop
  endfacet
  facet normal 0 0 -1
    outer loop
      vertex 44 -44 0
      vertex 34.21 10.7931 0
      vertex 34.3221 11.0404 0
    endloop
  endfacet
  facet normal 0 0 -1
    outer loop
      vertex 44 -44 0
      vertex 34.082 10.5536 0
      vertex 34.21 10.7931 0
    endloop
  endfacet
  facet normal 0 0 -1
    outer loop
      vertex 44 -44 0
      vertex 33.9386 10.3229 0
      vertex 34.082 10.5536 0
    endloop
  endfacet
  facet normal 0 0 -1
    outer loop
      vertex 44 -44 0
      vertex 33.7804 10.1022 0
      vertex 33.9386 10.3229 0
    endloop
  endfacet
  facet normal 0 0 -1
    outer loop
      vertex 44 -44 0
      vertex 33.6082 9.89227 0
      vertex 33.7804 10.1022 0
    endloop
  endfacet
  facet normal 0 0 -1
    outer loop
      vertex 44 -44 0
      vertex 33.4225 9.69406 0
      vertex 33.6082 9.89227 0
    endloop
  endfacet
  facet normal 0 0 -1
    outer loop
      vertex 44 -44 0
      vertex 33.2243 9.50842 0
      vertex 33.4225 9.69406 0
    endloop
  endfacet
  facet normal 0 0 -1
    outer loop
      vertex 44 -44 0
      vertex 33.0144 9.33614 0
      vertex 33.2243 9.50842 0
    endloop
  endfacet
  facet normal 0 0 -1
    outer loop
      vertex 44 -44 0
      vertex 32.7936 9.17795 0
      vertex 33.0144 9.33614 0
    endloop
  endfacet
  facet normal 0 0 -1
    outer loop
      vertex 44 -44 0
      vertex 32.563 9.03455 0
      vertex 32.7936 9.17795 0
    endloop
  endfacet
  facet normal 0 0 -1
    outer loop
      vertex 44 -44 0
      vertex 32.3235 8.90653 0
      vertex 32.563 9.03455 0
    endloop
  endfacet
  facet normal 0 0 -1
    outer loop
      vertex 44 -44 0
      vertex 32.0762 8.79445 0
      vertex 32.3235 8.90653 0
    endloop
  endfacet
  facet normal 0 0 -1
    outer loop
      vertex 44 -44 0
      vertex 31.822 8.69879 0
      vertex 32.0762 8.79445 0
    endloop
  endfacet
  facet normal 0 0 -1
    outer loop
      vertex 44 -44 0
      vertex 31.5621 8.61996 0
      vertex 31.822 8.69879 0
    endloop
  endfacet
  facet normal 0 0 -1
    outer loop
      vertex 44 -44 0
      vertex 31.2976 8.55829 0
      vertex 31.5621 8.61996 0
    endloop
  endfacet
  facet normal 0 0 -1
    outer loop
      vertex 44 -44 0
      vertex 31.0297 8.51406 0
      vertex 31.2976 8.55829 0
    endloop
  endfacet
  facet normal 0 0 -1
    outer loop
      vertex 44 -44 0
      vertex 30.7594 8.48744 0
      vertex 31.0297 8.51406 0
    endloop
  endfacet
  facet normal 0 0 -1
    outer loop
      vertex 44 -44 0
      vertex 30.488 8.47855 0
      vertex 30.7594 8.48744 0
    endloop
  endfacet
  facet normal 0 0 -1
    outer loop
      vertex 44 -44 0
      vertex 30.2166 8.48744 0
      vertex 30.488 8.47855 0
    endloop
  endfacet
  facet normal 0 0 -1
    outer loop
      vertex 44 -44 0
      vertex 29.9463 8.51406 0
      vertex 30.2166 8.48744 0
    endloop
  endfacet
  facet normal 0 0 -1
    outer loop
      vertex 44 -44 0
      vertex 29.6784 8.55829 0
      vertex 29.9463 8.51406 0
    endloop
  endfacet
  facet normal 0 0 -1
    outer loop
      vertex 44 -44 0
      vertex 29.4139 8.61996 0
      vertex 29.6784 8.55829 0
    endloop
  endfacet
  facet normal 0 0 -1
    outer loop
      vertex 44 -44 0
      vertex 29.154 8.69879 0
      vertex 29.4139 8.61996 0
    endloop
  endfacet
  facet normal 0 0 -1
    outer loop
      vertex 44 -44 0
      vertex 28.8999 8.79445 0
      vertex 29.154 8.69879 0
    endloop
  endfacet
  facet normal 0 0 -1
    outer loop
      vertex 44 -44 0
      vertex 28.6525 8.90653 0
      vertex 28.8999 8.79445 0
    endloop
  endfacet
  facet normal 0 0 -1
    outer loop
      vertex 44 -44 0
      vertex 28.413 9.03455 0
      vertex 28.6525 8.90653 0
    endloop
  endfacet
  facet normal 0 0 -1
    outer loop
      vertex -26.4794 -13.7027 0
      vertex 28.413 9.03455 0
      vertex 44 -44 0
    endloop
  endfacet
  facet normal -0 0 -1
    outer loop
      vertex 28.413 9.03455 0
      vertex -26.4794 -13.7027 0
      vertex 28.1824 9.17795 0
    endloop
  endfacet
  facet normal 0 -0 -1
    outer loop
      vertex -26.4178 -13.4382 0
      vertex 28.1824 9.17795 0
      vertex -26.4794 -13.7027 0
    endloop
  endfacet
  facet normal -0 0 -1
    outer loop
      vertex 28.1824 9.17795 0
      vertex -26.4178 -13.4382 0
      vertex 27.9617 9.33614 0
    endloop
  endfacet
  facet normal 0 -0 -1
    outer loop
      vertex -26.3735 -13.1702 0
      vertex 27.9617 9.33614 0
      vertex -26.4178 -13.4382 0
    endloop
  endfacet
  facet normal -0 0 -1
    outer loop
      vertex 27.9617 9.33614 0
      vertex -26.3735 -13.1702 0
      vertex 27.7517 9.50842 0
    endloop
  endfacet
  facet normal 0 -0 -1
    outer loop
      vertex -26.3469 -12.9 0
      vertex 27.7517 9.50842 0
      vertex -26.3735 -13.1702 0
    endloop
  endfacet
  facet normal -0 0 -1
    outer loop
      vertex 27.7517 9.50842 0
      vertex -26.3469 -12.9 0
      vertex 27.5535 9.69406 0
    endloop
  endfacet
  facet normal 0 -0 -1
    outer loop
      vertex -26.338 -12.6286 0
      vertex 27.5535 9.69406 0
      vertex -26.3469 -12.9 0
    endloop
  endfacet
  facet normal -0 0 -1
    outer loop
      vertex 27.5535 9.69406 0
      vertex -26.338 -12.6286 0
      vertex 27.3679 9.89227 0
    endloop
  endfacet
  facet normal 0 0 -1
    outer loop
      vertex -26.3469 -12.3571 0
      vertex 27.3679 9.89227 0
      vertex -26.338 -12.6286 0
    endloop
  endfacet
  facet normal 0 0 -1
    outer loop
      vertex -26.6539 -11.0404 0
      vertex 26.6539 11.0404 0
      vertex -26.5583 -11.2946 0
    endloop
  endfacet
  facet normal -0 0 -1
    outer loop
      vertex 26.766 10.7931 0
      vertex -26.5583 -11.2946 0
      vertex 26.6539 11.0404 0
    endloop
  endfacet
  facet normal 0 0 -1
    outer loop
      vertex -26.5583 -11.2946 0
      vertex 26.766 10.7931 0
      vertex -26.4794 -11.5545 0
    endloop
  endfacet
  facet normal -0 0 -1
    outer loop
      vertex 26.894 10.5536 0
      vertex -26.4794 -11.5545 0
      vertex 26.766 10.7931 0
    endloop
  endfacet
  facet normal 0 0 -1
    outer loop
      vertex -26.4794 -11.5545 0
      vertex 26.894 10.5536 0
      vertex -26.4178 -11.8189 0
    endloop
  endfacet
  facet normal -0 0 -1
    outer loop
      vertex 27.3679 9.89227 0
      vertex -26.3469 -12.3571 0
      vertex 27.1956 10.1022 0
    endloop
  endfacet
  facet normal -0 0 -1
    outer loop
      vertex 27.0374 10.3229 0
      vertex -26.4178 -11.8189 0
      vertex 26.894 10.5536 0
    endloop
  endfacet
  facet normal 0 0 -1
    outer loop
      vertex -26.4178 -11.8189 0
      vertex 27.0374 10.3229 0
      vertex -26.3735 -12.0869 0
    endloop
  endfacet
  facet normal -0 0 -1
    outer loop
      vertex 27.1956 10.1022 0
      vertex -26.3735 -12.0869 0
      vertex 27.0374 10.3229 0
    endloop
  endfacet
  facet normal 0 0 -1
    outer loop
      vertex -26.3735 -12.0869 0
      vertex 27.1956 10.1022 0
      vertex -26.3469 -12.3571 0
    endloop
  endfacet
  facet normal 0 0 -1
    outer loop
      vertex 44 -44 0
      vertex -26.5583 -13.9625 0
      vertex -26.4794 -13.7027 0
    endloop
  endfacet
  facet normal 0 0 -1
    outer loop
      vertex 44 -44 0
      vertex -26.6539 -14.2167 0
      vertex -26.5583 -13.9625 0
    endloop
  endfacet
  facet normal 0 0 -1
    outer loop
      vertex 44 -44 0
      vertex -26.766 -14.4641 0
      vertex -26.6539 -14.2167 0
    endloop
  endfacet
  facet normal 0 0 -1
    outer loop
      vertex 44 -44 0
      vertex -26.894 -14.7036 0
      vertex -26.766 -14.4641 0
    endloop
  endfacet
  facet normal 0 0 -1
    outer loop
      vertex 44 -44 0
      vertex -27.0374 -14.9342 0
      vertex -26.894 -14.7036 0
    endloop
  endfacet
  facet normal 0 0 -1
    outer loop
      vertex 44 -44 0
      vertex -27.1956 -15.1549 0
      vertex -27.0374 -14.9342 0
    endloop
  endfacet
  facet normal 0 0 -1
    outer loop
      vertex 44 -44 0
      vertex -27.3679 -15.3648 0
      vertex -27.1956 -15.1549 0
    endloop
  endfacet
  facet normal 0 0 -1
    outer loop
      vertex 44 -44 0
      vertex -27.5535 -15.563 0
      vertex -27.3679 -15.3648 0
    endloop
  endfacet
  facet normal 0 0 -1
    outer loop
      vertex 44 -44 0
      vertex -27.7517 -15.7487 0
      vertex -27.5535 -15.563 0
    endloop
  endfacet
  facet normal 0 0 -1
    outer loop
      vertex 44 -44 0
      vertex -27.9617 -15.921 0
      vertex -27.7517 -15.7487 0
    endloop
  endfacet
  facet normal 0 0 -1
    outer loop
      vertex -44 -44 0
      vertex -27.9617 -15.921 0
      vertex 44 -44 0
    endloop
  endfacet
  facet normal 0 0 -1
    outer loop
      vertex -27.9617 -15.921 0
      vertex -44 -44 0
      vertex -28.1824 -16.0792 0
    endloop
  endfacet
  facet normal 0 0 -1
    outer loop
      vertex -28.1824 -16.0792 0
      vertex -44 -44 0
      vertex -28.413 -16.2226 0
    endloop
  endfacet
  facet normal 0 0 -1
    outer loop
      vertex -28.413 -16.2226 0
      vertex -44 -44 0
      vertex -28.6525 -16.3506 0
    endloop
  endfacet
  facet normal 0 0 -1
    outer loop
      vertex -28.6525 -16.3506 0
      vertex -44 -44 0
      vertex -28.8999 -16.4627 0
    endloop
  endfacet
  facet normal 0 0 -1
    outer loop
      vertex -28.8999 -16.4627 0
      vertex -44 -44 0
      vertex -29.154 -16.5583 0
    endloop
  endfacet
  facet normal 0 0 -1
    outer loop
      vertex -29.154 -16.5583 0
      vertex -44 -44 0
      vertex -29.4139 -16.6371 0
    endloop
  endfacet
  facet normal 0 0 -1
    outer loop
      vertex -29.4139 -16.6371 0
      vertex -44 -44 0
      vertex -29.6784 -16.6988 0
    endloop
  endfacet
  facet normal 0 0 -1
    outer loop
      vertex -29.6784 -16.6988 0
      vertex -44 -44 0
      vertex -29.9463 -16.743 0
    endloop
  endfacet
  facet normal 0 0 -1
    outer loop
      vertex -29.9463 -16.743 0
      vertex -44 -44 0
      vertex -30.2166 -16.7697 0
    endloop
  endfacet
  facet normal 0 0 -1
    outer loop
      vertex -30.2166 -16.7697 0
      vertex -44 -44 0
      vertex -30.488 -16.7786 0
    endloop
  endfacet
  facet normal -0 0 -1
    outer loop
      vertex -30.488 -16.7786 0
      vertex -44 -44 0
      vertex -30.7594 -16.7697 0
    endloop
  endfacet
  facet normal -0 0 -1
    outer loop
      vertex -30.7594 -16.7697 0
      vertex -44 -44 0
      vertex -31.0297 -16.743 0
    endloop
  endfacet
  facet normal -0 0 -1
    outer loop
      vertex -31.0297 -16.743 0
      vertex -44 -44 0
      vertex -31.2976 -16.6988 0
    endloop
  endfacet
  facet normal -0 0 -1
    outer loop
      vertex -31.2976 -16.6988 0
      vertex -44 -44 0
      vertex -31.5621 -16.6371 0
    endloop
  endfacet
  facet normal -0 0 -1
    outer loop
      vertex -34.6291 -12.9 0
      vertex -44 -44 0
      vertex -34.638 -12.6286 0
    endloop
  endfacet
  facet normal -0 0 -1
    outer loop
      vertex -34.6025 -13.1702 0
      vertex -44 -44 0
      vertex -34.6291 -12.9 0
    endloop
  endfacet
  facet normal -0 0 -1
    outer loop
      vertex -34.5583 -13.4382 0
      vertex -44 -44 0
      vertex -34.6025 -13.1702 0
    endloop
  endfacet
  facet normal -0 0 -1
    outer loop
      vertex -34.4966 -13.7027 0
      vertex -44 -44 0
      vertex -34.5583 -13.4382 0
    endloop
  endfacet
  facet normal -0 0 -1
    outer loop
      vertex -34.4178 -13.9625 0
      vertex -44 -44 0
      vertex -34.4966 -13.7027 0
    endloop
  endfacet
  facet normal -0 0 -1
    outer loop
      vertex -34.3221 -14.2167 0
      vertex -44 -44 0
      vertex -34.4178 -13.9625 0
    endloop
  endfacet
  facet normal -0 0 -1
    outer loop
      vertex -34.21 -14.4641 0
      vertex -44 -44 0
      vertex -34.3221 -14.2167 0
    endloop
  endfacet
  facet normal -0 0 -1
    outer loop
      vertex -34.082 -14.7036 0
      vertex -44 -44 0
      vertex -34.21 -14.4641 0
    endloop
  endfacet
  facet normal -0 0 -1
    outer loop
      vertex -33.9386 -14.9342 0
      vertex -44 -44 0
      vertex -34.082 -14.7036 0
    endloop
  endfacet
  facet normal -0 0 -1
    outer loop
      vertex -33.7804 -15.1549 0
      vertex -44 -44 0
      vertex -33.9386 -14.9342 0
    endloop
  endfacet
  facet normal -0 0 -1
    outer loop
      vertex -33.6082 -15.3648 0
      vertex -44 -44 0
      vertex -33.7804 -15.1549 0
    endloop
  endfacet
  facet normal -0 0 -1
    outer loop
      vertex -33.4225 -15.563 0
      vertex -44 -44 0
      vertex -33.6082 -15.3648 0
    endloop
  endfacet
  facet normal -0 0 -1
    outer loop
      vertex -33.2243 -15.7487 0
      vertex -44 -44 0
      vertex -33.4225 -15.563 0
    endloop
  endfacet
  facet normal -0 0 -1
    outer loop
      vertex -33.0144 -15.921 0
      vertex -44 -44 0
      vertex -33.2243 -15.7487 0
    endloop
  endfacet
  facet normal -0 0 -1
    outer loop
      vertex -32.7936 -16.0792 0
      vertex -44 -44 0
      vertex -33.0144 -15.921 0
    endloop
  endfacet
  facet normal -0 0 -1
    outer loop
      vertex -32.563 -16.2226 0
      vertex -44 -44 0
      vertex -32.7936 -16.0792 0
    endloop
  endfacet
  facet normal -0 0 -1
    outer loop
      vertex -32.3235 -16.3506 0
      vertex -44 -44 0
      vertex -32.563 -16.2226 0
    endloop
  endfacet
  facet normal -0 0 -1
    outer loop
      vertex -32.0762 -16.4627 0
      vertex -44 -44 0
      vertex -32.3235 -16.3506 0
    endloop
  endfacet
  facet normal -0 0 -1
    outer loop
      vertex -31.822 -16.5583 0
      vertex -44 -44 0
      vertex -32.0762 -16.4627 0
    endloop
  endfacet
  facet normal -0 0 -1
    outer loop
      vertex -31.5621 -16.6371 0
      vertex -44 -44 0
      vertex -31.822 -16.5583 0
    endloop
  endfacet
  facet normal 0 0 -1
    outer loop
      vertex 34.6291 12.9 0
      vertex 44 44 0
      vertex 34.638 12.6286 0
    endloop
  endfacet
  facet normal 0 0 -1
    outer loop
      vertex 34.6025 13.1702 0
      vertex 44 44 0
      vertex 34.6291 12.9 0
    endloop
  endfacet
  facet normal 0 0 -1
    outer loop
      vertex 34.5583 13.4382 0
      vertex 44 44 0
      vertex 34.6025 13.1702 0
    endloop
  endfacet
  facet normal 0 0 -1
    outer loop
      vertex 34.4966 13.7027 0
      vertex 44 44 0
      vertex 34.5583 13.4382 0
    endloop
  endfacet
  facet normal 0 0 -1
    outer loop
      vertex 34.4178 13.9625 0
      vertex 44 44 0
      vertex 34.4966 13.7027 0
    endloop
  endfacet
  facet normal 0 0 -1
    outer loop
      vertex 34.3221 14.2167 0
      vertex 44 44 0
      vertex 34.4178 13.9625 0
    endloop
  endfacet
  facet normal 0 0 -1
    outer loop
      vertex 34.21 14.4641 0
      vertex 44 44 0
      vertex 34.3221 14.2167 0
    endloop
  endfacet
  facet normal 0 0 -1
    outer loop
      vertex 34.082 14.7036 0
      vertex 44 44 0
      vertex 34.21 14.4641 0
    endloop
  endfacet
  facet normal 0 0 -1
    outer loop
      vertex 33.9386 14.9342 0
      vertex 44 44 0
      vertex 34.082 14.7036 0
    endloop
  endfacet
  facet normal 0 0 -1
    outer loop
      vertex 33.7804 15.1549 0
      vertex 44 44 0
      vertex 33.9386 14.9342 0
    endloop
  endfacet
  facet normal 0 0 -1
    outer loop
      vertex 33.6082 15.3648 0
      vertex 44 44 0
      vertex 33.7804 15.1549 0
    endloop
  endfacet
  facet normal 0 0 -1
    outer loop
      vertex 33.4225 15.563 0
      vertex 44 44 0
      vertex 33.6082 15.3648 0
    endloop
  endfacet
  facet normal 0 0 -1
    outer loop
      vertex 33.2243 15.7487 0
      vertex 44 44 0
      vertex 33.4225 15.563 0
    endloop
  endfacet
  facet normal 0 0 -1
    outer loop
      vertex 33.0144 15.921 0
      vertex 44 44 0
      vertex 33.2243 15.7487 0
    endloop
  endfacet
  facet normal 0 0 -1
    outer loop
      vertex 32.7936 16.0792 0
      vertex 44 44 0
      vertex 33.0144 15.921 0
    endloop
  endfacet
  facet normal 0 0 -1
    outer loop
      vertex 32.563 16.2226 0
      vertex 44 44 0
      vertex 32.7936 16.0792 0
    endloop
  endfacet
  facet normal 0 0 -1
    outer loop
      vertex 32.3235 16.3506 0
      vertex 44 44 0
      vertex 32.563 16.2226 0
    endloop
  endfacet
  facet normal 0 0 -1
    outer loop
      vertex 32.0762 16.4627 0
      vertex 44 44 0
      vertex 32.3235 16.3506 0
    endloop
  endfacet
  facet normal 0 0 -1
    outer loop
      vertex 31.822 16.5583 0
      vertex 44 44 0
      vertex 32.0762 16.4627 0
    endloop
  endfacet
  facet normal 0 0 -1
    outer loop
      vertex 31.5621 16.6371 0
      vertex 44 44 0
      vertex 31.822 16.5583 0
    endloop
  endfacet
  facet normal 0 0 -1
    outer loop
      vertex 31.2976 16.6988 0
      vertex 44 44 0
      vertex 31.5621 16.6371 0
    endloop
  endfacet
  facet normal 0 0 -1
    outer loop
      vertex 31.0297 16.743 0
      vertex 44 44 0
      vertex 31.2976 16.6988 0
    endloop
  endfacet
  facet normal 0 0 -1
    outer loop
      vertex 30.7594 16.7697 0
      vertex 44 44 0
      vertex 31.0297 16.743 0
    endloop
  endfacet
  facet normal 0 0 -1
    outer loop
      vertex 30.488 16.7786 0
      vertex 44 44 0
      vertex 30.7594 16.7697 0
    endloop
  endfacet
  facet normal 0 0 -1
    outer loop
      vertex 30.2166 16.7697 0
      vertex 44 44 0
      vertex 30.488 16.7786 0
    endloop
  endfacet
  facet normal 0 0 -1
    outer loop
      vertex 29.9463 16.743 0
      vertex 44 44 0
      vertex 30.2166 16.7697 0
    endloop
  endfacet
  facet normal 0 0 -1
    outer loop
      vertex 29.6784 16.6988 0
      vertex 44 44 0
      vertex 29.9463 16.743 0
    endloop
  endfacet
  facet normal 0 0 -1
    outer loop
      vertex 29.4139 16.6371 0
      vertex 44 44 0
      vertex 29.6784 16.6988 0
    endloop
  endfacet
  facet normal 0 0 -1
    outer loop
      vertex 29.154 16.5583 0
      vertex 44 44 0
      vertex 29.4139 16.6371 0
    endloop
  endfacet
  facet normal 0 0 -1
    outer loop
      vertex 28.8999 16.4627 0
      vertex 44 44 0
      vertex 29.154 16.5583 0
    endloop
  endfacet
  facet normal 0 0 -1
    outer loop
      vertex 28.6525 16.3506 0
      vertex 44 44 0
      vertex 28.8999 16.4627 0
    endloop
  endfacet
  facet normal 0 0 -1
    outer loop
      vertex 28.413 16.2226 0
      vertex 44 44 0
      vertex 28.6525 16.3506 0
    endloop
  endfacet
  facet normal 0 0 -1
    outer loop
      vertex 28.1824 16.0792 0
      vertex 44 44 0
      vertex 28.413 16.2226 0
    endloop
  endfacet
  facet normal 0 0 -1
    outer loop
      vertex 27.9617 15.921 0
      vertex 44 44 0
      vertex 28.1824 16.0792 0
    endloop
  endfacet
  facet normal 0 0 -1
    outer loop
      vertex -44 44 0
      vertex 27.9617 15.921 0
      vertex 27.7517 15.7487 0
    endloop
  endfacet
  facet normal 0 0 -1
    outer loop
      vertex -44 44 0
      vertex 27.7517 15.7487 0
      vertex 27.5535 15.563 0
    endloop
  endfacet
  facet normal 0 0 -1
    outer loop
      vertex -44 44 0
      vertex 27.5535 15.563 0
      vertex 27.3679 15.3648 0
    endloop
  endfacet
  facet normal 0 0 -1
    outer loop
      vertex -44 44 0
      vertex 27.3679 15.3648 0
      vertex 27.1956 15.1549 0
    endloop
  endfacet
  facet normal 0 0 -1
    outer loop
      vertex -44 44 0
      vertex 27.1956 15.1549 0
      vertex 27.0374 14.9342 0
    endloop
  endfacet
  facet normal 0 0 -1
    outer loop
      vertex -44 44 0
      vertex 27.0374 14.9342 0
      vertex 26.894 14.7036 0
    endloop
  endfacet
  facet normal -0 0 -1
    outer loop
      vertex 26.6539 11.0404 0
      vertex -26.6539 -11.0404 0
      vertex 26.5583 11.2946 0
    endloop
  endfacet
  facet normal 0 0 -1
    outer loop
      vertex -26.766 -10.7931 0
      vertex 26.5583 11.2946 0
      vertex -26.6539 -11.0404 0
    endloop
  endfacet
  facet normal -0 0 -1
    outer loop
      vertex 26.5583 11.2946 0
      vertex -26.766 -10.7931 0
      vertex 26.4794 11.5545 0
    endloop
  endfacet
  facet normal 0 0 -1
    outer loop
      vertex -26.894 -10.5536 0
      vertex 26.4794 11.5545 0
      vertex -26.766 -10.7931 0
    endloop
  endfacet
  facet normal -0 0 -1
    outer loop
      vertex 26.4794 11.5545 0
      vertex -26.894 -10.5536 0
      vertex 26.4178 11.8189 0
    endloop
  endfacet
  facet normal 0 0 -1
    outer loop
      vertex -27.0374 -10.3229 0
      vertex 26.4178 11.8189 0
      vertex -26.894 -10.5536 0
    endloop
  endfacet
  facet normal -0 0 -1
    outer loop
      vertex 26.4178 11.8189 0
      vertex -27.0374 -10.3229 0
      vertex 26.3735 12.0869 0
    endloop
  endfacet
  facet normal 0 0 -1
    outer loop
      vertex -27.1956 -10.1022 0
      vertex 26.3735 12.0869 0
      vertex -27.0374 -10.3229 0
    endloop
  endfacet
  facet normal -0 0 -1
    outer loop
      vertex 26.3735 12.0869 0
      vertex -27.1956 -10.1022 0
      vertex 26.3469 12.3571 0
    endloop
  endfacet
  facet normal 0 0 -1
    outer loop
      vertex -27.3679 -9.89227 0
      vertex 26.3469 12.3571 0
      vertex -27.1956 -10.1022 0
    endloop
  endfacet
  facet normal -0 0 -1
    outer loop
      vertex 26.3469 12.3571 0
      vertex -27.3679 -9.89227 0
      vertex 26.338 12.6286 0
    endloop
  endfacet
  facet normal 0 0 -1
    outer loop
      vertex -27.5535 -9.69406 0
      vertex 26.338 12.6286 0
      vertex -27.3679 -9.89227 0
    endloop
  endfacet
  facet normal -0 0 -1
    outer loop
      vertex 26.338 12.6286 0
      vertex -27.5535 -9.69406 0
      vertex 26.3469 12.9 0
    endloop
  endfacet
  facet normal 0 0 -1
    outer loop
      vertex -27.7517 -9.50842 0
      vertex 26.3469 12.9 0
      vertex -27.5535 -9.69406 0
    endloop
  endfacet
  facet normal -0 0 -1
    outer loop
      vertex 26.3469 12.9 0
      vertex -27.7517 -9.50842 0
      vertex 26.3735 13.1702 0
    endloop
  endfacet
  facet normal 0 0 -1
    outer loop
      vertex -27.9617 -9.33614 0
      vertex 26.3735 13.1702 0
      vertex -27.7517 -9.50842 0
    endloop
  endfacet
  facet normal -0 0 -1
    outer loop
      vertex 26.3735 13.1702 0
      vertex -27.9617 -9.33614 0
      vertex 26.4178 13.4382 0
    endloop
  endfacet
  facet normal 0 0 -1
    outer loop
      vertex -28.1824 -9.17795 0
      vertex 26.4178 13.4382 0
      vertex -27.9617 -9.33614 0
    endloop
  endfacet
  facet normal -0 0 -1
    outer loop
      vertex 26.4178 13.4382 0
      vertex -28.1824 -9.17795 0
      vertex 26.4794 13.7027 0
    endloop
  endfacet
  facet normal 0 0 -1
    outer loop
      vertex -28.413 -9.03455 0
      vertex 26.4794 13.7027 0
      vertex -28.1824 -9.17795 0
    endloop
  endfacet
  facet normal -0 0 -1
    outer loop
      vertex 26.4794 13.7027 0
      vertex -28.413 -9.03455 0
      vertex 26.5583 13.9625 0
    endloop
  endfacet
  facet normal 0 0 -1
    outer loop
      vertex -44 44 0
      vertex 26.5583 13.9625 0
      vertex -28.413 -9.03455 0
    endloop
  endfacet
  facet normal 0 0 -1
    outer loop
      vertex 26.5583 13.9625 0
      vertex -44 44 0
      vertex 26.6539 14.2167 0
    endloop
  endfacet
  facet normal 0 0 -1
    outer loop
      vertex 26.6539 14.2167 0
      vertex -44 44 0
      vertex 26.766 14.4641 0
    endloop
  endfacet
  facet normal 0 0 -1
    outer loop
      vertex 26.766 14.4641 0
      vertex -44 44 0
      vertex 26.894 14.7036 0
    endloop
  endfacet
  facet normal 0 0 -1
    outer loop
      vertex -44 44 0
      vertex -28.413 -9.03455 0
      vertex -28.6525 -8.90653 0
    endloop
  endfacet
  facet normal 0 0 -1
    outer loop
      vertex -44 44 0
      vertex -28.6525 -8.90653 0
      vertex -28.8999 -8.79445 0
    endloop
  endfacet
  facet normal 0 0 -1
    outer loop
      vertex -44 44 0
      vertex -28.8999 -8.79445 0
      vertex -29.154 -8.69879 0
    endloop
  endfacet
  facet normal 0 0 -1
    outer loop
      vertex -44 44 0
      vertex -29.154 -8.69879 0
      vertex -29.4139 -8.61996 0
    endloop
  endfacet
  facet normal 0 0 -1
    outer loop
      vertex -44 44 0
      vertex -29.4139 -8.61996 0
      vertex -29.6784 -8.55829 0
    endloop
  endfacet
  facet normal 0 0 -1
    outer loop
      vertex -44 44 0
      vertex -29.6784 -8.55829 0
      vertex -29.9463 -8.51406 0
    endloop
  endfacet
  facet normal 0 0 -1
    outer loop
      vertex -44 44 0
      vertex -29.9463 -8.51406 0
      vertex -30.2166 -8.48744 0
    endloop
  endfacet
  facet normal 0 0 -1
    outer loop
      vertex -44 44 0
      vertex -30.2166 -8.48744 0
      vertex -30.488 -8.47855 0
    endloop
  endfacet
  facet normal 0 0 -1
    outer loop
      vertex -44 44 0
      vertex -30.488 -8.47855 0
      vertex -30.7594 -8.48744 0
    endloop
  endfacet
  facet normal 0 0 -1
    outer loop
      vertex -44 44 0
      vertex -30.7594 -8.48744 0
      vertex -31.0297 -8.51406 0
    endloop
  endfacet
  facet normal 0 0 -1
    outer loop
      vertex -44 44 0
      vertex -31.0297 -8.51406 0
      vertex -31.2976 -8.55829 0
    endloop
  endfacet
  facet normal 0 0 -1
    outer loop
      vertex -44 44 0
      vertex -31.2976 -8.55829 0
      vertex -31.5621 -8.61996 0
    endloop
  endfacet
  facet normal 0 0 -1
    outer loop
      vertex -44 44 0
      vertex -31.5621 -8.61996 0
      vertex -31.822 -8.69879 0
    endloop
  endfacet
  facet normal 0 0 -1
    outer loop
      vertex -44 44 0
      vertex -31.822 -8.69879 0
      vertex -32.0762 -8.79445 0
    endloop
  endfacet
  facet normal 0 0 -1
    outer loop
      vertex -44 44 0
      vertex -32.0762 -8.79445 0
      vertex -32.3235 -8.90653 0
    endloop
  endfacet
  facet normal 0 0 -1
    outer loop
      vertex -44 44 0
      vertex -32.3235 -8.90653 0
      vertex -32.563 -9.03455 0
    endloop
  endfacet
  facet normal 0 0 -1
    outer loop
      vertex -44 44 0
      vertex -32.563 -9.03455 0
      vertex -32.7936 -9.17795 0
    endloop
  endfacet
  facet normal 0 0 -1
    outer loop
      vertex -44 -44 0
      vertex -34.6291 -12.3571 0
      vertex -34.638 -12.6286 0
    endloop
  endfacet
  facet normal 0 0 -1
    outer loop
      vertex -44 -44 0
      vertex -34.6025 -12.0869 0
      vertex -34.6291 -12.3571 0
    endloop
  endfacet
  facet normal 0 0 -1
    outer loop
      vertex -44 44 0
      vertex -34.6025 -12.0869 0
      vertex -44 -44 0
    endloop
  endfacet
  facet normal 0 0 -1
    outer loop
      vertex -34.6025 -12.0869 0
      vertex -44 44 0
      vertex -34.5583 -11.8189 0
    endloop
  endfacet
  facet normal 0 0 -1
    outer loop
      vertex 27.9617 15.921 0
      vertex -44 44 0
      vertex 44 44 0
    endloop
  endfacet
  facet normal 0 0 -1
    outer loop
      vertex -33.0144 -9.33614 0
      vertex -44 44 0
      vertex -32.7936 -9.17795 0
    endloop
  endfacet
  facet normal 0 0 -1
    outer loop
      vertex -33.2243 -9.50842 0
      vertex -44 44 0
      vertex -33.0144 -9.33614 0
    endloop
  endfacet
  facet normal 0 0 -1
    outer loop
      vertex -33.4225 -9.69406 0
      vertex -44 44 0
      vertex -33.2243 -9.50842 0
    endloop
  endfacet
  facet normal 0 0 -1
    outer loop
      vertex -33.6082 -9.89227 0
      vertex -44 44 0
      vertex -33.4225 -9.69406 0
    endloop
  endfacet
  facet normal 0 0 -1
    outer loop
      vertex -33.7804 -10.1022 0
      vertex -44 44 0
      vertex -33.6082 -9.89227 0
    endloop
  endfacet
  facet normal 0 0 -1
    outer loop
      vertex -33.9386 -10.3229 0
      vertex -44 44 0
      vertex -33.7804 -10.1022 0
    endloop
  endfacet
  facet normal 0 0 -1
    outer loop
      vertex -34.082 -10.5536 0
      vertex -44 44 0
      vertex -33.9386 -10.3229 0
    endloop
  endfacet
  facet normal 0 0 -1
    outer loop
      vertex -34.21 -10.7931 0
      vertex -44 44 0
      vertex -34.082 -10.5536 0
    endloop
  endfacet
  facet normal 0 0 -1
    outer loop
      vertex -34.3221 -11.0404 0
      vertex -44 44 0
      vertex -34.21 -10.7931 0
    endloop
  endfacet
  facet normal 0 0 -1
    outer loop
      vertex -34.4178 -11.2946 0
      vertex -44 44 0
      vertex -34.3221 -11.0404 0
    endloop
  endfacet
  facet normal 0 0 -1
    outer loop
      vertex -34.4966 -11.5545 0
      vertex -44 44 0
      vertex -34.4178 -11.2946 0
    endloop
  endfacet
  facet normal 0 0 -1
    outer loop
      vertex -34.5583 -11.8189 0
      vertex -44 44 0
      vertex -34.4966 -11.5545 0
    endloop
  endfacet
  facet normal 0 -1 0
    outer loop
      vertex -44 -44 0
      vertex 44 -44 10
      vertex -44 -44 10
    endloop
  endfacet
  facet normal 0 -1 -0
    outer loop
      vertex 44 -44 10
      vertex -44 -44 0
      vertex 44 -44 0
    endloop
  endfacet
  facet normal 0 1 -0
    outer loop
      vertex 44 44 0
      vertex -44 44 10
      vertex 44 44 10
    endloop
  endfacet
  facet normal 0 1 0
    outer loop
      vertex -44 44 10
      vertex 44 44 0
      vertex -44 44 0
    endloop
  endfacet
endsolid OpenSCAD_Model
