t_ms,Fx,Fy,Fz,Mx,My,Mz,pose_x,pose_y,pose_z,pose_rx,pose_ry,pose_rz,ff_enabled,acc_x,acc_y,acc_z,is_still,raw_x,raw_y,raw_z
10913062,-0.007,0.001,-0.010,-0.000,0.000,0.000,-108.420,-190.770,365.670,-174.030,-3.800,-116.530,1,0.0000,0.0000,0.0000,1,-18.430,-3.090,4.940
10913109,-0.047,0.008,-0.034,0.000,0.002,0.001,-108.420,-190.770,365.670,-174.030,-3.800,-116.530,1,0.0000,0.0000,0.0000,1,-18.450,-3.070,4.950
10913156,-0.083,-0.004,0.009,-0.000,0.003,0.000,-108.420,-190.770,365.670,-174.030,-3.800,-116.530,1,0.0000,0.0000,0.0000,1,-18.540,-3.080,4.900
10913250,-0.085,-0.006,0.018,-0.000,0.003,0.000,-108.420,-190.770,365.670,-174.030,-3.800,-116.530,1,0.0000,0.0000,0.0000,1,-18.490,-3.000,4.630
10913296,-0.074,0.018,-0.004,0.000,0.003,0.001,-108.420,-190.770,365.670,-174.030,-3.800,-116.530,1,0.0000,0.0000,0.0000,1,-18.480,-3.050,4.770
10913343,-0.069,0.024,0.021,0.000,0.003,-0.000,-108.420,-190.770,365.670,-174.030,-3.800,-116.530,1,0.0000,0.0000,0.0000,1,-18.420,-3.070,4.940
10913421,-0.073,-0.003,0.007,-0.001,0.003,-0.000,-108.420,-190.770,365.670,-174.030,-3.800,-116.530,1,0.0000,0.0000,0.0000,1,-18.430,-3.060,4.930
10913500,-0.074,0.000,0.004,0.000,0.003,0.001,-108.420,-190.770,365.670,-174.030,-3.800,-116.530,1,0.0000,0.0000,0.0000,1,-18.400,-3.120,4.830
10913593,-0.083,0.002,0.013,-0.000,0.003,-0.000,-108.420,-190.770,365.670,-174.030,-3.800,-116.530,1,0.0000,0.0000,0.0000,1,-18.510,-3.050,4.630
10913671,-0.073,0.000,-0.005,-0.000,0.003,0.001,-108.420,-190.770,365.670,-174.030,-3.800,-116.530,1,0.0000,0.0000,0.0000,1,-18.380,-3.130,5.090
10913781,-0.066,-0.011,0.012,-0.001,0.003,-0.001,-108.420,-190.770,365.670,-174.030,-3.800,-116.530,1,0.0000,0.0000,0.0000,1,-18.430,-3.070,4.950
10913875,-0.096,0.003,0.022,0.000,0.004,-0.000,-108.420,-190.770,365.670,-174.030,-3.800,-116.530,1,0.0000,0.0000,0.0000,1,-18.530,-3.040,4.710
10914015,-0.082,-0.003,0.031,-0.000,0.003,-0.001,-108.420,-190.770,365.670,-174.030,-3.800,-116.530,1,0.0000,0.0000,0.0000,1,-18.350,-3.110,5.100
10914062,-0.097,-0.003,0.029,-0.000,0.003,-0.000,-108.420,-190.770,365.670,-174.030,-3.800,-116.530,1,0.0000,0.0000,0.0000,1,-18.500,-3.020,4.790
10914109,-0.083,0.007,0.037,0.000,0.003,-0.000,-108.420,-190.770,365.670,-174.030,-3.800,-116.530,1,0.0000,0.0000,0.0000,1,-18.440,-3.060,4.940
10914187,-0.076,0.002,-0.008,-0.000,0.003,0.000,-108.420,-190.770,365.670,-174.030,-3.800,-116.530,1,0.0000,0.0000,0.0000,1,-18.400,-3.160,4.800
10914328,-0.075,0.008,0.006,0.000,0.002,0.002,-108.420,-190.770,365.670,-174.030,-3.800,-116.530,1,0.0000,0.0000,0.0000,1,-18.420,-3.090,4.960
10914421,-0.079,-0.006,0.002,0.000,0.003,0.001,-108.420,-190.770,365.670,-174.030,-3.800,-116.530,1,0.0000,0.0000,0.0000,1,-18.430,-3.100,4.980
10914531,-0.077,-0.004,0.003,-0.000,0.003,0.001,-108.420,-190.770,365.670,-174.030,-3.800,-116.530,1,0.0000,0.0000,0.0000,1,-18.430,-3.100,4.930
10914609,-0.080,-0.011,0.016,-0.000,0.003,0.001,-108.420,-190.770,365.670,-174.030,-3.800,-116.530,1,0.0000,0.0000,0.0000,1,-18.420,-3.060,4.980
10914703,-0.090,-0.003,0.005,-0.000,0.003,0.001,-108.420,-190.770,365.670,-174.030,-3.800,-116.530,1,0.0000,0.0000,0.0000,1,-18.530,-3.070,4.700
10914781,-0.095,-0.024,0.044,-0.000,0.004,0.001,-108.420,-190.770,365.670,-174.030,-3.800,-116.530,1,0.0000,0.0000,0.0000,1,-18.460,-3.030,4.700
10914859,-0.061,0.011,0.011,0.000,0.002,0.000,-108.420,-190.770,365.670,-174.030,-3.800,-116.530,1,0.0000,0.0000,0.0000,1,-18.440,-3.100,4.830
10914968,-0.062,-0.002,0.019,-0.000,0.003,-0.000,-108.420,-190.770,365.670,-174.030,-3.800,-116.530,1,0.0000,0.0000,0.0000,1,-18.430,-3.100,4.910
10915078,-0.070,0.011,-0.001,0.001,0.003,0.001,-108.420,-190.770,365.670,-174.030,-3.800,-116.530,1,0.0000,0.0000,0.0000,1,-18.450,-3.050,4.770
10915218,-0.069,0.006,0.007,-0.000,0.003,-0.000,-108.420,-190.770,365.670,-174.030,-3.800,-116.530,1,0.0000,0.0000,0.0000,1,-18.430,-3.040,4.700
10915265,-0.065,0.004,0.020,0.000,0.003,0.000,-108.420,-190.770,365.670,-174.030,-3.800,-116.530,1,0.0000,0.0000,0.0000,1,-18.430,-3.070,4.920
10915312,-0.078,0.003,0.008,0.000,0.003,0.001,-108.420,-190.770,365.670,-174.030,-3.800,-116.530,1,0.0000,0.0000,0.0000,1,-18.440,-3.090,4.930
10915390,-0.086,0.003,0.001,0.000,0.003,0.002,-108.420,-190.770,365.670,-174.030,-3.800,-116.530,1,0.0000,0.0000,0.0000,1,-18.440,-3.120,5.150
10915531,-0.065,0.003,0.007,-0.000,0.003,0.000,-108.420,-190.770,365.670,-174.030,-3.800,-116.530,1,0.0000,0.0000,0.0000,1,-18.380,-3.050,4.960
10915625,-0.052,-0.036,-0.024,0.001,0.004,0.000,-108.420,-190.771,365.670,-174.030,-3.800,-116.530,1,0.0000,0.0000,0.0000,1,-18.280,-3.250,4.980
10915734,0.070,-0.112,-0.042,0.005,0.007,0.000,-108.420,-190.771,365.670,-174.030,-3.800,-116.530,1,0.0000,0.0000,0.0000,1,-18.380,-3.000,4.840
10915812,0.000,0.077,-0.046,-0.004,-0.000,0.001,-109.193,-196.809,365.673,-174.030,-3.800,-116.530,1,0.0000,0.0000,0.0000,1,-18.500,-2.700,4.680
10915906,0.068,0.138,-0.083,0.000,0.001,0.001,-109.193,-196.809,365.673,-174.030,-3.800,-116.530,1,0.0000,0.0000,0.0000,1,-18.360,-2.810,4.660
10915984,0.002,0.179,-0.056,0.004,0.002,0.002,-111.426,-200.811,359.664,-174.030,-3.800,-116.530,1,0.0000,0.0000,0.0000,1,-18.460,-2.840,4.770
10916062,-0.168,0.098,-0.039,0.004,0.006,0.002,-111.426,-200.811,359.664,-174.030,-3.800,-116.530,1,0.0000,0.0000,0.0000,1,-18.440,-2.970,4.940
10916171,0.049,0.073,-0.043,-0.000,0.001,0.000,-115.061,-203.937,349.089,-174.030,-3.800,-116.530,1,0.0000,0.0000,0.0000,0,-18.660,-2.590,4.830
10916281,0.020,0.066,-0.067,0.001,0.005,0.001,-115.061,-203.937,349.089,-174.030,-3.800,-116.530,1,0.0000,0.0000,0.0000,0,-18.500,-3.010,4.770
10916421,-0.141,0.088,0.335,0.004,-0.007,0.002,-122.941,-208.549,329.489,-174.030,-3.800,-116.530,1,0.0000,0.0000,0.0000,0,-18.400,-3.330,4.980
10916468,-0.198,0.058,0.239,0.006,-0.008,0.001,-122.941,-208.549,329.489,-174.030,-3.800,-116.530,1,0.0000,0.0000,0.0000,0,-18.260,-3.140,4.930
10916515,-0.061,0.053,0.097,0.004,-0.000,-0.001,-122.941,-208.549,329.489,-174.030,-3.800,-116.530,1,0.0000,0.0000,0.0000,0,-18.560,-2.850,4.920
10916593,-0.035,0.110,0.001,0.002,0.002,0.000,-123.410,-208.850,329.020,-174.030,-3.800,-116.530,1,0.0000,0.0000,0.0000,0,-18.490,-2.980,4.580
10916734,-0.030,0.090,-0.043,0.003,0.003,0.002,-123.410,-208.850,329.020,-174.030,-3.800,-116.530,1,0.0116,0.0067,0.0298,0,-18.510,-2.900,4.650
10916828,-0.020,0.101,-0.025,0.002,0.001,0.001,-123.410,-208.850,329.020,-174.030,-3.800,-116.530,1,0.0116,0.0067,0.0298,0,-18.350,-3.040,5.000
10916937,0.118,0.032,-0.059,0.005,0.009,0.000,-123.410,-208.850,329.020,-174.030,-3.800,-116.530,1,0.0116,0.0067,0.0298,0,-18.210,-3.070,4.780
10917015,0.118,-0.077,-0.078,0.004,0.013,0.002,-125.991,-212.269,329.002,-174.030,-3.800,-116.530,1,0.0116,0.0067,0.0298,0,-18.010,-3.260,4.740
10917109,0.041,0.000,-0.045,0.003,0.003,0.001,-125.991,-212.269,329.002,-174.030,-3.800,-116.530,1,0.0377,0.0214,0.0988,0,-18.450,-3.310,5.170
10917187,-0.006,-0.065,-0.089,0.002,0.005,0.002,-134.149,-224.112,329.166,-174.030,-3.800,-116.530,1,0.0453,0.0167,0.1448,0,-18.050,-3.070,4.820
10917265,-0.045,0.016,-0.102,0.003,0.000,0.002,-134.149,-224.112,329.166,-174.030,-3.800,-116.530,1,0.0453,0.0167,0.1448,0,-18.380,-3.290,5.110
10917375,-0.024,-0.039,-0.114,0.001,0.001,0.002,-142.427,-238.294,328.788,-174.030,-3.800,-116.530,1,0.0226,-0.0195,0.1406,0,-18.210,-3.030,4.930
10917484,-0.048,0.180,-0.184,-0.003,0.000,0.002,-142.427,-238.294,328.788,-174.030,-3.800,-116.530,1,0.0226,-0.0195,0.1406,0,-18.790,-2.860,4.830
10917625,-0.056,-0.031,-0.134,-0.002,-0.004,0.000,-152.333,-255.529,316.866,-174.030,-3.800,-116.530,1,0.0226,-0.0195,0.1406,0,-18.520,-2.790,5.170
10917671,0.023,0.045,-0.108,0.001,-0.004,0.001,-152.333,-255.529,316.866,-174.030,-3.800,-116.530,1,-0.0029,-0.0561,0.1036,0,-18.630,-2.880,4.860
10917718,0.055,0.073,-0.031,0.003,-0.003,0.000,-152.333,-255.529,316.866,-174.030,-3.800,-116.530,1,-0.0029,-0.0561,0.1036,0,-18.520,-2.790,4.670
10917796,0.009,0.098,-0.038,0.001,-0.005,-0.001,-155.451,-261.543,302.278,-174.030,-3.800,-116.530,1,-0.0029,-0.0561,0.1036,0,-17.900,-3.200,4.880
10917937,0.038,0.077,0.249,0.004,-0.001,-0.000,-155.451,-261.543,302.278,-174.030,-3.800,-116.530,1,-0.0065,-0.0537,0.0462,0,-18.220,-3.090,5.400
10918031,-0.042,0.159,0.180,-0.000,-0.004,0.000,-156.752,-265.931,288.895,-174.030,-3.800,-116.530,1,0.0150,-0.0076,-0.0053,0,-18.420,-2.870,5.110
10918125,0.004,0.093,-0.054,0.004,0.002,0.001,-156.752,-265.931,288.895,-174.030,-3.800,-116.530,1,0.0150,-0.0076,-0.0053,0,-18.420,-2.830,4.990
10918203,-0.002,0.112,0.034,0.002,0.001,-0.001,-156.800,-265.980,288.850,-174.030,-3.800,-116.530,1,0.0150,-0.0076,-0.0053,0,-18.470,-2.820,5.050
10918296,-0.032,0.130,-0.003,0.004,0.002,0.001,-156.800,-265.980,288.850,-174.030,-3.800,-116.530,1,0.0385,0.0422,-0.0166,0,-18.270,-3.040,5.040
10918375,-0.016,0.109,0.045,0.002,0.000,-0.002,-156.800,-265.980,288.850,-174.030,-3.800,-116.530,1,0.0385,0.0422,-0.0166,0,-18.330,-2.900,5.010
10918453,0.084,0.184,-0.121,0.002,0.007,0.001,-156.800,-265.980,288.850,-174.030,-3.800,-116.530,1,0.0385,0.0422,-0.0166,0,-18.330,-2.810,4.360
10918562,-0.022,-0.069,-0.100,0.011,0.011,0.001,-158.999,-268.312,285.944,-174.030,-3.800,-116.530,1,0.0466,0.0692,0.0108,0,-18.410,-2.870,4.560
10918687,-0.016,-0.063,-0.007,0.002,0.003,0.001,-158.999,-268.312,285.944,-174.030,-3.800,-116.530,1,0.0466,0.0692,0.0108,0,-18.280,-3.030,4.910
10918828,-0.111,0.186,-0.042,-0.005,-0.008,-0.000,-166.799,-285.313,271.194,-174.030,-3.800,-116.530,1,0.0466,0.0692,0.0108,0,-18.200,-2.880,5.450
10918875,-0.067,0.152,-0.047,-0.004,-0.005,-0.001,-166.799,-285.313,271.194,-174.030,-3.800,-116.530,1,0.0381,0.0633,0.0272,0,-18.390,-3.010,4.950
10918921,-0.064,0.122,-0.013,-0.002,-0.006,-0.000,-166.799,-285.313,271.194,-174.030,-3.800,-116.530,1,0.0381,0.0633,0.0272,0,-18.300,-2.940,4.910
10919000,-0.055,0.183,0.039,-0.001,-0.003,-0.001,-169.278,-289.437,259.191,-174.030,-3.800,-116.530,1,0.0381,0.0633,0.0272,0,-18.490,-3.110,4.650
10919140,-0.023,0.111,0.045,0.005,0.002,0.000,-169.278,-289.437,259.191,-174.030,-3.800,-116.530,1,0.0270,0.0487,0.0180,0,-18.680,-2.800,5.170
10919234,-0.048,0.149,0.025,0.003,0.000,-0.001,-170.107,-289.911,245.542,-174.030,-3.800,-116.530,1,0.0311,0.0667,0.0094,0,-18.420,-2.900,4.880
10919343,-0.052,0.190,0.032,0.000,-0.001,-0.001,-170.107,-289.911,245.542,-174.030,-3.800,-116.530,1,0.0311,0.0667,0.0094,0,-18.330,-2.980,5.230
10919421,-0.062,0.170,0.020,0.002,0.000,-0.001,-170.303,-289.413,237.872,-174.030,-3.800,-116.530,1,0.0311,0.0667,0.0094,0,-18.320,-2.940,4.950
10919515,-0.087,0.110,-0.027,0.008,0.001,-0.000,-170.303,-289.413,237.872,-174.030,-3.800,-116.530,1,0.0396,0.0915,0.0112,0,-18.300,-2.720,4.630
10919593,-0.084,0.144,-0.019,-0.001,0.005,-0.000,-170.617,-288.320,230.984,-173.871,-3.721,-116.530,1,0.0396,0.0915,0.0112,0,-18.670,-2.670,5.130
10919671,-0.081,0.106,-0.001,0.006,0.005,0.001,-170.617,-288.320,230.984,-173.871,-3.721,-116.530,1,0.0393,0.0935,0.0231,0,-18.660,-2.870,4.920
10919781,-0.164,0.126,-0.039,0.003,0.003,-0.000,-170.915,-287.189,225.386,-173.918,-3.740,-116.487,1,0.0323,0.0802,0.0358,0,-18.450,-3.190,4.600
10919890,-0.122,0.104,-0.309,0.003,0.001,0.000,-170.915,-287.189,225.386,-173.918,-3.740,-116.487,1,0.0323,0.0802,0.0358,0,-18.380,-3.070,4.350
10920031,-0.249,0.042,-0.442,-0.006,-0.011,0.000,-172.504,-286.947,219.973,-173.914,-3.738,-116.495,1,0.0323,0.0802,0.0358,0,-18.580,-3.240,4.410
10920078,-0.262,0.065,-0.570,-0.012,-0.017,0.000,-172.504,-286.947,219.973,-173.914,-3.738,-116.495,1,0.0219,0.0593,0.0408,0,-18.430,-3.130,4.410
10920125,-0.151,0.061,-0.615,-0.015,-0.014,-0.001,-172.504,-286.947,219.973,-173.914,-3.738,-116.495,1,0.0219,0.0593,0.0408,0,-18.420,-2.910,4.320
10920203,-0.057,0.066,-0.794,-0.017,-0.010,-0.000,-174.079,-287.121,217.870,-173.915,-3.740,-116.491,1,0.0219,0.0593,0.0408,0,-18.300,-2.850,4.250
10920343,-0.184,0.061,-0.827,-0.011,-0.028,-0.001,-174.079,-287.121,217.870,-173.915,-3.740,-116.491,1,0.0111,0.0365,0.0423,0,-18.550,-3.140,4.110
10920437,-0.087,0.100,-0.833,-0.007,-0.027,0.002,-175.284,-287.890,216.610,-173.910,-3.740,-116.490,1,0.0033,0.0162,0.0450,0,-18.460,-2.860,4.210
10920546,-0.151,0.092,-0.871,-0.010,-0.032,0.001,-175.284,-287.890,216.610,-173.910,-3.740,-116.490,1,0.0033,0.0162,0.0450,0,-18.540,-3.100,3.790
10920625,-0.152,0.066,-0.893,-0.007,-0.034,0.001,-174.849,-287.811,216.570,-173.910,-3.740,-116.490,1,0.0017,0.0027,0.0455,0,-18.480,-2.960,4.010
10920718,-0.132,0.076,-0.832,-0.008,-0.032,0.001,-174.849,-287.811,216.570,-173.910,-3.740,-116.490,1,0.0017,0.0027,0.0455,0,-18.410,-2.990,4.250
10920796,-0.144,0.063,-0.811,-0.006,-0.033,0.000,-174.623,-287.796,216.596,-173.910,-3.740,-116.490,1,0.0017,0.0027,0.0455,0,-18.500,-2.950,4.050
10920875,-0.153,0.071,-0.832,-0.006,-0.032,0.001,-174.623,-287.796,216.596,-173.910,-3.740,-116.490,1,0.0050,-0.0029,0.0415,0,-18.550,-2.970,3.870
10920984,-0.166,0.054,-0.822,-0.007,-0.032,0.001,-174.610,-287.800,216.600,-173.910,-3.740,-116.490,1,0.0069,-0.0042,0.0336,0,-18.570,-2.980,4.000
10921031,-0.159,0.056,-0.819,-0.008,-0.032,0.000,-174.610,-287.800,216.600,-173.910,-3.740,-116.490,1,0.0069,-0.0042,0.0336,0,-18.510,-2.990,4.120
10921109,-0.142,0.079,-0.840,-0.009,-0.032,0.001,-174.610,-287.800,216.600,-173.910,-3.740,-116.490,1,0.0069,-0.0042,0.0336,0,-18.660,-2.950,3.840
10921250,-0.144,0.098,-0.825,-0.008,-0.032,0.002,-174.603,-287.817,216.614,-173.910,-3.740,-116.490,1,0.0069,-0.0042,0.0336,0,-18.570,-3.060,4.090
10921296,-0.142,0.088,-0.812,-0.006,-0.033,0.001,-174.603,-287.817,216.614,-173.910,-3.740,-116.490,1,0.0057,-0.0042,0.0235,0,-18.510,-3.000,4.100
10921343,-0.138,0.058,-0.794,-0.005,-0.033,0.000,-174.603,-287.817,216.614,-173.910,-3.740,-116.490,1,0.0057,-0.0042,0.0235,0,-18.580,-3.150,4.050
10921421,-0.157,0.094,-0.838,-0.005,-0.031,0.003,-174.280,-287.830,216.660,-173.910,-3.740,-116.490,1,0.0057,-0.0042,0.0235,0,-18.590,-3.000,4.110
10921562,-0.136,0.092,-0.821,-0.009,-0.032,0.000,-174.280,-287.830,216.660,-173.910,-3.740,-116.490,1,0.0042,-0.0035,0.0143,0,-18.510,-3.040,4.030
10921656,-0.154,0.091,-0.809,-0.008,-0.031,0.001,-174.120,-287.800,216.660,-173.910,-3.740,-116.490,1,0.0035,-0.0024,0.0071,0,-18.690,-2.930,3.900
10921765,-0.163,0.097,-0.797,-0.008,-0.031,0.001,-174.120,-287.800,216.660,-173.910,-3.740,-116.490,1,0.0035,-0.0024,0.0071,0,-18.480,-3.000,3.970
10921843,-0.147,0.082,-0.751,-0.010,-0.031,-0.001,-174.199,-287.811,216.660,-173.910,-3.740,-116.490,1,0.0035,-0.0024,0.0071,0,-18.440,-2.940,4.150
10921921,-0.125,0.102,-0.807,-0.012,-0.029,0.001,-174.199,-287.811,216.660,-173.910,-3.740,-116.490,1,0.0024,-0.0014,0.0023,1,-18.510,-3.010,4.280
10922015,-0.134,0.122,-0.814,-0.010,-0.027,0.002,-174.280,-287.830,216.660,-173.910,-3.740,-116.490,1,0.0024,-0.0014,0.0023,1,-18.600,-2.900,3.940
10922078,-0.148,0.128,-0.821,-0.007,-0.027,0.002,-174.280,-287.830,216.660,-173.910,-3.740,-116.490,1,0.0008,-0.0007,-0.0006,1,-18.520,-3.090,4.170
10922203,-0.139,0.097,-0.807,-0.006,-0.028,0.002,-174.200,-287.810,216.660,-173.910,-3.740,-116.490,1,-0.0002,-0.0003,-0.0019,1,-18.620,-2.850,3.780
10922296,-0.149,0.101,-0.794,-0.007,-0.030,0.001,-174.200,-287.810,216.660,-173.910,-3.740,-116.490,1,-0.0002,-0.0003,-0.0019,1,-18.500,-2.970,4.170
10922437,-0.147,0.109,-0.835,-0.008,-0.031,0.002,-174.200,-287.810,216.659,-173.910,-3.740,-116.490,1,-0.0002,-0.0003,-0.0019,1,-18.480,-3.010,4.130
10922484,-0.152,0.093,-0.821,-0.007,-0.030,0.003,-174.200,-287.810,216.659,-173.910,-3.740,-116.490,1,-0.0002,0.0001,-0.0022,1,-18.620,-2.930,3.830
10922531,-0.150,0.081,-0.833,-0.006,-0.029,0.002,-174.200,-287.810,216.659,-173.910,-3.740,-116.490,1,-0.0002,0.0001,-0.0022,1,-18.440,-2.950,4.110
10922609,-0.132,0.086,-0.850,-0.006,-0.029,0.001,-174.186,-287.867,216.531,-173.910,-3.740,-116.490,1,-0.0002,0.0001,-0.0022,1,-18.600,-2.870,3.810
10922750,-0.144,0.091,-0.923,-0.010,-0.029,0.001,-174.186,-287.867,216.531,-173.910,-3.740,-116.490,1,0.0000,0.0002,-0.0022,1,-18.480,-2.990,3.870
10922843,-0.117,0.086,-0.929,-0.010,-0.028,-0.000,-174.250,-287.980,216.260,-173.910,-3.740,-116.490,1,0.0000,-0.0001,-0.0024,1,-18.510,-2.930,4.100
10922953,-0.133,0.103,-1.014,-0.010,-0.028,0.002,-174.250,-287.980,216.260,-173.910,-3.740,-116.490,1,0.0000,-0.0001,-0.0024,1,-18.440,-3.080,3.870
10923031,-0.122,0.113,-1.066,-0.010,-0.027,0.002,-174.141,-288.091,215.915,-173.910,-3.740,-116.490,1,0.0000,-0.0001,-0.0024,1,-18.570,-2.910,3.590
10923125,-0.123,0.110,-1.045,-0.012,-0.026,0.000,-174.141,-288.091,215.915,-173.910,-3.740,-116.490,1,0.0001,-0.0004,-0.0026,1,-18.430,-2.960,3.720
10923203,-0.104,0.110,-1.028,-0.012,-0.027,-0.000,-174.140,-288.120,215.850,-173.910,-3.740,-116.490,1,0.0001,-0.0004,-0.0026,1,-18.510,-2.980,4.060
10923281,-0.115,0.115,-1.053,-0.012,-0.027,0.001,-174.140,-288.120,215.850,-173.910,-3.740,-116.490,1,0.0003,-0.0004,-0.0020,1,-18.510,-3.020,4.050
10923390,-0.111,0.123,-1.086,-0.011,-0.026,0.002,-174.130,-288.140,215.800,-173.910,-3.740,-116.490,1,0.0001,0.0000,-0.0003,1,-18.630,-2.950,3.670
10923500,-0.122,0.112,-1.018,-0.012,-0.026,0.000,-174.130,-288.140,215.800,-173.910,-3.740,-116.490,1,0.0001,0.0000,-0.0003,1,-18.550,-2.940,3.600
10923640,-0.124,0.116,-1.050,-0.012,-0.026,0.001,-174.130,-288.140,215.800,-173.910,-3.740,-116.490,1,0.0001,0.0000,-0.0003,1,-18.550,-2.950,3.590
10923687,-0.114,0.099,-1.040,-0.013,-0.026,0.001,-174.130,-288.140,215.800,-173.910,-3.740,-116.490,1,0.0001,0.0000,-0.0003,1,-18.490,-2.960,3.950
10923734,-0.120,0.103,-1.025,-0.013,-0.026,0.001,-174.130,-288.140,215.800,-173.910,-3.740,-116.490,1,0.0001,0.0000,-0.0003,1,-18.510,-2.980,3.640
10923812,-0.118,0.103,-1.032,-0.013,-0.026,0.000,-174.130,-288.140,215.800,-173.910,-3.740,-116.490,1,0.0001,0.0000,-0.0003,1,-18.460,-3.030,3.730
10923953,-0.086,0.116,-1.220,-0.014,-0.023,-0.000,-174.130,-288.140,215.800,-173.910,-3.740,-116.490,1,0.0001,0.0000,-0.0003,1,-18.490,-2.990,3.380
10924046,-0.065,0.168,-1.578,-0.020,-0.015,0.002,-174.094,-288.473,214.141,-173.910,-3.740,-116.490,1,0.0000,0.0000,0.0000,1,-18.470,-2.820,2.810
10924093,-0.044,0.188,-1.691,-0.024,-0.009,0.001,-174.094,-288.473,214.141,-173.910,-3.740,-116.490,1,0.0000,0.0000,0.0000,1,-18.350,-2.900,3.340
10924171,0.039,0.216,-1.879,-0.030,0.002,0.002,-174.094,-288.473,214.141,-173.910,-3.740,-116.490,1,0.0000,0.0000,0.0000,1,-18.390,-2.950,2.950
10924250,0.043,0.252,-2.028,-0.034,0.005,0.000,-173.994,-288.210,212.271,-173.910,-3.740,-116.490,1,0.0000,0.0000,0.0000,1,-18.270,-2.810,2.750
10924328,0.216,0.255,-2.351,-0.040,0.033,-0.000,-173.994,-288.210,212.271,-173.910,-3.740,-116.490,1,0.0000,0.0000,0.0000,1,-17.940,-2.870,2.680
10924421,0.569,0.124,-2.662,-0.024,0.098,0.001,-173.720,-286.833,209.029,-173.910,-3.740,-116.490,1,0.0000,0.0000,0.0000,1,-17.740,-3.180,2.440
10924500,0.369,0.030,-2.409,-0.007,0.083,0.001,-173.720,-286.833,209.029,-173.910,-3.740,-116.490,1,0.0000,0.0000,0.0000,1,-18.170,-3.000,2.570
10924609,0.063,0.219,-1.422,-0.007,0.022,0.002,-169.944,-286.028,208.867,-173.731,-3.561,-116.490,1,0.0000,0.0000,0.0000,0,-18.260,-2.840,3.400
10924703,0.387,0.255,-0.901,-0.020,0.014,-0.000,-169.944,-286.028,208.867,-173.731,-3.561,-116.490,1,0.0000,0.0000,0.0000,0,-17.970,-2.780,4.260
10924843,0.587,0.457,-1.120,-0.049,0.082,0.000,-167.935,-285.479,208.925,-173.779,-3.609,-116.413,1,0.0000,0.0000,0.0000,0,-17.810,-2.860,3.550
10924890,0.501,0.339,-1.283,-0.044,0.110,-0.002,-167.935,-285.479,208.925,-173.779,-3.609,-116.413,1,0.0000,0.0000,0.0000,0,-18.060,-2.780,3.540
10924937,0.370,0.237,-1.354,-0.036,0.117,-0.001,-167.935,-285.479,208.925,-173.779,-3.609,-116.413,1,0.0000,0.0000,0.0000,0,-18.270,-2.840,3.620
10925015,0.052,0.335,-0.901,-0.031,0.036,0.000,-167.312,-284.312,208.440,-173.766,-3.596,-116.414,1,0.0000,0.0000,0.0000,0,-18.160,-2.870,4.370
10925156,0.134,0.192,-0.470,-0.012,-0.020,0.001,-167.312,-284.312,208.440,-173.766,-3.596,-116.414,1,-0.0022,0.0010,-0.0008,0,-17.850,-2.800,4.090
10925250,0.733,0.191,-1.219,-0.023,0.099,-0.001,-164.957,-283.521,208.022,-173.771,-3.601,-116.411,1,-0.0055,0.0028,-0.0027,0,-17.570,-3.040,3.560
10925359,0.669,0.010,-1.636,0.009,0.171,-0.002,-164.957,-283.521,208.022,-173.771,-3.601,-116.411,1,-0.0055,0.0028,-0.0027,0,-18.110,-3.150,2.960
10925437,0.355,-0.183,-1.470,0.026,0.140,-0.001,-170.480,-284.737,207.954,-173.770,-3.600,-116.410,1,-0.0055,0.0028,-0.0027,0,-18.150,-3.070,3.360
10925531,0.112,0.059,-0.727,0.015,0.017,0.000,-170.480,-284.737,207.954,-173.770,-3.600,-116.410,1,-0.0137,0.0012,-0.0035,0,-18.520,-2.800,4.190
10925609,0.011,0.152,-0.391,-0.003,-0.030,0.002,-161.684,-283.872,208.384,-173.770,-3.600,-116.410,1,-0.0137,0.0012,-0.0035,0,-18.340,-2.760,4.680
10925687,0.301,0.231,-0.587,-0.005,0.021,-0.000,-161.684,-283.872,208.384,-173.770,-3.600,-116.410,1,-0.0089,-0.0014,-0.0016,0,-17.820,-2.830,3.860
10925796,1.018,0.186,-1.753,-0.002,0.178,-0.002,-167.186,-285.293,208.566,-173.770,-3.600,-116.410,1,0.0086,-0.0018,0.0012,0,-17.680,-2.980,3.080
10925906,0.534,-0.238,-1.508,0.027,0.150,-0.001,-167.186,-285.293,208.566,-173.770,-3.600,-116.410,1,0.0086,-0.0018,0.0012,0,-17.980,-3.490,3.390
10926046,0.186,-0.381,-1.247,0.070,0.062,-0.001,-169.835,-285.893,208.798,-173.770,-3.600,-116.410,1,0.0086,-0.0018,0.0012,0,-18.130,-3.090,3.860
10926093,0.287,-0.200,-1.075,0.061,0.043,0.000,-169.835,-285.893,208.798,-173.770,-3.600,-116.410,1,-0.0047,-0.0050,0.0024,0,-17.980,-3.120,4.640
10926140,0.332,0.071,-0.676,0.025,0.018,0.001,-169.835,-285.893,208.798,-173.770,-3.600,-116.410,1,-0.0047,-0.0050,0.0024,0,-18.230,-2.900,3.710
10926218,0.552,0.114,-0.590,0.011,0.048,-0.000,-165.176,-288.277,210.854,-173.770,-3.600,-116.410,1,-0.0047,-0.0050,0.0024,0,-17.810,-2.830,3.690
10926359,0.418,0.096,-1.366,0.004,0.135,0.001,-165.176,-288.277,210.854,-173.770,-3.600,-116.410,1,-0.0176,-0.0109,0.0051,0,-18.140,-3.340,3.500
10926453,0.164,-0.163,-1.160,0.016,0.099,-0.000,-172.400,-290.300,211.528,-173.770,-3.600,-116.410,1,-0.0074,-0.0165,0.0098,0,-18.300,-3.210,3.750
10926562,0.327,0.128,-0.676,0.014,0.036,-0.001,-172.400,-290.300,211.528,-173.770,-3.600,-116.410,1,-0.0074,-0.0165,0.0098,0,-18.010,-2.980,4.450
10926640,0.496,0.175,-0.573,0.001,0.031,-0.001,-166.039,-289.378,211.471,-173.770,-3.600,-116.410,1,0.0027,-0.0150,0.0097,0,-17.780,-2.660,3.950
10926734,0.583,0.240,-1.091,-0.007,0.101,0.000,-166.039,-289.378,211.471,-173.770,-3.600,-116.410,1,0.0027,-0.0150,0.0097,0,-18.030,-2.870,3.900
10926812,0.280,-0.041,-1.197,0.003,0.115,-0.001,-171.695,-289.785,211.371,-173.770,-3.600,-116.410,1,0.0027,-0.0150,0.0097,0,-18.360,-3.020,3.840
10926875,0.035,-0.024,-1.038,0.013,0.076,-0.001,-171.695,-289.785,211.371,-173.770,-3.600,-116.410,1,0.0074,-0.0066,0.0048,0,-18.070,-3.100,4.050
10926984,0.162,0.046,-0.493,0.006,-0.002,0.001,-164.720,-287.991,210.980,-173.770,-3.600,-116.410,1,0.0058,0.0013,0.0001,0,-18.350,-3.090,4.440
10927093,0.356,0.216,-0.575,-0.009,0.036,-0.001,-164.720,-287.991,210.980,-173.770,-3.600,-116.410,1,0.0058,0.0013,0.0001,0,-17.790,-2.960,3.960
10927250,0.580,0.048,-1.594,0.007,0.148,-0.000,-171.263,-289.475,210.677,-173.770,-3.600,-116.410,1,0.0058,0.0013,0.0001,0,-18.040,-3.250,3.360
10927296,0.332,-0.127,-1.542,0.015,0.141,-0.000,-171.263,-289.475,210.677,-173.770,-3.600,-116.410,1,0.0158,0.0076,-0.0031,0,-18.020,-3.200,3.330
10927343,0.210,-0.223,-1.466,0.026,0.118,0.000,-171.263,-289.475,210.677,-173.770,-3.600,-116.410,1,0.0158,0.0076,-0.0031,0,-18.320,-2.940,3.520
10927421,0.275,-0.050,-1.358,0.036,0.070,0.000,-167.852,-288.939,210.576,-173.770,-3.600,-116.410,1,0.0158,0.0076,-0.0031,0,-17.950,-3.260,4.020
10927562,0.309,0.156,-0.628,-0.001,0.027,-0.001,-167.852,-288.939,210.576,-173.770,-3.600,-116.410,1,0.0355,0.0117,-0.0042,0,-17.840,-2.790,3.980
10927656,0.541,0.060,-1.098,-0.009,0.092,-0.000,-166.197,-289.110,210.991,-173.770,-3.600,-116.410,1,0.0596,0.0151,-0.0027,0,-17.770,-3.060,3.280
10927765,0.478,0.027,-1.419,0.015,0.118,0.000,-166.197,-289.110,210.991,-173.770,-3.600,-116.410,1,0.0596,0.0151,-0.0027,0,-17.670,-3.010,3.880
10927843,0.397,0.079,-1.073,0.007,0.074,0.000,-166.784,-289.577,211.044,-173.770,-3.600,-116.410,1,0.0596,0.0151,-0.0027,0,-17.910,-3.230,3.940
10927921,0.242,0.034,-0.649,0.002,0.032,-0.000,-166.784,-289.577,211.044,-173.770,-3.600,-116.410,1,0.0703,0.0154,-0.0006,0,-18.270,-2.740,4.250
10928015,0.054,0.042,-0.199,-0.007,0.005,-0.001,-165.156,-289.213,212.067,-173.770,-3.600,-116.410,1,0.0703,0.0154,-0.0006,0,-18.460,-2.950,4.790
10928093,0.040,0.042,-0.119,-0.002,-0.004,0.001,-165.156,-289.213,212.067,-173.770,-3.600,-116.410,1,0.0593,0.0127,0.0018,0,-18.680,-2.610,4.710
10928203,0.186,0.156,-0.073,-0.010,0.019,0.000,-167.056,-290.149,214.927,-173.770,-3.600,-116.410,1,0.0418,0.0093,0.0081,0,-18.410,-2.850,4.740
10928296,-0.031,0.146,-0.127,-0.003,0.021,0.001,-167.056,-290.149,214.927,-173.770,-3.600,-116.410,1,0.0418,0.0093,0.0081,0,-18.630,-2.870,4.800
10928453,-0.104,-0.006,-0.016,0.001,-0.000,0.001,-173.274,-291.888,223.548,-173.770,-3.600,-116.410,1,0.0418,0.0093,0.0081,0,-18.340,-3.170,4.660
10928500,0.055,0.022,-0.051,-0.001,0.007,-0.000,-173.274,-291.888,223.548,-173.770,-3.600,-116.410,1,0.0152,0.0026,0.0207,0,-18.410,-2.860,4.640
10928609,-0.045,-0.008,0.017,0.004,-0.001,0.001,-176.279,-292.774,226.660,-173.770,-3.600,-116.410,1,0.0152,0.0026,0.0207,0,-18.320,-3.060,4.890
10928750,0.016,0.043,0.057,0.004,-0.002,0.000,-176.279,-292.774,226.660,-173.770,-3.600,-116.410,1,-0.0058,-0.0026,0.0230,0,-18.100,-3.070,5.020
10928843,0.030,0.066,0.057,-0.000,0.000,-0.000,-176.065,-293.386,229.005,-173.770,-3.600,-116.410,1,-0.0026,-0.0017,0.0020,0,-18.320,-3.230,5.110
10928953,-0.018,0.013,0.088,0.003,-0.003,-0.000,-176.065,-293.386,229.005,-173.770,-3.600,-116.410,1,-0.0026,-0.0017,0.0020,0,-18.290,-2.770,4.980
10929031,0.045,0.073,-0.092,-0.003,0.003,-0.000,-174.443,-292.879,233.314,-173.770,-3.600,-116.410,1,-0.0026,-0.0017,0.0020,0,-18.450,-3.070,4.630
10929125,0.016,0.032,-0.040,0.001,0.003,0.001,-174.443,-292.879,233.314,-173.770,-3.600,-116.410,1,0.0134,0.0024,-0.0184,0,-18.350,-2.930,4.560
10929203,-0.026,0.051,-0.003,-0.000,0.001,0.001,-174.869,-292.913,232.635,-173.764,-3.600,-116.404,1,0.0134,0.0024,-0.0184,0,-18.430,-3.230,5.150
10929281,-0.004,0.034,0.035,0.001,0.002,-0.001,-174.869,-292.913,232.635,-173.764,-3.600,-116.404,1,0.0218,0.0059,-0.0291,0,-18.610,-3.020,4.790
10929390,-0.003,0.039,0.062,0.001,0.001,-0.000,-175.356,-293.116,230.763,-173.763,-3.600,-116.403,1,0.0170,0.0059,-0.0443,0,-18.490,-2.990,4.770
10929500,0.008,0.039,0.047,0.000,0.000,-0.001,-175.356,-293.116,230.763,-173.763,-3.600,-116.403,1,0.0170,0.0059,-0.0443,0,-18.420,-3.030,4.890
10929640,-0.013,0.061,-0.007,0.001,0.001,0.001,-175.535,-292.984,227.250,-173.760,-3.600,-116.400,1,0.0170,0.0059,-0.0443,0,-18.270,-3.180,4.990
10929687,-0.005,0.040,0.041,0.001,0.002,-0.000,-175.535,-292.984,227.250,-173.760,-3.600,-116.400,1,0.0083,0.0036,-0.0561,0,-18.330,-3.140,4.600
10929734,0.019,0.032,-0.021,0.003,0.005,0.000,-175.535,-292.984,227.250,-173.760,-3.600,-116.400,1,0.0083,0.0036,-0.0561,0,-18.290,-3.040,5.100
10929812,0.069,0.072,-0.110,-0.000,0.008,0.001,-175.752,-292.701,223.699,-173.760,-3.600,-116.400,1,0.0083,0.0036,-0.0561,0,-18.430,-2.880,4.700
10929968,0.084,0.086,-0.337,-0.005,0.013,0.000,-175.752,-292.701,223.699,-173.760,-3.600,-116.400,1,0.0028,0.0022,-0.0557,0,-18.260,-2.870,4.680
10930062,0.117,0.103,-0.369,-0.004,0.018,-0.000,-176.598,-292.690,221.072,-173.760,-3.600,-116.400,1,-0.0009,0.0016,-0.0456,0,-18.380,-2.950,4.390
10930171,0.131,0.122,-0.490,-0.007,0.019,0.000,-176.598,-292.690,221.072,-173.760,-3.600,-116.400,1,-0.0009,0.0016,-0.0456,0,-18.300,-2.990,4.280
10930250,0.161,0.093,-0.538,-0.006,0.023,-0.000,-176.854,-292.787,219.574,-173.760,-3.600,-116.400,1,-0.0009,0.0016,-0.0456,0,-18.360,-2.820,4.340
10930343,0.129,0.117,-0.541,-0.007,0.023,0.001,-176.854,-292.787,219.574,-173.760,-3.600,-116.400,1,-0.0030,0.0007,-0.0295,0,-18.260,-2.990,4.330
10930421,0.128,0.108,-0.566,-0.006,0.023,0.001,-176.866,-292.949,219.181,-173.760,-3.600,-116.400,1,-0.0030,0.0007,-0.0295,0,-18.160,-3.000,4.420
10930500,0.152,0.131,-0.594,-0.007,0.024,0.000,-176.866,-292.949,219.181,-173.760,-3.600,-116.400,1,-0.0023,-0.0005,-0.0111,0,-18.160,-3.040,4.370
10930609,0.152,0.149,-0.652,-0.006,0.025,0.003,-176.835,-293.085,218.797,-173.760,-3.600,-116.400,1,-0.0001,-0.0013,0.0048,0,-18.310,-2.850,4.100
10930718,0.154,0.155,-0.705,-0.008,0.025,0.001,-176.835,-293.085,218.797,-173.760,-3.600,-116.400,1,-0.0001,-0.0013,0.0048,0,-18.270,-2.940,3.860
10930859,0.198,0.077,-0.776,-0.001,0.032,0.000,-176.865,-292.909,217.212,-173.767,-3.600,-116.407,1,-0.0001,-0.0013,0.0048,0,-18.340,-2.850,3.750
10930906,0.198,0.096,-0.850,-0.000,0.032,0.001,-176.865,-292.909,217.212,-173.767,-3.600,-116.407,1,0.0015,-0.0012,0.0127,0,-18.260,-2.890,4.180
10930953,0.195,0.085,-0.812,0.001,0.033,0.001,-176.865,-292.909,217.212,-173.767,-3.600,-116.407,1,0.0015,-0.0012,0.0127,0,-18.220,-3.020,3.970
10931031,0.168,0.078,-0.859,0.002,0.033,0.001,-176.679,-293.018,216.662,-173.768,-3.600,-116.408,1,0.0015,-0.0012,0.0127,0,-18.220,-3.030,4.410
10931171,0.203,0.085,-0.848,0.002,0.032,0.001,-176.679,-293.018,216.662,-173.768,-3.600,-116.408,1,0.0024,-0.0010,0.0143,0,-18.340,-2.980,3.980
10931265,0.185,0.063,-0.864,0.001,0.034,-0.000,-176.680,-293.026,216.416,-173.770,-3.600,-116.410,1,0.0028,-0.0013,0.0152,0,-18.280,-3.010,4.160
10931375,0.194,0.084,-0.860,0.003,0.032,0.001,-176.680,-293.026,216.416,-173.770,-3.600,-116.410,1,0.0028,-0.0013,0.0152,0,-18.280,-2.850,3.840
10931453,0.196,0.086,-0.838,0.003,0.033,0.000,-176.590,-293.029,216.287,-173.770,-3.600,-116.410,1,0.0028,-0.0013,0.0152,0,-18.170,-2.990,3.880
10931546,0.166,0.094,-0.901,0.003,0.034,0.002,-176.590,-293.029,216.287,-173.770,-3.600,-116.410,1,0.0026,-0.0014,0.0151,0,-18.350,-2.870,3.850
10931625,0.184,0.085,-0.923,0.003,0.034,0.002,-176.526,-292.927,216.116,-173.770,-3.600,-116.410,1,0.0026,-0.0014,0.0151,0,-18.040,-3.120,4.160
10931703,0.193,0.085,-0.904,0.002,0.035,-0.000,-176.526,-292.927,216.116,-173.770,-3.600,-116.410,1,0.0020,-0.0010,0.0128,0,-18.220,-2.980,3.920
10931812,0.180,0.042,-0.876,0.005,0.033,0.000,-176.599,-292.966,215.985,-173.770,-3.600,-116.410,1,0.0011,-0.0004,0.0094,0,-18.150,-2.990,3.710
10931921,0.176,0.052,-0.842,0.005,0.032,-0.000,-176.599,-292.966,215.985,-173.770,-3.600,-116.410,1,0.0011,-0.0004,0.0094,0,-18.100,-3.080,3.930
10932062,0.199,0.060,-0.952,0.006,0.034,0.001,-176.510,-293.010,215.700,-173.770,-3.600,-116.410,1,0.0011,-0.0004,0.0094,0,-18.090,-3.080,4.160
10932109,0.190,0.059,-0.985,0.006,0.034,0.001,-176.510,-293.010,215.700,-173.770,-3.600,-116.410,1,0.0001,-0.0004,0.0059,0,-18.330,-2.980,3.800
10932156,0.184,0.062,-1.003,0.007,0.033,0.001,-176.510,-293.010,215.700,-173.770,-3.600,-116.410,1,0.0001,-0.0004,0.0059,0,-18.310,-3.020,3.890
10932234,0.208,0.039,-0.996,0.008,0.033,0.000,-176.356,-292.927,215.432,-173.770,-3.600,-116.410,1,0.0001,-0.0004,0.0059,0,-18.250,-3.080,3.940
10932375,0.155,0.023,-0.968,0.009,0.029,0.000,-176.356,-292.927,215.432,-173.770,-3.600,-116.410,1,-0.0003,-0.0003,0.0030,1,-18.200,-3.110,4.030
10932468,0.178,0.032,-0.940,0.007,0.028,0.000,-176.156,-292.885,215.400,-173.770,-3.600,-116.410,1,-0.0001,0.0001,0.0012,1,-18.280,-3.050,3.650
10932578,0.187,0.056,-1.009,0.006,0.031,0.001,-176.156,-292.885,215.400,-173.770,-3.600,-116.410,1,-0.0001,0.0001,0.0012,1,-18.190,-3.080,4.060
10932656,0.156,0.017,-0.945,0.008,0.030,0.000,-176.071,-292.868,215.400,-173.770,-3.600,-116.410,1,-0.0001,0.0001,0.0012,1,-18.120,-3.000,3.960
10932750,0.177,0.022,-1.018,0.009,0.030,0.001,-176.071,-292.868,215.400,-173.770,-3.600,-116.410,1,0.0001,0.0004,0.0006,1,-18.270,-3.040,3.890
10932828,0.171,0.044,-1.001,0.009,0.029,0.001,-176.030,-292.840,215.320,-173.770,-3.600,-116.410,1,0.0001,0.0004,0.0006,1,-18.280,-3.020,3.670
10932906,0.171,0.039,-0.976,0.008,0.028,0.000,-176.030,-292.840,215.320,-173.770,-3.600,-116.410,1,-0.0001,0.0004,0.0004,1,-18.300,-3.010,3.700
10933015,0.180,0.023,-1.033,0.009,0.030,0.001,-176.030,-292.850,215.270,-173.770,-3.600,-116.410,1,-0.0005,0.0003,0.0000,1,-18.210,-3.070,3.970
10933125,0.182,0.027,-1.010,0.008,0.030,0.001,-176.030,-292.850,215.270,-173.770,-3.600,-116.410,1,-0.0005,0.0003,0.0000,1,-18.260,-3.020,3.670
10933265,0.167,0.020,-1.015,0.009,0.030,-0.000,-175.947,-292.859,215.224,-173.770,-3.600,-116.410,1,-0.0005,0.0003,0.0000,1,-18.200,-3.020,3.930
10933312,0.178,0.026,-1.020,0.010,0.031,0.001,-175.947,-292.859,215.224,-173.770,-3.600,-116.410,1,-0.0007,0.0001,-0.0002,1,-18.310,-3.110,3.900
10933359,0.168,0.023,-1.046,0.010,0.029,0.001,-175.947,-292.859,215.224,-173.770,-3.600,-116.410,1,-0.0007,0.0001,-0.0002,1,-18.180,-3.070,3.930
10933437,0.183,0.023,-1.031,0.010,0.029,0.001,-175.860,-292.840,215.220,-173.770,-3.600,-116.410,1,-0.0007,0.0001,-0.0002,1,-18.240,-3.050,3.940
10933578,0.192,0.001,-1.009,0.010,0.031,0.001,-175.860,-292.840,215.220,-173.770,-3.600,-116.410,1,-0.0007,-0.0000,-0.0002,1,-18.180,-3.060,3.940
10933671,0.186,0.015,-0.991,0.011,0.031,0.000,-175.850,-292.900,215.200,-173.770,-3.600,-116.410,1,-0.0005,-0.0001,0.0000,1,-18.200,-3.090,3.940
10933781,0.160,-0.009,-0.981,0.014,0.029,-0.000,-175.850,-292.900,215.200,-173.770,-3.600,-116.410,1,-0.0005,-0.0001,0.0000,1,-18.130,-2.990,4.030
10933859,0.165,0.017,-1.011,0.011,0.028,0.001,-175.680,-292.870,215.200,-173.770,-3.600,-116.410,1,-0.0005,-0.0001,0.0000,1,-18.150,-3.100,4.090
10933953,0.162,0.010,-0.973,0.010,0.027,0.000,-175.680,-292.870,215.200,-173.770,-3.600,-116.410,1,-0.0003,-0.0001,0.0001,1,-18.210,-3.010,3.740
10934031,0.161,0.013,-0.988,0.011,0.029,-0.000,-175.680,-292.890,215.150,-173.770,-3.600,-116.410,1,-0.0003,-0.0001,0.0001,1,-18.200,-3.080,3.880
10934109,0.180,0.022,-1.062,0.011,0.030,0.000,-175.680,-292.890,215.150,-173.770,-3.600,-116.410,1,-0.0001,-0.0000,0.0001,1,-18.180,-3.130,3.830
10934218,0.175,0.014,-1.040,0.011,0.031,0.000,-175.680,-292.910,215.090,-173.770,-3.600,-116.410,1,-0.0004,-0.0001,-0.0000,1,-18.140,-3.020,4.000
10934328,0.161,0.011,-1.046,0.011,0.030,-0.000,-175.680,-292.910,215.090,-173.770,-3.600,-116.410,1,-0.0004,-0.0001,-0.0000,1,-18.250,-2.980,3.860
10934468,0.164,0.004,-1.053,0.012,0.029,0.001,-175.590,-292.890,215.090,-173.770,-3.600,-116.410,1,-0.0004,-0.0001,-0.0000,1,-18.210,-3.010,3.880
10934515,0.166,0.006,-0.986,0.012,0.029,-0.000,-175.590,-292.890,215.090,-173.770,-3.600,-116.410,1,-0.0006,-0.0001,-0.0002,1,-18.230,-3.100,3.840
10934562,0.167,0.010,-0.984,0.011,0.029,-0.000,-175.590,-292.890,215.090,-173.770,-3.600,-116.410,1,-0.0006,-0.0001,-0.0002,1,-18.250,-3.040,3.900
10934640,0.163,0.008,-0.957,0.011,0.029,-0.000,-175.590,-292.890,215.090,-173.770,-3.600,-116.410,1,-0.0006,-0.0001,-0.0002,1,-18.230,-3.080,3.940
10934781,0.169,0.023,-1.013,0.011,0.029,0.001,-175.590,-292.890,215.090,-173.770,-3.600,-116.410,1,-0.0006,-0.0001,-0.0002,1,-18.210,-3.060,3.840
10934875,0.183,0.018,-0.960,0.011,0.029,-0.001,-175.590,-292.890,215.090,-173.770,-3.600,-116.410,1,-0.0006,-0.0001,-0.0002,1,-18.210,-3.090,3.890
10934984,0.169,0.005,-0.945,0.012,0.029,-0.001,-175.590,-292.890,215.090,-173.770,-3.600,-116.410,1,-0.0006,-0.0001,-0.0002,1,-18.250,-3.080,3.990
10935062,0.175,0.014,-1.016,0.011,0.028,0.002,-175.510,-292.880,215.090,-173.770,-3.600,-116.410,1,-0.0006,-0.0001,-0.0002,1,-18.220,-3.110,3.960
10935156,0.144,0.002,-1.004,0.011,0.027,0.001,-175.510,-292.880,215.090,-173.770,-3.600,-116.410,1,0.0000,0.0000,0.0000,1,-18.270,-3.050,3.940
10935234,0.156,0.003,-1.020,0.011,0.027,0.001,-175.430,-292.860,215.090,-173.770,-3.600,-116.410,1,0.0000,0.0000,0.0000,1,-18.310,-3.020,3.770
10935312,0.177,-0.014,-0.982,0.010,0.026,-0.001,-175.430,-292.860,215.090,-173.770,-3.600,-116.410,1,0.0000,0.0000,0.0000,1,-18.220,-3.130,3.760
10935421,0.152,-0.005,-0.997,0.012,0.026,0.001,-175.392,-292.855,215.090,-173.770,-3.600,-116.410,1,0.0000,0.0000,0.0000,1,-18.180,-3.060,3.940
10935531,0.148,0.013,-1.025,0.012,0.027,0.002,-175.392,-292.855,215.090,-173.770,-3.600,-116.410,1,0.0000,0.0000,0.0000,1,-18.190,-3.090,3.820
10935671,0.147,0.032,-1.001,0.011,0.027,0.001,-175.350,-292.850,215.090,-173.770,-3.600,-116.410,1,0.0000,0.0000,0.0000,1,-18.330,-3.020,3.660
10935718,0.146,0.027,-0.989,0.011,0.026,0.001,-175.350,-292.850,215.090,-173.770,-3.600,-116.410,1,0.0000,0.0000,0.0000,1,-18.260,-3.070,3.890
10935765,0.147,0.023,-0.987,0.010,0.026,0.001,-175.350,-292.850,215.090,-173.770,-3.600,-116.410,1,0.0000,0.0000,0.0000,1,-18.320,-3.070,3.690
10935843,0.133,-0.000,-0.983,0.010,0.027,0.000,-175.350,-292.850,215.090,-173.770,-3.600,-116.410,1,0.0000,0.0000,0.0000,1,-18.200,-3.100,4.040
10935984,0.147,0.015,-0.976,0.010,0.027,0.001,-175.350,-292.850,215.090,-173.770,-3.600,-116.410,1,0.0000,0.0000,0.0000,1,-18.240,-3.050,4.030
10936078,0.155,0.011,-1.009,0.010,0.027,-0.000,-175.350,-292.836,215.052,-173.770,-3.600,-116.410,1,0.0000,0.0000,0.0000,1,-18.180,-3.140,4.010
10936187,0.159,0.008,-1.168,0.014,0.033,0.001,-175.350,-292.836,215.052,-173.770,-3.600,-116.410,1,0.0000,0.0000,0.0000,1,-18.340,-2.970,3.270
10936265,0.131,-0.006,-1.406,0.020,0.033,0.003,-175.366,-292.735,213.670,-173.770,-3.600,-116.410,1,0.0000,0.0000,0.0000,1,-18.160,-3.290,3.330
10936359,0.142,-0.115,-1.735,0.036,0.026,-0.001,-175.366,-292.735,213.670,-173.770,-3.600,-116.410,1,-0.0000,0.0001,-0.0015,0,-18.100,-3.440,3.140
10936437,0.080,-0.238,-2.095,0.063,0.025,0.002,-175.485,-292.419,211.105,-173.770,-3.600,-116.410,1,-0.0000,0.0001,-0.0015,0,-18.290,-3.310,2.670
10936515,0.046,-0.314,-2.381,0.078,0.018,0.002,-175.485,-292.419,211.105,-173.770,-3.600,-116.410,1,-0.0002,0.0007,-0.0068,0,-18.400,-3.350,2.240
10936625,0.020,-0.408,-2.781,0.100,0.010,0.000,-175.849,-292.801,209.364,-173.767,-3.583,-116.410,1,-0.0010,0.0005,-0.0121,0,-18.380,-3.520,1.880
10936734,-0.185,-0.491,-3.294,0.119,-0.029,0.000,-175.849,-292.801,209.364,-173.767,-3.583,-116.410,1,-0.0010,0.0005,-0.0121,0,-18.620,-3.540,1.760
10936875,0.009,-0.256,-2.676,0.091,0.007,0.001,-178.295,-295.115,207.318,-173.767,-3.581,-116.416,1,-0.0010,0.0005,-0.0121,0,-18.360,-3.240,2.150
10936921,0.094,-0.139,-2.429,0.070,0.023,0.001,-178.295,-295.115,207.318,-173.767,-3.581,-116.416,1,-0.0035,-0.0028,-0.0119,0,-18.170,-3.340,2.890
10936968,0.033,-0.085,-2.224,0.055,0.026,0.001,-178.295,-295.115,207.318,-173.767,-3.581,-116.416,1,-0.0035,-0.0028,-0.0119,0,-18.630,-3.190,2.750
10937046,-0.220,-0.044,-2.149,0.056,0.004,0.001,-179.696,-295.791,206.919,-173.770,-3.580,-116.417,1,-0.0035,-0.0028,-0.0119,0,-18.740,-3.260,2.740
10937187,-0.754,-0.333,-2.888,0.099,-0.157,-0.001,-179.696,-295.791,206.919,-173.770,-3.580,-116.417,1,-0.0055,-0.0049,-0.0062,0,-19.080,-3.360,1.880
10937281,-0.298,-0.126,-2.781,0.069,-0.075,-0.001,-178.397,-294.464,206.144,-173.770,-3.580,-116.420,1,-0.0013,0.0005,0.0025,0,-18.190,-3.110,2.510
10937390,0.296,0.152,-1.855,0.000,0.081,0.002,-178.397,-294.464,206.144,-173.770,-3.580,-116.420,1,-0.0013,0.0005,0.0025,0,-18.240,-2.880,3.450
10937468,0.306,0.210,-1.423,-0.027,0.091,0.003,-189.168,-296.994,205.241,-173.770,-3.580,-116.420,1,-0.0013,0.0005,0.0025,0,-18.380,-2.790,3.480
10937562,-0.080,0.168,-1.360,-0.023,0.047,0.002,-189.168,-296.994,205.241,-173.770,-3.580,-116.420,1,-0.0063,0.0047,0.0081,0,-19.270,-3.210,3.370
10937640,-1.152,-0.247,-1.737,0.057,-0.171,-0.000,-184.552,-295.280,204.662,-173.770,-3.580,-116.420,1,-0.0063,0.0047,0.0081,0,-19.990,-3.280,3.050
10937718,-1.798,-0.105,-2.649,0.061,-0.333,-0.002,-184.552,-295.280,204.662,-173.770,-3.580,-116.420,1,-0.0032,0.0070,0.0094,0,-20.070,-3.220,1.180
10937828,-1.277,-0.214,-4.240,0.076,-0.300,-0.000,-173.659,-291.946,205.304,-173.770,-3.580,-116.420,1,0.0535,0.0211,0.0113,0,-19.130,-3.200,0.820
10937937,-0.178,0.265,-2.309,-0.004,-0.051,0.001,-173.659,-291.946,205.304,-173.770,-3.580,-116.420,1,0.0535,0.0211,0.0113,0,-18.300,-2.790,3.500
10938078,0.166,0.237,-0.944,-0.041,0.091,0.001,-193.222,-296.799,205.499,-173.770,-3.580,-116.420,1,0.0535,0.0211,0.0113,0,-18.430,-2.820,4.060
10938140,-0.083,0.202,-0.849,-0.050,0.074,0.002,-193.222,-296.799,205.499,-173.770,-3.580,-116.420,1,0.1025,0.0325,0.0143,0,-18.320,-2.890,4.050
10938187,-0.238,0.034,-0.711,-0.035,0.040,0.001,-193.222,-296.799,205.499,-173.770,-3.580,-116.420,1,0.1025,0.0325,0.0143,0,-19.220,-3.260,3.840
10938265,-0.982,-0.265,-1.130,0.058,-0.128,-0.001,-189.928,-295.928,206.163,-173.770,-3.580,-116.420,1,0.1025,0.0325,0.0143,0,-19.900,-3.550,3.220
10938406,-1.046,-0.305,-2.855,0.113,-0.235,-0.001,-189.928,-295.928,206.163,-173.770,-3.580,-116.420,1,0.1175,0.0340,0.0153,0,-19.030,-3.080,2.170
10938500,-0.307,-0.039,-2.203,0.069,-0.105,0.000,-179.467,-295.842,208.491,-173.770,-3.580,-116.420,1,0.1636,0.0407,0.0157,0,-18.770,-2.750,3.210
10938609,-0.085,-0.134,-0.815,0.020,0.011,0.000,-179.467,-295.842,208.491,-173.770,-3.580,-116.420,1,0.1636,0.0407,0.0157,0,-18.520,-3.070,4.530
10938687,-0.140,-0.019,-0.494,0.004,0.024,0.002,-189.618,-299.187,209.659,-173.770,-3.580,-116.420,1,0.1636,0.0407,0.0157,0,-18.280,-3.150,4.460
10938781,-0.438,-0.250,-0.696,0.043,-0.052,-0.001,-189.618,-299.187,209.659,-173.770,-3.580,-116.420,1,0.1824,0.0401,0.0157,0,-18.930,-3.410,3.350
10938859,-0.809,-0.211,-1.469,0.059,-0.137,0.001,-183.125,-298.900,209.953,-173.770,-3.580,-116.420,1,0.1824,0.0401,0.0157,0,-18.960,-3.120,2.910
10938937,-0.617,0.027,-1.772,0.053,-0.133,0.000,-183.125,-298.900,209.953,-173.770,-3.580,-116.420,1,0.1447,0.0296,0.0104,0,-18.960,-3.010,3.250
10939046,-0.424,0.014,-1.479,0.025,-0.065,0.000,-183.262,-299.259,210.236,-173.770,-3.580,-116.420,1,0.1180,0.0255,0.0019,0,-18.590,-2.990,3.970
10939156,-0.282,-0.215,-0.865,0.017,-0.017,-0.001,-183.262,-299.259,210.236,-173.770,-3.580,-116.420,1,0.1180,0.0255,0.0019,0,-18.410,-3.260,3.930
10939296,-0.666,-0.192,-1.377,0.044,-0.112,-0.000,-185.093,-300.145,209.351,-173.770,-3.580,-116.420,1,0.1180,0.0255,0.0019,0,-19.300,-3.210,3.300
10939343,-0.751,-0.156,-1.630,0.042,-0.135,0.000,-185.093,-300.145,209.351,-173.770,-3.580,-116.420,1,0.0872,0.0221,-0.0049,0,-19.250,-3.290,3.250
10939390,-0.781,-0.120,-1.678,0.035,-0.137,-0.001,-185.093,-300.145,209.351,-173.770,-3.580,-116.420,1,0.0872,0.0221,-0.0049,0,-19.020,-3.030,3.060
10939468,-0.595,0.025,-1.690,0.012,-0.102,0.002,-185.777,-300.275,209.085,-173.770,-3.580,-116.420,1,0.0872,0.0221,-0.0049,0,-18.740,-3.150,3.380
10939609,-0.372,0.026,-1.373,0.003,-0.060,0.000,-185.777,-300.275,209.085,-173.770,-3.580,-116.420,1,0.0452,0.0158,-0.0078,0,-18.830,-3.090,3.540
10939687,-0.547,-0.146,-1.395,0.034,-0.087,-0.000,-187.387,-300.707,208.093,-173.770,-3.580,-116.420,1,0.0178,0.0115,-0.0074,0,-19.340,-3.150,3.100
10939734,-0.736,-0.186,-1.526,0.039,-0.124,-0.001,-187.387,-300.707,208.093,-173.770,-3.580,-116.420,1,0.0178,0.0115,-0.0074,0,-19.260,-3.170,3.110
10939812,-1.084,-0.055,-1.974,0.032,-0.194,0.000,-187.387,-300.707,208.093,-173.770,-3.580,-116.420,1,0.0178,0.0115,-0.0074,0,-19.550,-3.150,2.660
10939890,-1.084,0.057,-2.386,0.008,-0.210,-0.002,-185.166,-300.008,207.659,-173.770,-3.580,-116.420,1,0.0178,0.0115,-0.0074,0,-19.250,-2.930,2.620
10939984,-0.554,0.203,-2.027,-0.017,-0.117,0.001,-185.166,-300.008,207.659,-173.770,-3.580,-116.420,1,0.0053,0.0091,-0.0056,0,-18.690,-2.900,3.270
10940046,-0.018,0.320,-1.247,-0.022,-0.009,0.002,-190.770,-300.600,207.068,-173.608,-3.547,-116.420,1,0.0053,0.0091,-0.0056,0,-18.330,-2.910,3.820
10940125,-0.030,0.277,-0.898,-0.039,0.043,0.001,-190.770,-300.600,207.068,-173.608,-3.547,-116.420,1,-0.0063,0.0065,-0.0034,0,-18.440,-2.820,4.180
10940234,-0.797,0.038,-1.199,0.025,-0.106,0.000,-190.803,-299.926,206.799,-173.687,-3.497,-116.420,1,-0.0223,0.0032,-0.0010,0,-19.670,-3.290,2.870
10940343,-1.600,-0.002,-3.270,0.033,-0.301,-0.000,-190.803,-299.926,206.799,-173.687,-3.497,-116.420,1,-0.0223,0.0032,-0.0010,0,-19.480,-2.950,1.490
10940484,-0.181,0.253,-3.357,-0.002,-0.119,0.001,-177.016,-296.066,206.078,-173.677,-3.506,-116.338,1,-0.0223,0.0032,-0.0010,0,-18.470,-2.470,1.410
10940531,-0.145,0.598,-3.394,-0.055,-0.066,0.002,-177.016,-296.066,206.078,-173.677,-3.506,-116.338,1,-0.0107,0.0053,0.0007,0,-18.830,-2.240,1.310
10940578,-0.192,0.741,-3.444,-0.120,-0.040,0.001,-177.016,-296.066,206.078,-173.677,-3.506,-116.338,1,-0.0107,0.0053,0.0007,0,-18.460,-2.360,1.250
10940656,-0.342,0.765,-3.614,-0.152,-0.048,-0.001,-184.968,-296.645,205.836,-173.681,-3.505,-115.984,1,-0.0107,0.0053,0.0007,0,-18.920,-2.620,1.180
10940796,-1.334,0.469,-4.057,-0.087,-0.231,0.001,-184.968,-296.645,205.836,-173.681,-3.505,-115.984,1,-0.0078,0.0051,0.0020,0,-19.060,-2.740,1.290
10940890,-0.263,0.364,-2.945,-0.044,-0.111,0.002,-174.340,-291.754,204.345,-173.680,-3.508,-116.087,1,-0.0469,-0.0028,0.0024,0,-18.380,-2.530,2.250
10941000,0.661,0.548,-2.492,-0.071,0.054,0.002,-174.340,-291.754,204.345,-173.680,-3.508,-116.087,1,-0.0469,-0.0028,0.0024,0,-17.100,-2.090,1.650
10941078,1.106,1.139,-3.287,-0.185,0.194,0.002,-179.385,-292.176,204.322,-173.680,-3.509,-116.070,1,-0.0469,-0.0028,0.0024,0,-17.540,-1.830,1.360
10941171,0.581,1.275,-3.674,-0.256,0.149,0.002,-179.385,-292.176,204.322,-173.680,-3.509,-116.070,1,-0.0776,-0.0098,0.0025,0,-18.200,-1.990,1.940
10941250,-0.439,0.871,-2.616,-0.193,-0.030,0.002,-182.210,-290.657,204.886,-173.680,-3.509,-116.075,1,-0.0776,-0.0098,0.0025,0,-19.320,-2.440,2.910
10941328,-0.753,0.425,-1.615,-0.068,-0.103,0.003,-182.210,-290.657,204.886,-173.680,-3.509,-116.075,1,-0.0944,-0.0158,0.0052,0,-18.640,-3.060,4.110
10941437,-0.026,0.035,-0.488,0.019,-0.045,0.001,-164.516,-286.664,207.130,-173.680,-3.510,-116.073,1,-0.0569,-0.0110,0.0122,0,-18.270,-3.140,4.510
10941546,0.213,0.233,-0.331,0.014,-0.003,0.001,-164.516,-286.664,207.130,-173.680,-3.510,-116.073,1,-0.0569,-0.0110,0.0122,0,-18.170,-2.700,4.450
10941687,0.186,0.142,-0.454,-0.006,0.041,0.001,-166.532,-291.759,213.487,-173.680,-3.510,-116.071,1,0.0404,-0.0001,0.0234,0,-18.360,-3.130,4.650
10941734,-0.054,0.045,-0.412,0.003,0.024,0.001,-166.532,-291.759,213.487,-173.680,-3.510,-116.071,1,0.0404,-0.0001,0.0234,0,-18.750,-3.300,4.560
10941781,-0.299,-0.047,-0.246,0.014,0.009,0.001,-166.532,-291.759,213.487,-173.680,-3.510,-116.071,1,0.0404,-0.0001,0.0234,0,-18.700,-2.710,4.420
10941859,-0.206,0.157,-0.214,0.005,0.006,0.000,-169.721,-295.914,217.545,-173.680,-3.510,-116.070,1,0.0404,-0.0001,0.0234,0,-18.400,-2.830,4.570
10942000,0.044,-0.050,-0.139,0.005,0.022,0.000,-169.721,-295.914,217.545,-173.680,-3.510,-116.070,1,0.0925,-0.0007,0.0301,0,-18.300,-3.210,4.430
10942093,-0.206,-0.013,-0.164,0.005,0.001,0.001,-174.689,-298.812,218.760,-173.680,-3.510,-116.070,1,0.0834,-0.0031,0.0218,0,-18.430,-3.350,4.450
10942203,0.005,-0.048,-0.142,0.008,0.005,-0.001,-174.689,-298.812,218.760,-173.680,-3.510,-116.070,1,0.0834,-0.0031,0.0218,0,-18.130,-3.060,4.750
10942281,0.046,-0.018,-0.044,0.007,0.010,0.000,-173.404,-299.530,220.174,-173.680,-3.510,-116.070,1,0.0834,-0.0031,0.0218,0,-18.570,-3.310,4.500
10942375,-0.115,-0.025,-0.054,0.003,0.002,0.001,-173.404,-299.530,220.174,-173.680,-3.510,-116.070,1,0.0667,0.0028,0.0054,0,-18.720,-3.120,4.700
10942453,-0.094,0.009,-0.108,0.002,0.003,0.001,-172.129,-299.988,222.473,-173.680,-3.510,-116.070,1,0.0667,0.0028,0.0054,0,-18.320,-2.880,4.880
10942531,-0.097,0.053,-0.077,0.000,0.004,0.000,-172.129,-299.988,222.473,-173.680,-3.510,-116.070,1,0.0608,0.0125,-0.0045,0,-18.440,-3.030,4.980
10942640,-0.192,0.023,-0.040,0.002,0.001,0.000,-171.807,-299.992,222.600,-173.680,-3.510,-116.070,1,0.0533,0.0193,-0.0089,0,-18.560,-3.050,4.740
10942750,-0.107,0.078,-0.046,0.001,0.004,0.000,-171.807,-299.992,222.600,-173.680,-3.510,-116.070,1,0.0533,0.0193,-0.0089,0,-18.460,-3.120,5.070
10942890,-0.160,0.026,-0.093,0.000,0.003,0.000,-171.593,-299.389,222.047,-173.669,-3.510,-116.070,1,0.0533,0.0193,-0.0089,0,-18.570,-3.190,5.270
10942937,-0.137,0.029,-0.069,-0.001,0.004,-0.000,-171.593,-299.389,222.047,-173.669,-3.510,-116.070,1,0.0367,0.0213,-0.0153,0,-18.670,-3.070,4.660
10942984,-0.104,0.033,-0.088,-0.002,0.005,-0.000,-171.593,-299.389,222.047,-173.669,-3.510,-116.070,1,0.0367,0.0213,-0.0153,0,-18.620,-2.910,4.810
10943062,-0.123,0.049,-0.183,-0.003,0.004,0.000,-171.905,-299.039,220.802,-173.673,-3.510,-116.070,1,0.0367,0.0213,-0.0153,0,-18.530,-3.030,4.610
10943203,-0.096,-0.003,-0.153,0.000,0.005,-0.001,-171.905,-299.039,220.802,-173.673,-3.510,-116.070,1,0.0193,0.0195,-0.0209,0,-18.550,-3.040,4.800
10943296,-0.090,0.049,-0.285,-0.002,0.005,0.001,-172.127,-298.642,219.861,-173.670,-3.510,-116.070,1,0.0056,0.0147,-0.0222,0,-18.560,-3.010,4.500
10943406,-0.071,0.006,-0.294,-0.000,0.006,0.000,-172.127,-298.642,219.861,-173.670,-3.510,-116.070,1,0.0056,0.0147,-0.0222,0,-18.500,-3.100,4.650
10943484,-0.091,0.038,-0.359,-0.002,0.005,-0.001,-172.171,-298.209,218.707,-173.670,-3.510,-116.070,1,0.0056,0.0147,-0.0222,0,-18.460,-3.080,4.760
10943578,-0.076,0.006,-0.561,-0.001,0.005,0.000,-172.171,-298.209,218.707,-173.670,-3.510,-116.070,1,-0.0026,0.0093,-0.0194,0,-18.370,-3.120,4.520
10943656,-0.085,0.031,-0.717,0.002,0.007,0.001,-172.215,-297.781,216.967,-173.670,-3.510,-116.070,1,-0.0026,0.0093,-0.0194,0,-18.320,-3.190,3.890
10943734,-0.036,-0.046,-0.856,0.008,0.009,-0.000,-172.215,-297.781,216.967,-173.670,-3.510,-116.070,1,-0.0057,0.0051,-0.0156,0,-18.570,-3.100,3.940
10943843,-0.056,-0.003,-0.941,0.005,0.007,-0.000,-172.287,-297.450,215.972,-173.670,-3.510,-116.070,1,-0.0060,0.0019,-0.0117,0,-18.360,-3.180,3.820
10943953,-0.048,0.005,-0.990,0.005,0.007,0.001,-172.287,-297.450,215.972,-173.670,-3.510,-116.070,1,-0.0060,0.0019,-0.0117,0,-18.440,-3.120,3.950
10944093,-0.046,0.006,-1.001,0.006,0.007,0.001,-172.290,-297.440,215.800,-173.670,-3.510,-116.070,1,-0.0060,0.0019,-0.0117,0,-18.450,-3.110,3.900
10944140,-0.041,-0.004,-0.989,0.006,0.007,-0.001,-172.290,-297.440,215.800,-173.670,-3.510,-116.070,1,-0.0051,-0.0005,-0.0057,0,-18.460,-3.160,3.890
10944187,-0.039,-0.001,-1.011,0.007,0.007,0.001,-172.290,-297.440,215.800,-173.670,-3.510,-116.070,1,-0.0051,-0.0005,-0.0057,0,-18.450,-3.030,3.610
10944265,-0.034,0.001,-1.057,0.009,0.006,0.000,-172.280,-297.478,215.689,-173.670,-3.510,-116.070,1,-0.0051,-0.0005,-0.0057,0,-18.450,-3.080,3.810
10944406,-0.054,-0.021,-1.095,0.009,0.007,-0.000,-172.280,-297.478,215.689,-173.670,-3.510,-116.070,1,-0.0036,-0.0022,0.0006,1,-18.470,-3.160,3.740
10944500,-0.050,-0.026,-1.122,0.010,0.008,0.001,-172.270,-297.550,215.490,-173.670,-3.510,-116.070,1,-0.0022,-0.0031,0.0043,0,-18.410,-3.140,3.750
10944609,-0.049,-0.030,-1.188,0.011,0.009,0.001,-172.270,-297.550,215.490,-173.670,-3.510,-116.070,1,-0.0022,-0.0031,0.0043,0,-18.420,-3.120,3.650
10944687,-0.068,-0.019,-1.285,0.011,0.008,0.004,-172.247,-297.663,215.187,-173.670,-3.498,-116.070,1,-0.0022,-0.0031,0.0043,0,-18.320,-3.210,3.900
10944781,-0.043,-0.021,-1.260,0.011,0.008,0.002,-172.247,-297.663,215.187,-173.670,-3.498,-116.070,1,-0.0010,-0.0031,0.0051,0,-18.520,-3.100,3.440
10944859,-0.045,-0.028,-1.285,0.010,0.008,0.001,-172.230,-297.729,214.970,-173.670,-3.502,-116.070,1,-0.0010,-0.0031,0.0051,0,-18.530,-3.020,3.300
10944937,-0.042,-0.016,-1.318,0.010,0.008,0.001,-172.230,-297.729,214.970,-173.670,-3.502,-116.070,1,-0.0002,-0.0026,0.0044,0,-18.400,-3.100,3.580
10945046,-0.019,-0.021,-1.285,0.008,0.007,-0.000,-172.220,-297.760,214.880,-173.670,-3.500,-116.070,1,0.0002,-0.0017,0.0036,1,-18.470,-3.090,3.530
10945156,-0.056,-0.022,-1.415,0.010,0.009,0.002,-172.220,-297.760,214.880,-173.670,-3.500,-116.070,1,0.0002,-0.0017,0.0036,1,-18.510,-3.020,3.660
10945296,-0.062,-0.006,-1.366,0.008,0.008,0.001,-172.220,-297.790,214.640,-173.670,-3.500,-116.070,1,0.0002,-0.0017,0.0036,1,-18.380,-3.180,3.660
10945343,-0.046,-0.022,-1.342,0.008,0.008,0.000,-172.220,-297.790,214.640,-173.670,-3.500,-116.070,1,0.0003,-0.0008,0.0029,1,-18.540,-3.020,3.170
10945390,-0.043,-0.024,-1.417,0.009,0.009,0.001,-172.220,-297.790,214.640,-173.670,-3.500,-116.070,1,0.0003,-0.0008,0.0029,1,-18.450,-3.070,3.420
10945468,-0.050,-0.013,-1.452,0.009,0.009,0.001,-172.319,-297.721,214.431,-173.670,-3.500,-116.070,1,0.0003,-0.0008,0.0029,1,-18.360,-3.060,3.490
10945609,-0.045,0.002,-1.387,0.005,0.009,0.001,-172.319,-297.721,214.431,-173.670,-3.500,-116.070,1,0.0001,0.0000,0.0021,1,-18.360,-3.110,3.550
10945703,-0.038,-0.001,-1.376,0.005,0.009,0.001,-172.320,-297.720,214.430,-173.670,-3.500,-116.070,1,-0.0002,0.0007,0.0015,1,-18.440,-3.090,3.590
10945812,-0.063,0.006,-1.364,0.005,0.009,0.002,-172.320,-297.720,214.430,-173.670,-3.500,-116.070,1,-0.0002,0.0007,0.0015,1,-18.380,-3.090,3.680
10945890,-0.056,0.019,-1.366,0.004,0.009,0.003,-172.400,-297.740,214.430,-173.670,-3.500,-116.070,1,-0.0002,0.0007,0.0015,1,-18.400,-3.080,3.640
10945984,-0.038,-0.012,-1.332,0.004,0.009,0.000,-172.400,-297.740,214.430,-173.670,-3.500,-116.070,1,-0.0004,0.0009,0.0013,1,-18.480,-3.050,3.360
10946062,-0.030,-0.003,-1.278,0.006,0.009,-0.000,-172.400,-297.740,214.430,-173.670,-3.500,-116.070,1,-0.0004,0.0009,0.0013,1,-18.460,-3.100,3.530
10946140,-0.042,0.001,-1.294,0.006,0.009,0.001,-172.400,-297.740,214.430,-173.670,-3.500,-116.070,1,-0.0004,0.0009,0.0013,1,-18.440,-3.100,3.660
10946250,-0.045,-0.008,-1.271,0.005,0.009,0.001,-172.400,-297.740,214.430,-173.670,-3.500,-116.070,1,-0.0004,0.0009,0.0013,1,-18.420,-3.100,3.660
10946359,-0.067,0.003,-1.291,0.006,0.010,0.003,-172.400,-297.740,214.430,-173.670,-3.500,-116.070,1,-0.0004,0.0009,0.0013,1,-18.430,-3.070,3.660
10946500,-0.052,-0.003,-1.371,0.006,0.010,0.002,-172.490,-297.781,214.381,-173.670,-3.500,-116.070,1,-0.0004,0.0009,0.0013,1,-18.400,-3.020,3.600
10946546,-0.029,0.006,-1.350,0.004,0.011,0.001,-172.490,-297.781,214.381,-173.670,-3.500,-116.070,1,0.0000,0.0000,0.0000,1,-18.510,-3.130,3.720
10946593,-0.042,-0.017,-1.352,0.005,0.010,0.001,-172.490,-297.781,214.381,-173.670,-3.500,-116.070,1,0.0000,0.0000,0.0000,1,-18.340,-3.150,3.700
10946671,-0.043,-0.032,-1.374,0.012,0.008,0.001,-172.640,-297.880,214.180,-173.670,-3.500,-116.070,1,0.0000,0.0000,0.0000,1,-18.470,-3.080,3.680
10946828,-0.070,-0.007,-1.520,0.008,0.004,0.001,-172.640,-297.880,214.180,-173.670,-3.500,-116.070,1,0.0000,0.0000,0.0000,1,-18.460,-3.080,3.120
10946921,-0.074,-0.008,-1.511,0.008,0.003,0.001,-172.630,-297.930,214.020,-173.670,-3.500,-116.070,1,0.0000,0.0000,0.0000,1,-18.460,-3.090,3.410
10947031,-0.086,-0.025,-1.567,0.012,0.004,0.001,-172.630,-297.930,214.020,-173.670,-3.500,-116.070,1,0.0000,0.0000,0.0000,1,-18.410,-3.190,3.190
10947109,-0.082,-0.050,-1.671,0.014,0.002,0.001,-172.610,-298.040,213.710,-173.670,-3.500,-116.070,1,0.0000,0.0000,0.0000,1,-18.600,-3.040,3.100
10947203,-0.078,-0.026,-1.629,0.011,0.001,0.001,-172.610,-298.040,213.710,-173.670,-3.500,-116.070,1,0.0000,0.0000,0.0000,1,-18.560,-3.090,3.160
10947281,-0.094,-0.035,-1.623,0.012,0.002,0.001,-172.606,-298.053,213.607,-173.670,-3.500,-116.070,1,0.0000,0.0000,0.0000,1,-18.550,-3.120,2.990
10947359,-0.117,-0.072,-1.777,0.016,-0.001,0.000,-172.606,-298.053,213.607,-173.670,-3.500,-116.070,1,0.0000,0.0000,0.0000,1,-18.480,-3.140,3.080
10947468,-0.097,-0.073,-2.079,0.024,-0.003,0.001,-172.691,-297.973,212.830,-173.670,-3.500,-116.070,1,-0.0001,0.0001,-0.0011,0,-18.560,-3.130,2.620
10947578,-0.095,-0.147,-2.468,0.032,-0.004,0.001,-172.691,-297.973,212.830,-173.670,-3.500,-116.070,1,-0.0001,0.0001,-0.0011,0,-18.560,-3.170,2.360
10947718,-0.100,-0.304,-2.898,0.060,-0.009,0.001,-172.912,-297.422,210.501,-173.670,-3.489,-116.070,1,-0.0001,0.0001,-0.0011,0,-18.550,-3.280,1.900
10947765,-0.094,-0.303,-2.936,0.064,-0.005,0.000,-172.912,-297.422,210.501,-173.670,-3.489,-116.070,1,-0.0006,0.0008,-0.0045,0,-18.460,-3.310,1.730
10947812,-0.053,-0.310,-3.080,0.067,-0.004,0.000,-172.912,-297.422,210.501,-173.670,-3.489,-116.070,1,-0.0006,0.0008,-0.0045,0,-18.520,-3.460,1.390
10947890,-0.132,-0.412,-3.207,0.085,-0.015,0.001,-173.835,-298.039,208.822,-173.670,-3.494,-116.070,1,-0.0006,0.0008,-0.0045,0,-18.830,-3.570,1.820
10948031,-0.188,-0.504,-2.754,0.102,-0.037,0.001,-173.835,-298.039,208.822,-173.670,-3.494,-116.070,1,-0.0021,-0.0001,-0.0074,0,-18.490,-3.410,2.300
10948125,0.067,-0.310,-2.335,0.080,-0.003,-0.000,-175.346,-299.207,208.381,-173.697,-3.490,-116.070,1,-0.0053,-0.0044,-0.0053,0,-18.160,-3.440,2.770
10948234,-0.125,-0.188,-1.927,0.061,0.001,-0.001,-175.346,-299.207,208.381,-173.697,-3.490,-116.070,1,-0.0053,-0.0044,-0.0053,0,-18.550,-3.390,3.100
10948312,-0.358,-0.346,-1.934,0.087,-0.036,-0.000,-177.789,-300.547,207.605,-173.689,-3.490,-116.098,1,-0.0053,-0.0044,-0.0053,0,-19.040,-3.430,2.770
10948406,-0.431,-0.503,-2.256,0.128,-0.105,-0.001,-177.789,-300.547,207.605,-173.689,-3.490,-116.098,1,-0.0091,-0.0088,-0.0003,0,-18.730,-3.500,2.080
10948484,-0.173,-0.437,-2.396,0.107,-0.074,0.000,-175.187,-299.493,207.038,-173.694,-3.490,-116.051,1,-0.0091,-0.0088,-0.0003,0,-18.350,-3.340,2.780
10948562,0.076,-0.198,-1.942,0.059,-0.005,0.000,-175.187,-299.493,207.038,-173.694,-3.490,-116.051,1,-0.0041,-0.0065,0.0030,0,-18.340,-3.180,3.160
10948671,-0.237,-0.080,-1.358,0.047,-0.006,0.000,-178.257,-301.478,207.797,-173.691,-3.490,-116.076,1,0.0049,-0.0016,0.0064,0,-18.880,-3.390,3.210
10948781,-0.598,-0.380,-1.669,0.092,-0.114,-0.002,-178.257,-301.478,207.797,-173.691,-3.490,-116.076,1,0.0049,-0.0016,0.0064,0,-18.830,-3.390,3.170
10948921,-0.040,-0.168,-1.678,0.044,-0.048,-0.000,-173.248,-298.491,207.657,-173.690,-3.490,-116.074,1,0.0049,-0.0016,0.0064,0,-18.310,-3.110,3.400
10948968,0.120,0.007,-1.573,0.021,-0.008,-0.000,-173.248,-298.491,207.657,-173.690,-3.490,-116.074,1,0.0040,-0.0014,0.0108,0,-18.270,-2.980,3.580
10949015,0.117,0.124,-1.378,-0.003,0.011,-0.001,-173.248,-298.491,207.657,-173.690,-3.490,-116.074,1,0.0040,-0.0014,0.0108,0,-18.370,-3.030,3.900
10949093,-0.095,0.014,-1.203,0.005,0.039,-0.001,-181.116,-301.413,207.408,-173.690,-3.490,-116.075,1,0.0040,-0.0014,0.0108,0,-18.630,-3.200,3.460
10949234,-0.688,-0.305,-1.727,0.096,-0.104,0.002,-181.116,-301.413,207.408,-173.690,-3.490,-116.075,1,-0.0156,-0.0085,0.0117,0,-18.770,-3.370,3.020
10949328,-0.290,-0.335,-1.677,0.075,-0.093,0.000,-171.832,-297.916,206.992,-173.690,-3.490,-116.076,1,-0.0406,-0.0194,0.0088,0,-18.610,-3.170,2.940
10949437,0.219,-0.218,-1.924,0.069,0.010,-0.001,-171.832,-297.916,206.992,-173.690,-3.490,-116.076,1,-0.0406,-0.0194,0.0088,0,-18.200,-3.300,3.270
10949515,0.130,0.161,-1.713,0.003,0.026,0.001,-177.949,-300.034,206.796,-173.690,-3.490,-116.078,1,-0.0406,-0.0194,0.0088,0,-18.490,-2.850,3.420
10949609,-0.251,0.189,-1.242,-0.038,0.020,-0.000,-177.949,-300.034,206.796,-173.690,-3.490,-116.078,1,-0.0498,-0.0243,0.0056,0,-18.910,-2.920,3.620
10949687,-0.696,-0.101,-1.661,0.031,-0.072,0.000,-178.951,-299.376,206.223,-173.690,-3.490,-116.079,1,-0.0498,-0.0243,0.0056,0,-19.240,-3.370,2.470
10949765,-0.589,-0.275,-2.056,0.081,-0.120,-0.000,-178.951,-299.376,206.223,-173.690,-3.490,-116.079,1,-0.0551,-0.0243,0.0027,0,-18.860,-3.490,3.400
10949875,0.025,-0.213,-1.807,0.088,-0.049,0.001,-168.954,-296.171,205.549,-173.690,-3.490,-116.079,1,-0.0317,-0.0135,-0.0003,0,-17.830,-3.480,2.670
10949984,0.527,-0.047,-2.563,0.048,0.095,0.001,-168.954,-296.171,205.549,-173.690,-3.490,-116.079,1,-0.0317,-0.0135,-0.0003,0,-17.810,-2.800,2.380
10950125,-0.220,0.409,-1.997,-0.071,0.023,0.001,-180.349,-298.934,205.315,-173.690,-3.490,-116.080,1,-0.0317,-0.0135,-0.0003,0,-19.060,-2.840,2.830
10950171,-0.548,0.226,-1.962,-0.032,-0.031,0.001,-180.349,-298.934,205.315,-173.690,-3.490,-116.080,1,0.0140,0.0027,-0.0023,0,-19.110,-3.150,2.370
10950218,-0.656,-0.125,-2.241,0.045,-0.088,-0.001,-180.349,-298.934,205.315,-173.690,-3.490,-116.080,1,0.0140,0.0027,-0.0023,0,-18.790,-3.380,2.430
10950296,-0.468,-0.308,-1.918,0.076,-0.092,0.002,-170.006,-295.906,204.925,-173.690,-3.490,-116.080,1,0.0140,0.0027,-0.0023,0,-18.600,-3.070,3.450
10950437,0.400,-0.001,-1.515,0.053,0.004,0.002,-170.006,-295.906,204.925,-173.690,-3.490,-116.080,1,0.0574,0.0155,-0.0027,0,-17.910,-2.950,3.280
10950531,0.248,0.183,-1.739,-0.018,0.071,0.000,-171.239,-296.547,205.717,-173.690,-3.490,-116.080,1,0.1117,0.0298,-0.0015,0,-18.120,-2.780,3.280
10950640,-0.049,0.139,-1.704,-0.054,0.032,-0.000,-171.239,-296.547,205.717,-173.690,-3.490,-116.080,1,0.1117,0.0298,-0.0015,0,-18.620,-3.190,3.350
10950718,-0.356,-0.183,-1.360,0.024,-0.037,-0.000,-171.222,-295.726,205.770,-173.690,-3.490,-116.080,1,0.1117,0.0298,-0.0015,0,-18.650,-3.250,3.660
10950796,-0.108,-0.129,-1.340,0.068,-0.036,0.003,-171.222,-295.726,205.770,-173.690,-3.490,-116.080,1,0.1312,0.0350,0.0006,0,-18.280,-3.170,3.660
10950890,0.347,-0.117,-1.730,0.066,0.038,0.000,-168.866,-295.755,205.529,-173.690,-3.490,-116.080,1,0.1312,0.0350,0.0006,0,-18.000,-3.080,2.650
10950968,0.288,-0.113,-2.036,0.026,0.094,0.003,-168.866,-295.755,205.529,-173.690,-3.490,-116.080,1,0.1119,0.0296,0.0005,0,-18.250,-3.070,2.860
10951078,-0.135,-0.224,-1.809,0.035,0.038,0.002,-171.320,-296.365,205.450,-173.690,-3.490,-116.080,1,0.0830,0.0195,-0.0011,0,-18.500,-3.430,3.400
10951171,-0.127,-0.248,-1.281,0.086,-0.036,0.001,-171.320,-296.365,205.450,-173.690,-3.490,-116.080,1,0.0830,0.0195,-0.0011,0,-18.340,-3.270,3.820
10951312,0.330,0.026,-1.332,0.029,0.039,0.001,-168.311,-296.044,205.863,-173.690,-3.490,-116.080,1,0.0830,0.0195,-0.0011,0,-18.190,-2.940,3.580
10951359,0.226,0.062,-1.429,0.014,0.062,0.001,-168.311,-296.044,205.863,-173.690,-3.490,-116.080,1,0.0461,0.0085,-0.0013,0,-18.370,-2.950,3.620
10951406,0.071,-0.001,-1.471,0.011,0.064,0.001,-168.311,-296.044,205.863,-173.690,-3.490,-116.080,1,0.0461,0.0085,-0.0013,0,-18.490,-3.270,3.640
10951484,-0.199,-0.084,-1.195,0.038,0.011,0.002,-169.147,-296.273,205.998,-173.690,-3.490,-116.080,1,0.0461,0.0085,-0.0013,0,-18.350,-3.210,3.740
10951625,0.107,0.118,-0.994,0.025,-0.019,0.003,-169.147,-296.273,205.998,-173.690,-3.490,-116.080,1,0.0140,0.0011,-0.0006,0,-18.130,-2.890,3.910
10951718,0.129,0.267,-1.207,-0.017,0.044,0.002,-169.368,-296.014,206.108,-173.690,-3.490,-116.080,1,-0.0117,-0.0033,-0.0007,0,-18.420,-3.060,3.820
10951828,-0.049,0.079,-1.294,0.011,0.035,0.001,-169.368,-296.014,206.108,-173.690,-3.490,-116.080,1,-0.0117,-0.0033,-0.0007,0,-18.630,-3.020,3.950
10951906,-0.087,0.199,-1.026,-0.003,-0.022,0.002,-168.888,-295.281,205.734,-173.690,-3.490,-116.080,1,-0.0117,-0.0033,-0.0007,0,-18.570,-2.780,3.590
10952000,-0.010,0.232,-1.203,-0.008,0.007,0.001,-168.888,-295.281,205.734,-173.690,-3.490,-116.080,1,-0.0262,-0.0042,-0.0016,0,-18.590,-2.870,3.430
10952078,0.058,0.229,-1.311,-0.010,0.035,0.002,-169.488,-295.420,205.711,-173.690,-3.490,-116.080,1,-0.0262,-0.0042,-0.0016,0,-18.360,-2.880,3.400
10952156,0.072,0.236,-1.274,-0.016,0.027,0.002,-169.488,-295.420,205.711,-173.690,-3.490,-116.080,1,-0.0278,-0.0035,-0.0024,0,-18.320,-2.870,3.790
10952265,0.020,0.275,-1.279,-0.019,0.020,0.002,-169.440,-295.330,205.650,-173.690,-3.490,-116.080,1,-0.0245,-0.0039,-0.0020,0,-18.380,-2.830,3.640
10952375,-0.010,0.265,-1.271,-0.021,0.013,0.002,-169.440,-295.330,205.650,-173.690,-3.490,-116.080,1,-0.0245,-0.0039,-0.0020,0,-18.400,-2.880,3.910
10952515,-0.151,0.262,-0.993,-0.017,-0.017,0.003,-169.180,-295.300,205.781,-173.690,-3.490,-116.080,1,-0.0245,-0.0039,-0.0020,0,-18.600,-2.710,3.850
10952562,-0.166,0.301,-0.837,-0.026,-0.021,0.002,-169.180,-295.300,205.781,-173.690,-3.490,-116.080,1,-0.0176,-0.0039,-0.0010,0,-18.660,-2.720,3.960
10952609,-0.181,0.331,-0.697,-0.030,-0.021,0.001,-169.180,-295.300,205.781,-173.690,-3.490,-116.080,1,-0.0176,-0.0039,-0.0010,0,-18.520,-2.830,4.420
10952687,-0.140,0.309,-0.561,-0.023,-0.018,0.000,-169.180,-295.337,206.945,-173.690,-3.490,-116.080,1,-0.0176,-0.0039,-0.0010,0,-18.400,-2.960,4.640
10952828,-0.159,0.258,-0.519,-0.018,-0.013,0.001,-169.180,-295.337,206.945,-173.690,-3.490,-116.080,1,-0.0101,-0.0030,0.0015,0,-18.460,-2.860,4.420
10952921,-0.152,0.206,-0.483,-0.007,-0.016,0.001,-169.218,-295.149,207.725,-173.646,-3.490,-116.080,1,-0.0053,-0.0020,0.0054,0,-18.480,-2.860,4.270
10953031,-0.150,0.250,-0.433,-0.012,-0.009,0.001,-169.218,-295.149,207.725,-173.646,-3.490,-116.080,1,-0.0053,-0.0020,0.0054,0,-18.510,-2.960,4.620
10953109,-0.115,0.234,-0.429,-0.008,-0.008,0.001,-169.124,-295.566,209.247,-173.655,-3.490,-116.073,1,-0.0053,-0.0020,0.0054,0,-18.520,-2.870,4.550
10953203,-0.119,0.213,-0.396,-0.002,-0.005,0.002,-169.124,-295.566,209.247,-173.655,-3.490,-116.073,1,-0.0023,-0.0013,0.0077,0,-18.450,-2.950,4.640
10953281,-0.082,0.184,-0.318,-0.001,-0.006,0.000,-168.813,-295.982,210.300,-173.650,-3.490,-116.073,1,-0.0023,-0.0013,0.0077,0,-18.630,-2.660,4.280
10953359,-0.053,0.181,-0.259,-0.000,-0.004,0.000,-168.813,-295.982,210.300,-173.650,-3.490,-116.073,1,0.0002,-0.0016,0.0076,0,-18.370,-2.800,4.470
10953468,-0.040,0.201,-0.230,-0.001,-0.004,0.001,-168.313,-296.310,211.947,-173.650,-3.490,-116.070,1,0.0027,-0.0019,0.0060,0,-18.390,-2.830,4.600
10953578,0.006,0.183,-0.152,0.001,-0.003,-0.001,-168.313,-296.310,211.947,-173.650,-3.490,-116.070,1,0.0027,-0.0019,0.0060,0,-18.480,-2.910,4.550
10953718,0.036,0.191,-0.227,-0.000,-0.004,0.001,-167.502,-296.425,213.450,-173.650,-3.490,-116.070,1,0.0027,-0.0019,0.0060,0,-18.380,-2.840,4.860
10953765,0.028,0.188,-0.170,-0.000,-0.005,0.000,-167.502,-296.425,213.450,-173.650,-3.490,-116.070,1,0.0046,-0.0013,0.0050,0,-18.310,-2.990,4.760
10953812,0.020,0.202,-0.179,-0.001,-0.005,0.000,-167.502,-296.425,213.450,-173.650,-3.490,-116.070,1,0.0046,-0.0013,0.0050,0,-18.340,-2.890,4.790
10953890,0.020,0.182,-0.118,0.000,-0.005,-0.000,-167.368,-296.286,213.750,-173.650,-3.490,-116.070,1,0.0046,-0.0013,0.0050,0,-18.490,-2.810,4.610
10954031,0.010,0.191,-0.048,-0.004,-0.006,-0.001,-167.368,-296.286,213.750,-173.650,-3.490,-116.070,1,0.0043,-0.0000,0.0024,0,-18.440,-2.810,4.910
10954125,0.021,0.187,-0.127,-0.003,-0.005,0.001,-167.179,-295.657,215.423,-173.650,-3.490,-116.070,1,0.0014,0.0020,-0.0018,0,-18.430,-2.880,4.850
10954234,0.027,0.169,0.001,-0.002,-0.005,0.000,-167.179,-295.657,215.423,-173.650,-3.490,-116.070,1,0.0014,0.0020,-0.0018,0,-18.270,-2.880,4.940
10954312,0.023,0.181,-0.035,-0.001,-0.005,0.000,-166.964,-295.143,216.653,-173.650,-3.482,-116.070,1,0.0014,0.0020,-0.0018,0,-18.290,-3.040,4.980
10954406,0.017,0.156,0.023,0.001,-0.006,-0.001,-166.964,-295.143,216.653,-173.650,-3.482,-116.070,1,-0.0011,0.0039,-0.0032,0,-18.530,-2.630,4.570
10954484,0.040,0.158,-0.050,0.001,-0.006,0.001,-166.231,-294.509,217.902,-173.650,-3.483,-116.070,1,-0.0011,0.0039,-0.0032,0,-18.310,-2.810,4.440
10954562,0.085,0.160,-0.045,0.001,-0.004,0.000,-166.231,-294.509,217.902,-173.650,-3.483,-116.070,1,-0.0013,0.0045,-0.0030,0,-18.360,-2.870,4.840
10954671,0.054,0.151,-0.009,0.001,-0.006,0.000,-166.079,-294.262,217.982,-173.650,-3.480,-116.070,1,-0.0004,0.0036,-0.0046,0,-18.380,-2.880,4.870
10954781,0.052,0.163,-0.042,0.000,-0.005,-0.000,-166.079,-294.262,217.982,-173.650,-3.480,-116.070,1,-0.0004,0.0036,-0.0046,0,-18.290,-2.990,4.890
10954921,0.050,0.166,-0.085,0.001,-0.004,0.000,-166.099,-294.175,217.585,-173.650,-3.480,-116.070,1,-0.0010,0.0013,-0.0086,0,-18.320,-2.940,4.790
10954968,0.055,0.163,-0.108,0.002,-0.004,-0.001,-166.099,-294.175,217.585,-173.650,-3.480,-116.070,1,-0.0010,0.0013,-0.0086,0,-18.270,-2.940,4.610
10955015,0.075,0.140,-0.171,0.007,-0.001,0.000,-166.099,-294.175,217.585,-173.650,-3.480,-116.070,1,-0.0010,0.0013,-0.0086,0,-18.170,-2.970,4.690
10955093,0.105,0.091,-0.264,0.018,0.005,0.000,-166.253,-293.788,215.756,-173.650,-3.480,-116.070,1,-0.0010,0.0013,-0.0086,0,-18.090,-3.090,4.580
10955234,0.142,-0.003,-0.535,0.038,0.020,-0.000,-166.253,-293.788,215.756,-173.650,-3.480,-116.070,1,-0.0025,-0.0005,-0.0134,0,-18.130,-3.280,4.400
10955328,0.163,-0.044,-0.656,0.043,0.026,0.001,-166.660,-293.700,213.740,-173.649,-3.480,-116.073,1,-0.0035,-0.0009,-0.0175,0,-18.220,-3.140,4.170
10955437,0.198,-0.067,-0.772,0.049,0.027,0.001,-166.660,-293.700,213.740,-173.649,-3.480,-116.073,1,-0.0035,-0.0009,-0.0175,0,-18.230,-3.050,3.910
10955515,0.180,-0.095,-0.757,0.053,0.027,-0.001,-166.520,-293.696,213.077,-173.650,-3.480,-116.070,1,-0.0035,-0.0009,-0.0175,0,-18.140,-3.060,4.140
10955609,0.195,-0.077,-0.817,0.053,0.026,0.001,-166.520,-293.696,213.077,-173.650,-3.480,-116.070,1,-0.0034,-0.0012,-0.0170,0,-18.230,-3.220,4.080
10955687,0.214,-0.087,-0.902,0.055,0.028,0.001,-166.299,-293.735,212.796,-173.650,-3.480,-116.070,1,-0.0034,-0.0012,-0.0170,0,-18.160,-3.250,4.130
10955781,0.222,-0.106,-0.937,0.058,0.030,0.001,-166.299,-293.735,212.796,-173.650,-3.480,-116.070,1,-0.0016,-0.0017,-0.0102,0,-18.220,-3.270,4.030
10955890,0.232,-0.132,-0.912,0.060,0.026,0.000,-165.828,-293.673,212.557,-173.650,-3.480,-116.070,1,0.0008,-0.0017,-0.0022,0,-18.190,-3.160,4.020
10956000,0.225,-0.118,-0.852,0.054,0.025,0.000,-165.828,-293.673,212.557,-173.650,-3.480,-116.070,1,0.0008,-0.0017,-0.0022,0,-18.200,-3.160,3.890
10956125,0.185,-0.111,-0.764,0.049,0.019,0.000,-165.597,-293.617,212.500,-173.650,-3.480,-116.070,1,0.0008,-0.0017,-0.0022,0,-18.200,-3.160,4.150
10956171,0.149,-0.115,-0.795,0.050,0.016,0.001,-165.597,-293.617,212.500,-173.650,-3.480,-116.070,1,0.0026,-0.0011,0.0030,1,-18.120,-3.160,4.140
10956218,0.187,-0.104,-0.787,0.048,0.016,0.001,-165.597,-293.617,212.500,-173.650,-3.480,-116.070,1,0.0026,-0.0011,0.0030,1,-18.240,-3.080,4.130
10956296,0.247,-0.070,-0.827,0.042,0.021,0.001,-165.600,-293.595,212.481,-173.650,-3.480,-116.070,1,0.0026,-0.0011,0.0030,1,-18.060,-3.140,4.130
10956437,0.246,-0.048,-0.861,0.041,0.034,0.001,-165.600,-293.595,212.481,-173.650,-3.480,-116.070,1,0.0026,-0.0006,0.0054,0,-18.240,-3.140,4.260
10956531,0.226,-0.062,-0.799,0.047,0.030,0.002,-165.898,-293.603,212.430,-173.650,-3.480,-116.070,1,0.0008,-0.0003,0.0058,0,-18.220,-3.170,4.150
10956640,0.181,-0.048,-0.781,0.045,0.022,0.002,-165.898,-293.603,212.430,-173.650,-3.480,-116.070,1,0.0008,-0.0003,0.0058,0,-18.180,-3.130,4.230
10956718,0.158,-0.054,-0.782,0.043,0.017,0.002,-165.640,-293.540,212.430,-173.650,-3.480,-116.070,1,0.0008,-0.0003,0.0058,0,-18.260,-3.240,4.260
10956812,0.187,-0.056,-0.710,0.041,0.018,-0.000,-165.640,-293.540,212.430,-173.650,-3.480,-116.070,1,-0.0006,-0.0002,0.0050,0,-18.160,-3.090,4.180
10956890,0.182,-0.034,-0.747,0.039,0.022,0.001,-165.740,-293.520,212.400,-173.650,-3.480,-116.070,1,-0.0006,-0.0002,0.0050,0,-18.290,-3.070,3.800
10956968,0.178,-0.035,-0.809,0.037,0.023,0.002,-165.740,-293.520,212.400,-173.650,-3.480,-116.070,1,-0.0008,-0.0000,0.0037,1,-18.170,-3.140,4.150
10957078,0.176,-0.041,-0.790,0.039,0.020,0.003,-165.650,-293.500,212.400,-173.650,-3.480,-116.070,1,-0.0009,-0.0000,0.0024,1,-18.180,-3.150,4.180
10957187,0.162,-0.050,-0.770,0.041,0.019,0.003,-165.650,-293.500,212.400,-173.650,-3.480,-116.070,1,-0.0009,-0.0000,0.0024,1,-18.300,-3.060,3.940
10957328,0.171,-0.048,-0.750,0.041,0.019,0.002,-165.650,-293.500,212.400,-173.650,-3.480,-116.070,1,-0.0009,-0.0000,0.0024,1,-18.290,-3.100,3.890
10957375,0.161,-0.049,-0.754,0.041,0.019,0.003,-165.650,-293.500,212.400,-173.650,-3.480,-116.070,1,-0.0009,-0.0000,0.0024,1,-18.230,-3.150,4.230
10957421,0.152,-0.051,-0.735,0.041,0.019,0.003,-165.650,-293.500,212.400,-173.650,-3.480,-116.070,1,-0.0009,-0.0000,0.0024,1,-18.230,-3.180,4.330
10957500,0.172,-0.055,-0.738,0.039,0.019,0.001,-165.650,-293.500,212.400,-173.650,-3.480,-116.070,1,-0.0009,-0.0000,0.0024,1,-18.250,-3.190,4.260
10957640,0.151,-0.036,-0.839,0.038,0.021,0.003,-165.650,-293.500,212.400,-173.650,-3.480,-116.070,1,-0.0009,-0.0000,0.0024,1,-18.190,-3.100,4.240
10957734,0.177,-0.006,-0.801,0.036,0.021,0.002,-165.670,-293.420,212.330,-173.650,-3.480,-116.070,1,0.0000,0.0000,0.0000,1,-18.260,-3.110,3.920
10957843,0.185,-0.014,-0.815,0.034,0.021,0.002,-165.670,-293.420,212.330,-173.650,-3.480,-116.070,1,0.0000,0.0000,0.0000,1,-18.270,-3.060,3.920
10957921,0.168,-0.019,-0.744,0.036,0.021,0.002,-165.598,-293.402,212.330,-173.650,-3.480,-116.070,1,0.0000,0.0000,0.0000,1,-18.300,-3.050,3.960
10958015,0.180,-0.053,-0.716,0.039,0.019,0.001,-165.598,-293.402,212.330,-173.650,-3.480,-116.070,1,0.0000,0.0000,0.0000,1,-18.240,-3.160,4.210
10958093,0.138,-0.049,-0.749,0.040,0.019,0.002,-165.590,-293.400,212.330,-173.650,-3.480,-116.070,1,0.0000,0.0000,0.0000,1,-18.220,-3.140,4.220
10958171,0.160,-0.047,-0.739,0.038,0.018,0.001,-165.590,-293.400,212.330,-173.650,-3.480,-116.070,1,0.0000,0.0000,0.0000,1,-18.240,-3.060,3.940
10958281,0.151,-0.011,-0.780,0.033,0.021,0.002,-165.670,-293.420,212.330,-173.650,-3.480,-116.070,1,0.0000,0.0000,0.0000,1,-18.170,-3.110,4.140
10958390,0.167,-0.012,-0.776,0.032,0.023,0.001,-165.670,-293.420,212.330,-173.650,-3.480,-116.070,1,0.0000,0.0000,0.0000,1,-18.130,-3.060,3.970
10958531,0.192,-0.022,-0.785,0.034,0.024,0.002,-165.670,-293.420,212.330,-173.650,-3.480,-116.070,1,0.0000,0.0000,0.0000,1,-18.270,-3.080,3.880
10958578,0.183,-0.000,-0.766,0.036,0.025,0.002,-165.670,-293.420,212.330,-173.650,-3.480,-116.070,1,0.0000,0.0000,0.0000,1,-18.160,-3.150,4.200
10958625,0.182,0.012,-0.745,0.036,0.025,0.001,-165.670,-293.420,212.330,-173.650,-3.480,-116.070,1,0.0000,0.0000,0.0000,1,-18.290,-3.020,3.900
10958703,0.188,-0.021,-0.750,0.036,0.025,0.001,-165.670,-293.420,212.330,-173.650,-3.480,-116.070,1,0.0000,0.0000,0.0000,1,-18.190,-3.120,4.140
10958843,0.187,0.034,-0.898,0.033,0.027,0.001,-165.670,-293.420,212.330,-173.650,-3.480,-116.070,1,0.0000,0.0000,0.0000,1,-18.190,-3.100,3.830
10958937,0.202,-0.023,-0.859,0.029,0.028,0.002,-165.800,-292.890,211.860,-173.650,-3.480,-116.070,1,0.0000,0.0000,0.0000,1,-18.200,-3.080,4.050
10959046,0.182,0.002,-0.776,0.030,0.022,0.001,-165.800,-292.890,211.860,-173.650,-3.480,-116.070,1,0.0000,0.0000,0.0000,1,-18.250,-3.050,3.870
10959125,0.170,-0.017,-0.798,0.032,0.021,0.001,-165.720,-292.870,211.860,-173.650,-3.480,-116.070,1,0.0000,0.0000,0.0000,1,-18.130,-3.100,4.240
10959218,0.150,-0.022,-0.797,0.033,0.021,0.001,-165.720,-292.870,211.860,-173.650,-3.480,-116.070,1,0.0000,0.0000,0.0000,1,-18.160,-3.090,4.260
10959296,0.183,-0.003,-0.802,0.032,0.021,0.001,-165.720,-292.870,211.860,-173.650,-3.480,-116.070,1,0.0000,0.0000,0.0000,1,-18.210,-3.140,3.980
10959375,0.175,0.002,-0.793,0.032,0.021,0.001,-165.720,-292.870,211.860,-173.650,-3.480,-116.070,1,0.0000,0.0000,0.0000,1,-18.200,-3.100,4.140
10959484,0.173,-0.008,-0.801,0.032,0.021,0.001,-165.720,-292.870,211.860,-173.650,-3.480,-116.070,1,0.0000,0.0000,0.0000,1,-18.180,-3.120,4.320
10959593,0.161,-0.002,-0.791,0.031,0.021,0.001,-165.720,-292.870,211.860,-173.650,-3.480,-116.070,1,0.0000,0.0000,0.0000,1,-18.210,-3.120,4.140
10959734,0.160,0.006,-0.791,0.030,0.019,0.001,-165.688,-292.862,211.860,-173.650,-3.480,-116.070,1,0.0000,0.0000,0.0000,1,-18.250,-3.140,4.220
10959781,0.170,0.027,-0.789,0.026,0.021,0.001,-165.688,-292.862,211.860,-173.650,-3.480,-116.070,1,0.0000,0.0000,0.0000,1,-18.150,-3.100,4.250
10959843,0.194,0.043,-0.832,0.022,0.026,0.001,-165.688,-292.862,211.860,-173.650,-3.480,-116.070,1,0.0000,0.0000,0.0000,1,-18.460,-3.140,3.820
10959906,0.192,0.020,-0.838,0.027,0.030,0.001,-165.878,-292.907,211.860,-173.650,-3.480,-116.070,1,0.0000,0.0000,0.0000,1,-18.210,-3.120,4.110
10960062,0.180,-0.048,-0.807,0.040,0.023,0.002,-165.878,-292.907,211.860,-173.650,-3.480,-116.070,1,0.0000,0.0000,0.0000,1,-18.160,-3.150,4.270
10960156,0.139,-0.049,-0.679,0.038,0.012,0.001,-165.390,-292.833,211.889,-173.650,-3.480,-116.070,1,0.0000,0.0000,0.0000,1,-18.280,-3.030,4.030
10960265,0.136,-0.032,-0.671,0.032,0.011,0.000,-165.390,-292.833,211.889,-173.650,-3.480,-116.070,1,0.0000,0.0000,0.0000,1,-18.230,-3.210,4.010
10960343,0.150,-0.028,-0.782,0.031,0.013,0.000,-165.324,-292.712,211.789,-173.650,-3.480,-116.070,1,0.0000,0.0000,0.0000,1,-18.200,-3.090,3.850
10960437,0.282,-0.093,-1.280,0.050,0.042,0.000,-165.324,-292.712,211.789,-173.650,-3.480,-116.070,1,0.0000,0.0000,0.0000,1,-18.040,-3.190,3.270
10960515,0.455,-0.238,-1.844,0.079,0.076,-0.000,-165.502,-292.057,209.803,-173.650,-3.480,-116.070,1,0.0000,0.0000,0.0000,1,-17.820,-3.430,2.470
10960593,0.573,-0.403,-2.263,0.100,0.104,-0.000,-165.502,-292.057,209.803,-173.650,-3.480,-116.070,1,0.0000,0.0000,0.0000,0,-17.850,-3.460,2.390
10960703,0.329,-0.442,-1.738,0.099,0.057,0.002,-163.917,-291.652,208.577,-173.650,-3.480,-116.070,1,0.0027,-0.0004,0.0012,0,-18.270,-3.540,3.670
10960812,0.119,-0.227,-0.912,0.063,0.017,0.000,-163.917,-291.652,208.577,-173.650,-3.480,-116.070,1,0.0027,-0.0004,0.0012,0,-18.440,-3.180,3.870
10960953,0.581,-0.092,-1.390,0.039,0.097,0.001,-163.972,-292.497,209.015,-173.650,-3.348,-116.070,1,0.0027,-0.0004,0.0012,0,-17.520,-3.100,3.320
10961000,0.600,-0.073,-1.586,0.034,0.109,0.003,-163.972,-292.497,209.015,-173.650,-3.348,-116.070,1,0.0080,-0.0021,0.0050,0,-17.940,-3.290,2.680
10961046,0.502,-0.188,-1.773,0.056,0.115,0.002,-163.972,-292.497,209.015,-173.650,-3.348,-116.070,1,0.0080,-0.0021,0.0050,0,-17.850,-3.220,3.150
10961125,0.267,-0.224,-1.508,0.058,0.070,-0.000,-165.368,-292.151,208.486,-173.595,-3.417,-116.070,1,0.0080,-0.0021,0.0050,0,-18.320,-3.220,3.890
10961265,0.062,-0.079,-0.645,0.028,-0.015,0.000,-165.368,-292.151,208.486,-173.595,-3.417,-116.070,1,0.0077,-0.0027,0.0078,0,-18.340,-3.190,4.090
10961359,0.434,-0.068,-1.163,0.029,0.063,0.000,-162.208,-291.137,208.008,-173.604,-3.403,-116.027,1,0.0052,0.0010,0.0059,0,-17.630,-3.200,2.960
10961468,0.671,-0.225,-1.968,0.060,0.136,0.000,-162.208,-291.137,208.008,-173.604,-3.403,-116.027,1,0.0052,0.0010,0.0059,0,-17.800,-3.430,2.860
10961546,0.401,-0.367,-1.833,0.096,0.099,-0.000,-164.992,-291.988,207.445,-173.598,-3.407,-116.043,1,0.0052,0.0010,0.0059,0,-18.410,-3.630,3.480
10961640,0.048,-0.282,-1.002,0.063,0.007,0.001,-164.992,-291.988,207.445,-173.598,-3.407,-116.043,1,0.0032,0.0037,0.0023,0,-18.630,-3.300,4.250
10961718,-0.089,0.016,-0.498,0.022,-0.026,0.000,-159.836,-291.014,207.554,-173.599,-3.407,-116.039,1,0.0032,0.0037,0.0023,0,-18.170,-3.030,4.280
10961796,0.337,0.019,-1.051,0.025,0.055,0.000,-159.836,-291.014,207.554,-173.599,-3.407,-116.039,1,0.0051,0.0037,0.0011,0,-17.980,-2.990,3.000
10961906,0.812,-0.172,-1.976,0.048,0.151,0.002,-165.521,-292.188,207.082,-173.600,-3.409,-116.039,1,0.0063,0.0033,0.0013,0,-17.870,-3.250,2.580
10962015,0.308,-0.355,-2.210,0.093,0.121,-0.001,-165.521,-292.188,207.082,-173.600,-3.409,-116.039,1,0.0063,0.0033,0.0013,0,-18.230,-3.640,2.740
10962156,0.249,-0.505,-1.654,0.117,0.030,0.001,-161.415,-292.174,206.420,-173.600,-3.410,-116.040,1,0.0063,0.0033,0.0013,0,-18.260,-3.330,3.840
10962203,0.227,-0.305,-1.248,0.091,0.020,0.001,-161.415,-292.174,206.420,-173.600,-3.410,-116.040,1,-0.0093,-0.0006,0.0003,0,-18.050,-3.660,3.620
10962250,0.459,-0.335,-1.337,0.092,0.060,0.000,-161.415,-292.174,206.420,-173.600,-3.410,-116.040,1,-0.0093,-0.0006,0.0003,0,-17.440,-3.680,2.890
10962328,0.958,-0.444,-2.102,0.108,0.171,0.002,-164.180,-294.710,207.221,-173.600,-3.410,-116.040,1,-0.0093,-0.0006,0.0003,0,-17.760,-3.350,2.600
10962468,0.322,-0.218,-1.484,0.057,0.105,-0.000,-164.180,-294.710,207.221,-173.600,-3.410,-116.040,1,-0.0301,-0.0082,0.0009,0,-18.180,-3.500,3.430
10962562,0.213,-0.526,-1.510,0.125,0.045,0.000,-164.440,-295.785,207.837,-173.600,-3.410,-116.040,1,-0.0474,-0.0162,0.0053,0,-18.230,-3.600,3.750
10962671,0.317,-0.342,-1.189,0.097,0.040,0.000,-164.440,-295.785,207.837,-173.600,-3.410,-116.040,1,-0.0474,-0.0162,0.0053,0,-17.680,-3.360,3.340
10962750,0.692,-0.284,-1.611,0.078,0.119,0.000,-163.447,-296.110,208.127,-173.600,-3.410,-116.040,1,-0.0516,-0.0174,0.0080,0,-17.670,-3.190,2.770
10962843,0.519,-0.115,-1.642,0.050,0.120,0.003,-163.447,-296.110,208.127,-173.600,-3.410,-116.040,1,-0.0516,-0.0174,0.0080,0,-17.950,-3.230,3.550
10962921,0.236,-0.179,-1.549,0.058,0.076,-0.000,-166.626,-296.712,207.986,-173.600,-3.410,-116.040,1,-0.0516,-0.0174,0.0080,0,-18.040,-3.370,3.030
10963000,0.237,-0.250,-1.856,0.092,0.042,0.002,-166.626,-296.712,207.986,-173.600,-3.410,-116.040,1,-0.0456,-0.0122,0.0063,0,-18.080,-3.360,3.430
10963109,0.334,-0.087,-1.952,0.014,0.032,0.003,-161.716,-292.214,205.630,-173.600,-3.410,-116.040,1,-0.0333,0.0006,-0.0009,0,-17.880,-3.080,2.450
10963218,1.014,-0.242,-3.421,0.065,0.198,0.001,-161.716,-292.214,205.630,-173.600,-3.410,-116.040,1,-0.0333,0.0006,-0.0009,0,-17.410,-3.430,1.600
10963359,0.172,-0.426,-1.920,0.082,0.061,0.001,-161.752,-292.436,205.520,-173.600,-3.410,-116.040,1,-0.0333,0.0006,-0.0009,0,-18.680,-3.260,3.700
10963406,-0.360,-0.215,-0.848,0.053,-0.030,0.002,-161.752,-292.436,205.520,-173.600,-3.410,-116.040,1,-0.0057,0.0191,-0.0104,0,-18.800,-2.830,4.740
10963453,-0.358,0.064,-0.238,0.020,-0.065,0.003,-161.752,-292.436,205.520,-173.600,-3.410,-116.040,1,-0.0057,0.0191,-0.0104,0,-18.410,-2.940,4.710
10963531,0.168,0.178,-0.188,0.007,-0.034,0.001,-155.404,-291.808,208.022,-173.600,-3.410,-116.040,1,-0.0057,0.0191,-0.0104,0,-18.000,-3.020,4.660
10963671,0.579,0.120,-1.315,0.007,0.122,0.000,-155.404,-291.808,208.022,-173.600,-3.410,-116.040,1,0.0250,0.0278,-0.0096,0,-17.620,-3.030,3.430
10963765,0.258,0.125,-1.186,-0.009,0.102,0.003,-168.277,-294.488,207.788,-173.600,-3.410,-116.040,1,0.0337,0.0234,-0.0004,0,-18.490,-2.940,3.790
10963875,-0.156,-0.060,-1.202,0.013,0.046,0.000,-168.277,-294.488,207.788,-173.600,-3.410,-116.040,1,0.0337,0.0234,-0.0004,0,-18.550,-3.370,3.500
10963953,0.248,-0.451,-1.749,0.116,0.040,0.001,-165.044,-294.138,207.477,-173.600,-3.410,-116.040,1,0.0337,0.0234,-0.0004,0,-18.130,-3.630,2.760
10964046,0.565,-0.432,-1.797,0.121,0.075,0.001,-165.044,-294.138,207.477,-173.600,-3.410,-116.040,1,0.0228,0.0152,0.0029,0,-17.490,-3.460,3.180
10964125,0.630,-0.184,-1.463,0.069,0.101,0.003,-165.799,-295.356,208.020,-173.600,-3.410,-116.040,1,0.0228,0.0152,0.0029,0,-17.980,-3.010,4.080
10964203,0.150,0.182,-0.743,-0.004,0.068,0.002,-165.799,-295.356,208.020,-173.600,-3.410,-116.040,1,0.0246,0.0096,0.0025,0,-18.540,-3.120,4.180
10964312,-0.271,0.016,-0.226,0.010,0.000,0.001,-167.009,-295.872,210.497,-173.600,-3.410,-116.040,1,0.0258,0.0046,0.0075,0,-18.400,-3.220,4.460
10964406,-0.105,0.054,-0.194,0.008,-0.017,0.001,-167.009,-295.872,210.497,-173.600,-3.410,-116.040,1,0.0258,0.0046,0.0075,0,-18.290,-3.010,5.080
10964546,0.352,0.245,-0.079,-0.003,0.009,0.001,-155.106,-294.912,213.890,-173.600,-3.410,-116.040,1,0.0258,0.0046,0.0075,0,-18.340,-2.790,4.860
10964593,0.245,0.292,-0.104,-0.008,0.016,-0.000,-155.106,-294.912,213.890,-173.600,-3.410,-116.040,1,0.0236,0.0022,0.0166,0,-18.580,-2.950,4.580
10964640,0.048,0.198,-0.240,-0.007,0.018,0.000,-155.106,-294.912,213.890,-173.600,-3.410,-116.040,1,0.0236,0.0022,0.0166,0,-18.960,-3.070,4.580
10964718,-0.240,-0.055,-0.115,-0.004,0.005,0.001,-163.169,-294.723,215.237,-173.600,-3.410,-116.040,1,0.0236,0.0022,0.0166,0,-19.040,-3.040,4.720
10964859,-0.121,0.042,-0.043,0.005,-0.003,0.002,-163.169,-294.723,215.237,-173.600,-3.410,-116.040,1,0.0057,0.0027,0.0193,0,-18.410,-2.620,4.650
10964953,0.220,0.361,-0.041,-0.003,0.006,0.001,-157.370,-294.260,217.678,-173.600,-3.410,-116.040,1,-0.0434,0.0014,0.0124,0,-18.170,-2.640,4.890
10965062,0.025,0.129,-0.036,-0.004,0.008,0.001,-157.370,-294.260,217.678,-173.600,-3.410,-116.040,1,-0.0434,0.0014,0.0124,0,-18.480,-3.170,4.890
10965140,-0.208,0.092,-0.009,0.004,-0.008,0.000,-165.115,-294.498,220.314,-173.600,-3.410,-115.737,1,-0.0434,0.0014,0.0124,0,-18.840,-2.950,4.330
10965234,-0.089,0.013,0.045,0.008,-0.010,0.001,-165.115,-294.498,220.314,-173.600,-3.410,-115.737,1,-0.0792,-0.0010,0.0058,0,-18.340,-3.020,4.760
10965312,0.096,0.113,-0.072,-0.002,0.006,0.002,-159.946,-293.435,223.487,-173.600,-3.410,-115.844,1,-0.0792,-0.0010,0.0058,0,-18.450,-2.610,4.770
10965390,0.131,0.245,0.105,-0.007,0.013,0.000,-159.946,-293.435,223.487,-173.600,-3.410,-115.844,1,-0.0790,-0.0012,0.0039,0,-18.340,-2.920,4.750
10965500,-0.122,0.035,-0.064,0.002,-0.007,0.001,-162.318,-293.411,226.844,-173.600,-3.410,-115.802,1,-0.0510,0.0005,0.0044,0,-18.670,-3.130,4.600
10965609,-0.037,0.016,0.102,0.005,-0.003,0.001,-162.318,-293.411,226.844,-173.600,-3.410,-115.802,1,-0.0510,0.0005,0.0044,0,-18.250,-2.890,4.810
10965750,-0.047,0.108,0.020,-0.001,0.003,0.001,-160.145,-291.621,234.126,-173.600,-3.410,-115.805,1,-0.0510,0.0005,0.0044,0,-18.450,-3.150,5.050
10965796,-0.091,0.107,0.065,-0.001,-0.000,0.001,-160.145,-291.621,234.126,-173.600,-3.410,-115.805,1,-0.0282,0.0012,0.0078,0,-18.370,-3.080,5.100
10965843,-0.071,-0.014,0.123,0.007,-0.002,0.002,-160.145,-291.621,234.126,-173.600,-3.410,-115.805,1,-0.0282,0.0012,0.0078,0,-18.590,-2.840,4.940
10965921,0.010,0.090,0.118,-0.006,0.003,0.002,-159.558,-289.488,242.705,-173.307,-3.410,-115.805,1,-0.0282,0.0012,0.0078,0,-18.450,-3.110,4.480
10966062,-0.096,0.094,0.005,0.002,0.002,0.002,-159.558,-289.488,242.705,-173.307,-3.410,-115.805,1,-0.0202,0.0026,0.0155,0,-18.690,-2.940,4.330
10966156,0.024,0.052,0.022,0.001,0.002,0.001,-158.873,-283.694,258.440,-173.409,-3.233,-115.804,1,-0.0144,0.0085,0.0299,0,-18.570,-2.930,4.660
10966265,0.000,0.035,0.068,-0.001,0.001,0.001,-158.873,-283.694,258.440,-173.409,-3.233,-115.804,1,-0.0144,0.0085,0.0299,0,-18.600,-2.720,5.000
10966343,-0.050,0.064,0.040,-0.001,-0.002,0.000,-159.132,-278.312,275.573,-173.387,-3.275,-115.802,1,-0.0144,0.0085,0.0299,0,-18.640,-3.100,4.850
10966437,0.121,0.027,-0.009,0.002,0.004,-0.000,-159.132,-278.312,275.573,-173.387,-3.275,-115.802,1,-0.0123,0.0170,0.0489,0,-18.440,-2.810,4.860
10966515,0.023,0.140,-0.037,-0.001,0.002,0.001,-159.123,-273.902,291.559,-173.396,-3.260,-115.801,1,-0.0123,0.0170,0.0489,0,-18.790,-2.870,4.930
10966593,0.040,0.048,-0.010,0.004,0.000,0.000,-159.123,-273.902,291.559,-173.396,-3.260,-115.801,1,-0.0106,0.0191,0.0574,0,-18.470,-2.670,4.520
10966703,0.035,0.150,0.014,0.003,0.001,0.001,-159.526,-269.809,307.627,-173.396,-3.265,-115.800,1,-0.0087,0.0126,0.0491,0,-19.040,-2.670,4.880
10966812,0.016,0.114,-0.003,0.005,-0.001,0.000,-159.526,-269.809,307.627,-173.396,-3.265,-115.800,1,-0.0087,0.0126,0.0491,0,-18.520,-2.610,4.580
10966953,0.005,0.191,-0.301,0.004,0.001,0.001,-158.961,-262.246,330.358,-173.399,-3.261,-115.800,1,-0.0087,0.0126,0.0491,0,-18.250,-2.900,4.580
10967000,0.102,0.117,-0.351,0.007,0.005,0.001,-158.961,-262.246,330.358,-173.399,-3.261,-115.800,1,-0.0063,0.0069,0.0388,0,-18.110,-3.050,5.000
10967046,0.140,0.091,-0.139,0.007,0.007,-0.000,-158.961,-262.246,330.358,-173.399,-3.261,-115.800,1,-0.0063,0.0069,0.0388,0,-18.420,-2.880,5.150
10967125,0.043,0.153,0.016,0.001,-0.001,0.001,-158.310,-261.020,331.780,-173.400,-3.260,-115.800,1,-0.0063,0.0069,0.0388,0,-18.450,-2.910,4.710
10967265,0.049,0.138,0.017,0.003,-0.000,0.001,-158.310,-261.020,331.780,-173.400,-3.260,-115.800,1,-0.0033,-0.0016,0.0073,0,-18.430,-2.930,5.130
10967359,0.043,0.159,0.028,0.003,-0.001,-0.000,-158.310,-261.020,331.780,-173.400,-3.260,-115.800,1,-0.0033,-0.0016,0.0073,0,-18.330,-3.010,5.050
10967468,0.041,0.141,0.002,0.002,-0.001,0.000,-158.310,-261.020,331.780,-173.400,-3.260,-115.800,1,-0.0033,-0.0016,0.0073,0,-18.410,-2.950,4.850
10967546,0.042,0.125,0.033,0.003,-0.001,0.000,-158.310,-261.020,331.780,-173.400,-3.260,-115.800,1,-0.0033,-0.0016,0.0073,0,-18.420,-2.930,4.800
10967640,0.042,0.137,0.001,0.003,-0.001,0.001,-158.310,-261.020,331.780,-173.400,-3.260,-115.800,1,-0.0033,-0.0016,0.0073,0,-18.370,-2.940,4.920
10967718,0.040,0.135,0.031,0.002,-0.001,0.000,-158.310,-261.020,331.780,-173.400,-3.260,-115.800,1,-0.0033,-0.0016,0.0073,0,-18.380,-2.980,4.950
10967796,0.049,0.137,0.021,0.003,-0.001,-0.000,-158.310,-261.020,331.780,-173.400,-3.260,-115.800,1,-0.0033,-0.0016,0.0073,0,-18.460,-2.910,4.660
10967906,0.050,0.158,0.008,0.003,-0.001,0.001,-158.310,-261.020,331.780,-173.400,-3.260,-115.800,1,-0.0033,-0.0016,0.0073,0,-18.420,-2.890,4.900
10968015,0.048,0.139,0.021,0.002,-0.001,-0.001,-158.310,-261.020,331.780,-173.400,-3.260,-115.800,1,-0.0033,-0.0016,0.0073,0,-18.440,-2.920,4.620
10968156,0.043,0.136,-0.012,0.002,-0.001,0.000,-158.310,-261.020,331.780,-173.400,-3.260,-115.800,1,-0.0033,-0.0016,0.0073,0,-18.360,-2.950,4.950
10968203,0.043,0.138,0.011,0.002,-0.001,0.000,-158.310,-261.020,331.780,-173.400,-3.260,-115.800,1,-0.0033,-0.0016,0.0073,0,-18.380,-2.950,4.990
10968250,0.037,0.140,0.043,0.003,-0.001,-0.001,-158.310,-261.020,331.780,-173.400,-3.260,-115.800,1,-0.0033,-0.0016,0.0073,0,-18.430,-2.920,4.650
10968328,0.038,0.143,0.023,0.003,-0.001,-0.000,-158.310,-261.020,331.780,-173.400,-3.260,-115.800,1,-0.0033,-0.0016,0.0073,0,-18.420,-2.900,4.650
10968468,0.046,0.150,0.002,0.003,-0.000,0.001,-158.310,-261.020,331.780,-173.400,-3.260,-115.800,1,-0.0033,-0.0016,0.0073,0,-18.470,-2.950,4.800
10968562,0.042,0.146,0.016,0.003,-0.001,0.000,-158.310,-261.020,331.780,-173.400,-3.260,-115.800,1,-0.0033,-0.0016,0.0073,0,-18.400,-2.890,4.920
10968609,0.049,0.146,0.037,0.002,-0.001,-0.000,-158.310,-261.020,331.780,-173.400,-3.260,-115.800,1,-0.0033,-0.0016,0.0073,0,-18.350,-2.950,5.000
10968687,0.054,0.130,0.017,0.002,-0.001,-0.000,-158.310,-261.020,331.780,-173.400,-3.260,-115.800,1,-0.0033,-0.0016,0.0073,0,-18.380,-2.960,4.960
10968765,0.044,0.131,-0.012,0.002,-0.001,0.000,-158.310,-261.020,331.780,-173.400,-3.260,-115.800,1,-0.0033,-0.0016,0.0073,0,-18.460,-2.930,4.600
10968843,0.042,0.139,-0.002,0.003,-0.001,0.001,-158.310,-261.020,331.780,-173.400,-3.260,-115.800,1,-0.0033,-0.0016,0.0073,0,-18.410,-2.980,4.880
10968937,0.046,0.132,0.043,0.002,-0.001,-0.001,-158.310,-261.020,331.780,-173.400,-3.260,-115.800,1,-0.0033,-0.0016,0.0073,0,-18.280,-3.010,5.030
10969015,0.058,0.113,0.052,0.002,-0.001,-0.002,-158.310,-261.020,331.780,-173.400,-3.260,-115.800,1,-0.0033,-0.0016,0.0073,0,-18.450,-2.930,4.920
10969125,0.049,0.143,-0.014,0.003,-0.001,0.001,-158.310,-261.020,331.780,-173.400,-3.260,-115.800,1,-0.0033,-0.0016,0.0073,0,-18.420,-2.920,4.650
10969203,0.041,0.134,0.047,0.003,-0.000,-0.001,-158.310,-261.020,331.780,-173.400,-3.260,-115.800,1,-0.0033,-0.0016,0.0073,0,-18.430,-2.930,4.750
10969359,0.065,0.144,0.010,0.003,-0.001,0.001,-158.310,-261.020,331.780,-173.400,-3.260,-115.800,1,-0.0033,-0.0016,0.0073,0,-18.440,-2.950,4.970
10969406,0.069,0.148,0.045,0.003,-0.001,-0.000,-158.310,-261.020,331.780,-173.400,-3.260,-115.800,1,-0.0033,-0.0016,0.0073,0,-18.440,-2.930,4.600
10969531,0.044,0.139,-0.007,0.003,-0.001,-0.000,-158.310,-261.020,331.780,-173.400,-3.260,-115.800,1,-0.0033,-0.0016,0.0073,0,-18.370,-2.960,4.940
10969671,0.047,0.135,0.018,0.003,-0.001,-0.000,-158.310,-261.020,331.780,-173.400,-3.260,-115.800,1,-0.0033,-0.0016,0.0073,0,-18.390,-2.940,4.800
10969765,0.045,0.148,0.000,0.003,-0.001,0.001,-158.310,-261.020,331.780,-173.400,-3.260,-115.800,1,-0.0033,-0.0016,0.0073,0,-18.380,-2.940,4.890
10969875,0.059,0.143,0.029,0.002,-0.001,-0.000,-158.310,-261.020,331.780,-173.400,-3.260,-115.800,1,-0.0033,-0.0016,0.0073,0,-18.400,-2.940,4.870
10969953,0.052,0.145,-0.006,0.003,-0.001,0.001,-158.310,-261.020,331.780,-173.400,-3.260,-115.800,1,-0.0033,-0.0016,0.0073,0,-18.300,-2.960,5.050
10970046,0.045,0.145,0.018,0.003,-0.001,0.000,-158.310,-261.020,331.780,-173.400,-3.260,-115.800,1,-0.0033,-0.0016,0.0073,0,-18.380,-2.960,4.950
10970125,0.058,0.147,0.003,0.003,-0.001,0.000,-158.310,-261.020,331.780,-173.400,-3.260,-115.800,1,-0.0033,-0.0016,0.0073,0,-18.420,-2.930,4.790
10970203,0.040,0.130,0.025,0.003,-0.001,0.001,-158.310,-261.020,331.780,-173.400,-3.260,-115.800,1,-0.0033,-0.0016,0.0073,0,-18.370,-2.980,4.840
10970312,0.050,0.139,0.007,0.003,-0.001,-0.000,-158.310,-261.020,331.780,-173.400,-3.260,-115.800,1,-0.0033,-0.0016,0.0073,0,-18.380,-2.950,4.930
10970421,0.053,0.135,0.032,0.002,-0.001,-0.001,-158.310,-261.020,331.780,-173.400,-3.260,-115.800,1,-0.0033,-0.0016,0.0073,0,-18.380,-2.990,4.840
10970562,0.048,0.145,0.027,0.003,-0.001,0.000,-158.310,-261.020,331.780,-173.400,-3.260,-115.800,1,-0.0033,-0.0016,0.0073,0,-18.400,-2.930,4.770
10970609,0.053,0.136,0.047,0.003,-0.001,-0.001,-158.310,-261.020,331.780,-173.400,-3.260,-115.800,1,-0.0033,-0.0016,0.0073,0,-18.270,-2.960,4.950
10970656,0.060,0.141,0.015,0.003,-0.001,0.000,-158.310,-261.020,331.780,-173.400,-3.260,-115.800,1,-0.0033,-0.0016,0.0073,0,-18.310,-2.960,4.930
10970734,0.054,0.138,0.021,0.003,-0.001,-0.000,-158.310,-261.020,331.780,-173.400,-3.260,-115.800,1,-0.0033,-0.0016,0.0073,0,-18.260,-2.990,5.050
10970859,0.064,0.142,0.044,0.003,-0.001,-0.001,-158.310,-261.020,331.780,-173.400,-3.260,-115.800,1,-0.0033,-0.0016,0.0073,0,-18.260,-2.950,5.000
10970968,0.046,0.137,-0.001,0.003,-0.001,0.001,-158.310,-261.020,331.780,-173.400,-3.260,-115.800,1,-0.0033,-0.0016,0.0073,0,-18.370,-2.960,5.000
10971078,0.046,0.136,0.010,0.003,-0.001,0.001,-158.310,-261.020,331.780,-173.400,-3.260,-115.800,1,-0.0033,-0.0016,0.0073,0,-18.330,-3.040,4.970
10971156,0.039,0.137,-0.014,0.003,-0.000,0.002,-158.310,-261.020,331.780,-173.400,-3.260,-115.800,1,-0.0033,-0.0016,0.0073,0,-18.420,-2.900,4.980
10971250,0.061,0.127,0.048,0.002,-0.001,-0.001,-158.310,-261.020,331.780,-173.400,-3.260,-115.800,1,-0.0033,-0.0016,0.0073,0,-18.340,-3.020,4.810
10971328,0.065,0.126,0.008,0.002,-0.001,0.000,-158.310,-261.020,331.780,-173.400,-3.260,-115.800,1,-0.0033,-0.0016,0.0073,0,-18.370,-2.950,4.960
10971406,0.059,0.139,0.011,0.003,-0.001,0.001,-158.310,-261.020,331.780,-173.400,-3.260,-115.800,1,-0.0033,-0.0016,0.0073,0,-18.370,-2.980,4.960
10971515,0.054,0.138,0.015,0.003,-0.001,0.001,-158.310,-261.020,331.780,-173.400,-3.260,-115.800,1,-0.0033,-0.0016,0.0073,0,-18.250,-2.980,4.960
10971625,0.062,0.139,0.040,0.003,-0.001,-0.000,-158.310,-261.020,331.780,-173.400,-3.260,-115.800,1,-0.0033,-0.0016,0.0073,0,-18.340,-2.970,4.950
10971765,0.044,0.134,0.026,0.003,-0.001,0.000,-158.310,-261.020,331.780,-173.400,-3.260,-115.800,1,-0.0033,-0.0016,0.0073,0,-18.370,-2.960,4.940
10971812,0.057,0.135,0.051,0.003,-0.001,-0.001,-158.310,-261.020,331.780,-173.400,-3.260,-115.800,1,-0.0033,-0.0016,0.0073,0,-18.340,-2.940,5.020
10971859,0.051,0.137,0.035,0.003,-0.001,-0.001,-158.310,-261.020,331.780,-173.400,-3.260,-115.800,1,-0.0033,-0.0016,0.0073,0,-18.360,-2.970,4.880
10971937,0.038,0.143,-0.006,0.004,-0.000,0.002,-158.310,-261.020,331.780,-173.400,-3.260,-115.800,1,-0.0033,-0.0016,0.0073,0,-18.360,-2.940,5.010
10972078,0.048,0.150,-0.020,0.004,-0.001,0.002,-158.310,-261.020,331.780,-173.400,-3.260,-115.800,1,-0.0033,-0.0016,0.0073,0,-18.390,-2.980,4.830
10972171,0.059,0.145,0.009,0.003,-0.001,0.000,-158.310,-261.020,331.780,-173.400,-3.260,-115.800,1,-0.0033,-0.0016,0.0073,0,-18.320,-2.950,4.940
10972281,0.068,0.151,-0.005,0.003,-0.001,0.000,-158.310,-261.020,331.780,-173.400,-3.260,-115.800,1,-0.0033,-0.0016,0.0073,0,-18.380,-2.980,4.970
10972359,0.059,0.151,0.012,0.003,-0.001,0.001,-158.310,-261.020,331.780,-173.400,-3.260,-115.800,1,-0.0033,-0.0016,0.0073,0,-18.450,-2.890,4.680
10972453,0.057,0.147,0.031,0.004,-0.001,0.001,-158.310,-261.020,331.780,-173.400,-3.260,-115.800,1,-0.0033,-0.0016,0.0073,0,-18.420,-2.900,4.670
10972531,0.044,0.138,-0.004,0.003,-0.000,0.001,-158.310,-261.020,331.780,-173.400,-3.260,-115.800,1,-0.0033,-0.0016,0.0073,0,-18.420,-2.930,4.670
10972609,0.051,0.127,0.019,0.003,-0.000,-0.000,-158.310,-261.020,331.780,-173.400,-3.260,-115.800,1,-0.0033,-0.0016,0.0073,0,-18.320,-3.010,4.980
10972718,0.044,0.143,-0.005,0.004,-0.001,0.002,-158.310,-261.020,331.780,-173.400,-3.260,-115.800,1,-0.0033,-0.0016,0.0073,0,-18.380,-2.960,4.970
10972812,0.053,0.145,0.005,0.003,-0.001,0.001,-158.310,-261.020,331.780,-173.400,-3.260,-115.800,1,-0.0033,-0.0016,0.0073,0,-18.350,-2.980,4.860
10972953,0.043,0.148,0.003,0.004,-0.001,0.002,-158.310,-261.020,331.780,-173.400,-3.260,-115.800,1,-0.0033,-0.0016,0.0073,0,-18.350,-2.980,4.880
10973000,0.052,0.142,0.029,0.003,-0.001,0.000,-158.310,-261.020,331.780,-173.400,-3.260,-115.800,1,-0.0033,-0.0016,0.0073,0,-18.280,-2.980,4.970
10973046,0.065,0.134,0.029,0.003,-0.001,-0.000,-158.310,-261.020,331.780,-173.400,-3.260,-115.800,1,-0.0033,-0.0016,0.0073,0,-18.320,-2.960,4.940
10973125,0.033,0.151,0.006,0.004,-0.000,0.002,-158.310,-261.020,331.780,-173.400,-3.260,-115.800,1,-0.0033,-0.0016,0.0073,0,-18.420,-2.970,4.990
10973265,0.062,0.145,0.026,0.003,-0.001,0.000,-158.310,-261.020,331.780,-173.400,-3.260,-115.800,1,-0.0033,-0.0016,0.0073,0,-18.370,-2.980,4.900
10973359,0.041,0.148,0.044,0.004,-0.001,0.000,-158.310,-261.020,331.780,-173.400,-3.260,-115.800,1,-0.0033,-0.0016,0.0073,0,-18.350,-3.020,4.970
10973468,0.038,0.146,0.009,0.003,-0.001,0.001,-158.310,-261.020,331.780,-173.400,-3.260,-115.800,1,-0.0033,-0.0016,0.0073,0,-18.420,-2.900,5.050
10973546,0.039,0.156,-0.001,0.004,-0.000,0.001,-158.310,-261.020,331.780,-173.400,-3.260,-115.800,1,-0.0033,-0.0016,0.0073,0,-18.420,-2.900,4.970
10973640,0.033,0.158,0.008,0.004,-0.000,0.002,-158.310,-261.020,331.780,-173.400,-3.260,-115.800,1,-0.0033,-0.0016,0.0073,0,-18.370,-2.950,4.980
10973718,0.051,0.152,0.004,0.003,-0.001,0.000,-158.310,-261.020,331.780,-173.400,-3.260,-115.800,1,-0.0033,-0.0016,0.0073,0,-18.370,-2.980,4.950
10973796,0.040,0.146,0.016,0.004,-0.000,0.002,-158.310,-261.020,331.780,-173.400,-3.260,-115.800,1,-0.0033,-0.0016,0.0073,0,-18.350,-2.940,4.910
10973906,0.031,0.153,-0.021,0.004,-0.001,0.002,-158.310,-261.020,331.780,-173.400,-3.260,-115.800,1,-0.0033,-0.0016,0.0073,0,-18.400,-3.000,4.980
10974015,0.036,0.139,0.022,0.003,-0.000,0.001,-158.310,-261.020,331.780,-173.400,-3.260,-115.800,1,-0.0033,-0.0016,0.0073,0,-18.460,-2.900,4.650
10974156,0.035,0.135,0.013,0.003,-0.000,0.000,-158.310,-261.020,331.780,-173.400,-3.260,-115.800,1,-0.0033,-0.0016,0.0073,0,-18.360,-2.990,4.910
10974203,0.041,0.134,0.017,0.002,-0.001,-0.000,-158.310,-261.020,331.780,-173.400,-3.260,-115.800,1,-0.0033,-0.0016,0.0073,0,-18.390,-2.970,4.960
10974250,0.042,0.135,0.023,0.003,-0.001,-0.000,-158.310,-261.020,331.780,-173.400,-3.260,-115.800,1,-0.0033,-0.0016,0.0073,0,-18.380,-2.940,5.100
10974328,0.035,0.137,0.027,0.003,-0.001,-0.000,-158.310,-261.020,331.780,-173.400,-3.260,-115.800,1,-0.0033,-0.0016,0.0073,0,-18.380,-2.890,4.630
10974484,0.046,0.142,0.022,0.003,-0.001,0.000,-158.310,-261.020,331.780,-173.400,-3.260,-115.800,1,-0.0033,-0.0016,0.0073,0,-18.550,-2.930,4.630
10974578,0.020,0.147,0.006,0.004,0.000,0.002,-158.310,-261.020,331.780,-173.400,-3.260,-115.800,1,-0.0033,-0.0016,0.0073,0,-18.420,-3.000,5.080
10974687,0.046,0.144,0.024,0.003,-0.001,0.001,-158.310,-261.020,331.780,-173.400,-3.260,-115.800,1,-0.0033,-0.0016,0.0073,0,-18.410,-2.950,4.960
10974765,0.030,0.135,0.051,0.003,-0.001,0.000,-158.310,-261.020,331.780,-173.400,-3.260,-115.800,1,-0.0033,-0.0016,0.0073,0,-18.530,-2.950,4.680
10974859,0.039,0.131,0.024,0.003,-0.000,-0.000,-158.310,-261.020,331.780,-173.400,-3.260,-115.800,1,-0.0033,-0.0016,0.0073,0,-18.470,-2.870,4.720
10974937,0.040,0.143,0.024,0.003,-0.001,0.001,-158.310,-261.020,331.780,-173.400,-3.260,-115.800,1,-0.0033,-0.0016,0.0073,0,-18.370,-2.970,4.950
10975015,0.053,0.114,0.028,0.002,-0.001,-0.001,-158.310,-261.020,331.780,-173.400,-3.260,-115.800,1,-0.0033,-0.0016,0.0073,0,-18.380,-2.950,5.080
10975125,0.026,0.153,0.015,0.004,0.000,0.002,-158.310,-261.020,331.780,-173.400,-3.260,-115.800,1,-0.0033,-0.0016,0.0073,0,-18.490,-2.900,4.720
10975234,0.032,0.142,0.025,0.003,-0.000,0.000,-158.310,-261.020,331.780,-173.400,-3.260,-115.800,1,-0.0033,-0.0016,0.0073,0,-18.410,-2.920,5.020
10975375,0.044,0.139,-0.000,0.003,-0.001,0.001,-158.310,-261.020,331.780,-173.400,-3.260,-115.800,1,-0.0033,-0.0016,0.0073,0,-18.340,-2.940,4.930
10975421,0.034,0.139,0.018,0.003,-0.001,0.001,-158.310,-261.020,331.780,-173.400,-3.260,-115.800,1,-0.0033,-0.0016,0.0073,0,-18.500,-2.910,4.700
10975468,0.012,0.145,0.013,0.003,-0.000,0.001,-158.310,-261.020,331.780,-173.400,-3.260,-115.800,1,-0.0033,-0.0016,0.0073,0,-18.330,-2.960,4.990
10975546,0.048,0.140,0.021,0.002,-0.001,0.000,-158.310,-261.020,331.780,-173.400,-3.260,-115.800,1,-0.0033,-0.0016,0.0073,0,-18.410,-2.920,4.690
10975687,0.035,0.147,0.049,0.004,-0.000,-0.000,-158.310,-261.020,331.780,-173.400,-3.260,-115.800,1,-0.0033,-0.0016,0.0073,0,-18.360,-2.970,4.960
10975781,0.038,0.140,0.016,0.003,-0.001,0.000,-158.310,-261.020,331.780,-173.400,-3.260,-115.800,1,-0.0033,-0.0016,0.0073,0,-18.480,-2.870,4.750
10975890,0.027,0.154,0.031,0.004,-0.000,0.001,-158.310,-261.020,331.780,-173.400,-3.260,-115.800,1,-0.0033,-0.0016,0.0073,0,-18.460,-2.930,4.660
10975968,0.030,0.144,0.041,0.003,-0.001,0.001,-158.310,-261.020,331.780,-173.400,-3.260,-115.800,1,-0.0033,-0.0016,0.0073,0,-18.400,-2.990,4.800
10976062,0.027,0.145,-0.001,0.003,-0.000,0.002,-158.310,-261.020,331.780,-173.400,-3.260,-115.800,1,-0.0033,-0.0016,0.0073,0,-18.440,-2.900,4.650
10976140,0.037,0.142,0.016,0.003,-0.000,0.001,-158.310,-261.020,331.780,-173.400,-3.260,-115.800,1,-0.0033,-0.0016,0.0073,0,-18.450,-2.930,4.600
10976218,0.032,0.128,0.018,0.003,-0.001,0.001,-158.310,-261.020,331.780,-173.400,-3.260,-115.800,1,-0.0033,-0.0016,0.0073,0,-18.430,-2.920,4.770
10976328,0.035,0.139,0.011,0.003,-0.001,0.001,-158.310,-261.020,331.780,-173.400,-3.260,-115.800,1,-0.0033,-0.0016,0.0073,0,-18.530,-2.980,4.740
10976437,0.020,0.115,0.043,0.003,-0.000,0.001,-158.310,-261.020,331.780,-173.400,-3.260,-115.800,1,-0.0033,-0.0016,0.0073,0,-18.430,-2.940,4.770
10976578,0.026,0.146,0.013,0.004,0.000,0.002,-158.310,-261.020,331.780,-173.400,-3.260,-115.800,1,-0.0033,-0.0016,0.0073,0,-18.350,-2.950,5.090
10976625,0.028,0.140,0.024,0.003,-0.000,0.001,-158.310,-261.020,331.780,-173.400,-3.260,-115.800,1,-0.0033,-0.0016,0.0073,0,-18.400,-2.960,4.960
10976671,0.019,0.152,0.015,0.004,0.000,0.002,-158.310,-261.020,331.780,-173.400,-3.260,-115.800,1,-0.0033,-0.0016,0.0073,0,-18.370,-2.920,5.090
10976750,0.050,0.136,0.029,0.003,-0.001,0.000,-158.310,-261.020,331.780,-173.400,-3.260,-115.800,1,-0.0033,-0.0016,0.0073,0,-18.390,-2.980,4.950
10976890,0.032,0.136,0.034,0.003,-0.001,0.000,-158.310,-261.020,331.780,-173.400,-3.260,-115.800,1,-0.0033,-0.0016,0.0073,0,-18.400,-3.000,5.080
10976984,0.027,0.137,0.007,0.003,-0.000,0.001,-158.310,-261.020,331.780,-173.400,-3.260,-115.800,1,-0.0033,-0.0016,0.0073,0,-18.500,-2.870,4.600
10977093,0.019,0.133,0.025,0.003,-0.000,0.001,-158.310,-261.020,331.780,-173.400,-3.260,-115.800,1,-0.0033,-0.0016,0.0073,0,-18.390,-2.990,4.960
10977171,0.042,0.137,0.026,0.003,-0.001,0.000,-158.310,-261.020,331.780,-173.400,-3.260,-115.800,1,-0.0033,-0.0016,0.0073,0,-18.350,-2.950,4.940
10977265,0.029,0.154,0.020,0.003,-0.001,0.001,-158.310,-261.020,331.780,-173.400,-3.260,-115.800,1,-0.0033,-0.0016,0.0073,0,-18.470,-2.880,4.700
10977343,0.025,0.146,0.025,0.003,-0.000,0.001,-158.310,-261.020,331.780,-173.400,-3.260,-115.800,1,-0.0033,-0.0016,0.0073,0,-18.510,-2.830,4.720
10977421,0.021,0.144,0.023,0.003,-0.000,0.001,-158.310,-261.020,331.780,-173.400,-3.260,-115.800,1,-0.0033,-0.0016,0.0073,0,-18.430,-2.930,4.660
10977531,0.018,0.156,0.041,0.004,-0.001,0.000,-158.310,-261.020,331.780,-173.400,-3.260,-115.800,1,-0.0033,-0.0016,0.0073,0,-18.370,-2.970,4.940
10977640,0.014,0.156,-0.000,0.004,-0.000,0.001,-158.310,-261.020,331.780,-173.400,-3.260,-115.800,1,-0.0033,-0.0016,0.0073,0,-18.400,-2.960,5.070
10977781,0.037,0.137,0.005,0.002,-0.001,0.001,-158.310,-261.020,331.780,-173.400,-3.260,-115.800,1,-0.0033,-0.0016,0.0073,0,-18.350,-2.940,4.740
10977828,0.042,0.136,0.002,0.003,-0.001,0.000,-158.310,-261.020,331.780,-173.400,-3.260,-115.800,1,-0.0033,-0.0016,0.0073,0,-18.360,-2.960,4.920
10977875,0.026,0.127,0.009,0.003,-0.000,0.001,-158.310,-261.020,331.780,-173.400,-3.260,-115.800,1,-0.0033,-0.0016,0.0073,0,-18.480,-2.960,4.730
10977953,0.010,0.114,0.018,0.003,-0.000,0.001,-158.310,-261.020,331.780,-173.400,-3.260,-115.800,1,-0.0033,-0.0016,0.0073,0,-18.350,-2.930,4.930
10978093,0.025,0.136,0.004,0.003,-0.001,0.001,-158.310,-261.020,331.780,-173.400,-3.260,-115.800,1,-0.0033,-0.0016,0.0073,0,-18.440,-2.890,4.740
10978187,0.029,0.143,0.021,0.003,0.000,0.001,-158.310,-261.020,331.780,-173.400,-3.260,-115.800,1,-0.0033,-0.0016,0.0073,0,-18.380,-2.970,4.950
10978296,0.026,0.140,0.007,0.003,-0.000,0.002,-158.310,-261.020,331.780,-173.400,-3.260,-115.800,1,-0.0033,-0.0016,0.0073,0,-18.420,-2.920,4.690
10978375,0.027,0.138,0.009,0.003,-0.000,0.001,-158.310,-261.020,331.780,-173.400,-3.260,-115.800,1,-0.0033,-0.0016,0.0073,0,-18.410,-2.990,5.080
10978468,0.036,0.127,0.043,0.003,-0.001,-0.000,-158.310,-261.020,331.780,-173.400,-3.260,-115.800,1,-0.0033,-0.0016,0.0073,0,-18.370,-3.020,5.120
10978546,0.013,0.128,0.023,0.003,-0.000,0.001,-158.310,-261.020,331.780,-173.400,-3.260,-115.800,1,-0.0033,-0.0016,0.0073,0,-18.400,-2.970,4.970
10978625,0.038,0.143,0.005,0.003,-0.001,0.001,-158.310,-261.020,331.780,-173.400,-3.260,-115.800,1,-0.0033,-0.0016,0.0073,0,-18.390,-2.970,4.950
10978734,0.018,0.129,0.011,0.003,0.000,0.001,-158.310,-261.020,331.780,-173.400,-3.260,-115.800,1,-0.0033,-0.0016,0.0073,0,-18.410,-2.940,4.690
10978828,0.031,0.131,0.010,0.002,-0.000,0.000,-158.310,-261.020,331.780,-173.400,-3.260,-115.800,1,-0.0033,-0.0016,0.0073,0,-18.400,-2.950,4.930
10978968,0.031,0.131,0.017,0.003,-0.001,0.000,-158.310,-261.020,331.780,-173.400,-3.260,-115.800,1,-0.0033,-0.0016,0.0073,0,-18.470,-2.910,4.690
10979015,0.015,0.152,-0.005,0.004,-0.000,0.002,-158.310,-261.020,331.780,-173.400,-3.260,-115.800,1,-0.0033,-0.0016,0.0073,0,-18.390,-2.970,4.990
10979062,0.017,0.151,0.008,0.004,-0.000,0.002,-158.310,-261.020,331.780,-173.400,-3.260,-115.800,1,-0.0033,-0.0016,0.0073,0,-18.410,-2.980,4.940
10979140,0.031,0.134,0.010,0.003,-0.001,0.001,-158.310,-261.020,331.780,-173.400,-3.260,-115.800,1,-0.0033,-0.0016,0.0073,0,-18.410,-2.970,4.940
10979296,0.001,0.146,-0.004,0.004,0.000,0.002,-158.310,-261.020,331.780,-173.400,-3.260,-115.800,1,-0.0033,-0.0016,0.0073,0,-18.420,-2.980,5.020
10979375,0.039,0.131,0.020,0.003,-0.001,0.000,-158.310,-261.020,331.780,-173.400,-3.260,-115.800,1,-0.0033,-0.0016,0.0073,0,-18.410,-2.990,5.000
10979500,0.013,0.139,0.012,0.003,0.000,0.001,-158.310,-261.020,331.780,-173.400,-3.260,-115.800,1,-0.0033,-0.0016,0.0073,0,-18.410,-2.920,4.770
10979578,0.043,0.138,0.008,0.003,-0.001,0.001,-158.310,-261.020,331.780,-173.400,-3.260,-115.800,1,-0.0033,-0.0016,0.0073,0,-18.410,-2.890,5.090
10979671,0.021,0.147,0.017,0.003,0.000,0.000,-158.310,-261.020,331.780,-173.400,-3.260,-115.800,1,-0.0033,-0.0016,0.0073,0,-18.370,-3.000,4.950
10979734,0.011,0.160,-0.008,0.004,0.000,0.002,-158.310,-261.020,331.780,-173.400,-3.260,-115.800,1,-0.0033,-0.0016,0.0073,0,-18.460,-2.940,4.690
10979812,0.032,0.128,0.007,0.002,-0.001,0.001,-158.310,-261.020,331.780,-173.400,-3.260,-115.800,1,-0.0033,-0.0016,0.0073,0,-18.370,-2.960,4.960
10979921,0.018,0.142,0.015,0.003,-0.000,0.001,-158.310,-261.020,331.780,-173.400,-3.260,-115.800,1,-0.0033,-0.0016,0.0073,0,-18.370,-2.970,4.970
10980031,0.027,0.146,-0.016,0.003,-0.000,0.001,-158.310,-261.020,331.780,-173.400,-3.260,-115.800,1,-0.0033,-0.0016,0.0073,0,-18.380,-2.990,4.970
10980171,0.015,0.127,0.024,0.003,-0.000,0.001,-158.310,-261.020,331.780,-173.400,-3.260,-115.800,1,-0.0033,-0.0016,0.0073,0,-18.420,-2.920,4.710
10980218,0.021,0.130,0.030,0.003,-0.001,0.001,-158.310,-261.020,331.780,-173.400,-3.260,-115.800,1,-0.0033,-0.0016,0.0073,0,-18.340,-2.890,4.800
10980265,0.022,0.123,0.026,0.003,-0.000,0.001,-158.310,-261.020,331.780,-173.400,-3.260,-115.800,1,-0.0033,-0.0016,0.0073,0,-18.340,-2.950,4.980
10980343,0.022,0.136,-0.001,0.003,0.000,0.002,-158.310,-261.020,331.780,-173.400,-3.260,-115.800,1,-0.0033,-0.0016,0.0073,0,-18.370,-2.930,5.000
10980484,0.032,0.132,0.020,0.003,-0.000,0.000,-158.310,-261.020,331.780,-173.400,-3.260,-115.800,1,-0.0033,-0.0016,0.0073,0,-18.390,-2.990,4.970
10980578,0.032,0.138,0.047,0.003,-0.001,0.000,-158.310,-261.020,331.780,-173.400,-3.260,-115.800,1,-0.0033,-0.0016,0.0073,0,-18.350,-2.970,4.970
10980687,0.022,0.136,-0.006,0.003,-0.000,0.001,-158.310,-261.020,331.780,-173.400,-3.260,-115.800,1,-0.0033,-0.0016,0.0073,0,-18.390,-2.960,5.100
10980765,0.006,0.140,-0.008,0.003,0.000,0.002,-158.310,-261.020,331.780,-173.400,-3.260,-115.800,1,-0.0033,-0.0016,0.0073,0,-18.470,-2.910,4.640
10980859,0.023,0.130,0.019,0.003,-0.000,0.000,-158.310,-261.020,331.780,-173.400,-3.260,-115.800,1,-0.0033,-0.0016,0.0073,0,-18.370,-2.980,4.950
10980937,0.023,0.135,0.003,0.003,-0.000,0.001,-158.310,-261.020,331.780,-173.400,-3.260,-115.800,1,-0.0033,-0.0016,0.0073,0,-18.410,-2.980,4.930
10981015,0.036,0.129,0.049,0.002,-0.001,-0.001,-158.310,-261.020,331.780,-173.400,-3.260,-115.800,1,-0.0033,-0.0016,0.0073,0,-18.320,-2.890,4.710
10981125,0.014,0.139,0.026,0.004,-0.000,0.001,-158.310,-261.020,331.780,-173.400,-3.260,-115.800,1,-0.0033,-0.0016,0.0073,0,-18.400,-2.970,4.960
10981234,0.042,0.114,0.024,0.002,-0.000,-0.001,-158.310,-261.020,331.780,-173.400,-3.260,-115.800,1,-0.0033,-0.0016,0.0073,0,-18.440,-2.980,4.690
10981375,0.017,0.153,0.006,0.004,-0.000,0.002,-158.310,-261.020,331.780,-173.400,-3.260,-115.800,1,-0.0033,-0.0016,0.0073,0,-18.460,-2.890,4.650
10981421,0.024,0.146,0.011,0.003,-0.000,0.001,-158.310,-261.020,331.780,-173.400,-3.260,-115.800,1,-0.0033,-0.0016,0.0073,0,-18.530,-2.880,4.700
10981468,0.018,0.145,0.005,0.004,-0.000,0.001,-158.310,-261.020,331.780,-173.400,-3.260,-115.800,1,-0.0033,-0.0016,0.0073,0,-18.380,-2.980,4.920
10981546,0.043,0.126,0.012,0.002,-0.001,0.000,-158.310,-261.020,331.780,-173.400,-3.260,-115.800,1,-0.0033,-0.0016,0.0073,0,-18.360,-2.990,4.930
10981687,0.012,0.134,0.069,0.003,-0.000,-0.000,-158.310,-261.020,331.780,-173.400,-3.260,-115.800,1,-0.0033,-0.0016,0.0073,0,-18.340,-2.980,4.940
10981781,0.017,0.131,0.020,0.003,-0.000,0.001,-158.310,-261.020,331.780,-173.400,-3.260,-115.800,1,-0.0033,-0.0016,0.0073,0,-18.330,-3.000,4.860
10981890,0.043,0.139,0.015,0.003,-0.001,0.001,-158.310,-261.020,331.780,-173.400,-3.260,-115.800,1,-0.0033,-0.0016,0.0073,0,-18.380,-2.990,4.970
10981968,0.030,0.143,0.010,0.003,-0.000,0.001,-158.310,-261.020,331.780,-173.400,-3.260,-115.800,1,-0.0033,-0.0016,0.0073,0,-18.350,-2.960,5.040
10982062,0.038,0.133,0.027,0.003,-0.000,0.001,-158.310,-261.020,331.780,-173.400,-3.260,-115.800,1,-0.0033,-0.0016,0.0073,0,-18.400,-2.960,4.860
10982140,0.024,0.149,-0.016,0.003,-0.000,0.002,-158.310,-261.020,331.780,-173.400,-3.260,-115.800,1,-0.0033,-0.0016,0.0073,0,-18.380,-2.970,4.970
10982218,0.023,0.142,-0.005,0.004,-0.000,0.002,-158.310,-261.020,331.780,-173.400,-3.260,-115.800,1,-0.0033,-0.0016,0.0073,0,-18.470,-2.900,4.690
10982328,0.046,0.145,0.016,0.003,-0.001,0.000,-158.310,-261.020,331.780,-173.400,-3.260,-115.800,1,-0.0033,-0.0016,0.0073,0,-18.400,-2.910,4.750
10982437,0.038,0.133,0.017,0.003,-0.001,0.000,-158.310,-261.020,331.780,-173.400,-3.260,-115.800,1,-0.0033,-0.0016,0.0073,0,-18.430,-2.910,4.680
10982578,0.024,0.138,0.006,0.003,-0.000,0.001,-158.310,-261.020,331.780,-173.400,-3.260,-115.800,1,-0.0033,-0.0016,0.0073,0,-18.480,-2.960,4.660
10982625,0.038,0.134,0.018,0.003,-0.001,0.000,-158.310,-261.020,331.780,-173.400,-3.260,-115.800,1,-0.0033,-0.0016,0.0073,0,-18.400,-2.990,4.990
10982671,0.041,0.131,0.029,0.003,-0.001,-0.000,-158.310,-261.020,331.780,-173.400,-3.260,-115.800,1,-0.0033,-0.0016,0.0073,0,-18.380,-2.970,4.950
10982750,0.032,0.140,0.002,0.003,-0.001,0.001,-158.310,-261.020,331.780,-173.400,-3.260,-115.800,1,-0.0033,-0.0016,0.0073,0,-18.370,-2.960,4.980
10982890,0.028,0.137,0.013,0.003,-0.001,0.001,-158.310,-261.020,331.780,-173.400,-3.260,-115.800,1,-0.0033,-0.0016,0.0073,0,-18.380,-2.960,4.950
10982984,0.036,0.138,0.020,0.003,-0.001,0.001,-158.310,-261.020,331.780,-173.400,-3.260,-115.800,1,-0.0033,-0.0016,0.0073,0,-18.400,-2.920,4.710
10983093,0.030,0.146,-0.016,0.003,-0.000,0.002,-158.310,-261.020,331.780,-173.400,-3.260,-115.800,1,-0.0033,-0.0016,0.0073,0,-18.340,-2.980,4.950
10983171,0.029,0.134,0.011,0.003,-0.000,0.001,-158.310,-261.020,331.780,-173.400,-3.260,-115.800,1,-0.0033,-0.0016,0.0073,0,-18.380,-2.970,4.930
10983265,0.029,0.139,0.020,0.003,-0.000,0.001,-158.310,-261.020,331.780,-173.400,-3.260,-115.800,1,-0.0033,-0.0016,0.0073,0,-18.430,-2.910,4.650
10983343,0.023,0.136,0.042,0.004,-0.000,0.001,-158.310,-261.020,331.780,-173.400,-3.260,-115.800,1,-0.0033,-0.0016,0.0073,0,-18.460,-2.910,4.660
10983406,0.029,0.140,0.006,0.003,-0.001,0.001,-158.310,-261.020,331.780,-173.400,-3.260,-115.800,1,-0.0033,-0.0016,0.0073,0,-18.430,-3.020,5.040
10983515,0.040,0.139,0.041,0.003,-0.001,-0.000,-158.310,-261.020,331.780,-173.400,-3.260,-115.800,1,-0.0033,-0.0016,0.0073,0,-18.350,-3.030,4.830
10983625,0.039,0.125,-0.002,0.002,-0.001,0.001,-158.310,-261.020,331.780,-173.400,-3.260,-115.800,1,-0.0033,-0.0016,0.0073,0,-18.410,-2.910,5.010
10983765,0.047,0.124,0.008,0.002,-0.001,-0.000,-158.310,-261.020,331.780,-173.400,-3.260,-115.800,1,-0.0033,-0.0016,0.0073,0,-18.440,-2.900,5.040
10983812,0.037,0.134,0.017,0.003,-0.001,0.000,-158.310,-261.020,331.780,-173.400,-3.260,-115.800,1,-0.0033,-0.0016,0.0073,0,-18.500,-2.870,4.630
10983859,0.028,0.148,0.010,0.004,-0.001,0.001,-158.310,-261.020,331.780,-173.400,-3.260,-115.800,1,-0.0033,-0.0016,0.0073,0,-18.330,-2.960,4.720
10983937,0.039,0.144,-0.000,0.003,-0.001,0.001,-158.310,-261.020,331.780,-173.400,-3.260,-115.800,1,-0.0033,-0.0016,0.0073,0,-18.340,-3.000,4.850
10984078,0.024,0.139,0.017,0.003,-0.000,0.001,-158.310,-261.020,331.780,-173.400,-3.260,-115.800,1,-0.0033,-0.0016,0.0073,0,-18.360,-2.870,4.850
10984171,0.052,0.157,0.035,0.003,-0.001,-0.001,-158.310,-261.020,331.780,-173.400,-3.260,-115.800,1,-0.0033,-0.0016,0.0073,0,-18.450,-2.900,4.660
10984281,0.028,0.135,0.028,0.004,-0.000,0.001,-158.310,-261.020,331.780,-173.400,-3.260,-115.800,1,-0.0033,-0.0016,0.0073,0,-18.380,-2.980,4.970
10984359,0.031,0.137,-0.002,0.003,-0.000,0.001,-158.310,-261.020,331.780,-173.400,-3.260,-115.800,1,-0.0033,-0.0016,0.0073,0,-18.400,-2.950,4.960
10984453,0.036,0.137,0.038,0.003,-0.001,-0.001,-158.310,-261.020,331.780,-173.400,-3.260,-115.800,1,-0.0033,-0.0016,0.0073,0,-18.460,-2.930,4.630
10984531,0.043,0.135,0.021,0.003,-0.001,-0.000,-158.310,-261.020,331.780,-173.400,-3.260,-115.800,1,-0.0033,-0.0016,0.0073,0,-18.450,-2.910,4.650
10984609,0.037,0.139,0.015,0.003,-0.001,0.001,-158.310,-261.020,331.780,-173.400,-3.260,-115.800,1,-0.0033,-0.0016,0.0073,0,-18.430,-2.910,4.770
10984718,0.035,0.140,0.017,0.003,-0.001,0.000,-158.310,-261.020,331.780,-173.400,-3.260,-115.800,1,-0.0033,-0.0016,0.0073,0,-18.390,-2.970,4.940
10984828,0.026,0.144,-0.011,0.003,-0.000,0.002,-158.310,-261.020,331.780,-173.400,-3.260,-115.800,1,-0.0033,-0.0016,0.0073,0,-18.330,-2.950,4.950
10984968,0.053,0.142,0.060,0.002,-0.001,-0.001,-158.310,-261.020,331.780,-173.400,-3.260,-115.800,1,-0.0033,-0.0016,0.0073,0,-18.430,-2.910,4.620
10985015,0.040,0.132,0.030,0.002,-0.001,-0.000,-158.310,-261.020,331.780,-173.400,-3.260,-115.800,1,-0.0033,-0.0016,0.0073,0,-18.480,-2.930,4.650
10985062,0.029,0.119,0.010,0.002,-0.001,0.001,-158.310,-261.020,331.780,-173.400,-3.260,-115.800,1,-0.0033,-0.0016,0.0073,0,-18.370,-2.960,4.960
10985140,0.038,0.115,0.035,0.002,-0.001,-0.001,-158.310,-261.020,331.780,-173.400,-3.260,-115.800,1,-0.0033,-0.0016,0.0073,0,-18.340,-3.000,4.950
10985281,0.034,0.139,-0.010,0.003,-0.000,0.001,-158.310,-261.020,331.780,-173.400,-3.260,-115.800,1,-0.0033,-0.0016,0.0073,0,-18.410,-2.950,4.940
10985375,0.042,0.129,0.031,0.002,-0.001,-0.001,-158.310,-261.020,331.780,-173.400,-3.260,-115.800,1,-0.0033,-0.0016,0.0073,0,-18.410,-2.960,5.030
10985484,0.049,0.137,-0.018,0.003,-0.001,0.001,-158.310,-261.020,331.780,-173.400,-3.260,-115.800,1,-0.0033,-0.0016,0.0073,0,-18.300,-3.010,5.020
10985562,0.046,0.137,0.009,0.003,-0.001,0.000,-158.310,-261.020,331.780,-173.400,-3.260,-115.800,1,-0.0033,-0.0016,0.0073,0,-18.350,-2.960,4.870
10985656,0.060,0.128,0.047,0.002,-0.001,-0.001,-158.310,-261.020,331.780,-173.400,-3.260,-115.800,1,-0.0033,-0.0016,0.0073,0,-18.350,-2.970,4.870
10985734,0.056,0.138,0.020,0.002,-0.001,0.000,-158.310,-261.020,331.780,-173.400,-3.260,-115.800,1,-0.0033,-0.0016,0.0073,0,-18.460,-2.900,4.600
10985812,0.037,0.137,0.008,0.003,-0.001,0.001,-158.310,-261.020,331.780,-173.400,-3.260,-115.800,1,-0.0033,-0.0016,0.0073,0,-18.400,-2.880,4.950
10985921,0.052,0.118,0.069,0.002,-0.001,-0.002,-158.310,-261.020,331.780,-173.400,-3.260,-115.800,1,-0.0033,-0.0016,0.0073,0,-18.350,-3.020,4.940
10986031,0.037,0.130,-0.002,0.003,-0.001,0.001,-158.310,-261.020,331.780,-173.400,-3.260,-115.800,1,-0.0033,-0.0016,0.0073,0,-18.420,-2.900,5.080
10986171,0.042,0.141,0.024,0.003,-0.001,-0.000,-158.310,-261.020,331.780,-173.400,-3.260,-115.800,1,-0.0033,-0.0016,0.0073,0,-18.400,-2.990,4.970
10986218,0.043,0.131,0.038,0.003,-0.001,-0.001,-158.310,-261.020,331.780,-173.400,-3.260,-115.800,1,-0.0033,-0.0016,0.0073,0,-18.380,-2.970,4.970
10986265,0.038,0.142,0.023,0.003,-0.001,-0.000,-158.310,-261.020,331.780,-173.400,-3.260,-115.800,1,-0.0033,-0.0016,0.0073,0,-18.330,-2.970,5.100
10986343,0.031,0.145,-0.005,0.003,-0.000,0.001,-158.310,-261.020,331.780,-173.400,-3.260,-115.800,1,-0.0033,-0.0016,0.0073,0,-18.400,-2.960,4.930
10986484,0.045,0.128,0.049,0.002,-0.001,-0.001,-158.310,-261.020,331.780,-173.400,-3.260,-115.800,1,-0.0033,-0.0016,0.0073,0,-18.350,-2.780,4.560
10986578,0.049,0.175,-0.037,0.004,-0.000,0.002,-158.310,-261.020,331.780,-173.400,-3.260,-115.800,1,-0.0033,-0.0016,0.0073,0,-18.420,-3.010,4.620
10986687,0.044,0.132,0.032,0.003,-0.001,-0.001,-158.310,-261.020,331.780,-173.400,-3.260,-115.800,1,-0.0033,-0.0016,0.0073,0,-18.390,-2.950,4.960
10986765,0.043,0.138,0.052,0.003,-0.001,-0.001,-158.310,-261.020,331.780,-173.400,-3.260,-115.800,1,-0.0033,-0.0016,0.0073,0,-18.330,-3.010,5.070
10986859,0.043,0.133,0.036,0.003,-0.001,-0.001,-158.310,-261.020,331.780,-173.400,-3.260,-115.800,1,-0.0033,-0.0016,0.0073,0,-18.450,-2.900,4.600
10986937,0.030,0.145,-0.007,0.003,-0.001,0.001,-158.310,-261.020,331.780,-173.400,-3.260,-115.800,1,-0.0033,-0.0016,0.0073,0,-18.450,-2.930,4.660
10987015,0.034,0.144,0.010,0.003,-0.001,-0.000,-158.310,-261.020,331.780,-173.400,-3.260,-115.800,1,-0.0033,-0.0016,0.0073,0,-18.450,-2.910,4.840
10987125,0.033,0.143,0.055,0.002,-0.001,-0.001,-158.310,-261.020,331.780,-173.400,-3.260,-115.800,1,-0.0033,-0.0016,0.0073,0,-18.400,-2.990,4.930
10987234,0.035,0.139,0.018,0.003,-0.000,0.000,-158.310,-261.020,331.780,-173.400,-3.260,-115.800,1,-0.0033,-0.0016,0.0073,0,-18.440,-2.960,4.890
10987375,0.043,0.149,0.007,0.003,-0.001,0.001,-158.310,-261.020,331.780,-173.400,-3.260,-115.800,1,-0.0033,-0.0016,0.0073,0,-18.450,-2.940,4.640
10987421,0.040,0.144,0.011,0.003,-0.001,0.000,-158.310,-261.020,331.780,-173.400,-3.260,-115.800,1,-0.0033,-0.0016,0.0073,0,-18.450,-2.880,4.780
10987468,0.029,0.153,0.023,0.003,-0.000,0.000,-158.310,-261.020,331.780,-173.400,-3.260,-115.800,1,-0.0033,-0.0016,0.0073,0,-18.330,-3.040,5.000
10987531,0.036,0.145,0.035,0.003,-0.001,-0.000,-158.310,-261.020,331.780,-173.400,-3.260,-115.800,1,-0.0033,-0.0016,0.0073,0,-18.380,-2.970,4.960
10987687,0.040,0.132,-0.017,0.003,-0.001,0.000,-158.310,-261.020,331.780,-173.400,-3.260,-115.800,1,-0.0033,-0.0016,0.0073,0,-18.430,-2.940,4.780
10987781,0.031,0.131,0.024,0.003,-0.001,-0.001,-158.310,-261.020,331.780,-173.400,-3.260,-115.800,1,-0.0033,-0.0016,0.0073,0,-18.440,-2.920,4.640
10987890,0.032,0.134,0.015,0.002,-0.001,-0.000,-158.310,-261.020,331.780,-173.400,-3.260,-115.800,1,-0.0033,-0.0016,0.0073,0,-18.300,-3.010,5.050
10987968,0.025,0.135,0.031,0.003,-0.001,-0.000,-158.310,-261.020,331.780,-173.400,-3.260,-115.800,1,-0.0033,-0.0016,0.0073,0,-18.400,-2.990,4.990
10988062,0.032,0.143,0.009,0.003,-0.001,0.001,-158.310,-261.020,331.780,-173.400,-3.260,-115.800,1,-0.0033,-0.0016,0.0073,0,-18.360,-2.950,4.930
10988140,0.045,0.152,0.012,0.003,-0.001,0.000,-158.310,-261.020,331.780,-173.400,-3.260,-115.800,1,-0.0033,-0.0016,0.0073,0,-18.430,-2.900,4.860
10988218,0.039,0.145,0.041,0.003,-0.001,-0.000,-158.310,-261.020,331.780,-173.400,-3.260,-115.800,1,-0.0033,-0.0016,0.0073,0,-18.420,-2.930,4.740
10988328,0.035,0.138,0.006,0.003,-0.001,0.000,-158.310,-261.020,331.780,-173.400,-3.260,-115.800,1,-0.0033,-0.0016,0.0073,0,-18.380,-2.960,4.920
10988437,0.041,0.132,0.037,0.002,-0.001,-0.001,-158.310,-261.020,331.780,-173.400,-3.260,-115.800,1,-0.0033,-0.0016,0.0073,0,-18.430,-2.930,4.780
10988562,0.045,0.139,0.029,0.002,-0.001,-0.001,-158.310,-261.020,331.780,-173.400,-3.260,-115.800,1,-0.0033,-0.0016,0.0073,0,-18.440,-2.920,4.690
10988609,0.045,0.135,0.030,0.002,-0.001,-0.001,-158.310,-261.020,331.780,-173.400,-3.260,-115.800,1,-0.0033,-0.0016,0.0073,0,-18.350,-3.000,5.100
10988656,0.025,0.129,0.040,0.003,-0.001,0.000,-158.310,-261.020,331.780,-173.400,-3.260,-115.800,1,-0.0033,-0.0016,0.0073,0,-18.380,-2.970,4.910
10988734,0.025,0.138,0.004,0.003,-0.001,0.001,-158.310,-261.020,331.780,-173.400,-3.260,-115.800,1,-0.0033,-0.0016,0.0073,0,-18.370,-2.970,4.940
10988875,0.018,0.134,0.032,0.003,0.000,-0.000,-158.310,-261.020,331.780,-173.400,-3.260,-115.800,1,-0.0033,-0.0016,0.0073,0,-18.380,-2.970,4.920
10988968,0.039,0.157,0.035,0.003,-0.001,0.000,-158.310,-261.020,331.780,-173.400,-3.260,-115.800,1,-0.0033,-0.0016,0.0073,0,-18.400,-2.880,4.870
10989078,0.029,0.160,0.056,0.004,-0.001,0.001,-158.310,-261.020,331.780,-173.400,-3.260,-115.800,1,-0.0033,-0.0016,0.0073,0,-18.360,-2.960,5.160
10989156,0.037,0.146,0.043,0.003,-0.001,0.000,-158.310,-261.020,331.780,-173.400,-3.260,-115.800,1,-0.0033,-0.0016,0.0073,0,-18.370,-3.000,4.860
10989250,0.023,0.156,0.002,0.003,-0.001,0.001,-158.310,-261.020,331.780,-173.400,-3.260,-115.800,1,-0.0033,-0.0016,0.0073,0,-18.380,-2.970,4.710
10989328,0.031,0.141,-0.005,0.003,-0.001,0.001,-158.310,-261.020,331.780,-173.400,-3.260,-115.800,1,-0.0033,-0.0016,0.0073,0,-18.470,-2.870,4.720
10989406,0.045,0.145,0.009,0.003,-0.001,0.000,-158.310,-261.020,331.780,-173.400,-3.260,-115.800,1,-0.0033,-0.0016,0.0073,0,-18.460,-2.900,4.750
10989515,0.022,0.151,0.007,0.004,-0.000,0.001,-158.310,-261.020,331.780,-173.400,-3.260,-115.800,1,-0.0033,-0.0016,0.0073,0,-18.370,-2.980,4.950
10989625,0.031,0.138,0.025,0.003,-0.001,0.000,-158.310,-261.020,331.780,-173.400,-3.260,-115.800,1,-0.0033,-0.0016,0.0073,0,-18.490,-2.920,4.730
10989765,0.026,0.187,0.040,0.004,-0.000,0.001,-158.310,-261.020,331.780,-173.400,-3.260,-115.800,1,-0.0033,-0.0016,0.0073,0,-18.470,-2.870,4.740
10989812,0.031,0.165,0.027,0.003,-0.001,0.001,-158.310,-261.020,331.780,-173.400,-3.260,-115.800,1,-0.0033,-0.0016,0.0073,0,-18.350,-3.020,4.930
10989859,0.036,0.156,0.004,0.003,-0.001,0.001,-158.310,-261.020,331.780,-173.400,-3.260,-115.800,1,-0.0033,-0.0016,0.0073,0,-18.370,-2.910,5.050
10989937,0.045,0.139,0.010,0.002,-0.001,0.000,-158.310,-261.020,331.780,-173.400,-3.260,-115.800,1,-0.0033,-0.0016,0.0073,0,-18.380,-2.940,4.950
10990078,0.028,0.158,0.023,0.004,-0.001,0.000,-158.310,-261.020,331.780,-173.400,-3.260,-115.800,1,-0.0033,-0.0016,0.0073,0,-18.360,-2.950,4.820
10990171,0.052,0.141,0.045,0.003,-0.001,-0.001,-158.310,-261.020,331.780,-173.400,-3.260,-115.800,1,-0.0033,-0.0016,0.0073,0,-18.340,-2.940,4.810
10990281,0.034,0.135,0.026,0.003,-0.001,0.001,-158.310,-261.020,331.780,-173.400,-3.260,-115.800,1,-0.0033,-0.0016,0.0073,0,-18.380,-2.960,4.920
10990359,0.044,0.145,0.019,0.003,-0.001,0.000,-158.310,-261.020,331.780,-173.400,-3.260,-115.800,1,-0.0033,-0.0016,0.0073,0,-18.380,-3.020,5.080
10990453,0.047,0.150,0.010,0.003,-0.001,0.001,-158.310,-261.020,331.780,-173.400,-3.260,-115.800,1,-0.0033,-0.0016,0.0073,0,-18.440,-2.890,4.740
10990531,0.049,0.151,0.020,0.003,-0.001,0.000,-158.310,-261.020,331.780,-173.400,-3.260,-115.800,1,-0.0033,-0.0016,0.0073,0,-18.410,-2.970,4.690
10990609,0.049,0.152,-0.004,0.003,-0.001,0.001,-158.310,-261.020,331.780,-173.400,-3.260,-115.800,1,-0.0033,-0.0016,0.0073,0,-18.450,-2.890,4.690
10990718,0.050,0.148,0.003,0.003,-0.001,0.000,-158.310,-261.020,331.780,-173.400,-3.260,-115.800,1,-0.0033,-0.0016,0.0073,0,-18.360,-2.960,4.910
10990828,0.048,0.154,-0.014,0.003,-0.001,0.001,-158.310,-261.020,331.780,-173.400,-3.260,-115.800,1,-0.0033,-0.0016,0.0073,0,-18.430,-2.900,4.610
10990968,0.040,0.143,0.021,0.003,-0.001,0.000,-158.310,-261.020,331.780,-173.400,-3.260,-115.800,1,-0.0033,-0.0016,0.0073,0,-18.350,-2.900,4.770
10991015,0.053,0.147,0.019,0.003,-0.001,-0.000,-158.310,-261.020,331.780,-173.400,-3.260,-115.800,1,-0.0033,-0.0016,0.0073,0,-18.340,-2.950,4.920
10991062,0.060,0.154,-0.005,0.002,-0.002,0.000,-158.310,-261.020,331.780,-173.400,-3.260,-115.800,1,-0.0033,-0.0016,0.0073,0,-18.400,-2.970,5.050
10991140,0.029,0.139,0.012,0.003,-0.000,0.001,-158.310,-261.020,331.780,-173.400,-3.260,-115.800,1,-0.0033,-0.0016,0.0073,0,-18.370,-3.000,5.100
10991281,0.044,0.147,0.004,0.003,-0.001,0.001,-158.310,-261.020,331.780,-173.400,-3.260,-115.800,1,-0.0033,-0.0016,0.0073,0,-18.360,-2.920,5.120
10991375,0.041,0.155,0.004,0.003,-0.001,0.001,-158.310,-261.020,331.780,-173.400,-3.260,-115.800,1,-0.0033,-0.0016,0.0073,0,-18.350,-2.940,4.940
10991484,0.063,0.149,0.008,0.003,-0.001,0.001,-158.310,-261.020,331.780,-173.400,-3.260,-115.800,1,-0.0033,-0.0016,0.0073,0,-18.420,-2.890,4.650
10991578,0.041,0.163,0.003,0.004,-0.001,0.002,-158.310,-261.020,331.780,-173.400,-3.260,-115.800,1,-0.0033,-0.0016,0.0073,0,-18.450,-2.870,4.690
10991671,0.068,0.144,0.019,0.002,-0.002,-0.001,-158.310,-261.020,331.780,-173.400,-3.260,-115.800,1,-0.0033,-0.0016,0.0073,0,-18.420,-2.930,4.930
10991734,0.053,0.150,0.000,0.003,-0.001,0.001,-158.310,-261.020,331.780,-173.400,-3.260,-115.800,1,-0.0033,-0.0016,0.0073,0,-18.280,-2.950,4.960
10991812,0.061,0.158,-0.015,0.003,-0.001,0.001,-158.310,-261.020,331.780,-173.400,-3.260,-115.800,1,-0.0033,-0.0016,0.0073,0,-18.400,-2.920,4.720
10991921,0.070,0.150,0.030,0.003,-0.001,-0.000,-158.310,-261.020,331.780,-173.400,-3.260,-115.800,1,-0.0033,-0.0016,0.0073,0,-18.450,-2.980,5.160
10992046,0.046,0.145,0.015,0.003,-0.001,0.001,-158.310,-261.020,331.780,-173.400,-3.260,-115.800,1,-0.0033,-0.0016,0.0073,0,-18.360,-2.930,4.950
10992187,0.061,0.150,0.007,0.003,-0.001,0.000,-158.310,-261.020,331.780,-173.400,-3.260,-115.800,1,-0.0033,-0.0016,0.0073,0,-18.360,-2.940,4.930
10992234,0.066,0.148,0.031,0.003,-0.001,-0.000,-158.310,-261.020,331.780,-173.400,-3.260,-115.800,1,-0.0033,-0.0016,0.0073,0,-18.400,-2.890,4.710
10992281,0.061,0.157,0.035,0.003,-0.001,-0.001,-158.310,-261.020,331.780,-173.400,-3.260,-115.800,1,-0.0033,-0.0016,0.0073,0,-18.380,-2.970,4.960
10992359,0.045,0.167,-0.011,0.004,-0.001,0.002,-158.310,-261.020,331.780,-173.400,-3.260,-115.800,1,-0.0033,-0.0016,0.0073,0,-18.440,-2.890,4.670
10992500,0.057,0.160,0.018,0.003,-0.001,-0.000,-158.310,-261.020,331.780,-173.400,-3.260,-115.800,1,-0.0033,-0.0016,0.0073,0,-18.380,-2.930,4.960
10992593,0.067,0.166,0.024,0.003,-0.002,0.000,-158.310,-261.020,331.780,-173.400,-3.260,-115.800,1,-0.0033,-0.0016,0.0073,0,-18.380,-3.000,5.090
10992703,0.076,0.158,0.034,0.003,-0.002,-0.001,-158.310,-261.020,331.780,-173.400,-3.260,-115.800,1,-0.0033,-0.0016,0.0073,0,-18.330,-2.860,4.800
10992781,0.056,0.174,-0.013,0.004,-0.001,0.001,-158.310,-261.020,331.780,-173.400,-3.260,-115.800,1,-0.0033,-0.0016,0.0073,0,-18.390,-2.980,4.760
10992875,0.057,0.151,0.030,0.003,-0.001,-0.001,-158.310,-261.020,331.780,-173.400,-3.260,-115.800,1,-0.0033,-0.0016,0.0073,0,-18.320,-2.980,4.980
10992953,0.062,0.147,0.016,0.003,-0.001,-0.000,-158.310,-261.020,331.780,-173.400,-3.260,-115.800,1,-0.0033,-0.0016,0.0073,0,-18.380,-2.890,4.990
10993031,0.058,0.159,0.013,0.004,-0.001,0.001,-158.310,-261.020,331.780,-173.400,-3.260,-115.800,1,-0.0033,-0.0016,0.0073,0,-18.370,-2.940,4.990
10993140,0.056,0.160,-0.013,0.003,-0.001,0.001,-158.310,-261.020,331.780,-173.400,-3.260,-115.800,1,-0.0033,-0.0016,0.0073,0,-18.340,-2.950,4.880
10993250,0.056,0.164,0.000,0.003,-0.001,0.001,-158.310,-261.020,331.780,-173.400,-3.260,-115.800,1,-0.0033,-0.0016,0.0073,0,-18.420,-2.930,4.940
10993390,0.079,0.164,-0.009,0.003,-0.002,0.000,-158.310,-261.020,331.780,-173.400,-3.260,-115.800,1,-0.0033,-0.0016,0.0073,0,-18.450,-2.930,4.950
10993437,0.062,0.160,0.014,0.003,-0.001,0.000,-158.310,-261.020,331.780,-173.400,-3.260,-115.800,1,-0.0033,-0.0016,0.0073,0,-18.360,-2.930,4.820
10993484,0.062,0.161,0.033,0.003,-0.002,-0.001,-158.310,-261.020,331.780,-173.400,-3.260,-115.800,1,-0.0033,-0.0016,0.0073,0,-18.310,-3.030,5.030
10993562,0.045,0.156,-0.011,0.003,-0.001,0.001,-158.310,-261.020,331.780,-173.400,-3.260,-115.800,1,-0.0033,-0.0016,0.0073,0,-18.360,-2.960,4.940
10993703,0.059,0.147,0.021,0.003,-0.001,0.000,-158.310,-261.020,331.780,-173.400,-3.260,-115.800,1,-0.0033,-0.0016,0.0073,0,-18.290,-2.990,5.020
10993796,0.049,0.161,0.018,0.004,-0.001,0.001,-158.310,-261.020,331.780,-173.400,-3.260,-115.800,1,-0.0033,-0.0016,0.0073,0,-18.380,-2.910,4.600
10993906,0.061,0.155,0.024,0.003,-0.001,-0.000,-158.310,-261.020,331.780,-173.400,-3.260,-115.800,1,-0.0033,-0.0016,0.0073,0,-18.430,-2.890,4.990
10993984,0.066,0.153,-0.014,0.003,-0.001,0.001,-158.310,-261.020,331.780,-173.400,-3.260,-115.800,1,-0.0033,-0.0016,0.0073,0,-18.370,-2.940,4.950
10994078,0.068,0.177,-0.025,0.003,-0.002,0.001,-158.310,-261.020,331.780,-173.400,-3.260,-115.800,1,-0.0033,-0.0016,0.0073,0,-18.350,-2.940,4.940
10994156,0.067,0.160,0.040,0.003,-0.002,-0.001,-158.310,-261.020,331.780,-173.400,-3.260,-115.800,1,-0.0033,-0.0016,0.0073,0,-18.410,-2.860,4.630
10994234,0.062,0.188,0.009,0.004,-0.001,0.001,-158.310,-261.020,331.780,-173.400,-3.260,-115.800,1,-0.0033,-0.0016,0.0073,0,-18.440,-2.940,4.750
10994343,0.050,0.157,0.018,0.003,-0.001,-0.000,-158.310,-261.020,331.780,-173.400,-3.260,-115.800,1,-0.0033,-0.0016,0.0073,0,-18.360,-2.960,4.950
10994453,0.057,0.158,0.024,0.003,-0.001,-0.000,-158.310,-261.020,331.780,-173.400,-3.260,-115.800,1,-0.0033,-0.0016,0.0073,0,-18.440,-2.890,4.620
10994593,0.052,0.153,0.019,0.003,-0.001,-0.000,-158.310,-261.020,331.780,-173.400,-3.260,-115.800,1,-0.0033,-0.0016,0.0073,0,-18.420,-2.930,4.790
10994640,0.053,0.150,0.027,0.003,-0.001,-0.001,-158.310,-261.020,331.780,-173.400,-3.260,-115.800,1,-0.0033,-0.0016,0.0073,0,-18.430,-2.900,4.660
10994687,0.054,0.151,0.016,0.002,-0.001,-0.001,-158.310,-261.020,331.780,-173.400,-3.260,-115.800,1,-0.0033,-0.0016,0.0073,0,-18.310,-2.990,5.060
10994765,0.062,0.160,0.028,0.003,-0.001,-0.000,-158.310,-261.020,331.780,-173.400,-3.260,-115.800,1,-0.0033,-0.0016,0.0073,0,-18.270,-2.960,5.020
10994906,0.059,0.156,0.062,0.003,-0.002,-0.002,-158.310,-261.020,331.780,-173.400,-3.260,-115.800,1,-0.0033,-0.0016,0.0073,0,-18.290,-2.940,5.070
10995000,0.068,0.174,0.009,0.003,-0.001,0.000,-158.310,-261.020,331.780,-173.400,-3.260,-115.800,1,-0.0033,-0.0016,0.0073,0,-18.400,-2.860,4.630
10995109,0.060,0.168,0.039,0.003,-0.001,-0.001,-158.310,-261.020,331.780,-173.400,-3.260,-115.800,1,-0.0033,-0.0016,0.0073,0,-18.300,-3.000,4.980
10995187,0.056,0.166,0.025,0.004,-0.001,-0.000,-158.310,-261.020,331.780,-173.400,-3.260,-115.800,1,-0.0033,-0.0016,0.0073,0,-18.370,-2.880,4.910
10995281,0.044,0.163,-0.010,0.003,-0.001,0.001,-158.310,-261.020,331.780,-173.400,-3.260,-115.800,1,-0.0033,-0.0016,0.0073,0,-18.380,-2.960,4.900
10995359,0.048,0.166,0.042,0.003,-0.001,-0.001,-158.310,-261.020,331.780,-173.400,-3.260,-115.800,1,-0.0033,-0.0016,0.0073,0,-18.350,-2.980,4.680
10995437,0.061,0.157,-0.009,0.002,-0.002,0.000,-158.310,-261.020,331.780,-173.400,-3.260,-115.800,1,-0.0033,-0.0016,0.0073,0,-18.420,-2.910,4.630
10995546,0.049,0.155,0.054,0.003,-0.001,-0.001,-158.310,-261.020,331.780,-173.400,-3.260,-115.800,1,-0.0033,-0.0016,0.0073,0,-18.280,-2.970,5.000
10995656,0.065,0.160,-0.016,0.003,-0.001,0.000,-158.310,-261.020,331.780,-173.400,-3.260,-115.800,1,-0.0033,-0.0016,0.0073,0,-18.420,-2.890,4.650
10995796,0.048,0.167,0.019,0.003,-0.001,-0.000,-158.310,-261.020,331.780,-173.400,-3.260,-115.800,1,-0.0033,-0.0016,0.0073,0,-18.310,-2.880,4.700
10995843,0.062,0.172,-0.003,0.003,-0.001,0.001,-158.310,-261.020,331.780,-173.400,-3.260,-115.800,1,-0.0033,-0.0016,0.0073,0,-18.360,-2.930,4.920
10995890,0.059,0.166,-0.009,0.003,-0.001,0.001,-158.310,-261.020,331.780,-173.400,-3.260,-115.800,1,-0.0033,-0.0016,0.0073,0,-18.400,-2.870,4.790
10995968,0.061,0.159,0.004,0.003,-0.002,0.000,-158.310,-261.020,331.780,-173.400,-3.260,-115.800,1,-0.0033,-0.0016,0.0073,0,-18.430,-2.870,4.880
10996109,0.052,0.157,0.073,0.003,-0.001,-0.001,-158.310,-261.020,331.780,-173.400,-3.260,-115.800,1,-0.0033,-0.0016,0.0073,0,-18.390,-2.910,4.930
10996203,0.057,0.173,-0.013,0.004,-0.001,0.001,-158.310,-261.020,331.780,-173.400,-3.260,-115.800,1,-0.0033,-0.0016,0.0073,0,-18.290,-2.940,5.040
10996312,0.054,0.169,0.006,0.003,-0.001,0.000,-158.310,-261.020,331.780,-173.400,-3.260,-115.800,1,-0.0033,-0.0016,0.0073,0,-18.400,-2.910,4.710
10996390,0.055,0.169,-0.013,0.003,-0.001,0.001,-158.310,-261.020,331.780,-173.400,-3.260,-115.800,1,-0.0033,-0.0016,0.0073,0,-18.420,-2.880,4.670
10996484,0.045,0.150,0.045,0.003,-0.001,-0.000,-158.310,-261.020,331.780,-173.400,-3.260,-115.800,1,-0.0033,-0.0016,0.0073,0,-18.340,-2.940,4.950
10996562,0.047,0.163,-0.004,0.003,-0.001,0.001,-158.310,-261.020,331.780,-173.400,-3.260,-115.800,1,-0.0033,-0.0016,0.0073,0,-18.370,-2.950,4.980
10996640,0.034,0.152,0.012,0.003,-0.001,0.001,-158.310,-261.020,331.780,-173.400,-3.260,-115.800,1,-0.0033,-0.0016,0.0073,0,-18.370,-2.950,4.880
10996750,0.052,0.170,0.013,0.003,-0.001,0.001,-158.310,-261.020,331.780,-173.400,-3.260,-115.800,1,-0.0033,-0.0016,0.0073,0,-18.400,-2.870,4.810
10996859,0.052,0.172,0.034,0.004,-0.001,0.000,-158.310,-261.020,331.780,-173.400,-3.260,-115.800,1,-0.0033,-0.0016,0.0073,0,-18.380,-2.950,4.960
10997000,0.046,0.162,0.029,0.003,-0.001,-0.000,-158.310,-261.020,331.780,-173.400,-3.260,-115.800,1,-0.0033,-0.0016,0.0073,0,-18.360,-2.930,4.950
10997046,0.046,0.167,0.020,0.003,-0.001,0.000,-158.310,-261.020,331.780,-173.400,-3.260,-115.800,1,-0.0033,-0.0016,0.0073,0,-18.350,-2.960,5.080
10997093,0.033,0.162,0.047,0.003,-0.001,0.000,-158.310,-261.020,331.780,-173.400,-3.260,-115.800,1,-0.0033,-0.0016,0.0073,0,-18.450,-2.910,4.730
10997171,0.051,0.163,0.013,0.003,-0.001,0.000,-158.310,-261.020,331.780,-173.400,-3.260,-115.800,1,-0.0033,-0.0016,0.0073,0,-18.370,-2.890,4.720
10997312,0.050,0.166,-0.017,0.003,-0.001,0.001,-158.310,-261.020,331.780,-173.400,-3.260,-115.800,1,-0.0033,-0.0016,0.0073,0,-18.410,-2.890,4.650
10997406,0.029,0.155,0.029,0.004,-0.000,-0.000,-158.310,-261.020,331.780,-173.400,-3.260,-115.800,1,-0.0033,-0.0016,0.0073,0,-18.390,-2.920,4.760
10997515,0.053,0.167,0.001,0.003,-0.001,0.001,-158.310,-261.020,331.780,-173.400,-3.260,-115.800,1,-0.0033,-0.0016,0.0073,0,-18.340,-2.940,5.110
10997593,0.051,0.168,-0.010,0.003,-0.001,0.001,-158.310,-261.020,331.780,-173.400,-3.260,-115.800,1,-0.0033,-0.0016,0.0073,0,-18.360,-2.950,4.920
10997671,0.037,0.187,0.052,0.004,-0.001,0.001,-158.310,-261.020,331.780,-173.400,-3.260,-115.800,1,-0.0033,-0.0016,0.0073,0,-18.350,-2.930,4.940
10997765,0.041,0.168,0.035,0.004,-0.001,0.001,-158.310,-261.020,331.780,-173.400,-3.260,-115.800,1,-0.0033,-0.0016,0.0073,0,-18.330,-3.010,4.770
10997843,0.043,0.163,0.018,0.004,-0.001,0.000,-158.310,-261.020,331.780,-173.400,-3.260,-115.800,1,-0.0033,-0.0016,0.0073,0,-18.440,-2.870,4.660
10997953,0.031,0.169,0.042,0.004,-0.001,-0.001,-158.310,-261.020,331.780,-173.400,-3.260,-115.800,1,-0.0033,-0.0016,0.0073,0,-18.390,-2.980,5.080
10998046,0.047,0.165,0.009,0.003,-0.001,0.000,-158.310,-261.020,331.780,-173.400,-3.260,-115.800,1,-0.0033,-0.0016,0.0073,0,-18.480,-2.890,4.730
10998187,0.043,0.170,0.003,0.004,-0.001,0.001,-158.310,-261.020,331.780,-173.400,-3.260,-115.800,1,-0.0033,-0.0016,0.0073,0,-18.360,-2.930,4.910
10998234,0.045,0.171,0.002,0.003,-0.001,0.001,-158.310,-261.020,331.780,-173.400,-3.260,-115.800,1,-0.0033,-0.0016,0.0073,0,-18.360,-2.930,4.920
10998281,0.047,0.173,0.020,0.004,-0.001,0.002,-158.310,-261.020,331.780,-173.400,-3.260,-115.800,1,-0.0033,-0.0016,0.0073,0,-18.420,-2.890,4.830
10998375,0.055,0.166,0.038,0.003,-0.001,0.001,-158.310,-261.020,331.780,-173.400,-3.260,-115.800,1,-0.0033,-0.0016,0.0073,0,-18.390,-2.900,4.780
10998515,0.057,0.164,-0.009,0.003,-0.001,0.001,-158.310,-261.020,331.780,-173.400,-3.260,-115.800,1,-0.0033,-0.0016,0.0073,0,-18.330,-2.960,4.950
10998609,0.050,0.161,0.030,0.004,-0.001,0.001,-158.310,-261.020,331.780,-173.400,-3.260,-115.800,1,-0.0033,-0.0016,0.0073,0,-18.350,-2.990,5.110
10998718,0.056,0.161,0.026,0.003,-0.001,0.000,-158.310,-261.020,331.780,-173.400,-3.260,-115.800,1,-0.0033,-0.0016,0.0073,0,-18.350,-2.870,4.740
10998796,0.033,0.156,0.015,0.004,-0.001,0.001,-158.310,-261.020,331.780,-173.400,-3.260,-115.800,1,-0.0033,-0.0016,0.0073,0,-18.390,-2.880,4.680
10998890,0.052,0.152,0.042,0.003,-0.001,-0.001,-158.310,-261.020,331.780,-173.400,-3.260,-115.800,1,-0.0033,-0.0016,0.0073,0,-18.370,-2.980,5.040
10998968,0.049,0.154,0.008,0.004,-0.001,0.001,-158.310,-261.020,331.780,-173.400,-3.260,-115.800,1,-0.0033,-0.0016,0.0073,0,-18.320,-2.950,5.070
10999046,0.049,0.175,0.009,0.004,-0.001,0.002,-158.310,-261.020,331.780,-173.400,-3.260,-115.800,1,-0.0033,-0.0016,0.0073,0,-18.340,-2.900,5.100
10999156,0.057,0.157,0.014,0.003,-0.001,0.001,-158.310,-261.020,331.780,-173.400,-3.260,-115.800,1,-0.0033,-0.0016,0.0073,0,-18.420,-2.900,4.660
10999265,0.049,0.174,0.022,0.004,-0.001,0.002,-158.310,-261.020,331.780,-173.400,-3.260,-115.800,1,-0.0033,-0.0016,0.0073,0,-18.340,-2.960,5.130
10999406,0.061,0.158,0.005,0.003,-0.001,0.001,-158.310,-261.020,331.780,-173.400,-3.260,-115.800,1,-0.0033,-0.0016,0.0073,0,-18.350,-2.970,5.090
10999453,0.049,0.165,0.015,0.004,-0.001,0.001,-158.310,-261.020,331.780,-173.400,-3.260,-115.800,1,-0.0033,-0.0016,0.0073,0,-18.400,-2.900,4.680
10999500,0.052,0.160,0.009,0.003,-0.001,0.000,-158.310,-261.020,331.780,-173.400,-3.260,-115.800,1,-0.0033,-0.0016,0.0073,0,-18.310,-2.920,4.830
10999578,0.056,0.162,-0.005,0.003,-0.001,0.001,-158.310,-261.020,331.780,-173.400,-3.260,-115.800,1,-0.0033,-0.0016,0.0073,0,-18.370,-2.970,4.990
10999718,0.039,0.158,0.017,0.004,-0.001,0.001,-158.310,-261.020,331.780,-173.400,-3.260,-115.800,1,-0.0033,-0.0016,0.0073,0,-18.350,-2.880,4.690
10999796,0.060,0.165,0.007,0.003,-0.001,0.001,-158.310,-261.020,331.780,-173.400,-3.260,-115.800,1,-0.0033,-0.0016,0.0073,0,-18.360,-2.860,5.110
10999921,0.045,0.175,0.017,0.004,-0.001,0.001,-158.310,-261.020,331.780,-173.400,-3.260,-115.800,1,-0.0033,-0.0016,0.0073,0,-18.360,-2.920,4.960
11000000,0.048,0.170,0.029,0.004,-0.001,0.001,-158.310,-261.020,331.780,-173.400,-3.260,-115.800,1,-0.0033,-0.0016,0.0073,0,-18.460,-2.840,4.680
11000093,0.062,0.156,0.026,0.003,-0.001,0.000,-158.310,-261.020,331.780,-173.400,-3.260,-115.800,1,-0.0033,-0.0016,0.0073,0,-18.460,-2.850,4.650
11000171,0.034,0.178,0.001,0.005,-0.001,0.001,-158.310,-261.020,331.780,-173.400,-3.260,-115.800,1,-0.0033,-0.0016,0.0073,0,-18.460,-2.870,4.640
11000250,0.055,0.167,0.004,0.004,-0.001,0.001,-158.310,-261.020,331.780,-173.400,-3.260,-115.800,1,-0.0033,-0.0016,0.0073,0,-18.380,-3.010,5.040
11000359,0.063,0.163,0.013,0.003,-0.001,-0.000,-158.310,-261.020,331.780,-173.400,-3.260,-115.800,1,-0.0033,-0.0016,0.0073,0,-18.370,-2.950,4.950
11000468,0.059,0.180,-0.028,0.004,-0.001,0.001,-158.310,-261.020,331.780,-173.400,-3.260,-115.800,1,-0.0033,-0.0016,0.0073,0,-18.380,-3.030,5.130
11000609,0.044,0.165,-0.004,0.004,-0.000,0.003,-158.310,-261.020,331.780,-173.400,-3.260,-115.800,1,-0.0033,-0.0016,0.0073,0,-18.320,-2.970,4.980
11000656,0.061,0.150,0.029,0.003,-0.001,0.000,-158.310,-261.020,331.780,-173.400,-3.260,-115.800,1,-0.0033,-0.0016,0.0073,0,-18.450,-2.890,4.650
11000703,0.051,0.161,0.025,0.004,-0.001,0.001,-158.310,-261.020,331.780,-173.400,-3.260,-115.800,1,-0.0033,-0.0016,0.0073,0,-18.350,-2.940,4.920
11000781,0.049,0.171,0.018,0.004,-0.001,0.002,-158.310,-261.020,331.780,-173.400,-3.260,-115.800,1,-0.0033,-0.0016,0.0073,0,-18.320,-2.970,5.030
11000921,0.052,0.167,0.008,0.004,-0.001,0.001,-158.310,-261.020,331.780,-173.400,-3.260,-115.800,1,-0.0033,-0.0016,0.0073,0,-18.300,-2.910,4.950
11001015,0.059,0.165,-0.003,0.004,-0.001,0.002,-158.310,-261.020,331.780,-173.400,-3.260,-115.800,1,-0.0033,-0.0016,0.0073,0,-18.390,-2.890,4.750
11001125,0.060,0.174,0.016,0.004,-0.001,0.001,-158.310,-261.020,331.780,-173.400,-3.260,-115.800,1,-0.0033,-0.0016,0.0073,0,-18.410,-3.000,5.080
11001203,0.031,0.160,0.004,0.004,-0.000,0.002,-158.310,-261.020,331.780,-173.400,-3.260,-115.800,1,-0.0033,-0.0016,0.0073,0,-18.370,-2.950,4.970
11001296,0.066,0.161,0.025,0.003,-0.001,-0.001,-158.310,-261.020,331.780,-173.400,-3.260,-115.800,1,-0.0033,-0.0016,0.0073,0,-18.400,-2.980,4.740
11001375,0.037,0.170,-0.038,0.004,-0.000,0.003,-158.310,-261.020,331.780,-173.400,-3.260,-115.800,1,-0.0033,-0.0016,0.0073,0,-18.400,-2.930,4.980
11001453,0.039,0.177,-0.002,0.004,-0.000,0.002,-158.310,-261.020,331.780,-173.400,-3.260,-115.800,1,-0.0033,-0.0016,0.0073,0,-18.440,-2.890,4.620
11001562,0.046,0.168,0.021,0.004,-0.001,0.001,-158.310,-261.020,331.780,-173.400,-3.260,-115.800,1,-0.0033,-0.0016,0.0073,0,-18.300,-2.990,5.050
11001671,0.045,0.175,0.004,0.004,-0.001,0.002,-158.310,-261.020,331.780,-173.400,-3.260,-115.800,1,-0.0033,-0.0016,0.0073,0,-18.450,-2.860,4.680
11001812,0.034,0.172,-0.042,0.004,-0.001,0.002,-158.310,-261.020,331.780,-173.400,-3.260,-115.800,1,-0.0033,-0.0016,0.0073,0,-18.440,-2.860,4.630
11001859,0.041,0.174,-0.022,0.004,-0.001,0.002,-158.310,-261.020,331.780,-173.400,-3.260,-115.800,1,-0.0033,-0.0016,0.0073,0,-18.370,-2.930,4.960
11001906,0.039,0.174,-0.014,0.004,-0.001,0.002,-158.310,-261.020,331.780,-173.400,-3.260,-115.800,1,-0.0033,-0.0016,0.0073,0,-18.430,-2.960,5.110
11001984,0.046,0.168,0.002,0.004,-0.001,0.001,-158.310,-261.020,331.780,-173.400,-3.260,-115.800,1,-0.0033,-0.0016,0.0073,0,-18.370,-2.950,4.950
11002125,0.053,0.154,0.003,0.003,-0.001,0.001,-158.310,-261.020,331.780,-173.400,-3.260,-115.800,1,-0.0033,-0.0016,0.0073,0,-18.420,-2.860,5.010
11002218,0.042,0.165,0.021,0.004,-0.001,0.001,-158.310,-261.020,331.780,-173.400,-3.260,-115.800,1,-0.0033,-0.0016,0.0073,0,-18.350,-3.000,4.760
11002328,0.051,0.162,0.029,0.003,-0.001,-0.001,-158.310,-261.020,331.780,-173.400,-3.260,-115.800,1,-0.0033,-0.0016,0.0073,0,-18.440,-2.890,4.680
11002406,0.049,0.164,0.024,0.003,-0.001,-0.000,-158.310,-261.020,331.780,-173.400,-3.260,-115.800,1,-0.0033,-0.0016,0.0073,0,-18.370,-2.910,4.940
11002500,0.044,0.169,0.014,0.004,-0.001,0.001,-158.310,-261.020,331.780,-173.400,-3.260,-115.800,1,-0.0033,-0.0016,0.0073,0,-18.310,-2.920,4.930
11002578,0.055,0.169,0.021,0.003,-0.001,-0.000,-158.310,-261.020,331.780,-173.400,-3.260,-115.800,1,-0.0033,-0.0016,0.0073,0,-18.370,-2.930,4.840
11002656,0.040,0.164,0.022,0.004,-0.001,0.001,-158.310,-261.020,331.780,-173.400,-3.260,-115.800,1,-0.0033,-0.0016,0.0073,0,-18.370,-2.880,4.740
11002765,0.051,0.173,0.008,0.003,-0.001,0.001,-158.310,-261.020,331.780,-173.400,-3.260,-115.800,1,-0.0033,-0.0016,0.0073,0,-18.260,-2.890,5.010
11002875,0.043,0.174,0.006,0.004,-0.001,0.001,-158.310,-261.020,331.780,-173.400,-3.260,-115.800,1,-0.0033,-0.0016,0.0073,0,-18.410,-2.960,4.730
11003015,0.054,0.151,0.030,0.003,-0.001,-0.001,-158.310,-261.020,331.780,-173.400,-3.260,-115.800,1,-0.0033,-0.0016,0.0073,0,-18.390,-2.950,4.740
11003062,0.047,0.153,0.014,0.003,-0.001,0.000,-158.310,-261.020,331.780,-173.400,-3.260,-115.800,1,-0.0033,-0.0016,0.0073,0,-18.310,-2.980,5.030
11003109,0.046,0.158,0.014,0.003,-0.000,0.000,-158.310,-261.020,331.780,-173.400,-3.260,-115.800,1,-0.0033,-0.0016,0.0073,0,-18.300,-2.970,5.000
11003187,0.053,0.160,0.006,0.003,-0.001,0.000,-158.310,-261.020,331.780,-173.400,-3.260,-115.800,1,-0.0033,-0.0016,0.0073,0,-18.410,-2.930,4.870
11003328,0.046,0.162,0.009,0.003,-0.001,0.001,-158.310,-261.020,331.780,-173.400,-3.260,-115.800,1,-0.0033,-0.0016,0.0073,0,-18.310,-2.930,4.980
11003421,0.057,0.155,0.034,0.003,-0.001,-0.000,-158.310,-261.020,331.780,-173.400,-3.260,-115.800,1,-0.0033,-0.0016,0.0073,0,-18.270,-2.940,4.970
11003531,0.042,0.162,0.003,0.004,-0.001,0.001,-158.310,-261.020,331.780,-173.400,-3.260,-115.800,1,-0.0033,-0.0016,0.0073,0,-18.430,-2.960,5.040
11003609,0.059,0.152,0.012,0.003,-0.001,-0.001,-158.310,-261.020,331.780,-173.400,-3.260,-115.800,1,-0.0033,-0.0016,0.0073,0,-18.410,-2.910,4.780
11003703,0.054,0.148,0.013,0.003,-0.001,-0.000,-158.310,-261.020,331.780,-173.400,-3.260,-115.800,1,-0.0033,-0.0016,0.0073,0,-18.360,-2.940,4.940
11003765,0.052,0.139,0.022,0.002,-0.001,0.000,-158.310,-261.020,331.780,-173.400,-3.260,-115.800,1,-0.0033,-0.0016,0.0073,0,-18.360,-2.950,4.970
11003859,0.057,0.143,0.011,0.003,-0.001,0.001,-158.310,-261.020,331.780,-173.400,-3.260,-115.800,1,-0.0033,-0.0016,0.0073,0,-18.370,-2.980,4.880
11003968,0.059,0.152,-0.014,0.003,-0.001,0.001,-158.310,-261.020,331.780,-173.400,-3.260,-115.800,1,-0.0033,-0.0016,0.0073,0,-18.320,-2.970,5.000
11004078,0.049,0.154,-0.023,0.004,-0.001,0.002,-158.310,-261.020,331.780,-173.400,-3.260,-115.800,1,-0.0033,-0.0016,0.0073,0,-18.480,-2.880,4.570
11004218,0.064,0.150,-0.001,0.003,-0.001,0.000,-158.310,-261.020,331.780,-173.400,-3.260,-115.800,1,-0.0033,-0.0016,0.0073,0,-18.380,-2.940,4.930
11004265,0.068,0.155,-0.010,0.003,-0.001,0.001,-158.310,-261.020,331.780,-173.400,-3.260,-115.800,1,-0.0033,-0.0016,0.0073,0,-18.470,-2.920,4.910
11004312,0.065,0.155,0.003,0.003,-0.002,0.001,-158.310,-261.020,331.780,-173.400,-3.260,-115.800,1,-0.0033,-0.0016,0.0073,0,-18.430,-2.870,4.670
11004390,0.077,0.152,0.027,0.003,-0.002,0.000,-158.310,-261.020,331.780,-173.400,-3.260,-115.800,1,-0.0033,-0.0016,0.0073,0,-18.400,-2.930,4.760
11004531,0.042,0.146,0.020,0.003,-0.001,-0.000,-158.310,-261.020,331.780,-173.400,-3.260,-115.800,1,-0.0033,-0.0016,0.0073,0,-18.390,-2.930,4.930
11004625,0.041,0.156,0.007,0.003,-0.001,0.001,-158.310,-261.020,331.780,-173.400,-3.260,-115.800,1,-0.0033,-0.0016,0.0073,0,-18.390,-2.950,4.950
11004734,0.043,0.165,-0.011,0.004,-0.001,0.001,-158.310,-261.020,331.780,-173.400,-3.260,-115.800,1,-0.0033,-0.0016,0.0073,0,-18.400,-2.930,4.760
11004812,0.050,0.154,0.034,0.003,-0.001,-0.001,-158.310,-261.020,331.780,-173.400,-3.260,-115.800,1,-0.0033,-0.0016,0.0073,0,-18.380,-2.930,4.860
11004906,0.047,0.175,-0.011,0.004,-0.001,0.002,-158.310,-261.020,331.780,-173.400,-3.260,-115.800,1,-0.0033,-0.0016,0.0073,0,-18.390,-2.940,4.940
11004984,0.070,0.174,0.025,0.003,-0.002,-0.000,-158.310,-261.020,331.780,-173.400,-3.260,-115.800,1,-0.0033,-0.0016,0.0073,0,-18.410,-2.970,5.010
11005062,0.068,0.172,0.008,0.003,-0.002,-0.000,-158.310,-261.020,331.780,-173.400,-3.260,-115.800,1,-0.0033,-0.0016,0.0073,0,-18.440,-2.970,4.940
11005171,0.058,0.167,0.027,0.003,-0.001,-0.000,-158.310,-261.020,331.780,-173.400,-3.260,-115.800,1,-0.0033,-0.0016,0.0073,0,-18.480,-2.900,4.620
11005281,0.057,0.142,0.035,0.002,-0.001,-0.002,-158.310,-261.020,331.780,-173.400,-3.260,-115.800,1,-0.0033,-0.0016,0.0073,0,-18.380,-2.900,4.960
11005421,0.047,0.157,0.016,0.003,-0.001,-0.000,-158.310,-261.020,331.780,-173.400,-3.260,-115.800,1,-0.0033,-0.0016,0.0073,0,-18.290,-2.980,5.110
11005468,0.046,0.158,-0.015,0.003,-0.001,0.001,-158.310,-261.020,331.780,-173.400,-3.260,-115.800,1,-0.0033,-0.0016,0.0073,0,-18.380,-2.940,4.840
11005515,0.047,0.157,-0.008,0.003,-0.001,0.001,-158.310,-261.020,331.780,-173.400,-3.260,-115.800,1,-0.0033,-0.0016,0.0073,0,-18.310,-2.950,4.980
11005593,0.052,0.156,0.029,0.003,-0.001,-0.000,-158.310,-261.020,331.780,-173.400,-3.260,-115.800,1,-0.0033,-0.0016,0.0073,0,-18.360,-2.940,4.850
11005734,0.046,0.158,0.007,0.004,-0.001,0.001,-158.310,-261.020,331.780,-173.400,-3.260,-115.800,1,-0.0033,-0.0016,0.0073,0,-18.280,-2.950,5.000
11005828,0.050,0.158,0.016,0.003,-0.001,-0.000,-158.310,-261.020,331.780,-173.400,-3.260,-115.800,1,-0.0033,-0.0016,0.0073,0,-18.390,-2.880,4.630
11005937,0.051,0.156,0.041,0.003,-0.001,-0.001,-158.310,-261.020,331.780,-173.400,-3.260,-115.800,1,-0.0033,-0.0016,0.0073,0,-18.290,-3.030,5.060
11006015,0.051,0.133,-0.013,0.002,-0.001,0.001,-158.310,-261.020,331.780,-173.400,-3.260,-115.800,1,-0.0033,-0.0016,0.0073,0,-18.380,-2.940,4.940
11006109,0.060,0.144,0.027,0.002,-0.001,-0.001,-158.310,-261.020,331.780,-173.400,-3.260,-115.800,1,-0.0033,-0.0016,0.0073,0,-18.420,-2.900,4.620
11006187,0.046,0.156,0.021,0.003,-0.001,0.001,-158.310,-261.020,331.780,-173.400,-3.260,-115.800,1,-0.0033,-0.0016,0.0073,0,-18.380,-2.930,4.970
11006265,0.051,0.154,-0.012,0.004,-0.001,0.001,-158.310,-261.020,331.780,-173.400,-3.260,-115.800,1,-0.0033,-0.0016,0.0073,0,-18.410,-2.930,4.630
11006375,0.042,0.148,0.017,0.003,-0.001,0.000,-158.310,-261.020,331.780,-173.400,-3.260,-115.800,1,-0.0033,-0.0016,0.0073,0,-18.430,-2.900,4.950
11006484,0.051,0.175,-0.008,0.003,-0.001,0.001,-158.310,-261.020,331.780,-173.400,-3.260,-115.800,1,-0.0033,-0.0016,0.0073,0,-18.440,-2.870,4.640
11006625,0.054,0.181,-0.017,0.004,-0.001,0.001,-158.310,-261.020,331.780,-173.400,-3.260,-115.800,1,-0.0033,-0.0016,0.0073,0,-18.400,-2.950,4.930
11006671,0.048,0.161,0.016,0.003,-0.001,0.000,-158.310,-261.020,331.780,-173.400,-3.260,-115.800,1,-0.0033,-0.0016,0.0073,0,-18.360,-2.980,4.940
11006718,0.053,0.146,0.038,0.002,-0.001,-0.001,-158.310,-261.020,331.780,-173.400,-3.260,-115.800,1,-0.0033,-0.0016,0.0073,0,-18.400,-2.910,4.870
11006796,0.046,0.154,0.001,0.003,-0.001,0.000,-158.310,-261.020,331.780,-173.400,-3.260,-115.800,1,-0.0033,-0.0016,0.0073,0,-18.460,-2.920,4.640
11006937,0.049,0.149,0.009,0.003,-0.001,-0.000,-158.310,-261.020,331.780,-173.400,-3.260,-115.800,1,-0.0033,-0.0016,0.0073,0,-18.290,-2.990,5.110
11007031,0.056,0.141,0.060,0.003,-0.001,-0.001,-158.310,-261.020,331.780,-173.400,-3.260,-115.800,1,-0.0033,-0.0016,0.0073,0,-18.370,-2.950,4.960
11007140,0.050,0.165,-0.000,0.004,-0.001,0.000,-158.310,-261.020,331.780,-173.400,-3.260,-115.800,1,-0.0033,-0.0016,0.0073,0,-18.420,-2.900,4.630
11007218,0.054,0.151,0.033,0.003,-0.001,-0.001,-158.310,-261.020,331.780,-173.400,-3.260,-115.800,1,-0.0033,-0.0016,0.0073,0,-18.280,-2.940,4.950
11007312,0.049,0.139,0.067,0.003,-0.001,-0.001,-158.310,-261.020,331.780,-173.400,-3.260,-115.800,1,-0.0033,-0.0016,0.0073,0,-18.280,-2.940,5.050
11007390,0.065,0.165,-0.005,0.003,-0.001,0.001,-158.310,-261.020,331.780,-173.400,-3.260,-115.800,1,-0.0033,-0.0016,0.0073,0,-18.310,-2.860,4.740
11007468,0.060,0.166,0.007,0.003,-0.001,0.000,-158.310,-261.020,331.780,-173.400,-3.260,-115.800,1,-0.0033,-0.0016,0.0073,0,-18.350,-2.980,4.890
11007578,0.055,0.148,0.034,0.003,-0.001,-0.000,-158.310,-261.020,331.780,-173.400,-3.260,-115.800,1,-0.0033,-0.0016,0.0073,0,-18.300,-2.980,5.080
11007687,0.049,0.147,-0.028,0.003,-0.001,0.001,-158.310,-261.020,331.780,-173.400,-3.260,-115.800,1,-0.0033,-0.0016,0.0073,0,-18.430,-2.870,4.820
11007828,0.053,0.149,0.041,0.003,-0.001,-0.001,-158.310,-261.020,331.780,-173.400,-3.260,-115.800,1,-0.0033,-0.0016,0.0073,0,-18.350,-2.980,4.860
11007875,0.052,0.149,0.033,0.003,-0.001,-0.001,-158.310,-261.020,331.780,-173.400,-3.260,-115.800,1,-0.0033,-0.0016,0.0073,0,-18.410,-2.900,4.600
11007921,0.060,0.146,0.010,0.003,-0.001,-0.000,-158.310,-261.020,331.780,-173.400,-3.260,-115.800,1,-0.0033,-0.0016,0.0073,0,-18.360,-2.950,4.940
11008000,0.061,0.142,0.018,0.002,-0.001,-0.001,-158.310,-261.020,331.780,-173.400,-3.260,-115.800,1,-0.0033,-0.0016,0.0073,0,-18.460,-2.910,4.850
11008140,0.044,0.151,0.019,0.003,-0.001,0.000,-158.310,-261.020,331.780,-173.400,-3.260,-115.800,1,-0.0033,-0.0016,0.0073,0,-18.250,-2.970,5.040
11008234,0.050,0.132,0.089,0.003,-0.001,-0.002,-158.310,-261.020,331.780,-173.400,-3.260,-115.800,1,-0.0033,-0.0016,0.0073,0,-18.280,-3.010,5.070
11008343,0.058,0.138,-0.012,0.002,-0.001,0.001,-158.310,-261.020,331.780,-173.400,-3.260,-115.800,1,-0.0033,-0.0016,0.0073,0,-18.450,-2.850,4.910
11008421,0.069,0.133,0.046,0.002,-0.001,-0.001,-158.310,-261.020,331.780,-173.400,-3.260,-115.800,1,-0.0033,-0.0016,0.0073,0,-18.410,-2.920,4.630
11008500,0.062,0.139,0.034,0.003,-0.001,-0.001,-158.310,-261.020,331.780,-173.400,-3.260,-115.800,1,-0.0033,-0.0016,0.0073,0,-18.320,-2.990,5.050
11008593,0.056,0.157,-0.017,0.003,-0.001,0.000,-158.310,-261.020,331.780,-173.400,-3.260,-115.800,1,-0.0033,-0.0016,0.0073,0,-18.370,-2.950,4.930
11008671,0.052,0.163,-0.005,0.003,-0.001,0.001,-158.310,-261.020,331.780,-173.400,-3.260,-115.800,1,-0.0033,-0.0016,0.0073,0,-18.380,-2.960,4.920
11008781,0.054,0.152,0.018,0.003,-0.001,-0.000,-158.310,-261.020,331.780,-173.400,-3.260,-115.800,1,-0.0033,-0.0016,0.0073,0,-18.390,-2.940,4.840
11008875,0.055,0.152,0.004,0.002,-0.001,-0.001,-158.310,-261.020,331.780,-173.400,-3.260,-115.800,1,-0.0033,-0.0016,0.0073,0,-18.430,-2.900,4.640
11009015,0.059,0.162,-0.001,0.003,-0.001,0.001,-158.310,-261.020,331.780,-173.400,-3.260,-115.800,1,-0.0033,-0.0016,0.0073,0,-18.350,-2.950,4.960
11009062,0.044,0.166,-0.029,0.003,-0.001,0.002,-158.310,-261.020,331.780,-173.400,-3.260,-115.800,1,-0.0033,-0.0016,0.0073,0,-18.330,-2.990,5.060
11009109,0.040,0.163,-0.028,0.003,-0.001,0.002,-158.310,-261.020,331.780,-173.400,-3.260,-115.800,1,-0.0033,-0.0016,0.0073,0,-18.420,-2.960,4.680
11009187,0.057,0.151,0.031,0.003,-0.001,-0.000,-158.310,-261.020,331.780,-173.400,-3.260,-115.800,1,-0.0033,-0.0016,0.0073,0,-18.350,-2.960,4.870
11009328,0.052,0.148,0.048,0.003,-0.001,-0.001,-158.310,-261.020,331.780,-173.400,-3.260,-115.800,1,-0.0033,-0.0016,0.0073,0,-18.430,-2.920,4.640
11009421,0.057,0.158,-0.000,0.003,-0.001,0.001,-158.310,-261.020,331.780,-173.400,-3.260,-115.800,1,-0.0033,-0.0016,0.0073,0,-18.410,-2.910,4.640
11009531,0.061,0.147,0.012,0.003,-0.002,-0.001,-158.310,-261.020,331.780,-173.400,-3.260,-115.800,1,-0.0033,-0.0016,0.0073,0,-18.360,-2.960,4.950
11009609,0.073,0.142,0.060,0.002,-0.001,-0.002,-158.310,-261.020,331.780,-173.400,-3.260,-115.800,1,-0.0033,-0.0016,0.0073,0,-18.350,-2.960,4.950
11009703,0.078,0.160,0.014,0.002,-0.002,-0.000,-158.310,-261.020,331.780,-173.400,-3.260,-115.800,1,-0.0033,-0.0016,0.0073,0,-18.450,-2.920,4.810
11009781,0.070,0.148,0.044,0.003,-0.002,-0.001,-158.310,-261.020,331.780,-173.400,-3.260,-115.800,1,-0.0033,-0.0016,0.0073,0,-18.260,-2.950,5.060
11009859,0.072,0.144,0.037,0.002,-0.002,-0.001,-158.310,-261.020,331.780,-173.400,-3.260,-115.800,1,-0.0033,-0.0016,0.0073,0,-18.400,-2.860,4.890
11009968,0.065,0.146,0.004,0.003,-0.001,0.000,-158.310,-261.020,331.780,-173.400,-3.260,-115.800,1,-0.0033,-0.0016,0.0073,0,-18.390,-2.930,4.620
11010078,0.070,0.138,0.001,0.003,-0.002,-0.000,-158.310,-261.020,331.780,-173.400,-3.260,-115.800,1,-0.0033,-0.0016,0.0073,0,-18.430,-2.920,4.650
11010218,0.071,0.139,-0.005,0.003,-0.002,0.001,-158.310,-261.020,331.780,-173.400,-3.260,-115.800,1,-0.0033,-0.0016,0.0073,0,-18.410,-2.890,4.930
11010265,0.069,0.138,-0.007,0.002,-0.002,0.000,-158.310,-261.020,331.780,-173.400,-3.260,-115.800,1,-0.0033,-0.0016,0.0073,0,-18.350,-2.960,4.940
11010312,0.080,0.136,-0.014,0.002,-0.002,0.001,-158.310,-261.020,331.780,-173.400,-3.260,-115.800,1,-0.0033,-0.0016,0.0073,0,-18.440,-2.890,4.840
11010390,0.068,0.140,0.030,0.002,-0.002,-0.001,-158.310,-261.020,331.780,-173.400,-3.260,-115.800,1,-0.0033,-0.0016,0.0073,0,-18.360,-2.950,4.960
11010531,0.070,0.135,0.064,0.003,-0.001,-0.001,-158.310,-261.020,331.780,-173.400,-3.260,-115.800,1,-0.0033,-0.0016,0.0073,0,-18.400,-2.990,4.940
11010640,0.059,0.153,-0.033,0.003,-0.001,0.001,-158.310,-261.020,331.780,-173.400,-3.260,-115.800,1,-0.0033,-0.0016,0.0073,0,-18.340,-2.940,4.950
11010750,0.076,0.148,0.030,0.003,-0.002,-0.000,-158.310,-261.020,331.780,-173.400,-3.260,-115.800,1,-0.0033,-0.0016,0.0073,0,-18.380,-2.920,4.820
11010828,0.069,0.144,-0.002,0.002,-0.002,-0.000,-158.310,-261.020,331.780,-173.400,-3.260,-115.800,1,-0.0033,-0.0016,0.0073,0,-18.350,-2.910,4.920
11010921,0.077,0.145,0.039,0.003,-0.002,-0.001,-158.310,-261.020,331.780,-173.400,-3.260,-115.800,1,-0.0033,-0.0016,0.0073,0,-18.380,-2.910,4.700
11011000,0.067,0.147,0.008,0.003,-0.002,0.000,-158.310,-261.020,331.780,-173.400,-3.260,-115.800,1,-0.0033,-0.0016,0.0073,0,-18.350,-2.950,4.970
11011078,0.070,0.153,-0.022,0.002,-0.001,0.001,-158.310,-261.020,331.780,-173.400,-3.260,-115.800,1,-0.0033,-0.0016,0.0073,0,-18.330,-2.910,4.800
11011187,0.073,0.140,0.045,0.002,-0.002,-0.001,-158.310,-261.020,331.780,-173.400,-3.260,-115.800,1,-0.0033,-0.0016,0.0073,0,-18.490,-2.920,4.640
11011296,0.074,0.149,0.032,0.003,-0.001,-0.000,-158.310,-261.020,331.780,-173.400,-3.260,-115.800,1,-0.0033,-0.0016,0.0073,0,-18.290,-2.840,4.690
11011437,0.074,0.160,0.032,0.003,-0.001,0.000,-158.310,-261.020,331.780,-173.400,-3.260,-115.800,1,-0.0033,-0.0016,0.0073,0,-18.280,-2.970,5.110
11011484,0.076,0.158,0.043,0.003,-0.001,-0.000,-158.310,-261.020,331.780,-173.400,-3.260,-115.800,1,-0.0033,-0.0016,0.0073,0,-18.290,-2.990,5.040
11011531,0.072,0.149,-0.009,0.003,-0.002,0.001,-158.310,-261.020,331.780,-173.400,-3.260,-115.800,1,-0.0033,-0.0016,0.0073,0,-18.420,-2.920,4.620
11011609,0.075,0.148,0.037,0.003,-0.002,-0.000,-158.310,-261.020,331.780,-173.400,-3.260,-115.800,1,-0.0033,-0.0016,0.0073,0,-18.410,-2.920,4.630
11011750,0.072,0.153,-0.029,0.003,-0.001,0.001,-158.310,-261.020,331.780,-173.400,-3.260,-115.800,1,-0.0033,-0.0016,0.0073,0,-18.360,-2.910,4.870
11011843,0.069,0.151,0.007,0.003,-0.002,0.001,-158.310,-261.020,331.780,-173.400,-3.260,-115.800,1,-0.0033,-0.0016,0.0073,0,-18.250,-2.960,5.040
11011953,0.067,0.147,0.024,0.003,-0.002,-0.000,-158.310,-261.020,331.780,-173.400,-3.260,-115.800,1,-0.0033,-0.0016,0.0073,0,-18.390,-2.930,4.770
11012031,0.087,0.154,-0.003,0.003,-0.002,0.001,-158.310,-261.020,331.780,-173.400,-3.260,-115.800,1,-0.0033,-0.0016,0.0073,0,-18.370,-2.890,4.630
11012125,0.098,0.147,0.047,0.002,-0.002,-0.001,-158.310,-261.020,331.780,-173.400,-3.260,-115.800,1,-0.0033,-0.0016,0.0073,0,-18.450,-2.940,4.860
11012203,0.086,0.150,0.033,0.003,-0.002,-0.000,-158.310,-261.020,331.780,-173.400,-3.260,-115.800,1,-0.0033,-0.0016,0.0073,0,-18.370,-2.880,4.980
11012281,0.084,0.126,-0.010,0.002,-0.002,0.000,-158.310,-261.020,331.780,-173.400,-3.260,-115.800,1,-0.0033,-0.0016,0.0073,0,-18.410,-2.840,4.780
11012390,0.087,0.143,0.041,0.003,-0.002,-0.001,-158.310,-261.020,331.780,-173.400,-3.260,-115.800,1,-0.0033,-0.0016,0.0073,0,-18.340,-3.020,4.880
11012500,0.084,0.137,-0.020,0.003,-0.002,0.001,-158.310,-261.020,331.780,-173.400,-3.260,-115.800,1,-0.0033,-0.0016,0.0073,0,-18.390,-2.880,4.880
11012640,0.086,0.138,0.024,0.002,-0.002,-0.000,-158.310,-261.020,331.780,-173.400,-3.260,-115.800,1,-0.0033,-0.0016,0.0073,0,-18.420,-2.890,4.920
11012687,0.085,0.137,0.032,0.002,-0.002,-0.001,-158.310,-261.020,331.780,-173.400,-3.260,-115.800,1,-0.0033,-0.0016,0.0073,0,-18.220,-2.990,4.600
11012734,0.107,0.141,-0.007,0.002,-0.002,-0.000,-158.310,-261.020,331.780,-173.400,-3.260,-115.800,1,-0.0033,-0.0016,0.0073,0,-18.350,-2.980,4.970
11012812,0.088,0.161,-0.008,0.003,-0.001,0.000,-158.310,-261.020,331.780,-173.400,-3.260,-115.800,1,-0.0033,-0.0016,0.0073,0,-18.350,-2.940,4.930
11012953,0.079,0.162,0.007,0.003,-0.002,0.001,-158.310,-261.020,331.780,-173.400,-3.260,-115.800,1,-0.0033,-0.0016,0.0073,0,-18.320,-2.960,4.970
11013046,0.098,0.144,0.070,0.002,-0.002,-0.001,-158.310,-261.020,331.780,-173.400,-3.260,-115.800,1,-0.0033,-0.0016,0.0073,0,-18.410,-2.910,4.640
11013156,0.085,0.152,0.034,0.003,-0.002,-0.000,-158.310,-261.020,331.780,-173.400,-3.260,-115.800,1,-0.0033,-0.0016,0.0073,0,-18.350,-2.930,5.050
11013234,0.067,0.163,-0.011,0.004,-0.001,0.002,-158.310,-261.020,331.780,-173.400,-3.260,-115.800,1,-0.0033,-0.0016,0.0073,0,-18.290,-2.980,5.090
11013328,0.084,0.144,0.014,0.003,-0.001,-0.001,-158.310,-261.020,331.780,-173.400,-3.260,-115.800,1,-0.0033,-0.0016,0.0073,0,-18.330,-2.950,4.990
11013406,0.089,0.146,0.034,0.003,-0.002,-0.000,-158.310,-261.020,331.780,-173.400,-3.260,-115.800,1,-0.0033,-0.0016,0.0073,0,-18.410,-2.900,4.630
11013484,0.087,0.145,0.027,0.002,-0.002,-0.000,-158.310,-261.020,331.780,-173.400,-3.260,-115.800,1,-0.0033,-0.0016,0.0073,0,-18.390,-2.890,4.640
11013593,0.091,0.154,0.035,0.003,-0.002,-0.001,-158.310,-261.020,331.780,-173.400,-3.260,-115.800,1,-0.0033,-0.0016,0.0073,0,-18.330,-2.960,4.950
11013703,0.102,0.160,0.016,0.003,-0.002,-0.001,-158.310,-261.020,331.780,-173.400,-3.260,-115.800,1,-0.0033,-0.0016,0.0073,0,-18.380,-2.890,4.590
11013843,0.095,0.153,-0.005,0.003,-0.002,0.000,-158.310,-261.020,331.780,-173.400,-3.260,-115.800,1,-0.0033,-0.0016,0.0073,0,-18.350,-2.880,4.950
11013890,0.086,0.152,0.030,0.003,-0.002,-0.000,-158.310,-261.020,331.780,-173.400,-3.260,-115.800,1,-0.0033,-0.0016,0.0073,0,-18.350,-2.960,4.970
11013937,0.090,0.141,0.045,0.003,-0.002,-0.001,-158.310,-261.020,331.780,-173.400,-3.260,-115.800,1,-0.0033,-0.0016,0.0073,0,-18.340,-2.950,4.940
11014015,0.082,0.155,-0.006,0.003,-0.002,0.002,-158.310,-261.020,331.780,-173.400,-3.260,-115.800,1,-0.0033,-0.0016,0.0073,0,-18.340,-2.950,4.970
11014156,0.071,0.160,0.005,0.004,-0.001,0.001,-158.310,-261.020,331.780,-173.400,-3.260,-115.800,1,-0.0033,-0.0016,0.0073,0,-18.370,-2.920,4.750
11014250,0.093,0.147,0.021,0.003,-0.002,-0.001,-158.310,-261.020,331.780,-173.400,-3.260,-115.800,1,-0.0033,-0.0016,0.0073,0,-18.350,-2.920,4.930
11014359,0.089,0.154,-0.006,0.003,-0.002,0.001,-158.310,-261.020,331.780,-173.400,-3.260,-115.800,1,-0.0033,-0.0016,0.0073,0,-18.380,-2.930,5.030
11014437,0.094,0.172,-0.042,0.004,-0.002,0.002,-158.310,-261.020,331.780,-173.400,-3.260,-115.800,1,-0.0033,-0.0016,0.0073,0,-18.420,-2.930,4.920
11014531,0.100,0.149,0.030,0.003,-0.002,-0.000,-158.310,-261.020,331.780,-173.400,-3.260,-115.800,1,-0.0033,-0.0016,0.0073,0,-18.380,-2.870,4.660
11014609,0.089,0.165,-0.002,0.004,-0.002,0.002,-158.310,-261.020,331.780,-173.400,-3.260,-115.800,1,-0.0033,-0.0016,0.0073,0,-18.340,-2.950,4.980
11014687,0.112,0.127,0.078,0.003,-0.003,-0.002,-158.310,-261.020,331.780,-173.400,-3.260,-115.800,1,-0.0033,-0.0016,0.0073,0,-18.400,-2.920,4.630
11014796,0.082,0.153,0.001,0.003,-0.002,0.001,-158.310,-261.020,331.780,-173.400,-3.260,-115.800,1,-0.0033,-0.0016,0.0073,0,-18.240,-3.030,5.020
11014906,0.092,0.143,-0.003,0.003,-0.002,0.001,-158.310,-261.020,331.780,-173.400,-3.260,-115.800,1,-0.0033,-0.0016,0.0073,0,-18.360,-2.880,4.980
11015046,0.081,0.177,-0.003,0.004,-0.002,0.002,-158.310,-261.020,331.780,-173.400,-3.260,-115.800,1,-0.0033,-0.0016,0.0073,0,-18.340,-2.900,4.850
11015093,0.081,0.172,0.010,0.004,-0.002,0.002,-158.310,-261.020,331.780,-173.400,-3.260,-115.800,1,-0.0033,-0.0016,0.0073,0,-18.330,-2.910,4.860
11015140,0.094,0.166,0.016,0.003,-0.002,0.000,-158.310,-261.020,331.780,-173.400,-3.260,-115.800,1,-0.0033,-0.0016,0.0073,0,-18.270,-2.900,4.970
11015218,0.095,0.177,-0.022,0.004,-0.002,0.001,-158.310,-261.020,331.780,-173.400,-3.260,-115.800,1,-0.0033,-0.0016,0.0073,0,-18.340,-2.900,4.750
11015359,0.078,0.161,-0.012,0.004,-0.002,0.002,-158.310,-261.020,331.780,-173.400,-3.260,-115.800,1,-0.0033,-0.0016,0.0073,0,-18.380,-2.970,5.020
11015453,0.096,0.171,0.042,0.004,-0.002,-0.000,-158.310,-261.020,331.780,-173.400,-3.260,-115.800,1,-0.0033,-0.0016,0.0073,0,-18.310,-2.910,5.130
11015562,0.085,0.163,0.022,0.004,-0.002,0.001,-158.310,-261.020,331.780,-173.400,-3.260,-115.800,1,-0.0033,-0.0016,0.0073,0,-18.390,-2.870,4.710
11015640,0.090,0.160,0.016,0.004,-0.002,0.001,-158.310,-261.020,331.780,-173.400,-3.260,-115.800,1,-0.0033,-0.0016,0.0073,0,-18.330,-2.910,4.920
11015734,0.084,0.163,0.005,0.004,-0.002,0.001,-158.310,-261.020,331.780,-173.400,-3.260,-115.800,1,-0.0033,-0.0016,0.0073,0,-18.330,-2.940,4.960
11015812,0.095,0.158,0.019,0.003,-0.002,0.000,-158.310,-261.020,331.780,-173.400,-3.260,-115.800,1,-0.0033,-0.0016,0.0073,0,-18.330,-2.940,4.980
11015890,0.085,0.161,0.011,0.004,-0.002,0.001,-158.310,-261.020,331.780,-173.400,-3.260,-115.800,1,-0.0033,-0.0016,0.0073,0,-18.380,-2.880,4.630
11016000,0.087,0.165,0.015,0.004,-0.002,0.001,-158.310,-261.020,331.780,-173.400,-3.260,-115.800,1,-0.0033,-0.0016,0.0073,0,-18.360,-2.980,5.110
11016109,0.077,0.158,0.022,0.003,-0.002,0.001,-158.310,-261.020,331.780,-173.400,-3.260,-115.800,1,-0.0033,-0.0016,0.0073,0,-18.360,-2.910,4.730
11016250,0.094,0.190,-0.036,0.004,-0.002,0.003,-158.310,-261.020,331.780,-173.400,-3.260,-115.800,1,-0.0033,-0.0016,0.0073,0,-18.370,-2.950,4.710
11016296,0.090,0.167,0.010,0.003,-0.002,0.000,-158.310,-261.020,331.780,-173.400,-3.260,-115.800,1,-0.0033,-0.0016,0.0073,0,-18.310,-2.950,4.910
11016343,0.090,0.154,0.027,0.003,-0.002,-0.000,-158.310,-261.020,331.780,-173.400,-3.260,-115.800,1,-0.0033,-0.0016,0.0073,0,-18.400,-2.880,4.640
11016421,0.090,0.155,0.004,0.003,-0.002,0.000,-158.310,-261.020,331.780,-173.400,-3.260,-115.800,1,-0.0033,-0.0016,0.0073,0,-18.340,-2.920,5.050
11016562,0.092,0.161,0.031,0.003,-0.002,0.000,-158.310,-261.020,331.780,-173.400,-3.260,-115.800,1,-0.0033,-0.0016,0.0073,0,-18.430,-2.860,4.660
11016656,0.098,0.151,0.035,0.003,-0.002,-0.001,-158.310,-261.020,331.780,-173.400,-3.260,-115.800,1,-0.0033,-0.0016,0.0073,0,-18.320,-2.950,5.100
11016765,0.069,0.171,0.021,0.004,-0.001,0.001,-158.310,-261.020,331.780,-173.400,-3.260,-115.800,1,-0.0033,-0.0016,0.0073,0,-18.430,-2.880,4.740
11016843,0.085,0.168,0.019,0.004,-0.002,0.001,-158.310,-261.020,331.780,-173.400,-3.260,-115.800,1,-0.0033,-0.0016,0.0073,0,-18.350,-2.900,4.690
11016937,0.086,0.151,0.025,0.003,-0.002,-0.000,-158.310,-261.020,331.780,-173.400,-3.260,-115.800,1,-0.0033,-0.0016,0.0073,0,-18.290,-2.930,4.920
11017031,0.063,0.157,0.026,0.003,-0.001,0.000,-158.310,-261.020,331.780,-173.400,-3.260,-115.800,1,-0.0033,-0.0016,0.0073,0,-18.320,-2.940,4.920
11017109,0.077,0.155,0.018,0.003,-0.002,0.000,-158.310,-261.020,331.780,-173.400,-3.260,-115.800,1,-0.0033,-0.0016,0.0073,0,-18.300,-2.910,5.120
11017218,0.082,0.167,0.019,0.003,-0.002,0.000,-158.310,-261.020,331.780,-173.400,-3.260,-115.800,1,-0.0033,-0.0016,0.0073,0,-18.370,-2.900,4.770
11017328,0.084,0.160,0.017,0.003,-0.001,0.001,-158.310,-261.020,331.780,-173.400,-3.260,-115.800,1,-0.0033,-0.0016,0.0073,0,-18.390,-2.900,4.730
11017468,0.089,0.166,-0.005,0.003,-0.002,0.000,-158.310,-261.020,331.780,-173.400,-3.260,-115.800,1,-0.0033,-0.0016,0.0073,0,-18.280,-2.980,5.070
11017515,0.080,0.157,-0.003,0.003,-0.002,0.001,-158.310,-261.020,331.780,-173.400,-3.260,-115.800,1,-0.0033,-0.0016,0.0073,0,-18.330,-2.960,4.940
11017562,0.084,0.154,0.024,0.003,-0.002,0.001,-158.310,-261.020,331.780,-173.400,-3.260,-115.800,1,-0.0033,-0.0016,0.0073,0,-18.320,-3.000,5.140
11017640,0.067,0.147,0.036,0.003,-0.001,0.001,-158.310,-261.020,331.780,-173.400,-3.260,-115.800,1,-0.0033,-0.0016,0.0073,0,-18.400,-2.900,4.650
11017781,0.067,0.141,0.028,0.003,-0.001,0.001,-158.310,-261.020,331.780,-173.400,-3.260,-115.800,1,-0.0033,-0.0016,0.0073,0,-18.410,-2.900,4.650
11017859,0.071,0.143,0.011,0.003,-0.002,0.000,-158.310,-261.020,331.780,-173.400,-3.260,-115.800,1,-0.0033,-0.0016,0.0073,0,-18.330,-2.850,4.860
11017906,0.082,0.153,0.023,0.003,-0.002,-0.000,-158.310,-261.020,331.780,-173.400,-3.260,-115.800,1,-0.0033,-0.0016,0.0073,0,-18.360,-2.910,4.810
11017984,0.081,0.166,0.014,0.003,-0.002,0.001,-158.310,-261.020,331.780,-173.400,-3.260,-115.800,1,-0.0033,-0.0016,0.0073,0,-18.390,-2.940,4.700
11018078,0.080,0.165,0.016,0.003,-0.002,0.001,-158.310,-261.020,331.780,-173.400,-3.260,-115.800,1,-0.0033,-0.0016,0.0073,0,-18.440,-2.870,4.760
11018140,0.074,0.168,0.053,0.004,-0.002,0.001,-158.310,-261.020,331.780,-173.400,-3.260,-115.800,1,-0.0033,-0.0016,0.0073,0,-18.300,-2.980,5.130
11018234,0.095,0.137,0.077,0.002,-0.002,-0.003,-158.310,-261.020,331.780,-173.400,-3.260,-115.800,1,-0.0033,-0.0016,0.0073,0,-18.420,-2.900,4.850
11018328,0.094,0.148,0.016,0.002,-0.002,-0.001,-158.310,-261.020,331.780,-173.400,-3.260,-115.800,1,-0.0033,-0.0016,0.0073,0,-18.310,-2.950,4.930
11018437,0.092,0.161,0.016,0.003,-0.002,-0.000,-158.310,-261.020,331.780,-173.400,-3.260,-115.800,1,-0.0033,-0.0016,0.0073,0,-18.330,-2.980,4.900
11018515,0.072,0.152,0.034,0.003,-0.001,-0.000,-158.310,-261.020,331.780,-173.400,-3.260,-115.800,1,-0.0033,-0.0016,0.0073,0,-18.220,-2.940,5.080
11018656,0.082,0.155,0.044,0.003,-0.002,-0.001,-158.310,-261.020,331.780,-173.400,-3.260,-115.800,1,-0.0033,-0.0016,0.0073,0,-18.350,-2.950,4.980
11018718,0.082,0.152,0.040,0.003,-0.002,-0.001,-158.310,-261.020,331.780,-173.400,-3.260,-115.800,1,-0.0033,-0.0016,0.0073,0,-18.380,-2.850,4.860
11018765,0.086,0.160,0.031,0.003,-0.002,-0.000,-158.310,-261.020,331.780,-173.400,-3.260,-115.800,1,-0.0033,-0.0016,0.0073,0,-18.310,-3.060,4.650
11018828,0.082,0.145,-0.029,0.003,-0.001,0.001,-158.310,-261.020,331.780,-173.400,-3.260,-115.800,1,-0.0033,-0.0016,0.0073,0,-18.330,-2.950,4.930
11018968,0.087,0.147,0.033,0.003,-0.002,-0.000,-158.310,-261.020,331.780,-173.400,-3.260,-115.800,1,-0.0033,-0.0016,0.0073,0,-18.310,-2.970,4.760
11019062,0.088,0.136,0.037,0.002,-0.002,-0.001,-158.310,-261.020,331.780,-173.400,-3.260,-115.800,1,-0.0033,-0.0016,0.0073,0,-18.260,-3.030,5.050
11019171,0.089,0.138,0.029,0.003,-0.002,-0.000,-158.310,-261.020,331.780,-173.400,-3.260,-115.800,1,-0.0033,-0.0016,0.0073,0,-18.330,-2.940,4.960
11019250,0.098,0.146,0.041,0.003,-0.002,-0.001,-158.310,-261.020,331.780,-173.400,-3.260,-115.800,1,-0.0033,-0.0016,0.0073,0,-18.300,-2.960,4.790
11019343,0.104,0.149,0.028,0.003,-0.002,0.000,-158.310,-261.020,331.780,-173.400,-3.260,-115.800,1,-0.0033,-0.0016,0.0073,0,-18.400,-2.910,4.970
11019421,0.097,0.157,0.002,0.003,-0.002,0.001,-158.310,-261.020,331.780,-173.400,-3.260,-115.800,1,-0.0033,-0.0016,0.0073,0,-18.350,-2.870,4.800
11019500,0.090,0.149,0.025,0.003,-0.002,-0.001,-158.310,-261.020,331.780,-173.400,-3.260,-115.800,1,-0.0033,-0.0016,0.0073,0,-18.400,-2.900,4.650
11019609,0.078,0.156,-0.020,0.003,-0.002,0.001,-158.310,-261.020,331.780,-173.400,-3.260,-115.800,1,-0.0033,-0.0016,0.0073,0,-18.380,-2.910,4.640
11019718,0.094,0.143,0.045,0.003,-0.002,-0.001,-158.310,-261.020,331.780,-173.400,-3.260,-115.800,1,-0.0033,-0.0016,0.0073,0,-18.280,-2.960,4.980
11019859,0.089,0.156,0.009,0.003,-0.002,-0.000,-158.310,-261.020,331.780,-173.400,-3.260,-115.800,1,-0.0033,-0.0016,0.0073,0,-18.280,-2.960,4.980
11019921,0.082,0.160,-0.012,0.003,-0.002,0.001,-158.310,-261.020,331.780,-173.400,-3.260,-115.800,1,-0.0033,-0.0016,0.0073,0,-18.350,-2.880,4.650
11019968,0.090,0.159,0.016,0.003,-0.002,-0.000,-158.310,-261.020,331.780,-173.400,-3.260,-115.800,1,-0.0033,-0.0016,0.0073,0,-18.260,-2.950,5.020
11020046,0.095,0.156,0.029,0.003,-0.002,-0.000,-158.310,-261.020,331.780,-173.400,-3.260,-115.800,1,-0.0033,-0.0016,0.0073,0,-18.280,-2.960,4.990
11020187,0.106,0.165,0.035,0.003,-0.002,-0.000,-158.310,-261.020,331.780,-173.400,-3.260,-115.800,1,-0.0033,-0.0016,0.0073,0,-18.350,-2.970,4.970
11020281,0.089,0.168,0.057,0.004,-0.002,-0.000,-158.310,-261.020,331.780,-173.400,-3.260,-115.800,1,-0.0033,-0.0016,0.0073,0,-18.290,-3.020,5.010
11020390,0.083,0.140,0.002,0.003,-0.002,0.001,-158.310,-261.020,331.780,-173.400,-3.260,-115.800,1,-0.0033,-0.0016,0.0073,0,-18.350,-2.910,4.970
11020468,0.078,0.148,-0.023,0.003,-0.002,0.001,-158.310,-261.020,331.780,-173.400,-3.260,-115.800,1,-0.0033,-0.0016,0.0073,0,-18.400,-2.890,4.600
11020546,0.069,0.174,-0.013,0.004,-0.001,0.002,-158.310,-261.020,331.780,-173.400,-3.260,-115.800,1,-0.0033,-0.0016,0.0073,0,-18.360,-2.910,5.000
11020640,0.086,0.157,-0.003,0.004,-0.002,0.002,-158.310,-261.020,331.780,-173.400,-3.260,-115.800,1,-0.0033,-0.0016,0.0073,0,-18.330,-2.950,4.940
11020718,0.080,0.165,0.012,0.004,-0.002,0.001,-158.310,-261.020,331.780,-173.400,-3.260,-115.800,1,-0.0033,-0.0016,0.0073,0,-18.340,-2.980,4.870
11020828,0.078,0.163,-0.018,0.004,-0.001,0.001,-158.310,-261.020,331.780,-173.400,-3.260,-115.800,1,-0.0033,-0.0016,0.0073,0,-18.310,-2.930,4.920
11020921,0.124,0.153,0.033,0.003,-0.002,-0.001,-158.310,-261.020,331.780,-173.400,-3.260,-115.800,1,-0.0033,-0.0016,0.0073,0,-18.270,-2.900,4.740
11021062,0.068,0.148,0.011,0.003,-0.002,0.001,-158.310,-261.020,331.780,-173.400,-3.260,-115.800,1,-0.0033,-0.0016,0.0073,0,-18.300,-3.030,4.850
11021109,0.087,0.128,0.018,0.002,-0.002,-0.000,-158.310,-261.020,331.780,-173.400,-3.260,-115.800,1,-0.0033,-0.0016,0.0073,0,-18.360,-2.850,4.970
11021156,0.087,0.149,0.015,0.003,-0.002,0.000,-158.310,-261.020,331.780,-173.400,-3.260,-115.800,1,-0.0033,-0.0016,0.0073,0,-18.370,-2.940,4.760
11021234,0.080,0.165,0.015,0.003,-0.002,0.000,-158.310,-261.020,331.780,-173.400,-3.260,-115.800,1,-0.0033,-0.0016,0.0073,0,-18.400,-2.890,4.610
11021375,0.081,0.166,-0.024,0.004,-0.001,0.002,-158.310,-261.020,331.780,-173.400,-3.260,-115.800,1,-0.0033,-0.0016,0.0073,0,-18.330,-2.950,4.690
11021468,0.076,0.149,0.027,0.003,-0.001,0.001,-158.310,-261.020,331.780,-173.400,-3.260,-115.800,1,-0.0033,-0.0016,0.0073,0,-18.350,-2.900,4.780
11021578,0.089,0.171,-0.008,0.003,-0.002,0.001,-158.310,-261.020,331.780,-173.400,-3.260,-115.800,1,-0.0033,-0.0016,0.0073,0,-18.430,-2.940,4.670
11021656,0.076,0.146,0.012,0.004,-0.001,0.001,-158.310,-261.020,331.780,-173.400,-3.260,-115.800,1,-0.0033,-0.0016,0.0073,0,-18.340,-2.860,4.760
11021750,0.082,0.160,0.007,0.003,-0.002,0.000,-158.310,-261.020,331.780,-173.400,-3.260,-115.800,1,-0.0033,-0.0016,0.0073,0,-18.340,-2.930,4.920
11021828,0.062,0.147,-0.004,0.004,-0.001,0.002,-158.310,-261.020,331.780,-173.400,-3.260,-115.800,1,-0.0033,-0.0016,0.0073,0,-18.280,-2.930,5.110
11021906,0.076,0.173,0.018,0.004,-0.002,0.002,-158.310,-261.020,331.780,-173.400,-3.260,-115.800,1,-0.0033,-0.0016,0.0073,0,-18.320,-2.910,5.100
11022015,0.082,0.156,0.022,0.003,-0.002,0.000,-158.310,-261.020,331.780,-173.400,-3.260,-115.800,1,-0.0033,-0.0016,0.0073,0,-18.380,-2.920,4.670
11022125,0.074,0.163,0.058,0.004,-0.002,0.002,-158.310,-261.020,331.780,-173.400,-3.260,-115.800,1,-0.0033,-0.0016,0.0073,0,-18.340,-2.960,4.970
11022265,0.086,0.159,0.043,0.004,-0.002,-0.000,-158.310,-261.020,331.780,-173.400,-3.260,-115.800,1,-0.0033,-0.0016,0.0073,0,-18.310,-2.960,4.850
11022312,0.075,0.158,-0.003,0.003,-0.002,0.001,-158.310,-261.020,331.780,-173.400,-3.260,-115.800,1,-0.0033,-0.0016,0.0073,0,-18.360,-2.910,4.750
11022359,0.076,0.154,0.002,0.003,-0.002,0.001,-158.310,-261.020,331.780,-173.400,-3.260,-115.800,1,-0.0033,-0.0016,0.0073,0,-18.330,-2.970,4.970
11022437,0.060,0.148,0.025,0.004,-0.001,0.001,-158.310,-261.020,331.780,-173.400,-3.260,-115.800,1,-0.0033,-0.0016,0.0073,0,-18.370,-2.920,4.780
11022578,0.045,0.145,0.036,0.003,-0.001,0.001,-158.310,-261.020,331.780,-173.400,-3.260,-115.800,1,-0.0033,-0.0016,0.0073,0,-18.350,-2.880,4.650
11022671,0.072,0.166,0.014,0.003,-0.001,0.001,-158.310,-261.020,331.780,-173.400,-3.260,-115.800,1,-0.0033,-0.0016,0.0073,0,-18.320,-2.910,5.070
11022781,0.079,0.159,0.012,0.003,-0.002,0.000,-158.310,-261.020,331.780,-173.400,-3.260,-115.800,1,-0.0033,-0.0016,0.0073,0,-18.350,-2.950,4.960
11022859,0.073,0.174,0.020,0.003,-0.001,0.001,-158.310,-261.020,331.780,-173.400,-3.260,-115.800,1,-0.0033,-0.0016,0.0073,0,-18.400,-2.860,4.830
11022953,0.068,0.165,0.008,0.003,-0.001,0.001,-158.310,-261.020,331.780,-173.400,-3.260,-115.800,1,-0.0033,-0.0016,0.0073,0,-18.430,-2.860,4.750
11023031,0.070,0.162,0.006,0.003,-0.002,0.001,-158.310,-261.020,331.780,-173.400,-3.260,-115.800,1,-0.0033,-0.0016,0.0073,0,-18.340,-2.950,4.920
11023109,0.067,0.158,0.034,0.003,-0.001,-0.000,-158.310,-261.020,331.780,-173.400,-3.260,-115.800,1,-0.0033,-0.0016,0.0073,0,-18.350,-2.930,4.940
11023218,0.059,0.156,0.017,0.004,-0.002,0.001,-158.310,-261.020,331.780,-173.400,-3.260,-115.800,1,-0.0033,-0.0016,0.0073,0,-18.390,-2.910,4.780
11023328,0.046,0.169,-0.017,0.004,-0.001,0.002,-158.310,-261.020,331.780,-173.400,-3.260,-115.800,1,-0.0033,-0.0016,0.0073,0,-18.260,-2.950,5.090
11023468,0.083,0.163,0.026,0.003,-0.002,0.001,-158.310,-261.020,331.780,-173.400,-3.260,-115.800,1,-0.0033,-0.0016,0.0073,0,-18.340,-2.920,4.930
11023515,0.075,0.160,0.025,0.003,-0.002,0.001,-158.310,-261.020,331.780,-173.400,-3.260,-115.800,1,-0.0033,-0.0016,0.0073,0,-18.380,-2.890,4.720
11023562,0.076,0.153,0.017,0.003,-0.002,0.001,-158.310,-261.020,331.780,-173.400,-3.260,-115.800,1,-0.0033,-0.0016,0.0073,0,-18.330,-2.960,4.900
11023640,0.075,0.156,-0.010,0.003,-0.002,0.001,-158.310,-261.020,331.780,-173.400,-3.260,-115.800,1,-0.0033,-0.0016,0.0073,0,-18.330,-2.940,4.930
11023781,0.084,0.152,0.033,0.003,-0.002,-0.000,-158.310,-261.020,331.780,-173.400,-3.260,-115.800,1,-0.0033,-0.0016,0.0073,0,-18.350,-2.950,4.890
11023875,0.078,0.152,0.004,0.003,-0.002,0.000,-158.310,-261.020,331.780,-173.400,-3.260,-115.800,1,-0.0033,-0.0016,0.0073,0,-18.340,-2.910,4.740
11023984,0.078,0.148,0.034,0.003,-0.002,-0.001,-158.310,-261.020,331.780,-173.400,-3.260,-115.800,1,-0.0033,-0.0016,0.0073,0,-18.340,-2.980,4.990
11024062,0.075,0.154,0.021,0.003,-0.002,0.000,-158.310,-261.020,331.780,-173.400,-3.260,-115.800,1,-0.0033,-0.0016,0.0073,0,-18.280,-2.960,5.130
11024156,0.082,0.156,0.024,0.003,-0.002,0.000,-158.310,-261.020,331.780,-173.400,-3.260,-115.800,1,-0.0033,-0.0016,0.0073,0,-18.410,-2.920,4.640
11024234,0.087,0.158,0.003,0.003,-0.002,0.000,-158.310,-261.020,331.780,-173.400,-3.260,-115.800,1,-0.0033,-0.0016,0.0073,0,-18.400,-2.860,4.790
11024312,0.090,0.160,0.029,0.003,-0.002,-0.001,-158.310,-261.020,331.780,-173.400,-3.260,-115.800,1,-0.0033,-0.0016,0.0073,0,-18.330,-2.930,4.940
11024437,0.077,0.154,0.011,0.003,-0.002,-0.000,-158.310,-261.020,331.780,-173.400,-3.260,-115.800,1,-0.0033,-0.0016,0.0073,0,-18.250,-3.000,5.120
11024546,0.077,0.151,0.019,0.003,-0.002,0.000,-158.310,-261.020,331.780,-173.400,-3.260,-115.800,1,-0.0033,-0.0016,0.0073,0,-18.280,-2.920,4.650
11024687,0.080,0.158,0.016,0.003,-0.002,-0.000,-158.310,-261.020,331.780,-173.400,-3.260,-115.800,1,-0.0033,-0.0016,0.0073,0,-18.370,-2.870,4.620
11024734,0.076,0.163,0.006,0.004,-0.002,0.001,-158.310,-261.020,331.780,-173.400,-3.260,-115.800,1,-0.0033,-0.0016,0.0073,0,-18.230,-2.970,5.020
11024781,0.092,0.163,-0.005,0.003,-0.002,0.001,-158.310,-261.020,331.780,-173.400,-3.260,-115.800,1,-0.0033,-0.0016,0.0073,0,-18.370,-2.880,4.640
11024859,0.095,0.169,-0.013,0.003,-0.002,0.001,-158.310,-261.020,331.780,-173.400,-3.260,-115.800,1,-0.0033,-0.0016,0.0073,0,-18.220,-2.970,5.040
11025000,0.087,0.159,0.008,0.003,-0.002,0.000,-158.310,-261.020,331.780,-173.400,-3.260,-115.800,1,-0.0033,-0.0016,0.0073,0,-18.270,-3.000,5.070
11025093,0.087,0.157,0.008,0.003,-0.002,0.001,-158.310,-261.020,331.780,-173.400,-3.260,-115.800,1,-0.0033,-0.0016,0.0073,0,-18.340,-2.920,4.930
11025187,0.090,0.158,0.032,0.003,-0.002,-0.001,-158.310,-261.020,331.780,-173.400,-3.260,-115.800,1,-0.0033,-0.0016,0.0073,0,-18.240,-3.000,5.010
11025281,0.087,0.174,-0.012,0.004,-0.002,0.001,-158.310,-261.020,331.780,-173.400,-3.260,-115.800,1,-0.0033,-0.0016,0.0073,0,-18.380,-2.870,4.930
11025375,0.088,0.192,-0.032,0.003,-0.002,0.001,-158.310,-261.020,331.780,-173.400,-3.260,-115.800,1,-0.0033,-0.0016,0.0073,0,-18.360,-2.930,4.780
11025453,0.092,0.189,-0.001,0.003,-0.003,0.000,-158.310,-261.020,331.780,-173.400,-3.260,-115.800,1,-0.0033,-0.0016,0.0073,0,-18.340,-2.940,4.950
11025515,0.099,0.174,0.035,0.003,-0.002,-0.001,-158.310,-261.020,331.780,-173.400,-3.260,-115.800,1,-0.0033,-0.0016,0.0073,0,-18.340,-2.950,4.960
11025625,0.099,0.192,0.002,0.004,-0.002,0.000,-158.310,-261.020,331.780,-173.400,-3.260,-115.800,1,-0.0033,-0.0016,0.0073,0,-18.230,-2.890,5.000
11025671,0.120,0.202,0.006,0.004,-0.003,-0.001,-158.310,-261.020,331.780,-173.400,-3.260,-115.800,1,-0.0033,-0.0016,0.0073,0,-18.340,-2.930,4.940
11025734,0.084,0.173,0.004,0.004,-0.002,0.000,-158.310,-261.020,331.780,-173.400,-3.260,-115.800,1,-0.0033,-0.0016,0.0073,0,-18.320,-2.930,4.920
11025875,0.076,0.181,-0.044,0.004,-0.001,0.002,-158.310,-261.020,331.780,-173.400,-3.260,-115.800,1,-0.0033,-0.0016,0.0073,0,-18.350,-2.920,4.940
11025921,0.077,0.186,-0.019,0.004,-0.001,0.002,-158.310,-261.020,331.780,-173.400,-3.260,-115.800,1,-0.0033,-0.0016,0.0073,0,-18.320,-2.920,4.950
11025968,0.088,0.181,0.025,0.003,-0.002,-0.000,-158.310,-261.020,331.780,-173.400,-3.260,-115.800,1,-0.0033,-0.0016,0.0073,0,-18.330,-2.910,5.030
11026046,0.098,0.186,-0.007,0.004,-0.002,0.001,-158.310,-261.020,331.780,-173.400,-3.260,-115.800,1,-0.0033,-0.0016,0.0073,0,-18.380,-2.900,4.970
11026187,0.103,0.181,0.009,0.003,-0.002,0.000,-158.310,-261.020,331.780,-173.400,-3.260,-115.800,1,-0.0033,-0.0016,0.0073,0,-18.390,-2.920,5.000
11026281,0.101,0.182,0.029,0.004,-0.002,-0.000,-158.310,-261.020,331.780,-173.400,-3.260,-115.800,1,-0.0033,-0.0016,0.0073,0,-18.280,-2.870,4.740
11026390,0.102,0.182,0.004,0.004,-0.002,0.001,-158.310,-261.020,331.780,-173.400,-3.260,-115.800,1,-0.0033,-0.0016,0.0073,0,-18.260,-2.880,4.810
11026468,0.081,0.177,0.026,0.004,-0.002,0.000,-158.310,-261.020,331.780,-173.400,-3.260,-115.800,1,-0.0033,-0.0016,0.0073,0,-18.370,-2.910,4.760
11026562,0.089,0.169,0.013,0.003,-0.002,0.000,-158.310,-261.020,331.780,-173.400,-3.260,-115.800,1,-0.0033,-0.0016,0.0073,0,-18.310,-2.940,4.950
11026640,0.093,0.164,-0.001,0.003,-0.002,0.001,-158.310,-261.020,331.780,-173.400,-3.260,-115.800,1,-0.0033,-0.0016,0.0073,0,-18.330,-2.930,4.950
11026718,0.089,0.176,0.013,0.004,-0.002,0.001,-158.310,-261.020,331.780,-173.400,-3.260,-115.800,1,-0.0033,-0.0016,0.0073,0,-18.320,-2.960,4.770
11026828,0.111,0.161,0.027,0.003,-0.002,-0.001,-158.310,-261.020,331.780,-173.400,-3.260,-115.800,1,-0.0033,-0.0016,0.0073,0,-18.370,-2.900,4.750
11026937,0.080,0.186,0.006,0.004,-0.002,0.001,-158.310,-261.020,331.780,-173.400,-3.260,-115.800,1,-0.0033,-0.0016,0.0073,0,-18.340,-2.890,4.710
11027093,0.057,0.187,0.034,0.005,-0.001,0.000,-158.310,-261.020,331.780,-173.400,-3.260,-115.800,1,-0.0033,-0.0016,0.0073,0,-18.320,-2.920,4.970
11027140,0.063,0.190,0.032,0.005,-0.001,0.000,-158.310,-261.020,331.780,-173.400,-3.260,-115.800,1,-0.0033,-0.0016,0.0073,0,-18.360,-2.870,4.820
11027187,0.098,0.182,0.037,0.004,-0.002,-0.000,-158.310,-261.020,331.780,-173.400,-3.260,-115.800,1,-0.0033,-0.0016,0.0073,0,-18.320,-2.880,4.730
11027250,0.088,0.197,0.002,0.004,-0.002,0.001,-158.310,-261.020,331.780,-173.400,-3.260,-115.800,1,-0.0033,-0.0016,0.0073,0,-18.420,-2.810,4.690
11027390,0.094,0.179,0.066,0.004,-0.002,-0.000,-158.310,-261.020,331.780,-173.400,-3.260,-115.800,1,-0.0033,-0.0016,0.0073,0,-18.400,-2.890,4.690
11027500,0.092,0.185,0.015,0.003,-0.002,-0.000,-158.310,-261.020,331.780,-173.400,-3.260,-115.800,1,-0.0033,-0.0016,0.0073,0,-18.310,-2.950,5.060
11027609,0.082,0.192,-0.008,0.005,-0.002,0.002,-158.310,-261.020,331.780,-173.400,-3.260,-115.800,1,-0.0033,-0.0016,0.0073,0,-18.360,-2.850,4.720
11027687,0.089,0.182,0.034,0.004,-0.002,0.000,-158.310,-261.020,331.780,-173.400,-3.260,-115.800,1,-0.0033,-0.0016,0.0073,0,-18.360,-2.880,4.680
11027781,0.086,0.187,-0.000,0.004,-0.002,0.001,-158.310,-261.020,331.780,-173.400,-3.260,-115.800,1,-0.0033,-0.0016,0.0073,0,-18.340,-2.980,5.160
11027859,0.085,0.185,-0.001,0.004,-0.002,0.001,-158.310,-261.020,331.780,-173.400,-3.260,-115.800,1,-0.0033,-0.0016,0.0073,0,-18.340,-2.980,5.080
11027937,0.057,0.166,0.036,0.004,-0.001,0.002,-158.310,-261.020,331.780,-173.400,-3.260,-115.800,1,-0.0033,-0.0016,0.0073,0,-18.330,-2.970,5.110
11028046,0.083,0.182,-0.009,0.003,-0.002,0.001,-158.310,-261.020,331.780,-173.400,-3.260,-115.800,1,-0.0033,-0.0016,0.0073,0,-18.350,-2.950,4.760
11028156,0.075,0.192,0.007,0.004,-0.002,0.001,-158.310,-261.020,331.780,-173.400,-3.260,-115.800,1,-0.0033,-0.0016,0.0073,0,-18.320,-2.880,5.000
11028296,0.083,0.189,0.031,0.004,-0.002,0.000,-158.310,-261.020,331.780,-173.400,-3.260,-115.800,1,-0.0033,-0.0016,0.0073,0,-18.290,-2.960,5.130
11028343,0.082,0.187,0.029,0.004,-0.002,0.000,-158.310,-261.020,331.780,-173.400,-3.260,-115.800,1,-0.0033,-0.0016,0.0073,0,-18.330,-2.900,4.720
11028390,0.080,0.190,0.027,0.004,-0.002,0.001,-158.310,-261.020,331.780,-173.400,-3.260,-115.800,1,-0.0033,-0.0016,0.0073,0,-18.430,-2.880,4.720
11028468,0.065,0.189,0.010,0.004,-0.002,0.002,-158.310,-261.020,331.780,-173.400,-3.260,-115.800,1,-0.0033,-0.0016,0.0073,0,-18.330,-2.940,4.970
11028609,0.090,0.183,0.014,0.004,-0.002,0.001,-158.310,-261.020,331.780,-173.400,-3.260,-115.800,1,-0.0033,-0.0016,0.0073,0,-18.380,-2.880,4.670
11028703,0.051,0.176,0.022,0.004,-0.001,0.001,-158.310,-261.020,331.780,-173.400,-3.260,-115.800,1,-0.0033,-0.0016,0.0073,0,-18.560,-2.900,4.690
11028812,0.056,0.185,0.027,0.004,-0.001,0.000,-158.310,-261.020,331.780,-173.400,-3.260,-115.800,1,-0.0033,-0.0016,0.0073,0,-18.230,-2.870,4.720
11028890,0.087,0.209,0.019,0.004,-0.002,0.001,-158.310,-261.020,331.780,-173.400,-3.260,-115.800,1,-0.0033,-0.0016,0.0073,0,-18.340,-2.920,4.910
11028984,0.077,0.204,0.026,0.004,-0.002,0.000,-158.310,-261.020,331.780,-173.400,-3.260,-115.800,1,-0.0033,-0.0016,0.0073,0,-18.380,-2.870,4.870
11029062,0.082,0.178,-0.007,0.003,-0.001,0.001,-158.310,-261.020,331.780,-173.400,-3.260,-115.800,1,-0.0033,-0.0016,0.0073,0,-18.410,-2.810,4.750
11029140,0.075,0.189,0.033,0.004,-0.001,0.000,-158.310,-261.020,331.780,-173.400,-3.260,-115.800,1,-0.0033,-0.0016,0.0073,0,-18.450,-2.820,4.700
11029250,0.088,0.173,0.006,0.003,-0.002,0.000,-158.310,-261.020,331.780,-173.400,-3.260,-115.800,1,-0.0033,-0.0016,0.0073,0,-18.310,-2.950,4.910
11029359,0.071,0.175,0.046,0.003,-0.001,-0.000,-158.310,-261.020,331.780,-173.400,-3.260,-115.800,1,-0.0033,-0.0016,0.0073,0,-18.390,-2.870,4.780
11029500,0.082,0.179,0.023,0.004,-0.002,0.000,-158.310,-261.020,331.780,-173.400,-3.260,-115.800,1,-0.0033,-0.0016,0.0073,0,-18.430,-2.920,4.760
11029546,0.080,0.175,0.033,0.004,-0.002,-0.000,-158.310,-261.020,331.780,-173.400,-3.260,-115.800,1,-0.0033,-0.0016,0.0073,0,-18.340,-2.930,4.970
11029593,0.077,0.174,0.030,0.004,-0.002,-0.000,-158.310,-261.020,331.780,-173.400,-3.260,-115.800,1,-0.0033,-0.0016,0.0073,0,-18.290,-2.950,5.120
11029671,0.083,0.183,0.013,0.003,-0.002,0.000,-158.310,-261.020,331.780,-173.400,-3.260,-115.800,1,-0.0033,-0.0016,0.0073,0,-18.330,-2.920,4.930
11029812,0.086,0.183,0.034,0.004,-0.002,-0.000,-158.310,-261.020,331.780,-173.400,-3.260,-115.800,1,-0.0033,-0.0016,0.0073,0,-18.400,-2.900,4.670
11029906,0.079,0.180,-0.001,0.003,-0.002,0.000,-158.310,-261.020,331.780,-173.400,-3.260,-115.800,1,-0.0033,-0.0016,0.0073,0,-18.340,-2.920,4.890
11030015,0.088,0.184,-0.001,0.004,-0.002,-0.000,-158.310,-261.020,331.780,-173.400,-3.260,-115.800,1,-0.0033,-0.0016,0.0073,0,-18.390,-2.890,4.860
11030093,0.079,0.179,0.028,0.004,-0.002,0.000,-158.310,-261.020,331.780,-173.400,-3.260,-115.800,1,-0.0033,-0.0016,0.0073,0,-18.270,-2.940,5.050
11030187,0.085,0.172,0.032,0.004,-0.001,-0.000,-158.310,-261.020,331.780,-173.400,-3.260,-115.800,1,-0.0033,-0.0016,0.0073,0,-18.370,-2.860,4.640
11030265,0.089,0.182,0.015,0.004,-0.002,0.000,-158.310,-261.020,331.780,-173.400,-3.260,-115.800,1,-0.0033,-0.0016,0.0073,0,-18.410,-2.900,4.770
11030343,0.085,0.184,0.023,0.003,-0.002,0.000,-158.310,-261.020,331.780,-173.400,-3.260,-115.800,1,-0.0033,-0.0016,0.0073,0,-18.320,-2.930,4.900
11030453,0.090,0.180,-0.006,0.004,-0.002,0.001,-158.310,-261.020,331.780,-173.400,-3.260,-115.800,1,-0.0033,-0.0016,0.0073,0,-18.350,-2.910,4.930
11030562,0.082,0.178,0.041,0.003,-0.002,-0.000,-158.310,-261.020,331.780,-173.400,-3.260,-115.800,1,-0.0033,-0.0016,0.0073,0,-18.350,-2.950,4.850
11030703,0.085,0.172,0.015,0.004,-0.002,0.000,-158.310,-261.020,331.780,-173.400,-3.260,-115.800,1,-0.0033,-0.0016,0.0073,0,-18.380,-2.900,4.640
11030750,0.091,0.173,0.000,0.003,-0.002,0.000,-158.310,-261.020,331.780,-173.400,-3.260,-115.800,1,-0.0033,-0.0016,0.0073,0,-18.350,-2.940,5.000
11030796,0.086,0.174,0.016,0.003,-0.002,0.000,-158.310,-261.020,331.780,-173.400,-3.260,-115.800,1,-0.0033,-0.0016,0.0073,0,-18.410,-2.880,4.760
11030875,0.094,0.161,0.055,0.003,-0.002,-0.001,-158.310,-261.020,331.780,-173.400,-3.260,-115.800,1,-0.0033,-0.0016,0.0073,0,-18.250,-2.950,4.990
11031015,0.081,0.180,0.053,0.004,-0.002,-0.000,-158.310,-261.020,331.780,-173.400,-3.260,-115.800,1,-0.0033,-0.0016,0.0073,0,-18.370,-2.880,4.640
11031109,0.102,0.174,0.035,0.003,-0.002,-0.000,-158.310,-261.020,331.780,-173.400,-3.260,-115.800,1,-0.0033,-0.0016,0.0073,0,-18.330,-2.960,5.010
11031218,0.095,0.196,0.006,0.004,-0.002,0.001,-158.310,-261.020,331.780,-173.400,-3.260,-115.800,1,-0.0033,-0.0016,0.0073,0,-18.320,-2.920,4.890
11031296,0.089,0.171,0.004,0.004,-0.002,0.001,-158.310,-261.020,331.780,-173.400,-3.260,-115.800,1,-0.0033,-0.0016,0.0073,0,-18.380,-2.840,5.000
11031390,0.102,0.163,0.025,0.003,-0.002,-0.000,-158.310,-261.020,331.780,-173.400,-3.260,-115.800,1,-0.0033,-0.0016,0.0073,0,-18.260,-3.010,5.090
11031468,0.107,0.157,0.018,0.003,-0.002,-0.001,-158.310,-261.020,331.780,-173.400,-3.260,-115.800,1,-0.0033,-0.0016,0.0073,0,-18.330,-2.940,4.990
11031546,0.089,0.188,-0.023,0.004,-0.002,0.001,-158.310,-261.020,331.780,-173.400,-3.260,-115.800,1,-0.0033,-0.0016,0.0073,0,-18.330,-2.940,4.950
11031656,0.094,0.184,0.010,0.003,-0.002,-0.001,-158.310,-261.020,331.780,-173.400,-3.260,-115.800,1,-0.0033,-0.0016,0.0073,0,-18.280,-2.890,4.920
11031765,0.109,0.187,0.031,0.004,-0.002,-0.001,-158.310,-261.020,331.780,-173.400,-3.260,-115.800,1,-0.0033,-0.0016,0.0073,0,-18.350,-2.920,4.930
11031906,0.101,0.185,0.034,0.003,-0.002,-0.001,-158.310,-261.020,331.780,-173.400,-3.260,-115.800,1,-0.0033,-0.0016,0.0073,0,-18.320,-2.940,4.990
11031953,0.109,0.188,0.032,0.004,-0.002,-0.000,-158.310,-261.020,331.780,-173.400,-3.260,-115.800,1,-0.0033,-0.0016,0.0073,0,-18.390,-2.940,4.890
11032000,0.096,0.199,-0.016,0.004,-0.002,0.001,-158.310,-261.020,331.780,-173.400,-3.260,-115.800,1,-0.0033,-0.0016,0.0073,0,-18.430,-2.950,4.550
11032078,0.089,0.174,0.011,0.004,-0.002,0.000,-158.310,-261.020,331.780,-173.400,-3.260,-115.800,1,-0.0033,-0.0016,0.0073,0,-18.310,-2.910,5.090
11032218,0.092,0.173,0.023,0.004,-0.002,0.000,-158.310,-261.020,331.780,-173.400,-3.260,-115.800,1,-0.0033,-0.0016,0.0073,0,-18.410,-2.850,4.670
11032312,0.076,0.190,-0.014,0.004,-0.001,0.002,-158.310,-261.020,331.780,-173.400,-3.260,-115.800,1,-0.0033,-0.0016,0.0073,0,-18.310,-2.900,4.920
11032437,0.082,0.183,0.013,0.004,-0.002,0.001,-158.310,-261.020,331.780,-173.400,-3.260,-115.800,1,-0.0033,-0.0016,0.0073,0,-18.320,-2.930,4.970
11032515,0.088,0.191,-0.001,0.004,-0.001,0.002,-158.310,-261.020,331.780,-173.400,-3.260,-115.800,1,-0.0033,-0.0016,0.0073,0,-18.330,-2.900,4.960
11032593,0.102,0.182,0.036,0.003,-0.002,-0.001,-158.310,-261.020,331.780,-173.400,-3.260,-115.800,1,-0.0033,-0.0016,0.0073,0,-18.310,-2.920,4.930
11032687,0.102,0.183,0.025,0.004,-0.002,-0.000,-158.310,-261.020,331.780,-173.400,-3.260,-115.800,1,-0.0033,-0.0016,0.0073,0,-18.370,-2.870,4.640
11032765,0.062,0.182,-0.017,0.004,-0.002,0.002,-158.310,-261.020,331.780,-173.400,-3.260,-115.800,1,-0.0033,-0.0016,0.0073,0,-18.430,-2.880,4.670
11032875,0.087,0.182,0.043,0.004,-0.002,-0.001,-158.310,-261.020,331.780,-173.400,-3.260,-115.800,1,-0.0033,-0.0016,0.0073,0,-18.340,-2.910,4.940
11032968,0.086,0.177,0.024,0.004,-0.002,0.000,-158.310,-261.020,331.780,-173.400,-3.260,-115.800,1,-0.0033,-0.0016,0.0073,0,-18.440,-2.830,4.640
11033109,0.080,0.204,0.000,0.005,-0.001,0.002,-158.310,-261.020,331.780,-173.400,-3.260,-115.800,1,-0.0033,-0.0016,0.0073,0,-18.300,-2.940,4.720
11033156,0.092,0.189,0.008,0.004,-0.002,0.001,-158.310,-261.020,331.780,-173.400,-3.260,-115.800,1,-0.0033,-0.0016,0.0073,0,-18.290,-2.930,4.940
11033203,0.098,0.172,0.027,0.004,-0.002,-0.000,-158.310,-261.020,331.780,-173.400,-3.260,-115.800,1,-0.0033,-0.0016,0.0073,0,-18.430,-2.830,4.670
11033281,0.072,0.192,0.018,0.004,-0.002,0.001,-158.310,-261.020,331.780,-173.400,-3.260,-115.800,1,-0.0033,-0.0016,0.0073,0,-18.280,-2.940,4.980
11033421,0.063,0.192,0.019,0.004,-0.001,0.000,-158.310,-261.020,331.780,-173.400,-3.260,-115.800,1,-0.0033,-0.0016,0.0073,0,-18.380,-2.860,4.780
11033515,0.076,0.187,0.007,0.004,-0.001,0.001,-158.310,-261.020,331.780,-173.400,-3.260,-115.800,1,-0.0033,-0.0016,0.0073,0,-18.340,-2.920,4.960
11033625,0.083,0.197,0.019,0.005,-0.002,0.001,-158.310,-261.020,331.780,-173.400,-3.260,-115.800,1,-0.0033,-0.0016,0.0073,0,-18.390,-2.890,4.690
11033703,0.084,0.194,-0.003,0.004,-0.002,0.001,-158.310,-261.020,331.780,-173.400,-3.260,-115.800,1,-0.0033,-0.0016,0.0073,0,-18.300,-2.900,5.140
11033796,0.081,0.195,0.009,0.004,-0.002,0.001,-158.310,-261.020,331.780,-173.400,-3.260,-115.800,1,-0.0033,-0.0016,0.0073,0,-18.290,-2.940,5.130
11033875,0.081,0.185,0.028,0.004,-0.002,0.000,-158.310,-261.020,331.780,-173.400,-3.260,-115.800,1,-0.0033,-0.0016,0.0073,0,-18.320,-2.940,5.120
11033953,0.080,0.188,0.026,0.004,-0.002,0.001,-158.310,-261.020,331.780,-173.400,-3.260,-115.800,1,-0.0033,-0.0016,0.0073,0,-18.330,-2.920,4.950
11034062,0.086,0.182,0.031,0.004,-0.002,-0.001,-158.310,-261.020,331.780,-173.400,-3.260,-115.800,1,-0.0033,-0.0016,0.0073,0,-18.320,-2.950,5.060
11034171,0.070,0.183,0.004,0.004,-0.002,0.001,-158.310,-261.020,331.780,-173.400,-3.260,-115.800,1,-0.0033,-0.0016,0.0073,0,-18.320,-2.930,4.940
11034312,0.084,0.185,0.009,0.004,-0.002,0.001,-158.310,-261.020,331.780,-173.400,-3.260,-115.800,1,-0.0033,-0.0016,0.0073,0,-18.260,-2.830,4.770
11034359,0.095,0.199,0.012,0.004,-0.002,0.001,-158.310,-261.020,331.780,-173.400,-3.260,-115.800,1,-0.0033,-0.0016,0.0073,0,-18.280,-2.910,5.110
11034406,0.087,0.197,0.020,0.004,-0.002,0.001,-158.310,-261.020,331.780,-173.400,-3.260,-115.800,1,-0.0033,-0.0016,0.0073,0,-18.410,-2.820,4.790
11034484,0.070,0.209,0.009,0.005,-0.001,0.002,-158.310,-261.020,331.780,-173.400,-3.260,-115.800,1,-0.0033,-0.0016,0.0073,0,-18.340,-2.920,4.920
11034625,0.076,0.199,-0.004,0.004,-0.001,0.001,-158.310,-261.020,331.780,-173.400,-3.260,-115.800,1,-0.0033,-0.0016,0.0073,0,-18.310,-2.910,5.130
11034718,0.074,0.205,0.020,0.005,-0.001,0.001,-158.310,-261.020,331.780,-173.400,-3.260,-115.800,1,-0.0033,-0.0016,0.0073,0,-18.300,-2.960,5.090
11034828,0.081,0.188,0.008,0.004,-0.002,0.000,-158.310,-261.020,331.780,-173.400,-3.260,-115.800,1,-0.0033,-0.0016,0.0073,0,-18.340,-2.910,4.930
11034906,0.069,0.191,0.009,0.004,-0.001,0.001,-158.310,-261.020,331.780,-173.400,-3.260,-115.800,1,-0.0033,-0.0016,0.0073,0,-18.430,-2.860,4.800
11035000,0.063,0.185,0.041,0.004,-0.002,-0.000,-158.310,-261.020,331.780,-173.400,-3.260,-115.800,1,-0.0033,-0.0016,0.0073,0,-18.370,-2.860,4.760
11035078,0.061,0.183,0.021,0.004,-0.001,0.000,-158.310,-261.020,331.780,-173.400,-3.260,-115.800,1,-0.0033,-0.0016,0.0073,0,-18.440,-2.870,4.780
11035156,0.083,0.181,0.040,0.004,-0.002,-0.001,-158.310,-261.020,331.780,-173.400,-3.260,-115.800,1,-0.0033,-0.0016,0.0073,0,-18.260,-2.970,5.090
11035265,0.086,0.198,0.030,0.004,-0.002,0.000,-158.310,-261.020,331.780,-173.400,-3.260,-115.800,1,-0.0033,-0.0016,0.0073,0,-18.340,-2.950,4.920
11035375,0.079,0.196,0.034,0.004,-0.001,0.000,-158.310,-261.020,331.780,-173.400,-3.260,-115.800,1,-0.0033,-0.0016,0.0073,0,-18.350,-2.910,4.940
11035515,0.081,0.186,0.012,0.004,-0.002,0.000,-158.310,-261.020,331.780,-173.400,-3.260,-115.800,1,-0.0033,-0.0016,0.0073,0,-18.340,-2.900,4.980
11035562,0.067,0.193,0.034,0.004,-0.001,-0.000,-158.310,-261.020,331.780,-173.400,-3.260,-115.800,1,-0.0033,-0.0016,0.0073,0,-18.380,-2.840,4.810
11035609,0.085,0.189,0.010,0.004,-0.002,0.001,-158.310,-261.020,331.780,-173.400,-3.260,-115.800,1,-0.0033,-0.0016,0.0073,0,-18.330,-2.910,4.920
11035687,0.092,0.192,-0.001,0.004,-0.002,0.001,-158.310,-261.020,331.780,-173.400,-3.260,-115.800,1,-0.0033,-0.0016,0.0073,0,-18.390,-2.870,4.680
11035828,0.095,0.196,-0.003,0.004,-0.002,0.001,-158.310,-261.020,331.780,-173.400,-3.260,-115.800,1,-0.0033,-0.0016,0.0073,0,-18.330,-2.920,4.960
11035921,0.086,0.195,0.003,0.004,-0.002,0.001,-158.310,-261.020,331.780,-173.400,-3.260,-115.800,1,-0.0033,-0.0016,0.0073,0,-18.370,-2.840,4.770
11036031,0.089,0.190,0.051,0.004,-0.002,-0.001,-158.310,-261.020,331.780,-173.400,-3.260,-115.800,1,-0.0033,-0.0016,0.0073,0,-18.330,-2.900,4.920
11036109,0.095,0.181,0.042,0.003,-0.002,-0.002,-158.310,-261.020,331.780,-173.400,-3.260,-115.800,1,-0.0033,-0.0016,0.0073,0,-18.320,-2.900,4.940
11036203,0.095,0.184,0.011,0.003,-0.002,-0.000,-158.310,-261.020,331.780,-173.400,-3.260,-115.800,1,-0.0033,-0.0016,0.0073,0,-18.380,-2.870,4.740
11036281,0.082,0.190,0.017,0.004,-0.002,0.000,-158.310,-261.020,331.780,-173.400,-3.260,-115.800,1,-0.0033,-0.0016,0.0073,0,-18.380,-2.890,4.860
11036359,0.086,0.186,0.010,0.004,-0.002,0.001,-158.310,-261.020,331.780,-173.400,-3.260,-115.800,1,-0.0033,-0.0016,0.0073,0,-18.400,-2.880,4.780
11036468,0.088,0.185,0.052,0.004,-0.002,-0.001,-158.310,-261.020,331.780,-173.400,-3.260,-115.800,1,-0.0033,-0.0016,0.0073,0,-18.340,-2.910,4.980
11036578,0.086,0.186,0.039,0.004,-0.002,-0.001,-158.310,-261.020,331.780,-173.400,-3.260,-115.800,1,-0.0033,-0.0016,0.0073,0,-18.380,-2.900,4.850
11036718,0.100,0.178,0.037,0.003,-0.002,-0.001,-158.310,-261.020,331.780,-173.400,-3.260,-115.800,1,-0.0033,-0.0016,0.0073,0,-18.400,-2.890,4.640
11036765,0.093,0.176,0.024,0.003,-0.002,-0.000,-158.310,-261.020,331.780,-173.400,-3.260,-115.800,1,-0.0033,-0.0016,0.0073,0,-18.320,-2.920,4.870
11036812,0.095,0.191,0.034,0.003,-0.002,-0.001,-158.310,-261.020,331.780,-173.400,-3.260,-115.800,1,-0.0033,-0.0016,0.0073,0,-18.250,-2.970,5.000
11036890,0.088,0.185,-0.014,0.004,-0.002,0.001,-158.310,-261.020,331.780,-173.400,-3.260,-115.800,1,-0.0033,-0.0016,0.0073,0,-18.280,-2.950,5.130
11037031,0.099,0.187,0.015,0.004,-0.002,-0.000,-158.310,-261.020,331.780,-173.400,-3.260,-115.800,1,-0.0033,-0.0016,0.0073,0,-18.270,-2.950,5.090
11037125,0.100,0.173,0.053,0.003,-0.002,-0.002,-158.310,-261.020,331.780,-173.400,-3.260,-115.800,1,-0.0033,-0.0016,0.0073,0,-18.320,-2.930,4.940
11037171,0.093,0.185,0.005,0.004,-0.002,0.001,-158.310,-261.020,331.780,-173.400,-3.260,-115.800,1,-0.0033,-0.0016,0.0073,0,-18.360,-2.870,4.650
11037234,0.084,0.194,-0.013,0.004,-0.002,0.001,-158.310,-261.020,331.780,-173.400,-3.260,-115.800,1,-0.0033,-0.0016,0.0073,0,-18.380,-2.870,4.950
11037328,0.103,0.187,0.008,0.004,-0.002,0.001,-158.310,-261.020,331.780,-173.400,-3.260,-115.800,1,-0.0033,-0.0016,0.0073,0,-18.400,-2.900,4.840
11037421,0.100,0.175,0.043,0.003,-0.002,-0.001,-158.310,-261.020,331.780,-173.400,-3.260,-115.800,1,-0.0033,-0.0016,0.0073,0,-18.360,-2.840,4.530
11037500,0.099,0.188,-0.017,0.004,-0.002,0.001,-158.310,-261.020,331.780,-173.400,-3.260,-115.800,1,-0.0033,-0.0016,0.0073,0,-18.330,-2.930,4.960
11037562,0.101,0.178,0.007,0.004,-0.002,0.000,-158.310,-261.020,331.780,-173.400,-3.260,-115.800,1,-0.0033,-0.0016,0.0073,0,-18.370,-2.880,4.790
11037671,0.094,0.174,0.005,0.003,-0.002,0.000,-158.310,-261.020,331.780,-173.400,-3.260,-115.800,1,-0.0033,-0.0016,0.0073,0,-18.330,-2.900,4.940
11037781,0.080,0.190,-0.003,0.004,-0.001,0.001,-158.310,-261.020,331.780,-173.400,-3.260,-115.800,1,-0.0033,-0.0016,0.0073,0,-18.390,-2.840,4.610
11037921,0.099,0.183,0.042,0.004,-0.002,-0.001,-158.310,-261.020,331.780,-173.400,-3.260,-115.800,1,-0.0033,-0.0016,0.0073,0,-18.380,-2.850,4.620
11037968,0.093,0.192,0.013,0.004,-0.002,0.000,-158.310,-261.020,331.780,-173.400,-3.260,-115.800,1,-0.0033,-0.0016,0.0073,0,-18.340,-2.940,5.020
11038015,0.092,0.182,0.033,0.003,-0.002,-0.001,-158.310,-261.020,331.780,-173.400,-3.260,-115.800,1,-0.0033,-0.0016,0.0073,0,-18.350,-2.970,5.020
11038093,0.102,0.201,-0.018,0.004,-0.002,0.001,-158.310,-261.020,331.780,-173.400,-3.260,-115.800,1,-0.0033,-0.0016,0.0073,0,-18.370,-2.950,4.990
11038234,0.096,0.196,0.003,0.004,-0.002,0.001,-158.310,-261.020,331.780,-173.400,-3.260,-115.800,1,-0.0033,-0.0016,0.0073,0,-18.380,-2.950,4.880
11038328,0.086,0.182,0.016,0.004,-0.002,-0.000,-158.310,-261.020,331.780,-173.400,-3.260,-115.800,1,-0.0033,-0.0016,0.0073,0,-18.350,-2.930,4.810
11038437,0.090,0.177,-0.009,0.004,-0.002,0.001,-158.310,-261.020,331.780,-173.400,-3.260,-115.800,1,-0.0033,-0.0016,0.0073,0,-18.380,-2.880,4.650
11038515,0.103,0.170,0.040,0.003,-0.002,-0.001,-158.310,-261.020,331.780,-173.400,-3.260,-115.800,1,-0.0033,-0.0016,0.0073,0,-18.380,-2.880,4.640
11038625,0.096,0.187,-0.014,0.004,-0.002,0.001,-158.310,-261.020,331.780,-173.400,-3.260,-115.800,1,-0.0033,-0.0016,0.0073,0,-18.320,-2.930,4.950
11038687,0.083,0.189,-0.010,0.005,-0.002,0.002,-158.310,-261.020,331.780,-173.400,-3.260,-115.800,1,-0.0033,-0.0016,0.0073,0,-18.270,-2.910,4.910
11038765,0.090,0.185,0.023,0.004,-0.002,0.001,-158.310,-261.020,331.780,-173.400,-3.260,-115.800,1,-0.0033,-0.0016,0.0073,0,-18.290,-2.910,4.840
11038875,0.079,0.188,-0.035,0.004,-0.002,0.002,-158.310,-261.020,331.780,-173.400,-3.260,-115.800,1,-0.0033,-0.0016,0.0073,0,-18.290,-2.910,4.960
11038984,0.111,0.183,0.019,0.004,-0.002,0.000,-158.310,-261.020,331.780,-173.400,-3.260,-115.800,1,-0.0033,-0.0016,0.0073,0,-18.290,-2.870,4.710
11039125,0.069,0.187,-0.004,0.005,-0.001,0.002,-158.310,-261.020,331.780,-173.400,-3.260,-115.800,1,-0.0033,-0.0016,0.0073,0,-18.340,-2.960,4.740
11039171,0.086,0.174,0.026,0.004,-0.001,0.000,-158.310,-261.020,331.780,-173.400,-3.260,-115.800,1,-0.0033,-0.0016,0.0073,0,-18.330,-2.940,4.940
11039218,0.088,0.170,0.006,0.004,-0.001,0.000,-158.310,-261.020,331.780,-173.400,-3.260,-115.800,1,-0.0033,-0.0016,0.0073,0,-18.400,-2.830,4.660
11039296,0.090,0.172,0.021,0.004,-0.002,-0.000,-158.310,-261.020,331.780,-173.400,-3.260,-115.800,1,-0.0033,-0.0016,0.0073,0,-18.380,-2.850,4.900
11039437,0.097,0.163,0.035,0.003,-0.002,-0.001,-158.310,-261.020,331.780,-173.400,-3.260,-115.800,1,-0.0033,-0.0016,0.0073,0,-18.280,-2.910,4.940
11039531,0.084,0.186,0.005,0.004,-0.001,0.001,-158.310,-261.020,331.780,-173.400,-3.260,-115.800,1,-0.0033,-0.0016,0.0073,0,-18.250,-2.930,4.960
11039640,0.055,0.196,-0.013,0.005,-0.001,0.003,-158.310,-261.020,331.780,-173.400,-3.260,-115.800,1,-0.0033,-0.0016,0.0073,0,-18.370,-2.910,5.030
11039718,0.099,0.172,0.022,0.004,-0.002,-0.000,-158.310,-261.020,331.780,-173.400,-3.260,-115.800,1,-0.0033,-0.0016,0.0073,0,-18.400,-2.940,5.130
11039812,0.088,0.182,0.002,0.004,-0.002,0.001,-158.310,-261.020,331.780,-173.400,-3.260,-115.800,1,-0.0033,-0.0016,0.0073,0,-18.310,-2.890,4.990
11039890,0.075,0.179,0.014,0.004,-0.001,0.001,-158.310,-261.020,331.780,-173.400,-3.260,-115.800,1,-0.0033,-0.0016,0.0073,0,-18.330,-2.930,4.940
11039968,0.084,0.173,0.034,0.003,-0.002,-0.000,-158.310,-261.020,331.780,-173.400,-3.260,-115.800,1,-0.0033,-0.0016,0.0073,0,-18.340,-2.920,4.830
11040078,0.084,0.187,-0.007,0.004,-0.002,0.001,-158.310,-261.020,331.780,-173.400,-3.260,-115.800,1,-0.0033,-0.0016,0.0073,0,-18.330,-2.920,5.010
11040187,0.090,0.180,0.030,0.004,-0.002,-0.000,-158.310,-261.020,331.780,-173.400,-3.260,-115.800,1,-0.0033,-0.0016,0.0073,0,-18.380,-2.860,4.600
11040328,0.084,0.174,0.027,0.004,-0.002,0.001,-158.310,-261.020,331.780,-173.400,-3.260,-115.800,1,-0.0033,-0.0016,0.0073,0,-18.400,-2.870,4.670
11040375,0.079,0.178,0.022,0.004,-0.002,0.001,-158.310,-261.020,331.780,-173.400,-3.260,-115.800,1,-0.0033,-0.0016,0.0073,0,-18.330,-2.940,4.950
11040421,0.078,0.176,-0.002,0.004,-0.001,0.002,-158.310,-261.020,331.780,-173.400,-3.260,-115.800,1,-0.0033,-0.0016,0.0073,0,-18.420,-2.880,4.720
11040500,0.087,0.178,0.006,0.004,-0.002,0.001,-158.310,-261.020,331.780,-173.400,-3.260,-115.800,1,-0.0033,-0.0016,0.0073,0,-18.300,-2.910,4.920
11040640,0.078,0.184,0.009,0.004,-0.002,0.001,-158.310,-261.020,331.780,-173.400,-3.260,-115.800,1,-0.0033,-0.0016,0.0073,0,-18.320,-2.950,4.980
11040734,0.070,0.190,-0.014,0.004,-0.001,0.003,-158.310,-261.020,331.780,-173.400,-3.260,-115.800,1,-0.0033,-0.0016,0.0073,0,-18.330,-2.940,4.960
11040843,0.090,0.169,0.035,0.003,-0.002,-0.001,-158.310,-261.020,331.780,-173.400,-3.260,-115.800,1,-0.0033,-0.0016,0.0073,0,-18.330,-2.920,4.910
11040921,0.079,0.178,0.011,0.004,-0.001,0.001,-158.310,-261.020,331.780,-173.400,-3.260,-115.800,1,-0.0033,-0.0016,0.0073,0,-18.340,-2.920,5.060
11041015,0.066,0.179,0.008,0.004,-0.001,0.001,-158.310,-261.020,331.780,-173.400,-3.260,-115.800,1,-0.0033,-0.0016,0.0073,0,-18.370,-2.900,4.690
11041093,0.086,0.174,0.033,0.004,-0.002,0.000,-158.310,-261.020,331.780,-173.400,-3.260,-115.800,1,-0.0033,-0.0016,0.0073,0,-18.310,-2.890,4.710
11041171,0.082,0.169,0.031,0.003,-0.002,-0.000,-158.310,-261.020,331.780,-173.400,-3.260,-115.800,1,-0.0033,-0.0016,0.0073,0,-18.350,-2.960,4.940
11041281,0.067,0.177,0.016,0.004,-0.001,0.001,-158.310,-261.020,331.780,-173.400,-3.260,-115.800,1,-0.0033,-0.0016,0.0073,0,-18.330,-2.940,4.930
11041390,0.065,0.172,0.012,0.004,-0.001,0.001,-158.310,-261.020,331.780,-173.400,-3.260,-115.800,1,-0.0033,-0.0016,0.0073,0,-18.350,-3.010,4.800
11041531,0.063,0.200,0.015,0.005,-0.001,0.001,-158.310,-261.020,331.780,-173.400,-3.260,-115.800,1,-0.0033,-0.0016,0.0073,0,-18.350,-2.990,4.740
11041578,0.077,0.170,0.014,0.004,-0.002,0.001,-158.310,-261.020,331.780,-173.400,-3.260,-115.800,1,-0.0033,-0.0016,0.0073,0,-18.370,-2.930,4.710
11041625,0.076,0.170,-0.007,0.003,-0.002,0.001,-158.310,-261.020,331.780,-173.400,-3.260,-115.800,1,-0.0033,-0.0016,0.0073,0,-18.350,-2.880,5.060
11041703,0.068,0.187,0.022,0.004,-0.001,0.001,-158.310,-261.020,331.780,-173.400,-3.260,-115.800,1,-0.0033,-0.0016,0.0073,0,-18.340,-2.920,5.120
11041843,0.062,0.163,0.032,0.003,-0.001,0.000,-158.310,-261.020,331.780,-173.400,-3.260,-115.800,1,-0.0033,-0.0016,0.0073,0,-18.340,-2.980,5.110
11041937,0.070,0.173,-0.008,0.003,-0.001,0.001,-158.310,-261.020,331.780,-173.400,-3.260,-115.800,1,-0.0033,-0.0016,0.0073,0,-18.350,-2.940,4.970
11042046,0.079,0.181,0.015,0.004,-0.002,0.000,-158.310,-261.020,331.780,-173.400,-3.260,-115.800,1,-0.0033,-0.0016,0.0073,0,-18.310,-2.980,5.110
11042125,0.062,0.155,0.024,0.004,-0.001,0.000,-158.310,-261.020,331.780,-173.400,-3.260,-115.800,1,-0.0033,-0.0016,0.0073,0,-18.360,-2.910,4.910
11042218,0.059,0.163,0.013,0.004,-0.001,0.001,-158.310,-261.020,331.780,-173.400,-3.260,-115.800,1,-0.0033,-0.0016,0.0073,0,-18.330,-2.950,4.860
11042296,0.075,0.174,0.013,0.003,-0.002,0.000,-158.310,-261.020,331.780,-173.400,-3.260,-115.800,1,-0.0033,-0.0016,0.0073,0,-18.390,-2.850,4.810
11042375,0.072,0.180,0.008,0.003,-0.001,0.001,-158.310,-261.020,331.780,-173.400,-3.260,-115.800,1,-0.0033,-0.0016,0.0073,0,-18.460,-2.850,4.750
11042484,0.082,0.171,0.024,0.003,-0.001,0.000,-158.310,-261.020,331.780,-173.400,-3.260,-115.800,1,-0.0033,-0.0016,0.0073,0,-18.330,-2.940,5.110
11042593,0.064,0.166,0.031,0.003,-0.001,0.000,-158.310,-261.020,331.780,-173.400,-3.260,-115.800,1,-0.0033,-0.0016,0.0073,0,-18.350,-2.910,4.710
11042734,0.071,0.162,0.035,0.003,-0.001,-0.001,-158.310,-261.020,331.780,-173.400,-3.260,-115.800,1,-0.0033,-0.0016,0.0073,0,-18.420,-2.900,4.740
11042781,0.065,0.161,0.047,0.003,-0.002,-0.001,-158.310,-261.020,331.780,-173.400,-3.260,-115.800,1,-0.0033,-0.0016,0.0073,0,-18.330,-2.930,4.930
11042828,0.075,0.173,0.001,0.003,-0.002,0.001,-158.310,-261.020,331.780,-173.400,-3.260,-115.800,1,-0.0033,-0.0016,0.0073,0,-18.430,-2.890,4.730
11042906,0.065,0.168,0.030,0.003,-0.002,-0.000,-158.310,-261.020,331.780,-173.400,-3.260,-115.800,1,-0.0033,-0.0016,0.0073,0,-18.340,-2.920,4.960
11043046,0.070,0.189,0.013,0.004,-0.001,0.001,-158.310,-261.020,331.780,-173.400,-3.260,-115.800,1,-0.0033,-0.0016,0.0073,0,-18.390,-2.870,4.810
11043140,0.072,0.174,0.013,0.003,-0.002,0.000,-158.310,-261.020,331.780,-173.400,-3.260,-115.800,1,-0.0033,-0.0016,0.0073,0,-18.340,-2.930,4.970
11043250,0.057,0.197,0.036,0.004,-0.001,0.001,-158.310,-261.020,331.780,-173.400,-3.260,-115.800,1,-0.0033,-0.0016,0.0073,0,-18.310,-2.940,5.080
11043328,0.067,0.177,0.009,0.003,-0.001,0.000,-158.310,-261.020,331.780,-173.400,-3.260,-115.800,1,-0.0033,-0.0016,0.0073,0,-18.350,-2.920,5.160
11043421,0.064,0.167,0.041,0.004,-0.001,0.000,-158.310,-261.020,331.780,-173.400,-3.260,-115.800,1,-0.0033,-0.0016,0.0073,0,-18.240,-2.990,4.600
11043500,0.061,0.165,0.015,0.003,-0.001,-0.000,-158.310,-261.020,331.780,-173.400,-3.260,-115.800,1,-0.0033,-0.0016,0.0073,0,-18.340,-2.940,4.950
11043562,0.046,0.174,0.015,0.004,-0.001,0.000,-158.310,-261.020,331.780,-173.400,-3.260,-115.800,1,-0.0033,-0.0016,0.0073,0,-18.360,-2.880,4.780
11043671,0.072,0.170,0.021,0.003,-0.002,-0.000,-158.310,-261.020,331.780,-173.400,-3.260,-115.800,1,-0.0033,-0.0016,0.0073,0,-18.290,-2.990,5.080
11043781,0.068,0.161,0.037,0.003,-0.002,0.000,-158.310,-261.020,331.780,-173.400,-3.260,-115.800,1,-0.0033,-0.0016,0.0073,0,-18.380,-2.890,4.770
11043921,0.081,0.163,0.049,0.003,-0.002,-0.001,-158.310,-261.020,331.780,-173.400,-3.260,-115.800,1,-0.0033,-0.0016,0.0073,0,-18.400,-2.880,4.780
11043968,0.068,0.167,0.025,0.003,-0.001,0.000,-158.310,-261.020,331.780,-173.400,-3.260,-115.800,1,-0.0033,-0.0016,0.0073,0,-18.340,-2.950,4.970
11044015,0.067,0.167,0.050,0.004,-0.001,0.001,-158.310,-261.020,331.780,-173.400,-3.260,-115.800,1,-0.0033,-0.0016,0.0073,0,-18.290,-2.960,5.080
11044093,0.065,0.165,0.011,0.003,-0.002,0.000,-158.310,-261.020,331.780,-173.400,-3.260,-115.800,1,-0.0033,-0.0016,0.0073,0,-18.350,-2.950,4.970
11044234,0.070,0.170,-0.014,0.003,-0.001,0.001,-158.310,-261.020,331.780,-173.400,-3.260,-115.800,1,-0.0033,-0.0016,0.0073,0,-18.350,-2.950,4.960
11044328,0.057,0.156,0.012,0.004,-0.001,0.001,-158.310,-261.020,331.780,-173.400,-3.260,-115.800,1,-0.0033,-0.0016,0.0073,0,-18.350,-2.940,4.950
11044437,0.071,0.169,0.011,0.003,-0.001,0.000,-158.310,-261.020,331.780,-173.400,-3.260,-115.800,1,-0.0033,-0.0016,0.0073,0,-18.440,-2.940,4.850
11044515,0.062,0.156,0.048,0.003,-0.001,-0.001,-158.310,-261.020,331.780,-173.400,-3.260,-115.800,1,-0.0033,-0.0016,0.0073,0,-18.290,-2.960,5.070
11044609,0.070,0.177,0.038,0.003,-0.001,-0.000,-158.310,-261.020,331.780,-173.400,-3.260,-115.800,1,-0.0033,-0.0016,0.0073,0,-18.410,-2.920,4.660
11044687,0.068,0.165,0.000,0.003,-0.001,0.000,-158.310,-261.020,331.780,-173.400,-3.260,-115.800,1,-0.0033,-0.0016,0.0073,0,-18.420,-2.900,4.660
11044765,0.071,0.164,0.037,0.003,-0.002,-0.000,-158.310,-261.020,331.780,-173.400,-3.260,-115.800,1,-0.0033,-0.0016,0.0073,0,-18.350,-2.950,4.950
11044875,0.063,0.164,0.045,0.003,-0.001,-0.000,-158.310,-261.020,331.780,-173.400,-3.260,-115.800,1,-0.0033,-0.0016,0.0073,0,-18.350,-2.940,4.950
11044984,0.059,0.166,-0.016,0.003,-0.001,0.001,-158.310,-261.020,331.780,-173.400,-3.260,-115.800,1,-0.0033,-0.0016,0.0073,0,-18.400,-2.910,4.820
11045125,0.058,0.164,-0.002,0.003,-0.001,0.001,-158.310,-261.020,331.780,-173.400,-3.260,-115.800,1,-0.0033,-0.0016,