t_ms,Fx,Fy,Fz,Mx,My,Mz,pose_x,pose_y,pose_z,pose_rx,pose_ry,pose_rz,ff_enabled,acc_x,acc_y,acc_z,is_still
7487359,-0.025,-0.138,0.093,-0.004,-0.000,-0.004,-126.631,-236.096,366.884,-174.305,1.490,115.309,1,0.0000,0.0000,0.0000,1
7487406,-0.085,-0.402,0.269,-0.011,0.000,-0.012,-126.631,-236.096,366.884,-174.305,1.490,115.309,1,0.0000,0.0000,0.0000,1
7487531,-0.106,-0.511,0.311,-0.014,-0.000,-0.014,-126.631,-236.096,366.884,-174.305,1.490,115.309,1,0.0000,0.0000,0.0000,1
7487578,-0.110,-0.468,0.111,-0.014,-0.001,-0.008,-126.631,-236.096,366.884,-174.305,1.490,115.309,1,0.0000,0.0000,0.0000,1
7487625,-0.174,-0.420,-0.089,-0.012,0.001,0.000,-126.631,-236.096,366.884,-174.305,1.490,115.309,1,0.0000,0.0000,0.0000,1
7487703,-0.196,-0.407,0.003,-0.010,0.002,-0.001,-126.631,-236.096,366.884,-174.305,1.490,115.309,1,0.0000,0.0000,0.0000,1
7487781,-0.144,-0.427,0.140,-0.011,0.000,-0.007,-126.631,-236.096,366.884,-174.305,1.490,115.309,1,0.0000,0.0000,0.0000,1
7487875,-0.126,-0.432,0.104,-0.012,-0.000,-0.008,-126.631,-236.096,366.884,-174.305,1.490,115.309,1,0.0000,0.0000,0.0000,1
7487953,-0.167,-0.397,0.004,-0.011,0.000,-0.003,-126.631,-236.096,366.884,-174.305,1.490,115.309,1,0.0000,0.0000,0.0000,1
7488062,-0.197,-0.381,-0.101,-0.012,0.001,-0.000,-126.631,-236.096,366.884,-174.305,1.490,115.309,1,0.0000,0.0000,0.0000,1
7488156,-0.166,-0.446,-0.104,-0.015,0.000,-0.005,-126.631,-236.096,366.884,-174.305,1.490,115.309,1,0.0000,0.0000,0.0000,1
7488296,-0.152,-0.472,-0.089,-0.015,0.000,-0.006,-126.631,-236.096,366.884,-174.305,1.490,115.309,1,0.0000,0.0000,0.0000,1
7488343,-0.166,-0.431,-0.091,-0.012,0.000,-0.001,-126.631,-236.096,366.884,-174.305,1.490,115.309,1,0.0000,0.0000,0.0000,1
7488390,-0.136,-0.427,0.023,-0.011,-0.000,-0.003,-126.631,-236.096,366.884,-174.305,1.490,115.309,1,0.0000,0.0000,0.0000,1
7488468,-0.105,-0.448,0.111,-0.012,-0.001,-0.007,-126.631,-236.096,366.884,-174.305,1.490,115.309,1,0.0000,0.0000,0.0000,1
7488609,-0.113,-0.452,0.095,-0.012,-0.000,-0.006,-126.631,-236.096,366.884,-174.305,1.490,115.309,1,0.0000,0.0000,0.0000,1
7488703,-0.139,-0.428,0.000,-0.012,0.000,-0.003,-126.631,-236.096,366.884,-174.305,1.490,115.309,1,0.0000,0.0000,0.0000,1
7488750,-0.137,-0.415,-0.023,-0.013,-0.000,-0.004,-126.631,-236.096,366.884,-174.305,1.490,115.309,1,0.0000,0.0000,0.0000,1
7488828,-0.098,-0.434,0.160,-0.013,-0.000,-0.010,-126.631,-236.096,366.884,-174.305,1.490,115.309,1,0.0000,0.0000,0.0000,1
7488906,-0.092,-0.442,0.237,-0.012,0.000,-0.013,-126.631,-236.096,366.884,-174.305,1.490,115.309,1,0.0000,0.0000,0.0000,1
7488984,-0.113,-0.436,0.127,-0.012,0.000,-0.008,-126.631,-236.096,366.884,-174.305,1.490,115.309,1,0.0000,0.0000,0.0000,1
7489078,-0.114,-0.435,0.081,-0.012,-0.001,-0.006,-126.631,-236.096,366.884,-174.305,1.490,115.309,1,0.0000,0.0000,0.0000,1
7489156,-0.152,-0.418,0.021,-0.011,0.000,-0.003,-126.631,-236.096,366.884,-174.305,1.490,115.309,1,0.0000,0.0000,0.0000,1
7489265,-0.193,-0.407,-0.082,-0.011,0.001,0.000,-126.631,-236.096,366.884,-174.305,1.490,115.309,1,0.0000,0.0000,0.0000,1
7489359,-0.183,-0.421,-0.093,-0.013,0.001,-0.001,-126.631,-236.096,366.884,-174.305,1.490,115.309,1,0.0000,0.0000,0.0000,1
7489500,-0.203,-0.400,-0.142,-0.011,0.001,0.002,-126.631,-236.096,366.884,-174.305,1.490,115.309,1,0.0000,0.0000,0.0000,1
7489546,-0.216,-0.371,-0.184,-0.009,0.002,0.005,-126.631,-236.096,366.884,-174.305,1.490,115.309,1,0.0000,0.0000,0.0000,1
7489593,-0.163,-0.407,-0.062,-0.012,0.001,-0.001,-126.631,-236.096,366.884,-174.305,1.490,115.309,1,0.0000,0.0000,0.0000,1
7489671,-0.114,-0.453,0.089,-0.014,-0.001,-0.007,-126.631,-236.096,366.884,-174.305,1.490,115.309,1,0.0000,0.0000,0.0000,1
7489812,-0.102,-0.455,0.136,-0.013,-0.001,-0.009,-126.631,-236.096,366.884,-174.305,1.490,115.309,1,0.0000,0.0000,0.0000,1
7489890,-0.122,-0.436,0.057,-0.012,0.000,-0.005,-126.631,-236.096,366.884,-174.305,1.490,115.309,1,0.0000,0.0000,0.0000,1
7490015,-0.154,-0.441,0.008,-0.011,0.001,-0.003,-126.631,-236.096,366.884,-174.305,1.490,115.309,1,0.0000,0.0000,0.0000,1
7490078,-0.153,-0.474,0.101,-0.010,0.000,-0.006,-126.631,-236.096,366.884,-174.305,1.490,115.309,1,0.0000,0.0000,0.0000,1
7490171,-0.136,-0.478,0.147,-0.012,-0.000,-0.008,-126.631,-236.096,366.884,-174.305,1.490,115.309,1,0.0000,0.0000,0.0000,1
7490250,-0.136,-0.446,0.052,-0.012,0.000,-0.005,-126.631,-236.096,366.884,-174.305,1.490,115.309,1,0.0000,0.0000,0.0000,1
7490328,-0.136,-0.410,0.024,-0.011,0.001,-0.003,-126.631,-236.096,366.884,-174.305,1.490,115.309,1,0.0000,0.0000,0.0000,1
7490437,-0.124,-0.413,0.087,-0.012,0.000,-0.005,-126.631,-236.096,366.884,-174.305,1.490,115.309,1,0.0000,0.0000,0.0000,1
7490546,-0.124,-0.451,0.106,-0.013,0.000,-0.009,-126.631,-236.096,366.884,-174.305,1.490,115.309,1,0.0000,0.0000,0.0000,1
7490687,-0.150,-0.442,0.060,-0.012,0.001,-0.006,-126.631,-236.096,366.884,-174.305,1.490,115.309,1,0.0000,0.0000,0.0000,1
7490734,-0.191,-0.380,-0.113,-0.009,0.002,0.004,-126.631,-236.096,366.884,-174.305,1.490,115.309,1,0.0000,0.0000,0.0000,1
7490781,-0.189,-0.378,-0.140,-0.010,0.002,0.004,-126.631,-236.096,366.884,-174.305,1.490,115.309,1,0.0000,0.0000,0.0000,1
7490859,-0.127,-0.430,0.074,-0.012,0.000,-0.005,-126.631,-236.096,366.884,-174.305,1.490,115.309,1,0.0000,0.0000,0.0000,1
7491000,-0.098,-0.442,0.167,-0.013,-0.000,-0.009,-126.631,-236.096,366.884,-174.305,1.490,115.309,1,0.0000,0.0000,0.0000,1
7491093,-0.129,-0.442,0.121,-0.012,0.000,-0.008,-126.631,-236.096,366.884,-174.305,1.490,115.309,1,0.0000,0.0000,0.0000,1
7491203,-0.140,-0.457,0.096,-0.012,0.000,-0.007,-126.631,-236.096,366.884,-174.305,1.490,115.309,1,0.0000,0.0000,0.0000,1
7491281,-0.128,-0.455,0.098,-0.012,-0.000,-0.007,-126.631,-236.096,366.884,-174.305,1.490,115.309,1,0.0000,0.0000,0.0000,1
7491375,-0.159,-0.423,0.006,-0.012,0.000,-0.003,-126.631,-236.096,366.884,-174.305,1.490,115.309,1,0.0000,0.0000,0.0000,1
7491453,-0.196,-0.397,-0.135,-0.011,0.001,0.002,-126.631,-236.096,366.884,-174.305,1.490,115.309,1,0.0000,0.0000,0.0000,1
7491531,-0.185,-0.405,-0.061,-0.010,0.001,0.000,-126.631,-236.096,366.884,-174.305,1.490,115.309,1,0.0000,0.0000,0.0000,1
7491640,-0.164,-0.427,0.116,-0.010,0.000,-0.005,-126.631,-236.096,366.884,-174.305,1.490,115.309,1,0.0000,0.0000,0.0000,1
7491750,-0.180,-0.431,0.100,-0.011,0.001,-0.006,-126.631,-236.096,366.884,-174.305,1.490,115.309,1,0.0000,0.0000,0.0000,1
7491890,-0.201,-0.401,0.044,-0.010,0.002,-0.004,-126.631,-236.096,366.884,-174.305,1.490,115.309,1,0.0000,0.0000,0.0000,1
7491937,-0.169,-0.395,0.105,-0.010,0.001,-0.005,-126.631,-236.096,366.884,-174.305,1.490,115.309,1,0.0000,0.0000,0.0000,1
7491984,-0.148,-0.417,0.135,-0.011,0.000,-0.006,-126.631,-236.096,366.884,-174.305,1.490,115.309,1,0.0000,0.0000,0.0000,1
7492062,-0.183,-0.404,0.089,-0.010,0.001,-0.003,-126.631,-236.096,366.884,-174.305,1.490,115.309,1,0.0000,0.0000,0.0000,1
7492203,-0.204,-0.406,0.020,-0.009,0.002,0.001,-126.631,-236.096,366.884,-174.305,1.490,115.309,1,0.0000,0.0000,0.0000,1
7492296,-0.201,-0.426,-0.069,-0.010,0.002,0.003,-126.631,-236.096,366.884,-174.305,1.490,115.309,1,0.0000,0.0000,0.0000,1
7492406,-0.200,-0.431,-0.095,-0.011,0.001,0.001,-126.631,-236.096,366.884,-174.305,1.490,115.309,1,0.0000,0.0000,0.0000,1
7492484,-0.189,-0.451,0.011,-0.011,0.001,-0.002,-126.631,-236.096,366.884,-174.305,1.490,115.309,1,0.0000,0.0000,0.0000,1
7492578,-0.160,-0.462,0.115,-0.012,0.001,-0.006,-126.631,-236.096,366.884,-174.305,1.490,115.309,1,0.0000,0.0000,0.0000,1
7492656,-0.153,-0.432,0.076,-0.013,0.000,-0.005,-126.631,-236.096,366.884,-174.305,1.490,115.309,1,0.0000,0.0000,0.0000,1
7492734,-0.167,-0.410,0.006,-0.013,0.000,-0.002,-126.631,-236.096,366.884,-174.305,1.490,115.309,1,0.0000,0.0000,0.0000,1
7492843,-0.156,-0.435,0.044,-0.013,0.000,-0.005,-126.631,-236.096,366.884,-174.305,1.490,115.309,1,0.0000,0.0000,0.0000,1
7492953,-0.139,-0.439,-0.017,-0.012,0.000,-0.004,-126.631,-236.096,366.884,-174.305,1.490,115.309,1,0.0000,0.0000,0.0000,1
7493093,-0.156,-0.402,-0.223,-0.012,0.000,0.002,-126.631,-236.096,366.884,-174.305,1.490,115.309,1,0.0000,0.0000,0.0000,1
7493140,-0.150,-0.393,-0.142,-0.013,0.001,-0.000,-126.631,-236.096,366.884,-174.305,1.490,115.309,1,0.0000,0.0000,0.0000,1
7493187,-0.106,-0.408,0.052,-0.013,0.000,-0.006,-126.631,-236.096,366.884,-174.305,1.490,115.309,1,0.0000,0.0000,0.0000,1
7493265,-0.125,-0.421,-0.000,-0.013,0.000,-0.004,-126.631,-236.096,366.884,-174.305,1.490,115.309,1,0.0000,0.0000,0.0000,1
7493406,-0.170,-0.427,-0.042,-0.012,0.000,-0.002,-126.631,-236.096,366.884,-174.305,1.490,115.309,1,0.0000,0.0000,0.0000,1
7493500,-0.173,-0.419,0.002,-0.012,0.001,-0.003,-126.631,-236.096,366.884,-174.305,1.490,115.309,1,0.0000,0.0000,0.0000,1
7493609,-0.171,-0.409,-0.026,-0.013,0.001,-0.003,-126.631,-236.096,366.884,-174.305,1.490,115.309,1,0.0000,0.0000,0.0000,1
7493687,-0.165,-0.411,-0.001,-0.013,0.001,-0.004,-126.631,-236.096,366.884,-174.305,1.490,115.309,1,0.0000,0.0000,0.0000,1
7493781,-0.165,-0.404,0.126,-0.011,0.001,-0.006,-126.631,-236.096,366.884,-174.305,1.490,115.309,1,0.0000,0.0000,0.0000,1
7493859,-0.183,-0.389,0.108,-0.010,0.002,-0.004,-126.631,-236.096,366.884,-174.305,1.490,115.309,1,0.0000,0.0000,0.0000,1
7493937,-0.160,-0.410,0.048,-0.010,0.001,-0.004,-126.631,-236.096,366.884,-174.305,1.490,115.309,1,0.0000,0.0000,0.0000,1
7494046,-0.142,-0.425,0.027,-0.010,-0.001,-0.005,-126.631,-236.096,366.884,-174.305,1.490,115.309,1,0.0000,0.0000,0.0000,1
7494156,-0.184,-0.406,-0.082,-0.009,0.001,-0.002,-126.631,-236.096,366.884,-174.305,1.490,115.309,1,0.0000,0.0000,0.0000,1
7494296,-0.208,-0.410,-0.173,-0.011,0.002,-0.001,-126.631,-236.096,366.884,-174.305,1.490,115.309,1,0.0000,0.0000,0.0000,1
7494343,-0.171,-0.430,-0.098,-0.014,0.000,-0.005,-126.631,-236.096,366.884,-174.305,1.490,115.309,1,0.0000,0.0000,0.0000,1
7494390,-0.129,-0.447,0.108,-0.013,0.000,-0.008,-126.631,-236.096,366.884,-174.305,1.490,115.309,1,0.0000,0.0000,0.0000,1
7494468,-0.127,-0.447,0.194,-0.011,0.001,-0.008,-126.631,-236.096,366.884,-174.305,1.490,115.309,1,0.0000,0.0000,0.0000,1
7494718,-0.131,-0.444,0.130,-0.011,0.002,-0.007,-126.631,-236.096,366.884,-174.305,1.490,115.309,1,0.0000,0.0000,0.0000,1
7494812,-0.146,-0.427,0.138,-0.014,0.002,-0.007,-126.591,-236.101,366.882,-174.318,1.495,115.313,1,0.0017,-0.0002,-0.0001,1
7494890,-0.178,-0.369,0.111,-0.017,0.003,-0.004,-126.591,-236.101,366.882,-174.318,1.495,115.313,1,0.0039,-0.0005,-0.0002,1
7495046,-0.166,-0.364,-0.007,-0.014,0.003,-0.001,-126.590,-236.101,366.882,-174.319,1.496,115.313,1,0.0026,-0.0003,-0.0001,1
7495156,-0.129,-0.438,0.032,-0.011,-0.001,-0.006,-126.590,-236.101,366.882,-174.319,1.496,115.313,1,-0.0001,0.0000,0.0000,1
7495234,-0.125,-0.491,0.147,-0.010,-0.001,-0.010,-126.590,-236.101,366.882,-174.319,1.496,115.313,1,-0.0015,0.0002,0.0001,1
7495281,-0.155,-0.470,0.084,-0.009,0.001,-0.007,-126.590,-236.101,366.882,-174.319,1.496,115.313,1,-0.0019,0.0002,0.0001,1
7495359,-0.161,-0.428,-0.044,-0.011,-0.000,-0.003,-126.590,-236.101,366.882,-174.319,1.496,115.313,1,-0.0018,0.0002,0.0001,1
7495515,-0.156,-0.409,-0.062,-0.012,-0.000,-0.001,-126.589,-236.102,366.882,-174.319,1.496,115.313,1,-0.0014,0.0002,0.0001,1
7495625,-0.175,-0.392,-0.035,-0.012,-0.001,-0.000,-126.589,-236.102,366.882,-174.319,1.496,115.313,1,-0.0009,0.0001,0.0000,1
7495734,-0.185,-0.405,-0.049,-0.011,-0.001,-0.001,-126.589,-236.102,366.882,-174.319,1.496,115.313,1,-0.0005,0.0001,0.0000,1
7495875,-0.176,-0.437,-0.153,-0.011,0.001,0.000,-126.589,-236.102,366.882,-174.319,1.496,115.313,1,-0.0003,0.0000,0.0000,1
7495921,-0.118,-0.475,-0.110,-0.013,0.000,-0.003,-126.589,-236.102,366.882,-174.319,1.496,115.313,1,-0.0001,0.0000,-0.0000,1
7495968,-0.041,-0.508,0.098,-0.014,-0.002,-0.012,-126.589,-236.102,366.882,-174.319,1.496,115.313,1,0.0000,0.0000,-0.0000,1
7496062,-0.045,-0.481,0.155,-0.012,-0.001,-0.013,-126.589,-236.102,366.882,-174.319,1.496,115.313,1,0.0001,0.0000,0.0000,1
7496203,-0.114,-0.440,0.084,-0.011,-0.000,-0.008,-126.589,-236.102,366.882,-174.319,1.496,115.313,1,0.0001,-0.0000,0.0000,1
7496281,-0.154,-0.445,0.040,-0.012,-0.000,-0.006,-126.589,-236.102,366.882,-174.319,1.496,115.313,1,0.0001,-0.0000,0.0000,1
7496328,-0.172,-0.449,0.046,-0.011,0.001,-0.005,-126.589,-236.102,366.882,-174.319,1.496,115.313,1,0.0001,-0.0000,-0.0000,1
7496406,-0.188,-0.448,0.062,-0.011,0.002,-0.004,-126.589,-236.102,366.882,-174.319,1.496,115.313,1,0.0000,-0.0000,-0.0000,1
7496484,-0.153,-0.462,0.091,-0.012,0.001,-0.007,-126.589,-236.102,366.882,-174.319,1.496,115.313,1,0.0000,-0.0000,-0.0000,1
7496578,-0.115,-0.459,0.108,-0.012,-0.000,-0.010,-126.589,-236.102,366.882,-174.319,1.496,115.313,1,0.0000,-0.0000,0.0000,1
7496671,-0.147,-0.421,0.083,-0.010,0.001,-0.006,-126.589,-236.102,366.882,-174.319,1.496,115.313,1,-0.0000,0.0000,0.0000,1
7496750,-0.160,-0.407,0.089,-0.009,0.001,-0.005,-126.589,-236.102,366.882,-174.319,1.496,115.313,1,-0.0000,0.0000,-0.0000,1
7496843,-0.107,-0.446,0.187,-0.012,-0.000,-0.011,-126.589,-236.102,366.882,-174.319,1.496,115.313,1,-0.0000,0.0000,-0.0000,1
7496953,-0.114,-0.460,0.192,-0.013,-0.001,-0.012,-126.589,-236.102,366.882,-174.319,1.496,115.313,1,-0.0000,0.0000,-0.0000,1
7497093,-0.167,-0.448,0.078,-0.011,0.001,-0.005,-126.589,-236.102,366.882,-174.319,1.496,115.313,1,-0.0000,0.0000,-0.0000,1
7497218,-0.154,-0.454,0.074,-0.012,0.001,-0.005,-126.589,-236.102,366.882,-174.319,1.496,115.313,1,-0.0000,-0.0000,0.0000,1
7497328,-0.130,-0.453,0.105,-0.014,-0.001,-0.008,-126.589,-236.102,366.882,-174.319,1.496,115.313,1,-0.0000,-0.0000,0.0000,1
7497468,-0.162,-0.411,0.091,-0.012,-0.000,-0.006,-126.589,-236.102,366.882,-174.319,1.496,115.313,1,0.0000,-0.0000,0.0000,1
7497515,-0.221,-0.352,0.054,-0.009,0.002,-0.002,-126.589,-236.102,366.882,-174.319,1.496,115.313,1,0.0000,-0.0000,-0.0000,1
7497562,-0.222,-0.363,0.012,-0.010,0.002,-0.001,-126.589,-236.102,366.882,-174.319,1.496,115.313,1,0.0000,-0.0000,-0.0000,1
7497640,-0.168,-0.417,0.054,-0.011,0.002,-0.004,-126.589,-236.102,366.882,-174.319,1.496,115.313,1,-0.0000,0.0000,-0.0000,1
7497781,-0.132,-0.394,0.055,-0.013,0.003,-0.003,-126.589,-236.102,366.882,-174.319,1.496,115.313,1,-0.0000,0.0000,-0.0000,1
7497875,-0.145,-0.359,-0.034,-0.016,0.003,0.001,-126.590,-236.098,366.883,-174.319,1.495,115.313,1,-0.0001,0.0001,0.0000,1
7497984,-0.200,-0.383,-0.075,-0.010,0.003,0.001,-126.590,-236.098,366.883,-174.319,1.495,115.313,1,-0.0001,0.0003,0.0000,1
7498062,-0.216,-0.401,-0.101,-0.008,0.002,0.000,-126.624,-236.046,366.921,-174.315,1.504,115.306,1,-0.0015,0.0024,0.0016,0
7498140,-0.149,-0.433,-0.065,-0.015,0.002,-0.003,-126.624,-236.046,366.921,-174.315,1.504,115.306,1,-0.0033,0.0051,0.0037,0
7498234,-0.057,-0.511,0.091,-0.013,0.005,-0.010,-126.922,-235.880,366.940,-174.313,1.508,115.233,1,-0.0148,0.0103,0.0033,0
7498312,-0.107,-0.610,0.029,0.001,-0.000,-0.007,-126.922,-235.880,366.940,-174.313,1.508,115.233,1,-0.0289,0.0157,0.0016,0
7498421,-0.284,-0.657,-0.139,0.012,-0.012,0.001,-130.198,-234.108,368.386,-174.216,1.738,114.437,1,-0.1567,0.0835,0.0610,0
7498515,-0.347,-0.614,0.064,0.007,-0.019,-0.001,-130.198,-234.108,368.386,-174.216,1.738,114.437,1,-0.3167,0.1695,0.1393,0
7498656,-0.164,-0.591,0.215,-0.008,-0.016,-0.009,-142.261,-227.470,387.739,-172.950,4.749,111.513,1,-0.7092,0.3867,0.9107,0
7498703,0.170,-0.708,-0.124,-0.012,-0.002,-0.014,-142.261,-227.470,387.739,-172.950,4.749,111.513,1,-1.1436,0.6282,1.8807,0
7498750,0.232,-0.775,-0.594,-0.006,0.005,-0.010,-142.261,-227.470,387.739,-172.950,4.749,111.513,1,-0.6352,0.3499,1.1908,0
7498828,0.007,-0.596,-0.645,-0.018,-0.001,-0.002,-155.570,-217.664,406.446,-171.708,7.678,108.210,1,-0.3207,0.2827,0.6044,0
7498984,-0.078,-0.503,-0.369,-0.025,-0.004,-0.004,-155.570,-217.664,406.446,-171.708,7.678,108.210,1,-0.6707,0.6129,0.9969,0
7499078,-0.072,-0.597,-0.408,-0.027,-0.013,-0.009,-169.947,-196.141,438.382,-169.375,13.058,104.342,1,-0.7643,1.1585,1.5665,0
7499171,-0.308,-0.575,-0.584,-0.048,-0.041,-0.008,-169.947,-196.141,438.382,-169.375,13.058,104.342,1,-0.7145,1.7093,2.1179,0
7499265,-0.449,-0.733,-0.758,-0.051,-0.041,-0.007,-170.584,-169.301,478.038,-166.052,20.312,103.890,1,0.0238,1.8901,2.3254,0
7499343,-0.418,-1.139,-1.277,-0.019,-0.003,-0.004,-170.584,-169.301,478.038,-166.052,20.312,103.890,1,0.9645,1.8556,2.3253,0
7499421,-0.811,-1.087,-1.321,-0.018,-0.008,-0.003,-166.459,-147.839,499.645,-163.851,24.929,104.793,1,1.4510,1.2683,1.1316,0
7499500,-1.086,-0.737,-0.343,-0.029,-0.017,-0.012,-166.459,-147.839,499.645,-163.851,24.929,104.793,1,1.6242,0.5176,-0.4289,0
7499609,-0.909,-0.519,0.623,-0.014,0.003,-0.015,-160.440,-129.103,508.459,-163.538,28.207,105.662,1,1.4899,-0.0626,-1.6592,0
7499718,-0.861,-0.194,0.981,-0.014,0.004,-0.010,-160.440,-129.103,508.459,-163.538,28.207,105.662,1,1.2292,-0.4518,-2.5001,0
7499859,-0.946,0.137,1.002,-0.032,-0.007,-0.006,-145.533,-105.247,518.433,-166.283,33.898,107.462,1,1.2507,-0.3430,-2.4031,0
7499906,-0.889,0.098,0.892,-0.032,-0.001,-0.003,-145.533,-105.247,518.433,-166.283,33.898,107.462,1,1.4070,-0.0093,-1.8628,0
7499953,-0.741,-0.010,0.954,-0.012,0.004,-0.007,-145.533,-105.247,518.433,-166.283,33.898,107.462,1,0.5927,-0.8541,-1.6758,0
7500031,-0.683,0.301,1.113,-0.016,-0.021,-0.009,-135.125,-96.941,523.230,-169.256,37.070,108.698,1,-0.1077,-1.7707,-1.4940,0
7500171,-0.538,0.685,0.856,-0.052,-0.037,-0.008,-135.125,-96.941,523.230,-169.256,37.070,108.698,1,0.0086,-1.5429,-0.9257,0
7500265,-0.379,0.611,0.224,-0.066,-0.014,-0.007,-117.950,-85.754,536.834,-174.072,42.620,111.097,1,0.3508,-1.0241,-0.1023,0
7500375,-0.384,0.169,-0.272,-0.050,0.009,-0.006,-117.950,-85.754,536.834,-174.072,42.620,111.097,1,0.7410,-0.4578,0.6946,0
7500453,-0.395,-0.105,-0.584,-0.035,0.016,-0.008,-98.764,-71.443,559.860,-179.143,49.581,114.181,1,0.8814,0.0374,1.3575,0
7500546,-0.464,-0.184,-0.862,-0.007,0.015,-0.008,-98.764,-71.443,559.860,-179.143,49.581,114.181,1,0.8730,0.4064,1.8322,0
7500625,-0.475,-0.535,-0.907,0.036,0.014,-0.006,-84.545,-66.045,568.767,174.109,53.397,114.771,1,0.4974,0.1353,1.1294,0
7500703,-0.254,-0.656,-0.388,0.038,0.023,-0.002,-84.545,-66.045,568.767,174.109,53.397,114.771,1,0.0105,-0.4005,-0.0227,0
7500812,-0.118,-0.137,0.393,-0.004,0.010,-0.000,-71.766,-76.682,565.478,162.474,54.314,112.322,1,-0.2919,-1.2694,-1.1018,0
7500921,0.033,0.212,0.689,-0.012,-0.003,-0.007,-71.766,-76.682,565.478,162.474,54.314,112.322,1,-0.4478,-2.1418,-1.9458,0
7501062,0.421,0.578,0.881,0.004,0.013,-0.007,-68.427,-125.819,528.137,147.629,46.395,105.394,1,-0.8418,-3.8066,-3.4444,0
7501109,0.700,1.420,1.508,-0.002,0.025,0.003,-68.427,-125.819,528.137,147.629,46.395,105.394,1,-1.2801,-5.5538,-4.9883,0
7501156,0.774,1.859,1.920,-0.021,0.016,0.003,-68.427,-125.819,528.137,147.629,46.395,105.394,1,-1.4009,-3.3068,-3.2453,0
7501234,0.882,1.078,1.417,-0.029,0.012,-0.008,-71.458,-156.982,493.426,143.754,39.016,103.059,1,-1.4716,-0.8300,-1.6779,0
7501375,1.139,-0.161,0.669,-0.002,0.037,-0.014,-71.458,-156.982,493.426,143.754,39.016,103.059,1,-1.3633,-0.7788,-2.0678,0
7501468,0.948,-0.425,0.624,0.003,0.033,-0.007,-74.421,-181.176,462.092,141.077,32.523,101.470,1,-1.0555,-0.3148,-1.7349,0
7501578,0.358,-0.189,0.758,-0.022,-0.005,0.001,-74.421,-181.176,462.092,141.077,32.523,101.470,1,-0.7066,0.2668,-1.1080,0
7501656,0.273,-0.497,0.489,-0.018,0.002,-0.004,-76.621,-199.122,432.261,138.943,26.644,100.400,1,-0.3722,0.7682,-0.5315,0
7501750,0.344,-0.850,0.094,-0.012,0.016,-0.006,-76.621,-199.122,432.261,138.943,26.644,100.400,1,-0.1068,1.1378,-0.0863,0
7501828,0.171,-0.868,-0.201,-0.027,0.007,-0.001,-79.428,-209.444,406.626,138.676,21.773,100.110,1,0.0178,1.4325,0.3264,0
7501906,0.038,-0.901,-0.238,-0.031,0.006,0.001,-79.428,-209.444,406.626,138.676,21.773,100.110,1,0.0501,1.6361,0.6469,0
7502015,-0.146,-0.925,-0.022,-0.025,-0.007,-0.002,-80.698,-213.865,389.192,138.276,18.609,99.926,1,0.1218,1.6843,1.0325,0
7502125,-0.419,-0.884,-0.177,-0.023,-0.025,-0.001,-80.698,-213.865,389.192,138.276,18.609,99.926,1,0.1996,1.6471,1.3790,0
7502265,-0.500,-0.902,-0.789,-0.018,-0.021,0.006,-80.721,-214.084,387.177,138.163,18.268,99.890,1,0.2539,1.5030,1.9482,0
7502312,-0.348,-0.956,-1.117,-0.011,-0.008,0.005,-80.721,-214.084,387.177,138.163,18.268,99.890,1,0.2867,1.3328,2.5219,0
7502375,-0.244,-0.964,-1.017,-0.007,-0.002,-0.002,-80.721,-214.084,387.177,138.163,18.268,99.890,1,0.2508,1.0124,2.4240,0
7502453,-0.290,-0.849,-0.898,-0.007,-0.005,-0.002,-80.720,-214.084,387.179,138.163,18.268,99.890,1,0.1879,0.6773,2.0139,0
7502578,-0.271,-0.682,-0.805,-0.005,-0.003,0.001,-80.720,-214.084,387.179,138.163,18.268,99.890,1,0.1224,0.3875,1.4407,0
7502671,-0.188,-0.551,-0.538,-0.005,-0.001,-0.001,-80.720,-214.084,387.181,138.163,18.268,99.890,1,0.0675,0.1735,0.8930,0
7502781,-0.183,-0.451,-0.333,-0.009,-0.004,-0.001,-80.720,-214.084,387.181,138.163,18.268,99.890,1,0.0280,0.0362,0.4587,0
7502859,-0.201,-0.381,-0.280,-0.009,-0.003,0.002,-80.720,-214.083,387.182,138.163,18.269,99.890,1,0.0034,-0.0380,0.1605,0
7502953,-0.204,-0.348,-0.108,-0.007,-0.002,0.002,-80.720,-214.083,387.182,138.163,18.269,99.890,1,-0.0093,-0.0674,-0.0158,0
7503031,-0.194,-0.364,0.073,-0.007,-0.003,-0.002,-80.720,-214.080,387.183,138.163,18.269,99.890,1,-0.0138,-0.0694,-0.0995,0
7503109,-0.176,-0.393,0.121,-0.009,-0.005,-0.005,-80.720,-214.080,387.183,138.163,18.269,99.890,1,-0.0135,-0.0574,-0.1223,0
7503218,-0.131,-0.401,0.154,-0.011,-0.007,-0.008,-80.720,-214.080,387.182,138.163,18.269,99.890,1,-0.0109,-0.0411,-0.1111,0
7503328,-0.109,-0.398,0.099,-0.009,-0.005,-0.006,-80.720,-214.080,387.182,138.163,18.269,99.890,1,-0.0076,-0.0256,-0.0852,0
7503468,-0.177,-0.509,-0.115,-0.000,-0.005,0.001,-80.736,-214.086,387.158,138.173,18.263,99.893,1,-0.0052,-0.0135,-0.0577,0
7503515,-0.261,-0.641,-0.118,0.005,-0.009,0.003,-80.736,-214.086,387.158,138.173,18.263,99.893,1,-0.0037,-0.0053,-0.0345,0
7503562,-0.312,-0.573,0.074,0.002,-0.013,-0.000,-80.736,-214.086,387.158,138.173,18.263,99.893,1,-0.0017,-0.0000,-0.0157,0
7503640,-0.263,-0.514,0.110,0.006,-0.006,-0.000,-82.678,-214.730,384.654,139.531,17.675,100.254,1,-0.0820,-0.0245,-0.1086,0
7503781,-0.130,-0.611,0.170,0.017,0.008,-0.000,-82.678,-214.730,384.654,139.531,17.675,100.254,1,-0.1887,-0.0593,-0.2404,0
7503875,-0.045,-0.614,0.399,0.007,0.003,-0.001,-93.762,-218.902,371.106,146.507,14.190,101.957,1,-0.5935,-0.2149,-0.7287,0
7503984,0.086,-0.528,0.569,-0.012,-0.009,-0.001,-93.762,-218.902,371.106,146.507,14.190,101.957,1,-1.0704,-0.4012,-1.3021,0
7504062,0.338,-0.516,0.707,-0.006,-0.002,-0.002,-108.727,-223.845,355.795,154.732,9.566,103.617,1,-1.2717,-0.4514,-1.4186,0
7504156,0.434,-0.481,0.908,-0.001,0.002,-0.007,-108.727,-223.845,355.795,154.732,9.566,103.617,1,-1.3005,-0.4255,-1.2889,0
7504234,0.293,-0.451,0.876,-0.011,-0.006,-0.009,-121.015,-230.466,350.962,161.507,8.000,104.682,1,-0.9613,-0.4053,-0.5433,0
7504312,0.168,-0.434,0.468,-0.014,-0.004,-0.008,-121.015,-230.466,350.962,161.507,8.000,104.682,1,-0.5037,-0.3918,0.3675,0
7504421,-0.008,-0.308,-0.235,-0.024,-0.006,-0.003,-131.029,-239.484,360.736,168.273,10.850,105.571,1,-0.0894,-0.4143,1.3664,0
7504531,-0.293,-0.302,-0.987,-0.028,-0.016,0.003,-131.029,-239.484,360.736,168.273,10.850,105.571,1,0.2272,-0.4505,2.2244,0
7504671,-0.397,-0.506,-1.110,-0.002,-0.009,-0.003,-143.393,-246.037,366.678,175.605,11.735,106.188,1,0.2414,-0.2807,2.0735,0
7504718,-0.425,-0.558,-0.363,0.008,-0.010,-0.012,-143.393,-246.037,366.678,175.605,11.735,106.188,1,0.1043,-0.0410,1.4543,0
7504765,-0.642,-0.696,0.268,0.009,-0.031,-0.010,-143.393,-246.037,366.678,175.605,11.735,106.188,1,0.5414,0.3621,0.6297,0
7504843,-0.867,-0.984,0.369,0.026,-0.035,-0.001,-155.477,-251.014,367.449,-178.997,9.425,106.094,1,0.6683,0.5602,-0.1111,0
7504984,-0.897,-1.005,0.352,0.020,-0.035,0.002,-155.477,-251.014,367.449,-178.997,9.425,106.094,1,0.0955,0.3434,-0.4223,0
7505078,-0.551,-0.748,-0.104,-0.009,-0.039,-0.006,-172.021,-256.046,406.776,-169.796,11.996,105.791,1,-0.3927,0.1711,1.1359,0
7505187,-0.027,-0.370,-0.966,-0.026,-0.025,-0.013,-172.021,-256.046,406.776,-169.796,11.996,105.791,1,-0.7493,0.0525,3.3260,0
7505265,0.189,-0.241,-1.540,-0.017,0.004,-0.009,-192.484,-244.897,426.182,-163.826,12.664,103.002,1,-0.9524,0.6699,2.9455,0
7505359,0.171,-0.468,-1.183,-0.012,0.013,-0.002,-192.484,-244.897,426.182,-163.826,12.664,103.002,1,-1.0427,1.5355,1.3709,0
7505437,0.093,-0.939,-0.204,-0.013,0.002,-0.006,-198.659,-231.577,433.886,-162.498,13.818,101.543,1,-0.2893,1.7697,-0.1522,0
7505515,-0.221,-1.278,0.563,-0.003,-0.002,-0.012,-198.659,-231.577,433.886,-162.498,13.818,101.543,1,0.7399,1.6503,-1.3689,0
7505625,-0.733,-1.076,1.090,-0.007,-0.005,-0.010,-194.869,-213.190,452.200,-160.901,17.404,101.986,1,1.5316,1.5017,-1.2652,0
7505734,-1.129,-0.881,1.032,-0.010,-0.003,-0.001,-194.869,-213.190,452.200,-160.901,17.404,101.986,1,2.0605,1.3662,-0.5314,0
7505875,-1.226,-1.163,-0.038,-0.004,0.013,0.003,-184.792,-163.962,500.936,-156.091,27.221,103.838,1,2.2067,2.3540,1.2164,0
7505921,-1.146,-1.586,-1.166,-0.008,0.017,-0.003,-184.792,-163.962,500.936,-156.091,27.221,103.838,1,2.1377,3.7118,3.1403,0
7505968,-0.993,-1.576,-1.456,-0.022,0.008,-0.008,-184.792,-163.962,500.936,-156.091,27.221,103.838,1,1.2825,1.6093,1.4424,0
7506046,-0.574,-0.823,-0.800,-0.027,0.016,-0.008,-178.277,-131.892,514.952,-154.153,30.753,104.779,1,0.4743,-0.4485,-1.1296,0
7506187,-0.227,-0.209,0.386,-0.013,0.024,-0.011,-178.277,-131.892,514.952,-154.153,30.753,104.779,1,0.2654,-0.0193,-1.5924,0
7506281,-0.205,-0.495,1.053,0.004,0.021,-0.013,-171.535,-96.889,507.611,-155.349,28.514,104.059,1,0.1232,0.3196,-2.4308,0
7506390,-0.231,-0.904,1.292,0.010,0.017,-0.007,-171.535,-96.889,507.611,-155.349,28.514,104.059,1,0.0401,0.5515,-3.2993,0
7506468,-0.295,-0.593,1.396,-0.009,0.001,0.000,-172.155,-62.313,507.592,-151.582,27.766,103.352,1,-0.3199,0.5457,-2.8075,0
7506562,-0.197,-0.110,0.878,-0.043,-0.005,0.000,-172.155,-62.313,507.592,-151.582,27.766,103.352,1,-0.7498,0.4241,-1.7374,0
7506640,0.098,-0.147,0.202,-0.044,0.015,-0.007,-167.154,-31.425,515.397,-148.624,31.862,104.382,1,-0.5848,0.1298,-0.5591,0
7506718,-0.013,-0.155,-0.098,-0.027,0.013,-0.008,-167.154,-31.425,515.397,-148.624,31.862,104.382,1,-0.1577,-0.1951,0.4550,0
7506828,-0.495,0.153,-0.224,-0.027,-0.010,-0.006,-156.865,-7.969,517.938,-148.873,36.359,106.335,1,0.3055,-0.6337,0.6468,0
7506921,-0.842,0.518,-0.315,-0.041,-0.017,-0.006,-156.865,-7.969,517.938,-148.873,36.359,106.335,1,0.7010,-1.0474,0.3988,0
7507078,-0.898,0.559,-0.308,-0.036,-0.005,-0.005,-132.872,3.164,517.660,-156.230,42.701,110.164,1,1.3466,-1.5795,0.0839,0
7507125,-0.756,0.481,-0.020,-0.013,0.017,-0.006,-132.872,3.164,517.660,-156.230,42.701,110.164,1,1.9962,-2.0717,-0.2060,0
7507171,-0.680,0.748,0.232,-0.002,0.021,-0.005,-132.872,3.164,517.660,-156.230,42.701,110.164,1,0.9309,-2.4032,-0.2987,0
7507250,-0.611,0.866,0.106,-0.001,-0.000,-0.001,-113.873,-1.276,518.333,-164.890,46.406,112.018,1,0.0237,-2.7825,-0.2489,0
7507390,-0.479,0.873,-0.305,-0.022,-0.010,0.002,-113.873,-1.276,518.333,-164.890,46.406,112.018,1,0.3779,-2.6437,-0.1499,0
7507484,-0.443,0.817,-0.541,-0.019,0.001,0.003,-89.774,-3.464,522.836,-176.889,51.348,113.066,1,0.6985,-1.9922,0.0886,0
7507593,-0.402,0.356,-0.146,0.022,0.018,0.003,-89.774,-3.464,522.836,-176.889,51.348,113.066,1,0.9433,-1.2088,0.3518,0
7507671,-0.332,-0.217,0.166,0.031,0.024,-0.006,-72.882,-0.058,528.735,173.993,55.246,112.975,1,0.5843,-0.3634,0.4754,0
7507765,-0.355,-0.615,-0.016,0.017,0.011,-0.014,-72.882,-0.058,528.735,173.993,55.246,112.975,1,-0.0054,0.3564,0.5077,0
7507843,-0.177,-0.680,-0.173,-0.001,0.002,-0.013,-70.546,0.530,529.710,172.579,55.794,112.857,1,-0.9110,0.5253,0.2212,0
7507921,0.283,-0.583,-0.068,-0.018,0.002,-0.011,-70.546,0.530,529.710,172.579,55.794,112.857,1,-1.8050,0.3920,-0.1690,0
7508015,0.583,-0.519,0.211,-0.019,-0.003,-0.010,-70.546,0.531,529.713,172.580,55.795,112.857,1,-2.0105,0.2292,-0.3710,0
7508125,0.599,-0.408,0.361,-0.013,-0.005,-0.009,-70.546,0.531,529.713,172.580,55.795,112.857,1,-1.8395,0.0820,-0.4430,0
7508265,0.479,-0.361,0.280,-0.013,-0.005,-0.008,-70.546,0.532,529.713,172.580,55.795,112.858,1,-1.4160,-0.0055,-0.3968,0
7508312,0.305,-0.405,0.202,-0.012,-0.003,-0.009,-70.546,0.532,529.713,172.580,55.795,112.858,1,-0.9464,-0.0476,-0.3009,0
7508359,0.129,-0.400,0.127,-0.007,0.002,-0.006,-70.546,0.532,529.713,172.580,55.795,112.858,1,-0.5408,-0.0595,-0.1983,0
7508437,-0.070,-0.326,-0.063,-0.007,0.002,-0.001,-70.546,0.532,529.713,172.580,55.795,112.858,1,-0.2416,-0.0544,-0.1112,0
7508578,-0.249,-0.276,-0.235,-0.010,-0.001,0.004,-70.546,0.532,529.713,172.580,55.795,112.858,1,-0.0498,-0.0419,-0.0479,0
7508671,-0.291,-0.285,-0.158,-0.010,-0.002,0.001,-70.546,0.532,529.713,172.580,55.795,112.858,1,0.0537,-0.0280,-0.0079,0
7508781,-0.244,-0.332,0.028,-0.010,-0.001,-0.007,-70.546,0.532,529.713,172.580,55.795,112.858,1,0.0947,-0.0160,0.0132,0
7508875,-0.266,-0.354,-0.091,-0.011,-0.002,-0.007,-70.546,0.532,529.714,172.580,55.795,112.858,1,0.0974,-0.0071,0.0212,0
7508968,-0.333,-0.330,-0.282,-0.012,-0.001,0.001,-70.546,0.532,529.714,172.580,55.795,112.858,1,0.0807,-0.0015,0.0212,0
7509031,-0.326,-0.320,-0.192,-0.010,0.000,-0.000,-70.546,0.532,529.713,172.580,55.795,112.858,1,0.0576,0.0016,0.0173,0
7509109,-0.263,-0.343,-0.026,-0.010,-0.000,-0.007,-70.546,0.532,529.713,172.580,55.795,112.858,1,0.0357,0.0028,0.0121,0
7509218,-0.230,-0.349,-0.056,-0.010,0.001,-0.006,-70.546,0.532,529.713,172.580,55.795,112.858,1,0.0183,0.0029,0.0074,0
7509328,-0.241,-0.336,-0.159,-0.010,0.002,-0.002,-70.546,0.532,529.713,172.580,55.795,112.858,1,0.0063,0.0024,0.0037,0
7509468,-0.229,-0.396,-0.128,-0.009,0.005,-0.006,-70.879,-1.104,528.875,172.256,55.526,112.589,1,-0.0148,-0.0676,-0.0343,0
7509515,-0.158,-0.427,-0.134,-0.008,0.011,-0.010,-70.879,-1.104,528.875,172.256,55.526,112.589,1,-0.0366,-0.1589,-0.0822,0
7509562,-0.088,-0.380,-0.209,-0.004,0.016,-0.004,-70.879,-1.104,528.875,172.256,55.526,112.589,1,-0.0264,-0.1052,-0.0551,0
7509640,-0.102,-0.294,-0.153,0.001,0.014,0.003,-75.137,-22.038,517.942,168.487,52.041,109.545,1,-0.1828,-0.8768,-0.4592,0
7509781,-0.016,0.131,0.363,-0.012,0.003,0.002,-75.137,-22.038,517.942,168.487,52.041,109.545,1,-0.4063,-1.9813,-1.0363,0
7509875,0.453,0.726,0.914,-0.018,0.020,-0.004,-85.502,-72.971,485.650,160.977,42.549,103.993,1,-0.7000,-3.4297,-2.0337,0
7509984,1.008,1.137,1.132,0.014,0.065,-0.009,-85.502,-72.971,485.650,160.977,42.549,103.993,1,-0.9741,-4.7799,-3.0537,0
7510078,0.870,1.522,1.507,0.011,0.046,-0.008,-93.088,-110.207,458.097,156.567,34.848,101.218,1,-0.8113,-3.9818,-2.7912,0
7510171,0.274,1.392,1.298,-0.023,-0.008,-0.005,-93.088,-110.207,458.097,156.567,34.848,101.218,1,-0.4639,-2.2743,-1.9463,0
7510250,-0.002,0.337,0.324,-0.007,0.003,-0.001,-95.515,-122.047,449.325,155.348,32.360,100.536,1,0.0112,0.0610,-0.3760,0
7510328,-0.262,-0.879,-0.267,0.012,0.015,0.002,-95.515,-122.047,449.325,155.348,32.360,100.536,1,0.4613,2.2740,1.2612,0
7510437,-0.587,-1.684,-0.576,-0.002,-0.014,-0.002,-99.275,-131.820,442.637,155.654,30.135,100.303,1,0.5411,3.0304,1.9220,0
7510546,-0.522,-2.094,-0.915,-0.004,-0.020,-0.005,-99.275,-131.820,442.637,155.654,30.135,100.303,1,0.4240,2.9308,1.9806,0
7510687,-0.207,-1.919,-0.868,-0.000,-0.005,-0.001,-122.387,-158.699,418.095,163.938,21.180,100.900,1,-0.5316,1.6163,0.8877,0
7510734,0.192,-1.199,-0.525,-0.014,0.004,0.003,-122.387,-158.699,418.095,163.938,21.180,100.900,1,-1.7233,-0.0530,-0.5700,0
7510781,0.574,-0.704,-0.014,-0.015,0.013,-0.002,-122.387,-158.699,418.095,163.938,21.180,100.900,1,-1.0123,0.2744,-0.1421,0
7510859,0.490,-0.781,0.286,-0.008,0.010,-0.011,-140.075,-178.419,400.612,169.802,14.839,101.154,1,-0.2461,0.6880,0.3936,0
7511000,0.204,-1.005,0.179,0.007,0.010,-0.015,-140.075,-178.419,400.612,169.802,14.839,101.154,1,-0.5731,-0.0709,-0.1562,0
7511093,0.079,-0.852,0.317,0.017,0.000,-0.010,-161.413,-211.061,390.648,177.017,11.045,101.482,1,-0.7828,-0.9784,-0.0793,0
7511203,0.098,-0.226,0.345,0.006,-0.017,-0.002,-161.413,-211.061,390.648,177.017,11.045,101.482,1,-0.8961,-1.7916,0.2918,0
7511281,0.383,0.178,-0.269,0.010,0.021,-0.002,-179.137,-233.078,429.840,-172.447,17.051,102.381,1,-0.6334,-1.4108,2.5028,0
7511375,0.179,-0.012,-1.185,0.009,0.042,-0.009,-179.137,-233.078,429.840,-172.447,17.051,102.381,1,-0.2342,-0.5131,5.2106,0
7511453,-0.479,-0.453,-1.938,-0.016,0.001,-0.010,-186.253,-225.638,476.110,-164.596,22.930,103.274,1,0.4547,1.2709,5.8807,0
7511531,-0.691,-0.942,-2.428,-0.043,0.005,-0.006,-186.253,-225.638,476.110,-164.596,22.930,103.274,1,1.1590,3.1616,5.4249,0
7511640,-0.803,-1.599,-2.392,-0.037,0.022,-0.001,-183.475,-206.154,519.272,-160.341,29.536,104.820,1,1.7106,4.0183,4.0681,0
7511750,-1.098,-2.178,-1.879,-0.001,0.003,-0.003,-183.475,-206.154,519.272,-160.341,29.536,104.820,1,2.0854,4.2083,2.5185,0
7511890,-1.160,-2.423,-1.700,0.012,0.006,-0.004,-171.719,-149.088,579.398,-153.005,40.642,109.091,1,2.2652,5.1173,2.0102,0
7511937,-1.114,-2.674,-1.603,-0.003,0.017,-0.004,-171.719,-149.088,579.398,-153.005,40.642,109.091,1,2.3161,6.2121,2.1079,0
7511984,-1.107,-2.527,-1.186,-0.016,0.011,-0.007,-171.719,-149.088,579.398,-153.005,40.642,109.091,1,1.4156,3.1868,-0.7800,0
7512046,-0.555,-1.334,-0.306,-0.018,0.029,-0.007,-167.696,-129.767,587.116,-151.343,42.757,110.236,1,0.3840,-0.4880,-4.2765,0
7512187,0.273,-0.185,1.227,0.007,0.046,-0.009,-167.696,-129.767,587.116,-151.343,42.757,110.236,1,-0.0238,-1.3868,-4.8800,0
7512281,0.652,0.215,2.487,0.029,0.035,-0.011,-168.977,-144.293,547.175,-158.976,33.767,106.140,1,-0.4447,-3.0068,-6.2952,0
7512406,0.770,0.743,3.265,0.006,0.037,-0.013,-168.977,-144.293,547.175,-158.976,33.767,106.140,1,-0.7943,-4.6825,-7.8486,0
7512484,0.768,1.317,3.920,-0.009,0.057,-0.016,-170.675,-157.187,488.583,-166.845,20.657,102.767,1,-0.8374,-4.5734,-7.9543,0
7512578,0.596,1.381,3.735,-0.008,0.046,-0.014,-170.675,-157.187,488.583,-166.845,20.657,102.767,1,-0.7217,-3.6067,-7.3287,0
7512640,0.387,0.927,2.950,-0.010,0.024,-0.008,-172.163,-164.103,444.265,-171.078,11.458,101.562,1,-0.5227,-2.2125,-5.0639,0
7512734,0.191,0.208,2.015,0.001,0.011,-0.005,-172.163,-164.103,444.265,-171.078,11.458,101.562,1,-0.3195,-0.8654,-2.4109,0
7512828,-0.055,-0.306,1.056,-0.003,-0.014,-0.007,-173.407,-169.971,400.912,-174.449,3.570,101.106,1,-0.1503,0.0013,-0.6204,0
7512937,-0.317,-0.485,0.575,-0.021,-0.026,-0.006,-173.407,-169.971,400.912,-174.449,3.570,101.106,1,-0.0291,0.4716,0.4155,0
7513078,-0.457,-0.492,-0.010,-0.030,-0.026,0.002,-173.871,-172.117,368.673,-176.697,-1.807,101.066,1,0.0690,0.7736,1.3191,0
7513125,-0.357,-0.618,-0.802,-0.026,-0.016,0.003,-173.871,-172.117,368.673,-176.697,-1.807,101.066,1,0.1376,0.9371,1.9909,0
7513171,-0.203,-0.832,-1.146,-0.009,-0.002,-0.008,-173.871,-172.117,368.673,-176.697,-1.807,101.066,1,0.1656,0.9355,3.3196,0
7513250,-0.287,-0.819,-1.353,-0.007,-0.005,-0.013,-173.837,-172.256,368.377,-176.715,-1.851,101.084,1,0.1699,0.8471,4.7137,0
7513390,-0.401,-0.641,-1.623,-0.017,-0.016,-0.011,-173.837,-172.256,368.377,-176.715,-1.851,101.084,1,0.1421,0.6414,4.5170,0
7513484,-0.460,-0.405,-1.377,-0.018,-0.033,-0.009,-173.094,-186.522,362.286,-177.143,-2.895,102.053,1,0.1322,-0.1765,3.3413,0
7513593,-0.485,-0.032,-0.777,-0.017,-0.037,-0.006,-173.094,-186.522,362.286,-177.143,-2.895,102.053,1,0.1330,-1.1447,1.9010,0
7513671,-0.352,0.516,-0.486,-0.040,-0.020,-0.007,-161.641,-220.582,358.898,-176.559,-1.547,106.199,1,0.5625,-2.2481,0.9564,0
7513765,-0.514,1.104,-0.323,-0.067,-0.013,-0.010,-161.641,-220.582,358.898,-176.559,-1.547,106.199,1,1.1237,-3.2145,0.4298,0
7513843,-1.094,1.230,-0.099,-0.053,-0.031,-0.004,-137.370,-248.554,366.876,-174.829,2.572,112.338,1,1.7353,-2.8387,0.5730,0
7513921,-1.383,0.634,-0.075,-0.016,-0.035,0.002,-137.370,-248.554,366.876,-174.829,2.572,112.338,1,2.2589,-1.8721,1.0192,0
7514031,-1.260,-0.107,-0.158,0.006,-0.013,-0.005,-108.130,-267.424,386.513,-172.680,7.622,118.979,1,2.3101,-0.6657,1.5445,0
7514140,-1.332,-0.459,-0.396,-0.002,-0.021,-0.010,-108.130,-267.424,386.513,-172.680,7.622,118.979,1,2.1195,0.4360,2.0116,0
7514281,-1.371,-0.672,-1.230,-0.021,-0.049,-0.007,-75.137,-278.803,445.146,-167.831,18.437,126.994,1,1.7936,1.2147,3.5222,0
7514328,-0.950,-1.018,-2.285,-0.014,-0.039,-0.004,-75.137,-278.803,445.146,-167.831,18.437,126.994,1,1.4613,1.6908,5.2671,0
7514375,-0.506,-1.331,-2.272,0.001,-0.014,-0.009,-75.137,-278.803,445.146,-167.831,18.437,126.994,1,-0.3694,2.0950,2.6696,0
7514453,0.064,-1.513,-1.081,-0.004,-0.003,-0.014,-68.449,-273.700,484.522,-164.651,24.846,129.928,1,-2.3159,2.6055,0.0837,0
7514593,0.709,-1.525,-0.010,-0.020,-0.013,-0.016,-68.449,-273.700,484.522,-164.651,24.846,129.928,1,-2.5625,2.5919,0.4645,0
7514687,0.931,-1.430,0.269,-0.016,-0.006,-0.010,-68.956,-272.723,489.016,-164.302,25.485,130.018,1,-2.5158,1.9322,-0.9116,0
7514734,1.085,-1.244,0.369,0.003,0.030,-0.002,-68.956,-272.723,489.016,-164.302,25.485,130.018,1,-2.3333,1.0764,-2.8978,0
7514812,1.148,-0.869,1.145,0.001,0.036,-0.006,-68.956,-272.723,489.016,-164.302,25.485,130.018,1,-1.7916,0.4155,-3.5303,0
7514890,0.810,-0.565,1.717,-0.013,0.014,-0.010,-74.320,-274.074,471.371,-165.754,22.036,128.137,1,-1.4003,-0.0848,-4.1278,0
7514968,0.554,-0.548,1.564,-0.011,0.015,-0.009,-74.320,-274.074,471.371,-165.754,22.036,128.137,1,-1.1768,-0.3725,-4.4074,0
7515062,0.728,-0.563,1.556,0.004,0.039,-0.008,-91.092,-271.068,450.841,-166.639,17.214,124.237,1,-1.3329,-0.2606,-3.8539,0
7515140,0.961,-0.431,1.444,0.002,0.053,-0.005,-91.092,-271.068,450.841,-166.639,17.214,124.237,1,-1.6470,0.0270,-2.9927,0
7515250,1.111,-0.390,1.035,-0.012,0.058,-0.002,-113.665,-262.296,423.268,-168.338,10.753,119.096,1,-1.7432,0.4077,-2.3153,0
7515343,1.071,-0.524,0.909,-0.014,0.041,-0.003,-113.665,-262.296,423.268,-168.338,10.753,119.096,1,-1.7146,0.7640,-1.8531,0
7515484,0.503,-0.587,1.006,-0.025,-0.014,-0.001,-135.178,-246.167,379.340,-172.287,1.335,113.908,1,-1.3393,1.1099,-1.9768,0
7515531,0.004,-0.715,1.055,-0.029,-0.036,0.001,-135.178,-246.167,379.340,-172.287,1.335,113.908,1,-0.8628,1.3869,-2.3657,0
7515578,-0.078,-0.853,0.820,-0.013,-0.008,-0.003,-135.178,-246.167,379.340,-172.287,1.335,113.908,1,0.4422,0.5840,-0.2595,0
7515656,-0.353,-0.567,0.087,-0.009,0.008,-0.006,-138.002,-242.776,364.155,-173.425,-1.382,113.251,1,1.7941,-0.4583,2.0418,0
7515796,-0.817,-0.169,-0.675,-0.006,0.006,-0.005,-138.002,-242.776,364.155,-173.425,-1.382,113.251,1,2.0084,-0.7427,2.1536,0
7515890,-0.957,-0.056,-1.064,-0.002,0.006,-0.003,-138.001,-242.529,361.403,-173.607,-1.814,113.256,1,1.8628,-0.8787,2.3379,0
7516000,-0.799,-0.085,-1.084,-0.005,0.010,-0.005,-138.001,-242.529,361.403,-173.607,-1.814,113.256,1,1.5670,-0.9166,2.5238,0
7516078,-0.725,-0.071,-1.012,-0.007,0.006,-0.004,-137.993,-242.536,361.410,-173.608,-1.811,113.257,1,1.1327,-0.7769,2.2664,0
7516171,-0.681,-0.062,-0.963,-0.009,-0.003,0.001,-137.993,-242.536,361.410,-173.608,-1.811,113.257,1,0.7105,-0.5756,1.8384,0
7516250,-0.462,-0.168,-0.689,-0.014,-0.004,-0.005,-137.991,-242.537,361.411,-173.608,-1.811,113.258,1,0.3714,-0.3701,1.2885,0
7516328,-0.229,-0.283,-0.394,-0.015,0.001,-0.010,-137.991,-242.537,361.411,-173.608,-1.811,113.258,1,0.1359,-0.2005,0.7800,0
7516437,-0.135,-0.323,-0.227,-0.011,0.002,-0.007,-137.991,-242.537,361.411,-173.608,-1.811,113.258,1,-0.0051,-0.0801,0.3859,0
7516546,-0.109,-0.351,-0.056,-0.009,0.001,-0.005,-137.991,-242.537,361.411,-173.608,-1.811,113.258,1,-0.0736,-0.0060,0.1209,0
7516687,-0.089,-0.402,0.071,-0.011,-0.000,-0.007,-137.991,-242.537,361.411,-173.608,-1.811,113.258,1,-0.0937,0.0315,-0.0317,0
7516734,-0.089,-0.429,0.126,-0.012,-0.000,-0.009,-137.991,-242.537,361.411,-173.608,-1.811,113.258,1,-0.0863,0.0442,-0.1010,0
7516781,-0.118,-0.402,0.057,-0.010,-0.000,-0.004,-137.991,-242.537,361.411,-173.608,-1.811,113.258,1,-0.0667,0.0422,-0.1164,0
7516859,-0.173,-0.359,-0.097,-0.008,0.000,0.003,-137.991,-242.537,361.411,-173.608,-1.811,113.258,1,-0.0448,0.0335,-0.1025,0
7517000,-0.193,-0.342,-0.166,-0.009,-0.000,0.006,-137.991,-242.537,361.411,-173.608,-1.811,113.258,1,-0.0257,0.0230,-0.0768,0
7517093,-0.172,-0.354,-0.092,-0.011,-0.000,0.002,-137.991,-242.537,361.412,-173.608,-1.811,113.258,1,-0.0116,0.0136,-0.0499,0
7517203,-0.149,-0.390,-0.008,-0.010,-0.000,-0.002,-137.991,-242.537,361.412,-173.608,-1.811,113.258,1,-0.0025,0.0065,-0.0275,0
7517281,-0.134,-0.423,-0.072,-0.013,0.000,-0.003,-137.991,-242.537,361.412,-173.608,-1.811,113.258,1,0.0024,0.0018,-0.0114,0
7517359,-0.134,-0.414,-0.095,-0.015,0.001,-0.003,-137.991,-242.537,361.412,-173.608,-1.811,113.258,1,0.0044,-0.0009,-0.0014,1
7517453,-0.164,-0.396,0.040,-0.013,0.002,-0.006,-137.991,-242.537,361.412,-173.608,-1.811,113.258,1,0.0046,-0.0020,0.0038,0
7517531,-0.208,-0.385,0.135,-0.008,0.002,-0.007,-137.991,-242.537,361.412,-173.608,-1.811,113.258,1,0.0038,-0.0022,0.0056,0
7517640,-0.180,-0.385,0.087,-0.007,0.002,-0.004,-137.991,-242.537,361.412,-173.608,-1.811,113.258,1,0.0027,-0.0019,0.0055,0
7517734,-0.131,-0.381,-0.072,-0.010,0.000,0.001,-137.991,-242.537,361.412,-173.608,-1.811,113.258,1,0.0017,-0.0014,0.0044,1
7517875,-0.173,-0.352,-0.171,-0.012,-0.000,0.003,-137.991,-242.537,361.412,-173.608,-1.811,113.258,1,0.0009,-0.0009,0.0031,1
7517921,-0.213,-0.356,-0.061,-0.011,0.000,-0.000,-137.991,-242.537,361.412,-173.608,-1.811,113.258,1,0.0003,-0.0005,0.0018,1
7517968,-0.180,-0.411,0.155,-0.007,-0.001,-0.006,-137.991,-242.537,361.412,-173.608,-1.811,113.258,1,-0.0000,-0.0002,0.0009,1
7518046,-0.123,-0.436,0.271,-0.006,-0.002,-0.010,-137.990,-242.538,361.413,-173.608,-1.810,113.258,1,-0.0002,-0.0000,0.0003,1
7518187,-0.111,-0.412,0.190,-0.011,-0.002,-0.011,-137.990,-242.538,361.413,-173.608,-1.810,113.258,1,-0.0002,0.0001,-0.0000,1
7518281,-0.171,-0.393,0.079,-0.015,-0.002,-0.009,-137.990,-242.538,361.412,-173.608,-1.810,113.258,1,-0.0002,0.0001,-0.0002,1
7518390,-0.179,-0.383,0.102,-0.013,-0.002,-0.007,-137.990,-242.538,361.412,-173.608,-1.810,113.258,1,-0.0002,0.0001,-0.0003,1
7518468,-0.095,-0.374,0.162,-0.013,-0.001,-0.011,-137.990,-242.538,361.412,-173.608,-1.810,113.258,1,-0.0001,0.0001,-0.0003,1
7518562,-0.082,-0.394,0.126,-0.014,0.001,-0.012,-137.990,-242.538,361.412,-173.608,-1.810,113.258,1,-0.0001,0.0001,-0.0002,1
7518640,-0.152,-0.419,0.013,-0.015,0.001,-0.007,-137.990,-242.538,361.412,-173.608,-1.810,113.258,1,-0.0001,0.0001,-0.0001,1
7518718,-0.192,-0.398,-0.101,-0.015,0.001,-0.002,-137.990,-242.538,361.412,-173.608,-1.810,113.258,1,-0.0000,0.0000,-0.0001,1
7518828,-0.169,-0.379,-0.105,-0.014,0.001,-0.002,-137.990,-242.538,361.412,-173.608,-1.810,113.258,1,-0.0000,0.0000,-0.0000,1
7518937,-0.138,-0.403,-0.038,-0.012,0.001,-0.005,-137.990,-242.538,361.412,-173.608,-1.810,113.258,1,0.0000,0.0000,-0.0000,1
7519078,-0.177,-0.397,-0.076,-0.009,0.001,-0.003,-137.990,-242.538,361.412,-173.608,-1.810,113.258,1,0.0000,0.0000,0.0000,1
7519125,-0.194,-0.372,-0.058,-0.009,0.003,-0.001,-137.990,-242.538,361.412,-173.608,-1.810,113.258,1,0.0000,-0.0000,0.0000,1
7519171,-0.176,-0.368,0.028,-0.011,0.004,-0.004,-137.990,-242.538,361.412,-173.608,-1.810,113.258,1,0.0000,-0.0000,0.0000,1
7519250,-0.208,-0.372,0.045,-0.009,0.003,-0.003,-137.990,-242.538,361.412,-173.608,-1.810,113.258,1,0.0000,-0.0000,0.0000,1
7519390,-0.217,-0.367,0.045,-0.008,0.002,-0.003,-137.990,-242.538,361.412,-173.608,-1.810,113.258,1,0.0000,0.0000,0.0000,1
7519484,-0.165,-0.354,0.104,-0.009,0.002,-0.006,-137.990,-242.538,361.412,-173.608,-1.810,113.258,1,0.0000,-0.0000,0.0000,1
7519593,-0.146,-0.379,0.101,-0.009,0.001,-0.007,-137.990,-242.538,361.412,-173.608,-1.810,113.258,1,0.0000,-0.0000,-0.0000,1
7519671,-0.213,-0.392,-0.094,-0.009,0.001,-0.000,-137.990,-242.538,361.412,-173.608,-1.810,113.258,1,0.0000,-0.0000,-0.0000,1
7519765,-0.211,-0.391,-0.105,-0.011,0.000,-0.000,-137.990,-242.538,361.412,-173.608,-1.810,113.258,1,-0.0000,0.0000,0.0000,1
7519968,-0.117,-0.386,0.066,-0.018,-0.003,-0.008,-137.990,-242.538,361.412,-173.608,-1.810,113.258,1,-0.0000,0.0000,0.0000,1
7520125,-0.135,-0.354,-0.020,-0.020,-0.002,-0.006,-137.986,-242.537,361.411,-173.610,-1.810,113.257,1,0.0002,0.0000,-0.0001,1
7520187,-0.210,-0.346,-0.172,-0.011,0.001,0.002,-137.986,-242.537,361.411,-173.610,-1.810,113.257,1,0.0004,0.0001,-0.0001,1
7520281,-0.192,-0.352,0.001,-0.010,0.000,-0.002,-137.986,-242.537,361.411,-173.610,-1.810,113.257,1,0.0003,0.0000,-0.0001,1
7520359,-0.150,-0.367,0.188,-0.017,-0.002,-0.009,-137.986,-242.537,361.411,-173.610,-1.810,113.257,1,-0.0000,-0.0000,0.0000,1
7520453,-0.170,-0.381,0.003,-0.016,-0.005,-0.008,-137.986,-242.537,361.411,-173.610,-1.810,113.257,1,-0.0002,-0.0000,0.0001,1
7520562,-0.195,-0.378,-0.126,-0.012,-0.006,-0.004,-137.986,-242.537,361.411,-173.610,-1.810,113.257,1,-0.0002,-0.0000,0.0001,1
7520718,-0.180,-0.394,0.046,-0.012,-0.002,-0.006,-137.986,-242.537,361.411,-173.610,-1.810,113.257,1,-0.0002,-0.0000,0.0001,1
7520828,-0.161,-0.403,0.156,-0.013,0.001,-0.007,-137.986,-242.537,361.411,-173.610,-1.810,113.257,1,-0.0001,-0.0000,0.0000,1
7520937,-0.158,-0.403,0.133,-0.012,0.001,-0.007,-137.986,-242.537,361.411,-173.610,-1.810,113.257,1,-0.0001,-0.0000,0.0000,1
7521078,-0.173,-0.402,0.020,-0.012,0.000,-0.005,-137.986,-242.537,361.411,-173.610,-1.810,113.257,1,-0.0001,-0.0000,0.0000,1
7521125,-0.164,-0.401,-0.032,-0.013,0.000,-0.004,-137.986,-242.537,361.411,-173.610,-1.810,113.257,1,-0.0000,-0.0000,0.0000,1
7521171,-0.124,-0.413,0.163,-0.013,-0.000,-0.011,-137.986,-242.537,361.411,-173.610,-1.810,113.257,1,-0.0000,-0.0000,0.0000,1
7521265,-0.134,-0.405,0.275,-0.012,-0.000,-0.013,-137.986,-242.537,361.411,-173.610,-1.810,113.257,1,0.0000,0.0000,-0.0000,1
7521406,-0.167,-0.388,0.148,-0.012,0.001,-0.007,-137.986,-242.537,361.411,-173.610,-1.810,113.257,1,0.0000,0.0000,-0.0000,1
7521484,-0.168,-0.398,0.058,-0.011,0.001,-0.005,-137.986,-242.537,361.411,-173.610,-1.810,113.257,1,0.0000,0.0000,-0.0000,1
7521531,-0.204,-0.401,-0.005,-0.010,0.001,-0.003,-137.986,-242.537,361.411,-173.610,-1.810,113.257,1,0.0000,0.0000,-0.0000,1
7521609,-0.256,-0.408,-0.016,-0.008,0.001,-0.002,-137.986,-242.537,361.411,-173.610,-1.810,113.257,1,0.0000,0.0000,-0.0000,1
7521687,-0.200,-0.428,0.185,-0.010,0.000,-0.009,-137.986,-242.537,361.411,-173.610,-1.810,113.257,1,0.0000,0.0000,-0.0000,1
7521781,-0.121,-0.395,0.216,-0.014,0.002,-0.010,-137.986,-242.537,361.411,-173.610,-1.810,113.257,1,0.0000,0.0000,-0.0000,1
7521875,-0.175,-0.362,-0.073,-0.013,0.004,-0.000,-137.986,-242.537,361.411,-173.610,-1.810,113.257,1,0.0000,0.0000,-0.0000,1
7521953,-0.226,-0.382,-0.108,-0.011,0.003,0.001,-137.986,-242.537,361.411,-173.610,-1.810,113.257,1,-0.0000,-0.0000,0.0000,1
7522046,-0.191,-0.385,0.162,-0.010,0.001,-0.010,-137.986,-242.537,361.411,-173.610,-1.810,113.257,1,-0.0000,-0.0000,0.0000,1
7522156,-0.205,-0.349,0.124,-0.009,0.001,-0.009,-137.986,-242.537,361.411,-173.610,-1.810,113.257,1,-0.0000,-0.0000,0.0000,1
7522296,-0.241,-0.346,-0.086,-0.010,0.002,-0.001,-137.986,-242.537,361.411,-173.610,-1.810,113.257,1,-0.0000,-0.0000,0.0000,1
7522421,-0.188,-0.396,0.005,-0.012,0.001,-0.003,-137.986,-242.537,361.411,-173.610,-1.810,113.257,1,-0.0000,-0.0000,0.0000,1
7522531,-0.176,-0.396,0.047,-0.012,0.001,-0.003,-137.986,-242.537,361.411,-173.610,-1.810,113.257,1,-0.0000,-0.0000,0.0000,1
7522671,-0.247,-0.344,-0.133,-0.009,0.003,0.006,-137.986,-242.537,361.411,-173.610,-1.810,113.257,1,-0.0000,-0.0000,0.0000,1
7522718,-0.246,-0.341,-0.190,-0.009,0.002,0.006,-137.986,-242.537,361.411,-173.610,-1.810,113.257,1,-0.0000,-0.0000,0.0000,1
7522765,-0.172,-0.376,-0.080,-0.011,0.000,-0.002,-137.986,-242.537,361.411,-173.610,-1.810,113.257,1,-0.0000,-0.0000,0.0000,1
7522843,-0.123,-0.397,0.062,-0.012,-0.000,-0.008,-137.986,-242.537,361.411,-173.610,-1.810,113.257,1,0.0000,0.0000,-0.0000,1
7522984,-0.132,-0.403,0.113,-0.012,0.000,-0.008,-137.986,-242.537,361.411,-173.610,-1.810,113.257,1,0.0000,0.0000,-0.0000,1
7523078,-0.197,-0.390,-0.005,-0.011,0.001,-0.003,-137.986,-242.537,361.411,-173.610,-1.810,113.257,1,0.0000,0.0000,-0.0000,1
7523187,-0.218,-0.366,-0.055,-0.009,0.002,0.001,-137.986,-242.537,361.411,-173.610,-1.810,113.257,1,0.0000,0.0000,-0.0000,1
7523265,-0.158,-0.374,0.109,-0.010,0.002,-0.005,-137.986,-242.537,361.411,-173.610,-1.810,113.257,1,0.0000,0.0000,-0.0000,1
7523359,-0.139,-0.413,0.173,-0.011,0.001,-0.009,-137.986,-242.537,361.411,-173.610,-1.810,113.257,1,0.0000,0.0000,-0.0000,1
7523437,-0.173,-0.432,0.104,-0.011,0.000,-0.007,-137.986,-242.537,361.411,-173.610,-1.810,113.257,1,0.0000,0.0000,-0.0000,1
7523515,-0.197,-0.408,-0.003,-0.011,0.001,-0.003,-137.986,-242.537,361.411,-173.610,-1.810,113.257,1,0.0000,0.0000,-0.0000,1
7523625,-0.205,-0.378,-0.079,-0.011,0.002,0.001,-137.986,-242.537,361.411,-173.610,-1.810,113.257,1,-0.0000,-0.0000,0.0000,1
7523734,-0.216,-0.374,-0.041,-0.010,0.002,-0.000,-137.986,-242.537,361.411,-173.610,-1.810,113.257,1,-0.0000,-0.0000,0.0000,1
7523875,-0.267,-0.355,-0.109,-0.008,0.003,0.003,-137.986,-242.537,361.411,-173.610,-1.810,113.257,1,-0.0000,-0.0000,0.0000,1
7523921,-0.265,-0.356,-0.128,-0.009,0.002,0.003,-137.986,-242.537,361.411,-173.610,-1.810,113.257,1,-0.0000,-0.0000,0.0000,1
7523968,-0.178,-0.394,0.057,-0.011,0.001,-0.005,-137.986,-242.537,361.411,-173.610,-1.810,113.257,1,-0.0000,-0.0000,0.0000,1
7524046,-0.116,-0.441,0.151,-0.012,0.000,-0.010,-137.986,-242.537,361.411,-173.610,-1.810,113.257,1,-0.0000,-0.0000,0.0000,1
7524187,-0.114,-0.470,0.128,-0.012,-0.000,-0.010,-137.986,-242.537,361.411,-173.610,-1.810,113.257,1,-0.0000,-0.0000,0.0000,1
7524281,-0.157,-0.438,0.100,-0.012,0.000,-0.008,-137.986,-242.537,361.411,-173.610,-1.810,113.257,1,-0.0000,-0.0000,0.0000,1
7524390,-0.177,-0.395,0.095,-0.012,0.001,-0.007,-137.986,-242.537,361.411,-173.610,-1.810,113.257,1,-0.0000,-0.0000,0.0000,1
7524468,-0.150,-0.377,0.123,-0.012,0.001,-0.009,-137.986,-242.537,361.411,-173.610,-1.810,113.257,1,0.0000,0.0000,-0.0000,1
7524546,-0.149,-0.402,0.153,-0.012,0.001,-0.009,-137.986,-242.537,361.411,-173.610,-1.810,113.257,1,0.0000,0.0000,-0.0000,1
7524640,-0.171,-0.428,0.128,-0.012,0.001,-0.007,-137.986,-242.537,361.411,-173.610,-1.810,113.257,1,0.0000,0.0000,-0.0000,1
7524718,-0.157,-0.374,-0.009,-0.012,0.000,-0.005,-137.986,-242.537,361.411,-173.610,-1.810,113.257,1,0.0000,0.0000,-0.0000,1
7524828,-0.129,-0.352,-0.057,-0.011,-0.001,-0.005,-137.986,-242.537,361.411,-173.610,-1.810,113.257,1,0.0000,0.0000,-0.0000,1
7524921,-0.141,-0.420,0.075,-0.012,-0.001,-0.009,-137.986,-242.537,361.411,-173.610,-1.810,113.257,1,0.0000,0.0000,-0.0000,1
7525062,-0.172,-0.447,0.133,-0.012,0.001,-0.009,-137.986,-242.537,361.411,-173.610,-1.810,113.257,1,0.0000,0.0000,-0.0000,1
7525109,-0.179,-0.421,0.113,-0.011,0.001,-0.006,-137.986,-242.537,361.411,-173.610,-1.810,113.257,1,0.0000,0.0000,-0.0000,1
7525156,-0.173,-0.404,0.147,-0.009,0.000,-0.006,-137.986,-242.537,361.411,-173.610,-1.810,113.257,1,-0.0000,-0.0000,0.0000,1
7525234,-0.198,-0.391,0.068,-0.008,0.001,-0.003,-137.986,-242.537,361.411,-173.610,-1.810,113.257,1,-0.0000,-0.0000,0.0000,1
7525375,-0.234,-0.388,-0.090,-0.009,0.002,0.002,-137.986,-242.537,361.411,-173.610,-1.810,113.257,1,-0.0000,-0.0000,0.0000,1
7525468,-0.242,-0.417,-0.059,-0.010,0.003,-0.000,-137.986,-242.537,361.411,-173.610,-1.810,113.257,1,-0.0000,-0.0000,0.0000,1
7525578,-0.239,-0.429,-0.046,-0.011,0.003,-0.001,-137.986,-242.537,361.411,-173.610,-1.810,113.257,1,-0.0000,-0.0000,0.0000,1
7525656,-0.229,-0.407,-0.154,-0.011,0.001,0.001,-137.986,-242.537,361.411,-173.610,-1.810,113.257,1,-0.0000,-0.0000,0.0000,1
7525750,-0.173,-0.419,-0.080,-0.012,-0.000,-0.004,-137.986,-242.537,361.411,-173.610,-1.810,113.257,1,-0.0000,-0.0000,0.0000,1
7525828,-0.105,-0.458,0.100,-0.013,-0.001,-0.010,-137.986,-242.537,361.411,-173.610,-1.810,113.257,1,-0.0000,-0.0000,0.0000,1
7525906,-0.108,-0.459,0.107,-0.014,0.000,-0.009,-137.986,-242.537,361.411,-173.610,-1.810,113.257,1,-0.0000,-0.0000,0.0000,1
7526015,-0.167,-0.435,-0.026,-0.014,0.001,-0.004,-137.986,-242.537,361.411,-173.610,-1.810,113.257,1,0.0000,0.0000,-0.0000,1
7526125,-0.190,-0.423,-0.080,-0.014,0.001,-0.002,-137.986,-242.537,361.411,-173.610,-1.810,113.257,1,0.0000,0.0000,-0.0000,1
7526265,-0.171,-0.433,0.022,-0.014,0.000,-0.005,-137.986,-242.537,361.411,-173.610,-1.810,113.257,1,0.0000,0.0000,-0.0000,1
7526312,-0.132,-0.441,0.154,-0.013,-0.000,-0.009,-137.986,-242.537,361.411,-173.610,-1.810,113.257,1,0.0000,0.0000,-0.0000,1
7526359,-0.118,-0.427,0.090,-0.013,-0.000,-0.008,-137.986,-242.537,361.411,-173.610,-1.810,113.257,1,0.0000,0.0000,-0.0000,1
7526437,-0.186,-0.385,-0.076,-0.011,0.001,-0.001,-137.986,-242.537,361.411,-173.610,-1.810,113.257,1,0.0000,0.0000,-0.0000,1
7526578,-0.241,-0.349,-0.086,-0.009,0.002,0.003,-137.986,-242.537,361.411,-173.610,-1.810,113.257,1,0.0000,0.0000,-0.0000,1
7526671,-0.179,-0.409,0.013,-0.011,0.001,-0.001,-137.986,-242.537,361.411,-173.610,-1.810,113.257,1,0.0000,0.0000,-0.0000,1
7526781,-0.100,-0.485,0.135,-0.015,-0.000,-0.009,-137.986,-242.537,361.411,-173.610,-1.810,113.257,1,-0.0000,-0.0000,0.0000,1
7526859,-0.148,-0.463,0.100,-0.013,0.000,-0.008,-137.986,-242.537,361.411,-173.610,-1.810,113.257,1,-0.0000,-0.0000,0.0000,1
7526953,-0.226,-0.436,0.015,-0.010,0.002,-0.002,-137.986,-242.537,361.411,-173.610,-1.810,113.257,1,-0.0000,-0.0000,0.0000,1
7527031,-0.215,-0.451,0.085,-0.010,0.002,-0.002,-137.986,-242.537,361.411,-173.610,-1.810,113.257,1,-0.0000,-0.0000,0.0000,1
7527109,-0.164,-0.459,0.164,-0.012,0.000,-0.008,-137.986,-242.537,361.411,-173.610,-1.810,113.257,1,-0.0000,-0.0000,0.0000,1
7527218,-0.142,-0.438,0.155,-0.012,0.000,-0.010,-137.986,-242.537,361.411,-173.610,-1.810,113.257,1,-0.0000,-0.0000,0.0000,1
7527328,-0.163,-0.417,0.127,-0.010,0.002,-0.007,-137.986,-242.537,361.411,-173.610,-1.810,113.257,1,-0.0000,-0.0000,0.0000,1
7527468,-0.166,-0.432,0.172,-0.011,0.001,-0.008,-137.986,-242.537,361.411,-173.610,-1.810,113.257,1,-0.0000,-0.0000,0.0000,1
7527515,-0.172,-0.435,0.148,-0.011,0.000,-0.008,-137.986,-242.537,361.411,-173.610,-1.810,113.257,1,-0.0000,-0.0000,0.0000,1
7527562,-0.191,-0.415,0.049,-0.010,0.001,-0.004,-137.986,-242.537,361.411,-173.610,-1.810,113.257,1,0.0000,0.0000,-0.0000,1
7527640,-0.199,-0.400,-0.049,-0.011,0.001,-0.001,-137.986,-242.537,361.411,-173.610,-1.810,113.257,1,0.0000,0.0000,-0.0000,1
7527781,-0.196,-0.397,-0.094,-0.012,0.002,-0.001,-137.986,-242.537,361.411,-173.610,-1.810,113.257,1,0.0000,0.0000,-0.0000,1
7527875,-0.186,-0.418,-0.001,-0.012,0.001,-0.003,-137.986,-242.537,361.411,-173.610,-1.810,113.257,1,0.0000,0.0000,-0.0000,1
7527984,-0.213,-0.395,0.001,-0.011,0.003,-0.001,-137.986,-242.537,361.411,-173.610,-1.810,113.257,1,0.0000,0.0000,-0.0000,1
7528062,-0.229,-0.365,-0.029,-0.011,0.004,0.001,-137.986,-242.537,361.411,-173.610,-1.810,113.257,1,0.0000,0.0000,-0.0000,1
7528156,-0.213,-0.401,0.003,-0.013,0.002,-0.003,-137.986,-242.537,361.411,-173.610,-1.810,113.257,1,0.0000,0.0000,-0.0000,1
7528234,-0.239,-0.409,-0.068,-0.013,0.001,-0.002,-137.986,-242.537,361.411,-173.610,-1.810,113.257,1,0.0000,0.0000,-0.0000,1
7528312,-0.254,-0.376,-0.112,-0.010,0.001,0.001,-137.986,-242.537,361.411,-173.610,-1.810,113.257,1,-0.0000,-0.0000,0.0000,1
7528421,-0.278,-0.366,-0.129,-0.008,0.002,0.003,-137.986,-242.537,361.411,-173.610,-1.810,113.257,1,-0.0000,-0.0000,0.0000,1
7528531,-0.346,-0.369,-0.166,-0.007,0.005,0.005,-137.986,-242.537,361.411,-173.610,-1.810,113.257,1,-0.0000,-0.0000,0.0000,1
7528671,-0.310,-0.406,0.004,-0.009,0.005,-0.001,-137.986,-242.537,361.411,-173.610,-1.810,113.257,1,-0.0000,-0.0000,0.0000,1
7528718,-0.201,-0.452,0.227,-0.012,0.003,-0.010,-137.986,-242.537,361.411,-173.610,-1.810,113.257,1,-0.0000,-0.0000,0.0000,1
7528765,-0.140,-0.449,0.248,-0.013,0.000,-0.011,-137.986,-242.537,361.411,-173.610,-1.810,113.257,1,-0.0000,-0.0000,0.0000,1
7528843,-0.124,-0.426,0.245,-0.011,-0.001,-0.012,-137.986,-242.537,361.411,-173.610,-1.810,113.257,1,-0.0000,-0.0000,0.0000,1
7528984,-0.152,-0.406,0.259,-0.010,-0.000,-0.012,-137.986,-242.537,361.411,-173.610,-1.810,113.257,1,-0.0000,-0.0000,0.0000,1
7529078,-0.210,-0.381,0.101,-0.012,0.002,-0.007,-137.986,-242.537,361.411,-173.610,-1.810,113.257,1,-0.0000,-0.0000,0.0000,1
7529187,-0.258,-0.381,-0.106,-0.012,0.003,0.001,-137.986,-242.537,361.411,-173.610,-1.810,113.257,1,0.0000,0.0000,-0.0000,1
7529265,-0.245,-0.424,-0.056,-0.010,0.002,0.001,-137.986,-242.537,361.411,-173.610,-1.810,113.257,1,0.0000,0.0000,-0.0000,1
7529359,-0.184,-0.420,0.024,-0.011,0.001,-0.004,-137.986,-242.537,361.411,-173.610,-1.810,113.257,1,0.0000,0.0000,-0.0000,1
7529437,-0.172,-0.355,-0.134,-0.013,0.002,-0.001,-137.986,-242.537,361.411,-173.610,-1.810,113.257,1,0.0000,0.0000,-0.0000,1
7529515,-0.217,-0.349,-0.236,-0.015,0.003,0.003,-137.986,-242.537,361.411,-173.610,-1.810,113.257,1,0.0000,0.0000,-0.0000,1
7529625,-0.217,-0.404,-0.109,-0.014,0.003,0.000,-137.986,-242.537,361.411,-173.610,-1.810,113.257,1,0.0000,0.0000,-0.0000,1
7529734,-0.194,-0.417,-0.015,-0.013,0.002,-0.003,-137.986,-242.537,361.411,-173.610,-1.810,113.257,1,0.0000,0.0000,-0.0000,1
7529875,-0.229,-0.393,-0.125,-0.013,0.002,0.001,-137.986,-242.537,361.411,-173.610,-1.810,113.257,1,0.0000,0.0000,-0.0000,1
7529921,-0.222,-0.394,-0.115,-0.012,0.002,0.000,-137.986,-242.537,361.411,-173.610,-1.810,113.257,1,-0.0000,-0.0000,0.0000,1
7529968,-0.180,-0.392,-0.002,-0.012,0.001,-0.003,-137.986,-242.537,361.411,-173.610,-1.810,113.257,1,-0.0000,-0.0000,0.0000,1
7530046,-0.205,-0.392,0.008,-0.011,0.002,-0.002,-137.986,-242.537,361.411,-173.610,-1.810,113.257,1,-0.0000,-0.0000,0.0000,1
7530187,-0.212,-0.430,0.085,-0.010,0.003,-0.005,-137.986,-242.537,361.411,-173.610,-1.810,113.257,1,-0.0000,-0.0000,0.0000,1
7530281,-0.181,-0.451,0.127,-0.010,0.001,-0.008,-137.986,-242.537,361.411,-173.610,-1.810,113.257,1,-0.0000,-0.0000,0.0000,1
7530390,-0.166,-0.438,0.135,-0.010,-0.000,-0.008,-137.986,-242.537,361.411,-173.610,-1.810,113.257,1,-0.0000,-0.0000,0.0000,1
7530468,-0.171,-0.405,0.224,-0.008,-0.000,-0.008,-137.986,-242.537,361.411,-173.610,-1.810,113.257,1,-0.0000,-0.0000,0.0000,1
7530562,-0.188,-0.393,0.164,-0.009,0.001,-0.007,-137.986,-242.537,361.411,-173.610,-1.810,113.257,1,-0.0000,-0.0000,0.0000,1
7530640,-0.187,-0.431,0.008,-0.013,0.001,-0.005,-137.986,-242.537,361.411,-173.610,-1.810,113.257,1,-0.0000,0.0000,0.0000,1
7530718,-0.205,-0.427,-0.061,-0.012,0.002,-0.002,-137.986,-242.537,361.411,-173.610,-1.810,113.257,1,0.0000,0.0000,-0.0000,1
7530828,-0.246,-0.394,-0.037,-0.009,0.002,-0.001,-137.986,-242.537,361.411,-173.610,-1.810,113.257,1,0.0000,0.0000,-0.0000,1
7530937,-0.269,-0.400,0.042,-0.008,0.002,-0.003,-137.986,-242.537,361.411,-173.610,-1.810,113.257,1,0.0000,0.0000,-0.0000,1
7531078,-0.286,-0.389,-0.067,-0.008,0.002,0.001,-137.986,-242.537,361.411,-173.610,-1.810,113.257,1,0.0000,0.0000,-0.0000,1
7531125,-0.244,-0.396,-0.169,-0.010,0.003,0.003,-137.986,-242.537,361.411,-173.610,-1.810,113.257,1,0.0000,0.0000,-0.0000,1
7531171,-0.159,-0.448,-0.003,-0.013,0.001,-0.004,-137.986,-242.537,361.411,-173.610,-1.810,113.257,1,0.0000,0.0000,-0.0000,1
7531234,-0.140,-0.444,0.128,-0.014,0.001,-0.008,-137.986,-242.537,361.411,-173.610,-1.810,113.257,1,0.0000,0.0000,-0.0000,1
7531390,-0.154,-0.417,0.094,-0.014,0.002,-0.007,-137.986,-242.537,361.411,-173.610,-1.810,113.257,1,0.0000,0.0000,-0.0000,1
7531484,-0.154,-0.421,0.069,-0.016,0.002,-0.007,-137.986,-242.537,361.411,-173.610,-1.810,113.257,1,-0.0000,-0.0000,0.0000,1
7531593,-0.143,-0.408,0.107,-0.015,0.001,-0.008,-137.986,-242.537,361.411,-173.610,-1.810,113.257,1,-0.0000,-0.0000,0.0000,1
7531671,-0.140,-0.395,0.137,-0.013,0.001,-0.007,-137.986,-242.537,361.411,-173.610,-1.810,113.257,1,-0.0000,-0.0000,0.0000,1
7531750,-0.177,-0.439,0.192,-0.012,0.003,-0.007,-137.986,-242.537,361.411,-173.610,-1.810,113.257,1,-0.0000,-0.0000,0.0000,1
7531843,-0.204,-0.476,0.184,-0.014,0.002,-0.008,-137.986,-242.537,361.411,-173.610,-1.810,113.257,1,-0.0000,-0.0000,0.0000,1
7531921,-0.195,-0.454,0.084,-0.014,-0.000,-0.008,-137.986,-242.537,361.411,-173.610,-1.810,113.257,1,-0.0000,-0.0000,0.0000,1
7532031,-0.170,-0.447,0.109,-0.012,-0.001,-0.009,-137.986,-242.537,361.411,-173.610,-1.810,113.257,1,-0.0000,-0.0000,0.0000,1
7532125,-0.195,-0.436,0.091,-0.011,0.000,-0.006,-137.986,-242.537,361.411,-173.610,-1.810,113.257,1,-0.0000,-0.0000,0.0000,1
7532265,-0.249,-0.388,-0.034,-0.010,0.002,0.001,-137.986,-242.537,361.411,-173.610,-1.810,113.257,1,0.0000,0.0000,0.0000,1
7532312,-0.201,-0.393,0.022,-0.011,0.002,-0.002,-137.986,-242.537,361.411,-173.610,-1.810,113.257,1,0.0000,0.0000,-0.0000,1
7532359,-0.162,-0.410,0.005,-0.012,0.002,-0.004,-137.986,-242.537,361.411,-173.610,-1.810,113.257,1,0.0000,0.0000,-0.0000,1
7532421,-0.223,-0.382,-0.197,-0.011,0.003,0.004,-137.986,-242.537,361.411,-173.610,-1.810,113.257,1,0.0000,0.0000,-0.0000,1
7532562,-0.256,-0.365,-0.247,-0.009,0.003,0.008,-137.986,-242.537,361.411,-173.610,-1.810,113.257,1,0.0000,0.0000,-0.0000,1
7532656,-0.213,-0.396,-0.095,-0.011,0.003,0.002,-137.986,-242.537,361.411,-173.610,-1.810,113.257,1,0.0000,0.0000,-0.0000,1
7532765,-0.158,-0.460,0.060,-0.015,0.002,-0.006,-137.986,-242.537,361.411,-173.610,-1.810,113.257,1,0.0000,0.0000,-0.0000,1
7532843,-0.165,-0.455,0.069,-0.014,0.001,-0.007,-137.986,-242.537,361.411,-173.610,-1.810,113.257,1,0.0000,0.0000,-0.0000,1
7532937,-0.169,-0.415,0.060,-0.011,0.000,-0.005,-137.986,-242.537,361.411,-173.610,-1.810,113.257,1,0.0000,0.0000,-0.0000,1
7533015,-0.129,-0.448,0.111,-0.012,0.000,-0.008,-137.986,-242.537,361.411,-173.610,-1.810,113.257,1,-0.0000,-0.0000,0.0000,1
7533093,-0.140,-0.475,0.118,-0.014,0.001,-0.009,-137.986,-242.537,361.411,-173.610,-1.810,113.257,1,-0.0000,-0.0000,0.0000,1
7533203,-0.188,-0.446,0.112,-0.011,0.002,-0.006,-137.986,-242.537,361.411,-173.610,-1.810,113.257,1,-0.0000,-0.0000,0.0000,1
7533312,-0.216,-0.427,0.138,-0.010,0.002,-0.006,-137.986,-242.537,361.411,-173.610,-1.810,113.257,1,-0.0000,-0.0000,0.0000,1
7533453,-0.199,-0.435,0.150,-0.011,0.002,-0.008,-137.986,-242.537,361.411,-173.610,-1.810,113.257,1,-0.0000,-0.0000,0.0000,1
7533500,-0.176,-0.403,0.134,-0.011,0.001,-0.006,-137.986,-242.537,361.411,-173.610,-1.810,113.257,1,-0.0000,-0.0000,0.0000,1
7533546,-0.179,-0.384,0.079,-0.011,-0.000,-0.003,-137.986,-242.537,361.411,-173.610,-1.810,113.257,1,-0.0000,-0.0000,0.0000,1
7533640,-0.174,-0.436,0.012,-0.012,0.001,-0.001,-137.986,-242.537,361.411,-173.610,-1.810,113.257,1,-0.0000,-0.0000,0.0000,1
7533765,-0.180,-0.445,0.018,-0.011,0.003,-0.001,-137.986,-242.537,361.411,-173.610,-1.810,113.257,1,0.0000,0.0000,-0.0000,1
7533859,-0.160,-0.413,0.077,-0.011,0.003,-0.005,-137.986,-242.537,361.411,-173.610,-1.810,113.257,1,0.0000,0.0000,-0.0000,1
7533968,-0.156,-0.414,0.023,-0.011,0.001,-0.005,-137.986,-242.537,361.411,-173.610,-1.810,113.257,1,0.0000,0.0000,-0.0000,1
7534046,-0.239,-0.414,-0.166,-0.007,0.001,0.003,-137.986,-242.537,361.411,-173.610,-1.810,113.257,1,0.0000,0.0000,-0.0000,1
7534140,-0.230,-0.405,-0.148,-0.008,0.001,0.002,-137.986,-242.537,361.411,-173.610,-1.810,113.257,1,0.0000,0.0000,-0.0000,1
7534218,-0.134,-0.434,0.119,-0.014,0.001,-0.010,-137.986,-242.537,361.411,-173.610,-1.810,113.257,1,0.0000,0.0000,-0.0000,1
7534296,-0.109,-0.471,0.253,-0.016,0.001,-0.015,-137.986,-242.537,361.411,-173.610,-1.810,113.257,1,0.0000,0.0000,-0.0000,1
7534406,-0.135,-0.457,0.111,-0.013,0.002,-0.009,-137.986,-242.537,361.411,-173.610,-1.810,113.257,1,0.0000,0.0000,-0.0000,1
7534515,-0.180,-0.421,-0.064,-0.012,0.002,-0.002,-137.986,-242.537,361.411,-173.610,-1.810,113.257,1,0.0000,0.0000,-0.0000,1
7534656,-0.161,-0.424,0.004,-0.014,-0.000,-0.005,-137.986,-242.537,361.411,-173.610,-1.810,113.257,1,-0.0000,-0.0000,0.0000,1
7534703,-0.118,-0.421,0.025,-0.013,-0.000,-0.006,-137.986,-242.537,361.411,-173.610,-1.810,113.257,1,-0.0000,-0.0000,0.0000,1
7534750,-0.183,-0.379,-0.171,-0.011,0.001,0.002,-137.986,-242.537,361.411,-173.610,-1.810,113.257,1,-0.0000,-0.0000,0.0000,1
7534828,-0.231,-0.368,-0.221,-0.011,0.001,0.004,-137.986,-242.537,361.411,-173.610,-1.810,113.257,1,-0.0000,-0.0000,0.0000,1
7534968,-0.196,-0.419,-0.123,-0.012,0.002,0.000,-137.986,-242.537,361.411,-173.610,-1.810,113.257,1,-0.0000,-0.0000,0.0000,1
7535062,-0.179,-0.447,-0.030,-0.011,0.002,-0.002,-137.986,-242.537,361.411,-173.610,-1.810,113.257,1,-0.0000,-0.0000,0.0000,1
7535171,-0.182,-0.424,0.085,-0.011,0.002,-0.005,-137.986,-242.537,361.411,-173.610,-1.810,113.257,1,-0.0000,-0.0000,0.0000,1
7535250,-0.168,-0.445,0.078,-0.013,0.001,-0.006,-137.986,-242.537,361.411,-173.610,-1.810,113.257,1,-0.0000,-0.0000,0.0000,1
7535343,-0.161,-0.455,0.003,-0.013,0.002,-0.005,-137.986,-242.537,361.411,-173.610,-1.810,113.257,1,0.0000,0.0000,-0.0000,1
7535421,-0.199,-0.402,0.033,-0.010,0.004,-0.003,-137.986,-242.537,361.411,-173.610,-1.810,113.257,1,0.0000,0.0000,-0.0000,1
7535500,-0.218,-0.388,0.070,-0.009,0.003,-0.004,-137.986,-242.537,361.411,-173.610,-1.810,113.257,1,0.0000,0.0000,-0.0000,1
7535609,-0.167,-0.409,-0.024,-0.012,0.001,-0.003,-137.986,-242.537,361.411,-173.610,-1.810,113.257,1,0.0000,0.0000,-0.0000,1
7535718,-0.138,-0.426,-0.109,-0.014,0.000,-0.001,-137.986,-242.537,361.411,-173.610,-1.810,113.257,1,0.0000,0.0000,-0.0000,1
7535859,-0.161,-0.452,0.018,-0.013,0.001,-0.004,-137.986,-242.537,361.411,-173.610,-1.810,113.257,1,0.0000,0.0000,-0.0000,1
7535906,-0.186,-0.428,0.115,-0.011,0.002,-0.005,-137.986,-242.537,361.411,-173.610,-1.810,113.257,1,0.0000,0.0000,-0.0000,1
7535953,-0.191,-0.389,0.070,-0.009,0.002,-0.004,-137.986,-242.537,361.411,-173.610,-1.810,113.257,1,0.0000,0.0000,-0.0000,1
7536031,-0.190,-0.405,-0.020,-0.012,0.001,-0.003,-137.986,-242.537,361.411,-173.610,-1.810,113.257,1,0.0000,0.0000,-0.0000,1
7536171,-0.189,-0.411,-0.150,-0.014,-0.000,-0.002,-137.986,-242.537,361.411,-173.610,-1.810,113.257,1,-0.0000,-0.0000,0.0000,1
7536265,-0.169,-0.420,-0.091,-0.014,0.000,-0.004,-137.986,-242.537,361.411,-173.610,-1.810,113.257,1,-0.0000,-0.0000,0.0000,1
7536375,-0.189,-0.454,0.058,-0.012,0.001,-0.003,-137.986,-242.537,361.411,-173.610,-1.810,113.257,1,-0.0000,-0.0000,0.0000,1
7536453,-0.240,-0.441,-0.032,-0.011,0.002,0.002,-137.986,-242.537,361.411,-173.610,-1.810,113.257,1,-0.0000,-0.0000,0.0000,1
7536546,-0.245,-0.400,-0.192,-0.013,0.002,0.004,-137.986,-242.537,361.411,-173.610,-1.810,113.257,1,-0.0000,-0.0000,0.0000,1
7536625,-0.201,-0.426,-0.106,-0.014,0.001,-0.001,-137.986,-242.537,361.411,-173.610,-1.810,113.257,1,-0.0000,-0.0000,0.0000,1
7536703,-0.118,-0.488,0.156,-0.015,0.000,-0.012,-137.986,-242.537,361.411,-173.610,-1.810,113.257,1,-0.0000,-0.0000,0.0000,1
7536812,-0.123,-0.472,0.199,-0.014,0.000,-0.012,-137.986,-242.537,361.411,-173.610,-1.810,113.257,1,-0.0000,-0.0000,0.0000,1
7536921,-0.181,-0.423,0.055,-0.012,0.001,-0.004,-137.986,-242.537,361.411,-173.610,-1.810,113.257,1,0.0000,0.0000,-0.0000,1
7537062,-0.116,-0.435,0.080,-0.013,-0.000,-0.008,-137.986,-242.537,361.411,-173.610,-1.810,113.257,1,0.0000,0.0000,-0.0000,1
7537109,-0.088,-0.449,0.072,-0.014,-0.001,-0.009,-137.986,-242.537,361.411,-173.610,-1.810,113.257,1,0.0000,0.0000,-0.0000,1
7537156,-0.193,-0.427,-0.131,-0.013,0.001,0.001,-137.986,-242.537,361.411,-173.610,-1.810,113.257,1,0.0000,0.0000,-0.0000,1
7537234,-0.209,-0.392,-0.183,-0.013,0.002,0.003,-137.986,-242.537,361.411,-173.610,-1.810,113.257,1,0.0000,0.0000,-0.0000,1
7537375,-0.133,-0.390,-0.089,-0.016,0.001,-0.002,-137.986,-242.537,361.411,-173.610,-1.810,113.257,1,0.0000,0.0000,-0.0000,1
7537468,-0.151,-0.419,-0.098,-0.016,0.002,-0.002,-137.986,-242.537,361.411,-173.610,-1.810,113.257,1,0.0000,0.0000,-0.0000,1
7537578,-0.196,-0.428,-0.061,-0.013,0.001,-0.002,-137.986,-242.537,361.411,-173.610,-1.810,113.257,1,0.0000,0.0000,-0.0000,1
7537656,-0.164,-0.438,0.090,-0.012,0.001,-0.006,-137.986,-242.537,361.411,-173.610,-1.810,113.257,1,0.0000,0.0000,-0.0000,1
7537750,-0.159,-0.430,0.133,-0.010,0.001,-0.007,-137.986,-242.537,361.411,-173.610,-1.810,113.257,1,-0.0000,-0.0000,0.0000,1
7537828,-0.220,-0.391,0.049,-0.008,0.002,-0.002,-137.986,-242.537,361.411,-173.610,-1.810,113.257,1,-0.0000,-0.0000,0.0000,1
7537906,-0.215,-0.404,0.047,-0.010,0.002,-0.003,-137.986,-242.537,361.411,-173.610,-1.810,113.257,1,-0.0000,-0.0000,0.0000,1
7538015,-0.102,-0.449,0.070,-0.014,0.000,-0.007,-137.986,-242.537,361.411,-173.610,-1.810,113.257,1,-0.0000,-0.0000,0.0000,1
7538125,-0.062,-0.446,0.018,-0.015,-0.001,-0.005,-137.986,-242.537,361.411,-173.610,-1.810,113.257,1,-0.0000,-0.0000,0.0000,1
7538265,-0.140,-0.433,0.061,-0.012,0.000,-0.005,-137.986,-242.537,361.411,-173.610,-1.810,113.257,1,-0.0000,-0.0000,0.0000,1
7538312,-0.199,-0.407,0.093,-0.009,0.002,-0.005,-137.986,-242.537,361.411,-173.610,-1.810,113.257,1,-0.0000,-0.0000,0.0000,1
7538359,-0.200,-0.383,0.042,-0.008,0.002,-0.002,-137.986,-242.537,361.411,-173.610,-1.810,113.257,1,-0.0000,-0.0000,0.0000,1
7538437,-0.167,-0.413,0.060,-0.011,0.001,-0.004,-137.986,-242.537,361.411,-173.610,-1.810,113.257,1,0.0000,0.0000,-0.0000,1
7538578,-0.152,-0.432,0.031,-0.013,0.000,-0.005,-137.986,-242.537,361.411,-173.610,-1.810,113.257,1,0.0000,0.0000,-0.0000,1
7538671,-0.172,-0.406,-0.081,-0.012,0.001,-0.003,-137.986,-242.537,361.411,-173.610,-1.810,113.257,1,0.0000,0.0000,-0.0000,1
7538781,-0.178,-0.400,-0.055,-0.011,0.002,-0.002,-137.986,-242.537,361.411,-173.610,-1.810,113.257,1,0.0000,0.0000,-0.0000,1
7538859,-0.160,-0.428,0.075,-0.011,0.002,-0.005,-137.986,-242.537,361.411,-173.610,-1.810,113.257,1,0.0000,0.0000,-0.0000,1
7538953,-0.168,-0.441,0.038,-0.012,0.001,-0.005,-137.986,-242.537,361.411,-173.610,-1.810,113.257,1,0.0000,0.0000,-0.0000,1
7539031,-0.176,-0.430,-0.016,-0.013,0.001,-0.003,-137.986,-242.537,361.411,-173.610,-1.810,113.257,1,0.0000,0.0000,-0.0000,1
7539109,-0.163,-0.413,0.063,-0.011,0.001,-0.003,-137.986,-242.537,361.411,-173.610,-1.810,113.257,1,0.0000,0.0000,-0.0000,1
7539218,-0.176,-0.406,0.046,-0.010,0.001,-0.001,-137.986,-242.537,361.411,-173.610,-1.810,113.257,1,0.0000,0.0000,-0.0000,1
7539328,-0.193,-0.418,-0.008,-0.010,0.002,-0.001,-137.986,-242.537,361.411,-173.610,-1.810,113.257,1,-0.0000,-0.0000,0.0000,1
7539468,-0.212,-0.410,-0.084,-0.011,0.003,0.001,-137.986,-242.537,361.411,-173.610,-1.810,113.257,1,-0.0000,-0.0000,0.0000,1
7539515,-0.253,-0.399,-0.201,-0.011,0.002,0.004,-137.986,-242.537,361.411,-173.610,-1.810,113.257,1,-0.0000,-0.0000,0.0000,1
7539562,-0.226,-0.427,-0.088,-0.012,0.001,-0.001,-137.986,-242.537,361.411,-173.610,-1.810,113.257,1,-0.0000,-0.0000,0.0000,1
7539640,-0.128,-0.473,0.204,-0.014,-0.000,-0.011,-137.986,-242.537,361.411,-173.610,-1.810,113.257,1,-0.0000,-0.0000,0.0000,1
7539781,-0.095,-0.474,0.334,-0.013,-0.001,-0.015,-137.986,-242.537,361.411,-173.610,-1.810,113.257,1,-0.0000,-0.0000,0.0000,1
7539875,-0.141,-0.422,0.158,-0.012,0.001,-0.007,-137.986,-242.537,361.411,-173.610,-1.810,113.257,1,-0.0000,-0.0000,0.0000,1
7539984,-0.173,-0.419,-0.020,-0.013,0.001,-0.003,-137.986,-242.537,361.411,-173.610,-1.810,113.257,1,-0.0000,-0.0000,0.0000,1
7540062,-0.150,-0.454,0.078,-0.014,0.001,-0.007,-137.986,-242.537,361.411,-173.610,-1.810,113.257,1,0.0000,0.0000,-0.0000,1
7540156,-0.127,-0.452,0.097,-0.014,-0.000,-0.008,-137.986,-242.537,361.411,-173.610,-1.810,113.257,1,0.0000,0.0000,-0.0000,1
7540234,-0.149,-0.434,-0.116,-0.014,-0.001,-0.001,-137.986,-242.537,361.411,-173.610,-1.810,113.257,1,0.0000,0.0000,-0.0000,1
7540312,-0.240,-0.411,-0.237,-0.012,0.001,0.004,-137.986,-242.537,361.411,-173.610,-1.810,113.257,1,0.0000,0.0000,-0.0000,1
7540421,-0.284,-0.414,-0.106,-0.010,0.002,0.002,-137.986,-242.537,361.411,-173.610,-1.810,113.257,1,0.0000,0.0000,-0.0000,1
7540531,-0.192,-0.459,0.154,-0.011,0.002,-0.008,-137.986,-242.537,361.411,-173.610,-1.810,113.257,1,0.0000,0.0000,-0.0000,1
7540671,-0.161,-0.444,0.194,-0.010,0.002,-0.009,-137.986,-242.537,361.411,-173.610,-1.810,113.257,1,0.0000,0.0000,-0.0000,1
7540718,-0.194,-0.389,0.038,-0.009,0.002,-0.003,-137.986,-242.537,361.411,-173.610,-1.810,113.257,1,0.0000,0.0000,-0.0000,1
7540765,-0.161,-0.409,0.034,-0.010,0.001,-0.004,-137.986,-242.537,361.411,-173.610,-1.810,113.257,1,0.0000,0.0000,-0.0000,1
7540843,-0.141,-0.436,0.099,-0.012,0.000,-0.007,-137.986,-242.537,361.411,-173.610,-1.810,113.257,1,-0.0000,-0.0000,0.0000,1
7540984,-0.161,-0.433,0.105,-0.012,0.001,-0.006,-137.986,-242.537,361.411,-173.610,-1.810,113.257,1,-0.0000,-0.0000,0.0000,1
7541078,-0.165,-0.437,0.091,-0.013,0.001,-0.007,-137.986,-242.537,361.411,-173.610,-1.810,113.257,1,-0.0000,-0.0000,0.0000,1
7541187,-0.135,-0.455,0.105,-0.015,0.000,-0.009,-137.986,-242.537,361.411,-173.610,-1.810,113.257,1,-0.0000,-0.0000,0.0000,1
7541265,-0.111,-0.501,0.207,-0.014,0.000,-0.013,-137.986,-242.537,361.411,-173.610,-1.810,113.257,1,-0.0000,-0.0000,0.0000,1
7541359,-0.157,-0.498,0.166,-0.012,0.001,-0.009,-137.986,-242.537,361.411,-173.610,-1.810,113.257,1,-0.0000,-0.0000,0.0000,1
7541437,-0.196,-0.437,0.005,-0.012,0.001,-0.002,-137.986,-242.537,361.411,-173.610,-1.810,113.257,1,-0.0000,-0.0000,0.0000,1
7541515,-0.171,-0.411,-0.008,-0.012,0.000,-0.002,-137.986,-242.537,361.411,-173.610,-1.810,113.257,1,-0.0000,-0.0000,0.0000,1
7541625,-0.146,-0.428,0.078,-0.012,0.000,-0.005,-137.986,-242.537,361.411,-173.610,-1.810,113.257,1,0.0000,0.0000,-0.0000,1
7541734,-0.160,-0.441,0.124,-0.012,0.001,-0.007,-137.986,-242.537,361.411,-173.610,-1.810,113.257,1,0.0000,0.0000,-0.0000,1
7541875,-0.202,-0.421,0.024,-0.011,0.003,-0.002,-137.986,-242.537,361.411,-173.610,-1.810,113.257,1,0.0000,0.0000,-0.0000,1
7541921,-0.197,-0.418,-0.036,-0.010,0.002,0.000,-137.986,-242.537,361.411,-173.610,-1.810,113.257,1,0.0000,0.0000,-0.0000,1
7541968,-0.125,-0.454,0.098,-0.013,-0.001,-0.008,-137.986,-242.537,361.411,-173.610,-1.810,113.257,1,0.0000,0.0000,-0.0000,1
7542031,-0.091,-0.463,0.190,-0.015,-0.001,-0.013,-137.986,-242.537,361.411,-173.610,-1.810,113.257,1,0.0000,0.0000,-0.0000,1
7542187,-0.129,-0.457,0.188,-0.014,0.000,-0.011,-137.986,-242.537,361.411,-173.610,-1.810,113.257,1,0.0000,0.0000,-0.0000,1
7542265,-0.176,-0.435,0.154,-0.012,0.001,-0.007,-137.986,-242.537,361.411,-173.610,-1.810,113.257,1,0.0000,0.0000,-0.0000,1
7542312,-0.211,-0.366,-0.003,-0.010,0.002,-0.000,-137.986,-242.537,361.411,-173.610,-1.810,113.257,1,0.0000,0.0000,-0.0000,1
7542375,-0.205,-0.349,-0.080,-0.009,0.003,0.002,-137.986,-242.537,361.411,-173.610,-1.810,113.257,1,-0.0000,-0.0000,0.0000,1
7542453,-0.159,-0.408,0.044,-0.011,0.001,-0.004,-137.986,-242.537,361.411,-173.610,-1.810,113.257,1,-0.0000,-0.0000,0.0000,1
7542546,-0.162,-0.422,0.048,-0.012,0.000,-0.004,-137.986,-242.537,361.411,-173.610,-1.810,113.257,1,-0.0000,-0.0000,0.0000,1
7542625,-0.229,-0.389,-0.105,-0.012,0.002,0.002,-137.986,-242.537,361.411,-173.610,-1.810,113.257,1,-0.0000,-0.0000,0.0000,1
7542703,-0.222,-0.398,-0.050,-0.012,0.003,-0.000,-137.986,-242.537,361.411,-173.610,-1.810,113.257,1,-0.0000,-0.0000,0.0000,1
7542812,-0.138,-0.442,0.158,-0.013,0.001,-0.009,-137.986,-242.537,361.411,-173.610,-1.810,113.257,1,-0.0000,-0.0000,0.0000,1
7542921,-0.124,-0.455,0.216,-0.012,0.000,-0.012,-137.986,-242.537,361.411,-173.610,-1.810,113.257,1,-0.0000,-0.0000,0.0000,1
7543062,-0.168,-0.459,0.107,-0.011,0.001,-0.008,-137.986,-242.537,361.411,-173.610,-1.810,113.257,1,-0.0000,-0.0000,0.0000,1
7543109,-0.208,-0.448,-0.117,-0.012,0.001,-0.000,-137.986,-242.537,361.411,-173.610,-1.810,113.257,1,0.0000,0.0000,-0.0000,1
7543156,-0.218,-0.415,-0.157,-0.012,0.001,0.002,-137.986,-242.537,361.411,-173.610,-1.810,113.257,1,0.0000,0.0000,-0.0000,1
7543234,-0.171,-0.420,0.052,-0.012,0.001,-0.005,-137.986,-242.537,361.411,-173.610,-1.810,113.257,1,0.0000,0.0000,-0.0000,1
7543375,-0.128,-0.446,0.161,-0.012,0.000,-0.008,-137.986,-242.537,361.411,-173.610,-1.810,113.257,1,0.0000,0.0000,-0.0000,1
7543468,-0.162,-0.439,0.058,-0.012,0.001,-0.005,-137.986,-242.537,361.411,-173.610,-1.810,113.257,1,0.0000,0.0000,-0.0000,1
7543578,-0.187,-0.443,0.007,-0.012,0.002,-0.004,-137.986,-242.537,361.411,-173.610,-1.810,113.257,1,0.0000,0.0000,-0.0000,1
7543656,-0.140,-0.477,0.130,-0.014,0.000,-0.009,-137.986,-242.537,361.411,-173.610,-1.810,113.257,1,0.0000,0.0000,-0.0000,1
7543750,-0.133,-0.470,0.156,-0.014,0.000,-0.010,-137.986,-242.537,361.411,-173.610,-1.810,113.257,1,0.0000,0.0000,-0.0000,1
7543828,-0.162,-0.432,0.065,-0.011,0.001,-0.004,-137.986,-242.537,361.411,-173.610,-1.810,113.257,1,0.0000,0.0000,-0.0000,1
7543906,-0.178,-0.398,-0.022,-0.009,0.001,0.001,-137.986,-242.537,361.411,-173.610,-1.810,113.257,1,-0.0000,-0.0000,0.0000,1
7544015,-0.187,-0.396,-0.035,-0.010,0.001,0.001,-137.986,-242.537,361.411,-173.610,-1.810,113.257,1,-0.0000,-0.0000,0.0000,1
7544125,-0.182,-0.422,0.035,-0.012,0.001,-0.003,-137.986,-242.537,361.411,-173.610,-1.810,113.257,1,-0.0000,-0.0000,0.0000,1
7544265,-0.189,-0.422,0.026,-0.010,0.002,-0.001,-137.986,-242.537,361.411,-173.610,-1.810,113.257,1,-0.0000,-0.0000,0.0000,1
7544312,-0.193,-0.421,-0.007,-0.010,0.002,-0.000,-137.986,-242.537,361.411,-173.610,-1.810,113.257,1,-0.0000,-0.0000,0.0000,1
7544359,-0.191,-0.435,0.010,-0.012,0.001,-0.002,-137.986,-242.537,361.411,-173.610,-1.810,113.257,1,-0.0000,-0.0000,0.0000,1
7544437,-0.197,-0.436,0.012,-0.011,0.001,-0.002,-137.986,-242.537,361.411,-173.610,-1.810,113.257,1,-0.0000,-0.0000,0.0000,1
7544578,-0.173,-0.436,0.074,-0.010,0.001,-0.004,-137.986,-242.537,361.411,-173.610,-1.810,113.257,1,-0.0000,-0.0000,0.0000,1
7544671,-0.149,-0.439,0.144,-0.012,0.000,-0.007,-137.986,-242.537,361.411,-173.610,-1.810,113.257,1,0.0000,0.0000,-0.0000,1
7544781,-0.171,-0.412,0.078,-0.011,0.001,-0.004,-137.986,-242.537,361.411,-173.610,-1.810,113.257,1,0.0000,0.0000,-0.0000,1
7544859,-0.181,-0.391,0.048,-0.010,0.002,-0.002,-137.986,-242.537,361.411,-173.610,-1.810,113.257,1,0.0000,0.0000,-0.0000,1
7544953,-0.133,-0.428,0.174,-0.012,0.001,-0.008,-137.986,-242.537,361.411,-173.610,-1.810,113.257,1,0.0000,0.0000,-0.0000,1
7545031,-0.131,-0.458,0.108,-0.013,0.000,-0.007,-137.986,-242.537,361.411,-173.610,-1.810,113.257,1,0.0000,0.0000,-0.0000,1
7545109,-0.177,-0.440,-0.054,-0.012,0.001,-0.002,-137.986,-242.537,361.411,-173.610,-1.810,113.257,1,0.0000,0.0000,-0.0000,1
7545218,-0.166,-0.426,0.028,-0.011,0.000,-0.004,-137.986,-242.537,361.411,-173.610,-1.810,113.257,1,0.0000,0.0000,-0.0000,1
7545328,-0.135,-0.435,0.111,-0.012,0.000,-0.007,-137.986,-242.537,361.411,-173.610,-1.810,113.257,1,0.0000,0.0000,-0.0000,1
7545468,-0.163,-0.440,0.009,-0.013,0.001,-0.005,-137.986,-242.537,361.411,-173.610,-1.810,113.257,1,0.0000,-0.0000,-0.0000,1
7545515,-0.177,-0.439,-0.017,-0.013,0.001,-0.004,-137.986,-242.537,361.411,-173.610,-1.810,113.257,1,-0.0000,-0.0000,0.0000,1
7545562,-0.117,-0.438,0.194,-0.013,-0.000,-0.010,-137.986,-242.537,361.411,-173.610,-1.810,113.257,1,-0.0000,-0.0000,0.0000,1
7545640,-0.079,-0.438,0.327,-0.013,-0.001,-0.014,-137.986,-242.537,361.411,-173.610,-1.810,113.257,1,-0.0000,-0.0000,0.0000,1
7545781,-0.083,-0.459,0.274,-0.014,-0.001,-0.014,-137.986,-242.537,361.411,-173.610,-1.810,113.257,1,-0.0000,-0.0000,0.0000,1
7545875,-0.102,-0.470,0.189,-0.013,-0.000,-0.012,-137.986,-242.537,361.411,-173.610,-1.810,113.257,1,-0.0000,-0.0000,0.0000,1
7545984,-0.168,-0.437,0.043,-0.011,0.001,-0.005,-137.986,-242.537,361.411,-173.610,-1.810,113.257,1,-0.0000,-0.0000,0.0000,1
7546062,-0.238,-0.397,-0.059,-0.009,0.002,0.001,-137.986,-242.537,361.411,-173.610,-1.810,113.257,1,-0.0000,-0.0000,0.0000,1
7546156,-0.186,-0.403,-0.043,-0.010,0.001,0.000,-137.986,-242.537,361.411,-173.610,-1.810,113.257,1,-0.0000,-0.0000,0.0000,1
7546234,-0.086,-0.436,-0.002,-0.013,-0.000,-0.003,-137.986,-242.537,361.411,-173.610,-1.810,113.257,1,0.0000,0.0000,-0.0000,1
7546312,-0.118,-0.447,-0.025,-0.013,-0.000,-0.003,-137.986,-242.537,361.411,-173.610,-1.810,113.257,1,0.0000,0.0000,-0.0000,1
7546421,-0.206,-0.409,-0.126,-0.011,0.002,0.002,-137.986,-242.537,361.411,-173.610,-1.810,113.257,1,0.0000,0.0000,-0.0000,1
7546531,-0.235,-0.363,-0.160,-0.009,0.003,0.005,-137.986,-242.537,361.411,-173.610,-1.810,113.257,1,0.0000,0.0000,-0.0000,1
7546671,-0.229,-0.390,-0.140,-0.011,0.001,0.003,-137.986,-242.537,361.411,-173.610,-1.810,113.257,1,0.0000,0.0000,-0.0000,1
7546718,-0.192,-0.445,-0.061,-0.012,0.000,0.000,-137.986,-242.537,361.411,-173.610,-1.810,113.257,1,0.0000,0.0000,-0.0000,1
7546765,-0.152,-0.449,0.047,-0.011,0.000,-0.003,-137.986,-242.537,361.411,-173.610,-1.810,113.257,1,0.0000,0.0000,-0.0000,1
7546843,-0.173,-0.422,-0.037,-0.011,0.001,-0.001,-137.986,-242.537,361.411,-173.610,-1.810,113.257,1,0.0000,0.0000,-0.0000,1
7546984,-0.227,-0.412,-0.179,-0.011,0.002,0.004,-137.986,-242.537,361.411,-173.610,-1.810,113.257,1,-0.0000,-0.0000,-0.0000,1
7547078,-0.217,-0.432,-0.082,-0.011,0.002,0.001,-137.986,-242.537,361.411,-173.610,-1.810,113.257,1,-0.0000,-0.0000,0.0000,1
7547187,-0.173,-0.439,0.024,-0.012,0.002,-0.003,-137.986,-242.537,361.411,-173.610,-1.810,113.257,1,-0.0000,-0.0000,0.0000,1
7547265,-0.151,-0.436,0.016,-0.014,0.001,-0.005,-137.986,-242.537,361.411,-173.610,-1.810,113.257,1,-0.0000,-0.0000,0.0000,1
7547359,-0.115,-0.455,0.168,-0.014,-0.000,-0.011,-137.986,-242.537,361.411,-173.610,-1.810,113.257,1,-0.0000,-0.0000,0.0000,1
7547437,-0.118,-0.444,0.166,-0.013,0.000,-0.010,-137.986,-242.537,361.411,-173.610,-1.810,113.257,1,-0.0000,-0.0000,0.0000,1
7547515,-0.163,-0.411,-0.035,-0.012,0.002,-0.003,-137.986,-242.537,361.411,-173.610,-1.810,113.257,1,-0.0000,-0.0000,0.0000,1
7547625,-0.183,-0.416,-0.067,-0.012,0.001,-0.000,-137.986,-242.537,361.411,-173.610,-1.810,113.257,1,-0.0000,-0.0000,0.0000,1
7547734,-0.190,-0.424,-0.056,-0.013,0.000,-0.001,-137.986,-242.537,361.411,-173.610,-1.810,113.257,1,-0.0000,-0.0000,0.0000,1
7547875,-0.139,-0.429,0.055,-0.014,0.000,-0.007,-137.986,-242.537,361.411,-173.610,-1.810,113.257,1,0.0000,0.0000,-0.0000,1
7547921,-0.062,-0.457,0.235,-0.014,-0.001,-0.014,-137.986,-242.537,361.411,-173.610,-1.810,113.257,1,0.0000,0.0000,-0.0000,1
7547968,-0.091,-0.477,0.128,-0.013,-0.001,-0.011,-137.986,-242.537,361.411,-173.610,-1.810,113.257,1,0.0000,0.0000,-0.0000,1
7548046,-0.178,-0.460,-0.126,-0.013,0.001,-0.002,-137.986,-242.537,361.411,-173.610,-1.810,113.257,1,0.0000,0.0000,-0.0000,1
7548187,-0.205,-0.439,-0.195,-0.013,0.001,0.001,-137.986,-242.537,361.411,-173.610,-1.810,113.257,1,0.0000,0.0000,-0.0000,1
7548281,-0.178,-0.433,-0.026,-0.013,0.001,-0.003,-137.986,-242.537,361.411,-173.610,-1.810,113.257,1,0.0000,0.0000,-0.0000,1
7548390,-0.127,-0.452,0.203,-0.013,-0.000,-0.010,-137.986,-242.537,361.411,-173.610,-1.810,113.257,1,0.0000,0.0000,-0.0000,1
7548468,-0.149,-0.447,0.139,-0.012,0.000,-0.007,-137.986,-242.537,361.411,-173.610,-1.810,113.257,1,0.0000,0.0000,-0.0000,1
7548562,-0.240,-0.397,-0.047,-0.009,0.003,0.001,-137.986,-242.537,361.411,-173.610,-1.810,113.257,1,-0.0000,-0.0000,0.0000,1
7548640,-0.280,-0.377,-0.057,-0.008,0.004,0.002,-137.986,-242.537,361.411,-173.610,-1.810,113.257,1,-0.0000,-0.0000,0.0000,1
7548718,-0.267,-0.397,-0.036,-0.009,0.004,-0.000,-137.986,-242.537,361.411,-173.610,-1.810,113.257,1,-0.0000,-0.0000,0.0000,1
7548828,-0.202,-0.465,-0.049,-0.012,0.002,-0.003,-137.986,-242.537,361.411,-173.610,-1.810,113.257,1,-0.0000,-0.0000,0.0000,1
7548953,-0.157,-0.488,-0.059,-0.014,-0.000,-0.003,-137.986,-242.537,361.411,-173.610,-1.810,113.257,1,-0.0000,-0.0000,0.0000,1
7549093,-0.194,-0.391,-0.045,-0.010,0.002,0.001,-137.986,-242.537,361.411,-173.610,-1.810,113.257,1,-0.0000,-0.0000,0.0000,1
7549140,-0.199,-0.355,-0.064,-0.010,0.003,0.001,-137.986,-242.537,361.411,-173.610,-1.810,113.257,1,-0.0000,-0.0000,0.0000,1
7549250,-0.155,-0.413,-0.043,-0.012,0.001,-0.004,-137.986,-242.537,361.411,-173.610,-1.810,113.257,1,-0.0000,-0.0000,0.0000,1
7549406,-0.133,-0.445,0.081,-0.013,-0.000,-0.007,-137.986,-242.537,361.411,-173.610,-1.810,113.257,1,-0.0000,-0.0000,0.0000,1
7549500,-0.132,-0.441,0.133,-0.013,-0.001,-0.007,-137.986,-242.537,361.411,-173.610,-1.810,113.257,1,0.0000,0.0000,-0.0000,1
7549593,-0.127,-0.433,0.109,-0.014,-0.000,-0.006,-137.986,-242.537,361.411,-173.610,-1.810,113.257,1,0.0000,0.0000,-0.0000,1
7549687,-0.113,-0.448,0.129,-0.013,0.000,-0.008,-137.986,-242.537,361.411,-173.610,-1.810,113.257,1,0.0000,0.0000,-0.0000,1
7549765,-0.131,-0.449,0.080,-0.012,0.001,-0.008,-137.986,-242.537,361.411,-173.610,-1.810,113.257,1,0.0000,0.0000,-0.0000,1
7549843,-0.198,-0.403,-0.105,-0.011,0.002,0.000,-137.986,-242.537,361.411,-173.610,-1.810,113.257,1,0.0000,0.0000,-0.0000,1
7549921,-0.218,-0.382,-0.149,-0.010,0.002,0.004,-137.986,-242.537,361.411,-173.610,-1.810,113.257,1,0.0000,0.0000,-0.0000,1
7550031,-0.169,-0.414,0.009,-0.010,0.001,-0.002,-137.986,-242.537,361.411,-173.610,-1.810,113.257,1,0.0000,0.0000,-0.0000,1
7550140,-0.156,-0.432,0.089,-0.011,0.001,-0.004,-137.986,-242.537,361.411,-173.610,-1.810,113.257,1,0.0000,0.0000,-0.0000,1
7550281,-0.191,-0.400,-0.040,-0.011,0.002,0.000,-137.986,-242.537,361.411,-173.610,-1.810,113.257,1,-0.0000,-0.0000,0.0000,1
7550328,-0.228,-0.382,-0.177,-0.011,0.002,0.004,-137.986,-242.537,361.411,-173.610,-1.810,113.257,1,-0.0000,-0.0000,0.0000,1
7550375,-0.214,-0.437,-0.046,-0.012,0.001,-0.001,-137.986,-242.537,361.411,-173.610,-1.810,113.257,1,-0.0000,-0.0000,0.0000,1
7550453,-0.114,-0.473,0.211,-0.013,-0.000,-0.011,-137.986,-242.537,361.411,-173.610,-1.810,113.257,1,-0.0000,-0.0000,0.0000,1
7550593,-0.072,-0.448,0.297,-0.013,-0.001,-0.014,-137.986,-242.537,361.411,-173.610,-1.810,113.257,1,-0.0000,-0.0000,0.0000,1
7550687,-0.142,-0.428,0.156,-0.012,0.000,-0.009,-137.986,-242.537,361.411,-173.610,-1.810,113.257,1,-0.0000,-0.0000,0.0000,1
7550796,-0.181,-0.429,-0.037,-0.013,0.001,-0.002,-137.986,-242.537,361.411,-173.610,-1.810,113.257,1,-0.0000,-0.0000,0.0000,1
7550875,-0.146,-0.444,-0.036,-0.014,0.001,-0.003,-137.986,-242.537,361.411,-173.610,-1.810,113.257,1,-0.0000,-0.0000,0.0000,1
7550968,-0.124,-0.456,0.067,-0.014,0.000,-0.006,-137.986,-242.537,361.411,-173.610,-1.810,113.257,1,-0.0000,-0.0000,0.0000,1
7551046,-0.154,-0.447,0.064,-0.013,0.001,-0.006,-137.986,-242.537,361.411,-173.610,-1.810,113.257,1,0.0000,0.0000,-0.0000,1
7551125,-0.202,-0.419,-0.041,-0.010,0.002,-0.001,-137.986,-242.537,361.411,-173.610,-1.810,113.257,1,0.0000,0.0000,-0.0000,1
7551234,-0.202,-0.417,-0.088,-0.011,0.002,0.000,-137.986,-242.537,361.411,-173.610,-1.810,113.257,1,0.0000,0.0000,-0.0000,1
7551343,-0.171,-0.440,-0.055,-0.013,0.001,-0.001,-137.986,-242.537,361.411,-173.610,-1.810,113.257,1,0.0000,0.0000,-0.0000,1
7551484,-0.197,-0.411,-0.114,-0.011,0.002,0.001,-137.986,-242.537,361.411,-173.610,-1.810,113.257,1,0.0000,0.0000,-0.0000,1
7551531,-0.214,-0.380,-0.088,-0.009,0.002,-0.000,-137.986,-242.537,361.411,-173.610,-1.810,113.257,1,0.0000,0.0000,-0.0000,1
7551578,-0.180,-0.397,0.031,-0.010,0.002,-0.004,-137.986,-242.537,361.411,-173.610,-1.810,113.257,1,0.0000,0.0000,-0.0000,1
7551656,-0.163,-0.408,0.041,-0.011,0.001,-0.003,-137.986,-242.537,361.411,-173.610,-1.810,113.257,1,0.0000,0.0000,-0.0000,1
7551796,-0.151,-0.429,0.079,-0.012,0.001,-0.005,-137.986,-242.537,361.411,-173.610,-1.810,113.257,1,-0.0000,-0.0000,0.0000,1
7551890,-0.160,-0.418,0.013,-0.012,0.001,-0.004,-137.986,-242.537,361.411,-173.610,-1.810,113.257,1,-0.0000,-0.0000,0.0000,1
7552000,-0.159,-0.385,-0.087,-0.011,0.001,-0.003,-137.986,-242.537,361.411,-173.610,-1.810,113.257,1,-0.0000,-0.0000,0.0000,1
7552078,-0.090,-0.431,0.103,-0.012,-0.001,-0.011,-137.986,-242.537,361.411,-173.610,-1.810,113.257,1,-0.0000,-0.0000,0.0000,1
7552171,-0.084,-0.466,0.173,-0.013,-0.002,-0.012,-137.986,-242.537,361.411,-173.610,-1.810,113.257,1,-0.0000,-0.0000,0.0000,1
7552250,-0.172,-0.420,-0.071,-0.012,0.000,-0.001,-137.986,-242.537,361.411,-173.610,-1.810,113.257,1,-0.0000,-0.0000,0.0000,1
7552328,-0.217,-0.379,-0.203,-0.010,0.002,0.005,-137.986,-242.537,361.411,-173.610,-1.810,113.257,1,-0.0000,-0.0000,0.0000,1
7552437,-0.196,-0.398,-0.082,-0.010,0.002,0.001,-137.986,-242.537,361.411,-173.610,-1.810,113.257,1,-0.0000,-0.0000,0.0000,1
7552546,-0.180,-0.440,0.072,-0.011,0.001,-0.003,-137.986,-242.537,361.411,-173.610,-1.810,113.257,1,-0.0000,-0.0000,0.0000,1
7552687,-0.183,-0.452,0.090,-0.012,0.001,-0.005,-137.986,-242.537,361.411,-173.610,-1.810,113.257,1,0.0000,0.0000,-0.0000,1
7552734,-0.157,-0.450,0.069,-0.013,-0.000,-0.006,-137.986,-242.537,361.411,-173.610,-1.810,113.257,1,0.0000,0.0000,-0.0000,1
7552781,-0.103,-0.463,0.130,-0.014,-0.001,-0.010,-137.986,-242.537,361.411,-173.610,-1.810,113.257,1,0.0000,0.0000,-0.0000,1
7552859,-0.064,-0.469,0.228,-0.013,-0.002,-0.014,-137.986,-242.537,361.411,-173.610,-1.810,113.257,1,0.0000,0.0000,-0.0000,1
7553000,-0.061,-0.464,0.267,-0.014,-0.002,-0.015,-137.986,-242.537,361.411,-173.610,-1.810,113.257,1,0.0000,0.0000,-0.0000,1
7553109,-0.095,-0.460,0.221,-0.014,-0.000,-0.012,-137.986,-242.537,361.411,-173.610,-1.810,113.257,1,0.0000,0.0000,-0.0000,1
7553218,-0.142,-0.428,0.047,-0.013,0.001,-0.003,-137.986,-242.537,361.411,-173.610,-1.810,113.257,1,0.0000,0.0000,-0.0000,1
7553296,-0.177,-0.388,-0.106,-0.012,0.001,0.002,-137.986,-242.537,361.411,-173.610,-1.810,113.257,1,0.0000,0.0000,-0.0000,1
7553390,-0.207,-0.391,-0.050,-0.010,0.002,0.001,-137.986,-242.537,361.411,-173.610,-1.810,113.257,1,-0.0000,-0.0000,0.0000,1
7553468,-0.207,-0.418,0.056,-0.009,0.003,-0.003,-137.986,-242.537,361.411,-173.610,-1.810,113.257,1,-0.0000,-0.0000,0.0000,1
7553546,-0.149,-0.432,0.110,-0.012,0.001,-0.006,-137.986,-242.537,361.411,-173.610,-1.810,113.257,1,-0.0000,-0.0000,0.0000,1
7553640,-0.123,-0.413,0.145,-0.012,0.000,-0.007,-137.986,-242.537,361.411,-173.610,-1.810,113.257,1,-0.0000,-0.0000,0.0000,1
7553750,-0.141,-0.402,0.147,-0.012,0.001,-0.006,-137.986,-242.537,361.411,-173.610,-1.810,113.257,1,-0.0000,-0.0000,0.0000,1
7553890,-0.134,-0.428,0.133,-0.012,0.001,-0.006,-137.986,-242.537,361.411,-173.610,-1.810,113.257,1,-0.0000,-0.0000,0.0000,1
7553937,-0.143,-0.424,0.126,-0.011,0.001,-0.007,-137.986,-242.537,361.411,-173.610,-1.810,113.257,1,-0.0000,-0.0000,0.0000,1
7553984,-0.200,-0.385,0.088,-0.009,0.003,-0.004,-137.986,-242.537,361.411,-173.610,-1.810,113.257,1,-0.0000,-0.0000,0.0000,1
7554062,-0.227,-0.379,0.024,-0.008,0.003,-0.002,-137.986,-242.537,361.411,-173.610,-1.810,113.257,1,-0.0000,-0.0000,0.0000,1
7554203,-0.200,-0.418,0.057,-0.009,0.002,-0.003,-137.986,-242.537,361.411,-173.610,-1.810,113.257,1,0.0000,0.0000,-0.0000,1
7554296,-0.172,-0.434,0.124,-0.009,0.001,-0.003,-137.986,-242.537,361.411,-173.610,-1.810,113.257,1,0.0000,0.0000,-0.0000,1
7554406,-0.177,-0.404,0.027,-0.009,0.001,0.001,-137.986,-242.537,361.411,-173.610,-1.810,113.257,1,0.0000,0.0000,-0.0000,1
7554484,-0.202,-0.389,-0.174,-0.011,0.001,0.004,-137.986,-242.537,361.411,-173.610,-1.810,113.257,1,0.0000,0.0000,-0.0000,1
7554578,-0.172,-0.406,-0.137,-0.012,0.001,0.000,-137.986,-242.537,361.411,-173.610,-1.810,113.257,1,0.0000,0.0000,-0.0000,1
7554656,-0.085,-0.441,0.140,-0.013,-0.000,-0.011,-137.986,-242.537,361.411,-173.610,-1.810,113.257,1,0.0000,0.0000,-0.0000,1
7554734,-0.064,-0.461,0.204,-0.014,-0.001,-0.014,-137.986,-242.537,361.411,-173.610,-1.810,113.257,1,0.0000,0.0000,-0.0000,1
7554843,-0.117,-0.426,-0.031,-0.014,0.000,-0.006,-137.986,-242.537,361.411,-173.610,-1.810,113.257,1,0.0000,0.0000,-0.0000,1
7554953,-0.147,-0.364,-0.203,-0.012,0.000,0.001,-137.986,-242.537,361.411,-173.610,-1.810,113.257,1,-0.0000,-0.0000,0.0000,1
7555093,-0.138,-0.367,-0.136,-0.012,-0.001,0.000,-137.986,-242.537,361.411,-173.610,-1.810,113.257,1,-0.0000,-0.0000,0.0000,1
7555140,-0.115,-0.448,0.049,-0.014,-0.002,-0.007,-137.986,-242.537,361.411,-173.610,-1.810,113.257,1,-0.0000,-0.0000,0.0000,1
7555187,-0.126,-0.471,0.052,-0.013,-0.001,-0.008,-137.986,-242.537,361.411,-173.610,-1.810,113.257,1,-0.0000,-0.0000,0.0000,1
7555265,-0.171,-0.428,-0.097,-0.012,0.001,-0.002,-137.986,-242.537,361.411,-173.610,-1.810,113.257,1,-0.0000,-0.0000,0.0000,1
7555406,-0.178,-0.424,-0.118,-0.013,0.002,-0.000,-137.986,-242.537,361.411,-173.610,-1.810,113.257,1,-0.0000,-0.0000,0.0000,1
7555500,-0.164,-0.428,-0.054,-0.013,0.001,-0.003,-137.986,-242.537,361.411,-173.610,-1.810,113.257,1,-0.0000,-0.0000,0.0000,1
7555609,-0.145,-0.417,0.008,-0.012,0.000,-0.004,-137.986,-242.537,361.411,-173.610,-1.810,113.257,1,-0.0000,-0.0000,0.0000,1
7555687,-0.139,-0.422,0.038,-0.012,-0.000,-0.004,-137.986,-242.537,361.411,-173.610,-1.810,113.257,1,-0.0000,-0.0000,0.0000,1
7555781,-0.183,-0.430,0.068,-0.010,0.002,-0.004,-137.986,-242.537,361.411,-173.610,-1.810,113.257,1,0.0000,0.0000,-0.0000,1
7555859,-0.202,-0.432,0.101,-0.010,0.003,-0.005,-137.986,-242.537,361.411,-173.610,-1.810,113.257,1,0.0000,0.0000,-0.0000,1
7555937,-0.141,-0.457,0.096,-0.012,0.001,-0.007,-137.986,-242.537,361.411,-173.610,-1.810,113.257,1,0.0000,0.0000,-0.0000,1
7556046,-0.097,-0.462,0.102,-0.012,-0.001,-0.008,-137.986,-242.537,361.411,-173.610,-1.810,113.257,1,0.0000,0.0000,-0.0000,1
7556156,-0.099,-0.443,0.159,-0.011,-0.000,-0.009,-137.986,-242.537,361.411,-173.610,-1.810,113.257,1,0.0000,0.0000,-0.0000,1
7556296,-0.094,-0.460,0.198,-0.013,-0.000,-0.009,-137.986,-242.537,361.411,-173.610,-1.810,113.257,1,0.0000,0.0000,-0.0000,1
7556343,-0.123,-0.457,0.154,-0.013,0.001,-0.008,-137.986,-242.537,361.411,-173.610,-1.810,113.257,1,0.0000,0.0000,-0.0000,1
7556390,-0.177,-0.419,0.088,-0.012,0.002,-0.006,-137.986,-242.537,361.411,-173.610,-1.810,113.257,1,0.0000,0.0000,-0.0000,1
7556468,-0.195,-0.399,0.017,-0.010,0.002,-0.003,-137.986,-242.537,361.411,-173.610,-1.810,113.257,1,-0.0000,-0.0000,0.0000,1
7556609,-0.174,-0.435,0.010,-0.010,0.002,-0.002,-137.986,-242.537,361.411,-173.610,-1.810,113.257,1,-0.0000,-0.0000,0.0000,1
7556703,-0.148,-0.465,0.116,-0.010,0.002,-0.004,-137.986,-242.537,361.411,-173.610,-1.810,113.257,1,-0.0000,-0.0000,0.0000,1
7556812,-0.163,-0.412,0.056,-0.009,0.002,-0.001,-137.986,-242.537,361.411,-173.610,-1.810,113.257,1,-0.0000,-0.0000,0.0000,1
7556890,-0.188,-0.380,-0.115,-0.011,0.001,0.001,-137.986,-242.537,361.411,-173.610,-1.810,113.257,1,-0.0000,-0.0000,0.0000,1
7556984,-0.145,-0.419,-0.040,-0.013,0.000,-0.004,-137.986,-242.537,361.411,-173.610,-1.810,113.257,1,-0.0000,-0.0000,0.0000,1
7557062,-0.079,-0.442,0.118,-0.013,0.000,-0.010,-137.986,-242.537,361.411,-173.610,-1.810,113.257,1,-0.0000,-0.0000,0.0000,1
7557140,-0.086,-0.435,0.164,-0.012,0.000,-0.009,-137.986,-242.537,361.411,-173.610,-1.810,113.257,1,-0.0000,-0.0000,0.0000,1
7557250,-0.147,-0.425,0.102,-0.010,0.001,-0.004,-137.986,-242.537,361.411,-173.610,-1.810,113.257,1,-0.0000,-0.0000,0.0000,1
7557359,-0.169,-0.426,0.030,-0.011,0.001,-0.002,-137.986,-242.537,361.411,-173.610,-1.810,113.257,1,0.0000,0.0000,-0.0000,1
7557500,-0.168,-0.437,-0.010,-0.012,0.001,-0.003,-137.986,-242.537,361.411,-173.610,-1.810,113.257,1,0.0000,0.0000,-0.0000,1
7557546,-0.164,-0.442,-0.053,-0.012,0.001,-0.002,-137.986,-242.537,361.411,-173.610,-1.810,113.257,1,0.0000,0.0000,-0.0000,1
7557593,-0.129,-0.452,0.042,-0.013,0.001,-0.005,-137.986,-242.537,361.411,-173.610,-1.810,113.257,1,0.0000,0.0000,-0.0000,1
7557671,-0.121,-0.454,0.084,-0.014,0.001,-0.007,-137.986,-242.537,361.411,-173.610,-1.810,113.257,1,0.0000,0.0000,-0.0000,1
7557812,-0.147,-0.435,-0.040,-0.013,0.001,-0.003,-137.986,-242.537,361.411,-173.610,-1.810,113.257,1,0.0000,0.0000,-0.0000,1
7557906,-0.125,-0.420,-0.018,-0.013,0.000,-0.004,-137.986,-242.537,361.411,-173.610,-1.810,113.257,1,0.0000,0.0000,-0.0000,1
7558015,-0.068,-0.414,0.065,-0.014,-0.001,-0.007,-137.986,-242.537,361.411,-173.610,-1.810,113.257,1,0.0000,0.0000,-0.0000,1
7558093,-0.089,-0.411,0.029,-0.013,-0.001,-0.005,-137.986,-242.537,361.411,-173.610,-1.810,113.257,1,-0.0000,-0.0000,0.0000,1
7558187,-0.167,-0.427,0.082,-0.011,0.001,-0.005,-137.986,-242.537,361.411,-173.610,-1.810,113.257,1,-0.0000,-0.0000,0.0000,1
7558265,-0.186,-0.416,0.223,-0.010,0.001,-0.007,-137.986,-242.537,361.411,-173.610,-1.810,113.257,1,-0.0000,-0.0000,0.0000,1
7558343,-0.176,-0.360,0.161,-0.009,0.002,-0.003,-137.986,-242.537,361.411,-173.610,-1.810,113.257,1,-0.0000,-0.0000,0.0000,1
7558453,-0.184,-0.362,-0.077,-0.010,0.001,0.003,-137.986,-242.537,361.411,-173.610,-1.810,113.257,1,-0.0000,-0.0000,0.0000,1
7558562,-0.180,-0.404,-0.190,-0.012,0.001,0.004,-137.986,-242.537,361.411,-173.610,-1.810,113.257,1,-0.0000,-0.0000,0.0000,1
7558703,-0.179,-0.403,-0.064,-0.012,0.001,-0.000,-137.986,-242.537,361.411,-173.610,-1.810,113.257,1,-0.0000,-0.0000,0.0000,1
7558750,-0.218,-0.387,0.070,-0.009,0.002,-0.004,-137.986,-242.537,361.411,-173.610,-1.810,113.257,1,-0.0000,-0.0000,0.0000,1
7558796,-0.232,-0.390,0.031,-0.009,0.002,-0.002,-137.986,-242.537,361.411,-173.610,-1.810,113.257,1,-0.0000,-0.0000,0.0000,1
7558875,-0.161,-0.422,0.055,-0.011,0.001,-0.004,-137.986,-242.537,361.411,-173.610,-1.810,113.257,1,0.0000,0.0000,-0.0000,1
7559015,-0.112,-0.451,0.140,-0.013,0.000,-0.008,-137.986,-242.537,361.411,-173.610,-1.810,113.257,1,0.0000,0.0000,-0.0000,1
7559109,-0.130,-0.454,0.095,-0.014,0.000,-0.008,-137.986,-242.537,361.411,-173.610,-1.810,113.257,1,0.0000,0.0000,-0.0000,1
7559218,-0.141,-0.446,0.039,-0.014,0.001,-0.007,-137.986,-242.537,361.411,-173.610,-1.810,113.257,1,0.0000,0.0000,-0.0000,1
7559296,-0.124,-0.434,0.091,-0.012,0.001,-0.007,-137.986,-242.537,361.411,-173.610,-1.810,113.257,1,0.0000,0.0000,-0.0000,1
7559390,-0.116,-0.412,0.092,-0.011,0.001,-0.006,-137.986,-242.537,361.411,-173.610,-1.810,113.257,1,0.0000,0.0000,-0.0000,1
7559468,-0.133,-0.382,-0.043,-0.012,0.001,-0.002,-137.986,-242.537,361.411,-173.610,-1.810,113.257,1,0.0000,0.0000,-0.0000,1
7559546,-0.120,-0.371,-0.102,-0.013,-0.001,-0.000,-137.986,-242.537,361.411,-173.610,-1.810,113.257,1,0.0000,0.0000,-0.0000,1
7559656,-0.102,-0.400,0.001,-0.014,-0.002,-0.005,-137.986,-242.537,361.411,-173.610,-1.810,113.257,1,-0.0000,-0.0000,0.0000,1
7559765,-0.119,-0.422,0.049,-0.012,-0.001,-0.006,-137.986,-242.537,361.411,-173.610,-1.810,113.257,1,-0.0000,-0.0000,0.0000,1
7559921,-0.140,-0.397,-0.065,-0.011,0.000,-0.002,-137.986,-242.537,361.411,-173.610,-1.810,113.257,1,-0.0000,-0.0000,0.0000,1
7559968,-0.146,-0.396,-0.071,-0.011,0.001,-0.001,-137.986,-242.537,361.411,-173.610,-1.810,113.257,1,-0.0000,-0.0000,0.0000,1
7560078,-0.128,-0.435,0.078,-0.012,0.000,-0.005,-137.986,-242.537,361.411,-173.610,-1.810,113.257,1,-0.0000,-0.0000,0.0000,1
7560234,-0.130,-0.424,0.055,-0.012,0.000,-0.004,-137.986,-242.537,361.411,-173.610,-1.810,113.257,1,-0.0000,-0.0000,0.0000,1
7560328,-0.144,-0.390,-0.087,-0.012,0.001,0.001,-137.986,-242.537,361.411,-173.610,-1.810,113.257,1,-0.0000,-0.0000,0.0000,1
7560437,-0.106,-0.416,-0.098,-0.014,-0.000,-0.002,-137.986,-242.537,361.411,-173.610,-1.810,113.257,1,-0.0000,-0.0000,0.0000,1
7560515,-0.086,-0.448,0.040,-0.014,-0.001,-0.007,-137.986,-242.537,361.411,-173.610,-1.810,113.257,1,-0.0000,0.0000,0.0000,1
7560609,-0.113,-0.464,0.206,-0.013,-0.000,-0.010,-137.986,-242.537,361.411,-173.610,-1.810,113.257,1,0.0000,0.0000,-0.0000,1
7560687,-0.114,-0.482,0.183,-0.013,-0.001,-0.010,-137.986,-242.537,361.411,-173.610,-1.810,113.257,1,0.0000,0.0000,-0.0000,1
7560765,-0.106,-0.467,0.078,-0.015,-0.001,-0.007,-137.986,-242.537,361.411,-173.610,-1.810,113.257,1,0.0000,0.0000,-0.0000,1
7560875,-0.109,-0.452,0.038,-0.014,0.000,-0.005,-137.986,-242.537,361.411,-173.610,-1.810,113.257,1,0.0000,0.0000,-0.0000,1
7560984,-0.107,-0.464,0.021,-0.013,-0.000,-0.004,-137.986,-242.537,361.411,-173.610,-1.810,113.257,1,0.0000,0.0000,-0.0000,1
7561125,-0.115,-0.460,0.078,-0.013,-0.000,-0.006,-137.986,-242.537,361.411,-173.610,-1.810,113.257,1,0.0000,0.0000,-0.0000,1
7561171,-0.124,-0.455,0.154,-0.014,0.000,-0.008,-137.986,-242.537,361.411,-173.610,-1.810,113.257,1,0.0000,0.0000,-0.0000,1
7561218,-0.167,-0.453,0.082,-0.011,0.003,-0.003,-137.986,-242.537,361.411,-173.610,-1.810,113.257,1,0.0000,0.0000,-0.0000,1
7561296,-0.233,-0.419,-0.127,-0.010,0.004,0.006,-137.986,-242.537,361.411,-173.610,-1.810,113.257,1,-0.0000,-0.0000,0.0000,1
7561437,-0.225,-0.390,-0.214,-0.012,0.002,0.006,-137.986,-242.537,361.411,-173.610,-1.810,113.257,1,-0.0000,-0.0000,0.0000,1
7561531,-0.164,-0.416,-0.082,-0.013,0.000,-0.001,-137.986,-242.537,361.411,-173.610,-1.810,113.257,1,-0.0000,-0.0000,0.0000,1
7561640,-0.116,-0.450,0.062,-0.013,0.000,-0.007,-137.986,-242.537,361.411,-173.610,-1.810,113.257,1,-0.0000,-0.0000,0.0000,1
7561718,-0.135,-0.425,-0.013,-0.012,0.001,-0.004,-137.986,-242.537,361.411,-173.610,-1.810,113.257,1,-0.0000,-0.0000,0.0000,1
7561812,-0.199,-0.370,-0.184,-0.010,0.002,0.005,-137.986,-242.537,361.411,-173.610,-1.810,113.257,1,-0.0000,-0.0000,0.0000,1
7561890,-0.196,-0.368,-0.145,-0.010,0.001,0.005,-137.986,-242.537,361.411,-173.610,-1.810,113.257,1,-0.0000,-0.0000,0.0000,1
7561968,-0.132,-0.407,0.060,-0.011,0.000,-0.005,-137.986,-242.537,361.411,-173.610,-1.810,113.257,1,-0.0000,-0.0000,0.0000,1
7562078,-0.133,-0.413,0.100,-0.012,0.001,-0.006,-137.986,-242.537,361.411,-173.610,-1.810,113.257,1,0.0000,0.0000,-0.0000,1
7562187,-0.179,-0.406,0.003,-0.010,0.002,-0.002,-137.986,-242.537,361.411,-173.610,-1.810,113.257,1,0.0000,0.0000,-0.0000,1
7562328,-0.149,-0.420,0.032,-0.011,0.001,-0.003,-137.986,-242.537,361.411,-173.610,-1.810,113.257,1,0.0000,0.0000,-0.0000,1
7562375,-0.133,-0.401,0.045,-0.010,0.001,-0.004,-137.986,-242.537,361.411,-173.610,-1.810,113.257,1,0.0000,0.0000,-0.0000,1
7562500,-0.184,-0.366,-0.059,-0.009,0.002,0.001,-137.986,-242.537,361.411,-173.610,-1.810,113.257,1,0.0000,0.0000,-0.0000,1
7562640,-0.214,-0.375,-0.114,-0.010,0.002,0.003,-137.986,-242.537,361.411,-173.610,-1.810,113.257,1,0.0000,0.0000,-0.0000,1
7562734,-0.222,-0.372,-0.099,-0.010,0.003,0.003,-137.986,-242.537,361.411,-173.610,-1.810,113.257,1,0.0000,0.0000,-0.0000,1
7562843,-0.206,-0.359,-0.110,-0.009,0.002,0.004,-137.986,-242.537,361.411,-173.610,-1.810,113.257,1,0.0000,0.0000,-0.0000,1
7562921,-0.187,-0.374,-0.127,-0.010,0.002,0.002,-137.986,-242.537,361.411,-173.610,-1.810,113.257,1,0.0000,0.0000,-0.0000,1
7563015,-0.172,-0.409,0.006,-0.011,0.002,-0.004,-137.986,-242.537,361.411,-173.610,-1.810,113.257,1,-0.0000,-0.0000,0.0000,1
7563093,-0.111,-0.418,0.229,-0.011,0.001,-0.011,-137.986,-242.537,361.411,-173.610,-1.810,113.257,1,-0.0000,-0.0000,0.0000,1
7563171,-0.069,-0.391,0.294,-0.012,0.000,-0.013,-137.986,-242.537,361.411,-173.610,-1.810,113.257,1,-0.0000,-0.0000,0.0000,1
7563281,-0.100,-0.387,0.130,-0.013,0.001,-0.009,-137.986,-242.537,361.411,-173.610,-1.810,113.257,1,-0.0000,-0.0000,0.0000,1
7563390,-0.145,-0.394,-0.034,-0.012,0.001,-0.003,-137.986,-242.537,361.411,-173.610,-1.810,113.257,1,-0.0000,-0.0000,0.0000,1
7563531,-0.131,-0.421,0.074,-0.011,0.001,-0.005,-137.986,-242.537,361.411,-173.610,-1.810,113.257,1,-0.0000,-0.0000,0.0000,1
7563578,-0.091,-0.461,0.242,-0.012,0.001,-0.012,-137.986,-242.537,361.411,-173.610,-1.810,113.257,1,-0.0000,-0.0000,0.0000,1
7563625,-0.126,-0.456,0.162,-0.013,0.002,-0.010,-137.986,-242.537,361.411,-173.610,-1.810,113.257,1,-0.0000,-0.0000,0.0000,1
7563687,-0.186,-0.432,0.010,-0.012,0.002,-0.003,-137.986,-242.537,361.411,-173.610,-1.810,113.257,1,0.0000,0.0000,-0.0000,1
7563828,-0.168,-0.397,-0.040,-0.011,0.001,-0.001,-137.986,-242.537,361.411,-173.610,-1.810,113.257,1,0.0000,0.0000,-0.0000,1
7563921,-0.114,-0.372,-0.020,-0.012,0.000,-0.003,-137.986,-242.537,361.411,-173.610,-1.810,113.257,1,0.0000,0.0000,-0.0000,1
7564031,-0.087,-0.413,0.059,-0.014,-0.001,-0.009,-137.986,-242.537,361.411,-173.610,-1.810,113.257,1,0.0000,0.0000,-0.0000,1
7564109,-0.135,-0.432,-0.021,-0.015,-0.001,-0.006,-137.986,-242.537,361.411,-173.610,-1.810,113.257,1,0.0000,0.0000,-0.0000,1
7564203,-0.210,-0.375,-0.172,-0.011,0.001,0.003,-137.986,-242.537,361.411,-173.610,-1.810,113.257,1,0.0000,0.0000,-0.0000,1
7564281,-0.201,-0.352,-0.088,-0.009,0.002,0.003,-137.986,-242.537,361.411,-173.610,-1.810,113.257,1,0.0000,0.0000,-0.0000,1
7564359,-0.118,-0.388,0.116,-0.011,0.000,-0.007,-137.986,-242.537,361.411,-173.610,-1.810,113.257,1,0.0000,0.0000,-0.0000,1
7564484,-0.076,-0.418,0.196,-0.013,-0.002,-0.012,-137.986,-242.537,361.411,-173.610,-1.810,113.257,1,0.0000,0.0000,-0.0000,1
7564593,-0.108,-0.427,0.184,-0.013,-0.001,-0.011,-137.986,-242.537,361.411,-173.610,-1.810,113.257,1,-0.0000,-0.0000,0.0000,1
7564734,-0.121,-0.424,0.185,-0.012,0.000,-0.009,-137.986,-242.537,361.411,-173.610,-1.810,113.257,1,-0.0000,-0.0000,0.0000,1
7564781,-0.136,-0.408,0.049,-0.011,0.000,-0.004,-137.986,-242.537,361.411,-173.610,-1.810,113.257,1,-0.0000,-0.0000,0.0000,1
7564828,-0.169,-0.391,-0.083,-0.011,0.001,0.000,-137.986,-242.537,361.411,-173.610,-1.810,113.257,1,-0.0000,-0.0000,0.0000,1
7564906,-0.154,-0.388,0.026,-0.011,0.001,-0.003,-137.986,-242.537,361.411,-173.610,-1.810,113.257,1,-0.0000,-0.0000,0.0000,1
7565046,-0.131,-0.394,0.130,-0.011,0.001,-0.008,-137.986,-242.537,361.411,-173.610,-1.810,113.257,1,-0.0000,-0.0000,0.0000,1
7565140,-0.128,-0.406,0.109,-0.012,0.001,-0.007,-137.986,-242.537,361.411,-173.610,-1.810,113.257,1,-0.0000,-0.0000,0.0000,1
7565250,-0.088,-0.428,0.149,-0.013,0.000,-0.009,-137.986,-242.537,361.411,-173.610,-1.810,113.257,1,-0.0000,-0.0000,0.0000,1
7565328,-0.041,-0.426,0.150,-0.014,-0.002,-0.008,-137.986,-242.537,361.411,-173.610,-1.810,113.257,1,0.0000,0.0000,-0.0000,1
7565421,-0.086,-0.367,-0.059,-0.012,-0.002,0.000,-137.986,-242.537,361.411,-173.610,-1.810,113.257,1,0.0000,0.0000,-0.0000,1
7565500,-0.165,-0.338,-0.211,-0.012,-0.000,0.003,-137.986,-242.537,361.411,-173.610,-1.810,113.257,1,0.0000,0.0000,-0.0000,1
7565578,-0.183,-0.368,-0.120,-0.013,0.002,-0.002,-137.986,-242.537,361.411,-173.610,-1.810,113.257,1,0.0000,0.0000,-0.0000,1
7565687,-0.158,-0.379,0.044,-0.010,0.002,-0.003,-137.986,-242.537,361.411,-173.610,-1.810,113.257,1,0.0000,0.0000,-0.0000,1
7565796,-0.129,-0.383,0.119,-0.009,0.002,-0.003,-137.986,-242.537,361.411,-173.610,-1.810,113.257,1,0.0000,0.0000,-0.0000,1
7565937,-0.136,-0.393,0.123,-0.009,0.003,-0.003,-137.986,-242.537,361.411,-173.610,-1.810,113.257,1,0.0000,0.0000,-0.0000,1
7565984,-0.155,-0.386,0.105,-0.010,0.004,-0.003,-137.986,-242.537,361.411,-173.610,-1.810,113.257,1,0.0000,0.0000,-0.0000,1
7566031,-0.107,-0.376,0.107,-0.013,0.001,-0.007,-137.986,-242.537,361.411,-173.610,-1.810,113.257,1,0.0000,0.0000,-0.0000,1
7566109,-0.054,-0.382,0.139,-0.013,-0.000,-0.010,-137.986,-242.537,361.411,-173.610,-1.810,113.257,1,-0.0000,-0.0000,0.0000,1
7566250,-0.054,-0.378,0.136,-0.013,0.000,-0.009,-137.986,-242.537,361.411,-173.610,-1.810,113.257,1,-0.0000,-0.0000,0.0000,1
7566343,-0.092,-0.360,0.042,-0.013,0.000,-0.006,-137.986,-242.537,361.411,-173.610,-1.810,113.257,1,-0.0000,-0.0000,0.0000,1
7566453,-0.215,-0.378,-0.077,-0.006,-0.004,0.001,-137.986,-242.537,361.411,-173.610,-1.810,113.257,1,-0.0000,-0.0000,0.0000,1
7566515,-0.252,-0.390,-0.032,-0.005,-0.004,0.001,-137.986,-242.537,361.411,-173.610,-1.810,113.257,1,-0.0000,-0.0000,0.0000,1
7566609,-0.179,-0.372,0.000,-0.012,0.001,-0.002,-137.986,-242.537,361.411,-173.610,-1.810,113.257,1,-0.0000,-0.0000,0.0000,1
7566687,-0.199,-0.390,-0.136,-0.008,-0.001,0.002,-137.986,-242.537,361.411,-173.610,-1.810,113.257,1,-0.0000,-0.0000,0.0000,1
7566765,-0.217,-0.420,-0.206,-0.002,-0.003,0.005,-137.986,-242.537,361.411,-173.610,-1.810,113.257,1,-0.0000,-0.0000,0.0000,1
7566875,-0.170,-0.411,-0.083,-0.005,-0.003,0.001,-137.986,-242.537,361.411,-173.610,-1.810,113.257,1,0.0000,0.0000,-0.0000,1
7566984,-0.187,-0.391,0.023,-0.008,-0.000,-0.002,-137.986,-242.537,361.411,-173.610,-1.810,113.257,1,0.0000,0.0000,-0.0000,1
7567140,-0.236,-0.372,-0.104,-0.009,0.002,0.002,-137.986,-242.537,361.411,-173.610,-1.810,113.257,1,0.0000,0.0000,-0.0000,1
7567187,-0.192,-0.355,-0.131,-0.011,0.003,0.003,-137.986,-242.537,361.411,-173.610,-1.810,113.257,1,0.0000,0.0000,-0.0000,1
7567234,-0.119,-0.370,0.090,-0.012,0.002,-0.005,-137.986,-242.537,361.411,-173.610,-1.810,113.257,1,0.0000,0.0000,-0.0000,1
7567312,-0.086,-0.426,0.200,-0.012,-0.001,-0.010,-137.986,-242.537,361.411,-173.610,-1.810,113.257,1,0.0000,0.0000,-0.0000,1
7567453,-0.078,-0.476,0.127,-0.013,-0.003,-0.010,-137.986,-242.537,361.411,-173.610,-1.810,113.257,1,0.0000,0.0000,-0.0000,1
7567546,-0.116,-0.454,0.070,-0.014,-0.001,-0.008,-137.986,-242.537,361.411,-173.610,-1.810,113.257,1,0.0000,0.0000,-0.0000,1
7567640,-0.126,-0.402,0.103,-0.013,0.001,-0.007,-137.986,-242.537,361.411,-173.610,-1.810,113.257,1,0.0000,0.0000,-0.0000,1
7567718,-0.055,-0.400,0.148,-0.012,-0.001,-0.008,-137.986,-242.537,361.411,-173.610,-1.810,113.257,1,-0.0000,-0.0000,0.0000,1
7567812,-0.018,-0.409,0.125,-0.013,-0.002,-0.009,-137.986,-242.537,361.411,-173.610,-1.810,113.257,1,-0.0000,-0.0000,0.0000,1
7567890,-0.071,-0.362,0.015,-0.013,-0.001,-0.006,-137.986,-242.537,361.411,-173.610,-1.810,113.257,1,-0.0000,-0.0000,0.0000,1
7567968,-0.119,-0.317,-0.005,-0.010,0.000,-0.003,-137.986,-242.537,361.411,-173.610,-1.810,113.257,1,-0.0000,-0.0000,0.0000,1
7568078,-0.112,-0.354,0.122,-0.009,-0.000,-0.004,-137.986,-242.537,361.411,-173.610,-1.810,113.257,1,-0.0000,-0.0000,0.0000,1
7568187,-0.098,-0.406,0.181,-0.010,-0.000,-0.008,-137.986,-242.537,361.411,-173.610,-1.810,113.257,1,-0.0000,-0.0000,0.0000,1
7568328,-0.108,-0.411,0.183,-0.010,0.001,-0.009,-137.986,-242.537,361.411,-173.610,-1.810,113.257,1,-0.0000,-0.0000,0.0000,1
7568375,-0.122,-0.396,0.108,-0.010,0.001,-0.006,-137.986,-242.537,361.411,-173.610,-1.810,113.257,1,-0.0000,-0.0000,0.0000,1
7568421,-0.124,-0.381,-0.009,-0.011,0.001,-0.003,-137.986,-242.537,361.411,-173.610,-1.810,113.257,1,0.0000,0.0000,-0.0000,1
7568500,-0.118,-0.395,0.039,-0.012,-0.000,-0.005,-137.986,-242.537,361.411,-173.610,-1.810,113.257,1,0.0000,0.0000,-0.0000,1
7568640,-0.098,-0.409,0.129,-0.012,-0.001,-0.008,-137.986,-242.537,361.411,-173.610,-1.810,113.257,1,0.0000,0.0000,-0.0000,1
7568734,-0.084,-0.404,0.086,-0.013,-0.002,-0.007,-137.986,-242.537,361.411,-173.610,-1.810,113.257,1,0.0000,0.0000,-0.0000,1
7568859,-0.114,-0.401,0.035,-0.013,-0.001,-0.006,-137.986,-242.537,361.411,-173.610,-1.810,113.257,1,0.0000,0.0000,-0.0000,1
7568921,-0.145,-0.387,0.046,-0.010,0.001,-0.003,-137.986,-242.537,361.411,-173.610,-1.810,113.257,1,0.0000,0.0000,-0.0000,1
7569015,-0.146,-0.391,0.037,-0.010,0.001,-0.003,-137.986,-242.537,361.411,-173.610,-1.810,113.257,1,0.0000,0.0000,-0.0000,1
7569093,-0.135,-0.411,0.082,-0.011,-0.000,-0.005,-137.986,-242.537,361.411,-173.610,-1.810,113.257,1,0.0000,0.0000,-0.0000,1
7569171,-0.123,-0.404,0.072,-0.011,-0.000,-0.004,-137.986,-242.537,361.411,-173.610,-1.810,113.257,1,0.0000,0.0000,-0.0000,1
7569296,-0.131,-0.392,-0.009,-0.010,0.001,-0.002,-137.986,-242.537,361.411,-173.610,-1.810,113.257,1,-0.0000,-0.0000,0.0000,1
7569390,-0.171,-0.381,-0.040,-0.009,0.001,-0.000,-137.986,-242.537,361.411,-173.610,-1.810,113.257,1,-0.0000,-0.0000,0.0000,1
7569531,-0.205,-0.363,-0.140,-0.009,0.002,0.004,-137.986,-242.537,361.411,-173.610,-1.810,113.257,1,-0.0000,-0.0000,0.0000,1
7569578,-0.174,-0.377,-0.117,-0.010,0.001,0.004,-137.986,-242.537,361.411,-173.610,-1.810,113.257,1,-0.0000,-0.0000,0.0000,1
7569625,-0.145,-0.383,0.017,-0.010,0.001,-0.001,-137.986,-242.537,361.411,-173.610,-1.810,113.257,1,-0.0000,-0.0000,0.0000,1
7569703,-0.200,-0.342,-0.069,-0.010,0.002,0.002,-137.986,-242.537,361.411,-173.610,-1.810,113.257,1,-0.0000,-0.0000,0.0000,1
7569843,-0.223,-0.341,-0.165,-0.010,0.003,0.006,-137.986,-242.537,361.411,-173.610,-1.810,113.257,1,-0.0000,-0.0000,0.0000,1
7569937,-0.160,-0.392,-0.036,-0.011,0.001,-0.000,-137.986,-242.537,361.411,-173.610,-1.810,113.257,1,-0.0000,-0.0000,0.0000,1
7570046,-0.127,-0.407,0.059,-0.012,0.001,-0.005,-137.986,-242.537,361.411,-173.610,-1.810,113.257,1,0.0000,0.0000,-0.0000,1
7570125,-0.129,-0.407,0.081,-0.012,0.001,-0.005,-137.986,-242.537,361.411,-173.610,-1.810,113.257,1,0.0000,0.0000,-0.0000,1
7570218,-0.108,-0.431,0.176,-0.012,0.000,-0.009,-137.986,-242.537,361.411,-173.610,-1.810,113.257,1,0.0000,0.0000,-0.0000,1
7570296,-0.099,-0.422,0.181,-0.011,-0.001,-0.010,-137.986,-242.537,361.411,-173.610,-1.810,113.257,1,0.0000,0.0000,-0.0000,1
7570375,-0.120,-0.421,0.112,-0.011,-0.001,-0.007,-137.986,-242.537,361.411,-173.610,-1.810,113.257,1,0.0000,0.0000,-0.0000,1
7570484,-0.128,-0.437,0.088,-0.011,-0.001,-0.006,-137.986,-242.537,361.411,-173.610,-1.810,113.257,1,0.0000,0.0000,-0.0000,1
7570593,-0.118,-0.416,0.097,-0.010,-0.001,-0.006,-137.986,-242.537,361.411,-173.610,-1.810,113.257,1,0.0000,0.0000,-0.0000,1
7570734,-0.126,-0.393,0.037,-0.011,0.000,-0.004,-137.986,-242.537,361.411,-173.610,-1.810,113.257,1,0.0000,0.0000,-0.0000,1
7570781,-0.133,-0.382,-0.006,-0.012,0.002,-0.002,-137.986,-242.537,361.411,-173.610,-1.810,113.257,1,0.0000,0.0000,-0.0000,1
7570828,-0.103,-0.365,0.057,-0.014,0.005,-0.003,-137.986,-242.537,361.411,-173.610,-1.810,113.257,1,-0.0000,-0.0000,0.0000,1
7570906,-0.093,-0.382,0.070,-0.014,0.006,-0.004,-137.986,-242.537,361.411,-173.610,-1.810,113.257,1,-0.0000,-0.0000,0.0000,1
7571062,-0.145,-0.437,0.048,-0.010,0.000,-0.003,-137.986,-242.537,361.411,-173.610,-1.810,113.257,1,-0.0000,-0.0000,0.0000,1
7571140,-0.164,-0.452,0.013,-0.009,-0.002,-0.002,-137.986,-242.537,361.411,-173.610,-1.810,113.257,1,-0.0000,-0.0000,0.0000,1
7571250,-0.132,-0.399,0.002,-0.012,0.001,-0.002,-137.986,-242.537,361.411,-173.610,-1.810,113.257,1,-0.0000,-0.0000,0.0000,1
7571328,-0.143,-0.352,-0.047,-0.012,0.002,0.000,-137.986,-242.537,361.411,-173.610,-1.810,113.257,1,-0.0000,-0.0000,0.0000,1
7571421,-0.149,-0.385,-0.057,-0.012,0.000,-0.001,-137.986,-242.537,361.411,-173.610,-1.810,113.257,1,-0.0000,-0.0000,0.0000,1
7571500,-0.109,-0.437,0.066,-0.012,-0.001,-0.006,-137.986,-242.537,361.411,-173.610,-1.810,113.257,1,-0.0000,-0.0000,0.0000,1
7571578,-0.096,-0.446,0.132,-0.011,-0.001,-0.007,-137.986,-242.537,361.411,-173.610,-1.810,113.257,1,0.0000,0.0000,-0.0000,1
7571687,-0.117,-0.428,0.075,-0.010,-0.001,-0.005,-137.986,-242.537,361.411,-173.610,-1.810,113.257,1,0.0000,0.0000,-0.0000,1
7571796,-0.166,-0.400,-0.076,-0.010,-0.000,-0.000,-137.986,-242.537,361.411,-173.610,-1.810,113.257,1,0.0000,0.0000,-0.0000,1
7571937,-0.183,-0.400,-0.125,-0.011,-0.001,0.001,-137.986,-242.537,361.411,-173.610,-1.810,113.257,1,0.0000,0.0000,-0.0000,1
7571984,-0.128,-0.425,0.035,-0.010,-0.000,-0.004,-137.986,-242.537,361.411,-173.610,-1.810,113.257,1,0.0000,0.0000,-0.0000,1
7572031,-0.116,-0.402,0.149,-0.010,0.000,-0.006,-137.986,-242.537,361.411,-173.610,-1.810,113.257,1,0.0000,0.0000,-0.0000,1
7572109,-0.149,-0.371,0.122,-0.009,-0.001,-0.003,-137.986,-242.537,361.411,-173.610,-1.810,113.257,1,0.0000,0.0000,-0.0000,1
7572250,-0.145,-0.369,0.038,-0.009,0.001,-0.001,-137.986,-242.537,361.411,-173.610,-1.810,113.257,1,0.0000,0.0000,-0.0000,1
7572343,-0.107,-0.407,-0.063,-0.013,0.003,0.000,-137.986,-242.537,361.411,-173.610,-1.810,113.257,1,0.0000,0.0000,-0.0000,1
7572453,-0.076,-0.472,-0.110,-0.015,0.000,0.000,-137.986,-242.537,361.411,-173.610,-1.810,113.257,1,-0.0000,-0.0000,0.0000,1
7572531,-0.079,-0.442,-0.020,-0.014,-0.001,-0.003,-137.986,-242.537,361.411,-173.610,-1.810,113.257,1,-0.0000,-0.0000,0.0000,1
7572625,-0.061,-0.416,0.191,-0.013,-0.001,-0.011,-137.986,-242.537,361.411,-173.610,-1.810,113.257,1,-0.0000,-0.0000,0.0000,1
7572703,-0.055,-0.456,0.257,-0.013,-0.001,-0.014,-137.986,-242.537,361.411,-173.610,-1.810,113.257,1,-0.0000,-0.0000,0.0000,1
7572781,-0.090,-0.455,0.116,-0.013,0.000,-0.009,-137.986,-242.537,361.411,-173.610,-1.810,113.257,1,-0.0000,-0.0000,0.0000,1
7572890,-0.091,-0.430,0.089,-0.014,0.000,-0.008,-137.986,-242.537,361.411,-173.610,-1.810,113.257,1,-0.0000,-0.0000,0.0000,1
7573000,-0.076,-0.427,0.205,-0.013,-0.000,-0.010,-137.986,-242.537,361.411,-173.610,-1.810,113.257,1,-0.0000,-0.0000,0.0000,1
7573140,-0.097,-0.432,0.188,-0.012,0.000,-0.008,-137.986,-242.537,361.411,-173.610,-1.810,113.257,1,-0.0000,-0.0000,0.0000,1
7573187,-0.105,-0.435,0.142,-0.012,-0.001,-0.009,-137.986,-242.537,361.411,-173.610,-1.810,113.257,1,0.0000,0.0000,-0.0000,1
7573234,-0.110,-0.431,0.092,-0.013,-0.001,-0.008,-137.986,-242.537,361.411,-173.610,-1.810,113.257,1,0.0000,0.0000,-0.0000,1
7573312,-0.138,-0.425,0.033,-0.012,0.001,-0.004,-137.986,-242.537,361.411,-173.610,-1.810,113.257,1,0.0000,0.0000,-0.0000,1
7573453,-0.132,-0.414,0.044,-0.011,0.001,-0.004,-137.986,-242.537,361.411,-173.610,-1.810,113.257,1,0.0000,0.0000,-0.0000,1
7573546,-0.121,-0.385,-0.001,-0.011,-0.000,-0.002,-137.986,-242.537,361.411,-173.610,-1.810,113.257,1,0.0000,0.0000,-0.0000,1
7573656,-0.122,-0.405,0.047,-0.012,-0.001,-0.004,-137.986,-242.537,361.411,-173.610,-1.810,113.257,1,0.0000,0.0000,-0.0000,1
7573734,-0.124,-0.433,0.101,-0.012,0.001,-0.006,-137.986,-242.537,361.411,-173.610,-1.810,113.257,1,0.0000,0.0000,-0.0000,1
7573828,-0.150,-0.398,-0.000,-0.009,0.001,-0.001,-137.986,-242.537,361.411,-173.610,-1.810,113.257,1,0.0000,0.0000,-0.0000,1
7573906,-0.161,-0.375,-0.022,-0.009,0.001,-0.000,-137.986,-242.537,361.411,-173.610,-1.810,113.257,1,0.0000,0.0000,-0.0000,1
7573984,-0.133,-0.402,0.084,-0.011,0.000,-0.005,-137.986,-242.537,361.411,-173.610,-1.810,113.257,1,-0.0000,-0.0000,0.0000,1
7574093,-0.123,-0.414,0.120,-0.011,0.001,-0.006,-137.986,-242.537,361.411,-173.610,-1.810,113.257,1,-0.0000,-0.0000,0.0000,1
7574203,-0.142,-0.398,0.072,-0.010,0.002,-0.005,-137.986,-242.537,361.411,-173.610,-1.810,113.257,1,-0.0000,-0.0000,0.0000,1
7574343,-0.132,-0.393,0.081,-0.011,0.001,-0.005,-137.986,-242.537,361.411,-173.610,-1.810,113.257,1,-0.0000,-0.0000,0.0000,1
7574390,-0.120,-0.369,0.118,-0.011,0.001,-0.005,-137.986,-242.537,361.411,-173.610,-1.810,113.257,1,-0.0000,-0.0000,0.0000,1
7574437,-0.145,-0.326,0.090,-0.008,0.001,-0.002,-137.986,-242.537,361.411,-173.610,-1.810,113.257,1,-0.0000,-0.0000,0.0000,1
7574515,-0.171,-0.339,-0.045,-0.008,0.001,0.002,-137.986,-242.537,361.411,-173.610,-1.810,113.257,1,-0.0000,-0.0000,0.0000,1
7574656,-0.175,-0.367,-0.140,-0.010,0.001,0.003,-137.986,-242.537,361.411,-173.610,-1.810,113.257,1,-0.0000,-0.0000,0.0000,1
7574750,-0.162,-0.362,-0.061,-0.010,0.002,-0.000,-137.986,-242.537,361.411,-173.610,-1.810,113.257,1,0.0000,0.0000,-0.0000,1
7574859,-0.155,-0.372,0.005,-0.010,0.002,-0.001,-137.986,-242.537,361.411,-173.610,-1.810,113.257,1,0.0000,0.0000,-0.0000,1
7574937,-0.164,-0.375,-0.087,-0.011,0.001,0.002,-137.986,-242.537,361.411,-173.610,-1.810,113.257,1,0.0000,0.0000,-0.0000,1
7575031,-0.118,-0.359,-0.102,-0.011,-0.000,0.000,-137.986,-242.537,361.411,-173.610,-1.810,113.257,1,0.0000,0.0000,-0.0000,1
7575109,-0.034,-0.385,0.125,-0.012,-0.003,-0.010,-137.986,-242.537,361.411,-173.610,-1.810,113.257,1,0.0000,0.0000,-0.0000,1
7575187,-0.042,-0.431,0.218,-0.015,-0.002,-0.014,-137.986,-242.537,361.411,-173.610,-1.810,113.257,1,0.0000,0.0000,-0.0000,1
7575296,-0.133,-0.424,0.010,-0.014,-0.001,-0.006,-137.986,-242.537,361.411,-173.610,-1.810,113.257,1,0.0000,0.0000,-0.0000,1
7575406,-0.181,-0.398,-0.106,-0.011,-0.002,0.000,-137.986,-242.537,361.411,-173.610,-1.810,113.257,1,0.0000,0.0000,-0.0000,1
7575546,-0.148,-0.414,0.009,-0.012,-0.003,-0.004,-137.986,-242.537,361.411,-173.610,-1.810,113.257,1,0.0000,-0.0000,-0.0000,1
7575593,-0.096,-0.442,0.140,-0.013,-0.003,-0.011,-137.986,-242.537,361.411,-173.610,-1.810,113.257,1,-0.0000,-0.0000,0.0000,1
7575640,-0.101,-0.428,0.097,-0.011,-0.003,-0.009,-137.986,-242.537,361.411,-173.610,-1.810,113.257,1,-0.0000,-0.0000,0.0000,1
7575718,-0.151,-0.388,-0.046,-0.011,0.001,-0.001,-137.986,-242.537,361.411,-173.610,-1.810,113.257,1,-0.0000,-0.0000,0.0000,1
7575859,-0.171,-0.384,-0.088,-0.011,0.006,0.003,-137.986,-242.537,361.411,-173.610,-1.810,113.257,1,-0.0000,-0.0000,0.0000,1
7575953,-0.133,-0.418,-0.049,-0.012,0.003,-0.001,-137.986,-242.537,361.411,-173.610,-1.810,113.257,1,-0.0000,-0.0000,0.0000,1
7576062,-0.074,-0.447,0.037,-0.013,-0.000,-0.007,-137.986,-242.537,361.411,-173.610,-1.810,113.257,1,-0.0000,-0.0000,0.0000,1
7576140,-0.098,-0.424,-0.025,-0.014,0.000,-0.005,-137.986,-242.537,361.411,-173.610,-1.810,113.257,1,-0.0000,-0.0000,0.0000,1
7576234,-0.176,-0.369,-0.163,-0.011,0.002,0.003,-137.986,-242.537,361.411,-173.610,-1.810,113.257,1,-0.0000,-0.0000,0.0000,1
7576312,-0.186,-0.367,-0.047,-0.008,0.002,0.002,-137.986,-242.537,361.411,-173.610,-1.810,113.257,1,0.0000,0.0000,-0.0000,1
7576390,-0.120,-0.406,0.126,-0.009,0.000,-0.005,-137.986,-242.537,361.411,-173.610,-1.810,113.257,1,0.0000,0.0000,-0.0000,1
7576500,-0.054,-0.427,0.100,-0.013,-0.002,-0.008,-137.986,-242.537,361.411,-173.610,-1.810,113.257,1,0.0000,0.0000,-0.0000,1
7576609,-0.033,-0.432,0.044,-0.013,-0.003,-0.008,-137.986,-242.537,361.411,-173.610,-1.810,113.257,1,0.0000,0.0000,-0.0000,1
7576750,-0.053,-0.405,0.102,-0.011,-0.002,-0.008,-137.986,-242.537,361.411,-173.610,-1.810,113.257,1,0.0000,0.0000,-0.0000,1
7576796,-0.115,-0.345,0.138,-0.007,0.000,-0.006,-137.986,-242.537,361.411,-173.610,-1.810,113.257,1,0.0000,0.0000,-0.0000,1
7576843,-0.138,-0.347,0.119,-0.007,0.001,-0.005,-137.986,-242.537,361.411,-173.610,-1.810,113.257,1,0.0000,0.0000,-0.0000,1
7576921,-0.113,-0.413,0.101,-0.010,0.000,-0.006,-137.986,-242.537,361.411,-173.610,-1.810,113.257,1,0.0000,0.0000,-0.0000,1
7577062,-0.103,-0.436,0.101,-0.011,0.000,-0.007,-137.986,-242.537,361.411,-173.610,-1.810,113.257,1,-0.0000,-0.0000,0.0000,1
7577156,-0.113,-0.416,0.116,-0.010,0.001,-0.005,-137.986,-242.537,361.411,-173.610,-1.810,113.257,1,-0.0000,-0.0000,0.0000,1
7577265,-0.127,-0.421,0.137,-0.010,0.001,-0.004,-137.986,-242.537,361.411,-173.610,-1.810,113.257,1,-0.0000,-0.0000,0.0000,1
7577343,-0.145,-0.418,0.058,-0.011,0.001,-0.002,-137.986,-242.537,361.411,-173.610,-1.810,113.257,1,-0.0000,-0.0000,0.0000,1
7577437,-0.187,-0.382,-0.148,-0.012,0.001,0.003,-137.986,-242.537,361.411,-173.610,-1.810,113.257,1,-0.0000,-0.0000,0.0000,1
7577515,-0.187,-0.388,-0.169,-0.013,0.001,0.002,-137.986,-242.537,361.411,-173.610,-1.810,113.257,1,-0.0000,-0.0000,0.0000,1
7577593,-0.141,-0.418,0.015,-0.012,0.000,-0.004,-137.986,-242.537,361.411,-173.610,-1.810,113.257,1,-0.0000,-0.0000,0.0000,1
7577703,-0.133,-0.408,0.116,-0.009,-0.001,-0.004,-137.986,-242.537,361.411,-173.610,-1.810,113.257,1,-0.0000,-0.0000,0.0000,1
7577812,-0.138,-0.409,0.140,-0.009,0.000,-0.004,-137.986,-242.537,361.411,-173.610,-1.810,113.257,1,-0.0000,-0.0000,0.0000,1
7577953,-0.098,-0.425,0.187,-0.012,0.001,-0.007,-137.986,-242.537,361.411,-173.610,-1.810,113.257,1,0.0000,0.0000,-0.0000,1
7578000,-0.053,-0.407,0.139,-0.013,-0.001,-0.009,-137.986,-242.537,361.411,-173.610,-1.810,113.257,1,0.0000,0.0000,-0.0000,1
7578046,-0.051,-0.381,0.028,-0.014,-0.002,-0.007,-137.986,-242.537,361.411,-173.610,-1.810,113.257,1,0.0000,0.0000,-0.0000,1
7578125,-0.041,-0.381,0.080,-0.013,-0.002,-0.007,-137.986,-242.537,361.411,-173.610,-1.810,113.257,1,0.0000,0.0000,-0.0000,1
7578265,-0.024,-0.421,0.190,-0.013,-0.001,-0.011,-137.986,-242.537,361.411,-173.610,-1.810,113.257,1,0.0000,0.0000,-0.0000,1
7578359,-0.084,-0.453,0.084,-0.013,-0.001,-0.008,-137.986,-242.537,361.411,-173.610,-1.810,113.257,1,0.0000,0.0000,-0.0000,1
7578468,-0.178,-0.405,-0.098,-0.010,0.000,0.001,-137.986,-242.537,361.411,-173.610,-1.810,113.257,1,0.0000,0.0000,-0.0000,1
7578546,-0.174,-0.365,-0.025,-0.009,0.001,-0.001,-137.986,-242.537,361.411,-173.610,-1.810,113.257,1,0.0000,0.0000,-0.0000,1
7578640,-0.146,-0.373,0.051,-0.011,0.001,-0.003,-137.986,-242.537,361.411,-173.610,-1.810,113.257,1,-0.0000,-0.0000,0.0000,1
7578718,-0.193,-0.365,-0.135,-0.010,0.001,0.003,-137.986,-242.537,361.411,-173.610,-1.810,113.257,1,-0.0000,-0.0000,0.0000,1
7578796,-0.210,-0.364,-0.250,-0.009,0.001,0.007,-137.986,-242.537,361.411,-173.610,-1.810,113.257,1,-0.0000,-0.0000,0.0000,1
7578906,-0.164,-0.388,-0.119,-0.010,0.001,0.002,-137.986,-242.537,361.411,-173.610,-1.810,113.257,1,-0.0000,-0.0000,0.0000,1
7579015,-0.146,-0.415,-0.014,-0.011,0.000,-0.002,-137.986,-242.537,361.411,-173.610,-1.810,113.257,1,-0.0000,-0.0000,0.0000,1
7579156,-0.169,-0.419,-0.127,-0.013,0.000,0.002,-137.986,-242.537,361.411,-173.610,-1.810,113.257,1,-0.0000,-0.0000,0.0000,1
7579203,-0.160,-0.421,-0.128,-0.013,0.001,0.001,-137.986,-242.537,361.411,-173.610,-1.810,113.257,1,-0.0000,-0.0000,0.0000,1
7579250,-0.121,-0.423,0.082,-0.013,0.001,-0.006,-137.986,-242.537,361.411,-173.610,-1.810,113.257,1,-0.0000,-0.0000,0.0000,1
7579328,-0.090,-0.426,0.120,-0.013,-0.000,-0.008,-137.986,-242.537,361.411,-173.610,-1.810,113.257,1,-0.0000,-0.0000,0.0000,1
7579468,-0.082,-0.446,0.043,-0.014,-0.001,-0.006,-137.986,-242.537,361.411,-173.610,-1.810,113.257,1,0.0000,0.0000,-0.0000,1
7579562,-0.102,-0.442,0.042,-0.012,-0.000,-0.006,-137.986,-242.537,361.411,-173.610,-1.810,113.257,1,0.0000,0.0000,-0.0000,1
7579671,-0.104,-0.410,0.070,-0.011,-0.001,-0.008,-137.986,-242.537,361.411,-173.610,-1.810,113.257,1,0.0000,0.0000,-0.0000,1
7579750,-0.062,-0.381,0.164,-0.011,-0.002,-0.010,-137.986,-242.537,361.411,-173.610,-1.810,113.257,1,0.0000,0.0000,-0.0000,1
7579843,-0.062,-0.386,0.156,-0.012,-0.001,-0.008,-137.986,-242.537,361.411,-173.610,-1.810,113.257,1,0.0000,0.0000,-0.0000,1
7579921,-0.151,-0.412,-0.085,-0.013,0.002,-0.001,-137.986,-242.537,361.411,-173.610,-1.810,113.257,1,0.0000,0.0000,-0.0000,1
7580000,-0.201,-0.408,-0.166,-0.009,0.003,0.004,-137.986,-242.537,361.411,-173.610,-1.810,113.257,1,0.0000,0.0000,-0.0000,1
7580109,-0.142,-0.398,0.048,-0.007,0.000,-0.002,-137.986,-242.537,361.411,-173.610,-1.810,113.257,1,0.0000,0.0000,-0.0000,1
7580218,-0.089,-0.401,0.182,-0.010,-0.000,-0.008,-137.986,-242.537,361.411,-173.610,-1.810,113.257,1,-0.0000,-0.0000,0.0000,1
7580359,-0.085,-0.406,0.175,-0.011,0.001,-0.009,-137.986,-242.537,361.411,-173.610,-1.810,113.257,1,-0.0000,-0.0000,0.0000,1
7580406,-0.076,-0.391,0.087,-0.011,-0.001,-0.007,-137.986,-242.537,361.411,-173.610,-1.810,113.257,1,-0.0000,-0.0000,0.0000,1
7580453,-0.074,-0.363,0.001,-0.013,-0.000,-0.003,-137.986,-242.537,361.411,-173.610,-1.810,113.257,1,-0.0000,-0.0000,0.0000,1
7580531,-0.081,-0.378,0.072,-0.013,0.001,-0.005,-137.986,-242.537,361.411,-173.610,-1.810,113.257,1,-0.0000,-0.0000,0.0000,1
7580671,-0.084,-0.435,0.154,-0.012,0.001,-0.009,-137.986,-242.537,361.411,-173.610,-1.810,113.257,1,-0.0000,-0.0000,0.0000,1
7580765,-0.104,-0.459,0.068,-0.013,0.000,-0.007,-137.986,-242.537,361.411,-173.610,-1.810,113.257,1,-0.0000,-0.0000,0.0000,1
7580875,-0.138,-0.420,-0.022,-0.012,0.000,-0.002,-137.986,-242.537,361.411,-173.610,-1.810,113.257,1,-0.0000,-0.0000,0.0000,1
7580953,-0.144,-0.392,0.072,-0.011,0.000,-0.004,-137.986,-242.537,361.411,-173.610,-1.810,113.257,1,-0.0000,-0.0000,0.0000,1
7581046,-0.135,-0.396,0.149,-0.011,0.000,-0.007,-137.986,-242.537,361.411,-173.610,-1.810,113.257,1,0.0000,0.0000,-0.0000,1
7581125,-0.146,-0.389,0.033,-0.011,0.001,-0.003,-137.986,-242.537,361.411,-173.610,-1.810,113.257,1,0.0000,0.0000,-0.0000,1
7581203,-0.150,-0.368,-0.156,-0.011,0.002,0.004,-137.986,-242.537,361.411,-173.610,-1.810,113.257,1,0.0000,0.0000,-0.0000,1
7581312,-0.178,-0.351,-0.236,-0.011,0.002,0.007,-137.986,-242.537,361.411,-173.610,-1.810,113.257,1,0.0000,0.0000,-0.0000,1
7581421,-0.206,-0.390,-0.153,-0.012,0.001,0.003,-137.986,-242.537,361.411,-173.610,-1.810,113.257,1,0.0000,0.0000,-0.0000,1
7581562,-0.175,-0.452,-0.072,-0.013,-0.001,-0.001,-137.986,-242.537,361.411,-173.610,-1.810,113.257,1,0.0000,0.0000,-0.0000,1
7581609,-0.147,-0.445,-0.042,-0.013,-0.000,-0.002,-137.986,-242.537,361.411,-173.610,-1.810,113.257,1,0.0000,0.0000,-0.0000,1
7581656,-0.123,-0.423,0.058,-0.012,0.001,-0.005,-137.986,-242.537,361.411,-173.610,-1.810,113.257,1,0.0000,0.0000,-0.0000,1
7581734,-0.084,-0.415,0.123,-0.012,0.001,-0.009,-137.986,-242.537,361.411,-173.610,-1.810,113.257,1,-0.0000,-0.0000,0.0000,1
7581875,-0.058,-0.395,0.141,-0.012,-0.001,-0.011,-137.986,-242.537,361.411,-173.610,-1.810,113.257,1,-0.0000,-0.0000,0.0000,1
7581968,-0.056,-0.397,0.168,-0.013,-0.002,-0.011,-137.986,-242.537,361.411,-173.610,-1.810,113.257,1,-0.0000,-0.0000,0.0000,1
7582078,-0.075,-0.415,0.127,-0.013,-0.001,-0.009,-137.986,-242.537,361.411,-173.610,-1.810,113.257,1,-0.0000,-0.0000,0.0000,1
7582156,-0.102,-0.441,0.116,-0.012,-0.001,-0.007,-137.986,-242.537,361.411,-173.610,-1.810,113.257,1,-0.0000,-0.0000,0.0000,1
7582250,-0.151,-0.446,0.044,-0.010,0.001,-0.003,-137.986,-242.537,361.411,-173.610,-1.810,113.257,1,-0.0000,-0.0000,0.0000,1
7582328,-0.182,-0.395,-0.127,-0.010,0.002,0.002,-137.986,-242.537,361.411,-173.610,-1.810,113.257,1,-0.0000,-0.0000,0.0000,1
7582406,-0.156,-0.376,-0.117,-0.012,0.001,-0.000,-137.986,-242.537,361.411,-173.610,-1.810,113.257,1,-0.0000,-0.0000,0.0000,1
7582515,-0.101,-0.414,0.032,-0.014,0.000,-0.007,-137.986,-242.537,361.411,-173.610,-1.810,113.257,1,-0.0000,-0.0000,0.0000,1
7582625,-0.070,-0.426,0.130,-0.012,0.000,-0.009,-137.986,-242.537,361.411,-173.610,-1.810,113.257,1,0.0000,0.0000,-0.0000,1
7582765,-0.086,-0.408,0.110,-0.012,0.001,-0.006,-137.986,-242.537,361.411,-173.610,-1.810,113.257,1,0.0000,0.0000,-0.0000,1
7582812,-0.132,-0.400,0.044,-0.013,0.001,-0.003,-137.986,-242.537,361.411,-173.610,-1.810,113.257,1,0.0000,0.0000,-0.0000,1
7582859,-0.197,-0.418,0.062,-0.010,0.001,-0.003,-137.986,-242.537,361.411,-173.610,-1.810,113.257,1,0.0000,0.0000,-0.0000,1
7582937,-0.206,-0.443,0.135,-0.009,0.001,-0.005,-137.986,-242.537,361.411,-173.610,-1.810,113.257,1,0.0000,0.0000,-0.0000,1
7583078,-0.154,-0.437,0.193,-0.010,0.001,-0.008,-137.986,-242.537,361.411,-173.610,-1.810,113.257,1,0.0000,0.0000,-0.0000,1
7583171,-0.088,-0.427,0.207,-0.010,0.001,-0.009,-137.986,-242.537,361.411,-173.610,-1.810,113.257,1,0.0000,0.0000,-0.0000,1
7583281,-0.073,-0.433,0.162,-0.011,-0.000,-0.009,-137.986,-242.537,361.411,-173.610,-1.810,113.257,1,0.0000,0.0000,-0.0000,1
7583359,-0.132,-0.412,0.092,-0.010,0.001,-0.006,-137.986,-242.537,361.411,-173.610,-1.810,113.257,1,-0.0000,-0.0000,0.0000,1
7583453,-0.152,-0.405,0.085,-0.010,0.002,-0.005,-137.986,-242.537,361.411,-173.610,-1.810,113.257,1,-0.0000,-0.0000,0.0000,1
7583531,-0.121,-0.417,0.074,-0.012,0.002,-0.006,-137.986,-242.537,361.411,-173.610,-1.810,113.257,1,-0.0000,-0.0000,0.0000,1
7583609,-0.086,-0.412,0.007,-0.014,-0.000,-0.003,-137.986,-242.537,361.411,-173.610,-1.810,113.257,1,-0.0000,-0.0000,0.0000,1
7583718,-0.102,-0.404,0.001,-0.013,0.000,-0.002,-137.986,-242.537,361.411,-173.610,-1.810,113.257,1,-0.0000,-0.0000,0.0000,1
7583828,-0.155,-0.426,0.012,-0.012,0.001,-0.003,-137.986,-242.537,361.411,-173.610,-1.810,113.257,1,-0.0000,-0.0000,0.0000,1
7583968,-0.150,-0.451,-0.037,-0.014,0.000,-0.003,-137.986,-242.537,361.411,-173.610,-1.810,113.257,1,-0.0000,-0.0000,0.0000,1
7584015,-0.126,-0.418,-0.033,-0.013,-0.000,-0.004,-137.986,-242.537,361.411,-173.610,-1.810,113.257,1,-0.0000,-0.0000,0.0000,1
7584062,-0.127,-0.390,0.014,-0.011,0.001,-0.006,-137.986,-242.537,361.411,-173.610,-1.810,113.257,1,-0.0000,-0.0000,0.0000,1
7584140,-0.119,-0.398,0.016,-0.011,0.001,-0.006,-137.986,-242.537,361.411,-173.610,-1.810,113.257,1,0.0000,0.0000,-0.0000,1
7584281,-0.099,-0.418,0.084,-0.010,0.000,-0.008,-137.986,-242.537,361.411,-173.610,-1.810,113.257,1,0.0000,0.0000,-0.0000,1
7584375,-0.103,-0.396,0.072,-0.010,0.000,-0.005,-137.986,-242.537,361.411,-173.610,-1.810,113.257,1,0.0000,0.0000,-0.0000,1
7584484,-0.086,-0.340,-0.031,-0.010,-0.000,-0.001,-137.986,-242.537,361.411,-173.610,-1.810,113.257,1,0.0000,0.0000,-0.0000,1
7584546,-0.076,-0.379,0.065,-0.011,-0.000,-0.006,-137.986,-242.537,361.411,-173.610,-1.810,113.257,1,0.0000,0.0000,-0.0000,1
7584640,-0.144,-0.461,0.150,-0.011,-0.001,-0.008,-137.986,-242.537,361.411,-173.610,-1.810,113.257,1,0.0000,0.0000,-0.0000,1
7584718,-0.166,-0.458,0.107,-0.010,-0.002,-0.007,-137.986,-242.537,361.411,-173.610,-1.810,113.257,1,0.0000,0.0000,-0.0000,1
7584796,-0.128,-0.417,0.122,-0.011,0.000,-0.007,-137.986,-242.537,361.411,-173.610,-1.810,113.257,1,0.0000,0.0000,-0.0000,1
7584906,-0.147,-0.394,0.094,-0.010,0.001,-0.005,-137.986,-242.537,361.411,-173.610,-1.810,113.257,1,-0.0000,-0.0000,0.0000,1
7585015,-0.201,-0.369,-0.055,-0.009,0.002,0.000,-137.986,-242.537,361.411,-173.610,-1.810,113.257,1,-0.0000,-0.0000,0.0000,1
7585156,-0.197,-0.379,-0.094,-0.012,0.003,0.001,-137.986,-242.537,361.411,-173.610,-1.810,113.257,1,-0.0000,-0.0000,0.0000,1
7585203,-0.136,-0.412,0.014,-0.013,0.001,-0.004,-137.986,-242.537,361.411,-173.610,-1.810,113.257,1,-0.0000,-0.0000,0.0000,1
7585250,-0.072,-0.411,0.082,-0.013,-0.001,-0.008,-137.986,-242.537,361.411,-173.610,-1.810,113.257,1,-0.0000,-0.0000,0.0000,1
7585328,-0.062,-0.387,0.143,-0.012,-0.000,-0.009,-137.986,-242.537,361.411,-173.610,-1.810,113.257,1,-0.0000,-0.0000,0.0000,1
7585468,-0.079,-0.402,0.178,-0.011,0.000,-0.009,-137.986,-242.537,361.411,-173.610,-1.810,113.257,1,-0.0000,-0.0000,0.0000,1
7585562,-0.080,-0.468,0.115,-0.013,-0.001,-0.009,-137.986,-242.537,361.411,-173.610,-1.810,113.257,1,-0.0000,-0.0000,0.0000,1
7585671,-0.127,-0.468,-0.055,-0.015,-0.001,-0.004,-137.986,-242.537,361.411,-173.610,-1.810,113.257,1,-0.0000,-0.0000,0.0000,1
7585750,-0.153,-0.427,-0.091,-0.013,0.001,-0.001,-137.986,-242.537,361.411,-173.610,-1.810,113.257,1,0.0000,0.0000,-0.0000,1
7585843,-0.081,-0.451,0.149,-0.014,0.000,-0.009,-137.986,-242.537,361.411,-173.610,-1.810,113.257,1,0.0000,0.0000,-0.0000,1
7585921,-0.070,-0.440,0.169,-0.014,-0.001,-0.010,-137.986,-242.537,361.411,-173.610,-1.810,113.257,1,0.0000,0.0000,-0.0000,1
7586000,-0.138,-0.392,-0.050,-0.012,-0.000,-0.001,-137.986,-242.537,361.411,-173.610,-1.810,113.257,1,0.0000,0.0000,-0.0000,1
7586109,-0.102,-0.412,-0.004,-0.013,-0.001,-0.003,-137.986,-242.537,361.411,-173.610,-1.810,113.257,1,0.0000,0.0000,-0.0000,1
7586218,-0.041,-0.452,0.124,-0.014,-0.002,-0.008,-137.986,-242.537,361.411,-173.610,-1.810,113.257,1,0.0000,0.0000,-0.0000,1
7586359,-0.111,-0.440,-0.015,-0.014,-0.001,-0.005,-137.986,-242.537,361.411,-173.610,-1.810,113.257,1,0.0000,0.0000,-0.0000,1
7586406,-0.180,-0.404,-0.108,-0.013,0.001,-0.001,-137.986,-242.537,361.411,-173.610,-1.810,113.257,1,0.0000,0.0000,-0.0000,1
7586453,-0.139,-0.423,0.089,-0.013,0.001,-0.006,-137.986,-242.537,361.411,-173.610,-1.810,113.257,1,-0.0000,-0.0000,0.0000,1
7586531,-0.124,-0.447,0.152,-0.013,0.000,-0.009,-137.986,-242.537,361.411,-173.610,-1.810,113.257,1,-0.0000,-0.0000,0.0000,1
7586671,-0.143,-0.423,0.053,-0.012,-0.001,-0.006,-137.986,-242.537,361.411,-173.610,-1.810,113.257,1,-0.0000,-0.0000,0.0000,1
7586765,-0.093,-0.419,0.166,-0.014,-0.003,-0.011,-137.986,-242.537,361.411,-173.610,-1.810,113.257,1,-0.0000,-0.0000,0.0000,1
7586875,-0.078,-0.432,0.253,-0.015,-0.003,-0.014,-137.986,-242.537,361.411,-173.610,-1.810,113.257,1,-0.0000,-0.0000,0.0000,1
7586953,-0.136,-0.397,0.105,-0.011,0.000,-0.006,-137.986,-242.537,361.411,-173.610,-1.810,113.257,1,-0.0000,-0.0000,0.0000,1
7587046,-0.171,-0.345,-0.016,-0.008,0.002,0.001,-137.986,-242.537,361.411,-173.610,-1.810,113.257,1,-0.0000,-0.0000,0.0000,1
7587125,-0.185,-0.345,-0.020,-0.008,0.003,0.002,-137.986,-242.537,361.411,-173.610,-1.810,113.257,1,-0.0000,-0.0000,0.0000,1
7587203,-0.187,-0.372,-0.002,-0.010,0.003,-0.001,-137.986,-242.537,361.411,-173.610,-1.810,113.257,1,-0.0000,-0.0000,0.0000,1
7587312,-0.173,-0.392,-0.019,-0.012,0.002,-0.003,-137.986,-242.537,361.411,-173.610,-1.810,113.257,1,0.0000,0.0000,-0.0000,1
7587421,-0.164,-0.397,-0.054,-0.012,0.001,-0.001,-137.986,-242.537,361.411,-173.610,-1.810,113.257,1,0.0000,0.0000,-0.0000,1
7587562,-0.143,-0.402,0.051,-0.011,0.000,-0.003,-137.986,-242.537,361.411,-173.610,-1.810,113.257,1,0.0000,0.0000,-0.0000,1
7587609,-0.156,-0.413,0.137,-0.010,0.001,-0.005,-137.986,-242.537,361.411,-173.610,-1.810,113.257,1,0.0000,0.0000,-0.0000,1
7587656,-0.195,-0.415,0.095,-0.010,0.002,-0.004,-137.986,-242.537,361.411,-173.610,-1.810,113.257,1,0.0000,0.0000,-0.0000,1
7587734,-0.181,-0.401,0.019,-0.011,0.001,-0.003,-137.986,-242.537,361.411,-173.610,-1.810,113.257,1,0.0000,0.0000,-0.0000,1
7587875,-0.174,-0.366,-0.100,-0.011,0.001,0.001,-137.986,-242.537,361.411,-173.610,-1.810,113.257,1,0.0000,0.0000,-0.0000,1
7587968,-0.191,-0.347,-0.069,-0.009,0.002,0.002,-137.986,-242.537,361.411,-173.610,-1.810,113.257,1,0.0000,0.0000,-0.0000,1
7588078,-0.198,-0.365,-0.020,-0.008,0.003,0.001,-137.986,-242.537,361.411,-173.610,-1.810,113.257,1,-0.0000,-0.0000,0.0000,1
7588156,-0.204,-0.386,-0.154,-0.010,0.002,0.003,-137.986,-242.537,361.411,-173.610,-1.810,113.257,1,-0.0000,-0.0000,0.0000,1
7588250,-0.183,-0.386,-0.133,-0.012,0.001,0.001,-137.986,-242.537,361.411,-173.610,-1.810,113.257,1,-0.0000,-0.0000,0.0000,1
7588328,-0.111,-0.403,0.124,-0.012,0.000,-0.008,-137.986,-242.537,361.411,-173.610,-1.810,113.257,1,-0.0000,-0.0000,0.0000,1
7588406,-0.062,-0.444,0.282,-0.013,-0.001,-0.014,-137.986,-242.537,361.411,-173.610,-1.810,113.257,1,-0.0000,-0.0000,0.0000,1
7588515,-0.133,-0.435,0.185,-0.012,0.000,-0.010,-137.986,-242.537,361.411,-173.610,-1.810,113.257,1,-0.0000,-0.0000,0.0000,1
7588625,-0.212,-0.393,0.017,-0.010,0.002,-0.002,-137.986,-242.537,361.411,-173.610,-1.810,113.257,1,-0.0000,-0.0000,0.0000,1
7588765,-0.191,-0.377,-0.042,-0.008,0.001,0.000,-137.986,-242.537,361.411,-173.610,-1.810,113.257,1,-0.0000,-0.0000,0.0000,1
7588812,-0.183,-0.363,-0.087,-0.007,0.001,0.003,-137.986,-242.537,361.411,-173.610,-1.810,113.257,1,-0.0000,-0.0000,0.0000,1
7588859,-0.187,-0.369,-0.062,-0.008,0.002,0.001,-137.986,-242.537,361.411,-173.610,-1.810,113.257,1,0.0000,0.0000,-0.0000,1
7588937,-0.153,-0.400,0.072,-0.011,0.001,-0.006,-137.986,-242.537,361.411,-173.610,-1.810,113.257,1,0.0000,0.0000,-0.0000,1
7589078,-0.161,-0.399,0.056,-0.012,0.000,-0.006,-137.986,-242.537,361.411,-173.610,-1.810,113.257,1,0.0000,0.0000,-0.0000,1
7589171,-0.193,-0.388,-0.034,-0.011,0.001,-0.002,-137.986,-242.537,361.411,-173.610,-1.810,113.257,1,0.0000,0.0000,-0.0000,1
7589281,-0.177,-0.409,0.059,-0.012,0.001,-0.005,-137.986,-242.537,361.411,-173.610,-1.810,113.257,1,0.0000,0.0000,-0.0000,1
7589359,-0.169,-0.420,0.127,-0.013,0.001,-0.007,-137.986,-242.537,361.411,-173.610,-1.810,113.257,1,0.0000,0.0000,-0.0000,1
7589453,-0.171,-0.398,0.123,-0.011,0.002,-0.005,-137.986,-242.537,361.411,-173.610,-1.810,113.257,1,0.0000,0.0000,-0.0000,1
7589531,-0.132,-0.385,0.182,-0.011,0.002,-0.007,-137.986,-242.537,361.411,-173.610,-1.810,113.257,1,0.0000,0.0000,-0.0000,1
7589609,-0.108,-0.388,0.203,-0.011,0.001,-0.009,-137.986,-242.537,361.411,-173.610,-1.810,113.257,1,-0.0000,-0.0000,0.0000,1
7589718,-0.147,-0.376,0.099,-0.011,0.001,-0.006,-137.986,-242.537,361.411,-173.610,-1.810,113.257,1,-0.0000,-0.0000,0.0000,1
7589828,-0.174,-0.373,0.028,-0.012,0.002,-0.004,-137.986,-242.537,361.411,-173.610,-1.810,113.257,1,-0.0000,-0.0000,0.0000,1
7589968,-0.130,-0.410,0.186,-0.013,0.002,-0.010,-137.986,-242.537,361.411,-173.610,-1.810,113.257,1,-0.0000,-0.0000,0.0000,1
7590015,-0.131,-0.413,0.175,-0.012,0.002,-0.011,-137.986,-242.537,361.411,-173.610,-1.810,113.257,1,-0.0000,-0.0000,0.0000,1
7590062,-0.168,-0.363,-0.086,-0.013,0.001,-0.002,-137.986,-242.537,361.411,-173.610,-1.810,113.257,1,-0.0000,-0.0000,0.0000,1
7590140,-0.170,-0.339,-0.175,-0.012,0.000,0.002,-137.986,-242.537,361.411,-173.610,-1.810,113.257,1,-0.0000,-0.0000,0.0000,1
7590281,-0.196,-0.374,-0.098,-0.011,0.001,-0.000,-137.986,-242.537,361.411,-173.610,-1.810,113.257,1,-0.0000,-0.0000,0.0000,1
7590375,-0.175,-0.410,0.072,-0.011,0.000,-0.007,-137.986,-242.537,361.411,-173.610,-1.810,113.257,1,-0.0000,0.0000,0.0000,1
7590484,-0.133,-0.395,0.197,-0.011,-0.001,-0.010,-137.986,-242.537,361.411,-173.610,-1.810,113.257,1,0.0000,0.0000,-0.0000,1
7590562,-0.157,-0.369,0.085,-0.011,0.000,-0.004,-137.986,-242.537,361.411,-173.610,-1.810,113.257,1,0.0000,0.0000,-0.0000,1
7590656,-0.179,-0.365,-0.027,-0.011,0.001,-0.001,-137.986,-242.537,361.411,-173.610,-1.810,113.257,1,0.0000,0.0000,-0.0000,1
7590734,-0.195,-0.361,-0.028,-0.010,0.002,-0.001,-137.986,-242.537,361.411,-173.610,-1.810,113.257,1,0.0000,0.0000,-0.0000,1
7590812,-0.247,-0.338,-0.091,-0.007,0.003,0.002,-137.986,-242.537,361.411,-173.610,-1.810,113.257,1,0.0000,0.0000,-0.0000,1
7590921,-0.244,-0.345,-0.055,-0.007,0.003,0.001,-137.986,-242.537,361.411,-173.610,-1.810,113.257,1,0.0000,0.0000,-0.0000,1
7591031,-0.159,-0.378,0.160,-0.010,0.001,-0.007,-137.986,-242.537,361.411,-173.610,-1.810,113.257,1,0.0000,0.0000,-0.0000,1
7591171,-0.101,-0.391,0.292,-0.011,-0.000,-0.012,-137.986,-242.537,361.411,-173.610,-1.810,113.257,1,0.0000,0.0000,-0.0000,1
7591218,-0.136,-0.389,0.141,-0.010,0.001,-0.007,-137.986,-242.537,361.411,-173.610,-1.810,113.257,1,-0.0000,-0.0000,0.0000,1
7591265,-0.202,-0.375,-0.087,-0.011,0.002,-0.000,-137.986,-242.537,361.411,-173.610,-1.810,113.257,1,-0.0000,-0.0000,0.0000,1
7591343,-0.190,-0.384,-0.058,-0.013,0.001,-0.002,-137.986,-242.537,361.411,-173.610,-1.810,113.257,1,-0.0000,-0.0000,0.0000,1
7591484,-0.170,-0.398,0.025,-0.014,0.001,-0.005,-137.986,-242.537,361.411,-173.610,-1.810,113.257,1,-0.0000,-0.0000,0.0000,1
7591578,-0.189,-0.379,-0.036,-0.012,0.002,-0.001,-137.986,-242.537,361.411,-173.610,-1.810,113.257,1,-0.0000,-0.0000,0.0000,1
7591687,-0.169,-0.373,-0.018,-0.012,0.001,-0.003,-137.986,-242.537,361.411,-173.610,-1.810,113.257,1,-0.0000,-0.0000,0.0000,1
7591765,-0.140,-0.368,0.031,-0.012,-0.000,-0.005,-137.986,-242.537,361.411,-173.610,-1.810,113.257,1,-0.0000,-0.0000,0.0000,1
7591859,-0.143,-0.357,-0.037,-0.012,-0.001,-0.003,-137.986,-242.537,361.411,-173.610,-1.810,113.257,1,-0.0000,-0.0000,0.0000,1
7591937,-0.148,-0.378,0.008,-0.012,-0.001,-0.005,-137.986,-242.537,361.411,-173.610,-1.810,113.257,1,0.0000,0.0000,-0.0000,1
7592015,-0.136,-0.380,0.180,-0.009,0.000,-0.008,-137.986,-242.537,361.411,-173.610,-1.810,113.257,1,0.0000,0.0000,-0.0000,1
7592125,-0.156,-0.350,0.120,-0.007,0.001,-0.003,-137.986,-242.537,361.411,-173.610,-1.810,113.257,1,0.0000,0.0000,-0.0000,1
7592234,-0.184,-0.341,-0.115,-0.008,0.002,0.003,-137.986,-242.537,361.411,-173.610,-1.810,113.257,1,0.0000,0.0000,-0.0000,1
7592359,-0.143,-0.361,-0.148,-0.012,0.000,0.001,-137.986,-242.537,361.411,-173.610,-1.810,113.257,1,0.0000,0.0000,-0.0000,1
7592406,-0.103,-0.383,0.006,-0.013,-0.001,-0.004,-137.986,-242.537,361.411,-173.610,-1.810,113.257,1,0.0000,0.0000,-0.0000,1
7592453,-0.113,-0.388,0.091,-0.012,-0.001,-0.006,-137.986,-242.537,361.411,-173.610,-1.810,113.257,1,0.0000,0.0000,-0.0000,1
7592531,-0.157,-0.373,-0.020,-0.012,0.000,-0.003,-137.986,-242.537,361.411,-173.610,-1.810,113.257,1,0.0000,0.0000,-0.0000,1
7592671,-0.208,-0.366,-0.088,-0.010,0.002,0.001,-137.986,-242.537,361.411,-173.610,-1.810,113.257,1,0.0000,0.0000,-0.0000,1
7592781,-0.186,-0.401,0.013,-0.011,0.002,-0.003,-137.986,-242.537,361.411,-173.610,-1.810,113.257,1,-0.0000,-0.0000,0.0000,1
7592890,-0.142,-0.434,0.066,-0.013,0.001,-0.007,-137.986,-242.537,361.411,-173.610,-1.810,113.257,1,-0.0000,-0.0000,0.0000,1
7592968,-0.120,-0.431,0.104,-0.013,0.001,-0.008,-137.986,-242.537,361.411,-173.610,-1.810,113.257,1,-0.0000,-0.0000,0.0000,1
7593062,-0.118,-0.402,0.139,-0.011,0.001,-0.008,-137.986,-242.537,361.411,-173.610,-1.810,113.257,1,-0.0000,-0.0000,0.0000,1
7593140,-0.184,-0.361,0.130,-0.009,0.002,-0.006,-137.986,-242.537,361.411,-173.610,-1.810,113.257,1,-0.0000,-0.0000,0.0000,1
7593218,-0.240,-0.343,0.062,-0.008,0.003,-0.003,-137.986,-242.537,361.411,-173.610,-1.810,113.257,1,-0.0000,-0.0000,0.0000,1
7593328,-0.217,-0.365,-0.065,-0.010,0.002,0.000,-137.986,-242.537,361.411,-173.610,-1.810,113.257,1,-0.0000,-0.0000,0.0000,1
7593437,-0.172,-0.388,-0.068,-0.013,0.001,-0.002,-137.986,-242.537,361.411,-173.610,-1.810,113.257,1,-0.0000,-0.0000,0.0000,1
7593578,-0.161,-0.367,0.018,-0.011,0.001,-0.003,-137.986,-242.537,361.411,-173.610,-1.810,113.257,1,0.0000,0.0000,-0.0000,1
7593625,-0.148,-0.360,0.104,-0.010,0.001,-0.005,-137.986,-242.537,361.411,-173.610,-1.810,113.257,1,0.0000,0.0000,-0.0000,1
7593671,-0.141,-0.384,0.139,-0.010,0.001,-0.007,-137.986,-242.537,361.411,-173.610,-1.810,113.257,1,0.0000,0.0000,-0.0000,1
7593750,-0.149,-0.388,0.121,-0.010,0.001,-0.007,-137.986,-242.537,361.411,-173.610,-1.810,113.257,1,0.0000,0.0000,-0.0000,1
7593890,-0.110,-0.387,0.153,-0.011,0.000,-0.010,-137.986,-242.537,361.411,-173.610,-1.810,113.257,1,0.0000,0.0000,-0.0000,1
7593984,-0.091,-0.389,0.171,-0.012,0.000,-0.011,-137.986,-242.537,361.411,-173.610,-1.810,113.257,1,0.0000,0.0000,-0.0000,1
7594093,-0.118,-0.383,0.148,-0.011,-0.000,-0.008,-137.986,-242.537,361.411,-173.610,-1.810,113.257,1,0.0000,0.0000,-0.0000,1
7594171,-0.092,-0.368,0.177,-0.011,-0.002,-0.009,-137.986,-242.537,361.411,-173.610,-1.810,113.257,1,0.0000,0.0000,-0.0000,1
7594265,-0.087,-0.360,0.149,-0.011,-0.002,-0.010,-137.986,-242.537,361.411,-173.610,-1.810,113.257,1,0.0000,0.0000,-0.0000,1
7594343,-0.156,-0.378,0.023,-0.012,0.000,-0.005,-137.986,-242.537,361.411,-173.610,-1.810,113.257,1,-0.0000,-0.0000,0.0000,1
7594421,-0.195,-0.379,-0.004,-0.011,0.001,-0.002,-137.986,-242.537,361.411,-173.610,-1.810,113.257,1,-0.0000,-0.0000,0.0000,1
7594531,-0.189,-0.353,0.050,-0.010,0.001,-0.002,-137.986,-242.537,361.411,-173.610,-1.810,113.257,1,-0.0000,-0.0000,0.0000,1
7594640,-0.179,-0.355,0.075,-0.010,0.001,-0.003,-137.986,-242.537,361.411,-173.610,-1.810,113.257,1,-0.0000,-0.0000,0.0000,1
7594781,-0.186,-0.374,0.078,-0.010,0.002,-0.005,-137.986,-242.537,361.411,-173.610,-1.810,113.257,1,-0.0000,-0.0000,0.0000,1
7594828,-0.182,-0.386,0.091,-0.010,0.001,-0.006,-137.986,-242.537,361.411,-173.610,-1.810,113.257,1,-0.0000,-0.0000,0.0000,1
7594875,-0.190,-0.374,0.073,-0.010,0.002,-0.005,-137.986,-242.537,361.411,-173.610,-1.810,113.257,1,-0.0000,-0.0000,0.0000,1
7594953,-0.255,-0.342,0.000,-0.009,0.004,0.000,-137.986,-242.537,361.411,-173.610,-1.810,113.257,1,-0.0000,-0.0000,0.0000,1
7595093,-0.242,-0.359,0.041,-0.009,0.004,-0.001,-137.986,-242.537,361.411,-173.610,-1.810,113.257,1,0.0000,0.0000,-0.0000,1
7595187,-0.143,-0.402,0.171,-0.011,0.001,-0.009,-137.986,-242.537,361.411,-173.610,-1.810,113.257,1,0.0000,0.0000,-0.0000,1
7595296,-0.165,-0.373,0.097,-0.010,0.001,-0.006,-137.986,-242.537,361.411,-173.610,-1.810,113.257,1,0.0000,0.0000,-0.0000,1
7595375,-0.256,-0.310,-0.052,-0.006,0.003,0.001,-137.986,-242.537,361.411,-173.610,-1.810,113.257,1,0.0000,0.0000,-0.0000,1
7595468,-0.234,-0.327,-0.039,-0.007,0.003,0.001,-137.986,-242.537,361.411,-173.610,-1.810,113.257,1,0.0000,0.0000,-0.0000,1
7595546,-0.154,-0.384,0.019,-0.011,0.001,-0.003,-137.986,-242.537,361.411,-173.610,-1.810,113.257,1,0.0000,0.0000,-0.0000,1
7595625,-0.126,-0.396,0.072,-0.011,0.000,-0.006,-137.986,-242.537,361.411,-173.610,-1.810,113.257,1,0.0000,0.0000,-0.0000,1
7595734,-0.166,-0.395,0.062,-0.010,0.001,-0.004,-137.986,-242.537,361.411,-173.610,-1.810,113.257,1,0.0000,0.0000,-0.0000,1
7595843,-0.191,-0.416,0.068,-0.011,0.001,-0.003,-137.986,-242.537,361.411,-173.610,-1.810,113.257,1,0.0000,0.0000,-0.0000,1
7595984,-0.152,-0.422,0.172,-0.011,0.001,-0.008,-137.986,-242.537,361.411,-173.610,-1.810,113.257,1,-0.0000,-0.0000,0.0000,1
7596031,-0.157,-0.387,0.092,-0.010,0.001,-0.004,-137.986,-242.537,361.411,-173.610,-1.810,113.257,1,-0.0000,-0.0000,0.0000,1
7596078,-0.219,-0.347,-0.108,-0.008,0.003,0.005,-137.986,-242.537,361.411,-173.610,-1.810,113.257,1,-0.0000,-0.0000,0.0000,1
7596156,-0.253,-0.348,-0.144,-0.008,0.003,0.007,-137.986,-242.537,361.411,-173.610,-1.810,113.257,1,-0.0000,-0.0000,0.0000,1
7596296,-0.266,-0.357,-0.142,-0.009,0.004,0.006,-137.986,-242.537,361.411,-173.610,-1.810,113.257,1,-0.0000,-0.0000,0.0000,1
7596390,-0.242,-0.366,-0.100,-0.010,0.002,0.002,-137.986,-242.537,361.411,-173.610,-1.810,113.257,1,-0.0000,-0.0000,0.0000,1
7596500,-0.202,-0.382,-0.019,-0.011,0.001,-0.002,-137.986,-242.537,361.411,-173.610,-1.810,113.257,1,-0.0000,-0.0000,0.0000,1
7596578,-0.200,-0.407,0.009,-0.012,0.001,-0.004,-137.986,-242.537,361.411,-173.610,-1.810,113.257,1,-0.0000,-0.0000,0.0000,1
7596671,-0.187,-0.433,0.116,-0.012,0.001,-0.007,-137.986,-242.537,361.411,-173.610,-1.810,113.257,1,0.0000,0.0000,-0.0000,1
7596750,-0.161,-0.426,0.181,-0.012,0.001,-0.009,-137.986,-242.537,361.411,-173.610,-1.810,113.257,1,0.0000,0.0000,-0.0000,1
7596828,-0.160,-0.410,0.125,-0.011,0.001,-0.007,-137.986,-242.537,361.411,-173.610,-1.810,113.257,1,0.0000,0.0000,-0.0000,1
7596937,-0.167,-0.385,0.119,-0.010,0.001,-0.006,-137.986,-242.537,361.411,-173.610,-1.810,113.257,1,0.0000,0.0000,-0.0000,1
7597046,-0.173,-0.361,0.155,-0.009,0.001,-0.005,-137.986,-242.537,361.411,-173.610,-1.810,113.257,1,0.0000,0.0000,-0.0000,1
7597187,-0.175,-0.383,0.139,-0.010,0.001,-0.006,-137.986,-242.537,361.411,-173.610,-1.810,113.257,1,0.0000,0.0000,-0.0000,1
7597234,-0.186,-0.402,0.124,-0.010,0.001,-0.006,-137.986,-242.537,361.411,-173.610,-1.810,113.257,1,0.0000,0.0000,-0.0000,1
7597281,-0.203,-0.392,0.176,-0.009,0.003,-0.006,-137.986,-242.537,361.411,-173.610,-1.810,113.257,1,0.0000,0.0000,-0.0000,1
7597359,-0.201,-0.374,0.147,-0.009,0.003,-0.005,-137.986,-242.537,361.411,-173.610,-1.810,113.257,1,0.0000,0.0000,-0.0000,1
7597500,-0.198,-0.376,0.073,-0.010,0.002,-0.005,-137.986,-242.537,361.411,-173.610,-1.810,113.257,1,-0.0000,-0.0000,0.0000,1
7597593,-0.201,-0.388,0.146,-0.010,0.002,-0.007,-137.986,-242.537,361.411,-173.610,-1.810,113.257,1,-0.0000,-0.0000,0.0000,1
7597703,-0.214,-0.352,0.091,-0.008,0.002,-0.004,-137.986,-242.537,361.411,-173.610,-1.810,113.257,1,-0.0000,-0.0000,0.0000,1
7597781,-0.222,-0.332,-0.059,-0.009,0.003,0.001,-137.986,-242.537,361.411,-173.610,-1.810,113.257,1,-0.0000,-0.0000,0.0000,1
7597875,-0.199,-0.365,0.056,-0.010,0.002,-0.003,-137.986,-242.537,361.411,-173.610,-1.810,113.257,1,-0.0000,-0.0000,0.0000,1
7597953,-0.163,-0.392,0.181,-0.010,0.001,-0.008,-137.986,-242.537,361.411,-173.610,-1.810,113.257,1,-0.0000,-0.0000,0.0000,1
7598031,-0.152,-0.395,0.155,-0.010,0.001,-0.007,-137.986,-242.537,361.411,-173.610,-1.810,113.257,1,-0.0000,-0.0000,0.0000,1
7598140,-0.214,-0.352,0.061,-0.009,0.003,-0.002,-137.986,-242.537,361.411,-173.610,-1.810,113.257,1,-0.0000,-0.0000,0.0000,1
7598250,-0.233,-0.299,-0.076,-0.010,0.003,0.002,-137.986,-242.537,361.411,-173.610,-1.810,113.257,1,0.0000,0.0000,-0.0000,1
7598390,-0.158,-0.318,-0.021,-0.012,0.000,-0.003,-137.986,-242.537,361.411,-173.610,-1.810,113.257,1,0.0000,0.0000,-0.0000,1
7598437,-0.126,-0.397,0.143,-0.013,-0.001,-0.012,-137.986,-242.537,361.411,-173.610,-1.810,113.257,1,0.0000,0.0000,-0.0000,1
7598484,-0.174,-0.417,0.054,-0.012,0.001,-0.009,-137.986,-242.537,361.411,-173.610,-1.810,113.257,1,0.0000,0.0000,-0.0000,1
7598562,-0.226,-0.375,-0.158,-0.012,0.002,-0.001,-137.986,-242.537,361.411,-173.610,-1.810,113.257,1,0.0000,0.0000,-0.0000,1
7598703,-0.227,-0.356,-0.208,-0.012,0.002,0.001,-137.986,-242.537,361.411,-173.610,-1.810,113.257,1,0.0000,0.0000,-0.0000,1
7598796,-0.206,-0.361,-0.148,-0.012,0.002,-0.001,-137.986,-242.537,361.411,-173.610,-1.810,113.257,1,0.0000,0.0000,-0.0000,1
7598906,-0.179,-0.381,-0.019,-0.013,0.001,-0.005,-137.986,-242.537,361.411,-173.610,-1.810,113.257,1,0.0000,0.0000,-0.0000,1
7598984,-0.165,-0.401,0.100,-0.013,0.001,-0.008,-137.986,-242.537,361.411,-173.610,-1.810,113.257,1,0.0000,0.0000,-0.0000,1
7599078,-0.193,-0.403,0.121,-0.010,0.002,-0.006,-137.986,-242.537,361.411,-173.610,-1.810,113.257,1,-0.0000,-0.0000,0.0000,1
7599140,-0.216,-0.385,0.130,-0.008,0.003,-0.004,-137.986,-242.537,361.411,-173.610,-1.810,113.257,1,-0.0000,-0.0000,0.0000,1
7599218,-0.170,-0.370,0.179,-0.010,0.002,-0.007,-137.986,-242.537,361.411,-173.610,-1.810,113.257,1,-0.0000,-0.0000,0.0000,1
7599328,-0.128,-0.391,0.125,-0.013,0.001,-0.009,-137.986,-242.537,361.411,-173.610,-1.810,113.257,1,-0.0000,-0.0000,0.0000,1
7599375,-0.160,-0.402,-0.009,-0.014,0.000,-0.005,-137.986,-242.537,361.411,-173.610,-1.810,113.257,1,-0.0000,-0.0000,0.0000,1
7599453,-0.187,-0.390,0.035,-0.012,0.002,-0.004,-137.986,-242.537,361.411,-173.610,-1.810,113.257,1,-0.0000,-0.0000,0.0000,1
7599593,-0.188,-0.382,0.126,-0.010,0.002,-0.006,-137.986,-242.537,361.411,-173.610,-1.810,113.257,1,-0.0000,-0.0000,0.0000,1
7599640,-0.209,-0.375,0.077,-0.009,0.002,-0.004,-137.986,-242.537,361.411,-173.610,-1.810,113.257,1,-0.0000,-0.0000,0.0000,1
7599765,-0.230,-0.371,0.029,-0.009,0.002,-0.003,-137.986,-242.537,361.411,-173.610,-1.810,113.257,1,0.0000,0.0000,-0.0000,1
7599906,-0.203,-0.384,0.076,-0.010,0.002,-0.005,-137.986,-242.537,361.411,-173.610,-1.810,113.257,1,0.0000,0.0000,-0.0000,1
7599984,-0.179,-0.373,0.101,-0.010,0.002,-0.005,-137.986,-242.537,361.411,-173.610,-1.810,113.257,1,0.0000,0.0000,-0.0000,1
7600093,-0.201,-0.338,-0.024,-0.009,0.002,-0.001,-137.986,-242.537,361.411,-173.610,-1.810,113.257,1,0.0000,0.0000,-0.0000,1
7600171,-0.208,-0.367,-0.131,-0.012,0.002,0.001,-137.986,-242.537,361.411,-173.610,-1.810,113.257,1,0.0000,0.0000,-0.0000,1
7600265,-0.186,-0.405,-0.068,-0.013,0.001,-0.003,-137.986,-242.537,361.411,-173.610,-1.810,113.257,1,0.0000,0.0000,-0.0000,1
7600359,-0.203,-0.368,0.006,-0.011,0.002,-0.003,-137.986,-242.537,361.411,-173.610,-1.810,113.257,1,0.0000,0.0000,-0.0000,1
7600421,-0.239,-0.329,0.027,-0.008,0.002,-0.002,-137.986,-242.537,361.411,-173.610,-1.810,113.257,1,0.0000,0.0000,-0.0000,1
7600531,-0.236,-0.347,-0.012,-0.010,0.003,-0.001,-137.986,-242.537,361.411,-173.610,-1.810,113.257,1,0.0000,0.0000,-0.0000,1
7600640,-0.241,-0.368,-0.092,-0.011,0.003,0.001,-137.986,-242.537,361.411,-173.610,-1.810,113.257,1,-0.0000,-0.0000,0.0000,1
7600781,-0.236,-0.371,-0.003,-0.010,0.002,-0.002,-137.986,-242.537,361.411,-173.610,-1.810,113.257,1,-0.0000,-0.0000,0.0000,1
7600828,-0.171,-0.388,0.192,-0.010,0.001,-0.010,-137.986,-242.537,361.411,-173.610,-1.810,113.257,1,-0.0000,-0.0000,0.0000,1
7600875,-0.151,-0.399,0.198,-0.011,0.001,-0.010,-137.986,-242.537,361.411,-173.610,-1.810,113.257,1,-0.0000,-0.0000,0.0000,1
7600953,-0.192,-0.378,0.003,-0.011,0.001,-0.004,-137.986,-242.537,361.411,-173.610,-1.810,113.257,1,-0.0000,-0.0000,0.0000,1
7601093,-0.201,-0.362,-0.112,-0.011,0.001,-0.002,-137.986,-242.537,361.411,-173.610,-1.810,113.257,1,-0.0000,-0.0000,0.0000,1
7601187,-0.182,-0.365,-0.044,-0.012,0.001,-0.002,-137.986,-242.537,361.411,-173.610,-1.810,113.257,1,-0.0000,-0.0000,0.0000,1
7601296,-0.183,-0.362,0.011,-0.011,0.002,-0.002,-137.986,-242.537,361.411,-173.610,-1.810,113.257,1,-0.0000,-0.0000,0.0000,1
7601375,-0.178,-0.365,0.055,-0.010,0.002,-0.004,-137.986,-242.537,361.411,-173.610,-1.810,113.257,1,0.0000,0.0000,-0.0000,1
7601468,-0.175,-0.368,0.075,-0.010,0.002,-0.004,-137.986,-242.537,361.411,-173.610,-1.810,113.257,1,0.0000,0.0000,-0.0000,1
7601546,-0.225,-0.359,-0.038,-0.009,0.003,0.000,-137.986,-242.537,361.411,-173.610,-1.810,113.257,1,0.0000,0.0000,-0.0000,1
7601625,-0.229,-0.361,-0.038,-0.010,0.003,-0.000,-137.986,-242.537,361.411,-173.610,-1.810,113.257,1,0.0000,0.0000,-0.0000,1
7601734,-0.170,-0.363,0.095,-0.010,0.003,-0.005,-137.986,-242.537,361.411,-173.610,-1.810,113.257,1,0.0000,0.0000,-0.0000,1
7601843,-0.155,-0.368,0.122,-0.011,0.002,-0.006,-137.986,-242.537,361.411,-173.610,-1.810,113.257,1,0.0000,0.0000,-0.0000,1
7601984,-0.200,-0.383,0.069,-0.012,0.001,-0.005,-137.986,-242.537,361.411,-173.610,-1.810,113.257,1,0.0000,0.0000,-0.0000,1
7602031,-0.273,-0.376,-0.043,-0.011,0.002,-0.000,-137.986,-242.537,361.411,-173.610,-1.810,113.257,1,0.0000,0.0000,-0.0000,1
7602078,-0.260,-0.373,-0.061,-0.010,0.002,0.001,-137.986,-242.537,361.411,-173.610,-1.810,113.257,1,0.0000,0.0000,-0.0000,1
7602156,-0.171,-0.389,0.064,-0.011,0.001,-0.005,-137.986,-242.537,361.411,-173.610,-1.810,113.257,1,-0.0000,-0.0000,0.0000,1
7602296,-0.141,-0.401,0.123,-0.011,0.001,-0.007,-137.986,-242.537,361.411,-173.610,-1.810,113.257,1,-0.0000,-0.0000,0.0000,1
7602390,-0.156,-0.422,0.075,-0.012,0.001,-0.007,-137.986,-242.537,361.411,-173.610,-1.810,113.257,1,-0.0000,-0.0000,0.0000,1
7602500,-0.161,-0.417,0.068,-0.012,0.001,-0.006,-137.986,-242.537,361.411,-173.610,-1.810,113.257,1,-0.0000,-0.0000,0.0000,1
7602578,-0.156,-0.369,0.225,-0.011,0.002,-0.009,-137.986,-242.537,361.411,-173.610,-1.810,113.257,1,-0.0000,-0.0000,0.0000,1
7602671,-0.161,-0.364,0.288,-0.010,0.001,-0.011,-137.986,-242.537,361.411,-173.610,-1.810,113.257,1,-0.0000,-0.0000,0.0000,1
7602750,-0.176,-0.402,0.161,-0.011,0.001,-0.008,-137.986,-242.537,361.411,-173.610,-1.810,113.257,1,-0.0000,-0.0000,0.0000,1
7602828,-0.181,-0.417,0.104,-0.011,0.001,-0.006,-137.986,-242.537,361.411,-173.610,-1.810,113.257,1,-0.0000,-0.0000,0.0000,1
7602937,-0.190,-0.405,0.149,-0.010,0.002,-0.007,-137.986,-242.537,361.411,-173.610,-1.810,113.257,1,0.0000,0.0000,-0.0000,1
7603046,-0.230,-0.373,0.088,-0.008,0.003,-0.003,-137.986,-242.537,361.411,-173.610,-1.810,113.257,1,0.0000,0.0000,-0.0000,1
7603187,-0.244,-0.363,-0.028,-0.009,0.003,0.001,-137.986,-242.537,361.411,-173.610,-1.810,113.257,1,0.0000,0.0000,-0.0000,1
7603234,-0.190,-0.366,0.094,-0.010,0.002,-0.004,-137.986,-242.537,361.411,-173.610,-1.810,113.257,1,0.0000,0.0000,-0.0000,1
7603281,-0.158,-0.329,0.298,-0.009,0.001,-0.009,-137.986,-242.537,361.411,-173.610,-1.810,113.257,1,0.0000,0.0000,-0.0000,1
7603359,-0.185,-0.320,0.231,-0.009,0.001,-0.006,-137.986,-242.537,361.411,-173.610,-1.810,113.257,1,0.0000,0.0000,-0.0000,1
7603500,-0.193,-0.376,0.064,-0.010,0.001,-0.004,-137.986,-242.537,361.411,-173.610,-1.810,113.257,1,0.0000,0.0000,-0.0000,1
7603593,-0.162,-0.427,0.105,-0.012,0.001,-0.008,-137.986,-242.537,361.411,-173.610,-1.810,113.257,1,0.0000,0.0000,-0.0000,1
7603703,-0.187,-0.415,0.084,-0.012,0.002,-0.005,-137.986,-242.537,361.411,-173.610,-1.810,113.257,1,0.0000,0.0000,-0.0000,1
7603781,-0.228,-0.374,-0.052,-0.010,0.003,0.000,-137.986,-242.537,361.411,-173.610,-1.810,113.257,1,-0.0000,-0.0000,0.0000,1
7603875,-0.188,-0.376,0.013,-0.010,0.002,-0.003,-137.986,-242.537,361.411,-173.610,-1.810,113.257,1,-0.0000,-0.0000,0.0000,1
7603953,-0.214,-0.412,0.027,-0.011,0.002,-0.003,-137.986,-242.537,361.411,-173.610,-1.810,113.257,1,-0.0000,-0.0000,0.0000,1
7604031,-0.299,-0.438,-0.119,-0.011,0.004,0.003,-137.986,-242.537,361.411,-173.610,-1.810,113.257,1,-0.0000,-0.0000,0.0000,1
7604140,-0.254,-0.435,-0.077,-0.012,0.003,-0.001,-137.986,-242.537,361.411,-173.610,-1.810,113.257,1,-0.0000,-0.0000,0.0000,1
7604250,-0.172,-0.413,0.015,-0.013,0.001,-0.005,-137.986,-242.537,361.411,-173.610,-1.810,113.257,1,-0.0000,-0.0000,0.0000,1
7604390,-0.177,-0.390,-0.077,-0.013,0.002,-0.002,-137.986,-242.537,361.411,-173.610,-1.810,113.257,1,-0.0000,-0.0000,0.0000,1
7604437,-0.185,-0.388,-0.087,-0.012,0.002,-0.001,-137.986,-242.537,361.411,-173.610,-1.810,113.257,1,-0.0000,-0.0000,0.0000,1
7604484,-0.193,-0.389,-0.009,-0.010,0.002,-0.001,-137.986,-242.537,361.411,-173.610,-1.810,113.257,1,0.0000,0.0000,-0.0000,1
7604562,-0.218,-0.392,0.036,-0.009,0.003,-0.002,-137.986,-242.537,361.411,-173.610,-1.810,113.257,1,0.0000,0.0000,-0.0000,1
7604703,-0.196,-0.407,0.064,-0.010,0.002,-0.004,-137.986,-242.537,361.411,-173.610,-1.810,113.257,1,0.0000,0.0000,-0.0000,1
7604796,-0.136,-0.391,0.009,-0.012,-0.000,-0.004,-137.986,-242.537,361.411,-173.610,-1.810,113.257,1,0.0000,0.0000,-0.0000,1
7604921,-0.111,-0.403,0.013,-0.013,-0.001,-0.005,-137.986,-242.537,361.411,-173.610,-1.810,113.257,1,0.0000,0.0000,-0.0000,1
7605000,-0.147,-0.441,0.072,-0.013,0.001,-0.006,-137.986,-242.537,361.411,-173.610,-1.810,113.257,1,0.0000,0.0000,-0.0000,1
7605093,-0.187,-0.407,0.142,-0.011,0.001,-0.007,-137.986,-242.537,361.411,-173.610,-1.810,113.257,1,0.0000,0.0000,-0.0000,1
7605171,-0.218,-0.342,0.108,-0.008,0.001,-0.003,-137.986,-242.537,361.411,-173.610,-1.810,113.257,1,0.0000,0.0000,-0.0000,1
7605250,-0.200,-0.351,-0.018,-0.008,0.001,0.000,-137.986,-242.537,361.411,-173.610,-1.810,113.257,1,0.0000,-0.0000,-0.0000,1
7605359,-0.110,-0.420,0.014,-0.012,-0.000,-0.004,-137.986,-242.537,361.411,-173.610,-1.810,113.257,1,-0.0000,-0.0000,0.0000,1
7605468,-0.092,-0.442,0.071,-0.014,-0.001,-0.007,-137.986,-242.537,361.411,-173.610,-1.810,113.257,1,-0.0000,-0.0000,0.0000,1
7605609,-0.158,-0.421,0.133,-0.012,0.000,-0.008,-137.986,-242.537,361.411,-173.610,-1.810,113.257,1,-0.0000,-0.0000,0.0000,1
7605656,-0.193,-0.409,0.214,-0.011,0.002,-0.009,-137.986,-242.537,361.411,-173.610,-1.810,113.257,1,-0.0000,-0.0000,0.0000,1
7605703,-0.173,-0.407,0.162,-0.013,0.002,-0.008,-137.986,-242.537,361.411,-173.610,-1.810,113.257,1,-0.0000,-0.0000,0.0000,1
7605781,-0.158,-0.429,0.093,-0.013,0.001,-0.007,-137.986,-242.537,361.411,-173.610,-1.810,113.257,1,-0.0000,-0.0000,0.0000,1
7605921,-0.173,-0.438,0.099,-0.012,0.001,-0.006,-137.986,-242.537,361.411,-173.610,-1.810,113.257,1,-0.0000,-0.0000,0.0000,1
7606015,-0.181,-0.405,0.061,-0.011,0.001,-0.005,-137.986,-242.537,361.411,-173.610,-1.810,113.257,1,-0.0000,-0.0000,0.0000,1
7606125,-0.149,-0.377,0.013,-0.012,0.001,-0.006,-137.986,-242.537,361.411,-173.610,-1.810,113.257,1,0.0000,0.0000,-0.0000,1
7606203,-0.101,-0.377,0.078,-0.012,0.000,-0.010,-137.986,-242.537,361.411,-173.610,-1.810,113.257,1,0.0000,0.0000,-0.0000,1
7606296,-0.107,-0.367,0.089,-0.011,0.000,-0.008,-137.986,-242.537,361.411,-173.610,-1.810,113.257,1,0.0000,0.0000,-0.0000,1
7606375,-0.147,-0.347,-0.039,-0.011,-0.000,-0.002,-137.986,-242.537,361.411,-173.610,-1.810,113.257,1,0.0000,0.0000,-0.0000,1
7606453,-0.178,-0.375,-0.038,-0.011,0.001,-0.001,-137.986,-242.537,361.411,-173.610,-1.810,113.257,1,0.0000,0.0000,-0.0000,1
7606562,-0.186,-0.437,0.130,-0.011,0.003,-0.006,-137.986,-242.537,361.411,-173.610,-1.810,113.257,1,0.0000,0.0000,-0.0000,1
7606671,-0.172,-0.429,0.180,-0.010,0.003,-0.007,-137.986,-242.537,361.411,-173.610,-1.810,113.257,1,0.0000,0.0000,-0.0000,1
7606812,-0.165,-0.380,0.160,-0.009,0.001,-0.005,-137.986,-242.537,361.411,-173.610,-1.810,113.257,1,0.0000,0.0000,-0.0000,1
7606859,-0.176,-0.373,0.075,-0.010,-0.000,-0.003,-137.986,-242.537,361.411,-173.610,-1.810,113.257,1,-0.0000,-0.0000,0.0000,1
7606906,-0.165,-0.384,-0.056,-0.012,-0.001,0.000,-137.986,-242.537,361.411,-173.610,-1.810,113.257,1,-0.0000,-0.0000,0.0000,1
7606984,-0.131,-0.403,0.043,-0.012,-0.000,-0.005,-137.986,-242.537,361.411,-173.610,-1.810,113.257,1,-0.0000,-0.0000,0.0000,1
7607125,-0.130,-0.410,0.154,-0.011,0.001,-0.009,-137.986,-242.537,361.411,-173.610,-1.810,113.257,1,-0.0000,-0.0000,0.0000,1
7607218,-0.168,-0.389,0.028,-0.010,0.001,-0.003,-137.986,-242.537,361.411,-173.610,-1.810,113.257,1,-0.0000,-0.0000,0.0000,1
7607328,-0.207,-0.364,-0.058,-0.008,0.001,0.002,-137.986,-242.537,361.411,-173.610,-1.810,113.257,1,-0.0000,-0.0000,0.0000,1
7607406,-0.182,-0.382,0.072,-0.009,0.001,-0.003,-137.986,-242.537,361.411,-173.610,-1.810,113.257,1,-0.0000,-0.0000,0.0000,1
7607500,-0.147,-0.431,0.154,-0.011,0.001,-0.009,-137.986,-242.537,361.411,-173.610,-1.810,113.257,1,-0.0000,-0.0000,0.0000,1
7607578,-0.186,-0.419,0.026,-0.011,0.002,-0.004,-137.986,-242.537,361.411,-173.610,-1.810,113.257,1,-0.0000,-0.0000,0.0000,1
7607656,-0.212,-0.396,-0.114,-0.010,0.001,0.002,-137.986,-242.537,361.411,-173.610,-1.810,113.257,1,0.0000,0.0000,-0.0000,1
7607765,-0.168,-0.427,-0.042,-0.012,0.000,-0.001,-137.986,-242.537,361.411,-173.610,-1.810,113.257,1,0.0000,0.0000,-0.0000,1
7607875,-0.166,-0.425,0.120,-0.012,0.001,-0.007,-137.986,-242.537,361.411,-173.610,-1.810,113.257,1,0.0000,0.0000,-0.0000,1
7608015,-0.229,-0.367,0.063,-0.009,0.003,-0.002,-137.986,-242.537,361.411,-173.610,-1.810,113.257,1,0.0000,0.0000,-0.0000,1
7608062,-0.235,-0.350,-0.078,-0.010,0.003,0.001,-137.986,-242.537,361.411,-173.610,-1.810,113.257,1,0.0000,0.0000,-0.0000,1
7608109,-0.192,-0.386,-0.054,-0.013,0.001,-0.003,-137.986,-242.537,361.411,-173.610,-1.810,113.257,1,0.0000,0.0000,-0.0000,1
7608187,-0.174,-0.415,0.035,-0.013,0.001,-0.005,-137.986,-242.537,361.411,-173.610,-1.810,113.257,1,0.0000,0.0000,-0.0000,1
7608328,-0.161,-0.424,0.110,-0.011,0.001,-0.005,-137.986,-242.537,361.411,-173.610,-1.810,113.257,1,0.0000,0.0000,-0.0000,1
7608421,-0.158,-0.410,0.141,-0.010,0.001,-0.004,-137.986,-242.537,361.411,-173.610,-1.810,113.257,1,-0.0000,-0.0000,0.0000,1
7608531,-0.181,-0.397,0.064,-0.010,0.001,-0.003,-137.986,-242.537,361.411,-173.610,-1.810,113.257,1,-0.0000,-0.0000,0.0000,1
7608609,-0.199,-0.402,0.009,-0.010,0.002,-0.002,-137.986,-242.537,361.411,-173.610,-1.810,113.257,1,-0.0000,-0.0000,0.0000,1
7608703,-0.177,-0.407,0.092,-0.011,0.001,-0.004,-137.986,-242.537,361.411,-173.610,-1.810,113.257,1,-0.0000,-0.0000,0.0000,1
7608781,-0.136,-0.394,0.149,-0.012,0.000,-0.008,-137.986,-242.537,361.411,-173.610,-1.810,113.257,1,-0.0000,-0.0000,0.0000,1
7608859,-0.140,-0.394,0.117,-0.012,0.001,-0.008,-137.986,-242.537,361.411,-173.610,-1.810,113.257,1,-0.0000,-0.0000,0.0000,1
7608968,-0.199,-0.404,0.010,-0.011,0.002,-0.003,-137.986,-242.537,361.411,-173.610,-1.810,113.257,1,-0.0000,-0.0000,0.0000,1
7609078,-0.231,-0.399,-0.081,-0.010,0.002,0.001,-137.986,-242.537,361.411,-173.610,-1.810,113.257,1,-0.0000,-0.0000,0.0000,1
7609218,-0.209,-0.394,-0.080,-0.010,0.002,0.001,-137.986,-242.537,361.411,-173.610,-1.810,113.257,1,-0.0000,-0.0000,0.0000,1
7609265,-0.186,-0.407,-0.065,-0.011,0.001,-0.001,-137.986,-242.537,361.411,-173.610,-1.810,113.257,1,0.0000,0.0000,-0.0000,1
7609312,-0.187,-0.410,-0.027,-0.011,0.001,-0.002,-137.986,-242.537,361.411,-173.610,-1.810,113.257,1,0.0000,0.0000,-0.0000,1
7609390,-0.220,-0.391,-0.056,-0.010,0.002,-0.000,-137.986,-242.537,361.411,-173.610,-1.810,113.257,1,0.0000,0.0000,-0.0000,1
7609531,-0.196,-0.399,-0.074,-0.012,0.001,-0.002,-137.986,-242.537,361.411,-173.610,-1.810,113.257,1,0.0000,0.0000,-0.0000,1
7609625,-0.164,-0.402,-0.081,-0.013,-0.000,-0.002,-137.986,-242.537,361.411,-173.610,-1.810,113.257,1,0.0000,0.0000,-0.0000,1
7609734,-0.180,-0.371,-0.130,-0.010,0.002,0.003,-137.986,-242.537,361.411,-173.610,-1.810,113.257,1,0.0000,0.0000,-0.0000,1
7609812,-0.159,-0.374,-0.050,-0.011,0.003,0.000,-137.986,-242.537,361.411,-173.610,-1.810,113.257,1,0.0000,0.0000,-0.0000,1
7609906,-0.142,-0.388,0.125,-0.011,0.002,-0.007,-137.986,-242.537,361.411,-173.610,-1.810,113.257,1,0.0000,0.0000,-0.0000,1
7609984,-0.157,-0.370,0.223,-0.009,0.002,-0.009,-137.986,-242.537,361.411,-173.610,-1.810,113.257,1,-0.0000,-0.0000,0.0000,1
7610062,-0.195,-0.361,0.096,-0.007,0.002,-0.003,-137.986,-242.537,361.411,-173.610,-1.810,113.257,1,-0.0000,-0.0000,0.0000,1
7610171,-0.210,-0.397,-0.137,-0.010,0.002,0.003,-137.986,-242.537,361.411,-173.610,-1.810,113.257,1,-0.0000,-0.0000,0.0000,1
7610281,-0.192,-0.419,-0.200,-0.012,0.001,0.003,-137.986,-242.537,361.411,-173.610,-1.810,113.257,1,-0.0000,-0.0000,0.0000,1
7610421,-0.213,-0.383,-0.055,-0.010,0.003,-0.001,-137.986,-242.537,361.411,-173.610,-1.810,113.257,1,-0.0000,-0.0000,0.0000,1
7610468,-0.222,-0.379,0.135,-0.009,0.005,-0.006,-137.986,-242.537,361.411,-173.610,-1.810,113.257,1,-0.0000,-0.0000,0.0000,1
7610515,-0.186,-0.424,0.168,-0.011,0.003,-0.008,-137.986,-242.537,361.411,-173.610,-1.810,113.257,1,-0.0000,-0.0000,0.0000,1
7610593,-0.155,-0.439,0.101,-0.012,0.001,-0.006,-137.986,-242.537,361.411,-173.610,-1.810,113.257,1,-0.0000,-0.0000,0.0000,1
7610734,-0.147,-0.422,0.083,-0.012,0.000,-0.005,-137.986,-242.537,361.411,-173.610,-1.810,113.257,1,-0.0000,-0.0000,0.0000,1
7610828,-0.187,-0.396,0.024,-0.011,0.001,-0.004,-137.986,-242.537,361.411,-173.610,-1.810,113.257,1,0.0000,0.0000,-0.0000,1
7610937,-0.218,-0.384,-0.049,-0.010,0.002,-0.002,-137.986,-242.537,361.411,-173.610,-1.810,113.257,1,0.0000,0.0000,-0.0000,1
7611015,-0.185,-0.404,0.029,-0.011,0.001,-0.005,-137.986,-242.537,361.411,-173.610,-1.810,113.257,1,0.0000,0.0000,-0.0000,1
7611109,-0.191,-0.400,0.027,-0.011,0.002,-0.003,-137.986,-242.537,361.411,-173.610,-1.810,113.257,1,0.0000,0.0000,-0.0000,1
7611187,-0.238,-0.355,-0.130,-0.009,0.003,0.003,-137.986,-242.537,361.411,-173.610,-1.810,113.257,1,0.0000,0.0000,-0.0000,1
7611265,-0.234,-0.338,-0.174,-0.010,0.003,0.003,-137.986,-242.537,361.411,-173.610,-1.810,113.257,1,0.0000,0.0000,-0.0000,1
7611375,-0.196,-0.358,-0.071,-0.011,0.002,-0.001,-137.986,-242.537,361.411,-173.610,-1.810,113.257,1,0.0000,0.0000,-0.0000,1
7611484,-0.171,-0.410,0.130,-0.011,0.001,-0.007,-137.986,-242.537,361.411,-173.610,-1.810,113.257,1,0.0000,0.0000,-0.0000,1
7611625,-0.206,-0.433,0.142,-0.010,0.002,-0.005,-137.986,-242.537,361.411,-173.610,-1.810,113.257,1,-0.0000,-0.0000,0.0000,1
7611671,-0.237,-0.389,-0.042,-0.009,0.003,0.002,-137.986,-242.537,361.411,-173.610,-1.810,113.257,1,-0.0000,-0.0000,0.0000,1
7611718,-0.193,-0.385,-0.003,-0.011,0.002,-0.001,-137.986,-242.537,361.411,-173.610,-1.810,113.257,1,-0.0000,-0.0000,0.0000,1
7611796,-0.164,-0.410,0.169,-0.011,0.001,-0.008,-137.986,-242.537,361.411,-173.610,-1.810,113.257,1,-0.0000,-0.0000,0.0000,1
7611937,-0.160,-0.420,0.227,-0.010,0.001,-0.010,-137.986,-242.537,361.411,-173.610,-1.810,113.257,1,-0.0000,-0.0000,0.0000,1
7612031,-0.168,-0.416,0.095,-0.010,0.001,-0.005,-137.986,-242.537,361.411,-173.610,-1.810,113.257,1,-0.0000,-0.0000,0.0000,1
7612140,-0.192,-0.399,-0.000,-0.010,0.001,-0.002,-137.986,-242.537,361.411,-173.610,-1.810,113.257,1,-0.0000,-0.0000,0.0000,1
7612218,-0.191,-0.418,0.154,-0.012,0.002,-0.009,-137.986,-242.537,361.411,-173.610,-1.810,113.257,1,-0.0000,-0.0000,0.0000,1
7612328,-0.189,-0.441,0.244,-0.012,0.002,-0.012,-137.986,-242.537,361.411,-173.610,-1.810,113.257,1,-0.0000,-0.0000,0.0000,1
7612406,-0.190,-0.435,0.162,-0.011,0.002,-0.008,-137.986,-242.537,361.411,-173.610,-1.810,113.257,1,0.0000,0.0000,-0.0000,1
7612484,-0.178,-0.422,0.111,-0.012,0.001,-0.006,-137.986,-242.537,361.411,-173.610,-1.810,113.257,1,0.0000,0.0000,-0.0000,1
7612593,-0.160,-0.417,0.154,-0.013,0.001,-0.008,-137.986,-242.537,361.411,-173.610,-1.810,113.257,1,0.0000,0.0000,-0.0000,1
7612703,-0.145,-0.428,0.122,-0.014,0.001,-0.009,-137.986,-242.537,361.411,-173.610,-1.810,113.257,1,0.0000,0.0000,-0.0000,1
7612828,-0.160,-0.438,-0.003,-0.013,0.001,-0.005,-137.986,-242.537,361.411,-173.610,-1.810,113.257,1,0.0000,0.0000,-0.0000,1
7612875,-0.183,-0.424,0.035,-0.012,0.001,-0.005,-137.986,-242.537,361.411,-173.610,-1.810,113.257,1,0.0000,0.0000,-0.0000,1
7612921,-0.192,-0.402,0.168,-0.011,0.002,-0.008,-137.986,-242.537,361.411,-173.610,-1.810,113.257,1,0.0000,0.0000,-0.0000,1
7613000,-0.194,-0.387,0.153,-0.009,0.002,-0.008,-137.986,-242.537,361.411,-173.610,-1.810,113.257,1,0.0000,0.0000,-0.0000,1
7613140,-0.181,-0.393,0.101,-0.010,0.002,-0.006,-137.986,-242.537,361.411,-173.610,-1.810,113.257,1,-0.0000,-0.0000,0.0000,1
7613234,-0.163,-0.416,0.171,-0.012,0.001,-0.008,-137.986,-242.537,361.411,-173.610,-1.810,113.257,1,-0.0000,-0.0000,0.0000,1
7613281,-0.147,-0.418,0.223,-0.013,0.001,-0.010,-137.986,-242.537,361.411,-173.610,-1.810,113.257,1,-0.0000,-0.0000,0.0000,1
7613359,-0.124,-0.402,0.238,-0.012,0.001,-0.010,-137.986,-242.537,361.411,-173.610,-1.810,113.257,1,-0.0000,-0.0000,0.0000,1
7613437,-0.130,-0.399,0.214,-0.011,0.002,-0.009,-137.986,-242.537,361.411,-173.610,-1.810,113.257,1,-0.0000,-0.0000,0.0000,1
7613515,-0.166,-0.416,0.135,-0.011,0.002,-0.007,-137.986,-242.537,361.411,-173.610,-1.810,113.257,1,-0.0000,-0.0000,0.0000,1
7613609,-0.191,-0.414,0.055,-0.011,0.002,-0.004,-137.986,-242.537,361.411,-173.610,-1.810,113.257,1,-0.0000,-0.0000,0.0000,1
7613687,-0.208,-0.382,-0.073,-0.011,0.002,0.000,-137.986,-242.537,361.411,-173.610,-1.810,113.257,1,-0.0000,-0.0000,0.0000,1
7613796,-0.201,-0.382,-0.088,-0.011,0.003,0.000,-137.986,-242.537,361.411,-173.610,-1.810,113.257,1,-0.0000,-0.0000,0.0000,1
7613890,-0.195,-0.405,-0.016,-0.012,0.003,-0.002,-137.986,-242.537,361.411,-173.610,-1.810,113.257,1,0.0000,0.0000,-0.0000,1
7614031,-0.232,-0.396,-0.107,-0.012,0.003,0.001,-137.986,-242.537,361.411,-173.610,-1.810,113.257,1,0.0000,0.0000,-0.0000,1
7614078,-0.233,-0.387,-0.120,-0.012,0.003,0.002,-137.986,-242.537,361.411,-173.610,-1.810,113.257,1,0.0000,0.0000,-0.0000,1
7614125,-0.185,-0.403,0.080,-0.012,0.002,-0.004,-137.986,-242.537,361.411,-173.610,-1.810,113.257,1,0.0000,0.0000,-0.0000,1
7614203,-0.156,-0.425,0.206,-0.012,0.001,-0.010,-137.986,-242.537,361.411,-173.610,-1.810,113.257,1,0.0000,0.0000,-0.0000,1
7614343,-0.152,-0.428,0.180,-0.012,-0.000,-0.010,-137.986,-242.537,361.411,-173.610,-1.810,113.257,1,0.0000,0.0000,-0.0000,1
7614437,-0.195,-0.398,0.030,-0.012,0.001,-0.004,-137.986,-242.537,361.411,-173.610,-1.810,113.257,1,0.0000,0.0000,-0.0000,1
7614546,-0.225,-0.388,-0.028,-0.012,0.003,-0.001,-137.986,-242.537,361.411,-173.610,-1.810,113.257,1,0.0000,0.0000,-0.0000,1
7614625,-0.159,-0.423,0.165,-0.013,0.002,-0.010,-137.986,-242.537,361.411,-173.610,-1.810,113.257,1,-0.0000,-0.0000,0.0000,1
7614718,-0.110,-0.439,0.251,-0.014,0.000,-0.013,-137.986,-242.537,361.411,-173.610,-1.810,113.257,1,-0.0000,-0.0000,0.0000,1
7614796,-0.186,-0.416,0.083,-0.012,0.001,-0.005,-137.986,-242.537,361.411,-173.610,-1.810,113.257,1,-0.0000,-0.0000,0.0000,1
7614875,-0.294,-0.383,-0.069,-0.010,0.003,0.002,-137.986,-242.537,361.411,-173.610,-1.810,113.257,1,-0.0000,-0.0000,0.0000,1
7614984,-0.272,-0.376,0.018,-0.010,0.003,-0.002,-137.986,-242.537,361.411,-173.610,-1.810,113.257,1,-0.0000,-0.0000,0.0000,1
7615093,-0.183,-0.384,0.138,-0.011,0.002,-0.008,-137.986,-242.537,361.411,-173.610,-1.810,113.257,1,-0.0000,-0.0000,0.0000,1
7615234,-0.216,-0.359,0.012,-0.009,0.003,-0.003,-137.986,-242.537,361.411,-173.610,-1.810,113.257,1,-0.0000,-0.0000,0.0000,1
7615281,-0.261,-0.340,-0.064,-0.009,0.003,0.000,-137.986,-242.537,361.411,-173.610,-1.810,113.257,1,-0.0000,-0.0000,0.0000,1
7615328,-0.223,-0.362,0.048,-0.010,0.002,-0.004,-137.986,-242.537,361.411,-173.610,-1.810,113.257,1,-0.0000,-0.0000,0.0000,1
7615406,-0.224,-0.353,0.088,-0.008,0.002,-0.004,-137.986,-242.537,361.411,-173.610,-1.810,113.257,1,0.0000,0.0000,-0.0000,1
7615546,-0.198,-0.355,0.074,-0.007,0.002,-0.003,-137.986,-242.537,361.411,-173.610,-1.810,113.257,1,0.0000,0.0000,-0.0000,1
7615640,-0.116,-0.389,0.091,-0.011,0.000,-0.006,-137.986,-242.537,361.411,-173.610,-1.810,113.257,1,0.0000,0.0000,-0.0000,1
7615750,-0.123,-0.374,0.078,-0.012,0.000,-0.006,-137.986,-242.537,361.411,-173.610,-1.810,113.257,1,0.0000,0.0000,-0.0000,1
7615828,-0.161,-0.368,0.105,-0.010,0.001,-0.005,-137.986,-242.537,361.411,-173.610,-1.810,113.257,1,0.0000,0.0000,-0.0000,1
7615921,-0.151,-0.409,0.174,-0.011,0.000,-0.010,-137.986,-242.537,361.411,-173.610,-1.810,113.257,1,0.0000,0.0000,-0.0000,1
7616000,-0.162,-0.422,0.167,-0.012,0.000,-0.009,-137.986,-242.537,361.411,-173.610,-1.810,113.257,1,0.0000,0.0000,-0.0000,1
7616078,-0.181,-0.397,0.050,-0.011,0.001,-0.004,-137.986,-242.537,361.411,-173.610,-1.810,113.257,1,0.0000,0.0000,-0.0000,1
7616187,-0.185,-0.380,-0.008,-0.011,0.002,-0.003,-137.986,-242.537,361.411,-173.610,-1.810,113.257,1,-0.0000,-0.0000,0.0000,1
7616296,-0.176,-0.355,0.024,-0.010,0.001,-0.001,-137.986,-242.537,361.411,-173.610,-1.810,113.257,1,-0.0000,-0.0000,0.0000,1
7616437,-0.170,-0.311,-0.089,-0.009,-0.000,0.003,-137.986,-242.537,361.411,-173.610,-1.810,113.257,1,-0.0000,-0.0000,0.0000,1
7616484,-0.189,-0.330,-0.139,-0.010,0.001,0.003,-137.986,-242.537,361.411,-173.610,-1.810,113.257,1,-0.0000,-0.0000,0.0000,1
7616531,-0.207,-0.376,-0.052,-0.009,0.002,-0.000,-137.986,-242.537,361.411,-173.610,-1.810,113.257,1,-0.0000,-0.0000,0.0000,1
7616609,-0.204,-0.384,-0.052,-0.010,0.002,-0.001,-137.986,-242.537,361.411,-173.610,-1.810,113.257,1,-0.0000,-0.0000,0.0000,1
7616750,-0.174,-0.403,0.033,-0.012,0.001,-0.004,-137.986,-242.537,361.411,-173.610,-1.810,113.257,1,-0.0000,-0.0000,0.0000,1
7616843,-0.157,-0.407,0.138,-0.012,0.001,-0.007,-137.986,-242.537,361.411,-173.610,-1.810,113.257,1,-0.0000,-0.0000,0.0000,1
7616953,-0.142,-0.407,0.150,-0.011,0.000,-0.007,-137.986,-242.537,361.411,-173.610,-1.810,113.257,1,-0.0000,-0.0000,0.0000,1
7617031,-0.136,-0.415,0.164,-0.011,0.000,-0.008,-137.986,-242.537,361.411,-173.610,-1.810,113.257,1,0.0000,0.0000,-0.0000,1
7617109,-0.168,-0.391,0.089,-0.010,0.001,-0.005,-137.986,-242.537,361.411,-173.610,-1.810,113.257,1,0.0000,0.0000,-0.0000,1
7617203,-0.172,-0.387,0.013,-0.011,0.001,-0.002,-137.986,-242.537,361.411,-173.610,-1.810,113.257,1,0.0000,0.0000,-0.0000,1
7617281,-0.184,-0.394,-0.021,-0.011,0.002,-0.001,-137.986,-242.537,361.411,-173.610,-1.810,113.257,1,0.0000,0.0000,-0.0000,1
7617390,-0.204,-0.400,-0.078,-0.010,0.002,-0.001,-137.986,-242.537,361.411,-173.610,-1.810,113.257,1,0.0000,0.0000,-0.0000,1
7617484,-0.184,-0.426,-0.031,-0.011,0.002,-0.004,-137.986,-242.537,361.411,-173.610,-1.810,113.257,1,0.0000,0.0000,-0.0000,1
7617640,-0.187,-0.392,0.058,-0.010,0.002,-0.005,-137.986,-242.537,361.411,-173.610,-1.810,113.257,1,0.0000,0.0000,-0.0000,1
7617687,-0.193,-0.353,0.114,-0.008,0.002,-0.005,-137.986,-242.537,361.411,-173.610,-1.810,113.257,1,0.0000,0.0000,-0.0000,1
7617734,-0.172,-0.379,0.178,-0.010,0.001,-0.008,-137.986,-242.537,361.411,-173.610,-1.810,113.257,1,-0.0000,-0.0000,0.0000,1
7617812,-0.162,-0.412,0.203,-0.012,0.001,-0.010,-137.986,-242.537,361.411,-173.610,-1.810,113.257,1,-0.0000,-0.0000,0.0000,1
7617953,-0.180,-0.416,0.192,-0.013,0.001,-0.009,-137.986,-242.537,361.411,-173.610,-1.810,113.257,1,-0.0000,-0.0000,0.0000,1
7618046,-0.217,-0.381,0.115,-0.011,0.001,-0.006,-137.986,-242.537,361.411,-173.610,-1.810,113.257,1,-0.0000,-0.0000,0.0000,1
7618156,-0.238,-0.331,-0.083,-0.009,0.002,0.001,-137.986,-242.537,361.411,-173.610,-1.810,113.257,1,-0.0000,-0.0000,0.0000,1
7618234,-0.214,-0.334,-0.119,-0.009,0.002,0.002,-137.986,-242.537,361.411,-173.610,-1.810,113.257,1,-0.0000,-0.0000,0.0000,1
7618328,-0.175,-0.389,0.070,-0.010,0.002,-0.005,-137.986,-242.537,361.411,-173.610,-1.810,113.257,1,-0.0000,-0.0000,0.0000,1
7618406,-0.159,-0.409,0.144,-0.012,0.001,-0.008,-137.986,-242.537,361.411,-173.610,-1.810,113.257,1,-0.0000,-0.0000,0.0000,1
7618484,-0.189,-0.382,0.038,-0.011,0.002,-0.004,-137.986,-242.537,361.411,-173.610,-1.810,113.257,1,-0.0000,-0.0000,0.0000,1
7618593,-0.253,-0.349,-0.118,-0.009,0.003,0.004,-137.986,-242.537,361.411,-173.610,-1.810,113.257,1,0.0000,0.0000,-0.0000,1
7618687,-0.239,-0.363,-0.079,-0.009,0.003,0.003,-137.986,-242.537,361.411,-173.610,-1.810,113.257,1,0.0000,0.0000,-0.0000,1
7618828,-0.166,-0.433,0.193,-0.011,0.002,-0.008,-137.986,-242.537,361.411,-173.610,-1.810,113.257,1,0.0000,0.0000,-0.0000,1
7618875,-0.175,-0.445,0.210,-0.012,0.002,-0.009,-137.986,-242.537,361.411,-173.610,-1.810,113.257,1,0.0000,0.0000,-0.0000,1
7618921,-0.210,-0.392,-0.018,-0.011,0.002,-0.002,-137.986,-242.537,361.411,-173.610,-1.810,113.257,1,0.0000,0.0000,-0.0000,1
7619000,-0.238,-0.384,-0.062,-0.011,0.003,0.001,-137.986,-242.537,361.411,-173.610,-1.810,113.257,1,0.0000,0.0000,-0.0000,1
7619140,-0.261,-0.408,0.000,-0.011,0.004,0.000,-137.986,-242.537,361.411,-173.610,-1.810,113.257,1,0.0000,0.0000,-0.0000,1
7619234,-0.233,-0.386,-0.007,-0.010,0.003,-0.001,-137.986,-242.537,361.411,-173.610,-1.810,113.257,1,0.0000,0.0000,-0.0000,1
7619343,-0.197,-0.361,0.021,-0.009,0.002,-0.004,-137.986,-242.537,361.411,-173.610,-1.810,113.257,1,-0.0000,-0.0000,0.0000,1
7619421,-0.164,-0.400,0.095,-0.012,0.001,-0.007,-137.986,-242.537,361.411,-173.610,-1.810,113.257,1,-0.0000,-0.0000,0.0000,1
7619515,-0.155,-0.428,0.003,-0.015,0.001,-0.006,-137.986,-242.537,361.411,-173.610,-1.810,113.257,1,-0.0000,-0.0000,0.0000,1
7619593,-0.199,-0.403,-0.086,-0.014,0.001,-0.002,-137.986,-242.537,361.411,-173.610,-1.810,113.257,1,-0.0000,-0.0000,0.0000,1
7619671,-0.262,-0.369,-0.038,-0.010,0.003,0.000,-137.986,-242.537,361.411,-173.610,-1.810,113.257,1,-0.0000,-0.0000,0.0000,1
7619781,-0.237,-0.365,0.047,-0.009,0.003,-0.002,-137.986,-242.537,361.411,-173.610,-1.810,113.257,1,-0.0000,-0.0000,0.0000,1
7619890,-0.156,-0.362,0.127,-0.010,0.001,-0.007,-137.986,-242.537,361.411,-173.610,-1.810,113.257,1,-0.0000,-0.0000,0.0000,1
7620031,-0.184,-0.313,0.062,-0.007,0.002,-0.004,-137.986,-242.537,361.411,-173.610,-1.810,113.257,1,-0.0000,-0.0000,0.0000,1
7620078,-0.236,-0.316,-0.095,-0.008,0.003,0.002,-137.986,-242.537,361.411,-173.610,-1.810,113.257,1,-0.0000,0.0000,0.0000,1
7620125,-0.210,-0.389,-0.066,-0.011,0.002,-0.000,-137.986,-242.537,361.411,-173.610,-1.810,113.257,1,0.0000,0.0000,-0.0000,1
7620203,-0.172,-0.409,0.145,-0.011,0.001,-0.007,-137.986,-242.537,361.411,-173.610,-1.810,113.257,1,0.0000,0.0000,-0.0000,1
7620343,-0.144,-0.408,0.220,-0.011,0.001,-0.010,-137.986,-242.537,361.411,-173.610,-1.810,113.257,1,0.0000,0.0000,-0.0000,1
7620437,-0.089,-0.449,0.119,-0.014,-0.001,-0.008,-137.986,-242.537,361.411,-173.610,-1.810,113.257,1,0.0000,0.0000,-0.0000,1
7620546,-0.094,-0.460,-0.026,-0.015,-0.001,-0.002,-137.986,-242.537,361.411,-173.610,-1.810,113.257,1,0.0000,0.0000,-0.0000,1
7620625,-0.156,-0.427,0.015,-0.012,0.001,-0.001,-137.986,-242.537,361.411,-173.610,-1.810,113.257,1,0.0000,0.0000,-0.0000,1
7620718,-0.147,-0.399,0.195,-0.011,0.002,-0.008,-137.986,-242.537,361.411,-173.610,-1.810,113.257,1,0.0000,0.0000,-0.0000,1
7620796,-0.165,-0.378,0.103,-0.011,0.001,-0.006,-137.986,-242.537,361.411,-173.610,-1.810,113.257,1,0.0000,0.0000,-0.0000,1
7620875,-0.220,-0.383,-0.112,-0.012,0.002,-0.001,-137.986,-242.537,361.411,-173.610,-1.810,113.257,1,-0.0000,-0.0000,0.0000,1
7620984,-0.199,-0.410,-0.064,-0.013,0.002,-0.004,-137.986,-242.537,361.411,-173.610,-1.810,113.257,1,-0.0000,-0.0000,0.0000,1
7621093,-0.169,-0.415,0.066,-0.013,0.002,-0.007,-137.986,-242.537,361.411,-173.610,-1.810,113.257,1,-0.0000,-0.0000,0.0000,1
7621234,-0.190,-0.393,-0.015,-0.013,0.001,-0.003,-137.986,-242.537,361.411,-173.610,-1.810,113.257,1,-0.0000,-0.0000,0.0000,1
7621281,-0.216,-0.374,-0.096,-0.012,0.002,0.000,-137.986,-242.537,361.411,-173.610,-1.810,113.257,1,-0.0000,-0.0000,0.0000,1
7621328,-0.174,-0.395,0.085,-0.011,0.001,-0.006,-137.986,-242.537,361.411,-173.610,-1.810,113.257,1,-0.0000,-0.0000,0.0000,1
7621406,-0.093,-0.407,0.263,-0.012,-0.000,-0.013,-137.986,-242.537,361.411,-173.610,-1.810,113.257,1,-0.0000,-0.0000,0.0000,1
7621546,-0.089,-0.386,0.208,-0.011,0.000,-0.011,-137.986,-242.537,361.411,-173.610,-1.810,113.257,1,-0.0000,-0.0000,0.0000,1
7621640,-0.158,-0.381,0.107,-0.010,0.001,-0.006,-137.986,-242.537,361.411,-173.610,-1.810,113.257,1,0.0000,0.0000,-0.0000,1
7621750,-0.177,-0.399,0.093,-0.011,0.001,-0.006,-137.986,-242.537,361.411,-173.610,-1.810,113.257,1,0.0000,0.0000,-0.0000,1
7621828,-0.153,-0.409,0.131,-0.011,0.001,-0.008,-137.986,-242.537,361.411,-173.610,-1.810,113.257,1,0.0000,0.0000,-0.0000,1
7621921,-0.164,-0.400,0.128,-0.011,0.001,-0.007,-137.986,-242.537,361.411,-173.610,-1.810,113.257,1,0.0000,0.0000,-0.0000,1
7622000,-0.183,-0.392,-0.008,-0.011,0.001,-0.003,-137.986,-242.537,361.411,-173.610,-1.810,113.257,1,0.0000,0.0000,-0.0000,1
7622078,-0.190,-0.388,-0.077,-0.011,0.001,0.000,-137.986,-242.537,361.411,-173.610,-1.810,113.257,1,0.0000,0.0000,-0.0000,1
7622187,-0.166,-0.395,0.078,-0.010,0.001,-0.004,-137.986,-242.537,361.411,-173.610,-1.810,113.257,1,0.0000,0.0000,-0.0000,1
7622296,-0.147,-0.393,0.131,-0.012,0.001,-0.006,-137.986,-242.537,361.411,-173.610,-1.810,113.257,1,0.0000,0.0000,-0.0000,1
7622437,-0.178,-0.409,-0.016,-0.013,0.001,-0.003,-137.986,-242.537,361.411,-173.610,-1.810,113.257,1,0.0000,0.0000,-0.0000,1
7622484,-0.172,-0.457,-0.043,-0.014,0.001,-0.003,-137.986,-242.537,361.411,-173.610,-1.810,113.257,1,-0.0000,-0.0000,0.0000,1
7622531,-0.147,-0.424,0.088,-0.011,0.001,-0.007,-137.986,-242.537,361.411,-173.610,-1.810,113.257,1,-0.0000,-0.0000,0.0000,1
7622609,-0.180,-0.340,0.160,-0.008,0.002,-0.006,-137.986,-242.537,361.411,-173.610,-1.810,113.257,1,-0.0000,-0.0000,0.0000,1
7622750,-0.228,-0.316,0.120,-0.007,0.003,-0.003,-137.986,-242.537,361.411,-173.610,-1.810,113.257,1,-0.0000,-0.0000,0.0000,1
7622843,-0.196,-0.360,0.093,-0.008,0.003,-0.004,-137.986,-242.537,361.411,-173.610,-1.810,113.257,1,-0.0000,-0.0000,0.0000,1
7622953,-0.147,-0.405,0.114,-0.010,0.001,-0.008,-137.986,-242.537,361.411,-173.610,-1.810,113.257,1,-0.0000,-0.0000,0.0000,1
7623031,-0.208,-0.380,0.013,-0.010,0.002,-0.004,-137.986,-242.537,361.411,-173.610,-1.810,113.257,1,-0.0000,-0.0000,0.0000,1
7623125,-0.249,-0.355,-0.093,-0.010,0.003,0.001,-137.986,-242.537,361.411,-173.610,-1.810,113.257,1,-0.0000,-0.0000,0.0000,1
7623203,-0.200,-0.397,0.039,-0.011,0.002,-0.003,-137.986,-242.537,361.411,-173.610,-1.810,113.257,1,0.0000,0.0000,-0.0000,1
7623281,-0.205,-0.407,0.039,-0.011,0.002,-0.004,-137.986,-242.537,361.411,-173.610,-1.810,113.257,1,0.0000,0.0000,-0.0000,1
7623390,-0.236,-0.374,-0.091,-0.009,0.002,0.002,-137.986,-242.537,361.411,-173.610,-1.810,113.257,1,0.0000,0.0000,-0.0000,1
7623500,-0.212,-0.372,-0.036,-0.009,0.002,0.001,-137.986,-242.537,361.411,-173.610,-1.810,113.257,1,0.0000,0.0000,-0.0000,1
7623640,-0.198,-0.378,-0.043,-0.010,0.001,-0.001,-137.986,-242.537,361.411,-173.610,-1.810,113.257,1,0.0000,0.0000,-0.0000,1
7623687,-0.193,-0.381,-0.058,-0.010,0.001,-0.002,-137.986,-242.537,361.411,-173.610,-1.810,113.257,1,0.0000,0.0000,-0.0000,1
7623734,-0.172,-0.371,-0.013,-0.010,0.002,-0.003,-137.986,-242.537,361.411,-173.610,-1.810,113.257,1,0.0000,0.0000,-0.0000,1
7623812,-0.196,-0.347,-0.107,-0.010,0.003,0.001,-137.986,-242.537,361.411,-173.610,-1.810,113.257,1,0.0000,0.0000,-0.0000,1
7623953,-0.259,-0.355,-0.200,-0.009,0.003,0.006,-137.986,-242.537,361.411,-173.610,-1.810,113.257,1,0.0000,0.0000,-0.0000,1
7624046,-0.263,-0.385,-0.107,-0.010,0.003,0.003,-137.986,-242.537,361.411,-173.610,-1.810,113.257,1,-0.0000,-0.0000,0.0000,1
7624156,-0.226,-0.387,-0.024,-0.011,0.002,-0.001,-137.986,-242.537,361.411,-173.610,-1.810,113.257,1,-0.0000,-0.0000,0.0000,1
7624234,-0.208,-0.364,0.001,-0.010,0.002,-0.001,-137.986,-242.537,361.411,-173.610,-1.810,113.257,1,-0.0000,-0.0000,0.0000,1
7624328,-0.167,-0.384,0.151,-0.011,0.001,-0.007,-137.986,-242.537,361.411,-173.610,-1.810,113.257,1,-0.0000,-0.0000,0.0000,1
7624406,-0.144,-0.420,0.202,-0.012,0.001,-0.010,-137.986,-242.537,361.411,-173.610,-1.810,113.257,1,-0.0000,-0.0000,0.0000,1
7624484,-0.160,-0.422,0.088,-0.013,0.001,-0.006,-137.986,-242.537,361.411,-173.610,-1.810,113.257,1,-0.0000,-0.0000,0.0000,1
7624593,-0.190,-0.407,-0.043,-0.013,0.001,-0.002,-137.986,-242.537,361.411,-173.610,-1.810,113.257,1,-0.0000,-0.0000,0.0000,1
7624703,-0.226,-0.407,-0.068,-0.011,0.002,-0.000,-137.986,-242.537,361.411,-173.610,-1.810,113.257,1,-0.0000,-0.0000,0.0000,1
7624843,-0.200,-0.433,0.046,-0.011,0.002,-0.005,-137.986,-242.537,361.411,-173.610,-1.810,113.257,1,0.0000,0.0000,-0.0000,1
7624890,-0.159,-0.430,0.138,-0.014,0.001,-0.009,-137.986,-242.537,361.411,-173.610,-1.810,113.257,1,0.0000,0.0000,-0.0000,1
7624937,-0.195,-0.373,0.133,-0.011,0.001,-0.006,-137.986,-242.537,361.411,-173.610,-1.810,113.257,1,0.0000,0.0000,-0.0000,1
7625015,-0.237,-0.332,0.085,-0.009,0.003,-0.001,-137.986,-242.537,361.411,-173.610,-1.810,113.257,1,0.0000,0.0000,-0.0000,1
7625156,-0.199,-0.366,0.068,-0.009,0.003,-0.003,-137.986,-242.537,361.411,-173.610,-1.810,113.257,1,0.0000,0.0000,-0.0000,1
7625250,-0.159,-0.419,0.041,-0.011,0.001,-0.005,-137.986,-242.537,361.411,-173.610,-1.810,113.257,1,0.0000,0.0000,-0.0000,1
7625296,-0.195,-0.414,0.018,-0.011,0.001,-0.003,-137.986,-242.537,361.411,-173.610,-1.810,113.257,1,0.0000,0.0000,-0.0000,1
7625375,-0.225,-0.393,0.066,-0.011,0.002,-0.005,-137.986,-242.537,361.411,-173.610,-1.810,113.257,1,0.0000,0.0000,-0.0000,1
7625453,-0.196,-0.417,0.226,-0.011,0.001,-0.011,-137.986,-242.537,361.411,-173.610,-1.810,113.257,1,0.0000,0.0000,-0.0000,1
7625531,-0.182,-0.429,0.276,-0.011,0.001,-0.012,-137.986,-242.537,361.411,-173.610,-1.810,113.257,1,-0.0000,-0.0000,0.0000,1
7625625,-0.187,-0.416,0.143,-0.012,0.001,-0.008,-137.986,-242.537,361.411,-173.610,-1.810,113.257,1,-0.0000,-0.0000,0.0000,1
7625703,-0.192,-0.403,0.038,-0.012,0.002,-0.004,-137.986,-242.537,361.411,-173.610,-1.810,113.257,1,-0.0000,-0.0000,0.0000,1
7625812,-0.180,-0.399,0.075,-0.010,0.002,-0.004,-137.986,-242.537,361.411,-173.610,-1.810,113.257,1,-0.0000,-0.0000,0.0000,1
7625906,-0.149,-0.407,0.122,-0.011,0.001,-0.007,-137.986,-242.537,361.411,-173.610,-1.810,113.257,1,-0.0000,-0.0000,0.0000,1
7626046,-0.169,-0.402,0.031,-0.012,0.002,-0.005,-137.986,-242.537,361.411,-173.610,-1.810,113.257,1,-0.0000,-0.0000,0.0000,1
7626093,-0.218,-0.400,0.017,-0.010,0.002,-0.002,-137.986,-242.537,361.411,-173.610,-1.810,113.257,1,-0.0000,-0.0000,0.0000,1
7626140,-0.259,-0.393,0.021,-0.008,0.003,0.002,-137.986,-242.537,361.411,-173.610,-1.810,113.257,1,-0.0000,-0.0000,0.0000,1
7626218,-0.256,-0.378,-0.061,-0.008,0.003,0.004,-137.986,-242.537,361.411,-173.610,-1.810,113.257,1,0.0000,0.0000,-0.0000,1
7626359,-0.235,-0.391,-0.071,-0.010,0.003,0.001,-137.986,-242.537,361.411,-173.610,-1.810,113.257,1,0.0000,0.0000,-0.0000,1
7626453,-0.212,-0.417,0.040,-0.011,0.002,-0.005,-137.986,-242.537,361.411,-173.610,-1.810,113.257,1,0.0000,0.0000,-0.0000,1
7626562,-0.186,-0.412,0.088,-0.012,0.001,-0.007,-137.986,-242.537,361.411,-173.610,-1.810,113.257,1,0.0000,0.0000,-0.0000,1
7626640,-0.216,-0.375,-0.057,-0.011,0.002,-0.001,-137.986,-242.537,361.411,-173.610,-1.810,113.257,1,0.0000,0.0000,-0.0000,1
7626734,-0.203,-0.385,-0.053,-0.012,0.002,-0.002,-137.986,-242.537,361.411,-173.610,-1.810,113.257,1,0.0000,0.0000,-0.0000,1
7626812,-0.128,-0.441,0.162,-0.013,0.001,-0.012,-137.986,-242.537,361.411,-173.610,-1.810,113.257,1,0.0000,0.0000,-0.0000,1
7626890,-0.098,-0.454,0.273,-0.013,0.000,-0.016,-137.986,-242.537,361.411,-173.610,-1.810,113.257,1,0.0000,0.0000,-0.0000,1
7627000,-0.140,-0.406,0.148,-0.013,0.001,-0.009,-137.986,-242.537,361.411,-173.610,-1.810,113.257,1,0.0000,0.0000,-0.0000,1
7627109,-0.212,-0.372,-0.020,-0.012,0.002,-0.001,-137.986,-242.537,361.411,-173.610,-1.810,113.257,1,-0.0000,-0.0000,0.0000,1
7627250,-0.191,-0.394,0.086,-0.012,0.001,-0.005,-137.986,-242.537,361.411,-173.610,-1.810,113.257,1,-0.0000,-0.0000,0.0000,1
7627296,-0.108,-0.427,0.255,-0.013,0.000,-0.014,-137.986,-242.537,361.411,-173.610,-1.810,113.257,1,-0.0000,-0.0000,0.0000,1
7627343,-0.114,-0.432,0.140,-0.014,0.000,-0.011,-137.986,-242.537,361.411,-173.610,-1.810,113.257,1,-0.0000,-0.0000,0.0000,1
7627421,-0.187,-0.423,-0.029,-0.013,0.001,-0.004,-137.986,-242.537,361.411,-173.610,-1.810,113.257,1,-0.0000,-0.0000,0.0000,1
7627562,-0.224,-0.408,-0.056,-0.012,0.002,-0.001,-137.986,-242.537,361.411,-173.610,-1.810,113.257,1,-0.0000,-0.0000,0.0000,1
7627656,-0.256,-0.368,-0.136,-0.010,0.002,0.003,-137.986,-242.537,361.411,-173.610,-1.810,113.257,1,-0.0000,-0.0000,0.0000,1
7627765,-0.267,-0.335,-0.210,-0.009,0.003,0.007,-137.986,-242.537,361.411,-173.610,-1.810,113.257,1,-0.0000,-0.0000,0.0000,1
7627843,-0.232,-0.354,-0.120,-0.008,0.003,0.004,-137.986,-242.537,361.411,-173.610,-1.810,113.257,1,0.0000,0.0000,-0.0000,1
7627937,-0.248,-0.389,0.010,-0.009,0.003,-0.001,-137.986,-242.537,361.411,-173.610,-1.810,113.257,1,0.0000,0.0000,-0.0000,1
7628015,-0.265,-0.371,0.062,-0.009,0.004,-0.002,-137.986,-242.537,361.411,-173.610,-1.810,113.257,1,0.0000,0.0000,-0.0000,1
7628093,-0.213,-0.342,0.083,-0.008,0.003,-0.003,-137.986,-242.537,361.411,-173.610,-1.810,113.257,1,0.0000,0.0000,-0.0000,1
7628203,-0.186,-0.374,-0.002,-0.010,0.002,-0.002,-137.986,-242.537,361.411,-173.610,-1.810,113.257,1,0.0000,0.0000,-0.0000,1
7628312,-0.204,-0.411,-0.099,-0.012,0.001,0.000,-137.986,-242.537,361.411,-173.610,-1.810,113.257,1,0.0000,0.0000,-0.0000,1
7628453,-0.194,-0.420,0.035,-0.012,0.001,-0.003,-137.986,-242.537,361.411,-173.610,-1.810,113.257,1,0.0000,0.0000,-0.0000,1
7628500,-0.197,-0.417,0.128,-0.010,0.002,-0.004,-137.986,-242.537,361.411,-173.610,-1.810,113.257,1,0.0000,0.0000,-0.0000,1
7628546,-0.216,-0.406,0.044,-0.010,0.002,-0.002,-137.986,-242.537,361.411,-173.610,-1.810,113.257,1,0.0000,0.0000,-0.0000,1
7628625,-0.195,-0.413,0.042,-0.012,0.002,-0.005,-137.986,-242.537,361.411,-173.610,-1.810,113.257,1,-0.0000,-0.0000,0.0000,1
7628765,-0.163,-0.388,0.054,-0.012,0.001,-0.006,-137.986,-242.537,361.411,-173.610,-1.810,113.257,1,-0.0000,-0.0000,0.0000,1
7628859,-0.154,-0.326,-0.004,-0.010,0.000,-0.002,-137.986,-242.537,361.411,-173.610,-1.810,113.257,1,-0.0000,-0.0000,0.0000,1
7628968,-0.166,-0.338,0.049,-0.009,0.001,-0.001,-137.986,-242.537,361.411,-173.610,-1.810,113.257,1,-0.0000,-0.0000,0.0000,1
7629046,-0.194,-0.393,0.039,-0.010,0.002,-0.003,-137.986,-242.537,361.411,-173.610,-1.810,113.257,1,-0.0000,-0.0000,0.0000,1
7629140,-0.236,-0.382,-0.158,-0.011,0.003,0.002,-137.986,-242.537,361.411,-173.610,-1.810,113.257,1,-0.0000,-0.0000,0.0000,1
7629218,-0.245,-0.358,-0.215,-0.011,0.003,0.005,-137.986,-242.537,361.411,-173.610,-1.810,113.257,1,-0.0000,-0.0000,0.0000,1
7629296,-0.221,-0.378,-0.064,-0.010,0.002,0.000,-137.986,-242.537,361.411,-173.610,-1.810,113.257,1,-0.0000,-0.0000,0.0000,1
7629406,-0.196,-0.399,0.078,-0.009,0.002,-0.004,-137.986,-242.537,361.411,-173.610,-1.810,113.257,1,0.0000,0.0000,-0.0000,1
7629515,-0.141,-0.390,0.134,-0.010,0.001,-0.008,-137.986,-242.537,361.411,-173.610,-1.810,113.257,1,0.0000,0.0000,-0.0000,1
7629656,-0.119,-0.375,0.039,-0.011,0.000,-0.006,-137.986,-242.537,361.411,-173.610,-1.810,113.257,1,0.0000,0.0000,-0.0000,1
7629703,-0.202,-0.382,-0.175,-0.011,0.001,0.002,-137.986,-242.537,361.411,-173.610,-1.810,113.257,1,0.0000,0.0000,-0.0000,1
7629750,-0.238,-0.405,-0.168,-0.011,0.002,0.003,-137.986,-242.537,361.411,-173.610,-1.810,113.257,1,0.0000,0.0000,-0.0000,1
7629828,-0.150,-0.436,0.068,-0.013,-0.000,-0.006,-137.986,-242.537,361.411,-173.610,-1.810,113.257,1,0.0000,0.0000,-0.0000,1
7629968,-0.094,-0.447,0.169,-0.013,-0.001,-0.010,-137.986,-242.537,361.411,-173.610,-1.810,113.257,1,0.0000,0.0000,-0.0000,1
7630062,-0.136,-0.424,0.120,-0.012,0.000,-0.007,-137.986,-242.537,361.411,-173.610,-1.810,113.257,1,0.0000,0.0000,-0.0000,1
7630171,-0.154,-0.416,0.109,-0.011,0.002,-0.006,-137.986,-242.537,361.411,-173.610,-1.810,113.257,1,0.0000,0.0000,-0.0000,1
7630250,-0.144,-0.420,0.155,-0.011,0.002,-0.007,-137.986,-242.537,361.411,-173.610,-1.810,113.257,1,-0.0000,-0.0000,0.0000,1
7630343,-0.158,-0.412,0.157,-0.011,0.001,-0.007,-137.986,-242.537,361.411,-173.610,-1.810,113.257,1,-0.0000,-0.0000,0.0000,1
7630421,-0.184,-0.397,0.003,-0.012,0.001,-0.002,-137.986,-242.537,361.411,-173.610,-1.810,113.257,1,-0.0000,-0.0000,0.0000,1
7630500,-0.216,-0.387,-0.106,-0.011,0.002,0.002,-137.986,-242.537,361.411,-173.610,-1.810,113.257,1,-0.0000,-0.0000,0.0000,1
7630609,-0.174,-0.407,0.023,-0.011,0.001,-0.004,-137.986,-242.537,361.411,-173.610,-1.810,113.257,1,-0.0000,-0.0000,0.0000,1
7630718,-0.139,-0.400,0.030,-0.011,0.001,-0.005,-137.986,-242.537,361.411,-173.610,-1.810,113.257,1,-0.0000,-0.0000,0.0000,1
7630859,-0.181,-0.349,-0.115,-0.011,0.001,0.001,-137.986,-242.537,361.411,-173.610,-1.810,113.257,1,-0.0000,-0.0000,0.0000,1
7630906,-0.178,-0.356,-0.064,-0.012,0.001,-0.001,-137.986,-242.537,361.411,-173.610,-1.810,113.257,1,-0.0000,-0.0000,0.0000,1
7630953,-0.165,-0.421,0.081,-0.013,0.001,-0.007,-137.986,-242.537,361.411,-173.610,-1.810,113.257,1,0.0000,0.0000,-0.0000,1
7631031,-0.192,-0.452,0.116,-0.010,0.003,-0.006,-137.986,-242.537,361.411,-173.610,-1.810,113.257,1,0.0000,0.0000,-0.0000,1
7631171,-0.191,-0.447,0.080,-0.010,0.003,-0.005,-137.986,-242.537,361.411,-173.610,-1.810,113.257,1,0.0000,0.0000,-0.0000,1
7631265,-0.143,-0.456,0.103,-0.012,0.001,-0.009,-137.986,-242.537,361.411,-173.610,-1.810,113.257,1,0.0000,0.0000,-0.0000,1
7631375,-0.120,-0.442,0.188,-0.012,0.000,-0.010,-137.986,-242.537,361.411,-173.610,-1.810,113.257,1,0.0000,0.0000,-0.0000,1
7631453,-0.166,-0.388,0.123,-0.009,0.001,-0.003,-137.986,-242.537,361.411,-173.610,-1.810,113.257,1,0.0000,0.0000,-0.0000,1
7631546,-0.196,-0.370,-0.024,-0.010,0.002,0.001,-137.986,-242.537,361.411,-173.610,-1.810,113.257,1,0.0000,0.0000,-0.0000,1
7631625,-0.165,-0.399,0.040,-0.011,0.001,-0.004,-137.986,-242.537,361.411,-173.610,-1.810,113.257,1,0.0000,0.0000,-0.0000,1
7631703,-0.139,-0.417,0.106,-0.012,0.000,-0.007,-137.986,-242.537,361.411,-173.610,-1.810,113.257,1,0.0000,0.0000,-0.0000,1
7631812,-0.156,-0.415,0.072,-0.011,0.001,-0.005,-137.986,-242.537,361.411,-173.610,-1.810,113.257,1,-0.0000,-0.0000,0.0000,1
7631921,-0.205,-0.412,0.055,-0.010,0.002,-0.002,-137.986,-242.537,361.411,-173.610,-1.810,113.257,1,-0.0000,-0.0000,0.0000,1
7632062,-0.243,-0.395,-0.071,-0.009,0.003,0.003,-137.986,-242.537,361.411,-173.610,-1.810,113.257,1,-0.0000,-0.0000,0.0000,1
7632109,-0.223,-0.395,-0.112,-0.011,0.002,0.002,-137.986,-242.537,361.411,-173.610,-1.810,113.257,1,-0.0000,-0.0000,0.0000,1
7632156,-0.181,-0.413,-0.041,-0.013,0.001,-0.002,-137.986,-242.537,361.411,-173.610,-1.810,113.257,1,-0.0000,-0.0000,0.0000,1
7632234,-0.182,-0.389,-0.133,-0.012,0.001,0.001,-137.986,-242.537,361.411,-173.610,-1.810,113.257,1,-0.0000,-0.0000,0.0000,1
7632375,-0.206,-0.354,-0.239,-0.010,0.002,0.006,-137.986,-242.537,361.411,-173.610,-1.810,113.257,1,-0.0000,-0.0000,0.0000,1
7632468,-0.197,-0.364,-0.171,-0.011,0.002,0.004,-137.986,-242.537,361.411,-173.610,-1.810,113.257,1,-0.0000,-0.0000,0.0000,1
7632578,-0.135,-0.402,-0.050,-0.012,0.001,-0.002,-137.986,-242.537,361.411,-173.610,-1.810,113.257,1,0.0000,0.0000,-0.0000,1
7632656,-0.095,-0.409,-0.047,-0.013,-0.001,-0.003,-137.986,-242.537,361.411,-173.610,-1.810,113.257,1,0.0000,0.0000,-0.0000,1
7632765,-0.091,-0.397,-0.027,-0.012,-0.001,-0.002,-137.986,-242.537,361.411,-173.610,-1.810,113.257,1,0.0000,0.0000,-0.0000,1
7632828,-0.098,-0.375,0.116,-0.011,-0.000,-0.005,-137.986,-242.537,361.411,-173.610,-1.810,113.257,1,0.0000,0.0000,-0.0000,1
7632906,-0.143,-0.348,0.174,-0.009,0.002,-0.006,-137.986,-242.537,361.411,-173.610,-1.810,113.257,1,0.0000,0.0000,-0.0000,1
7633015,-0.165,-0.372,0.085,-0.011,0.002,-0.006,-137.986,-242.537,361.411,-173.610,-1.810,113.257,1,0.0000,0.0000,-0.0000,1
7633140,-0.160,-0.406,0.020,-0.013,0.001,-0.006,-137.986,-242.537,361.411,-173.610,-1.810,113.257,1,0.0000,0.0000,-0.0000,1
7633281,-0.177,-0.416,0.076,-0.011,0.001,-0.005,-137.986,-242.537,361.411,-173.610,-1.810,113.257,1,0.0000,0.0000,-0.0000,1
7633328,-0.178,-0.405,0.096,-0.010,0.001,-0.004,-137.986,-242.537,361.411,-173.610,-1.810,113.257,1,0.0000,0.0000,-0.0000,1
7633375,-0.145,-0.347,-0.004,-0.011,-0.000,-0.003,-137.986,-242.537,361.411,-173.610,-1.810,113.257,1,-0.0000,-0.0000,0.0000,1
7633453,-0.131,-0.329,-0.019,-0.012,-0.001,-0.004,-137.986,-242.537,361.411,-173.610,-1.810,113.257,1,-0.0000,-0.0000,0.0000,1
7633593,-0.154,-0.379,0.015,-0.011,0.001,-0.004,-137.986,-242.537,361.411,-173.610,-1.810,113.257,1,-0.0000,-0.0000,0.0000,1
7633687,-0.185,-0.406,-0.096,-0.011,0.002,-0.000,-137.986,-242.537,361.411,-173.610,-1.810,113.257,1,-0.0000,-0.0000,0.0000,1
7633796,-0.187,-0.412,-0.129,-0.013,0.002,-0.002,-137.986,-242.537,361.411,-173.610,-1.810,113.257,1,-0.0000,-0.0000,0.0000,1
7633875,-0.161,-0.419,0.028,-0.014,0.002,-0.006,-137.986,-242.537,361.411,-173.610,-1.810,113.257,1,-0.0000,-0.0000,0.0000,1
7633968,-0.170,-0.386,0.028,-0.011,0.002,-0.003,-137.986,-242.537,361.411,-173.610,-1.810,113.257,1,-0.0000,-0.0000,0.0000,1
7634031,-0.201,-0.341,-0.131,-0.009,0.003,0.003,-137.986,-242.537,361.411,-173.610,-1.810,113.257,1,-0.0000,-0.0000,0.0000,1
7634109,-0.185,-0.358,-0.040,-0.010,0.002,-0.001,-137.986,-242.537,361.411,-173.610,-1.810,113.257,1,0.0000,0.0000,-0.0000,1
7634218,-0.153,-0.410,0.183,-0.011,0.001,-0.008,-137.986,-242.537,361.411,-173.610,-1.810,113.257,1,0.0000,0.0000,-0.0000,1
7634328,-0.141,-0.410,0.174,-0.011,0.001,-0.008,-137.986,-242.537,361.411,-173.610,-1.810,113.257,1,0.0000,0.0000,-0.0000,1
7634468,-0.132,-0.389,0.091,-0.011,0.001,-0.006,-137.986,-242.537,361.411,-173.610,-1.810,113.257,1,0.0000,0.0000,-0.0000,1
7634515,-0.157,-0.386,0.058,-0.011,0.001,-0.004,-137.986,-242.537,361.411,-173.610,-1.810,113.257,1,0.0000,0.0000,-0.0000,1
7634562,-0.191,-0.392,0.043,-0.009,-0.000,-0.003,-137.986,-242.537,361.411,-173.610,-1.810,113.257,1,0.0000,0.0000,-0.0000,1
7634640,-0.160,-0.431,0.069,-0.009,-0.001,-0.005,-137.986,-242.537,361.411,-173.610,-1.810,113.257,1,0.0000,0.0000,-0.0000,1
7634781,-0.134,-0.447,0.060,-0.012,-0.001,-0.006,-137.986,-242.537,361.411,-173.610,-1.810,113.257,1,0.0000,0.0000,-0.0000,1
7634875,-0.192,-0.388,0.006,-0.012,0.000,-0.003,-137.986,-242.537,361.411,-173.610,-1.810,113.257,1,0.0000,-0.0000,-0.0000,1
7634984,-0.211,-0.341,-0.010,-0.011,0.001,-0.000,-137.986,-242.537,361.411,-173.610,-1.810,113.257,1,-0.0000,-0.0000,0.0000,1
7635062,-0.131,-0.375,0.081,-0.012,0.001,-0.004,-137.986,-242.537,361.411,-173.610,-1.810,113.257,1,-0.0000,-0.0000,0.0000,1
7635156,-0.128,-0.412,0.072,-0.012,0.002,-0.007,-137.986,-242.537,361.411,-173.610,-1.810,113.257,1,-0.0000,-0.0000,0.0000,1
7635234,-0.176,-0.403,0.007,-0.011,0.002,-0.004,-137.986,-242.537,361.411,-173.610,-1.810,113.257,1,-0.0000,-0.0000,0.0000,1
7635312,-0.177,-0.374,0.020,-0.010,0.002,-0.001,-137.986,-242.537,361.411,-173.610,-1.810,113.257,1,-0.0000,-0.0000,0.0000,1
7635421,-0.189,-0.363,-0.080,-0.011,0.003,0.002,-137.986,-242.537,361.411,-173.610,-1.810,113.257,1,-0.0000,-0.0000,0.0000,1
7635531,-0.201,-0.371,-0.176,-0.012,0.003,0.001,-137.986,-242.537,361.411,-173.610,-1.810,113.257,1,-0.0000,-0.0000,0.0000,1
7635671,-0.196,-0.373,-0.089,-0.011,0.004,0.001,-137.986,-242.537,361.411,-173.610,-1.810,113.257,1,-0.0000,-0.0000,0.0000,1
7635718,-0.164,-0.375,0.042,-0.011,0.003,-0.002,-137.986,-242.537,361.411,-173.610,-1.810,113.257,1,0.0000,0.0000,-0.0000,1
7635765,-0.139,-0.386,0.047,-0.013,0.001,-0.005,-137.986,-242.537,361.411,-173.610,-1.810,113.257,1,0.0000,0.0000,-0.0000,1
7635843,-0.156,-0.421,0.066,-0.013,0.000,-0.007,-137.986,-242.537,361.411,-173.610,-1.810,113.257,1,0.0000,0.0000,-0.0000,1
7635984,-0.166,-0.425,0.138,-0.011,0.001,-0.007,-137.986,-242.537,361.411,-173.610,-1.810,113.257,1,0.0000,0.0000,-0.0000,1
7636078,-0.172,-0.398,0.082,-0.012,0.000,-0.004,-137.986,-242.537,361.411,-173.610,-1.810,113.257,1,0.0000,0.0000,-0.0000,1
7636187,-0.182,-0.395,-0.006,-0.013,-0.000,-0.002,-137.986,-242.537,361.411,-173.610,-1.810,113.257,1,0.0000,0.0000,-0.0000,1
7636265,-0.163,-0.390,0.041,-0.012,0.001,-0.005,-137.986,-242.537,361.411,-173.610,-1.810,113.257,1,0.0000,0.0000,-0.0000,1
7636359,-0.159,-0.368,0.007,-0.010,0.002,-0.003,-137.986,-242.537,361.411,-173.610,-1.810,113.257,1,0.0000,0.0000,-0.0000,1
7636437,-0.209,-0.345,-0.177,-0.009,0.003,0.004,-137.986,-242.537,361.411,-173.610,-1.810,113.257,1,-0.0000,-0.0000,0.0000,1
7636515,-0.230,-0.355,-0.089,-0.009,0.002,0.002,-137.986,-242.537,361.411,-173.610,-1.810,113.257,1,-0.0000,-0.0000,0.0000,1
7636625,-0.186,-0.394,0.188,-0.011,0.001,-0.008,-137.986,-242.537,361.411,-173.610,-1.810,113.257,1,-0.0000,-0.0000,0.0000,1
7636734,-0.174,-0.427,0.229,-0.011,0.001,-0.010,-137.986,-242.537,361.411,-173.610,-1.810,113.257,1,-0.0000,-0.0000,0.0000,1
7636875,-0.217,-0.397,0.073,-0.010,0.003,-0.004,-137.986,-242.537,361.411,-173.610,-1.810,113.257,1,-0.0000,-0.0000,0.0000,1
7636921,-0.210,-0.371,-0.098,-0.010,0.004,0.003,-137.986,-242.537,361.411,-173.610,-1.810,113.257,1,-0.0000,-0.0000,0.0000,1
7636968,-0.144,-0.431,-0.083,-0.012,0.002,0.001,-137.986,-242.537,361.411,-173.610,-1.810,113.257,1,-0.0000,-0.0000,0.0000,1
7637046,-0.101,-0.465,0.087,-0.013,0.000,-0.008,-137.986,-242.537,361.411,-173.610,-1.810,113.257,1,-0.0000,-0.0000,0.0000,1
7637187,-0.101,-0.440,0.134,-0.011,0.000,-0.009,-137.986,-242.537,361.411,-173.610,-1.810,113.257,1,-0.0000,-0.0000,0.0000,1
7637281,-0.158,-0.387,-0.000,-0.010,0.002,-0.003,-137.986,-242.537,361.411,-173.610,-1.810,113.257,1,0.0000,0.0000,-0.0000,1
7637390,-0.208,-0.374,-0.050,-0.009,0.002,0.001,-137.986,-242.537,361.411,-173.610,-1.810,113.257,1,0.0000,0.0000,-0.0000,1
7637468,-0.174,-0.427,0.091,-0.012,0.002,-0.005,-137.986,-242.537,361.411,-173.610,-1.810,113.257,1,0.0000,0.0000,-0.0000,1
7637562,-0.151,-0.429,0.073,-0.015,0.001,-0.008,-137.986,-242.537,361.411,-173.610,-1.810,113.257,1,0.0000,0.0000,-0.0000,1
7637640,-0.169,-0.397,-0.016,-0.014,0.002,-0.005,-137.986,-242.537,361.411,-173.610,-1.810,113.257,1,0.0000,0.0000,-0.0000,1
7637718,-0.170,-0.382,0.017,-0.011,0.002,-0.004,-137.986,-242.537,361.411,-173.610,-1.810,113.257,1,0.0000,0.0000,-0.0000,1
7637828,-0.155,-0.376,0.052,-0.010,0.001,-0.004,-137.986,-242.537,361.411,-173.610,-1.810,113.257,1,0.0000,0.0000,-0.0000,1
7637937,-0.164,-0.369,0.029,-0.010,0.000,-0.004,-137.986,-242.537,361.411,-173.610,-1.810,113.257,1,0.0000,0.0000,-0.0000,1
7638078,-0.207,-0.365,-0.018,-0.009,0.002,-0.000,-137.986,-242.537,361.411,-173.610,-1.810,113.257,1,-0.0000,-0.0000,0.0000,1
7638125,-0.203,-0.392,0.083,-0.009,0.003,-0.003,-137.986,-242.537,361.411,-173.610,-1.810,113.257,1,-0.0000,-0.0000,0.0000,1
7638171,-0.163,-0.428,0.211,-0.011,0.002,-0.009,-137.986,-242.537,361.411,-173.610,-1.810,113.257,1,-0.0000,-0.0000,0.0000,1
7638250,-0.167,-0.441,0.249,-0.012,0.002,-0.010,-137.986,-242.537,361.411,-173.610,-1.810,113.257,1,-0.0000,-0.0000,0.0000,1
7638390,-0.179,-0.408,0.230,-0.010,0.002,-0.007,-137.986,-242.537,361.411,-173.610,-1.810,113.257,1,-0.0000,-0.0000,0.0000,1
7638484,-0.176,-0.374,0.089,-0.009,0.002,-0.004,-137.986,-242.537,361.411,-173.610,-1.810,113.257,1,-0.0000,-0.0000,0.0000,1
7638531,-0.165,-0.400,-0.028,-0.011,0.001,-0.002,-137.986,-242.537,361.411,-173.610,-1.810,113.257,1,-0.0000,-0.0000,0.0000,1
7638609,-0.148,-0.412,0.043,-0.012,0.001,-0.005,-137.986,-242.537,361.411,-173.610,-1.810,113.257,1,-0.0000,-0.0000,0.0000,1
7638687,-0.153,-0.395,0.142,-0.011,0.001,-0.007,-137.986,-242.537,361.411,-173.610,-1.810,113.257,1,-0.0000,-0.0000,0.0000,1
7638765,-0.170,-0.399,0.142,-0.011,0.002,-0.006,-137.986,-242.537,361.411,-173.610,-1.810,113.257,1,0.0000,0.0000,-0.0000,1
7638859,-0.199,-0.384,0.040,-0.010,0.002,-0.002,-137.986,-242.537,361.411,-173.610,-1.810,113.257,1,0.0000,0.0000,-0.0000,1
7638937,-0.245,-0.348,-0.136,-0.009,0.003,0.005,-137.986,-242.537,361.411,-173.610,-1.810,113.257,1,0.0000,0.0000,-0.0000,1
7639046,-0.235,-0.357,-0.142,-0.009,0.002,0.004,-137.986,-242.537,361.411,-173.610,-1.810,113.257,1,0.0000,0.0000,-0.0000,1
7639140,-0.171,-0.422,0.029,-0.012,0.001,-0.004,-137.986,-242.537,361.411,-173.610,-1.810,113.257,1,0.0000,0.0000,-0.0000,1
7639281,-0.146,-0.490,-0.020,-0.016,0.001,-0.004,-137.986,-242.537,361.411,-173.610,-1.810,113.257,1,0.0000,0.0000,-0.0000,1
7639328,-0.137,-0.511,-0.137,-0.015,0.001,-0.001,-137.986,-242.537,361.411,-173.610,-1.810,113.257,1,0.0000,0.0000,-0.0000,1
7639375,-0.109,-0.473,0.021,-0.013,0.001,-0.006,-137.986,-242.537,361.411,-173.610,-1.810,113.257,1,0.0000,0.0000,-0.0000,1
7639453,-0.090,-0.443,0.155,-0.012,0.000,-0.010,-137.986,-242.537,361.411,-173.610,-1.810,113.257,1,-0.0000,-0.0000,0.0000,1
7639593,-0.071,-0.435,0.166,-0.012,-0.001,-0.011,-137.986,-242.537,361.411,-173.610,-1.810,113.257,1,-0.0000,-0.0000,0.0000,1
7639687,-0.083,-0.396,0.184,-0.012,-0.002,-0.011,-137.986,-242.537,361.411,-173.610,-1.810,113.257,1,-0.0000,-0.0000,0.0000,1
7639796,-0.139,-0.395,0.194,-0.011,0.000,-0.009,-137.986,-242.537,361.411,-173.610,-1.810,113.257,1,-0.0000,-0.0000,0.0000,1
7639875,-0.190,-0.454,0.205,-0.010,0.002,-0.006,-137.986,-242.537,361.411,-173.610,-1.810,113.257,1,-0.0000,-0.0000,0.0000,1
7639968,-0.204,-0.449,0.148,-0.009,0.002,-0.004,-137.986,-242.537,361.411,-173.610,-1.810,113.257,1,-0.0000,-0.0000,0.0000,1
7640046,-0.177,-0.389,0.079,-0.009,0.001,-0.003,-137.986,-242.537,361.411,-173.610,-1.810,113.257,1,-0.0000,-0.0000,0.0000,1
7640125,-0.152,-0.387,0.097,-0.011,0.001,-0.005,-137.986,-242.537,361.411,-173.610,-1.810,113.257,1,-0.0000,-0.0000,0.0000,1
7640234,-0.153,-0.409,0.153,-0.011,0.002,-0.007,-137.986,-242.537,361.411,-173.610,-1.810,113.257,1,-0.0000,-0.0000,0.0000,1
7640343,-0.161,-0.406,0.176,-0.010,0.002,-0.007,-137.986,-242.537,361.411,-173.610,-1.810,113.257,1,0.0000,0.0000,-0.0000,1
7640484,-0.160,-0.411,0.143,-0.011,0.001,-0.006,-137.986,-242.537,361.411,-173.610,-1.810,113.257,1,0.0000,0.0000,-0.0000,1
7640531,-0.165,-0.414,0.113,-0.012,0.001,-0.006,-137.986,-242.537,361.411,-173.610,-1.810,113.257,1,0.0000,0.0000,-0.0000,1
7640578,-0.185,-0.402,0.119,-0.011,0.002,-0.005,-137.986,-242.537,361.411,-173.610,-1.810,113.257,1,0.0000,0.0000,-0.0000,1
7640656,-0.208,-0.381,0.039,-0.010,0.003,-0.001,-137.986,-242.537,361.411,-173.610,-1.810,113.257,1,0.0000,0.0000,-0.0000,1
7640796,-0.196,-0.350,-0.056,-0.009,0.003,0.002,-137.986,-242.537,361.411,-173.610,-1.810,113.257,1,0.0000,0.0000,-0.0000,1
7640890,-0.157,-0.357,0.046,-0.009,0.002,-0.003,-137.986,-242.537,361.411,-173.610,-1.810,113.257,1,0.0000,0.0000,-0.0000,1
7641000,-0.153,-0.397,0.103,-0.010,0.001,-0.005,-137.986,-242.537,361.411,-173.610,-1.810,113.257,1,0.0000,0.0000,-0.0000,1
7641078,-0.186,-0.402,0.039,-0.011,0.002,-0.003,-137.986,-242.537,361.411,-173.610,-1.810,113.257,1,-0.0000,-0.0000,0.0000,1
7641171,-0.166,-0.389,0.079,-0.010,0.002,-0.004,-137.986,-242.537,361.411,-173.610,-1.810,113.257,1,-0.0000,-0.0000,0.0000,1
7641250,-0.084,-0.403,0.131,-0.011,-0.000,-0.009,-137.986,-242.537,361.411,-173.610,-1.810,113.257,1,-0.0000,-0.0000,0.0000,1
7641328,-0.055,-0.411,0.071,-0.013,-0.002,-0.009,-137.986,-242.537,361.411,-173.610,-1.810,113.257,1,-0.0000,-0.0000,0.0000,1
7641437,-0.072,-0.403,0.024,-0.013,-0.002,-0.005,-137.986,-242.537,361.411,-173.610,-1.810,113.257,1,-0.0000,-0.0000,0.0000,1
7641546,-0.095,-0.404,0.108,-0.012,-0.001,-0.006,-137.986,-242.537,361.411,-173.610,-1.810,113.257,1,-0.0000,-0.0000,0.0000,1
7641687,-0.148,-0.414,0.139,-0.012,0.000,-0.007,-137.986,-242.537,361.411,-173.610,-1.810,113.257,1,-0.0000,-0.0000,0.0000,1
7641734,-0.138,-0.446,0.104,-0.014,0.001,-0.008,-137.986,-242.537,361.411,-173.610,-1.810,113.257,1,-0.0000,-0.0000,0.0000,1
7641781,-0.088,-0.480,0.075,-0.014,0.000,-0.009,-137.986,-242.537,361.411,-173.610,-1.810,113.257,1,-0.0000,-0.0000,0.0000,1
7641859,-0.122,-0.457,0.017,-0.013,0.001,-0.005,-137.986,-242.537,361.411,-173.610,-1.810,113.257,1,0.0000,0.0000,-0.0000,1
7642000,-0.154,-0.407,0.089,-0.010,0.002,-0.005,-137.986,-242.537,361.411,-173.610,-1.810,113.257,1,0.0000,0.0000,-0.0000,1
7642093,-0.116,-0.379,0.193,-0.010,0.001,-0.010,-137.986,-242.537,361.411,-173.610,-1.810,113.257,1,0.0000,0.0000,-0.0000,1
7642203,-0.125,-0.381,0.157,-0.010,0.000,-0.010,-137.986,-242.537,361.411,-173.610,-1.810,113.257,1,0.0000,0.0000,-0.0000,1
7642281,-0.205,-0.389,0.025,-0.008,0.002,-0.002,-137.986,-242.537,361.411,-173.610,-1.810,113.257,1,0.0000,0.0000,-0.0000,1
7642375,-0.224,-0.368,-0.042,-0.009,0.002,0.002,-137.986,-242.537,361.411,-173.610,-1.810,113.257,1,0.0000,0.0000,-0.0000,1
7642453,-0.175,-0.364,0.083,-0.011,0.001,-0.004,-137.986,-242.537,361.411,-173.610,-1.810,113.257,1,0.0000,0.0000,-0.0000,1
7642531,-0.157,-0.385,0.133,-0.012,0.001,-0.008,-137.986,-242.537,361.411,-173.610,-1.810,113.257,1,0.0000,0.0000,-0.0000,1
7642640,-0.180,-0.389,0.082,-0.011,0.001,-0.006,-137.986,-242.537,361.411,-173.610,-1.810,113.257,1,-0.0000,-0.0000,0.0000,1
7642750,-0.197,-0.379,0.123,-0.009,0.002,-0.005,-137.986,-242.537,361.411,-173.610,-1.810,113.257,1,-0.0000,-0.0000,0.0000,1
7642890,-0.196,-0.381,0.088,-0.010,0.002,-0.004,-137.986,-242.537,361.411,-173.610,-1.810,113.257,1,-0.0000,-0.0000,0.0000,1
7642937,-0.158,-0.386,0.037,-0.011,0.001,-0.004,-137.986,-242.537,361.411,-173.610,-1.810,113.257,1,-0.0000,-0.0000,0.0000,1
7642984,-0.123,-0.380,0.069,-0.012,0.001,-0.007,-137.986,-242.537,361.411,-173.610,-1.810,113.257,1,-0.0000,-0.0000,0.0000,1
7643062,-0.139,-0.379,0.084,-0.012,0.001,-0.007,-137.986,-242.537,361.411,-173.610,-1.810,113.257,1,-0.0000,-0.0000,0.0000,1
7643203,-0.159,-0.380,0.061,-0.013,0.002,-0.006,-137.986,-242.537,361.411,-173.610,-1.810,113.257,1,-0.0000,-0.0000,0.0000,1
7643296,-0.192,-0.380,0.003,-0.012,0.002,-0.003,-137.986,-242.537,361.411,-173.610,-1.810,113.257,1,-0.0000,-0.0000,0.0000,1
7643406,-0.215,-0.386,-0.037,-0.011,0.002,-0.001,-137.986,-242.537,361.411,-173.610,-1.810,113.257,1,-0.0000,-0.0000,0.0000,1
7643484,-0.227,-0.362,-0.059,-0.010,0.003,0.000,-137.986,-242.537,361.411,-173.610,-1.810,113.257,1,0.0000,0.0000,-0.0000,1
7643578,-0.196,-0.355,0.032,-0.009,0.002,-0.003,-137.986,-242.537,361.411,-173.610,-1.810,113.257,1,0.0000,0.0000,-0.0000,1
7643656,-0.144,-0.395,0.130,-0.009,0.001,-0.008,-137.986,-242.537,361.411,-173.610,-1.810,113.257,1,0.0000,0.0000,-0.0000,1
7643734,-0.182,-0.396,0.097,-0.009,0.002,-0.006,-137.986,-242.537,361.411,-173.610,-1.810,113.257,1,0.0000,0.0000,-0.0000,1
7643843,-0.238,-0.380,0.033,-0.010,0.003,-0.002,-137.986,-242.537,361.411,-173.610,-1.810,113.257,1,0.0000,0.0000,-0.0000,1
7643953,-0.240,-0.377,0.009,-0.010,0.002,-0.002,-137.986,-242.537,361.411,-173.610,-1.810,113.257,1,0.0000,0.0000,-0.0000,1
7644093,-0.195,-0.371,0.085,-0.011,0.002,-0.005,-137.986,-242.537,361.411,-173.610,-1.810,113.257,1,0.0000,0.0000,-0.0000,1
7644140,-0.168,-0.365,0.136,-0.010,0.001,-0.005,-137.986,-242.537,361.411,-173.610,-1.810,113.257,1,0.0000,0.0000,-0.0000,1
7644187,-0.185,-0.358,0.123,-0.009,0.001,-0.003,-137.986,-242.537,361.411,-173.610,-1.810,113.257,1,-0.0000,-0.0000,0.0000,1
7644265,-0.198,-0.370,0.102,-0.009,0.002,-0.003,-137.986,-242.537,361.411,-173.610,-1.810,113.257,1,-0.0000,-0.0000,0.0000,1
7644406,-0.195,-0.398,0.081,-0.010,0.003,-0.003,-137.986,-242.537,361.411,-173.610,-1.810,113.257,1,-0.0000,-0.0000,0.0000,1
7644500,-0.152,-0.402,0.143,-0.011,0.002,-0.007,-137.986,-242.537,361.411,-173.610,-1.810,113.257,1,-0.0000,-0.0000,0.0000,1
7644609,-0.179,-0.400,0.117,-0.012,0.001,-0.007,-137.986,-242.537,361.411,-173.610,-1.810,113.257,1,-0.0000,-0.0000,0.0000,1
7644687,-0.292,-0.423,-0.104,-0.012,0.003,0.001,-137.986,-242.537,361.411,-173.610,-1.810,113.257,1,-0.0000,-0.0000,0.0000,1
7644781,-0.273,-0.426,-0.147,-0.012,0.003,0.002,-137.986,-242.537,361.411,-173.610,-1.810,113.257,1,-0.0000,-0.0000,0.0000,1
7644859,-0.162,-0.410,0.094,-0.011,0.002,-0.007,-137.986,-242.537,361.411,-173.610,-1.810,113.257,1,-0.0000,-0.0000,0.0000,1
7644937,-0.110,-0.415,0.279,-0.011,0.001,-0.013,-137.986,-242.537,361.411,-173.610,-1.810,113.257,1,-0.0000,-0.0000,0.0000,1
7645046,-0.146,-0.415,0.171,-0.012,0.001,-0.010,-137.986,-242.537,361.411,-173.610,-1.810,113.257,1,0.0000,0.0000,-0.0000,1
7645156,-0.220,-0.388,-0.087,-0.013,0.001,-0.002,-137.986,-242.537,361.411,-173.610,-1.810,113.257,1,0.0000,0.0000,-0.0000,1
7645281,-0.217,-0.379,-0.103,-0.013,0.001,-0.002,-137.986,-242.537,361.411,-173.610,-1.810,113.257,1,0.0000,0.0000,-0.0000,1
7645328,-0.172,-0.407,0.131,-0.012,0.001,-0.008,-137.986,-242.537,361.411,-173.610,-1.810,113.257,1,0.0000,0.0000,-0.0000,1
7645375,-0.169,-0.403,0.158,-0.012,0.002,-0.008,-137.986,-242.537,361.411,-173.610,-1.810,113.257,1,0.0000,0.0000,-0.0000,1
7645453,-0.212,-0.372,-0.105,-0.013,0.002,0.000,-137.986,-242.537,361.411,-173.610,-1.810,113.257,1,0.0000,0.0000,-0.0000,1
7645593,-0.256,-0.352,-0.224,-0.012,0.003,0.005,-137.986,-242.537,361.411,-173.610,-1.810,113.257,1,0.0000,0.0000,-0.0000,1
7645687,-0.281,-0.319,-0.155,-0.009,0.004,0.005,-137.986,-242.537,361.411,-173.610,-1.810,113.257,1,0.0000,0.0000,-0.0000,1
7645796,-0.244,-0.337,-0.056,-0.009,0.003,0.002,-137.986,-242.537,361.411,-173.610,-1.810,113.257,1,-0.0000,-0.0000,0.0000,1
7645875,-0.199,-0.390,0.038,-0.010,0.002,-0.002,-137.986,-242.537,361.411,-173.610,-1.810,113.257,1,-0.0000,-0.0000,0.0000,1
7645968,-0.246,-0.369,-0.020,-0.009,0.003,0.001,-137.986,-242.537,361.411,-173.610,-1.810,113.257,1,-0.0000,-0.0000,0.0000,1
7646046,-0.292,-0.328,-0.153,-0.008,0.004,0.005,-137.986,-242.537,361.411,-173.610,-1.810,113.257,1,-0.0000,-0.0000,0.0000,1
7646125,-0.252,-0.343,-0.100,-0.008,0.003,0.001,-137.986,-242.537,361.411,-173.610,-1.810,113.257,1,-0.0000,-0.0000,0.0000,1
7646234,-0.171,-0.397,0.081,-0.010,0.001,-0.006,-137.986,-242.537,361.411,-173.610,-1.810,113.257,1,-0.0000,-0.0000,0.0000,1
7646343,-0.128,-0.441,0.134,-0.012,0.000,-0.008,-137.986,-242.537,361.411,-173.610,-1.810,113.257,1,-0.0000,-0.0000,0.0000,1
7646484,-0.139,-0.441,0.106,-0.012,0.001,-0.007,-137.986,-242.537,361.411,-173.610,-1.810,113.257,1,-0.0000,-0.0000,0.0000,1
7646531,-0.170,-0.395,0.064,-0.010,0.001,-0.004,-137.986,-242.537,361.411,-173.610,-1.810,113.257,1,-0.0000,-0.0000,0.0000,1
7646578,-0.182,-0.369,0.014,-0.011,0.001,-0.002,-137.986,-242.537,361.411,-173.610,-1.810,113.257,1,0.0000,0.0000,-0.0000,1
7646656,-0.168,-0.376,0.009,-0.012,0.001,-0.004,-137.986,-242.537,361.411,-173.610,-1.810,113.257,1,0.0000,0.0000,-0.0000,1
7646796,-0.166,-0.378,0.021,-0.012,0.000,-0.004,-137.986,-242.537,361.411,-173.610,-1.810,113.257,1,0.0000,0.0000,-0.0000,1
7646890,-0.204,-0.379,-0.011,-0.011,0.001,-0.002,-137.986,-242.537,361.411,-173.610,-1.810,113.257,1,0.0000,0.0000,-0.0000,1
7647000,-0.216,-0.376,-0.054,-0.009,0.002,0.001,-137.986,-242.537,361.411,-173.610,-1.810,113.257,1,0.0000,0.0000,-0.0000,1
7647078,-0.162,-0.396,-0.007,-0.011,0.002,-0.003,-137.986,-242.537,361.411,-173.610,-1.810,113.257,1,0.0000,0.0000,-0.0000,1
7647171,-0.157,-0.426,-0.026,-0.013,0.001,-0.005,-137.986,-242.537,361.411,-173.610,-1.810,113.257,1,0.0000,0.0000,-0.0000,1
7647250,-0.187,-0.405,-0.031,-0.012,0.002,-0.003,-137.986,-242.537,361.411,-173.610,-1.810,113.257,1,0.0000,0.0000,-0.0000,1
7647328,-0.176,-0.371,0.121,-0.009,0.003,-0.005,-137.986,-242.537,361.411,-173.610,-1.810,113.257,1,-0.0000,-0.0000,0.0000,1
7647437,-0.165,-0.369,0.104,-0.009,0.002,-0.005,-137.986,-242.537,361.411,-173.610,-1.810,113.257,1,-0.0000,-0.0000,0.0000,1
7647546,-0.132,-0.389,-0.013,-0.011,-0.000,-0.005,-137.986,-242.537,361.411,-173.610,-1.810,113.257,1,-0.0000,-0.0000,0.0000,1
7647687,-0.113,-0.416,0.084,-0.011,-0.001,-0.008,-137.986,-242.537,361.411,-173.610,-1.810,113.257,1,-0.0000,-0.0000,0.0000,1
7647734,-0.198,-0.415,0.087,-0.010,0.001,-0.004,-137.986,-242.537,361.411,-173.610,-1.810,113.257,1,-0.0000,-0.0000,0.0000,1
7647781,-0.257,-0.390,-0.065,-0.009,0.003,0.002,-137.986,-242.537,361.411,-173.610,-1.810,113.257,1,-0.0000,-0.0000,0.0000,1
7647859,-0.201,-0.390,0.002,-0.010,0.002,-0.003,-137.986,-242.537,361.411,-173.610,-1.810,113.257,1,-0.0000,-0.0000,0.0000,1
7648000,-0.174,-0.394,0.022,-0.011,0.001,-0.004,-137.986,-242.537,361.411,-173.610,-1.810,113.257,1,-0.0000,-0.0000,0.0000,1
7648093,-0.233,-0.353,-0.206,-0.010,0.002,0.006,-137.986,-242.537,361.411,-173.610,-1.810,113.257,1,-0.0000,-0.0000,0.0000,1
7648203,-0.255,-0.332,-0.209,-0.009,0.003,0.008,-137.986,-242.537,361.411,-173.610,-1.810,113.257,1,0.0000,0.0000,-0.0000,1
7648281,-0.151,-0.398,0.073,-0.011,0.001,-0.005,-137.986,-242.537,361.411,-173.610,-1.810,113.257,1,0.0000,0.0000,-0.0000,1
7648375,-0.083,-0.425,0.100,-0.013,-0.000,-0.009,-137.986,-242.537,361.411,-173.610,-1.810,113.257,1,0.0000,0.0000,-0.0000,1
7648453,-0.107,-0.390,-0.007,-0.012,-0.000,-0.003,-137.986,-242.537,361.411,-173.610,-1.810,113.257,1,0.0000,0.0000,-0.0000,1
7648531,-0.130,-0.403,0.094,-0.011,0.000,-0.004,-137.986,-242.537,361.411,-173.610,-1.810,113.257,1,0.0000,0.0000,-0.0000,1
7648640,-0.197,-0.403,0.074,-0.010,0.002,-0.004,-137.986,-242.537,361.411,-173.610,-1.810,113.257,1,0.0000,0.0000,-0.0000,1
7648750,-0.213,-0.374,-0.005,-0.009,0.002,-0.001,-137.986,-242.537,361.411,-173.610,-1.810,113.257,1,0.0000,0.0000,-0.0000,1
7648890,-0.146,-0.392,0.130,-0.010,0.001,-0.005,-137.986,-242.537,361.411,-173.610,-1.810,113.257,1,0.0000,0.0000,-0.0000,1
7648937,-0.137,-0.423,0.161,-0.012,0.001,-0.009,-137.986,-242.537,361.411,-173.610,-1.810,113.257,1,-0.0000,-0.0000,0.0000,1
7648984,-0.160,-0.408,0.050,-0.012,0.001,-0.006,-137.986,-242.537,361.411,-173.610,-1.810,113.257,1,-0.0000,-0.0000,0.0000,1
7649062,-0.141,-0.388,0.063,-0.012,-0.000,-0.007,-137.986,-242.537,361.411,-173.610,-1.810,113.257,1,-0.0000,-0.0000,0.0000,1
7649203,-0.117,-0.408,0.149,-0.013,-0.001,-0.010,-137.986,-242.537,361.411,-173.610,-1.810,113.257,1,-0.0000,-0.0000,0.0000,1
7649296,-0.120,-0.418,0.159,-0.013,0.000,-0.009,-137.986,-242.537,361.411,-173.610,-1.810,113.257,1,-0.0000,-0.0000,0.0000,1
7649406,-0.165,-0.411,0.015,-0.012,0.002,-0.004,-137.986,-242.537,361.411,-173.610,-1.810,113.257,1,-0.0000,-0.0000,0.0000,1
7649484,-0.188,-0.421,-0.039,-0.012,0.002,-0.003,-137.986,-242.537,361.411,-173.610,-1.810,113.257,1,-0.0000,-0.0000,0.0000,1
7649578,-0.166,-0.399,0.053,-0.010,0.001,-0.004,-137.986,-242.537,361.411,-173.610,-1.810,113.257,1,-0.0000,-0.0000,0.0000,1
7649656,-0.182,-0.362,-0.008,-0.008,0.002,0.000,-137.986,-242.537,361.411,-173.610,-1.810,113.257,1,-0.0000,0.0000,0.0000,1
7649734,-0.175,-0.387,-0.048,-0.011,0.001,-0.001,-137.986,-242.537,361.411,-173.610,-1.810,113.257,1,0.0000,0.0000,-0.0000,1
7649843,-0.101,-0.405,-0.011,-0.013,-0.001,-0.006,-137.986,-242.537,361.411,-173.610,-1.810,113.257,1,0.0000,0.0000,-0.0000,1
7649953,-0.082,-0.392,-0.025,-0.013,-0.001,-0.006,-137.986,-242.537,361.411,-173.610,-1.810,113.257,1,0.0000,0.0000,-0.0000,1
7650093,-0.127,-0.421,0.098,-0.013,0.000,-0.008,-137.986,-242.537,361.411,-173.610,-1.810,113.257,1,0.0000,0.0000,-0.0000,1
7650140,-0.201,-0.382,0.071,-0.010,0.003,-0.003,-137.986,-242.537,361.411,-173.610,-1.810,113.257,1,0.0000,0.0000,-0.0000,1
7650187,-0.240,-0.301,-0.094,-0.007,0.004,0.004,-137.986,-242.537,361.411,-173.610,-1.810,113.257,1,0.0000,0.0000,-0.0000,1
7650265,-0.183,-0.348,0.011,-0.009,0.002,-0.001,-137.986,-242.537,361.411,-173.610,-1.810,113.257,1,0.0000,0.0000,-0.0000,1
7650406,-0.138,-0.421,0.136,-0.012,0.001,-0.008,-137.986,-242.537,361.411,-173.610,-1.810,113.257,1,0.0000,0.0000,-0.0000,1
7650500,-0.154,-0.413,0.065,-0.012,0.001,-0.006,-137.986,-242.537,361.411,-173.610,-1.810,113.257,1,-0.0000,-0.0000,0.0000,1
7650609,-0.153,-0.406,0.052,-0.012,0.001,-0.005,-137.986,-242.537,361.411,-173.610,-1.810,113.257,1,-0.0000,-0.0000,0.0000,1
7650687,-0.127,-0.437,0.228,-0.012,0.000,-0.011,-137.986,-242.537,361.411,-173.610,-1.810,113.257,1,-0.0000,-0.0000,0.0000,1
7650781,-0.156,-0.420,0.198,-0.012,0.001,-0.010,-137.986,-242.537,361.411,-173.610,-1.810,113.257,1,-0.0000,-0.0000,0.0000,1
7650859,-0.231,-0.377,-0.090,-0.010,0.002,0.001,-137.986,-242.537,361.411,-173.610,-1.810,113.257,1,-0.0000,-0.0000,0.0000,1
7650937,-0.273,-0.380,-0.199,-0.008,0.003,0.005,-137.986,-242.537,361.411,-173.610,-1.810,113.257,1,-0.0000,-0.0000,0.0000,1
7651046,-0.242,-0.399,-0.079,-0.009,0.003,0.001,-137.986,-242.537,361.411,-173.610,-1.810,113.257,1,-0.0000,-0.0000,0.0000,1
7651156,-0.185,-0.392,0.045,-0.010,0.002,-0.004,-137.986,-242.537,361.411,-173.610,-1.810,113.257,1,-0.0000,-0.0000,0.0000,1
7651296,-0.208,-0.351,0.016,-0.009,0.002,-0.001,-137.986,-242.537,361.411,-173.610,-1.810,113.257,1,0.0000,0.0000,-0.0000,1
7651343,-0.268,-0.317,-0.064,-0.007,0.004,0.003,-137.986,-242.537,361.411,-173.610,-1.810,113.257,1,0.0000,0.0000,-0.0000,1
7651390,-0.240,-0.350,-0.015,-0.009,0.004,-0.001,-137.986,-242.537,361.411,-173.610,-1.810,113.257,1,0.0000,0.0000,-0.0000,1
7651453,-0.157,-0.421,0.087,-0.012,0.001,-0.007,-137.986,-242.537,361.411,-173.610,-1.810,113.257,1,0.0000,0.0000,-0.0000,1
7651593,-0.132,-0.438,0.113,-0.013,0.000,-0.007,-137.986,-242.537,361.411,-173.610,-1.810,113.257,1,0.0000,0.0000,-0.0000,1
7651687,-0.188,-0.415,0.017,-0.011,0.002,-0.003,-137.986,-242.537,361.411,-173.610,-1.810,113.257,1,0.0000,0.0000,-0.0000,1
7651796,-0.218,-0.411,-0.076,-0.011,0.003,0.001,-137.986,-242.537,361.411,-173.610,-1.810,113.257,1,0.0000,0.0000,-0.0000,1
7651875,-0.162,-0.433,0.002,-0.012,0.001,-0.004,-137.986,-242.537,361.411,-173.610,-1.810,113.257,1,0.0000,0.0000,-0.0000,1
7651968,-0.157,-0.422,0.018,-0.013,0.001,-0.005,-137.986,-242.537,361.411,-173.610,-1.810,113.257,1,0.0000,0.0000,-0.0000,1
7652046,-0.204,-0.386,-0.010,-0.010,0.003,-0.000,-137.986,-242.537,361.411,-173.610,-1.810,113.257,1,-0.0000,-0.0000,0.0000,1
7652125,-0.199,-0.373,0.028,-0.008,0.003,-0.000,-137.986,-242.537,361.411,-173.610,-1.810,113.257,1,-0.0000,-0.0000,0.0000,1
7652234,-0.182,-0.365,-0.090,-0.010,0.002,0.001,-137.986,-242.537,361.411,-173.610,-1.810,113.257,1,-0.0000,-0.0000,0.0000,1
7652343,-0.183,-0.370,-0.181,-0.010,0.001,0.003,-137.986,-242.537,361.411,-173.610,-1.810,113.257,1,-0.0000,-0.0000,0.0000,1
7652484,-0.207,-0.409,-0.029,-0.009,0.002,0.000,-137.986,-242.537,361.411,-173.610,-1.810,113.257,1,-0.0000,-0.0000,0.0000,1
7652531,-0.201,-0.452,0.121,-0.011,0.001,-0.005,-137.986,-242.537,361.411,-173.610,-1.810,113.257,1,-0.0000,-0.0000,0.0000,1
7652578,-0.158,-0.451,0.101,-0.013,0.001,-0.007,-137.986,-242.537,361.411,-173.610,-1.810,113.257,1,-0.0000,-0.0000,0.0000,1
7652656,-0.139,-0.423,0.102,-0.012,0.001,-0.006,-137.986,-242.537,361.411,-173.610,-1.810,113.257,1,-0.0000,-0.0000,0.0000,1
7652796,-0.143,-0.412,0.143,-0.011,0.001,-0.006,-137.986,-242.537,361.411,-173.610,-1.810,113.257,1,0.0000,0.0000,-0.0000,1
7652890,-0.152,-0.408,0.058,-0.011,0.001,-0.004,-137.986,-242.537,361.411,-173.610,-1.810,113.257,1,0.0000,0.0000,-0.0000,1
7653000,-0.134,-0.407,-0.043,-0.011,0.001,-0.003,-137.986,-242.537,361.411,-173.610,-1.810,113.257,1,0.0000,0.0000,-0.0000,1
7653078,-0.106,-0.416,0.039,-0.011,0.000,-0.005,-137.986,-242.537,361.411,-173.610,-1.810,113.257,1,0.0000,0.0000,-0.0000,1
7653171,-0.136,-0.411,0.106,-0.011,0.001,-0.005,-137.986,-242.537,361.411,-173.610,-1.810,113.257,1,0.0000,0.0000,-0.0000,1
7653250,-0.155,-0.386,0.031,-0.012,0.001,-0.002,-137.986,-242.537,361.411,-173.610,-1.810,113.257,1,0.0000,0.0000,-0.0000,1
7653328,-0.121,-0.360,0.072,-0.011,0.001,-0.003,-137.986,-242.537,361.411,-173.610,-1.810,113.257,1,0.0000,0.0000,-0.0000,1
7653437,-0.109,-0.379,0.199,-0.010,0.001,-0.008,-137.986,-242.537,361.411,-173.610,-1.810,113.257,1,0.0000,0.0000,-0.0000,1
7653546,-0.132,-0.416,0.218,-0.010,0.001,-0.009,-137.986,-242.537,361.411,-173.610,-1.810,113.257,1,0.0000,0.0000,-0.0000,1
7653687,-0.181,-0.380,0.161,-0.009,0.002,-0.006,-137.986,-242.537,361.411,-173.610,-1.810,113.257,1,-0.0000,-0.0000,0.0000,1
7653734,-0.183,-0.371,0.073,-0.009,0.002,-0.003,-137.986,-242.537,361.411,-173.610,-1.810,113.257,1,-0.0000,-0.0000,0.0000,1
7653781,-0.107,-0.433,0.036,-0.013,-0.001,-0.005,-137.986,-242.537,361.411,-173.610,-1.810,113.257,1,-0.0000,-0.0000,0.0000,1
7653859,-0.101,-0.434,0.122,-0.012,-0.001,-0.007,-137.986,-242.537,361.411,-173.610,-1.810,113.257,1,-0.0000,-0.0000,0.0000,1
7654000,-0.172,-0.377,0.172,-0.009,0.002,-0.007,-137.986,-242.537,361.411,-173.610,-1.810,113.257,1,-0.0000,-0.0000,0.0000,1
7654093,-0.171,-0.368,0.119,-0.010,0.003,-0.007,-137.986,-242.537,361.411,-173.610,-1.810,113.257,1,-0.0000,-0.0000,0.0000,1
7654203,-0.129,-0.404,0.122,-0.011,0.001,-0.008,-137.986,-242.537,361.411,-173.610,-1.810,113.257,1,-0.0000,-0.0000,0.0000,1
7654281,-0.138,-0.399,0.160,-0.009,0.001,-0.005,-137.986,-242.537,361.411,-173.610,-1.810,113.257,1,-0.0000,-0.0000,0.0000,1
7654375,-0.160,-0.376,0.134,-0.008,0.002,-0.003,-137.986,-242.537,361.411,-173.610,-1.810,113.257,1,0.0000,0.0000,-0.0000,1
7654453,-0.155,-0.391,0.115,-0.010,0.002,-0.005,-137.986,-242.537,361.411,-173.610,-1.810,113.257,1,0.0000,0.0000,-0.0000,1
7654546,-0.143,-0.419,0.140,-0.011,0.001,-0.007,-137.986,-242.537,361.411,-173.610,-1.810,113.257,1,0.0000,0.0000,-0.0000,1
7654656,-0.149,-0.428,0.179,-0.011,0.001,-0.007,-137.986,-242.537,361.411,-173.610,-1.810,113.257,1,0.0000,0.0000,-0.0000,1
7654765,-0.166,-0.420,0.177,-0.010,0.002,-0.006,-137.986,-242.537,361.411,-173.610,-1.810,113.257,1,0.0000,0.0000,-0.0000,1
7654906,-0.156,-0.404,0.136,-0.011,0.001,-0.006,-137.986,-242.537,361.411,-173.610,-1.810,113.257,1,0.0000,0.0000,-0.0000,1
7654953,-0.139,-0.390,0.121,-0.011,0.001,-0.006,-137.986,-242.537,361.411,-173.610,-1.810,113.257,1,0.0000,0.0000,-0.0000,1
7655000,-0.167,-0.387,0.017,-0.009,0.002,-0.002,-137.986,-242.537,361.411,-173.610,-1.810,113.257,1,0.0000,0.0000,-0.0000,1
7655078,-0.217,-0.384,-0.183,-0.009,0.002,0.005,-137.986,-242.537,361.411,-173.610,-1.810,113.257,1,0.0000,0.0000,-0.0000,1
7655218,-0.226,-0.372,-0.159,-0.008,0.002,0.004,-137.986,-242.537,361.411,-173.610,-1.810,113.257,1,-0.0000,-0.0000,0.0000,1
7655312,-0.212,-0.370,0.039,-0.008,0.003,-0.000,-137.986,-242.537,361.411,-173.610,-1.810,113.257,1,-0.0000,-0.0000,0.0000,1
7655421,-0.196,-0.387,0.106,-0.009,0.003,-0.003,-137.986,-242.537,361.411,-173.610,-1.810,113.257,1,-0.0000,-0.0000,0.0000,1
7655500,-0.166,-0.413,0.086,-0.011,0.002,-0.005,-137.986,-242.537,361.411,-173.610,-1.810,113.257,1,-0.0000,-0.0000,0.0000,1
7655593,-0.163,-0.405,0.010,-0.012,0.001,-0.004,-137.986,-242.537,361.411,-173.610,-1.810,113.257,1,-0.0000,-0.0000,0.0000,1
7655671,-0.183,-0.374,-0.098,-0.012,0.002,0.002,-137.986,-242.537,361.411,-173.610,-1.810,113.257,1,-0.0000,-0.0000,0.0000,1
7655750,-0.192,-0.352,-0.093,-0.010,0.002,0.002,-137.986,-242.537,361.411,-173.610,-1.810,113.257,1,-0.0000,-0.0000,0.0000,1
7655859,-0.209,-0.334,-0.084,-0.009,0.002,0.002,-137.986,-242.537,361.411,-173.610,-1.810,113.257,1,-0.0000,-0.0000,0.0000,1
7655968,-0.222,-0.343,-0.073,-0.010,0.002,0.002,-137.986,-242.537,361.411,-173.610,-1.810,113.257,1,0.0000,0.0000,-0.0000,1
7656109,-0.187,-0.378,0.104,-0.009,0.002,-0.003,-137.986,-242.537,361.411,-173.610,-1.810,113.257,1,0.0000,0.0000,-0.0000,1
7656156,-0.158,-0.415,0.152,-0.010,0.001,-0.007,-137.986,-242.537,361.411,-173.610,-1.810,113.257,1,0.0000,0.0000,-0.0000,1
7656203,-0.141,-0.429,0.014,-0.012,0.000,-0.005,-137.986,-242.537,361.411,-173.610,-1.810,113.257,1,0.0000,0.0000,-0.0000,1
7656281,-0.073,-0.426,-0.015,-0.014,-0.002,-0.004,-137.986,-242.537,361.411,-173.610,-1.810,113.257,1,0.0000,0.0000,-0.0000,1
7656421,-0.040,-0.406,0.061,-0.013,-0.001,-0.005,-137.986,-242.537,361.411,-173.610,-1.810,113.257,1,0.0000,0.0000,-0.0000,1
7656515,-0.102,-0.386,0.098,-0.011,0.000,-0.005,-137.986,-242.537,361.411,-173.610,-1.810,113.257,1,0.0000,0.0000,-0.0000,1
7656625,-0.157,-0.398,0.041,-0.011,0.002,-0.006,-137.986,-242.537,361.411,-173.610,-1.810,113.257,1,0.0000,0.0000,-0.0000,1
7656703,-0.129,-0.428,0.091,-0.012,0.001,-0.008,-137.986,-242.537,361.411,-173.610,-1.810,113.257,1,0.0000,0.0000,-0.0000,1
7656796,-0.114,-0.435,0.127,-0.013,0.000,-0.008,-137.986,-242.537,361.411,-173.610,-1.810,113.257,1,-0.0000,-0.0000,0.0000,1
7656875,-0.174,-0.412,-0.002,-0.012,0.002,-0.002,-137.986,-242.537,361.411,-173.610,-1.810,113.257,1,-0.0000,-0.0000,0.0000,1
7656953,-0.235,-0.381,-0.143,-0.011,0.003,0.005,-137.986,-242.537,361.411,-173.610,-1.810,113.257,1,-0.0000,-0.0000,0.0000,1
7657062,-0.210,-0.376,-0.129,-0.011,0.002,0.003,-137.986,-242.537,361.411,-173.610,-1.810,113.257,1,-0.0000,-0.0000,0.0000,1
7657171,-0.179,-0.402,-0.011,-0.011,0.001,-0.002,-137.986,-242.537,361.411,-173.610,-1.810,113.257,1,-0.0000,-0.0000,0.0000,1
7657312,-0.228,-0.388,-0.037,-0.010,0.002,0.001,-137.986,-242.537,361.411,-173.610,-1.810,113.257,1,-0.0000,-0.0000,0.0000,1
7657359,-0.218,-0.358,-0.049,-0.008,0.003,0.002,-137.986,-242.537,361.411,-173.610,-1.810,113.257,1,-0.0000,-0.0000,0.0000,1
7657406,-0.172,-0.363,0.006,-0.008,0.002,-0.001,-137.986,-242.537,361.411,-173.610,-1.810,113.257,1,-0.0000,-0.0000,0.0000,1
7657484,-0.171,-0.374,0.002,-0.009,0.002,-0.001,-137.986,-242.537,361.411,-173.610,-1.810,113.257,1,0.0000,0.0000,-0.0000,1
7657625,-0.158,-0.382,0.042,-0.009,0.002,-0.002,-137.986,-242.537,361.411,-173.610,-1.810,113.257,1,0.0000,0.0000,-0.0000,1
7657718,-0.146,-0.383,0.090,-0.009,0.001,-0.003,-137.986,-242.537,361.411,-173.610,-1.810,113.257,1,0.0000,0.0000,-0.0000,1
7657828,-0.152,-0.376,0.036,-0.010,0.001,-0.002,-137.986,-242.537,361.411,-173.610,-1.810,113.257,1,0.0000,0.0000,-0.0000,1
7657906,-0.162,-0.378,0.001,-0.011,0.001,-0.003,-137.986,-242.537,361.411,-173.610,-1.810,113.257,1,0.0000,0.0000,-0.0000,1
7658000,-0.141,-0.403,0.148,-0.011,0.001,-0.009,-137.986,-242.537,361.411,-173.610,-1.810,113.257,1,0.0000,0.0000,-0.0000,1
7658078,-0.098,-0.417,0.245,-0.012,-0.000,-0.012,-137.986,-242.537,361.411,-173.610,-1.810,113.257,1,0.0000,0.0000,-0.0000,1
7658156,-0.105,-0.413,0.164,-0.012,0.000,-0.008,-137.986,-242.537,361.411,-173.610,-1.810,113.257,1,0.0000,0.0000,-0.0000,1
7658265,-0.124,-0.405,0.162,-0.012,0.001,-0.008,-137.986,-242.537,361.411,-173.610,-1.810,113.257,1,0.0000,0.0000,-0.0000,1
7658375,-0.125,-0.394,0.211,-0.012,0.001,-0.010,-137.986,-242.537,361.411,-173.610,-1.810,113.257,1,-0.0000,-0.0000,0.0000,1
7658515,-0.116,-0.415,0.138,-0.012,0.000,-0.008,-137.986,-242.537,361.411,-173.610,-1.810,113.257,1,-0.0000,-0.0000,0.0000,1
7658562,-0.101,-0.447,0.074,-0.013,-0.000,-0.005,-137.986,-242.537,361.411,-173.610,-1.810,113.257,1,-0.0000,-0.0000,0.0000,1
7658609,-0.112,-0.446,0.151,-0.013,0.000,-0.008,-137.986,-242.537,361.411,-173.610,-1.810,113.257,1,-0.0000,-0.0000,0.0000,1
7658687,-0.141,-0.437,0.262,-0.011,0.000,-0.012,-137.986,-242.537,361.411,-173.610,-1.810,113.257,1,-0.0000,-0.0000,0.0000,1
7658828,-0.145,-0.423,0.278,-0.010,0.000,-0.011,-137.986,-242.537,361.411,-173.610,-1.810,113.257,1,-0.0000,-0.0000,0.0000,1
7658921,-0.119,-0.404,0.194,-0.010,0.000,-0.007,-137.986,-242.537,361.411,-173.610,-1.810,113.257,1,-0.0000,-0.0000,0.0000,1
7659031,-0.130,-0.386,0.048,-0.010,0.000,-0.003,-137.986,-242.537,361.411,-173.610,-1.810,113.257,1,-0.0000,-0.0000,0.0000,1
7659109,-0.176,-0.360,-0.093,-0.009,0.001,0.002,-137.986,-242.537,361.411,-173.610,-1.810,113.257,1,0.0000,0.0000,-0.0000,1
7659203,-0.180,-0.363,-0.074,-0.009,0.002,0.002,-137.986,-242.537,361.411,-173.610,-1.810,113.257,1,0.0000,0.0000,-0.0000,1
7659281,-0.137,-0.394,0.077,-0.010,0.001,-0.004,-137.986,-242.537,361.411,-173.610,-1.810,113.257,1,0.0000,0.0000,-0.0000,1
7659359,-0.127,-0.378,0.023,-0.011,0.001,-0.004,-137.986,-242.537,361.411,-173.610,-1.810,113.257,1,0.0000,0.0000,-0.0000,1
7659468,-0.170,-0.332,-0.210,-0.010,0.002,0.005,-137.986,-242.537,361.411,-173.610,-1.810,113.257,1,0.0000,0.0000,-0.0000,1
7659578,-0.212,-0.332,-0.283,-0.009,0.002,0.009,-137.986,-242.537,361.411,-173.610,-1.810,113.257,1,0.0000,0.0000,-0.0000,1
7659718,-0.228,-0.360,-0.237,-0.009,0.002,0.008,-137.986,-242.537,361.411,-173.610,-1.810,113.257,1,0.0000,0.0000,-0.0000,1
7659765,-0.174,-0.392,-0.128,-0.010,0.001,0.002,-137.986,-242.537,361.411,-173.610,-1.810,113.257,1,0.0000,0.0000,-0.0000,1
7659812,-0.113,-0.405,-0.028,-0.011,-0.000,-0.003,-137.986,-242.537,361.411,-173.610,-1.810,113.257,1,0.0000,0.0000,-0.0000,1
7659890,-0.131,-0.388,0.009,-0.010,0.001,-0.002,-137.986,-242.537,361.411,-173.610,-1.810,113.257,1,-0.0000,-0.0000,0.0000,1
7660031,-0.174,-0.374,0.074,-0.008,0.003,-0.000,-137.986,-242.537,361.411,-173.610,-1.810,113.257,1,-0.0000,-0.0000,0.0000,1
7660125,-0.176,-0.371,0.062,-0.009,0.003,0.000,-137.986,-242.537,361.411,-173.610,-1.810,113.257,1,-0.0000,-0.0000,0.0000,1
7660234,-0.169,-0.379,-0.025,-0.010,0.001,0.000,-137.986,-242.537,361.411,-173.610,-1.810,113.257,1,-0.0000,-0.0000,0.0000,1
7660312,-0.204,-0.391,-0.044,-0.009,0.002,0.000,-137.986,-242.537,361.411,-173.610,-1.810,113.257,1,-0.0000,-0.0000,0.0000,1
7660406,-0.184,-0.393,0.126,-0.009,0.002,-0.005,-137.986,-242.537,361.411,-173.610,-1.810,113.257,1,-0.0000,-0.0000,0.0000,1
7660484,-0.111,-0.385,0.253,-0.010,0.001,-0.009,-137.986,-242.537,361.411,-173.610,-1.810,113.257,1,-0.0000,-0.0000,0.0000,1
7660562,-0.088,-0.408,0.153,-0.011,-0.000,-0.008,-137.986,-242.537,361.411,-173.610,-1.810,113.257,1,-0.0000,-0.0000,0.0000,1
7660671,-0.101,-0.415,0.129,-0.011,-0.000,-0.007,-137.986,-242.537,361.411,-173.610,-1.810,113.257,1,0.0000,0.0000,-0.0000,1
7660781,-0.122,-0.385,0.201,-0.009,0.000,-0.007,-137.986,-242.537,361.411,-173.610,-1.810,113.257,1,0.0000,0.0000,-0.0000,1
7660921,-0.123,-0.404,0.167,-0.011,0.001,-0.007,-137.986,-242.537,361.411,-173.610,-1.810,113.257,1,0.0000,0.0000,-0.0000,1
7660968,-0.128,-0.430,0.123,-0.012,0.001,-0.007,-137.986,-242.537,361.411,-173.610,-1.810,113.257,1,0.0000,0.0000,-0.0000,1
7661015,-0.154,-0.403,0.082,-0.011,0.001,-0.006,-137.986,-242.537,361.411,-173.610,-1.810,113.257,1,0.0000,0.0000,-0.0000,1
7661093,-0.180,-0.366,-0.075,-0.010,0.002,0.000,-137.986,-242.537,361.411,-173.610,-1.810,113.257,1,0.0000,0.0000,-0.0000,1
7661234,-0.213,-0.339,-0.202,-0.008,0.003,0.006,-137.986,-242.537,361.411,-173.610,-1.810,113.257,1,0.0000,0.0000,-0.0000,1
7661328,-0.203,-0.342,-0.129,-0.008,0.003,0.005,-137.986,-242.537,361.411,-173.610,-1.810,113.257,1,0.0000,0.0000,-0.0000,1
7661421,-0.162,-0.367,-0.045,-0.009,0.002,0.001,-137.986,-242.537,361.411,-173.610,-1.810,113.257,1,0.0000,0.0000,-0.0000,1
7661515,-0.149,-0.384,-0.087,-0.011,0.000,-0.000,-137.986,-242.537,361.411,-173.610,-1.810,113.257,1,-0.0000,-0.0000,0.0000,1
7661609,-0.112,-0.403,-0.002,-0.013,-0.001,-0.005,-137.986,-242.537,361.411,-173.610,-1.810,113.257,1,-0.0000,-0.0000,0.0000,1
7661687,-0.082,-0.409,0.166,-0.011,-0.000,-0.009,-137.986,-242.537,361.411,-173.610,-1.810,113.257,1,-0.0000,-0.0000,0.0000,1
7661765,-0.112,-0.415,0.178,-0.009,0.001,-0.006,-137.986,-242.537,361.411,-173.610,-1.810,113.257,1,-0.0000,-0.0000,0.0000,1
7661875,-0.138,-0.417,0.058,-0.010,0.000,-0.004,-137.986,-242.537,361.411,-173.610,-1.810,113.257,1,-0.0000,-0.0000,0.0000,1
7661984,-0.136,-0.404,-0.008,-0.011,0.001,-0.003,-137.986,-242.537,361.411,-173.610,-1.810,113.257,1,-0.0000,-0.0000,0.0000,1
7662125,-0.125,-0.404,0.068,-0.011,0.001,-0.005,-137.986,-242.537,361.411,-173.610,-1.810,113.257,1,-0.0000,-0.0000,0.0000,1
7662171,-0.099,-0.420,0.132,-0.012,-0.001,-0.009,-137.986,-242.537,361.411,-173.610,-1.810,113.257,1,-0.0000,-0.0000,0.0000,1
7662281,-0.057,-0.426,-0.013,-0.013,-0.002,-0.008,-137.986,-242.537,361.411,-173.610,-1.810,113.257,1,0.0000,0.0000,-0.0000,1
7662421,-0.062,-0.412,-0.194,-0.013,-0.001,-0.002,-137.986,-242.537,361.411,-173.610,-1.810,113.257,1,0.0000,0.0000,-0.0000,1
7662515,-0.083,-0.411,-0.046,-0.014,-0.001,-0.004,-137.986,-242.537,361.411,-173.610,-1.810,113.257,1,0.0000,0.0000,-0.0000,1
7662625,-0.080,-0.398,0.079,-0.013,-0.001,-0.006,-137.986,-242.537,361.411,-173.610,-1.810,113.257,1,0.0000,0.0000,-0.0000,1
7662703,-0.117,-0.378,-0.084,-0.011,-0.000,0.000,-137.986,-242.537,361.411,-173.610,-1.810,113.257,1,0.0000,0.0000,-0.0000,1
7662796,-0.150,-0.374,-0.111,-0.010,0.001,0.002,-137.986,-242.537,361.411,-173.610,-1.810,113.257,1,0.0000,0.0000,-0.0000,1
7662875,-0.105,-0.392,0.072,-0.010,0.001,-0.004,-137.986,-242.537,361.411,-173.610,-1.810,113.257,1,0.0000,0.0000,-0.0000,1
7662953,-0.029,-0.449,0.194,-0.013,-0.001,-0.012,-137.986,-242.537,361.411,-173.610,-1.810,113.257,1,0.0000,0.0000,-0.0000,1
7663062,-0.037,-0.448,0.165,-0.012,-0.000,-0.011,-137.986,-242.537,361.411,-173.610,-1.810,113.257,1,0.0000,-0.0000,-0.0000,1
7663171,-0.112,-0.386,0.045,-0.010,0.001,-0.003,-137.986,-242.537,361.411,-173.610,-1.810,113.257,1,-0.0000,-0.0000,0.0000,1
7663312,-0.107,-0.389,0.023,-0.012,0.000,-0.002,-137.986,-242.537,361.411,-173.610,-1.810,113.257,1,-0.0000,-0.0000,0.0000,1
7663359,-0.086,-0.417,0.073,-0.013,-0.000,-0.005,-137.986,-242.537,361.411,-173.610,-1.810,113.257,1,-0.0000,-0.0000,0.0000,1
7663406,-0.133,-0.385,-0.090,-0.011,0.001,0.000,-137.986,-242.537,361.411,-173.610,-1.810,113.257,1,-0.0000,-0.0000,0.0000,1
7663484,-0.155,-0.365,-0.216,-0.010,0.001,0.005,-137.986,-242.537,361.411,-173.610,-1.810,113.257,1,-0.0000,-0.0000,0.0000,1
7663625,-0.126,-0.400,-0.059,-0.011,0.001,-0.001,-137.986,-242.537,361.411,-173.610,-1.810,113.257,1,-0.0000,-0.0000,0.0000,1
7663718,-0.116,-0.394,0.080,-0.011,0.001,-0.005,-137.986,-242.537,361.411,-173.610,-1.810,113.257,1,-0.0000,-0.0000,0.0000,1
7663828,-0.130,-0.359,0.044,-0.011,0.001,-0.004,-137.986,-242.537,361.411,-173.610,-1.810,113.257,1,-0.0000,-0.0000,0.0000,1
7663906,-0.120,-0.392,0.018,-0.013,-0.000,-0.005,-137.986,-242.537,361.411,-173.610,-1.810,113.257,1,0.0000,0.0000,-0.0000,1
7664000,-0.126,-0.407,-0.032,-0.012,-0.000,-0.003,-137.986,-242.537,361.411,-173.610,-1.810,113.257,1,0.0000,0.0000,-0.0000,1
7664078,-0.172,-0.372,-0.106,-0.008,0.001,0.003,-137.986,-242.537,361.411,-173.610,-1.810,113.257,1,0.0000,0.0000,-0.0000,1
7664156,-0.197,-0.402,-0.025,-0.008,0.001,0.002,-137.986,-242.537,361.411,-173.610,-1.810,113.257,1,0.0000,0.0000,-0.0000,1
7664265,-0.172,-0.434,0.047,-0.011,0.001,-0.002,-137.986,-242.537,361.411,-173.610,-1.810,113.257,1,0.0000,0.0000,-0.0000,1
7664375,-0.127,-0.397,0.053,-0.012,0.002,-0.004,-137.986,-242.537,361.411,-173.610,-1.810,113.257,1,0.0000,0.0000,-0.0000,1
7664515,-0.128,-0.353,0.070,-0.010,0.002,-0.002,-137.986,-242.537,361.411,-173.610,-1.810,113.257,1,0.0000,0.0000,-0.0000,1
7664562,-0.139,-0.374,0.019,-0.010,0.001,-0.002,-137.986,-242.537,361.411,-173.610,-1.810,113.257,1,0.0000,0.0000,-0.0000,1
7664609,-0.115,-0.417,-0.110,-0.012,-0.000,-0.004,-137.986,-242.537,361.411,-173.610,-1.810,113.257,1,-0.0000,-0.0000,-0.0000,1
7664687,-0.107,-0.410,-0.127,-0.012,0.000,-0.004,-137.986,-242.537,361.411,-173.610,-1.810,113.257,1,-0.0000,-0.0000,0.0000,1
7664828,-0.106,-0.391,-0.011,-0.013,0.000,-0.003,-137.986,-242.537,361.411,-173.610,-1.810,113.257,1,-0.0000,-0.0000,0.0000,1
7664921,-0.086,-0.386,0.041,-0.013,0.000,-0.003,-137.986,-242.537,361.411,-173.610,-1.810,113.257,1,-0.0000,-0.0000,0.0000,1
7665031,-0.087,-0.401,0.104,-0.011,0.001,-0.005,-137.986,-242.537,361.411,-173.610,-1.810,113.257,1,-0.0000,-0.0000,0.0000,1
7665109,-0.102,-0.414,0.156,-0.011,0.001,-0.007,-137.986,-242.537,361.411,-173.610,-1.810,113.257,1,-0.0000,-0.0000,0.0000,1
7665218,-0.128,-0.394,0.022,-0.012,-0.000,-0.004,-137.986,-242.537,361.411,-173.610,-1.810,113.257,1,-0.0000,-0.0000,0.0000,1
7665281,-0.163,-0.365,-0.189,-0.012,0.001,0.002,-137.986,-242.537,361.411,-173.610,-1.810,113.257,1,-0.0000,-0.0000,0.0000,1
7665359,-0.159,-0.357,-0.198,-0.012,0.003,0.003,-137.986,-242.537,361.411,-173.610,-1.810,113.257,1,-0.0000,-0.0000,0.0000,1
7665468,-0.129,-0.370,-0.018,-0.011,0.003,-0.000,-137.986,-242.537,361.411,-173.610,-1.810,113.257,1,0.0000,0.0000,-0.0000,1
7665578,-0.104,-0.407,0.147,-0.012,0.000,-0.007,-137.986,-242.537,361.411,-173.610,-1.810,113.257,1,0.0000,0.0000,-0.0000,1
7665718,-0.126,-0.431,0.134,-0.013,-0.001,-0.009,-137.986,-242.537,361.411,-173.610,-1.810,113.257,1,0.0000,0.0000,-0.0000,1
7665765,-0.198,-0.398,-0.085,-0.012,0.001,-0.001,-137.986,-242.537,361.411,-173.610,-1.810,113.257,1,0.0000,0.0000,-0.0000,1
7665812,-0.183,-0.371,-0.138,-0.012,0.001,0.002,-137.986,-242.537,361.411,-173.610,-1.810,113.257,1,0.0000,0.0000,-0.0000,1
7665890,-0.085,-0.397,0.101,-0.013,0.001,-0.006,-137.986,-242.537,361.411,-173.610,-1.810,113.257,1,0.0000,0.0000,-0.0000,1
7666031,-0.029,-0.437,0.275,-0.014,-0.001,-0.014,-137.986,-242.537,361.411,-173.610,-1.810,113.257,1,0.0000,0.0000,-0.0000,1
7666125,-0.058,-0.453,0.149,-0.013,-0.002,-0.010,-137.986,-242.537,361.411,-173.610,-1.810,113.257,1,0.0000,0.0000,-0.0000,1
7666234,-0.103,-0.449,0.010,-0.012,-0.002,-0.004,-137.986,-242.537,361.411,-173.610,-1.810,113.257,1,-0.0000,-0.0000,0.0000,1
7666312,-0.109,-0.449,0.076,-0.011,-0.001,-0.006,-137.986,-242.537,361.411,-173.610,-1.810,113.257,1,-0.0000,-0.0000,0.0000,1
7666406,-0.125,-0.441,0.091,-0.009,-0.000,-0.005,-137.986,-242.537,361.411,-173.610,-1.810,113.257,1,-0.0000,-0.0000,0.0000,1
7666484,-0.121,-0.403,0.030,-0.010,-0.000,-0.004,-137.986,-242.537,361.411,-173.610,-1.810,113.257,1,-0.0000,-0.0000,0.0000,1
7666562,-0.112,-0.357,-0.072,-0.011,0.000,-0.003,-137.986,-242.537,361.411,-173.610,-1.810,113.257,1,-0.0000,-0.0000,0.0000,1
7666687,-0.107,-0.367,-0.053,-0.011,-0.000,-0.003,-137.986,-242.537,361.411,-173.610,-1.810,113.257,1,-0.0000,-0.0000,0.0000,1
7666796,-0.074,-0.415,0.137,-0.011,-0.001,-0.008,-137.986,-242.537,361.411,-173.610,-1.810,113.257,1,-0.0000,-0.0000,0.0000,1
7666937,-0.083,-0.425,0.146,-0.013,0.000,-0.008,-137.986,-242.537,361.411,-173.610,-1.810,113.257,1,-0.0000,-0.0000,0.0000,1
7666984,-0.095,-0.417,0.113,-0.014,0.001,-0.008,-137.986,-242.537,361.411,-173.610,-1.810,113.257,1,-0.0000,-0.0000,0.0000,1
7667031,-0.073,-0.424,0.200,-0.013,0.000,-0.011,-137.986,-242.537,361.411,-173.610,-1.810,113.257,1,0.0000,0.0000,-0.0000,1
7667109,-0.106,-0.414,0.158,-0.010,-0.000,-0.007,-137.986,-242.537,361.411,-173.610,-1.810,113.257,1,0.0000,0.0000,-0.0000,1
7667250,-0.145,-0.374,-0.015,-0.008,-0.001,0.001,-137.986,-242.537,361.411,-173.610,-1.810,113.257,1,0.0000,0.0000,-0.0000,1
7667343,-0.107,-0.362,-0.037,-0.012,-0.001,-0.001,-137.986,-242.537,361.411,-173.610,-1.810,113.257,1,0.0000,0.0000,-0.0000,1
7667453,-0.056,-0.371,0.072,-0.015,0.000,-0.007,-137.986,-242.537,361.411,-173.610,-1.810,113.257,1,0.0000,0.0000,-0.0000,1
7667531,-0.069,-0.356,-0.021,-0.014,0.001,-0.004,-137.986,-242.537,361.411,-173.610,-1.810,113.257,1,0.0000,0.0000,-0.0000,1
7667625,-0.124,-0.354,-0.136,-0.011,0.001,0.002,-137.986,-242.537,361.411,-173.610,-1.810,113.257,1,0.0000,0.0000,-0.0000,1
7667703,-0.151,-0.363,-0.091,-0.010,0.001,0.002,-137.986,-242.537,361.411,-173.610,-1.810,113.257,1,0.0000,0.0000,-0.0000,1
7667781,-0.139,-0.369,0.008,-0.010,0.000,-0.002,-137.986,-242.537,361.411,-173.610,-1.810,113.257,1,-0.0000,-0.0000,0.0000,1
7667890,-0.111,-0.397,0.149,-0.010,-0.001,-0.008,-137.986,-242.537,361.411,-173.610,-1.810,113.257,1,-0.0000,-0.0000,0.0000,1
7668000,-0.087,-0.422,0.214,-0.011,-0.001,-0.011,-137.986,-242.537,361.411,-173.610,-1.810,113.257,1,-0.0000,-0.0000,0.0000,1
7668140,-0.071,-0.426,0.243,-0.013,-0.000,-0.012,-137.986,-242.537,361.411,-173.610,-1.810,113.257,1,-0.0000,-0.0000,0.0000,1
7668187,-0.093,-0.401,0.141,-0.013,-0.000,-0.009,-137.986,-242.537,361.411,-173.610,-1.810,113.257,1,-0.0000,-0.0000,0.0000,1
7668234,-0.145,-0.380,-0.025,-0.011,0.001,-0.002,-137.986,-242.537,361.411,-173.610,-1.810,113.257,1,-0.0000,-0.0000,0.0000,1
7668312,-0.165,-0.387,-0.028,-0.010,0.001,-0.001,-137.986,-242.537,361.411,-173.610,-1.810,113.257,1,-0.0000,-0.0000,0.0000,1
7668453,-0.150,-0.382,-0.017,-0.011,0.001,-0.001,-137.986,-242.537,361.411,-173.610,-1.810,113.257,1,-0.0000,-0.0000,0.0000,1
7668546,-0.144,-0.342,0.001,-0.010,0.001,-0.001,-137.986,-242.537,361.411,-173.610,-1.810,113.257,1,-0.0000,-0.0000,0.0000,1
7668656,-0.155,-0.323,0.046,-0.008,0.001,-0.002,-137.986,-242.537,361.411,-173.610,-1.810,113.257,1,0.0000,0.0000,-0.0000,1
7668734,-0.135,-0.373,0.104,-0.009,0.000,-0.005,-137.986,-242.537,361.411,-173.610,-1.810,113.257,1,0.0000,0.0000,-0.0000,1
7668828,-0.110,-0.418,0.143,-0.012,-0.000,-0.007,-137.986,-242.537,361.411,-173.610,-1.810,113.257,1,0.0000,0.0000,-0.0000,1
7668906,-0.128,-0.415,0.110,-0.011,0.001,-0.005,-137.986,-242.537,361.411,-173.610,-1.810,113.257,1,0.0000,0.0000,-0.0000,1
7668984,-0.182,-0.410,0.027,-0.009,0.003,-0.000,-137.986,-242.537,361.411,-173.610,-1.810,113.257,1,0.0000,0.0000,-0.0000,1
7669093,-0.200,-0.402,-0.014,-0.009,0.003,0.000,-137.986,-242.537,361.411,-173.610,-1.810,113.257,1,0.0000,0.0000,-0.0000,1
7669203,-0.138,-0.385,0.065,-0.010,0.001,-0.005,-137.986,-242.537,361.411,-173.610,-1.810,113.257,1,0.0000,0.0000,-0.0000,1
7669343,-0.099,-0.369,0.113,-0.009,0.000,-0.005,-137.986,-242.537,361.411,-173.610,-1.810,113.257,1,0.0000,0.0000,-0.0000,1
7669390,-0.136,-0.354,0.023,-0.008,0.000,0.001,-137.986,-242.537,361.411,-173.610,-1.810,113.257,1,-0.0000,-0.0000,0.0000,1
7669437,-0.166,-0.363,-0.026,-0.009,0.000,0.002,-137.986,-242.537,361.411,-173.610,-1.810,113.257,1,-0.0000,-0.0000,0.0000,1
7669515,-0.140,-0.395,0.089,-0.010,0.000,-0.004,-137.986,-242.537,361.411,-173.610,-1.810,113.257,1,-0.0000,-0.0000,0.0000,1
7669656,-0.105,-0.396,0.141,-0.011,-0.000,-0.008,-137.986,-242.537,361.411,-173.610,-1.810,113.257,1,-0.0000,-0.0000,0.0000,1
7669750,-0.107,-0.382,0.069,-0.013,-0.001,-0.006,-137.986,-242.537,361.411,-173.610,-1.810,113.257,1,-0.0000,-0.0000,0.0000,1
7669859,-0.124,-0.384,0.063,-0.013,0.000,-0.006,-137.986,-242.537,361.411,-173.610,-1.810,113.257,1,-0.0000,-0.0000,0.0000,1
7669937,-0.121,-0.384,0.110,-0.011,0.001,-0.006,-137.986,-242.537,361.411,-173.610,-1.810,113.257,1,-0.0000,-0.0000,0.0000,1
7670031,-0.127,-0.375,0.015,-0.010,0.001,-0.003,-137.986,-242.537,361.411,-173.610,-1.810,113.257,1,-0.0000,-0.0000,0.0000,1
7670109,-0.189,-0.345,-0.184,-0.009,0.002,0.003,-137.986,-242.537,361.411,-173.610,-1.810,113.257,1,-0.0000,-0.0000,0.0000,1
7670187,-0.211,-0.338,-0.138,-0.009,0.003,0.002,-137.986,-242.537,361.411,-173.610,-1.810,113.257,1,0.0000,0.0000,-0.0000,1
7670296,-0.139,-0.378,0.089,-0.010,0.002,-0.005,-137.986,-242.537,361.411,-173.610,-1.810,113.257,1,0.0000,0.0000,-0.0000,1
7670406,-0.074,-0.403,0.201,-0.012,-0.000,-0.009,-137.986,-242.537,361.411,-173.610,-1.810,113.257,1,0.0000,0.0000,-0.0000,1
7670546,-0.083,-0.384,0.112,-0.012,-0.000,-0.008,-137.986,-242.537,361.411,-173.610,-1.810,113.257,1,0.0000,0.0000,-0.0000,1
7670593,-0.147,-0.336,-0.126,-0.012,0.001,0.001,-137.986,-242.537,361.411,-173.610,-1.810,113.257,1,0.0000,0.0000,-0.0000,1
7670640,-0.169,-0.322,-0.155,-0.011,0.002,0.003,-137.986,-242.537,361.411,-173.610,-1.810,113.257,1,0.0000,0.0000,-0.0000,1
7670718,-0.102,-0.380,0.097,-0.011,-0.000,-0.006,-137.986,-242.537,361.411,-173.610,-1.810,113.257,1,0.0000,0.0000,-0.0000,1
7670859,-0.052,-0.426,0.219,-0.012,-0.002,-0.012,-137.986,-242.537,361.411,-173.610,-1.810,113.257,1,0.0000,0.0000,-0.0000,1
7670953,-0.101,-0.396,0.053,-0.011,-0.001,-0.005,-137.986,-242.537,361.411,-173.610,-1.810,113.257,1,-0.0000,-0.0000,0.0000,1
7671062,-0.128,-0.361,-0.053,-0.011,0.000,-0.002,-137.986,-242.537,361.411,-173.610,-1.810,113.257,1,-0.0000,-0.0000,0.0000,1
7671140,-0.081,-0.372,0.084,-0.011,0.000,-0.007,-137.986,-242.537,361.411,-173.610,-1.810,113.257,1,-0.0000,-0.0000,0.0000,1
7671234,-0.082,-0.390,0.152,-0.011,0.000,-0.009,-137.986,-242.537,361.411,-173.610,-1.810,113.257,1,-0.0000,-0.0000,0.0000,1
7671312,-0.140,-0.397,0.043,-0.011,0.001,-0.003,-137.986,-242.537,361.411,-173.610,-1.810,113.257,1,-0.0000,-0.0000,0.0000,1
7671390,-0.178,-0.382,-0.080,-0.009,0.003,0.002,-137.986,-242.537,361.411,-173.610,-1.810,113.257,1,-0.0000,-0.0000,0.0000,1
7671500,-0.133,-0.381,-0.026,-0.010,0.001,-0.002,-137.986,-242.537,361.411,-173.610,-1.810,113.257,1,-0.0000,-0.0000,0.0000,1
7671609,-0.094,-0.395,0.045,-0.012,-0.001,-0.007,-137.986,-242.537,361.411,-173.610,-1.810,113.257,1,-0.0000,-0.0000,0.0000,1
7671750,-0.140,-0.375,-0.029,-0.011,-0.000,-0.002,-137.986,-242.537,361.411,-173.610,-1.810,113.257,1,-0.0000,-0.0000,0.0000,1
7671796,-0.155,-0.372,0.038,-0.009,0.000,-0.000,-137.986,-242.537,361.411,-173.610,-1.810,113.257,1,0.0000,0.0000,-0.0000,1
7671843,-0.107,-0.414,0.209,-0.010,0.000,-0.007,-137.986,-242.537,361.411,-173.610,-1.810,113.257,1,0.0000,0.0000,-0.0000,1
7671921,-0.075,-0.432,0.227,-0.012,0.001,-0.011,-137.986,-242.537,361.411,-173.610,-1.810,113.257,1,0.0000,0.0000,-0.0000,1
7672062,-0.095,-0.407,0.118,-0.011,0.001,-0.007,-137.986,-242.537,361.411,-173.610,-1.810,113.257,1,0.0000,0.0000,-0.0000,1
7672156,-0.112,-0.387,0.077,-0.010,0.000,-0.004,-137.986,-242.537,361.411,-173.610,-1.810,113.257,1,0.0000,0.0000,-0.0000,1
7672265,-0.097,-0.382,0.116,-0.010,-0.001,-0.005,-137.986,-242.537,361.411,-173.610,-1.810,113.257,1,0.0000,0.0000,-0.0000,1
7672343,-0.076,-0.391,0.164,-0.011,-0.001,-0.008,-137.986,-242.537,361.411,-173.610,-1.810,113.257,1,0.0000,0.0000,-0.0000,1
7672437,-0.088,-0.404,0.114,-0.012,0.000,-0.007,-137.986,-242.537,361.411,-173.610,-1.810,113.257,1,0.0000,0.0000,-0.0000,1
7672500,-0.129,-0.385,-0.103,-0.012,0.000,0.002,-137.986,-242.537,361.411,-173.610,-1.810,113.257,1,-0.0000,-0.0000,0.0000,1
7672593,-0.151,-0.362,-0.182,-0.010,0.000,0.006,-137.986,-242.537,361.411,-173.610,-1.810,113.257,1,-0.0000,-0.0000,0.0000,1
7672703,-0.143,-0.371,-0.030,-0.009,0.001,-0.000,-137.986,-242.537,361.411,-173.610,-1.810,113.257,1,-0.0000,-0.0000,0.0000,1
7672812,-0.125,-0.387,0.071,-0.009,0.001,-0.004,-137.986,-242.537,361.411,-173.610,-1.810,113.257,1,-0.0000,-0.0000,0.0000,1
7672953,-0.138,-0.385,-0.028,-0.010,0.001,-0.001,-137.986,-242.537,361.411,-173.610,-1.810,113.257,1,-0.0000,-0.0000,0.0000,1
7673000,-0.147,-0.388,-0.090,-0.011,0.001,-0.000,-137.986,-242.537,361.411,-173.610,-1.810,113.257,1,-0.0000,-0.0000,0.0000,1
7673046,-0.092,-0.406,0.103,-0.012,-0.000,-0.007,-137.986,-242.537,361.411,-173.610,-1.810,113.257,1,-0.0000,-0.0000,0.0000,1
7673109,-0.017,-0.441,0.275,-0.013,-0.002,-0.013,-137.986,-242.537,361.411,-173.610,-1.810,113.257,1,-0.0000,-0.0000,0.0000,1
7673250,0.020,-0.481,0.259,-0.015,-0.002,-0.013,-137.986,-242.537,361.411,-173.610,-1.810,113.257,1,-0.0000,-0.0000,0.0000,1
7673343,-0.037,-0.467,0.136,-0.014,-0.001,-0.007,-137.986,-242.537,361.411,-173.610,-1.810,113.257,1,0.0000,0.0000,-0.0000,1
7673453,-0.140,-0.410,-0.002,-0.011,0.001,0.000,-137.986,-242.537,361.411,-173.610,-1.810,113.257,1,0.0000,0.0000,-0.0000,1
7673546,-0.150,-0.392,0.013,-0.010,0.001,0.000,-137.986,-242.537,361.411,-173.610,-1.810,113.257,1,0.0000,0.0000,-0.0000,1
7673640,-0.104,-0.405,0.099,-0.011,-0.000,-0.005,-137.986,-242.537,361.411,-173.610,-1.810,113.257,1,0.0000,0.0000,-0.0000,1
7673718,-0.090,-0.402,0.111,-0.012,-0.000,-0.007,-137.986,-242.537,361.411,-173.610,-1.810,113.257,1,0.0000,0.0000,-0.0000,1
7673796,-0.118,-0.376,0.020,-0.012,0.001,-0.003,-137.986,-242.537,361.411,-173.610,-1.810,113.257,1,0.0000,0.0000,-0.0000,1
7673906,-0.127,-0.365,-0.050,-0.011,0.001,-0.001,-137.986,-242.537,361.411,-173.610,-1.810,113.257,1,0.0000,0.0000,-0.0000,1
7674015,-0.095,-0.390,0.010,-0.012,0.000,-0.005,-137.986,-242.537,361.411,-173.610,-1.810,113.257,1,0.0000,0.0000,-0.0000,1
7674140,-0.106,-0.392,-0.028,-0.012,-0.000,-0.003,-137.986,-242.537,361.411,-173.610,-1.810,113.257,1,-0.0000,-0.0000,0.0000,1
7674187,-0.120,-0.381,-0.059,-0.011,-0.001,-0.001,-137.986,-242.537,361.411,-173.610,-1.810,113.257,1,-0.0000,-0.0000,0.0000,1
7674234,-0.103,-0.399,0.083,-0.011,-0.000,-0.005,-137.986,-242.537,361.411,-173.610,-1.810,113.257,1,-0.0000,-0.0000,0.0000,1
7674312,-0.098,-0.406,0.158,-0.011,0.000,-0.007,-137.986,-242.537,361.411,-173.610,-1.810,113.257,1,-0.0000,-0.0000,0.0000,1
7674453,-0.098,-0.406,0.128,-0.011,0.000,-0.005,-137.986,-242.537,361.411,-173.610,-1.810,113.257,1,-0.0000,-0.0000,0.0000,1
7674546,-0.090,-0.417,0.071,-0.012,0.000,-0.005,-137.986,-242.537,361.411,-173.610,-1.810,113.257,1,-0.0000,-0.0000,0.0000,1
7674656,-0.067,-0.431,0.076,-0.013,-0.000,-0.008,-137.986,-242.537,361.411,-173.610,-1.810,113.257,1,-0.0000,-0.0000,0.0000,1
7674734,-0.030,-0.453,0.192,-0.014,-0.001,-0.012,-137.986,-242.537,361.411,-173.610,-1.810,113.257,1,-0.0000,-0.0000,0.0000,1
7674828,-0.054,-0.439,0.158,-0.013,-0.000,-0.009,-137.986,-242.537,361.411,-173.610,-1.810,113.257,1,-0.0000,-0.0000,0.0000,1
7674906,-0.111,-0.391,-0.034,-0.012,0.000,-0.002,-137.986,-242.537,361.411,-173.610,-1.810,113.257,1,0.0000,0.0000,-0.0000,1
7674984,-0.112,-0.379,-0.143,-0.012,-0.001,0.002,-137.986,-242.537,361.411,-173.610,-1.810,113.257,1,0.0000,0.0000,-0.0000,1
7675093,-0.085,-0.399,-0.057,-0.011,-0.001,-0.000,-137.986,-242.537,361.411,-173.610,-1.810,113.257,1,0.0000,0.0000,-0.0000,1
7675203,-0.079,-0.418,0.140,-0.011,-0.001,-0.007,-137.986,-242.537,361.411,-173.610,-1.810,113.257,1,0.0000,0.0000,-0.0000,1
7675343,-0.119,-0.435,0.120,-0.011,-0.000,-0.006,-137.986,-242.537,361.411,-173.610,-1.810,113.257,1,0.0000,0.0000,-0.0000,1
7675390,-0.111,-0.461,-0.025,-0.014,-0.002,-0.003,-137.986,-242.537,361.411,-173.610,-1.810,113.257,1,0.0000,0.0000,-0.0000,1
7675437,-0.045,-0.479,0.057,-0.016,-0.002,-0.007,-137.986,-242.537,361.411,-173.610,-1.810,113.257,1,0.0000,0.0000,-0.0000,1
7675515,-0.044,-0.439,0.182,-0.013,-0.001,-0.009,-137.986,-242.537,361.411,-173.610,-1.810,113.257,1,0.0000,0.0000,-0.0000,1
7675656,-0.087,-0.363,0.129,-0.009,-0.000,-0.006,-137.986,-242.537,361.411,-173.610,-1.810,113.257,1,-0.0000,-0.0000,0.0000,1
7675750,-0.064,-0.346,0.091,-0.009,-0.001,-0.007,-137.986,-242.537,361.411,-173.610,-1.810,113.257,1,-0.0000,-0.0000,0.0000,1
7675796,-0.074,-0.365,0.032,-0.011,-0.000,-0.005,-137.986,-242.537,361.411,-173.610,-1.810,113.257,1,-0.0000,-0.0000,0.0000,1
7675875,-0.157,-0.383,-0.034,-0.009,0.001,0.002,-137.986,-242.537,361.411,-173.610,-1.810,113.257,1,-0.0000,-0.0000,0.0000,1
7675953,-0.159,-0.417,0.066,-0.009,0.001,-0.000,-137.986,-242.537,361.411,-173.610,-1.810,113.257,1,-0.0000,-0.0000,0.0000,1
7676046,-0.121,-0.441,0.160,-0.010,0.002,-0.005,-137.986,-242.537,361.411,-173.610,-1.810,113.257,1,-0.0000,-0.0000,0.0000,1
7676125,-0.106,-0.438,0.163,-0.010,0.002,-0.006,-137.986,-242.537,361.411,-173.610,-1.810,113.257,1,-0.0000,-0.0000,0.0000,1
7676203,-0.101,-0.416,0.094,-0.011,0.000,-0.006,-137.986,-242.537,361.411,-173.610,-1.810,113.257,1,-0.0000,-0.0000,0.0000,1
7676312,-0.106,-0.411,-0.000,-0.013,0.000,-0.005,-137.986,-242.537,361.411,-173.610,-1.810,113.257,1,-0.0000,-0.0000,0.0000,1
7676421,-0.095,-0.411,0.023,-0.013,0.000,-0.006,-137.986,-242.537,361.411,-173.610,-1.810,113.257,1,0.0000,0.0000,-0.0000,1
7676562,-0.080,-0.406,0.113,-0.012,-0.000,-0.007,-137.986,-242.537,361.411,-173.610,-1.810,113.257,1,0.0000,0.0000,-0.0000,1
7676609,-0.087,-0.412,0.153,-0.011,0.000,-0.008,-137.986,-242.537,361.411,-173.610,-1.810,113.257,1,0.0000,0.0000,-0.0000,1
7676656,-0.131,-0.392,0.050,-0.010,0.002,-0.003,-137.986,-242.537,361.411,-173.610,-1.810,113.257,1,0.0000,0.0000,-0.0000,1
7676734,-0.188,-0.353,-0.165,-0.009,0.003,0.006,-137.986,-242.537,361.411,-173.610,-1.810,113.257,1,0.0000,0.0000,-0.0000,1
7676875,-0.193,-0.366,-0.153,-0.009,0.002,0.004,-137.986,-242.537,361.411,-173.610,-1.810,113.257,1,0.0000,0.0000,-0.0000,1
7676968,-0.127,-0.393,0.115,-0.009,0.000,-0.006,-137.986,-242.537,361.411,-173.610,-1.810,113.257,1,0.0000,0.0000,-0.0000,1
7677078,-0.088,-0.367,0.186,-0.010,-0.001,-0.008,-137.986,-242.537,361.411,-173.610,-1.810,113.257,1,0.0000,0.0000,-0.0000,1
7677156,-0.138,-0.342,-0.047,-0.010,0.001,0.001,-137.986,-242.537,361.411,-173.610,-1.810,113.257,1,-0.0000,-0.0000,0.0000,1
7677250,-0.162,-0.358,-0.136,-0.009,0.002,0.004,-137.986,-242.537,361.411,-173.610,-1.810,113.257,1,-0.0000,-0.0000,0.0000,1
7677328,-0.109,-0.392,0.051,-0.011,0.001,-0.004,-137.986,-242.537,361.411,-173.610,-1.810,113.257,1,-0.0000,-0.0000,0.0000,1
7677406,-0.079,-0.409,0.148,-0.012,0.000,-0.008,-137.986,-242.537,361.411,-173.610,-1.810,113.257,1,-0.0000,-0.0000,0.0000,1
7677515,-0.100,-0.386,0.057,-0.011,0.001,-0.005,-137.986,-242.537,361.411,-173.610,-1.810,113.257,1,-0.0000,-0.0000,0.0000,1
7677625,-0.117,-0.360,-0.003,-0.010,0.002,-0.002,-137.986,-242.537,361.411,-173.610,-1.810,113.257,1,-0.0000,-0.0000,0.0000,1
7677750,-0.104,-0.384,0.065,-0.010,0.001,-0.004,-137.986,-242.537,361.411,-173.610,-1.810,113.257,1,-0.0000,-0.0000,0.0000,1
7677812,-0.078,-0.415,0.149,-0.011,-0.000,-0.007,-137.986,-242.537,361.411,-173.610,-1.810,113.257,1,-0.0000,-0.0000,0.0000,1
7677937,-0.068,-0.408,0.110,-0.011,-0.000,-0.007,-137.986,-242.537,361.411,-173.610,-1.810,113.257,1,-0.0000,0.0000,0.0000,1
7678062,-0.087,-0.379,-0.053,-0.012,0.001,-0.004,-137.986,-242.537,361.411,-173.610,-1.810,113.257,1,0.0000,0.0000,-0.0000,1
7678156,-0.086,-0.366,-0.079,-0.013,0.001,-0.003,-137.986,-242.537,361.411,-173.610,-1.810,113.257,1,0.0000,0.0000,-0.0000,1
7678265,-0.098,-0.388,0.031,-0.012,0.002,-0.003,-137.986,-242.537,361.411,-173.610,-1.810,113.257,1,0.0000,0.0000,-0.0000,1
7678343,-0.165,-0.396,-0.020,-0.010,0.003,0.002,-137.986,-242.537,361.411,-173.610,-1.810,113.257,1,0.0000,0.0000,-0.0000,1
7678437,-0.166,-0.395,-0.018,-0.011,0.002,0.000,-137.986,-242.537,361.411,-173.610,-1.810,113.257,1,0.0000,0.0000,-0.0000,1
7678515,-0.093,-0.411,0.143,-0.012,-0.000,-0.008,-137.986,-242.537,361.411,-173.610,-1.810,113.257,1,0.0000,0.0000,-0.0000,1
7678593,-0.072,-0.403,0.151,-0.011,-0.001,-0.009,-137.986,-242.537,361.411,-173.610,-1.810,113.257,1,0.0000,0.0000,-0.0000,1
7678703,-0.082,-0.391,0.135,-0.010,-0.000,-0.007,-137.986,-242.537,361.411,-173.610,-1.810,113.257,1,0.0000,0.0000,-0.0000,1
7678812,-0.077,-0.401,0.198,-0.010,-0.001,-0.008,-137.986,-242.537,361.411,-173.610,-1.810,113.257,1,-0.0000,-0.0000,0.0000,1
7678953,-0.078,-0.415,0.142,-0.011,-0.001,-0.007,-137.986,-242.537,361.411,-173.610,-1.810,113.257,1,-0.0000,-0.0000,0.0000,1
7679000,-0.108,-0.410,0.055,-0.011,0.000,-0.005,-137.986,-242.537,361.411,-173.610,-1.810,113.257,1,-0.0000,-0.0000,0.0000,1
7679046,-0.123,-0.387,0.036,-0.009,0.001,-0.003,-137.986,-242.537,361.411,-173.610,-1.810,113.257,1,-0.0000,-0.0000,0.0000,1
7679125,-0.079,-0.403,0.103,-0.011,-0.001,-0.006,-137.986,-242.537,361.411,-173.610,-1.810,113.257,1,-0.0000,-0.0000,0.0000,1
7679265,-0.053,-0.416,0.250,-0.012,-0.002,-0.012,-137.986,-242.537,361.411,-173.610,-1.810,113.257,1,-0.0000,-0.0000,0.0000,1
7679359,-0.075,-0.395,0.198,-0.012,-0.001,-0.009,-137.986,-242.537,361.411,-173.610,-1.810,113.257,1,-0.0000,-0.0000,0.0000,1
7679468,-0.124,-0.393,-0.082,-0.012,-0.000,0.001,-137.986,-242.537,361.411,-173.610,-1.810,113.257,1,-0.0000,-0.0000,0.0000,1
7679546,-0.140,-0.391,-0.088,-0.011,0.001,0.001,-137.986,-242.537,361.411,-173.610,-1.810,113.257,1,0.0000,0.0000,0.0000,1
7679640,-0.103,-0.391,0.168,-0.011,0.001,-0.008,-137.986,-242.537,361.411,-173.610,-1.810,113.257,1,0.0000,0.0000,-0.0000,1
7679718,-0.082,-0.412,0.192,-0.012,-0.000,-0.009,-137.986,-242.537,361.411,-173.610,-1.810,113.257,1,0.0000,0.0000,-0.0000,1
7679796,-0.074,-0.438,0.052,-0.014,-0.001,-0.006,-137.986,-242.537,361.411,-173.610,-1.810,113.257,1,0.0000,0.0000,-0.0000,1
7679906,-0.043,-0.446,0.062,-0.014,-0.001,-0.008,-137.986,-242.537,361.411,-173.610,-1.810,113.257,1,0.0000,0.0000,-0.0000,1
7680015,-0.038,-0.424,0.162,-0.013,-0.001,-0.011,-137.986,-242.537,361.411,-173.610,-1.810,113.257,1,0.0000,0.0000,-0.0000,1
7680156,-0.088,-0.385,0.128,-0.011,0.000,-0.006,-137.986,-242.537,361.411,-173.610,-1.810,113.257,1,0.0000,0.0000,-0.0000,1
7680203,-0.118,-0.365,0.056,-0.008,0.001,-0.001,-137.986,-242.537,361.411,-173.610,-1.810,113.257,1,0.0000,0.0000,-0.0000,1
7680250,-0.121,-0.378,0.032,-0.008,0.001,-0.001,-137.986,-242.537,361.411,-173.610,-1.810,113.257,1,0.0000,0.0000,-0.0000,1
7680328,-0.107,-0.399,0.068,-0.011,0.001,-0.004,-137.986,-242.537,361.411,-173.610,-1.810,113.257,1,-0.0000,-0.0000,0.0000,1
7680468,-0.056,-0.426,0.204,-0.013,0.000,-0.011,-137.986,-242.537,361.411,-173.610,-1.810,113.257,1,-0.0000,-0.0000,0.0000,1
7680562,-0.047,-0.437,0.230,-0.013,-0.000,-0.013,-137.986,-242.537,361.411,-173.610,-1.810,113.257,1,-0.0000,-0.0000,0.0000,1
7680671,-0.070,-0.400,0.119,-0.012,-0.000,-0.007,-137.986,-242.537,361.411,-173.610,-1.810,113.257,1,-0.0000,-0.0000,0.0000,1
7680750,-0.084,-0.366,0.044,-0.011,0.000,-0.004,-137.986,-242.537,361.411,-173.610,-1.810,113.257,1,-0.0000,-0.0000,0.0000,1
7680843,-0.115,-0.372,0.031,-0.009,0.001,-0.002,-137.986,-242.537,361.411,-173.610,-1.810,113.257,1,-0.0000,-0.0000,0.0000,1
7680921,-0.121,-0.381,0.064,-0.008,0.001,-0.002,-137.986,-242.537,361.411,-173.610,-1.810,113.257,1,-0.0000,-0.0000,0.0000,1
7681000,-0.101,-0.394,0.119,-0.010,0.000,-0.005,-137.986,-242.537,361.411,-173.610,-1.810,113.257,1,-0.0000,-0.0000,0.0000,1
7681109,-0.071,-0.419,0.163,-0.012,-0.001,-0.008,-137.986,-242.537,361.411,-173.610,-1.810,113.257,1,0.0000,0.0000,-0.0000,1
7681218,-0.042,-0.440,0.142,-0.014,-0.002,-0.010,-137.986,-242.537,361.411,-173.610,-1.810,113.257,1,0.0000,0.0000,-0.0000,1
7681359,-0.059,-0.439,0.049,-0.015,-0.002,-0.008,-137.986,-242.537,361.411,-173.610,-1.810,113.257,1,0.0000,0.0000,-0.0000,1
7681406,-0.099,-0.421,0.050,-0.013,-0.000,-0.007,-137.986,-242.537,361.411,-173.610,-1.810,113.257,1,0.0000,0.0000,-0.0000,1
7681453,-0.111,-0.389,0.034,-0.010,0.001,-0.004,-137.986,-242.537,361.411,-173.610,-1.810,113.257,1,0.0000,0.0000,-0.0000,1
7681531,-0.098,-0.348,-0.163,-0.010,0.001,0.003,-137.986,-242.537,361.411,-173.610,-1.810,113.257,1,0.0000,0.0000,-0.0000,1
7681671,-0.108,-0.339,-0.166,-0.009,0.002,0.004,-137.986,-242.537,361.411,-173.610,-1.810,113.257,1,0.0000,0.0000,-0.0000,1
7681765,-0.107,-0.372,0.079,-0.008,0.001,-0.004,-137.986,-242.537,361.411,-173.610,-1.810,113.257,1,0.0000,0.0000,-0.0000,1
7681875,-0.091,-0.403,0.068,-0.010,0.000,-0.005,-137.986,-242.537,361.411,-173.610,-1.810,113.257,1,0.0000,0.0000,-0.0000,1
7681953,-0.129,-0.368,-0.170,-0.011,0.000,0.003,-137.986,-242.537,361.411,-173.610,-1.810,113.257,1,-0.0000,-0.0000,0.0000,1
7682046,-0.176,-0.330,-0.127,-0.008,0.002,0.004,-137.986,-242.537,361.411,-173.610,-1.810,113.257,1,-0.0000,-0.0000,0.0000,1
7682125,-0.149,-0.365,0.130,-0.008,0.002,-0.004,-137.986,-242.537,361.411,-173.610,-1.810,113.257,1,-0.0000,-0.0000,0.0000,1
7682203,-0.094,-0.413,0.181,-0.011,0.000,-0.008,-137.986,-242.537,361.411,-173.610,-1.810,113.257,1,-0.0000,-0.0000,0.0000,1
7682312,-0.081,-0.451,0.134,-0.012,0.000,-0.007,-137.986,-242.537,361.411,-173.610,-1.810,113.257,1,-0.0000,-0.0000,0.0000,1
7682421,-0.081,-0.469,0.166,-0.012,0.001,-0.009,-137.986,-242.537,361.411,-173.610,-1.810,113.257,1,-0.0000,-0.0000,0.0000,1
7682562,-0.066,-0.436,0.151,-0.011,-0.000,-0.010,-137.986,-242.537,361.411,-173.610,-1.810,113.257,1,-0.0000,-0.0000,0.0000,1
7682609,-0.089,-0.380,0.023,-0.010,-0.000,-0.004,-137.986,-242.537,361.411,-173.610,-1.810,113.257,1,-0.0000,-0.0000,0.0000,1
7682656,-0.130,-0.356,-0.057,-0.009,0.001,0.001,-137.986,-242.537,361.411,-173.610,-1.810,113.257,1,0.0000,0.0000,-0.0000,1
7682734,-0.147,-0.378,-0.017,-0.009,0.001,0.001,-137.986,-242.537,361.411,-173.610,-1.810,113.257,1,0.0000,0.0000,-0.0000,1
7682875,-0.151,-0.385,-0.050,-0.011,0.000,0.002,-137.986,-242.537,361.411,-173.610,-1.810,113.257,1,0.0000,0.0000,-0.0000,1
7682968,-0.119,-0.372,-0.089,-0.012,-0.001,0.001,-137.986,-242.537,361.411,-173.610,-1.810,113.257,1,0.0000,0.0000,-0.0000,1
7683078,-0.107,-0.362,-0.060,-0.010,0.000,-0.001,-137.986,-242.537,361.411,-173.610,-1.810,113.257,1,0.0000,0.0000,-0.0000,1
7683156,-0.136,-0.341,-0.074,-0.008,0.001,0.002,-137.986,-242.537,361.411,-173.610,-1.810,113.257,1,0.0000,0.0000,-0.0000,1
7683250,-0.167,-0.316,-0.108,-0.007,0.001,0.005,-137.986,-242.537,361.411,-173.610,-1.810,113.257,1,0.0000,0.0000,-0.0000,1
7683328,-0.159,-0.332,-0.062,-0.008,0.001,0.003,-137.986,-242.537,361.411,-173.610,-1.810,113.257,1,0.0000,0.0000,-0.0000,1
7683406,-0.127,-0.359,0.008,-0.009,0.001,-0.001,-137.986,-242.537,361.411,-173.610,-1.810,113.257,1,0.0000,0.0000,-0.0000,1
7683515,-0.164,-0.354,-0.038,-0.008,0.002,0.001,-137.986,-242.537,361.411,-173.610,-1.810,113.257,1,-0.0000,-0.0000,0.0000,1
7683625,-0.210,-0.349,-0.108,-0.008,0.003,0.004,-137.986,-242.537,361.411,-173.610,-1.810,113.257,1,-0.0000,-0.0000,0.0000,1
7683765,-0.169,-0.373,-0.016,-0.010,0.002,-0.001,-137.986,-242.537,361.411,-173.610,-1.810,113.257,1,-0.0000,-0.0000,0.0000,1
7683812,-0.076,-0.421,0.204,-0.013,-0.000,-0.011,-137.986,-242.537,361.411,-173.610,-1.810,113.257,1,-0.0000,-0.0000,0.0000,1
7683859,-0.036,-0.428,0.259,-0.014,-0.001,-0.014,-137.986,-242.537,361.411,-173.610,-1.810,113.257,1,-0.0000,-0.0000,0.0000,1
7683937,-0.067,-0.400,0.148,-0.012,-0.000,-0.008,-137.986,-242.537,361.411,-173.610,-1.810,113.257,1,-0.0000,-0.0000,0.0000,1
7684078,-0.126,-0.363,0.039,-0.010,0.001,-0.003,-137.986,-242.537,361.411,-173.610,-1.810,113.257,1,-0.0000,-0.0000,0.0000,1
7684171,-0.180,-0.318,-0.042,-0.008,0.002,0.001,-137.986,-242.537,361.411,-173.610,-1.810,113.257,1,-0.0000,-0.0000,0.0000,1
7684281,-0.175,-0.328,-0.058,-0.008,0.002,0.001,-137.986,-242.537,361.411,-173.610,-1.810,113.257,1,0.0000,0.0000,-0.0000,1
7684359,-0.137,-0.388,-0.021,-0.011,0.000,-0.002,-137.986,-242.537,361.411,-173.610,-1.810,113.257,1,0.0000,0.0000,-0.0000,1
7684453,-0.141,-0.401,0.032,-0.011,0.000,-0.004,-137.986,-242.537,361.411,-173.610,-1.810,113.257,1,0.0000,0.0000,-0.0000,1
7684531,-0.135,-0.379,0.084,-0.010,0.001,-0.005,-137.986,-242.537,361.411,-173.610,-1.810,113.257,1,0.0000,0.0000,-0.0000,1
7684609,-0.056,-0.421,0.189,-0.012,0.000,-0.010,-137.986,-242.537,361.411,-173.610,-1.810,113.257,1,0.0000,0.0000,-0.0000,1
7684718,-0.051,-0.433,0.166,-0.012,0.000,-0.010,-137.986,-242.537,361.411,-173.610,-1.810,113.257,1,0.0000,0.0000,-0.0000,1
7684828,-0.102,-0.376,0.054,-0.010,0.000,-0.004,-137.986,-242.537,361.411,-173.610,-1.810,113.257,1,0.0000,0.0000,-0.0000,1
7684968,-0.095,-0.353,0.014,-0.010,-0.000,-0.005,-137.986,-242.537,361.411,-173.610,-1.810,113.257,1,0.0000,0.0000,-0.0000,1
7685015,-0.124,-0.343,-0.072,-0.009,0.001,-0.001,-137.986,-242.537,361.411,-173.610,-1.810,113.257,1,0.0000,0.0000,-0.0000,1
7685062,-0.160,-0.335,-0.121,-0.008,0.001,0.004,-137.986,-242.537,361.411,-173.610,-1.810,113.257,1,-0.0000,-0.0000,0.0000,1
7685140,-0.155,-0.348,-0.130,-0.009,0.002,0.003,-137.986,-242.537,361.411,-173.610,-1.810,113.257,1,-0.0000,-0.0000,0.0000,1
7685281,-0.161,-0.361,-0.101,-0.009,0.003,0.002,-137.986,-242.537,361.411,-173.610,-1.810,113.257,1,-0.0000,-0.0000,0.0000,1
7685375,-0.123,-0.368,0.044,-0.010,0.002,-0.003,-137.986,-242.537,361.411,-173.610,-1.810,113.257,1,-0.0000,-0.0000,0.0000,1
7685484,-0.070,-0.380,0.188,-0.012,-0.001,-0.010,-137.986,-242.537,361.411,-173.610,-1.810,113.257,1,-0.0000,-0.0000,0.0000,1
7685562,-0.082,-0.400,0.161,-0.012,-0.001,-0.009,-137.986,-242.537,361.411,-173.610,-1.810,113.257,1,-0.0000,-0.0000,0.0000,1
7685656,-0.109,-0.386,0.069,-0.011,0.000,-0.004,-137.986,-242.537,361.411,-173.610,-1.810,113.257,1,-0.0000,-0.0000,0.0000,1
7685734,-0.124,-0.339,0.059,-0.009,0.001,-0.001,-137.986,-242.537,361.411,-173.610,-1.810,113.257,1,-0.0000,-0.0000,0.0000,1
7685812,-0.140,-0.332,0.074,-0.007,0.003,-0.001,-137.986,-242.537,361.411,-173.610,-1.810,113.257,1,0.0000,0.0000,-0.0000,1
7685921,-0.135,-0.375,0.103,-0.008,0.002,-0.004,-137.986,-242.537,361.411,-173.610,-1.810,113.257,1,0.0000,0.0000,-0.0000,1
7686031,-0.094,-0.391,0.082,-0.012,0.000,-0.006,-137.986,-242.537,361.411,-173.610,-1.810,113.257,1,0.0000,0.0000,-0.0000,1
7686171,-0.074,-0.357,-0.051,-0.012,-0.000,-0.001,-137.986,-242.537,361.411,-173.610,-1.810,113.257,1,0.0000,0.0000,-0.0000,1
7686218,-0.090,-0.349,-0.071,-0.010,0.000,0.000,-137.986,-242.537,361.411,-173.610,-1.810,113.257,1,0.0000,0.0000,-0.0000,1
7686265,-0.096,-0.378,0.048,-0.011,0.001,-0.005,-137.986,-242.537,361.411,-173.610,-1.810,113.257,1,0.0000,0.0000,-0.0000,1
7686343,-0.132,-0.356,0.008,-0.011,0.002,-0.004,-137.986,-242.537,361.411,-173.610,-1.810,113.257,1,0.0000,0.0000,-0.0000,1
7686468,-0.128,-0.336,-0.004,-0.009,0.001,-0.002,-137.986,-242.537,361.411,-173.610,-1.810,113.257,1,0.0000,0.0000,-0.0000,1
7686562,-0.075,-0.360,0.152,-0.010,-0.000,-0.007,-137.986,-242.537,361.411,-173.610,-1.810,113.257,1,0.0000,0.0000,-0.0000,1
7686687,-0.093,-0.355,0.210,-0.009,0.000,-0.008,-137.986,-242.537,361.411,-173.610,-1.810,113.257,1,-0.0000,-0.0000,0.0000,1
7686765,-0.122,-0.324,-0.007,-0.009,0.002,-0.001,-137.986,-242.537,361.411,-173.610,-1.810,113.257,1,-0.0000,-0.0000,0.0000,1
7686859,-0.125,-0.296,-0.293,-0.009,0.001,0.008,-137.986,-242.537,361.411,-173.610,-1.810,113.257,1,-0.0000,-0.0000,0.0000,1
7686937,-0.135,-0.322,-0.205,-0.010,0.001,0.005,-137.986,-242.537,361.411,-173.610,-1.810,113.257,1,-0.0000,-0.0000,0.0000,1
7687015,-0.111,-0.388,0.116,-0.011,0.000,-0.007,-137.986,-242.537,361.411,-173.610,-1.810,113.257,1,-0.0000,-0.0000,0.0000,1
7687125,-0.077,-0.401,0.230,-0.012,-0.000,-0.011,-137.986,-242.537,361.411,-173.610,-1.810,113.257,1,-0.0000,-0.0000,0.0000,1
7687218,-0.090,-0.378,0.131,-0.011,0.000,-0.006,-137.986,-242.537,361.411,-173.610,-1.810,113.257,1,-0.0000,-0.0000,0.0000,1
7687359,-0.116,-0.361,-0.024,-0.011,0.000,-0.003,-137.986,-242.537,361.411,-173.610,-1.810,113.257,1,-0.0000,-0.0000,0.0000,1
7687406,-0.091,-0.342,-0.080,-0.009,-0.000,-0.004,-137.986,-242.537,361.411,-173.610,-1.810,113.257,1,0.0000,0.0000,-0.0000,1
7687453,-0.045,-0.339,0.002,-0.010,-0.002,-0.007,-137.986,-242.537,361.411,-173.610,-1.810,113.257,1,0.0000,0.0000,-0.0000,1
7687531,-0.073,-0.357,0.059,-0.011,-0.002,-0.006,-137.986,-242.537,361.411,-173.610,-1.810,113.257,1,0.0000,0.0000,-0.0000,1
7687671,-0.142,-0.392,0.097,-0.010,0.002,-0.004,-137.986,-242.537,361.411,-173.610,-1.810,113.257,1,0.0000,0.0000,-0.0000,1
7687765,-0.143,-0.422,0.132,-0.009,0.002,-0.006,-137.986,-242.537,361.411,-173.610,-1.810,113.257,1,0.0000,0.0000,-0.0000,1
7687875,-0.117,-0.395,0.011,-0.010,0.001,-0.004,-137.986,-242.537,361.411,-173.610,-1.810,113.257,1,0.0000,0.0000,-0.0000,1
7687953,-0.143,-0.337,-0.098,-0.010,0.001,0.001,-137.986,-242.537,361.411,-173.610,-1.810,113.257,1,0.0000,0.0000,-0.0000,1
7688046,-0.124,-0.336,0.058,-0.010,0.000,-0.002,-137.986,-242.537,361.411,-173.610,-1.810,113.257,1,0.0000,0.0000,-0.0000,1
7688125,-0.073,-0.381,0.194,-0.011,-0.001,-0.008,-137.986,-242.537,361.411,-173.610,-1.810,113.257,1,0.0000,0.0000,-0.0000,1
7688203,-0.090,-0.396,0.147,-0.011,-0.001,-0.008,-137.986,-242.537,361.411,-173.610,-1.810,113.257,1,-0.0000,-0.0000,0.0000,1
7688312,-0.126,-0.400,0.132,-0.010,0.000,-0.007,-137.986,-242.537,361.411,-173.610,-1.810,113.257,1,-0.0000,-0.0000,0.0000,1
7688421,-0.140,-0.406,0.164,-0.009,0.001,-0.007,-137.986,-242.537,361.411,-173.610,-1.810,113.257,1,-0.0000,-0.0000,0.0000,1
7688562,-0.137,-0.391,0.148,-0.010,0.001,-0.007,-137.986,-242.537,361.411,-173.610,-1.810,113.257,1,-0.0000,-0.0000,0.0000,1
7688609,-0.155,-0.343,0.052,-0.009,0.001,-0.003,-137.986,-242.537,361.411,-173.610,-1.810,113.257,1,-0.0000,-0.0000,0.0000,1
7688656,-0.173,-0.316,-0.030,-0.009,0.002,-0.000,-137.986,-242.537,361.411,-173.610,-1.810,113.257,1,-0.0000,-0.0000,0.0000,1
7688734,-0.161,-0.339,-0.046,-0.011,0.001,-0.001,-137.986,-242.537,361.411,-173.610,-1.810,113.257,1,-0.0000,-0.0000,0.0000,1
7688875,-0.149,-0.355,-0.099,-0.011,0.001,0.000,-137.986,-242.537,361.411,-173.610,-1.810,113.257,1,-0.0000,-0.0000,0.0000,1
7688968,-0.105,-0.377,-0.055,-0.011,-0.000,-0.001,-137.986,-242.537,361.411,-173.610,-1.810,113.257,1,0.0000,0.0000,-0.0000,1
7689078,-0.086,-0.398,0.115,-0.012,-0.000,-0.007,-137.986,-242.537,361.411,-173.610,-1.810,113.257,1,0.0000,0.0000,-0.0000,1
7689156,-0.126,-0.380,0.122,-0.011,0.000,-0.005,-137.986,-242.537,361.411,-173.610,-1.810,113.257,1,0.0000,0.0000,-0.0000,1
7689250,-0.153,-0.338,-0.024,-0.010,0.001,-0.000,-137.986,-242.537,361.411,-173.610,-1.810,113.257,1,0.0000,0.0000,-0.0000,1
7689328,-0.149,-0.335,-0.031,-0.009,0.001,-0.001,-137.986,-242.537,361.411,-173.610,-1.810,113.257,1,0.0000,0.0000,-0.0000,1
7689406,-0.126,-0.372,0.096,-0.010,0.001,-0.005,-137.986,-242.537,361.411,-173.610,-1.810,113.257,1,0.0000,0.0000,-0.0000,1
7689515,-0.133,-0.363,0.089,-0.009,0.000,-0.004,-137.986,-242.537,361.411,-173.610,-1.810,113.257,1,0.0000,0.0000,-0.0000,1
7689625,-0.149,-0.348,0.078,-0.009,0.001,-0.003,-137.986,-242.537,361.411,-173.610,-1.810,113.257,1,0.0000,0.0000,-0.0000,1
7689765,-0.121,-0.394,0.232,-0.010,0.001,-0.008,-137.986,-242.537,361.411,-173.610,-1.810,113.257,1,0.0000,0.0000,-0.0000,1
7689812,-0.112,-0.402,0.169,-0.011,0.002,-0.008,-137.986,-242.537,361.411,-173.610,-1.810,113.257,1,-0.0000,-0.0000,0.0000,1
7689859,-0.164,-0.344,-0.106,-0.010,0.002,0.002,-137.986,-242.537,361.411,-173.610,-1.810,113.257,1,-0.0000,-0.0000,0.0000,1
7689937,-0.236,-0.337,-0.198,-0.008,0.003,0.007,-137.986,-242.537,361.411,-173.610,-1.810,113.257,1,-0.0000,-0.0000,0.0000,1
7690078,-0.250,-0.350,-0.142,-0.008,0.003,0.005,-137.986,-242.537,361.411,-173.610,-1.810,113.257,1,-0.0000,-0.0000,0.0000,1
7690171,-0.185,-0.325,-0.067,-0.007,0.002,0.003,-137.986,-242.537,361.411,-173.610,-1.810,113.257,1,-0.0000,-0.0000,0.0000,1
7690281,-0.154,-0.317,-0.027,-0.007,0.001,0.001,-137.986,-242.537,361.411,-173.610,-1.810,113.257,1,-0.0000,-0.0000,0.0000,1
7690359,-0.168,-0.339,0.013,-0.009,0.001,-0.001,-137.986,-242.537,361.411,-173.610,-1.810,113.257,1,-0.0000,-0.0000,0.0000,1
7690453,-0.120,-0.384,0.141,-0.011,0.000,-0.007,-137.986,-242.537,361.411,-173.610,-1.810,113.257,1,-0.0000,-0.0000,0.0000,1
7690531,-0.094,-0.392,0.189,-0.012,0.000,-0.010,-137.986,-242.537,361.411,-173.610,-1.810,113.257,1,0.0000,0.0000,-0.0000,1
7690609,-0.117,-0.355,0.123,-0.010,0.001,-0.007,-137.986,-242.537,361.411,-173.610,-1.810,113.257,1,0.0000,0.0000,-0.0000,1
7690718,-0.048,-0.342,0.057,-0.011,-0.000,-0.005,-137.986,-242.537,361.411,-173.610,-1.810,113.257,1,0.0000,0.0000,-0.0000,1
7690828,0.008,-0.336,0.044,-0.013,-0.001,-0.006,-137.986,-242.537,361.411,-173.610,-1.810,113.257,1,0.0000,0.0000,-0.0000,1
7690968,-0.059,-0.368,0.073,-0.013,-0.001,-0.006,-137.986,-242.537,361.411,-173.610,-1.810,113.257,1,0.0000,0.0000,-0.0000,1
7691015,-0.113,-0.424,0.070,-0.013,-0.001,-0.007,-137.986,-242.537,361.411,-173.610,-1.810,113.257,1,0.0000,0.0000,-0.0000,1
7691062,-0.087,-0.445,0.076,-0.015,-0.001,-0.008,-137.986,-242.537,361.411,-173.610,-1.810,113.257,1,0.0000,0.0000,-0.0000,1
7691140,-0.101,-0.403,0.027,-0.013,-0.001,-0.005,-137.986,-242.537,361.411,-173.610,-1.810,113.257,1,0.0000,0.0000,-0.0000,1
7691281,-0.184,-0.321,-0.030,-0.010,0.002,-0.001,-137.986,-242.537,361.411,-173.610,-1.810,113.257,1,0.0000,0.0000,-0.0000,1
7691375,-0.200,-0.328,0.061,-0.009,0.003,-0.003,-137.986,-242.537,361.411,-173.610,-1.810,113.257,1,-0.0000,-0.0000,0.0000,1
7691484,-0.130,-0.351,0.161,-0.011,0.000,-0.007,-137.986,-242.537,361.411,-173.610,-1.810,113.257,1,-0.0000,-0.0000,0.0000,1
7691562,-0.124,-0.288,0.038,-0.009,-0.001,-0.002,-137.986,-242.537,361.411,-173.610,-1.810,113.257,1,-0.0000,-0.0000,0.0000,1
7691656,-0.186,-0.281,-0.167,-0.009,0.001,0.005,-137.986,-242.537,361.411,-173.610,-1.810,113.257,1,-0.0000,-0.0000,0.0000,1
7691734,-0.199,-0.327,-0.181,-0.010,0.002,0.004,-137.986,-242.537,361.411,-173.610,-1.810,113.257,1,-0.0000,-0.0000,0.0000,1
7691812,-0.173,-0.334,-0.040,-0.010,0.002,0.001,-137.986,-242.537,361.411,-173.610,-1.810,113.257,1,-0.0000,-0.0000,0.0000,1
7691921,-0.148,-0.338,0.056,-0.009,0.001,-0.002,-137.986,-242.537,361.411,-173.610,-1.810,113.257,1,-0.0000,-0.0000,0.0000,1
7692031,-0.096,-0.357,0.073,-0.011,0.000,-0.008,-137.986,-242.537,361.411,-173.610,-1.810,113.257,1,-0.0000,-0.0000,0.0000,1
7692171,-0.068,-0.368,0.123,-0.012,-0.000,-0.012,-137.986,-242.537,361.411,-173.610,-1.810,113.257,1,0.0000,0.0000,-0.0000,1
7692218,-0.121,-0.356,0.097,-0.011,0.001,-0.008,-137.986,-242.537,361.411,-173.610,-1.810,113.257,1,0.0000,0.0000,-0.0000,1
7692265,-0.161,-0.342,0.021,-0.010,0.001,-0.002,-137.986,-242.537,361.411,-173.610,-1.810,113.257,1,0.0000,0.0000,-0.0000,1
7692343,-0.155,-0.333,-0.021,-0.009,0.001,-0.001,-137.986,-242.537,361.411,-173.610,-1.810,113.257,1,0.0000,0.0000,-0.0000,1
7692484,-0.180,-0.314,-0.155,-0.010,0.002,0.003,-137.986,-242.537,361.411,-173.610,-1.810,113.257,1,0.0000,0.0000,-0.0000,1
7692578,-0.196,-0.325,-0.212,-0.010,0.002,0.004,-137.986,-242.537,361.411,-173.610,-1.810,113.257,1,0.0000,0.0000,-0.0000,1
7692687,-0.154,-0.348,-0.051,-0.010,0.001,-0.002,-137.986,-242.537,361.411,-173.610,-1.810,113.257,1,0.0000,0.0000,-0.0000,1
7692765,-0.136,-0.344,0.023,-0.010,0.001,-0.003,-137.986,-242.537,361.411,-173.610,-1.810,113.257,1,0.0000,0.0000,-0.0000,1
7692859,-0.141,-0.334,-0.037,-0.010,0.001,-0.001,-137.986,-242.537,361.411,-173.610,-1.810,113.257,1,0.0000,-0.0000,-0.0000,1
7692937,-0.123,-0.349,0.082,-0.010,0.001,-0.004,-137.986,-242.537,361.411,-173.610,-1.810,113.257,1,-0.0000,-0.0000,0.0000,1
7693015,-0.146,-0.363,0.224,-0.009,0.002,-0.008,-137.986,-242.537,361.411,-173.610,-1.810,113.257,1,-0.0000,-0.0000,0.0000,1
7693125,-0.181,-0.337,0.078,-0.007,0.002,-0.002,-137.986,-242.537,361.411,-173.610,-1.810,113.257,1,-0.0000,-0.0000,0.0000,1
7693234,-0.165,-0.299,-0.064,-0.007,0.002,0.002,-137.986,-242.537,361.411,-173.610,-1.810,113.257,1,-0.0000,-0.0000,0.0000,1
7693375,-0.110,-0.327,0.076,-0.008,0.001,-0.005,-137.986,-242.537,361.411,-173.610,-1.810,113.257,1,-0.0000,-0.0000,0.0000,1
7693421,-0.115,-0.360,0.103,-0.010,0.000,-0.006,-137.986,-242.537,361.411,-173.610,-1.810,113.257,1,-0.0000,-0.0000,0.0000,1
7693468,-0.174,-0.326,-0.097,-0.009,0.001,0.003,-137.986,-242.537,361.411,-173.610,-1.810,113.257,1,-0.0000,-0.0000,0.0000,1
7693546,-0.147,-0.329,-0.096,-0.009,0.001,0.002,-137.986,-242.537,361.411,-173.610,-1.810,113.257,1,-0.0000,-0.0000,0.0000,1
7693687,-0.108,-0.355,0.082,-0.010,0.000,-0.006,-137.986,-242.537,361.411,-173.610,-1.810,113.257,1,0.0000,0.0000,-0.0000,1
7693781,-0.133,-0.340,0.094,-0.009,0.001,-0.005,-137.986,-242.537,361.411,-173.610,-1.810,113.257,1,0.0000,0.0000,-0.0000,1
7693890,-0.137,-0.338,0.010,-0.009,0.001,-0.002,-137.986,-242.537,361.411,-173.610,-1.810,113.257,1,0.0000,0.0000,-0.0000,1
7693968,-0.109,-0.364,0.061,-0.011,-0.000,-0.004,-137.986,-242.537,361.411,-173.610,-1.810,113.257,1,0.0000,0.0000,-0.0000,1
7694062,-0.105,-0.365,0.157,-0.010,-0.000,-0.007,-137.986,-242.537,361.411,-173.610,-1.810,113.257,1,0.0000,0.0000,-0.0000,1
7694140,-0.128,-0.331,0.081,-0.008,0.001,-0.003,-137.986,-242.537,361.411,-173.610,-1.810,113.257,1,0.0000,0.0000,-0.0000,1
7694218,-0.128,-0.316,-0.041,-0.009,0.001,-0.002,-137.986,-242.537,361.411,-173.610,-1.810,113.257,1,0.0000,0.0000,-0.0000,1
7694328,-0.101,-0.345,0.054,-0.010,-0.000,-0.007,-137.986,-242.537,361.411,-173.610,-1.810,113.257,1,0.0000,0.0000,-0.0000,1
7694437,-0.104,-0.371,0.160,-0.010,-0.000,-0.008,-137.986,-242.537,361.411,-173.610,-1.810,113.257,1,-0.0000,-0.0000,-0.0000,1
7694578,-0.108,-0.363,0.124,-0.010,0.000,-0.006,-137.986,-242.537,361.411,-173.610,-1.810,113.257,1,-0.0000,-0.0000,0.0000,1
7694625,-0.085,-0.321,0.058,-0.010,-0.000,-0.005,-137.986,-242.537,361.411,-173.610,-1.810,113.257,1,-0.0000,-0.0000,0.0000,1
7694671,-0.075,-0.287,0.047,-0.010,-0.000,-0.005,-137.986,-242.537,361.411,-173.610,-1.810,113.257,1,-0.0000,-0.0000,0.0000,1
7694750,-0.120,-0.306,0.026,-0.009,0.000,-0.003,-137.986,-242.537,361.411,-173.610,-1.810,113.257,1,-0.0000,-0.0000,0.0000,1
7694890,-0.171,-0.332,-0.030,-0.007,0.001,0.001,-137.986,-242.537,361.411,-173.610,-1.810,113.257,1,-0.0000,-0.0000,0.0000,1
7694984,-0.143,-0.349,0.105,-0.009,0.000,-0.004,-137.986,-242.537,361.411,-173.610,-1.810,113.257,1,-0.0000,-0.0000,0.0000,1
7695093,-0.111,-0.360,0.255,-0.010,-0.000,-0.009,-137.986,-242.537,361.411,-173.610,-1.810,113.257,1,-0.0000,-0.0000,0.0000,1
7695171,-0.136,-0.351,0.091,-0.010,0.001,-0.005,-137.986,-242.537,361.411,-173.610,-1.810,113.257,1,-0.0000,-0.0000,0.0000,1
7695265,-0.151,-0.331,-0.151,-0.010,0.001,0.002,-137.986,-242.537,361.411,-173.610,-1.810,113.257,1,0.0000,0.0000,-0.0000,1
7695343,-0.117,-0.336,-0.064,-0.010,-0.000,-0.001,-137.986,-242.537,361.411,-173.610,-1.810,113.257,1,0.0000,0.0000,-0.0000,1
7695421,-0.100,-0.377,0.235,-0.011,-0.000,-0.011,-137.986,-242.537,361.411,-173.610,-1.810,113.257,1,0.0000,0.0000,-0.0000,1
7695531,-0.132,-0.403,0.223,-0.011,0.000,-0.011,-137.986,-242.537,361.411,-173.610,-1.810,113.257,1,0.0000,0.0000,-0.0000,1
7695640,-0.150,-0.381,-0.004,-0.011,0.001,-0.004,-137.986,-242.537,361.411,-173.610,-1.810,113.257,1,0.0000,0.0000,-0.0000,1
7695781,-0.112,-0.359,0.062,-0.010,0.000,-0.005,-137.986,-242.537,361.411,-173.610,-1.810,113.257,1,0.0000,0.0000,-0.0000,1
7695828,-0.080,-0.363,0.274,-0.010,-0.000,-0.012,-137.986,-242.537,361.411,-173.610,-1.810,113.257,1,0.0000,0.0000,-0.0000,1
7695953,-0.104,-0.352,0.266,-0.010,0.000,-0.011,-137.986,-242.537,361.411,-173.610,-1.810,113.257,1,0.0000,0.0000,-0.0000,1
7696093,-0.141,-0.331,0.045,-0.010,0.001,-0.003,-137.986,-242.537,361.411,-173.610,-1.810,113.257,1,-0.0000,-0.0000,0.0000,1
7696187,-0.140,-0.332,-0.048,-0.011,0.001,-0.001,-137.986,-242.537,361.411,-173.610,-1.810,113.257,1,-0.0000,-0.0000,0.0000,1
7696281,-0.104,-0.351,0.119,-0.011,0.000,-0.008,-137.986,-242.537,361.411,-173.610,-1.810,113.257,1,-0.0000,-0.0000,0.0000,1
7696359,-0.134,-0.309,0.115,-0.009,0.001,-0.007,-137.986,-242.537,361.411,-173.610,-1.810,113.257,1,-0.0000,-0.0000,0.0000,1
7696453,-0.190,-0.256,-0.031,-0.006,0.002,-0.000,-137.986,-242.537,361.411,-173.610,-1.810,113.257,1,-0.0000,-0.0000,0.0000,1
7696531,-0.158,-0.310,0.028,-0.008,0.001,-0.002,-137.986,-242.537,361.411,-173.610,-1.810,113.257,1,-0.0000,-0.0000,0.0000,1
7696609,-0.096,-0.378,0.173,-0.011,0.000,-0.008,-137.986,-242.537,361.411,-173.610,-1.810,113.257,1,-0.0000,-0.0000,0.0000,1
7696718,-0.096,-0.375,0.181,-0.011,0.000,-0.009,-137.986,-242.537,361.411,-173.610,-1.810,113.257,1,-0.0000,-0.0000,0.0000,1
7696828,-0.168,-0.331,-0.017,-0.009,0.002,-0.000,-137.986,-242.537,361.411,-173.610,-1.810,113.257,1,-0.0000,-0.0000,0.0000,1
7696968,-0.194,-0.314,-0.121,-0.009,0.002,0.003,-137.986,-242.537,361.411,-173.610,-1.810,113.257,1,0.0000,0.0000,-0.0000,1
7697015,-0.138,-0.353,0.054,-0.010,0.001,-0.004,-137.986,-242.537,361.411,-173.610,-1.810,113.257,1,0.0000,0.0000,-0.0000,1
7697062,-0.113,-0.356,0.165,-0.009,0.001,-0.007,-137.986,-242.537,361.411,-173.610,-1.810,113.257,1,0.0000,0.0000,-0.0000,1
7697140,-0.111,-0.314,0.162,-0.008,0.000,-0.006,-137.986,-242.537,361.411,-173.610,-1.810,113.257,1,0.0000,0.0000,-0.0000,1
7697281,-0.109,-0.308,0.157,-0.009,-0.000,-0.005,-137.986,-242.537,361.411,-173.610,-1.810,113.257,1,0.0000,0.0000,-0.0000,1
7697375,-0.139,-0.324,0.076,-0.010,0.001,-0.003,-137.986,-242.537,361.411,-173.610,-1.810,113.257,1,0.0000,0.0000,-0.0000,1
7697484,-0.171,-0.337,0.000,-0.009,0.002,-0.001,-137.986,-242.537,361.411,-173.610,-1.810,113.257,1,0.0000,0.0000,-0.0000,1
7697562,-0.154,-0.343,0.032,-0.009,0.001,-0.003,-137.986,-242.537,361.411,-173.610,-1.810,113.257,1,0.0000,0.0000,-0.0000,1
7697656,-0.058,-0.343,0.182,-0.011,-0.001,-0.010,-137.986,-242.537,361.411,-173.610,-1.810,113.257,1,-0.0000,-0.0000,0.0000,1
7697734,-0.029,-0.354,0.259,-0.011,-0.002,-0.012,-137.986,-242.537,361.411,-173.610,-1.810,113.257,1,-0.0000,-0.0000,0.0000,1
7697812,-0.107,-0.372,0.166,-0.011,-0.000,-0.008,-137.986,-242.537,361.411,-173.610,-1.810,113.257,1,-0.0000,-0.0000,0.0000,1
7697921,-0.118,-0.390,0.141,-0.011,-0.000,-0.008,-137.986,-242.537,361.411,-173.610,-1.810,113.257,1,-0.0000,-0.0000,0.0000,1
7698031,-0.081,-0.393,0.183,-0.012,-0.000,-0.011,-137.986,-242.537,361.411,-173.610,-1.810,113.257,1,-0.0000,-0.0000,0.0000,1
7698171,-0.102,-0.378,0.135,-0.011,0.000,-0.009,-137.986,-242.537,361.411,-173.610,-1.810,113.257,1,-0.0000,-0.0000,0.0000,1
7698218,-0.109,-0.392,0.125,-0.011,-0.000,-0.008,-137.986,-242.537,361.411,-173.610,-1.810,113.257,1,-0.0000,-0.0000,0.0000,1
7698265,-0.076,-0.409,0.127,-0.012,-0.001,-0.009,-137.986,-242.537,361.411,-173.610,-1.810,113.257,1,-0.0000,-0.0000,0.0000,1
7698343,-0.113,-0.378,0.056,-0.011,-0.000,-0.005,-137.986,-242.537,361.411,-173.610,-1.810,113.257,1,-0.0000,-0.0000,0.0000,1
7698484,-0.139,-0.360,0.123,-0.010,0.001,-0.005,-137.986,-242.537,361.411,-173.610,-1.810,113.257,1,0.0000,0.0000,-0.0000,1
7698578,-0.053,-0.374,0.246,-0.011,0.000,-0.010,-137.986,-242.537,361.411,-173.610,-1.810,113.257,1,0.0000,0.0000,-0.0000,1
7698687,-0.020,-0.389,0.173,-0.012,-0.002,-0.009,-137.986,-242.537,361.411,-173.610,-1.810,113.257,1,0.0000,0.0000,-0.0000,1
7698765,-0.122,-0.387,-0.050,-0.012,-0.000,-0.002,-137.986,-242.537,361.411,-173.610,-1.810,113.257,1,0.0000,0.0000,-0.0000,1
7698859,-0.192,-0.349,-0.114,-0.009,0.002,0.002,-137.986,-242.537,361.411,-173.610,-1.810,113.257,1,0.0000,0.0000,-0.0000,1
7698937,-0.157,-0.335,0.074,-0.009,0.001,-0.003,-137.986,-242.537,361.411,-173.610,-1.810,113.257,1,0.0000,0.0000,-0.0000,1
7699015,-0.107,-0.350,0.184,-0.010,0.000,-0.009,-137.986,-242.537,361.411,-173.610,-1.810,113.257,1,0.0000,0.0000,-0.0000,1
7699125,-0.093,-0.370,0.173,-0.010,0.001,-0.009,-137.986,-242.537,361.411,-173.610,-1.810,113.257,1,0.0000,0.0000,-0.0000,1
7699234,-0.130,-0.358,0.098,-0.009,0.002,-0.004,-137.986,-242.537,361.411,-173.610,-1.810,113.257,1,-0.0000,-0.0000,0.0000,1
7699375,-0.162,-0.326,-0.005,-0.008,0.002,0.001,-137.986,-242.537,361.411,-173.610,-1.810,113.257,1,-0.0000,-0.0000,0.0000,1
7699421,-0.165,-0.342,-0.054,-0.010,0.001,-0.000,-137.986,-242.537,361.411,-173.610,-1.810,113.257,1,-0.0000,-0.0000,0.0000,1
7699468,-0.206,-0.348,-0.177,-0.010,0.002,0.002,-137.986,-242.537,361.411,-173.610,-1.810,113.257,1,-0.0000,-0.0000,0.0000,1
7699546,-0.226,-0.327,-0.221,-0.009,0.003,0.005,-137.986,-242.537,361.411,-173.610,-1.810,113.257,1,-0.0000,-0.0000,0.0000,1
7699687,-0.201,-0.318,-0.118,-0.008,0.002,0.004,-137.986,-242.537,361.411,-173.610,-1.810,113.257,1,-0.0000,-0.0000,0.0000,1
7699781,-0.186,-0.330,-0.020,-0.008,0.002,0.001,-137.986,-242.537,361.411,-173.610,-1.810,113.257,1,-0.0000,-0.0000,0.0000,1
7699890,-0.152,-0.355,0.030,-0.010,0.001,-0.004,-137.986,-242.537,361.411,-173.610,-1.810,113.257,1,-0.0000,-0.0000,0.0000,1
7699968,-0.129,-0.353,0.025,-0.010,-0.001,-0.005,-137.986,-242.537,361.411,-173.610,-1.810,113.257,1,-0.0000,-0.0000,0.0000,1
7700062,-0.126,-0.354,0.089,-0.009,-0.000,-0.005,-137.986,-242.537,361.411,-173.610,-1.810,113.257,1,0.0000,0.0000,-0.0000,1
7700140,-0.115,-0.366,0.152,-0.010,0.000,-0.007,-137.986,-242.537,361.411,-173.610,-1.810,113.257,1,0.0000,0.0000,-0.0000,1
7700218,-0.124,-0.363,0.138,-0.011,0.001,-0.006,-137.986,-242.537,361.411,-173.610,-1.810,113.257,1,0.0000,0.0000,-0.0000,1
7700328,-0.132,-0.341,0.159,-0.010,0.001,-0.007,-137.986,-242.537,361.411,-173.610,-1.810,113.257,1,0.0000,0.0000,-0.0000,1
7700437,-0.136,-0.318,0.144,-0.008,0.002,-0.006,-137.986,-242.537,361.411,-173.610,-1.810,113.257,1,0.0000,0.0000,-0.0000,1
7700578,-0.147,-0.333,0.061,-0.008,0.001,-0.003,-137.986,-242.537,361.411,-173.610,-1.810,113.257,1,0.0000,0.0000,-0.0000,1
7700625,-0.134,-0.367,0.131,-0.010,0.001,-0.006,-137.986,-242.537,361.411,-173.610,-1.810,113.257,1,0.0000,0.0000,-0.0000,1
7700671,-0.138,-0.364,0.266,-0.010,0.001,-0.010,-137.986,-242.537,361.411,-173.610,-1.810,113.257,1,0.0000,0.0000,-0.0000,1
7700750,-0.196,-0.329,0.163,-0.008,0.002,-0.005,-137.986,-242.537,361.411,-173.610,-1.810,113.257,1,-0.0000,-0.0000,0.0000,1
7700890,-0.225,-0.326,0.028,-0.007,0.002,-0.002,-137.986,-242.537,361.411,-173.610,-1.810,113.257,1,-0.0000,-0.0000,0.0000,1
7700984,-0.168,-0.338,0.128,-0.008,0.002,-0.007,-137.986,-242.537,361.411,-173.610,-1.810,113.257,1,-0.0000,-0.0000,0.0000,1
7701093,-0.154,-0.295,0.119,-0.007,0.002,-0.006,-137.986,-242.537,361.411,-173.610,-1.810,113.257,1,-0.0000,-0.0000,0.0000,1
7701171,-0.228,-0.252,-0.092,-0.006,0.004,0.004,-137.986,-242.537,361.411,-173.610,-1.810,113.257,1,-0.0000,-0.0000,0.0000,1
7701265,-0.236,-0.280,-0.090,-0.007,0.003,0.004,-137.986,-242.537,361.411,-173.610,-1.810,113.257,1,-0.0000,-0.0000,0.0000,1
7701343,-0.156,-0.343,0.066,-0.009,0.001,-0.005,-137.986,-242.537,361.411,-173.610,-1.810,113.257,1,-0.0000,-0.0000,0.0000,1
7701421,-0.137,-0.361,0.037,-0.011,0.001,-0.005,-137.986,-242.537,361.411,-173.610,-1.810,113.257,1,-0.0000,-0.0000,0.0000,1
7701515,-0.201,-0.336,-0.134,-0.010,0.002,0.003,-137.986,-242.537,361.411,-173.610,-1.810,113.257,1,-0.0000,-0.0000,0.0000,1
7701562,-0.210,-0.327,-0.126,-0.008,0.002,0.005,-137.986,-242.537,361.411,-173.610,-1.810,113.257,1,0.0000,0.0000,-0.0000,1
7701625,-0.205,-0.357,-0.026,-0.008,0.002,0.001,-137.986,-242.537,361.411,-173.610,-1.810,113.257,1,0.0000,0.0000,-0.0000,1
7701765,-0.259,-0.376,-0.095,-0.009,0.003,0.004,-137.986,-242.537,361.411,-173.610,-1.810,113.257,1,0.0000,0.0000,-0.0000,1
7701812,-0.233,-0.354,-0.089,-0.009,0.002,0.003,-137.986,-242.537,361.411,-173.610,-1.810,113.257,1,0.0000,0.0000,-0.0000,1
7701859,-0.169,-0.333,0.008,-0.009,0.001,-0.001,-137.986,-242.537,361.411,-173.610,-1.810,113.257,1,0.0000,0.0000,-0.0000,1
7701937,-0.155,-0.334,0.063,-0.009,0.001,-0.002,-137.986,-242.537,361.411,-173.610,-1.810,113.257,1,0.0000,0.0000,-0.0000,1
7702093,-0.146,-0.343,0.146,-0.009,0.001,-0.005,-137.986,-242.537,361.411,-173.610,-1.810,113.257,1,0.0000,0.0000,-0.0000,1
7702171,-0.157,-0.343,0.133,-0.008,0.003,-0.005,-137.986,-242.537,361.411,-173.610,-1.810,113.257,1,0.0000,0.0000,-0.0000,1
7702218,-0.170,-0.344,0.014,-0.009,0.002,-0.002,-137.986,-242.537,361.411,-173.610,-1.810,113.257,1,-0.0000,-0.0000,0.0000,1
7702296,-0.212,-0.338,-0.148,-0.010,0.002,0.003,-137.986,-242.537,361.411,-173.610,-1.810,113.257,1,-0.0000,-0.0000,0.0000,1
7702375,-0.236,-0.347,-0.104,-0.009,0.002,0.002,-137.986,-242.537,361.411,-173.610,-1.810,113.257,1,-0.0000,-0.0000,0.0000,1
7702453,-0.168,-0.398,0.199,-0.011,0.001,-0.009,-137.986,-242.537,361.411,-173.610,-1.810,113.257,1,-0.0000,-0.0000,0.0000,1
7702546,-0.102,-0.420,0.344,-0.012,-0.000,-0.015,-137.986,-242.537,361.411,-173.610,-1.810,113.257,1,-0.0000,-0.0000,0.0000,1
7702625,-0.090,-0.385,0.251,-0.010,0.001,-0.011,-137.986,-242.537,361.411,-173.610,-1.810,113.257,1,-0.0000,-0.0000,0.0000,1
7702734,-0.140,-0.357,0.053,-0.010,0.001,-0.004,-137.986,-242.537,361.411,-173.610,-1.810,113.257,1,-0.0000,-0.0000,0.0000,1
7702828,-0.177,-0.369,-0.075,-0.012,0.001,-0.001,-137.986,-242.537,361.411,-173.610,-1.810,113.257,1,-0.0000,-0.0000,0.0000,1
7702968,-0.148,-0.386,0.009,-0.012,0.000,-0.005,-137.986,-242.537,361.411,-173.610,-1.810,113.257,1,-0.0000,-0.0000,0.0000,1
7703015,-0.100,-0.392,0.148,-0.012,-0.001,-0.009,-137.986,-242.537,361.411,-173.610,-1.810,113.257,1,0.0000,0.0000,-0.0000,1
7703062,-0.073,-0.401,0.236,-0.011,-0.001,-0.012,-137.986,-242.537,361.411,-173.610,-1.810,113.257,1,0.0000,0.0000,-0.0000,1
7703140,-0.140,-0.382,0.183,-0.010,-0.000,-0.009,-137.986,-242.537,361.411,-173.610,-1.810,113.257,1,0.0000,0.0000,-0.0000,1
7703281,-0.186,-0.352,0.083,-0.009,0.001,-0.004,-137.986,-242.537,361.411,-173.610,-1.810,113.257,1,0.0000,0.0000,-0.0000,1
7703375,-0.098,-0.369,0.206,-0.011,-0.000,-0.009,-137.986,-242.537,361.411,-173.610,-1.810,113.257,1,0.0000,0.0000,-0.0000,1
7703500,-0.067,-0.395,0.297,-0.012,-0.001,-0.013,-137.986,-242.537,361.411,-173.610,-1.810,113.257,1,0.0000,0.0000,-0.0000,1
7703578,-0.155,-0.372,0.117,-0.010,0.001,-0.006,-137.986,-242.537,361.411,-173.610,-1.810,113.257,1,0.0000,0.0000,-0.0000,1
7703671,-0.225,-0.320,-0.024,-0.008,0.003,0.001,-137.986,-242.537,361.411,-173.610,-1.810,113.257,1,0.0000,0.0000,-0.0000,1
7703750,-0.210,-0.310,0.060,-0.008,0.003,-0.001,-137.986,-242.537,361.411,-173.610,-1.810,113.257,1,-0.0000,-0.0000,0.0000,1
7703828,-0.130,-0.377,0.201,-0.011,0.001,-0.009,-137.986,-242.537,361.411,-173.610,-1.810,113.257,1,-0.0000,-0.0000,0.0000,1
7703937,-0.095,-0.429,0.175,-0.012,-0.000,-0.009,-137.986,-242.537,361.411,-173.610,-1.810,113.257,1,-0.0000,-0.0000,0.0000,1
7704031,-0.117,-0.382,0.066,-0.010,0.001,-0.005,-137.986,-242.537,361.411,-173.610,-1.810,113.257,1,-0.0000,-0.0000,0.0000,1
7704187,-0.114,-0.335,0.091,-0.010,0.001,-0.006,-137.986,-242.537,361.411,-173.610,-1.810,113.257,1,-0.0000,-0.0000,0.0000,1
7704234,-0.152,-0.355,0.027,-0.010,0.001,-0.005,-137.986,-242.537,361.411,-173.610,-1.810,113.257,1,-0.0000,-0.0000,0.0000,1
7704281,-0.199,-0.371,-0.094,-0.011,0.002,-0.001,-137.986,-242.537,361.411,-173.610,-1.810,113.257,1,-0.0000,-0.0000,0.0000,1
7704359,-0.190,-0.353,-0.077,-0.011,0.003,-0.000,-137.986,-242.537,361.411,-173.610,-1.810,113.257,1,-0.0000,-0.0000,0.0000,1
7704500,-0.184,-0.342,-0.057,-0.010,0.002,-0.000,-137.986,-242.537,361.411,-173.610,-1.810,113.257,1,-0.0000,-0.0000,0.0000,1
7704593,-0.177,-0.365,0.055,-0.009,0.002,-0.003,-137.986,-242.537,361.411,-173.610,-1.810,113.257,1,0.0000,0.0000,-0.0000,1
7704703,-0.137,-0.382,0.209,-0.009,0.001,-0.008,-137.986,-242.537,361.411,-173.610,-1.810,113.257,1,0.0000,0.0000,-0.0000,1
7704781,-0.071,-0.363,0.240,-0.011,0.000,-0.012,-137.986,-242.537,361.411,-173.610,-1.810,113.257,1,0.0000,0.0000,-0.0000,1
7704859,-0.057,-0.346,0.149,-0.012,-0.000,-0.010,-137.986,-242.537,361.411,-173.610,-1.810,113.257,1,0.0000,0.0000,-0.0000,1
7704953,-0.116,-0.358,0.033,-0.013,0.001,-0.006,-137.986,-242.537,361.411,-173.610,-1.810,113.257,1,0.0000,0.0000,-0.0000,1
7705031,-0.156,-0.366,0.034,-0.012,0.002,-0.004,-137.986,-242.537,361.411,-173.610,-1.810,113.257,1,0.0000,0.0000,-0.0000,1
7705140,-0.137,-0.370,0.130,-0.010,0.001,-0.007,-137.986,-242.537,361.411,-173.610,-1.810,113.257,1,0.0000,0.0000,-0.0000,1
7705234,-0.130,-0.380,0.083,-0.011,0.000,-0.006,-137.986,-242.537,361.411,-173.610,-1.810,113.257,1,0.0000,0.0000,-0.0000,1
7705375,-0.174,-0.368,-0.063,-0.011,0.001,-0.001,-137.986,-242.537,361.411,-173.610,-1.810,113.257,1,-0.0000,-0.0000,0.0000,1
7705421,-0.184,-0.372,0.016,-0.011,0.002,-0.002,-137.986,-242.537,361.411,-173.610,-1.810,113.257,1,-0.0000,-0.0000,0.0000,1
7705468,-0.171,-0.386,0.152,-0.010,0.002,-0.006,-137.986,-242.537,361.411,-173.610,-1.810,113.257,1,-0.0000,-0.0000,0.0000,1
7705546,-0.193,-0.368,0.133,-0.008,0.001,-0.006,-137.986,-242.537,361.411,-173.610,-1.810,113.257,1,-0.0000,-0.0000,0.0000,1
7705687,-0.221,-0.356,0.074,-0.007,0.002,-0.004,-137.986,-242.537,361.411,-173.610,-1.810,113.257,1,-0.0000,-0.0000,0.0000,1
7705781,-0.197,-0.395,0.080,-0.009,0.002,-0.005,-137.986,-242.537,361.411,-173.610,-1.810,113.257,1,-0.0000,-0.0000,0.0000,1
7705890,-0.160,-0.408,0.035,-0.011,0.001,-0.005,-137.986,-242.537,361.411,-173.610,-1.810,113.257,1,-0.0000,-0.0000,0.0000,1
7705968,-0.190,-0.346,-0.166,-0.010,0.002,0.003,-137.986,-242.537,361.411,-173.610,-1.810,113.257,1,-0.0000,-0.0000,0.0000,1
7706062,-0.206,-0.326,-0.240,-0.009,0.002,0.005,-137.986,-242.537,361.411,-173.610,-1.810,113.257,1,-0.0000,-0.0000,0.0000,1
7706140,-0.159,-0.360,-0.050,-0.010,0.001,-0.001,-137.986,-242.537,361.411,-173.610,-1.810,113.257,1,0.0000,0.0000,-0.0000,1
7706218,-0.098,-0.361,0.162,-0.011,-0.000,-0.008,-137.986,-242.537,361.411,-173.610,-1.810,113.257,1,0.0000,0.0000,-0.0000,1
7706328,-0.077,-0.346,0.202,-0.011,-0.000,-0.009,-137.986,-242.537,361.411,-173.610,-1.810,113.257,1,0.0000,0.0000,-0.0000,1
7706437,-0.108,-0.349,0.131,-0.011,0.001,-0.007,-137.986,-242.537,361.411,-173.610,-1.810,113.257,1,0.0000,0.0000,-0.0000,1
7706578,-0.123,-0.360,0.092,-0.010,0.001,-0.006,-137.986,-242.537,361.411,-173.610,-1.810,113.257,1,0.0000,0.0000,-0.0000,1
7706625,-0.153,-0.363,0.004,-0.010,0.001,-0.003,-137.986,-242.537,361.411,-173.610,-1.810,113.257,1,0.0000,0.0000,-0.0000,1
7706687,-0.200,-0.358,-0.071,-0.010,0.002,0.001,-137.986,-242.537,361.411,-173.610,-1.810,113.257,1,0.0000,0.0000,-0.0000,1
7706750,-0.186,-0.378,0.023,-0.011,0.001,-0.003,-137.986,-242.537,361.411,-173.610,-1.810,113.257,1,0.0000,0.0000,-0.0000,1
7706890,-0.149,-0.393,0.098,-0.012,-0.001,-0.007,-137.986,-242.537,361.411,-173.610,-1.810,113.257,1,-0.0000,-0.0000,0.0000,1
7706984,-0.151,-0.358,0.011,-0.010,0.001,-0.002,-137.986,-242.537,361.411,-173.610,-1.810,113.257,1,-0.0000,-0.0000,0.0000,1
7707093,-0.140,-0.326,-0.057,-0.009,0.002,0.001,-137.986,-242.537,361.411,-173.610,-1.810,113.257,1,-0.0000,-0.0000,0.0000,1
7707171,-0.102,-0.349,0.063,-0.010,0.001,-0.005,-137.986,-242.537,361.411,-173.610,-1.810,113.257,1,-0.0000,-0.0000,0.0000,1
7707281,-0.124,-0.399,0.092,-0.012,0.001,-0.007,-137.986,-242.537,361.411,-173.610,-1.810,113.257,1,-0.0000,-0.0000,0.0000,1
7707359,-0.183,-0.406,-0.104,-0.011,0.001,-0.000,-137.986,-242.537,361.411,-173.610,-1.810,113.257,1,-0.0000,-0.0000,0.0000,1
7707437,-0.220,-0.360,-0.241,-0.009,0.002,0.006,-137.986,-242.537,361.411,-173.610,-1.810,113.257,1,-0.0000,-0.0000,0.0000,1
7707546,-0.184,-0.352,-0.149,-0.010,0.001,0.003,-137.986,-242.537,361.411,-173.610,-1.810,113.257,1,-0.0000,-0.0000,0.0000,1
7707656,-0.122,-0.378,0.100,-0.011,0.000,-0.007,-137.986,-242.537,361.411,-173.610,-1.810,113.257,1,-0.0000,0.0000,0.0000,1
7707796,-0.152,-0.356,0.131,-0.010,0.002,-0.006,-137.986,-242.537,361.411,-173.610,-1.810,113.257,1,0.0000,0.0000,-0.0000,1
7707843,-0.156,-0.343,-0.020,-0.010,0.002,-0.001,-137.986,-242.537,361.411,-173.610,-1.810,113.257,1,0.0000,0.0000,-0.0000,1
7707890,-0.110,-0.376,0.069,-0.010,0.001,-0.006,-137.986,-242.537,361.411,-173.610,-1.810,113.257,1,0.0000,0.0000,-0.0000,1
7707968,-0.153,-0.396,0.226,-0.009,0.002,-0.012,-137.986,-242.537,361.411,-173.610,-1.810,113.257,1,0.0000,0.0000,-0.0000,1
7708109,-0.205,-0.390,0.123,-0.009,0.003,-0.008,-137.986,-242.537,361.411,-173.610,-1.810,113.257,1,0.0000,0.0000,-0.0000,1
7708203,-0.165,-0.383,-0.030,-0.010,0.001,-0.003,-137.986,-242.537,361.411,-173.610,-1.810,113.257,1,0.0000,0.0000,-0.0000,1
7708312,-0.127,-0.361,-0.047,-0.011,-0.000,-0.003,-137.986,-242.537,361.411,-173.610,-1.810,113.257,1,0.0000,0.0000,-0.0000,1
7708390,-0.166,-0.330,-0.097,-0.010,0.001,-0.000,-137.986,-242.537,361.411,-173.610,-1.810,113.257,1,0.0000,0.0000,-0.0000,1
7708484,-0.193,-0.351,-0.062,-0.009,0.002,0.001,-137.986,-242.537,361.411,-173.610,-1.810,113.257,1,-0.0000,-0.0000,0.0000,1
7708562,-0.151,-0.412,0.131,-0.009,0.002,-0.006,-137.986,-242.537,361.411,-173.610,-1.810,113.257,1,-0.0000,-0.0000,0.0000,1
7708640,-0.123,-0.417,0.207,-0.010,0.001,-0.010,-137.986,-242.537,361.411,-173.610,-1.810,113.257,1,-0.0000,-0.0000,0.0000,1
7708750,-0.136,-0.392,0.083,-0.011,0.001,-0.006,-137.986,-242.537,361.411,-173.610,-1.810,113.257,1,-0.0000,-0.0000,0.0000,1
7708859,-0.159,-0.400,-0.085,-0.012,0.001,-0.002,-137.986,-242.537,361.411,-173.610,-1.810,113.257,1,-0.0000,-0.0000,0.0000,1
7709000,-0.174,-0.387,-0.128,-0.012,0.001,-0.002,-137.986,-242.537,361.411,-173.610,-1.810,113.257,1,-0.0000,-0.0000,0.0000,1
7709046,-0.170,-0.362,-0.035,-0.010,0.001,-0.002,-137.986,-242.537,361.411,-173.610,-1.810,113.257,1,-0.0000,-0.0000,0.0000,1
7709093,-0.156,-0.361,0.037,-0.010,0.001,-0.003,-137.986,-242.537,361.411,-173.610,-1.810,113.257,1,-0.0000,-0.0000,0.0000,1
7709171,-0.183,-0.342,-0.038,-0.009,0.002,0.001,-137.986,-242.537,361.411,-173.610,-1.810,113.257,1,0.0000,0.0000,0.0000,1
7709312,-0.244,-0.319,-0.126,-0.008,0.004,0.006,-137.986,-242.537,361.411,-173.610,-1.810,113.257,1,0.0000,0.0000,-0.0000,1
7709406,-0.231,-0.337,-0.058,-0.008,0.003,0.003,-137.986,-242.537,361.411,-173.610,-1.810,113.257,1,0.0000,0.0000,-0.0000,1
7709515,-0.159,-0.393,0.016,-0.010,0.001,-0.003,-137.986,-242.537,361.411,-173.610,-1.810,113.257,1,0.0000,0.0000,-0.0000,1
7709593,-0.167,-0.402,-0.080,-0.011,0.002,-0.001,-137.986,-242.537,361.411,-173.610,-1.810,113.257,1,0.0000,0.0000,-0.0000,1
7709671,-0.200,-0.342,-0.058,-0.009,0.003,-0.000,-137.986,-242.537,361.411,-173.610,-1.810,113.257,1,0.0000,0.0000,-0.0000,1
7709765,-0.160,-0.323,0.181,-0.009,0.003,-0.008,-137.986,-242.537,361.411,-173.610,-1.810,113.257,1,0.0000,0.0000,-0.0000,1
7709843,-0.128,-0.351,0.259,-0.009,0.002,-0.011,-137.986,-242.537,361.411,-173.610,-1.810,113.257,1,0.0000,0.0000,-0.0000,1
7709953,-0.170,-0.349,0.084,-0.009,0.002,-0.004,-137.986,-242.537,361.411,-173.610,-1.810,113.257,1,0.0000,0.0000,-0.0000,1
7710046,-0.249,-0.300,-0.111,-0.007,0.002,0.003,-137.986,-242.537,361.411,-173.610,-1.810,113.257,1,-0.0000,-0.0000,0.0000,1
7710187,-0.250,-0.324,-0.075,-0.007,0.003,0.002,-137.986,-242.537,361.411,-173.610,-1.810,113.257,1,-0.0000,-0.0000,0.0000,1
7710234,-0.155,-0.385,0.090,-0.010,0.002,-0.005,-137.986,-242.537,361.411,-173.610,-1.810,113.257,1,-0.0000,-0.0000,0.0000,1
7710281,-0.070,-0.354,0.169,-0.011,-0.000,-0.008,-137.986,-242.537,361.411,-173.610,-1.810,113.257,1,-0.0000,-0.0000,0.0000,1
7710359,-0.071,-0.344,0.196,-0.010,-0.001,-0.008,-137.986,-242.537,361.411,-173.610,-1.810,113.257,1,-0.0000,-0.0000,0.0000,1
7710500,-0.127,-0.375,0.162,-0.010,0.001,-0.007,-137.986,-242.537,361.411,-173.610,-1.810,113.257,1,-0.0000,-0.0000,0.0000,1
7710593,-0.162,-0.368,0.040,-0.010,0.001,-0.003,-137.986,-242.537,361.411,-173.610,-1.810,113.257,1,-0.0000,-0.0000,0.0000,1
7710703,-0.184,-0.336,-0.136,-0.010,0.002,0.003,-137.986,-242.537,361.411,-173.610,-1.810,113.257,1,-0.0000,-0.0000,0.0000,1
7710781,-0.184,-0.329,-0.153,-0.009,0.002,0.004,-137.986,-242.537,361.411,-173.610,-1.810,113.257,1,0.0000,0.0000,-0.0000,1
7710875,-0.133,-0.343,-0.009,-0.011,0.001,-0.002,-137.986,-242.537,361.411,-173.610,-1.810,113.257,1,0.0000,0.0000,-0.0000,1
7710953,-0.110,-0.344,0.044,-0.012,-0.000,-0.004,-137.986,-242.537,361.411,-173.610,-1.810,113.257,1,0.0000,0.0000,-0.0000,1
7711031,-0.169,-0.330,-0.004,-0.010,0.001,-0.001,-137.986,-242.537,361.411,-173.610,-1.810,113.257,1,0.0000,0.0000,-0.0000,1
7711140,-0.199,-0.315,0.016,-0.008,0.002,0.000,-137.986,-242.537,361.411,-173.610,-1.810,113.257,1,0.0000,0.0000,-0.0000,1
7711250,-0.145,-0.356,0.083,-0.010,0.001,-0.004,-137.986,-242.537,361.411,-173.610,-1.810,113.257,1,0.0000,0.0000,-0.0000,1
7711390,-0.119,-0.405,0.042,-0.012,0.000,-0.006,-137.986,-242.537,361.411,-173.610,-1.810,113.257,1,0.0000,0.0000,-0.0000,1
7711437,-0.128,-0.389,0.059,-0.011,0.001,-0.006,-137.986,-242.537,361.411,-173.610,-1.810,113.257,1,0.0000,0.0000,-0.0000,1
7711484,-0.139,-0.352,0.072,-0.010,0.001,-0.004,-137.986,-242.537,361.411,-173.610,-1.810,113.257,1,0.0000,0.0000,-0.0000,1
7711562,-0.193,-0.328,-0.065,-0.009,0.003,0.001,-137.986,-242.537,361.411,-173.610,-1.810,113.257,1,-0.0000,0.0000,0.0000,1
7711703,-0.253,-0.323,-0.147,-0.008,0.004,0.004,-137.986,-242.537,361.411,-173.610,-1.810,113.257,1,-0.0000,0.0000,0.0000,1
7711796,-0.232,-0.359,-0.062,-0.009,0.003,0.001,-137.986,-242.537,361.411,-173.610,-1.810,113.257,1,-0.0000,0.0000,0.0000,1
7711906,-0.189,-0.372,0.002,-0.010,0.002,-0.002,-137.986,-242.537,361.411,-173.610,-1.810,113.257,1,-0.0000,0.0000,0.0000,1
7711984,-0.198,-0.313,0.005,-0.008,0.003,-0.001,-137.986,-242.537,361.411,-173.610,-1.810,113.257,1,-0.0000,0.0000,0.0000,1
7712078,-0.174,-0.316,0.167,-0.008,0.003,-0.005,-137.986,-242.537,361.411,-173.610,-1.810,113.257,1,-0.0000,0.0000,0.0000,1
7712156,-0.131,-0.382,0.269,-0.011,0.002,-0.010,-137.986,-242.537,361.411,-173.610,-1.810,113.257,1,-0.0000,0.0000,0.0000,1
7712234,-0.138,-0.396,0.165,-0.012,0.001,-0.008,-137.986,-242.537,361.411,-173.610,-1.810,113.257,1,0.0000,0.0000,0.0000,1
7712343,-0.148,-0.394,0.148,-0.011,0.001,-0.006,-137.986,-242.537,361.411,-173.610,-1.810,113.257,1,0.0000,0.0000,0.0000,1
7712453,-0.176,-0.394,0.136,-0.009,0.001,-0.004,-137.986,-242.537,361.411,-173.610,-1.810,113.257,1,0.0000,0.0000,0.0000,1
7712593,-0.210,-0.380,0.010,-0.009,0.001,-0.000,-137.986,-242.537,361.411,-173.610,-1.810,113.257,1,0.0000,0.0000,0.0000,1
7712640,-0.167,-0.377,0.062,-0.011,0.001,-0.003,-137.986,-242.537,361.411,-173.610,-1.810,113.257,1,0.0000,0.0000,0.0000,1
7712687,-0.105,-0.370,0.250,-0.010,0.001,-0.009,-137.986,-242.537,361.411,-173.610,-1.810,113.257,1,0.0000,0.0000,0.0000,1
7712765,-0.127,-0.336,0.201,-0.008,0.003,-0.006,-137.986,-242.537,361.411,-173.610,-1.810,113.257,1,0.0000,0.0000,0.0000,1
7712906,-0.179,-0.313,0.060,-0.008,0.003,0.000,-137.986,-242.537,361.411,-173.610,-1.810,113.257,1,0.0000,0.0000,0.0000,1
7713000,-0.158,-0.354,0.191,-0.009,0.002,-0.005,-137.986,-242.537,361.411,-173.610,-1.810,113.257,1,0.0000,0.0000,0.0000,1
7713109,-0.143,-0.379,0.204,-0.010,0.001,-0.007,-137.986,-242.537,361.411,-173.610,-1.810,113.257,1,0.0000,0.0000,0.0000,1
7713187,-0.176,-0.348,-0.030,-0.009,0.002,-0.000,-137.986,-242.537,361.411,-173.610,-1.810,113.257,1,0.0000,0.0000,0.0000,1
7713281,-0.146,-0.350,-0.008,-0.010,0.001,-0.001,-137.986,-242.537,361.411,-173.610,-1.810,113.257,1,0.0000,0.0000,0.0000,1
7713359,-0.100,-0.370,0.131,-0.010,0.000,-0.006,-137.986,-242.537,361.411,-173.610,-1.810,113.257,1,0.0000,0.0000,0.0000,1
7713437,-0.125,-0.378,0.057,-0.010,0.001,-0.005,-137.986,-242.537,361.411,-173.610,-1.810,113.257,1,0.0000,0.0000,0.0000,1
7713546,-0.180,-0.366,-0.148,-0.010,0.002,0.002,-137.986,-242.537,361.411,-173.610,-1.810,113.257,1,0.0000,0.0000,0.0000,1
7713656,-0.181,-0.353,-0.226,-0.011,0.002,0.004,-137.986,-242.537,361.411,-173.610,-1.810,113.257,1,0.0000,0.0000,0.0000,1
7713796,-0.128,-0.381,-0.091,-0.013,0.001,-0.001,-137.986,-242.537,361.411,-173.610,-1.810,113.257,1,0.0000,0.0000,0.0000,1
7713843,-0.090,-0.398,0.086,-0.013,0.000,-0.006,-137.986,-242.537,361.411,-173.610,-1.810,113.257,1,0.0000,0.0000,0.0000,1
7713890,-0.119,-0.367,0.066,-0.011,0.001,-0.003,-137.986,-242.537,361.411,-173.610,-1.810,113.257,1,0.0000,0.0000,0.0000,1
7713968,-0.196,-0.341,-0.035,-0.009,0.002,0.000,-137.986,-242.537,361.411,-173.610,-1.810,113.257,1,0.0000,0.0000,0.0000,1
7714109,-0.238,-0.328,-0.002,-0.007,0.003,-0.001,-137.986,-242.537,361.411,-173.610,-1.810,113.257,1,0.0000,0.0000,0.0000,1
7714203,-0.207,-0.327,0.009,-0.008,0.002,-0.001,-137.986,-242.537,361.411,-173.610,-1.810,113.257,1,0.0000,0.0000,0.0000,1
7714312,-0.162,-0.352,-0.020,-0.010,0.001,-0.001,-137.986,-242.537,361.411,-173.610,-1.810,113.257,1,0.0000,0.0000,0.0000,1
7714390,-0.191,-0.338,-0.098,-0.009,0.001,0.002,-137.986,-242.537,361.411,-173.610,-1.810,113.257,1,0.0000,0.0000,0.0000,1
7714484,-0.207,-0.334,-0.058,-0.008,0.003,0.002,-137.986,-242.537,361.411,-173.610,-1.810,113.257,1,0.0000,0.0000,0.0000,1
7714562,-0.158,-0.386,0.175,-0.009,0.003,-0.005,-137.986,-242.537,361.411,-173.610,-1.810,113.257,1,0.0000,0.0000,0.0000,1
7714640,-0.132,-0.390,0.224,-0.010,0.002,-0.009,-137.986,-242.537,361.411,-173.610,-1.810,113.257,1,0.0000,0.0000,0.0000,1
7714750,-0.111,-0.337,0.070,-0.010,0.001,-0.006,-137.986,-242.537,361.411,-173.610,-1.810,113.257,1,0.0000,0.0000,0.0000,1
7714859,-0.107,-0.318,-0.018,-0.011,0.001,-0.005,-137.986,-242.537,361.411,-173.610,-1.810,113.257,1,0.0000,0.0000,0.0000,1
7715000,-0.140,-0.360,0.050,-0.011,0.001,-0.005,-137.986,-242.537,361.411,-173.610,-1.810,113.257,1,0.0000,0.0000,0.0000,1
7715046,-0.146,-0.366,0.144,-0.009,0.002,-0.006,-137.986,-242.537,361.411,-173.610,-1.810,113.257,1,0.0000,0.0000,0.0000,1
7715093,-0.132,-0.338,0.159,-0.009,0.002,-0.006,-137.986,-242.537,361.411,-173.610,-1.810,113.257,1,0.0000,0.0000,0.0000,1
7715171,-0.157,-0.334,0.037,-0.009,0.002,-0.002,-137.986,-242.537,361.411,-173.610,-1.810,113.257,1,0.0000,0.0000,0.0000,1
7715312,-0.186,-0.333,-0.071,-0.009,0.002,0.002,-137.986,-242.537,361.411,-173.610,-1.810,113.257,1,0.0000,0.0000,0.0000,1
7715406,-0.185,-0.345,0.017,-0.009,0.001,-0.002,-137.986,-242.537,361.411,-173.610,-1.810,113.257,1,0.0000,0.0000,0.0000,1
7715515,-0.203,-0.346,0.012,-0.010,0.001,-0.002,-137.986,-242.537,361.411,-173.610,-1.810,113.257,1,0.0000,0.0000,0.0000,1
7715593,-0.194,-0.314,-0.170,-0.010,0.001,0.005,-137.986,-242.537,361.411,-173.610,-1.810,113.257,1,0.0000,0.0000,0.0000,1
7715687,-0.159,-0.314,-0.248,-0.010,0.001,0.007,-137.986,-242.537,361.411,-173.610,-1.810,113.257,1,0.0000,0.0000,0.0000,1
7715765,-0.155,-0.366,-0.123,-0.009,0.001,0.002,-137.986,-242.537,361.411,-173.610,-1.810,113.257,1,0.0000,0.0000,0.0000,1
7715843,-0.149,-0.387,0.119,-0.009,0.001,-0.006,-137.986,-242.537,361.411,-173.610,-1.810,113.257,1,0.0000,0.0000,0.0000,1
7715953,-0.164,-0.346,0.124,-0.009,0.001,-0.005,-137.986,-242.537,361.411,-173.610,-1.810,113.257,1,0.0000,0.0000,0.0000,1
7716062,-0.186,-0.339,-0.064,-0.010,0.002,-0.000,-137.986,-242.537,361.411,-173.610,-1.810,113.257,1,0.0000,0.0000,0.0000,1
7716203,-0.133,-0.375,0.011,-0.011,0.001,-0.004,-137.986,-242.537,361.411,-173.610,-1.810,113.257,1,0.0000,0.0000,0.0000,1
7716250,-0.039,-0.397,0.219,-0.012,-0.000,-0.010,-137.986,-242.537,361.411,-173.610,-1.810,113.257,1,0.0000,0.0000,0.0000,1
7716296,-0.013,-0.402,0.227,-0.013,-0.001,-0.010,-137.986,-242.537,361.411,-173.610,-1.810,113.257,1,0.0000,0.0000,0.0000,1
7716375,-0.047,-0.384,0.053,-0.014,-0.001,-0.004,-137.986,-242.537,361.411,-173.610,-1.810,113.257,1,0.0000,0.0000,0.0000,1
7716515,-0.074,-0.366,-0.039,-0.013,-0.000,-0.001,-137.986,-242.537,361.411,-173.610,-1.810,113.257,1,0.0000,0.0000,0.0000,1
7716609,-0.092,-0.383,0.079,-0.013,-0.000,-0.007,-137.986,-242.537,361.411,-173.610,-1.810,113.257,1,0.0000,0.0000,0.0000,1
7716718,-0.102,-0.401,0.191,-0.012,-0.001,-0.011,-137.986,-242.537,361.411,-173.610,-1.810,113.257,1,0.0000,0.0000,0.0000,1
7716796,-0.134,-0.383,0.098,-0.010,0.000,-0.006,-137.986,-242.537,361.411,-173.610,-1.810,113.257,1,0.0000,0.0000,0.0000,1
7716890,-0.165,-0.360,-0.012,-0.009,0.002,-0.001,-137.986,-242.537,361.411,-173.610,-1.810,113.257,1,0.0000,0.0000,0.0000,1
7716968,-0.141,-0.377,0.101,-0.009,0.001,-0.005,-137.986,-242.537,361.411,-173.610,-1.810,113.257,1,0.0000,0.0000,0.0000,1
7717046,-0.084,-0.396,0.251,-0.011,-0.000,-0.012,-137.986,-242.537,361.411,-173.610,-1.810,113.257,1,0.0000,0.0000,0.0000,1
7717156,-0.085,-0.361,0.141,-0.011,0.000,-0.009,-137.986,-242.537,361.411,-173.610,-1.810,113.257,1,0.0000,0.0000,0.0000,1
7717265,-0.138,-0.340,-0.005,-0.010,0.001,-0.003,-137.986,-242.537,361.411,-173.610,-1.810,113.257,1,0.0000,0.0000,0.0000,1
7717406,-0.118,-0.375,0.122,-0.012,0.001,-0.008,-137.986,-242.537,361.411,-173.610,-1.810,113.257,1,0.0000,0.0000,0.0000,1
7717453,-0.114,-0.379,0.150,-0.012,0.000,-0.009,-137.986,-242.537,361.411,-173.610,-1.810,113.257,1,0.0000,0.0000,0.0000,1
7717500,-0.182,-0.344,0.008,-0.010,0.001,-0.002,-137.986,-242.537,361.411,-173.610,-1.810,113.257,1,0.0000,0.0000,0.0000,1
7717578,-0.198,-0.334,-0.058,-0.009,0.002,0.001,-137.986,-242.537,361.411,-173.610,-1.810,113.257,1,0.0000,0.0000,0.0000,1
7717718,-0.186,-0.331,-0.162,-0.010,0.002,0.003,-137.986,-242.537,361.411,-173.610,-1.810,113.257,1,0.0000,0.0000,0.0000,1
7717812,-0.210,-0.333,-0.204,-0.009,0.002,0.005,-137.986,-242.537,361.411,-173.610,-1.810,113.257,1,0.0000,0.0000,0.0000,1
7717921,-0.212,-0.357,-0.060,-0.008,0.003,0.001,-137.986,-242.537,361.411,-173.610,-1.810,113.257,1,0.0000,0.0000,0.0000,1
7718000,-0.158,-0.380,0.108,-0.009,0.001,-0.006,-137.986,-242.537,361.411,-173.610,-1.810,113.257,1,0.0000,0.0000,0.0000,1
7718093,-0.140,-0.352,0.133,-0.009,0.001,-0.006,-137.986,-242.537,361.411,-173.610,-1.810,113.257,1,0.0000,0.0000,0.0000,1
7718171,-0.190,-0.287,0.040,-0.006,0.002,0.000,-137.986,-242.537,361.411,-173.610,-1.810,113.257,1,0.0000,0.0000,0.0000,1
7718250,-0.208,-0.283,0.004,-0.006,0.003,0.001,-137.986,-242.537,361.411,-173.610,-1.810,113.257,1,0.0000,0.0000,0.0000,1
7718359,-0.158,-0.347,0.072,-0.009,0.001,-0.004,-137.986,-242.537,361.411,-173.610,-1.810,113.257,1,0.0000,0.0000,0.0000,1
7718468,-0.137,-0.368,0.085,-0.010,0.001,-0.005,-137.986,-242.537,361.411,-173.610,-1.810,113.257,1,0.0000,0.0000,0.0000,1
7718609,-0.181,-0.337,-0.047,-0.009,0.002,0.000,-137.986,-242.537,361.411,-173.610,-1.810,113.257,1,0.0000,0.0000,0.0000,1
7718656,-0.196,-0.345,-0.082,-0.009,0.002,0.001,-137.986,-242.537,361.411,-173.610,-1.810,113.257,1,0.0000,0.0000,0.0000,1
7718703,-0.142,-0.400,0.137,-0.011,0.001,-0.006,-137.986,-242.537,361.411,-173.610,-1.810,113.257,1,0.0000,0.0000,0.0000,1
7718781,-0.101,-0.428,0.287,-0.011,-0.000,-0.011,-137.986,-242.537,361.411,-173.610,-1.810,113.257,1,0.0000,0.0000,0.0000,1
7718921,-0.105,-0.398,0.234,-0.010,0.000,-0.009,-137.986,-242.537,361.411,-173.610,-1.810,113.257,1,0.0000,0.0000,0.0000,1
7719015,-0.106,-0.369,0.177,-0.010,0.000,-0.006,-137.986,-242.537,361.411,-173.610,-1.810,113.257,1,0.0000,0.0000,0.0000,1
7719125,-0.140,-0.357,0.065,-0.011,0.001,-0.003,-137.986,-242.537,361.411,-173.610,-1.810,113.257,1,0.0000,0.0000,0.0000,1
7719203,-0.184,-0.353,0.014,-0.009,0.003,-0.000,-137.986,-242.537,361.411,-173.610,-1.810,113.257,1,0.0000,0.0000,0.0000,1
7719296,-0.146,-0.376,0.127,-0.008,0.002,-0.004,-137.986,-242.537,361.411,-173.610,-1.810,113.257,1,0.0000,0.0000,0.0000,1
7719375,-0.115,-0.370,0.068,-0.010,0.000,-0.004,-137.986,-242.537,361.411,-173.610,-1.810,113.257,1,0.0000,0.0000,0.0000,1
7719453,-0.130,-0.325,-0.118,-0.011,0.000,0.000,-137.986,-242.537,361.411,-173.610,-1.810,113.257,1,0.0000,0.0000,0.0000,1
7719562,-0.103,-0.338,-0.047,-0.011,0.001,-0.002,-137.986,-242.537,361.411,-173.610,-1.810,113.257,1,0.0000,0.0000,0.0000,1
7719671,-0.101,-0.390,0.161,-0.010,0.001,-0.008,-137.986,-242.537,361.411,-173.610,-1.810,113.257,1,0.0000,0.0000,0.0000,1
7719812,-0.155,-0.379,0.114,-0.010,0.002,-0.005,-137.986,-242.537,361.411,-173.610,-1.810,113.257,1,0.0000,0.0000,0.0000,1
7719859,-0.164,-0.361,-0.089,-0.011,0.001,-0.000,-137.986,-242.537,361.411,-173.610,-1.810,113.257,1,0.0000,0.0000,0.0000,1
7719906,-0.108,-0.378,-0.066,-0.012,-0.001,-0.003,-137.986,-242.537,361.411,-173.610,-1.810,113.257,1,0.0000,0.0000,0.0000,1
7719984,-0.092,-0.372,0.124,-0.010,0.000,-0.007,-137.986,-242.537,361.411,-173.610,-1.810,113.257,1,0.0000,0.0000,0.0000,1
7720125,-0.151,-0.357,0.199,-0.009,0.003,-0.007,-137.986,-242.537,361.411,-173.610,-1.810,113.257,1,0.0000,0.0000,0.0000,1
7720203,-0.154,-0.352,0.090,-0.009,0.003,-0.004,-137.986,-242.537,361.411,-173.610,-1.810,113.257,1,0.0000,0.0000,0.0000,1
7720312,-0.094,-0.352,-0.002,-0.011,-0.000,-0.002,-137.986,-242.537,361.411,-173.610,-1.810,113.257,1,0.0000,0.0000,0.0000,1
7720390,-0.091,-0.382,0.070,-0.012,-0.001,-0.005,-137.986,-242.537,361.411,-173.610,-1.810,113.257,1,0.0000,0.0000,0.0000,1
7720484,-0.136,-0.397,0.041,-0.011,0.001,-0.004,-137.986,-242.537,361.411,-173.610,-1.810,113.257,1,0.0000,0.0000,0.0000,1
7720562,-0.160,-0.377,-0.103,-0.011,0.002,0.000,-137.986,-242.537,361.411,-173.610,-1.810,113.257,1,0.0000,0.0000,0.0000,1
7720640,-0.150,-0.365,-0.001,-0.012,0.001,-0.003,-137.986,-242.537,361.411,-173.610,-1.810,113.257,1,0.0000,0.0000,0.0000,1
7720750,-0.145,-0.351,0.196,-0.010,0.002,-0.007,-137.986,-242.537,361.411,-173.610,-1.810,113.257,1,0.0000,0.0000,0.0000,1
7720859,-0.153,-0.359,0.164,-0.009,0.003,-0.006,-137.986,-242.537,361.411,-173.610,-1.810,113.257,1,0.0000,0.0000,0.0000,1
7721000,-0.133,-0.361,0.078,-0.009,0.001,-0.005,-137.986,-242.537,361.411,-173.610,-1.810,113.257,1,0.0000,0.0000,0.0000,1
7721046,-0.120,-0.322,0.016,-0.009,0.000,-0.003,-137.986,-242.537,361.411,-173.610,-1.810,113.257,1,0.0000,0.0000,0.0000,1
7721093,-0.153,-0.319,-0.063,-0.009,0.001,-0.001,-137.986,-242.537,361.411,-173.610,-1.810,113.257,1,0.0000,0.0000,0.0000,1
7721171,-0.164,-0.361,-0.096,-0.012,0.001,-0.003,-137.986,-242.537,361.411,-173.610,-1.810,113.257,1,0.0000,0.0000,0.0000,1
7721312,-0.138,-0.385,-0.138,-0.013,0.001,-0.006,-137.986,-242.537,361.411,-173.610,-1.810,113.257,1,0.0000,0.0000,0.0000,1
7721406,-0.139,-0.380,-0.144,-0.012,0.000,-0.003,-137.986,-242.537,361.411,-173.610,-1.810,113.257,1,0.0000,0.0000,0.0000,1
7721515,-0.161,-0.367,-0.061,-0.011,0.001,-0.000,-137.986,-242.537,361.411,-173.610,-1.810,113.257,1,0.0000,0.0000,0.0000,1
7721593,-0.152,-0.365,0.078,-0.010,0.001,-0.004,-137.986,-242.537,361.411,-173.610,-1.810,113.257,1,0.0000,0.0000,0.0000,1
7721687,-0.148,-0.370,0.134,-0.009,0.001,-0.006,-137.986,-242.537,361.411,-173.610,-1.810,113.257,1,0.0000,0.0000,0.0000,1
7721765,-0.173,-0.353,0.004,-0.009,0.002,-0.001,-137.986,-242.537,361.411,-173.610,-1.810,113.257,1,0.0000,0.0000,0.0000,1
7721843,-0.144,-0.343,-0.052,-0.010,0.002,-0.001,-137.986,-242.537,361.411,-173.610,-1.810,113.257,1,0.0000,0.0000,0.0000,1
7721953,-0.087,-0.376,0.111,-0.012,0.001,-0.009,-137.986,-242.537,361.411,-173.610,-1.810,113.257,1,0.0000,0.0000,0.0000,1
7722062,-0.072,-0.404,0.214,-0.012,-0.000,-0.012,-137.986,-242.537,361.411,-173.610,-1.810,113.257,1,0.0000,0.0000,0.0000,1
7722203,-0.096,-0.395,0.089,-0.011,-0.001,-0.007,-137.986,-242.537,361.411,-173.610,-1.810,113.257,1,0.0000,0.0000,0.0000,1
7722250,-0.157,-0.358,-0.101,-0.010,0.000,0.000,-137.986,-242.537,361.411,-173.610,-1.810,113.257,1,0.0000,0.0000,0.0000,1
7722296,-0.171,-0.348,-0.062,-0.009,0.001,0.000,-137.986,-242.537,361.411,-173.610,-1.810,113.257,1,0.0000,0.0000,0.0000,1
7722375,-0.093,-0.383,0.138,-0.011,0.001,-0.007,-137.986,-242.537,361.411,-173.610,-1.810,113.257,1,0.0000,0.0000,0.0000,1
7722515,-0.047,-0.403,0.192,-0.012,0.000,-0.010,-137.986,-242.537,361.411,-173.610,-1.810,113.257,1,0.0000,0.0000,0.0000,1
7722609,-0.113,-0.358,0.111,-0.009,0.001,-0.005,-137.986,-242.537,361.411,-173.610,-1.810,113.257,1,0.0000,0.0000,0.0000,1
7722718,-0.150,-0.305,0.128,-0.007,0.002,-0.004,-137.986,-242.537,361.411,-173.610,-1.810,113.257,1,0.0000,0.0000,0.0000,1
7722796,-0.101,-0.342,0.215,-0.009,0.000,-0.008,-137.986,-242.537,361.411,-173.610,-1.810,113.257,1,0.0000,0.0000,0.0000,1
7722890,-0.091,-0.404,0.157,-0.013,-0.000,-0.008,-137.986,-242.537,361.411,-173.610,-1.810,113.257,1,0.0000,0.0000,0.0000,1
7722968,-0.138,-0.380,0.045,-0.011,0.001,-0.004,-137.986,-242.537,361.411,-173.610,-1.810,113.257,1,0.0000,0.0000,0.0000,1
7723046,-0.180,-0.334,-0.018,-0.008,0.003,0.001,-137.986,-242.537,361.411,-173.610,-1.810,113.257,1,0.0000,0.0000,0.0000,1
7723156,-0.161,-0.374,0.033,-0.007,0.003,-0.001,-137.986,-242.537,361.411,-173.610,-1.810,113.257,1,0.0000,0.0000,0.0000,1
7723265,-0.133,-0.425,0.085,-0.009,0.002,-0.004,-137.986,-242.537,361.411,-173.610,-1.810,113.257,1,0.0000,0.0000,0.0000,1
7723406,-0.183,-0.378,-0.055,-0.008,0.002,0.002,-137.986,-242.537,361.411,-173.610,-1.810,113.257,1,0.0000,0.0000,0.0000,1
7723453,-0.197,-0.322,-0.091,-0.008,0.002,0.004,-137.986,-242.537,361.411,-173.610,-1.810,113.257,1,0.0000,0.0000,0.0000,1
7723500,-0.112,-0.356,0.144,-0.011,0.001,-0.005,-137.986,-242.537,361.411,-173.610,-1.810,113.257,1,0.0000,0.0000,0.0000,1
7723578,-0.069,-0.398,0.285,-0.011,-0.001,-0.010,-137.986,-242.537,361.411,-173.610,-1.810,113.257,1,0.0000,0.0000,0.0000,1
7723718,-0.107,-0.395,0.169,-0.011,-0.001,-0.007,-137.986,-242.537,361.411,-173.610,-1.810,113.257,1,0.0000,0.0000,0.0000,1
7723812,-0.126,-0.388,0.036,-0.013,-0.000,-0.006,-137.986,-242.537,361.411,-173.610,-1.810,113.257,1,0.0000,0.0000,0.0000,1
7723921,-0.146,-0.374,-0.052,-0.014,0.001,-0.004,-137.986,-242.537,361.411,-173.610,-1.810,113.257,1,0.0000,0.0000,0.0000,1
7724000,-0.172,-0.360,-0.071,-0.010,0.002,-0.000,-137.986,-242.537,361.411,-173.610,-1.810,113.257,1,0.0000,0.0000,0.0000,1
7724093,-0.115,-0.369,0.041,-0.009,0.001,-0.003,-137.986,-242.537,361.411,-173.610,-1.810,113.257,1,0.0000,0.0000,0.0000,1
7724171,-0.061,-0.374,0.109,-0.011,-0.000,-0.007,-137.986,-242.537,361.411,-173.610,-1.810,113.257,1,0.0000,0.0000,0.0000,1
7724250,-0.097,-0.375,0.037,-0.011,0.000,-0.004,-137.986,-242.537,361.411,-173.610,-1.810,113.257,1,0.0000,0.0000,0.0000,1
7724359,-0.171,-0.354,-0.098,-0.010,0.001,0.001,-137.986,-242.537,361.411,-173.610,-1.810,113.257,1,0.0000,0.0000,0.0000,1
7724468,-0.206,-0.304,-0.173,-0.009,0.002,0.005,-137.986,-242.537,361.411,-173.610,-1.810,113.257,1,0.0000,0.0000,0.0000,1
7724609,-0.216,-0.296,-0.177,-0.009,0.002,0.004,-137.986,-242.537,361.411,-173.610,-1.810,113.257,1,0.0000,0.0000,0.0000,1
7724656,-0.216,-0.336,-0.102,-0.010,0.001,0.001,-137.986,-242.537,361.411,-173.610,-1.810,113.257,1,0.0000,0.0000,0.0000,1
7724703,-0.159,-0.361,-0.002,-0.009,0.001,-0.002,-137.986,-242.537,361.411,-173.610,-1.810,113.257,1,0.0000,0.0000,0.0000,1
7724781,-0.121,-0.363,0.079,-0.009,0.000,-0.005,-137.986,-242.537,361.411,-173.610,-1.810,113.257,1,0.0000,0.0000,0.0000,1
7724921,-0.151,-0.356,0.094,-0.009,0.001,-0.005,-137.986,-242.537,361.411,-173.610,-1.810,113.257,1,0.0000,0.0000,0.0000,1
7725015,-0.166,-0.356,-0.002,-0.009,0.001,-0.001,-137.986,-242.537,361.411,-173.610,-1.810,113.257,1,0.0000,0.0000,0.0000,1
7725125,-0.117,-0.407,-0.013,-0.011,0.000,-0.003,-137.986,-242.537,361.411,-173.610,-1.810,113.257,1,0.0000,0.0000,0.0000,1
7725203,-0.085,-0.439,0.050,-0.013,-0.001,-0.006,-137.986,-242.537,361.411,-173.610,-1.810,113.257,1,0.0000,0.0000,0.0000,1
7725296,-0.103,-0.418,0.155,-0.011,-0.000,-0.006,-137.986,-242.537,361.411,-173.610,-1.810,113.257,1,0.0000,0.0000,0.0000,1
7725375,-0.140,-0.383,0.147,-0.009,0.001,-0.003,-137.986,-242.537,361.411,-173.610,-1.810,113.257,1,0.0000,0.0000,0.0000,1
7725453,-0.152,-0.331,0.006,-0.009,0.001,0.000,-137.986,-242.537,361.411,-173.610,-1.810,113.257,1,0.0000,0.0000,0.0000,1
7725562,-0.096,-0.302,0.042,-0.010,-0.000,-0.004,-137.986,-242.537,361.411,-173.610,-1.810,113.257,1,0.0000,0.0000,0.0000,1
7725671,-0.070,-0.323,0.107,-0.012,-0.001,-0.007,-137.986,-242.537,361.411,-173.610,-1.810,113.257,1,0.0000,0.0000,0.0000,1
7725812,-0.100,-0.375,0.098,-0.011,0.000,-0.007,-137.986,-242.537,361.411,-173.610,-1.810,113.257,1,0.0000,0.0000,0.0000,1
7725859,-0.140,-0.377,0.040,-0.009,0.001,-0.003,-137.986,-242.537,361.411,-173.610,-1.810,113.257,1,0.0000,0.0000,0.0000,1
7725906,-0.161,-0.347,-0.067,-0.010,0.002,0.001,-137.986,-242.537,361.411,-173.610,-1.810,113.257,1,0.0000,0.0000,0.0000,1
7725984,-0.137,-0.368,-0.024,-0.012,0.001,-0.004,-137.986,-242.537,361.411,-173.610,-1.810,113.257,1,0.0000,0.0000,0.0000,1
7726125,-0.115,-0.384,0.108,-0.012,0.000,-0.008,-137.986,-242.537,361.411,-173.610,-1.810,113.257,1,0.0000,0.0000,0.0000,1
7726218,-0.137,-0.360,0.048,-0.009,0.001,-0.003,-137.986,-242.537,361.411,-173.610,-1.810,113.257,1,0.0000,0.0000,0.0000,1
7726328,-0.120,-0.328,-0.045,-0.009,0.001,0.001,-137.986,-242.537,361.411,-173.610,-1.810,113.257,1,0.0000,0.0000,0.0000,1
7726406,-0.035,-0.329,0.083,-0.011,-0.000,-0.005,-137.986,-242.537,361.411,-173.610,-1.810,113.257,1,0.0000,0.0000,0.0000,1
7726500,-0.035,-0.370,0.125,-0.012,-0.000,-0.009,-137.986,-242.537,361.411,-173.610,-1.810,113.257,1,0.0000,0.0000,0.0000,1
7726578,-0.134,-0.387,-0.032,-0.011,0.001,-0.003,-137.986,-242.537,361.411,-173.610,-1.810,113.257,1,0.0000,0.0000,0.0000,1
7726656,-0.175,-0.345,-0.051,-0.009,0.002,0.001,-137.986,-242.537,361.411,-173.610,-1.810,113.257,1,0.0000,0.0000,0.0000,1
7726781,-0.126,-0.325,0.096,-0.007,0.001,-0.003,-137.986,-242.537,361.411,-173.610,-1.810,113.257,1,0.0000,0.0000,0.0000,1
7726890,-0.128,-0.338,0.029,-0.008,0.001,-0.002,-137.986,-242.537,361.411,-173.610,-1.810,113.257,1,0.0000,0.0000,0.0000,1
7727031,-0.168,-0.335,-0.178,-0.009,0.002,0.005,-137.986,-242.537,361.411,-173.610,-1.810,113.257,1,0.0000,0.0000,0.0000,1
7727078,-0.098,-0.368,-0.061,-0.011,0.001,-0.001,-137.986,-242.537,361.411,-173.610,-1.810,113.257,1,0.0000,0.0000,0.0000,1
7727203,-0.012,-0.401,0.197,-0.013,-0.001,-0.011,-137.986,-242.537,361.411,-173.610,-1.810,113.257,1,0.0000,0.0000,0.0000,1
7727343,-0.015,-0.404,0.224,-0.012,-0.002,-0.011,-137.986,-242.537,361.411,-173.610,-1.810,113.257,1,0.0000,0.0000,0.0000,1
7727421,-0.044,-0.413,0.151,-0.013,-0.002,-0.010,-137.986,-242.537,361.411,-173.610,-1.810,113.257,1,0.0000,0.0000,0.0000,1
7727468,-0.073,-0.392,0.090,-0.013,-0.001,-0.010,-137.986,-242.537,361.411,-173.610,-1.810,113.257,1,0.0000,0.0000,0.0000,1
7727546,-0.115,-0.367,0.044,-0.011,0.000,-0.006,-137.986,-242.537,361.411,-173.610,-1.810,113.257,1,0.0000,0.0000,0.0000,1
7727609,-0.157,-0.370,0.061,-0.009,0.001,-0.001,-137.986,-242.537,361.411,-173.610,-1.810,113.257,1,0.0000,0.0000,0.0000,1
7727703,-0.164,-0.383,0.086,-0.010,0.002,-0.001,-137.986,-242.537,361.411,-173.610,-1.810,113.257,1,0.0000,0.0000,0.0000,1
7727781,-0.139,-0.377,0.025,-0.012,0.001,-0.003,-137.986,-242.537,361.411,-173.610,-1.810,113.257,1,0.0000,0.0000,0.0000,1
7727859,-0.144,-0.340,-0.135,-0.011,0.001,0.002,-137.986,-242.537,361.411,-173.610,-1.810,113.257,1,0.0000,0.0000,0.0000,1
7727968,-0.151,-0.341,-0.139,-0.010,0.001,0.003,-137.986,-242.537,361.411,-173.610,-1.810,113.257,1,0.0000,0.0000,0.0000,1
7728078,-0.142,-0.376,-0.041,-0.011,0.001,-0.001,-137.986,-242.537,361.411,-173.610,-1.810,113.257,1,0.0000,0.0000,0.0000,1
7728218,-0.161,-0.376,-0.090,-0.011,0.001,0.001,-137.986,-242.537,361.411,-173.610,-1.810,113.257,1,0.0000,0.0000,0.0000,1
7728265,-0.154,-0.367,-0.046,-0.010,0.001,-0.000,-137.986,-242.537,361.411,-173.610,-1.810,113.257,1,0.0000,0.0000,0.0000,1
7728312,-0.142,-0.373,0.065,-0.011,0.000,-0.004,-137.986,-242.537,361.411,-173.610,-1.810,113.257,1,0.0000,0.0000,0.0000,1
7728390,-0.131,-0.377,0.066,-0.011,-0.000,-0.005,-137.986,-242.537,361.411,-173.610,-1.810,113.257,1,0.0000,0.0000,0.0000,1
7728531,-0.104,-0.373,0.050,-0.010,-0.001,-0.006,-137.986,-242.537,361.411,-173.610,-1.810,113.257,1,0.0000,0.0000,0.0000,1
7728625,-0.129,-0.361,0.018,-0.009,0.000,-0.004,-137.986,-242.537,361.411,-173.610,-1.810,113.257,1,0.0000,0.0000,0.0000,1
7728734,-0.128,-0.376,0.091,-0.010,0.001,-0.006,-137.986,-242.537,361.411,-173.610,-1.810,113.257,1,0.0000,0.0000,0.0000,1
7728812,-0.106,-0.370,0.143,-0.011,-0.000,-0.008,-137.986,-242.537,361.411,-173.610,-1.810,113.257,1,0.0000,0.0000,0.0000,1
7728906,-0.112,-0.341,0.087,-0.009,-0.000,-0.005,-137.986,-242.537,361.411,-173.610,-1.810,113.257,1,0.0000,0.0000,0.0000,1
7728984,-0.092,-0.377,0.148,-0.010,0.000,-0.007,-137.986,-242.537,361.411,-173.610,-1.810,113.257,1,0.0000,0.0000,0.0000,1
7729062,-0.097,-0.402,0.172,-0.012,0.001,-0.008,-137.986,-242.537,361.411,-173.610,-1.810,113.257,1,0.0000,0.0000,0.0000,1
7729171,-0.112,-0.387,0.153,-0.011,0.001,-0.008,-137.986,-242.537,361.411,-173.610,-1.810,113.257,1,0.0000,0.0000,0.0000,1
7729281,-0.100,-0.389,0.190,-0.011,0.001,-0.010,-137.986,-242.537,361.411,-173.610,-1.810,113.257,1,0.0000,0.0000,0.0000,1
7729421,-0.091,-0.394,0.123,-0.011,-0.000,-0.008,-137.986,-242.537,361.411,-173.610,-1.810,113.257,1,0.0000,0.0000,0.0000,1
7729468,-0.129,-0.382,0.017,-0.011,0.000,-0.003,-137.986,-242.537,361.411,-173.610,-1.810,113.257,1,0.0000,0.0000,0.0000,1
7729515,-0.180,-0.372,0.011,-0.010,0.001,-0.002,-137.986,-242.537,361.411,-173.610,-1.810,113.257,1,0.0000,0.0000,0.0000,1
7729593,-0.173,-0.351,0.023,-0.009,0.002,-0.002,-137.986,-242.537,361.411,-173.610,-1.810,113.257,1,0.0000,0.0000,0.0000,1
7729734,-0.171,-0.309,-0.040,-0.007,0.002,0.002,-137.986,-242.537,361.411,-173.610,-1.810,113.257,1,0.0000,0.0000,0.0000,1
7729828,-0.154,-0.348,0.016,-0.008,0.002,0.000,-137.986,-242.537,361.411,-173.610,-1.810,113.257,1,0.0000,0.0000,0.0000,1
7729937,-0.119,-0.410,0.174,-0.011,0.001,-0.006,-137.986,-242.537,361.411,-173.610,-1.810,113.257,1,0.0000,0.0000,0.0000,1
7730015,-0.151,-0.383,0.053,-0.010,0.002,-0.001,-137.986,-242.537,361.411,-173.610,-1.810,113.257,1,0.0000,0.0000,0.0000,1
7730109,-0.166,-0.361,-0.100,-0.010,0.002,0.002,-137.986,-242.537,361.411,-173.610,-1.810,113.257,1,0.0000,0.0000,0.0000,1
7730187,-0.099,-0.380,0.087,-0.011,0.000,-0.006,-137.986,-242.537,361.411,-173.610,-1.810,113.257,1,0.0000,0.0000,0.0000,1
7730265,-0.044,-0.398,0.292,-0.012,-0.001,-0.014,-137.986,-242.537,361.411,-173.610,-1.810,113.257,1,0.0000,0.0000,0.0000,1
7730375,-0.079,-0.416,0.175,-0.013,-0.000,-0.011,-137.986,-242.537,361.411,-173.610,-1.810,113.257,1,0.0000,0.0000,0.0000,1
7730484,-0.135,-0.407,-0.056,-0.013,0.001,-0.003,-137.986,-242.537,361.411,-173.610,-1.810,113.257,1,0.0000,0.0000,0.0000,1
7730625,-0.112,-0.395,0.011,-0.012,-0.000,-0.005,-137.986,-242.537,361.411,-173.610,-1.810,113.257,1,0.0000,0.0000,0.0000,1
7730671,-0.070,-0.402,0.255,-0.012,-0.001,-0.012,-137.986,-242.537,361.411,-173.610