t_ms,Fx,Fy,Fz,Mx,My,Mz,pose_x,pose_y,pose_z,pose_rx,pose_ry,pose_rz,ff_enabled,acc_x,acc_y,acc_z,is_still
6321843,-0.006,-0.015,-0.001,-0.001,0.000,-0.000,-103.850,-310.350,383.600,-173.380,-3.310,-113.920,1,0.0000,0.0000,0.0000,1
6321890,-0.087,-0.191,-0.000,-0.007,0.004,-0.002,-103.850,-310.350,383.600,-173.380,-3.310,-113.920,1,0.0000,0.0000,0.0000,1
6322015,-0.097,-0.267,0.066,-0.011,0.005,-0.006,-103.850,-310.350,383.600,-173.380,-3.310,-113.920,1,0.0000,0.0000,0.0000,1
6322062,-0.105,-0.252,-0.019,-0.010,0.005,-0.003,-103.850,-310.350,383.600,-173.380,-3.310,-113.920,1,0.0000,0.0000,0.0000,1
6322109,-0.113,-0.249,-0.039,-0.010,0.005,-0.002,-103.850,-310.350,383.600,-173.380,-3.310,-113.920,1,0.0000,0.0000,0.0000,1
6322187,-0.100,-0.261,0.050,-0.010,0.005,-0.005,-103.850,-310.350,383.600,-173.380,-3.310,-113.920,1,0.0000,0.0000,0.0000,1
6322265,-0.107,-0.247,0.020,-0.010,0.006,-0.004,-103.850,-310.350,383.600,-173.380,-3.310,-113.920,1,0.0000,0.0000,0.0000,1
6322359,-0.101,-0.237,-0.003,-0.009,0.006,-0.002,-103.850,-310.350,383.600,-173.380,-3.310,-113.920,1,0.0000,0.0000,0.0000,1
6322437,-0.104,-0.255,0.049,-0.010,0.006,-0.005,-103.850,-310.350,383.600,-173.380,-3.310,-113.920,1,0.0000,0.0000,0.0000,1
6322546,-0.094,-0.233,-0.004,-0.010,0.005,-0.002,-103.850,-310.350,383.600,-173.380,-3.310,-113.920,1,0.0000,0.0000,0.0000,1
6322640,-0.097,-0.252,0.059,-0.010,0.005,-0.005,-103.850,-310.350,383.600,-173.380,-3.310,-113.920,1,0.0000,0.0000,0.0000,1
6322781,-0.105,-0.258,0.032,-0.010,0.005,-0.005,-103.850,-310.350,383.600,-173.380,-3.310,-113.920,1,0.0000,0.0000,0.0000,1
6322828,-0.105,-0.256,0.002,-0.010,0.005,-0.004,-103.850,-310.350,383.600,-173.380,-3.310,-113.920,1,0.0000,0.0000,0.0000,1
6322875,-0.100,-0.252,0.049,-0.010,0.005,-0.005,-103.850,-310.350,383.600,-173.380,-3.310,-113.920,1,0.0000,0.0000,0.0000,1
6322953,-0.111,-0.251,0.013,-0.010,0.006,-0.003,-103.850,-310.350,383.600,-173.380,-3.310,-113.920,1,0.0000,0.0000,0.0000,1
6323093,-0.104,-0.260,0.046,-0.010,0.005,-0.004,-103.850,-310.350,383.600,-173.380,-3.310,-113.920,1,0.0000,0.0000,0.0000,1
6323187,-0.082,-0.258,0.036,-0.011,0.005,-0.004,-103.850,-310.350,383.600,-173.380,-3.310,-113.920,1,0.0000,0.0000,0.0000,1
6323296,-0.104,-0.256,0.042,-0.010,0.005,-0.005,-103.850,-310.350,383.600,-173.380,-3.310,-113.920,1,0.0000,0.0000,0.0000,1
6323375,-0.106,-0.250,0.030,-0.010,0.006,-0.004,-103.850,-310.350,383.600,-173.380,-3.310,-113.920,1,0.0000,0.0000,0.0000,1
6323468,-0.110,-0.254,0.016,-0.010,0.005,-0.004,-103.850,-310.350,383.600,-173.380,-3.310,-113.920,1,0.0000,0.0000,0.0000,1
6323546,-0.098,-0.256,0.064,-0.010,0.006,-0.005,-103.850,-310.350,383.600,-173.380,-3.310,-113.920,1,0.0000,0.0000,0.0000,1
6323625,-0.106,-0.253,0.029,-0.010,0.006,-0.004,-103.850,-310.350,383.600,-173.380,-3.310,-113.920,1,0.0000,0.0000,0.0000,1
6323734,-0.105,-0.254,0.046,-0.010,0.006,-0.005,-103.850,-310.350,383.600,-173.380,-3.310,-113.920,1,0.0000,0.0000,0.0000,1
6323843,-0.108,-0.246,0.022,-0.010,0.006,-0.003,-103.850,-310.350,383.600,-173.380,-3.310,-113.920,1,0.0000,0.0000,0.0000,1
6323984,-0.126,-0.260,0.055,-0.010,0.007,-0.004,-103.850,-310.350,383.600,-173.380,-3.310,-113.920,1,0.0000,0.0000,0.0000,1
6324031,-0.110,-0.240,0.017,-0.010,0.006,-0.003,-103.850,-310.350,383.600,-173.380,-3.310,-113.920,1,0.0000,0.0000,0.0000,1
6324078,-0.116,-0.246,0.013,-0.010,0.006,-0.003,-103.850,-310.350,383.600,-173.380,-3.310,-113.920,1,0.0000,0.0000,0.0000,1
6324156,-0.121,-0.253,0.020,-0.010,0.005,-0.003,-103.850,-310.350,383.600,-173.380,-3.310,-113.920,1,0.0000,0.0000,0.0000,1
6324296,-0.109,-0.250,0.021,-0.010,0.005,-0.003,-103.850,-310.350,383.600,-173.380,-3.310,-113.920,1,0.0000,0.0000,0.0000,1
6324406,-0.109,-0.243,0.010,-0.010,0.006,-0.003,-103.850,-310.350,383.600,-173.380,-3.310,-113.920,1,0.0000,0.0000,0.0000,1
6324515,-0.114,-0.254,0.054,-0.010,0.006,-0.005,-103.850,-310.350,383.600,-173.380,-3.310,-113.920,1,0.0000,0.0000,0.0000,1
6324593,-0.130,-0.249,0.039,-0.009,0.006,-0.004,-103.850,-310.350,383.600,-173.380,-3.310,-113.920,1,0.0000,0.0000,0.0000,1
6324687,-0.108,-0.250,0.034,-0.010,0.006,-0.003,-103.850,-310.350,383.600,-173.380,-3.310,-113.920,1,0.0000,0.0000,0.0000,1
6324765,-0.131,-0.253,0.067,-0.010,0.006,-0.005,-103.850,-310.350,383.600,-173.380,-3.310,-113.920,1,0.0000,0.0000,0.0000,1
6324843,-0.126,-0.241,0.069,-0.010,0.006,-0.004,-103.850,-310.350,383.600,-173.380,-3.310,-113.920,1,0.0000,0.0000,0.0000,1
6324953,-0.110,-0.245,0.039,-0.010,0.005,-0.004,-103.850,-310.350,383.600,-173.380,-3.310,-113.920,1,0.0000,0.0000,0.0000,1
6325062,-0.116,-0.250,0.041,-0.009,0.006,-0.003,-103.850,-310.350,383.600,-173.380,-3.310,-113.920,1,0.0000,0.0000,0.0000,1
6325203,-0.129,-0.256,0.027,-0.009,0.006,-0.002,-103.850,-310.350,383.600,-173.380,-3.310,-113.920,1,0.0000,0.0000,0.0000,1
6325250,-0.127,-0.263,0.040,-0.010,0.006,-0.003,-103.850,-310.350,383.600,-173.380,-3.310,-113.920,1,0.0000,0.0000,0.0000,1
6325296,-0.121,-0.257,0.027,-0.010,0.006,-0.003,-103.850,-310.350,383.600,-173.380,-3.310,-113.920,1,0.0000,0.0000,0.0000,1
6325375,-0.117,-0.255,0.016,-0.010,0.006,-0.004,-103.850,-310.350,383.600,-173.380,-3.310,-113.920,1,0.0000,0.0000,0.0000,1
6325515,-0.152,-0.275,0.065,-0.010,0.006,-0.003,-103.850,-310.350,383.600,-173.380,-3.310,-113.920,1,0.0000,0.0000,0.0000,1
6325609,-0.111,-0.245,0.037,-0.010,0.006,-0.004,-103.850,-310.350,383.600,-173.380,-3.310,-113.920,1,0.0000,0.0000,0.0000,1
6325718,-0.121,-0.237,0.033,-0.010,0.006,-0.004,-103.850,-310.350,383.600,-173.380,-3.310,-113.920,1,0.0000,0.0000,0.0000,1
6325796,-0.122,-0.238,0.037,-0.009,0.006,-0.003,-103.850,-310.350,383.600,-173.380,-3.310,-113.920,1,0.0000,0.0000,0.0000,1
6325875,-0.113,-0.250,0.057,-0.010,0.006,-0.004,-103.850,-310.350,383.600,-173.380,-3.310,-113.920,1,0.0000,0.0000,0.0000,1
6325968,-0.121,-0.246,0.032,-0.009,0.006,-0.003,-103.850,-310.350,383.600,-173.380,-3.310,-113.920,1,0.0000,0.0000,0.0000,1
6326046,-0.136,-0.245,0.025,-0.009,0.006,-0.002,-103.850,-310.350,383.600,-173.380,-3.310,-113.920,1,0.0000,0.0000,0.0000,1
6326156,-0.113,-0.253,0.026,-0.011,0.006,-0.004,-103.850,-310.350,383.600,-173.380,-3.310,-113.920,1,0.0000,0.0000,0.0000,1
6326250,-0.108,-0.246,0.016,-0.010,0.005,-0.004,-103.850,-310.350,383.600,-173.380,-3.310,-113.920,1,0.0000,0.0000,0.0000,1
6326390,-0.128,-0.234,0.022,-0.009,0.006,-0.002,-103.850,-310.350,383.600,-173.380,-3.310,-113.920,1,0.0000,0.0000,0.0000,1
6326437,-0.115,-0.233,0.031,-0.009,0.005,-0.003,-103.850,-310.350,383.600,-173.380,-3.310,-113.920,1,0.0000,0.0000,0.0000,1
6326484,-0.107,-0.245,0.048,-0.010,0.005,-0.004,-103.850,-310.350,383.600,-173.380,-3.310,-113.920,1,0.0000,0.0000,0.0000,1
6326562,-0.135,-0.217,0.038,-0.008,0.006,-0.002,-103.850,-310.350,383.600,-173.380,-3.310,-113.920,1,0.0000,0.0000,0.0000,1
6326703,-0.112,-0.245,0.024,-0.010,0.006,-0.004,-103.850,-310.350,383.600,-173.380,-3.310,-113.920,1,0.0000,0.0000,0.0000,1
6326796,-0.122,-0.240,0.035,-0.009,0.006,-0.004,-103.850,-310.350,383.600,-173.380,-3.310,-113.920,1,0.0000,0.0000,0.0000,1
6326906,-0.118,-0.267,0.068,-0.009,0.006,-0.004,-103.850,-310.350,383.600,-173.380,-3.310,-113.920,1,0.0000,0.0000,0.0000,1
6326984,-0.111,-0.256,0.021,-0.010,0.006,-0.004,-103.850,-310.350,383.600,-173.380,-3.310,-113.920,1,0.0000,0.0000,0.0000,1
6327078,-0.129,-0.264,0.039,-0.009,0.006,-0.003,-103.850,-310.350,383.600,-173.380,-3.310,-113.920,1,0.0000,0.0000,0.0000,1
6327156,-0.117,-0.239,0.059,-0.009,0.006,-0.002,-103.850,-310.350,383.600,-173.380,-3.310,-113.920,1,0.0000,0.0000,0.0000,1
6327234,-0.097,-0.251,0.049,-0.010,0.005,-0.005,-103.850,-310.350,383.600,-173.380,-3.310,-113.920,1,0.0000,0.0000,0.0000,1
6327343,-0.104,-0.243,0.057,-0.009,0.006,-0.004,-103.850,-310.350,383.600,-173.380,-3.310,-113.920,1,0.0000,0.0000,0.0000,1
6327453,-0.123,-0.244,0.028,-0.009,0.006,-0.002,-103.850,-310.350,383.600,-173.380,-3.310,-113.920,1,0.0000,0.0000,0.0000,1
6327593,-0.098,-0.246,0.038,-0.010,0.005,-0.004,-103.850,-310.350,383.600,-173.380,-3.310,-113.920,1,0.0000,0.0000,0.0000,1
6327640,-0.100,-0.248,0.050,-0.009,0.005,-0.004,-103.850,-310.350,383.600,-173.380,-3.310,-113.920,1,0.0000,0.0000,0.0000,1
6327687,-0.115,-0.247,0.040,-0.009,0.006,-0.003,-103.850,-310.350,383.600,-173.380,-3.310,-113.920,1,0.0000,0.0000,0.0000,1
6327765,-0.118,-0.249,0.030,-0.009,0.006,-0.003,-103.850,-310.350,383.600,-173.380,-3.310,-113.920,1,0.0000,0.0000,0.0000,1
6327906,-0.104,-0.258,0.032,-0.010,0.005,-0.004,-103.850,-310.350,383.600,-173.380,-3.310,-113.920,1,0.0000,0.0000,0.0000,1
6328000,-0.105,-0.241,0.046,-0.009,0.005,-0.003,-103.850,-310.350,383.600,-173.380,-3.310,-113.920,1,0.0000,0.0000,0.0000,1
6328109,-0.088,-0.253,0.069,-0.010,0.005,-0.005,-103.850,-310.350,383.600,-173.380,-3.310,-113.920,1,0.0000,0.0000,0.0000,1
6328187,-0.122,-0.235,0.023,-0.009,0.005,-0.003,-103.850,-310.350,383.600,-173.380,-3.310,-113.920,1,0.0000,0.0000,0.0000,1
6328281,-0.089,-0.246,0.017,-0.010,0.005,-0.003,-103.850,-310.350,383.600,-173.380,-3.310,-113.920,1,0.0000,0.0000,0.0000,1
6328359,-0.097,-0.242,0.021,-0.010,0.005,-0.003,-103.850,-310.350,383.600,-173.380,-3.310,-113.920,1,0.0000,0.0000,0.0000,1
6328437,-0.113,-0.236,0.015,-0.009,0.006,-0.003,-103.850,-310.350,383.600,-173.380,-3.310,-113.920,1,0.0000,0.0000,0.0000,1
6328546,-0.144,-0.228,0.009,-0.008,0.007,-0.002,-103.850,-310.350,383.600,-173.380,-3.310,-113.920,1,0.0000,0.0000,0.0000,1
6328656,-0.105,-0.247,0.016,-0.009,0.005,-0.003,-103.850,-310.350,383.600,-173.380,-3.310,-113.920,1,0.0000,0.0000,0.0000,1
6328796,-0.107,-0.241,0.026,-0.009,0.005,-0.002,-103.850,-310.350,383.600,-173.380,-3.310,-113.920,1,0.0000,0.0000,0.0000,1
6328843,-0.106,-0.241,0.030,-0.009,0.005,-0.003,-103.850,-310.350,383.600,-173.380,-3.310,-113.920,1,0.0000,0.0000,0.0000,1
6328890,-0.096,-0.245,0.040,-0.010,0.005,-0.004,-103.850,-310.350,383.600,-173.380,-3.310,-113.920,1,0.0000,0.0000,0.0000,1
6328968,-0.123,-0.227,-0.028,-0.008,0.006,-0.001,-103.850,-310.350,383.600,-173.380,-3.310,-113.920,1,0.0000,0.0000,0.0000,1
6329109,-0.094,-0.246,0.043,-0.009,0.005,-0.004,-103.850,-310.350,383.600,-173.380,-3.310,-113.920,1,0.0000,0.0000,0.0000,1
6329203,-0.101,-0.250,0.039,-0.009,0.005,-0.003,-103.850,-310.350,383.600,-173.380,-3.310,-113.920,1,0.0000,0.0000,0.0000,1
6329312,-0.116,-0.233,-0.009,-0.009,0.006,-0.001,-103.850,-310.350,383.600,-173.380,-3.310,-113.920,1,0.0000,0.0000,0.0000,1
6329390,-0.086,-0.256,0.050,-0.010,0.005,-0.005,-103.850,-310.350,383.600,-173.380,-3.310,-113.920,1,0.0000,0.0000,0.0000,1
6329484,-0.093,-0.256,0.035,-0.010,0.005,-0.004,-103.850,-310.350,383.600,-173.380,-3.310,-113.920,1,0.0000,0.0000,0.0000,1
6329562,-0.108,-0.239,0.012,-0.009,0.006,-0.002,-103.850,-310.350,383.600,-173.380,-3.310,-113.920,1,0.0000,0.0000,0.0000,1
6329640,-0.091,-0.252,0.042,-0.010,0.005,-0.004,-103.850,-310.350,383.600,-173.380,-3.310,-113.920,1,0.0000,0.0000,0.0000,1
6329750,-0.081,-0.253,0.018,-0.010,0.005,-0.003,-103.850,-310.350,383.600,-173.380,-3.310,-113.920,1,0.0000,0.0000,0.0000,1
6329859,-0.104,-0.230,0.003,-0.009,0.005,-0.002,-103.850,-310.350,383.600,-173.380,-3.310,-113.920,1,0.0000,0.0000,0.0000,1
6330000,-0.063,-0.249,0.058,-0.010,0.004,-0.005,-103.850,-310.350,383.600,-173.380,-3.310,-113.920,1,0.0000,0.0000,0.0000,1
6330046,-0.085,-0.248,0.045,-0.009,0.005,-0.004,-103.850,-310.350,383.600,-173.380,-3.310,-113.920,1,0.0000,0.0000,0.0000,1
6330093,-0.106,-0.236,0.031,-0.009,0.006,-0.002,-103.850,-310.350,383.600,-173.380,-3.310,-113.920,1,0.0000,0.0000,0.0000,1
6330171,-0.100,-0.230,0.007,-0.009,0.006,-0.002,-103.850,-310.350,383.600,-173.380,-3.310,-113.920,1,0.0000,0.0000,0.0000,1
6330312,-0.096,-0.237,0.027,-0.010,0.006,-0.004,-103.850,-310.350,383.600,-173.380,-3.310,-113.920,1,0.0000,0.0000,0.0000,1
6330406,-0.102,-0.236,0.032,-0.009,0.005,-0.003,-103.850,-310.350,383.600,-173.380,-3.310,-113.920,1,0.0000,0.0000,0.0000,1
6330515,-0.104,-0.231,0.020,-0.009,0.005,-0.003,-103.850,-310.350,383.600,-173.380,-3.310,-113.920,1,0.0000,0.0000,0.0000,1
6330593,-0.100,-0.233,0.002,-0.009,0.005,-0.002,-103.850,-310.350,383.600,-173.380,-3.310,-113.920,1,0.0000,0.0000,0.0000,1
6330687,-0.088,-0.240,0.038,-0.010,0.005,-0.004,-103.850,-310.350,383.600,-173.380,-3.310,-113.920,1,0.0000,0.0000,0.0000,1
6330765,-0.095,-0.228,0.005,-0.009,0.005,-0.003,-103.850,-310.350,383.600,-173.380,-3.310,-113.920,1,0.0000,0.0000,0.0000,1
6330843,-0.094,-0.224,0.012,-0.009,0.005,-0.003,-103.850,-310.350,383.600,-173.380,-3.310,-113.920,1,0.0000,0.0000,0.0000,1
6330953,-0.106,-0.237,0.019,-0.008,0.006,-0.003,-103.850,-310.350,383.600,-173.380,-3.310,-113.920,1,0.0000,0.0000,0.0000,1
6331046,-0.096,-0.245,0.044,-0.010,0.005,-0.004,-103.850,-310.350,383.600,-173.380,-3.310,-113.920,1,0.0000,0.0000,0.0000,1
6331187,-0.093,-0.245,0.004,-0.009,0.005,-0.003,-103.850,-310.350,383.600,-173.380,-3.310,-113.920,1,0.0000,0.0000,0.0000,1
6331234,-0.110,-0.228,-0.036,-0.008,0.006,-0.001,-103.850,-310.350,383.600,-173.380,-3.310,-113.920,1,0.0000,0.0000,0.0000,1
6331281,-0.110,-0.230,-0.030,-0.008,0.006,-0.001,-103.850,-310.350,383.600,-173.380,-3.310,-113.920,1,0.0000,0.0000,0.0000,1
6331359,-0.071,-0.250,0.024,-0.009,0.005,-0.004,-103.850,-310.350,383.600,-173.380,-3.310,-113.920,1,0.0000,0.0000,0.0000,1
6331515,-0.063,-0.236,-0.004,-0.010,0.004,-0.003,-103.850,-310.350,383.600,-173.380,-3.310,-113.920,1,0.0000,0.0000,0.0000,1
6331609,-0.092,-0.229,0.010,-0.009,0.005,-0.002,-103.850,-310.350,383.600,-173.380,-3.310,-113.920,1,0.0000,0.0000,0.0000,1
6331718,-0.098,-0.234,0.015,-0.009,0.005,-0.003,-103.850,-310.350,383.600,-173.380,-3.310,-113.920,1,0.0000,0.0000,0.0000,1
6331796,-0.091,-0.263,0.027,-0.010,0.005,-0.004,-103.850,-310.350,383.600,-173.380,-3.310,-113.920,1,0.0000,0.0000,0.0000,1
6331890,-0.089,-0.248,0.023,-0.010,0.005,-0.003,-103.850,-310.350,383.600,-173.380,-3.310,-113.920,1,0.0000,0.0000,0.0000,1
6331968,-0.071,-0.269,0.069,-0.010,0.005,-0.006,-103.850,-310.350,383.600,-173.380,-3.310,-113.920,1,0.0000,0.0000,0.0000,1
6332046,-0.082,-0.254,0.038,-0.010,0.005,-0.004,-103.850,-310.350,383.600,-173.380,-3.310,-113.920,1,0.0000,0.0000,0.0000,1
6332156,-0.092,-0.219,0.008,-0.009,0.005,-0.003,-103.850,-310.350,383.600,-173.380,-3.310,-113.920,1,0.0000,0.0000,0.0000,1
6332265,-0.089,-0.247,0.048,-0.010,0.005,-0.005,-103.850,-310.350,383.600,-173.380,-3.310,-113.920,1,0.0000,0.0000,0.0000,1
6332406,-0.091,-0.223,0.015,-0.009,0.005,-0.003,-103.850,-310.350,383.600,-173.380,-3.310,-113.920,1,0.0000,0.0000,0.0000,1
6332453,-0.102,-0.221,-0.016,-0.009,0.005,-0.002,-103.850,-310.350,383.600,-173.380,-3.310,-113.920,1,0.0000,0.0000,0.0000,1
6332500,-0.113,-0.241,-0.019,-0.009,0.006,-0.002,-103.850,-310.350,383.600,-173.380,-3.310,-113.920,1,0.0000,0.0000,0.0000,1
6332578,-0.085,-0.251,0.062,-0.010,0.005,-0.005,-103.850,-310.350,383.600,-173.380,-3.310,-113.920,1,0.0000,0.0000,0.0000,1
6332718,-0.097,-0.243,0.021,-0.010,0.005,-0.004,-103.850,-310.350,383.600,-173.380,-3.310,-113.920,1,0.0000,0.0000,0.0000,1
6332812,-0.086,-0.249,0.059,-0.010,0.005,-0.005,-103.850,-310.350,383.600,-173.380,-3.310,-113.920,1,0.0000,0.0000,0.0000,1
6332921,-0.093,-0.232,0.000,-0.009,0.005,-0.003,-103.850,-310.350,383.600,-173.380,-3.310,-113.920,1,0.0000,0.0000,0.0000,1
6333000,-0.085,-0.234,-0.013,-0.009,0.005,-0.003,-103.850,-310.350,383.600,-173.380,-3.310,-113.920,1,0.0000,0.0000,0.0000,1
6333093,-0.079,-0.236,0.030,-0.009,0.005,-0.003,-103.850,-310.350,383.600,-173.380,-3.310,-113.920,1,0.0000,0.0000,0.0000,1
6333171,-0.094,-0.231,0.039,-0.009,0.005,-0.004,-103.850,-310.350,383.600,-173.380,-3.310,-113.920,1,0.0000,0.0000,0.0000,1
6333250,-0.086,-0.230,0.018,-0.010,0.005,-0.003,-103.850,-310.350,383.600,-173.380,-3.310,-113.920,1,0.0000,0.0000,0.0000,1
6333359,-0.088,-0.261,0.007,-0.010,0.005,-0.003,-103.850,-310.350,383.600,-173.380,-3.310,-113.920,1,0.0000,0.0000,0.0000,1
6333468,-0.081,-0.257,0.044,-0.010,0.005,-0.005,-103.850,-310.350,383.600,-173.380,-3.310,-113.920,1,0.0000,0.0000,0.0000,1
6333609,-0.079,-0.253,0.051,-0.009,0.005,-0.004,-103.850,-310.350,383.600,-173.380,-3.310,-113.920,1,0.0000,0.0000,0.0000,1
6333656,-0.081,-0.248,0.064,-0.010,0.005,-0.005,-103.850,-310.350,383.600,-173.380,-3.310,-113.920,1,0.0000,0.0000,0.0000,1
6333703,-0.084,-0.240,0.050,-0.009,0.005,-0.004,-103.850,-310.350,383.600,-173.380,-3.310,-113.920,1,0.0000,0.0000,0.0000,1
6333781,-0.090,-0.229,0.026,-0.009,0.005,-0.003,-103.850,-310.350,383.600,-173.380,-3.310,-113.920,1,0.0000,0.0000,0.0000,1
6333921,-0.073,-0.210,0.034,-0.009,0.005,-0.004,-103.850,-310.350,383.600,-173.380,-3.310,-113.920,1,0.0000,0.0000,0.0000,1
6334015,-0.089,-0.230,0.044,-0.009,0.005,-0.004,-103.850,-310.350,383.600,-173.380,-3.310,-113.920,1,0.0000,0.0000,0.0000,1
6334125,-0.086,-0.246,0.000,-0.010,0.005,-0.005,-103.850,-310.350,383.600,-173.380,-3.310,-113.920,1,0.0000,0.0000,0.0000,1
6334203,-0.091,-0.238,-0.005,-0.010,0.005,-0.003,-103.850,-310.350,383.600,-173.380,-3.310,-113.920,1,0.0000,0.0000,0.0000,1
6334296,-0.090,-0.236,0.020,-0.009,0.005,-0.004,-103.850,-310.350,383.600,-173.380,-3.310,-113.920,1,0.0000,0.0000,0.0000,1
6334375,-0.084,-0.245,0.051,-0.010,0.005,-0.005,-103.850,-310.350,383.600,-173.380,-3.310,-113.920,1,0.0000,0.0000,0.0000,1
6334453,-0.091,-0.224,0.005,-0.009,0.005,-0.002,-103.850,-310.350,383.600,-173.380,-3.310,-113.920,1,0.0000,0.0000,0.0000,1
6334562,-0.081,-0.235,0.060,-0.010,0.005,-0.005,-103.850,-310.350,383.600,-173.380,-3.310,-113.920,1,0.0000,0.0000,0.0000,1
6334671,-0.082,-0.235,0.039,-0.010,0.005,-0.004,-103.850,-310.350,383.600,-173.380,-3.310,-113.920,1,0.0000,0.0000,0.0000,1
6334812,-0.078,-0.239,0.048,-0.010,0.005,-0.004,-103.850,-310.350,383.600,-173.380,-3.310,-113.920,1,0.0000,0.0000,0.0000,1
6334859,-0.080,-0.238,0.068,-0.010,0.005,-0.005,-103.850,-310.350,383.600,-173.380,-3.310,-113.920,1,0.0000,0.0000,0.0000,1
6334906,-0.075,-0.257,0.015,-0.010,0.004,-0.004,-103.850,-310.350,383.600,-173.380,-3.310,-113.920,1,0.0000,0.0000,0.0000,1
6334984,-0.090,-0.237,0.050,-0.010,0.005,-0.004,-103.850,-310.350,383.600,-173.380,-3.310,-113.920,1,0.0000,0.0000,0.0000,1
6335125,-0.073,-0.240,0.019,-0.009,0.005,-0.004,-103.850,-310.350,383.600,-173.380,-3.310,-113.920,1,0.0000,0.0000,0.0000,1
6335218,-0.071,-0.249,0.034,-0.010,0.005,-0.004,-103.850,-310.350,383.600,-173.380,-3.310,-113.920,1,0.0000,0.0000,0.0000,1
6335328,-0.074,-0.240,0.031,-0.010,0.005,-0.004,-103.850,-310.350,383.600,-173.380,-3.310,-113.920,1,0.0000,0.0000,0.0000,1
6335406,-0.088,-0.239,0.051,-0.009,0.005,-0.004,-103.850,-310.350,383.600,-173.380,-3.310,-113.920,1,0.0000,0.0000,0.0000,1
6335500,-0.083,-0.236,0.034,-0.010,0.005,-0.004,-103.850,-310.350,383.600,-173.380,-3.310,-113.920,1,0.0000,0.0000,0.0000,1
6335578,-0.088,-0.241,0.020,-0.010,0.005,-0.004,-103.850,-310.350,383.600,-173.380,-3.310,-113.920,1,0.0000,0.0000,0.0000,1
6335656,-0.079,-0.238,0.034,-0.010,0.005,-0.005,-103.850,-310.350,383.600,-173.380,-3.310,-113.920,1,0.0000,0.0000,0.0000,1
6335781,-0.084,-0.243,0.082,-0.010,0.005,-0.004,-103.850,-310.350,383.600,-173.380,-3.310,-113.920,1,0.0000,0.0000,0.0000,1
6335890,-0.090,-0.242,0.038,-0.010,0.005,-0.004,-103.850,-310.350,383.600,-173.380,-3.310,-113.920,1,0.0000,0.0000,0.0000,1
6336031,-0.091,-0.242,0.049,-0.010,0.005,-0.004,-103.850,-310.350,383.600,-173.380,-3.310,-113.920,1,0.0000,0.0000,0.0000,1
6336078,-0.091,-0.233,0.019,-0.010,0.005,-0.003,-103.850,-310.350,383.600,-173.380,-3.310,-113.920,1,0.0000,0.0000,0.0000,1
6336187,-0.083,-0.238,0.070,-0.009,0.005,-0.005,-103.850,-310.350,383.600,-173.380,-3.310,-113.920,1,0.0000,0.0000,0.0000,1
6336328,-0.080,-0.231,0.060,-0.009,0.005,-0.004,-103.850,-310.350,383.600,-173.380,-3.310,-113.920,1,0.0000,0.0000,0.0000,1
6336437,-0.074,-0.255,0.026,-0.010,0.004,-0.004,-103.850,-310.350,383.600,-173.380,-3.310,-113.920,1,0.0000,0.0000,0.0000,1
6336546,-0.079,-0.244,0.043,-0.010,0.005,-0.005,-103.850,-310.350,383.600,-173.380,-3.310,-113.920,1,0.0000,0.0000,0.0000,1
6336609,-0.074,-0.247,0.062,-0.009,0.005,-0.005,-103.850,-310.350,383.600,-173.380,-3.310,-113.920,1,0.0000,0.0000,0.0000,1
6336718,-0.081,-0.237,-0.003,-0.010,0.005,-0.003,-103.850,-310.350,383.600,-173.380,-3.310,-113.920,1,0.0000,0.0000,0.0000,1
6336781,-0.077,-0.247,0.059,-0.010,0.005,-0.005,-103.850,-310.350,383.600,-173.380,-3.310,-113.920,1,0.0000,0.0000,0.0000,1
6336875,-0.086,-0.237,0.005,-0.009,0.005,-0.003,-103.850,-310.350,383.600,-173.380,-3.310,-113.920,1,0.0000,0.0000,0.0000,1
6336984,-0.072,-0.236,0.050,-0.010,0.005,-0.004,-103.850,-310.350,383.600,-173.380,-3.310,-113.920,1,0.0000,0.0000,0.0000,1
6337093,-0.098,-0.239,0.022,-0.009,0.005,-0.003,-103.850,-310.350,383.600,-173.380,-3.310,-113.920,1,0.0000,0.0000,0.0000,1
6337234,-0.082,-0.244,0.052,-0.009,0.005,-0.004,-103.850,-310.350,383.600,-173.380,-3.310,-113.920,1,0.0000,0.0000,0.0000,1
6337281,-0.076,-0.250,0.076,-0.010,0.005,-0.005,-103.850,-310.350,383.600,-173.380,-3.310,-113.920,1,0.0000,0.0000,0.0000,1
6337328,-0.080,-0.234,0.021,-0.009,0.005,-0.004,-103.850,-310.350,383.600,-173.380,-3.310,-113.920,1,0.0000,0.0000,0.0000,1
6337406,-0.081,-0.233,0.009,-0.009,0.005,-0.004,-103.850,-310.350,383.600,-173.380,-3.310,-113.920,1,0.0000,0.0000,0.0000,1
6337531,-0.076,-0.244,0.061,-0.009,0.005,-0.004,-103.850,-310.350,383.600,-173.380,-3.310,-113.920,1,0.0000,0.0000,0.0000,1
6337625,-0.061,-0.216,0.017,-0.010,0.004,-0.003,-103.850,-310.350,383.600,-173.380,-3.310,-113.920,1,0.0000,0.0000,0.0000,1
6337734,-0.077,-0.239,0.065,-0.009,0.005,-0.004,-103.850,-310.350,383.600,-173.380,-3.310,-113.920,1,0.0000,0.0000,0.0000,1
6337812,-0.079,-0.239,0.035,-0.010,0.005,-0.004,-103.850,-310.350,383.600,-173.380,-3.310,-113.920,1,0.0000,0.0000,0.0000,1
6337906,-0.079,-0.235,0.048,-0.009,0.005,-0.004,-103.850,-310.350,383.600,-173.380,-3.310,-113.920,1,0.0000,0.0000,0.0000,1
6337984,-0.081,-0.234,0.035,-0.009,0.005,-0.004,-103.850,-310.350,383.600,-173.380,-3.310,-113.920,1,0.0000,0.0000,0.0000,1
6338062,-0.079,-0.227,0.003,-0.010,0.004,-0.003,-103.850,-310.350,383.600,-173.380,-3.310,-113.920,1,0.0000,0.0000,0.0000,1
6338171,-0.089,-0.242,0.050,-0.010,0.005,-0.004,-103.850,-310.350,383.600,-173.380,-3.310,-113.920,1,0.0000,0.0000,0.0000,1
6338281,-0.073,-0.242,0.064,-0.010,0.005,-0.005,-103.850,-310.350,383.600,-173.380,-3.310,-113.920,1,0.0000,0.0000,0.0000,1
6338421,-0.058,-0.223,0.009,-0.009,0.005,-0.003,-103.850,-310.350,383.600,-173.380,-3.310,-113.920,1,0.0000,0.0000,0.0000,1
6338468,-0.078,-0.233,0.008,-0.010,0.005,-0.003,-103.850,-310.350,383.600,-173.380,-3.310,-113.920,1,0.0000,0.0000,0.0000,1
6338515,-0.075,-0.241,0.031,-0.010,0.005,-0.004,-103.850,-310.350,383.600,-173.380,-3.310,-113.920,1,0.0000,0.0000,0.0000,1
6338609,-0.073,-0.232,0.059,-0.010,0.005,-0.005,-103.850,-310.350,383.600,-173.380,-3.310,-113.920,1,0.0000,0.0000,0.0000,1
6338734,-0.078,-0.247,0.003,-0.009,0.005,-0.003,-103.850,-310.350,383.600,-173.380,-3.310,-113.920,1,0.0000,0.0000,0.0000,1
6338828,-0.072,-0.247,0.042,-0.010,0.004,-0.004,-103.850,-310.350,383.600,-173.380,-3.310,-113.920,1,0.0000,0.0000,0.0000,1
6338937,-0.075,-0.254,0.080,-0.010,0.005,-0.006,-103.850,-310.350,383.600,-173.380,-3.310,-113.920,1,0.0000,0.0000,0.0000,1
6339031,-0.083,-0.224,0.009,-0.009,0.005,-0.003,-103.850,-310.350,383.600,-173.380,-3.310,-113.920,1,0.0000,0.0000,0.0000,1
6339125,-0.072,-0.235,0.035,-0.010,0.005,-0.004,-103.850,-310.350,383.600,-173.380,-3.310,-113.920,1,0.0000,0.0000,0.0000,1
6339187,-0.069,-0.228,0.060,-0.009,0.005,-0.005,-103.850,-310.350,383.600,-173.380,-3.310,-113.920,1,0.0000,0.0000,0.0000,1
6339265,-0.090,-0.229,0.004,-0.009,0.005,-0.003,-103.850,-310.350,383.600,-173.380,-3.310,-113.920,1,0.0000,0.0000,0.0000,1
6339375,-0.079,-0.242,0.008,-0.010,0.005,-0.004,-103.850,-310.350,383.600,-173.380,-3.310,-113.920,1,0.0000,0.0000,0.0000,1
6339484,-0.073,-0.237,0.045,-0.009,0.005,-0.005,-103.850,-310.350,383.600,-173.380,-3.310,-113.920,1,0.0000,0.0000,0.0000,1
6339625,-0.071,-0.233,0.026,-0.010,0.005,-0.004,-103.850,-310.350,383.600,-173.380,-3.310,-113.920,1,0.0000,0.0000,0.0000,1
6339671,-0.075,-0.225,0.008,-0.010,0.005,-0.003,-103.850,-310.350,383.600,-173.380,-3.310,-113.920,1,0.0000,0.0000,0.0000,1
6339718,-0.072,-0.227,0.028,-0.010,0.005,-0.003,-103.850,-310.350,383.600,-173.380,-3.310,-113.920,1,0.0000,0.0000,0.0000,1
6339796,-0.078,-0.225,0.038,-0.009,0.005,-0.004,-103.850,-310.350,383.600,-173.380,-3.310,-113.920,1,0.0000,0.0000,0.0000,1
6339937,-0.075,-0.221,-0.000,-0.009,0.005,-0.002,-103.850,-310.350,383.600,-173.380,-3.310,-113.920,1,0.0000,0.0000,0.0000,1
6340031,-0.068,-0.237,0.069,-0.010,0.005,-0.005,-103.850,-310.350,383.600,-173.380,-3.310,-113.920,1,0.0000,0.0000,0.0000,1
6340140,-0.084,-0.236,0.010,-0.009,0.005,-0.003,-103.850,-310.350,383.600,-173.380,-3.310,-113.920,1,0.0000,0.0000,0.0000,1
6340218,-0.070,-0.245,0.021,-0.010,0.004,-0.004,-103.850,-310.350,383.600,-173.380,-3.310,-113.920,1,0.0000,0.0000,0.0000,1
6340312,-0.060,-0.245,0.082,-0.010,0.005,-0.006,-103.850,-310.350,383.600,-173.380,-3.310,-113.920,1,0.0000,0.0000,0.0000,1
6340390,-0.059,-0.236,0.010,-0.009,0.005,-0.002,-103.850,-310.350,383.600,-173.380,-3.310,-113.920,1,0.0000,0.0000,0.0000,1
6340468,-0.073,-0.238,0.031,-0.009,0.005,-0.004,-103.850,-310.350,383.600,-173.380,-3.310,-113.920,1,0.0000,0.0000,0.0000,1
6340578,-0.066,-0.237,0.048,-0.010,0.005,-0.004,-103.850,-310.350,383.600,-173.380,-3.310,-113.920,1,0.0000,0.0000,0.0000,1
6340687,-0.062,-0.193,0.016,-0.009,0.004,-0.003,-103.850,-310.350,383.600,-173.380,-3.310,-113.920,1,0.0000,0.0000,0.0000,1
6340828,-0.090,-0.236,0.004,-0.009,0.005,-0.003,-103.850,-310.350,383.600,-173.380,-3.310,-113.920,1,0.0000,0.0000,0.0000,1
6340875,-0.077,-0.237,0.041,-0.009,0.005,-0.004,-103.850,-310.350,383.600,-173.380,-3.310,-113.920,1,0.0000,0.0000,0.0000,1
6340921,-0.081,-0.230,0.045,-0.009,0.005,-0.005,-103.850,-310.350,383.600,-173.380,-3.310,-113.920,1,0.0000,0.0000,0.0000,1
6341000,-0.088,-0.221,-0.039,-0.009,0.005,-0.002,-103.850,-310.350,383.600,-173.380,-3.310,-113.920,1,0.0000,0.0000,0.0000,1
6341140,-0.066,-0.229,0.052,-0.009,0.004,-0.004,-103.850,-310.350,383.600,-173.380,-3.310,-113.920,1,0.0000,0.0000,0.0000,1
6341234,-0.071,-0.235,0.060,-0.010,0.005,-0.005,-103.850,-310.350,383.600,-173.380,-3.310,-113.920,1,0.0000,0.0000,0.0000,1
6341343,-0.074,-0.220,0.016,-0.009,0.005,-0.003,-103.850,-310.350,383.600,-173.380,-3.310,-113.920,1,0.0000,0.0000,0.0000,1
6341437,-0.054,-0.222,0.037,-0.009,0.004,-0.004,-103.850,-310.350,383.600,-173.380,-3.310,-113.920,1,0.0000,0.0000,0.0000,1
6341531,-0.074,-0.240,0.048,-0.009,0.005,-0.005,-103.850,-310.350,383.600,-173.380,-3.310,-113.920,1,0.0000,0.0000,0.0000,1
6341609,-0.092,-0.229,0.025,-0.008,0.005,-0.002,-103.850,-310.350,383.600,-173.380,-3.310,-113.920,1,0.0000,0.0000,0.0000,1
6341687,-0.076,-0.235,0.039,-0.009,0.005,-0.004,-103.850,-310.350,383.600,-173.380,-3.310,-113.920,1,0.0000,0.0000,0.0000,1
6341796,-0.064,-0.233,0.032,-0.010,0.005,-0.004,-103.850,-310.350,383.600,-173.380,-3.310,-113.920,1,0.0000,0.0000,0.0000,1
6341906,-0.069,-0.230,0.002,-0.009,0.005,-0.002,-103.850,-310.350,383.600,-173.380,-3.310,-113.920,1,0.0000,0.0000,0.0000,1
6342046,-0.062,-0.238,0.035,-0.009,0.005,-0.004,-103.850,-310.350,383.600,-173.380,-3.310,-113.920,1,0.0000,0.0000,0.0000,1
6342093,-0.081,-0.230,0.024,-0.009,0.005,-0.003,-103.850,-310.350,383.600,-173.380,-3.310,-113.920,1,0.0000,0.0000,0.0000,1
6342140,-0.076,-0.228,0.045,-0.009,0.005,-0.003,-103.850,-310.350,383.600,-173.380,-3.310,-113.920,1,0.0000,0.0000,0.0000,1
6342218,-0.073,-0.218,0.017,-0.009,0.004,-0.002,-103.850,-310.350,383.600,-173.380,-3.310,-113.920,1,0.0000,0.0000,0.0000,1
6342359,-0.077,-0.244,0.052,-0.010,0.005,-0.005,-103.850,-310.350,383.600,-173.380,-3.310,-113.920,1,0.0000,0.0000,0.0000,1
6342453,-0.087,-0.227,0.019,-0.009,0.005,-0.003,-103.850,-310.350,383.600,-173.380,-3.310,-113.920,1,0.0000,0.0000,0.0000,1
6342562,-0.071,-0.242,0.072,-0.010,0.005,-0.005,-103.850,-310.350,383.600,-173.380,-3.310,-113.920,1,0.0000,0.0000,0.0000,1
6342640,-0.075,-0.233,0.036,-0.009,0.005,-0.004,-103.850,-310.350,383.600,-173.380,-3.310,-113.920,1,0.0000,0.0000,0.0000,1
6342734,-0.087,-0.223,0.009,-0.009,0.005,-0.002,-103.850,-310.350,383.600,-173.380,-3.310,-113.920,1,0.0000,0.0000,0.0000,1
6342812,-0.079,-0.237,0.068,-0.009,0.005,-0.004,-103.850,-310.350,383.600,-173.380,-3.310,-113.920,1,0.0000,0.0000,0.0000,1
6342890,-0.072,-0.228,0.044,-0.009,0.005,-0.004,-103.850,-310.350,383.600,-173.380,-3.310,-113.920,1,0.0000,0.0000,0.0000,1
6343000,-0.103,-0.247,-0.007,-0.009,0.005,-0.002,-103.850,-310.350,383.600,-173.380,-3.310,-113.920,1,0.0000,0.0000,0.0000,1
6343109,-0.080,-0.252,0.003,-0.010,0.005,-0.003,-103.850,-310.350,383.600,-173.380,-3.310,-113.920,1,0.0000,0.0000,0.0000,1
6343250,-0.083,-0.239,0.031,-0.009,0.005,-0.003,-103.850,-310.350,383.600,-173.380,-3.310,-113.920,1,0.0000,0.0000,0.0000,1
6343296,-0.084,-0.236,0.023,-0.009,0.005,-0.002,-103.850,-310.350,383.600,-173.380,-3.310,-113.920,1,0.0000,0.0000,0.0000,1
6343343,-0.074,-0.243,0.043,-0.010,0.005,-0.004,-103.850,-310.350,383.600,-173.380,-3.310,-113.920,1,0.0000,0.0000,0.0000,1
6343421,-0.086,-0.227,-0.014,-0.009,0.005,-0.002,-103.850,-310.350,383.600,-173.380,-3.310,-113.920,1,0.0000,0.0000,0.0000,1
6343562,-0.100,-0.230,0.011,-0.009,0.005,-0.003,-103.850,-310.350,383.600,-173.380,-3.310,-113.920,1,0.0000,0.0000,0.0000,1
6343656,-0.083,-0.238,0.069,-0.009,0.005,-0.004,-103.850,-310.350,383.600,-173.380,-3.310,-113.920,1,0.0000,0.0000,0.0000,1
6343765,-0.100,-0.220,0.013,-0.008,0.005,-0.002,-103.850,-310.350,383.600,-173.380,-3.310,-113.920,1,0.0000,0.0000,0.0000,1
6343843,-0.080,-0.241,0.045,-0.009,0.005,-0.004,-103.850,-310.350,383.600,-173.380,-3.310,-113.920,1,0.0000,0.0000,0.0000,1
6343937,-0.088,-0.238,0.039,-0.009,0.005,-0.004,-103.850,-310.350,383.600,-173.380,-3.310,-113.920,1,0.0000,0.0000,0.0000,1
6344015,-0.108,-0.221,-0.007,-0.008,0.005,-0.001,-103.850,-310.350,383.600,-173.380,-3.310,-113.920,1,0.0000,0.0000,0.0000,1
6344093,-0.079,-0.227,0.027,-0.009,0.005,-0.003,-103.850,-310.350,383.600,-173.380,-3.310,-113.920,1,0.0000,0.0000,0.0000,1
6344203,-0.087,-0.226,0.037,-0.009,0.005,-0.004,-103.850,-310.350,383.600,-173.380,-3.310,-113.920,1,0.0000,0.0000,0.0000,1
6344312,-0.096,-0.225,0.014,-0.009,0.005,-0.003,-103.850,-310.350,383.600,-173.380,-3.310,-113.920,1,0.0000,0.0000,0.0000,1
6344468,-0.072,-0.230,0.030,-0.009,0.004,-0.004,-103.850,-310.350,383.600,-173.380,-3.310,-113.920,1,0.0000,0.0000,0.0000,1
6344515,-0.101,-0.223,0.022,-0.008,0.006,-0.001,-103.850,-310.350,383.600,-173.380,-3.310,-113.920,1,0.0000,0.0000,0.0000,1
6344625,-0.095,-0.218,0.026,-0.008,0.005,-0.002,-103.850,-310.350,383.600,-173.380,-3.310,-113.920,1,0.0000,0.0000,0.0000,1
6344765,-0.106,-0.207,-0.021,-0.008,0.005,-0.001,-103.850,-310.350,383.600,-173.380,-3.310,-113.920,1,0.0000,0.0000,0.0000,1
6344859,-0.099,-0.219,0.021,-0.008,0.005,-0.002,-103.850,-310.350,383.600,-173.380,-3.310,-113.920,1,0.0000,0.0000,0.0000,1
6344968,-0.097,-0.234,0.039,-0.009,0.005,-0.003,-103.850,-310.350,383.600,-173.380,-3.310,-113.920,1,0.0000,0.0000,0.0000,1
6345046,-0.079,-0.226,0.019,-0.009,0.005,-0.003,-103.850,-310.350,383.600,-173.380,-3.310,-113.920,1,0.0000,0.0000,0.0000,1
6345156,-0.131,-0.223,0.042,-0.008,0.006,-0.002,-103.850,-310.350,383.600,-173.380,-3.310,-113.920,1,0.0000,0.0000,0.0000,1
6345234,-0.078,-0.226,0.001,-0.009,0.005,-0.003,-103.850,-310.350,383.600,-173.380,-3.310,-113.920,1,0.0000,0.0000,0.0000,1
6345312,-0.079,-0.234,0.036,-0.010,0.005,-0.004,-103.850,-310.350,383.600,-173.380,-3.310,-113.920,1,0.0000,0.0000,0.0000,1
6345421,-0.100,-0.208,0.031,-0.008,0.005,-0.003,-103.850,-310.350,383.600,-173.380,-3.310,-113.920,1,0.0000,0.0000,0.0000,1
6345531,-0.108,-0.202,0.023,-0.008,0.005,-0.003,-103.850,-310.350,383.600,-173.380,-3.310,-113.920,1,0.0000,0.0000,0.0000,1
6345671,-0.092,-0.223,0.016,-0.009,0.005,-0.003,-103.850,-310.350,383.600,-173.380,-3.310,-113.920,1,0.0000,0.0000,0.0000,1
6345718,-0.102,-0.232,0.018,-0.009,0.005,-0.003,-103.850,-310.350,383.600,-173.380,-3.310,-113.920,1,0.0000,0.0000,0.0000,1
6345765,-0.103,-0.230,0.045,-0.009,0.005,-0.003,-103.850,-310.350,383.600,-173.380,-3.310,-113.920,1,0.0000,0.0000,0.0000,1
6345843,-0.113,-0.246,0.031,-0.009,0.006,-0.003,-103.850,-310.350,383.600,-173.380,-3.310,-113.920,1,0.0000,0.0000,0.0000,1
6345984,-0.082,-0.223,0.025,-0.009,0.005,-0.004,-103.850,-310.350,383.600,-173.380,-3.310,-113.920,1,0.0000,0.0000,0.0000,1
6346078,-0.095,-0.203,0.020,-0.008,0.005,-0.001,-103.850,-310.350,383.600,-173.380,-3.310,-113.920,1,0.0000,0.0000,0.0000,1
6346187,-0.086,-0.222,0.050,-0.009,0.005,-0.004,-103.850,-310.350,383.600,-173.380,-3.310,-113.920,1,0.0000,0.0000,0.0000,1
6346265,-0.091,-0.227,0.013,-0.010,0.005,-0.003,-103.850,-310.350,383.600,-173.380,-3.310,-113.920,1,0.0000,0.0000,0.0000,1
6346359,-0.087,-0.229,0.030,-0.010,0.005,-0.004,-103.850,-310.350,383.600,-173.380,-3.310,-113.920,1,0.0000,0.0000,0.0000,1
6346437,-0.096,-0.231,0.043,-0.009,0.005,-0.004,-103.850,-310.350,383.600,-173.380,-3.310,-113.920,1,0.0000,0.0000,0.0000,1
6346515,-0.081,-0.228,0.051,-0.009,0.005,-0.004,-103.850,-310.350,383.600,-173.380,-3.310,-113.920,1,0.0000,0.0000,0.0000,1
6346625,-0.090,-0.229,0.033,-0.009,0.005,-0.004,-103.850,-310.350,383.600,-173.380,-3.310,-113.920,1,0.0000,0.0000,0.0000,1
6346734,-0.088,-0.236,0.040,-0.010,0.005,-0.004,-103.850,-310.350,383.600,-173.380,-3.310,-113.920,1,0.0000,0.0000,0.0000,1
6346875,-0.086,-0.223,0.031,-0.009,0.005,-0.004,-103.850,-310.350,383.600,-173.380,-3.310,-113.920,1,0.0000,0.0000,0.0000,1
6346921,-0.093,-0.211,0.040,-0.009,0.005,-0.004,-103.850,-310.350,383.600,-173.380,-3.310,-113.920,1,0.0000,0.0000,0.0000,1
6346968,-0.087,-0.227,0.031,-0.009,0.005,-0.004,-103.850,-310.350,383.600,-173.380,-3.310,-113.920,1,0.0000,0.0000,0.0000,1
6347046,-0.084,-0.234,0.006,-0.009,0.005,-0.003,-103.850,-310.350,383.600,-173.380,-3.310,-113.920,1,0.0000,0.0000,0.0000,1
6347187,-0.078,-0.224,-0.001,-0.009,0.005,-0.003,-103.850,-310.350,383.600,-173.380,-3.310,-113.920,1,0.0000,0.0000,0.0000,1
6347281,-0.083,-0.226,0.011,-0.009,0.005,-0.003,-103.850,-310.350,383.600,-173.380,-3.310,-113.920,1,0.0000,0.0000,0.0000,1
6347390,-0.077,-0.238,0.051,-0.009,0.005,-0.004,-103.850,-310.350,383.600,-173.380,-3.310,-113.920,1,0.0000,0.0000,0.0000,1
6347468,-0.079,-0.223,-0.004,-0.009,0.004,-0.003,-103.850,-310.350,383.600,-173.380,-3.310,-113.920,1,0.0000,0.0000,0.0000,1
6347562,-0.079,-0.224,0.028,-0.009,0.005,-0.004,-103.850,-310.350,383.600,-173.380,-3.310,-113.920,1,0.0000,0.0000,0.0000,1
6347640,-0.075,-0.229,0.037,-0.009,0.005,-0.004,-103.850,-310.350,383.600,-173.380,-3.310,-113.920,1,0.0000,0.0000,0.0000,1
6347718,-0.078,-0.228,0.060,-0.009,0.005,-0.004,-103.850,-310.350,383.600,-173.380,-3.310,-113.920,1,0.0000,0.0000,0.0000,1
6347828,-0.080,-0.228,0.021,-0.010,0.005,-0.004,-103.850,-310.350,383.600,-173.380,-3.310,-113.920,1,0.0000,0.0000,0.0000,1
6347937,-0.087,-0.213,-0.009,-0.009,0.005,-0.002,-103.850,-310.350,383.600,-173.380,-3.310,-113.920,1,0.0000,0.0000,0.0000,1
6348078,-0.075,-0.226,0.034,-0.009,0.005,-0.004,-103.850,-310.350,383.600,-173.380,-3.310,-113.920,1,0.0000,0.0000,0.0000,1
6348125,-0.064,-0.218,0.002,-0.009,0.004,-0.003,-103.850,-310.350,383.600,-173.380,-3.310,-113.920,1,0.0000,0.0000,0.0000,1
6348171,-0.078,-0.221,0.024,-0.009,0.005,-0.004,-103.850,-310.350,383.600,-173.380,-3.310,-113.920,1,0.0000,0.0000,0.0000,1
6348250,-0.073,-0.199,-0.017,-0.009,0.005,-0.002,-103.850,-310.350,383.600,-173.380,-3.310,-113.920,1,0.0000,0.0000,0.0000,1
6348390,-0.068,-0.227,0.075,-0.009,0.005,-0.005,-103.850,-310.350,383.600,-173.380,-3.310,-113.920,1,0.0000,0.0000,0.0000,1
6348484,-0.069,-0.239,0.035,-0.009,0.005,-0.004,-103.850,-310.350,383.600,-173.380,-3.310,-113.920,1,0.0000,0.0000,0.0000,1
6348593,-0.064,-0.242,0.014,-0.010,0.004,-0.004,-103.850,-310.350,383.600,-173.380,-3.310,-113.920,1,0.0000,0.0000,0.0000,1
6348671,-0.062,-0.240,0.060,-0.010,0.004,-0.005,-103.850,-310.350,383.600,-173.380,-3.310,-113.920,1,0.0000,0.0000,0.0000,1
6348765,-0.067,-0.229,0.000,-0.009,0.005,-0.003,-103.850,-310.350,383.600,-173.380,-3.310,-113.920,1,0.0000,0.0000,0.0000,1
6348843,-0.081,-0.214,-0.016,-0.008,0.005,-0.002,-103.850,-310.350,383.600,-173.380,-3.310,-113.920,1,0.0000,0.0000,0.0000,1
6348921,-0.061,-0.225,0.047,-0.009,0.005,-0.004,-103.850,-310.350,383.600,-173.380,-3.310,-113.920,1,0.0000,0.0000,0.0000,1
6349031,-0.074,-0.209,0.021,-0.008,0.005,-0.003,-103.850,-310.350,383.600,-173.380,-3.310,-113.920,1,0.0000,0.0000,0.0000,1
6349140,-0.085,-0.220,0.032,-0.009,0.005,-0.004,-103.850,-310.350,383.600,-173.380,-3.310,-113.920,1,0.0000,0.0000,0.0000,1
6349281,-0.092,-0.212,-0.018,-0.008,0.005,-0.002,-103.850,-310.350,383.600,-173.380,-3.310,-113.920,1,0.0000,0.0000,0.0000,1
6349328,-0.092,-0.209,-0.019,-0.008,0.005,-0.001,-103.850,-310.350,383.600,-173.380,-3.310,-113.920,1,0.0000,0.0000,0.0000,1
6349375,-0.078,-0.216,0.018,-0.008,0.005,-0.003,-103.850,-310.350,383.600,-173.380,-3.310,-113.920,1,0.0000,0.0000,0.0000,1
6349453,-0.063,-0.213,0.024,-0.009,0.004,-0.004,-103.850,-310.350,383.600,-173.380,-3.310,-113.920,1,0.0000,0.0000,0.0000,1
6349593,-0.076,-0.209,0.008,-0.008,0.004,-0.003,-103.850,-310.350,383.600,-173.380,-3.310,-113.920,1,0.0000,0.0000,0.0000,1
6349687,-0.053,-0.210,0.043,-0.009,0.004,-0.004,-103.850,-310.350,383.600,-173.380,-3.310,-113.920,1,0.0000,0.0000,0.0000,1
6349796,-0.084,-0.232,0.018,-0.009,0.005,-0.004,-103.850,-310.350,383.600,-173.380,-3.310,-113.920,1,0.0000,0.0000,0.0000,1
6349875,-0.092,-0.220,0.015,-0.008,0.005,-0.003,-103.850,-310.350,383.600,-173.380,-3.310,-113.920,1,0.0000,0.0000,0.0000,1
6349968,-0.088,-0.213,-0.003,-0.008,0.005,-0.002,-103.850,-310.350,383.600,-173.380,-3.310,-113.920,1,0.0000,0.0000,0.0000,1
6350046,-0.071,-0.225,0.032,-0.009,0.004,-0.004,-103.850,-310.350,383.600,-173.380,-3.310,-113.920,1,0.0000,0.0000,0.0000,1
6350125,-0.090,-0.203,0.019,-0.008,0.005,-0.002,-103.850,-310.350,383.600,-173.380,-3.310,-113.920,1,0.0000,0.0000,0.0000,1
6350234,-0.113,-0.195,0.019,-0.008,0.006,-0.002,-103.850,-310.350,383.600,-173.380,-3.310,-113.920,1,0.0000,0.0000,0.0000,1
6350343,-0.063,-0.221,0.024,-0.009,0.005,-0.004,-103.850,-310.350,383.600,-173.380,-3.310,-113.920,1,0.0000,0.0000,0.0000,1
6350484,-0.093,-0.219,0.032,-0.009,0.005,-0.003,-103.850,-310.350,383.600,-173.380,-3.310,-113.920,1,0.0000,0.0000,0.0000,1
6350531,-0.083,-0.228,0.037,-0.009,0.005,-0.004,-103.850,-310.350,383.600,-173.380,-3.310,-113.920,1,0.0000,0.0000,0.0000,1
6350578,-0.089,-0.203,0.033,-0.008,0.005,-0.003,-103.850,-310.350,383.600,-173.380,-3.310,-113.920,1,0.0000,0.0000,0.0000,1
6350656,-0.106,-0.191,0.014,-0.008,0.006,-0.003,-103.850,-310.350,383.600,-173.380,-3.310,-113.920,1,0.0000,0.0000,0.0000,1
6350796,-0.085,-0.216,0.029,-0.009,0.005,-0.004,-103.850,-310.350,383.600,-173.380,-3.310,-113.920,1,0.0000,0.0000,0.0000,1
6350890,-0.089,-0.211,0.033,-0.009,0.005,-0.003,-103.850,-310.350,383.600,-173.380,-3.310,-113.920,1,0.0000,0.0000,0.0000,1
6351000,-0.108,-0.226,0.027,-0.008,0.006,-0.002,-103.850,-310.350,383.600,-173.380,-3.310,-113.920,1,0.0000,0.0000,0.0000,1
6351078,-0.087,-0.227,0.040,-0.009,0.005,-0.004,-103.850,-310.350,383.600,-173.380,-3.310,-113.920,1,0.0000,0.0000,0.0000,1
6351171,-0.113,-0.230,-0.001,-0.008,0.005,-0.002,-103.850,-310.350,383.600,-173.380,-3.310,-113.920,1,0.0000,0.0000,0.0000,1
6351250,-0.084,-0.219,0.012,-0.009,0.005,-0.003,-103.850,-310.350,383.600,-173.380,-3.310,-113.920,1,0.0000,0.0000,0.0000,1
6351328,-0.101,-0.211,0.002,-0.009,0.005,-0.002,-103.850,-310.350,383.600,-173.380,-3.310,-113.920,1,0.0000,0.0000,0.0000,1
6351437,-0.098,-0.208,0.031,-0.008,0.005,-0.002,-103.850,-310.350,383.600,-173.380,-3.310,-113.920,1,0.0000,0.0000,0.0000,1
6351546,-0.084,-0.225,0.071,-0.009,0.005,-0.004,-103.850,-310.350,383.600,-173.380,-3.310,-113.920,1,0.0000,0.0000,0.0000,1
6351687,-0.097,-0.218,0.023,-0.009,0.005,-0.003,-103.850,-310.350,383.600,-173.380,-3.310,-113.920,1,0.0000,0.0000,0.0000,1
6351734,-0.104,-0.220,0.023,-0.009,0.005,-0.003,-103.850,-310.350,383.600,-173.380,-3.310,-113.920,1,0.0000,0.0000,0.0000,1
6351781,-0.114,-0.222,0.013,-0.009,0.005,-0.003,-103.850,-310.350,383.600,-173.380,-3.310,-113.920,1,0.0000,0.0000,0.0000,1
6351859,-0.090,-0.227,0.025,-0.010,0.005,-0.004,-103.850,-310.350,383.600,-173.380,-3.310,-113.920,1,0.0000,0.0000,0.0000,1
6352000,-0.097,-0.236,0.075,-0.009,0.005,-0.005,-103.850,-310.350,383.600,-173.380,-3.310,-113.920,1,0.0000,0.0000,0.0000,1
6352093,-0.093,-0.200,0.050,-0.008,0.006,-0.003,-103.850,-310.350,383.600,-173.380,-3.310,-113.920,1,0.0000,0.0000,0.0000,1
6352203,-0.099,-0.205,0.045,-0.008,0.006,-0.003,-103.850,-310.350,383.600,-173.380,-3.310,-113.920,1,0.0000,0.0000,0.0000,1
6352281,-0.121,-0.200,0.056,-0.009,0.006,-0.003,-103.850,-310.350,383.600,-173.380,-3.310,-113.920,1,0.0000,0.0000,0.0000,1
6352359,-0.097,-0.228,0.026,-0.009,0.005,-0.003,-103.850,-310.350,383.600,-173.380,-3.310,-113.920,1,0.0000,0.0000,0.0000,1
6352453,-0.106,-0.239,0.044,-0.009,0.005,-0.003,-103.850,-310.350,383.600,-173.380,-3.310,-113.920,1,0.0000,0.0000,0.0000,1
6352531,-0.108,-0.243,0.048,-0.009,0.005,-0.003,-103.850,-310.350,383.600,-173.380,-3.310,-113.920,1,0.0000,0.0000,0.0000,1
6352640,-0.093,-0.227,0.014,-0.010,0.005,-0.003,-103.850,-310.350,383.600,-173.380,-3.310,-113.920,1,0.0000,0.0000,0.0000,1
6352734,-0.088,-0.216,0.020,-0.009,0.005,-0.003,-103.850,-310.350,383.600,-173.380,-3.310,-113.920,1,0.0000,0.0000,0.0000,1
6352875,-0.092,-0.215,0.073,-0.009,0.005,-0.004,-103.850,-310.350,383.600,-173.380,-3.310,-113.920,1,0.0000,0.0000,0.0000,1
6352921,-0.094,-0.221,0.050,-0.009,0.005,-0.003,-103.850,-310.350,383.600,-173.380,-3.310,-113.920,1,0.0000,0.0000,0.0000,1
6352968,-0.092,-0.224,0.069,-0.009,0.005,-0.004,-103.850,-310.350,383.600,-173.380,-3.310,-113.920,1,0.0000,0.0000,0.0000,1
6353046,-0.090,-0.227,0.018,-0.009,0.005,-0.004,-103.850,-310.350,383.600,-173.380,-3.310,-113.920,1,0.0000,0.0000,0.0000,1
6353187,-0.100,-0.231,0.035,-0.009,0.005,-0.004,-103.850,-310.350,383.600,-173.380,-3.310,-113.920,1,0.0000,0.0000,0.0000,1
6353281,-0.100,-0.220,0.028,-0.009,0.005,-0.003,-103.850,-310.350,383.600,-173.380,-3.310,-113.920,1,0.0000,0.0000,0.0000,1
6353390,-0.099,-0.230,0.053,-0.009,0.005,-0.004,-103.850,-310.350,383.600,-173.380,-3.310,-113.920,1,0.0000,0.0000,0.0000,1
6353468,-0.093,-0.234,0.087,-0.009,0.005,-0.005,-103.850,-310.350,383.600,-173.380,-3.310,-113.920,1,0.0000,0.0000,0.0000,1
6353562,-0.087,-0.221,-0.005,-0.009,0.005,-0.003,-103.850,-310.350,383.600,-173.380,-3.310,-113.920,1,0.0000,0.0000,0.0000,1
6353640,-0.093,-0.215,0.015,-0.009,0.005,-0.003,-103.850,-310.350,383.600,-173.380,-3.310,-113.920,1,0.0000,0.0000,0.0000,1
6353718,-0.086,-0.230,0.027,-0.009,0.005,-0.004,-103.850,-310.350,383.600,-173.380,-3.310,-113.920,1,0.0000,0.0000,0.0000,1
6353828,-0.095,-0.222,0.007,-0.009,0.005,-0.003,-103.850,-310.350,383.600,-173.380,-3.310,-113.920,1,0.0000,0.0000,0.0000,1
6353937,-0.078,-0.241,0.059,-0.010,0.005,-0.005,-103.850,-310.350,383.600,-173.380,-3.310,-113.920,1,0.0000,0.0000,0.0000,1
6354078,-0.060,-0.235,0.038,-0.009,0.005,-0.004,-103.850,-310.350,383.600,-173.380,-3.310,-113.920,1,0.0000,0.0000,0.0000,1
6354125,-0.068,-0.225,0.006,-0.009,0.005,-0.003,-103.850,-310.350,383.600,-173.380,-3.310,-113.920,1,0.0000,0.0000,0.0000,1
6354171,-0.081,-0.218,-0.009,-0.009,0.005,-0.002,-103.850,-310.350,383.600,-173.380,-3.310,-113.920,1,0.0000,0.0000,0.0000,1
6354250,-0.074,-0.226,0.070,-0.009,0.005,-0.004,-103.850,-310.350,383.600,-173.380,-3.310,-113.920,1,0.0000,0.0000,0.0000,1
6354390,-0.094,-0.228,0.020,-0.009,0.005,-0.004,-103.850,-310.350,383.600,-173.380,-3.310,-113.920,1,0.0000,0.0000,0.0000,1
6354484,-0.090,-0.231,0.035,-0.009,0.005,-0.004,-103.850,-310.350,383.600,-173.380,-3.310,-113.920,1,0.0000,0.0000,0.0000,1
6354593,-0.090,-0.221,0.024,-0.009,0.006,-0.004,-103.850,-310.350,383.600,-173.380,-3.310,-113.920,1,0.0000,0.0000,0.0000,1
6354671,-0.093,-0.224,0.021,-0.009,0.005,-0.003,-103.850,-310.350,383.600,-173.380,-3.310,-113.920,1,0.0000,0.0000,0.0000,1
6354765,-0.083,-0.217,0.036,-0.009,0.005,-0.003,-103.850,-310.350,383.600,-173.380,-3.310,-113.920,1,0.0000,0.0000,0.0000,1
6354843,-0.075,-0.231,0.049,-0.010,0.005,-0.005,-103.850,-310.350,383.600,-173.380,-3.310,-113.920,1,0.0000,0.0000,0.0000,1
6354921,-0.099,-0.215,-0.014,-0.008,0.005,-0.002,-103.850,-310.350,383.600,-173.380,-3.310,-113.920,1,0.0000,0.0000,0.0000,1
6355031,-0.100,-0.246,-0.005,-0.009,0.005,-0.003,-103.850,-310.350,383.600,-173.380,-3.310,-113.920,1,0.0000,0.0000,0.0000,1
6355140,-0.096,-0.232,0.015,-0.009,0.005,-0.003,-103.850,-310.350,383.600,-173.380,-3.310,-113.920,1,0.0000,0.0000,0.0000,1
6355281,-0.090,-0.232,0.041,-0.009,0.005,-0.003,-103.850,-310.350,383.600,-173.380,-3.310,-113.920,1,0.0000,0.0000,0.0000,1
6355328,-0.076,-0.238,0.050,-0.010,0.005,-0.004,-103.850,-310.350,383.600,-173.380,-3.310,-113.920,1,0.0000,0.0000,0.0000,1
6355375,-0.085,-0.232,0.026,-0.009,0.005,-0.003,-103.850,-310.350,383.600,-173.380,-3.310,-113.920,1,0.0000,0.0000,0.0000,1
6355453,-0.061,-0.243,0.033,-0.010,0.005,-0.004,-103.850,-310.350,383.600,-173.380,-3.310,-113.920,1,0.0000,0.0000,0.0000,1
6355593,-0.083,-0.230,0.034,-0.009,0.005,-0.003,-103.850,-310.350,383.600,-173.380,-3.310,-113.920,1,0.0000,0.0000,0.0000,1
6355703,-0.111,-0.235,0.043,-0.008,0.006,-0.003,-103.850,-310.350,383.600,-173.380,-3.310,-113.920,1,0.0000,0.0000,0.0000,1
6355796,-0.096,-0.237,0.032,-0.009,0.005,-0.003,-103.850,-310.350,383.600,-173.380,-3.310,-113.920,1,0.0000,0.0000,0.0000,1
6355875,-0.116,-0.202,-0.000,-0.008,0.006,-0.002,-103.850,-310.350,383.600,-173.380,-3.310,-113.920,1,0.0000,0.0000,0.0000,1
6355968,-0.101,-0.219,0.024,-0.008,0.005,-0.002,-103.850,-310.350,383.600,-173.380,-3.310,-113.920,1,0.0000,0.0000,0.0000,1
6356046,-0.092,-0.234,0.035,-0.009,0.005,-0.004,-103.850,-310.350,383.600,-173.380,-3.310,-113.920,1,0.0000,0.0000,0.0000,1
6356125,-0.117,-0.220,0.003,-0.008,0.005,-0.001,-103.850,-310.350,383.600,-173.380,-3.310,-113.920,1,0.0000,0.0000,0.0000,1
6356234,-0.080,-0.232,0.054,-0.009,0.005,-0.004,-103.850,-310.350,383.600,-173.380,-3.310,-113.920,1,0.0000,0.0000,0.0000,1
6356328,-0.094,-0.227,0.038,-0.009,0.005,-0.004,-103.850,-310.350,383.600,-173.380,-3.310,-113.920,1,0.0000,0.0000,0.0000,1
6356484,-0.123,-0.243,0.037,-0.008,0.006,-0.002,-103.850,-310.350,383.600,-173.380,-3.310,-113.920,1,0.0000,0.0000,0.0000,1
6356531,-0.092,-0.238,0.059,-0.009,0.005,-0.004,-103.850,-310.350,383.600,-173.380,-3.310,-113.920,1,0.0000,0.0000,0.0000,1
6356578,-0.096,-0.233,0.060,-0.009,0.005,-0.004,-103.850,-310.350,383.600,-173.380,-3.310,-113.920,1,0.0000,0.0000,0.0000,1
6356640,-0.094,-0.241,0.025,-0.009,0.005,-0.004,-103.848,-310.350,383.600,-173.380,-3.310,-113.920,1,0.0000,0.0000,0.0000,1
6356781,-0.108,-0.183,0.035,-0.012,0.005,-0.003,-103.848,-310.350,383.600,-173.380,-3.310,-113.920,1,0.0000,0.0000,0.0000,1
6356875,-0.029,-0.230,0.098,-0.008,0.009,-0.003,-104.132,-308.960,383.296,-173.380,-3.310,-113.920,1,0.0000,0.0000,0.0000,1
6356984,-0.050,-0.133,0.013,-0.011,0.005,-0.004,-104.132,-308.960,383.296,-173.380,-3.310,-113.920,1,0.0000,0.0000,0.0000,1
6357062,-0.159,-0.233,0.045,-0.001,0.005,-0.003,-107.531,-307.859,383.526,-173.380,-3.310,-113.920,1,0.0000,0.0000,0.0000,1
6357171,-0.167,-0.080,0.060,-0.011,0.009,-0.003,-107.531,-307.859,383.526,-173.380,-3.310,-113.920,1,0.0000,0.0000,0.0000,1
6357250,-0.230,-0.299,0.051,-0.008,0.011,-0.004,-111.335,-308.310,383.937,-173.380,-3.204,-113.920,1,0.0000,0.0000,0.0000,1
6357328,-0.153,-0.356,-0.019,-0.003,0.008,-0.003,-111.335,-308.310,383.937,-173.380,-3.204,-113.920,1,0.0000,0.0000,0.0000,0
6357437,-0.169,-0.091,0.089,-0.014,-0.000,-0.003,-114.007,-311.273,385.993,-173.380,-3.244,-113.791,1,0.0000,0.0000,0.0000,0
6357531,0.003,-0.310,-0.021,0.002,0.009,-0.004,-114.007,-311.273,385.993,-173.380,-3.244,-113.791,1,0.0000,0.0000,0.0000,0
6357671,-0.129,-0.028,0.040,-0.013,0.014,-0.002,-118.198,-316.864,386.755,-173.380,-3.231,-113.832,1,0.0000,0.0000,0.0000,0
6357734,-0.227,-0.199,-0.137,-0.012,0.009,-0.003,-118.198,-316.864,386.755,-173.380,-3.231,-113.832,1,-0.0010,-0.0017,-0.0008,0
6357843,-0.196,-0.167,-0.041,-0.010,0.001,-0.004,-124.709,-324.204,380.927,-173.380,-3.233,-113.821,1,-0.0010,-0.0017,-0.0008,0
6357984,-0.163,-0.151,0.051,-0.004,0.006,-0.003,-124.709,-324.204,380.927,-173.380,-3.233,-113.821,1,-0.0069,-0.0084,-0.0131,0
6358078,-0.211,-0.199,0.182,-0.002,0.004,-0.003,-126.394,-328.314,368.000,-173.380,-3.231,-113.822,1,-0.0121,-0.0142,-0.0449,0
6358187,-0.099,-0.021,0.178,-0.013,0.003,-0.003,-126.394,-328.314,368.000,-173.380,-3.231,-113.822,1,-0.0121,-0.0142,-0.0449,0
6358265,-0.165,-0.305,0.081,-0.003,-0.001,-0.004,-122.158,-329.959,366.067,-173.380,-3.230,-113.820,1,-0.0121,-0.0142,-0.0449,0
6358375,-0.293,-0.169,0.211,-0.005,0.002,-0.002,-122.158,-329.959,366.067,-173.380,-3.230,-113.820,1,-0.0001,-0.0082,-0.0639,0
6358437,-0.147,-0.095,0.188,-0.009,0.000,-0.004,-112.623,-327.024,372.734,-173.380,-3.230,-113.820,1,-0.0001,-0.0082,-0.0639,0
6358531,-0.167,-0.166,-0.038,-0.008,0.007,-0.004,-112.623,-327.024,372.734,-173.380,-3.230,-113.820,1,0.0319,0.0121,-0.0302,0
6358640,-0.242,-0.245,0.096,-0.007,0.004,-0.004,-101.536,-320.992,383.347,-173.380,-3.230,-113.820,1,0.0674,0.0417,0.0372,0
6358750,-0.019,-0.146,0.026,-0.010,0.012,-0.003,-101.536,-320.992,383.347,-173.380,-3.230,-113.820,1,0.0674,0.0417,0.0372,0
6358890,-0.182,-0.241,-0.024,-0.003,0.004,-0.004,-85.258,-312.854,400.808,-173.237,-3.230,-113.820,1,0.0674,0.0417,0.0372,0
6358937,-0.278,-0.223,-0.045,-0.009,0.004,-0.003,-85.258,-312.854,400.808,-173.237,-3.230,-113.820,1,0.0889,0.0667,0.0937,0
6358984,-0.254,-0.195,-0.076,-0.008,0.007,-0.003,-85.258,-312.854,400.808,-173.237,-3.230,-113.820,1,0.0889,0.0667,0.0937,0
6359062,-0.282,-0.233,-0.057,-0.011,0.007,-0.003,-72.508,-306.313,409.649,-173.278,-3.230,-113.820,1,0.0889,0.0667,0.0937,0
6359203,-0.171,-0.159,-0.015,-0.012,0.011,-0.004,-72.508,-306.313,409.649,-173.278,-3.230,-113.820,1,0.0868,0.0718,0.1059,0
6359296,0.221,-0.209,-0.297,-0.014,0.027,-0.004,-60.036,-298.078,419.897,-173.270,-3.230,-113.820,1,0.0619,0.0591,0.0713,0
6359406,0.081,-0.106,-0.035,-0.007,0.018,-0.003,-60.036,-298.078,419.897,-173.270,-3.230,-113.820,1,0.0619,0.0591,0.0713,0
6359484,-0.073,-0.129,0.007,-0.009,0.011,-0.004,-70.530,-300.342,420.938,-173.273,-3.230,-113.820,1,0.0619,0.0591,0.0713,0
6359578,-0.142,-0.174,-0.045,-0.008,0.007,-0.004,-70.530,-300.342,420.938,-173.273,-3.230,-113.820,1,0.0065,0.0310,0.0201,0
6359656,-0.197,-0.159,0.076,-0.009,0.005,-0.005,-86.456,-305.753,420.246,-173.271,-3.230,-113.820,1,0.0065,0.0310,0.0201,0
6359734,-0.211,-0.214,0.017,-0.005,0.006,-0.004,-86.456,-305.753,420.246,-173.271,-3.230,-113.820,1,-0.0821,-0.0154,-0.0307,0
6359843,-0.453,-0.270,0.044,-0.004,-0.005,-0.005,-100.013,-311.138,418.450,-173.270,-3.230,-113.820,1,-0.1495,-0.0568,-0.0675,0
6359937,-0.439,-0.260,0.067,-0.008,-0.007,-0.005,-100.013,-311.138,418.450,-173.270,-3.230,-113.820,1,-0.1495,-0.0568,-0.0675,0
6360093,-0.177,-0.200,0.079,-0.004,0.001,-0.004,-91.474,-308.998,416.111,-173.270,-3.230,-113.820,1,-0.1495,-0.0568,-0.0675,0
6360140,-0.189,-0.051,0.064,-0.009,0.002,-0.004,-91.474,-308.998,416.111,-173.270,-3.230,-113.820,1,-0.1416,-0.0666,-0.0796,0
6360187,-0.156,-0.150,0.085,-0.008,0.005,-0.002,-91.474,-308.998,416.111,-173.270,-3.230,-113.820,1,-0.1416,-0.0666,-0.0796,0
6360265,-0.116,-0.212,0.072,-0.005,0.007,-0.004,-75.750,-304.005,415.860,-173.270,-3.230,-113.820,1,-0.1416,-0.0666,-0.0796,0
6360406,0.054,-0.117,0.022,-0.014,0.019,-0.004,-75.750,-304.005,415.860,-173.270,-3.230,-113.820,1,-0.0677,-0.0448,-0.0701,0
6360484,0.279,-0.079,-0.005,-0.011,0.024,-0.003,-61.853,-299.212,415.685,-173.270,-3.230,-113.820,1,0.0163,-0.0121,-0.0462,0
6360593,-0.047,-0.058,0.026,-0.014,0.014,-0.003,-61.853,-299.212,415.685,-173.270,-3.230,-113.820,1,0.0163,-0.0121,-0.0462,0
6360671,-0.000,-0.177,0.002,-0.005,0.013,-0.004,-72.305,-302.526,413.878,-173.270,-3.230,-113.820,1,0.0163,-0.0121,-0.0462,0
6360765,-0.118,-0.113,0.098,-0.004,0.010,-0.002,-72.305,-302.526,413.878,-173.270,-3.230,-113.820,1,0.0351,0.0012,-0.0244,0
6360843,-0.161,-0.147,-0.096,-0.010,0.006,-0.004,-87.687,-307.471,410.451,-173.270,-3.230,-113.820,1,0.0351,0.0012,-0.0244,0
6360921,-0.319,-0.287,-0.052,-0.004,0.001,-0.003,-87.687,-307.471,410.451,-173.270,-3.230,-113.820,1,-0.0261,-0.0134,-0.0153,0
6361031,-0.254,-0.172,0.176,-0.006,-0.006,-0.004,-96.149,-310.469,403.069,-173.270,-3.230,-113.820,1,-0.0833,-0.0292,-0.0210,0
6361140,-0.256,-0.233,0.037,-0.003,-0.003,-0.002,-96.149,-310.469,403.069,-173.270,-3.230,-113.820,1,-0.0833,-0.0292,-0.0210,0
6361281,-0.123,-0.087,0.064,-0.008,0.004,-0.003,-85.551,-306.237,400.478,-173.270,-3.230,-113.820,1,-0.0833,-0.0292,-0.0210,0
6361328,-0.107,-0.149,0.037,-0.011,0.010,-0.004,-85.551,-306.237,400.478,-173.270,-3.230,-113.820,1,-0.0680,-0.0227,-0.0313,0
6361375,-0.084,-0.079,0.021,-0.010,0.014,-0.002,-85.551,-306.237,400.478,-173.270,-3.230,-113.820,1,-0.0680,-0.0227,-0.0313,0
6361453,0.111,-0.075,0.009,-0.008,0.017,-0.001,-78.650,-303.406,399.022,-173.270,-3.230,-113.820,1,-0.0680,-0.0227,-0.0313,0
6361593,-0.137,-0.119,0.066,-0.006,0.005,-0.003,-78.650,-303.406,399.022,-173.270,-3.230,-113.820,1,-0.0148,-0.0038,-0.0279,0
6361687,-0.149,-0.120,0.026,-0.007,0.005,-0.003,-79.310,-304.010,398.680,-173.270,-3.230,-113.820,1,0.0093,0.0038,-0.0129,0
6361796,-0.130,-0.137,0.083,-0.008,0.006,-0.005,-79.310,-304.010,398.680,-173.270,-3.230,-113.820,1,0.0093,0.0038,-0.0129,0
6361875,-0.143,-0.131,0.071,-0.006,0.006,-0.002,-79.361,-303.565,399.503,-173.270,-3.230,-113.820,1,0.0093,0.0038,-0.0129,0
6361968,-0.125,-0.154,0.141,-0.005,0.006,-0.003,-79.361,-303.565,399.503,-173.270,-3.230,-113.820,1,-0.0003,-0.0008,0.0021,0
6362046,-0.108,-0.163,0.129,-0.004,0.007,-0.003,-79.480,-303.080,405.252,-173.270,-3.230,-113.820,1,-0.0003,-0.0008,0.0021,0
6362125,-0.141,-0.100,0.093,-0.005,0.007,-0.002,-79.480,-303.080,405.252,-173.270,-3.230,-113.820,1,-0.0111,-0.0039,0.0205,0
6362234,-0.167,-0.081,0.006,-0.005,0.007,-0.002,-80.012,-302.864,417.675,-173.270,-3.230,-113.819,1,-0.0145,-0.0038,0.0530,0
6362343,-0.256,-0.168,-0.004,-0.002,0.012,-0.002,-80.012,-302.864,417.675,-173.270,-3.230,-113.819,1,-0.0145,-0.0038,0.0530,0
6362484,-0.238,-0.142,-0.036,-0.005,0.010,-0.003,-80.599,-302.366,439.578,-173.270,-3.230,-113.679,1,-0.0150,-0.0037,0.0940,0
6362531,-0.199,-0.138,-0.043,-0.005,0.009,-0.004,-80.599,-302.366,439.578,-173.270,-3.230,-113.679,1,-0.0150,-0.0037,0.0940,0
6362578,-0.264,-0.081,-0.060,-0.004,0.006,-0.002,-80.599,-302.366,439.578,-173.270,-3.230,-113.679,1,-0.0150,-0.0037,0.0940,0
6362656,-0.173,-0.071,-0.168,-0.002,0.015,-0.002,-80.389,-302.090,452.276,-173.270,-3.012,-113.726,1,-0.0150,-0.0037,0.0940,0
6362796,-0.255,-0.063,-0.101,-0.009,0.005,-0.003,-80.389,-302.090,452.276,-173.270,-3.012,-113.726,1,-0.0119,-0.0033,0.1052,0
6362890,-0.159,-0.087,-0.104,-0.008,0.012,-0.004,-80.112,-302.426,455.254,-173.270,-3.012,-113.714,1,-0.0057,-0.0036,0.0594,0
6363000,-0.115,-0.122,-0.063,-0.006,0.010,-0.004,-80.112,-302.426,455.254,-173.270,-3.012,-113.714,1,-0.0057,-0.0036,0.0594,0
6363062,-0.206,-0.094,-0.091,-0.007,0.015,-0.002,-81.110,-304.601,449.045,-173.305,-3.010,-113.716,1,-0.0019,-0.0071,-0.0192,0
6363156,-0.158,-0.240,-0.001,-0.013,0.009,-0.006,-81.110,-304.601,449.045,-173.305,-3.010,-113.716,1,-0.0019,-0.0071,-0.0192,0
6363234,-0.141,-0.170,-0.002,-0.011,0.003,-0.005,-85.470,-308.328,437.349,-173.296,-3.010,-113.717,1,-0.0082,-0.0153,-0.0965,0
6363312,-0.172,-0.028,0.019,-0.011,0.002,-0.003,-85.470,-308.328,437.349,-173.296,-3.010,-113.717,1,-0.0082,-0.0153,-0.0965,0
6363421,-0.217,-0.070,0.061,-0.012,0.010,-0.002,-89.636,-310.423,422.260,-173.298,-3.010,-113.718,1,-0.0217,-0.0213,-0.1512,0
6363531,-0.238,-0.244,0.221,-0.007,0.006,-0.003,-89.636,-310.423,422.260,-173.298,-3.010,-113.718,1,-0.0217,-0.0213,-0.1512,0
6363671,-0.146,-0.232,0.270,-0.009,0.003,-0.004,-93.520,-312.041,406.419,-173.300,-3.010,-113.720,1,-0.0217,-0.0213,-0.1512,0
6363718,-0.110,-0.209,0.115,-0.008,0.006,-0.003,-93.520,-312.041,406.419,-173.300,-3.010,-113.720,1,-0.0288,-0.0173,-0.1698,0
6363765,-0.113,-0.209,0.067,-0.008,0.007,-0.003,-93.520,-312.041,406.419,-173.300,-3.010,-113.720,1,-0.0288,-0.0173,-0.1698,0
6363843,-0.141,-0.184,0.114,-0.009,0.007,-0.004,-93.510,-312.030,406.410,-173.300,-3.010,-113.720,1,-0.0288,-0.0173,-0.1698,0
6363984,-0.113,-0.198,0.076,-0.009,0.006,-0.004,-93.510,-312.030,406.410,-173.300,-3.010,-113.720,1,-0.0202,-0.0065,-0.1291,0
6364078,-0.125,-0.192,0.055,-0.009,0.006,-0.003,-93.510,-312.030,406.410,-173.300,-3.010,-113.720,1,-0.0202,-0.0065,-0.1291,0
6364187,-0.135,-0.168,0.118,-0.008,0.007,-0.004,-93.510,-312.030,406.410,-173.300,-3.010,-113.720,1,-0.0202,-0.0065,-0.1291,0
6364265,-0.124,-0.194,0.085,-0.009,0.006,-0.004,-93.510,-312.030,406.410,-173.300,-3.010,-113.720,1,-0.0202,-0.0065,-0.1291,0
6364359,-0.125,-0.196,0.067,-0.008,0.006,-0.003,-93.510,-312.030,406.410,-173.300,-3.010,-113.720,1,-0.0202,-0.0065,-0.1291,0
6364437,-0.126,-0.204,0.090,-0.009,0.006,-0.003,-93.510,-312.030,406.410,-173.300,-3.010,-113.720,1,-0.0202,-0.0065,-0.1291,0
6364515,-0.120,-0.250,0.106,-0.007,0.005,-0.005,-93.510,-312.030,406.410,-173.300,-3.010,-113.720,1,-0.0202,-0.0065,-0.1291,0
6364625,-0.139,-0.171,0.063,-0.013,0.006,-0.004,-93.151,-312.246,406.776,-173.062,-3.052,-113.757,1,0.0000,0.0000,0.0000,1
6364734,-0.086,-0.138,-0.029,-0.012,0.007,-0.002,-93.151,-312.246,406.776,-173.062,-3.052,-113.757,1,0.0000,0.0000,0.0000,1
6364875,-0.034,-0.140,0.034,-0.010,0.009,-0.005,-93.896,-311.445,405.546,-173.652,-2.789,-113.458,1,0.0000,0.0000,0.0000,1
6364921,-0.043,-0.119,0.060,-0.010,0.009,-0.005,-93.896,-311.445,405.546,-173.652,-2.789,-113.458,1,0.0000,0.0000,0.0000,1
6364968,-0.032,-0.132,0.068,-0.009,0.008,-0.005,-93.896,-311.445,405.546,-173.652,-2.789,-113.458,1,0.0000,0.0000,0.0000,1
6365046,-0.074,-0.209,0.006,-0.009,0.008,-0.003,-96.898,-310.916,404.313,-175.275,-3.094,-113.843,1,0.0000,0.0000,0.0000,1
6365187,-0.220,-0.160,0.018,-0.009,0.012,-0.003,-96.898,-310.916,404.313,-175.275,-3.094,-113.843,1,0.0000,0.0000,0.0000,1
6365281,-0.150,-0.096,0.052,-0.006,0.004,-0.004,-102.981,-310.731,403.296,-178.272,-4.262,-115.184,1,0.0000,0.0000,0.0000,0
6365390,-0.233,-0.289,0.014,-0.007,0.006,-0.003,-102.981,-310.731,403.296,-178.272,-4.262,-115.184,1,0.0000,0.0000,0.0000,0
6365468,-0.158,-0.083,0.001,-0.006,0.008,-0.000,-109.411,-310.491,402.593,178.651,-5.650,-116.909,1,0.0000,0.0000,0.0000,0
6365562,-0.041,-0.159,0.087,-0.007,0.000,-0.005,-109.411,-310.491,402.593,178.651,-5.650,-116.909,1,0.0000,0.0000,0.0000,0
6365640,-0.241,-0.205,0.047,-0.006,0.003,-0.003,-114.959,-310.018,401.996,175.984,-6.879,-118.336,1,0.0000,0.0000,0.0000,0
6365718,-0.170,-0.192,0.015,-0.003,0.000,-0.002,-114.959,-310.018,401.996,175.984,-6.879,-118.336,1,0.0014,0.0004,0.0002,0
6365828,-0.238,-0.326,0.061,-0.008,0.002,-0.003,-119.083,-309.410,401.440,173.974,-7.778,-119.464,1,0.0068,0.0014,0.0006,0
6365937,-0.273,-0.197,0.059,-0.004,0.002,-0.003,-119.083,-309.410,401.440,173.974,-7.778,-119.464,1,0.0068,0.0014,0.0006,0
6366078,-0.278,-0.212,0.005,0.001,-0.008,-0.001,-120.482,-308.567,400.499,173.178,-7.837,-120.289,1,0.0158,0.0026,0.0008,0
6366125,-0.260,-0.200,0.026,0.000,-0.006,-0.001,-120.482,-308.567,400.499,173.178,-7.837,-120.289,1,0.0158,0.0026,0.0008,0
6366171,-0.189,-0.172,0.086,-0.003,0.000,-0.004,-120.482,-308.567,400.499,173.178,-7.837,-120.289,1,0.0158,0.0026,0.0008,0
6366250,-0.191,-0.123,0.085,-0.005,0.004,-0.004,-116.236,-307.892,399.398,174.970,-6.275,-120.027,1,0.0158,0.0026,0.0008,0
6366390,-0.140,-0.234,0.019,-0.010,0.009,-0.001,-116.236,-307.892,399.398,174.970,-6.275,-120.027,1,0.0319,0.0030,0.0000,0
6366484,-0.065,-0.097,0.042,-0.007,0.008,-0.004,-109.879,-307.034,398.299,177.644,-4.039,-118.642,1,0.0553,0.0024,-0.0011,0
6366593,-0.196,-0.197,0.075,-0.010,0.012,-0.005,-109.879,-307.034,398.299,177.644,-4.039,-118.642,1,0.0553,0.0024,-0.0011,0
6366671,-0.098,-0.218,0.014,-0.011,0.012,-0.002,-106.142,-306.550,397.874,179.258,-2.809,-117.640,1,0.0553,0.0024,-0.0011,0
6366765,-0.085,-0.209,0.031,-0.010,0.008,-0.002,-106.142,-306.550,397.874,179.258,-2.809,-117.640,1,0.0666,0.0014,-0.0010,0
6366843,-0.128,-0.231,0.051,-0.008,0.005,-0.003,-105.831,-306.510,397.844,179.394,-2.709,-117.556,1,0.0666,0.0014,-0.0010,0
6366921,-0.115,-0.233,0.085,-0.008,0.006,-0.004,-105.831,-306.510,397.844,179.394,-2.709,-117.556,1,0.0507,-0.0008,0.0014,0
6367031,-0.077,-0.240,0.065,-0.005,0.006,-0.002,-106.912,-307.153,397.952,179.354,-2.734,-117.575,1,0.0178,-0.0045,0.0045,0
6367140,0.028,-0.079,-0.038,-0.008,0.015,-0.004,-106.912,-307.153,397.952,179.354,-2.734,-117.575,1,0.0178,-0.0045,0.0045,0
6367281,-0.098,-0.178,-0.031,-0.005,0.009,-0.003,-119.650,-316.255,394.532,179.358,-2.728,-117.576,1,0.0178,-0.0045,0.0045,0
6367328,-0.206,-0.187,-0.031,-0.007,0.009,-0.002,-119.650,-316.255,394.532,179.358,-2.728,-117.576,1,-0.0190,-0.0139,0.0040,0
6367375,-0.302,-0.096,-0.051,-0.013,-0.004,-0.002,-119.650,-316.255,394.532,179.358,-2.728,-117.576,1,-0.0190,-0.0139,0.0040,0
6367453,-0.253,-0.152,0.023,-0.004,0.001,-0.002,-130.182,-322.810,385.344,179.356,-2.729,-117.578,1,-0.0190,-0.0139,0.0040,0
6367593,-0.175,-0.183,-0.013,-0.015,-0.001,-0.004,-130.182,-322.810,385.344,179.356,-2.729,-117.578,1,-0.0475,-0.0240,-0.0104,0
6367687,-0.117,-0.150,-0.003,-0.012,-0.003,-0.004,-136.708,-328.623,367.677,179.359,-2.730,-117.579,1,-0.0496,-0.0215,-0.0441,0
6367796,-0.023,-0.152,0.046,-0.003,0.008,-0.001,-136.708,-328.623,367.677,179.359,-2.730,-117.579,1,-0.0496,-0.0215,-0.0441,0
6367875,-0.114,-0.035,0.053,-0.010,0.009,-0.001,-140.049,-331.320,348.587,179.359,-2.730,-117.580,1,-0.0496,-0.0215,-0.0441,0
6367968,-0.169,-0.161,0.271,-0.014,0.012,-0.005,-140.049,-331.320,348.587,179.359,-2.730,-117.580,1,-0.0267,-0.0074,-0.0795,0
6368046,-0.280,-0.377,0.321,-0.002,-0.002,-0.001,-145.571,-332.974,337.883,179.360,-2.730,-117.580,1,-0.0267,-0.0074,-0.0795,0
6368125,-0.186,-0.190,0.114,-0.011,0.000,-0.002,-145.571,-332.974,337.883,179.360,-2.730,-117.580,1,-0.0030,0.0102,-0.0805,0
6368234,-0.086,-0.261,0.074,-0.007,0.006,-0.003,-145.810,-333.190,337.620,179.360,-2.730,-117.580,1,0.0141,0.0260,-0.0249,0
6368343,-0.124,-0.213,0.034,-0.010,0.004,-0.003,-145.810,-333.190,337.620,179.360,-2.730,-117.580,1,0.0141,0.0260,-0.0249,0
6368484,-0.152,-0.228,0.028,-0.010,0.005,-0.002,-145.810,-333.190,337.620,179.360,-2.730,-117.580,1,0.0141,0.0260,-0.0249,0
6368531,-0.207,-0.215,0.044,-0.011,0.003,-0.001,-145.810,-333.190,337.620,179.360,-2.730,-117.580,1,0.0141,0.0260,-0.0249,0
6368578,-0.338,-0.247,0.256,-0.010,-0.005,-0.003,-145.810,-333.190,337.620,179.360,-2.730,-117.580,1,0.0141,0.0260,-0.0249,0
6368656,-0.213,-0.306,0.192,-0.004,0.006,-0.002,-142.573,-331.207,341.480,179.360,-2.730,-117.580,1,0.0141,0.0260,-0.0249,0
6368796,0.117,-0.050,-0.187,-0.019,0.024,-0.003,-142.573,-331.207,341.480,179.360,-2.730,-117.580,1,0.0338,0.0356,0.0538,0
6368890,-0.022,-0.101,-0.032,-0.012,0.013,-0.003,-150.312,-334.717,344.840,179.360,-2.730,-117.580,1,0.0366,0.0317,0.1004,0
6369000,-0.188,-0.248,-0.102,-0.002,0.009,-0.001,-150.312,-334.717,344.840,179.360,-2.730,-117.580,1,0.0366,0.0317,0.1004,0
6369078,-0.357,-0.139,-0.067,-0.013,-0.007,-0.004,-170.947,-343.258,339.434,179.360,-2.730,-117.580,1,0.0366,0.0317,0.1004,0
6369156,-0.622,-0.175,-0.123,-0.005,-0.006,-0.002,-170.947,-343.258,339.434,179.360,-2.730,-117.580,1,-0.0035,0.0083,0.0950,0
6369234,-0.338,-0.335,-0.051,-0.006,0.004,-0.004,-177.849,-343.844,326.547,179.360,-2.730,-117.580,1,-0.0035,0.0083,0.0950,0
6369312,-0.305,-0.230,0.139,-0.013,-0.003,-0.003,-177.849,-343.844,326.547,179.360,-2.730,-117.580,1,-0.0406,-0.0089,0.0430,0
6369421,-0.202,-0.167,0.172,-0.013,0.005,-0.002,-176.630,-339.243,313.574,179.360,-2.730,-117.580,1,-0.0076,0.0133,-0.0238,0
6369531,-0.069,-0.420,-0.131,0.004,0.016,-0.003,-176.630,-339.243,313.574,179.360,-2.730,-117.580,1,-0.0076,0.0133,-0.0238,0
6369671,-0.338,-0.012,0.192,-0.015,0.005,-0.002,-174.286,-332.650,297.779,179.360,-2.730,-117.580,1,0.0630,0.0552,-0.0661,0
6369718,-0.332,-0.067,0.136,-0.013,0.004,-0.002,-174.286,-332.650,297.779,179.360,-2.730,-117.580,1,0.0630,0.0552,-0.0661,0
6369765,-0.199,-0.247,0.117,-0.003,0.011,-0.004,-174.286,-332.650,297.779,179.360,-2.730,-117.580,1,0.0630,0.0552,-0.0661,0
6369843,-0.219,-0.248,0.141,-0.003,0.009,-0.004,-173.880,-330.973,292.428,179.360,-2.730,-117.580,1,0.0630,0.0552,-0.0661,0
6369984,-0.295,-0.186,-0.005,-0.009,0.008,-0.003,-173.880,-330.973,292.428,179.360,-2.730,-117.580,1,0.1000,0.0703,-0.0623,0
6370078,-0.206,-0.269,0.165,-0.004,0.011,-0.004,-174.199,-329.618,290.598,179.360,-2.730,-117.580,1,0.0937,0.0505,-0.0148,0
6370187,-0.311,-0.171,-0.013,-0.012,0.006,-0.003,-174.199,-329.618,290.598,179.360,-2.730,-117.580,1,0.0937,0.0505,-0.0148,0
6370265,-0.202,-0.353,-0.070,-0.005,0.010,-0.003,-174.989,-327.381,287.336,179.360,-2.730,-117.580,1,0.0937,0.0505,-0.0148,0
6370343,-0.302,-0.227,0.079,-0.012,0.005,-0.002,-174.989,-327.381,287.336,179.360,-2.730,-117.580,1,0.0684,0.0240,0.0329,0
6370437,-0.251,-0.257,-0.032,-0.010,0.006,-0.003,-175.760,-324.384,281.143,179.360,-2.730,-117.580,1,0.0684,0.0240,0.0329,0
6370515,-0.154,-0.376,0.025,-0.005,0.009,-0.005,-175.760,-324.384,281.143,179.360,-2.730,-117.580,1,0.0418,0.0093,0.0454,0
6370625,-0.190,-0.168,0.077,-0.016,0.006,-0.003,-176.211,-322.517,274.031,179.360,-2.730,-117.580,1,0.0211,0.0024,0.0293,0
6370718,-0.058,-0.360,0.116,-0.004,0.011,-0.005,-176.211,-322.517,274.031,179.360,-2.730,-117.580,1,0.0211,0.0024,0.0293,0
6370859,-0.148,-0.149,0.067,-0.007,0.004,-0.003,-179.684,-321.727,269.405,179.360,-2.730,-117.580,1,0.0211,0.0024,0.0293,0
6370906,-0.138,-0.175,0.036,-0.000,0.007,-0.003,-179.684,-321.727,269.405,179.360,-2.730,-117.580,1,0.0059,-0.0044,0.0093,0
6370953,-0.108,-0.161,0.034,0.002,0.011,-0.002,-179.684,-321.727,269.405,179.360,-2.730,-117.580,1,0.0059,-0.0044,0.0093,0
6371031,-0.206,0.013,0.008,-0.012,0.007,-0.003,-182.111,-323.376,268.380,179.360,-2.716,-117.495,1,0.0059,-0.0044,0.0093,0
6371171,-0.282,-0.167,0.031,-0.007,0.010,-0.003,-182.111,-323.376,268.380,179.360,-2.716,-117.495,1,-0.0051,-0.0140,0.0057,0
6371265,-0.363,-0.097,0.038,-0.011,0.005,-0.003,-184.052,-325.502,266.143,179.333,-2.722,-117.508,1,-0.0080,-0.0250,0.0147,0
6371375,-0.220,-0.189,-0.004,-0.006,0.010,-0.004,-184.052,-325.502,266.143,179.333,-2.722,-117.508,1,-0.0080,-0.0250,0.0147,0
6371453,-0.272,-0.079,0.034,-0.008,0.008,-0.004,-183.765,-326.311,264.001,179.336,-2.720,-117.506,1,-0.0080,-0.0250,0.0147,0
6371546,-0.230,-0.134,0.015,-0.004,0.009,-0.003,-183.765,-326.311,264.001,179.336,-2.720,-117.506,1,-0.0029,-0.0291,0.0198,0
6371625,-0.227,-0.117,0.003,-0.006,0.009,-0.003,-183.806,-327.318,261.098,179.335,-2.720,-117.509,1,-0.0029,-0.0291,0.0198,0
6371703,-0.245,-0.107,0.118,-0.007,0.008,-0.003,-183.806,-327.318,261.098,179.335,-2.720,-117.509,1,0.0051,-0.0235,0.0166,0
6371812,-0.246,-0.119,0.038,-0.006,0.010,-0.003,-184.009,-327.883,259.896,179.340,-2.720,-117.510,1,0.0093,-0.0149,0.0123,0
6371921,-0.289,-0.196,0.080,-0.007,0.009,-0.005,-184.009,-327.883,259.896,179.340,-2.720,-117.510,1,0.0093,-0.0149,0.0123,0
6372062,-0.302,-0.176,-0.023,-0.009,0.007,-0.004,-185.238,-327.844,258.259,179.340,-2.720,-117.510,1,0.0093,-0.0149,0.0123,0
6372109,-0.294,-0.205,-0.020,-0.007,0.009,-0.003,-185.238,-327.844,258.259,179.340,-2.720,-117.510,1,0.0080,-0.0065,0.0119,0
6372156,-0.284,-0.234,-0.008,-0.005,0.009,-0.003,-185.238,-327.844,258.259,179.340,-2.720,-117.510,1,0.0080,-0.0065,0.0119,0
6372234,-0.285,-0.179,0.108,-0.009,0.007,-0.004,-185.002,-327.194,253.605,179.340,-2.720,-117.510,1,0.0080,-0.0065,0.0119,0
6372375,-0.251,-0.200,0.048,-0.007,0.010,-0.004,-185.002,-327.194,253.605,179.340,-2.720,-117.510,1,0.0068,0.0012,0.0069,0
6372468,-0.290,-0.180,0.029,-0.007,0.009,-0.002,-184.514,-324.918,249.910,179.340,-2.720,-117.510,1,0.0091,0.0086,-0.0055,0
6372578,-0.313,-0.153,-0.058,-0.009,0.007,-0.003,-184.514,-324.918,249.910,179.340,-2.720,-117.510,1,0.0091,0.0086,-0.0055,0
6372656,-0.225,-0.265,0.084,-0.003,0.013,-0.005,-184.121,-322.221,245.515,179.340,-2.720,-117.510,1,0.0091,0.0086,-0.0055,0
6372750,-0.310,-0.082,0.148,-0.009,0.007,-0.004,-184.121,-322.221,245.515,179.340,-2.720,-117.510,1,0.0113,0.0152,-0.0142,0
6372828,-0.237,-0.198,-0.052,-0.006,0.010,-0.002,-183.859,-319.659,241.794,179.340,-2.720,-117.510,1,0.0113,0.0152,-0.0142,0
6372906,-0.237,-0.220,0.157,-0.005,0.012,-0.003,-183.859,-319.659,241.794,179.340,-2.720,-117.510,1,0.0101,0.0180,-0.0155,0
6373015,-0.341,-0.105,0.064,-0.013,0.006,-0.004,-183.847,-317.859,240.347,179.340,-2.720,-117.510,1,0.0066,0.0147,-0.0077,0
6373125,-0.226,-0.308,0.015,-0.005,0.011,-0.004,-183.847,-317.859,240.347,179.340,-2.720,-117.510,1,0.0066,0.0147,-0.0077,0
6373265,-0.340,-0.095,0.124,-0.014,0.006,-0.004,-183.738,-313.355,239.737,179.340,-2.720,-117.510,1,0.0066,0.0147,-0.0077,0
6373312,-0.365,-0.057,0.024,-0.019,0.003,-0.003,-183.738,-313.355,239.737,179.340,-2.720,-117.510,1,0.0026,0.0090,0.0077,0
6373359,-0.264,-0.205,0.031,-0.010,0.007,-0.004,-183.738,-313.355,239.737,179.340,-2.720,-117.510,1,0.0026,0.0090,0.0077,0
6373437,-0.104,-0.400,0.052,-0.000,0.012,-0.006,-183.689,-308.975,239.650,179.340,-2.720,-117.510,1,0.0026,0.0090,0.0077,0
6373578,-0.269,-0.162,-0.047,-0.011,0.006,-0.003,-183.689,-308.975,239.650,179.340,-2.720,-117.510,1,-0.0002,0.0065,0.0200,0
6373671,-0.146,-0.288,0.075,-0.003,0.010,-0.002,-183.821,-309.714,236.609,179.340,-2.720,-117.455,1,-0.0019,0.0006,0.0217,0
6373781,-0.254,-0.159,0.080,-0.012,0.006,-0.004,-183.821,-309.714,236.609,179.340,-2.720,-117.455,1,-0.0019,0.0006,0.0217,0
6373859,-0.271,-0.191,0.009,-0.009,0.005,-0.003,-183.516,-311.083,235.041,179.340,-2.720,-117.450,1,-0.0019,0.0006,0.0217,0
6373953,-0.210,-0.232,-0.005,-0.005,0.008,-0.003,-183.516,-311.083,235.041,179.340,-2.720,-117.450,1,-0.0023,-0.0132,0.0153,0
6374031,-0.244,-0.126,0.056,-0.012,0.006,-0.005,-183.018,-311.961,234.352,179.332,-2.720,-117.450,1,-0.0023,-0.0132,0.0153,0
6374109,-0.223,-0.187,0.008,-0.007,0.008,-0.003,-183.018,-311.961,234.352,179.332,-2.720,-117.450,1,-0.0010,-0.0231,0.0112,0
6374218,-0.241,-0.155,0.026,-0.007,0.008,-0.002,-182.962,-313.061,231.953,179.334,-2.720,-117.450,1,0.0002,-0.0233,0.0088,0
6374328,-0.260,-0.156,0.117,-0.005,0.006,-0.003,-182.962,-313.061,231.953,179.334,-2.720,-117.450,1,0.0002,-0.0233,0.0088,0
6374468,-0.230,-0.039,-0.068,-0.008,0.009,-0.004,-181.751,-313.633,232.599,179.330,-2.720,-117.450,1,0.0002,-0.0233,0.0088,0
6374515,-0.222,-0.052,-0.048,-0.007,0.009,-0.003,-181.751,-313.633,232.599,179.330,-2.720,-117.450,1,0.0005,-0.0186,0.0040,0
6374562,-0.228,-0.077,-0.010,-0.005,0.009,-0.003,-181.751,-313.633,232.599,179.330,-2.720,-117.450,1,0.0005,-0.0186,0.0040,0
6374640,-0.218,-0.081,0.081,-0.006,0.008,-0.005,-181.730,-313.650,232.620,179.330,-2.720,-117.450,1,0.0005,-0.0186,0.0040,0
6374781,-0.221,-0.078,0.029,-0.005,0.007,-0.003,-181.730,-313.650,232.620,179.330,-2.720,-117.450,1,-0.0005,-0.0117,0.0013,0
6374875,-0.225,-0.061,0.003,-0.004,0.008,-0.002,-181.730,-313.650,232.620,179.330,-2.720,-117.450,1,-0.0005,-0.0117,0.0013,0
6374984,-0.220,-0.062,0.020,-0.005,0.008,-0.003,-181.730,-313.650,232.620,179.330,-2.720,-117.450,1,-0.0005,-0.0117,0.0013,0
6375062,-0.214,-0.073,0.061,-0.005,0.008,-0.004,-181.730,-313.650,232.620,179.330,-2.720,-117.450,1,-0.0005,-0.0117,0.0013,0
6375156,-0.214,-0.081,0.025,-0.004,0.009,-0.002,-181.730,-313.650,232.620,179.330,-2.720,-117.450,1,-0.0005,-0.0117,0.0013,0
6375234,-0.227,-0.039,-0.097,-0.008,0.005,-0.004,-181.717,-313.541,231.453,179.330,-2.720,-117.450,1,-0.0005,-0.0117,0.0013,0
6375312,-0.201,-0.104,0.058,-0.004,0.009,-0.005,-181.717,-313.541,231.453,179.330,-2.720,-117.450,1,0.0000,0.0000,0.0000,1
6375421,-0.222,-0.081,-0.020,-0.005,0.012,-0.002,-181.743,-313.506,228.350,179.330,-2.720,-117.450,1,0.0000,0.0000,0.0000,1
6375531,-0.220,-0.067,-0.140,-0.006,0.009,-0.003,-181.743,-313.506,228.350,179.330,-2.720,-117.450,1,0.0000,0.0000,0.0000,1
6375671,-0.223,-0.118,-0.312,0.001,0.003,-0.004,-181.788,-313.791,224.887,179.330,-2.717,-117.450,1,0.0000,0.0000,0.0000,1
6375718,-0.188,-0.161,-0.390,0.006,0.004,-0.004,-181.788,-313.791,224.887,179.330,-2.717,-117.450,1,0.0000,0.0000,0.0000,1
6375765,-0.141,-0.219,-0.466,0.018,0.013,-0.002,-181.788,-313.791,224.887,179.330,-2.717,-117.450,1,0.0000,0.0000,0.0000,1
6375843,-0.179,-0.063,-0.749,0.009,0.013,-0.001,-181.770,-316.317,221.183,179.330,-2.691,-117.450,1,0.0000,0.0000,0.0000,1
6375984,-0.117,0.037,-1.147,-0.030,0.014,-0.002,-181.770,-316.317,221.183,179.330,-2.691,-117.450,1,0.0000,0.0000,0.0000,0
6376078,-0.158,0.194,-1.078,-0.050,0.012,-0.002,-182.231,-319.573,217.165,179.330,-2.695,-117.464,1,0.0000,0.0000,0.0000,0
6376187,-0.068,0.045,-0.809,-0.023,0.026,-0.001,-182.231,-319.573,217.165,179.330,-2.695,-117.464,1,0.0000,0.0000,0.0000,0
6376265,-0.006,-0.120,-0.461,0.005,0.035,-0.003,-182.926,-324.037,217.660,179.330,-2.695,-117.465,1,0.0000,0.0000,0.0000,0
6376359,-0.118,-0.148,-0.265,0.019,0.031,-0.003,-182.926,-324.037,217.660,179.330,-2.695,-117.465,1,-0.0003,-0.0014,0.0051,0
6376437,-0.191,-0.185,-0.387,0.016,0.032,-0.002,-184.822,-329.683,217.726,179.330,-2.699,-117.466,1,-0.0003,-0.0014,0.0051,0
6376515,-0.101,-0.187,-0.649,0.010,0.043,-0.001,-184.822,-329.683,217.726,179.330,-2.699,-117.466,1,-0.0027,-0.0063,0.0160,0
6376625,-0.145,0.119,-1.314,-0.034,0.035,-0.002,-185.627,-334.166,212.961,179.330,-2.700,-117.469,1,-0.0058,-0.0108,0.0147,0
6376734,0.063,-0.122,-1.607,-0.002,0.064,-0.002,-185.627,-334.166,212.961,179.330,-2.700,-117.469,1,-0.0058,-0.0108,0.0147,0
6376875,0.136,-0.562,-0.942,0.087,0.102,-0.001,-188.034,-342.024,209.416,179.330,-2.700,-117.470,1,-0.0058,-0.0108,0.0147,0
6376921,0.078,-0.467,-0.885,0.069,0.096,-0.001,-188.034,-342.024,209.416,179.330,-2.700,-117.470,1,-0.0057,-0.0114,-0.0037,0
6376968,0.149,-0.385,-0.913,0.048,0.103,-0.001,-188.034,-342.024,209.416,179.330,-2.700,-117.470,1,-0.0057,-0.0114,-0.0037,0
6377046,0.107,-0.218,-1.077,0.001,0.084,-0.000,-189.262,-342.993,209.333,179.330,-2.700,-117.470,1,-0.0057,-0.0114,-0.0037,0
6377187,0.168,-0.392,-0.886,0.034,0.086,0.000,-189.262,-342.993,209.333,179.330,-2.700,-117.470,1,-0.0031,-0.0014,-0.0125,0
6377281,0.176,-0.558,-0.459,0.058,0.076,-0.001,-189.643,-345.306,210.370,179.330,-2.700,-117.470,1,0.0022,0.0221,-0.0017,0
6377390,-0.100,-0.151,-0.300,0.016,0.045,-0.001,-189.643,-345.306,210.370,179.330,-2.700,-117.470,1,0.0022,0.0221,-0.0017,0
6377468,-0.097,-0.259,-0.360,0.000,0.037,-0.000,-192.163,-349.855,212.551,179.355,-2.700,-117.470,1,0.0022,0.0221,-0.0017,0
6377562,0.013,-0.428,-0.200,0.027,0.041,-0.003,-192.163,-349.855,212.551,179.355,-2.700,-117.470,1,0.0055,0.0353,0.0128,0
6377640,-0.106,-0.310,-0.125,0.023,0.030,-0.002,-191.481,-352.873,214.571,179.342,-2.700,-117.470,1,0.0055,0.0353,0.0128,0
6377718,-0.191,-0.193,-0.204,0.011,0.018,-0.003,-191.481,-352.873,214.571,179.342,-2.700,-117.470,1,0.0071,0.0314,0.0209,0
6377828,-0.094,-0.390,-0.066,0.026,0.023,-0.004,-190.837,-354.260,215.275,179.344,-2.700,-117.470,1,0.0141,0.0285,0.0198,0
6377937,-0.213,-0.226,-0.028,0.014,0.019,-0.001,-190.837,-354.260,215.275,179.344,-2.700,-117.470,1,0.0141,0.0285,0.0198,0
6378078,-0.194,-0.213,-0.125,0.017,0.019,-0.001,-189.807,-360.306,217.169,179.340,-2.700,-117.470,1,0.0141,0.0285,0.0198,0
6378125,-0.168,-0.238,-0.080,0.021,0.021,-0.003,-189.807,-360.306,217.169,179.340,-2.700,-117.470,1,0.0201,0.0262,0.0120,0
6378171,-0.166,-0.202,-0.118,0.020,0.018,-0.002,-189.807,-360.306,217.169,179.340,-2.700,-117.470,1,0.0201,0.0262,0.0120,0
6378250,-0.219,-0.072,-0.007,0.010,0.012,-0.001,-189.015,-365.318,218.137,179.340,-2.700,-117.470,1,0.0201,0.0262,0.0120,0
6378390,-0.096,-0.130,-0.010,0.011,0.012,-0.002,-189.015,-365.318,218.137,179.340,-2.700,-117.470,1,0.0194,0.0184,0.0040,0
6378484,-0.059,-0.101,-0.066,0.006,0.012,-0.003,-188.194,-370.494,220.567,179.340,-2.560,-117.470,1,0.0150,0.0111,-0.0013,0
6378593,-0.118,-0.014,-0.022,-0.003,0.006,-0.002,-188.194,-370.494,220.567,179.340,-2.560,-117.470,1,0.0150,0.0111,-0.0013,0
6378671,-0.180,0.019,0.010,-0.004,0.004,-0.004,-188.417,-376.711,222.286,179.340,-2.593,-117.428,1,0.0150,0.0111,-0.0013,0
6378765,-0.112,-0.061,0.000,0.000,0.006,-0.002,-188.417,-376.711,222.286,179.340,-2.593,-117.428,1,0.0086,0.0057,-0.0031,0
6378843,-0.093,-0.065,0.056,0.001,0.006,-0.003,-188.014,-376.920,222.462,179.340,-2.580,-117.443,1,0.0086,0.0057,-0.0031,0
6378921,-0.102,-0.051,0.065,-0.002,0.002,-0.004,-188.014,-376.920,222.462,179.340,-2.580,-117.443,1,0.0025,0.0088,-0.0060,0
6379031,-0.080,-0.032,0.108,-0.004,0.003,-0.003,-186.689,-375.353,224.918,179.340,-2.584,-117.436,1,0.0013,0.0291,-0.0084,0
6379140,-0.048,-0.037,0.005,-0.007,0.006,-0.002,-186.689,-375.353,224.918,179.340,-2.584,-117.436,1,0.0013,0.0291,-0.0084,0
6379281,-0.072,-0.067,-0.018,-0.007,0.005,-0.002,-184.164,-367.229,232.807,179.340,-2.581,-117.439,1,0.0013,0.0291,-0.0084,0
6379328,-0.070,-0.135,-0.055,-0.007,0.004,-0.002,-184.164,-367.229,232.807,179.340,-2.581,-117.439,1,0.0051,0.0528,0.0003,0
6379375,-0.116,-0.118,-0.009,-0.008,0.002,-0.003,-184.164,-367.229,232.807,179.340,-2.581,-117.439,1,0.0051,0.0528,0.0003,0
6379453,-0.156,-0.074,0.012,-0.010,0.001,-0.002,-181.966,-359.609,235.213,179.340,-2.580,-117.440,1,0.0051,0.0528,0.0003,0
6379593,-0.122,-0.142,0.004,-0.010,0.006,-0.002,-181.966,-359.609,235.213,179.340,-2.580,-117.440,1,0.0085,0.0653,0.0065,0
6379687,-0.133,-0.219,-0.008,-0.007,0.006,-0.003,-178.842,-345.009,236.504,179.340,-2.580,-117.440,1,0.0093,0.0689,-0.0062,0
6379796,-0.094,-0.170,-0.095,-0.009,0.006,-0.003,-178.842,-345.009,236.504,179.340,-2.580,-117.440,1,0.0093,0.0689,-0.0062,0
6379875,-0.077,-0.169,0.017,-0.009,0.006,-0.003,-178.746,-332.770,232.666,179.340,-2.580,-117.440,1,0.0093,0.0689,-0.0062,0
6379968,-0.029,-0.217,0.049,0.002,0.014,-0.002,-178.746,-332.770,232.666,179.340,-2.580,-117.440,1,0.0059,0.0681,-0.0277,0
6380046,-0.128,-0.012,0.032,-0.012,0.007,-0.002,-181.736,-326.193,225.965,179.340,-2.580,-117.440,1,0.0059,0.0681,-0.0277,0
6380125,-0.447,-0.008,-0.239,-0.023,-0.006,-0.002,-181.736,-326.193,225.965,179.340,-2.580,-117.440,1,-0.0076,0.0477,-0.0502,0
6380234,-0.363,-0.270,-0.469,-0.015,-0.008,-0.004,-185.090,-323.267,222.310,179.340,-2.580,-117.440,1,-0.0264,0.0027,-0.0619,0
6380343,-0.607,-0.072,-0.506,-0.006,-0.029,-0.002,-185.090,-323.267,222.310,179.340,-2.580,-117.440,1,-0.0264,0.0027,-0.0619,0
6380484,-0.190,-0.262,-0.129,-0.002,-0.001,-0.002,-171.793,-321.422,220.849,179.340,-2.580,-117.440,1,-0.0264,0.0027,-0.0619,0
6380531,-0.114,-0.170,-0.076,0.002,-0.002,-0.002,-171.793,-321.422,220.849,179.340,-2.580,-117.440,1,-0.0260,-0.0409,-0.0499,0
6380578,0.062,-0.222,-0.065,0.002,0.006,-0.003,-171.793,-321.422,220.849,179.340,-2.580,-117.440,1,-0.0260,-0.0409,-0.0499,0
6380656,0.026,-0.043,-0.160,0.001,0.012,-0.003,-161.474,-325.300,219.928,179.340,-2.580,-117.440,1,-0.0260,-0.0409,-0.0499,0
6380796,0.082,0.020,-0.636,-0.023,0.043,-0.001,-161.474,-325.300,219.928,179.340,-2.580,-117.440,1,-0.0045,-0.0709,-0.0263,0
6380890,0.008,-0.193,-0.619,0.025,0.034,-0.002,-161.312,-335.280,214.284,179.404,-2.580,-117.440,1,-0.0013,-0.0969,-0.0113,0
6381000,-0.017,-0.380,-0.240,0.057,0.020,-0.002,-161.312,-335.280,214.284,179.404,-2.580,-117.440,1,-0.0013,-0.0969,-0.0113,0
6381078,-0.054,-0.225,-0.139,0.030,0.012,-0.003,-159.307,-345.805,214.749,179.389,-2.580,-117.440,1,-0.0013,-0.0969,-0.0113,0
6381171,0.001,-0.370,-0.145,0.026,0.007,-0.004,-159.307,-345.805,214.749,179.389,-2.580,-117.440,1,-0.0216,-0.1131,-0.0032,0
6381250,-0.001,-0.477,-0.166,0.032,0.012,-0.002,-156.839,-349.775,215.054,179.394,-2.580,-117.440,1,-0.0216,-0.1131,-0.0032,0
6381328,-0.190,-0.351,-0.140,0.025,0.007,-0.003,-156.839,-349.775,215.054,179.394,-2.580,-117.440,1,-0.0325,-0.0971,0.0102,0
6381437,-0.261,-0.304,-0.153,0.027,-0.002,-0.003,-153.433,-352.267,215.428,179.391,-2.580,-117.440,1,-0.0269,-0.0491,0.0214,0
6381546,-0.210,-0.247,-0.068,0.029,-0.017,-0.004,-153.433,-352.267,215.428,179.391,-2.580,-117.440,1,-0.0269,-0.0491,0.0214,0
6381687,-0.287,-0.264,-0.046,0.007,-0.008,-0.004,-141.548,-353.425,216.741,179.390,-2.580,-117.440,1,-0.0269,-0.0491,0.0214,0
6381734,-0.161,-0.154,-0.038,0.005,-0.002,-0.004,-141.548,-353.425,216.741,179.390,-2.580,-117.440,1,-0.0100,-0.0007,0.0235,0
6381781,-0.073,-0.091,-0.135,-0.003,-0.003,-0.004,-141.548,-353.425,216.741,179.390,-2.580,-117.440,1,-0.0100,-0.0007,0.0235,0
6381859,-0.125,-0.229,-0.053,-0.004,-0.005,-0.003,-134.637,-353.527,218.353,179.390,-2.580,-117.437,1,-0.0100,-0.0007,0.0235,0
6382000,-0.288,-0.165,-0.045,-0.012,-0.002,-0.003,-134.637,-353.527,218.353,179.390,-2.580,-117.437,1,0.0050,0.0289,0.0220,0
6382093,-0.221,-0.112,-0.123,-0.028,0.001,-0.003,-134.300,-350.205,219.427,179.390,-2.580,-117.432,1,-0.0041,0.0452,0.0183,0
6382203,-0.205,-0.154,-0.047,-0.021,-0.003,-0.003,-134.300,-350.205,219.427,179.390,-2.580,-117.432,1,-0.0041,0.0452,0.0183,0
6382281,-0.147,-0.210,-0.069,-0.017,-0.005,-0.005,-134.973,-341.957,220.623,179.390,-2.580,-117.433,1,-0.0041,0.0452,0.0183,0
6382375,-0.128,-0.110,-0.136,-0.023,-0.005,-0.004,-134.973,-341.957,220.623,179.390,-2.580,-117.433,1,-0.0278,0.0578,0.0128,0
6382453,-0.090,0.026,-0.322,-0.032,0.005,-0.004,-136.989,-335.279,218.302,179.390,-2.580,-117.431,1,-0.0278,0.0578,0.0128,0
6382531,0.174,0.017,-0.667,-0.025,0.037,-0.005,-136.989,-335.279,218.302,179.390,-2.580,-117.431,1,-0.0442,0.0648,0.0021,0
6382640,0.026,-0.155,-1.277,-0.012,0.064,-0.003,-142.518,-327.723,212.830,179.390,-2.580,-117.430,1,-0.0549,0.0583,-0.0193,0
6382750,-0.132,0.271,-0.554,-0.102,0.008,-0.004,-142.518,-327.723,212.830,179.390,-2.580,-117.430,1,-0.0549,0.0583,-0.0193,0
6382890,-0.203,0.328,-0.481,-0.108,-0.006,-0.002,-150.717,-316.454,210.473,179.390,-2.580,-117.430,1,-0.0549,0.0583,-0.0193,0
6382937,-0.245,0.083,-0.381,-0.090,0.001,-0.004,-150.717,-316.454,210.473,179.390,-2.580,-117.430,1,-0.0651,0.0473,-0.0393,0
6382984,-0.269,0.035,-0.263,-0.078,0.004,-0.004,-150.717,-316.454,210.473,179.390,-2.580,-117.430,1,-0.0651,0.0473,-0.0393,0
6383062,-0.361,0.158,-0.124,-0.067,-0.003,-0.003,-151.910,-314.245,212.601,179.390,-2.580,-117.430,1,-0.0651,0.0473,-0.0393,0
6383203,-0.302,-0.091,0.004,-0.027,-0.007,-0.004,-151.910,-314.245,212.601,179.390,-2.580,-117.430,1,-0.0565,0.0260,-0.0352,0
6383296,-0.211,-0.033,0.047,-0.018,-0.006,-0.004,-148.659,-307.486,216.687,179.390,-2.580,-117.430,1,-0.0178,-0.0105,-0.0085,0
6383406,-0.018,-0.103,-0.090,-0.015,-0.001,-0.003,-148.659,-307.486,216.687,179.390,-2.580,-117.430,1,-0.0178,-0.0105,-0.0085,0
6383484,-0.022,-0.080,0.015,-0.016,0.001,-0.004,-146.538,-303.235,219.235,179.390,-2.580,-117.430,1,-0.0178,-0.0105,-0.0085,0
6383578,-0.105,-0.101,-0.005,-0.015,-0.000,-0.004,-146.538,-303.235,219.235,179.390,-2.580,-117.430,1,0.0228,-0.0347,0.0152,0
6383656,-0.090,-0.213,0.014,-0.005,0.004,-0.004,-147.518,-301.122,221.531,179.390,-2.580,-117.430,1,0.0228,-0.0347,0.0152,0
6383734,-0.146,-0.093,0.055,-0.012,0.000,-0.003,-147.518,-301.122,221.531,179.390,-2.580,-117.430,1,0.0354,-0.0447,0.0221,0
6383843,-0.113,-0.191,0.046,-0.005,0.000,-0.003,-146.591,-301.056,225.539,179.390,-2.580,-117.430,1,0.0272,-0.0541,0.0216,0
6383953,-0.184,-0.290,0.104,-0.007,-0.003,-0.003,-146.591,-301.056,225.539,179.390,-2.580,-117.430,1,0.0272,-0.0541,0.0216,0
6384093,-0.225,-0.147,-0.093,-0.002,0.004,-0.004,-135.995,-298.697,237.809,179.390,-2.580,-117.430,1,0.0272,-0.0541,0.0216,0
6384140,-0.208,-0.229,-0.084,-0.008,0.002,-0.003,-135.995,-298.697,237.809,179.390,-2.580,-117.430,1,0.0255,-0.0569,0.0277,0
6384187,-0.232,-0.258,-0.010,-0.006,0.004,-0.004,-135.995,-298.697,237.809,179.390,-2.580,-117.430,1,0.0255,-0.0569,0.0277,0
6384265,-0.150,-0.278,0.045,-0.007,0.009,-0.003,-122.888,-295.584,243.810,179.390,-2.580,-117.430,1,0.0255,-0.0569,0.0277,0
6384406,0.149,-0.159,-0.212,-0.018,0.020,-0.003,-122.888,-295.584,243.810,179.390,-2.580,-117.430,1,0.0396,-0.0468,0.0294,0
6384500,0.063,-0.233,0.027,-0.008,0.012,-0.005,-117.182,-295.970,247.952,179.485,-2.580,-117.430,1,0.0463,-0.0327,0.0089,0
6384609,-0.376,-0.124,0.117,-0.005,0.000,-0.003,-117.182,-295.970,247.952,179.485,-2.580,-117.430,1,0.0463,-0.0327,0.0089,0
6384687,-0.359,-0.196,0.176,-0.011,0.002,-0.005,-122.872,-298.541,248.773,179.473,-2.580,-117.430,1,0.0463,-0.0327,0.0089,0
6384781,-0.219,-0.262,0.198,-0.008,0.006,-0.004,-122.872,-298.541,248.773,179.473,-2.580,-117.430,1,0.0180,-0.0277,-0.0199,0
6384859,-0.160,-0.189,0.182,-0.013,0.004,-0.004,-124.184,-296.787,257.104,179.475,-2.580,-117.430,1,0.0180,-0.0277,-0.0199,0
6384937,-0.111,-0.239,-0.009,-0.007,0.006,-0.002,-124.184,-296.787,257.104,179.475,-2.580,-117.430,1,-0.0251,-0.0217,-0.0279,0
6385046,-0.130,-0.165,-0.280,-0.009,0.003,-0.001,-125.259,-294.734,268.447,179.471,-2.580,-117.430,1,-0.0404,-0.0032,-0.0023,0
6385156,-0.098,-0.197,0.068,-0.005,0.005,-0.004,-125.259,-294.734,268.447,179.471,-2.580,-117.430,1,-0.0404,-0.0032,-0.0023,0
6385296,-0.084,-0.183,0.038,-0.008,0.005,-0.004,-125.520,-294.370,268.870,179.470,-2.580,-117.430,1,-0.0404,-0.0032,-0.0023,0
6385343,-0.091,-0.195,-0.011,-0.008,0.005,-0.003,-125.520,-294.370,268.870,179.470,-2.580,-117.430,1,-0.0323,0.0130,0.0246,0
6385390,-0.102,-0.171,0.078,-0.010,0.004,-0.006,-125.520,-294.370,268.870,179.470,-2.580,-117.430,1,-0.0323,0.0130,0.0246,0
6385468,-0.091,-0.201,0.022,-0.008,0.005,-0.005,-125.517,-294.367,268.864,179.470,-2.580,-117.430,1,-0.0323,0.0130,0.0246,0
6385609,-0.244,-0.092,0.280,-0.018,-0.000,-0.006,-125.517,-294.367,268.864,179.470,-2.580,-117.430,1,-0.0206,0.0163,0.0230,0
6385703,-0.111,-0.404,0.236,0.001,0.013,-0.005,-123.863,-286.627,272.723,179.470,-2.580,-117.430,1,-0.0080,0.0201,0.0132,0
6385750,-0.214,-0.291,0.134,-0.005,0.009,-0.003,-123.863,-286.627,272.723,179.470,-2.580,-117.430,1,-0.0080,0.0201,0.0132,0
6385828,-0.315,-0.142,0.058,-0.010,0.005,-0.003,-123.863,-286.627,272.723,179.470,-2.580,-117.430,1,-0.0080,0.0201,0.0132,0
6385906,-0.162,-0.123,-0.006,-0.004,0.009,-0.003,-119.780,-278.429,292.626,179.470,-2.580,-117.430,1,-0.0080,0.0201,0.0132,0
6385984,-0.083,-0.184,-0.031,-0.007,0.007,-0.003,-119.780,-278.429,292.626,179.470,-2.580,-117.430,1,0.0055,0.0330,0.0281,0
6386078,-0.155,-0.300,-0.098,-0.008,0.006,-0.004,-116.367,-274.224,308.416,179.470,-2.580,-117.430,1,0.0055,0.0330,0.0281,0
6386156,-0.249,-0.260,-0.301,-0.012,0.009,-0.004,-116.367,-274.224,308.416,179.470,-2.580,-117.430,1,0.0164,0.0354,0.0584,0
6386265,-0.256,-0.280,0.001,-0.007,0.011,-0.003,-114.990,-272.420,312.110,179.470,-2.580,-117.430,1,0.0158,0.0143,0.0463,0
6386359,-0.292,-0.240,0.041,-0.011,0.008,-0.004,-114.990,-272.420,312.110,179.470,-2.580,-117.430,1,0.0158,0.0143,0.0463,0
6386500,-0.273,-0.243,0.025,-0.010,0.008,-0.004,-114.990,-272.420,312.110,179.470,-2.580,-117.430,1,0.0158,0.0143,0.0463,0
6386546,-0.268,-0.229,0.013,-0.010,0.008,-0.004,-114.990,-272.420,312.110,179.470,-2.580,-117.430,1,0.0158,0.0143,0.0463,0
6386593,-0.262,-0.253,0.013,-0.009,0.009,-0.004,-114.990,-272.420,312.110,179.470,-2.580,-117.430,1,0.0158,0.0143,0.0463,0
6386671,-0.361,-0.098,-0.083,-0.019,0.004,-0.003,-115.189,-271.646,311.334,179.470,-2.580,-117.430,1,0.0158,0.0143,0.0463,0
6386812,-0.178,-0.375,0.293,-0.002,0.013,-0.004,-115.189,-271.646,311.334,179.470,-2.580,-117.430,1,0.0048,-0.0127,-0.0135,0
6386906,-0.291,-0.346,0.205,-0.004,0.010,-0.004,-115.460,-262.431,317.504,179.470,-2.580,-117.430,1,-0.0056,-0.0198,-0.0549,0
6387015,-0.177,-0.139,0.031,-0.011,0.013,-0.003,-115.460,-262.431,317.504,179.470,-2.580,-117.430,1,-0.0056,-0.0198,-0.0549,0
6387093,-0.271,-0.257,0.020,-0.004,0.010,-0.005,-115.134,-257.537,337.122,179.470,-2.580,-117.430,1,-0.0056,-0.0198,-0.0549,0
6387187,-0.257,-0.219,0.016,-0.007,0.009,-0.002,-115.134,-257.537,337.122,179.470,-2.580,-117.430,1,-0.0095,-0.0085,-0.0379,0
6387265,-0.331,-0.171,0.035,-0.010,0.006,-0.005,-114.926,-254.653,353.599,179.470,-2.580,-117.430,1,-0.0095,-0.0085,-0.0379,0
6387343,-0.355,-0.045,0.010,-0.012,0.001,-0.002,-114.926,-254.653,353.599,179.470,-2.580,-117.430,1,-0.0086,-0.0061,0.0093,0
6387453,-0.241,-0.124,-0.115,-0.014,-0.004,-0.003,-112.004,-246.465,366.250,179.470,-2.580,-117.430,1,-0.0021,-0.0066,0.0301,0
6387562,-0.004,-0.339,-0.168,-0.006,0.023,-0.004,-112.004,-246.465,366.250,179.470,-2.580,-117.430,1,-0.0021,-0.0066,0.0301,0
6387703,-0.288,-0.220,0.030,-0.009,0.009,-0.003,-108.840,-242.230,369.300,179.470,-2.580,-117.430,1,-0.0021,-0.0066,0.0301,0
6387750,-0.261,-0.233,0.003,-0.008,0.010,-0.003,-108.840,-242.230,369.300,179.470,-2.580,-117.430,1,0.0100,0.0052,0.0117,0
6387796,-0.271,-0.228,0.047,-0.009,0.009,-0.004,-108.840,-242.230,369.300,179.470,-2.580,-117.430,1,0.0100,0.0052,0.0117,0
6387875,-0.279,-0.229,0.050,-0.010,0.009,-0.004,-108.840,-242.230,369.300,179.470,-2.580,-117.430,1,0.0100,0.0052,0.0117,0
6388015,-0.323,-0.184,-0.041,-0.010,0.007,-0.003,-108.840,-242.230,369.300,179.470,-2.580,-117.430,1,0.0100,0.0052,0.0117,0
6388109,-0.369,-0.006,-0.034,-0.018,0.005,-0.004,-108.440,-240.383,367.710,179.470,-2.580,-117.430,1,0.0178,0.0124,-0.0194,0
6388218,-0.096,-0.301,0.356,0.004,0.014,-0.004,-108.440,-240.383,367.710,179.470,-2.580,-117.430,1,0.0178,0.0124,-0.0194,0
6388296,-0.105,-0.197,0.324,-0.000,0.010,-0.004,-107.703,-233.512,371.955,179.470,-2.580,-117.430,1,0.0178,0.0124,-0.0194,0
6388390,-0.190,-0.110,0.155,-0.012,0.003,-0.003,-107.703,-233.512,371.955,179.470,-2.580,-117.430,1,0.0172,0.0153,-0.0337,0
6388468,-0.109,-0.201,0.057,-0.006,0.007,-0.003,-107.558,-229.844,390.922,179.470,-2.580,-117.430,1,0.0172,0.0153,-0.0337,0
6388546,-0.146,-0.064,-0.041,-0.008,0.007,-0.005,-107.558,-229.844,390.922,179.470,-2.580,-117.430,1,0.0127,0.0194,0.0002,0
6388656,-0.236,-0.027,-0.349,-0.012,0.004,-0.004,-108.650,-226.476,408.234,179.470,-2.580,-117.430,1,0.0048,0.0130,0.0666,0
6388765,-0.151,-0.191,-0.195,-0.002,0.009,-0.004,-108.650,-226.476,408.234,179.470,-2.580,-117.430,1,0.0048,0.0130,0.0666,0
6388906,-0.182,-0.182,0.250,-0.006,0.009,-0.005,-110.297,-220.228,403.751,179.470,-2.580,-117.430,1,0.0048,0.0130,0.0666,0
6388953,-0.205,-0.247,0.148,-0.003,0.009,-0.005,-110.297,-220.228,403.751,179.470,-2.580,-117.430,1,-0.0052,0.0034,0.0906,0
6389000,-0.210,-0.196,0.031,-0.005,0.009,-0.005,-110.297,-220.228,403.751,179.470,-2.580,-117.430,1,-0.0052,0.0034,0.0906,0
6389078,-0.256,-0.140,-0.004,-0.008,0.007,-0.003,-110.400,-220.100,403.640,179.470,-2.580,-117.430,1,-0.0052,0.0034,0.0906,0
6389218,-0.217,-0.158,0.028,-0.007,0.008,-0.004,-110.400,-220.100,403.640,179.470,-2.580,-117.430,1,-0.0093,-0.0082,0.0615,0
6389312,-0.245,-0.138,-0.033,-0.006,0.008,-0.002,-110.400,-220.100,403.640,179.470,-2.580,-117.430,1,-0.0093,-0.0082,0.0615,0
6389421,-0.233,-0.142,0.048,-0.006,0.009,-0.004,-110.400,-220.100,403.640,179.470,-2.580,-117.430,1,-0.0093,-0.0082,0.0615,0
6389500,-0.229,-0.125,-0.002,-0.006,0.008,-0.003,-110.400,-220.100,403.640,179.470,-2.580,-117.430,1,-0.0093,-0.0082,0.0615,0
6389593,-0.219,-0.128,0.019,-0.007,0.008,-0.004,-110.400,-220.100,403.640,179.470,-2.580,-117.430,1,-0.0093,-0.0082,0.0615,0
6389671,-0.206,-0.134,0.055,-0.006,0.008,-0.005,-110.400,-220.100,403.640,179.470,-2.580,-117.430,1,-0.0093,-0.0082,0.0615,0
6389750,-0.234,-0.156,0.025,-0.007,0.009,-0.004,-110.400,-220.100,403.640,179.470,-2.580,-117.430,1,-0.0093,-0.0082,0.0615,0
6389859,-0.244,-0.147,-0.012,-0.006,0.008,-0.003,-110.400,-220.100,403.640,179.470,-2.580,-117.430,1,-0.0093,-0.0082,0.0615,0
6389968,-0.236,-0.146,0.030,-0.007,0.008,-0.004,-110.400,-220.100,403.640,179.470,-2.580,-117.430,1,-0.0093,-0.0082,0.0615,0
6390109,-0.225,-0.149,-0.004,-0.007,0.009,-0.003,-110.400,-220.100,403.640,179.470,-2.580,-117.430,1,-0.0093,-0.0082,0.0615,0
6390156,-0.229,-0.145,0.015,-0.007,0.008,-0.004,-110.400,-220.100,403.640,179.470,-2.580,-117.430,1,-0.0093,-0.0082,0.0615,0
6390203,-0.242,-0.133,-0.025,-0.006,0.009,-0.001,-110.400,-220.100,403.640,179.470,-2.580,-117.430,1,-0.0093,-0.0082,0.0615,0
6390281,-0.230,-0.148,0.003,-0.006,0.009,-0.003,-110.400,-220.100,403.640,179.470,-2.580,-117.430,1,-0.0093,-0.0082,0.0615,0
6390421,-0.215,-0.148,0.007,-0.006,0.008,-0.003,-110.400,-220.100,403.640,179.470,-2.580,-117.430,1,-0.0093,-0.0082,0.0615,0
6390515,-0.245,-0.161,-0.034,-0.007,0.009,-0.002,-110.400,-220.100,403.640,179.470,-2.580,-117.430,1,-0.0093,-0.0082,0.0615,0
6390625,-0.219,-0.169,0.024,-0.007,0.009,-0.004,-110.400,-220.100,403.640,179.470,-2.580,-117.430,1,-0.0093,-0.0082,0.0615,0
6390703,-0.241,-0.150,-0.007,-0.006,0.008,-0.003,-110.400,-220.100,403.640,179.470,-2.580,-117.430,1,-0.0093,-0.0082,0.0615,0
6390796,-0.222,-0.158,0.007,-0.006,0.008,-0.002,-110.400,-220.100,403.640,179.470,-2.580,-117.430,1,-0.0093,-0.0082,0.0615,0
6390859,-0.219,-0.162,0.057,-0.007,0.008,-0.005,-110.400,-220.100,403.640,179.470,-2.580,-117.430,1,-0.0093,-0.0082,0.0615,0
6390953,-0.229,-0.156,0.002,-0.007,0.009,-0.003,-110.400,-220.100,403.640,179.470,-2.580,-117.430,1,-0.0093,-0.0082,0.0615,0
6391062,-0.233,-0.140,-0.014,-0.006,0.008,-0.002,-110.400,-220.100,403.640,179.470,-2.580,-117.430,1,-0.0093,-0.0082,0.0615,0
6391171,-0.230,-0.155,0.018,-0.006,0.009,-0.004,-110.400,-220.100,403.640,179.470,-2.580,-117.430,1,-0.0093,-0.0082,0.0615,0
6391312,-0.249,-0.151,-0.028,-0.007,0.009,-0.002,-110.400,-220.100,403.640,179.470,-2.580,-117.430,1,-0.0093,-0.0082,0.0615,0
6391359,-0.231,-0.159,0.036,-0.007,0.008,-0.005,-110.400,-220.100,403.640,179.470,-2.580,-117.430,1,-0.0093,-0.0082,0.0615,0
6391406,-0.241,-0.152,0.017,-0.007,0.008,-0.004,-110.400,-220.100,403.640,179.470,-2.580,-117.430,1,-0.0093,-0.0082,0.0615,0
6391484,-0.238,-0.157,0.010,-0.007,0.009,-0.003,-110.400,-220.100,403.640,179.470,-2.580,-117.430,1,-0.0093,-0.0082,0.0615,0
6391609,-0.236,-0.140,-0.009,-0.006,0.009,-0.002,-110.400,-220.100,403.640,179.470,-2.580,-117.430,1,-0.0093,-0.0082,0.0615,0
6391718,-0.238,-0.146,-0.001,-0.006,0.009,-0.003,-110.400,-220.100,403.640,179.470,-2.580,-117.430,1,-0.0093,-0.0082,0.0615,0
6391828,-0.210,-0.151,0.045,-0.007,0.008,-0.005,-110.400,-220.100,403.640,179.470,-2.580,-117.430,1,-0.0093,-0.0082,0.0615,0
6391906,-0.223,-0.143,0.010,-0.007,0.008,-0.003,-110.400,-220.100,403.640,179.470,-2.580,-117.430,1,-0.0093,-0.0082,0.0615,0
6391984,-0.218,-0.147,0.021,-0.007,0.008,-0.004,-110.400,-220.100,403.640,179.470,-2.580,-117.430,1,-0.0093,-0.0082,0.0615,0
6392078,-0.237,-0.156,0.004,-0.006,0.009,-0.003,-110.400,-220.100,403.640,179.470,-2.580,-117.430,1,-0.0093,-0.0082,0.0615,0
6392156,-0.227,-0.155,0.062,-0.007,0.008,-0.004,-110.400,-220.100,403.640,179.470,-2.580,-117.430,1,-0.0093,-0.0082,0.0615,0
6392265,-0.237,-0.154,-0.026,-0.007,0.009,-0.002,-110.400,-220.100,403.640,179.470,-2.580,-117.430,1,-0.0093,-0.0082,0.0615,0
6392359,-0.232,-0.153,-0.002,-0.006,0.009,-0.002,-110.400,-220.100,403.640,179.470,-2.580,-117.430,1,-0.0093,-0.0082,0.0615,0
6392500,-0.229,-0.143,0.004,-0.006,0.008,-0.002,-110.400,-220.100,403.640,179.470,-2.580,-117.430,1,-0.0093,-0.0082,0.0615,0
6392546,-0.254,-0.139,-0.016,-0.005,0.009,-0.001,-110.400,-220.100,403.640,179.470,-2.580,-117.430,1,-0.0093,-0.0082,0.0615,0
6392593,-0.246,-0.149,-0.027,-0.006,0.009,-0.001,-110.400,-220.100,403.640,179.470,-2.580,-117.430,1,-0.0093,-0.0082,0.0615,0
6392671,-0.228,-0.152,-0.003,-0.007,0.008,-0.003,-110.400,-220.100,403.640,179.470,-2.580,-117.430,1,-0.0093,-0.0082,0.0615,0
6392812,-0.247,-0.135,-0.038,-0.006,0.009,-0.001,-110.400,-220.100,403.640,179.470,-2.580,-117.430,1,-0.0093,-0.0082,0.0615,0
6392906,-0.224,-0.168,0.039,-0.008,0.008,-0.005,-110.400,-220.100,403.640,179.470,-2.580,-117.430,1,-0.0093,-0.0082,0.0615,0
6393015,-0.244,-0.144,-0.005,-0.006,0.009,-0.002,-110.400,-220.100,403.640,179.470,-2.580,-117.430,1,-0.0093,-0.0082,0.0615,0
6393093,-0.222,-0.150,0.022,-0.006,0.008,-0.004,-110.400,-220.100,403.640,179.470,-2.580,-117.430,1,-0.0093,-0.0082,0.0615,0
6393187,-0.235,-0.143,0.031,-0.006,0.009,-0.004,-110.400,-220.100,403.640,179.470,-2.580,-117.430,1,-0.0093,-0.0082,0.0615,0
6393265,-0.227,-0.150,0.054,-0.006,0.008,-0.005,-110.400,-220.100,403.640,179.470,-2.580,-117.430,1,-0.0093,-0.0082,0.0615,0
6393343,-0.215,-0.148,0.037,-0.007,0.008,-0.005,-110.400,-220.100,403.640,179.470,-2.580,-117.430,1,-0.0093,-0.0082,0.0615,0
6393453,-0.240,-0.133,-0.021,-0.006,0.008,-0.002,-110.400,-220.100,403.640,179.470,-2.580,-117.430,1,-0.0093,-0.0082,0.0615,0
6393562,-0.262,-0.163,-0.014,-0.006,0.009,-0.002,-110.400,-220.100,403.640,179.470,-2.580,-117.430,1,-0.0093,-0.0082,0.0615,0
6393703,-0.233,-0.150,0.033,-0.007,0.009,-0.004,-110.400,-220.100,403.640,179.470,-2.580,-117.430,1,-0.0093,-0.0082,0.0615,0
6393750,-0.232,-0.153,0.037,-0.007,0.009,-0.004,-110.400,-220.100,403.640,179.470,-2.580,-117.430,1,-0.0093,-0.0082,0.0615,0
6393796,-0.233,-0.160,0.024,-0.007,0.009,-0.004,-110.400,-220.100,403.640,179.470,-2.580,-117.430,1,-0.0093,-0.0082,0.0615,0
6393875,-0.231,-0.147,0.012,-0.007,0.009,-0.003,-110.400,-220.100,403.640,179.470,-2.580,-117.430,1,-0.0093,-0.0082,0.0615,0
6394015,-0.236,-0.148,-0.005,-0.006,0.008,-0.002,-110.400,-220.100,403.640,179.470,-2.580,-117.430,1,-0.0093,-0.0082,0.0615,0
6394109,-0.244,-0.133,-0.010,-0.006,0.009,-0.002,-110.400,-220.100,403.640,179.470,-2.580,-117.430,1,-0.0093,-0.0082,0.0615,0
6394218,-0.241,-0.148,0.020,-0.006,0.009,-0.003,-110.400,-220.100,403.640,179.470,-2.580,-117.430,1,-0.0093,-0.0082,0.0615,0
6394296,-0.247,-0.155,-0.007,-0.006,0.009,-0.002,-110.400,-220.100,403.640,179.470,-2.580,-117.430,1,-0.0093,-0.0082,0.0615,0
6394390,-0.220,-0.172,0.039,-0.007,0.008,-0.005,-110.400,-220.100,403.640,179.470,-2.580,-117.430,1,-0.0093,-0.0082,0.0615,0
6394468,-0.240,-0.162,0.011,-0.007,0.008,-0.003,-110.400,-220.100,403.640,179.470,-2.580,-117.430,1,-0.0093,-0.0082,0.0615,0
6394546,-0.248,-0.144,-0.018,-0.006,0.009,-0.001,-110.400,-220.100,403.640,179.470,-2.580,-117.430,1,-0.0093,-0.0082,0.0615,0
6394656,-0.244,-0.135,-0.004,-0.006,0.009,-0.002,-110.400,-220.100,403.640,179.470,-2.580,-117.430,1,-0.0093,-0.0082,0.0615,0
6394765,-0.248,-0.128,-0.033,-0.006,0.009,-0.002,-110.400,-220.100,403.640,179.470,-2.580,-117.430,1,-0.0093,-0.0082,0.0615,0
6394906,-0.225,-0.132,0.012,-0.006,0.008,-0.004,-110.400,-220.100,403.640,179.470,-2.580,-117.430,1,-0.0093,-0.0082,0.0615,0
6394953,-0.232,-0.135,0.024,-0.006,0.008,-0.004,-110.400,-220.100,403.640,179.470,-2.580,-117.430,1,-0.0093,-0.0082,0.0615,0
6395000,-0.245,-0.141,0.014,-0.006,0.008,-0.002,-110.400,-220.100,403.640,179.470,-2.580,-117.430,1,-0.0093,-0.0082,0.0615,0
6395078,-0.253,-0.149,0.002,-0.006,0.009,-0.002,-110.400,-220.100,403.640,179.470,-2.580,-117.430,1,-0.0093,-0.0082,0.0615,0
6395218,-0.255,-0.146,-0.023,-0.006,0.009,-0.002,-110.400,-220.100,403.640,179.470,-2.580,-117.430,1,-0.0093,-0.0082,0.0615,0
6395312,-0.247,-0.155,0.001,-0.007,0.009,-0.003,-110.400,-220.100,403.640,179.470,-2.580,-117.430,1,-0.0093,-0.0082,0.0615,0
6395421,-0.239,-0.161,0.006,-0.007,0.009,-0.004,-110.400,-220.100,403.640,179.470,-2.580,-117.430,1,-0.0093,-0.0082,0.0615,0
6395500,-0.247,-0.152,0.006,-0.006,0.009,-0.002,-110.400,-220.100,403.640,179.470,-2.580,-117.430,1,-0.0093,-0.0082,0.0615,0
6395593,-0.247,-0.143,0.019,-0.006,0.009,-0.002,-110.400,-220.100,403.640,179.470,-2.580,-117.430,1,-0.0093,-0.0082,0.0615,0
6395671,-0.251,-0.155,0.030,-0.006,0.009,-0.003,-110.400,-220.100,403.640,179.470,-2.580,-117.430,1,-0.0093,-0.0082,0.0615,0
6395750,-0.237,-0.148,-0.008,-0.007,0.009,-0.003,-110.400,-220.100,403.640,179.470,-2.580,-117.430,1,-0.0093,-0.0082,0.0615,0
6395859,-0.235,-0.145,-0.001,-0.007,0.009,-0.003,-110.400,-220.100,403.640,179.470,-2.580,-117.430,1,-0.0093,-0.0082,0.0615,0
6395968,-0.266,-0.148,-0.007,-0.006,0.009,-0.002,-110.400,-220.100,403.640,179.470,-2.580,-117.430,1,-0.0093,-0.0082,0.0615,0
6396109,-0.245,-0.153,0.052,-0.006,0.009,-0.004,-110.400,-220.100,403.640,179.470,-2.580,-117.430,1,-0.0093,-0.0082,0.0615,0
6396156,-0.249,-0.153,0.007,-0.006,0.009,-0.003,-110.400,-220.100,403.640,179.470,-2.580,-117.430,1,-0.0093,-0.0082,0.0615,0
6396203,-0.254,-0.142,-0.020,-0.006,0.009,-0.002,-110.400,-220.100,403.640,179.470,-2.580,-117.430,1,-0.0093,-0.0082,0.0615,0
6396281,-0.256,-0.141,-0.032,-0.006,0.009,-0.001,-110.400,-220.100,403.640,179.470,-2.580,-117.430,1,-0.0093,-0.0082,0.0615,0
6396421,-0.232,-0.143,0.011,-0.007,0.008,-0.004,-110.400,-220.100,403.640,179.470,-2.580,-117.430,1,-0.0093,-0.0082,0.0615,0
6396515,-0.247,-0.145,0.032,-0.007,0.009,-0.004,-110.400,-220.100,403.640,179.470,-2.580,-117.430,1,-0.0093,-0.0082,0.0615,0
6396625,-0.273,-0.166,0.011,-0.006,0.009,-0.002,-110.400,-220.100,403.640,179.470,-2.580,-117.430,1,-0.0093,-0.0082,0.0615,0
6396703,-0.261,-0.158,0.011,-0.006,0.009,-0.002,-110.400,-220.100,403.640,179.470,-2.580,-117.430,1,-0.0093,-0.0082,0.0615,0
6396796,-0.265,-0.147,-0.012,-0.005,0.009,-0.001,-110.400,-220.100,403.640,179.470,-2.580,-117.430,1,-0.0093,-0.0082,0.0615,0
6396875,-0.244,-0.160,0.031,-0.007,0.009,-0.004,-110.400,-220.100,403.640,179.470,-2.580,-117.430,1,-0.0093,-0.0082,0.0615,0
6396953,-0.238,-0.169,0.030,-0.007,0.008,-0.004,-110.400,-220.100,403.640,179.470,-2.580,-117.430,1,-0.0093,-0.0082,0.0615,0
6397062,-0.250,-0.154,0.010,-0.007,0.009,-0.003,-110.400,-220.100,403.640,179.470,-2.580,-117.430,1,-0.0093,-0.0082,0.0615,0
6397171,-0.238,-0.163,0.047,-0.007,0.008,-0.005,-110.400,-220.100,403.640,179.470,-2.580,-117.430,1,-0.0093,-0.0082,0.0615,0
6397312,-0.236,-0.161,0.037,-0.007,0.009,-0.003,-110.400,-220.100,403.640,179.470,-2.580,-117.430,1,-0.0093,-0.0082,0.0615,0
6397359,-0.225,-0.160,0.032,-0.007,0.009,-0.004,-110.400,-220.100,403.640,179.470,-2.580,-117.430,1,-0.0093,-0.0082,0.0615,0
6397406,-0.213,-0.158,0.044,-0.007,0.008,-0.005,-110.400,-220.100,403.640,179.470,-2.580,-117.430,1,-0.0093,-0.0082,0.0615,0
6397484,-0.240,-0.179,0.015,-0.007,0.009,-0.004,-110.400,-220.100,403.640,179.470,-2.580,-117.430,1,-0.0093,-0.0082,0.0615,0
6397625,-0.262,-0.152,0.010,-0.006,0.009,-0.002,-110.400,-220.100,403.640,179.470,-2.580,-117.430,1,-0.0093,-0.0082,0.0615,0
6397718,-0.269,-0.144,-0.003,-0.005,0.009,-0.001,-110.400,-220.100,403.640,179.470,-2.580,-117.430,1,-0.0093,-0.0082,0.0615,0
6397828,-0.237,-0.164,0.026,-0.007,0.009,-0.004,-110.400,-220.100,403.640,179.470,-2.580,-117.430,1,-0.0093,-0.0082,0.0615,0
6397906,-0.236,-0.163,0.015,-0.007,0.009,-0.004,-110.400,-220.100,403.640,179.470,-2.580,-117.430,1,-0.0093,-0.0082,0.0615,0
6398000,-0.252,-0.154,-0.020,-0.006,0.009,-0.001,-110.400,-220.100,403.640,179.470,-2.580,-117.430,1,-0.0093,-0.0082,0.0615,0
6398078,-0.228,-0.130,0.001,-0.007,0.009,-0.004,-110.400,-220.100,403.640,179.470,-2.580,-117.430,1,-0.0093,-0.0082,0.0615,0
6398156,-0.250,-0.138,0.006,-0.007,0.009,-0.003,-110.400,-220.100,403.640,179.470,-2.580,-117.430,1,-0.0093,-0.0082,0.0615,0
6398265,-0.268,-0.165,-0.015,-0.006,0.009,-0.002,-110.400,-220.100,403.640,179.470,-2.580,-117.430,1,-0.0093,-0.0082,0.0615,0
6398375,-0.242,-0.168,0.065,-0.007,0.009,-0.005,-110.400,-220.100,403.640,179.470,-2.580,-117.430,1,-0.0093,-0.0082,0.0615,0
6398515,-0.255,-0.153,-0.005,-0.006,0.009,-0.002,-110.400,-220.100,403.640,179.470,-2.580,-117.430,1,-0.0093,-0.0082,0.0615,0
6398562,-0.248,-0.163,0.026,-0.007,0.009,-0.004,-110.400,-220.100,403.640,179.470,-2.580,-117.430,1,-0.0093,-0.0082,0.0615,0
6398609,-0.258,-0.158,0.005,-0.007,0.009,-0.003,-110.400,-220.100,403.640,179.470,-2.580,-117.430,1,-0.0093,-0.0082,0.0615,0
6398687,-0.242,-0.151,0.007,-0.007,0.009,-0.003,-110.400,-220.100,403.640,179.470,-2.580,-117.430,1,-0.0093,-0.0082,0.0615,0
6398828,-0.243,-0.156,0.025,-0.007,0.009,-0.003,-110.400,-220.100,403.640,179.470,-2.580,-117.430,1,-0.0093,-0.0082,0.0615,0
6398921,-0.257,-0.170,-0.030,-0.006,0.009,-0.002,-110.400,-220.100,403.640,179.470,-2.580,-117.430,1,-0.0093,-0.0082,0.0615,0
6399031,-0.265,-0.160,-0.003,-0.006,0.009,-0.002,-110.400,-220.100,403.640,179.470,-2.580,-117.430,1,-0.0093,-0.0082,0.0615,0
6399109,-0.242,-0.176,0.031,-0.007,0.009,-0.004,-110.400,-220.100,403.640,179.470,-2.580,-117.430,1,-0.0093,-0.0082,0.0615,0
6399203,-0.260,-0.159,-0.005,-0.006,0.009,-0.002,-110.400,-220.100,403.640,179.470,-2.580,-117.430,1,-0.0093,-0.0082,0.0615,0
6399281,-0.245,-0.163,0.013,-0.007,0.009,-0.003,-110.400,-220.100,403.640,179.470,-2.580,-117.430,1,-0.0093,-0.0082,0.0615,0
6399359,-0.255,-0.158,0.003,-0.006,0.009,-0.002,-110.400,-220.100,403.640,179.470,-2.580,-117.430,1,-0.0093,-0.0082,0.0615,0
6399468,-0.245,-0.163,0.017,-0.007,0.009,-0.003,-110.400,-220.100,403.640,179.470,-2.580,-117.430,1,-0.0093,-0.0082,0.0615,0
6399578,-0.247,-0.159,-0.008,-0.007,0.009,-0.002,-110.400,-220.100,403.640,179.470,-2.580,-117.430,1,-0.0093,-0.0082,0.0615,0
6399718,-0.272,-0.165,-0.041,-0.007,0.009,-0.001,-110.400,-220.100,403.640,179.470,-2.580,-117.430,1,-0.0093,-0.0082,0.0615,0
6399765,-0.262,-0.181,0.015,-0.007,0.009,-0.004,-110.400,-220.100,403.640,179.470,-2.580,-117.430,1,-0.0093,-0.0082,0.0615,0
6399812,-0.253,-0.180,0.036,-0.007,0.009,-0.005,-110.400,-220.100,403.640,179.470,-2.580,-117.430,1,-0.0093,-0.0082,0.0615,0
6399890,-0.264,-0.154,0.010,-0.006,0.009,-0.002,-110.400,-220.100,403.640,179.470,-2.580,-117.430,1,-0.0093,-0.0082,0.0615,0
6400031,-0.253,-0.162,0.026,-0.007,0.009,-0.004,-110.400,-220.100,403.640,179.470,-2.580,-117.430,1,-0.0093,-0.0082,0.0615,0
6400125,-0.269,-0.154,-0.024,-0.006,0.009,-0.001,-110.400,-220.100,403.640,179.470,-2.580,-117.430,1,-0.0093,-0.0082,0.0615,0
6400234,-0.251,-0.169,0.055,-0.007,0.009,-0.004,-110.400,-220.100,403.640,179.470,-2.580,-117.430,1,-0.0093,-0.0082,0.0615,0
6400312,-0.249,-0.162,0.040,-0.007,0.009,-0.004,-110.400,-220.100,403.640,179.470,-2.580,-117.430,1,-0.0093,-0.0082,0.0615,0
6400406,-0.264,-0.161,-0.007,-0.007,0.009,-0.002,-110.400,-220.100,403.640,179.470,-2.580,-117.430,1,-0.0093,-0.0082,0.0615,0
6400484,-0.265,-0.153,-0.018,-0.006,0.009,-0.001,-110.400,-220.100,403.640,179.470,-2.580,-117.430,1,-0.0093,-0.0082,0.0615,0
6400562,-0.272,-0.160,-0.013,-0.006,0.009,-0.002,-110.400,-220.100,403.640,179.470,-2.580,-117.430,1,-0.0093,-0.0082,0.0615,0
6400671,-0.252,-0.179,-0.033,-0.007,0.009,-0.003,-110.400,-220.100,403.640,179.470,-2.580,-117.430,1,-0.0093,-0.0082,0.0615,0
6400781,-0.245,-0.176,0.049,-0.008,0.009,-0.005,-110.400,-220.100,403.640,179.470,-2.580,-117.430,1,-0.0093,-0.0082,0.0615,0
6400921,-0.270,-0.155,-0.015,-0.006,0.009,-0.002,-110.400,-220.100,403.640,179.470,-2.580,-117.430,1,-0.0093,-0.0082,0.0615,0
6400968,-0.253,-0.155,-0.010,-0.006,0.009,-0.002,-110.400,-220.100,403.640,179.470,-2.580,-117.430,1,-0.0093,-0.0082,0.0615,0
6401015,-0.238,-0.155,-0.026,-0.007,0.008,-0.001,-110.400,-220.100,403.640,179.470,-2.580,-117.430,1,-0.0093,-0.0082,0.0615,0
6401093,-0.252,-0.156,0.002,-0.007,0.009,-0.002,-110.400,-220.100,403.640,179.470,-2.580,-117.430,1,-0.0093,-0.0082,0.0615,0
6401234,-0.253,-0.173,0.014,-0.007,0.009,-0.004,-110.400,-220.100,403.640,179.470,-2.580,-117.430,1,-0.0093,-0.0082,0.0615,0
6401328,-0.267,-0.176,-0.012,-0.007,0.009,-0.002,-110.400,-220.100,403.640,179.470,-2.580,-117.430,1,-0.0093,-0.0082,0.0615,0
6401437,-0.246,-0.181,0.054,-0.008,0.009,-0.004,-110.400,-220.100,403.640,179.470,-2.580,-117.430,1,-0.0093,-0.0082,0.0615,0
6401515,-0.252,-0.177,0.022,-0.007,0.009,-0.003,-110.400,-220.100,403.640,179.470,-2.580,-117.430,1,-0.0093,-0.0082,0.0615,0
6401609,-0.268,-0.156,0.026,-0.006,0.009,-0.003,-110.400,-220.100,403.640,179.470,-2.580,-117.430,1,-0.0093,-0.0082,0.0615,0
6401687,-0.250,-0.154,0.016,-0.006,0.009,-0.004,-110.400,-220.100,403.640,179.470,-2.580,-117.430,1,-0.0093,-0.0082,0.0615,0
6401765,-0.270,-0.151,-0.011,-0.006,0.009,-0.002,-110.400,-220.100,403.640,179.470,-2.580,-117.430,1,-0.0093,-0.0082,0.0615,0
6401875,-0.251,-0.155,0.025,-0.007,0.009,-0.004,-110.400,-220.100,403.640,179.470,-2.580,-117.430,1,-0.0093,-0.0082,0.0615,0
6401984,-0.253,-0.147,0.000,-0.007,0.009,-0.002,-110.400,-220.100,403.640,179.470,-2.580,-117.430,1,-0.0093,-0.0082,0.0615,0
6402125,-0.258,-0.174,0.028,-0.007,0.009,-0.005,-110.400,-220.100,403.640,179.470,-2.580,-117.430,1,-0.0093,-0.0082,0.0615,0
6402171,-0.248,-0.178,0.049,-0.008,0.009,-0.006,-110.400,-220.100,403.640,179.470,-2.580,-117.430,1,-0.0093,-0.0082,0.0615,0
6402218,-0.257,-0.176,0.014,-0.007,0.009,-0.004,-110.400,-220.100,403.640,179.470,-2.580,-117.430,1,-0.0093,-0.0082,0.0615,0
6402296,-0.268,-0.169,0.007,-0.007,0.009,-0.003,-110.400,-220.100,403.640,179.470,-2.580,-117.430,1,-0.0093,-0.0082,0.0615,0
6402437,-0.257,-0.169,0.021,-0.007,0.009,-0.003,-110.400,-220.100,403.640,179.470,-2.580,-117.430,1,-0.0093,-0.0082,0.0615,0
6402531,-0.248,-0.167,-0.001,-0.007,0.009,-0.003,-110.400,-220.100,403.640,179.470,-2.580,-117.430,1,-0.0093,-0.0082,0.0615,0
6402578,-0.274,-0.153,-0.019,-0.006,0.009,-0.001,-110.400,-220.100,403.640,179.470,-2.580,-117.430,1,-0.0093,-0.0082,0.0615,0
6402656,-0.246,-0.162,-0.003,-0.007,0.009,-0.003,-110.400,-220.100,403.640,179.470,-2.580,-117.430,1,-0.0093,-0.0082,0.0615,0
6402734,-0.261,-0.166,-0.021,-0.006,0.009,-0.002,-110.400,-220.100,403.640,179.470,-2.580,-117.430,1,-0.0093,-0.0082,0.0615,0
6402812,-0.278,-0.163,0.015,-0.006,0.009,-0.003,-110.400,-220.100,403.640,179.470,-2.580,-117.430,1,-0.0093,-0.0082,0.0615,0
6402906,-0.265,-0.178,0.034,-0.007,0.009,-0.003,-110.400,-220.100,403.640,179.470,-2.580,-117.430,1,-0.0093,-0.0082,0.0615,0
6402984,-0.263,-0.166,0.007,-0.007,0.009,-0.003,-110.400,-220.100,403.640,179.470,-2.580,-117.430,1,-0.0093,-0.0082,0.0615,0
6403093,-0.250,-0.181,0.029,-0.008,0.009,-0.004,-110.400,-220.100,403.640,179.470,-2.580,-117.430,1,-0.0093,-0.0082,0.0615,0
6403187,-0.247,-0.183,0.014,-0.008,0.009,-0.004,-110.400,-220.100,403.640,179.470,-2.580,-117.430,1,-0.0093,-0.0082,0.0615,0
6403328,-0.260,-0.155,-0.032,-0.006,0.009,-0.001,-110.400,-220.100,403.640,179.470,-2.580,-117.430,1,-0.0093,-0.0082,0.0615,0
6403375,-0.264,-0.147,-0.005,-0.006,0.009,-0.002,-110.400,-220.100,403.640,179.470,-2.580,-117.430,1,-0.0093,-0.0082,0.0615,0
6403421,-0.249,-0.153,0.030,-0.007,0.008,-0.004,-110.400,-220.100,403.640,179.470,-2.580,-117.430,1,-0.0093,-0.0082,0.0615,0
6403500,-0.238,-0.157,0.035,-0.007,0.008,-0.005,-110.400,-220.100,403.640,179.470,-2.580,-117.430,1,-0.0093,-0.0082,0.0615,0
6403640,-0.278,-0.175,-0.019,-0.007,0.009,-0.003,-110.400,-220.100,403.640,179.470,-2.580,-117.430,1,-0.0093,-0.0082,0.0615,0
6403734,-0.265,-0.169,0.011,-0.007,0.009,-0.003,-110.400,-220.100,403.640,179.470,-2.580,-117.430,1,-0.0093,-0.0082,0.0615,0
6403843,-0.264,-0.170,0.002,-0.007,0.009,-0.003,-110.400,-220.100,403.640,179.470,-2.580,-117.430,1,-0.0093,-0.0082,0.0615,0
6403921,-0.263,-0.165,-0.029,-0.007,0.009,-0.002,-110.400,-220.100,403.640,179.470,-2.580,-117.430,1,-0.0093,-0.0082,0.0615,0
6404015,-0.275,-0.154,-0.025,-0.007,0.009,-0.002,-110.400,-220.100,403.640,179.470,-2.580,-117.430,1,-0.0093,-0.0082,0.0615,0
6404093,-0.268,-0.161,0.004,-0.007,0.009,-0.002,-110.400,-220.100,403.640,179.470,-2.580,-117.430,1,-0.0093,-0.0082,0.0615,0
6404171,-0.244,-0.169,0.042,-0.008,0.009,-0.005,-110.400,-220.100,403.640,179.470,-2.580,-117.430,1,-0.0093,-0.0082,0.0615,0
6404281,-0.239,-0.169,0.032,-0.007,0.009,-0.005,-110.400,-220.100,403.640,179.470,-2.580,-117.430,1,-0.0093,-0.0082,0.0615,0
6404390,-0.262,-0.155,-0.035,-0.007,0.009,-0.001,-110.400,-220.100,403.640,179.470,-2.580,-117.430,1,-0.0093,-0.0082,0.0615,0
6404531,-0.257,-0.183,0.027,-0.007,0.009,-0.004,-110.400,-220.100,403.640,179.470,-2.580,-117.430,1,-0.0093,-0.0082,0.0615,0
6404578,-0.248,-0.183,0.040,-0.008,0.009,-0.004,-110.400,-220.100,403.640,179.470,-2.580,-117.430,1,-0.0093,-0.0082,0.0615,0
6404625,-0.250,-0.180,0.021,-0.007,0.009,-0.004,-110.400,-220.100,403.640,179.470,-2.580,-117.430,1,-0.0093,-0.0082,0.0615,0
6404703,-0.259,-0.164,-0.041,-0.006,0.009,-0.001,-110.400,-220.100,403.640,179.470,-2.580,-117.430,1,-0.0093,-0.0082,0.0615,0
6404843,-0.249,-0.176,-0.043,-0.007,0.009,-0.002,-110.400,-220.100,403.640,179.470,-2.580,-117.430,1,-0.0093,-0.0082,0.0615,0
6404937,-0.245,-0.183,-0.005,-0.007,0.009,-0.004,-110.400,-220.100,403.640,179.470,-2.580,-117.430,1,-0.0093,-0.0082,0.0615,0
6405046,-0.263,-0.155,-0.005,-0.006,0.009,-0.001,-110.400,-220.100,403.640,179.470,-2.580,-117.430,1,-0.0093,-0.0082,0.0615,0
6405125,-0.273,-0.153,-0.035,-0.006,0.009,-0.001,-110.400,-220.100,403.640,179.470,-2.580,-117.430,1,-0.0093,-0.0082,0.0615,0
6405218,-0.257,-0.176,0.026,-0.007,0.009,-0.004,-110.400,-220.100,403.640,179.470,-2.580,-117.430,1,-0.0093,-0.0082,0.0615,0
6405296,-0.254,-0.173,0.034,-0.007,0.009,-0.005,-110.400,-220.100,403.640,179.470,-2.580,-117.430,1,-0.0093,-0.0082,0.0615,0
6405375,-0.251,-0.177,0.050,-0.007,0.009,-0.005,-110.400,-220.100,403.640,179.470,-2.580,-117.430,1,-0.0093,-0.0082,0.0615,0
6405484,-0.264,-0.154,-0.014,-0.007,0.009,-0.002,-110.400,-220.100,403.640,179.470,-2.580,-117.430,1,-0.0093,-0.0082,0.0615,0
6405593,-0.268,-0.163,0.001,-0.007,0.009,-0.003,-110.400,-220.100,403.640,179.470,-2.580,-117.430,1,-0.0093,-0.0082,0.0615,0
6405734,-0.261,-0.159,-0.021,-0.007,0.009,-0.003,-110.400,-220.100,403.640,179.470,-2.580,-117.430,1,-0.0093,-0.0082,0.0615,0
6405781,-0.248,-0.149,-0.023,-0.007,0.009,-0.003,-110.400,-220.100,403.640,179.470,-2.580,-117.430,1,-0.0093,-0.0082,0.0615,0
6405828,-0.243,-0.162,0.044,-0.008,0.009,-0.005,-110.400,-220.100,403.640,179.470,-2.580,-117.430,1,-0.0093,-0.0082,0.0615,0
6405906,-0.250,-0.166,0.035,-0.007,0.009,-0.004,-110.400,-220.100,403.640,179.470,-2.580,-117.430,1,-0.0093,-0.0082,0.0615,0
6406046,-0.262,-0.173,0.010,-0.007,0.009,-0.004,-110.400,-220.100,403.640,179.470,-2.580,-117.430,1,-0.0093,-0.0082,0.0615,0
6406140,-0.259,-0.181,-0.008,-0.007,0.009,-0.003,-110.400,-220.100,403.640,179.470,-2.580,-117.430,1,-0.0093,-0.0082,0.0615,0
6406250,-0.259,-0.175,0.008,-0.007,0.009,-0.003,-110.400,-220.100,403.640,179.470,-2.580,-117.430,1,-0.0093,-0.0082,0.0615,0
6406328,-0.248,-0.189,0.037,-0.008,0.009,-0.005,-110.400,-220.100,403.640,179.470,-2.580,-117.430,1,-0.0093,-0.0082,0.0615,0
6406421,-0.257,-0.170,-0.017,-0.006,0.009,-0.002,-110.400,-220.100,403.640,179.470,-2.580,-117.430,1,-0.0093,-0.0082,0.0615,0
6406500,-0.236,-0.172,-0.020,-0.007,0.009,-0.003,-110.400,-220.100,403.640,179.470,-2.580,-117.430,1,-0.0093,-0.0082,0.0615,0
6406578,-0.255,-0.177,0.001,-0.007,0.009,-0.003,-110.400,-220.100,403.640,179.470,-2.580,-117.430,1,-0.0093,-0.0082,0.0615,0
6406687,-0.240,-0.166,-0.003,-0.008,0.009,-0.002,-110.400,-220.100,403.640,179.470,-2.580,-117.430,1,-0.0093,-0.0082,0.0615,0
6406796,-0.266,-0.183,0.003,-0.007,0.009,-0.003,-110.400,-220.100,403.640,179.470,-2.580,-117.430,1,-0.0093,-0.0082,0.0615,0
6406937,-0.247,-0.180,0.051,-0.008,0.009,-0.005,-110.400,-220.100,403.640,179.470,-2.580,-117.430,1,-0.0093,-0.0082,0.0615,0
6406984,-0.258,-0.175,0.042,-0.007,0.009,-0.004,-110.400,-220.100,403.640,179.470,-2.580,-117.430,1,-0.0093,-0.0082,0.0615,0
6407031,-0.259,-0.182,0.065,-0.007,0.009,-0.005,-110.400,-220.100,403.640,179.470,-2.580,-117.430,1,-0.0093,-0.0082,0.0615,0
6407109,-0.269,-0.172,-0.005,-0.007,0.009,-0.003,-110.400,-220.100,403.640,179.470,-2.580,-117.430,1,-0.0093,-0.0082,0.0615,0
6407250,-0.262,-0.153,0.007,-0.007,0.009,-0.002,-110.400,-220.100,403.640,179.470,-2.580,-117.430,1,-0.0093,-0.0082,0.0615,0
6407343,-0.251,-0.175,0.057,-0.007,0.009,-0.005,-110.400,-220.100,403.640,179.470,-2.580,-117.430,1,-0.0093,-0.0082,0.0615,0
6407453,-0.256,-0.162,0.021,-0.007,0.009,-0.004,-110.400,-220.100,403.640,179.470,-2.580,-117.430,1,-0.0093,-0.0082,0.0615,0
6407531,-0.265,-0.164,-0.005,-0.007,0.009,-0.003,-110.400,-220.100,403.640,179.470,-2.580,-117.430,1,-0.0093,-0.0082,0.0615,0
6407625,-0.265,-0.177,0.015,-0.007,0.009,-0.004,-110.400,-220.100,403.640,179.470,-2.580,-117.430,1,-0.0093,-0.0082,0.0615,0
6407703,-0.258,-0.176,0.037,-0.007,0.009,-0.004,-110.400,-220.100,403.640,179.470,-2.580,-117.430,1,-0.0093,-0.0082,0.0615,0
6407781,-0.267,-0.170,0.018,-0.007,0.009,-0.003,-110.400,-220.100,403.640,179.470,-2.580,-117.430,1,-0.0093,-0.0082,0.0615,0
6407890,-0.259,-0.172,-0.014,-0.007,0.009,-0.003,-110.400,-220.100,403.640,179.470,-2.580,-117.430,1,-0.0093,-0.0082,0.0615,0
6408000,-0.266,-0.181,0.025,-0.008,0.009,-0.004,-110.400,-220.100,403.640,179.470,-2.580,-117.430,1,-0.0093,-0.0082,0.0615,0
6408140,-0.261,-0.184,0.059,-0.008,0.009,-0.006,-110.400,-220.100,403.640,179.470,-2.580,-117.430,1,-0.0093,-0.0082,0.0615,0
6408187,-0.250,-0.173,0.020,-0.008,0.009,-0.003,-110.400,-220.100,403.640,179.470,-2.580,-117.430,1,-0.0093,-0.0082,0.0615,0
6408234,-0.242,-0.163,-0.001,-0.008,0.009,-0.002,-110.400,-220.100,403.640,179.470,-2.580,-117.430,1,-0.0093,-0.0082,0.0615,0
6408312,-0.262,-0.162,0.013,-0.007,0.009,-0.003,-110.400,-220.100,403.640,179.470,-2.580,-117.430,1,-0.0093,-0.0082,0.0615,0
6408453,-0.252,-0.186,0.066,-0.008,0.009,-0.005,-110.400,-220.100,403.640,179.470,-2.580,-117.430,1,-0.0093,-0.0082,0.0615,0
6408546,-0.246,-0.203,0.009,-0.008,0.009,-0.004,-110.400,-220.100,403.640,179.470,-2.580,-117.430,1,-0.0093,-0.0082,0.0615,0
6408656,-0.279,-0.164,-0.053,-0.007,0.010,-0.002,-110.400,-220.100,403.640,179.470,-2.580,-117.430,1,-0.0093,-0.0082,0.0615,0
6408734,-0.264,-0.185,0.043,-0.008,0.009,-0.005,-110.400,-220.100,403.640,179.470,-2.580,-117.430,1,-0.0093,-0.0082,0.0615,0
6408828,-0.269,-0.184,0.035,-0.008,0.010,-0.004,-110.400,-220.100,403.640,179.470,-2.580,-117.430,1,-0.0093,-0.0082,0.0615,0
6408906,-0.266,-0.171,0.014,-0.007,0.009,-0.003,-110.400,-220.100,403.640,179.470,-2.580,-117.430,1,-0.0093,-0.0082,0.0615,0
6408984,-0.272,-0.171,0.023,-0.007,0.009,-0.003,-110.400,-220.100,403.640,179.470,-2.580,-117.430,1,-0.0093,-0.0082,0.0615,0
6409093,-0.269,-0.176,0.037,-0.007,0.009,-0.004,-110.400,-220.100,403.640,179.470,-2.580,-117.430,1,-0.0093,-0.0082,0.0615,0
6409203,-0.265,-0.187,0.006,-0.008,0.009,-0.004,-110.400,-220.100,403.640,179.470,-2.580,-117.430,1,-0.0093,-0.0082,0.0615,0
6409343,-0.274,-0.175,0.021,-0.008,0.009,-0.004,-110.400,-220.100,403.640,179.470,-2.580,-117.430,1,-0.0093,-0.0082,0.0615,0
6409390,-0.268,-0.182,0.047,-0.008,0.009,-0.005,-110.400,-220.100,403.640,179.470,-2.580,-117.430,1,-0.0093,-0.0082,0.0615,0
6409437,-0.273,-0.180,0.025,-0.008,0.009,-0.004,-110.400,-220.100,403.640,179.470,-2.580,-117.430,1,-0.0093,-0.0082,0.0615,0
6409500,-0.266,-0.180,0.026,-0.008,0.009,-0.004,-110.400,-220.100,403.640,179.470,-2.580,-117.430,1,-0.0093,-0.0082,0.0615,0
6409640,-0.272,-0.175,0.063,-0.008,0.009,-0.005,-110.400,-220.100,403.640,179.470,-2.580,-117.430,1,-0.0093,-0.0082,0.0615,0
6409734,-0.273,-0.180,0.054,-0.008,0.009,-0.004,-110.400,-220.100,403.640,179.470,-2.580,-117.430,1,-0.0093,-0.0082,0.0615,0
6409843,-0.273,-0.170,-0.018,-0.007,0.009,-0.002,-110.400,-220.100,403.640,179.470,-2.580,-117.430,1,-0.0093,-0.0082,0.0615,0
6409921,-0.280,-0.171,-0.006,-0.007,0.010,-0.002,-110.400,-220.100,403.640,179.470,-2.580,-117.430,1,-0.0093,-0.0082,0.0615,0
6410015,-0.277,-0.182,0.028,-0.008,0.009,-0.004,-110.400,-220.100,403.640,179.470,-2.580,-117.430,1,-0.0093,-0.0082,0.0615,0
6410093,-0.284,-0.173,0.028,-0.007,0.010,-0.003,-110.400,-220.100,403.640,179.470,-2.580,-117.430,1,-0.0093,-0.0082,0.0615,0
6410171,-0.265,-0.192,-0.013,-0.008,0.009,-0.003,-110.400,-220.100,403.640,179.470,-2.580,-117.430,1,-0.0093,-0.0082,0.0615,0
6410296,-0.275,-0.182,0.041,-0.008,0.009,-0.004,-110.400,-220.100,403.640,179.470,-2.580,-117.430,1,-0.0093,-0.0082,0.0615,0
6410406,-0.274,-0.203,0.055,-0.008,0.010,-0.005,-110.400,-220.100,403.640,179.470,-2.580,-117.430,1,-0.0093,-0.0082,0.0615,0
6410546,-0.274,-0.165,-0.019,-0.008,0.009,-0.003,-110.400,-220.100,403.640,179.470,-2.580,-117.430,1,-0.0093,-0.0082,0.0615,0
6410593,-0.281,-0.159,-0.034,-0.007,0.009,-0.002,-110.400,-220.100,403.640,179.470,-2.580,-117.430,1,-0.0093,-0.0082,0.0615,0
6410640,-0.291,-0.167,-0.040,-0.007,0.009,-0.002,-110.400,-220.100,403.640,179.470,-2.580,-117.430,1,-0.0093,-0.0082,0.0615,0
6410718,-0.271,-0.170,0.059,-0.007,0.009,-0.004,-110.400,-220.100,403.640,179.470,-2.580,-117.430,1,-0.0093,-0.0082,0.0615,0
6410843,-0.272,-0.173,0.033,-0.007,0.009,-0.004,-110.400,-220.100,403.640,179.470,-2.580,-117.430,1,-0.0093,-0.0082,0.0615,0
6410937,-0.280,-0.171,-0.020,-0.008,0.009,-0.003,-110.400,-220.100,403.640,179.470,-2.580,-117.430,1,-0.0093,-0.0082,0.0615,0
6411046,-0.282,-0.173,0.034,-0.007,0.009,-0.004,-110.400,-220.100,403.640,179.470,-2.580,-117.430,1,-0.0093,-0.0082,0.0615,0
6411125,-0.283,-0.181,0.049,-0.007,0.009,-0.004,-110.400,-220.100,403.640,179.470,-2.580,-117.430,1,-0.0093,-0.0082,0.0615,0
6411218,-0.270,-0.160,-0.024,-0.007,0.009,-0.002,-110.400,-220.100,403.640,179.470,-2.580,-117.430,1,-0.0093,-0.0082,0.0615,0
6411296,-0.278,-0.170,0.001,-0.007,0.009,-0.003,-110.400,-220.100,403.640,179.470,-2.580,-117.430,1,-0.0093,-0.0082,0.0615,0
6411375,-0.279,-0.160,0.018,-0.007,0.009,-0.003,-110.400,-220.100,403.640,179.470,-2.580,-117.430,1,-0.0093,-0.0082,0.0615,0
6411500,-0.257,-0.180,0.030,-0.008,0.009,-0.005,-110.400,-220.100,403.640,179.470,-2.580,-117.430,1,-0.0093,-0.0082,0.0615,0
6411609,-0.268,-0.181,0.002,-0.008,0.009,-0.003,-110.400,-220.100,403.640,179.470,-2.580,-117.430,1,-0.0093,-0.0082,0.0615,0
6411750,-0.279,-0.175,0.030,-0.007,0.009,-0.004,-110.400,-220.100,403.640,179.470,-2.580,-117.430,1,-0.0093,-0.0082,0.0615,0
6411796,-0.274,-0.179,0.028,-0.007,0.009,-0.004,-110.400,-220.100,403.640,179.470,-2.580,-117.430,1,-0.0093,-0.0082,0.0615,0
6411906,-0.278,-0.181,0.014,-0.008,0.009,-0.004,-110.400,-220.100,403.640,179.470,-2.580,-117.430,1,-0.0093,-0.0082,0.0615,0
6412046,-0.293,-0.183,0.040,-0.007,0.010,-0.004,-110.400,-220.100,403.640,179.470,-2.580,-117.430,1,-0.0093,-0.0082,0.0615,0
6412140,-0.273,-0.183,-0.005,-0.007,0.009,-0.003,-110.400,-220.100,403.640,179.470,-2.580,-117.430,1,-0.0093,-0.0082,0.0615,0
6412250,-0.274,-0.178,-0.015,-0.008,0.009,-0.003,-110.400,-220.100,403.640,179.470,-2.580,-117.430,1,-0.0093,-0.0082,0.0615,0
6412328,-0.275,-0.179,0.028,-0.007,0.009,-0.003,-110.400,-220.100,403.640,179.470,-2.580,-117.430,1,-0.0093,-0.0082,0.0615,0
6412421,-0.259,-0.190,0.071,-0.008,0.009,-0.005,-110.400,-220.100,403.640,179.470,-2.580,-117.430,1,-0.0093,-0.0082,0.0615,0
6412500,-0.267,-0.186,0.028,-0.007,0.009,-0.004,-110.400,-220.100,403.640,179.470,-2.580,-117.430,1,-0.0093,-0.0082,0.0615,0
6412578,-0.270,-0.173,-0.014,-0.008,0.009,-0.003,-110.400,-220.100,403.640,179.470,-2.580,-117.430,1,-0.0093,-0.0082,0.0615,0
6412687,-0.284,-0.186,0.021,-0.007,0.009,-0.003,-110.400,-220.100,403.640,179.470,-2.580,-117.430,1,-0.0093,-0.0082,0.0615,0
6412796,-0.280,-0.186,0.043,-0.008,0.009,-0.004,-110.400,-220.100,403.640,179.470,-2.580,-117.430,1,-0.0093,-0.0082,0.0615,0
6412953,-0.274,-0.164,-0.012,-0.007,0.009,-0.003,-110.400,-220.100,403.640,179.470,-2.580,-117.430,1,-0.0093,-0.0082,0.0615,0
6413000,-0.268,-0.168,0.029,-0.007,0.009,-0.004,-110.400,-220.100,403.640,179.470,-2.580,-117.430,1,-0.0093,-0.0082,0.0615,0
6413109,-0.273,-0.166,0.039,-0.007,0.010,-0.003,-110.400,-220.100,403.640,179.470,-2.580,-117.430,1,-0.0093,-0.0082,0.0615,0
6413250,-0.273,-0.181,-0.005,-0.008,0.009,-0.003,-110.400,-220.100,403.640,179.470,-2.580,-117.430,1,-0.0093,-0.0082,0.0615,0
6413343,-0.275,-0.178,-0.022,-0.008,0.009,-0.003,-110.400,-220.100,403.640,179.470,-2.580,-117.430,1,-0.0093,-0.0082,0.0615,0
6413453,-0.305,-0.174,0.062,-0.007,0.009,-0.004,-110.400,-220.100,403.640,179.470,-2.580,-117.430,1,-0.0093,-0.0082,0.0615,0
6413531,-0.281,-0.179,0.023,-0.008,0.009,-0.003,-110.400,-220.100,403.640,179.470,-2.580,-117.430,1,-0.0093,-0.0082,0.0615,0
6413625,-0.268,-0.177,0.011,-0.007,0.009,-0.003,-110.400,-220.100,403.640,179.470,-2.580,-117.430,1,-0.0093,-0.0082,0.0615,0
6413703,-0.274,-0.163,-0.010,-0.007,0.009,-0.002,-110.400,-220.100,403.640,179.470,-2.580,-117.430,1,-0.0093,-0.0082,0.0615,0
6413781,-0.283,-0.147,0.031,-0.007,0.010,-0.003,-110.400,-220.100,403.640,179.470,-2.580,-117.430,1,-0.0093,-0.0082,0.0615,0
6413890,-0.288,-0.157,0.040,-0.006,0.010,-0.003,-110.400,-220.100,403.640,179.470,-2.580,-117.430,1,-0.0093,-0.0082,0.0615,0
6414000,-0.273,-0.175,0.013,-0.007,0.009,-0.003,-110.400,-220.100,403.640,179.470,-2.580,-117.430,1,-0.0093,-0.0082,0.0615,0
6414140,-0.283,-0.191,0.010,-0.007,0.010,-0.003,-110.400,-220.100,403.640,179.470,-2.580,-117.430,1,-0.0093,-0.0082,0.0615,0
6414187,-0.287,-0.178,-0.009,-0.007,0.010,-0.002,-110.400,-220.100,403.640,179.470,-2.580,-117.430,1,-0.0093,-0.0082,0.0615,0
6414234,-0.288,-0.182,0.007,-0.007,0.010,-0.002,-110.400,-220.100,403.640,179.470,-2.580,-117.430,1,-0.0093,-0.0082,0.0615,0
6414312,-0.276,-0.180,0.007,-0.007,0.009,-0.003,-110.400,-220.100,403.640,179.470,-2.580,-117.430,1,-0.0093,-0.0082,0.0615,0
6414453,-0.263,-0.176,0.013,-0.008,0.009,-0.003,-110.400,-220.100,403.640,179.470,-2.580,-117.430,1,-0.0093,-0.0082,0.0615,0
6414546,-0.278,-0.154,0.059,-0.007,0.009,-0.002,-110.400,-220.100,403.640,179.470,-2.580,-117.430,1,-0.0093,-0.0082,0.0615,0
6414656,-0.276,-0.157,-0.005,-0.006,0.009,-0.002,-110.400,-220.100,403.640,179.470,-2.580,-117.430,1,-0.0093,-0.0082,0.0615,0
6414734,-0.267,-0.175,0.006,-0.007,0.009,-0.003,-110.400,-220.100,403.640,179.470,-2.580,-117.430,1,-0.0093,-0.0082,0.0615,0
6414828,-0.296,-0.158,0.002,-0.006,0.010,-0.002,-110.400,-220.100,403.640,179.470,-2.580,-117.430,1,-0.0093,-0.0082,0.0615,0
6414906,-0.299,-0.154,-0.044,-0.006,0.010,-0.000,-110.400,-220.100,403.640,179.470,-2.580,-117.430,1,-0.0093,-0.0082,0.0615,0
6414984,-0.275,-0.170,0.024,-0.007,0.009,-0.003,-110.400,-220.100,403.640,179.470,-2.580,-117.430,1,-0.0093,-0.0082,0.0615,0
6415093,-0.292,-0.185,0.075,-0.007,0.009,-0.004,-110.400,-220.100,403.640,179.470,-2.580,-117.430,1,-0.0093,-0.0082,0.0615,0
6415203,-0.279,-0.174,0.020,-0.007,0.010,-0.003,-110.400,-220.100,403.640,179.470,-2.580,-117.430,1,-0.0093,-0.0082,0.0615,0
6415343,-0.262,-0.177,-0.003,-0.008,0.009,-0.004,-110.400,-220.100,403.640,179.470,-2.580,-117.430,1,-0.0093,-0.0082,0.0615,0
6415390,-0.264,-0.165,0.007,-0.008,0.009,-0.004,-110.400,-220.100,403.640,179.470,-2.580,-117.430,1,-0.0093,-0.0082,0.0615,0
6415437,-0.272,-0.154,0.017,-0.007,0.009,-0.003,-110.400,-220.100,403.640,179.470,-2.580,-117.430,1,-0.0093,-0.0082,0.0615,0
6415515,-0.285,-0.153,0.009,-0.006,0.009,-0.002,-110.400,-220.100,403.640,179.470,-2.580,-117.430,1,-0.0093,-0.0082,0.0615,0
6415656,-0.288,-0.150,0.027,-0.006,0.009,-0.003,-110.400,-220.100,403.640,179.470,-2.580,-117.430,1,-0.0093,-0.0082,0.0615,0
6415750,-0.260,-0.174,0.016,-0.007,0.009,-0.004,-110.400,-220.100,403.640,179.470,-2.580,-117.430,1,-0.0093,-0.0082,0.0615,0
6415859,-0.269,-0.169,0.010,-0.007,0.009,-0.003,-110.400,-220.100,403.640,179.470,-2.580,-117.430,1,-0.0093,-0.0082,0.0615,0
6415937,-0.294,-0.192,0.033,-0.007,0.010,-0.003,-110.400,-220.100,403.640,179.470,-2.580,-117.430,1,-0.0093,-0.0082,0.0615,0
6416031,-0.265,-0.157,0.030,-0.007,0.009,-0.002,-110.400,-220.100,403.640,179.470,-2.580,-117.430,1,-0.0093,-0.0082,0.0615,0
6416109,-0.258,-0.169,0.045,-0.007,0.009,-0.004,-110.400,-220.100,403.640,179.470,-2.580,-117.430,1,-0.0093,-0.0082,0.0615,0
6416187,-0.269,-0.159,0.024,-0.006,0.009,-0.002,-110.400,-220.100,403.640,179.470,-2.580,-117.430,1,-0.0093,-0.0082,0.0615,0
6416296,-0.281,-0.161,-0.003,-0.006,0.009,-0.002,-110.400,-220.100,403.640,179.470,-2.580,-117.430,1,-0.0093,-0.0082,0.0615,0
6416406,-0.252,-0.167,0.041,-0.007,0.009,-0.004,-110.400,-220.100,403.640,179.470,-2.580,-117.430,1,-0.0093,-0.0082,0.0615,0
6416546,-0.248,-0.160,0.004,-0.007,0.009,-0.003,-110.400,-220.100,403.640,179.470,-2.580,-117.430,1,-0.0093,-0.0082,0.0615,0
6416593,-0.281,-0.168,0.011,-0.007,0.009,-0.002,-110.400,-220.100,403.640,179.470,-2.580,-117.430,1,-0.0093,-0.0082,0.0615,0
6416640,-0.296,-0.173,0.022,-0.007,0.010,-0.002,-110.400,-220.100,403.640,179.470,-2.580,-117.430,1,-0.0093,-0.0082,0.0615,0
6416718,-0.292,-0.169,0.025,-0.007,0.010,-0.003,-110.400,-220.100,403.640,179.470,-2.580,-117.430,1,-0.0093,-0.0082,0.0615,0
6416843,-0.253,-0.171,0.012,-0.007,0.009,-0.003,-110.400,-220.100,403.640,179.470,-2.580,-117.430,1,-0.0093,-0.0082,0.0615,0
6416953,-0.260,-0.162,0.015,-0.007,0.009,-0.003,-110.400,-220.100,403.640,179.470,-2.580,-117.430,1,-0.0093,-0.0082,0.0615,0
6417062,-0.285,-0.143,0.024,-0.006,0.009,-0.002,-110.400,-220.100,403.640,179.470,-2.580,-117.430,1,-0.0093,-0.0082,0.0615,0
6417140,-0.244,-0.165,-0.005,-0.007,0.009,-0.003,-110.400,-220.100,403.640,179.470,-2.580,-117.430,1,-0.0093,-0.0082,0.0615,0
6417234,-0.287,-0.147,0.011,-0.006,0.009,-0.002,-110.400,-220.100,403.640,179.470,-2.580,-117.430,1,-0.0093,-0.0082,0.0615,0
6417312,-0.271,-0.160,0.027,-0.007,0.009,-0.004,-110.400,-220.100,403.640,179.470,-2.580,-117.430,1,-0.0093,-0.0082,0.0615,0
6417390,-0.276,-0.160,0.016,-0.007,0.009,-0.003,-110.400,-220.100,403.640,179.470,-2.580,-117.430,1,-0.0093,-0.0082,0.0615,0
6417500,-0.272,-0.156,0.009,-0.007,0.009,-0.002,-110.400,-220.100,403.640,179.470,-2.580,-117.430,1,-0.0093,-0.0082,0.0615,0
6417609,-0.266,-0.155,0.045,-0.006,0.009,-0.003,-110.400,-220.100,403.640,179.470,-2.580,-117.430,1,-0.0093,-0.0082,0.0615,0
6417750,-0.256,-0.160,0.016,-0.007,0.009,-0.004,-110.400,-220.100,403.640,179.470,-2.580,-117.430,1,-0.0093,-0.0082,0.0615,0
6417796,-0.267,-0.151,0.005,-0.007,0.009,-0.003,-110.400,-220.100,403.640,179.470,-2.580,-117.430,1,-0.0093,-0.0082,0.0615,0
6417843,-0.276,-0.154,-0.001,-0.006,0.010,-0.002,-110.400,-220.100,403.640,179.470,-2.580,-117.430,1,-0.0093,-0.0082,0.0615,0
6417921,-0.272,-0.157,0.004,-0.006,0.009,-0.002,-110.400,-220.100,403.640,179.470,-2.580,-117.430,1,-0.0093,-0.0082,0.0615,0
6418062,-0.256,-0.155,-0.005,-0.007,0.009,-0.003,-110.400,-220.100,403.640,179.470,-2.580,-117.430,1,-0.0093,-0.0082,0.0615,0
6418156,-0.265,-0.162,0.019,-0.007,0.009,-0.003,-110.400,-220.100,403.640,179.470,-2.580,-117.430,1,-0.0093,-0.0082,0.0615,0
6418265,-0.292,-0.168,0.014,-0.007,0.010,-0.002,-110.400,-220.100,403.640,179.470,-2.580,-117.430,1,-0.0093,-0.0082,0.0615,0
6418343,-0.275,-0.153,0.013,-0.006,0.009,-0.002,-110.400,-220.100,403.640,179.470,-2.580,-117.430,1,-0.0093,-0.0082,0.0615,0
6418437,-0.259,-0.168,0.019,-0.007,0.009,-0.003,-110.400,-220.100,403.640,179.470,-2.580,-117.430,1,-0.0093,-0.0082,0.0615,0
6418515,-0.260,-0.172,0.045,-0.007,0.009,-0.005,-110.400,-220.100,403.640,179.470,-2.580,-117.430,1,-0.0093,-0.0082,0.0615,0
6418593,-0.267,-0.155,-0.014,-0.006,0.009,-0.002,-110.400,-220.100,403.640,179.470,-2.580,-117.430,1,-0.0093,-0.0082,0.0615,0
6418703,-0.261,-0.160,0.012,-0.007,0.009,-0.003,-110.400,-220.100,403.640,179.470,-2.580,-117.430,1,-0.0093,-0.0082,0.0615,0
6418812,-0.254,-0.163,-0.002,-0.007,0.009,-0.003,-110.400,-220.100,403.640,179.470,-2.580,-117.430,1,-0.0093,-0.0082,0.0615,0
6418953,-0.282,-0.156,0.011,-0.006,0.010,-0.002,-110.400,-220.100,403.640,179.470,-2.580,-117.430,1,-0.0093,-0.0082,0.0615,0
6419000,-0.282,-0.166,0.044,-0.006,0.010,-0.003,-110.400,-220.100,403.640,179.470,-2.580,-117.430,1,-0.0093,-0.0082,0.0615,0
6419046,-0.294,-0.160,-0.000,-0.006,0.010,-0.002,-110.400,-220.100,403.640,179.470,-2.580,-117.430,1,-0.0093,-0.0082,0.0615,0
6419125,-0.256,-0.182,0.030,-0.008,0.009,-0.004,-110.400,-220.100,403.640,179.470,-2.580,-117.430,1,-0.0093,-0.0082,0.0615,0
6419265,-0.266,-0.170,0.008,-0.007,0.009,-0.003,-110.400,-220.100,403.640,179.470,-2.580,-117.430,1,-0.0093,-0.0082,0.0615,0
6419359,-0.278,-0.151,0.007,-0.006,0.009,-0.002,-110.400,-220.100,403.640,179.470,-2.580,-117.430,1,-0.0093,-0.0082,0.0615,0
6419406,-0.266,-0.159,0.026,-0.006,0.009,-0.003,-110.400,-220.100,403.640,179.470,-2.580,-117.430,1,-0.0093,-0.0082,0.0615,0
6419484,-0.274,-0.148,-0.004,-0.006,0.009,-0.003,-110.400,-220.100,403.640,179.470,-2.580,-117.430,1,-0.0093,-0.0082,0.0615,0
6419562,-0.258,-0.154,0.019,-0.007,0.009,-0.004,-110.400,-220.100,403.640,179.470,-2.580,-117.430,1,-0.0093,-0.0082,0.0615,0
6419640,-0.260,-0.146,0.010,-0.006,0.009,-0.003,-110.400,-220.100,403.640,179.470,-2.580,-117.430,1,-0.0093,-0.0082,0.0615,0
6419734,-0.254,-0.134,-0.013,-0.006,0.009,-0.003,-110.400,-220.100,403.640,179.470,-2.580,-117.430,1,-0.0093,-0.0082,0.0615,0
6419812,-0.289,-0.153,-0.009,-0.005,0.010,-0.001,-110.400,-220.100,403.640,179.470,-2.580,-117.430,1,-0.0093,-0.0082,0.0615,0
6419921,-0.254,-0.177,0.047,-0.008,0.009,-0.005,-110.400,-220.100,403.640,179.470,-2.580,-117.430,1,-0.0093,-0.0082,0.0615,0
6420015,-0.264,-0.163,0.024,-0.007,0.009,-0.004,-110.400,-220.100,403.640,179.470,-2.580,-117.430,1,-0.0093,-0.0082,0.0615,0
6420156,-0.258,-0.165,0.010,-0.007,0.009,-0.004,-110.400,-220.100,403.640,179.470,-2.580,-117.430,1,-0.0093,-0.0082,0.0615,0
6420203,-0.258,-0.166,0.025,-0.007,0.009,-0.004,-110.400,-220.100,403.640,179.470,-2.580,-117.430,1,-0.0093,-0.0082,0.0615,0
6420250,-0.250,-0.162,0.028,-0.007,0.009,-0.004,-110.400,-220.100,403.640,179.470,-2.580,-117.430,1,-0.0093,-0.0082,0.0615,0
6420328,-0.268,-0.153,-0.023,-0.007,0.009,-0.002,-110.400,-220.100,403.640,179.470,-2.580,-117.430,1,-0.0093,-0.0082,0.0615,0
6420453,-0.256,-0.155,-0.025,-0.007,0.009,-0.002,-110.400,-220.100,403.640,179.470,-2.580,-117.430,1,-0.0093,-0.0082,0.0615,0
6420546,-0.248,-0.176,0.054,-0.007,0.009,-0.005,-110.400,-220.100,403.640,179.470,-2.580,-117.430,1,-0.0093,-0.0082,0.0615,0
6420656,-0.250,-0.185,0.048,-0.008,0.009,-0.005,-110.400,-220.100,403.640,179.470,-2.580,-117.430,1,-0.0093,-0.0082,0.0615,0
6420734,-0.279,-0.162,-0.028,-0.006,0.010,-0.001,-110.400,-220.100,403.640,179.470,-2.580,-117.430,1,-0.0093,-0.0082,0.0615,0
6420828,-0.241,-0.175,0.035,-0.007,0.009,-0.004,-110.400,-220.100,403.640,179.470,-2.580,-117.430,1,-0.0093,-0.0082,0.0615,0
6420906,-0.252,-0.178,0.033,-0.007,0.009,-0.004,-110.400,-220.100,403.640,179.470,-2.580,-117.430,1,-0.0093,-0.0082,0.0615,0
6420984,-0.241,-0.171,0.005,-0.007,0.008,-0.004,-110.400,-220.100,403.640,179.470,-2.580,-117.430,1,-0.0093,-0.0082,0.0615,0
6421109,-0.274,-0.155,0.033,-0.006,0.009,-0.002,-110.400,-220.100,403.640,179.470,-2.580,-117.430,1,-0.0093,-0.0082,0.0615,0
6421203,-0.266,-0.157,0.005,-0.007,0.009,-0.003,-110.400,-220.100,403.640,179.470,-2.580,-117.430,1,-0.0093,-0.0082,0.0615,0
6421343,-0.275,-0.170,-0.042,-0.007,0.010,-0.002,-110.400,-220.100,403.640,179.470,-2.580,-117.430,1,-0.0093,-0.0082,0.0615,0
6421390,-0.264,-0.172,-0.003,-0.007,0.009,-0.003,-110.400,-220.100,403.640,179.470,-2.580,-117.430,1,-0.0093,-0.0082,0.0615,0
6421437,-0.268,-0.164,-0.009,-0.007,0.010,-0.002,-110.400,-220.100,403.640,179.470,-2.580,-117.430,1,-0.0093,-0.0082,0.0615,0
6421515,-0.274,-0.163,-0.005,-0.006,0.009,-0.002,-110.400,-220.100,403.640,179.470,-2.580,-117.430,1,-0.0093,-0.0082,0.0615,0
6421640,-0.252,-0.169,0.040,-0.007,0.009,-0.004,-110.400,-220.100,403.640,179.470,-2.580,-117.430,1,-0.0093,-0.0082,0.0615,0
6421734,-0.239,-0.162,0.005,-0.007,0.008,-0.004,-110.400,-220.100,403.640,179.470,-2.580,-117.430,1,-0.0093,-0.0082,0.0615,0
6421843,-0.260,-0.151,-0.027,-0.006,0.009,-0.002,-110.400,-220.100,403.640,179.470,-2.580,-117.430,1,-0.0093,-0.0082,0.0615,0
6421921,-0.245,-0.161,0.022,-0.007,0.009,-0.004,-110.400,-220.100,403.640,179.470,-2.580,-117.430,1,-0.0093,-0.0082,0.0615,0
6422015,-0.241,-0.161,0.054,-0.007,0.009,-0.005,-110.400,-220.100,403.640,179.470,-2.580,-117.430,1,-0.0093,-0.0082,0.0615,0
6422093,-0.259,-0.180,-0.002,-0.008,0.009,-0.003,-110.400,-220.100,403.640,179.470,-2.580,-117.430,1,-0.0093,-0.0082,0.0615,0
6422171,-0.261,-0.173,0.045,-0.007,0.009,-0.004,-110.400,-220.100,403.640,179.470,-2.580,-117.430,1,-0.0093,-0.0082,0.0615,0
6422281,-0.259,-0.169,0.002,-0.007,0.009,-0.003,-110.400,-220.100,403.640,179.470,-2.580,-117.430,1,-0.0093,-0.0082,0.0615,0
6422328,-0.259,-0.167,-0.002,-0.007,0.009,-0.003,-110.400,-220.100,403.640,179.470,-2.580,-117.430,1,-0.0093,-0.0082,0.0615,0
6422406,-0.258,-0.174,0.014,-0.007,0.009,-0.003,-110.400,-220.100,403.640,179.470,-2.580,-117.430,1,-0.0093,-0.0082,0.0615,0
6422531,-0.257,-0.169,0.023,-0.007,0.009,-0.004,-110.400,-220.100,403.640,179.470,-2.580,-117.430,1,-0.0093,-0.0082,0.0615,0
6422578,-0.264,-0.160,-0.009,-0.007,0.009,-0.002,-110.400,-220.100,403.640,179.470,-2.580,-117.430,1,-0.0093,-0.0082,0.0615,0
6422625,-0.241,-0.171,0.008,-0.008,0.009,-0.003,-110.400,-220.100,403.640,179.470,-2.580,-117.430,1,-0.0093,-0.0082,0.0615,0
6422703,-0.255,-0.157,-0.009,-0.007,0.009,-0.002,-110.400,-220.100,403.640,179.470,-2.580,-117.430,1,-0.0093,-0.0082,0.0615,0
6422843,-0.246,-0.181,0.058,-0.007,0.009,-0.005,-110.400,-220.100,403.640,179.470,-2.580,-117.430,1,-0.0093,-0.0082,0.0615,0
6422937,-0.252,-0.182,0.048,-0.008,0.009,-0.005,-110.400,-220.100,403.640,179.470,-2.580,-117.430,1,-0.0093,-0.0082,0.0615,0
6423046,-0.270,-0.162,-0.005,-0.007,0.009,-0.003,-110.400,-220.100,403.640,179.470,-2.580,-117.430,1,-0.0093,-0.0082,0.0615,0
6423140,-0.251,-0.170,0.032,-0.008,0.008,-0.005,-110.400,-220.100,403.640,179.470,-2.580,-117.430,1,-0.0093,-0.0082,0.0615,0
6423218,-0.261,-0.169,0.034,-0.007,0.009,-0.004,-110.400,-220.100,403.640,179.470,-2.580,-117.430,1,-0.0093,-0.0082,0.0615,0
6423296,-0.258,-0.153,-0.004,-0.007,0.009,-0.003,-110.400,-220.100,403.640,179.470,-2.580,-117.430,1,-0.0093,-0.0082,0.0615,0
6423375,-0.262,-0.163,0.042,-0.007,0.009,-0.004,-110.400,-220.100,403.640,179.470,-2.580,-117.430,1,-0.0093,-0.0082,0.0615,0
6423484,-0.267,-0.168,0.014,-0.007,0.009,-0.004,-110.400,-220.100,403.640,179.470,-2.580,-117.430,1,-0.0093,-0.0082,0.0615,0
6423593,-0.262,-0.182,-0.010,-0.008,0.010,-0.004,-110.400,-220.100,403.640,179.470,-2.580,-117.430,1,-0.0093,-0.0082,0.0615,0
6423734,-0.258,-0.177,0.040,-0.008,0.009,-0.005,-110.400,-220.100,403.640,179.470,-2.580,-117.430,1,-0.0093,-0.0082,0.0615,0
6423781,-0.263,-0.171,0.035,-0.007,0.009,-0.004,-110.400,-220.100,403.640,179.470,-2.580,-117.430,1,-0.0093,-0.0082,0.0615,0
6423828,-0.265,-0.170,0.049,-0.007,0.009,-0.004,-110.400,-220.100,403.640,179.470,-2.580,-117.430,1,-0.0093,-0.0082,0.0615,0
6423906,-0.268,-0.162,-0.017,-0.007,0.009,-0.003,-110.400,-220.100,403.640,179.470,-2.580,-117.430,1,-0.0093,-0.0082,0.0615,0
6424062,-0.234,-0.161,0.021,-0.007,0.008,-0.005,-110.400,-220.100,403.640,179.470,-2.580,-117.430,1,-0.0093,-0.0082,0.0615,0
6424156,-0.271,-0.174,0.063,-0.007,0.009,-0.005,-110.400,-220.100,403.640,179.470,-2.580,-117.430,1,-0.0093,-0.0082,0.0615,0
6424265,-0.272,-0.159,-0.003,-0.007,0.009,-0.002,-110.400,-220.100,403.640,179.470,-2.580,-117.430,1,-0.0093,-0.0082,0.0615,0
6424343,-0.269,-0.161,-0.008,-0.007,0.009,-0.002,-110.400,-220.100,403.640,179.470,-2.580,-117.430,1,-0.0093,-0.0082,0.0615,0
6424421,-0.260,-0.175,0.047,-0.007,0.009,-0.004,-110.400,-220.100,403.640,179.470,-2.580,-117.430,1,-0.0093,-0.0082,0.0615,0
6424515,-0.262,-0.176,0.048,-0.008,0.009,-0.005,-110.400,-220.100,403.640,179.470,-2.580,-117.430,1,-0.0093,-0.0082,0.0615,0
6424578,-0.268,-0.167,-0.006,-0.007,0.009,-0.003,-110.400,-220.100,403.640,179.470,-2.580,-117.430,1,-0.0093,-0.0082,0.0615,0
6424687,-0.233,-0.185,0.008,-0.008,0.009,-0.004,-110.400,-220.100,403.640,179.470,-2.580,-117.430,1,-0.0093,-0.0082,0.0615,0
6424734,-0.246,-0.190,0.026,-0.008,0.009,-0.005,-110.400,-220.100,403.640,179.470,-2.580,-117.430,1,-0.0093,-0.0082,0.0615,0
6424796,-0.260,-0.167,0.011,-0.007,0.009,-0.003,-110.400,-220.100,403.640,179.470,-2.580,-117.430,1,-0.0093,-0.0082,0.0615,0
6424937,-0.249,-0.157,0.026,-0.008,0.009,-0.005,-110.400,-220.100,403.640,179.470,-2.580,-117.430,1,-0.0093,-0.0082,0.0615,0
6424984,-0.255,-0.157,0.032,-0.007,0.009,-0.004,-110.400,-220.100,403.640,179.470,-2.580,-117.430,1,-0.0093,-0.0082,0.0615,0
6425031,-0.254,-0.159,0.055,-0.007,0.009,-0.004,-110.400,-220.100,403.640,179.470,-2.580,-117.430,1,-0.0093,-0.0082,0.0615,0
6425109,-0.278,-0.163,-0.015,-0.007,0.009,-0.002,-110.400,-220.100,403.640,179.470,-2.580,-117.430,1,-0.0093,-0.0082,0.0615,0
6425250,-0.275,-0.160,0.003,-0.007,0.009,-0.003,-110.400,-220.100,403.640,179.470,-2.580,-117.430,1,-0.0093,-0.0082,0.0615,0
6425343,-0.271,-0.172,0.049,-0.007,0.010,-0.005,-110.400,-220.100,403.640,179.470,-2.580,-117.430,1,-0.0093,-0.0082,0.0615,0
6425453,-0.256,-0.157,-0.010,-0.007,0.008,-0.003,-110.400,-220.100,403.640,179.470,-2.580,-117.430,1,-0.0093,-0.0082,0.0615,0
6425531,-0.271,-0.177,0.037,-0.007,0.009,-0.004,-110.400,-220.100,403.640,179.470,-2.580,-117.430,1,-0.0093,-0.0082,0.0615,0
6425625,-0.283,-0.167,0.041,-0.007,0.009,-0.004,-110.400,-220.100,403.640,179.470,-2.580,-117.430,1,-0.0093,-0.0082,0.0615,0
6425703,-0.270,-0.167,0.059,-0.007,0.009,-0.005,-110.400,-220.100,403.640,179.470,-2.580,-117.430,1,-0.0093,-0.0082,0.0615,0
6425781,-0.263,-0.171,-0.002,-0.008,0.009,-0.004,-110.400,-220.100,403.640,179.470,-2.580,-117.430,1,-0.0093,-0.0082,0.0615,0
6425890,-0.271,-0.160,-0.011,-0.007,0.009,-0.002,-110.400,-220.100,403.640,179.470,-2.580,-117.430,1,-0.0093,-0.0082,0.0615,0
6426000,-0.273,-0.165,0.072,-0.007,0.009,-0.005,-110.400,-220.100,403.640,179.470,-2.580,-117.430,1,-0.0093,-0.0082,0.0615,0
6426140,-0.272,-0.173,0.023,-0.008,0.009,-0.004,-110.400,-220.100,403.640,179.470,-2.580,-117.430,1,-0.0093,-0.0082,0.0615,0
6426187,-0.269,-0.173,-0.035,-0.007,0.009,-0.002,-110.400,-220.100,403.640,179.470,-2.580,-117.430,1,-0.0093,-0.0082,0.0615,0
6426234,-0.270,-0.175,-0.012,-0.007,0.009,-0.003,-110.400,-220.100,403.640,179.470,-2.580,-117.430,1,-0.0093,-0.0082,0.0615,0
6426312,-0.295,-0.173,0.029,-0.007,0.010,-0.004,-110.400,-220.100,403.640,179.470,-2.580,-117.430,1,-0.0093,-0.0082,0.0615,0
6426453,-0.270,-0.185,0.010,-0.008,0.009,-0.004,-110.400,-220.100,403.640,179.470,-2.580,-117.430,1,-0.0093,-0.0082,0.0615,0
6426546,-0.278,-0.162,-0.017,-0.007,0.009,-0.002,-110.400,-220.100,403.640,179.470,-2.580,-117.430,1,-0.0093,-0.0082,0.0615,0
6426656,-0.265,-0.174,0.047,-0.008,0.009,-0.004,-110.400,-220.100,403.640,179.470,-2.580,-117.430,1,-0.0093,-0.0082,0.0615,0
6426734,-0.262,-0.181,0.041,-0.008,0.009,-0.004,-110.400,-220.100,403.640,179.470,-2.580,-117.430,1,-0.0093,-0.0082,0.0615,0
6426828,-0.268,-0.174,-0.005,-0.008,0.009,-0.004,-110.400,-220.100,403.640,179.470,-2.580,-117.430,1,-0.0093,-0.0082,0.0615,0
6426906,-0.274,-0.184,0.049,-0.007,0.010,-0.004,-110.400,-220.100,403.640,179.470,-2.580,-117.430,1,-0.0093,-0.0082,0.0615,0
6426984,-0.251,-0.173,0.046,-0.008,0.009,-0.005,-110.400,-220.100,403.640,179.470,-2.580,-117.430,1,-0.0093,-0.0082,0.0615,0
6427093,-0.275,-0.184,0.022,-0.008,0.009,-0.004,-110.400,-220.100,403.640,179.470,-2.580,-117.430,1,-0.0093,-0.0082,0.0615,0
6427203,-0.278,-0.174,0.060,-0.007,0.009,-0.004,-110.400,-220.100,403.640,179.470,-2.580,-117.430,1,-0.0093,-0.0082,0.0615,0
6427343,-0.269,-0.159,0.050,-0.007,0.009,-0.003,-110.400,-220.100,403.640,179.470,-2.580,-117.430,1,-0.0093,-0.0082,0.0615,0
6427390,-0.272,-0.162,0.006,-0.007,0.009,-0.003,-110.400,-220.100,403.640,179.470,-2.580,-117.430,1,-0.0093,-0.0082,0.0615,0
6427437,-0.272,-0.166,-0.018,-0.007,0.009,-0.003,-110.400,-220.100,403.640,179.470,-2.580,-117.430,1,-0.0093,-0.0082,0.0615,0
6427515,-0.277,-0.166,0.041,-0.007,0.010,-0.004,-110.400,-220.100,403.640,179.470,-2.580,-117.430,1,-0.0093,-0.0082,0.0615,0
6427656,-0.278,-0.173,0.038,-0.007,0.009,-0.004,-110.400,-220.100,403.640,179.470,-2.580,-117.430,1,-0.0093,-0.0082,0.0615,0
6427750,-0.255,-0.172,0.020,-0.008,0.009,-0.004,-110.400,-220.100,403.640,179.470,-2.580,-117.430,1,-0.0093,-0.0082,0.0615,0
6427859,-0.287,-0.178,0.051,-0.007,0.009,-0.004,-110.400,-220.100,403.640,179.470,-2.580,-117.430,1,-0.0093,-0.0082,0.0615,0
6427937,-0.262,-0.163,0.019,-0.008,0.009,-0.004,-110.400,-220.100,403.640,179.470,-2.580,-117.430,1,-0.0093,-0.0082,0.0615,0
6428031,-0.261,-0.165,0.032,-0.007,0.009,-0.004,-110.400,-220.100,403.640,179.470,-2.580,-117.430,1,-0.0093,-0.0082,0.0615,0
6428109,-0.277,-0.159,0.031,-0.007,0.009,-0.003,-110.400,-220.100,403.640,179.470,-2.580,-117.430,1,-0.0093,-0.0082,0.0615,0
6428187,-0.274,-0.166,0.052,-0.007,0.009,-0.004,-110.400,-220.100,403.640,179.470,-2.580,-117.430,1,-0.0093,-0.0082,0.0615,0
6428296,-0.287,-0.160,0.069,-0.007,0.010,-0.004,-110.400,-220.100,403.640,179.470,-2.580,-117.430,1,-0.0093,-0.0082,0.0615,0
6428406,-0.282,-0.184,-0.018,-0.007,0.009,-0.003,-110.400,-220.100,403.640,179.470,-2.580,-117.430,1,-0.0093,-0.0082,0.0615,0
6428546,-0.279,-0.186,0.037,-0.007,0.010,-0.004,-110.400,-220.100,403.640,179.470,-2.580,-117.430,1,-0.0093,-0.0082,0.0615,0
6428593,-0.287,-0.198,0.053,-0.007,0.010,-0.004,-110.400,-220.100,403.640,179.470,-2.580,-117.430,1,-0.0093,-0.0082,0.0615,0
6428640,-0.287,-0.167,-0.008,-0.007,0.010,-0.002,-110.400,-220.100,403.640,179.470,-2.580,-117.430,1,-0.0093,-0.0082,0.0615,0
6428718,-0.274,-0.167,0.012,-0.007,0.009,-0.003,-110.400,-220.100,403.640,179.470,-2.580,-117.430,1,-0.0093,-0.0082,0.0615,0
6428859,-0.281,-0.163,0.029,-0.007,0.009,-0.003,-110.400,-220.100,403.640,179.470,-2.580,-117.430,1,-0.0093,-0.0082,0.0615,0
6428953,-0.280,-0.168,0.057,-0.007,0.009,-0.004,-110.400,-220.100,403.640,179.470,-2.580,-117.430,1,-0.0093,-0.0082,0.0615,0
6429062,-0.277,-0.168,0.014,-0.007,0.009,-0.003,-110.400,-220.100,403.640,179.470,-2.580,-117.430,1,-0.0093,-0.0082,0.0615,0
6429140,-0.277,-0.170,0.015,-0.008,0.009,-0.004,-110.400,-220.100,403.640,179.470,-2.580,-117.430,1,-0.0093,-0.0082,0.0615,0
6429234,-0.304,-0.176,0.020,-0.007,0.010,-0.003,-110.400,-220.100,403.640,179.470,-2.580,-117.430,1,-0.0093,-0.0082,0.0615,0
6429312,-0.291,-0.179,0.032,-0.007,0.010,-0.003,-110.400,-220.100,403.640,179.470,-2.580,-117.430,1,-0.0093,-0.0082,0.0615,0
6429390,-0.289,-0.180,0.030,-0.007,0.010,-0.003,-110.400,-220.100,403.640,179.470,-2.580,-117.430,1,-0.0093,-0.0082,0.0615,0
6429500,-0.274,-0.159,0.015,-0.007,0.010,-0.003,-110.400,-220.100,403.640,179.470,-2.580,-117.430,1,-0.0093,-0.0082,0.0615,0
6429609,-0.281,-0.166,0.012,-0.007,0.010,-0.003,-110.400,-220.100,403.640,179.470,-2.580,-117.430,1,-0.0093,-0.0082,0.0615,0
6429750,-0.285,-0.171,0.003,-0.007,0.009,-0.003,-110.400,-220.100,403.640,179.470,-2.580,-117.430,1,-0.0093,-0.0082,0.0615,0
6429796,-0.288,-0.169,0.012,-0.007,0.009,-0.003,-110.400,-220.100,403.640,179.470,-2.580,-117.430,1,-0.0093,-0.0082,0.0615,0
6429843,-0.280,-0.171,-0.011,-0.007,0.009,-0.003,-110.400,-220.100,403.640,179.470,-2.580,-117.430,1,-0.0093,-0.0082,0.0615,0
6429921,-0.299,-0.170,0.028,-0.007,0.010,-0.003,-110.400,-220.100,403.640,179.470,-2.580,-117.430,1,-0.0093,-0.0082,0.0615,0
6430062,-0.289,-0.177,-0.000,-0.007,0.010,-0.003,-110.400,-220.100,403.640,179.470,-2.580,-117.430,1,-0.0093,-0.0082,0.0615,0
6430156,-0.288,-0.170,0.002,-0.007,0.010,-0.003,-110.400,-220.100,403.640,179.470,-2.580,-117.430,1,-0.0093,-0.0082,0.0615,0
6430265,-0.275,-0.159,0.062,-0.006,0.010,-0.002,-110.400,-220.100,403.640,179.470,-2.580,-117.430,1,-0.0093,-0.0082,0.0615,0
6430343,-0.290,-0.158,0.011,-0.007,0.010,-0.001,-110.400,-220.100,403.640,179.470,-2.580,-117.430,1,-0.0093,-0.0082,0.0615,0
6430437,-0.278,-0.171,0.022,-0.007,0.009,-0.003,-110.400,-220.100,403.640,179.470,-2.580,-117.430,1,-0.0093,-0.0082,0.0615,0
6430515,-0.289,-0.177,0.011,-0.008,0.009,-0.003,-110.400,-220.100,403.640,179.470,-2.580,-117.430,1,-0.0093,-0.0082,0.0615,0
6430593,-0.290,-0.180,0.009,-0.007,0.009,-0.003,-110.400,-220.100,403.640,179.470,-2.580,-117.430,1,-0.0093,-0.0082,0.0615,0
6430703,-0.288,-0.185,0.040,-0.007,0.010,-0.004,-110.400,-220.100,403.640,179.470,-2.580,-117.430,1,-0.0093,-0.0082,0.0615,0
6430812,-0.299,-0.174,0.002,-0.007,0.010,-0.002,-110.400,-220.100,403.640,179.470,-2.580,-117.430,1,-0.0093,-0.0082,0.0615,0
6430953,-0.304,-0.180,0.022,-0.007,0.010,-0.003,-110.400,-220.100,403.640,179.470,-2.580,-117.430,1,-0.0093,-0.0082,0.0615,0
6431000,-0.300,-0.174,0.006,-0.007,0.010,-0.002,-110.400,-220.100,403.640,179.470,-2.580,-117.430,1,-0.0093,-0.0082,0.0615,0
6431046,-0.286,-0.157,0.025,-0.007,0.009,-0.002,-110.400,-220.100,403.640,179.470,-2.580,-117.430,1,-0.0093,-0.0082,0.0615,0
6431125,-0.282,-0.173,0.006,-0.007,0.009,-0.003,-110.400,-220.100,403.640,179.470,-2.580,-117.430,1,-0.0093,-0.0082,0.0615,0
6431265,-0.291,-0.169,0.024,-0.007,0.009,-0.004,-110.400,-220.100,403.640,179.470,-2.580,-117.430,1,-0.0093,-0.0082,0.0615,0
6431359,-0.298,-0.173,0.043,-0.007,0.010,-0.004,-110.400,-220.100,403.640,179.470,-2.580,-117.430,1,-0.0093,-0.0082,0.0615,0
6431468,-0.297,-0.179,0.010,-0.008,0.010,-0.003,-110.400,-220.100,403.640,179.470,-2.580,-117.430,1,-0.0093,-0.0082,0.0615,0
6431546,-0.289,-0.168,0.007,-0.007,0.010,-0.003,-110.400,-220.100,403.640,179.470,-2.580,-117.430,1,-0.0093,-0.0082,0.0615,0
6431640,-0.308,-0.180,0.076,-0.007,0.010,-0.005,-110.400,-220.100,403.640,179.470,-2.580,-117.430,1,-0.0093,-0.0082,0.0615,0
6431718,-0.266,-0.179,0.050,-0.008,0.009,-0.005,-110.400,-220.100,403.640,179.470,-2.580,-117.430,1,-0.0093,-0.0082,0.0615,0
6431796,-0.280,-0.167,0.024,-0.007,0.009,-0.004,-110.400,-220.100,403.640,179.470,-2.580,-117.430,1,-0.0093,-0.0082,0.0615,0
6431906,-0.290,-0.163,0.003,-0.007,0.009,-0.003,-110.400,-220.100,403.640,179.470,-2.580,-117.430,1,-0.0093,-0.0082,0.0615,0
6432015,-0.277,-0.177,0.010,-0.008,0.009,-0.003,-110.400,-220.100,403.640,179.470,-2.580,-117.430,1,-0.0093,-0.0082,0.0615,0
6432156,-0.292,-0.170,-0.019,-0.007,0.010,-0.003,-110.400,-220.100,403.640,179.470,-2.580,-117.430,1,-0.0093,-0.0082,0.0615,0
6432203,-0.292,-0.180,-0.000,-0.007,0.010,-0.003,-110.400,-220.100,403.640,179.470,-2.580,-117.430,1,-0.0093,-0.0082,0.0615,0
6432250,-0.286,-0.170,-0.007,-0.007,0.009,-0.003,-110.400,-220.100,403.640,179.470,-2.580,-117.430,1,-0.0093,-0.0082,0.0615,0
6432328,-0.287,-0.171,0.012,-0.008,0.009,-0.003,-110.400,-220.100,403.640,179.470,-2.580,-117.430,1,-0.0093,-0.0082,0.0615,0
6432468,-0.286,-0.184,0.043,-0.007,0.010,-0.004,-110.400,-220.100,403.640,179.470,-2.580,-117.430,1,-0.0093,-0.0082,0.0615,0
6432562,-0.279,-0.173,0.017,-0.008,0.009,-0.004,-110.400,-220.100,403.640,179.470,-2.580,-117.430,1,-0.0093,-0.0082,0.0615,0
6432671,-0.280,-0.169,0.070,-0.007,0.009,-0.005,-110.400,-220.100,403.640,179.470,-2.580,-117.430,1,-0.0093,-0.0082,0.0615,0
6432750,-0.283,-0.177,0.013,-0.008,0.009,-0.004,-110.400,-220.100,403.640,179.470,-2.580,-117.430,1,-0.0093,-0.0082,0.0615,0
6432843,-0.298,-0.167,0.004,-0.007,0.010,-0.003,-110.400,-220.100,403.640,179.470,-2.580,-117.430,1,-0.0093,-0.0082,0.0615,0
6432921,-0.295,-0.168,0.020,-0.007,0.009,-0.004,-110.400,-220.100,403.640,179.470,-2.580,-117.430,1,-0.0093,-0.0082,0.0615,0
6432984,-0.286,-0.174,0.010,-0.007,0.010,-0.004,-110.400,-220.100,403.640,179.470,-2.580,-117.430,1,-0.0093,-0.0082,0.0615,0
6433109,-0.289,-0.177,0.008,-0.008,0.010,-0.003,-110.400,-220.100,403.640,179.470,-2.580,-117.430,1,-0.0093,-0.0082,0.0615,0
6433218,-0.290,-0.171,-0.001,-0.008,0.010,-0.003,-110.400,-220.100,403.640,179.470,-2.580,-117.430,1,-0.0093,-0.0082,0.0615,0
6433343,-0.296,-0.146,0.006,-0.006,0.010,-0.003,-110.400,-220.100,403.640,179.470,-2.580,-117.430,1,-0.0093,-0.0082,0.0615,0
6433390,-0.290,-0.162,0.000,-0.007,0.010,-0.003,-110.400,-220.100,403.640,179.470,-2.580,-117.430,1,-0.0093,-0.0082,0.0615,0
6433437,-0.296,-0.155,0.015,-0.007,0.010,-0.003,-110.400,-220.100,403.640,179.470,-2.580,-117.430,1,-0.0093,-0.0082,0.0615,0
6433531,-0.283,-0.181,0.009,-0.008,0.010,-0.003,-110.400,-220.100,403.640,179.470,-2.580,-117.430,1,-0.0093,-0.0082,0.0615,0
6433656,-0.283,-0.174,-0.006,-0.007,0.010,-0.003,-110.400,-220.100,403.640,179.470,-2.580,-117.430,1,-0.0093,-0.0082,0.0615,0
6433750,-0.287,-0.182,0.041,-0.008,0.010,-0.003,-110.400,-220.100,403.640,179.470,-2.580,-117.430,1,-0.0093,-0.0082,0.0615,0
6433796,-0.290,-0.176,0.020,-0.008,0.010,-0.003,-110.400,-220.100,403.640,179.470,-2.580,-117.430,1,-0.0093,-0.0082,0.0615,0
6433875,-0.290,-0.193,0.047,-0.007,0.010,-0.004,-110.400,-220.100,403.640,179.470,-2.580,-117.430,1,-0.0093,-0.0082,0.0615,0
6433953,-0.290,-0.159,-0.021,-0.007,0.009,-0.002,-110.400,-220.100,403.640,179.470,-2.580,-117.430,1,-0.0093,-0.0082,0.0615,0
6434031,-0.290,-0.164,-0.007,-0.007,0.010,-0.003,-110.400,-220.100,403.640,179.470,-2.580,-117.430,1,-0.0093,-0.0082,0.0615,0
6434125,-0.282,-0.168,0.031,-0.007,0.009,-0.004,-110.400,-220.100,403.640,179.470,-2.580,-117.430,1,-0.0093,-0.0082,0.0615,0
6434203,-0.280,-0.178,0.059,-0.008,0.009,-0.005,-110.400,-220.100,403.640,179.470,-2.580,-117.430,1,-0.0093,-0.0082,0.0615,0
6434312,-0.288,-0.169,0.008,-0.007,0.010,-0.003,-110.400,-220.100,403.640,179.470,-2.580,-117.430,1,-0.0093,-0.0082,0.0615,0
6434406,-0.287,-0.173,0.004,-0.008,0.010,-0.003,-110.400,-220.100,403.640,179.470,-2.580,-117.430,1,-0.0093,-0.0082,0.0615,0
6434546,-0.277,-0.187,0.068,-0.008,0.009,-0.005,-110.400,-220.100,403.640,179.470,-2.580,-117.430,1,-0.0093,-0.0082,0.0615,0
6434593,-0.276,-0.183,0.046,-0.008,0.009,-0.005,-110.400,-220.100,403.640,179.470,-2.580,-117.430,1,-0.0093,-0.0082,0.0615,0
6434640,-0.271,-0.168,0.001,-0.007,0.009,-0.003,-110.400,-220.100,403.640,179.470,-2.580,-117.430,1,-0.0093,-0.0082,0.0615,0
6434718,-0.289,-0.168,-0.015,-0.007,0.010,-0.003,-110.400,-220.100,403.640,179.470,-2.580,-117.430,1,-0.0093,-0.0082,0.0615,0
6434859,-0.272,-0.171,0.047,-0.008,0.009,-0.005,-110.400,-220.100,403.640,179.470,-2.580,-117.430,1,-0.0093,-0.0082,0.0615,0
6434953,-0.295,-0.167,0.017,-0.007,0.010,-0.003,-110.400,-220.100,403.640,179.470,-2.580,-117.430,1,-0.0093,-0.0082,0.0615,0
6435062,-0.283,-0.181,-0.019,-0.008,0.009,-0.003,-110.400,-220.100,403.640,179.470,-2.580,-117.430,1,-0.0093,-0.0082,0.0615,0
6435140,-0.273,-0.188,0.007,-0.008,0.009,-0.004,-110.400,-220.100,403.640,179.470,-2.580,-117.430,1,-0.0093,-0.0082,0.0615,0
6435234,-0.291,-0.176,0.033,-0.008,0.010,-0.004,-110.400,-220.100,403.640,179.470,-2.580,-117.430,1,-0.0093,-0.0082,0.0615,0
6435312,-0.282,-0.180,0.022,-0.008,0.009,-0.004,-110.400,-220.100,403.640,179.470,-2.580,-117.430,1,-0.0093,-0.0082,0.0615,0
6435390,-0.264,-0.175,-0.016,-0.007,0.009,-0.003,-110.400,-220.100,403.640,179.470,-2.580,-117.430,1,-0.0093,-0.0082,0.0615,0
6435500,-0.287,-0.174,0.012,-0.008,0.010,-0.003,-110.400,-220.100,403.640,179.470,-2.580,-117.430,1,-0.0093,-0.0082,0.0615,0
6435609,-0.266,-0.175,0.056,-0.007,0.009,-0.005,-110.400,-220.100,403.640,179.470,-2.580,-117.430,1,-0.0093,-0.0082,0.0615,0
6435750,-0.284,-0.177,0.002,-0.008,0.009,-0.003,-110.400,-220.100,403.640,179.470,-2.580,-117.430,1,-0.0093,-0.0082,0.0615,0
6435796,-0.287,-0.173,-0.019,-0.007,0.010,-0.003,-110.400,-220.100,403.640,179.470,-2.580,-117.430,1,-0.0093,-0.0082,0.0615,0
6435843,-0.280,-0.180,0.008,-0.007,0.010,-0.003,-110.400,-220.100,403.640,179.470,-2.580,-117.430,1,-0.0093,-0.0082,0.0615,0
6435921,-0.275,-0.173,0.014,-0.007,0.009,-0.004,-110.400,-220.100,403.640,179.470,-2.580,-117.430,1,-0.0093,-0.0082,0.0615,0
6436062,-0.280,-0.174,0.023,-0.007,0.009,-0.003,-110.400,-220.100,403.640,179.470,-2.580,-117.430,1,-0.0093,-0.0082,0.0615,0
6436156,-0.282,-0.172,0.022,-0.007,0.009,-0.003,-110.400,-220.100,403.640,179.470,-2.580,-117.430,1,-0.0093,-0.0082,0.0615,0
6436265,-0.286,-0.189,0.000,-0.008,0.010,-0.004,-110.400,-220.100,403.640,179.470,-2.580,-117.430,1,-0.0093,-0.0082,0.0615,0
6436343,-0.268,-0.184,0.058,-0.008,0.009,-0.005,-110.400,-220.100,403.640,179.470,-2.580,-117.430,1,-0.0093,-0.0082,0.0615,0
6436437,-0.286,-0.179,-0.020,-0.007,0.010,-0.003,-110.400,-220.100,403.640,179.470,-2.580,-117.430,1,-0.0093,-0.0082,0.0615,0
6436515,-0.268,-0.196,0.053,-0.008,0.009,-0.005,-110.400,-220.100,403.640,179.470,-2.580,-117.430,1,-0.0093,-0.0082,0.0615,0
6436593,-0.276,-0.190,0.030,-0.008,0.009,-0.004,-110.400,-220.100,403.640,179.470,-2.580,-117.430,1,-0.0093,-0.0082,0.0615,0
6436703,-0.287,-0.173,-0.030,-0.007,0.009,-0.002,-110.400,-220.100,403.640,179.470,-2.580,-117.430,1,-0.0093,-0.0082,0.0615,0
6436812,-0.273,-0.182,-0.012,-0.007,0.009,-0.003,-110.400,-220.100,403.640,179.470,-2.580,-117.430,1,-0.0093,-0.0082,0.0615,0
6436968,-0.240,-0.186,0.055,-0.008,0.009,-0.005,-110.400,-220.100,403.640,179.470,-2.580,-117.430,1,-0.0093,-0.0082,0.0615,0
6437015,-0.244,-0.188,0.037,-0.008,0.009,-0.004,-110.400,-220.100,403.640,179.470,-2.580,-117.430,1,-0.0093,-0.0082,0.0615,0
6437062,-0.272,-0.186,0.031,-0.008,0.009,-0.004,-110.400,-220.100,403.640,179.470,-2.580,-117.430,1,-0.0093,-0.0082,0.0615,0
6437140,-0.287,-0.192,-0.011,-0.008,0.010,-0.003,-110.400,-220.100,403.640,179.470,-2.580,-117.430,1,-0.0093,-0.0082,0.0615,0
6437281,-0.266,-0.206,0.015,-0.008,0.009,-0.004,-110.400,-220.100,403.640,179.470,-2.580,-117.430,1,-0.0093,-0.0082,0.0615,0
6437375,-0.282,-0.182,0.014,-0.007,0.010,-0.004,-110.400,-220.100,403.640,179.470,-2.580,-117.430,1,-0.0093,-0.0082,0.0615,0
6437484,-0.287,-0.159,-0.030,-0.006,0.010,-0.003,-110.400,-220.100,403.640,179.470,-2.580,-117.430,1,-0.0093,-0.0082,0.0615,0
6437562,-0.281,-0.165,-0.008,-0.007,0.009,-0.004,-110.400,-220.100,403.640,179.470,-2.580,-117.430,1,-0.0093,-0.0082,0.0615,0
6437656,-0.287,-0.168,0.001,-0.007,0.010,-0.002,-110.400,-220.100,403.640,179.470,-2.580,-117.430,1,-0.0093,-0.0082,0.0615,0
6437734,-0.272,-0.167,0.023,-0.008,0.009,-0.004,-110.400,-220.100,403.640,179.470,-2.580,-117.430,1,-0.0093,-0.0082,0.0615,0
6437812,-0.304,-0.170,-0.033,-0.006,0.010,-0.001,-110.400,-220.100,403.640,179.470,-2.580,-117.430,1,-0.0093,-0.0082,0.0615,0
6437921,-0.294,-0.179,-0.001,-0.006,0.010,-0.002,-110.400,-220.100,403.640,179.470,-2.580,-117.430,1,-0.0093,-0.0082,0.0615,0
6438031,-0.277,-0.186,0.002,-0.008,0.009,-0.004,-110.400,-220.100,403.640,179.470,-2.580,-117.430,1,-0.0093,-0.0082,0.0615,0
6438171,-0.292,-0.171,0.015,-0.007,0.010,-0.002,-110.400,-220.100,403.640,179.470,-2.580,-117.430,1,-0.0093,-0.0082,0.0615,0
6438218,-0.289,-0.175,0.006,-0.007,0.010,-0.002,-110.400,-220.100,403.640,179.470,-2.580,-117.430,1,-0.0093,-0.0082,0.0615,0
6438265,-0.280,-0.181,0.024,-0.008,0.009,-0.004,-110.400,-220.100,403.640,179.470,-2.580,-117.430,1,-0.0093,-0.0082,0.0615,0
6438343,-0.269,-0.179,0.005,-0.007,0.009,-0.004,-110.400,-220.100,403.640,179.470,-2.580,-117.430,1,-0.0093,-0.0082,0.0615,0
6438484,-0.286,-0.180,0.002,-0.007,0.010,-0.003,-110.400,-220.100,403.640,179.470,-2.580,-117.430,1,-0.0093,-0.0082,0.0615,0
6438578,-0.288,-0.177,0.016,-0.007,0.010,-0.003,-110.400,-220.100,403.640,179.470,-2.580,-117.430,1,-0.0093,-0.0082,0.0615,0
6438687,-0.298,-0.169,-0.011,-0.006,0.010,-0.001,-110.400,-220.100,403.640,179.470,-2.580,-117.430,1,-0.0093,-0.0082,0.0615,0
6438765,-0.286,-0.172,0.022,-0.006,0.010,-0.003,-110.400,-220.100,403.640,179.470,-2.580,-117.430,1,-0.0093,-0.0082,0.0615,0
6438859,-0.278,-0.185,0.006,-0.008,0.009,-0.003,-110.400,-220.100,403.640,179.470,-2.580,-117.430,1,-0.0093,-0.0082,0.0615,0
6438937,-0.291,-0.168,-0.006,-0.007,0.010,-0.002,-110.400,-220.100,403.640,179.470,-2.580,-117.430,1,-0.0093,-0.0082,0.0615,0
6439015,-0.313,-0.164,0.007,-0.006,0.010,-0.002,-110.400,-220.100,403.640,179.470,-2.580,-117.430,1,-0.0093,-0.0082,0.0615,0
6439125,-0.291,-0.178,0.010,-0.008,0.010,-0.003,-110.400,-220.100,403.640,179.470,-2.580,-117.430,1,-0.0093,-0.0082,0.0615,0
6439234,-0.271,-0.179,0.009,-0.008,0.009,-0.003,-110.400,-220.100,403.640,179.470,-2.580,-117.430,1,-0.0093,-0.0082,0.0615,0
6439375,-0.292,-0.171,0.000,-0.006,0.010,-0.002,-110.400,-220.100,403.640,179.470,-2.580,-117.430,1,-0.0093,-0.0082,0.0615,0
6439421,-0.290,-0.182,0.004,-0.007,0.010,-0.003,-110.400,-220.100,403.640,179.470,-2.580,-117.430,1,-0.0093,-0.0082,0.0615,0
6439468,-0.279,-0.182,0.042,-0.007,0.009,-0.004,-110.400,-220.100,403.640,179.470,-2.580,-117.430,1,-0.0093,-0.0082,0.0615,0
6439546,-0.283,-0.187,0.023,-0.008,0.009,-0.004,-110.400,-220.100,403.640,179.470,-2.580,-117.430,1,-0.0093,-0.0082,0.0615,0
6439687,-0.300,-0.179,0.022,-0.007,0.010,-0.001,-110.400,-220.100,403.640,179.470,-2.580,-117.430,1,-0.0093,-0.0082,0.0615,0
6439781,-0.306,-0.181,0.029,-0.007,0.010,-0.002,-110.400,-220.100,403.640,179.470,-2.580,-117.430,1,-0.0093,-0.0082,0.0615,0
6439890,-0.295,-0.182,-0.006,-0.008,0.010,-0.002,-110.400,-220.100,403.640,179.470,-2.580,-117.430,1,-0.0093,-0.0082,0.0615,0
6439968,-0.297,-0.178,-0.033,-0.007,0.010,-0.002,-110.400,-220.100,403.640,179.470,-2.580,-117.430,1,-0.0093,-0.0082,0.0615,0
6440062,-0.315,-0.208,0.018,-0.007,0.010,-0.003,-110.400,-220.100,403.640,179.470,-2.580,-117.430,1,-0.0093,-0.0082,0.0615,0
6440140,-0.289,-0.186,0.015,-0.008,0.010,-0.003,-110.400,-220.100,403.640,179.470,-2.580,-117.430,1,-0.0093,-0.0082,0.0615,0
6440218,-0.277,-0.171,0.027,-0.007,0.009,-0.003,-110.400,-220.100,403.640,179.470,-2.580,-117.430,1,-0.0093,-0.0082,0.0615,0
6440312,-0.299,-0.175,-0.003,-0.007,0.010,-0.003,-110.400,-220.100,403.640,179.470,-2.580,-117.430,1,-0.0093,-0.0082,0.0615,0
6440421,-0.308,-0.166,0.036,-0.007,0.011,-0.004,-110.400,-220.100,403.640,179.470,-2.580,-117.430,1,-0.0093,-0.0082,0.0615,0
6440562,-0.288,-0.183,0.012,-0.007,0.010,-0.003,-110.400,-220.100,403.640,179.470,-2.580,-117.430,1,-0.0093,-0.0082,0.0615,0
6440609,-0.304,-0.185,0.019,-0.007,0.009,-0.003,-110.400,-220.100,403.640,179.470,-2.580,-117.430,1,-0.0093,-0.0082,0.0615,0
6440656,-0.313,-0.184,0.017,-0.007,0.010,-0.003,-110.400,-220.100,403.640,179.470,-2.580,-117.430,1,-0.0093,-0.0082,0.0615,0
6440734,-0.301,-0.187,0.032,-0.007,0.010,-0.004,-110.400,-220.100,403.640,179.470,-2.580,-117.430,1,-0.0093,-0.0082,0.0615,0
6440875,-0.295,-0.183,-0.012,-0.008,0.009,-0.003,-110.400,-220.100,403.640,179.470,-2.580,-117.430,1,-0.0093,-0.0082,0.0615,0
6440968,-0.281,-0.177,0.015,-0.008,0.009,-0.003,-110.400,-220.100,403.640,179.470,-2.580,-117.430,1,-0.0093,-0.0082,0.0615,0
6441078,-0.295,-0.179,0.027,-0.007,0.010,-0.003,-110.400,-220.100,403.640,179.470,-2.580,-117.430,1,-0.0093,-0.0082,0.0615,0
6441156,-0.295,-0.178,0.015,-0.008,0.010,-0.003,-110.400,-220.100,403.640,179.470,-2.580,-117.430,1,-0.0093,-0.0082,0.0615,0
6441250,-0.287,-0.197,0.050,-0.008,0.010,-0.004,-110.400,-220.100,403.640,179.470,-2.580,-117.430,1,-0.0093,-0.0082,0.0615,0
6441328,-0.290,-0.184,-0.001,-0.008,0.010,-0.003,-110.400,-220.100,403.640,179.470,-2.580,-117.430,1,-0.0093,-0.0082,0.0615,0
6441406,-0.288,-0.190,0.019,-0.008,0.010,-0.003,-110.400,-220.100,403.640,179.470,-2.580,-117.430,1,-0.0093,-0.0082,0.0615,0
6441515,-0.287,-0.173,-0.011,-0.008,0.009,-0.002,-110.400,-220.100,403.640,179.470,-2.580,-117.430,1,-0.0093,-0.0082,0.0615,0
6441625,-0.282,-0.174,0.020,-0.008,0.009,-0.004,-110.400,-220.100,403.640,179.470,-2.580,-117.430,1,-0.0093,-0.0082,0.0615,0
6441765,-0.274,-0.186,0.020,-0.008,0.009,-0.004,-110.400,-220.100,403.640,179.470,-2.580,-117.430,1,-0.0093,-0.0082,0.0615,0
6441812,-0.275,-0.182,0.004,-0.008,0.009,-0.004,-110.400,-220.100,403.640,179.470,-2.580,-117.430,1,-0.0093,-0.0082,0.0615,0
6441859,-0.283,-0.180,-0.024,-0.008,0.009,-0.003,-110.400,-220.100,403.640,179.470,-2.580,-117.430,1,-0.0093,-0.0082,0.0615,0
6441937,-0.286,-0.187,0.041,-0.008,0.010,-0.005,-110.400,-220.100,403.640,179.470,-2.580,-117.430,1,-0.0093,-0.0082,0.0615,0
6442078,-0.276,-0.182,0.046,-0.008,0.009,-0.005,-110.400,-220.100,403.640,179.470,-2.580,-117.430,1,-0.0093,-0.0082,0.0615,0
6442171,-0.279,-0.169,-0.013,-0.007,0.009,-0.002,-110.400,-220.100,403.640,179.470,-2.580,-117.430,1,-0.0093,-0.0082,0.0615,0
6442281,-0.257,-0.177,0.015,-0.008,0.009,-0.004,-110.400,-220.100,403.640,179.470,-2.580,-117.430,1,-0.0093,-0.0082,0.0615,0
6442359,-0.275,-0.186,0.070,-0.008,0.009,-0.005,-110.400,-220.100,403.640,179.470,-2.580,-117.430,1,-0.0093,-0.0082,0.0615,0
6442453,-0.293,-0.171,-0.013,-0.007,0.010,-0.002,-110.400,-220.100,403.640,179.470,-2.580,-117.430,1,-0.0093,-0.0082,0.0615,0
6442531,-0.280,-0.184,-0.006,-0.008,0.009,-0.003,-110.400,-220.100,403.640,179.470,-2.580,-117.430,1,-0.0093,-0.0082,0.0615,0
6442609,-0.282,-0.186,0.010,-0.007,0.009,-0.003,-110.400,-220.100,403.640,179.470,-2.580,-117.430,1,-0.0093,-0.0082,0.0615,0
6442718,-0.263,-0.193,0.041,-0.008,0.009,-0.005,-110.400,-220.100,403.640,179.470,-2.580,-117.430,1,-0.0093,-0.0082,0.0615,0
6442828,-0.270,-0.174,-0.003,-0.007,0.010,-0.003,-110.400,-220.100,403.640,179.470,-2.580,-117.430,1,-0.0093,-0.0082,0.0615,0
6442968,-0.278,-0.155,0.006,-0.007,0.009,-0.003,-110.400,-220.100,403.640,179.470,-2.580,-117.430,1,-0.0093,-0.0082,0.0615,0
6443015,-0.272,-0.166,0.033,-0.008,0.009,-0.004,-110.400,-220.100,403.640,179.470,-2.580,-117.430,1,-0.0093,-0.0082,0.0615,0
6443062,-0.272,-0.171,0.040,-0.008,0.009,-0.004,-110.400,-220.100,403.640,179.470,-2.580,-117.430,1,-0.0093,-0.0082,0.0615,0
6443140,-0.287,-0.170,0.003,-0.007,0.010,-0.003,-110.400,-220.100,403.640,179.470,-2.580,-117.430,1,-0.0093,-0.0082,0.0615,0
6443281,-0.287,-0.179,-0.015,-0.007,0.010,-0.003,-110.400,-220.100,403.640,179.470,-2.580,-117.430,1,-0.0093,-0.0082,0.0615,0
6443375,-0.280,-0.187,0.036,-0.007,0.010,-0.003,-110.400,-220.100,403.640,179.470,-2.580,-117.430,1,-0.0093,-0.0082,0.0615,0
6443484,-0.270,-0.174,0.005,-0.007,0.010,-0.003,-110.400,-220.100,403.640,179.470,-2.580,-117.430,1,-0.0093,-0.0082,0.0615,0
6443562,-0.277,-0.172,-0.014,-0.007,0.009,-0.002,-110.400,-220.100,403.640,179.470,-2.580,-117.430,1,-0.0093,-0.0082,0.0615,0
6443656,-0.280,-0.161,-0.025,-0.007,0.010,-0.001,-110.400,-220.100,403.640,179.470,-2.580,-117.430,1,-0.0093,-0.0082,0.0615,0
6443734,-0.252,-0.168,0.028,-0.008,0.009,-0.004,-110.400,-220.100,403.640,179.470,-2.580,-117.430,1,-0.0093,-0.0082,0.0615,0
6443812,-0.282,-0.171,-0.013,-0.007,0.009,-0.002,-110.400,-220.100,403.640,179.470,-2.580,-117.430,1,-0.0093,-0.0082,0.0615,0
6443921,-0.294,-0.172,0.006,-0.006,0.010,-0.002,-110.400,-220.100,403.640,179.470,-2.580,-117.430,1,-0.0093,-0.0082,0.0615,0
6444031,-0.269,-0.187,0.010,-0.008,0.009,-0.004,-110.400,-220.100,403.640,179.470,-2.580,-117.430,1,-0.0093,-0.0082,0.0615,0
6444171,-0.282,-0.170,0.012,-0.007,0.010,-0.002,-110.400,-220.100,403.640,179.470,-2.580,-117.430,1,-0.0093,-0.0082,0.0615,0
6444218,-0.268,-0.179,0.035,-0.007,0.009,-0.004,-110.400,-220.100,403.640,179.470,-2.580,-117.430,1,-0.0093,-0.0082,0.0615,0
6444265,-0.292,-0.164,-0.003,-0.006,0.010,-0.002,-110.400,-220.100,403.640,179.470,-2.580,-117.430,1,-0.0093,-0.0082,0.0615,0
6444343,-0.317,-0.152,-0.004,-0.006,0.010,-0.001,-110.400,-220.100,403.640,179.470,-2.580,-117.430,1,-0.0093,-0.0082,0.0615,0
6444484,-0.253,-0.174,0.009,-0.007,0.009,-0.003,-110.400,-220.100,403.640,179.470,-2.580,-117.430,1,-0.0093,-0.0082,0.0615,0
6444578,-0.283,-0.174,0.028,-0.007,0.010,-0.004,-110.400,-220.100,403.640,179.470,-2.580,-117.430,1,-0.0093,-0.0082,0.0615,0
6444687,-0.287,-0.163,0.003,-0.006,0.010,-0.001,-110.400,-220.100,403.640,179.470,-2.580,-117.430,1,-0.0093,-0.0082,0.0615,0
6444765,-0.273,-0.171,0.014,-0.007,0.009,-0.004,-110.400,-220.100,403.640,179.470,-2.580,-117.430,1,-0.0093,-0.0082,0.0615,0
6444859,-0.276,-0.169,0.015,-0.007,0.010,-0.004,-110.400,-220.100,403.640,179.470,-2.580,-117.430,1,-0.0093,-0.0082,0.0615,0
6444937,-0.277,-0.168,0.019,-0.007,0.009,-0.003,-110.400,-220.100,403.640,179.470,-2.580,-117.430,1,-0.0093,-0.0082,0.0615,0
6445015,-0.288,-0.171,0.003,-0.007,0.009,-0.002,-110.400,-220.100,403.640,179.470,-2.580,-117.430,1,-0.0093,-0.0082,0.0615,0
6445125,-0.291,-0.180,0.016,-0.007,0.010,-0.002,-110.400,-220.100,403.640,179.470,-2.580,-117.430,1,-0.0093,-0.0082,0.0615,0
6445234,-0.279,-0.167,-0.011,-0.007,0.009,-0.003,-110.400,-220.100,403.640,179.470,-2.580,-117.430,1,-0.0093,-0.0082,0.0615,0
6445375,-0.287,-0.155,0.032,-0.006,0.010,-0.002,-110.400,-220.100,403.640,179.470,-2.580,-117.430,1,-0.0093,-0.0082,0.0615,0
6445421,-0.289,-0.148,0.038,-0.006,0.010,-0.002,-110.400,-220.100,403.640,179.470,-2.580,-117.430,1,-0.0093,-0.0082,0.0615,0
6445468,-0.277,-0.165,0.025,-0.007,0.010,-0.004,-110.400,-220.100,403.640,179.470,-2.580,-117.430,1,-0.0093,-0.0082,0.0615,0
6445546,-0.275,-0.161,0.005,-0.007,0.009,-0.003,-110.400,-220.100,403.640,179.470,-2.580,-117.430,1,-0.0093,-0.0082,0.0615,0
6445687,-0.290,-0.163,0.033,-0.006,0.010,-0.003,-110.400,-220.100,403.640,179.470,-2.580,-117.430,1,-0.0093,-0.0082,0.0615,0
6445781,-0.304,-0.162,0.029,-0.006,0.010,-0.003,-110.400,-220.100,403.640,179.470,-2.580,-117.430,1,-0.0093,-0.0082,0.0615,0
6445890,-0.283,-0.164,-0.003,-0.007,0.009,-0.003,-110.400,-220.100,403.640,179.470,-2.580,-117.430,1,-0.0093,-0.0082,0.0615,0
6445968,-0.302,-0.170,0.018,-0.007,0.010,-0.003,-110.400,-220.100,403.640,179.470,-2.580,-117.430,1,-0.0093,-0.0082,0.0615,0
6446062,-0.309,-0.174,0.048,-0.007,0.010,-0.004,-110.400,-220.100,403.640,179.470,-2.580,-117.430,1,-0.0093,-0.0082,0.0615,0
6446140,-0.286,-0.179,0.009,-0.007,0.009,-0.003,-110.400,-220.100,403.640,179.470,-2.580,-117.430,1,-0.0093,-0.0082,0.0615,0
6446218,-0.268,-0.159,-0.006,-0.007,0.009,-0.003,-110.400,-220.100,403.640,179.470,-2.580,-117.430,1,-0.0093,-0.0082,0.0615,0
6446328,-0.287,-0.152,0.007,-0.007,0.009,-0.003,-110.400,-220.100,403.640,179.470,-2.580,-117.430,1,-0.0093,-0.0082,0.0615,0
6446437,-0.282,-0.164,0.062,-0.007,0.009,-0.005,-110.400,-220.100,403.640,179.470,-2.580,-117.430,1,-0.0093,-0.0082,0.0615,0
6446578,-0.274,-0.167,0.008,-0.007,0.009,-0.003,-110.400,-220.100,403.640,179.470,-2.580,-117.430,1,-0.0093,-0.0082,0.0615,0
6446625,-0.278,-0.177,0.028,-0.007,0.009,-0.003,-110.400,-220.100,403.640,179.470,-2.580,-117.430,1,-0.0093,-0.0082,0.0615,0
6446671,-0.288,-0.175,0.019,-0.007,0.009,-0.003,-110.400,-220.100,403.640,179.470,-2.580,-117.430,1,-0.0093,-0.0082,0.0615,0
6446750,-0.283,-0.183,0.043,-0.008,0.010,-0.004,-110.400,-220.100,403.640,179.470,-2.580,-117.430,1,-0.0093,-0.0082,0.0615,0
6446890,-0.268,-0.146,0.024,-0.007,0.009,-0.003,-110.400,-220.100,403.640,179.470,-2.580,-117.430,1,-0.0093,-0.0082,0.0615,0
6446984,-0.276,-0.157,0.009,-0.007,0.009,-0.003,-110.400,-220.100,403.640,179.470,-2.580,-117.430,1,-0.0093,-0.0082,0.0615,0
6447093,-0.274,-0.160,0.024,-0.007,0.009,-0.004,-110.400,-220.100,403.640,179.470,-2.580,-117.430,1,-0.0093,-0.0082,0.0615,0
6447171,-0.277,-0.165,0.065,-0.007,0.009,-0.005,-110.400,-220.100,403.640,179.470,-2.580,-117.430,1,-0.0093,-0.0082,0.0615,0
6447265,-0.280,-0.160,-0.038,-0.007,0.010,-0.002,-110.400,-220.100,403.640,179.470,-2.580,-117.430,1,-0.0093,-0.0082,0.0615,0
6447343,-0.285,-0.163,0.019,-0.007,0.010,-0.003,-110.400,-220.100,403.640,179.470,-2.580,-117.430,1,-0.0093,-0.0082,0.0615,0
6447421,-0.272,-0.165,0.018,-0.007,0.009,-0.004,-110.400,-220.100,403.640,179.470,-2.580,-117.430,1,-0.0093,-0.0082,0.0615,0
6447531,-0.281,-0.149,-0.052,-0.007,0.009,-0.001,-110.400,-220.100,403.640,179.470,-2.580,-117.430,1,-0.0093,-0.0082,0.0615,0
6447640,-0.262,-0.155,0.033,-0.007,0.009,-0.004,-110.400,-220.100,403.640,179.470,-2.580,-117.430,1,-0.0093,-0.0082,0.0615,0
6447781,-0.263,-0.169,0.034,-0.008,0.009,-0.004,-110.400,-220.100,403.640,179.470,-2.580,-117.430,1,-0.0093,-0.0082,0.0615,0
6447828,-0.265,-0.172,0.016,-0.007,0.009,-0.004,-110.400,-220.100,403.640,179.470,-2.580,-117.430,1,-0.0093,-0.0082,0.0615,0
6447875,-0.271,-0.172,-0.014,-0.007,0.009,-0.002,-110.400,-220.100,403.640,179.470,-2.580,-117.430,1,-0.0093,-0.0082,0.0615,0
6447953,-0.257,-0.173,0.056,-0.007,0.009,-0.005,-110.400,-220.100,403.640,179.470,-2.580,-117.430,1,-0.0093,-0.0082,0.0615,0
6448093,-0.261,-0.179,0.038,-0.008,0.009,-0.004,-110.400,-220.100,403.640,179.470,-2.580,-117.430,1,-0.0093,-0.0082,0.0615,0
6448187,-0.262,-0.162,0.000,-0.007,0.009,-0.003,-110.400,-220.100,403.640,179.470,-2.580,-117.430,1,-0.0093,-0.0082,0.0615,0
6448296,-0.279,-0.160,-0.021,-0.007,0.009,-0.003,-110.400,-220.100,403.640,179.470,-2.580,-117.430,1,-0.0093,-0.0082,0.0615,0
6448375,-0.263,-0.169,0.048,-0.007,0.009,-0.005,-110.400,-220.100,403.640,179.470,-2.580,-117.430,1,-0.0093,-0.0082,0.0615,0
6448468,-0.270,-0.167,0.027,-0.007,0.009,-0.004,-110.400,-220.100,403.640,179.470,-2.580,-117.430,1,-0.0093,-0.0082,0.0615,0
6448546,-0.276,-0.160,0.008,-0.007,0.009,-0.003,-110.400,-220.100,403.640,179.470,-2.580,-117.430,1,-0.0093,-0.0082,0.0615,0
6448625,-0.272,-0.165,0.029,-0.007,0.009,-0.004,-110.400,-220.100,403.640,179.470,-2.580,-117.430,1,-0.0093,-0.0082,0.0615,0
6448734,-0.255,-0.166,0.036,-0.007,0.009,-0.005,-110.400,-220.100,403.640,179.470,-2.580,-117.430,1,-0.0093,-0.0082,0.0615,0
6448843,-0.270,-0.146,-0.016,-0.007,0.009,-0.002,-110.400,-220.100,403.640,179.470,-2.580,-117.430,1,-0.0093,-0.0082,0.0615,0
6448984,-0.264,-0.155,0.011,-0.007,0.009,-0.003,-110.400,-220.100,403.640,179.470,-2.580,-117.430,1,-0.0093,-0.0082,0.0615,0
6449031,-0.245,-0.145,0.024,-0.007,0.008,-0.004,-110.400,-220.100,403.640,179.470,-2.580,-117.430,1,-0.0093,-0.0082,0.0615,0
6449078,-0.267,-0.156,-0.002,-0.007,0.009,-0.003,-110.400,-220.100,403.640,179.470,-2.580,-117.430,1,-0.0093,-0.0082,0.0615,0
6449156,-0.276,-0.168,0.027,-0.007,0.009,-0.003,-110.400,-220.100,403.640,179.470,-2.580,-117.430,1,-0.0093,-0.0082,0.0615,0
6449296,-0.269,-0.170,0.003,-0.007,0.009,-0.004,-110.400,-220.100,403.640,179.470,-2.580,-117.430,1,-0.0093,-0.0082,0.0615,0
6449390,-0.251,-0.168,0.026,-0.007,0.009,-0.004,-110.400,-220.100,403.640,179.470,-2.580,-117.430,1,-0.0093,-0.0082,0.0615,0
6449500,-0.277,-0.163,0.016,-0.007,0.009,-0.003,-110.400,-220.100,403.640,179.470,-2.580,-117.430,1,-0.0093,-0.0082,0.0615,0
6449578,-0.275,-0.152,0.009,-0.006,0.009,-0.002,-110.400,-220.100,403.640,179.470,-2.580,-117.430,1,-0.0093,-0.0082,0.0615,0
6449671,-0.279,-0.160,0.002,-0.007,0.009,-0.003,-110.400,-220.100,403.640,179.470,-2.580,-117.430,1,-0.0093,-0.0082,0.0615,0
6449750,-0.262,-0.164,0.034,-0.007,0.009,-0.004,-110.400,-220.100,403.640,179.470,-2.580,-117.430,1,-0.0093,-0.0082,0.0615,0
6449828,-0.299,-0.155,-0.008,-0.006,0.010,-0.002,-110.400,-220.100,403.640,179.470,-2.580,-117.430,1,-0.0093,-0.0082,0.0615,0
6449937,-0.285,-0.158,0.012,-0.006,0.009,-0.003,-110.400,-220.100,403.640,179.470,-2.580,-117.430,1,-0.0093,-0.0082,0.0615,0
6450046,-0.275,-0.160,-0.002,-0.007,0.009,-0.003,-110.400,-220.100,403.640,179.470,-2.580,-117.430,1,-0.0093,-0.0082,0.0615,0
6450187,-0.269,-0.158,0.023,-0.007,0.009,-0.004,-110.400,-220.100,403.640,179.470,-2.580,-117.430,1,-0.0093,-0.0082,0.0615,0
6450234,-0.278,-0.158,0.018,-0.007,0.009,-0.003,-110.400,-220.100,403.640,179.470,-2.580,-117.430,1,-0.0093,-0.0082,0.0615,0
6450281,-0.291,-0.154,-0.000,-0.006,0.010,-0.001,-110.400,-220.100,403.640,179.470,-2.580,-117.430,1,-0.0093,-0.0082,0.0615,0
6450359,-0.289,-0.155,0.016,-0.006,0.010,-0.002,-110.400,-220.100,403.640,179.470,-2.580,-117.430,1,-0.0093,-0.0082,0.0615,0
6450500,-0.275,-0.163,0.021,-0.007,0.009,-0.003,-110.400,-220.100,403.640,179.470,-2.580,-117.430,1,-0.0093,-0.0082,0.0615,0
6450593,-0.275,-0.167,0.029,-0.007,0.009,-0.003,-110.400,-220.100,403.640,179.470,-2.580,-117.430,1,-0.0093,-0.0082,0.0615,0
6450703,-0.293,-0.160,-0.007,-0.006,0.010,-0.001,-110.400,-220.100,403.640,179.470,-2.580,-117.430,1,-0.0093,-0.0082,0.0615,0
6450781,-0.292,-0.151,-0.007,-0.006,0.010,-0.001,-110.400,-220.100,403.640,179.470,-2.580,-117.430,1,-0.0093,-0.0082,0.0615,0
6450875,-0.278,-0.163,0.009,-0.008,0.009,-0.003,-110.400,-220.100,403.640,179.470,-2.580,-117.430,1,-0.0093,-0.0082,0.0615,0
6450953,-0.290,-0.149,0.008,-0.007,0.009,-0.002,-110.400,-220.100,403.640,179.470,-2.580,-117.430,1,-0.0093,-0.0082,0.0615,0
6451031,-0.293,-0.161,0.052,-0.006,0.010,-0.003,-110.400,-220.100,403.640,179.470,-2.580,-117.430,1,-0.0093,-0.0082,0.0615,0
6451140,-0.281,-0.163,-0.007,-0.007,0.009,-0.002,-110.400,-220.100,403.640,179.470,-2.580,-117.430,1,-0.0093,-0.0082,0.0615,0
6451250,-0.277,-0.165,0.010,-0.008,0.009,-0.003,-110.400,-220.100,403.640,179.470,-2.580,-117.430,1,-0.0093,-0.0082,0.0615,0
6451390,-0.315,-0.174,0.061,-0.007,0.010,-0.004,-110.400,-220.100,403.640,179.470,-2.580,-117.430,1,-0.0093,-0.0082,0.0615,0
6451437,-0.299,-0.165,0.064,-0.007,0.009,-0.004,-110.400,-220.100,403.640,179.470,-2.580,-117.430,1,-0.0093,-0.0082,0.0615,0
6451484,-0.291,-0.161,0.020,-0.007,0.009,-0.003,-110.400,-220.100,403.640,179.470,-2.580,-117.430,1,-0.0093,-0.0082,0.0615,0
6451562,-0.298,-0.143,0.015,-0.006,0.010,-0.003,-110.400,-220.100,403.640,179.470,-2.580,-117.430,1,-0.0093,-0.0082,0.0615,0
6451703,-0.312,-0.138,0.018,-0.006,0.011,-0.002,-110.400,-220.100,403.640,179.470,-2.580,-117.430,1,-0.0093,-0.0082,0.0615,0
6451796,-0.280,-0.177,0.008,-0.008,0.009,-0.003,-110.400,-220.100,403.640,179.470,-2.580,-117.430,1,-0.0093,-0.0082,0.0615,0
6451906,-0.278,-0.163,-0.018,-0.008,0.009,-0.003,-110.400,-220.100,403.640,179.470,-2.580,-117.430,1,-0.0093,-0.0082,0.0615,0
6451984,-0.296,-0.190,0.038,-0.007,0.009,-0.003,-110.400,-220.100,403.640,179.470,-2.580,-117.430,1,-0.0093,-0.0082,0.0615,0
6452078,-0.293,-0.186,0.017,-0.007,0.010,-0.003,-110.400,-220.100,403.640,179.470,-2.580,-117.430,1,-0.0093,-0.0082,0.0615,0
6452156,-0.282,-0.184,0.007,-0.008,0.009,-0.003,-110.400,-220.100,403.640,179.470,-2.580,-117.430,1,-0.0093,-0.0082,0.0615,0
6452234,-0.281,-0.169,0.005,-0.007,0.009,-0.003,-110.400,-220.100,403.640,179.470,-2.580,-117.430,1,-0.0093,-0.0082,0.0615,0
6452343,-0.285,-0.166,0.004,-0.007,0.009,-0.003,-110.400,-220.100,403.640,179.470,-2.580,-117.430,1,-0.0093,-0.0082,0.0615,0
6452453,-0.291,-0.171,0.058,-0.007,0.010,-0.003,-110.400,-220.100,403.640,179.470,-2.580,-117.430,1,-0.0093,-0.0082,0.0615,0
6452593,-0.290,-0.170,-0.019,-0.008,0.010,-0.003,-110.400,-220.100,403.640,179.470,-2.580,-117.430,1,-0.0093,-0.0082,0.0615,0
6452640,-0.293,-0.175,0.020,-0.007,0.010,-0.003,-110.400,-220.100,403.640,179.470,-2.580,-117.430,1,-0.0093,-0.0082,0.0615,0
6452687,-0.294,-0.177,0.026,-0.007,0.010,-0.004,-110.400,-220.100,403.640,179.470,-2.580,-117.430,1,-0.0093,-0.0082,0.0615,0
6452765,-0.281,-0.175,0.010,-0.007,0.010,-0.003,-110.400,-220.100,403.640,179.470,-2.580,-117.430,1,-0.0093,-0.0082,0.0615,0
6452906,-0.291,-0.175,0.031,-0.008,0.010,-0.004,-110.400,-220.100,403.640,179.470,-2.580,-117.430,1,-0.0093,-0.0082,0.0615,0
6453000,-0.271,-0.163,0.053,-0.008,0.009,-0.005,-110.400,-220.100,403.640,179.470,-2.580,-117.430,1,-0.0093,-0.0082,0.0615,0
6453109,-0.279,-0.166,0.038,-0.007,0.009,-0.004,-110.400,-220.100,403.640,179.470,-2.580,-117.430,1,-0.0093,-0.0082,0.0615,0
6453187,-0.279,-0.173,-0.004,-0.007,0.010,-0.003,-110.400,-220.100,403.640,179.470,-2.580,-117.430,1,-0.0093,-0.0082,0.0615,0
6453281,-0.283,-0.175,-0.020,-0.007,0.009,-0.003,-110.400,-220.100,403.640,179.470,-2.580,-117.430,1,-0.0093,-0.0082,0.0615,0
6453359,-0.283,-0.180,0.049,-0.008,0.010,-0.005,-110.400,-220.100,403.640,179.470,-2.580,-117.430,1,-0.0093,-0.0082,0.0615,0
6453437,-0.256,-0.175,0.006,-0.008,0.009,-0.003,-110.400,-220.100,403.640,179.470,-2.580,-117.430,1,-0.0093,-0.0082,0.0615,0
6453546,-0.290,-0.168,0.004,-0.007,0.010,-0.003,-110.400,-220.100,403.640,179.470,-2.580,-117.430,1,-0.0093,-0.0082,0.0615,0
6453640,-0.282,-0.173,0.062,-0.007,0.009,-0.005,-110.400,-220.100,403.640,179.470,-2.580,-117.430,1,-0.0093,-0.0082,0.0615,0
6453796,-0.276,-0.175,0.027,-0.008,0.009,-0.004,-110.400,-220.100,403.640,179.470,-2.580,-117.430,1,-0.0093,-0.0082,0.0615,0
6453843,-0.288,-0.164,-0.003,-0.007,0.009,-0.003,-110.400,-220.100,403.640,179.470,-2.580,-117.430,1,-0.0093,-0.0082,0.0615,0
6453890,-0.288,-0.160,-0.007,-0.007,0.009,-0.003,-110.400,-220.100,403.640,179.470,-2.580,-117.430,1,-0.0093,-0.0082,0.0615,0
6453968,-0.275,-0.185,0.073,-0.008,0.009,-0.005,-110.400,-220.100,403.640,179.470,-2.580,-117.430,1,-0.0093,-0.0082,0.0615,0
6454109,-0.282,-0.166,0.025,-0.007,0.010,-0.004,-110.400,-220.100,403.640,179.470,-2.580,-117.430,1,-0.0093,-0.0082,0.0615,0
6454203,-0.287,-0.143,-0.054,-0.006,0.010,-0.001,-110.400,-220.100,403.640,179.470,-2.580,-117.430,1,-0.0093,-0.0082,0.0615,0
6454312,-0.264,-0.159,0.047,-0.008,0.009,-0.004,-110.400,-220.100,403.640,179.470,-2.580,-117.430,1,-0.0093,-0.0082,0.0615,0
6454390,-0.269,-0.172,0.060,-0.007,0.009,-0.005,-110.400,-220.100,403.640,179.470,-2.580,-117.430,1,-0.0093,-0.0082,0.0615,0
6454484,-0.275,-0.190,-0.001,-0.008,0.009,-0.004,-110.400,-220.100,403.640,179.470,-2.580,-117.430,1,-0.0093,-0.0082,0.0615,0
6454562,-0.283,-0.175,-0.029,-0.007,0.010,-0.003,-110.400,-220.100,403.640,179.470,-2.580,-117.430,1,-0.0093,-0.0082,0.0615,0
6454640,-0.279,-0.171,-0.004,-0.007,0.010,-0.003,-110.400,-220.100,403.640,179.470,-2.580,-117.430,1,-0.0093,-0.0082,0.0615,0
6454750,-0.263,-0.177,0.041,-0.008,0.009,-0.005,-110.400,-220.100,403.640,179.470,-2.580,-117.430,1,-0.0093,-0.0082,0.0615,0
6454859,-0.286,-0.158,0.006,-0.007,0.010,-0.002,-110.400,-220.100,403.640,179.470,-2.580,-117.430,1,-0.0093,-0.0082,0.0615,0
6455000,-0.286,-0.161,0.001,-0.007,0.010,-0.003,-110.400,-220.100,403.640,179.470,-2.580,-117.430,1,-0.0093,-0.0082,0.0615,0
6455046,-0.257,-0.172,0.040,-0.008,0.009,-0.004,-110.400,-220.100,403.640,179.470,-2.580,-117.430,1,-0.0093,-0.0082,0.0615,0
6455093,-0.277,-0.169,0.040,-0.007,0.010,-0.004,-110.400,-220.100,403.640,179.470,-2.580,-117.430,1,-0.0093,-0.0082,0.0615,0
6455171,-0.271,-0.178,0.038,-0.007,0.009,-0.004,-110.400,-220.100,403.640,179.470,-2.580,-117.430,1,-0.0093,-0.0082,0.0615,0
6455312,-0.288,-0.163,0.015,-0.007,0.010,-0.003,-110.400,-220.100,403.640,179.470,-2.580,-117.430,1,-0.0093,-0.0082,0.0615,0
6455406,-0.282,-0.168,-0.002,-0.007,0.009,-0.002,-110.400,-220.100,403.640,179.470,-2.580,-117.430,1,-0.0093,-0.0082,0.0615,0
6455515,-0.269,-0.164,0.049,-0.007,0.009,-0.005,-110.400,-220.100,403.640,179.470,-2.580,-117.430,1,-0.0093,-0.0082,0.0615,0
6455593,-0.277,-0.160,0.028,-0.007,0.010,-0.004,-110.400,-220.100,403.640,179.470,-2.580,-117.430,1,-0.0093,-0.0082,0.0615,0
6455687,-0.286,-0.150,-0.031,-0.007,0.010,-0.002,-110.400,-220.100,403.640,179.470,-2.580,-117.430,1,-0.0093,-0.0082,0.0615,0
6455765,-0.274,-0.148,-0.013,-0.006,0.009,-0.002,-110.400,-220.100,403.640,179.470,-2.580,-117.430,1,-0.0093,-0.0082,0.0615,0
6455843,-0.270,-0.152,0.020,-0.007,0.009,-0.003,-110.400,-220.100,403.640,179.470,-2.580,-117.430,1,-0.0093,-0.0082,0.0615,0
6455953,-0.282,-0.180,0.007,-0.007,0.009,-0.004,-110.400,-220.100,403.640,179.470,-2.580,-117.430,1,-0.0093,-0.0082,0.0615,0
6456062,-0.298,-0.156,-0.012,-0.006,0.010,-0.001,-110.400,-220.100,403.640,179.470,-2.580,-117.430,1,-0.0093,-0.0082,0.0615,0
6456203,-0.278,-0.167,-0.005,-0.007,0.009,-0.003,-110.400,-220.100,403.640,179.470,-2.580,-117.430,1,-0.0093,-0.0082,0.0615,0
6456250,-0.264,-0.173,0.017,-0.008,0.009,-0.004,-110.400,-220.100,403.640,179.470,-2.580,-117.430,1,-0.0093,-0.0082,0.0615,0
6456296,-0.270,-0.168,0.010,-0.007,0.010,-0.003,-110.400,-220.100,403.640,179.470,-2.580,-117.430,1,-0.0093,-0.0082,0.0615,0
6456375,-0.272,-0.161,0.019,-0.007,0.009,-0.003,-110.400,-220.100,403.640,179.470,-2.580,-117.430,1,-0.0093,-0.0082,0.0615,0
6456515,-0.272,-0.160,0.023,-0.007,0.009,-0.003,-110.400,-220.100,403.640,179.470,-2.580,-117.430,1,-0.0093,-0.0082,0.0615,0
6456609,-0.301,-0.168,0.000,-0.007,0.010,-0.002,-110.400,-220.100,403.640,179.470,-2.580,-117.430,1,-0.0093,-0.0082,0.0615,0
6456718,-0.301,-0.148,-0.004,-0.006,0.010,-0.001,-110.400,-220.100,403.640,179.470,-2.580,-117.430,1,-0.0093,-0.0082,0.0615,0
6456796,-0.303,-0.133,0.020,-0.006,0.010,-0.001,-110.400,-220.100,403.640,179.470,-2.580,-117.430,1,-0.0093,-0.0082,0.0615,0
6456890,-0.281,-0.164,0.007,-0.007,0.010,-0.003,-110.400,-220.100,403.640,179.470,-2.580,-117.430,1,-0.0093,-0.0082,0.0615,0
6456968,-0.268,-0.169,0.041,-0.007,0.009,-0.004,-110.400,-220.100,403.640,179.470,-2.580,-117.430,1,-0.0093,-0.0082,0.0615,0
6457046,-0.308,-0.146,0.003,-0.006,0.010,-0.002,-110.400,-220.100,403.640,179.470,-2.580,-117.430,1,-0.0093,-0.0082,0.0615,0
6457156,-0.300,-0.148,0.002,-0.006,0.010,-0.002,-110.400,-220.100,403.640,179.470,-2.580,-117.430,1,-0.0093,-0.0082,0.0615,0
6457265,-0.283,-0.170,0.018,-0.007,0.010,-0.003,-110.400,-220.100,403.640,179.470,-2.580,-117.430,1,-0.0093,-0.0082,0.0615,0
6457406,-0.289,-0.177,0.028,-0.007,0.010,-0.003,-110.400,-220.100,403.640,179.470,-2.580,-117.430,1,-0.0093,-0.0082,0.0615,0
6457453,-0.294,-0.169,0.035,-0.007,0.010,-0.002,-110.400,-220.100,403.640,179.470,-2.580,-117.430,1,-0.0093,-0.0082,0.0615,0
6457500,-0.284,-0.161,0.024,-0.006,0.010,-0.002,-110.400,-220.100,403.640,179.470,-2.580,-117.430,1,-0.0093,-0.0082,0.0615,0
6457578,-0.279,-0.163,0.015,-0.007,0.010,-0.003,-110.400,-220.100,403.640,179.470,-2.580,-117.430,1,-0.0093,-0.0082,0.0615,0
6457718,-0.285,-0.156,0.021,-0.006,0.010,-0.002,-110.400,-220.100,403.640,179.470,-2.580,-117.430,1,-0.0093,-0.0082,0.0615,0
6457812,-0.289,-0.159,0.019,-0.006,0.010,-0.002,-110.400,-220.100,403.640,179.470,-2.580,-117.430,1,-0.0093,-0.0082,0.0615,0
6457921,-0.264,-0.160,0.009,-0.007,0.009,-0.003,-110.400,-220.100,403.640,179.470,-2.580,-117.430,1,-0.0093,-0.0082,0.0615,0
6458000,-0.307,-0.166,0.024,-0.006,0.010,-0.003,-110.400,-220.100,403.640,179.470,-2.580,-117.430,1,-0.0093,-0.0082,0.0615,0
6458093,-0.308,-0.172,0.022,-0.007,0.011,-0.003,-110.400,-220.100,403.640,179.470,-2.580,-117.430,1,-0.0093,-0.0082,0.0615,0
6458171,-0.300,-0.168,0.032,-0.007,0.010,-0.003,-110.400,-220.100,403.640,179.470,-2.580,-117.430,1,-0.0093,-0.0082,0.0615,0
6458250,-0.261,-0.164,0.043,-0.007,0.009,-0.004,-110.400,-220.100,403.640,179.470,-2.580,-117.430,1,-0.0093,-0.0082,0.0615,0
6458359,-0.295,-0.138,0.019,-0.006,0.009,-0.002,-110.400,-220.100,403.640,179.470,-2.580,-117.430,1,-0.0093,-0.0082,0.0615,0
6458453,-0.289,-0.154,0.013,-0.007,0.010,-0.003,-110.400,-220.100,403.640,179.470,-2.580,-117.430,1,-0.0093,-0.0082,0.0615,0
6458593,-0.285,-0.163,0.011,-0.007,0.010,-0.004,-110.400,-220.100,403.640,179.470,-2.580,-117.430,1,-0.0093,-0.0082,0.0615,0
6458640,-0.295,-0.153,0.010,-0.007,0.010,-0.003,-110.400,-220.100,403.640,179.470,-2.580,-117.430,1,-0.0093,-0.0082,0.0615,0
6458687,-0.306,-0.160,0.011,-0.007,0.010,-0.003,-110.400,-220.100,403.640,179.470,-2.580,-117.430,1,-0.0093,-0.0082,0.0615,0
6458765,-0.301,-0.165,0.046,-0.007,0.010,-0.004,-110.400,-220.100,403.640,179.470,-2.580,-117.430,1,-0.0093,-0.0082,0.0615,0
6458906,-0.317,-0.155,0.034,-0.007,0.010,-0.003,-110.400,-220.100,403.640,179.470,-2.580,-117.430,1,-0.0093,-0.0082,0.0615,0
6459000,-0.284,-0.153,0.032,-0.007,0.010,-0.003,-110.400,-220.100,403.640,179.470,-2.580,-117.430,1,-0.0093,-0.0082,0.0615,0
6459109,-0.269,-0.161,0.022,-0.007,0.009,-0.003,-110.400,-220.100,403.640,179.470,-2.580,-117.430,1,-0.0093,-0.0082,0.0615,0
6459187,-0.279,-0.157,-0.003,-0.006,0.010,-0.001,-110.400,-220.100,403.640,179.470,-2.580,-117.430,1,-0.0093,-0.0082,0.0615,0
6459281,-0.283,-0.171,0.034,-0.007,0.010,-0.004,-110.400,-220.100,403.640,179.470,-2.580,-117.430,1,-0.0093,-0.0082,0.0615,0
6459359,-0.282,-0.166,0.032,-0.007,0.009,-0.004,-110.400,-220.100,403.640,179.470,-2.580,-117.430,1,-0.0093,-0.0082,0.0615,0
6459437,-0.278,-0.168,0.019,-0.008,0.009,-0.003,-110.400,-220.100,403.640,179.470,-2.580,-117.430,1,-0.0093,-0.0082,0.0615,0
6459546,-0.271,-0.160,0.001,-0.007,0.009,-0.003,-110.400,-220.100,403.640,179.470,-2.580,-117.430,1,-0.0093,-0.0082,0.0615,0
6459656,-0.285,-0.162,0.009,-0.007,0.010,-0.003,-110.400,-220.100,403.640,179.470,-2.580,-117.430,1,-0.0093,-0.0082,0.0615,0
6459796,-0.275,-0.170,0.014,-0.007,0.010,-0.003,-110.400,-220.100,403.640,179.470,-2.580,-117.430,1,-0.0093,-0.0082,0.0615,0
6459843,-0.277,-0.160,0.002,-0.007,0.009,-0.003,-110.400,-220.100,403.640,179.470,-2.580,-117.430,1,-0.0093,-0.0082,0.0615,0
6459890,-0.269,-0.162,-0.001,-0.008,0.009,-0.004,-110.400,-220.100,403.640,179.470,-2.580,-117.430,1,-0.0093,-0.0082,0.0615,0
6459968,-0.269,-0.162,0.014,-0.008,0.009,-0.004,-110.400,-220.100,403.640,179.470,-2.580,-117.430,1,-0.0093,-0.0082,0.0615,0
6460109,-0.256,-0.171,0.040,-0.007,0.009,-0.005,-110.400,-220.100,403.640,179.470,-2.580,-117.430,1,-0.0093,-0.0082,0.0615,0
6460203,-0.273,-0.156,-0.012,-0.007,0.009,-0.003,-110.400,-220.100,403.640,179.470,-2.580,-117.430,1,-0.0093,-0.0082,0.0615,0
6460312,-0.274,-0.159,0.020,-0.007,0.009,-0.003,-110.400,-220.100,403.640,179.470,-2.580,-117.430,1,-0.0093,-0.0082,0.0615,0
6460390,-0.262,-0.159,0.036,-0.007,0.009,-0.004,-110.400,-220.100,403.640,179.470,-2.580,-117.430,1,-0.0093,-0.0082,0.0615,0
6460484,-0.275,-0.140,-0.027,-0.007,0.009,-0.002,-110.400,-220.100,403.640,179.470,-2.580,-117.430,1,-0.0093,-0.0082,0.0615,0
6460562,-0.284,-0.161,-0.017,-0.007,0.010,-0.002,-110.400,-220.100,403.640,179.470,-2.580,-117.430,1,-0.0093,-0.0082,0.0615,0
6460640,-0.263,-0.176,-0.006,-0.008,0.010,-0.003,-110.400,-220.100,403.640,179.470,-2.580,-117.430,1,-0.0093,-0.0082,0.0615,0
6460750,-0.266,-0.165,0.028,-0.007,0.009,-0.004,-110.400,-220.100,403.640,179.470,-2.580,-117.430,1,-0.0093,-0.0082,0.0615,0
6460859,-0.265,-0.163,-0.014,-0.007,0.009,-0.003,-110.400,-220.100,403.640,179.470,-2.580,-117.430,1,-0.0093,-0.0082,0.0615,0
6461000,-0.250,-0.178,0.036,-0.008,0.009,-0.005,-110.400,-220.100,403.640,179.470,-2.580,-117.430,1,-0.0093,-0.0082,0.0615,0
6461046,-0.249,-0.168,0.001,-0.007,0.009,-0.004,-110.400,-220.100,403.640,179.470,-2.580,-117.430,1,-0.0093,-0.0082,0.0615,0
6461093,-0.252,-0.170,-0.010,-0.007,0.009,-0.003,-110.400,-220.100,403.640,179.470,-2.580,-117.430,1,-0.0093,-0.0082,0.0615,0
6461171,-0.256,-0.156,0.024,-0.007,0.009,-0.004,-110.400,-220.100,403.640,179.470,-2.580,-117.430,1,-0.0093,-0.0082,0.0615,0
6461312,-0.265,-0.137,-0.013,-0.007,0.009,-0.002,-110.400,-220.100,403.640,179.470,-2.580,-117.430,1,-0.0093,-0.0082,0.0615,0
6461406,-0.259,-0.165,0.044,-0.007,0.009,-0.005,-110.400,-220.100,403.640,179.470,-2.580,-117.430,1,-0.0093,-0.0082,0.0615,0
6461453,-0.263,-0.162,0.024,-0.007,0.009,-0.004,-110.400,-220.100,403.640,179.470,-2.580,-117.430,1,-0.0093,-0.0082,0.0615,0
6461531,-0.259,-0.162,0.036,-0.007,0.009,-0.005,-110.400,-220.100,403.640,179.470,-2.580,-117.430,1,-0.0093,-0.0082,0.0615,0
6461609,-0.271,-0.155,-0.018,-0.007,0.009,-0.003,-110.400,-220.100,403.640,179.470,-2.580,-117.430,1,-0.0093,-0.0082,0.0615,0
6461703,-0.271,-0.159,0.005,-0.007,0.009,-0.003,-110.400,-220.100,403.640,179.470,-2.580,-117.430,1,-0.0093,-0.0082,0.0615,0
6461781,-0.261,-0.156,0.027,-0.007,0.009,-0.004,-110.400,-220.100,403.640,179.470,-2.580,-117.430,1,-0.0093,-0.0082,0.0615,0
6461843,-0.263,-0.142,-0.013,-0.007,0.009,-0.002,-110.400,-220.100,403.640,179.470,-2.580,-117.430,1,-0.0093,-0.0082,0.0615,0
6461953,-0.248,-0.151,0.019,-0.007,0.009,-0.004,-110.400,-220.100,403.640,179.470,-2.580,-117.430,1,-0.0093,-0.0082,0.0615,0
6462078,-0.255,-0.145,0.001,-0.006,0.009,-0.002,-110.400,-220.100,403.640,179.470,-2.580,-117.430,1,-0.0093,-0.0082,0.0615,0
6462218,-0.269,-0.161,-0.016,-0.007,0.009,-0.003,-110.400,-220.100,403.640,179.470,-2.580,-117.430,1,-0.0093,-0.0082,0.0615,0
6462265,-0.249,-0.165,0.033,-0.008,0.009,-0.005,-110.400,-220.100,403.640,179.470,-2.580,-117.430,1,-0.0093,-0.0082,0.0615,0
6462312,-0.275,-0.146,-0.012,-0.007,0.009,-0.002,-110.400,-220.100,403.640,179.470,-2.580,-117.430,1,-0.0093,-0.0082,0.0615,0
6462390,-0.267,-0.150,0.002,-0.006,0.009,-0.002,-110.400,-220.100,403.640,179.470,-2.580,-117.430,1,-0.0093,-0.0082,0.0615,0
6462531,-0.251,-0.167,0.024,-0.007,0.009,-0.004,-110.400,-220.100,403.640,179.470,-2.580,-117.430,1,-0.0093,-0.0082,0.0615,0
6462625,-0.255,-0.156,-0.007,-0.007,0.009,-0.003,-110.400,-220.100,403.640,179.470,-2.580,-117.430,1,-0.0093,-0.0082,0.0615,0
6462734,-0.268,-0.152,0.006,-0.007,0.009,-0.002,-110.400,-220.100,403.640,179.470,-2.580,-117.430,1,-0.0093,-0.0082,0.0615,0
6462812,-0.268,-0.153,0.003,-0.007,0.009,-0.002,-110.400,-220.100,403.640,179.470,-2.580,-117.430,1,-0.0093,-0.0082,0.0615,0
6462906,-0.258,-0.163,0.021,-0.007,0.009,-0.003,-110.400,-220.100,403.640,179.470,-2.580,-117.430,1,-0.0093,-0.0082,0.0615,0
6462984,-0.265,-0.164,0.022,-0.007,0.009,-0.003,-110.400,-220.100,403.640,179.470,-2.580,-117.430,1,-0.0093,-0.0082,0.0615,0
6463062,-0.271,-0.151,-0.009,-0.006,0.009,-0.002,-110.400,-220.100,403.640,179.470,-2.580,-117.430,1,-0.0093,-0.0082,0.0615,0
6463171,-0.265,-0.145,-0.003,-0.006,0.009,-0.003,-110.400,-220.100,403.640,179.470,-2.580,-117.430,1,-0.0093,-0.0082,0.0615,0
6463281,-0.263,-0.149,0.011,-0.006,0.009,-0.003,-110.400,-220.100,403.640,179.470,-2.580,-117.430,1,-0.0093,-0.0082,0.0615,0
6463421,-0.279,-0.151,0.003,-0.006,0.010,-0.001,-110.400,-220.100,403.640,179.470,-2.580,-117.430,1,-0.0093,-0.0082,0.0615,0
6463468,-0.280,-0.150,0.008,-0.007,0.010,-0.001,-110.400,-220.100,403.640,179.470,-2.580,-117.430,1,-0.0093,-0.0082,0.0615,0
6463515,-0.277,-0.154,-0.013,-0.007,0.010,-0.002,-110.400,-220.100,403.640,179.470,-2.580,-117.430,1,-0.0093,-0.0082,0.0615,0
6463593,-0.254,-0.155,-0.001,-0.007,0.009,-0.003,-110.400,-220.100,403.640,179.470,-2.580,-117.430,1,-0.0093,-0.0082,0.0615,0
6463734,-0.280,-0.142,-0.011,-0.006,0.009,-0.001,-110.400,-220.100,403.640,179.470,-2.580,-117.430,1,-0.0093,-0.0082,0.0615,0
6463828,-0.279,-0.139,0.018,-0.006,0.009,-0.002,-110.400,-220.100,403.640,179.470,-2.580,-117.430,1,-0.0093,-0.0082,0.0615,0
6463937,-0.253,-0.158,0.026,-0.007,0.008,-0.004,-110.400,-220.100,403.640,179.470,-2.580,-117.430,1,-0.0093,-0.0082,0.0615,0
6464015,-0.258,-0.154,0.019,-0.007,0.009,-0.003,-110.400,-220.100,403.640,179.470,-2.580,-117.430,1,-0.0093,-0.0082,0.0615,0
6464109,-0.272,-0.155,0.018,-0.006,0.010,-0.003,-110.400,-220.100,403.640,179.470,-2.580,-117.430,1,-0.0093,-0.0082,0.0615,0
6464187,-0.276,-0.157,0.021,-0.006,0.009,-0.002,-110.400,-220.100,403.640,179.470,-2.580,-117.430,1,-0.0093,-0.0082,0.0615,0
6464265,-0.293,-0.158,-0.004,-0.007,0.009,-0.002,-110.400,-220.100,403.640,179.470,-2.580,-117.430,1,-0.0093,-0.0082,0.0615,0
6464375,-0.284,-0.166,0.019,-0.007,0.009,-0.003,-110.400,-220.100,403.640,179.470,-2.580,-117.430,1,-0.0093,-0.0082,0.0615,0
6464484,-0.278,-0.130,0.035,-0.006,0.010,-0.003,-110.400,-220.100,403.640,179.470,-2.580,-117.430,1,-0.0093,-0.0082,0.0615,0
6464625,-0.282,-0.133,-0.000,-0.006,0.010,-0.002,-110.400,-220.100,403.640,179.470,-2.580,-117.430,1,-0.0093,-0.0082,0.0615,0
6464671,-0.275,-0.149,0.004,-0.007,0.009,-0.003,-110.400,-220.100,403.640,179.470,-2.580,-117.430,1,-0.0093,-0.0082,0.0615,0
6464718,-0.278,-0.153,0.016,-0.007,0.009,-0.003,-110.400,-220.100,403.640,179.470,-2.580,-117.430,1,-0.0093,-0.0082,0.0615,0
6464796,-0.285,-0.139,0.048,-0.006,0.010,-0.003,-110.400,-220.100,403.640,179.470,-2.580,-117.430,1,-0.0093,-0.0082,0.0615,0
6464937,-0.253,-0.157,0.026,-0.007,0.009,-0.004,-110.400,-220.100,403.640,179.470,-2.580,-117.430,1,-0.0093,-0.0082,0.0615,0
6465031,-0.277,-0.169,0.012,-0.007,0.009,-0.003,-110.400,-220.100,403.640,179.470,-2.580,-117.430,1,-0.0093,-0.0082,0.0615,0
6465140,-0.277,-0.165,0.016,-0.006,0.010,-0.003,-110.400,-220.100,403.640,179.470,-2.580,-117.430,1,-0.0093,-0.0082,0.0615,0
6465218,-0.267,-0.154,0.010,-0.007,0.009,-0.002,-110.400,-220.100,403.640,179.470,-2.580,-117.430,1,-0.0093,-0.0082,0.0615,0
6465312,-0.270,-0.160,0.031,-0.007,0.009,-0.003,-110.400,-220.100,403.640,179.470,-2.580,-117.430,1,-0.0093,-0.0082,0.0615,0
6465390,-0.258,-0.161,0.083,-0.007,0.009,-0.004,-110.400,-220.100,403.640,179.470,-2.580,-117.430,1,-0.0093,-0.0082,0.0615,0
6465468,-0.268,-0.163,0.025,-0.007,0.009,-0.003,-110.400,-220.100,403.640,179.470,-2.580,-117.430,1,-0.0093,-0.0082,0.0615,0
6465578,-0.260,-0.162,0.016,-0.008,0.009,-0.004,-110.400,-220.100,403.640,179.470,-2.580,-117.430,1,-0.0093,-0.0082,0.0615,0
6465687,-0.288,-0.166,0.024,-0.006,0.009,-0.003,-110.400,-220.100,403.640,179.470,-2.580,-117.430,1,-0.0093,-0.0082,0.0615,0
6465828,-0.284,-0.160,0.002,-0.007,0.009,-0.002,-110.400,-220.100,403.640,179.470,-2.580,-117.430,1,-0.0093,-0.0082,0.0615,0
6465875,-0.276,-0.157,-0.002,-0.007,0.009,-0.003,-110.400,-220.100,403.640,179.470,-2.580,-117.430,1,-0.0093,-0.0082,0.0615,0
6465921,-0.274,-0.154,-0.011,-0.007,0.009,-0.003,-110.400,-220.100,403.640,179.470,-2.580,-117.430,1,-0.0093,-0.0082,0.0615,0
6466000,-0.274,-0.145,0.052,-0.007,0.009,-0.004,-110.400,-220.100,403.640,179.470,-2.580,-117.430,1,-0.0093,-0.0082,0.0615,0
6466140,-0.262,-0.145,0.069,-0.006,0.010,-0.004,-110.400,-220.100,403.640,179.470,-2.580,-117.430,1,-0.0093,-0.0082,0.0615,0
6466234,-0.259,-0.163,-0.013,-0.007,0.009,-0.003,-110.400,-220.100,403.640,179.470,-2.580,-117.430,1,-0.0093,-0.0082,0.0615,0
6466343,-0.251,-0.177,0.043,-0.008,0.009,-0.005,-110.400,-220.100,403.640,179.470,-2.580,-117.430,1,-0.0093,-0.0082,0.0615,0
6466421,-0.273,-0.160,0.051,-0.007,0.009,-0.005,-110.400,-220.100,403.640,179.470,-2.580,-117.430,1,-0.0093,-0.0082,0.0615,0
6466515,-0.270,-0.155,-0.009,-0.007,0.009,-0.002,-110.400,-220.100,403.640,179.470,-2.580,-117.430,1,-0.0093,-0.0082,0.0615,0
6466593,-0.268,-0.152,0.006,-0.007,0.009,-0.003,-110.400,-220.100,403.640,179.470,-2.580,-117.430,1,-0.0093,-0.0082,0.0615,0
6466671,-0.246,-0.162,0.019,-0.007,0.009,-0.003,-110.400,-220.100,403.640,179.470,-2.580,-117.430,1,-0.0093,-0.0082,0.0615,0
6466781,-0.240,-0.176,0.069,-0.008,0.008,-0.006,-110.400,-220.100,403.640,179.470,-2.580,-117.430,1,-0.0093,-0.0082,0.0615,0
6466890,-0.261,-0.155,0.005,-0.007,0.009,-0.003,-110.400,-220.100,403.640,179.470,-2.580,-117.430,1,-0.0093,-0.0082,0.0615,0
6467046,-0.250,-0.168,0.022,-0.008,0.009,-0.005,-110.400,-220.100,403.640,179.470,-2.580,-117.430,1,-0.0093,-0.0082,0.0615,0
6467093,-0.251,-0.171,0.045,-0.007,0.009,-0.005,-110.400,-220.100,403.640,179.470,-2.580,-117.430,1,-0.0093,-0.0082,0.0615,0
6467140,-0.257,-0.162,0.041,-0.007,0.009,-0.004,-110.400,-220.100,403.640,179.470,-2.580,-117.430,1,-0.0093,-0.0082,0.0615,0
6467218,-0.263,-0.159,0.013,-0.007,0.009,-0.003,-110.400,-220.100,403.640,179.470,-2.580,-117.430,1,-0.0093,-0.0082,0.0615,0
6467359,-0.252,-0.143,0.010,-0.007,0.009,-0.003,-110.400,-220.100,403.640,179.470,-2.580,-117.430,1,-0.0093,-0.0082,0.0615,0
6467453,-0.254,-0.154,0.040,-0.007,0.009,-0.004,-110.400,-220.100,403.640,179.470,-2.580,-117.430,1,-0.0093,-0.0082,0.0615,0
6467562,-0.248,-0.162,0.035,-0.007,0.009,-0.005,-110.400,-220.100,403.640,179.470,-2.580,-117.430,1,-0.0093,-0.0082,0.0615,0
6467640,-0.264,-0.161,-0.032,-0.007,0.009,-0.003,-110.400,-220.100,403.640,179.470,-2.580,-117.430,1,-0.0093,-0.0082,0.0615,0
6467734,-0.266,-0.153,-0.003,-0.006,0.009,-0.002,-110.400,-220.100,403.640,179.470,-2.580,-117.430,1,-0.0093,-0.0082,0.0615,0
6467812,-0.248,-0.162,0.059,-0.007,0.009,-0.005,-110.400,-220.100,403.640,179.470,-2.580,-117.430,1,-0.0093,-0.0082,0.0615,0
6467890,-0.258,-0.160,-0.002,-0.007,0.009,-0.003,-110.400,-220.100,403.640,179.470,-2.580,-117.430,1,-0.0093,-0.0082,0.0615,0
6468000,-0.250,-0.161,0.016,-0.007,0.009,-0.003,-110.400,-220.100,403.640,179.470,-2.580,-117.430,1,-0.0093,-0.0082,0.0615,0
6468109,-0.250,-0.148,0.019,-0.006,0.009,-0.003,-110.400,-220.100,403.640,179.470,-2.580,-117.430,1,-0.0093,-0.0082,0.0615,0
6468250,-0.235,-0.147,0.009,-0.007,0.008,-0.003,-110.400,-220.100,403.640,179.470,-2.580,-117.430,1,-0.0093,-0.0082,0.0615,0
6468296,-0.242,-0.174,0.029,-0.007,0.008,-0.004,-110.400,-220.100,403.640,179.470,-2.580,-117.430,1,-0.0093,-0.0082,0.0615,0
6468343,-0.249,-0.183,0.017,-0.008,0.008,-0.004,-110.400,-220.100,403.640,179.470,-2.580,-117.430,1,-0.0093,-0.0082,0.0615,0
6468421,-0.259,-0.161,0.010,-0.007,0.009,-0.003,-110.400,-220.100,403.640,179.470,-2.580,-117.430,1,-0.0093,-0.0082,0.0615,0
6468562,-0.257,-0.159,-0.008,-0.006,0.009,-0.002,-110.400,-220.100,403.640,179.470,-2.580,-117.430,1,-0.0093,-0.0082,0.0615,0
6468656,-0.251,-0.164,0.031,-0.007,0.009,-0.004,-110.400,-220.100,403.640,179.470,-2.580,-117.430,1,-0.0093,-0.0082,0.0615,0
6468765,-0.241,-0.151,0.046,-0.007,0.008,-0.005,-110.400,-220.100,403.640,179.470,-2.580,-117.430,1,-0.0093,-0.0082,0.0615,0
6468843,-0.268,-0.140,-0.022,-0.006,0.009,-0.002,-110.400,-220.100,403.640,179.470,-2.580,-117.430,1,-0.0093,-0.0082,0.0615,0
6468937,-0.262,-0.134,-0.006,-0.006,0.009,-0.002,-110.400,-220.100,403.640,179.470,-2.580,-117.430,1,-0.0093,-0.0082,0.0615,0
6469015,-0.245,-0.147,0.023,-0.007,0.008,-0.004,-110.400,-220.100,403.640,179.470,-2.580,-117.430,1,-0.0093,-0.0082,0.0615,0
6469093,-0.252,-0.161,-0.010,-0.007,0.009,-0.004,-110.400,-220.100,403.640,179.470,-2.580,-117.430,1,-0.0093,-0.0082,0.0615,0
6469203,-0.257,-0.152,0.014,-0.007,0.009,-0.003,-110.400,-220.100,403.640,179.470,-2.580,-117.430,1,-0.0093,-0.0082,0.0615,0
6469312,-0.261,-0.156,0.005,-0.007,0.009,-0.003,-110.400,-220.100,403.640,179.470,-2.580,-117.430,1,-0.0093,-0.0082,0.0615,0
6469453,-0.250,-0.150,0.024,-0.007,0.009,-0.004,-110.400,-220.100,403.640,179.470,-2.580,-117.430,1,-0.0093,-0.0082,0.0615,0
6469500,-0.250,-0.154,0.040,-0.007,0.009,-0.004,-110.400,-220.100,403.640,179.470,-2.580,-117.430,1,-0.0093,-0.0082,0.0615,0
6469546,-0.250,-0.155,0.035,-0.007,0.009,-0.004,-110.400,-220.100,403.640,179.470,-2.580,-117.430,1,-0.0093,-0.0082,0.0615,0
6469625,-0.268,-0.146,-0.015,-0.006,0.009,-0.002,-110.400,-220.100,403.640,179.470,-2.580,-117.430,1,-0.0093,-0.0082,0.0615,0
6469765,-0.234,-0.145,-0.013,-0.006,0.009,-0.003,-110.400,-220.100,403.640,179.470,-2.580,-117.430,1,-0.0093,-0.0082,0.0615,0
6469859,-0.250,-0.153,0.033,-0.007,0.008,-0.003,-110.400,-220.100,403.640,179.470,-2.580,-117.430,1,-0.0093,-0.0082,0.0615,0
6469968,-0.271,-0.141,-0.016,-0.006,0.009,-0.001,-110.400,-220.100,403.640,179.470,-2.580,-117.430,1,-0.0093,-0.0082,0.0615,0
6470046,-0.279,-0.127,-0.040,-0.006,0.010,-0.001,-110.400,-220.100,403.640,179.470,-2.580,-117.430,1,-0.0093,-0.0082,0.0615,0
6470140,-0.252,-0.160,0.034,-0.007,0.009,-0.004,-110.400,-220.100,403.640,179.470,-2.580,-117.430,1,-0.0093,-0.0082,0.0615,0
6470218,-0.263,-0.153,0.044,-0.007,0.009,-0.004,-110.400,-220.100,403.640,179.470,-2.580,-117.430,1,-0.0093,-0.0082,0.0615,0
6470296,-0.286,-0.132,0.018,-0.006,0.009,-0.002,-110.400,-220.100,403.640,179.470,-2.580,-117.430,1,-0.0093,-0.0082,0.0615,0
6470406,-0.260,-0.146,0.023,-0.007,0.009,-0.003,-110.400,-220.100,403.640,179.470,-2.580,-117.430,1,-0.0093,-0.0082,0.0615,0
6470515,-0.268,-0.144,0.012,-0.007,0.009,-0.003,-110.400,-220.100,403.640,179.470,-2.580,-117.430,1,-0.0093,-0.0082,0.0615,0
6470656,-0.271,-0.156,0.016,-0.007,0.009,-0.003,-110.400,-220.100,403.640,179.470,-2.580,-117.430,1,-0.0093,-0.0082,0.0615,0
6470703,-0.274,-0.159,0.016,-0.007,0.009,-0.003,-110.400,-220.100,403.640,179.470,-2.580,-117.430,1,-0.0093,-0.0082,0.0615,0
6470750,-0.277,-0.145,0.007,-0.006,0.009,-0.001,-110.400,-220.100,403.640,179.470,-2.580,-117.430,1,-0.0093,-0.0082,0.0615,0
6470828,-0.264,-0.156,0.048,-0.007,0.009,-0.004,-110.400,-220.100,403.640,179.470,-2.580,-117.430,1,-0.0093,-0.0082,0.0615,0
6470968,-0.254,-0.160,0.024,-0.007,0.009,-0.003,-110.400,-220.100,403.640,179.470,-2.580,-117.430,1,-0.0093,-0.0082,0.0615,0
6471062,-0.270,-0.161,0.043,-0.007,0.009,-0.004,-110.400,-220.100,403.640,179.470,-2.580,-117.430,1,-0.0093,-0.0082,0.0615,0
6471171,-0.285,-0.157,0.024,-0.007,0.010,-0.002,-110.400,-220.100,403.640,179.470,-2.580,-117.430,1,-0.0093,-0.0082,0.0615,0
6471250,-0.267,-0.159,0.012,-0.007,0.009,-0.003,-110.400,-220.100,403.640,179.470,-2.580,-117.430,1,-0.0093,-0.0082,0.0615,0
6471343,-0.252,-0.150,-0.008,-0.007,0.009,-0.003,-110.400,-220.100,403.640,179.470,-2.580,-117.430,1,-0.0093,-0.0082,0.0615,0
6471421,-0.298,-0.153,0.005,-0.006,0.009,-0.002,-110.400,-220.100,403.640,179.470,-2.580,-117.430,1,-0.0093,-0.0082,0.0615,0
6471500,-0.274,-0.136,0.037,-0.005,0.009,-0.003,-110.400,-220.100,403.640,179.470,-2.580,-117.430,1,-0.0093,-0.0082,0.0615,0
6471609,-0.260,-0.163,0.008,-0.007,0.009,-0.003,-110.400,-220.100,403.640,179.470,-2.580,-117.430,1,-0.0093,-0.0082,0.0615,0
6471718,-0.267,-0.156,0.001,-0.007,0.009,-0.002,-110.400,-220.100,403.640,179.470,-2.580,-117.430,1,-0.0093,-0.0082,0.0615,0
6471859,-0.295,-0.143,0.043,-0.006,0.010,-0.002,-110.400,-220.100,403.640,179.470,-2.580,-117.430,1,-0.0093,-0.0082,0.0615,0
6471906,-0.279,-0.149,0.032,-0.007,0.009,-0.003,-110.400,-220.100,403.640,179.470,-2.580,-117.430,1,-0.0093,-0.0082,0.0615,0
6471953,-0.277,-0.153,-0.011,-0.007,0.010,-0.002,-110.400,-220.100,403.640,179.470,-2.580,-117.430,1,-0.0093,-0.0082,0.0615,0
6472031,-0.265,-0.163,0.021,-0.007,0.009,-0.003,-110.400,-220.100,403.640,179.470,-2.580,-117.430,1,-0.0093,-0.0082,0.0615,0
6472171,-0.309,-0.158,0.021,-0.006,0.010,-0.003,-110.400,-220.100,403.640,179.470,-2.580,-117.430,1,-0.0093,-0.0082,0.0615,0
6472265,-0.289,-0.140,0.029,-0.006,0.010,-0.003,-110.400,-220.100,403.640,179.470,-2.580,-117.430,1,-0.0093,-0.0082,0.0615,0
6472375,-0.270,-0.156,0.036,-0.007,0.009,-0.003,-110.400,-220.100,403.640,179.470,-2.580,-117.430,1,-0.0093,-0.0082,0.0615,0
6472453,-0.269,-0.165,0.055,-0.007,0.009,-0.003,-110.400,-220.100,403.640,179.470,-2.580,-117.430,1,-0.0093,-0.0082,0.0615,0
6472546,-0.280,-0.168,0.013,-0.007,0.009,-0.003,-110.400,-220.100,403.640,179.470,-2.580,-117.430,1,-0.0093,-0.0082,0.0615,0
6472625,-0.273,-0.168,0.013,-0.007,0.009,-0.003,-110.400,-220.100,403.640,179.470,-2.580,-117.430,1,-0.0093,-0.0082,0.0615,0
6472703,-0.275,-0.157,-0.020,-0.007,0.009,-0.002,-110.400,-220.100,403.640,179.470,-2.580,-117.430,1,-0.0093,-0.0082,0.0615,0
6472812,-0.289,-0.180,0.030,-0.007,0.009,-0.003,-110.400,-220.100,403.640,179.470,-2.580,-117.430,1,-0.0093,-0.0082,0.0615,0
6472921,-0.296,-0.181,0.026,-0.008,0.009,-0.003,-110.400,-220.100,403.640,179.470,-2.580,-117.430,1,-0.0093,-0.0082,0.0615,0
6473062,-0.281,-0.139,0.020,-0.006,0.010,-0.003,-110.400,-220.100,403.640,179.470,-2.580,-117.430,1,-0.0093,-0.0082,0.0615,0
6473109,-0.276,-0.135,0.044,-0.006,0.010,-0.003,-110.400,-220.100,403.640,179.470,-2.580,-117.430,1,-0.0093,-0.0082,0.0615,0
6473156,-0.278,-0.140,0.019,-0.006,0.010,-0.002,-110.400,-220.100,403.640,179.470,-2.580,-117.430,1,-0.0093,-0.0082,0.0615,0
6473234,-0.270,-0.160,0.047,-0.007,0.009,-0.004,-110.400,-220.100,403.640,179.470,-2.580,-117.430,1,-0.0093,-0.0082,0.0615,0
6473375,-0.272,-0.162,-0.008,-0.007,0.009,-0.003,-110.400,-220.100,403.640,179.470,-2.580,-117.430,1,-0.0093,-0.0082,0.0615,0
6473468,-0.273,-0.168,0.014,-0.007,0.009,-0.004,-110.400,-220.100,403.640,179.470,-2.580,-117.430,1,-0.0093,-0.0082,0.0615,0
6473578,-0.285,-0.156,0.011,-0.007,0.009,-0.002,-110.400,-220.100,403.640,179.470,-2.580,-117.430,1,-0.0093,-0.0082,0.0615,0
6473656,-0.284,-0.164,0.004,-0.007,0.010,-0.003,-110.400,-220.100,403.640,179.470,-2.580,-117.430,1,-0.0093,-0.0082,0.0615,0
6473750,-0.265,-0.161,-0.001,-0.008,0.009,-0.003,-110.400,-220.100,403.640,179.470,-2.580,-117.430,1,-0.0093,-0.0082,0.0615,0
6473828,-0.274,-0.150,0.017,-0.007,0.009,-0.003,-110.400,-220.100,403.640,179.470,-2.580,-117.430,1,-0.0093,-0.0082,0.0615,0
6473906,-0.269,-0.161,0.022,-0.007,0.009,-0.003,-110.400,-220.100,403.640,179.470,-2.580,-117.430,1,-0.0093,-0.0082,0.0615,0
6474015,-0.261,-0.160,0.034,-0.007,0.009,-0.004,-110.400,-220.100,403.640,179.470,-2.580,-117.430,1,-0.0093,-0.0082,0.0615,0
6474125,-0.273,-0.159,0.018,-0.007,0.009,-0.003,-110.400,-220.100,403.640,179.470,-2.580,-117.430,1,-0.0093,-0.0082,0.0615,0
6474265,-0.272,-0.160,0.007,-0.007,0.009,-0.003,-110.400,-220.100,403.640,179.470,-2.580,-117.430,1,-0.0093,-0.0082,0.0615,0
6474312,-0.268,-0.172,0.016,-0.007,0.009,-0.004,-110.400,-220.100,403.640,179.470,-2.580,-117.430,1,-0.0093,-0.0082,0.0615,0
6474359,-0.265,-0.155,0.012,-0.007,0.009,-0.003,-110.400,-220.100,403.640,179.470,-2.580,-117.430,1,-0.0093,-0.0082,0.0615,0
6474437,-0.276,-0.175,0.067,-0.007,0.009,-0.004,-110.400,-220.100,403.640,179.470,-2.580,-117.430,1,-0.0093,-0.0082,0.0615,0
6474578,-0.273,-0.154,-0.003,-0.007,0.009,-0.002,-110.400,-220.100,403.640,179.470,-2.580,-117.430,1,-0.0093,-0.0082,0.0615,0
6474671,-0.262,-0.149,-0.002,-0.007,0.009,-0.004,-110.400,-220.100,403.640,179.470,-2.580,-117.430,1,-0.0093,-0.0082,0.0615,0
6474781,-0.261,-0.147,0.055,-0.007,0.009,-0.004,-110.400,-220.100,403.640,179.470,-2.580,-117.430,1,-0.0093,-0.0082,0.0615,0
6474859,-0.263,-0.157,0.035,-0.007,0.009,-0.004,-110.400,-220.100,403.640,179.470,-2.580,-117.430,1,-0.0093,-0.0082,0.0615,0
6474953,-0.266,-0.147,0.004,-0.007,0.009,-0.003,-110.400,-220.100,403.640,179.470,-2.580,-117.430,1,-0.0093,-0.0082,0.0615,0
6475031,-0.275,-0.155,0.050,-0.007,0.009,-0.004,-110.400,-220.100,403.640,179.470,-2.580,-117.430,1,-0.0093,-0.0082,0.0615,0
6475109,-0.271,-0.150,0.025,-0.007,0.009,-0.004,-110.400,-220.100,403.640,179.470,-2.580,-117.430,1,-0.0093,-0.0082,0.0615,0
6475218,-0.256,-0.144,0.004,-0.007,0.009,-0.003,-110.400,-220.100,403.640,179.470,-2.580,-117.430,1,-0.0093,-0.0082,0.0615,0
6475328,-0.259,-0.135,0.000,-0.007,0.009,-0.003,-110.400,-220.100,403.640,179.470,-2.580,-117.430,1,-0.0093,-0.0082,0.0615,0
6475468,-0.263,-0.150,-0.011,-0.007,0.009,-0.003,-110.400,-220.100,403.640,179.470,-2.580,-117.430,1,-0.0093,-0.0082,0.0615,0
6475515,-0.260,-0.148,0.019,-0.007,0.009,-0.004,-110.400,-220.100,403.640,179.470,-2.580,-117.430,1,-0.0093,-0.0082,0.0615,0
6475562,-0.262,-0.150,0.004,-0.007,0.009,-0.003,-110.400,-220.100,403.640,179.470,-2.580,-117.430,1,-0.0093,-0.0082,0.0615,0
6475640,-0.271,-0.147,0.037,-0.006,0.009,-0.003,-110.400,-220.100,403.640,179.470,-2.580,-117.430,1,-0.0093,-0.0082,0.0615,0
6475781,-0.256,-0.157,0.044,-0.007,0.009,-0.005,-110.400,-220.100,403.640,179.470,-2.580,-117.430,1,-0.0093,-0.0082,0.0615,0
6475875,-0.261,-0.144,-0.005,-0.007,0.009,-0.002,-110.400,-220.100,403.640,179.470,-2.580,-117.430,1,-0.0093,-0.0082,0.0615,0
6475984,-0.256,-0.132,-0.006,-0.006,0.009,-0.003,-110.400,-220.100,403.640,179.470,-2.580,-117.430,1,-0.0093,-0.0082,0.0615,0
6476062,-0.255,-0.136,0.018,-0.007,0.009,-0.003,-110.400,-220.100,403.640,179.470,-2.580,-117.430,1,-0.0093,-0.0082,0.0615,0
6476156,-0.248,-0.155,0.067,-0.007,0.009,-0.006,-110.400,-220.100,403.640,179.470,-2.580,-117.430,1,-0.0093,-0.0082,0.0615,0
6476234,-0.263,-0.147,0.009,-0.007,0.009,-0.004,-110.400,-220.100,403.640,179.470,-2.580,-117.430,1,-0.0093,-0.0082,0.0615,0
6476312,-0.269,-0.150,0.003,-0.007,0.009,-0.003,-110.400,-220.100,403.640,179.470,-2.580,-117.430,1,-0.0093,-0.0082,0.0615,0
6476421,-0.260,-0.154,0.051,-0.008,0.009,-0.005,-110.400,-220.100,403.640,179.470,-2.580,-117.430,1,-0.0093,-0.0082,0.0615,0
6476531,-0.254,-0.152,0.030,-0.007,0.009,-0.004,-110.400,-220.100,403.640,179.470,-2.580,-117.430,1,-0.0093,-0.0082,0.0615,0
6476671,-0.256,-0.141,-0.023,-0.006,0.009,-0.002,-110.400,-220.100,403.640,179.470,-2.580,-117.430,1,-0.0093,-0.0082,0.0615,0
6476718,-0.249,-0.141,-0.008,-0.006,0.009,-0.003,-110.400,-220.100,403.640,179.470,-2.580,-117.430,1,-0.0093,-0.0082,0.0615,0
6476765,-0.236,-0.149,0.041,-0.007,0.009,-0.005,-110.400,-220.100,403.640,179.470,-2.580,-117.430,1,-0.0093,-0.0082,0.0615,0
6476843,-0.237,-0.142,0.026,-0.007,0.008,-0.005,-110.400,-220.100,403.640,179.470,-2.580,-117.430,1,-0.0093,-0.0082,0.0615,0
6476984,-0.271,-0.149,-0.027,-0.007,0.009,-0.002,-110.400,-220.100,403.640,179.470,-2.580,-117.430,1,-0.0093,-0.0082,0.0615,0
6477078,-0.256,-0.163,0.017,-0.008,0.009,-0.004,-110.400,-220.100,403.640,179.470,-2.580,-117.430,1,-0.0093,-0.0082,0.0615,0
6477187,-0.254,-0.162,0.043,-0.007,0.009,-0.005,-110.400,-220.100,403.640,179.470,-2.580,-117.430,1,-0.0093,-0.0082,0.0615,0
6477265,-0.261,-0.144,-0.036,-0.006,0.009,-0.001,-110.400,-220.100,403.640,179.470,-2.580,-117.430,1,-0.0093,-0.0082,0.0615,0
6477359,-0.252,-0.152,0.002,-0.006,0.008,-0.002,-110.400,-220.100,403.640,179.470,-2.580,-117.430,1,-0.0093,-0.0082,0.0615,0
6477437,-0.246,-0.153,0.022,-0.007,0.009,-0.004,-110.400,-220.100,403.640,179.470,-2.580,-117.430,1,-0.0093,-0.0082,0.0615,0
6477515,-0.255,-0.157,0.029,-0.007,0.009,-0.004,-110.400,-220.100,403.640,179.470,-2.580,-117.430,1,-0.0093,-0.0082,0.0615,0
6477625,-0.263,-0.142,-0.014,-0.006,0.009,-0.002,-110.400,-220.100,403.640,179.470,-2.580,-117.430,1,-0.0093,-0.0082,0.0615,0
6477734,-0.254,-0.156,-0.006,-0.007,0.009,-0.003,-110.400,-220.100,403.640,179.470,-2.580,-117.430,1,-0.0093,-0.0082,0.0615,0
6477875,-0.259,-0.153,0.026,-0.007,0.009,-0.004,-110.400,-220.100,403.640,179.470,-2.580,-117.430,1,-0.0093,-0.0082,0.0615,0
6477921,-0.267,-0.143,-0.011,-0.007,0.009,-0.003,-110.400,-220.100,403.640,179.470,-2.580,-117.430,1,-0.0093,-0.0082,0.0615,0
6477968,-0.271,-0.135,-0.022,-0.007,0.009,-0.002,-110.400,-220.100,403.640,179.470,-2.580,-117.430,1,-0.0093,-0.0082,0.0615,0
6478046,-0.274,-0.136,-0.015,-0.006,0.009,-0.002,-110.400,-220.100,403.640,179.470,-2.580,-117.430,1,-0.0093,-0.0082,0.0615,0
6478187,-0.261,-0.132,-0.015,-0.006,0.009,-0.002,-110.400,-220.100,403.640,179.470,-2.580,-117.430,1,-0.0093,-0.0082,0.0615,0
6478281,-0.258,-0.135,-0.028,-0.006,0.009,-0.002,-110.400,-220.100,403.640,179.470,-2.580,-117.430,1,-0.0093,-0.0082,0.0615,0
6478390,-0.252,-0.146,0.031,-0.007,0.009,-0.004,-110.400,-220.100,403.640,179.470,-2.580,-117.430,1,-0.0093,-0.0082,0.0615,0
6478468,-0.250,-0.158,0.020,-0.008,0.008,-0.004,-110.400,-220.100,403.640,179.470,-2.580,-117.430,1,-0.0093,-0.0082,0.0615,0
6478562,-0.270,-0.158,0.013,-0.007,0.009,-0.003,-110.400,-220.100,403.640,179.470,-2.580,-117.430,1,-0.0093,-0.0082,0.0615,0
6478640,-0.266,-0.156,0.015,-0.007,0.009,-0.003,-110.400,-220.100,403.640,179.470,-2.580,-117.430,1,-0.0093,-0.0082,0.0615,0
6478718,-0.254,-0.151,0.037,-0.007,0.009,-0.004,-110.400,-220.100,403.640,179.470,-2.580,-117.430,1,-0.0093,-0.0082,0.0615,0
6478828,-0.263,-0.148,-0.024,-0.006,0.009,-0.002,-110.400,-220.100,403.640,179.470,-2.580,-117.430,1,-0.0093,-0.0082,0.0615,0
6478937,-0.251,-0.145,0.006,-0.007,0.008,-0.003,-110.400,-220.100,403.640,179.470,-2.580,-117.430,1,-0.0093,-0.0082,0.0615,0
6479078,-0.268,-0.140,-0.006,-0.006,0.009,-0.002,-110.400,-220.100,403.640,179.470,-2.580,-117.430,1,-0.0093,-0.0082,0.0615,0
6479125,-0.262,-0.136,-0.028,-0.006,0.009,-0.001,-110.400,-220.100,403.640,179.470,-2.580,-117.430,1,-0.0093,-0.0082,0.0615,0
6479171,-0.265,-0.139,-0.020,-0.006,0.009,-0.002,-110.400,-220.100,403.640,179.470,-2.580,-117.430,1,-0.0093,-0.0082,0.0615,0
6479250,-0.253,-0.133,0.002,-0.006,0.009,-0.002,-110.400,-220.100,403.640,179.470,-2.580,-117.430,1,-0.0093,-0.0082,0.0615,0
6479390,-0.255,-0.164,0.028,-0.007,0.009,-0.004,-110.400,-220.100,403.640,179.470,-2.580,-117.430,1,-0.0093,-0.0082,0.0615,0
6479484,-0.261,-0.160,0.030,-0.007,0.009,-0.003,-110.400,-220.100,403.640,179.470,-2.580,-117.430,1,-0.0093,-0.0082,0.0615,0
6479593,-0.275,-0.139,-0.025,-0.006,0.009,-0.002,-110.400,-220.100,403.640,179.470,-2.580,-117.430,1,-0.0093,-0.0082,0.0615,0
6479671,-0.257,-0.133,-0.007,-0.006,0.009,-0.003,-110.400,-220.100,403.640,179.470,-2.580,-117.430,1,-0.0093,-0.0082,0.0615,0
6479765,-0.256,-0.145,0.022,-0.007,0.009,-0.004,-110.400,-220.100,403.640,179.470,-2.580,-117.430,1,-0.0093,-0.0082,0.0615,0
6479843,-0.256,-0.134,0.001,-0.006,0.009,-0.003,-110.400,-220.100,403.640,179.470,-2.580,-117.430,1,-0.0093,-0.0082,0.0615,0
6479921,-0.259,-0.142,0.016,-0.006,0.009,-0.003,-110.400,-220.100,403.640,179.470,-2.580,-117.430,1,-0.0093,-0.0082,0.0615,0
6480031,-0.262,-0.149,0.045,-0.007,0.009,-0.004,-110.400,-220.100,403.640,179.470,-2.580,-117.430,1,-0.0093,-0.0082,0.0615,0
6480140,-0.272,-0.155,0.008,-0.007,0.009,-0.003,-110.400,-220.100,403.640,179.470,-2.580,-117.430,1,-0.0093,-0.0082,0.0615,0
6480281,-0.287,-0.139,0.012,-0.006,0.010,-0.002,-110.400,-220.100,403.640,179.470,-2.580,-117.430,1,-0.0093,-0.0082,0.0615,0
6480328,-0.277,-0.143,0.001,-0.006,0.009,-0.002,-110.400,-220.100,403.640,179.470,-2.580,-117.430,1,-0.0093,-0.0082,0.0615,0
6480375,-0.262,-0.156,0.034,-0.007,0.009,-0.005,-110.400,-220.100,403.640,179.470,-2.580,-117.430,1,-0.0093,-0.0082,0.0615,0
6480453,-0.274,-0.150,-0.022,-0.007,0.010,-0.003,-110.400,-220.100,403.640,179.470,-2.580,-117.430,1,-0.0093,-0.0082,0.0615,0
6480578,-0.258,-0.138,0.004,-0.007,0.009,-0.003,-110.400,-220.100,403.640,179.470,-2.580,-117.430,1,-0.0093,-0.0082,0.0615,0
6480687,-0.234,-0.152,0.053,-0.008,0.009,-0.005,-110.400,-220.100,403.640,179.470,-2.580,-117.430,1,-0.0093,-0.0082,0.0615,0
6480796,-0.262,-0.146,0.013,-0.006,0.009,-0.003,-110.400,-220.100,403.640,179.470,-2.580,-117.430,1,-0.0093,-0.0082,0.0615,0
6480875,-0.276,-0.158,-0.019,-0.007,0.009,-0.002,-110.400,-220.100,403.640,179.470,-2.580,-117.430,1,-0.0093,-0.0082,0.0615,0
6480968,-0.269,-0.155,-0.030,-0.007,0.009,-0.003,-110.400,-220.100,403.640,179.470,-2.580,-117.430,1,-0.0093,-0.0082,0.0615,0
6481046,-0.255,-0.164,0.033,-0.007,0.009,-0.005,-110.400,-220.100,403.640,179.470,-2.580,-117.430,1,-0.0093,-0.0082,0.0615,0
6481125,-0.259,-0.157,0.020,-0.007,0.009,-0.004,-110.400,-220.100,403.640,179.470,-2.580,-117.430,1,-0.0093,-0.0082,0.0615,0
6481234,-0.272,-0.152,0.013,-0.007,0.009,-0.003,-110.400,-220.100,403.640,179.470,-2.580,-117.430,1,-0.0093,-0.0082,0.0615,0
6481343,-0.252,-0.153,0.023,-0.007,0.009,-0.003,-110.400,-220.100,403.640,179.470,-2.580,-117.430,1,-0.0093,-0.0082,0.0615,0
6481484,-0.236,-0.153,0.024,-0.007,0.009,-0.004,-110.400,-220.100,403.640,179.470,-2.580,-117.430,1,-0.0093,-0.0082,0.0615,0
6481531,-0.254,-0.139,0.001,-0.007,0.009,-0.002,-110.400,-220.100,403.640,179.470,-2.580,-117.430,1,-0.0093,-0.0082,0.0615,0
6481578,-0.268,-0.136,0.002,-0.006,0.009,-0.002,-110.400,-220.100,403.640,179.470,-2.580,-117.430,1,-0.0093,-0.0082,0.0615,0
6481656,-0.277,-0.155,0.026,-0.006,0.009,-0.003,-110.400,-220.100,403.640,179.470,-2.580,-117.430,1,-0.0093,-0.0082,0.0615,0
6481796,-0.260,-0.157,0.027,-0.007,0.009,-0.005,-110.400,-220.100,403.640,179.470,-2.580,-117.430,1,-0.0093,-0.0082,0.0615,0
6481890,-0.259,-0.162,0.038,-0.007,0.009,-0.005,-110.400,-220.100,403.640,179.470,-2.580,-117.430,1,-0.0093,-0.0082,0.0615,0
6481937,-0.258,-0.156,0.022,-0.007,0.009,-0.005,-110.400,-220.100,403.640,179.470,-2.580,-117.430,1,-0.0093,-0.0082,0.0615,0
6482015,-0.268,-0.134,-0.039,-0.006,0.009,-0.001,-110.400,-220.100,403.640,179.470,-2.580,-117.430,1,-0.0093,-0.0082,0.0615,0
6482093,-0.275,-0.140,0.004,-0.006,0.009,-0.002,-110.400,-220.100,403.640,179.470,-2.580,-117.430,1,-0.0093,-0.0082,0.0615,0
6482171,-0.284,-0.139,-0.039,-0.005,0.010,-0.000,-110.400,-220.100,403.640,179.470,-2.580,-117.430,1,-0.0093,-0.0082,0.0615,0
6482250,-0.285,-0.146,-0.030,-0.006,0.010,-0.001,-110.400,-220.100,403.640,179.470,-2.580,-117.430,1,-0.0093,-0.0082,0.0615,0
6482328,-0.257,-0.151,-0.009,-0.007,0.009,-0.003,-110.400,-220.100,403.640,179.470,-2.580,-117.430,1,-0.0093,-0.0082,0.0615,0
6482437,-0.276,-0.145,-0.029,-0.006,0.009,-0.001,-110.400,-220.100,403.640,179.470,-2.580,-117.430,1,-0.0093,-0.0082,0.0615,0
6482531,-0.263,-0.173,-0.003,-0.007,0.009,-0.004,-110.400,-220.100,403.640,179.470,-2.580,-117.430,1,-0.0093,-0.0082,0.0615,0
6482671,-0.261,-0.158,0.022,-0.007,0.009,-0.004,-110.400,-220.100,403.640,179.470,-2.580,-117.430,1,-0.0093,-0.0082,0.0615,0
6482718,-0.279,-0.145,-0.022,-0.007,0.009,-0.002,-110.400,-220.100,403.640,179.470,-2.580,-117.430,1,-0.0093,-0.0082,0.0615,0
6482765,-0.279,-0.146,-0.018,-0.007,0.009,-0.002,-110.400,-220.100,403.640,179.470,-2.580,-117.430,1,-0.0093,-0.0082,0.0615,0
6482859,-0.258,-0.160,0.031,-0.007,0.009,-0.004,-110.400,-220.100,403.640,179.470,-2.580,-117.430,1,-0.0093,-0.0082,0.0615,0
6482984,-0.252,-0.160,-0.000,-0.007,0.009,-0.003,-110.400,-220.100,403.640,179.470,-2.580,-117.430,1,-0.0093,-0.0082,0.0615,0
6483093,-0.254,-0.143,-0.042,-0.007,0.009,-0.002,-110.400,-220.100,403.640,179.470,-2.580,-117.430,1,-0.0093,-0.0082,0.0615,0
6483203,-0.251,-0.152,0.003,-0.007,0.008,-0.003,-110.400,-220.100,403.640,179.470,-2.580,-117.430,1,-0.0093,-0.0082,0.0615,0
6483281,-0.257,-0.170,0.005,-0.007,0.009,-0.003,-110.400,-220.100,403.640,179.470,-2.580,-117.430,1,-0.0093,-0.0082,0.0615,0
6483375,-0.258,-0.174,0.003,-0.007,0.009,-0.003,-110.400,-220.100,403.640,179.470,-2.580,-117.430,1,-0.0093,-0.0082,0.0615,0
6483453,-0.269,-0.154,0.006,-0.006,0.010,-0.003,-110.400,-220.100,403.640,179.470,-2.580,-117.430,1,-0.0093,-0.0082,0.0615,0
6483531,-0.277,-0.145,-0.032,-0.006,0.010,-0.002,-110.400,-220.100,403.640,179.470,-2.580,-117.430,1,-0.0093,-0.0082,0.0615,0
6483640,-0.264,-0.156,0.029,-0.007,0.009,-0.004,-110.400,-220.100,403.640,179.470,-2.580,-117.430,1,-0.0093,-0.0082,0.0615,0
6483750,-0.255,-0.153,0.037,-0.008,0.009,-0.005,-110.400,-220.100,403.640,179.470,-2.580,-117.430,1,-0.0093,-0.0082,0.0615,0
6483875,-0.250,-0.153,0.047,-0.008,0.009,-0.005,-110.400,-220.100,403.640,179.470,-2.580,-117.430,1,-0.0093,-0.0082,0.0615,0
6483921,-0.257,-0.152,0.032,-0.007,0.009,-0.004,-110.400,-220.100,403.640,179.470,-2.580,-117.430,1,-0.0093,-0.0082,0.0615,0
6483968,-0.265,-0.155,0.029,-0.007,0.009,-0.004,-110.400,-220.100,403.640,179.470,-2.580,-117.430,1,-0.0093,-0.0082,0.0615,0
6484046,-0.266,-0.164,-0.000,-0.008,0.009,-0.004,-110.400,-220.100,403.640,179.470,-2.580,-117.430,1,-0.0093,-0.0082,0.0615,0
6484187,-0.279,-0.155,-0.011,-0.007,0.009,-0.003,-110.400,-220.100,403.640,179.470,-2.580,-117.430,1,-0.0093,-0.0082,0.0615,0
6484296,-0.259,-0.165,0.023,-0.008,0.009,-0.004,-110.400,-220.100,403.640,179.470,-2.580,-117.430,1,-0.0093,-0.0082,0.0615,0
6484390,-0.270,-0.154,-0.001,-0.007,0.009,-0.003,-110.400,-220.100,403.640,179.470,-2.580,-117.430,1,-0.0093,-0.0082,0.0615,0
6484468,-0.264,-0.167,0.065,-0.007,0.009,-0.005,-110.400,-220.100,403.640,179.470,-2.580,-117.430,1,-0.0093,-0.0082,0.0615,0
6484562,-0.263,-0.170,0.066,-0.008,0.009,-0.005,-110.400,-220.100,403.640,179.470,-2.580,-117.430,1,-0.0093,-0.0082,0.0615,0
6484640,-0.259,-0.174,0.064,-0.008,0.009,-0.006,-110.400,-220.100,403.640,179.470,-2.580,-117.430,1,-0.0093,-0.0082,0.0615,0
6484718,-0.267,-0.145,-0.010,-0.006,0.009,-0.002,-110.400,-220.100,403.640,179.470,-2.580,-117.430,1,-0.0093,-0.0082,0.0615,0
6484828,-0.246,-0.156,0.041,-0.007,0.009,-0.004,-110.400,-220.100,403.640,179.470,-2.580,-117.430,1,-0.0093,-0.0082,0.0615,0
6484937,-0.271,-0.171,-0.012,-0.007,0.009,-0.003,-110.400,-220.100,403.640,179.470,-2.580,-117.430,1,-0.0093,-0.0082,0.0615,0
6485078,-0.269,-0.162,0.026,-0.007,0.009,-0.004,-110.400,-220.100,403.640,179.470,-2.580,-117.430,1,-0.0093,-0.0082,0.0615,0
6485125,-0.279,-0.159,0.025,-0.007,0.009,-0.003,-110.400,-220.100,403.640,179.470,-2.580,-117.430,1,-0.0093,-0.0082,0.0615,0
6485171,-0.262,-0.168,0.003,-0.007,0.009,-0.003,-110.400,-220.100,403.640,179.470,-2.580,-117.430,1,-0.0093,-0.0082,0.0615,0
6485250,-0.254,-0.183,0.040,-0.008,0.009,-0.005,-110.400,-220.100,403.640,179.470,-2.580,-117.430,1,-0.0093,-0.0082,0.0615,0
6485390,-0.270,-0.171,0.052,-0.007,0.009,-0.004,-110.400,-220.100,403.640,179.470,-2.580,-117.430,1,-0.0093,-0.0082,0.0615,0
6485484,-0.232,-0.134,0.012,-0.008,0.008,-0.005,-110.400,-220.100,403.640,179.470,-2.580,-117.430,1,-0.0093,-0.0082,0.0615,0
6485593,-0.266,-0.165,0.017,-0.007,0.009,-0.004,-110.400,-220.100,403.640,179.470,-2.580,-117.430,1,-0.0093,-0.0082,0.0615,0
6485671,-0.267,-0.158,0.028,-0.007,0.009,-0.004,-110.400,-220.100,403.640,179.470,-2.580,-117.430,1,-0.0093,-0.0082,0.0615,0
6485765,-0.267,-0.162,0.037,-0.007,0.009,-0.004,-110.400,-220.100,403.640,179.470,-2.580,-117.430,1,-0.0093,-0.0082,0.0615,0
6485843,-0.273,-0.157,-0.008,-0.008,0.009,-0.003,-110.400,-220.100,403.640,179.470,-2.580,-117.430,1,-0.0093,-0.0082,0.0615,0
6485921,-0.275,-0.167,0.022,-0.007,0.009,-0.004,-110.400,-220.100,403.640,179.470,-2.580,-117.430,1,-0.0093,-0.0082,0.0615,0
6486031,-0.273,-0.168,0.050,-0.008,0.009,-0.005,-110.400,-220.100,403.640,179.470,-2.580,-117.430,1,-0.0093,-0.0082,0.0615,0
6486140,-0.261,-0.168,0.067,-0.007,0.009,-0.005,-110.400,-220.100,403.640,179.470,-2.580,-117.430,1,-0.0093,-0.0082,0.0615,0
6486281,-0.270,-0.162,0.033,-0.007,0.009,-0.004,-110.400,-220.100,403.640,179.470,-2.580,-117.430,1,-0.0093,-0.0082,0.0615,0
6486328,-0.275,-0.147,0.041,-0.006,0.010,-0.004,-110.400,-220.100,403.640,179.470,-2.580,-117.430,1,-0.0093,-0.0082,0.0615,0
6486375,-0.261,-0.152,0.057,-0.007,0.009,-0.005,-110.400,-220.100,403.640,179.470,-2.580,-117.430,1,-0.0093,-0.0082,0.0615,0
6486453,-0.267,-0.150,0.040,-0.007,0.009,-0.004,-110.400,-220.100,403.640,179.470,-2.580,-117.430,1,-0.0093,-0.0082,0.0615,0
6486593,-0.269,-0.163,0.011,-0.008,0.009,-0.003,-110.400,-220.100,403.640,179.470,-2.580,-117.430,1,-0.0093,-0.0082,0.0615,0
6486687,-0.275,-0.153,-0.009,-0.007,0.009,-0.002,-110.400,-220.100,403.640,179.470,-2.580,-117.430,1,-0.0093,-0.0082,0.0615,0
6486796,-0.287,-0.161,0.061,-0.007,0.010,-0.004,-110.400,-220.100,403.640,179.470,-2.580,-117.430,1,-0.0093,-0.0082,0.0615,0
6486875,-0.286,-0.157,-0.013,-0.007,0.010,-0.002,-110.400,-220.100,403.640,179.470,-2.580,-117.430,1,-0.0093,-0.0082,0.0615,0
6486968,-0.266,-0.152,-0.011,-0.007,0.009,-0.002,-110.400,-220.100,403.640,179.470,-2.580,-117.430,1,-0.0093,-0.0082,0.0615,0
6487046,-0.256,-0.150,0.004,-0.007,0.009,-0.002,-110.400,-220.100,403.640,179.470,-2.580,-117.430,1,-0.0093,-0.0082,0.0615,0
6487125,-0.269,-0.145,0.017,-0.007,0.009,-0.002,-110.400,-220.100,403.640,179.470,-2.580,-117.430,1,-0.0093,-0.0082,0.0615,0
6487234,-0.271,-0.155,0.021,-0.007,0.009,-0.002,-110.400,-220.100,403.640,179.470,-2.580,-117.430,1,-0.0093,-0.0082,0.0615,0
6487343,-0.292,-0.143,-0.052,-0.006,0.010,-0.000,-110.400,-220.100,403.640,179.470,-2.580,-117.430,1,-0.0093,-0.0082,0.0615,0
6487484,-0.279,-0.163,0.022,-0.007,0.010,-0.003,-110.400,-220.100,403.640,179.470,-2.580,-117.430,1,-0.0093,-0.0082,0.0615,0
6487531,-0.280,-0.158,0.003,-0.007,0.009,-0.003,-110.400,-220.100,403.640,179.470,-2.580,-117.430,1,-0.0093,-0.0082,0.0615,0
6487578,-0.287,-0.159,0.006,-0.007,0.010,-0.003,-110.400,-220.100,403.640,179.470,-2.580,-117.430,1,-0.0093,-0.0082,0.0615,0
6487671,-0.284,-0.159,-0.010,-0.008,0.010,-0.003,-110.400,-220.100,403.640,179.470,-2.580,-117.430,1,-0.0093,-0.0082,0.0615,0
6487796,-0.281,-0.161,0.026,-0.007,0.009,-0.003,-110.400,-220.100,403.640,179.470,-2.580,-117.430,1,-0.0093,-0.0082,0.0615,0
6487906,-0.271,-0.153,0.020,-0.007,0.009,-0.003,-110.400,-220.100,403.640,179.470,-2.580,-117.430,1,-0.0093,-0.0082,0.0615,0
6488015,-0.282,-0.141,-0.011,-0.006,0.010,-0.002,-110.400,-220.100,403.640,179.470,-2.580,-117.430,1,-0.0093,-0.0082,0.0615,0
6488093,-0.270,-0.149,0.028,-0.007,0.009,-0.004,-110.400,-220.100,403.640,179.470,-2.580,-117.430,1,-0.0093,-0.0082,0.0615,0
6488171,-0.279,-0.146,0.003,-0.007,0.009,-0.003,-110.400,-220.100,403.640,179.470,-2.580,-117.430,1,-0.0093,-0.0082,0.0615,0
6488265,-0.286,-0.158,0.074,-0.007,0.010,-0.004,-110.400,-220.100,403.640,179.470,-2.580,-117.430,1,-0.0093,-0.0082,0.0615,0
6488343,-0.308,-0.150,0.066,-0.007,0.010,-0.003,-110.400,-220.100,403.640,179.470,-2.580,-117.430,1,-0.0093,-0.0082,0.0615,0
6488453,-0.313,-0.158,0.005,-0.006,0.011,-0.003,-110.400,-220.100,403.640,179.470,-2.580,-117.430,1,-0.0093,-0.0082,0.0615,0
6488546,-0.292,-0.157,-0.007,-0.007,0.010,-0.003,-110.400,-220.100,403.640,179.470,-2.580,-117.430,1,-0.0093,-0.0082,0.0615,0
6488687,-0.295,-0.124,0.001,-0.006,0.010,-0.002,-110.400,-220.100,403.640,179.470,-2.580,-117.430,1,-0.0093,-0.0082,0.0615,0
6488734,-0.286,-0.141,0.005,-0.007,0.010,-0.002,-110.400,-220.100,403.640,179.470,-2.580,-117.430,1,-0.0093,-0.0082,0.0615,0
6488781,-0.303,-0.127,0.013,-0.006,0.010,-0.002,-110.400,-220.100,403.640,179.470,-2.580,-117.430,1,-0.0093,-0.0082,0.0615,0
6488859,-0.285,-0.140,0.027,-0.006,0.010,-0.003,-110.400,-220.100,403.640,179.470,-2.580,-117.430,1,-0.0093,-0.0082,0.0615,0
6489000,-0.274,-0.160,0.019,-0.007,0.010,-0.003,-110.400,-220.100,403.640,179.470,-2.580,-117.430,1,-0.0093,-0.0082,0.0615,0
6489093,-0.279,-0.157,0.017,-0.007,0.010,-0.003,-110.400,-220.100,403.640,179.470,-2.580,-117.430,1,-0.0093,-0.0082,0.0615,0
6489203,-0.290,-0.156,-0.011,-0.006,0.010,-0.002,-110.400,-220.100,403.640,179.470,-2.580,-117.430,1,-0.0093,-0.0082,0.0615,0
6489281,-0.271,-0.153,0.020,-0.007,0.010,-0.003,-110.400,-220.100,403.640,179.470,-2.580,-117.430,1,-0.0093,-0.0082,0.0615,0
6489375,-0.278,-0.149,0.002,-0.006,0.009,-0.002,-110.400,-220.100,403.640,179.470,-2.580,-117.430,1,-0.0093,-0.0082,0.0615,0
6489453,-0.260,-0.169,0.028,-0.008,0.009,-0.004,-110.400,-220.100,403.640,179.470,-2.580,-117.430,1,-0.0093,-0.0082,0.0615,0
6489531,-0.284,-0.142,-0.000,-0.006,0.010,-0.002,-110.400,-220.100,403.640,179.470,-2.580,-117.430,1,-0.0093,-0.0082,0.0615,0
6489640,-0.272,-0.154,-0.004,-0.007,0.009,-0.002,-110.400,-220.100,403.640,179.470,-2.580,-117.430,1,-0.0093,-0.0082,0.0615,0
6489750,-0.272,-0.154,0.019,-0.006,0.009,-0.003,-110.400,-220.100,403.640,179.470,-2.580,-117.430,1,-0.0093,-0.0082,0.0615,0
6489890,-0.283,-0.155,0.013,-0.006,0.010,-0.002,-110.400,-220.100,403.640,179.470,-2.580,-117.430,1,-0.0093,-0.0082,0.0615,0
6489937,-0.290,-0.155,0.012,-0.007,0.009,-0.002,-110.400,-220.100,403.640,179.470,-2.580,-117.430,1,-0.0093,-0.0082,0.0615,0
6489984,-0.289,-0.159,0.021,-0.007,0.010,-0.003,-110.400,-220.100,403.640,179.470,-2.580,-117.430,1,-0.0093,-0.0082,0.0615,0
6490062,-0.293,-0.173,-0.004,-0.007,0.010,-0.002,-110.400,-220.100,403.640,179.470,-2.580,-117.430,1,-0.0093,-0.0082,0.0615,0
6490203,-0.262,-0.159,0.022,-0.007,0.009,-0.004,-110.400,-220.100,403.640,179.470,-2.580,-117.430,1,-0.0093,-0.0082,0.0615,0
6490296,-0.299,-0.126,-0.010,-0.005,0.010,-0.001,-110.400,-220.100,403.640,179.470,-2.580,-117.430,1,-0.0093,-0.0082,0.0615,0
6490406,-0.278,-0.138,0.029,-0.006,0.010,-0.003,-110.400,-220.100,403.640,179.470,-2.580,-117.430,1,-0.0093,-0.0082,0.0615,0
6490484,-0.287,-0.132,0.009,-0.006,0.010,-0.002,-110.400,-220.100,403.640,179.470,-2.580,-117.430,1,-0.0093,-0.0082,0.0615,0
6490578,-0.286,-0.140,0.026,-0.006,0.010,-0.003,-110.400,-220.100,403.640,179.470,-2.580,-117.430,1,-0.0093,-0.0082,0.0615,0
6490656,-0.253,-0.157,0.029,-0.007,0.009,-0.003,-110.400,-220.100,403.640,179.470,-2.580,-117.430,1,-0.0093,-0.0082,0.0615,0
6490750,-0.275,-0.134,-0.029,-0.006,0.009,-0.001,-110.400,-220.100,403.640,179.470,-2.580,-117.430,1,-0.0093,-0.0082,0.0615,0
6490859,-0.279,-0.147,0.009,-0.006,0.009,-0.003,-110.400,-220.100,403.640,179.470,-2.580,-117.430,1,-0.0093,-0.0082,0.0615,0
6490968,-0.265,-0.153,0.011,-0.007,0.009,-0.004,-110.400,-220.100,403.640,179.470,-2.580,-117.430,1,-0.0093,-0.0082,0.0615,0
6491109,-0.250,-0.159,0.038,-0.007,0.009,-0.005,-110.400,-220.100,403.640,179.470,-2.580,-117.430,1,-0.0093,-0.0082,0.0615,0
6491156,-0.256,-0.150,0.028,-0.007,0.009,-0.004,-110.400,-220.100,403.640,179.470,-2.580,-117.430,1,-0.0093,-0.0082,0.0615,0
6491203,-0.276,-0.143,-0.016,-0.007,0.009,-0.002,-110.400,-220.100,403.640,179.470,-2.580,-117.430,1,-0.0093,-0.0082,0.0615,0
6491281,-0.280,-0.149,-0.003,-0.006,0.009,-0.003,-110.400,-220.100,403.640,179.470,-2.580,-117.430,1,-0.0093,-0.0082,0.0615,0
6491421,-0.254,-0.145,0.027,-0.007,0.009,-0.004,-110.400,-220.100,403.640,179.470,-2.580,-117.430,1,-0.0093,-0.0082,0.0615,0
6491515,-0.250,-0.140,0.021,-0.007,0.009,-0.004,-110.400,-220.100,403.640,179.470,-2.580,-117.430,1,-0.0093,-0.0082,0.0615,0
6491625,-0.279,-0.154,-0.012,-0.007,0.009,-0.003,-110.400,-220.100,403.640,179.470,-2.580,-117.430,1,-0.0093,-0.0082,0.0615,0
6491703,-0.266,-0.151,0.004,-0.007,0.009,-0.003,-110.400,-220.100,403.640,179.470,-2.580,-117.430,1,-0.0093,-0.0082,0.0615,0
6491796,-0.245,-0.165,0.022,-0.007,0.009,-0.005,-110.400,-220.100,403.640,179.470,-2.580,-117.430,1,-0.0093,-0.0082,0.0615,0
6491875,-0.247,-0.156,-0.012,-0.007,0.009,-0.003,-110.400,-220.100,403.640,179.470,-2.580,-117.430,1,-0.0093,-0.0082,0.0615,0
6491953,-0.262,-0.143,-0.037,-0.006,0.009,-0.002,-110.400,-220.100,403.640,179.470,-2.580,-117.430,1,-0.0093,-0.0082,0.0615,0
6492062,-0.251,-0.148,0.059,-0.007,0.009,-0.005,-110.400,-220.100,403.640,179.470,-2.580,-117.430,1,-0.0093,-0.0082,0.0615,0
6492171,-0.244,-0.134,-0.006,-0.007,0.009,-0.002,-110.400,-220.100,403.640,179.470,-2.580,-117.430,1,-0.0093,-0.0082,0.0615,0
6492312,-0.248,-0.125,-0.020,-0.006,0.009,-0.002,-110.400,-220.100,403.640,179.470,-2.580,-117.430,1,-0.0093,-0.0082,0.0615,0
6492359,-0.244,-0.138,0.042,-0.007,0.009,-0.004,-110.400,-220.100,403.640,179.470,-2.580,-117.430,1,-0.0093,-0.0082,0.0615,0
6492406,-0.245,-0.154,0.041,-0.007,0.009,-0.005,-110.400,-220.100,403.640,179.470,-2.580,-117.430,1,-0.0093,-0.0082,0.0615,0
6492484,-0.250,-0.158,0.014,-0.007,0.009,-0.004,-110.400,-220.100,403.640,179.470,-2.580,-117.430,1,-0.0093,-0.0082,0.0615,0
6492625,-0.259,-0.150,-0.024,-0.007,0.009,-0.003,-110.400,-220.100,403.640,179.470,-2.580,-117.430,1,-0.0093,-0.0082,0.0615,0
6492718,-0.278,-0.134,0.027,-0.006,0.010,-0.003,-110.400,-220.100,403.640,179.470,-2.580,-117.430,1,-0.0093,-0.0082,0.0615,0
6492828,-0.255,-0.152,0.051,-0.008,0.009,-0.005,-110.400,-220.100,403.640,179.470,-2.580,-117.430,1,-0.0093,-0.0082,0.0615,0
6492906,-0.267,-0.131,-0.005,-0.007,0.010,-0.003,-110.400,-220.100,403.640,179.470,-2.580,-117.430,1,-0.0093,-0.0082,0.0615,0
6492984,-0.260,-0.156,0.072,-0.007,0.009,-0.005,-110.400,-220.100,403.640,179.470,-2.580,-117.430,1,-0.0093,-0.0082,0.0615,0
6493078,-0.261,-0.120,-0.022,-0.007,0.009,-0.002,-110.400,-220.100,403.640,179.470,-2.580,-117.430,1,-0.0093,-0.0082,0.0615,0
6493156,-0.272,-0.134,-0.003,-0.007,0.010,-0.002,-110.400,-220.100,403.640,179.470,-2.580,-117.430,1,-0.0093,-0.0082,0.0615,0
6493265,-0.273,-0.139,0.028,-0.007,0.009,-0.004,-110.400,-220.100,403.640,179.470,-2.580,-117.430,1,-0.0093,-0.0082,0.0615,0
6493359,-0.272,-0.141,-0.039,-0.007,0.009,-0.003,-110.400,-220.100,403.640,179.470,-2.580,-117.430,1,-0.0093,-0.0082,0.0615,0
6493515,-0.262,-0.146,0.034,-0.007,0.009,-0.004,-110.400,-220.100,403.640,179.470,-2.580,-117.430,1,-0.0093,-0.0082,0.0615,0
6493562,-0.273,-0.148,0.053,-0.007,0.009,-0.004,-110.400,-220.100,403.640,179.470,-2.580,-117.430,1,-0.0093,-0.0082,0.0615,0
6493609,-0.287,-0.151,0.048,-0.007,0.009,-0.004,-110.400,-220.100,403.640,179.470,-2.580,-117.430,1,-0.0093,-0.0082,0.0615,0
6493687,-0.282,-0.147,0.030,-0.007,0.010,-0.004,-110.400,-220.100,403.640,179.470,-2.580,-117.430,1,-0.0093,-0.0082,0.0615,0
6493828,-0.269,-0.133,-0.012,-0.007,0.009,-0.002,-110.400,-220.100,403.640,179.470,-2.580,-117.430,1,-0.0093,-0.0082,0.0615,0
6493921,-0.266,-0.150,0.042,-0.007,0.009,-0.005,-110.400,-220.100,403.640,179.470,-2.580,-117.430,1,-0.0093,-0.0082,0.0615,0
6494031,-0.277,-0.139,0.011,-0.007,0.009,-0.003,-110.400,-220.100,403.640,179.470,-2.580,-117.430,1,-0.0093,-0.0082,0.0615,0
6494109,-0.263,-0.149,0.030,-0.007,0.009,-0.005,-110.400,-220.100,403.640,179.470,-2.580,-117.430,1,-0.0093,-0.0082,0.0615,0
6494203,-0.293,-0.126,0.028,-0.006,0.010,-0.004,-110.400,-220.100,403.640,179.470,-2.580,-117.430,1,-0.0093,-0.0082,0.0615,0
6494281,-0.281,-0.135,-0.015,-0.007,0.009,-0.002,-110.400,-220.100,403.640,179.470,-2.580,-117.430,1,-0.0093,-0.0082,0.0615,0
6494359,-0.279,-0.141,0.003,-0.007,0.009,-0.003,-110.400,-220.100,403.640,179.470,-2.580,-117.430,1,-0.0093,-0.0082,0.0615,0
6494468,-0.285,-0.146,0.057,-0.007,0.009,-0.005,-110.400,-220.100,403.640,179.470,-2.580,-117.430,1,-0.0093,-0.0082,0.0615,0
6494578,-0.277,-0.144,-0.006,-0.007,0.009,-0.003,-110.400,-220.100,403.640,179.470,-2.580,-117.430,1,-0.0093,-0.0082,0.0615,0
6494718,-0.274,-0.143,0.043,-0.007,0.009,-0.003,-110.400,-220.100,403.640,179.470,-2.580,-117.430,1,-0.0093,-0.0082,0.0615,0
6494765,-0.282,-0.143,0.005,-0.007,0.009,-0.003,-110.400,-220.100,403.640,179.470,-2.580,-117.430,1,-0.0093,-0.0082,0.0615,0
6494812,-0.289,-0.145,-0.002,-0.006,0.010,-0.002,-110.400,-220.100,403.640,179.470,-2.580,-117.430,1,-0.0093,-0.0082,0.0615,0
6494890,-0.276,-0.147,-0.021,-0.007,0.009,-0.002,-110.400,-220.100,403.640,179.470,-2.580,-117.430,1,-0.0093,-0.0082,0.0615,0
6495031,-0.270,-0.156,0.041,-0.007,0.009,-0.005,-110.400,-220.100,403.640,179.470,-2.580,-117.430,1,-0.0093,-0.0082,0.0615,0
6495125,-0.292,-0.153,0.023,-0.006,0.010,-0.002,-110.400,-220.100,403.640,179.470,-2.580,-117.430,1,-0.0093,-0.0082,0.0615,0
6495234,-0.282,-0.156,0.004,-0.007,0.010,-0.003,-110.400,-220.100,403.640,179.470,-2.580,-117.430,1,-0.0093,-0.0082,0.0615,0
6495312,-0.271,-0.154,-0.006,-0.007,0.009,-0.003,-110.400,-220.100,403.640,179.470,-2.580,-117.430,1,-0.0093,-0.0082,0.0615,0
6495406,-0.291,-0.142,0.010,-0.006,0.010,-0.002,-110.400,-220.100,403.640,179.470,-2.580,-117.430,1,-0.0093,-0.0082,0.0615,0
6495484,-0.296,-0.133,-0.005,-0.006,0.010,-0.001,-110.400,-220.100,403.640,179.470,-2.580,-117.430,1,-0.0093,-0.0082,0.0615,0
6495562,-0.294,-0.132,-0.053,-0.006,0.010,-0.000,-110.400,-220.100,403.640,179.470,-2.580,-117.430,1,-0.0093,-0.0082,0.0615,0
6495671,-0.284,-0.141,0.026,-0.006,0.009,-0.002,-110.400,-220.100,403.640,179.470,-2.580,-117.430,1,-0.0093,-0.0082,0.0615,0
6495781,-0.277,-0.151,0.033,-0.007,0.009,-0.004,-110.400,-220.100,403.640,179.470,-2.580,-117.430,1,-0.0093,-0.0082,0.0615,0
6495921,-0.256,-0.151,0.029,-0.007,0.009,-0.004,-110.400,-220.100,403.640,179.470,-2.580,-117.430,1,-0.0093,-0.0082,0.0615,0
6495968,-0.264,-0.152,0.012,-0.007,0.010,-0.003,-110.400,-220.100,403.640,179.470,-2.580,-117.430,1,-0.0093,-0.0082,0.0615,0
6496015,-0.267,-0.150,0.008,-0.007,0.009,-0.003,-110.400,-220.100,403.640,179.470,-2.580,-117.430,1,-0.0093,-0.0082,0.0615,0
6496093,-0.269,-0.154,0.018,-0.007,0.009,-0.003,-110.400,-220.100,403.640,179.470,-2.580,-117.430,1,-0.0093,-0.0082,0.0615,0
6496234,-0.297,-0.116,0.016,-0.005,0.010,-0.002,-110.400,-220.100,403.640,179.470,-2.580,-117.430,1,-0.0093,-0.0082,0.0615,0
6496328,-0.287,-0.134,-0.021,-0.006,0.010,-0.002,-110.400,-220.100,403.640,179.470,-2.580,-117.430,1,-0.0093,-0.0082,0.0615,0
6496437,-0.277,-0.149,0.015,-0.006,0.010,-0.003,-110.400,-220.100,403.640,179.470,-2.580,-117.430,1,-0.0093,-0.0082,0.0615,0
6496500,-0.285,-0.144,-0.035,-0.006,0.010,-0.001,-110.400,-220.100,403.640,179.470,-2.580,-117.430,1,-0.0093,-0.0082,0.0615,0
6496609,-0.267,-0.143,0.013,-0.006,0.009,-0.003,-110.400,-220.100,403.640,179.470,-2.580,-117.430,1,-0.0093,-0.0082,0.0615,0
6496687,-0.244,-0.145,0.014,-0.007,0.009,-0.004,-110.400,-220.100,403.640,179.470,-2.580,-117.430,1,-0.0093,-0.0082,0.0615,0
6496765,-0.289,-0.155,-0.012,-0.006,0.010,-0.001,-110.400,-220.100,403.640,179.470,-2.580,-117.430,1,-0.0093,-0.0082,0.0615,0
6496875,-0.266,-0.153,0.023,-0.007,0.009,-0.003,-110.400,-220.100,403.640,179.470,-2.580,-117.430,1,-0.0093,-0.0082,0.0615,0
6496984,-0.273,-0.146,0.008,-0.006,0.010,-0.002,-110.400,-220.100,403.640,179.470,-2.580,-117.430,1,-0.0093,-0.0082,0.0615,0
6497125,-0.274,-0.151,0.005,-0.006,0.010,-0.003,-110.400,-220.100,403.640,179.470,-2.580,-117.430,1,-0.0093,-0.0082,0.0615,0
6497171,-0.257,-0.159,0.011,-0.007,0.009,-0.004,-110.400,-220.100,403.640,179.470,-2.580,-117.430,1,-0.0093,-0.0082,0.0615,0
6497218,-0.267,-0.150,-0.020,-0.007,0.009,-0.003,-110.400,-220.100,403.640,179.470,-2.580,-117.430,1,-0.0093,-0.0082,0.0615,0
6497296,-0.285,-0.135,-0.042,-0.006,0.010,-0.001,-110.400,-220.100,403.640,179.470,-2.580,-117.430,1,-0.0093,-0.0082,0.0615,0
6497437,-0.262,-0.148,0.011,-0.006,0.009,-0.003,-110.400,-220.100,403.640,179.470,-2.580,-117.430,1,-0.0093,-0.0082,0.0615,0
6497531,-0.249,-0.148,0.014,-0.007,0.009,-0.003,-110.400,-220.100,403.640,179.470,-2.580,-117.430,1,-0.0093,-0.0082,0.0615,0
6497640,-0.258,-0.145,0.020,-0.006,0.009,-0.003,-110.400,-220.100,403.640,179.470,-2.580,-117.430,1,-0.0093,-0.0082,0.0615,0
6497718,-0.260,-0.155,0.024,-0.007,0.009,-0.004,-110.400,-220.100,403.640,179.470,-2.580,-117.430,1,-0.0093,-0.0082,0.0615,0
6497812,-0.269,-0.169,-0.010,-0.007,0.009,-0.003,-110.400,-220.100,403.640,179.470,-2.580,-117.430,1,-0.0093,-0.0082,0.0615,0
6497890,-0.261,-0.163,0.020,-0.007,0.009,-0.004,-110.400,-220.100,403.640,179.470,-2.580,-117.430,1,-0.0093,-0.0082,0.0615,0
6497968,-0.268,-0.146,0.002,-0.006,0.009,-0.002,-110.400,-220.100,403.640,179.470,-2.580,-117.430,1,-0.0093,-0.0082,0.0615,0
6498078,-0.250,-0.166,0.049,-0.007,0.009,-0.005,-110.400,-220.100,403.640,179.470,-2.580,-117.430,1,-0.0093,-0.0082,0.0615,0
6498187,-0.282,-0.131,-0.033,-0.006,0.010,-0.002,-110.400,-220.100,403.640,179.470,-2.580,-117.430,1,-0.0093,-0.0082,0.0615,0
6498328,-0.276,-0.118,-0.008,-0.006,0.010,-0.002,-110.400,-220.100,403.640,179.470,-2.580,-117.430,1,-0.0093,-0.0082,0.0615,0
6498375,-0.256,-0.139,0.034,-0.007,0.009,-0.004,-110.400,-220.100,403.640,179.470,-2.580,-117.430,1,-0.0093,-0.0082,0.0615,0
6498421,-0.248,-0.136,0.037,-0.007,0.009,-0.005,-110.400,-220.100,403.640,179.470,-2.580,-117.430,1,-0.0093,-0.0082,0.0615,0
6498500,-0.284,-0.148,-0.030,-0.007,0.009,-0.002,-110.400,-220.100,403.640,179.470,-2.580,-117.430,1,-0.0093,-0.0082,0.0615,0
6498640,-0.277,-0.140,0.004,-0.006,0.010,-0.003,-110.400,-220.100,403.640,179.470,-2.580,-117.430,1,-0.0093,-0.0082,0.0615,0
6498734,-0.268,-0.144,-0.026,-0.007,0.009,-0.003,-110.400,-220.100,403.640,179.470,-2.580,-117.430,1,-0.0093,-0.0082,0.0615,0
6498843,-0.269,-0.149,0.009,-0.006,0.009,-0.003,-110.400,-220.100,403.640,179.470,-2.580,-117.430,1,-0.0093,-0.0082,0.0615,0
6498921,-0.266,-0.151,0.020,-0.006,0.009,-0.004,-110.400,-220.100,403.640,179.470,-2.580,-117.430,1,-0.0093,-0.0082,0.0615,0
6499015,-0.253,-0.151,0.034,-0.007,0.009,-0.005,-110.400,-220.100,403.640,179.470,-2.580,-117.430,1,-0.0093,-0.0082,0.0615,0
6499093,-0.255,-0.147,0.027,-0.007,0.009,-0.004,-110.400,-220.100,403.640,179.470,-2.580,-117.430,1,-0.0093,-0.0082,0.0615,0
6499187,-0.271,-0.145,0.012,-0.007,0.010,-0.003,-110.400,-220.100,403.640,179.470,-2.580,-117.430,1,-0.0093,-0.0082,0.0615,0
6499296,-0.270,-0.151,0.039,-0.007,0.009,-0.004,-110.400,-220.100,403.640,179.470,-2.580,-117.430,1,-0.0093,-0.0082,0.0615,0
6499390,-0.276,-0.161,0.006,-0.007,0.010,-0.003,-110.400,-220.100,403.640,179.470,-2.580,-117.430,1,-0.0093,-0.0082,0.0615,0
6499531,-0.273,-0.158,-0.005,-0.007,0.009,-0.003,-110.400,-220.100,403.640,179.470,-2.580,-117.430,1,-0.0093,-0.0082,0.0615,0
6499578,-0.288,-0.147,0.004,-0.006,0.010,-0.003,-110.400,-220.100,403.640,179.470,-2.580,-117.430,1,-0.0093,-0.0082,0.0615,0
6499625,-0.277,-0.155,0.011,-0.007,0.010,-0.004,-110.400,-220.100,403.640,179.470,-2.580,-117.430,1,-0.0093,-0.0082,0.0615,0
6499687,-0.244,-0.160,-0.015,-0.007,0.008,-0.003,-110.400,-220.100,403.640,179.470,-2.580,-117.430,1,-0.0093,-0.0082,0.0615,0
6499843,-0.261,-0.147,0.003,-0.007,0.009,-0.003,-110.400,-220.100,403.640,179.470,-2.580,-117.430,1,-0.0093,-0.0082,0.0615,0
6499937,-0.261,-0.147,0.008,-0.007,0.009,-0.003,-110.400,-220.100,403.640,179.470,-2.580,-117.430,1,-0.0093,-0.0082,0.0615,0
6500046,-0.269,-0.151,0.039,-0.007,0.010,-0.005,-110.400,-220.100,403.640,179.470,-2.580,-117.430,1,-0.0093,-0.0082,0.0615,0
6500125,-0.269,-0.148,0.043,-0.007,0.010,-0.004,-110.400,-220.100,403.640,179.470,-2.580,-117.430,1,-0.0093,-0.0082,0.0615,0
6500218,-0.278,-0.156,0.041,-0.007,0.009,-0.004,-110.400,-220.100,403.640,179.470,-2.580,-117.430,1,-0.0093,-0.0082,0.0615,0
6500281,-0.284,-0.143,-0.036,-0.007,0.009,-0.002,-110.400,-220.100,403.640,179.470,-2.580,-117.430,1,-0.0093,-0.0082,0.0615,0
6500375,-0.273,-0.156,-0.006,-0.007,0.009,-0.003,-110.400,-220.100,403.640,179.470,-2.580,-117.430,1,-0.0093,-0.0082,0.0615,0
6500484,-0.265,-0.149,0.023,-0.007,0.009,-0.004,-110.400,-220.100,403.640,179.470,-2.580,-117.430,1,-0.0093,-0.0082,0.0615,0
6500578,-0.258,-0.148,0.027,-0.007,0.010,-0.004,-110.400,-220.100,403.640,179.470,-2.580,-117.430,1,-0.0093,-0.0082,0.0615,0
6500734,-0.281,-0.164,0.001,-0.007,0.009,-0.003,-110.400,-220.100,403.640,179.470,-2.580,-117.430,1,-0.0093,-0.0082,0.0615,0
6500781,-0.282,-0.151,0.014,-0.007,0.009,-0.003,-110.400,-220.100,403.640,179.470,-2.580,-117.430,1,-0.0093,-0.0082,0.0615,0
6500828,-0.281,-0.142,0.044,-0.006,0.010,-0.004,-110.400,-220.100,403.640,179.470,-2.580,-117.430,1,-0.0093,-0.0082,0.0615,0
6500906,-0.275,-0.154,-0.009,-0.008,0.009,-0.004,-110.400,-220.100,403.640,179.470,-2.580,-117.430,1,-0.0093,-0.0082,0.0615,0
6501031,-0.261,-0.163,0.062,-0.008,0.009,-0.006,-110.400,-220.100,403.640,179.470,-2.580,-117.430,1,-0.0093,-0.0082,0.0615,0
6501125,-0.285,-0.157,0.047,-0.007,0.010,-0.004,-110.400,-220.100,403.640,179.470,-2.580,-117.430,1,-0.0093,-0.0082,0.0615,0
6501171,-0.286,-0.150,-0.013,-0.007,0.010,-0.003,-110.400,-220.100,403.640,179.470,-2.580,-117.430,1,-0.0093,-0.0082,0.0615,0
6501250,-0.274,-0.158,0.019,-0.008,0.009,-0.004,-110.400,-220.100,403.640,179.470,-2.580,-117.430,1,-0.0093,-0.0082,0.0615,0
6501328,-0.279,-0.153,0.013,-0.007,0.010,-0.004,-110.400,-220.100,403.640,179.470,-2.580,-117.430,1,-0.0093,-0.0082,0.0615,0
6501406,-0.279,-0.148,0.012,-0.007,0.010,-0.004,-110.400,-220.100,403.640,179.470,-2.580,-117.430,1,-0.0093,-0.0082,0.0615,0
6501500,-0.277,-0.167,-0.001,-0.007,0.009,-0.003,-110.400,-220.100,403.640,179.470,-2.580,-117.430,1,-0.0093,-0.0082,0.0615,0
6501578,-0.292,-0.130,0.032,-0.006,0.010,-0.003,-110.400,-220.100,403.640,179.470,-2.580,-117.430,1,-0.0093,-0.0082,0.0615,0
6501687,-0.263,-0.162,0.053,-0.007,0.009,-0.005,-110.400,-220.100,403.640,179.470,-2.580,-117.430,1,-0.0093,-0.0082,0.0615,0
6501781,-0.293,-0.144,-0.031,-0.007,0.010,-0.002,-110.400,-220.100,403.640,179.470,-2.580,-117.430,1,-0.0093,-0.0082,0.0615,0
6501921,-0.279,-0.174,0.077,-0.007,0.009,-0.005,-110.400,-220.100,403.640,179.470,-2.580,-117.430,1,-0.0093,-0.0082,0.0615,0
6501968,-0.267,-0.173,0.082,-0.007,0.009,-0.005,-110.400,-220.100,403.640,179.470,-2.580,-117.430,1,-0.0093,-0.0082,0.0615,0
6502015,-0.278,-0.169,0.047,-0.007,0.009,-0.004,-110.400,-220.100,403.640,179.470,-2.580,-117.430,1,-0.0093,-0.0082,0.0615,0
6502093,-0.277,-0.141,-0.006,-0.007,0.010,-0.003,-110.400,-220.100,403.640,179.470,-2.580,-117.430,1,-0.0093,-0.0082,0.0615,0
6502234,-0.280,-0.151,0.004,-0.007,0.010,-0.003,-110.400,-220.100,403.640,179.470,-2.580,-117.430,1,-0.0093,-0.0082,0.0615,0
6502328,-0.276,-0.139,0.044,-0.006,0.010,-0.004,-110.400,-220.100,403.640,179.470,-2.580,-117.430,1,-0.0093,-0.0082,0.0615,0
6502437,-0.280,-0.153,0.036,-0.007,0.010,-0.004,-110.400,-220.100,403.640,179.470,-2.580,-117.430,1,-0.0093,-0.0082,0.0615,0
6502515,-0.280,-0.153,0.011,-0.007,0.009,-0.003,-110.400,-220.100,403.640,179.470,-2.580,-117.430,1,-0.0093,-0.0082,0.0615,0
6502609,-0.298,-0.156,0.057,-0.007,0.010,-0.004,-110.400,-220.100,403.640,179.470,-2.580,-117.430,1,-0.0093,-0.0082,0.0615,0
6502687,-0.293,-0.154,0.014,-0.006,0.009,-0.002,-110.400,-220.100,403.640,179.470,-2.580,-117.430,1,-0.0093,-0.0082,0.0615,0
6502765,-0.262,-0.158,0.052,-0.007,0.009,-0.005,-110.400,-220.100,403.640,179.470,-2.580,-117.430,1,-0.0093,-0.0082,0.0615,0
6502875,-0.273,-0.151,0.014,-0.007,0.009,-0.004,-110.400,-220.100,403.640,179.470,-2.580,-117.430,1,-0.0093,-0.0082,0.0615,0
6502984,-0.301,-0.147,0.049,-0.006,0.010,-0.004,-110.400,-220.100,403.640,179.470,-2.580,-117.430,1,-0.0093,-0.0082,0.0615,0
6503125,-0.273,-0.154,0.045,-0.008,0.009,-0.005,-110.400,-220.100,403.640,179.470,-2.580,-117.430,1,-0.0093,-0.0082,0.0615,0
6503171,-0.271,-0.163,-0.010,-0.008,0.009,-0.004,-110.400,-220.100,403.640,179.470,-2.580,-117.430,1,-0.0093,-0.0082,0.0615,0
6503218,-0.296,-0.137,-0.003,-0.006,0.010,-0.002,-110.400,-220.100,403.640,179.470,-2.580,-117.430,1,-0.0093,-0.0082,0.0615,0
6503296,-0.311,-0.129,0.041,-0.005,0.011,-0.003,-110.400,-220.100,403.640,179.470,-2.580,-117.430,1,-0.0093,-0.0082,0.0615,0
6503437,-0.295,-0.147,0.015,-0.006,0.010,-0.004,-110.400,-220.100,403.640,179.470,-2.580,-117.430,1,-0.0093,-0.0082,0.0615,0
6503531,-0.304,-0.146,-0.004,-0.007,0.010,-0.002,-110.400,-220.100,403.640,179.470,-2.580,-117.430,1,-0.0093,-0.0082,0.0615,0
6503640,-0.284,-0.154,-0.004,-0.007,0.010,-0.002,-110.400,-220.100,403.640,179.470,-2.580,-117.430,1,-0.0093,-0.0082,0.0615,0
6503718,-0.322,-0.169,-0.012,-0.007,0.010,-0.001,-110.400,-220.100,403.640,179.470,-2.580,-117.430,1,-0.0093,-0.0082,0.0615,0
6503812,-0.276,-0.156,0.037,-0.007,0.010,-0.004,-110.400,-220.100,403.640,179.470,-2.580,-117.430,1,-0.0093,-0.0082,0.0615,0
6503890,-0.274,-0.149,0.014,-0.007,0.010,-0.003,-110.400,-220.100,403.640,179.470,-2.580,-117.430,1,-0.0093,-0.0082,0.0615,0
6503968,-0.286,-0.157,0.032,-0.007,0.010,-0.003,-110.400,-220.100,403.640,179.470,-2.580,-117.430,1,-0.0093,-0.0082,0.0615,0
6504078,-0.285,-0.157,0.025,-0.007,0.009,-0.003,-110.400,-220.100,403.640,179.470,-2.580,-117.430,1,-0.0093,-0.0082,0.0615,0
6504187,-0.288,-0.158,0.020,-0.007,0.009,-0.003,-110.400,-220.100,403.640,179.470,-2.580,-117.430,1,-0.0093,-0.0082,0.0615,0
6504328,-0.306,-0.165,0.014,-0.006,0.010,-0.003,-110.400,-220.100,403.640,179.470,-2.580,-117.430,1,-0.0093,-0.0082,0.0615,0
6504375,-0.307,-0.174,0.011,-0.007,0.011,-0.003,-110.400,-220.100,403.640,179.470,-2.580,-117.430,1,-0.0093,-0.0082,0.0615,0
6504421,-0.294,-0.157,-0.004,-0.007,0.010,-0.003,-110.400,-220.100,403.640,179.470,-2.580,-117.430,1,-0.0093,-0.0082,0.0615,0
6504500,-0.286,-0.169,0.040,-0.008,0.010,-0.005,-110.400,-220.100,403.640,179.470,-2.580,-117.430,1,-0.0093,-0.0082,0.0615,0
6504640,-0.294,-0.131,0.049,-0.006,0.010,-0.002,-110.400,-220.100,403.640,179.470,-2.580,-117.430,1,-0.0093,-0.0082,0.0615,0
6504734,-0.294,-0.155,-0.015,-0.007,0.009,-0.003,-110.400,-220.100,403.640,179.470,-2.580,-117.430,1,-0.0093,-0.0082,0.0615,0
6504781,-0.282,-0.156,0.008,-0.007,0.009,-0.003,-110.400,-220.100,403.640,179.470,-2.580,-117.430,1,-0.0093,-0.0082,0.0615,0
6504859,-0.286,-0.157,0.005,-0.007,0.010,-0.003,-110.400,-220.100,403.640,179.470,-2.580,-117.430,1,-0.0093,-0.0082,0.0615,0
6504937,-0.297,-0.151,0.003,-0.007,0.010,-0.003,-110.400,-220.100,403.640,179.470,-2.580,-117.430,1,-0.0093,-0.0082,0.0615,0
6505015,-0.306,-0.155,0.035,-0.007,0.010,-0.004,-110.400,-220.100,403.640,179.470,-2.580,-117.430,1,-0.0093,-0.0082,0.0615,0
6505109,-0.284,-0.153,0.010,-0.007,0.010,-0.003,-110.400,-220.100,403.640,179.470,-2.580,-117.430,1,-0.0093,-0.0082,0.0615,0
6505187,-0.295,-0.153,0.026,-0.007,0.010,-0.004,-110.400,-220.100,403.640,179.470,-2.580,-117.430,1,-0.0093,-0.0082,0.0615,0
6505296,-0.303,-0.151,0.040,-0.007,0.010,-0.003,-110.400,-220.100,403.640,179.470,-2.580,-117.430,1,-0.0093,-0.0082,0.0615,0
6505390,-0.286,-0.140,0.021,-0.007,0.009,-0.003,-110.400,-220.100,403.640,179.470,-2.580,-117.430,1,-0.0093,-0.0082,0.0615,0
6505531,-0.283,-0.163,0.013,-0.007,0.010,-0.003,-110.400,-220.100,403.640,179.470,-2.580,-117.430,1,-0.0093,-0.0082,0.0615,0
6505578,-0.283,-0.161,0.023,-0.007,0.010,-0.003,-110.400,-220.100,403.640,179.470,-2.580,-117.430,1,-0.0093,-0.0082,0.0615,0
6505625,-0.286,-0.165,0.022,-0.007,0.009,-0.003,-110.400,-220.100,403.640,179.470,-2.580,-117.430,1,-0.0093,-0.0082,0.0615,0
6505703,-0.297,-0.169,0.032,-0.007,0.010,-0.003,-110.400,-220.100,403.640,179.470,-2.580,-117.430,1,-0.0093,-0.0082,0.0615,0
6505859,-0.279,-0.161,0.028,-0.007,0.009,-0.003,-110.400,-220.100,403.640,179.470,-2.580,-117.430,1,-0.0093,-0.0082,0.0615,0
6505953,-0.268,-0.164,0.047,-0.007,0.009,-0.005,-110.400,-220.100,403.640,179.470,-2.580,-117.430,1,-0.0093,-0.0082,0.0615,0
6506062,-0.293,-0.170,0.014,-0.007,0.010,-0.003,-110.400,-220.100,403.640,179.470,-2.580,-117.430,1,-0.0093,-0.0082,0.0615,0
6506125,-0.290,-0.159,0.006,-0.007,0.010,-0.003,-110.400,-220.100,403.640,179.470,-2.580,-117.430,1,-0.0093,-0.0082,0.0615,0
6506218,-0.283,-0.150,0.011,-0.007,0.009,-0.003,-110.400,-220.100,403.640,179.470,-2.580,-117.430,1,-0.0093,-0.0082,0.0615,0
6506296,-0.295,-0.140,0.017,-0.006,0.009,-0.002,-110.400,-220.100,403.640,179.470,-2.580,-117.430,1,-0.0093,-0.0082,0.0615,0
6506375,-0.288,-0.154,0.021,-0.007,0.009,-0.003,-110.400,-220.100,403.640,179.470,-2.580,-117.430,1,-0.0093,-0.0082,0.0615,0
6506484,-0.276,-0.158,0.026,-0.008,0.009,-0.004,-110.400,-220.100,403.640,179.470,-2.580,-117.430,1,-0.0093,-0.0082,0.0615,0
6506593,-0.286,-0.158,0.002,-0.007,0.010,-0.003,-110.400,-220.100,403.640,179.470,-2.580,-117.430,1,-0.0093,-0.0082,0.0615,0
6506750,-0.306,-0.168,0.038,-0.007,0.010,-0.004,-110.400,-220.100,403.640,179.470,-2.580,-117.430,1,-0.0093,-0.0082,0.0615,0
6506796,-0.307,-0.169,0.044,-0.007,0.010,-0.004,-110.400,-220.100,403.640,179.470,-2.580,-117.430,1,-0.0093,-0.0082,0.0615,0
6506843,-0.298,-0.170,0.042,-0.007,0.010,-0.004,-110.400,-220.100,403.640,179.470,-2.580,-117.430,1,-0.0093,-0.0082,0.0615,0
6506921,-0.281,-0.161,0.010,-0.007,0.010,-0.003,-110.400,-220.100,403.640,179.470,-2.580,-117.430,1,-0.0093,-0.0082,0.0615,0
6507062,-0.294,-0.136,0.000,-0.006,0.009,-0.002,-110.400,-220.100,403.640,179.470,-2.580,-117.430,1,-0.0093,-0.0082,0.0615,0
6507156,-0.277,-0.155,-0.005,-0.008,0.009,-0.003,-110.400,-220.100,403.640,179.470,-2.580,-117.430,1,-0.0093,-0.0082,0.0615,0
6507265,-0.286,-0.152,-0.049,-0.007,0.010,-0.001,-110.400,-220.100,403.640,179.470,-2.580,-117.430,1,-0.0093,-0.0082,0.0615,0
6507343,-0.284,-0.162,0.021,-0.007,0.010,-0.004,-110.400,-220.100,403.640,179.470,-2.580,-117.430,1,-0.0093,-0.0082,0.0615,0
6507437,-0.300,-0.156,0.013,-0.007,0.010,-0.003,-110.400,-220.100,403.640,179.470,-2.580,-117.430,1,-0.0093,-0.0082,0.0615,0
6507515,-0.318,-0.152,0.049,-0.007,0.010,-0.003,-110.400,-220.100,403.640,179.470,-2.580,-117.430,1,-0.0093,-0.0082,0.0615,0
6507593,-0.293,-0.160,0.039,-0.007,0.009,-0.004,-110.400,-220.100,403.640,179.470,-2.580,-117.430,1,-0.0093,-0.0082,0.0615,0
6507703,-0.271,-0.177,0.050,-0.007,0.010,-0.004,-110.400,-220.100,403.640,179.470,-2.580,-117.430,1,-0.0093,-0.0082,0.0615,0
6507812,-0.275,-0.149,0.020,-0.007,0.009,-0.003,-110.400,-220.100,403.640,179.470,-2.580,-117.430,1,-0.0093,-0.0082,0.0615,0
6507953,-0.279,-0.160,0.051,-0.007,0.009,-0.003,-110.400,-220.100,403.640,179.470,-2.580,-117.430,1,-0.0093,-0.0082,0.0615,0
6508000,-0.278,-0.157,0.044,-0.007,0.009,-0.004,-110.400,-220.100,403.640,179.470,-2.580,-117.430,1,-0.0093,-0.0082,0.0615,0
6508046,-0.275,-0.155,0.005,-0.008,0.010,-0.004,-110.400,-220.100,403.640,179.470,-2.580,-117.430,1,-0.0093,-0.0082,0.0615,0
6508125,-0.272,-0.158,0.052,-0.007,0.009,-0.004,-110.400,-220.100,403.640,179.470,-2.580,-117.430,1,-0.0093,-0.0082,0.0615,0
6508265,-0.289,-0.172,0.047,-0.007,0.011,-0.004,-110.400,-220.100,403.640,179.470,-2.580,-117.430,1,-0.0093,-0.0082,0.0615,0
6508359,-0.272,-0.147,-0.011,-0.007,0.009,-0.003,-110.400,-220.100,403.640,179.470,-2.580,-117.430,1,-0.0093,-0.0082,0.0615,0
6508468,-0.277,-0.137,-0.004,-0.007,0.010,-0.002,-110.400,-220.100,403.640,179.470,-2.580,-117.430,1,-0.0093,-0.0082,0.0615,0
6508546,-0.292,-0.158,0.038,-0.007,0.010,-0.004,-110.400,-220.100,403.640,179.470,-2.580,-117.430,1,-0.0093,-0.0082,0.0615,0
6508640,-0.277,-0.142,0.035,-0.007,0.009,-0.003,-110.400,-220.100,403.640,179.470,-2.580,-117.430,1,-0.0093,-0.0082,0.0615,0
6508718,-0.274,-0.147,0.039,-0.007,0.009,-0.004,-110.400,-220.100,403.640,179.470,-2.580,-117.430,1,-0.0093,-0.0082,0.0615,0
6508796,-0.278,-0.159,-0.019,-0.008,0.009,-0.003,-110.400,-220.100,403.640,179.470,-2.580,-117.430,1,-0.0093,-0.0082,0.0615,0
6508906,-0.286,-0.153,0.000,-0.007,0.010,-0.003,-110.400,-220.100,403.640,179.470,-2.580,-117.430,1,-0.0093,-0.0082,0.0615,0
6509015,-0.287,-0.151,0.030,-0.007,0.010,-0.004,-110.400,-220.100,403.640,179.470,-2.580,-117.430,1,-0.0093,-0.0082,0.0615,0
6509156,-0.273,-0.151,0.003,-0.007,0.009,-0.003,-110.400,-220.100,403.640,179.470,-2.580,-117.430,1,-0.0093,-0.0082,0.0615,0
6509203,-0.286,-0.157,0.042,-0.007,0.009,-0.005,-110.400,-220.100,403.640,179.470,-2.580,-117.430,1,-0.0093,-0.0082,0.0615,0
6509250,-0.265,-0.152,0.015,-0.007,0.009,-0.004,-110.400,-220.100,403.640,179.470,-2.580,-117.430,1,-0.0093,-0.0082,0.0615,0
6509328,-0.280,-0.150,0.010,-0.007,0.010,-0.003,-110.400,-220.100,403.640,179.470,-2.580,-117.430,1,-0.0093,-0.0082,0.0615,0
6509468,-0.288,-0.131,0.020,-0.006,0.010,-0.003,-110.400,-220.100,403.640,179.470,-2.580,-117.430,1,-0.0093,-0.0082,0.0615,0
6509546,-0.279,-0.146,0.032,-0.007,0.009,-0.004,-110.400,-220.100,403.640,179.470,-2.580,-117.430,1,-0.0093,-0.0082,0.0615,0
6509593,-0.281,-0.145,0.046,-0.007,0.010,-0.004,-110.400,-220.100,403.640,179.470,-2.580,-117.430,1,-0.0093,-0.0082,0.0615,0
6509687,-0.268,-0.163,0.005,-0.007,0.009,-0.004,-110.400,-220.100,403.640,179.470,-2.580,-117.430,1,-0.0093,-0.0082,0.0615,0
6509765,-0.268,-0.169,0.046,-0.008,0.009,-0.005,-110.400,-220.100,403.640,179.470,-2.580,-117.430,1,-0.0093,-0.0082,0.0615,0
6509843,-0.284,-0.131,-0.024,-0.007,0.009,-0.002,-110.400,-220.100,403.640,179.470,-2.580,-117.430,1,-0.0093,-0.0082,0.0615,0
6509937,-0.271,-0.160,0.062,-0.007,0.009,-0.005,-110.400,-220.100,403.640,179.470,-2.580,-117.430,1,-0.0093,-0.0082,0.0615,0
6510015,-0.269,-0.143,0.032,-0.007,0.009,-0.004,-110.400,-220.100,403.640,179.470,-2.580,-117.430,1,-0.0093,-0.0082,0.0615,0
6510125,-0.276,-0.124,-0.021,-0.006,0.010,-0.002,-110.400,-220.100,403.640,179.470,-2.580,-117.430,1,-0.0093,-0.0082,0.0615,0
6510218,-0.284,-0.139,-0.021,-0.006,0.010,-0.003,-110.400,-220.100,403.640,179.470,-2.580,-117.430,1,-0.0093,-0.0082,0.0615,0
6510359,-0.264,-0.149,0.041,-0.007,0.009,-0.005,-110.400,-220.100,403.640,179.470,-2.580,-117.430,1,-0.0093,-0.0082,0.0615,0
6510406,-0.270,-0.150,0.036,-0.007,0.010,-0.004,-110.400,-220.100,403.640,179.470,-2.580,-117.430,1,-0.0093,-0.0082,0.0615,0
6510453,-0.270,-0.149,0.030,-0.007,0.009,-0.004,-110.400,-220.100,403.640,179.470,-2.580,-117.430,1,-0.0093,-0.0082,0.0615,0
6510531,-0.274,-0.139,-0.014,-0.007,0.009,-0.003,-110.400,-220.100,403.640,179.470,-2.580,-117.430,1,-0.0093,-0.0082,0.0615,0
6510671,-0.275,-0.144,0.034,-0.007,0.010,-0.004,-110.400,-220.100,403.640,179.470,-2.580,-117.430,1,-0.0093,-0.0082,0.0615,0
6510765,-0.265,-0.143,0.035,-0.007,0.010,-0.004,-110.400,-220.100,403.640,179.470,-2.580,-117.430,1,-0.0093,-0.0082,0.0615,0
6510875,-0.279,-0.121,-0.047,-0.006,0.010,-0.001,-110.400,-220.100,403.640,179.470,-2.580,-117.430,1,-0.0093,-0.0082,0.0615,0
6510953,-0.271,-0.128,-0.005,-0.006,0.009,-0.002,-110.400,-220.100,403.640,179.470,-2.580,-117.430,1,-0.0093,-0.0082,0.0615,0
6511046,-0.259,-0.157,0.044,-0.007,0.009,-0.005,-110.400,-220.100,403.640,179.470,-2.580,-117.430,1,-0.0093,-0.0082,0.0615,0
6511125,-0.262,-0.166,0.031,-0.008,0.009,-0.005,-110.400,-220.100,403.640,179.470,-2.580,-117.430,1,-0.0093,-0.0082,0.0615,0
6511203,-0.278,-0.144,-0.033,-0.007,0.010,-0.002,-110.400,-220.100,403.640,179.470,-2.580,-117.430,1,-0.0093,-0.0082,0.0615,0
6511312,-0.261,-0.158,0.041,-0.007,0.009,-0.005,-110.400,-220.100,403.640,179.470,-2.580,-117.430,1,-0.0093,-0.0082,0.0615,0
6511421,-0.259,-0.155,0.036,-0.007,0.009,-0.005,-110.400,-220.100,403.640,179.470,-2.580,-117.430,1,-0.0093,-0.0082,0.0615,0
6511562,-0.258,-0.133,-0.000,-0.006,0.009,-0.002,-110.400,-220.100,403.640,179.470,-2.580,-117.430,1,-0.0093,-0.0082,0.0615,0
6511609,-0.264,-0.133,0.001,-0.006,0.009,-0.002,-110.400,-220.100,403.640,179.470,-2.580,-117.430,1,-0.0093,-0.0082,0.0615,0
6511656,-0.270,-0.133,-0.016,-0.006,0.009,-0.002,-110.400,-220.100,403.640,179.470,-2.580,-117.430,1,-0.0093,-0.0082,0.0615,0
6511734,-0.259,-0.148,0.038,-0.007,0.009,-0.005,-110.400,-220.100,403.640,179.470,-2.580,-117.430,1,-0.0093,-0.0082,0.0615,0
6511875,-0.278,-0.139,0.010,-0.006,0.010,-0.003,-110.400,-220.100,403.640,179.470,-2.580,-117.430,1,-0.0093,-0.0082,0.0615,0
6511968,-0.282,-0.136,0.013,-0.006,0.009,-0.003,-110.400,-220.100,403.640,179.470,-2.580,-117.430,1,-0.0093,-0.0082,0.0615,0
6512078,-0.273,-0.143,0.035,-0.007,0.009,-0.004,-110.400,-220.100,403.640,179.470,-2.580,-117.430,1,-0.0093,-0.0082,0.0615,0
6512156,-0.276,-0.140,0.013,-0.007,0.010,-0.003,-110.400,-220.100,403.640,179.470,-2.580,-117.430,1,-0.0093,-0.0082,0.0615,0
6512250,-0.287,-0.125,-0.029,-0.006,0.010,-0.002,-110.400,-220.100,403.640,179.470,-2.580,-117.430,1,-0.0093,-0.0082,0.0615,0
6512328,-0.288,-0.129,-0.025,-0.005,0.010,-0.001,-110.400,-220.100,403.640,179.470,-2.580,-117.430,1,-0.0093,-0.0082,0.0615,0
6512406,-0.265,-0.138,0.018,-0.006,0.009,-0.004,-110.400,-220.100,403.640,179.470,-2.580,-117.430,1,-0.0093,-0.0082,0.0615,0
6512515,-0.290,-0.149,-0.014,-0.006,0.010,-0.002,-110.400,-220.100,403.640,179.470,-2.580,-117.430,1,-0.0093,-0.0082,0.0615,0
6512625,-0.287,-0.140,-0.012,-0.006,0.010,-0.002,-110.400,-220.100,403.640,179.470,-2.580,-117.430,1,-0.0093,-0.0082,0.0615,0
6512765,-0.274,-0.154,0.012,-0.007,0.009,-0.004,-110.400,-220.100,403.640,179.470,-2.580,-117.430,1,-0.0093,-0.0082,0.0615,0
6512812,-0.270,-0.148,0.012,-0.007,0.009,-0.004,-110.400,-220.100,403.640,179.470,-2.580,-117.430,1,-0.0093,-0.0082,0.0615,0
6512859,-0.287,-0.138,0.002,-0.006,0.010,-0.003,-110.400,-220.100,403.640,179.470,-2.580,-117.430,1,-0.0093,-0.0082,0.0615,0
6512937,-0.283,-0.141,0.017,-0.006,0.010,-0.003,-110.400,-220.100,403.640,179.470,-2.580,-117.430,1,-0.0093,-0.0082,0.0615,0
6513078,-0.284,-0.143,0.012,-0.007,0.010,-0.003,-110.400,-220.100,403.640,179.470,-2.580,-117.430,1,-0.0093,-0.0082,0.0615,0
6513171,-0.306,-0.144,0.010,-0.006,0.010,-0.002,-110.400,-220.100,403.640,179.470,-2.580,-117.430,1,-0.0093,-0.0082,0.0615,0
6513281,-0.282,-0.176,0.010,-0.007,0.009,-0.004,-110.400,-220.100,403.640,179.470,-2.580,-117.430,1,-0.0093,-0.0082,0.0615,0
6513359,-0.301,-0.125,-0.004,-0.006,0.010,-0.002,-110.400,-220.100,403.640,179.470,-2.580,-117.430,1,-0.0093,-0.0082,0.0615,0
6513453,-0.304,-0.116,0.018,-0.006,0.010,-0.002,-110.400,-220.100,403.640,179.470,-2.580,-117.430,1,-0.0093,-0.0082,0.0615,0
6513531,-0.321,-0.115,0.003,-0.005,0.010,-0.002,-110.400,-220.100,403.640,179.470,-2.580,-117.430,1,-0.0093,-0.0082,0.0615,0
6513609,-0.276,-0.152,0.009,-0.007,0.009,-0.003,-110.400,-220.100,403.640,179.470,-2.580,-117.430,1,-0.0093,-0.0082,0.0615,0
6513718,-0.275,-0.142,0.009,-0.007,0.010,-0.004,-110.400,-220.100,403.640,179.470,-2.580,-117.430,1,-0.0093,-0.0082,0.0615,0
6513812,-0.302,-0.158,0.008,-0.006,0.010,-0.002,-110.400,-220.100,403.640,179.470,-2.580,-117.430,1,-0.0093,-0.0082,0.0615,0
6513968,-0.282,-0.157,0.047,-0.007,0.010,-0.004,-110.400,-220.100,403.640,179.470,-2.580,-117.430,1,-0.0093,-0.0082,0.0615,0
6514015,-0.277,-0.145,0.022,-0.007,0.010,-0.004,-110.400,-220.100,403.640,179.470,-2.580,-117.430,1,-0.0093,-0.0082,0.0615,0
6514062,-0.283,-0.137,0.012,-0.006,0.010,-0.003,-110.400,-220.100,403.640,179.470,-2.580,-117.430,1,-0.0093,-0.0082,0.0615,0
6514140,-0.295,-0.120,0.019,-0.005,0.011,-0.001,-110.400,-220.100,403.640,179.470,-2.580,-117.430,1,-0.0093,-0.0082,0.0615,0
6514281,-0.292,-0.143,0.002,-0.006,0.010,-0.003,-110.400,-220.100,403.640,179.470,-2.580,-117.430,1,-0.0093,-0.0082,0.0615,0
6514375,-0.296,-0.145,-0.000,-0.007,0.010,-0.003,-110.400,-220.100,403.640,179.470,-2.580,-117.430,1,-0.0093,-0.0082,0.0615,0
6514484,-0.316,-0.146,0.032,-0.006,0.010,-0.003,-110.400,-220.100,403.640,179.470,-2.580,-117.430,1,-0.0093,-0.0082,0.0615,0
6514562,-0.309,-0.145,-0.008,-0.006,0.010,-0.002,-110.400,-220.100,403.640,179.470,-2.580,-117.430,1,-0.0093,-0.0082,0.0615,0
6514656,-0.313,-0.147,-0.005,-0.007,0.011,-0.003,-110.400,-220.100,403.640,179.470,-2.580,-117.430,1,-0.0093,-0.0082,0.0615,0
6514734,-0.286,-0.135,0.001,-0.007,0.010,-0.003,-110.400,-220.100,403.640,179.470,-2.580,-117.430,1,-0.0093,-0.0082,0.0615,0
6514812,-0.286,-0.146,0.018,-0.007,0.010,-0.004,-110.400,-220.100,403.640,179.470,-2.580,-117.430,1,-0.0093,-0.0082,0.0615,0
6514921,-0.300,-0.112,0.049,-0.006,0.010,-0.003,-110.400,-220.100,403.640,179.470,-2.580,-117.430,1,-0.0093,-0.0082,0.0615,0
6515031,-0.297,-0.134,0.013,-0.006,0.010,-0.003,-110.400,-220.100,403.640,179.470,-2.580,-117.430,1,-0.0093,-0.0082,0.0615,0
6515171,-0.298,-0.144,0.025,-0.006,0.010,-0.004,-110.400,-220.100,403.640,179.470,-2.580,-117.430,1,-0.0093,-0.0082,0.0615,0
6515218,-0.294,-0.143,0.047,-0.006,0.010,-0.004,-110.400,-220.100,403.640,179.470,-2.580,-117.430,1,-0.0093,-0.0082,0.0615,0
6515265,-0.272,-0.161,0.080,-0.007,0.010,-0.006,-110.400,-220.100,403.640,179.470,-2.580,-117.430,1,-0.0093,-0.0082,0.0615,0
6515343,-0.299,-0.154,0.051,-0.007,0.010,-0.005,-110.400,-220.100,403.640,179.470,-2.580,-117.430,1,-0.0093,-0.0082,0.0615,0
6515484,-0.285,-0.149,0.030,-0.007,0.010,-0.004,-110.400,-220.100,403.640,179.470,-2.580,-117.430,1,-0.0093,-0.0082,0.0615,0
6515578,-0.280,-0.136,-0.023,-0.007,0.010,-0.003,-110.400,-220.100,403.640,179.470,-2.580,-117.430,1,-0.0093,-0.0082,0.0615,0
6515687,-0.273,-0.145,0.038,-0.006,0.010,-0.004,-110.400,-220.100,403.640,179.470,-2.580,-117.430,1,-0.0093,-0.0082,0.0615,0
6515765,-0.275,-0.146,0.025,-0.007,0.010,-0.004,-110.400,-220.100,403.640,179.470,-2.580,-117.430,1,-0.0093,-0.0082,0.0615,0
6515859,-0.285,-0.141,-0.020,-0.007,0.010,-0.003,-110.400,-220.100,403.640,179.470,-2.580,-117.430,1,-0.0093,-0.0082,0.0615,0
6515937,-0.277,-0.149,0.037,-0.007,0.010,-0.005,-110.400,-220.100,403.640,179.470,-2.580,-117.430,1,-0.0093,-0.0082,0.0615,0
6516015,-0.281,-0.149,0.038,-0.007,0.010,-0.004,-110.400,-220.100,403.640,179.470,-2.580,-117.430,1,-0.0093,-0.0082,0.0615,0
6516125,-0.270,-0.136,-0.007,-0.007,0.010,-0.003,-110.400,-220.100,403.640,179.470,-2.580,-117.430,1,-0.0093,-0.0082,0.0615,0
6516234,-0.287,-0.154,0.035,-0.007,0.010,-0.004,-110.400,-220.100,403.640,179.470,-2.580,-117.430,1,-0.0093,-0.0082,0.0615,0
6516375,-0.271,-0.148,0.002,-0.007,0.010,-0.003,-110.400,-220.100,403.640,179.470,-2.580,-117.430,1,-0.0093,-0.0082,0.0615,0
6516421,-0.265,-0.161,0.028,-0.007,0.009,-0.004,-110.400,-220.100,403.640,179.470,-2.580,-117.430,1,-0.0093,-0.0082,0.0615,0
6516468,-0.271,-0.155,-0.014,-0.007,0.010,-0.003,-110.400,-220.100,403.640,179.470,-2.580,-117.430,1,-0.0093,-0.0082,0.0615,0
6516546,-0.273,-0.149,-0.001,-0.007,0.010,-0.003,-110.400,-220.100,403.640,179.470,-2.580,-117.430,1,-0.0093,-0.0082,0.0615,0
6516687,-0.270,-0.152,0.044,-0.007,0.009,-0.005,-110.400,-220.100,403.640,179.470,-2.580,-117.430,1,-0.0093,-0.0082,0.0615,0
6516781,-0.271,-0.139,-0.001,-0.006,0.009,-0.002,-110.400,-220.100,403.640,179.470,-2.580,-117.430,1,-0.0093,-0.0082,0.0615,0
6516890,-0.273,-0.143,0.015,-0.007,0.009,-0.003,-110.400,-220.100,403.640,179.470,-2.580,-117.430,1,-0.0093,-0.0082,0.0615,0
6516984,-0.264,-0.141,0.023,-0.006,0.009,-0.004,-110.400,-220.100,403.640,179.470,-2.580,-117.430,1,-0.0093,-0.0082,0.0615,0
6517078,-0.264,-0.152,0.012,-0.006,0.010,-0.003,-110.400,-220.100,403.640,179.470,-2.580,-117.430,1,-0.0093,-0.0082,0.0615,0
6517156,-0.270,-0.157,0.028,-0.007,0.010,-0.004,-110.400,-220.100,403.640,179.470,-2.580,-117.430,1,-0.0093,-0.0082,0.0615,0
6517234,-0.272,-0.150,0.002,-0.006,0.009,-0.002,-110.400,-220.100,403.640,179.470,-2.580,-117.430,1,-0.0093,-0.0082,0.0615,0
6517343,-0.264,-0.145,0.045,-0.007,0.009,-0.005,-110.400,-220.100,403.640,179.470,-2.580,-117.430,1,-0.0093,-0.0082,0.0615,0
6517453,-0.271,-0.135,0.007,-0.006,0.010,-0.004,-110.400,-220.100,403.640,179.470,-2.580,-117.430,1,-0.0093,-0.0082,0.0615,0
6517593,-0.276,-0.123,-0.003,-0.005,0.009,-0.002,-110.400,-220.100,403.640,179.470,-2.580,-117.430,1,-0.0093,-0.0082,0.0615,0
6517640,-0.268,-0.123,0.019,-0.005,0.009,-0.003,-110.400,-220.100,403.640,179.470,-2.580,-117.430,1,-0.0093,-0.0082,0.0615,0
6517687,-0.248,-0.129,0.043,-0.006,0.009,-0.004,-110.400,-220.100,403.640,179.470,-2.580,-117.430,1,-0.0093,-0.0082,0.0615,0
6517765,-0.272,-0.135,-0.006,-0.006,0.009,-0.003,-110.400,-220.100,403.640,179.470,-2.580,-117.430,1,-0.0093,-0.0082,0.0615,0
6517906,-0.282,-0.141,-0.012,-0.006,0.010,-0.002,-110.400,-220.100,403.640,179.470,-2.580,-117.430,1,-0.0093,-0.0082,0.0615,0
6518000,-0.256,-0.147,0.028,-0.007,0.009,-0.005,-110.400,-220.100,403.640,179.470,-2.580,-117.430,1,-0.0093,-0.0082,0.0615,0
6518109,-0.253,-0.147,0.017,-0.007,0.009,-0.005,-110.400,-220.100,403.640,179.470,-2.580,-117.430,1,-0.0093,-0.0082,0.0615,0
6518187,-0.282,-0.123,-0.022,-0.006,0.010,-0.001,-110.400,-220.100,403.640,179.470,-2.580,-117.430,1,-0.0093,-0.0082,0.0615,0
6518281,-0.288,-0.132,0.027,-0.005,0.010,-0.002,-110.400,-220.100,403.640,179.470,-2.580,-117.430,1,-0.0093,-0.0082,0.0615,0
6518359,-0.280,-0.131,0.009,-0.006,0.010,-0.002,-110.400,-220.100,403.640,179.470,-2.580,-117.430,1,-0.0093,-0.0082,0.0615,0
6518437,-0.247,-0.136,0.010,-0.007,0.009,-0.004,-110.400,-220.100,403.640,179.470,-2.580,-117.430,1,-0.0093,-0.0082,0.0615,0
6518546,-0.268,-0.138,0.012,-0.006,0.010,-0.003,-110.400,-220.100,403.640,179.470,-2.580,-117.430,1,-0.0093,-0.0082,0.0615,0
6518656,-0.279,-0.125,0.012,-0.006,0.009,-0.003,-110.400,-220.100,403.640,179.470,-2.580,-117.430,1,-0.0093,-0.0082,0.0615,0
6518796,-0.267,-0.141,0.014,-0.007,0.009,-0.003,-110.400,-220.100,403.640,179.470,-2.580,-117.430,1,-0.0093,-0.0082,0.0615,0
6518843,-0.266,-0.144,0.014,-0.007,0.009,-0.003,-110.400,-220.100,403.640,179.470,-2.580,-117.430,1,-0.0093,-0.0082,0.0615,0
6518890,-0.291,-0.123,0.007,-0.006,0.010,-0.002,-110.400,-220.100,403.640,179.470,-2.580,-117.430,1,-0.0093,-0.0082,0.0615,0
6518968,-0.313,-0.110,0.007,-0.005,0.011,-0.002,-110.400,-220.100,403.640,179.470,-2.580,-117.430,1,-0.0093,-0.0082,0.0615,0
6519109,-0.272,-0.138,0.016,-0.006,0.009,-0.003,-110.400,-220.100,403.640,179.470,-2.580,-117.430,1,-0.0093,-0.0082,0.0615,0
6519203,-0.295,-0.148,0.015,-0.006,0.010,-0.002,-110.400,-220.100,403.640,179.470,-2.580,-117.430,1,-0.0093,-0.0082,0.0615,0
6519312,-0.292,-0.151,0.015,-0.006,0.010,-0.003,-110.400,-220.100,403.640,179.470,-2.580,-117.430,1,-0.0093,-0.0082,0.0615,0
6519390,-0.270,-0.141,-0.002,-0.007,0.009,-0.003,-110.400,-220.100,403.640,179.470,-2.580,-117.430,1,-0.0093,-0.0082,0.0615,0
6519484,-0.271,-0.145,0.005,-0.007,0.009,-0.004,-110.400,-220.100,403.640,179.470,-2.580,-117.430,1,-0.0093,-0.0082,0.0615,0
6519562,-0.280,-0.133,0.041,-0.006,0.010,-0.003,-110.400,-220.100,403.640,179.470,-2.580,-117.430,1,-0.0093,-0.0082,0.0615,0
6519640,-0.278,-0.141,0.035,-0.006,0.010,-0.003,-110.400,-220.100,403.640,179.470,-2.580,-117.430,1,-0.0093,-0.0082,0.0615,0
6519750,-0.268,-0.136,0.013,-0.007,0.009,-0.003,-110.400,-220.100,403.640,179.470,-2.580,-117.430,1,-0.0093,-0.0082,0.0615,0
6519859,-0.288,-0.134,-0.027,-0.006,0.010,-0.002,-110.400,-220.100,403.640,179.470,-2.580,-117.430,1,-0.0093,-0.0082,0.0615,0
6520000,-0.292,-0.147,0.030,-0.006,0.010,-0.004,-110.400,-220.100,403.640,179.470,-2.580,-117.430,1,-0.0093,-0.0082,0.0615,0
6520046,-0.265,-0.139,0.024,-0.007,0.009,-0.004,-110.400,-220.100,403.640,179.470,-2.580,-117.430,1,-0.0093,-0.0082,0.0615,0
6520093,-0.274,-0.144,0.014,-0.007,0.009,-0.003,-110.400,-220.100,403.640,179.470,-2.580,-117.430,1,-0.0093,-0.0082,0.0615,0
6520171,-0.277,-0.136,0.001,-0.007,0.009,-0.003,-110.400,-220.100,403.640,179.470,-2.580,-117.430,1,-0.0093,-0.0082,0.0615,0
6520312,-0.289,-0.115,0.014,-0.006,0.010,-0.003,-110.400,-220.100,403.640,179.470,-2.580,-117.430,1,-0.0093,-0.0082,0.0615,0
6520406,-0.285,-0.125,0.028,-0.006,0.010,-0.003,-110.400,-220.100,403.640,179.470,-2.580,-117.430,1,-0.0093,-0.0082,0.0615,0
6520515,-0.275,-0.134,0.006,-0.006,0.009,-0.003,-110.400,-220.100,403.640,179.470,-2.580,-117.430,1,-0.0093,-0.0082,0.0615,0
6520593,-0.269,-0.146,-0.019,-0.007,0.009,-0.003,-110.400,-220.100,403.640,179.470,-2.580,-117.430,1,-0.0093,-0.0082,0.0615,0
6520687,-0.291,-0.142,0.013,-0.007,0.010,-0.003,-110.400,-220.100,403.640,179.470,-2.580,-117.430,1,-0.0093,-0.0082,0.0615,0
6520765,-0.274,-0.129,-0.026,-0.006,0.010,-0.002,-110.400,-220.100,403.640,179.470,-2.580,-117.430,1,-0.0093,-0.0082,0.0615,0
6520843,-0.273,-0.145,0.030,-0.006,0.010,-0.004,-110.400,-220.100,403.640,179.470,-2.580,-117.430,1,-0.0093,-0.0082,0.0615,0
6520953,-0.267,-0.130,0.035,-0.006,0.009,-0.003,-110.400,-220.100,403.640,179.470,-2.580,-117.430,1,-0.0093,-0.0082,0.0615,0
6521062,-0.276,-0.139,0.004,-0.007,0.009,-0.003,-110.400,-220.100,403.640,179.470,-2.580,-117.430,1,-0.0093,-0.0082,0.0615,0
6521203,-0.264,-0.155,0.050,-0.007,0.009,-0.005,-110.400,-220.100,403.640,179.470,-2.580,-117.430,1,-0.0093,-0.0082,0.0615,0
6521250,-0.278,-0.154,0.053,-0.007,0.010,-0.004,-110.400,-220.100,403.640,179.470,-2.580,-117.430,1,-0.0093,-0.0082,0.0615,0
6521296,-0.276,-0.155,0.038,-0.006,0.010,-0.004,-110.400,-220.100,403.640,179.470,-2.580,-117.430,1,-0.0093,-0.0082,0.0615,0
6521375,-0.271,-0.134,-0.010,-0.007,0.009,-0.003,-110.400,-220.100,403.640,179.470,-2.580,-117.430,1,-0.0093,-0.0082,0.0615,0
6521515,-0.273,-0.134,-0.001,-0.007,0.009,-0.003,-110.400,-220.100,403.640,179.470,-2.580,-117.430,1,-0.0093,-0.0082,0.0615,0
6521609,-0.274,-0.139,0.043,-0.007,0.010,-0.004,-110.400,-220.100,403.640,179.470,-2.580,-117.430,1,-0.0093,-0.0082,0.0615,0
6521718,-0.268,-0.135,0.048,-0.007,0.010,-0.004,-110.400,-220.100,403.640,179.470,-2.580,-117.430,1,-0.0093,-0.0082,0.0615,0
6521796,-0.270,-0.144,-0.020,-0.007,0.009,-0.003,-110.400,-220.100,403.640,179.470,-2.580,-117.430,1,-0.0093,-0.0082,0.0615,0
6521890,-0.269,-0.138,0.032,-0.006,0.009,-0.004,-110.400,-220.100,403.640,179.470,-2.580,-117.430,1,-0.0093,-0.0082,0.0615,0
6521968,-0.267,-0.144,0.024,-0.007,0.009,-0.004,-110.400,-220.100,403.640,179.470,-2.580,-117.430,1,-0.0093,-0.0082,0.0615,0
6522046,-0.270,-0.145,0.029,-0.007,0.009,-0.004,-110.400,-220.100,403.640,179.470,-2.580,-117.430,1,-0.0093,-0.0082,0.0615,0
6522156,-0.261,-0.132,-0.046,-0.007,0.009,-0.001,-110.400,-220.100,403.640,179.470,-2.580,-117.430,1,-0.0093,-0.0082,0.0615,0
6522265,-0.261,-0.149,0.034,-0.007,0.009,-0.004,-110.400,-220.100,403.640,179.470,-2.580,-117.430,1,-0.0093,-0.0082,0.0615,0
6522406,-0.267,-0.148,0.005,-0.006,0.009,-0.003,-110.400,-220.100,403.640,179.470,-2.580,-117.430,1,-0.0093,-0.0082,0.0615,0
6522453,-0.266,-0.160,0.005,-0.007,0.009,-0.003,-110.400,-220.100,403.640,179.470,-2.580,-117.430,1,-0.0093,-0.0082,0.0615,0
6522500,-0.253,-0.166,0.029,-0.008,0.009,-0.004,-110.400,-220.100,403.640,179.470,-2.580,-117.430,1,-0.0093,-0.0082,0.0615,0
6522578,-0.264,-0.163,-0.008,-0.007,0.009,-0.003,-110.400,-220.100,403.640,179.470,-2.580,-117.430,1,-0.0093,-0.0082,0.0615,0
6522718,-0.265,-0.147,0.006,-0.007,0.009,-0.003,-110.400,-220.100,403.640,179.470,-2.580,-117.430,1,-0.0093,-0.0082,0.0615,0
6522812,-0.249,-0.152,0.036,-0.007,0.009,-0.005,-110.400,-220.100,403.640,179.470,-2.580,-117.430,1,-0.0093,-0.0082,0.0615,0
6522921,-0.259,-0.155,0.068,-0.007,0.009,-0.005,-110.400,-220.100,403.640,179.470,-2.580,-117.430,1,-0.0093,-0.0082,0.0615,0
6523000,-0.265,-0.132,0.002,-0.007,0.009,-0.003,-110.400,-220.100,403.640,179.470,-2.580,-117.430,1,-0.0093,-0.0082,0.0615,0
6523093,-0.243,-0.140,0.061,-0.007,0.009,-0.005,-110.400,-220.100,403.640,179.470,-2.580,-117.430,1,-0.0093,-0.0082,0.0615,0
6523171,-0.268,-0.136,-0.020,-0.006,0.009,-0.002,-110.400,-220.100,403.640,179.470,-2.580,-117.430,1,-0.0093,-0.0082,0.0615,0
6523250,-0.257,-0.159,0.010,-0.007,0.009,-0.005,-110.400,-220.100,403.640,179.470,-2.580,-117.430,1,-0.0093,-0.0082,0.0615,0
6523359,-0.275,-0.145,-0.015,-0.007,0.009,-0.002,-110.400,-220.100,403.640,179.470,-2.580,-117.430,1,-0.0093,-0.0082,0.0615,0
6523468,-0.255,-0.151,0.042,-0.007,0.009,-0.004,-110.400,-220.100,403.640,179.470,-2.580,-117.430,1,-0.0093,-0.0082,0.0615,0
6523609,-0.273,-0.137,-0.018,-0.006,0.009,-0.002,-110.400,-220.100,403.640,179.470,-2.580,-117.430,1,-0.0093,-0.0082,0.0615,0
6523656,-0.269,-0.136,-0.003,-0.006,0.009,-0.002,-110.400,-220.100,403.640,179.470,-2.580,-117.430,1,-0.0093,-0.0082,0.0615,0
6523703,-0.271,-0.138,0.004,-0.006,0.009,-0.002,-110.400,-220.100,403.640,179.470,-2.580,-117.430,1,-0.0093,-0.0082,0.0615,0
6523781,-0.270,-0.137,-0.006,-0.006,0.009,-0.002,-110.400,-220.100,403.640,179.470,-2.580,-117.430,1,-0.0093,-0.0082,0.0615,0
6523921,-0.260,-0.144,-0.011,-0.007,0.009,-0.003,-110.400,-220.100,403.640,179.470,-2.580,-117.430,1,-0.0093,-0.0082,0.0615,0
6524015,-0.271,-0.154,0.002,-0.006,0.009,-0.002,-110.400,-220.100,403.640,179.470,-2.580,-117.430,1,-0.0093,-0.0082,0.0615,0
6524125,-0.257,-0.155,0.048,-0.007,0.009,-0.004,-110.400,-220.100,403.640,179.470,-2.580,-117.430,1,-0.0093,-0.0082,0.0615,0
6524203,-0.265,-0.152,0.003,-0.007,0.010,-0.003,-110.400,-220.100,403.640,179.470,-2.580,-117.430,1,-0.0093,-0.0082,0.0615,0
6524296,-0.275,-0.138,0.009,-0.006,0.010,-0.003,-110.400,-220.100,403.640,179.470,-2.580,-117.430,1,-0.0093,-0.0082,0.0615,0
6524375,-0.294,-0.126,-0.006,-0.005,0.010,-0.001,-110.400,-220.100,403.640,179.470,-2.580,-117.430,1,-0.0093,-0.0082,0.0615,0
6524453,-0.237,-0.159,0.037,-0.007,0.009,-0.004,-110.400,-220.100,403.640,179.470,-2.580,-117.430,1,-0.0093,-0.0082,0.0615,0
6524562,-0.284,-0.125,-0.002,-0.006,0.010,-0.002,-110.400,-220.100,403.640,179.470,-2.580,-117.430,1,-0.0093,-0.0082,0.0615,0
6524671,-0.298,-0.164,-0.016,-0.007,0.010,-0.001,-110.400,-220.100,403.640,179.470,-2.580,-117.430,1,-0.0093,-0.0082,0.0615,0
6524812,-0.268,-0.151,0.009,-0.007,0.010,-0.004,-110.400,-220.100,403.640,179.470,-2.580,-117.430,1,-0.0093,-0.0082,0.0615,0
6524859,-0.259,-0.153,0.026,-0.007,0.009,-0.004,-110.400,-220.100,403.640,179.470,-2.580,-117.430,1,-0.0093,-0.0082,0.0615,0
6524906,-0.266,-0.153,0.017,-0.007,0.009,-0.003,-110.400,-220.100,403.640,179.470,-2.580,-117.430,1,-0.0093,-0.0082,0.0615,0
6524984,-0.288,-0.138,-0.015,-0.005,0.010,-0.001,-110.400,-220.100,403.640,179.470,-2.580,-117.430,1,-0.0093,-0.0082,0.0615,0
6525125,-0.261,-0.148,0.020,-0.007,0.009,-0.003,-110.400,-220.100,403.640,179.470,-2.580,-117.430,1,-0.0093,-0.0082,0.0615,0
6525218,-0.268,-0.144,0.022,-0.006,0.010,-0.003,-110.400,-220.100,403.640,179.470,-2.580,-117.430,1,-0.0093,-0.0082,0.0615,0
6525328,-0.297,-0.156,0.018,-0.006,0.010,-0.002,-110.400,-220.100,403.640,179.470,-2.580,-117.430,1,-0.0093,-0.0082,0.0615,0
6525406,-0.271,-0.154,0.012,-0.007,0.009,-0.003,-110.400,-220.100,403.640,179.470,-2.580,-117.430,1,-0.0093,-0.0082,0.0615,0
6525500,-0.262,-0.151,0.031,-0.007,0.009,-0.003,-110.400,-220.100,403.640,179.470,-2.580,-117.430,1,-0.0093,-0.0082,0.0615,0
6525578,-0.278,-0.139,-0.004,-0.006,0.010,-0.002,-110.400,-220.100,403.640,179.470,-2.580,-117.430,1,-0.0093,-0.0082,0.0615,0
6525656,-0.283,-0.123,0.000,-0.005,0.010,-0.002,-110.400,-220.100,403.640,179.470,-2.580,-117.430,1,-0.0093,-0.0082,0.0615,0
6525765,-0.290,-0.120,0.019,-0.005,0.010,-0.002,-110.400,-220.100,403.640,179.470,-2.580,-117.430,1,-0.0093,-0.0082,0.0615,0
6525890,-0.276,-0.136,-0.006,-0.007,0.010,-0.002,-110.400,-220.100,403.640,179.470,-2.580,-117.430,1,-0.0093,-0.0082,0.0615,0
6526031,-0.282,-0.143,0.021,-0.006,0.010,-0.003,-110.400,-220.100,403.640,179.470,-2.580,-117.430,1,-0.0093,-0.0082,0.0615,0
6526078,-0.298,-0.138,0.035,-0.006,0.011,-0.003,-110.400,-220.100,403.640,179.470,-2.580,-117.430,1,-0.0093,-0.0082,0.0615,0
6526125,-0.270,-0.141,0.020,-0.006,0.010,-0.003,-110.400,-220.100,403.640,179.470,-2.580,-117.430,1,-0.0093,-0.0082,0.0615,0
6526203,-0.280,-0.141,0.009,-0.007,0.010,-0.003,-110.400,-220.100,403.640,179.470,-2.580,-117.430,1,-0.0093,-0.0082,0.0615,0
6526343,-0.274,-0.123,0.023,-0.006,0.009,-0.003,-110.400,-220.100,403.640,179.470,-2.580,-117.430,1,-0.0093,-0.0082,0.0615,0
6526437,-0.285,-0.118,0.016,-0.006,0.009,-0.002,-110.400,-220.100,403.640,179.470,-2.580,-117.430,1,-0.0093,-0.0082,0.0615,0
6526546,-0.264,-0.146,0.006,-0.007,0.009,-0.003,-110.400,-220.100,403.640,179.470,-2.580,-117.430,1,-0.0093,-0.0082,0.0615,0
6526625,-0.268,-0.140,-0.003,-0.007,0.009,-0.003,-110.400,-220.100,403.640,179.470,-2.580,-117.430,1,-0.0093,-0.0082,0.0615,0
6526718,-0.271,-0.149,0.025,-0.007,0.010,-0.003,-110.400,-220.100,403.640,179.470,-2.580,-117.430,1,-0.0093,-0.0082,0.0615,0
6526796,-0.274,-0.158,0.025,-0.007,0.010,-0.003,-110.400,-220.100,403.640,179.470,-2.580,-117.430,1,-0.0093,-0.0082,0.0615,0
6526875,-0.278,-0.155,0.026,-0.007,0.010,-0.003,-110.400,-220.100,403.640,179.470,-2.580,-117.430,1,-0.0093,-0.0082,0.0615,0
6526984,-0.265,-0.154,0.021,-0.007,0.009,-0.003,-110.400,-220.100,403.640,179.470,-2.580,-117.430,1,-0.0093,-0.0082,0.0615,0
6527078,-0.252,-0.140,0.021,-0.007,0.009,-0.004,-110.400,-220.100,403.640,179.470,-2.580,-117.430,1,-0.0093,-0.0082,0.0615,0
6527218,-0.266,-0.137,-0.003,-0.007,0.009,-0.003,-110.400,-220.100,403.640,179.470,-2.580,-117.430,1,-0.0093,-0.0082,0.0615,0
6527265,-0.263,-0.140,0.008,-0.007,0.009,-0.003,-110.400,-220.100,403.640,