t_ms,Fx,Fy,Fz,Mx,My,Mz,pose_x,pose_y,pose_z,pose_rx,pose_ry,pose_rz,ff_enabled,acc_x,acc_y,acc_z,is_still
7075375,-0.008,-0.033,0.023,-0.002,0.001,-0.001,3.070,-274.860,340.040,-179.620,-2.080,-116.330,1,0.0000,0.0000,0.0000,1
7075421,-0.045,-0.173,0.055,-0.008,0.004,-0.004,3.070,-274.860,340.040,-179.620,-2.080,-116.330,1,0.0000,0.0000,0.0000,1
7075546,-0.077,-0.201,0.000,-0.009,0.005,-0.002,3.070,-274.860,340.040,-179.620,-2.080,-116.330,1,0.0000,0.0000,0.0000,1
7075593,-0.072,-0.199,0.008,-0.009,0.005,-0.002,3.070,-274.860,340.040,-179.620,-2.080,-116.330,1,0.0000,0.0000,0.0000,1
7075640,-0.074,-0.196,0.015,-0.008,0.005,-0.002,3.070,-274.860,340.040,-179.620,-2.080,-116.330,1,0.0000,0.0000,0.0000,1
7075718,-0.080,-0.205,0.002,-0.009,0.005,-0.002,3.070,-274.860,340.040,-179.620,-2.080,-116.330,1,0.0000,0.0000,0.0000,1
7075796,-0.083,-0.199,0.007,-0.008,0.005,-0.002,3.070,-274.860,340.040,-179.620,-2.080,-116.330,1,0.0000,0.0000,0.0000,1
7075890,-0.064,-0.210,0.030,-0.009,0.005,-0.004,3.070,-274.860,340.040,-179.620,-2.080,-116.330,1,0.0000,0.0000,0.0000,1
7075968,-0.061,-0.213,0.058,-0.010,0.005,-0.005,3.070,-274.860,340.040,-179.620,-2.080,-116.330,1,0.0000,0.0000,0.0000,1
7076078,-0.075,-0.210,0.019,-0.009,0.005,-0.003,3.070,-274.860,340.040,-179.620,-2.080,-116.330,1,0.0000,0.0000,0.0000,1
7076171,-0.045,-0.216,0.058,-0.010,0.004,-0.006,3.070,-274.860,340.040,-179.620,-2.080,-116.330,1,0.0000,0.0000,0.0000,1
7076312,-0.070,-0.186,0.013,-0.008,0.005,-0.002,3.070,-274.860,340.040,-179.620,-2.080,-116.330,1,0.0000,0.0000,0.0000,1
7076359,-0.075,-0.184,0.011,-0.008,0.005,-0.002,3.070,-274.860,340.040,-179.620,-2.080,-116.330,1,0.0000,0.0000,0.0000,1
7076406,-0.079,-0.190,0.033,-0.008,0.005,-0.003,3.070,-274.860,340.040,-179.620,-2.080,-116.330,1,0.0000,0.0000,0.0000,1
7076484,-0.056,-0.211,0.044,-0.010,0.005,-0.005,3.070,-274.860,340.040,-179.620,-2.080,-116.330,1,0.0000,0.0000,0.0000,1
7076625,-0.075,-0.202,0.022,-0.009,0.005,-0.003,3.070,-274.860,340.040,-179.620,-2.080,-116.330,1,0.0000,0.0000,0.0000,1
7076718,-0.087,-0.192,-0.011,-0.009,0.005,-0.002,3.070,-274.860,340.040,-179.620,-2.080,-116.330,1,0.0000,0.0000,0.0000,1
7076765,-0.092,-0.192,-0.034,-0.009,0.005,-0.001,3.070,-274.860,340.040,-179.620,-2.080,-116.330,1,0.0000,0.0000,0.0000,1
7076843,-0.068,-0.207,0.022,-0.009,0.005,-0.003,3.070,-274.860,340.040,-179.620,-2.080,-116.330,1,0.0000,0.0000,0.0000,1
7076921,-0.065,-0.221,0.044,-0.010,0.005,-0.004,3.070,-274.860,340.040,-179.620,-2.080,-116.330,1,0.0000,0.0000,0.0000,1
7077000,-0.106,-0.212,0.042,-0.009,0.006,-0.003,3.070,-274.860,340.040,-179.620,-2.080,-116.330,1,0.0000,0.0000,0.0000,1
7077093,0.008,-0.338,0.230,-0.003,0.009,-0.005,3.164,-275.378,340.697,-179.620,-2.080,-116.330,1,0.0000,0.0000,0.0000,1
7077171,0.016,-0.253,0.142,0.000,0.011,-0.004,3.164,-275.378,340.697,-179.620,-2.080,-116.330,1,0.0000,0.0000,0.0000,1
7077281,-0.159,-0.245,-0.070,-0.008,0.011,-0.003,2.877,-283.895,347.301,-179.620,-2.080,-116.330,1,0.0000,0.0000,0.0000,1
7077375,-0.063,-0.164,0.039,-0.009,0.004,-0.004,2.877,-283.895,347.301,-179.620,-2.080,-116.330,1,0.0000,0.0000,0.0000,1
7077515,-0.179,-0.204,-0.094,-0.014,0.008,-0.003,0.386,-299.416,350.668,-179.620,-2.080,-116.330,1,0.0000,0.0000,0.0000,1
7077562,-0.151,-0.116,-0.084,-0.019,0.002,-0.003,0.386,-299.416,350.668,-179.620,-2.080,-116.330,1,0.0000,0.0000,0.0000,1
7077609,-0.055,-0.082,-0.115,-0.016,0.003,-0.004,0.386,-299.416,350.668,-179.620,-2.080,-116.330,1,0.0000,0.0000,0.0000,1
7077687,-0.165,-0.182,-0.029,-0.005,0.008,-0.004,-3.296,-305.100,343.555,-179.620,-2.080,-116.330,1,0.0000,0.0000,0.0000,1
7077828,-0.012,-0.269,-0.029,-0.011,0.009,-0.005,-3.296,-305.100,343.555,-179.620,-2.080,-116.330,1,0.0000,0.0000,0.0000,0
7077921,-0.130,-0.135,0.032,-0.010,0.007,-0.004,-8.760,-311.494,327.533,-179.620,-2.080,-116.330,1,0.0000,0.0000,0.0000,0
7078031,-0.192,-0.237,0.001,-0.013,0.003,-0.002,-8.760,-311.494,327.533,-179.620,-2.080,-116.330,1,0.0000,0.0000,0.0000,0
7078109,-0.067,-0.140,0.063,-0.013,0.005,-0.004,-14.090,-316.552,311.484,-179.620,-2.080,-116.045,1,0.0000,0.0000,0.0000,0
7078203,-0.252,-0.166,0.150,-0.003,0.010,-0.003,-14.090,-316.552,311.484,-179.620,-2.080,-116.045,1,0.0001,0.0015,-0.0000,0
7078281,-0.367,-0.284,0.350,-0.010,-0.000,-0.004,-18.234,-319.370,302.472,-179.620,-2.080,-116.112,1,0.0001,0.0015,-0.0000,0
7078359,-0.232,-0.302,0.057,-0.013,0.003,-0.005,-18.234,-319.370,302.472,-179.620,-2.080,-116.112,1,0.0027,0.0091,0.0132,0
7078468,-0.128,-0.308,-0.018,-0.012,0.007,-0.003,-18.390,-319.510,302.320,-179.620,-2.080,-116.040,1,0.0144,0.0254,0.0578,0
7078578,-0.140,-0.311,0.011,-0.012,0.007,-0.004,-18.390,-319.510,302.320,-179.620,-2.080,-116.040,1,0.0144,0.0254,0.0578,0
7078718,-0.158,-0.272,0.027,-0.012,0.006,-0.004,-18.390,-319.510,302.320,-179.620,-2.080,-116.040,1,0.0144,0.0254,0.0578,0
7078765,-0.127,-0.309,0.048,-0.012,0.007,-0.005,-18.390,-319.510,302.320,-179.620,-2.080,-116.040,1,0.0144,0.0254,0.0578,0
7078812,-0.130,-0.326,0.040,-0.011,0.007,-0.005,-18.390,-319.510,302.320,-179.620,-2.080,-116.040,1,0.0144,0.0254,0.0578,0
7078890,-0.155,-0.289,0.019,-0.013,0.006,-0.005,-18.390,-319.510,302.320,-179.620,-2.080,-116.040,1,0.0144,0.0254,0.0578,0
7079031,-0.246,-0.218,-0.094,-0.017,0.003,-0.004,-18.390,-319.510,302.320,-179.620,-2.080,-116.040,1,0.0144,0.0254,0.0578,0
7079125,0.201,-0.304,-0.078,-0.013,0.024,-0.004,-19.054,-317.700,300.659,-179.620,-2.080,-116.040,1,0.0000,0.0000,0.0000,1
7079234,-0.080,-0.209,0.030,-0.012,0.014,-0.004,-19.054,-317.700,300.659,-179.620,-2.080,-116.040,1,0.0000,0.0000,0.0000,1
7079312,-0.167,-0.256,-0.010,-0.011,0.010,-0.004,-34.420,-325.489,298.740,-179.620,-2.080,-116.040,1,0.0000,0.0000,0.0000,1
7079406,-0.224,-0.220,0.037,-0.011,0.009,-0.005,-34.420,-325.489,298.740,-179.620,-2.080,-116.040,1,0.0000,0.0000,0.0000,1
7079484,-0.199,-0.259,-0.033,-0.007,0.007,-0.004,-49.882,-333.076,295.993,-179.620,-2.080,-116.040,1,0.0000,0.0000,0.0000,1
7079562,-0.209,-0.234,-0.032,-0.010,0.006,-0.004,-49.882,-333.076,295.993,-179.620,-2.080,-116.040,1,0.0000,0.0000,0.0000,1
7079671,-0.278,-0.260,0.044,-0.009,0.001,-0.005,-63.800,-341.649,288.787,-179.620,-2.080,-116.040,1,0.0000,0.0000,0.0000,0
7079781,-0.405,-0.246,0.077,-0.012,0.001,-0.004,-63.800,-341.649,288.787,-179.620,-2.080,-116.040,1,0.0000,0.0000,0.0000,0
7079921,-0.120,-0.185,0.059,-0.009,0.009,-0.005,-76.400,-346.479,271.476,-179.620,-2.080,-116.040,1,0.0000,0.0000,0.0000,0
7079968,-0.360,-0.129,-0.008,-0.009,0.004,-0.003,-76.400,-346.479,271.476,-179.620,-2.080,-116.040,1,0.0000,0.0000,0.0000,0
7080015,-0.511,-0.144,0.012,-0.012,0.002,-0.003,-76.400,-346.479,271.476,-179.620,-2.080,-116.040,1,0.0000,0.0000,0.0000,0
7080093,-0.282,-0.277,0.082,-0.014,0.006,-0.007,-80.625,-345.124,259.984,-179.620,-2.080,-116.040,1,0.0000,0.0000,0.0000,0
7080234,-0.069,-0.416,0.035,-0.003,0.013,-0.004,-80.625,-345.124,259.984,-179.620,-2.080,-116.040,1,0.0131,0.0096,0.0091,0
7080328,-0.188,-0.247,0.137,-0.006,0.004,-0.003,-85.037,-343.658,247.938,-179.620,-2.080,-116.040,1,0.0430,0.0320,0.0295,0
7080437,-0.236,-0.129,0.023,-0.013,0.003,-0.006,-85.037,-343.658,247.938,-179.620,-2.080,-116.040,1,0.0430,0.0320,0.0295,0
7080515,-0.228,-0.121,-0.037,-0.013,0.004,-0.006,-85.591,-344.379,243.324,-179.729,-2.080,-116.040,1,0.0430,0.0320,0.0295,0
7080609,-0.181,-0.212,-0.091,-0.007,0.002,-0.003,-85.591,-344.379,243.324,-179.729,-2.080,-116.040,1,0.0668,0.0445,0.0504,0
7080687,-0.140,-0.214,0.006,-0.011,0.007,-0.003,-83.273,-340.831,234.407,-179.446,-2.080,-116.040,1,0.0668,0.0445,0.0504,0
7080765,-0.133,-0.333,0.150,-0.004,0.012,-0.004,-83.273,-340.831,234.407,-179.446,-2.080,-116.040,1,0.0791,0.0443,0.0608,0
7080859,-0.283,-0.219,0.087,-0.004,0.010,-0.005,-79.681,-339.327,228.553,-179.546,-2.080,-116.040,1,0.0859,0.0437,0.0544,0
7080968,-0.088,-0.066,-0.133,-0.007,0.011,-0.003,-79.681,-339.327,228.553,-179.546,-2.080,-116.040,1,0.0859,0.0437,0.0544,0
7081109,-0.313,-0.139,-0.007,-0.012,-0.008,-0.005,-73.367,-339.208,224.373,-179.528,-2.080,-116.040,1,0.0859,0.0437,0.0544,0
7081156,-0.314,-0.270,-0.028,-0.008,-0.004,-0.005,-73.367,-339.208,224.373,-179.528,-2.080,-116.040,1,0.0835,0.0347,0.0451,0
7081203,-0.323,-0.260,-0.052,-0.006,-0.002,-0.004,-73.367,-339.208,224.373,-179.528,-2.080,-116.040,1,0.0835,0.0347,0.0451,0
7081281,-0.145,-0.183,-0.052,-0.001,-0.005,-0.004,-65.945,-334.858,221.017,-179.533,-2.080,-116.040,1,0.0835,0.0347,0.0451,0
7081421,-0.358,-0.302,-0.061,-0.004,-0.012,-0.005,-65.945,-334.858,221.017,-179.533,-2.080,-116.040,1,0.0743,0.0256,0.0405,0
7081515,-0.380,-0.258,-0.057,0.007,-0.010,-0.004,-59.324,-334.971,219.672,-179.531,-2.080,-116.040,1,0.0605,0.0245,0.0364,0
7081625,-0.120,-0.245,-0.138,0.004,-0.006,-0.002,-59.324,-334.971,219.672,-179.531,-2.080,-116.040,1,0.0605,0.0245,0.0364,0
7081703,-0.322,-0.283,-0.068,0.003,-0.012,-0.004,-51.632,-336.311,218.587,-179.530,-2.080,-116.040,1,0.0605,0.0245,0.0364,0
7081796,-0.349,-0.272,-0.143,0.008,-0.011,-0.003,-51.632,-336.311,218.587,-179.530,-2.080,-116.040,1,0.0442,0.0160,0.0331,0
7081875,-0.124,-0.214,-0.215,0.008,-0.010,-0.001,-45.120,-336.276,217.962,-179.530,-2.080,-116.040,1,0.0442,0.0160,0.0331,0
7081953,-0.186,-0.278,-0.133,0.009,-0.011,-0.003,-45.120,-336.276,217.962,-179.530,-2.080,-116.040,1,0.0285,0.0031,0.0287,0
7082062,-0.411,-0.410,-0.167,0.013,-0.018,-0.003,-41.445,-337.191,217.095,-179.530,-2.080,-116.040,1,0.0093,-0.0032,0.0223,0
7082171,-0.173,-0.192,-0.283,0.012,-0.007,-0.004,-41.445,-337.191,217.095,-179.530,-2.080,-116.040,1,0.0093,-0.0032,0.0223,0
7082312,-0.088,-0.138,-0.537,0.002,0.014,-0.004,-35.314,-339.158,214.598,-179.530,-2.080,-116.023,1,0.0093,-0.0032,0.0223,0
7082359,-0.278,-0.250,-0.445,0.012,-0.015,-0.003,-35.314,-339.158,214.598,-179.530,-2.080,-116.023,1,-0.0104,-0.0077,0.0138,0
7082406,-0.378,-0.400,-0.239,0.020,-0.035,-0.002,-35.314,-339.158,214.598,-179.530,-2.080,-116.023,1,-0.0104,-0.0077,0.0138,0
7082484,-0.506,-0.338,-0.192,0.003,-0.041,-0.006,-29.673,-336.657,213.835,-179.530,-2.080,-116.027,1,-0.0104,-0.0077,0.0138,0
7082625,-0.118,-0.309,-0.346,0.021,-0.011,-0.004,-29.673,-336.657,213.835,-179.530,-2.080,-116.027,1,-0.0197,-0.0045,0.0069,0
7082718,-0.387,-0.286,-0.315,0.027,-0.019,-0.002,-26.923,-337.618,213.568,-179.530,-2.080,-116.027,1,-0.0232,0.0077,0.0070,0
7082828,-0.284,-0.356,-0.194,0.018,-0.032,-0.004,-26.923,-337.618,213.568,-179.530,-2.080,-116.027,1,-0.0232,0.0077,0.0070,0
7082906,-0.204,-0.306,-0.246,0.005,-0.026,-0.003,-22.275,-337.310,213.607,-179.530,-2.080,-116.030,1,-0.0232,0.0077,0.0070,0
7083000,-0.430,-0.441,-0.204,0.017,-0.032,-0.003,-22.275,-337.310,213.607,-179.530,-2.080,-116.030,1,-0.0248,0.0140,0.0097,0
7083078,-0.457,-0.329,-0.172,0.014,-0.025,-0.002,-19.628,-337.548,213.730,-179.530,-2.080,-116.030,1,-0.0248,0.0140,0.0097,0
7083156,-0.251,-0.339,-0.196,0.019,-0.010,-0.003,-19.628,-337.548,213.730,-179.530,-2.080,-116.030,1,-0.0227,0.0132,0.0105,0
7083265,-0.457,-0.304,-0.148,0.021,-0.015,-0.003,-18.344,-339.320,214.147,-179.530,-2.080,-116.030,1,-0.0237,0.0077,0.0101,0
7083375,-0.282,-0.263,-0.133,0.015,-0.018,-0.004,-18.344,-339.320,214.147,-179.530,-2.080,-116.030,1,-0.0237,0.0077,0.0101,0
7083515,-0.211,-0.320,-0.118,0.002,-0.021,-0.004,-12.670,-338.930,214.421,-179.530,-2.080,-116.030,1,-0.0237,0.0077,0.0101,0
7083562,-0.330,-0.405,-0.078,0.003,-0.024,-0.005,-12.670,-338.930,214.421,-179.530,-2.080,-116.030,1,-0.0243,-0.0007,0.0089,0
7083609,-0.417,-0.359,-0.025,-0.001,-0.021,-0.003,-12.670,-338.930,214.421,-179.530,-2.080,-116.030,1,-0.0243,-0.0007,0.0089,0
7083687,-0.194,-0.204,0.062,-0.003,-0.007,-0.005,-6.042,-336.983,217.045,-179.530,-2.080,-116.030,1,-0.0243,-0.0007,0.0089,0
7083828,-0.086,-0.254,-0.197,-0.011,0.003,-0.003,-6.042,-336.983,217.045,-179.530,-2.080,-116.030,1,-0.0150,-0.0018,0.0107,0
7083921,-0.318,-0.312,-0.013,-0.013,-0.004,-0.003,-1.609,-335.813,220.975,-179.588,-2.080,-116.030,1,-0.0039,0.0035,0.0180,0
7084031,-0.178,-0.116,0.057,-0.011,0.003,-0.003,-1.609,-335.813,220.975,-179.588,-2.080,-116.030,1,-0.0039,0.0035,0.0180,0
7084109,0.097,-0.249,0.008,-0.008,0.013,-0.002,4.838,-332.380,226.448,-179.495,-2.080,-116.030,1,-0.0039,0.0035,0.0180,0
7084203,-0.257,-0.279,-0.071,-0.013,-0.003,-0.002,4.838,-332.380,226.448,-179.495,-2.080,-116.030,1,0.0018,0.0090,0.0262,0
7084281,-0.264,-0.343,0.140,-0.009,0.004,-0.004,7.742,-329.378,231.580,-179.526,-2.080,-116.030,1,0.0018,0.0090,0.0262,0
7084359,-0.076,-0.135,0.101,-0.013,0.011,-0.004,7.742,-329.378,231.580,-179.526,-2.080,-116.030,1,0.0011,0.0136,0.0296,0
7084468,-0.039,-0.171,-0.013,-0.010,0.008,-0.003,10.761,-325.786,241.754,-179.517,-2.080,-116.030,1,-0.0080,0.0155,0.0343,0
7084578,-0.092,-0.211,0.041,-0.011,0.005,-0.004,10.761,-325.786,241.754,-179.517,-2.080,-116.030,1,-0.0080,0.0155,0.0343,0
7084718,-0.087,-0.248,0.027,-0.009,0.006,-0.004,10.105,-322.225,261.782,-179.521,-2.080,-116.030,1,-0.0080,0.0155,0.0343,0
7084765,-0.115,-0.284,0.078,-0.007,0.004,-0.005,10.105,-322.225,261.782,-179.521,-2.080,-116.030,1,-0.0186,0.0147,0.0520,0
7084812,-0.032,-0.188,-0.013,-0.010,0.007,-0.004,10.105,-322.225,261.782,-179.521,-2.080,-116.030,1,-0.0186,0.0147,0.0520,0
7084890,0.009,-0.068,-0.031,-0.009,0.014,-0.002,7.023,-320.997,277.483,-179.521,-2.080,-116.030,1,-0.0186,0.0147,0.0520,0
7085031,-0.055,-0.128,-0.217,-0.014,0.009,-0.004,7.023,-320.997,277.483,-179.521,-2.080,-116.030,1,-0.0282,0.0095,0.0662,0
7085125,-0.097,-0.200,-0.030,-0.010,0.011,-0.005,-7.549,-319.612,289.500,-179.520,-2.080,-116.030,1,-0.0475,-0.0008,0.0527,0
7085234,-0.120,-0.205,-0.029,-0.009,0.009,-0.003,-7.549,-319.612,289.500,-179.520,-2.080,-116.030,1,-0.0475,-0.0008,0.0527,0
7085312,-0.106,-0.194,0.009,-0.010,0.011,-0.005,-26.034,-320.313,290.952,-179.520,-2.080,-116.030,1,-0.0475,-0.0008,0.0527,0
7085406,-0.164,-0.180,0.023,-0.010,0.010,-0.003,-26.034,-320.313,290.952,-179.520,-2.080,-116.030,1,-0.0787,-0.0112,0.0096,0
7085484,-0.302,-0.428,0.005,0.005,0.000,-0.004,-41.712,-321.876,290.542,-179.520,-2.080,-116.030,1,-0.0787,-0.0112,0.0096,0
7085562,-0.538,-0.253,0.066,-0.007,-0.005,-0.003,-41.712,-321.876,290.542,-179.520,-2.080,-116.030,1,-0.0972,-0.0208,-0.0472,0
7085671,-0.235,-0.254,0.037,-0.011,0.010,-0.004,-43.900,-323.450,290.240,-179.520,-2.080,-116.030,1,-0.0649,-0.0266,-0.0851,0
7085781,-0.254,-0.225,0.077,-0.011,0.010,-0.003,-43.900,-323.450,290.240,-179.520,-2.080,-116.030,1,-0.0649,-0.0266,-0.0851,0
7085921,-0.233,-0.267,0.057,-0.011,0.010,-0.004,-43.900,-323.450,290.240,-179.520,-2.080,-116.030,1,-0.0649,-0.0266,-0.0851,0
7085968,-0.254,-0.244,0.060,-0.011,0.009,-0.003,-43.900,-323.450,290.240,-179.520,-2.080,-116.030,1,-0.0649,-0.0266,-0.0851,0
7086015,-0.298,-0.339,-0.040,-0.005,0.007,-0.003,-43.900,-323.450,290.240,-179.520,-2.080,-116.030,1,-0.0649,-0.0266,-0.0851,0
7086093,-0.278,-0.146,-0.040,-0.010,0.009,-0.004,-41.997,-324.391,287.783,-179.520,-2.080,-116.030,1,-0.0649,-0.0266,-0.0851,0
7086234,0.102,-0.156,0.026,-0.019,0.026,-0.004,-41.997,-324.391,287.783,-179.520,-2.080,-116.030,1,0.0101,-0.0256,-0.0906,0
7086328,-0.171,-0.078,0.056,-0.019,0.011,-0.004,-52.191,-326.904,282.723,-179.520,-2.080,-116.030,1,0.0549,-0.0219,-0.0804,0
7086437,-0.189,-0.225,0.058,-0.014,0.007,-0.004,-52.191,-326.904,282.723,-179.520,-2.080,-116.030,1,0.0549,-0.0219,-0.0804,0
7086515,-0.254,-0.313,0.150,-0.008,0.005,-0.005,-75.626,-327.436,278.915,-179.520,-2.080,-116.030,1,0.0549,-0.0219,-0.0804,0
7086609,-0.245,-0.285,0.043,-0.008,0.006,-0.004,-75.626,-327.436,278.915,-179.520,-2.080,-116.030,1,0.0259,-0.0171,-0.0655,0
7086687,-0.249,-0.277,0.109,-0.009,0.010,-0.004,-92.952,-327.390,278.348,-179.520,-2.080,-116.030,1,0.0259,-0.0171,-0.0655,0
7086765,-0.259,-0.197,0.023,-0.010,0.010,-0.003,-92.952,-327.390,278.348,-179.520,-2.080,-116.030,1,-0.0269,-0.0081,-0.0411,0
7086875,-0.323,-0.395,0.077,0.003,0.004,-0.005,-109.122,-328.928,278.880,-179.520,-2.080,-116.030,1,-0.0418,-0.0006,-0.0083,0
7086984,-0.358,-0.291,0.087,-0.010,-0.002,-0.005,-109.122,-328.928,278.880,-179.520,-2.080,-116.030,1,-0.0418,-0.0006,-0.0083,0
7087125,-0.117,-0.209,0.009,-0.010,0.005,-0.003,-114.700,-334.270,279.770,-179.520,-2.080,-116.030,1,-0.0418,-0.0006,-0.0083,0
7087171,-0.094,-0.249,0.025,-0.010,0.007,-0.004,-114.700,-334.270,279.770,-179.520,-2.080,-116.030,1,-0.0214,-0.0033,0.0181,0
7087218,-0.133,-0.234,0.035,-0.010,0.006,-0.005,-114.700,-334.270,279.770,-179.520,-2.080,-116.030,1,-0.0214,-0.0033,0.0181,0
7087296,-0.155,-0.220,0.014,-0.010,0.006,-0.004,-114.700,-334.270,279.770,-179.520,-2.080,-116.030,1,-0.0214,-0.0033,0.0181,0
7087437,-0.160,-0.213,0.022,-0.010,0.006,-0.004,-114.700,-334.270,279.770,-179.520,-2.080,-116.030,1,-0.0214,-0.0033,0.0181,0
7087531,-0.132,-0.232,0.028,-0.010,0.007,-0.005,-114.700,-334.270,279.770,-179.520,-2.080,-116.030,1,-0.0214,-0.0033,0.0181,0
7087640,-0.153,-0.207,0.007,-0.010,0.006,-0.003,-114.700,-334.270,279.770,-179.520,-2.080,-116.030,1,-0.0214,-0.0033,0.0181,0
7087718,-0.144,-0.221,0.028,-0.009,0.007,-0.004,-114.700,-334.270,279.770,-179.520,-2.080,-116.030,1,-0.0214,-0.0033,0.0181,0
7087812,-0.134,-0.198,0.047,-0.010,0.006,-0.005,-114.700,-334.270,279.770,-179.520,-2.080,-116.030,1,-0.0214,-0.0033,0.0181,0
7087890,-0.129,-0.211,0.002,-0.009,0.006,-0.004,-114.700,-334.270,279.770,-179.520,-2.080,-116.030,1,-0.0214,-0.0033,0.0181,0
7087968,-0.152,-0.214,0.006,-0.010,0.006,-0.004,-114.700,-334.270,279.770,-179.520,-2.080,-116.030,1,-0.0214,-0.0033,0.0181,0
7088078,-0.139,-0.219,0.056,-0.010,0.006,-0.005,-114.700,-334.270,279.770,-179.520,-2.080,-116.030,1,-0.0214,-0.0033,0.0181,0
7088187,-0.150,-0.220,-0.011,-0.011,0.006,-0.004,-114.700,-334.270,279.770,-179.520,-2.080,-116.030,1,-0.0214,-0.0033,0.0181,0
7088328,-0.148,-0.208,0.014,-0.010,0.006,-0.004,-114.700,-334.270,279.770,-179.520,-2.080,-116.030,1,-0.0214,-0.0033,0.0181,0
7088375,-0.130,-0.228,0.043,-0.010,0.006,-0.005,-114.700,-334.270,279.770,-179.520,-2.080,-116.030,1,-0.0214,-0.0033,0.0181,0
7088421,-0.131,-0.218,-0.015,-0.009,0.006,-0.003,-114.700,-334.270,279.770,-179.520,-2.080,-116.030,1,-0.0214,-0.0033,0.0181,0
7088500,-0.136,-0.207,0.032,-0.010,0.006,-0.004,-114.700,-334.270,279.770,-179.520,-2.080,-116.030,1,-0.0214,-0.0033,0.0181,0
7088640,-0.131,-0.213,0.032,-0.010,0.006,-0.004,-114.700,-334.270,279.770,-179.520,-2.080,-116.030,1,-0.0214,-0.0033,0.0181,0
7088734,-0.064,-0.336,0.041,-0.004,0.011,-0.003,-114.691,-334.481,279.909,-179.520,-2.080,-116.030,1,0.0000,0.0000,0.0000,1
7088843,-0.081,-0.191,0.195,-0.009,0.009,-0.003,-114.691,-334.481,279.909,-179.520,-2.080,-116.030,1,0.0000,0.0000,0.0000,1
7088921,-0.146,-0.134,0.088,-0.011,0.004,-0.003,-116.958,-340.782,290.808,-179.520,-2.080,-116.030,1,0.0000,0.0000,0.0000,1
7089015,-0.142,-0.065,0.073,-0.014,0.010,-0.006,-116.958,-340.782,290.808,-179.520,-2.080,-116.030,1,0.0000,0.0000,0.0000,1
7089093,-0.296,-0.214,0.094,-0.008,0.008,-0.005,-120.798,-344.636,307.209,-179.520,-2.080,-116.030,1,0.0000,0.0000,0.0000,1
7089171,-0.079,-0.189,-0.127,-0.015,0.012,-0.005,-120.798,-344.636,307.209,-179.520,-2.080,-116.030,1,0.0000,0.0000,0.0000,1
7089281,-0.321,-0.209,-0.183,-0.004,-0.006,-0.004,-127.032,-347.041,318.116,-179.520,-2.080,-116.030,1,0.0000,0.0000,0.0000,0
7089390,-0.134,-0.143,0.018,-0.005,0.008,-0.003,-127.032,-347.041,318.116,-179.520,-2.080,-116.030,1,0.0000,0.0000,0.0000,0
7089531,-0.148,-0.155,0.022,-0.007,0.006,-0.004,-127.330,-347.340,318.440,-179.520,-2.080,-116.030,1,0.0000,0.0000,0.0000,0
7089578,-0.152,-0.152,0.031,-0.008,0.006,-0.004,-127.330,-347.340,318.440,-179.520,-2.080,-116.030,1,0.0000,0.0000,0.0000,0
7089625,-0.158,-0.134,0.003,-0.007,0.006,-0.003,-127.330,-347.340,318.440,-179.520,-2.080,-116.030,1,0.0000,0.0000,0.0000,0
7089703,-0.289,0.003,-0.222,-0.013,-0.004,-0.002,-127.581,-346.474,316.267,-179.322,-1.882,-116.030,1,0.0000,0.0000,0.0000,0
7089843,-0.234,-0.161,0.313,-0.008,0.011,-0.003,-127.581,-346.474,316.267,-179.322,-1.882,-116.030,1,0.0001,0.0018,-0.0039,0
7089937,-0.399,-0.234,0.356,-0.006,0.003,-0.002,-129.902,-338.833,312.691,-179.208,-1.768,-116.030,1,-0.0018,0.0126,-0.0142,0
7090046,-0.112,-0.151,0.072,-0.017,0.015,-0.003,-129.902,-338.833,312.691,-179.208,-1.768,-116.030,1,-0.0018,0.0126,-0.0142,0
7090109,-0.266,-0.304,0.002,-0.010,0.005,-0.003,-133.259,-327.512,333.254,-179.230,-1.790,-116.030,1,-0.0018,0.0126,-0.0142,0
7090203,-0.046,-0.335,-0.046,-0.001,0.008,-0.002,-133.259,-327.512,333.254,-179.230,-1.790,-116.030,1,-0.0074,0.0346,0.0034,0
7090281,-0.109,-0.306,-0.088,0.001,0.007,-0.003,-135.539,-320.549,350.823,-179.226,-1.786,-116.030,1,-0.0074,0.0346,0.0034,0
7090359,-0.052,-0.276,-0.463,-0.002,0.009,-0.005,-135.539,-320.549,350.823,-179.226,-1.786,-116.030,1,-0.0111,0.0455,0.0580,0
7090468,-0.074,-0.189,-0.275,-0.008,0.005,-0.004,-134.586,-322.755,349.943,-179.227,-1.787,-116.030,1,-0.0029,0.0158,0.0607,0
7090578,-0.094,-0.209,0.111,-0.005,0.008,-0.004,-134.586,-322.755,349.943,-179.227,-1.787,-116.030,1,-0.0029,0.0158,0.0607,0
7090718,-0.193,-0.072,0.157,-0.016,0.004,-0.002,-133.081,-327.499,333.860,-179.230,-1.790,-116.030,1,-0.0029,0.0158,0.0607,0
7090765,-0.159,-0.161,0.013,-0.013,0.006,-0.003,-133.081,-327.499,333.860,-179.230,-1.790,-116.030,1,0.0142,-0.0403,-0.0223,0
7090812,-0.141,-0.254,0.005,-0.008,0.007,-0.003,-133.081,-327.499,333.860,-179.230,-1.790,-116.030,1,0.0142,-0.0403,-0.0223,0
7090890,-0.140,-0.227,0.040,-0.011,0.006,-0.003,-133.080,-327.500,333.860,-179.230,-1.790,-116.030,1,0.0142,-0.0403,-0.0223,0
7091031,-0.108,-0.256,0.069,-0.010,0.006,-0.004,-133.080,-327.500,333.860,-179.230,-1.790,-116.030,1,0.0234,-0.0707,-0.0827,0
7091125,-0.126,-0.229,0.057,-0.009,0.006,-0.002,-133.080,-327.500,333.860,-179.230,-1.790,-116.030,1,0.0234,-0.0707,-0.0827,0
7091234,-0.117,-0.246,0.068,-0.009,0.006,-0.004,-133.080,-327.500,333.860,-179.230,-1.790,-116.030,1,0.0234,-0.0707,-0.0827,0
7091312,-0.112,-0.245,0.056,-0.011,0.006,-0.004,-133.080,-327.500,333.860,-179.230,-1.790,-116.030,1,0.0234,-0.0707,-0.0827,0
7091406,-0.125,-0.252,0.073,-0.009,0.006,-0.003,-133.080,-327.500,333.860,-179.230,-1.790,-116.030,1,0.0234,-0.0707,-0.0827,0
7091484,-0.136,-0.242,0.055,-0.009,0.006,-0.001,-133.080,-327.500,333.860,-179.230,-1.790,-116.030,1,0.0234,-0.0707,-0.0827,0
7091562,-0.110,-0.265,0.087,-0.009,0.007,-0.004,-133.080,-327.500,333.860,-179.230,-1.790,-116.030,1,0.0234,-0.0707,-0.0827,0
7091671,-0.112,-0.235,0.062,-0.010,0.005,-0.004,-133.080,-327.500,333.860,-179.230,-1.790,-116.030,1,0.0234,-0.0707,-0.0827,0
7091781,-0.134,-0.256,0.068,-0.010,0.007,-0.004,-133.080,-327.500,333.860,-179.230,-1.790,-116.030,1,0.0234,-0.0707,-0.0827,0
7091921,-0.091,-0.241,0.105,-0.009,0.006,-0.005,-133.080,-327.500,333.860,-179.230,-1.790,-116.030,1,0.0234,-0.0707,-0.0827,0
7091968,-0.105,-0.232,0.088,-0.010,0.006,-0.004,-133.080,-327.500,333.860,-179.230,-1.790,-116.030,1,0.0234,-0.0707,-0.0827,0
7092015,-0.107,-0.243,0.041,-0.011,0.006,-0.004,-133.080,-327.500,333.860,-179.230,-1.790,-116.030,1,0.0234,-0.0707,-0.0827,0
7092093,-0.121,-0.246,0.074,-0.009,0.006,-0.003,-133.080,-327.500,333.860,-179.230,-1.790,-116.030,1,0.0234,-0.0707,-0.0827,0
7092234,-0.127,-0.239,0.071,-0.009,0.007,-0.004,-133.080,-327.500,333.860,-179.230,-1.790,-116.030,1,0.0234,-0.0707,-0.0827,0
7092328,-0.069,-0.216,0.031,-0.015,0.014,-0.004,-133.080,-327.500,333.860,-179.230,-1.790,-116.030,1,0.0234,-0.0707,-0.0827,0
7092437,-0.111,-0.239,0.075,-0.011,0.009,-0.004,-133.080,-327.500,333.860,-179.230,-1.790,-116.030,1,0.0234,-0.0707,-0.0827,0
7092515,-0.141,-0.247,0.107,-0.010,0.006,-0.005,-133.080,-327.500,333.860,-179.230,-1.790,-116.030,1,0.0234,-0.0707,-0.0827,0
7092609,-0.125,-0.252,0.101,-0.010,0.006,-0.005,-133.080,-327.500,333.860,-179.230,-1.790,-116.030,1,0.0234,-0.0707,-0.0827,0
7092687,-0.086,-0.276,-0.063,-0.000,0.009,-0.003,-133.080,-327.500,333.860,-179.230,-1.790,-116.030,1,0.0234,-0.0707,-0.0827,0
7092765,-0.087,-0.249,-0.144,-0.007,0.007,-0.004,-133.080,-327.500,333.860,-179.230,-1.790,-116.030,1,0.0234,-0.0707,-0.0827,0
7092875,-0.169,-0.203,-0.476,-0.014,-0.002,-0.005,-133.080,-327.500,333.860,-179.230,-1.790,-116.030,1,0.0234,-0.0707,-0.0827,0
7092984,-0.083,-0.377,-0.555,0.017,0.010,-0.004,-133.080,-327.500,333.860,-179.230,-1.790,-116.030,1,0.0234,-0.0707,-0.0827,0
7093125,-0.251,-0.301,-0.398,0.004,-0.025,-0.004,-133.080,-327.500,333.860,-179.230,-1.790,-116.030,1,0.0234,-0.0707,-0.0827,0
7093171,-0.347,-0.297,-0.356,0.003,-0.041,-0.005,-133.080,-327.500,333.860,-179.230,-1.790,-116.030,1,0.0234,-0.0707,-0.0827,0
7093218,-0.438,-0.289,-0.391,0.001,-0.063,-0.006,-133.080,-327.500,333.860,-179.230,-1.790,-116.030,1,0.0234,-0.0707,-0.0827,0
7093296,-0.507,-0.180,-0.444,-0.024,-0.078,-0.006,-133.080,-327.500,333.860,-179.230,-1.790,-116.030,1,0.0234,-0.0707,-0.0827,0
7093437,-0.410,-0.088,-0.456,-0.041,-0.061,-0.005,-133.080,-327.500,333.860,-179.230,-1.790,-116.030,1,0.0234,-0.0707,-0.0827,0
7093531,-0.289,-0.164,-0.306,-0.025,-0.036,-0.005,-133.080,-327.500,333.860,-179.230,-1.790,-116.030,1,0.0234,-0.0707,-0.0827,0
7093578,-0.242,-0.200,-0.148,-0.017,-0.025,-0.005,-133.080,-327.500,333.860,-179.230,-1.790,-116.030,1,0.0234,-0.0707,-0.0827,0
7093656,-0.196,-0.253,0.019,-0.009,-0.014,-0.005,-133.080,-327.500,333.860,-179.230,-1.790,-116.030,1,0.0234,-0.0707,-0.0827,0
7093734,-0.115,-0.251,-0.027,-0.007,0.005,-0.003,-133.080,-327.500,333.860,-179.230,-1.790,-116.030,1,0.0234,-0.0707,-0.0827,0
7093812,-0.099,-0.243,0.033,-0.009,0.008,-0.004,-133.080,-327.500,333.860,-179.230,-1.790,-116.030,1,0.0234,-0.0707,-0.0827,0
7093906,-0.109,-0.235,0.054,-0.010,0.005,-0.004,-133.080,-327.500,333.860,-179.230,-1.790,-116.030,1,0.0234,-0.0707,-0.0827,0
7093984,-0.091,-0.238,0.071,-0.010,0.005,-0.005,-133.080,-327.500,333.860,-179.230,-1.790,-116.030,1,0.0234,-0.0707,-0.0827,0
7094093,-0.098,-0.228,0.047,-0.011,0.006,-0.005,-133.080,-327.500,333.860,-179.230,-1.790,-116.030,1,0.0234,-0.0707,-0.0827,0
7094187,-0.126,-0.202,-0.195,-0.011,0.001,-0.003,-133.080,-327.500,333.860,-179.230,-1.790,-116.030,1,0.0234,-0.0707,-0.0827,0
7094328,-0.087,-0.190,-0.235,-0.022,0.008,-0.004,-133.080,-327.500,333.860,-179.230,-1.790,-116.030,1,0.0234,-0.0707,-0.0827,0
7094375,-0.154,-0.212,-0.164,-0.015,-0.004,-0.004,-133.080,-327.500,333.860,-179.230,-1.790,-116.030,1,0.0234,-0.0707,-0.0827,0
7094421,-0.269,-0.195,-0.188,-0.021,-0.030,-0.004,-133.080,-327.500,333.860,-179.230,-1.790,-116.030,1,0.0234,-0.0707,-0.0827,0
7094500,-0.410,-0.045,-0.392,-0.052,-0.062,-0.004,-133.080,-327.500,333.860,-179.230,-1.790,-116.030,1,0.0234,-0.0707,-0.0827,0
7094640,-0.232,-0.065,-0.249,-0.048,-0.026,-0.005,-133.080,-327.500,333.860,-179.230,-1.790,-116.030,1,0.0234,-0.0707,-0.0827,0
7094734,-0.170,-0.187,-0.081,-0.022,-0.011,-0.004,-133.080,-327.500,333.860,-179.230,-1.790,-116.030,1,0.0234,-0.0707,-0.0827,0
7094843,-0.096,-0.230,0.054,-0.010,0.003,-0.004,-133.080,-327.500,333.860,-179.230,-1.790,-116.030,1,0.0234,-0.0707,-0.0827,0
7094921,-0.105,-0.232,0.008,-0.009,0.005,-0.002,-133.080,-327.500,333.860,-179.230,-1.790,-116.030,1,0.0234,-0.0707,-0.0827,0
7095015,-0.093,-0.263,0.098,-0.010,0.006,-0.005,-133.080,-327.500,333.860,-179.230,-1.790,-116.030,1,0.0234,-0.0707,-0.0827,0
7095093,-0.099,-0.244,0.073,-0.010,0.006,-0.005,-133.080,-327.500,333.860,-179.230,-1.790,-116.030,1,0.0234,-0.0707,-0.0827,0
7095171,-0.093,-0.223,-0.092,-0.013,0.008,-0.004,-133.080,-327.500,333.860,-179.230,-1.790,-116.030,1,0.0234,-0.0707,-0.0827,0
7095281,-0.055,-0.215,-0.121,-0.015,0.016,-0.004,-133.080,-327.500,333.860,-179.230,-1.790,-116.030,1,0.0234,-0.0707,-0.0827,0
7095390,0.014,-0.267,-0.234,-0.001,0.030,-0.004,-133.080,-327.500,333.860,-179.230,-1.790,-116.030,1,0.0234,-0.0707,-0.0827,0
7095531,0.069,-0.303,-0.345,0.014,0.042,-0.003,-133.080,-327.500,333.860,-179.230,-1.790,-116.030,1,0.0234,-0.0707,-0.0827,0
7095578,0.056,-0.333,-0.334,0.017,0.041,-0.004,-133.080,-327.500,333.860,-179.230,-1.790,-116.030,1,0.0234,-0.0707,-0.0827,0
7095625,0.066,-0.352,-0.307,0.017,0.040,-0.006,-133.080,-327.500,333.860,-179.230,-1.790,-116.030,1,0.0234,-0.0707,-0.0827,0
7095703,0.013,-0.333,-0.275,0.012,0.035,-0.003,-133.080,-327.500,333.860,-179.230,-1.790,-116.030,1,0.0234,-0.0707,-0.0827,0
7095859,0.304,-0.273,-0.384,0.001,0.083,0.002,-133.080,-327.500,333.860,-179.230,-1.790,-116.030,1,0.0234,-0.0707,-0.0827,0
7095937,0.087,-0.277,-0.072,-0.001,0.043,-0.003,-133.080,-327.500,333.860,-179.230,-1.790,-116.030,1,0.0234,-0.0707,-0.0827,0
7096046,-0.151,-0.254,-0.004,-0.004,-0.000,-0.003,-133.080,-327.500,333.860,-179.230,-1.790,-116.030,1,0.0234,-0.0707,-0.0827,0
7096140,-0.141,-0.228,-0.006,-0.009,-0.000,-0.002,-133.080,-327.500,333.860,-179.230,-1.790,-116.030,1,0.0234,-0.0707,-0.0827,0
7096234,-0.113,-0.219,0.018,-0.015,0.002,-0.005,-133.080,-327.500,333.860,-179.230,-1.790,-116.030,1,0.0234,-0.0707,-0.0827,0
7096312,-0.107,-0.203,-0.050,-0.017,0.004,-0.004,-133.080,-327.500,333.860,-179.230,-1.790,-116.030,1,0.0234,-0.0707,-0.0827,0
7096390,-0.098,-0.188,-0.079,-0.018,0.004,-0.004,-133.080,-327.500,333.860,-179.230,-1.790,-116.030,1,0.0234,-0.0707,-0.0827,0
7096500,0.025,-0.215,-0.295,-0.013,0.031,-0.003,-133.080,-327.500,333.860,-179.230,-1.790,-116.030,1,0.0234,-0.0707,-0.0827,0
7096609,0.031,-0.260,-0.313,-0.007,0.033,-0.004,-133.080,-327.500,333.860,-179.230,-1.790,-116.030,1,0.0234,-0.0707,-0.0827,0
7096750,0.198,-0.018,-0.128,-0.051,0.066,-0.003,-133.080,-327.500,333.860,-179.230,-1.790,-116.030,1,0.0234,-0.0707,-0.0827,0
7096796,-0.018,-0.151,0.012,-0.025,0.028,-0.002,-133.080,-327.500,333.860,-179.230,-1.790,-116.030,1,0.0234,-0.0707,-0.0827,0
7096843,-0.091,-0.243,0.089,-0.010,0.006,-0.004,-133.080,-327.500,333.860,-179.230,-1.790,-116.030,1,0.0234,-0.0707,-0.0827,0
7096921,-0.104,-0.240,0.070,-0.008,0.005,-0.003,-133.080,-327.500,333.860,-179.230,-1.790,-116.030,1,0.0234,-0.0707,-0.0827,0
7097062,-0.138,-0.232,0.063,-0.008,0.007,-0.003,-133.080,-327.500,333.860,-179.230,-1.790,-116.030,1,0.0234,-0.0707,-0.0827,0
7097156,-0.110,-0.226,0.005,-0.009,0.005,-0.003,-133.080,-327.500,333.860,-179.230,-1.790,-116.030,1,0.0234,-0.0707,-0.0827,0
7097265,-0.060,-0.127,-0.087,-0.031,0.012,-0.004,-133.080,-327.500,333.860,-179.230,-1.790,-116.030,1,0.0234,-0.0707,-0.0827,0
7097343,0.045,0.062,-0.329,-0.067,0.025,-0.006,-133.080,-327.500,333.860,-179.230,-1.790,-116.030,1,0.0234,-0.0707,-0.0827,0
7097437,-0.086,-0.107,-0.068,-0.040,0.009,-0.003,-133.080,-327.500,333.860,-179.230,-1.790,-116.030,1,0.0234,-0.0707,-0.0827,0
7097515,-0.134,0.045,-0.117,-0.069,0.001,-0.002,-133.080,-327.500,333.860,-179.230,-1.790,-116.030,1,0.0234,-0.0707,-0.0827,0
7097593,-0.171,-0.017,-0.105,-0.058,-0.012,-0.004,-133.080,-327.500,333.860,-179.230,-1.790,-116.030,1,0.0234,-0.0707,-0.0827,0
7097703,-0.206,-0.032,-0.097,-0.055,-0.014,-0.002,-133.080,-327.500,333.860,-179.230,-1.790,-116.030,1,0.0234,-0.0707,-0.0827,0
7097812,-0.188,-0.203,-0.015,-0.021,-0.006,-0.003,-133.080,-327.500,333.860,-179.230,-1.790,-116.030,1,0.0234,-0.0707,-0.0827,0
7097953,-0.158,-0.212,0.019,-0.019,-0.006,-0.004,-133.080,-327.500,333.860,-179.230,-1.790,-116.030,1,0.0234,-0.0707,-0.0827,0
7098000,-0.171,-0.187,-0.003,-0.019,-0.007,-0.003,-133.080,-327.500,333.860,-179.230,-1.790,-116.030,1,0.0234,-0.0707,-0.0827,0
7098046,-0.179,-0.161,0.021,-0.024,-0.009,-0.003,-133.080,-327.500,333.860,-179.230,-1.790,-116.030,1,0.0234,-0.0707,-0.0827,0
7098125,-0.249,-0.050,0.059,-0.047,-0.022,-0.003,-133.080,-327.500,333.860,-179.230,-1.790,-116.030,1,0.0234,-0.0707,-0.0827,0
7098265,-0.357,0.021,0.042,-0.063,-0.044,-0.003,-133.080,-327.500,333.860,-179.230,-1.790,-116.030,1,0.0234,-0.0707,-0.0827,0
7098359,-0.314,-0.021,0.034,-0.054,-0.038,-0.003,-133.080,-327.500,333.860,-179.230,-1.790,-116.030,1,0.0234,-0.0707,-0.0827,0
7098468,-0.317,0.020,0.029,-0.063,-0.033,-0.003,-133.080,-327.500,333.860,-179.230,-1.790,-116.030,1,0.0234,-0.0707,-0.0827,0
7098546,-0.348,-0.009,0.075,-0.060,-0.044,-0.004,-133.080,-327.500,333.860,-179.230,-1.790,-116.030,1,0.0234,-0.0707,-0.0827,0
7098640,-0.304,-0.073,0.039,-0.044,-0.036,-0.003,-133.080,-327.500,333.860,-179.230,-1.790,-116.030,1,0.0234,-0.0707,-0.0827,0
7098718,-0.266,-0.138,0.030,-0.032,-0.028,-0.004,-133.080,-327.500,333.860,-179.230,-1.790,-116.030,1,0.0234,-0.0707,-0.0827,0
7098796,-0.244,-0.137,0.042,-0.027,-0.025,-0.004,-133.080,-327.500,333.860,-179.230,-1.790,-116.030,1,0.0234,-0.0707,-0.0827,0
7098906,-0.200,-0.140,0.005,-0.031,-0.015,-0.003,-133.080,-327.500,333.860,-179.230,-1.790,-116.030,1,0.0234,-0.0707,-0.0827,0
7099015,-0.158,-0.183,0.018,-0.024,-0.006,-0.005,-133.080,-327.500,333.860,-179.230,-1.790,-116.030,1,0.0234,-0.0707,-0.0827,0
7099156,-0.141,-0.222,0.045,-0.014,0.000,-0.004,-133.080,-327.500,333.860,-179.230,-1.790,-116.030,1,0.0234,-0.0707,-0.0827,0
7099203,-0.137,-0.225,0.023,-0.013,0.002,-0.003,-133.080,-327.500,333.860,-179.230,-1.790,-116.030,1,0.0234,-0.0707,-0.0827,0
7099250,-0.118,-0.220,0.025,-0.012,0.003,-0.003,-133.080,-327.500,333.860,-179.230,-1.790,-116.030,1,0.0234,-0.0707,-0.0827,0
7099328,-0.114,-0.231,0.049,-0.010,0.005,-0.004,-133.080,-327.500,333.860,-179.230,-1.790,-116.030,1,0.0234,-0.0707,-0.0827,0
7099468,-0.116,-0.244,0.036,-0.010,0.006,-0.003,-133.080,-327.500,333.860,-179.230,-1.790,-116.030,1,0.0234,-0.0707,-0.0827,0
7099562,-0.105,-0.234,0.057,-0.010,0.006,-0.004,-133.080,-327.500,333.860,-179.230,-1.790,-116.030,1,0.0234,-0.0707,-0.0827,0
7099671,-0.107,-0.228,0.072,-0.009,0.006,-0.004,-133.080,-327.500,333.860,-179.230,-1.790,-116.030,1,0.0234,-0.0707,-0.0827,0
7099750,-0.107,-0.239,0.085,-0.010,0.006,-0.004,-133.080,-327.500,333.860,-179.230,-1.790,-116.030,1,0.0234,-0.0707,-0.0827,0
7099843,-0.129,-0.210,0.051,-0.015,0.002,-0.004,-133.080,-327.500,333.860,-179.230,-1.790,-116.030,1,0.0234,-0.0707,-0.0827,0
7099921,-0.150,-0.187,0.022,-0.023,-0.002,-0.005,-133.080,-327.500,333.860,-179.230,-1.790,-116.030,1,0.0234,-0.0707,-0.0827,0
7100000,-0.167,-0.161,0.028,-0.029,-0.004,-0.005,-133.080,-327.500,333.860,-179.230,-1.790,-116.030,1,0.0234,-0.0707,-0.0827,0
7100109,-0.136,-0.144,-0.048,-0.030,-0.002,-0.003,-133.080,-327.500,333.860,-179.230,-1.790,-116.030,1,0.0234,-0.0707,-0.0827,0
7100203,-0.129,-0.215,0.030,-0.015,0.003,-0.004,-133.080,-327.500,333.860,-179.230,-1.790,-116.030,1,0.0234,-0.0707,-0.0827,0
7100343,-0.102,-0.243,0.059,-0.010,0.006,-0.004,-133.080,-327.500,333.860,-179.230,-1.790,-116.030,1,0.0234,-0.0707,-0.0827,0
7100390,-0.106,-0.236,0.029,-0.010,0.005,-0.003,-133.080,-327.500,333.860,-179.230,-1.790,-116.030,1,0.0234,-0.0707,-0.0827,0
7100437,-0.097,-0.246,0.028,-0.010,0.005,-0.003,-133.080,-327.500,333.860,-179.230,-1.790,-116.030,1,0.0234,-0.0707,-0.0827,0
7100515,-0.091,-0.248,0.089,-0.010,0.006,-0.005,-133.080,-327.500,333.860,-179.230,-1.790,-116.030,1,0.0234,-0.0707,-0.0827,0
7100656,-0.106,-0.255,0.074,-0.010,0.006,-0.004,-133.080,-327.500,333.860,-179.230,-1.790,-116.030,1,0.0234,-0.0707,-0.0827,0
7100750,-0.084,-0.194,0.053,-0.022,0.010,-0.005,-133.080,-327.500,333.860,-179.230,-1.790,-116.030,1,0.0234,-0.0707,-0.0827,0
7100859,-0.121,-0.098,-0.018,-0.036,-0.001,-0.004,-133.080,-327.500,333.860,-179.230,-1.790,-116.030,1,0.0234,-0.0707,-0.0827,0
7100937,-0.142,-0.142,0.001,-0.029,-0.004,-0.004,-133.080,-327.500,333.860,-179.230,-1.790,-116.030,1,0.0234,-0.0707,-0.0827,0
7101015,-0.122,-0.226,-0.001,-0.012,0.004,-0.003,-133.080,-327.500,333.860,-179.230,-1.790,-116.030,1,0.0234,-0.0707,-0.0827,0
7101093,-0.119,-0.233,0.014,-0.009,0.006,-0.003,-133.080,-327.500,333.860,-179.230,-1.790,-116.030,1,0.0234,-0.0707,-0.0827,0
7101171,-0.105,-0.236,0.064,-0.010,0.006,-0.004,-133.080,-327.500,333.860,-179.230,-1.790,-116.030,1,0.0234,-0.0707,-0.0827,0
7101281,-0.111,-0.239,0.062,-0.010,0.006,-0.004,-133.080,-327.500,333.860,-179.230,-1.790,-116.030,1,0.0234,-0.0707,-0.0827,0
7101390,-0.099,-0.233,0.065,-0.010,0.006,-0.004,-133.080,-327.500,333.860,-179.230,-1.790,-116.030,1,0.0234,-0.0707,-0.0827,0
7101531,-0.100,-0.240,0.100,-0.010,0.006,-0.005,-133.080,-327.500,333.860,-179.230,-1.790,-116.030,1,0.0234,-0.0707,-0.0827,0
7101578,-0.099,-0.239,0.097,-0.010,0.006,-0.005,-133.080,-327.500,333.860,-179.230,-1.790,-116.030,1,0.0234,-0.0707,-0.0827,0
7101625,-0.093,-0.235,0.084,-0.010,0.006,-0.004,-133.080,-327.500,333.860,-179.230,-1.790,-116.030,1,0.0234,-0.0707,-0.0827,0
7101703,-0.109,-0.242,0.061,-0.010,0.006,-0.004,-133.080,-327.500,333.860,-179.230,-1.790,-116.030,1,0.0234,-0.0707,-0.0827,0
7101843,-0.097,-0.247,0.066,-0.009,0.006,-0.004,-133.080,-327.500,333.860,-179.230,-1.790,-116.030,1,0.0234,-0.0707,-0.0827,0
7101937,-0.087,-0.248,0.073,-0.010,0.005,-0.005,-133.080,-327.500,333.860,-179.230,-1.790,-116.030,1,0.0234,-0.0707,-0.0827,0
7101984,-0.099,-0.234,0.065,-0.009,0.006,-0.004,-133.080,-327.500,333.860,-179.230,-1.790,-116.030,1,0.0234,-0.0707,-0.0827,0
7102062,-0.087,-0.243,0.056,-0.010,0.006,-0.004,-133.080,-327.500,333.860,-179.230,-1.790,-116.030,1,0.0234,-0.0707,-0.0827,0
7102125,-0.090,-0.229,0.030,-0.009,0.006,-0.002,-133.080,-327.500,333.860,-179.230,-1.790,-116.030,1,0.0234,-0.0707,-0.0827,0
7102218,-0.065,-0.244,0.090,-0.010,0.005,-0.004,-133.080,-327.500,333.860,-179.230,-1.790,-116.030,1,0.0234,-0.0707,-0.0827,0
7102312,-0.079,-0.248,0.118,-0.010,0.005,-0.006,-133.080,-327.500,333.860,-179.230,-1.790,-116.030,1,0.0234,-0.0707,-0.0827,0
7102390,-0.102,-0.234,0.046,-0.010,0.006,-0.003,-133.080,-327.500,333.860,-179.230,-1.790,-116.030,1,0.0234,-0.0707,-0.0827,0
7102484,-0.121,-0.224,0.021,-0.009,0.006,-0.002,-133.080,-327.500,333.860,-179.230,-1.790,-116.030,1,0.0234,-0.0707,-0.0827,0
7102593,-0.094,-0.235,0.078,-0.010,0.006,-0.006,-133.080,-327.500,333.860,-179.230,-1.790,-116.030,1,0.0234,-0.0707,-0.0827,0
7102734,-0.104,-0.230,0.086,-0.009,0.006,-0.004,-133.080,-327.500,333.860,-179.230,-1.790,-116.030,1,0.0234,-0.0707,-0.0827,0
7102781,-0.105,-0.229,0.067,-0.010,0.006,-0.003,-133.080,-327.500,333.860,-179.230,-1.790,-116.030,1,0.0234,-0.0707,-0.0827,0
7102828,-0.118,-0.217,0.029,-0.009,0.006,-0.002,-133.080,-327.500,333.860,-179.230,-1.790,-116.030,1,0.0234,-0.0707,-0.0827,0
7102906,-0.095,-0.234,0.096,-0.010,0.006,-0.005,-133.080,-327.500,333.860,-179.230,-1.790,-116.030,1,0.0234,-0.0707,-0.0827,0
7103046,-0.091,-0.227,0.077,-0.009,0.006,-0.004,-133.080,-327.500,333.860,-179.230,-1.790,-116.030,1,0.0234,-0.0707,-0.0827,0
7103140,-0.143,-0.369,0.002,-0.001,0.006,-0.002,-132.906,-327.711,333.835,-179.230,-1.790,-116.030,1,0.0000,0.0000,0.0000,1
7103250,-0.210,-0.389,0.004,0.003,0.010,-0.004,-132.906,-327.711,333.835,-179.230,-1.790,-116.030,1,0.0000,0.0000,0.0000,1
7103328,-0.015,-0.036,-0.049,-0.005,0.011,-0.002,-126.042,-339.371,331.762,-179.230,-1.790,-116.030,1,0.0000,0.0000,0.0000,1
7103421,0.053,-0.059,-0.068,-0.012,0.007,-0.005,-126.042,-339.371,331.762,-179.230,-1.790,-116.030,1,0.0000,0.0000,0.0000,1
7103500,-0.277,-0.050,-0.030,-0.012,-0.008,-0.002,-124.149,-353.279,325.841,-179.230,-1.790,-116.030,1,0.0000,0.0000,0.0000,1
7103578,-0.145,-0.143,0.034,-0.009,0.005,-0.005,-124.149,-353.279,325.841,-179.230,-1.790,-116.030,1,0.0000,0.0000,0.0000,1
7103687,-0.206,-0.056,-0.061,-0.019,0.007,-0.003,-119.770,-362.203,313.463,-179.230,-1.790,-116.030,1,0.0000,0.0000,0.0000,0
7103796,-0.261,-0.057,-0.021,-0.010,0.009,-0.003,-119.770,-362.203,313.463,-179.230,-1.790,-116.030,1,0.0000,0.0000,0.0000,0
7103937,-0.266,-0.085,0.042,-0.008,0.009,-0.002,-118.966,-366.814,289.482,-179.230,-1.790,-116.030,1,0.0000,0.0000,0.0000,0
7103984,-0.257,-0.106,-0.021,-0.008,0.009,-0.002,-118.966,-366.814,289.482,-179.230,-1.790,-116.030,1,0.0000,0.0000,0.0000,0
7104031,-0.246,-0.146,0.031,-0.011,0.008,-0.004,-118.966,-366.814,289.482,-179.230,-1.790,-116.030,1,0.0000,0.0000,0.0000,0
7104109,-0.214,-0.148,0.098,-0.012,0.008,-0.005,-119.730,-364.274,273.347,-179.230,-1.790,-115.689,1,0.0000,0.0000,0.0000,0
7104250,-0.076,-0.348,0.226,-0.006,0.012,-0.002,-119.730,-364.274,273.347,-179.230,-1.790,-115.689,1,-0.0024,0.0111,0.0122,0
7104343,-0.158,-0.423,0.136,0.000,0.005,-0.003,-123.279,-356.128,261.651,-179.230,-1.790,-116.020,1,-0.0108,0.0423,0.0447,0
7104453,-0.166,-0.185,-0.001,-0.014,0.005,-0.004,-123.279,-356.128,261.651,-179.230,-1.790,-116.020,1,-0.0108,0.0423,0.0447,0
7104531,-0.163,-0.243,-0.011,-0.009,0.008,-0.002,-123.300,-356.110,261.630,-179.230,-1.790,-116.030,1,-0.0108,0.0423,0.0447,0
7104625,-0.189,-0.218,0.007,-0.011,0.006,-0.003,-123.300,-356.110,261.630,-179.230,-1.790,-116.030,1,-0.0167,0.0626,0.0863,0
7104703,-0.150,-0.237,0.007,-0.010,0.006,-0.005,-123.300,-356.110,261.630,-179.230,-1.790,-116.030,1,-0.0167,0.0626,0.0863,0
7104781,-0.145,-0.245,-0.006,-0.011,0.006,-0.005,-123.300,-356.110,261.630,-179.230,-1.790,-116.030,1,-0.0167,0.0626,0.0863,0
7104890,0.062,0.089,-0.035,-0.022,0.015,-0.003,-125.142,-354.931,260.849,-179.230,-1.790,-116.030,1,-0.0121,0.0487,0.1209,0
7105000,-0.250,-0.055,0.028,-0.018,0.007,-0.003,-125.142,-354.931,260.849,-179.230,-1.790,-116.030,1,-0.0121,0.0487,0.1209,0
7105140,-0.295,-0.277,-0.021,-0.007,0.002,-0.004,-145.965,-340.634,259.360,-179.230,-1.790,-116.030,1,-0.0121,0.0487,0.1209,0
7105187,-0.084,-0.201,-0.031,-0.006,0.011,-0.004,-145.965,-340.634,259.360,-179.230,-1.790,-116.030,1,-0.0175,0.0333,0.1277,0
7105234,-0.160,-0.151,-0.013,-0.009,0.011,-0.005,-145.965,-340.634,259.360,-179.230,-1.790,-116.030,1,-0.0175,0.0333,0.1277,0
7105312,-0.144,-0.290,-0.009,-0.003,0.010,-0.004,-158.461,-330.114,257.863,-179.230,-1.790,-116.030,1,-0.0175,0.0333,0.1277,0
7105453,-0.158,-0.062,-0.098,-0.016,0.009,-0.004,-158.461,-330.114,257.863,-179.230,-1.790,-116.030,1,-0.0296,0.0314,0.1062,0
7105546,-0.234,-0.156,-0.070,-0.003,0.013,-0.003,-172.226,-320.240,255.051,-179.230,-1.790,-116.030,1,-0.0178,0.0209,0.0743,0
7105656,-0.374,-0.298,-0.080,0.003,-0.005,-0.004,-172.226,-320.240,255.051,-179.230,-1.790,-116.030,1,-0.0178,0.0209,0.0743,0
7105734,-0.082,-0.276,0.071,0.002,0.009,-0.005,-178.392,-313.804,242.692,-179.230,-1.790,-116.030,1,-0.0178,0.0209,0.0743,0
7105828,-0.087,-0.057,0.240,-0.007,0.013,-0.002,-178.392,-313.804,242.692,-179.230,-1.790,-116.030,1,0.0103,0.0009,0.0316,0
7105906,-0.304,-0.076,0.131,-0.007,0.006,-0.002,-179.240,-313.960,237.640,-179.230,-1.790,-116.030,1,0.0103,0.0009,0.0316,0
7105984,-0.229,-0.107,0.051,-0.005,0.009,-0.004,-179.240,-313.960,237.640,-179.230,-1.790,-116.030,1,0.0463,-0.0277,-0.0064,0
7106093,-0.237,-0.102,0.045,-0.005,0.009,-0.003,-179.240,-313.960,237.640,-179.230,-1.790,-116.030,1,0.0463,-0.0277,-0.0064,0
7106203,-0.214,-0.076,0.061,-0.005,0.009,-0.003,-179.240,-313.960,237.640,-179.230,-1.790,-116.030,1,0.0463,-0.0277,-0.0064,0
7106343,-0.154,-0.110,-0.057,-0.005,0.011,-0.004,-179.316,-312.717,235.749,-179.230,-1.790,-116.030,1,0.0463,-0.0277,-0.0064,0
7106390,-0.138,-0.214,0.031,-0.000,0.014,-0.003,-179.316,-312.717,235.749,-179.230,-1.790,-116.030,1,0.0808,-0.0608,-0.0111,0
7106437,-0.206,-0.179,0.003,-0.003,0.011,-0.004,-179.316,-312.717,235.749,-179.230,-1.790,-116.030,1,0.0808,-0.0608,-0.0111,0
7106500,-0.278,-0.120,0.077,-0.005,0.010,-0.003,-180.208,-315.216,232.692,-179.230,-1.790,-116.030,1,0.0808,-0.0608,-0.0111,0
7106656,-0.304,-0.110,0.081,-0.008,0.009,-0.004,-180.208,-315.216,232.692,-179.230,-1.790,-116.030,1,0.0900,-0.0824,-0.0006,0
7106750,-0.244,-0.188,0.019,-0.004,0.014,-0.005,-181.388,-319.356,229.921,-179.230,-1.790,-116.030,1,0.0748,-0.0929,0.0013,0
7106859,-0.282,-0.180,-0.011,-0.004,0.013,-0.004,-181.388,-319.356,229.921,-179.230,-1.790,-116.030,1,0.0748,-0.0929,0.0013,0
7106937,-0.233,-0.218,-0.093,-0.004,0.017,-0.005,-182.883,-324.605,225.979,-179.230,-1.720,-116.030,1,0.0748,-0.0929,0.0013,0
7107031,-0.296,-0.180,-0.163,-0.011,0.011,-0.004,-182.883,-324.605,225.979,-179.230,-1.720,-116.030,1,0.0511,-0.0919,-0.0010,0
7107109,-0.259,-0.259,-0.302,-0.001,0.016,-0.004,-184.619,-330.326,222.358,-179.220,-1.747,-116.030,1,0.0511,-0.0919,-0.0010,0
7107171,-0.250,-0.246,-0.290,-0.000,0.022,-0.003,-184.619,-330.326,222.358,-179.220,-1.747,-116.030,1,0.0287,-0.0791,-0.0038,0
7107281,-0.111,-0.328,-0.196,0.008,0.033,-0.004,-186.884,-337.508,219.820,-179.160,-1.741,-116.030,1,0.0105,-0.0632,-0.0031,0
7107390,-0.140,-0.363,-0.115,0.012,0.030,-0.005,-186.884,-337.508,219.820,-179.160,-1.741,-116.030,1,0.0105,-0.0632,-0.0031,0
7107531,-0.156,-0.358,-0.137,0.014,0.029,-0.004,-189.267,-349.747,218.733,-179.170,-1.742,-116.006,1,0.0105,-0.0632,-0.0031,0
7107578,-0.166,-0.339,-0.154,0.014,0.026,-0.004,-189.267,-349.747,218.733,-179.170,-1.742,-116.006,1,-0.0025,-0.0527,0.0027,0
7107625,-0.186,-0.359,-0.148,0.015,0.026,-0.005,-189.267,-349.747,218.733,-179.170,-1.742,-116.006,1,-0.0025,-0.0527,0.0027,0
7107703,-0.179,-0.307,-0.292,0.019,0.028,-0.004,-188.796,-357.394,218.080,-179.166,-1.741,-115.972,1,-0.0025,-0.0527,0.0027,0
7107843,-0.137,-0.237,-0.330,0.030,0.034,-0.004,-188.796,-357.394,218.080,-179.166,-1.741,-115.972,1,-0.0057,-0.0415,0.0095,0
7107937,-0.106,-0.251,-0.359,0.042,0.037,-0.004,-188.250,-368.132,215.136,-179.169,-1.740,-115.978,1,0.0013,-0.0234,0.0107,0
7108046,0.057,-0.332,-0.411,0.060,0.041,-0.005,-188.250,-368.132,215.136,-179.169,-1.740,-115.978,1,0.0013,-0.0234,0.0107,0
7108125,0.067,-0.388,-0.502,0.063,0.038,-0.005,-186.043,-378.455,212.926,-179.170,-1.740,-115.977,1,0.0013,-0.0234,0.0107,0
7108218,0.078,-0.449,-0.538,0.067,0.043,-0.004,-186.043,-378.455,212.926,-179.170,-1.740,-115.977,1,0.0103,-0.0106,0.0056,0
7108296,0.043,-0.476,-0.579,0.063,0.047,-0.005,-185.088,-388.284,212.120,-179.170,-1.740,-115.979,1,0.0103,-0.0106,0.0056,0
7108375,0.009,-0.480,-0.480,0.062,0.048,-0.005,-185.088,-388.284,212.120,-179.170,-1.740,-115.979,1,0.0146,-0.0041,0.0033,0
7108484,-0.082,-0.341,-0.152,0.031,0.029,-0.004,-184.600,-397.318,213.505,-179.170,-1.740,-115.980,1,0.0112,0.0031,0.0103,0
7108593,-0.203,-0.184,-0.081,0.007,0.018,-0.003,-184.600,-397.318,213.505,-179.170,-1.740,-115.980,1,0.0112,0.0031,0.0103,0
7108734,-0.268,-0.106,0.062,-0.004,0.012,-0.004,-183.868,-402.488,221.832,-179.170,-1.740,-115.980,1,0.0112,0.0031,0.0103,0
7108781,-0.227,-0.131,0.006,-0.008,0.012,-0.004,-183.868,-402.488,221.832,-179.170,-1.740,-115.980,1,0.0042,0.0119,0.0254,0
7108828,-0.223,-0.157,0.081,-0.007,0.010,-0.004,-183.868,-402.488,221.832,-179.170,-1.740,-115.980,1,0.0042,0.0119,0.0254,0
7108906,-0.290,-0.116,0.126,-0.012,0.004,-0.004,-184.163,-397.234,229.274,-179.170,-1.740,-115.980,1,0.0042,0.0119,0.0254,0
7109046,-0.259,-0.164,-0.020,-0.009,0.004,-0.003,-184.163,-397.234,229.274,-179.170,-1.740,-115.980,1,-0.0021,0.0365,0.0392,0
7109140,-0.239,-0.151,0.007,-0.010,0.007,-0.004,-182.546,-383.761,243.533,-179.170,-1.740,-115.980,1,-0.0059,0.0848,0.0471,0
7109250,-0.220,-0.154,-0.090,-0.010,0.006,-0.004,-182.546,-383.761,243.533,-179.170,-1.740,-115.980,1,-0.0059,0.0848,0.0471,0
7109328,-0.201,-0.120,-0.095,-0.014,0.005,-0.004,-180.834,-367.299,250.243,-179.170,-1.740,-115.980,1,-0.0059,0.0848,0.0471,0
7109421,-0.244,-0.167,-0.221,-0.010,0.004,-0.003,-180.834,-367.299,250.243,-179.170,-1.740,-115.980,1,-0.0046,0.1284,0.0456,0
7109500,-0.116,-0.287,-0.109,-0.003,0.011,-0.005,-180.117,-353.361,245.378,-179.170,-1.740,-115.980,1,-0.0046,0.1284,0.0456,0
7109578,-0.225,-0.179,-0.053,-0.003,0.010,-0.004,-180.117,-353.361,245.378,-179.170,-1.740,-115.980,1,-0.0026,0.1367,0.0080,0
7109687,-0.132,-0.228,-0.035,-0.004,0.011,-0.004,-178.543,-343.709,233.304,-179.170,-1.740,-115.980,1,-0.0027,0.1043,-0.0679,0
7109796,-0.298,-0.117,0.018,-0.014,0.003,-0.006,-178.543,-343.709,233.304,-179.170,-1.740,-115.980,1,-0.0027,0.1043,-0.0679,0
7109937,-0.116,-0.299,-0.810,0.008,0.010,-0.004,-176.538,-333.840,219.775,-179.170,-1.740,-115.980,1,-0.0027,0.1043,-0.0679,0
7109984,-0.174,-0.239,-1.249,0.009,0.006,-0.003,-176.538,-333.840,219.775,-179.170,-1.740,-115.980,1,-0.0009,0.0518,-0.1344,0
7110031,-0.174,-0.265,-1.647,0.018,0.006,-0.004,-176.538,-333.840,219.775,-179.170,-1.740,-115.980,1,-0.0009,0.0518,-0.1344,0
7110109,-0.180,-0.464,-2.553,0.040,0.001,-0.004,-176.335,-331.630,213.612,-179.170,-1.740,-115.980,1,-0.0009,0.0518,-0.1344,0
7110250,-0.558,-0.280,-2.691,0.011,-0.057,-0.005,-176.335,-331.630,213.612,-179.170,-1.740,-115.980,1,-0.0007,-0.0020,-0.1441,0
7110343,-0.447,-0.094,-1.557,-0.013,-0.032,-0.006,-175.283,-340.162,210.897,-179.170,-1.740,-115.980,1,-0.0050,-0.0621,-0.0969,0
7110453,-0.251,-0.099,-0.713,-0.007,0.012,-0.004,-175.283,-340.162,210.897,-179.170,-1.740,-115.980,1,-0.0050,-0.0621,-0.0969,0
7110531,-0.460,-0.054,-0.396,0.013,0.006,-0.004,-174.540,-350.625,211.778,-179.170,-1.740,-115.980,1,-0.0050,-0.0621,-0.0969,0
7110625,-0.281,-0.314,-0.300,0.042,-0.011,-0.006,-174.540,-350.625,211.778,-179.170,-1.740,-115.980,1,-0.0077,-0.1150,-0.0337,0
7110703,-0.160,-0.533,-0.272,0.048,-0.015,-0.007,-165.886,-352.199,212.583,-179.170,-1.740,-115.980,1,-0.0077,-0.1150,-0.0337,0
7110765,-0.014,-0.389,-0.320,0.050,0.002,-0.005,-165.886,-352.199,212.583,-179.170,-1.740,-115.980,1,0.0048,-0.1206,0.0148,0
7110890,-0.115,-0.516,-0.313,0.053,0.003,-0.004,-158.773,-360.494,212.436,-179.170,-1.740,-115.980,1,0.0320,-0.0860,0.0383,0
7110984,-0.221,-0.363,-0.310,0.047,-0.003,-0.007,-158.773,-360.494,212.436,-179.170,-1.740,-115.980,1,0.0320,-0.0860,0.0383,0
7111125,-0.040,-0.455,-0.355,0.047,0.014,-0.005,-146.552,-376.969,212.139,-179.170,-1.740,-115.980,1,0.0320,-0.0860,0.0383,0
7111171,-0.227,-0.556,-0.339,0.047,0.008,-0.005,-146.552,-376.969,212.139,-179.170,-1.740,-115.980,1,0.0504,-0.0656,0.0396,0
7111218,-0.305,-0.587,-0.301,0.046,0.005,-0.004,-146.552,-376.969,212.139,-179.170,-1.740,-115.980,1,0.0504,-0.0656,0.0396,0
7111296,-0.189,-0.334,-0.233,0.035,0.002,-0.006,-138.581,-387.859,212.831,-179.170,-1.740,-115.980,1,0.0504,-0.0656,0.0396,0
7111437,-0.078,-0.341,-0.316,0.025,0.016,-0.003,-138.581,-387.859,212.831,-179.170,-1.740,-115.980,1,0.0478,-0.0560,0.0328,0
7111531,-0.431,-0.436,-0.223,0.037,-0.007,-0.005,-133.476,-398.187,212.789,-179.170,-1.740,-115.980,1,0.0250,-0.0283,0.0256,0
7111640,-0.290,-0.307,-0.314,0.039,-0.017,-0.007,-133.476,-398.187,212.789,-179.170,-1.740,-115.980,1,0.0250,-0.0283,0.0256,0
7111718,-0.126,0.101,-0.380,-0.021,-0.005,-0.005,-128.914,-397.180,212.751,-179.051,-1.740,-115.980,1,-0.0036,0.0152,0.0175,0
7111812,-0.312,0.476,-0.801,-0.131,0.006,-0.003,-128.914,-397.180,212.751,-179.051,-1.740,-115.980,1,-0.0036,0.0152,0.0175,0
7111890,-0.503,0.467,-0.897,-0.140,-0.021,-0.004,-133.258,-391.398,214.958,-179.095,-1.740,-115.980,1,-0.0036,0.0152,0.0175,0
7111968,-0.264,0.502,-1.145,-0.148,-0.015,-0.002,-133.258,-391.398,214.958,-179.095,-1.740,-115.980,1,-0.0351,0.0717,0.0131,0
7112078,0.052,0.355,-0.872,-0.107,0.023,-0.007,-134.112,-377.517,216.502,-179.079,-1.740,-115.615,1,-0.0672,0.1288,0.0145,0
7112187,-0.047,0.105,-0.263,-0.040,0.011,-0.005,-134.112,-377.517,216.502,-179.079,-1.740,-115.615,1,-0.0672,0.1288,0.0145,0
7112328,-0.188,0.039,0.031,-0.019,-0.007,-0.003,-137.113,-352.919,219.931,-179.081,-1.740,-115.672,1,-0.0672,0.1288,0.0145,0
7112375,-0.205,0.016,0.036,-0.015,0.000,-0.005,-137.113,-352.919,219.931,-179.081,-1.740,-115.672,1,-0.0750,0.1728,0.0152,0
7112421,-0.254,0.007,-0.055,-0.015,0.002,-0.005,-137.113,-352.919,219.931,-179.081,-1.740,-115.672,1,-0.0750,0.1728,0.0152,0
7112500,-0.299,-0.044,0.019,-0.012,0.004,-0.005,-138.189,-337.505,225.650,-179.080,-1.740,-115.657,1,-0.0750,0.1728,0.0152,0
7112640,-0.116,-0.281,-0.044,-0.001,0.018,-0.005,-138.189,-337.505,225.650,-179.080,-1.740,-115.657,1,-0.0598,0.1770,0.0171,0
7112734,0.029,-0.292,-0.058,-0.004,0.019,-0.004,-141.503,-324.508,230.074,-179.080,-1.740,-115.662,1,-0.0397,0.1268,0.0210,0
7112843,-0.344,-0.167,0.062,-0.000,-0.004,-0.005,-141.503,-324.508,230.074,-179.080,-1.740,-115.662,1,-0.0397,0.1268,0.0210,0
7112921,-0.246,-0.119,0.062,-0.003,0.003,-0.006,-145.921,-324.737,230.702,-179.080,-1.740,-115.660,1,-0.0397,0.1268,0.0210,0
7113015,-0.117,-0.049,0.053,-0.009,0.006,-0.006,-145.921,-324.737,230.702,-179.080,-1.740,-115.660,1,-0.0256,0.0472,0.0153,0
7113093,-0.156,-0.079,0.022,-0.004,0.005,-0.003,-145.590,-324.700,230.640,-179.080,-1.740,-115.660,1,-0.0256,0.0472,0.0153,0
7113171,-0.149,-0.141,0.129,-0.004,0.002,-0.004,-145.590,-324.700,230.640,-179.080,-1.740,-115.660,1,-0.0095,-0.0321,-0.0014,0
7113281,-0.129,-0.273,0.159,-0.006,0.002,-0.005,-142.386,-324.592,234.305,-179.080,-1.740,-115.660,1,0.0214,-0.0789,-0.0104,0
7113390,-0.323,-0.190,0.127,-0.008,0.003,-0.004,-142.386,-324.592,234.305,-179.080,-1.740,-115.660,1,0.0214,-0.0789,-0.0104,0
7113531,-0.185,-0.189,0.020,-0.009,0.012,-0.005,-127.869,-323.269,249.079,-179.080,-1.740,-115.660,1,0.0214,-0.0789,-0.0104,0
7113578,-0.252,-0.203,0.074,-0.008,0.002,-0.006,-127.869,-323.269,249.079,-179.080,-1.740,-115.660,1,0.0580,-0.0858,0.0047,0
7113625,-0.172,-0.244,0.024,-0.005,0.002,-0.004,-127.869,-323.269,249.079,-179.080,-1.740,-115.660,1,0.0580,-0.0858,0.0047,0
7113703,-0.111,-0.206,-0.061,-0.008,0.015,-0.006,-116.758,-321.336,260.657,-179.080,-1.740,-115.660,1,0.0580,-0.0858,0.0047,0
7113843,-0.066,-0.164,-0.059,-0.007,0.010,-0.003,-116.758,-321.336,260.657,-179.080,-1.740,-115.660,1,0.0792,-0.0707,0.0265,0
7113937,-0.137,-0.194,0.057,-0.008,0.006,-0.005,-114.550,-320.770,262.920,-179.080,-1.740,-115.660,1,0.0631,-0.0489,0.0206,0
7114046,-0.131,-0.190,0.041,-0.008,0.007,-0.005,-114.550,-320.770,262.920,-179.080,-1.740,-115.660,1,0.0631,-0.0489,0.0206,0
7114125,-0.150,-0.180,0.027,-0.008,0.007,-0.004,-114.550,-320.770,262.920,-179.080,-1.740,-115.660,1,0.0631,-0.0489,0.0206,0
7114218,-0.134,-0.189,0.024,-0.008,0.008,-0.005,-114.550,-320.770,262.920,-179.080,-1.740,-115.660,1,0.0631,-0.0489,0.0206,0
7114296,-0.167,-0.181,-0.216,-0.008,0.006,-0.004,-114.790,-320.709,261.593,-179.080,-1.740,-115.660,1,0.0631,-0.0489,0.0206,0
7114375,-0.185,-0.155,-0.329,-0.008,0.006,-0.003,-114.790,-320.709,261.593,-179.080,-1.740,-115.660,1,0.0202,-0.0310,-0.0103,0
7114484,-0.112,-0.164,-0.015,-0.008,0.006,-0.004,-114.400,-320.274,244.499,-179.080,-1.740,-115.660,1,-0.0141,-0.0177,-0.0556,0
7114578,-0.146,-0.137,0.261,-0.011,0.004,-0.005,-114.400,-320.274,244.499,-179.080,-1.740,-115.660,1,-0.0141,-0.0177,-0.0556,0
7114718,-0.057,-0.245,0.044,-0.004,0.014,-0.004,-113.293,-317.502,225.290,-179.080,-1.740,-115.660,1,-0.0141,-0.0177,-0.0556,0
7114765,-0.043,-0.291,-0.154,-0.003,0.014,-0.004,-113.293,-317.502,225.290,-179.080,-1.740,-115.660,1,-0.0269,-0.0051,-0.1118,0
7114812,-0.118,-0.295,-0.326,-0.003,0.014,-0.005,-113.293,-317.502,225.290,-179.080,-1.740,-115.660,1,-0.0269,-0.0051,-0.1118,0
7114890,-0.253,-0.412,-0.342,0.009,0.022,-0.005,-111.041,-315.210,220.952,-179.080,-1.740,-115.660,1,-0.0269,-0.0051,-0.1118,0
7115031,-0.235,-0.236,-0.143,0.001,-0.007,-0.003,-111.041,-315.210,220.952,-179.080,-1.740,-115.660,1,-0.0247,0.0059,-0.1235,0
7115125,-0.286,-0.164,-0.081,-0.008,-0.009,-0.004,-99.456,-314.482,218.837,-179.080,-1.740,-115.660,1,-0.0065,0.0094,-0.0673,0
7115234,-0.383,-0.198,-0.023,0.002,-0.024,-0.005,-99.456,-314.482,218.837,-179.080,-1.740,-115.660,1,-0.0065,0.0094,-0.0673,0
7115312,-0.312,-0.306,-0.140,0.002,-0.017,-0.005,-92.173,-313.740,217.889,-179.080,-1.639,-115.660,1,-0.0065,0.0094,-0.0673,0
7115406,-0.380,-0.281,-0.121,0.005,-0.012,-0.005,-92.173,-313.740,217.889,-179.080,-1.639,-115.660,1,0.0183,0.0058,-0.0022,0
7115484,-0.327,-0.223,-0.131,0.009,-0.020,-0.004,-86.624,-313.731,217.006,-179.037,-1.687,-115.660,1,0.0183,0.0058,-0.0022,0
7115562,-0.273,-0.300,-0.176,0.007,-0.022,-0.005,-86.624,-313.731,217.006,-179.037,-1.687,-115.660,1,0.0237,0.0003,0.0350,0
7115671,-0.468,-0.397,-0.153,0.010,-0.022,-0.004,-81.566,-313.942,216.220,-179.049,-1.677,-115.660,1,0.0110,-0.0051,0.0485,0
7115781,-0.336,-0.315,-0.171,0.014,-0.023,-0.005,-81.566,-313.942,216.220,-179.049,-1.677,-115.660,1,0.0110,-0.0051,0.0485,0
7115921,-0.291,-0.324,-0.223,0.011,-0.008,-0.004,-71.781,-315.504,215.785,-179.049,-1.681,-115.694,1,0.0110,-0.0051,0.0485,0
7115968,-0.469,-0.353,-0.110,0.017,-0.016,-0.006,-71.781,-315.504,215.785,-179.049,-1.681,-115.694,1,0.0020,-0.0096,0.0469,0
7116015,-0.566,-0.391,-0.061,0.022,-0.022,-0.006,-71.781,-315.504,215.785,-179.049,-1.681,-115.694,1,0.0020,-0.0096,0.0469,0
7116093,-0.393,-0.287,-0.176,0.012,-0.019,-0.004,-66.224,-315.247,216.146,-179.049,-1.680,-115.295,1,0.0020,-0.0096,0.0469,0
7116234,-0.064,-0.142,-0.093,0.000,0.008,-0.003,-66.224,-315.247,216.146,-179.049,-1.680,-115.295,1,-0.0032,-0.0096,0.0394,0
7116328,-0.415,-0.202,-0.090,0.006,-0.006,-0.003,-58.824,-316.686,217.550,-179.050,-1.680,-115.290,1,-0.0131,-0.0047,0.0321,0
7116437,-0.398,-0.375,-0.052,0.005,-0.016,-0.004,-58.824,-316.686,217.550,-179.050,-1.680,-115.290,1,-0.0131,-0.0047,0.0321,0
7116515,-0.211,-0.261,0.009,-0.002,0.000,-0.005,-47.501,-314.930,218.585,-179.050,-1.680,-115.144,1,-0.0131,-0.0047,0.0321,0
7116609,0.109,-0.087,-0.073,-0.015,0.013,-0.004,-47.501,-314.930,218.585,-179.050,-1.680,-115.144,1,-0.0142,0.0017,0.0255,0
7116687,-0.124,-0.178,0.004,-0.012,0.003,-0.004,-43.843,-315.337,221.709,-179.050,-1.680,-115.099,1,-0.0142,0.0017,0.0255,0
7116765,-0.304,-0.363,0.100,-0.001,-0.007,-0.004,-43.843,-315.337,221.709,-179.050,-1.680,-115.099,1,-0.0135,0.0067,0.0209,0
7116875,-0.121,-0.275,0.128,-0.011,0.010,-0.003,-42.347,-314.654,228.486,-179.050,-1.680,-115.111,1,-0.0336,0.0064,0.0266,0
7116984,0.008,-0.173,0.030,-0.014,0.013,-0.004,-42.347,-314.654,228.486,-179.050,-1.680,-115.111,1,-0.0336,0.0064,0.0266,0
7117125,-0.146,-0.086,-0.018,-0.013,0.011,-0.006,-51.186,-317.129,249.397,-179.050,-1.680,-115.108,1,-0.0336,0.0064,0.0266,0
7117171,-0.109,-0.095,-0.239,-0.011,0.008,-0.004,-51.186,-317.129,249.397,-179.050,-1.680,-115.108,1,-0.0627,0.0031,0.0484,0
7117218,-0.129,-0.081,-0.218,-0.008,0.010,-0.004,-51.186,-317.129,249.397,-179.050,-1.680,-115.108,1,-0.0627,0.0031,0.0484,0
7117296,-0.120,-0.187,-0.013,-0.007,0.007,-0.006,-63.644,-318.442,254.265,-179.050,-1.680,-115.109,1,-0.0627,0.0031,0.0484,0
7117437,-0.221,-0.304,-0.101,-0.002,0.001,-0.004,-63.644,-318.442,254.265,-179.050,-1.680,-115.109,1,-0.0880,0.0003,0.0490,0
7117531,-0.193,-0.102,-0.035,-0.003,0.008,-0.005,-74.480,-321.763,247.902,-179.050,-1.680,-115.110,1,-0.1008,-0.0015,-0.0120,0
7117640,-0.306,-0.181,0.018,-0.011,0.006,-0.004,-74.480,-321.763,247.902,-179.050,-1.680,-115.110,1,-0.1008,-0.0015,-0.0120,0
7117718,-0.230,-0.214,0.102,-0.011,0.003,-0.005,-79.224,-324.466,232.938,-179.050,-1.680,-115.110,1,-0.1008,-0.0015,-0.0120,0
7117812,-0.026,-0.242,0.122,-0.007,0.010,-0.006,-79.224,-324.466,232.938,-179.050,-1.680,-115.110,1,-0.0843,-0.0034,-0.0963,0
7117890,-0.149,-0.031,-0.069,-0.022,0.010,-0.003,-81.662,-327.211,225.045,-179.050,-1.680,-115.110,1,-0.0843,-0.0034,-0.0963,0
7117968,-0.247,-0.075,-0.232,-0.024,0.007,-0.004,-81.662,-327.211,225.045,-179.050,-1.680,-115.110,1,-0.0418,-0.0043,-0.1390,0
7118078,-0.017,-0.187,-0.338,-0.022,0.019,-0.004,-78.450,-329.398,222.100,-179.050,-1.680,-115.110,1,0.0096,-0.0026,-0.1142,0
7118187,-0.151,-0.334,-0.272,-0.007,0.022,-0.004,-78.450,-329.398,222.100,-179.050,-1.680,-115.110,1,0.0096,-0.0026,-0.1142,0
7118328,-0.190,-0.292,0.029,0.011,0.020,-0.004,-73.147,-341.485,220.444,-179.050,-1.680,-115.110,1,0.0096,-0.0026,-0.1142,0
7118375,-0.153,-0.290,0.031,0.005,0.020,-0.004,-73.147,-341.485,220.444,-179.050,-1.680,-115.110,1,0.0557,-0.0060,-0.0537,0
7118421,-0.142,-0.307,0.083,0.001,0.021,-0.004,-73.147,-341.485,220.444,-179.050,-1.680,-115.110,1,0.0557,-0.0060,-0.0537,0
7118500,-0.306,-0.268,-0.098,-0.004,0.013,-0.003,-71.826,-353.725,224.660,-179.050,-1.680,-115.110,1,0.0557,-0.0060,-0.0537,0
7118640,-0.252,-0.255,-0.022,-0.008,0.013,-0.003,-71.826,-353.725,224.660,-179.050,-1.680,-115.110,1,0.0734,-0.0189,0.0046,0
7118734,-0.223,-0.263,-0.046,-0.009,0.013,-0.005,-70.763,-367.784,224.780,-179.050,-1.680,-115.110,1,0.0573,-0.0304,0.0476,0
7118843,-0.144,-0.348,-0.112,-0.001,0.016,-0.004,-70.763,-367.784,224.780,-179.050,-1.680,-115.110,1,0.0573,-0.0304,0.0476,0
7118921,-0.084,-0.329,-0.089,0.006,0.019,-0.004,-71.877,-378.152,220.962,-179.050,-1.680,-115.110,1,0.0573,-0.0304,0.0476,0
7119015,-0.045,-0.299,-0.158,0.011,0.021,-0.004,-71.877,-378.152,220.962,-179.050,-1.680,-115.110,1,0.0296,-0.0301,0.0567,0
7119093,-0.104,-0.223,-0.181,0.011,0.020,-0.003,-72.468,-387.263,219.191,-179.050,-1.680,-115.110,1,0.0296,-0.0301,0.0567,0
7119171,-0.115,-0.213,-0.194,0.013,0.023,-0.003,-72.468,-387.263,219.191,-179.050,-1.680,-115.110,1,0.0063,-0.0159,0.0412,0
7119281,-0.054,-0.171,-0.366,0.013,0.032,-0.001,-73.037,-393.491,217.240,-179.050,-1.680,-115.110,1,-0.0072,0.0065,0.0276,0
7119390,-0.136,-0.111,-0.422,-0.011,0.040,-0.003,-73.037,-393.491,217.240,-179.050,-1.680,-115.110,1,-0.0072,0.0065,0.0276,0
7119531,0.057,-0.254,-0.363,-0.011,0.056,-0.003,-81.202,-395.832,215.148,-179.050,-1.680,-115.110,1,-0.0072,0.0065,0.0276,0
7119578,0.048,-0.154,-0.318,-0.011,0.052,-0.002,-81.202,-395.832,215.148,-179.050,-1.680,-115.110,1,-0.0165,0.0298,0.0184,0
7119625,0.017,-0.079,-0.273,-0.014,0.053,-0.002,-81.202,-395.832,215.148,-179.050,-1.680,-115.110,1,-0.0165,0.0298,0.0184,0
7119703,-0.123,-0.183,-0.297,-0.022,0.055,-0.002,-89.081,-396.466,215.021,-178.953,-1.680,-115.110,1,-0.0165,0.0298,0.0184,0
7119843,0.030,-0.113,-0.233,-0.027,0.049,-0.003,-89.081,-396.466,215.021,-178.953,-1.680,-115.110,1,-0.0275,0.0480,0.0131,0
7119937,-0.031,0.004,-0.290,-0.029,0.050,-0.003,-97.072,-396.954,214.784,-178.979,-1.680,-115.110,1,-0.0320,0.0561,0.0140,0
7120046,-0.239,-0.088,-0.307,-0.038,0.048,-0.001,-97.072,-396.954,214.784,-178.979,-1.680,-115.110,1,-0.0320,0.0561,0.0140,0
7120125,-0.119,-0.123,-0.288,-0.044,0.041,-0.003,-103.890,-395.110,214.425,-178.972,-1.680,-115.110,1,-0.0320,0.0561,0.0140,0
7120218,0.071,-0.002,-0.347,-0.046,0.049,-0.002,-103.890,-395.110,214.425,-178.972,-1.680,-115.110,1,-0.0268,0.0553,0.0145,0
7120296,-0.204,0.106,-0.293,-0.049,0.037,-0.002,-109.163,-393.522,213.983,-178.973,-1.680,-115.110,1,-0.0268,0.0553,0.0145,0
7120375,-0.390,0.113,-0.240,-0.051,0.006,-0.001,-109.163,-393.522,213.983,-178.973,-1.680,-115.110,1,-0.0143,0.0496,0.0116,0
7120484,-0.183,0.082,-0.303,-0.040,-0.004,-0.002,-108.610,-388.425,215.611,-178.971,-1.680,-115.110,1,0.0097,0.0449,0.0109,0
7120593,-0.244,0.065,-0.107,-0.041,0.014,-0.003,-108.610,-388.425,215.611,-178.971,-1.680,-115.110,1,0.0097,0.0449,0.0109,0
7120734,-0.389,-0.099,-0.270,-0.018,-0.034,-0.003,-107.627,-381.463,216.263,-178.970,-1.680,-115.093,1,0.0097,0.0449,0.0109,0
7120781,-0.258,-0.134,-0.391,-0.015,-0.034,-0.003,-107.627,-381.463,216.263,-178.970,-1.680,-115.093,1,0.0406,0.0460,0.0142,0
7120828,-0.228,-0.171,-0.472,-0.015,-0.032,-0.003,-107.627,-381.463,216.263,-178.970,-1.680,-115.093,1,0.0406,0.0460,0.0142,0
7120906,-0.441,-0.176,-0.600,-0.005,-0.036,-0.003,-107.244,-377.181,214.279,-178.970,-1.680,-115.096,1,0.0406,0.0460,0.0142,0
7121046,-0.219,-0.074,-0.628,-0.038,-0.025,-0.004,-107.244,-377.181,214.279,-178.970,-1.680,-115.096,1,0.0570,0.0418,0.0111,0
7121140,-0.185,0.319,-0.536,-0.092,0.009,-0.002,-109.720,-373.073,211.746,-178.970,-1.680,-115.097,1,0.0502,0.0247,-0.0019,0
7121250,-0.404,0.206,-0.259,-0.086,0.002,-0.002,-109.720,-373.073,211.746,-178.970,-1.680,-115.097,1,0.0502,0.0247,-0.0019,0
7121328,-0.323,0.129,-0.201,-0.062,-0.005,-0.001,-111.608,-366.889,213.038,-178.970,-1.680,-115.099,1,0.0502,0.0247,-0.0019,0
7121421,-0.123,-0.008,-0.182,-0.045,0.009,-0.003,-111.608,-366.889,213.038,-178.970,-1.680,-115.099,1,0.0319,0.0096,-0.0088,0
7121500,-0.334,-0.110,-0.004,-0.039,0.008,-0.004,-113.336,-363.884,215.529,-178.970,-1.680,-115.100,1,0.0319,0.0096,-0.0088,0
7121578,-0.369,-0.176,-0.069,-0.029,0.006,-0.003,-113.336,-363.884,215.529,-178.970,-1.680,-115.100,1,0.0158,-0.0001,-0.0007,0
7121687,-0.287,-0.138,0.033,-0.020,0.008,-0.003,-112.543,-363.099,219.927,-178.970,-1.680,-115.100,1,0.0101,-0.0160,0.0145,0
7121796,-0.219,-0.084,0.042,-0.011,0.005,-0.004,-112.543,-363.099,219.927,-178.970,-1.680,-115.100,1,0.0101,-0.0160,0.0145,0
7121937,-0.289,-0.275,0.032,-0.006,0.002,-0.004,-104.053,-363.261,232.690,-178.970,-1.680,-115.100,1,0.0101,-0.0160,0.0145,0
7121984,-0.306,-0.228,0.019,-0.005,0.005,-0.004,-104.053,-363.261,232.690,-178.970,-1.680,-115.100,1,0.0186,-0.0334,0.0326,0
7122031,-0.227,-0.120,0.018,-0.005,0.004,-0.003,-104.053,-363.261,232.690,-178.970,-1.680,-115.100,1,0.0186,-0.0334,0.0326,0
7122109,-0.246,-0.160,0.045,-0.011,0.007,-0.005,-90.573,-361.529,240.005,-178.970,-1.680,-115.100,1,0.0186,-0.0334,0.0326,0
7122250,-0.218,-0.182,-0.014,-0.008,0.010,-0.004,-90.573,-361.529,240.005,-178.970,-1.680,-115.100,1,0.0412,-0.0376,0.0409,0
7122343,-0.229,-0.162,0.014,-0.012,0.012,-0.002,-71.314,-356.119,245.220,-178.970,-1.680,-115.100,1,0.0708,-0.0239,0.0239,0
7122453,-0.278,-0.220,0.033,-0.011,0.009,-0.003,-71.314,-356.119,245.220,-178.970,-1.680,-115.100,1,0.0708,-0.0239,0.0239,0
7122531,-0.165,-0.301,0.106,-0.006,0.010,-0.004,-53.298,-349.495,250.176,-178.970,-1.680,-115.100,1,0.0708,-0.0239,0.0239,0
7122625,-0.131,-0.186,0.057,-0.013,0.013,-0.004,-53.298,-349.495,250.176,-178.970,-1.680,-115.100,1,0.0898,-0.0013,-0.0017,0
7122703,0.002,-0.127,-0.046,-0.019,0.024,-0.004,-40.868,-345.202,255.779,-178.970,-1.680,-115.100,1,0.0898,-0.0013,-0.0017,0
7122781,-0.155,-0.237,-0.039,-0.008,0.018,-0.005,-40.868,-345.202,255.779,-178.970,-1.680,-115.100,1,0.0767,0.0126,-0.0156,0
7122890,-0.317,-0.186,0.044,-0.008,0.009,-0.003,-40.140,-344.500,256.490,-178.970,-1.680,-115.100,1,0.0190,0.0056,-0.0254,0
7123000,-0.267,-0.187,0.077,-0.007,0.010,-0.004,-40.140,-344.500,256.490,-178.970,-1.680,-115.100,1,0.0190,0.0056,-0.0254,0
7123140,-0.283,-0.182,0.048,-0.007,0.010,-0.003,-40.140,-344.500,256.490,-178.970,-1.680,-115.100,1,0.0190,0.0056,-0.0254,0
7123187,-0.276,-0.187,0.038,-0.006,0.010,-0.003,-40.140,-344.500,256.490,-178.970,-1.680,-115.100,1,0.0190,0.0056,-0.0254,0
7123234,-0.397,-0.133,-0.060,-0.011,0.003,-0.004,-40.140,-344.500,256.490,-178.970,-1.680,-115.100,1,0.0190,0.0056,-0.0254,0
7123312,-0.384,-0.231,-0.005,-0.006,-0.004,-0.005,-37.479,-342.177,253.037,-178.970,-1.680,-115.100,1,0.0190,0.0056,-0.0254,0
7123453,-0.254,-0.242,0.162,-0.005,0.003,-0.003,-37.479,-342.177,253.037,-178.970,-1.680,-115.100,1,-0.0576,-0.0133,-0.0408,0
7123546,-0.124,-0.190,0.096,-0.006,0.007,-0.003,-20.337,-332.476,250.100,-178.970,-1.680,-115.100,1,-0.0880,-0.0179,-0.0500,0
7123656,0.113,0.018,0.124,-0.021,0.019,-0.006,-20.337,-332.476,250.100,-178.970,-1.680,-115.100,1,-0.0880,-0.0179,-0.0500,0
7123734,0.049,-0.289,0.011,-0.012,0.016,-0.004,-10.564,-321.920,253.279,-178.970,-1.680,-115.100,1,-0.0880,-0.0179,-0.0500,0
7123828,-0.126,-0.369,-0.159,-0.007,0.014,-0.004,-10.564,-321.920,253.279,-178.970,-1.680,-115.100,1,-0.0667,-0.0013,-0.0385,0
7123906,-0.110,-0.317,0.009,-0.009,0.013,-0.004,-11.727,-318.029,250.653,-178.970,-1.680,-115.100,1,-0.0667,-0.0013,-0.0385,0
7123984,-0.053,-0.233,0.037,-0.013,0.010,-0.005,-11.727,-318.029,250.653,-178.970,-1.680,-115.100,1,-0.0635,0.0057,-0.0206,0
7124093,-0.144,-0.171,-0.002,-0.002,0.003,-0.003,-16.178,-319.005,243.490,-178.970,-1.680,-115.100,1,-0.0977,-0.0193,-0.0263,0
7124203,-0.237,-0.044,-0.024,-0.007,0.006,-0.002,-16.178,-319.005,243.490,-178.970,-1.680,-115.100,1,-0.0977,-0.0193,-0.0263,0
7124343,-0.135,0.012,0.171,-0.013,0.014,-0.004,-18.562,-318.835,230.839,-178.831,-1.541,-115.100,1,-0.0977,-0.0193,-0.0263,0
7124390,-0.144,-0.055,0.125,-0.014,0.013,-0.006,-18.562,-318.835,230.839,-178.831,-1.541,-115.100,1,-0.1224,-0.0529,-0.0511,0
7124437,-0.162,-0.148,0.044,-0.011,0.013,-0.004,-18.562,-318.835,230.839,-178.831,-1.541,-115.100,1,-0.1224,-0.0529,-0.0511,0
7124515,-0.147,-0.287,0.015,-0.009,0.009,-0.004,-23.569,-315.123,226.729,-178.878,-1.588,-115.100,1,-0.1224,-0.0529,-0.0511,0
7124656,0.053,-0.333,-0.076,0.009,0.009,-0.005,-23.569,-315.123,226.729,-178.878,-1.588,-115.100,1,-0.1185,-0.0602,-0.0548,0
7124734,-0.125,-0.198,-0.168,0.010,0.002,-0.003,-23.904,-320.335,224.022,-178.864,-1.574,-114.981,1,-0.0970,-0.0495,-0.0221,0
7124781,-0.187,-0.148,-0.166,0.006,-0.001,-0.002,-23.904,-320.335,224.022,-178.864,-1.574,-114.981,1,-0.0970,-0.0495,-0.0221,0
7124859,-0.221,-0.142,-0.079,-0.005,-0.006,-0.005,-23.904,-320.335,224.022,-178.864,-1.574,-114.981,1,-0.0970,-0.0495,-0.0221,0
7124937,-0.044,-0.247,-0.120,-0.003,0.008,-0.004,-19.010,-327.714,222.114,-178.864,-1.574,-115.005,1,-0.0970,-0.0495,-0.0221,0
7125031,-0.107,-0.370,-0.031,0.003,0.012,-0.005,-19.010,-327.714,222.114,-178.864,-1.574,-115.005,1,-0.0578,-0.0491,0.0149,0
7125109,-0.110,-0.365,-0.073,0.002,0.012,-0.003,-16.205,-333.530,222.097,-178.861,-1.571,-114.994,1,-0.0578,-0.0491,0.0149,0
7125187,-0.119,-0.418,-0.013,0.002,0.012,-0.005,-16.205,-333.530,222.097,-178.861,-1.571,-114.994,1,-0.0149,-0.0509,0.0365,0
7125296,-0.093,-0.328,-0.028,-0.003,0.011,-0.004,-13.648,-342.373,223.071,-178.860,-1.570,-114.995,1,0.0079,-0.0446,0.0487,0
7125406,-0.037,-0.221,-0.003,-0.005,0.008,-0.005,-13.648,-342.373,223.071,-178.860,-1.570,-114.995,1,0.0079,-0.0446,0.0487,0
7125546,-0.119,-0.133,-0.037,-0.006,0.006,-0.005,-11.489,-357.033,224.932,-178.860,-1.570,-114.998,1,0.0079,-0.0446,0.0487,0
7125593,-0.140,-0.098,-0.098,-0.006,0.007,-0.004,-11.489,-357.033,224.932,-178.860,-1.570,-114.998,1,0.0134,-0.0442,0.0523,0
7125703,-0.077,-0.200,-0.079,0.003,0.012,-0.004,-10.351,-362.846,223.068,-178.860,-1.570,-114.999,1,0.0134,-0.0442,0.0523,0
7125843,-0.124,-0.154,-0.173,0.010,0.016,-0.004,-10.351,-362.846,223.068,-178.860,-1.570,-114.999,1,0.0111,-0.0343,0.0414,0
7125953,-0.163,-0.171,-0.281,0.014,0.020,-0.004,-9.046,-370.806,218.373,-178.860,-1.570,-115.000,1,0.0046,-0.0015,0.0146,0
7126062,-0.203,-0.125,-0.593,-0.003,0.015,-0.003,-9.046,-370.806,218.373,-178.860,-1.570,-115.000,1,0.0046,-0.0015,0.0146,0
7126125,-0.112,-0.271,-0.624,0.027,0.037,-0.003,-8.901,-376.450,214.221,-178.860,-1.570,-115.000,1,0.0046,-0.0015,0.0146,0
7126218,-0.049,-0.447,-0.540,0.040,0.054,-0.004,-8.901,-376.450,214.221,-178.860,-1.570,-115.000,1,-0.0020,0.0272,-0.0119,0
7126296,-0.025,-0.536,-0.542,0.049,0.055,-0.004,-10.395,-381.912,212.566,-178.860,-1.570,-115.000,1,-0.0020,0.0272,-0.0119,0
7126375,-0.057,-0.509,-0.518,0.056,0.050,-0.005,-10.395,-381.912,212.566,-178.860,-1.570,-115.000,1,-0.0098,0.0397,-0.0204,0
7126500,-0.282,-0.588,-0.466,0.066,0.022,-0.005,-7.980,-386.324,211.923,-178.860,-1.570,-115.000,1,-0.0122,0.0433,-0.0108,0
7126593,-0.311,-0.572,-0.406,0.071,0.004,-0.007,-7.980,-386.324,211.923,-178.860,-1.570,-115.000,1,-0.0122,0.0433,-0.0108,0
7126734,-0.206,-0.347,-0.971,0.057,0.012,-0.004,-1.517,-390.384,209.312,-178.860,-1.570,-115.000,1,-0.0122,0.0433,-0.0108,0
7126781,-0.427,-0.112,-1.412,-0.007,-0.015,-0.003,-1.517,-390.384,209.312,-178.860,-1.570,-115.000,1,0.0015,0.0409,0.0015,0
7126828,-0.640,0.043,-1.650,-0.046,-0.060,-0.004,-1.517,-390.384,209.312,-178.860,-1.570,-115.000,1,0.0015,0.0409,0.0015,0
7126906,-0.606,-0.539,-1.082,0.061,-0.074,-0.007,3.288,-390.824,207.623,-178.860,-1.570,-115.000,1,0.0015,0.0409,0.0015,0
7127046,-0.175,-0.583,-0.630,0.066,-0.004,-0.005,3.288,-390.824,207.623,-178.860,-1.570,-115.000,1,0.0175,0.0400,0.0074,0
7127140,-0.202,-0.619,-0.393,0.062,0.013,-0.004,3.061,-391.617,209.440,-178.860,-1.570,-115.000,1,0.0151,0.0434,0.0137,0
7127250,-0.456,-0.537,-0.230,0.042,-0.015,-0.005,3.061,-391.617,209.440,-178.860,-1.570,-115.000,1,0.0151,0.0434,0.0137,0
7127328,-0.512,-0.503,-0.172,0.037,-0.020,-0.006,9.020,-391.876,211.498,-178.860,-1.570,-115.000,1,0.0151,0.0434,0.0137,0
7127421,-0.143,-0.195,-0.247,0.019,-0.017,-0.006,9.020,-391.876,211.498,-178.860,-1.570,-115.000,1,0.0058,0.0426,0.0227,0
7127500,-0.178,-0.163,-0.254,0.001,-0.014,-0.005,12.211,-391.327,212.113,-178.860,-1.570,-115.000,1,0.0058,0.0426,0.0227,0
7127578,-0.457,-0.357,-0.152,0.021,-0.023,-0.004,12.211,-391.327,212.113,-178.860,-1.570,-115.000,1,0.0048,0.0365,0.0246,0
7127687,-0.428,-0.433,-0.081,0.013,-0.022,-0.005,16.959,-389.982,213.736,-178.860,-1.570,-115.000,1,0.0042,0.0311,0.0184,0
7127796,-0.009,-0.118,-0.132,-0.001,-0.002,-0.005,16.959,-389.982,213.736,-178.860,-1.570,-115.000,1,0.0042,0.0311,0.0184,0
7127937,-0.360,-0.223,-0.179,-0.008,-0.015,-0.004,23.580,-387.712,215.115,-178.860,-1.570,-115.000,1,0.0042,0.0311,0.0184,0
7127984,-0.509,-0.376,-0.130,0.003,-0.029,-0.004,23.580,-387.712,215.115,-178.860,-1.570,-115.000,1,0.0048,0.0270,0.0127,0
7128031,-0.542,-0.443,-0.083,0.007,-0.035,-0.005,23.580,-387.712,215.115,-178.860,-1.570,-115.000,1,0.0048,0.0270,0.0127,0
7128109,-0.279,-0.306,-0.160,0.006,-0.021,-0.005,33.925,-384.579,214.883,-178.860,-1.570,-115.000,1,0.0048,0.0270,0.0127,0
7128250,-0.045,-0.129,-0.207,-0.019,-0.004,-0.004,33.925,-384.579,214.883,-178.860,-1.570,-115.000,1,0.0147,0.0237,0.0064,0
7128343,-0.029,0.110,-0.718,-0.084,0.030,-0.003,36.818,-383.228,214.772,-178.860,-1.570,-115.000,1,0.0223,0.0192,-0.0030,0
7128453,-0.552,-0.245,-0.560,-0.047,-0.017,-0.003,36.818,-383.228,214.772,-178.860,-1.570,-115.000,1,0.0223,0.0192,-0.0030,0
7128531,-0.521,-0.296,-0.071,0.003,-0.039,-0.005,46.053,-378.464,214.892,-178.860,-1.570,-115.000,1,0.0223,0.0192,-0.0030,0
7128625,-0.036,-0.219,-0.165,-0.003,-0.007,-0.003,46.053,-378.464,214.892,-178.860,-1.570,-115.000,1,0.0215,0.0158,-0.0090,0
7128703,0.220,-0.039,-0.088,-0.015,0.003,-0.005,57.284,-375.488,216.078,-178.859,-1.570,-115.000,1,0.0215,0.0158,-0.0090,0
7128781,0.014,0.047,-0.148,-0.021,0.004,-0.003,57.284,-375.488,216.078,-178.859,-1.570,-115.000,1,0.0296,0.0156,-0.0079,0
7128890,-0.205,0.067,-0.522,-0.066,0.041,-0.003,49.393,-371.560,217.612,-178.295,-1.570,-115.000,1,0.0128,0.0130,-0.0018,0
7129000,-0.490,-0.157,-0.195,-0.030,-0.012,-0.004,49.393,-371.560,217.612,-178.295,-1.570,-115.000,1,0.0128,0.0130,-0.0018,0
7129140,0.109,-0.160,-0.086,-0.020,0.013,-0.005,54.649,-357.498,221.089,-178.448,-1.570,-114.694,1,0.0128,0.0130,-0.0018,0
7129187,0.015,0.010,0.015,-0.032,0.014,-0.005,54.649,-357.498,221.089,-178.448,-1.570,-114.694,1,-0.0457,0.0161,0.0056,0
7129234,-0.124,0.087,-0.040,-0.037,0.010,-0.002,54.649,-357.498,221.089,-178.448,-1.570,-114.694,1,-0.0457,0.0161,0.0056,0
7129312,-0.264,-0.142,-0.041,-0.026,-0.002,-0.004,46.151,-348.658,223.049,-178.394,-1.570,-114.806,1,-0.0457,0.0161,0.0056,0
7129453,-0.149,-0.381,-0.034,-0.008,0.008,-0.006,46.151,-348.658,223.049,-178.394,-1.570,-114.806,1,-0.1000,0.0214,0.0089,0
7129546,0.019,-0.013,-0.057,-0.020,0.021,-0.003,42.591,-333.883,223.918,-178.403,-1.570,-114.784,1,-0.1378,0.0161,0.0044,0
7129656,-0.288,-0.092,-0.058,-0.024,0.001,-0.005,42.591,-333.883,223.918,-178.403,-1.570,-114.784,1,-0.1378,0.0161,0.0044,0
7129734,-0.286,-0.254,-0.053,-0.018,-0.003,-0.004,34.142,-323.376,222.475,-178.399,-1.570,-114.788,1,-0.1378,0.0161,0.0044,0
7129828,-0.073,-0.187,-0.137,-0.020,0.014,-0.003,34.142,-323.376,222.475,-178.399,-1.570,-114.788,1,-0.1484,0.0090,-0.0057,0
7129906,-0.215,-0.113,-0.101,-0.031,0.007,-0.005,30.531,-315.969,220.519,-178.400,-1.570,-114.787,1,-0.1484,0.0090,-0.0057,0
7129984,-0.357,-0.169,-0.031,-0.028,-0.003,-0.004,30.531,-315.969,220.519,-178.400,-1.570,-114.787,1,-0.1248,-0.0048,-0.0166,0
7130093,-0.101,-0.124,-0.005,-0.018,0.008,-0.003,29.199,-309.544,220.368,-178.400,-1.570,-114.789,1,-0.0771,-0.0267,-0.0203,0
7130203,-0.166,-0.082,0.053,-0.014,0.006,-0.005,29.199,-309.544,220.368,-178.400,-1.570,-114.789,1,-0.0771,-0.0267,-0.0203,0
7130343,-0.040,-0.214,0.127,-0.008,0.005,-0.005,28.895,-304.069,229.701,-178.400,-1.570,-114.790,1,-0.0771,-0.0267,-0.0203,0
7130390,0.035,-0.228,0.147,-0.010,0.007,-0.005,28.895,-304.069,229.701,-178.400,-1.570,-114.790,1,-0.0240,-0.0411,-0.0073,0
7130437,-0.000,-0.254,0.115,-0.010,0.005,-0.003,28.895,-304.069,229.701,-178.400,-1.570,-114.790,1,-0.0240,-0.0411,-0.0073,0
7130515,-0.073,-0.254,0.094,-0.009,0.005,-0.003,29.248,-302.893,241.809,-178.400,-1.570,-114.790,1,0.0124,-0.0500,0.0200,0
7130656,-0.060,-0.204,0.027,-0.013,0.007,-0.004,29.248,-302.893,241.809,-178.400,-1.570,-114.790,1,0.0124,-0.0500,0.0200,0
7130750,-0.067,-0.186,-0.008,-0.011,0.007,-0.004,28.440,-301.964,262.065,-178.400,-1.570,-114.790,1,0.0297,-0.0595,0.0525,0
7130859,-0.044,-0.218,0.019,-0.010,0.005,-0.005,28.440,-301.964,262.065,-178.400,-1.570,-114.790,1,0.0297,-0.0595,0.0525,0
7130937,-0.057,-0.206,-0.016,-0.012,0.004,-0.004,26.760,-298.644,281.476,-178.400,-1.570,-114.790,1,0.0297,-0.0595,0.0525,0
7131031,-0.029,-0.158,-0.023,-0.008,0.007,-0.003,26.760,-298.644,281.476,-178.400,-1.570,-114.790,1,0.0305,-0.0576,0.0778,0
7131109,-0.057,-0.066,-0.213,-0.010,0.007,-0.003,23.177,-295.378,296.339,-178.400,-1.570,-114.790,1,0.0305,-0.0576,0.0778,0
7131187,-0.138,-0.283,-0.262,-0.002,0.009,-0.005,23.177,-295.378,296.339,-178.400,-1.570,-114.790,1,0.0192,-0.0411,0.0748,0
7131296,-0.284,-0.255,0.080,-0.006,0.006,-0.006,19.730,-293.840,298.600,-178.400,-1.570,-114.790,1,0.0034,-0.0255,0.0247,0
7131406,-0.196,-0.200,0.045,-0.008,0.009,-0.005,19.730,-293.840,298.600,-178.400,-1.570,-114.790,1,0.0034,-0.0255,0.0247,0
7131546,-0.217,-0.214,0.020,-0.009,0.009,-0.004,19.730,-293.840,298.600,-178.400,-1.570,-114.790,1,0.0034,-0.0255,0.0247,0
7131593,-0.209,-0.208,0.069,-0.008,0.009,-0.005,19.730,-293.840,298.600,-178.400,-1.570,-114.790,1,0.0034,-0.0255,0.0247,0
7131640,-0.220,-0.195,0.071,-0.009,0.009,-0.005,19.730,-293.840,298.600,-178.400,-1.570,-114.790,1,0.0034,-0.0255,0.0247,0
7131718,-0.215,-0.210,0.061,-0.009,0.009,-0.005,19.730,-293.840,298.600,-178.400,-1.570,-114.790,1,0.0034,-0.0255,0.0247,0
7131859,-0.252,-0.062,-0.108,-0.017,0.007,-0.004,19.730,-293.840,298.600,-178.400,-1.570,-114.790,1,0.0034,-0.0255,0.0247,0
7131953,-0.216,-0.351,0.284,-0.001,0.010,-0.005,17.958,-290.521,295.064,-178.400,-1.570,-114.790,1,0.0000,0.0000,0.0000,1
7132062,-0.151,-0.146,0.282,-0.006,0.013,-0.002,17.958,-290.521,295.064,-178.400,-1.570,-114.790,1,0.0000,0.0000,0.0000,1
7132140,-0.136,-0.106,0.112,-0.013,0.015,-0.004,17.465,-289.946,310.088,-178.400,-1.570,-114.790,1,0.0000,0.0000,0.0000,1
7132234,-0.234,-0.254,0.067,-0.011,0.005,-0.005,17.465,-289.946,310.088,-178.400,-1.570,-114.790,1,0.0000,0.0000,0.0000,1
7132312,-0.128,-0.320,-0.013,-0.010,0.005,-0.004,14.495,-289.775,329.946,-178.400,-1.570,-114.790,1,0.0000,0.0000,0.0000,1
7132390,-0.073,-0.279,0.011,-0.009,0.005,-0.004,14.495,-289.775,329.946,-178.400,-1.570,-114.790,1,0.0000,0.0000,0.0000,1
7132500,-0.054,-0.136,-0.338,-0.010,0.006,-0.003,12.660,-290.125,344.951,-178.400,-1.570,-114.790,1,0.0000,0.0000,0.0000,0
7132609,-0.114,-0.145,-0.006,-0.007,0.003,-0.003,12.660,-290.125,344.951,-178.400,-1.570,-114.790,1,0.0000,0.0000,0.0000,0
7132750,-0.104,-0.145,0.060,-0.008,0.006,-0.004,12.070,-290.330,345.960,-178.400,-1.570,-114.790,1,0.0000,0.0000,0.0000,0
7132796,-0.110,-0.162,0.099,-0.006,0.006,-0.005,12.070,-290.330,345.960,-178.400,-1.570,-114.790,1,0.0000,0.0000,0.0000,0
7132843,-0.145,-0.125,-0.096,-0.010,0.004,-0.005,12.070,-290.330,345.960,-178.400,-1.570,-114.790,1,0.0000,0.0000,0.0000,0
7132921,-0.101,-0.193,-0.151,-0.010,0.004,-0.004,12.375,-289.542,341.751,-178.400,-1.570,-114.790,1,0.0000,0.0000,0.0000,0
7133062,-0.094,-0.325,0.359,-0.010,0.006,-0.003,12.375,-289.542,341.751,-178.400,-1.570,-114.790,1,0.0014,0.0016,-0.0082,0
7133156,-0.128,-0.288,0.355,-0.012,0.006,-0.004,13.155,-287.238,341.262,-178.400,-1.570,-114.790,1,0.0051,0.0066,-0.0236,0
7133265,-0.119,-0.275,0.138,-0.010,0.007,-0.003,13.155,-287.238,341.262,-178.400,-1.570,-114.790,1,0.0051,0.0066,-0.0236,0
7133343,-0.168,-0.260,-0.033,-0.006,0.008,-0.003,13.745,-287.445,367.014,-178.400,-1.570,-114.790,1,0.0051,0.0066,-0.0236,0
7133437,-0.132,-0.194,-0.295,-0.011,0.009,-0.003,13.745,-287.445,367.014,-178.400,-1.570,-114.790,1,0.0081,0.0096,0.0014,0
7133515,-0.146,-0.202,-0.293,-0.013,0.003,-0.003,14.641,-290.409,381.641,-178.400,-1.570,-114.790,1,0.0081,0.0096,0.0014,0
7133593,-0.110,-0.208,-0.017,-0.014,0.004,-0.003,14.641,-290.409,381.641,-178.400,-1.570,-114.790,1,0.0086,0.0008,0.0585,0
7133703,-0.092,-0.295,0.016,-0.009,0.007,-0.003,14.850,-290.780,381.990,-178.400,-1.570,-114.790,1,0.0069,-0.0110,0.0482,0
7133812,-0.095,-0.255,-0.009,-0.011,0.006,-0.004,14.850,-290.780,381.990,-178.400,-1.570,-114.790,1,0.0069,-0.0110,0.0482,0
7133953,-0.088,-0.258,0.009,-0.010,0.005,-0.002,14.850,-290.780,381.990,-178.400,-1.570,-114.790,1,0.0069,-0.0110,0.0482,0
7134000,-0.101,-0.250,0.007,-0.010,0.005,-0.001,14.850,-290.780,381.990,-178.400,-1.570,-114.790,1,0.0069,-0.0110,0.0482,0
7134046,-0.080,-0.251,0.016,-0.010,0.005,-0.003,14.850,-290.780,381.990,-178.400,-1.570,-114.790,1,0.0069,-0.0110,0.0482,0
7134125,-0.074,-0.253,-0.012,-0.011,0.005,-0.003,14.850,-290.780,381.990,-178.400,-1.570,-114.790,1,0.0069,-0.0110,0.0482,0
7134265,-0.074,-0.259,0.009,-0.010,0.005,-0.004,14.850,-290.780,381.990,-178.400,-1.570,-114.790,1,0.0069,-0.0110,0.0482,0
7134359,-0.062,-0.263,0.053,-0.011,0.005,-0.006,14.850,-290.780,381.990,-178.400,-1.570,-114.790,1,0.0069,-0.0110,0.0482,0
7134468,-0.102,-0.251,-0.029,-0.010,0.005,-0.002,14.850,-290.780,381.990,-178.400,-1.570,-114.790,1,0.0069,-0.0110,0.0482,0
7134546,-0.073,-0.246,0.056,-0.010,0.005,-0.005,14.850,-290.780,381.990,-178.400,-1.570,-114.790,1,0.0069,-0.0110,0.0482,0
7134640,-0.080,-0.258,0.015,-0.011,0.005,-0.004,14.850,-290.780,381.990,-178.400,-1.570,-114.790,1,0.0069,-0.0110,0.0482,0
7134718,-0.081,-0.257,0.008,-0.010,0.005,-0.004,14.850,-290.780,381.990,-178.400,-1.570,-114.790,1,0.0069,-0.0110,0.0482,0
7134796,-0.084,-0.254,-0.035,-0.010,0.005,-0.002,14.850,-290.780,381.990,-178.400,-1.570,-114.790,1,0.0069,-0.0110,0.0482,0
7134906,-0.086,-0.248,-0.026,-0.010,0.005,-0.002,14.850,-290.780,381.990,-178.400,-1.570,-114.790,1,0.0069,-0.0110,0.0482,0
7135015,-0.060,-0.260,0.030,-0.010,0.005,-0.005,14.850,-290.780,381.990,-178.400,-1.570,-114.790,1,0.0069,-0.0110,0.0482,0
7135156,-0.070,-0.258,0.012,-0.010,0.005,-0.003,14.850,-290.780,381.990,-178.400,-1.570,-114.790,1,0.0069,-0.0110,0.0482,0
7135203,-0.066,-0.262,0.014,-0.011,0.005,-0.004,14.850,-290.780,381.990,-178.400,-1.570,-114.790,1,0.0069,-0.0110,0.0482,0
7135250,-0.088,-0.254,-0.020,-0.010,0.005,-0.003,14.850,-290.780,381.990,-178.400,-1.570,-114.790,1,0.0069,-0.0110,0.0482,0
7135328,-0.063,-0.244,0.027,-0.010,0.005,-0.004,14.850,-290.780,381.990,-178.400,-1.570,-114.790,1,0.0069,-0.0110,0.0482,0
7135468,-0.066,-0.281,0.044,-0.011,0.005,-0.006,14.850,-290.780,381.990,-178.400,-1.570,-114.790,1,0.0069,-0.0110,0.0482,0
7135562,-0.074,-0.272,0.027,-0.011,0.005,-0.005,14.850,-290.780,381.990,-178.400,-1.570,-114.790,1,0.0069,-0.0110,0.0482,0
7135671,-0.077,-0.242,-0.043,-0.010,0.005,-0.003,14.850,-290.780,381.990,-178.400,-1.570,-114.790,1,0.0069,-0.0110,0.0482,0
7135750,-0.071,-0.239,-0.016,-0.010,0.005,-0.003,14.850,-290.780,381.990,-178.400,-1.570,-114.790,1,0.0069,-0.0110,0.0482,0
7135843,-0.075,-0.255,0.010,-0.010,0.005,-0.004,14.850,-290.780,381.990,-178.400,-1.570,-114.790,1,0.0069,-0.0110,0.0482,0
7135921,-0.064,-0.263,0.025,-0.011,0.004,-0.005,14.850,-290.780,381.990,-178.400,-1.570,-114.790,1,0.0069,-0.0110,0.0482,0
7136000,-0.058,-0.254,0.026,-0.011,0.005,-0.005,14.850,-290.780,381.990,-178.400,-1.570,-114.790,1,0.0069,-0.0110,0.0482,0
7136109,-0.060,-0.245,-0.007,-0.010,0.005,-0.004,14.850,-290.780,381.990,-178.400,-1.570,-114.790,1,0.0069,-0.0110,0.0482,0
7136218,-0.073,-0.265,0.018,-0.011,0.005,-0.005,14.850,-290.780,381.990,-178.400,-1.570,-114.790,1,0.0069,-0.0110,0.0482,0
7136359,-0.062,-0.273,0.070,-0.011,0.005,-0.007,14.850,-290.780,381.990,-178.400,-1.570,-114.790,1,0.0069,-0.0110,0.0482,0
7136406,-0.061,-0.270,0.043,-0.011,0.005,-0.006,14.850,-290.780,381.990,-178.400,-1.570,-114.790,1,0.0069,-0.0110,0.0482,0
7136453,-0.073,-0.259,-0.000,-0.011,0.005,-0.004,14.850,-290.780,381.990,-178.400,-1.570,-114.790,1,0.0069,-0.0110,0.0482,0
7136531,-0.069,-0.268,-0.023,-0.010,0.005,-0.003,14.850,-290.780,381.990,-178.400,-1.570,-114.790,1,0.0069,-0.0110,0.0482,0
7136671,-0.072,-0.267,0.015,-0.011,0.005,-0.005,14.850,-290.780,381.990,-178.400,-1.570,-114.790,1,0.0069,-0.0110,0.0482,0
7136765,-0.062,-0.248,-0.019,-0.011,0.004,-0.003,14.850,-290.780,381.990,-178.400,-1.570,-114.790,1,0.0069,-0.0110,0.0482,0
7136875,-0.070,-0.252,-0.013,-0.010,0.005,-0.003,14.850,-290.780,381.990,-178.400,-1.570,-114.790,1,0.0069,-0.0110,0.0482,0
7136953,-0.066,-0.255,0.039,-0.011,0.005,-0.005,14.850,-290.780,381.990,-178.400,-1.570,-114.790,1,0.0069,-0.0110,0.0482,0
7137046,-0.069,-0.278,0.004,-0.011,0.005,-0.004,14.850,-290.780,381.990,-178.400,-1.570,-114.790,1,0.0069,-0.0110,0.0482,0
7137125,-0.081,-0.266,-0.005,-0.011,0.005,-0.004,14.850,-290.780,381.990,-178.400,-1.570,-114.790,1,0.0069,-0.0110,0.0482,0
7137203,-0.071,-0.271,0.018,-0.011,0.005,-0.004,14.850,-290.780,381.990,-178.400,-1.570,-114.790,1,0.0069,-0.0110,0.0482,0
7137312,-0.080,-0.272,0.031,-0.011,0.005,-0.005,14.850,-290.780,381.990,-178.400,-1.570,-114.790,1,0.0069,-0.0110,0.0482,0
7137421,-0.068,-0.277,0.004,-0.011,0.005,-0.004,14.850,-290.780,381.990,-178.400,-1.570,-114.790,1,0.0069,-0.0110,0.0482,0
7137562,-0.086,-0.270,0.006,-0.010,0.005,-0.004,14.850,-290.780,381.990,-178.400,-1.570,-114.790,1,0.0069,-0.0110,0.0482,0
7137609,-0.084,-0.274,0.030,-0.011,0.005,-0.005,14.850,-290.780,381.990,-178.400,-1.570,-114.790,1,0.0069,-0.0110,0.0482,0
7137656,-0.070,-0.266,0.002,-0.011,0.005,-0.004,14.850,-290.780,381.990,-178.400,-1.570,-114.790,1,0.0069,-0.0110,0.0482,0
7137734,-0.074,-0.266,-0.016,-0.011,0.005,-0.004,14.850,-290.780,381.990,-178.400,-1.570,-114.790,1,0.0069,-0.0110,0.0482,0
7137875,-0.071,-0.267,0.034,-0.010,0.005,-0.004,14.850,-290.780,381.990,-178.400,-1.570,-114.790,1,0.0069,-0.0110,0.0482,0
7137968,-0.082,-0.268,-0.003,-0.011,0.005,-0.003,14.850,-290.780,381.990,-178.400,-1.570,-114.790,1,0.0069,-0.0110,0.0482,0
7138062,-0.076,-0.277,0.035,-0.011,0.005,-0.005,14.850,-290.780,381.990,-178.400,-1.570,-114.790,1,0.0069,-0.0110,0.0482,0
7138156,-0.075,-0.278,0.070,-0.011,0.005,-0.006,14.850,-290.780,381.990,-178.400,-1.570,-114.790,1,0.0069,-0.0110,0.0482,0
7138250,-0.087,-0.276,0.029,-0.011,0.005,-0.005,14.850,-290.780,381.990,-178.400,-1.570,-114.790,1,0.0069,-0.0110,0.0482,0
7138328,-0.079,-0.260,-0.005,-0.011,0.005,-0.004,14.850,-290.780,381.990,-178.400,-1.570,-114.790,1,0.0069,-0.0110,0.0482,0
7138406,-0.091,-0.273,0.019,-0.011,0.006,-0.005,14.850,-290.780,381.990,-178.400,-1.570,-114.790,1,0.0069,-0.0110,0.0482,0
7138515,-0.087,-0.248,0.026,-0.010,0.006,-0.004,14.850,-290.780,381.990,-178.400,-1.570,-114.790,1,0.0069,-0.0110,0.0482,0
7138625,-0.087,-0.266,-0.014,-0.010,0.006,-0.003,14.850,-290.780,381.990,-178.400,-1.570,-114.790,1,0.0069,-0.0110,0.0482,0
7138765,-0.101,-0.255,0.051,-0.010,0.006,-0.004,14.850,-290.780,381.990,-178.400,-1.570,-114.790,1,0.0069,-0.0110,0.0482,0
7138812,-0.102,-0.264,0.070,-0.010,0.006,-0.004,14.850,-290.780,381.990,-178.400,-1.570,-114.790,1,0.0069,-0.0110,0.0482,0
7138859,-0.107,-0.267,0.036,-0.011,0.006,-0.003,14.850,-290.780,381.990,-178.400,-1.570,-114.790,1,0.0069,-0.0110,0.0482,0
7138937,-0.083,-0.271,0.022,-0.011,0.005,-0.004,14.850,-290.780,381.990,-178.400,-1.570,-114.790,1,0.0069,-0.0110,0.0482,0
7139078,-0.116,-0.275,0.012,-0.010,0.006,-0.004,14.850,-290.780,381.990,-178.400,-1.570,-114.790,1,0.0069,-0.0110,0.0482,0
7139171,-0.112,-0.278,0.017,-0.010,0.006,-0.005,14.850,-290.780,381.990,-178.400,-1.570,-114.790,1,0.0069,-0.0110,0.0482,0
7139281,-0.086,-0.269,0.017,-0.011,0.005,-0.004,14.850,-290.780,381.990,-178.400,-1.570,-114.790,1,0.0069,-0.0110,0.0482,0
7139359,-0.089,-0.267,0.009,-0.011,0.005,-0.004,14.850,-290.780,381.990,-178.400,-1.570,-114.790,1,0.0069,-0.0110,0.0482,0
7139453,-0.106,-0.254,0.029,-0.010,0.006,-0.003,14.850,-290.780,381.990,-178.400,-1.570,-114.790,1,0.0069,-0.0110,0.0482,0
7139531,-0.103,-0.260,-0.014,-0.010,0.006,-0.003,14.850,-290.780,381.990,-178.400,-1.570,-114.790,1,0.0069,-0.0110,0.0482,0
7139593,-0.080,-0.274,-0.008,-0.011,0.005,-0.004,14.850,-290.780,381.990,-178.400,-1.570,-114.790,1,0.0069,-0.0110,0.0482,0
7139703,-0.119,-0.278,0.017,-0.010,0.007,-0.003,14.850,-290.780,381.990,-178.400,-1.570,-114.790,1,0.0069,-0.0110,0.0482,0
7139812,-0.079,-0.287,0.041,-0.011,0.005,-0.005,14.850,-290.780,381.990,-178.400,-1.570,-114.790,1,0.0069,-0.0110,0.0482,0
7139968,-0.114,-0.291,0.007,-0.011,0.005,-0.003,14.850,-290.780,381.990,-178.400,-1.570,-114.790,1,0.0069,-0.0110,0.0482,0
7140015,-0.096,-0.279,0.005,-0.010,0.005,-0.003,14.850,-290.780,381.990,-178.400,-1.570,-114.790,1,0.0069,-0.0110,0.0482,0
7140125,-0.093,-0.264,0.019,-0.010,0.006,-0.003,14.850,-290.780,381.990,-178.400,-1.570,-114.790,1,0.0069,-0.0110,0.0482,0
7140265,-0.091,-0.277,0.011,-0.011,0.006,-0.003,14.850,-290.780,381.990,-178.400,-1.570,-114.790,1,0.0069,-0.0110,0.0482,0
7140359,-0.087,-0.268,0.013,-0.011,0.006,-0.004,14.850,-290.780,381.990,-178.400,-1.570,-114.790,1,0.0069,-0.0110,0.0482,0
7140468,-0.105,-0.271,0.028,-0.010,0.006,-0.003,14.850,-290.780,381.990,-178.400,-1.570,-114.790,1,0.0069,-0.0110,0.0482,0
7140562,-0.091,-0.275,0.031,-0.010,0.006,-0.003,14.850,-290.780,381.990,-178.400,-1.570,-114.790,1,0.0069,-0.0110,0.0482,0
7140640,-0.089,-0.275,0.015,-0.010,0.006,-0.003,14.850,-290.780,381.990,-178.400,-1.570,-114.790,1,0.0069,-0.0110,0.0482,0
7140734,-0.102,-0.275,-0.001,-0.010,0.006,-0.003,14.850,-290.780,381.990,-178.400,-1.570,-114.790,1,0.0069,-0.0110,0.0482,0
7140812,-0.102,-0.269,-0.008,-0.010,0.006,-0.003,14.850,-290.780,381.990,-178.400,-1.570,-114.790,1,0.0069,-0.0110,0.0482,0
7140921,-0.103,-0.254,0.017,-0.010,0.006,-0.003,14.850,-290.780,381.990,-178.400,-1.570,-114.790,1,0.0069,-0.0110,0.0482,0
7141000,-0.088,-0.277,-0.016,-0.011,0.005,-0.004,14.850,-290.780,381.990,-178.400,-1.570,-114.790,1,0.0069,-0.0110,0.0482,0
7141156,-0.093,-0.267,0.008,-0.010,0.006,-0.004,14.850,-290.780,381.990,-178.400,-1.570,-114.790,1,0.0069,-0.0110,0.0482,0
7141203,-0.104,-0.261,0.007,-0.010,0.006,-0.003,14.850,-290.780,381.990,-178.400,-1.570,-114.790,1,0.0069,-0.0110,0.0482,0
7141250,-0.093,-0.272,0.021,-0.010,0.006,-0.004,14.850,-290.780,381.990,-178.400,-1.570,-114.790,1,0.0069,-0.0110,0.0482,0
7141328,-0.088,-0.273,-0.015,-0.010,0.006,-0.003,14.850,-290.780,381.990,-178.400,-1.570,-114.790,1,0.0069,-0.0110,0.0482,0
7141468,-0.107,-0.260,0.000,-0.010,0.006,-0.003,14.850,-290.780,381.990,-178.400,-1.570,-114.790,1,0.0069,-0.0110,0.0482,0
7141562,-0.100,-0.269,0.001,-0.010,0.006,-0.003,14.850,-290.780,381.990,-178.400,-1.570,-114.790,1,0.0069,-0.0110,0.0482,0
7141656,-0.096,-0.274,0.004,-0.010,0.006,-0.003,14.850,-290.780,381.990,-178.400,-1.570,-114.790,1,0.0069,-0.0110,0.0482,0
7141734,-0.092,-0.274,0.038,-0.011,0.005,-0.005,14.850,-290.780,381.990,-178.400,-1.570,-114.790,1,0.0069,-0.0110,0.0482,0
7141828,-0.107,-0.269,0.013,-0.010,0.006,-0.003,14.850,-290.780,381.990,-178.400,-1.570,-114.790,1,0.0069,-0.0110,0.0482,0
7141921,-0.100,-0.258,-0.007,-0.010,0.006,-0.003,14.850,-290.780,381.990,-178.400,-1.570,-114.790,1,0.0069,-0.0110,0.0482,0
7142000,-0.102,-0.258,-0.036,-0.010,0.006,-0.002,14.850,-290.780,381.990,-178.400,-1.570,-114.790,1,0.0069,-0.0110,0.0482,0
7142109,-0.088,-0.266,0.015,-0.010,0.006,-0.004,14.850,-290.780,381.990,-178.400,-1.570,-114.790,1,0.0069,-0.0110,0.0482,0
7142203,-0.099,-0.276,0.021,-0.010,0.006,-0.004,14.850,-290.780,381.990,-178.400,-1.570,-114.790,1,0.0069,-0.0110,0.0482,0
7142343,-0.091,-0.280,0.027,-0.011,0.005,-0.005,14.850,-290.780,381.990,-178.400,-1.570,-114.790,1,0.0069,-0.0110,0.0482,0
7142390,-0.103,-0.274,-0.004,-0.011,0.006,-0.003,14.850,-290.780,381.990,-178.400,-1.570,-114.790,1,0.0069,-0.0110,0.0482,0
7142515,-0.095,-0.274,-0.009,-0.010,0.006,-0.003,14.850,-290.780,381.990,-178.400,-1.570,-114.790,1,0.0069,-0.0110,0.0482,0
7142640,-0.093,-0.269,-0.008,-0.010,0.005,-0.003,14.850,-290.780,381.990,-178.400,-1.570,-114.790,1,0.0069,-0.0110,0.0482,0
7142750,-0.109,-0.267,0.002,-0.010,0.006,-0.002,14.850,-290.780,381.990,-178.400,-1.570,-114.790,1,0.0069,-0.0110,0.0482,0
7142843,-0.081,-0.274,0.035,-0.011,0.005,-0.004,14.850,-290.780,381.990,-178.400,-1.570,-114.790,1,0.0069,-0.0110,0.0482,0
7142921,-0.067,-0.265,-0.001,-0.011,0.005,-0.003,14.850,-290.780,381.990,-178.400,-1.570,-114.790,1,0.0069,-0.0110,0.0482,0
7143015,-0.107,-0.261,-0.030,-0.010,0.006,-0.002,14.850,-290.780,381.990,-178.400,-1.570,-114.790,1,0.0069,-0.0110,0.0482,0
7143093,-0.086,-0.282,0.026,-0.011,0.006,-0.005,14.850,-290.780,381.990,-178.400,-1.570,-114.790,1,0.0069,-0.0110,0.0482,0
7143171,-0.090,-0.294,0.013,-0.011,0.006,-0.005,14.850,-290.780,381.990,-178.400,-1.570,-114.790,1,0.0069,-0.0110,0.0482,0
7143281,-0.088,-0.287,-0.018,-0.011,0.005,-0.003,14.850,-290.780,381.990,-178.400,-1.570,-114.790,1,0.0069,-0.0110,0.0482,0
7143390,-0.084,-0.288,0.052,-0.011,0.005,-0.006,14.850,-290.780,381.990,-178.400,-1.570,-114.790,1,0.0069,-0.0110,0.0482,0
7143531,-0.081,-0.280,0.011,-0.011,0.005,-0.004,14.850,-290.780,381.990,-178.400,-1.570,-114.790,1,0.0069,-0.0110,0.0482,0
7143578,-0.066,-0.289,0.022,-0.012,0.005,-0.005,14.850,-290.780,381.990,-178.400,-1.570,-114.790,1,0.0069,-0.0110,0.0482,0
7143625,-0.075,-0.277,0.011,-0.011,0.005,-0.004,14.850,-290.780,381.990,-178.400,-1.570,-114.790,1,0.0069,-0.0110,0.0482,0
7143703,-0.090,-0.258,-0.016,-0.010,0.006,-0.003,14.850,-290.780,381.990,-178.400,-1.570,-114.790,1,0.0069,-0.0110,0.0482,0
7143843,-0.089,-0.267,0.036,-0.011,0.006,-0.005,14.850,-290.780,381.990,-178.400,-1.570,-114.790,1,0.0069,-0.0110,0.0482,0
7143937,-0.092,-0.277,0.004,-0.011,0.005,-0.004,14.850,-290.780,381.990,-178.400,-1.570,-114.790,1,0.0069,-0.0110,0.0482,0
7144046,-0.103,-0.272,-0.020,-0.010,0.005,-0.004,14.850,-290.780,381.990,-178.400,-1.570,-114.790,1,0.0069,-0.0110,0.0482,0
7144125,-0.095,-0.274,-0.012,-0.011,0.006,-0.004,14.850,-290.780,381.990,-178.400,-1.570,-114.790,1,0.0069,-0.0110,0.0482,0
7144218,-0.080,-0.271,0.004,-0.011,0.005,-0.005,14.850,-290.780,381.990,-178.400,-1.570,-114.790,1,0.0069,-0.0110,0.0482,0
7144296,-0.096,-0.275,0.005,-0.011,0.006,-0.004,14.850,-290.780,381.990,-178.400,-1.570,-114.790,1,0.0069,-0.0110,0.0482,0
7144375,-0.095,-0.267,-0.002,-0.011,0.006,-0.003,14.850,-290.780,381.990,-178.400,-1.570,-114.790,1,0.0069,-0.0110,0.0482,0
7144484,-0.092,-0.276,0.039,-0.011,0.006,-0.005,14.850,-290.780,381.990,-178.400,-1.570,-114.790,1,0.0069,-0.0110,0.0482,0
7144593,-0.093,-0.279,0.035,-0.011,0.006,-0.005,14.850,-290.780,381.990,-178.400,-1.570,-114.790,1,0.0069,-0.0110,0.0482,0
7144734,-0.097,-0.277,0.031,-0.011,0.006,-0.004,14.850,-290.780,381.990,-178.400,-1.570,-114.790,1,0.0069,-0.0110,0.0482,0
7144781,-0.092,-0.271,0.068,-0.011,0.005,-0.005,14.850,-290.780,381.990,-178.400,-1.570,-114.790,1,0.0069,-0.0110,0.0482,0
7144828,-0.089,-0.283,0.018,-0.011,0.005,-0.005,14.850,-290.780,381.990,-178.400,-1.570,-114.790,1,0.0069,-0.0110,0.0482,0
7144906,-0.086,-0.286,-0.031,-0.011,0.005,-0.004,14.850,-290.780,381.990,-178.400,-1.570,-114.790,1,0.0069,-0.0110,0.0482,0
7145046,-0.083,-0.275,-0.011,-0.011,0.005,-0.003,14.850,-290.780,381.990,-178.400,-1.570,-114.790,1,0.0069,-0.0110,0.0482,0
7145140,-0.087,-0.277,0.022,-0.012,0.006,-0.004,14.850,-290.780,381.990,-178.400,-1.570,-114.790,1,0.0069,-0.0110,0.0482,0
7145250,-0.079,-0.283,0.006,-0.012,0.005,-0.004,14.850,-290.780,381.990,-178.400,-1.570,-114.790,1,0.0069,-0.0110,0.0482,0
7145328,-0.104,-0.271,-0.011,-0.011,0.006,-0.003,14.850,-290.780,381.990,-178.400,-1.570,-114.790,1,0.0069,-0.0110,0.0482,0
7145421,-0.095,-0.282,0.039,-0.012,0.006,-0.005,14.850,-290.780,381.990,-178.400,-1.570,-114.790,1,0.0069,-0.0110,0.0482,0
7145500,-0.090,-0.275,0.043,-0.011,0.006,-0.005,14.850,-290.780,381.990,-178.400,-1.570,-114.790,1,0.0069,-0.0110,0.0482,0
7145578,-0.093,-0.287,-0.002,-0.011,0.005,-0.004,14.850,-290.780,381.990,-178.400,-1.570,-114.790,1,0.0069,-0.0110,0.0482,0
7145687,-0.097,-0.275,-0.015,-0.011,0.005,-0.003,14.850,-290.780,381.990,-178.400,-1.570,-114.790,1,0.0069,-0.0110,0.0482,0
7145796,-0.086,-0.292,0.038,-0.011,0.005,-0.005,14.850,-290.780,381.990,-178.400,-1.570,-114.790,1,0.0069,-0.0110,0.0482,0
7145937,-0.099,-0.286,0.027,-0.011,0.006,-0.004,14.850,-290.780,381.990,-178.400,-1.570,-114.790,1,0.0069,-0.0110,0.0482,0
7145984,-0.100,-0.298,0.047,-0.011,0.006,-0.005,14.850,-290.780,381.990,-178.400,-1.570,-114.790,1,0.0069,-0.0110,0.0482,0
7146031,-0.099,-0.296,0.041,-0.011,0.006,-0.005,14.850,-290.780,381.990,-178.400,-1.570,-114.790,1,0.0069,-0.0110,0.0482,0
7146109,-0.095,-0.264,-0.004,-0.011,0.006,-0.003,14.850,-290.780,381.990,-178.400,-1.570,-114.790,1,0.0069,-0.0110,0.0482,0
7146250,-0.092,-0.276,0.007,-0.011,0.005,-0.004,14.850,-290.780,381.990,-178.400,-1.570,-114.790,1,0.0069,-0.0110,0.0482,0
7146343,-0.095,-0.269,0.040,-0.011,0.005,-0.004,14.850,-290.780,381.990,-178.400,-1.570,-114.790,1,0.0069,-0.0110,0.0482,0
7146453,-0.089,-0.277,0.035,-0.011,0.006,-0.004,14.850,-290.780,381.990,-178.400,-1.570,-114.790,1,0.0069,-0.0110,0.0482,0
7146531,-0.089,-0.271,-0.017,-0.011,0.005,-0.004,14.850,-290.780,381.990,-178.400,-1.570,-114.790,1,0.0069,-0.0110,0.0482,0
7146625,-0.102,-0.283,0.026,-0.011,0.006,-0.005,14.850,-290.780,381.990,-178.400,-1.570,-114.790,1,0.0069,-0.0110,0.0482,0
7146703,-0.105,-0.278,0.035,-0.011,0.006,-0.005,14.850,-290.780,381.990,-178.400,-1.570,-114.790,1,0.0069,-0.0110,0.0482,0
7146781,-0.095,-0.277,0.023,-0.011,0.005,-0.004,14.850,-290.780,381.990,-178.400,-1.570,-114.790,1,0.0069,-0.0110,0.0482,0
7146890,-0.104,-0.279,0.052,-0.011,0.006,-0.005,14.850,-290.780,381.990,-178.400,-1.570,-114.790,1,0.0069,-0.0110,0.0482,0
7147000,-0.095,-0.263,0.031,-0.010,0.006,-0.004,14.850,-290.780,381.990,-178.400,-1.570,-114.790,1,0.0069,-0.0110,0.0482,0
7147140,-0.086,-0.287,0.009,-0.011,0.005,-0.004,14.850,-290.780,381.990,-178.400,-1.570,-114.790,1,0.0069,-0.0110,0.0482,0
7147203,-0.093,-0.281,-0.006,-0.012,0.006,-0.004,14.850,-290.780,381.990,-178.400,-1.570,-114.790,1,0.0069,-0.0110,0.0482,0
7147312,-0.109,-0.266,0.033,-0.010,0.006,-0.004,14.850,-290.780,381.990,-178.400,-1.570,-114.790,1,0.0069,-0.0110,0.0482,0
7147453,-0.099,-0.278,-0.001,-0.011,0.006,-0.004,14.850,-290.780,381.990,-178.400,-1.570,-114.790,1,0.0069,-0.0110,0.0482,0
7147546,-0.134,-0.275,0.033,-0.011,0.006,-0.004,14.850,-290.780,381.990,-178.400,-1.570,-114.790,1,0.0069,-0.0110,0.0482,0
7147656,-0.118,-0.282,0.024,-0.011,0.007,-0.005,14.850,-290.780,381.990,-178.400,-1.570,-114.790,1,0.0069,-0.0110,0.0482,0
7147734,-0.097,-0.275,-0.014,-0.011,0.006,-0.004,14.850,-290.780,381.990,-178.400,-1.570,-114.790,1,0.0069,-0.0110,0.0482,0
7147828,-0.107,-0.275,0.005,-0.011,0.006,-0.004,14.850,-290.780,381.990,-178.400,-1.570,-114.790,1,0.0069,-0.0110,0.0482,0
7147906,-0.101,-0.275,0.017,-0.011,0.006,-0.003,14.850,-290.780,381.990,-178.400,-1.570,-114.790,1,0.0069,-0.0110,0.0482,0
7147984,-0.110,-0.266,0.014,-0.010,0.006,-0.003,14.850,-290.780,381.990,-178.400,-1.570,-114.790,1,0.0069,-0.0110,0.0482,0
7148093,-0.109,-0.283,0.022,-0.011,0.006,-0.004,14.850,-290.780,381.990,-178.400,-1.570,-114.790,1,0.0069,-0.0110,0.0482,0
7148203,-0.109,-0.272,-0.019,-0.011,0.006,-0.003,14.850,-290.780,381.990,-178.400,-1.570,-114.790,1,0.0069,-0.0110,0.0482,0
7148343,-0.110,-0.282,0.008,-0.011,0.006,-0.004,14.850,-290.780,381.990,-178.400,-1.570,-114.790,1,0.0069,-0.0110,0.0482,0
7148390,-0.111,-0.291,0.035,-0.011,0.006,-0.004,14.850,-290.780,381.990,-178.400,-1.570,-114.790,1,0.0069,-0.0110,0.0482,0
7148437,-0.113,-0.302,0.061,-0.011,0.006,-0.005,14.850,-290.780,381.990,-178.400,-1.570,-114.790,1,0.0069,-0.0110,0.0482,0
7148515,-0.130,-0.292,0.054,-0.011,0.006,-0.004,14.850,-290.780,381.990,-178.400,-1.570,-114.790,1,0.0069,-0.0110,0.0482,0
7148656,-0.108,-0.262,0.031,-0.010,0.006,-0.004,14.850,-290.780,381.990,-178.400,-1.570,-114.790,1,0.0069,-0.0110,0.0482,0
7148750,-0.105,-0.262,0.042,-0.010,0.006,-0.004,14.850,-290.780,381.990,-178.400,-1.570,-114.790,1,0.0069,-0.0110,0.0482,0
7148859,-0.118,-0.279,-0.006,-0.011,0.006,-0.003,14.850,-290.780,381.990,-178.400,-1.570,-114.790,1,0.0069,-0.0110,0.0482,0
7148937,-0.124,-0.269,0.008,-0.010,0.006,-0.003,14.850,-290.780,381.990,-178.400,-1.570,-114.790,1,0.0069,-0.0110,0.0482,0
7149031,-0.144,-0.268,0.032,-0.010,0.006,-0.003,14.850,-290.780,381.990,-178.400,-1.570,-114.790,1,0.0069,-0.0110,0.0482,0
7149109,-0.105,-0.274,-0.002,-0.011,0.006,-0.004,14.850,-290.780,381.990,-178.400,-1.570,-114.790,1,0.0069,-0.0110,0.0482,0
7149187,-0.099,-0.274,-0.008,-0.011,0.005,-0.003,14.850,-290.780,381.990,-178.400,-1.570,-114.790,1,0.0069,-0.0110,0.0482,0
7149296,-0.130,-0.279,0.004,-0.011,0.006,-0.004,14.850,-290.780,381.990,-178.400,-1.570,-114.790,1,0.0069,-0.0110,0.0482,0
7149406,-0.103,-0.280,0.012,-0.012,0.006,-0.005,14.850,-290.780,381.990,-178.400,-1.570,-114.790,1,0.0069,-0.0110,0.0482,0
7149546,-0.124,-0.251,0.030,-0.010,0.006,-0.004,14.850,-290.780,381.990,-178.400,-1.570,-114.790,1,0.0069,-0.0110,0.0482,0
7149593,-0.121,-0.260,0.031,-0.010,0.006,-0.004,14.850,-290.780,381.990,-178.400,-1.570,-114.790,1,0.0069,-0.0110,0.0482,0
7149640,-0.119,-0.277,0.035,-0.010,0.005,-0.003,14.850,-290.780,381.990,-178.400,-1.570,-114.790,1,0.0069,-0.0110,0.0482,0
7149718,-0.099,-0.284,0.020,-0.011,0.006,-0.004,14.850,-290.780,381.990,-178.400,-1.570,-114.790,1,0.0069,-0.0110,0.0482,0
7149859,-0.119,-0.283,-0.010,-0.011,0.006,-0.003,14.850,-290.780,381.990,-178.400,-1.570,-114.790,1,0.0069,-0.0110,0.0482,0
7149953,-0.131,-0.302,0.013,-0.011,0.007,-0.003,14.850,-290.780,381.990,-178.400,-1.570,-114.790,1,0.0069,-0.0110,0.0482,0
7150062,-0.094,-0.268,0.004,-0.011,0.005,-0.004,14.850,-290.780,381.990,-178.400,-1.570,-114.790,1,0.0069,-0.0110,0.0482,0
7150140,-0.105,-0.273,0.011,-0.011,0.006,-0.004,14.850,-290.780,381.990,-178.400,-1.570,-114.790,1,0.0069,-0.0110,0.0482,0
7150234,-0.106,-0.266,0.003,-0.010,0.005,-0.003,14.850,-290.780,381.990,-178.400,-1.570,-114.790,1,0.0069,-0.0110,0.0482,0
7150312,-0.109,-0.274,-0.030,-0.011,0.006,-0.003,14.850,-290.780,381.990,-178.400,-1.570,-114.790,1,0.0069,-0.0110,0.0482,0
7150390,-0.099,-0.279,0.010,-0.011,0.006,-0.004,14.850,-290.780,381.990,-178.400,-1.570,-114.790,1,0.0069,-0.0110,0.0482,0
7150500,-0.128,-0.266,-0.014,-0.010,0.006,-0.003,14.850,-290.780,381.990,-178.400,-1.570,-114.790,1,0.0069,-0.0110,0.0482,0
7150609,-0.124,-0.279,0.031,-0.010,0.006,-0.003,14.850,-290.780,381.990,-178.400,-1.570,-114.790,1,0.0069,-0.0110,0.0482,0
7150750,-0.101,-0.280,0.009,-0.011,0.005,-0.004,14.850,-290.780,381.990,-178.400,-1.570,-114.790,1,0.0069,-0.0110,0.0482,0
7150796,-0.094,-0.274,-0.018,-0.012,0.005,-0.004,14.850,-290.780,381.990,-178.400,-1.570,-114.790,1,0.0069,-0.0110,0.0482,0
7150843,-0.121,-0.246,-0.012,-0.010,0.007,-0.002,14.850,-290.780,381.990,-178.400,-1.570,-114.790,1,0.0069,-0.0110,0.0482,0
7150921,-0.112,-0.267,0.015,-0.010,0.006,-0.003,14.850,-290.780,381.990,-178.400,-1.570,-114.790,1,0.0069,-0.0110,0.0482,0
7151062,-0.109,-0.266,0.000,-0.010,0.006,-0.003,14.850,-290.780,381.990,-178.400,-1.570,-114.790,1,0.0069,-0.0110,0.0482,0
7151156,-0.120,-0.266,-0.003,-0.010,0.006,-0.003,14.850,-290.780,381.990,-178.400,-1.570,-114.790,1,0.0069,-0.0110,0.0482,0
7151265,-0.115,-0.266,0.022,-0.011,0.006,-0.004,14.850,-290.780,381.990,-178.400,-1.570,-114.790,1,0.0069,-0.0110,0.0482,0
7151343,-0.136,-0.260,0.005,-0.010,0.007,-0.003,14.850,-290.780,381.990,-178.400,-1.570,-114.790,1,0.0069,-0.0110,0.0482,0
7151437,-0.103,-0.286,0.010,-0.011,0.006,-0.004,14.850,-290.780,381.990,-178.400,-1.570,-114.790,1,0.0069,-0.0110,0.0482,0
7151515,-0.103,-0.285,0.018,-0.011,0.006,-0.004,14.850,-290.780,381.990,-178.400,-1.570,-114.790,1,0.0069,-0.0110,0.0482,0
7151593,-0.106,-0.272,0.027,-0.010,0.006,-0.003,14.850,-290.780,381.990,-178.400,-1.570,-114.790,1,0.0069,-0.0110,0.0482,0
7151703,-0.110,-0.279,-0.001,-0.011,0.006,-0.003,14.850,-290.780,381.990,-178.400,-1.570,-114.790,1,0.0069,-0.0110,0.0482,0
7151812,-0.114,-0.269,0.017,-0.010,0.006,-0.003,14.850,-290.780,381.990,-178.400,-1.570,-114.790,1,0.0069,-0.0110,0.0482,0
7151953,-0.119,-0.268,-0.004,-0.010,0.006,-0.003,14.850,-290.780,381.990,-178.400,-1.570,-114.790,1,0.0069,-0.0110,0.0482,0
7152000,-0.099,-0.270,-0.007,-0.011,0.005,-0.004,14.850,-290.780,381.990,-178.400,-1.570,-114.790,1,0.0069,-0.0110,0.0482,0
7152046,-0.105,-0.270,-0.012,-0.011,0.006,-0.003,14.850,-290.780,381.990,-178.400,-1.570,-114.790,1,0.0069,-0.0110,0.0482,0
7152125,-0.132,-0.280,0.014,-0.010,0.006,-0.002,14.850,-290.780,381.990,-178.400,-1.570,-114.790,1,0.0069,-0.0110,0.0482,0
7152265,-0.126,-0.285,0.038,-0.010,0.006,-0.003,14.850,-290.780,381.990,-178.400,-1.570,-114.790,1,0.0069,-0.0110,0.0482,0
7152359,-0.092,-0.267,-0.005,-0.010,0.005,-0.004,14.850,-290.780,381.990,-178.400,-1.570,-114.790,1,0.0069,-0.0110,0.0482,0
7152468,-0.103,-0.276,0.008,-0.011,0.005,-0.004,14.850,-290.780,381.990,-178.400,-1.570,-114.790,1,0.0069,-0.0110,0.0482,0
7152546,-0.117,-0.261,-0.015,-0.009,0.006,-0.002,14.850,-290.780,381.990,-178.400,-1.570,-114.790,1,0.0069,-0.0110,0.0482,0
7152640,-0.117,-0.266,0.004,-0.010,0.006,-0.003,14.850,-290.780,381.990,-178.400,-1.570,-114.790,1,0.0069,-0.0110,0.0482,0
7152718,-0.102,-0.271,0.005,-0.010,0.006,-0.004,14.850,-290.780,381.990,-178.400,-1.570,-114.790,1,0.0069,-0.0110,0.0482,0
7152796,-0.120,-0.268,0.015,-0.011,0.006,-0.004,14.850,-290.780,381.990,-178.400,-1.570,-114.790,1,0.0069,-0.0110,0.0482,0
7152906,-0.131,-0.266,0.008,-0.010,0.006,-0.003,14.850,-290.780,381.990,-178.400,-1.570,-114.790,1,0.0069,-0.0110,0.0482,0
7153015,-0.107,-0.269,0.003,-0.011,0.006,-0.003,14.850,-290.780,381.990,-178.400,-1.570,-114.790,1,0.0069,-0.0110,0.0482,0
7153156,-0.108,-0.264,0.017,-0.010,0.006,-0.004,14.850,-290.780,381.990,-178.400,-1.570,-114.790,1,0.0069,-0.0110,0.0482,0
7153203,-0.107,-0.253,0.013,-0.009,0.006,-0.002,14.850,-290.780,381.990,-178.400,-1.570,-114.790,1,0.0069,-0.0110,0.0482,0
7153250,-0.105,-0.259,0.015,-0.010,0.006,-0.002,14.850,-290.780,381.990,-178.400,-1.570,-114.790,1,0.0069,-0.0110,0.0482,0
7153328,-0.092,-0.280,0.051,-0.011,0.005,-0.005,14.850,-290.780,381.990,-178.400,-1.570,-114.790,1,0.0069,-0.0110,0.0482,0
7153468,-0.103,-0.272,0.000,-0.011,0.006,-0.003,14.850,-290.780,381.990,-178.400,-1.570,-114.790,1,0.0069,-0.0110,0.0482,0
7153562,-0.105,-0.285,0.040,-0.010,0.006,-0.004,14.850,-290.780,381.990,-178.400,-1.570,-114.790,1,0.0069,-0.0110,0.0482,0
7153671,-0.112,-0.288,0.023,-0.010,0.006,-0.003,14.850,-290.780,381.990,-178.400,-1.570,-114.790,1,0.0069,-0.0110,0.0482,0
7153750,-0.099,-0.286,0.045,-0.011,0.006,-0.005,14.850,-290.780,381.990,-178.400,-1.570,-114.790,1,0.0069,-0.0110,0.0482,0
7153843,-0.109,-0.284,0.017,-0.011,0.005,-0.004,14.850,-290.780,381.990,-178.400,-1.570,-114.790,1,0.0069,-0.0110,0.0482,0
7153921,-0.112,-0.260,-0.002,-0.010,0.006,-0.002,14.850,-290.780,381.990,-178.400,-1.570,-114.790,1,0.0069,-0.0110,0.0482,0
7154000,-0.098,-0.279,0.021,-0.011,0.005,-0.004,14.850,-290.780,381.990,-178.400,-1.570,-114.790,1,0.0069,-0.0110,0.0482,0
7154109,-0.100,-0.272,0.014,-0.011,0.006,-0.004,14.850,-290.780,381.990,-178.400,-1.570,-114.790,1,0.0069,-0.0110,0.0482,0
7154218,-0.122,-0.256,0.001,-0.010,0.006,-0.002,14.850,-290.780,381.990,-178.400,-1.570,-114.790,1,0.0069,-0.0110,0.0482,0
7154359,-0.104,-0.269,0.018,-0.011,0.006,-0.004,14.850,-290.780,381.990,-178.400,-1.570,-114.790,1,0.0069,-0.0110,0.0482,0
7154406,-0.097,-0.278,0.030,-0.011,0.005,-0.004,14.850,-290.780,381.990,-178.400,-1.570,-114.790,1,0.0069,-0.0110,0.0482,0
7154453,-0.076,-0.276,0.011,-0.011,0.005,-0.004,14.850,-290.780,381.990,-178.400,-1.570,-114.790,1,0.0069,-0.0110,0.0482,0
7154531,-0.110,-0.270,-0.010,-0.011,0.006,-0.003,14.850,-290.780,381.990,-178.400,-1.570,-114.790,1,0.0069,-0.0110,0.0482,0
7154671,-0.104,-0.268,0.023,-0.011,0.006,-0.004,14.850,-290.780,381.990,-178.400,-1.570,-114.790,1,0.0069,-0.0110,0.0482,0
7154765,-0.109,-0.256,0.003,-0.010,0.006,-0.003,14.850,-290.780,381.990,-178.400,-1.570,-114.790,1,0.0069,-0.0110,0.0482,0
7154859,-0.109,-0.259,0.010,-0.010,0.006,-0.003,14.850,-290.780,381.990,-178.400,-1.570,-114.790,1,0.0069,-0.0110,0.0482,0
7154937,-0.099,-0.285,-0.006,-0.012,0.005,-0.004,14.850,-290.780,381.990,-178.400,-1.570,-114.790,1,0.0069,-0.0110,0.0482,0
7155031,-0.118,-0.278,0.009,-0.010,0.007,-0.002,14.850,-290.780,381.990,-178.400,-1.570,-114.790,1,0.0069,-0.0110,0.0482,0
7155109,-0.108,-0.284,0.009,-0.011,0.006,-0.004,14.850,-290.780,381.990,-178.400,-1.570,-114.790,1,0.0069,-0.0110,0.0482,0
7155187,-0.097,-0.277,0.013,-0.011,0.006,-0.005,14.850,-290.780,381.990,-178.400,-1.570,-114.790,1,0.0069,-0.0110,0.0482,0
7155296,-0.125,-0.293,0.017,-0.010,0.006,-0.003,14.850,-290.780,381.990,-178.400,-1.570,-114.790,1,0.0069,-0.0110,0.0482,0
7155343,-0.112,-0.288,0.021,-0.010,0.006,-0.004,14.850,-290.780,381.990,-178.400,-1.570,-114.790,1,0.0069,-0.0110,0.0482,0
7155406,-0.116,-0.275,0.008,-0.010,0.006,-0.003,14.850,-290.780,381.990,-178.400,-1.570,-114.790,1,0.0069,-0.0110,0.0482,0
7155546,-0.111,-0.265,0.004,-0.010,0.006,-0.003,14.850,-290.780,381.990,-178.400,-1.570,-114.790,1,0.0069,-0.0110,0.0482,0
7155593,-0.112,-0.265,0.004,-0.010,0.006,-0.003,14.850,-290.780,381.990,-178.400,-1.570,-114.790,1,0.0069,-0.0110,0.0482,0
7155640,-0.110,-0.272,0.016,-0.010,0.006,-0.003,14.850,-290.780,381.990,-178.400,-1.570,-114.790,1,0.0069,-0.0110,0.0482,0
7155718,-0.108,-0.275,0.010,-0.011,0.006,-0.003,14.850,-290.780,381.990,-178.400,-1.570,-114.790,1,0.0069,-0.0110,0.0482,0
7155859,-0.105,-0.270,0.001,-0.011,0.006,-0.003,14.850,-290.780,381.990,-178.400,-1.570,-114.790,1,0.0069,-0.0110,0.0482,0
7155953,-0.135,-0.273,0.046,-0.010,0.007,-0.003,14.850,-290.780,381.990,-178.400,-1.570,-114.790,1,0.0069,-0.0110,0.0482,0
7156062,-0.121,-0.277,-0.029,-0.011,0.006,-0.004,14.850,-290.780,381.990,-178.400,-1.570,-114.790,1,0.0069,-0.0110,0.0482,0
7156140,-0.111,-0.275,-0.015,-0.011,0.006,-0.004,14.850,-290.780,381.990,-178.400,-1.570,-114.790,1,0.0069,-0.0110,0.0482,0
7156234,-0.108,-0.245,0.033,-0.009,0.006,-0.003,14.850,-290.780,381.990,-178.400,-1.570,-114.790,1,0.0069,-0.0110,0.0482,0
7156312,-0.096,-0.250,0.083,-0.010,0.006,-0.005,14.850,-290.780,381.990,-178.400,-1.570,-114.790,1,0.0069,-0.0110,0.0482,0
7156390,-0.090,-0.276,0.012,-0.011,0.006,-0.004,14.850,-290.780,381.990,-178.400,-1.570,-114.790,1,0.0069,-0.0110,0.0482,0
7156500,-0.111,-0.262,0.016,-0.011,0.006,-0.003,14.850,-290.780,381.990,-178.400,-1.570,-114.790,1,0.0069,-0.0110,0.0482,0
7156609,-0.122,-0.265,0.017,-0.010,0.007,-0.003,14.850,-290.780,381.990,-178.400,-1.570,-114.790,1,0.0069,-0.0110,0.0482,0
7156750,-0.089,-0.290,0.047,-0.011,0.005,-0.005,14.850,-290.780,381.990,-178.400,-1.570,-114.790,1,0.0069,-0.0110,0.0482,0
7156796,-0.114,-0.276,0.014,-0.011,0.006,-0.004,14.850,-290.780,381.990,-178.400,-1.570,-114.790,1,0.0069,-0.0110,0.0482,0
7156843,-0.144,-0.262,0.001,-0.010,0.006,-0.003,14.850,-290.780,381.990,-178.400,-1.570,-114.790,1,0.0069,-0.0110,0.0482,0
7156921,-0.107,-0.256,-0.023,-0.011,0.006,-0.003,14.850,-290.780,381.990,-178.400,-1.570,-114.790,1,0.0069,-0.0110,0.0482,0
7157062,-0.112,-0.271,0.016,-0.011,0.006,-0.003,14.850,-290.780,381.990,-178.400,-1.570,-114.790,1,0.0069,-0.0110,0.0482,0
7157156,-0.096,-0.277,0.039,-0.011,0.006,-0.004,14.850,-290.780,381.990,-178.400,-1.570,-114.790,1,0.0069,-0.0110,0.0482,0
7157265,-0.101,-0.275,-0.003,-0.011,0.006,-0.004,14.850,-290.780,381.990,-178.400,-1.570,-114.790,1,0.0069,-0.0110,0.0482,0
7157343,-0.101,-0.281,0.040,-0.011,0.006,-0.004,14.850,-290.780,381.990,-178.400,-1.570,-114.790,1,0.0069,-0.0110,0.0482,0
7157437,-0.108,-0.274,0.006,-0.011,0.006,-0.004,14.850,-290.780,381.990,-178.400,-1.570,-114.790,1,0.0069,-0.0110,0.0482,0
7157515,-0.108,-0.278,0.025,-0.011,0.006,-0.004,14.850,-290.780,381.990,-178.400,-1.570,-114.790,1,0.0069,-0.0110,0.0482,0
7157593,-0.124,-0.289,0.038,-0.011,0.006,-0.004,14.850,-290.780,381.990,-178.400,-1.570,-114.790,1,0.0069,-0.0110,0.0482,0
7157703,-0.121,-0.283,-0.008,-0.010,0.006,-0.003,14.850,-290.780,381.990,-178.400,-1.570,-114.790,1,0.0069,-0.0110,0.0482,0
7157812,-0.096,-0.260,0.010,-0.011,0.006,-0.004,14.850,-290.780,381.990,-178.400,-1.570,-114.790,1,0.0069,-0.0110,0.0482,0
7157953,-0.111,-0.260,0.025,-0.010,0.006,-0.004,14.850,-290.780,381.990,-178.400,-1.570,-114.790,1,0.0069,-0.0110,0.0482,0
7158000,-0.108,-0.260,0.008,-0.011,0.006,-0.004,14.850,-290.780,381.990,-178.400,-1.570,-114.790,1,0.0069,-0.0110,0.0482,0
7158046,-0.115,-0.256,0.025,-0.010,0.006,-0.003,14.850,-290.780,381.990,-178.400,-1.570,-114.790,1,0.0069,-0.0110,0.0482,0
7158125,-0.108,-0.267,0.003,-0.011,0.006,-0.003,14.850,-290.780,381.990,-178.400,-1.570,-114.790,1,0.0069,-0.0110,0.0482,0
7158265,-0.110,-0.276,0.006,-0.011,0.006,-0.005,14.850,-290.780,381.990,-178.400,-1.570,-114.790,1,0.0069,-0.0110,0.0482,0
7158359,-0.098,-0.271,0.000,-0.011,0.006,-0.004,14.850,-290.780,381.990,-178.400,-1.570,-114.790,1,0.0069,-0.0110,0.0482,0
7158468,-0.125,-0.282,0.044,-0.010,0.006,-0.005,14.850,-290.780,381.990,-178.400,-1.570,-114.790,1,0.0069,-0.0110,0.0482,0
7158546,-0.086,-0.260,0.053,-0.010,0.005,-0.005,14.850,-290.780,381.990,-178.400,-1.570,-114.790,1,0.0069,-0.0110,0.0482,0
7158640,-0.102,-0.263,0.011,-0.011,0.006,-0.004,14.850,-290.780,381.990,-178.400,-1.570,-114.790,1,0.0069,-0.0110,0.0482,0
7158718,-0.105,-0.254,0.023,-0.011,0.005,-0.003,14.850,-290.780,381.990,-178.400,-1.570,-114.790,1,0.0069,-0.0110,0.0482,0
7158796,-0.100,-0.262,0.022,-0.010,0.006,-0.004,14.850,-290.780,381.990,-178.400,-1.570,-114.790,1,0.0069,-0.0110,0.0482,0
7158906,-0.107,-0.285,0.018,-0.011,0.006,-0.004,14.850,-290.780,381.990,-178.400,-1.570,-114.790,1,0.0069,-0.0110,0.0482,0
7159015,-0.105,-0.275,0.003,-0.011,0.006,-0.004,14.850,-290.780,381.990,-178.400,-1.570,-114.790,1,0.0069,-0.0110,0.0482,0
7159156,-0.124,-0.290,0.028,-0.011,0.006,-0.004,14.850,-290.780,381.990,-178.400,-1.570,-114.790,1,0.0069,-0.0110,0.0482,0
7159203,-0.124,-0.290,0.015,-0.011,0.006,-0.003,14.850,-290.780,381.990,-178.400,-1.570,-114.790,1,0.0069,-0.0110,0.0482,0
7159250,-0.105,-0.279,0.009,-0.011,0.006,-0.003,14.850,-290.780,381.990,-178.400,-1.570,-114.790,1,0.0069,-0.0110,0.0482,0
7159328,-0.092,-0.269,0.036,-0.010,0.006,-0.004,14.850,-290.780,381.990,-178.400,-1.570,-114.790,1,0.0069,-0.0110,0.0482,0
7159468,-0.103,-0.280,-0.030,-0.011,0.006,-0.003,14.850,-290.780,381.990,-178.400,-1.570,-114.790,1,0.0069,-0.0110,0.0482,0
7159562,-0.114,-0.261,0.044,-0.010,0.006,-0.003,14.850,-290.780,381.990,-178.400,-1.570,-114.790,1,0.0069,-0.0110,0.0482,0
7159671,-0.104,-0.271,-0.028,-0.011,0.006,-0.003,14.850,-290.780,381.990,-178.400,-1.570,-114.790,1,0.0069,-0.0110,0.0482,0
7159750,-0.123,-0.278,0.021,-0.010,0.006,-0.004,14.850,-290.780,381.990,-178.400,-1.570,-114.790,1,0.0069,-0.0110,0.0482,0
7159843,-0.097,-0.267,0.005,-0.011,0.006,-0.004,14.850,-290.780,381.990,-178.400,-1.570,-114.790,1,0.0069,-0.0110,0.0482,0
7159921,-0.103,-0.270,-0.032,-0.011,0.006,-0.003,14.850,-290.780,381.990,-178.400,-1.570,-114.790,1,0.0069,-0.0110,0.0482,0
7160000,-0.110,-0.268,-0.004,-0.011,0.006,-0.003,14.850,-290.780,381.990,-178.400,-1.570,-114.790,1,0.0069,-0.0110,0.0482,0
7160109,-0.089,-0.270,0.056,-0.012,0.005,-0.006,14.850,-290.780,381.990,-178.400,-1.570,-114.790,1,0.0069,-0.0110,0.0482,0
7160218,-0.092,-0.270,0.062,-0.011,0.005,-0.005,14.850,-290.780,381.990,-178.400,-1.570,-114.790,1,0.0069,-0.0110,0.0482,0
7160359,-0.112,-0.269,-0.002,-0.011,0.006,-0.003,14.850,-290.780,381.990,-178.400,-1.570,-114.790,1,0.0069,-0.0110,0.0482,0
7160406,-0.104,-0.283,0.001,-0.011,0.006,-0.003,14.850,-290.780,381.990,-178.400,-1.570,-114.790,1,0.0069,-0.0110,0.0482,0
7160453,-0.104,-0.280,0.026,-0.011,0.006,-0.005,14.850,-290.780,381.990,-178.400,-1.570,-114.790,1,0.0069,-0.0110,0.0482,0
7160531,-0.111,-0.262,0.014,-0.010,0.006,-0.004,14.850,-290.780,381.990,-178.400,-1.570,-114.790,1,0.0069,-0.0110,0.0482,0
7160671,-0.079,-0.286,0.013,-0.011,0.005,-0.004,14.850,-290.780,381.990,-178.400,-1.570,-114.790,1,0.0069,-0.0110,0.0482,0
7160765,-0.094,-0.261,-0.020,-0.011,0.006,-0.003,14.850,-290.780,381.990,-178.400,-1.570,-114.790,1,0.0069,-0.0110,0.0482,0
7160875,-0.100,-0.274,0.008,-0.011,0.006,-0.004,14.850,-290.780,381.990,-178.400,-1.570,-114.790,1,0.0069,-0.0110,0.0482,0
7160953,-0.089,-0.272,0.037,-0.011,0.006,-0.004,14.850,-290.780,381.990,-178.400,-1.570,-114.790,1,0.0069,-0.0110,0.0482,0
7161046,-0.106,-0.268,-0.007,-0.011,0.006,-0.003,14.850,-290.780,381.990,-178.400,-1.570,-114.790,1,0.0069,-0.0110,0.0482,0
7161125,-0.101,-0.275,0.014,-0.011,0.005,-0.005,14.850,-290.780,381.990,-178.400,-1.570,-114.790,1,0.0069,-0.0110,0.0482,0
7161203,-0.098,-0.274,0.009,-0.011,0.006,-0.005,14.850,-290.780,381.990,-178.400,-1.570,-114.790,1,0.0069,-0.0110,0.0482,0
7161312,-0.110,-0.270,-0.022,-0.011,0.006,-0.003,14.850,-290.780,381.990,-178.400,-1.570,-114.790,1,0.0069,-0.0110,0.0482,0
7161421,-0.111,-0.277,0.008,-0.011,0.006,-0.004,14.850,-290.780,381.990,-178.400,-1.570,-114.790,1,0.0069,-0.0110,0.0482,0
7161562,-0.120,-0.286,0.056,-0.011,0.007,-0.005,14.850,-290.780,381.990,-178.400,-1.570,-114.790,1,0.0069,-0.0110,0.0482,0
7161609,-0.107,-0.279,0.051,-0.011,0.006,-0.005,14.850,-290.780,381.990,-178.400,-1.570,-114.790,1,0.0069,-0.0110,0.0482,0
7161656,-0.099,-0.279,-0.009,-0.011,0.006,-0.004,14.850,-290.780,381.990,-178.400,-1.570,-114.790,1,0.0069,-0.0110,0.0482,0
7161734,-0.096,-0.266,-0.008,-0.011,0.006,-0.003,14.850,-290.780,381.990,-178.400,-1.570,-114.790,1,0.0069,-0.0110,0.0482,0
7161875,-0.101,-0.275,0.047,-0.011,0.005,-0.005,14.850,-290.780,381.990,-178.400,-1.570,-114.790,1,0.0069,-0.0110,0.0482,0
7161968,-0.099,-0.267,0.036,-0.011,0.006,-0.005,14.850,-290.780,381.990,-178.400,-1.570,-114.790,1,0.0069,-0.0110,0.0482,0
7162078,-0.106,-0.268,-0.020,-0.011,0.006,-0.003,14.850,-290.780,381.990,-178.400,-1.570,-114.790,1,0.0069,-0.0110,0.0482,0
7162156,-0.096,-0.286,0.032,-0.011,0.006,-0.005,14.850,-290.780,381.990,-178.400,-1.570,-114.790,1,0.0069,-0.0110,0.0482,0
7162250,-0.074,-0.273,0.003,-0.011,0.005,-0.004,14.850,-290.780,381.990,-178.400,-1.570,-114.790,1,0.0069,-0.0110,0.0482,0
7162328,-0.108,-0.273,0.034,-0.011,0.006,-0.005,14.850,-290.780,381.990,-178.400,-1.570,-114.790,1,0.0069,-0.0110,0.0482,0
7162406,-0.078,-0.284,0.039,-0.012,0.005,-0.006,14.850,-290.780,381.990,-178.400,-1.570,-114.790,1,0.0069,-0.0110,0.0482,0
7162515,-0.097,-0.268,0.024,-0.011,0.006,-0.005,14.850,-290.780,381.990,-178.400,-1.570,-114.790,1,0.0069,-0.0110,0.0482,0
7162625,-0.091,-0.281,0.042,-0.011,0.006,-0.005,14.850,-290.780,381.990,-178.400,-1.570,-114.790,1,0.0069,-0.0110,0.0482,0
7162765,-0.097,-0.282,0.035,-0.011,0.005,-0.005,14.850,-290.780,381.990,-178.400,-1.570,-114.790,1,0.0069,-0.0110,0.0482,0
7162812,-0.100,-0.286,0.035,-0.011,0.006,-0.005,14.850,-290.780,381.990,-178.400,-1.570,-114.790,1,0.0069,-0.0110,0.0482,0
7162859,-0.103,-0.276,0.015,-0.011,0.006,-0.004,14.850,-290.780,381.990,-178.400,-1.570,-114.790,1,0.0069,-0.0110,0.0482,0
7162937,-0.101,-0.276,0.039,-0.011,0.006,-0.005,14.850,-290.780,381.990,-178.400,-1.570,-114.790,1,0.0069,-0.0110,0.0482,0
7163078,-0.085,-0.259,0.020,-0.012,0.005,-0.005,14.850,-290.780,381.990,-178.400,-1.570,-114.790,1,0.0069,-0.0110,0.0482,0
7163171,-0.101,-0.271,0.002,-0.011,0.005,-0.004,14.850,-290.780,381.990,-178.400,-1.570,-114.790,1,0.0069,-0.0110,0.0482,0
7163265,-0.103,-0.265,-0.001,-0.011,0.006,-0.004,14.850,-290.780,381.990,-178.400,-1.570,-114.790,1,0.0069,-0.0110,0.0482,0
7163343,-0.096,-0.273,0.036,-0.011,0.005,-0.005,14.850,-290.780,381.990,-178.400,-1.570,-114.790,1,0.0069,-0.0110,0.0482,0
7163437,-0.099,-0.272,-0.015,-0.011,0.006,-0.004,14.850,-290.780,381.990,-178.400,-1.570,-114.790,1,0.0069,-0.0110,0.0482,0
7163531,-0.106,-0.265,-0.007,-0.011,0.006,-0.004,14.850,-290.780,381.990,-178.400,-1.570,-114.790,1,0.0069,-0.0110,0.0482,0
7163593,-0.098,-0.265,-0.002,-0.011,0.006,-0.004,14.850,-290.780,381.990,-178.400,-1.570,-114.790,1,0.0069,-0.0110,0.0482,0
7163703,-0.092,-0.273,0.031,-0.011,0.005,-0.005,14.850,-290.780,381.990,-178.400,-1.570,-114.790,1,0.0069,-0.0110,0.0482,0
7163828,-0.098,-0.275,0.044,-0.011,0.006,-0.005,14.850,-290.780,381.990,-178.400,-1.570,-114.790,1,0.0069,-0.0110,0.0482,0
7163968,-0.084,-0.252,-0.044,-0.010,0.005,-0.003,14.850,-290.780,381.990,-178.400,-1.570,-114.790,1,0.0069,-0.0110,0.0482,0
7164015,-0.097,-0.267,-0.033,-0.011,0.005,-0.004,14.850,-290.780,381.990,-178.400,-1.570,-114.790,1,0.0069,-0.0110,0.0482,0
7164062,-0.107,-0.279,-0.023,-0.011,0.006,-0.002,14.850,-290.780,381.990,-178.400,-1.570,-114.790,1,0.0069,-0.0110,0.0482,0
7164140,-0.114,-0.269,-0.013,-0.010,0.006,-0.002,14.850,-290.780,381.990,-178.400,-1.570,-114.790,1,0.0069,-0.0110,0.0482,0
7164281,-0.085,-0.283,0.041,-0.012,0.005,-0.005,14.850,-290.780,381.990,-178.400,-1.570,-114.790,1,0.0069,-0.0110,0.0482,0
7164375,-0.084,-0.282,0.007,-0.011,0.005,-0.004,14.850,-290.780,381.990,-178.400,-1.570,-114.790,1,0.0069,-0.0110,0.0482,0
7164484,-0.087,-0.280,0.038,-0.011,0.005,-0.005,14.850,-290.780,381.990,-178.400,-1.570,-114.790,1,0.0069,-0.0110,0.0482,0
7164562,-0.089,-0.259,-0.044,-0.010,0.006,-0.002,14.850,-290.780,381.990,-178.400,-1.570,-114.790,1,0.0069,-0.0110,0.0482,0
7164656,-0.076,-0.274,0.019,-0.011,0.005,-0.005,14.850,-290.780,381.990,-178.400,-1.570,-114.790,1,0.0069,-0.0110,0.0482,0
7164734,-0.076,-0.275,0.038,-0.011,0.005,-0.005,14.850,-290.780,381.990,-178.400,-1.570,-114.790,1,0.0069,-0.0110,0.0482,0
7164812,-0.108,-0.264,0.001,-0.011,0.006,-0.003,14.850,-290.780,381.990,-178.400,-1.570,-114.790,1,0.0069,-0.0110,0.0482,0
7164921,-0.094,-0.278,0.025,-0.011,0.005,-0.005,14.850,-290.780,381.990,-178.400,-1.570,-114.790,1,0.0069,-0.0110,0.0482,0
7165031,-0.095,-0.270,0.038,-0.011,0.006,-0.006,14.850,-290.780,381.990,-178.400,-1.570,-114.790,1,0.0069,-0.0110,0.0482,0
7165156,-0.102,-0.258,-0.023,-0.010,0.006,-0.003,14.850,-290.780,381.990,-178.400,-1.570,-114.790,1,0.0069,-0.0110,0.0482,0
7165203,-0.094,-0.266,0.030,-0.011,0.005,-0.005,14.850,-290.780,381.990,-178.400,-1.570,-114.790,1,0.0069,-0.0110,0.0482,0
7165250,-0.095,-0.257,-0.002,-0.010,0.005,-0.004,14.850,-290.780,381.990,-178.400,-1.570,-114.790,1,0.0069,-0.0110,0.0482,0
7165328,-0.082,-0.252,-0.000,-0.010,0.005,-0.004,14.850,-290.780,381.990,-178.400,-1.570,-114.790,1,0.0069,-0.0110,0.0482,0
7165468,-0.111,-0.259,0.009,-0.009,0.006,-0.003,14.850,-290.780,381.990,-178.400,-1.570,-114.790,1,0.0069,-0.0110,0.0482,0
7165562,-0.102,-0.275,-0.015,-0.011,0.006,-0.004,14.850,-290.780,381.990,-178.400,-1.570,-114.790,1,0.0069,-0.0110,0.0482,0
7165671,-0.081,-0.280,0.051,-0.011,0.005,-0.006,14.850,-290.780,381.990,-178.400,-1.570,-114.790,1,0.0069,-0.0110,0.0482,0
7165750,-0.098,-0.260,-0.011,-0.011,0.005,-0.003,14.850,-290.780,381.990,-178.400,-1.570,-114.790,1,0.0069,-0.0110,0.0482,0
7165843,-0.089,-0.266,0.006,-0.010,0.005,-0.004,14.850,-290.780,381.990,-178.400,-1.570,-114.790,1,0.0069,-0.0110,0.0482,0
7165921,-0.102,-0.256,-0.016,-0.010,0.005,-0.002,14.850,-290.780,381.990,-178.400,-1.570,-114.790,1,0.0069,-0.0110,0.0482,0
7166000,-0.069,-0.269,-0.008,-0.011,0.005,-0.004,14.850,-290.780,381.990,-178.400,-1.570,-114.790,1,0.0069,-0.0110,0.0482,0
7166109,-0.086,-0.263,0.010,-0.010,0.005,-0.004,14.850,-290.780,381.990,-178.400,-1.570,-114.790,1,0.0069,-0.0110,0.0482,0
7166218,-0.084,-0.264,0.013,-0.011,0.005,-0.004,14.850,-290.780,381.990,-178.400,-1.570,-114.790,1,0.0069,-0.0110,0.0482,0
7166359,-0.103,-0.268,0.007,-0.010,0.006,-0.003,14.850,-290.780,381.990,-178.400,-1.570,-114.790,1,0.0069,-0.0110,0.0482,0
7166406,-0.091,-0.278,0.023,-0.011,0.005,-0.004,14.850,-290.780,381.990,-178.400,-1.570,-114.790,1,0.0069,-0.0110,0.0482,0
7166453,-0.098,-0.272,-0.002,-0.011,0.006,-0.003,14.850,-290.780,381.990,-178.400,-1.570,-114.790,1,0.0069,-0.0110,0.0482,0
7166531,-0.089,-0.277,0.009,-0.011,0.005,-0.004,14.850,-290.780,381.990,-178.400,-1.570,-114.790,1,0.0069,-0.0110,0.0482,0
7166671,-0.089,-0.234,-0.048,-0.010,0.006,-0.003,14.850,-290.780,381.990,-178.400,-1.570,-114.790,1,0.0069,-0.0110,0.0482,0
7166765,-0.077,-0.255,0.012,-0.011,0.005,-0.005,14.850,-290.780,381.990,-178.400,-1.570,-114.790,1,0.0069,-0.0110,0.0482,0
7166812,-0.100,-0.246,-0.013,-0.010,0.005,-0.002,14.850,-290.780,381.990,-178.400,-1.570,-114.790,1,0.0069,-0.0110,0.0482,0
7166890,-0.072,-0.244,0.003,-0.010,0.005,-0.004,14.850,-290.780,381.990,-178.400,-1.570,-114.790,1,0.0069,-0.0110,0.0482,0
7166968,-0.104,-0.257,-0.029,-0.010,0.005,-0.002,14.850,-290.780,381.990,-178.400,-1.570,-114.790,1,0.0069,-0.0110,0.0482,0
7167046,-0.082,-0.281,0.043,-0.011,0.005,-0.006,14.850,-290.780,381.990,-178.400,-1.570,-114.790,1,0.0069,-0.0110,0.0482,0
7167140,-0.107,-0.266,-0.038,-0.010,0.006,-0.002,14.850,-290.780,381.990,-178.400,-1.570,-114.790,1,0.0069,-0.0110,0.0482,0
7167218,-0.091,-0.267,0.009,-0.011,0.006,-0.004,14.850,-290.780,381.990,-178.400,-1.570,-114.790,1,0.0069,-0.0110,0.0482,0
7167328,-0.091,-0.267,0.026,-0.010,0.005,-0.004,14.850,-290.780,381.990,-178.400,-1.570,-114.790,1,0.0069,-0.0110,0.0482,0
7167406,-0.093,-0.256,-0.015,-0.010,0.005,-0.003,14.850,-290.780,381.990,-178.400,-1.570,-114.790,1,0.0069,-0.0110,0.0482,0
7167484,-0.096,-0.249,-0.036,-0.010,0.005,-0.002,14.850,-290.780,381.990,-178.400,-1.570,-114.790,1,0.0069,-0.0110,0.0482,0
7167578,-0.091,-0.256,0.009,-0.010,0.005,-0.003,14.850,-290.780,381.990,-178.400,-1.570,-114.790,1,0.0069,-0.0110,0.0482,0
7167625,-0.102,-0.262,-0.001,-0.010,0.006,-0.002,14.850,-290.780,381.990,-178.400,-1.570,-114.790,1,0.0069,-0.0110,0.0482,0
7167750,-0.094,-0.270,0.008,-0.011,0.005,-0.004,14.850,-290.780,381.990,-178.400,-1.570,-114.790,1,0.0069,-0.0110,0.0482,0
7167890,-0.094,-0.269,0.009,-0.011,0.005,-0.004,14.850,-290.780,381.990,-178.400,-1.570,-114.790,1,0.0069,-0.0110,0.0482,0
7167968,-0.092,-0.272,-0.016,-0.011,0.005,-0.003,14.850,-290.780,381.990,-178.400,-1.570,-114.790,1,0.0069,-0.0110,0.0482,0
7168078,-0.090,-0.268,0.016,-0.010,0.006,-0.004,14.850,-290.780,381.990,-178.400,-1.570,-114.790,1,0.0069,-0.0110,0.0482,0
7168156,-0.076,-0.266,-0.009,-0.010,0.005,-0.003,14.850,-290.780,381.990,-178.400,-1.570,-114.790,1,0.0069,-0.0110,0.0482,0
7168250,-0.087,-0.256,-0.001,-0.010,0.005,-0.003,14.850,-290.780,381.990,-178.400,-1.570,-114.790,1,0.0069,-0.0110,0.0482,0
7168328,-0.112,-0.243,0.015,-0.010,0.006,-0.003,14.850,-290.780,381.990,-178.400,-1.570,-114.790,1,0.0069,-0.0110,0.0482,0
7168406,-0.075,-0.262,-0.002,-0.011,0.005,-0.003,14.850,-290.780,381.990,-178.400,-1.570,-114.790,1,0.0069,-0.0110,0.0482,0
7168515,-0.128,-0.261,-0.047,-0.010,0.006,-0.002,14.850,-290.780,381.990,-178.400,-1.570,-114.790,1,0.0069,-0.0110,0.0482,0
7168625,-0.088,-0.270,0.045,-0.010,0.005,-0.005,14.850,-290.780,381.990,-178.400,-1.570,-114.790,1,0.0069,-0.0110,0.0482,0
7168765,-0.100,-0.259,-0.002,-0.010,0.006,-0.003,14.850,-290.780,381.990,-178.400,-1.570,-114.790,1,0.0069,-0.0110,0.0482,0
7168812,-0.096,-0.266,0.015,-0.011,0.006,-0.004,14.850,-290.780,381.990,-178.400,-1.570,-114.790,1,0.0069,-0.0110,0.0482,0
7168859,-0.081,-0.264,-0.003,-0.011,0.005,-0.004,14.850,-290.780,381.990,-178.400,-1.570,-114.790,1,0.0069,-0.0110,0.0482,0
7168937,-0.106,-0.255,-0.016,-0.010,0.006,-0.002,14.850,-290.780,381.990,-178.400,-1.570,-114.790,1,0.0069,-0.0110,0.0482,0
7169078,-0.104,-0.263,0.003,-0.010,0.006,-0.003,14.850,-290.780,381.990,-178.400,-1.570,-114.790,1,0.0069,-0.0110,0.0482,0
7169171,-0.075,-0.259,0.001,-0.011,0.005,-0.004,14.850,-290.780,381.990,-178.400,-1.570,-114.790,1,0.0069,-0.0110,0.0482,0
7169281,-0.129,-0.279,-0.010,-0.010,0.006,-0.002,14.850,-290.780,381.990,-178.400,-1.570,-114.790,1,0.0069,-0.0110,0.0482,0
7169359,-0.107,-0.259,0.015,-0.010,0.005,-0.003,14.850,-290.780,381.990,-178.400,-1.570,-114.790,1,0.0069,-0.0110,0.0482,0
7169453,-0.093,-0.259,0.012,-0.010,0.005,-0.003,14.850,-290.780,381.990,-178.400,-1.570,-114.790,1,0.0069,-0.0110,0.0482,0
7169531,-0.103,-0.252,-0.026,-0.010,0.006,-0.002,14.850,-290.780,381.990,-178.400,-1.570,-114.790,1,0.0069,-0.0110,0.0482,0
7169609,-0.085,-0.269,-0.003,-0.011,0.005,-0.004,14.850,-290.780,381.990,-178.400,-1.570,-114.790,1,0.0069,-0.0110,0.0482,0
7169718,-0.116,-0.253,0.010,-0.009,0.006,-0.002,14.850,-290.780,381.990,-178.400,-1.570,-114.790,1,0.0069,-0.0110,0.0482,0
7169828,-0.092,-0.265,0.013,-0.011,0.005,-0.004,14.850,-290.780,381.990,-178.400,-1.570,-114.790,1,0.0069,-0.0110,0.0482,0
7169968,-0.102,-0.263,0.004,-0.010,0.006,-0.004,14.850,-290.780,381.990,-178.400,-1.570,-114.790,1,0.0069,-0.0110,0.0482,0
7170015,-0.129,-0.263,-0.031,-0.010,0.006,-0.003,14.850,-290.780,381.990,-178.400,-1.570,-114.790,1,0.0069,-0.0110,0.0482,0
7170062,-0.126,-0.280,-0.012,-0.010,0.006,-0.004,14.850,-290.780,381.990,-178.400,-1.570,-114.790,1,0.0069,-0.0110,0.0482,0
7170140,-0.086,-0.270,0.004,-0.011,0.005,-0.004,14.850,-290.780,381.990,-178.400,-1.570,-114.790,1,0.0069,-0.0110,0.0482,0
7170281,-0.109,-0.258,0.012,-0.011,0.006,-0.004,14.850,-290.780,381.990,-178.400,-1.570,-114.790,1,0.0069,-0.0110,0.0482,0
7170375,-0.088,-0.260,0.019,-0.011,0.005,-0.004,14.850,-290.780,381.990,-178.400,-1.570,-114.790,1,0.0069,-0.0110,0.0482,0
7170484,-0.101,-0.276,0.017,-0.010,0.006,-0.003,14.850,-290.780,381.990,-178.400,-1.570,-114.790,1,0.0069,-0.0110,0.0482,0
7170562,-0.082,-0.270,0.039,-0.011,0.005,-0.005,14.850,-290.780,381.990,-178.400,-1.570,-114.790,1,0.0069,-0.0110,0.0482,0
7170656,-0.124,-0.272,-0.019,-0.010,0.006,-0.002,14.850,-290.780,381.990,-178.400,-1.570,-114.790,1,0.0069,-0.0110,0.0482,0
7170734,-0.111,-0.277,0.006,-0.010,0.006,-0.003,14.850,-290.780,381.990,-178.400,-1.570,-114.790,1,0.0069,-0.0110,0.0482,0
7170812,-0.096,-0.275,0.019,-0.011,0.005,-0.004,14.850,-290.780,381.990,-178.400,-1.570,-114.790,1,0.0069,-0.0110,0.0482,0
7170921,-0.099,-0.256,0.004,-0.010,0.006,-0.002,14.850,-290.780,381.990,-178.400,-1.570,-114.790,1,0.0069,-0.0110,0.0482,0
7171031,-0.093,-0.266,0.016,-0.011,0.005,-0.004,14.850,-290.780,381.990,-178.400,-1.570,-114.790,1,0.0069,-0.0110,0.0482,0
7171171,-0.094,-0.270,-0.005,-0.011,0.005,-0.003,14.850,-290.780,381.990,-178.400,-1.570,-114.790,1,0.0069,-0.0110,0.0482,0
7171218,-0.095,-0.270,0.013,-0.011,0.006,-0.004,14.850,-290.780,381.990,-178.400,-1.570,-114.790,1,0.0069,-0.0110,0.0482,0
7171265,-0.100,-0.270,0.021,-0.011,0.006,-0.004,14.850,-290.780,381.990,-178.400,-1.570,-114.790,1,0.0069,-0.0110,0.0482,0
7171343,-0.115,-0.273,0.028,-0.011,0.006,-0.003,14.850,-290.780,381.990,-178.400,-1.570,-114.790,1,0.0069,-0.0110,0.0482,0
7171484,-0.111,-0.276,0.035,-0.011,0.005,-0.004,14.850,-290.780,381.990,-178.400,-1.570,-114.790,1,0.0069,-0.0110,0.0482,0
7171578,-0.119,-0.285,0.026,-0.011,0.006,-0.005,14.850,-290.780,381.990,-178.400,-1.570,-114.790,1,0.0069,-0.0110,0.0482,0
7171687,-0.102,-0.245,0.011,-0.010,0.006,-0.003,14.850,-290.780,381.990,-178.400,-1.570,-114.790,1,0.0069,-0.0110,0.0482,0
7171765,-0.089,-0.273,0.012,-0.011,0.006,-0.004,14.850,-290.780,381.990,-178.400,-1.570,-114.790,1,0.0069,-0.0110,0.0482,0
7171859,-0.103,-0.255,0.080,-0.010,0.006,-0.004,14.850,-290.780,381.990,-178.400,-1.570,-114.790,1,0.0069,-0.0110,0.0482,0
7171953,-0.106,-0.262,0.056,-0.011,0.006,-0.004,14.850,-290.780,381.990,-178.400,-1.570,-114.790,1,0.0069,-0.0110,0.0482,0
7172031,-0.131,-0.248,0.040,-0.010,0.006,-0.003,14.850,-290.780,381.990,-178.400,-1.570,-114.790,1,0.0069,-0.0110,0.0482,0
7172140,-0.115,-0.267,0.011,-0.011,0.006,-0.004,14.850,-290.780,381.990,-178.400,-1.570,-114.790,1,0.0069,-0.0110,0.0482,0
7172250,-0.110,-0.266,0.003,-0.011,0.006,-0.004,14.850,-290.780,381.990,-178.400,-1.570,-114.790,1,0.0069,-0.0110,0.0482,0
7172390,-0.101,-0.275,-0.003,-0.011,0.006,-0.004,14.850,-290.780,381.990,-178.400,-1.570,-114.790,1,0.0069,-0.0110,0.0482,0
7172437,-0.100,-0.267,0.007,-0.011,0.006,-0.003,14.850,-290.780,381.990,-178.400,-1.570,-114.790,1,0.0069,-0.0110,0.0482,0
7172484,-0.102,-0.259,0.044,-0.010,0.006,-0.003,14.850,-290.780,381.990,-178.400,-1.570,-114.790,1,0.0069,-0.0110,0.0482,0
7172562,-0.111,-0.266,0.002,-0.011,0.006,-0.003,14.850,-290.780,381.990,-178.400,-1.570,-114.790,1,0.0069,-0.0110,0.0482,0
7172703,-0.109,-0.274,0.023,-0.010,0.006,-0.003,14.850,-290.780,381.990,-178.400,-1.570,-114.790,1,0.0069,-0.0110,0.0482,0
7172796,-0.116,-0.271,0.043,-0.010,0.006,-0.003,14.850,-290.780,381.990,-178.400,-1.570,-114.790,1,0.0069,-0.0110,0.0482,0
7172906,-0.105,-0.269,0.004,-0.011,0.006,-0.004,14.850,-290.780,381.990,-178.400,-1.570,-114.790,1,0.0069,-0.0110,0.0482,0
7172984,-0.100,-0.268,0.012,-0.011,0.006,-0.004,14.850,-290.780,381.990,-178.400,-1.570,-114.790,1,0.0069,-0.0110,0.0482,0
7173078,-0.115,-0.283,0.013,-0.011,0.006,-0.004,14.850,-290.780,381.990,-178.400,-1.570,-114.790,1,0.0069,-0.0110,0.0482,0
7173156,-0.126,-0.284,0.024,-0.010,0.006,-0.004,14.850,-290.780,381.990,-178.400,-1.570,-114.790,1,0.0069,-0.0110,0.0482,0
7173234,-0.102,-0.249,0.001,-0.010,0.006,-0.003,14.850,-290.780,381.990,-178.400,-1.570,-114.790,1,0.0069,-0.0110,0.0482,0
7173343,-0.102,-0.263,-0.005,-0.011,0.006,-0.003,14.850,-290.780,381.990,-178.400,-1.570,-114.790,1,0.0069,-0.0110,0.0482,0
7173453,-0.112,-0.253,0.022,-0.010,0.006,-0.003,14.850,-290.780,381.990,-178.400,-1.570,-114.790,1,0.0069,-0.0110,0.0482,0
7173593,-0.117,-0.255,-0.005,-0.010,0.006,-0.003,14.850,-290.780,381.990,-178.400,-1.570,-114.790,1,0.0069,-0.0110,0.0482,0
7173640,-0.118,-0.259,-0.012,-0.010,0.006,-0.003,14.850,-290.780,381.990,-178.400,-1.570,-114.790,1,0.0069,-0.0110,0.0482,0
7173687,-0.109,-0.267,0.037,-0.010,0.006,-0.005,14.850,-290.780,381.990,-178.400,-1.570,-114.790,1,0.0069,-0.0110,0.0482,0
7173765,-0.121,-0.267,0.024,-0.010,0.006,-0.005,14.850,-290.780,381.990,-178.400,-1.570,-114.790,1,0.0069,-0.0110,0.0482,0
7173906,-0.125,-0.257,-0.015,-0.011,0.006,-0.003,14.850,-290.780,381.990,-178.400,-1.570,-114.790,1,0.0069,-0.0110,0.0482,0
7174000,-0.099,-0.246,0.043,-0.010,0.006,-0.004,14.850,-290.780,381.990,-178.400,-1.570,-114.790,1,0.0069,-0.0110,0.0482,0
7174109,-0.098,-0.275,-0.052,-0.011,0.006,-0.002,14.850,-290.780,381.990,-178.400,-1.570,-114.790,1,0.0069,-0.0110,0.0482,0
7174187,-0.096,-0.262,0.011,-0.011,0.006,-0.004,14.850,-290.780,381.990,-178.400,-1.570,-114.790,1,0.0069,-0.0110,0.0482,0
7174281,-0.096,-0.277,0.036,-0.011,0.006,-0.005,14.850,-290.780,381.990,-178.400,-1.570,-114.790,1,0.0069,-0.0110,0.0482,0
7174359,-0.094,-0.281,0.030,-0.011,0.005,-0.005,14.850,-290.780,381.990,-178.400,-1.570,-114.790,1,0.0069,-0.0110,0.0482,0
7174437,-0.102,-0.258,-0.001,-0.011,0.006,-0.004,14.850,-290.780,381.990,-178.400,-1.570,-114.790,1,0.0069,-0.0110,0.0482,0
7174546,-0.111,-0.282,0.038,-0.010,0.006,-0.004,14.850,-290.780,381.990,-178.400,-1.570,-114.790,1,0.0069,-0.0110,0.0482,0
7174656,-0.110,-0.267,0.019,-0.011,0.006,-0.004,14.850,-290.780,381.990,-178.400,-1.570,-114.790,1,0.0069,-0.0110,0.0482,0
7174796,-0.100,-0.257,0.015,-0.010,0.006,-0.004,14.850,-290.780,381.990,-178.400,-1.570,-114.790,1,0.0069,-0.0110,0.0482,0
7174843,-0.095,-0.253,0.032,-0.010,0.006,-0.004,14.850,-290.780,381.990,-178.400,-1.570,-114.790,1,0.0069,-0.0110,0.0482,0
7174890,-0.096,-0.253,0.071,-0.010,0.006,-0.005,14.850,-290.780,381.990,-178.400,-1.570,-114.790,1,0.0069,-0.0110,0.0482,0
7174968,-0.099,-0.259,0.028,-0.011,0.006,-0.004,14.850,-290.780,381.990,-178.400,-1.570,-114.790,1,0.0069,-0.0110,0.0482,0
7175109,-0.105,-0.257,-0.010,-0.011,0.006,-0.003,14.850,-290.780,381.990,-178.400,-1.570,-114.790,1,0.0069,-0.0110,0.0482,0
7175203,-0.095,-0.258,0.035,-0.011,0.006,-0.005,14.850,-290.780,381.990,-178.400,-1.570,-114.790,1,0.0069,-0.0110,0.0482,0
7175312,-0.080,-0.255,-0.006,-0.011,0.005,-0.004,14.850,-290.780,381.990,-178.400,-1.570,-114.790,1,0.0069,-0.0110,0.0482,0
7175390,-0.118,-0.263,0.039,-0.010,0.006,-0.005,14.850,-290.780,381.990,-178.400,-1.570,-114.790,1,0.0069,-0.0110,0.0482,0
7175484,-0.089,-0.252,-0.015,-0.011,0.005,-0.003,14.850,-290.780,381.990,-178.400,-1.570,-114.790,1,0.0069,-0.0110,0.0482,0
7175562,-0.092,-0.265,0.000,-0.011,0.005,-0.004,14.850,-290.780,381.990,-178.400,-1.570,-114.790,1,0.0069,-0.0110,0.0482,0
7175640,-0.086,-0.280,-0.019,-0.011,0.005,-0.004,14.850,-290.780,381.990,-178.400,-1.570,-114.790,1,0.0069,-0.0110,0.0482,0
7175750,-0.077,-0.273,0.024,-0.012,0.005,-0.005,14.850,-290.780,381.990,-178.400,-1.570,-114.790,1,0.0069,-0.0110,0.0482,0
7175859,-0.080,-0.266,0.033,-0.011,0.005,-0.005,14.850,-290.780,381.990,-178.400,-1.570,-114.790,1,0.0069,-0.0110,0.0482,0
7176000,-0.083,-0.260,-0.001,-0.011,0.005,-0.003,14.850,-290.780,381.990,-178.400,-1.570,-114.790,1,0.0069,-0.0110,0.0482,0
7176046,-0.085,-0.261,0.029,-0.011,0.005,-0.005,14.850,-290.780,381.990,-178.400,-1.570,-114.790,1,0.0069,-0.0110,0.0482,0
7176093,-0.090,-0.253,0.034,-0.010,0.005,-0.005,14.850,-290.780,381.990,-178.400,-1.570,-114.790,1,0.0069,-0.0110,0.0482,0
7176171,-0.098,-0.250,0.013,-0.010,0.006,-0.003,14.850,-290.780,381.990,-178.400,-1.570,-114.790,1,0.0069,-0.0110,0.0482,0
7176312,-0.084,-0.250,0.049,-0.010,0.006,-0.005,14.850,-290.780,381.990,-178.400,-1.570,-114.790,1,0.0069,-0.0110,0.0482,0
7176406,-0.093,-0.251,-0.003,-0.010,0.006,-0.003,14.850,-290.780,381.990,-178.400,-1.570,-114.790,1,0.0069,-0.0110,0.0482,0
7176515,-0.090,-0.256,0.016,-0.011,0.006,-0.004,14.850,-290.780,381.990,-178.400,-1.570,-114.790,1,0.0069,-0.0110,0.0482,0
7176593,-0.099,-0.258,0.004,-0.011,0.005,-0.004,14.850,-290.780,381.990,-178.400,-1.570,-114.790,1,0.0069,-0.0110,0.0482,0
7176687,-0.084,-0.247,-0.003,-0.011,0.005,-0.004,14.850,-290.780,381.990,-178.400,-1.570,-114.790,1,0.0069,-0.0110,0.0482,0
7176765,-0.097,-0.250,0.050,-0.010,0.006,-0.005,14.850,-290.780,381.990,-178.400,-1.570,-114.790,1,0.0069,-0.0110,0.0482,0
7176843,-0.073,-0.231,-0.022,-0.010,0.005,-0.003,14.850,-290.780,381.990,-178.400,-1.570,-114.790,1,0.0069,-0.0110,0.0482,0
7176953,-0.085,-0.248,0.031,-0.011,0.005,-0.005,14.850,-290.780,381.990,-178.400,-1.570,-114.790,1,0.0069,-0.0110,0.0482,0
7177062,-0.088,-0.255,0.004,-0.010,0.005,-0.004,14.850,-290.780,381.990,-178.400,-1.570,-114.790,1,0.0069,-0.0110,0.0482,0
7177203,-0.088,-0.258,-0.012,-0.011,0.005,-0.004,14.850,-290.780,381.990,-178.400,-1.570,-114.790,1,0.0069,-0.0110,0.0482,0
7177250,-0.089,-0.257,0.031,-0.011,0.005,-0.005,14.850,-290.780,381.990,-178.400,-1.570,-114.790,1,0.0069,-0.0110,0.0482,0
7177296,-0.083,-0.252,0.030,-0.011,0.005,-0.005,14.850,-290.780,381.990,-178.400,-1.570,-114.790,1,0.0069,-0.0110,0.0482,0
7177375,-0.070,-0.261,0.058,-0.011,0.005,-0.006,14.850,-290.780,381.990,-178.400,-1.570,-114.790,1,0.0069,-0.0110,0.0482,0
7177515,-0.077,-0.259,0.046,-0.011,0.005,-0.006,14.850,-290.780,381.990,-178.400,-1.570,-114.790,1,0.0069,-0.0110,0.0482,0
7177609,-0.077,-0.250,0.019,-0.011,0.005,-0.004,14.850,-290.780,381.990,-178.400,-1.570,-114.790,1,0.0069,-0.0110,0.0482,0
7177718,-0.077,-0.233,0.006,-0.010,0.005,-0.004,14.850,-290.780,381.990,-178.400,-1.570,-114.790,1,0.0069,-0.0110,0.0482,0
7177796,-0.043,-0.258,-0.034,-0.011,0.004,-0.004,14.850,-290.780,381.990,-178.400,-1.570,-114.790,1,0.0069,-0.0110,0.0482,0
7177890,-0.076,-0.254,0.014,-0.011,0.005,-0.005,14.850,-290.780,381.990,-178.400,-1.570,-114.790,1,0.0069,-0.0110,0.0482,0
7177968,-0.086,-0.245,0.026,-0.010,0.005,-0.004,14.850,-290.780,381.990,-178.400,-1.570,-114.790,1,0.0069,-0.0110,0.0482,0
7178046,-0.100,-0.233,-0.032,-0.010,0.006,-0.002,14.850,-290.780,381.990,-178.400,-1.570,-114.790,1,0.0069,-0.0110,0.0482,0
7178156,-0.075,-0.250,0.041,-0.011,0.005,-0.006,14.850,-290.780,381.990,-178.400,-1.570,-114.790,1,0.0069,-0.0110,0.0482,0
7178265,-0.075,-0.244,0.025,-0.011,0.005,-0.005,14.850,-290.780,381.990,-178.400,-1.570,-114.790,1,0.0069,-0.0110,0.0482,0
7178406,-0.077,-0.233,0.032,-0.010,0.005,-0.005,14.850,-290.780,381.990,-178.400,-1.570,-114.790,1,0.0069,-0.0110,0.0482,0
7178453,-0.068,-0.231,0.033,-0.011,0.005,-0.005,14.850,-290.780,381.990,-178.400,-1.570,-114.790,1,0.0069,-0.0110,0.0482,0
7178500,-0.094,-0.230,-0.022,-0.010,0.005,-0.003,14.850,-290.780,381.990,-178.400,-1.570,-114.790,1,0.0069,-0.0110,0.0482,0
7178578,-0.085,-0.236,-0.002,-0.010,0.005,-0.004,14.850,-290.780,381.990,-178.400,-1.570,-114.790,1,0.0069,-0.0110,0.0482,0
7178718,-0.086,-0.230,0.002,-0.010,0.006,-0.003,14.850,-290.780,381.990,-178.400,-1.570,-114.790,1,0.0069,-0.0110,0.0482,0
7178812,-0.083,-0.228,-0.032,-0.009,0.006,-0.002,14.850,-290.780,381.990,-178.400,-1.570,-114.790,1,0.0069,-0.0110,0.0482,0
7178921,-0.059,-0.243,0.050,-0.010,0.005,-0.006,14.850,-290.780,381.990,-178.400,-1.570,-114.790,1,0.0069,-0.0110,0.0482,0
7179000,-0.065,-0.237,0.036,-0.010,0.005,-0.005,14.850,-290.780,381.990,-178.400,-1.570,-114.790,1,0.0069,-0.0110,0.0482,0
7179093,-0.073,-0.227,-0.000,-0.010,0.005,-0.004,14.850,-290.780,381.990,-178.400,-1.570,-114.790,1,0.0069,-0.0110,0.0482,0
7179171,-0.079,-0.227,-0.004,-0.010,0.005,-0.003,14.850,-290.780,381.990,-178.400,-1.570,-114.790,1,0.0069,-0.0110,0.0482,0
7179250,-0.052,-0.229,0.023,-0.010,0.004,-0.004,14.850,-290.780,381.990,-178.400,-1.570,-114.790,1,0.0069,-0.0110,0.0482,0
7179359,-0.077,-0.251,0.010,-0.010,0.006,-0.004,14.850,-290.780,381.990,-178.400,-1.570,-114.790,1,0.0069,-0.0110,0.0482,0
7179468,-0.076,-0.249,-0.014,-0.010,0.005,-0.003,14.850,-290.780,381.990,-178.400,-1.570,-114.790,1,0.0069,-0.0110,0.0482,0
7179609,-0.080,-0.230,0.019,-0.010,0.005,-0.004,14.850,-290.780,381.990,-178.400,-1.570,-114.790,1,0.0069,-0.0110,0.0482,0
7179656,-0.072,-0.244,0.045,-0.010,0.005,-0.005,14.850,-290.780,381.990,-178.400,-1.570,-114.790,1,0.0069,-0.0110,0.0482,0
7179703,-0.070,-0.242,0.043,-0.010,0.005,-0.005,14.850,-290.780,381.990,-178.400,-1.570,-114.790,1,0.0069,-0.0110,0.0482,0
7179781,-0.070,-0.230,-0.008,-0.010,0.005,-0.004,14.850,-290.780,381.990,-178.400,-1.570,-114.790,1,0.0069,-0.0110,0.0482,0
7179921,-0.071,-0.226,0.019,-0.010,0.005,-0.004,14.850,-290.780,381.990,-178.400,-1.570,-114.790,1,0.0069,-0.0110,0.0482,0
7180015,-0.078,-0.214,0.003,-0.009,0.005,-0.003,14.850,-290.780,381.990,-178.400,-1.570,-114.790,1,0.0069,-0.0110,0.0482,0
7180125,-0.081,-0.220,0.014,-0.009,0.005,-0.003,14.850,-290.780,381.990,-178.400,-1.570,-114.790,1,0.0069,-0.0110,0.0482,0
7180203,-0.082,-0.224,0.008,-0.009,0.005,-0.003,14.850,-290.780,381.990,-178.400,-1.570,-114.790,1,0.0069,-0.0110,0.0482,0
7180296,-0.069,-0.238,0.012,-0.010,0.005,-0.005,14.850,-290.780,381.990,-178.400,-1.570,-114.790,1,0.0069,-0.0110,0.0482,0
7180375,-0.082,-0.226,0.000,-0.010,0.005,-0.003,14.850,-290.780,381.990,-178.400,-1.570,-114.790,1,0.0069,-0.0110,0.0482,0
7180453,-0.079,-0.222,-0.010,-0.009,0.005,-0.003,14.850,-290.780,381.990,-178.400,-1.570,-114.790,1,0.0069,-0.0110,0.0482,0
7180562,-0.072,-0.232,0.025,-0.010,0.005,-0.004,14.850,-290.780,381.990,-178.400,-1.570,-114.790,1,0.0069,-0.0110,0.0482,0
7180671,-0.079,-0.228,0.008,-0.010,0.005,-0.004,14.850,-290.780,381.990,-178.400,-1.570,-114.790,1,0.0069,-0.0110,0.0482,0
7180812,-0.093,-0.229,-0.003,-0.009,0.006,-0.003,14.850,-290.780,381.990,-178.400,-1.570,-114.790,1,0.0069,-0.0110,0.0482,0
7180859,-0.090,-0.228,0.005,-0.009,0.005,-0.003,14.850,-290.780,381.990,-178.400,-1.570,-114.790,1,0.0069,-0.0110,0.0482,0
7180906,-0.060,-0.245,0.031,-0.010,0.005,-0.005,14.850,-290.780,381.990,-178.400,-1.570,-114.790,1,0.0069,-0.0110,0.0482,0
7180984,-0.088,-0.217,-0.006,-0.009,0.005,-0.002,14.850,-290.780,381.990,-178.400,-1.570,-114.790,1,0.0069,-0.0110,0.0482,0
7181125,-0.091,-0.213,-0.018,-0.009,0.005,-0.002,14.850,-290.780,381.990,-178.400,-1.570,-114.790,1,0.0069,-0.0110,0.0482,0
7181218,-0.061,-0.230,0.006,-0.010,0.004,-0.004,14.850,-290.780,381.990,-178.400,-1.570,-114.790,1,0.0069,-0.0110,0.0482,0
7181328,-0.077,-0.216,0.011,-0.009,0.005,-0.003,14.850,-290.780,381.990,-178.400,-1.570,-114.790,1,0.0069,-0.0110,0.0482,0
7181406,-0.100,-0.223,0.003,-0.009,0.005,-0.002,14.850,-290.780,381.990,-178.400,-1.570,-114.790,1,0.0069,-0.0110,0.0482,0
7181484,-0.077,-0.224,0.020,-0.010,0.005,-0.004,14.850,-290.780,381.990,-178.400,-1.570,-114.790,1,0.0069,-0.0110,0.0482,0
7181562,-0.076,-0.226,0.027,-0.010,0.005,-0.005,14.850,-290.780,381.990,-178.400,-1.570,-114.790,1,0.0069,-0.0110,0.0482,0
7181640,-0.083,-0.226,-0.003,-0.009,0.005,-0.003,14.850,-290.780,381.990,-178.400,-1.570,-114.790,1,0.0069,-0.0110,0.0482,0
7181750,-0.086,-0.217,-0.013,-0.009,0.005,-0.002,14.850,-290.780,381.990,-178.400,-1.570,-114.790,1,0.0069,-0.0110,0.0482,0
7181859,-0.082,-0.221,-0.016,-0.009,0.005,-0.003,14.850,-290.780,381.990,-178.400,-1.570,-114.790,1,0.0069,-0.0110,0.0482,0
7182015,-0.061,-0.219,-0.014,-0.010,0.005,-0.004,14.850,-290.780,381.990,-178.400,-1.570,-114.790,1,0.0069,-0.0110,0.0482,0
7182062,-0.086,-0.224,-0.015,-0.009,0.005,-0.003,14.850,-290.780,381.990,-178.400,-1.570,-114.790,1,0.0069,-0.0110,0.0482,0
7182171,-0.076,-0.228,0.009,-0.010,0.005,-0.004,14.850,-290.780,381.990,-178.400,-1.570,-114.790,1,0.0069,-0.0110,0.0482,0
7182312,-0.080,-0.239,-0.009,-0.010,0.005,-0.004,14.850,-290.780,381.990,-178.400,-1.570,-114.790,1,0.0069,-0.0110,0.0482,0
7182406,-0.091,-0.212,0.006,-0.009,0.005,-0.003,14.850,-290.780,381.990,-178.400,-1.570,-114.790,1,0.0069,-0.0110,0.0482,0
7182515,-0.102,-0.211,0.013,-0.009,0.005,-0.002,14.850,-290.780,381.990,-178.400,-1.570,-114.790,1,0.0069,-0.0110,0.0482,0
7182593,-0.090,-0.217,0.021,-0.009,0.005,-0.003,14.850,-290.780,381.990,-178.400,-1.570,-114.790,1,0.0069,-0.0110,0.0482,0
7182687,-0.093,-0.224,0.006,-0.009,0.005,-0.003,14.850,-290.780,381.990,-178.400,-1.570,-114.790,1,0.0069,-0.0110,0.0482,0
7182765,-0.075,-0.233,0.006,-0.010,0.005,-0.004,14.850,-290.780,381.990,-178.400,-1.570,-114.790,1,0.0069,-0.0110,0.0482,0
7182843,-0.124,-0.221,-0.024,-0.009,0.006,-0.002,14.850,-290.780,381.990,-178.400,-1.570,-114.790,1,0.0069,-0.0110,0.0482,0
7182953,-0.101,-0.228,0.000,-0.010,0.005,-0.003,14.850,-290.780,381.990,-178.400,-1.570,-114.790,1,0.0069,-0.0110,0.0482,0
7183062,-0.095,-0.208,0.037,-0.009,0.005,-0.004,14.850,-290.780,381.990,-178.400,-1.570,-114.790,1,0.0069,-0.0110,0.0482,0
7183203,-0.077,-0.233,-0.005,-0.010,0.005,-0.003,14.850,-290.780,381.990,-178.400,-1.570,-114.790,1,0.0069,-0.0110,0.0482,0
7183250,-0.081,-0.234,0.003,-0.010,0.005,-0.004,14.850,-290.780,381.990,-178.400,-1.570,-114.790,1,0.0069,-0.0110,0.0482,0
7183296,-0.084,-0.236,0.009,-0.010,0.005,-0.004,14.850,-290.780,381.990,-178.400,-1.570,-114.790,1,0.0069,-0.0110,0.0482,0
7183375,-0.086,-0.243,0.042,-0.010,0.006,-0.004,14.850,-290.780,381.990,-178.400,-1.570,-114.790,1,0.0069,-0.0110,0.0482,0
7183515,-0.098,-0.247,0.014,-0.010,0.005,-0.003,14.850,-290.780,381.990,-178.400,-1.570,-114.790,1,0.0069,-0.0110,0.0482,0
7183609,-0.098,-0.245,0.017,-0.010,0.005,-0.003,14.850,-290.780,381.990,-178.400,-1.570,-114.790,1,0.0069,-0.0110,0.0482,0
7183718,-0.087,-0.251,0.032,-0.010,0.006,-0.004,14.850,-290.780,381.990,-178.400,-1.570,-114.790,1,0.0069,-0.0110,0.0482,0
7183796,-0.087,-0.233,-0.003,-0.010,0.005,-0.003,14.850,-290.780,381.990,-178.400,-1.570,-114.790,1,0.0069,-0.0110,0.0482,0
7183890,-0.085,-0.229,-0.014,-0.010,0.005,-0.003,14.850,-290.780,381.990,-178.400,-1.570,-114.790,1,0.0069,-0.0110,0.0482,0
7183968,-0.085,-0.227,0.032,-0.010,0.005,-0.004,14.850,-290.780,381.990,-178.400,-1.570,-114.790,1,0.0069,-0.0110,0.0482,0
7184046,-0.092,-0.225,0.022,-0.010,0.005,-0.004,14.850,-290.780,381.990,-178.400,-1.570,-114.790,1,0.0069,-0.0110,0.0482,0
7184156,-0.078,-0.230,0.012,-0.010,0.005,-0.004,14.850,-290.780,381.990,-178.400,-1.570,-114.790,1,0.0069,-0.0110,0.0482,0
7184265,-0.100,-0.237,0.010,-0.010,0.006,-0.004,14.850,-290.780,381.990,-178.400,-1.570,-114.790,1,0.0069,-0.0110,0.0482,0
7184406,-0.104,-0.237,0.022,-0.010,0.006,-0.004,14.850,-290.780,381.990,-178.400,-1.570,-114.790,1,0.0069,-0.0110,0.0482,0
7184453,-0.099,-0.234,0.004,-0.010,0.005,-0.004,14.850,-290.780,381.990,-178.400,-1.570,-114.790,1,0.0069,-0.0110,0.0482,0
7184500,-0.085,-0.237,-0.004,-0.010,0.005,-0.004,14.850,-290.780,381.990,-178.400,-1.570,-114.790,1,0.0069,-0.0110,0.0482,0
7184578,-0.069,-0.246,0.020,-0.010,0.005,-0.004,14.850,-290.780,381.990,-178.400,-1.570,-114.790,1,0.0069,-0.0110,0.0482,0
7184718,-0.086,-0.223,0.031,-0.009,0.006,-0.004,14.850,-290.780,381.990,-178.400,-1.570,-114.790,1,0.0069,-0.0110,0.0482,0
7184812,-0.083,-0.239,0.035,-0.010,0.005,-0.005,14.850,-290.780,381.990,-178.400,-1.570,-114.790,1,0.0069,-0.0110,0.0482,0
7184921,-0.081,-0.250,0.011,-0.011,0.005,-0.004,14.850,-290.780,381.990,-178.400,-1.570,-114.790,1,0.0069,-0.0110,0.0482,0
7185000,-0.081,-0.257,0.038,-0.010,0.005,-0.004,14.850,-290.780,381.990,-178.400,-1.570,-114.790,1,0.0069,-0.0110,0.0482,0
7185093,-0.084,-0.256,0.036,-0.010,0.005,-0.004,14.850,-290.780,381.990,-178.400,-1.570,-114.790,1,0.0069,-0.0110,0.0482,0
7185171,-0.070,-0.235,0.005,-0.010,0.005,-0.004,14.850,-290.780,381.990,-178.400,-1.570,-114.790,1,0.0069,-0.0110,0.0482,0
7185250,-0.082,-0.237,-0.020,-0.011,0.005,-0.004,14.850,-290.780,381.990,-178.400,-1.570,-114.790,1,0.0069,-0.0110,0.0482,0
7185359,-0.076,-0.244,0.029,-0.011,0.005,-0.005,14.850,-290.780,381.990,-178.400,-1.570,-114.790,1,0.0069,-0.0110,0.0482,0
7185468,-0.065,-0.252,0.042,-0.010,0.004,-0.006,14.850,-290.780,381.990,-178.400,-1.570,-114.790,1,0.0069,-0.0110,0.0482,0
7185593,-0.081,-0.243,-0.003,-0.010,0.005,-0.004,14.850,-290.780,381.990,-178.400,-1.570,-114.790,1,0.0069,-0.0110,0.0482,0
7185640,-0.074,-0.249,0.046,-0.010,0.005,-0.005,14.850,-290.780,381.990,-178.400,-1.570,-114.790,1,0.0069,-0.0110,0.0482,0
7185687,-0.082,-0.246,0.013,-0.010,0.005,-0.004,14.850,-290.780,381.990,-178.400,-1.570,-114.790,1,0.0069,-0.0110,0.0482,0
7185765,-0.078,-0.252,0.030,-0.011,0.005,-0.005,14.850,-290.780,381.990,-178.400,-1.570,-114.790,1,0.0069,-0.0110,0.0482,0
7185906,-0.063,-0.242,0.034,-0.011,0.005,-0.005,14.850,-290.780,381.990,-178.400,-1.570,-114.790,1,0.0069,-0.0110,0.0482,0
7186000,-0.079,-0.241,-0.009,-0.010,0.005,-0.004,14.850,-290.780,381.990,-178.400,-1.570,-114.790,1,0.0069,-0.0110,0.0482,0
7186109,-0.072,-0.244,0.038,-0.011,0.005,-0.005,14.850,-290.780,381.990,-178.400,-1.570,-114.790,1,0.0069,-0.0110,0.0482,0
7186187,-0.068,-0.255,0.015,-0.011,0.005,-0.005,14.850,-290.780,381.990,-178.400,-1.570,-114.790,1,0.0069,-0.0110,0.0482,0
7186281,-0.074,-0.256,0.016,-0.010,0.005,-0.004,14.850,-290.780,381.990,-178.400,-1.570,-114.790,1,0.0069,-0.0110,0.0482,0
7186359,-0.058,-0.261,0.059,-0.011,0.005,-0.005,14.850,-290.780,381.990,-178.400,-1.570,-114.790,1,0.0069,-0.0110,0.0482,0
7186437,-0.064,-0.260,0.041,-0.011,0.005,-0.005,14.850,-290.780,381.990,-178.400,-1.570,-114.790,1,0.0069,-0.0110,0.0482,0
7186546,-0.067,-0.254,0.036,-0.011,0.005,-0.005,14.850,-290.780,381.990,-178.400,-1.570,-114.790,1,0.0069,-0.0110,0.0482,0
7186656,-0.060,-0.244,0.036,-0.010,0.005,-0.005,14.850,-290.780,381.990,-178.400,-1.570,-114.790,1,0.0069,-0.0110,0.0482,0
7186796,-0.072,-0.251,0.026,-0.010,0.005,-0.005,14.850,-290.780,381.990,-178.400,-1.570,-114.790,1,0.0069,-0.0110,0.0482,0
7186843,-0.077,-0.257,0.030,-0.011,0.005,-0.005,14.850,-290.780,381.990,-178.400,-1.570,-114.790,1,0.0069,-0.0110,0.0482,0
7186890,-0.076,-0.257,0.026,-0.011,0.005,-0.005,14.850,-290.780,381.990,-178.400,-1.570,-114.790,1,0.0069,-0.0110,0.0482,0
7186968,-0.080,-0.253,-0.015,-0.010,0.005,-0.004,14.850,-290.780,381.990,-178.400,-1.570,-114.790,1,0.0069,-0.0110,0.0482,0
7187109,-0.078,-0.234,-0.001,-0.010,0.005,-0.003,14.850,-290.780,381.990,-178.400,-1.570,-114.790,1,0.0069,-0.0110,0.0482,0
7187203,-0.066,-0.245,0.024,-0.010,0.005,-0.005,14.850,-290.780,381.990,-178.400,-1.570,-114.790,1,0.0069,-0.0110,0.0482,0
7187312,-0.081,-0.232,-0.038,-0.010,0.005,-0.002,14.850,-290.780,381.990,-178.400,-1.570,-114.790,1,0.0069,-0.0110,0.0482,0
7187390,-0.088,-0.242,-0.025,-0.010,0.005,-0.002,14.850,-290.780,381.990,-178.400,-1.570,-114.790,1,0.0069,-0.0110,0.0482,0
7187484,-0.070,-0.267,0.042,-0.011,0.005,-0.006,14.850,-290.780,381.990,-178.400,-1.570,-114.790,1,0.0069,-0.0110,0.0482,0
7187562,-0.057,-0.271,0.020,-0.011,0.004,-0.005,14.850,-290.780,381.990,-178.400,-1.570,-114.790,1,0.0069,-0.0110,0.0482,0
7187640,-0.075,-0.249,-0.011,-0.010,0.005,-0.004,14.850,-290.780,381.990,-178.400,-1.570,-114.790,1,0.0069,-0.0110,0.0482,0
7187750,-0.060,-0.261,0.039,-0.011,0.005,-0.006,14.850,-290.780,381.990,-178.400,-1.570,-114.790,1,0.0069,-0.0110,0.0482,0
7187859,-0.066,-0.257,0.031,-0.011,0.005,-0.005,14.850,-290.780,381.990,-178.400,-1.570,-114.790,1,0.0069,-0.0110,0.0482,0
7188000,-0.077,-0.233,-0.037,-0.010,0.005,-0.002,14.850,-290.780,381.990,-178.400,-1.570,-114.790,1,0.0069,-0.0110,0.0482,0
7188046,-0.087,-0.235,-0.033,-0.010,0.005,-0.002,14.850,-290.780,381.990,-178.400,-1.570,-114.790,1,0.0069,-0.0110,0.0482,0
7188093,-0.064,-0.248,0.029,-0.010,0.005,-0.004,14.850,-290.780,381.990,-178.400,-1.570,-114.790,1,0.0069,-0.0110,0.0482,0
7188171,-0.075,-0.248,-0.007,-0.010,0.005,-0.003,14.850,-290.780,381.990,-178.400,-1.570,-114.790,1,0.0069,-0.0110,0.0482,0
7188312,-0.080,-0.253,-0.004,-0.010,0.005,-0.003,14.850,-290.780,381.990,-178.400,-1.570,-114.790,1,0.0069,-0.0110,0.0482,0
7188406,-0.078,-0.239,0.024,-0.010,0.005,-0.003,14.850,-290.780,381.990,-178.400,-1.570,-114.790,1,0.0069,-0.0110,0.0482,0
7188515,-0.090,-0.229,-0.042,-0.010,0.005,-0.002,14.850,-290.780,381.990,-178.400,-1.570,-114.790,1,0.0069,-0.0110,0.0482,0
7188593,-0.074,-0.237,0.002,-0.010,0.005,-0.004,14.850,-290.780,381.990,-178.400,-1.570,-114.790,1,0.0069,-0.0110,0.0482,0
7188687,-0.060,-0.237,0.016,-0.010,0.005,-0.005,14.850,-290.780,381.990,-178.400,-1.570,-114.790,1,0.0069,-0.0110,0.0482,0
7188765,-0.084,-0.237,-0.001,-0.010,0.005,-0.003,14.850,-290.780,381.990,-178.400,-1.570,-114.790,1,0.0069,-0.0110,0.0482,0
7188843,-0.082,-0.244,-0.000,-0.009,0.005,-0.003,14.850,-290.780,381.990,-178.400,-1.570,-114.790,1,0.0069,-0.0110,0.0482,0
7188953,-0.078,-0.251,0.005,-0.010,0.005,-0.003,14.850,-290.780,381.990,-178.400,-1.570,-114.790,1,0.0069,-0.0110,0.0482,0
7189062,-0.082,-0.250,0.007,-0.010,0.005,-0.003,14.850,-290.780,381.990,-178.400,-1.570,-114.790,1,0.0069,-0.0110,0.0482,0
7189203,-0.075,-0.248,0.004,-0.010,0.005,-0.003,14.850,-290.780,381.990,-178.400,-1.570,-114.790,1,0.0069,-0.0110,0.0482,0
7189250,-0.077,-0.248,0.008,-0.010,0.005,-0.003,14.850,-290.780,381.990,-178.400,-1.570,-114.790,1,0.0069,-0.0110,0.0482,0
7189296,-0.095,-0.241,-0.004,-0.009,0.005,-0.002,14.850,-290.780,381.990,-178.400,-1.570,-114.790,1,0.0069,-0.0110,0.0482,0
7189375,-0.099,-0.247,0.013,-0.009,0.005,-0.003,14.850,-290.780,381.990,-178.400,-1.570,-114.790,1,0.0069,-0.0110,0.0482,0
7189515,-0.084,-0.248,-0.002,-0.010,0.005,-0.003,14.850,-290.780,381.990,-178.400,-1.570,-114.790,1,0.0069,-0.0110,0.0482,0
7189609,-0.109,-0.253,0.007,-0.010,0.006,-0.003,14.850,-290.780,381.990,-178.400,-1.570,-114.790,1,0.0069,-0.0110,0.0482,0
7189718,-0.090,-0.233,0.023,-0.009,0.005,-0.003,14.850,-290.780,381.990,-178.400,-1.570,-114.790,1,0.0069,-0.0110,0.0482,0
7189796,-0.080,-0.252,0.009,-0.010,0.005,-0.004,14.850,-290.780,381.990,-178.400,-1.570,-114.790,1,0.0069,-0.0110,0.0482,0
7189890,-0.088,-0.234,0.046,-0.009,0.005,-0.004,14.850,-290.780,381.990,-178.400,-1.570,-114.790,1,0.0069,-0.0110,0.0482,0
7189968,-0.089,-0.239,0.003,-0.010,0.005,-0.004,14.850,-290.780,381.990,-178.400,-1.570,-114.790,1,0.0069,-0.0110,0.0482,0
7190046,-0.090,-0.242,0.004,-0.009,0.005,-0.002,14.850,-290.780,381.990,-178.400,-1.570,-114.790,1,0.0069,-0.0110,0.0482,0
7190156,-0.106,-0.260,0.012,-0.010,0.006,-0.002,14.850,-290.780,381.990,-178.400,-1.570,-114.790,1,0.0069,-0.0110,0.0482,0
7190265,-0.078,-0.236,-0.010,-0.010,0.005,-0.003,14.850,-290.780,381.990,-178.400,-1.570,-114.790,1,0.0069,-0.0110,0.0482,0
7190390,-0.088,-0.243,0.024,-0.010,0.005,-0.003,14.850,-290.780,381.990,-178.400,-1.570,-114.790,1,0.0069,-0.0110,0.0482,0
7190437,-0.085,-0.236,0.018,-0.010,0.006,-0.003,14.850,-290.780,381.990,-178.400,-1.570,-114.790,1,0.0069,-0.0110,0.0482,0
7190484,-0.079,-0.249,0.018,-0.010,0.005,-0.004,14.850,-290.780,381.990,-178.400,-1.570,-114.790,1,0.0069,-0.0110,0.0482,0
7190562,-0.085,-0.246,-0.008,-0.010,0.005,-0.003,14.850,-290.780,381.990,-178.400,-1.570,-114.790,1,0.0069,-0.0110,0.0482,0
7190703,-0.097,-0.246,0.019,-0.010,0.005,-0.003,14.850,-290.780,381.990,-178.400,-1.570,-114.790,1,0.0069,-0.0110,0.0482,0
7190796,-0.110,-0.250,0.035,-0.010,0.006,-0.003,14.850,-290.780,381.990,-178.400,-1.570,-114.790,1,0.0069,-0.0110,0.0482,0
7190906,-0.101,-0.254,0.031,-0.010,0.005,-0.004,14.850,-290.780,381.990,-178.400,-1.570,-114.790,1,0.0069,-0.0110,0.0482,0
7190984,-0.122,-0.259,0.007,-0.010,0.007,-0.003,14.850,-290.780,381.990,-178.400,-1.570,-114.790,1,0.0069,-0.0110,0.0482,0
7191078,-0.089,-0.240,0.017,-0.010,0.006,-0.004,14.850,-290.780,381.990,-178.400,-1.570,-114.790,1,0.0069,-0.0110,0.0482,0
7191156,-0.094,-0.231,0.029,-0.010,0.006,-0.004,14.850,-290.780,381.990,-178.400,-1.570,-114.790,1,0.0069,-0.0110,0.0482,0
7191234,-0.108,-0.224,0.004,-0.009,0.005,-0.002,14.850,-290.780,381.990,-178.400,-1.570,-114.790,1,0.0069,-0.0110,0.0482,0
7191343,-0.089,-0.255,-0.009,-0.011,0.005,-0.004,14.850,-290.780,381.990,-178.400,-1.570,-114.790,1,0.0069,-0.0110,0.0482,0
7191453,-0.089,-0.253,-0.003,-0.010,0.006,-0.004,14.850,-290.780,381.990,-178.400,-1.570,-114.790,1,0.0069,-0.0110,0.0482,0
7191593,-0.087,-0.244,0.012,-0.010,0.005,-0.004,14.850,-290.780,381.990,-178.400,-1.570,-114.790,1,0.0069,-0.0110,0.0482,0
7191640,-0.102,-0.244,-0.005,-0.010,0.006,-0.003,14.850,-290.780,381.990,-178.400,-1.570,-114.790,1,0.0069,-0.0110,0.0482,0
7191687,-0.092,-0.248,-0.003,-0.010,0.005,-0.003,14.850,-290.780,381.990,-178.400,-1.570,-114.790,1,0.0069,-0.0110,0.0482,0
7191765,-0.084,-0.245,0.009,-0.011,0.005,-0.004,14.850,-290.780,381.990,-178.400,-1.570,-114.790,1,0.0069,-0.0110,0.0482,0
7191906,-0.080,-0.249,0.047,-0.010,0.005,-0.004,14.850,-290.780,381.990,-178.400,-1.570,-114.790,1,0.0069,-0.0110,0.0482,0
7192000,-0.085,-0.248,0.004,-0.011,0.005,-0.004,14.850,-290.780,381.990,-178.400,-1.570,-114.790,1,0.0069,-0.0110,0.0482,0
7192109,-0.082,-0.256,0.026,-0.011,0.005,-0.005,14.850,-290.780,381.990,-178.400,-1.570,-114.790,1,0.0069,-0.0110,0.0482,0
7192187,-0.087,-0.259,0.034,-0.011,0.006,-0.005,14.850,-290.780,381.990,-178.400,-1.570,-114.790,1,0.0069,-0.0110,0.0482,0
7192281,-0.078,-0.246,0.002,-0.010,0.005,-0.004,14.850,-290.780,381.990,-178.400,-1.570,-114.790,1,0.0069,-0.0110,0.0482,0
7192359,-0.085,-0.263,0.035,-0.011,0.005,-0.005,14.850,-290.780,381.990,-178.400,-1.570,-114.790,1,0.0069,-0.0110,0.0482,0
7192437,-0.089,-0.257,0.062,-0.010,0.005,-0.005,14.850,-290.780,381.990,-178.400,-1.570,-114.790,1,0.0069,-0.0110,0.0482,0
7192546,-0.076,-0.240,-0.003,-0.010,0.005,-0.004,14.850,-290.780,381.990,-178.400,-1.570,-114.790,1,0.0069,-0.0110,0.0482,0
7192656,-0.090,-0.252,0.005,-0.011,0.005,-0.004,14.850,-290.780,381.990,-178.400,-1.570,-114.790,1,0.0069,-0.0110,0.0482,0
7192796,-0.084,-0.248,0.058,-0.010,0.005,-0.005,14.850,-290.780,381.990,-178.400,-1.570,-114.790,1,0.0069,-0.0110,0.0482,0
7192843,-0.086,-0.251,0.039,-0.010,0.005,-0.005,14.850,-290.780,381.990,-178.400,-1.570,-114.790,1,0.0069,-0.0110,0.0482,0
7192890,-0.082,-0.255,0.018,-0.010,0.005,-0.004,14.850,-290.780,381.990,-178.400,-1.570,-114.790,1,0.0069,-0.0110,0.0482,0
7192968,-0.079,-0.253,-0.027,-0.010,0.005,-0.003,14.850,-290.780,381.990,-178.400,-1.570,-114.790,1,0.0069,-0.0110,0.0482,0
7193109,-0.070,-0.248,0.007,-0.011,0.005,-0.004,14.850,-290.780,381.990,-178.400,-1.570,-114.790,1,0.0069,-0.0110,0.0482,0
7193203,-0.065,-0.249,0.013,-0.010,0.005,-0.004,14.850,-290.780,381.990,-178.400,-1.570,-114.790,1,0.0069,-0.0110,0.0482,0
7193312,-0.067,-0.276,-0.049,-0.011,0.004,-0.003,14.850,-290.780,381.990,-178.400,-1.570,-114.790,1,0.0069,-0.0110,0.0482,0
7193390,-0.061,-0.268,0.048,-0.011,0.005,-0.006,14.850,-290.780,381.990,-178.400,-1.570,-114.790,1,0.0069,-0.0110,0.0482,0
7193484,-0.080,-0.248,0.037,-0.010,0.005,-0.005,14.850,-290.780,381.990,-178.400,-1.570,-114.790,1,0.0069,-0.0110,0.0482,0
7193562,-0.080,-0.256,0.017,-0.010,0.005,-0.004,14.850,-290.780,381.990,-178.400,-1.570,-114.790,1,0.0069,-0.0110,0.0482,0
7193640,-0.090,-0.240,-0.028,-0.010,0.005,-0.002,14.850,-290.780,381.990,-178.400,-1.570,-114.790,1,0.0069,-0.0110,0.0482,0
7193750,-0.064,-0.249,0.034,-0.011,0.005,-0.006,14.850,-290.780,381.990,-178.400,-1.570,-114.790,1,0.0069,-0.0110,0.0482,0
7193859,-0.072,-0.251,0.024,-0.010,0.005,-0.005,14.850,-290.780,381.990,-178.400,-1.570,-114.790,1,0.0069,-0.0110,0.0482,0
7194000,-0.083,-0.235,-0.022,-0.009,0.005,-0.002,14.850,-290.780,381.990,-178.400,-1.570,-114.790,1,0.0069,-0.0110,0.0482,0
7194046,-0.083,-0.253,0.011,-0.010,0.005,-0.004,14.850,-290.780,381.990,-178.400,-1.570,-114.790,1,0.0069,-0.0110,0.0482,0
7194093,-0.080,-0.259,0.037,-0.010,0.005,-0.005,14.850,-290.780,381.990,-178.400,-1.570,-114.790,1,0.0069,-0.0110,0.0482,0
7194171,-0.072,-0.266,0.039,-0.011,0.005,-0.006,14.850,-290.780,381.990,-178.400,-1.570,-114.790,1,0.0069,-0.0110,0.0482,0
7194312,-0.084,-0.251,-0.004,-0.010,0.005,-0.003,14.850,-290.780,381.990,-178.400,-1.570,-114.790,1,0.0069,-0.0110,0.0482,0
7194406,-0.087,-0.249,-0.001,-0.010,0.006,-0.003,14.850,-290.780,381.990,-178.400,-1.570,-114.790,1,0.0069,-0.0110,0.0482,0
7194515,-0.063,-0.254,0.010,-0.010,0.005,-0.005,14.850,-290.780,381.990,-178.400,-1.570,-114.790,1,0.0069,-0.0110,0.0482,0
7194593,-0.065,-0.241,-0.010,-0.010,0.004,-0.004,14.850,-290.780,381.990,-178.400,-1.570,-114.790,1,0.0069,-0.0110,0.0482,0
7194687,-0.094,-0.258,-0.000,-0.010,0.006,-0.003,14.850,-290.780,381.990,-178.400,-1.570,-114.790,1,0.0069,-0.0110,0.0482,0
7194765,-0.083,-0.258,0.017,-0.010,0.005,-0.004,14.850,-290.780,381.990,-178.400,-1.570,-114.790,1,0.0069,-0.0110,0.0482,0
7194843,-0.083,-0.268,0.004,-0.011,0.005,-0.004,14.850,-290.780,381.990,-178.400,-1.570,-114.790,1,0.0069,-0.0110,0.0482,0
7194953,-0.092,-0.247,-0.007,-0.010,0.006,-0.003,14.850,-290.780,381.990,-178.400,-1.570,-114.790,1,0.0069,-0.0110,0.0482,0
7195062,-0.101,-0.243,-0.001,-0.009,0.006,-0.002,14.850,-290.780,381.990,-178.400,-1.570,-114.790,1,0.0069,-0.0110,0.0482,0
7195203,-0.078,-0.255,0.020,-0.010,0.005,-0.004,14.850,-290.780,381.990,-178.400,-1.570,-114.790,1,0.0069,-0.0110,0.0482,0
7195250,-0.077,-0.252,-0.004,-0.010,0.005,-0.003,14.850,-290.780,381.990,-178.400,-1.570,-114.790,1,0.0069,-0.0110,0.0482,0
7195296,-0.079,-0.252,-0.010,-0.010,0.005,-0.003,14.850,-290.780,381.990,-178.400,-1.570,-114.790,1,0.0069,-0.0110,0.0482,0
7195375,-0.110,-0.243,-0.037,-0.010,0.006,-0.002,14.850,-290.780,381.990,-178.400,-1.570,-114.790,1,0.0069,-0.0110,0.0482,0
7195515,-0.091,-0.257,0.015,-0.010,0.006,-0.004,14.850,-290.780,381.990,-178.400,-1.570,-114.790,1,0.0069,-0.0110,0.0482,0
7195609,-0.099,-0.242,-0.001,-0.009,0.006,-0.002,14.850,-290.780,381.990,-178.400,-1.570,-114.790,1,0.0069,-0.0110,0.0482,0
7195718,-0.076,-0.258,0.027,-0.011,0.005,-0.005,14.850,-290.780,381.990,-178.400,-1.570,-114.790,1,0.0069,-0.0110,0.0482,0
7195796,-0.086,-0.255,0.004,-0.010,0.005,-0.003,14.850,-290.780,381.990,-178.400,-1.570,-114.790,1,0.0069,-0.0110,0.0482,0
7195890,-0.101,-0.254,0.013,-0.010,0.006,-0.003,14.850,-290.780,381.990,-178.400,-1.570,-114.790,1,0.0069,-0.0110,0.0482,0
7195968,-0.118,-0.255,0.009,-0.009,0.006,-0.001,14.850,-290.780,381.990,-178.400,-1.570,-114.790,1,0.0069,-0.0110,0.0482,0
7196046,-0.093,-0.257,0.011,-0.011,0.006,-0.004,14.850,-290.780,381.990,-178.400,-1.570,-114.790,1,0.0069,-0.0110,0.0482,0
7196156,-0.098,-0.271,0.056,-0.011,0.006,-0.005,14.850,-290.780,381.990,-178.400,-1.570,-114.790,1,0.0069,-0.0110,0.0482,0
7196265,-0.107,-0.244,-0.017,-0.009,0.006,-0.002,14.850,-290.780,381.990,-178.400,-1.570,-114.790,1,0.0069,-0.0110,0.0482,0
7196406,-0.107,-0.243,-0.005,-0.010,0.006,-0.003,14.850,-290.780,381.990,-178.400,-1.570,-114.790,1,0.0069,-0.0110,0.0482,0
7196453,-0.094,-0.252,0.008,-0.010,0.006,-0.004,14.850,-290.780,381.990,-178.400,-1.570,-114.790,1,0.0069,-0.0110,0.0482,0
7196500,-0.108,-0.244,0.029,-0.010,0.006,-0.003,14.850,-290.780,381.990,-178.400,-1.570,-114.790,1,0.0069,-0.0110,0.0482,0
7196578,-0.105,-0.256,0.033,-0.010,0.006,-0.003,14.850,-290.780,381.990,-178.400,-1.570,-114.790,1,0.0069,-0.0110,0.0482,0
7196718,-0.105,-0.257,0.009,-0.010,0.006,-0.003,14.850,-290.780,381.990,-178.400,-1.570,-114.790,1,0.0069,-0.0110,0.0482,0
7196812,-0.125,-0.262,0.032,-0.010,0.006,-0.004,14.850,-290.780,381.990,-178.400,-1.570,-114.790,1,0.0069,-0.0110,0.0482,0
7196921,-0.147,-0.255,0.016,-0.009,0.006,-0.004,14.850,-290.780,381.990,-178.400,-1.570,-114.790,1,0.0069,-0.0110,0.0482,0
7197000,-0.086,-0.265,0.004,-0.011,0.005,-0.004,14.850,-290.780,381.990,-178.400,-1.570,-114.790,1,0.0069,-0.0110,0.0482,0
7197093,-0.092,-0.253,-0.004,-0.010,0.005,-0.003,14.850,-290.780,381.990,-178.400,-1.570,-114.790,1,0.0069,-0.0110,0.0482,0
7197171,-0.102,-0.256,-0.003,-0.010,0.006,-0.003,14.850,-290.780,381.990,-178.400,-1.570,-114.790,1,0.0069,-0.0110,0.0482,0
7197250,-0.096,-0.258,0.004,-0.010,0.005,-0.004,14.850,-290.780,381.990,-178.400,-1.570,-114.790,1,0.0069,-0.0110,0.0482,0
7197359,-0.100,-0.272,0.032,-0.011,0.006,-0.004,14.850,-290.780,381.990,-178.400,-1.570,-114.790,1,0.0069,-0.0110,0.0482,0
7197468,-0.111,-0.270,0.027,-0.011,0.006,-0.003,14.850,-290.780,381.990,-178.400,-1.570,-114.790,1,0.0069,-0.0110,0.0482,0
7197609,-0.090,-0.246,0.001,-0.011,0.005,-0.004,14.850,-290.780,381.990,-178.400,-1.570,-114.790,1,0.0069,-0.0110,0.0482,0
7197656,-0.092,-0.258,0.007,-0.010,0.006,-0.004,14.850,-290.780,381.990,-178.400,-1.570,-114.790,1,0.0069,-0.0110,0.0482,0
7197703,-0.089,-0.244,0.014,-0.010,0.006,-0.003,14.850,-290.780,381.990,-178.400,-1.570,-114.790,1,0.0069,-0.0110,0.0482,0
7197781,-0.083,-0.248,0.051,-0.010,0.005,-0.004,14.850,-290.780,381.990,-178.400,-1.570,-114.790,1,0.0069,-0.0110,0.0482,0
7197921,-0.097,-0.262,-0.004,-0.011,0.006,-0.004,14.850,-290.780,381.990,-178.400,-1.570,-114.790,1,0.0069,-0.0110,0.0482,0
7198015,-0.106,-0.268,0.046,-0.011,0.006,-0.004,14.850,-290.780,381.990,-178.400,-1.570,-114.790,1,0.0069,-0.0110,0.0482,0
7198125,-0.100,-0.269,0.052,-0.011,0.006,-0.005,14.850,-290.780,381.990,-178.400,-1.570,-114.790,1,0.0069,-0.0110,0.0482,0
7198203,-0.091,-0.260,-0.001,-0.011,0.006,-0.004,14.850,-290.780,381.990,-178.400,-1.570,-114.790,1,0.0069,-0.0110,0.0482,0
7198296,-0.085,-0.262,0.004,-0.011,0.005,-0.004,14.850,-290.780,381.990,-178.400,-1.570,-114.790,1,0.0069,-0.0110,0.0482,0
7198375,-0.100,-0.267,0.029,-0.011,0.006,-0.005,14.850,-290.780,381.990,-178.400,-1.570,-114.790,1,0.0069,-0.0110,0.0482,0
7198453,-0.104,-0.249,0.011,-0.010,0.006,-0.003,14.850,-290.780,381.990,-178.400,-1.570,-114.790,1,0.0069,-0.0110,0.0482,0
7198562,-0.094,-0.258,0.000,-0.010,0.006,-0.004,14.850,-290.780,381.990,-178.400,-1.570,-114.790,1,0.0069,-0.0110,0.0482,0
7198671,-0.096,-0.271,0.030,-0.011,0.006,-0.005,14.850,-290.780,381.990,-178.400,-1.570,-114.790,1,0.0069,-0.0110,0.0482,0
7198812,-0.088,-0.277,0.061,-0.011,0.006,-0.005,14.850,-290.780,381.990,-178.400,-1.570,-114.790,1,0.0069,-0.0110,0.0482,0
7198859,-0.089,-0.264,0.000,-0.010,0.005,-0.003,14.850,-290.780,381.990,-178.400,-1.570,-114.790,1,0.0069,-0.0110,0.0482,0
7198906,-0.083,-0.257,-0.001,-0.011,0.005,-0.004,14.850,-290.780,381.990,-178.400,-1.570,-114.790,1,0.0069,-0.0110,0.0482,0
7198984,-0.088,-0.239,-0.036,-0.011,0.005,-0.004,14.850,-290.780,381.990,-178.400,-1.570,-114.790,1,0.0069,-0.0110,0.0482,0
7199125,-0.079,-0.273,0.061,-0.011,0.006,-0.006,14.850,-290.780,381.990,-178.400,-1.570,-114.790,1,0.0069,-0.0110,0.0482,0
7199218,-0.081,-0.264,0.053,-0.011,0.006,-0.005,14.850,-290.780,381.990,-178.400,-1.570,-114.790,1,0.0069,-0.0110,0.0482,0
7199328,-0.097,-0.264,0.013,-0.010,0.005,-0.004,14.850,-290.780,381.990,-178.400,-1.570,-114.790,1,0.0069,-0.0110,0.0482,0
7199406,-0.095,-0.257,-0.013,-0.011,0.005,-0.004,14.850,-290.780,381.990,-178.400,-1.570,-114.790,1,0.0069,-0.0110,0.0482,0
7199500,-0.091,-0.271,0.050,-0.011,0.005,-0.005,14.850,-290.780,381.990,-178.400,-1.570,-114.790,1,0.0069,-0.0110,0.0482,0
7199578,-0.100,-0.253,-0.020,-0.010,0.006,-0.003,14.850,-290.780,381.990,-178.400,-1.570,-114.790,1,0.0069,-0.0110,0.0482,0
7199656,-0.096,-0.258,0.015,-0.010,0.006,-0.004,14.850,-290.780,381.990,-178.400,-1.570,-114.790,1,0.0069,-0.0110,0.0482,0
7199765,-0.087,-0.254,0.009,-0.011,0.005,-0.003,14.850,-290.780,381.990,-178.400,-1.570,-114.790,1,0.0069,-0.0110,0.0482,0
7199875,-0.074,-0.245,-0.005,-0.010,0.005,-0.003,14.850,-290.780,381.990,-178.400,-1.570,-114.790,1,0.0069,-0.0110,0.0482,0
7200015,-0.086,-0.278,0.028,-0.011,0.005,-0.005,14.850,-290.780,381.990,-178.400,-1.570,-114.790,1,0.0069,-0.0110,0.0482,0
7200062,-0.097,-0.277,-0.039,-0.011,0.006,-0.003,14.850,-290.780,381.990,-178.400,-1.570,-114.790,1,0.0069,-0.0110,0.0482,0
7200109,-0.105,-0.262,-0.059,-0.010,0.006,-0.002,14.850,-290.780,381.990,-178.400,-1.570,-114.790,1,0.0069,-0.0110,0.0482,0
7200187,-0.080,-0.275,-0.012,-0.011,0.005,-0.003,14.850,-290.780,381.990,-178.400,-1.570,-114.790,1,0.0069,-0.0110,0.0482,0
7200328,-0.092,-0.260,0.005,-0.010,0.005,-0.003,14.850,-290.780,381.990,-178.400,-1.570,-114.790,1,0.0069,-0.0110,0.0482,0
7200421,-0.090,-0.260,0.004,-0.010,0.005,-0.003,14.850,-290.780,381.990,-178.400,-1.570,-114.790,1,0.0069,-0.0110,0.0482,0
7200531,-0.089,-0.254,0.019,-0.010,0.006,-0.004,14.850,-290.780,381.990,-178.400,-1.570,-114.790,1,0.0069,-0.0110,0.0482,0
7200609,-0.096,-0.271,0.025,-0.011,0.006,-0.005,14.850,-290.780,381.990,-178.400,-1.570,-114.790,1,0.0069,-0.0110,0.0482,0
7200703,-0.103,-0.270,-0.011,-0.010,0.006,-0.004,14.850,-290.780,381.990,-178.400,-1.570,-114.790,1,0.0069,-0.0110,0.0482,0
7200781,-0.085,-0.273,0.067,-0.010,0.005,-0.006,14.850,-290.780,381.990,-178.400,-1.570,-114.790,1,0.0069,-0.0110,0.0482,0
7200859,-0.082,-0.275,0.049,-0.011,0.005,-0.006,14.850,-290.780,381.990,-178.400,-1.570,-114.790,1,0.0069,-0.0110,0.0482,0
7200968,-0.108,-0.253,-0.040,-0.010,0.006,-0.001,14.850,-290.780,381.990,-178.400,-1.570,-114.790,1,0.0069,-0.0110,0.0482,0
7201078,-0.093,-0.254,-0.018,-0.010,0.006,-0.003,14.850,-290.780,381.990,-178.400,-1.570,-114.790,1,0.0069,-0.0110,0.0482,0
7201218,-0.077,-0.268,0.038,-0.011,0.005,-0.005,14.850,-290.780,381.990,-178.400,-1.570,-114.790,1,0.0069,-0.0110,0.0482,0
7201265,-0.081,-0.266,0.032,-0.011,0.005,-0.004,14.850,-290.780,381.990,-178.400,-1.570,-114.790,1,0.0069,-0.0110,0.0482,0
7201312,-0.108,-0.270,-0.000,-0.010,0.006,-0.003,14.850,-290.780,381.990,-178.400,-1.570,-114.790,1,0.0069,-0.0110,0.0482,0
7201390,-0.103,-0.277,-0.004,-0.010,0.006,-0.003,14.850,-290.780,381.990,-178.400,-1.570,-114.790,1,0.0069,-0.0110,0.0482,0
7201531,-0.090,-0.278,0.038,-0.011,0.006,-0.005,14.850,-290.780,381.990,-178.400,-1.570,-114.790,1,0.0069,-0.0110,0.0482,0
7201625,-0.116,-0.255,-0.008,-0.010,0.006,-0.002,14.850,-290.780,381.990,-178.400,-1.570,-114.790,1,0.0069,-0.0110,0.0482,0
7201734,-0.127,-0.256,-0.001,-0.010,0.007,-0.002,14.850,-290.780,381.990,-178.400,-1.570,-114.790,1,0.0069,-0.0110,0.0482,0
7201812,-0.092,-0.275,0.018,-0.010,0.005,-0.004,14.850,-290.780,381.990,-178.400,-1.570,-114.790,1,0.0069,-0.0110,0.0482,0
7201906,-0.129,-0.257,-0.046,-0.010,0.006,-0.001,14.850,-290.780,381.990,-178.400,-1.570,-114.790,1,0.0069,-0.0110,0.0482,0
7201984,-0.118,-0.263,-0.012,-0.009,0.006,-0.002,14.850,-290.780,381.990,-178.400,-1.570,-114.790,1,0.0069,-0.0110,0.0482,0
7202062,-0.104,-0.282,0.012,-0.011,0.006,-0.004,14.850,-290.780,381.990,-178.400,-1.570,-114.790,1,0.0069,-0.0110,0.0482,0
7202171,-0.098,-0.272,0.021,-0.011,0.005,-0.005,14.850,-290.780,381.990,-178.400,-1.570,-114.790,1,0.0069,-0.0110,0.0482,0
7202281,-0.118,-0.253,-0.007,-0.010,0.006,-0.002,14.850,-290.780,381.990,-178.400,-1.570,-114.790,1,0.0069,-0.0110,0.0482,0
7202421,-0.095,-0.265,0.021,-0.010,0.006,-0.004,14.850,-290.780,381.990,-178.400,-1.570,-114.790,1,0.0069,-0.0110,0.0482,0
7202468,-0.095,-0.265,-0.002,-0.011,0.006,-0.004,14.850,-290.780,381.990,-178.400,-1.570,-114.790,1,0.0069,-0.0110,0.0482,0
7202515,-0.119,-0.276,0.012,-0.010,0.006,-0.002,14.850,-290.780,381.990,-178.400,-1.570,-114.790,1,0.0069,-0.0110,0.0482,0
7202593,-0.113,-0.270,-0.003,-0.010,0.006,-0.003,14.850,-290.780,381.990,-178.400,-1.570,-114.790,1,0.0069,-0.0110,0.0482,0
7202734,-0.113,-0.277,0.027,-0.011,0.006,-0.004,14.850,-290.780,381.990,-178.400,-1.570,-114.790,1,0.0069,-0.0110,0.0482,0
7202828,-0.123,-0.261,-0.008,-0.009,0.006,-0.002,14.850,-290.780,381.990,-178.400,-1.570,-114.790,1,0.0069,-0.0110,0.0482,0
7202937,-0.101,-0.270,0.016,-0.011,0.006,-0.004,14.850,-290.780,381.990,-178.400,-1.570,-114.790,1,0.0069,-0.0110,0.0482,0
7203015,-0.115,-0.259,0.017,-0.010,0.006,-0.002,14.850,-290.780,381.990,-178.400,-1.570,-114.790,1,0.0069,-0.0110,0.0482,0
7203109,-0.129,-0.255,-0.013,-0.010,0.006,-0.001,14.850,-290.780,381.990,-178.400,-1.570,-114.790,1,0.0069,-0.0110,0.0482,0
7203187,-0.109,-0.268,0.040,-0.010,0.006,-0.004,14.850,-290.780,381.990,-178.400,-1.570,-114.790,1,0.0069,-0.0110,0.0482,0
7203265,-0.110,-0.273,0.015,-0.010,0.006,-0.004,14.850,-290.780,381.990,-178.400,-1.570,-114.790,1,0.0069,-0.0110,0.0482,0
7203375,-0.101,-0.271,-0.015,-0.011,0.006,-0.003,14.850,-290.780,381.990,-178.400,-1.570,-114.790,1,0.0069,-0.0110,0.0482,0
7203484,-0.128,-0.286,0.057,-0.010,0.006,-0.005,14.850,-290.780,381.990,-178.400,-1.570,-114.790,1,0.0069,-0.0110,0.0482,0
7203640,-0.098,-0.275,0.005,-0.011,0.006,-0.004,14.850,-290.780,381.990,-178.400,-1.570,-114.790,1,0.0069,-0.0110,0.0482,0
7203687,-0.104,-0.278,-0.008,-0.011,0.006,-0.003,14.850,-290.780,381.990,-178.400,-1.570,-114.790,1,0.0069,-0.0110,0.0482,0
7203734,-0.114,-0.261,0.020,-0.010,0.006,-0.003,14.850,-290.780,381.990,-178.400,-1.570,-114.790,1,0.0069,-0.0110,0.0482,0
7203812,-0.124,-0.257,0.026,-0.010,0.007,-0.004,14.850,-290.780,381.990,-178.400,-1.570,-114.790,1,0.0069,-0.0110,0.0482,0
7203953,-0.110,-0.270,0.040,-0.010,0.006,-0.004,14.850,-290.780,381.990,-178.400,-1.570,-114.790,1,0.0069,-0.0110,0.0482,0
7204046,-0.119,-0.284,0.015,-0.011,0.006,-0.003,14.850,-290.780,381.990,-178.400,-1.570,-114.790,1,0.0069,-0.0110,0.0482,0
7204156,-0.115,-0.287,0.018,-0.011,0.006,-0.004,14.850,-290.780,381.990,-178.400,-1.570,-114.790,1,0.0069,-0.0110,0.0482,0
7204234,-0.128,-0.283,0.000,-0.011,0.006,-0.002,14.850,-290.780,381.990,-178.400,-1.570,-114.790,1,0.0069,-0.0110,0.0482,0
7204328,-0.103,-0.275,-0.005,-0.011,0.006,-0.003,14.850,-290.780,381.990,-178.400,-1.570,-114.790,1,0.0069,-0.0110,0.0482,0
7204406,-0.102,-0.267,0.057,-0.010,0.006,-0.004,14.850,-290.780,381.990,-178.400,-1.570,-114.790,1,0.0069,-0.0110,0.0482,0
7204484,-0.105,-0.278,0.044,-0.011,0.006,-0.004,14.850,-290.780,381.990,-178.400,-1.570,-114.790,1,0.0069,-0.0110,0.0482,0
7204593,-0.100,-0.273,-0.015,-0.011,0.006,-0.004,14.850,-290.780,381.990,-178.400,-1.570,-114.790,1,0.0069,-0.0110,0.0482,0
7204703,-0.115,-0.276,0.004,-0.011,0.006,-0.004,14.850,-290.780,381.990,-178.400,-1.570,-114.790,1,0.0069,-0.0110,0.0482,0
7204843,-0.118,-0.283,0.023,-0.010,0.006,-0.004,14.850,-290.780,381.990,-178.400,-1.570,-114.790,1,0.0069,-0.0110,0.0482,0
7204890,-0.099,-0.270,0.014,-0.011,0.006,-0.004,14.850,-290.780,381.990,-178.400,-1.570,-114.790,1,0.0069,-0.0110,0.0482,0
7204937,-0.103,-0.268,0.015,-0.011,0.006,-0.003,14.850,-290.780,381.990,-178.400,-1.570,-114.790,1,0.0069,-0.0110,0.0482,0
7205015,-0.103,-0.255,0.049,-0.011,0.006,-0.004,14.850,-290.780,381.990,-178.400,-1.570,-114.790,1,0.0069,-0.0110,0.0482,0
7205156,-0.107,-0.278,0.015,-0.011,0.006,-0.004,14.850,-290.780,381.990,-178.400,-1.570,-114.790,1,0.0069,-0.0110,0.0482,0
7205250,-0.102,-0.280,-0.002,-0.011,0.006,-0.004,14.850,-290.780,381.990,-178.400,-1.570,-114.790,1,0.0069,-0.0110,0.0482,0
7205359,-0.110,-0.282,0.027,-0.011,0.006,-0.005,14.850,-290.780,381.990,-178.400,-1.570,-114.790,1,0.0069,-0.0110,0.0482,0
7205437,-0.108,-0.280,0.019,-0.011,0.006,-0.004,14.850,-290.780,381.990,-178.400,-1.570,-114.790,1,0.0069,-0.0110,0.0482,0
7205531,-0.111,-0.280,0.027,-0.011,0.006,-0.004,14.850,-290.780,381.990,-178.400,-1.570,-114.790,1,0.0069,-0.0110,0.0482,0
7205609,-0.120,-0.278,0.047,-0.011,0.006,-0.005,14.850,-290.780,381.990,-178.400,-1.570,-114.790,1,0.0069,-0.0110,0.0482,0
7205687,-0.098,-0.288,0.013,-0.011,0.006,-0.004,14.850,-290.780,381.990,-178.400,-1.570,-114.790,1,0.0069,-0.0110,0.0482,0
7205796,-0.108,-0.276,-0.017,-0.011,0.006,-0.004,14.850,-290.780,381.990,-178.400,-1.570,-114.790,1,0.0069,-0.0110,0.0482,0
7205890,-0.102,-0.276,-0.003,-0.011,0.006,-0.004,14.850,-290.780,381.990,-178.400,-1.570,-114.790,1,0.0069,-0.0110,0.0482,0
7206031,-0.101,-0.267,-0.009,-0.010,0.006,-0.003,14.850,-290.780,381.990,-178.400,-1.570,-114.790,1,0.0069,-0.0110,0.0482,0
7206078,-0.099,-0.282,0.030,-0.011,0.005,-0.004,14.850,-290.780,381.990,-178.400,-1.570,-114.790,1,0.0069,-0.0110,0.0482,0
7206125,-0.092,-0.281,0.049,-0.011,0.005,-0.005,14.850,-290.780,381.990,-178.400,-1.570,-114.790,1,0.0069,-0.0110,0.0482,0
7206203,-0.091,-0.265,-0.005,-0.011,0.006,-0.004,14.850,-290.780,381.990,-178.400,-1.570,-114.790,1,0.0069,-0.0110,0.0482,0
7206343,-0.099,-0.262,-0.000,-0.010,0.005,-0.003,14.850,-290.780,381.990,-178.400,-1.570,-114.790,1,0.0069,-0.0110,0.0482,0
7206453,-0.096,-0.282,0.042,-0.011,0.006,-0.005,14.850,-290.780,381.990,-178.400,-1.570,-114.790,1,0.0069,-0.0110,0.0482,0
7206562,-0.087,-0.276,0.057,-0.011,0.005,-0.006,14.850,-290.780,381.990,-178.400,-1.570,-114.790,1,0.0069,-0.0110,0.0482,0
7206625,-0.096,-0.276,-0.057,-0.011,0.005,-0.003,14.850,-290.780,381.990,-178.400,-1.570,-114.790,1,0.0069,-0.0110,0.0482,0
7206734,-0.100,-0.267,-0.028,-0.010,0.006,-0.002,14.850,-290.780,381.990,-178.400,-1.570,-114.790,1,0.0069,-0.0110,0.0482,0
7206812,-0.092,-0.271,0.020,-0.010,0.006,-0.004,14.850,-290.780,381.990,-178.400,-1.570,-114.790,1,0.0069,-0.0110,0.0482,0
7206890,-0.098,-0.271,0.017,-0.011,0.006,-0.004,14.850,-290.780,381.990,-178.400,-1.570,-114.790,1,0.0069,-0.0110,0.0482,0
7207000,-0.093,-0.271,0.011,-0.011,0.005,-0.004,14.850,-290.780,381.990,-178.400,-1.570,-114.790,1,0.0069,-0.0110,0.0482,0
7207109,-0.096,-0.270,0.022,-0.010,0.005,-0.004,14.850,-290.780,381.990,-178.400,-1.570,-114.790,1,0.0069,-0.0110,0.0482,0
7207250,-0.088,-0.283,0.001,-0.011,0.005,-0.004,14.850,-290.780,381.990,-178.400,-1.570,-114.790,1,0.0069,-0.0110,0.0482,0
7207296,-0.096,-0.275,0.006,-0.010,0.006,-0.004,14.850,-290.780,381.990,-178.400,-1.570,-114.790,1,0.0069,-0.0110,0.0482,0
7207343,-0.104,-0.273,-0.028,-0.010,0.006,-0.003,14.850,-290.780,381.990,-178.400,-1.570,-114.790,1,0.0069,-0.0110,0.0482,0
7207421,-0.095,-0.277,-0.037,-0.011,0.005,-0.003,14.850,-290.780,381.990,-178.400,-1.570,-114.790,1,0.0069,-0.0110,0.0482,0
7207562,-0.106,-0.254,-0.016,-0.010,0.006,-0.003,14.850,-290.780,381.990,-178.400,-1.570,-114.790,1,0.0069,-0.0110,0.0482,0
7207656,-0.102,-0.259,-0.002,-0.010,0.006,-0.003,14.850,-290.780,381.990,-178.400,-1.570,-114.790,1,0.0069,-0.0110,0.0482,0
7207765,-0.086,-0.268,0.040,-0.011,0.005,-0.006,14.850,-290.780,381.990,-178.400,-1.570,-114.790,1,0.0069,-0.0110,0.0482,0
7207843,-0.085,-0.237,-0.037,-0.010,0.005,-0.003,14.850,-290.780,381.990,-178.400,-1.570,-114.790,1,0.0069,-0.0110,0.0482,0
7207937,-0.105,-0.274,-0.000,-0.011,0.006,-0.003,14.850,-290.780,381.990,-178.400,-1.570,-114.790,1,0.0069,-0.0110,0.0482,0
7208015,-0.092,-0.285,0.015,-0.011,0.005,-0.004,14.850,-290.780,381.990,-178.400,-1.570,-114.790,1,0.0069,-0.0110,0.0482,0
7208093,-0.092,-0.285,0.022,-0.011,0.005,-0.006,14.850,-290.780,381.990,-178.400,-1.570,-114.790,1,0.0069,-0.0110,0.0482,0
7208203,-0.102,-0.264,-0.029,-0.010,0.006,-0.003,14.850,-290.780,381.990,-178.400,-1.570,-114.790,1,0.0069,-0.0110,0.0482,0
7208312,-0.099,-0.267,-0.022,-0.010,0.006,-0.003,14.850,-290.780,381.990,-178.400,-1.570,-114.790,1,0.0069,-0.0110,0.0482,0
7208453,-0.108,-0.262,-0.007,-0.010,0.006,-0.002,14.850,-290.780,381.990,-178.400,-1.570,-114.790,1,0.0069,-0.0110,0.0482,0
7208500,-0.102,-0.257,-0.021,-0.010,0.005,-0.002,14.850,-290.780,381.990,-178.400,-1.570,-114.790,1,0.0069,-0.0110,0.0482,0
7208546,-0.106,-0.256,-0.021,-0.010,0.006,-0.002,14.850,-290.780,381.990,-178.400,-1.570,-114.790,1,0.0069,-0.0110,0.0482,0
7208625,-0.101,-0.269,-0.002,-0.010,0.006,-0.003,14.850,-290.780,381.990,-178.400,-1.570,-114.790,1,0.0069,-0.0110,0.0482,0
7208765,-0.104,-0.287,-0.033,-0.011,0.006,-0.003,14.850,-290.780,381.990,-178.400,-1.570,-114.790,1,0.0069,-0.0110,0.0482,0
7208859,-0.103,-0.276,-0.003,-0.010,0.006,-0.003,14.850,-290.780,381.990,-178.400,-1.570,-114.790,1,0.0069,-0.0110,0.0482,0
7208968,-0.087,-0.289,0.051,-0.011,0.005,-0.005,14.850,-290.780,381.990,-178.400,-1.570,-114.790,1,0.0069,-0.0110,0.0482,0
7209046,-0.075,-0.284,0.014,-0.012,0.005,-0.004,14.850,-290.780,381.990,-178.400,-1.570,-114.790,1,0.0069,-0.0110,0.0482,0
7209140,-0.106,-0.259,-0.025,-0.010,0.006,-0.003,14.850,-290.780,381.990,-178.400,-1.570,-114.790,1,0.0069,-0.0110,0.0482,0
7209218,-0.089,-0.272,0.016,-0.011,0.006,-0.004,14.850,-290.780,381.990,-178.400,-1.570,-114.790,1,0.0069,-0.0110,0.0482,0
7209296,-0.078,-0.269,0.024,-0.011,0.006,-0.005,14.850,-290.780,381.990,-178.400,-1.570,-114.790,1,0.0069,-0.0110,0.0482,0
7209406,-0.113,-0.258,0.002,-0.009,0.006,-0.002,14.850,-290.780,381.990,-178.400,-1.570,-114.790,1,0.0069,-0.0110,0.0482,0
7209515,-0.112,-0.269,-0.007,-0.010,0.006,-0.002,14.850,-290.780,381.990,-178.400,-1.570,-114.790,1,0.0069,-0.0110,0.0482,0
7209656,-0.100,-0.276,0.019,-0.010,0.006,-0.003,14.850,-290.780,381.990,-178.400,-1.570,-114.790,1,0.0069,-0.0110,0.0482,0
7209703,-0.119,-0.267,-0.019,-0.010,0.006,-0.001,14.850,-290.780,381.990,-178.400,-1.570,-114.790,1,0.0069,-0.0110,0.0482,0
7209750,-0.116,-0.263,-0.010,-0.009,0.006,-0.002,14.850,-290.780,381.990,-178.400,-1.570,-114.790,1,0.0069,-0.0110,0.0482,0
7209828,-0.100,-0.270,0.009,-0.011,0.006,-0.004,14.850,-290.780,381.990,-178.400,-1.570,-114.790,1,0.0069,-0.0110,0.0482,0
7209968,-0.114,-0.270,-0.013,-0.010,0.006,-0.002,14.850,-290.780,381.990,-178.400,-1.570,-114.790,1,0.0069,-0.0110,0.0482,0
7210062,-0.107,-0.269,0.018,-0.010,0.006,-0.004,14.850,-290.780,381.990,-178.400,-1.570,-114.790,1,0.0069,-0.0110,0.0482,0
7210156,-0.104,-0.281,0.006,-0.011,0.006,-0.004,14.850,-290.780,381.990,-178.400,-1.570,-114.790,1,0.0069,-0.0110,0.0482,0
7210234,-0.091,-0.287,0.000,-0.011,0.005,-0.004,14.850,-290.780,381.990,-178.400,-1.570,-114.790,1,0.0069,-0.0110,0.0482,0
7210328,-0.117,-0.261,-0.041,-0.010,0.006,-0.001,14.850,-290.780,381.990,-178.400,-1.570,-114.790,1,0.0069,-0.0110,0.0482,0
7210406,-0.101,-0.270,0.019,-0.010,0.006,-0.004,14.850,-290.780,381.990,-178.400,-1.570,-114.790,1,0.0069,-0.0110,0.0482,0
7210484,-0.106,-0.267,-0.002,-0.010,0.006,-0.003,14.850,-290.780,381.990,-178.400,-1.570,-114.790,1,0.0069,-0.0110,0.0482,0
7210609,-0.097,-0.280,0.034,-0.011,0.006,-0.004,14.850,-290.780,381.990,-178.400,-1.570,-114.790,1,0.0069,-0.0110,0.0482,0
7210718,-0.110,-0.264,0.005,-0.010,0.006,-0.004,14.850,-290.780,381.990,-178.400,-1.570,-114.790,1,0.0069,-0.0110,0.0482,0
7210859,-0.085,-0.303,0.012,-0.011,0.005,-0.005,14.850,-290.780,381.990,-178.400,-1.570,-114.790,1,0.0069,-0.0110,0.0482,0
7210906,-0.110,-0.280,-0.006,-0.011,0.006,-0.004,14.850,-290.780,381.990,-178.400,-1.570,-114.790,1,0.0069,-0.0110,0.0482,0
7210953,-0.134,-0.239,-0.002,-0.009,0.007,-0.002,14.850,-290.780,381.990,-178.400,-1.570,-114.790,1,0.0069,-0.0110,0.0482,0
7211031,-0.111,-0.252,0.013,-0.010,0.006,-0.003,14.850,-290.780,381.990,-178.400,-1.570,-114.790,1,0.0069,-0.0110,0.0482,0
7211171,-0.098,-0.266,0.002,-0.011,0.006,-0.004,14.850,-290.780,381.990,-178.400,-1.570,-114.790,1,0.0069,-0.0110,0.0482,0
7211265,-0.093,-0.252,-0.030,-0.010,0.006,-0.003,14.850,-290.780,381.990,-178.400,-1.570,-114.790,1,0.0069,-0.0110,0.0482,0
7211375,-0.129,-0.282,0.017,-0.010,0.006,-0.003,14.850,-290.780,381.990,-178.400,-1.570,-114.790,1,0.0069,-0.0110,0.0482,0
7211453,-0.107,-0.261,-0.003,-0.011,0.006,-0.003,14.850,-290.780,381.990,-178.400,-1.570,-114.790,1,0.0069,-0.0110,0.0482,0
7211531,-0.124,-0.275,-0.007,-0.010,0.006,-0.003,14.850,-290.780,381.990,-178.400,-1.570,-114.790,1,0.0069,-0.0110,0.0482,0
7211625,-0.108,-0.267,0.005,-0.011,0.006,-0.003,14.850,-290.780,381.990,-178.400,-1.570,-114.790,1,0.0069,-0.0110,0.0482,0
7211703,-0.122,-0.248,-0.005,-0.010,0.006,-0.002,14.850,-290.780,381.990,-178.400,-1.570,-114.790,1,0.0069,-0.0110,0.0482,0
7211812,-0.112,-0.257,0.005,-0.010,0.006,-0.003,14.850,-290.780,381.990,-178.400,-1.570,-114.790,1,0.0069,-0.0110,0.0482,0
7211890,-0.102,-0.268,0.016,-0.011,0.006,-0.004,14.850,-290.780,381.990,-178.400,-1.570,-114.790,1,0.0069,-0.0110,0.0482,0
7211968,-0.102,-0.266,0.026,-0.011,0.006,-0.004,14.850,-290.780,381.990,-178.400,-1.570,-114.790,1,0.0069,-0.0110,0.0482,0
7212046,-0.107,-0.261,0.014,-0.010,0.006,-0.003,14.850,-290.780,381.990,-178.400,-1.570,-114.790,1,0.0069,-0.0110,0.0482,0
7212093,-0.091,-0.259,0.009,-0.010,0.005,-0.004,14.850,-290.780,381.990,-178.400,-1.570,-114.790,1,0.0069,-0.0110,0.0482,0
7212140,-0.109,-0.257,-0.009,-0.010,0.006,-0.003,14.850,-290.780,381.990,-178.400,-1.570,-114.790,1,0.0069,-0.0110,0.0482,0
7212218,-0.108,-0.267,0.012,-0.010,0.006,-0.004,14.850,-290.780,381.990,-178.400,-1.570,-114.790,1,0.0069,-0.0110,0.0482,0
7212359,-0.112,-0.254,0.026,-0.010,0.006,-0.003,14.850,-290.780,381.990,-178.400,-1.570,-114.790,1,0.0069,-0.0110,0.0482,0
7212453,-0.101,-0.260,0.022,-0.011,0.006,-0.004,14.850,-290.780,381.990,-178.400,-1.570,-114.790,1,0.0069,-0.0110,0.0482,0
7212562,-0.096,-0.268,0.008,-0.011,0.006,-0.004,14.850,-290.780,381.990,-178.400,-1.570,-114.790,1,0.0069,-0.0110,0.0482,0
7212640,-0.125,-0.247,0.023,-0.009,0.006,-0.004,14.850,-290.780,381.990,-178.400,-1.570,-114.790,1,0.0069,-0.0110,0.0482,0
7212734,-0.131,-0.253,0.021,-0.010,0.006,-0.004,14.850,-290.780,381.990,-178.400,-1.570,-114.790,1,0.0069,-0.0110,0.0482,0
7212812,-0.103,-0.268,0.019,-0.011,0.006,-0.004,14.850,-290.780,381.990,-178.400,-1.570,-114.790,1,0.0069,-0.0110,0.0482,0
7212890,-0.108,-0.272,0.008,-0.011,0.006,-0.004,14.850,-290.780,381.990,-178.400,-1.570,-114.790,1,0.0069,-0.0110,0.0482,0
7213015,-0.104,-0.257,0.043,-0.010,0.006,-0.003,14.850,-290.780,381.990,-178.400,-1.570,-114.790,1,0.0069,-0.0110,0.0482,0
7213125,-0.121,-0.248,-0.009,-0.009,0.006,-0.002,14.850,-290.780,381.990,-178.400,-1.570,-114.790,1,0.0069,-0.0110,0.0482,0
7213265,-0.114,-0.258,-0.003,-0.010,0.006,-0.002,14.850,-290.780,381.990,-178.400,-1.570,-114.790,1,0.0069,-0.0110,0.0482,0
7213312,-0.103,-0.274,0.044,-0.011,0.006,-0.005,14.850,-290.780,381.990,-178.400,-1.570,-114.790,1,0.0069,-0.0110,0.0482,0
7213359,-0.113,-0.268,0.039,-0.011,0.006,-0.004,14.850,-290.780,381.990,-178.400,-1.570,-114.790,1,0.0069,-0.0110,0.0482,0
7213437,-0.127,-0.264,0.035,-0.010,0.006,-0.003,14.850,-290.780,381.990,-178.400,-1.570,-114.790,1,0.0069,-0.0110,0.0482,0
7213578,-0.117,-0.272,0.008,-0.010,0.006,-0.004,14.850,-290.780,381.990,-178.400,-1.570,-114.790,1,0.0069,-0.0110,0.0482,0
7213671,-0.107,-0.264,0.000,-0.011,0.006,-0.003,14.850,-290.780,381.990,-178.400,-1.570,-114.790,1,0.0069,-0.0110,0.0482,0
7213781,-0.114,-0.253,0.015,-0.010,0.006,-0.003,14.850,-290.780,381.990,-178.400,-1.570,-114.790,1,0.0069,-0.0110,0.0482,0
7213859,-0.125,-0.240,0.025,-0.009,0.006,-0.003,14.850,-290.780,381.990,-178.400,-1.570,-114.790,1,0.0069,-0.0110,0.0482,0
7213953,-0.111,-0.259,-0.007,-0.010,0.006,-0.003,14.850,-290.780,381.990,-178.400,-1.570,-114.790,1,0.0069,-0.0110,0.0482,0
7214031,-0.110,-0.267,-0.003,-0.010,0.006,-0.003,14.850,-290.780,381.990,-178.400,-1.570,-114.790,1,0.0069,-0.0110,0.0482,0
7214109,-0.125,-0.264,0.001,-0.010,0.006,-0.004,14.850,-290.780,381.990,-178.400,-1.570,-114.790,1,0.0069,-0.0110,0.0482,0
7214218,-0.129,-0.260,0.018,-0.010,0.007,-0.004,14.850,-290.780,381.990,-178.400,-1.570,-114.790,1,0.0069,-0.0110,0.0482,0
7214312,-0.130,-0.264,0.021,-0.010,0.006,-0.004,14.850,-290.780,381.990,-178.400,-1.570,-114.790,1,0.0069,-0.0110,0.0482,0
7214453,-0.105,-0.255,0.040,-0.010,0.006,-0.003,14.850,-290.780,381.990,-178.400,-1.570,-114.790,1,0.0069,-0.0110,0.0482,0
7214500,-0.103,-0.259,0.028,-0.010,0.005,-0.003,14.850,-290.780,381.990,-178.400,-1.570,-114.790,1,0.0069,-0.0110,0.0482,0
7214546,-0.111,-0.260,-0.013,-0.011,0.006,-0.003,14.850,-290.780,381.990,-178.400,-1.570,-114.790,1,0.0069,-0.0110,0.0482,0
7214625,-0.107,-0.266,0.010,-0.010,0.006,-0.003,14.850,-290.780,381.990,-178.400,-1.570,-114.790,1,0.0069,-0.0110,0.0482,0
7214765,-0.112,-0.271,0.009,-0.010,0.006,-0.003,14.850,-290.780,381.990,-178.400,-1.570,-114.790,1,0.0069,-0.0110,0.0482,0
7214859,-0.111,-0.272,0.002,-0.011,0.006,-0.004,14.850,-290.780,381.990,-178.400,-1.570,-114.790,1,0.0069,-0.0110,0.0482,0
7214968,-0.112,-0.281,0.022,-0.011,0.006,-0.004,14.850,-290.780,381.990,-178.400,-1.570,-114.790,1,0.0069,-0.0110,0.0482,0
7215046,-0.124,-0.277,0.025,-0.011,0.006,-0.004,14.850,-290.780,381.990,-178.400,-1.570,-114.790,1,0.0069,-0.0110,0.0482,0
7215140,-0.105,-0.253,0.038,-0.010,0.006,-0.004,14.850,-290.780,381.990,-178.400,-1.570,-114.790,1,0.0069,-0.0110,0.0482,0
7215218,-0.101,-0.266,0.010,-0.011,0.006,-0.004,14.850,-290.780,381.990,-178.400,-1.570,-114.790,1,0.0069,-0.0110,0.0482,0
7215296,-0.108,-0.272,0.031,-0.011,0.006,-0.004,14.850,-290.780,381.990,-178.400,-1.570,-114.790,1,0.0069,-0.0110,0.0482,0
7215406,-0.126,-0.259,0.021,-0.010,0.006,-0.003,14.850,-290.780,381.990,-178.400,-1.570,-114.790,1,0.0069,-0.0110,0.0482,0
7215515,-0.118,-0.273,0.035,-0.011,0.006,-0.004,14.850,-290.780,381.990,-178.400,-1.570,-114.790,1,0.0069,-0.0110,0.0482,0
7215656,-0.114,-0.271,0.001,-0.011,0.006,-0.003,14.850,-290.780,381.990,-178.400,-1.570,-114.790,1,0.0069,-0.0110,0.0482,0
7215703,-0.135,-0.277,0.034,-0.010,0.007,-0.004,14.850,-290.780,381.990,-178.400,-1.570,-114.790,1,0.0069,-0.0110,0.0482,0
7215750,-0.145,-0.282,0.046,-0.010,0.007,-0.005,14.850,-290.780,381.990,-178.400,-1.570,-114.790,1,0.0069,-0.0110,0.0482,0
7215828,-0.112,-0.279,0.012,-0.011,0.006,-0.004,14.850,-290.780,381.990,-178.400,-1.570,-114.790,1,0.0069,-0.0110,0.0482,0
7215968,-0.105,-0.264,0.037,-0.011,0.006,-0.004,14.850,-290.780,381.990,-178.400,-1.570,-114.790,1,0.0069,-0.0110,0.0482,0
7216078,-0.115,-0.254,0.037,-0.010,0.006,-0.004,14.850,-290.780,381.990,-178.400,-1.570,-114.790,1,0.0069,-0.0110,0.0482,0
7216187,-0.118,-0.266,0.012,-0.010,0.006,-0.004,14.850,-290.780,381.990,-178.400,-1.570,-114.790,1,0.0069,-0.0110,0.0482,0
7216265,-0.117,-0.285,0.003,-0.010,0.006,-0.003,14.850,-290.780,381.990,-178.400,-1.570,-114.790,1,0.0069,-0.0110,0.0482,0
7216359,-0.117,-0.300,0.047,-0.011,0.006,-0.004,14.850,-290.780,381.990,-178.400,-1.570,-114.790,1,0.0069,-0.0110,0.0482,0
7216437,-0.106,-0.261,-0.005,-0.010,0.006,-0.003,14.850,-290.780,381.990,-178.400,-1.570,-114.790,1,0.0069,-0.0110,0.0482,0
7216515,-0.103,-0.283,0.048,-0.011,0.006,-0.005,14.850,-290.780,381.990,-178.400,-1.570,-114.790,1,0.0069,-0.0110,0.0482,0
7216625,-0.110,-0.265,0.030,-0.010,0.006,-0.004,14.850,-290.780,381.990,-178.400,-1.570,-114.790,1,0.0069,-0.0110,0.0482,0
7216734,-0.104,-0.273,0.001,-0.011,0.006,-0.004,14.850,-290.780,381.990,-178.400,-1.570,-114.790,1,0.0069,-0.0110,0.0482,0
7216875,-0.107,-0.263,0.000,-0.010,0.006,-0.003,14.850,-290.780,381.990,-178.400,-1.570,-114.790,1,0.0069,-0.0110,0.0482,0
7216921,-0.103,-0.269,0.036,-0.011,0.006,-0.005,14.850,-290.780,381.990,-178.400,-1.570,-114.790,1,0.0069,-0.0110,0.0482,0
7216968,-0.102,-0.270,0.017,-0.011,0.006,-0.004,14.850,-290.780,381.990,-178.400,-1.570,-114.790,1,0.0069,-0.0110,0.0482,0
7217046,-0.113,-0.269,0.013,-0.011,0.006,-0.004,14.850,-290.780,381.990,-178.400,-1.570,-114.790,1,0.0069,-0.0110,0.0482,0
7217187,-0.108,-0.255,-0.008,-0.010,0.006,-0.003,14.850,-290.780,381.990,-178.400,-1.570,-114.790,1,0.0069,-0.0110,0.0482,0
7217281,-0.121,-0.264,0.034,-0.010,0.006,-0.004,14.850,-290.780,381.990,-178.400,-1.570,-114.790,1,0.0069,-0.0110,0.0482,0
7217390,-0.097,-0.258,0.036,-0.010,0.005,-0.005,14.850,-290.780,381.990,-178.400,-1.570,-114.790,1,0.0069,-0.0110,0.0482,0
7217468,-0.102,-0.263,0.020,-0.011,0.006,-0.005,14.850,-290.780,381.990,-178.400,-1.570,-114.790,1,0.0069,-0.0110,0.0482,0
7217562,-0.104,-0.259,0.021,-0.011,0.006,-0.004,14.850,-290.780,381.990,-178.400,-1.570,-114.790,1,0.0069,-0.0110,0.0482,0
7217640,-0.116,-0.258,0.012,-0.010,0.006,-0.003,14.850,-290.780,381.990,-178.400,-1.570,-114.790,1,0.0069,-0.0110,0.0482,0
7217718,-0.106,-0.268,0.007,-0.011,0.006,-0.004,14.850,-290.780,381.990,-178.400,-1.570,-114.790,1,0.0069,-0.0110,0.0482,0
7217828,-0.104,-0.272,0.033,-0.010,0.006,-0.004,14.850,-290.780,381.990,-178.400,-1.570,-114.790,1,0.0069,-0.0110,0.0482,0
7217937,-0.117,-0.280,0.032,-0.011,0.006,-0.004,14.850,-290.780,381.990,-178.400,-1.570,-114.790,1,0.0069,-0.0110,0.0482,0
7218078,-0.093,-0.265,0.016,-0.011,0.005,-0.005,14.850,-290.780,381.990,-178.400,-1.570,-114.790,1,0.0069,-0.0110,0.0482,0
7218125,-0.099,-0.264,0.011,-0.011,0.006,-0.005,14.850,-290.780,381.990,-178.400,-1.570,-114.790,1,0.0069,-0.0110,0.0482,0
7218171,-0.104,-0.261,0.030,-0.010,0.006,-0.004,14.850,-290.780,381.990,-178.400,-1.570,-114.790,1,0.0069,-0.0110,0.0482,0
7218250,-0.099,-0.263,0.008,-0.011,0.005,-0.004,14.850,-290.780,381.990,-178.400,-1.570,-114.790,1,0.0069,-0.0110,0.0482,0
7218390,-0.103,-0.263,0.002,-0.011,0.006,-0.004,14.850,-290.780,381.990,-178.400,-1.570,-114.790,1,0.0069,-0.0110,0.0482,0
7218484,-0.106,-0.267,0.025,-0.011,0.006,-0.004,14.850,-290.780,381.990,-178.400,-1.570,-114.790,1,0.0069,-0.0110,0.0482,0
7218593,-0.106,-0.261,-0.009,-0.011,0.006,-0.003,14.850,-290.780,381.990,-178.400,-1.570,-114.790,1,0.0069,-0.0110,0.0482,0
7218671,-0.105,-0.255,0.002,-0.010,0.006,-0.004,14.850,-290.780,381.990,-178.400,-1.570,-114.790,1,0.0069,-0.0110,0.0482,0
7218765,-0.104,-0.240,-0.001,-0.010,0.006,-0.003,14.850,-290.780,381.990,-178.400,-1.570,-114.790,1,0.0069,-0.0110,0.0482,0
7218843,-0.110,-0.243,0.016,-0.010,0.006,-0.004,14.850,-290.780,381.990,-178.400,-1.570,-114.790,1,0.0069,-0.0110,0.0482,0
7218921,-0.102,-0.267,-0.007,-0.011,0.006,-0.003,14.850,-290.780,381.990,-178.400,-1.570,-114.790,1,0.0069,-0.0110,0.0482,0
7219031,-0.104,-0.263,0.034,-0.010,0.006,-0.005,14.850,-290.780,381.990,-178.400,-1.570,-114.790,1,0.0069,-0.0110,0.0482,0
7219125,-0.117,-0.261,0.065,-0.010,0.006,-0.005,14.850,-290.780,381.990,-178.400,-1.570,-114.790,1,0.0069,-0.0110,0.0482,0
7219265,-0.097,-0.271,0.009,-0.011,0.006,-0.005,14.850,-290.780,381.990,-178.400,-1.570,-114.790,1,0.0069,-0.0110,0.0482,0
7219312,-0.102,-0.262,-0.009,-0.011,0.006,-0.003,14.850,-290.780,381.990,-178.400,-1.570,-114.790,1,0.0069,-0.0110,0.0482,0
7219359,-0.099,-0.257,-0.003,-0.011,0.006,-0.003,14.850,-290.780,381.990,-178.400,-1.570,-114.790,1,0.0069,-0.0110,0.0482,0
7219437,-0.109,-0.269,0.052,-0.010,0.006,-0.005,14.850,-290.780,381.990,-178.400,-1.570,-114.790,1,0.0069,-0.0110,0.0482,0
7219578,-0.098,-0.256,0.022,-0.010,0.006,-0.004,14.850,-290.780,381.990,-178.400,-1.570,-114.790,1,0.0069,-0.0110,0.0482,0
7219671,-0.103,-0.257,0.012,-0.010,0.006,-0.003,14.850,-290.780,381.990,-178.400,-1.570,-114.790,1,0.0069,-0.0110,0.0482,0
7219781,-0.100,-0.271,0.020,-0.011,0.006,-0.005,14.850,-290.780,381.990,-178.400,-1.570,-114.790,1,0.0069,-0.0110,0.0482,0
7219859,-0.089,-0.261,-0.001,-0.011,0.005,-0.004,14.850,-290.780,381.990,-178.400,-1.570,-114.790,1,0.0069,-0.0110,0.0482,0
7219953,-0.100,-0.271,0.039,-0.011,0.006,-0.005,14.850,-290.780,381.990,-178.400,-1.570,-114.790,1,0.0069,-0.0110,0.0482,0
7220031,-0.107,-0.261,0.010,-0.011,0.006,-0.004,14.850,-290.780,381.990,-178.400,-1.570,-114.790,1,0.0069,-0.0110,0.0482,0
7220109,-0.097,-0.264,0.029,-0.011,0.006,-0.004,14.850,-290.780,381.990,-178.400,-1.570,-114.790,1,0.0069,-0.0110,0.0482,0
7220218,-0.103,-0.270,0.010,-0.011,0.006,-0.004,14.850,-290.780,381.990,-178.400,-1.570,-114.790,1,0.0069,-0.0110,0.0482,0
7220328,-0.103,-0.257,0.043,-0.010,0.006,-0.004,14.850,-290.780,381.990,-178.400,-1.570,-114.790,1,0.0069,-0.0110,0.0482,0
7220468,-0.104,-0.259,0.046,-0.010,0.006,-0.004,14.850,-290.780,381.990,-178.400,-1.570,-114.790,1,0.0069,-0.0110,0.0482,0
7220515,-0.102,-0.262,0.025,-0.011,0.006,-0.004,14.850,-290.780,381.990,-178.400,-1.570,-114.790,1,0.0069,-0.0110,0.0482,0
7220562,-0.099,-0.269,-0.008,-0.011,0.006,-0.004,14.850,-290.780,381.990,-178.400,-1.570,-114.790,1,0.0069,-0.0110,0.0482,0
7220640,-0.098,-0.267,-0.005,-0.011,0.006,-0.004,14.850,-290.780,381.990,-178.400,-1.570,-114.790,1,0.0069,-0.0110,0.0482,0
7220781,-0.097,-0.266,-0.003,-0.010,0.005,-0.004,14.850,-290.780,381.990,-178.400,-1.570,-114.790,1,0.0069,-0.0110,0.0482,0
7220875,-0.084,-0.264,0.018,-0.011,0.005,-0.004,14.850,-290.780,381.990,-178.400,-1.570,-114.790,1,0.0069,-0.0110,0.0482,0
7220984,-0.118,-0.229,0.033,-0.009,0.006,-0.004,14.850,-290.780,381.990,-178.400,-1.570,-114.790,1,0.0069,-0.0110,0.0482,0
7221062,-0.087,-0.267,0.030,-0.011,0.005,-0.005,14.850,-290.780,381.990,-178.400,-1.570,-114.790,1,0.0069,-0.0110,0.0482,0
7221156,-0.100,-0.257,-0.011,-0.011,0.006,-0.004,14.850,-290.780,381.990,-178.400,-1.570,-114.790,1,0.0069,-0.0110,0.0482,0
7221234,-0.102,-0.263,0.022,-0.011,0.006,-0.004,14.850,-290.780,381.990,-178.400,-1.570,-114.790,1,0.0069,-0.0110,0.0482,0
7221312,-0.102,-0.271,0.025,-0.011,0.006,-0.004,14.850,-290.780,381.990,-178.400,-1.570,-114.790,1,0.0069,-0.0110,0.0482,0
7221421,-0.105,-0.268,0.010,-0.011,0.006,-0.004,14.850,-290.780,381.990,-178.400,-1.570,-114.790,1,0.0069,-0.0110,0.0482,0
7221531,-0.088,-0.256,0.040,-0.011,0.006,-0.005,14.850,-290.780,381.990,-178.400,-1.570,-114.790,1,0.0069,-0.0110,0.0482,0
7221671,-0.096,-0.254,0.000,-0.011,0.006,-0.004,14.850,-290.780,381.990,-178.400,-1.570,-114.790,1,0.0069,-0.0110,0.0482,0
7221718,-0.100,-0.251,0.026,-0.010,0.006,-0.004,14.850,-290.780,381.990,-178.400,-1.570,-114.790,1,0.0069,-0.0110,0.0482,0
7221765,-0.090,-0.257,0.032,-0.011,0.006,-0.005,14.850,-290.780,381.990,-178.400,-1.570,-114.790,1,0.0069,-0.0110,0.0482,0
7221843,-0.100,-0.265,0.022,-0.011,0.006,-0.005,14.850,-290.780,381.990,-178.400,-1.570,-114.790,1,0.0069,-0.0110,0.0482,0
7221984,-0.102,-0.268,0.001,-0.011,0.006,-0.004,14.850,-290.780,381.990,-178.400,-1.570,-114.790,1,0.0069,-0.0110,0.0482,0
7222078,-0.108,-0.271,0.052,-0.011,0.006,-0.005,14.850,-290.780,381.990,-178.400,-1.570,-114.790,1,0.0069,-0.0110,0.0482,0
7222187,-0.100,-0.270,0.023,-0.011,0.006,-0.004,14.850,-290.780,381.990,-178.400,-1.570,-114.790,1,0.0069,-0.0110,0.0482,0
7222265,-0.098,-0.265,-0.006,-0.011,0.006,-0.004,14.850,-290.780,381.990,-178.400,-1.570,-114.790,1,0.0069,-0.0110,0.0482,0
7222359,-0.115,-0.276,0.036,-0.011,0.006,-0.005,14.850,-290.780,381.990,-178.400,-1.570,-114.790,1,0.0069,-0.0110,0.0482,0
7222437,-0.094,-0.284,0.029,-0.011,0.005,-0.005,14.850,-290.780,381.990,-178.400,-1.570,-114.790,1,0.0069,-0.0110,0.0482,0
7222515,-0.100,-0.266,0.037,-0.010,0.005,-0.004,14.850,-290.780,381.990,-178.400,-1.570,-114.790,1,0.0069,-0.0110,0.0482,0
7222625,-0.101,-0.270,-0.007,-0.011,0.006,-0.003,14.850,-290.780,381.990,-178.400,-1.570,-114.790,1,0.0069,-0.0110,0.0482,0
7222734,-0.096,-0.284,0.009,-0.011,0.006,-0.004,14.850,-290.780,381.990,-178.400,-1.570,-114.790,1,0.0069,-0.0110,0.0482,0
7222875,-0.098,-0.285,0.023,-0.011,0.006,-0.004,14.850,-290.780,381.990,-178.400,-1.570,-114.790,1,0.0069,-0.0110,0.0482,0
7222921,-0.103,-0.277,0.013,-0.011,0.006,-0.004,14.850,-290.780,381.990,-178.400,-1.570,-114.790,1,0.0069,-0.0110,0.0482,0
7222968,-0.101,-0.281,0.045,-0.011,0.006,-0.005,14.850,-290.780,381.990,-178.400,-1.570,-114.790,1,0.0069,-0.0110,0.0482,0
7223046,-0.093,-0.276,0.044,-0.011,0.005,-0.005,14.850,-290.780,381.990,-178.400,-1.570,-114.790,1,0.0069,-0.0110,0.0482,0
7223187,-0.101,-0.261,-0.016,-0.011,0.006,-0.003,14.850,-290.780,381.990,-178.400,-1.570,-114.790,1,0.0069,-0.0110,0.0482,0
7223281,-0.098,-0.264,0.044,-0.010,0.006,-0.004,14.850,-290.780,381.990,-178.400,-1.570,-114.790,1,0.0069,-0.0110,0.0482,0
7223390,-0.111,-0.272,-0.008,-0.011,0.006,-0.003,14.850,-290.780,381.990,-178.400,-1.570,-114.790,1,0.0069,-0.0110,0.0482,0
7223468,-0.100,-0.277,0.027,-0.011,0.005,-0.004,14.850,-290.780,381.990,-178.400,-1.570,-114.790,1,0.0069,-0.0110,0.0482,0
7223562,-0.110,-0.272,0.018,-0.011,0.006,-0.004,14.850,-290.780,381.990,-178.400,-1.570,-114.790,1,0.0069,-0.0110,0.0482,0
7223640,-0.100,-0.275,0.031,-0.011,0.005,-0.005,14.850,-290.780,381.990,-178.400,-1.570,-114.790,1,0.0069,-0.0110,0.0482,0
7223718,-0.087,-0.260,0.013,-0.011,0.006,-0.004,14.850,-290.780,381.990,-178.400,-1.570,-114.790,1,0.0069,-0.0110,0.0482,0
7223828,-0.105,-0.272,0.033,-0.011,0.006,-0.005,14.850,-290.780,381.990,-178.400,-1.570,-114.790,1,0.0069,-0.0110,0.0482,0
7223937,-0.088,-0.270,0.006,-0.011,0.006,-0.004,14.850,-290.780,381.990,-178.400,-1.570,-114.790,1,0.0069,-0.0110,0.0482,0
7224078,-0.112,-0.261,0.036,-0.010,0.006,-0.004,14.850,-290.780,381.990,-178.400,-1.570,-114.790,1,0.0069,-0.0110,0.0482,0
7224125,-0.102,-0.275,0.007,-0.011,0.006,-0.004,14.850,-290.780,381.990,-178.400,-1.570,-114.790,1,0.0069,-0.0110,0.0482,0
7224171,-0.095,-0.281,-0.020,-0.011,0.005,-0.004,14.850,-290.780,381.990,-178.400,-1.570,-114.790,1,0.0069,-0.0110,0.0482,0
7224250,-0.099,-0.273,0.037,-0.011,0.005,-0.005,14.850,-290.780,381.990,-178.400,-1.570,-114.790,1,0.0069,-0.0110,0.0482,0
7224390,-0.099,-0.294,0.035,-0.011,0.006,-0.005,14.850,-290.780,381.990,-178.400,-1.570,-114.790,1,0.0069,-0.0110,0.0482,0
7224484,-0.077,-0.254,0.018,-0.011,0.005,-0.005,14.850,-290.780,381.990,-178.400,-1.570,-114.790,1,0.0069,-0.0110,0.0482,0
7224593,-0.107,-0.262,-0.030,-0.011,0.006,-0.003,14.850,-290.780,381.990,-178.400,-1.570,-114.790,1,0.0069,-0.0110,0.0482,0
7224671,-0.095,-0.258,0.037,-0.010,0.006,-0.004,14.850,-290.780,381.990,-178.400,-1.570,-114.790,1,0.0069,-0.0110,0.0482,0
7224765,-0.098,-0.263,0.028,-0.011,0.006,-0.004,14.850,-290.780,381.990,-178.400,-1.570,-114.790,1,0.0069,-0.0110,0.0482,0
7224843,-0.094,-0.263,0.013,-0.011,0.006,-0.004,14.850,-290.780,381.990,-178.400,-1.570,-114.790,1,0.0069,-0.0110,0.0482,0
7224921,-0.101,-0.261,-0.016,-0.010,0.006,-0.003,14.850,-290.780,381.990,-178.400,-1.570,-114.790,1,0.0069,-0.0110,0.0482,0
7225031,-0.091,-0.264,0.033,-0.011,0.006,-0.005,14.850,-290.780,381.990,-178.400,-1.570,-114.790,1,0.0069,-0.0110,0.0482,0
7225140,-0.095,-0.268,0.030,-0.011,0.006,-0.005,14.850,-290.780,381.990,-178.400,-1.570,-114.790,1,0.0069,-0.0110,0.0482,0
7225281,-0.089,-0.246,-0.021,-0.010,0.006,-0.003,14.850,-290.780,381.990,-178.400,-1.570,-114.790,1,0.0069,-0.0110,0.0482,0
7225328,-0.090,-0.257,0.005,-0.011,0.006,-0.004,14.850,-290.780,381.990,-178.400,-1.570,-114.790,1,0.0069,-0.0110,0.0482,0
7225375,-0.091,-0.259,0.036,-0.011,0.006,-0.005,14.850,-290.780,381.990,-178.400,-1.570,-114.790,1,0.0069,-0.0110,0.0482,0
7225453,-0.102,-0.261,0.055,-0.011,0.006,-0.005,14.850,-290.780,381.990,-178.400,-1.570,-114.790,1,0.0069,-0.0110,0.0482,0
7225593,-0.102,-0.257,-0.005,-0.010,0.006,-0.003,14.850,-290.780,381.990,-178.400,-1.570,-114.790,1,0.0069,-0.0110,0.0482,0
7225687,-0.099,-0.260,-0.019,-0.010,0.006,-0.003,14.850,-290.780,381.990,-178.400,-1.570,-114.790,1,0.0069,-0.0110,0.0482,0
7225796,-0.110,-0.265,0.025,-0.011,0.006,-0.004,14.850,-290.780,381.990,-178.400,-1.570,-114.790,1,0.0069,-0.0110,0.0482,0
7225875,-0.104,-0.263,0.013,-0.011,0.006,-0.004,14.850,-290.780,381.990,-178.400,-1.570,-114.790,1,0.0069,-0.0110,0.0482,0
7225968,-0.090,-0.257,0.016,-0.011,0.005,-0.004,14.850,-290.780,381.990,-178.400,-1.570,-114.790,1,0.0069,-0.0110,0.0482,0
7226046,-0.091,-0.256,0.042,-0.011,0.006,-0.004,14.850,-290.780,381.990,-178.400,-1.570,-114.790,1,0.0069,-0.0110,0.0482,0
7226125,-0.098,-0.260,0.041,-0.011,0.006,-0.004,14.850,-290.780,381.990,-178.400,-1.570,-114.790,1,0.0069,-0.0110,0.0482,0
7226234,-0.103,-0.268,-0.017,-0.011,0.006,-0.004,14.850,-290.780,381.990,-178.400,-1.570,-114.790,1,0.0069,-0.0110,0.0482,0
7226343,-0.095,-0.265,-0.021,-0.011,0.005,-0.004,14.850,-290.780,381.990,-178.400,-1.570,-114.790,1,0.0069,-0.0110,0.0482,0
7226484,-0.104,-0.260,-0.016,-0.011,0.006,-0.003,14.850,-290.780,381.990,-178.400,-1.570,-114.790,1,0.0069,-0.0110,0.0482,0
7226531,-0.115,-0.274,0.020,-0.011,0.006,-0.004,14.850,-290.780,381.990,-178.400,-1.570,-114.790,1,0.0069,-0.0110,0.0482,0
7226578,-0.107,-0.266,0.011,-0.011,0.006,-0.004,14.850,-290.780,381.990,-178.400,-1.570,-114.790,1,0.0069,-0.0110,0.0482,0
7226656,-0.098,-0.265,0.030,-0.011,0.006,-0.004,14.850,-290.780,381.990,-178.400,-1.570,-114.790,1,0.0069,-0.0110,0.0482,0
7226796,-0.095,-0.264,-0.026,-0.011,0.006,-0.003,14.850,-290.780,381.990,-178.400,-1.570,-114.790,1,0.0069,-0.0110,0.0482,0
7226890,-0.097,-0.270,0.032,-0.011,0.006,-0.005,14.850,-290.780,381.990,-178.400,-1.570,-114.790,1,0.0069,-0.0110,0.0482,0
7226937,-0.095,-0.263,0.042,-0.011,0.006,-0.005,14.850,-290.780,381.990,-178.400,-1.570,-114.790,1,0.0069,-0.0110,0.0482,0
7227015,-0.107,-0.265,0.026,-0.011,0.006,-0.004,14.850,-290.780,381.990,-178.400,-1.570,-114.790,1,0.0069,-0.0110,0.0482,0
7227093,-0.105,-0.266,0.017,-0.011,0.005,-0.004,14.850,-290.780,381.990,-178.400,-1.570,-114.790,1,0.0069,-0.0110,0.0482,0
7227171,-0.107,-0.260,-0.001,-0.010,0.005,-0.003,14.850,-290.780,381.990,-178.400,-1.570,-114.790,1,0.0069,-0.0110,0.0482,0
7227265,-0.084,-0.272,-0.013,-0.011,0.005,-0.003,14.850,-290.780,381.990,-178.400,-1.570,-114.790,1,0.0069,-0.0110,0.0482,0
7227343,-0.102,-0.269,0.036,-0.011,0.006,-0.005,14.850,-290.780,381.990,-178.400,-1.570,-114.790,1,0.0069,-0.0110,0.0482,0
7227453,-0.088,-0.269,0.040,-0.011,0.005,-0.005,14.850,-290.780,381.990,-178.400,-1.570,-114.790,1,0.0069,-0.0110,0.0482,0
7227546,-0.096,-0.267,0.011,-0.011,0.005,-0.005,14.850,-290.780,381.990,-178.400,-1.570,-114.790,1,0.0069,-0.0110,0.0482,0
7227687,-0.093,-0.275,0.045,-0.011,0.005,-0.005,14.850,-290.780,381.990,-178.400,-1.570,-114.790,1,0.0069,-0.0110,0.0482,0
7227734,-0.083,-0.285,0.068,-0.011,0.005,-0.007,14.850,-290.780,381.990,-178.400,-1.570,-114.790,1,0.0069,-0.0110,0.0482,0
7227781,-0.096,-0.285,0.071,-0.011,0.005,-0.006,14.850,-290.780,381.990,-178.400,-1.570,-114.790,1,0.0069,-0.0110,0.0482,0
7227859,-0.092,-0.256,-0.019,-0.011,0.006,-0.004,14.850,-290.780,381.990,-178.400,-1.570,-114.790,1,0.0069,-0.0110,0.0482,0
7228000,-0.091,-0.252,-0.014,-0.011,0.005,-0.003,14.850,-290.780,381.990,-178.400,-1.570,-114.790,1,0.0069,-0.0110,0.0482,0
7228093,-0.105,-0.271,0.038,-0.010,0.006,-0.004,14.850,-290.780,381.990,-178.400,-1.570,-114.790,1,0.0069,-0.0110,0.0482,0
7228203,-0.091,-0.258,-0.010,-0.010,0.005,-0.003,14.850,-290.780,381.990,-178.400,-1.570,-114.790,1,0.0069,-0.0110,0.0482,0
7228281,-0.088,-0.262,0.014,-0.011,0.005,-0.004,14.850,-290.780,381.990,-178.400,-1.570,-114.790,1,0.0069,-0.0110,0.0482,0
7228375,-0.089,-0.264,0.017,-0.010,0.006,-0.004,14.850,-290.780,381.990,-178.400,-1.570,-114.790,1,0.0069,-0.0110,0.0482,0
7228453,-0.094,-0.273,-0.009,-0.011,0.005,-0.004,14.850,-290.780,381.990,-178.400,-1.570,-114.790,1,0.0069,-0.0110,0.0482,0
7228531,-0.092,-0.263,0.041,-0.010,0.005,-0.005,14.850,-290.780,381.990,-178.400,-1.570,-114.790,1,0.0069,-0.0110,0.0482,0
7228640,-0.108,-0.256,-0.008,-0.010,0.006,-0.003,14.850,-290.780,381.990,-178.400,-1.570,-114.790,1,0.0069,-0.0110,0.0482,0
7228750,-0.096,-0.268,-0.005,-0.011,0.006,-0.004,14.850,-290.780,381.990,-178.400,-1.570,-114.790,1,0.0069,-0.0110,0.0482,0
7228890,-0.104,-0.277,0.051,-0.011,0.006,-0.006,14.850,-290.780,381.990,-178.400,-1.570,-114.790,1,0.0069,-0.0110,0.0482,0
7228937,-0.094,-0.278,0.030,-0.011,0.006,-0.005,14.850,-290.780,381.990,-178.400,-1.570,-114.790,1,0.0069,-0.0110,0.0482,0
7228984,-0.093,-0.281,-0.001,-0.011,0.005,-0.004,14.850,-290.780,381.990,-178.400,-1.570,-114.790,1,0.0069,-0.0110,0.0482,0
7229062,-0.103,-0.248,0.023,-0.010,0.006,-0.003,14.850,-290.780,381.990,-178.400,-1.570,-114.790,1,0.0069,-0.0110,0.0482,0
7229203,-0.087,-0.268,0.015,-0.011,0.005,-0.004,14.850,-290.780,381.990,-178.400,-1.570,-114.790,1,0.0069,-0.0110,0.0482,0
7229296,-0.088,-0.279,0.050,-0.011,0.005,-0.005,14.850,-290.780,381.990,-178.400,-1.570,-114.790,1,0.0069,-0.0110,0.0482,0
7229406,-0.096,-0.273,0.015,-0.011,0.005,-0.004,14.850,-290.780,381.990,-178.400,-1.570,-114.790,1,0.0069,-0.0110,0.0482,0
7229484,-0.091,-0.266,0.012,-0.011,0.006,-0.004,14.850,-290.780,381.990,-178.400,-1.570,-114.790,1,0.0069,-0.0110,0.0482,0
7229578,-0.095,-0.251,-0.012,-0.010,0.006,-0.003,14.850,-290.780,381.990,-178.400,-1.570,-114.790,1,0.0069,-0.0110,0.0482,0
7229656,-0.107,-0.283,0.060,-0.011,0.006,-0.005,14.850,-290.780,381.990,-178.400,-1.570,-114.790,1,0.0069,-0.0110,0.0482,0
7229734,-0.097,-0.279,-0.006,-0.011,0.005,-0.004,14.850,-290.780,381.990,-178.400,-1.570,-114.790,1,0.0069,-0.0110,0.0482,0
7229843,-0.099,-0.265,-0.026,-0.011,0.006,-0.003,14.850,-290.780,381.990,-178.400,-1.570,-114.790,1,0.0069,-0.0110,0.0482,0
7229953,-0.099,-0.262,0.019,-0.010,0.006,-0.005,14.850,-290.780,381.990,-178.400,-1.570,-114.790,1,0.0069,-0.0110,0.0482,0
7230093,-0.099,-0.266,0.003,-0.011,0.006,-0.004,14.850,-290.780,381.990,-178.400,-1.570,-114.790,1,0.0069,-0.0110,0.0482,0
7230140,-0.101,-0.269,0.003,-0.011,0.006,-0.004,14.850,-290.780,381.990,-178.400,-1.570,-114.790,1,0.0069,-0.0110,0.0482,0
7230187,-0.096,-0.271,0.024,-0.011,0.005,-0.004,14.850,-290.780,381.990,-178.400,-1.570,-114.790,1,0.0069,-0.0110,0.0482,0
7230265,-0.104,-0.273,0.053,-0.011,0.006,-0.005,14.850,-290.780,381.990,-178.400,-1.570,-114.790,1,0.0069,-0.0110,0.0482,0
7230406,-0.096,-0.255,-0.005,-0.010,0.006,-0.003,14.850,-290.780,381.990,-178.400,-1.570,-114.790,1,0.0069,-0.0110,0.0482,0
7230500,-0.095,-0.280,-0.021,-0.011,0.005,-0.003,14.850,-290.780,381.990,-178.400,-1.570,-114.790,1,0.0069,-0.0110,0.0482,0
7230609,-0.102,-0.268,0.026,-0.011,0.006,-0.005,14.850,-290.780,381.990,-178.400,-1.570,-114.790,1,0.0069,-0.0110,0.0482,0
7230687,-0.106,-0.273,-0.001,-0.011,0.006,-0.004,14.850,-290.780,381.990,-178.400,-1.570,-114.790,1,0.0069,-0.0110,0.0482,0
7230781,-0.104,-0.264,-0.011,-0.011,0.006,-0.004,14.850,-290.780,381.990,-178.400,-1.570,-114.790,1,0.0069,-0.0110,0.0482,0
7230859,-0.094,-0.284,0.057,-0.011,0.005,-0.005,14.850,-290.780,381.990,-178.400,-1.570,-114.790,1,0.0069,-0.0110,0.0482,0
7230937,-0.097,-0.275,0.040,-0.011,0.006,-0.005,14.850,-290.780,381.990,-178.400,-1.570,-114.790,1,0.0069,-0.0110,0.0482,0
7231046,-0.093,-0.259,0.009,-0.011,0.006,-0.004,14.850,-290.780,381.990,-178.400,-1.570,-114.790,1,0.0069,-0.0110,0.0482,0
7231156,-0.096,-0.261,0.037,-0.010,0.006,-0.005,14.850,-290.780,381.990,-178.400,-1.570,-114.790,1,0.0069,-0.0110,0.0482,0
7231296,-0.107,-0.271,-0.034,-0.011,0.006,-0.004,14.850,-290.780,381.990,-178.400,-1.570,-114.790,1,0.0069,-0.0110,0.0482,0
7231343,-0.102,-0.269,0.010,-0.011,0.006,-0.004,14.850,-290.780,381.990,-178.400,-1.570,-114.790,1,0.0069,-0.0110,0.0482,0
7231390,-0.108,-0.261,0.012,-0.011,0.006,-0.004,14.850,-290.780,381.990,-178.400,-1.570,-114.790,1,0.0069,-0.0110,0.0482,0
7231468,-0.112,-0.261,0.004,-0.010,0.006,-0.004,14.850,-290.780,381.990,-178.400,-1.570,-114.790,1,0.0069,-0.0110,0.0482,0
7231609,-0.100,-0.263,0.004,-0.011,0.006,-0.004,14.850,-290.780,381.990,-178.400,-1.570,-114.790,1,0.0069,-0.0110,0.0482,0
7231703,-0.094,-0.255,-0.025,-0.011,0.006,-0.003,14.850,-290.780,381.990,-178.400,-1.570,-114.790,1,0.0069,-0.0110,0.0482,0
7231812,-0.106,-0.274,0.050,-0.011,0.006,-0.005,14.850,-290.780,381.990,-178.400,-1.570,-114.790,1,0.0069,-0.0110,0.0482,0
7231890,-0.092,-0.270,0.004,-0.011,0.005,-0.004,14.850,-290.780,381.990,-178.400,-1.570,-114.790,1,0.0069,-0.0110,0.0482,0
7231984,-0.099,-0.276,-0.023,-0.011,0.005,-0.003,14.850,-290.780,381.990,-178.400,-1.570,-114.790,1,0.0069,-0.0110,0.0482,0
7232062,-0.107,-0.253,0.031,-0.010,0.006,-0.004,14.850,-290.780,381.990,-178.400,-1.570,-114.790,1,0.0069,-0.0110,0.0482,0
7232140,-0.095,-0.262,0.051,-0.010,0.006,-0.005,14.850,-290.780,381.990,-178.400,-1.570,-114.790,1,0.0069,-0.0110,0.0482,0
7232250,-0.087,-0.272,-0.004,-0.011,0.006,-0.003,14.850,-290.780,381.990,-178.400,-1.570,-114.790,1,0.0069,-0.0110,0.0482,0
7232359,-0.104,-0.251,-0.018,-0.010,0.006,-0.003,14.850,-290.780,381.990,-178.400,-1.570,-114.790,1,0.0069,-0.0110,0.0482,0
7232500,-0.084,-0.262,0.032,-0.011,0.005,-0.005,14.850,-290.780,381.990,-178.400,-1.570,-114.790,1,0.0069,-0.0110,0.0482,0
7232546,-0.092,-0.261,0.023,-0.011,0.005,-0.004,14.850,-290.780,381.990,-178.400,-1.570,-114.790,1,0.0069,-0.0110,0.0482,0
7232593,-0.093,-0.257,-0.006,-0.011,0.005,-0.003,14.850,-290.780,381.990,-178.400,-1.570,-114.790,1,0.0069,-0.0110,0.0482,0
7232671,-0.094,-0.248,-0.005,-0.010,0.005,-0.003,14.850,-290.780,381.990,-178.400,-1.570,-114.790,1,0.0069,-0.0110,0.0482,0
7232812,-0.094,-0.270,-0.017,-0.011,0.006,-0.004,14.850,-290.780,381.990,-178.400,-1.570,-114.790,1,0.0069,-0.0110,0.0482,0
7232906,-0.099,-0.262,0.039,-0.011,0.005,-0.005,14.850,-290.780,381.990,-178.400,-1.570,-114.790,1,0.0069,-0.0110,0.0482,0
7233015,-0.088,-0.266,0.035,-0.011,0.005,-0.005,14.850,-290.780,381.990,-178.400,-1.570,-114.790,1,0.0069,-0.0110,0.0482,0
7233093,-0.088,-0.262,0.025,-0.011,0.005,-0.005,14.850,-290.780,381.990,-178.400,-1.570,-114.790,1,0.0069,-0.0110,0.0482,0
7233187,-0.094,-0.259,0.024,-0.011,0.005,-0.005,14.850,-290.780,381.990,-178.400,-1.570,-114.790,1,0.0069,-0.0110,0.0482,0
7233265,-0.087,-0.251,-0.001,-0.010,0.005,-0.003,14.850,-290.780,381.990,-178.400,-1.570,-114.790,1,0.0069,-0.0110,0.0482,0
7233343,-0.101,-0.268,0.067,-0.011,0.006,-0.005,14.850,-290.780,381.990,-178.400,-1.570,-114.790,1,0.0069,-0.0110,0.0482,0
7233453,-0.090,-0.252,0.014,-0.010,0.005,-0.004,14.850,-290.780,381.990,-178.400,-1.570,-114.790,1,0.0069,-0.0110,0.0482,0
7233546,-0.089,-0.252,-0.015,-0.011,0.005,-0.003,14.850,-290.780,381.990,-178.400,-1.570,-114.790,1,0.0069,-0.0110,0.0482,0
7233703,-0.094,-0.261,0.024,-0.011,0.005,-0.004,14.850,-290.780,381.990,-178.400,-1.570,-114.790,1,0.0069,-0.0110,0.0482,0
7233750,-0.086,-0.260,0.013,-0.011,0.005,-0.004,14.850,-290.780,381.990,-178.400,-1.570,-114.790,1,0.0069,-0.0110,0.0482,0
7233796,-0.089,-0.256,0.024,-0.010,0.005,-0.004,14.850,-290.780,381.990,-178.400,-1.570,-114.790,1,0.0069,-0.0110,0.0482,0
7233875,-0.085,-0.258,0.031,-0.011,0.005,-0.005,14.850,-290.780,381.990,-178.400,-1.570,-114.790,1,0.0069,-0.0110,0.0482,0
7234000,-0.078,-0.249,0.025,-0.010,0.005,-0.005,14.850,-290.780,381.990,-178.400,-1.570,-114.790,1,0.0069,-0.0110,0.0482,0
7234093,-0.071,-0.234,0.009,-0.010,0.005,-0.004,14.850,-290.780,381.990,-178.400,-1.570,-114.790,1,0.0069,-0.0110,0.0482,0
7234203,-0.089,-0.253,0.033,-0.010,0.005,-0.004,14.850,-290.780,381.990,-178.400,-1.570,-114.790,1,0.0069,-0.0110,0.0482,0
7234281,-0.082,-0.260,0.057,-0.010,0.005,-0.006,14.850,-290.780,381.990,-178.400,-1.570,-114.790,1,0.0069,-0.0110,0.0482,0
7234390,-0.097,-0.247,0.004,-0.010,0.005,-0.004,14.850,-290.780,381.990,-178.400,-1.570,-114.790,1,0.0069,-0.0110,0.0482,0
7234468,-0.085,-0.255,0.010,-0.010,0.005,-0.004,14.850,-290.780,381.990,-178.400,-1.570,-114.790,1,0.0069,-0.0110,0.0482,0
7234546,-0.081,-0.252,0.016,-0.010,0.005,-0.004,14.850,-290.780,381.990,-178.400,-1.570,-114.790,1,0.0069,-0.0110,0.0482,0
7234640,-0.085,-0.245,-0.003,-0.010,0.005,-0.004,14.850,-290.780,381.990,-178.400,-1.570,-114.790,1,0.0069,-0.0110,0.0482,0
7234765,-0.071,-0.247,0.022,-0.010,0.005,-0.005,14.850,-290.780,381.990,-178.400,-1.570,-114.790,1,0.0069,-0.0110,0.0482,0
7234890,-0.089,-0.263,-0.004,-0.011,0.005,-0.004,14.850,-290.780,381.990,-178.400,-1.570,-114.790,1,0.0069,-0.0110,0.0482,0
7234937,-0.078,-0.264,0.013,-0.011,0.005,-0.005,14.850,-290.780,381.990,-178.400,-1.570,-114.790,1,0.0069,-0.0110,0.0482,0
7234984,-0.078,-0.262,0.017,-0.011,0.005,-0.004,14.850,-290.780,381.990,-178.400,-1.570,-114.790,1,0.0069,-0.0110,0.0482,0
7235062,-0.105,-0.248,-0.035,-0.010,0.006,-0.002,14.850,-290.780,381.990,-178.400,-1.570,-114.790,1,0.0069,-0.0110,0.0482,0
7235203,-0.079,-0.271,0.025,-0.011,0.005,-0.005,14.850,-290.780,381.990,-178.400,-1.570,-114.790,1,0.0069,-0.0110,0.0482,0
7235296,-0.088,-0.258,0.037,-0.010,0.005,-0.005,14.850,-290.780,381.990,-178.400,-1.570,-114.790,1,0.0069,-0.0110,0.0482,0
7235406,-0.077,-0.255,-0.012,-0.010,0.005,-0.003,14.850,-290.780,381.990,-178.400,-1.570,-114.790,1,0.0069,-0.0110,0.0482,0
7235484,-0.081,-0.260,0.045,-0.010,0.005,-0.005,14.850,-290.780,381.990,-178.400,-1.570,-114.790,1,0.0069,-0.0110,0.0482,0
7235578,-0.082,-0.260,0.028,-0.011,0.005,-0.005,14.850,-290.780,381.990,-178.400,-1.570,-114.790,1,0.0069,-0.0110,0.0482,0
7235656,-0.079,-0.258,0.037,-0.011,0.005,-0.005,14.850,-290.780,381.990,-178.400,-1.570,-114.790,1,0.0069,-0.0110,0.0482,0
7235734,-0.083,-0.261,-0.002,-0.011,0.005,-0.005,14.850,-290.780,381.990,-178.400,-1.570,-114.790,1,0.0069,-0.0110,0.0482,0
7235843,-0.080,-0.260,0.028,-0.011,0.005,-0.005,14.850,-290.780,381.990,-178.400,-1.570,-114.790,1,0.0069,-0.0110,0.0482,0
7235953,-0.076,-0.256,-0.013,-0.010,0.005,-0.004,14.850,-290.780,381.990,-178.400,-1.570,-114.790,1,0.0069,-0.0110,0.0482,0
7236093,-0.079,-0.262,0.027,-0.011,0.005,-0.005,14.850,-290.780,381.990,-178.400,-1.570,-114.790,1,0.0069,-0.0110,0.0482,0
7236140,-0.078,-0.261,0.031,-0.011,0.005,-0.005,14.850,-290.780,381.990,-178.400,-1.570,-114.790,1,0.0069,-0.0110,0.0482,0
7236187,-0.074,-0.239,-0.029,-0.010,0.005,-0.002,14.850,-290.780,381.990,-178.400,-1.570,-114.790,1,0.0069,-0.0110,0.0482,0
7236265,-0.085,-0.262,-0.007,-0.010,0.005,-0.003,14.850,-290.780,381.990,-178.400,-1.570,-114.790,1,0.0069,-0.0110,0.0482,0
7236406,-0.071,-0.265,0.050,-0.010,0.005,-0.005,14.850,-290.780,381.990,-178.400,-1.570,-114.790,1,0.0069,-0.0110,0.0482,0
7236500,-0.079,-0.258,0.008,-0.010,0.005,-0.004,14.850,-290.780,381.990,-178.400,-1.570,-114.790,1,0.0069,-0.0110,0.0482,0
7236609,-0.082,-0.267,0.009,-0.011,0.005,-0.004,14.850,-290.780,381.990,-178.400,-1.570,-114.790,1,0.0069,-0.0110,0.0482,0
7236687,-0.081,-0.260,0.016,-0.010,0.005,-0.004,14.850,-290.780,381.990,-178.400,-1.570,-114.790,1,0.0069,-0.0110,0.0482,0
7236781,-0.072,-0.257,-0.021,-0.010,0.005,-0.003,14.850,-290.780,381.990,-178.400,-1.570,-114.790,1,0.0069,-0.0110,0.0482,0
7236859,-0.072,-0.262,0.024,-0.010,0.005,-0.004,14.850,-290.780,381.990,-178.400,-1.570,-114.790,1,0.0069,-0.0110,0.0482,0
7236937,-0.045,-0.254,0.020,-0.010,0.004,-0.005,14.850,-290.780,381.990,-178.400,-1.570,-114.790,1,0.0069,-0.0110,0.0482,0
7237046,-0.068,-0.269,0.036,-0.011,0.005,-0.005,14.850,-290.780,381.990,-178.400,-1.570,-114.790,1,0.0069,-0.0110,0.0482,0
7237156,-0.087,-0.267,0.008,-0.010,0.005,-0.003,14.850,-290.780,381.990,-178.400,-1.570,-114.790,1,0.0069,-0.0110,0.0482,0
7237296,-0.109,-0.244,-0.049,-0.010,0.006,-0.001,14.850,-290.780,381.990,-178.400,-1.570,-114.790,1,0.0069,-0.0110,0.0482,0
7237343,-0.084,-0.263,0.022,-0.011,0.005,-0.005,14.850,-290.780,381.990,-178.400,-1.570,-114.790,1,0.0069,-0.0110,0.0482,0
7237390,-0.078,-0.245,-0.009,-0.010,0.005,-0.004,14.850,-290.780,381.990,-178.400,-1.570,-114.790,1,0.0069,-0.0110,0.0482,0
7237468,-0.082,-0.249,0.015,-0.010,0.005,-0.004,14.850,-290.780,381.990,-178.400,-1.570,-114.790,1,0.0069,-0.0110,0.0482,0
7237609,-0.106,-0.245,-0.018,-0.009,0.006,-0.001,14.850,-290.780,381.990,-178.400,-1.570,-114.790,1,0.0069,-0.0110,0.0482,0
7237703,-0.068,-0.258,0.043,-0.010,0.005,-0.005,14.850,-290.780,381.990,-178.400,-1.570,-114.790,1,0.0069,-0.0110,0.0482,0
7237812,-0.096,-0.262,-0.019,-0.010,0.006,-0.003,14.850,-290.780,381.990,-178.400,-1.570,-114.790,1,0.0069,-0.0110,0.0482,0
7237890,-0.110,-0.255,-0.036,-0.009,0.006,-0.001,14.850,-290.780,381.990,-178.400,-1.570,-114.790,1,0.0069,-0.0110,0.0482,0
7237968,-0.081,-0.255,0.011,-0.010,0.005,-0.004,14.850,-290.780,381.990,-178.400,-1.570,-114.790,1,0.0069,-0.0110,0.0482,0
7238046,-0.068,-0.266,0.028,-0.010,0.005,-0.005,14.850,-290.780,381.990,-178.400,-1.570,-114.790,1,0.0069,-0.0110,0.0482,0
7238140,-0.086,-0.260,0.008,-0.010,0.005,-0.003,14.850,-290.780,381.990,-178.400,-1.570,-114.790,1,0.0069,-0.0110,0.0482,0
7238250,-0.080,-0.258,0.020,-0.010,0.005,-0.004,14.850,-290.780,381.990,-178.400,-1.570,-114.790,1,0.0069,-0.0110,0.0482,0
7238359,-0.078,-0.260,0.018,-0.010,0.006,-0.004,14.850,-290.780,381.990,-178.400,-1.570,-114.790,1,0.0069,-0.0110,0.0482,0
7238500,-0.091,-0.261,-0.002,-0.010,0.005,-0.003,14.850,-290.780,381.990,-178.400,-1.570,-114.790,1,0.0069,-0.0110,0.0482,0
7238546,-0.087,-0.260,0.004,-0.010,0.005,-0.004,14.850,-290.780,381.990,-178.400,-1.570,-114.790,1,0.0069,-0.0110,0.0482,0
7238593,-0.078,-0.276,0.026,-0.011,0.005,-0.004,14.850,-290.780,381.990,-178.400,-1.570,-114.790,1,0.0069,-0.0110,0.0482,0
7238671,-0.085,-0.266,0.020,-0.010,0.005,-0.004,14.850,-290.780,381.990,-178.400,-1.570,-114.790,1,0.0069,-0.0110,0.0482,0
7238812,-0.115,-0.233,0.006,-0.009,0.006,-0.002,14.850,-290.780,381.990,-178.400,-1.570,-114.790,1,0.0069,-0.0110,0.0482,0
7238906,-0.073,-0.269,0.011,-0.011,0.005,-0.004,14.850,-290.780,381.990,-178.400,-1.570,-114.790,1,0.0069,-0.0110,0.0482,0
7239015,-0.113,-0.257,-0.005,-0.010,0.006,-0.002,14.850,-290.780,381.990,-178.400,-1.570,-114.790,1,0.0069,-0.0110,0.0482,0
7239093,-0.089,-0.253,-0.005,-0.010,0.006,-0.003,14.850,-290.780,381.990,-178.400,-1.570,-114.790,1,0.0069,-0.0110,0.0482,0
7239187,-0.123,-0.285,-0.007,-0.010,0.006,-0.002,14.850,-290.780,381.990,-178.400,-1.570,-114.790,1,0.0069,-0.0110,0.0482,0
7239265,-0.103,-0.258,0.000,-0.009,0.006,-0.002,14.850,-290.780,381.990,-178.400,-1.570,-114.790,1,0.0069,-0.0110,0.0482,0
7239343,-0.091,-0.265,0.002,-0.010,0.006,-0.004,14.850,-290.780,381.990,-178.400,-1.570,-114.790,1,0.0069,-0.0110,0.0482,0
7239453,-0.091,-0.269,0.005,-0.011,0.005,-0.004,14.850,-290.780,381.990,-178.400,-1.570,-114.790,1,0.0069,-0.0110,0.0482,0
7239562,-0.099,-0.270,0.016,-0.010,0.006,-0.003,14.850,-290.780,381.990,-178.400,-1.570,-114.790,1,0.0069,-0.0110,0.0482,0
7239687,-0.124,-0.267,-0.004,-0.010,0.007,-0.002,14.850,-290.780,381.990,-178.400,-1.570,-114.790,1,0.0069,-0.0110,0.0482,0
7239734,-0.116,-0.273,-0.012,-0.010,0.006,-0.003,14.850,-290.780,381.990,-178.400,-1.570,-114.790,1,0.0069,-0.0110,0.0482,0
7239781,-0.105,-0.273,0.009,-0.010,0.006,-0.004,14.850,-290.780,381.990,-178.400,-1.570,-114.790,1,0.0069,-0.0110,0.0482,0
7239859,-0.119,-0.269,-0.016,-0.010,0.006,-0.003,14.850,-290.780,381.990,-178.400,-1.570,-114.790,1,0.0069,-0.0110,0.0482,0
7240000,-0.101,-0.274,0.012,-0.011,0.006,-0.004,14.850,-290.780,381.990,-178.400,-1.570,-114.790,1,0.0069,-0.0110,0.0482,0
7240093,-0.089,-0.260,0.017,-0.010,0.005,-0.003,14.850,-290.780,381.990,-178.400,-1.570,-114.790,1,0.0069,-0.0110,0.0482,0
7240203,-0.113,-0.257,0.018,-0.010,0.006,-0.003,14.850,-290.780,381.990,-178.400,-1.570,-114.790,1,0.0069,-0.0110,0.0482,0
7240281,-0.108,-0.256,0.037,-0.010,0.006,-0.004,14.850,-290.780,381.990,-178.400,-1.570,-114.790,1,0.0069,-0.0110,0.0482,0
7240375,-0.121,-0.262,0.066,-0.010,0.006,-0.005,14.850,-290.780,381.990,-178.400,-1.570,-114.790,1,0.0069,-0.0110,0.0482,0
7240468,-0.096,-0.264,-0.015,-0.011,0.006,-0.003,14.850,-290.780,381.990,-178.400,-1.570,-114.790,1,0.0069,-0.0110,0.0482,0
7240546,-0.129,-0.266,0.013,-0.010,0.006,-0.004,14.850,-290.780,381.990,-178.400,-1.570,-114.790,1,0.0069,-0.0110,0.0482,0
7240656,-0.091,-0.252,0.020,-0.010,0.006,-0.004,14.850,-290.780,381.990,-178.400,-1.570,-114.790,1,0.0069,-0.0110,0.0482,0
7240765,-0.096,-0.266,-0.001,-0.011,0.005,-0.003,14.850,-290.780,381.990,-178.400,-1.570,-114.790,1,0.0069,-0.0110,0.0482,0
7240906,-0.092,-0.275,0.038,-0.011,0.006,-0.004,14.850,-290.780,381.990,-178.400,-1.570,-114.790,1,0.0069,-0.0110,0.0482,0
7240953,-0.099,-0.271,0.025,-0.011,0.006,-0.004,14.850,-290.780,381.990,-178.400,-1.570,-114.790,1,0.0069,-0.0110,0.0482,0
7241000,-0.092,-0.281,0.068,-0.011,0.005,-0.005,14.850,-290.780,381.990,-178.400,-1.570,-114.790,1,0.0069,-0.0110,0.0482,0
7241078,-0.100,-0.280,0.031,-0.011,0.006,-0.005,14.850,-290.780,381.990,-178.400,-1.570,-114.790,1,0.0069,-0.0110,0.0482,0
7241218,-0.112,-0.276,0.005,-0.010,0.006,-0.004,14.850,-290.780,381.990,-178.400,-1.570,-114.790,1,0.0069,-0.0110,0.0482,0
7241312,-0.111,-0.284,0.048,-0.010,0.006,-0.005,14.850,-290.780,381.990,-178.400,-1.570,-114.790,1,0.0069,-0.0110,0.0482,0
7241421,-0.098,-0.260,-0.011,-0.011,0.006,-0.003,14.850,-290.780,381.990,-178.400,-1.570,-114.790,1,0.0069,-0.0110,0.0482,0
7241500,-0.096,-0.251,0.025,-0.010,0.006,-0.003,14.850,-290.780,381.990,-178.400,-1.570,-114.790,1,0.0069,-0.0110,0.0482,0
7241593,-0.092,-0.266,0.046,-0.011,0.006,-0.005,14.850,-290.780,381.990,-178.400,-1.570,-114.790,1,0.0069,-0.0110,0.0482,0
7241671,-0.086,-0.279,0.001,-0.011,0.005,-0.005,14.850,-290.780,381.990,-178.400,-1.570,-114.790,1,0.0069,-0.0110,0.0482,0
7241750,-0.086,-0.268,-0.014,-0.011,0.005,-0.004,14.850,-290.780,381.990,-178.400,-1.570,-114.790,1,0.0069,-0.0110,0.0482,0
7241859,-0.070,-0.263,0.009,-0.011,0.005,-0.004,14.850,-290.780,381.990,-178.400,-1.570,-114.790,1,0.0069,-0.0110,0.0482,0
7241968,-0.088,-0.259,-0.020,-0.010,0.005,-0.003,14.850,-290.780,381.990,-178.400,-1.570,-114.790,1,0.0069,-0.0110,0.0482,0
7242109,-0.089,-0.265,0.010,-0.010,0.006,-0.004,14.850,-290.780,381.990,-178.400,-1.570,-114.790,1,0.0069,-0.0110,0.0482,0
7242156,-0.087,-0.280,0.001,-0.011,0.005,-0.004,14.850,-290.780,381.990,-178.400,-1.570,-114.790,1,0.0069,-0.0110,0.0482,0
7242203,-0.084,-0.271,-0.007,-0.011,0.005,-0.003,14.850,-290.780,381.990,-178.400,-1.570,-114.790,1,0.0069,-0.0110,0.0482,0
7242281,-0.074,-0.280,0.013,-0.011,0.005,-0.004,14.850,-290.780,381.990,-178.400,-1.570,-114.790,1,0.0069,-0.0110,0.0482,0
7242406,-0.083,-0.270,0.035,-0.011,0.005,-0.005,14.850,-290.780,381.990,-178.400,-1.570,-114.790,1,0.0069,-0.0110,0.0482,0
7242500,-0.087,-0.258,-0.003,-0.011,0.006,-0.004,14.850,-290.780,381.990,-178.400,-1.570,-114.790,1,0.0069,-0.0110,0.0482,0
7242609,-0.075,-0.251,-0.007,-0.010,0.006,-0.004,14.850,-290.780,381.990,-178.400,-1.570,-114.790,1,0.0069,-0.0110,0.0482,0
7242687,-0.070,-0.240,0.014,-0.010,0.005,-0.004,14.850,-290.780,381.990,-178.400,-1.570,-114.790,1,0.0069,-0.0110,0.0482,0
7242781,-0.083,-0.252,0.005,-0.010,0.005,-0.004,14.850,-290.780,381.990,-178.400,-1.570,-114.790,1,0.0069,-0.0110,0.0482,0
7242859,-0.079,-0.272,0.054,-0.011,0.005,-0.006,14.850,-290.780,381.990,-178.400,-1.570,-114.790,1,0.0069,-0.0110,0.0482,0
7242937,-0.094,-0.261,-0.028,-0.010,0.005,-0.003,14.850,-290.780,381.990,-178.400,-1.570,-114.790,1,0.0069,-0.0110,0.0482,0
7243046,-0.094,-0.251,-0.000,-0.010,0.006,-0.003,14.850,-290.780,381.990,-178.400,-1.570,-114.790,1,0.0069,-0.0110,0.0482,0
7243156,-0.071,-0.263,0.027,-0.010,0.005,-0.005,14.850,-290.780,381.990,-178.400,-1.570,-114.790,1,0.0069,-0.0110,0.0482,0
7243296,-0.089,-0.253,0.010,-0.010,0.006,-0.003,14.850,-290.780,381.990,-178.400,-1.570,-114.790,1,0.0069,-0.0110,0.0482,0
7243343,-0.071,-0.263,0.036,-0.011,0.005,-0.005,14.850,-290.780,381.990,-178.400,-1.570,-114.790,1,0.0069,-0.0110,0.0482,0
7243390,-0.075,-0.254,0.021,-0.010,0.005,-0.004,14.850,-290.780,381.990,-178.400,-1.570,-114.790,1,0.0069,-0.0110,0.0482,0
7243468,-0.087,-0.256,0.000,-0.010,0.005,-0.003,14.850,-290.780,381.990,-178.400,-1.570,-114.790,1,0.0069,-0.0110,0.0482,0
7243609,-0.077,-0.277,0.014,-0.011,0.005,-0.005,14.850,-290.780,381.990,-178.400,-1.570,-114.790,1,0.0069,-0.0110,0.0482,0
7243703,-0.103,-0.244,-0.028,-0.010,0.006,-0.002,14.850,-290.780,381.990,-178.400,-1.570,-114.790,1,0.0069,-0.0110,0.0482,0
7243812,-0.093,-0.244,0.003,-0.010,0.006,-0.003,14.850,-290.780,381.990,-178.400,-1.570,-114.790,1,0.0069,-0.0110,0.0482,0
7243890,-0.087,-0.266,0.021,-0.010,0.005,-0.004,14.850,-290.780,381.990,-178.400,-1.570,-114.790,1,0.0069,-0.0110,0.0482,0
7243968,-0.099,-0.250,-0.008,-0.009,0.006,-0.002,14.850,-290.780,381.990,-178.400,-1.570,-114.790,1,0.0069,-0.0110,0.0482,0
7244046,-0.085,-0.250,0.001,-0.010,0.005,-0.003,14.850,-290.780,381.990,-178.400,-1.570,-114.790,1,0.0069,-0.0110,0.0482,0
7244125,-0.089,-0.266,0.001,-0.010,0.005,-0.003,14.850,-290.780,381.990,-178.400,-1.570,-114.790,1,0.0069,-0.0110,0.0482,0
7244234,-0.098,-0.254,-0.002,-0.010,0.006,-0.002,14.850,-290.780,381.990,-178.400,-1.570,-114.790,1,0.0069,-0.0110,0.0482,0
7244343,-0.088,-0.262,0.011,-0.010,0.005,-0.004,14.850,-290.780,381.990,-178.400,-1.570,-114.790,1,0.0069,-0.0110,0.0482,0
7244484,-0.098,-0.254,0.006,-0.010,0.006,-0.003,14.850,-290.780,381.990,-178.400,-1.570,-114.790,1,0.0069,-0.0110,0.0482,0
7244531,-0.105,-0.253,0.022,-0.010,0.006,-0.002,14.850,-290.780,381.990,-178.400,-1.570,-114.790,1,0.0069,-0.0110,0.0482,0
7244578,-0.101,-0.255,0.005,-0.010,0.006,-0.003,14.850,-290.780,381.990,-178.400,-1.570,-114.790,1,0.0069,-0.0110,0.0482,0
7244656,-0.086,-0.259,-0.002,-0.010,0.006,-0.004,14.850,-290.780,381.990,-178.400,-1.570,-114.790,1,0.0069,-0.0110,0.0482,0
7244796,-0.102,-0.261,0.012,-0.010,0.006,-0.004,14.850,-290.780,381.990,-178.400,-1.570,-114.790,1,0.0069,-0.0110,0.0482,0
7244890,-0.085,-0.265,0.010,-0.011,0.006,-0.004,14.850,-290.780,381.990,-178.400,-1.570,-114.790,1,0.0069,-0.0110,0.0482,0
7245000,-0.085,-0.270,0.008,-0.011,0.005,-0.004,14.850,-290.780,381.990,-178.400,-1.570,-114.790,1,0.0069,-0.0110,0.0482,0
7245078,-0.104,-0.242,0.021,-0.010,0.006,-0.003,14.850,-290.780,381.990,-178.400,-1.570,-114.790,1,0.0069,-0.0110,0.0482,0
7245171,-0.099,-0.251,0.041,-0.010,0.006,-0.004,14.850,-290.780,381.990,-178.400,-1.570,-114.790,1,0.0069,-0.0110,0.0482,0
7245250,-0.117,-0.241,0.030,-0.009,0.007,-0.003,14.850,-290.780,381.990,-178.400,-1.570,-114.790,1,0.0069,-0.0110,0.0482,0
7245328,-0.081,-0.271,-0.004,-0.012,0.005,-0.004,14.850,-290.780,381.990,-178.400,-1.570,-114.790,1,0.0069,-0.0110,0.0482,0
7245437,-0.105,-0.260,0.013,-0.010,0.006,-0.004,14.850,-290.780,381.990,-178.400,-1.570,-114.790,1,0.0069,-0.0110,0.0482,0
7245531,-0.104,-0.269,0.008,-0.010,0.006,-0.004,14.850,-290.780,381.990,-178.400,-1.570,-114.790,1,0.0069,-0.0110,0.0482,0
7245671,-0.091,-0.269,0.030,-0.010,0.006,-0.004,14.850,-290.780,381.990,-178.400,-1.570,-114.790,1,0.0069,-0.0110,0.0482,0
7245718,-0.091,-0.259,0.031,-0.010,0.006,-0.003,14.850,-290.780,381.990,-178.400,-1.570,-114.790,1,0.0069,-0.0110,0.0482,0
7245765,-0.089,-0.263,0.015,-0.011,0.006,-0.004,14.850,-290.780,381.990,-178.400,-1.570,-114.790,1,0.0069,-0.0110,0.0482,0
7245843,-0.098,-0.270,-0.029,-0.011,0.005,-0.004,14.850,-290.780,381.990,-178.400,-1.570,-114.790,1,0.0069,-0.0110,0.0482,0
7245984,-0.094,-0.274,0.044,-0.010,0.006,-0.004,14.850,-290.780,381.990,-178.400,-1.570,-114.790,1,0.0069,-0.0110,0.0482,0
7246078,-0.097,-0.280,0.066,-0.011,0.005,-0.005,14.850,-290.780,381.990,-178.400,-1.570,-114.790,1,0.0069,-0.0110,0.0482,0
7246187,-0.101,-0.270,0.003,-0.011,0.006,-0.004,14.850,-290.780,381.990,-178.400,-1.570,-114.790,1,0.0069,-0.0110,0.0482,0
7246265,-0.084,-0.265,0.027,-0.011,0.005,-0.004,14.850,-290.780,381.990,-178.400,-1.570,-114.790,1,0.0069,-0.0110,0.0482,0
7246359,-0.103,-0.278,0.043,-0.011,0.006,-0.005,14.850,-290.780,381.990,-178.400,-1.570,-114.790,1,0.0069,-0.0110,0.0482,0
7246437,-0.087,-0.274,-0.007,-0.011,0.005,-0.004,14.850,-290.780,381.990,-178.400,-1.570,-114.790,1,0.0069,-0.0110,0.0482,0
7246515,-0.086,-0.253,0.051,-0.010,0.005,-0.004,14.850,-290.780,381.990,-178.400,-1.570,-114.790,1,0.0069,-0.0110,0.0482,0
7246625,-0.093,-0.271,0.047,-0.010,0.005,-0.005,14.850,-290.780,381.990,-178.400,-1.570,-114.790,1,0.0069,-0.0110,0.0482,0
7246734,-0.085,-0.272,0.011,-0.011,0.005,-0.004,14.850,-290.780,381.990,-178.400,-1.570,-114.790,1,0.0069,-0.0110,0.0482,0
7246875,-0.081,-0.279,0.034,-0.011,0.005,-0.005,14.850,-290.780,381.990,-178.400,-1.570,-114.790,1,0.0069,-0.0110,0.0482,0
7246921,-0.089,-0.277,0.033,-0.011,0.005,-0.005,14.850,-290.780,381.990,-178.400,-1.570,-114.790,1,0.0069,-0.0110,0.0482,0
7246968,-0.091,-0.271,-0.010,-0.011,0.005,-0.003,14.850,-290.780,381.990,-178.400,-1.570,-114.790,1,0.0069,-0.0110,0.0482,0
7247046,-0.066,-0.271,-0.024,-0.011,0.005,-0.003,14.850,-290.780,381.990,-178.400,-1.570,-114.790,1,0.0069,-0.0110,0.0482,0
7247187,-0.094,-0.270,0.003,-0.011,0.006,-0.004,14.850,-290.780,381.990,-178.400,-1.570,-114.790,1,0.0069,-0.0110,0.0482,0
7247281,-0.082,-0.275,0.031,-0.011,0.005,-0.005,14.850,-290.780,381.990,-178.400,-1.570,-114.790,1,0.0069,-0.0110,0.0482,0
7247390,-0.090,-0.270,0.008,-0.011,0.005,-0.004,14.850,-290.780,381.990,-178.400,-1.570,-114.790,1,0.0069,-0.0110,0.0482,0
7247468,-0.082,-0.277,0.034,-0.011,0.005,-0.005,14.850,-290.780,381.990,-178.400,-1.570,-114.790,1,0.0069,-0.0110,0.0482,0
7247546,-0.084,-0.271,0.031,-0.011,0.005,-0.005,14.850,-290.780,381.990,-178.400,-1.570,-114.790,1,0.0069,-0.0110,0.0482,0
7247640,-0.078,-0.260,-0.018,-0.011,0.006,-0.004,14.850,-290.780,381.990,-178.400,-1.570,-114.790,1,0.0069,-0.0110,0.0482,0
7247718,-0.085,-0.255,-0.037,-0.010,0.005,-0.002,14.850,-290.780,381.990,-178.400,-1.570,-114.790,1,0.0069,-0.0110,0.0482,0
7247828,-0.075,-0.263,0.031,-0.011,0.005,-0.005,14.850,-290.780,381.990,-178.400,-1.570,-114.790,1,0.0069,-0.0110,0.0482,0
7247921,-0.078,-0.257,0.033,-0.011,0.005,-0.005,14.850,-290.780,381.990,-178.400,-1.570,-114.790,1,0.0069,-0.0110,0.0482,0
7248062,-0.090,-0.277,-0.019,-0.011,0.005,-0.004,14.850,-290.780,381.990,-178.400,-1.570,-114.790,1,0.0069,-0.0110,0.0482,0
7248109,-0.084,-0.278,0.001,-0.011,0.005,-0.004,14.850,-290.780,381.990,-178.400,-1.570,-114.790,1,0.0069,-0.0110,0.0482,0
7248156,-0.076,-0.273,0.052,-0.011,0.005,-0.005,14.850,-290.780,381.990,-178.400,-1.570,-114.790,1,0.0069,-0.0110,0.0482,0
7248234,-0.079,-0.272,0.007,-0.011,0.005,-0.004,14.850,-290.780,381.990,-178.400,-1.570,-114.790,1,0.0069,-0.0110,0.0482,0
7248375,-0.064,-0.278,0.039,-0.011,0.005,-0.005,14.850,-290.780,381.990,-178.400,-1.570,-114.790,1,0.0069,-0.0110,0.0482,0
7248468,-0.080,-0.254,-0.035,-0.010,0.005,-0.003,14.850,-290.780,381.990,-178.400,-1.570,-114.790,1,0.0069,-0.0110,0.0482,0
7248578,-0.085,-0.270,0.053,-0.010,0.005,-0.005,14.850,-290.780,381.990,-178.400,-1.570,-114.790,1,0.0069,-0.0110,0.0482,0
7248656,-0.079,-0.276,0.020,-0.011,0.005,-0.004,14.850,-290.780,381.990,-178.400,-1.570,-114.790,1,0.0069,-0.0110,0.0482,0
7248750,-0.083,-0.284,-0.005,-0.011,0.005,-0.004,14.850,-290.780,381.990,-178.400,-1.570,-114.790,1,0.0069,-0.0110,0.0482,0
7248828,-0.102,-0.259,0.017,-0.010,0.006,-0.003,14.850,-290.780,381.990,-178.400,-1.570,-114.790,1,0.0069,-0.0110,0.0482,0
7248906,-0.092,-0.265,0.013,-0.010,0.005,-0.004,14.850,-290.780,381.990,-178.400,-1.570,-114.790,1,0.0069,-0.0110,0.0482,0
7249015,-0.099,-0.262,0.016,-0.010,0.006,-0.003,14.850,-290.780,381.990,-178.400,-1.570,-114.790,1,0.0069,-0.0110,0.0482,0
7249125,-0.079,-0.262,0.031,-0.010,0.005,-0.005,14.850,-290.780,381.990,-178.400,-1.570,-114.790,1,0.0069,-0.0110,0.0482,0
7249265,-0.079,-0.254,0.001,-0.010,0.005,-0.003,14.850,-290.780,381.990,-178.400,-1.570,-114.790,1,0.0069,-0.0110,0.0482,0
7249312,-0.104,-0.264,-0.012,-0.010,0.006,-0.002,14.850,-290.780,381.990,-178.400,-1.570,-114.790,1,0.0069,-0.0110,0.0482,0
7249359,-0.111,-0.269,-0.023,-0.010,0.006,-0.002,14.850,-290.780,381.990,-178.400,-1.570,-114.790,1,0.0069,-0.0110,0.0482,0
7249437,-0.086,-0.277,0.008,-0.011,0.005,-0.005,14.850,-290.780,381.990,-178.400,-1.570,-114.790,1,0.0069,-0.0110,0.0482,0
7249578,-0.101,-0.263,-0.006,-0.010,0.006,-0.002,14.850,-290.780,381.990,-178.400,-1.570,-114.790,1,0.0069,-0.0110,0.0482,0
7249671,-0.089,-0.274,0.025,-0.011,0.005,-0.005,14.850,-290.780,381.990,-178.400,-1.570,-114.790,1,0.0069,-0.0110,0.0482,0
7249781,-0.104,-0.262,-0.008,-0.010,0.006,-0.003,14.850,-290.780,381.990,-178.400,-1.570,-114.790,1,0.0069,-0.0110,0.0482,0
7249859,-0.088,-0.264,0.009,-0.010,0.005,-0.003,14.850,-290.780,381.990,-178.400,-1.570,-114.790,1,0.0069,-0.0110,0.0482,0
7249953,-0.094,-0.263,-0.015,-0.011,0.006,-0.003,14.850,-290.780,381.990,-178.400,-1.570,-114.790,1,0.0069,-0.0110,0.0482,0
7250031,-0.117,-0.265,0.009,-0.010,0.006,-0.003,14.850,-290.780,381.990,-178.400,-1.570,-114.790,1,0.0069,-0.0110,0.0482,0
7250109,-0.106,-0.262,0.011,-0.011,0.006,-0.004,14.850,-290.780,381.990,-178.400,-1.570,-114.790,1,0.0069,-0.0110,0.0482,0
7250218,-0.091,-0.277,0.003,-0.011,0.006,-0.004,14.850,-290.780,381.990,-178.400,-1.570,-114.790,1,0.0069,-0.0110,0.0482,0
7250328,-0.114,-0.241,0.003,-0.009,0.006,-0.003,14.850,-290.780,381.990,-178.400,-1.570,-114.790,1,0.0069,-0.0110,0.0482,0
7250468,-0.100,-0.270,0.003,-0.011,0.006,-0.003,14.850,-290.780,381.990,-178.400,-1.570,-114.790,1,0.0069,-0.0110,0.0482,0
7250515,-0.100,-0.266,0.003,-0.011,0.006,-0.004,14.850,-290.780,381.990,-178.400,-1.570,-114.790,1,0.0069,-0.0110,0.0482,0
7250562,-0.116,-0.276,0.014,-0.010,0.006,-0.003,14.850,-290.780,381.990,-178.400,-1.570,-114.790,1,0.0069,-0.0110,0.0482,0
7250640,-0.118,-0.285,0.030,-0.010,0.006,-0.003,14.850,-290.780,381.990,-178.400,-1.570,-114.790,1,0.0069,-0.0110,0.0482,0
7250781,-0.100,-0.268,0.012,-0.011,0.005,-0.004,14.850,-290.780,381.990,-178.400,-1.570,-114.790,1,0.0069,-0.0110,0.0482,0
7250875,-0.095,-0.259,0.006,-0.010,0.006,-0.003,14.850,-290.780,381.990,-178.400,-1.570,-114.790,1,0.0069,-0.0110,0.0482,0
7250984,-0.109,-0.258,-0.004,-0.010,0.006,-0.003,14.850,-290.780,381.990,-178.400,-1.570,-114.790,1,0.0069,-0.0110,0.0482,0
7251062,-0.122,-0.258,-0.020,-0.010,0.006,-0.002,14.850,-290.780,381.990,-178.400,-1.570,-114.790,1,0.0069,-0.0110,0.0482,0
7251156,-0.116,-0.265,-0.005,-0.010,0.006,-0.003,14.850,-290.780,381.990,-178.400,-1.570,-114.790,1,0.0069,-0.0110,0.0482,0
7251234,-0.096,-0.274,0.023,-0.011,0.005,-0.004,14.850,-290.780,381.990,-178.400,-1.570,-114.790,1,0.0069,-0.0110,0.0482,0
7251312,-0.086,-0.277,0.034,-0.012,0.005,-0.006,14.850,-290.780,381.990,-178.400,-1.570,-114.790,1,0.0069,-0.0110,0.0482,0
7251421,-0.123,-0.284,0.023,-0.011,0.006,-0.004,14.850,-290.780,381.990,-178.400,-1.570,-114.790,1,0.0069,-0.0110,0.0482,0
7251531,-0.098,-0.263,0.025,-0.010,0.006,-0.004,14.850,-290.780,381.990,-178.400,-1.570,-114.790,1,0.0069,-0.0110,0.0482,0
7251671,-0.117,-0.243,0.029,-0.009,0.006,-0.003,14.850,-290.780,381.990,-178.400,-1.570,-114.790,1,0.0069,-0.0110,0.0482,0
7251718,-0.099,-0.268,0.016,-0.011,0.006,-0.004,14.850,-290.780,381.990,-178.400,-1.570,-114.790,1,0.0069,-0.0110,0.0482,0
7251765,-0.108,-0.262,-0.011,-0.010,0.006,-0.003,14.850,-290.780,381.990,-178.400,-1.570,-114.790,1,0.0069,-0.0110,0.0482,0
7251843,-0.099,-0.274,0.008,-0.011,0.006,-0.004,14.850,-290.780,381.990,-178.400,-1.570,-114.790,1,0.0069,-0.0110,0.0482,0
7251984,-0.099,-0.274,0.036,-0.011,0.006,-0.005,14.850,-290.780,381.990,-178.400,-1.570,-114.790,1,0.0069,-0.0110,0.0482,0
7252078,-0.094,-0.269,0.017,-0.011,0.005,-0.005,14.850,-290.780,381.990,-178.400,-1.570,-114.790,1,0.0069,-0.0110,0.0482,0
7252187,-0.116,-0.299,0.055,-0.011,0.006,-0.004,14.850,-290.780,381.990,-178.400,-1.570,-114.790,1,0.0069,-0.0110,0.0482,0
7252265,-0.100,-0.272,0.019,-0.011,0.006,-0.003,14.850,-290.780,381.990,-178.400,-1.570,-114.790,1,0.0069,-0.0110,0.0482,0
7252359,-0.098,-0.268,0.014,-0.011,0.006,-0.004,14.850,-290.780,381.990,-178.400,-1.570,-114.790,1,0.0069,-0.0110,0.0482,0
7252437,-0.098,-0.270,-0.019,-0.011,0.006,-0.003,14.850,-290.780,381.990,-178.400,-1.570,-114.790,1,0.0069,-0.0110,0.0482,0
7252515,-0.106,-0.271,-0.006,-0.011,0.006,-0.003,14.850,-290.780,381.990,-178.400,-1.570,-114.790,1,0.0069,-0.0110,0.0482,0
7252625,-0.099,-0.273,0.017,-0.011,0.006,-0.004,14.850,-290.780,381.990,-178.400,-1.570,-114.790,1,0.0069,-0.0110,0.0482,0
7252734,-0.093,-0.264,-0.020,-0.011,0.006,-0.003,14.850,-290.780,381.990,-178.400,-1.570,-114.790,1,0.0069,-0.0110,0.0482,0
7252875,-0.090,-0.272,0.011,-0.011,0.006,-0.004,14.850,-290.780,381.990,-178.400,-1.570,-114.790,1,0.0069,-0.0110,0.0482,0
7252921,-0.071,-0.263,0.028,-0.011,0.005,-0.005,14.850,-290.780,381.990,-178.400,-1.570,-114.790,1,0.0069,-0.0110,0.0482,0
7252968,-0.075,-0.269,0.031,-0.011,0.005,-0.005,14.850,-290.780,381.990,-178.400,-1.570,-114.790,1,0.0069,-0.0110,0.0482,0
7253046,-0.103,-0.280,-0.015,-0.011,0.006,-0.003,14.850,-290.780,381.990,-178.400,-1.570,-114.790,1,0.0069,-0.0110,0.0482,0
7253187,-0.080,-0.289,0.022,-0.012,0.005,-0.005,14.850,-290.780,381.990,-178.400,-1.570,-114.790,1,0.0069,-0.0110,0.0482,0
7253281,-0.097,-0.272,0.009,-0.011,0.006,-0.004,14.850,-290.780,381.990,-178.400,-1.570,-114.790,1,0.0069,-0.0110,0.0482,0
7253390,-0.093,-0.286,0.035,-0.011,0.006,-0.005,14.850,-290.780,381.990,-178.400,-1.570,-114.790,1,0.0069,-0.0110,0.0482,0
7253468,-0.096,-0.275,0.014,-0.011,0.006,-0.004,14.850,-290.780,381.990,-178.400,-1.570,-114.790,1,0.0069,-0.0110,0.0482,0
7253562,-0.073,-0.266,-0.007,-0.010,0.005,-0.003,14.850,-290.780,381.990,-178.400,-1.570,-114.790,1,0.0069,-0.0110,0.0482,0
7253640,-0.054,-0.269,-0.032,-0.010,0.004,-0.003,14.850,-290.780,381.990,-178.400,-1.570,-114.790,1,0.0069,-0.0110,0.0482,0
7253718,-0.081,-0.277,0.028,-0.011,0.005,-0.005,14.850,-290.780,381.990,-178.400,-1.570,-114.790,1,0.0069,-0.0110,0.0482,0
7253812,-0.097,-0.265,-0.014,-0.011,0.006,-0.004,14.850,-290.780,381.990,-178.400,-1.570,-114.790,1,0.0069,-0.0110,0.0482,0
7253921,-0.103,-0.257,-0.020,-0.010,0.006,-0.003,14.850,-290.780,381.990,-178.400,-1.570,-114.790,1,0.0069,-0.0110,0.0482,0
7254062,-0.075,-0.274,0.022,-0.011,0.005,-0.005,14.850,-290.780,381.990,-178.400,-1.570,-114.790,1,0.0069,-0.0110,0.0482,0
7254109,-0.080,-0.272,0.045,-0.011,0.005,-0.005,14.850,-290.780,381.990,-178.400,-1.570,-114.790,1,0.0069,-0.0110,0.0482,0
7254156,-0.096,-0.267,0.005,-0.010,0.006,-0.003,14.850,-290.780,381.990,-178.400,-1.570,-114.790,1,0.0069,-0.0110,0.0482,0
7254234,-0.083,-0.262,-0.008,-0.011,0.005,-0.004,14.850,-290.780,381.990,-178.400,-1.570,-114.790,1,0.0069,-0.0110,0.0482,0
7254375,-0.086,-0.281,0.028,-0.011,0.005,-0.004,14.850,-290.780,381.990,-178.400,-1.570,-114.790,1,0.0069,-0.0110,0.0482,0
7254468,-0.074,-0.283,0.041,-0.011,0.005,-0.005,14.850,-290.780,381.990,-178.400,-1.570,-114.790,1,0.0069,-0.0110,0.0482,0
7254578,-0.086,-0.277,-0.013,-0.011,0.006,-0.003,14.850,-290.780,381.990,-178.400,-1.570,-114.790,1,0.0069,-0.0110,0.0482,0
7254656,-0.079,-0.284,0.006,-0.011,0.005,-0.004,14.850,-290.780,381.990,-178.400,-1.570,-114.790,1,0.0069,-0.0110,0.0482,0
7254750,-0.083,-0.275,-0.001,-0.010,0.005,-0.003,14.850,-290.780,381.990,-178.400,-1.570,-114.790,1,0.0069,-0.0110,0.0482,0
7254828,-0.089,-0.273,-0.015,-0.010,0.006,-0.003,14.850,-290.780,381.990,-178.400,-1.570,-114.790,1,0.0069,-0.0110,0.0482,0
7254906,-0.076,-0.271,0.022,-0.010,0.005,-0.004,14.850,-290.780,381.990,-178.400,-1.570,-114.790,1,0.0069,-0.0110,0.0482,0
7255015,-0.089,-0.266,0.012,-0.010,0.006,-0.004,14.850,-290.780,381.990,-178.400,-1.570,-114.790,1,0.0069,-0.0110,0.0482,0
7255125,-0.085,-0.283,0.023,-0.011,0.006,-0.004,14.850,-290.780,381.990,-178.400,-1.570,-114.790,1,0.0069,-0.0110,0.0482,0
7255265,-0.098,-0.262,0.020,-0.010,0.006,-0.003,14.850,-290.780,381.990,-178.400,-1.570,-114.790,1,0.0069,-0.0110,0.0482,0
7255312,-0.100,-0.266,0.012,-0.010,0.006,-0.003,14.850,-290.780,381.990,-178.400,-1.570,-114.790,1,0.0069,-0.0110,0.0482,0
7255359,-0.088,-0.276,0.032,-0.011,0.005,-0.004,14.850,-290.780,381.990,-178.400,-1.570,-114.790,1,0.0069,-0.0110,0.0482,0
7255437,-0.094,-0.258,-0.019,-0.010,0.005,-0.003,14.850,-290.780,381.990,-178.400,-1.570,-114.790,1,0.0069,-0.0110,0.0482,0
7255578,-0.097,-0.275,0.006,-0.010,0.006,-0.003,14.850,-290.780,381.990,-178.400,-1.570,-114.790,1,0.0069,-0.0110,0.0482,0
7255671,-0.114,-0.290,0.035,-0.010,0.007,-0.003,14.850,-290.780,381.990,-178.400,-1.570,-114.790,1,0.0069,-0.0110,0.0482,0
7255781,-0.089,-0.279,0.016,-0.011,0.006,-0.004,14.850,-290.780,381.990,-178.400,-1.570,-114.790,1,0.0069,-0.0110,0.0482,0
7255859,-0.097,-0.277,0.021,-0.011,0.005,-0.004,14.850,-290.780,381.990,-178.400,-1.570,-114.790,1,0.0069,-0.0110,0.0482,0
7255953,-0.100,-0.267,-0.020,-0.010,0.006,-0.001,14.850,-290.780,381.990,-178.400,-1.570,-114.790,1,0.0069,-0.0110,0.0482,0
7256031,-0.093,-0.278,0.012,-0.011,0.006,-0.004,14.850,-290.780,381.990,-178.400,-1.570,-114.790,1,0.0069,-0.0110,0.0482,0
7256109,-0.115,-0.266,-0.006,-0.010,0.006,-0.002,14.850,-290.780,381.990,-178.400,-1.570,-114.790,1,0.0069,-0.0110,0.0482,0
7256218,-0.100,-0.267,-0.026,-0.010,0.005,-0.002,14.850,-290.780,381.990,-178.400,-1.570,-114.790,1,0.0069,-0.0110,0.0482,0
7256328,-0.106,-0.278,0.019,-0.010,0.006,-0.003,14.850,-290.780,381.990,-178.400,-1.570,-114.790,1,0.0069,-0.0110,0.0482,0
7256468,-0.122,-0.272,0.008,-0.010,0.006,-0.003,14.850,-290.780,381.990,-178.400,-1.570,-114.790,1,0.0069,-0.0110,0.0482,0
7256515,-0.096,-0.276,0.008,-0.011,0.006,-0.004,14.850,-290.780,381.990,-178.400,-1.570,-114.790,1,0.0069,-0.0110,0.0482,0
7256562,-0.107,-0.269,-0.019,-0.010,0.006,-0.003,14.850,-290.780,381.990,-178.400,-1.570,-114.790,1,0.0069,-0.0110,0.0482,0
7256640,-0.104,-0.258,0.006,-0.010,0.006,-0.003,14.850,-290.780,381.990,-178.400,-1.570,-114.790,1,0.0069,-0.0110,0.0482,0
7256781,-0.078,-0.286,0.001,-0.011,0.005,-0.004,14.850,-290.780,381.990,-178.400,-1.570,-114.790,1,0.0069,-0.0110,0.0482,0
7256875,-0.105,-0.272,0.017,-0.011,0.006,-0.004,14.850,-290.780,381.990,-178.400,-1.570,-114.790,1,0.0069,-0.0110,0.0482,0
7256984,-0.103,-0.274,0.004,-0.010,0.006,-0.004,14.850,-290.780,381.990,-178.400,-1.570,-114.790,1,0.0069,-0.0110,0.0482,0
7257062,-0.111,-0.290,-0.003,-0.011,0.006,-0.002,14.850,-290.780,381.990,-178.400,-1.570,-114.790,1,0.0069,-0.0110,0.0482,0
7257156,-0.099,-0.289,0.029,-0.011,0.006,-0.004,14.850,-290.780,381.990,-178.400,-1.570,-114.790,1,0.0069,-0.0110,0.0482,0
7257234,-0.086,-0.274,0.045,-0.010,0.005,-0.003,14.850,-290.780,381.990,-178.400,-1.570,-114.790,1,0.0069,-0.0110,0.0482,0
7257312,-0.093,-0.280,0.040,-0.011,0.005,-0.004,14.850,-290.780,381.990,-178.400,-1.570,-114.790,1,0.0069,-0.0110,0.0482,0
7257421,-0.100,-0.276,-0.011,-0.011,0.006,-0.003,14.850,-290.780,381.990,-178.400,-1.570,-114.790,1,0.0069,-0.0110,0.0482,0
7257531,-0.100,-0.281,0.026,-0.010,0.006,-0.003,14.850,-290.780,381.990,-178.400,-1.570,-114.790,1,0.0069,-0.0110,0.0482,0
7257671,-0.091,-0.278,0.017,-0.011,0.005,-0.004,14.850,-290.780,381.990,-178.400,-1.570,-114.790,1,0.0069,-0.0110,0.0482,0
7257718,-0.095,-0.282,0.016,-0.011,0.005,-0.004,14.850,-290.780,381.990,-178.400,-1.570,-114.790,1,0.0069,-0.0110,0.0482,0
7257765,-0.106,-0.277,-0.004,-0.011,0.006,-0.003,14.850,-290.780,381.990,-178.400,-1.570,-114.790,1,0.0069,-0.0110,0.0482,0
7257843,-0.107,-0.288,0.024,-0.011,0.005,-0.005,14.850,-290.780,381.990,-178.400,-1.570,-114.790,1,0.0069,-0.0110,0.0482,0
7257984,-0.106,-0.257,0.006,-0.010,0.006,-0.003,14.850,-290.780,381.990,-178.400,-1.570,-114.790,1,0.0069,-0.0110,0.0482,0
7258078,-0.111,-0.266,0.021,-0.010,0.006,-0.003,14.850,-290.780,381.990,-178.400,-1.570,-114.790,1,0.0069,-0.0110,0.0482,0
7258125,-0.095,-0.280,0.019,-0.011,0.006,-0.004,14.850,-290.780,381.990,-178.400,-1.570,-114.790,1,0.0069,-0.0110,0.0482,0
7258203,-0.099,-0.282,-0.007,-0.011,0.005,-0.004,14.850,-290.780,381.990,-178.400,-1.570,-114.790,1,0.0069,-0.0110,0.0482,0
7258281,-0.093,-0.280,-0.003,-0.011,0.006,-0.004,14.850,-290.780,381.990,-178.400,-1.570,-114.790,1,0.0069,-0.0110,0.0482,0
7258343,-0.089,-0.281,-0.009,-0.011,0.006,-0.003,14.850,-290.780,381.990,-178.400,-1.570,-114.790,1,0.0069,-0.0110,0.0482,0
7258453,-0.117,-0.283,0.049,-0.011,0.007,-0.005,14.850,-290.780,381.990,-178.400,-1.570,-114.790,1,0.0069,-0.0110,0.0482,0
7258531,-0.098,-0.281,0.024,-0.011,0.005,-0.005,14.850,-290.780,381.990,-178.400,-1.570,-114.790,1,0.0069,-0.0110,0.0482,0
7258625,-0.097,-0.277,0.016,-0.011,0.005,-0.004,14.850,-290.780,381.990,-178.400,-1.570,-114.790,1,0.0069,-0.0110,0.0482,0
7258718,-0.099,-0.276,-0.005,-0.011,0.006,-0.004,14.850,-290.780,381.990,-178.400,-1.570,-114.790,1,0.0069,-0.0110,0.0482,0
7258859,-0.085,-0.284,0.035,-0.011,0.006,-0.006,14.850,-290.780,381.990,-178.400,-1.570,-114.790,1,0.0069,-0.0110,0.0482,0
7258906,-0.089,-0.279,0.010,-0.011,0.005,-0.005,14.850,-290.780,381.990,-178.400,-1.570,-114.790,1,0.0069,-0.0110,0.0482,0
7258953,-0.101,-0.276,-0.002,-0.011,0.006,-0.004,14.850,-290.780,381.990,-178.400,-1.570,-114.790,1,0.0069,-0.0110,0.0482,0
7259031,-0.075,-0.288,0.050,-0.012,0.005,-0.006,14.850,-290.780,381.990,-178.400,-1.570,-114.790,1,0.0069,-0.0110,0.0482,0
7259171,-0.090,-0.292,0.040,-0.012,0.005,-0.005,14.850,-290.780,381.990,-178.400,-1.570,-114.790,1,0.0069,-0.0110,0.0482,0
7259265,-0.082,-0.283,0.061,-0.011,0.005,-0.006,14.850,-290.780,381.990,-178.400,-1.570,-114.790,1,0.0069,-0.0110,0.0482,0
7259375,-0.084,-0.295,0.048,-0.011,0.005,-0.006,14.850,-290.780,381.990,-178.400,-1.570,-114.790,1,0.0069,-0.0110,0.0482,0
7259453,-0.094,-0.289,-0.016,-0.011,0.005,-0.004,14.850,-290.780,381.990,-178.400,-1.570,-114.790,1,0.0069,-0.0110,0.0482,0
7259546,-0.094,-0.274,0.002,-0.011,0.005,-0.003,14.850,-290.780,381.990,-178.400,-1.570,-114.790,1,0.0069,-0.0110,0.0482,0
7259625,-0.091,-0.279,0.032,-0.011,0.005,-0.005,14.850,-290.780,381.990,-178.400,-1.570,-114.790,1,0.0069,-0.0110,0.0482,0
7259703,-0.089,-0.276,0.006,-0.011,0.005,-0.004,14.850,-290.780,381.990,-178.400,-1.570,-114.790,1,0.0069,-0.0110,0.0482,0
7259812,-0.084,-0.282,-0.001,-0.011,0.005,-0.005,14.850,-290.780,381.990,-178.400,-1.570,-114.790,1,0.0069,-0.0110,0.0482,0
7259921,-0.090,-0.275,-0.026,-0.010,0.005,-0.003,14.850,-290.780,381.990,-178.400,-1.570,-114.790,1,0.0069,-0.0110,0.0482,0
7260062,-0.092,-0.265,-0.003,-0.010,0.006,-0.002,14.850,-290.780,381.990,-178.400,-1.570,-114.790,1,0.0069,-0.0110,0.0482,0
7260109,-0.082,-0.266,-0.007,-0.010,0.005,-0.003,14.850,-290.780,381.990,-178.400,-1.570,-114.790,1,0.0069,-0.0110,0.0482,0
7260156,-0.078,-0.283,0.028,-0.011,0.005,-0.005,14.850,-290.780,381.990,-178.400,-1.570,-114.790,1,0.0069,-0.0110,0.0482,0
7260234,-0.075,-0.299,0.035,-0.012,0.005,-0.005,14.850,-290.780,381.990,-178.400,-1.570,-114.790,1,0.0069,-0.0110,0.0482,0
7260375,-0.087,-0.289,-0.022,-0.011,0.006,-0.003,14.850,-290.780,381.990,-178.400,-1.570,-114.790,1,0.0069,-0.0110,0.0482,0
7260468,-0.088,-0.274,0.031,-0.010,0.005,-0.004,14.850,-290.780,381.990,-178.400,-1.570,-114.790,1,0.0069,-0.0110,0.0482,0
7260578,-0.092,-0.269,0.010,-0.011,0.005,-0.004,14.850,-290.780,381.990,-178.400,-1.570,-114.790,1,0.0069,-0.0110,0.0482,0
7260656,-0.093,-0.254,-0.014,-0.010,0.005,-0.003,14.850,-290.780,381.990,-178.400,-1.570,-114.790,1,0.0069,-0.0110,0.0482,0
7260750,-0.091,-0.259,-0.010,-0.010,0.006,-0.003,14.850,-290.780,381.990,-178.400,-1.570,-114.790,1,0.0069,-0.0110,0.0482,0
7260828,-0.106,-0.274,-0.008,-0.010,0.006,-0.002,14.850,-290.780,381.990,-178.400,-1.570,-114.790,1,0.0069,-0.0110,0.0482,0
7260906,-0.092,-0.296,0.015,-0.011,0.006,-0.005,14.850,-290.780,381.990,-178.400,-1.570,-114.790,1,0.0069,-0.0110,0.0482,0
7261015,-0.112,-0.270,-0.029,-0.010,0.006,-0.002,14.850,-290.780,381.990,-178.400,-1.570,-114.790,1,0.0069,-0.0110,0.0482,0
7261125,-0.092,-0.283,0.021,-0.011,0.005,-0.004,14.850,-290.780,381.990,-178.400,-1.570,-114.790,1,0.0069,-0.0110,0.0482,0
7261265,-0.097,-0.288,0.020,-0.010,0.006,-0.004,14.850,-290.780,381.990,-178.400,-1.570,-114.790,1,0.0069,-0.0110,0.0482,0
7261312,-0.126,-0.272,0.004,-0.010,0.006,-0.002,14.850,-290.780,381.990,-178.400,-1.570,-114.790,1,0.0069,-0.0110,0.0482,0
7261359,-0.110,-0.271,0.009,-0.010,0.006,-0.003,14.850,-290.780,381.990,-178.400,-1.570,-114.790,1,0.0069,-0.0110,0.0482,0
7261437,-0.102,-0.277,-0.006,-0.011,0.006,-0.003,14.850,-290.780,381.990,-178.400,-1.570,-114.790,1,0.0069,-0.0110,0.0482,0
7261578,-0.099,-0.276,0.001,-0.011,0.006,-0.003,14.850,-290.780,381.990,-178.400,-1.570,-114.790,1,0.0069,-0.0110,0.0482,0
7261671,-0.093,-0.289,0.042,-0.011,0.006,-0.005,14.850,-290.780,381.990,-178.400,-1.570,-114.790,1,0.0069,-0.0110,0.0482,0
7261781,-0.122,-0.263,0.006,-0.010,0.006,-0.002,14.850,-290.780,381.990,-178.400,-1.570,-114.790,1,0.0069,-0.0110,0.0482,0
7261859,-0.096,-0.288,0.073,-0.010,0.006,-0.005,14.850,-290.780,381.990,-178.400,-1.570,-114.790,1,0.0069,-0.0110,0.0482,0
7261953,-0.119,-0.266,0.034,-0.010,0.006,-0.003,14.850,-290.780,381.990,-178.400,-1.570,-114.790,1,0.0069,-0.0110,0.0482,0
7262031,-0.118,-0.268,0.014,-0.010,0.006,-0.003,14.850,-290.780,381.990,-178.400,-1.570,-114.790,1,0.0069,-0.0110,0.0482,0
7262109,-0.110,-0.287,-0.007,-0.011,0.006,-0.003,14.850,-290.780,381.990,-178.400,-1.570,-114.790,1,0.0069,-0.0110,0.0482,0
7262218,-0.132,-0.298,-0.004,-0.010,0.006,-0.003,14.850,-290.780,381.990,-178.400,-1.570,-114.790,1,0.0069,-0.0110,0.0482,0
7262328,-0.108,-0.279,-0.009,-0.010,0.006,-0.003,14.850,-290.780,381.990,-178.400,-1.570,-114.790,1,0.0069,-0.0110,0.0482,0
7262468,-0.113,-0.271,0.026,-0.010,0.006,-0.002,14.850,-290.780,381.990,-178.400,-1.570,-114.790,1,0.0069,-0.0110,0.0482,0
7262515,-0.101,-0.283,0.015,-0.011,0.006,-0.004,14.850,-290.780,381.990,-178.400,-1.570,-114.790,1,0.0069,-0.0110,0.0482,0
7262562,-0.111,-0.283,0.014,-0.010,0.006,-0.004,14.850,-290.780,381.990,-178.400,-1.570,-114.790,1,0.0069,-0.0110,0.0482,0
7262640,-0.117,-0.277,-0.011,-0.011,0.006,-0.003,14.850,-290.780,381.990,-178.400,-1.570,-114.790,1,0.0069,-0.0110,0.0482,0
7262781,-0.118,-0.289,0.023,-0.011,0.006,-0.004,14.850,-290.780,381.990,-178.400,-1.570,-114.790,1,0.0069,-0.0110,0.0482,0
7262875,-0.122,-0.288,0.027,-0.011,0.006,-0.004,14.850,-290.780,381.990,-178.400,-1.570,-114.790,1,0.0069,-0.0110,0.0482,0
7262984,-0.144,-0.303,0.038,-0.011,0.007,-0.005,14.850,-290.780,381.990,-178.400,-1.570,-114.790,1,0.0069,-0.0110,0.0482,0
7263062,-0.134,-0.274,-0.002,-0.010,0.006,-0.003,14.850,-290.780,381.990,-178.400,-1.570,-114.790,1,0.0069,-0.0110,0.0482,0
7263156,-0.116,-0.270,0.016,-0.011,0.006,-0.003,14.850,-290.780,381.990,-178.400,-1.570,-114.790,1,0.0069,-0.0110,0.0482,0
7263234,-0.128,-0.269,0.011,-0.010,0.006,-0.003,14.850,-290.780,381.990,-178.400,-1.570,-114.790,1,0.0069,-0.0110,0.0482,0
7263312,-0.134,-0.271,-0.008,-0.010,0.006,-0.002,14.850,-290.780,381.990,-178.400,-1.570,-114.790,1,0.0069,-0.0110,0.0482,0
7263421,-0.138,-0.272,0.002,-0.010,0.006,-0.003,14.850,-290.780,381.990,-178.400,-1.570,-114.790,1,0.0069,-0.0110,0.0482,0
7263531,-0.128,-0.283,-0.003,-0.011,0.006,-0.004,14.850,-290.780,381.990,-178.400,-1.570,-114.790,1,0.0069,-0.0110,0.0482,0
7263671,-0.106,-0.298,0.042,-0.012,0.006,-0.005,14.850,-290.780,381.990,-178.400,-1.570,-114.790,1,0.0069,-0.0110,0.0482,0
7263718,-0.110,-0.292,0.017,-0.011,0.006,-0.004,14.850,-290.780,381.990,-178.400,-1.570,-114.790,1,0.0069,-0.0110,0.0482,0
7263765,-0.106,-0.288,0.001,-0.011,0.006,-0.004,14.850,-290.780,381.990,-178.400,-1.570,-114.790,1,0.0069,-0.0110,0.0482,0
7263843,-0.103,-0.280,0.023,-0.011,0.006,-0.004,14.850,-290.780,381.990,-178.400,-1.570,-114.790,1,0.0069,-0.0110,0.0482,0
7263984,-0.108,-0.287,0.036,-0.011,0.006,-0.004,14.850,-290.780,381.990,-178.400,-1.570,-114.790,1,0.0069,-0.0110,0.0482,0
7264078,-0.108,-0.282,-0.008,-0.011,0.005,-0.004,14.850,-290.780,381.990,-178.400,-1.570,-114.790,1,0.0069,-0.0110,0.0482,0
7264187,-0.104,-0.291,-0.001,-0.012,0.006,-0.004,14.850,-290.780,381.990,-178.400,-1.570,-114.790,1,0.0069,-0.0110,0.0482,0
7264265,-0.118,-0.298,0.026,-0.011,0.006,-0.005,14.850,-290.780,381.990,-178.400,-1.570,-114.790,1,0.0069,-0.0110,0.0482,0
7264359,-0.115,-0.288,0.009,-0.011,0.006,-0.004,14.850,-290.780,381.990,-178.400,-1.570,-114.790,1,0.0069,-0.0110,0.0482,0
7264437,-0.119,-0.294,0.060,-0.011,0.006,-0.005,14.850,-290.780,381.990,-178.400,-1.570,-114.790,1,0.0069,-0.0110,0.0482,0
7264515,-0.103,-0.285,0.002,-0.011,0.005,-0.004,14.850,-290.780,381.990,-178.400,-1.570,-114.790,1,0.0069,-0.0110,0.0482,0
7264625,-0.117,-0.273,0.006,-0.011,0.006,-0.003,14.850,-290.780,381.990,-178.400,-1.570,-114.790,1,0.0069,-0.0110,0.0482,0
7264734,-0.104,-0.283,0.013,-0.011,0.006,-0.004,14.850,-290.780,381.990,-178.400,-1.570,-114.790,1,0.0069,-0.0110,0.0482,0
7264875,-0.099,-0.293,0.039,-0.012,0.006,-0.005,14.850,-290.780,381.990,-178.400,-1.570,-114.790,1,0.0069,-0.0110,0.0482,0
7264921,-0.101,-0.288,0.024,-0.011,0.006,-0.005,14.850,-290.780,381.990,-178.400,-1.570,-114.790,1,0.0069,-0.0110,0.0482,0
7264968,-0.098,-0.284,-0.019,-0.011,0.006,-0.004,14.850,-290.780,381.990,-178.400,-1.570,-114.790,1,0.0069,-0.0110,0.0482,0
7265046,-0.119,-0.284,0.015,-0.011,0.006,-0.004,14.850,-290.780,381.990,-178.400,-1.570,-114.790,1,0.0069,-0.0110,0.0482,0
7265187,-0.109,-0.284,0.006,-0.011,0.006,-0.004,14.850,-290.780,381.990,-178.400,-1.570,-114.790,1,0.0069,-0.0110,0.0482,0
7265281,-0.098,-0.289,0.046,-0.011,0.006,-0.005,14.850,-290.780,381.990,-178.400,-1.570,-114.790,1,0.0069,-0.0110,0.0482,0
7265390,-0.108,-0.285,-0.048,-0.012,0.005,-0.004,14.850,-290.780,381.990,-178.400,-1.570,-114.790,1,0.0069,-0.0110,0.0482,0
7265468,-0.111,-0.287,0.023,-0.011,0.006,-0.005,14.850,-290.780,381.990,-178.400,-1.570,-114.790,1,0.0069,-0.0110,0.0482,0
7265562,-0.106,-0.282,0.021,-0.011,0.006,-0.005,14.850,-290.780,381.990,-178.400,-1.570,-114.790,1,0.0069,-0.0110,0.0482,0
7265640,-0.100,-0.269,0.011,-0.011,0.006,-0.004,14.850,-290.780,381.990,-178.400,-1.570,-114.790,1,0.0069,-0.0110,0.0482,0
7265718,-0.112,-0.252,-0.055,-0.010,0.006,-0.002,14.850,-290.780,381.990,-178.400,-1.570,-114.790,1,0.0069,-0.0110,0.0482,0
7265828,-0.101,-0.267,-0.003,-0.011,0.006,-0.004,14.850,-290.780,381.990,-178.400,-1.570,-114.790,1,0.0069,-0.0110,0.0482,0
7265937,-0.110,-0.280,-0.009,-0.011,0.006,-0.004,14.850,-290.780,381.990,-178.400,-1.570,-114.790,1,0.0069,-0.0110,0.0482,0
7266078,-0.100,-0.289,0.032,-0.011,0.005,-0.006,14.850,-290.780,381.990,-178.400,-1.570,-114.790,1,0.0069,-0.0110,0.0482,0
7266125,-0.105,-0.284,0.001,-0.011,0.005,-0.005,14.850,-290.780,381.990,-178.400,-1.570,-114.790,1,0.0069,-0.0110,0.0482,0
7266171,-0.114,-0.273,-0.052,-0.011,0.006,-0.002,14.850,-290.780,381.990,-178.400,-1.570,-114.790,1,0.0069,-0.0110,0.0482,0
7266250,-0.095,-0.281,0.046,-0.011,0.006,-0.005,14.850,-290.780,381.990,-178.400,-1.570,-114.790,1,0.0069,-0.0110,0.0482,0
7266390,-0.078,-0.281,0.028,-0.012,0.006,-0.005,14.850,-290.780,381.990,-178.400,-1.570,-114.790,1,0.0069,-0.0110,0.0482,0
7266484,-0.085,-0.278,0.024,-0.011,0.005,-0.004,14.850,-290.780,381.990,-178.400,-1.570,-114.790,1,0.0069,-0.0110,0.0482,0
7266593,-0.083,-0.268,0.013,-0.011,0.005,-0.004,14.850,-290.780,381.990,-178.400,-1.570,-114.790,1,0.0069,-0.0110,0.0482,0
7266671,-0.102,-0.298,-0.020,-0.012,0.005,-0.004,14.850,-290.780,381.990,-178.400,-1.570,-114.790,1,0.0069,-0.0110,0.0482,0
7266765,-0.110,-0.279,-0.015,-0.011,0.006,-0.003,14.850,-290.780,381.990,-178.400,-1.570,-114.790,1,0.0069,-0.0110,0.0482,0
7266843,-0.112,-0.265,0.026,-0.010,0.006,-0.003,14.850,-290.780,381.990,-178.400,-1.570,-114.790,1,0.0069,-0.0110,0.0482,0
7266921,-0.102,-0.277,0.002,-0.011,0.006,-0.003,14.850,-290.780,381.990,-178.400,-1.570,-114.790,1,0.0069,-0.0110,0.0482,0
7267031,-0.094,-0.278,0.031,-0.011,0.006,-0.005,14.850,-290.780,381.990,-178.400,-1.570,-114.790,1,0.0069,-0.0110,0.0482,0
7267140,-0.093,-0.268,0.002,-0.011,0.005,-0.004,14.850,-290.780,381.990,-178.400,-1.570,-114.790,1,0.0069,-0.0110,0.0482,0
7267281,-0.097,-0.275,0.004,-0.010,0.006,-0.003,14.850,-290.780,381.990,-178.400,-1.570,-114.790,1,0.0069,-0.0110,0.0482,0
7267328,-0.100,-0.268,-0.014,-0.010,0.006,-0.003,14.850,-290.780,381.990,-178.400,-1.570,-114.790,1,0.0069,-0.0110,0.0482,0
7267375,-0.091,-0.268,0.009,-0.010,0.005,-0.004,14.850,-290.780,381.990,-178.400,-1.570,-114.790,1,0.0069,-0.0110,0.0482,0
7267453,-0.111,-0.269,0.007,-0.010,0.006,-0.002,14.850,-290.780,381.990,-178.400,-1.570,-114.790,1,0.0069,-0.0110,0.0482,0
7267593,-0.101,-0.281,0.006,-0.011,0.005,-0.004,14.850,-290.780,381.990,-178.400,-1.570,-114.790,1,0.0069,-0.0110,0.0482,0
7267687,-0.101,-0.273,0.002,-0.010,0.006,-0.003,14.850,-290.780,381.990,-178.400,-1.570,-114.790,1,0.0069,-0.0110,0.0482,0
7267796,-0.077,-0.279,0.019,-0.011,0.005,-0.005,14.850,-290.780,381.990,-178.400,-1.570,-114.790,1,0.0069,-0.0110,0.0482,0
7267875,-0.104,-0.269,-0.020,-0.011,0.006,-0.003,14.850,-290.780,381.990,-178.400,-1.570,-114.790,1,0.0069,-0.0110,0.0482,0
7267968,-0.091,-0.279,-0.006,-0.011,0.005,-0.003,14.850,-290.780,381.990,-178.400,-1.570,-114.790,1,0.0069,-0.0110,0.0482,0
7268046,-0.090,-0.281,0.027,-0.011,0.005,-0.004,14.850,-290.780,381.990,-178.400,-1.570,-114.790,1,0.0069,-0.0110,0.0482,0
7268125,-0.076,-0.291,0.023,-0.012,0.005,-0.005,14.850,-290.780,381.990,-178.400,-1.570,-114.790,1,0.0069,-0.0110,0.0482,0
7268234,-0.103,-0.268,0.007,-0.010,0.006,-0.003,14.850,-290.780,381.990,-178.400,-1.570,-114.790,1,0.0069,-0.0110,0.0482,0
7268343,-0.126,-0.258,-0.011,-0.010,0.007,-0.002,14.850,-290.780,381.990,-178.400,-1.570,-114.790,1,0.0069,-0.0110,0.0482,0
7268484,-0.094,-0.276,0.014,-0.011,0.006,-0.004,14.850,-290.780,381.990,-178.400,-1.570,-114.790,1,0.0069,-0.0110,0.0482,0
7268531,-0.074,-0.287,0.037,-0.011,0.005,-0.005,14.850,-290.780,381.990,-178.400,-1.570,-114.790,1,0.0069,-0.0110,0.0482,0
7268578,-0.076,-0.279,0.033,-0.011,0.005,-0.004,14.850,-290.780,381.990,-178.400,-1.570,-114.790,1,0.0069,-0.0110,0.0482,0
7268656,-0.131,-0.262,-0.009,-0.009,0.006,-0.002,14.850,-290.780,381.990,-178.400,-1.570,-114.790,1,0.0069,-0.0110,0.0482,0
7268796,-0.113,-0.275,-0.013,-0.010,0.006,-0.003,14.850,-290.780,381.990,-178.400,-1.570,-114.790,1,0.0069,-0.0110,0.0482,0
7268890,-0.099,-0.274,0.021,-0.010,0.006,-0.003,14.850,-290.780,381.990,-178.400,-1.570,-114.790,1,0.0069,-0.0110,0.0482,0
7269000,-0.104,-0.272,0.001,-0.010,0.006,-0.003,14.850,-290.780,381.990,-178.400,-1.570,-114.790,1,0.0069,-0.0110,0.0482,0
7269078,-0.099,-0.276,0.010,-0.010,0.006,-0.003,14.850,-290.780,381.990,-178.400,-1.570,-114.790,1,0.0069,-0.0110,0.0482,0
7269171,-0.093,-0.282,0.019,-0.011,0.006,-0.004,14.850,-290.780,381.990,-178.400,-1.570,-114.790,1,0.0069,-0.0110,0.0482,0
7269250,-0.091,-0.282,0.033,-0.011,0.006,-0.004,14.850,-290.780,381.990,-178.400,-1.570,-114.790,1,0.0069,-0.0110,0.0482,0
7269328,-0.097,-0.279,0.015,-0.011,0.006,-0.004,14.850,-290.780,381.990,-178.400,-1.570,-114.790,1,0.0069,-0.0110,0.0482,0
7269437,-0.123,-0.291,0.036,-0.010,0.006,-0.003,14.850,-290.780,381.990,-178.400,-1.570,-114.790,1,0.0069,-0.0110,0.0482,0
7269546,-0.099,-0.265,0.003,-0.011,0.006,-0.003,14.850,-290.780,381.990,-178.400,-1.570,-114.790,1,0.0069,-0.0110,0.0482,0
7269687,-0.100,-0.274,-0.005,-0.011,0.006,-0.003,14.850,-290.780,381.990,-178.400,-1.570,-114.790,1,0.0069,-0.0110,0.0482,0
7269734,-0.094,-0.283,0.012,-0.011,0.005,-0.004,14.850,-290.780,381.990,-178.400,-1.570,-114.790,1,0.0069,-0.0110,0.0482,0
7269781,-0.093,-0.284,0.048,-0.011,0.006,-0.004,14.850,-290.780,381.990,-178.400,-1.570,-114.790,1,0.0069,-0.0110,0.0482,0
7269859,-0.097,-0.283,0.019,-0.011,0.005,-0.004,14.850,-290.780,381.990,-178.400,-1.570,-114.790,1,0.0069,-0.0110,0.0482,0
7270000,-0.116,-0.276,0.005,-0.011,0.006,-0.003,14.850,-290.780,381.990,-178.400,-1.570,-114.790,1,0.0069,-0.0110,0.0482,0
7270093,-0.091,-0.282,0.037,-0.011,0.005,-0.005,14.850,-290.780,381.990,-178.400,-1.570,-114.790,1,0.0069,-0.0110,0.0482,0
7270203,-0.083,-0.287,0.013,-0.011,0.005,-0.004,14.850,-290.780,381.990,-178.400,-1.570,-114.790,1,0.0069,-0.0110,0.0482,0
7270281,-0.091,-0.263,0.017,-0.011,0.006,-0.003,14.850,-290.780,381.990,-178.400,-1.570,-114.790,1,0.0069,-0.0110,0.0482,0
7270375,-0.090,-0.275,0.053,-0.011,0.006,-0.004,14.850,-290.780,381.990,-178.400,-1.570,-114.790,1,0.0069,-0.0110,0.0482,0
7270453,-0.117,-0.260,-0.060,-0.010,0.006,0.000,14.850,-290.780,381.990,-178.400,-1.570,-114.790,1,0.0069,-0.0110,0.0482,0
7270531,-0.097,-0.277,-0.006,-0.011,0.006,-0.002,14.850,-290.780,381.990,-178.400,-1.570,-114.790,1,0.0069,-0.0110,0.0482,0
7270640,-0.085,-0.283,0.011,-0.011,0.005,-0.004,14.850,-290.780,381.990,-178.400,-1.570,-114.790,1,0.0069,-0.0110,0.0482,0
7270750,-0.115,-0.291,-0.004,-0.010,0.006,-0.003,14.850,-290.780,381.990,-178.400,-1.570,-114.790,1,0.0069,-0.0110,0.0482,0
7270890,-0.088,-0.270,0.010,-0.011,0.005,-0.004,14.850,-290.780,381.990,-178.400,-1.570,-114.790,1,0.0069,-0.0110,0.0482,0
7270937,-0.091,-0.273,0.026,-0.011,0.005,-0.004,14.850,-290.780,381.990,-178.400,-1.570,-114.790,1,0.0069,-0.0110,0.0482,0
7270984,-0.089,-0.271,0.035,-0.011,0.005,-0.004,14.850,-290.780,381.990,-178.400,-1.570,-114.790,1,0.0069,-0.0110,0.0482,0
7271062,-0.091,-0.273,0.038,-0.011,0.006,-0.004,14.850,-290.780,381.990,-178.400,-1.570,-114.790,1,0.0069,-0.0110,0.0482,0
7271203,-0.079,-0.284,0.001,-0.011,0.005,-0.004,14.850,-290.780,381.990,-178.400,-1.570,-114.790,1,0.0069,-0.0110,0.0482,0
7271296,-0.098,-0.271,-0.002,-0.011,0.005,-0.004,14.850,-290.780,381.990,-178.400,-1.570,-114.790,1,0.0069,-0.0110,0.0482,0
7271406,-0.100,-0.281,0.031,-0.011,0.005,-0.004,14.850,-290.780,381.990,-178.400,-1.570,-114.790,1,0.0069,-0.0110,0.0482,0
7271484,-0.088,-0.279,0.027,-0.011,0.005,-0.005,14.850,-290.780,381.990,-178.400,-1.570,-114.790,1,0.0069,-0.0110,0.0482,0
7271578,-0.083,-0.279,0.042,-0.011,0.005,-0.005,14.850,-290.780,381.990,-178.400,-1.570,-114.790,1,0.0069,-0.0110,0.0482,0
7271656,-0.088,-0.285,0.018,-0.011,0.005,-0.004,14.850,-290.780,381.990,-178.400,-1.570,-114.790,1,0.0069,-0.0110,0.0482,0
7271734,-0.079,-0.270,0.028,-0.011,0.005,-0.005,14.850,-290.780,381.990,-178.400,-1.570,-114.790,1,0.0069,-0.0110,0.0482,0
7271843,-0.069,-0.291,0.015,-0.011,0.005,-0.004,14.850,-290.780,381.990,-178.400,-1.570,-114.790,1,0.0069,-0.0110,0.0482,0
7271953,-0.086,-0.278,-0.001,-0.011,0.005,-0.004,14.850,-290.780,381.990,-178.400,-1.570,-114.790,1,0.0069,-0.0110,0.0482,0
7272093,-0.078,-0.295,0.048,-0.011,0.006,-0.005,14.850,-290.780,381.990,-178.400,-1.570,-114.790,1,0.0069,-0.0110,0.0482,0
7272140,-0.073,-0.282,0.029,-0.011,0.005,-0.005,14.850,-290.780,381.990,-178.400,-1.570,-114.790,1,0.0069,-0.0110,0.0482,0
7272187,-0.072,-0.267,0.003,-0.011,0.005,-0.004,14.850,-290.780,381.990,-178.400,-1.570,-114.790,1,0.0069,-0.0110,0.0482,0
7272265,-0.077,-0.257,-0.007,-0.011,0.005,-0.004,14.850,-290.780,381.990,-178.400,-1.570,-114.790,1,0.0069,-0.0110,0.0482,0
7272406,-0.077,-0.276,0.063,-0.011,0.005,-0.005,14.850,-290.780,381.990,-178.400,-1.570,-114.790,1,0.0069,-0.0110,0.0482,0
7272500,-0.091,-0.281,-0.022,-0.011,0.005,-0.004,14.850,-290.780,381.990,-178.400,-1.570,-114.790,1,0.0069,-0.0110,0.0482,0
7272609,-0.073,-0.284,0.053,-0.011,0.005,-0.006,14.850,-290.780,381.990,-178.400,-1.570,-114.790,1,0.0069,-0.0110,0.0482,0
7272687,-0.070,-0.291,0.089,-0.011,0.005,-0.007,14.850,-290.780,381.990,-178.400,-1.570,-114.790,1,0.0069,-0.0110,0.0482,0
7272781,-0.082,-0.271,0.020,-0.011,0.005,-0.004,14.850,-290.780,381.990,-178.400,-1.570,-114.790,1,0.0069,-0.0110,0.0482,0
7272859,-0.088,-0.270,0.005,-0.011,0.006,-0.003,14.850,-290.780,381.990,-178.400,-1.570,-114.790,1,0.0069,-0.0110,0.0482,0
7272937,-0.091,-0.260,-0.026,-0.010,0.006,-0.002,14.850,-290.780,381.990,-178.400,-1.570,-114.790,1,0.0069,-0.0110,0.0482,0
7273046,-0.074,-0.270,0.012,-0.011,0.005,-0.004,14.850,-290.780,381.990,-178.400,-1.570,-114.790,1,0.0069,-0.0110,0.0482,0
7273156,-0.087,-0.283,0.017,-0.011,0.005,-0.004,14.850,-290.780,381.990,-178.400,-1.570,-114.790,1,0.0069,-0.0110,0.0482,0
7273296,-0.080,-0.285,0.032,-0.011,0.005,-0.005,14.850,-290.780,381.990,-178.400,-1.570,-114.790,1,0.0069,-0.0110,0.0482,0
7273343,-0.076,-0.294,0.020,-0.011,0.005,-0.005,14.850,-290.780,381.990,-178.400,-1.570,-114.790,1,0.0069,-0.0110,0.0482,0
7273390,-0.078,-0.284,0.013,-0.011,0.006,-0.004,14.850,-290.780,381.990,-178.400,-1.570,-114.790,1,0.0069,-0.0110,0.0482,0
7273468,-0.075,-0.297,0.001,-0.012,0.006,-0.005,14.850,-290.780,381.990,-178.400,-1.570,-114.790,1,0.0069,-0.0110,0.0482,0
7273609,-0.084,-0.271,0.043,-0.011,0.005,-0.005,14.850,-290.780,381.990,-178.400,-1.570,-114.790,1,0.0069,-0.0110,0.0482,0
7273703,-0.092,-0.273,0.020,-0.011,0.006,-0.004,14.850,-290.780,381.990,-178.400,-1.570,-114.790,1,0.0069,-0.0110,0.0482,0
7273812,-0.079,-0.271,0.036,-0.011,0.005,-0.005,14.850,-290.780,381.990,-178.400,-1.570,-114.790,1,0.0069,-0.0110,0.0482,0
7273890,-0.089,-0.277,-0.000,-0.011,0.005,-0.004,14.850,-290.780,381.990,-178.400,-1.570,-114.790,1,0.0069,-0.0110,0.0482,0
7273984,-0.093,-0.279,0.008,-0.011,0.006,-0.004,14.850,-290.780,381.990,-178.400,-1.570,-114.790,1,0.0069,-0.0110,0.0482,0
7274062,-0.087,-0.279,0.045,-0.011,0.005,-0.005,14.850,-290.780,381.990,-178.400,-1.570,-114.790,1,0.0069,-0.0110,0.0482,0
7274140,-0.086,-0.266,-0.012,-0.011,0.005,-0.003,14.850,-290.780,381.990,-178.400,-1.570,-114.790,1,0.0069,-0.0110,0.0482,0
7274250,-0.077,-0.269,0.025,-0.010,0.005,-0.004,14.850,-290.780,381.990,-178.400,-1.570,-114.790,1,0.0069,-0.0110,0.0482,0
7274359,-0.082,-0.273,0.026,-0.011,0.005,-0.005,14.850,-290.780,381.990,-178.400,-1.570,-114.790,1,0.0069,-0.0110,0.0482,0
7274500,-0.066,-0.252,-0.012,-0.010,0.005,-0.003,14.850,-290.780,381.990,-178.400,-1.570,-114.790,1,0.0069,-0.0110,0.0482,0
7274546,-0.078,-0.264,-0.005,-0.010,0.005,-0.003,14.850,-290.780,381.990,-178.400,-1.570,-114.790,1,0.0069,-0.0110,0.0482,0
7274593,-0.103,-0.272,-0.014,-0.010,0.006,-0.002,14.850,-290.780,381.990,-178.400,-1.570,-114.790,1,0.0069,-0.0110,0.0482,0
7274671,-0.082,-0.285,0.036,-0.011,0.005,-0.005,14.850,-290.780,381.990,-178.400,-1.570,-114.790,1,0.0069,-0.0110,0.0482,0
7274812,-0.095,-0.274,0.014,-0.010,0.006,-0.003,14.850,-290.780,381.990,-178.400,-1.570,-114.790,1,0.0069,-0.0110,0.0482,0
7274906,-0.077,-0.283,0.016,-0.011,0.006,-0.004,14.850,-290.780,381.990,-178.400,-1.570,-114.790,1,0.0069,-0.0110,0.0482,0
7275015,-0.067,-0.277,0.013,-0.011,0.005,-0.004,14.850,-290.780,381.990,-178.400,-1.570,-114.790,1,0.0069,-0.0110,0.0482,0
7275093,-0.097,-0.260,-0.009,-0.010,0.005,-0.002,14.850,-290.780,381.990,-178.400,-1.570,-114.790,1,0.0069,-0.0110,0.0482,0
7275187,-0.070,-0.266,0.003,-0.010,0.005,-0.003,14.850,-290.780,381.990,-178.400,-1.570,-114.790,1,0.0069,-0.0110,0.0482,0
7275265,-0.078,-0.285,0.034,-0.011,0.005,-0.005,14.850,-290.780,381.990,-178.400,-1.570,-114.790,1,0.0069,-0.0110,0.0482,0
7275343,-0.095,-0.278,0.010,-0.011,0.006,-0.004,14.850,-290.780,381.990,-178.400,-1.570,-114.790,1,0.0069,-0.0110,0.0482,0
7275453,-0.105,-0.266,-0.015,-0.010,0.006,-0.002,14.850,-290.780,381.990,-178.400,-1.570,-114.790,1,0.0069,-0.0110,0.0482,0
7275562,-0.106,-0.270,-0.002,-0.010,0.006,-0.003,14.850,-290.780,381.990,-178.400,-1.570,-114.790,1,0.0069,-0.0110,0.0482,0
7275703,-0.098,-0.271,0.012,-0.011,0.006,-0.004,14.850,-290.780,381.990,-178.400,-1.570,-114.790,1,0.0069,-0.0110,0.0482,0
7275750,-0.107,-0.260,-0.023,-0.010,0.006,-0.002,14.850,-290.780,381.990,-178.400,-1.570,-114.790,1,0.0069,-0.0110,0.0482,0
7275796,-0.096,-0.259,-0.003,-0.010,0.006,-0.004,14.850,-290.780,381.990,-178.400,-1.570,-114.790,1,0.0069,-0.0110,0.0482,0
7275875,-0.120,-0.277,0.010,-0.010,0.006,-0.003,14.850,-290.780,381.990,-178.400,-1.570,-114.790,1,0.0069,-0.0110,0.0482,0
7276015,-0.102,-0.273,-0.008,-0.010,0.005,-0.002,14.850,-290.780,381.990,-178.400,-1.570,-114.790,1,0.0069,-0.0110,0.0482,0
7276109,-0.114,-0.273,-0.036,-0.010,0.006,-0.002,14.850,-290.780,381.990,-178.400,-1.570,-114.790,1,0.0069,-0.0110,0.0482,0
7276218,-0.093,-0.272,0.033,-0.010,0.006,-0.004,14.850,-290.780,381.990,-178.400,-1.570,-114.790,1,0.0069,-0.0110,0.0482,0
7276296,-0.091,-0.273,0.005,-0.010,0.006,-0.003,14.850,-290.780,381.990,-178.400,-1.570,-114.790,1,0.0069,-0.0110,0.0482,0
7276375,-0.110,-0.272,-0.008,-0.010,0.006,-0.003,14.850,-290.780,381.990,-178.400,-1.570,-114.790,1,0.0069,-0.0110,0.0482,0
7276468,-0.101,-0.268,-0.003,-0.010,0.006,-0.003,14.850,-290.780,381.990,-178.400,-1.570,-114.790,1,0.0069,-0.0110,0.0482,0
7276546,-0.075,-0.280,0.045,-0.011,0.005,-0.006,14.850,-290.780,381.990,-178.400,-1.570,-114.790,1,0.0069,-0.0110,0.0482,0
7276656,-0.117,-0.266,-0.047,-0.010,0.006,-0.001,14.850,-290.780,381.990,-178.400,-1.570,-114.790,1,0.0069,-0.0110,0.0482,0
7276750,-0.113,-0.243,0.021,-0.010,0.007,-0.003,14.850,-290.780,381.990,-178.400,-1.570,-114.790,1,0.0069,-0.0110,0.0482,0
7276890,-0.101,-0.267,0.010,-0.011,0.006,-0.004,14.850,-290.780,381.990,-178.400,-1.570,-114.790,1,0.0069,-0.0110,0.0482,0
7276937,-0.116,-0.266,0.005,-0.010,0.006,-0.003,14.850,-290.780,381.990,-178.400,-1.570,-114.790,1,0.0069,-0.0110,0.0482,0
7276984,-0.107,-0.275,0.010,-0.010,0.006,-0.003,14.850,-290.780,381.990,-178.400,-1.570,-114.790,1,0.0069,-0.0110,0.0482,0
7277062,-0.117,-0.275,-0.007,-0.010,0.006,-0.002,14.850,-290.780,381.990,-178.400,-1.570,-114.790,1,0.0069,-0.0110,0.0482,0
7277203,-0.091,-0.268,0.008,-0.011,0.005,-0.004,14.850,-290.780,381.990,-178.400,-1.570,-114.790,1,0.0069,-0.0110,0.0482,0
7277296,-0.087,-0.264,0.014,-0.011,0.005,-0.004,14.850,-290.780,381.990,-178.400,-1.570,-114.790,1,0.0069,-0.0110,0.0482,0
7277406,-0.138,-0.281,-0.011,-0.010,0.007,-0.001,14.850,-290.780,381.990,-178.400,-1.570,-114.790,1,0.0069,-0.0110,0.0482,0
7277484,-0.106,-0.283,0.013,-0.011,0.006,-0.003,14.850,-290.780,381.990,-178.400,-1.570,-114.790,1,0.0069,-0.0110,0.0482,0
7277578,-0.092,-0.284,0.056,-0.011,0.006,-0.005,14.850,-290.780,381.990,-178.400,-1.570,-114.790,1,0.0069,-0.0110,0.0482,0
7277656,-0.109,-0.269,0.020,-0.010,0.006,-0.003,14.850,-290.780,381.990,-178.400,-1.570,-114.790,1,0.0069,-0.0110,0.0482,0
7277734,-0.119,-0.267,-0.013,-0.009,0.006,-0.001,14.850,-290.780,381.990,-178.400,-1.570,-114.790,1,0.0069,-0.0110,0.0482,0
7277843,-0.115,-0.268,-0.003,-0.010,0.006,-0.002,14.850,-290.780,381.990,-178.400,-1.570,-114.790,1,0.0069,-0.0110,0.0482,0
7277953,-0.092,-0.278,-0.003,-0.011,0.005,-0.003,14.850,-290.780,381.990,-178.400,-1.570,-114.790,1,0.0069,-0.0110,0.0482,0
7278093,-0.125,-0.284,0.035,-0.010,0.006,-0.003,14.850,-290.780,381.990,-178.400,-1.570,-114.790,1,0.0069,-0.0110,0.0482,0
7278140,-0.122,-0.281,0.014,-0.010,0.006,-0.003,14.850,-290.780,381.990,-178.400,-1.570,-114.790,1,0.0069,-0.0110,0.0482,0
7278187,-0.112,-0.299,0.011,-0.011,0.006,-0.004,14.850,-290.780,381.990,-178.400,-1.570,-114.790,1,0.0069,-0.0110,0.0482,0
7278265,-0.111,-0.284,0.006,-0.011,0.006,-0.004,14.850,-290.780,381.990,-178.400,-1.570,-114.790,1,0.0069,-0.0110,0.0482,0
7278406,-0.117,-0.257,-0.001,-0.010,0.006,-0.003,14.850,-290.780,381.990,-178.400,-1.570,-114.790,1,0.0069,-0.0110,0.0482,0
7278500,-0.101,-0.282,0.020,-0.011,0.006,-0.004,14.850,-290.780,381.990,-178.400,-1.570,-114.790,1,0.0069,-0.0110,0.0482,0
7278609,-0.087,-0.281,-0.011,-0.011,0.006,-0.004,14.850,-290.780,381.990,-178.400,-1.570,-114.790,1,0.0069,-0.0110,0.0482,0
7278687,-0.108,-0.283,0.019,-0.010,0.006,-0.003,14.850,-290.780,381.990,-178.400,-1.570,-114.790,1,0.0069,-0.0110,0.0482,0
7278781,-0.114,-0.290,-0.005,-0.010,0.006,-0.002,14.850,-290.780,381.990,-178.400,-1.570,-114.790,1,0.0069,-0.0110,0.0482,0
7278859,-0.102,-0.278,0.013,-0.011,0.006,-0.003,14.850,-290.780,381.990,-178.400,-1.570,-114.790,1,0.0069,-0.0110,0.0482,0
7278937,-0.131,-0.289,0.001,-0.010,0.006,-0.002,14.850,-290.780,381.990,-178.400,-1.570,-114.790,1,0.0069,-0.0110,0.0482,0
7279046,-0.103,-0.266,0.016,-0.010,0.005,-0.003,14.850,-290.780,381.990,-178.400,-1.570,-114.790,1,0.0069,-0.0110,0.0482,0
7279156,-0.111,-0.275,0.023,-0.010,0.006,-0.003,14.850,-290.780,381.990,-178.400,-1.570,-114.790,1,0.0069,-0.0110,0.0482,0
7279296,-0.097,-0.273,0.009,-0.010,0.006,-0.004,14.850,-290.780,381.990,-178.400,-1.570,-114.790,1,0.0069,-0.0110,0.0482,0
7279343,-0.101,-0.272,0.012,-0.010,0.006,-0.004,14.850,-290.780,381.990,-178.400,-1.570,-114.790,1,0.0069,-0.0110,0.0482,0
7279390,-0.118,-0.272,0.017,-0.010,0.006,-0.003,14.850,-290.780,381.990,-178.400,-1.570,-114.790,1,0.0069,-0.0110,0.0482,0
7279468,-0.117,-0.281,0.014,-0.010,0.006,-0.003,14.850,-290.780,381.990,-178.400,-1.570,-114.790,1,0.0069,-0.0110,0.0482,0
7279609,-0.128,-0.283,0.031,-0.010,0.006,-0.003,14.850,-290.780,381.990,-178.400,-1.570,-114.790,1,0.0069,-0.0110,0.0482,0
7279703,-0.128,-0.264,0.014,-0.010,0.007,-0.002,14.850,-290.780,381.990,-178.400,-1.570,-114.790,1,0.0069,-0.0110,0.0482,0
7279812,-0.113,-0.268,0.005,-0.010,0.006,-0.003,14.850,-290.780,381.990,-178.400,-1.570,-114.790,1,0.0069,-0.0110,0.0482,0
7279890,-0.108,-0.273,0.002,-0.010,0.006,-0.003,14.850,-290.780,381.990,-178.400,-1.570,-114.790,1,0.0069,-0.0110,0.0482,0
7279984,-0.121,-0.260,0.005,-0.010,0.006,-0.003,14.850,-290.780,381.990,-178.400,-1.570,-114.790,1,0.0069,-0.0110,0.0482,0
7280062,-0.109,-0.275,-0.007,-0.011,0.006,-0.003,14.850,-290.780,381.990,-178.400,-1.570,-114.790,1,0.0069,-0.0110,0.0482,0
7280140,-0.108,-0.279,0.007,-0.010,0.006,-0.003,14.850,-290.780,381.990,-178.400,-1.570,-114.790,1,0.0069,-0.0110,0.0482,0
7280250,-0.133,-0.268,0.032,-0.010,0.007,-0.004,14.850,-290.780,381.990,-178.400,-1.570,-114.790,1,0.0069,-0.0110,0.0482,0
7280359,-0.142,-0.277,0.020,-0.010,0.007,-0.004,14.850,-290.780,381.990,-178.400,-1.570,-114.790,1,0.0069,-0.0110,0.0482,0
7280500,-0.120,-0.269,0.003,-0.010,0.006,-0.002,14.850,-290.780,381.990,-178.400,-1.570,-114.790,1,0.0069,-0.0110,0.0482,0
7280546,-0.118,-0.270,0.003,-0.010,0.006,-0.002,14.850,-290.780,381.990,-178.400,-1.570,-114.790,1,0.0069,-0.0110,0.0482,0
7280593,-0.119,-0.270,0.004,-0.010,0.006,-0.002,14.850,-290.780,381.990,-178.400,-1.570,-114.790,1,0.0069,-0.0110,0.0482,0
7280671,-0.102,-0.284,0.029,-0.011,0.006,-0.004,14.850,-290.780,381.990,-178.400,-1.570,-114.790,1,0.0069,-0.0110,0.0482,0
7280812,-0.111,-0.279,0.010,-0.011,0.006,-0.003,14.850,-290.780,381.990,-178.400,-1.570,-114.790,1,0.0069,-0.0110,0.0482,0
7280906,-0.131,-0.281,0.011,-0.010,0.007,-0.002,14.850,-290.780,381.990,-178.400,-1.570,-114.790,1,0.0069,-0.0110,0.0482,0
7281015,-0.104,-0.284,0.031,-0.011,0.006,-0.004,14.850,-290.780,381.990,-178.400,-1.570,-114.790,1,0.0069,-0.0110,0.0482,0
7281093,-0.130,-0.293,0.031,-0.010,0.007,-0.003,14.850,-290.780,381.990,-178.400,-1.570,-114.790,1,0.0069,-0.0110,0.0482,0
7281187,-0.107,-0.280,-0.000,-0.011,0.006,-0.003,14.850,-290.780,381.990,-178.400,-1.570,-114.790,1,0.0069,-0.0110,0.0482,0
7281265,-0.120,-0.262,-0.007,-0.009,0.006,-0.002,14.850,-290.780,381.990,-178.400,-1.570,-114.790,1,0.0069,-0.0110,0.0482,0
7281343,-0.115,-0.277,0.002,-0.011,0.006,-0.004,14.850,-290.780,381.990,-178.400,-1.570,-114.790,1,0.0069,-0.0110,0.0482,0
7281453,-0.118,-0.272,0.003,-0.010,0.006,-0.003,14.850,-290.780,381.990,-178.400,-1.570,-114.790,1,0.0069,-0.0110,0.0482,0
7281562,-0.113,-0.274,0.022,-0.011,0.006,-0.004,14.850,-290.780,381.990,-178.400,-1.570,-114.790,1,0.0069,-0.0110,0.0482,0
7281703,-0.111,-0.278,0.033,-0.011,0.006,-0.004,14.850,-290.780,381.990,-178.400,-1.570,-114.790,1,0.0069,-0.0110,0.0482,0
7281750,-0.132,-0.280,0.034,-0.010,0.006,-0.003,14.850,-290.780,381.990,-178.400,-1.570,-114.790,1,0.0069,-0.0110,0.0482,0
7281796,-0.141,-0.276,0.014,-0.010,0.007,-0.003,14.850,-290.780,381.990,-178.400,-1.570,-114.790,1,0.0069,-0.0110,0.0482,0
7281875,-0.116,-0.280,-0.009,-0.011,0.006,-0.003,14.850,-290.780,381.990,-178.400,-1.570,-114.790,1,0.0069,-0.0110,0.0482,0
7282015,-0.115,-0.274,0.025,-0.010,0.006,-0.004,14.850,-290.780,381.990,-178.400,-1.570,-114.790,1,0.0069,-0.0110,0.0482,0
7282109,-0.118,-0.259,0.014,-0.010,0.006,-0.003,14.850,-290.780,381.990,-178.400,-1.570,-114.790,1,0.0069,-0.0110,0.0482,0
7282218,-0.111,-0.278,0.001,-0.011,0.006,-0.003,14.850,-290.780,381.990,-178.400,-1.570,-114.790,1,0.0069,-0.0110,0.0482,0
7282281,-0.122,-0.258,0.013,-0.010,0.006,-0.003,14.850,-290.780,381.990,-178.400,-1.570,-114.790,1,0.0069,-0.0110,0.0482,0
7282375,-0.136,-0.270,0.022,-0.010,0.007,-0.003,14.850,-290.780,381.990,-178.400,-1.570,-114.790,1,0.0069,-0.0110,0.0482,0
7282468,-0.115,-0.284,0.010,-0.011,0.006,-0.003,14.850,-290.780,381.990,-178.400,-1.570,-114.790,1,0.0069,-0.0110,0.0482,0
7282546,-0.116,-0.289,0.026,-0.011,0.006,-0.004,14.850,-290.780,381.990,-178.400,-1.570,-114.790,1,0.0069,-0.0110,0.0482,0
7282656,-0.128,-0.298,0.033,-0.011,0.007,-0.003,14.850,-290.780,381.990,-178.400,-1.570,-114.790,1,0.0069,-0.0110,0.0482,0
7282750,-0.122,-0.291,0.016,-0.011,0.006,-0.004,14.850,-290.780,381.990,-178.400,-1.570,-114.790,1,0.0069,-0.0110,0.0482,0
7282906,-0.111,-0.273,0.015,-0.010,0.006,-0.003,14.850,-290.780,381.990,-178.400,-1.570,-114.790,1,0.0069,-0.0110,0.0482,0
7282953,-0.108,-0.284,0.008,-0.011,0.006,-0.004,14.850,-290.780,381.990,-178.400,-1.570,-114.790,1,0.0069,-0.0110,0.0482,0
7283000,-0.105,-0.291,-0.002,-0.011,0.006,-0.004,14.850,-290.780,381.990,-178.400,-1.570,-114.790,1,0.0069,-0.0110,0.0482,0
7283078,-0.123,-0.275,0.038,-0.010,0.006,-0.003,14.850,-290.780,381.990,-178.400,-1.570,-114.790,1,0.0069,-0.0110,0.0482,0
7283203,-0.108,-0.294,0.045,-0.012,0.006,-0.005,14.850,-290.780,381.990,-178.400,-1.570,-114.790,1,0.0069,-0.0110,0.0482,0
7283296,-0.109,-0.285,0.002,-0.011,0.006,-0.004,14.850,-290.780,381.990,-178.400,-1.570,-114.790,1,0.0069,-0.0110,0.0482,0
7283406,-0.136,-0.294,0.037,-0.010,0.007,-0.004,14.850,-290.780,381.990,-178.400,-1.570,-114.790,1,0.0069,-0.0110,0.0482,0
7283484,-0.140,-0.281,-0.012,-0.010,0.006,-0.003,14.850,-290.780,381.990,-178.400,-1.570,-114.790,1,0.0069,-0.0110,0.0482,0
7283578,-0.109,-0.280,0.003,-0.011,0.006,-0.003,14.850,-290.780,381.990,-178.400,-1.570,-114.790,1,0.0069,-0.0110,0.0482,0
7283656,-0.125,-0.254,-0.004,-0.010,0.006,-0.002,14.850,-290.780,381.990,-178.400,-1.570,-114.790,1,0.0069,-0.0110,0.0482,0
7283734,-0.122,-0.270,0.016,-0.010,0.006,-0.003,14.850,-290.780,381.990,-178.400,-1.570,-114.790,1,0.0069,-0.0110,0.0482,0
7283843,-0.105,-0.284,0.028,-0.011,0.006,-0.004,14.850,-290.780,381.990,-178.400,-1.570,-114.790,1,0.0069,-0.0110,0.0482,0
7283953,-0.096,-0.290,0.022,-0.011,0.005,-0.005,14.850,-290.780,381.990,-178.400,-1.570,-114.790,1,0.0069,-0.0110,0.0482,0
7284093,-0.135,-0.284,0.020,-0.011,0.007,-0.004,14.850,-290.780,381.990,-178.400,-1.570,-114.790,1,0.0069,-0.0110,0.0482,0
7284140,-0.138,-0.292,0.002,-0.011,0.007,-0.002,14.850,-290.780,381.990,-178.400,-1.570,-114.790,1,0.0069,-0.0110,0.0482,0
7284187,-0.114,-0.286,0.013,-0.011,0.006,-0.003,14.850,-290.780,381.990,-178.400,-1.570,-114.790,1,0.0069,-0.0110,0.0482,0
7284281,-0.116,-0.307,0.021,-0.011,0.006,-0.003,14.850,-290.780,381.990,-178.400,-1.570,-114.790,1,0.0069,-0.0110,0.0482,0
7284421,-0.109,-0.274,0.012,-0.010,0.006,-0.003,14.850,-290.780,381.990,-178.400,-1.570,-114.790,1,0.0069,-0.0110,0.0482,0
7284515,-0.104,-0.285,-0.001,-0.011,0.006,-0.004,14.850,-290.780,381.990,-178.400,-1.570,-114.790,1,0.0069,-0.0110,0.0482,0
7284625,-0.115,-0.284,0.024,-0.010,0.006,-0.003,14.850,-290.780,381.990,-178.400,-1.570,-114.790,1,0.0069,-0.0110,0.0482,0
7284703,-0.118,-0.292,0.038,-0.011,0.006,-0.004,14.850,-290.780,381.990,-178.400,-1.570,-114.790,1,0.0069,-0.0110,0.0482,0
7284796,-0.104,-0.284,0.004,-0.011,0.006,-0.004,14.850,-290.780,381.990,-178.400,-1.570,-114.790,1,0.0069,-0.0110,0.0482,0
7284875,-0.109,-0.277,-0.023,-0.011,0.006,-0.003,14.850,-290.780,381.990,-178.400,-1.570,-114.790,1,0.0069,-0.0110,0.0482,0
7284953,-0.105,-0.294,0.010,-0.011,0.006,-0.004,14.850,-290.780,381.990,-178.400,-1.570,-114.790,1,0.0069,-0.0110,0.0482,0
7285062,-0.115,-0.284,0.014,-0.010,0.006,-0.004,14.850,-290.780,381.990,-178.400,-1.570,-114.790,1,0.0069,-0.0110,0.0482,0
7285171,-0.108,-0.270,0.010,-0.010,0.006,-0.004,14.850,-290.780,381.990,-178.400,-1.570,-114.790,1,0.0069,-0.0110,0.0482,0
7285312,-0.123,-0.265,0.008,-0.010,0.006,-0.002,14.850,-290.780,381.990,-178.400,-1.570,-114.790,1,0.0069,-0.0110,0.0482,0
7285359,-0.132,-0.266,0.041,-0.010,0.006,-0.003,14.850,-290.780,381.990,-178.400,-1.570,-114.790,1,0.0069,-0.0110,0.0482,0
7285406,-0.119,-0.270,0.043,-0.010,0.006,-0.004,14.850,-290.780,381.990,-178.400,-1.570,-114.790,1,0.0069,-0.0110,0.0482,0
7285484,-0.104,-0.282,-0.001,-0.011,0.006,-0.003,14.850,-290.780,381.990,-178.400,-1.570,-114.790,1,0.0069,-0.0110,0.0482,0
7285625,-0.107,-0.289,0.020,-0.010,0.006,-0.004,14.850,-290.780,381.990,-178.400,-1.570,-114.790,1,0.0069,-0.0110,0.0482,0
7285718,-0.126,-0.282,0.018,-0.010,0.006,-0.004,14.850,-290.780,381.990,-178.400,-1.570,-114.790,1,0.0069,-0.0110,0.0482,0
7285828,-0.117,-0.275,0.009,-0.011,0.006,-0.004,14.850,-290.780,381.990,-178.400,-1.570,-114.790,1,0.0069,-0.0110,0.0482,0
7285906,-0.109,-0.276,0.013,-0.011,0.006,-0.003,14.850,-290.780,381.990,-178.400,-1.570,-114.790,1,0.0069,-0.0110,0.0482,0
7286000,-0.108,-0.283,0.009,-0.010,0.006,-0.003,14.850,-290.780,381.990,-178.400,-1.570,-114.790,1,0.0069,-0.0110,0.0482,0
7286078,-0.117,-0.286,0.012,-0.010,0.006,-0.003,14.850,-290.780,381.990,-178.400,-1.570,-114.790,1,0.0069,-0.0110,0.0482,0
7286156,-0.098,-0.283,0.001,-0.011,0.006,-0.004,14.850,-290.780,381.990,-178.400,-1.570,-114.790,1,0.0069,-0.0110,0.0482,0
7286265,-0.100,-0.291,0.019,-0.011,0.006,-0.004,14.850,-290.780,381.990,-178.400,-1.570,-114.790,1,0.0069,-0.0110,0.0482,0
7286375,-0.127,-0.299,0.032,-0.011,0.006,-0.002,14.850,-290.780,381.990,-178.400,-1.570,-114.790,1,0.0069,-0.0110,0.0482,0
7286500,-0.113,-0.292,0.006,-0.011,0.006,-0.003,14.850,-290.780,381.990,-178.400,-1.570,-114.790,1,0.0069,-0.0110,0.0482,0
7286546,-0.114,-0.297,0.010,-0.011,0.006,-0.003,14.850,-290.780,381.990,-178.400,-1.570,-114.790,1,0.0069,-0.0110,0.0482,0
7286593,-0.105,-0.288,0.015,-0.011,0.006,-0.004,14.850,-290.780,381.990,-178.400,-1.570,-114.790,1,0.0069,-0.0110,0.0482,0
7286671,-0.111,-0.267,-0.008,-0.010,0.006,-0.002,14.850,-290.780,381.990,-178.400,-1.570,-114.790,1,0.0069,-0.0110,0.0482,0
7286812,-0.095,-0.287,0.006,-0.011,0.006,-0.003,14.850,-290.780,381.990,-178.400,-1.570,-114.790,1,0.0069,-0.0110,0.0482,0
7286906,-0.122,-0.263,0.002,-0.010,0.006,-0.002,14.850,-290.780,381.990,-178.400,-1.570,-114.790,1,0.0069,-0.0110,0.0482,0
7287015,-0.109,-0.279,0.009,-0.011,0.006,-0.003,14.850,-290.780,381.990,-178.400,-1.570,-114.790,1,0.0069,-0.0110,0.0482,0
7287093,-0.110,-0.278,0.020,-0.010,0.006,-0.004,14.850,-290.780,381.990,-178.400,-1.570,-114.790,1,0.0069,-0.0110,0.0482,0
7287187,-0.143,-0.272,-0.016,-0.009,0.006,-0.002,14.850,-290.780,381.990,-178.400,-1.570,-114.790,1,0.0069,-0.0110,0.0482,0
7287265,-0.110,-0.286,0.025,-0.011,0.006,-0.004,14.850,-290.780,381.990,-178.400,-1.570,-114.790,1,0.0069,-0.0110,0.0482,0
7287359,-0.109,-0.263,0.009,-0.010,0.006,-0.003,14.850,-290.780,381.990,-178.400,-1.570,-114.790,1,0.0069,-0.0110,0.0482,0
7287453,-0.121,-0.264,0.008,-0.010,0.006,-0.003,14.850,-290.780,381.990,-178.400,-1.570,-114.790,1,0.0069,-0.0110,0.0482,0
7287500,-0.123,-0.259,0.019,-0.010,0.006,-0.003,14.850,-290.780,381.990,-178.400,-1.570,-114.790,1,0.0069,-0.0110,0.0482,0
7287578,-0.094,-0.289,0.015,-0.011,0.005,-0.004,14.850,-290.780,381.990,-178.400,-1.570,-114.790,1,0.0069,-0.0110,0.0482,0
7287718,-0.115,-0.266,0.004,-0.010,0.006,-0.003,14.850,-290.780,381.990,-178.400,-1.570,-114.790,1,0.0069,-0.0110,0.0482,0
7287765,-0.098,-0.281,0.013,-0.011,0.006,-0.004,14.850,-290.780,381.990,-178.400,-1.570,-114.790,1,0.0069,-0.0110,0.0482,0
7287875,-0.115,-0.287,0.010,-0.010,0.006,-0.003,14.850,-290.780,381.990,-178.400,-1.570,-114.790,1,0.0069,-0.0110,0.0482,0
7288015,-0.096,-0.274,0.013,-0.011,0.006,-0.004,14.850,-290.780,381.990,-178.400,-1.570,-114.790,1,0.0069,-0.0110,0.0482,0
7288109,-0.107,-0.277,-0.001,-0.010,0.006,-0.003,14.850,-290.780,381.990,-178.400,-1.570,-114.790,1,0.0069,-0.0110,0.0482,0
7288218,-0.108,-0.280,0.003,-0.010,0.006,-0.003,14.850,-290.780,381.990,-178.400,-1.570,-114.790,1,0.0069,-0.0110,0.0482,0
7288296,-0.115,-0.279,-0.014,-0.010,0.006,-0.002,14.850,-290.780,381.990,-178.400,-1.570,-114.790,1,0.0069,-0.0110,0.0482,0
7288390,-0.110,-0.280,0.000,-0.011,0.006,-0.003,14.850,-290.780,381.990,-178.400,-1.570,-114.790,1,0.0069,-0.0110,0.0482,0
7288468,-0.113,-0.275,0.009,-0.010,0.006,-0.002,14.850,-290.780,381.990,-178.400,-1.570,-114.790,1,0.0069,-0.0110,0.0482,0
7288546,-0.116,-0.284,0.022,-0.011,0.006,-0.003,14.850,-290.780,381.990,-178.400,-1.570,-114.790,1,0.0069,-0.0110,0.0482,0
7288656,-0.093,-0.282,0.014,-0.011,0.006,-0.004,14.850,-290.780,381.990,-178.400,-1.570,-114.790,1,0.0069,-0.0110,0.0482,0
7288765,-0.075,-0.285,0.038,-0.011,0.005,-0.005,14.850,-290.780,381.990,-178.400,-1.570,-114.790,1,0.0069,-0.0110,0.0482,0
7288921,-0.112,-0.282,0.017,-0.010,0.006,-0.004,14.850,-290.780,381.990,-178.400,-1.570,-114.790,1,0.0069,-0.0110,0.0482,0
7288968,-0.096,-0.301,0.001,-0.011,0.006,-0.004,14.850,-290.780,381.990,-178.400,-1.570,-114.790,1,0.0069,-0.0110,0.0482,0
7289015,-0.113,-0.284,-0.033,-0.011,0.006,-0.003,14.850,-290.780,381.990,-178.400,-1.570,-114.790,1,0.0069,-0.0110,0.0482,0
7289093,-0.095,-0.300,0.013,-0.011,0.005,-0.004,14.850,-290.780,381.990,-178.400,-1.570,-114.790,1,0.0069,-0.0110,0.0482,0
7289234,-0.125,-0.263,0.018,-0.009,0.007,-0.003,14.850,-290.780,381.990,-178.400,-1.570,-114.790,1,0.0069,-0.0110,0.0482,0
7289328,-0.099,-0.280,0.000,-0.010,0.006,-0.003,14.850,-290.780,381.990,-178.400,-1.570,-114.790,1,0.0069,-0.0110,0.0482,0
7289437,-0.119,-0.277,0.007,-0.010,0.006,-0.003,14.850,-290.780,381.990,-178.400,-1.570,-114.790,1,0.0069,-0.0110,0.0482,0
7289515,-0.120,-0.279,-0.007,-0.011,0.006,-0.003,14.850,-290.780,381.990,-178.400,-1.570,-114.790,1,0.0069,-0.0110,0.0482,0
7289609,-0.091,-0.282,0.034,-0.011,0.005,-0.005,14.850,-290.780,381.990,-178.400,-1.570,-114.790,1,0.0069,-0.0110,0.0482,0
7289687,-0.113,-0.293,0.013,-0.011,0.006,-0.004,14.850,-290.780,381.990,-178.400,-1.570,-114.790,1,0.0069,-0.0110,0.0482,0
7289765,-0.110,-0.287,-0.008,-0.011,0.006,-0.003,14.850,-290.780,381.990,-178.400,-1.570,-114.790,1,0.0069,-0.0110,0.0482,0
7289875,-0.098,-0.281,0.004,-0.010,0.006,-0.004,14.850,-290.780,381.990,-178.400,-1.570,-114.790,1,0.0069,-0.0110,0.0482,0
7289984,-0.104,-0.287,0.008,-0.011,0.006,-0.004,14.850,-290.780,381.990,-178.400,-1.570,-114.790,1,0.0069,-0.0110,0.0482,0
7290125,-0.103,-0.283,0.010,-0.011,0.006,-0.004,14.850,-290.780,381.990,-178.400,-1.570,-114.790,1,0.0069,-0.0110,0.0482,0
7290171,-0.103,-0.281,0.023,-0.011,0.005,-0.004,14.850,-290.780,381.990,-178.400,-1.570,-114.790,1,0.0069,-0.0110,0.0482,0
7290218,-0.115,-0.274,-0.006,-0.010,0.006,-0.002,14.850,-290.780,381.990,-178.400,-1.570,-114.790,1,0.0069,-0.0110,0.0482,0
7290296,-0.097,-0.280,0.032,-0.011,0.006,-0.004,14.850,-290.780,381.990,-178.400,-1.570,-114.790,1,0.0069,-0.0110,0.0482,0
7290437,-0.109,-0.279,-0.002,-0.011,0.006,-0.003,14.850,-290.780,381.990,-178.400,-1.570,-114.790,1,0.0069,-0.0110,0.0482,0
7290531,-0.103,-0.300,-0.014,-0.011,0.006,-0.004,14.850,-290.780,381.990,-178.400,-1.570,-114.790,1,0.0069,-0.0110,0.0482,0
7290640,-0.104,-0.290,-0.017,-0.010,0.006,-0.003,14.850,-290.780,381.990,-178.400,-1.570,-114.790,1,0.0069,-0.0110,0.0482,0
7290718,-0.097,-0.289,0.023,-0.011,0.006,-0.004,14.850,-290.780,381.990,-178.400,-1.570,-114.790,1,0.0069,-0.0110,0.0482,0
7290812,-0.094,-0.290,0.031,-0.011,0.005,-0.005,14.850,-290.780,381.990,-178.400,-1.570,-114.790,1,0.0069,-0.0110,0.0482,0
7290890,-0.093,-0.279,-0.026,-0.011,0.006,-0.002,14.850,-290.780,381.990,-178.400,-1.570,-114.790,1,0.0069,-0.0110,0.0482,0
7290968,-0.099,-0.282,-0.006,-0.011,0.006,-0.003,14.850,-290.780,381.990,-178.400,-1.570,-114.790,1,0.0069,-0.0110,0.0482,0
7291078,-0.103,-0.283,0.029,-0.011,0.006,-0.004,14.850,-290.780,381.990,-178.400,-1.570,-114.790,1,0.0069,-0.0110,0.0482,0
7291187,-0.085,-0.264,0.003,-0.010,0.006,-0.003,14.850,-290.780,381.990,-178.400,-1.570,-114.790,1,0.0069,-0.0110,0.0482,0
7291328,-0.108,-0.293,-0.017,-0.011,0.006,-0.003,14.850,-290.780,381.990,-178.400,-1.570,-114.790,1,0.0069,-0.0110,0.0482,0
7291375,-0.103,-0.293,0.025,-0.011,0.006,-0.004,14.850,-290.780,381.990,-178.400,-1.570,-114.790,1,0.0069,-0.0110,0.0482,0
7291421,-0.100,-0.280,0.007,-0.011,0.005,-0.005,14.850,-290.780,381.990,-178.400,-1.570,-114.790,1,0.0069,-0.0110,0.0482,0
7291500,-0.106,-0.271,-0.035,-0.011,0.005,-0.004,14.850,-290.780,381.990,-178.400,-1.570,-114.790,1,0.0069,-0.0110,0.0482,0
7291640,-0.099,-0.280,0.023,-0.011,0.006,-0.005,14.850,-290.780,381.990,-178.400,-1.570,-114.790,1,0.0069,-0.0110,0.0482,0
7291734,-0.102,-0.290,0.048,-0.011,0.006,-0.005,14.850,-290.780,381.990,-178.400,-1.570,-114.790,1,0.0069,-0.0110,0.0482,0
7291843,-0.094,-0.275,0.011,-0.011,0.005,-0.004,14.850,-290.780,381.990,-178.400,-1.570,-114.790,1,0.0069,-0.0110,0.0482,0
7291921,-0.072,-0.261,0.041,-0.011,0.005,-0.005,14.850,-290.780,381.990,-178.400,-1.570,-114.790,1,0.0069,-0.0110,0.0482,0
7292015,-0.100,-0.269,0.055,-0.011,0.006,-0.005,14.850,-290.780,381.990,-178.400,-1.570,-114.790,1,0.0069,-0.0110,0.0482,0
7292093,-0.110,-0.283,-0.027,-0.011,0.006,-0.003,14.850,-290.780,381.990,-178.400,-1.570,-114.790,1,0.0069,-0.0110,0.0482,0
7292171,-0.106,-0.279,-0.003,-0.011,0.006,-0.003,14.850,-290.780,381.990,-178.400,-1.570,-114.790,1,0.0069,-0.0110,0.0482,0
7292281,-0.098,-0.281,0.015,-0.011,0.006,-0.004,14.850,-290.780,381.990,-178.400,-1.570,-114.790,1,0.0069,-0.0110,0.0482,0
7292390,-0.109,-0.288,0.032,-0.011,0.006,-0.005,14.850,-290.780,381.990,-178.400,-1.570,-114.790,1,0.0069,-0.0110,0.0482,0
7292531,-0.096,-0.277,0.003,-0.011,0.006,-0.004,14.850,-290.780,381.990,-178.400,-1.570,-114.790,1,0.0069,-0.0110,0.0482,0
7292578,-0.102,-0.278,0.007,-0.011,0.006,-0.004,14.850,-290.780,381.990,-178.400,-1.570,-114.790,1,0.0069,-0.0110,0.0482,0
7292625,-0.118,-0.286,0.020,-0.011,0.006,-0.004,14.850,-290.780,381.990,-178.400,-1.570,-114.790,1,0.0069,-0.0110,0.0482,0
7292703,-0.119,-0.286,0.051,-0.011,0.006,-0.005,14.850,-290.780,381.990,-178.400,-1.570,-114.790,1,0.0069,-0.0110,0.0482,0
7292843,-0.112,-0.278,-0.012,-0.011,0.006,-0.003,14.850,-290.780,381.990,-178.400,-1.570,-114.790,1,0.0069,-0.0110,0.0482,0
7292937,-0.111,-0.273,0.009,-0.011,0.006,-0.004,14.850,-290.780,381.990,-178.400,-1.570,-114.790,1,0.0069,-0.0110,0.0482,0
7293046,-0.113,-0.273,0.072,-0.010,0.006,-0.005,14.850,-290.780,381.990,-178.400,-1.570,-114.790,1,0.0069,-0.0110,0.0482,0
7293125,-0.097,-0.279,0.029,-0.011,0.006,-0.004,14.850,-290.780,381.990,-178.400,-1.570,-114.790,1,0.0069,-0.0110,0.0482,0
7293218,-0.112,-0.289,0.005,-0.011,0.006,-0.003,14.850,-290.780,381.990,-178.400,-1.570,-114.790,1,0.0069,-0.0110,0.0482,0
7293296,-0.133,-0.292,-0.002,-0.011,0.006,-0.002,14.850,-290.780,381.990,-178.400,-1.570,-114.790,1,0.0069,-0.0110,0.0482,0
7293375,-0.129,-0.297,0.017,-0.010,0.007,-0.003,14.850,-290.780,381.990,-178.400,-1.570,-114.790,1,0.0069,-0.0110,0.0482,0
7293484,-0.116,-0.269,-0.022,-0.011,0.006,-0.002,14.850,-290.780,381.990,-178.400,-1.570,-114.790,1,0.0069,-0.0110,0.0482,0
7293593,-0.108,-0.266,0.024,-0.010,0.006,-0.003,14.850,-290.780,381.990,-178.400,-1.570,-114.790,1,0.0069,-0.0110,0.0482,0
7293734,-0.107,-0.274,0.051,-0.011,0.006,-0.004,14.850,-290.780,381.990,-178.400,-1.570,-114.790,1,0.0069,-0.0110,0.0482,0
7293781,-0.109,-0.273,0.022,-0.011,0.006,-0.004,14.850,-290.780,381.990,-178.400,-1.570,-114.790,1,0.0069,-0.0110,0.0482,0
7293828,-0.113,-0.274,0.003,-0.011,0.006,-0.003,14.850,-290.780,381.990,-178.400,-1.570,-114.790,1,0.0069,-0.0110,0.0482,0
7293906,-0.115,-0.276,-0.001,-0.010,0.006,-0.003,14.850,-290.780,381.990,-178.400,-1.570,-114.790,1,0.0069,-0.0110,0.0482,0
7294046,-0.106,-0.267,0.008,-0.010,0.006,-0.004,14.850,-290.780,381.990,-178.400,-1.570,-114.790,1,0.0069,-0.0110,0.0482,0
7294140,-0.141,-0.274,0.001,-0.010,0.006,-0.002,14.850,-290.780,381.990,-178.400,-1.570,-114.790,1,0.0069,-0.0110,0.0482,0
7294250,-0.124,-0.268,0.017,-0.010,0.006,-0.003,14.850,-290.780,381.990,-178.400,-1.570,-114.790,1,0.0069,-0.0110,0.0482,0
7294328,-0.114,-0.269,0.017,-0.010,0.006,-0.003,14.850,-290.780,381.990,-178.400,-1.570,-114.790,1,0.0069,-0.0110,0.0482,0
7294421,-0.114,-0.266,0.004,-0.010,0.006,-0.003,14.850,-290.780,381.990,-178.400,-1.570,-114.790,1,0.0069,-0.0110,0.0482,0
7294500,-0.116,-0.261,0.017,-0.010,0.006,-0.003,14.850,-290.780,381.990,-178.400,-1.570,-114.790,1,0.0069,-0.0110,0.0482,0
7294578,-0.127,-0.253,0.005,-0.009,0.006,-0.002,14.850,-290.780,381.990,-178.400,-1.570,-114.790,1,0.0069,-0.0110,0.0482,0
7294687,-0.108,-0.264,0.003,-0.010,0.006,-0.003,14.850,-290.780,381.990,-178.400,-1.570,-114.790,1,0.0069,-0.0110,0.0482,0
7294796,-0.100,-0.274,0.017,-0.010,0.005,-0.004,14.850,-290.780,381.990,-178.400,-1.570,-114.790,1,0.0069,-0.0110,0.0482,0
7294937,-0.119,-0.261,0.002,-0.010,0.006,-0.003,14.850,-290.780,381.990,-178.400,-1.570,-114.790,1,0.0069,-0.0110,0.0482,0
7294984,-0.091,-0.278,0.025,-0.011,0.005,-0.005,14.850,-290.780,381.990,-178.400,-1.570,-114.790,1,0.0069,-0.0110,0.0482,0
7295031,-0.097,-0.290,0.007,-0.011,0.005,-0.004,14.850,-290.780,381.990,-178.400,-1.570,-114.790,1,0.0069,-0.0110,0.0482,0
7295109,-0.104,-0.279,-0.003,-0.011,0.006,-0.004,14.850,-290.780,381.990,-178.400,-1.570,-114.790,1,0.0069,-0.0110,0.0482,0
7295250,-0.105,-0.268,0.023,-0.010,0.006,-0.003,14.850,-290.780,381.990,-178.400,-1.570,-114.790,1,0.0069,-0.0110,0.0482,0
7295343,-0.108,-0.266,0.009,-0.011,0.006,-0.003,14.850,-290.780,381.990,-178.400,-1.570,-114.790,1,0.0069,-0.0110,0.0482,0
7295453,-0.099,-0.258,-0.001,-0.010,0.005,-0.003,14.850,-290.780,381.990,-178.400,-1.570,-114.790,1,0.0069,-0.0110,0.0482,0
7295531,-0.099,-0.255,-0.019,-0.010,0.006,-0.002,14.850,-290.780,381.990,-178.400,-1.570,-114.790,1,0.0069,-0.0110,0.0482,0
7295625,-0.086,-0.262,0.020,-0.011,0.005,-0.004,14.850,-290.780,381.990,-178.400,-1.570,-114.790,1,0.0069,-0.0110,0.0482,0
7295703,-0.092,-0.278,0.034,-0.011,0.006,-0.005,14.850,-290.780,381.990,-178.400,-1.570,-114.790,1,0.0069,-0.0110,0.0482,0
7295781,-0.090,-0.300,0.022,-0.011,0.006,-0.006,14.850,-290.780,381.990,-178.400,-1.570,-114.790,1,0.0069,-0.0110,0.0482,0
7295890,-0.093,-0.285,0.012,-0.011,0.005,-0.005,14.850,-290.780,381.990,-178.400,-1.570,-114.790,1,0.0069,-0.0110,0.0482,0
7296000,-0.086,-0.285,0.039,-0.011,0.005,-0.005,14.850,-290.780,381.990,-178.400,-1.570,-114.790,1,0.0069,-0.0110,0.0482,0
7296140,-0.076,-0.273,-0.011,-0.011,0.006,-0.004,14.850,-290.780,381.990,-178.400,-1.570,-114.790,1,0.0069,-0.0110,0.0482,0
7296187,-0.077,-0.267,-0.018,-0.011,0.005,-0.003,14.850,-290.780,381.990,-178.400,-1.570,-114.790,1,0.0069,-0.0110,0.0482,0
7296234,-0.080,-0.275,0.007,-0.011,0.005,-0.004,14.850,-290.780,381.990,-178.400,-1.570,-114.790,1,0.0069,-0.0110,0.0482,0
7296312,-0.084,-0.273,0.006,-0.011,0.005,-0.004,14.850,-290.780,381.990,-178.400,-1.570,-114.790,1,0.0069,-0.0110,0.0482,0
7296453,-0.110,-0.265,-0.014,-0.010,0.006,-0.002,14.850,-290.780,381.990,-178.400,-1.570,-114.790,1,0.0069,-0.0110,0.0482,0
7296546,-0.088,-0.285,0.035,-0.011,0.005,-0.005,14.850,-290.780,381.990,-178.400,-1.570,-114.790,1,0.0069,-0.0110,0.0482,0
7296656,-0.086,-0.282,0.053,-0.011,0.005,-0.005,14.850,-290.780,381.990,-178.400,-1.570,-114.790,1,0.0069,-0.0110,0.0482,0
7296734,-0.086,-0.291,-0.019,-0.011,0.005,-0.004,14.850,-290.780,381.990,-178.400,-1.570,-114.790,1,0.0069,-0.0110,0.0482,0
7296828,-0.092,-0.280,0.010,-0.011,0.006,-0.004,14.850,-290.780,381.990,-178.400,-1.570,-114.790,1,0.0069,-0.0110,0.0482,0
7296906,-0.090,-0.276,-0.013,-0.010,0.006,-0.003,14.850,-290.780,381.990,-178.400,-1.570,-114.790,1,0.0069,-0.0110,0.0482,0
7296984,-0.090,-0.282,0.051,-0.011,0.006,-0.005,14.850,-290.780,381.990,-178.400,-1.570,-114.790,1,0.0069,-0.0110,0.0482,0
7297093,-0.089,-0.268,0.002,-0.011,0.005,-0.004,14.850,-290.780,381.990,-178.400,-1.570,-114.790,1,0.0069,-0.0110,0.0482,0
7297203,-0.089,-0.275,0.010,-0.011,0.005,-0.004,14.850,-290.780,381.990,-178.400,-1.570,-114.790,1,0.0069,-0.0110,0.0482,0
7297343,-0.090,-0.274,0.007,-0.011,0.005,-0.004,14.850,-290.780,381.990,-178.400,-1.570,-114.790,1,0.0069,-0.0110,0.0482,0
7297390,-0.090,-0.275,-0.001,-0.011,0.005,-0.003,14.850,-290.780,381.990,-178.400,-1.570,-114.790,1,0.0069,-0.0110,0.0482,0
7297437,-0.088,-0.278,-0.015,-0.011,0.005,-0.004,14.850,-290.780,381.990,-178.400,-1.570,-114.790,1,0.0069,-0.0110,0.0482,0
7297515,-0.086,-0.277,0.008,-0.011,0.005,-0.005,14.850,-290.780,381.990,-178.400,-1.570,-114.790,1,0.0069,-0.0110,0.0482,0
7297656,-0.096,-0.267,-0.018,-0.011,0.005,-0.003,14.850,-290.780,381.990,-178.400,-1.570,-114.790,1,0.0069,-0.0110,0.0482,0
7297750,-0.107,-0.282,0.029,-0.011,0.006,-0.004,14.850,-290.780,381.990,-178.400,-1.570,-114.790,1,0.0069,-0.0110,0.0482,0
7297859,-0.100,-0.283,0.045,-0.011,0.005,-0.005,14.850,-290.780,381.990,-178.400,-1.570,-114.790,1,0.0069,-0.0110,0.0482,0
7297937,-0.076,-0.265,-0.022,-0.011,0.005,-0.004,14.850,-290.780,381.990,-178.400,-1.570,-114.790,1,0.0069,-0.0110,0.0482,0
7298031,-0.096,-0.249,0.021,-0.010,0.006,-0.003,14.850,-290.780,381.990,-178.400,-1.570,-114.790,1,0.0069,-0.0110,0.0482,0
7298109,-0.086,-0.276,0.009,-0.011,0.005,-0.004,14.850,-290.780,381.990,-178.400,-1.570,-114.790,1,0.0069,-0.0110,0.0482,0
7298187,-0.096,-0.267,0.009,-0.011,0.006,-0.003,14.850,-290.780,381.990,-178.400,-1.570,-114.790,1,0.0069,-0.0110,0.0482,0
7298296,-0.100,-0.281,0.015,-0.010,0.005,-0.004,14.850,-290.780,381.990,-178.400,-1.570,-114.790,1,0.0069,-0.0110,0.0482,0
7298406,-0.089,-0.285,-0.004,-0.011,0.006,-0.004,14.850,-290.780,381.990,-178.400,-1.570,-114.790,1,0.0069,-0.0110,0.0482,0
7298546,-0.105,-0.282,-0.003,-0.011,0.006,-0.004,14.850,-290.780,381.990,-178.400,-1.570,-114.790,1,0.0069,-0.0110,0.0482,0
7298593,-0.116,-0.284,0.009,-0.010,0.006,-0.004,14.850,-290.780,381.990,-178.400,-1.570,-114.790,1,0.0069,-0.0110,0.0482,0
7298640,-0.110,-0.277,0.012,-0.011,0.006,-0.004,14.850,-290.780,381.990,-178.400,-1.570,-114.790,1,0.0069,-0.0110,0.0482,0
7298718,-0.102,-0.277,0.024,-0.010,0.006,-0.004,14.850,-290.780,381.990,-178.400,-1.570,-114.790,1,0.0069,-0.0110,0.0482,0
7298859,-0.094,-0.261,0.024,-0.010,0.005,-0.003,14.850,-290.780,381.990,-178.400,-1.570,-114.790,1,0.0069,-0.0110,0.0482,0
7298953,-0.097,-0.281,0.028,-0.011,0.006,-0.004,14.850,-290.780,381.990,-178.400,-1.570,-114.790,1,0.0069,-0.0110,0.0482,0
7299062,-0.097,-0.276,-0.006,-0.010,0.006,-0.003,14.850,-290.780,381.990,-178.400,-1.570,-114.790,1,0.0069,-0.0110,0.0482,0
7299140,-0.091,-0.276,0.007,-0.010,0.005,-0.003,14.850,-290.780,381.990,-178.400,-1.570,-114.790,1,0.0069,-0.0110,0.0482,0
7299234,-0.099,-0.286,0.018,-0.011,0.006,-0.004,14.850,-290.780,381.990,-178.400,-1.570,-114.790,1,0.0069,-0.0110,0.0482,0
7299312,-0.086,-0.274,-0.000,-0.011,0.005,-0.004,14.850,-290.780,381.990,-178.400,-1.570,-114.790,1,0.0069,-0.0110,0.0482,0
7299390,-0.092,-0.286,0.031,-0.011,0.005,-0.004,14.850,-290.780,381.990,-178.400,-1.570,-114.790,1,0.0069,-0.0110,0.0482,0
7299500,-0.105,-0.288,0.005,-0.011,0.006,-0.004,14.850,-290.780,381.990,-178.400,-1.570,-114.790,1,0.0069,-0.0110,0.0482,0
7299609,-0.093,-0.291,0.010,-0.011,0.005,-0.004,14.850,-290.780,381.990,-178.400,-1.570,-114.790,1,0.0069,-0.0110,0.0482,0
7299750,-0.098,-0.274,0.009,-0.010,0.006,-0.003,14.850,-290.780,381.990,-178.400,-1.570,-114.790,1,0.0069,-0.0110,0.0482,0
7299796,-0.097,-0.272,-0.020,-0.011,0.006,-0.003,14.850,-290.780,381.990,-178.400,-1.570,-114.790,1,0.0069,-0.0110,0.0482,0
7299843,-0.103,-0.265,-0.021,-0.010,0.006,-0.002,14.850,-290.780,381.990,-178.400,-1.570,-114.790,1,0.0069,-0.0110,0.0482,0
7299921,-0.097,-0.286,0.005,-0.011,0.006,-0.004,14.850,-290.780,381.990,-178.400,-1.570,-114.790,1,0.0069,-0.0110,0.0482,0
7300062,-0.084,-0.285,0.036,-0.011,0.005,-0.004,14.850,-290.780,381.990,-178.400,-1.570,-114.790,1,0.0069,-0.0110,0.0482,0
7300156,-0.101,-0.286,0.008,-0.010,0.006,-0.003,14.850,-290.780,381.990,-178.400,-1.570,-114.790,1,0.0069,-0.0110,0.0482,0
7300265,-0.131,-0.289,0.021,-0.010,0.007,-0.003,14.850,-290.780,381.990,-178.400,-1.570,-114.790,1,0.0069,-0.0110,0.0482,0
7300343,-0.116,-0.252,0.019,-0.009,0.007,-0.002,14.850,-290.780,381.990,-178.400,-1.570,-114.790,1,0.0069,-0.0110,0.0482,0
7300437,-0.093,-0.284,0.000,-0.011,0.006,-0.004,14.850,-290.780,381.990,-178.400,-1.570,-114.790,1,0.0069,-0.0110,0.0482,0
7300515,-0.116,-0.262,-0.029,-0.010,0.006,-0.001,14.850,-290.780,381.990,-178.400,-1.570,-114.790,1,0.0069,-0.0110,0.0482,0
7300593,-0.113,-0.260,-0.004,-0.010,0.006,-0.002,14.850,-290.780,381.990,-178.400,-1.570,-114.790,1,0.0069,-0.0110,0.0482,0
7300703,-0.088,-0.269,-0.002,-0.010,0.005,-0.003,14.850,-290.780,381.990,-178.400,-1.570,-114.790,1,0.0069,-0.0110,0.0482,0
7300812,-0.118,-0.264,-0.001,-0.009,0.006,-0.003,14.850,-290.780,381.990,-178.400,-1.570,-114.790,1,0.0069,-0.0110,0.0482,0
7300953,-0.087,-0.289,0.031,-0.011,0.005,-0.004,14.850,-290.780,381.990,-178.400,-1.570,-114.790,1,0.0069,-0.0110,0.0482,0
7301000,-0.073,-0.283,0.044,-0.011,0.005,-0.005,14.850,-290.780,381.990,-178.400,-1.570,-114.790,1,0.0069,-0.0110,0.0482,0
7301046,-0.090,-0.280,0.020,-0.010,0.006,-0.004,14.850,-290.780,381.990,-178.400,-1.570,-114.790,1,0.0069,-0.0110,0.0482,0
7301125,-0.106,-0.277,0.003,-0.010,0.006,-0.002,14.850,-290.780,381.990,-178.400,-1.570,-114.790,1,0.0069,-0.0110,0.0482,0
7301265,-0.092,-0.281,0.028,-0.010,0.006,-0.003,14.850,-290.780,381.990,-178.400,-1.570,-114.790,1,0.0069,-0.0110,0.0482,0
7301359,-0.090,-0.285,-0.019,-0.011,0.005,-0.003,14.850,-290.780,381.990,-178.400,-1.570,-114.790,1,0.0069,-0.0110,0.0482,0
7301468,-0.094,-0.281,-0.002,-0.010,0.006,-0.003,14.850,-290.780,381.990,-178.400,-1.570,-114.790,1,0.0069,-0.0110,0.0482,0
7301546,-0.100,-0.279,-0.008,-0.010,0.006,-0.003,14.850,-290.780,381.990,-178.400,-1.570,-114.790,1,0.0069,-0.0110,0.0482,0
7301640,-0.074,-0.281,0.027,-0.011,0.005,-0.004,14.850,-290.780,381.990,-178.400,-1.570,-114.790,1,0.0069,-0.0110,0.0482,0
7301718,-0.078,-0.291,0.039,-0.011,0.005,-0.005,14.850,-290.780,381.990,-178.400,-1.570,-114.790,1,0.0069,-0.0110,0.0482,0
7301796,-0.086,-0.280,0.008,-0.011,0.005,-0.004,14.850,-290.780,381.990,-178.400,-1.570,-114.790,1,0.0069,-0.0110,0.0482,0
7301906,-0.112,-0.288,-0.037,-0.010,0.006,-0.002,14.850,-290.780,381.990,-178.400,-1.570,-114.790,1,0.0069,-0.0110,0.0482,0
7302015,-0.091,-0.292,0.014,-0.011,0.006,-0.004,14.850,-290.780,381.990,-178.400,-1.570,-114.790,1,0.0069,-0.0110,0.0482,0
7302156,-0.091,-0.289,0.000,-0.011,0.005,-0.003,14.850,-290.780,381.990,-178.400,-1.570,-114.790,1,0.0069,-0.0110,0.0482,0
7302203,-0.090,-0.286,0.007,-0.010,0.005,-0.003,14.850,-290.780,381.990,-178.400,-1.570,-114.790,1,0.0069,-0.0110,0.0482,0
7302250,-0.080,-0.297,0.021,-0.011,0.005,-0.004,14.850,-290.780,381.990,-178.400,-1.570,-114.790,1,0.0069,-0.0110,0.0482,0
7302328,-0.090,-0.284,0.005,-0.011,0.005,-0.003,14.850,-290.780,381.990,-178.400,-1.570,-114.790,1,0.0069,-0.0110,0.0482,0
7302468,-0.103,-0.285,-0.007,-0.011,0.006,-0.003,14.850,-290.780,381.990,-178.400,-1.570,-114.790,1,0.0069,-0.0110,0.0482,0
7302562,-0.071,-0.293,0.054,-0.011,0.005,-0.006,14.850,-290.780,381.990,-178.400,-1.570,-114.790,1,0.0069,-0.0110,0.0482,0
7302671,-0.085,-0.292,0.023,-0.011,0.005,-0.004,14.850,-290.780,381.990,-178.400,-1.570,-114.790,1,0.0069,-0.0110,0.0482,0
7302750,-0.106,-0.288,-0.023,-0.011,0.006,-0.003,14.850,-290.780,381.990,-178.400,-1.570,-114.790,1,0.0069,-0.0110,0.0482,0
7302843,-0.083,-0.299,0.012,-0.011,0.006,-0.004,14.850,-290.780,381.990,-178.400,-1.570,-114.790,1,0.0069,-0.0110,0.0482,0
7302921,-0.088,-0.295,0.027,-0.011,0.005,-0.004,14.850,-290.780,381.990,-178.400,-1.570,-114.790,1,0.0069,-0.0110,0.0482,0
7303000,-0.084,-0.288,0.006,-0.011,0.005,-0.004,14.850,-290.780,381.990,-178.400,-1.570,-114.790,1,0.0069,-0.0110,0.0482,0
7303109,-0.097,-0.282,-0.005,-0.011,0.006,-0.004,14.850,-290.780,381.990,-178.400,-1.570,-114.790,1,0.0069,-0.0110,0.0482,0
7303218,-0.081,-0.278,-0.003,-0.011,0.005,-0.004,14.850,-290.780,381.990,-178.400,-1.570,-114.790,1,0.0069,-0.0110,0.0482,0
7303359,-0.079,-0.286,0.026,-0.011,0.005,-0.005,14.850,-290.780,381.990,-178.400,-1.570,-114.790,1,0.0069,-0.0110,0.0482,0
7303406,-0.087,-0.291,0.029,-0.011,0.005,-0.004,14.850,-290.780,381.990,-178.400,-1.570,-114.790,1,0.0069,-0.0110,0.0482,0
7303453,-0.097,-0.297,-0.010,-0.011,0.005,-0.004,14.850,-290.780,381.990,-178.400,-1.570,-114.790,1,0.0069,-0.0110,0.0482,0
7303531,-0.091,-0.299,-0.007,-0.011,0.006,-0.004,14.850,-290.780,381.990,-178.400,-1.570,-114.790,1,0.0069,-0.0110,0.0482,0
7303671,-0.095,-0.296,-0.007,-0.011,0.006,-0.004,14.850,-290.780,381.990,-178.400,-1.570,-114.790,1,0.0069,-0.0110,0.0482,0
7303765,-0.093,-0.298,0.031,-0.011,0.006,-0.005,14.850,-290.780,381.990,-178.400,-1.570,-114.790,1,0.0069,-0.0110,0.0482,0
7303875,-0.099,-0.296,0.025,-0.011,0.006,-0.005,14.850,-290.780,381.990,-178.400,-1.570,-114.790,1,0.0069,-0.0110,0.0482,0
7303953,-0.085,-0.287,0.015,-0.011,0.005,-0.004,14.850,-290.780,381.990,-178.400,-1.570,-114.790,1,0.0069,-0.0110,0.0482,0
7304046,-0.081,-0.293,0.053,-0.011,0.005,-0.006,14.850,-290.780,381.990,-178.400,-1.570,-114.790,1,0.0069,-0.0110,0.0482,0
7304125,-0.114,-0.286,-0.001,-0.011,0.006,-0.003,14.850,-290.780,381.990,-178.400,-1.570,-114.790,1,0.0069,-0.0110,0.0482,0
7304203,-0.102,-0.300,-0.032,-0.011,0.006,-0.003,14.850,-290.780,381.990,-178.400,-1.570,-114.790,1,0.0069,-0.0110,0.0482,0
7304312,-0.092,-0.297,0.027,-0.011,0.005,-0.005,14.850,-290.780,381.990,-178.400,-1.570,-114.790,1,0.0069,-0.0110,0.0482,0
7304421,-0.093,-0.297,0.033,-0.011,0.005,-0.005,14.850,-290.780,381.990,-178.400,-1.570,-114.790,1,0.0069,-0.0110,0.0482,0
7304562,-0.095,-0.303,-0.027,-0.012,0.006,-0.003,14.850,-290.780,381.990,-178.400,-1.570,-114.790,1,0.0069,-0.0110,0.0482,0
7304609,-0.096,-0.307,-0.013,-0.012,0.005,-0.004,14.850,-290.780,381.990,-178.400,-1.570,-114.790,1,0.0069,-0.0110,0.0482,0
7304656,-0.106,-0.300,0.017,-0.011,0.006,-0.004,14.850,-290.780,381.990,-178.400,-1.570,-114.790,1,0.0069,-0.0110,0.0482,0
7304734,-0.098,-0.297,0.033,-0.011,0.006,-0.005,14.850,-290.780,381.990,-178.400,-1.570,-114.790,1,0.0069,-0.0110,0.0482,0
7304875,-0.100,-0.277,0.000,-0.011,0.005,-0.003,14.850,-290.780,381.990,-178.400,-1.570,-114.790,1,0.0069,-0.0110,0.0482,0
7304968,-0.092,-0.289,0.056,-0.011,0.006,-0.005,14.850,-290.780,381.990,-178.400,-1.570,-114.790,1,0.0069,-0.0110,0.0482,0
7305078,-0.103,-0.286,0.036,-0.011,0.005,-0.004,14.850,-290.780,381.990,-178.400,-1.570,-114.790,1,0.0069,-0.0110,0.0482,0
7305156,-0.107,-0.292,-0.009,-0.011,0.006,-0.003,14.850,-290.780,381.990,-178.400,-1.570,-114.790,1,0.0069,-0.0110,0.0482,0
7305250,-0.095,-0.301,0.063,-0.011,0.005,-0.006,14.850,-290.780,381.990,-178.400,-1.570,-114.790,1,0.0069,-0.0110,0.0482,0
7305328,-0.104,-0.293,0.036,-0.011,0.006,-0.005,14.850,-290.780,381.990,-178.400,-1.570,-114.790,1,0.0069,-0.0110,0.0482,0
7305406,-0.101,-0.283,-0.002,-0.011,0.005,-0.004,14.850,-290.780,381.990,-178.400,-1.570,-114.790,1,0.0069,-0.0110,0.0482,0
7305515,-0.106,-0.279,-0.013,-0.011,0.005,-0.003,14.850,-290.780,381.990,-178.400,-1.570,-114.790,1,0.0069,-0.0110,0.0482,0
7305625,-0.111,-0.285,0.010,-0.011,0.006,-0.004,14.850,-290.780,381.990,-178.400,-1.570,-114.790,1,0.0069,-0.0110,0.0482,0
7305765,-0.110,-0.267,0.070,-0.010,0.006,-0.004,14.850,-290.780,381.990,-178.400,-1.570,-114.790,1,0.0069,-0.0110,0.0482,0
7305812,-0.106,-0.270,0.036,-0.011,0.006,-0.004,14.850,-290.780,381.990,-178.400,-1.570,-114.790,1,0.0069,-0.0110,0.0482,0
7305859,-0.108,-0.279,0.002,-0.011,0.006,-0.004,14.850,-290.780,381.990,-178.400,-1.570,-114.790,1,0.0069,-0.0110,0.0482,0
7305937,-0.106,-0.285,0.015,-0.011,0.006,-0.004,14.850,-290.780,381.990,-178.400,-1.570,-114.790,1,0.0069,-0.0110,0.0482,0
7306078,-0.122,-0.277,0.024,-0.011,0.006,-0.004,14.850,-290.780,381.990,-178.400,-1.570,-114.790,1,0.0069,-0.0110,0.0482,0
7306171,-0.122,-0.281,0.030,-0.011,0.006,-0.004,14.850,-290.780,381.990,-178.400,-1.570,-114.790,1,0.0069,-0.0110,0.0482,0
7306281,-0.109,-0.287,-0.012,-0.011,0.006,-0.003,14.850,-290.780,381.990,-178.400,-1.570,-114.790,1,0.0069,-0.0110,0.0482,0
7306359,-0.133,-0.281,0.004,-0.011,0.007,-0.003,14.850,-290.780,381.990,-178.400,-1.570,-114.790,1,0.0069,-0.0110,0.0482,0
7306453,-0.111,-0.292,0.018,-0.011,0.006,-0.004,14.850,-290.780,381.990,-178.400,-1.570,-114.790,1,0.0069,-0.0110,0.0482,0
7306531,-0.113,-0.284,0.025,-0.011,0.006,-0.004,14.850,-290.780,381.990,-178.400,-1.570,-114.790,1,0.0069,-0.0110,0.0482,0
7306609,-0.122,-0.269,-0.013,-0.010,0.006,-0.002,14.850,-290.780,381.990,-178.400,-1.570,-114.790,1,0.0069,-0.0110,0.0482,0
7306718,-0.101,-0.288,0.014,-0.011,0.005,-0.004,14.850,-290.780,381.990,-178.400,-1.570,-114.790,1,0.0069,-0.0110,0.0482,0
7306828,-0.106,-0.289,0.039,-0.011,0.005,-0.004,14.850,-290.780,381.990,-178.400,-1.570,-114.790,1,0.0069,-0.0110,0.0482,0
7306968,-0.101,-0.285,-0.009,-0.011,0.005,-0.004,14.850,-290.780,381.990,-178.400,-1.570,-114.790,1,0.0069,-0.0110,0.0482,0
7307015,-0.105,-0.287,-0.002,-0.011,0.005,-0.004,14.850,-290.780,381.990,-178.400,-1.570,-114.790,1,0.0069,-0.0110,0.0482,0
7307062,-0.122,-0.296,-0.004,-0.011,0.006,-0.003,14.850,-290.780,381.990,-178.400,-1.570,-114.790,1,0.0069,-0.0110,0.0482,0
7307140,-0.123,-0.302,0.032,-0.011,0.006,-0.003,14.850,-290.780,381.990,-178.400,-1.570,-114.790,1,0.0069,-0.0110,0.0482,0
7307281,-0.098,-0.276,0.013,-0.011,0.005,-0.003,14.850,-290.780,381.990,-178.400,-1.570,-114.790,1,0.0069,-0.0110,0.0482,0
7307375,-0.111,-0.266,-0.008,-0.010,0.006,-0.002,14.850,-290.780,381.990,-178.400,-1.570,-114.790,1,0.0069,-0.0110,0.0482,0
7307484,-0.109,-0.280,-0.014,-0.011,0.006,-0.003,14.850,-290.780,381.990,-178.400,-1.570,-114.790,1,0.0069,-0.0110,0.0482,0
7307562,-0.115,-0.276,0.017,-0.010,0.006,-0.003,14.850,-290.780,381.990,-178.400,-1.570,-114.790,1,0.0069,-0.0110,0.0482,0
7307656,-0.102,-0.285,0.006,-0.011,0.006,-0.003,14.850,-290.780,381.990,-178.400,-1.570,-114.790,1,0.0069,-0.0110,0.0482,0
7307734,-0.123,-0.284,0.055,-0.011,0.006,-0.004,14.850,-290.780,381.990,-178.400,-1.570,-114.790,1,0.0069,-0.0110,0.0482,0
7307812,-0.131,-0.288,0.038,-0.011,0.006,-0.004,14.850,-290.780,381.990,-178.400,-1.570,-114.790,1,0.0069,-0.0110,0.0482,0
7307921,-0.093,-0.285,0.011,-0.011,0.005,-0.004,14.850,-290.780,381.990,-178.400,-1.570,-114.790,1,0.0069,-0.0110,0.0482,0
7308031,-0.103,-0.283,0.005,-0.011,0.006,-0.003,14.850,-290.780,381.990,-178.400,-1.570,-114.790,1,0.0069,-0.0110,0.0482,0
7308171,-0.115,-0.259,0.008,-0.010,0.006,-0.003,14.850,-290.780,381.990,-178.400,-1.570,-114.790,1,0.0069,-0.0110,0.0482,0
7308218,-0.108,-0.273,-0.010,-0.010,0.006,-0.002,14.850,-290.780,381.990,-178.400,-1.570,-114.790,1,0.0069,-0.0110,0.0482,0
7308265,-0.111,-0.277,-0.002,-0.011,0.006,-0.003,14.850,-290.780,381.990,-178.400,-1.570,-114.790,1,0.0069,-0.0110,0.0482,0
7308343,-0.110,-0.276,0.021,-0.010,0.006,-0.004,14.850,-290.780,381.990,-178.400,-1.570,-114.790,1,0.0069,-0.0110,0.0482,0
7308484,-0.136,-0.253,0.003,-0.009,0.007,-0.002,14.850,-290.780,381.990,-178.400,-1.570,-114.790,1,0.0069,-0.0110,0.0482,0
7308578,-0.095,-0.280,0.029,-0.011,0.006,-0.004,14.850,-290.780,381.990,-178.400,-1.570,-114.790,1,0.0069,-0.0110,0.0482,0
7308687,-0.085,-0.267,0.001,-0.011,0.005,-0.005,14.850,-290.780,381.990,-178.400,-1.570,-114.790,1,0.0069,-0.0110,0.0482,0
7308765,-0.120,-0.287,-0.015,-0.010,0.006,-0.003,14.850,-290.780,381.990,-178.400,-1.570,-114.790,1,0.0069,-0.0110,0.0482,0
7308859,-0.109,-0.284,0.001,-0.011,0.006,-0.003,14.850,-290.780,381.990,-178.400,-1.570,-114.790,1,0.0069,-0.0110,0.0482,0
7308937,-0.102,-0.270,0.003,-0.010,0.005,-0.003,14.850,-290.780,381.990,-178.400,-1.570,-114.790,1,0.0069,-0.0110,0.0482,0
7309015,-0.097,-0.287,0.018,-0.011,0.005,-0.004,14.850,-290.780,381.990,-178.400,-1.570,-114.790,1,0.0069,-0.0110,0.0482,0
7309125,-0.112,-0.271,0.003,-0.010,0.006,-0.002,14.850,-290.780,381.990,-178.400,-1.570,-114.790,1,0.0069,-0.0110,0.0482,0
7309234,-0.106,-0.280,0.003,-0.011,0.006,-0.003,14.850,-290.780,381.990,-178.400,-1.570,-114.790,1,0.0069,-0.0110,0.0482,0
7309375,-0.102,-0.276,0.018,-0.011,0.006,-0.003,14.850,-290.780,381.990,-178.400,-1.570,-114.790,1,0.0069,-0.0110,0.0482,0
7309421,-0.113,-0.271,0.013,-0.010,0.006,-0.003,14.850,-290.780,381.990,-178.400,-1.570,-114.790,1,0.0069,-0.0110,0.0482,0
7309468,-0.097,-0.274,0.028,-0.011,0.006,-0.004,14.850,-290.780,381.990,-178.400,-1.570,-114.790,1,0.0069,-0.0110,0.0482,0
7309546,-0.102,-0.283,0.009,-0.011,0.005,-0.003,14.850,-290.780,381.990,-178.400,-1.570,-114.790,1,0.0069,-0.0110,0.0482,0
7309687,-0.114,-0.267,-0.015,-0.010,0.006,-0.002,14.850,-290.780,381.990,-178.400,-1.570,-114.790,1,0.0069,-0.0110,0.0482,0
7309781,-0.106,-0.269,0.000,-0.010,0.006,-0.003,14.850,-290.780,381.990,-178.400,-1.570,-114.790,1,0.0069,-0.0110,0.0482,0
7309890,-0.085,-0.287,0.012,-0.011,0.005,-0.004,14.850,-290.780,381.990,-178.400,-1.570,-114.790,1,0.0069,-0.0110,0.0482,0
7309968,-0.096,-0.280,-0.000,-0.010,0.005,-0.003,14.850,-290.780,381.990,-178.400,-1.570,-114.790,1,0.0069,-0.0110,0.0482,0
7310046,-0.090,-0.280,0.015,-0.010,0.005,-0.003,14.850,-290.780,381.990,-178.400,-1.570,-114.790,1,0.0069,-0.0110,0.0482,0
7310125,-0.123,-0.267,-0.012,-0.010,0.007,-0.002,14.850,-290.780,381.990,-178.400,-1.570,-114.790,1,0.0069,-0.0110,0.0482,0
7310203,-0.063,-0.283,0.035,-0.012,0.005,-0.004,14.850,-290.780,381.990,-178.400,-1.570,-114.790,1,0.0069,-0.0110,0.0482,0
7310328,-0.101,-0.269,0.006,-0.010,0.006,-0.003,14.850,-290.780,381.990,-178.400,-1.570,-114.790,1,0.0069,-0.0110,0.0482,0
7310437,-0.105,-0.278,-0.002,-0.010,0.006,-0.003,14.850,-290.780,381.990,-178.400,-1.570,-114.790,1,0.0069,-0.0110,0.0482,0
7310562,-0.092,-0.276,0.017,-0.010,0.005,-0.004,14.850,-290.780,381.990,-178.400,-1.570,-114.790,1,0.0069,-0.0110,0.0482,0
7310609,-0.090,-0.283,0.024,-0.011,0.005,-0.004,14.850,-290.780,381.990,-178.400,-1.570,-114.790,1,0.0069,-0.0110,0.0482,0
7310656,-0.091,-0.283,0.027,-0.011,0.005,-0.005,14.850,-290.780,381.990,-178.400,-1.570,-114.790,1,0.0069,-0.0110,0.0482,0
7310750,-0.097,-0.265,-0.021,-0.010,0.005,-0.003,14.850,-290.780,381.990,-178.400,-1.570,-114.790,1,0.0069,-0.0110,0.0482,0
7310890,-0.080,-0.280,0.012,-0.011,0.005,-0.004,14.850,-290.780,381.990,-178.400,-1.570,-114.790,1,0.0069,-0.0110,0.0482,0
7310984,-0.090,-0.268,0.012,-0.010,0.005,-0.003,14.850,-290.780,381.990,-178.400,-1.570,-114.790,1,0.0069,-0.0110,0.0482,0
7311093,-0.107,-0.271,-0.033,-0.010,0.006,-0.002,14.850,-290.780,381.990,-178.400,-1.570,-114.790,1,0.0069,-0.0110,0.0482,0
7311171,-0.108,-0.279,0.014,-0.010,0.006,-0.003,14.850,-290.780,381.990,-178.400,-1.570,-114.790,1,0.0069,-0.0110,0.0482,0
7311265,-0.101,-0.278,0.002,-0.010,0.006,-0.003,14.850,-290.780,381.990,-178.400,-1.570,-114.790,1,0.0069,-0.0110,0.0482,0
7311343,-0.073,-0.294,0.042,-0.011,0.005,-0.006,14.850,-290.780,381.990,-178.400,-1.570,-114.790,1,0.0069,-0.0110,0.0482,0
7311421,-0.079,-0.288,0.022,-0.012,0.005,-0.005,14.850,-290.780,381.990,-178.400,-1.570,-114.790,1,0.0069,-0.0110,0.0482,0
7311531,-0.093,-0.273,-0.038,-0.011,0.006,-0.002,14.850,-290.780,381.990,-178.400,-1.570,-114.790,1,0.0069,-0.0110,0.0482,0
7311640,-0.102,-0.268,-0.017,-0.010,0.006,-0.002,14.850,-290.780,381.990,-178.400,-1.570,-114.790,1,0.0069,-0.0110,0.0482,0
7311781,-0.088,-0.277,0.013,-0.010,0.006,-0.003,14.850,-290.780,381.990,-178.400,-1.570,-114.790,1,0.0069,-0.0110,0.0482,0
7311828,-0.099,-0.262,0.020,-0.009,0.006,-0.003,14.850,-290.780,381.990,-178.400,-1.570,-114.790,1,0.0069,-0.0110,0.0482,0
7311875,-0.109,-0.270,0.001,-0.010,0.006,-0.003,14.850,-290.780,381.990,-178.400,-1.570,-114.790,1,0.0069,-0.0110,0.0482,0
7311953,-0.099,-0.285,-0.034,-0.011,0.006,-0.003,14.850,-290.780,381.990,-178.400,-1.570,-114.790,1,0.0069,-0.0110,0.0482,0
7312093,-0.063,-0.310,0.057,-0.012,0.004,-0.006,14.850,-290.780,381.990,-178.400,-1.570,-114.790,1,0.0069,-0.0110,0.0482,0
7312187,-0.102,-0.273,-0.006,-0.010,0.006,-0.002,14.850,-290.780,381.990,-178.400,-1.570,-114.790,1,0.0069,-0.0110,0.0482,0
7312296,-0.083,-0.256,-0.000,-0.010,0.005,-0.004,14.850,-290.780,381.990,-178.400,-1.570,-114.790,1,0.0069,-0.0110,0.0482,0
7312375,-0.077,-0.270,0.042,-0.011,0.005,-0.005,14.850,-290.780,381.990,-178.400,-1.570,-114.790,1,0.0069,-0.0110,0.0482,0
7312468,-0.094,-0.277,0.021,-0.011,0.006,-0.004,14.850,-290.780,381.990,-178.400,-1.570,-114.790,1,0.0069,-0.0110,0.0482,0
7312546,-0.092,-0.269,0.004,-0.011,0.006,-0.004,14.850,-290.780,381.990,-178.400,-1.570,-114.790,1,0.0069,-0.0110,0.0482,0
7312625,-0.099,-0.274,-0.003,-0.010,0.006,-0.003,14.850,-290.780,381.990,-178.400,-1.570,-114.790,1,0.0069,-0.0110,0.0482,0
7312734,-0.086,-0.287,0.016,-0.011,0.005,-0.005,14.850,-290.780,381.990,-178.400,-1.570,-114.790,1,0.0069,-0.0110,0.0482,0
7312843,-0.093,-0.278,-0.014,-0.011,0.006,-0.003,14.850,-290.780,381.990,-178.400,-1.570,-114.790,1,0.0069,-0.0110,0.0482,0
7312984,-0.080,-0.276,-0.004,-0.011,0.005,-0.005,14.850,-290.780,381.990,-178.400,-1.570,-114.790,1,0.0069,-0.0110,0.0482,0
7313031,-0.071,-0.275,0.014,-0.011,0.005,-0.005,14.850,-290.780,381.990,-178.400,-1.570,-114.790,1,0.0069,-0.0110,0.0482,0
7313078,-0.081,-0.273,-0.012,-0.010,0.005,-0.003,14.850,-290.780,381.990,-178.400,-1.570,-114.790,1,0.0069,-0.0110,0.0482,0
7313156,-0.077,-0.265,0.015,-0.010,0.005,-0.003,14.850,-290.780,381.990,-178.400,-1.570,-114.790,1,0.0069,-0.0110,0.0482,0
7313296,-0.084,-0.296,0.057,-0.012,0.005,-0.006,14.850,-290.780,381.990,-178.400,-1.570,-114.790,1,0.0069,-0.0110,0.0482,0
7313390,-0.088,-0.291,-0.043,-0.011,0.005,-0.003,14.850,-290.780,381.990,-178.400,-1.570,-114.790,1,0.0069,-0.0110,0.0482,0
7313500,-0.097,-0.282,-0.028,-0.010,0.005,-0.002,14.850,-290.780,381.990,-178.400,-1.570,-114.790,1,0.0069,-0.0110,0.0482,0
7313578,-0.074,-0.296,0.031,-0.011,0.005,-0.006,14.850,-290.780,381.990,-178.400,-1.570,-114.790,1,0.0069,-0.0110,0.0482,0
7313656,-0.066,-0.295,0.049,-0.012,0.005,-0.006,14.850,-290.780,381.990,-178.400,-1.570,-114.790,1,0.0069,-0.0110,0.0482,0
7313750,-0.082,-0.283,0.007,-0.011,0.005,-0.004,14.850,-290.780,381.990,-178.400,-1.570,-114.790,1,0.0069,-0.0110,0.0482,0
7313828,-0.078,-0.276,0.001,-0.011,0.005,-0.003,14.850,-290.780,381.990,-178.400,-1.570,-114.790,1,0.0069,-0.0110,0.0482,0
7313937,-0.058,-0.287,0.050,-0.011,0.005,-0.005,14.850,-290.780,381.990,-178.400,-1.570,-114.790,1,0.0069,-0.0110,0.0482,0
7314031,-0.104,-0.259,-0.011,-0.010,0.006,-0.003,14.850,-290.780,381.990,-178.400,-1.570,-114.790,1,0.0069,-0.0110,0.0482,0
7314171,-0.083,-0.277,0.030,-0.011,0.005,-0.005,14.850,-290.780,381.990,-178.400,-1.570,-114.790,1,0.0069,-0.0110,0.0482,0
7314218,-0.084,-0.278,0.033,-0.011,0.005,-0.005,14.850,-290.780,381.990,-178.400,-1.570,-114.790,1,0.0069,-0.0110,0.0482,0
7314265,-0.099,-0.265,-0.019,-0.010,0.005,-0.003,14.850,-290.780,381.990,-178.400,-1.570,-114.790,1,0.0069,-0.0110,0.0482,0
7314343,-0.089,-0.282,0.010,-0.011,0.005,-0.005,14.850,-290.780,381.990,-178.400,-1.570,-114.790,1,0.0069,-0.0110,0.0482,0
7314484,-0.090,-0.268,0.010,-0.011,0.005,-0.004,14.850,-290.780,381.990,-178.400,-1.570,-114.790,1,0.0069,-0.0110,0.0482,0
7314578,-0.093,-0.252,-0.029,-0.010,0.005,-0.003,14.850,-290.780,381.990,-178.400,-1.570,-114.790,1,0.0069,-0.0110,0.0482,0
7314687,-0.068,-0.261,0.030,-0.011,0.005,-0.005,14.850,-290.780,381.990,-178.400,-1.570,-114.790,1,0.0069,-0.0110,0.0482,0
7314765,-0.084,-0.264,0.021,-0.011,0.005,-0.004,14.850,-290.780,381.990,-178.400,-1.570,-114.790,1,0.0069,-0.0110,0.0482,0
7314859,-0.079,-0.294,0.041,-0.012,0.005,-0.006,14.850,-290.780,381.990,-178.400,-1.570,-114.790,1,0.0069,-0.0110,0.0482,0
7314937,-0.090,-0.281,0.001,-0.010,0.005,-0.003,14.850,-290.780,381.990,-178.400,-1.570,-114.790,1,0.0069,-0.0110,0.0482,0
7315015,-0.085,-0.278,0.004,-0.011,0.005,-0.004,14.850,-290.780,381.990,-178.400,-1.570,-114.790,1,0.0069,-0.0110,0.0482,0
7315125,-0.073,-0.279,0.022,-0.011,0.005,-0.005,14.850,-290.780,381.990,-178.400,-1.570,-114.790,1,0.0069,-0.0110,0.0482,0
7315234,-0.085,-0.273,0.003,-0.011,0.005,-0.003,14.850,-290.780,381.990,-178.400,-1.570,-114.790,1,0.0069,-0.0110,0.0482,0
7315375,-0.082,-0.274,0.025,-0.011,0.005,-0.004,14.850,-290.780,381.990,-178.400,-1.570,-114.790,1,0.0069,-0.0110,0.0482,0
7315421,-0.073,-0.268,0.022,-0.011,0.005,-0.004,14.850,-290.780,381.990,-178.400,-1.570,-114.790,1,0.0069,-0.0110,0.0482,0
7315468,-0.080,-0.268,0.027,-0.011,0.005,-0.004,14.850,-290.780,381.990,-178.400,-1.570,-114.790,1,0.0069,-0.0110,0.0482,0
7315546,-0.100,-0.290,-0.014,-0.011,0.006,-0.003,14.850,-290.780,381.990,-178.400,-1.570,-114.790,1,0.0069,-0.0110,0.0482,0
7315687,-0.075,-0.295,0.022,-0.012,0.005,-0.005,14.850,-290.780,381.990,-178.400,-1.570,-114.790,1,0.0069,-0.0110,0.0482,0
7315781,-0.079,-0.288,0.026,-0.011,0.005,-0.005,14.850,-290.780,381.990,-178.400,-1.570,-114.790,1,0.0069,-0.0110,0.0482,0
7315890,-0.082,-0.280,-0.002,-0.011,0.005,-0.004,14.850,-290.780,381.990,-178.400,-1.570,-114.790,1,0.0069,-0.0110,0.0482,0
7315968,-0.087,-0.267,-0.006,-0.010,0.005,-0.004,14.850,-290.780,381.990,-178.400,-1.570,-114.790,1,0.0069,-0.0110,0.0482,0
7316062,-0.077,-0.272,0.032,-0.011,0.005,-0.005,14.850,-290.780,381.990,-178.400,-1.570,-114.790,1,0.0069,-0.0110,0.0482,0
7316140,-0.075,-0.246,-0.020,-0.010,0.006,-0.003,14.850,-290.780,381.990,-178.400,-1.570,-114.790,1,0.0069,-0.0110,0.0482,0
7316218,-0.085,-0.256,0.010,-0.010,0.005,-0.003,14.850,-290.780,381.990,-178.400,-1.570,-114.790,1,0.0069,-0.0110,0.0482,0
7316328,-0.087,-0.270,0.033,-0.011,0.005,-0.005,14.850,-290.780,381.990,-178.400,-1.570,-114.790,1,0.0069,-0.0110,0.0482,0
7316437,-0.085,-0.283,0.044,-0.011,0.005,-0.005,14.850,-290.780,381.990,-178.400,-1.570,-114.790,1,0.0069,-0.0110,0.0482,0
7316578,-0.089,-0.278,-0.011,-0.011,0.005,-0.003,14.850,-290.780,381.990,-178.400,-1.570,-114.790,1,0.0069,-0.0110,0.0482,0
7316625,-0.086,-0.280,0.016,-0.011,0.005,-0.005,14.850,-290.780,381.990,-178.400,-1.570,-114.790,1,0.0069,-0.0110,0.0482,0
7316671,-0.085,-0.285,0.019,-0.011,0.005,-0.005,14.850,-290.780,381.990,-178.400,-1.570,-114.790,1,0.0069,-0.0110,0.0482,0
7316750,-0.095,-0.263,-0.041,-0.011,0.005,-0.002,14.850,-290.780,381.990,-178.400,-1.570,-114.790,1,0.0069,-0.0110,0.0482,0
7316890,-0.077,-0.269,0.003,-0.011,0.005,-0.004,14.850,-290.780,381.990,-178.400,-1.570,-114.790,1,0.0069,-0.0110,0.0482,0
7316984,-0.079,-0.276,0.042,-0.011,0.005,-0.005,14.850,-290.780,381.990,-178.400,-1.570,-114.790,1,0.0069,-0.0110,0.0482,0
7317093,-0.094,-0.275,-0.015,-0.010,0.005,-0.003,14.850,-290.780,381.990,-178.400,-1.570,-114.790,1,0.0069,-0.0110,0.0482,0
7317171,-0.095,-0.285,-0.028,-0.011,0.005,-0.003,14.850,-290.780,381.990,-178.400,-1.570,-114.790,1,0.0069,-0.0110,0.0482,0
7317265,-0.077,-0.299,0.034,-0.012,0.005,-0.005,14.850,-290.780,381.990,-178.400,-1.570,-114.790,1,0.0069,-0.0110,0.0482,0
7317343,-0.088,-0.286,-0.009,-0.011,0.005,-0.004,14.850,-290.780,381.990,-178.400,-1.570,-114.790,1,0.0069,-0.0110,0.0482,0
7317421,-0.084,-0.292,0.036,-0.011,0.005,-0.005,14.850,-290.780,381.990,-178.400,-1.570,-114.790,1,0.0069,-0.0110,0.0482,0
7317531,-0.084,-0.278,-0.017,-0.010,0.005,-0.003,14.850,-290.780,381.990,-178.400,-1.570,-114.790,1,0.0069,-0.0110,0.0482,0
7317640,-0.103,-0.266,-0.042,-0.011,0.006,-0.002,14.850,-290.780,381.990,-178.400,-1.570,-114.790,1,0.0069,-0.0110,0.0482,0
7317781,-0.073,-0.276,0.028,-0.011,0.005,-0.004,14.850,-290.780,381.990,-178.400,-1.570,-114.790,1,0.0069,-0.0110,0.0482,0
7317828,-0.080,-0.280,0.026,-0.011,0.005,-0.005,14.850,-290.780,381.990,-178.400,-1.570,-114.790,1,0.0069,-0.0110,0.0482,0
7317875,-0.080,-0.284,0.015,-0.011,0.005,-0.005,14.850,-290.780,381.990,-178.400,-1.570,-114.790,1,0.0069,-0.0110,0.0482,0
7317953,-0.094,-0.276,0.004,-0.011,0.005,-0.004,14.850,-290.780,381.990,-178.400,-1.570,-114.790,1,0.0069,-0.0110,0.0482,0
7318093,-0.094,-0.277,0.021,-0.011,0.006,-0.005,14.850,-290.780,381.990,-178.400,-1.570,-114.790,1,0.0069,-0.0110,0.0482,0
7318187,-0.090,-0.267,-0.034,-0.011,0.005,-0.004,14.850,-290.780,381.990,-178.400,-1.570,-114.790,1,0.0069,-0.0110,0.0482,0
7318296,-0.101,-0.258,-0.017,-0.010,0.006,-0.002,14.850,-290.780,381.990,-178.400,-1.570,-114.790,1,0.0069,-0.0110,0.0482,0
7318375,-0.080,-0.271,0.045,-0.011,0.005,-0.005,14.850,-290.780,381.990,-178.400,-1.570,-114.790,1,0.0069,-0.0110,0.0482,0
7318453,-0.089,-0.268,0.019,-0.011,0.005,-0.004,14.850,-290.780,381.990,-178.400,-1.570,-114.790,1,0.0069,-0.0110,0.0482,0
7318531,-0.090,-0.263,-0.023,-0.011,0.005,-0.003,14.850,-290.780,381.990,-178.400,-1.570,-114.790,1,0.0069,-0.0110,0.0482,0
7318625,-0.088,-0.279,0.017,-0.011,0.005,-0.005,14.850,-290.780,381.990,-178.400,-1.570,-114.790,1,0.0069,-0.0110,0.0482,0
7318718,-0.094,-0.279,0.002,-0.011,0.005,-0.003,14.850,-290.780,381.990,-178.400,-1.570,-114.790,1,0.0069,-0.0110,0.0482,0
7318765,-0.088,-0.287,0.018,-0.011,0.005,-0.005,14.850,-290.780,381.990,-178.400,-1.570,-114.790,1,0.0069,-0.0110,0.0482,0
7318843,-0.099,-0.275,-0.014,-0.010,0.005,-0.002,14.850,-290.780,381.990,-178.400,-1.570,-114.790,1,0.0069,-0.0110,0.0482,0
7318968,-0.081,-0.283,-0.002,-0.011,0.005,-0.004,14.850,-290.780,381.990,-178.400,-1.570,-114.790,1,0.0069,-0.0110,0.0482,0
7319015,-0.085,-0.282,0.016,-0.011,0.005,-0.004,14.850,-290.780,381.990,-178.400,-1.570,-114.790,1,0.0069,-0.0110,0.0482,0
7319062,-0.080,-0.280,0.022,-0.011,0.005,-0.005,14.850,-290.780,381.990,-178.400,-1.570,-114.790,1,0.0069,-0.0110,0.0482,0
7319140,-0.103,-0.276,0.016,-0.010,0.006,-0.003,14.850,-290.780,381.990,-178.400,-1.570,-114.790,1,0.0069,-0.0110,0.0482,0
7319281,-0.069,-0.277,0.010,-0.011,0.005,-0.004,14.850,-290.780,381.990,-178.400,-1.570,-114.790,1,0.0069,-0.0110,0.0482,0
7319375,-0.076,-0.269,0.001,-0.011,0.005,-0.003,14.850,-290.780,381.990,-178.400,-1.570,-114.790,1,0.0069,-0.0110,0.0482,0
7319484,-0.097,-0.264,-0.019,-0.010,0.006,-0.002,14.850,-290.780,381.990,-178.400,-1.570,-114.790,1,0.0069,-0.0110,0.0482,0
7319562,-0.084,-0.297,0.040,-0.011,0.005,-0.005,14.850,-290.780,381.990,-178.400,-1.570,-114.790,1,0.0069,-0.0110,0.0482,0
7319656,-0.086,-0.283,0.041,-0.011,0.005,-0.005,14.850,-290.780,381.990,-178.400,-1.570,-114.790,1,0.0069,-0.0110,0.0482,0
7319734,-0.104,-0.268,-0.012,-0.010,0.006,-0.002,14.850,-290.780,381.990,-178.400,-1.570,-114.790,1,0.0069,-0.0110,0.0482,0
7319812,-0.087,-0.278,0.020,-0.010,0.005,-0.004,14.850,-290.780,381.990,-178.400,-1.570,-114.790,1,0.0069,-0.0110,0.0482,0
7319921,-0.090,-0.264,0.020,-0.011,0.005,-0.004,14.850,-290.780,381.990,-178.400,-1.570,-114.790,1,0.0069,-0.0110,0.0482,0
7320031,-0.103,-0.263,-0.007,-0.010,0.006,-0.003,14.850,-290.780,381.990,-178.400,-1.570,-114.790,1,0.0069,-0.0110,0.0482,0
7320171,-0.091,-0.257,-0.009,-0.010,0.006,-0.002,14.850,-290.780,381.990,-178.400,-1.570,-114.790,1,0.0069,-0.0110,0.0482,0
7320218,-0.090,-0.265,0.014,-0.010,0.005,-0.004,14.850,-290.780,381.990,-178.400,-1.570,-114.790,1,0.0069,-0.0110,0.0482,0
7320265,-0.098,-0.284,0.021,-0.011,0.005,-0.004,14.850,-290.780,381.990,-178.400,-1.570,-114.790,1,0.0069,-0.0110,0.0482,0
7320343,-0.084,-0.297,0.011,-0.011,0.005,-0.005,14.850,-290.780,381.990,-178.400,-1.570,-114.790,1,0.0069,-0.0110,0.0482,0
7320484,-0.092,-0.271,0.002,-0.011,0.005,-0.003,14.850,-290.780,381.990,-178.400,-1.570,-114.790,1,0.0069,-0.0110,0.0482,0
7320578,-0.084,-0.275,0.004,-0.011,0.005,-0.004,14.850,-290.780,381.990,-178.400,-1.570,-114.790,1,0.0069,-0.0110,0.0482,0
7320703,-0.087,-0.271,0.009,-0.011,0.005,-0.004,14.850,-290.780,381.990,-178.400,-1.570,-114.790,1,0.0069,-0.0110,0.0482,0
7320781,-0.087,-0.260,-0.016,-0.010,0.005,-0.003,14.850,-290.780,381.990,-178.400,-1.570,-114.790,1,0.0069,-0.0110,0.0482,0
7320875,-0.096,-0.259,-0.018,-0.010,0.006,-0.002,14.850,-290.780,381.990,-178.400,-1.570,-114.790,1,0.0069,-0.0110,0.0482,0
7320953,-0.072,-0.268,0.035,-0.011,0.005,-0.004,14.850,-290.780,381.990,-178.400,-1.570,-114.790,1,0.0069,-0.0110,0.0482,0
7321031,-0.080,-0.272,0.014,-0.010,0.005,-0.003,14.850,-290.780,381.990,-178.400,-1.570,-114.790,1,0.0069,-0.0110,0.0482,0
7321125,-0.106,-0.249,-0.022,-0.009,0.006,-0.001,14.850,-290.780,381.990,-178.400,-1.570,-114.790,1,0.0069,-0.0110,0.0482,0
7321234,-0.071,-0.285,-0.003,-0.011,0.005,-0.004,14.850,-290.780,381.990,-178.400,-1.570,-114.790,1,0.0069,-0.0110,0.0482,0
7321375,-0.083,-0.275,0.004,-0.010,0.005,-0.003,14.850,-290.780,381.990,-178.400,-1.570,-114.790,1,0.0069,-0.0110,0.0482,0
7321421,-0.106,-0.249,-0.017,-0.009,0.005,-0.001,14.850,-290.780,381.990,-178.400,-1.570,-114.790,1,0.0069,-0.0110,0.0482,0
7321468,-0.108,-0.250,-0.005,-0.009,0.006,-0.002,14.850,-290.780,381.990,-178.400,-1.570,-114.790,1,0.0069,-0.0110,0.0482,0
7321546,-0.071,-0.264,0.031,-0.010,0.005,-0.004,14.850,-290.780,381.990,-178.400,-1.570,-114.790,1,0.0069,-0.0110,0.0482,0
7321687,-0.068,-0.252,-0.038,-0.010,0.005,-0.002,14.850,-290.780,381.990,-178.400,-1.570,-114.790,1,0.0069,-0.0110,0.0482,0
7321781,-0.098,-0.260,0.002,-0.010,0.006,-0.004,14.850,-290.780,381.990,-178.400,-1.570,-114.790,1,0.0069,-0.0110,0.0482,0
7321890,-0.099,-0.264,0.003,-0.010,0.006,-0.003,14.850,-290.780,381.990,-178.400,-1.570,-114.790,1,0.0069,-0.0110,0.0482,0
7321968,-0.083,-0.265,-0.000,-0.010,0.005,-0.004,14.850,-290.780,381.990,-178.400,-1.570,-114.790,1,0.0069,-0.0110,0.0482,0
7322062,-0.093,-0.257,-0.002,-0.010,0.006,-0.002,14.850,-290.780,381.990,-178.400,-1.570,-114.790,1,0.0069,-0.0110,0.0482,0
7322140,-0.082,-0.263,0.010,-0.011,0.005,-0.004,14.850,-290.780,381.990,-178.400,-1.570,-114.790,1,0.0069,-0.0110,0.0482,0
7322218,-0.080,-0.264,0.019,-0.010,0.005,-0.004,14.850,-290.780,381.990,-178.400,-1.570,-114.790,1,0.0069,-0.0110,0.0482,0
7322328,-0.095,-0.258,-0.012,-0.009,0.005,-0.002,14.850,-290.780,381.990,-178.400,-1.570,-114.790,1,0.0069,-0.0110,0.0482,0
7322437,-0.066,-0.262,0.008,-0.010,0.005,-0.004,14.850,-290.780,381.990,-178.400,-1.570,-114.790,1,0.0069,-0.0110,0.0482,0
7322578,-0.069,-0.264,0.030,-0.011,0.005,-0.005,14.850,-290.780,381.990,-178.400,-1.570,-114.790,1,0.0069,-0.0110,0.0482,0
7322625,-0.083,-0.265,0.032,-0.010,0.005,-0.004,14.850,-290.780,381.990,-178.400,-1.570,-114.790,1,0.0069,-0.0110,0.0482,0
7322671,-0.098,-0.256,0.018,-0.010,0.006,-0.003,14.850,-290.780,381.990,-178.400,-1.570,-114.790,1,0.0069,-0.0110,0.0482,0
7322750,-0.093,-0.253,0.010,-0.010,0.006,-0.003,14.850,-290.780,381.990,-178.400,-1.570,-114.790,1,0.0069,-0.0110,0.0482,0
7322890,-0.065,-0.272,0.013,-0.011,0.005,-0.005,14.850,-290.780,381.990,-178.400,-1.570,-114.790,1,0.0069,-0.0110,0.0482,0
7322984,-0.089,-0.256,-0.002,-0.010,0.005,-0.003,14.850,-290.780,381.990,-178.400,-1.570,-114.790,1,0.0069,-0.0110,0.0482,0
7323093,-0.116,-0.259,-0.010,-0.010,0.006,-0.003,14.850,-290.780,381.990,-178.400,-1.570,-114.790,1,0.0069,-0.0110,0.0482,0
7323171,-0.121,-0.258,-0.007,-0.009,0.006,-0.002,14.850,-290.780,381.990,-178.400,-1.570,-114.790,1,0.0069,-0.0110,0.0482,0
7323265,-0.106,-0.261,-0.006,-0.010,0.006,-0.003,14.850,-290.780,381.990,-178.400,-1.570,-114.790,1,0.0069,-0.0110,0.0482,0
7323343,-0.087,-0.254,-0.010,-0.010,0.005,-0.003,14.850,-290.780,381.990,-178.400,-1.570,-114.790,1,0.0069,-0.0110,0.0482,0
7323421,-0.097,-0.233,0.023,-0.010,0.006,-0.003,14.850,-290.780,381.990,-178.400,-1.570,-114.790,1,0.0069,-0.0110,0.0482,0
7323531,-0.103,-0.246,0.018,-0.010,0.006,-0.003,14.850,-290.780,381.990,-178.400,-1.570,-114.790,1,0.0069,-0.0110,0.0482,0
7323640,-0.108,-0.237,0.014,-0.009,0.006,-0.003,14.850,-290.780,381.990,-178.400,-1.570,-114.790,1,0.0069,-0.0110,0.0482,0
7323781,-0.077,-0.263,0.013,-0.011,0.005,-0.004,14.850,-290.780,381.990,-178.400,-1.570,-114.790,1,0.0069,-0.0110,0.0482,0
7323828,-0.099,-0.270,0.005,-0.011,0.005,-0.003,14.850,-290.780,381.990,-178.400,-1.570,-114.790,1,0.0069,-0.0110,0.0482,0
7323890,-0.105,-0.277,0.005,-0.010,0.006,-0.003,14.850,-290.780,381.990,-178.400,-1.570,-114.790,1,0.0069,-0.0110,0.0482,0
7323953,-0.100,-0.281,0.026,-0.010,0.006,-0.004,14.850,-290.780,381.990,-178.400,-1.570,-114.790,1,0.0069,-0.0110,0.0482,0
7324093,-0.109,-0.285,0.034,-0.010,0.006,-0.003,14.850,-290.780,381.990,-178.400,-1.570,-114.790,1,0.0069,-0.0110,0.0482,0
7324187,-0.094,-0.256,-0.014,-0.010,0.006,-0.002,14.850,-290.780,381.990,-178.400,-1.570,-114.790,1,0.0069,-0.0110,0.0482,0
7324296,-0.099,-0.255,0.019,-0.010,0.006,-0.002,14.850,-290.780,381.990,-178.400,-1.570,-114.790,1,0.0069,-0.0110,0.0482,0
7324390,-0.087,-0.259,0.023,-0.011,0.005,-0.004,14.850,-290.780,381.990,-178.400,-1.570,-114.790,1,0.0069,-0.0110,0.0482,0
7324468,-0.100,-0.255,0.006,-0.010,0.005,-0.003,14.850,-290.780,381.990,-178.400,-1.570,-114.790,1,0.0069,-0.0110,0.0482,0
7324546,-0.103,-0.262,0.027,-0.010,0.005,-0.003,14.850,-290.780,381.990,-178.400,-1.570,-114.790,1,0.0069,-0.0110,0.0482,0
7324625,-0.093,-0.263,0.007,-0.011,0.005,-0.004,14.850,-290.780,381.990,-178.400,-1.570,-114.790,1,0.0069,-0.0110,0.0482,0
7324734,-0.080,-0.266,0.020,-0.011,0.005,-0.004,14.850,-290.780,381.990,-178.400,-1.570,-114.790,1,0.0069,-0.0110,0.0482,0
7324781,-0.094,-0.267,0.020,-0.011,0.006,-0.004,14.850,-290.780,381.990,-178.400,-1.570,-114.790,1,0.0069,-0.0110,0.0482,0
7324859,-0.127,-0.278,0.045,-0.010,0.007,-0.004,14.850,-290.780,381.990,-178.400,-1.570,-114.790,1,0.0069,-0.0110,0.0482,0
7325000,-0.087,-0.252,0.016,-0.011,0.005,-0.004,14.850,-290.780,381.990,-178.400,-1.570,-114.790,1,0.0069,-0.0110,0.0482,0
7325046,-0.082,-0.271,-0.010,-0.011,0.005,-0.004,14.850,-290.780,381.990,-178.400,-1.570,-114.790,1,0.0069,-0.0110,0.0482,0
7325093,-0.092,-0.260,0.010,-0.011,0.005,-0.004,14.850,-290.780,381.990,-178.400,-1.570,-114.790,1,0.0069,-0.0110,0.0482,0
7325171,-0.098,-0.249,0.022,-0.010,0.005,-0.004,14.850,-290.780,381.990,-178.400,-1.570,-114.790,1,0.0069,-0.0110,0.0482,0
7325312,-0.083,-0.256,0.019,-0.010,0.005,-0.004,14.850,-290.780,381.990,-178.400,-1.570,-114.790,1,0.0069,-0.0110,0.0482,0
7325406,-0.081,-0.257,-0.008,-0.011,0.005,-0.004,14.850,-290.780,381.990,-178.400,-1.570,-114.790,1,0.0069,-0.0110,0.0482,0
7325500,-0.106,-0.266,0.016,-0.011,0.006,-0.004,14.850,-290.780,381.990,-178.400,-1.570,-114.790,1,0.0069,-0.0110,0.0482,0
7325578,-0.114,-0.275,0.084,-0.011,0.005,-0.006,14.850,-290.780,381.990,-178.400,-1.570,-114.790,1,0.0069,-0.0110,0.0482,0
7325671,-0.086,-0.273,0.018,-0.011,0.006,-0.004,14.850,-290.780,381.990,-178.400,-1.570,-114.790,1,0.0069,-0.0110,0.0482,0
7325750,-0.079,-0.257,0.034,-0.010,0.006,-0.004,14.850,-290.780,381.990,-178.400,-1.570,-114.790,1,0.0069,-0.0110,0.0482,0
7325828,-0.076,-0.268,0.030,-0.011,0.005,-0.005,14.850,-290.780,381.990,-178.400,-1.570,-114.790,1,0.0069,-0.0110,0.0482,0
7325937,-0.087,-0.267,0.020,-0.011,0.005,-0.004,14.850,-290.780,381.990,-178.400,-1.570,-114.790,1,0.0069,-0.0110,0.0482,0
7326046,-0.083,-0.265,0.033,-0.011,0.005,-0.005,14.850,-290.780,381.990,-178.400,-1.570,-114.790,1,0.0069,-0.0110,0.0482,0
7326187,-0.092,-0.277,0.064,-0.011,0.005,-0.005,14.850,-290.780,381.990,-178.400,-1.570,-114.790,1,0.0069,-0.0110,0.0482,0
7326250,-0.082,-0.271,0.060,-0.011,0.005,-0.005,14.850,-290.780,381.990,-178.400,-1.570,-114.790,1,0.0069,-0.0110,0.0482,0
7326296,-0.092,-0.270,0.035,-0.011,0.005,-0.004,14.850,-290.780,381.990,-178.400,-1.570,-114.790,1,0.0069,-0.0110,0.0482,0
7326375,-0.087,-0.260,0.000,-0.011,0.005,-0.003,14.850,-290.780,381.990,-178.400,-1.570,-114.790,1,0.0069,-0.0110,0.0482,0
7326515,-0.083,-0.250,0.053,-0.010,0.005,-0.004,14.850,-290.780,381.990,-178.400,-1.570,-114.790,1,0.0069,-0.0110,0.0482,0
7326609,-0.084,-0.267,-0.001,-0.011,0.005,-0.004,14.850,-290.780,381.990,-178.400,-1.570,-114.790,1,0.0069,-0.0110,0.0482,0
7326718,-0.081,-0.260,0.008,-0.011,0.005,-0.004,14.850,-290.780,381.990,-178.400,-1.570,-114.790,1,0.0069,-0.0110,0.0482,0
7326796,-0.089,-0.261,0.030,-0.010,0.005,-0.004,14.850,-290.780,381.990,-178.400,-1.570,-114.790,1,0.0069,-0.0110,0.0482,0
7326890,-0.079,-0.265,0.020,-0.011,0.005,-0.005,14.850,-290.780,381.990,-178.400,-1.570,-114.790,1,0.0069,-0.0110,0.0482,0
7326968,-0.085,-0.265,0.010,-0.011,0.005,-0.004,14.850,-290.780,381.990,-178.400,-1.570,-114.790,1,0.0069,-0.0110,0.0482,0
7327046,-0.069,-0.257,-0.012,-0.011,0.005,-0.003,14.850,-290.780,381.990,-178.400,-1.570,-114.790,1,0.0069,-0.0110,0.0482,0
7327156,-0.066,-0.261,0.045,-0.011,0.005,-0.006,14.850,-290.780,381.990,-178.400,-1.570,-114.790,1,0.0069,-0.0110,0.0482,0
7327265,-0.075,-0.255,0.048,-0.011,0.005,-0.005,14.850,-290.780,381.990,-178.400,-1.570,-114.790,1,0.0069,-0.0110,0.0482,0
7327406,-0.073,-0.273,0.020,-0.011,0.005,-0.004,14.850,-290.780,381.990,-178.400,-1.570,-114.790,1,0.0069,-0.0110,0.0482,0
7327453,-0.070,-0.280,0.008,-0.011,0.005,-0.004,14.850,-290.780,381.990,-178.400,-1.570,-114.790,1,0.0069,-0.0110,0.0482,0
7327500,-0.069,-0.275,0.017,-0.011,0.005,-0.004,14.850,-290.780,381.990,-178.400,-1.570,-114.790,1,0.0069,-0.0110,0.0482,0
7327578,-0.069,-0.272,0.025,-0.011,0.005,-0.004,14.850,-290.780,381.990,-178.400,-1.570,-114.790,1,0.0069,-0.0110,0.0482,0
7327718,-0.074,-0.274,0.038,-0.011,0.005,-0.005,14.850,-290.780,381.990,-178.400,-1.570,-114.790,1,0.0069,-0.0110,0.0482,0
7327812,-0.067,-0.254,0.011,-0.011,0.005,-0.004,14.850,-290.780,381.990,-178.400,-1.570,-114.790,1,0.0069,-0.0110,0.0482,0
7327921,-0.086,-0.247,-0.033,-0.010,0.005,-0.002,14.850,-290.780,381.990,-178.400,-1.570,-114.790,1,0.0069,-0.0110,0.0482,0
7328000,-0.071,-0.256,0.032,-0.011,0.005,-0.004,14.850,-290.780,381.990,-178.400,-1.570,-114.790,1,0.0069,-0.0110,0.0482,0
7328093,-0.078,-0.266,0.019,-0.011,0.005,-0.005,14.850,-290.780,381.990,-178.400,-1.570,-114.790,1,0.0069,-0.0110,0.0482,0
7328171,-0.087,-0.259,0.006,-0.010,0.005,-0.003,14.850,-290.780,381.990,-178.400,-1.570,-114.790,1,0.0069,-0.0110,0.0482,0
7328250,-0.076,-0.257,0.012,-0.010,0.005,-0.004,14.850,-290.780,381.990,-178.400,-1.570,-114.790,1,0.0069,-0.0110,0.0482,0
7328359,-0.056,-0.268,0.041,-0.011,0.005,-0.006,14.850,-290.780,381.990,-178.400,-1.570,-114.790,1,0.0069,-0.0110,0.0482,0
7328468,-0.079,-0.255,0.000,-0.010,0.005,-0.003,14.850,-290.780,381.990,-178.400,-1.570,-114.790,1,0.0069,-0.0110,0.0482,0
7328609,-0.063,-0.249,0.005,-0.010,0.005,-0.004,14.850,-290.780,381.990,-178.400,-1.570,-114.790,1,0.0069,-0.0110,0.0482,0
7328656,-0.063,-0.253,0.026,-0.010,0.005,-0.005,14.850,-290.780,381.990,-178.400,-1.570,-114.790,1,0.0069,-0.0110,0.0482,0
7328703,-0.056,-0.247,0.012,-0.010,0.005,-0.004,14.850,-290.780,381.990,-178.400,-1.570,-114.790,1,0.0069,-0.0110,0.0482,0
7328781,-0.085,-0.267,-0.025,-0.011,0.005,-0.003,14.850,-290.780,381.990,-178.400,-1.570,-114.790,1,0.0069,-0.0110,0.0482,0
7328921,-0.080,-0.272,0.003,-0.011,0.005,-0.003,14.850,-290.780,381.990,-178.400,-1.570,-114.790,1,0.0069,-0.0110,0.0482,0
7329015,-0.079,-0.263,0.035,-0.010,0.005,-0.004,14.850,-290.780,381.990,-178.400,-1.570,-114.790,1,0.0069,-0.0110,0.0482,0
7329125,-0.061,-0.274,0.055,-0.011,0.005,-0.006,14.850,-290.780,381.990,-178.400,-1.570,-114.790,1,0.0069,-0.0110,0.0482,0
7329203,-0.072,-0.256,-0.028,-0.010,0.005,-0.003,14.850,-290.780,381.990,-178.400,-1.570,-114.790,1,0.0069,-0.0110,0.0482,0
7329296,-0.076,-0.258,-0.036,-0.010,0.005,-0.002,14.850,-290.780,381.990,-178.400,-1.570,-114.790,1,0.0069,-0.0110,0.0482,0
7329375,-0.069,-0.269,0.023,-0.011,0.005,-0.005,14.850,-290.780,381.990,-178.400,-1.570,-114.790,1,0.0069,-0.0110,0.0482,0
7329453,-0.071,-0.261,-0.000,-0.010,0.005,-0.003,14.850,-290.780,381.990,-178.400,-1.570,-114.790,1,0.0069,-0.0110,0.0482,0
7329562,-0.089,-0.268,-0.004,-0.010,0.005,-0.003,14.850,-290.780,381.990,-178.400,-1.570,-114.790,1,0.0069,-0.0110,0.0482,0
7329671,-0.065,-0.284,0.042,-0.011,0.005,-0.005,14.850,-290.780,381.990,-178.400,-1.570,-114.790,1,0.0069,-0.0110,0.0482,0
7329812,-0.074,-0.268,0.021,-0.010,0.005,-0.004,14.850,-290.780,381.990,-178.400,-1.570,-114.790,1,0.0069,-0.0110,0.0482,0
7329859,-0.083,-0.253,-0.002,-0.010,0.005,-0.003,14.850,-290.780,381.990,-178.400,-1.570,-114.790,1,0.0069,-0.0110,0.0482,0
7329906,-0.083,-0.241,-0.037,-0.009,0.005,-0.002,14.850,-290.780,381.990,-178.400,-1.570,-114.790,1,0.0069,-0.0110,0.0482,0
7329984,-0.076,-0.245,-0.003,-0.010,0.005,-0.003,14.850,-290.780,381.990,-178.400,-1.570,-114.790,1,0.0069,-0.0110,0.0482,0
7330125,-0.080,-0.247,-0.037,-0.010,0.005,-0.002,14.850,-290.780,381.990,-178.400,-1.570,-114.790,1,0.0069,-0.0110,0.0482,0
7330218,-0.081,-0.260,-0.006,-0.010,0.005,-0.003,14.850,-290.780,381.990,-178.400,-1.570,-114.790,1,0.0069,-0.0110,0.0482,0
7330328,-0.079,-0.261,0.020,-0.010,0.005,-0.004,14.850,-290.780,381.990,-178.400,-1.570,-114.790,1,0.0069,-0.0110,0.0482,0
7330406,-0.078,-0.263,0.009,-0.010,0.006,-0.004,14.850,-290.780,381.990,-178.400,-1.570,-114.790,1,0.0069,-0.0110,0.0482,0
7330500,-0.091,-0.247,-0.026,-0.010,0.005,-0.002,14.850,-290.780,381.990,-178.400,-1.570,-114.790,1,0.0069,-0.0110,0.0482,0
7330578,-0.078,-0.265,0.020,-0.010,0.005,-0.004,14.850,-290.780,381.990,-178.400,-1.570,-114.790,1,0.0069,-0.0110,0.0482,0
7330656,-0.070,-0.264,0.013,-0.010,0.005,-0.004,14.850,-290.780,381.990,-178.400,-1.570,-114.790,1,0.0069,-0.0110,0.0482,0
7330765,-0.086,-0.250,-0.010,-0.009,0.005,-0.002,14.850,-290.780,381.990,-178.400,-1.570,-114.790,1,0.0069,-0.0110,0.0482,0
7330875,-0.099,-0.253,-0.011,-0.009,0.006,-0.002,14.850,-290.780,381.990,-178.400,-1.570,-114.790,1,0.0069,-0.0110,0.0482,0
7331015,-0.097,-0.265,-0.002,-0.010,0.005,-0.003,14.850,-290.780,381.990,-178.400,-1.570,-114.790,1,0.0069,-0.0110,0.0482,0
7331062,-0.102,-0.244,0.005,-0.010,0.006,-0.002,14.850,-290.780,381.990,-178.400,-1.570,-114.790,1,0.0069,-0.0110,0.0482,0
7331109,-0.097,-0.249,-0.001,-0.010,0.006,-0.002,14.850,-290.780,381.990,-178.400,-1.570,-114.790,1,0.0069,-0.0110,0.0482,0
7331187,-0.068,-0.282,0.023,-0.012,0.005,-0.005,14.850,-290.780,381.990,-178.400,-1.570,-114.790,1,0.0069,-0.0110,0.0482,0
7331328,-0.079,-0.255,0.001,-0.010,0.005,-0.003,14.850,-290.780,381.990,-178.400,-1.570,-114.790,1,0.0069,-0.0110,0.0482,0
7331421,-0.121,-0.238,-0.009,-0.009,0.006,-0.002,14.850,-290.780,381.990,-178.400,-1.570,-114.790,1,0.0069,-0.0110,0.0482,0
7331531,-0.114,-0.247,0.011,-0.009,0.006,-0.003,14.850,-290.780,381.990,-178.400,-1.570,-114.790,1,0.0069,-0.0110,0.0482,0
7331609,-0.083,-0.260,0.011,-0.010,0.005,-0.004,14.850,-290.780,381.990,-178.400,-1.570,-114.790,1,0.0069,-0.0110,0.0482,0
7331703,-0.073,-0.270,0.022,-0.011,0.005,-0.005,14.850,-290.780,381.990,-178.400,-1.570,-114.790,1,0.0069,-0.0110,0.0482,0
7331781,-0.090,-0.258,0.024,-0.010,0.006,-0.003,14.850,-290.780,381.990,-178.400,-1.570,-114.790,1,0.0069,-0.0110,0.0482,0
7331859,-0.095,-0.257,0.015,-0.010,0.006,-0.002,14.850,-290.780,381.990,-178.400,-1.570,-114.790,1,0.0069,-0.0110,0.0482,0
7331968,-0.080,-0.266,0.053,-0.010,0.005,-0.004,14.850,-290.780,381.990,-178.400,-1.570,-114.790,1,0.0069,-0.0110,0.0482,0
7332078,-0.091,-0.264,0.015,-0.010,0.005,-0.003,14.850,-290.780,381.990,-178.400,-1.570,-114.790,1,0.0069,-0.0110,0.0482,0
7332218,-0.107,-0.273,0.020,-0.010,0.006,-0.003,14.850,-290.780,381.990,-178.400,-1.570,-114.790,1,0.0069,-0.0110,0.0482,0
7332265,-0.087,-0.257,0.013,-0.010,0.005,-0.004,14.850,-290.780,381.990,-178.400,-1.570,-114.790,1,0.0069,-0.0110,0.0482,0
7332312,-0.085,-0.262,0.009,-0.011,0.005,-0.004,14.850,-290.780,381.990,-178.400,-1.570,-114.790,1,0.0069,-0.0110,0.0482,0
7332390,-0.097,-0.267,-0.004,-0.011,0.006,-0.003,14.850,-290.780,381.990,-178.400,-1.570,-114.790,1,0.0069,-0.0110,0.0482,0
7332531,-0.106,-0.276,0.027,-0.011,0.006,-0.004,14.850,-290.780,381.990,-178.400,-1.570,-114.790,1,0.0069,-0.0110,0.0482,0
7332625,-0.090,-0.268,-0.001,-0.011,0.005,-0.004,14.850,-290.780,381.990,-178.400,-1.570,-114.790,1,0.0069,-0.0110,0.0482,0
7332734,-0.101,-0.250,0.006,-0.010,0.006,-0.003,14.850,-290.780,381.990,-178.400,-1.570,-114.790,1,0.0069,-0.0110,0.0482,0
7332812,-0.112,-0.249,-0.011,-0.010,0.006,-0.002,14.850,-290.780,381.990,-178.400,-1.570,-114.790,1,0.0069,-0.0110,0.0482,0
7332906,-0.116,-0.264,0.038,-0.010,0.006,-0.004,14.850,-290.780,381.990,-178.400,-1.570,-114.790,1,0.0069,-0.0110,0.0482,0
7332984,-0.094,-0.268,0.005,-0.011,0.005,-0.004,14.850,-290.780,381.990,-178.400,-1.570,-114.790,1,0.0069,-0.0110,0.0482,0
7333062,-0.085,-0.271,0.020,-0.012,0.005,-0.005,14.850,-290.780,381.990,-178.400,-1.570,-114.790,1,0.0069,-0.0110,0.0482,0
7333171,-0.100,-0.269,0.043,-0.010,0.006,-0.005,14.850,-290.780,381.990,-178.400,-1.570,-114.790,1,0.0069,-0.0110,0.0482,0
7333281,-0.100,-0.247,0.030,-0.010,0.006,-0.004,14.850,-290.780,381.990,-178.400,-1.570,-114.790,1,0.0069,-0.0110,0.0482,0
7333421,-0.118,-0.235,0.025,-0.009,0.006,-0.003,14.850,-290.780,381.990,-178.400,-1.570,-114.790,1,0.0069,-0.0110,0.0482,0
7333468,-0.126,-0.227,0.026,-0.009,0.006,-0.003,14.850,-290.780,381.990,-178.400,-1.570,-114.790,1,0.0069,-0.0110,0.0482,0
7333515,-0.121,-0.239,0.007,-0.010,0.006,-0.003,14.850,-290.780,381.990,-178.400,-1.570,-114.790,1,0.0069,-0.0110,0.0482,0
7333593,-0.102,-0.265,0.010,-0.011,0.006,-0.004,14.850,-290.780,381.990,-178.400,-1.570,-114.790,1,0.0069,-0.0110,0.0482,0
7333734,-0.103,-0.271,0.012,-0.010,0.006,-0.003,14.850,-290.780,381.990,-178.400,-1.570,-114.790,1,0.0069,-0.0110,0.0482,0
7333828,-0.102,-0.273,0.012,-0.011,0.006,-0.004,14.850,-290.780,381.990,-178.400,-1.570,-114.790,1,0.0069,-0.0110,0.0482,0
7333875,-0.092,-0.254,-0.006,-0.011,0.005,-0.004,14.850,-290.780,381.990,-178.400,-1.570,-114.790,1,0.0069,-0.0110,0.0482,0
7333953,-0.110,-0.278,0.028,-0.011,0.006,-0.004,14.850,-290.780,381.990,-178.400,-1.570,-114.790,1,0.0069,-0.0110,0.0482,0
7334031,-0.102,-0.265,0.030,-0.011,0.006,-0.004,14.850,-290.780,381.990,-178.400,-1.570,-114.790,1,0.0069,-0.0110,0.0482,0
7334109,-0.080,-0.261,0.072,-0.011,0.005,-0.005,14.850,-290.780,381.990,-178.400,-1.570,-114.790,1,0.0069,-0.0110,0.0482,0
7334203,-0.090,-0.268,0.003,-0.011,0.006,-0.004,14.850,-290.780,381.990,-178.400,-1.570,-114.790,1,0.0069,-0.0110,0.0482,0
7334281,-0.090,-0.271,0.001,-0.011,0.005,-0.004,14.850,-290.780,381.990,-178.400,-1.570,-114.790,1,0.0069,-0.0110,0.0482,0
7334390,-0.102,-0.270,0.046,-0.011,0.006,-0.005,14.850,-290.780,381.990,-178.400,-1.570,-114.790,1,0.0069,-0.0110,0.0482,0
7334484,-0.099,-0.269,0.003,-0.011,0.006,-0.004,14.850,-290.780,381.990,-178.400,-1.570,-114.790,1,0.0069,-0.0110,0.0482,0
7334625,-0.097,-0.265,0.036,-0.011,0.005,-0.004,14.850,-290.780,381.990,-178.400,-1.570,-114.790,1,0.0069,-0.0110,0.0482,0
7334671,-0.101,-0.263,0.008,-0.010,0.006,-0.003,14.850,-290.780,381.990,-178.400,-1.570,-114.790,1,0.0069,-0.0110,0.0482,0
7334718,-0.094,-0.262,-0.004,-0.011,0.005,-0.004,14.850,-290.780,381.990,-178.400,-1.570,-114.790,1,0.0069,-0.0110,0.0482,0
7334796,-0.089,-0.258,0.002,-0.011,0.005,-0.004,14.850,-290.780,381.990,-178.400,-1.570,-114.790,1,0.0069,-0.0110,0.0482,0
7334937,-0.098,-0.284,-0.008,-0.011,0.005,-0.004,14.850,-290.780,381.990,-178.400,-1.570,-114.790,1,0.0069,-0.0110,0.0482,0
7335031,-0.092,-0.276,-0.020,-0.011,0.005,-0.003,14.850,-290.780,381.990,-178.400,-1.570,-114.790,1,0.0069,-0.0110,0.0482,0
7335140,-0.087,-0.279,0.042,-0.011,0.006,-0.005,14.850,-290.780,381.990,-178.400,-1.570,-114.790,1,0.0069,-0.0110,0.0482,0
7335218,-0.087,-0.281,0.013,-0.011,0.005,-0.004,14.850,-290.780,381.990,-178.400,-1.570,-114.790,1,0.0069,-0.0110,0.0482,0
7335312,-0.097,-0.275,0.005,-0.011,0.006,-0.004,14.850,-290.780,381.990,-178.400,-1.570,-114.790,1,0.0069,-0.0110,0.0482,0
7335390,-0.084,-0.268,0.007,-0.011,0.005,-0.004,14.850,-290.780,381.990,-178.400,-1.570,-114.790,1,0.0069,-0.0110,0.0482,0
7335468,-0.069,-0.279,0.047,-0.011,0.005,-0.005,14.850,-290.780,381.990,-178.400,-1.570,-114.790,1,0.0069,-0.0110,0.0482,0
7335578,-0.083,-0.262,-0.032,-0.011,0.005,-0.003,14.850,-290.780,381.990,-178.400,-1.570,-114.790,1,0.0069,-0.0110,0.0482,0
7335687,-0.093,-0.273,0.015,-0.011,0.005,-0.004,14.850,-290.780,381.990,-178.400,-1.570,-114.790,1,0.0069,-0.0110,0.0482,0
7335828,-0.088,-0.270,0.028,-0.011,0.006,-0.005,14.850,-290.780,381.990,-178.400,-1.570,-114.790,1,0.0069,-0.0110,0.0482,0
7335875,-0.096,-0.259,-0.009,-0.011,0.005,-0.003,14.850,-290.780,381.990,-178.400,-1.570,-114.790,1,0.0069,-0.0110,0.0482,0
7335921,-0.090,-0.257,-0.013,-0.011,0.005,-0.004,14.850,-290.780,381.990,-178.400,-1.570,-114.790,1,0.0069,-0.0110,0.0482,0
7336000,-0.081,-0.251,-0.009,-0.011,0.005,-0.004,14.850,-290.780,381.990,-178.400,-1.570,-114.790,1,0.0069,-0.0110,0.0482,0
7336140,-0.079,-0.262,0.023,-0.010,0.005,-0.005,14.850,-290.780,381.990,-178.400,-1.570,-114.790,1,0.0069,-0.0110,0.0482,0
7336234,-0.073,-0.248,-0.020,-0.010,0.005,-0.003,14.850,-290.780,381.990,-178.400,-1.570,-114.790,1,0.0069,-0.0110,0.0482,0
7336343,-0.087,-0.278,0.036,-0.011,0.005,-0.005,14.850,-290.780,381.990,-178.400,-1.570,-114.790,1,0.0069,-0.0110,0.0482,0
7336421,-0.089,-0.284,0.019,-0.011,0.005,-0.004,14.850,-290.780,381.990,-178.400,-1.570,-114.790,1,0.0069,-0.0110,0.0482,0
7336515,-0.086,-0.280,0.007,-0.011,0.005,-0.004,14.850,-290.780,381.990,-178.400,-1.570,-114.790,1,0.0069,-0.0110,0.0482,0
7336593,-0.086,-0.274,0.014,-0.011,0.005,-0.004,14.850,-290.780,381.990,-178.400,-1.570,-114.790,1,0.0069,-0.0110,0.0482,0
7336671,-0.082,-0.276,0.057,-0.010,0.005,-0.005,14.850,-290.780,381.990,-178.400,-1.570,-114.790,1,0.0069,-0.0110,0.0482,0
7336781,-0.085,-0.258,-0.041,-0.010,0.005,-0.002,14.850,-290.780,381.990,-178.400,-1.570,-114.790,1,0.0069,-0.0110,0.0482,0
7336890,-0.057,-0.263,0.013,-0.011,0.004,-0.004,14.850,-290.780,381.990,-178.400,-1.570,-114.790,1,0.0069,-0.0110,0.0482,0
7337031,-0.068,-0.270,0.014,-0.011,0.005,-0.004,14.850,-290.780,381.990,-178.400,-1.570,-114.790,1,0.0069,-0.0110,0.0482,0
7337078,-0.102,-0.268,-0.008,-0.010,0.006,-0.002,14.850,-290.780,381.990,-178.400,-1.570,-114.790,1,0.0069,-0.0110,0.0482,0
7337125,-0.090,-0.279,0.006,-0.011,0.006,-0.004,14.850,-290.780,381.990,-178.400,-1.570,-114.790,1,0.0069,-0.0110,0.0482,0
7337203,-0.093,-0.273,-0.029,-0.011,0.006,-0.003,14.850,-290.780,381.990,-178.400,-1.570,-114.790,1,0.0069,-0.0110,0.0482,0
7337343,-0.077,-0.268,0.012,-0.011,0.005,-0.003,14.850,-290.780,381.990,-178.400,-1.570,-114.790,1,0.0069,-0.0110,0.0482,0
7337437,-0.098,-0.259,-0.003,-0.010,0.005,-0.003,14.850,-290.780,381.990,-178.400,-1.570,-114.790,1,0.0069,-0.0110,0.0482,0
7337546,-0.078,-0.260,0.027,-0.010,0.005,-0.004,14.850,-290.780,381.990,-178.400,-1.570,-114.790,1,0.0069,-0.0110,0.0482,0
7337625,-0.089,-0.263,-0.001,-0.010,0.006,-0.003,14.850,-290.780,381.990,-178.400,-1.570,-114.790,1,0.0069,-0.0110,0.0482,0
7337718,-0.077,-0.268,0.014,-0.011,0.005,-0.005,14.850,-290.780,381.990,-178.400,-1.570,-114.790,1,0.0069,-0.0110,0.0482,0
7337796,-0.098,-0.262,-0.011,-0.010,0.005,-0.003,14.850,-290.780,381.990,-178.400,-1.570,-114.790,1,0.0069,-0.0110,0.0482,0
7337875,-0.104,-0.264,0.009,-0.009,0.006,-0.002,14.850,-290.780,381.990,-178.400,-1.570,-114.790,1,0.0069,-0.0110,0.0482,0
7337984,-0.081,-0.279,0.023,-0.011,0.005,-0.005,14.850,-290.780,381.990,-178.400,-1.570,-114.790,1,0.0069,-0.0110,0.0482,0
7338093,-0.073,-0.267,-0.000,-0.010,0.005,-0.004,14.850,-290.780,381.990,-178.400,-1.570,-114.790,1,0.0069,-0.0110,0.0482,0
7338234,-0.106,-0.260,-0.017,-0.010,0.006,-0.002,14.850,-290.780,381.990,-178.400,-1.570,-114.790,1,0.0069,-0.0110,0.0482,0
7338281,-0.118,-0.264,-0.008,-0.009,0.006,-0.001,14.850,-290.780,381.990,-178.400,-1.570,-114.790,1,0.0069,-0.0110,0.0482,0
7338328,-0.097,-0.267,0.009,-0.010,0.005,-0.003,14.850,-290.780,381.990,-178.400,-1.570,-114.790,1,0.0069,-0.0110,0.0482,0
7338406,-0.080,-0.264,-0.006,-0.011,0.005,-0.004,14.850,-290.780,381.990,-178.400,-1.570,-114.790,1,0.0069,-0.0110,0.0482,0
7338546,-0.099,-0.267,0.009,-0.010,0.006,-0.003,14.850,-290.780,381.990,-178.400,-1.570,-114.790,1,0.0069,-0.0110,0.0482,0
7338640,-0.091,-0.265,0.016,-0.010,0.006,-0.003,14.850,-290.780,381.990,-178.400,-1.570,-114.790,1,0.0069,-0.0110,0.0482,0
7338750,-0.078,-0.279,0.029,-0.011,0.005,-0.005,14.850,-290.780,381.990,-178.400,-1.570,-114.790,1,0.0069,-0.0110,0.0482,0
7338828,-0.110,-0.247,0.000,-0.010,0.005,-0.003,14.850,-290.780,381.990,-178.400,-1.570,-114.790,1,0.0069,-0.0110,0.0482,0
7338921,-0.120,-0.255,0.007,-0.010,0.006,-0.003,14.850,-290.780,381.990,-178.400,-1.570,-114.790,1,0.0069,-0.0110,0.0482,0
7339000,-0.095,-0.262,0.011,-0.010,0.005,-0.004,14.850,-290.780,381.990,-178.400,-1.570,-114.790,1,0.0069,-0.0110,0.0482,0
7339078,-0.103,-0.260,0.015,-0.010,0.006,-0.004,14.850,-290.780,381.990,-178.400,-1.570,-114.790,1,0.0069,-0.0110,0.0482,0
7339187,-0.111,-0.263,0.003,-0.010,0.006,-0.003,14.850,-290.780,381.990,-178.400,-1.570,-114.790,1,0.0069,-0.0110,0.0482,0
7339296,-0.111,-0.250,0.011,-0.010,0.006,-0.003,14.850,-290.780,381.990,-178.400,-1.570,-114.790,1,0.0069,-0.0110,0.0482,0
7339437,-0.089,-0.269,0.008,-0.011,0.005,-0.004,14.850,-290.780,381.990,-178.400,-1.570,-114.790,1,0.0069,-0.0110,0.0482,0
7339484,-0.098,-0.257,-0.008,-0.010,0.005,-0.003,14.850,-290.780,381.990,-178.400,-1.570,-114.790,1,0.0069,-0.0110,0.0482,0
7339531,-0.103,-0.255,-0.012,-0.009,0.006,-0.002,14.850,-290.780,381.990,-178.400,-1.570,-114.790,1,0.0069,-0.0110,0.0482,0
7339609,-0.101,-0.269,0.002,-0.011,0.006,-0.003,14.850,-290.780,381.990,-178.400,-1.570,-114.790,1,0.0069,-0.0110,0.0482,0
7339750,-0.088,-0.267,0.008,-0.010,0.005,-0.004,14.850,-290.780,381.990,-178.400,-1.570,-114.790,1,0.0069,-0.0110,0.0482,0
7339828,-0.117,-0.282,0.015,-0.010,0.006,-0.003,14.850,-290.780,381.990,-178.400,-1.570,-114.790,1,0.0069,-0.0110,0.0482,0
7339875,-0.115,-0.281,0.010,-0.010,0.006,-0.003,14.850,-290.780,381.990,-178.400,-1.570,-114.790,1,0.0069,-0.0110,0.0482,0
7339937,-0.130,-0.289,0.030,-0.010,0.006,-0.003,14.850,-290.780,381.990,-178.400,-1.570,-114.790,1,0.0069,-0.0110,0.0482,0
7340015,-0.101,-0.289,0.006,-0.011,0.005,-0.004,14.850,-290.780,381.990,-178.400,-1.570,-114.790,1,0.0069,-0.0110,0.0482,0
7340109,-0.095,-0.253,0.006,-0.011,0.006,-0.003,14.850,-290.780,381.990,-178.400,-1.570,-114.790,1,0.0069,-0.0110,0.0482,0
7340187,-0.097,-0.260,0.006,-0.010,0.005,-0.003,14.850,-290.780,381.990,-178.400,-1.570,-114.790,1,0.0069,-0.0110,0.0482,0
7340265,-0.100,-0.263,0.019,-0.010,0.005,-0.004,14.850,-290.780,381.990,-178.400,-1.570,-114.790,1,0.0069,-0.0110,0.0482,0
7340375,-0.103,-0.264,0.016,-0.010,0.005,-0.003,14.850,-290.780,381.990,-178.400,-1.570,-114.790,1,0.0069,-0.0110,0.0482,0
7340484,-0.095,-0.274,0.012,-0.011,0.005,-0.003,14.850,-290.780,381.990,-178.400,-1.570,-114.790,1,0.0069,-0.0110,0.0482,0
7340625,-0.080,-0.263,0.007,-0.011,0.005,-0.004,14.850,-290.780,381.990,-178.400,-1.570,-114.790,1,0.0069,-0.0110,0.0482,0
7340671,-0.110,-0.267,0.017,-0.010,0.006,-0.003,14.850,-290.780,381.990,-178.400,-1.570,-114.790,1,0.0069,-0.0110,0.0482,0
7340718,-0.138,-0.277,0.051,-0.010,0.007,-0.004,14.850,-290.780,381.990,-178.400,-1.570,-114.790,1,0.0069,-0.0110,0.0482,0
7340796,-0.103,-0.256,0.052,-0.010,0.006,-0.004,14.850,-290.780,381.990,-178.400,-1.570,-114.790,1,0.0069,-0.0110,0.0482,0
7340937,-0.092,-0.277,-0.022,-0.012,0.005,-0.003,14.850,-290.780,381.990,-178.400,-1.570,-114.790,1,0.0069,-0.0110,0.0482,0
7341031,-0.100,-0.254,0.020,-0.010,0.006,-0.004,14.850,-290.780,381.990,-178.400,-1.570,-114.790,1,0.0069,-0.0110,0.0482,0
7341140,-0.100,-0.266,0.022,-0.011,0.006,-0.004,14.850,-290.780,381.990,-178.400,-1.570,-114.790,1,0.0069,-0.0110,0.0482,0
7341218,-0.093,-0.275,-0.012,-0.011,0.005,-0.003,14.850,-290.780,381.990,-178.400,-1.570,-114.790,1,0.0069,-0.0110,0.0482,0
7341312,-0.092,-0.276,-0.005,-0.011,0.006,-0.003,14.850,-290.780,381.990,-178.400,-1.570,-114.790,1,0.0069,-0.0110,0.0482,0
7341390,-0.101,-0.286,0.031,-0.011,0.005,-0.004,14.850,-290.780,381.990,-178.400,-1.570,-114.790,1,0.0069,-0.0110,0.0482,0
7341468,-0.097,-0.278,0.015,-0.011,0.005,-0.004,14.850,-290.780,381.990,-178.400,-1.570,-114.790,1,0.0069,-0.0110,0.0482,0
7341578,-0.096,-0.264,-0.013,-0.011,0.005,-0.003,14.850,-290.780,381.990,-178.400,-1.570,-114.790,1,0.0069,-0.0110,0.0482,0
7341687,-0.101,-0.262,0.004,-0.010,0.006,-0.003,14.850,-290.780,381.990,-178.400,-1.570,-114.790,1,0.0069,-0.0110,0.0482,0
7341828,-0.092,-0.265,-0.016,-0.011,0.005,-0.003,14.850,-290.780,381.990,-178.400,-1.570,-114.790,1,0.0069,-0.0110,0.0482,0
7341875,-0.095,-0.259,-0.039,-0.011,0.005,-0.002,14.850,-290.780,381.990,-178.400,-1.570,-114.790,1,0.0069,-0.0110,0.0482,0
7341921,-0.089,-0.261,-0.021,-0.011,0.005,-0.003,14.850,-290.780,381.990,-178.400,-1.570,-114.790,1,0.0069,-0.0110,0.0482,0
7342000,-0.091,-0.272,0.044,-0.011,0.005,-0.005,14.850,-290.780,381.990,-178.400,-1.570,-114.790,1,0.0069,-0.0110,0.0482,0
7342140,-0.095,-0.265,0.036,-0.011,0.006,-0.005,14.850,-290.780,381.990,-178.400,-1.570,-114.790,1,0.0069,-0.0110,0.0482,0
7342234,-0.089,-0.253,0.003,-0.011,0.005,-0.003,14.850,-290.780,381.990,-178.400,-1.570,-114.790,1,0.0069,-0.0110,0.0482,0
7342343,-0.086,-0.257,0.036,-0.011,0.005,-0.004,14.850,-290.780,381.990,-178.400,-1.570,-114.790,1,0.0069,-0.0110,0.0482,0
7342421,-0.082,-0.266,0.012,-0.011,0.005,-0.004,14.850,-290.780,381.990,-178.400,-1.570,-114.790,1,0.0069,-0.0110,0.0482,0
7342515,-0.082,-0.270,0.036,-0.011,0.005,-0.005,14.850,-290.780,381.990,-178.400,-1.570,-114.790,1,0.0069,-0.0110,0.0482,0
7342593,-0.082,-0.272,0.038,-0.011,0.005,-0.005,14.850,-290.780,381.990,-178.400,-1.570,-114.790,1,0.0069,-0.0110,0.0482,0
7342671,-0.081,-0.270,0.004,-0.011,0.005,-0.003,14.850,-290.780,381.990,-178.400,-1.570,-114.790,1,0.0069,-0.0110,0.0482,0
7342781,-0.075,-0.266,-0.030,-0.011,0.005,-0.002,14.850,-290.780,381.990,-178.400,-1.570,-114.790,1,0.0069,-0.0110,0.0482,0
7342890,-0.080,-0.276,0.060,-0.011,0.005,-0.005,14.850,-290.780,381.990,-178.400,-1.570,-114.790,1,0.0069,-0.0110,0.0482,0
7343031,-0.070,-0.263,-0.022,-0.011,0.005,-0.004,14.850,-290.780,381.990,-178.400,-1.570,-114.790,1,0.0069,-0.0110,0.0482,0
7343078,-0.091,-0.264,-0.050,-0.010,0.005,-0.003,14.850,-290.780,381.990,-178.400,-1.570,-114.790,1,0.0069,-0.0110,0.0482,0
7343125,-0.100,-0.268,-0.019,-0.011,0.005,-0.003,14.850,-290.780,381.990,-178.400,-1.570,-114.790,1,0.0069,-0.0110,0.0482,0
7343203,-0.075,-0.273,0.043,-0.011,0.005,-0.004,14.850,-290.780,381.990,-178.400,-1.570,-114.790,1,0.0069,-0.0110,0.0482,0
7343343,-0.064,-0.271,0.061,-0.011,0.005,-0.006,14.850,-290.780,381.990,-178.400,-1.570,-114.790,1,0.0069,-0.0110,0.0482,0
7343437,-0.085,-0.257,-0.040,-0.010,0.005,-0.002,14.850,-290.780,381.990,-178.400,-1.570,-114.790,1,0.0069,-0.0110,0.0482,0
7343546,-0.085,-0.252,-0.024,-0.010,0.005,-0.003,14.850,-290.780,381.990,-178.400,-1.570,-114.790,1,0.0069,-0.0110,0.0482,0
7343625,-0.077,-0.265,0.031,-0.011,0.005,-0.005,14.850,-290.780,381.990,-178.400,-1.570,-114.790,1,0.0069,-0.0110,0.0482,0
7343718,-0.075,-0.250,-0.007,-0.010,0.005,-0.003,14.850,-290.780,381.990,-178.400,-1.570,-114.790,1,0.0069,-0.0110,0.0482,0
7343796,-0.072,-0.254,0.023,-0.011,0.005,-0.004,14.850,-290.780,381.990,-178.400,-1.570,-114.790,1,0.0069,-0.0110,0.0482,0
7343875,-0.086,-0.265,-0.033,-0.010,0.005,-0.003,14.850,-290.780,381.990,-178.400,-1.570,-114.790,1,0.0069,-0.0110,0.0482,0
7343984,-0.084,-0.268,0.003,-0.010,0.005,-0.003,14.850,-290.780,381.990,-178.400,-1.570,-114.790,1,0.0069,-0.0110,0.0482,0
7344093,-0.060,-0.284,0.035,-0.012,0.005,-0.006,14.850,-290.780,381.990,-178.400,-1.570,-114.790,1,0.0069,-0.0110,0.0482,0
7344234,-0.089,-0.258,-0.003,-0.010,0.005,-0.003,14.850,-290.780,381.990,-178.400,-1.570,-114.790,1,0.0069,-0.0110,0.0482,0
7344281,-0.074,-0.256,-0.006,-0.010,0.005,-0.003,14.850,-290.780,381.990,-178.400,-1.570,-114.790,1,0.0069,-0.0110,0.0482,0
7344328,-0.071,-0.266,0.018,-0.011,0.005,-0.004,14.850,-290.780,381.990,-178.400,-1.570,-114.790,1,0.0069,-0.0110,0.0482,0
7344406,-0.058,-0.276,0.030,-0.011,0.005,-0.005,14.850,-290.780,381.990,-178.400,-1.570,-114.790,1,0.0069,-0.0110,0.0482,0
7344546,-0.084,-0.255,0.009,-0.010,0.005,-0.003,14.850,-290.780,381.990,-178.400,-1.570,-114.790,1,0.0069,-0.0110,0.0482,0
7344640,-0.075,-0.260,0.018,-0.010,0.005,-0.004,14.850,-290.780,381.990,-178.400,-1.570,-114.790,1,0.0069,-0.0110,0.0482,0
7344750,-0.075,-0.272,0.032,-0.010,0.005,-0.004,14.850,-290.780,381.990,-178.400,-1.570,-114.790,1,0.0069,-0.0110,0.0482,0
7344828,-0.079,-0.277,0.021,-0.011,0.005,-0.003,14.850,-290.780,381.990,-178.400,-1.570,-114.790,1,0.0069,-0.0110,0.0482,0
7344921,-0.085,-0.266,0.013,-0.010,0.006,-0.003,14.850,-290.780,381.990,-178.400,-1.570,-114.790,1,0.0069,-0.0110,0.0482,0
7345015,-0.064,-0.288,0.025,-0.011,0.005,-0.005,14.850,-290.780,381.990,-178.400,-1.570,-114.790,1,0.0069,-0.0110,0.0482,0
7345093,-0.090,-0.260,-0.036,-0.010,0.005,-0.002,14.850,-290.780,381.990,-178.400,-1.570,-114.790,1,0.0069,-0.0110,0.0482,0
7345187,-0.092,-0.262,0.006,-0.010,0.005,-0.003,14.850,-290.780,381.990,-178.400,-1.570,-114.790,1,0.0069,-0.0110,0.0482,0
7345296,-0.068,-0.253,0.032,-0.011,0.004,-0.005,14.850,-290.780,381.990,-178.400,-1.570,-114.790,1,0.0069,-0.0110,0.0482,0
7345437,-0.089,-0.259,0.005,-0.010,0.006,-0.003,14.850,-290.780,381.990,-178.400,-1.570,-114.790,1,0.0069,-0.0110,0.0482,0
7345484,-0.094,-0.253,-0.011,-0.010,0.006,-0.002,14.850,-290.780,381.990,-178.400,-1.570,-114.790,1,0.0069,-0.0110,0.0482,0
7345546,-0.092,-0.254,-0.012,-0.010,0.005,-0.002,14.850,-290.780,381.990,-178.400,-1.570,-114.790,1,0.0069,-0.0110,0.0482,0
7345609,-0.077,-0.272,0.028,-0.011,0.005,-0.005,14.850,-290.780,381.990,-178.400,-1.570,-114.790,1,0.0069,-0.0110,0.0482,0
7345750,-0.085,-0.267,0.022,-0.010,0.005,-0.003,14.850,-290.780,381.990,-178.400,-1.570,-114.790,1,0.0069,-0.0110,0.0482,0
7345843,-0.079,-0.264,0.019,-0.010,0.005,-0.003,14.850,-290.780,381.990,-178.400,-1.570,-114.790,1,0.0069,-0.0110,0.0482,0
7345890,-0.077,-0.270,0.016,-0.011,0.005,-0.004,14.850,-290.780,381.990,-178.400,-1.570,-114.790,1,0.0069,-0.0110,0.0482,0
7345968,-0.102,-0.256,-0.016,-0.010,0.006,-0.002,14.850,-290.780,381.990,-178.400,-1.570,-114.790,1,0.0069,-0.0110,0.0482,0
7346046,-0.080,-0.262,0.027,-0.010,0.005,-0.004,14.850,-290.780,381.990,-178.400,-1.570,-114.790,1,0.0069,-0.0110,0.0482,0
7346125,-0.079,-0.269,0.023,-0.011,0.005,-0.004,14.850,-290.780,381.990,-178.400,-1.570,-114.790,1,0.0069,-0.0110,0.0482,0
7346218,-0.078,-0.264,0.006,-0.011,0.005,-0.004,14.850,-290.780,381.990,-178.400,-1.570,-114.790,1,0.0069,-0.0110,0.0482,0
7346296,-0.095,-0.248,0.025,-0.009,0.005,-0.002,14.850,-290.780,381.990,-178.400,-1.570,-114.790,1,0.0069,-0.0110,0.0482,0
7346406,-0.086,-0.278,-0.005,-0.011,0.005,-0.003,14.850,-290.780,381.990,-178.400,-1.570,-114.790,1,0.0069,-0.0110,0.0482,0
7346500,-0.093,-0.255,0.003,-0.010,0.006,-0.003,14.850,-290.780,381.990,-178.400,-1.570,-114.790,1,0.0069,-0.0110,0.0482,0
7346640,-0.108,-0.247,0.017,-0.009,0.006,-0.003,14.850,-290.780,381.990,-178.400,-1.570,-114.790,1,0.0069,-0.0110,0.0482,0
7346687,-0.091,-0.263,0.015,-0.010,0.005,-0.003,14.850,-290.780,381.990,-178.400,-1.570,-114.790,1,0.0069,-0.0110,0.0482,0
7346734,-0.081,-0.267,0.015,-0.011,0.005,-0.004,14.850,-290.780,381.990,-178.400,-1.570,-114.790,1,0.0069,-0.0110,0.0482,0
7346828,-0.111,-0.250,0.013,-0.010,0.006,-0.003,14.850,-290.780,381.990,-178.400,-1.570,-114.790,1,0.0069,-0.0110,0.0482,0
7346968,-0.088,-0.272,0.032,-0.010,0.005,-0.004,14.850,-290.780,381.990,-178.400,-1.570,-114.790,1,0.0069,-0.0110,0.0482,0
7347046,-0.099,-0.256,-0.007,-0.010,0.006,-0.003,14.850,-290.780,381.990,-178.400,-1.570,-114.790,1,0.0069,-0.0110,0.0482,0
7347093,-0.099,-0.257,-0.007,-0.011,0.006,-0.003,14.850,-290.780,381.990,-178.400,-1.570,-114.790,1,0.0069,-0.0110,0.0482,0
7347171,-0.094,-0.256,0.007,-0.010,0.005,-0.002,14.850,-290.780,381.990,-178.400,-1.570,-114.790,1,0.0069,-0.0110,0.0482,0
7347265,-0.086,-0.263,-0.004,-0.011,0.005,-0.004,14.850,-290.780,381.990,-178.400,-1.570,-114.790,1,0.0069,-0.0110,0.0482,0
7347328,-0.085,-0.264,0.026,-0.011,0.005,-0.004,14.850,-290.780,381.990,-178.400,-1.570,-114.790,1,0.0069,-0.0110,0.0482,0
7347421,-0.097,-0.263,0.023,-0.010,0.005,-0.003,14.850,-290.780,381.990,-178.400,-1.570,-114.790,1,0.0069,-0.0110,0.0482,0
7347515,-0.107,-0.268,0.006,-0.010,0.006,-0.003,14.850,-290.780,381.990,-178.400,-1.570,-114.790,1,0.0069,-0.0110,0.0482,0
7347625,-0.101,-0.275,0.012,-0.011,0.006,-0.003,14.850,-290.780,381.990,-178.400,-1.570,-114.790,1,0.0069,-0.0110,0.0482,0
7347718,-0.090,-0.267,0.001,-0.011,0.005,-0.004,14.850,-290.780,381.990,-178.400,-1.570,-114.790,1,0.0069,-0.0110,0.0482,0
7347859,-0.088,-0.259,0.040,-0.010,0.005,-0.004,14.850,-290.780,381.990,-178.400,-1.570,-114.790,1,0.0069,-0.0110,0.0482,0
7347906,-0.090,-0.249,0.037,-0.010,0.005,-0.003,14.850,-290.780,381.990,-178.400,-1.570,-114.790,1,0.0069,-0.0110,0.0482,0
7347953,-0.085,-0.253,0.039,-0.010,0.005,-0.003,14.850,-290.780,381.990,-178.400,-1.570,-114.790,1,0.0069,-0.0110,0.0482,0
7348031,-0.096,-0.247,0.018,-0.009,0.005,-0.004,14.850,-290.780,381.990,-178.400,-1.570,-114.790,1,0.0069,-0.0110,0.0482,0
7348171,-0.110,-0.261,0.009,-0.010,0.006,-0.003,14.850,-290.780,381.990,-178.400,-1.570,-114.790,1,0.0069,-0.0110,0.0482,0
7348265,-0.106,-0.268,0.026,-0.010,0.006,-0.003,14.850,-290.780,381.990,-178.400,-1.570,-114.790,1,0.0069,-0.0110,0.0482,0
7348375,-0.115,-0.272,0.047,-0.011,0.006,-0.004,14.850,-290.780,381.990,-178.400,-1.570,-114.790,1,0.0069,-0.0110,0.0482,0
7348453,-0.092,-0.278,0.065,-0.011,0.006,-0.006,14.850,-290.780,381.990,-178.400,-1.570,-114.790,1,0.0069,-0.0110,0.0482,0
7348546,-0.108,-0.269,0.003,-0.011,0.006,-0.004,14.850,-290.780,381.990,-178.400,-1.570,-114.790,1,0.0069,-0.0110,0.0482,0
7348625,-0.108,-0.261,0.009,-0.011,0.006,-0.004,14.850,-290.780,381.990,-178.400,-1.570,-114.790,1,0.0069,-0.0110,0.0482,0
7348703,-0.078,-0.249,0.055,-0.010,0.005,-0.005,14.850,-290.780,381.990,-178.400,-1.570,-114.790,1,0.0069,-0.0110,0.0482,0
7348812,-0.102,-0.258,-0.005,-0.011,0.006,-0.003,14.850,-290.780,381.990,-178.400,-1.570,-114.790,1,0.0069,-0.0110,0.0482,0
7348921,-0.097,-0.262,0.035,-0.011,0.005,-0.004,14.850,-290.780,381.990,-178.400,-1.570,-114.790,1,0.0069,-0.0110,0.0482,0
7349062,-0.094,-0.280,0.003,-0.011,0.005,-0.004,14.850,-290.780,381.990,-178.400,-1.570,-114.790,1,0.0069,-0.0110,0.0482,0
7349109,-0.090,-0.281,-0.007,-0.011,0.005,-0.004,14.850,-290.780,381.990,-178.400,-1.570,-114.790,1,0.0069,-0.0110,0.0482,0
7349156,-0.096,-0.275,-0.011,-0.011,0.006,-0.003,14.850,-290.780,381.990,-178.400,-1.570,-114.790,1,0.0069,-0.0110,0.0482,0
7349234,-0.098,-0.273,0.034,-0.011,0.006,-0.004,14.850,-290.780,381.990,-178.400,-1.570,-114.790,1,0.0069,-0.0110,0.0482,0
7349375,-0.090,-0.263,-0.011,-0.011,0.005,-0.003,14.850,-290.780,381.990,-178.400,-1.570,-114.790,1,0.0069,-0.0110,0.0482,0
7349468,-0.081,-0.261,0.032,-0.011,0.005,-0.004,14.850,-290.780,381.990,-178.400,-1.570,-114.790,1,0.0069,-0.0110,0.0482,0
7349578,-0.093,-0.269,-0.020,-0.011,0.006,-0.003,14.850,-290.780,381.990,-178.400,-1.570,-114.790,1,0.0069,-0.0110,0.0482,0
7349656,-0.086,-0.272,0.057,-0.011,0.005,-0.005,14.850,-290.780,381.990,-178.400,-1.570,-114.790,1,0.0069,-0.0110,0.0482,0
7349750,-0.090,-0.262,0.001,-0.011,0.005,-0.004,14.850,-290.780,381.990,-178.400,-1.570,-114.790,1,0.0069,-0.0110,0.0482,0
7349828,-0.092,-0.267,-0.005,-0.011,0.005,-0.003,14.850,-290.780,381.990,-178.400,-1.570,-114.790,1,0.0069,-0.0110,0.0482,0
7349906,-0.106,-0.267,0.009,-0.010,0.006,-0.003,14.850,-290.780,381.990,-178.400,-1.570,-114.790,1,0.0069,-0.0110,0.0482,0
7350015,-0.109,-0.267,-0.022,-0.011,0.006,-0.002,14.850,-290.780,381.990,-178.400,-1.570,-114.790,1,0.0069,-0.0110,0.0482,0
7350125,-0.096,-0.271,0.013,-0.011,0.005,-0.004,14.850,-290.780,381.990,-178.400,-1.570,-114.790,1,0.0069,-0.0110,0.0482,0
7350265,-0.088,-0.257,0.036,-0.010,0.006,-0.004,14.850,-290.780,381.990,-178.400,-1.570,-114.790,1,0.0069,-0.0110,0.0482,0
7350312,-0.090,-0.263,0.023,-0.010,0.005,-0.004,14.850,-290.780,381.990,-178.400,-1.570,-114.790,1,0.0069,-0.0110,0.0482,0
7350359,-0.089,-0.267,0.029,-0.011,0.005,-0.005,14.850,-290.780,381.990,-178.400,-1.570,-114.790,1,0.0069,-0.0110,0.0482,0
7350437,-0.096,-0.270,-0.013,-0.011,0.005,-0.003,14.850,-290.780,381.990,-178.400,-1.570,-114.790,1,0.0069,-0.0110,0.0482,0
7350578,-0.087,-0.281,0.062,-0.011,0.005,-0.005,14.850,-290.780,381.990,-178.400,-1.570,-114.790,1,0.0069,-0.0110,0.0482,0
7350671,-0.091,-0.272,0.026,-0.011,0.005,-0.005,14.850,-290.780,381.990,-178.400,-1.570,-114.790,1,0.0069,-0.0110,0.0482,0
7350781,-0.097,-0.263,-0.023,-0.010,0.005,-0.003,14.850,-290.780,381.990,-178.400,-1.570,-114.790,1,0.0069,-0.0110,0.0482,0
7350859,-0.106,-0.278,0.041,-0.011,0.006,-0.005,14.850,-290.780,381.990,-178.400,-1.570,-114.790,1,0.0069,-0.0110,0.0482,0
7350953,-0.078,-0.263,0.019,-0.010,0.005,-0.004,14.850,-290.780,381.990,-178.400,-1.570,-114.790,1,0.0069,-0.0110,0.0482,0
7351031,-0.097,-0.258,-0.012,-0.010,0.005,-0.003,14.850,-290.780,381.990,-178.400,-1.570,-114.790,1,0.0069,-0.0110,0.0482,0
7351109,-0.094,-0.274,-0.021,-0.011,0.005,-0.003,14.850,-290.780,381.990,-178.400,-1.570,-114.790,1,0.0069,-0.0110,0.0482,0
7351218,-0.086,-0.282,-0.036,-0.011,0.006,-0.003,14.850,-290.780,381.990,-178.400,-1.570,-114.790,1,0.0069,-0.0110,0.0482,0
7351328,-0.069,-0.293,0.018,-0.011,0.005,-0.004,14.850,-290.780,381.990,-178.400,-1.570,-114.790,1,0.0069,-0.0110,0.0482,0
7351468,-0.084,-0.283,0.036,-0.011,0.005,-0.004,14.850,-290.780,381.990,-178.400,-1.570,-114.790,1,0.0069,-0.0110,0.0482,0
7351515,-0.078,-0.275,0.051,-0.011,0.005,-0.005,14.850,-290.780,381.990,-178.400,-1.570,-114.790,1,0.0069,-0.0110,0.0482,0
7351562,-0.078,-0.261,0.013,-0.011,0.005,-0.004,14.850,-290.780,381.990,-178.400,-1.570,-114.790,1,0.0069,-0.0110,0.0482,0
7351640,-0.074,-0.270,0.015,-0.011,0.005,-0.005,14.850,-290.780,381.990,-178.400,-1.570,-114.790,1,0.0069,-0.0110,0.0482,0
7351781,-0.084,-0.272,0.046,-0.011,0.005,-0.005,14.850,-290.780,381.990,-178.400,-1.570,-114.790,1,0.0069,-0.0110,0.0482,0
7351875,-0.083,-0.265,0.039,-0.010,0.006,-0.004,14.850,-290.780,381.990,-178.400,-1.570,-114.790,1,0.0069,-0.0110,0.0482,0
7351968,-0.074,-0.279,0.048,-0.011,0.005,-0.006,14.850,-290.780,381.990,-178.400,-1.570,-114.790,1,0.0069,-0.0110,0.0482,0
7352062,-0.101,-0.263,-0.011,-0.010,0.005,-0.002,14.850,-290.780,381.990,-178.400,-1.570,-114.790,1,0.0069,-0.0110,0.0482,0
7352156,-0.090,-0.273,0.024,-0.011,0.005,-0.004,14.850,-290.780,381.990,-178.400,-1.570,-114.790,1,0.0069,-0.0110,0.0482,0
7352218,-0.093,-0.266,0.022,-0.011,0.005,-0.004,14.850,-290.780,381.990,-178.400,-1.570,-114.790,1,0.0069,-0.0110,0.0482,0
7352312,-0.080,-0.264,-0.023,-0.010,0.005,-0.003,14.850,-290.780,381.990,-178.400,-1.570,-114.790,1,0.0069,-0.0110,0.0482,0
7352421,-0.073,-0.266,0.013,-0.011,0.005,-0.004,14.850,-290.780,381.990,-178.400,-1.570,-114.790,1,0.0069,-0.0110,0.0482,0
7352531,-0.071,-0.255,0.014,-0.011,0.004,-0.004,14.850,-290.780,381.990,-178.400,-1.570,-114.790,1,0.0069,-0.0110,0.0482,0
7352671,-0.083,-0.285,0.031,-0.011,0.005,-0.004,14.850,-290.780,381.990,-178.400,-1.570,-114.790,1,0.0069,-0.0110,0.0482,0
7352718,-0.088,-0.270,0.027,-0.011,0.005,-0.004,14.850,-290.780,381.990,-178.400,-1.570,-114.790,1,0.0069,-0.0110,0.0482,0
7352765,-0.089,-0.272,0.017,-0.011,0.005,-0.004,14.850,-290.780,381.990,-178.400,-1.570,-114.790,1,0.0069,-0.0110,0.0482,0
7352843,-0.071,-0.292,0.049,-0.011,0.005,-0.006,14.850,-290.780,381.990,-178.400,-1.570,-114.790,1,0.0069,-0.0110,0.0482,0
7352984,-0.074,-0.292,0.040,-0.011,0.005,-0.005,14.850,-290.780,381.990,-178.400,-1.570,-114.790,1,0.0069,-0.0110,0.0482,0
7353078,-0.052,-0.286,0.031,-0.012,0.004,-0.005,14.850,-290.780,381.990,-178.400,-1.570,-114.790,1,0.0069,-0.0110,0.0482,0
7353187,-0.067,-0.272,-0.000,-0.011,0.005,-0.003,14.850,-290.780,381.990,-178.400,-1.570,-114.790,1,0.0069,-0.0110,0.0482,0
7353265,-0.083,-0.270,-0.008,-0.010,0.005,-0.003,14.850,-290.780,381.990,-178.400,-1.570,-114.790,1,0.0069,-0.0110,0.0482,0
7353359,-0.081,-0.274,0.004,-0.011,0.006,-0.004,14.850,-290.780,381.990,-178.400,-1.570,-114.790,1,0.0069,-0.0110,0.0482,0
7353437,-0.061,-0.289,0.060,-0.012,0.005,-0.007,14.850,-290.780,381.990,-178.400,-1.570,-114.790,1,0.0069,-0.0110,0.0482,0
7353515,-0.080,-0.276,0.034,-0.011,0.005,-0.005,14.850,-290.780,381.990,-178.400,-1.570,-114.790,1,0.0069,-0.0110,0.0482,0
7353625,-0.090,-0.269,-0.027,-0.011,0.005,-0.003,14.850,-290.780,381.990,-178.400,-1.570,-114.790,1,0.0069,-0.0110,0.0482,0
7353734,-0.073,-0.273,0.009,-0.011,0.005,-0.005,14.850,-290.780,381.990,-178.400,-1.570,-114.790,1,0.0069,-0.0110,0.0482,0
7353875,-0.078,-0.252,-0.047,-0.010,0.005,-0.003,14.850,-290.780,381.990,-178.400,-1.570,-114.790,1,0.0069,-0.0110,0.0482,0
7353921,-0.076,-0.261,-0.034,-0.011,0.005,-0.004,14.850,-290.780,381.990,-178.400,-1.570,-114.790,1,0.0069,-0.0110,0.0482,0
7353968,-0.064,-0.257,-0.026,-0.010,0.005,-0.003,14.850,-290.780,381.990,-178.400,-1.570,-114.790,1,0.0069,-0.0110,0.0482,0
7354046,-0.056,-0.246,-0.007,-0.011,0.004,-0.004,14.850,-290.780,381.990,-178.400,-1.570,-114.790,1,0.0069,-0.0110,0.0482,0
7354187,-0.082,-0.274,-0.002,-0.011,0.005,-0.003,14.850,-290.780,381.990,-178.400,-1.570,-114.790,1,0.0069,-0.0110,0.0482,0
7354281,-0.070,-0.277,0.019,-0.011,0.005,-0.004,14.850,-290.780,381.990,-178.400,-1.570,-114.790,1,0.0069,-0.0110,0.0482,0
7354390,-0.071,-0.286,0.024,-0.011,0.005,-0.005,14.850,-290.780,381.990,-178.400,-1.570,-114.790,1,0.0069,-0.0110,0.0482,0
7354468,-0.063,-0.279,-0.004,-0.010,0.005,-0.003,14.850,-290.780,381.990,-178.400,-1.570,-114.790,1,0.0069,-0.0110,0.0482,0
7354562,-0.069,-0.279,0.007,-0.011,0.005,-0.004,14.850,-290.780,381.990,-178.400,-1.570,-114.790,1,0.0069,-0.0110,0.0482,0
7354640,-0.066,-0.280,0.043,-0.011,0.005,-0.005,14.850,-290.780,381.990,-178.400,-1.570,-114.790,1,0.0069,-0.0110,0.0482,0
7354718,-0.059,-0.272,-0.013,-0.011,0.004,-0.003,14.850,-290.780,381.990,-178.400,-1.570,-114.790,1,0.0069,-0.0110,0.0482,0
7354828,-0.068,-0.276,-0.001,-0.010,0.005,-0.003,14.850,-290.780,381.990,-178.400,-1.570,-114.790,1,0.0069,-0.0110,0.0482,0
7354921,-0.072,-0.258,0.014,-0.010,0.005,-0.004,14.850,-290.780,381.990,-178.400,-1.570,-114.790,1,0.0069,-0.0110,0.0482,0
7355062,-0.054,-0.310,-0.016,-0.012,0.005,-0.004,14.850,-290.780,381.990,-178.400,-1.570,-114.790,1,0.0069,-0.0110,0.0482,0
7355109,-0.053,-0.291,0.055,-0.011,0.005,-0.006,14.850,-290.780,381.990,-178.400,-1.570,-114.790,1,0.0069,-0.0110,0.0482,0
7355156,-0.066,-0.280,0.020,-0.010,0.005,-0.004,14.850,-290.780,381.990,-178.400,-1.570,-114.790,1,0.0069,-0.0110,0.0482,0
7355234,-0.064,-0.288,0.008,-0.012,0.005,-0.004,14.850,-290.780,381.990,-178.400,-1.570,-114.790,1,0.0069,-0.0110,0.0482,0
7355375,-0.065,-0.272,-0.014,-0.010,0.005,-0.003,14.850,-290.780,381.990,-178.400,-1.570,-114.790,1,0.0069,-0.0110,0.0482,0
7355468,-0.058,-0.267,0.023,-0.011,0.005,-0.004,14.850,-290.780,381.990,-178.400,-1.570,-114.790,1,0.0069,-0.0110,0.0482,0
7355562,-0.050,-0.272,0.038,-0.011,0.004,-0.005,14.850,-290.780,381.990,-178.400,-1.570,-114.790,1,0.0069,-0.0110,0.0482,0
7355640,-0.079,-0.263,-0.012,-0.010,0.005,-0.003,14.850,-290.780,381.990,-178.400,-1.570,-114.790,1,0.0069,-0.0110,0.0482,0
7355734,-0.059,-0.280,0.050,-0.011,0.005,-0.005,14.850,-290.780,381.990,-178.400,-1.570,-114.790,1,0.0069,-0.0110,0.0482,0
7355828,-0.064,-0.276,0.005,-0.011,0.005,-0.004,14.850,-290.780,381.990,-178.400,-1.570,-114.790,1,0.0069,-0.0110,0.0482,0
7355906,-0.065,-0.279,-0.021,-0.011,0.005,-0.003,14.850,-290.780,381.990,-178.400,-1.570,-114.790,1,0.0069,-0.0110,0.0482,0
7356015,-0.067,-0.271,-0.021,-0.011,0.005,-0.003,14.850,-290.780,381.990,-178.400,-1.570,-114.790,1,0.0069,-0.0110,0.0482,0
7356125,-0.074,-0.277,0.040,-0.010,0.005,-0.004,14.850,-290.780,381.990,-178.400,-1.570,-114.790,1,0.0069,-0.0110,0.0482,0
7356265,-0.060,-0.274,0.030,-0.010,0.005,-0.004,14.850,-290.780,381.990,-178.400,-1.570,-114.790,1,0.0069,-0.0110,0.0482,0
7356312,-0.052,-0.276,0.035,-0.011,0.004,-0.005,14.850,-290.780,381.990,-178.400,-1.570,-114.790,1,0.0069,-0.0110,0.0482,0
7356359,-0.060,-0.271,-0.007,-0.011,0.005,-0.003,14.850,-290.780,381.990,-178.400,-1.570,-114.790,1,0.0069,-0.0110,0.0482,0
7356437,-0.061,-0.253,-0.020,-0.010,0.005,-0.002,14.850,-290.780,381.990,-178.400,-1.570,-114.790,1,0.0069,-0.0110,0.0482,0
7356578,-0.066,-0.292,0.018,-0.011,0.005,-0.005,14.850,-290.780,381.990,-178.400,-1.570,-114.790,1,0.0069,-0.0110,0.0482,0
7356671,-0.065,-0.285,0.008,-0.011,0.005,-0.004,14.850,-290.780,381.990,-178.400,-1.570,-114.790,1,0.0069,-0.0110,0.0482,0
7356781,-0.067,-0.276,0.009,-0.011,0.005,-0.004,14.850,-290.780,381.990,-178.400,-1.570,-114.790,1,0.0069,-0.0110,0.0482,0
7356859,-0.044,-0.295,0.041,-0.011,0.004,-0.005,14.850,-290.780,381.990,-178.400,-1.570,-114.790,1,0.0069,-0.0110,0.0482,0
7356953,-0.045,-0.281,0.003,-0.011,0.004,-0.004,14.850,-290.780,381.990,-178.400,-1.570,-114.790,1,0.0069,-0.0110,0.0482,0
7357031,-0.059,-0.268,-0.014,-0.010,0.005,-0.003,14.850,-290.780,381.990,-178.400,-1.570,-114.790,1,0.0069,-0.0110,0.0482,0
7357109,-0.088,-0.267,-0.007,-0.010,0.005,-0.002,14.850,-290.780,381.990,-178.400,-1.570,-114.790,1,0.0069,-0.0110,0.0482,0
7357218,-0.065,-0.279,0.021,-0.011,0.005,-0.004,14.850,-290.780,381.990,-178.400,-1.570,-114.790,1,0.0069,-0.0110,0.0482,0
7357328,-0.066,-0.279,0.021,-0.011,0.005,-0.005,14.850,-290.780,381.990,-178.400,-1.570,-114.790,1,0.0069,-0.0110,0.0482,0
7357468,-0.068,-0.277,0.021,-0.011,0.005,-0.004,14.850,-290.780,381.990,-178.400,-1.570,-114.790,1,0.0069,-0.0110,0.0482,0
7357515,-0.068,-0.276,0.025,-0.011,0.005,-0.005,14.850,-290.780,381.990,-178.400,-1.570,-114.790,1,0.0069,-0.0110,0.0482,0
7357562,-0.063,-0.277,0.025,-0.011,0.005,-0.005,14.850,-290.780,381.990,-178.400,-1.570,-114.790,1,0.0069,-0.0110,0.0482,0
7357640,-0.067,-0.257,-0.054,-0.010,0.005,-0.003,14.850,-290.780,381.990,-178.400,-1.570,-114.790,1,0.0069,-0.0110,0.0482,0
7357781,-0.061,-0.251,-0.023,-0.010,0.004,-0.002,14.850,-290.780,381.990,-178.400,-1.570,-114.790,1,0.0069,-0.0110,0.0482,0
7357875,-0.059,-0.259,0.004,-0.010,0.005,-0.003,14.850,-290.780,381.990,-178.400,-1.570,-114.790,1,0.0069,-0.0110,0.0482,0
7357984,-0.065,-0.277,0.037,-0.011,0.005,-0.005,14.850,-290.780,381.990,-178.400,-1.570,-114.790,1,0.0069,-0.0110,0.0482,0
7358062,-0.064,-0.276,0.036,-0.011,0.005,-0.005,14.850,-290.780,381.990,-178.400,-1.570,-114.790,1,0.0069,-0.0110,0.0482,0
7358156,-0.066,-0.277,0.026,-0.011,0.005,-0.005,14.850,-290.780,381.990,-178.400,-1.570,-114.790,1,0.0069,-0.0110,0.0482,0
7358218,-0.067,-0.283,0.004,-0.011,0.005,-0.005,14.850,-290.780,381.990,-178.400,-1.570,-114.790,1,0.0069,-0.0110,0.0482,0
7358312,-0.075,-0.281,0.038,-0.011,0.005,-0.005,14.850,-290.780,381.990,-178.400,-1.570,-114.790,1,0.0069,-0.0110,0.0482,0
7358421,-0.077,-0.270,0.016,-0.010,0.005,-0.003,14.850,-290.780,381.990,-178.400,-1.570,-114.790,1,0.0069,-0.0110,0.0482,0
7358531,-0.068,-0.274,-0.017,-0.011,0.005,-0.003,14.850,-290.780,381.990,-178.400,-1.570,-114.790,1,0.0069,-0.0110,0.0482,0
7358671,-0.040,-0.266,-0.003,-0.011,0.005,-0.004,14.850,-290.780,381.990,-178.400,-1.570,-114.790,1,0.0069,-0.0110,0.0482,0
7358718,-0.065,-0.277,0.013,-0.011,0.005,-0.004,14.850,-290.780,381.990,-178.400,-1.570,-114.790,1,0.0069,-0.0110,0.0482,0
7358765,-0.072,-0.282,0.008,-0.011,0.005,-0.003,14.850,-290.780,381.990,-178.400,-1.570,-114.790,1,0.0069,-0.0110,0.0482,0
7358843,-0.065,-0.302,0.013,-0.011,0.005,-0.004,14.850,-290.780,381.990,-178.400,-1.570,-114.790,1,0.0069,-0.0110,0.0482,0
7358984,-0.062,-0.297,0.027,-0.012,0.005,-0.005,14.850,-290.780,381.990,-178.400,-1.570,-114.790,1,0.0069,-0.0110,0.0482,0
7359078,-0.072,-0.285,-0.024,-0.011,0.005,-0.003,14.850,-290.780,381.990,-178.400,-1.570,-114.790,1,0.0069,-0.0110,0.0482,0
7359187,-0.054,-0.295,0.023,-0.012,0.005,-0.005,14.850,-290.780,381.990,-178.400,-1.570,-114.790,1,0.0069,-0.0110,0.0482,0
7359265,-0.078,-0.268,-0.001,-0.010,0.005,-0.004,14.850,-290.780,381.990,-178.400,-1.570,-114.790,1,0.0069,-0.0110,0.0482,0
7359359,-0.075,-0.249,0.003,-0.010,0.005,-0.003,14.850,-290.780,381.990,-178.400,-1.570,-114.790,1,0.0069,-0.0110,0.0482,0
7359437,-0.068,-0.261,0.017,-0.011,0.005,-0.004,14.850,-290.780,381.990,-178.400,-1.570,-114.790,1,0.0069,-0.0110,0.0482,0
7359515,-0.064,-0.277,0.053,-0.011,0.005,-0.005,14.850,-290.780,381.990,-178.400,-1.570,-114.790,1,0.0069,-0.0110,0.0482,0
7359625,-0.078,-0.270,-0.011,-0.011,0.005,-0.004,14.850,-290.780,381.990,-178.400,-1.570,-114.790,1,0.0069,-0.0110,0.0482,0
7359734,-0.068,-0.281,0.037,-0.011,0.005,-0.005,14.850,-290.780,381.990,-178.400,-1.570,-114.790,1,0.0069,-0.0110,0.0482,0
7359875,-0.071,-0.273,-0.010,-0.011,0.005,-0.004,14.850,-290.780,381.990,-178.400,-1.570,-114.790,1,0.0069,-0.0110,0.0482,0
7359921,-0.074,-0.280,0.028,-0.011,0.005,-0.004,14.850,-290.780,381.990,-178.400,-1.570,-114.790,1,0.0069,-0.0110,0.0482,0
7359968,-0.074,-0.280,0.029,-0.011,0.005,-0.004,14.850,-290.780,381.990,-178.400,-1.570,-114.790,1,0.0069,-0.0110,0.0482,0
7360046,-0.065,-0.270,-0.008,-0.011,0.004,-0.004,14.850,-290.780,381.990,-178.400,-1.570,-114.790,1,0.0069,-0.0110,0.0482,0
7360187,-0.063,-0.272,0.042,-0.011,0.005,-0.005,14.850,-290.780,381.990,-178.400,-1.570,-114.790,1,0.0069,-0.0110,0.0482,0
7360281,-0.069,-0.272,0.033,-0.011,0.005,-0.005,14.850,-290.780,381.990,-178.400,-1.570,-114.790,1,0.0069,-0.0110,0.0482,0
7360390,-0.061,-0.260,0.028,-0.010,0.005,-0.004,14.850,-290.780,381.990,-178.400,-1.570,-114.790,1,0.0069,-0.0110,0.0482,0
7360468,-0.069,-0.272,0.003,-0.011,0.005,-0.004,14.850,-290.780,381.990,-178.400,-1.570,-114.790,1,0.0069,-0.0110,0.0482,0
7360546,-0.073,-0.272,-0.008,-0.011,0.005,-0.003,14.850,-290.780,381.990,-178.400,-1.570,-114.790,1,0.0069,-0.0110,0.0482,0
7360640,-0.082,-0.267,-0.005,-0.011,0.005,-0.004,14.850,-290.780,381.990,-178.400,-1.570,-114.790,1,0.0069,-0.0110,0.0482,0
7360718,-0.080,-0.274,0.050,-0.011,0.005,-0.005,14.850,-290.780,381.990,-178.400,-1.570,-114.790,1,0.0069,-0.0110,0.0482,0
7360828,-0.080,-0.279,0.019,-0.011,0.005,-0.004,14.850,-290.780,381.990,-178.400,-1.570,-114.790,1,0.0069,-0.0110,0.0482,0
7360921,-0.082,-0.274,0.027,-0.011,0.005,-0.004,14.850,-290.780,381.990,-178.400,-1.570,-114.790,1,0.0069,-0.0110,0.0482,0
7361062,-0.100,-0.277,0.024,-0.010,0.006,-0.005,14.850,-290.780,381.990,-178.400,-1.570,-114.790,1,0.0069,-0.0110,0.0482,0
7361109,-0.088,-0.280,0.034,-0.011,0.005,-0.005,14.850,-290.780,381.990,-178.400,-1.570,-114.790,1,0.0069,-0.0110,0.0482,0
7361156,-0.065,-0.280,0.041,-0.011,0.005,-0.004,14.850,-290.780,381.990,-178.400,-1.570,-114.790,1,0.0069,-0.0110,0.0482,0
7361234,-0.063,-0.271,0.058,-0.010,0.005,-0.004,14.850,-290.780,381.990,-178.400,-1.570,-114.790,1,0.0069,-0.0110,0.0482,0
7361375,-0.069,-0.268,-0.002,-0.011,0.005,-0.004,14.850,-290.780,381.990,-178.400,-1.570,-114.790,1,0.0069,-0.0110,0.0482,0
7361468,-0.080,-0.265,-0.008,-0.011,0.006,-0.003,14.850,-290.780,381.990,-178.400,-1.570,-114.790,1,0.0069,-0.0110,0.0482,0
7361515,-0.076,-0.276,0.006,-0.011,0.005,-0.004,14.850,-290.780,381.990,-178.400,-1.570,-114.790,1,0.0069,-0.0110,0.0482,0
7361593,-0.082,-0.283,0.062,-0.010,0.006,-0.005,14.850,-290.780,381.990,-178.400,-1.570,-114.790,1,0.0069,-0.0110,0.0482,0
7361671,-0.093,-0.286,0.033,-0.010,0.005,-0.004,14.850,-290.780,381.990,-178.400,-1.570,-114.790,1,0.0069,-0.0110,0.0482,0
7361750,-0.078,-0.285,0.058,-0.011,0.005,-0.005,14.850,-290.780,381.990,-178.400,-1.570,-114.790,1,0.0069,-0.0110,0.0482,0
7361843,-0.081,-0.293,0.067,-0.011,0.005,-0.006,14.850,-290.780,381.990,-178.400,-1.570,-114.790,1,0.0069,-0.0110,0.0482,0
7361921,-0.077,-0.281,0.013,-0.011,0.005,-0.004,14.850,-290.780,381.990,-178.400,-1.570,-114.790,1,0.0069,-0.0110,0.0482,0
7362031,-0.078,-0.259,0.021,-0.010,0.006,-0.003,14.850,-290.780,381.990,-178.400,-1.570,-114.790,1,0.0069,-0.0110,0.0482,0
7362125,-0.084,-0.252,0.031,-0.009,0.006,-0.003,14.850,-290.780,381.990,-178.400,-1.570,-114.790,1,0.0069,-0.0110,0.0482,0
7362265,-0.097,-0.254,-0.026,-0.009,0.006,-0.001,14.850,-290.780,381.990,-178.400,-1.570,-114.790,1,0.0069,-0.0110,0.0482,0
7362312,-0.085,-0.266,0.010,-0.010,0.006,-0.003,14.850,-290.780,381.990,-178.400,-1.570,-114.790,1,0.0069,-0.0110,0.0482,0
7362359,-0.081,-0.271,0.008,-0.011,0.005,-0.004,14.850,-290.780,381.990,-178.400,-1.570,-114.790,1,0.0069,-0.0110,0.0482,0
7362437,-0.108,-0.262,0.016,-0.010,0.005,-0.003,14.850,-290.780,381.990,-178.400,-1.570,-114.790,1,0.0069,-0.0110,0.0482,0
7362578,-0.072,-0.281,0.043,-0.011,0.005,-0.005,14.850,-290.780,381.990,-178.400,-1.570,-114.790,1,0.0069,-0.0110,0.0482,0
7362671,-0.086,-0.272,0.013,-0.010,0.005,-0.004,14.850,-290.780,381.990,-178.400,-1.570,-114.790,1,0.0069,-0.0110,0.0482,0
7362781,-0.077,-0.268,0.016,-0.011,0.005,-0.004,14.850,-290.780,381.990,-178.400,-1.570,-114.790,1,0.0069,-0.0110,0.0482,0
7362859,-0.099,-0.236,0.021,-0.009,0.006,-0.002,14.850,-290.780,381.990,-178.400,-1.570,-114.790,1,0.0069,-0.0110,0.0482,0
7362953,-0.074,-0.277,-0.011,-0.011,0.005,-0.003,14.850,-290.780,381.990,-178.400,-1.570,-114.790,1,0.0069,-0.0110,0.0482,0
7363031,-0.061,-0.277,0.016,-0.011,0.005,-0.004,14.850,-290.780,381.990,-178.400,-1.570,-114.790,1,0.0069,-0.0110,0.0482,0
7363109,-0.092,-0.263,0.011,-0.010,0.006,-0.003,14.850,-290.780,381.990,-178.400,-1.570,-114.790,1,0.0069,-0.0110,0.0482,0
7363218,-0.093,-0.249,-0.042,-0.010,0.006,-0.001,14.850,-290.780,381.990,-178.400,-1.570,-114.790,1,0.0069,-0.0110,0.0482,0
7363328,-0.072,-0.268,0.018,-0.010,0.005,-0.004,14.850,-290.780,381.990,-178.400,-1.570,-114.790,1,0.0069,-0.0110,0.0482,0
7363468,-0.091,-0.280,-0.004,-0.010,0.005,-0.003,14.850,-290.780,381.990,-178.400,-1.570,-114.790,1,0.0069,-0.0110,0.0482,0
7363515,-0.096,-0.276,0.016,-0.010,0.005,-0.002,14.850,-290.780,381.990,-178.400,-1.570,-114.790,1,0.0069,-0.0110,0.0482,0
7363562,-0.086,-0.271,0.020,-0.010,0.005,-0.003,14.850,-290.780,381.990,-178.400,-1.570,-114.790,1,0.0069,-0.0110,0.0482,0
7363640,-0.072,-0.270,0.032,-0.010,0.005,-0.004,14.850,-290.780,381.990,-178.400,-1.570,-114.790,1,0.0069,-0.0110,0.0482,0
7363781,-0.077,-0.265,0.004,-0.010,0.005,-0.003,14.850,-290.780,381.990,-178.400,-1.570,-114.790,1,0.0069,-0.0110,0.0482,0
7363875,-0.067,-0.267,-0.009,-0.010,0.005,-0.003,14.850,-290.780,381.990,-178.400,-1.570,-114.790,1,0.0069,-0.0110,0.0482,0
7363984,-0.059,-0.272,0.028,-0.011,0.005,-0.005,14.850,-290.780,381.990,-178.400,-1.570,-114.790,1,0.0069,-0.0110,0.0482,0
7364062,-0.069,-0.264,0.002,-0.010,0.005,-0.003,14.850,-290.780,381.990,-178.400,-1.570,-114.790,1,0.0069,-0.0110,0.0482,0
7364156,-0.074,-0.270,0.034,-0.010,0.005,-0.004,14.850,-290.780,381.990,-178.400,-1.570,-114.790,1,0.0069,-0.0110,0.0482,0
7364234,-0.056,-0.263,0.040,-0.010,0.005,-0.004,14.850,-290.780,381.990,-178.400,-1.570,-114.790,1,0.0069,-0.0110,0.0482,0
7364312,-0.061,-0.279,0.010,-0.011,0.005,-0.004,14.850,-290.780,381.990,-178.400,-1.570,-114.790,1,0.0069,-0.0110,0.0482,0
7364421,-0.067,-0.282,-0.004,-0.011,0.005,-0.004,14.850,-290.780,381.990,-178.400,-1.570,-114.790,1,0.0069,-0.0110,0.0482,0
7364531,-0.076,-0.270,-0.035,-0.010,0.005,-0.002,14.850,-290.780,381.990,-178.400,-1.570,-114.790,1,0.0069,-0.0110,0.0482,0
7364671,-0.066,-0.263,0.025,-0.011,0.005,-0.003,14.850,-290.780,381.990,-178.400,-1.570,-114.790,1,0.0069,-0.0110,0.0482,0
7364718,-0.069,-0.268,0.023,-0.011,0.005,-0.004,14.850,-290.780,381.990,-178.400,-1.570,-114.790,1,0.0069,-0.0110,0.0482,0
7364765,-0.053,-0.271,0.001,-0.011,0.005,-0.003,14.850,-290.780,381.990,-178.400,-1.570,-114.790,1,0.0069,-0.0110,0.0482,0
7364843,-0.056,-0.262,-0.025,-0.011,0.005,-0.002,14.850,-290.780,381.990,-178.400,-1.570,-114.790,1,0.0069,-0.0110,0.0482,0
7364984,-0.067,-0.272,0.015,-0.010,0.005,-0.004,14.850,-290.780,381.990,-178.400,-1.570,-114.790,1,0.0069,-0.0110,0.0482,0
7365078,-0.064,-0.277,0.032,-0.011,0.005,-0.005,14.850,-290.780,381.990,-178.400,-1.570,-114.790,1,0.0069,-0.0110,0.0482,0
7365187,-0.077,-0.272,-0.018,-0.011,0.005,-0.004,14.850,-290.780,381.990,-178.400,-1.570,-114.790,1,0.0069,-0.0110,0.0482,0
7365265,-0.073,-0.273,0.010,-0.011,0.005,-0.004,14.850,-290.780,381.990,-178.400,-1.570,-114.790,1,0.0069,-0.0110,0.0482,0
7365359,-0.077,-0.255,-0.033,-0.010,0.005,-0.003,14.850,-290.780,381.990,-178.400,-1.570,-114.790,1,0.0069,-0.0110,0.0482,0
7365437,-0.071,-0.268,0.015,-0.011,0.005,-0.004,14.850,-290.780,381.990,-178.400,-1.570,-114.790,1,0.0069,-0.0110,0.0482,0
7365515,-0.062,-0.279,0.055,-0.012,0.005,-0.006,14.850,-290.780,381.990,-178.400,-1.570,-114.790,1,0.0069,-0.0110,0.0482,0
7365625,-0.071,-0.264,-0.013,-0.010,0.005,-0.003,14.850,-290.780,381.990,-178.400,-1.570,-114.790,1,0.0069,-0.0110,0.0482,0
7365734,-0.074,-0.259,-0.002,-0.011,0.005,-0.004,14.850,-290.780,381.990,-178.400,-1.570,-114.790,1,0.0069,-0.0110,0.0482,0
7365875,-0.089,-0.280,-0.023,-0.011,0.005,-0.003,14.850,-290.780,381.990,-178.400,-1.570,-114.790,1,0.0069,-0.0110,0.0482,0
7365921,-0.091,-0.271,-0.045,-0.010,0.005,-0.002,14.850,-290.780,381.990,-178.400,-1.570,-114.790,1,0.0069,-0.0110,0.0482,0
7365968,-0.085,-0.277,-0.014,-0.011,0.005,-0.003,14.850,-290.780,381.990,-178.400,-1.570,-114.790,1,0.0069,-0.0110,0.0482,0
7366046,-0.082,-0.270,0.025,-0.011,0.005,-0.004,14.850,-290.780,381.990,-178.400,-1.570,-114.790,1,0.0069,-0.0110,0.0482,0
7366187,-0.070,-0.280,0.016,-0.011,0.005,-0.004,14.850,-290.780,381.990,-178.400,-1.570,-114.790,1,0.0069,-0.0110,0.0482,0
7366281,-0.102,-0.265,-0.031,-0.009,0.006,-0.002,14.850,-290.780,381.990,-178.400,-1.570,-114.790,1,0.0069,-0.0110,0.0482,0
7366390,-0.066,-0.269,0.018,-0.011,0.005,-0.004,14.850,-290.780,381.990,-178.400,-1.570,-114.790,1,0.0069,-0.0110,0.0482,0
7366468,-0.079,-0.273,0.010,-0.011,0.005,-0.004,14.850,-290.780,381.990,-178.400,-1.570,-114.790,1,0.0069,-0.0110,0.0482,0
7366562,-0.079,-0.406,0.110,-0.004,0.006,-0.005,14.850,-290.780,381.990,-178.400,-1.570,-114.790,1,0.0069,-0.0110,0.0482,0
7366640,-0.054,-0.507,0.078,0.004,0.007,-0.001,16.366,-293.728,383.681,-178.400,-1.570,-114.790,1,0.0069,-0.0110,0.0482,0
7366718,0.089,-0.237,0.022,-0.008,0.011,-0.004,16.366,-293.728,383.681,-178.400,-1.570,-114.790,1,0.0000,0.0000,0.0000,1
7366812,-0.104,-0.181,0.017,-0.007,0.007,-0.005,19.513,-307.232,388.452,-178.400,-1.570,-114.790,1,0.0000,0.0000,0.0000,1
7366921,-0.167,-0.223,-0.145,-0.013,0.008,-0.004,19.513,-307.232,388.452,-178.400,-1.570,-114.790,1,0.0000,0.0000,0.0000,1
7367062,-0.096,-0.023,-0.076,-0.010,0.003,-0.004,22.252,-328.378,381.345,-178.400,-1.570,-114.790,1,0.0000,0.0000,0.0000,1
7367109,-0.125,-0.061,-0.070,-0.012,0.004,-0.004,22.252,-328.378,381.345,-178.400,-1.570,-114.790,1,0.0000,0.0000,0.0000,1
7367156,-0.198,-0.087,0.013,-0.011,0.006,-0.004,22.252,-328.378,381.345,-178.400,-1.570,-114.790,1,0.0000,0.0000,0.0000,1
7367234,-0.247,-0.119,0.002,-0.009,0.008,-0.003,22.231,-333.907,366.877,-178.400,-1.570,-114.790,1,0.0000,0.0000,0.0000,1
7367375,-0.208,-0.278,0.305,-0.005,0.011,-0.002,22.231,-333.907,366.877,-178.400,-1.570,-114.790,1,0.0000,0.0000,0.0000,0
7367468,-0.269,-0.234,0.234,-0.011,0.005,-0.002,20.769,-334.752,352.925,-178.400,-1.570,-114.790,1,0.0000,0.0000,0.0000,0
7367578,-0.190,-0.267,0.021,-0.010,0.009,-0.005,20.769,-334.752,352.925,-178.400,-1.570,-114.790,1,0.0000,0.0000,0.0000,0
7367656,-0.178,-0.271,0.077,-0.008,0.010,-0.004,20.720,-334.780,352.880,-178.400,-1.570,-114.790,1,0.0000,0.0000,0.0000,0
7367750,-0.214,-0.250,0.018,-0.010,0.008,-0.003,20.720,-334.780,352.880,-178.400,-1.570,-114.790,1,0.0016,0.0009,0.0156,0
7367828,-0.220,-0.261,0.004,-0.009,0.009,-0.003,20.720,-334.780,352.880,-178.400,-1.570,-114.790,1,0.0016,0.0009,0.0156,0
7367906,-0.136,-0.202,-0.027,-0.013,0.013,-0.002,20.720,-334.780,352.880,-178.400,-1.570,-114.790,1,0.0016,0.0009,0.0156,0
7368015,0.175,-0.186,-0.014,-0.011,0.019,-0.003,16.535,-335.662,352.949,-178.400,-1.570,-114.790,1,0.0036,0.0027,0.0515,0
7368125,-0.039,-0.266,-0.062,-0.006,0.013,-0.003,16.535,-335.662,352.949,-178.400,-1.570,-114.790,1,0.0036,0.0027,0.0515,0
7368265,-0.245,-0.307,-0.095,-0.005,0.005,-0.004,-4.994,-348.692,348.212,-178.400,-1.570,-114.790,1,0.0036,0.0027,0.0515,0
7368312,-0.302,-0.292,0.035,-0.008,0.002,-0.004,-4.994,-348.692,348.212,-178.400,-1.570,-114.790,1,-0.0091,-0.0047,0.0722,0
7368359,-0.177,-0.206,-0.011,-0.009,0.005,-0.003,-4.994,-348.692,348.212,-178.400,-1.570,-114.790,1,-0.0091,-0.0047,0.0722,0
7368437,-0.227,-0.229,-0.131,-0.013,0.008,-0.003,-14.346,-359.323,339.913,-178.400,-1.570,-114.790,1,-0.0091,-0.0047,0.0722,0
7368578,-0.311,-0.197,0.041,-0.009,0.005,-0.005,-14.346,-359.323,339.913,-178.400,-1.570,-114.790,1,-0.0191,-0.0200,0.0572,0
7368671,-0.201,-0.277,-0.017,-0.012,0.005,-0.002,-24.641,-368.390,323.953,-178.149,-1.570,-114.790,1,0.0053,-0.0230,0.0186,0
7368781,-0.140,-0.216,0.145,-0.006,0.011,-0.002,-24.641,-368.390,323.953,-178.149,-1.570,-114.790,1,0.0053,-0.0230,0.0186,0
7368859,-0.495,-0.303,0.303,-0.008,0.000,-0.003,-31.509,-372.299,311.610,-178.362,-1.570,-114.790,1,0.0053,-0.0230,0.0186,0
7368953,-0.311,-0.283,0.002,-0.012,0.007,-0.002,-31.509,-372.299,311.610,-178.362,-1.570,-114.790,1,0.0375,-0.0081,-0.0183,0
7369031,-0.230,-0.323,0.017,-0.009,0.010,-0.003,-31.720,-372.510,311.440,-178.400,-1.570,-114.790,1,0.0375,-0.0081,-0.0183,0
7369109,-0.271,-0.288,0.041,-0.012,0.008,-0.004,-31.720,-372.510,311.440,-178.400,-1.570,-114.790,1,0.0638,0.0193,-0.0123,0
7369218,-0.240,-0.296,-0.020,-0.010,0.009,-0.003,-31.720,-372.510,311.440,-178.400,-1.570,-114.790,1,0.0638,0.0193,-0.0123,0
7369328,-0.280,-0.296,0.055,-0.012,0.008,-0.003,-31.720,-372.510,311.440,-178.400,-1.570,-114.790,1,0.0638,0.0193,-0.0123,0
7369468,-0.071,-0.210,-0.156,-0.018,0.018,-0.003,-32.551,-373.013,312.446,-178.400,-1.570,-114.790,1,0.0638,0.0193,-0.0123,0
7369515,0.029,-0.317,-0.139,-0.011,0.020,-0.003,-32.551,-373.013,312.446,-178.400,-1.570,-114.790,1,0.0895,0.0465,0.0356,0
7369562,-0.027,-0.319,-0.160,-0.008,0.014,-0.003,-32.551,-373.013,312.446,-178.400,-1.570,-114.790,1,0.0895,0.0465,0.0356,0
7369640,-0.425,-0.297,-0.058,-0.007,0.001,-0.005,-40.432,-377.656,306.522,-178.400,-1.570,-114.790,1,0.0895,0.0465,0.0356,0
7369781,-0.184,-0.220,0.125,-0.017,0.009,-0.003,-40.432,-377.656,306.522,-178.400,-1.570,-114.790,1,0.0849,0.0505,0.0617,0
7369875,-0.103,-0.135,-0.189,-0.015,0.008,-0.002,-46.440,-383.204,298.903,-178.400,-1.545,-114.790,1,0.0466,0.0293,0.0401,0
7369984,-0.450,-0.312,0.076,-0.012,0.001,-0.006,-46.440,-383.204,298.903,-178.400,-1.545,-114.790,1,0.0466,0.0293,0.0401,0
7370062,-0.323,-0.351,0.151,-0.012,0.000,-0.004,-52.807,-386.201,290.381,-178.400,-1.463,-114.709,1,0.0466,0.0293,0.0401,0
7370156,-0.001,-0.213,-0.140,-0.016,0.015,-0.003,-52.807,-386.201,290.381,-178.400,-1.463,-114.709,1,0.0114,0.0082,0.0071,0
7370234,-0.137,-0.217,-0.087,-0.008,0.006,-0.003,-56.460,-388.378,283.173,-178.400,-1.492,-114.737,1,0.0114,0.0082,0.0071,0
7370312,-0.269,-0.211,-0.004,-0.008,0.002,-0.004,-56.460,-388.378,283.173,-178.400,-1.492,-114.737,1,-0.0035,0.0021,-0.0124,0
7370421,-0.258,-0.216,0.131,-0.008,0.007,-0.004,-59.046,-389.579,270.758,-178.400,-1.481,-114.730,1,-0.0018,0.0053,-0.0255,0
7370531,-0.206,-0.140,0.057,-0.012,0.007,-0.004,-59.046,-389.579,270.758,-178.400,-1.481,-114.730,1,-0.0018,0.0053,-0.0255,0
7370671,-0.293,-0.169,0.103,-0.009,0.008,-0.004,-59.473,-389.623,260.959,-178.400,-1.481,-114.731,1,-0.0018,0.0053,-0.0255,0
7370718,-0.278,-0.154,0.077,-0.010,0.008,-0.005,-59.473,-389.623,260.959,-178.400,-1.481,-114.731,1,0.0079,0.0109,-0.0400,0
7370765,-0.244,-0.188,0.063,-0.007,0.011,-0.005,-59.473,-389.623,260.959,-178.400,-1.481,-114.731,1,0.0079,0.0109,-0.0400,0
7370843,-0.236,-0.211,-0.007,-0.006,0.012,-0.003,-60.110,-388.456,257.085,-178.400,-1.480,-114.730,1,0.0079,0.0109,-0.0400,0
7370984,-0.356,-0.275,0.092,-0.006,0.010,-0.002,-60.110,-388.456,257.085,-178.400,-1.480,-114.730,1,0.0157,0.0168,-0.0349,0
7371078,-0.239,-0.244,0.065,-0.011,0.013,-0.006,-61.617,-388.458,254.310,-178.400,-1.480,-114.730,1,0.0168,0.0201,-0.0045,0
7371187,-0.269,-0.337,0.075,-0.012,0.007,-0.006,-61.617,-388.458,254.310,-178.400,-1.480,-114.730,1,0.0168,0.0201,-0.0045,0
7371265,-0.291,-0.308,0.062,-0.010,0.004,-0.004,-63.830,-389.147,252.947,-178.400,-1.480,-114.730,1,0.0168,0.0201,-0.0045,0
7371359,-0.199,-0.295,-0.020,-0.012,0.009,-0.005,-63.830,-389.147,252.947,-178.400,-1.480,-114.730,1,0.0114,0.0169,0.0243,0
7371437,-0.168,-0.251,-0.044,-0.015,0.011,-0.003,-64.272,-389.383,250.993,-178.332,-1.480,-114.730,1,0.0114,0.0169,0.0243,0
7371515,-0.233,-0.309,0.098,-0.011,0.005,-0.005,-64.272,-389.383,250.993,-178.332,-1.480,-114.730,1,0.0070,0.0102,0.0372,0
7371625,-0.201,-0.260,-0.026,-0.013,0.007,-0.004,-64.402,-389.554,249.423,-178.342,-1.480,-114.730,1,0.0088,0.0058,0.0370,0
7371734,-0.179,-0.255,-0.019,-0.013,0.007,-0.003,-64.402,-389.554,249.423,-178.342,-1.480,-114.730,1,0.0088,0.0058,0.0370,0
7371875,-0.179,-0.290,0.011,-0.007,0.008,-0.004,-64.707,-389.283,245.277,-178.339,-1.480,-114.730,1,0.0088,0.0058,0.0370,0
7371921,-0.177,-0.294,0.031,-0.010,0.007,-0.005,-64.707,-389.283,245.277,-178.339,-1.480,-114.730,1,0.0117,0.0037,0.0289,0
7371968,-0.178,-0.291,-0.004,-0.010,0.008,-0.004,-64.707,-389.283,245.277,-178.339,-1.480,-114.730,1,0.0117,0.0037,0.0289,0
7372046,-0.187,-0.286,0.032,-0.013,0.007,-0.004,-64.730,-389.427,240.459,-178.340,-1.480,-114.730,1,0.0117,0.0037,0.0289,0
7372187,-0.213,-0.254,0.046,-0.012,0.008,-0.005,-64.730,-389.427,240.459,-178.340,-1.480,-114.730,1,0.0117,0.0019,0.0159,0
7372281,-0.189,-0.285,0.066,-0.011,0.008,-0.004,-64.658,-388.630,235.507,-178.340,-1.480,-114.730,1,0.0107,0.0002,0.0024,0
7372390,-0.219,-0.296,0.068,-0.013,0.006,-0.005,-64.658,-388.630,235.507,-178.340,-1.480,-114.730,1,0.0107,0.0002,0.0024,0
7372468,-0.183,-0.260,-0.041,-0.013,0.008,-0.003,-64.955,-387.000,232.447,-178.340,-1.480,-114.730,1,0.0107,0.0002,0.0024,0
7372562,-0.186,-0.280,0.038,-0.009,0.010,-0.005,-64.955,-387.000,232.447,-178.340,-1.480,-114.730,1,0.0085,0.0013,-0.0041,0
7372640,-0.185,-0.300,-0.051,-0.010,0.009,-0.004,-65.294,-385.170,228.934,-178.340,-1.480,-114.730,1,0.0085,0.0013,-0.0041,0
7372718,-0.198,-0.271,-0.004,-0.007,0.011,-0.004,-65.294,-385.170,228.934,-178.340,-1.480,-114.730,1,0.0050,0.0047,-0.0032,0
7372828,-0.146,-0.309,-0.047,-0.007,0.013,-0.003,-65.415,-383.360,226.814,-178.340,-1.480,-114.730,1,0.0022,0.0070,0.0008,0
7372937,-0.213,-0.299,-0.102,-0.007,0.010,-0.003,-65.415,-383.360,226.814,-178.340,-1.480,-114.730,1,0.0022,0.0070,0.0008,0
7373078,-0.168,-0.256,-0.103,-0.013,0.008,-0.004,-66.214,-381.545,225.681,-178.340,-1.480,-114.768,1,0.0022,0.0070,0.0008,0
7373125,-0.132,-0.263,-0.052,-0.012,0.011,-0.004,-66.214,-381.545,225.681,-178.340,-1.480,-114.768,1,0.0006,0.0071,0.0068,0
7373171,-0.178,-0.245,-0.098,-0.013,0.010,-0.003,-66.214,-381.545,225.681,-178.340,-1.480,-114.768,1,0.0006,0.0071,0.0068,0
7373250,-0.239,-0.239,-0.060,-0.018,0.002,-0.004,-67.076,-379.143,224.436,-178.340,-1.480,-114.759,1,0.0006,0.0071,0.0068,0
7373390,-0.186,-0.219,-0.071,-0.021,0.006,-0.003,-67.076,-379.143,224.436,-178.340,-1.480,-114.759,1,-0.0010,0.0067,0.0119,0
7373484,-0.198,-0.214,-0.078,-0.023,0.002,-0.003,-67.996,-375.518,222.835,-178.340,-1.480,-114.762,1,-0.0022,0.0083,0.0121,0
7373593,-0.239,-0.172,-0.059,-0.023,0.000,-0.003,-67.996,-375.518,222.835,-178.340,-1.480,-114.762,1,-0.0022,0.0083,0.0121,0
7373671,-0.207,-0.205,-0.058,-0.020,0.001,-0.003,-67.993,-370.936,222.977,-178.340,-1.480,-114.760,1,-0.0022,0.0083,0.0121,0
7373765,-0.229,-0.195,-0.009,-0.019,0.003,-0.003,-67.993,-370.936,222.977,-178.340,-1.480,-114.760,1,-0.0016,0.0119,0.0110,0
7373843,-0.228,-0.239,0.015,-0.014,0.007,-0.003,-67.854,-366.244,224.239,-178.340,-1.480,-114.760,1,-0.0016,0.0119,0.0110,0
7373921,-0.232,-0.208,0.042,-0.016,0.006,-0.004,-67.854,-366.244,224.239,-178.340,-1.480,-114.760,1,0.0012,0.0150,0.0138,0
7374031,-0.268,-0.227,-0.071,-0.013,0.007,-0.003,-67.837,-361.557,226.738,-178.340,-1.480,-114.760,1,0.0036,0.0152,0.0200,0
7374140,-0.274,-0.208,-0.035,-0.014,0.008,-0.004,-67.837,-361.557,226.738,-178.340,-1.480,-114.760,1,0.0036,0.0152,0.0200,0
7374281,-0.311,-0.153,-0.033,-0.014,0.006,-0.003,-67.821,-354.943,226.490,-178.323,-1.480,-114.760,1,0.0036,0.0152,0.0200,0
7374328,-0.294,-0.164,0.036,-0.014,0.006,-0.004,-67.821,-354.943,226.490,-178.323,-1.480,-114.760,1,0.0040,0.0138,0.0232,0
7374375,-0.304,-0.138,-0.008,-0.013,0.007,-0.003,-67.821,-354.943,226.490,-178.323,-1.480,-114.760,1,0.0040,0.0138,0.0232,0
7374453,-0.340,-0.061,-0.043,-0.017,0.004,-0.003,-67.774,-350.995,225.497,-178.328,-1.480,-114.760,1,0.0040,0.0138,0.0232,0
7374593,-0.226,-0.103,-0.010,-0.012,0.004,-0.004,-67.774,-350.995,225.497,-178.328,-1.480,-114.760,1,0.0033,0.0090,0.0176,0
7374687,-0.258,-0.020,-0.044,-0.013,0.002,-0.003,-67.593,-344.037,223.674,-178.327,-1.480,-114.760,1,0.0026,0.0008,0.0067,0
7374796,-0.165,-0.067,-0.040,-0.013,-0.000,-0.003,-67.593,-344.037,223.674,-178.327,-1.480,-114.760,1,0.0026,0.0008,0.0067,0
7374875,-0.150,-0.062,-0.052,-0.016,-0.003,-0.003,-66.830,-337.850,222.343,-178.329,-1.480,-114.760,1,0.0026,0.0008,0.0067,0
7374968,-0.160,-0.087,-0.035,-0.016,-0.007,-0.004,-66.830,-337.850,222.343,-178.329,-1.480,-114.760,1,0.0027,-0.0025,-0.0021,0
7375046,-0.177,-0.137,-0.104,-0.019,-0.006,-0.003,-64.879,-332.772,221.536,-178.330,-1.480,-114.760,1,0.0027,-0.0025,-0.0021,0
7375125,-0.220,-0.180,-0.086,-0.020,-0.005,-0.004,-64.879,-332.772,221.536,-178.330,-1.480,-114.760,1,0.0055,-0.0042,-0.0049,0
7375234,-0.187,-0.219,-0.093,-0.013,0.005,-0.002,-63.118,-328.183,220.889,-178.330,-1.480,-114.760,1,0.0100,-0.0094,-0.0030,0
7375343,-0.354,-0.040,-0.073,-0.026,-0.003,-0.002,-63.118,-328.183,220.889,-178.330,-1.480,-114.760,1,0.0100,-0.0094,-0.0030,0
7375484,-0.250,-0.122,-0.094,-0.024,0.000,-0.005,-64.071,-323.246,220.625,-178.330,-1.480,-114.760,1,0.0100,-0.0094,-0.0030,0
7375531,-0.222,-0.115,-0.044,-0.025,0.001,-0.005,-64.071,-323.246,220.625,-178.330,-1.480,-114.760,1,0.0099,-0.0133,0.0001,0
7375578,-0.244,-0.122,-0.077,-0.023,0.002,-0.003,-64.071,-323.246,220.625,-178.330,-1.480,-114.760,1,0.0099,-0.0133,0.0001,0
7375656,-0.245,-0.112,-0.088,-0.023,0.003,-0.004,-64.522,-318.713,220.267,-178.330,-1.480,-114.760,1,0.0099,-0.0133,0.0001,0
7375796,-0.264,-0.070,-0.079,-0.025,0.001,-0.005,-64.522,-318.713,220.267,-178.330,-1.480,-114.760,1,0.0050,-0.0137,0.0022,0
7375890,-0.274,-0.025,-0.109,-0.022,-0.000,-0.002,-64.565,-314.303,220.163,-178.330,-1.480,-114.760,1,0.0018,-0.0125,0.0030,0
7376000,-0.210,-0.063,-0.064,-0.019,0.002,-0.005,-64.565,-314.303,220.163,-178.330,-1.480,-114.760,1,0.0018,-0.0125,0.0030,0
7376078,-0.178,-0.075,-0.065,-0.019,0.003,-0.005,-64.849,-311.334,220.193,-178.330,-1.480,-114.760,1,0.0018,-0.0125,0.0030,0
7376171,-0.207,-0.080,-0.139,-0.016,0.007,-0.003,-64.849,-311.334,220.193,-178.330,-1.480,-114.760,1,0.0012,-0.0121,0.0034,0
7376250,-0.127,-0.198,-0.255,0.004,0.021,-0.003,-65.027,-312.459,220.176,-178.330,-1.480,-114.771,1,0.0012,-0.0121,0.0034,0
7376328,-0.119,-0.270,-0.346,0.018,0.030,-0.005,-65.027,-312.459,220.176,-178.330,-1.480,-114.771,1,0.0007,-0.0194,0.0034,0
7376437,-0.060,-0.427,-0.523,0.033,0.041,-0.003,-65.046,-315.763,220.203,-178.330,-1.480,-114.766,1,0.0007,-0.0372,0.0028,0
7376531,-0.086,-0.444,-0.666,0.033,0.041,-0.004,-65.046,-315.763,220.203,-178.330,-1.480,-114.766,1,0.0007,-0.0372,0.0028,0
7376671,-0.119,-0.430,-0.670,0.021,0.027,-0.002,-65.498,-325.820,220.371,-178.330,-1.480,-114.769,1,0.0007,-0.0372,0.0028,0
7376734,-0.125,-0.392,-0.561,0.013,0.017,-0.005,-65.498,-325.820,220.371,-178.330,-1.480,-114.769,1,0.0009,-0.0568,0.0022,0
7376781,-0.156,-0.331,-0.541,0.005,0.009,-0.004,-65.498,-325.820,220.371,-178.330,-1.480,-114.769,1,0.0009,-0.0568,0.0022,0
7376859,-0.137,-0.263,-0.386,-0.007,0.004,-0.003,-65.732,-332.821,220.270,-178.330,-1.480,-114.770,1,0.0009,-0.0568,0.0022,0
7377000,-0.133,-0.114,-0.170,-0.018,0.007,-0.004,-65.732,-332.821,220.270,-178.330,-1.480,-114.770,1,0.0009,-0.0634,0.0013,0
7377078,-0.123,-0.206,-0.119,-0.010,0.007,-0.005,-65.390,-337.263,219.378,-178.324,-1.480,-114.770,1,0.0016,-0.0474,-0.0009,0
7377187,-0.031,-0.252,-0.167,-0.011,0.006,-0.005,-65.390,-337.263,219.378,-178.324,-1.480,-114.770,1,0.0016,-0.0474,-0.0009,0
7377265,-0.016,-0.276,-0.126,0.004,0.018,-0.004,-64.861,-339.490,218.925,-178.333,-1.480,-114.770,1,0.0016,-0.0474,-0.0009,0
7377359,-0.008,-0.338,-0.157,0.010,0.021,-0.004,-64.861,-339.490,218.925,-178.333,-1.480,-114.770,1,0.0034,-0.0181,-0.0031,0
7377437,-0.039,-0.279,-0.154,0.009,0.020,-0.004,-64.794,-343.401,218.578,-178.327,-1.480,-114.770,1,0.0034,-0.0181,-0.0031,0
7377515,-0.068,-0.265,-0.072,0.010,0.019,-0.005,-64.794,-343.401,218.578,-178.327,-1.480,-114.770,1,0.0040,0.0053,-0.0031,0
7377625,-0.114,-0.186,-0.106,0.006,0.017,-0.005,-64.817,-348.037,218.333,-178.329,-1.480,-114.770,1,0.0022,0.0125,-0.0015,0
7377750,-0.087,-0.252,-0.116,0.013,0.021,-0.004,-64.817,-348.037,218.333,-178.329,-1.480,-114.770,1,0.0022,0.0125,-0.0015,0
7377875,-0.103,-0.247,-0.167,0.015,0.022,-0.004,-64.691,-351.940,217.840,-178.330,-1.480,-114.770,1,0.0022,0.0125,-0.0015,0
7377921,-0.121,-0.229,-0.143,0.012,0.022,-0.005,-64.691,-351.940,217.840,-178.330,-1.480,-114.770,1,0.0001,0.0098,-0.0001,0
7377968,-0.075,-0.268,-0.169,0.016,0.024,-0.004,-64.691,-351.940,217.840,-178.330,-1.480,-114.770,1,0.0001,0.0098,-0.0001,0
7378046,-0.112,-0.194,-0.230,0.014,0.023,-0.003,-64.681,-353.844,217.307,-178.330,-1.480,-114.770,1,0.0001,0.0098,-0.0001,0
7378187,-0.109,-0.188,-0.191,0.012,0.023,-0.004,-64.681,-353.844,217.307,-178.330,-1.480,-114.770,1,-0.0011,0.0097,0.0003,0
7378281,-0.089,-0.257,-0.219,0.017,0.025,-0.003,-64.731,-355.432,216.635,-178.330,-1.480,-114.770,1,-0.0018,0.0149,0.0000,0
7378390,-0.095,-0.239,-0.206,0.012,0.023,-0.004,-64.731,-355.432,216.635,-178.330,-1.480,-114.770,1,-0.0018,0.0149,0.0000,0
7378468,-0.146,-0.200,-0.098,0.012,0.022,-0.005,-64.784,-356.564,216.891,-178.330,-1.480,-114.770,1,-0.0018,0.0149,0.0000,0
7378562,-0.156,-0.194,-0.129,0.008,0.022,-0.005,-64.784,-356.564,216.891,-178.330,-1.480,-114.770,1,-0.0021,0.0190,0.0006,0
7378640,-0.109,-0.201,-0.191,0.007,0.023,-0.003,-64.970,-356.720,216.945,-178.330,-1.480,-114.755,1,-0.0021,0.0190,0.0006,0
7378718,-0.168,-0.147,-0.175,-0.002,0.020,-0.004,-64.970,-356.720,216.945,-178.330,-1.480,-114.755,1,-0.0021,0.0203,0.0024,0
7378828,-0.281,0.064,-0.264,-0.034,-0.003,-0.003,-65.133,-356.090,216.729,-178.330,-1.480,-114.760,1,-0.0021,0.0223,0.0027,0
7378937,-0.290,0.169,-0.628,-0.071,-0.025,-0.002,-65.133,-356.090,216.729,-178.330,-1.480,-114.760,1,-0.0021,0.0223,0.0027,0
7379078,-0.302,-0.059,-0.152,-0.026,0.010,-0.004,-67.341,-353.492,218.476,-178.330,-1.480,-114.758,1,-0.0021,0.0223,0.0027,0
7379125,-0.304,-0.173,-0.125,-0.011,0.018,-0.004,-67.341,-353.492,218.476,-178.330,-1.480,-114.758,1,-0.0032,0.0249,0.0023,0
7379171,-0.163,-0.315,-0.141,-0.004,0.025,-0.004,-67.341,-353.492,218.476,-178.330,-1.480,-114.758,1,-0.0032,0.0249,0.0023,0
7379250,-0.185,-0.297,-0.097,-0.010,0.020,-0.004,-69.682,-352.226,220.892,-178.312,-1.480,-114.760,1,-0.0032,0.0249,0.0023,0
7379390,-0.204,-0.272,-0.046,-0.008,0.015,-0.003,-69.682,-352.226,220.892,-178.312,-1.480,-114.760,1,-0.0060,0.0236,0.0048,0
7379484,-0.172,-0.321,-0.016,-0.006,0.016,-0.004,-70.203,-353.387,221.463,-178.311,-1.480,-114.760,1,-0.0062,0.0134,0.0067,0
7379593,-0.148,-0.284,-0.011,-0.004,0.015,-0.003,-70.203,-353.387,221.463,-178.311,-1.480,-114.760,1,-0.0062,0.0134,0.0067,0
7379671,-0.171,-0.344,-0.010,0.000,0.014,-0.002,-69.978,-355.418,221.723,-178.310,-1.480,-114.760,1,-0.0062,0.0134,0.0067,0
7379765,-0.139,-0.305,-0.076,-0.002,0.015,-0.004,-69.978,-355.418,221.723,-178.310,-1.480,-114.760,1,-0.0010,-0.0019,0.0035,0
7379843,-0.163,-0.270,-0.076,-0.002,0.016,-0.003,-69.328,-358.756,221.041,-178.310,-1.480,-114.760,1,-0.0010,-0.0019,0.0035,0
7379921,-0.211,-0.275,-0.039,-0.001,0.013,-0.003,-69.328,-358.756,221.041,-178.310,-1.480,-114.760,1,0.0058,-0.0154,-0.0027,0
7380031,-0.172,-0.281,-0.104,0.002,0.016,-0.003,-68.725,-360.433,219.962,-178.310,-1.480,-114.760,1,0.0102,-0.0217,-0.0091,0
7380140,-0.173,-0.305,-0.078,0.002,0.016,-0.004,-68.725,-360.433,219.962,-178.310,-1.480,-114.760,1,0.0102,-0.0217,-0.0091,0
7380281,-0.274,-0.187,-0.200,-0.023,-0.000,-0.003,-68.770,-360.047,219.575,-178.310,-1.480,-114.760,1,0.0102,-0.0217,-0.0091,0
7380328,-0.349,-0.088,-0.222,-0.035,-0.008,-0.003,-68.770,-360.047,219.575,-178.310,-1.480,-114.760,1,0.0106,-0.0162,-0.0129,0
7380375,-0.332,-0.052,-0.301,-0.046,-0.014,-0.004,-68.770,-360.047,219.575,-178.310,-1.480,-114.760,1,0.0106,-0.0162,-0.0129,0
7380453,-0.330,-0.021,-0.437,-0.056,-0.023,-0.003,-69.162,-357.481,218.738,-178.310,-1.480,-114.760,1,0.0106,-0.0162,-0.0129,0
7380593,-0.385,0.029,-0.752,-0.073,-0.038,-0.003,-69.162,-357.481,218.738,-178.310,-1.480,-114.760,1,0.0073,-0.0019,-0.0127,0
7380687,-0.328,0.042,-0.758,-0.076,-0.034,-0.003,-70.657,-354.524,218.095,-178.310,-1.480,-114.759,1,0.0018,0.0140,-0.0111,0
7380796,-0.420,0.027,-0.749,-0.068,-0.042,-0.003,-70.657,-354.524,218.095,-178.310,-1.480,-114.759,1,0.0018,0.0140,-0.0111,0
7380875,-0.456,0.029,-0.826,-0.066,-0.055,-0.003,-71.781,-352.887,217.785,-178.310,-1.480,-114.755,1,0.0018,0.0140,-0.0111,0
7380968,-0.451,-0.008,-0.870,-0.062,-0.059,-0.003,-71.781,-352.887,217.785,-178.310,-1.480,-114.755,1,-0.0035,0.0220,-0.0082,0
7381046,-0.427,-0.013,-0.760,-0.059,-0.053,-0.004,-71.917,-351.711,217.838,-178.310,-1.480,-114.760,1,-0.0035,0.0220,-0.0082,0
7381109,-0.493,-0.023,-0.701,-0.056,-0.056,-0.003,-71.917,-351.711,217.838,-178.310,-1.480,-114.760,1,-0.0042,0.0185,-0.0038,0
7381234,-0.448,-0.052,-0.758,-0.054,-0.057,-0.003,-71.860,-350.460,217.813,-178.300,-1.480,-114.760,1,0.0001,0.0106,0.0005,0
7381328,-0.427,-0.075,-0.706,-0.048,-0.052,-0.002,-71.860,-350.460,217.813,-178.300,-1.480,-114.760,1,0.0001,0.0106,0.0005,0
7381468,-0.108,-0.121,-0.379,-0.028,-0.007,-0.003,-73.576,-352.332,219.300,-178.302,-1.480,-114.760,1,0.0001,0.0106,0.0005,0
7381531,-0.075,-0.103,-0.243,-0.020,0.007,-0.004,-73.576,-352.332,219.300,-178.302,-1.480,-114.760,1,0.0030,0.0020,0.0040,0
7381656,-0.219,-0.104,0.090,-0.006,0.013,-0.003,-75.854,-355.515,223.499,-178.301,-1.480,-114.760,1,0.0030,0.0020,0.0040,0
7381781,-0.206,-0.108,0.086,-0.010,0.007,-0.003,-75.854,-355.515,223.499,-178.301,-1.480,-114.760,1,0.0009,-0.0088,0.0106,0
7381875,-0.193,-0.057,-0.076,-0.012,0.013,-0.002,-76.823,-355.046,239.641,-178.300,-1.480,-114.760,1,-0.0019,-0.0147,0.0316,0
7381984,-0.193,-0.165,-0.250,-0.016,0.011,-0.003,-76.823,-355.046,239.641,-178.300,-1.480,-114.760,1,-0.0019,-0.0147,0.0316,0
7382062,-0.081,-0.202,0.016,-0.007,0.010,-0.003,-84.653,-351.435,247.729,-178.300,-1.480,-114.760,1,-0.0019,-0.0147,0.0316,0
7382156,-0.228,-0.140,0.038,-0.009,0.009,-0.004,-84.653,-351.435,247.729,-178.300,-1.480,-114.760,1,-0.0088,-0.0061,0.0536,0
7382234,-0.336,-0.210,-0.087,-0.012,0.002,-0.002,-93.307,-348.353,250.242,-178.300,-1.480,-114.760,1,-0.0088,-0.0061,0.0536,0
7382312,-0.145,-0.216,-0.080,-0.005,0.005,-0.003,-93.307,-348.353,250.242,-178.300,-1.480,-114.760,1,-0.0262,0.0088,0.0374,0
7382421,-0.170,-0.186,-0.076,-0.001,0.011,-0.004,-98.254,-343.615,247.680,-178.300,-1.480,-114.760,1,-0.0350,0.0186,-0.0155,0
7382531,-0.455,-0.136,0.067,-0.007,-0.000,-0.004,-98.254,-343.615,247.680,-178.300,-1.480,-114.760,1,-0.0350,0.0186,-0.0155,0
7382671,0.052,-0.098,0.013,-0.004,0.013,-0.003,-96.168,-338.915,235.949,-178.300,-1.480,-114.760,1,-0.0350,0.0186,-0.0155,0
7382718,-0.010,-0.140,0.078,-0.004,0.007,-0.003,-96.168,-338.915,235.949,-178.300,-1.480,-114.760,1,-0.0187,0.0242,-0.0704,0
7382765,-0.194,-0.173,0.129,-0.006,0.000,-0.001,-96.168,-338.915,235.949,-178.300,-1.480,-114.760,1,-0.0187,0.0242,-0.0704,0
7382843,-0.330,-0.197,0.145,-0.009,0.001,-0.004,-90.849,-338.377,229.701,-178.300,-1.480,-114.760,1,-0.0187,0.0242,-0.0704,0
7382984,-0.058,-0.188,0.032,-0.004,0.006,-0.001,-90.849,-338.377,229.701,-178.300,-1.480,-114.760,1,0.0118,0.0185,-0.0945,0
7383078,-0.226,-0.073,0.055,-0.005,0.003,-0.003,-79.301,-336.496,225.779,-178.300,-1.480,-114.760,1,0.0448,0.0005,-0.0750,0
7383187,-0.223,-0.233,0.012,-0.001,-0.005,-0.003,-79.301,-336.496,225.779,-178.300,-1.480,-114.760,1,0.0448,0.0005,-0.0750,0
7383265,-0.224,-0.157,0.014,-0.005,0.001,-0.004,-68.869,-334.258,224.966,-178.300,-1.480,-114.760,1,0.0448,0.0005,-0.0750,0
7383359,-0.009,-0.195,0.037,-0.005,0.004,-0.004,-68.869,-334.258,224.966,-178.300,-1.480,-114.760,1,0.0685,-0.0119,-0.0350,0
7383437,-0.157,-0.161,-0.002,-0.012,0.004,-0.003,-62.728,-333.768,224.642,-178.300,-1.480,-114.754,1,0.0685,-0.0119,-0.0350,0
7383515,-0.344,-0.346,-0.001,-0.001,-0.004,-0.004,-62.728,-333.768,224.642,-178.300,-1.480,-114.754,1,0.0644,-0.0164,0.0011,0
7383625,-0.092,-0.137,-0.028,-0.004,0.001,-0.006,-57.883,-333.110,224.378,-178.300,-1.480,-114.685,1,0.0338,-0.0204,0.0237,0
7383734,-0.013,-0.133,-0.123,-0.008,0.007,-0.001,-57.883,-333.110,224.378,-178.300,-1.480,-114.685,1,0.0338,-0.0204,0.0237,0
7383875,-0.316,-0.292,-0.072,-0.005,-0.009,-0.004,-53.175,-332.182,222.997,-178.300,-1.480,-114.697,1,0.0338,-0.0204,0.0237,0
7383921,-0.281,-0.296,-0.052,-0.002,-0.003,-0.003,-53.175,-332.182,222.997,-178.300,-1.480,-114.697,1,0.0017,-0.0206,0.0306,0
7383968,-0.130,-0.156,-0.170,-0.002,0.002,-0.002,-53.175,-332.182,222.997,-178.300,-1.480,-114.697,1,0.0017,-0.0206,0.0306,0
7384046,0.078,-0.095,-0.175,-0.009,0.011,-0.005,-47.891,-330.758,220.435,-178.300,-1.480,-114.693,1,0.0017,-0.0206,0.0306,0
7384187,-0.194,-0.211,-0.331,-0.011,0.004,-0.002,-47.891,-330.758,220.435,-178.300,-1.480,-114.693,1,-0.0157,-0.0155,0.0249,0
7384281,-0.357,-0.284,-0.085,0.002,-0.017,-0.003,-42.396,-329.149,218.387,-178.300,-1.480,-114.693,1,-0.0195,-0.0081,0.0135,0
7384390,-0.040,-0.254,-0.124,0.001,-0.011,-0.005,-42.396,-329.149,218.387,-178.300,-1.480,-114.693,1,-0.0195,-0.0081,0.0135,0
7384468,-0.098,-0.233,-0.191,-0.005,-0.003,-0.002,-34.993,-328.528,218.045,-178.300,-1.480,-114.691,1,-0.0195,-0.0081,0.0135,0
7384562,-0.407,-0.406,-0.106,0.008,-0.018,-0.003,-34.993,-328.528,218.045,-178.300,-1.480,-114.691,1,-0.0143,-0.0030,0.0064,0
7384640,-0.413,-0.302,-0.093,0.005,-0.015,-0.004,-31.672,-328.355,218.125,-178.300,-1.480,-114.690,1,-0.0143,-0.0030,0.0064,0
7384718,-0.060,-0.081,-0.129,-0.002,-0.005,-0.003,-31.672,-328.355,218.125,-178.300,-1.480,-114.690,1,-0.0110,-0.0027,0.0067,0
7384828,-0.162,-0.180,-0.107,0.002,-0.007,-0.004,-28.374,-328.927,218.456,-178.300,-1.480,-114.690,1,-0.0179,-0.0057,0.0092,0
7384937,-0.396,-0.339,-0.062,-0.001,-0.021,-0.004,-28.374,-328.927,218.456,-178.300,-1.480,-114.690,1,-0.0179,-0.0057,0.0092,0
7385078,-0.048,-0.264,-0.120,-0.003,-0.003,-0.004,-16.134,-325.266,218.604,-178.297,-1.480,-114.690,1,-0.0179,-0.0057,0.0092,0
7385125,0.001,-0.153,-0.104,-0.009,0.007,-0.003,-16.134,-325.266,218.604,-178.297,-1.480,-114.690,1,-0.0187,-0.0063,0.0101,0
7385171,-0.077,-0.080,-0.111,-0.014,0.007,-0.003,-16.134,-325.266,218.604,-178.297,-1.480,-114.690,1,-0.0187,-0.0063,0.0101,0
7385250,-0.359,-0.136,-0.073,-0.009,-0.008,-0.002,-13.078,-324.479,218.988,-178.375,-1.480,-114.690,1,-0.0187,-0.0063,0.0101,0
7385390,-0.158,-0.270,-0.075,-0.009,-0.011,-0.003,-13.078,-324.479,218.988,-178.375,-1.480,-114.690,1,-0.0183,-0.0056,0.0092,0
7385484,-0.009,-0.142,-0.124,-0.013,0.011,-0.003,-5.276,-321.924,219.486,-178.420,-1.480,-114.690,1,-0.0329,-0.0087,0.0078,0
7385593,-0.308,-0.258,-0.007,-0.007,-0.004,-0.005,-5.276,-321.924,219.486,-178.420,-1.480,-114.690,1,-0.0329,-0.0087,0.0078,0
7385671,-0.261,-0.181,-0.119,-0.005,-0.004,-0.001,-4.286,-321.502,220.229,-178.406,-1.480,-114.690,1,-0.0329,-0.0087,0.0078,0
7385765,-0.022,-0.075,-0.082,-0.010,0.007,-0.003,-4.286,-321.502,220.229,-178.406,-1.480,-114.690,1,-0.0468,-0.0121,0.0065,0
7385843,-0.168,-0.132,-0.167,-0.015,0.016,-0.004,-5.161,-321.726,220.455,-178.413,-1.480,-114.690,1,-0.0468,-0.0121,0.0065,0
7385921,-0.290,-0.174,-0.082,-0.011,0.001,-0.005,-5.161,-321.726,220.455,-178.413,-1.480,-114.690,1,-0.0585,-0.0156,0.0045,0
7386031,-0.005,-0.084,-0.059,-0.010,0.005,-0.004,-3.861,-320.867,220.785,-178.410,-1.480,-114.690,1,-0.0635,-0.0171,0.0015,0
7386140,-0.211,-0.109,0.097,-0.012,0.005,-0.005,-3.861,-320.867,220.785,-178.410,-1.480,-114.690,1,-0.0635,-0.0171,0.0015,0
7386281,-0.185,-0.081,0.037,-0.010,0.005,-0.003,-5.521,-319.444,228.070,-178.410,-1.480,-114.690,1,-0.0635,-0.0171,0.0015,0
7386328,-0.029,-0.099,0.018,-0.012,0.013,-0.005,-5.521,-319.444,228.070,-178.410,-1.480,-114.690,1,-0.0523,-0.0120,0.0038,0
7386375,-0.037,-0.141,-0.043,-0.012,0.014,-0.004,-5.521,-319.444,228.070,-178.410,-1.480,-114.690,1,-0.0523,-0.0120,0.0038,0
7386453,-0.072,-0.193,-0.032,-0.011,0.006,-0.003,-10.717,-317.762,235.362,-178.410,-1.480,-114.690,1,-0.0523,-0.0120,0.0038,0
7386593,-0.131,-0.107,-0.006,-0.003,0.009,-0.002,-10.717,-317.762,235.362,-178.410,-1.480,-114.690,1,-0.0423,-0.0045,0.0135,0
7386687,-0.040,-0.142,-0.020,-0.013,0.005,-0.004,-21.087,-317.452,238.941,-178.410,-1.480,-114.690,1,-0.0466,-0.0005,0.0162,0
7386796,-0.081,-0.158,0.026,-0.008,0.010,-0.004,-21.087,-317.452,238.941,-178.410,-1.480,-114.690,1,-0.0466,-0.0005,0.0162,0
7386875,-0.157,-0.070,0.047,-0.009,0.006,-0.004,-36.127,-317.313,239.337,-178.410,-1.480,-114.690,1,-0.0466,-0.0005,0.0162,0
7386968,-0.247,-0.100,0.049,-0.009,-0.003,-0.005,-36.127,-317.313,239.337,-178.410,-1.480,-114.690,1,-0.0616,-0.0013,0.0027,0
7387046,-0.308,-0.200,0.020,-0.003,0.002,-0.004,-46.467,-313.264,239.373,-178.410,-1.480,-114.690,1,-0.0616,-0.0013,0.0027,0
7387125,-0.066,-0.227,-0.046,-0.011,0.014,-0.004,-46.467,-313.264,239.373,-178.410,-1.480,-114.690,1,-0.0663,0.0028,-0.0163,0
7387234,-0.121,-0.162,-0.082,-0.004,0.008,-0.002,-54.207,-310.649,238.263,-178.410,-1.480,-114.690,1,-0.0427,0.0142,-0.0290,0
7387343,-0.339,-0.315,0.048,-0.006,0.003,-0.004,-54.207,-310.649,238.263,-178.410,-1.480,-114.690,1,-0.0427,0.0142,-0.0290,0
7387484,0.059,-0.256,-0.008,-0.008,0.016,-0.003,-59.437,-313.253,232.279,-178.410,-1.480,-114.690,1,-0.0427,0.0142,-0.0290,0
7387531,0.013,-0.209,-0.017,-0.008,0.012,-0.003,-59.437,-313.253,232.279,-178.410,-1.480,-114.690,1,-0.0060,0.0155,-0.0373,0
7387578,-0.169,-0.232,0.054,-0.003,0.005,-0.004,-59.437,-313.253,232.279,-178.410,-1.480,-114.690,1,-0.0060,0.0155,-0.0373,0
7387656,-0.413,-0.114,0.058,-0.009,0.004,-0.001,-63.673,-319.668,228.980,-178.410,-1.480,-114.629,1,-0.0060,0.0155,-0.0373,0
7387796,-0.174,-0.255,0.005,-0.009,0.014,-0.003,-63.673,-319.668,228.980,-178.410,-1.480,-114.629,1,0.0220,-0.0017,-0.0384,0
7387890,-0.108,-0.312,-0.000,-0.008,0.011,-0.004,-65.216,-324.751,228.744,-178.410,-1.480,-114.642,1,0.0390,-0.0239,-0.0237,0
7388000,-0.121,-0.229,0.023,-0.008,0.006,-0.003,-65.216,-324.751,228.744,-178.410,-1.480,-114.642,1,0.0390,-0.0239,-0.0237,0
7388078,-0.163,-0.130,0.021,-0.009,0.003,-0.003,-66.877,-332.298,228.954,-178.410,-1.480,-114.638,1,0.0390,-0.0239,-0.0237,0
7388171,-0.166,-0.095,-0.045,-0.010,0.004,-0.003,-66.877,-332.298,228.954,-178.410,-1.480,-114.638,1,0.0468,-0.0365,-0.0016,0
7388250,-0.134,-0.131,-0.126,-0.009,0.007,-0.003,-66.680,-334.889,227.823,-178.410,-1.480,-114.640,1,0.0468,-0.0365,-0.0016,0
7388328,-0.056,-0.174,-0.107,-0.013,0.007,-0.004,-66.680,-334.889,227.823,-178.410,-1.480,-114.640,1,0.0472,-0.0325,0.0115,0
7388437,-0.071,-0.090,-0.218,-0.027,0.009,-0.004,-66.627,-337.522,224.017,-178.410,-1.480,-114.640,1,0.0441,-0.0119,0.0079,0
7388546,-0.195,-0.033,-0.272,-0.019,0.009,-0.002,-66.627,-337.522,224.017,-178.410,-1.480,-114.640,1,0.0441,-0.0119,0.0079,0
7388687,-0.129,-0.176,-0.195,0.001,0.015,-0.002,-66.596,-342.626,221.957,-178.410,-1.480,-114.640,1,0.0441,-0.0119,0.0079,0
7388734,-0.136,-0.182,-0.199,0.002,0.016,-0.003,-66.596,-342.626,221.957,-178.410,-1.480,-114.640,1,0.0369,0.0064,-0.0047,0
7388781,-0.200,-0.183,-0.146,0.004,0.015,-0.002,-66.596,-342.626,221.957,-178.410,-1.480,-114.640,1,0.0369,0.0064,-0.0047,0
7388859,-0.180,-0.218,-0.058,0.009,0.019,-0.004,-67.011,-346.399,221.074,-178.410,-1.480,-114.640,1,0.0369,0.0064,-0.0047,0
7389000,-0.248,-0.247,-0.079,0.004,0.021,-0.001,-67.011,-346.399,221.074,-178.410,-1.480,-114.640,1,0.0256,0.0130,-0.0102,0
7389093,-0.197,-0.277,-0.060,-0.005,0.020,-0.004,-68.556,-352.751,221.620,-178.314,-1.480,-114.640,1,0.0128,0.0139,-0.0048,0
7389203,-0.096,-0.287,-0.156,-0.003,0.019,-0.002,-68.556,-352.751,221.620,-178.314,-1.480,-114.640,1,0.0128,0.0139,-0.0048,0
7389281,-0.027,-0.258,-0.148,-0.000,0.021,-0.004,-72.006,-359.174,220.672,-178.346,-1.480,-114.640,1,0.0128,0.0139,-0.0048,0
7389375,-0.157,-0.160,-0.145,0.004,0.019,-0.003,-72.006,-359.174,220.672,-178.346,-1.480,-114.640,1,-0.0008,0.0088,0.0017,0
7389453,-0.161,-0.172,-0.266,0.010,0.028,-0.001,-73.683,-363.658,217.383,-178.337,-1.480,-114.640,1,-0.0100,0.0051,-0.0011,0
7389531,-0.098,-0.194,-0.221,0.015,0.032,-0.003,-73.683,-363.658,217.383,-178.337,-1.480,-114.640,1,-0.0100,0.0051,-0.0011,0
7389640,-0.123,-0.267,-0.148,0.016,0.032,-0.004,-74.102,-365.750,217.156,-178.344,-1.480,-114.640,1,-0.0073,0.0120,-0.0065,0
7389750,-0.246,-0.088,-0.169,0.000,0.019,-0.000,-74.102,-365.750,217.156,-178.344,-1.480,-114.640,1,-0.0073,0.0120,-0.0065,0
7389890,-0.418,0.166,-0.417,-0.051,-0.022,-0.003,-74.202,-364.803,217.070,-178.340,-1.480,-114.640,1,-0.0073,0.0120,-0.0065,0
7389937,-0.505,0.221,-0.600,-0.071,-0.044,-0.003,-74.202,-364.803,217.070,-178.340,-1.480,-114.640,1,0.0023,0.0254,-0.0019,0
7389984,-0.562,0.312,-0.961,-0.090,-0.064,-0.003,-74.202,-364.803,217.070,-178.340,-1.480,-114.640,1,0.0023,0.0254,-0.0019,0
7390062,-0.690,0.346,-1.416,-0.097,-0.091,-0.003,-74.714,-358.846,215.543,-178.340,-1.480,-114.640,1,0.0023,0.0254,-0.0019,0
7390203,-0.655,0.060,-1.403,-0.051,-0.087,-0.004,-74.714,-358.846,215.543,-178.340,-1.480,-114.640,1,0.0081,0.0441,0.0029,0
7390296,-0.604,-0.264,-0.962,-0.020,-0.060,-0.005,-78.222,-352.333,214.601,-178.340,-1.480,-114.640,1,0.0052,0.0665,-0.0001,0
7390406,-0.529,-0.272,-0.628,-0.023,-0.036,-0.004,-78.222,-352.333,214.601,-178.340,-1.480,-114.640,1,0.0052,0.0665,-0.0001,0
7390484,-0.424,-0.237,-0.584,-0.022,-0.033,-0.004,-80.841,-351.257,214.696,-178.340,-1.480,-114.632,1,0.0052,0.0665,-0.0001,0
7390578,-0.452,-0.207,-0.551,-0.022,-0.034,-0.004,-80.841,-351.257,214.696,-178.340,-1.480,-114.632,1,-0.0027,0.0697,-0.0020,0
7390656,-0.587,-0.203,-0.537,-0.014,-0.051,-0.002,-80.366,-350.406,214.654,-178.340,-1.480,-114.636,1,-0.0027,0.0697,-0.0020,0
7390734,-0.628,-0.227,-0.543,-0.004,-0.058,-0.001,-80.366,-350.406,214.654,-178.340,-1.480,-114.636,1,-0.0022,0.0464,0.0001,0
7390843,-0.506,-0.260,-0.461,-0.004,-0.039,-0.002,-79.162,-348.844,215.483,-178.340,-1.480,-114.638,1,0.0103,0.0207,0.0032,0
7390953,-0.545,-0.208,-0.431,-0.005,-0.035,-0.001,-79.162,-348.844,215.483,-178.340,-1.480,-114.638,1,0.0103,0.0207,0.0032,0
7391093,-0.553,-0.212,-0.518,0.008,-0.047,-0.003,-77.753,-347.202,215.484,-178.340,-1.480,-114.640,1,0.0103,0.0207,0.0032,0
7391140,-0.489,-0.248,-0.521,0.013,-0.044,-0.002,-77.753,-347.202,215.484,-178.340,-1.480,-114.640,1,0.0217,0.0062,0.0061,0
7391187,-0.476,-0.273,-0.487,0.016,-0.041,-0.002,-77.753,-347.202,215.484,-178.340,-1.480,-114.640,1,0.0217,0.0062,0.0061,0
7391250,-0.501,-0.193,-0.460,0.008,-0.043,-0.003,-77.317,-346.373,215.323,-178.340,-1.480,-114.640,1,0.0217,0.0062,0.0061,0
7391390,-0.444,-0.137,-0.373,0.009,-0.043,-0.001,-77.317,-346.373,215.323,-178.340,-1.480,-114.640,1,0.0232,-0.0022,0.0064,0
7391484,-0.290,-0.233,-0.296,0.005,-0.033,-0.003,-74.010,-342.614,216.612,-178.352,-1.480,-114.640,1,0.0196,-0.0055,0.0057,0
7391593,-0.239,-0.363,-0.204,0.004,-0.011,-0.004,-74.010,-342.614,216.612,-178.352,-1.480,-114.640,1,0.0196,-0.0055,0.0057,0
7391671,-0.328,-0.147,-0.134,-0.002,-0.009,-0.003,-68.126,-338.142,218.332,-178.348,-1.480,-114.640,1,0.0196,-0.0055,0.0057,0
7391765,-0.078,-0.003,-0.162,-0.011,-0.004,-0.003,-68.126,-338.142,218.332,-178.348,-1.480,-114.640,1,0.0210,-0.0010,0.0074,0
7391843,-0.237,-0.082,-0.088,-0.016,-0.015,-0.004,-66.001,-335.477,218.740,-178.350,-1.480,-114.640,1,0.0210,-0.0010,0.0074,0
7391937,-0.304,-0.230,-0.029,-0.013,-0.016,-0.004,-66.001,-335.477,218.740,-178.350,-1.480,-114.640,1,0.0205,0.0030,0.0071,0
7392046,-0.331,-0.121,-0.069,-0.014,-0.010,-0.003,-60.554,-329.967,218.591,-178.350,-1.480,-114.640,1,0.0129,0.0040,0.0012,0
7392156,0.057,-0.090,-0.098,-0.010,0.001,-0.003,-60.554,-329.967,218.591,-178.350,-1.480,-114.640,1,0.0129,0.0040,0.0012,0
7392296,-0.291,-0.088,-0.055,-0.019,-0.016,-0.004,-58.007,-324.728,218.583,-178.350,-1.480,-114.640,1,0.0129,0.0040,0.0012,0
7392343,-0.154,-0.263,-0.026,-0.008,-0.009,-0.003,-58.007,-324.728,218.583,-178.350,-1.480,-114.640,1,0.0093,0.0097,-0.0056,0
7392390,-0.033,-0.208,-0.043,-0.013,-0.001,-0.004,-58.007,-324.728,218.583,-178.350,-1.480,-114.640,1,0.0093,0.0097,-0.0056,0
7392468,-0.101,-0.236,-0.072,-0.015,-0.001,-0.004,-56.516,-322.848,220.185,-178.350,-1.480,-114.640,1,0.0093,0.0097,-0.0056,0
7392609,-0.158,-0.193,0.129,-0.012,-0.000,-0.004,-56.516,-322.848,220.185,-178.350,-1.480,-114.640,1,0.0056,0.0095,-0.0061,0
7392703,-0.048,-0.227,0.102,-0.012,0.005,-0.004,-56.694,-325.304,228.171,-178.350,-1.480,-114.640,1,-0.0041,-0.0072,0.0060,0
7392812,-0.063,-0.116,0.056,-0.011,0.007,-0.003,-56.694,-325.304,228.171,-178.350,-1.480,-114.640,1,-0.0041,-0.0072,0.0060,0
7392890,-0.058,-0.117,-0.031,-0.009,0.015,-0.004,-60.905,-328.407,243.547,-178.350,-1.480,-114.640,1,-0.0041,-0.0072,0.0060,0
7392984,-0.122,-0.157,-0.172,-0.017,0.008,-0.004,-60.905,-328.407,243.547,-178.350,-1.480,-114.640,1,-0.0175,-0.0283,0.0340,0
7393062,-0.197,-0.201,-0.028,-0.005,0.006,-0.004,-70.923,-330.419,249.408,-178.350,-1.480,-114.640,1,-0.0175,-0.0283,0.0340,0
7393140,-0.127,-0.230,0.003,-0.012,0.009,-0.004,-70.923,-330.419,249.408,-178.350,-1.480,-114.640,1,-0.0405,-0.0374,0.0493,0
7393250,-0.151,-0.215,-0.019,-0.008,0.012,-0.005,-81.524,-331.845,250.567,-178.350,-1.480,-114.640,1,-0.0679,-0.0314,0.0190,0
7393359,-0.197,-0.146,-0.019,-0.013,0.010,-0.004,-81.524,-331.845,250.567,-178.350,-1.480,-114.640,1,-0.0679,-0.0314,0.0190,0
7393500,-0.302,-0.264,-0.003,-0.007,0.006,-0.004,-102.135,-334.295,249.245,-178.350,-1.480,-114.459,1,-0.0679,-0.0314,0.0190,0
7393546,-0.244,-0.275,-0.022,-0.007,0.001,-0.005,-102.135,-334.295,249.245,-178.350,-1.480,-114.459,1,-0.0862,-0.0198,-0.0305,0
7393593,-0.154,-0.167,-0.046,-0.008,0.003,-0.005,-102.135,-334.295,249.245,-178.350,-1.480,-114.459,1,-0.0862,-0.0198,-0.0305,0
7393656,-0.174,-0.177,0.045,-0.008,0.010,-0.003,-110.368,-336.527,245.905,-178.350,-1.480,-114.536,1,-0.0862,-0.0198,-0.0305,0
7393812,-0.282,-0.285,0.172,-0.003,-0.007,-0.005,-110.368,-336.527,245.905,-178.350,-1.480,-114.536,1,-0.0738,-0.0105,-0.0630,0
7393906,-0.048,-0.148,0.057,-0.009,0.006,-0.005,-115.533,-338.603,243.306,-178.350,-1.480,-114.531,1,-0.0186,-0.0038,-0.0746,0
7394000,-0.140,-0.135,0.077,-0.009,0.002,-0.004,-115.533,-338.603,243.306,-178.350,-1.480,-114.531,1,-0.0186,-0.0038,-0.0746,0
7394093,-0.125,-0.204,0.004,-0.006,0.003,-0.003,-114.872,-338.434,242.223,-178.350,-1.480,-114.533,1,0.0440,0.0033,-0.0666,0
7394187,-0.018,-0.261,0.144,-0.009,0.006,-0.005,-114.872,-338.434,242.223,-178.350,-1.480,-114.533,1,0.0440,0.0033,-0.0666,0
7394265,-0.071,-0.225,0.060,-0.010,0.004,-0.002,-113.625,-338.094,241.013,-178.350,-1.480,-114.530,1,0.0440,0.0033,-0.0666,0
7394328,-0.079,-0.235,0.039,-0.011,0.005,-0.004,-113.625,-338.094,241.013,-178.350,-1.480,-114.530,1,0.0835,0.0117,-0.0465,0
7394453,-0.130,-0.273,0.014,-0.010,0.005,-0.004,-113.265,-338.212,240.804,-178.350,-1.480,-114.530,1,0.0945,0.0159,-0.0251,0
7394546,-0.156,-0.271,0.034,-0.008,0.006,-0.003,-113.265,-338.212,240.804,-178.350,-1.480,-114.530,1,0.0945,0.0159,-0.0251,0
7394687,-0.110,-0.287,0.070,-0.009,0.007,-0.006,-112.812,-338.681,239.759,-178.350,-1.480,-114.530,1,0.0945,0.0159,-0.0251,0
7394734,-0.140,-0.265,0.072,-0.011,0.004,-0.006,-112.812,-338.681,239.759,-178.350,-1.480,-114.530,1,0.0807,0.0137,-0.0076,0
7394781,-0.171,-0.304,0.090,-0.010,0.003,-0.006,-112.812,-338.681,239.759,-178.350,-1.480,-114.530,1,0.0807,0.0137,-0.0076,0
7394859,-0.209,-0.284,0.006,-0.008,0.005,-0.003,-111.693,-339.063,239.600,-178.350,-1.480,-114.530,1,0.0807,0.0137,-0.0076,0
7395000,-0.209,-0.187,0.087,-0.008,0.009,-0.004,-111.693,-339.063,239.600,-178.350,-1.480,-114.530,1,0.0588,0.0091,0.0042,0
7395093,-0.247,-0.161,0.139,-0.001,0.003,-0.005,-107.859,-340.235,241.456,-178.350,-1.480,-114.530,1,0.0419,0.0044,0.0135,0
7395203,-0.166,-0.160,0.137,-0.007,0.001,-0.003,-107.859,-340.235,241.456,-178.350,-1.480,-114.530,1,0.0419,0.0044,0.0135,0
7395281,-0.282,-0.216,0.028,-0.008,0.004,-0.005,-99.292,-340.041,252.591,-178.350,-1.480,-114.530,1,0.0419,0.0044,0.0135,0
7395375,-0.072,-0.082,0.093,-0.010,0.005,-0.002,-99.292,-340.041,252.591,-178.350,-1.480,-114.530,1,0.0375,0.0014,0.0312,0
7395453,-0.114,-0.160,0.032,-0.011,0.008,-0.002,-91.430,-337.223,265.349,-178.350,-1.480,-114.530,1,0.0375,0.0014,0.0312,0
7395531,-0.260,-0.212,0.023,-0.004,0.008,-0.003,-91.430,-337.223,265.349,-178.350,-1.480,-114.530,1,0.0406,0.0060,0.0594,0
7395640,-0.098,-0.179,-0.115,-0.002,0.008,-0.001,-84.308,-333.442,280.346,-178.350,-1.480,-114.530,1,0.0365,0.0184,0.0813,0
7395750,-0.168,-0.213,-0.009,-0.011,0.012,-0.003,-84.308,-333.442,280.346,-178.350,-1.480,-114.530,1,0.0365,0.0184,0.0813,0
7395875,-0.234,-0.082,-0.262,-0.006,0.009,-0.003,-76.691,-330.860,300.807,-178.350,-1.480,-114.530,1,0.0365,0.0184,0.0813,0
7395921,-0.160,-0.048,-0.335,-0.010,0.008,-0.002,-76.691,-330.860,300.807,-178.350,-1.480,-114.530,1,0.0247,0.0273,0.0906,0
7395968,0.015,-0.075,-0.209,-0.011,0.013,-0.004,-76.691,-330.860,300.807,-178.350,-1.480,-114.530,1,0.0247,0.0273,0.0906,0
7396062,-0.105,-0.175,-0.001,-0.007,0.005,-0.004,-75.490,-330.580,302.170,-178.350,-1.480,-114.530,1,0.0247,0.0273,0.0906,0
7396203,-0.107,-0.150,-0.026,-0.007,0.006,-0.002,-75.490,-330.580,302.170,-178.350,-1.480,-114.530,1,0.0040,0.0228,0.0602,0
7396296,-0.142,-0.130,-0.106,-0.010,0.002,-0.004,-75.439,-330.714,301.205,-178.350,-1.429,-114.530,1,-0.0277,0.0079,-0.0236,0
7396406,-0.141,-0.116,0.329,-0.007,0.005,-0.002,-75.439,-330.714,301.205,-178.350,-1.429,-114.530,1,-0.0277,0.0079,-0.0236,0
7396484,-0.097,-0.161,0.313,-0.009,0.005,-0.005,-75.265,-330.870,304.989,-178.350,-1.403,-114.530,1,-0.0277,0.0079,-0.0236,0
7396578,-0.120,-0.102,0.169,-0.009,0.005,-0.004,-75.265,-330.870,304.989,-178.350,-1.403,-114.530,1,-0.0503,-0.0053,-0.0894,0
7396656,-0.143,-0.125,0.041,-0.008,0.006,-0.003,-75.200,-330.715,322.879,-178.350,-1.408,-114.530,1,-0.0503,-0.0053,-0.0894,0
7396734,-0.092,-0.118,-0.025,-0.009,0.005,-0.004,-75.200,-330.715,322.879,-178.350,-1.408,-114.530,1,-0.0531,-0.0108,-0.0749,0
7396843,-0.142,-0.079,-0.256,-0.009,0.005,-0.003,-75.181,-330.655,337.909,-178.350,-1.407,-114.530,1,-0.0450,-0.0107,-0.0091,0
7396953,-0.103,-0.133,0.010,-0.006,0.006,-0.003,-75.181,-330.655,337.909,-178.350,-1.407,-114.530,1,-0.0450,-0.0107,-0.0091,0
7397093,-0.102,-0.129,0.029,-0.007,0.005,-0.004,-75.093,-331.483,339.490,-178.350,-1.410,-114.510,1,-0.0450,-0.0107,-0.0091,0
7397140,-0.137,-0.112,0.005,-0.009,0.005,-0.003,-75.093,-331.483,339.490,-178.350,-1.410,-114.510,1,-0.0329,-0.0091,0.0292,0
7397187,-0.137,-0.125,0.048,-0.008,0.005,-0.003,-75.093,-331.483,339.490,-178.350,-1.410,-114.510,1,-0.0329,-0.0091,0.0292,0
7397265,-0.124,-0.127,-0.014,-0.007,0.005,-0.003,-74.975,-332.243,338.980,-178.364,-1.410,-114.510,1,-0.0329,-0.0091,0.0292,0
7397406,-0.130,-0.136,0.067,-0.008,0.006,-0.004,-74.975,-332.243,338.980,-178.364,-1.410,-114.510,1,-0.0209,-0.0078,0.0173,0
7397500,-0.122,-0.116,0.042,-0.007,0.007,-0.003,-74.959,-332.599,338.483,-178.360,-1.410,-114.510,1,-0.0110,-0.0057,-0.0071,0
7397609,-0.128,-0.122,0.028,-0.007,0.006,-0.004,-74.959,-332.599,338.483,-178.360,-1.410,-114.510,1,-0.0110,-0.0057,-0.0071,0
7397671,-0.123,-0.140,0.002,-0.007,0.007,-0.004,-75.271,-333.330,337.224,-178.360,-1.410,-114.493,1,-0.0110,-0.0057,-0.0071,0
7397781,-0.162,-0.112,-0.009,-0.008,0.006,-0.004,-75.271,-333.330,337.224,-178.360,-1.410,-114.493,1,-0.0047,-0.0032,-0.0219,0
7397859,-0.173,-0.107,0.003,-0.007,0.008,-0.004,-75.991,-334.825,333.808,-178.360,-1.410,-114.499,1,-0.0047,-0.0032,-0.0219,0
7397921,-0.203,-0.110,0.064,-0.007,0.008,-0.003,-75.991,-334.825,333.808,-178.360,-1.410,-114.499,1,-0.0022,-0.0030,-0.0302,0
7398031,-0.244,-0.138,0.021,-0.010,0.009,-0.004,-77.586,-336.723,329.247,-178.360,-1.410,-114.496,1,-0.0035,-0.0058,-0.0381,0
7398140,-0.317,-0.242,0.120,-0.012,0.007,-0.005,-77.586,-336.723,329.247,-178.360,-1.410,-114.496,1,-0.0035,-0.0058,-0.0381,0
7398281,-0.123,-0.248,-0.005,-0.010,0.008,-0.003,-82.164,-339.608,323.594,-178.360,-1.410,-114.500,1,-0.0035,-0.0058,-0.0381,0
7398328,-0.138,-0.199,-0.072,-0.010,0.004,-0.003,-82.164,-339.608,323.594,-178.360,-1.410,-114.500,1,-0.0091,-0.0093,-0.0426,0
7398375,-0.208,-0.170,0.011,-0.010,-0.002,-0.004,-82.164,-339.608,323.594,-178.360,-1.410,-114.500,1,-0.0091,-0.0093,-0.0426,0
7398453,-0.194,-0.163,0.025,-0.007,0.003,-0.004,-84.154,-340.963,317.192,-178.360,-1.410,-114.500,1,-0.0091,-0.0093,-0.0426,0
7398593,-0.090,-0.178,0.007,-0.004,0.011,-0.003,-84.154,-340.963,317.192,-178.360,-1.410,-114.500,1,-0.0119,-0.0090,-0.0416,0
7398687,-0.153,-0.167,0.057,-0.006,0.005,-0.004,-83.926,-342.495,306.486,-178.360,-1.332,-114.500,1,-0.0034,-0.0033,-0.0402,0
7398796,-0.138,-0.103,0.029,-0.011,0.004,-0.004,-83.926,-342.495,306.486,-178.360,-1.332,-114.500,1,-0.0034,-0.0033,-0.0402,0
7398875,-0.074,-0.219,0.067,-0.007,0.007,-0.005,-82.664,-344.688,295.745,-178.360,-1.351,-114.500,1,-0.0034,-0.0033,-0.0402,0
7398968,-0.123,-0.194,0.080,-0.009,0.005,-0.003,-82.664,-344.688,295.745,-178.360,-1.351,-114.500,1,0.0104,0.0015,-0.0405,0
7399046,-0.133,-0.221,0.131,-0.009,0.004,-0.004,-81.578,-346.681,289.014,-178.360,-1.346,-114.500,1,0.0104,0.0015,-0.0405,0
7399125,-0.128,-0.220,0.064,-0.011,0.006,-0.004,-81.578,-346.681,289.014,-178.360,-1.346,-114.500,1,0.0192,0.0022,-0.0307,0
7399234,-0.147,-0.221,0.024,-0.013,0.007,-0.005,-80.588,-347.708,285.827,-178.360,-1.349,-114.500,1,0.0204,0.0039,-0.0010,0
7399343,-0.174,-0.231,0.029,-0.010,0.007,-0.005,-80.588,-347.708,285.827,-178.360,-1.349,-114.500,1,0.0204,0.0039,-0.0010,0
7399484,-0.146,-0.244,-0.036,-0.009,0.007,-0.003,-80.458,-349.501,277.475,-178.360,-1.350,-114.500,1,0.0204,0.0039,-0.0010,0
7399531,-0.162,-0.206,-0.039,-0.010,0.006,-0.002,-80.458,-349.501,277.475,-178.360,-1.350,-114.500,1,0.0160,0.0075,0.0305,0
7399578,-0.161,-0.208,0.002,-0.012,0.006,-0.005,-80.458,-349.501,277.475,-178.360,-1.350,-114.500,1,0.0160,0.0075,0.0305,0
7399656,-0.097,-0.280,0.009,-0.008,0.007,-0.006,-80.407,-350.634,269.125,-178.360,-1.350,-114.500,1,0.0160,0.0075,0.0305,0
7399796,-0.182,-0.216,0.039,-0.011,0.005,-0.002,-80.407,-350.634,269.125,-178.360,-1.350,-114.500,1,0.0096,0.0101,0.0411,0
7399890,-0.164,-0.225,0.106,-0.008,0.008,-0.002,-80.278,-352.857,257.099,-178.360,-1.350,-114.500,1,0.0040,0.0105,0.0322,0
7400000,-0.155,-0.213,-0.013,-0.012,0.006,-0.005,-80.278,-352.857,257.099,-178.360,-1.350,-114.500,1,0.0040,0.0105,0.0322,0
7400078,-0.146,-0.271,0.186,-0.006,0.008,-0.004,-79.925,-354.253,252.157,-178.360,-1.350,-114.500,1,0.0040,0.0105,0.0322,0
7400171,-0.153,-0.238,0.050,-0.009,0.008,-0.003,-79.925,-354.253,252.157,-178.360,-1.350,-114.500,1,0.0007,0.0089,0.0227,0
7400250,-0.152,-0.237,-0.006,-0.012,0.006,-0.005,-79.610,-354.880,253.170,-178.360,-1.350,-114.500,1,0.0007,0.0089,0.0227,0
7400328,-0.172,-0.231,0.024,-0.011,0.006,-0.004,-79.610,-354.880,253.170,-178.360,-1.350,-114.500,1,-0.0005,0.0084,0.0355,0
7400437,-0.154,-0.226,-0.004,-0.009,0.007,-0.003,-79.608,-354.883,253.173,-178.360,-1.350,-114.500,1,-0.0014,0.0110,0.0601,0
7400546,-0.128,-0.233,-0.147,-0.009,0.009,-0.005,-79.608,-354.883,253.173,-178.360,-1.350,-114.500,1,-0.0014,0.0110,0.0601,0
7400687,-0.174,-0.171,-0.147,-0.012,0.004,-0.003,-80.322,-356.287,244.912,-178.360,-1.350,-114.500,1,-0.0014,0.0110,0.0601,0
7400734,-0.107,-0.270,-0.117,-0.003,0.009,-0.001,-80.322,-356.287,244.912,-178.360,-1.350,-114.500,1,-0.0031,0.0124,0.0619,0
7400781,-0.082,-0.285,0.001,-0.004,0.008,-0.002,-80.322,-356.287,244.912,-178.360,-1.350,-114.500,1,-0.0031,0.0124,0.0619,0
7400859,-0.150,-0.166,0.122,-0.011,0.003,-0.003,-80.668,-358.669,230.005,-178.360,-1.350,-114.500,1,-0.0031,0.0124,0.0619,0
7401000,-0.157,-0.117,-0.175,-0.011,0.001,-0.006,-80.668,-358.669,230.005,-178.360,-1.350,-114.500,1,-0.0042,0.0085,0.0286,0
7401093,-0.053,-0.269,-0.550,0.002,0.017,-0.003,-80.405,-359.920,223.196,-178.360,-1.350,-114.500,1,-0.0027,0.0021,-0.0114,0
7401203,0.051,-0.316,-0.847,0.014,0.044,-0.004,-80.405,-359.920,223.196,-178.360,-1.350,-114.500,1,-0.0027,0.0021,-0.0114,0
7401281,0.187,-0.408,-1.139,0.030,0.068,-0.004,-79.699,-359.868,216.583,-178.360,-1.350,-114.500,1,-0.0027,0.0021,-0.0114,0
7401375,0.176,-0.422,-1.298,0.032,0.073,-0.003,-79.699,-359.868,216.583,-178.360,-1.350,-114.500,1,0.0008,0.0007,-0.0235,0
7401453,0.136,-0.438,-1.477,0.031,0.077,-0.003,-79.014,-359.956,215.698,-178.411,-1.350,-114.500,1,0.0008,0.0007,-0.0235,0
7401531,0.212,-0.401,-1.840,0.029,0.090,-0.002,-79.014,-359.956,215.698,-178.411,-1.350,-114.500,1,0.0039,0.0037,-0.0080,0
7401640,0.295,-0.342,-2.424,0.019,0.114,-0.002,-77.903,-360.156,213.481,-178.398,-1.350,-114.500,1,0.0058,0.0053,0.0171,0
7401750,0.136,-0.213,-3.128,-0.002,0.102,-0.002,-77.903,-360.156,213.481,-178.398,-1.350,-114.500,1,0.0058,0.0053,0.0171,0
7401890,0.181,-0.095,-2.777,-0.001,0.090,-0.004,-75.207,-359.604,211.720,-178.401,-1.347,-114.500,1,0.0058,0.0053,0.0171,0
7401937,0.206,-0.039,-2.818,-0.016,0.096,-0.004,-75.207,-359.604,211.720,-178.401,-1.347,-114.500,1,0.0080,0.0050,0.0314,0
7401984,0.258,-0.026,-2.909,-0.028,0.108,-0.004,-75.207,-359.604,211.720,-178.401,-1.347,-114.500,1,0.0080,0.0050,0.0314,0
7402062,0.254,0.086,-3.037,-0.044,0.117,-0.002,-75.313,-358.676,211.439,-178.400,-1.350,-114.500,1,0.0080,0.0050,0.0314,0
7402203,0.265,-0.042,-2.732,-0.016,0.095,-0.003,-75.313,-358.676,211.439,-178.400,-1.350,-114.500,1,0.0060,0.0054,0.0335,0
7402296,0.330,-0.039,-2.622,-0.014,0.098,-0.004,-73.769,-357.230,211.051,-178.400,-1.350,-114.500,1,-0.0022,0.0067,0.0331,0
7402406,0.311,-0.069,-2.547,-0.011,0.101,-0.003,-73.769,-357.230,211.051,-178.400,-1.350,-114.500,1,-0.0022,0.0067,0.0331,0
7402484,0.264,-0.131,-2.383,0.003,0.090,-0.003,-73.375,-357.065,211.021,-178.400,-1.350,-114.500,1,-0.0022,0.0067,0.0331,0
7402578,0.234,-0.197,-2.249,0.014,0.084,-0.003,-73.375,-357.065,211.021,-178.400,-1.350,-114.500,1,-0.0083,0.0063,0.0293,0
7402656,0.293,-0.156,-2.246,0.008,0.088,-0.005,-73.024,-357.033,211.088,-178.400,-1.350,-114.500,1,-0.0083,0.0063,0.0293,0
7402718,0.284,-0.224,-2.025,0.014,0.092,-0.003,-73.024,-357.033,211.088,-178.400,-1.350,-114.500,1,-0.0109,0.0023,0.0229,0
7402843,0.236,-0.286,-1.418,0.029,0.082,-0.004,-72.982,-357.381,211.920,-178.400,-1.350,-114.500,1,-0.0120,-0.0025,0.0174,0
7402953,0.147,-0.281,-1.039,0.032,0.066,-0.003,-72.982,-357.381,211.920,-178.400,-1.350,-114.500,1,-0.0120,-0.0025,0.0174,0
7403093,0.033,-0.185,-0.546,0.014,0.039,-0.003,-73.049,-358.016,214.613,-178.400,-1.350,-114.500,1,-0.0120,-0.0025,0.0174,0
7403140,0.007,-0.186,-0.498,0.010,0.037,-0.004,-73.049,-358.016,214.613,-178.400,-1.350,-114.500,1,-0.0114,-0.0060,0.0153,0
7403187,-0.083,-0.156,-0.433,0.006,0.032,-0.003,-73.049,-358.016,214.613,-178.400,-1.350,-114.500,1,-0.0114,-0.0060,0.0153,0
7403265,-0.116,-0.163,-0.293,0.003,0.023,-0.003,-73.943,-357.780,216.515,-178.390,-1.340,-114.500,1,-0.0114,-0.0060,0.0153,0
7403406,-0.231,-0.075,-0.025,-0.009,0.003,-0.003,-73.943,-357.780,216.515,-178.390,-1.340,-114.500,1,-0.0110,-0.0062,0.0138,0
7403500,-0.252,-0.094,0.092,-0.011,0.002,-0.004,-74.463,-356.280,220.698,-178.393,-1.343,-114.513,1,-0.0110,-0.0014,0.0115,0
7403609,-0.282,-0.110,0.110,-0.008,0.004,-0.003,-74.463,-356.280,220.698,-178.393,-1.343,-114.513,1,-0.0110,-0.0014,0.0115,0
7403687,-0.231,0.001,0.110,-0.009,0.010,-0.004,-75.486,-353.241,232.801,-178.391,-1.341,-114.508,1,-0.0110,-0.0014,0.0115,0
7403781,-0.269,-0.143,0.039,-0.007,0.010,-0.003,-75.486,-353.241,232.801,-178.391,-1.341,-114.508,1,-0.0101,0.0067,0.0202,0
7403859,-0.252,-0.125,0.102,-0.014,0.011,-0.006,-77.579,-348.696,247.928,-178.391,-1.341,-114.509,1,-0.0101,0.0067,0.0202,0
7403937,-0.321,-0.261,0.022,-0.009,0.007,-0.004,-77.579,-348.696,247.928,-178.391,-1.341,-114.509,1,-0.0103,0.0165,0.0455,0
7404046,-0.283,-0.301,0.031,-0.006,0.010,-0.004,-78.959,-344.002,263.404,-178.390,-1.340,-114.510,1,-0.0112,0.0249,0.0683,0
7404156,-0.038,-0.109,-0.163,-0.017,0.020,-0.005,-78.959,-344.002,263.404,-178.390,-1.340,-114.510,1,-0.0112,0.0249,0.0683,0
7404296,-0.349,-0.280,-0.004,0.002,-0.001,-0.004,-85.754,-340.605,277.318,-178.390,-1.340,-114.510,1,-0.0112,0.0249,0.0683,0
7404343,-0.261,-0.205,0.068,-0.002,0.004,-0.004,-85.754,-340.605,277.318,-178.390,-1.340,-114.510,1,-0.0126,0.0264,0.0717,0
7404390,-0.208,-0.127,0.025,-0.007,0.007,-0.004,-85.754,-340.605,277.318,-178.390,-1.340,-114.510,1,-0.0126,0.0264,0.0717,0
7404453,-0.197,-0.106,-0.015,-0.008,0.008,-0.004,-85.840,-340.510,277.250,-178.390,-1.340,-114.510,1,-0.0126,0.0264,0.0717,0
7404593,-0.212,-0.064,0.111,-0.011,0.006,-0.005,-85.840,-340.510,277.250,-178.390,-1.340,-114.510,1,-0.0065,0.0156,0.0369,0
7404687,-0.106,-0.283,0.352,0.003,0.012,-0.003,-86.124,-337.499,277.351,-178.390,-1.340,-114.510,1,0.0148,-0.0004,-0.0315,0
7404796,-0.223,-0.122,0.158,-0.008,0.007,-0.003,-86.124,-337.499,277.351,-178.390,-1.340,-114.510,1,0.0148,-0.0004,-0.0315,0
7404875,-0.189,-0.108,0.039,-0.009,0.009,-0.004,-86.370,-338.557,295.605,-178.390,-1.340,-114.510,1,0.0148,-0.0004,-0.0315,0
7404968,-0.179,-0.182,-0.306,-0.002,0.012,-0.005,-86.370,-338.557,295.605,-178.390,-1.340,-114.510,1,0.0326,-0.0114,-0.0607,0
7405046,-0.345,-0.084,-0.033,-0.011,0.007,-0.005,-86.985,-341.007,303.852,-178.390,-1.340,-114.510,1,0.0326,-0.0114,-0.0607,0
7405125,-0.306,-0.129,-0.040,-0.007,0.007,-0.003,-86.985,-341.007,303.852,-178.390,-1.340,-114.510,1,0.0348,-0.0222,-0.0366,0
7405234,-0.252,-0.209,0.131,-0.005,0.010,-0.004,-87.032,-340.794,301.974,-178.390,-1.340,-114.510,1,0.0293,-0.0275,-0.0400,0
7405343,-0.258,-0.162,0.082,-0.008,0.010,-0.005,-87.032,-340.794,301.974,-178.390,-1.340,-114.510,1,0.0293,-0.0275,-0.0400,0
7405484,-0.267,-0.153,0.082,-0.009,0.009,-0.005,-87.100,-340.760,301.910,-178.390,-1.340,-114.510,1,0.0293,-0.0275,-0.0400,0
7405531,-0.262,-0.156,0.043,-0.008,0.010,-0.003,-87.100,-340.760,301.910,-178.390,-1.340,-114.510,1,0.0225,-0.0187,-0.0778,0
7405578,-0.249,-0.171,0.082,-0.007,0.010,-0.004,-87.100,-340.760,301.910,-178.390,-1.340,-114.510,1,0.0225,-0.0187,-0.0778,0
7405656,-0.259,-0.155,0.087,-0.010,0.009,-0.005,-87.100,-340.760,301.910,-178.390,-1.340,-114.510,1,0.0225,-0.0187,-0.0778,0
7405796,-0.259,-0.150,0.026,-0.007,0.009,-0.003,-87.100,-340.760,301.910,-178.390,-1.340,-114.510,1,0.0225,-0.0187,-0.0778,0
7405890,-0.259,-0.151,0.069,-0.007,0.010,-0.004,-87.100,-340.760,301.910,-178.390,-1.340,-114.510,1,0.0225,-0.0187,-0.0778,0
7406000,-0.272,-0.155,0.044,-0.009,0.010,-0.004,-87.100,-340.760,301.910,-178.390,-1.340,-114.510,1,0.0225,-0.0187,-0.0778,0
7406078,-0.249,-0.168,0.099,-0.008,0.010,-0.006,-87.100,-340.760,301.910,-178.390,-1.340,-114.510,1,0.0225,-0.0187,-0.0778,0
7406171,-0.259,-0.147,0.042,-0.008,0.009,-0.004,-87.100,-340.760,301.910,-178.390,-1.340,-114.510,1,0.0225,-0.0187,-0.0778,0
7406250,-0.276,-0.145,0.035,-0.007,0.010,-0.003,-87.100,-340.760,301.910,-178.390,-1.340,-114.510,1,0.0225,-0.0187,-0.0778,0
7406328,-0.262,-0.145,0.044,-0.007,0.010,-0.003,-87.100,-340.760,301.910,-178.390,-1.340,-114.510,1,0.0225,-0.0187,-0.0778,0
7406437,-0.251,-0.140,0.019,-0.007,0.010,-0.003,-87.100,-340.760,301.910,-178.390,-1.340,-114.510,1,0.0225,-0.0187,-0.0778,0
7406546,-0.263,-0.138,0.052,-0.008,0.009,-0.003,-87.100,-340.760,301.910,-178.390,-1.340,-114.510,1,0.0225,-0.0187,-0.0778,0
7406687,-0.264,-0.159,0.068,-0.007,0.010,-0.003,-87.100,-340.760,301.910,-178.390,-1.340,-114.510,1,0.0225,-0.0187,-0.0778,0
7406734,-0.273,-0.154,0.051,-0.007,0.010,-0.003,-87.100,-340.760,301.910,-178.390,-1.340,-114.510,1,0.0225,-0.0187,-0.0778,0
7406781,-0.277,-0.152,0.026,-0.007,0.010,-0.002,-87.100,-340.760,301.910,-178.390,-1.340,-114.510,1,0.0225,-0.0187,-0.0778,0
7406859,-0.256,-0.168,0.049,-0.008,0.010,-0.004,-87.100,-340.760,301.910,-178.390,-1.340,-114.510,1,0.0225,-0.0187,-0.0778,0
7407000,-0.247,-0.167,0.063,-0.008,0.010,-0.004,-87.100,-340.760,301.910,-178.390,-1.340,-114.510,1,0.0225,-0.0187,-0.0778,0
7407093,-0.264,-0.153,0.073,-0.007,0.010,-0.004,-87.100,-340.760,301.910,-178.390,-1.340,-114.510,1,0.0225,-0.0187,-0.0778,0
7407203,-0.249,-0.153,0.067,-0.007,0.009,-0.004,-87.100,-340.760,301.910,-178.390,-1.340,-114.510,1,0.0225,-0.0187,-0.0778,0
7407281,-0.266,-0.142,0.031,-0.007,0.010,-0.002,-87.100,-340.760,301.910,-178.390,-1.340,-114.510,1,0.0225,-0.0187,-0.0778,0
7407375,-0.266,-0.153,0.043,-0.007,0.010,-0.003,-87.100,-340.760,301.910,-178.390,-1.340,-114.510,1,0.0225,-0.0187,-0.0778,0
7407453,-0.254,-0.164,0.080,-0.008,0.010,-0.005,-87.100,-340.760,301.910,-178.390,-1.340,-114.510,1,0.0225,-0.0187,-0.0778,0
7407531,-0.270,-0.158,0.049,-0.007,0.010,-0.003,-87.100,-340.760,301.910,-178.390,-1.340,-114.510,1,0.0225,-0.0187,-0.0778,0
7407640,-0.268,-0.139,0.053,-0.007,0.009,-0.003,-87.100,-340.760,301.910,-178.390,-1.340,-114.510,1,0.0225,-0.0187,-0.0778,0
7407750,-0.260,-0.144,0.054,-0.007,0.010,-0.003,-87.100,-340.760,301.910,-178.390,-1.340,-114.510,1,0.0225,-0.0187,-0.0778,0
7407890,-0.282,-0.141,0.019,-0.006,0.010,-0.001,-87.100,-340.760,301.910,-178.390,-1.340,-114.510,1,0.0225,-0.0187,-0.0778,0
7407937,-0.268,-0.144,0.040,-0.007,0.010,-0.003,-87.100,-340.760,301.910,-178.390,-1.340,-114.510,1,0.0225,-0.0187,-0.0778,0
7407984,-0.268,-0.151,0.060,-0.007,0.010,-0.003,-87.100,-340.760,301.910,-178.390,-1.340,-114.510,1,0.0225,-0.0187,-0.0778,0
7408062,-0.278,-0.163,0.087,-0.007,0.011,-0.003,-87.100,-340.760,301.910,-178.390,-1.340,-114.510,1,0.0225,-0.0187,-0.0778,0
7408203,-0.290,-0.166,0.031,-0.007,0.010,-0.002,-87.100,-340.760,301.910,-178.390,-1.340,-114.510,1,0.0225,-0.0187,-0.0778,0
7408296,-0.277,-0.148,0.062,-0.007,0.010,-0.003,-87.100,-340.760,301.910,-178.390,-1.340,-114.510,1,0.0225,-0.0187,-0.0778,0
7408406,-0.266,-0.160,0.047,-0.008,0.010,-0.003,-87.100,-340.760,301.910,-178.390,-1.340,-114.510,1,0.0225,-0.0187,-0.0778,0
7408484,-0.275,-0.147,0.067,-0.006,0.010,-0.002,-87.100,-340.760,301.910,-178.390,-1.340,-114.510,1,0.0225,-0.0187,-0.0778,0
7408578,-0.279,-0.151,0.068,-0.007,0.010,-0.003,-87.100,-340.760,301.910,-178.390,-1.340,-114.510,1,0.0225,-0.0187,-0.0778,0
7408656,-0.276,-0.157,0.079,-0.007,0.010,-0.004,-87.100,-340.760,301.910,-178.390,-1.340,-114.510,1,0.0225,-0.0187,-0.0778,0
7408734,-0.280,-0.161,0.075,-0.007,0.010,-0.003,-87.100,-340.760,301.910,-178.390,-1.340,-114.510,1,0.0225,-0.0187,-0.0778,0
7408843,-0.261,-0.146,0.069,-0.008,0.010,-0.004,-87.100,-340.760,301.910,-178.390,-1.340,-114.510,1,0.0225,-0.0187,-0.0778,0
7408953,-0.294,-0.167,0.063,-0.007,0.010,-0.003,-87.100,-340.760,301.910,-178.390,-1.340,-114.510,1,0.0225,-0.0187,-0.0778,0
7409093,-0.265,-0.150,0.076,-0.007,0.010,-0.004,-87.100,-340.760,301.910,-178.390,-1.340,-114.510,1,0.0225,-0.0187,-0.0778,0
7409140,-0.275,-0.142,0.065,-0.007,0.010,-0.003,-87.100,-340.760,301.910,-178.390,-1.340,-114.510,1,0.0225,-0.0187,-0.0778,0
7409187,-0.292,-0.130,0.053,-0.006,0.011,-0.003,-87.100,-340.760,301.910,-178.390,-1.340,-114.510,1,0.0225,-0.0187,-0.0778,0
7409265,-0.288,-0.138,0.083,-0.006,0.011,-0.004,-87.100,-340.760,301.910,-178.390,-1.340,-114.510,1,0.0225,-0.0187,-0.0778,0
7409406,-0.272,-0.153,0.068,-0.008,0.010,-0.004,-87.100,-340.760,301.910,-178.390,-1.340,-114.510,1,0.0225,-0.0187,-0.0778,0
7409500,-0.287,-0.161,0.083,-0.007,0.010,-0.004,-87.100,-340.760,301.910,-178.390,-1.340,-114.510,1,0.0225,-0.0187,-0.0778,0
7409609,-0.184,-0.288,0.095,-0.000,0.014,-0.004,-87.100,-340.760,301.910,-178.390,-1.340,-114.510,1,0.0225,-0.0187,-0.0778,0
7409687,-0.166,-0.343,0.064,0.003,0.017,-0.002,-86.833,-344.510,302.962,-178.390,-1.340,-114.510,1,0.0225,-0.0187,-0.0778,0
7409781,-0.273,-0.249,0.067,-0.005,0.013,-0.003,-86.833,-344.510,302.962,-178.390,-1.340,-114.510,1,0.0000,0.0000,0.0000,1
7409859,-0.346,-0.218,0.009,-0.010,0.010,-0.004,-86.218,-359.124,305.513,-178.390,-1.340,-114.510,1,0.0000,0.0000,0.0000,1
7409937,-0.374,-0.157,-0.037,-0.016,0.008,-0.004,-86.218,-359.124,305.513,-178.390,-1.340,-114.510,1,0.0000,0.0000,0.0000,1
7410046,-0.414,-0.043,-0.089,-0.023,0.004,-0.004,-85.620,-371.286,304.657,-178.390,-1.340,-114.510,1,0.0000,0.0000,0.0000,1
7410156,-0.250,-0.268,-0.026,-0.012,0.011,-0.004,-85.620,-371.286,304.657,-178.390,-1.340,-114.510,1,0.0000,0.0000,0.0000,1
7410296,-0.167,-0.364,0.092,-0.010,0.008,-0.004,-86.929,-374.521,286.960,-178.390,-1.340,-114.510,1,0.0000,0.0000,0.0000,1
7410343,-0.153,-0.350,0.130,-0.008,0.009,-0.003,-86.929,-374.521,286.960,-178.390,-1.340,-114.510,1,0.0000,0.0000,0.0000,0
7410390,-0.232,-0.257,0.144,-0.012,0.007,-0.003,-86.929,-374.521,286.960,-178.390,-1.340,-114.510,1,0.0000,0.0000,0.0000,0
7410468,-0.274,-0.234,0.056,-0.014,0.005,-0.004,-87.555,-376.560,278.237,-178.390,-1.340,-114.510,1,0.0000,0.0000,0.0000,0
7410609,-0.206,-0.240,-0.005,-0.013,0.006,-0.004,-87.555,-376.560,278.237,-178.390,-1.340,-114.510,1,0.0000,0.0000,0.0000,0
7410703,-0.214,-0.306,0.077,-0.010,0.007,-0.004,-87.450,-375.928,267.612,-178.390,-1.340,-114.510,1,0.0008,0.0030,-0.0021,0
7410812,-0.234,-0.267,0.129,-0.011,0.008,-0.005,-87.450,-375.928,267.612,-178.390,-1.340,-114.510,1,0.0008,0.0030,-0.0021,0
7410890,-0.231,-0.230,-0.003,-0.010,0.011,-0.004,-86.143,-375.848,261.081,-178.390,-1.340,-114.510,1,0.0008,0.0030,-0.0021,0
7410984,-0.267,-0.218,0.014,-0.012,0.008,-0.003,-86.143,-375.848,261.081,-178.390,-1.340,-114.510,1,0.0041,0.0093,-0.0025,0
7411062,-0.253,-0.232,0.072,-0.011,0.008,-0.004,-85.865,-375.970,255.529,-178.390,-1.340,-114.437,1,0.0041,0.0093,-0.0025,0
7411140,-0.242,-0.238,0.090,-0.010,0.010,-0.004,-85.865,-375.970,255.529,-178.390,-1.340,-114.437,1,0.0068,0.0121,0.0064,0
7411250,-0.260,-0.240,0.052,-0.010,0.010,-0.005,-85.790,-375.910,254.920,-178.390,-1.340,-114.510,1,0.0047,0.0103,0.0249,0
7411359,-0.250,-0.241,0.023,-0.011,0.009,-0.004,-85.790,-375.910,254.920,-178.390,-1.340,-114.510,1,0.0047,0.0103,0.0249,0
7411500,-0.249,-0.234,0.049,-0.010,0.009,-0.005,-85.790,-375.910,254.920,-178.390,-1.340,-114.510,1,0.0047,0.0103,0.0249,0
7411546,-0.232,-0.262,-0.014,-0.008,0.010,-0.004,-85.790,-375.910,254.920,-178.390,-1.340,-114.510,1,0.0047,0.0103,0.0249,0
7411593,-0.225,-0.254,-0.188,-0.011,0.009,-0.004,-85.790,-375.910,254.920,-178.390,-1.340,-114.510,1,0.0047,0.0103,0.0249,0
7411671,-0.245,-0.234,-0.030,-0.010,0.010,-0.005,-85.837,-376.395,251.105,-178.390,-1.340,-114.510,1,0.0047,0.0103,0.0249,0
7411812,-0.255,-0.225,-0.009,-0.010,0.008,-0.003,-85.837,-376.395,251.105,-178.390,-1.340,-114.510,1,0.0006,0.0076,0.0456,0
7411906,-0.243,-0.216,-0.001,-0.012,0.008,-0.005,-85.921,-376.815,242.797,-178.390,-1.340,-114.510,1,-0.0020,0.0050,0.0492,0
7412015,-0.209,-0.217,0.047,-0.010,0.009,-0.005,-85.921,-376.815,242.797,-178.390,-1.340,-114.510,1,-0.0020,0.0050,0.0492,0
7412093,-0.239,-0.223,0.017,-0.009,0.009,-0.003,-86.005,-376.369,235.726,-178.390,-1.340,-114.510,1,-0.0020,0.0050,0.0492,0
7412187,-0.251,-0.232,0.001,-0.011,0.009,-0.004,-86.005,-376.369,235.726,-178.390,-1.340,-114.510,1,-0.0030,0.0037,0.0338,0
7412265,-0.243,-0.218,-0.031,-0.010,0.010,-0.006,-86.185,-375.475,230.437,-178.390,-1.340,-114.510,1,-0.0030,0.0037,0.0338,0
7412343,-0.204,-0.252,-0.031,-0.008,0.014,-0.005,-86.185,-375.475,230.437,-178.390,-1.340,-114.510,1,-0.0031,0.0050,0.0208,0
7412453,-0.142,-0.274,-0.259,-0.002,0.026,-0.003,-86.333,-374.635,225.375,-178.390,-1.276,-114.510,1,-0.0028,0.0068,0.0170,0
7412562,-0.094,-0.222,-0.476,-0.008,0.038,-0.003,-86.333,-374.635,225.375,-178.390,-1.276,-114.510,1,-0.0028,0.0068,0.0170,0
7412703,-0.101,-0.215,-0.851,-0.013,0.048,-0.005,-86.047,-374.322,220.148,-178.380,-1.283,-114.510,1,-0.0028,0.0068,0.0170,0
7412750,-0.048,-0.164,-0.990,-0.016,0.053,-0.005,-86.047,-374.322,220.148,-178.380,-1.283,-114.510,1,-0.0018,0.0064,0.0149,0
7412796,-0.054,-0.100,-1.154,-0.019,0.058,-0.002,-86.047,-374.322,220.148,-178.380,-1.283,-114.510,1,-0.0018,0.0064,0.0149,0
7412875,-0.027,-0.049,-1.373,-0.031,0.062,-0.003,-85.024,-373.854,217.689,-178.384,-1.281,-114.510,1,-0.0018,0.0064,0.0149,0
7413015,-0.053,0.194,-2.212,-0.075,0.048,-0.004,-85.024,-373.854,217.689,-178.384,-1.281,-114.510,1,0.0008,0.0044,0.0155,0
7413109,0.050,0.497,-2.946,-0.115,0.044,0.001,-82.873,-371.282,214.116,-178.380,-1.280,-114.510,1,0.0057,0.0048,0.0204,0
7413156,0.033,0.546,-3.091,-0.126,0.042,0.001,-82.873,-371.282,214.116,-178.380,-1.280,-114.510,1,0.0057,0.0048,0.0204,0
7413234,-0.029,0.584,-3.364,-0.144,0.036,-0.000,-82.873,-371.282,214.116,-178.380,-1.280,-114.510,1,0.0057,0.0048,0.0204,0
7413312,-0.100,0.466,-3.847,-0.141,0.015,-0.000,-81.479,-367.610,212.331,-178.380,-1.280,-114.510,1,0.0057,0.0048,0.0204,0
7413390,-0.096,0.327,-3.748,-0.119,-0.004,0.001,-81.479,-367.610,212.331,-178.380,-1.280,-114.510,1,0.0097,0.0093,0.0227,0
7413484,-0.002,0.243,-2.915,-0.104,0.012,0.001,-78.949,-365.410,212.307,-178.380,-1.280,-114.507,1,0.0097,0.0093,0.0227,0
7413562,0.044,0.181,-2.532,-0.093,0.032,-0.000,-78.949,-365.410,212.307,-178.380,-1.280,-114.507,1,0.0119,0.0109,0.0249,0
7413671,0.162,0.048,-2.194,-0.070,0.053,-0.003,-78.959,-365.630,212.656,-178.380,-1.280,-114.482,1,0.0105,0.0013,0.0301,0
7413765,0.232,-0.083,-1.838,-0.036,0.075,-0.002,-78.959,-365.630,212.656,-178.380,-1.280,-114.482,1,0.0105,0.0013,0.0301,0
7413906,0.019,-0.181,-0.916,-0.018,0.043,-0.004,-78.513,-367.734,215.032,-178.380,-1.280,-114.484,1,0.0105,0.0013,0.0301,0
7413953,-0.009,-0.199,-0.626,-0.013,0.030,-0.005,-78.513,-367.734,215.032,-178.380,-1.280,-114.484,1,0.0024,-0.0153,0.0330,0
7414000,-0.113,-0.170,-0.416,-0.013,0.013,-0.002,-78.513,-367.734,215.032,-178.380,-1.280,-114.484,1,0.0024,-0.0153,0.0330,0
7414078,-0.204,-0.269,-0.005,-0.006,-0.009,-0.006,-77.815,-368.554,218.824,-178.380,-1.280,-114.481,1,0.0024,-0.0153,0.0330,0
7414218,-0.188,-0.197,0.063,-0.008,0.004,-0.002,-77.815,-368.554,218.824,-178.380,-1.280,-114.481,1,-0.0050,-0.0249,0.0337,0
7414312,-0.126,-0.178,0.068,-0.009,0.007,-0.002,-78.188,-370.230,232.439,-178.380,-1.280,-114.480,1,-0.0078,-0.0232,0.0446,0
7414421,-0.147,-0.222,0.038,-0.010,0.003,-0.003,-78.188,-370.230,232.439,-178.380,-1.280,-114.480,1,-0.0078,-0.0232,0.0446,0
7414500,-0.137,-0.174,-0.045,-0.006,0.007,-0.001,-78.730,-369.934,250.013,-178.380,-1.280,-114.480,1,-0.0078,-0.0232,0.0446,0
7414593,-0.133,-0.241,0.025,-0.009,0.004,-0.004,-78.730,-369.934,250.013,-178.380,-1.280,-114.480,1,-0.0100,-0.0158,0.0704,0
7414671,-0.078,-0.206,0.019,-0.009,0.010,-0.004,-78.446,-368.351,265.432,-178.380,-1.280,-114.480,1,-0.0100,-0.0158,0.0704,0
7414750,-0.139,-0.214,-0.015,-0.006,0.007,-0.003,-78.446,-368.351,265.432,-178.380,-1.280,-114.480,1,-0.0095,-0.0038,0.0864,0
7414859,-0.139,-0.189,-0.200,-0.007,0.007,-0.003,-78.554,-368.135,280.539,-178.380,-1.280,-114.480,1,-0.0056,0.0069,0.0754,0
7414968,-0.141,-0.176,-0.206,-0.011,0.005,-0.004,-78.554,-368.135,280.539,-178.380,-1.280,-114.480,1,-0.0056,0.0069,0.0754,0
7415109,-0.177,-0.197,-0.010,-0.010,0.007,-0.003,-77.830,-369.001,284.633,-178.380,-1.280,-114.480,1,-0.0056,0.0069,0.0754,0
7415156,-0.143,-0.212,-0.048,-0.010,0.008,-0.003,-77.830,-369.001,284.633,-178.380,-1.280,-114.480,1,-0.0021,0.0080,0.0446,0
7415203,-0.148,-0.221,-0.041,-0.012,0.007,-0.004,-77.830,-369.001,284.633,-178.380,-1.280,-114.480,1,-0.0021,0.0080,0.0446,0
7415281,-0.174,-0.237,0.014,-0.006,0.006,-0.004,-77.658,-369.583,283.570,-178.370,-1.280,-114.480,1,-0.0021,0.0080,0.0446,0
7415421,-0.168,-0.199,0.042,-0.008,0.008,-0.002,-77.658,-369.583,283.570,-178.370,-1.280,-114.480,1,-0.0004,0.0039,-0.0017,0
7415515,-0.164,-0.238,0.073,-0.010,0.006,-0.004,-77.562,-369.667,279.624,-178.364,-1.280,-114.480,1,-0.0007,0.0019,-0.0502,0
7415625,-0.150,-0.228,0.032,-0.009,0.008,-0.003,-77.562,-369.667,279.624,-178.364,-1.280,-114.480,1,-0.0007,0.0019,-0.0502,0
7415703,-0.172,-0.223,-0.021,-0.010,0.007,-0.003,-77.831,-369.520,274.656,-178.363,-1.280,-114.480,1,-0.0007,0.0019,-0.0502,0
7415781,-0.174,-0.233,0.057,-0.009,0.007,-0.003,-77.831,-369.520,274.656,-178.363,-1.280,-114.480,1,-0.0021,0.0022,-0.0795,0
7415859,-0.183,-0.236,0.066,-0.009,0.007,-0.003,-77.945,-369.562,269.600,-178.361,-1.280,-114.480,1,-0.0021,0.0022,-0.0795,0
7415937,-0.158,-0.228,0.055,-0.009,0.007,-0.004,-77.945,-369.562,269.600,-178.361,-1.280,-114.480,1,-0.0031,0.0026,-0.0845,0
7416046,-0.166,-0.196,0.008,-0.010,0.007,-0.003,-78.008,-369.601,264.302,-178.360,-1.280,-114.480,1,-0.0029,0.0020,-0.0731,0
7416171,-0.175,-0.197,0.051,-0.008,0.007,-0.003,-78.008,-369.601,264.302,-178.360,-1.280,-114.480,1,-0.0029,0.0020,-0.0731,0
7416312,-0.133,-0.217,0.115,-0.010,0.009,-0.004,-77.981,-369.597,254.521,-178.360,-1.280,-114.480,1,-0.0029,0.0020,-0.0731,0
7416359,-0.112,-0.198,0.056,-0.011,0.009,-0.003,-77.981,-369.597,254.521,-178.360,-1.280,-114.480,1,-0.0017,0.0011,-0.0579,0
7416406,-0.155,-0.191,0.030,-0.011,0.005,-0.003,-77.981,-369.597,254.521,-178.360,-1.280,-114.480,1,-0.0017,0.0011,-0.0579,0
7416468,-0.157,-0.220,0.099,-0.007,0.007,-0.003,-78.875,-369.820,248.793,-178.360,-1.280,-114.480,1,-0.0017,0.0011,-0.0579,0
7416625,-0.155,-0.176,0.050,-0.011,0.005,-0.004,-78.875,-369.820,248.793,-178.360,-1.280,-114.480,1,-0.0021,0.0002,-0.0396,0
7416718,-0.166,-0.172,0.057,-0.011,0.004,-0.003,-79.070,-370.260,244.096,-178.360,-1.280,-114.480,1,-0.0040,-0.0012,-0.0126,0
7416828,-0.137,-0.188,0.032,-0.008,0.007,-0.004,-79.070,-370.260,244.096,-178.360,-1.280,-114.480,1,-0.0040,-0.0012,-0.0126,0
7416906,-0.122,-0.187,0.107,-0.008,0.007,-0.005,-79.133,-370.231,240.596,-178.360,-1.280,-114.480,1,-0.0040,-0.0012,-0.0126,0
7417000,-0.149,-0.186,0.083,-0.010,0.007,-0.005,-79.133,-370.231,240.596,-178.360,-1.280,-114.480,1,-0.0042,-0.0019,0.0127,0
7417078,-0.133,-0.196,-0.153,-0.010,0.007,-0.004,-79.196,-370.150,239.115,-178.360,-1.280,-114.440,1,-0.0042,-0.0019,0.0127,0
7417140,-0.101,-0.228,-0.046,-0.005,0.008,-0.005,-79.196,-370.150,239.115,-178.360,-1.280,-114.440,1,-0.0025,-0.0010,0.0296,0
7417250,-0.130,-0.246,0.101,-0.007,0.007,-0.004,-79.093,-370.723,234.642,-178.360,-1.280,-114.432,1,-0.0008,-0.0007,0.0354,0
7417359,-0.165,-0.166,0.002,-0.013,0.005,-0.003,-79.093,-370.723,234.642,-178.360,-1.280,-114.432,1,-0.0008,-0.0007,0.0354,0
7417500,-0.140,-0.157,-0.078,-0.012,0.007,-0.003,-78.943,-371.637,231.486,-178.360,-1.280,-114.431,1,-0.0008,-0.0007,0.0354,0
7417546,-0.131,-0.168,0.002,-0.011,0.007,-0.004,-78.943,-371.637,231.486,-178.360,-1.280,-114.431,1,0.0007,-0.0026,0.0264,0
7417593,-0.129,-0.185,-0.010,-0.010,0.009,-0.003,-78.943,-371.637,231.486,-178.360,-1.280,-114.431,1,0.0007,-0.0026,0.0264,0
7417671,-0.128,-0.177,0.041,-0.011,0.008,-0.005,-78.842,-371.983,228.876,-178.360,-1.280,-114.430,1,0.0007,-0.0026,0.0264,0
7417812,-0.132,-0.160,-0.116,-0.014,0.010,-0.003,-78.842,-371.983,228.876,-178.360,-1.280,-114.430,1,0.0016,-0.0034,0.0152,0
7417906,-0.100,-0.155,-0.169,-0.015,0.014,-0.003,-78.839,-371.835,227.167,-178.360,-1.280,-114.430,1,0.0015,-0.0009,0.0106,0
7417953,-0.083,-0.180,-0.159,-0.013,0.017,-0.002,-78.839,-371.835,227.167,-178.360,-1.280,-114.430,1,0.0015,-0.0009,0.0106,0
7418031,-0.073,-0.185,-0.173,-0.014,0.019,-0.006,-78.839,-371.835,227.167,-178.360,-1.280,-114.430,1,0.0015,-0.0009,0.0106,0
7418109,-0.041,-0.208,-0.237,-0.013,0.025,-0.005,-78.741,-371.468,224.933,-178.360,-1.280,-114.430,1,0.0015,-0.0009,0.0106,0
7418203,-0.022,-0.176,-0.387,-0.013,0.029,-0.003,-78.741,-371.468,224.933,-178.360,-1.280,-114.430,1,0.0010,0.0027,0.0083,0
7418281,0.004,-0.165,-0.517,-0.016,0.036,-0.001,-78.671,-371.673,222.792,-178.348,-1.280,-114.430,1,0.0010,0.0027,0.0083,0
7418359,-0.006,-0.162,-0.584,-0.019,0.036,-0.003,-78.671,-371.673,222.792,-178.348,-1.280,-114.430,1,0.0007,0.0040,0.0054,0
7418453,0.028,-0.183,-0.636,-0.018,0.040,-0.004,-78.693,-371.510,221.664,-178.354,-1.280,-114.430,1,0.0002,0.0030,0.0046,0
7418562,0.028,-0.149,-0.864,-0.023,0.042,-0.004,-78.693,-371.510,221.664,-178.354,-1.280,-114.430,1,0.0002,0.0030,0.0046,0
7418703,0.014,-0.088,-1.151,-0.029,0.043,-0.002,-78.723,-371.081,218.560,-178.350,-1.280,-114.430,1,0.0002,0.0030,0.0046,0
7418765,0.022,-0.099,-1.259,-0.031,0.043,-0.002,-78.723,-371.081,218.560,-178.350,-1.280,-114.430,1,-0.0004,0.0026,0.0062,0
7418812,0.027,-0.092,-1.424,-0.034,0.041,-0.004,-78.723,-371.081,218.560,-178.350,-1.280,-114.430,1,-0.0004,0.0026,0.0062,0
7418890,-0.006,-0.117,-1.658,-0.033,0.036,-0.004,-78.821,-370.366,216.379,-178.350,-1.280,-114.430,1,-0.0004,0.0026,0.0062,0
7419031,-0.155,-0.098,-2.260,-0.033,0.010,-0.001,-78.821,-370.366,216.379,-178.350,-1.280,-114.430,1,-0.0010,0.0034,0.0069,0
7419125,-0.307,-0.142,-2.500,-0.030,-0.013,-0.004,-78.861,-369.810,213.581,-178.350,-1.280,-114.430,1,-0.0012,0.0041,0.0071,0
7419234,-0.414,-0.133,-2.766,-0.025,-0.040,-0.005,-78.861,-369.810,213.581,-178.350,-1.280,-114.430,1,-0.0012,0.0041,0.0071,0
7419312,-0.499,-0.117,-2.826,-0.018,-0.060,-0.003,-80.063,-369.943,211.236,-178.350,-1.280,-114.430,1,-0.0012,0.0041,0.0071,0
7419406,-0.729,-0.188,-2.429,0.007,-0.079,-0.002,-80.063,-369.943,211.236,-178.350,-1.280,-114.430,1,-0.0024,0.0030,0.0066,0
7419484,-0.764,-0.417,-1.790,0.033,-0.062,-0.002,-85.115,-370.959,208.180,-178.350,-1.280,-114.430,1,-0.0024,0.0030,0.0066,0
7419546,-0.379,-0.580,-1.325,0.034,-0.009,-0.005,-85.115,-370.959,208.180,-178.350,-1.280,-114.430,1,-0.0111,-0.0011,0.0045,0
7419656,0.163,-0.265,-1.003,0.005,0.076,-0.002,-91.139,-374.050,207.083,-178.350,-1.280,-114.477,1,-0.0281,-0.0097,0.0040,0
7419765,-0.284,-0.112,-0.678,-0.009,0.058,-0.003,-91.139,-374.050,207.083,-178.350,-1.280,-114.477,1,-0.0281,-0.0097,0.0040,0
7419906,-1.242,-0.476,-1.039,0.041,-0.179,-0.004,-86.474,-373.865,210.324,-178.350,-1.280,-114.430,1,-0.0281,-0.0097,0.0040,0
7419953,-1.245,-0.493,-1.293,0.048,-0.193,-0.003,-86.474,-373.865,210.324,-178.350,-1.280,-114.430,1,-0.0334,-0.0179,0.0108,0
7420000,-0.931,-0.357,-1.359,0.045,-0.162,-0.006,-86.474,-373.865,210.324,-178.350,-1.280,-114.430,1,-0.0334,-0.0179,0.0108,0
7420078,-0.288,-0.218,-0.690,0.011,-0.028,-0.004,-85.908,-374.069,213.523,-178.350,-1.280,-114.442,1,-0.0334,-0.0179,0.0108,0
7420234,-0.270,-0.216,-0.015,-0.012,0.026,-0.002,-85.908,-374.069,213.523,-178.350,-1.280,-114.442,1,-0.0236,-0.0181,0.0209,0
7420328,-0.516,-0.293,0.100,-0.008,0.006,-0.003,-96.896,-378.439,222.706,-178.350,-1.280,-114.439,1,-0.0314,-0.0179,0.0305,0
7420421,-0.169,-0.163,-0.041,-0.005,0.014,-0.003,-96.896,-378.439,222.706,-178.350,-1.280,-114.439,1,-0.0314,-0.0179,0.0305,0
7420500,-0.189,-0.069,0.020,-0.005,0.012,-0.004,-93.334,-380.041,241.613,-178.350,-1.280,-114.439,1,-0.0314,-0.0179,0.0305,0
7420593,-0.280,-0.059,-0.007,-0.007,0.003,-0.004,-93.334,-380.041,241.613,-178.350,-1.280,-114.439,1,-0.0417,-0.0201,0.0519,0
7420671,-0.311,-0.044,-0.030,-0.010,0.000,-0.004,-91.445,-381.346,257.682,-178.350,-1.280,-114.440,1,-0.0417,-0.0201,0.0519,0
7420750,-0.072,-0.071,-0.050,-0.012,0.006,-0.004,-91.445,-381.346,257.682,-178.350,-1.280,-114.440,1,-0.0202,-0.0148,0.0759,0
7420859,-0.124,-0.256,-0.010,-0.008,0.005,-0.004,-88.300,-379.259,271.804,-178.350,-1.280,-114.440,1,0.0071,-0.0001,0.0728,0
7420968,-0.381,-0.297,-0.058,-0.005,0.002,-0.004,-88.300,-379.259,271.804,-178.350,-1.280,-114.440,1,0.0071,-0.0001,0.0728,0
7421109,-0.103,-0.048,-0.186,-0.008,0.013,-0.003,-79.836,-374.868,291.788,-178.350,-1.280,-114.440,1,0.0071,-0.0001,0.0728,0
7421156,-0.073,0.006,-0.277,-0.012,0.012,-0.002,-79.836,-374.868,291.788,-178.350,-1.280,-114.440,1,0.0244,0.0199,0.0516,0
7421203,-0.155,-0.109,-0.192,-0.008,0.006,-0.003,-79.836,-374.868,291.788,-178.350,-1.280,-114.440,1,0.0244,0.0199,0.0516,0
7421281,-0.235,-0.244,-0.011,-0.005,0.004,-0.002,-77.755,-372.774,293.719,-178.350,-1.280,-114.440,1,0.0244,0.0199,0.0516,0
7421421,-0.157,-0.290,-0.088,-0.009,0.013,-0.002,-77.755,-372.774,293.719,-178.350,-1.280,-114.440,1,0.0283,0.0311,0.0091,0
7421515,-0.292,-0.180,-0.073,-0.013,0.006,-0.003,-76.041,-370.610,288.080,-178.350,-1.280,-114.440,1,0.0087,0.0255,-0.0727,0
7421625,-0.235,-0.240,-0.036,-0.009,0.010,-0.003,-76.041,-370.610,288.080,-178.350,-1.280,-114.440,1,0.0087,0.0255,-0.0727,0
7421703,-0.268,-0.253,0.025,-0.008,0.007,-0.005,-76.145,-368.459,275.115,-178.350,-1.280,-114.440,1,0.0087,0.0255,-0.0727,0
7421796,-0.221,-0.282,0.133,-0.007,0.009,-0.002,-76.145,-368.459,275.115,-178.350,-1.280,-114.440,1,-0.0153,0.0146,-0.1504,0
7421875,-0.195,-0.263,0.157,-0.014,0.011,-0.004,-76.305,-367.138,263.089,-178.120,-1.280,-114.440,1,-0.0153,0.0146,-0.1504,0
7421953,-0.205,-0.228,0.117,-0.010,0.009,-0.003,-76.305,-367.138,263.089,-178.120,-1.280,-114.440,1,-0.0288,0.0053,-0.1831,0
7422062,-0.242,-0.242,0.150,-0.009,0.009,-0.004,-76.747,-366.657,254.199,-178.189,-1.280,-114.440,1,-0.0327,-0.0042,-0.1657,0
7422171,-0.206,-0.277,0.106,-0.009,0.010,-0.004,-76.747,-366.657,254.199,-178.189,-1.280,-114.440,1,-0.0327,-0.0042,-0.1657,0
7422312,-0.239,-0.205,0.133,-0.009,0.007,-0.002,-77.129,-366.914,241.806,-178.179,-1.280,-114.440,1,-0.0327,-0.0042,-0.1657,0
7422359,-0.213,-0.222,0.094,-0.010,0.008,-0.003,-77.129,-366.914,241.806,-178.179,-1.280,-114.440,1,-0.0296,-0.0125,-0.1173,0
7422406,-0.213,-0.216,0.062,-0.011,0.007,-0.004,-77.129,-366.914,241.806,-178.179,-1.280,-114.440,1,-0.0296,-0.0125,-0.1173,0
7422484,-0.215,-0.244,0.062,-0.008,0.009,-0.004,-77.267,-366.621,235.336,-178.183,-1.280,-114.440,1,-0.0296,-0.0125,-0.1173,0
7422625,-0.252,-0.216,0.030,-0.011,0.006,-0.003,-77.267,-366.621,235.336,-178.183,-1.280,-114.440,1,-0.0226,-0.0156,-0.0617,0
7422718,-0.210,-0.288,-0.035,-0.008,0.005,-0.005,-77.328,-366.147,227.769,-178.181,-1.280,-114.440,1,-0.0141,-0.0127,-0.0078,0
7422765,-0.244,-0.302,-0.145,-0.005,-0.000,-0.004,-77.328,-366.147,227.769,-178.181,-1.280,-114.440,1,-0.0141,-0.0127,-0.0078,0
7422843,-0.351,-0.286,-0.278,-0.002,-0.011,-0.004,-77.328,-366.147,227.769,-178.181,-1.280,-114.440,1,-0.0141,-0.0127,-0.0078,0
7422921,-0.383,-0.307,-0.347,-0.002,-0.024,-0.006,-77.358,-365.969,221.494,-178.180,-1.280,-114.440,1,-0.0141,-0.0127,-0.0078,0
7423000,-0.375,-0.269,-0.541,-0.006,-0.023,-0.005,-77.358,-365.969,221.494,-178.180,-1.280,-114.440,1,-0.0067,-0.0080,0.0282,0
7423093,-0.357,-0.240,-0.722,-0.009,-0.028,-0.004,-78.216,-366.405,220.094,-178.180,-1.280,-114.440,1,-0.0067,-0.0080,0.0282,0
7423171,-0.471,-0.225,-0.812,-0.011,-0.042,-0.003,-78.216,-366.405,220.094,-178.180,-1.280,-114.440,1,-0.0030,-0.0055,0.0496,0
7423281,-0.409,-0.201,-0.939,-0.014,-0.044,-0.004,-78.632,-366.642,218.757,-178.180,-1.280,-114.440,1,-0.0025,-0.0052,0.0675,0
7423375,-0.446,-0.150,-1.150,-0.023,-0.049,-0.004,-78.632,-366.642,218.757,-178.180,-1.280,-114.440,1,-0.0025,-0.0052,0.0675,0
7423515,-0.478,-0.057,-1.608,-0.039,-0.055,-0.003,-79.130,-365.941,215.969,-178.180,-1.280,-114.437,1,-0.0025,-0.0052,0.0675,0
7423562,-0.451,-0.078,-1.671,-0.042,-0.054,-0.005,-79.130,-365.941,215.969,-178.180,-1.280,-114.437,1,-0.0017,-0.0037,0.0706,0
7423609,-0.439,-0.092,-1.762,-0.042,-0.052,-0.003,-79.130,-365.941,215.969,-178.180,-1.280,-114.437,1,-0.0017,-0.0037,0.0706,0
7423687,-0.435,-0.081,-1.748,-0.040,-0.052,-0.004,-79.361,-365.298,215.311,-178.180,-1.280,-114.440,1,-0.0017,-0.0037,0.0706,0
7423828,-0.406,-0.059,-1.839,-0.038,-0.052,-0.004,-79.361,-365.298,215.311,-178.180,-1.280,-114.440,1,-0.0001,-0.0007,0.0604,0
7423921,-0.418,-0.073,-1.792,-0.038,-0.051,-0.005,-79.400,-365.220,215.090,-178.180,-1.280,-114.440,1,0.0017,0.0009,0.0502,0
7424031,-0.430,-0.081,-1.761,-0.036,-0.051,-0.004,-79.400,-365.220,215.090,-178.180,-1.280,-114.440,1,0.0017,0.0009,0.0502,0
7424109,-0.454,-0.066,-1.746,-0.040,-0.053,-0.004,-79.366,-365.181,215.207,-178.180,-1.280,-114.440,1,0.0017,0.0009,0.0502,0
7424203,-0.443,-0.107,-1.284,-0.031,-0.051,-0.005,-79.366,-365.181,215.207,-178.180,-1.280,-114.440,1,0.0031,0.0003,0.0405,0
7424281,-0.422,-0.171,-0.879,-0.018,-0.042,-0.002,-79.369,-364.624,217.623,-178.180,-1.280,-114.440,1,0.0031,0.0003,0.0405,0
7424359,-0.307,-0.253,-0.432,-0.009,-0.025,-0.004,-79.369,-364.624,217.623,-178.180,-1.280,-114.440,1,0.0036,0.0001,0.0330,0
7424468,-0.175,-0.236,-0.055,-0.010,0.002,-0.004,-79.433,-364.086,223.346,-178.180,-1.280,-114.440,1,0.0030,0.0015,0.0359,0
7424578,-0.171,-0.235,0.047,-0.011,0.007,-0.004,-79.433,-364.086,223.346,-178.180,-1.280,-114.440,1,0.0030,0.0015,0.0359,0
7424718,-0.177,-0.218,-0.012,-0.012,0.005,-0.005,-78.710,-361.969,239.881,-178.180,-1.280,-114.440,1,0.0030,0.0015,0.0359,0
7424765,-0.086,-0.354,-0.016,-0.011,0.009,-0.006,-78.710,-361.969,239.881,-178.180,-1.280,-114.440,1,0.0024,0.0038,0.0517,0
7424812,-0.142,-0.323,-0.005,-0.010,0.009,-0.004,-78.710,-361.969,239.881,-178.180,-1.280,-114.440,1,0.0024,0.0038,0.0517,0
7424890,-0.182,-0.282,0.044,-0.011,0.007,-0.005,-78.401,-359.186,251.790,-178.180,-1.280,-114.440,1,0.0024,0.0038,0.0517,0
7425031,-0.258,-0.192,-0.043,-0.014,0.007,-0.005,-78.401,-359.186,251.790,-178.180,-1.280,-114.440,1,0.0020,0.0072,0.0621,0
7425125,-0.237,-0.224,-0.053,-0.012,0.005,-0.003,-78.538,-357.093,267.920,-178.180,-1.150,-114.440,1,0.0002,0.0101,0.0525,0
7425234,-0.178,-0.232,-0.010,-0.011,0.006,-0.003,-78.538,-357.093,267.920,-178.180,-1.150,-114.440,1,0.0002,0.0101,0.0525,0
7425312,-0.124,-0.297,-0.083,-0.010,0.008,-0.006,-78.804,-355.105,281.964,-178.011,-1.100,-114.440,1,0.0002,0.0101,0.0525,0
7425406,-0.197,-0.221,-0.169,-0.010,0.007,-0.004,-78.804,-355.105,281.964,-178.011,-1.100,-114.440,1,-0.0024,0.0092,0.0366,0
7425484,-0.204,-0.307,-0.138,-0.004,0.007,-0.004,-78.737,-354.897,287.121,-178.074,-1.118,-114.421,1,-0.0024,0.0092,0.0366,0
7425562,-0.181,-0.201,-0.067,-0.013,0.007,-0.005,-78.737,-354.897,287.121,-178.074,-1.118,-114.421,1,-0.0034,0.0034,0.0076,0
7425671,-0.202,-0.221,-0.100,-0.011,0.007,-0.002,-78.749,-354.770,284.350,-178.038,-1.113,-114.427,1,-0.0025,-0.0059,-0.0505,0
7425781,-0.184,-0.219,-0.035,-0.012,0.006,-0.004,-78.749,-354.770,284.350,-178.038,-1.113,-114.427,1,-0.0025,-0.0059,-0.0505,0
7425921,-0.228,-0.203,-0.033,-0.012,0.005,-0.005,-79.369,-353.072,271.048,-178.046,-1.113,-114.427,1,-0.0025,-0.0059,-0.0505,0
7425968,-0.193,-0.269,0.018,-0.009,0.004,-0.003,-79.369,-353.072,271.048,-178.046,-1.113,-114.427,1,-0.0017,-0.0114,-0.1152,0
7426015,-0.151,-0.144,-0.032,-0.016,0.006,-0.002,-79.369,-353.072,271.048,-178.046,-1.113,-114.427,1,-0.0017,-0.0114,-0.1152,0
7426093,-0.232,-0.132,-0.008,-0.013,0.005,-0.002,-80.003,-350.197,258.350,-178.045,-1.111,-114.429,1,-0.0017,-0.0114,-0.1152,0
7426234,-0.224,-0.153,0.056,-0.012,0.003,-0.005,-80.003,-350.197,258.350,-178.045,-1.111,-114.429,1,-0.0020,-0.0082,-0.1511,0
7426328,-0.147,-0.235,0.231,-0.005,0.008,-0.005,-82.204,-342.798,243.124,-178.043,-1.110,-114.430,1,-0.0037,0.0040,-0.1483,0
7426437,-0.212,-0.188,0.045,-0.007,0.005,-0.002,-82.204,-342.798,243.124,-178.043,-1.110,-114.430,1,-0.0037,0.0040,-0.1483,0
7426515,-0.139,-0.265,0.173,-0.007,0.009,-0.003,-82.824,-333.992,232.817,-178.041,-1.110,-114.430,1,-0.0037,0.0040,-0.1483,0
7426609,-0.065,-0.362,-0.006,-0.005,0.011,-0.005,-82.824,-333.992,232.817,-178.041,-1.110,-114.430,1,-0.0051,0.0213,-0.1180,0
7426687,-0.187,-0.290,-0.065,-0.001,0.009,-0.002,-82.563,-330.329,225.883,-178.040,-1.110,-114.430,1,-0.0051,0.0213,-0.1180,0
7426765,-0.266,-0.314,-0.284,0.002,-0.002,-0.002,-82.563,-330.329,225.883,-178.040,-1.110,-114.430,1,-0.0015,0.0254,-0.0675,0
7426875,-0.308,-0.181,-0.656,-0.026,-0.019,-0.003,-82.040,-330.527,219.876,-178.040,-1.110,-114.430,1,0.0055,0.0022,-0.0127,0
7426984,-0.181,0.072,-1.074,-0.078,0.004,-0.005,-82.040,-330.527,219.876,-178.040,-1.110,-114.430,1,0.0055,0.0022,-0.0127,0
7427125,0.078,0.239,-1.899,-0.108,0.061,-0.001,-81.884,-332.146,213.976,-178.040,-1.110,-114.430,1,0.0055,0.0022,-0.0127,0
7427171,0.049,0.228,-1.919,-0.105,0.064,-0.001,-81.884,-332.146,213.976,-178.040,-1.110,-114.430,1,0.0099,-0.0306,0.0248,0
7427218,-0.045,0.178,-1.758,-0.104,0.051,-0.003,-81.884,-332.146,213.976,-178.040,-1.110,-114.430,1,0.0099,-0.0306,0.0248,0
7427296,-0.210,0.091,-1.265,-0.085,0.023,-0.004,-79.289,-330.631,213.179,-178.040,-1.110,-114.430,1,0.0099,-0.0306,0.0248,0
7427437,0.052,0.181,-1.196,-0.061,0.034,-0.001,-79.289,-330.631,213.179,-178.040,-1.110,-114.430,1,0.0140,-0.0440,0.0483,0
7427531,0.254,0.163,-1.533,-0.069,0.083,-0.004,-76.957,-329.904,211.623,-178.040,-1.110,-114.430,1,0.0206,-0.0343,0.0664,0
7427640,0.224,0.185,-1.581,-0.075,0.091,-0.004,-76.957,-329.904,211.623,-178.040,-1.110,-114.430,1,0.0206,-0.0343,0.0664,0
7427718,-0.065,0.070,-1.147,-0.056,0.028,-0.003,-75.758,-329.641,211.335,-178.040,-1.110,-114.430,1,0.0206,-0.0343,0.0664,0
7427812,-0.201,-0.081,-0.681,-0.029,-0.018,-0.002,-75.758,-329.641,211.335,-178.040,-1.110,-114.430,1,0.0222,-0.0202,0.0710,0
7427890,-0.047,-0.058,-0.818,-0.035,0.006,-0.003,-73.986,-329.360,211.258,-178.040,-1.110,-114.430,1,0.0222,-0.0202,0.0710,0
7427968,0.366,0.104,-1.371,-0.064,0.091,-0.004,-73.986,-329.360,211.258,-178.040,-1.110,-114.430,1,0.0169,-0.0114,0.0627,0
7428078,0.468,0.110,-1.703,-0.061,0.139,-0.002,-75.708,-330.115,211.098,-178.040,-1.110,-114.429,1,0.0063,-0.0070,0.0489,0
7428187,-0.075,-0.088,-0.857,-0.031,0.028,-0.004,-75.708,-330.115,211.098,-178.040,-1.110,-114.429,1,0.0063,-0.0070,0.0489,0
7428328,-0.204,-0.161,-0.565,-0.021,-0.016,-0.004,-71.821,-329.232,211.090,-178.040,-1.110,-114.423,1,0.0063,-0.0070,0.0489,0
7428375,0.045,-0.061,-0.898,-0.042,0.033,-0.003,-71.821,-329.232,211.090,-178.040,-1.110,-114.423,1,-0.0064,-0.0057,0.0333,0
7428421,0.530,0.028,-1.453,-0.060,0.115,-0.004,-71.821,-329.232,211.090,-178.040,-1.110,-114.423,1,-0.0064,-0.0057,0.0333,0
7428500,0.819,0.219,-2.257,-0.076,0.208,-0.002,-76.965,-331.274,211.066,-178.040,-1.110,-114.424,1,-0.0064,-0.0057,0.0333,0
7428640,0.260,0.048,-1.911,-0.048,0.147,-0.002,-76.965,-331.274,211.066,-178.040,-1.110,-114.424,1,-0.0237,-0.0080,0.0195,0
7428734,-0.554,-0.238,-0.324,-0.009,-0.029,-0.003,-71.520,-329.811,211.327,-178.040,-1.110,-114.421,1,-0.0421,-0.0124,0.0095,0
7428843,-0.238,-0.388,0.055,0.017,-0.022,-0.003,-71.520,-329.811,211.327,-178.040,-1.110,-114.421,1,-0.0421,-0.0124,0.0095,0
7428921,-0.047,-0.088,-0.125,-0.005,0.018,-0.002,-58.779,-329.203,217.175,-177.679,-1.110,-114.420,1,-0.0421,-0.0124,0.0095,0
7429015,-0.203,-0.178,0.165,-0.009,0.011,-0.003,-58.779,-329.203,217.175,-177.679,-1.110,-114.420,1,-0.0287,-0.0109,0.0096,0
7429093,-0.326,-0.276,0.176,-0.003,-0.003,-0.003,-63.515,-333.383,227.894,-177.824,-1.110,-114.420,1,-0.0287,-0.0109,0.0096,0
7429171,-0.228,-0.237,0.056,-0.002,0.003,-0.004,-63.515,-333.383,227.894,-177.824,-1.110,-114.420,1,-0.0175,-0.0142,0.0282,0
7429281,-0.089,-0.015,0.038,-0.016,0.012,-0.004,-63.566,-338.161,245.143,-177.784,-1.110,-114.420,1,-0.0477,-0.0300,0.0638,0
7429390,-0.357,-0.225,-0.050,-0.001,0.008,-0.002,-63.566,-338.161,245.143,-177.784,-1.110,-114.420,1,-0.0477,-0.0300,0.0638,0
7429531,-0.282,-0.178,-0.064,-0.010,0.013,-0.002,-66.500,-342.836,270.323,-177.789,-1.110,-114.420,1,-0.0477,-0.0300,0.0638,0
7429578,-0.262,-0.208,-0.059,-0.010,0.013,-0.002,-66.500,-342.836,270.323,-177.789,-1.110,-114.420,1,-0.0683,-0.0415,0.1027,0
7429625,-0.248,-0.265,-0.107,-0.007,0.014,-0.001,-66.500,-342.836,270.323,-177.789,-1.110,-114.420,1,-0.0683,-0.0415,0.1027,0
7429703,-0.302,-0.189,-0.157,-0.012,0.007,-0.002,-67.815,-344.972,284.327,-177.786,-1.110,-114.420,1,-0.0683,-0.0415,0.1027,0
7429843,-0.191,-0.269,-0.107,-0.011,0.008,-0.004,-67.815,-344.972,284.327,-177.786,-1.110,-114.420,1,-0.0598,-0.0363,0.1059,0
7429937,-0.253,-0.198,-0.166,-0.013,0.007,-0.003,-68.289,-347.783,294.218,-177.789,-1.110,-114.420,1,-0.0406,-0.0198,0.0543,0
7430046,-0.189,-0.187,-0.077,-0.013,0.008,-0.003,-68.289,-347.783,294.218,-177.789,-1.110,-114.420,1,-0.0406,-0.0198,0.0543,0
7430125,-0.175,-0.212,-0.089,-0.012,0.009,-0.005,-68.919,-348.055,291.592,-177.790,-1.110,-114.420,1,-0.0406,-0.0198,0.0543,0
7430203,-0.199,-0.199,-0.067,-0.009,0.007,-0.004,-68.919,-348.055,291.592,-177.790,-1.110,-114.420,1,-0.0196,-0.0025,-0.0204,0
7430281,-0.178,-0.188,0.005,-0.008,0.007,-0.004,-69.811,-347.427,283.087,-177.790,-1.110,-114.420,1,-0.0196,-0.0025,-0.0204,0
7430359,-0.263,-0.170,-0.032,-0.007,0.005,-0.004,-69.811,-347.427,283.087,-177.790,-1.110,-114.420,1,-0.0057,0.0128,-0.0944,0
7430468,-0.180,-0.214,0.088,-0.009,0.007,-0.004,-70.000,-346.268,269.912,-177.790,-1.110,-114.420,1,0.0023,0.0245,-0.1531,0
7430578,-0.146,-0.201,0.108,-0.008,0.011,-0.004,-70.000,-346.268,269.912,-177.790,-1.110,-114.420,1,0.0023,0.0245,-0.1531,0
7430718,-0.201,-0.141,0.110,-0.008,0.007,-0.004,-72.369,-344.085,248.253,-177.790,-1.110,-114.420,1,0.0023,0.0245,-0.1531,0
7430765,-0.232,-0.103,0.108,-0.006,0.008,-0.003,-72.369,-344.085,248.253,-177.790,-1.110,-114.420,1,0.0062,0.0295,-0.1830,0
7430812,-0.224,-0.095,0.169,-0.008,0.010,-0.004,-72.369,-344.085,248.253,-177.790,-1.110,-114.420,1,0.0062,0.0295,-0.1830,0
7430890,-0.289,-0.127,0.145,-0.006,0.006,-0.003,-74.284,-342.637,238.048,-177.790,-1.110,-114.420,1,0.0062,0.0295,-0.1830,0
7431031,-0.335,-0.157,0.109,-0.007,0.011,-0.003,-74.284,-342.637,238.048,-177.790,-1.110,-114.420,1,0.0059,0.0275,-0.1645,0
7431125,-0.330,-0.225,0.087,-0.011,0.012,-0.004,-77.259,-341.853,228.635,-177.790,-1.110,-114.420,1,0.0037,0.0192,-0.0941,0
7431171,-0.279,-0.265,0.098,-0.011,0.014,-0.004,-77.259,-341.853,228.635,-177.790,-1.110,-114.420,1,0.0037,0.0192,-0.0941,0
7431250,-0.249,-0.260,-0.041,-0.014,0.010,-0.004,-77.259,-341.853,228.635,-177.790,-1.110,-114.420,1,0.0037,0.0192,-0.0941,0
7431328,-0.175,-0.220,-0.120,-0.019,0.006,-0.004,-80.778,-343.161,225.096,-177.790,-1.110,-114.420,1,0.0037,0.0192,-0.0941,0
7431406,-0.340,-0.119,-0.177,-0.024,-0.008,-0.003,-80.778,-343.161,225.096,-177.790,-1.110,-114.420,1,-0.0001,0.0068,-0.0161,0
7431484,-0.317,-0.023,-0.251,-0.029,-0.008,-0.004,-82.722,-344.781,222.457,-177.790,-1.110,-114.420,1,-0.0001,0.0068,-0.0161,0
7431578,-0.242,-0.037,-0.441,-0.035,-0.007,-0.004,-82.722,-344.781,222.457,-177.790,-1.110,-114.420,1,-0.0017,-0.0064,0.0405,0
7431687,-0.267,0.016,-0.631,-0.046,-0.009,-0.003,-83.108,-344.100,220.001,-177.790,-1.110,-114.420,1,0.0046,-0.0114,0.0706,0
7431796,-0.203,0.078,-0.889,-0.058,0.001,-0.005,-83.108,-344.100,220.001,-177.790,-1.110,-114.420,1,0.0046,-0.0114,0.0706,0
7431937,-0.091,0.152,-1.321,-0.071,0.021,-0.003,-83.089,-343.987,216.617,-177.790,-1.110,-114.420,1,0.0046,-0.0114,0.0706,0
7431984,-0.080,0.134,-1.429,-0.072,0.026,-0.002,-83.089,-343.987,216.617,-177.790,-1.110,-114.420,1,0.0145,-0.0053,0.0737,0
7432031,-0.098,0.123,-1.449,-0.072,0.026,-0.002,-83.089,-343.987,216.617,-177.790,-1.110,-114.420,1,0.0145,-0.0053,0.0737,0
7432109,-0.082,0.042,-1.269,-0.067,0.020,-0.004,-81.857,-343.186,215.915,-177.790,-1.110,-114.445,1,0.0145,-0.0053,0.0737,0
7432250,-0.064,0.006,-1.064,-0.061,0.024,-0.003,-81.857,-343.186,215.915,-177.790,-1.110,-114.445,1,0.0215,0.0026,0.0649,0
7432343,-0.093,-0.008,-1.031,-0.061,0.026,-0.004,-80.740,-342.820,215.730,-177.790,-1.110,-114.450,1,0.0250,0.0074,0.0568,0
7432453,-0.088,-0.004,-1.047,-0.063,0.026,-0.004,-80.740,-342.820,215.730,-177.790,-1.110,-114.450,1,0.0250,0.0074,0.0568,0
7432531,-0.108,-0.014,-1.030,-0.060,0.023,-0.003,-80.606,-342.795,215.730,-177.790,-1.110,-114.450,1,0.0250,0.0074,0.0568,0
7432625,-0.169,-0.020,-0.936,-0.058,0.018,-0.004,-80.606,-342.795,215.730,-177.790,-1.110,-114.450,1,0.0226,0.0082,0.0478,0
7432687,-0.115,-0.043,-0.873,-0.055,0.022,-0.004,-79.874,-342.404,215.678,-177.790,-1.110,-114.450,1,0.0226,0.0082,0.0478,0
7432765,-0.061,-0.051,-1.037,-0.059,0.032,-0.003,-79.874,-342.404,215.678,-177.790,-1.110,-114.450,1,0.0159,0.0065,0.0353,0
7432890,0.065,-0.000,-1.278,-0.067,0.059,-0.005,-80.070,-342.540,215.091,-177.790,-1.110,-114.450,1,0.0090,0.0044,0.0219,0
7432984,0.195,0.016,-1.465,-0.069,0.082,-0.005,-80.070,-342.540,215.091,-177.790,-1.110,-114.450,1,0.0090,0.0044,0.0219,0
7433125,0.477,-0.124,-2.004,-0.043,0.140,-0.004,-80.123,-342.602,213.025,-177.790,-1.110,-114.450,1,0.0090,0.0044,0.0219,0
7433171,0.446,-0.121,-2.090,-0.039,0.139,-0.003,-80.123,-342.602,213.025,-177.790,-1.110,-114.450,1,0.0021,0.0015,0.0085,0
7433218,0.361,-0.154,-2.005,-0.036,0.130,-0.003,-80.123,-342.602,213.025,-177.790,-1.110,-114.450,1,0.0021,0.0015,0.0085,0
7433296,0.087,-0.220,-1.483,-0.028,0.087,-0.005,-78.506,-342.254,212.823,-177.740,-1.110,-114.400,1,0.0021,0.0015,0.0085,0
7433437,0.174,-0.077,-1.457,-0.028,0.088,-0.004,-78.506,-342.254,212.823,-177.740,-1.110,-114.400,1,-0.0004,-0.0003,0.0005,0
7433531,0.519,-0.158,-2.073,-0.034,0.168,-0.004,-78.103,-342.161,211.907,-177.748,-1.110,-114.408,1,0.0026,0.0000,0.0006,0
7433640,0.489,-0.245,-1.955,-0.021,0.164,-0.005,-78.103,-342.161,211.907,-177.748,-1.110,-114.408,1,0.0026,0.0000,0.0006,0
7433718,0.042,-0.238,-1.460,-0.012,0.093,-0.004,-77.046,-342.040,211.757,-177.745,-1.110,-114.405,1,0.0026,0.0000,0.0006,0
7433812,-0.147,-0.055,-0.747,-0.016,0.014,-0.003,-77.046,-342.040,211.757,-177.745,-1.110,-114.405,1,0.0046,0.0003,0.0030,0
7433890,0.018,0.047,-0.725,-0.027,0.026,-0.004,-74.518,-341.820,211.789,-177.749,-1.110,-114.409,1,0.0046,0.0003,0.0030,0
7433968,0.424,0.062,-1.479,-0.048,0.135,-0.005,-74.518,-341.820,211.789,-177.749,-1.110,-114.409,1,0.0073,0.0004,0.0049,0
7434093,0.203,-0.114,-1.164,-0.053,0.124,-0.004,-78.453,-342.116,212.634,-177.750,-1.110,-114.410,1,0.0026,-0.0001,0.0076,0
7434203,-0.387,-0.213,-0.034,-0.023,0.005,-0.005,-78.453,-342.116,212.634,-177.750,-1.110,-114.410,1,0.0026,-0.0001,0.0076,0
7434328,-0.183,-0.137,0.072,-0.006,0.014,-0.004,-75.315,-341.246,228.409,-177.750,-1.110,-114.410,1,0.0026,-0.0001,0.0076,0
7434375,-0.160,-0.114,0.069,-0.010,0.017,-0.004,-75.315,-341.246,228.409,-177.750,-1.110,-114.410,1,-0.0135,-0.0010,0.0202,0
7434421,-0.201,-0.143,0.068,-0.011,0.017,-0.005,-75.315,-341.246,228.409,-177.750,-1.110,-114.410,1,-0.0135,-0.0010,0.0202,0
7434500,-0.379,-0.240,0.069,-0.011,0.009,-0.005,-77.412,-342.604,244.092,-177.750,-1.110,-114.410,1,-0.0135,-0.0010,0.0202,0
7434640,-0.174,-0.280,0.030,-0.011,0.013,-0.005,-77.412,-342.604,244.092,-177.750,-1.110,-114.410,1,-0.0278,-0.0040,0.0434,0
7434734,-0.177,-0.257,0.013,-0.011,0.010,-0.003,-79.919,-341.844,264.690,-177.750,-1.110,-114.410,1,-0.0418,-0.0089,0.0610,0
7434843,-0.193,-0.197,-0.008,-0.008,0.005,-0.004,-79.919,-341.844,264.690,-177.750,-1.110,-114.410,1,-0.0418,-0.0089,0.0610,0
7434921,-0.160,-0.135,0.043,-0.009,0.005,-0.005,-82.395,-340.112,283.571,-177.750,-1.110,-114.410,1,-0.0418,-0.0089,0.0610,0
7435015,-0.166,-0.132,-0.045,-0.008,0.008,-0.005,-82.395,-340.112,283.571,-177.750,-1.110,-114.410,1,-0.0499,-0.0080,0.0658,0
7435093,-0.164,-0.136,-0.371,-0.006,0.011,-0.003,-83.479,-335.975,296.563,-177.750,-1.110,-114.410,1,-0.0499,-0.0080,0.0658,0
7435171,-0.180,-0.232,-0.116,-0.000,0.010,-0.003,-83.479,-335.975,296.563,-177.750,-1.110,-114.410,1,-0.0428,0.0019,0.0478,0
7435281,-0.199,-0.125,0.069,-0.009,0.008,-0.005,-83.790,-335.350,297.210,-177.750,-1.110,-114.410,1,-0.0259,0.0095,-0.0095,0
7435406,-0.198,-0.141,0.069,-0.008,0.008,-0.005,-83.790,-335.350,297.210,-177.750,-1.110,-114.410,1,-0.0259,0.0095,-0.0095,0
7435531,-0.203,-0.140,0.026,-0.007,0.008,-0.003,-83.790,-335.350,297.210,-177.750,-1.110,-114.410,1,-0.0259,0.0095,-0.0095,0
7435578,-0.194,-0.123,0.017,-0.007,0.008,-0.003,-83.790,-335.350,297.210,-177.750,-1.110,-114.410,1,-0.0259,0.0095,-0.0095,0
7435625,-0.195,-0.121,0.037,-0.008,0.008,-0.004,-83.790,-335.350,297.210,-177.750,-1.110,-114.410,1,-0.0259,0.0095,-0.0095,0
7435703,-0.196,-0.128,0.022,-0.007,0.008,-0.003,-83.790,-335.350,297.210,-177.750,-1.110,-114.410,1,-0.0259,0.0095,-0.0095,0
7435843,-0.198,-0.135,-0.011,-0.008,0.008,-0.004,-83.790,-335.350,297.210,-177.750,-1.110,-114.410,1,-0.0259,0.0095,-0.0095,0
7435937,-0.181,-0.147,0.039,-0.008,0.008,-0.005,-83.790,-335.350,297.210,-177.750,-1.110,-114.410,1,-0.0259,0.0095,-0.0095,0
7436046,-0.185,-0.139,0.029,-0.007,0.008,-0.004,-83.790,-335.350,297.210,-177.750,-1.110,-114.410,1,-0.0259,0.0095,-0.0095,0
7436125,-0.185,-0.149,0.057,-0.008,0.008,-0.005,-83.790,-335.350,297.210,-177.750,-1.110,-114.410,1,-0.0259,0.0095,-0.0095,0
7436218,-0.195,-0.132,-0.012,-0.008,0.008,-0.002,-83.790,-335.350,297.210,-177.750,-1.110,-114.410,1,-0.0259,0.0095,-0.0095,0
7436296,-0.192,-0.133,0.037,-0.008,0.008,-0.004,-83.790,-335.350,297.210,-177.750,-1.110,-114.410,1,-0.0259,0.0095,-0.0095,0
7436375,-0.186,-0.133,0.023,-0.008,0.008,-0.003,-83.790,-335.350,297.210,-177.750,-1.110,-114.410,1,-0.0259,0.0095,-0.0095,0
7436484,-0.179,-0.125,0.015,-0.008,0.007,-0.003,-83.790,-335.350,297.210,-177.750,-1.110,-114.410,1,-0.0259,0.0095,-0.0095,0
7436593,-0.176,-0.140,0.064,-0.008,0.008,-0.005,-83.790,-335.350,297.210,-177.750,-1.110,-114.410,1,-0.0259,0.0095,-0.0095,0
7436734,-0.193,-0.134,0.026,-0.008,0.008,-0.004,-83.790,-335.350,297.210,-177.750,-1.110,-114.410,1,-0.0259,0.0095,-0.0095,0
7436781,-0.181,-0.149,0.049,-0.008,0.008,-0.005,-83.790,-335.350,297.210,-177.750,-1.110,-114.410,1,-0.0259,0.0095,-0.0095,0
7436828,-0.183,-0.137,0.042,-0.008,0.008,-0.005,-83.790,-335.350,297.210,-177.750,-1.110,-114.410,1,-0.0259,0.0095,-0.0095,0
7436906,-0.192,-0.122,0.000,-0.007,0.008,-0.003,-83.790,-335.350,297.210,-177.750,-1.110,-114.410,1,-0.0259,0.0095,-0.0095,0
7437046,-0.184,-0.138,0.064,-0.008,0.007,-0.005,-83.790,-335.350,297.210,-177.750,-1.110,-114.410,1,-0.0259,0.0095,-0.0095,0
7437140,-0.181,-0.123,0.001,-0.008,0.007,-0.003,-83.790,-335.350,297.210,-177.750,-1.110,-114.410,1,-0.0259,0.0095,-0.0095,0
7437250,-0.184,-0.113,0.014,-0.007,0.008,-0.003,-83.790,-335.350,297.210,-177.750,-1.110,-114.410,1,-0.0259,0.0095,-0.0095,0
7437328,-0.187,-0.137,0.021,-0.008,0.008,-0.004,-83.790,-335.350,297.210,-177.750,-1.110,-114.410,1,-0.0259,0.0095,-0.0095,0
7437421,-0.178,-0.141,0.059,-0.008,0.008,-0.006,-83.790,-335.350,297.210,-177.750,-1.110,-114.410,1,-0.0259,0.0095,-0.0095,0
7437500,-0.190,-0.127,0.014,-0.008,0.008,-0.003,-83.790,-335.350,297.210,-177.750,-1.110,-114.410,1,-0.0259,0.0095,-0.0095,0
7437578,-0.183,-0.133,0.057,-0.008,0.008,-0.005,-83.790,-335.350,297.210,-177.750,-1.110,-114.410,1,-0.0259,0.0095,-0.0095,0
7437687,-0.183,-0.134,0.070,-0.008,0.008,-0.005,-83.790,-335.350,297.210,-177.750,-1.110,-114.410,1,-0.0259,0.0095,-0.0095,0
7437796,-0.182,-0.127,0.019,-0.008,0.008,-0.004,-83.790,-335.350,297.210,-177.750,-1.110,-114.410,1,-0.0259,0.0095,-0.0095,0
7437937,-0.173,-0.124,0.033,-0.008,0.007,-0.005,-83.790,-335.350,297.210,-177.750,-1.110,-114.410,1,-0.0259,0.0095,-0.0095,0
7437984,-0.171,-0.123,0.026,-0.008,0.007,-0.004,-83.790,-335.350,297.210,-177.750,-1.110,-114.410,1,-0.0259,0.0095,-0.0095,0
7438031,-0.177,-0.112,-0.018,-0.007,0.007,-0.002,-83.790,-335.350,297.210,-177.750,-1.110,-114.410,1,-0.0259,0.0095,-0.0095,0
7438109,-0.172,-0.113,-0.003,-0.007,0.007,-0.003,-83.790,-335.350,297.210,-177.750,-1.110,-114.410,1,-0.0259,0.0095,-0.0095,0
7438250,-0.187,-0.135,0.048,-0.008,0.008,-0.004,-83.790,-335.350,297.210,-177.750,-1.110,-114.410,1,-0.0259,0.0095,-0.0095,0
7438343,-0.178,-0.140,0.050,-0.007,0.008,-0.004,-83.790,-335.350,297.210,-177.750,-1.110,-114.410,1,-0.0259,0.0095,-0.0095,0
7438453,-0.178,-0.138,-0.001,-0.008,0.008,-0.003,-83.790,-335.350,297.210,-177.750,-1.110,-114.410,1,-0.0259,0.0095,-0.0095,0
7438531,-0.180,-0.142,0.049,-0.008,0.008,-0.005,-83.790,-335.350,297.210,-177.750,-1.110,-114.410,1,-0.0259,0.0095,-0.0095,0
7438625,-0.179,-0.139,0.055,-0.008,0.007,-0.005,-83.790,-335.350,297.210,-177.750,-1.110,-114.410,1,-0.0259,0.0095,-0.0095,0
7438703,-0.186,-0.127,0.002,-0.007,0.007,-0.003,-83.790,-335.350,297.210,-177.750,-1.110,-114.410,1,-0.0259,0.0095,-0.0095,0
7438781,-0.167,-0.134,0.010,-0.008,0.007,-0.003,-83.790,-335.350,297.210,-177.750,-1.110,-114.410,1,-0.0259,0.0095,-0.0095,0
7438890,-0.189,-0.137,0.009,-0.008,0.008,-0.004,-83.790,-335.350,297.210,-177.750,-1.110,-114.410,1,-0.0259,0.0095,-0.0095,0
7438937,-0.185,-0.139,0.026,-0.008,0.008,-0.005,-83.790,-335.350,297.210,-177.750,-1.110,-114.410,1,-0.0259,0.0095,-0.0095,0
7439015,-0.189,-0.131,0.060,-0.008,0.007,-0.005,-83.790,-335.350,297.210,-177.750,-1.110,-114.410,1,-0.0259,0.0095,-0.0095,0
7439156,-0.196,-0.124,0.014,-0.007,0.008,-0.003,-83.790,-335.350,297.210,-177.750,-1.110,-114.410,1,-0.0259,0.0095,-0.0095,0
7439203,-0.195,-0.130,0.019,-0.007,0.008,-0.003,-83.790,-335.350,297.210,-177.750,-1.110,-114.410,1,-0.0259,0.0095,-0.0095,0
7439312,-0.186,-0.133,0.039,-0.008,0.007,-0.004,-83.790,-335.350,297.210,-177.750,-1.110,-114.410,1,-0.0259,0.0095,-0.0095,0
7439468,-0.182,-0.126,0.002,-0.008,0.007,-0.004,-83.790,-335.350,297.210,-177.750,-1.110,-114.410,1,-0.0259,0.0095,-0.0095,0
7439546,-0.170,-0.129,0.041,-0.008,0.007,-0.005,-83.790,-335.350,297.210,-177.750,-1.110,-114.410,1,-0.0259,0.0095,-0.0095,0
7439656,-0.199,-0.133,0.021,-0.007,0.008,-0.003,-83.790,-335.350,297.210,-177.750,-1.110,-114.410,1,-0.0259,0.0095,-0.0095,0
7439734,-0.191,-0.137,0.029,-0.008,0.008,-0.004,-83.790,-335.350,297.210,-177.750,-1.110,-114.410,1,-0.0259,0.0095,-0.0095,0
7439828,-0.177,-0.137,0.045,-0.008,0.007,-0.005,-83.790,-335.350,297.210,-177.750,-1.110,-114.410,1,-0.0259,0.0095,-0.0095,0
7439906,-0.190,-0.142,0.012,-0.008,0.008,-0.004,-83.790,-335.350,297.210,-177.750,-1.110,-114.410,1,-0.0259,0.0095,-0.0095,0
7439984,-0.186,-0.141,-0.001,-0.007,0.008,-0.004,-83.790,-335.350,297.210,-177.750,-1.110,-114.410,1,-0.0259,0.0095,-0.0095,0
7440093,-0.197,-0.128,0.023,-0.007,0.008,-0.003,-83.790,-335.350,297.210,-177.750,-1.110,-114.410,1,-0.0259,0.0095,-0.0095,0
7440218,-0.185,-0.124,-0.010,-0.008,0.007,-0.002,-83.790,-335.350,297.210,-177.750,-1.110,-114.410,1,-0.0259,0.0095,-0.0095,0
7440359,-0.165,-0.132,0.024,-0.008,0.007,-0.004,-83.790,-335.350,297.210,-177.750,-1.110,-114.410,1,-0.0259,0.0095,-0.0095,0
7440406,-0.175,-0.137,0.041,-0.008,0.008,-0.004,-83.790,-335.350,297.210,-177.750,-1.110,-114.410,1,-0.0259,0.0095,-0.0095,0
7440453,-0.167,-0.146,0.066,-0.008,0.007,-0.005,-83.790,-335.350,297.210,-177.750,-1.110,-114.410,1,-0.0259,0.0095,-0.0095,0
7440531,-0.195,-0.166,0.005,-0.008,0.008,-0.003,-83.790,-335.350,297.210,-177.750,-1.110,-114.410,1,-0.0259,0.0095,-0.0095,0
7440671,-0.192,-0.147,0.013,-0.008,0.007,-0.003,-83.790,-335.350,297.210,-177.750,-1.110,-114.410,1,-0.0259,0.0095,-0.0095,0
7440765,-0.187,-0.149,0.025,-0.008,0.008,-0.004,-83.790,-335.350,297.210,-177.750,-1.110,-114.410,1,-0.0259,0.0095,-0.0095,0
7440875,-0.185,-0.146,0.012,-0.008,0.007,-0.003,-83.790,-335.350,297.210,-177.750,-1.110,-114.410,1,-0.0259,0.0095,-0.0095,0
7440953,-0.194,-0.121,-0.000,-0.007,0.007,-0.003,-83.790,-335.350,297.210,-177.750,-1.110,-114.410,1,-0.0259,0.0095,-0.0095,0
7441046,-0.209,-0.118,-0.010,-0.007,0.008,-0.002,-83.790,-335.350,297.210,-177.750,-1.110,-114.410,1,-0.0259,0.0095,-0.0095,0
7441125,-0.194,-0.136,0.034,-0.007,0.008,-0.004,-83.790,-335.350,297.210,-177.750,-1.110,-114.410,1,-0.0259,0.0095,-0.0095,0
7441203,-0.195,-0.128,0.029,-0.008,0.008,-0.004,-83.790,-335.350,297.210,-177.750,-1.110,-114.410,1,-0.0259,0.0095,-0.0095,0
7441312,-0.210,-0.143,-0.005,-0.008,0.008,-0.002,-83.790,-335.350,297.210,-177.750,-1.110,-114.410,1,-0.0259,0.0095,-0.0095,0
7441421,-0.196,-0.146,0.034,-0.008,0.008,-0.004,-83.790,-335.350,297.210,-177.750,-1.110,-114.410,1,-0.0259,0.0095,-0.0095,0
7441562,-0.193,-0.137,-0.014,-0.008,0.008,-0.003,-83.790,-335.350,297.210,-177.750,-1.110,-114.410,1,-0.0259,0.0095,-0.0095,0
7441609,-0.189,-0.142,0.028,-0.008,0.008,-0.005,-83.790,-335.350,297.210,-177.750,-1.110,-114.410,1,-0.0259,0.0095,-0.0095,0
7441656,-0.187,-0.139,0.022,-0.008,0.008,-0.005,-83.790,-335.350,297.210,-177.750,-1.110,-114.410,1,-0.0259,0.0095,-0.0095,0
7441734,-0.209,-0.136,-0.000,-0.007,0.008,-0.002,-83.790,-335.350,297.210,-177.750,-1.110,-114.410,1,-0.0259,0.0095,-0.0095,0
7441875,-0.177,-0.134,0.031,-0.008,0.007,-0.004,-83.790,-335.350,297.210,-177.750,-1.110,-114.410,1,-0.0259,0.0095,-0.0095,0
7441968,-0.181,-0.148,0.058,-0.008,0.007,-0.005,-83.790,-335.350,297.210,-177.750,-1.110,-114.410,1,-0.0259,0.0095,-0.0095,0
7442078,-0.202,-0.150,0.000,-0.008,0.008,-0.003,-83.790,-335.350,297.210,-177.750,-1.110,-114.410,1,-0.0259,0.0095,-0.0095,0
7442156,-0.177,-0.178,0.049,-0.009,0.008,-0.006,-83.790,-335.350,297.210,-177.750,-1.110,-114.410,1,-0.0259,0.0095,-0.0095,0
7442250,-0.204,-0.149,0.022,-0.008,0.008,-0.003,-83.790,-335.350,297.210,-177.750,-1.110,-114.410,1,-0.0259,0.0095,-0.0095,0
7442328,-0.206,-0.130,0.020,-0.007,0.008,-0.002,-83.790,-335.350,297.210,-177.750,-1.110,-114.410,1,-0.0259,0.0095,-0.0095,0
7442406,-0.183,-0.144,0.006,-0.007,0.007,-0.003,-83.790,-335.350,297.210,-177.750,-1.110,-114.410,1,-0.0259,0.0095,-0.0095,0
7442515,-0.191,-0.140,0.016,-0.008,0.007,-0.003,-83.790,-335.350,297.210,-177.750,-1.110,-114.410,1,-0.0259,0.0095,-0.0095,0
7442625,-0.169,-0.142,0.007,-0.008,0.008,-0.003,-83.790,-335.350,297.210,-177.750,-1.110,-114.410,1,-0.0259,0.0095,-0.0095,0
7442765,-0.184,-0.160,0.032,-0.008,0.008,-0.004,-83.790,-335.350,297.210,-177.750,-1.110,-114.410,1,-0.0259,0.0095,-0.0095,0
7442812,-0.207,-0.152,0.024,-0.008,0.008,-0.003,-83.790,-335.350,297.210,-177.750,-1.110,-114.410,1,-0.0259,0.0095,-0.0095,0
7442859,-0.202,-0.147,0.052,-0.008,0.008,-0.004,-83.790,-335.350,297.210,-177.750,-1.110,-114.410,1,-0.0259,0.0095,-0.0095,0
7442937,-0.204,-0.134,0.010,-0.007,0.008,-0.003,-83.790,-335.350,297.210,-177.750,-1.110,-114.410,1,-0.0259,0.0095,-0.0095,0
7443078,-0.195,-0.143,0.036,-0.008,0.008,-0.004,-83.790,-335.350,297.210,-177.750,-1.110,-114.410,1,-0.0259,0.0095,-0.0095,0
7443171,-0.199,-0.144,0.043,-0.007,0.008,-0.004,-83.790,-335.350,297.210,-177.750,-1.110,-114.410,1,-0.0259,0.0095,-0.0095,0
7443281,-0.195,-0.135,0.002,-0.007,0.008,-0.003,-83.790,-335.350,297.210,-177.750,-1.110,-114.410,1,-0.0259,0.0095,-0.0095,0
7443359,-0.192,-0.132,0.018,-0.008,0.008,-0.004,-83.790,-335.350,297.210,-177.750,-1.110,-114.410,1,-0.0259,0.0095,-0.0095,0
7443453,-0.191,-0.129,0.024,-0.008,0.008,-0.003,-83.790,-335.350,297.210,-177.750,-1.110,-114.410,1,-0.0259,0.0095,-0.0095,0
7443531,-0.201,-0.139,0.027,-0.007,0.008,-0.003,-83.790,-335.350,297.210,-177.750,-1.110,-114.410,1,-0.0259,0.0095,-0.0095,0
7443609,-0.205,-0.146,0.033,-0.007,0.008,-0.003,-83.790,-335.350,297.210,-177.750,-1.110,-114.410,1,-0.0259,0.0095,-0.0095,0
7443718,-0.210,-0.140,-0.003,-0.007,0.008,-0.002,-83.790,-335.350,297.210,-177.750,-1.110,-114.410,1,-0.0259,0.0095,-0.0095,0
7443828,-0.206,-0.137,-0.003,-0.007,0.008,-0.002,-83.790,-335.350,297.210,-177.750,-1.110,-114.410,1,-0.0259,0.0095,-0.0095,0
7443968,-0.188,-0.151,0.072,-0.008,0.008,-0.005,-83.790,-335.350,297.210,-177.750,-1.110,-114.410,1,-0.0259,0.0095,-0.0095,0
7444015,-0.189,-0.141,0.061,-0.008,0.008,-0.005,-83.790,-335.350,297.210,-177.750,-1.110,-114.410,1,-0.0259,0.0095,-0.0095,0
7444062,-0.191,-0.143,0.044,-0.008,0.008,-0.004,-83.790,-335.350,297.210,-177.750,-1.110,-114.410,1,-0.0259,0.0095,-0.0095,0
7444140,-0.211,-0.136,0.013,-0.007,0.008,-0.002,-83.790,-335.350,297.210,-177.750,-1.110,-114.410,1,-0.0259,0.0095,-0.0095,0
7444281,-0.191,-0.166,0.026,-0.008,0.008,-0.004,-83.790,-335.350,297.210,-177.750,-1.110,-114.410,1,-0.0259,0.0095,-0.0095,0
7444375,-0.195,-0.146,0.039,-0.008,0.008,-0.004,-83.790,-335.350,297.210,-177.750,-1.110,-114.410,1,-0.0259,0.0095,-0.0095,0
7444484,-0.193,-0.150,0.028,-0.008,0.008,-0.004,-83.790,-335.350,297.210,-177.750,-1.110,-114.410,1,-0.0259,0.0095,-0.0095,0
7444562,-0.197,-0.141,0.022,-0.007,0.008,-0.003,-83.790,-335.350,297.210,-177.750,-1.110,-114.410,1,-0.0259,0.0095,-0.0095,0
7444656,-0.182,-0.141,-0.001,-0.008,0.008,-0.003,-83.790,-335.350,297.210,-177.750,-1.110,-114.410,1,-0.0259,0.0095,-0.0095,0
7444734,-0.172,-0.154,0.022,-0.008,0.007,-0.004,-83.790,-335.350,297.210,-177.750,-1.110,-114.410,1,-0.0259,0.0095,-0.0095,0
7444812,-0.203,-0.128,-0.014,-0.007,0.008,-0.002,-83.790,-335.350,297.210,-177.750,-1.110,-114.410,1,-0.0259,0.0095,-0.0095,0
7444921,-0.179,-0.140,0.076,-0.008,0.007,-0.005,-83.790,-335.350,297.210,-177.750,-1.110,-114.410,1,-0.0259,0.0095,-0.0095,0
7445031,-0.211,-0.145,0.033,-0.007,0.008,-0.003,-83.790,-335.350,297.210,-177.750,-1.110,-114.410,1,-0.0259,0.0095,-0.0095,0
7445171,-0.179,-0.154,0.059,-0.008,0.008,-0.006,-83.790,-335.350,297.210,-177.750,-1.110,-114.410,1,-0.0259,0.0095,-0.0095,0
7445218,-0.188,-0.148,0.022,-0.008,0.008,-0.004,-83.790,-335.350,297.210,-177.750,-1.110,-114.410,1,-0.0259,0.0095,-0.0095,0
7445265,-0.207,-0.130,-0.013,-0.007,0.008,-0.002,-83.790,-335.350,297.210,-177.750,-1.110,-114.410,1,-0.0259,0.0095,-0.0095,0
7445343,-0.193,-0.135,0.022,-0.007,0.008,-0.004,-83.790,-335.350,297.210,-177.750,-1.110,-114.410,1,-0.0259,0.0095,-0.0095,0
7445484,-0.195,-0.130,0.021,-0.007,0.008,-0.002,-83.790,-335.350,297.210,-177.750,-1.110,-114.410,1,-0.0259,0.0095,-0.0095,0
7445578,-0.197,-0.137,-0.005,-0.008,0.008,-0.002,-83.790,-335.350,297.210,-177.750,-1.110,-114.410,1,-0.0259,0.0095,-0.0095,0
7445687,-0.189,-0.132,0.002,-0.007,0.008,-0.002,-83.790,-335.350,297.210,-177.750,-1.110,-114.410,1,-0.0259,0.0095,-0.0095,0
7445765,-0.199,-0.137,0.013,-0.007,0.008,-0.003,-83.790,-335.350,297.210,-177.750,-1.110,-114.410,1,-0.0259,0.0095,-0.0095,0
7445859,-0.191,-0.143,0.058,-0.007,0.008,-0.005,-83.790,-335.350,297.210,-177.750,-1.110,-114.410,1,-0.0259,0.0095,-0.0095,0
7445937,-0.177,-0.160,0.040,-0.009,0.008,-0.006,-83.790,-335.350,297.210,-177.750,-1.110,-114.410,1,-0.0259,0.0095,-0.0095,0
7446015,-0.202,-0.134,-0.001,-0.007,0.008,-0.002,-83.790,-335.350,297.210,-177.750,-1.110,-114.410,1,-0.0259,0.0095,-0.0095,0
7446125,-0.193,-0.133,0.026,-0.007,0.008,-0.003,-83.790,-335.350,297.210,-177.750,-1.110,-114.410,1,-0.0259,0.0095,-0.0095,0
7446234,-0.198,-0.125,0.012,-0.007,0.008,-0.002,-83.790,-335.350,297.210,-177.750,-1.110,-114.410,1,-0.0259,0.0095,-0.0095,0
7446375,-0.197,-0.135,0.038,-0.007,0.008,-0.003,-83.790,-335.350,297.210,-177.750,-1.110,-114.410,1,-0.0259,0.0095,-0.0095,0
7446421,-0.168,-0.145,0.064,-0.008,0.008,-0.005,-83.790,-335.350,297.210,-177.750,-1.110,-114.410,1,-0.0259,0.0095,-0.0095,0
7446468,-0.170,-0.142,0.042,-0.008,0.008,-0.005,-83.790,-335.350,297.210,-177.750,-1.110,-114.410,1,-0.0259,0.0095,-0.0095,0
7446546,-0.168,-0.168,0.052,-0.009,0.007,-0.005,-83.790,-335.350,297.210,-177.750,-1.110,-114.410,1,-0.0259,0.0095,-0.0095,0
7446687,-0.193,-0.144,0.041,-0.007,0.008,-0.004,-83.790,-335.350,297.210,-177.750,-1.110,-114.410,1,-0.0259,0.0095,-0.0095,0
7446781,-0.190,-0.146,0.017,-0.007,0.008,-0.003,-83.790,-335.350,297.210,-177.750,-1.110,-114.410,1,-0.0259,0.0095,-0.0095,0
7446890,-0.191,-0.136,0.056,-0.008,0.008,-0.005,-83.790,-335.350,297.210,-177.750,-1.110,-114.410,1,-0.0259,0.0095,-0.0095,0
7446968,-0.193,-0.126,0.001,-0.007,0.008,-0.003,-83.790,-335.350,297.210,-177.750,-1.110,-114.410,1,-0.0259,0.0095,-0.0095,0
7447062,-0.199,-0.134,0.030,-0.007,0.008,-0.003,-83.790,-335.350,297.210,-177.750,-1.110,-114.410,1,-0.0259,0.0095,-0.0095,0
7447140,-0.181,-0.130,0.042,-0.008,0.008,-0.004,-83.790,-335.350,297.210,-177.750,-1.110,-114.410,1,-0.0259,0.0095,-0.0095,0
7447218,-0.182,-0.125,0.014,-0.008,0.008,-0.003,-83.790,-335.350,297.210,-177.750,-1.110,-114.410,1,-0.0259,0.0095,-0.0095,0
7447328,-0.209,-0.146,-0.006,-0.007,0.008,-0.003,-83.790,-335.350,297.210,-177.750,-1.110,-114.410,1,-0.0259,0.0095,-0.0095,0
7447437,-0.198,-0.134,0.026,-0.007,0.008,-0.003,-83.790,-335.350,297.210,-177.750,-1.110,-114.410,1,-0.0259,0.0095,-0.0095,0
7447578,-0.190,-0.138,0.032,-0.007,0.007,-0.003,-83.790,-335.350,297.210,-177.750,-1.110,-114.410,1,-0.0259,0.0095,-0.0095,0
7447625,-0.196,-0.128,0.024,-0.007,0.008,-0.002,-83.790,-335.350,297.210,-177.750,-1.110,-114.410,1,-0.0259,0.0095,-0.0095,0
7447671,-0.201,-0.120,0.019,-0.007,0.008,-0.002,-83.790,-335.350,297.210,-177.750,-1.110,-114.410,1,-0.0259,0.0095,-0.0095,0
7447750,-0.194,-0.128,0.018,-0.006,0.008,-0.001,-83.790,-335.350,297.210,-177.750,-1.110,-114.410,1,-0.0259,0.0095,-0.0095,0
7447890,-0.189,-0.134,0.032,-0.007,0.007,-0.004,-83.790,-335.350,297.210,-177.750,-1.110,-114.410,1,-0.0259,0.0095,-0.0095,0
7447984,-0.213,-0.131,0.000,-0.007,0.008,-0.002,-83.790,-335.350,297.210,-177.750,-1.110,-114.410,1,-0.0259,0.0095,-0.0095,0
7448093,-0.175,-0.145,0.072,-0.008,0.007,-0.005,-83.790,-335.350,297.210,-177.750,-1.110,-114.410,1,-0.0259,0.0095,-0.0095,0
7448171,-0.186,-0.139,0.046,-0.008,0.007,-0.004,-83.790,-335.350,297.210,-177.750,-1.110,-114.410,1,-0.0259,0.0095,-0.0095,0
7448265,-0.183,-0.139,0.022,-0.008,0.008,-0.003,-83.790,-335.350,297.210,-177.750,-1.110,-114.410,1,-0.0259,0.0095,-0.0095,0
7448343,-0.190,-0.113,-0.001,-0.006,0.008,-0.002,-83.790,-335.350,297.210,-177.750,-1.110,-114.410,1,-0.0259,0.0095,-0.0095,0
7448421,-0.190,-0.118,0.014,-0.006,0.008,-0.002,-83.790,-335.350,297.210,-177.750,-1.110,-114.410,1,-0.0259,0.0095,-0.0095,0
7448531,-0.169,-0.141,0.044,-0.008,0.007,-0.005,-83.790,-335.350,297.210,-177.750,-1.110,-114.410,1,-0.0259,0.0095,-0.0095,0
7448640,-0.178,-0.136,0.026,-0.007,0.007,-0.003,-83.790,-335.350,297.210,-177.750,-1.110,-114.410,1,-0.0259,0.0095,-0.0095,0
7448781,-0.170,-0.139,0.030,-0.008,0.007,-0.004,-83.790,-335.350,297.210,-177.750,-1.110,-114.410,1,-0.0259,0.0095,-0.0095,0
7448828,-0.179,-0.133,0.028,-0.007,0.007,-0.004,-83.790,-335.350,297.210,-177.750,-1.110,-114.410,1,-0.0259,0.0095,-0.0095,0
7448875,-0.197,-0.128,-0.010,-0.006,0.008,-0.002,-83.790,-335.350,297.210,-177.750,-1.110,-114.410,1,-0.0259,0.0095,-0.0095,0
7448953,-0.177,-0.137,0.025,-0.007,0.007,-0.004,-83.790,-335.350,297.210,-177.750,-1.110,-114.410,1,-0.0259,0.0095,-0.0095,0
7449093,-0.182,-0.127,0.033,-0.007,0.008,-0.003,-83.790,-335.350,297.210,-177.750,-1.110,-114.410,1,-0.0259,0.0095,-0.0095,0
7449187,-0.179,-0.130,0.021,-0.007,0.008,-0.003,-83.790,-335.350,297.210,-177.750,-1.110,-114.410,1,-0.0259,0.0095,-0.0095,0
7449296,-0.159,-0.133,0.049,-0.008,0.007,-0.005,-83.790,-335.350,297.210,-177.750,-1.110,-114.410,1,-0.0259,0.0095,-0.0095,0
7449375,-0.189,-0.131,0.008,-0.006,0.008,-0.002,-83.790,-335.350,297.210,-177.750,-1.110,-114.410,1,-0.0259,0.0095,-0.0095,0
7449468,-0.152,-0.130,0.030,-0.008,0.007,-0.004,-83.790,-335.350,297.210,-177.750,-1.110,-114.410,1,-0.0259,0.0095,-0.0095,0
7449546,-0.175,-0.133,0.019,-0.007,0.008,-0.003,-83.790,-335.350,297.210,-177.750,-1.110,-114.410,1,-0.0259,0.0095,-0.0095,0
7449625,-0.190,-0.134,0.015,-0.007,0.008,-0.003,-83.790,-335.350,297.210,-177.750,-1.110,-114.410,1,-0.0259,0.0095,-0.0095,0
7449734,-0.165,-0.143,0.052,-0.008,0.007,-0.005,-83.790,-335.350,297.210,-177.750,-1.110,-114.410,1,-0.0259,0.0095,-0.0095,0
7449843,-0.173,-0.136,0.046,-0.007,0.007,-0.004,-83.790,-335.350,297.210,-177.750,-1.110,-114.410,1,-0.0259,0.0095,-0.0095,0
7449984,-0.177,-0.129,0.006,-0.007,0.007,-0.003,-83.790,-335.350,297.210,-177.750,-1.110,-114.410,1,-0.0259,0.0095,-0.0095,0
7450031,-0.169,-0.139,0.032,-0.008,0.007,-0.004,-83.790,-335.350,297.210,-177.750,-1.110,-114.410,1,-0.0259,0.0095,-0.0095,0
7450078,-0.181,-0.134,0.020,-0.007,0.008,-0.003,-83.790,-335.350,297.210,-177.750,-1.110,-114.410,1,-0.0259,0.0095,-0.0095,0
7450156,-0.161,-0.136,0.021,-0.008,0.008,-0.004,-83.790,-335.350,297.210,-177.750,-1.110,-114.410,1,-0.0259,0.0095,-0.0095,0
7450296,-0.195,-0.130,0.010,-0.007,0.008,-0.002,-83.790,-335.350,297.210,-177.750,-1.110,-114.410,1,-0.0259,0.0095,-0.0095,0
7450390,-0.170,-0.137,0.042,-0.008,0.007,-0.004,-83.790,-335.350,297.210,-177.750,-1.110,-114.410,1,-0.0259,0.0095,-0.0095,0
7450500,-0.174,-0.158,0.032,-0.008,0.007,-0.005,-83.790,-335.350,297.210,-177.750,-1.110,-114.410,1,-0.0259,0.0095,-0.0095,0
7450578,-0.185,-0.136,0.011,-0.007,0.008,-0.003,-83.790,-335.350,297.210,-177.750,-1.110,-114.410,1,-0.0259,0.0095,-0.0095,0
7450671,-0.183,-0.139,0.027,-0.007,0.008,-0.003,-83.790,-335.350,297.210,-177.750,-1.110,-114.410,1,-0.0259,0.0095,-0.0095,0
7450750,-0.197,-0.120,0.047,-0.007,0.008,-0.003,-83.790,-335.350,297.210,-177.750,-1.110,-114.410,1,-0.0259,0.0095,-0.0095,0
7450828,-0.196,-0.114,0.013,-0.006,0.007,-0.002,-83.790,-335.350,297.210,-177.750,-1.110,-114.410,1,-0.0259,0.0095,-0.0095,0
7450937,-0.167,-0.131,0.025,-0.007,0.007,-0.003,-83.790,-335.350,297.210,-177.750,-1.110,-114.410,1,-0.0259,0.0095,-0.0095,0
7451046,-0.181,-0.126,0.009,-0.007,0.007,-0.003,-83.790,-335.350,297.210,-177.750,-1.110,-114.410,1,-0.0259,0.0095,-0.0095,0
7451187,-0.179,-0.132,0.033,-0.007,0.008,-0.004,-83.790,-335.350,297.210,-177.750,-1.110,-114.410,1,-0.0259,0.0095,-0.0095,0
7451234,-0.201,-0.140,0.028,-0.006,0.008,-0.002,-83.790,-335.350,297.210,-177.750,-1.110,-114.410,1,-0.0259,0.0095,-0.0095,0
7451281,-0.191,-0.139,0.026,-0.007,0.008,-0.003,-83.790,-335.350,297.210,-177.750,-1.110,-114.410,1,-0.0259,0.0095,-0.0095,0
7451359,-0.192,-0.132,-0.041,-0.008,0.007,-0.002,-83.790,-335.350,297.210,-177.750,-1.110,-114.410,1,-0.0259,0.0095,-0.0095,0
7451500,-0.186,-0.129,0.015,-0.007,0.008,-0.002,-83.790,-335.350,297.210,-177.750,-1.110,-114.410,1,-0.0259,0.0095,-0.0095,0
7451593,-0.180,-0.133,0.017,-0.007,0.008,-0.003,-83.790,-335.350,297.210,-177.750,-1.110,-114.410,1,-0.0259,0.0095,-0.0095,0
7451703,-0.191,-0.127,0.006,-0.006,0.008,-0.002,-83.790,-335.350,297.210,-177.750,-1.110,-114.410,1,-0.0259,0.0095,-0.0095,0
7451781,-0.190,-0.129,0.007,-0.007,0.008,-0.002,-83.790,-335.350,297.210,-177.750,-1.110,-114.410,1,-0.0259,0.0095,-0.0095,0
7451859,-0.187,-0.143,0.047,-0.007,0.008,-0.003,-83.790,-335.350,297.210,-177.750,-1.110,-114.410,1,-0.0259,0.0095,-0.0095,0
7451937,-0.202,-0.142,0.021,-0.008,0.008,-0.003,-83.790,-335.350,297.210,-177.750,-1.110,-114.410,1,-0.0259,0.0095,-0.0095,0
7452015,-0.177,-0.125,0.059,-0.007,0.008,-0.004,-83.790,-335.350,297.210,-177.750,-1.110,-114.410,1,-0.0259,0.0095,-0.0095,0
7452125,-0.196,-0.137,0.014,-0.007,0.008,-0.003,-83.790,-335.350,297.210,-177.750,-1.110,-114.410,1,-0.0259,0.0095,-0.0095,0
7452234,-0.194,-0.130,0.003,-0.007,0.008,-0.003,-83.790,-335.350,297.210,-177.750,-1.110,-114.410,1,-0.0259,0.0095,-0.0095,0
7452390,-0.191,-0.126,0.007,-0.006,0.008,-0.002,-83.790,-335.350,297.210,-177.750,-1.110,-114.410,1,-0.0259,0.0095,-0.0095,0
7452437,-0.189,-0.128,0.019,-0.007,0.008,-0.003,-83.790,-335.350,297.210,-177.750,-1.110,-114.410,1,-0.0259,0.0095,-0.0095,0
7452484,-0.160,-0.147,0.049,-0.008,0.007,-0.005,-83.790,-335.350,297.210,-177.750,-1.110,-114.410,1,-0.0259,0.0095,-0.0095,0
7452562,-0.173,-0.142,0.037,-0.007,0.008,-0.004,-83.790,-335.350,297.210,-177.750,-1.110,-114.410,1,-0.0259,0.0095,-0.0095,0
7452687,-0.176,-0.142,0.027,-0.007,0.007,-0.004,-83.790,-335.350,297.210,-177.750,-1.110,-114.410,1,-0.0259,0.0095,-0.0095,0
7452796,-0.186,-0.137,0.039,-0.007,0.008,-0.004,-83.790,-335.350,297.210,-177.750,-1.110,-114.410,1,-0.0259,0.0095,-0.0095,0
7452890,-0.199,-0.123,0.019,-0.007,0.008,-0.003,-83.790,-335.350,297.210,-177.750,-1.110,-114.410,1,-0.0259,0.0095,-0.0095,0
7452984,-0.190,-0.135,0.002,-0.007,0.007,-0.002,-83.790,-335.350,297.210,-177.750,-1.110,-114.410,1,-0.0259,0.0095,-0.0095,0
7453078,-0.203,-0.128,0.010,-0.006,0.008,-0.001,-83.790,-335.350,297.210,-177.750,-1.110,-114.410,1,-0.0259,0.0095,-0.0095,0
7453156,-0.184,-0.143,0.036,-0.008,0.008,-0.004,-83.790,-335.350,297.210,-177.750,-1.110,-114.410,1,-0.0259,0.0095,-0.0095,0
7453234,-0.171,-0.135,0.031,-0.008,0.008,-0.004,-83.790,-335.350,297.210,-177.750,-1.110,-114.410,1,-0.0259,0.0095,-0.0095,0
7453343,-0.199,-0.141,0.011,-0.007,0.008,-0.002,-83.790,-335.350,297.210,-177.750,-1.110,-114.410,1,-0.0259,0.0095,-0.0095,0
7453453,-0.175,-0.136,0.036,-0.007,0.007,-0.004,-83.790,-335.350,297.210,-177.750,-1.110,-114.410,1,-0.0259,0.0095,-0.0095,0
7453593,-0.185,-0.138,0.032,-0.007,0.008,-0.003,-83.790,-335.350,297.210,-177.750,-1.110,-114.410,1,-0.0259,0.0095,-0.0095,0
7453640,-0.191,-0.137,0.033,-0.007,0.008,-0.003,-83.790,-335.350,297.210,-177.750,-1.110,-114.410,1,-0.0259,0.0095,-0.0095,0
7453687,-0.186,-0.142,0.036,-0.007,0.008,-0.004,-83.790,-335.350,297.210,-177.750,-1.110,-114.410,1,-0.0259,0.0095,-0.0095,0
7453765,-0.192,-0.143,0.015,-0.007,0.007,-0.003,-83.790,-335.350,297.210,-177.750,-1.110,-114.410,1,-0.0259,0.0095,-0.0095,0
7453906,-0.194,-0.133,0.011,-0.007,0.008,-0.002,-83.790,-335.350,297.210,-177.750,-1.110,-114.410,1,-0.0259,0.0095,-0.0095,0
7454000,-0.188,-0.134,0.028,-0.008,0.008,-0.003,-83.790,-335.350,297.210,-177.750,-1.110,-114.410,1,-0.0259,0.0095,-0.0095,0
7454109,-0.174,-0.148,0.038,-0.008,0.007,-0.004,-83.790,-335.350,297.210,-177.750,-1.110,-114.410,1,-0.0259,0.0095,-0.0095,0
7454187,-0.195,-0.140,-0.001,-0.007,0.008,-0.002,-83.790,-335.350,297.210,-177.750,-1.110,-114.410,1,-0.0259,0.0095,-0.0095,0
7454265,-0.225,-0.148,0.030,-0.006,0.009,-0.003,-83.790,-335.350,297.210,-177.750,-1.110,-114.410,1,-0.0259,0.0095,-0.0095,0
7454359,-0.195,-0.156,0.025,-0.007,0.008,-0.004,-83.790,-335.350,297.210,-177.750,-1.110,-114.410,1,-0.0259,0.0095,-0.0095,0
7454437,-0.179,-0.151,0.041,-0.008,0.007,-0.004,-83.790,-335.350,297.210,-177.750,-1.110,-114.410,1,-0.0259,0.0095,-0.0095,0
7454546,-0.206,-0.123,-0.018,-0.007,0.008,-0.001,-83.790,-335.350,297.210,-177.750,-1.110,-114.410,1,-0.0259,0.0095,-0.0095,0
7454640,-0.184,-0.139,0.002,-0.008,0.007,-0.002,-83.790,-335.350,297.210,-177.750,-1.110,-114.410,1,-0.0259,0.0095,-0.0095,0
7454781,-0.182,-0.131,0.021,-0.007,0.007,-0.003,-83.790,-335.350,297.210,-177.750,-1.110,-114.410,1,-0.0259,0.0095,-0.0095,0
7454828,-0.180,-0.131,0.018,-0.007,0.007,-0.003,-83.790,-335.350,297.210,-177.750,-1.110,-114.410,1,-0.0259,0.0095,-0.0095,0
7454875,-0.181,-0.133,0.022,-0.008,0.007,-0.004,-83.790,-335.350,297.210,-177.750,-1.110,-114.410,1,-0.0259,0.0095,-0.0095,0
7454953,-0.188,-0.130,0.011,-0.007,0.008,-0.003,-83.790,-335.350,297.210,-177.750,-1.110,-114.410,1,-0.0259,0.0095,-0.0095,0
7455093,-0.161,-0.145,0.045,-0.008,0.007,-0.005,-83.790,-335.350,297.210,-177.750,-1.110,-114.410,1,-0.0259,0.0095,-0.0095,0
7455187,-0.186,-0.127,0.026,-0.007,0.008,-0.002,-83.790,-335.350,297.210,-177.750,-1.110,-114.410,1,-0.0259,0.0095,-0.0095,0
7455296,-0.192,-0.127,0.010,-0.007,0.008,-0.002,-83.790,-335.350,297.210,-177.750,-1.110,-114.410,1,-0.0259,0.0095,-0.0095,0
7455375,-0.175,-0.133,0.053,-0.007,0.007,-0.005,-83.790,-335.350,297.210,-177.750,-1.110,-114.410,1,-0.0259,0.0095,-0.0095,0
7455468,-0.186,-0.131,0.042,-0.007,0.007,-0.004,-83.790,-335.350,297.210,-177.750,-1.110,-114.410,1,-0.0259,0.0095,-0.0095,0
7455546,-0.192,-0.124,0.025,-0.007,0.008,-0.002,-83.790,-335.350,297.210,-177.750,-1.110,-114.410,1,-0.0259,0.0095,-0.0095,0
7455625,-0.169,-0.134,0.049,-0.007,0.007,-0.005,-83.790,-335.350,297.210,-177.750,-1.110,-114.410,1,-0.0259,0.0095,-0.0095,0
7455734,-0.161,-0.137,0.049,-0.008,0.007,-0.005,-83.790,-335.350,297.210,-177.750,-1.110,-114.410,1,-0.0259,0.0095,-0.0095,0
7455843,-0.185,-0.134,0.003,-0.007,0.008,-0.002,-83.790,-335.350,297.210,-177.750,-1.110,-114.410,1,-0.0259,0.0095,-0.0095,0
7455984,-0.164,-0.143,0.067,-0.008,0.007,-0.006,-83.790,-335.350,297.210,-177.750,-1.110,-114.410,1,-0.0259,0.0095,-0.0095,0
7456031,-0.159,-0.153,0.086,-0.008,0.007,-0.006,-83.790,-335.350,297.210,-177.750,-1.110,-114.410,1,-0.0259,0.0095,-0.0095,0
7456078,-0.168,-0.146,0.062,-0.008,0.007,-0.005,-83.790,-335.350,297.210,-177.750,-1.110,-114.410,1,-0.0259,0.0095,-0.0095,0
7456156,-0.177,-0.132,0.030,-0.007,0.007,-0.003,-83.790,-335.350,297.210,-177.750,-1.110,-114.410,1,-0.0259,0.0095,-0.0095,0
7456296,-0.167,-0.136,0.040,-0.007,0.007,-0.004,-83.790,-335.350,297.210,-177.750,-1.110,-114.410,1,-0.0259,0.0095,-0.0095,0
7456390,-0.186,-0.130,-0.011,-0.007,0.008,-0.002,-83.790,-335.350,297.210,-177.750,-1.110,-114.410,1,-0.0259,0.0095,-0.0095,0
7456500,-0.173,-0.131,0.018,-0.007,0.007,-0.003,-83.790,-335.350,297.210,-177.750,-1.110,-114.410,1,-0.0259,0.0095,-0.0095,0
7456578,-0.175,-0.132,0.036,-0.007,0.007,-0.004,-83.790,-335.350,297.210,-177.750,-1.110,-114.410,1,-0.0259,0.0095,-0.0095,0
7456671,-0.201,-0.125,-0.001,-0.007,0.008,-0.002,-83.790,-335.350,297.210,-177.750,-1.110,-114.410,1,-0.0259,0.0095,-0.0095,0
7456750,-0.163,-0.160,0.039,-0.008,0.007,-0.005,-83.790,-335.350,297.210,-177.750,-1.110,-114.410,1,-0.0259,0.0095,-0.0095,0
7456828,-0.183,-0.131,0.010,-0.007,0.007,-0.003,-83.790,-335.350,297.210,-177.750,-1.110,-114.410,1,-0.0259,0.0095,-0.0095,0
7456937,-0.187,-0.122,0.014,-0.007,0.008,-0.003,-83.790,-335.350,297.210,-177.750,-1.110,-114.410,1,-0.0259,0.0095,-0.0095,0
7457046,-0.183,-0.133,0.043,-0.007,0.007,-0.004,-83.790,-335.350,297.210,-177.750,-1.110,-114.410,1,-0.0259,0.0095,-0.0095,0
7457187,-0.185,-0.125,0.025,-0.007,0.008,-0.003,-83.790,-335.350,297.210,-177.750,-1.110,-114.410,1,-0.0259,0.0095,-0.0095,0
7457234,-0.186,-0.122,0.015,-0.007,0.008,-0.003,-83.790,-335.350,297.210,-177.750,-1.110,-114.410,1,-0.0259,0.0095,-0.0095,0
7457281,-0.189,-0.122,-0.000,-0.007,0.008,-0.002,-83.790,-335.350,297.210,-177.750,-1.110,-114.410,1,-0.0259,0.0095,-0.0095,0
7457359,-0.171,-0.118,0.019,-0.007,0.007,-0.003,-83.790,-335.350,297.210,-177.750,-1.110,-114.410,1,-0.0259,0.0095,-0.0095,0
7457500,-0.181,-0.123,0.025,-0.006,0.008,-0.002,-83.790,-335.350,297.210,-177.750,-1.110,-114.410,1,-0.0259,0.0095,-0.0095,0
7457593,-0.190,-0.120,-0.030,-0.007,0.008,-0.002,-83.790,-335.350,297.210,-177.750,-1.110,-114.410,1,-0.0259,0.0095,-0.0095,0
7457703,-0.167,-0.134,0.043,-0.008,0.007,-0.005,-83.790,-335.350,297.210,-177.750,-1.110,-114.410,1,-0.0259,0.0095,-0.0095,0
7457781,-0.171,-0.120,0.003,-0.007,0.007,-0.003,-83.790,-335.350,297.210,-177.750,-1.110,-114.410,1,-0.0259,0.0095,-0.0095,0
7457875,-0.171,-0.124,0.020,-0.007,0.007,-0.003,-83.790,-335.350,297.210,-177.750,-1.110,-114.410,1,-0.0259,0.0095,-0.0095,0
7457953,-0.191,-0.125,0.007,-0.006,0.008,-0.002,-83.790,-335.350,297.210,-177.750,-1.110,-114.410,1,-0.0259,0.0095,-0.0095,0
7458031,-0.176,-0.139,0.053,-0.008,0.007,-0.005,-83.790,-335.350,297.210,-177.750,-1.110,-114.410,1,-0.0259,0.0095,-0.0095,0
7458140,-0.198,-0.142,0.002,-0.007,0.008,-0.003,-83.790,-335.350,297.210,-177.750,-1.110,-114.410,1,-0.0259,0.0095,-0.0095,0
7458250,-0.175,-0.129,0.030,-0.007,0.007,-0.003,-83.790,-335.350,297.210,-177.750,-1.110,-114.410,1,-0.0259,0.0095,-0.0095,0
7458390,-0.182,-0.121,0.014,-0.006,0.007,-0.002,-83.790,-335.350,297.210,-177.750,-1.110,-114.410,1,-0.0259,0.0095,-0.0095,0
7458437,-0.184,-0.116,0.009,-0.007,0.007,-0.002,-83.790,-335.350,297.210,-177.750,-1.110,-114.410,1,-0.0259,0.0095,-0.0095,0
7458484,-0.187,-0.117,0.014,-0.007,0.007,-0.003,-83.790,-335.350,297.210,-177.750,-1.110,-114.410,1,-0.0259,0.0095,-0.0095,0
7458562,-0.189,-0.123,0.026,-0.007,0.007,-0.004,-83.790,-335.350,297.210,-177.750,-1.110,-114.410,1,-0.0259,0.0095,-0.0095,0
7458703,-0.176,-0.127,0.020,-0.007,0.007,-0.004,-83.790,-335.350,297.210,-177.750,-1.110,-114.410,1,-0.0259,0.0095,-0.0095,0
7458796,-0.200,-0.119,0.005,-0.006,0.008,-0.002,-83.790,-335.350,297.210,-177.750,-1.110,-114.410,1,-0.0259,0.0095,-0.0095,0
7458906,-0.170,-0.112,0.071,-0.007,0.007,-0.005,-83.790,-335.350,297.210,-177.750,-1.110,-114.410,1,-0.0259,0.0095,-0.0095,0
7458984,-0.176,-0.127,0.048,-0.007,0.007,-0.004,-83.790,-335.350,297.210,-177.750,-1.110,-114.410,1,-0.0259,0.0095,-0.0095,0
7459078,-0.192,-0.115,-0.019,-0.007,0.008,-0.002,-83.790,-335.350,297.210,-177.750,-1.110,-114.410,1,-0.0259,0.0095,-0.0095,0
7459156,-0.201,-0.103,-0.004,-0.006,0.008,-0.002,-83.790,-335.350,297.210,-177.750,-1.110,-114.410,1,-0.0259,0.0095,-0.0095,0
7459234,-0.187,-0.112,0.027,-0.006,0.008,-0.003,-83.790,-335.350,297.210,-177.750,-1.110,-114.410,1,-0.0259,0.0095,-0.0095,0
7459343,-0.167,-0.124,0.074,-0.008,0.007,-0.005,-83.790,-335.350,297.210,-177.750,-1.110,-114.410,1,-0.0259,0.0095,-0.0095,0
7459453,-0.193,-0.120,-0.018,-0.007,0.008,-0.002,-83.790,-335.350,297.210,-177.750,-1.110,-114.410,1,-0.0259,0.0095,-0.0095,0
7459593,-0.177,-0.121,0.038,-0.007,0.007,-0.004,-83.790,-335.350,297.210,-177.750,-1.110,-114.410,1,-0.0259,0.0095,-0.0095,0
7459640,-0.163,-0.123,0.059,-0.007,0.007,-0.005,-83.790,-335.350,297.210,-177.750,-1.110,-114.410,1,-0.0259,0.0095,-0.0095,0
7459687,-0.179,-0.120,0.031,-0.007,0.007,-0.004,-83.790,-335.350,297.210,-177.750,-1.110,-114.410,1,-0.0259,0.0095,-0.0095,0
7459765,-0.194,-0.119,0.025,-0.007,0.008,-0.003,-83.790,-335.350,297.210,-177.750,-1.110,-114.410,1,-0.0259,0.0095,-0.0095,0
7459906,-0.172,-0.128,0.036,-0.008,0.007,-0.004,-83.790,-335.350,297.210,-177.750,-1.110,-114.410,1,-0.0259,0.0095,-0.0095,0
7460000,-0.182,-0.117,0.010,-0.007,0.007,-0.003,-83.790,-335.350,297.210,-177.750,-1.110,-114.410,1,-0.0259,0.0095,-0.0095,0
7460109,-0.175,-0.115,0.018,-0.007,0.007,-0.003,-83.790,-335.350,297.210,-177.750,-1.110,-114.410,1,-0.0259,0.0095,-0.0095,0
7460187,-0.190,-0.122,-0.012,-0.007,0.008,-0.002,-83.790,-335.350,297.210,-177.750,-1.110,-114.410,1,-0.0259,0.0095,-0.0095,0
7460281,-0.179,-0.127,0.030,-0.007,0.007,-0.004,-83.790,-335.350,297.210,-177.750,-1.110,-114.410,1,-0.0259,0.0095,-0.0095,0
7460359,-0.197,-0.126,-0.009,-0.007,0.008,-0.003,-83.790,-335.350,297.210,-177.750,-1.110,-114.410,1,-0.0259,0.0095,-0.0095,0
7460437,-0.176,-0.139,0.044,-0.008,0.007,-0.004,-83.790,-335.350,297.210,-177.750,-1.110,-114.410,1,-0.0259,0.0095,-0.0095,0
7460546,-0.190,-0.120,0.039,-0.006,0.008,-0.003,-83.790,-335.350,297.210,-177.750,-1.110,-114.410,1,-0.0259,0.0095,-0.0095,0
7460656,-0.190,-0.116,0.010,-0.006,0.008,-0.002,-83.790,-335.350,297.210,-177.750,-1.110,-114.410,1,-0.0259,0.0095,-0.0095,0
7460796,-0.196,-0.111,-0.006,-0.007,0.008,-0.002,-83.790,-335.350,297.210,-177.750,-1.110,-114.410,1,-0.0259,0.0095,-0.0095,0
7460843,-0.181,-0.126,0.030,-0.007,0.007,-0.004,-83.790,-335.350,297.210,-177.750,-1.110,-114.410,1,-0.0259,0.0095,-0.0095,0
7460890,-0.171,-0.131,0.037,-0.007,0.007,-0.004,-83.790,-335.350,297.210,-177.750,-1.110,-114.410,1,-0.0259,0.0095,-0.0095,0
7460968,-0.207,-0.125,0.019,-0.006,0.008,-0.003,-83.790,-335.350,297.210,-177.750,-1.110,-114.410,1,-0.0259,0.0095,-0.0095,0
7461109,-0.199,-0.111,-0.057,-0.006,0.008,-0.000,-83.790,-335.350,297.210,-177.750,-1.110,-114.410,1,-0.0259,0.0095,-0.0095,0
7461203,-0.177,-0.137,0.004,-0.008,0.007,-0.004,-83.790,-335.350,297.210,-177.750,-1.110,-114.410,1,-0.0259,0.0095,-0.0095,0
7461312,-0.183,-0.132,0.032,-0.007,0.007,-0.003,-83.790,-335.350,297.210,-177.750,-1.110,-114.410,1,-0.0259,0.0095,-0.0095,0
7461390,-0.191,-0.125,0.009,-0.007,0.008,-0.002,-83.790,-335.350,297.210,-177.750,-1.110,-114.410,1,-0.0259,0.0095,-0.0095,0
7461484,-0.190,-0.123,0.016,-0.006,0.008,-0.002,-83.790,-335.350,297.210,-177.750,-1.110,-114.410,1,-0.0259,0.0095,-0.0095,0
7461562,-0.190,-0.124,0.017,-0.006,0.008,-0.002,-83.790,-335.350,297.210,-177.750,-1.110,-114.410,1,-0.0259,0.0095,-0.0095,0
7461640,-0.189,-0.114,0.019,-0.006,0.008,-0.002,-83.790,-335.350,297.210,-177.750,-1.110,-114.410,1,-0.0259,0.0095,-0.0095,0
7461750,-0.176,-0.118,0.025,-0.007,0.007,-0.004,-83.790,-335.350,297.210,-177.750,-1.110,-114.410,1,-0.0259,0.0095,-0.0095,0
7461859,-0.191,-0.131,0.007,-0.007,0.008,-0.002,-83.790,-335.350,297.210,-177.750,-1.110,-114.410,1,-0.0259,0.0095,-0.0095,0
7462000,-0.197,-0.109,0.015,-0.006,0.008,-0.002,-83.790,-335.350,297.210,-177.750,-1.110,-114.410,1,-0.0259,0.0095,-0.0095,0
7462046,-0.194,-0.108,0.022,-0.006,0.008,-0.002,-83.790,-335.350,297.210,-177.750,-1.110,-114.410,1,-0.0259,0.0095,-0.0095,0
7462093,-0.184,-0.125,0.030,-0.007,0.008,-0.003,-83.790,-335.350,297.210,-177.750,-1.110,-114.410,1,-0.0259,0.0095,-0.0095,0
7462171,-0.193,-0.118,0.042,-0.006,0.008,-0.003,-83.790,-335.350,297.210,-177.750,-1.110,-114.410,1,-0.0259,0.0095,-0.0095,0
7462312,-0.174,-0.119,0.007,-0.007,0.007,-0.003,-83.790,-335.350,297.210,-177.750,-1.110,-114.410,1,-0.0259,0.0095,-0.0095,0
7462406,-0.180,-0.128,0.019,-0.007,0.007,-0.003,-83.790,-335.350,297.210,-177.750,-1.110,-114.410,1,-0.0259,0.0095,-0.0095,0
7462515,-0.200,-0.112,0.014,-0.006,0.008,-0.002,-83.790,-335.350,297.210,-177.750,-1.110,-114.410,1,-0.0259,0.0095,-0.0095,0
7462593,-0.200,-0.129,0.047,-0.007,0.008,-0.004,-83.790,-335.350,297.210,-177.750,-1.110,-114.410,1,-0.0259,0.0095,-0.0095,0
7462687,-0.182,-0.131,0.035,-0.008,0.008,-0.004,-83.790,-335.350,297.210,-177.750,-1.110,-114.410,1,-0.0259,0.0095,-0.0095,0
7462765,-0.197,-0.114,0.030,-0.007,0.008,-0.003,-83.790,-335.350,297.210,-177.750,-1.110,-114.410,1,-0.0259,0.0095,-0.0095,0
7462843,-0.198,-0.112,0.027,-0.006,0.008,-0.002,-83.790,-335.350,297.210,-177.750,-1.110,-114.410,1,-0.0259,0.0095,-0.0095,0
7462953,-0.194,-0.115,0.026,-0.007,0.008,-0.003,-83.790,-335.350,297.210,-177.750,-1.110,-114.410,1,-0.0259,0.0095,-0.0095,0
7463062,-0.179,-0.129,0.050,-0.007,0.007,-0.004,-83.790,-335.350,297.210,-177.750,-1.110,-114.410,1,-0.0259,0.0095,-0.0095,0
7463203,-0.193,-0.132,0.044,-0.007,0.008,-0.004,-83.790,-335.350,297.210,-177.750,-1.110,-114.410,1,-0.0259,0.0095,-0.0095,0
7463250,-0.196,-0.131,0.040,-0.007,0.008,-0.003,-83.790,-335.350,297.210,-177.750,-1.110,-114.410,1,-0.0259,0.0095,-0.0095,0
7463296,-0.192,-0.130,0.037,-0.007,0.008,-0.003,-83.790,-335.350,297.210,-177.750,-1.110,-114.410,1,-0.0259,0.0095,-0.0095,0
7463375,-0.207,-0.138,0.020,-0.007,0.008,-0.002,-83.790,-335.350,297.210,-177.750,-1.110,-114.410,1,-0.0259,0.0095,-0.0095,0
7463515,-0.202,-0.112,0.026,-0.007,0.008,-0.002,-83.790,-335.350,297.210,-177.750,-1.110,-114.410,1,-0.0259,0.0095,-0.0095,0
7463609,-0.188,-0.119,0.033,-0.007,0.008,-0.003,-83.790,-335.350,297.210,-177.750,-1.110,-114.410,1,-0.0259,0.0095,-0.0095,0
7463718,-0.177,-0.127,0.053,-0.007,0.007,-0.004,-83.790,-335.350,297.210,-177.750,-1.110,-114.410,1,-0.0259,0.0095,-0.0095,0
7463796,-0.174,-0.127,0.028,-0.008,0.007,-0.005,-83.790,-335.350,297.210,-177.750,-1.110,-114.410,1,-0.0259,0.0095,-0.0095,0
7463890,-0.203,-0.122,0.011,-0.007,0.008,-0.002,-83.790,-335.350,297.210,-177.750,-1.110,-114.410,1,-0.0259,0.0095,-0.0095,0
7463968,-0.202,-0.124,0.009,-0.007,0.008,-0.002,-83.790,-335.350,297.210,-177.750,-1.110,-114.410,1,-0.0259,0.0095,-0.0095,0
7464046,-0.202,-0.131,0.034,-0.007,0.008,-0.003,-83.790,-335.350,297.210,-177.750,-1.110,-114.410,1,-0.0259,0.0095,-0.0095,0
7464156,-0.209,-0.144,0.084,-0.007,0.009,-0.005,-83.790,-335.350,297.210,-177.750,-1.110,-114.410,1,-0.0259,0.0095,-0.0095,0
7464265,-0.202,-0.114,0.030,-0.007,0.008,-0.003,-83.790,-335.350,297.210,-177.750,-1.110,-114.410,1,-0.0259,0.0095,-0.0095,0
7464406,-0.195,-0.121,0.015,-0.007,0.008,-0.003,-83.790,-335.350,297.210,-177.750,-1.110,-114.410,1,-0.0259,0.0095,-0.0095,0
7464453,-0.206,-0.111,0.009,-0.006,0.008,-0.002,-83.790,-335.350,297.210,-177.750,-1.110,-114.410,1,-0.0259,0.0095,-0.0095,0
7464500,-0.209,-0.108,0.018,-0.006,0.007,-0.002,-83.790,-335.350,297.210,-177.750,-1.110,-114.410,1,-0.0259,0.0095,-0.0095,0
7464578,-0.198,-0.117,0.021,-0.007,0.008,-0.003,-83.790,-335.350,297.210,-177.750,-1.110,-114.410,1,-0.0259,0.0095,-0.0095,0
7464718,-0.187,-0.120,0.022,-0.008,0.007,-0.004,-83.790,-335.350,297.210,-177.750,-1.110,-114.410,1,-0.0259,0.0095,-0.0095,0
7464812,-0.232,-0.115,0.030,-0.006,0.009,-0.003,-83.790,-335.350,297.210,-177.750,-1.110,-114.410,1,-0.0259,0.0095,-0.0095,0
7464921,-0.213,-0.125,0.021,-0.007,0.008,-0.003,-83.790,-335.350,297.210,-177.750,-1.110,-114.410,1,-0.0259,0.0095,-0.0095,0
7465000,-0.193,-0.121,0.042,-0.007,0.008,-0.004,-83.790,-335.350,297.210,-177.750,-1.110,-114.410,1,-0.0259,0.0095,-0.0095,0
7465093,-0.200,-0.108,0.008,-0.006,0.008,-0.001,-83.790,-335.350,297.210,-177.750,-1.110,-114.410,1,-0.0259,0.0095,-0.0095,0
7465171,-0.188,-0.128,0.046,-0.007,0.008,-0.004,-83.790,-335.350,297.210,-177.750,-1.110,-114.410,1,-0.0259,0.0095,-0.0095,0
7465250,-0.192,-0.122,0.032,-0.007,0.008,-0.004,-83.790,-335.350,297.210,-177.750,-1.110,-114.410,1,-0.0259,0.0095,-0.0095,0
7465359,-0.198,-0.118,0.007,-0.007,0.008,-0.003,-83.790,-335.350,297.210,-177.750,-1.110,-114.410,1,-0.0259,0.0095,-0.0095,0
7465468,-0.194,-0.117,0.011,-0.007,0.008,-0.003,-83.790,-335.350,297.210,-177.750,-1.110,-114.410,1,-0.0259,0.0095,-0.0095,0
7465609,-0.206,-0.132,0.050,-0.007,0.008,-0.003,-83.790,-335.350,297.210,-177.750,-1.110,-114.410,1,-0.0259,0.0095,-0.0095,0
7465656,-0.209,-0.133,0.025,-0.007,0.008,-0.003,-83.790,-335.350,297.210,-177.750,-1.110,-114.410,1,-0.0259,0.0095,-0.0095,0
7465703,-0.205,-0.125,0.015,-0.007,0.008,-0.003,-83.790,-335.350,297.210,-177.750,-1.110,-114.410,1,-0.0259,0.0095,-0.0095,0
7465781,-0.196,-0.115,0.038,-0.007,0.008,-0.003,-83.790,-335.350,297.210,-177.750,-1.110,-114.410,1,-0.0259,0.0095,-0.0095,0
7465921,-0.201,-0.107,0.015,-0.006,0.008,-0.003,-83.790,-335.350,297.210,-177.750,-1.110,-114.410,1,-0.0259,0.0095,-0.0095,0
7466015,-0.207,-0.115,0.031,-0.007,0.008,-0.003,-83.790,-335.350,297.210,-177.750,-1.110,-114.410,1,-0.0259,0.0095,-0.0095,0
7466125,-0.204,-0.121,0.019,-0.007,0.008,-0.003,-83.790,-335.350,297.210,-177.750,-1.110,-114.410,1,-0.0259,0.0095,-0.0095,0
7466203,-0.213,-0.120,0.018,-0.007,0.008,-0.002,-83.790,-335.350,297.210,-177.750,-1.110,-114.410,1,-0.0259,0.0095,-0.0095,0
7466296,-0.212,-0.119,0.003,-0.007,0.008,-0.002,-83.790,-335.350,297.210,-177.750,-1.110,-114.410,1,-0.0259,0.0095,-0.0095,0
7466375,-0.217,-0.126,0.038,-0.007,0.009,-0.004,-83.790,-335.350,297.210,-177.750,-1.110,-114.410,1,-0.0259,0.0095,-0.0095,0
7466453,-0.221,-0.108,-0.011,-0.007,0.009,-0.001,-83.790,-335.350,297.210,-177.750,-1.110,-114.410,1,-0.0259,0.0095,-0.0095,0
7466562,-0.183,-0.119,0.056,-0.007,0.007,-0.004,-83.790,-335.350,297.210,-177.750,-1.110,-114.410,1,-0.0259,0.0095,-0.0095,0
7466671,-0.190,-0.110,0.030,-0.007,0.007,-0.003,-83.790,-335.350,297.210,-177.750,-1.110,-114.410,1,-0.0259,0.0095,-0.0095,0
7466812,-0.190,-0.121,0.025,-0.007,0.008,-0.004,-83.790,-335.350,297.210,-177.750,-1.110,-114.410,1,-0.0259,0.0095,-0.0095,0
7466859,-0.190,-0.120,0.005,-0.007,0.007,-0.003,-83.790,-335.350,297.210,-177.750,-1.110,-114.410,1,-0.0259,0.0095,-0.0095,0
7466906,-0.204,-0.115,0.009,-0.007,0.008,-0.003,-83.790,-335.350,297.210,-177.750,-1.110,-114.410,1,-0.0259,0.0095,-0.0095,0
7466984,-0.232,-0.114,0.029,-0.007,0.009,-0.003,-83.790,-335.350,297.210,-177.750,-1.110,-114.410,1,-0.0259,0.0095,-0.0095,0
7467125,-0.203,-0.139,0.082,-0.007,0.008,-0.004,-83.790,-335.350,297.210,-177.750,-1.110,-114.410,1,-0.0259,0.0095,-0.0095,0
7467218,-0.182,-0.116,0.019,-0.008,0.007,-0.004,-83.790,-335.350,297.210,-177.750,-1.110,-114.410,1,-0.0259,0.0095,-0.0095,0
7467328,-0.189,-0.127,0.039,-0.008,0.008,-0.004,-83.790,-335.350,297.210,-177.750,-1.110,-114.410,1,-0.0259,0.0095,-0.0095,0
7467406,-0.195,-0.120,0.014,-0.007,0.008,-0.002,-83.790,-335.350,297.210,-177.750,-1.110,-114.410,1,-0.0259,0.0095,-0.0095,0
7467500,-0.184,-0.128,0.035,-0.008,0.007,-0.004,-83.790,-335.350,297.210,-177.750,-1.110,-114.410,1,-0.0259,0.0095,-0.0095,0
7467578,-0.185,-0.125,0.017,-0.007,0.007,-0.004,-83.790,-335.350,297.210,-177.750,-1.110,-114.410,1,-0.0259,0.0095,-0.0095,0
7467656,-0.200,-0.127,0.036,-0.007,0.008,-0.003,-83.790,-335.350,297.210,-177.750,-1.110,-114.410,1,-0.0259,0.0095,-0.0095,0
7467765,-0.210,-0.139,0.047,-0.007,0.008,-0.003,-83.790,-335.350,297.210,-177.750,-1.110,-114.410,1,-0.0259,0.0095,-0.0095,0
7467875,-0.192,-0.133,0.031,-0.008,0.008,-0.004,-83.790,-335.350,297.210,-177.750,-1.110,-114.410,1,-0.0259,0.0095,-0.0095,0
7468015,-0.192,-0.110,0.067,-0.007,0.008,-0.004,-83.790,-335.350,297.210,-177.750,-1.110,-114.410,1,-0.0259,0.0095,-0.0095,0
7468062,-0.196,-0.109,0.035,-0.007,0.008,-0.003,-83.790,-335.350,297.210,-177.750,-1.110,-114.410,1,-0.0259,0.0095,-0.0095,0
7468109,-0.185,-0.128,0.018,-0.008,0.007,-0.004,-83.790,-335.350,297.210,-177.750,-1.110,-114.410,1,-0.0259,0.0095,-0.0095,0
7468187,-0.193,-0.115,0.040,-0.007,0.007,-0.004,-83.790,-335.350,297.210,-177.750,-1.110,-114.410,1,-0.0259,0.0095,-0.0095,0
7468328,-0.188,-0.132,0.034,-0.008,0.008,-0.005,-83.790,-335.350,297.210,-177.750,-1.110,-114.410,1,-0.0259,0.0095,-0.0095,0
7468421,-0.200,-0.134,0.068,-0.007,0.008,-0.005,-83.790,-335.350,297.210,-177.750,-1.110,-114.410,1,-0.0259,0.0095,-0.0095,0
7468531,-0.204,-0.140,0.058,-0.007,0.008,-0.004,-83.790,-335.350,297.210,-177.750,-1.110,-114.410,1,-0.0259,0.0095,-0.0095,0
7468609,-0.224,-0.138,0.055,-0.007,0.009,-0.004,-83.790,-335.350,297.210,-177.750,-1.110,-114.410,1,-0.0259,0.0095,-0.0095,0
7468703,-0.204,-0.136,0.022,-0.008,0.008,-0.004,-83.790,-335.350,297.210,-177.750,-1.110,-114.410,1,-0.0259,0.0095,-0.0095,0
7468781,-0.197,-0.106,0.031,-0.007,0.008,-0.003,-83.790,-335.350,297.210,-177.750,-1.110,-114.410,1,-0.0259,0.0095,-0.0095,0
7468859,-0.187,-0.134,0.046,-0.008,0.008,-0.004,-83.790,-335.350,297.210,-177.750,-1.110,-114.410,1,-0.0259,0.0095,-0.0095,0
7468968,-0.188,-0.125,0.020,-0.007,0.008,-0.004,-83.790,-335.350,297.210,-177.750,-1.110,-114.410,1,-0.0259,0.0095,-0.0095,0
7469078,-0.199,-0.119,0.011,-0.007,0.008,-0.003,-83.790,-335.350,297.210,-177.750,-1.110,-114.410,1,-0.0259,0.0095,-0.0095,0
7469218,-0.191,-0.139,0.052,-0.008,0.007,-0.004,-83.790,-335.350,297.210,-177.750,-1.110,-114.410,1,-0.0259,0.0095,-0.0095,0
7469265,-0.171,-0.136,0.057,-0.008,0.007,-0.005,-83.790,-335.350,297.210,-177.750,-1.110,-114.410,1,-0.0259,0.0095,-0.0095,0
7469312,-0.197,-0.137,0.036,-0.007,0.008,-0.003,-83.790,-335.350,297.210,-177.750,-1.110,-114.410,1,-0.0259,0.0095,-0.0095,0
7469390,-0.186,-0.142,0.060,-0.008,0.008,-0.005,-83.790,-335.350,297.210,-177.750,-1.110,-114.410,1,-0.0259,0.0095,-0.0095,0
7469531,-0.191,-0.115,0.036,-0.007,0.008,-0.004,-83.790,-335.350,297.210,-177.750,-1.110,-114.410,1,-0.0259,0.0095,-0.0095,0
7469625,-0.195,-0.126,0.003,-0.008,0.008,-0.003,-83.790,-335.350,297.210,-177.750,-1.110,-114.410,1,-0.0259,0.0095,-0.0095,0
7469734,-0.189,-0.130,0.073,-0.007,0.007,-0.004,-83.790,-335.350,297.210,-177.750,-1.110,-114.410,1,-0.0259,0.0095,-0.0095,0
7469812,-0.194,-0.130,0.075,-0.007,0.007,-0.004,-83.790,-335.350,297.210,-177.750,-1.110,-114.410,1,-0.0259,0.0095,-0.0095,0
7469906,-0.188,-0.125,-0.005,-0.008,0.008,-0.003,-83.790,-335.350,297.210,-177.750,-1.110,-114.410,1,-0.0259,0.0095,-0.0095,0
7469984,-0.204,-0.129,0.051,-0.007,0.008,-0.004,-83.790,-335.350,297.210,-177.750,-1.110,-114.410,1,-0.0259,0.0095,-0.0095,0
7470062,-0.203,-0.136,0.039,-0.007,0.008,-0.004,-83.790,-335.350,297.210,-177.750,-1.110,-114.410,1,-0.0259,0.0095,-0.0095,0
7470171,-0.174,-0.119,0.038,-0.007,0.007,-0.005,-83.790,-335.350,297.210,-177.750,-1.110,-114.410,1,-0.0259,0.0095,-0.0095,0
7470281,-0.180,-0.118,0.042,-0.007,0.007,-0.004,-83.790,-335.350,297.210,-177.750,-1.110,-114.410,1,-0.0259,0.0095,-0.0095,0
7470421,-0.188,-0.125,0.003,-0.008,0.007,-0.004,-83.790,-335.350,297.210,-177.750,-1.110,-114.410,1,-0.0259,0.0095,-0.0095,0
7470468,-0.183,-0.127,0.009,-0.008,0.007,-0.004,-83.790,-335.350,297.210,-177.750,-1.110,-114.410,1,-0.0259,0.0095,-0.0095,0
7470515,-0.185,-0.135,0.030,-0.008,0.007,-0.004,-83.790,-335.350,297.210,-177.750,-1.110,-114.410,1,-0.0259,0.0095,-0.0095,0
7470593,-0.184,-0.137,0.071,-0.007,0.008,-0.005,-83.790,-335.350,297.210,-177.750,-1.110,-114.410,1,-0.0259,0.0095,-0.0095,0
7470734,-0.180,-0.131,0.032,-0.008,0.007,-0.004,-83.790,-335.350,297.210,-177.750,-1.110,-114.410,1,-0.0259,0.0095,-0.0095,0
7470828,-0.175,-0.132,0.015,-0.008,0.007,-0.004,-83.790,-335.350,297.210,-177.750,-1.110,-114.410,1,-0.0259,0.0095,-0.0095,0
7470937,-0.177,-0.128,0.011,-0.008,0.007,-0.003,-83.790,-335.350,297